报告ID,机构ID,机构英文名,国家或地区,发布日期,观察窗,报告名称,报告类型,原文链接,本地路径,正文完整度,优先级,示踪问题,机构观点等级,样本角色,编码状态,预期用途,本地原始资产路径,原始资产状态
S-FISI-2016-01,fraunhofer-isi,Fraunhofer Institute for Systems and Innovation Research ISI,德国,2016-01-01,W1,Innovation System – Thinking Broader: Five Theses Addressing Innovation Policy,政策简报,https://www.isi.fraunhofer.de/de/competence-center/politik-gesellschaft/publikationen/thesenpapiere.html,C:\Users\WINDOWS\OneDrive\知识库\智库信息爬虫\国际主要科技智库观点演变_研判\03_证据底稿\原文PDF\S-FISI-2016-01.pdf,官方PDF全文已保存,P0-anchor,T1;T2;T3;T10,L2,官方锚点,待编码,广义创新系统,,
S-CEIP-2016-01,carnegie-tech,Carnegie Endowment for International Peace,美国,2016-01-18,W1,Governing Cyberspace: A Road Map for Transatlantic Leadership,研究报告,https://carnegieendowment.org/research/2016/01/governing-cyberspace-a-road-map-for-transatlantic-leadership,C:\Users\WINDOWS\OneDrive\知识库\智库信息爬虫\国际主要科技智库观点演变_研判\03_证据底稿\原文PDF\S-CEIP-2016-01.pdf,官方PDF全文已保存,P0-anchor,T4;T7;T8,L1,官方锚点,待编码,开放网络与共同规则,,
C-MERICS-367E4FA11C,merics,MERICS Industrial Policy and Technology,德国,2016-01-19,W1,Governance through information control,MERICS研究报告,https://merics.org/en/report/governance-through-information-control,,本地原文已保存,P0-China-tech-corpus,技术地缘经济与欧洲对华政策,作者/项目正式研究,MERICS科技与中国专题库/核心科技直接材料,待编码,中国科技创新、产业政策、数字治理、供应链与欧洲对华经济安全专题复用,C:\Users\WINDOWS\OneDrive\知识库\智库信息爬虫\国际主要科技智库观点演变_研判\03_证据底稿\原文PDF\C-MERICS-367E4FA11C.pdf,官方PDF已保存并校验
S-ITIF-2016-01,itif,Information Technology and Innovation Foundation,美国,2016-01-20,W1,Contributors and Detractors: Ranking Countries’ Impact on Global Innovation,正式报告,https://itif.org/publications/2016/01/20/contributors-and-detractors-ranking-countries-impact-global-innovation/,C:\Users\WINDOWS\OneDrive\知识库\智库信息爬虫\国际主要科技智库观点演变_研判\03_证据底稿\原文PDF\S-ITIF-2016-01.pdf,官方PDF全文已保存,P0-anchor,T2;T4;T6,L2,官方锚点,待编码,全球创新体系与创新重商主义,,
S-CH-2016-01,chatham-house,Chatham House,英国,2016-01-27,W1,Navigating the New Normal: China and Global Resource Governance,联合报告,https://www.chathamhouse.org/sites/default/files/publications/research/2016-01-27-china-global-resource-governance-preston-bailey-bradley-wei-zhao-final.pdf,C:\Users\WINDOWS\OneDrive\知识库\智库信息爬虫\国际主要科技智库观点演变_研判\03_证据底稿\原文PDF\S-CH-2016-01.pdf,官方PDF全文已保存,P0-anchor,T1;T2;T4,L2,官方锚点,待编码,跨境创新合作与标准,,
S-BR-2016-01,bruegel,Bruegel,欧盟,2016-03-29,W1,The European Union’s Growing Innovation Divide,政策贡献,https://www.bruegel.org/system/files/wp_attachments/pc_2016_08.pdf,C:\Users\WINDOWS\OneDrive\知识库\智库信息爬虫\国际主要科技智库观点演变_研判\03_证据底稿\原文PDF\S-BR-2016-01.pdf,官方PDF全文已保存,P0-anchor,T1;T2;T3,L1,官方锚点,待编码,诊断与因地制宜政策组合,,
C-MERICS-9F7232BFA7,merics,MERICS Industrial Policy and Technology,德国,2016-05-18,W1,Information control 2.0,MERICS研究报告,https://merics.org/en/report/information-control-20,,本地原文已保存,P0-China-tech-corpus,网络安全、数据与数字治理；生物、量子、航天与绿色技术,作者/项目正式研究,MERICS科技与中国专题库/核心科技直接材料,待编码,中国科技创新、产业政策、数字治理、供应链与欧洲对华经济安全专题复用,C:\Users\WINDOWS\OneDrive\知识库\智库信息爬虫\国际主要科技智库观点演变_研判\03_证据底稿\原文PDF\C-MERICS-9F7232BFA7.pdf,官方PDF已保存并校验
S-NISTEP-2016-01,nistep,National Institute of Science and Technology Policy,日本,2016-08-01,W1,Digest of Japanese Science and Technology Indicators 2016,旗舰系列,https://www.nistep.go.jp/en/?page_id=52,C:\Users\WINDOWS\OneDrive\知识库\智库信息爬虫\国际主要科技智库观点演变_研判\03_证据底稿\原文PDF\S-NISTEP-2016-01.pdf,官方PDF全文已保存,P0-anchor,T1;T3;T10,L3,官方锚点,待编码,能力测度早期锚点,,
E-MERICS-2016-MIC,merics-tech,MERICS Industrial Policy and Technology,德国,2016-08-12,W1,Made in China 2025: The Making of a High-Tech Superpower and Consequences for Industrial Countries,涉华科技专题报告,https://merics.org/en/report/made-china-2025,,本地原文已保存,P1-early-series,中国制造2025；产业政策,机构正式观点,目录外早期增补,待编码,补足2016—2021连续序列与战略转向早期证据,C:\Users\WINDOWS\OneDrive\知识库\智库信息爬虫\国际主要科技智库观点演变_研判\03_证据底稿\原文PDF\E-MERICS-2016-MIC.pdf,官方PDF已保存并校验
C-BEL-CC1D6811EB,belfer,Belfer Center for Science and International Affairs,美国,2016-09-30,W1,Harvard-Tsinghua Workshop on Low-Carbon Development and Public Policy,研究报告与论文,https://www.belfercenter.org/publication/harvard-tsinghua-workshop-low-carbon-development-and-public-policy,,本地原文已保存,P0-China-tech-corpus,人工智能、芯片与算力；网络安全与数字治理；技术供应链与出口管制；创新体系与产业政策,作者/项目正式研究,Belfer涉华科技专题库,待编码,中美科技竞争、数字安全、创新政策、能源技术及国防前沿技术专题复用,C:\Users\WINDOWS\OneDrive\知识库\智库信息爬虫\国际主要科技智库观点演变_研判\03_证据底稿\网页文本\C-BEL-CC1D6811EB.txt,官方网页全文已保存
C-BRUEGEL-16EDCF0FA3,bruegel,Bruegel,欧盟,2016-12-07,W1,Policy and Politics in the Era of the Industrial Internet: How the Digital Transformation Will Change the Political Arena,report,https://www.bruegel.org/report/policy-and-politics-era-industrial-internet-how-digital-transformation-will-change-political,,本地原文已保存,P0-core-tech,欧洲科技产业与经济安全政策,作者/项目正式研究,Bruegel科技与中国专题库/核心科技直接材料,待编码,欧洲科技创新、产业政策、关键技术、中欧竞争合作及经济安全专题复用,C:\Users\WINDOWS\OneDrive\知识库\智库信息爬虫\国际主要科技智库观点演变_研判\03_证据底稿\网页文本\C-BRUEGEL-16EDCF0FA3.txt,官方网页全文已保存
S-OECD-2016-01,oecd-sti,OECD,多边,2016-12-08,W1,"OECD Science, Technology and Innovation Outlook 2016",旗舰系列,https://www.oecd.org/content/dam/oecd/en/publications/reports/2016/12/oecd-science-technology-and-innovation-outlook-2016_g1g6dae9/sti_in_outlook-2016-en.pdf,C:\Users\WINDOWS\OneDrive\知识库\智库信息爬虫\国际主要科技智库观点演变_研判\03_证据底稿\原文PDF\S-OECD-2016-01.pdf,官方PDF全文已保存,P0-anchor,T1;T2;T3;T4;T10,L3,官方锚点,待编码,早期政策组合与开放创新锚点,,
C-BEL-B8D18FE700,belfer,Belfer Center for Science and International Affairs,美国,2017-02-01,W1,The Multilateral Threats to the United States' International Order,政策证词,https://www.belfercenter.org/publication/multilateral-threats-united-states-international-order,,本地原文已保存,P0-China-tech-corpus,人工智能、芯片与算力；网络安全与数字治理；创新体系与产业政策；国防、航天与无人系统,作者/项目政策证词,Belfer涉华科技专题库,待编码,中美科技竞争、数字安全、创新政策、能源技术及国防前沿技术专题复用,C:\Users\WINDOWS\OneDrive\知识库\智库信息爬虫\国际主要科技智库观点演变_研判\03_证据底稿\原文PDF\C-BEL-B8D18FE700.pdf,官方PDF已保存并校验
C-NBR-F197735434,nbr,National Bureau of Asian Research,美国,2017-02-01,W1,Update to the IP Commission Report: The Theft of American Intellectual Property,NBR研究报告,https://www.nbr.org/publication/the-ip-commission-report/,,本地原文已保存,P0-China-tech-corpus,人工智能、芯片与算力；网络安全与数字治理；创新体系、标准与知识产权；生物、量子及其他前沿技术,作者/项目正式研究,NBR科技与中国专题库/含中国比较的印太技术材料/核心科技直接材料,待编码,中国科技竞争、印太技术治理、供应链安全、创新合作及区域比较专题复用,C:\Users\WINDOWS\OneDrive\知识库\智库信息爬虫\国际主要科技智库观点演变_研判\03_证据底稿\原文PDF\C-NBR-F197735434.pdf,官方PDF已保存并校验
E-CRDS-2017-ENERGY,jst-crds,JST Center for Research and Development Strategy,日本,2017-03-01,W1,Panoramic View of the Energy Field (2017),旗舰系列报告,https://www.jst.go.jp/crds/en/publications/CRDS-FY2016-FR-02.html,,本地原文已保存,P1-early-series,关键技术国际比较；能源技术路线,机构正式观点,目录外早期增补,待编码,补足2016—2021连续序列与战略转向早期证据,C:\Users\WINDOWS\OneDrive\知识库\智库信息爬虫\国际主要科技智库观点演变_研判\03_证据底稿\原文PDF\E-CRDS-2017-ENERGY.pdf,官方PDF已保存并校验
E-CRDS-2017-ENV,jst-crds,JST Center for Research and Development Strategy,日本,2017-03-01,W1,Panoramic View of the Environment Field (2017),旗舰系列报告,https://www.jst.go.jp/crds/en/publications/CRDS-FY2016-FR-03.html,,本地原文已保存,P1-early-series,关键技术国际比较；环境技术路线,机构正式观点,目录外早期增补,待编码,补足2016—2021连续序列与战略转向早期证据,C:\Users\WINDOWS\OneDrive\知识库\智库信息爬虫\国际主要科技智库观点演变_研判\03_证据底稿\原文PDF\E-CRDS-2017-ENV.pdf,官方PDF已保存并校验
E-CRDS-2017-LIFE,jst-crds,JST Center for Research and Development Strategy,日本,2017-03-01,W1,Panoramic View of the Life Science and Clinical Research Field (2017),旗舰系列报告,https://www.jst.go.jp/crds/en/publications/CRDS-FY2016-FR-06.html,,本地原文已保存,P1-early-series,关键技术国际比较；生命科学,机构正式观点,目录外早期增补,待编码,补足2016—2021连续序列与战略转向早期证据,C:\Users\WINDOWS\OneDrive\知识库\智库信息爬虫\国际主要科技智库观点演变_研判\03_证据底稿\原文PDF\E-CRDS-2017-LIFE.pdf,官方PDF已保存并校验
E-CRDS-2017-NANO,jst-crds,JST Center for Research and Development Strategy,日本,2017-03-01,W1,Panoramic View of the Nanotechnology / Materials Research Field (2017),旗舰系列报告,https://www.jst.go.jp/crds/en/publications/CRDS-FY2016-FR-05.html,,本地原文已保存,P1-early-series,关键技术国际比较；先进材料,机构正式观点,目录外早期增补,待编码,补足2016—2021连续序列与战略转向早期证据,C:\Users\WINDOWS\OneDrive\知识库\智库信息爬虫\国际主要科技智库观点演变_研判\03_证据底稿\原文PDF\E-CRDS-2017-NANO.pdf,官方PDF已保存并校验
S-CRDS-2017-01,jst-crds,JST Center for Research and Development Strategy,日本,2017-03-01,W1,Panoramic View of the Systems and Information Science and Technology Field 2017,旗舰系列,https://www.jst.go.jp/crds/en/publications/,C:\Users\WINDOWS\OneDrive\知识库\智库信息爬虫\国际主要科技智库观点演变_研判\03_证据底稿\原文PDF\S-CRDS-2017-01.pdf,官方PDF全文已保存,P0-anchor,T1;T8;T10,L3,官方锚点,待编码,技术全景与优先领域,,
E-ITIF-2017-MERC,itif,Information Technology and Innovation Foundation,美国,2017-03-16,W1,"Stopping China’s Mercantilism: A Doctrine of Constructive, Alliance-Backed Confrontation",涉华科技专题报告,https://itif.org/publications/2017/03/16/stopping-chinas-mercantilism-doctrine-constructive-alliance-backed/,,本地原文已保存,P1-early-series,创新重商主义；联盟政策,机构正式观点,目录外早期增补,待编码,补足2016—2021连续序列与战略转向早期证据,C:\Users\WINDOWS\OneDrive\知识库\智库信息爬虫\国际主要科技智库观点演变_研判\03_证据底稿\原文PDF\E-ITIF-2017-MERC.pdf,官方PDF已保存并校验
C-BRUEGEL-F301443862,bruegel,Bruegel,欧盟,2017-07-04,W1,The challenge of China’s rise as a science and technology powerhouse,policy-brief,https://www.bruegel.org/policy-brief/challenge-chinas-rise-science-and-technology-powerhouse,,本地原文已保存,P0-China-tech-corpus,芯片、关键技术与科研创新；中国科技能力与中欧竞争合作,作者/项目正式研究,Bruegel科技与中国专题库/核心科技直接材料,待编码,欧洲科技创新、产业政策、关键技术、中欧竞争合作及经济安全专题复用,C:\Users\WINDOWS\OneDrive\知识库\智库信息爬虫\国际主要科技智库观点演变_研判\03_证据底稿\原文PDF\C-BRUEGEL-F301443862.pdf,官方PDF已保存并校验
E-NISTEP-2017-IND,nistep,National Institute of Science and Technology Policy,日本,2017-08-01,W1,Digest of Japanese Science and Technology Indicators 2017,旗舰系列报告,https://www.nistep.go.jp/en/?p=4248,,本地原文已保存,P1-early-series,科技实力指标；中国国际比较,机构正式观点,目录外早期增补,待编码,补足2016—2021连续序列与战略转向早期证据,C:\Users\WINDOWS\OneDrive\知识库\智库信息爬虫\国际主要科技智库观点演变_研判\03_证据底稿\原文PDF\E-NISTEP-2017-IND.pdf,官方PDF已保存并校验
S-CSIS-2017-01,csis,Center for Strategic and International Studies,美国,2017-09-05,W1,Innovation-Led Economic Growth,正式报告,https://www.csis.org/analysis/innovation-led-economic-growth,C:\Users\WINDOWS\OneDrive\知识库\智库信息爬虫\国际主要科技智库观点演变_研判\03_证据底稿\原文PDF\S-CSIS-2017-01.pdf,官方PDF全文已保存,P0-anchor,T1;T2;T4,L1,官方锚点,待编码,创新生态与发展合作,,
S-BR-2017-01,bruegel,Bruegel,欧盟,2017-09-13,W1,EU–China Economic Relations to 2025: Building a Common Future,联合报告,https://www.bruegel.org/system/files/wp_attachments/CHHJ5627_China_EU_Report_170913_WEB.pdf,C:\Users\WINDOWS\OneDrive\知识库\智库信息爬虫\国际主要科技智库观点演变_研判\03_证据底稿\原文PDF\S-BR-2017-01.pdf,官方PDF全文已保存,P0-anchor,T2;T4;T6,L2,官方锚点,待编码,合作型创新关系,,
C-BRUEGEL-0C9F1A846B,bruegel,Bruegel,欧盟,2017-10-02,W1,An innovation deficit behind Europe’s overall productivity slowdown?,report,https://www.bruegel.org/report/innovation-deficit-behind-europes-overall-productivity-slowdown,,本地原文已保存,P0-core-tech,芯片、关键技术与科研创新,作者/项目正式研究,Bruegel科技与中国专题库/核心科技直接材料,待编码,欧洲科技创新、产业政策、关键技术、中欧竞争合作及经济安全专题复用,C:\Users\WINDOWS\OneDrive\知识库\智库信息爬虫\国际主要科技智库观点演变_研判\03_证据底稿\网页文本\C-BRUEGEL-0C9F1A846B.txt,官方网页全文已保存
E-OECD-2017-DEO,oecd-sti,OECD,国际组织,2017-10-11,W1,OECD Digital Economy Outlook 2017,旗舰系列报告,https://www.oecd.org/en/publications/oecd-digital-economy-outlook-2017_9789264276284-en.html,,本地原文已保存,P1-early-series,数字转型；开放与治理,机构正式观点,目录外早期增补,待编码,补足2016—2021连续序列与战略转向早期证据,C:\Users\WINDOWS\OneDrive\知识库\智库信息爬虫\国际主要科技智库观点演变_研判\03_证据底稿\原文PDF\E-OECD-2017-DEO.pdf,官方PDF已保存并校验
E-CSIS-2018-DISRUPT,csis,Center for Strategic and International Studies,美国,2018-01-08,W1,"Disruptors, Innovators, and Thieves: Assessing Innovation in China’s Digital Economy",涉华科技专题报告,https://www.csis.org/analysis/disruptors-innovators-and-thieves,,本地原文已保存,P1-early-series,中国数字创新；产业竞争,机构正式观点,目录外早期增补,待编码,补足2016—2021连续序列与战略转向早期证据,C:\Users\WINDOWS\OneDrive\知识库\智库信息爬虫\国际主要科技智库观点演变_研判\03_证据底稿\原文PDF\E-CSIS-2018-DISRUPT.pdf,官方PDF已保存并校验
C-NBR-02A95C4FCC,nbr,National Bureau of Asian Research,美国,2018-01-09,W1,Evaluating CFIUS Challenges Posed by a Changing Global Economy,NBR政策证词,https://www.nbr.org/publication/evaluating-cfius-challenges-posed-by-a-changing-global-economy/,,本地原文已保存,P0-China-tech-corpus,人工智能、芯片与算力；网络安全与数字治理；创新体系、标准与知识产权,作者政策证词,NBR科技与中国专题库/含中国比较的印太技术材料/核心科技直接材料,待编码,中国科技竞争、印太技术治理、供应链安全、创新合作及区域比较专题复用,C:\Users\WINDOWS\OneDrive\知识库\智库信息爬虫\国际主要科技智库观点演变_研判\03_证据底稿\网页文本\C-NBR-02A95C4FCC.txt,官方页面代理全文已保存
C-NBR-D55CF667F4,nbr,National Bureau of Asian Research,美国,2018-02-14,W1,Strengthening U.S. Trade Strategy in the Asia-Pacific The Role for the Korea-U.S. FTA,NBR评论,https://www.nbr.org/publication/strengthening-u-s-trade-strategy-in-the-asia-pacific-the-role-for-the-korea-u-s-fta/,,本地原文已保存,P0-China-tech-corpus,网络安全与数字治理；技术供应链与出口管制；创新体系、标准与知识产权,作者评论或论文,NBR科技与中国专题库/含中国比较的印太技术材料/科技地缘经济基线,待编码,中国科技竞争、印太技术治理、供应链安全、创新合作及区域比较专题复用,C:\Users\WINDOWS\OneDrive\知识库\智库信息爬虫\国际主要科技智库观点演变_研判\03_证据底稿\网页文本\C-NBR-D55CF667F4.txt,官方网页全文已保存
C-NBR-B2E5F24124,nbr,National Bureau of Asian Research,美国,2018-03-01,W1,Recommendations Regarding the Section 301 Investigation,NBR政策意见,https://www.nbr.org/publication/the-ip-commission-report/,,本地原文已保存,P0-China-tech-corpus,网络安全与数字治理；技术供应链与出口管制；创新体系、标准与知识产权,作者/项目正式研究,NBR科技与中国专题库/含中国比较的印太技术材料/核心科技直接材料,待编码,中国科技竞争、印太技术治理、供应链安全、创新合作及区域比较专题复用,C:\Users\WINDOWS\OneDrive\知识库\智库信息爬虫\国际主要科技智库观点演变_研判\03_证据底稿\原文PDF\C-NBR-B2E5F24124.pdf,官方PDF已保存并校验
S-CSIS-2018-01,csis,Center for Strategic and International Studies,美国,2018-03-01,W1,A National Machine Intelligence Strategy for the United States,正式报告,https://www.csis.org/analysis/national-machine-intelligence-strategy-united-states,C:\Users\WINDOWS\OneDrive\知识库\智库信息爬虫\国际主要科技智库观点演变_研判\03_证据底稿\原文PDF\S-CSIS-2018-01.pdf,官方PDF全文已保存,P0-anchor,T1;T2;T6;T8,L1,官方锚点,待编码,协调型国家AI战略,,
E-ITIF-2018-TARIFF,itif,Information Technology and Innovation Foundation,美国,2018-03-16,W1,The Impact of Broad Tariffs on Chinese ICT Imports,涉华科技专题报告,https://itif.org/publications/2018/03/16/broad-tariffs-chinese-ict-products-would-impose-significant-costs-us-economy/,,本地原文已保存,P1-early-series,ICT供应链；关税；竞争政策,机构正式观点,目录外早期增补,待编码,补足2016—2021连续序列与战略转向早期证据,C:\Users\WINDOWS\OneDrive\知识库\智库信息爬虫\国际主要科技智库观点演变_研判\03_证据底稿\原文PDF\E-ITIF-2018-TARIFF.pdf,官方PDF已保存并校验
C-NBR-D5CD756BB0,nbr,National Bureau of Asian Research,美国,2018-03-19,W1,TPP Minus One: The Urgent Need for U.S. Leadership,NBR评论,https://www.nbr.org/publication/tpp-minus-one-the-urgent-need-for-u-s-leadership/,,本地原文已保存,P0-China-tech-corpus,网络安全与数字治理；创新体系、标准与知识产权,作者评论或论文,NBR科技与中国专题库/含中国比较的印太技术材料/科技地缘经济基线,待编码,中国科技竞争、印太技术治理、供应链安全、创新合作及区域比较专题复用,C:\Users\WINDOWS\OneDrive\知识库\智库信息爬虫\国际主要科技智库观点演变_研判\03_证据底稿\网页文本\C-NBR-D5CD756BB0.txt,官方网页全文已保存
C-BRUEGEL-A895B41E41,bruegel,Bruegel,欧盟,2018-04-18,W1,The impact of industrial robots on EU employment and wages: A local labour market approach,working-paper,https://www.bruegel.org/working-paper/impact-industrial-robots-eu-employment-and-wages-local-labour-market-approach,,本地原文已保存,P0-core-tech,机器人、自动化与技术就业,作者/项目正式研究,Bruegel科技与中国专题库/核心科技直接材料,待编码,欧洲科技创新、产业政策、关键技术、中欧竞争合作及经济安全专题复用,C:\Users\WINDOWS\OneDrive\知识库\智库信息爬虫\国际主要科技智库观点演变_研判\03_证据底稿\原文PDF\C-BRUEGEL-A895B41E41.pdf,官方PDF已保存并校验
C-NBR-85CBE4E1DD,nbr,National Bureau of Asian Research,美国,2018-05-01,W1,Written Comments on the Section 301 Tariffs,NBR政策意见,https://www.nbr.org/publication/the-ip-commission-report/,,本地原文已保存,P0-China-tech-corpus,网络安全与数字治理；技术供应链与出口管制；创新体系、标准与知识产权,作者/项目正式研究,NBR科技与中国专题库/含中国比较的印太技术材料/核心科技直接材料,待编码,中国科技竞争、印太技术治理、供应链安全、创新合作及区域比较专题复用,C:\Users\WINDOWS\OneDrive\知识库\智库信息爬虫\国际主要科技智库观点演变_研判\03_证据底稿\原文PDF\C-NBR-85CBE4E1DD.pdf,官方PDF已保存并校验
C-BRUEGEL-28FF66A1D4,bruegel,Bruegel,欧盟,2018-05-17,W1,How big is China’s digital economy?,working-paper,https://www.bruegel.org/working-paper/how-big-chinas-digital-economy,,本地原文已保存,P0-China-tech-corpus,人工智能、算力与数字技术；中国科技能力与中欧竞争合作,作者/项目正式研究,Bruegel科技与中国专题库/核心科技直接材料,待编码,欧洲科技创新、产业政策、关键技术、中欧竞争合作及经济安全专题复用,C:\Users\WINDOWS\OneDrive\知识库\智库信息爬虫\国际主要科技智库观点演变_研判\03_证据底稿\原文PDF\C-BRUEGEL-28FF66A1D4.pdf,官方PDF已保存并校验
C-BEL-997F1EE3F9,belfer,Belfer Center for Science and International Affairs,美国,2018-05-24,W1,Debtbook Diplomacy,研究报告与论文,https://www.belfercenter.org/publication/debtbook-diplomacy,,本地原文已保存,P0-China-tech-corpus,人工智能、芯片与算力；网络安全与数字治理；创新体系与产业政策,作者/项目正式研究,Belfer涉华科技专题库,待编码,中美科技竞争、数字安全、创新政策、能源技术及国防前沿技术专题复用,C:\Users\WINDOWS\OneDrive\知识库\智库信息爬虫\国际主要科技智库观点演变_研判\03_证据底稿\原文PDF\C-BEL-997F1EE3F9.pdf,官方PDF已保存并校验
E-ASPI-2018-BIGDATA,aspi,Australian Strategic Policy Institute,澳大利亚,2018-06-22,W1,Big Data in China and the Battle for Privacy,涉华科技专题报告,https://www.aspi.org.au/report/big-data-china-and-battle-privacy,,本地原文已保存,P1-early-series,中国大数据；隐私；治理,机构正式观点,目录外早期增补,待编码,补足2016—2021连续序列与战略转向早期证据,C:\Users\WINDOWS\OneDrive\知识库\智库信息爬虫\国际主要科技智库观点演变_研判\03_证据底稿\原文PDF\E-ASPI-2018-BIGDATA.pdf,官方PDF已保存并校验
E-ASPI-2018-ENTANGLE,aspi,Australian Strategic Policy Institute,澳大利亚,2018-06-28,W1,"Technological Entanglement: Cooperation, Competition and the Dual-Use Dilemma in Artificial Intelligence",涉华科技专题报告,https://www.aspi.org.au/report/technological-entanglement,,本地原文已保存,P1-early-series,中美AI合作；双用途风险,机构正式观点,目录外早期增补,待编码,补足2016—2021连续序列与战略转向早期证据,C:\Users\WINDOWS\OneDrive\知识库\智库信息爬虫\国际主要科技智库观点演变_研判\03_证据底稿\原文PDF\E-ASPI-2018-ENTANGLE.pdf,官方PDF已保存并校验
C-BRUEGEL-1797DCFDC2,bruegel,Bruegel,欧盟,2018-08-07,W1,Export and patent specialization in low carbon technologies,report,https://www.bruegel.org/report/export-and-patent-specialization-low-carbon-technologies,,本地原文已保存,P0-core-tech,芯片、关键技术与科研创新；清洁技术、能源与绿色产业,作者/项目正式研究,Bruegel科技与中国专题库/核心科技直接材料,待编码,欧洲科技创新、产业政策、关键技术、中欧竞争合作及经济安全专题复用,C:\Users\WINDOWS\OneDrive\知识库\智库信息爬虫\国际主要科技智库观点演变_研判\03_证据底稿\网页文本\C-BRUEGEL-1797DCFDC2.txt,官方网页全文已保存
E-ASPI-2018-HACKING,aspi,Australian Strategic Policy Institute,澳大利亚,2018-09-25,W1,Hacking for Ca$h,涉华科技专题报告,https://www.aspi.org.au/report/hacking-cash/,,本地原文已保存,P1-early-series,中国网络活动；技术安全,机构正式观点,目录外早期增补,待编码,补足2016—2021连续序列与战略转向早期证据,C:\Users\WINDOWS\OneDrive\知识库\智库信息爬虫\国际主要科技智库观点演变_研判\03_证据底稿\原文PDF\E-ASPI-2018-HACKING.pdf,官方PDF已保存并校验
E-NISTEP-2018-IND,nistep,National Institute of Science and Technology Policy,日本,2018-10-01,W1,Digest of Japanese Science and Technology Indicators 2018,旗舰系列报告,https://www.nistep.go.jp/en/?page_id=52,,本地原文已保存,P1-early-series,科技实力指标；中国国际比较,机构正式观点,目录外早期增补,待编码,补足2016—2021连续序列与战略转向早期证据,C:\Users\WINDOWS\OneDrive\知识库\智库信息爬虫\国际主要科技智库观点演变_研判\03_证据底稿\原文PDF\E-NISTEP-2018-IND.pdf,官方PDF已保存并校验
C-BRUEGEL-55838288A1,bruegel,Bruegel,欧盟,2018-10-03,W1,The impact of global decarbonisation policies and technological improvements on oil and gas producing countries in the Middle East and North Africa,report,https://www.bruegel.org/report/impact-global-decarbonisation-policies-and-technological-improvements-oil-and-gas-producing,,本地原文已保存,P0-core-tech,清洁技术、能源与绿色产业,作者/项目正式研究,Bruegel科技与中国专题库/核心科技直接材料,待编码,欧洲科技创新、产业政策、关键技术、中欧竞争合作及经济安全专题复用,C:\Users\WINDOWS\OneDrive\知识库\智库信息爬虫\国际主要科技智库观点演变_研判\03_证据底稿\网页文本\C-BRUEGEL-55838288A1.txt,官方网页全文已保存
E-MERICS-2018-SERVE,merics-tech,MERICS Industrial Policy and Technology,德国,2018-10-18,W1,Serve the People: Innovation and IT in China’s Social Development Agenda,涉华科技专题报告,https://merics.org/report/serve-people,,本地原文已保存,P1-early-series,中国数字治理；社会应用,机构正式观点,目录外早期增补,待编码,补足2016—2021连续序列与战略转向早期证据,C:\Users\WINDOWS\OneDrive\知识库\智库信息爬虫\国际主要科技智库观点演变_研判\03_证据底稿\原文PDF\E-MERICS-2018-SERVE.pdf,官方PDF已保存并校验
S-OECD-2018-01,oecd-sti,OECD,多边,2018-11-19,W1,"OECD Science, Technology and Innovation Outlook 2018",旗舰系列,https://www.oecd.org/en/publications/oecd-science-technology-and-innovation-outlook-2018_sti_in_outlook-2018-en.html,C:\Users\WINDOWS\OneDrive\知识库\智库信息爬虫\国际主要科技智库观点演变_研判\03_证据底稿\原文PDF\S-OECD-2018-01.pdf,官方PDF全文已保存,P0-anchor,T3;T4;T8;T10,L3,官方锚点,待编码,开放科学与负责任创新,,
C-BRUEGEL-B389F75D31,bruegel,Bruegel,欧盟,2018-12-20,W1,Is the European automotive industry ready for the global electric vehicle revolution?,policy-brief,https://www.bruegel.org/policy-brief/european-automotive-industry-ready-global-electric-vehicle-revolution,,本地原文已保存,P1-tech-geoeconomic-baseline,清洁技术、能源与绿色产业,作者/项目正式研究,Bruegel科技与中国专题库/科技产业与经济安全基线,待编码,欧洲科技创新、产业政策、关键技术、中欧竞争合作及经济安全专题复用,C:\Users\WINDOWS\OneDrive\知识库\智库信息爬虫\国际主要科技智库观点演变_研判\03_证据底稿\原文PDF\C-BRUEGEL-B389F75D31.pdf,官方PDF已保存并校验
C-NBR-8C5DE5597E,nbr,National Bureau of Asian Research,美国,2018-12-20,W1,RCEP Negotiations and the Implications for the United States,NBR评论,https://www.nbr.org/publication/rcep-negotiations-and-the-implications-for-the-united-states/,,本地原文已保存,P0-China-tech-corpus,创新体系、标准与知识产权,作者评论或论文,NBR科技与中国专题库/含中国比较的印太技术材料/科技地缘经济基线,待编码,中国科技竞争、印太技术治理、供应链安全、创新合作及区域比较专题复用,C:\Users\WINDOWS\OneDrive\知识库\智库信息爬虫\国际主要科技智库观点演变_研判\03_证据底稿\网页文本\C-NBR-8C5DE5597E.txt,官方网页全文已保存
C-NBR-A7B75BBFF7,nbr,National Bureau of Asian Research,美国,2019-02-01,W2,IP Commission 2019 Review: Progress and Updated Recommendations,NBR研究报告,https://www.nbr.org/publication/the-ip-commission-report/,,本地原文已保存,P0-China-tech-corpus,人工智能、芯片与算力；网络安全与数字治理；技术供应链与出口管制；创新体系、标准与知识产权；生物、量子及其他前沿技术,作者/项目正式研究,NBR科技与中国专题库/含中国比较的印太技术材料/核心科技直接材料,待编码,中国科技竞争、印太技术治理、供应链安全、创新合作及区域比较专题复用,C:\Users\WINDOWS\OneDrive\知识库\智库信息爬虫\国际主要科技智库观点演变_研判\03_证据底稿\原文PDF\C-NBR-A7B75BBFF7.pdf,官方PDF已保存并校验
C-NBR-D327E03DFD,nbr,National Bureau of Asian Research,美国,2019-02-14,W2,Charting a Path for a Stronger U.S.-Japan Economic Partnership,NBR研究报告,https://www.nbr.org/publication/charting-a-path-for-a-stronger-u-s-japan-economic-partnership/,,本地原文已保存,P1-regional-tech-baseline,创新体系、标准与知识产权,作者/项目正式研究,NBR科技与中国专题库/区域技术基线/科技地缘经济基线,待编码,中国科技竞争、印太技术治理、供应链安全、创新合作及区域比较专题复用,C:\Users\WINDOWS\OneDrive\知识库\智库信息爬虫\国际主要科技智库观点演变_研判\03_证据底稿\网页文本\C-NBR-D327E03DFD.txt,官方网页全文已保存
C-NBR-CEA336FC09,nbr,National Bureau of Asian Research,美国,2019-02-20,W2,"Answering China's Economic Challenge Preserving Power, Enhancing Prosperity",NBR研究报告,https://www.nbr.org/publication/answering-chinas-economic-challenge-preserving-power-enhancing-prosperity/,,本地原文已保存,P0-China-tech-corpus,创新体系、标准与知识产权,作者/项目正式研究,NBR科技与中国专题库/直接涉华科技/科技地缘经济基线,待编码,中国科技竞争、印太技术治理、供应链安全、创新合作及区域比较专题复用,C:\Users\WINDOWS\OneDrive\知识库\智库信息爬虫\国际主要科技智库观点演变_研判\03_证据底稿\网页文本\C-NBR-CEA336FC09.txt,官方网页全文已保存
E-CRDS-2019-ENVENERGY,jst-crds,JST Center for Research and Development Strategy,日本,2019-03-01,W2,Panoramic View of the Environment and Energy Field (2019),旗舰系列报告,https://www.jst.go.jp/crds/en/publications/CRDS-FY2018-FR-01.html,,本地原文已保存,P1-early-series,关键技术国际比较；绿色转型,机构正式观点,目录外早期增补,待编码,补足2016—2021连续序列与战略转向早期证据,C:\Users\WINDOWS\OneDrive\知识库\智库信息爬虫\国际主要科技智库观点演变_研判\03_证据底稿\原文PDF\E-CRDS-2019-ENVENERGY.pdf,官方PDF已保存并校验
E-CRDS-2019-LIFE,jst-crds,JST Center for Research and Development Strategy,日本,2019-03-01,W2,Panoramic View of the Life Science and Clinical Research Field (2019),旗舰系列报告,https://www.jst.go.jp/crds/en/publications/CRDS-FY2018-FR-04.html,,本地原文已保存,P1-early-series,关键技术国际比较；生命科学,机构正式观点,目录外早期增补,待编码,补足2016—2021连续序列与战略转向早期证据,C:\Users\WINDOWS\OneDrive\知识库\智库信息爬虫\国际主要科技智库观点演变_研判\03_证据底稿\原文PDF\E-CRDS-2019-LIFE.pdf,官方PDF已保存并校验
E-CRDS-2019-NANO,jst-crds,JST Center for Research and Development Strategy,日本,2019-03-01,W2,Panoramic View of the Nanotechnology / Materials Research Field (2019),旗舰系列报告,https://www.jst.go.jp/crds/en/publications/CRDS-FY2018-FR-03.html,,本地原文已保存,P1-early-series,关键技术国际比较；先进材料,机构正式观点,目录外早期增补,待编码,补足2016—2021连续序列与战略转向早期证据,C:\Users\WINDOWS\OneDrive\知识库\智库信息爬虫\国际主要科技智库观点演变_研判\03_证据底稿\原文PDF\E-CRDS-2019-NANO.pdf,官方PDF已保存并校验
E-CRDS-2019-SYSTEMS,jst-crds,JST Center for Research and Development Strategy,日本,2019-03-01,W2,Panoramic View of the Systems and Information Science and Technology Field (2019),旗舰系列报告,https://www.jst.go.jp/crds/en/publications/CRDS-FY2018-FR-02.html,,本地原文已保存,P1-early-series,AI与数字技术；国际比较,机构正式观点,目录外早期增补,待编码,补足2016—2021连续序列与战略转向早期证据,C:\Users\WINDOWS\OneDrive\知识库\智库信息爬虫\国际主要科技智库观点演变_研判\03_证据底稿\原文PDF\E-CRDS-2019-SYSTEMS.pdf,官方PDF已保存并校验
S-CRDS-2019-01,jst-crds,JST Center for Research and Development Strategy,日本,2019-03-01,W2,Panoramic View Report 2019: Integrated Version,旗舰系列,https://www.jst.go.jp/crds/en/publications/,C:\Users\WINDOWS\OneDrive\知识库\智库信息爬虫\国际主要科技智库观点演变_研判\03_证据底稿\原文PDF\S-CRDS-2019-01.pdf,官方PDF全文已保存,P0-anchor,T1;T8;T10,L3,官方锚点,待编码,跨领域整合,,
C-BEL-EA1F571DD6,belfer,Belfer Center for Science and International Affairs,美国,2019-03-07,W2,Eric Rosenbach on China: Challenges for U.S. Commerce,政策证词,https://www.belfercenter.org/publication/eric-rosenbach-china-challenges-us-commerce,,本地原文已保存,P0-China-tech-corpus,人工智能、芯片与算力；网络安全与数字治理；技术供应链与出口管制；创新体系与产业政策,作者/项目政策证词,Belfer涉华科技专题库,待编码,中美科技竞争、数字安全、创新政策、能源技术及国防前沿技术专题复用,C:\Users\WINDOWS\OneDrive\知识库\智库信息爬虫\国际主要科技智库观点演变_研判\03_证据底稿\原文PDF\C-BEL-EA1F571DD6.pdf,官方PDF已保存并校验
E-OECD-2019-GOING,oecd-sti,OECD,国际组织,2019-03-11,W2,"Going Digital: Shaping Policies, Improving Lives",旗舰系列报告,https://www.oecd.org/en/publications/going-digital-shaping-policies-improving-lives_9789264312012-en.html,,本地原文已保存,P1-early-series,数字转型；综合政策框架,机构正式观点,目录外早期增补,待编码,补足2016—2021连续序列与战略转向早期证据,C:\Users\WINDOWS\OneDrive\知识库\智库信息爬虫\国际主要科技智库观点演变_研判\03_证据底稿\原文PDF\E-OECD-2019-GOING.pdf,官方PDF已保存并校验
E-OECD-2019-MEASURE,oecd-sti,OECD,国际组织,2019-03-11,W2,Measuring the Digital Transformation: A Roadmap for the Future,旗舰系列报告,https://www.oecd.org/en/publications/measuring-the-digital-transformation_9789264311992-en.html,,本地原文已保存,P1-early-series,数字转型；指标体系,机构正式观点,目录外早期增补,待编码,补足2016—2021连续序列与战略转向早期证据,C:\Users\WINDOWS\OneDrive\知识库\智库信息爬虫\国际主要科技智库观点演变_研判\03_证据底稿\原文PDF\E-OECD-2019-MEASURE.pdf,官方PDF已保存并校验
C-MERICS-0C689F2146,merics,MERICS Industrial Policy and Technology,德国,2019-03-13,W2,Chinese telecommunication companies,MERICS研究报告,https://merics.org/en/report/chinese-telecommunication-companies,,本地原文已保存,P0-China-tech-corpus,网络安全、数据与数字治理,作者/项目正式研究,MERICS科技与中国专题库/核心科技直接材料,待编码,中国科技创新、产业政策、数字治理、供应链与欧洲对华经济安全专题复用,C:\Users\WINDOWS\OneDrive\知识库\智库信息爬虫\国际主要科技智库观点演变_研判\03_证据底稿\网页文本\C-MERICS-0C689F2146.txt,官方网页全文已保存
E-ITIF-2019-CATCHUP,itif,Information Technology and Innovation Foundation,美国,2019-04-08,W2,Is China Catching Up to the United States in Innovation?,涉华科技专题报告,https://itif.org/publications/2019/04/08/china-catching-united-states-innovation/,,本地原文已保存,P1-early-series,中美创新能力比较,机构正式观点,目录外早期增补,待编码,补足2016—2021连续序列与战略转向早期证据,C:\Users\WINDOWS\OneDrive\知识库\智库信息爬虫\国际主要科技智库观点演变_研判\03_证据底稿\原文PDF\E-ITIF-2019-CATCHUP.pdf,官方PDF已保存并校验
E-MERICS-2019-DIGITAL,merics-tech,MERICS Industrial Policy and Technology,德国,2019-04-08,W2,China's Digital Rise: Challenges for Europe,涉华科技专题报告,https://merics.org/en/report/chinas-digital-rise,,本地原文已保存,P1-early-series,中国数字崛起；欧洲应对,机构正式观点,目录外早期增补,待编码,补足2016—2021连续序列与战略转向早期证据,C:\Users\WINDOWS\OneDrive\知识库\智库信息爬虫\国际主要科技智库观点演变_研判\03_证据底稿\原文PDF\E-MERICS-2019-DIGITAL.pdf,官方PDF已保存并校验
E-ASPI-2019-MAP,aspi,Australian Strategic Policy Institute,澳大利亚,2019-04-18,W2,Mapping China's Tech Giants,涉华科技专题报告,https://www.aspi.org.au/report/mapping-chinas-tech-giants/,,本地原文已保存,P1-early-series,中国科技企业；全球扩张,机构正式观点,目录外早期增补,待编码,补足2016—2021连续序列与战略转向早期证据,C:\Users\WINDOWS\OneDrive\知识库\智库信息爬虫\国际主要科技智库观点演变_研判\03_证据底稿\原文PDF\E-ASPI-2019-MAP.pdf,官方PDF已保存并校验
C-BEL-7FD9E6CDDD,belfer,Belfer Center for Science and International Affairs,美国,2019-05-28,W2,The Geopolitics of Information,研究报告与论文,https://www.belfercenter.org/publication/geopolitics-information,,本地原文已保存,P0-China-tech-corpus,人工智能、芯片与算力；网络安全与数字治理；技术供应链与出口管制；创新体系与产业政策；国防、航天与无人系统,作者/项目正式研究,Belfer涉华科技专题库,待编码,中美科技竞争、数字安全、创新政策、能源技术及国防前沿技术专题复用,C:\Users\WINDOWS\OneDrive\知识库\智库信息爬虫\国际主要科技智库观点演变_研判\03_证据底稿\网页文本\C-BEL-7FD9E6CDDD.txt,官方网页全文已保存
C-CSET-3629,cset,Center for Security and Emerging Technology,美国,2019-06-07,W2,Jeff Ding’s Testimony Before the U.S.-China Economic and Security Review Commission,涉华科技政策证词,https://cset.georgetown.edu/publication/chinas-current-capabilities-policies-and-industrial-ecosystem-in-ai/,,本地原文已保存,P1-China-tech-source,人工智能与算力；军民融合与国防科技,作者政策证词,CSET涉华科技专题库,待编码,中国科技战略、创新体系、技术竞争与供应链专题复用,C:\Users\WINDOWS\OneDrive\知识库\智库信息爬虫\国际主要科技智库观点演变_研判\03_证据底稿\原文PDF\C-CSET-3629.pdf,官方PDF已保存并校验
C-CSET-573,cset,Center for Security and Emerging Technology,美国,2019-06-07,W2,Helen Toner’s Testimony Before the U.S.-China Economic and Security Review Commission,涉华科技政策证词,https://cset.georgetown.edu/publication/technology-trade-and-military-civil-fusion-chinas-pursuit-of-artificial-intelligence/,,本地原文已保存,P1-China-tech-source,人工智能与算力；军民融合与国防科技,作者政策证词,CSET涉华科技专题库,待编码,中国科技战略、创新体系、技术竞争与供应链专题复用,C:\Users\WINDOWS\OneDrive\知识库\智库信息爬虫\国际主要科技智库观点演变_研判\03_证据底稿\原文PDF\C-CSET-573.pdf,官方PDF已保存并校验
E-OECD-2019-AI,oecd-sti,OECD,国际组织,2019-06-11,W2,Artificial Intelligence in Society,旗舰系列报告,https://www.oecd.org/en/publications/2019/06/artificial-intelligence-in-society_c0054fa1.html,,本地原文已保存,P1-early-series,人工智能；可信治理,机构正式观点,目录外早期增补,待编码,补足2016—2021连续序列与战略转向早期证据,C:\Users\WINDOWS\OneDrive\知识库\智库信息爬虫\国际主要科技智库观点演变_研判\03_证据底稿\原文PDF\E-OECD-2019-AI.pdf,官方PDF已保存并校验
C-BEL-D10E23125D,belfer,Belfer Center for Science and International Affairs,美国,2019-06-19,W2,The Triangle in the Long Game,研究报告与论文,https://www.belfercenter.org/publication/triangle-long-game,,本地原文已保存,P0-China-tech-corpus,人工智能、芯片与算力；网络安全与数字治理；技术供应链与出口管制；创新体系与产业政策,作者/项目正式研究,Belfer涉华科技专题库,待编码,中美科技竞争、数字安全、创新政策、能源技术及国防前沿技术专题复用,C:\Users\WINDOWS\OneDrive\知识库\智库信息爬虫\国际主要科技智库观点演变_研判\03_证据底稿\网页文本\C-BEL-D10E23125D.txt,官方网页全文已保存
E-MERICS-2019-MIC,merics-tech,MERICS Industrial Policy and Technology,德国,2019-07-02,W2,Evolving Made in China 2025: China’s Industrial Policy in the Quest for Global Tech Leadership,涉华科技专题报告,https://merics.org/en/report/evolving-made-china-2025,,本地原文已保存,P1-early-series,中国制造2025；技术领导力,机构正式观点,目录外早期增补,待编码,补足2016—2021连续序列与战略转向早期证据,C:\Users\WINDOWS\OneDrive\知识库\智库信息爬虫\国际主要科技智库观点演变_研判\03_证据底稿\原文PDF\E-MERICS-2019-MIC.pdf,官方PDF已保存并校验
E-ITIF-2019-AIRACE,itif,Information Technology and Innovation Foundation,美国,2019-08-19,W2,"Who Is Winning the AI Race: China, the EU or the United States?",涉华科技专题报告,https://itif.org/publications/2019/08/19/who-winning-ai-race-china-eu-or-united-states/,,本地原文已保存,P1-early-series,人工智能；中欧美竞争,机构正式观点,目录外早期增补,待编码,补足2016—2021连续序列与战略转向早期证据,C:\Users\WINDOWS\OneDrive\知识库\智库信息爬虫\国际主要科技智库观点演变_研判\03_证据底稿\原文PDF\E-ITIF-2019-AIRACE.pdf,官方PDF已保存并校验
E-CSIS-2019-TRANSFER,csis,Center for Strategic and International Studies,美国,2019-09-04,W2,Emerging Technologies and Managing the Risk of Tech Transfer to China,涉华科技专题报告,https://www.csis.org/analysis/emerging-technologies-and-managing-risk-tech-transfer-china,,本地原文已保存,P1-early-series,技术转移；开放边界,机构正式观点,目录外早期增补,待编码,补足2016—2021连续序列与战略转向早期证据,C:\Users\WINDOWS\OneDrive\知识库\智库信息爬虫\国际主要科技智库观点演变_研判\03_证据底稿\原文PDF\E-CSIS-2019-TRANSFER.pdf,官方PDF已保存并校验
C-BRUEGEL-5C765C33B5,bruegel,Bruegel,欧盟,2019-09-12,W2,Hybrid and cybersecurity threats and the European Union’s financial system,policy-brief,https://www.bruegel.org/policy-brief/hybrid-and-cybersecurity-threats-and-european-unions-financial-system,,本地原文已保存,P0-core-tech,欧洲科技产业与经济安全政策,作者/项目正式研究,Bruegel科技与中国专题库/核心科技直接材料,待编码,欧洲科技创新、产业政策、关键技术、中欧竞争合作及经济安全专题复用,C:\Users\WINDOWS\OneDrive\知识库\智库信息爬虫\国际主要科技智库观点演变_研判\03_证据底稿\原文PDF\C-BRUEGEL-5C765C33B5.pdf,官方PDF已保存并校验
C-CSET-527,cset,Center for Security and Emerging Technology,美国,2019-09-15,W2,China’s Access to Foreign AI Technology,CSET原创研究报告,https://cset.georgetown.edu/publication/chinas-access-to-foreign-ai-technology/,,本地原文已保存,P0-China-tech-corpus,人工智能与算力；技术转移与出口管制,作者/项目正式研究,CSET涉华科技专题库,待编码,中国科技战略、创新体系、技术竞争与供应链专题复用,C:\Users\WINDOWS\OneDrive\知识库\智库信息爬虫\国际主要科技智库观点演变_研判\03_证据底稿\原文PDF\C-CSET-527.pdf,官方PDF已保存并校验
C-CSET-530,cset,Center for Security and Emerging Technology,美国,2019-09-20,W2,Ministry of Science and Technology Notice on the Publication of the Guidance on National New Generation Artificial Intelligence Open Innovation Platform Construction Work,中国科技政策英译,https://cset.georgetown.edu/publication/ministry-of-science-and-technology-notice-on-the-publication-of-the-guidance-on-national-new-generation-artificial-intelligence-open-innovation-platform-construction-work/,,本地原文已保存,P1-China-tech-source,人工智能与算力；军民融合与国防科技；国家创新体系与产业政策,翻译材料，不代表机构观点,CSET涉华科技专题库,待编码,中国科技战略、创新体系、技术竞争与供应链专题复用,C:\Users\WINDOWS\OneDrive\知识库\智库信息爬虫\国际主要科技智库观点演变_研判\03_证据底稿\原文PDF\C-CSET-530.pdf,官方PDF已保存并校验
C-CSET-540,cset,Center for Security and Emerging Technology,美国,2019-09-30,W2,Project to Strengthen Development of the Defense Technology Industry at the Grassroots Level: Guidelines for Basic Research and Cutting-Edge Technology Projects (2018),中国科技政策英译,https://cset.georgetown.edu/publication/project-to-strengthen-development-of-the-defense-technology-industry-at-the-grassroots-level-guidelines-for-basic-research-and-cutting-edge-technology-projects-2018/,,本地原文已保存,P1-China-tech-source,军民融合与国防科技；国家创新体系与产业政策,翻译材料，不代表机构观点,CSET涉华科技专题库,待编码,中国科技战略、创新体系、技术竞争与供应链专题复用,C:\Users\WINDOWS\OneDrive\知识库\智库信息爬虫\国际主要科技智库观点演变_研判\03_证据底稿\原文PDF\C-CSET-540.pdf,官方PDF已保存并校验
C-NBR-E917ECB57A,nbr,National Bureau of Asian Research,美国,2019-10-03,W2,A Concise Guide to Huawei’s Cybersecurity Risks and the Global Responses,NBR背景材料,https://www.nbr.org/publication/a-concise-guide-to-huaweis-cybersecurity-risks-and-the-global-responses/,,本地原文已保存,P0-China-tech-corpus,人工智能、芯片与算力；网络安全与数字治理；创新体系、标准与知识产权,作者/项目正式研究,NBR科技与中国专题库/直接涉华科技/核心科技直接材料,待编码,中国科技竞争、印太技术治理、供应链安全、创新合作及区域比较专题复用,C:\Users\WINDOWS\OneDrive\知识库\智库信息爬虫\国际主要科技智库观点演变_研判\03_证据底稿\网页文本\C-NBR-E917ECB57A.txt,官方网页全文已保存
S-CEIP-2019-01,carnegie-tech,Carnegie Endowment for International Peace,美国,2019-10-10,W2,Competing With China on Technology and Innovation,政策简报,https://carnegieendowment.org/posts/2019/10/competing-with-china-on-technology-and-innovation,,已定位官方页面,P0-anchor,T4;T5;T6,L1,官方锚点,待编码,竞争与合作并置,,
C-CSET-548,cset,Center for Security and Emerging Technology,美国,2019-10-14,W2,Tianjin Municipal Action Plan for Military-Civil Fusion Special Projects in Intelligent Technology,中国科技政策英译,https://cset.georgetown.edu/publication/tianjin-municipal-action-plan-for-military-civil-fusion-special-projects-in-intelligent-technology/,,本地原文已保存,P1-China-tech-source,军民融合与国防科技,翻译材料，不代表机构观点,CSET涉华科技专题库,待编码,中国科技战略、创新体系、技术竞争与供应链专题复用,C:\Users\WINDOWS\OneDrive\知识库\智库信息爬虫\国际主要科技智库观点演变_研判\03_证据底稿\原文PDF\C-CSET-548.pdf,官方PDF已保存并校验
E-NISTEP-2019-IND,nistep,National Institute of Science and Technology Policy,日本,2019-11-01,W2,Digest of Japanese Science and Technology Indicators 2019,旗舰系列报告,https://www.nistep.go.jp/en/?page_id=52,,本地原文已保存,P1-early-series,科技实力指标；中国国际比较,机构正式观点,目录外早期增补,待编码,补足2016—2021连续序列与战略转向早期证据,C:\Users\WINDOWS\OneDrive\知识库\智库信息爬虫\国际主要科技智库观点演变_研判\03_证据底稿\原文PDF\E-NISTEP-2019-IND.pdf,官方PDF已保存并校验
S-NISTEP-2019-01,nistep,National Institute of Science and Technology Policy,日本,2019-11-01,W2,The 11th Science and Technology Foresight: S&T Foresight 2019,旗舰预见,https://www.nistep.go.jp/en/?page_id=56,C:\Users\WINDOWS\OneDrive\知识库\智库信息爬虫\国际主要科技智库观点演变_研判\03_证据底稿\原文PDF\S-NISTEP-2019-01.pdf,官方PDF全文已保存,P0-anchor,T3;T8;T10,L3,官方锚点,待编码,回溯与前瞻结合,,
C-NBR-787D6470AE,nbr,National Bureau of Asian Research,美国,2019-11-04,W2,Partial Disengagement A New U.S. Strategy for Economic Competition with China,NBR研究报告,https://www.nbr.org/publication/partial-disengagement-a-new-u-s-strategy-for-economic-competition-with-china/,,本地原文已保存,P0-China-tech-corpus,技术供应链与出口管制；创新体系、标准与知识产权,作者/项目正式研究,NBR科技与中国专题库/直接涉华科技/科技地缘经济基线,待编码,中国科技竞争、印太技术治理、供应链安全、创新合作及区域比较专题复用,C:\Users\WINDOWS\OneDrive\知识库\智库信息爬虫\国际主要科技智库观点演变_研判\03_证据底稿\网页文本\C-NBR-787D6470AE.txt,官方网页全文已保存
S-CH-2019-01,chatham-house,Chatham House,英国,2019-11-07,W2,US–China Strategic Competition: The Quest for Global Technological Leadership,研究报告,https://www.chathamhouse.org/2019/11/us-china-strategic-competition,C:\Users\WINDOWS\OneDrive\知识库\智库信息爬虫\国际主要科技智库观点演变_研判\03_证据底稿\原文PDF\S-CH-2019-01.pdf,官方PDF全文已保存,P0-anchor,T4;T5;T6;T7,L1,官方锚点,待编码,技术竞争与中间地带,,
C-CSET-552,cset,Center for Security and Emerging Technology,美国,2019-11-08,W2,Sensitive Science and Technology Protection Bill,中国科技政策英译,https://cset.georgetown.edu/publication/sensitive-science-and-technology-protection-bill/,,本地原文已保存,P1-China-tech-source,国家创新体系与产业政策,翻译材料，不代表机构观点,CSET涉华科技专题库,待编码,中国科技战略、创新体系、技术竞争与供应链专题复用,C:\Users\WINDOWS\OneDrive\知识库\智库信息爬虫\国际主要科技智库观点演变_研判\03_证据底稿\原文PDF\C-CSET-552.pdf,官方PDF已保存并校验
C-CSET-554,cset,Center for Security and Emerging Technology,美国,2019-11-14,W2,AI Innovation Action Plan for Institutions of Higher Education,中国科技政策英译,https://cset.georgetown.edu/publication/ai-innovation-action-plan-for-institutions-of-higher-education/,,本地原文已保存,P1-China-tech-source,人工智能与算力；科技人才与科研安全；军民融合与国防科技；国家创新体系与产业政策,翻译材料，不代表机构观点,CSET涉华科技专题库,待编码,中国科技战略、创新体系、技术竞争与供应链专题复用,C:\Users\WINDOWS\OneDrive\知识库\智库信息爬虫\国际主要科技智库观点演变_研判\03_证据底稿\原文PDF\C-CSET-554.pdf,官方PDF已保存并校验
C-CSET-556,cset,Center for Security and Emerging Technology,美国,2019-11-21,W2,Program to Build a National Technology Transfer System,中国科技政策英译,https://cset.georgetown.edu/publication/program-to-build-a-national-technology-transfer-system/,,本地原文已保存,P1-China-tech-source,科技人才与科研安全；技术转移与出口管制；军民融合与国防科技,翻译材料，不代表机构观点,CSET涉华科技专题库,待编码,中国科技战略、创新体系、技术竞争与供应链专题复用,C:\Users\WINDOWS\OneDrive\知识库\智库信息爬虫\国际主要科技智库观点演变_研判\03_证据底稿\原文PDF\C-CSET-556.pdf,官方PDF已保存并校验
C-CSET-1206,cset,Center for Security and Emerging Technology,美国,2019-11-27,W2,Outline of the National Plan for Medium- and Long-Term Education Reform and Development,中国科技政策英译,https://cset.georgetown.edu/publication/outline-of-the-national-plan-for-medium-and-long-term-education-reform-and-development/,,本地原文已保存,P1-China-tech-source,科技人才与科研安全；军民融合与国防科技,翻译材料，不代表机构观点,CSET涉华科技专题库,待编码,中国科技战略、创新体系、技术竞争与供应链专题复用,C:\Users\WINDOWS\OneDrive\知识库\智库信息爬虫\国际主要科技智库观点演变_研判\03_证据底稿\原文PDF\C-CSET-1206.pdf,官方PDF已保存并校验
E-ASPI-2019-MAP2,aspi,Australian Strategic Policy Institute,澳大利亚,2019-11-28,W2,Mapping More of China's Tech Giants: AI and Surveillance,涉华科技专题报告,https://www.aspi.org.au/report/mapping-more-chinas-tech-giants/,,本地原文已保存,P1-early-series,中国AI企业；监控技术,机构正式观点,目录外早期增补,待编码,补足2016—2021连续序列与战略转向早期证据,C:\Users\WINDOWS\OneDrive\知识库\智库信息爬虫\国际主要科技智库观点演变_研判\03_证据底稿\原文PDF\E-ASPI-2019-MAP2.pdf,官方PDF已保存并校验
C-CSET-712,cset,Center for Security and Emerging Technology,美国,2019-12-01,W2,Chinese Public AI R&D Spending: Provisional Findings,CSET原创研究报告,https://cset.georgetown.edu/publication/chinese-public-ai-rd-spending-provisional-findings/,,本地原文已保存,P0-China-tech-corpus,人工智能与算力；国家创新体系与产业政策,作者/项目正式研究,CSET涉华科技专题库,待编码,中国科技战略、创新体系、技术竞争与供应链专题复用,C:\Users\WINDOWS\OneDrive\知识库\智库信息爬虫\国际主要科技智库观点演变_研判\03_证据底稿\原文PDF\C-CSET-712.pdf,官方PDF已保存并校验
C-CSET-732,cset,Center for Security and Emerging Technology,美国,2019-12-01,W2,Maintaining the AI Chip Competitive Advantage of the United States and its Allies,CSET原创研究报告,https://cset.georgetown.edu/publication/maintaining-the-ai-chip-competitive-advantage-of-the-united-states-and-its-allies/,,本地原文已保存,P0-China-tech-corpus,人工智能与算力；技术转移与出口管制,作者/项目正式研究,CSET涉华科技专题库,待编码,中国科技战略、创新体系、技术竞争与供应链专题复用,C:\Users\WINDOWS\OneDrive\知识库\智库信息爬虫\国际主要科技智库观点演变_研判\03_证据底稿\原文PDF\C-CSET-732.pdf,官方PDF已保存并校验
C-CSET-987,cset,Center for Security and Emerging Technology,美国,2019-12-09,W2,National 13th Five-Year Plan for the Development of Strategic Emerging Industries,中国科技政策英译,https://cset.georgetown.edu/publication/national-13th-five-year-plan-for-the-development-of-strategic-emerging-industries/,,本地原文已保存,P1-China-tech-source,军民融合与国防科技；国家创新体系与产业政策,翻译材料，不代表机构观点,CSET涉华科技专题库,待编码,中国科技战略、创新体系、技术竞争与供应链专题复用,C:\Users\WINDOWS\OneDrive\知识库\智库信息爬虫\国际主要科技智库观点演变_研判\03_证据底稿\原文PDF\C-CSET-987.pdf,官方PDF已保存并校验
C-BRUEGEL-7E330CE417,bruegel,Bruegel,欧盟,2019-12-11,W2,Bridging the divide: new evidence about firms and digitalisation,policy-brief,https://www.bruegel.org/policy-brief/bridging-divide-new-evidence-about-firms-and-digitalisation,,本地原文已保存,P0-core-tech,人工智能、算力与数字技术,作者/项目正式研究,Bruegel科技与中国专题库/核心科技直接材料,待编码,欧洲科技创新、产业政策、关键技术、中欧竞争合作及经济安全专题复用,C:\Users\WINDOWS\OneDrive\知识库\智库信息爬虫\国际主要科技智库观点演变_研判\03_证据底稿\原文PDF\C-BRUEGEL-7E330CE417.pdf,官方PDF已保存并校验
C-CSET-1205,cset,Center for Security and Emerging Technology,美国,2019-12-11,W2,Outline of the National Innovation-Driven Development Strategy,中国科技政策英译,https://cset.georgetown.edu/publication/outline-of-the-national-innovation-driven-development-strategy/,,本地原文已保存,P1-China-tech-source,科技人才与科研安全；技术转移与出口管制；国家创新体系与产业政策,翻译材料，不代表机构观点,CSET涉华科技专题库,待编码,中国科技战略、创新体系、技术竞争与供应链专题复用,C:\Users\WINDOWS\OneDrive\知识库\智库信息爬虫\国际主要科技智库观点演变_研判\03_证据底稿\原文PDF\C-CSET-1205.pdf,官方PDF已保存并校验
C-BEL-AB8F5338AC,belfer,Belfer Center for Science and International Affairs,美国,2019-12-18,W2,The Case for Transatlantic Cooperation in the Indo-Pacific,研究报告与论文,https://www.belfercenter.org/publication/case-transatlantic-cooperation-indo-pacific,,本地原文已保存,P0-China-tech-corpus,人工智能、芯片与算力；网络安全与数字治理；技术供应链与出口管制,作者/项目正式研究,Belfer涉华科技专题库,待编码,中美科技竞争、数字安全、创新政策、能源技术及国防前沿技术专题复用,C:\Users\WINDOWS\OneDrive\知识库\智库信息爬虫\国际主要科技智库观点演变_研判\03_证据底稿\原文PDF\C-BEL-AB8F5338AC.pdf,官方PDF已保存并校验
S-FISI-2020-01,fraunhofer-isi,Fraunhofer Institute for Systems and Innovation Research ISI,德国,2020-01-01,W2,Technologiesouveränität: Von der Forderung zum Konzept,政策简报,https://www.isi.fraunhofer.de/de/competence-center/politik-gesellschaft/publikationen/thesenpapiere.html,C:\Users\WINDOWS\OneDrive\知识库\智库信息爬虫\国际主要科技智库观点演变_研判\03_证据底稿\原文PDF\S-FISI-2020-01.pdf,官方PDF全文已保存,P0-anchor,T1;T4;T5;T7,L2,官方锚点,待编码,技术主权概念化,,
C-NBR-062DB43D39,nbr,National Bureau of Asian Research,美国,2020-01-06,W2,China's Ten-Year Struggle against U.S. Financial Power,NBR评论,https://www.nbr.org/publication/chinas-ten-year-struggle-against-u-s-financial-power/,,本地原文已保存,P0-China-tech-corpus,网络安全与数字治理；创新体系、标准与知识产权,作者评论或论文,NBR科技与中国专题库/直接涉华科技/科技地缘经济基线,待编码,中国科技竞争、印太技术治理、供应链安全、创新合作及区域比较专题复用,C:\Users\WINDOWS\OneDrive\知识库\智库信息爬虫\国际主要科技智库观点演变_研判\03_证据底稿\网页文本\C-NBR-062DB43D39.txt,官方网页全文已保存
C-NBR-3F366CC44D,nbr,National Bureau of Asian Research,美国,2020-01-06,W2,Assessing the Dollar's Status as a Reserve Currency in a Multipolar World,NBR评论,https://www.nbr.org/publication/assessing-the-dollars-status-as-a-reserve-currency-in-a-multipolar-world/,,本地原文已保存,P0-China-tech-corpus,网络安全与数字治理；创新体系、标准与知识产权,作者评论或论文,NBR科技与中国专题库/含中国比较的印太技术材料/科技地缘经济基线,待编码,中国科技竞争、印太技术治理、供应链安全、创新合作及区域比较专题复用,C:\Users\WINDOWS\OneDrive\知识库\智库信息爬虫\国际主要科技智库观点演变_研判\03_证据底稿\网页文本\C-NBR-3F366CC44D.txt,官方网页全文已保存
C-CSET-1406,cset,Center for Security and Emerging Technology,美国,2020-01-08,W2,State Council Notice on the Publication of the National 13th Five-Year Plan for S&T Innovation,中国科技政策英译,https://cset.georgetown.edu/publication/state-council-notice-on-the-publication-of-the-national-13th-five-year-plan-for-st-innovation/,,本地原文已保存,P1-China-tech-source,军民融合与国防科技；国家创新体系与产业政策,翻译材料，不代表机构观点,CSET涉华科技专题库,待编码,中国科技战略、创新体系、技术竞争与供应链专题复用,C:\Users\WINDOWS\OneDrive\知识库\智库信息爬虫\国际主要科技智库观点演变_研判\03_证据底稿\原文PDF\C-CSET-1406.pdf,官方PDF已保存并校验
C-CSET-1403,cset,Center for Security and Emerging Technology,美国,2020-01-15,W2,WAIC Artificial Intelligence Security and Rule of Law Guidelines,中国科技政策英译,https://cset.georgetown.edu/publication/waic-artificial-intelligence-security-and-rule-of-law-guidelines/,,本地原文已保存,P1-China-tech-source,人工智能与算力,翻译材料，不代表机构观点,CSET涉华科技专题库,待编码,中国科技战略、创新体系、技术竞争与供应链专题复用,C:\Users\WINDOWS\OneDrive\知识库\智库信息爬虫\国际主要科技智库观点演变_研判\03_证据底稿\原文PDF\C-CSET-1403.pdf,官方PDF已保存并校验
C-CSET-1376,cset,Center for Security and Emerging Technology,美国,2020-01-23,W2,The Question of Comparative Advantage in Artificial Intelligence: Enduring Strengths and Emerging Challenges for the United States,CSET原创研究报告,https://cset.georgetown.edu/publication/the-question-of-comparative-advantage-in-artificial-intelligence-enduring-strengths-and-emerging-challenges-for-the-united-states/,,本地原文已保存,P0-China-tech-corpus,人工智能与算力,作者/项目正式研究,CSET涉华科技专题库,待编码,中国科技战略、创新体系、技术竞争与供应链专题复用,C:\Users\WINDOWS\OneDrive\知识库\智库信息爬虫\国际主要科技智库观点演变_研判\03_证据底稿\原文PDF\C-CSET-1376.pdf,官方PDF已保存并校验
C-CSET-1618,cset,Center for Security and Emerging Technology,美国,2020-02-01,W2,Recommendations on Export Controls for Artificial Intelligence,CSET原创研究报告,https://cset.georgetown.edu/publication/recommendations-on-export-controls-for-artificial-intelligence/,,本地原文已保存,P0-China-tech-corpus,人工智能与算力；技术转移与出口管制,作者/项目正式研究,CSET涉华科技专题库,待编码,中国科技战略、创新体系、技术竞争与供应链专题复用,C:\Users\WINDOWS\OneDrive\知识库\智库信息爬虫\国际主要科技智库观点演变_研判\03_证据底稿\原文PDF\C-CSET-1618.pdf,官方PDF已保存并校验
C-BRUEGEL-80BF6143DA,bruegel,Bruegel,欧盟,2020-02-06,W2,From climate change to cyber attacks: Incipient financial-stability risks for the euro area,policy-brief,https://www.bruegel.org/policy-brief/climate-change-cyber-attacks-incipient-financial-stability-risks-euro-area,,本地原文已保存,P0-core-tech,欧洲科技产业与经济安全政策,作者/项目正式研究,Bruegel科技与中国专题库/核心科技直接材料,待编码,欧洲科技创新、产业政策、关键技术、中欧竞争合作及经济安全专题复用,C:\Users\WINDOWS\OneDrive\知识库\智库信息爬虫\国际主要科技智库观点演变_研判\03_证据底稿\原文PDF\C-BRUEGEL-80BF6143DA.pdf,官方PDF已保存并校验
C-CSET-1740,cset,Center for Security and Emerging Technology,美国,2020-02-13,W2,Notice on Applying for 2020 National Foreign Expert Projects,中国科技政策英译,https://cset.georgetown.edu/publication/notice-on-applying-for-2020-national-foreign-expert-projects/,,本地原文已保存,P1-China-tech-source,科技人才与科研安全,翻译材料，不代表机构观点,CSET涉华科技专题库,待编码,中国科技战略、创新体系、技术竞争与供应链专题复用,C:\Users\WINDOWS\OneDrive\知识库\智库信息爬虫\国际主要科技智库观点演变_研判\03_证据底稿\原文PDF\C-CSET-1740.pdf,官方PDF已保存并校验
E-CSIS-2020-DRIVE,csis,Center for Strategic and International Studies,美国,2020-02-27,W2,China’s Uneven High-Tech Drive: Implications for the United States,涉华科技专题报告,https://www.csis.org/analysis/chinas-uneven-high-tech-drive-implications-united-states,,本地原文已保存,P1-early-series,中国高技术产业；竞争力,机构正式观点,目录外早期增补,待编码,补足2016—2021连续序列与战略转向早期证据,C:\Users\WINDOWS\OneDrive\知识库\智库信息爬虫\国际主要科技智库观点演变_研判\03_证据底稿\原文PDF\E-CSIS-2020-DRIVE.pdf,官方PDF已保存并校验
C-CSET-1742,cset,Center for Security and Emerging Technology,美国,2020-03-01,W2,Notice Regarding the Establishment of the Ministry of Education AI Technology Innovation Expert Group,中国科技政策英译,https://cset.georgetown.edu/publication/notice-of-the-office-of-the-ministry-of-education-regarding-the-establishment-of-the-ministry-of-education-ai-technology-innovation-expert-group/,,本地原文已保存,P1-China-tech-source,人工智能与算力；科技人才与科研安全；国家创新体系与产业政策,翻译材料，不代表机构观点,CSET涉华科技专题库,待编码,中国科技战略、创新体系、技术竞争与供应链专题复用,C:\Users\WINDOWS\OneDrive\知识库\智库信息爬虫\国际主要科技智库观点演变_研判\03_证据底稿\原文PDF\C-CSET-1742.pdf,官方PDF已保存并校验
C-CSET-1744,cset,Center for Security and Emerging Technology,美国,2020-03-11,W2,China Creates National New Generation Artificial Intelligence Innovation and Development Pilot Zones,中国科技政策英译,https://cset.georgetown.edu/publication/china-creates-national-new-generation-artificial-intelligence-innovation-and-development-pilot-zones/,,本地原文已保存,P1-China-tech-source,人工智能与算力；军民融合与国防科技；国家创新体系与产业政策,翻译材料，不代表机构观点,CSET涉华科技专题库,待编码,中国科技战略、创新体系、技术竞争与供应链专题复用,C:\Users\WINDOWS\OneDrive\知识库\智库信息爬虫\国际主要科技智库观点演变_研判\03_证据底稿\原文PDF\C-CSET-1744.pdf,官方PDF已保存并校验
C-NBR-E27FC99DE4,nbr,National Bureau of Asian Research,美国,2020-03-16,W2,Data Security in a 5G World Why It Matters More than Ever,NBR评论,https://www.nbr.org/publication/data-security-in-a-5g-world-why-it-matters-more-than-ever/,,本地原文已保存,P0-China-tech-corpus,人工智能、芯片与算力；网络安全与数字治理；技术供应链与出口管制；创新体系、标准与知识产权；生物、量子及其他前沿技术,作者评论或论文,NBR科技与中国专题库/含中国比较的印太技术材料/核心科技直接材料,待编码,中国科技竞争、印太技术治理、供应链安全、创新合作及区域比较专题复用,C:\Users\WINDOWS\OneDrive\知识库\智库信息爬虫\国际主要科技智库观点演变_研判\03_证据底稿\网页文本\C-NBR-E27FC99DE4.txt,官方网页全文已保存
C-CSET-1747,cset,Center for Security and Emerging Technology,美国,2020-03-17,W2,Notice Declaring the 2019 High-End Foreign Expert Recruitment Plan,中国科技政策英译,https://cset.georgetown.edu/publication/notice-of-the-office-of-the-ministry-of-science-and-technology-declaring-the-2019-high-end-foreign-expert-recruitment-plan/,,本地原文已保存,P1-China-tech-source,科技人才与科研安全；军民融合与国防科技；国家创新体系与产业政策,翻译材料，不代表机构观点,CSET涉华科技专题库,待编码,中国科技战略、创新体系、技术竞争与供应链专题复用,C:\Users\WINDOWS\OneDrive\知识库\智库信息爬虫\国际主要科技智库观点演变_研判\03_证据底稿\原文PDF\C-CSET-1747.pdf,官方PDF已保存并校验
C-MERICS-565B130899,merics,MERICS Industrial Policy and Technology,德国,2020-03-18,W2,Export controls and the US-China tech war,MERICS研究报告,https://merics.org/en/report/export-controls-and-us-china-tech-war,,本地原文已保存,P1-tech-geoeconomic-baseline,供应链、技术管制与经济安全,作者/项目正式研究,MERICS科技与中国专题库/科技产业与经济安全基线,待编码,中国科技创新、产业政策、数字治理、供应链与欧洲对华经济安全专题复用,C:\Users\WINDOWS\OneDrive\知识库\智库信息爬虫\国际主要科技智库观点演变_研判\03_证据底稿\原文PDF\C-MERICS-565B130899.pdf,官方PDF已保存并校验
C-CSET-1749,cset,Center for Security and Emerging Technology,美国,2020-03-24,W2,Guidelines for National New Generation Artificial Intelligence Innovation and Development Pilot Zone Construction Work,中国科技政策英译,https://cset.georgetown.edu/publication/guidelines-for-national-new-generation-artificial-intelligence-innovation-and-development-pilot-zone-construction-work/,,本地原文已保存,P1-China-tech-source,人工智能与算力；国家创新体系与产业政策,翻译材料，不代表机构观点,CSET涉华科技专题库,待编码,中国科技战略、创新体系、技术竞争与供应链专题复用,C:\Users\WINDOWS\OneDrive\知识库\智库信息爬虫\国际主要科技智库观点演变_研判\03_证据底稿\原文PDF\C-CSET-1749.pdf,官方PDF已保存并校验
C-CSET-1788,cset,Center for Security and Emerging Technology,美国,2020-04-01,W2,Why AI Chips Matter,CSET原创研究报告,https://cset.georgetown.edu/publication/why-ai-chips-matter/,,本地原文已保存,P0-China-tech-corpus,人工智能与算力,作者/项目正式研究,CSET涉华科技专题库,待编码,中国科技战略、创新体系、技术竞争与供应链专题复用,C:\Users\WINDOWS\OneDrive\知识库\智库信息爬虫\国际主要科技智库观点演变_研判\03_证据底稿\原文PDF\C-CSET-1788.pdf,官方PDF已保存并校验
C-CSET-1792,cset,Center for Security and Emerging Technology,美国,2020-04-01,W2,AI Chips: What They Are and Why They Matter,CSET原创研究报告,https://cset.georgetown.edu/publication/ai-chips-what-they-are-and-why-they-matter/,,本地原文已保存,P0-China-tech-corpus,人工智能与算力；军民融合与国防科技,作者/项目正式研究,CSET涉华科技专题库,待编码,中国科技战略、创新体系、技术竞争与供应链专题复用,C:\Users\WINDOWS\OneDrive\知识库\智库信息爬虫\国际主要科技智库观点演变_研判\03_证据底稿\原文PDF\C-CSET-1792.pdf,官方PDF已保存并校验
C-CSET-1816,cset,Center for Security and Emerging Technology,美国,2020-04-01,W2,Untangling the Web: Why the U.S. Needs Allies to Defend Against Chinese Technology Transfer,CSET原创研究报告,https://cset.georgetown.edu/publication/untangling-the-web-why-the-u-s-needs-allies-to-defend-against-chinese-technology-transfer/,,本地原文已保存,P0-China-tech-corpus,技术转移与出口管制；数字治理与网络安全,作者/项目正式研究,CSET涉华科技专题库,待编码,中国科技战略、创新体系、技术竞争与供应链专题复用,C:\Users\WINDOWS\OneDrive\知识库\智库信息爬虫\国际主要科技智库观点演变_研判\03_证据底稿\原文PDF\C-CSET-1816.pdf,官方PDF已保存并校验
C-CSET-1819,cset,Center for Security and Emerging Technology,美国,2020-04-01,W2,Maintaining China’s Dependence on Democracies for Advanced Computer Chips,CSET原创研究报告,https://cset.georgetown.edu/publication/maintaining-chinas-dependence-on-democracies-for-advanced-computer-chips/,,本地原文已保存,P0-China-tech-corpus,人工智能与算力,作者/项目正式研究,CSET涉华科技专题库,待编码,中国科技战略、创新体系、技术竞争与供应链专题复用,C:\Users\WINDOWS\OneDrive\知识库\智库信息爬虫\国际主要科技智库观点演变_研判\03_证据底稿\原文PDF\C-CSET-1819.pdf,官方PDF已保存并校验
C-CSET-1822,cset,Center for Security and Emerging Technology,美国,2020-04-01,W2,"China’s Approach to Tech Talent Competition: Policies, Results, and the Developing Global Response",CSET原创研究报告,https://cset.georgetown.edu/publication/chinas-approach-to-tech-talent-competition-policies-results-and-the-developing-global-response/,,本地原文已保存,P0-China-tech-corpus,科技人才与科研安全；国家创新体系与产业政策,作者/项目正式研究,CSET涉华科技专题库,待编码,中国科技战略、创新体系、技术竞争与供应链专题复用,C:\Users\WINDOWS\OneDrive\知识库\智库信息爬虫\国际主要科技智库观点演变_研判\03_证据底稿\原文PDF\C-CSET-1822.pdf,官方PDF已保存并校验
C-NBR-CC06B8B7E4,nbr,National Bureau of Asian Research,美国,2020-04-01,W2,What Covid-19 Reveals about the Risks of Global Medical Supply Chains,NBR访谈,https://www.nbr.org/publication/what-covid-19-reveals-about-the-risks-of-global-medical-supply-chains/,,本地原文已保存,P0-China-tech-corpus,人工智能、芯片与算力；技术供应链与出口管制；创新体系、标准与知识产权,作者访谈,NBR科技与中国专题库/含中国比较的印太技术材料/核心科技直接材料,待编码,中国科技竞争、印太技术治理、供应链安全、创新合作及区域比较专题复用,C:\Users\WINDOWS\OneDrive\知识库\智库信息爬虫\国际主要科技智库观点演变_研判\03_证据底稿\网页文本\C-NBR-CC06B8B7E4.txt,官方网页全文已保存
C-NBR-2D49B967C4,nbr,National Bureau of Asian Research,美国,2020-04-10,W2,Covid-19’s Challenge to U.S. Leadership,NBR评论,https://www.nbr.org/publication/covid-19s-challenge-to-u-s-leadership/,,本地原文已保存,P0-China-tech-corpus,网络安全与数字治理；技术供应链与出口管制；创新体系、标准与知识产权,作者评论或论文,NBR科技与中国专题库/含中国比较的印太技术材料/科技地缘经济基线,待编码,中国科技竞争、印太技术治理、供应链安全、创新合作及区域比较专题复用,C:\Users\WINDOWS\OneDrive\知识库\智库信息爬虫\国际主要科技智库观点演变_研判\03_证据底稿\网页文本\C-NBR-2D49B967C4.txt,官方网页全文已保存
E-CSIS-2020-301,csis,Center for Strategic and International Studies,美国,2020-04-10,W2,"Section 301 Investigation: China’s Acts, Policies and Practices Related to Technology Transfer, Intellectual Property, and Innovation",涉华科技专题报告,https://www.csis.org/analysis/section-301-investigation,,本地原文已保存,P1-early-series,技术转移；知识产权；产业政策,机构正式观点,目录外早期增补,待编码,补足2016—2021连续序列与战略转向早期证据,C:\Users\WINDOWS\OneDrive\知识库\智库信息爬虫\国际主要科技智库观点演变_研判\03_证据底稿\原文PDF\E-CSIS-2020-301.pdf,官方PDF已保存并校验
S-ITIF-2020-01,itif,Information Technology and Innovation Foundation,美国,2020-04-13,W2,The Case for a National Industrial Strategy to Counter China’s Technological Rise,正式报告,https://itif.org/publications/2020/04/13/case-national-industrial-strategy-counter-chinas-technological-rise/,C:\Users\WINDOWS\OneDrive\知识库\智库信息爬虫\国际主要科技智库观点演变_研判\03_证据底稿\原文PDF\S-ITIF-2020-01.pdf,官方PDF全文已保存,P0-anchor,T1;T2;T5;T6;T7,L2,官方锚点,待编码,国家产业战略与关键能力,,
C-CSET-1783,cset,Center for Security and Emerging Technology,美国,2020-04-15,W2,Profiles of Members of China’s New Generation Artificial Intelligence Strategic Advisory Committee,中国科技政策英译,https://cset.georgetown.edu/publication/profiles-of-members-of-chinas-new-generation-artificial-intelligence-strategic-advisory-committee/,,本地原文已保存,P1-China-tech-source,人工智能与算力,翻译材料，不代表机构观点,CSET涉华科技专题库,待编码,中国科技战略、创新体系、技术竞争与供应链专题复用,C:\Users\WINDOWS\OneDrive\知识库\智库信息爬虫\国际主要科技智库观点演变_研判\03_证据底稿\原文PDF\C-CSET-1783.pdf,官方PDF已保存并校验
C-NBR-BC3DC9DDC8,nbr,National Bureau of Asian Research,美国,2020-05-01,W2,The Emerging Public Health Challenges of Data Access in an Era of Globalization,NBR评论,https://www.nbr.org/publication/the-emerging-public-health-challenges-of-data-access-in-an-era-of-globalization/,,本地原文已保存,P0-China-tech-corpus,人工智能、芯片与算力；网络安全与数字治理；创新体系、标准与知识产权；生物、量子及其他前沿技术,作者评论或论文,NBR科技与中国专题库/含中国比较的印太技术材料/核心科技直接材料,待编码,中国科技竞争、印太技术治理、供应链安全、创新合作及区域比较专题复用,C:\Users\WINDOWS\OneDrive\知识库\智库信息爬虫\国际主要科技智库观点演变_研判\03_证据底稿\网页文本\C-NBR-BC3DC9DDC8.txt,官方网页全文已保存
C-CSET-1984,cset,Center for Security and Emerging Technology,美国,2020-05-13,W2,China Scholarship Council Subsidized Study Abroad Agreement,中国科技政策英译,https://cset.georgetown.edu/publication/china-scholarship-council-subsidized-study-abroad-agreement/,,本地原文已保存,P1-China-tech-source,科技人才与科研安全,翻译材料，不代表机构观点,CSET涉华科技专题库,待编码,中国科技战略、创新体系、技术竞争与供应链专题复用,C:\Users\WINDOWS\OneDrive\知识库\智库信息爬虫\国际主要科技智库观点演变_研判\03_证据底稿\原文PDF\C-CSET-1984.pdf,官方PDF已保存并校验
C-CSET-1986,cset,Center for Security and Emerging Technology,美国,2020-05-13,W2,Artificial Intelligence Standardization White Paper,中国科技政策英译,https://cset.georgetown.edu/publication/artificial-intelligence-standardization-white-paper/,,本地原文已保存,P1-China-tech-source,人工智能与算力,翻译材料，不代表机构观点,CSET涉华科技专题库,待编码,中国科技战略、创新体系、技术竞争与供应链专题复用,C:\Users\WINDOWS\OneDrive\知识库\智库信息爬虫\国际主要科技智库观点演变_研判\03_证据底稿\原文PDF\C-CSET-1986.pdf,官方PDF已保存并校验
C-NBR-51B65A1460,nbr,National Bureau of Asian Research,美国,2020-05-19,W2,Networked Benefits: Realizing the Potential of 5G in South Korea,NBR研究报告,https://www.nbr.org/publication/networked-benefits-realizing-the-potential-of-5g-in-south-korea/,,本地原文已保存,P1-regional-tech-baseline,网络安全与数字治理；创新体系、标准与知识产权,作者/项目正式研究,NBR科技与中国专题库/区域技术基线/核心科技直接材料,待编码,中国科技竞争、印太技术治理、供应链安全、创新合作及区域比较专题复用,C:\Users\WINDOWS\OneDrive\知识库\智库信息爬虫\国际主要科技智库观点演变_研判\03_证据底稿\网页文本\C-NBR-51B65A1460.txt,官方网页全文已保存
C-MERICS-13033CC87A,merics,MERICS Industrial Policy and Technology,德国,2020-05-29,W2,China’s digital platform economy: Assessing developments towards Industry 4.0,MERICS研究报告,https://merics.org/en/report/chinas-digital-platform-economy-assessing-developments-towards-industry-40,,本地原文已保存,P0-China-tech-corpus,网络安全、数据与数字治理；先进制造、机器人与交通技术,作者/项目正式研究,MERICS科技与中国专题库/核心科技直接材料,待编码,中国科技创新、产业政策、数字治理、供应链与欧洲对华经济安全专题复用,C:\Users\WINDOWS\OneDrive\知识库\智库信息爬虫\国际主要科技智库观点演变_研判\03_证据底稿\原文PDF\C-MERICS-13033CC87A.pdf,官方PDF已保存并校验
C-BRUEGEL-2ED891EDE7,bruegel,Bruegel,欧盟,2020-06-15,W2,"Occupational change, artificial intelligence and the geography of EU labour markets",working-paper,https://www.bruegel.org/working-paper/occupational-change-artificial-intelligence-and-geography-eu-labour-markets,,本地原文已保存,P0-core-tech,人工智能、算力与数字技术；机器人、自动化与技术就业,作者/项目正式研究,Bruegel科技与中国专题库/核心科技直接材料,待编码,欧洲科技创新、产业政策、关键技术、中欧竞争合作及经济安全专题复用,C:\Users\WINDOWS\OneDrive\知识库\智库信息爬虫\国际主要科技智库观点演变_研判\03_证据底稿\原文PDF\C-BRUEGEL-2ED891EDE7.pdf,官方PDF已保存并校验
C-CSET-3077,cset,Center for Security and Emerging Technology,美国,2020-06-29,W2,Situation Report on CAS’ Work on the “Youth Thousand Talents Program”,中国科技政策英译,https://cset.georgetown.edu/publication/situation-report-on-cas-work-on-the-youth-thousand-talents-program/,,本地原文已保存,P1-China-tech-source,科技人才与科研安全,翻译材料，不代表机构观点,CSET涉华科技专题库,待编码,中国科技战略、创新体系、技术竞争与供应链专题复用,C:\Users\WINDOWS\OneDrive\知识库\智库信息爬虫\国际主要科技智库观点演变_研判\03_证据底稿\原文PDF\C-CSET-3077.pdf,官方PDF已保存并校验
C-CSET-2816,cset,Center for Security and Emerging Technology,美国,2020-06-30,W2,2019 Chinese Academy of Sciences Talent Program Application Guide,中国科技政策英译,https://cset.georgetown.edu/publication/2019-chinese-academy-of-sciences-talent-program-application-guide/,,本地原文已保存,P1-China-tech-source,科技人才与科研安全；军民融合与国防科技；国家创新体系与产业政策,翻译材料，不代表机构观点,CSET涉华科技专题库,待编码,中国科技战略、创新体系、技术竞争与供应链专题复用,C:\Users\WINDOWS\OneDrive\知识库\智库信息爬虫\国际主要科技智库观点演变_研判\03_证据底稿\原文PDF\C-CSET-2816.pdf,官方PDF已保存并校验
C-CSET-3076,cset,Center for Security and Emerging Technology,美国,2020-07-01,W2,The Chinese Academy of Sciences Hefei Institutes of Physical Science: Recruiting Outstanding Domestic and Foreign Talent,中国科技政策英译,https://cset.georgetown.edu/publication/the-chinese-academy-of-sciences-hefei-institutes-of-physical-science-recruiting-outstanding-domestic-and-foreign-talent/,,本地原文已保存,P1-China-tech-source,科技人才与科研安全；国家创新体系与产业政策,翻译材料，不代表机构观点,CSET涉华科技专题库,待编码,中国科技战略、创新体系、技术竞争与供应链专题复用,C:\Users\WINDOWS\OneDrive\知识库\智库信息爬虫\国际主要科技智库观点演变_研判\03_证据底稿\原文PDF\C-CSET-3076.pdf,官方PDF已保存并校验
C-NBR-5FF8763A08,nbr,National Bureau of Asian Research,美国,2020-07-01,W2,Balancing Standards: U.S. and Chinese Strategies for Developing Technical Standards in AI,NBR评论,https://www.nbr.org/publication/balancing-standards-u-s-and-chinese-strategies-for-developing-technical-standards-in-ai/,,本地原文已保存,P0-China-tech-corpus,人工智能、芯片与算力；网络安全与数字治理；创新体系、标准与知识产权,作者评论或论文,NBR科技与中国专题库/直接涉华科技/核心科技直接材料,待编码,中国科技竞争、印太技术治理、供应链安全、创新合作及区域比较专题复用,C:\Users\WINDOWS\OneDrive\知识库\智库信息爬虫\国际主要科技智库观点演变_研判\03_证据底稿\网页文本\C-NBR-5FF8763A08.txt,官方网页全文已保存
C-CSET-2711,cset,Center for Security and Emerging Technology,美国,2020-07-15,W2,The China Scholarship Council: An Overview,CSET原创研究报告,https://cset.georgetown.edu/publication/the-china-scholarship-council-an-overview/,,本地原文已保存,P0-China-tech-corpus,科技人才与科研安全,作者/项目正式研究,CSET涉华科技专题库,待编码,中国科技战略、创新体系、技术竞争与供应链专题复用,C:\Users\WINDOWS\OneDrive\知识库\智库信息爬虫\国际主要科技智库观点演变_研判\03_证据底稿\原文PDF\C-CSET-2711.pdf,官方PDF已保存并校验
C-ATL-260635,atlantic-council-geotech,Atlantic Council,美国,2020-07-16,W2,A strategic concept for countering Russian and Chinese hybrid threats,正式研究报告,https://www.atlanticcouncil.org/in-depth-research-reports/a-strategic-concept-for-countering-russian-and-chinese-hybrid-threats/,,本地原文已保存,P0-China-tech-corpus,综合科技竞争,作者/项目正式研究,Atlantic Council涉华科技专题库,待编码,中国科技竞争、数字治理、产业链安全及美国盟友政策专题复用,C:\Users\WINDOWS\OneDrive\知识库\智库信息爬虫\国际主要科技智库观点演变_研判\03_证据底稿\原文PDF\C-ATL-260635.pdf,官方PDF已保存并校验
C-CSET-2791,cset,Center for Security and Emerging Technology,美国,2020-07-21,W2,Overseas Professionals and Technology Transfer to China,CSET原创研究报告,https://cset.georgetown.edu/publication/overseas-professionals-and-technology-transfer-to-china/,,本地原文已保存,P0-China-tech-corpus,技术转移与出口管制,作者/项目正式研究,CSET涉华科技专题库,待编码,中国科技战略、创新体系、技术竞争与供应链专题复用,C:\Users\WINDOWS\OneDrive\知识库\智库信息爬虫\国际主要科技智库观点演变_研判\03_证据底稿\原文PDF\C-CSET-2791.pdf,官方PDF已保存并校验
C-CSET-2814,cset,Center for Security and Emerging Technology,美国,2020-07-22,W2,Detailed Rules for the Implementation of the 2016 “State Scholarship for Outstanding Self-Financed Study Abroad Students”,中国科技政策英译,https://cset.georgetown.edu/publication/detailed-rules-for-the-implementation-of-the-2016-state-scholarship-for-outstanding-self-financed-study-abroad-students/,,本地原文已保存,P1-China-tech-source,科技人才与科研安全,翻译材料，不代表机构观点,CSET涉华科技专题库,待编码,中国科技战略、创新体系、技术竞争与供应链专题复用,C:\Users\WINDOWS\OneDrive\知识库\智库信息爬虫\国际主要科技智库观点演变_研判\03_证据底稿\原文PDF\C-CSET-2814.pdf,官方PDF已保存并校验
C-CSET-2815,cset,Center for Security and Emerging Technology,美国,2020-07-22,W2,Detailed Rules for the “Thousand Talents Program” High-Level Foreign Expert Project,中国科技政策英译,https://cset.georgetown.edu/publication/detailed-rules-for-the-thousand-talents-program-high-level-foreign-expert-project/,,本地原文已保存,P1-China-tech-source,科技人才与科研安全,翻译材料，不代表机构观点,CSET涉华科技专题库,待编码,中国科技战略、创新体系、技术竞争与供应链专题复用,C:\Users\WINDOWS\OneDrive\知识库\智库信息爬虫\国际主要科技智库观点演变_研判\03_证据底稿\原文PDF\C-CSET-2815.pdf,官方PDF已保存并校验
C-CSET-2792,cset,Center for Security and Emerging Technology,美国,2020-07-23,W2,Messier than Oil: Assessing Data Advantage in Military AI,CSET原创研究报告,https://cset.georgetown.edu/publication/messier-than-oil-assessing-data-advantage-in-military-ai/,,本地原文已保存,P0-China-tech-corpus,人工智能与算力；军民融合与国防科技；数字治理与网络安全,作者/项目正式研究,CSET涉华科技专题库,待编码,中国科技战略、创新体系、技术竞争与供应链专题复用,C:\Users\WINDOWS\OneDrive\知识库\智库信息爬虫\国际主要科技智库观点演变_研判\03_证据底稿\原文PDF\C-CSET-2792.pdf,官方PDF已保存并校验
C-BEL-0B480CE661,belfer,Belfer Center for Science and International Affairs,美国,2020-07-28,W2,Is China's Hydrogen Economy Coming?,研究报告与论文,https://www.belfercenter.org/publication/chinas-hydrogen-economy-coming,,本地原文已保存,P0-China-tech-corpus,人工智能、芯片与算力；网络安全与数字治理；创新体系与产业政策；生物、量子及其他前沿技术,作者/项目正式研究,Belfer涉华科技专题库,待编码,中美科技竞争、数字安全、创新政策、能源技术及国防前沿技术专题复用,C:\Users\WINDOWS\OneDrive\知识库\智库信息爬虫\国际主要科技智库观点演变_研判\03_证据底稿\原文PDF\C-BEL-0B480CE661.pdf,官方PDF已保存并校验
C-CSET-3081,cset,Center for Security and Emerging Technology,美国,2020-08-05,W2,"Characteristics of, and Lessons from, the U.S. Legal System for Military-Civil Fusion",中国科技政策英译,https://cset.georgetown.edu/publication/characteristics-of-and-lessons-from-the-us-legal-system-for-military-civil-fusion/,,本地原文已保存,P1-China-tech-source,科技人才与科研安全；军民融合与国防科技；国家创新体系与产业政策,翻译材料，不代表机构观点,CSET涉华科技专题库,待编码,中国科技战略、创新体系、技术竞争与供应链专题复用,C:\Users\WINDOWS\OneDrive\知识库\智库信息爬虫\国际主要科技智库观点演变_研判\03_证据底稿\原文PDF\C-CSET-3081.pdf,官方PDF已保存并校验
C-CSET-3086,cset,Center for Security and Emerging Technology,美国,2020-08-05,W2,Export Control Law of the People’s Republic of China (Draft) (Second Version),中国科技政策英译,https://cset.georgetown.edu/publication/export-control-law-of-the-peoples-republic-of-china-draft-second-version/,,本地原文已保存,P1-China-tech-source,技术转移与出口管制；军民融合与国防科技,翻译材料，不代表机构观点,CSET涉华科技专题库,待编码,中国科技战略、创新体系、技术竞争与供应链专题复用,C:\Users\WINDOWS\OneDrive\知识库\智库信息爬虫\国际主要科技智库观点演变_研判\03_证据底稿\原文PDF\C-CSET-3086.pdf,官方PDF已保存并校验
C-CSET-3094,cset,Center for Security and Emerging Technology,美国,2020-08-05,W2,Chinese Perspectives on AI and Future Military Capabilities,CSET原创研究报告,https://cset.georgetown.edu/publication/chinese-perspectives-on-ai-and-future-military-capabilities/,,本地原文已保存,P0-China-tech-corpus,人工智能与算力；军民融合与国防科技,作者/项目正式研究,CSET涉华科技专题库,待编码,中国科技战略、创新体系、技术竞争与供应链专题复用,C:\Users\WINDOWS\OneDrive\知识库\智库信息爬虫\国际主要科技智库观点演变_研判\03_证据底稿\原文PDF\C-CSET-3094.pdf,官方PDF已保存并校验
C-ATL-286437,atlantic-council-geotech,Atlantic Council,美国,2020-08-13,W2,Future of DHS Project: Key findings and recommendations,议题简报,https://www.atlanticcouncil.org/content-series/future-of-dhs/future-of-dhs-project-key-findings-and-recommendations/,,本地原文已保存,P0-China-tech-corpus,综合科技竞争,作者/项目政策简报,Atlantic Council涉华科技专题库,待编码,中国科技竞争、数字治理、产业链安全及美国盟友政策专题复用,C:\Users\WINDOWS\OneDrive\知识库\智库信息爬虫\国际主要科技智库观点演变_研判\03_证据底稿\原文PDF\C-ATL-286437.pdf,官方PDF已保存并校验
C-CSET-3209,cset,Center for Security and Emerging Technology,美国,2020-08-18,W2,The Youth Thousand Talents Plan and China’s Military,CSET原创研究报告,https://cset.georgetown.edu/publication/the-youth-thousand-talents-plan-and-chinas-military/,,本地原文已保存,P0-China-tech-corpus,科技人才与科研安全；军民融合与国防科技；国家创新体系与产业政策,作者/项目正式研究,CSET涉华科技专题库,待编码,中国科技战略、创新体系、技术竞争与供应链专题复用,C:\Users\WINDOWS\OneDrive\知识库\智库信息爬虫\国际主要科技智库观点演变_研判\03_证据底稿\原文PDF\C-CSET-3209.pdf,官方PDF已保存并校验
C-CSET-3419,cset,Center for Security and Emerging Technology,美国,2020-08-18,W2,2017 Budget of the Former State Administration of Foreign Experts Affairs,中国科技政策英译,https://cset.georgetown.edu/publication/2017-budget-of-the-former-state-administration-of-foreign-experts-affairs/,,本地原文已保存,P1-China-tech-source,国家创新体系与产业政策,翻译材料，不代表机构观点,CSET涉华科技专题库,待编码,中国科技战略、创新体系、技术竞争与供应链专题复用,C:\Users\WINDOWS\OneDrive\知识库\智库信息爬虫\国际主要科技智库观点演变_研判\03_证据底稿\原文PDF\C-CSET-3419.pdf,官方PDF已保存并校验
E-MERICS-2020-DECOUPLING,merics-tech,MERICS Industrial Policy and Technology,德国,2020-08-20,W2,Resilience and Decoupling in the Era of Great Power Competition,涉华科技专题报告,https://merics.org/en/report/resilience-and-decoupling-era-great-power-competition,,本地原文已保存,P1-early-series,中美科技竞争；脱钩；韧性,机构正式观点,目录外早期增补,待编码,补足2016—2021连续序列与战略转向早期证据,C:\Users\WINDOWS\OneDrive\知识库\智库信息爬虫\国际主要科技智库观点演变_研判\03_证据底稿\原文PDF\E-MERICS-2020-DECOUPLING.pdf,官方PDF已保存并校验
C-NBR-0644046702,nbr,National Bureau of Asian Research,美国,2020-08-28,W2,The United States’ Choices amid China’s Rise,NBR访谈,https://www.nbr.org/publication/the-united-states-choices-amid-chinas-rise/,,本地原文已保存,P0-China-tech-corpus,网络安全与数字治理；创新体系、标准与知识产权,作者访谈,NBR科技与中国专题库/直接涉华科技/科技地缘经济基线,待编码,中国科技竞争、印太技术治理、供应链安全、创新合作及区域比较专题复用,C:\Users\WINDOWS\OneDrive\知识库\智库信息爬虫\国际主要科技智库观点演变_研判\03_证据底稿\网页文本\C-NBR-0644046702.txt,官方网页全文已保存
S-CSIS-2020-01,csis,Center for Strategic and International Studies,美国,2020-09-01,W2,"From Industrial Policy to Innovation Strategy: Lessons from Japan, Europe, and the United States",正式报告,https://www.csis.org/analysis/industrial-policy-innovation-strategy-lessons-japan-europe-and-united-states,C:\Users\WINDOWS\OneDrive\知识库\智库信息爬虫\国际主要科技智库观点演变_研判\03_证据底稿\原文PDF\S-CSIS-2020-01.pdf,官方PDF全文已保存,P0-anchor,T1;T2;T5;T6,L1,官方锚点,待编码,主动创新战略,,
C-CSET-3402,cset,Center for Security and Emerging Technology,美国,2020-09-02,W2,Revisions to the Content of the Catalog of Prohibited or Restricted Technology Exports,中国科技政策英译,https://cset.georgetown.edu/publication/revisions-to-the-content-of-the-catalog-of-prohibited-or-restricted-technology-exports/,,本地原文已保存,P1-China-tech-source,综合科技竞争,翻译材料，不代表机构观点,CSET涉华科技专题库,待编码,中国科技战略、创新体系、技术竞争与供应链专题复用,C:\Users\WINDOWS\OneDrive\知识库\智库信息爬虫\国际主要科技智库观点演变_研判\03_证据底稿\原文PDF\C-CSET-3402.pdf,官方PDF已保存并校验
C-CSET-3404,cset,Center for Security and Emerging Technology,美国,2020-09-02,W2,National Natural Science Foundation of China 2019 Annual Budget,中国科技政策英译,https://cset.georgetown.edu/publication/national-natural-science-foundation-of-china-2019-annual-budget/,,本地原文已保存,P1-China-tech-source,国家创新体系与产业政策,翻译材料，不代表机构观点,CSET涉华科技专题库,待编码,中国科技战略、创新体系、技术竞争与供应链专题复用,C:\Users\WINDOWS\OneDrive\知识库\智库信息爬虫\国际主要科技智库观点演变_研判\03_证据底稿\原文PDF\C-CSET-3404.pdf,官方PDF已保存并校验
C-CSET-3407,cset,Center for Security and Emerging Technology,美国,2020-09-02,W2,Chinese Academy of Engineering 2019 Budget,中国科技政策英译,https://cset.georgetown.edu/publication/chinese-academy-of-engineering-2019-budget/,,本地原文已保存,P1-China-tech-source,国家创新体系与产业政策,翻译材料，不代表机构观点,CSET涉华科技专题库,待编码,中国科技战略、创新体系、技术竞争与供应链专题复用,C:\Users\WINDOWS\OneDrive\知识库\智库信息爬虫\国际主要科技智库观点演变_研判\03_证据底稿\原文PDF\C-CSET-3407.pdf,官方PDF已保存并校验
C-CSET-3411,cset,Center for Security and Emerging Technology,美国,2020-09-02,W2,China Association for Science and Technology 2019 Budget,中国科技政策英译,https://cset.georgetown.edu/publication/china-association-for-science-and-technology-2019-budget/,,本地原文已保存,P1-China-tech-source,国家创新体系与产业政策,翻译材料，不代表机构观点,CSET涉华科技专题库,待编码,中国科技战略、创新体系、技术竞争与供应链专题复用,C:\Users\WINDOWS\OneDrive\知识库\智库信息爬虫\国际主要科技智库观点演变_研判\03_证据底稿\原文PDF\C-CSET-3411.pdf,官方PDF已保存并校验
C-CSET-3412,cset,Center for Security and Emerging Technology,美国,2020-09-02,W2,Example Applications of Digital Health Technology for Epidemic Prevention and Control (Third Phase),中国科技政策英译,https://cset.georgetown.edu/publication/example-applications-of-digital-health-technology-for-epidemic-prevention-and-control-third-phase/,,本地原文已保存,P1-China-tech-source,数字治理与网络安全,翻译材料，不代表机构观点,CSET涉华科技专题库,待编码,中国科技战略、创新体系、技术竞争与供应链专题复用,C:\Users\WINDOWS\OneDrive\知识库\智库信息爬虫\国际主要科技智库观点演变_研判\03_证据底稿\原文PDF\C-CSET-3412.pdf,官方PDF已保存并校验
C-ATL-294437,atlantic-council-geotech,Atlantic Council,美国,2020-09-08,W2,"“One world, two systems” takes shape during the pandemic",议题简报,https://www.atlanticcouncil.org/in-depth-research-reports/issue-brief/one-world-two-systems-takes-shape-during-the-pandemic/,,本地原文已保存,P0-China-tech-corpus,综合科技竞争,作者/项目政策简报,Atlantic Council涉华科技专题库,待编码,中国科技竞争、数字治理、产业链安全及美国盟友政策专题复用,C:\Users\WINDOWS\OneDrive\知识库\智库信息爬虫\国际主要科技智库观点演变_研判\03_证据底稿\原文PDF\C-ATL-294437.pdf,官方PDF已保存并校验
E-ASPI-2020-TIKTOK,aspi,Australian Strategic Policy Institute,澳大利亚,2020-09-08,W2,TikTok and WeChat: Curating and Controlling Global Information Flows,涉华科技专题报告,https://www.aspi.org.au/report/tiktok-wechat/,,本地原文已保存,P1-early-series,中国平台企业；信息治理,机构正式观点,目录外早期增补,待编码,补足2016—2021连续序列与战略转向早期证据,C:\Users\WINDOWS\OneDrive\知识库\智库信息爬虫\国际主要科技智库观点演变_研判\03_证据底稿\原文PDF\E-ASPI-2020-TIKTOK.pdf,官方PDF已保存并校验
C-ATL-293615,atlantic-council-geotech,Atlantic Council,美国,2020-09-09,W2,Future of DHS Project: Full report,正式研究报告,https://www.atlanticcouncil.org/content-series/future-of-dhs/future-of-dhs-project-final-report/,,本地原文已保存,P0-China-tech-corpus,综合科技竞争,作者/项目正式研究,Atlantic Council涉华科技专题库,待编码,中国科技竞争、数字治理、产业链安全及美国盟友政策专题复用,C:\Users\WINDOWS\OneDrive\知识库\智库信息爬虫\国际主要科技智库观点演变_研判\03_证据底稿\原文PDF\C-ATL-293615.pdf,官方PDF已保存并校验
C-CSET-3462,cset,Center for Security and Emerging Technology,美国,2020-09-14,W2,China’s System of Oppression in Xinjiang: How It Developed and How to Curb It,CSET原创研究报告,https://cset.georgetown.edu/publication/chinas-system-of-oppression-in-xinjiang-how-it-developed-and-how-to-curb-it/,,本地原文已保存,P0-China-tech-corpus,科技人才与科研安全；数字治理与网络安全,作者/项目正式研究,CSET涉华科技专题库,待编码,中国科技战略、创新体系、技术竞争与供应链专题复用,C:\Users\WINDOWS\OneDrive\知识库\智库信息爬虫\国际主要科技智库观点演变_研判\03_证据底稿\原文PDF\C-CSET-3462.pdf,官方PDF已保存并校验
S-ASPI-2020-01,aspi,Australian Strategic Policy Institute,澳大利亚,2020-09-17,W2,Ensuring a Trusted 5G Ecosystem of Vendors and Technology,正式报告,https://www.aspi.org.au/report/ensuring-trusted-5g-ecosystem-vendors-and-technology/,C:\Users\WINDOWS\OneDrive\知识库\智库信息爬虫\国际主要科技智库观点演变_研判\03_证据底稿\原文PDF\S-ASPI-2020-01.pdf,官方PDF全文已保存,P0-anchor,T4;T5;T6;T7,L1,官方锚点,待编码,可信供应链与主权能力,,
C-CSET-3511,cset,Center for Security and Emerging Technology,美国,2020-09-22,W2,Multilateral Controls on Hardware Chokepoints,CSET原创研究报告,https://cset.georgetown.edu/publication/multilateral-controls-on-hardware-chokepoints/,,本地原文已保存,P0-China-tech-corpus,人工智能与算力；技术转移与出口管制,作者/项目正式研究,CSET涉华科技专题库,待编码,中国科技战略、创新体系、技术竞争与供应链专题复用,C:\Users\WINDOWS\OneDrive\知识库\智库信息爬虫\国际主要科技智库观点演变_研判\03_证据底稿\原文PDF\C-CSET-3511.pdf,官方PDF已保存并校验
C-CSET-3529,cset,Center for Security and Emerging Technology,美国,2020-09-22,W2,Bolstering U.S. Research Security,CSET原创研究报告,https://cset.georgetown.edu/publication/bolstering-u-s-research-security/,,本地原文已保存,P0-China-tech-corpus,科技人才与科研安全,作者/项目正式研究,CSET涉华科技专题库,待编码,中国科技战略、创新体系、技术竞争与供应链专题复用,C:\Users\WINDOWS\OneDrive\知识库\智库信息爬虫\国际主要科技智库观点演变_研判\03_证据底稿\原文PDF\C-CSET-3529.pdf,官方PDF已保存并校验
C-CSET-3536,cset,Center for Security and Emerging Technology,美国,2020-09-23,W2,China AI-Brain Research,CSET原创研究报告,https://cset.georgetown.edu/publication/china-ai-brain-research/,,本地原文已保存,P0-China-tech-corpus,人工智能与算力；军民融合与国防科技；国家创新体系与产业政策；航天与其他前沿技术,作者/项目正式研究,CSET涉华科技专题库,待编码,中国科技战略、创新体系、技术竞争与供应链专题复用,C:\Users\WINDOWS\OneDrive\知识库\智库信息爬虫\国际主要科技智库观点演变_研判\03_证据底稿\原文PDF\C-CSET-3536.pdf,官方PDF已保存并校验
C-CSET-3452,cset,Center for Security and Emerging Technology,美国,2020-09-24,W2,The Chipmakers,CSET原创研究报告,https://cset.georgetown.edu/publication/the-chipmakers-u-s-strengths-and-priorities-for-the-high-end-semiconductor-workforce/,,本地原文已保存,P0-China-tech-corpus,人工智能与算力；科技人才与科研安全；技术转移与出口管制；军民融合与国防科技,作者/项目正式研究,CSET涉华科技专题库,待编码,中国科技战略、创新体系、技术竞争与供应链专题复用,C:\Users\WINDOWS\OneDrive\知识库\智库信息爬虫\国际主要科技智库观点演变_研判\03_证据底稿\原文PDF\C-CSET-3452.pdf,官方PDF已保存并校验
C-CSET-3674,cset,Center for Security and Emerging Technology,美国,2020-10-13,W2,Estimating the Number of Chinese STEM Students in the United States,CSET原创研究报告,https://cset.georgetown.edu/publication/estimating-the-number-of-chinese-stem-students-in-the-united-states/,,本地原文已保存,P0-China-tech-corpus,科技人才与科研安全；数字治理与网络安全；国家创新体系与产业政策,作者/项目正式研究,CSET涉华科技专题库,待编码,中国科技战略、创新体系、技术竞争与供应链专题复用,C:\Users\WINDOWS\OneDrive\知识库\智库信息爬虫\国际主要科技智库观点演变_研判\03_证据底稿\原文PDF\C-CSET-3674.pdf,官方PDF已保存并校验
C-CSET-3777,cset,Center for Security and Emerging Technology,美国,2020-10-16,W2,Xi Jinping: Speech at the Symposium of Scientists,中国科技政策英译,https://cset.georgetown.edu/publication/xi-jinping-speech-at-the-symposium-of-scientists/,,本地原文已保存,P1-China-tech-source,科技人才与科研安全；军民融合与国防科技,翻译材料，不代表机构观点,CSET涉华科技专题库,待编码,中国科技战略、创新体系、技术竞争与供应链专题复用,C:\Users\WINDOWS\OneDrive\知识库\智库信息爬虫\国际主要科技智库观点演变_研判\03_证据底稿\原文PDF\C-CSET-3777.pdf,官方PDF已保存并校验
C-CSET-3780,cset,Center for Security and Emerging Technology,美国,2020-10-16,W2,National Medium- to Long-Term Civilian Space Infrastructure Development Plan (2015-2025),中国科技政策英译,https://cset.georgetown.edu/publication/national-medium-to-long-term-civilian-space-infrastructure-development-plan-2015-2025/,,本地原文已保存,P1-China-tech-source,技术转移与出口管制；军民融合与国防科技；航天与其他前沿技术,翻译材料，不代表机构观点,CSET涉华科技专题库,待编码,中国科技战略、创新体系、技术竞争与供应链专题复用,C:\Users\WINDOWS\OneDrive\知识库\智库信息爬虫\国际主要科技智库观点演变_研判\03_证据底稿\原文PDF\C-CSET-3780.pdf,官方PDF已保存并校验
S-CSIS-2020-02,csis,Center for Strategic and International Studies,美国,2020-10-16,W2,Sharpening America’s Innovative Edge,委员会报告,https://www.csis.org/analysis/sharpening-americas-innovative-edge,C:\Users\WINDOWS\OneDrive\知识库\智库信息爬虫\国际主要科技智库观点演变_研判\03_证据底稿\原文PDF\S-CSIS-2020-02.pdf,官方PDF全文已保存,P0-anchor,T1;T2;T5;T7;T8,L2,官方锚点,待编码,投资保护与数据治理三线组合,,
C-CSET-3824,cset,Center for Security and Emerging Technology,美国,2020-10-22,W2,U.S. Semiconductor Exports to China: Current Policies and Trends,CSET原创研究报告,https://cset.georgetown.edu/publication/u-s-semiconductor-exports-to-china-current-policies-and-trends/,,本地原文已保存,P0-China-tech-corpus,人工智能与算力；技术转移与出口管制,作者/项目正式研究,CSET涉华科技专题库,待编码,中国科技战略、创新体系、技术竞争与供应链专题复用,C:\Users\WINDOWS\OneDrive\知识库\智库信息爬虫\国际主要科技智库观点演变_研判\03_证据底稿\原文PDF\C-CSET-3824.pdf,官方PDF已保存并校验
C-CSET-3840,cset,Center for Security and Emerging Technology,美国,2020-10-27,W2,Designing Alternatives to China’s Repressive Surveillance State,CSET原创研究报告,https://cset.georgetown.edu/publication/designing-alternatives-to-chinas-repressive-surveillance-state/,,本地原文已保存,P0-China-tech-corpus,人工智能与算力；科技人才与科研安全；数字治理与网络安全,作者/项目正式研究,CSET涉华科技专题库,待编码,中国科技战略、创新体系、技术竞争与供应链专题复用,C:\Users\WINDOWS\OneDrive\知识库\智库信息爬虫\国际主要科技智库观点演变_研判\03_证据底稿\原文PDF\C-CSET-3840.pdf,官方PDF已保存并校验
E-NISTEP-2020-IND,nistep,National Institute of Science and Technology Policy,日本,2020-11-01,W2,Digest of Japanese Science and Technology Indicators 2020,旗舰系列报告,https://www.nistep.go.jp/en/?page_id=52,,本地原文已保存,P1-early-series,科技实力指标；中国国际比较,机构正式观点,目录外早期增补,待编码,补足2016—2021连续序列与战略转向早期证据,C:\Users\WINDOWS\OneDrive\知识库\智库信息爬虫\国际主要科技智库观点演变_研判\03_证据底稿\原文PDF\E-NISTEP-2020-IND.pdf,官方PDF已保存并校验
C-ATL-314579,atlantic-council-geotech,Atlantic Council,美国,2020-11-03,W2,Embracing underseas robots: a US strategy to maintain underseas superiority in an age of unmanned systems,正式研究报告,https://www.atlanticcouncil.org/in-depth-research-reports/report/embracing-underseas-robots/,,本地原文已保存,P0-China-tech-corpus,国防、航天与无人系统,作者/项目正式研究,Atlantic Council涉华科技专题库,待编码,中国科技竞争、数字治理、产业链安全及美国盟友政策专题复用,C:\Users\WINDOWS\OneDrive\知识库\智库信息爬虫\国际主要科技智库观点演变_研判\03_证据底稿\原文PDF\C-ATL-314579.pdf,官方PDF已保存并校验
C-MERICS-B0E59142CC,merics,MERICS Industrial Policy and Technology,德国,2020-11-17,W2,Mapping and recalibrating Europe’s economic interdependence with China,MERICS研究报告,https://merics.org/en/report/mapping-and-recalibrating-europes-economic-interdependence-china,,本地原文已保存,P1-tech-geoeconomic-baseline,人工智能、芯片与算力；网络安全、数据与数字治理；先进制造、机器人与交通技术；生物、量子、航天与绿色技术；创新体系、科研与技术人才；供应链、技术管制与经济安全,作者/项目正式研究,MERICS科技与中国专题库/科技产业与经济安全基线,待编码,中国科技创新、产业政策、数字治理、供应链与欧洲对华经济安全专题复用,C:\Users\WINDOWS\OneDrive\知识库\智库信息爬虫\国际主要科技智库观点演变_研判\03_证据底稿\原文PDF\C-MERICS-B0E59142CC.pdf,官方PDF已保存并校验
C-BRUEGEL-374D2192EC,bruegel,Bruegel,欧盟,2020-11-26,W2,Understanding the European Union’s regional potential in low-carbon technologies,working-paper,https://www.bruegel.org/working-paper/understanding-european-unions-regional-potential-low-carbon-technologies,,本地原文已保存,P0-core-tech,清洁技术、能源与绿色产业,作者/项目正式研究,Bruegel科技与中国专题库/核心科技直接材料,待编码,欧洲科技创新、产业政策、关键技术、中欧竞争合作及经济安全专题复用,C:\Users\WINDOWS\OneDrive\知识库\智库信息爬虫\国际主要科技智库观点演变_研判\03_证据底稿\原文PDF\C-BRUEGEL-374D2192EC.pdf,官方PDF已保存并校验
E-OECD-2020-DEO,oecd-sti,OECD,国际组织,2020-11-27,W2,OECD Digital Economy Outlook 2020,旗舰系列报告,https://www.oecd.org/en/publications/oecd-digital-economy-outlook-2020_bb167041-en.html,,本地原文已保存,P1-early-series,数字转型；疫情冲击；数据治理,机构正式观点,目录外早期增补,待编码,补足2016—2021连续序列与战略转向早期证据,C:\Users\WINDOWS\OneDrive\知识库\智库信息爬虫\国际主要科技智库观点演变_研判\03_证据底稿\原文PDF\E-OECD-2020-DEO.pdf,官方PDF已保存并校验
C-CSET-4184,cset,Center for Security and Emerging Technology,美国,2020-12-03,W2,Universities and the Chinese Defense Technology Workforce,CSET原创研究报告,https://cset.georgetown.edu/publication/universities-and-the-chinese-defense-technology-workforce/,,本地原文已保存,P0-China-tech-corpus,科技人才与科研安全；军民融合与国防科技,作者/项目正式研究,CSET涉华科技专题库,待编码,中国科技战略、创新体系、技术竞争与供应链专题复用,C:\Users\WINDOWS\OneDrive\知识库\智库信息爬虫\国际主要科技智库观点演变_研判\03_证据底稿\原文PDF\C-CSET-4184.pdf,官方PDF已保存并校验
C-NBR-C87DEA6823,nbr,National Bureau of Asian Research,美国,2020-12-09,W2,Challenges for U.S. Trade Policy in 2021 A Brief Look Ahead,NBR评论,https://www.nbr.org/publication/challenges-for-u-s-trade-policy-in-2021-a-brief-look-ahead/,,本地原文已保存,P0-China-tech-corpus,网络安全与数字治理；技术供应链与出口管制；创新体系、标准与知识产权,作者评论或论文,NBR科技与中国专题库/含中国比较的印太技术材料/科技地缘经济基线,待编码,中国科技竞争、印太技术治理、供应链安全、创新合作及区域比较专题复用,C:\Users\WINDOWS\OneDrive\知识库\智库信息爬虫\国际主要科技智库观点演变_研判\03_证据底稿\网页文本\C-NBR-C87DEA6823.txt,官方网页全文已保存
C-ATL-331522,atlantic-council-geotech,Atlantic Council,美国,2020-12-17,W2,Countering Chinese disinformation reports,正式研究报告,https://www.atlanticcouncil.org/in-depth-research-reports/dfrlab-china-reports/,,本地原文已保存,P0-China-tech-corpus,网络安全与数字治理,作者/项目正式研究,Atlantic Council涉华科技专题库,待编码,中国科技竞争、数字治理、产业链安全及美国盟友政策专题复用,C:\Users\WINDOWS\OneDrive\知识库\智库信息爬虫\国际主要科技智库观点演变_研判\03_证据底稿\原文PDF\C-ATL-331522.pdf,官方PDF已保存并校验
C-BRUEGEL-891C4F2E3F,bruegel,Bruegel,欧盟,2020-12-17,W2,A green industrial policy for Europe,blueprint,https://www.bruegel.org/blueprint/green-industrial-policy-europe,,本地原文已保存,P1-tech-geoeconomic-baseline,工业政策、产业能力与竞争力,作者/项目正式研究,Bruegel科技与中国专题库/科技产业与经济安全基线,待编码,欧洲科技创新、产业政策、关键技术、中欧竞争合作及经济安全专题复用,C:\Users\WINDOWS\OneDrive\知识库\智库信息爬虫\国际主要科技智库观点演变_研判\03_证据底稿\原文PDF\C-BRUEGEL-891C4F2E3F.pdf,官方PDF已保存并校验
C-NBR-1914F01417,nbr,National Bureau of Asian Research,美国,2020-12-21,W2,The Importance of a U.S.-Taiwan Bilateral Trade Agreement,NBR评论,https://www.nbr.org/publication/the-importance-of-a-u-s-taiwan-bilateral-trade-agreement/,,本地原文已保存,P0-China-tech-corpus,人工智能、芯片与算力；网络安全与数字治理；技术供应链与出口管制；创新体系、标准与知识产权,作者评论或论文,NBR科技与中国专题库/含中国比较的印太技术材料/科技地缘经济基线,待编码,中国科技竞争、印太技术治理、供应链安全、创新合作及区域比较专题复用,C:\Users\WINDOWS\OneDrive\知识库\智库信息爬虫\国际主要科技智库观点演变_研判\03_证据底稿\网页文本\C-NBR-1914F01417.txt,官方网页全文已保存
S-FISI-2021-01,fraunhofer-isi,Fraunhofer Institute for Systems and Innovation Research ISI,德国,2021-01-01,W2,Missionsorientierte Innovationspolitik: Von der Ambition zur erfolgreichen Umsetzung,政策简报,https://www.isi.fraunhofer.de/de/competence-center/politik-gesellschaft/publikationen/thesenpapiere.html,C:\Users\WINDOWS\OneDrive\知识库\智库信息爬虫\国际主要科技智库观点演变_研判\03_证据底稿\原文PDF\S-FISI-2021-01.pdf,官方PDF全文已保存,P0-anchor,T1;T2;T10,L2,官方锚点,待编码,任务导向政策实施,,
C-NBR-52E8F50F39,nbr,National Bureau of Asian Research,美国,2021-01-06,W2,Taiwan’s Trade Policies Strategies and Constraints,NBR评论,https://www.nbr.org/publication/taiwans-trade-policies-strategies-and-constraints/,,本地原文已保存,P0-China-tech-corpus,人工智能、芯片与算力；技术供应链与出口管制；创新体系、标准与知识产权；生物、量子及其他前沿技术,作者评论或论文,NBR科技与中国专题库/含中国比较的印太技术材料/科技地缘经济基线,待编码,中国科技竞争、印太技术治理、供应链安全、创新合作及区域比较专题复用,C:\Users\WINDOWS\OneDrive\知识库\智库信息爬虫\国际主要科技智库观点演变_研判\03_证据底稿\网页文本\C-NBR-52E8F50F39.txt,官方网页全文已保存
C-NBR-F93B87EA61,nbr,National Bureau of Asian Research,美国,2021-01-09,W2,Data Governance and Trade The Asia-Pacific Leads the Way,NBR评论,https://www.nbr.org/publication/data-governance-and-trade-the-asia-pacific-leads-the-way/,,本地原文已保存,P0-China-tech-corpus,人工智能、芯片与算力；网络安全与数字治理；创新体系、标准与知识产权,作者评论或论文,NBR科技与中国专题库/含中国比较的印太技术材料/核心科技直接材料,待编码,中国科技竞争、印太技术治理、供应链安全、创新合作及区域比较专题复用,C:\Users\WINDOWS\OneDrive\知识库\智库信息爬虫\国际主要科技智库观点演变_研判\03_证据底稿\网页文本\C-NBR-F93B87EA61.txt,官方网页全文已保存
C-ATL-337189,atlantic-council-geotech,Atlantic Council,美国,2021-01-12,W2,Smart partnerships amid great power competition,深度研究报告,https://www.atlanticcouncil.org/in-depth-research-reports/smart-partnerships-amid-great-power-competition/,,本地原文已保存,P0-China-tech-corpus,人工智能、芯片与算力,作者/项目正式研究,Atlantic Council涉华科技专题库,待编码,中国科技竞争、数字治理、产业链安全及美国盟友政策专题复用,C:\Users\WINDOWS\OneDrive\知识库\智库信息爬虫\国际主要科技智库观点演变_研判\03_证据底稿\原文PDF\C-ATL-337189.pdf,官方PDF已保存并校验
S-OECD-2021-01,oecd-sti,OECD,多边,2021-01-12,W2,"OECD Science, Technology and Innovation Outlook 2021: Times of Crisis and Opportunity",旗舰系列,https://www.oecd.org/en/publications/oecd-science-technology-and-innovation-outlook-2021_75f79015-en.html,C:\Users\WINDOWS\OneDrive\知识库\智库信息爬虫\国际主要科技智库观点演变_研判\03_证据底稿\原文PDF\S-OECD-2021-01.pdf,官方PDF全文已保存,P0-anchor,T1;T2;T3;T4;T5;T10,L3,官方锚点,待编码,韧性与转型政策组合,,
C-CSET-4562,cset,Center for Security and Emerging Technology,美国,2021-01-13,W2,A New Institutional Approach to Research Security in the United States,CSET原创研究报告,https://cset.georgetown.edu/publication/a-new-institutional-approach-to-research-security-in-the-united-states/,,本地原文已保存,P0-China-tech-corpus,科技人才与科研安全；军民融合与国防科技；数字治理与网络安全；国家创新体系与产业政策,作者/项目正式研究,CSET涉华科技专题库,待编码,中国科技战略、创新体系、技术竞争与供应链专题复用,C:\Users\WINDOWS\OneDrive\知识库\智库信息爬虫\国际主要科技智库观点演变_研判\03_证据底稿\原文PDF\C-CSET-4562.pdf,官方PDF已保存并校验
E-MERICS-2021-DECOUPLING,merics-tech,MERICS Industrial Policy and Technology,德国,2021-01-14,W2,Decoupling: Severed Ties and Patchwork Globalisation,涉华科技专题报告,https://merics.org/en/report/decoupling-severed-ties-and-patchwork-globalisation,,本地原文已保存,P1-early-series,技术脱钩；供应链；数据治理,机构正式观点,目录外早期增补,待编码,补足2016—2021连续序列与战略转向早期证据,C:\Users\WINDOWS\OneDrive\知识库\智库信息爬虫\国际主要科技智库观点演变_研判\03_证据底稿\原文PDF\E-MERICS-2021-DECOUPLING.pdf,官方PDF已保存并校验
C-ATL-342071,atlantic-council-geotech,Atlantic Council,美国,2021-01-19,W2,How the rest of the world responds to the US-China split,议题简报,https://www.atlanticcouncil.org/in-depth-research-reports/issue-brief/how-the-rest-of-the-world-responds-to-the-us-china-split/,,本地原文已保存,P0-China-tech-corpus,综合科技竞争,作者/项目政策简报,Atlantic Council涉华科技专题库,待编码,中国科技竞争、数字治理、产业链安全及美国盟友政策专题复用,C:\Users\WINDOWS\OneDrive\知识库\智库信息爬虫\国际主要科技智库观点演变_研判\03_证据底稿\原文PDF\C-ATL-342071.pdf,官方PDF已保存并校验
C-CSET-4705,cset,Center for Security and Emerging Technology,美国,2021-01-22,W2,Securing Semiconductor Supply Chains,CSET原创研究报告,https://cset.georgetown.edu/publication/securing-semiconductor-supply-chains/,,本地原文已保存,P0-China-tech-corpus,人工智能与算力；技术转移与出口管制,作者/项目正式研究,CSET涉华科技专题库,待编码,中国科技战略、创新体系、技术竞争与供应链专题复用,C:\Users\WINDOWS\OneDrive\知识库\智库信息爬虫\国际主要科技智库观点演变_研判\03_证据底稿\原文PDF\C-CSET-4705.pdf,官方PDF已保存并校验
C-CSET-4708,cset,Center for Security and Emerging Technology,美国,2021-01-22,W2,The Semiconductor Supply Chain,CSET原创研究报告,https://cset.georgetown.edu/publication/the-semiconductor-supply-chain/,,本地原文已保存,P0-China-tech-corpus,人工智能与算力；技术转移与出口管制,作者/项目正式研究,CSET涉华科技专题库,待编码,中国科技战略、创新体系、技术竞争与供应链专题复用,C:\Users\WINDOWS\OneDrive\知识库\智库信息爬虫\国际主要科技智库观点演变_研判\03_证据底稿\原文PDF\C-CSET-4708.pdf,官方PDF已保存并校验
C-CSET-4746,cset,Center for Security and Emerging Technology,美国,2021-01-25,W2,China’s STI Operations,CSET原创研究报告,https://cset.georgetown.edu/publication/chinas-sti-operations/,,本地原文已保存,P0-China-tech-corpus,科技人才与科研安全；国家创新体系与产业政策,作者/项目正式研究,CSET涉华科技专题库,待编码,中国科技战略、创新体系、技术竞争与供应链专题复用,C:\Users\WINDOWS\OneDrive\知识库\智库信息爬虫\国际主要科技智库观点演变_研判\03_证据底稿\原文PDF\C-CSET-4746.pdf,官方PDF已保存并校验
C-ATL-490207,atlantic-council-geotech,Atlantic Council,美国,2021-02-14,W2,Weaponized: How rumors about COVID-19’s origins led to a narrative arms race,深度研究报告,https://www.atlanticcouncil.org/in-depth-research-reports/report/weaponized-covid-19/,,本地原文已保存,P0-China-tech-corpus,网络安全与数字治理,作者/项目正式研究,Atlantic Council涉华科技专题库,待编码,中国科技竞争、数字治理、产业链安全及美国盟友政策专题复用,C:\Users\WINDOWS\OneDrive\知识库\智库信息爬虫\国际主要科技智库观点演变_研判\03_证据底稿\网页文本\C-ATL-490207.txt,官方网页全文已保存
C-CSET-4841,cset,Center for Security and Emerging Technology,美国,2021-02-14,W2,Assessing the Scope of U.S. Visa Restrictions on Chinese Students,CSET原创研究报告,https://cset.georgetown.edu/publication/assessing-the-scope-of-u-s-visa-restrictions-on-chinese-students/,,本地原文已保存,P0-China-tech-corpus,科技人才与科研安全；军民融合与国防科技；数字治理与网络安全,作者/项目正式研究,CSET涉华科技专题库,待编码,中国科技战略、创新体系、技术竞争与供应链专题复用,C:\Users\WINDOWS\OneDrive\知识库\智库信息爬虫\国际主要科技智库观点演变_研判\03_证据底稿\原文PDF\C-CSET-4841.pdf,官方PDF已保存并校验
E-ITIF-2021-MOORE,itif,Information Technology and Innovation Foundation,美国,2021-02-18,W2,Moore’s Law Under Attack: The Impact of China’s Policies on Global Semiconductor Innovation,涉华科技专题报告,https://itif.org/publications/2021/02/18/moores-law-under-attack-impact-chinas-policies-global-semiconductor/,,本地原文已保存,P1-early-series,半导体；中国产业政策,机构正式观点,目录外早期增补,待编码,补足2016—2021连续序列与战略转向早期证据,C:\Users\WINDOWS\OneDrive\知识库\智库信息爬虫\国际主要科技智库观点演变_研判\03_证据底稿\原文PDF\E-ITIF-2021-MOORE.pdf,官方PDF已保存并校验
C-NBR-A3EF719B5B,nbr,National Bureau of Asian Research,美国,2021-03-01,W2,IP Commission 2021 Review: Updated Recommendations,NBR政策简报,https://www.nbr.org/publication/the-ip-commission-report/,,本地原文已保存,P0-China-tech-corpus,网络安全与数字治理；技术供应链与出口管制；创新体系、标准与知识产权,作者/项目正式研究,NBR科技与中国专题库/含中国比较的印太技术材料/核心科技直接材料,待编码,中国科技竞争、印太技术治理、供应链安全、创新合作及区域比较专题复用,C:\Users\WINDOWS\OneDrive\知识库\智库信息爬虫\国际主要科技智库观点演变_研判\03_证据底稿\原文PDF\C-NBR-A3EF719B5B.pdf,官方PDF已保存并校验
C-NBR-BDDCDFED2B,nbr,National Bureau of Asian Research,美国,2021-03-01,W2,IP Commission 2021 Background Memo,NBR背景材料,https://www.nbr.org/publication/the-ip-commission-report/,,本地原文已保存,P1-regional-tech-baseline,网络安全与数字治理；创新体系、标准与知识产权,作者/项目正式研究,NBR科技与中国专题库/区域技术基线/核心科技直接材料,待编码,中国科技竞争、印太技术治理、供应链安全、创新合作及区域比较专题复用,C:\Users\WINDOWS\OneDrive\知识库\智库信息爬虫\国际主要科技智库观点演变_研判\03_证据底稿\原文PDF\C-NBR-BDDCDFED2B.pdf,官方PDF已保存并校验
E-CRDS-2021-ENVENERGY,jst-crds,JST Center for Research and Development Strategy,日本,2021-03-01,W2,Panoramic View Report: Environment and Energy Field (2021),旗舰系列报告,https://www.jst.go.jp/crds/en/publications/CRDS-FY2020-FR-01.html,,本地原文已保存,P1-early-series,关键技术国际比较；绿色转型,机构正式观点,目录外早期增补,待编码,补足2016—2021连续序列与战略转向早期证据,C:\Users\WINDOWS\OneDrive\知识库\智库信息爬虫\国际主要科技智库观点演变_研判\03_证据底稿\原文PDF\E-CRDS-2021-ENVENERGY.pdf,官方PDF已保存并校验
E-CRDS-2021-LIFE,jst-crds,JST Center for Research and Development Strategy,日本,2021-03-01,W2,Panoramic View Report: Life Science and Clinical Research Field (2021),旗舰系列报告,https://www.jst.go.jp/crds/en/publications/CRDS-FY2020-FR-04.html,,本地原文已保存,P1-early-series,关键技术国际比较；生命科学,机构正式观点,目录外早期增补,待编码,补足2016—2021连续序列与战略转向早期证据,C:\Users\WINDOWS\OneDrive\知识库\智库信息爬虫\国际主要科技智库观点演变_研判\03_证据底稿\原文PDF\E-CRDS-2021-LIFE.pdf,官方PDF已保存并校验
E-CRDS-2021-NANO,jst-crds,JST Center for Research and Development Strategy,日本,2021-03-01,W2,Panoramic View Report: Nanotechnology/Materials Research Field (2021),旗舰系列报告,https://www.jst.go.jp/crds/en/publications/CRDS-FY2020-FR-03.html,,本地原文已保存,P1-early-series,关键技术国际比较；先进材料,机构正式观点,目录外早期增补,待编码,补足2016—2021连续序列与战略转向早期证据,C:\Users\WINDOWS\OneDrive\知识库\智库信息爬虫\国际主要科技智库观点演变_研判\03_证据底稿\原文PDF\E-CRDS-2021-NANO.pdf,官方PDF已保存并校验
E-CRDS-2021-SYSTEMS,jst-crds,JST Center for Research and Development Strategy,日本,2021-03-01,W2,Panoramic View Report: Systems and Information Science and Technology Field (2021),旗舰系列报告,https://www.jst.go.jp/crds/en/publications/CRDS-FY2020-FR-02.html,,本地原文已保存,P1-early-series,AI与数字技术；国际比较,机构正式观点,目录外早期增补,待编码,补足2016—2021连续序列与战略转向早期证据,C:\Users\WINDOWS\OneDrive\知识库\智库信息爬虫\国际主要科技智库观点演变_研判\03_证据底稿\原文PDF\E-CRDS-2021-SYSTEMS.pdf,官方PDF已保存并校验
S-CRDS-2021-01,jst-crds,JST Center for Research and Development Strategy,日本,2021-03-01,W2,System Software to Support Safety Security and Trust in the Era of Society 5.0,战略建议,https://www.jst.go.jp/crds/en/publications/CRDS-FY2020-SP-06.html,C:\Users\WINDOWS\OneDrive\知识库\智库信息爬虫\国际主要科技智库观点演变_研判\03_证据底稿\原文PDF\S-CRDS-2021-01.pdf,官方PDF全文已保存,P0-anchor,T1;T4;T5;T8,L3,官方锚点,待编码,自由数据流与安全可信平衡,,
C-CSET-5200,cset,Center for Security and Emerging Technology,美国,2021-03-08,W2,"Academics, AI, and APTs",CSET原创研究报告,https://cset.georgetown.edu/publication/academics-ai-and-apts/,,本地原文已保存,P0-China-tech-corpus,人工智能与算力；军民融合与国防科技；数字治理与网络安全,作者/项目正式研究,CSET涉华科技专题库,待编码,中国科技战略、创新体系、技术竞争与供应链专题复用,C:\Users\WINDOWS\OneDrive\知识库\智库信息爬虫\国际主要科技智库观点演变_研判\03_证据底稿\原文PDF\C-CSET-5200.pdf,官方PDF已保存并校验
C-NBR-B5D8F97B99,nbr,National Bureau of Asian Research,美国,2021-03-08,W2,"Biopharmaceutical Innovation China, India, and Supply Chain Security",NBR访谈,https://www.nbr.org/publication/biopharmaceutical-innovation-china-india-and-supply-chain-security/,,本地原文已保存,P0-China-tech-corpus,人工智能、芯片与算力；技术供应链与出口管制；创新体系、标准与知识产权；生物、量子及其他前沿技术,作者访谈,NBR科技与中国专题库/直接涉华科技/核心科技直接材料,待编码,中国科技竞争、印太技术治理、供应链安全、创新合作及区域比较专题复用,C:\Users\WINDOWS\OneDrive\知识库\智库信息爬虫\国际主要科技智库观点演变_研判\03_证据底稿\网页文本\C-NBR-B5D8F97B99.txt,官方网页全文已保存
C-CSET-5208,cset,Center for Security and Emerging Technology,美国,2021-03-10,W2,Chinese Government Guidance Funds,CSET原创研究报告,https://cset.georgetown.edu/publication/chinese-government-guidance-funds/,,本地原文已保存,P0-China-tech-corpus,人工智能与算力；国家创新体系与产业政策,作者/项目正式研究,CSET涉华科技专题库,待编码,中国科技战略、创新体系、技术竞争与供应链专题复用,C:\Users\WINDOWS\OneDrive\知识库\智库信息爬虫\国际主要科技智库观点演变_研判\03_证据底稿\原文PDF\C-CSET-5208.pdf,官方PDF已保存并校验
C-CSET-5212,cset,Center for Security and Emerging Technology,美国,2021-03-10,W2,Understanding Chinese Government Guidance Funds,CSET原创研究报告,https://cset.georgetown.edu/publication/understanding-chinese-government-guidance-funds/,,本地原文已保存,P0-China-tech-corpus,人工智能与算力；国家创新体系与产业政策,作者/项目正式研究,CSET涉华科技专题库,待编码,中国科技战略、创新体系、技术竞争与供应链专题复用,C:\Users\WINDOWS\OneDrive\知识库\智库信息爬虫\国际主要科技智库观点演变_研判\03_证据底稿\原文PDF\C-CSET-5212.pdf,官方PDF已保存并校验
C-CSET-5275,cset,Center for Security and Emerging Technology,美国,2021-03-16,W2,Lessons from Stealth for Emerging Technologies,CSET原创研究报告,https://cset.georgetown.edu/publication/lessons-from-stealth-for-emerging-technologies/,,本地原文已保存,P0-China-tech-corpus,军民融合与国防科技,作者/项目正式研究,CSET涉华科技专题库,待编码,中国科技战略、创新体系、技术竞争与供应链专题复用,C:\Users\WINDOWS\OneDrive\知识库\智库信息爬虫\国际主要科技智库观点演变_研判\03_证据底稿\原文PDF\C-CSET-5275.pdf,官方PDF已保存并校验
C-CSET-5319,cset,Center for Security and Emerging Technology,美国,2021-03-17,W2,Testimony Before Senate Foreign Relations Committee,涉华科技政策证词,https://cset.georgetown.edu/publication/testimony-before-senate-foreign-relations-committee/,,本地原文已保存,P1-China-tech-source,人工智能与算力,作者政策证词,CSET涉华科技专题库,待编码,中国科技战略、创新体系、技术竞争与供应链专题复用,C:\Users\WINDOWS\OneDrive\知识库\智库信息爬虫\国际主要科技智库观点演变_研判\03_证据底稿\原文PDF\C-CSET-5319.pdf,官方PDF已保存并校验
C-CSET-5350,cset,Center for Security and Emerging Technology,美国,2021-03-19,W2,Zachary Arnold’s Testimony Before the U.S. China Economic and Security Review Commission,涉华科技政策证词,https://cset.georgetown.edu/publication/zachary-arnolds-testimony-before-the-u-s-china-economic-and-security-review-commission/,,本地原文已保存,P1-China-tech-source,军民融合与国防科技；国家创新体系与产业政策,作者政策证词,CSET涉华科技专题库,待编码,中国科技战略、创新体系、技术竞争与供应链专题复用,C:\Users\WINDOWS\OneDrive\知识库\智库信息爬虫\国际主要科技智库观点演变_研判\03_证据底稿\原文PDF\C-CSET-5350.pdf,官方PDF已保存并校验
C-CSET-5360,cset,Center for Security and Emerging Technology,美国,2021-03-19,W2,Emily Weinstein’s Testimony Before the U.S.-China Economic and Security Review Commission,涉华科技政策证词,https://cset.georgetown.edu/publication/emily-weinsteins-testimony-before-the-u-s-china-economic-and-security-review-commission/,,本地原文已保存,P1-China-tech-source,科技人才与科研安全；军民融合与国防科技；国家创新体系与产业政策,作者政策证词,CSET涉华科技专题库,待编码,中国科技战略、创新体系、技术竞争与供应链专题复用,C:\Users\WINDOWS\OneDrive\知识库\智库信息爬虫\国际主要科技智库观点演变_研判\03_证据底稿\原文PDF\C-CSET-5360.pdf,官方PDF已保存并校验
C-CSET-5394,cset,Center for Security and Emerging Technology,美国,2021-03-23,W2,China’s Progress in Semiconductor Manufacturing Equipment,CSET原创研究报告,https://cset.georgetown.edu/publication/chinas-progress-in-semiconductor-manufacturing-equipment/,,本地原文已保存,P0-China-tech-corpus,人工智能与算力；军民融合与国防科技,作者/项目正式研究,CSET涉华科技专题库,待编码,中国科技战略、创新体系、技术竞争与供应链专题复用,C:\Users\WINDOWS\OneDrive\知识库\智库信息爬虫\国际主要科技智库观点演变_研判\03_证据底稿\原文PDF\C-CSET-5394.pdf,官方PDF已保存并校验
C-MERICS-7CC8BEDA8C,merics,MERICS Industrial Policy and Technology,德国,2021-03-26,W2,China sets hopes on blockchain to close cyber security gaps,MERICS研究报告,https://merics.org/en/report/china-sets-hopes-blockchain-close-cyber-security-gaps,,本地原文已保存,P0-China-tech-corpus,网络安全、数据与数字治理；先进制造、机器人与交通技术；生物、量子、航天与绿色技术；创新体系、科研与技术人才；供应链、技术管制与经济安全,作者/项目正式研究,MERICS科技与中国专题库/核心科技直接材料,待编码,中国科技创新、产业政策、数字治理、供应链与欧洲对华经济安全专题复用,C:\Users\WINDOWS\OneDrive\知识库\智库信息爬虫\国际主要科技智库观点演变_研判\03_证据底稿\原文PDF\C-MERICS-7CC8BEDA8C.pdf,官方PDF已保存并校验
S-NISTEP-2021-01,nistep,National Institute of Science and Technology Policy,日本,2021-04-01,W2,Perspectives of Science and Technology in the post COVID-19 era,研究材料,https://www.nistep.go.jp/en/?page_id=56,C:\Users\WINDOWS\OneDrive\知识库\智库信息爬虫\国际主要科技智库观点演变_研判\03_证据底稿\原文PDF\S-NISTEP-2021-01.pdf,官方PDF全文已保存,P0-anchor,T1;T3;T5;T10,L2,官方锚点,待编码,危机后预见,,
C-ATL-372716,atlantic-council-geotech,Atlantic Council,美国,2021-04-02,W2,Decoupling/reshoring versus dual circulation: Competing strategies for security and influences,议题简报,https://www.atlanticcouncil.org/in-depth-research-reports/issue-brief/decoupling-reshoring-versus-dual-circulation-competing-strategies-for-security-and-influences/,,本地原文已保存,P0-China-tech-corpus,综合科技竞争,作者/项目政策简报,Atlantic Council涉华科技专题库,待编码,中国科技竞争、数字治理、产业链安全及美国盟友政策专题复用,C:\Users\WINDOWS\OneDrive\知识库\智库信息爬虫\国际主要科技智库观点演变_研判\03_证据底稿\原文PDF\C-ATL-372716.pdf,官方PDF已保存并校验
C-ATL-373955,atlantic-council-geotech,Atlantic Council,美国,2021-04-06,W2,"The digital Yuan, digital Euro, and the Diem: Key issues for public debate",议题简报,https://www.atlanticcouncil.org/in-depth-research-reports/issue-brief/the-digital-yuan-digital-euro-and-the-diem-key-issues-for-public-debate/,,本地原文已保存,P0-China-tech-corpus,网络安全与数字治理,作者/项目政策简报,Atlantic Council涉华科技专题库,待编码,中国科技竞争、数字治理、产业链安全及美国盟友政策专题复用,C:\Users\WINDOWS\OneDrive\知识库\智库信息爬虫\国际主要科技智库观点演变_研判\03_证据底稿\原文PDF\C-ATL-373955.pdf,官方PDF已保存并校验
C-NBR-69E1F7B277,nbr,National Bureau of Asian Research,美国,2021-04-06,W2,Prospects for U.S. Trade Engagement in the Indo-Pacific and Options for the Biden Administration,NBR评论,https://www.nbr.org/publication/prospects-for-u-s-trade-engagement-in-the-indo-pacific-and-options-for-the-biden-administration/,,本地原文已保存,P0-China-tech-corpus,网络安全与数字治理；技术供应链与出口管制；创新体系、标准与知识产权,作者评论或论文,NBR科技与中国专题库/含中国比较的印太技术材料/科技地缘经济基线,待编码,中国科技竞争、印太技术治理、供应链安全、创新合作及区域比较专题复用,C:\Users\WINDOWS\OneDrive\知识库\智库信息爬虫\国际主要科技智库观点演变_研判\03_证据底稿\网页文本\C-NBR-69E1F7B277.txt,官方网页全文已保存
C-NBR-5D6D4FC2DD,nbr,National Bureau of Asian Research,美国,2021-04-13,W2,India's Economic Future Charting a Course toward Renewed Growth,NBR访谈,https://www.nbr.org/publication/indias-economic-future-charting-a-course-toward-renewed-growth/,,本地原文已保存,P0-China-tech-corpus,网络安全与数字治理；技术供应链与出口管制；创新体系、标准与知识产权,作者访谈,NBR科技与中国专题库/含中国比较的印太技术材料/科技地缘经济基线,待编码,中国科技竞争、印太技术治理、供应链安全、创新合作及区域比较专题复用,C:\Users\WINDOWS\OneDrive\知识库\智库信息爬虫\国际主要科技智库观点演变_研判\03_证据底稿\网页文本\C-NBR-5D6D4FC2DD.txt,官方网页全文已保存
C-NBR-E1B61B8318,nbr,National Bureau of Asian Research,美国,2021-04-16,W2,The Biden Administration’s Trade Policy and U.S. Relations with Southeast Asia,NBR评论,https://www.nbr.org/publication/the-biden-administrations-trade-policy-and-u-s-relations-with-southeast-asia/,,本地原文已保存,P0-China-tech-corpus,网络安全与数字治理；技术供应链与出口管制；创新体系、标准与知识产权,作者评论或论文,NBR科技与中国专题库/含中国比较的印太技术材料/科技地缘经济基线,待编码,中国科技竞争、印太技术治理、供应链安全、创新合作及区域比较专题复用,C:\Users\WINDOWS\OneDrive\知识库\智库信息爬虫\国际主要科技智库观点演变_研判\03_证据底稿\网页文本\C-NBR-E1B61B8318.txt,官方网页全文已保存
C-NBR-C2EF867EC9,nbr,National Bureau of Asian Research,美国,2021-04-22,W2,Where Will Trade with China Go from Here? The Biden Administration and China,NBR评论,https://www.nbr.org/publication/where-will-trade-with-china-go-from-here-the-biden-administration-and-china/,,本地原文已保存,P0-China-tech-corpus,网络安全与数字治理；技术供应链与出口管制；创新体系、标准与知识产权,作者评论或论文,NBR科技与中国专题库/直接涉华科技/科技地缘经济基线,待编码,中国科技竞争、印太技术治理、供应链安全、创新合作及区域比较专题复用,C:\Users\WINDOWS\OneDrive\知识库\智库信息爬虫\国际主要科技智库观点演变_研判\03_证据底稿\网页文本\C-NBR-C2EF867EC9.txt,官方网页全文已保存
C-NBR-9B06F7C381,nbr,National Bureau of Asian Research,美国,2021-05-06,W2,Carrying the Torch of Free Trade in the Indo-Pacific Japan’s Challenging Role,NBR评论,https://www.nbr.org/publication/carrying-the-torch-of-free-trade-in-the-indo-pacific-japans-challenging-role/,,本地原文已保存,P0-China-tech-corpus,人工智能、芯片与算力；网络安全与数字治理；技术供应链与出口管制；创新体系、标准与知识产权,作者评论或论文,NBR科技与中国专题库/含中国比较的印太技术材料/科技地缘经济基线,待编码,中国科技竞争、印太技术治理、供应链安全、创新合作及区域比较专题复用,C:\Users\WINDOWS\OneDrive\知识库\智库信息爬虫\国际主要科技智库观点演变_研判\03_证据底稿\网页文本\C-NBR-9B06F7C381.txt,官方页面代理全文已保存
C-BRUEGEL-BEF3CFF83F,bruegel,Bruegel,欧盟,2021-05-10,W2,Research and innovation policies and productivity growth,working-paper,https://www.bruegel.org/working-paper/research-and-innovation-policies-and-productivity-growth,,本地原文已保存,P0-core-tech,芯片、关键技术与科研创新,作者/项目正式研究,Bruegel科技与中国专题库/核心科技直接材料,待编码,欧洲科技创新、产业政策、关键技术、中欧竞争合作及经济安全专题复用,C:\Users\WINDOWS\OneDrive\知识库\智库信息爬虫\国际主要科技智库观点演变_研判\03_证据底稿\原文PDF\C-BRUEGEL-BEF3CFF83F.pdf,官方PDF已保存并校验
E-ITIF-2021-INDUSTRY,itif,Information Technology and Innovation Foundation,美国,2021-05-10,W2,"Industry by Industry: More Chinese Mercantilism, Less Global Innovation",涉华科技专题报告,https://itif.org/publications/2021/05/10/industry-industry-more-chinese-mercantilism-less-global-innovation/,,本地原文已保存,P1-early-series,先进产业；创新重商主义,机构正式观点,目录外早期增补,待编码,补足2016—2021连续序列与战略转向早期证据,C:\Users\WINDOWS\OneDrive\知识库\智库信息爬虫\国际主要科技智库观点演变_研判\03_证据底稿\原文PDF\E-ITIF-2021-INDUSTRY.pdf,官方PDF已保存并校验
C-MERICS-90B299F015,merics,MERICS Industrial Policy and Technology,德国,2021-05-19,W2,China bets on open-source technologies to boost domestic innovation,MERICS研究报告,https://merics.org/en/report/china-bets-open-source-technologies-boost-domestic-innovation,,本地原文已保存,P0-China-tech-corpus,网络安全、数据与数字治理；先进制造、机器人与交通技术；创新体系、科研与技术人才,作者/项目正式研究,MERICS科技与中国专题库/核心科技直接材料,待编码,中国科技创新、产业政策、数字治理、供应链与欧洲对华经济安全专题复用,C:\Users\WINDOWS\OneDrive\知识库\智库信息爬虫\国际主要科技智库观点演变_研判\03_证据底稿\原文PDF\C-MERICS-90B299F015.pdf,官方PDF已保存并校验
C-CSET-6033,cset,Center for Security and Emerging Technology,美国,2021-05-25,W2,China’s Foreign Technology Wish List,CSET原创研究报告,https://cset.georgetown.edu/publication/chinas-foreign-technology-wish-list/,,本地原文已保存,P0-China-tech-corpus,技术转移与出口管制；国家创新体系与产业政策,作者/项目正式研究,CSET涉华科技专题库,待编码,中国科技战略、创新体系、技术竞争与供应链专题复用,C:\Users\WINDOWS\OneDrive\知识库\智库信息爬虫\国际主要科技智库观点演变_研判\03_证据底稿\原文PDF\C-CSET-6033.pdf,官方PDF已保存并校验
C-CSET-6084,cset,Center for Security and Emerging Technology,美国,2021-06-01,W2,"Research Security, Collaboration, and the Changing Map of Global R&D",CSET原创研究报告,https://cset.georgetown.edu/publication/research-security-collaboration-and-the-changing-map-of-global-rd/,,本地原文已保存,P0-China-tech-corpus,科技人才与科研安全；国家创新体系与产业政策,作者/项目正式研究,CSET涉华科技专题库,待编码,中国科技战略、创新体系、技术竞争与供应链专题复用,C:\Users\WINDOWS\OneDrive\知识库\智库信息爬虫\国际主要科技智库观点演变_研判\03_证据底稿\原文PDF\C-CSET-6084.pdf,官方PDF已保存并校验
E-ASPI-2021-REINING,aspi,Australian Strategic Policy Institute,澳大利亚,2021-06-08,W2,Mapping China's Technology Giants: Reining in China’s Technology Giants,涉华科技专题报告,https://www.aspi.org.au/report/mapping-chinas-technology-giants-reining-chinas-technology-giants/,,本地原文已保存,P1-early-series,中国科技企业；技术自立,机构正式观点,目录外早期增补,待编码,补足2016—2021连续序列与战略转向早期证据,C:\Users\WINDOWS\OneDrive\知识库\智库信息爬虫\国际主要科技智库观点演变_研判\03_证据底稿\原文PDF\E-ASPI-2021-REINING.pdf,官方PDF已保存并校验
E-ASPI-2021-SUPPLY,aspi,Australian Strategic Policy Institute,澳大利亚,2021-06-08,W2,Mapping China's Tech Giants: Supply Chains and the Global Data Collection Ecosystem,涉华科技专题报告,https://www.aspi.org.au/report/mapping-chinas-tech-giants-supply-chains-and-global-data-collection-ecosystem/,,本地原文已保存,P1-early-series,数字供应链；全球数据生态,机构正式观点,目录外早期增补,待编码,补足2016—2021连续序列与战略转向早期证据,C:\Users\WINDOWS\OneDrive\知识库\智库信息爬虫\国际主要科技智库观点演变_研判\03_证据底稿\原文PDF\E-ASPI-2021-SUPPLY.pdf,官方PDF已保存并校验
C-MERICS-C03FB77E81,merics,MERICS Industrial Policy and Technology,德国,2021-06-15,W2,"The CCP's next century: expanding economic control, digital governance and national security",MERICS研究报告,https://merics.org/en/report/ccps-next-century-expanding-economic-control-digital-governance-and-national-security,,本地原文已保存,P0-China-tech-corpus,网络安全、数据与数字治理,作者/项目正式研究,MERICS科技与中国专题库/核心科技直接材料,待编码,中国科技创新、产业政策、数字治理、供应链与欧洲对华经济安全专题复用,C:\Users\WINDOWS\OneDrive\知识库\智库信息爬虫\国际主要科技智库观点演变_研判\03_证据底稿\原文PDF\C-MERICS-C03FB77E81.pdf,官方PDF已保存并校验
C-CSET-6404,cset,Center for Security and Emerging Technology,美国,2021-06-21,W2,Poison in the Well,CSET原创研究报告,https://cset.georgetown.edu/publication/poison-in-the-well/,,本地原文已保存,P0-China-tech-corpus,技术转移与出口管制；数字治理与网络安全,作者/项目正式研究,CSET涉华科技专题库,待编码,中国科技战略、创新体系、技术竞争与供应链专题复用,C:\Users\WINDOWS\OneDrive\知识库\智库信息爬虫\国际主要科技智库观点演变_研判\03_证据底稿\原文PDF\C-CSET-6404.pdf,官方PDF已保存并校验
C-MERICS-8A53E25339,merics,MERICS Industrial Policy and Technology,德国,2021-06-24,W2,"Lofty principles, conflicting incentives: AI ethics and governance in China",MERICS研究报告,https://merics.org/en/report/lofty-principles-conflicting-incentives-ai-ethics-and-governance-china,,本地原文已保存,P0-China-tech-corpus,人工智能、芯片与算力；网络安全、数据与数字治理；先进制造、机器人与交通技术；生物、量子、航天与绿色技术；创新体系、科研与技术人才；供应链、技术管制与经济安全,作者/项目正式研究,MERICS科技与中国专题库/核心科技直接材料,待编码,中国科技创新、产业政策、数字治理、供应链与欧洲对华经济安全专题复用,C:\Users\WINDOWS\OneDrive\知识库\智库信息爬虫\国际主要科技智库观点演变_研判\03_证据底稿\原文PDF\C-MERICS-8A53E25339.pdf,官方PDF已保存并校验
C-MERICS-D5CD59BF14,merics,MERICS Industrial Policy and Technology,德国,2021-06-24,W2,The Connection of Everything: China and the Internet of Things,MERICS研究报告,https://merics.org/en/report/connection-everything-china-and-internet-things,,本地原文已保存,P0-China-tech-corpus,人工智能、芯片与算力；网络安全、数据与数字治理；先进制造、机器人与交通技术；生物、量子、航天与绿色技术；创新体系、科研与技术人才；供应链、技术管制与经济安全,作者/项目正式研究,MERICS科技与中国专题库/核心科技直接材料,待编码,中国科技创新、产业政策、数字治理、供应链与欧洲对华经济安全专题复用,C:\Users\WINDOWS\OneDrive\知识库\智库信息爬虫\国际主要科技智库观点演变_研判\03_证据底稿\原文PDF\C-MERICS-D5CD59BF14.pdf,官方PDF已保存并校验
C-CSET-6554,cset,Center for Security and Emerging Technology,美国,2021-06-30,W2,China’s National Cybersecurity Center,CSET原创研究报告,https://cset.georgetown.edu/publication/chinas-national-cybersecurity-center/,,本地原文已保存,P0-China-tech-corpus,科技人才与科研安全；数字治理与网络安全；国家创新体系与产业政策,作者/项目正式研究,CSET涉华科技专题库,待编码,中国科技战略、创新体系、技术竞争与供应链专题复用,C:\Users\WINDOWS\OneDrive\知识库\智库信息爬虫\国际主要科技智库观点演变_研判\03_证据底稿\原文PDF\C-CSET-6554.pdf,官方PDF已保存并校验
C-MERICS-FEE5C5B124,merics,MERICS Industrial Policy and Technology,德国,2021-06-30,W2,Mapping China’s semiconductor ecosystem in global context: Strategic dimensions and conclusions,MERICS研究报告,https://merics.org/en/report/mapping-chinas-semiconductor-ecosystem-global-context-strategic-dimensions-and-conclusions,,本地原文已保存,P0-China-tech-corpus,人工智能、芯片与算力；先进制造、机器人与交通技术；创新体系、科研与技术人才；供应链、技术管制与经济安全,作者/项目正式研究,MERICS科技与中国专题库/核心科技直接材料,待编码,中国科技创新、产业政策、数字治理、供应链与欧洲对华经济安全专题复用,C:\Users\WINDOWS\OneDrive\知识库\智库信息爬虫\国际主要科技智库观点演变_研判\03_证据底稿\原文PDF\C-MERICS-FEE5C5B124.pdf,官方PDF已保存并校验
C-BRUEGEL-89AE02C0E4,bruegel,Bruegel,欧盟,2021-07-01,W2,Commercialisation contracts: European support for low-carbon technology deployment,policy-brief,https://www.bruegel.org/policy-brief/commercialisation-contracts-european-support-low-carbon-technology-deployment,,本地原文已保存,P0-core-tech,清洁技术、能源与绿色产业,作者/项目正式研究,Bruegel科技与中国专题库/核心科技直接材料,待编码,欧洲科技创新、产业政策、关键技术、中欧竞争合作及经济安全专题复用,C:\Users\WINDOWS\OneDrive\知识库\智库信息爬虫\国际主要科技智库观点演变_研判\03_证据底稿\原文PDF\C-BRUEGEL-89AE02C0E4.pdf,官方PDF已保存并校验
C-CSET-6957,cset,Center for Security and Emerging Technology,美国,2021-07-20,W2,Will Hunt’s Testimony Before the Strategic Technologies and Advanced Research (STAR) Subcommittee,涉华科技政策证词,https://cset.georgetown.edu/publication/will-hunts-testimony-before-the-strategic-technologies-and-advanced-research-star-subcommittee/,,本地原文已保存,P1-China-tech-source,人工智能与算力；国家创新体系与产业政策,作者政策证词,CSET涉华科技专题库,待编码,中国科技战略、创新体系、技术竞争与供应链专题复用,C:\Users\WINDOWS\OneDrive\知识库\智库信息爬虫\国际主要科技智库观点演变_研判\03_证据底稿\原文PDF\C-CSET-6957.pdf,官方PDF已保存并校验
C-CSET-6780,cset,Center for Security and Emerging Technology,美国,2021-07-22,W2,The Huawei Moment,CSET原创研究报告,https://cset.georgetown.edu/publication/the-huawei-moment/,,本地原文已保存,P0-China-tech-corpus,综合科技竞争,作者/项目正式研究,CSET涉华科技专题库,待编码,中国科技战略、创新体系、技术竞争与供应链专题复用,C:\Users\WINDOWS\OneDrive\知识库\智库信息爬虫\国际主要科技智库观点演变_研判\03_证据底稿\原文PDF\C-CSET-6780.pdf,官方PDF已保存并校验
C-CSET-6840,cset,Center for Security and Emerging Technology,美国,2021-07-26,W2,China’s CyberAI Talent Pipeline,CSET原创研究报告,https://cset.georgetown.edu/publication/chinas-cyberai-talent-pipeline/,,本地原文已保存,P0-China-tech-corpus,人工智能与算力；科技人才与科研安全；数字治理与网络安全；国家创新体系与产业政策,作者/项目正式研究,CSET涉华科技专题库,待编码,中国科技战略、创新体系、技术竞争与供应链专题复用,C:\Users\WINDOWS\OneDrive\知识库\智库信息爬虫\国际主要科技智库观点演变_研判\03_证据底稿\原文PDF\C-CSET-6840.pdf,官方PDF已保存并校验
C-ATL-418681,atlantic-council-geotech,Atlantic Council,美国,2021-07-29,W2,Xi Jinping’s politics in command economy,议题简报,https://www.atlanticcouncil.org/in-depth-research-reports/issue-brief/issue-brief-xi-jinpings-politics-in-command-economy/,,本地原文已保存,P0-China-tech-corpus,综合科技竞争,作者/项目政策简报,Atlantic Council涉华科技专题库,待编码,中国科技竞争、数字治理、产业链安全及美国盟友政策专题复用,C:\Users\WINDOWS\OneDrive\知识库\智库信息爬虫\国际主要科技智库观点演变_研判\03_证据底稿\原文PDF\C-ATL-418681.pdf,官方PDF已保存并校验
C-CSET-6949,cset,Center for Security and Emerging Technology,美国,2021-08-04,W2,Anna Puglisi’s Testimony Before the Senate Select Committee on Intelligence,涉华科技政策证词,https://cset.georgetown.edu/publication/anna-puglisis-testimony-before-the-senate-select-committee-on-intelligence/,,本地原文已保存,P1-China-tech-source,综合科技竞争,作者政策证词,CSET涉华科技专题库,待编码,中国科技战略、创新体系、技术竞争与供应链专题复用,C:\Users\WINDOWS\OneDrive\知识库\智库信息爬虫\国际主要科技智库观点演变_研判\03_证据底稿\原文PDF\C-CSET-6949.pdf,官方PDF已保存并校验
C-CSET-7143,cset,Center for Security and Emerging Technology,美国,2021-08-18,W2,Indonesia’s AI Promise in Perspective,CSET原创研究报告,https://cset.georgetown.edu/publication/indonesias-ai-promise-in-perspective/,,本地原文已保存,P0-China-tech-corpus,人工智能与算力；数字治理与网络安全；国家创新体系与产业政策,作者/项目正式研究,CSET涉华科技专题库,待编码,中国科技战略、创新体系、技术竞争与供应链专题复用,C:\Users\WINDOWS\OneDrive\知识库\智库信息爬虫\国际主要科技智库观点演变_研判\03_证据底稿\原文PDF\C-CSET-7143.pdf,官方PDF已保存并校验
C-CSET-7210,cset,Center for Security and Emerging Technology,美国,2021-08-26,W2,Headline or Trend Line?,CSET原创研究报告,https://cset.georgetown.edu/publication/headline-or-trend-line/,,本地原文已保存,P0-China-tech-corpus,人工智能与算力,作者/项目正式研究,CSET涉华科技专题库,待编码,中国科技战略、创新体系、技术竞争与供应链专题复用,C:\Users\WINDOWS\OneDrive\知识库\智库信息爬虫\国际主要科技智库观点演变_研判\03_证据底稿\原文PDF\C-CSET-7210.pdf,官方PDF已保存并校验
C-ATL-428120,atlantic-council-geotech,Atlantic Council,美国,2021-08-31,W2,"Trusted connectivity: A framework for a free, open, and connected world",议题简报,https://www.atlanticcouncil.org/in-depth-research-reports/trusted-connectivity-a-framework-for-a-free-open-and-connected-world/,,本地原文已保存,P0-China-tech-corpus,综合科技竞争,作者/项目政策简报,Atlantic Council涉华科技专题库,待编码,中国科技竞争、数字治理、产业链安全及美国盟友政策专题复用,C:\Users\WINDOWS\OneDrive\知识库\智库信息爬虫\国际主要科技智库观点演变_研判\03_证据底稿\原文PDF\C-ATL-428120.pdf,官方PDF已保存并校验
C-MERICS-F2BD67D38E,merics,MERICS Industrial Policy and Technology,德国,2021-09-01,W2,In the driver's seat: China's electric vehicle makers target Europe,MERICS研究报告,https://merics.org/en/report/drivers-seat-chinas-electric-vehicle-makers-target-europe,,本地原文已保存,P0-China-tech-corpus,人工智能、芯片与算力；网络安全、数据与数字治理；先进制造、机器人与交通技术；生物、量子、航天与绿色技术；创新体系、科研与技术人才；供应链、技术管制与经济安全,作者/项目正式研究,MERICS科技与中国专题库/核心科技直接材料,待编码,中国科技创新、产业政策、数字治理、供应链与欧洲对华经济安全专题复用,C:\Users\WINDOWS\OneDrive\知识库\智库信息爬虫\国际主要科技智库观点演变_研判\03_证据底稿\原文PDF\C-MERICS-F2BD67D38E.pdf,官方PDF已保存并校验
C-NBR-DF5CBBADC6,nbr,National Bureau of Asian Research,美国,2021-09-11,W2,Japan’s Connectivity Initiatives in the Indo-Pacific,NBR评论,https://www.nbr.org/publication/japans-connectivity-initiatives-in-the-indo-pacific/,,本地原文已保存,P0-China-tech-corpus,网络安全与数字治理；技术供应链与出口管制；创新体系、标准与知识产权,作者评论或论文,NBR科技与中国专题库/含中国比较的印太技术材料/科技地缘经济基线,待编码,中国科技竞争、印太技术治理、供应链安全、创新合作及区域比较专题复用,C:\Users\WINDOWS\OneDrive\知识库\智库信息爬虫\国际主要科技智库观点演变_研判\03_证据底稿\网页文本\C-NBR-DF5CBBADC6.txt,官方网页全文已保存
C-BEL-ECAC87CF00,belfer,Belfer Center for Science and International Affairs,美国,2021-09-13,W2,A Next Generation National Information Operations Strategy and Architecture,研究报告与论文,https://www.belfercenter.org/publication/next-generation-national-information-operations-strategy-and-architecture,,本地原文已保存,P0-China-tech-corpus,人工智能、芯片与算力；网络安全与数字治理；技术供应链与出口管制；创新体系与产业政策；国防、航天与无人系统,作者/项目正式研究,Belfer涉华科技专题库,待编码,中美科技竞争、数字安全、创新政策、能源技术及国防前沿技术专题复用,C:\Users\WINDOWS\OneDrive\知识库\智库信息爬虫\国际主要科技智库观点演变_研判\03_证据底稿\网页文本\C-BEL-ECAC87CF00.txt,官方网页全文已保存
C-CSET-7456,cset,Center for Security and Emerging Technology,美国,2021-09-14,W2,Education in China and the United States,CSET原创研究报告,https://cset.georgetown.edu/publication/education-in-china-and-the-united-states/,,本地原文已保存,P0-China-tech-corpus,人工智能与算力；科技人才与科研安全,作者/项目正式研究,CSET涉华科技专题库,待编码,中国科技战略、创新体系、技术竞争与供应链专题复用,C:\Users\WINDOWS\OneDrive\知识库\智库信息爬虫\国际主要科技智库观点演变_研判\03_证据底稿\原文PDF\C-CSET-7456.pdf,官方PDF已保存并校验
C-CSET-7460,cset,Center for Security and Emerging Technology,美国,2021-09-14,W2,AI Education in China and the United States,CSET原创研究报告,https://cset.georgetown.edu/publication/ai-education-in-china-and-the-united-states/,,本地原文已保存,P0-China-tech-corpus,人工智能与算力；科技人才与科研安全；军民融合与国防科技,作者/项目正式研究,CSET涉华科技专题库,待编码,中国科技战略、创新体系、技术竞争与供应链专题复用,C:\Users\WINDOWS\OneDrive\知识库\智库信息爬虫\国际主要科技智库观点演变_研判\03_证据底稿\原文PDF\C-CSET-7460.pdf,官方PDF已保存并校验
C-CSET-7533,cset,Center for Security and Emerging Technology,美国,2021-09-21,W2,Robot Hacking Games,CSET原创研究报告,https://cset.georgetown.edu/publication/robot-hacking-games/,,本地原文已保存,P0-China-tech-corpus,军民融合与国防科技；数字治理与网络安全；航天与其他前沿技术,作者/项目正式研究,CSET涉华科技专题库,待编码,中国科技战略、创新体系、技术竞争与供应链专题复用,C:\Users\WINDOWS\OneDrive\知识库\智库信息爬虫\国际主要科技智库观点演变_研判\03_证据底稿\原文PDF\C-CSET-7533.pdf,官方PDF已保存并校验
C-NBR-614FB81244,nbr,National Bureau of Asian Research,美国,2021-09-24,W2,U.S. Economic Statecraft 2.0 for Resilient Supply Chains in the Indo-Pacific,NBR评论,https://www.nbr.org/publication/u-s-economic-statecraft-2-0-for-resilient-supply-chains-in-the-indo-pacific/,,本地原文已保存,P0-China-tech-corpus,人工智能、芯片与算力；网络安全与数字治理；技术供应链与出口管制；创新体系、标准与知识产权,作者评论或论文,NBR科技与中国专题库/含中国比较的印太技术材料/核心科技直接材料,待编码,中国科技竞争、印太技术治理、供应链安全、创新合作及区域比较专题复用,C:\Users\WINDOWS\OneDrive\知识库\智库信息爬虫\国际主要科技智库观点演变_研判\03_证据底稿\网页文本\C-NBR-614FB81244.txt,官方网页全文已保存
C-NBR-2FB0C4C25D,nbr,National Bureau of Asian Research,美国,2021-10-12,W2,India’s Vision for Indo-Pacific Trade,NBR评论,https://www.nbr.org/publication/indias-vision-for-indo-pacific-trade/,,本地原文已保存,P0-China-tech-corpus,技术供应链与出口管制；创新体系、标准与知识产权,作者评论或论文,NBR科技与中国专题库/含中国比较的印太技术材料/科技地缘经济基线,待编码,中国科技竞争、印太技术治理、供应链安全、创新合作及区域比较专题复用,C:\Users\WINDOWS\OneDrive\知识库\智库信息爬虫\国际主要科技智库观点演变_研判\03_证据底稿\网页文本\C-NBR-2FB0C4C25D.txt,官方网页全文已保存
C-ATL-444219,atlantic-council-geotech,Atlantic Council,美国,2021-10-14,W2,Standardizing the future: How can the United States navigate the geopolitics of international technology standards?,正式研究报告,https://www.atlanticcouncil.org/in-depth-research-reports/report/standardizing-the-future-how-can-the-united-states-navigate-the-geopolitics-of-international-technology-standards/,,本地原文已保存,P0-China-tech-corpus,网络安全与数字治理,作者/项目正式研究,Atlantic Council涉华科技专题库,待编码,中国科技竞争、数字治理、产业链安全及美国盟友政策专题复用,C:\Users\WINDOWS\OneDrive\知识库\智库信息爬虫\国际主要科技智库观点演变_研判\03_证据底稿\原文PDF\C-ATL-444219.pdf,官方PDF已保存并校验
E-CSIS-2021-DEGREES,csis,Center for Strategic and International Studies,美国,2021-10-21,W2,Degrees of Separation: A Targeted Approach to U.S.-China Decoupling,涉华科技专题报告,https://www.csis.org/analysis/degrees-separation-targeted-approach-us-china-decoupling-final-report,,本地原文已保存,P1-early-series,选择性脱钩；AI；生物技术,机构正式观点,目录外早期增补,待编码,补足2016—2021连续序列与战略转向早期证据,C:\Users\WINDOWS\OneDrive\知识库\智库信息爬虫\国际主要科技智库观点演变_研判\03_证据底稿\原文PDF\E-CSIS-2021-DEGREES.pdf,官方PDF已保存并校验
C-CSET-7882,cset,Center for Security and Emerging Technology,美国,2021-10-26,W2,"No Permits, No Fabs",CSET原创研究报告,https://cset.georgetown.edu/publication/no-permits-no-fabs/,,本地原文已保存,P0-China-tech-corpus,人工智能与算力；技术转移与出口管制；军民融合与国防科技；国家创新体系与产业政策,作者/项目正式研究,CSET涉华科技专题库,待编码,中国科技战略、创新体系、技术竞争与供应链专题复用,C:\Users\WINDOWS\OneDrive\知识库\智库信息爬虫\国际主要科技智库观点演变_研判\03_证据底稿\原文PDF\C-CSET-7882.pdf,官方PDF已保存并校验
C-CSET-7897,cset,Center for Security and Emerging Technology,美国,2021-10-28,W2,Harnessed Lightning,CSET原创研究报告,https://cset.georgetown.edu/publication/harnessed-lightning/,,本地原文已保存,P0-China-tech-corpus,人工智能与算力；技术转移与出口管制；军民融合与国防科技,作者/项目正式研究,CSET涉华科技专题库,待编码,中国科技战略、创新体系、技术竞争与供应链专题复用,C:\Users\WINDOWS\OneDrive\知识库\智库信息爬虫\国际主要科技智库观点演变_研判\03_证据底稿\原文PDF\C-CSET-7897.pdf,官方PDF已保存并校验
C-BEL-2B6EA4E672,belfer,Belfer Center for Science and International Affairs,美国,2021-10-29,W2,Mission Hydrogen: Accelerating the Transition to a Low Carbon Economy,研究报告与论文,https://www.belfercenter.org/publication/mission-hydrogen-accelerating-transition-low-carbon-economy,,本地原文已保存,P0-China-tech-corpus,人工智能、芯片与算力；网络安全与数字治理；创新体系与产业政策；生物、量子及其他前沿技术,作者/项目正式研究,Belfer涉华科技专题库,待编码,中美科技竞争、数字安全、创新政策、能源技术及国防前沿技术专题复用,C:\Users\WINDOWS\OneDrive\知识库\智库信息爬虫\国际主要科技智库观点演变_研判\03_证据底稿\原文PDF\C-BEL-2B6EA4E672.pdf,官方PDF已保存并校验
E-NISTEP-2021-IND,nistep,National Institute of Science and Technology Policy,日本,2021-11-01,W2,Digest of Japanese Science and Technology Indicators 2021,旗舰系列报告,https://www.nistep.go.jp/en/?page_id=52,,本地原文已保存,P1-early-series,科技实力指标；中国国际比较,机构正式观点,目录外早期增补,待编码,补足2016—2021连续序列与战略转向早期证据,C:\Users\WINDOWS\OneDrive\知识库\智库信息爬虫\国际主要科技智库观点演变_研判\03_证据底稿\原文PDF\E-NISTEP-2021-IND.pdf,官方PDF已保存并校验
S-BR-2021-01,bruegel,Bruegel,欧盟,2021-11-01,W2,A New Direction for the European Union’s Semiconductor Policy,政策贡献,https://www.bruegel.org/system/files/wp_attachments/PC-2021-17-semiconductors-.pdf,C:\Users\WINDOWS\OneDrive\知识库\智库信息爬虫\国际主要科技智库观点演变_研判\03_证据底稿\原文PDF\S-BR-2021-01.pdf,官方PDF全文已保存,P0-anchor,T1;T2;T5;T7,L1,官方锚点,待编码,技术主权与欧盟集中决策,,
C-ATL-448323,atlantic-council-geotech,Atlantic Council,美国,2021-11-02,W2,Deterring Chinese strategic attack: Grappling with the implications of China’s strategic forces buildup,正式研究报告,https://www.atlanticcouncil.org/in-depth-research-reports/report/deterring-chinese-strategic-attack-grappling-with-the-implications-of-chinas-strategic-forces-buildup/,,本地原文已保存,P0-China-tech-corpus,综合科技竞争,作者/项目正式研究,Atlantic Council涉华科技专题库,待编码,中国科技竞争、数字治理、产业链安全及美国盟友政策专题复用,C:\Users\WINDOWS\OneDrive\知识库\智库信息爬虫\国际主要科技智库观点演变_研判\03_证据底稿\原文PDF\C-ATL-448323.pdf,官方PDF已保存并校验
C-NBR-647692A385,nbr,National Bureau of Asian Research,美国,2021-11-06,W2,How Indonesia Sees the Indo-Pacific Economic Architecture,NBR评论,https://www.nbr.org/publication/how-indonesia-sees-the-indo-pacific-economic-architecture/,,本地原文已保存,P0-China-tech-corpus,技术地缘经济与区域合作,作者评论或论文,NBR科技与中国专题库/含中国比较的印太技术材料/科技地缘经济基线,待编码,中国科技竞争、印太技术治理、供应链安全、创新合作及区域比较专题复用,C:\Users\WINDOWS\OneDrive\知识库\智库信息爬虫\国际主要科技智库观点演变_研判\03_证据底稿\网页文本\C-NBR-647692A385.txt,官方页面代理全文已保存
C-BRUEGEL-E2AFF05D1C,bruegel,Bruegel,欧盟,2021-11-17,W2,Biometric technologies at work: a proposed use-based taxonomy,policy-brief,https://www.bruegel.org/policy-brief/biometric-technologies-work-proposed-use-based-taxonomy,,本地原文已保存,P0-core-tech,人工智能、算力与数字技术,作者/项目正式研究,Bruegel科技与中国专题库/核心科技直接材料,待编码,欧洲科技创新、产业政策、关键技术、中欧竞争合作及经济安全专题复用,C:\Users\WINDOWS\OneDrive\知识库\智库信息爬虫\国际主要科技智库观点演变_研判\03_证据底稿\原文PDF\C-BRUEGEL-E2AFF05D1C.pdf,官方PDF已保存并校验
C-ATL-460660,atlantic-council-geotech,Atlantic Council,美国,2021-11-23,W2,Competing data governance models threaten the free flow of information and hamper world trade,议题简报,https://www.atlanticcouncil.org/in-depth-research-reports/issue-brief/competing-data-governance-models-threaten-the-free-flow-of-information-and-hamper-world-trade/,,本地原文已保存,P0-China-tech-corpus,网络安全与数字治理,作者/项目政策简报,Atlantic Council涉华科技专题库,待编码,中国科技竞争、数字治理、产业链安全及美国盟友政策专题复用,C:\Users\WINDOWS\OneDrive\知识库\智库信息爬虫\国际主要科技智库观点演变_研判\03_证据底稿\原文PDF\C-ATL-460660.pdf,官方PDF已保存并校验
C-BRUEGEL-ACC6129DA5,bruegel,Bruegel,欧盟,2021-11-30,W2,What is holding back artificial intelligence adoption in Europe?,policy-brief,https://www.bruegel.org/policy-brief/what-holding-back-artificial-intelligence-adoption-europe,,本地原文已保存,P0-core-tech,人工智能、算力与数字技术,作者/项目正式研究,Bruegel科技与中国专题库/核心科技直接材料,待编码,欧洲科技创新、产业政策、关键技术、中欧竞争合作及经济安全专题复用,C:\Users\WINDOWS\OneDrive\知识库\智库信息爬虫\国际主要科技智库观点演变_研判\03_证据底稿\原文PDF\C-BRUEGEL-ACC6129DA5.pdf,官方PDF已保存并校验
S-ASPI-2021-01,aspi,Australian Strategic Policy Institute,澳大利亚,2021-12-01,W2,Benchmarking Critical Technologies,项目报告,https://www.aspi.org.au/report/benchmarking-critical-technologies/,C:\Users\WINDOWS\OneDrive\知识库\智库信息爬虫\国际主要科技智库观点演变_研判\03_证据底稿\原文PDF\S-ASPI-2021-01.pdf,官方PDF全文已保存,P0-anchor,T1;T4;T5;T6;T10,L2,官方锚点,待编码,同盟化能力测度,,
C-NBR-1ADDCF68F3,nbr,National Bureau of Asian Research,美国,2021-12-07,W2,Guardians of Intellectual Property in the 21st Century The Global Supply Chain Industry,NBR研究报告,https://www.nbr.org/publication/guardians-of-intellectual-property-in-the-21st-century-the-global-supply-chain-industry/,,本地原文已保存,P1-regional-tech-baseline,人工智能、芯片与算力；网络安全与数字治理；技术供应链与出口管制；创新体系、标准与知识产权,作者/项目正式研究,NBR科技与中国专题库/区域技术基线/核心科技直接材料,待编码,中国科技竞争、印太技术治理、供应链安全、创新合作及区域比较专题复用,C:\Users\WINDOWS\OneDrive\知识库\智库信息爬虫\国际主要科技智库观点演变_研判\03_证据底稿\网页文本\C-NBR-1ADDCF68F3.txt,官方页面代理全文已保存
C-ATL-465525,atlantic-council-geotech,Atlantic Council,美国,2021-12-08,W2,Unpacking the geopolitics of technology,正式研究报告,https://www.atlanticcouncil.org/in-depth-research-reports/report/unpacking-the-geopolitics-of-technology/,,本地原文已保存,P0-China-tech-corpus,综合科技竞争,作者/项目正式研究,Atlantic Council涉华科技专题库,待编码,中国科技竞争、数字治理、产业链安全及美国盟友政策专题复用,C:\Users\WINDOWS\OneDrive\知识库\智库信息爬虫\国际主要科技智库观点演变_研判\03_证据底稿\原文PDF\C-ATL-465525.pdf,官方PDF已保存并校验
C-ATL-465922,atlantic-council-geotech,Atlantic Council,美国,2021-12-08,W2,Europe in a bipolar tech world,正式研究报告,https://www.atlanticcouncil.org/blogs/geotech-cues/europe-in-a-bipolar-tech-world/,,本地原文已保存,P0-China-tech-corpus,综合科技竞争,作者/项目正式研究,Atlantic Council涉华科技专题库,待编码,中国科技竞争、数字治理、产业链安全及美国盟友政策专题复用,C:\Users\WINDOWS\OneDrive\知识库\智库信息爬虫\国际主要科技智库观点演变_研判\03_证据底稿\原文PDF\C-ATL-465525.pdf,关联既有官方PDF
C-MERICS-B7A2EF119B,merics,MERICS Industrial Policy and Technology,德国,2021-12-08,W2,China's rise in semiconductors and Europe: Recommendations for policy makers,MERICS研究报告,https://merics.org/en/report/chinas-rise-semiconductors-and-europe-recommendations-policy-makers,,本地原文已保存,P0-China-tech-corpus,人工智能、芯片与算力；网络安全、数据与数字治理；先进制造、机器人与交通技术；创新体系、科研与技术人才；供应链、技术管制与经济安全,作者/项目正式研究,MERICS科技与中国专题库/核心科技直接材料,待编码,中国科技创新、产业政策、数字治理、供应链与欧洲对华经济安全专题复用,C:\Users\WINDOWS\OneDrive\知识库\智库信息爬虫\国际主要科技智库观点演变_研判\03_证据底稿\原文PDF\C-MERICS-B7A2EF119B.pdf,官方PDF已保存并校验
C-BRUEGEL-CF42C48F87,bruegel,Bruegel,欧盟,2021-12-16,W2,Market power and artificial intelligence work on online labour markets,working-paper,https://www.bruegel.org/working-paper/market-power-and-artificial-intelligence-work-online-labour-markets,,本地原文已保存,P0-core-tech,人工智能、算力与数字技术；机器人、自动化与技术就业,作者/项目正式研究,Bruegel科技与中国专题库/核心科技直接材料,待编码,欧洲科技创新、产业政策、关键技术、中欧竞争合作及经济安全专题复用,C:\Users\WINDOWS\OneDrive\知识库\智库信息爬虫\国际主要科技智库观点演变_研判\03_证据底稿\原文PDF\C-BRUEGEL-CF42C48F87.pdf,官方PDF已保存并校验
C-ATL-470291,atlantic-council-geotech,Atlantic Council,美国,2021-12-22,W2,Beyond the peninsula: US-ROK cooperation on digital connectivity in the Indo-Pacific,议题简报,https://www.atlanticcouncil.org/in-depth-research-reports/issue-brief/beyond-the-peninsula-us-rok-cooperation-on-digital-connectivity-in-the-indo-pacific/,,本地原文已保存,P0-China-tech-corpus,网络安全与数字治理,作者/项目政策简报,Atlantic Council涉华科技专题库,待编码,中国科技竞争、数字治理、产业链安全及美国盟友政策专题复用,C:\Users\WINDOWS\OneDrive\知识库\智库信息爬虫\国际主要科技智库观点演变_研判\03_证据底稿\原文PDF\C-ATL-470291.pdf,官方PDF已保存并校验
S-FISI-2022-01,fraunhofer-isi,Fraunhofer Institute for Systems and Innovation Research ISI,德国,2022-01-01,W3,Putting Mission-Oriented Innovation Policies to Work,讨论论文,https://www.isi.fraunhofer.de/content/dam/isi/dokumente/cci/innovation-systems-policy-analysis/2022/discussionpaper_75_2022.pdf,C:\Users\WINDOWS\OneDrive\知识库\智库信息爬虫\国际主要科技智库观点演变_研判\03_证据底稿\原文PDF\S-FISI-2022-01.pdf,官方PDF全文已保存,P0-anchor,T1;T2;T10,L1,官方锚点,待编码,任务从目标到执行,,
S-RAND-2022-01,rand,RAND Corporation,美国,2022-01-01,W3,Bridging the Gap: Assessing U.S. Business Community Support for U.S.-China Competition,研究报告,https://www.rand.org/content/dam/rand/pubs/research_reports/RRA1400/RRA1417-1/RAND_RRA1417-1.pdf,C:\Users\WINDOWS\OneDrive\知识库\智库信息爬虫\国际主要科技智库观点演变_研判\03_证据底稿\原文PDF\S-RAND-2022-01.pdf,官方PDF全文已保存,P0-anchor,T2;T4;T5;T6;T7,L1,官方锚点,待编码,企业对脱钩与供应链政策反应,,
C-BEL-B78469D299,belfer,Belfer Center for Science and International Affairs,美国,2022-01-14,W3,China’s Rise and U.S. Defense Implications,政策简报,https://www.belfercenter.org/publication/chinas-rise-and-us-defense-implications,,本地原文已保存,P0-China-tech-corpus,人工智能、芯片与算力；网络安全与数字治理；创新体系与产业政策；国防、航天与无人系统,作者/项目正式研究,Belfer涉华科技专题库,待编码,中美科技竞争、数字安全、创新政策、能源技术及国防前沿技术专题复用,C:\Users\WINDOWS\OneDrive\知识库\智库信息爬虫\国际主要科技智库观点演变_研判\03_证据底稿\网页文本\C-BEL-B78469D299.txt,官方网页全文已保存
S-CH-2022-01,chatham-house,Chatham House,英国,2022-01-14,W3,Solutions for Resilient Semiconductor Supply Chains,研究文章,https://www.chathamhouse.org/2022/01/solutions-resilient-semiconductor-supply-chains,,已定位官方页面,P0-anchor,T4;T5;T7,L1,官方锚点,待编码,韧性与反自给自足反证,,
C-ATL-479132,atlantic-council-geotech,Atlantic Council,美国,2022-01-25,W3,Cybersecurity for innovative small and medium enterprises and academia,正式研究报告,https://www.atlanticcouncil.org/in-depth-research-reports/report/cybersecurity-for-innovative-small-and-medium-enterprises-and-academia/,,本地原文已保存,P0-China-tech-corpus,网络安全与数字治理；创新体系与产业政策,作者/项目正式研究,Atlantic Council涉华科技专题库,待编码,中国科技竞争、数字治理、产业链安全及美国盟友政策专题复用,C:\Users\WINDOWS\OneDrive\知识库\智库信息爬虫\国际主要科技智库观点演变_研判\03_证据底稿\原文PDF\C-ATL-479132.pdf,官方PDF已保存并校验
C-CSET-8756,cset,Center for Security and Emerging Technology,美国,2022-01-26,W3,Sustaining U.S. Competitiveness in Semiconductor Manufacturing,CSET原创研究报告,https://cset.georgetown.edu/publication/sustaining-u-s-competitiveness-in-semiconductor-manufacturing/,,本地原文已保存,P0-China-tech-corpus,人工智能与算力,作者/项目正式研究,CSET涉华科技专题库,待编码,中国科技战略、创新体系、技术竞争与供应链专题复用,C:\Users\WINDOWS\OneDrive\知识库\智库信息爬虫\国际主要科技智库观点演变_研判\03_证据底稿\原文PDF\C-CSET-8756.pdf,官方PDF已保存并校验
C-CSET-8881,cset,Center for Security and Emerging Technology,美国,2022-02-09,W3,Reshoring Chipmaking Capacity Requires High-Skilled Foreign Talent,CSET原创研究报告,https://cset.georgetown.edu/publication/reshoring-chipmaking-capacity-requires-high-skilled-foreign-talent/,,本地原文已保存,P0-China-tech-corpus,人工智能与算力；科技人才与科研安全；国家创新体系与产业政策,作者/项目正式研究,CSET涉华科技专题库,待编码,中国科技战略、创新体系、技术竞争与供应链专题复用,C:\Users\WINDOWS\OneDrive\知识库\智库信息爬虫\国际主要科技智库观点演变_研判\03_证据底稿\原文PDF\C-CSET-8881.pdf,官方PDF已保存并校验
C-CSET-8976,cset,Center for Security and Emerging Technology,美国,2022-02-17,W3,Dakota Cary’s Testimony Before the U.S.-China Economic and Security Commission,涉华科技政策证词,https://cset.georgetown.edu/publication/dakota-carys-testimony-before-the-u-s-china-economic-and-security-commission/,,本地原文已保存,P1-China-tech-source,科技人才与科研安全；军民融合与国防科技；数字治理与网络安全,作者政策证词,CSET涉华科技专题库,待编码,中国科技战略、创新体系、技术竞争与供应链专题复用,C:\Users\WINDOWS\OneDrive\知识库\智库信息爬虫\国际主要科技智库观点演变_研判\03_证据底稿\原文PDF\C-CSET-8976.pdf,官方PDF已保存并校验
C-NBR-DE39187716,nbr,National Bureau of Asian Research,美国,2022-03-01,W3,China’s Digital Ambitions A Global Strategy to Supplant the Liberal Order,NBR研究报告,https://www.nbr.org/publication/chinas-digital-ambitions-a-global-strategy-to-supplant-the-liberal-order/,,本地原文已保存,P0-China-tech-corpus,人工智能、芯片与算力；网络安全与数字治理；技术供应链与出口管制；创新体系、标准与知识产权；生物、量子及其他前沿技术,作者/项目正式研究,NBR科技与中国专题库/直接涉华科技/核心科技直接材料,待编码,中国科技竞争、印太技术治理、供应链安全、创新合作及区域比较专题复用,C:\Users\WINDOWS\OneDrive\知识库\智库信息爬虫\国际主要科技智库观点演变_研判\03_证据底稿\原文PDF\C-NBR-DE39187716.pdf,官方PDF已保存并校验
C-BEL-AE4CDA117C,belfer,Belfer Center for Science and International Affairs,美国,2022-03-03,W3,The U.S.-China Tech Rivalry: Don't Decouple - Diversify,研究报告与论文,https://www.belfercenter.org/publication/us-china-tech-rivalry-dont-decouple-diversify,,本地原文已保存,P0-China-tech-corpus,人工智能、芯片与算力；网络安全与数字治理；技术供应链与出口管制,作者/项目正式研究,Belfer涉华科技专题库,待编码,中美科技竞争、数字安全、创新政策、能源技术及国防前沿技术专题复用,C:\Users\WINDOWS\OneDrive\知识库\智库信息爬虫\国际主要科技智库观点演变_研判\03_证据底稿\网页文本\C-BEL-AE4CDA117C.txt,官方网页全文已保存
C-BEL-38F891EC2F,belfer,Belfer Center for Science and International Affairs,美国,2022-03-17,W3,Testimony before the U.S.-China Economic and Security Review Commission,政策证词,https://www.belfercenter.org/publication/testimony-us-china-economic-and-security-review-commission-0,,本地原文已保存,P0-China-tech-corpus,人工智能、芯片与算力；网络安全与数字治理；创新体系与产业政策,作者/项目政策证词,Belfer涉华科技专题库,待编码,中美科技竞争、数字安全、创新政策、能源技术及国防前沿技术专题复用,C:\Users\WINDOWS\OneDrive\知识库\智库信息爬虫\国际主要科技智库观点演变_研判\03_证据底稿\网页文本\C-BEL-38F891EC2F.txt,官方网页全文已保存
C-MERICS-4C1E37B922,merics,MERICS Industrial Policy and Technology,德国,2022-03-17,W3,E-government and Covid-19: Digital China goes global,MERICS研究报告,https://merics.org/en/report/e-government-and-covid-19-digital-china-goes-global,,本地原文已保存,P0-China-tech-corpus,人工智能、芯片与算力；网络安全、数据与数字治理；先进制造、机器人与交通技术；生物、量子、航天与绿色技术；创新体系、科研与技术人才,作者/项目正式研究,MERICS科技与中国专题库/核心科技直接材料,待编码,中国科技创新、产业政策、数字治理、供应链与欧洲对华经济安全专题复用,C:\Users\WINDOWS\OneDrive\知识库\智库信息爬虫\国际主要科技智库观点演变_研判\03_证据底稿\原文PDF\C-MERICS-4C1E37B922.pdf,官方PDF已保存并校验
C-ATL-508327,atlantic-council-geotech,Atlantic Council,美国,2022-04-01,W3,"Foreign direct investment, infrastructure, and supply chain resiliency: A new nexus for US industrial strategy",议题简报,https://www.atlanticcouncil.org/in-depth-research-reports/issue-brief/foreign-direct-investment-infrastructure-and-supply-chain-resiliency-a-new-nexus-for-us-industrial-strategy/,,本地原文已保存,P0-China-tech-corpus,人工智能、芯片与算力；技术供应链与出口管制,作者/项目政策简报,Atlantic Council涉华科技专题库,待编码,中国科技竞争、数字治理、产业链安全及美国盟友政策专题复用,C:\Users\WINDOWS\OneDrive\知识库\智库信息爬虫\国际主要科技智库观点演变_研判\03_证据底稿\原文PDF\C-ATL-508327.pdf,官方PDF已保存并校验
C-ATL-514493,atlantic-council-geotech,Atlantic Council,美国,2022-04-19,W3,Can China transform its economy to be innovation-led?,议题简报,https://www.atlanticcouncil.org/in-depth-research-reports/issue-brief/can-china-transform-its-economy-to-be-innovation-led/,,本地原文已保存,P0-China-tech-corpus,创新体系与产业政策,作者/项目政策简报,Atlantic Council涉华科技专题库,待编码,中国科技竞争、数字治理、产业链安全及美国盟友政策专题复用,C:\Users\WINDOWS\OneDrive\知识库\智库信息爬虫\国际主要科技智库观点演变_研判\03_证据底稿\原文PDF\C-ATL-514493.pdf,官方PDF已保存并校验
C-ATL-513726,atlantic-council-geotech,Atlantic Council,美国,2022-04-20,W3,China’s discourse power operations in the Global South,正式研究报告,https://www.atlanticcouncil.org/in-depth-research-reports/report/chinas-discourse-power-operations-in-the-global-south/,,本地原文已保存,P0-China-tech-corpus,综合科技竞争,作者/项目正式研究,Atlantic Council涉华科技专题库,待编码,中国科技竞争、数字治理、产业链安全及美国盟友政策专题复用,C:\Users\WINDOWS\OneDrive\知识库\智库信息爬虫\国际主要科技智库观点演变_研判\03_证据底稿\原文PDF\C-ATL-513726.pdf,官方PDF已保存并校验
S-CEIP-2022-01,carnegie-tech,Carnegie Endowment for International Peace,美国,2022-04-25,W3,U.S.-China Technological Decoupling: A Strategy and Policy Framework,研究报告,https://carnegieendowment.org/research/2022/04/us-china-technological-decoupling-a-strategy-and-policy-framework,C:\Users\WINDOWS\OneDrive\知识库\智库信息爬虫\国际主要科技智库观点演变_研判\03_证据底稿\原文PDF\S-CEIP-2022-01.pdf,官方PDF全文已保存,P0-anchor,T4;T5;T6;T7,L1,官方锚点,待编码,窄化管制与防止失控脱钩,,
C-CSET-9744,cset,Center for Security and Emerging Technology,美国,2022-05-04,W3,Preserving the Chokepoints,CSET原创研究报告,https://cset.georgetown.edu/publication/preserving-the-chokepoints/,,本地原文已保存,P0-China-tech-corpus,人工智能与算力；技术转移与出口管制,作者/项目正式研究,CSET涉华科技专题库,待编码,中国科技战略、创新体系、技术竞争与供应链专题复用,C:\Users\WINDOWS\OneDrive\知识库\智库信息爬虫\国际主要科技智库观点演变_研判\03_证据底稿\原文PDF\C-CSET-9744.pdf,官方PDF已保存并校验
C-ATL-513154,atlantic-council-geotech,Atlantic Council,美国,2022-05-05,W3,Small satellites: The implications for national security,正式研究报告,https://www.atlanticcouncil.org/in-depth-research-reports/report/small-satellites-the-implications-for-national-security/,,本地原文已保存,P0-China-tech-corpus,国防、航天与无人系统,作者/项目正式研究,Atlantic Council涉华科技专题库,待编码,中国科技竞争、数字治理、产业链安全及美国盟友政策专题复用,C:\Users\WINDOWS\OneDrive\知识库\智库信息爬虫\国际主要科技智库观点演变_研判\03_证据底稿\原文PDF\C-ATL-513154.pdf,官方PDF已保存并校验
C-CSET-9913,cset,Center for Security and Emerging Technology,美国,2022-05-11,W3,Dewey Murdick’s Testimony before the Senate Select Committee on Intelligence,涉华科技政策证词,https://cset.georgetown.edu/publication/dewey-murdicks-testimony-before-the-senate-select-committee-on-intelligence/,,本地原文已保存,P1-China-tech-source,军民融合与国防科技,作者政策证词,CSET涉华科技专题库,待编码,中国科技战略、创新体系、技术竞争与供应链专题复用,C:\Users\WINDOWS\OneDrive\知识库\智库信息爬虫\国际主要科技智库观点演变_研判\03_证据底稿\原文PDF\C-CSET-9913.pdf,官方PDF已保存并校验
C-CSET-10052,cset,Center for Security and Emerging Technology,美国,2022-05-23,W3,Quad AI,CSET原创研究报告,https://cset.georgetown.edu/publication/quad-ai/,,本地原文已保存,P0-China-tech-corpus,人工智能与算力；科技人才与科研安全,作者/项目正式研究,CSET涉华科技专题库,待编码,中国科技战略、创新体系、技术竞争与供应链专题复用,C:\Users\WINDOWS\OneDrive\知识库\智库信息爬虫\国际主要科技智库观点演变_研判\03_证据底稿\原文PDF\C-CSET-10052.pdf,官方PDF已保存并校验
C-ATL-527708,atlantic-council-geotech,Atlantic Council,美国,2022-05-25,W3,Eye to eye in AI: Developing artificial intelligence for national security and defense,正式研究报告,https://www.atlanticcouncil.org/in-depth-research-reports/report/eye-to-eye-in-ai/,,本地原文已保存,P0-China-tech-corpus,人工智能、芯片与算力,作者/项目正式研究,Atlantic Council涉华科技专题库,待编码,中国科技竞争、数字治理、产业链安全及美国盟友政策专题复用,C:\Users\WINDOWS\OneDrive\知识库\智库信息爬虫\国际主要科技智库观点演变_研判\03_证据底稿\原文PDF\C-ATL-527708.pdf,官方PDF已保存并校验
C-CSET-10096,cset,Center for Security and Emerging Technology,美国,2022-05-26,W3,Chokepoints,CSET原创研究报告,https://cset.georgetown.edu/publication/chokepoints/,,本地原文已保存,P0-China-tech-corpus,技术转移与出口管制；国家创新体系与产业政策,作者/项目正式研究,CSET涉华科技专题库,待编码,中国科技战略、创新体系、技术竞争与供应链专题复用,C:\Users\WINDOWS\OneDrive\知识库\智库信息爬虫\国际主要科技智库观点演变_研判\03_证据底稿\原文PDF\C-CSET-10096.pdf,官方PDF已保存并校验
C-ATL-531656,atlantic-council-geotech,Atlantic Council,美国,2022-06-01,W3,A Democratic Trade Partnership: Ally shoring to counter coercion and secure supply chains,正式研究报告,https://www.atlanticcouncil.org/in-depth-research-reports/report/strategic-decoupling-building-a-democratic-trade-and-economic-partnership-d-tep/,,本地原文已保存,P0-China-tech-corpus,技术供应链与出口管制,作者/项目正式研究,Atlantic Council涉华科技专题库,待编码,中国科技竞争、数字治理、产业链安全及美国盟友政策专题复用,C:\Users\WINDOWS\OneDrive\知识库\智库信息爬虫\国际主要科技智库观点演变_研判\03_证据底稿\原文PDF\C-ATL-531656.pdf,官方PDF已保存并校验
C-MERICS-69315FFB02,merics,MERICS Industrial Policy and Technology,德国,2022-06-08,W3,"China’s innovation ecosystem: Right for many, but not for all",MERICS研究报告,https://merics.org/en/report/chinas-innovation-ecosystem-right-many-not-all,,本地原文已保存,P0-China-tech-corpus,网络安全、数据与数字治理；先进制造、机器人与交通技术；创新体系、科研与技术人才,作者/项目正式研究,MERICS科技与中国专题库/核心科技直接材料,待编码,中国科技创新、产业政策、数字治理、供应链与欧洲对华经济安全专题复用,C:\Users\WINDOWS\OneDrive\知识库\智库信息爬虫\国际主要科技智库观点演变_研判\03_证据底稿\原文PDF\C-MERICS-69315FFB02.pdf,官方PDF已保存并校验
C-CSET-10217,cset,Center for Security and Emerging Technology,美国,2022-06-09,W3,Re-Shoring Advanced Semiconductor Packaging,CSET原创研究报告,https://cset.georgetown.edu/publication/re-shoring-advanced-semiconductor-packaging/,,本地原文已保存,P0-China-tech-corpus,人工智能与算力；科技人才与科研安全；技术转移与出口管制；军民融合与国防科技；国家创新体系与产业政策,作者/项目正式研究,CSET涉华科技专题库,待编码,中国科技战略、创新体系、技术竞争与供应链专题复用,C:\Users\WINDOWS\OneDrive\知识库\智库信息爬虫\国际主要科技智库观点演变_研判\03_证据底稿\原文PDF\C-CSET-10217.pdf,官方PDF已保存并校验
C-ATL-532026,atlantic-council-geotech,Atlantic Council,美国,2022-06-13,W3,Toward a Democratic Technology Alliance: An innovation edge that favors freedom,正式研究报告,https://www.atlanticcouncil.org/in-depth-research-reports/report/toward-a-democratic-technology-alliance-an-innovation-edge-that-favors-freedom/,,本地原文已保存,P0-China-tech-corpus,创新体系与产业政策,作者/项目正式研究,Atlantic Council涉华科技专题库,待编码,中国科技竞争、数字治理、产业链安全及美国盟友政策专题复用,C:\Users\WINDOWS\OneDrive\知识库\智库信息爬虫\国际主要科技智库观点演变_研判\03_证据底稿\原文PDF\C-ATL-532026.pdf,官方PDF已保存并校验
C-CSET-10383,cset,Center for Security and Emerging Technology,美国,2022-06-22,W3,Sustaining and Growing the U.S. Semiconductor Advantage: A Primer,CSET原创研究报告,https://cset.georgetown.edu/publication/sustaining-and-growing-the-u-s-semiconductor-advantage-a-primer/,,本地原文已保存,P0-China-tech-corpus,人工智能与算力；技术转移与出口管制；军民融合与国防科技,作者/项目正式研究,CSET涉华科技专题库,待编码,中国科技战略、创新体系、技术竞争与供应链专题复用,C:\Users\WINDOWS\OneDrive\知识库\智库信息爬虫\国际主要科技智库观点演变_研判\03_证据底稿\原文PDF\C-CSET-10383.pdf,官方PDF已保存并校验
C-ATL-539475,atlantic-council-geotech,Atlantic Council,美国,2022-06-28,W3,Twenty-first-century diplomacy: Strengthening US diplomacy for the challenges of today and tomorrow,议题简报,https://www.atlanticcouncil.org/in-depth-research-reports/issue-brief/twenty-first-century-diplomacy-strengthening-us-diplomacy-for-the-challenges-of-today-and-tomorrow/,,本地原文已保存,P0-China-tech-corpus,综合科技竞争,作者/项目政策简报,Atlantic Council涉华科技专题库,待编码,中国科技竞争、数字治理、产业链安全及美国盟友政策专题复用,C:\Users\WINDOWS\OneDrive\知识库\智库信息爬虫\国际主要科技智库观点演变_研判\03_证据底稿\原文PDF\C-ATL-539475.pdf,官方PDF已保存并校验
C-MERICS-A625417EFE,merics,MERICS Industrial Policy and Technology,德国,2022-06-28,W3,"China’s nascent green hydrogen sector: How policy, research and business are forging a new industry",MERICS研究报告,https://merics.org/en/report/chinas-nascent-green-hydrogen-sector-how-policy-research-and-business-are-forging-new,,本地原文已保存,P0-China-tech-corpus,人工智能、芯片与算力；先进制造、机器人与交通技术；生物、量子、航天与绿色技术；创新体系、科研与技术人才；供应链、技术管制与经济安全,作者/项目正式研究,MERICS科技与中国专题库/核心科技直接材料,待编码,中国科技创新、产业政策、数字治理、供应链与欧洲对华经济安全专题复用,C:\Users\WINDOWS\OneDrive\知识库\智库信息爬虫\国际主要科技智库观点演变_研判\03_证据底稿\原文PDF\C-MERICS-A625417EFE.pdf,官方PDF已保存并校验
C-CSET-10438,cset,Center for Security and Emerging Technology,美国,2022-06-29,W3,Silicon Twist,CSET原创研究报告,https://cset.georgetown.edu/publication/silicon-twist/,,本地原文已保存,P0-China-tech-corpus,人工智能与算力；军民融合与国防科技,作者/项目正式研究,CSET涉华科技专题库,待编码,中国科技战略、创新体系、技术竞争与供应链专题复用,C:\Users\WINDOWS\OneDrive\知识库\智库信息爬虫\国际主要科技智库观点演变_研判\03_证据底稿\原文PDF\C-CSET-10438.pdf,官方PDF已保存并校验
C-CSET-10551,cset,Center for Security and Emerging Technology,美国,2022-07-07,W3,China’s Advanced AI Research,CSET原创研究报告,https://cset.georgetown.edu/publication/chinas-advanced-ai-research/,,本地原文已保存,P0-China-tech-corpus,人工智能与算力；航天与其他前沿技术,作者/项目正式研究,CSET涉华科技专题库,待编码,中国科技战略、创新体系、技术竞争与供应链专题复用,C:\Users\WINDOWS\OneDrive\知识库\智库信息爬虫\国际主要科技智库观点演变_研判\03_证据底稿\原文PDF\C-CSET-10551.pdf,官方PDF已保存并校验
C-BRUEGEL-A382B592F3,bruegel,Bruegel,欧盟,2022-07-26,W3,The impact of artificial intelligence on the nature and quality of jobs,working-paper,https://www.bruegel.org/working-paper/impact-artificial-intelligence-nature-and-quality-jobs,,本地原文已保存,P0-core-tech,人工智能、算力与数字技术；机器人、自动化与技术就业,作者/项目正式研究,Bruegel科技与中国专题库/核心科技直接材料,待编码,欧洲科技创新、产业政策、关键技术、中欧竞争合作及经济安全专题复用,C:\Users\WINDOWS\OneDrive\知识库\智库信息爬虫\国际主要科技智库观点演变_研判\03_证据底稿\网页文本\C-BRUEGEL-A382B592F3.txt,官方网页全文已保存
C-CSET-10732,cset,Center for Security and Emerging Technology,美国,2022-07-26,W3,Decoupling in Strategic Technologies,CSET原创研究报告,https://cset.georgetown.edu/publication/decoupling-in-strategic-technologies/,,本地原文已保存,P0-China-tech-corpus,技术转移与出口管制,作者/项目正式研究,CSET涉华科技专题库,待编码,中国科技战略、创新体系、技术竞争与供应链专题复用,C:\Users\WINDOWS\OneDrive\知识库\智库信息爬虫\国际主要科技智库观点演变_研判\03_证据底稿\原文PDF\C-CSET-10732.pdf,官方PDF已保存并校验
C-ATL-555866,atlantic-council-geotech,Atlantic Council,美国,2022-08-24,W3,Chinese discourse power: Ambitions and reality in the digital domain,深度研究报告,https://www.atlanticcouncil.org/in-depth-research-reports/report/chinese-discourse-power-ambitions-and-reality-in-the-digital-domain/,,本地原文已保存,P0-China-tech-corpus,网络安全与数字治理,作者/项目正式研究,Atlantic Council涉华科技专题库,待编码,中国科技竞争、数字治理、产业链安全及美国盟友政策专题复用,C:\Users\WINDOWS\OneDrive\知识库\智库信息爬虫\国际主要科技智库观点演变_研判\03_证据底稿\原文PDF\C-ATL-555866.pdf,官方PDF已保存并校验
C-MERICS-0DF61D12DE,merics,MERICS Industrial Policy and Technology,德国,2022-08-25,W3,Fasten your seatbelts: How to manage China’s economic coercion,MERICS研究报告,https://merics.org/en/report/fasten-your-seatbelts-how-manage-chinas-economic-coercion,,本地原文已保存,P1-tech-geoeconomic-baseline,人工智能、芯片与算力；网络安全、数据与数字治理；先进制造、机器人与交通技术；生物、量子、航天与绿色技术；创新体系、科研与技术人才；供应链、技术管制与经济安全,作者/项目正式研究,MERICS科技与中国专题库/科技产业与经济安全基线,待编码,中国科技创新、产业政策、数字治理、供应链与欧洲对华经济安全专题复用,C:\Users\WINDOWS\OneDrive\知识库\智库信息爬虫\国际主要科技智库观点演变_研判\03_证据底稿\原文PDF\C-MERICS-0DF61D12DE.pdf,官方PDF已保存并校验
C-BRUEGEL-F49B7A7228,bruegel,Bruegel,欧盟,2022-08-30,W3,A gender perspective on artificial intelligence and jobs: The vicious cycle of digital inequality,working-paper,https://www.bruegel.org/working-paper/gender-perspective-artificial-intelligence-and-jobs-vicious-cycle-digital-inequality,,本地原文已保存,P0-core-tech,人工智能、算力与数字技术；机器人、自动化与技术就业,作者/项目正式研究,Bruegel科技与中国专题库/核心科技直接材料,待编码,欧洲科技创新、产业政策、关键技术、中欧竞争合作及经济安全专题复用,C:\Users\WINDOWS\OneDrive\知识库\智库信息爬虫\国际主要科技智库观点演变_研判\03_证据底稿\网页文本\C-BRUEGEL-F49B7A7228.txt,官方网页全文已保存
C-ATL-564749,atlantic-council-geotech,Atlantic Council,美国,2022-09-13,W3,Alternative battery chemistries and diversifying clean energy supply chains,议题简报,https://www.atlanticcouncil.org/in-depth-research-reports/issue-brief/alternative-battery-chemistries-and-diversifying-clean-energy-supply-chains/,,本地原文已保存,P0-China-tech-corpus,技术供应链与出口管制,作者/项目政策简报,Atlantic Council涉华科技专题库,待编码,中国科技竞争、数字治理、产业链安全及美国盟友政策专题复用,C:\Users\WINDOWS\OneDrive\知识库\智库信息爬虫\国际主要科技智库观点演变_研判\03_证据底稿\原文PDF\C-ATL-564749.pdf,官方PDF已保存并校验
C-ATL-546678,atlantic-council-geotech,Atlantic Council,美国,2022-09-14,W3,Dragon tails: Preserving international cybersecurity research,正式研究报告,https://www.atlanticcouncil.org/in-depth-research-reports/report/preserving-international-cybersecurity-research/,,本地原文已保存,P0-China-tech-corpus,网络安全与数字治理,作者/项目正式研究,Atlantic Council涉华科技专题库,待编码,中国科技竞争、数字治理、产业链安全及美国盟友政策专题复用,C:\Users\WINDOWS\OneDrive\知识库\智库信息爬虫\国际主要科技智库观点演变_研判\03_证据底稿\原文PDF\C-ATL-546678.pdf,官方PDF已保存并校验
C-CSET-11171,cset,Center for Security and Emerging Technology,美国,2022-09-22,W3,Downrange: A Survey of China’s Cyber Ranges,CSET原创研究报告,https://cset.georgetown.edu/publication/downrange-a-survey-of-chinas-cyber-ranges/,,本地原文已保存,P0-China-tech-corpus,科技人才与科研安全；军民融合与国防科技；数字治理与网络安全,作者/项目正式研究,CSET涉华科技专题库,待编码,中国科技战略、创新体系、技术竞争与供应链专题复用,C:\Users\WINDOWS\OneDrive\知识库\智库信息爬虫\国际主要科技智库观点演变_研判\03_证据底稿\原文PDF\C-CSET-11171.pdf,官方PDF已保存并校验
C-ATL-569240,atlantic-council-geotech,Atlantic Council,美国,2022-09-27,W3,"TTC, IPEF, and the road to an Indo-Pacific trade deal: A new model",议题简报,https://www.atlanticcouncil.org/in-depth-research-reports/issue-brief/ttc-ipef-and-the-road-to-an-indo-pacific-trade-deal-a-new-model/,,本地原文已保存,P0-China-tech-corpus,技术供应链与出口管制,作者/项目政策简报,Atlantic Council涉华科技专题库,待编码,中国科技竞争、数字治理、产业链安全及美国盟友政策专题复用,C:\Users\WINDOWS\OneDrive\知识库\智库信息爬虫\国际主要科技智库观点演变_研判\03_证据底稿\原文PDF\C-ATL-569240.pdf,官方PDF已保存并校验
C-CSET-11284,cset,Center for Security and Emerging Technology,美国,2022-10-11,W3,Translation Snapshot: Tech-Related Chinese National Strategies,中国科技政策英译,https://cset.georgetown.edu/publication/translation-snapshot-tech-related-chinese-national-strategies/,,本地原文已保存,P1-China-tech-source,综合科技竞争,翻译材料，不代表机构观点,CSET涉华科技专题库,待编码,中国科技战略、创新体系、技术竞争与供应链专题复用,C:\Users\WINDOWS\OneDrive\知识库\智库信息爬虫\国际主要科技智库观点演变_研判\03_证据底稿\网页文本\C-CSET-11284.txt,官方网页全文已保存
C-ATL-576180,atlantic-council-geotech,Atlantic Council,美国,2022-10-18,W3,An allied strategy for China after the 20th Party Congress,议题简报,https://www.atlanticcouncil.org/in-depth-research-reports/issue-brief/an-allied-strategy-for-china-after-the-20th-party-congress/,,本地原文已保存,P0-China-tech-corpus,综合科技竞争,作者/项目政策简报,Atlantic Council涉华科技专题库,待编码,中国科技竞争、数字治理、产业链安全及美国盟友政策专题复用,C:\Users\WINDOWS\OneDrive\知识库\智库信息爬虫\国际主要科技智库观点演变_研判\03_证据底稿\网页文本\C-ATL-576180.txt,官方网页全文已保存
C-CSET-11420,cset,Center for Security and Emerging Technology,美国,2022-10-26,W3,Banned in D.C.,CSET原创研究报告,https://cset.georgetown.edu/publication/banned-in-d-c/,,本地原文已保存,P0-China-tech-corpus,技术转移与出口管制；军民融合与国防科技,作者/项目正式研究,CSET涉华科技专题库,待编码,中国科技战略、创新体系、技术竞争与供应链专题复用,C:\Users\WINDOWS\OneDrive\知识库\智库信息爬虫\国际主要科技智库观点演变_研判\03_证据底稿\原文PDF\C-CSET-11420.pdf,官方PDF已保存并校验
C-CSET-11528,cset,Center for Security and Emerging Technology,美国,2022-11-07,W3,China’s AI Workforce,CSET原创研究报告,https://cset.georgetown.edu/publication/chinas-ai-workforce/,,本地原文已保存,P0-China-tech-corpus,人工智能与算力；科技人才与科研安全；数字治理与网络安全,作者/项目正式研究,CSET涉华科技专题库,待编码,中国科技战略、创新体系、技术竞争与供应链专题复用,C:\Users\WINDOWS\OneDrive\知识库\智库信息爬虫\国际主要科技智库观点演变_研判\03_证据底稿\原文PDF\C-CSET-11528.pdf,官方PDF已保存并校验
C-BRUEGEL-5A9EDA7B6D,bruegel,Bruegel,欧盟,2022-11-18,W3,Lessons for Europe from China’s quest for semiconductor self-reliance,policy-brief,https://www.bruegel.org/policy-brief/lessons-europe-chinas-quest-semiconductor-self-reliance,,本地原文已保存,P0-China-tech-corpus,芯片、关键技术与科研创新；中国科技能力与中欧竞争合作,作者/项目正式研究,Bruegel科技与中国专题库/核心科技直接材料,待编码,欧洲科技创新、产业政策、关键技术、中欧竞争合作及经济安全专题复用,C:\Users\WINDOWS\OneDrive\知识库\智库信息爬虫\国际主要科技智库观点演变_研判\03_证据底稿\原文PDF\C-BRUEGEL-5A9EDA7B6D.pdf,官方PDF已保存并校验
C-ATL-589599,atlantic-council-geotech,Atlantic Council,美国,2022-11-28,W3,How the Chinese government is financing its way to becoming a techno-superpower,议题简报,https://www.atlanticcouncil.org/in-depth-research-reports/issue-brief/how-the-chinese-government-is-financing-its-way-to-becoming-a-techno-superpower/,,本地原文已保存,P0-China-tech-corpus,综合科技竞争,作者/项目政策简报,Atlantic Council涉华科技专题库,待编码,中国科技竞争、数字治理、产业链安全及美国盟友政策专题复用,C:\Users\WINDOWS\OneDrive\知识库\智库信息爬虫\国际主要科技智库观点演变_研判\03_证据底稿\原文PDF\C-ATL-589599.pdf,官方PDF已保存并校验
C-BRUEGEL-3A50B158F3,bruegel,Bruegel,欧盟,2022-12-12,W3,The European Health Data Space,report,https://www.bruegel.org/report/european-health-data-space,,本地原文已保存,P0-core-tech,欧洲科技产业与经济安全政策,作者/项目正式研究,Bruegel科技与中国专题库/核心科技直接材料,待编码,欧洲科技创新、产业政策、关键技术、中欧竞争合作及经济安全专题复用,C:\Users\WINDOWS\OneDrive\知识库\智库信息爬虫\国际主要科技智库观点演变_研判\03_证据底稿\网页文本\C-BRUEGEL-3A50B158F3.txt,官方网页全文已保存
C-NBR-4471D2BA28,nbr,National Bureau of Asian Research,美国,2022-12-12,W3,U.S. Semiconductor Export Controls on the PRC Prospects for Success,NBR访谈,https://www.nbr.org/publication/u-s-semiconductor-export-controls-on-the-prc-prospects-for-success/,,本地原文已保存,P0-China-tech-corpus,人工智能、芯片与算力；技术供应链与出口管制；创新体系、标准与知识产权,作者访谈,NBR科技与中国专题库/直接涉华科技/核心科技直接材料,待编码,中国科技竞争、印太技术治理、供应链安全、创新合作及区域比较专题复用,C:\Users\WINDOWS\OneDrive\知识库\智库信息爬虫\国际主要科技智库观点演变_研判\03_证据底稿\网页文本\C-NBR-4471D2BA28.txt,官方网页全文已保存
C-BRUEGEL-7067A07E7D,bruegel,Bruegel,欧盟,2023-01-09,W3,Pro- and anti-competitive provisions in the proposed European Union Data Act,working-paper,https://www.bruegel.org/working-paper/pro-and-anti-competitive-provisions-proposed-european-union-data-act,,本地原文已保存,P0-core-tech,欧洲科技产业与经济安全政策,作者/项目正式研究,Bruegel科技与中国专题库/核心科技直接材料,待编码,欧洲科技创新、产业政策、关键技术、中欧竞争合作及经济安全专题复用,C:\Users\WINDOWS\OneDrive\知识库\智库信息爬虫\国际主要科技智库观点演变_研判\03_证据底稿\网页文本\C-BRUEGEL-7067A07E7D.txt,官方网页全文已保存
C-NBR-446E085D08,nbr,National Bureau of Asian Research,美国,2023-01-10,W3,Japan’s Role and Strategy in the Formation of Digital Trade Rules in the Indo-Pacific,NBR评论,https://www.nbr.org/publication/japans-role-and-strategy-in-the-formation-of-digital-trade-rules-in-the-indo-pacific/,,本地原文已保存,P0-China-tech-corpus,网络安全与数字治理；技术供应链与出口管制；创新体系、标准与知识产权,作者评论或论文,NBR科技与中国专题库/含中国比较的印太技术材料/核心科技直接材料,待编码,中国科技竞争、印太技术治理、供应链安全、创新合作及区域比较专题复用,C:\Users\WINDOWS\OneDrive\知识库\智库信息爬虫\国际主要科技智库观点演变_研判\03_证据底稿\网页文本\C-NBR-446E085D08.txt,官方网页全文已保存
C-ATL-603166,atlantic-council-geotech,Atlantic Council,美国,2023-01-20,W3,China and the new globalization,正式研究报告,https://www.atlanticcouncil.org/in-depth-research-reports/report/china-and-the-new-globalization/,,本地原文已保存,P0-China-tech-corpus,综合科技竞争,作者/项目正式研究,Atlantic Council涉华科技专题库,待编码,中国科技竞争、数字治理、产业链安全及美国盟友政策专题复用,C:\Users\WINDOWS\OneDrive\知识库\智库信息爬虫\国际主要科技智库观点演变_研判\03_证据底稿\原文PDF\C-ATL-603166.pdf,官方PDF已保存并校验
C-BRUEGEL-50E9D330BF,bruegel,Bruegel,欧盟,2023-01-23,W3,The hidden inequalities of digitalisation in the  post-pandemic context,working-paper,https://www.bruegel.org/working-paper/hidden-inequalities-digitalisation-post-pandemic-context,,本地原文已保存,P0-core-tech,人工智能、算力与数字技术；机器人、自动化与技术就业,作者/项目正式研究,Bruegel科技与中国专题库/核心科技直接材料,待编码,欧洲科技创新、产业政策、关键技术、中欧竞争合作及经济安全专题复用,C:\Users\WINDOWS\OneDrive\知识库\智库信息爬虫\国际主要科技智库观点演变_研判\03_证据底稿\网页文本\C-BRUEGEL-50E9D330BF.txt,官方网页全文已保存
C-MERICS-488685D87B,merics,MERICS Industrial Policy and Technology,德国,2023-02-02,W3,Controlling the innovation chain,MERICS研究报告,https://merics.org/en/report/controlling-innovation-chain,,本地原文已保存,P0-China-tech-corpus,人工智能、芯片与算力；网络安全、数据与数字治理；先进制造、机器人与交通技术；生物、量子、航天与绿色技术；创新体系、科研与技术人才,作者/项目正式研究,MERICS科技与中国专题库/核心科技直接材料,待编码,中国科技创新、产业政策、数字治理、供应链与欧洲对华经济安全专题复用,C:\Users\WINDOWS\OneDrive\知识库\智库信息爬虫\国际主要科技智库观点演变_研判\03_证据底稿\原文PDF\C-MERICS-488685D87B.pdf,官方PDF已保存并校验
C-MERICS-1A2FCB52EC,merics,MERICS Industrial Policy and Technology,德国,2023-02-22,W3,From opportunity to risk: The changing economic security policies vis-à-vis China,MERICS研究报告,https://merics.org/en/report/opportunity-risk-changing-economic-security-policies-vis-vis-china,,本地原文已保存,P1-tech-geoeconomic-baseline,人工智能、芯片与算力；网络安全、数据与数字治理；先进制造、机器人与交通技术；生物、量子、航天与绿色技术；创新体系、科研与技术人才；供应链、技术管制与经济安全,作者/项目正式研究,MERICS科技与中国专题库/科技产业与经济安全基线,待编码,中国科技创新、产业政策、数字治理、供应链与欧洲对华经济安全专题复用,C:\Users\WINDOWS\OneDrive\知识库\智库信息爬虫\国际主要科技智库观点演变_研判\03_证据底稿\原文PDF\C-MERICS-1A2FCB52EC.pdf,官方PDF已保存并校验
C-ATL-614190,atlantic-council-geotech,Atlantic Council,美国,2023-02-23,W3,United States–China semiconductor standoff: A supply chain under stress,议题简报,https://www.atlanticcouncil.org/in-depth-research-reports/issue-brief/united-states-china-semiconductor-standoff-a-supply-chain-under-stress/,,本地原文已保存,P0-China-tech-corpus,人工智能、芯片与算力；技术供应链与出口管制,作者/项目政策简报,Atlantic Council涉华科技专题库,待编码,中国科技竞争、数字治理、产业链安全及美国盟友政策专题复用,C:\Users\WINDOWS\OneDrive\知识库\智库信息爬虫\国际主要科技智库观点演变_研判\03_证据底稿\原文PDF\C-ATL-614190.pdf,官方PDF已保存并校验
S-ASPI-2023-01,aspi,Australian Strategic Policy Institute,澳大利亚,2023-03-01,W3,ASPI’s Critical Technology Tracker,旗舰项目,https://www.aspi.org.au/report/critical-technology-tracker/,C:\Users\WINDOWS\OneDrive\知识库\智库信息爬虫\国际主要科技智库观点演变_研判\03_证据底稿\原文PDF\S-ASPI-2023-01.pdf,官方PDF全文已保存,P0-anchor,T1;T4;T5;T6;T10,L2,官方锚点,待编码,技术竞争能力监测,,
C-NBR-59455867FD,nbr,National Bureau of Asian Research,美国,2023-03-07,W3,Overcoming Japan’s Uphill Battle Toward Digital Transformation,NBR评论,https://www.nbr.org/publication/overcoming-japans-uphill-battle-toward-digital-transformation/,,本地原文已保存,P1-regional-tech-baseline,人工智能、芯片与算力；网络安全与数字治理；生物、量子及其他前沿技术,作者评论或论文,NBR科技与中国专题库/区域技术基线/核心科技直接材料,待编码,中国科技竞争、印太技术治理、供应链安全、创新合作及区域比较专题复用,C:\Users\WINDOWS\OneDrive\知识库\智库信息爬虫\国际主要科技智库观点演变_研判\03_证据底稿\网页文本\C-NBR-59455867FD.txt,官方页面代理全文已保存
C-BRUEGEL-DA99B61B38,bruegel,Bruegel,欧盟,2023-03-09,W3,Artificial intelligence: how to get the most from the labour-productivity boost,analysis,https://www.bruegel.org/analysis/artificial-intelligence-how-get-most-labour-productivity-boost,,本地原文已保存,P0-core-tech,人工智能、算力与数字技术；机器人、自动化与技术就业,作者/项目正式研究,Bruegel科技与中国专题库/核心科技直接材料,待编码,欧洲科技创新、产业政策、关键技术、中欧竞争合作及经济安全专题复用,C:\Users\WINDOWS\OneDrive\知识库\智库信息爬虫\国际主要科技智库观点演变_研判\03_证据底稿\原文PDF\C-BRUEGEL-DA99B61B38.pdf,官方PDF已保存并校验
C-BRUEGEL-8A4E6A09F8,bruegel,Bruegel,欧盟,2023-03-14,W3,A high-level view of the impact of AI on the workforce,analysis,https://www.bruegel.org/analysis/high-level-view-impact-ai-workforce,,本地原文已保存,P0-core-tech,人工智能、算力与数字技术；机器人、自动化与技术就业,作者/项目正式研究,Bruegel科技与中国专题库/核心科技直接材料,待编码,欧洲科技创新、产业政策、关键技术、中欧竞争合作及经济安全专题复用,C:\Users\WINDOWS\OneDrive\知识库\智库信息爬虫\国际主要科技智库观点演变_研判\03_证据底稿\原文PDF\C-BRUEGEL-8A4E6A09F8.pdf,官方PDF已保存并校验
C-ATL-621883,atlantic-council-geotech,Atlantic Council,美国,2023-03-16,W3,The future of NATO C4ISR: Assessment and recommendations after Madrid,正式研究报告,https://www.atlanticcouncil.org/in-depth-research-reports/report/the-future-of-nato-c4isr-assessment-and-recommendations-after-madrid/,,本地原文已保存,P0-China-tech-corpus,综合科技竞争,作者/项目正式研究,Atlantic Council涉华科技专题库,待编码,中国科技竞争、数字治理、产业链安全及美国盟友政策专题复用,C:\Users\WINDOWS\OneDrive\知识库\智库信息爬虫\国际主要科技智库观点演变_研判\03_证据底稿\原文PDF\C-ATL-621883.pdf,官方PDF已保存并校验
C-BRUEGEL-FF9A4EB37E,bruegel,Bruegel,欧盟,2023-03-16,W3,Artificial intelligence adoption in the public sector: a case study,working-paper,https://www.bruegel.org/working-paper/artificial-intelligence-adoption-public-sector-case-study,,本地原文已保存,P0-core-tech,人工智能、算力与数字技术,作者/项目正式研究,Bruegel科技与中国专题库/核心科技直接材料,待编码,欧洲科技创新、产业政策、关键技术、中欧竞争合作及经济安全专题复用,C:\Users\WINDOWS\OneDrive\知识库\智库信息爬虫\国际主要科技智库观点演变_研判\03_证据底稿\网页文本\C-BRUEGEL-FF9A4EB37E.txt,官方网页全文已保存
S-OECD-2023-01,oecd-sti,OECD,多边,2023-03-16,W3,"OECD Science, Technology and Innovation Outlook 2023: Enabling Transitions in Times of Disruption",旗舰系列,https://www.oecd.org/en/publications/2023/03/oecd-science-technology-and-innovation-outlook-2023_fb6e6c20.html,C:\Users\WINDOWS\OneDrive\知识库\智库信息爬虫\国际主要科技智库观点演变_研判\03_证据底稿\原文PDF\S-OECD-2023-01.pdf,官方PDF全文已保存,P0-anchor,T1;T4;T5;T7;T8;T10,L3,官方锚点,待编码,安全化与国际合作张力,,
C-BRUEGEL-0E69452490,bruegel,Bruegel,欧盟,2023-04-06,W3,China’s 2023 work report and what it means: an AI post-mortem,analysis,https://www.bruegel.org/analysis/chinas-2023-work-report-and-what-it-means-ai-post-mortem,,本地原文已保存,P0-China-tech-corpus,人工智能、算力与数字技术；中国科技能力与中欧竞争合作,作者/项目正式研究,Bruegel科技与中国专题库/核心科技直接材料,待编码,欧洲科技创新、产业政策、关键技术、中欧竞争合作及经济安全专题复用,C:\Users\WINDOWS\OneDrive\知识库\智库信息爬虫\国际主要科技智库观点演变_研判\03_证据底稿\原文PDF\C-BRUEGEL-0E69452490.pdf,官方PDF已保存并校验
C-ATL-633874,atlantic-council-geotech,Atlantic Council,美国,2023-04-12,W3,Atlantic Council Commission on Defense Innovation Adoption interim report,正式研究报告,https://www.atlanticcouncil.org/in-depth-research-reports/report/atlantic-council-commission-on-defense-innovation-adoption-interim-report/,,本地原文已保存,P0-China-tech-corpus,创新体系与产业政策,作者/项目正式研究,Atlantic Council涉华科技专题库,待编码,中国科技竞争、数字治理、产业链安全及美国盟友政策专题复用,C:\Users\WINDOWS\OneDrive\知识库\智库信息爬虫\国际主要科技智库观点演变_研判\03_证据底稿\原文PDF\C-ATL-633874.pdf,官方PDF已保存并校验
C-MERICS-11254A07DD,merics,MERICS Industrial Policy and Technology,德国,2023-04-21,W3,China's innovation system and the localization dilemma,MERICS研究报告,https://merics.org/en/report/chinas-innovation-system-and-localization-dilemma,,本地原文已保存,P0-China-tech-corpus,创新体系、科研与技术人才,作者/项目正式研究,MERICS科技与中国专题库/核心科技直接材料,待编码,中国科技创新、产业政策、数字治理、供应链与欧洲对华经济安全专题复用,C:\Users\WINDOWS\OneDrive\知识库\智库信息爬虫\国际主要科技智库观点演变_研判\03_证据底稿\原文PDF\C-MERICS-11254A07DD.pdf,官方PDF已保存并校验
S-CRDS-2023-01,jst-crds,JST Center for Research and Development Strategy,日本,2023-05-01,W3,Toward Responsible Innovation: Challenges for Strategic Technology Governance in Japan,战略建议,https://www.jst.go.jp/crds/en/publications/CRDS-FY2023-SP-01.html,C:\Users\WINDOWS\OneDrive\知识库\智库信息爬虫\国际主要科技智库观点演变_研判\03_证据底稿\原文PDF\S-CRDS-2023-01.pdf,官方PDF全文已保存,P0-anchor,T1;T2;T8,L3,官方锚点,待编码,竞争力与价值治理结合,,
C-MERICS-9926655DB2,merics,MERICS Industrial Policy and Technology,德国,2023-05-09,W3,EV battery investments cushion drop to decade low: Chinese FDI in Europe 2022 Update,MERICS研究报告,https://merics.org/en/report/ev-battery-investments-cushion-drop-decade-low-chinese-fdi-europe-2022-update,,本地原文已保存,P0-China-tech-corpus,人工智能、芯片与算力；网络安全、数据与数字治理；先进制造、机器人与交通技术；生物、量子、航天与绿色技术；供应链、技术管制与经济安全,作者/项目正式研究,MERICS科技与中国专题库/核心科技直接材料,待编码,中国科技创新、产业政策、数字治理、供应链与欧洲对华经济安全专题复用,C:\Users\WINDOWS\OneDrive\知识库\智库信息爬虫\国际主要科技智库观点演变_研判\03_证据底稿\原文PDF\C-MERICS-9926655DB2.pdf,官方PDF已保存并校验
C-ATL-818066,atlantic-council-geotech,Atlantic Council,美国,2023-05-15,W3,What is driving the adoption of Chinese surveillance technology in Africa?,议题简报,https://www.atlanticcouncil.org/in-depth-research-reports/issue-brief/what-is-driving-the-adoption-of-chinese-surveillance-technology-in-africa/,,本地原文已保存,P0-China-tech-corpus,网络安全与数字治理,作者/项目政策简报,Atlantic Council涉华科技专题库,待编码,中国科技竞争、数字治理、产业链安全及美国盟友政策专题复用,C:\Users\WINDOWS\OneDrive\知识库\智库信息爬虫\国际主要科技智库观点演变_研判\03_证据底稿\网页文本\C-ATL-818066.txt,官方网页全文已保存
C-BRUEGEL-4F38CB199F,bruegel,Bruegel,欧盟,2023-05-17,W3,Cleantech manufacturing: where does Europe really stand?,analysis,https://www.bruegel.org/analysis/cleantech-manufacturing-where-does-europe-really-stand-0,,本地原文已保存,P0-core-tech,清洁技术、能源与绿色产业,作者/项目正式研究,Bruegel科技与中国专题库/核心科技直接材料,待编码,欧洲科技创新、产业政策、关键技术、中欧竞争合作及经济安全专题复用,C:\Users\WINDOWS\OneDrive\知识库\智库信息爬虫\国际主要科技智库观点演变_研判\03_证据底稿\原文PDF\C-BRUEGEL-4F38CB199F.pdf,官方PDF已保存并校验
C-ATL-646204,atlantic-council-geotech,Atlantic Council,美国,2023-05-30,W3,China’s subsea-cable power in the Middle East and North Africa,议题简报,https://www.atlanticcouncil.org/in-depth-research-reports/issue-brief/chinas-subsea-cable-power-in-the-middle-east-and-north-africa/,,本地原文已保存,P0-China-tech-corpus,网络安全与数字治理,作者/项目政策简报,Atlantic Council涉华科技专题库,待编码,中国科技竞争、数字治理、产业链安全及美国盟友政策专题复用,C:\Users\WINDOWS\OneDrive\知识库\智库信息爬虫\国际主要科技智库观点演变_研判\03_证据底稿\原文PDF\C-ATL-646204.pdf,官方PDF已保存并校验
C-BRUEGEL-E870E3ACD4,bruegel,Bruegel,欧盟,2023-06-18,W3,Resilience of Global Supply Chain: Facts and Implications,report,https://www.bruegel.org/report/resilience-global-supply-chain-facts-and-implications-0,,本地原文已保存,P1-tech-geoeconomic-baseline,供应链、技术管制与经济安全,作者/项目正式研究,Bruegel科技与中国专题库/科技产业与经济安全基线,待编码,欧洲科技创新、产业政策、关键技术、中欧竞争合作及经济安全专题复用,C:\Users\WINDOWS\OneDrive\知识库\智库信息爬虫\国际主要科技智库观点演变_研判\03_证据底稿\网页文本\C-BRUEGEL-E870E3ACD4.txt,官方网页全文已保存
C-ATL-655540,atlantic-council-geotech,Atlantic Council,美国,2023-06-27,W3,Global Strategy 2023: Winning the tech race with China,Atlantic Council战略论文,https://www.atlanticcouncil.org/content-series/atlantic-council-strategy-paper-series/global-strategy-2023-winning-the-tech-race-with-china/,,本地原文已保存,P0-China-tech-corpus,创新体系与产业政策,作者/项目正式研究,Atlantic Council涉华科技专题库,待编码,中国科技竞争、数字治理、产业链安全及美国盟友政策专题复用,C:\Users\WINDOWS\OneDrive\知识库\智库信息爬虫\国际主要科技智库观点演变_研判\03_证据底稿\网页文本\C-ATL-655540.txt,官方网页全文已保存
C-BRUEGEL-D95DD06482,bruegel,Bruegel,欧盟,2023-06-27,W3,Resilience of Global Supply Chain: Facts and Implications,report,https://www.bruegel.org/report/resilience-global-supply-chain-facts-and-implications,,本地原文已保存,P0-China-tech-corpus,供应链、技术管制与经济安全；中国科技能力与中欧竞争合作,作者/项目正式研究,Bruegel科技与中国专题库/科技产业与经济安全基线,待编码,欧洲科技创新、产业政策、关键技术、中欧竞争合作及经济安全专题复用,C:\Users\WINDOWS\OneDrive\知识库\智库信息爬虫\国际主要科技智库观点演变_研判\03_证据底稿\网页文本\C-BRUEGEL-D95DD06482.txt,官方网页全文已保存
C-ATL-660056,atlantic-council-geotech,Atlantic Council,美国,2023-06-29,W3,What policymakers need to know about artificial intelligence,议题简报,https://www.atlanticcouncil.org/in-depth-research-reports/issue-brief/what-policy-makers-need-to-know-about-artificial-intelligence/,,本地原文已保存,P0-China-tech-corpus,人工智能、芯片与算力,作者/项目政策简报,Atlantic Council涉华科技专题库,待编码,中国科技竞争、数字治理、产业链安全及美国盟友政策专题复用,C:\Users\WINDOWS\OneDrive\知识库\智库信息爬虫\国际主要科技智库观点演变_研判\03_证据底稿\网页文本\C-ATL-660056.txt,官方网页全文已保存
C-MERICS-2CA6F6D975,merics,MERICS Industrial Policy and Technology,德国,2023-06-29,W3,"Updating the EU action plan on China: De-risk, engage, coordinate",MERICS研究报告,https://merics.org/en/report/updating-eu-action-plan-china-de-risk-engage-coordinate,,本地原文已保存,P1-tech-geoeconomic-baseline,先进制造、机器人与交通技术；生物、量子、航天与绿色技术；创新体系、科研与技术人才；供应链、技术管制与经济安全,作者/项目正式研究,MERICS科技与中国专题库/科技产业与经济安全基线,待编码,中国科技创新、产业政策、数字治理、供应链与欧洲对华经济安全专题复用,C:\Users\WINDOWS\OneDrive\知识库\智库信息爬虫\国际主要科技智库观点演变_研判\03_证据底稿\原文PDF\C-MERICS-2CA6F6D975.pdf,官方PDF已保存并校验
C-BRUEGEL-78C379A78D,bruegel,Bruegel,欧盟,2023-07-06,W3,What should be done about Google’s quasi-monopoly in search? Mandatory data sharing versus AI-driven technological competition,working-paper,https://www.bruegel.org/working-paper/what-should-be-done-about-googles-quasi-monopoly-search-mandatory-data-sharing-versus,,本地原文已保存,P0-core-tech,人工智能、算力与数字技术,作者/项目正式研究,Bruegel科技与中国专题库/核心科技直接材料,待编码,欧洲科技创新、产业政策、关键技术、中欧竞争合作及经济安全专题复用,C:\Users\WINDOWS\OneDrive\知识库\智库信息爬虫\国际主要科技智库观点演变_研判\03_证据底稿\网页文本\C-BRUEGEL-78C379A78D.txt,官方网页全文已保存
C-BRUEGEL-20544B17C5,bruegel,Bruegel,欧盟,2023-07-17,W3,"Globalisation and automation as sources of labour-market competition, and support for European Union unemployment insurance",working-paper,https://www.bruegel.org/working-paper/globalisation-and-automation-sources-labour-market-competition-and-support-european,,本地原文已保存,P0-core-tech,机器人、自动化与技术就业,作者/项目正式研究,Bruegel科技与中国专题库/核心科技直接材料,待编码,欧洲科技创新、产业政策、关键技术、中欧竞争合作及经济安全专题复用,C:\Users\WINDOWS\OneDrive\知识库\智库信息爬虫\国际主要科技智库观点演变_研判\03_证据底稿\网页文本\C-BRUEGEL-20544B17C5.txt,官方网页全文已保存
C-BRUEGEL-D85EFFE081,bruegel,Bruegel,欧盟,2023-07-18,W3,Competition in generative artificial intelligence foundation models,working-paper,https://www.bruegel.org/working-paper/competition-generative-artificial-intelligence-foundation-models,,本地原文已保存,P0-core-tech,人工智能、算力与数字技术,作者/项目正式研究,Bruegel科技与中国专题库/核心科技直接材料,待编码,欧洲科技创新、产业政策、关键技术、中欧竞争合作及经济安全专题复用,C:\Users\WINDOWS\OneDrive\知识库\智库信息爬虫\国际主要科技智库观点演变_研判\03_证据底稿\网页文本\C-BRUEGEL-D85EFFE081.txt,官方网页全文已保存
C-BRUEGEL-7CD27DA969,bruegel,Bruegel,欧盟,2023-07-19,W3,Adapting the European Union AI Act to deal with generative artificial intelligence,analysis,https://www.bruegel.org/analysis/adapting-european-union-ai-act-deal-generative-artificial-intelligence,,本地原文已保存,P0-core-tech,人工智能、算力与数字技术,作者/项目正式研究,Bruegel科技与中国专题库/核心科技直接材料,待编码,欧洲科技创新、产业政策、关键技术、中欧竞争合作及经济安全专题复用,C:\Users\WINDOWS\OneDrive\知识库\智库信息爬虫\国际主要科技智库观点演变_研判\03_证据底稿\原文PDF\C-BRUEGEL-7CD27DA969.pdf,官方PDF已保存并校验
L-D7E9F629DB,merics,MERICS Industrial Policy and Technology,待回填,2023-07-27,W3,From a China strategy to no strategy at all: Exploring the diversity of European approaches,report,https://merics.org/en/report/china-strategy-no-strategy-all-exploring-diversity-european-approaches,C:\Users\WINDOWS\OneDrive\知识库\智库信息爬虫\archive\merics\2023\从中国战略到没有战略 欧洲对华路径的多样性_2023-07-27_MERICS.md,full_text,P0,待编码,待编码,本地近期候选,待筛选,W3近期观点与反证候选,C:\Users\WINDOWS\OneDrive\知识库\智库信息爬虫\国际主要科技智库观点演变_研判\03_证据底稿\原文PDF\L-D7E9F629DB.pdf,官方PDF已获取
S-BR-2023-01,bruegel,Bruegel,欧盟,2023-08-01,W3,Sparking Europe’s New Industrial Revolution,蓝皮书,https://www.bruegel.org/sites/default/files/2023-08/Bruegel%20Blueprint%2033_chapter%201.pdf,C:\Users\WINDOWS\OneDrive\知识库\智库信息爬虫\国际主要科技智库观点演变_研判\03_证据底稿\原文PDF\S-BR-2023-01.pdf,官方PDF全文已保存,P0-anchor,T1;T2;T4;T5;T7,L2,官方锚点,待编码,开放战略自主与去风险,,
C-ATL-669055,atlantic-council-geotech,Atlantic Council,美国,2023-08-02,W3,Chinese discourse power: Capabilities and impact,正式研究报告,https://www.atlanticcouncil.org/in-depth-research-reports/report/chinese-discourse-power-capabilities-and-impact/,,本地原文已保存,P0-China-tech-corpus,综合科技竞争,作者/项目正式研究,Atlantic Council涉华科技专题库,待编码,中国科技竞争、数字治理、产业链安全及美国盟友政策专题复用,C:\Users\WINDOWS\OneDrive\知识库\智库信息爬虫\国际主要科技智库观点演变_研判\03_证据底稿\原文PDF\C-ATL-669055.pdf,官方PDF已保存并校验
C-MERICS-6DB880FFE2,merics,MERICS Industrial Policy and Technology,德国,2023-08-03,W3,"Accelerator state: How China fosters ""Little Giant"" companies",MERICS研究报告,https://merics.org/en/report/accelerator-state-how-china-fosters-little-giant-companies,,本地原文已保存,P1-tech-geoeconomic-baseline,人工智能、芯片与算力；网络安全、数据与数字治理；先进制造、机器人与交通技术；生物、量子、航天与绿色技术；创新体系、科研与技术人才；供应链、技术管制与经济安全,作者/项目正式研究,MERICS科技与中国专题库/科技产业与经济安全基线,待编码,中国科技创新、产业政策、数字治理、供应链与欧洲对华经济安全专题复用,C:\Users\WINDOWS\OneDrive\知识库\智库信息爬虫\国际主要科技智库观点演变_研判\03_证据底稿\原文PDF\C-MERICS-6DB880FFE2.pdf,官方PDF已保存并校验
C-ATL-677634,atlantic-council-geotech,Atlantic Council,美国,2023-09-06,W3,Sleight of hand: How China weaponizes software vulnerabilities,正式研究报告,https://www.atlanticcouncil.org/in-depth-research-reports/report/sleight-of-hand-how-china-weaponizes-software-vulnerability/,,本地原文已保存,P0-China-tech-corpus,网络安全与数字治理,作者/项目正式研究,Atlantic Council涉华科技专题库,待编码,中国科技竞争、数字治理、产业链安全及美国盟友政策专题复用,C:\Users\WINDOWS\OneDrive\知识库\智库信息爬虫\国际主要科技智库观点演变_研判\03_证据底稿\原文PDF\C-ATL-677634.pdf,官方PDF已保存并校验
C-MERICS-420F869A46,merics,MERICS Industrial Policy and Technology,德国,2023-09-15,W3,Electric Shock: Interpreting China’s electric vehicle export boom,MERICS研究报告,https://merics.org/en/report/electric-shock-interpreting-chinas-electric-vehicle-export-boom,,本地原文已保存,P0-China-tech-corpus,网络安全、数据与数字治理；先进制造、机器人与交通技术,作者/项目正式研究,MERICS科技与中国专题库/核心科技直接材料,待编码,中国科技创新、产业政策、数字治理、供应链与欧洲对华经济安全专题复用,C:\Users\WINDOWS\OneDrive\知识库\智库信息爬虫\国际主要科技智库观点演变_研判\03_证据底稿\网页文本\C-MERICS-420F869A46.txt,官方网页全文已保存
C-ATL-687065,atlantic-council-geotech,Atlantic Council,美国,2023-10-04,W3,Running out of road: China Pathfinder 2023 annual scorecard,正式研究报告,https://www.atlanticcouncil.org/in-depth-research-reports/report/running-out-of-road-china-pathfinder-2023-annual-scorecard/,,本地原文已保存,P0-China-tech-corpus,综合科技竞争,作者/项目正式研究,Atlantic Council涉华科技专题库,待编码,中国科技竞争、数字治理、产业链安全及美国盟友政策专题复用,C:\Users\WINDOWS\OneDrive\知识库\智库信息爬虫\国际主要科技智库观点演变_研判\03_证据底稿\原文PDF\C-ATL-687065.pdf,官方PDF已保存并校验
C-BRUEGEL-954E1D074E,bruegel,Bruegel,欧盟,2023-10-09,W3,The emergence of non-personal data markets,report,https://www.bruegel.org/report/emergence-non-personal-data-markets,,本地原文已保存,P0-core-tech,欧洲科技产业与经济安全政策,作者/项目正式研究,Bruegel科技与中国专题库/核心科技直接材料,待编码,欧洲科技创新、产业政策、关键技术、中欧竞争合作及经济安全专题复用,C:\Users\WINDOWS\OneDrive\知识库\智库信息爬虫\国际主要科技智库观点演变_研判\03_证据底稿\网页文本\C-BRUEGEL-954E1D074E.txt,官方网页全文已保存
C-NBR-F3E2BFFB1C,nbr,National Bureau of Asian Research,美国,2023-10-19,W3,Building Supply Chain Resiliency in the Indo-Pacific,NBR评论,https://www.nbr.org/publication/building-supply-chain-resiliency-in-the-indo-pacific/,,本地原文已保存,P0-China-tech-corpus,人工智能、芯片与算力；网络安全与数字治理；技术供应链与出口管制；创新体系、标准与知识产权,作者评论或论文,NBR科技与中国专题库/含中国比较的印太技术材料/核心科技直接材料,待编码,中国科技竞争、印太技术治理、供应链安全、创新合作及区域比较专题复用,C:\Users\WINDOWS\OneDrive\知识库\智库信息爬虫\国际主要科技智库观点演变_研判\03_证据底稿\网页文本\C-NBR-F3E2BFFB1C.txt,官方网页全文已保存
C-BRUEGEL-C8D104B748,bruegel,Bruegel,欧盟,2023-10-26,W3,De-risking and decarbonising: a green tech partnership to reduce reliance on China,policy-brief,https://www.bruegel.org/policy-brief/de-risking-and-decarbonising-green-tech-partnership-reduce-reliance-china,,本地原文已保存,P0-China-tech-corpus,清洁技术、能源与绿色产业；供应链、技术管制与经济安全；中国科技能力与中欧竞争合作,作者/项目正式研究,Bruegel科技与中国专题库/科技产业与经济安全基线,待编码,欧洲科技创新、产业政策、关键技术、中欧竞争合作及经济安全专题复用,C:\Users\WINDOWS\OneDrive\知识库\智库信息爬虫\国际主要科技智库观点演变_研判\03_证据底稿\网页文本\C-BRUEGEL-C8D104B748.txt,官方网页全文已保存
C-MERICS-01DB422043,merics,MERICS Industrial Policy and Technology,德国,2023-10-26,W3,The sky is the limit: China's rise as a transportation superpower challenges the EU,MERICS研究报告,https://merics.org/en/report/sky-limit-chinas-rise-transportation-superpower-challenges-eu,,本地原文已保存,P1-tech-geoeconomic-baseline,先进制造、机器人与交通技术；生物、量子、航天与绿色技术；创新体系、科研与技术人才；供应链、技术管制与经济安全,作者/项目正式研究,MERICS科技与中国专题库/科技产业与经济安全基线,待编码,中国科技创新、产业政策、数字治理、供应链与欧洲对华经济安全专题复用,C:\Users\WINDOWS\OneDrive\知识库\智库信息爬虫\国际主要科技智库观点演变_研判\03_证据底稿\原文PDF\C-MERICS-01DB422043.pdf,官方PDF已保存并校验
C-BEL-2C19B76C8E,belfer,Belfer Center for Science and International Affairs,美国,2023-11-08,W3,Action on AI: Unpacking the Executive Order’s Security Implications and the Road Ahead,政策简报,https://www.belfercenter.org/publication/action-ai-unpacking-executive-orders-security-implications-and-road-ahead,,本地原文已保存,P0-China-tech-corpus,人工智能、芯片与算力；网络安全与数字治理；创新体系与产业政策；生物、量子及其他前沿技术,作者/项目正式研究,Belfer涉华科技专题库,待编码,中美科技竞争、数字安全、创新政策、能源技术及国防前沿技术专题复用,C:\Users\WINDOWS\OneDrive\知识库\智库信息爬虫\国际主要科技智库观点演变_研判\03_证据底稿\网页文本\C-BEL-2C19B76C8E.txt,官方网页全文已保存
L-1429A64BC1,merics,MERICS Industrial Policy and Technology,待回填,2023-11-16,W3,AI entanglements: Balancing risks and rewards of European-Chinese collaboration,report,https://merics.org/en/report/ai-entanglements-balancing-risks-and-rewards-european-chinese-collaboration,C:\Users\WINDOWS\OneDrive\知识库\智库信息爬虫\archive\merics\2023\AI纠缠：平衡欧中合作的风险与收益_2023-11-16_MERICS.md,full_text,P0,待编码,待编码,本地近期候选,待筛选,W3近期观点与反证候选,C:\Users\WINDOWS\OneDrive\知识库\智库信息爬虫\国际主要科技智库观点演变_研判\03_证据底稿\原文PDF\L-1429A64BC1.pdf,官方PDF已获取
L-027001A761,merics,MERICS Industrial Policy and Technology,待回填,2023-11-20,W3,Investigating state support for China’s medical technology companies,report,https://merics.org/en/report/investigating-state-support-chinas-medical-technology-companies,C:\Users\WINDOWS\OneDrive\知识库\智库信息爬虫\archive\merics\2023\中国医疗技术企业国家支持调查_2023-11-20_MERICS.md,full_text,P0,待编码,待编码,本地近期候选,待筛选,W3近期观点与反证候选,C:\Users\WINDOWS\OneDrive\知识库\智库信息爬虫\国际主要科技智库观点演变_研判\03_证据底稿\原文PDF\L-027001A761.pdf,官方PDF已获取
S-RAND-2023-01,rand,RAND Corporation,美国,2023-11-21,W3,The United States and China—Designing a Shared Future: The Potential for Track 2 Initiatives to Design an Agenda for Coexistence,研究报告,https://www.rand.org/content/dam/rand/pubs/research_reports/RRA2800/RRA2850-1/RAND_RRA2850-1.pdf,C:\Users\WINDOWS\OneDrive\知识库\智库信息爬虫\国际主要科技智库观点演变_研判\03_证据底稿\原文PDF\S-RAND-2023-01.pdf,官方PDF全文已保存,P0-anchor,T4;T5;T6;T7,L1,官方锚点,待编码,零和竞争与共存议程的反证,,
C-NBR-6E800DE6A2,nbr,National Bureau of Asian Research,美国,2023-11-29,W3,Critical Technology Supply Chains in the Asia-Pacific Options for the United States to De-risk and Diversify,NBR研究报告,https://www.nbr.org/publication/critical-technology-supply-chains-in-the-asia-pacific-options-for-the-united-states-to-de-risk-and-diversify/,,本地原文已保存,P0-China-tech-corpus,人工智能、芯片与算力；网络安全与数字治理；技术供应链与出口管制；创新体系、标准与知识产权；生物、量子及其他前沿技术,作者/项目正式研究,NBR科技与中国专题库/含中国比较的印太技术材料/核心科技直接材料,待编码,中国科技竞争、印太技术治理、供应链安全、创新合作及区域比较专题复用,C:\Users\WINDOWS\OneDrive\知识库\智库信息爬虫\国际主要科技智库观点演变_研判\03_证据底稿\原文PDF\C-NBR-6E800DE6A2.pdf,官方PDF已保存并校验
C-MERICS-0829162960,merics,MERICS Industrial Policy and Technology,德国,2023-11-30,W3,Fragmenting cyberspace: The future of the internet in China,MERICS研究报告,https://merics.org/en/report/fragmenting-cyberspace-future-internet-china,,本地原文已保存,P0-China-tech-corpus,网络安全、数据与数字治理；生物、量子、航天与绿色技术,作者/项目正式研究,MERICS科技与中国专题库/核心科技直接材料,待编码,中国科技创新、产业政策、数字治理、供应链与欧洲对华经济安全专题复用,C:\Users\WINDOWS\OneDrive\知识库\智库信息爬虫\国际主要科技智库观点演变_研判\03_证据底稿\原文PDF\C-MERICS-0829162960.pdf,官方PDF已保存并校验
C-ATL-707988,atlantic-council-geotech,Atlantic Council,美国,2023-12-04,W3,Community watch: China’s vision for the future of the internet,正式研究报告,https://www.atlanticcouncil.org/in-depth-research-reports/report/community-watch-chinas-vision-for-the-future-of-the-internet/,,本地原文已保存,P0-China-tech-corpus,网络安全与数字治理,作者/项目正式研究,Atlantic Council涉华科技专题库,待编码,中国科技竞争、数字治理、产业链安全及美国盟友政策专题复用,C:\Users\WINDOWS\OneDrive\知识库\智库信息爬虫\国际主要科技智库观点演变_研判\03_证据底稿\网页文本\C-ATL-707988.txt,官方网页全文已保存
L-53F144B9C0,merics,MERICS Industrial Policy and Technology,待回填,2023-12-05,W3,China’s data management: Putting the party state in charge,report,https://merics.org/en/report/chinas-data-management-putting-party-state-charge,C:\Users\WINDOWS\OneDrive\知识库\智库信息爬虫\archive\merics\2023\中国数据管理：党国走向前台_2023-12-05_MERICS.md,full_text,P0,待编码,待编码,本地近期候选,待筛选,W3近期观点与反证候选,C:\Users\WINDOWS\OneDrive\知识库\智库信息爬虫\国际主要科技智库观点演变_研判\03_证据底稿\原文PDF\L-53F144B9C0.pdf,官方PDF已获取
C-BRUEGEL-2136D04955,bruegel,Bruegel,欧盟,2023-12-11,W3,The competitive relationship between cloud computing and generative AI,working-paper,https://www.bruegel.org/working-paper/competitive-relationship-between-cloud-computing-and-generative-ai,,本地原文已保存,P0-core-tech,人工智能、算力与数字技术,作者/项目正式研究,Bruegel科技与中国专题库/核心科技直接材料,待编码,欧洲科技创新、产业政策、关键技术、中欧竞争合作及经济安全专题复用,C:\Users\WINDOWS\OneDrive\知识库\智库信息爬虫\国际主要科技智库观点演变_研判\03_证据底稿\网页文本\C-BRUEGEL-2136D04955.txt,官方网页全文已保存
C-BRUEGEL-1B2A3A025B,bruegel,Bruegel,欧盟,2023-12-14,W3,Investments in the sustainability transition: leveraging green industrial policy against emerging constraints,report,https://www.bruegel.org/report/investments-sustainability-transition-leveraging-green-industrial-policy-against-emerging,,本地原文已保存,P1-tech-geoeconomic-baseline,工业政策、产业能力与竞争力,作者/项目正式研究,Bruegel科技与中国专题库/科技产业与经济安全基线,待编码,欧洲科技创新、产业政策、关键技术、中欧竞争合作及经济安全专题复用,C:\Users\WINDOWS\OneDrive\知识库\智库信息爬虫\国际主要科技智库观点演变_研判\03_证据底稿\网页文本\C-BRUEGEL-1B2A3A025B.txt,官方网页全文已保存
C-BRUEGEL-31AAFBE248,bruegel,Bruegel,欧盟,2023-12-14,W3,Skills or a degree? The rise of skills-based hiring for AI and green jobs,working-paper,https://www.bruegel.org/working-paper/skills-or-degree-rise-skills-based-hiring-ai-and-green-jobs,,本地原文已保存,P0-core-tech,人工智能、算力与数字技术；机器人、自动化与技术就业,作者/项目正式研究,Bruegel科技与中国专题库/核心科技直接材料,待编码,欧洲科技创新、产业政策、关键技术、中欧竞争合作及经济安全专题复用,C:\Users\WINDOWS\OneDrive\知识库\智库信息爬虫\国际主要科技智库观点演变_研判\03_证据底稿\网页文本\C-BRUEGEL-31AAFBE248.txt,官方网页全文已保存
C-BRUEGEL-8828A0B23F,bruegel,Bruegel,欧盟,2023-12-14,W3,"The value of skill complementarity, especially in artificial intelligence",analysis,https://www.bruegel.org/analysis/value-skill-complementarity-especially-artificial-intelligence,,本地原文已保存,P0-core-tech,人工智能、算力与数字技术,作者/项目正式研究,Bruegel科技与中国专题库/核心科技直接材料,待编码,欧洲科技创新、产业政策、关键技术、中欧竞争合作及经济安全专题复用,C:\Users\WINDOWS\OneDrive\知识库\智库信息爬虫\国际主要科技智库观点演变_研判\03_证据底稿\原文PDF\C-BRUEGEL-8828A0B23F.pdf,官方PDF已保存并校验
C-BRUEGEL-1AE03F6DAA,bruegel,Bruegel,欧盟,2023-12-18,W3,Are new EU data market regulations coherent and efficient?,working-paper,https://www.bruegel.org/working-paper/are-new-eu-data-market-regulations-coherent-and-efficient,,本地原文已保存,P0-core-tech,欧洲科技产业与经济安全政策,作者/项目正式研究,Bruegel科技与中国专题库/核心科技直接材料,待编码,欧洲科技创新、产业政策、关键技术、中欧竞争合作及经济安全专题复用,C:\Users\WINDOWS\OneDrive\知识库\智库信息爬虫\国际主要科技智库观点演变_研判\03_证据底稿\网页文本\C-BRUEGEL-1AE03F6DAA.txt,官方网页全文已保存
C-NBR-93642DB4F4,nbr,National Bureau of Asian Research,美国,2023-12-19,W3,South Korea’s Capacity Building against North Korean Cyberthreats,NBR访谈,https://www.nbr.org/publication/south-koreas-capacity-building-against-north-korean-cyberthreats/,,本地原文已保存,P1-regional-tech-baseline,网络安全与数字治理；创新体系、标准与知识产权,作者访谈,NBR科技与中国专题库/区域技术基线/核心科技直接材料,待编码,中国科技竞争、印太技术治理、供应链安全、创新合作及区域比较专题复用,C:\Users\WINDOWS\OneDrive\知识库\智库信息爬虫\国际主要科技智库观点演变_研判\03_证据底稿\网页文本\C-NBR-93642DB4F4.txt,官方网页全文已保存
C-BRUEGEL-F5EC2DFDB1,bruegel,Bruegel,欧盟,2024-01-11,W3,Europe’s under-the-radar industrial policy: intervention in electricity pricing,policy-brief,https://www.bruegel.org/policy-brief/europes-under-radar-industrial-policy-intervention-electricity-pricing,,本地原文已保存,P1-tech-geoeconomic-baseline,工业政策、产业能力与竞争力,作者/项目正式研究,Bruegel科技与中国专题库/科技产业与经济安全基线,待编码,欧洲科技创新、产业政策、关键技术、中欧竞争合作及经济安全专题复用,C:\Users\WINDOWS\OneDrive\知识库\智库信息爬虫\国际主要科技智库观点演变_研判\03_证据底稿\网页文本\C-BRUEGEL-F5EC2DFDB1.txt,官方网页全文已保存
C-ATL-722225,atlantic-council-geotech,Atlantic Council,美国,2024-01-12,W3,"Welcome to 2034: What the world could look like in ten years, according to nearly 300 experts",Atlantic Council战略论文,https://www.atlanticcouncil.org/content-series/atlantic-council-strategy-paper-series/welcome-to-2034-what-the-world-could-look-like-in-ten-years-according-to-nearly-300-experts/,,本地原文已保存,P0-China-tech-corpus,人工智能、芯片与算力,作者/项目正式研究,Atlantic Council涉华科技专题库,待编码,中国科技竞争、数字治理、产业链安全及美国盟友政策专题复用,C:\Users\WINDOWS\OneDrive\知识库\智库信息爬虫\国际主要科技智库观点演变_研判\03_证据底稿\网页文本\C-ATL-722225.txt,官方网页全文已保存
C-BRUEGEL-87E8A3E48A,bruegel,Bruegel,欧盟,2024-01-16,W3,Making industrial policy work: a case study on the European Battery Alliance Academy,working-paper,https://www.bruegel.org/working-paper/making-industrial-policy-work-case-study-european-battery-alliance-academy,,本地原文已保存,P1-tech-geoeconomic-baseline,机器人、自动化与技术就业；清洁技术、能源与绿色产业；工业政策、产业能力与竞争力,作者/项目正式研究,Bruegel科技与中国专题库/科技产业与经济安全基线,待编码,欧洲科技创新、产业政策、关键技术、中欧竞争合作及经济安全专题复用,C:\Users\WINDOWS\OneDrive\知识库\智库信息爬虫\国际主要科技智库观点演变_研判\03_证据底稿\网页文本\C-BRUEGEL-87E8A3E48A.txt,官方网页全文已保存
C-ATL-721295,atlantic-council-geotech,Atlantic Council,美国,2024-01-17,W3,The top risks and opportunities for 2024,Atlantic Council战略论文,https://www.atlanticcouncil.org/content-series/atlantic-council-strategy-paper-series/the-top-risks-and-opportunities-for-2024/,,本地原文已保存,P0-China-tech-corpus,综合科技竞争,作者/项目正式研究,Atlantic Council涉华科技专题库,待编码,中国科技竞争、数字治理、产业链安全及美国盟友政策专题复用,C:\Users\WINDOWS\OneDrive\知识库\智库信息爬虫\国际主要科技智库观点演变_研判\03_证据底稿\网页文本\C-ATL-721295.txt,官方网页全文已保存
C-ATL-729295,atlantic-council-geotech,Atlantic Council,美国,2024-01-31,W3,A US-South Korea alliance strategic memo on deterrence,议题简报,https://www.atlanticcouncil.org/in-depth-research-reports/issue-brief/a-us-south-korea-alliance-strategic-memo-on-deterrence/,,本地原文已保存,P0-China-tech-corpus,综合科技竞争,作者/项目政策简报,Atlantic Council涉华科技专题库,待编码,中国科技竞争、数字治理、产业链安全及美国盟友政策专题复用,C:\Users\WINDOWS\OneDrive\知识库\智库信息爬虫\国际主要科技智库观点演变_研判\03_证据底稿\网页文本\C-ATL-729295.txt,官方网页全文已保存
C-ATL-729616,atlantic-council-geotech,Atlantic Council,美国,2024-01-31,W3,A US-South Korea alliance strategic memo on countering Beijing’s economic coercion,议题简报,https://www.atlanticcouncil.org/in-depth-research-reports/issue-brief/a-us-south-korea-alliance-strategic-memo-on-countering-beijings-economic-coercion/,,本地原文已保存,P0-China-tech-corpus,技术供应链与出口管制,作者/项目政策简报,Atlantic Council涉华科技专题库,待编码,中国科技竞争、数字治理、产业链安全及美国盟友政策专题复用,C:\Users\WINDOWS\OneDrive\知识库\智库信息爬虫\国际主要科技智库观点演变_研判\03_证据底稿\网页文本\C-ATL-729616.txt,官方网页全文已保存
C-MERICS-06162DF2B7,merics,MERICS Industrial Policy and Technology,德国,2024-02-02,W3,The world’s factory strikes back,MERICS研究报告,https://merics.org/en/report/worlds-factory-strikes-back,,本地原文已保存,P1-tech-geoeconomic-baseline,先进制造、机器人与交通技术；供应链、技术管制与经济安全,作者/项目正式研究,MERICS科技与中国专题库/科技产业与经济安全基线,待编码,中国科技创新、产业政策、数字治理、供应链与欧洲对华经济安全专题复用,C:\Users\WINDOWS\OneDrive\知识库\智库信息爬虫\国际主要科技智库观点演变_研判\03_证据底稿\原文PDF\C-MERICS-06162DF2B7.pdf,官方PDF已保存并校验
C-BRUEGEL-B698EF9036,bruegel,Bruegel,欧盟,2024-02-08,W3,Smarter European Union industrial policy for solar panels,policy-brief,https://www.bruegel.org/policy-brief/smarter-european-union-industrial-policy-solar-panels,,本地原文已保存,P1-tech-geoeconomic-baseline,清洁技术、能源与绿色产业；工业政策、产业能力与竞争力；供应链、技术管制与经济安全,作者/项目正式研究,Bruegel科技与中国专题库/科技产业与经济安全基线,待编码,欧洲科技创新、产业政策、关键技术、中欧竞争合作及经济安全专题复用,C:\Users\WINDOWS\OneDrive\知识库\智库信息爬虫\国际主要科技智库观点演变_研判\03_证据底稿\原文PDF\C-BRUEGEL-B698EF9036.pdf,官方PDF已保存并校验
C-ATL-726550,atlantic-council-geotech,Atlantic Council,美国,2024-02-12,W3,A strategy to counter malign Chinese and Russian influence in Latin America and the Caribbean,Atlantic Council战略论文,https://www.atlanticcouncil.org/content-series/atlantic-council-strategy-paper-series/a-strategy-to-counter-malign-chinese-and-russian-influence-in-latin-america-and-the-caribbean/,,本地原文已保存,P0-China-tech-corpus,综合科技竞争,作者/项目正式研究,Atlantic Council涉华科技专题库,待编码,中国科技竞争、数字治理、产业链安全及美国盟友政策专题复用,C:\Users\WINDOWS\OneDrive\知识库\智库信息爬虫\国际主要科技智库观点演变_研判\03_证据底稿\原文PDF\C-ATL-726550.pdf,官方PDF已保存并校验
C-ATL-726580,atlantic-council-geotech,Atlantic Council,美国,2024-02-12,W3,The competition for influence in the Americas is now online,Atlantic Council战略论文,https://www.atlanticcouncil.org/in-depth-research-reports/issue-brief/the-competition-for-influence-in-the-americas-is-now-online/,,本地原文已保存,P0-China-tech-corpus,网络安全与数字治理,作者/项目正式研究,Atlantic Council涉华科技专题库,待编码,中国科技竞争、数字治理、产业链安全及美国盟友政策专题复用,C:\Users\WINDOWS\OneDrive\知识库\智库信息爬虫\国际主要科技智库观点演变_研判\03_证据底稿\网页文本\C-ATL-726580.txt,官方网页全文已保存
L-7D859D5B15,cnas-tech,CNAS Technology and National Security,待回填,2024-02-20,W3,Biotech Matters,report,https://www.cnas.org/publications/reports/biotech-matters,C:\Users\WINDOWS\OneDrive\知识库\智库信息爬虫\archive\cnas-tech\2024\生物技术至关重要_2024-02-20_CNAS-TECH.md,full_text,P1,待编码,待编码,本地近期候选,待筛选,W3近期观点与反证候选,C:\Users\WINDOWS\OneDrive\知识库\智库信息爬虫\国际主要科技智库观点演变_研判\03_证据底稿\网页文本\L-7D859D5B15.txt,无独立PDF，已保存官方网页
C-BRUEGEL-8EB64D3ABF,bruegel,Bruegel,欧盟,2024-02-29,W3,Knowledge spillovers and geopolitical challenges in global supply chains,working-paper,https://www.bruegel.org/working-paper/knowledge-spillovers-and-geopolitical-challenges-global-supply-chains,,本地原文已保存,P1-tech-geoeconomic-baseline,供应链、技术管制与经济安全,作者/项目正式研究,Bruegel科技与中国专题库/科技产业与经济安全基线,待编码,欧洲科技创新、产业政策、关键技术、中欧竞争合作及经济安全专题复用,C:\Users\WINDOWS\OneDrive\知识库\智库信息爬虫\国际主要科技智库观点演变_研判\03_证据底稿\网页文本\C-BRUEGEL-8EB64D3ABF.txt,官方网页全文已保存
L-CA244026E9,iiss,International Institute for Strategic Studies,待回填,2024-03-01,W3,Impact of the Russia–Ukraine War on National Cyber Planning: A Survey of Ten Countries,paper,https://www.iiss.org/research-paper/2024/01/impact-of-the-russia-ukraine-war-on-national-cyber-planning-a-survey-of-ten-countries/,C:\Users\WINDOWS\OneDrive\知识库\智库信息爬虫\archive\iiss\2024\俄乌战争对国家网络规划的影响：十国调查_2024-03-01_IISS.md,summary_only,P1,待编码,待编码,本地近期候选,待筛选,W3近期观点与反证候选,C:\Users\WINDOWS\OneDrive\知识库\智库信息爬虫\国际主要科技智库观点演变_研判\03_证据底稿\原文PDF\L-CA244026E9.pdf,官方PDF已获取
S-CRDS-2024-01,jst-crds,JST Center for Research and Development Strategy,日本,2024-03-01,W3,Global Trends in Science Technology and Innovation Policies: Securitization of STI Policy,研究报告,https://www.jst.go.jp/crds/en/publications/,C:\Users\WINDOWS\OneDrive\知识库\智库信息爬虫\国际主要科技智库观点演变_研判\03_证据底稿\原文PDF\S-CRDS-2024-01.pdf,官方PDF全文已保存,P0-anchor,T4;T5;T7;T10,L3,官方锚点,待编码,安全化的制度比较,,
C-BRUEGEL-BA75E65214,bruegel,Bruegel,欧盟,2024-03-04,W3,Global supply chains: lessons from a decade of disruption,working-paper,https://www.bruegel.org/working-paper/global-supply-chains-lessons-decade-disruption,,本地原文已保存,P1-tech-geoeconomic-baseline,供应链、技术管制与经济安全,作者/项目正式研究,Bruegel科技与中国专题库/科技产业与经济安全基线,待编码,欧洲科技创新、产业政策、关键技术、中欧竞争合作及经济安全专题复用,C:\Users\WINDOWS\OneDrive\知识库\智库信息爬虫\国际主要科技智库观点演变_研判\03_证据底稿\网页文本\C-BRUEGEL-BA75E65214.txt,官方网页全文已保存
C-NBR-285EE63E24,nbr,National Bureau of Asian Research,美国,2024-03-05,W3,"U.S.-ROK Tech Cooperation: Export Controls, Data Policy, and Artificial Intelligence",NBR研究报告,https://www.nbr.org/publication/u-s-rok-tech-cooperation-export-controls-data-policy-and-artificial-intelligence/,,本地原文已保存,P0-China-tech-corpus,人工智能、芯片与算力；网络安全与数字治理；技术供应链与出口管制；创新体系、标准与知识产权；生物、量子及其他前沿技术,作者/项目正式研究,NBR科技与中国专题库/含中国比较的印太技术材料/核心科技直接材料,待编码,中国科技竞争、印太技术治理、供应链安全、创新合作及区域比较专题复用,C:\Users\WINDOWS\OneDrive\知识库\智库信息爬虫\国际主要科技智库观点演变_研判\03_证据底稿\原文PDF\C-NBR-285EE63E24.pdf,官方PDF已保存并校验
L-BB6FCEB300,merics,MERICS Industrial Policy and Technology,待回填,2024-03-05,W3,Whole-of-nation innovation: Does China’s socialist system give it an edge in science and technology?,report,https://merics.org/en/report/whole-nation-innovation-does-chinas-socialist-system-give-it-edge-science-and-technology,C:\Users\WINDOWS\OneDrive\知识库\智库信息爬虫\archive\merics\2024\全社会创新：中国社会主义体制是否赋予科技优势_2024-03-05_MERICS.md,full_text,P0,待编码,待编码,本地近期候选,待筛选,W3近期观点与反证候选,C:\Users\WINDOWS\OneDrive\知识库\智库信息爬虫\国际主要科技智库观点演变_研判\03_证据底稿\原文PDF\L-BB6FCEB300.pdf,官方PDF已获取
C-BRUEGEL-48A1B2076A,bruegel,Bruegel,欧盟,2024-03-07,W3,The European Union AI Act: premature or precocious regulation?,analysis,https://www.bruegel.org/analysis/european-union-ai-act-premature-or-precocious-regulation,,本地原文已保存,P0-core-tech,人工智能、算力与数字技术；芯片、关键技术与科研创新,作者/项目正式研究,Bruegel科技与中国专题库/核心科技直接材料,待编码,欧洲科技创新、产业政策、关键技术、中欧竞争合作及经济安全专题复用,C:\Users\WINDOWS\OneDrive\知识库\智库信息爬虫\国际主要科技智库观点演变_研判\03_证据底稿\原文PDF\C-BRUEGEL-48A1B2076A.pdf,官方PDF已保存并校验
C-BRUEGEL-5F1BED8F18,bruegel,Bruegel,欧盟,2024-03-07,W3,Exposure to generative artificial intelligence in the European labour market,working-paper,https://www.bruegel.org/working-paper/exposure-generative-artificial-intelligence-european-labour-market,,本地原文已保存,P0-core-tech,人工智能、算力与数字技术；机器人、自动化与技术就业,作者/项目正式研究,Bruegel科技与中国专题库/核心科技直接材料,待编码,欧洲科技创新、产业政策、关键技术、中欧竞争合作及经济安全专题复用,C:\Users\WINDOWS\OneDrive\知识库\智库信息爬虫\国际主要科技智库观点演变_研判\03_证据底稿\网页文本\C-BRUEGEL-5F1BED8F18.txt,官方网页全文已保存
C-ATL-730612,atlantic-council-geotech,Atlantic Council,美国,2024-03-14,W3,Leveraging generative artificial intelligence to outcompete strategic rivals,议题简报,https://www.atlanticcouncil.org/in-depth-research-reports/issue-brief/leveraging-generative-artificial-intelligence-to-outcompete-strategic-rivals/,,本地原文已保存,P0-China-tech-corpus,人工智能、芯片与算力,作者/项目政策简报,Atlantic Council涉华科技专题库,待编码,中国科技竞争、数字治理、产业链安全及美国盟友政策专题复用,C:\Users\WINDOWS\OneDrive\知识库\智库信息爬虫\国际主要科技智库观点演变_研判\03_证据底稿\原文PDF\C-ATL-555866.pdf,关联既有官方PDF
C-NBR-DEA97583F8,nbr,National Bureau of Asian Research,美国,2024-03-16,W3,The U.S. APEC 2023 Host Year “Meets the Moment” in the Asia-Pacific,NBR评论,https://www.nbr.org/publication/the-u-s-apec-2023-host-year-meets-the-moment-in-the-asia-pacific/,,本地原文已保存,P1-regional-tech-baseline,人工智能、芯片与算力；网络安全与数字治理；技术供应链与出口管制；创新体系、标准与知识产权,作者评论或论文,NBR科技与中国专题库/区域技术基线/科技地缘经济基线,待编码,中国科技竞争、印太技术治理、供应链安全、创新合作及区域比较专题复用,C:\Users\WINDOWS\OneDrive\知识库\智库信息爬虫\国际主要科技智库观点演变_研判\03_证据底稿\网页文本\C-NBR-DEA97583F8.txt,官方网页全文已保存
C-BRUEGEL-592A005E95,bruegel,Bruegel,欧盟,2024-03-19,W3,"The European defence industrial strategy: important, but raising many questions",analysis,https://www.bruegel.org/analysis/european-defence-industrial-strategy-important-raising-many-questions,,本地原文已保存,P1-tech-geoeconomic-baseline,工业政策、产业能力与竞争力,作者/项目正式研究,Bruegel科技与中国专题库/科技产业与经济安全基线,待编码,欧洲科技创新、产业政策、关键技术、中欧竞争合作及经济安全专题复用,C:\Users\WINDOWS\OneDrive\知识库\智库信息爬虫\国际主要科技智库观点演变_研判\03_证据底稿\原文PDF\C-BRUEGEL-592A005E95.pdf,官方PDF已保存并校验
L-A1A9C3D7E6,iiss,International Institute for Strategic Studies,待回填,2024-03-26,W3,Europe and the Indo-Pacific: Convergence and Divergence in the Digital Order,paper,https://www.iiss.org/research-paper/2024/03/europe-and-the-indo-pacific-convergence-and-divergence-in-the-digital-order/,C:\Users\WINDOWS\OneDrive\知识库\智库信息爬虫\archive\iiss\2024\欧洲与印太：数字秩序中的趋同与分歧_2024-03-26_IISS.md,summary_only,P0,待编码,待编码,本地近期候选,待筛选,W3近期观点与反证候选,C:\Users\WINDOWS\OneDrive\知识库\智库信息爬虫\国际主要科技智库观点演变_研判\03_证据底稿\原文PDF\L-A1A9C3D7E6.pdf,官方PDF已获取
C-BRUEGEL-F4E8D54025,bruegel,Bruegel,欧盟,2024-04-08,W3,Inclusive digital economy:  a round-up of project research,analysis,https://www.bruegel.org/analysis/inclusive-digital-economy-round-project-research,,本地原文已保存,P0-core-tech,人工智能、算力与数字技术；机器人、自动化与技术就业,作者/项目正式研究,Bruegel科技与中国专题库/核心科技直接材料,待编码,欧洲科技创新、产业政策、关键技术、中欧竞争合作及经济安全专题复用,C:\Users\WINDOWS\OneDrive\知识库\智库信息爬虫\国际主要科技智库观点演变_研判\03_证据底稿\原文PDF\C-BRUEGEL-F4E8D54025.pdf,官方PDF已保存并校验
L-F74A052FEB,merics,MERICS Industrial Policy and Technology,待回填,2024-04-09,W3,Huawei is quietly dominating China’s semiconductor supply chain,report,https://merics.org/en/report/huawei-quietly-dominating-chinas-semiconductor-supply-chain,C:\Users\WINDOWS\OneDrive\知识库\智库信息爬虫\archive\merics\2024\华为正在低调主导中国半导体供应链_2024-04-09_MERICS.md,full_text,P0,待编码,待编码,本地近期候选,待筛选,W3近期观点与反证候选,C:\Users\WINDOWS\OneDrive\知识库\智库信息爬虫\国际主要科技智库观点演变_研判\03_证据底稿\原文PDF\L-F74A052FEB.pdf,官方PDF已获取
L-06662E3F92,merics,MERICS Industrial Policy and Technology,待回填,2024-04-23,W3,Where China stands in the global race for talent,report,https://merics.org/en/report/where-china-stands-global-race-talent,C:\Users\WINDOWS\OneDrive\知识库\智库信息爬虫\archive\merics\2024\中国在全球科技人才竞争中的位置_2024-04-23_MERICS.md,full_text,P0,待编码,待编码,本地近期候选,待筛选,W3近期观点与反证候选,C:\Users\WINDOWS\OneDrive\知识库\智库信息爬虫\国际主要科技智库观点演变_研判\03_证据底稿\原文PDF\L-06662E3F92.pdf,官方PDF已获取
L-61C99BBDA7,merics,MERICS Industrial Policy and Technology,待回填,2024-04-29,W3,The accelerator state: Small firms join the fray of China’s techno-industrial drive,report,https://merics.org/en/report/accelerator-state-small-firms-join-fray-chinas-techno-industrial-drive,C:\Users\WINDOWS\OneDrive\知识库\智库信息爬虫\archive\merics\2024\加速器国家：中国技术工业驱动中的中小企业_2024-04-29_MERICS.md,full_text,P0,待编码,待编码,本地近期候选,待筛选,W3近期观点与反证候选,C:\Users\WINDOWS\OneDrive\知识库\智库信息爬虫\国际主要科技智库观点演变_研判\03_证据底稿\原文PDF\L-61C99BBDA7.pdf,官方PDF已获取
C-BRUEGEL-75429E4471,bruegel,Bruegel,欧盟,2024-04-30,W3,Using the financial system to enforce export controls,working-paper,https://www.bruegel.org/working-paper/using-financial-system-enforce-export-controls,,本地原文已保存,P1-tech-geoeconomic-baseline,供应链、技术管制与经济安全,作者/项目正式研究,Bruegel科技与中国专题库/科技产业与经济安全基线,待编码,欧洲科技创新、产业政策、关键技术、中欧竞争合作及经济安全专题复用,C:\Users\WINDOWS\OneDrive\知识库\智库信息爬虫\国际主要科技智库观点演变_研判\03_证据底稿\网页文本\C-BRUEGEL-75429E4471.txt,官方网页全文已保存
L-45F9A8A2BD,cnas-tech,CNAS Technology and National Security,待回填,2024-05-01,W3,Biotech Matters: Problems with Life Science Databases in the United States,report,https://www.cnas.org/publications/reports/biotech-matters-problems-with-life-science-databases-in-the-united-states,C:\Users\WINDOWS\OneDrive\知识库\智库信息爬虫\archive\cnas-tech\2024\生物技术要紧：美国生命科学数据库的制度短板_2024-05-01_CNAS-TECH.md,full_text,P1,待编码,待编码,本地近期候选,待筛选,W3近期观点与反证候选,C:\Users\WINDOWS\OneDrive\知识库\智库信息爬虫\国际主要科技智库观点演变_研判\03_证据底稿\网页文本\L-45F9A8A2BD.txt,无独立PDF，已保存官方网页
C-BRUEGEL-BD77BD3BD9,bruegel,Bruegel,欧盟,2024-05-02,W3,European Economic Security: Current practices and further development,report,https://www.bruegel.org/report/european-economic-security-current-practices-and-further-development,,本地原文已保存,P1-tech-geoeconomic-baseline,供应链、技术管制与经济安全,作者/项目正式研究,Bruegel科技与中国专题库/科技产业与经济安全基线,待编码,欧洲科技创新、产业政策、关键技术、中欧竞争合作及经济安全专题复用,C:\Users\WINDOWS\OneDrive\知识库\智库信息爬虫\国际主要科技智库观点演变_研判\03_证据底稿\网页文本\C-BRUEGEL-BD77BD3BD9.txt,官方网页全文已保存
L-B9A158F303,merics,MERICS Industrial Policy and Technology,待回填,2024-05-02,W3,China’s AI development model in an era of technological deglobalization,report,https://merics.org/en/report/chinas-ai-development-model-era-technological-deglobalization,C:\Users\WINDOWS\OneDrive\知识库\智库信息爬虫\archive\merics\2024\技术去全球化时代的中国AI发展模式_2024-05-02_MERICS.md,full_text,P0,待编码,待编码,本地近期候选,待筛选,W3近期观点与反证候选,C:\Users\WINDOWS\OneDrive\知识库\智库信息爬虫\国际主要科技智库观点演变_研判\03_证据底稿\原文PDF\L-B9A158F303.pdf,官方PDF已获取
C-BRUEGEL-62C1AB965F,bruegel,Bruegel,欧盟,2024-05-06,W3,Paris report 2: Europe's economic security,report,https://www.bruegel.org/report/paris-report-2-europes-economic-security,,本地原文已保存,P1-tech-geoeconomic-baseline,供应链、技术管制与经济安全,作者/项目正式研究,Bruegel科技与中国专题库/科技产业与经济安全基线,待编码,欧洲科技创新、产业政策、关键技术、中欧竞争合作及经济安全专题复用,C:\Users\WINDOWS\OneDrive\知识库\智库信息爬虫\国际主要科技智库观点演变_研判\03_证据底稿\网页文本\C-BRUEGEL-62C1AB965F.txt,官方网页全文已保存
C-BRUEGEL-F828C669C5,bruegel,Bruegel,欧盟,2024-05-07,W3,How to de-risk: European economic security in a world of interdependence,policy-brief,https://www.bruegel.org/policy-brief/how-de-risk-european-economic-security-world-interdependence,,本地原文已保存,P1-tech-geoeconomic-baseline,供应链、技术管制与经济安全,作者/项目正式研究,Bruegel科技与中国专题库/科技产业与经济安全基线,待编码,欧洲科技创新、产业政策、关键技术、中欧竞争合作及经济安全专题复用,C:\Users\WINDOWS\OneDrive\知识库\智库信息爬虫\国际主要科技智库观点演变_研判\03_证据底稿\原文PDF\C-BRUEGEL-F828C669C5.pdf,官方PDF已保存并校验
C-BRUEGEL-1C9317B44B,bruegel,Bruegel,欧盟,2024-05-13,W3,Unpacking China’s industrial policy and its implications for Europe,working-paper,https://www.bruegel.org/working-paper/unpacking-chinas-industrial-policy-and-its-implications-europe,,本地原文已保存,P0-China-tech-corpus,工业政策、产业能力与竞争力；中国科技能力与中欧竞争合作,作者/项目正式研究,Bruegel科技与中国专题库/科技产业与经济安全基线,待编码,欧洲科技创新、产业政策、关键技术、中欧竞争合作及经济安全专题复用,C:\Users\WINDOWS\OneDrive\知识库\智库信息爬虫\国际主要科技智库观点演变_研判\03_证据底稿\网页文本\C-BRUEGEL-1C9317B44B.txt,官方网页全文已保存
C-ATL-765127,atlantic-council-geotech,Atlantic Council,美国,2024-05-15,W3,China Pathfinder: Q1 2024 update,议题简报,https://www.atlanticcouncil.org/in-depth-research-reports/issue-brief/china-pathfinder-q1-2024-update/,,本地原文已保存,P0-China-tech-corpus,创新体系与产业政策,作者/项目政策简报,Atlantic Council涉华科技专题库,待编码,中国科技竞争、数字治理、产业链安全及美国盟友政策专题复用,C:\Users\WINDOWS\OneDrive\知识库\智库信息爬虫\国际主要科技智库观点演变_研判\03_证据底稿\原文PDF\C-ATL-765127.pdf,官方PDF已保存并校验
C-BRUEGEL-00820FFF6E,bruegel,Bruegel,欧盟,2024-05-16,W3,Rippling out: Biden’s tariffs on Chinese electric vehicles and their impact on Europe,analysis,https://www.bruegel.org/analysis/rippling-out-bidens-tariffs-chinese-electric-vehicles-and-their-impact-europe,,本地原文已保存,P0-China-tech-corpus,清洁技术、能源与绿色产业；中国科技能力与中欧竞争合作,作者/项目正式研究,Bruegel科技与中国专题库/科技产业与经济安全基线,待编码,欧洲科技创新、产业政策、关键技术、中欧竞争合作及经济安全专题复用,C:\Users\WINDOWS\OneDrive\知识库\智库信息爬虫\国际主要科技智库观点演变_研判\03_证据底稿\原文PDF\C-BRUEGEL-00820FFF6E.pdf,官方PDF已保存并校验
C-BRUEGEL-24AD1BE604,bruegel,Bruegel,欧盟,2024-05-23,W3,Instruments of economic security,working-paper,https://www.bruegel.org/working-paper/instruments-economic-security,,本地原文已保存,P1-tech-geoeconomic-baseline,供应链、技术管制与经济安全,作者/项目正式研究,Bruegel科技与中国专题库/科技产业与经济安全基线,待编码,欧洲科技创新、产业政策、关键技术、中欧竞争合作及经济安全专题复用,C:\Users\WINDOWS\OneDrive\知识库\智库信息爬虫\国际主要科技智库观点演变_研判\03_证据底稿\网页文本\C-BRUEGEL-24AD1BE604.txt,官方网页全文已保存
C-BRUEGEL-92E7EEAC96,bruegel,Bruegel,欧盟,2024-05-23,W3,"Research, innovation and data: a fifth freedom in the EU single market?",analysis,https://www.bruegel.org/analysis/research-innovation-and-data-fifth-freedom-eu-single-market,,本地原文已保存,P1-tech-geoeconomic-baseline,芯片、关键技术与科研创新,作者/项目正式研究,Bruegel科技与中国专题库/科技产业与经济安全基线,待编码,欧洲科技创新、产业政策、关键技术、中欧竞争合作及经济安全专题复用,C:\Users\WINDOWS\OneDrive\知识库\智库信息爬虫\国际主要科技智库观点演变_研判\03_证据底稿\原文PDF\C-BRUEGEL-92E7EEAC96.pdf,官方PDF已保存并校验
L-82ABCD411B,cnas-tech,CNAS Technology and National Security,待回填,2024-05-28,W3,The Quest for Qubits,report,https://www.cnas.org/publications/reports/the-quest-for-qubits,C:\Users\WINDOWS\OneDrive\知识库\智库信息爬虫\archive\cnas-tech\2024\追寻量子比特：美中量子计算竞争与供应链人才战略_2024-05-28_CNAS-TECH.md,full_text,P1,待编码,待编码,本地近期候选,待筛选,W3近期观点与反证候选,C:\Users\WINDOWS\OneDrive\知识库\智库信息爬虫\国际主要科技智库观点演变_研判\03_证据底稿\原文PDF\L-82ABCD411B.pdf,官方PDF已获取
S-BR-2024-01,bruegel,Bruegel,欧盟,2024-06-01,W3,A Green Industrial Policy for Europe,政策简报,https://www.bruegel.org/sites/default/files/2024-06/PB%2011%202024_1.pdf,C:\Users\WINDOWS\OneDrive\知识库\智库信息爬虫\国际主要科技智库观点演变_研判\03_证据底稿\原文PDF\S-BR-2024-01.pdf,官方PDF全文已保存,P0-anchor,T1;T2;T4;T5,L1,官方锚点,待编码,脱碳竞争力安全权衡,,
C-NBR-B921104DCC,nbr,National Bureau of Asian Research,美国,2024-06-05,W3,Data Security in China’s Industrial Sector,NBR访谈,https://www.nbr.org/publication/data-security-in-chinas-industrial-sector/,,本地原文已保存,P0-China-tech-corpus,人工智能、芯片与算力；网络安全与数字治理；技术供应链与出口管制；创新体系、标准与知识产权,作者访谈,NBR科技与中国专题库/直接涉华科技/核心科技直接材料,待编码,中国科技竞争、印太技术治理、供应链安全、创新合作及区域比较专题复用,C:\Users\WINDOWS\OneDrive\知识库\智库信息爬虫\国际主要科技智库观点演变_研判\03_证据底稿\网页文本\C-NBR-B921104DCC.txt,官方网页全文已保存
C-ATL-771570,atlantic-council-geotech,Atlantic Council,美国,2024-06-13,W3,A Global South with Chinese characteristics,正式研究报告,https://www.atlanticcouncil.org/in-depth-research-reports/report/a-global-south-with-chinese-characteristics/,,本地原文已保存,P0-China-tech-corpus,综合科技竞争,作者/项目正式研究,Atlantic Council涉华科技专题库,待编码,中国科技竞争、数字治理、产业链安全及美国盟友政策专题复用,C:\Users\WINDOWS\OneDrive\知识库\智库信息爬虫\国际主要科技智库观点演变_研判\03_证据底稿\原文PDF\C-ATL-771570.pdf,官方PDF已保存并校验
C-BEL-AFD28CFBC0,belfer,Belfer Center for Science and International Affairs,美国,2024-06-18,W3,A Just Transition for Coal Regions: Learning from Two Coal Cities in Western China,研究报告与论文,https://www.belfercenter.org/research-analysis/just-transition-coal-regions-learning-two-coal-cities-western-china,,本地原文已保存,P0-China-tech-corpus,人工智能、芯片与算力；网络安全与数字治理；技术供应链与出口管制；创新体系与产业政策；国防、航天与无人系统；生物、量子及其他前沿技术,作者/项目正式研究,Belfer涉华科技专题库,待编码,中美科技竞争、数字安全、创新政策、能源技术及国防前沿技术专题复用,C:\Users\WINDOWS\OneDrive\知识库\智库信息爬虫\国际主要科技智库观点演变_研判\03_证据底稿\原文PDF\C-BEL-AFD28CFBC0.pdf,官方PDF已保存并校验
L-A72F87AD35,orf-america,ORF America Technology Policy,待回填,2024-06-24,W3,India's Role in Diversifying Global Clean Energy Supply Chains,report,https://orfamerica.org/newresearch/india-global-clean-energy-supply-chains,C:\Users\WINDOWS\OneDrive\知识库\智库信息爬虫\archive\orf-america\2024\印度在全球清洁能源供应链多元化中的角色_2024-06-24_ORF-AMERICA.md,full_text,P0,待编码,待编码,本地近期候选,待筛选,W3近期观点与反证候选,C:\Users\WINDOWS\OneDrive\知识库\智库信息爬虫\国际主要科技智库观点演变_研判\03_证据底稿\原文PDF\L-A72F87AD35.pdf,官方PDF已获取
C-ATL-763606,atlantic-council-geotech,Atlantic Council,美国,2024-06-25,W3,A global strategy to secure UAS supply chains,议题简报,https://www.atlanticcouncil.org/in-depth-research-reports/issue-brief/a-global-strategy-to-secure-uas-supply-chains/,,本地原文已保存,P0-China-tech-corpus,技术供应链与出口管制；国防、航天与无人系统,作者/项目政策简报,Atlantic Council涉华科技专题库,待编码,中国科技竞争、数字治理、产业链安全及美国盟友政策专题复用,C:\Users\WINDOWS\OneDrive\知识库\智库信息爬虫\国际主要科技智库观点演变_研判\03_证据底稿\原文PDF\C-ATL-564749.pdf,关联既有官方PDF
C-NBR-E1378BD35F,nbr,National Bureau of Asian Research,美国,2024-06-27,W3,China’s Generative AI Ecosystem in 2024 Rising Investment and Expectations,NBR背景材料,https://www.nbr.org/publication/chinas-generative-ai-ecosystem-in-2024-rising-investment-and-expectations/,,本地原文已保存,P0-China-tech-corpus,人工智能、芯片与算力；网络安全与数字治理；技术供应链与出口管制；创新体系、标准与知识产权；生物、量子及其他前沿技术,作者/项目正式研究,NBR科技与中国专题库/直接涉华科技/核心科技直接材料,待编码,中国科技竞争、印太技术治理、供应链安全、创新合作及区域比较专题复用,C:\Users\WINDOWS\OneDrive\知识库\智库信息爬虫\国际主要科技智库观点演变_研判\03_证据底稿\网页文本\C-NBR-E1378BD35F.txt,官方网页全文已保存
C-MERICS-3E9D1F50F6,merics,MERICS Industrial Policy and Technology,德国,2024-07-01,W3,National Perspectives on Europe’s de-risking from China,MERICS研究报告,https://merics.org/en/report/national-perspectives-europes-de-risking-china,,本地原文已保存,P1-tech-geoeconomic-baseline,供应链、技术管制与经济安全,作者/项目正式研究,MERICS科技与中国专题库/科技产业与经济安全基线,待编码,中国科技创新、产业政策、数字治理、供应链与欧洲对华经济安全专题复用,C:\Users\WINDOWS\OneDrive\知识库\智库信息爬虫\国际主要科技智库观点演变_研判\03_证据底稿\原文PDF\C-MERICS-3E9D1F50F6.pdf,官方PDF已保存并校验
C-ATL-776535,atlantic-council-geotech,Atlantic Council,美国,2024-07-02,W3,Strengthening Taiwan’s resiliency,正式研究报告,https://www.atlanticcouncil.org/in-depth-research-reports/report/strengthening-taiwans-resiliency/,,本地原文已保存,P0-China-tech-corpus,网络安全与数字治理,作者/项目正式研究,Atlantic Council涉华科技专题库,待编码,中国科技竞争、数字治理、产业链安全及美国盟友政策专题复用,C:\Users\WINDOWS\OneDrive\知识库\智库信息爬虫\国际主要科技智库观点演变_研判\03_证据底稿\原文PDF\C-ATL-776535.pdf,官方PDF已保存并校验
C-BRUEGEL-D4606E1BD1,bruegel,Bruegel,欧盟,2024-07-17,W3,The European Union’s proposed duties on Chinese electric vehicles and their implications,analysis,https://www.bruegel.org/analysis/european-unions-proposed-duties-chinese-electric-vehicles-and-their-implications,,本地原文已保存,P0-China-tech-corpus,清洁技术、能源与绿色产业；中国科技能力与中欧竞争合作,作者/项目正式研究,Bruegel科技与中国专题库/科技产业与经济安全基线,待编码,欧洲科技创新、产业政策、关键技术、中欧竞争合作及经济安全专题复用,C:\Users\WINDOWS\OneDrive\知识库\智库信息爬虫\国际主要科技智库观点演变_研判\03_证据底稿\原文PDF\C-BRUEGEL-D4606E1BD1.pdf,官方PDF已保存并校验
C-BRUEGEL-4D278A244F,bruegel,Bruegel,欧盟,2024-07-18,W3,Why artificial intelligence is creating fundamental challenges for competition policy,policy-brief,https://www.bruegel.org/policy-brief/why-artificial-intelligence-creating-fundamental-challenges-competition-policy,,本地原文已保存,P0-core-tech,人工智能、算力与数字技术,作者/项目正式研究,Bruegel科技与中国专题库/核心科技直接材料,待编码,欧洲科技创新、产业政策、关键技术、中欧竞争合作及经济安全专题复用,C:\Users\WINDOWS\OneDrive\知识库\智库信息爬虫\国际主要科技智库观点演变_研判\03_证据底稿\原文PDF\C-BRUEGEL-4D278A244F.pdf,官方PDF已保存并校验
C-BRUEGEL-4E19F539B4,bruegel,Bruegel,欧盟,2024-07-23,W3,Joint public procurement as a tool for European Union industrial policy,policy-brief,https://www.bruegel.org/policy-brief/joint-public-procurement-tool-european-union-industrial-policy,,本地原文已保存,P1-tech-geoeconomic-baseline,工业政策、产业能力与竞争力,作者/项目正式研究,Bruegel科技与中国专题库/科技产业与经济安全基线,待编码,欧洲科技创新、产业政策、关键技术、中欧竞争合作及经济安全专题复用,C:\Users\WINDOWS\OneDrive\知识库\智库信息爬虫\国际主要科技智库观点演变_研判\03_证据底稿\原文PDF\C-BRUEGEL-4E19F539B4.pdf,官方PDF已保存并校验
C-ATL-782361,atlantic-council-geotech,Atlantic Council,美国,2024-07-30,W3,Effective US government strategies to address China’s information influence,议题简报,https://www.atlanticcouncil.org/in-depth-research-reports/issue-brief/effective-us-government-strategies-to-address-chinas-information-influence/,,本地原文已保存,P0-China-tech-corpus,综合科技竞争,作者/项目政策简报,Atlantic Council涉华科技专题库,待编码,中国科技竞争、数字治理、产业链安全及美国盟友政策专题复用,C:\Users\WINDOWS\OneDrive\知识库\智库信息爬虫\国际主要科技智库观点演变_研判\03_证据底稿\原文PDF\C-ATL-782361.pdf,官方PDF已保存并校验
S-NISTEP-2024-01,nistep,National Institute of Science and Technology Policy,日本,2024-08-01,W3,Japanese Science and Technology Indicators 2024,旗舰系列,https://www.nistep.go.jp/en/wp-content/uploads/NISTEP-RM341-SummaryE.pdf,C:\Users\WINDOWS\OneDrive\知识库\智库信息爬虫\国际主要科技智库观点演变_研判\03_证据底稿\原文PDF\S-NISTEP-2024-01.pdf,官方PDF全文已保存,P0-anchor,T1;T3;T4;T10,L3,官方锚点,待编码,能力相对位置与开放科学,,
L-5DD1239AFE,merics,MERICS Industrial Policy and Technology,待回填,2024-08-08,W3,Keeping value chains at home,report,https://merics.org/en/report/keeping-value-chains-home,C:\Users\WINDOWS\OneDrive\知识库\智库信息爬虫\archive\merics\2024\价值链留在国内：中国技术外流管控及其欧洲含义_2024-08-08_MERICS.md,full_text,P0,待编码,待编码,本地近期候选,待筛选,W3近期观点与反证候选,C:\Users\WINDOWS\OneDrive\知识库\智库信息爬虫\国际主要科技智库观点演变_研判\03_证据底稿\原文PDF\L-5DD1239AFE.pdf,官方PDF已获取
C-NBR-3F5365B41F,nbr,National Bureau of Asian Research,美国,2024-08-20,W3,Assessing the Impact of AI on Indo-Pacific Elections,NBR访谈,https://www.nbr.org/publication/assessing-the-impact-of-ai-on-indo-pacific-elections/,,本地原文已保存,P0-China-tech-corpus,人工智能、芯片与算力；网络安全与数字治理；创新体系、标准与知识产权,作者访谈,NBR科技与中国专题库/含中国比较的印太技术材料/核心科技直接材料,待编码,中国科技竞争、印太技术治理、供应链安全、创新合作及区域比较专题复用,C:\Users\WINDOWS\OneDrive\知识库\智库信息爬虫\国际主要科技智库观点演变_研判\03_证据底稿\网页文本\C-NBR-3F5365B41F.txt,官方网页全文已保存
C-NBR-FCCA98C748,nbr,National Bureau of Asian Research,美国,2024-08-29,W3,China's AI Governance: Engaging the Global South,NBR访谈,https://www.nbr.org/publication/chinas-ai-governance-engaging-the-global-south/,,本地原文已保存,P0-China-tech-corpus,人工智能、芯片与算力；网络安全与数字治理；创新体系、标准与知识产权,作者访谈,NBR科技与中国专题库/直接涉华科技/核心科技直接材料,待编码,中国科技竞争、印太技术治理、供应链安全、创新合作及区域比较专题复用,C:\Users\WINDOWS\OneDrive\知识库\智库信息爬虫\国际主要科技智库观点演变_研判\03_证据底稿\网页文本\C-NBR-FCCA98C748.txt,官方网页全文已保存
C-ATL-787800,atlantic-council-geotech,Atlantic Council,美国,2024-09-04,W3,Forging the 5G future: Strategic imperatives for the US and its allies,正式研究报告,https://www.atlanticcouncil.org/in-depth-research-reports/report/forging-the-5g-future-strategic-imperatives-for-the-us-and-its-allies/,,本地原文已保存,P0-China-tech-corpus,技术供应链与出口管制,作者/项目正式研究,Atlantic Council涉华科技专题库,待编码,中国科技竞争、数字治理、产业链安全及美国盟友政策专题复用,C:\Users\WINDOWS\OneDrive\知识库\智库信息爬虫\国际主要科技智库观点演变_研判\03_证据底稿\网页文本\C-ATL-787800.txt,官方网页全文已保存
C-ATL-786928,atlantic-council-geotech,Atlantic Council,美国,2024-09-09,W3,Sharing the post carbon economy means building a resilient EV supply chain,正式研究报告,https://www.atlanticcouncil.org/in-depth-research-reports/report/sharing-the-post-carbon-economy-means-building-a-resilient-ev-supply-chain/,,本地原文已保存,P0-China-tech-corpus,技术供应链与出口管制；创新体系与产业政策,作者/项目正式研究,Atlantic Council涉华科技专题库,待编码,中国科技竞争、数字治理、产业链安全及美国盟友政策专题复用,C:\Users\WINDOWS\OneDrive\知识库\智库信息爬虫\国际主要科技智库观点演变_研判\03_证据底稿\网页文本\C-ATL-786928.txt,官方网页全文已保存
L-3EF17D7861,iiss,International Institute for Strategic Studies,待回填,2024-09-11,W3,Turkiye’s Defence-industrial Relationships with Other European States,paper,https://www.iiss.org/research-paper/2024/09/turkiyes-defence-industrial-relationships-with-other-european-states/,C:\Users\WINDOWS\OneDrive\知识库\智库信息爬虫\archive\iiss\2024\土耳其与其他欧洲国家的防务工业关系_2024-09-11_IISS.md,summary_only,P1,待编码,待编码,本地近期候选,待筛选,W3近期观点与反证候选,C:\Users\WINDOWS\OneDrive\知识库\智库信息爬虫\国际主要科技智库观点演变_研判\03_证据底稿\原文PDF\L-3EF17D7861.pdf,官方PDF已获取
C-BRUEGEL-15958C8AE0,bruegel,Bruegel,欧盟,2024-09-12,W3,A European circular single market for economic security and competitiveness,policy-brief,https://www.bruegel.org/policy-brief/european-circular-single-market-economic-security-and-competitiveness,,本地原文已保存,P1-tech-geoeconomic-baseline,供应链、技术管制与经济安全,作者/项目正式研究,Bruegel科技与中国专题库/科技产业与经济安全基线,待编码,欧洲科技创新、产业政策、关键技术、中欧竞争合作及经济安全专题复用,C:\Users\WINDOWS\OneDrive\知识库\智库信息爬虫\国际主要科技智库观点演变_研判\03_证据底稿\原文PDF\C-BRUEGEL-15958C8AE0.pdf,官方PDF已保存并校验
C-ATL-792027,atlantic-council-geotech,Atlantic Council,美国,2024-09-23,W3,Expanding the US-Japan economic security partnership: Engaging allies and partners,议题简报,https://www.atlanticcouncil.org/in-depth-research-reports/issue-brief/expanding-the-us-japan-economic-security-partnership-engaging-allies-and-partners/,,本地原文已保存,P0-China-tech-corpus,综合科技竞争,作者/项目政策简报,Atlantic Council涉华科技专题库,待编码,中国科技竞争、数字治理、产业链安全及美国盟友政策专题复用,C:\Users\WINDOWS\OneDrive\知识库\智库信息爬虫\国际主要科技智库观点演变_研判\03_证据底稿\网页文本\C-ATL-792027.txt,官方网页全文已保存
C-MERICS-2067EE9619,merics,MERICS Industrial Policy and Technology,德国,2024-10-01,W3,Growing asymmetry: Mapping the import dependencies in EU and US trade with China,MERICS研究报告,https://merics.org/en/report/growing-asymmetry-mapping-import-dependencies-eu-and-us-trade-china,,本地原文已保存,P1-tech-geoeconomic-baseline,供应链、技术管制与经济安全,作者/项目正式研究,MERICS科技与中国专题库/科技产业与经济安全基线,待编码,中国科技创新、产业政策、数字治理、供应链与欧洲对华经济安全专题复用,C:\Users\WINDOWS\OneDrive\知识库\智库信息爬虫\国际主要科技智库观点演变_研判\03_证据底稿\原文PDF\C-MERICS-2067EE9619.pdf,官方PDF已保存并校验
C-ATL-798483,atlantic-council-geotech,Atlantic Council,美国,2024-10-09,W3,End of the line: The cost of faltering reforms,正式研究报告,https://www.atlanticcouncil.org/in-depth-research-reports/report/end-of-the-line-the-cost-of-faltering-reforms/,,本地原文已保存,P0-China-tech-corpus,综合科技竞争,作者/项目正式研究,Atlantic Council涉华科技专题库,待编码,中国科技竞争、数字治理、产业链安全及美国盟友政策专题复用,C:\Users\WINDOWS\OneDrive\知识库\智库信息爬虫\国际主要科技智库观点演变_研判\03_证据底稿\原文PDF\C-ATL-798483.pdf,官方PDF已保存并校验
C-BRUEGEL-F8F38F636E,bruegel,Bruegel,欧盟,2024-10-09,W3,The tension between exploding AI investment costs and slow productivity growth,working-paper,https://www.bruegel.org/working-paper/tension-between-exploding-ai-investment-costs-and-slow-productivity-growth,,本地原文已保存,P0-core-tech,人工智能、算力与数字技术,作者/项目正式研究,Bruegel科技与中国专题库/核心科技直接材料,待编码,欧洲科技创新、产业政策、关键技术、中欧竞争合作及经济安全专题复用,C:\Users\WINDOWS\OneDrive\知识库\智库信息爬虫\国际主要科技智库观点演变_研判\03_证据底稿\原文PDF\C-BRUEGEL-F8F38F636E.pdf,官方PDF已保存并校验
C-ATL-799964,atlantic-council-geotech,Atlantic Council,美国,2024-10-18,W3,Capture the (red) flag: An inside look into China’s hacking contest ecosystem,正式研究报告,https://www.atlanticcouncil.org/in-depth-research-reports/report/capture-the-red-flag-an-inside-look-into-chinas-hacking-contest-ecosystem/,,本地原文已保存,P0-China-tech-corpus,综合科技竞争,作者/项目正式研究,Atlantic Council涉华科技专题库,待编码,中国科技竞争、数字治理、产业链安全及美国盟友政策专题复用,C:\Users\WINDOWS\OneDrive\知识库\智库信息爬虫\国际主要科技智库观点演变_研判\03_证据底稿\网页文本\C-ATL-799964.txt,官方网页全文已保存
C-BRUEGEL-F6B75ACE22,bruegel,Bruegel,欧盟,2024-10-21,W3,Catch-up with the US or prosper below the tech frontier? An EU artificial intelligence strategy,policy-brief,https://www.bruegel.org/policy-brief/catch-us-or-prosper-below-tech-frontier-eu-artificial-intelligence-strategy,,本地原文已保存,P0-core-tech,人工智能、算力与数字技术,作者/项目正式研究,Bruegel科技与中国专题库/核心科技直接材料,待编码,欧洲科技创新、产业政策、关键技术、中欧竞争合作及经济安全专题复用,C:\Users\WINDOWS\OneDrive\知识库\智库信息爬虫\国际主要科技智库观点演变_研判\03_证据底稿\原文PDF\C-BRUEGEL-F6B75ACE22.pdf,官方PDF已保存并校验
S-RAND-2024-01,rand,RAND Corporation,美国,2024-10-22,W3,The Effectiveness of U.S. Economic Policies Regarding China Pursued from 2017 to 2024,研究报告,https://www.rand.org/content/dam/rand/pubs/research_reports/RRA3000/RRA3055-1/RAND_RRA3055-1.pdf,C:\Users\WINDOWS\OneDrive\知识库\智库信息爬虫\国际主要科技智库观点演变_研判\03_证据底稿\原文PDF\S-RAND-2024-01.pdf,官方PDF全文已保存,P0-anchor,T2;T4;T5;T6;T7,L1,官方锚点,待编码,去风险政策效果评估,,
C-NBR-B4974E5676,nbr,National Bureau of Asian Research,美国,2024-10-23,W3,The U.S. International Cyberspace and Digital Policy Strategy,NBR访谈,https://www.nbr.org/publication/the-u-s-international-cyberspace-and-digital-policy-strategy/,,本地原文已保存,P0-China-tech-corpus,人工智能、芯片与算力；网络安全与数字治理；技术供应链与出口管制；创新体系、标准与知识产权,作者访谈,NBR科技与中国专题库/含中国比较的印太技术材料/核心科技直接材料,待编码,中国科技竞争、印太技术治理、供应链安全、创新合作及区域比较专题复用,C:\Users\WINDOWS\OneDrive\知识库\智库信息爬虫\国际主要科技智库观点演变_研判\03_证据底稿\网页文本\C-NBR-B4974E5676.txt,官方页面代理全文已保存
L-A354D53EAD,nistep,National Institute of Science and Technology Policy Japan,待回填,2024-10-27,W3,Digest of Japanese Science and Technology Indicators 2023,report,https://www.nistep.go.jp/en/?p=5453,C:\Users\WINDOWS\OneDrive\知识库\智库信息爬虫\archive\nistep\2024\日本科学技术指标2023摘要_2024-10-27_NISTEP.md,full_text,P1,待编码,待编码,本地近期候选,待筛选,W3近期观点与反证候选,C:\Users\WINDOWS\OneDrive\知识库\智库信息爬虫\国际主要科技智库观点演变_研判\03_证据底稿\原文PDF\L-A354D53EAD.pdf,官方PDF已获取
C-MERICS-5FE1C9C248,merics,MERICS Industrial Policy and Technology,德国,2024-10-31,W3,Profiling European countries' resilience towards China,MERICS研究报告,https://merics.org/en/report/profiling-european-countries-resilience-towards-china,,本地原文已保存,P1-tech-geoeconomic-baseline,供应链、技术管制与经济安全,作者/项目正式研究,MERICS科技与中国专题库/科技产业与经济安全基线,待编码,中国科技创新、产业政策、数字治理、供应链与欧洲对华经济安全专题复用,C:\Users\WINDOWS\OneDrive\知识库\智库信息爬虫\国际主要科技智库观点演变_研判\03_证据底稿\原文PDF\C-MERICS-3E9D1F50F6.pdf,关联既有官方PDF
C-MERICS-F38BF4477E,merics,MERICS Industrial Policy and Technology,德国,2024-10-31,W3,The Europe-China Resilience Audit: Insights for advancing European resilience,MERICS研究报告,https://merics.org/en/report/europe-china-resilience-audit-insights-advancing-eu-resilience,,本地原文已保存,P1-tech-geoeconomic-baseline,供应链、技术管制与经济安全,作者/项目正式研究,MERICS科技与中国专题库/科技产业与经济安全基线,待编码,中国科技创新、产业政策、数字治理、供应链与欧洲对华经济安全专题复用,C:\Users\WINDOWS\OneDrive\知识库\智库信息爬虫\国际主要科技智库观点演变_研判\03_证据底稿\原文PDF\C-MERICS-F38BF4477E.pdf,官方PDF已保存并校验
L-362740F48A,nistep,National Institute of Science and Technology Policy Japan,待回填,2024-11-04,W3,Digest of Japanese Science and Technology Indicators 2024,report,https://www.nistep.go.jp/en/?p=5665,C:\Users\WINDOWS\OneDrive\知识库\智库信息爬虫\archive\nistep\2024\日本科学技术指标2024摘要_2024-11-04_NISTEP.md,full_text,P1,待编码,待编码,本地近期候选,待筛选,W3近期观点与反证候选,C:\Users\WINDOWS\OneDrive\知识库\智库信息爬虫\国际主要科技智库观点演变_研判\03_证据底稿\原文PDF\S-NISTEP-2024-01.pdf,官方PDF与既有资产重复，已关联
C-BRUEGEL-915DA010B2,bruegel,Bruegel,欧盟,2024-11-20,W3,A European defence industrial strategy in a hostile world,policy-brief,https://www.bruegel.org/policy-brief/european-defence-industrial-strategy-hostile-world,,本地原文已保存,P1-tech-geoeconomic-baseline,工业政策、产业能力与竞争力,作者/项目正式研究,Bruegel科技与中国专题库/科技产业与经济安全基线,待编码,欧洲科技创新、产业政策、关键技术、中欧竞争合作及经济安全专题复用,C:\Users\WINDOWS\OneDrive\知识库\智库信息爬虫\国际主要科技智库观点演变_研判\03_证据底稿\原文PDF\C-BRUEGEL-915DA010B2.pdf,官方PDF已保存并校验
C-MERICS-66DBCAA414,merics,MERICS Industrial Policy and Technology,德国,2024-11-21,W3,China is the world’s factory – but less integrated  into the global economy than the US and Japan,MERICS研究报告,https://merics.org/en/report/china-worlds-factory-less-integrated-global-economy-us-and-japan,,本地原文已保存,P1-tech-geoeconomic-baseline,技术地缘经济与欧洲对华政策,作者/项目正式研究,MERICS科技与中国专题库/科技产业与经济安全基线,待编码,中国科技创新、产业政策、数字治理、供应链与欧洲对华经济安全专题复用,C:\Users\WINDOWS\OneDrive\知识库\智库信息爬虫\国际主要科技智库观点演变_研判\03_证据底稿\原文PDF\C-MERICS-66DBCAA414.pdf,官方PDF已保存并校验
C-BRUEGEL-468F318DEC,bruegel,Bruegel,欧盟,2024-11-27,W3,European industrial policy at a crossroads? Evidence from an expert survey,analysis,https://www.bruegel.org/analysis/european-industrial-policy-crossroads-evidence-expert-survey,,本地原文已保存,P1-tech-geoeconomic-baseline,工业政策、产业能力与竞争力,作者/项目正式研究,Bruegel科技与中国专题库/科技产业与经济安全基线,待编码,欧洲科技创新、产业政策、关键技术、中欧竞争合作及经济安全专题复用,C:\Users\WINDOWS\OneDrive\知识库\智库信息爬虫\国际主要科技智库观点演变_研判\03_证据底稿\原文PDF\C-BRUEGEL-468F318DEC.pdf,官方PDF已保存并校验
L-BB913BB698,iiss,International Institute for Strategic Studies,待回填,2024-12-02,W3,Adapting Security: The Intersection of Turkiye’s Foreign Policy and Defence Industrialisation,paper,https://www.iiss.org/research-paper/2024/06/adapting-security-the-intersection-of-turkiyes-foreign-policy-and-defence-industrialisation/,C:\Users\WINDOWS\OneDrive\知识库\智库信息爬虫\archive\iiss\2024\调适安全：土耳其外交政策与防务工业化的交汇_2024-12-02_IISS.md,summary_only,P1,待编码,待编码,本地近期候选,待筛选,W3近期观点与反证候选,C:\Users\WINDOWS\OneDrive\知识库\智库信息爬虫\国际主要科技智库观点演变_研判\03_证据底稿\原文PDF\L-BB913BB698.pdf,官方PDF已获取
C-NBR-F427CAC147,nbr,National Bureau of Asian Research,美国,2024-12-11,W3,The Indian Model for Digitalization A Blueprint for the Global South?,NBR访谈,https://www.nbr.org/publication/the-indian-model-for-digitalization-a-blueprint-for-the-global-south/,,本地原文已保存,P1-regional-tech-baseline,网络安全与数字治理；创新体系、标准与知识产权,作者访谈,NBR科技与中国专题库/区域技术基线/核心科技直接材料,待编码,中国科技竞争、印太技术治理、供应链安全、创新合作及区域比较专题复用,C:\Users\WINDOWS\OneDrive\知识库\智库信息爬虫\国际主要科技智库观点演变_研判\03_证据底稿\网页文本\C-NBR-F427CAC147.txt,官方网页全文已保存
L-3C974B43E3,merics,MERICS Industrial Policy and Technology,待回填,2024-12-12,W3,China’s long view on quantum tech has the US and EU playing catch-up,report,https://merics.org/en/report/chinas-long-view-quantum-tech-has-us-and-eu-playing-catch,C:\Users\WINDOWS\OneDrive\知识库\智库信息爬虫\archive\merics\2024\中国量子技术长期布局令美欧追赶_2024-12-12_MERICS.md,full_text,P0,待编码,待编码,本地近期候选,待筛选,W3近期观点与反证候选,C:\Users\WINDOWS\OneDrive\知识库\智库信息爬虫\国际主要科技智库观点演变_研判\03_证据底稿\原文PDF\L-3C974B43E3.pdf,官方PDF已获取
C-BRUEGEL-A413FD599A,bruegel,Bruegel,欧盟,2024-12-18,W3,The US defence industrial base can no longer reliably supply Europe,analysis,https://www.bruegel.org/analysis/us-defence-industrial-base-can-no-longer-reliably-supply-europe,,本地原文已保存,P1-tech-geoeconomic-baseline,工业政策、产业能力与竞争力,作者/项目正式研究,Bruegel科技与中国专题库/科技产业与经济安全基线,待编码,欧洲科技创新、产业政策、关键技术、中欧竞争合作及经济安全专题复用,C:\Users\WINDOWS\OneDrive\知识库\智库信息爬虫\国际主要科技智库观点演变_研判\03_证据底稿\原文PDF\C-BRUEGEL-A413FD599A.pdf,官方PDF已保存并校验
C-NBR-956430F335,nbr,National Bureau of Asian Research,美国,2025-01-09,W3,Charting China’s Export Controls Predicting Impacts on Critical U.S. Supply Chains,NBR研究报告,https://www.nbr.org/publication/charting-chinas-export-controls-predicting-impacts-on-critical-u-s-supply-chains/,,本地原文已保存,P0-China-tech-corpus,人工智能、芯片与算力；网络安全与数字治理；技术供应链与出口管制；创新体系、标准与知识产权；生物、量子及其他前沿技术,作者/项目正式研究,NBR科技与中国专题库/直接涉华科技/核心科技直接材料,待编码,中国科技竞争、印太技术治理、供应链安全、创新合作及区域比较专题复用,C:\Users\WINDOWS\OneDrive\知识库\智库信息爬虫\国际主要科技智库观点演变_研判\03_证据底稿\原文PDF\C-NBR-956430F335.pdf,官方PDF已保存并校验
L-B4FE30155A,cnas-tech,CNAS Technology and National Security,待回填,2025-01-15,W3,Biopower,report,https://www.cnas.org/publications/reports/biopower,C:\Users\WINDOWS\OneDrive\知识库\智库信息爬虫\archive\cnas-tech\2025\生物经济实力：美国巩固生物技术领导力的政策议程_2025-01-15_CNAS-TECH.md,full_text,P1,待编码,待编码,本地近期候选,待筛选,W3近期观点与反证候选,C:\Users\WINDOWS\OneDrive\知识库\智库信息爬虫\国际主要科技智库观点演变_研判\03_证据底稿\原文PDF\L-B4FE30155A.pdf,官方PDF已获取
C-NBR-BF9F0F4E75,nbr,National Bureau of Asian Research,美国,2025-01-20,W3,U.S.-Japan Economic and Technology Security Cooperation,NBR圆桌论文,https://www.nbr.org/publication/u-s-japan-economic-and-technology-security-cooperation/,,本地原文已保存,P1-regional-tech-baseline,人工智能、芯片与算力；技术供应链与出口管制；创新体系、标准与知识产权,作者/项目正式研究,NBR科技与中国专题库/区域技术基线/核心科技直接材料,待编码,中国科技竞争、印太技术治理、供应链安全、创新合作及区域比较专题复用,C:\Users\WINDOWS\OneDrive\知识库\智库信息爬虫\国际主要科技智库观点演变_研判\03_证据底稿\网页文本\C-NBR-BF9F0F4E75.txt,官方网页全文已保存
C-NBR-DACB5B6314,nbr,National Bureau of Asian Research,美国,2025-01-23,W3,Pathways for U.S.-ROK-Japan Cooperation Strengthening Trilateral Ties amid Uncertainty,NBR圆桌论文,https://www.nbr.org/publication/pathways-for-u-s-rok-japan-cooperation-strengthening-trilateral-ties-amid-uncertainty/,,本地原文已保存,P0-China-tech-corpus,网络安全与数字治理；技术供应链与出口管制；创新体系、标准与知识产权,作者/项目正式研究,NBR科技与中国专题库/含中国比较的印太技术材料/科技地缘经济基线,待编码,中国科技竞争、印太技术治理、供应链安全、创新合作及区域比较专题复用,C:\Users\WINDOWS\OneDrive\知识库\智库信息爬虫\国际主要科技智库观点演变_研判\03_证据底稿\网页文本\C-NBR-DACB5B6314.txt,官方网页全文已保存
C-BEL-EB0689FAEA,belfer,Belfer Center for Science and International Affairs,美国,2025-02-03,W3,"The Autonomous Arsenal in Defense of Taiwan: Technology, Law, and Policy of the Replicator Initiative",研究报告与论文,https://www.belfercenter.org/replicator-autonomous-weapons-taiwan,,本地原文已保存,P0-China-tech-corpus,人工智能、芯片与算力；网络安全与数字治理；技术供应链与出口管制；创新体系与产业政策；国防、航天与无人系统；生物、量子及其他前沿技术,作者/项目正式研究,Belfer涉华科技专题库,待编码,中美科技竞争、数字安全、创新政策、能源技术及国防前沿技术专题复用,C:\Users\WINDOWS\OneDrive\知识库\智库信息爬虫\国际主要科技智库观点演变_研判\03_证据底稿\原文PDF\C-BEL-EB0689FAEA.pdf,官方PDF已保存并校验
C-ATL-820069,atlantic-council-geotech,Atlantic Council,美国,2025-02-12,W3,The Global Foresight 2025 survey: Full results,Atlantic Council战略论文,https://www.atlanticcouncil.org/content-series/atlantic-council-strategy-paper-series/the-global-foresight-2025-survey-full-results/,,本地原文已保存,P0-China-tech-corpus,综合科技竞争,作者/项目正式研究,Atlantic Council涉华科技专题库,待编码,中国科技竞争、数字治理、产业链安全及美国盟友政策专题复用,C:\Users\WINDOWS\OneDrive\知识库\智库信息爬虫\国际主要科技智库观点演变_研判\03_证据底稿\网页文本\C-ATL-820069.txt,官方网页全文已保存
C-ATL-821601,atlantic-council-geotech,Atlantic Council,美国,2025-02-12,W3,"Welcome to 2035: What the world could look like in ten years, according to more than 350 experts",Atlantic Council战略论文,https://www.atlanticcouncil.org/content-series/atlantic-council-strategy-paper-series/welcome-to-2035/,,本地原文已保存,P0-China-tech-corpus,综合科技竞争,作者/项目正式研究,Atlantic Council涉华科技专题库,待编码,中国科技竞争、数字治理、产业链安全及美国盟友政策专题复用,C:\Users\WINDOWS\OneDrive\知识库\智库信息爬虫\国际主要科技智库观点演变_研判\03_证据底稿\网页文本\C-ATL-821601.txt,官方网页全文已保存
C-ATL-821694,atlantic-council-geotech,Atlantic Council,美国,2025-02-12,W3,Three worlds in 2035: Imagining scenarios for how the world could be transformed over the next decade,Atlantic Council战略论文,https://www.atlanticcouncil.org/content-series/atlantic-council-strategy-paper-series/three-worlds-in-2035/,,本地原文已保存,P0-China-tech-corpus,综合科技竞争,作者/项目正式研究,Atlantic Council涉华科技专题库,待编码,中国科技竞争、数字治理、产业链安全及美国盟友政策专题复用,C:\Users\WINDOWS\OneDrive\知识库\智库信息爬虫\国际主要科技智库观点演变_研判\03_证据底稿\网页文本\C-ATL-821694.txt,官方网页全文已保存
L-AAF4998A2F,iiss,International Institute for Strategic Studies,待回填,2025-02-20,W3,The Security Implications of Developments in Biotechnology,research_report,https://www.iiss.org/research-paper/2025/02/the-security-implications-of-developments-in-biotechnology/,C:\Users\WINDOWS\OneDrive\知识库\智库信息爬虫\archive\iiss\2025\生物技术发展的安全影响_2025-02-20_IISS.md,summary_only,P1,待编码,待编码,本地近期候选,待筛选,W3近期观点与反证候选,C:\Users\WINDOWS\OneDrive\知识库\智库信息爬虫\国际主要科技智库观点演变_研判\03_证据底稿\原文PDF\L-AAF4998A2F.pdf,官方PDF已获取
S-CEIP-2025-01,carnegie-tech,Carnegie Endowment for International Peace,美国,2025-02-26,W3,How the U.S. Can Stop Losing the Race for Clean Energy,任务组报告,https://carnegieendowment.org/research/2025/02/how-the-us-can-stop-losing-the-race-for-clean-energy,C:\Users\WINDOWS\OneDrive\知识库\智库信息爬虫\国际主要科技智库观点演变_研判\03_证据底稿\原文PDF\S-CEIP-2025-01.pdf,官方PDF全文已保存,P0-anchor,T1;T2;T4;T5;T6,L2,官方锚点,待编码,产业政策与伙伴组合,,
C-NBR-2E0A7F36E0,nbr,National Bureau of Asian Research,美国,2025-02-27,W3,U.S.-Japan Technology and Economic Security Achieving Resilience in an Era of Disruption,NBR研究报告,https://www.nbr.org/publication/us-japan-technology-and-economic-security-achieving-resilience-in-an-era-of-disruption/,,本地原文已保存,P0-China-tech-corpus,人工智能、芯片与算力；网络安全与数字治理；技术供应链与出口管制；创新体系、标准与知识产权；生物、量子及其他前沿技术,作者/项目正式研究,NBR科技与中国专题库/含中国比较的印太技术材料/核心科技直接材料,待编码,中国科技竞争、印太技术治理、供应链安全、创新合作及区域比较专题复用,C:\Users\WINDOWS\OneDrive\知识库\智库信息爬虫\国际主要科技智库观点演变_研判\03_证据底稿\原文PDF\C-NBR-2E0A7F36E0.pdf,官方PDF已保存并校验
S-CRDS-2025-01,jst-crds,JST Center for Research and Development Strategy,日本,2025-03-01,W3,New Trends in Science and Technology Innovation Policy from the Perspective of Science and Technology Diplomacy,研究报告,https://www.jst.go.jp/crds/pdf/en/CRDS-FY2024-RR-14_EN.pdf,C:\Users\WINDOWS\OneDrive\知识库\智库信息爬虫\国际主要科技智库观点演变_研判\03_证据底稿\原文PDF\S-CRDS-2025-01.pdf,官方PDF全文已保存,P0-anchor,T4;T5;T7;T10,L3,官方锚点,待编码,科技外交与经济安全,,
C-NBR-F419648171,nbr,National Bureau of Asian Research,美国,2025-03-12,W3,"U.S.-ROK Tech Cooperation: Batteries, Biotech, and Quantum Technologies",NBR研究报告,https://www.nbr.org/publication/u-s-rok-tech-cooperation-batteries-biotech-and-quantum-technologies/,,本地原文已保存,P0-China-tech-corpus,人工智能、芯片与算力；网络安全与数字治理；技术供应链与出口管制；创新体系、标准与知识产权；生物、量子及其他前沿技术,作者/项目正式研究,NBR科技与中国专题库/含中国比较的印太技术材料/核心科技直接材料,待编码,中国科技竞争、印太技术治理、供应链安全、创新合作及区域比较专题复用,C:\Users\WINDOWS\OneDrive\知识库\智库信息爬虫\国际主要科技智库观点演变_研判\03_证据底稿\原文PDF\C-NBR-F419648171.pdf,官方PDF已保存并校验
C-BEL-9A478150BE,belfer,Belfer Center for Science and International Affairs,美国,2025-03-14,W3,Beyond Rhetoric: The Enduring Political Appeal of U.S. Industrial Policy for Critical and Strategic Technologies,研究报告与论文,https://www.belfercenter.org/research-analysis/beyond-rhetoric-us-industrial-policy,,本地原文已保存,P0-China-tech-corpus,人工智能、芯片与算力；网络安全与数字治理；技术供应链与出口管制；创新体系与产业政策；国防、航天与无人系统,作者/项目正式研究,Belfer涉华科技专题库,待编码,中美科技竞争、数字安全、创新政策、能源技术及国防前沿技术专题复用,C:\Users\WINDOWS\OneDrive\知识库\智库信息爬虫\国际主要科技智库观点演变_研判\03_证据底稿\原文PDF\C-BEL-9A478150BE.pdf,官方PDF已保存并校验
C-BRUEGEL-10F214597E,bruegel,Bruegel,欧盟,2025-03-20,W3,How DeepSeek has changed artificial intelligence and what it means for Europe,policy-brief,https://www.bruegel.org/policy-brief/how-deepseek-has-changed-artificial-intelligence-and-what-it-means-europe,,本地原文已保存,P0-core-tech,人工智能、算力与数字技术；芯片、关键技术与科研创新,作者/项目正式研究,Bruegel科技与中国专题库/核心科技直接材料,待编码,欧洲科技创新、产业政策、关键技术、中欧竞争合作及经济安全专题复用,C:\Users\WINDOWS\OneDrive\知识库\智库信息爬虫\国际主要科技智库观点演变_研判\03_证据底稿\原文PDF\C-BRUEGEL-4D278A244F.pdf,关联既有官方PDF
C-ATL-833987,atlantic-council-geotech,Atlantic Council,美国,2025-03-21,W3,"To win the AI race, the US needs an all-of-the-above energy strategy",议题简报,https://www.atlanticcouncil.org/in-depth-research-reports/issue-brief/to-win-the-ai-race-the-us-needs-an-all-of-the-above-energy-strategy/,,本地原文已保存,P0-China-tech-corpus,人工智能、芯片与算力,作者/项目政策简报,Atlantic Council涉华科技专题库,待编码,中国科技竞争、数字治理、产业链安全及美国盟友政策专题复用,C:\Users\WINDOWS\OneDrive\知识库\智库信息爬虫\国际主要科技智库观点演变_研判\03_证据底稿\原文PDF\C-ATL-833987.pdf,官方PDF已保存并校验
C-ATL-835739,atlantic-council-geotech,Atlantic Council,美国,2025-03-27,W3,Canada needs an economic statecraft strategy to address its vulnerabilities,议题简报,https://www.atlanticcouncil.org/in-depth-research-reports/issue-brief/canada-needs-an-economic-statecraft-strategy-to-address-its-vulnerabilities/,,本地原文已保存,P0-China-tech-corpus,综合科技竞争,作者/项目政策简报,Atlantic Council涉华科技专题库,待编码,中国科技竞争、数字治理、产业链安全及美国盟友政策专题复用,C:\Users\WINDOWS\OneDrive\知识库\智库信息爬虫\国际主要科技智库观点演变_研判\03_证据底稿\网页文本\C-ATL-835739.txt,官方网页全文已保存
C-MERICS-09B0D46381,merics,MERICS Industrial Policy and Technology,德国,2025-04-01,W3,Beyond overcapacity: Chinese-style modernization and the clash of economic models,MERICS研究报告,https://merics.org/en/report/beyond-overcapacity-chinese-style-modernization-and-clash-economic-models,,本地原文已保存,P1-tech-geoeconomic-baseline,供应链、技术管制与经济安全,作者/项目正式研究,MERICS科技与中国专题库/科技产业与经济安全基线,待编码,中国科技创新、产业政策、数字治理、供应链与欧洲对华经济安全专题复用,C:\Users\WINDOWS\OneDrive\知识库\智库信息爬虫\国际主要科技智库观点演变_研判\03_证据底稿\原文PDF\C-MERICS-09B0D46381.pdf,官方PDF已保存并校验
C-ATL-840674,atlantic-council-geotech,Atlantic Council,美国,2025-04-16,W3,Navigating the US-PRC tech competition in the Global South,正式研究报告,https://www.atlanticcouncil.org/in-depth-research-reports/report/navigating-the-us-prc-tech-competition-in-the-global-south/,,本地原文已保存,P0-China-tech-corpus,综合科技竞争,作者/项目正式研究,Atlantic Council涉华科技专题库,待编码,中国科技竞争、数字治理、产业链安全及美国盟友政策专题复用,C:\Users\WINDOWS\OneDrive\知识库\智库信息爬虫\国际主要科技智库观点演变_研判\03_证据底稿\网页文本\C-ATL-840674.txt,官方网页全文已保存
L-14BD21CB11,iiss,International Institute for Strategic Studies,待回填,2025-04-21,W3,On The Outside Looking In: Turkiye’s Peripheral Role in European Defence-industrial Collaboration Since the End of the Cold War,paper,https://www.iiss.org/research-paper/2024/07/on-the-outside-looking-in-turkiyes-peripheral-role-in-european-defence-industrial-collaboration-since-the-end-of-the-cold-war/,C:\Users\WINDOWS\OneDrive\知识库\智库信息爬虫\archive\iiss\2025\局外旁观：冷战后土耳其在欧洲防务工业合作中的边缘角色_2025-04-21_IISS.md,summary_only,P1,待编码,待编码,本地近期候选,待筛选,W3近期观点与反证候选,C:\Users\WINDOWS\OneDrive\知识库\智库信息爬虫\国际主要科技智库观点演变_研判\03_证据底稿\原文PDF\L-14BD21CB11.pdf,官方PDF已获取
C-ATL-842387,atlantic-council-geotech,Atlantic Council,美国,2025-04-24,W3,"Defending Taiwan means mobilizing society, not just the military",议题简报,https://www.atlanticcouncil.org/in-depth-research-reports/issue-brief/defending-taiwan-means-mobilizing-society-not-just-the-military/,,本地原文已保存,P0-China-tech-corpus,综合科技竞争,作者/项目政策简报,Atlantic Council涉华科技专题库,待编码,中国科技竞争、数字治理、产业链安全及美国盟友政策专题复用,C:\Users\WINDOWS\OneDrive\知识库\智库信息爬虫\国际主要科技智库观点演变_研判\03_证据底稿\原文PDF\C-ATL-776535.pdf,关联既有官方PDF
C-MERICS-29FE461F7E,merics,MERICS Industrial Policy and Technology,德国,2025-04-24,W3,"Lab leader, market ascender: China's rise in biotechnology",MERICS研究报告,https://merics.org/en/report/lab-leader-market-ascender-chinas-rise-biotechnology,,本地原文已保存,P0-China-tech-corpus,生物、量子、航天与绿色技术；创新体系、科研与技术人才,作者/项目正式研究,MERICS科技与中国专题库/核心科技直接材料,待编码,中国科技创新、产业政策、数字治理、供应链与欧洲对华经济安全专题复用,C:\Users\WINDOWS\OneDrive\知识库\智库信息爬虫\国际主要科技智库观点演变_研判\03_证据底稿\原文PDF\C-MERICS-29FE461F7E.pdf,官方PDF已保存并校验
L-89A523CA53,orf-america,ORF America Technology Policy,待回填,2025-05-13,W3,A Blueprint to Advance the U.S.-India Energy Security Partnership,report,https://orfamerica.org/newresearch/a-blueprint-to-advance-the-us-india-energy-security-partnership,C:\Users\WINDOWS\OneDrive\知识库\智库信息爬虫\archive\orf-america\2025\推进美印能源安全伙伴关系的蓝图_2025-05-13_ORF-AMERICA.md,full_text,P1,待编码,待编码,本地近期候选,待筛选,W3近期观点与反证候选,C:\Users\WINDOWS\OneDrive\知识库\智库信息爬虫\国际主要科技智库观点演变_研判\03_证据底稿\原文PDF\L-89A523CA53.pdf,官方PDF已获取
C-BRUEGEL-9F2FAE19D5,bruegel,Bruegel,欧盟,2025-05-20,W3,"Radical novelties in critical technologies and spillovers: how do China, the US and the EU fare?",working-paper,https://www.bruegel.org/working-paper/radical-novelties-critical-technologies-and-spillovers-how-do-china-us-and-eu-fare,,本地原文已保存,P0-China-tech-corpus,人工智能、算力与数字技术；芯片、关键技术与科研创新；中国科技能力与中欧竞争合作,作者/项目正式研究,Bruegel科技与中国专题库/核心科技直接材料,待编码,欧洲科技创新、产业政策、关键技术、中欧竞争合作及经济安全专题复用,C:\Users\WINDOWS\OneDrive\知识库\智库信息爬虫\国际主要科技智库观点演变_研判\03_证据底稿\原文PDF\C-BRUEGEL-9F2FAE19D5.pdf,官方PDF已保存并校验
L-07C35ABE00,cset,Center for Security and Emerging Technology,待回填,2025-05-20,W3,"AI Ethics and Governance in the Job Market: Trends, Skills, and Sectoral Demand",report,https://cset.georgetown.edu/publication/ai-ethics-and-governance-in-the-job-market-trends-skills-and-sectoral-demand/,C:\Users\WINDOWS\OneDrive\知识库\智库信息爬虫\archive\cset\2025\就业市场中的AI伦理与治理：趋势、技能与行业需求_2025-05-20_CSET.md,full_text,P0,待编码,待编码,本地近期候选,待筛选,W3近期观点与反证候选,C:\Users\WINDOWS\OneDrive\知识库\智库信息爬虫\国际主要科技智库观点演变_研判\03_证据底稿\原文PDF\L-07C35ABE00.pdf,官方PDF已获取
L-D78EF148CA,merics,MERICS Industrial Policy and Technology,待回填,2025-05-21,W3,Chinese investment rebounds despite growing frictions - Chinese FDI in Europe: 2024 Update,report,https://merics.org/en/report/chinese-investment-rebounds-despite-growing-frictions-chinese-fdi-europe-2024-update,C:\Users\WINDOWS\OneDrive\知识库\智库信息爬虫\archive\merics\2025\中国对欧投资在摩擦中反弹：2024年中国对欧FDI更新_2025-05-21_MERICS.md,full_text,P0,待编码,待编码,本地近期候选,待筛选,W3近期观点与反证候选,C:\Users\WINDOWS\OneDrive\知识库\智库信息爬虫\国际主要科技智库观点演变_研判\03_证据底稿\原文PDF\L-D78EF148CA.pdf,官方PDF已获取
C-BRUEGEL-C687C8C1B4,bruegel,Bruegel,欧盟,2025-05-22,W3,"Which companies are ahead in frontier innovation on critical technologies? Comparing China, the European Union and the United States",working-paper,https://www.bruegel.org/working-paper/which-companies-are-ahead-frontier-innovation-critical-technologies-comparing-china,,本地原文已保存,P0-China-tech-corpus,人工智能、算力与数字技术；芯片、关键技术与科研创新；中国科技能力与中欧竞争合作,作者/项目正式研究,Bruegel科技与中国专题库/核心科技直接材料,待编码,欧洲科技创新、产业政策、关键技术、中欧竞争合作及经济安全专题复用,C:\Users\WINDOWS\OneDrive\知识库\智库信息爬虫\国际主要科技智库观点演变_研判\03_证据底稿\原文PDF\C-BRUEGEL-C687C8C1B4.pdf,官方PDF已保存并校验
L-E61F499888,cnas-tech,CNAS Technology and National Security,待回填,2025-05-28,W3,Atomic Advantage,report,https://www.cnas.org/publications/reports/atomic-advantage,C:\Users\WINDOWS\OneDrive\知识库\智库信息爬虫\archive\cnas-tech\2025\量子优势：下一代定位导航授时的量子传感路线_2025-05-28_CNAS-TECH.md,full_text,P1,待编码,待编码,本地近期候选,待筛选,W3近期观点与反证候选,C:\Users\WINDOWS\OneDrive\知识库\智库信息爬虫\国际主要科技智库观点演变_研判\03_证据底稿\原文PDF\L-E61F499888.pdf,官方PDF已获取
C-BRUEGEL-4BA7E3131D,bruegel,Bruegel,欧盟,2025-06-05,W3,Transatlantic clean investment monitor 4: electric vehicles,analysis,https://www.bruegel.org/analysis/transatlantic-clean-investment-monitor-4-electric-vehicles,,本地原文已保存,P1-tech-geoeconomic-baseline,清洁技术、能源与绿色产业,作者/项目正式研究,Bruegel科技与中国专题库/科技产业与经济安全基线,待编码,欧洲科技创新、产业政策、关键技术、中欧竞争合作及经济安全专题复用,C:\Users\WINDOWS\OneDrive\知识库\智库信息爬虫\国际主要科技智库观点演变_研判\03_证据底稿\原文PDF\C-BRUEGEL-4BA7E3131D.pdf,官方PDF已保存并校验
C-ATL-848735,atlantic-council-geotech,Atlantic Council,美国,2025-06-11,W3,Reprogramming the future: The specialized semiconductors reshaping the global supply chain,议题简报,https://www.atlanticcouncil.org/in-depth-research-reports/issue-brief/reprogramming-the-future-the-specialized-semiconductors-reshaping-the-global-supply-chain/,,本地原文已保存,P0-China-tech-corpus,人工智能、芯片与算力；技术供应链与出口管制,作者/项目政策简报,Atlantic Council涉华科技专题库,待编码,中国科技竞争、数字治理、产业链安全及美国盟友政策专题复用,C:\Users\WINDOWS\OneDrive\知识库\智库信息爬虫\国际主要科技智库观点演变_研判\03_证据底稿\网页文本\C-ATL-848735.txt,官方网页全文已保存
C-NBR-B7618400B3,nbr,National Bureau of Asian Research,美国,2025-06-12,W3,Safeguarding U.S. Companies from Unfair South Korean Competition Policies,NBR政策简报,https://www.nbr.org/publication/safeguarding-u-s-companies-from-unfair-south-korean-competition-policies/,,本地原文已保存,P1-regional-tech-baseline,人工智能、芯片与算力；网络安全与数字治理；创新体系、标准与知识产权,作者/项目正式研究,NBR科技与中国专题库/区域技术基线/科技地缘经济基线,待编码,中国科技竞争、印太技术治理、供应链安全、创新合作及区域比较专题复用,C:\Users\WINDOWS\OneDrive\知识库\智库信息爬虫\国际主要科技智库观点演变_研判\03_证据底稿\网页文本\C-NBR-B7618400B3.txt,官方页面代理全文已保存
C-ATL-851573,atlantic-council-geotech,Atlantic Council,美国,2025-06-13,W3,Mapping China’s strategy for rare earths dominance,议题简报,https://www.atlanticcouncil.org/in-depth-research-reports/issue-brief/mapping-chinas-strategy-for-rare-earths-dominance/,,本地原文已保存,P0-China-tech-corpus,技术供应链与出口管制,作者/项目政策简报,Atlantic Council涉华科技专题库,待编码,中国科技竞争、数字治理、产业链安全及美国盟友政策专题复用,C:\Users\WINDOWS\OneDrive\知识库\智库信息爬虫\国际主要科技智库观点演变_研判\03_证据底稿\原文PDF\C-ATL-851573.pdf,官方PDF已保存并校验
C-BRUEGEL-3D347F526A,bruegel,Bruegel,欧盟,2025-06-20,W3,Fit for war by 2030? European rearmament vis-a-vis Russia lagging in numbers and technologies,report,https://www.bruegel.org/report/fit-war-2030-european-rearmament-vis-vis-russia-lagging-numbers-and-technologies,,本地原文已保存,P1-tech-geoeconomic-baseline,工业政策、产业能力与竞争力,作者/项目正式研究,Bruegel科技与中国专题库/科技产业与经济安全基线,待编码,欧洲科技创新、产业政策、关键技术、中欧竞争合作及经济安全专题复用,C:\Users\WINDOWS\OneDrive\知识库\智库信息爬虫\国际主要科技智库观点演变_研判\03_证据底稿\原文PDF\C-BRUEGEL-3D347F526A.pdf,官方PDF已保存并校验
C-BEL-63B46FF729,belfer,Belfer Center for Science and International Affairs,美国,2025-06-23,W3,Cutting Through Narratives on Chinese Arctic Investments,政策简报,https://www.belfercenter.org/research-analysis/china-arctic-investments,,本地原文已保存,P0-China-tech-corpus,人工智能、芯片与算力；网络安全与数字治理；技术供应链与出口管制；国防、航天与无人系统,作者/项目正式研究,Belfer涉华科技专题库,待编码,中美科技竞争、数字安全、创新政策、能源技术及国防前沿技术专题复用,C:\Users\WINDOWS\OneDrive\知识库\智库信息爬虫\国际主要科技智库观点演变_研判\03_证据底稿\原文PDF\C-BEL-63B46FF729.pdf,官方PDF已保存并校验
L-91429813C1,merics,MERICS Industrial Policy and Technology,待回填,2025-06-24,W3,The trade-offs of innovating in China in times of global technology rivalry,report,https://merics.org/en/report/trade-offs-innovating-china-times-global-technology-rivalry,C:\Users\WINDOWS\OneDrive\知识库\智库信息爬虫\archive\merics\2025\全球技术竞争下在华创新的取舍_2025-06-24_MERICS.md,full_text,P0,待编码,待编码,本地近期候选,待筛选,W3近期观点与反证候选,C:\Users\WINDOWS\OneDrive\知识库\智库信息爬虫\国际主要科技智库观点演变_研判\03_证据底稿\原文PDF\L-91429813C1.pdf,官方PDF已获取
C-ATL-823804,atlantic-council-geotech,Atlantic Council,美国,2025-06-25,W3,Crash (exploit) and burn: Securing the offensive cyber supply chain to counter China in cyberspace,正式研究报告,https://www.atlanticcouncil.org/in-depth-research-reports/report/crash-exploit-and-burn/,,本地原文已保存,P0-China-tech-corpus,网络安全与数字治理；技术供应链与出口管制,作者/项目正式研究,Atlantic Council涉华科技专题库,待编码,中国科技竞争、数字治理、产业链安全及美国盟友政策专题复用,C:\Users\WINDOWS\OneDrive\知识库\智库信息爬虫\国际主要科技智库观点演变_研判\03_证据底稿\原文PDF\C-ATL-823804.pdf,官方PDF已保存并校验
L-0058448186,merics,MERICS Industrial Policy and Technology,待回填,2025-06-26,W3,Quest for strategic autonomy? Europe grapples with the US-China rivalry,report,https://merics.org/en/report/quest-strategic-autonomy-europe-grapples-us-china-rivalry,C:\Users\WINDOWS\OneDrive\知识库\智库信息爬虫\archive\merics\2025\追寻战略自主？欧洲应对美中竞争_2025-06-26_MERICS.md,full_text,P0,待编码,待编码,本地近期候选,待筛选,W3近期观点与反证候选,C:\Users\WINDOWS\OneDrive\知识库\智库信息爬虫\国际主要科技智库观点演变_研判\03_证据底稿\原文PDF\L-0058448186.pdf,官方PDF已获取
C-NBR-7B0A3CFD84,nbr,National Bureau of Asian Research,美国,2025-06-27,W3,China’s Economic Slowdown and Its Impact on Trading Partners,NBR研究报告,https://www.nbr.org/publication/chinas-economic-slowdown-and-its-impact-on-trading-partners/,,本地原文已保存,P0-China-tech-corpus,人工智能、芯片与算力；网络安全与数字治理；技术供应链与出口管制；创新体系、标准与知识产权；生物、量子及其他前沿技术,作者/项目正式研究,NBR科技与中国专题库/直接涉华科技/科技地缘经济基线,待编码,中国科技竞争、印太技术治理、供应链安全、创新合作及区域比较专题复用,C:\Users\WINDOWS\OneDrive\知识库\智库信息爬虫\国际主要科技智库观点演变_研判\03_证据底稿\原文PDF\C-NBR-7B0A3CFD84.pdf,官方PDF已保存并校验
C-BRUEGEL-E353F75BA2,bruegel,Bruegel,欧盟,2025-07-16,W3,A smart European strategy for electric vehicle investment from China,policy-brief,https://www.bruegel.org/policy-brief/smart-european-strategy-electric-vehicle-investment-china,,本地原文已保存,P0-China-tech-corpus,清洁技术、能源与绿色产业；中国科技能力与中欧竞争合作,作者/项目正式研究,Bruegel科技与中国专题库/科技产业与经济安全基线,待编码,欧洲科技创新、产业政策、关键技术、中欧竞争合作及经济安全专题复用,C:\Users\WINDOWS\OneDrive\知识库\智库信息爬虫\国际主要科技智库观点演变_研判\03_证据底稿\原文PDF\C-BRUEGEL-E353F75BA2.pdf,官方PDF已保存并校验
L-A62A2C0008,merics,MERICS Industrial Policy and Technology,待回填,2025-07-22,W3,China’s drive toward self-reliance in artificial intelligence: from chips to large language models,report,https://merics.org/en/report/chinas-drive-toward-self-reliance-artificial-intelligence-chips-large-language-models,C:\Users\WINDOWS\OneDrive\知识库\智库信息爬虫\archive\merics\2025\中国人工智能自立进程：从芯片到大语言模型_2025-07-22_MERICS.md,full_text,P0,待编码,待编码,本地近期候选,待筛选,W3近期观点与反证候选,C:\Users\WINDOWS\OneDrive\知识库\智库信息爬虫\国际主要科技智库观点演变_研判\03_证据底稿\原文PDF\L-A62A2C0008.pdf,官方PDF已获取
C-BEL-2DBC6C6564,belfer,Belfer Center for Science and International Affairs,美国,2025-07-23,W3,"Emerging Tech & American Isolationism: Consequences for AI, Drone, and Space Launch Technologies",研究报告与论文,https://www.belfercenter.org/research-analysis/emerging-tech-american-isolationism-consequences-ai-drone-and-space-launch,,本地原文已保存,P0-China-tech-corpus,人工智能、芯片与算力；网络安全与数字治理；技术供应链与出口管制；创新体系与产业政策；国防、航天与无人系统,作者/项目正式研究,Belfer涉华科技专题库,待编码,中美科技竞争、数字安全、创新政策、能源技术及国防前沿技术专题复用,C:\Users\WINDOWS\OneDrive\知识库\智库信息爬虫\国际主要科技智库观点演变_研判\03_证据底稿\原文PDF\C-BEL-2DBC6C6564.pdf,官方PDF已保存并校验
C-ATL-860637,atlantic-council-geotech,Atlantic Council,美国,2025-07-30,W3,"To secure reprogrammable chips, the US must address supply chain risks",正式研究报告,https://www.atlanticcouncil.org/in-depth-research-reports/report/to-secure-reprogrammable-chips-the-us-must-address-supply-chain-risks/,,本地原文已保存,P0-China-tech-corpus,人工智能、芯片与算力；技术供应链与出口管制,作者/项目正式研究,Atlantic Council涉华科技专题库,待编码,中国科技竞争、数字治理、产业链安全及美国盟友政策专题复用,C:\Users\WINDOWS\OneDrive\知识库\智库信息爬虫\国际主要科技智库观点演变_研判\03_证据底稿\原文PDF\C-ATL-860637.pdf,官方PDF已保存并校验
C-ATL-863070,atlantic-council-geotech,Atlantic Council,美国,2025-07-30,W3,The journey of reprogrammable semiconductors through their supply chain,正式研究报告,https://www.atlanticcouncil.org/in-depth-research-reports/report/the-journey-of-reprogrammable-semiconductors-through-their-supply-chain/,,本地原文已保存,P0-China-tech-corpus,人工智能、芯片与算力；技术供应链与出口管制,作者/项目正式研究,Atlantic Council涉华科技专题库,待编码,中国科技竞争、数字治理、产业链安全及美国盟友政策专题复用,C:\Users\WINDOWS\OneDrive\知识库\智库信息爬虫\国际主要科技智库观点演变_研判\03_证据底稿\网页文本\C-ATL-863070.txt,官方网页全文已保存
C-BRUEGEL-9FD2A031ED,bruegel,Bruegel,欧盟,2025-08-18,W3,How is innovation competition exacerbating global overcapacity?,analysis,https://www.bruegel.org/analysis/how-innovation-competition-exacerbating-global-overcapacity,,本地原文已保存,P0-core-tech,芯片、关键技术与科研创新,作者/项目正式研究,Bruegel科技与中国专题库/核心科技直接材料,待编码,欧洲科技创新、产业政策、关键技术、中欧竞争合作及经济安全专题复用,C:\Users\WINDOWS\OneDrive\知识库\智库信息爬虫\国际主要科技智库观点演变_研判\03_证据底稿\原文PDF\C-BRUEGEL-C687C8C1B4.pdf,关联既有官方PDF
L-1E4A260C82,cset,Center for Security and Emerging Technology,待回填,2025-09-02,W3,Pulling Back the Curtain on China’s Military-Civil Fusion,report,https://cset.georgetown.edu/publication/pulling-back-the-curtain-on-chinas-military-civil-fusion/,C:\Users\WINDOWS\OneDrive\知识库\智库信息爬虫\archive\cset\2025\揭开中国军民融合的帷幕_2025-09-02_CSET.md,full_text,P0,待编码,待编码,本地近期候选,待筛选,W3近期观点与反证候选,C:\Users\WINDOWS\OneDrive\知识库\智库信息爬虫\国际主要科技智库观点演变_研判\03_证据底稿\原文PDF\L-1E4A260C82.pdf,官方PDF已获取
C-NBR-2A7A65AC02,nbr,National Bureau of Asian Research,美国,2025-09-04,W3,Charting ASEAN’s Path to AI Governance Uneven Yet Gaining Ground,NBR政策简报,https://www.nbr.org/publication/charting-aseans-path-to-ai-governance-uneven-yet-gaining-ground/,,本地原文已保存,P1-regional-tech-baseline,人工智能、芯片与算力；网络安全与数字治理；创新体系、标准与知识产权,作者/项目正式研究,NBR科技与中国专题库/区域技术基线/核心科技直接材料,待编码,中国科技竞争、印太技术治理、供应链安全、创新合作及区域比较专题复用,C:\Users\WINDOWS\OneDrive\知识库\智库信息爬虫\国际主要科技智库观点演变_研判\03_证据底稿\原文PDF\C-NBR-2A7A65AC02.pdf,官方PDF已保存并校验
C-NBR-D96FAA005C,nbr,National Bureau of Asian Research,美国,2025-09-04,W3,AI Governance in India,NBR政策简报,https://www.nbr.org/publication/ai-governance-in-india/,,本地原文已保存,P1-regional-tech-baseline,人工智能、芯片与算力；网络安全与数字治理；技术供应链与出口管制；创新体系、标准与知识产权,作者/项目正式研究,NBR科技与中国专题库/区域技术基线/核心科技直接材料,待编码,中国科技竞争、印太技术治理、供应链安全、创新合作及区域比较专题复用,C:\Users\WINDOWS\OneDrive\知识库\智库信息爬虫\国际主要科技智库观点演变_研判\03_证据底稿\原文PDF\C-NBR-D96FAA005C.pdf,官方PDF已保存并校验
C-BRUEGEL-735E16370C,bruegel,Bruegel,欧盟,2025-09-19,W3,Climate risks to global supply chains,working-paper,https://www.bruegel.org/working-paper/climate-risks-global-supply-chains,,本地原文已保存,P1-tech-geoeconomic-baseline,供应链、技术管制与经济安全,作者/项目正式研究,Bruegel科技与中国专题库/科技产业与经济安全基线,待编码,欧洲科技创新、产业政策、关键技术、中欧竞争合作及经济安全专题复用,C:\Users\WINDOWS\OneDrive\知识库\智库信息爬虫\国际主要科技智库观点演变_研判\03_证据底稿\原文PDF\C-BRUEGEL-735E16370C.pdf,官方PDF已保存并校验
C-NBR-7EF054E4B6,nbr,National Bureau of Asian Research,美国,2025-09-26,W3,The Case for U.S. Leadership on Global Data Governance,NBR论文,https://www.nbr.org/publication/the-case-for-u-s-leadership-on-global-data-governance/,,本地原文已保存,P0-China-tech-corpus,人工智能、芯片与算力；网络安全与数字治理；技术供应链与出口管制；创新体系、标准与知识产权；生物、量子及其他前沿技术,作者评论或论文,NBR科技与中国专题库/含中国比较的印太技术材料/核心科技直接材料,待编码,中国科技竞争、印太技术治理、供应链安全、创新合作及区域比较专题复用,C:\Users\WINDOWS\OneDrive\知识库\智库信息爬虫\国际主要科技智库观点演变_研判\03_证据底稿\原文PDF\C-NBR-7EF054E4B6.pdf,官方PDF已保存并校验
C-NBR-93FD504C85,nbr,National Bureau of Asian Research,美国,2025-09-29,W3,The Outlook for China’s AI Industry: Adoption and Applications,NBR访谈,https://www.nbr.org/publication/the-outlook-for-chinas-ai-industry-adoption-and-applications/,,本地原文已保存,P0-China-tech-corpus,人工智能、芯片与算力；网络安全与数字治理；技术供应链与出口管制；创新体系、标准与知识产权,作者访谈,NBR科技与中国专题库/直接涉华科技/核心科技直接材料,待编码,中国科技竞争、印太技术治理、供应链安全、创新合作及区域比较专题复用,C:\Users\WINDOWS\OneDrive\知识库\智库信息爬虫\国际主要科技智库观点演变_研判\03_证据底稿\网页文本\C-NBR-93FD504C85.txt,官方网页全文已保存
C-MERICS-21DF118F78,merics,MERICS Industrial Policy and Technology,德国,2025-10-22,W3,"The Arctic, outer space and influence-building: China and Russia join forces to expand in new strategic frontiers",MERICS研究报告,https://merics.org/en/report/arctic-outer-space-and-influence-building-china-and-russia-join-forces-expand-new-strategic,,本地原文已保存,P0-China-tech-corpus,生物、量子、航天与绿色技术,作者/项目正式研究,MERICS科技与中国专题库/核心科技直接材料,待编码,中国科技创新、产业政策、数字治理、供应链与欧洲对华经济安全专题复用,C:\Users\WINDOWS\OneDrive\知识库\智库信息爬虫\国际主要科技智库观点演变_研判\03_证据底稿\原文PDF\C-MERICS-21DF118F78.pdf,官方PDF已保存并校验
S-CH-2025-01,chatham-house,Chatham House,英国,2025-10-27,W3,Digital Public Infrastructure: Sovereignty,研究报告,https://www.chathamhouse.org/sites/default/files/2025-10/2025-10-27-digital-public-infrastructure-wilkinson-et-al.pdf,C:\Users\WINDOWS\OneDrive\知识库\智库信息爬虫\国际主要科技智库观点演变_研判\03_证据底稿\原文PDF\S-CH-2025-01.pdf,官方PDF全文已保存,P0-anchor,T1;T4;T5;T8,L1,官方锚点,待编码,能力型主权而非自给,,
S-OECD-2025-01,oecd-sti,OECD,多边,2025-10-28,W3,"OECD Science, Technology and Innovation Outlook 2025: Driving Change in a Shifting Landscape",旗舰系列,https://www.oecd.org/en/publications/oecd-science-technology-and-innovation-outlook-2025_5fe57b90-en.html,C:\Users\WINDOWS\OneDrive\知识库\智库信息爬虫\国际主要科技智库观点演变_研判\03_证据底稿\原文PDF\S-OECD-2025-01.pdf,官方PDF全文已保存,P0-anchor,T1;T3;T4;T5;T8;T10,L3,官方锚点,待编码,开放与经济安全再平衡,,
C-MERICS-A30A8395C5,merics,MERICS Industrial Policy and Technology,德国,2025-10-29,W3,Profiling European countries' resilience towards China - 2025 Update,MERICS研究报告,https://merics.org/en/report/profiling-european-countries-resilience-towards-china-2025-update,,本地原文已保存,P1-tech-geoeconomic-baseline,供应链、技术管制与经济安全,作者/项目正式研究,MERICS科技与中国专题库/科技产业与经济安全基线,待编码,中国科技创新、产业政策、数字治理、供应链与欧洲对华经济安全专题复用,C:\Users\WINDOWS\OneDrive\知识库\智库信息爬虫\国际主要科技智库观点演变_研判\03_证据底稿\网页文本\C-MERICS-A30A8395C5.txt,官方网页全文已保存
C-MERICS-FE5FE24631,merics,MERICS Industrial Policy and Technology,德国,2025-10-29,W3,Member states’ resilience efforts fall short of looming challenges: Europe-China Resilience Audit Update 2025,MERICS研究报告,https://merics.org/en/report/member-states-resilience-efforts-fall-short-looming-challenges-europe-china-resilience-audit,,本地原文已保存,P1-tech-geoeconomic-baseline,供应链、技术管制与经济安全,作者/项目正式研究,MERICS科技与中国专题库/科技产业与经济安全基线,待编码,中国科技创新、产业政策、数字治理、供应链与欧洲对华经济安全专题复用,C:\Users\WINDOWS\OneDrive\知识库\智库信息爬虫\国际主要科技智库观点演变_研判\03_证据底稿\网页文本\C-MERICS-FE5FE24631.txt,官方网页全文已保存
C-NBR-22C5AB4751,nbr,National Bureau of Asian Research,美国,2025-10-31,W3,Changing U.S. Critical Minerals Policy and What It Means for Indonesia,NBR政策简报,https://www.nbr.org/publication/changing-u-s-critical-minerals-policy-and-what-it-means-for-indonesia/,,本地原文已保存,P1-regional-tech-baseline,技术供应链与出口管制；生物、量子及其他前沿技术,作者/项目正式研究,NBR科技与中国专题库/区域技术基线/核心科技直接材料,待编码,中国科技竞争、印太技术治理、供应链安全、创新合作及区域比较专题复用,C:\Users\WINDOWS\OneDrive\知识库\智库信息爬虫\国际主要科技智库观点演变_研判\03_证据底稿\原文PDF\C-NBR-22C5AB4751.pdf,官方PDF已保存并校验
C-NBR-BDE2949831,nbr,National Bureau of Asian Research,美国,2025-10-31,W3,Indonesia's Strategy toward Critical Minerals and Cooperation with the United States,NBR政策简报,https://www.nbr.org/publication/indonesias-strategy-toward-critical-minerals-and-cooperation-with-the-united-states/,,本地原文已保存,P1-regional-tech-baseline,人工智能、芯片与算力；网络安全与数字治理；技术供应链与出口管制；创新体系、标准与知识产权；生物、量子及其他前沿技术,作者/项目正式研究,NBR科技与中国专题库/区域技术基线/核心科技直接材料,待编码,中国科技竞争、印太技术治理、供应链安全、创新合作及区域比较专题复用,C:\Users\WINDOWS\OneDrive\知识库\智库信息爬虫\国际主要科技智库观点演变_研判\03_证据底稿\原文PDF\C-NBR-BDE2949831.pdf,官方PDF已保存并校验
S-NISTEP-2025-01,nistep,National Institute of Science and Technology Policy,日本,2025-11-01,W3,Japanese Science and Technology Indicators 2025,旗舰系列,https://www.nistep.go.jp/en/?page_id=52,C:\Users\WINDOWS\OneDrive\知识库\智库信息爬虫\国际主要科技智库观点演变_研判\03_证据底稿\原文PDF\S-NISTEP-2025-01.pdf,官方PDF全文已保存,P0-anchor,T1;T3;T10,L3,官方锚点,待编码,连续能力指标,,
C-BRUEGEL-C1719DF2CC,bruegel,Bruegel,欧盟,2025-11-05,W3,What can Europe learn from China’s critical-tech innovation push?,policy-brief,https://www.bruegel.org/policy-brief/what-can-europe-learn-chinas-critical-tech-innovation-push,,本地原文已保存,P0-China-tech-corpus,芯片、关键技术与科研创新；中国科技能力与中欧竞争合作,作者/项目正式研究,Bruegel科技与中国专题库/核心科技直接材料,待编码,欧洲科技创新、产业政策、关键技术、中欧竞争合作及经济安全专题复用,C:\Users\WINDOWS\OneDrive\知识库\智库信息爬虫\国际主要科技智库观点演变_研判\03_证据底稿\原文PDF\C-BRUEGEL-C1719DF2CC.pdf,官方PDF已保存并校验
C-ATL-880143,atlantic-council-geotech,Atlantic Council,美国,2025-11-10,W3,Is Europe waking up to the China challenge? How geopolitics are reshaping EU and transatlantic strategy,正式研究报告,https://www.atlanticcouncil.org/in-depth-research-reports/report/is-europe-waking-up-to-the-china-challenge-how-geopolitics-are-reshaping-eu-and-transatlantic-strategy/,,本地原文已保存,P0-China-tech-corpus,综合科技竞争,作者/项目正式研究,Atlantic Council涉华科技专题库,待编码,中国科技竞争、数字治理、产业链安全及美国盟友政策专题复用,C:\Users\WINDOWS\OneDrive\知识库\智库信息爬虫\国际主要科技智库观点演变_研判\03_证据底稿\网页文本\C-ATL-880143.txt,官方网页全文已保存
C-ATL-881558,atlantic-council-geotech,Atlantic Council,美国,2025-11-10,W3,Lithuania’s policy on China: An unlikely EU trailblazer,正式研究报告,https://www.atlanticcouncil.org/in-depth-research-reports/report/lithuanias-policy-on-china-an-unlikely-eu-trailblazer/,,本地原文已保存,P0-China-tech-corpus,综合科技竞争,作者/项目正式研究,Atlantic Council涉华科技专题库,待编码,中国科技竞争、数字治理、产业链安全及美国盟友政策专题复用,C:\Users\WINDOWS\OneDrive\知识库\智库信息爬虫\国际主要科技智库观点演变_研判\03_证据底稿\网页文本\C-ATL-881558.txt,官方网页全文已保存
C-ATL-881664,atlantic-council-geotech,Atlantic Council,美国,2025-11-10,W3,Italy’s policy on China: The Belt and Road gamble and its aftermath,正式研究报告,https://www.atlanticcouncil.org/in-depth-research-reports/report/italys-policy-on-china-the-belt-and-road-gamble-and-its-aftermath/,,本地原文已保存,P0-China-tech-corpus,综合科技竞争,作者/项目正式研究,Atlantic Council涉华科技专题库,待编码,中国科技竞争、数字治理、产业链安全及美国盟友政策专题复用,C:\Users\WINDOWS\OneDrive\知识库\智库信息爬虫\国际主要科技智库观点演变_研判\03_证据底稿\网页文本\C-ATL-881664.txt,官方网页全文已保存
C-ATL-881692,atlantic-council-geotech,Atlantic Council,美国,2025-11-10,W3,Germany’s policy on China: From win-win to strategic competition,正式研究报告,https://www.atlanticcouncil.org/in-depth-research-reports/report/germanys-policy-on-china-from-win-win-to-strategic-competition/,,本地原文已保存,P0-China-tech-corpus,综合科技竞争,作者/项目正式研究,Atlantic Council涉华科技专题库,待编码,中国科技竞争、数字治理、产业链安全及美国盟友政策专题复用,C:\Users\WINDOWS\OneDrive\知识库\智库信息爬虫\国际主要科技智库观点演变_研判\03_证据底稿\网页文本\C-ATL-881692.txt,官方网页全文已保存
C-ATL-881876,atlantic-council-geotech,Atlantic Council,美国,2025-11-10,W3,Hungary’s policy on China: Doing Beijing’s bidding,正式研究报告,https://www.atlanticcouncil.org/in-depth-research-reports/report/hungarys-policy-on-china-doing-beijings-bidding/,,本地原文已保存,P0-China-tech-corpus,综合科技竞争,作者/项目正式研究,Atlantic Council涉华科技专题库,待编码,中国科技竞争、数字治理、产业链安全及美国盟友政策专题复用,C:\Users\WINDOWS\OneDrive\知识库\智库信息爬虫\国际主要科技智库观点演变_研判\03_证据底稿\网页文本\C-ATL-881876.txt,官方网页全文已保存
C-ATL-881896,atlantic-council-geotech,Atlantic Council,美国,2025-11-10,W3,Czechia’s policy on China: Swinging between engagement and de-risking,正式研究报告,https://www.atlanticcouncil.org/in-depth-research-reports/report/czechias-policy-on-china-swinging-between-partnership-and-de-risking/,,本地原文已保存,P0-China-tech-corpus,综合科技竞争,作者/项目正式研究,Atlantic Council涉华科技专题库,待编码,中国科技竞争、数字治理、产业链安全及美国盟友政策专题复用,C:\Users\WINDOWS\OneDrive\知识库\智库信息爬虫\国际主要科技智库观点演变_研判\03_证据底稿\网页文本\C-ATL-881896.txt,官方网页全文已保存
C-ATL-882365,atlantic-council-geotech,Atlantic Council,美国,2025-11-10,W3,The European Commission’s role in steering Europe’s strategic outlook,正式研究报告,https://www.atlanticcouncil.org/in-depth-research-reports/report/the-european-commissions-role-in-steering-europes-strategic-outlook/,,本地原文已保存,P0-China-tech-corpus,综合科技竞争,作者/项目正式研究,Atlantic Council涉华科技专题库,待编码,中国科技竞争、数字治理、产业链安全及美国盟友政策专题复用,C:\Users\WINDOWS\OneDrive\知识库\智库信息爬虫\国际主要科技智库观点演变_研判\03_证据底稿\网页文本\C-ATL-882365.txt,官方网页全文已保存
C-ATL-882418,atlantic-council-geotech,Atlantic Council,美国,2025-11-10,W3,The geopolitical trends shaping the EU’s policies on China,正式研究报告,https://www.atlanticcouncil.org/in-depth-research-reports/report/the-geopolitical-trends-shaping-the-eus-policies-on-china/,,本地原文已保存,P0-China-tech-corpus,综合科技竞争,作者/项目正式研究,Atlantic Council涉华科技专题库,待编码,中国科技竞争、数字治理、产业链安全及美国盟友政策专题复用,C:\Users\WINDOWS\OneDrive\知识库\智库信息爬虫\国际主要科技智库观点演变_研判\03_证据底稿\网页文本\C-ATL-882418.txt,官方网页全文已保存
C-ATL-882792,atlantic-council-geotech,Atlantic Council,美国,2025-11-10,W3,France’s policy on China: Strategic autonomy and less naïveté,正式研究报告,https://www.atlanticcouncil.org/in-depth-research-reports/report/frances-policy-on-china-strategic-autonomy-and-less-naivete/,,本地原文已保存,P0-China-tech-corpus,综合科技竞争,作者/项目正式研究,Atlantic Council涉华科技专题库,待编码,中国科技竞争、数字治理、产业链安全及美国盟友政策专题复用,C:\Users\WINDOWS\OneDrive\知识库\智库信息爬虫\国际主要科技智库观点演变_研判\03_证据底稿\网页文本\C-ATL-882792.txt,官方网页全文已保存
C-ATL-883361,atlantic-council-geotech,Atlantic Council,美国,2025-11-10,W3,Poland’s policy on China: From partnership to skepticism,正式研究报告,https://www.atlanticcouncil.org/in-depth-research-reports/report/polands-policy-on-china-from-partnership-to-skepticism/,,本地原文已保存,P0-China-tech-corpus,综合科技竞争,作者/项目正式研究,Atlantic Council涉华科技专题库,待编码,中国科技竞争、数字治理、产业链安全及美国盟友政策专题复用,C:\Users\WINDOWS\OneDrive\知识库\智库信息爬虫\国际主要科技智库观点演变_研判\03_证据底稿\网页文本\C-ATL-883361.txt,官方网页全文已保存
C-ATL-884104,atlantic-council-geotech,Atlantic Council,美国,2025-11-10,W3,Convergence and divergence in US and EU policies on China,正式研究报告,https://www.atlanticcouncil.org/in-depth-research-reports/report/convergence-and-divergence-in-us-and-eu-policies-on-china/,,本地原文已保存,P0-China-tech-corpus,综合科技竞争,作者/项目正式研究,Atlantic Council涉华科技专题库,待编码,中国科技竞争、数字治理、产业链安全及美国盟友政策专题复用,C:\Users\WINDOWS\OneDrive\知识库\智库信息爬虫\国际主要科技智库观点演变_研判\03_证据底稿\网页文本\C-ATL-884104.txt,官方网页全文已保存
C-ATL-884162,atlantic-council-geotech,Atlantic Council,美国,2025-11-10,W3,"How Europe deals with China in trade, technology, and security",正式研究报告,https://www.atlanticcouncil.org/in-depth-research-reports/report/how-europe-deals-with-china-in-trade-technology-and-security/,,本地原文已保存,P0-China-tech-corpus,综合科技竞争,作者/项目正式研究,Atlantic Council涉华科技专题库,待编码,中国科技竞争、数字治理、产业链安全及美国盟友政策专题复用,C:\Users\WINDOWS\OneDrive\知识库\智库信息爬虫\国际主要科技智库观点演变_研判\03_证据底稿\网页文本\C-ATL-884162.txt,官方网页全文已保存
C-ATL-884581,atlantic-council-geotech,Atlantic Council,美国,2025-11-10,W3,Recommendations for coordinating US-EU policy,正式研究报告,https://www.atlanticcouncil.org/in-depth-research-reports/report/recommendations-for-coordinating-us-eu-policy/,,本地原文已保存,P0-China-tech-corpus,技术供应链与出口管制,作者/项目正式研究,Atlantic Council涉华科技专题库,待编码,中国科技竞争、数字治理、产业链安全及美国盟友政策专题复用,C:\Users\WINDOWS\OneDrive\知识库\智库信息爬虫\国际主要科技智库观点演变_研判\03_证据底稿\网页文本\C-ATL-884581.txt,官方网页全文已保存
C-NBR-D4B98BA81A,nbr,National Bureau of Asian Research,美国,2025-11-12,W3,Understanding the Impact of KFTC Enforcement on U.S. Firms Qualitative Evidence and Analysis,NBR研究报告,https://www.nbr.org/publication/understanding-the-impact-of-kftc-enforcement-on-u-s-firms-qualitative-evidence-and-analysis/,,本地原文已保存,P0-China-tech-corpus,人工智能、芯片与算力；网络安全与数字治理；技术供应链与出口管制；创新体系、标准与知识产权,作者/项目正式研究,NBR科技与中国专题库/含中国比较的印太技术材料/科技地缘经济基线,待编码,中国科技竞争、印太技术治理、供应链安全、创新合作及区域比较专题复用,C:\Users\WINDOWS\OneDrive\知识库\智库信息爬虫\国际主要科技智库观点演变_研判\03_证据底稿\原文PDF\C-NBR-D4B98BA81A.pdf,官方PDF已保存并校验
C-NBR-04E33A0580,nbr,National Bureau of Asian Research,美国,2025-11-17,W3,China’s Approach to AI Development and Governance,NBR政策简报,https://www.nbr.org/publication/chinas-approach-to-ai-development-and-governance/,,本地原文已保存,P0-China-tech-corpus,人工智能、芯片与算力；网络安全与数字治理；技术供应链与出口管制；创新体系、标准与知识产权；生物、量子及其他前沿技术,作者/项目正式研究,NBR科技与中国专题库/直接涉华科技/核心科技直接材料,待编码,中国科技竞争、印太技术治理、供应链安全、创新合作及区域比较专题复用,C:\Users\WINDOWS\OneDrive\知识库\智库信息爬虫\国际主要科技智库观点演变_研判\03_证据底稿\原文PDF\C-NBR-04E33A0580.pdf,官方PDF已保存并校验
C-NBR-2907630E71,nbr,National Bureau of Asian Research,美国,2025-11-17,W3,Japan’s Hybrid Approach to AI Governance: Balancing Soft Law and Hard Law,NBR政策简报,https://www.nbr.org/publication/japans-hybrid-approach-to-ai-governance-balancing-soft-law-and-hard-law/,,本地原文已保存,P1-regional-tech-baseline,人工智能、芯片与算力；网络安全与数字治理；创新体系、标准与知识产权,作者/项目正式研究,NBR科技与中国专题库/区域技术基线/核心科技直接材料,待编码,中国科技竞争、印太技术治理、供应链安全、创新合作及区域比较专题复用,C:\Users\WINDOWS\OneDrive\知识库\智库信息爬虫\国际主要科技智库观点演变_研判\03_证据底稿\原文PDF\C-NBR-2907630E71.pdf,官方PDF已保存并校验
C-NBR-C54880A848,nbr,National Bureau of Asian Research,美国,2025-11-17,W3,Codeveloping the Model: U.S. and ASEAN Cooperation in Shaping and Deploying AI,NBR政策简报,https://www.nbr.org/publication/codeveloping-the-model-u-s-and-asean-cooperation-in-shaping-and-deploying-ai/,,本地原文已保存,P0-China-tech-corpus,人工智能、芯片与算力；网络安全与数字治理；技术供应链与出口管制；创新体系、标准与知识产权,作者/项目正式研究,NBR科技与中国专题库/含中国比较的印太技术材料/核心科技直接材料,待编码,中国科技竞争、印太技术治理、供应链安全、创新合作及区域比较专题复用,C:\Users\WINDOWS\OneDrive\知识库\智库信息爬虫\国际主要科技智库观点演变_研判\03_证据底稿\原文PDF\C-NBR-C54880A848.pdf,官方PDF已保存并校验
C-BEL-6F869656AC,belfer,Belfer Center for Science and International Affairs,美国,2025-11-20,W3,"Multi-Alignment as Strategy: How Brazil Navigates Between Washington, Beijing, and the Global South",研究报告与论文,https://www.belfercenter.org/research-analysis/multi-alignment-strategy-how-brazil-navigates-between-washington-beijing-and,,本地原文已保存,P0-China-tech-corpus,人工智能、芯片与算力；网络安全与数字治理；技术供应链与出口管制；创新体系与产业政策；国防、航天与无人系统；生物、量子及其他前沿技术,作者/项目正式研究,Belfer涉华科技专题库,待编码,中美科技竞争、数字安全、创新政策、能源技术及国防前沿技术专题复用,C:\Users\WINDOWS\OneDrive\知识库\智库信息爬虫\国际主要科技智库观点演变_研判\03_证据底稿\原文PDF\C-BEL-6F869656AC.pdf,官方PDF已保存并校验
C-BEL-85969F7BAD,belfer,Belfer Center for Science and International Affairs,美国,2025-11-20,W3,Active Alignment: How Indonesia Can Shape the U.S.-China Strategic Competition,研究报告与论文,https://www.belfercenter.org/research-analysis/active-alignment-how-indonesia-can-shape-us-china-strategic-competition,,本地原文已保存,P0-China-tech-corpus,人工智能、芯片与算力；网络安全与数字治理；技术供应链与出口管制；创新体系与产业政策；国防、航天与无人系统,作者/项目正式研究,Belfer涉华科技专题库,待编码,中美科技竞争、数字安全、创新政策、能源技术及国防前沿技术专题复用,C:\Users\WINDOWS\OneDrive\知识库\智库信息爬虫\国际主要科技智库观点演变_研判\03_证据底稿\原文PDF\C-BEL-85969F7BAD.pdf,官方PDF已保存并校验
C-BEL-B4FB9BAD13,belfer,Belfer Center for Science and International Affairs,美国,2025-11-20,W3,India: Leaning to One Side (Cautiously),研究报告与论文,https://www.belfercenter.org/research-analysis/india-leaning-one-side-cautiously,,本地原文已保存,P0-China-tech-corpus,人工智能、芯片与算力；网络安全与数字治理；技术供应链与出口管制；创新体系与产业政策；国防、航天与无人系统；生物、量子及其他前沿技术,作者/项目正式研究,Belfer涉华科技专题库,待编码,中美科技竞争、数字安全、创新政策、能源技术及国防前沿技术专题复用,C:\Users\WINDOWS\OneDrive\知识库\智库信息爬虫\国际主要科技智库观点演变_研判\03_证据底稿\原文PDF\C-BEL-B4FB9BAD13.pdf,官方PDF已保存并校验
C-NBR-EC60A5F3E0,nbr,National Bureau of Asian Research,美国,2025-12-01,W3,Southeast Asia’s Geoeconomic Outlook,NBR访谈,https://www.nbr.org/publication/southeast-asias-geoeconomic-outlook/,,本地原文已保存,P0-China-tech-corpus,人工智能、芯片与算力；网络安全与数字治理；技术供应链与出口管制；创新体系、标准与知识产权；生物、量子及其他前沿技术,作者访谈,NBR科技与中国专题库/含中国比较的印太技术材料/科技地缘经济基线,待编码,中国科技竞争、印太技术治理、供应链安全、创新合作及区域比较专题复用,C:\Users\WINDOWS\OneDrive\知识库\智库信息爬虫\国际主要科技智库观点演变_研判\03_证据底稿\网页文本\C-NBR-EC60A5F3E0.txt,官方网页全文已保存
S-ASPI-2025-01,aspi,Australian Strategic Policy Institute,澳大利亚,2025-12-01,W3,ASPI Critical Technology Tracker 2025 Update,旗舰项目,https://www.aspi.org.au/news/coming-soon-aspis-2025-critical-technology-tracker-update/,,官方预告页已定位待最终报告,P0-anchor,T1;T4;T5;T6;T10,L2,官方锚点,待编码,依赖与人才流监测,,
C-BRUEGEL-090452D3CC,bruegel,Bruegel,欧盟,2025-12-02,W3,From strategy to doctrine: the next steps for European economic security,policy-brief,https://www.bruegel.org/policy-brief/strategy-doctrine-next-steps-european-economic-security,,本地原文已保存,P0-China-tech-corpus,供应链、技术管制与经济安全；中国科技能力与中欧竞争合作,作者/项目正式研究,Bruegel科技与中国专题库/科技产业与经济安全基线,待编码,欧洲科技创新、产业政策、关键技术、中欧竞争合作及经济安全专题复用,C:\Users\WINDOWS\OneDrive\知识库\智库信息爬虫\国际主要科技智库观点演变_研判\03_证据底稿\原文PDF\C-BRUEGEL-090452D3CC.pdf,官方PDF已保存并校验
C-BEL-393576F862,belfer,Belfer Center for Science and International Affairs,美国,2025-12-08,W3,Governing Outer Space: A Conference of the Parties for the Outer Space Treaty,研究报告与论文,https://www.belfercenter.org/research-analysis/space-cop-governance,,本地原文已保存,P0-China-tech-corpus,人工智能、芯片与算力；技术供应链与出口管制；创新体系与产业政策；国防、航天与无人系统,作者/项目正式研究,Belfer涉华科技专题库,待编码,中美科技竞争、数字安全、创新政策、能源技术及国防前沿技术专题复用,C:\Users\WINDOWS\OneDrive\知识库\智库信息爬虫\国际主要科技智库观点演变_研判\03_证据底稿\原文PDF\C-BEL-393576F862.pdf,官方PDF已保存并校验
C-BEL-85FA86A1D8,belfer,Belfer Center for Science and International Affairs,美国,2025-12-12,W3,"Code, Command, and Conflict: Charting the Future of Military AI",研究报告与论文,https://www.belfercenter.org/research-analysis/code-command-and-conflict-charting-future-military-ai,,本地原文已保存,P0-China-tech-corpus,人工智能、芯片与算力；网络安全与数字治理；技术供应链与出口管制；创新体系与产业政策；国防、航天与无人系统；生物、量子及其他前沿技术,作者/项目正式研究,Belfer涉华科技专题库,待编码,中美科技竞争、数字安全、创新政策、能源技术及国防前沿技术专题复用,C:\Users\WINDOWS\OneDrive\知识库\智库信息爬虫\国际主要科技智库观点演变_研判\03_证据底稿\原文PDF\C-BEL-85FA86A1D8.pdf,官方PDF已保存并校验
C-BRUEGEL-07E4C4A787,bruegel,Bruegel,欧盟,2025-12-16,W3,Europe has a solid basis for battery and electric vehicle manufacturing growth,analysis,https://www.bruegel.org/analysis/europe-has-solid-basis-battery-and-electric-vehicle-manufacturing-growth,,本地原文已保存,P1-tech-geoeconomic-baseline,清洁技术、能源与绿色产业,作者/项目正式研究,Bruegel科技与中国专题库/科技产业与经济安全基线,待编码,欧洲科技创新、产业政策、关键技术、中欧竞争合作及经济安全专题复用,C:\Users\WINDOWS\OneDrive\知识库\智库信息爬虫\国际主要科技智库观点演变_研判\03_证据底稿\原文PDF\C-BRUEGEL-07E4C4A787.pdf,官方PDF已保存并校验
C-NBR-B036FC537F,nbr,National Bureau of Asian Research,美国,2026-01-13,W3,Maintaining American Innovation and Technology Leadership,NBR政策证词,https://www.nbr.org/publication/maintaining-american-innovation-and-technology-leadership/,,本地原文已保存,P0-China-tech-corpus,人工智能、芯片与算力；网络安全与数字治理；技术供应链与出口管制；创新体系、标准与知识产权,作者政策证词,NBR科技与中国专题库/含中国比较的印太技术材料/核心科技直接材料,待编码,中国科技竞争、印太技术治理、供应链安全、创新合作及区域比较专题复用,C:\Users\WINDOWS\OneDrive\知识库\智库信息爬虫\国际主要科技智库观点演变_研判\03_证据底稿\网页文本\C-NBR-B036FC537F.txt,官方网页全文已保存
L-6C6A295372,orf-america,ORF America Technology Policy,待回填,2026-01-16,W3,The Nexus of Artificial Intelligence and Energy Security: Strategic Opportunities for U.S.-India Leadership,report,https://orfamerica.org/newresearch/the-nexus-of-artificial-intelligence-and-energy-security-strategic-opportunities-for-us-india-leadership,C:\Users\WINDOWS\OneDrive\知识库\智库信息爬虫\archive\orf-america\2026\人工智能与能源安全的交汇：美印引领的战略机遇_2026-01-16_ORF-AMERICA.md,full_text,P1,待编码,待编码,本地近期候选,待筛选,W3近期观点与反证候选,C:\Users\WINDOWS\OneDrive\知识库\智库信息爬虫\国际主要科技智库观点演变_研判\03_证据底稿\原文PDF\L-6C6A295372.pdf,官方PDF已获取
C-NBR-727919EA98,nbr,National Bureau of Asian Research,美国,2026-01-27,W3,China’s Influence in Indonesia’s Nickel Sector and Implications for the United States,NBR政策简报,https://www.nbr.org/publication/chinas-influence-in-indonesias-nickel-sector-and-implications-for-the-united-states/,,本地原文已保存,P0-China-tech-corpus,技术供应链与出口管制；创新体系、标准与知识产权,作者/项目正式研究,NBR科技与中国专题库/直接涉华科技/核心科技直接材料,待编码,中国科技竞争、印太技术治理、供应链安全、创新合作及区域比较专题复用,C:\Users\WINDOWS\OneDrive\知识库\智库信息爬虫\国际主要科技智库观点演变_研判\03_证据底稿\原文PDF\C-NBR-727919EA98.pdf,官方PDF已保存并校验
C-NBR-BE401752A7,nbr,National Bureau of Asian Research,美国,2026-01-27,W3,Advancing Resilient Critical Mineral Supply Chains in Indonesia A Triumvirate Approach,NBR政策简报,https://www.nbr.org/publication/advancing-resilient-critical-mineral-supply-chains-in-indonesia-a-triumvirate-approach/,,本地原文已保存,P0-China-tech-corpus,人工智能、芯片与算力；技术供应链与出口管制,作者/项目正式研究,NBR科技与中国专题库/含中国比较的印太技术材料/核心科技直接材料,待编码,中国科技竞争、印太技术治理、供应链安全、创新合作及区域比较专题复用,C:\Users\WINDOWS\OneDrive\知识库\智库信息爬虫\国际主要科技智库观点演变_研判\03_证据底稿\原文PDF\C-NBR-BE401752A7.pdf,官方PDF已保存并校验
S-ITIF-2026-01,itif,Information Technology and Innovation Foundation,美国,2026-02-02,W3,"Mobilizing for Techno-Economic War, Part 1: The Case for Policy Transformation",正式报告,https://itif.org/publications/2026/02/02/mobilizing-for-techno-economic-war-part-1-the-case-for-policy-transformation/,C:\Users\WINDOWS\OneDrive\知识库\智库信息爬虫\国际主要科技智库观点演变_研判\03_证据底稿\原文PDF\S-ITIF-2026-01.pdf,官方PDF全文已保存,P0-anchor,T1;T2;T5;T6;T7,L2,官方锚点,待编码,国家力量产业与竞争升级,,
C-ATL-902623,atlantic-council-geotech,Atlantic Council,美国,2026-02-10,W3,Global Foresight 2036,Atlantic Council战略论文,https://www.atlanticcouncil.org/content-series/atlantic-council-strategy-paper-series/global-foresight-2036/,,本地原文已保存,P0-China-tech-corpus,人工智能、芯片与算力,作者/项目正式研究,Atlantic Council涉华科技专题库,待编码,中国科技竞争、数字治理、产业链安全及美国盟友政策专题复用,C:\Users\WINDOWS\OneDrive\知识库\智库信息爬虫\国际主要科技智库观点演变_研判\03_证据底稿\原文PDF\C-ATL-902623.pdf,官方PDF已保存并校验
C-ATL-902628,atlantic-council-geotech,Atlantic Council,美国,2026-02-10,W3,"Welcome to 2036: What the world could look like in ten years, according to nearly 450 experts",Atlantic Council战略论文,https://www.atlanticcouncil.org/content-series/atlantic-council-strategy-paper-series/welcome-to-2036/,,本地原文已保存,P0-China-tech-corpus,综合科技竞争,作者/项目正式研究,Atlantic Council涉华科技专题库,待编码,中国科技竞争、数字治理、产业链安全及美国盟友政策专题复用,C:\Users\WINDOWS\OneDrive\知识库\智库信息爬虫\国际主要科技智库观点演变_研判\03_证据底稿\网页文本\C-ATL-902628.txt,官方网页全文已保存
C-ATL-902633,atlantic-council-geotech,Atlantic Council,美国,2026-02-10,W3,The Global Foresight 2036 survey: Full results,Atlantic Council战略论文,https://www.atlanticcouncil.org/content-series/atlantic-council-strategy-paper-series/the-global-foresight-2036-survey-full-results/,,本地原文已保存,P0-China-tech-corpus,综合科技竞争,作者/项目正式研究,Atlantic Council涉华科技专题库,待编码,中国科技竞争、数字治理、产业链安全及美国盟友政策专题复用,C:\Users\WINDOWS\OneDrive\知识库\智库信息爬虫\国际主要科技智库观点演变_研判\03_证据底稿\网页文本\C-ATL-902633.txt,官方网页全文已保存
L-A223A5C505,merics,MERICS Industrial Policy and Technology,待回填,2026-02-11,W3,Orbital geopolitics: China's dual-use space internet,report,https://merics.org/en/report/orbital-geopolitics-chinas-dual-use-space-internet,C:\Users\WINDOWS\OneDrive\知识库\智库信息爬虫\archive\merics\2026\轨道地缘政治：中国军民两用太空互联网_2026-02-11_MERICS.md,full_text,P0,待编码,待编码,本地近期候选,待筛选,W3近期观点与反证候选,C:\Users\WINDOWS\OneDrive\知识库\智库信息爬虫\国际主要科技智库观点演变_研判\03_证据底稿\原文PDF\L-A223A5C505.pdf,官方PDF已获取
L-A14441992C,stepi,Science and Technology Policy Institute Korea,待回填,2026-02-12,W3,Direction for SMEs R&D Support Based on KOSBIR Performance Analysis,report,https://www.stepi.re.kr/site/stepien/ex/bbs/publicationView.do?pageIndex=1&cbIdx=1303&reIdx=127&cateCont=A0508,C:\Users\WINDOWS\OneDrive\知识库\智库信息爬虫\archive\stepi\2026\基于KOSBIR绩效分析的中小企业研发支持方向_2026-02-12_STEPI.md,full_text,P1,待编码,待编码,本地近期候选,待筛选,W3近期观点与反证候选,C:\Users\WINDOWS\OneDrive\知识库\智库信息爬虫\国际主要科技智库观点演变_研判\03_证据底稿\原文PDF\L-A14441992C.pdf,官方PDF已获取
L-B82ADB8D8E,orf-america,ORF America Technology Policy,待回填,2026-02-17,W3,IBSA+Indonesia Energy Transitions: Shaping Pathways and Unlocking Solutions,report,https://orfamerica.org/newresearch/ibsa-indonesia-energy-transitions-shaping-pathways-and-unlocking-solutions,C:\Users\WINDOWS\OneDrive\知识库\智库信息爬虫\archive\orf-america\2026\IBSA+印尼能源转型：塑造路径与释放解决方案_2026-02-17_ORF-AMERICA.md,full_text,P1,待编码,待编码,本地近期候选,待筛选,W3近期观点与反证候选,C:\Users\WINDOWS\OneDrive\知识库\智库信息爬虫\国际主要科技智库观点演变_研判\03_证据底稿\原文PDF\L-B82ADB8D8E.pdf,官方PDF已获取
L-B8331FB22F,cset,Center for Security and Emerging Technology,待回填,2026-02-17,W3,China’s Military AI Wish List,report,https://cset.georgetown.edu/publication/chinas-military-ai-wish-list/,C:\Users\WINDOWS\OneDrive\知识库\智库信息爬虫\archive\cset\2026\中国军方AI需求清单_2026-02-17_CSET.md,full_text,P0,待编码,待编码,本地近期候选,待筛选,W3近期观点与反证候选,C:\Users\WINDOWS\OneDrive\知识库\智库信息爬虫\国际主要科技智库观点演变_研判\03_证据底稿\原文PDF\L-B8331FB22F.pdf,官方PDF已获取
L-9CB796437A,stepi,Science and Technology Policy Institute Korea,待回填,2026-02-19,W3,Determinants of Earnings among Recent STEM PhD Graduates in Korea and Policy Implications,report,https://www.stepi.re.kr/site/stepien/ex/bbs/publicationView.do?pageIndex=1&cbIdx=1303&reIdx=128&cateCont=A0508,C:\Users\WINDOWS\OneDrive\知识库\智库信息爬虫\archive\stepi\2026\韩国近期STEM博士毕业生收入决定因素及政策启示_2026-02-19_STEPI.md,full_text,P1,待编码,待编码,本地近期候选,待筛选,W3近期观点与反证候选,C:\Users\WINDOWS\OneDrive\知识库\智库信息爬虫\国际主要科技智库观点演变_研判\03_证据底稿\原文PDF\L-9CB796437A.pdf,官方PDF已获取
C-NBR-C6D99202EA,nbr,National Bureau of Asian Research,美国,2026-02-25,W3,South Korea’s Online Platform Fairness Bill A New Digital Nontariff Barrier in U.S.-ROK Trade,NBR政策简报,https://www.nbr.org/publication/south-koreas-online-platform-fairness-bill-a-new-digital-nontariff-barrier-in-u-s-rok-trade/,,本地原文已保存,P1-regional-tech-baseline,网络安全与数字治理；创新体系、标准与知识产权,作者/项目正式研究,NBR科技与中国专题库/区域技术基线/核心科技直接材料,待编码,中国科技竞争、印太技术治理、供应链安全、创新合作及区域比较专题复用,C:\Users\WINDOWS\OneDrive\知识库\智库信息爬虫\国际主要科技智库观点演变_研判\03_证据底稿\原文PDF\C-NBR-C6D99202EA.pdf,官方PDF已保存并校验
L-580B2B37DF,stepi,Science and Technology Policy Institute Korea,待回填,2026-02-25,W3,Global Deep-Tech Startup Support Policies and Implications for Korea,report,https://www.stepi.re.kr/site/stepien/ex/bbs/publicationView.do?pageIndex=1&cbIdx=1303&reIdx=129&cateCont=A0508,C:\Users\WINDOWS\OneDrive\知识库\智库信息爬虫\archive\stepi\2026\全球深科技初创企业支持政策及其对韩国的启示_2026-02-25_STEPI.md,full_text,P1,待编码,待编码,本地近期候选,待筛选,W3近期观点与反证候选,C:\Users\WINDOWS\OneDrive\知识库\智库信息爬虫\国际主要科技智库观点演变_研判\03_证据底稿\原文PDF\L-580B2B37DF.pdf,官方PDF已获取
C-NBR-0540D61F1A,nbr,National Bureau of Asian Research,美国,2026-02-27,W3,The Road Ahead for AI in Vietnam Why Implementation of Its Law on AI Will Determine Competitiveness,NBR政策简报,https://www.nbr.org/publication/the-road-ahead-for-ai-in-vietnam-why-implementation-of-its-law-on-ai-will-determine-competitiveness/,,本地原文已保存,P1-regional-tech-baseline,人工智能、芯片与算力；网络安全与数字治理；创新体系、标准与知识产权,作者/项目正式研究,NBR科技与中国专题库/区域技术基线/核心科技直接材料,待编码,中国科技竞争、印太技术治理、供应链安全、创新合作及区域比较专题复用,C:\Users\WINDOWS\OneDrive\知识库\智库信息爬虫\国际主要科技智库观点演变_研判\03_证据底稿\网页文本\C-NBR-0540D61F1A.txt,官方网页全文已保存
L-EB29861643,cset,Center for Security and Emerging Technology,待回填,2026-03-02,W3,"Implementation Opinions on the \""AI + Manufacturing\"" Special Initiative",report,https://cset.georgetown.edu/publication/china-ai-plus-manufacturing-initiative-opinions/,C:\Users\WINDOWS\OneDrive\知识库\智库信息爬虫\archive\cset\2026\“AI+制造”专项行动实施意见_2026-03-02_CSET.md,full_text,P0,待编码,待编码,本地近期候选,待筛选,W3近期观点与反证候选,C:\Users\WINDOWS\OneDrive\知识库\智库信息爬虫\国际主要科技智库观点演变_研判\03_证据底稿\原文PDF\L-EB29861643.pdf,官方PDF已获取
S-CSIS-2026-01,csis,Center for Strategic and International Studies,美国,2026-03-02,W3,The Power of Innovation: The Strategic Value of China’s High-Tech Drive,正式报告,https://www.csis.org/analysis/power-innovation-strategic-value-chinas-high-tech-drive,C:\Users\WINDOWS\OneDrive\知识库\智库信息爬虫\国际主要科技智库观点演变_研判\03_证据底稿\原文PDF\S-CSIS-2026-01.pdf,官方PDF全文已保存,P0-anchor,T4;T5;T6;T7,L1,官方锚点,待编码,校准耦合与竞争管理,,
C-BRUEGEL-492817F599,bruegel,Bruegel,欧盟,2026-03-05,W3,Reforming European defence procurement to boost military innovation and startups,policy-brief,https://www.bruegel.org/policy-brief/reforming-european-defence-procurement-boost-military-innovation-and-startups,,本地原文已保存,P0-core-tech,芯片、关键技术与科研创新,作者/项目正式研究,Bruegel科技与中国专题库/核心科技直接材料,待编码,欧洲科技创新、产业政策、关键技术、中欧竞争合作及经济安全专题复用,C:\Users\WINDOWS\OneDrive\知识库\智库信息爬虫\国际主要科技智库观点演变_研判\03_证据底稿\原文PDF\C-BRUEGEL-492817F599.pdf,官方PDF已保存并校验
C-NBR-6084BD1D5B,nbr,National Bureau of Asian Research,美国,2026-03-09,W3,South Korea’s Approach to AI Governance Mitigating Risks and Ensuring AI Safety,NBR政策简报,https://www.nbr.org/publication/south-koreas-approach-to-ai-governance-mitigating-risks-and-ensuring-ai-safety/,,本地原文已保存,P1-regional-tech-baseline,人工智能、芯片与算力；网络安全与数字治理；创新体系、标准与知识产权,作者/项目正式研究,NBR科技与中国专题库/区域技术基线/核心科技直接材料,待编码,中国科技竞争、印太技术治理、供应链安全、创新合作及区域比较专题复用,C:\Users\WINDOWS\OneDrive\知识库\智库信息爬虫\国际主要科技智库观点演变_研判\03_证据底稿\网页文本\C-NBR-6084BD1D5B.txt,官方网页全文已保存
C-NBR-84A865AEBE,nbr,National Bureau of Asian Research,美国,2026-03-09,W3,Taiwan’s Emerging AI Governance Building from the Basic Act to the Hard Questions of Data and Copyright,NBR政策简报,https://www.nbr.org/publication/taiwans-emerging-ai-governance-building-from-the-basic-act-to-the-hard-questions-of-data-and-copyright/,,本地原文已保存,P0-China-tech-corpus,人工智能、芯片与算力；网络安全与数字治理；技术供应链与出口管制；创新体系、标准与知识产权,作者/项目正式研究,NBR科技与中国专题库/含中国比较的印太技术材料/核心科技直接材料,待编码,中国科技竞争、印太技术治理、供应链安全、创新合作及区域比较专题复用,C:\Users\WINDOWS\OneDrive\知识库\智库信息爬虫\国际主要科技智库观点演变_研判\03_证据底稿\原文PDF\C-NBR-84A865AEBE.pdf,官方PDF已保存并校验
C-NBR-C6742C498F,nbr,National Bureau of Asian Research,美国,2026-03-09,W3,The Indo-Pacific as the Epicenter of AI Risk,NBR政策简报,https://www.nbr.org/publication/the-indo-pacific-as-the-epicenter-of-ai-risk/,,本地原文已保存,P0-China-tech-corpus,人工智能、芯片与算力；网络安全与数字治理；技术供应链与出口管制；创新体系、标准与知识产权；生物、量子及其他前沿技术,作者/项目正式研究,NBR科技与中国专题库/含中国比较的印太技术材料/核心科技直接材料,待编码,中国科技竞争、印太技术治理、供应链安全、创新合作及区域比较专题复用,C:\Users\WINDOWS\OneDrive\知识库\智库信息爬虫\国际主要科技智库观点演变_研判\03_证据底稿\网页文本\C-NBR-C6742C498F.txt,官方网页全文已保存
L-A20CDA80EB,cset,Center for Security and Emerging Technology,待回填,2026-03-10,W3,China National Space Administration Action Plan to Promote the High-Quality and Safe Development of Commercial Spaceflight (2025-2027),report,https://cset.georgetown.edu/publication/china-commercial-space-plan-2025-2027/,C:\Users\WINDOWS\OneDrive\知识库\智库信息爬虫\archive\cset\2026\国家航天局促进商业航天高质量安全发展行动计划（2025—2027年）_2026-03-10_CSET.md,full_text,P0,待编码,待编码,本地近期候选,待筛选,W3近期观点与反证候选,C:\Users\WINDOWS\OneDrive\知识库\智库信息爬虫\国际主要科技智库观点演变_研判\03_证据底稿\原文PDF\L-A20CDA80EB.pdf,官方PDF已获取
L-14F6CCA60D,cnas-tech,CNAS Technology and National Security,待回填,2026-03-12,W3,Quantum's Industrial Moment,report,https://www.cnas.org/publications/reports/quantums-industrial-moment,C:\Users\WINDOWS\OneDrive\知识库\智库信息爬虫\archive\cnas-tech\2026\量子技术的产业化时刻_2026-03-12_CNAS-TECH.md,full_text,P1,待编码,待编码,本地近期候选,待筛选,W3近期观点与反证候选,C:\Users\WINDOWS\OneDrive\知识库\智库信息爬虫\国际主要科技智库观点演变_研判\03_证据底稿\原文PDF\L-14F6CCA60D.pdf,官方PDF已获取
C-NBR-6B746EB4BD,nbr,National Bureau of Asian Research,美国,2026-03-20,W3,A Framework for Deeper U.S.-Japan Quantum Cooperation,NBR政策简报,https://www.nbr.org/publication/a-framework-for-deeper-u-s-japan-quantum-cooperation/,,本地原文已保存,P1-regional-tech-baseline,人工智能、芯片与算力；网络安全与数字治理；技术供应链与出口管制；创新体系、标准与知识产权；生物、量子及其他前沿技术,作者/项目正式研究,NBR科技与中国专题库/区域技术基线/核心科技直接材料,待编码,中国科技竞争、印太技术治理、供应链安全、创新合作及区域比较专题复用,C:\Users\WINDOWS\OneDrive\知识库\智库信息爬虫\国际主要科技智库观点演变_研判\03_证据底稿\原文PDF\C-NBR-6B746EB4BD.pdf,官方PDF已保存并校验
C-NBR-C798226BE4,nbr,National Bureau of Asian Research,美国,2026-03-20,W3,Japan’s Next Moonshot: Leadership in High-Performance Computing Coupled with Quantum Computing Technology,NBR政策简报,https://www.nbr.org/publication/japans-next-moonshot-leadership-in-high-performance-computing-coupled-with-quantum-computing-technology/,,本地原文已保存,P1-regional-tech-baseline,人工智能、芯片与算力；网络安全与数字治理；技术供应链与出口管制；创新体系、标准与知识产权；生物、量子及其他前沿技术,作者/项目正式研究,NBR科技与中国专题库/区域技术基线/核心科技直接材料,待编码,中国科技竞争、印太技术治理、供应链安全、创新合作及区域比较专题复用,C:\Users\WINDOWS\OneDrive\知识库\智库信息爬虫\国际主要科技智库观点演变_研判\03_证据底稿\原文PDF\C-NBR-C798226BE4.pdf,官方PDF已保存并校验
C-NBR-9790F299C4,nbr,National Bureau of Asian Research,美国,2026-03-25,W3,Analyzing National Quantum-Computing Ecosystems in the Indo-Pacific,NBR研究报告,https://www.nbr.org/publication/analyzing-national-quantum-computing-ecosystems-in-the-indo-pacific/,,本地原文已保存,P0-China-tech-corpus,人工智能、芯片与算力；网络安全与数字治理；技术供应链与出口管制；创新体系、标准与知识产权；生物、量子及其他前沿技术,作者/项目正式研究,NBR科技与中国专题库/含中国比较的印太技术材料/核心科技直接材料,待编码,中国科技竞争、印太技术治理、供应链安全、创新合作及区域比较专题复用,C:\Users\WINDOWS\OneDrive\知识库\智库信息爬虫\国际主要科技智库观点演变_研判\03_证据底稿\原文PDF\C-NBR-9790F299C4.pdf,官方PDF已保存并校验
C-BEL-77F4F9A07F,belfer,Belfer Center for Science and International Affairs,美国,2026-03-27,W3,Risk of Influence Warfare in the Arctic: Lessons from Greenland,政策简报,https://www.belfercenter.org/research-analysis/risk-influence-warfare-arctic-lessons-greenland,,本地原文已保存,P0-China-tech-corpus,人工智能、芯片与算力；网络安全与数字治理；技术供应链与出口管制；国防、航天与无人系统,作者/项目正式研究,Belfer涉华科技专题库,待编码,中美科技竞争、数字安全、创新政策、能源技术及国防前沿技术专题复用,C:\Users\WINDOWS\OneDrive\知识库\智库信息爬虫\国际主要科技智库观点演变_研判\03_证据底稿\原文PDF\C-BEL-77F4F9A07F.pdf,官方PDF已保存并校验
L-13509A23A0,stepi,Science and Technology Policy Institute Korea,待回填,2026-03-31,W3,Impacts of the U.S. Department of Energy’s Designation of South Korea as a Sensitive Country on the Science and Technology Sector and Response Measures,report,https://www.stepi.re.kr/site/stepien/ex/bbs/publicationView.do?pageIndex=1&cbIdx=1303&reIdx=139&cateCont=A0509,C:\Users\WINDOWS\OneDrive\知识库\智库信息爬虫\archive\stepi\2026\美国能源部将韩国列为敏感国家对科技界的影响及应对_2026-03-31_STEPI.md,full_text,P1,待编码,待编码,本地近期候选,待筛选,W3近期观点与反证候选,C:\Users\WINDOWS\OneDrive\知识库\智库信息爬虫\国际主要科技智库观点演变_研判\03_证据底稿\原文PDF\L-13509A23A0.pdf,官方PDF已获取
L-C8327D6B5D,stepi,Science and Technology Policy Institute Korea,待回填,2026-04-01,W3,Activation Plan for Data Platforms and Marketplaces to Support Enterprise AI Adoption,report,https://www.stepi.re.kr/site/stepien/ex/bbs/publicationView.do?pageIndex=1&cbIdx=1303&reIdx=130&cateCont=A0508,C:\Users\WINDOWS\OneDrive\知识库\智库信息爬虫\archive\stepi\2026\激活数据平台和数据市场以支撑企业AI采用_2026-04-01_STEPI.md,full_text,P0,待编码,待编码,本地近期候选,待筛选,W3近期观点与反证候选,C:\Users\WINDOWS\OneDrive\知识库\智库信息爬虫\国际主要科技智库观点演变_研判\03_证据底稿\原文PDF\L-C8327D6B5D.pdf,官方PDF已获取
L-24E4C7C33C,cset,Center for Security and Emerging Technology,待回填,2026-04-14,W3,Cybersecurity Law of the People's Republic of China,report,https://cset.georgetown.edu/publication/china-cybersecurity-law-2025/,C:\Users\WINDOWS\OneDrive\知识库\智库信息爬虫\archive\cset\2026\中华人民共和国网络安全法（2025年修订英文译本）_2026-04-14_CSET.md,full_text,P1,待编码,待编码,本地近期候选,待筛选,W3近期观点与反证候选,C:\Users\WINDOWS\OneDrive\知识库\智库信息爬虫\国际主要科技智库观点演变_研判\03_证据底稿\原文PDF\L-24E4C7C33C.pdf,官方PDF已获取
L-1A648C347E,stepi,Science and Technology Policy Institute Korea,待回填,2026-04-20,W3,A Framework for Legislative Impact Assessment For the Science and Technology Innovation Transition,report,https://www.stepi.re.kr/site/stepien/ex/bbs/publicationView.do?pageIndex=1&cbIdx=1303&reIdx=131&cateCont=A0508,C:\Users\WINDOWS\OneDrive\知识库\智库信息爬虫\archive\stepi\2026\面向科技创新转型的立法影响评估框架_2026-04-20_STEPI.md,full_text,P0,待编码,待编码,本地近期候选,待筛选,W3近期观点与反证候选,C:\Users\WINDOWS\OneDrive\知识库\智库信息爬虫\国际主要科技智库观点演变_研判\03_证据底稿\原文PDF\L-1A648C347E.pdf,官方PDF已获取
L-A3E18F59E6,stepi,Science and Technology Policy Institute Korea,待回填,2026-04-22,W3,Issues and Implications on the CETs Information Protection in Domestic and Overseas Laws of Emerging Security Fields,report,https://www.stepi.re.kr/site/stepien/ex/bbs/publicationView.do?pageIndex=1&cbIdx=1303&reIdx=132&cateCont=A0508,C:\Users\WINDOWS\OneDrive\知识库\智库信息爬虫\archive\stepi\2026\新兴安全领域关键与新兴技术信息保护的制度问题与启示_2026-04-22_STEPI.md,full_text,P1,待编码,待编码,本地近期候选,待筛选,W3近期观点与反证候选,C:\Users\WINDOWS\OneDrive\知识库\智库信息爬虫\国际主要科技智库观点演变_研判\03_证据底稿\原文PDF\L-A3E18F59E6.pdf,官方PDF已获取
L-55A19317A3,stepi,Science and Technology Policy Institute Korea,待回填,2026-04-24,W3,Inclusive Innovation Diplomacy in a Transformative Era: Co-Creating Innovation Partnerships with the Global South,report,https://www.stepi.re.kr/site/stepien/ex/bbs/publicationView.do?pageIndex=1&cbIdx=1303&reIdx=133&cateCont=A0508,C:\Users\WINDOWS\OneDrive\知识库\智库信息爬虫\archive\stepi\2026\转型时代的包容性创新外交：与全球南方共创创新伙伴关系_2026-04-24_STEPI.md,full_text,P1,待编码,待编码,本地近期候选,待筛选,W3近期观点与反证候选,C:\Users\WINDOWS\OneDrive\知识库\智库信息爬虫\国际主要科技智库观点演变_研判\03_证据底稿\原文PDF\L-55A19317A3.pdf,官方PDF已获取
L-81D549967F,stepi,Science and Technology Policy Institute Korea,待回填,2026-04-27,W3,Role and Challenges of Small Businesses from the Perspective of Transformative Innovation Policy,report,https://www.stepi.re.kr/site/stepien/ex/bbs/publicationView.do?pageIndex=1&cbIdx=1303&reIdx=134&cateCont=A0508,C:\Users\WINDOWS\OneDrive\知识库\智库信息爬虫\archive\stepi\2026\转型创新政策视角下小企业的作用与挑战_2026-04-27_STEPI.md,full_text,P1,待编码,待编码,本地近期候选,待筛选,W3近期观点与反证候选,C:\Users\WINDOWS\OneDrive\知识库\智库信息爬虫\国际主要科技智库观点演变_研判\03_证据底稿\原文PDF\L-81D549967F.pdf,官方PDF已获取
L-FC776FEDD0,rand,RAND,待回填,2026-04-27,W3,The AGI Rideout Strategy for Reducing Strategic Risk and Promoting Stability in the Transition to Artificial General Intelligence,rand_report,https://www.rand.org/pubs/perspectives/PEA4347-1.html,C:\Users\WINDOWS\OneDrive\知识库\智库信息爬虫\archive\rand\2026\AGI过渡期降低战略风险与促进稳定的Rideout策略_2026-04-27_PEA4347-1.md,full_text,P0,待编码,待编码,本地近期候选,待筛选,W3近期观点与反证候选,C:\Users\WINDOWS\OneDrive\知识库\智库信息爬虫\国际主要科技智库观点演变_研判\03_证据底稿\原文PDF\L-FC776FEDD0.pdf,官方PDF已获取
L-47B97A6326,stanford-hai,Stanford Institute for Human-Centered Artificial Intelligence,待回填,2026-04-28,W3,Research and Development | The 2026 AI Index Report,report,https://hai.stanford.edu/ai-index/2026-ai-index-report/research-and-development,C:\Users\WINDOWS\OneDrive\知识库\智库信息爬虫\archive\stanford-hai\2026\2026年AI指数报告：研发篇_2026-04-28_STANFORD-HAI.md,full_text,P0,待编码,待编码,本地近期候选,待筛选,W3近期观点与反证候选,C:\Users\WINDOWS\OneDrive\知识库\智库信息爬虫\国际主要科技智库观点演变_研判\03_证据底稿\原文PDF\L-47B97A6326.pdf,官方PDF已获取
L-9DC9B61710,stanford-hai,Stanford Institute for Human-Centered Artificial Intelligence,待回填,2026-04-28,W3,Technical Performance | The 2026 AI Index Report,report,https://hai.stanford.edu/ai-index/2026-ai-index-report/technical-performance,C:\Users\WINDOWS\OneDrive\知识库\智库信息爬虫\archive\stanford-hai\2026\2026年AI指数报告：技术性能篇_2026-04-28_STANFORD-HAI.md,full_text,P0,待编码,待编码,本地近期候选,待筛选,W3近期观点与反证候选,C:\Users\WINDOWS\OneDrive\知识库\智库信息爬虫\国际主要科技智库观点演变_研判\03_证据底稿\原文PDF\L-9DC9B61710.pdf,官方PDF已获取
L-6AD2965D20,merics,MERICS Industrial Policy and Technology,待回填,2026-04-30,W3,Embodied AI: China’s ambitious path to transform its robotics industry,report,https://merics.org/en/report/embodied-ai-chinas-ambitious-path-transform-its-robotics-industry,C:\Users\WINDOWS\OneDrive\知识库\智库信息爬虫\archive\merics\2026\具身AI：中国改造机器人产业的雄心路径_2026-04-30_MERICS.md,full_text,P0,待编码,待编码,本地近期候选,待筛选,W3近期观点与反证候选,C:\Users\WINDOWS\OneDrive\知识库\智库信息爬虫\国际主要科技智库观点演变_研判\03_证据底稿\原文PDF\L-6AD2965D20.pdf,官方PDF已获取
L-82FD6B86FD,orf-america,ORF America Technology Policy,待回填,2026-04-30,W3,"Greening Steel in a Fragmented World: Aligning Markets, Technology, and Finance",report,https://orfamerica.org/newresearch/greening-steel-in-a-fragmented-world-aligning-markets-technology-and-finance,C:\Users\WINDOWS\OneDrive\知识库\智库信息爬虫\archive\orf-america\2026\碎片化世界中的钢铁绿色化：协调市场、技术与金融_2026-04-30_ORF-AMERICA.md,full_text,P1,待编码,待编码,本地近期候选,待筛选,W3近期观点与反证候选,C:\Users\WINDOWS\OneDrive\知识库\智库信息爬虫\国际主要科技智库观点演变_研判\03_证据底稿\原文PDF\L-82FD6B86FD.pdf,官方PDF已获取
S-FISI-2026-01,fraunhofer-isi,Fraunhofer Institute for Systems and Innovation Research ISI,德国,2026-05-01,W3,Synergies and Tensions Brought by Security as a New Objective for Challenge-Led Innovation Policy,讨论论文,https://www.isi.fraunhofer.de/content/dam/isi/dokumente/cci/innovation-systems-policy-analysis/2026/discussionpaper_92_2026.pdf,C:\Users\WINDOWS\OneDrive\知识库\智库信息爬虫\国际主要科技智库观点演变_研判\03_证据底稿\原文PDF\S-FISI-2026-01.pdf,官方PDF全文已保存,P0-anchor,T1;T4;T5;T7;T10,L1,官方锚点,待编码,安全目标与转型政策张力,,
L-69CC5834D1,cnas-tech,CNAS Technology and National Security,待回填,2026-05-07,W3,American AI Companies Can’t Get Enough Chips,report,https://www.cnas.org/publications/reports/american-ai-companies-cant-get-enough-chips,C:\Users\WINDOWS\OneDrive\知识库\智库信息爬虫\archive\cnas-tech\2026\美国AI公司仍然拿不到足够芯片_2026-05-07_CNAS-TECH.md,full_text,P0,待编码,待编码,本地近期候选,待筛选,W3近期观点与反证候选,C:\Users\WINDOWS\OneDrive\知识库\智库信息爬虫\国际主要科技智库观点演变_研判\03_证据底稿\网页文本\L-69CC5834D1.txt,无独立PDF，已保存官方网页
C-BRUEGEL-F14E248941,bruegel,Bruegel,欧盟,2026-05-11,W3,Understanding the global clean tech manufacturing slowdown,analysis,https://www.bruegel.org/analysis/understanding-global-clean-tech-manufacturing-slowdown,,本地原文已保存,P0-core-tech,清洁技术、能源与绿色产业,作者/项目正式研究,Bruegel科技与中国专题库/核心科技直接材料,待编码,欧洲科技创新、产业政策、关键技术、中欧竞争合作及经济安全专题复用,C:\Users\WINDOWS\OneDrive\知识库\智库信息爬虫\国际主要科技智库观点演变_研判\03_证据底稿\原文PDF\C-BRUEGEL-F14E248941.pdf,官方PDF已保存并校验
C-NBR-F823065DA8,nbr,National Bureau of Asian Research,美国,2026-05-12,W3,The Indo-Pacific and the Challenge of Multilateral AI Governance,NBR政策简报,https://www.nbr.org/publication/the-indo-pacific-and-the-challenge-of-multilateral-ai-governance/,,本地原文已保存,P0-China-tech-corpus,人工智能、芯片与算力；网络安全与数字治理；技术供应链与出口管制；创新体系、标准与知识产权,作者/项目正式研究,NBR科技与中国专题库/含中国比较的印太技术材料/核心科技直接材料,待编码,中国科技竞争、印太技术治理、供应链安全、创新合作及区域比较专题复用,C:\Users\WINDOWS\OneDrive\知识库\智库信息爬虫\国际主要科技智库观点演变_研判\03_证据底稿\网页文本\C-NBR-F823065DA8.txt,官方网页全文已保存
L-CC15B043FB,rusi,RUSI Artificial Intelligence and National Security,待回填,2026-05-12,W3,Developing a Framework for Secure Third-Party Access to Frontier AI,paper,https://www.rusi.org/explore-our-research/publications/research-papers/developing-framework-secure-third-party-access-frontier-ai,C:\Users\WINDOWS\OneDrive\知识库\智库信息爬虫\archive\rusi\2026\构建前沿AI安全第三方访问框架_2026-05-12_RUSI.md,full_text,P0,待编码,待编码,本地近期候选,待筛选,W3近期观点与反证候选,C:\Users\WINDOWS\OneDrive\知识库\智库信息爬虫\国际主要科技智库观点演变_研判\03_证据底稿\原文PDF\L-CC15B043FB.pdf,官方PDF已获取
C-BRUEGEL-B50C84CE73,bruegel,Bruegel,欧盟,2026-05-15,W3,Challenges to the integration of the Western Balkans into European Union supply chains,working-paper,https://www.bruegel.org/working-paper/challenges-integration-western-balkans-european-union-supply-chains,,本地原文已保存,P1-tech-geoeconomic-baseline,供应链、技术管制与经济安全,作者/项目正式研究,Bruegel科技与中国专题库/科技产业与经济安全基线,待编码,欧洲科技创新、产业政策、关键技术、中欧竞争合作及经济安全专题复用,C:\Users\WINDOWS\OneDrive\知识库\智库信息爬虫\国际主要科技智库观点演变_研判\03_证据底稿\原文PDF\C-BRUEGEL-B50C84CE73.pdf,官方PDF已保存并校验
C-NBR-455E9B5B08,nbr,National Bureau of Asian Research,美国,2026-05-18,W3,Diverging AI Governance Structures in the Indo-Pacific,NBR政策简报,https://www.nbr.org/publication/diverging-ai-governance-structures-in-the-indo-pacific/,,本地原文已保存,P0-China-tech-corpus,人工智能、芯片与算力；网络安全与数字治理；创新体系、标准与知识产权,作者/项目正式研究,NBR科技与中国专题库/含中国比较的印太技术材料/核心科技直接材料,待编码,中国科技竞争、印太技术治理、供应链安全、创新合作及区域比较专题复用,C:\Users\WINDOWS\OneDrive\知识库\智库信息爬虫\国际主要科技智库观点演变_研判\03_证据底稿\网页文本\C-NBR-455E9B5B08.txt,官方网页全文已保存
C-BRUEGEL-462353C8D5,bruegel,Bruegel,欧盟,2026-05-19,W3,Europe needs a strategy to close the artificial intelligence compute gap,analysis,https://www.bruegel.org/analysis/europe-needs-strategy-close-artificial-intelligence-compute-gap,,本地原文已保存,P0-China-tech-corpus,人工智能、算力与数字技术；工业政策、产业能力与竞争力；中国科技能力与中欧竞争合作,作者/项目正式研究,Bruegel科技与中国专题库/核心科技直接材料,待编码,欧洲科技创新、产业政策、关键技术、中欧竞争合作及经济安全专题复用,C:\Users\WINDOWS\OneDrive\知识库\智库信息爬虫\国际主要科技智库观点演变_研判\03_证据底稿\原文PDF\C-BRUEGEL-462353C8D5.pdf,官方PDF已保存并校验
L-13E58B9C97,cnas-tech,CNAS Technology and National Security,待回填,2026-05-26,W3,The Entanglement Edge,report,https://www.cnas.org/publications/reports/the-entanglement-edge,C:\Users\WINDOWS\OneDrive\知识库\智库信息爬虫\archive\cnas-tech\2026\纠缠优势：量子网络与美中量子竞争_2026-05-26_CNAS-TECH.md,full_text,P0,待编码,待编码,本地近期候选,待筛选,W3近期观点与反证候选,C:\Users\WINDOWS\OneDrive\知识库\智库信息爬虫\国际主要科技智库观点演变_研判\03_证据底稿\原文PDF\L-13E58B9C97.pdf,官方PDF已获取
C-ATL-925101,atlantic-council-geotech,Atlantic Council,美国,2026-05-28,W3,Information fires: Building C-C5ISRT advantage in competition,议题简报,https://www.atlanticcouncil.org/in-depth-research-reports/issue-brief/information-fires-building-c-c5isrt-advantage-in-competition/,,本地原文已保存,P0-China-tech-corpus,人工智能、芯片与算力；网络安全与数字治理,作者/项目政策简报,Atlantic Council涉华科技专题库,待编码,中国科技竞争、数字治理、产业链安全及美国盟友政策专题复用,C:\Users\WINDOWS\OneDrive\知识库\智库信息爬虫\国际主要科技智库观点演变_研判\03_证据底稿\原文PDF\C-ATL-925101.pdf,官方PDF已保存并校验
C-BRUEGEL-9590B4A56C,bruegel,Bruegel,欧盟,2026-05-28,W3,Defence innovation and procurement reform: an empirical evaluation of the US Defense Innovation Unit,working-paper,https://www.bruegel.org/working-paper/defence-innovation-and-procurement-reform-empirical-evaluation-us-defense-innovation,,本地原文已保存,P0-core-tech,芯片、关键技术与科研创新,作者/项目正式研究,Bruegel科技与中国专题库/核心科技直接材料,待编码,欧洲科技创新、产业政策、关键技术、中欧竞争合作及经济安全专题复用,C:\Users\WINDOWS\OneDrive\知识库\智库信息爬虫\国际主要科技智库观点演变_研判\03_证据底稿\原文PDF\C-BRUEGEL-9590B4A56C.pdf,官方PDF已保存并校验
C-BEL-CA0B5F9318,belfer,Belfer Center for Science and International Affairs,美国,2026-06-01,W3,Move Fast and Scale: A Brief Insiders' History of the Replicator Initiative,研究报告与论文,https://www.belfercenter.org/research-analysis/move-fast-and-scale-brief-insiders-history-replicator-initiative,,本地原文已保存,P0-China-tech-corpus,人工智能、芯片与算力；网络安全与数字治理；技术供应链与出口管制；创新体系与产业政策；国防、航天与无人系统；生物、量子及其他前沿技术,作者/项目正式研究,Belfer涉华科技专题库,待编码,中美科技竞争、数字安全、创新政策、能源技术及国防前沿技术专题复用,C:\Users\WINDOWS\OneDrive\知识库\智库信息爬虫\国际主要科技智库观点演变_研判\03_证据底稿\原文PDF\C-BEL-CA0B5F9318.pdf,官方PDF已保存并校验
C-NBR-83B6A4C996,nbr,National Bureau of Asian Research,美国,2026-06-04,W3,South Korea’s Critical Minerals Balancing Act,NBR评论,https://www.nbr.org/publication/south-koreas-critical-minerals-balancing-act/,,本地原文已保存,P0-China-tech-corpus,人工智能、芯片与算力；网络安全与数字治理；技术供应链与出口管制,作者评论或论文,NBR科技与中国专题库/含中国比较的印太技术材料/核心科技直接材料,待编码,中国科技竞争、印太技术治理、供应链安全、创新合作及区域比较专题复用,C:\Users\WINDOWS\OneDrive\知识库\智库信息爬虫\国际主要科技智库观点演变_研判\03_证据底稿\原文PDF\C-NBR-83B6A4C996.pdf,官方PDF已保存并校验
C-BEL-3173F56443,belfer,Belfer Center for Science and International Affairs,美国,2026-06-05,W3,In the Eye of the Storm: Pakistan’s Balancing Act in the Evolving Geopolitical Order,研究报告与论文,https://www.belfercenter.org/research-analysis/eye-storm-pakistans-balancing-act-evolving-geopolitical-order,,本地原文已保存,P0-China-tech-corpus,人工智能、芯片与算力；网络安全与数字治理；技术供应链与出口管制；创新体系与产业政策；国防、航天与无人系统,作者/项目正式研究,Belfer涉华科技专题库,待编码,中美科技竞争、数字安全、创新政策、能源技术及国防前沿技术专题复用,C:\Users\WINDOWS\OneDrive\知识库\智库信息爬虫\国际主要科技智库观点演变_研判\03_证据底稿\原文PDF\C-BEL-3173F56443.pdf,官方PDF已保存并校验
L-A22DE70ABF,nistep,National Institute of Science and Technology Policy Japan,待回填,2026-06-08,W3,Digest of Japanese Science and Technology Indicators 2025,report,https://www.nistep.go.jp/en/?p=5827,C:\Users\WINDOWS\OneDrive\知识库\智库信息爬虫\archive\nistep\2026\日本科学技术指标2025摘要_2026-06-08_NISTEP.md,full_text,P1,待编码,待编码,本地近期候选,待筛选,W3近期观点与反证候选,C:\Users\WINDOWS\OneDrive\知识库\智库信息爬虫\国际主要科技智库观点演变_研判\03_证据底稿\原文PDF\S-NISTEP-2025-01.pdf,官方PDF与既有资产重复，已关联
L-C1FF3B08B7,rusi,RUSI Artificial Intelligence and National Security,待回填,2026-06-10,W3,China and Rare Earth Supply Chains,paper,https://www.rusi.org/explore-our-research/publications/research-papers/china-and-rare-earth-supply-chains,C:\Users\WINDOWS\OneDrive\知识库\智库信息爬虫\archive\rusi\2026\中国与稀土供应链_2026-06-10_RUSI.md,full_text,P0,待编码,待编码,本地近期候选,待筛选,W3近期观点与反证候选,C:\Users\WINDOWS\OneDrive\知识库\智库信息爬虫\国际主要科技智库观点演变_研判\03_证据底稿\原文PDF\L-C1FF3B08B7.pdf,官方PDF已获取
C-ATL-928724,atlantic-council-geotech,Atlantic Council,美国,2026-06-11,W3,"To stop Chinese dual-use battery dominance, the United States and South Korea need to team up",议题简报,https://www.atlanticcouncil.org/in-depth-research-reports/issue-brief/to-stop-chinese-dual-use-battery-dominance-the-united-states-and-south-korea-need-to-team-up/,,本地原文已保存,P0-China-tech-corpus,技术供应链与出口管制,作者/项目政策简报,Atlantic Council涉华科技专题库,待编码,中国科技竞争、数字治理、产业链安全及美国盟友政策专题复用,C:\Users\WINDOWS\OneDrive\知识库\智库信息爬虫\国际主要科技智库观点演变_研判\03_证据底稿\网页文本\C-ATL-928724.txt,官方网页全文已保存
C-BRUEGEL-D669FF4E82,bruegel,Bruegel,欧盟,2026-06-11,W3,The right balance: how to fix European Union artificial intelligence regulation,policy-brief,https://www.bruegel.org/policy-brief/right-balance-how-fix-european-union-artificial-intelligence-regulation,,本地原文已保存,P0-core-tech,人工智能、算力与数字技术,作者/项目正式研究,Bruegel科技与中国专题库/核心科技直接材料,待编码,欧洲科技创新、产业政策、关键技术、中欧竞争合作及经济安全专题复用,C:\Users\WINDOWS\OneDrive\知识库\智库信息爬虫\国际主要科技智库观点演变_研判\03_证据底稿\原文PDF\C-BRUEGEL-D669FF4E82.pdf,官方PDF已保存并校验
L-6C54E9DD6F,rand,RAND,待回填,2026-06-11,W3,China’s Techno-Industrial Strategy in the Xi Era: Producing Under Pressure,rand_report,https://www.rand.org/pubs/research_reports/RRA4012-1.html,C:\Users\WINDOWS\OneDrive\知识库\智库信息爬虫\archive\rand\2026\习近平时代中国科技产业战略：压力下的生产体系_2026-06-11_RRA4012-1.md,full_text,P1,待编码,待编码,本地近期候选,待筛选,W3近期观点与反证候选,C:\Users\WINDOWS\OneDrive\知识库\智库信息爬虫\国际主要科技智库观点演变_研判\03_证据底稿\原文PDF\L-6C54E9DD6F.pdf,官方PDF已获取
L-67055111A5,rand,RAND,待回填,2026-06-15,W3,Verifiable Audit Trails for AI-Enabled Biological Design Tools: A Proposal for Verifiable Biodesign Logging,rand_report,https://www.rand.org/pubs/perspectives/PEA4613-1.html,C:\Users\WINDOWS\OneDrive\知识库\智库信息爬虫\archive\rand\2026\AI生物设计工具可验证审计轨迹方案_2026-06-15_PEA4613-1.md,full_text,P1,待编码,待编码,本地近期候选,待筛选,W3近期观点与反证候选,C:\Users\WINDOWS\OneDrive\知识库\智库信息爬虫\国际主要科技智库观点演变_研判\03_证据底稿\原文PDF\L-67055111A5.pdf,官方PDF已获取
C-ATL-927439,atlantic-council-geotech,Atlantic Council,美国,2026-06-16,W3,Financing the end of the digital divide,正式研究报告,https://www.atlanticcouncil.org/in-depth-research-reports/report/financing-the-end-of-the-digital-divide/,,本地原文已保存,P0-China-tech-corpus,网络安全与数字治理,作者/项目正式研究,Atlantic Council涉华科技专题库,待编码,中国科技竞争、数字治理、产业链安全及美国盟友政策专题复用,C:\Users\WINDOWS\OneDrive\知识库\智库信息爬虫\国际主要科技智库观点演变_研判\03_证据底稿\原文PDF\C-ATL-927439.pdf,官方PDF已保存并校验
L-04B1226C51,rand,RAND,待回填,2026-06-18,W3,The People’s Liberation Army Navy’s Approach to Maintenance Management: Cooking Dumplings in a Teapot,rand_report,https://www.rand.org/pubs/research_reports/RRA3368-1.html,C:\Users\WINDOWS\OneDrive\知识库\智库信息爬虫\archive\rand\2026\解放军海军维修管理方式：茶壶煮饺子的组织隐喻_2026-06-18_RRA3368-1.md,full_text,P2,待编码,待编码,本地近期候选,待筛选,W3近期观点与反证候选,C:\Users\WINDOWS\OneDrive\知识库\智库信息爬虫\国际主要科技智库观点演变_研判\03_证据底稿\原文PDF\L-04B1226C51.pdf,官方PDF已获取
C-BRUEGEL-A6D8CCA85A,bruegel,Bruegel,欧盟,2026-06-22,W3,Stack battles: the US-China artificial-intelligence rivalry is moving beyond chips alone,analysis,https://www.bruegel.org/analysis/stack-battles-us-china-artificial-intelligence-rivalry-moving-beyond-chips-alone,,本地原文已保存,P0-China-tech-corpus,人工智能、算力与数字技术；芯片、关键技术与科研创新；中国科技能力与中欧竞争合作,作者/项目正式研究,Bruegel科技与中国专题库/核心科技直接材料,待编码,欧洲科技创新、产业政策、关键技术、中欧竞争合作及经济安全专题复用,C:\Users\WINDOWS\OneDrive\知识库\智库信息爬虫\国际主要科技智库观点演变_研判\03_证据底稿\原文PDF\C-BRUEGEL-A6D8CCA85A.pdf,官方PDF已保存并校验
C-ATL-929513,atlantic-council-geotech,Atlantic Council,美国,2026-06-23,W3,Balancing openness and control: Cross-border health data and AI governance in China,正式研究报告,https://www.atlanticcouncil.org/in-depth-research-reports/report/balancing-openness-and-control-cross-border-health-data-and-ai-governance-in-china/,,本地原文已保存,P0-China-tech-corpus,人工智能、芯片与算力,作者/项目正式研究,Atlantic Council涉华科技专题库,待编码,中国科技竞争、数字治理、产业链安全及美国盟友政策专题复用,C:\Users\WINDOWS\OneDrive\知识库\智库信息爬虫\国际主要科技智库观点演变_研判\03_证据底稿\原文PDF\C-ATL-929513.pdf,官方PDF已保存并校验
L-28B5037DEB,rand,RAND,待回填,2026-06-24,W3,Looking Beyond the Government’s Regulatory Toolkit: Early Findings on How Business and Civil Society Actors Can Help Manage and Mitigate Transformative Artificial Intelligence Risks and Impacts,rand_report,https://www.rand.org/pubs/research_reports/RRA4522-1.html,C:\Users\WINDOWS\OneDrive\知识库\智库信息爬虫\archive\rand\2026\超越政府监管工具箱：企业与社会组织缓释变革性AI风险_2026-06-24_RRA4522-1.md,full_text,P1,待编码,待编码,本地近期候选,待筛选,W3近期观点与反证候选,C:\Users\WINDOWS\OneDrive\知识库\智库信息爬虫\国际主要科技智库观点演变_研判\03_证据底稿\原文PDF\L-28B5037DEB.pdf,官方PDF已获取
L-2782D5B7C3,rand,RAND,待回填,2026-06-25,W3,"Supply Chain, Energy, and AI Nexus: Evaluating AI Energy Supply Chain Vulnerabilities",rand_report,https://www.rand.org/pubs/research_reports/RRA4707-1.html,C:\Users\WINDOWS\OneDrive\知识库\智库信息爬虫\archive\rand\2026\供应链、能源与AI交汇：评估AI能源供应链脆弱性_2026-06-25_RRA4707-1.md,full_text,P1,待编码,待编码,本地近期候选,待筛选,W3近期观点与反证候选,C:\Users\WINDOWS\OneDrive\知识库\智库信息爬虫\国际主要科技智库观点演变_研判\03_证据底稿\原文PDF\L-2782D5B7C3.pdf,官方PDF已获取
L-C21C25F924,rand,RAND,待回填,2026-06-25,W3,AI agents put offensive cyber within reach of novices: Comparing the performance of AI agents to humans in offensive cyber operations,rand_report,https://www.rand.org/pubs/research_reports/RRA3892-2.html,C:\Users\WINDOWS\OneDrive\知识库\智库信息爬虫\archive\rand\2026\AI智能体让新手具备进攻性网络能力_2026-06-25_RRA3892-2.md,full_text,P0,待编码,待编码,本地近期候选,待筛选,W3近期观点与反证候选,C:\Users\WINDOWS\OneDrive\知识库\智库信息爬虫\国际主要科技智库观点演变_研判\03_证据底稿\原文PDF\L-C21C25F924.pdf,官方PDF已获取
L-F4029D6EB2,rand,RAND,待回填,2026-06-25,W3,Can LLM Agents Select and Engage with Biological Tools? An Initial Biosecurity Assessment,rand_report,https://www.rand.org/pubs/research_reports/RRA4741-1.html,C:\Users\WINDOWS\OneDrive\知识库\智库信息爬虫\archive\rand\2026\LLM智能体能否选择并调用生物工具：初步生物安全评估_2026-06-25_RRA4741-1.md,full_text,P1,待编码,待编码,本地近期候选,待筛选,W3近期观点与反证候选,C:\Users\WINDOWS\OneDrive\知识库\智库信息爬虫\国际主要科技智库观点演变_研判\03_证据底稿\原文PDF\L-F4029D6EB2.pdf,官方PDF已获取
C-BEL-0701AA8F07,belfer,Belfer Center for Science and International Affairs,美国,2026-06-29,W3,Navigating Without GPS: A Cascading Alt-PNT Architecture for American Defense,研究报告与论文,https://www.belfercenter.org/research-analysis/navigating-without-gps-cascading-alt-pnt-architecture-american-defense,,本地原文已保存,P0-China-tech-corpus,人工智能、芯片与算力；网络安全与数字治理；创新体系与产业政策；国防、航天与无人系统；生物、量子及其他前沿技术,作者/项目正式研究,Belfer涉华科技专题库,待编码,中美科技竞争、数字安全、创新政策、能源技术及国防前沿技术专题复用,C:\Users\WINDOWS\OneDrive\知识库\智库信息爬虫\国际主要科技智库观点演变_研判\03_证据底稿\原文PDF\C-BEL-0701AA8F07.pdf,官方PDF已保存并校验
L-26E983EA99,orf-america,ORF America Technology Policy,待回填,2026-06-29,W3,Recasting EU-Global South Energy Cooperation: Mutually Beneficial Clean Trade and Investment Partnerships,report,https://orfamerica.org/newresearch/recasting-eu-global-south-energy-cooperation-mutually-beneficial-clean-trade-and-investment-partnerships,C:\Users\WINDOWS\OneDrive\知识库\智库信息爬虫\archive\orf-america\2026\重塑欧盟与全球南方能源合作：互利型清洁贸易与投资伙伴关系_2026-06-29_ORF-AMERICA.md,full_text,P0,待编码,待编码,本地近期候选,待筛选,W3近期观点与反证候选,C:\Users\WINDOWS\OneDrive\知识库\智库信息爬虫\国际主要科技智库观点演变_研判\03_证据底稿\原文PDF\L-26E983EA99.pdf,官方PDF已获取
L-8DEB7D8A37,stanford-hai,Stanford Institute for Human-Centered Artificial Intelligence,待回填,2026-06-29,W3,Economy | The 2026 AI Index Report,report,https://hai.stanford.edu/ai-index/2026-ai-index-report/economy,C:\Users\WINDOWS\OneDrive\知识库\智库信息爬虫\archive\stanford-hai\2026\2026年AI指数报告经济篇_2026-06-29_STANFORD-HAI.md,full_text,P0,待编码,待编码,本地近期候选,待筛选,W3近期观点与反证候选,C:\Users\WINDOWS\OneDrive\知识库\智库信息爬虫\国际主要科技智库观点演变_研判\03_证据底稿\原文PDF\L-8DEB7D8A37.pdf,官方PDF已获取
L-B803B237C3,bruegel,Bruegel,待回填,2026-06-29,W3,To what extent can green infrastructure investment mitigate China’s clean-energy overcapacity?,paper,https://www.bruegel.org/working-paper/what-extent-can-green-infrastructure-investment-mitigate-chinas-clean-energy,C:\Users\WINDOWS\OneDrive\知识库\智库信息爬虫\archive\bruegel\2026\绿色基础设施投资能在多大程度上缓解中国清洁能源产能过剩？_2026-06-29_BRUEGEL.md,full_text,P0,待编码,待编码,本地近期候选,待筛选,W3近期观点与反证候选,C:\Users\WINDOWS\OneDrive\知识库\智库信息爬虫\国际主要科技智库观点演变_研判\03_证据底稿\原文PDF\L-B803B237C3.pdf,官方PDF已获取
C-MERICS-75D77CEFB2,merics,MERICS Industrial Policy and Technology,德国,2026-06-30,W3,Fragmented Europe: Dealing with China as a technology and innovation power,MERICS研究报告,https://merics.org/en/report/fragmented-europe-dealing-china-technology-and-innovation-power,,本地原文已保存,P0-China-tech-corpus,生物、量子、航天与绿色技术；创新体系、科研与技术人才；供应链、技术管制与经济安全,作者/项目正式研究,MERICS科技与中国专题库/核心科技直接材料,待编码,中国科技创新、产业政策、数字治理、供应链与欧洲对华经济安全专题复用,C:\Users\WINDOWS\OneDrive\知识库\智库信息爬虫\国际主要科技智库观点演变_研判\03_证据底稿\原文PDF\L-6107A40D28.pdf,关联既有官方PDF
C-MERICS-EF97E60BCB,merics,MERICS Industrial Policy and Technology,德国,2026-06-30,W3,"Italy: Biopharma, automotive and telecoms sectors are facing China’s technological power",MERICS研究报告,https://merics.org/en/report/italy-biopharma-automotive-and-telecoms-sectors-are-facing-chinas-technological-power,,本地原文已保存,P0-China-tech-corpus,先进制造、机器人与交通技术；生物、量子、航天与绿色技术,作者/项目正式研究,MERICS科技与中国专题库/核心科技直接材料,待编码,中国科技创新、产业政策、数字治理、供应链与欧洲对华经济安全专题复用,C:\Users\WINDOWS\OneDrive\知识库\智库信息爬虫\国际主要科技智库观点演变_研判\03_证据底稿\原文PDF\L-6107A40D28.pdf,关联既有官方PDF
L-168021577D,stepi,Science and Technology Policy Institute Korea,待回填,2026-06-30,W3,From Agenda Following to Agenda Leadership: A Post-2030 Global STI Agenda Strategy (Year 2) and Agenda-Setting Framework,report,https://www.stepi.re.kr/site/stepien/ex/bbs/publicationView.do?pageIndex=1&cbIdx=1303&reIdx=140&cateCont=A0509,C:\Users\WINDOWS\OneDrive\知识库\智库信息爬虫\archive\stepi\2026\从议程跟随到议程领导：后2030全球STI议程战略（第二年）与议程设置框架_2026-06-30_STEPI.md,full_text,P1,待编码,待编码,本地近期候选,待筛选,W3近期观点与反证候选,C:\Users\WINDOWS\OneDrive\知识库\智库信息爬虫\国际主要科技智库观点演变_研判\03_证据底稿\原文PDF\L-168021577D.pdf,官方PDF已获取
L-6107A40D28,merics,MERICS Industrial Policy and Technology,待回填,2026-06-30,W3,Ireland: Interlocking factors shape the approach to China in science-tech innovation,report,https://merics.org/en/report/ireland-interlocking-factors-shape-approach-china-science-tech-innovation,C:\Users\WINDOWS\OneDrive\知识库\智库信息爬虫\archive\merics\2026\爱尔兰：多重因素塑造对华科技创新立场_2026-06-30_MERICS.md,full_text,P0,待编码,待编码,本地近期候选,待筛选,W3近期观点与反证候选,C:\Users\WINDOWS\OneDrive\知识库\智库信息爬虫\国际主要科技智库观点演变_研判\03_证据底稿\原文PDF\L-6107A40D28.pdf,官方PDF已获取
L-A5F166E167,merics,MERICS Industrial Policy and Technology,待回填,2026-06-30,W3,"EU: Shepherded by Brussels, Europe awakens to Chinese technology",report,https://merics.org/en/report/eu-shepherded-brussels-europe-awakens-chinese-technology,C:\Users\WINDOWS\OneDrive\知识库\智库信息爬虫\archive\merics\2026\布鲁塞尔推动下欧洲开始警惕中国技术_2026-06-30_MERICS.md,full_text,P0,待编码,待编码,本地近期候选,待筛选,W3近期观点与反证候选,C:\Users\WINDOWS\OneDrive\知识库\智库信息爬虫\国际主要科技智库观点演变_研判\03_证据底稿\原文PDF\L-6107A40D28.pdf,官方PDF与既有资产重复，已关联
L-3D566E82C2,rand,RAND,待回填,2026-07-01,W3,Insights from table-top exercises in Europe on AI safety and cyber misuse,rand_report,https://www.rand.org/pubs/research_reports/RRA5082-1.html,C:\Users\WINDOWS\OneDrive\知识库\智库信息爬虫\archive\rand\2026\欧洲AI安全与网络滥用桌面推演洞察_2026-07-01_RRA5082-1.md,full_text,P0,待编码,待编码,本地近期候选,待筛选,W3近期观点与反证候选,C:\Users\WINDOWS\OneDrive\知识库\智库信息爬虫\国际主要科技智库观点演变_研判\03_证据底稿\原文PDF\L-3D566E82C2.pdf,官方PDF已获取
L-A9563569F7,stanford-hai,Stanford Institute for Human-Centered Artificial Intelligence,待回填,2026-07-01,W3,Human-Centered Large Language Models,brief,https://hai.stanford.edu/industry/human-centered-large-language-models,C:\Users\WINDOWS\OneDrive\知识库\智库信息爬虫\archive\stanford-hai\2026\以人为本的大语言模型_2026-07-01_STANFORD-HAI.md,full_text,P1,待编码,待编码,本地近期候选,待筛选,W3近期观点与反证候选,C:\Users\WINDOWS\OneDrive\知识库\智库信息爬虫\国际主要科技智库观点演变_研判\03_证据底稿\原文PDF\L-A9563569F7.pdf,官方PDF已获取
L-ECBAFC4C06,csis,Center for Strategic and International Studies,待回填,2026-07-01,W3,Fortress North America: Mexico’s Role in Securing the Region’s Economic Future,report,https://www.csis.org/analysis/fortress-north-america-mexicos-role-securing-regions-economic-future,C:\Users\WINDOWS\OneDrive\知识库\智库信息爬虫\archive\csis\2026\北美堡垒：墨西哥在保障区域经济未来中的作用_2026-07-01_CSIS.md,full_text,P0,待编码,待编码,本地近期候选,待筛选,W3近期观点与反证候选,C:\Users\WINDOWS\OneDrive\知识库\智库信息爬虫\国际主要科技智库观点演变_研判\03_证据底稿\原文PDF\L-ECBAFC4C06.pdf,官方PDF已获取
L-3B3576E3ED,rand,RAND,待回填,2026-07-07,W3,The Transatlantic Artificial Intelligence Calculus: U.S.–European Union and Member State AI Cooperation in an Era of Strategic Competition,rand_report,https://www.rand.org/pubs/research_reports/RRA4754-1.html,C:\Users\WINDOWS\OneDrive\知识库\智库信息爬虫\archive\rand\2026\The Transatlantic Artificial Intelligence Calculus U.S.–European Union and Member State AI Cooperation in an Era of Stra_2026-07-07_RRA4754-1.md,full_text,P0,待编码,待编码,本地近期候选,待筛选,W3近期观点与反证候选,C:\Users\WINDOWS\OneDrive\知识库\智库信息爬虫\国际主要科技智库观点演变_研判\03_证据底稿\原文PDF\L-3B3576E3ED.pdf,官方PDF已获取
L-BFBC56C9FF,rand,RAND,待回填,2026-07-08,W3,Private Industry Approaches to Network and Security Operations Centers: Best Practices for the Department of the Air Force,rand_report,https://www.rand.org/pubs/perspectives/PEA3801-1.html,C:\Users\WINDOWS\OneDrive\知识库\智库信息爬虫\archive\rand\2026\Private Industry Approaches to Network and Security Operations Centers Best Practices for the Department of the Air Forc_2026-07-08_PEA3801-1.md,full_text,P1,待编码,待编码,本地近期候选,待筛选,W3近期观点与反证候选,C:\Users\WINDOWS\OneDrive\知识库\智库信息爬虫\国际主要科技智库观点演变_研判\03_证据底稿\原文PDF\L-BFBC56C9FF.pdf,官方PDF已获取
L-BE25999BBD,rand,RAND,待回填,2026-07-09,W3,High Bandwidth Memory: What It Is and Why It Matters,rand_report,https://www.rand.org/pubs/perspectives/PEA4748-1.html,C:\Users\WINDOWS\OneDrive\知识库\智库信息爬虫\archive\rand\2026\High Bandwidth Memory What It Is and Why It Matters_2026-07-09_PEA4748-1.md,full_text,P1,待编码,待编码,本地近期候选,待筛选,W3近期观点与反证候选,C:\Users\WINDOWS\OneDrive\知识库\智库信息爬虫\国际主要科技智库观点演变_研判\03_证据底稿\原文PDF\L-BE25999BBD.pdf,官方PDF已获取
L-D2694E16F5,bruegel,Bruegel,待回填,2026-07-09,W3,The flaws in the European Union’s proposed Industrial Accelerator Act and how to fix them,brief,https://www.bruegel.org/policy-brief/flaws-european-unions-proposed-industrial-accelerator-act-and-how-fix-them,C:\Users\WINDOWS\OneDrive\知识库\智库信息爬虫\archive\bruegel\2026\The flaws in the European Union’s proposed Industrial Accelerator Act and how to fix them_2026-07-09_BRUEGEL.md,full_text,P1,待编码,待编码,本地近期候选,待筛选,W3近期观点与反证候选,C:\Users\WINDOWS\OneDrive\知识库\智库信息爬虫\国际主要科技智库观点演变_研判\03_证据底稿\原文PDF\L-D2694E16F5.pdf,官方PDF已获取
L-DED324C8F7,rand,RAND,待回填,2026-07-09,W3,Do Robots Lure Us to War? The Impact of the Robotic Revolution on the Propensity for Armed Conflict,rand_report,https://www.rand.org/pubs/rgs_dissertations/RGSDA5114-1.html,C:\Users\WINDOWS\OneDrive\知识库\智库信息爬虫\archive\rand\2026\Do Robots Lure Us to War The Impact of the Robotic Revolution on the Propensity for Armed Conflict_2026-07-09_RGSDA5114-1.md,full_text,P0,待编码,待编码,本地近期候选,待筛选,W3近期观点与反证候选,C:\Users\WINDOWS\OneDrive\知识库\智库信息爬虫\国际主要科技智库观点演变_研判\03_证据底稿\原文PDF\L-DED324C8F7.pdf,官方PDF已获取
C-NBR-68BA73979C,nbr,National Bureau of Asian Research,美国,2026-07-14,W3,The Cybersecurity Case for Korean Cloud Reform Financial Sector Reforms Are the Model to Follow,NBR评论,https://www.nbr.org/publication/the-cybersecurity-case-for-korean-cloud-reform-financial-sector-reforms-are-the-model-to-follow/,,本地原文已保存,P1-regional-tech-baseline,人工智能、芯片与算力；网络安全与数字治理；技术供应链与出口管制；创新体系、标准与知识产权,作者评论或论文,NBR科技与中国专题库/区域技术基线/核心科技直接材料,待编码,中国科技竞争、印太技术治理、供应链安全、创新合作及区域比较专题复用,C:\Users\WINDOWS\OneDrive\知识库\智库信息爬虫\国际主要科技智库观点演变_研判\03_证据底稿\网页文本\C-NBR-68BA73979C.txt,官方网页全文已保存
C-NBR-B3D77EE488,nbr,National Bureau of Asian Research,美国,2026-07-14,W3,The World Data Organization China's Influence on Global Data Governance,NBR评论,https://www.nbr.org/publication/the-world-data-organization-chinas-expanding-influence-on-global-data/,,本地原文已保存,P0-China-tech-corpus,人工智能、芯片与算力；网络安全与数字治理；创新体系、标准与知识产权,作者评论或论文,NBR科技与中国专题库/直接涉华科技/核心科技直接材料,待编码,中国科技竞争、印太技术治理、供应链安全、创新合作及区域比较专题复用,C:\Users\WINDOWS\OneDrive\知识库\智库信息爬虫\国际主要科技智库观点演变_研判\03_证据底稿\网页文本\C-NBR-B3D77EE488.txt,官方网页全文已保存
L-0755BD9E43,rand,RAND,待回填,2026-07-14,W3,Reforming Federal Research Funding: RAND Comments on the Office of Management and Budget’s May 2026 Notice of Proposed Rulemaking Revising the Guidance for Federal Financial Assistance,rand_report,https://www.rand.org/pubs/corporate_pubs/CPA5111-1.html,C:\Users\WINDOWS\OneDrive\知识库\智库信息爬虫\archive\rand\2026\Reforming Federal Research Funding RAND Comments on the Office of Management and Budget’s May 2026 Notice of Proposed Ru_2026-07-14_CPA5111-1.md,full_text,P1,待编码,待编码,本地近期候选,待筛选,W3近期观点与反证候选,C:\Users\WINDOWS\OneDrive\知识库\智库信息爬虫\国际主要科技智库观点演变_研判\03_证据底稿\原文PDF\L-0755BD9E43.pdf,官方PDF已获取
C-BRUEGEL-98A0C0EE9D,bruegel,Bruegel,欧盟,2026-07-15,W3,A plan for a World Trade Organization sectoral agreement on semiconductors,working-paper,https://www.bruegel.org/working-paper/plan-world-trade-organization-sectoral-agreement-semiconductors,,本地原文已保存,P0-core-tech,芯片、关键技术与科研创新,作者/项目正式研究,Bruegel科技与中国专题库/核心科技直接材料,待编码,欧洲科技创新、产业政策、关键技术、中欧竞争合作及经济安全专题复用,C:\Users\WINDOWS\OneDrive\知识库\智库信息爬虫\国际主要科技智库观点演变_研判\03_证据底稿\原文PDF\C-BRUEGEL-98A0C0EE9D.pdf,官方PDF已保存并校验
L-DDB3A6140F,csis,Center for Strategic and International Studies,待回填,2026-07-15,W3,Making AI Work for Cyber Defenders: A Strategy for Strengthening U.S. Cybersecurity,report,https://www.csis.org/analysis/making-ai-work-cyber-defenders-strategy-strengthening-us-cybersecurity,C:\Users\WINDOWS\OneDrive\知识库\智库信息爬虫\archive\csis\2026\Making AI Work for Cyber Defenders A Strategy for Strengthening U.S. Cybersecurity_2026-07-15_CSIS.md,full_text,P0,待编码,待编码,本地近期候选,待筛选,W3近期观点与反证候选,C:\Users\WINDOWS\OneDrive\知识库\智库信息爬虫\国际主要科技智库观点演变_研判\03_证据底稿\原文PDF\L-DDB3A6140F.pdf,官方PDF已获取
L-BF088D7E04,rand,RAND,待回填,2026-07-16,W3,Pooling Europe's compute: The promise of distributed training for European frontier AI,rand_report,https://www.rand.org/pubs/research_reports/RRA5013-1.html,C:\Users\WINDOWS\OneDrive\知识库\智库信息爬虫\archive\rand\2026\Pooling Europe's compute The promise of distributed training for European frontier AI_2026-07-16_RRA5013-1.md,full_text,P0,待编码,待编码,本地近期候选,待筛选,W3近期观点与反证候选,C:\Users\WINDOWS\OneDrive\知识库\智库信息爬虫\国际主要科技智库观点演变_研判\03_证据底稿\原文PDF\L-BF088D7E04.pdf,官方PDF已获取
L-F4BE938EE1,atlantic-council-geotech,Atlantic Council GeoTech Center and Cyber Statecraft Initiative,待回填,2026-07-16,W3,Artificial intelligence and the future of African mining,report,https://www.atlanticcouncil.org/in-depth-research-reports/report/artificial-intelligence-and-the-future-of-african-mining/,C:\Users\WINDOWS\OneDrive\知识库\智库信息爬虫\archive\atlantic-council-geotech\2026\Artificial intelligence and the future of African mining_2026-07-16_ATLANTIC-COUNCIL-GEOTECH.md,full_text,P1,待编码,待编码,本地近期候选,待筛选,W3近期观点与反证候选,C:\Users\WINDOWS\OneDrive\知识库\智库信息爬虫\国际主要科技智库观点演变_研判\03_证据底稿\原文PDF\L-F4BE938EE1.pdf,官方PDF已获取
L-2AAA07A132,csis,Center for Strategic and International Studies,待回填,2026-07-17,W3,Trade Tools for Accelerating the Electric Vehicle Transition: Best Practices from Existing Frameworks,report,https://www.csis.org/analysis/trade-tools-accelerating-electric-vehicle-transition-best-practices-existing-frameworks,C:\Users\WINDOWS\OneDrive\知识库\智库信息爬虫\archive\csis\2026\Trade Tools for Accelerating the Electric Vehicle Transition Best Practices from Existing Frameworks_2026-07-17_CSIS.md,full_text,P1,待编码,待编码,本地近期候选,待筛选,W3近期观点与反证候选,C:\Users\WINDOWS\OneDrive\知识库\智库信息爬虫\国际主要科技智库观点演变_研判\03_证据底稿\原文PDF\L-2AAA07A132.pdf,官方PDF已获取
L-C44219EEFE,rand,RAND,待回填,2026-07-20,W3,Restricting AI Agent Use of Biological Tools: Exploring the Feasibility of Software Barriers,rand_report,https://www.rand.org/pubs/research_reports/RRA5000-1.html,C:\Users\WINDOWS\OneDrive\知识库\智库信息爬虫\archive\rand\2026\Restricting AI Agent Use of Biological Tools Exploring the Feasibility of Software Barriers_2026-07-20_RRA5000-1.md,full_text,P0,待编码,待编码,本地近期候选,待筛选,W3近期观点与反证候选,C:\Users\WINDOWS\OneDrive\知识库\智库信息爬虫\国际主要科技智库观点演变_研判\03_证据底稿\原文PDF\L-C44219EEFE.pdf,官方PDF已获取
L-F9DDAD8CD2,rand,RAND,待回填,2026-07-20,W3,Securing AI Algorithmic Insights,rand_report,https://www.rand.org/pubs/research_reports/RRA4685-1.html,C:\Users\WINDOWS\OneDrive\知识库\智库信息爬虫\archive\rand\2026\Securing AI Algorithmic Insights_2026-07-20_RRA4685-1.md,full_text,P0,待编码,待编码,本地近期候选,待筛选,W3近期观点与反证候选,C:\Users\WINDOWS\OneDrive\知识库\智库信息爬虫\国际主要科技智库观点演变_研判\03_证据底稿\原文PDF\L-F9DDAD8CD2.pdf,官方PDF已获取
L-29B1F19185,us-ostp,White House Office of Science and Technology Policy,待回填,2026-07-21,W3,Science: A New Golden Age,official_strategy,https://www.whitehouse.gov/science/,C:\Users\WINDOWS\OneDrive\知识库\智库信息爬虫\archive\us-ostp\2026\Science A New Golden Age_2026-07-21_US-OSTP.md,full_text,P1,待编码,待编码,本地近期候选,待筛选,W3近期观点与反证候选,C:\Users\WINDOWS\OneDrive\知识库\智库信息爬虫\国际主要科技智库观点演变_研判\03_证据底稿\原文PDF\L-29B1F19185.pdf,官方PDF已获取
L-2AADAF9693,rand,RAND,待回填,2026-07-21,W3,The Men and Women of Project Firestar—How the United States Developed the Labor Force to Colonize Titan: A Backcasting Analysis of Labor Force Requirements for U.S. Technoeconomic Leadership Through 2050,rand_report,https://www.rand.org/pubs/perspectives/PEA3365-2.html,C:\Users\WINDOWS\OneDrive\知识库\智库信息爬虫\archive\rand\2026\The Men and Women of Project Firestar—How the United States Developed the Labor Force to Colonize Titan A Backcasting An_2026-07-21_PEA3365-2.md,full_text,P0,待编码,待编码,本地近期候选,待筛选,W3近期观点与反证候选,C:\Users\WINDOWS\OneDrive\知识库\智库信息爬虫\国际主要科技智库观点演变_研判\03_证据底稿\原文PDF\L-2AADAF9693.pdf,官方PDF已获取
L-A7EC7965A3,rand,RAND,待回填,2026-07-21,W3,China's strategic petroleum reserve as a geoeconomic tool: A 'what if' exercise,rand_report,https://www.rand.org/pubs/research_reports/RRA5069-1.html,C:\Users\WINDOWS\OneDrive\知识库\智库信息爬虫\archive\rand\2026\China's strategic petroleum reserve as a geoeconomic tool A 'what if' exercise_2026-07-21_RRA5069-1.md,full_text,P0,待编码,待编码,本地近期候选,待筛选,W3近期观点与反证候选,C:\Users\WINDOWS\OneDrive\知识库\智库信息爬虫\国际主要科技智库观点演变_研判\03_证据底稿\原文PDF\L-A7EC7965A3.pdf,官方PDF已获取
L-7215E70407,rand,RAND,待回填,2026-07-23,W3,"Sustaining Agile Operations: Volume 2, Energy and Water Technology Survey",rand_report,https://www.rand.org/pubs/research_reports/RRA3582-2.html,"C:\Users\WINDOWS\OneDrive\知识库\智库信息爬虫\archive\rand\2026\Sustaining Agile Operations Volume 2, Energy and Water Technology Survey_2026-07-23_RRA3582-2.md",full_text,P1,待编码,待编码,本地近期候选,待筛选,W3近期观点与反证候选,C:\Users\WINDOWS\OneDrive\知识库\智库信息爬虫\国际主要科技智库观点演变_研判\03_证据底稿\原文PDF\L-7215E70407.pdf,官方PDF已获取
L-EBB34EAEA0,stepi,Science and Technology Policy Institute Korea,待回填,2026-07-24,W3,"Policy Measures to Improve Innovation Special Zones for Advancing Supra-Regional Mega Special Zones under the Five-Pole, Three-Special-Region Framework",report,https://www.stepi.re.kr/site/stepien/ex/bbs/publicationView.do?pageIndex=1&cbIdx=1303&reIdx=135&cateCont=A0508,"C:\Users\WINDOWS\OneDrive\知识库\智库信息爬虫\archive\stepi\2026\Policy Measures to Improve Innovation Special Zones for Advancing Supra-Regional Mega Special Zones under the Five-Pole,_2026-07-24_STEPI.md",full_text,P1,待编码,待编码,本地近期候选,待筛选,W3近期观点与反证候选,C:\Users\WINDOWS\OneDrive\知识库\智库信息爬虫\国际主要科技智库观点演变_研判\03_证据底稿\原文PDF\L-EBB34EAEA0.pdf,官方PDF已获取
C-BEL-AA7FE010FD,belfer,Belfer Center for Science and International Affairs,美国,2026-07-28,W3,Europe’s Falcon Moment: Five Recommendations to Create the Conditions for Europe’s Own SpaceX,研究报告与论文,https://www.belfercenter.org/research-analysis/europes-falcon-moment-five-recommendations-create-conditions-europes-own-spacex,,本地原文已保存,P0-China-tech-corpus,人工智能、芯片与算力；网络安全与数字治理；技术供应链与出口管制；创新体系与产业政策；国防、航天与无人系统；生物、量子及其他前沿技术,作者/项目正式研究,Belfer涉华科技专题库,待编码,中美科技竞争、数字安全、创新政策、能源技术及国防前沿技术专题复用,C:\Users\WINDOWS\OneDrive\知识库\智库信息爬虫\国际主要科技智库观点演变_研判\03_证据底稿\网页文本\C-BEL-AA7FE010FD.txt,官方网页全文已保存
L-0EB658CE1E,rand,RAND,待回填,2026-07-30,W3,A Structured Approach to Identifying and Characterizing AI Vulnerabilities,rand_report,https://www.rand.org/pubs/research_reports/RRA4983-1.html,C:\Users\WINDOWS\OneDrive\知识库\智库信息爬虫\archive\rand\2026\A Structured Approach to Identifying and Characterizing AI Vulnerabilities_2026-07-30_RRA4983-1.md,full_text,P1,待编码,待编码,本地近期候选,待筛选,W3近期观点与反证候选,C:\Users\WINDOWS\OneDrive\知识库\智库信息爬虫\国际主要科技智库观点演变_研判\03_证据底稿\原文PDF\L-0EB658CE1E.pdf,官方PDF已获取
L-0B2690FAD4,rand,RAND,待回填,2026-07-31,W3,A U.S. Strategy to Prevent the Creation of Mirror Life,rand_report,https://www.rand.org/pubs/research_reports/RRA4335-1.html,C:\Users\WINDOWS\OneDrive\知识库\智库信息爬虫\archive\rand\2026\A U.S. Strategy to Prevent the Creation of Mirror Life_2026-07-31_RRA4335-1.md,full_text,P1,待编码,待编码,本地近期候选,待筛选,W3近期观点与反证候选,C:\Users\WINDOWS\OneDrive\知识库\智库信息爬虫\国际主要科技智库观点演变_研判\03_证据底稿\原文PDF\L-0B2690FAD4.pdf,官方PDF已获取
L-DB25D0DE14,rand,RAND,待回填,2026-07-31,W3,Principles for Communicating the Risks of Mirror Life,rand_report,https://www.rand.org/pubs/perspectives/PEA4619-1.html,C:\Users\WINDOWS\OneDrive\知识库\智库信息爬虫\archive\rand\2026\Principles for Communicating the Risks of Mirror Life_2026-07-31_PEA4619-1.md,full_text,P1,待编码,待编码,本地近期候选,待筛选,W3近期观点与反证候选,C:\Users\WINDOWS\OneDrive\知识库\智库信息爬虫\国际主要科技智库观点演变_研判\03_证据底稿\原文PDF\L-DB25D0DE14.pdf,官方PDF已获取
L-B325D24283,rand,RAND,待回填,2026-08-03,W3,The Composition of Federal R&D Spending and U.S. Productivity Growth,rand_report,https://www.rand.org/pubs/working_papers/WRA4392-1.html,C:\Users\WINDOWS\OneDrive\知识库\智库信息爬虫\archive\rand\2026\The Composition of Federal R&D Spending and U.S. Productivity Growth_2026-08-03_WRA4392-1.md,full_text,P1,待编码,待编码,本地近期候选,待筛选,W3近期观点与反证候选,C:\Users\WINDOWS\OneDrive\知识库\智库信息爬虫\国际主要科技智库观点演变_研判\03_证据底稿\原文PDF\L-B325D24283.pdf,官方PDF已获取
L-822BB9037B,rand,RAND,待回填,2026-08-04,W3,AI and the Future of Emergency Management: Market Supply and Adoption Pathways,rand_report,https://www.rand.org/pubs/research_reports/RRA4625-1.html,C:\Users\WINDOWS\OneDrive\知识库\智库信息爬虫\archive\rand\2026\AI and the Future of Emergency Management Market Supply and Adoption Pathways_2026-08-04_RRA4625-1.md,full_text,P0,待编码,待编码,本地近期候选,待筛选,W3近期观点与反证候选,C:\Users\WINDOWS\OneDrive\知识库\智库信息爬虫\国际主要科技智库观点演变_研判\03_证据底稿\原文PDF\L-822BB9037B.pdf,官方PDF已获取
L-E6817129A1,rand,RAND,待回填,2026-08-04,W3,Secure Inference Data Centers: A Vertically Integrated Strategy for Security Engineering,rand_report,https://www.rand.org/pubs/research_reports/RRA4827-1.html,C:\Users\WINDOWS\OneDrive\知识库\智库信息爬虫\archive\rand\2026\Secure Inference Data Centers A Vertically Integrated Strategy for Security Engineering_2026-08-04_RRA4827-1.md,full_text,P1,待编码,待编码,本地近期候选,待筛选,W3近期观点与反证候选,C:\Users\WINDOWS\OneDrive\知识库\智库信息爬虫\国际主要科技智库观点演变_研判\03_证据底稿\原文PDF\L-E6817129A1.pdf,官方PDF已获取
C-NBR-38676F46AC,nbr,National Bureau of Asian Research,美国,2026-08-06,W3,Digital Regulation in Asia: Assessing South Korea's Outlier Approach,NBR评论,https://www.nbr.org/publication/digital-regulation-in-asia-assessing-south-koreas-outlier-approach/,,本地原文已保存,P1-regional-tech-baseline,人工智能、芯片与算力；网络安全与数字治理；技术供应链与出口管制；创新体系、标准与知识产权；生物、量子及其他前沿技术,作者评论或论文,NBR科技与中国专题库/区域技术基线/核心科技直接材料,待编码,中国科技竞争、印太技术治理、供应链安全、创新合作及区域比较专题复用,C:\Users\WINDOWS\OneDrive\知识库\智库信息爬虫\国际主要科技智库观点演变_研判\03_证据底稿\原文PDF\C-NBR-38676F46AC.pdf,官方PDF已保存并校验
L-3B99E95EB6,rand,RAND,待回填,2026-08-06,W3,"Interpreting Dual-Use Biology Benchmarks for Frontier AI: Measurement, Saturation, and Generational Analysis",rand_report,https://www.rand.org/pubs/research_reports/RRA5055-1.html,"C:\Users\WINDOWS\OneDrive\知识库\智库信息爬虫\archive\rand\2026\Interpreting Dual-Use Biology Benchmarks for Frontier AI Measurement, Saturation, and Generational Analysis_2026-08-06_RRA5055-1.md",full_text,P0,待编码,待编码,本地近期候选,待筛选,W3近期观点与反证候选,C:\Users\WINDOWS\OneDrive\知识库\智库信息爬虫\国际主要科技智库观点演变_研判\03_证据底稿\原文PDF\L-3B99E95EB6.pdf,官方PDF已获取
L-E4412CA4DF,rand,RAND,待回填,2026-08-06,W3,China's Retirement Reform and the 2035 Statutory Working-Age Window: Buying Time amid Demographic Decline and AI-Driven Change,rand_report,https://www.rand.org/pubs/research_reports/RRA4750-1.html,C:\Users\WINDOWS\OneDrive\知识库\智库信息爬虫\archive\rand\2026\China's Retirement Reform and the 2035 Statutory Working-Age Window Buying Time amid Demographic Decline and AI-Driven C_2026-08-06_RRA4750-1.md,full_text,P0,待编码,待编码,本地近期候选,待筛选,W3近期观点与反证候选,C:\Users\WINDOWS\OneDrive\知识库\智库信息爬虫\国际主要科技智库观点演变_研判\03_证据底稿\原文PDF\L-E4412CA4DF.pdf,官方PDF已获取
L-686CB9E0D8,rand,RAND,待回填,2026-08-11,W3,Testing Large Language Model Agents on the Use of Biological Tools for Nucleic Acid Synthesis Screening Evasion,rand_report,https://www.rand.org/pubs/research_reports/RRA4741-2.html,C:\Users\WINDOWS\OneDrive\知识库\智库信息爬虫\archive\rand\2026\Testing Large Language Model Agents on the Use of Biological Tools for Nucleic Acid Synthesis Screening Evasion_2026-08-11_RRA4741-2.md,full_text,P0,待编码,待编码,本地近期候选,待筛选,W3近期观点与反证候选,C:\Users\WINDOWS\OneDrive\知识库\智库信息爬虫\国际主要科技智库观点演变_研判\03_证据底稿\原文PDF\L-686CB9E0D8.pdf,官方PDF已获取
L-81F6C7A46B,rand,RAND,待回填,2026-08-11,W3,Assessing the Energy Potential of Artificial Intelligence Data Center Sites: A Framework for Comparing Site Suitability,rand_report,https://www.rand.org/pubs/research_briefs/RBA3845-3.html,C:\Users\WINDOWS\OneDrive\知识库\智库信息爬虫\archive\rand\2026\Assessing the Energy Potential of Artificial Intelligence Data Center Sites A Framework for Comparing Site Suitability_2026-08-11_RBA3845-3.md,full_text,P1,待编码,待编码,本地近期候选,待筛选,W3近期观点与反证候选,C:\Users\WINDOWS\OneDrive\知识库\智库信息爬虫\国际主要科技智库观点演变_研判\03_证据底稿\原文PDF\L-81F6C7A46B.pdf,官方PDF已获取
L-A7C9BAFAF3,stepi,Science and Technology Policy Institute Korea,待回填,2026-08-11,W3,Policy Measures to Enhance Manufacturing Data Utilization for AI Transformation (AX) in Manufacturing Firms: A Supply Chain-Based Approach,report,https://www.stepi.re.kr/site/stepien/ex/bbs/publicationView.do?pageIndex=1&cbIdx=1303&reIdx=137&cateCont=A0508,C:\Users\WINDOWS\OneDrive\知识库\智库信息爬虫\archive\stepi\2026\Policy Measures to Enhance Manufacturing Data Utilization for AI Transformation (AX) in Manufacturing Firms A Supply Cha_2026-08-11_STEPI.md,full_text,P0,待编码,待编码,本地近期候选,待筛选,W3近期观点与反证候选,C:\Users\WINDOWS\OneDrive\知识库\智库信息爬虫\国际主要科技智库观点演变_研判\03_证据底稿\原文PDF\L-A7C9BAFAF3.pdf,官方PDF已获取
L-ED55BFA8CD,rand,RAND,待回填,2026-08-11,W3,Modernizing Department of the Air Force Training and Education Approaches: Leveraging Stackable Certificates for Artificial Intelligence and Advanced Technologies,rand_report,https://www.rand.org/pubs/perspectives/PEA4950-1.html,C:\Users\WINDOWS\OneDrive\知识库\智库信息爬虫\archive\rand\2026\Modernizing Department of the Air Force Training and Education Approaches Leveraging Stackable Certificates for Artifici_2026-08-11_PEA4950-1.md,full_text,P1,待编码,待编码,本地近期候选,待筛选,W3近期观点与反证候选,C:\Users\WINDOWS\OneDrive\知识库\智库信息爬虫\国际主要科技智库观点演变_研判\03_证据底稿\原文PDF\L-ED55BFA8CD.pdf,官方PDF已获取
L-07B00F3A8F,rand,RAND,待回填,2026-08-12,W3,Respirator Surge Manufacturing: Options to Ensure U.S. Small and Medium-Sized Enterprises Can Surge the Manufacturing of Respiratory Personal Protective Equipment,rand_report,https://www.rand.org/pubs/research_reports/RRA5031-1.html,C:\Users\WINDOWS\OneDrive\知识库\智库信息爬虫\archive\rand\2026\Respirator Surge Manufacturing Options to Ensure U.S. Small and Medium-Sized Enterprises Can Surge the Manufacturing of_2026-08-12_RRA5031-1.md,full_text,P1,待编码,待编码,本地近期候选,待筛选,W3近期观点与反证候选,C:\Users\WINDOWS\OneDrive\知识库\智库信息爬虫\国际主要科技智库观点演变_研判\03_证据底稿\原文PDF\L-07B00F3A8F.pdf,官方PDF已获取
C-NBR-004A59E9B6,nbr,National Bureau of Asian Research,美国,2026-08-19,W3,Achieving Cyber Risk Resilience Analyzing Alternative Policy Approaches,NBR研究报告,https://www.nbr.org/publication/achieving-cyber-risk-resilience-analyzing-alternative-policy-approaches/,,本地原文已保存,P0-China-tech-corpus,人工智能、芯片与算力；网络安全与数字治理；技术供应链与出口管制；创新体系、标准与知识产权；生物、量子及其他前沿技术,作者/项目正式研究,NBR科技与中国专题库/含中国比较的印太技术材料/核心科技直接材料,待编码,中国科技竞争、印太技术治理、供应链安全、创新合作及区域比较专题复用,C:\Users\WINDOWS\OneDrive\知识库\智库信息爬虫\国际主要科技智库观点演变_研判\03_证据底稿\原文PDF\C-NBR-004A59E9B6.pdf,官方PDF已保存并校验
