报告ID,统一目录报告ID,发布日期,报告名称,官方类型,科技创新相关度,中国直接信号,官方落地页,页面摘要,资料层级,全文策略,采集日期
C-ITIF-RB-2016-WORST-INNOVATION-MERCANTILIST-POLICIES-2015,C-ITIF-RB-2016-WORST-INNOVATION-MERCANTILIST-POLICIES-2015,2016-01-11,The Worst Innovation Mercantilist Policies of 2015,Reports & Briefings,核心,否,https://itif.org/publications/2016/01/11/worst-innovation-mercantilist-policies-2015/,The third edition of ITIF’s annual report on the scourge of “innovation mercantilism” highlights 10 of the world’s most glaring examples of protectionist policies subverting innovation.,ITIF官方Reports & Briefings目录元数据,总目录保留；科技创新机制、中国比较或跨期节点进入全文层,2026-08-23
C-ITIF-RB-2016-SEEING-FOREST-TREES-WHY-DIGITAL-SINGLE-MARKET-MATTERS-TRANSATLANTIC,C-ITIF-RB-2016-SEEING-FOREST-TREES-WHY-DIGITAL-SINGLE-MARKET-MATTERS-TRANSATLANTIC,2016-01-19,Seeing the Forest for the Trees: Why the Digital Single Market Matters for Transatlantic Relations,Reports & Briefings,语境,否,https://itif.org/publications/2016/01/19/seeing-forest-trees-why-digital-single-market-matters-transatlantic/,Rob Atkinson writes for the German Marshall Fund that many of the European Commission’s proposals under the Digital Single Market seek to achieve one goal that will make it harder to achieve other goals.,ITIF官方Reports & Briefings目录元数据,总目录保留；科技创新机制、中国比较或跨期节点进入全文层,2026-08-23
S-ITIF-2016-01,S-ITIF-2016-01,2016-01-20,Contributors and Detractors: Ranking Countries’ Impact on Global Innovation,Reports & Briefings,核心,否,https://itif.org/publications/2016/01/20/contributors-and-detractors-ranking-countries-impact-global-innovation/,This report assesses 56 countries on how their economic and trade policies contribute to and detract from innovation globally.,ITIF官方Reports & Briefings目录元数据,总目录保留；科技创新机制、中国比较或跨期节点进入全文层,2026-08-23
C-ITIF-RB-2016-WHY-US-NEEDS-NEW-TECH-DRIVEN-GROWTH-STRATEGY,C-ITIF-RB-2016-WHY-US-NEEDS-NEW-TECH-DRIVEN-GROWTH-STRATEGY,2016-02-01,"Why the U.S. Needs A New, Tech-Driven Growth Strategy",Reports & Briefings,支撑,否,https://itif.org/publications/2016/02/01/why-us-needs-new-tech-driven-growth-strategy/,America needs to invest more in the fundamental assets that drive long-term productivity growth. This is the only way to achieve steady increases in living standards.,ITIF官方Reports & Briefings目录元数据,总目录保留；科技创新机制、中国比较或跨期节点进入全文层,2026-08-23
C-ITIF-RB-2016-SUPPRESSING-GROWTH-HOW-GMO-OPPOSITION-HURTS-DEVELOPING-NATIONS,C-ITIF-RB-2016-SUPPRESSING-GROWTH-HOW-GMO-OPPOSITION-HURTS-DEVELOPING-NATIONS,2016-02-08,Suppressing Growth: How GMO Opposition Hurts Developing Nations,Reports & Briefings,核心,否,https://itif.org/publications/2016/02/08/suppressing-growth-how-gmo-opposition-hurts-developing-nations/,Anti-GMO activists have erected barriers to agricultural biotech innovation that could cost the poorest nations on earth up to $1.5 trillion through 2050.,ITIF官方Reports & Briefings目录元数据,总目录保留；科技创新机制、中国比较或跨期节点进入全文层,2026-08-23
C-ITIF-RB-2016-WHY-LIFE-SCIENCES-INNOVATION-POLITICALLY-PURPLE,C-ITIF-RB-2016-WHY-LIFE-SCIENCES-INNOVATION-POLITICALLY-PURPLE,2016-02-22,Why Life-Sciences Innovation Is Politically “Purple”— and How Partisans Get It Wrong,Reports & Briefings,核心,否,https://itif.org/publications/2016/02/22/why-life-sciences-innovation-politically-purple/,America’s success in discovering and developing drugs depends on the twin pillars of federal support for scientific research and a strong IP and reimbursement system that promotes private-sector innovation.,ITIF官方Reports & Briefings目录元数据,总目录保留；科技创新机制、中国比较或跨期节点进入全文层,2026-08-23
C-ITIF-RB-2016-DEMOGRAPHICS-INNOVATION-UNITED-STATES,C-ITIF-RB-2016-DEMOGRAPHICS-INNOVATION-UNITED-STATES,2016-02-24,The Demographics of Innovation in the United States,Reports & Briefings,核心,否,https://itif.org/publications/2016/02/24/demographics-innovation-united-states/,A groundbreaking ITIF survey shows why the country needs to broaden and deepen its pool of potential innovators with better STEM immigration and education policies.,ITIF官方Reports & Briefings目录元数据,总目录保留；科技创新机制、中国比较或跨期节点进入全文层,2026-08-23
C-ITIF-RB-2016-EUROPE-SHOULD-EMBRACE-DATA-REVOLUTION,C-ITIF-RB-2016-EUROPE-SHOULD-EMBRACE-DATA-REVOLUTION,2016-02-29,Europe Should Embrace the Data Revolution,Reports & Briefings,核心,否,https://itif.org/publications/2016/02/29/europe-should-embrace-data-revolution/,"In Europe’s capital cities and in Brussels, policymakers have not yet fully embraced data-driven innovation as a core driver of economic and social progress.",ITIF官方Reports & Briefings目录元数据,总目录保留；科技创新机制、中国比较或跨期节点进入全文层,2026-08-23
C-ITIF-RB-2016-BROADBAND-PRIVACY-FOLLY-SECTOR-SPECIFIC-RULES,C-ITIF-RB-2016-BROADBAND-PRIVACY-FOLLY-SECTOR-SPECIFIC-RULES,2016-03-01,Broadband Privacy: The Folly of Sector-Specific Rules,Reports & Briefings,语境,否,https://itif.org/publications/2016/03/01/broadband-privacy-folly-sector-specific-rules/,ITIF report rejects calls for the FCC to regulate broadband privacy differently than the rest of our digital economy.,ITIF官方Reports & Briefings目录元数据,总目录保留；科技创新机制、中国比较或跨期节点进入全文层,2026-08-23
C-ITIF-RB-2016-UNLOCKING-ENCRYPTION-INFORMATION-SECURITY-AND-RULE-LAW,C-ITIF-RB-2016-UNLOCKING-ENCRYPTION-INFORMATION-SECURITY-AND-RULE-LAW,2016-03-14,Unlocking Encryption: Information Security and the Rule of Law,Reports & Briefings,语境,否,https://itif.org/publications/2016/03/14/unlocking-encryption-information-security-and-rule-law/,"This report examines the debate over encryption and concludes governments should not limit encryption, because it would reduce overall security, make it more difficult for companies to compete abroad, and limit progress in information security.",ITIF官方Reports & Briefings目录元数据,总目录保留；科技创新机制、中国比较或跨期节点进入全文层,2026-08-23
C-ITIF-RB-2016-HOW-NATIONAL-POLICIES-IMPACT-GLOBAL-BIOPHARMA-INNOVATION-WORLDWIDE-RANKING,C-ITIF-RB-2016-HOW-NATIONAL-POLICIES-IMPACT-GLOBAL-BIOPHARMA-INNOVATION-WORLDWIDE-RANKING,2016-04-07,How National Policies Impact Global Biopharma Innovation: A Worldwide Ranking,Reports & Briefings,核心,否,https://itif.org/publications/2016/04/07/how-national-policies-impact-global-biopharma-innovation-worldwide-ranking/,This report ranks 56 countries based on the extent to which their domestic policies support global biopharmaceutical innovation.,ITIF官方Reports & Briefings目录元数据,总目录保留；科技创新机制、中国比较或跨期节点进入全文层,2026-08-23
C-ITIF-RB-2016-THREE-PATHS-UPDATE-LABOR-LAW-GIG-ECONOMY,C-ITIF-RB-2016-THREE-PATHS-UPDATE-LABOR-LAW-GIG-ECONOMY,2016-04-18,Three Paths to Update Labor Law for the Gig Economy,Reports & Briefings,语境,否,https://itif.org/publications/2016/04/18/three-paths-update-labor-law-gig-economy/,"U.S. labor law doesn’t know what to do with people who make all or part of their living on gig-enabling Internet platforms like Uber or TaskRabbit. Policymakers should fix the law, adapt it, or suspend it.",ITIF官方Reports & Briefings目录元数据,总目录保留；科技创新机制、中国比较或跨期节点进入全文层,2026-08-23
C-ITIF-RB-2016-FINANCIAL-DATA-DOES-NOT-NEED-OR-DESERVE-SPECIAL-TREATMENT-TRADE-AGREEMENTS,C-ITIF-RB-2016-FINANCIAL-DATA-DOES-NOT-NEED-OR-DESERVE-SPECIAL-TREATMENT-TRADE-AGREEMENTS,2016-04-25,Financial Data Does Not Need or Deserve Special Treatment in Trade Agreements,Reports & Briefings,语境,否,https://itif.org/publications/2016/04/25/financial-data-does-not-need-or-deserve-special-treatment-trade-agreements/,"By pushing for a financial data carve-out in the TPP, the United States has undermined its own interests and sent a dangerous message that may encourage countries to enact more protectionist data policies.",ITIF官方Reports & Briefings目录元数据,总目录保留；科技创新机制、中国比较或跨期节点进入全文层,2026-08-23
C-ITIF-RB-2016-VITAL-IMPORTANCE-HIGH-PERFORMANCE-COMPUTING-US-COMPETITIVENESS,C-ITIF-RB-2016-VITAL-IMPORTANCE-HIGH-PERFORMANCE-COMPUTING-US-COMPETITIVENESS,2016-04-28,The Vital Importance of High-Performance Computing to U.S. Competitiveness,Reports & Briefings,核心,否,https://itif.org/publications/2016/04/28/vital-importance-high-performance-computing-us-competitiveness/,"High-performance computing is a strategic resource for economic competitiveness, scientific leadership, and national security. To remain a leader in the field, the United States must commit to sustaining a robust ecosystem for the technology.",ITIF官方Reports & Briefings目录元数据,总目录保留；科技创新机制、中国比较或跨期节点进入全文层,2026-08-23
C-ITIF-RB-2016-THINK-ENTERPRISE-WHY-NATIONS-NEED-COMPREHENSIVE-PRODUCTIVITY-STRATEGIES,C-ITIF-RB-2016-THINK-ENTERPRISE-WHY-NATIONS-NEED-COMPREHENSIVE-PRODUCTIVITY-STRATEGIES,2016-05-04,Think Like an Enterprise: Why Nations Need Comprehensive Productivity Strategies,Reports & Briefings,支撑,否,https://itif.org/publications/2016/05/04/think-enterprise-why-nations-need-comprehensive-productivity-strategies/,Productivity is the key to improving living standards—so policymakers should ignore conventional economists who say there is little government can do about it and instead make it the principal goal of economic policy.,ITIF官方Reports & Briefings目录元数据,总目录保留；科技创新机制、中国比较或跨期节点进入全文层,2026-08-23
C-ITIF-RB-2016-POLICYMAKERS-GUIDE-DIGITAL-INFRASTRUCTURE,C-ITIF-RB-2016-POLICYMAKERS-GUIDE-DIGITAL-INFRASTRUCTURE,2016-05-16,A Policymaker’s Guide to Digital Infrastructure,Reports & Briefings,语境,否,https://itif.org/publications/2016/05/16/policymakers-guide-digital-infrastructure/,"Transforming traditional “bricks and mortar” infrastructures into “hybrid” digital infrastructures will unlock new economic opportunities, create jobs, and improve quality of life.",ITIF官方Reports & Briefings目录元数据,总目录保留；科技创新机制、中国比较或跨期节点进入全文层,2026-08-23
C-ITIF-RB-2016-MOBILE-ZERO-RATING-ECONOMICS-AND-INNOVATION-BEHIND-FREE-DATA,C-ITIF-RB-2016-MOBILE-ZERO-RATING-ECONOMICS-AND-INNOVATION-BEHIND-FREE-DATA,2016-05-23,Mobile Zero Rating: The Economics and Innovation Behind Free Data,Reports & Briefings,核心,否,https://itif.org/publications/2016/05/23/mobile-zero-rating-economics-and-innovation-behind-free-data/,Zero rating should be welcomed as a sign of healthy product differentiation that better allocates scarce resources while improving customer value.,ITIF官方Reports & Briefings目录元数据,总目录保留；科技创新机制、中国比较或跨期节点进入全文层,2026-08-23
C-ITIF-RB-2016-CASE-IMPROVING-US-COMPUTER-SCIENCE-EDUCATION,C-ITIF-RB-2016-CASE-IMPROVING-US-COMPUTER-SCIENCE-EDUCATION,2016-05-31,The Case for Improving U.S. Computer Science Education,Reports & Briefings,核心,否,https://itif.org/publications/2016/05/31/case-improving-us-computer-science-education/,"Despite surging demand, computer science education is only just beginning to gain traction in U.S. school systems. Policymakers should expand access to rigorous, high-quality courses in both high school and college.",ITIF官方Reports & Briefings目录元数据,总目录保留；科技创新机制、中国比较或跨期节点进入全文层,2026-08-23
C-ITIF-RB-2016-CRAFTING-INNOVATION-ENABLING-TRADE-SERVICES-AGREEMENT,C-ITIF-RB-2016-CRAFTING-INNOVATION-ENABLING-TRADE-SERVICES-AGREEMENT,2016-06-06,Crafting an Innovation-Enabling Trade in Services Agreement,Reports & Briefings,核心,否,https://itif.org/publications/2016/06/06/crafting-innovation-enabling-trade-services-agreement/,"A high-standard Trade in Services Agreement can update the rules governing services trade for the digital age, and in doing so, provide economy-wide improvements in productivity and innovation.",ITIF官方Reports & Briefings目录元数据,总目录保留；科技创新机制、中国比较或跨期节点进入全文层,2026-08-23
C-ITIF-RB-2016-ITS-GOING-KILL-US-AND-OTHER-MYTHS-ABOUT-FUTURE-ARTIFICIAL-INTELLIGENCE,C-ITIF-RB-2016-ITS-GOING-KILL-US-AND-OTHER-MYTHS-ABOUT-FUTURE-ARTIFICIAL-INTELLIGENCE,2016-06-06,“It’s Going to Kill Us!” and Other Myths About the Future of Artificial Intelligence,Reports & Briefings,核心,否,https://itif.org/publications/2016/06/06/its-going-kill-us-and-other-myths-about-future-artificial-intelligence/,"Critics claim AI will produce a parade of horribles, from joblessness to our eventual doom. This report debunks such myths and explains why policymakers should actively support AI innovation.",ITIF官方Reports & Briefings目录元数据,总目录保留；科技创新机制、中国比较或跨期节点进入全文层,2026-08-23
C-ITIF-RB-2016-RESTORING-INVESTMENT-AMERICAS-ECONOMY,C-ITIF-RB-2016-RESTORING-INVESTMENT-AMERICAS-ECONOMY,2016-06-13,Restoring Investment in America’s Economy,Reports & Briefings,核心,否,https://itif.org/publications/2016/06/13/restoring-investment-americas-economy/,"We are seeing continued progress in technological innovation, yet anemic productivity growth. A big reason is that public and private investment have fallen in the last decade. It’s time for serious pro-investment policies.",ITIF官方Reports & Briefings目录元数据,总目录保留；科技创新机制、中国比较或跨期节点进入全文层,2026-08-23
C-ITIF-RB-2016-US-LABOR-MARKET-FAR-MORE-STABLE-PEOPLE-THINK,C-ITIF-RB-2016-US-LABOR-MARKET-FAR-MORE-STABLE-PEOPLE-THINK,2016-06-20,The U.S. Labor Market Is Far More Stable Than People Think,Reports & Briefings,核心,否,https://itif.org/publications/2016/06/20/us-labor-market-far-more-stable-people-think/,"The prevailing narrative is that U.S. workers have never been less secure, facing a high threat of job loss. In fact, job security is at an all-time high. The mismatch between perception and reality risks stirring opposition to globalization and technological innovation.",ITIF官方Reports & Briefings目录元数据,总目录保留；科技创新机制、中国比较或跨期节点进入全文层,2026-08-23
C-ITIF-RB-2016-5G-AND-NEXT-GENERATION-WIRELESS-IMPLICATIONS-POLICY-AND-COMPETITION,C-ITIF-RB-2016-5G-AND-NEXT-GENERATION-WIRELESS-IMPLICATIONS-POLICY-AND-COMPETITION,2016-06-30,5G and Next Generation Wireless: Implications for Policy and Competition,Reports & Briefings,语境,否,https://itif.org/publications/2016/06/30/5g-and-next-generation-wireless-implications-policy-and-competition/,"5G networks will greatly expand wireless functionality, but need policymaker support to truly flourish.",ITIF官方Reports & Briefings目录元数据,总目录保留；科技创新机制、中国比较或跨期节点进入全文层,2026-08-23
C-ITIF-RB-2016-TRILLION-DOLLAR-OPPORTUNITY-HOW-BRAIN-RESEARCH-CAN-DRIVE-HEALTH-AND,C-ITIF-RB-2016-TRILLION-DOLLAR-OPPORTUNITY-HOW-BRAIN-RESEARCH-CAN-DRIVE-HEALTH-AND,2016-07-11,A Trillion-Dollar Opportunity: How Brain Research Can Drive Health and Prosperity,Reports & Briefings,核心,否,https://itif.org/publications/2016/07/11/trillion-dollar-opportunity-how-brain-research-can-drive-health-and/,Spurring biopharmaceutical innovation to understand and cure brain diseases and disorders could improve health outcomes for more than 50 million Americans while increasing GDP by up to $1.5 trillion or more.,ITIF官方Reports & Briefings目录元数据,总目录保留；科技创新机制、中国比较或跨期节点进入全文层,2026-08-23
C-ITIF-RB-2016-HOW-FEDERAL-GOVERNMENT-USING-INTERNET-THINGS,C-ITIF-RB-2016-HOW-FEDERAL-GOVERNMENT-USING-INTERNET-THINGS,2016-07-25,How Is the Federal Government Using the Internet of Things?,Reports & Briefings,语境,否,https://itif.org/publications/2016/07/25/how-federal-government-using-internet-things/,"There are many opportunities for federal agencies to use the Internet of Things, but adoption is low and will remain so unless important changes are made to encourage adoption across the federal government.",ITIF官方Reports & Briefings目录元数据,总目录保留；科技创新机制、中国比较或跨期节点进入全文层,2026-08-23
C-ITIF-RB-2016-WHY-ITS-TIME-DISRUPT-HIGHER-EDUCATION-SEPARATING-LEARNING-CREDENTIALING,C-ITIF-RB-2016-WHY-ITS-TIME-DISRUPT-HIGHER-EDUCATION-SEPARATING-LEARNING-CREDENTIALING,2016-08-01,Why It’s Time to Disrupt Higher Education by Separating Learning From Credentialing,Reports & Briefings,语境,否,https://itif.org/publications/2016/08/01/why-its-time-disrupt-higher-education-separating-learning-credentialing/,Creating alternatives to traditional degrees would let students pursue their best options for learning and apply competitive pressure on colleges and universities to improve quality and reduce the costs of education.,ITIF官方Reports & Briefings目录元数据,总目录保留；科技创新机制、中国比较或跨期节点进入全文层,2026-08-23
C-ITIF-RB-2016-WHY-BROADBAND-DISCOUNTS-DATA-ARE-PRO-CONSUMER,C-ITIF-RB-2016-WHY-BROADBAND-DISCOUNTS-DATA-ARE-PRO-CONSUMER,2016-08-15,Why Broadband Discounts for Data Are Pro-Consumer,Reports & Briefings,支撑,否,https://itif.org/publications/2016/08/15/why-broadband-discounts-data-are-pro-consumer/,Prohibiting data-based price differentiation would be terrible policy and a remarkably paternalistic departure from a common practice that is widely accepted throughout the economy.,ITIF官方Reports & Briefings目录元数据,总目录保留；科技创新机制、中国比较或跨期节点进入全文层,2026-08-23
C-ITIF-RB-2016-HOW-WEBSITE-BLOCKING-CURBING-DIGITAL-PIRACY-WITHOUT-BREAKING-INTERNET,C-ITIF-RB-2016-HOW-WEBSITE-BLOCKING-CURBING-DIGITAL-PIRACY-WITHOUT-BREAKING-INTERNET,2016-08-22,How Website Blocking Is Curbing Digital Piracy Without “Breaking the Internet”,Reports & Briefings,语境,否,https://itif.org/publications/2016/08/22/how-website-blocking-curbing-digital-piracy-without-breaking-internet/,"Five years after the furor over the Stop Online Piracy Act, empirical evidence shows blocking piracy sites is effective and does no harm. This should serve as an object lesson for policymakers to take alarmist rhetoric with a grain of salt.",ITIF官方Reports & Briefings目录元数据,总目录保留；科技创新机制、中国比较或跨期节点进入全文层,2026-08-23
C-ITIF-RB-2016-CLINTON-VS-TRUMP-COMPARING-CANDIDATES-POSITIONS-TECHNOLOGY-AND-INNOVATION,C-ITIF-RB-2016-CLINTON-VS-TRUMP-COMPARING-CANDIDATES-POSITIONS-TECHNOLOGY-AND-INNOVATION,2016-09-06,Clinton vs. Trump: Comparing the Candidates’ Positions on Technology and Innovation,Reports & Briefings,核心,否,https://itif.org/publications/2016/09/06/clinton-vs-trump-comparing-candidates-positions-technology-and-innovation/,"From R&D and advanced manufacturing to the Internet and digital economy, Trump focuses more on reducing government barriers while Clinton focuses more on engaging government as an active partner alongside industry.",ITIF官方Reports & Briefings目录元数据,总目录保留；科技创新机制、中国比较或跨期节点进入全文层,2026-08-23
C-ITIF-RB-2016-WHY-AMERICA-STILL-NEEDS-TAX-REFORM-AND-WHY-THERE-ARE-FAINT-GLIMMERS-HOPE,C-ITIF-RB-2016-WHY-AMERICA-STILL-NEEDS-TAX-REFORM-AND-WHY-THERE-ARE-FAINT-GLIMMERS-HOPE,2016-09-19,Why America Still Needs Tax Reform (And Why There Are Faint Glimmers of Hope),Reports & Briefings,语境,否,https://itif.org/publications/2016/09/19/why-america-still-needs-tax-reform-and-why-there-are-faint-glimmers-hope/,"Comprehensive tax reform done the right way could simultaneously improve America’s fiscal debt, its trade debt, and its investment debt—but it won’t happen without a determined push by the next president.",ITIF官方Reports & Briefings目录元数据,总目录保留；科技创新机制、中国比较或跨期节点进入全文层,2026-08-23
C-ITIF-RB-2016-HOW-TPP-CRITICS-MUDDLE-FACTS-FICTIONS-AND-UNFOUNDED-FEARS-POINT-POINT,C-ITIF-RB-2016-HOW-TPP-CRITICS-MUDDLE-FACTS-FICTIONS-AND-UNFOUNDED-FEARS-POINT-POINT,2016-09-26,"How TPP Critics Muddle Facts, Fictions, and Unfounded Fears: A Point-by-Point Analysis",Reports & Briefings,语境,否,https://itif.org/publications/2016/09/26/how-tpp-critics-muddle-facts-fictions-and-unfounded-fears-point-point/,"At stake in the debate over the TPP is the very future of globalization: Will robust economic integration and trade liberalization continue, or will opponents halt or reverse it?",ITIF官方Reports & Briefings目录元数据,总目录保留；科技创新机制、中国比较或跨期节点进入全文层,2026-08-23
C-ITIF-RB-2016-EUROPE-SHOULD-PROMOTE-DATA-SOCIAL-GOOD,C-ITIF-RB-2016-EUROPE-SHOULD-PROMOTE-DATA-SOCIAL-GOOD,2016-10-03,Europe Should Promote Data for Social Good,Reports & Briefings,核心,否,https://itif.org/publications/2016/10/03/europe-should-promote-data-social-good/,"Data-driven innovations have the power to address some of the most pressing social challenges in Europe by better informing policy and program design, improving service delivery, and spurring social innovations.",ITIF官方Reports & Briefings目录元数据,总目录保留；科技创新机制、中国比较或跨期节点进入全文层,2026-08-23
C-ITIF-RB-2016-PROMISE-ARTIFICIAL-INTELLIGENCE-70-REAL-WORLD-EXAMPLES,C-ITIF-RB-2016-PROMISE-ARTIFICIAL-INTELLIGENCE-70-REAL-WORLD-EXAMPLES,2016-10-10,The Promise of Artificial Intelligence: 70 Real-World Examples,Reports & Briefings,核心,否,https://itif.org/publications/2016/10/10/promise-artificial-intelligence-70-real-world-examples/,Artificial intelligence is generating substantial benefits in many sectors of the economy and society. Policymakers should take this to heart as they evaluate how to spur further development and adoption of the technology.,ITIF官方Reports & Briefings目录元数据,总目录保留；科技创新机制、中国比较或跨期节点进入全文层,2026-08-23
C-ITIF-RB-2016-POLICY-PRINCIPLES-FINTECH,C-ITIF-RB-2016-POLICY-PRINCIPLES-FINTECH,2016-10-18,Policy Principles for Fintech,Reports & Briefings,核心,否,https://itif.org/publications/2016/10/18/policy-principles-fintech/,"This report examines recent technological trends in financial services, offering policy principles that policymakers should follow to increase innovation in financial services to better serve consumers, businesses, and investors.",ITIF官方Reports & Briefings目录元数据,总目录保留；科技创新机制、中国比较或跨期节点进入全文层,2026-08-23
C-ITIF-RB-2016-RESCUING-LOW-CARBON-ENERGY-TRANSITION-MAGICAL-THINKING,C-ITIF-RB-2016-RESCUING-LOW-CARBON-ENERGY-TRANSITION-MAGICAL-THINKING,2016-10-27,Rescuing the Low-Carbon Energy Transition From Magical Thinking,Reports & Briefings,核心,否,https://itif.org/publications/2016/10/27/rescuing-low-carbon-energy-transition-magical-thinking/,"To create a low-carbon energy system, we must overcome not just climate-change deniers, but also advocates of illusions such as the idea that all we need is a “science push,” carbon pricing, or more subsidies for existing technologies.",ITIF官方Reports & Briefings目录元数据,总目录保留；科技创新机制、中国比较或跨期节点进入全文层,2026-08-23
C-ITIF-RB-2016-WHY-SMALL-BUSINESS-SHOULD-NOT-GET-VETO-OVER-CORPORATE-TAX-REFORM,C-ITIF-RB-2016-WHY-SMALL-BUSINESS-SHOULD-NOT-GET-VETO-OVER-CORPORATE-TAX-REFORM,2016-11-07,Why Small Business Should Not Get a Veto Over Corporate Tax Reform,Reports & Briefings,核心,否,https://itif.org/publications/2016/11/07/why-small-business-should-not-get-veto-over-corporate-tax-reform/,"Corporate tax reform, especially reducing the effective rates on investment and research and addressing taxation of foreign-source income, is too important to be held up by any one special interest group.",ITIF官方Reports & Briefings目录元数据,总目录保留；科技创新机制、中国比较或跨期节点进入全文层,2026-08-23
C-ITIF-RB-2016-PRESIDENT-ELECT-TRUMPS-POSITIONS-TECHNOLOGY-AND-INNOVATION,C-ITIF-RB-2016-PRESIDENT-ELECT-TRUMPS-POSITIONS-TECHNOLOGY-AND-INNOVATION,2016-11-09,President-Elect Trump’s Positions on Technology and Innovation,Reports & Briefings,核心,否,https://itif.org/publications/2016/11/09/president-elect-trumps-positions-technology-and-innovation/,Technological innovation is critically important to both income growth and national competitiveness. So it is important that we examine President-elect Trump’s policy agenda through that lens.,ITIF官方Reports & Briefings目录元数据,总目录保留；科技创新机制、中国比较或跨期节点进入全文层,2026-08-23
C-ITIF-RB-2016-BUILDING-DATA-DRIVEN-EDUCATION-SYSTEM-UNITED-STATES,C-ITIF-RB-2016-BUILDING-DATA-DRIVEN-EDUCATION-SYSTEM-UNITED-STATES,2016-11-15,Building a Data-Driven Education System in the United States,Reports & Briefings,支撑,否,https://itif.org/publications/2016/11/15/building-data-driven-education-system-united-states/,"While most Americans are empowered by data and technology in many aspects of their lives, U.S. schools are largely failing to use data to transform and improve education.",ITIF官方Reports & Briefings目录元数据,总目录保留；科技创新机制、中国比较或跨期节点进入全文层,2026-08-23
C-ITIF-RB-2016-TRANSITION-MEMO-PRESIDENT-ELECT-TRUMP-HOW-SPUR-INNOVATION-PRODUCTIVITY-AND,C-ITIF-RB-2016-TRANSITION-MEMO-PRESIDENT-ELECT-TRUMP-HOW-SPUR-INNOVATION-PRODUCTIVITY-AND,2016-11-16,"Transition Memo to President Trump: How to Spur Innovation, Productivity, and Competitiveness",Reports & Briefings,核心,否,https://itif.org/publications/2016/11/16/transition-memo-president-elect-trump-how-spur-innovation-productivity-and/,"ITIF offers a set of actionable proposals to spur innovation, productivity, and competitiveness that the Trump administration can accomplish in its first year.",ITIF官方Reports & Briefings目录元数据,总目录保留；科技创新机制、中国比较或跨期节点进入全文层,2026-08-23
C-ITIF-RB-2016-TECHNATION,C-ITIF-RB-2016-TECHNATION,2016-11-28,High-Tech Nation: How Technological Innovation Shapes America’s 435 Congressional Districts,Reports & Briefings,核心,否,https://itif.org/publications/2016/11/28/technation/,"America’s innovation-driven, high-tech economy isn’t concentrated around a few hubs like Silicon Valley; it is widely diffused—and every state and congressional district has a stake in its success.",ITIF官方Reports & Briefings目录元数据,总目录保留；科技创新机制、中国比较或跨期节点进入全文层,2026-08-23
C-ITIF-RB-2016-POLICYMAKERS-GUIDE-SMART-MANUFACTURING,C-ITIF-RB-2016-POLICYMAKERS-GUIDE-SMART-MANUFACTURING,2016-11-30,A Policymaker’s Guide to Smart Manufacturing,Reports & Briefings,语境,否,https://itif.org/publications/2016/11/30/policymakers-guide-smart-manufacturing/,"Smart manufacturing—the application of information technologies to manufacturing processes—is poised to transform how products are designed, fabricated, serviced, and used. But to speed this transformation, the federal government needs smarter policies for smart manufacturing.",ITIF官方Reports & Briefings目录元数据,总目录保留；科技创新机制、中国比较或跨期节点进入全文层,2026-08-23
C-ITIF-RB-2016-LOCALIZING-ECONOMIC-IMPACT-RESEARCH-AND-DEVELOPMENT-POLICY-PROPOSALS-TRUMP,C-ITIF-RB-2016-LOCALIZING-ECONOMIC-IMPACT-RESEARCH-AND-DEVELOPMENT-POLICY-PROPOSALS-TRUMP,2016-12-07,Localizing the Economic Impact of Research and Development: Policy Proposals for the Trump Administration and Congress,Reports & Briefings,核心,否,https://itif.org/publications/2016/12/07/localizing-economic-impact-research-and-development-policy-proposals-trump/,"ITIF and Brookings collaborate to suggest 50 policy proposals that the Trump administration and Congress can undertake to bolster tech transfer, commercialization, and innovation.",ITIF官方Reports & Briefings目录元数据,已进入精选全文；按本地原始资产、文本和切片调用,2026-08-23
C-ITIF-RB-2016-IMPACT-ASYNCHRONOUS-APPROVALS-BIOTECH-CROPS-AGRICULTURAL-SUSTAINABILITY,C-ITIF-RB-2016-IMPACT-ASYNCHRONOUS-APPROVALS-BIOTECH-CROPS-AGRICULTURAL-SUSTAINABILITY,2016-12-07,"The Impact of Asynchronous Approvals for Biotech Crops on Agricultural Sustainability, Trade, and Innovation",Reports & Briefings,核心,否,https://itif.org/publications/2016/12/07/impact-asynchronous-approvals-biotech-crops-agricultural-sustainability/,Val Giddings contributed to a new report from the Council for Agricultural Science and Technology outlining trade costs due to scientifically indefensible regulation.,ITIF官方Reports & Briefings目录元数据,总目录保留；科技创新机制、中国比较或跨期节点进入全文层,2026-08-23
C-ITIF-RB-2016-EVERYTHING-US-GOVERNMENT-DOING-HELP-PRIVATE-SECTOR-BUILD-INTERNET-THINGS,C-ITIF-RB-2016-EVERYTHING-US-GOVERNMENT-DOING-HELP-PRIVATE-SECTOR-BUILD-INTERNET-THINGS,2016-12-12,Everything the US Government Is Doing to Help the Private Sector Build the Internet of Things,Reports & Briefings,语境,否,https://itif.org/publications/2016/12/12/everything-us-government-doing-help-private-sector-build-internet-things/,"While the U.S. federal government has undertaken an array of important activities to support the development of the Internet of Things in the private sector, these efforts are mostly uncoordinated and the government lacks a strategic vision.",ITIF官方Reports & Briefings目录元数据,总目录保留；科技创新机制、中国比较或跨期节点进入全文层,2026-08-23
C-ITIF-RB-2016-ENERGY-INNOVATION-POLICY-PRIORITIES-TRUMP-ADMINISTRATION-AND-CONGRESS,C-ITIF-RB-2016-ENERGY-INNOVATION-POLICY-PRIORITIES-TRUMP-ADMINISTRATION-AND-CONGRESS,2016-12-13,Energy Innovation Policy: Priorities for the Trump Administration and Congress,Reports & Briefings,核心,否,https://itif.org/publications/2016/12/13/energy-innovation-policy-priorities-trump-administration-and-congress/,The United States is falling behind in the race to capitalize on the burgeoning clean energy market—but the race is not yet lost. This report offers five policy principles and a set of specific reforms for the Trump administration and the 115th Congress to turn the tables.,ITIF官方Reports & Briefings目录元数据,总目录保留；科技创新机制、中国比较或跨期节点进入全文层,2026-08-23
C-ITIF-RB-2017-INVESTING-INNOVATION-INFRASTRUCTURE-RESTORE-US-GROWTH,C-ITIF-RB-2017-INVESTING-INNOVATION-INFRASTRUCTURE-RESTORE-US-GROWTH,2017-01-03,Investing in “Innovation Infrastructure” to Restore U.S. Growth,Reports & Briefings,核心,否,https://itif.org/publications/2017/01/03/investing-innovation-infrastructure-restore-us-growth/,"Any stimulus program needs to focus more on “innovation infrastructure,” such as scientific and engineering research, than on traditional concrete and steel.",ITIF官方Reports & Briefings目录元数据,已进入精选全文；按本地原始资产、文本和切片调用,2026-08-23
C-ITIF-RB-2017-WORST-INNOVATION-MERCANTILIST-POLICIES-2016,C-ITIF-RB-2017-WORST-INNOVATION-MERCANTILIST-POLICIES-2016,2017-01-09,The Worst Innovation Mercantilist Policies of 2016,Reports & Briefings,核心,是,https://itif.org/publications/2017/01/09/worst-innovation-mercantilist-policies-2016/,"From China and Indonesia to Russia and Turkey, this report documents the year’s 10 worst cases of protectionist and trade-distorting polices that are subverting innovation in high-value tech sectors.",ITIF官方Reports & Briefings目录元数据,总目录保留；科技创新机制、中国比较或跨期节点进入全文层,2026-08-23
C-ITIF-RB-2017-HOW-BROADBAND-POPULISTS-ARE-PUSHING-GOVERNMENT-RUN-INTERNET-ONE-STEP-TIME,C-ITIF-RB-2017-HOW-BROADBAND-POPULISTS-ARE-PUSHING-GOVERNMENT-RUN-INTERNET-ONE-STEP-TIME,2017-01-23,How Broadband Populists Are Pushing for Government-Run Internet One Step at a Time,Reports & Briefings,支撑,否,https://itif.org/publications/2017/01/23/how-broadband-populists-are-pushing-government-run-internet-one-step-time/,"In a series of tactical skirmishes that distract attention from their broader strategy, a loose coalition of advocacy groups and academics is methodically working to transform America’s successful private-sector, competitive Internet model into at least a heavily regulated utility, if not government-owned networks.",ITIF官方Reports & Briefings目录元数据,总目录保留；科技创新机制、中国比较或跨期节点进入全文层,2026-08-23
C-ITIF-RB-2017-TEN-PRINCIPLES-GUIDE-TRUMP-ADMINISTRATIONS-MANUFACTURING-STRATEGY,C-ITIF-RB-2017-TEN-PRINCIPLES-GUIDE-TRUMP-ADMINISTRATIONS-MANUFACTURING-STRATEGY,2017-01-31,Ten Principles to Guide the Trump Administration’s Manufacturing Strategy,Reports & Briefings,语境,否,https://itif.org/publications/2017/01/31/ten-principles-guide-trump-administrations-manufacturing-strategy/,"The question of what an intelligent U.S. manufacturing strategy should entail is central to the future of the U.S. economy, so getting it right is critical. This paper offers a set of strategic principles.",ITIF官方Reports & Briefings目录元数据,总目录保留；科技创新机制、中国比较或跨期节点进入全文层,2026-08-23
C-ITIF-RB-2017-TRADE-VS-PRODUCTIVITY-WHAT-CAUSED-US-MANUFACTURINGS-DECLINE-AND-HOW-REVIVE,C-ITIF-RB-2017-TRADE-VS-PRODUCTIVITY-WHAT-CAUSED-US-MANUFACTURINGS-DECLINE-AND-HOW-REVIVE,2017-02-13,Trade vs. Productivity: What Caused U.S. Manufacturing’s Decline and How to Revive It,Reports & Briefings,支撑,否,https://itif.org/publications/2017/02/13/trade-vs-productivity-what-caused-us-manufacturings-decline-and-how-revive/,"Automation was not the primary culprit behind manufacturing job losses, and now too little automation is depressing U.S. output and leading to stagnation in U.S. manufacturing.",ITIF官方Reports & Briefings目录元数据,总目录保留；科技创新机制、中国比较或跨期节点进入全文层,2026-08-23
C-ITIF-RB-2017-FIVE-MUST-HAVES-AND-FIVE-NICE-HAVES-PRO-GROWTH-CORPORATE-TAX-REFORM,C-ITIF-RB-2017-FIVE-MUST-HAVES-AND-FIVE-NICE-HAVES-PRO-GROWTH-CORPORATE-TAX-REFORM,2017-02-21,Five Must-Haves (and Five Nice-to-Haves) for Pro-Growth Corporate Tax Reform,Reports & Briefings,核心,否,https://itif.org/publications/2017/02/21/five-must-haves-and-five-nice-haves-pro-growth-corporate-tax-reform/,"Given the tax code’s complexity and the divisive political environment, lawmakers should focus on provisions that spur investments in innovation, productivity, and competitiveness.",ITIF官方Reports & Briefings目录元数据,总目录保留；科技创新机制、中国比较或跨期节点进入全文层,2026-08-23
C-ITIF-RB-2017-WHY-SO-SAD-LOOK-CHANGE-TONE-TECHNOLOGY-REPORTING-1986-2013,C-ITIF-RB-2017-WHY-SO-SAD-LOOK-CHANGE-TONE-TECHNOLOGY-REPORTING-1986-2013,2017-02-22,Why So Sad? A Look at the Change in Tone of Technology Reporting From 1986 to 2013,Reports & Briefings,语境,否,https://itif.org/publications/2017/02/22/why-so-sad-look-change-tone-technology-reporting-1986-2013/,"While coverage of technology in the 1980s and early 1990s was largely favorable, the mood has soured over the years as criticisms have garnered an increasing share of coverage.",ITIF官方Reports & Briefings目录元数据,总目录保留；科技创新机制、中国比较或跨期节点进入全文层,2026-08-23
C-ITIF-RB-2017-BAD-BLUEPRINT-WHY-TRUMP-SHOULD-IGNORE-HERITAGE-PLAN-GUT-FEDERAL-INVESTMENT,C-ITIF-RB-2017-BAD-BLUEPRINT-WHY-TRUMP-SHOULD-IGNORE-HERITAGE-PLAN-GUT-FEDERAL-INVESTMENT,2017-02-27,Bad Blueprint: Why Trump Should Ignore the Heritage Plan to Gut Federal Investment,Reports & Briefings,核心,否,https://itif.org/publications/2017/02/27/bad-blueprint-why-trump-should-ignore-heritage-plan-gut-federal-investment/,"Numerous reports suggest that the Trump administration is considering adopting Heritage’s budget blueprint as its own. Doing so would harm U.S. competitiveness, productivity, and innovation.",ITIF官方Reports & Briefings目录元数据,总目录保留；科技创新机制、中国比较或跨期节点进入全文层,2026-08-23
C-ITIF-RB-2017-HOW-PRESCRIPTION-DRUG-USER-FEE-ACT-SUPPORTS-LIFE-SCIENCES-INNOVATION-AND,C-ITIF-RB-2017-HOW-PRESCRIPTION-DRUG-USER-FEE-ACT-SUPPORTS-LIFE-SCIENCES-INNOVATION-AND,2017-02-27,How the Prescription Drug User Fee Act Supports Life-Sciences Innovation and Speeds Cures,Reports & Briefings,核心,否,https://itif.org/publications/2017/02/27/how-prescription-drug-user-fee-act-supports-life-sciences-innovation-and/,"PDUFA enables a safe, timely, and efficient process of drug evaluation while applying best practices in regulatory science that support America’s global leadership in biomedical innovation.",ITIF官方Reports & Briefings目录元数据,总目录保留；科技创新机制、中国比较或跨期节点进入全文层,2026-08-23
C-ITIF-RB-2017-MYTH-DATA-MONOPOLY-WHY-ANTITRUST-CONCERNS-ABOUT-DATA-ARE-OVERBLOWN,C-ITIF-RB-2017-MYTH-DATA-MONOPOLY-WHY-ANTITRUST-CONCERNS-ABOUT-DATA-ARE-OVERBLOWN,2017-03-06,The Myth of Data Monopoly: Why Antitrust Concerns About Data Are Overblown,Reports & Briefings,核心,否,https://itif.org/publications/2017/03/06/myth-data-monopoly-why-antitrust-concerns-about-data-are-overblown/,"Data-rich companies are not a threat to competition, but rather an important source of innovation, which policymakers should encourage, not limit.",ITIF官方Reports & Briefings目录元数据,总目录保留；科技创新机制、中国比较或跨期节点进入全文层,2026-08-23
C-ITIF-RB-2017-BENCHMARKING-US-GOVERNMENT-WEBSITES,C-ITIF-RB-2017-BENCHMARKING-US-GOVERNMENT-WEBSITES,2017-03-08,Benchmarking U.S. Government Websites,Reports & Briefings,语境,否,https://itif.org/publications/2017/03/08/benchmarking-us-government-websites/,"The public relies on federal websites to access information and services from the U.S. government, yet 92 percent of its most popular sites fail to meet basic standards for security, speed, mobile friendliness, or accessibility.",ITIF官方Reports & Briefings目录元数据,总目录保留；科技创新机制、中国比较或跨期节点进入全文层,2026-08-23
E-ITIF-2017-MERC,E-ITIF-2017-MERC,2017-03-16,"Stopping China’s Mercantilism: A Doctrine of Constructive, Alliance-Backed Confrontation",Reports & Briefings,支撑,是,https://itif.org/publications/2017/03/16/stopping-chinas-mercantilism-doctrine-constructive-alliance-backed/,China’s systematic mercantilism is a threat to the U.S. economy and the very soul of the global trading system. America cannot respond with either flaccid appeasement or economic nationalism; it must assemble an international coalition that pressures China to stop rigging markets and start competing on fair terms.,ITIF官方Reports & Briefings目录元数据,总目录保留；科技创新机制、中国比较或跨期节点进入全文层,2026-08-23
C-ITIF-RB-2017-INNOVATION-ORCHARDS-HELPING-TECH-START-UPS-SCALE,C-ITIF-RB-2017-INNOVATION-ORCHARDS-HELPING-TECH-START-UPS-SCALE,2017-03-27,“Innovation Orchards”: Helping Tech Start-Ups Scale,Reports & Briefings,核心,否,https://itif.org/publications/2017/03/27/innovation-orchards-helping-tech-start-ups-scale/,"The new innovation orchard model brings together university, industry, and potentially government partners to provide start-ups with the know-how, access to technology, equipment, and bridge funding to scale up new technologies.",ITIF官方Reports & Briefings目录元数据,总目录保留；科技创新机制、中国比较或跨期节点进入全文层,2026-08-23
C-ITIF-RB-2017-HOW-TRUMP-ADMINISTRATION-CAN-UNSHACKLE-INNOVATION-AGRICULTURAL-BIOTECHNOLOGY,C-ITIF-RB-2017-HOW-TRUMP-ADMINISTRATION-CAN-UNSHACKLE-INNOVATION-AGRICULTURAL-BIOTECHNOLOGY,2017-04-03,How the Trump Administration Can Unshackle Innovation in Agricultural Biotechnology,Reports & Briefings,核心,否,https://itif.org/publications/2017/04/03/how-trump-administration-can-unshackle-innovation-agricultural-biotechnology/,"Fears of new discoveries have led to calls for “precautionary” regulation, which risks stifling agricultural innovation without any showing of need or benefit. There is a better way. The time is long past due for significant regulatory rollback.",ITIF官方Reports & Briefings目录元数据,总目录保留；科技创新机制、中国比较或跨期节点进入全文层,2026-08-23
C-ITIF-RB-2017-POLICYMAKERS-GUIDE-RURAL-BROADBAND-INFRASTRUCTURE,C-ITIF-RB-2017-POLICYMAKERS-GUIDE-RURAL-BROADBAND-INFRASTRUCTURE,2017-04-10,A Policymaker’s Guide to Rural Broadband Infrastructure,Reports & Briefings,支撑,否,https://itif.org/publications/2017/04/10/policymakers-guide-rural-broadband-infrastructure/,"To speed the buildout of rural broadband infrastructure, any federal infrastructure plan should focus first on unserved areas and rely on proven means such as reverse auctions.",ITIF官方Reports & Briefings目录元数据,总目录保留；科技创新机制、中国比较或跨期节点进入全文层,2026-08-23
C-ITIF-RB-2017-CROSS-BORDER-DATA-FLOWS-WHERE-ARE-BARRIERS-AND-WHAT-DO-THEY-COST,C-ITIF-RB-2017-CROSS-BORDER-DATA-FLOWS-WHERE-ARE-BARRIERS-AND-WHAT-DO-THEY-COST,2017-05-01,"Cross-Border Data Flows: Where Are the Barriers, and What Do They Cost?",Reports & Briefings,语境,否,https://itif.org/publications/2017/05/01/cross-border-data-flows-where-are-barriers-and-what-do-they-cost/,"A growing number of countries are making it more expensive and time consuming, if not illegal, to transfer data overseas. This reduces economic growth and undercuts social value.",ITIF官方Reports & Briefings目录元数据,总目录保留；科技创新机制、中国比较或跨期节点进入全文层,2026-08-23
C-ITIF-RB-2017-FALSE-ALARMISM-TECHNOLOGICAL-DISRUPTION-AND-US-LABOR-MARKET-1850-2015,C-ITIF-RB-2017-FALSE-ALARMISM-TECHNOLOGICAL-DISRUPTION-AND-US-LABOR-MARKET-1850-2015,2017-05-08,"False Alarmism: Technological Disruption and the U.S. Labor Market, 1850–2015",Reports & Briefings,核心,否,https://itif.org/publications/2017/05/08/false-alarmism-technological-disruption-and-us-labor-market-1850-2015/,"Contrary to popular perceptions, the labor market is not experiencing unprecedented technological disruption. In fact, occupational churn in the United States is at a historic low. It is time stop worrying and start accelerating productivity with more technological innovation.",ITIF官方Reports & Briefings目录元数据,总目录保留；科技创新机制、中国比较或跨期节点进入全文层,2026-08-23
C-ITIF-RB-2017-ROBOTS-AUTOMATION-AND-JOBS-PRIMER-POLICYMAKERS,C-ITIF-RB-2017-ROBOTS-AUTOMATION-AND-JOBS-PRIMER-POLICYMAKERS,2017-05-08,"Robots, Automation, and Jobs: A Primer for Policymakers",Reports & Briefings,核心,否,https://itif.org/publications/2017/05/08/robots-automation-and-jobs-primer-policymakers/,There is considerable confusion about the potential effects of emerging technologies such as robotics and artificial intelligence on employment. This primer outlines 13 key points to understand about that interaction.,ITIF官方Reports & Briefings目录元数据,总目录保留；科技创新机制、中国比较或跨期节点进入全文层,2026-08-23
C-ITIF-RB-2017-10-STEPS-CONGRESS-CAN-TAKE-ACCELERATE-DATA-INNOVATION,C-ITIF-RB-2017-10-STEPS-CONGRESS-CAN-TAKE-ACCELERATE-DATA-INNOVATION,2017-05-15,10 Steps Congress Can Take to Accelerate Data Innovation,Reports & Briefings,核心,否,https://itif.org/publications/2017/05/15/10-steps-congress-can-take-accelerate-data-innovation/,"To unlock the benefits of data-driven innovation, policymakers should support publishing data the government already collects, collecting more data that can be put to valuable use, and encouraging industries to make better use of data.",ITIF官方Reports & Briefings目录元数据,总目录保留；科技创新机制、中国比较或跨期节点进入全文层,2026-08-23
C-ITIF-RB-2017-HOW-JOINING-INFORMATION-TECHNOLOGY-AGREEMENT-SPURS-GROWTH-DEVELOPING-NATIONS,C-ITIF-RB-2017-HOW-JOINING-INFORMATION-TECHNOLOGY-AGREEMENT-SPURS-GROWTH-DEVELOPING-NATIONS,2017-05-22,How Joining the Information Technology Agreement Spurs Growth in Developing Nations,Reports & Briefings,语境,否,https://itif.org/publications/2017/05/22/how-joining-information-technology-agreement-spurs-growth-developing-nations/,"By reducing costs, the ITA leads to increased use of ICT goods, which spurs productivity and economic growth while deepening enterprises’ participation in global value chains. This generates new tax revenues to partially or fully offset tariff losses.",ITIF官方Reports & Briefings目录元数据,总目录保留；科技创新机制、中国比较或跨期节点进入全文层,2026-08-23
C-ITIF-RB-2017-HOW-REGULATORY-REFORM-CAN-ADVANCE-AUTOMATION-FREIGHT-TRANSPORTATION-SECTOR,C-ITIF-RB-2017-HOW-REGULATORY-REFORM-CAN-ADVANCE-AUTOMATION-FREIGHT-TRANSPORTATION-SECTOR,2017-06-12,How Regulatory Reform Can Advance Automation in the Freight Transportation Sector,Reports & Briefings,支撑,否,https://itif.org/publications/2017/06/12/how-regulatory-reform-can-advance-automation-freight-transportation-sector/,Automating freight transportation can increase productivity and safety. Regulators should encourage technological advances by providing clearer standards.,ITIF官方Reports & Briefings目录元数据,总目录保留；科技创新机制、中国比较或跨期节点进入全文层,2026-08-23
C-ITIF-RB-2017-HOW-CLOUD-COMPUTING-ENABLES-MODERN-MANUFACTURING,C-ITIF-RB-2017-HOW-CLOUD-COMPUTING-ENABLES-MODERN-MANUFACTURING,2017-06-22,How Cloud Computing Enables Modern Manufacturing,Reports & Briefings,语境,否,https://itif.org/publications/2017/06/22/how-cloud-computing-enables-modern-manufacturing/,Cloud computing represents a key platform technology that is playing an essential and foundational role in enabling the next production revolution. Policymakers should ensure it continues to transform manufacturing and bolster America’s manufacturing competitiveness.,ITIF官方Reports & Briefings目录元数据,总目录保留；科技创新机制、中国比较或跨期节点进入全文层,2026-08-23
C-ITIF-RB-2017-FORGING-TRANSATLANTIC-COOPERATION-NEXT-WAVE-INNOVATION,C-ITIF-RB-2017-FORGING-TRANSATLANTIC-COOPERATION-NEXT-WAVE-INNOVATION,2017-06-29,Forging Transatlantic Cooperation on the Next Wave of Innovation,Reports & Briefings,核心,否,https://itif.org/publications/2017/06/29/forging-transatlantic-cooperation-next-wave-innovation/,"“4.0 innovation” is something both sides of the Atlantic should not only welcome, but do everything possible to accelerate.",ITIF官方Reports & Briefings目录元数据,总目录保留；科技创新机制、中国比较或跨期节点进入全文层,2026-08-23
C-ITIF-RB-2017-WHY-EXPANDING-RD-TAX-CREDIT-KEY-20SUCCESSFUL-CORPORATE-TAX-REFORM,C-ITIF-RB-2017-WHY-EXPANDING-RD-TAX-CREDIT-KEY-20SUCCESSFUL-CORPORATE-TAX-REFORM,2017-07-05,Why Expanding the R&D Tax Credit Is Key to Successful Corporate Tax Reform,Reports & Briefings,核心,否,https://itif.org/publications/2017/07/05/why-expanding-rd-tax-credit-key-%20successful-corporate-tax-reform/,"Reducing or eliminating the R&D tax credit to “pay for” a lower corporate rate would be a serious mistake. To boost productivity and competitiveness, Congress should lower the corporate rate while expanding the research credit’s Alternative Simplified Credit from 14 to 20 percent.",ITIF官方Reports & Briefings目录元数据,总目录保留；科技创新机制、中国比较或跨期节点进入全文层,2026-08-23
C-ITIF-RB-2017-ENABLING-CUSTOMER-DRIVEN-INNOVATION-FEDERAL-GOVERNMENT,C-ITIF-RB-2017-ENABLING-CUSTOMER-DRIVEN-INNOVATION-FEDERAL-GOVERNMENT,2017-07-10,Enabling Customer-Driven Innovation in the Federal Government,Reports & Briefings,核心,否,https://itif.org/publications/2017/07/10/enabling-customer-driven-innovation-federal-government/,"Driving the transformation of the federal enterprise through innovation is central not just to improving the lives of Americans and boosting productivity, but also to restoring faith in government.",ITIF官方Reports & Briefings目录元数据,总目录保留；科技创新机制、中国比较或跨期节点进入全文层,2026-08-23
C-ITIF-RB-2017-HOW-LAW-ENFORCEMENT-SHOULD-ACCESS-DATA-ACROSS-BORDERS,C-ITIF-RB-2017-HOW-LAW-ENFORCEMENT-SHOULD-ACCESS-DATA-ACROSS-BORDERS,2017-07-24,How Law Enforcement Should Access Data Across Borders,Reports & Briefings,语境,否,https://itif.org/publications/2017/07/24/how-law-enforcement-should-access-data-across-borders/,"Current legal processes and treaties to allow law enforcement access to data stored abroad are woefully out of date and needlessly complex. No nation can solve this problem alone, but the United States can and should lead the way on needed reforms. This report proposes a path forward.",ITIF官方Reports & Briefings目录元数据,总目录保留；科技创新机制、中国比较或跨期节点进入全文层,2026-08-23
C-ITIF-RB-2017-ACROSS-SECOND-VALLEY-DEATH-DESIGNING-SUCCESSFUL-ENERGY-DEMONSTRATION,C-ITIF-RB-2017-ACROSS-SECOND-VALLEY-DEATH-DESIGNING-SUCCESSFUL-ENERGY-DEMONSTRATION,2017-07-26,Across the “Second Valley of Death”: Designing Successful Energy Demonstration Projects,Reports & Briefings,核心,否,https://itif.org/publications/2017/07/26/across-second-valley-death-designing-successful-energy-demonstration/,"The United States should build and sustain a robust, diverse portfolio of technology demonstration projects as part of a comprehensive clean-energy innovation policy. Its current portfolio is not robust—and it is rapidly dwindling.",ITIF官方Reports & Briefings目录元数据,已进入精选全文；按本地原始资产、文本和切片调用,2026-08-23
C-ITIF-RB-2017-BEST-STATES-FOR-DATA-INNOVATION,C-ITIF-RB-2017-BEST-STATES-FOR-DATA-INNOVATION,2017-07-31,The Best States for Data Innovation,Reports & Briefings,核心,否,https://itif.org/publications/2017/07/31/best-states-for-data-innovation/,"While data-driven innovation is a global phenomenon, some regions are better poised to enjoy the resulting benefits because they have invested in and supported the conditions necessary to succeed in the data economy. This is also true within the United States.",ITIF官方Reports & Briefings目录元数据,总目录保留；科技创新机制、中国比较或跨期节点进入全文层,2026-08-23
C-ITIF-RB-2017-HOW-E-LABELS-CAN-SUPPORT-TRADE-AND-INNOVATION-ICT,C-ITIF-RB-2017-HOW-E-LABELS-CAN-SUPPORT-TRADE-AND-INNOVATION-ICT,2017-09-25,How E-Labels Can Support Trade and Innovation in ICT,Reports & Briefings,核心,否,https://itif.org/publications/2017/09/25/how-e-labels-can-support-trade-and-innovation-ict/,"Displaying regulatory and other product information via electronic means—as an “e-label”—is a sensible alternative to the jumbled collection of physical labels we now have on ICT goods. Given how products are shrinking, physical labels can inhibit innovation.",ITIF官方Reports & Briefings目录元数据,总目录保留；科技创新机制、中国比较或跨期节点进入全文层,2026-08-23
C-ITIF-RB-2017-ASSESSING-BENEFITS-FULL-ITA-PARTICIPATION-INDONESIA-LAOS-SRI-LANKA-AND,C-ITIF-RB-2017-ASSESSING-BENEFITS-FULL-ITA-PARTICIPATION-INDONESIA-LAOS-SRI-LANKA-AND,2017-09-28,"Assessing the Benefits of Full ITA Participation for Indonesia, Laos, Sri Lanka, and Vietnam",Reports & Briefings,支撑,否,https://itif.org/publications/2017/09/28/assessing-benefits-full-ita-participation-indonesia-laos-sri-lanka-and/,"By reducing costs, the Information Technology Agreement (ITA) leads to increased use of ICT goods, which spurs productivity and economic growth in signatory nations, while deepening their enterprises’ participation in global value chains.",ITIF官方Reports & Briefings目录元数据,总目录保留；科技创新机制、中国比较或跨期节点进入全文层,2026-08-23
C-ITIF-RB-2017-STATE-DATA-INNOVATION-EU,C-ITIF-RB-2017-STATE-DATA-INNOVATION-EU,2017-10-10,The State of Data Innovation in the EU,Reports & Briefings,核心,否,https://itif.org/publications/2017/10/10/state-data-innovation-eu/,"Data innovation is making a major contribution to Europe’s economy, but there are stark variations between countries. This report uses a variety of indicators to measure data innovation in the EU and rank its 28 member states, identifying why some countries are ahead, and what others can do to catch up.",ITIF官方Reports & Briefings目录元数据,总目录保留；科技创新机制、中国比较或跨期节点进入全文层,2026-08-23
C-ITIF-RB-2017-PROTECTING-PARTNERS-OR-PRESERVING-FIEFDOMS-HOW-REFORM-COUNTERINTELLIGENCE,C-ITIF-RB-2017-PROTECTING-PARTNERS-OR-PRESERVING-FIEFDOMS-HOW-REFORM-COUNTERINTELLIGENCE,2017-10-16,Protecting Partners or Preserving Fiefdoms? How to Reform Counterintelligence Outreach to Industry,Reports & Briefings,语境,否,https://itif.org/publications/2017/10/16/protecting-partners-or-preserving-fiefdoms-how-reform-counterintelligence/,"It’s time for a new approach to counterintelligence outreach to the commercial sector—one that focuses more on recognizing and responding to threat indicators, less on turning to investigators once damage has already been done.",ITIF官方Reports & Briefings目录元数据,总目录保留；科技创新机制、中国比较或跨期节点进入全文层,2026-08-23
C-ITIF-RB-2017-HOW-NATIONAL-GOVERNMENTS-CAN-HELP-SMART-CITIES-SUCCEED,C-ITIF-RB-2017-HOW-NATIONAL-GOVERNMENTS-CAN-HELP-SMART-CITIES-SUCCEED,2017-10-30,How National Governments Can Help Smart Cities Succeed,Reports & Briefings,语境,否,https://itif.org/publications/2017/10/30/how-national-governments-can-help-smart-cities-succeed/,"While local governments can and should manage much of the evolution to “smart cities,” national governments have an important role to play as well in accelerating and coordinating their development. Indeed, the long-term success of smart cities will likely depend on whether national governments support their development.",ITIF官方Reports & Briefings目录元数据,总目录保留；科技创新机制、中国比较或跨期节点进入全文层,2026-08-23
C-ITIF-RB-2017-BLOCKED-WHY-SOME-COMPANIES-RESTRICT-DATA-ACCESS-REDUCE-COMPETITION-AND-HOW,C-ITIF-RB-2017-BLOCKED-WHY-SOME-COMPANIES-RESTRICT-DATA-ACCESS-REDUCE-COMPETITION-AND-HOW,2017-11-06,Blocked: Why Some Companies Restrict Data Access to Reduce Competition and How Open APIs Can Help,Reports & Briefings,核心,否,https://itif.org/publications/2017/11/06/blocked-why-some-companies-restrict-data-access-reduce-competition-and-how/,"In the real estate, financial services, and airline industries, some players use their market power to unfairly limit third parties accessing certain data, thereby hurting competition, innovation, and consumers.",ITIF官方Reports & Briefings目录元数据,总目录保留；科技创新机制、中国比较或跨期节点进入全文层,2026-08-23
C-ITIF-RB-2017-2017-STATE-NEW-ECONOMY-INDEX,C-ITIF-RB-2017-2017-STATE-NEW-ECONOMY-INDEX,2017-11-06,The 2017 State New Economy Index,Reports & Briefings,核心,否,https://itif.org/publications/2017/11/06/2017-state-new-economy-index/,"The State New Economy Index uses 25 indicators to measure the extent to which state economies are knowledge-based, globalized, entrepreneurial, IT-driven, and innovation-oriented.",ITIF官方Reports & Briefings目录元数据,总目录保留；科技创新机制、中国比较或跨期节点进入全文层,2026-08-23
C-ITIF-RB-2017-ARPA-E-VERSATILE-CATALYST-US-ENERGY-INNOVATION,C-ITIF-RB-2017-ARPA-E-VERSATILE-CATALYST-US-ENERGY-INNOVATION,2017-11-15,ARPA-E: Versatile Catalyst for U.S. Energy Innovation,Reports & Briefings,核心,否,https://itif.org/publications/2017/11/15/arpa-e-versatile-catalyst-us-energy-innovation/,"The Advanced Research Projects Agency – Energy (ARPA-E) more effectively generates new ideas that are useful to energy innovators than its older brethren in the federal R&D establishment, and it bridges the gap between research and use in ways that these other agencies simply do not.",ITIF官方Reports & Briefings目录元数据,总目录保留；科技创新机制、中国比较或跨期节点进入全文层,2026-08-23
C-ITIF-RB-2017-BENCHMARKING-US-GOVERNMENT-WEBSITES-UPDATE,C-ITIF-RB-2017-BENCHMARKING-US-GOVERNMENT-WEBSITES-UPDATE,2017-11-27,Benchmarking U.S. Government Websites: Update,Reports & Briefings,语境,否,https://itif.org/publications/2017/11/27/benchmarking-us-government-websites-update/,"A year after ITIF first collected data on the most popular federal websites, more than nine out of 10 continue to fall short of government and industry standards for design and development.",ITIF官方Reports & Briefings目录元数据,总目录保留；科技创新机制、中国比较或跨期节点进入全文层,2026-08-23
C-ITIF-RB-2017-HOW-TECHNOLOGY-BASED-START-UPS-SUPPORT-US-ECONOMIC-GROWTH,C-ITIF-RB-2017-HOW-TECHNOLOGY-BASED-START-UPS-SUPPORT-US-ECONOMIC-GROWTH,2017-11-28,How Technology-Based Start-Ups Support U.S. Economic Growth,Reports & Briefings,核心,否,https://itif.org/publications/2017/11/28/how-technology-based-start-ups-support-us-economic-growth/,"The number of technology-based start-ups surged 47 percent in the last decade. These firms still account for a relatively small share of all businesses, but they have an outsized impact on economic growth, because they provide better-paying, longer-lasting jobs than other start-ups, and they contribute more to innovation, productivity, and competitiveness.",ITIF官方Reports & Briefings目录元数据,总目录保留；科技创新机制、中国比较或跨期节点进入全文层,2026-08-23
C-ITIF-RB-2017-COMPETITIVE-EDGE-POLICYMAKERS-GUIDE-NATIONAL-STRATEGY,C-ITIF-RB-2017-COMPETITIVE-EDGE-POLICYMAKERS-GUIDE-NATIONAL-STRATEGY,2017-12-06,The Competitive Edge: A Policymaker’s Guide to Developing a National Strategy,Reports & Briefings,语境,否,https://itif.org/publications/2017/12/06/competitive-edge-policymakers-guide-national-strategy/,"Most competitiveness strategies focus on broad measures such as improving the business environment or supporting better factor inputs for firms. While necessary, these steps do not constitute an effective competitiveness strategy. Policymakers must go much deeper.",ITIF官方Reports & Briefings目录元数据,总目录保留；科技创新机制、中国比较或跨期节点进入全文层,2026-08-23
C-ITIF-RB-2018-INDUSTRY-FUNDING-UNIVERSITY-RESEARCH-WHICH-STATES-LEAD,C-ITIF-RB-2018-INDUSTRY-FUNDING-UNIVERSITY-RESEARCH-WHICH-STATES-LEAD,2018-01-08,Industry Funding of University Research: Which States Lead?,Reports & Briefings,核心,否,https://itif.org/publications/2018/01/08/industry-funding-university-research-which-states-lead/,"All states, but especially the laggards, would benefit from policies to attract more industry research funding, particularly as such funding appears to generate technology-based economic activity.",ITIF官方Reports & Briefings目录元数据,已进入精选全文；按本地原始资产、文本和切片调用,2026-08-23
C-ITIF-RB-2018-POLICYMAKERS-GUIDE-CONNECTED-CARS,C-ITIF-RB-2018-POLICYMAKERS-GUIDE-CONNECTED-CARS,2018-01-16,A Policymaker’s Guide to Connected Cars,Reports & Briefings,语境,否,https://itif.org/publications/2018/01/16/policymakers-guide-connected-cars/,"While there is much excitement about autonomous vehicles, connected vehicles hold much more promise over the next decade or so. However, absent proactive public policies, especially to enable infrastructure to “talk” to vehicles, the development and adoption of connected vehicles will be suboptimal.",ITIF官方Reports & Briefings目录元数据,总目录保留；科技创新机制、中国比较或跨期节点进入全文层,2026-08-23
C-ITIF-RB-2018-WORST-INNOVATION-MERCANTILIST-POLICIES-2017,C-ITIF-RB-2018-WORST-INNOVATION-MERCANTILIST-POLICIES-2017,2018-01-22,The Worst Innovation Mercantilist Policies of 2017,Reports & Briefings,核心,是,https://itif.org/publications/2018/01/22/worst-innovation-mercantilist-policies-2017/,"Brazil, China, Indonesia, Russia, and Vietnam fielded some of the year’s worst innovation mercantilist policies. Their targets included Internet-based services, electric vehicles, biopharmaceuticals, computers and electronics.",ITIF官方Reports & Briefings目录元数据,总目录保留；科技创新机制、中国比较或跨期节点进入全文层,2026-08-23
C-ITIF-RB-2018-GROWING-FUTURE-STATE-EFFORTS-ADVANCE-LIFE-SCIENCES,C-ITIF-RB-2018-GROWING-FUTURE-STATE-EFFORTS-ADVANCE-LIFE-SCIENCES,2018-02-12,Growing the Future: State Efforts to Advance the Life Sciences,Reports & Briefings,核心,否,https://itif.org/publications/2018/02/12/growing-future-state-efforts-advance-life-sciences/,"Life-sciences companies grow best in locations that can combine qualities like a good business environment, skilled workers, strong research universities, and available capital. Strengthening these and related factors can give states a stronger competitive advantage.",ITIF官方Reports & Briefings目录元数据,总目录保留；科技创新机制、中国比较或跨期节点进入全文层,2026-08-23
C-ITIF-RB-2018-TECHNOLOGICAL-INNOVATION-EMPLOYMENT-AND-WORKFORCE-ADJUSTMENT-POLICIES,C-ITIF-RB-2018-TECHNOLOGICAL-INNOVATION-EMPLOYMENT-AND-WORKFORCE-ADJUSTMENT-POLICIES,2018-02-20,How to Reform Worker-Training and Adjustment Policies for an Era of Technological Change,Reports & Briefings,语境,否,https://itif.org/publications/2018/02/20/technological-innovation-employment-and-workforce-adjustment-policies/,"Rather than slow down technological disruption to protect a small number of workers at the expense of the vast majority who are benefiting, policymakers should focus on doing significantly more to help those who are displaced transition successfully into new jobs and occupations.",ITIF官方Reports & Briefings目录元数据,总目录保留；科技创新机制、中国比较或跨期节点进入全文层,2026-08-23
C-ITIF-RB-2018-WHY-FOREIGN-COMPETITION-NOT-PRODUCTIVITY-MORE-BLAME-JOB-LOSSES-US,C-ITIF-RB-2018-WHY-FOREIGN-COMPETITION-NOT-PRODUCTIVITY-MORE-BLAME-JOB-LOSSES-US,2018-02-26,"Why Foreign Competition, Not Productivity, Is More to Blame for Job Losses in U.S. Manufacturing: A Primer for Policymakers",Reports & Briefings,支撑,否,https://itif.org/publications/2018/02/26/why-foreign-competition-not-productivity-more-blame-job-losses-us/,"ITIF has conducted in-depth analyses showing that while superior productivity growth did contribute to U.S. manufacturing job losses, the bigger factor was unfair foreign trade practices and the U.S. manufacturing sector’s lack of competitiveness.",ITIF官方Reports & Briefings目录元数据,总目录保留；科技创新机制、中国比较或跨期节点进入全文层,2026-08-23
C-ITIF-RB-2018-SENSATIONAL-WRONG-HOW-PIKETTY-CO-OVERSTATE-INEQUALITY-AMERICA,C-ITIF-RB-2018-SENSATIONAL-WRONG-HOW-PIKETTY-CO-OVERSTATE-INEQUALITY-AMERICA,2018-03-05,"Sensational, But Wrong: How Piketty & Co. Overstate Inequality in America",Reports & Briefings,语境,否,https://itif.org/publications/2018/03/05/sensational-wrong-how-piketty-co-overstate-inequality-america/,No one has done more to shape the narrative about income inequality in America than economist Thomas Piketty. But he and his colleagues have been making questionable methodological choices that maximize the jarring effect of their findings.,ITIF官方Reports & Briefings目录元数据,总目录保留；科技创新机制、中国比较或跨期节点进入全文层,2026-08-23
C-ITIF-RB-2018-WHY-TARIFFS-CHINESE-ICT-IMPORTS-WOULD-HARM-US-ECONOMY,C-ITIF-RB-2018-WHY-TARIFFS-CHINESE-ICT-IMPORTS-WOULD-HARM-US-ECONOMY,2018-03-16,Why Tariffs on Chinese ICT Imports Would Harm the U.S. Economy,Reports & Briefings,语境,是,https://itif.org/publications/2018/03/16/why-tariffs-chinese-ict-imports-would-harm-us-economy/,"Raising the cost of ICT products by levying tariffs on ICT imports from China would reduce growth in U.S. ICT investments, which would lower productivity growth, and thus economic growth.",ITIF官方Reports & Briefings目录元数据,总目录保留；科技创新机制、中国比较或跨期节点进入全文层,2026-08-23
C-ITIF-RB-2018-HOW-ENSURE-AMERICAS-LIFE-SCIENCES-SECTOR-REMAINS-GLOBALLY-COMPETITIVE,C-ITIF-RB-2018-HOW-ENSURE-AMERICAS-LIFE-SCIENCES-SECTOR-REMAINS-GLOBALLY-COMPETITIVE,2018-03-26,How to Ensure That America’s Life-Sciences Sector Remains Globally Competitive,Reports & Briefings,核心,否,https://itif.org/publications/2018/03/26/how-ensure-americas-life-sciences-sector-remains-globally-competitive/,"America’s lead in life sciences is being challenged. Other countries are aggressively seeking to attract and grow companies with innovation-based tax incentives, a range of firm-specific enticements, increased government research funding, improved IP protections, and streamlined regulatory approval processes. The federal government should act to ensure U.S. life sciences remain competitive.",ITIF官方Reports & Briefings目录元数据,总目录保留；科技创新机制、中国比较或跨期节点进入全文层,2026-08-23
C-ITIF-RB-2018-IMPACT-EU-NEW-DATA-PROTECTION-REGULATION-AI,C-ITIF-RB-2018-IMPACT-EU-NEW-DATA-PROTECTION-REGULATION-AI,2018-03-26,The Impact of the EU’s New Data Protection Regulation on AI,Reports & Briefings,核心,否,https://itif.org/publications/2018/03/26/impact-eu-new-data-protection-regulation-ai/,"The EU’s new data privacy rules, the General Data Protection Regulation (GDPR), will have a negative impact on the development and use of artificial intelligence (AI) in Europe, putting EU firms at a competitive disadvantage compared with their competitors in North America and Asia.",ITIF官方Reports & Briefings目录元数据,总目录保留；科技创新机制、中国比较或跨期节点进入全文层,2026-08-23
C-ITIF-RB-2018-EMERGING-TECHNOLOGIES-AND-PREPARING-FUTURE-LABOR-MARKET,C-ITIF-RB-2018-EMERGING-TECHNOLOGIES-AND-PREPARING-FUTURE-LABOR-MARKET,2018-03-27,How G7 Nations Can Support and Prepare for the Next Technology Wave,Reports & Briefings,核心,否,https://itif.org/publications/2018/03/27/emerging-technologies-and-preparing-future-labor-market/,"In a report for the Canadian government ahead of the G7 Ministerial on Innovation and Employment, ITIF discusses why the coming technology wave is a progressive force G7 nations should embrace.",ITIF官方Reports & Briefings目录元数据,总目录保留；科技创新机制、中国比较或跨期节点进入全文层,2026-08-23
C-ITIF-RB-2018-WHY-SMART-MANUFACTURING-MATTERS-AND-HOW-COUNTRIES-ARE-SUPPORTING-IT,C-ITIF-RB-2018-WHY-SMART-MANUFACTURING-MATTERS-AND-HOW-COUNTRIES-ARE-SUPPORTING-IT,2018-04-12,Why “Smart” Manufacturing Matters and How Countries Are Supporting It,Reports & Briefings,语境,否,https://itif.org/publications/2018/04/12/why-smart-manufacturing-matters-and-how-countries-are-supporting-it/,"The digitalization of manufacturing is changing how products are designed, fabricated, used, and serviced, just as it’s transforming the operations, processes, and energy footprint of factories and supply chains.",ITIF官方Reports & Briefings目录元数据,总目录保留；科技创新机制、中国比较或跨期节点进入全文层,2026-08-23
C-ITIF-RB-2018-FEDERAL-ENERGY-RDD-BUILDING-MOMENTUM-FISCAL-YEAR-2019,C-ITIF-RB-2018-FEDERAL-ENERGY-RDD-BUILDING-MOMENTUM-FISCAL-YEAR-2019,2018-04-23,Federal Energy RD&D: Building on Momentum in Fiscal Year 2019,Reports & Briefings,语境,否,https://itif.org/publications/2018/04/23/federal-energy-rdd-building-momentum-fiscal-year-2019/,"Congress should continue on the path toward doubling federal energy RD&D funding, which would fulfill a commitment the United States made along with 19 other countries to accelerate the global transition to cleaner, more affordable, more reliable energy.",ITIF官方Reports & Briefings目录元数据,总目录保留；科技创新机制、中国比较或跨期节点进入全文层,2026-08-23
C-ITIF-RB-2018-WHY-WE-NEED-NET-NEUTRALITY-LEGISLATION-AND-WHAT-IT-SHOULD-LOOK,C-ITIF-RB-2018-WHY-WE-NEED-NET-NEUTRALITY-LEGISLATION-AND-WHAT-IT-SHOULD-LOOK,2018-05-07,"Why We Need Net Neutrality Legislation, and What It Should Look Like",Reports & Briefings,语境,否,https://itif.org/publications/2018/05/07/why-we-need-net-neutrality-legislation-and-what-it-should-look/,"There is ample room for a bipartisan compromise that would simultaneously lock in noncontroversial bright-line protections, end the absurd back-and-forth on FCC jurisdiction, and secure funding to help close the digital divide.",ITIF官方Reports & Briefings目录元数据,总目录保留；科技创新机制、中国比较或跨期节点进入全文层,2026-08-23
C-ITIF-RB-2018-MANUFACTURING-USA-DOE-SUPPORTING-ENERGY-INNOVATION,C-ITIF-RB-2018-MANUFACTURING-USA-DOE-SUPPORTING-ENERGY-INNOVATION,2018-05-16,Manufacturing USA at DOE: Supporting Energy Innovation,Reports & Briefings,核心,否,https://itif.org/publications/2018/05/16/manufacturing-usa-doe-supporting-energy-innovation/,"Accelerating energy innovation by manufacturers in America would boost economic growth and global competitiveness, while addressing key national security and environmental goals. But market failures lead to gaps in the private sector’s response to this imperative. That’s where the Department of Energy’s Manufacturing USA innovation institutes come in.",ITIF官方Reports & Briefings目录元数据,总目录保留；科技创新机制、中国比较或跨期节点进入全文层,2026-08-23
C-ITIF-RB-2018-HOW-POLICYMAKERS-CAN-FOSTER-ALGORITHMIC-ACCOUNTABILITY,C-ITIF-RB-2018-HOW-POLICYMAKERS-CAN-FOSTER-ALGORITHMIC-ACCOUNTABILITY,2018-05-21,How Policymakers Can Foster Algorithmic Accountability,Reports & Briefings,核心,否,https://itif.org/publications/2018/05/21/how-policymakers-can-foster-algorithmic-accountability/,"Instead of overregulating, governments should adopt a policy framework based on the principle of “algorithmic accountability” to promote innovation while holding human operators responsible for harmful outcomes.",ITIF官方Reports & Briefings目录元数据,总目录保留；科技创新机制、中国比较或跨期节点进入全文层,2026-08-23
C-ITIF-RB-2018-WHY-US-BUSINESS-RD-NOT-STRONG-IT-APPEARS,C-ITIF-RB-2018-WHY-US-BUSINESS-RD-NOT-STRONG-IT-APPEARS,2018-06-04,Why U.S. Business R&D Is Not as Strong as It Appears,Reports & Briefings,核心,否,https://itif.org/publications/2018/06/04/why-us-business-rd-not-strong-it-appears/,"Business R&D growth over the past three decades has been anemic, and companies are focusing more on near-term product development, less on basic and applied research. Meanwhile, the U.S. government is cutting support for research while many other countries are expanding support.",ITIF官方Reports & Briefings目录元数据,已进入精选全文；按本地原始资产、文本和切片调用,2026-08-23
C-ITIF-RB-2018-HOW-CANADA-EU-AND-US-CAN-WORK-TOGETHER-PROMOTE-ICT-DEVELOPMENT-AND-USE,C-ITIF-RB-2018-HOW-CANADA-EU-AND-US-CAN-WORK-TOGETHER-PROMOTE-ICT-DEVELOPMENT-AND-USE,2018-06-11,"How Canada, the EU, and the U.S. Can Work Together to Promote ICT Development and Use",Reports & Briefings,支撑,否,https://itif.org/publications/2018/06/11/how-canada-eu-and-us-can-work-together-promote-ict-development-and-use/,"Boosting transatlantic cooperation on ICT policy would allow Canada, the EU, and the United States to address global ICT challenges and support their domestic economies by raising productivity.",ITIF官方Reports & Briefings目录元数据,总目录保留；科技创新机制、中国比较或跨期节点进入全文层,2026-08-23
C-ITIF-RB-2018-PRO-GROWTH-MINIMUM-WAGE,C-ITIF-RB-2018-PRO-GROWTH-MINIMUM-WAGE,2018-06-12,The Pro-Growth Minimum Wage,Reports & Briefings,语境,否,https://itif.org/publications/2018/06/12/pro-growth-minimum-wage/,"If progressives want to get a higher minimum wage over the finish line, it’s time for them to make the case for a higher minimum wage on the grounds of growth first and fairness second, writes ITIF President Rob Atkinson for Democracy Journal.",ITIF官方Reports & Briefings目录元数据,总目录保留；科技创新机制、中国比较或跨期节点进入全文层,2026-08-23
C-ITIF-RB-2018-WHY-POSTAL-SERVICE-NOT-SUBSIDIZING-PACKAGE-DELIVERY,C-ITIF-RB-2018-WHY-POSTAL-SERVICE-NOT-SUBSIDIZING-PACKAGE-DELIVERY,2018-06-18,Why the Postal Service Is Not Subsidizing Package Delivery,Reports & Briefings,语境,否,https://itif.org/publications/2018/06/18/why-postal-service-not-subsidizing-package-delivery/,"Despite assertions by President Trump that the U.S. Postal Service (USPS) is charging too little for package delivery, the evidence shows that package delivery is not subsidized and, in fact, that package revenue is playing a key role in shoring up shaky USPS finances.",ITIF官方Reports & Briefings目录元数据,总目录保留；科技创新机制、中国比较或跨期节点进入全文层,2026-08-23
C-ITIF-RB-2018-HOW-INDUCED-INNOVATION-LOWERS-COST-CARBON-TAX,C-ITIF-RB-2018-HOW-INDUCED-INNOVATION-LOWERS-COST-CARBON-TAX,2018-06-25,How Induced Innovation Lowers the Cost of a Carbon Tax,Reports & Briefings,核心,否,https://itif.org/publications/2018/06/25/how-induced-innovation-lowers-cost-carbon-tax/,"Evidence shows a carbon tax will induce innovation that will lower the cost of reducing CO2 emissions. If the revenues are recycled to expand tax incentives for research and capital investment, a modest carbon tax would likely lead to faster GDP growth.",ITIF官方Reports & Briefings目录元数据,总目录保留；科技创新机制、中国比较或跨期节点进入全文层,2026-08-23
C-ITIF-RB-2018-DEPARTMENT-ENERGY-RDD-APPROPRIATIONS-FISCAL-YEAR-2019,C-ITIF-RB-2018-DEPARTMENT-ENERGY-RDD-APPROPRIATIONS-FISCAL-YEAR-2019,2018-06-26,"Department of Energy RD&D Appropriations, Fiscal Year 2019",Reports & Briefings,核心,否,https://itif.org/publications/2018/06/26/department-energy-rdd-appropriations-fiscal-year-2019/,"As the Fiscal Year 2019 appropriations bills head to conference committee, Congress should maintain its commitment to federal investment in energy research, development, and demonstration.",ITIF官方Reports & Briefings目录元数据,总目录保留；科技创新机制、中国比较或跨期节点进入全文层,2026-08-23
C-ITIF-RB-2018-10-POINT-USER-GUIDE-TRUMP-TARIFF-WARS,C-ITIF-RB-2018-10-POINT-USER-GUIDE-TRUMP-TARIFF-WARS,2018-07-05,A 10-Point User Guide to the Trump Tariff Wars,Reports & Briefings,语境,否,https://itif.org/publications/2018/07/05/10-point-user-guide-trump-tariff-wars/,"Trump’s approach to tariffs has drawn widespread criticism, sparking a debate in which partisans have made all sorts of claims and counter-claims. This briefing sets the record straight on 10 important points of fact.",ITIF官方Reports & Briefings目录元数据,总目录保留；科技创新机制、中国比较或跨期节点进入全文层,2026-08-23
C-ITIF-RB-2018-WHY-STRONGER-PRIVACY-REGULATIONS-DO-NOT-SPUR-INCREASED-INTERNET-USE,C-ITIF-RB-2018-WHY-STRONGER-PRIVACY-REGULATIONS-DO-NOT-SPUR-INCREASED-INTERNET-USE,2018-07-11,Why Stronger Privacy Regulations Do Not Spur Increased Internet Use,Reports & Briefings,语境,否,https://itif.org/publications/2018/07/11/why-stronger-privacy-regulations-do-not-spur-increased-internet-use/,"Data protection regulations are often falsely described as means to increase consumer trust, and therefore technology adoption and use. Policymakers should be wary of those making this claim without evidence.",ITIF官方Reports & Briefings目录元数据,总目录保留；科技创新机制、中国比较或跨期节点进入全文层,2026-08-23
C-ITIF-RB-2018-WHEN-DOES-ENVIRONMENTAL-REGULATION-STIMULATE-TECHNOLOGICAL-INNOVATION,C-ITIF-RB-2018-WHEN-DOES-ENVIRONMENTAL-REGULATION-STIMULATE-TECHNOLOGICAL-INNOVATION,2018-07-23,When Does Environmental Regulation Stimulate Technological Innovation?,Reports & Briefings,核心,否,https://itif.org/publications/2018/07/23/when-does-environmental-regulation-stimulate-technological-innovation/,"There’s no magic bullet to ensure firms will respond to environmental regulation by innovating. But a literature review shows certain conditions that will raise that likelihood, pointing the way to some important rules of thumb for policymakers.",ITIF官方Reports & Briefings目录元数据,总目录保留；科技创新机制、中国比较或跨期节点进入全文层,2026-08-23
C-ITIF-RB-2018-PAID-PRIORITIZATION-WHY-WE-SHOULD-STOP-WORRYING-AND-ENJOY-FAST-LANE,C-ITIF-RB-2018-PAID-PRIORITIZATION-WHY-WE-SHOULD-STOP-WORRYING-AND-ENJOY-FAST-LANE,2018-07-30,Paid Prioritization: Why We Should Stop Worrying and Enjoy the “Fast Lane”,Reports & Briefings,语境,否,https://itif.org/publications/2018/07/30/paid-prioritization-why-we-should-stop-worrying-and-enjoy-fast-lane/,"Policymakers should not write off a permissive prioritization regime in net neutrality legislation. With simple rules, paid prioritization can make the Internet work much better for some services without making others worse off or harming the Internet’s characteristic openness.",ITIF官方Reports & Briefings目录元数据,总目录保留；科技创新机制、中国比较或跨期节点进入全文层,2026-08-23
C-ITIF-RB-2018-MANUFACTURING-DIGITALIZATION-EXTENT-ADOPTION-AND-RECOMMENDATIONS-INCREASING,C-ITIF-RB-2018-MANUFACTURING-DIGITALIZATION-EXTENT-ADOPTION-AND-RECOMMENDATIONS-INCREASING,2018-08-13,Manufacturing Digitalization: Extent of Adoption and Recommendations for Increasing Penetration in Korea and the U.S.,Reports & Briefings,语境,否,https://itif.org/publications/2018/08/13/manufacturing-digitalization-extent-adoption-and-recommendations-increasing/,"Manufacturing digitalization promises to transform how products are designed, fabricated, used, and serviced, but more needs to be done to facilitate the uptake of digital technologies by manufacturers in the United States, Korea, and beyond.",ITIF官方Reports & Briefings目录元数据,总目录保留；科技创新机制、中国比较或跨期节点进入全文层,2026-08-23
C-ITIF-RB-2018-TIME-RESTRICT-GSP-BENEFITS-FIGHT-TRADE-MERCANTILISM,C-ITIF-RB-2018-TIME-RESTRICT-GSP-BENEFITS-FIGHT-TRADE-MERCANTILISM,2018-08-20,Time to Restrict GSP Benefits to Fight Trade Mercantilism,Reports & Briefings,语境,否,https://itif.org/publications/2018/08/20/time-restrict-gsp-benefits-fight-trade-mercantilism/,Duty-free access to U.S. markets represents a major benefit for many trading partners that clearly do not provide fair and reasonable market access or treatment of U.S. firms and their goods and services.,ITIF官方Reports & Briefings目录元数据,总目录保留；科技创新机制、中国比较或跨期节点进入全文层,2026-08-23
C-ITIF-RB-2018-BENCHMARKING-STATE-GOVERNMENT-WEBSITES,C-ITIF-RB-2018-BENCHMARKING-STATE-GOVERNMENT-WEBSITES,2018-08-27,Benchmarking State Government Websites,Reports & Briefings,语境,否,https://itif.org/publications/2018/08/27/benchmarking-state-government-websites/,"A detailed review of 400 state government websites finds that while some states have much better sites than others, every state has room to significantly improve so that it better serves the public with easy and secure access to e-government services and information.",ITIF官方Reports & Briefings目录元数据,总目录保留；科技创新机制、中国比较或跨期节点进入全文层,2026-08-23
C-ITIF-RB-2018-WHY-TARIFFS-CHINESE-ICT-IMPORTS-THREATEN-US-CLOUD-COMPUTING-LEADERSHIP,C-ITIF-RB-2018-WHY-TARIFFS-CHINESE-ICT-IMPORTS-THREATEN-US-CLOUD-COMPUTING-LEADERSHIP,2018-09-04,Why Tariffs on Chinese ICT Imports Threaten U.S. Cloud-Computing Leadership,Reports & Briefings,语境,是,https://itif.org/publications/2018/09/04/why-tariffs-chinese-ict-imports-threaten-us-cloud-computing-leadership/,"The practical effect of tariffs on key components used in cloud computing would be to advantage foreign technology competitors, thereby threatening U.S. leadership in both the adoption and provision of cloud computing services, and stunting U.S. growth.",ITIF官方Reports & Briefings目录元数据,总目录保留；科技创新机制、中国比较或跨期节点进入全文层,2026-08-23
C-ITIF-RB-2018-WHY-CONSUMER-WELFARE-STANDARD-SHOULD-REMAIN-BEDROCK-ANTITRUST-POLICY,C-ITIF-RB-2018-WHY-CONSUMER-WELFARE-STANDARD-SHOULD-REMAIN-BEDROCK-ANTITRUST-POLICY,2018-10-04,Why the Consumer Welfare Standard Should Remain the Bedrock of Antitrust Policy,Reports & Briefings,语境,否,https://itif.org/publications/2018/10/04/why-consumer-welfare-standard-should-remain-bedrock-antitrust-policy/,"There is no legitimate case for abandoning a 40-year-old consensus on how to apply antitrust policy in favor of a vague, hard-to-enforce alternative that represents an amalgam of conflicting goals, some of which would work against economic progress and the national interest.",ITIF官方Reports & Briefings目录元数据,总目录保留；科技创新机制、中国比较或跨期节点进入全文层,2026-08-23
C-ITIF-RB-2018-HOW-SHIFT-IT-ENABLED-VEHICLES-PLAYS-AMERICAS-COMPETITIVE-STRENGTHS,C-ITIF-RB-2018-HOW-SHIFT-IT-ENABLED-VEHICLES-PLAYS-AMERICAS-COMPETITIVE-STRENGTHS,2018-10-19,How the Shift to IT-Enabled Vehicles Plays to America’s Competitive Strengths,Reports & Briefings,核心,否,https://itif.org/publications/2018/10/19/how-shift-it-enabled-vehicles-plays-americas-competitive-strengths/,"Connected and autonomous vehicles rely on IT hardware and software, an area where the United States has a competitive advantage globally. Congress and the administration should help U.S. industry press that advantage not with auto tariffs, but with more robust innovation policies.",ITIF官方Reports & Briefings目录元数据,总目录保留；科技创新机制、中国比较或跨期节点进入全文层,2026-08-23
C-ITIF-RB-2018-HOW-ICT-CAN-RESTORE-LAGGING-EUROPEAN-PRODUCTIVITY-GROWTH,C-ITIF-RB-2018-HOW-ICT-CAN-RESTORE-LAGGING-EUROPEAN-PRODUCTIVITY-GROWTH,2018-10-24,How ICT Can Restore Lagging European Productivity Growth,Reports & Briefings,支撑,否,https://itif.org/publications/2018/10/24/how-ict-can-restore-lagging-european-productivity-growth/,"To restore robust productivity growth, Europe must fully embrace information and communication technologies (ICT) throughout its economy.",ITIF官方Reports & Briefings目录元数据,总目录保留；科技创新机制、中国比较或跨期节点进入全文层,2026-08-23
C-ITIF-RB-2018-HOW-BIOPHARMACEUTICAL-INDUSTRY-CONTRIBUTES-OPEN-SCIENTIFIC-KNOWLEDGE,C-ITIF-RB-2018-HOW-BIOPHARMACEUTICAL-INDUSTRY-CONTRIBUTES-OPEN-SCIENTIFIC-KNOWLEDGE,2018-11-05,How the Biopharmaceutical Industry Contributes to Open Scientific Knowledge,Reports & Briefings,核心,否,https://itif.org/publications/2018/11/05/how-biopharmaceutical-industry-contributes-open-scientific-knowledge/,"A considerable share of biopharma research “spills over” and contributes to knowledge discovery and drug development overall, not just in individual firms’ labs.",ITIF官方Reports & Briefings目录元数据,总目录保留；科技创新机制、中国比较或跨期节点进入全文层,2026-08-23
C-ITIF-RB-2018-KEEPING-SPECTRUM-POLICY-MID-BAND-OPPORTUNITIES,C-ITIF-RB-2018-KEEPING-SPECTRUM-POLICY-MID-BAND-OPPORTUNITIES,2018-11-13,Keeping Up With Spectrum Policy: Mid-band Opportunities,Reports & Briefings,支撑,否,https://itif.org/publications/2018/11/13/keeping-spectrum-policy-mid-band-opportunities/,"Mid-band spectrum will be crucial for next-generation networks, so it is important that the FCC moves quickly to transition portions of this spectrum to more efficient use.",ITIF官方Reports & Briefings目录元数据,总目录保留；科技创新机制、中国比较或跨期节点进入全文层,2026-08-23
C-ITIF-RB-2018-WHICH-NATIONS-REALLY-LEAD-INDUSTRIAL-ROBOT-ADOPTION,C-ITIF-RB-2018-WHICH-NATIONS-REALLY-LEAD-INDUSTRIAL-ROBOT-ADOPTION,2018-11-19,Which Nations Really Lead in Industrial Robot Adoption?,Reports & Briefings,核心,否,https://itif.org/publications/2018/11/19/which-nations-really-lead-industrial-robot-adoption/,"Southeast Asian nations significantly outperform the rest of the world in wage-controlled robot adoption, while Europe and the United States lag significantly behind.",ITIF官方Reports & Briefings目录元数据,总目录保留；科技创新机制、中国比较或跨期节点进入全文层,2026-08-23
C-ITIF-RB-2018-CRAFTING-OPEN-AND-INNOVATIVE-DIGITAL-TRADE-AGENDA-LATIN-AMERICA,C-ITIF-RB-2018-CRAFTING-OPEN-AND-INNOVATIVE-DIGITAL-TRADE-AGENDA-LATIN-AMERICA,2018-11-26,Crafting an Open and Innovative Digital Trade Agenda for Latin America,Reports & Briefings,核心,否,https://itif.org/publications/2018/11/26/crafting-open-and-innovative-digital-trade-agenda-latin-america/,"Without a single, integrated market for digital goods and services, Latin American businesses will have difficulty gaining the scale to succeed in the digital economy. Policymakers should embrace openness, innovation, and competition throughout the region.",ITIF官方Reports & Briefings目录元数据,总目录保留；科技创新机制、中国比较或跨期节点进入全文层,2026-08-23
C-ITIF-RB-2018-INNOVATION-AGENDA-DEEP-DECARBONIZATION-BRIDGING-GAPS-FEDERAL-ENERGY-RDD,C-ITIF-RB-2018-INNOVATION-AGENDA-DEEP-DECARBONIZATION-BRIDGING-GAPS-FEDERAL-ENERGY-RDD,2018-11-28,An Innovation Agenda for Deep Decarbonization: Bridging Gaps in the Federal Energy RD&D Portfolio,Reports & Briefings,核心,否,https://itif.org/publications/2018/11/28/innovation-agenda-deep-decarbonization-bridging-gaps-federal-energy-rdd/,Reducing carbon pollution to zero will require a broad set of technologies that cover all sectors of the economy and can provide energy that is as cheap and reliable as fossil fuels.,ITIF官方Reports & Briefings目录元数据,总目录保留；科技创新机制、中国比较或跨期节点进入全文层,2026-08-23
C-ITIF-RB-2018-MAKING-BEYOND-LITHIUM-REALITY-FOSTERING-INNOVATION-LONG-DURATION-GRID,C-ITIF-RB-2018-MAKING-BEYOND-LITHIUM-REALITY-FOSTERING-INNOVATION-LONG-DURATION-GRID,2018-11-28,Making “Beyond Lithium” a Reality: Fostering Innovation in Long-Duration Grid Storage,Reports & Briefings,核心,否,https://itif.org/publications/2018/11/28/making-beyond-lithium-reality-fostering-innovation-long-duration-grid/,"If renewables are to fully displace carbon-emitting fossil fuels, electricity systems will need technologies that provide affordable, reliable long-duration storage at grid scale.",ITIF官方Reports & Briefings目录元数据,总目录保留；科技创新机制、中国比较或跨期节点进入全文层,2026-08-23
C-ITIF-RB-2018-WHY-UNITED-STATES-NEEDS-NATIONAL-ARTIFICIAL-INTELLIGENCE-STRATEGY-AND-WHAT,C-ITIF-RB-2018-WHY-UNITED-STATES-NEEDS-NATIONAL-ARTIFICIAL-INTELLIGENCE-STRATEGY-AND-WHAT,2018-12-04,Why the United States Needs a National Artificial Intelligence Strategy and What It Should Look Like,Reports & Briefings,核心,否,https://itif.org/publications/2018/12/04/why-united-states-needs-national-artificial-intelligence-strategy-and-what/,"The United States is the global leader in developing and using artificial intelligence (AI), but it may not be for long. Succeeding in AI requires more than just having leading companies make investments. It requires a healthy ecosystem of AI companies, robust AI inputs—including skills, research, and data—and organizations that are motivated and free to use AI.",ITIF官方Reports & Briefings目录元数据,总目录保留；科技创新机制、中国比较或跨期节点进入全文层,2026-08-23
C-ITIF-RB-2018-OMISSION-INNOVATION-MISSING-ELEMENT-MOST-COUNTRIES-RESPONSE-CLIMATE-CHANGE,C-ITIF-RB-2018-OMISSION-INNOVATION-MISSING-ELEMENT-MOST-COUNTRIES-RESPONSE-CLIMATE-CHANGE,2018-12-10,Omission Innovation: The Missing Element in Most Countries’ Response to Climate Change,Reports & Briefings,核心,否,https://itif.org/publications/2018/12/10/omission-innovation-missing-element-most-countries-response-climate-change/,"Only significantly greater levels of public investment in clean energy research, development, and demonstration (RD&D) will produce the level of innovation necessary to dramatically reduce emissions from unabated fossil fuel consumption.",ITIF官方Reports & Briefings目录元数据,总目录保留；科技创新机制、中国比较或跨期节点进入全文层,2026-08-23
C-ITIF-RB-2018-FUTURE-WORK-GUIDE-TRANSATLANTIC-POLICYMAKERS,C-ITIF-RB-2018-FUTURE-WORK-GUIDE-TRANSATLANTIC-POLICYMAKERS,2018-12-17,The Future of Work: A Guide for Transatlantic Policymakers,Reports & Briefings,语境,否,https://itif.org/publications/2018/12/17/future-work-guide-transatlantic-policymakers/,"Future of work will be different for every country, region, worker, and student. This is clear in France, Germany, Spain, and the United States. Policymakers should respond accordingly.",ITIF官方Reports & Briefings目录元数据,总目录保留；科技创新机制、中国比较或跨期节点进入全文层,2026-08-23
C-ITIF-RB-2018-CRISPR-BABIES-CATALOG-NOTEWORTHY-COMMENTARY-AND-ANALYSIS,C-ITIF-RB-2018-CRISPR-BABIES-CATALOG-NOTEWORTHY-COMMENTARY-AND-ANALYSIS,2018-12-19,CRISPR Babies: A Catalog of Noteworthy Commentary and Analysis,Reports & Briefings,语境,是,https://itif.org/publications/2018/12/19/crispr-babies-catalog-noteworthy-commentary-and-analysis/,"In this Medium post, Val Giddings tracks the misguided saga of the first CRISPR babies, produced by rogue Chinese scientist He Jianki, revealed in November, 2018.",ITIF官方Reports & Briefings目录元数据,总目录保留；科技创新机制、中国比较或跨期节点进入全文层,2026-08-23
C-ITIF-RB-2019-SURVEY-FEW-AMERICANS-WANT-GOVERNMENT-LIMIT-USE-FACIAL-RECOGNITION-TECHNOLOGY,C-ITIF-RB-2019-SURVEY-FEW-AMERICANS-WANT-GOVERNMENT-LIMIT-USE-FACIAL-RECOGNITION-TECHNOLOGY,2019-01-07,"Survey: Few Americans Want Government to Limit Use of Facial Recognition Technology, Particularly for Public Safety or Airport Screening",Reports & Briefings,核心,否,https://itif.org/publications/2019/01/07/survey-few-americans-want-government-limit-use-facial-recognition-technology/,"Only one in four Americans (26 percent) think government should strictly limit the use of facial recognition technology, according to a new survey from the Center for Data Innovation—and that support drops even further if it would come at the expense of public safety.",ITIF官方Reports & Briefings目录元数据,总目录保留；科技创新机制、中国比较或跨期节点进入全文层,2026-08-23
C-ITIF-RB-2019-TASK-AHEAD-US-TRANSFORMING-GLOBAL-ECONOMY-CONNECTIVITY-AUTOMATION-AND,C-ITIF-RB-2019-TASK-AHEAD-US-TRANSFORMING-GLOBAL-ECONOMY-CONNECTIVITY-AUTOMATION-AND,2019-01-07,"The Task Ahead of Us: Transforming the Global Economy With Connectivity, Automation, and Intelligence",Reports & Briefings,核心,否,https://itif.org/publications/2019/01/07/task-ahead-us-transforming-global-economy-connectivity-automation-and/,"The next wave of digital innovation is coming. Countries can welcome it, prepare for it, and ride it to new heights of innovation and prosperity, or they can ignore the changing tide and miss the wave.",ITIF官方Reports & Briefings目录元数据,总目录保留；科技创新机制、中国比较或跨期节点进入全文层,2026-08-23
C-ITIF-RB-2019-GRAND-BARGAIN-DATA-PRIVACY-LEGISLATION-AMERICA,C-ITIF-RB-2019-GRAND-BARGAIN-DATA-PRIVACY-LEGISLATION-AMERICA,2019-01-14,A Grand Bargain on Data Privacy Legislation for America,Reports & Briefings,语境,否,https://itif.org/publications/2019/01/14/grand-bargain-data-privacy-legislation-america/,"Congress should repeal and replace existing federal privacy laws with a common set of protections. We need comprehensive data privacy legislation that preempts state laws, improves transparency requirements, strengthens enforcement, and establishes a clear set of data privacy rights for Americans based on the sensitivity of the data and the context in which it is collected.",ITIF官方Reports & Briefings目录元数据,总目录保留；科技创新机制、中国比较或跨期节点进入全文层,2026-08-23
C-ITIF-RB-2019-SURVEY-FEW-AMERICANS-WILLING-PAY-PRIVACY,C-ITIF-RB-2019-SURVEY-FEW-AMERICANS-WILLING-PAY-PRIVACY,2019-01-16,Survey: Few Americans Willing to Pay for Privacy,Reports & Briefings,核心,否,https://itif.org/publications/2019/01/16/survey-few-americans-willing-pay-privacy/,"Only one in four Americans want online services such as Facebook and Google to collect less of their data if it means they would have to start paying a monthly subscription fee, according to a new survey from the Center for Data Innovation.",ITIF官方Reports & Briefings目录元数据,总目录保留；科技创新机制、中国比较或跨期节点进入全文层,2026-08-23
C-ITIF-RB-2019-IP-PROTECTION-DATA-ECONOMY-GETTING-BALANCE-RIGHT-13-CRITICAL-ISSUES,C-ITIF-RB-2019-IP-PROTECTION-DATA-ECONOMY-GETTING-BALANCE-RIGHT-13-CRITICAL-ISSUES,2019-01-22,IP Protection in the Data Economy: Getting the Balance Right on 13 Critical Issues,Reports & Briefings,核心,否,https://itif.org/publications/2019/01/22/ip-protection-data-economy-getting-balance-right-13-critical-issues/,"Intellectual property regimes that tilt too far toward granting data rights run the risk of stifling needed data sharing, while regimes that tilt foo far in the other direction risk limiting incentives for data collection and innovation.",ITIF官方Reports & Briefings目录元数据,总目录保留；科技创新机制、中国比较或跨期节点进入全文层,2026-08-23
C-ITIF-RB-2019-SURVEY-MAJORITY-AMERICANS-WILLING-SHARE-THEIR-MOST-SENSITIVE-PERSONAL-DATA,C-ITIF-RB-2019-SURVEY-MAJORITY-AMERICANS-WILLING-SHARE-THEIR-MOST-SENSITIVE-PERSONAL-DATA,2019-01-22,Survey: Majority of Americans Willing to Share Their Most Sensitive Personal Data,Reports & Briefings,核心,否,https://itif.org/publications/2019/01/22/survey-majority-americans-willing-share-their-most-sensitive-personal-data/,"Most Americans (58 percent) are willing to allow third parties to collect at least some sensitive personal data, according to a new survey from the Center for Data Innovation.",ITIF官方Reports & Briefings目录元数据,总目录保留；科技创新机制、中国比较或跨期节点进入全文层,2026-08-23
C-ITIF-RB-2019-WHY-CONSUMER-WELFARE-STANDARD-REMAINS-BEST-GUIDE-PROMOTING-COMPETITION,C-ITIF-RB-2019-WHY-CONSUMER-WELFARE-STANDARD-REMAINS-BEST-GUIDE-PROMOTING-COMPETITION,2019-01-27,Why the Consumer Welfare Standard Remains the Best Guide for Promoting Competition,Reports & Briefings,语境,否,https://itif.org/publications/2019/01/27/why-consumer-welfare-standard-remains-best-guide-promoting-competition/,"While it is possible to argue for a more robust antitrust policy, the Consumer Welfare Standard should remain the main criteria to guide policymakers. It offers a flexible yet disciplined framework for evaluating market structure.",ITIF官方Reports & Briefings目录元数据,总目录保留；科技创新机制、中国比较或跨期节点进入全文层,2026-08-23
C-ITIF-RB-2019-TEN-WORST-DIGITAL-PROTECTIONISM-AND-INNOVATION-MERCANTILIST-POLICIES-2018,C-ITIF-RB-2019-TEN-WORST-DIGITAL-PROTECTIONISM-AND-INNOVATION-MERCANTILIST-POLICIES-2018,2019-01-28,The Ten Worst Digital Protectionism and Innovation Mercantilist Policies of 2018,Reports & Briefings,核心,是,https://itif.org/publications/2019/01/28/ten-worst-digital-protectionism-and-innovation-mercantilist-policies-2018/,"From a skewed standardization law in China to mercantilist digital services tax proposals in Europe, when countries impose protectionist policies in high-value, high-tech sectors, they don’t just damage competitors; they damage the entire global innovation system.",ITIF官方Reports & Briefings目录元数据,总目录保留；科技创新机制、中国比较或跨期节点进入全文层,2026-08-23
C-ITIF-RB-2019-TEN-WAYS-PRECAUTIONARY-PRINCIPLE-UNDERMINES-PROGRESS-ARTIFICIAL-INTELLIGENCE,C-ITIF-RB-2019-TEN-WAYS-PRECAUTIONARY-PRINCIPLE-UNDERMINES-PROGRESS-ARTIFICIAL-INTELLIGENCE,2019-02-04,Ten Ways the Precautionary Principle Undermines Progress in Artificial Intelligence,Reports & Briefings,核心,否,https://itif.org/publications/2019/02/04/ten-ways-precautionary-principle-undermines-progress-artificial-intelligence/,Focusing on mitigating speculative concerns about AI will limit its development and adoption. Policymakers should instead encourage innovation while crafting targeted solutions for specific problems if they occur.,ITIF官方Reports & Briefings目录元数据,总目录保留；科技创新机制、中国比较或跨期节点进入全文层,2026-08-23
C-ITIF-RB-2019-CLEAN-ENERGY-BASED-ECONOMIC-DEVELOPMENT-PARALLEL-TRACKS-STATE-AND-LOCAL,C-ITIF-RB-2019-CLEAN-ENERGY-BASED-ECONOMIC-DEVELOPMENT-PARALLEL-TRACKS-STATE-AND-LOCAL,2019-02-25,Clean-Energy-Based Economic Development: Parallel Tracks for State and Local Policy,Reports & Briefings,核心,否,https://itif.org/publications/2019/02/25/clean-energy-based-economic-development-parallel-tracks-state-and-local/,Clean energy can support state and local economic development. Leaders can follow five tracks to leverage clean energy to accelerate economic growth.,ITIF官方Reports & Briefings目录元数据,总目录保留；科技创新机制、中国比较或跨期节点进入全文层,2026-08-23
C-ITIF-RB-2019-BAYH-DOLE-ACTS-VITAL-IMPORTANCE-US-LIFE-SCIENCES-INNOVATION-SYSTEM,C-ITIF-RB-2019-BAYH-DOLE-ACTS-VITAL-IMPORTANCE-US-LIFE-SCIENCES-INNOVATION-SYSTEM,2019-03-04,The Bayh-Dole Act’s Vital Importance to the U.S. Life-Sciences Innovation System,Reports & Briefings,核心,否,https://itif.org/publications/2019/03/04/bayh-dole-acts-vital-importance-us-life-sciences-innovation-system/,Misusing the “march-in right” provision of the Bayh-Dole Act could negatively impact U.S. life-sciences innovation and result in fewer new drugs.,ITIF官方Reports & Briefings目录元数据,总目录保留；科技创新机制、中国比较或跨期节点进入全文层,2026-08-23
C-ITIF-RB-2019-CLEAN-ENERGY-DIVIDEND-MILITARY-INVESTMENT-ENERGY-TECHNOLOGY-AND-WHAT-IT,C-ITIF-RB-2019-CLEAN-ENERGY-DIVIDEND-MILITARY-INVESTMENT-ENERGY-TECHNOLOGY-AND-WHAT-IT,2019-03-05,The Clean Energy Dividend: Military Investment in Energy Technology and What It Means for Civilian Energy Innovation,Reports & Briefings,核心,否,https://itif.org/publications/2019/03/05/clean-energy-dividend-military-investment-energy-technology-and-what-it/,"The Defense Department will invest $1.6 billion this year in research, development, testing, and evaluation (RDT&E) that is directly related to energy. This report recommends how to leverage those investments for civilian energy innovation without compromising their military value.",ITIF官方Reports & Briefings目录元数据,总目录保留；科技创新机制、中国比较或跨期节点进入全文层,2026-08-23
C-ITIF-RB-2019-TRUMP-BUDGET-SHORTCHANGES-ENERGY-INNOVATION,C-ITIF-RB-2019-TRUMP-BUDGET-SHORTCHANGES-ENERGY-INNOVATION,2019-03-11,Trump Budget Shortchanges Energy Innovation,Reports & Briefings,核心,否,https://itif.org/publications/2019/03/11/trump-budget-shortchanges-energy-innovation/,"DOE’s clean energy RD&D portfolio is essential to the U.S. energy innovation ecosystem. Instead of slashing it, as the administration has proposed, Congress should elevate energy innovation as a national priority and continue to expand it.",ITIF官方Reports & Briefings目录元数据,总目录保留；科技创新机制、中国比较或跨期节点进入全文层,2026-08-23
C-ITIF-RB-2019-ASSESSING-HOW-BRAZIL-WOULD-BENEFIT-JOINING-ITA,C-ITIF-RB-2019-ASSESSING-HOW-BRAZIL-WOULD-BENEFIT-JOINING-ITA,2019-03-25,Assessing How Brazil Would Benefit From Joining the ITA,Reports & Briefings,语境,否,https://itif.org/publications/2019/03/25/assessing-how-brazil-would-benefit-joining-ita/,"The Information Technology Agreement lowers tariffs on ICT products, which lowers their cost and spurs uptake and adoption among businesses and consumers. For Brazil, that could boost GDP nearly a full percentage point in 10 years.",ITIF官方Reports & Briefings目录元数据,总目录保留；科技创新机制、中国比较或跨期节点进入全文层,2026-08-23
C-ITIF-RB-2019-HEALTHY-FUNDING-CRITICAL-ROLE-INVESTING-NIH-BOOST-HEALTH-AND-LOWER-COSTS,C-ITIF-RB-2019-HEALTHY-FUNDING-CRITICAL-ROLE-INVESTING-NIH-BOOST-HEALTH-AND-LOWER-COSTS,2019-03-25,Healthy Funding: The Critical Role of Investing in NIH to Boost Health and Lower Costs,Reports & Briefings,语境,否,https://itif.org/publications/2019/03/25/healthy-funding-critical-role-investing-nih-boost-health-and-lower-costs/,"NIH funding is critical to improving health outcomes and reducing the societal costs of illnesses. Congress should increase the NIH budget and then maintain regular, steady increases.",ITIF官方Reports & Briefings目录元数据,总目录保留；科技创新机制、中国比较或跨期节点进入全文层,2026-08-23
C-ITIF-RB-2019-PROMOTING-EUROPEAN-GROWTH-PRODUCTIVITY-AND-COMPETITIVENESS-TAKING-ADVANTAGE,C-ITIF-RB-2019-PROMOTING-EUROPEAN-GROWTH-PRODUCTIVITY-AND-COMPETITIVENESS-TAKING-ADVANTAGE,2019-03-26,"Promoting European Growth, Productivity, and Competitiveness by Taking Advantage of the Next Digital Technology Wave",Reports & Briefings,支撑,否,https://itif.org/publications/2019/03/26/promoting-european-growth-productivity-and-competitiveness-taking-advantage/,"The EU has an opportunity to make major strides in the next wave of digital transformation. But it will need to adopt a forward-looking policy perspective that focuses on the benefits of connectivity, automation, and smart systems for Europe’s economy and society.",ITIF官方Reports & Briefings目录元数据,总目录保留；科技创新机制、中国比较或跨期节点进入全文层,2026-08-23
C-ITIF-RB-2019-ENERGY-STORAGE-RDD-FISCAL-YEAR-2020-BUDGET-PROPOSAL,C-ITIF-RB-2019-ENERGY-STORAGE-RDD-FISCAL-YEAR-2020-BUDGET-PROPOSAL,2019-03-27,Energy Storage RD&D in the Fiscal Year 2020 Budget Proposal,Reports & Briefings,语境,否,https://itif.org/publications/2019/03/27/energy-storage-rdd-fiscal-year-2020-budget-proposal/,"Federal funding for energy storage RD&D is more vital than ever. The administration’s budget proposal for fiscal year 2020 includes a new advanced energy storage initiative with laudable goals, but insufficient funding and inadequate reach across federal agencies.",ITIF官方Reports & Briefings目录元数据,总目录保留；科技创新机制、中国比较或跨期节点进入全文层,2026-08-23
C-ITIF-RB-2019-FALSE-APPEAL-DATA-NATIONALISM-WHY-VALUE-DATA-COMES-HOW-ITS-USED-NOT-WHERE,C-ITIF-RB-2019-FALSE-APPEAL-DATA-NATIONALISM-WHY-VALUE-DATA-COMES-HOW-ITS-USED-NOT-WHERE,2019-04-01,"The False Appeal of Data Nationalism: Why the Value of Data Comes From How It’s Used, Not Where It’s Stored",Reports & Briefings,语境,否,https://itif.org/publications/2019/04/01/false-appeal-data-nationalism-why-value-data-comes-how-its-used-not-where/,"To maximize the economic and societal benefits of data and digital technologies, policymakers should resist the “data localization” trap and focus instead on the fundamentals of ICT adoption.",ITIF官方Reports & Briefings目录元数据,总目录保留；科技创新机制、中国比较或跨期节点进入全文层,2026-08-23
C-ITIF-RB-2019-FY-2020-ENERGY-INNOVATION-FUNDING-CONGRESS-SHOULD-PUSH-PEDAL-METAL,C-ITIF-RB-2019-FY-2020-ENERGY-INNOVATION-FUNDING-CONGRESS-SHOULD-PUSH-PEDAL-METAL,2019-04-02,FY 2020 Energy Innovation Funding: Congress Should Push the Pedal to the Metal,Reports & Briefings,核心,否,https://itif.org/publications/2019/04/02/fy-2020-energy-innovation-funding-congress-should-push-pedal-metal/,The Trump administration has once again proposed massive cuts to energy RD&D. Lawmakers should not give this year’s budget proposal any greater credence than they have given the last two. Congress should instead continue down the path of elevating innovation in clean energy as a national priority.,ITIF官方Reports & Briefings目录元数据,总目录保留；科技创新机制、中国比较或跨期节点进入全文层,2026-08-23
E-ITIF-2019-CATCHUP,E-ITIF-2019-CATCHUP,2019-04-08,Is China Catching Up to the United States in Innovation?,Reports & Briefings,核心,是,https://itif.org/publications/2019/04/08/china-catching-united-states-innovation/,"If China were only a copier, then the competitive threat to advanced economies would be limited. But there is no reason to believe China won’t follow the path of “Asian tigers” that rapidly evolved from copiers to innovators, which poses a serious threat.",ITIF官方Reports & Briefings目录元数据,总目录保留；科技创新机制、中国比较或跨期节点进入全文层,2026-08-23
C-ITIF-RB-2019-CASE-AGAINST-TAXING-ROBOTS,C-ITIF-RB-2019-CASE-AGAINST-TAXING-ROBOTS,2019-04-08,The Case Against Taxing Robots,Reports & Briefings,核心,否,https://itif.org/publications/2019/04/08/case-against-taxing-robots/,Given that the economy has been in an unprecedented productivity growth slump—and the baby boom retirement wave is rising—taxing automation equipment ranks as a singularly bad policy idea.,ITIF官方Reports & Briefings目录元数据,总目录保留；科技创新机制、中国比较或跨期节点进入全文层,2026-08-23
C-ITIF-RB-2019-SUBMARINE-CABLES-CRITICAL-INFRASTRUCTURE-GLOBAL-COMMUNICATIONS,C-ITIF-RB-2019-SUBMARINE-CABLES-CRITICAL-INFRASTRUCTURE-GLOBAL-COMMUNICATIONS,2019-04-19,Submarine Cables: Critical Infrastructure for Global Communications,Reports & Briefings,语境,否,https://itif.org/publications/2019/04/19/submarine-cables-critical-infrastructure-global-communications/,"Submarine cables use fiber-optic technology, whereby information is encoded onto waves of light transmitted by lasers across thin glass at up to 200 terabits per second.",ITIF官方Reports & Briefings目录元数据,总目录保留；科技创新机制、中国比较或跨期节点进入全文层,2026-08-23
C-ITIF-RB-2019-POLICYMAKERS-GUIDE-ROAD-USER-CHARGES,C-ITIF-RB-2019-POLICYMAKERS-GUIDE-ROAD-USER-CHARGES,2019-04-22,A Policymaker’s Guide to Road User Charges,Reports & Briefings,支撑,否,https://itif.org/publications/2019/04/22/policymakers-guide-road-user-charges/,A national “road user charge” system would ensure that everyone who drives on America’s roads contributes their fair share of the infrastructure costs.,ITIF官方Reports & Briefings目录元数据,总目录保留；科技创新机制、中国比较或跨期节点进入全文层,2026-08-23
C-ITIF-RB-2019-WAY-FORWARD-INTELLECTUAL-PROPERTY-INTERNATIONALLY,C-ITIF-RB-2019-WAY-FORWARD-INTELLECTUAL-PROPERTY-INTERNATIONALLY,2019-04-25,The Way Forward for Intellectual Property Internationally,Reports & Briefings,核心,否,https://itif.org/publications/2019/04/25/way-forward-intellectual-property-internationally/,"Countries with robust IP rights and protections must recognize that new energy, new tactics, and a new strategy are needed to encourage other nations to contribute more and detract less from global innovation.",ITIF官方Reports & Briefings目录元数据,总目录保留；科技创新机制、中国比较或跨期节点进入全文层,2026-08-23
C-ITIF-RB-2019-POLICYMAKERS-GUIDE-BLOCKCHAIN,C-ITIF-RB-2019-POLICYMAKERS-GUIDE-BLOCKCHAIN,2019-04-30,A Policymaker’s Guide to Blockchain,Reports & Briefings,核心,否,https://itif.org/publications/2019/04/30/policymakers-guide-blockchain/,"Policymakers can and should do more to support blockchain innovation and adoption, such as ensuring regulations are targeted and flexible, so as to encourage blockchain experimentation.",ITIF官方Reports & Briefings目录元数据,总目录保留；科技创新机制、中国比较或跨期节点进入全文层,2026-08-23
C-ITIF-RB-2019-WHY-CHINA-SHOULD-BE-DISQUALIFIED-PARTICIPATING-WTO-NEGOTIATIONS-DIGITAL,C-ITIF-RB-2019-WHY-CHINA-SHOULD-BE-DISQUALIFIED-PARTICIPATING-WTO-NEGOTIATIONS-DIGITAL,2019-05-09,Why China Should Be Disqualified From Participating in WTO Negotiations on Digital Trade Rules,Reports & Briefings,语境,是,https://itif.org/publications/2019/05/09/why-china-should-be-disqualified-participating-wto-negotiations-digital/,Chinese policymakers cling to a strident view that national sovereignty in the cyber realm supersedes the need to enable data flows or cooperate with trading partners on important international norms.,ITIF官方Reports & Briefings目录元数据,总目录保留；科技创新机制、中国比较或跨期节点进入全文层,2026-08-23
C-ITIF-RB-2019-DIGITAL-SERVICES-TAXES-BAD-IDEA-WHOSE-TIME-SHOULD-NEVER-COME,C-ITIF-RB-2019-DIGITAL-SERVICES-TAXES-BAD-IDEA-WHOSE-TIME-SHOULD-NEVER-COME,2019-05-13,Digital Services Taxes: A Bad Idea Whose Time Should Never Come,Reports & Briefings,语境,否,https://itif.org/publications/2019/05/13/digital-services-taxes-bad-idea-whose-time-should-never-come/,Arguments used to justify digital services taxes on large Internet companies are flawed. The United States should counter these proposals and work to restore international consensus around tax treatment for multinational companies.,ITIF官方Reports & Briefings目录元数据,总目录保留；科技创新机制、中国比较或跨期节点进入全文层,2026-08-23
C-ITIF-RB-2019-EU-NEEDS-REFORM-GDPR-REMAIN-COMPETITIVE-ALGORITHMIC-ECONOMY,C-ITIF-RB-2019-EU-NEEDS-REFORM-GDPR-REMAIN-COMPETITIVE-ALGORITHMIC-ECONOMY,2019-05-13,The EU Needs to Reform the GDPR To Remain Competitive in the Algorithmic Economy,Reports & Briefings,核心,否,https://itif.org/publications/2019/05/13/eu-needs-reform-gdpr-remain-competitive-algorithmic-economy/,Europe’s success in the global algorithmic economy requires a regulatory environment that is fit for AI but does not reduce consumer protections.,ITIF官方Reports & Briefings目录元数据,总目录保留；科技创新机制、中国比较或跨期节点进入全文层,2026-08-23
C-ITIF-RB-2019-HOW-STRINGENT-EXPORT-CONTROLS-EMERGING-TECHNOLOGIES-WOULD-HARM-US-ECONOMY,C-ITIF-RB-2019-HOW-STRINGENT-EXPORT-CONTROLS-EMERGING-TECHNOLOGIES-WOULD-HARM-US-ECONOMY,2019-05-20,How Stringent Export Controls on Emerging Technologies Would Harm the U.S. Economy,Reports & Briefings,核心,否,https://itif.org/publications/2019/05/20/how-stringent-export-controls-emerging-technologies-would-harm-us-economy/,"Depending on how restrictive export controls are, U.S. firms could lose $14.1 billion to $56.3 billion in export sales over five years, with the missed export opportunities threatening from 18,000 to 74,000 jobs.",ITIF官方Reports & Briefings目录元数据,总目录保留；科技创新机制、中国比较或跨期节点进入全文层,2026-08-23
C-ITIF-RB-2019-PRINCIPLES-AND-POLICIES-DATA-FREE-FLOW-TRUST,C-ITIF-RB-2019-PRINCIPLES-AND-POLICIES-DATA-FREE-FLOW-TRUST,2019-05-27,Principles and Policies for “Data Free Flow With Trust”,Reports & Briefings,支撑,否,https://itif.org/publications/2019/05/27/principles-and-policies-data-free-flow-trust/,"The foundation of the global digital economy is showing cracks. Countries that support an open, rules-based global trading system need to agree on a common framework.",ITIF官方Reports & Briefings目录元数据,总目录保留；科技创新机制、中国比较或跨期节点进入全文层,2026-08-23
C-ITIF-RB-2019-NATIONAL-INNOVATION-POLICIES-WHAT-COUNTRIES-DO-BEST-AND-HOW-THEY-CAN-IMPROVE,C-ITIF-RB-2019-NATIONAL-INNOVATION-POLICIES-WHAT-COUNTRIES-DO-BEST-AND-HOW-THEY-CAN-IMPROVE,2019-06-13,National Innovation Policies: What Countries Do Best and How They Can Improve,Reports & Briefings,核心,否,https://itif.org/publications/2019/06/13/national-innovation-policies-what-countries-do-best-and-how-they-can-improve/,"A survey of allied think tanks summarizes what 23 nations and the EU are doing best when it comes to innovation policy, and where there are the greatest opportunities to improve. In many cases, the successes can serve as model policies for other countries to adopt.",ITIF官方Reports & Briefings目录元数据,总目录保留；科技创新机制、中国比较或跨期节点进入全文层,2026-08-23
C-ITIF-RB-2019-WHAT-EVIDENCE-SHOWS-ABOUT-IMPACT-GDPR-AFTER-ONE-YEAR,C-ITIF-RB-2019-WHAT-EVIDENCE-SHOWS-ABOUT-IMPACT-GDPR-AFTER-ONE-YEAR,2019-06-17,What the Evidence Shows About the Impact of the GDPR After One Year,Reports & Briefings,语境,否,https://itif.org/publications/2019/06/17/what-evidence-shows-about-impact-gdpr-after-one-year/,"One year later, there is mounting evidence that the law has not produced its intended outcomes; moreover, the unintended consequences are severe and widespread.",ITIF官方Reports & Briefings目录元数据,总目录保留；科技创新机制、中国比较或跨期节点进入全文层,2026-08-23
C-ITIF-RB-2019-GLOBAL-TRADE-INTERDEPENDENCE-US-TRADE-LINKAGES-KOREA-MEXICO-AND-TAIWAN,C-ITIF-RB-2019-GLOBAL-TRADE-INTERDEPENDENCE-US-TRADE-LINKAGES-KOREA-MEXICO-AND-TAIWAN,2019-06-25,"Global Trade Interdependence: U.S. Trade Linkages With Korea, Mexico, and Taiwan",Reports & Briefings,语境,否,https://itif.org/publications/2019/06/25/global-trade-interdependence-us-trade-linkages-korea-mexico-and-taiwan/,"Korea, Mexico, and Taiwan represent vital trade partners for the United States, not only as destinations for U.S. exports, but more importantly as key partners whose firms supply critical intermediate goods on which the health of America’s advanced-technology industries depend.",ITIF官方Reports & Briefings目录元数据,总目录保留；科技创新机制、中国比较或跨期节点进入全文层,2026-08-23
C-ITIF-RB-2019-TWO-TOOLS-TWO-JOBS-DIFFERENCE-BETWEEN-CARBON-TAXES-AND-ENERGY-TECHNOLOGY,C-ITIF-RB-2019-TWO-TOOLS-TWO-JOBS-DIFFERENCE-BETWEEN-CARBON-TAXES-AND-ENERGY-TECHNOLOGY,2019-07-03,Two Tools for Two Jobs: The Difference Between Carbon Taxes and Energy Technology Incentives,Reports & Briefings,核心,否,https://itif.org/publications/2019/07/03/two-tools-two-jobs-difference-between-carbon-taxes-and-energy-technology/,"The two tools are complementary, like a saw and sandpaper. One leads taxpayers to shave their energy use. The other drives innovation in promising clean energy technologies.",ITIF官方Reports & Briefings目录元数据,总目录保留；科技创新机制、中国比较或跨期节点进入全文层,2026-08-23
C-ITIF-RB-2019-COSTS-UNNECESSARILY-STRINGENT-FEDERAL-DATA-PRIVACY-LAW,C-ITIF-RB-2019-COSTS-UNNECESSARILY-STRINGENT-FEDERAL-DATA-PRIVACY-LAW,2019-08-05,The Costs of an Unnecessarily Stringent Federal Data Privacy Law,Reports & Briefings,语境,否,https://itif.org/publications/2019/08/05/costs-unnecessarily-stringent-federal-data-privacy-law/,Federal legislation mirroring key provisions of privacy laws in Europe or California could cost the U.S. economy about $122 billion per year.,ITIF官方Reports & Briefings目录元数据,总目录保留；科技创新机制、中国比较或跨期节点进入全文层,2026-08-23
C-ITIF-RB-2019-MANUFACTURING-EVOLUTION-HOW-AI-WILL-TRANSFORM-MANUFACTURING-AND-WORKFORCE,C-ITIF-RB-2019-MANUFACTURING-EVOLUTION-HOW-AI-WILL-TRANSFORM-MANUFACTURING-AND-WORKFORCE,2019-08-06,The Manufacturing Evolution: How AI Will Transform Manufacturing and the Workforce of the Future,Reports & Briefings,核心,否,https://itif.org/publications/2019/08/06/manufacturing-evolution-how-ai-will-transform-manufacturing-and-workforce/,"A report by ITIF for the MAPI Foundation, a research subsidiary of the Manufacturers Alliance for Productivity and Innovation (MAPI).",ITIF官方Reports & Briefings目录元数据,总目录保留；科技创新机制、中国比较或跨期节点进入全文层,2026-08-23
C-ITIF-RB-2019-CHINAS-BIOPHARMACEUTICAL-STRATEGY-CHALLENGE-OR-COMPLEMENT-US-INDUSTRY,C-ITIF-RB-2019-CHINAS-BIOPHARMACEUTICAL-STRATEGY-CHALLENGE-OR-COMPLEMENT-US-INDUSTRY,2019-08-12,China’s Biopharmaceutical Strategy: Challenge or Complement to U.S. Industry Competitiveness?,Reports & Briefings,核心,是,https://itif.org/publications/2019/08/12/chinas-biopharmaceutical-strategy-challenge-or-complement-us-industry/,"China is challenging the United States for market share and jobs in one of the highest value-added, most innovation-intensive industries—and the risks extend not just to the U.S. economy, but to global biopharma innovation.",ITIF官方Reports & Briefings目录元数据,已进入精选全文；按本地原始资产、文本和切片调用,2026-08-23
E-ITIF-2019-AIRACE,E-ITIF-2019-AIRACE,2019-08-19,"Who Is Winning the AI Race: China, the EU or the United States?",Reports & Briefings,核心,是,https://itif.org/publications/2019/08/19/who-winning-ai-race-china-eu-or-united-states/,"The United States leads the race for global advantage in artificial intelligence, at least for the time being, with China coming in second and the EU lagging behind. But China is poised to challenge U.S. dominance in coming years as it undertakes bold AI initiatives.",ITIF官方Reports & Briefings目录元数据,总目录保留；科技创新机制、中国比较或跨期节点进入全文层,2026-08-23
C-ITIF-RB-2019-GLOBAL-ENERGY-INNOVATION-INDEX-NATIONAL-CONTRIBUTIONS-GLOBAL-CLEAN-ENERGY,C-ITIF-RB-2019-GLOBAL-ENERGY-INNOVATION-INDEX-NATIONAL-CONTRIBUTIONS-GLOBAL-CLEAN-ENERGY,2019-08-26,The Global Energy Innovation Index: National Contributions to the Global Clean Energy Innovation System,Reports & Briefings,核心,否,https://itif.org/publications/2019/08/26/global-energy-innovation-index-national-contributions-global-clean-energy/,"Since 2015, 24 nations and the EU have joined “Mission Innovation,” pledging to double public investments in energy RD&D and collaborate on key innovation challenges. This report seeks to provide accountability for these commitments and lay the foundation for more ambitious measures.",ITIF官方Reports & Briefings目录元数据,总目录保留；科技创新机制、中国比较或跨期节点进入全文层,2026-08-23
C-ITIF-RB-2019-POLICYMAKERS-GUIDE-BROADBAND-COMPETITION,C-ITIF-RB-2019-POLICYMAKERS-GUIDE-BROADBAND-COMPETITION,2019-09-03,A Policymaker’s Guide to Broadband Competition,Reports & Briefings,支撑,否,https://itif.org/publications/2019/09/03/policymakers-guide-broadband-competition/,"Policymakers should enable entry into the broadband market, but avoid undermining the dynamism of the sector by actively promoting additional competitors.",ITIF官方Reports & Briefings目录元数据,总目录保留；科技创新机制、中国比较或跨期节点进入全文层,2026-08-23
C-ITIF-RB-2019-SENATE-APPROPRIATIONS-WHERE-RUBBER-MEETS-ROAD-ENERGY-INNOVATION,C-ITIF-RB-2019-SENATE-APPROPRIATIONS-WHERE-RUBBER-MEETS-ROAD-ENERGY-INNOVATION,2019-09-03,Senate Appropriations: Where the Rubber Meets the Road for Energy Innovation,Reports & Briefings,核心,否,https://itif.org/publications/2019/09/03/senate-appropriations-where-rubber-meets-road-energy-innovation/,"This briefing provides an update on energy research, development, and demonstration (RD&D) in the federal fiscal year (FY) 2020 appropriations process, building on ITIF’s summary of the administration’s budget request.",ITIF官方Reports & Briefings目录元数据,总目录保留；科技创新机制、中国比较或跨期节点进入全文层,2026-08-23
C-ITIF-RB-2019-BEST-AND-WORST-TECH-POLICY-IDEAS-EACH-PRESIDENTIAL-CANDIDATE-SEPTEMBERS,C-ITIF-RB-2019-BEST-AND-WORST-TECH-POLICY-IDEAS-EACH-PRESIDENTIAL-CANDIDATE-SEPTEMBERS,2019-09-06,The Best and Worst Tech Policy Ideas From Each Presidential Candidate in September’s Primary Debate,Reports & Briefings,语境,否,https://itif.org/publications/2019/09/06/best-and-worst-tech-policy-ideas-each-presidential-candidate-septembers/,"While tech issues may not be driving most voters to the polls, they will have a significant impact on the U.S. economy, including jobs and economic growth.",ITIF官方Reports & Briefings目录元数据,总目录保留；科技创新机制、中国比较或跨期节点进入全文层,2026-08-23
C-ITIF-RB-2019-LINK-BETWEEN-DRUG-PRICES-AND-RESEARCH-NEXT-GENERATION-CURES,C-ITIF-RB-2019-LINK-BETWEEN-DRUG-PRICES-AND-RESEARCH-NEXT-GENERATION-CURES,2019-09-09,The Link Between Drug Prices and Research on the Next Generation of Cures,Reports & Briefings,核心,否,https://itif.org/publications/2019/09/09/link-between-drug-prices-and-research-next-generation-cures/,Academic studies consistently show that a reduction in current drug revenues leads to a fall in future research and the number of new drug discoveries.,ITIF官方Reports & Briefings目录元数据,总目录保留；科技创新机制、中国比较或跨期节点进入全文层,2026-08-23
C-ITIF-RB-2019-WHY-FEDERAL-RD-POLICY-NEEDS-PRIORITIZE-PRODUCTIVITY-DRIVE-GROWTH-AND-REDUCE,C-ITIF-RB-2019-WHY-FEDERAL-RD-POLICY-NEEDS-PRIORITIZE-PRODUCTIVITY-DRIVE-GROWTH-AND-REDUCE,2019-09-12,Why Federal R&D Policy Needs to Prioritize Productivity to Drive Growth and Reduce the Debt-to-GDP Ratio,Reports & Briefings,核心,否,https://itif.org/publications/2019/09/12/why-federal-rd-policy-needs-prioritize-productivity-drive-growth-and-reduce/,The federal government should significantly increase spending on research and development that specifically targets technologies likely to boost productivity in order to spur growth and reduce the budget deficit.,ITIF官方Reports & Briefings目录元数据,已进入精选全文；按本地原始资产、文本和切片调用,2026-08-23
C-ITIF-RB-2019-PROMISE-DATA-DRIVEN-DRUG-DEVELOPMENT,C-ITIF-RB-2019-PROMISE-DATA-DRIVEN-DRUG-DEVELOPMENT,2019-09-18,The Promise of Data-Driven Drug Development,Reports & Briefings,语境,否,https://itif.org/publications/2019/09/18/promise-data-driven-drug-development/,"Policymakers should recognize that the potential of data-driven drug development is crucial to the well-being of Americans as well as U.S. competitiveness, and develop policies to accelerate this transformation.",ITIF官方Reports & Briefings目录元数据,总目录保留；科技创新机制、中国比较或跨期节点进入全文层,2026-08-23
C-ITIF-RB-2019-OMISSION-INNOVATION-20-DIAGNOSING-GLOBAL-CLEAN-ENERGY-INNOVATION-SYSTEM,C-ITIF-RB-2019-OMISSION-INNOVATION-20-DIAGNOSING-GLOBAL-CLEAN-ENERGY-INNOVATION-SYSTEM,2019-09-23,Omission Innovation 2.0: Diagnosing the Global Clean Energy Innovation System,Reports & Briefings,核心,否,https://itif.org/publications/2019/09/23/omission-innovation-20-diagnosing-global-clean-energy-innovation-system/,"Despite concern over climate change, global carbon emissions continue to rise. Clean energy innovation is needed to reverse the trend. It is time for Mission Innovation member nations to make good on their commitment to double clean energy RD&D.",ITIF官方Reports & Briefings目录元数据,总目录保留；科技创新机制、中国比较或跨期节点进入全文层,2026-08-23
C-ITIF-RB-2019-BECOMING-AMERICAS-SEED-FUND-WHY-NSFS-SBIR-PROGRAM-SHOULD-BE-MODEL-REST,C-ITIF-RB-2019-BECOMING-AMERICAS-SEED-FUND-WHY-NSFS-SBIR-PROGRAM-SHOULD-BE-MODEL-REST,2019-09-26,Becoming America’s Seed Fund: Why NSF’s SBIR Program Should Be a Model for the Rest of Government,Reports & Briefings,核心,否,https://itif.org/publications/2019/09/26/becoming-americas-seed-fund-why-nsfs-sbir-program-should-be-model-rest/,The National Science Foundation’s Small Business Innovation Research (SBIR) program focuses on high-growth startups and commercializing federally funded research and development (R&D). Other federal agencies should consider emulating this model.,ITIF官方Reports & Briefings目录元数据,总目录保留；科技创新机制、中国比较或跨期节点进入全文层,2026-08-23
C-ITIF-RB-2019-CASE-US-DIGITAL-SINGLE-MARKET-AND-WHY-FEDERAL-PREEMPTION-KEY,C-ITIF-RB-2019-CASE-US-DIGITAL-SINGLE-MARKET-AND-WHY-FEDERAL-PREEMPTION-KEY,2019-10-07,The Case for a U.S. Digital Single Market and Why Federal Preemption Is Key,Reports & Briefings,语境,否,https://itif.org/publications/2019/10/07/case-us-digital-single-market-and-why-federal-preemption-key/,"A national framework for digital economy rules would ensure the same protections for all U.S. residents, minimize transaction costs for businesses, enable opportunities to innovate, and increase efficiency in the policymaking process.",ITIF官方Reports & Briefings目录元数据,总目录保留；科技创新机制、中国比较或跨期节点进入全文层,2026-08-23
C-ITIF-RB-2019-ROBOTICS-AND-FUTURE-PRODUCTION-AND-WORK,C-ITIF-RB-2019-ROBOTICS-AND-FUTURE-PRODUCTION-AND-WORK,2019-10-15,Robotics and the Future of Production and Work,Reports & Briefings,核心,否,https://itif.org/publications/2019/10/15/robotics-and-future-production-and-work/,"The use of robotics will increase productivity and has the potential to bring more manufacturing production work back to developed countries. As productivity increases, labor is likely to receive a significant share of the benefits.",ITIF官方Reports & Briefings目录元数据,总目录保留；科技创新机制、中国比较或跨期节点进入全文层,2026-08-23
C-ITIF-RB-2019-US-FUNDING-UNIVERSITY-RESEARCH-CONTINUES-SLIDE,C-ITIF-RB-2019-US-FUNDING-UNIVERSITY-RESEARCH-CONTINUES-SLIDE,2019-10-21,U.S. Funding for University Research Continues to Slide,Reports & Briefings,核心,否,https://itif.org/publications/2019/10/21/us-funding-university-research-continues-slide/,"The United States continues to fall further behind world leaders in funding for university research. To reverse course, it should increase support by $45 billion per year and provide stronger incentives for businesses to increase their investments.",ITIF官方Reports & Briefings目录元数据,总目录保留；科技创新机制、中国比较或跨期节点进入全文层,2026-08-23
C-ITIF-RB-2019-POLICYMAKERS-GUIDE-TECHLASH,C-ITIF-RB-2019-POLICYMAKERS-GUIDE-TECHLASH,2019-10-28,A Policymaker’s Guide to the “Techlash” —What It Is and Why It’s a Threat to Growth and Progress,Reports & Briefings,核心,否,https://itif.org/publications/2019/10/28/policymakers-guide-techlash/,"Growing animus toward “Big Tech” companies and generalized opposition to technological innovation engenders support for policies that are expressly designed to inhibit it. That is deeply problematic for future progress, prosperity, and competitiveness.",ITIF官方Reports & Briefings目录元数据,总目录保留；科技创新机制、中国比较或跨期节点进入全文层,2026-08-23
C-ITIF-RB-2019-SUPPORTING-FINANCIAL-INNOVATION-THROUGH-FLEXIBLE-REGULATION,C-ITIF-RB-2019-SUPPORTING-FINANCIAL-INNOVATION-THROUGH-FLEXIBLE-REGULATION,2019-11-04,Supporting Financial Innovation Through Flexible Regulation,Reports & Briefings,核心,否,https://itif.org/publications/2019/11/04/supporting-financial-innovation-through-flexible-regulation/,"Policymakers should encourage financial innovation by using regulatory processes and approaches that promote flexible oversight, including stakeholder engagement, coordination, experimentation, alternative supervision, and regtech.",ITIF官方Reports & Briefings目录元数据,总目录保留；科技创新机制、中国比较或跨期节点进入全文层,2026-08-23
C-ITIF-RB-2019-ENTERPRISE-AUTOMATION-IMPERATIVE-WHY-MODERN-SOCIETIES-WILL-NEED-ALL,C-ITIF-RB-2019-ENTERPRISE-AUTOMATION-IMPERATIVE-WHY-MODERN-SOCIETIES-WILL-NEED-ALL,2019-11-12,The Enterprise Automation Imperative—Why Modern Societies Will Need All the Productivity They Can Get,Reports & Briefings,支撑,否,https://itif.org/publications/2019/11/12/enterprise-automation-imperative-why-modern-societies-will-need-all/,"Contrary to common belief, enterprise automation is not a cause for alarm, but instead a societal imperative. Modern nations will need all the productivity they can get to address today’s ever-more-resource-constrained challenges.",ITIF官方Reports & Briefings目录元数据,总目录保留；科技创新机制、中国比较或跨期节点进入全文层,2026-08-23
C-ITIF-RB-2019-HOW-DATA-CAN-HELP-FIGHT-AGAINST-OPIOID-EPIDEMIC-UNITED-STATES,C-ITIF-RB-2019-HOW-DATA-CAN-HELP-FIGHT-AGAINST-OPIOID-EPIDEMIC-UNITED-STATES,2019-11-18,How Data Can Help in the Fight Against the Opioid Epidemic in the United States,Reports & Briefings,语境,否,https://itif.org/publications/2019/11/18/how-data-can-help-fight-against-opioid-epidemic-united-states/,The maxim “you can’t manage what you can’t measure” has never been so relevant. The failure to effectively leverage data has undoubtedly cost many lives and caused severe social and economic damage to communities ravaged by opioid addiction.,ITIF官方Reports & Briefings目录元数据,总目录保留；科技创新机制、中国比较或跨期节点进入全文层,2026-08-23
C-ITIF-RB-2019-2019-GLOBAL-MERCANTILIST-INDEX-RANKING-NATIONS-DISTORTIVE-TRADE-POLICIES,C-ITIF-RB-2019-2019-GLOBAL-MERCANTILIST-INDEX-RANKING-NATIONS-DISTORTIVE-TRADE-POLICIES,2019-11-18,The 2019 Global Mercantilist Index: Ranking Nations’ Distortive Trade Policies,Reports & Briefings,核心,是,https://itif.org/publications/2019/11/18/2019-global-mercantilist-index-ranking-nations-distortive-trade-policies/,"The Global Mercantilist Index, ranking 60 nations on 18 variables ranging from market access and forced localization to currency manipulation and intellectual property protections, finds that China is the world’s most innovation-mercantilist nation.",ITIF官方Reports & Briefings目录元数据,总目录保留；科技创新机制、中国比较或跨期节点进入全文层,2026-08-23
C-ITIF-RB-2019-ROADMAP-EUROPE-SUCCEED-DIGITAL-ECONOMY,C-ITIF-RB-2019-ROADMAP-EUROPE-SUCCEED-DIGITAL-ECONOMY,2019-12-02,A Roadmap for Europe to Succeed in the Digital Economy,Reports & Briefings,核心,否,https://itif.org/publications/2019/12/02/roadmap-europe-succeed-digital-economy/,"Europe must harness the power of digital innovation not just to increase economic growth and expand prosperity, but also to address important societal challenges related to the environment, public health, transportation, and other pressing concerns.",ITIF官方Reports & Briefings目录元数据,总目录保留；科技创新机制、中国比较或跨期节点进入全文层,2026-08-23
C-ITIF-RB-2019-LESS-CERTAIN-DEATH-USING-TAX-INCENTIVES-DRIVE-CLEAN-ENERGY-INNOVATION,C-ITIF-RB-2019-LESS-CERTAIN-DEATH-USING-TAX-INCENTIVES-DRIVE-CLEAN-ENERGY-INNOVATION,2019-12-02,Less Certain Than Death: Using Tax Incentives to Drive Clean Energy Innovation,Reports & Briefings,核心,否,https://itif.org/publications/2019/12/02/less-certain-death-using-tax-incentives-drive-clean-energy-innovation/,"Tax incentives can play an important role in accelerating the innovations needed for a low-carbon future, but only if the incentives reward innovators rather than support well-entrenched incumbents.",ITIF官方Reports & Briefings目录元数据,总目录保留；科技创新机制、中国比较或跨期节点进入全文层,2026-08-23
C-ITIF-RB-2019-TEN-FACTS-ABOUT-STATE-ECONOMY-US-WORKERS-WITHOUT-COLLEGE-DEGREES,C-ITIF-RB-2019-TEN-FACTS-ABOUT-STATE-ECONOMY-US-WORKERS-WITHOUT-COLLEGE-DEGREES,2019-12-02,Ten Facts About the State of the Economy for U.S. Workers Without College Degrees,Reports & Briefings,语境,否,https://itif.org/publications/2019/12/02/ten-facts-about-state-economy-us-workers-without-college-degrees/,The most important policy to boost economic opportunity is one that focuses on shifting the occupational mix toward fewer low-wage jobs and more middle-wage ones.,ITIF官方Reports & Briefings目录元数据,总目录保留；科技创新机制、中国比较或跨期节点进入全文层,2026-08-23
C-ITIF-RB-2019-CASE-GROWTH-CENTERS-HOW-SPREAD-TECH-INNOVATION-ACROSS-AMERICA,C-ITIF-RB-2019-CASE-GROWTH-CENTERS-HOW-SPREAD-TECH-INNOVATION-ACROSS-AMERICA,2019-12-09,The Case for Growth Centers: How to Spread Tech Innovation Across America,Reports & Briefings,核心,否,https://itif.org/publications/2019/12/09/case-growth-centers-how-spread-tech-innovation-across-america/,The federal government should take aggressive steps to spur the development of more tech hubs in America’s heartland by identifying promising metro areas and helping them transform into self-sustaining innovation centers.,ITIF官方Reports & Briefings目录元数据,总目录保留；科技创新机制、中国比较或跨期节点进入全文层,2026-08-23
C-ITIF-RB-2019-CASE-MOSTLY-OPEN-INTERNET,C-ITIF-RB-2019-CASE-MOSTLY-OPEN-INTERNET,2019-12-16,The Case for a Mostly Open Internet,Reports & Briefings,语境,否,https://itif.org/publications/2019/12/16/case-mostly-open-internet/,Policymakers should seek to maximize the benefits of Internet openness while maintaining carefully designed guardrails that reduce the Internet’s most clearly harmful uses.,ITIF官方Reports & Briefings目录元数据,总目录保留；科技创新机制、中国比较或跨期节点进入全文层,2026-08-23
C-ITIF-RB-2020-INNOVATION-DRAG-CHINAS-ECONOMIC-IMPACT-DEVELOPED-NATIONS,C-ITIF-RB-2020-INNOVATION-DRAG-CHINAS-ECONOMIC-IMPACT-DEVELOPED-NATIONS,2020-01-06,Innovation Drag: China’s Economic Impact on Developed Nations,Reports & Briefings,核心,是,https://itif.org/publications/2020/01/06/innovation-drag-chinas-economic-impact-developed-nations/,An examination of the scholarly literature shows that China’s mercantilist-powered economic rise and trade expansion have slowed the progress of innovation in the global economy—particularly in North America and Europe.,ITIF官方Reports & Briefings目录元数据,已进入精选全文；按本地原始资产、文本和切片调用,2026-08-23
C-ITIF-RB-2020-WHAT-EU-SHOULD-PUT-DIGITAL-SERVICES-ACT,C-ITIF-RB-2020-WHAT-EU-SHOULD-PUT-DIGITAL-SERVICES-ACT,2020-01-13,What the EU Should Put in the Digital Services Act,Reports & Briefings,语境,否,https://itif.org/publications/2020/01/13/what-eu-should-put-digital-services-act/,"The eCommerce Directive—a critical building block of the EU’s digital economy—is in need of modernization, but updates should continue to remove obstacles to online commerce and provide legal certainty to businesses and citizens.",ITIF官方Reports & Briefings目录元数据,总目录保留；科技创新机制、中国比较或跨期节点进入全文层,2026-08-23
C-ITIF-RB-2020-WHY-AND-HOW-MOUNT-STRONG-TRILATERAL-RESPONSE-CHINAS-INNOVATION-MERCANTILISM,C-ITIF-RB-2020-WHY-AND-HOW-MOUNT-STRONG-TRILATERAL-RESPONSE-CHINAS-INNOVATION-MERCANTILISM,2020-01-13,"Why and How to Mount a Strong, Trilateral Response to China’s Innovation Mercantilism",Reports & Briefings,核心,是,https://itif.org/publications/2020/01/13/why-and-how-mount-strong-trilateral-response-chinas-innovation-mercantilism/,"The United States, the EU, and Japan must band together in stronger trilateral partnership to pressure China into rolling back the mercantilist trade practices it uses to grow advanced, innovation-driven industries.",ITIF官方Reports & Briefings目录元数据,总目录保留；科技创新机制、中国比较或跨期节点进入全文层,2026-08-23
C-ITIF-RB-2020-ACCELERATING-ENERGY-INNOVATION-116TH-CONGRESS-10-PRIORITIES-2020,C-ITIF-RB-2020-ACCELERATING-ENERGY-INNOVATION-116TH-CONGRESS-10-PRIORITIES-2020,2020-01-21,Accelerating Energy Innovation in the 116th Congress: 10 Priorities for 2020,Reports & Briefings,核心,否,https://itif.org/publications/2020/01/21/accelerating-energy-innovation-116th-congress-10-priorities-2020/,"As the House and Senate consider comprehensive energy legislation, these 10 priorities have already won the support of large bipartisan majorities at the committee level in at least one chamber. They should form the nucleus of a bipartisan energy package that gets signed into law this year.",ITIF官方Reports & Briefings目录元数据,总目录保留；科技创新机制、中国比较或跨期节点进入全文层,2026-08-23
C-ITIF-RB-2020-SURVEYING-DAMAGE-WHY-WE-MUST-ACCURATELY-MEASURE-CROSS-BORDER-DATA-FLOWS-AND,C-ITIF-RB-2020-SURVEYING-DAMAGE-WHY-WE-MUST-ACCURATELY-MEASURE-CROSS-BORDER-DATA-FLOWS-AND,2020-01-27,Surveying the Damage: Why We Must Accurately Measure Cross-Border Data Flows and Digital Trade Barriers,Reports & Briefings,语境,否,https://itif.org/publications/2020/01/27/surveying-damage-why-we-must-accurately-measure-cross-border-data-flows-and/,"Countries that value an open, competitive digital economy should use surveys to improve quantitative analysis of cross-border data flows, because policymakers can’t effectively manage and address barriers to digital trade unless they can measure it.",ITIF官方Reports & Briefings目录元数据,总目录保留；科技创新机制、中国比较或跨期节点进入全文层,2026-08-23
C-ITIF-RB-2020-CRITICS-WERE-WRONG-NIST-DATA-SHOWS-BEST-FACIAL-RECOGNITION-ALGORITHMS,C-ITIF-RB-2020-CRITICS-WERE-WRONG-NIST-DATA-SHOWS-BEST-FACIAL-RECOGNITION-ALGORITHMS,2020-01-27,The Critics Were Wrong: NIST Data Shows the Best Facial Recognition Algorithms Are Neither Racist Nor Sexist,Reports & Briefings,语境,否,https://itif.org/publications/2020/01/27/critics-were-wrong-nist-data-shows-best-facial-recognition-algorithms/,A close look at data from a new NIST report reveals that the best facial recognition algorithms in the world are highly accurate and have vanishingly small differences in their rates of false-positive or false-negative readings across demographic groups.,ITIF官方Reports & Briefings目录元数据,总目录保留；科技创新机制、中国比较或跨期节点进入全文层,2026-08-23
C-ITIF-RB-2020-DELINKAGE-DEBUNKED-WHY-REPLACING-PATENTS-PRIZES-DRUG-DEVELOPMENT-WONT-WORK,C-ITIF-RB-2020-DELINKAGE-DEBUNKED-WHY-REPLACING-PATENTS-PRIZES-DRUG-DEVELOPMENT-WONT-WORK,2020-02-03,Delinkage Debunked: Why Replacing Patents With Prizes for Drug Development Won’t Work,Reports & Briefings,核心,否,https://itif.org/publications/2020/02/03/delinkage-debunked-why-replacing-patents-prizes-drug-development-wont-work/,"Separating the cost of biopharmaceutical research and development from the final market price of medicines would misalign incentives, raise bureaucratic costs, and limit innovation.",ITIF官方Reports & Briefings目录元数据,总目录保留；科技创新机制、中国比较或跨期节点进入全文层,2026-08-23
C-ITIF-RB-2020-TRUMP-BUDGET-WOULD-SLAM-BRAKES-ENERGY-INNOVATION,C-ITIF-RB-2020-TRUMP-BUDGET-WOULD-SLAM-BRAKES-ENERGY-INNOVATION,2020-02-14,Trump Budget Would Slam the Brakes on Energy Innovation,Reports & Briefings,核心,否,https://itif.org/publications/2020/02/14/trump-budget-would-slam-brakes-energy-innovation/,"Congress has soundly rejected the administration’s previous budget proposals in this area, instead putting forward a positive vision for U.S. innovation that invests in a future of clean, reliable, low-cost energy. Lawmakers should do so again in fiscal year 2021.",ITIF官方Reports & Briefings目录元数据,总目录保留；科技创新机制、中国比较或跨期节点进入全文层,2026-08-23
C-ITIF-RB-2020-HOW-VOLUNTARY-AGREEMENTS-AMONG-KEY-STAKEHOLDERS-HELP-COMBAT-DIGITAL-PIRACY,C-ITIF-RB-2020-HOW-VOLUNTARY-AGREEMENTS-AMONG-KEY-STAKEHOLDERS-HELP-COMBAT-DIGITAL-PIRACY,2020-02-24,How Voluntary Agreements Among Key Stakeholders Help Combat Digital Piracy,Reports & Briefings,语境,否,https://itif.org/publications/2020/02/24/how-voluntary-agreements-among-key-stakeholders-help-combat-digital-piracy/,"Working together, firms from different parts of the digital economy can disrupt the supply side of the digital piracy equation to make it harder and costlier for illicit operators to function.",ITIF官方Reports & Briefings目录元数据,总目录保留；科技创新机制、中国比较或跨期节点进入全文层,2026-08-23
C-ITIF-RB-2020-WHY-COUNTRIES-SHOULD-BUILD-INTEROPERABLE-ELECTRONIC-INVOICING-SYSTEM-WTO-E,C-ITIF-RB-2020-WHY-COUNTRIES-SHOULD-BUILD-INTEROPERABLE-ELECTRONIC-INVOICING-SYSTEM-WTO-E,2020-03-23,Why Countries Should Build an Interoperable Electronic Invoicing System Into WTO E-Commerce Negotiations,Reports & Briefings,支撑,否,https://itif.org/publications/2020/03/23/why-countries-should-build-interoperable-electronic-invoicing-system-wto-e/,"To support digital trade, countries must eliminate regulatory barriers—big and small, new and old, obvious and hidden—that prevent firms from using technology and the Internet to achieve critical economies of scale. Electronic invoices are a great example.",ITIF官方Reports & Briefings目录元数据,总目录保留；科技创新机制、中国比较或跨期节点进入全文层,2026-08-23
C-ITIF-RB-2020-ENERGY-INNOVATION-FY-2021-BUDGET-CONGRESS-SHOULD-LEAD,C-ITIF-RB-2020-ENERGY-INNOVATION-FY-2021-BUDGET-CONGRESS-SHOULD-LEAD,2020-03-30,Energy Innovation in the FY 2021 Budget: Congress Should Lead,Reports & Briefings,核心,否,https://itif.org/publications/2020/03/30/energy-innovation-fy-2021-budget-congress-should-lead/,"Lawmakers should make energy innovation a national imperative, and at least double U.S. investment in clean energy RD&D by 2025.",ITIF官方Reports & Briefings目录元数据,总目录保留；科技创新机制、中国比较或跨期节点进入全文层,2026-08-23
C-ITIF-RB-2020-HOW-SBAS-AFFILIATION-RULES-VENTURE-BACKED-FIRMS-WILL-LIMIT-EFFECTIVENESS,C-ITIF-RB-2020-HOW-SBAS-AFFILIATION-RULES-VENTURE-BACKED-FIRMS-WILL-LIMIT-EFFECTIVENESS,2020-03-31,How SBA’s Affiliation Rules for Venture-Backed Firms Will Limit the Effectiveness of the Paycheck Protection Program,Reports & Briefings,语境,否,https://itif.org/publications/2020/03/31/how-sbas-affiliation-rules-venture-backed-firms-will-limit-effectiveness/,"The failure of small venture-backed businesses to qualify for Paycheck Protection Loans could cost more than 275,000 jobs this year directly and more 1 million jobs in total, including indirect losses. The Trump administration should waive the Small Business Administration’s “affiliation rule” in this crisis to prevent these mass layoffs and furloughs.",ITIF官方Reports & Briefings目录元数据,总目录保留；科技创新机制、中国比较或跨期节点进入全文层,2026-08-23
C-ITIF-RB-2020-HARNESSING-HEAT-HOW-FEDERAL-GOVERNMENT-CAN-ADVANCE-GEOTHERMAL-ENERGY,C-ITIF-RB-2020-HARNESSING-HEAT-HOW-FEDERAL-GOVERNMENT-CAN-ADVANCE-GEOTHERMAL-ENERGY,2020-04-02,Harnessing Heat: How the Federal Government Can Advance Geothermal Energy,Reports & Briefings,核心,否,https://itif.org/publications/2020/04/02/harnessing-heat-how-federal-government-can-advance-geothermal-energy/,"Geothermal energy has yet to follow the trajectory of rapidly expanding, cheap renewables like wind and solar. To unlock the enormous potential of this clean, reliable source of energy, the federal government can drive innovation and address barriers to adoption.",ITIF官方Reports & Briefings目录元数据,总目录保留；科技创新机制、中国比较或跨期节点进入全文层,2026-08-23
C-ITIF-RB-2020-DIGITAL-POLICY-PHYSICAL-DISTANCING-28-STIMULUS-PROPOSALS-WILL-PAY-LONG-TERM,C-ITIF-RB-2020-DIGITAL-POLICY-PHYSICAL-DISTANCING-28-STIMULUS-PROPOSALS-WILL-PAY-LONG-TERM,2020-04-06,Digital Policy for Physical Distancing: 28 Stimulus Proposals That Will Pay Long-Term Dividends,Reports & Briefings,语境,否,https://itif.org/publications/2020/04/06/digital-policy-physical-distancing-28-stimulus-proposals-will-pay-long-term/,"The COVID-19 pandemic has revealed gaps in society’s digital readiness for social distancing. If policymakers seize the opportunity to address these gaps, they can make it easier to manage the next pandemic while providing significant long-term social and economic benefits.",ITIF官方Reports & Briefings目录元数据,总目录保留；科技创新机制、中国比较或跨期节点进入全文层,2026-08-23
S-ITIF-2020-01,S-ITIF-2020-01,2020-04-13,The Case for a National Industrial Strategy to Counter China’s Technological Rise,Reports & Briefings,语境,是,https://itif.org/publications/2020/04/13/case-national-industrial-strategy-counter-chinas-technological-rise/,"Further stimulus in response to the COVID-19 crisis should focus not just on short-term recovery, but also the long-term competitiveness of key technologically sophisticated, traded-sector industries. Now is the time to recognize America needs a robust industrial strategy.",ITIF官方Reports & Briefings目录元数据,总目录保留；科技创新机制、中国比较或跨期节点进入全文层,2026-08-23
C-ITIF-RB-2020-MOST-STATE-UNEMPLOYMENT-WEBSITES-FAIL-MOBILE-AND-ACCESSIBILITY-TESTS,C-ITIF-RB-2020-MOST-STATE-UNEMPLOYMENT-WEBSITES-FAIL-MOBILE-AND-ACCESSIBILITY-TESTS,2020-04-15,Most State Unemployment Websites Fail Mobile and Accessibility Tests,Reports & Briefings,语境,否,https://itif.org/publications/2020/04/15/most-state-unemployment-websites-fail-mobile-and-accessibility-tests/,"ITIF tested the page load speed, mobile-friendliness, and accessibility of all 50 state unemployment websites using publicly available tools. The results show that many of these sites are not just ill-suited to handle significant rises in traffic, but also poorly designed.",ITIF官方Reports & Briefings目录元数据,总目录保留；科技创新机制、中国比较或跨期节点进入全文层,2026-08-23
C-ITIF-RB-2020-US-NATIONAL-STRATEGY-5G-AND-FUTURE-WIRELESS-INNOVATION,C-ITIF-RB-2020-US-NATIONAL-STRATEGY-5G-AND-FUTURE-WIRELESS-INNOVATION,2020-04-27,A U.S. National Strategy for 5G and Future Wireless Innovation,Reports & Briefings,核心,否,https://itif.org/publications/2020/04/27/us-national-strategy-5g-and-future-wireless-innovation/,"5G wireless will drive economic growth for decades to come, but we need a comprehensive strategy to ensure a robust deployment and adoption of secure networks. A U.S. strategy for 5G should play to our strengths to overcome unfair practices that have made Huawei a leader.",ITIF官方Reports & Briefings目录元数据,总目录保留；科技创新机制、中国比较或跨期节点进入全文层,2026-08-23
C-ITIF-RB-2020-SOLVING-SURVEYORS-DILEMMA-ESTIMATING-FUTURE-RETURNS-INNOVATION-PROGRAM,C-ITIF-RB-2020-SOLVING-SURVEYORS-DILEMMA-ESTIMATING-FUTURE-RETURNS-INNOVATION-PROGRAM,2020-05-04,Solving the Surveyor’s Dilemma: Estimating Future Returns From Innovation Program Investments,Reports & Briefings,核心,否,https://itif.org/publications/2020/05/04/solving-surveyors-dilemma-estimating-future-returns-innovation-program/,"As policymakers consider the value of small business innovation programs, they should understand that their returns on investment are considerably larger than conventional estimates indicate.",ITIF官方Reports & Briefings目录元数据,总目录保留；科技创新机制、中国比较或跨期节点进入全文层,2026-08-23
C-ITIF-RB-2020-MIND-GAP-DESIGN-NEW-ENERGY-TECHNOLOGY-COMMERCIALIZATION-FOUNDATION,C-ITIF-RB-2020-MIND-GAP-DESIGN-NEW-ENERGY-TECHNOLOGY-COMMERCIALIZATION-FOUNDATION,2020-05-11,Mind the Gap: A Design for a New Energy Technology Commercialization Foundation,Reports & Briefings,核心,否,https://itif.org/publications/2020/05/11/mind-gap-design-new-energy-technology-commercialization-foundation/,The United States is struggling to move innovative energy technologies from discovery to scale. This gap could put the climate and U.S. investments at risk. A nonprofit foundation working with the Department of Energy could help fill the gap.,ITIF官方Reports & Briefings目录元数据,总目录保留；科技创新机制、中国比较或跨期节点进入全文层,2026-08-23
C-ITIF-RB-2020-MONOPOLY-MYTHS-CONCENTRATION-LEADING-HIGHER-PROFITS,C-ITIF-RB-2020-MONOPOLY-MYTHS-CONCENTRATION-LEADING-HIGHER-PROFITS,2020-05-18,Monopoly Myths: Is Concentration Leading to Higher Profits?,Reports & Briefings,语境,否,https://itif.org/publications/2020/05/18/monopoly-myths-concentration-leading-higher-profits/,"In short: no. Profits are difficult to measure accurately, but the best method is to focus on domestic earnings outside the financial sector as a share of net value added. By that measure, the long-term trend has been in decline.",ITIF官方Reports & Briefings目录元数据,总目录保留；科技创新机制、中国比较或跨期节点进入全文层,2026-08-23
C-ITIF-RB-2020-MORE-AND-BETTER-BUILDING-AND-MANAGING-FEDERAL-ENERGY-DEMONSTRATION-PROJECT,C-ITIF-RB-2020-MORE-AND-BETTER-BUILDING-AND-MANAGING-FEDERAL-ENERGY-DEMONSTRATION-PROJECT,2020-05-18,More and Better: Building and Managing a Federal Energy Demonstration Project Portfolio,Reports & Briefings,语境,否,https://itif.org/publications/2020/05/18/more-and-better-building-and-managing-federal-energy-demonstration-project/,Demonstrating the commercial viability of new technologies for deep decarbonization requires federal funding. But the government’s past record is decidedly mixed. So Congress should increase funding for demonstration projects while reforming how they are administered.,ITIF官方Reports & Briefings目录元数据,总目录保留；科技创新机制、中国比较或跨期节点进入全文层,2026-08-23
C-ITIF-RB-2020-POLICY-RECOMMENDATIONS-STIMULATE-US-MANUFACTURING-INNOVATION,C-ITIF-RB-2020-POLICY-RECOMMENDATIONS-STIMULATE-US-MANUFACTURING-INNOVATION,2020-05-18,Policy Recommendations to Stimulate U.S. Manufacturing Innovation,Reports & Briefings,核心,否,https://itif.org/publications/2020/05/18/policy-recommendations-stimulate-us-manufacturing-innovation/,"The health of U.S. manufacturing cannot be taken for granted, especially in the face of ever-more-intense international competition and the rapid pace of technological change.",ITIF官方Reports & Briefings目录元数据,总目录保留；科技创新机制、中国比较或跨期节点进入全文层,2026-08-23
C-ITIF-RB-2020-BUILDING-GLOBAL-FRAMEWORK-DIGITAL-HEALTH-SERVICES-ERA-COVID-19,C-ITIF-RB-2020-BUILDING-GLOBAL-FRAMEWORK-DIGITAL-HEALTH-SERVICES-ERA-COVID-19,2020-05-26,Building a Global Framework for Digital Health Services in the Era of COVID-19,Reports & Briefings,语境,否,https://itif.org/publications/2020/05/26/building-global-framework-digital-health-services-era-covid-19/,"Health data and digital technologies will be essential for improving health outcomes across the globe beyond the COVID-19 pandemic. Low- and middle-income nations, with fledgling digital health strategies and many barriers to overcome, stand to benefit the most.",ITIF官方Reports & Briefings目录元数据,总目录保留；科技创新机制、中国比较或跨期节点进入全文层,2026-08-23
C-ITIF-RB-2020-MONOPOLY-MYTHS-CONCENTRATION-LEADING-HIGHER-MARKUPS,C-ITIF-RB-2020-MONOPOLY-MYTHS-CONCENTRATION-LEADING-HIGHER-MARKUPS,2020-06-01,Monopoly Myths: Is Concentration Leading to Higher Markups?,Reports & Briefings,语境,否,https://itif.org/publications/2020/06/01/monopoly-myths-concentration-leading-higher-markups/,"No, markups have increased only slightly in some industries—and have stayed the same overall—which refutes claims that market concentration is giving firms more pricing power.",ITIF官方Reports & Briefings目录元数据,总目录保留；科技创新机制、中国比较或跨期节点进入全文层,2026-08-23
C-ITIF-RB-2020-CONNECTING-DIGITAL-ECONOMIES-POLICY-RECOMMENDATIONS-CROSS-BORDER-PAYMENTS,C-ITIF-RB-2020-CONNECTING-DIGITAL-ECONOMIES-POLICY-RECOMMENDATIONS-CROSS-BORDER-PAYMENTS,2020-06-02,Connecting Digital Economies: Policy Recommendations for Cross-Border Payments,Reports & Briefings,核心,否,https://itif.org/publications/2020/06/02/connecting-digital-economies-policy-recommendations-cross-border-payments/,A World Economic Forum report—produced with extensive research contributions from ITIF—analyzes key barriers and challenges to cross-border payments and recommends how to overcome them to support global trade.,ITIF官方Reports & Briefings目录元数据,总目录保留；科技创新机制、中国比较或跨期节点进入全文层,2026-08-23
C-ITIF-RB-2020-FREEDOM-NOT-FREE-LICENSE-FREEDOM-HOUSES-FLAWED-MEASUREMENT-INTERNET,C-ITIF-RB-2020-FREEDOM-NOT-FREE-LICENSE-FREEDOM-HOUSES-FLAWED-MEASUREMENT-INTERNET,2020-06-08,Freedom Is Not Free License: Freedom House’s Flawed Measurement of “Internet Freedom”,Reports & Briefings,语境,否,https://itif.org/publications/2020/06/08/freedom-not-free-license-freedom-houses-flawed-measurement-internet/,"The advocacy group’s annual report on Internet and digital media freedom is more polemic than dispassionate analysis. The State Department should stop funding it unless it focuses on true violations of Internet freedom, such as political persecution.",ITIF官方Reports & Briefings目录元数据,总目录保留；科技创新机制、中国比较或跨期节点进入全文层,2026-08-23
C-ITIF-RB-2020-FAULTY-PRESCRIPTION-WHY-BUY-AMERICAN-APPROACH-DRUGS-AND-MEDICAL-PRODUCTS,C-ITIF-RB-2020-FAULTY-PRESCRIPTION-WHY-BUY-AMERICAN-APPROACH-DRUGS-AND-MEDICAL-PRODUCTS,2020-06-15,Faulty Prescription: Why a “Buy American” Approach for Drugs and Medical Products Is the Wrong Solution,Reports & Briefings,语境,是,https://itif.org/publications/2020/06/15/faulty-prescription-why-buy-american-approach-drugs-and-medical-products/,"COVID-19 has prompted calls for reshoring of medical goods, including strict “Buy American” prescriptions. While reshoring is important, “Buy American” fails to recognize the value of the global supply chain and avoids addressing the real problem, China.",ITIF官方Reports & Briefings目录元数据,总目录保留；科技创新机制、中国比较或跨期节点进入全文层,2026-08-23
C-ITIF-RB-2020-REFORMING-FEDRAMP-GUIDE-IMPROVING-FEDERAL-PROCUREMENT-AND-RISK-MANAGEMENT,C-ITIF-RB-2020-REFORMING-FEDRAMP-GUIDE-IMPROVING-FEDERAL-PROCUREMENT-AND-RISK-MANAGEMENT,2020-06-15,Reforming FedRAMP: A Guide to Improving the Federal Procurement and Risk Management of Cloud Services,Reports & Briefings,支撑,否,https://itif.org/publications/2020/06/15/reforming-fedramp-guide-improving-federal-procurement-and-risk-management/,"FedRAMP—the government program that sets standards for assessing, authorizing, and monitoring the security of cloud systems—can significantly improve. Absent reform, it will hamper agencies’ adoption of cloud services.",ITIF官方Reports & Briefings目录元数据,总目录保留；科技创新机制、中国比较或跨期节点进入全文层,2026-08-23
C-ITIF-RB-2020-HOW-CHINAS-MERCANTILIST-POLICIES-HAVE-UNDERMINED-GLOBAL-INNOVATION-TELECOM,C-ITIF-RB-2020-HOW-CHINAS-MERCANTILIST-POLICIES-HAVE-UNDERMINED-GLOBAL-INNOVATION-TELECOM,2020-06-22,How China’s Mercantilist Policies Have Undermined Global Innovation in the Telecom Equipment Industry,Reports & Briefings,核心,是,https://itif.org/publications/2020/06/22/how-chinas-mercantilist-policies-have-undermined-global-innovation-telecom/,"China’s state-backing of Huawei and ZTE allowed these companies to seize global market share from more innovative international competitors, reducing their growth in sales and investments in R&D. This, in turn, hurt global innovation in the industry.",ITIF官方Reports & Briefings目录元数据,已进入精选全文；按本地原始资产、文本和切片调用,2026-08-23
C-ITIF-RB-2020-MONOPOLY-MYTHS-ARE-MARKETS-BECOMING-MORE-CONCENTRATED,C-ITIF-RB-2020-MONOPOLY-MYTHS-ARE-MARKETS-BECOMING-MORE-CONCENTRATED,2020-06-29,Monopoly Myths: Are Markets Becoming More Concentrated?,Reports & Briefings,语境,否,https://itif.org/publications/2020/06/29/monopoly-myths-are-markets-becoming-more-concentrated/,"Not really. Despite the measured rise in concentration in some industries, in the vast majority of markets it remains well below the levels that would normally trigger antitrust concerns.",ITIF官方Reports & Briefings目录元数据,总目录保留；科技创新机制、中国比较或跨期节点进入全文层,2026-08-23
C-ITIF-RB-2020-BEYOND-ENERGY-TECHLASH-REAL-CLIMATE-IMPACTS-INFORMATION-TECHNOLOGY,C-ITIF-RB-2020-BEYOND-ENERGY-TECHLASH-REAL-CLIMATE-IMPACTS-INFORMATION-TECHNOLOGY,2020-07-06,Beyond the Energy Techlash: The Real Climate Impacts of Information Technology,Reports & Briefings,语境,否,https://itif.org/publications/2020/07/06/beyond-energy-techlash-real-climate-impacts-information-technology/,"Alarmists claim the tech sector’s carbon footprint is mushrooming out of control. But they wildly misrepresent the facts. Not only is the ICT sector making significant progress in decarbonizing, but ICT is also a powerful technology that enables other sectors to become more energy efficient.",ITIF官方Reports & Briefings目录元数据,总目录保留；科技创新机制、中国比较或跨期节点进入全文层,2026-08-23
C-ITIF-RB-2020-LESSONS-PANDEMIC-BROADBAND-POLICY-AFTER-COVID-19,C-ITIF-RB-2020-LESSONS-PANDEMIC-BROADBAND-POLICY-AFTER-COVID-19,2020-07-13,Lessons From the Pandemic: Broadband Policy After COVID-19,Reports & Briefings,支撑,否,https://itif.org/publications/2020/07/13/lessons-pandemic-broadband-policy-after-covid-19/,"U.S. broadband networks weathered the COVID-19 surge in traffic better than most peer nations. The pandemic should galvanize policymakers to ensure broadband can serve as an essential lifeline for everyone, including low-income and rural residents.",ITIF官方Reports & Briefings目录元数据,总目录保留；科技创新机制、中国比较或跨期节点进入全文层,2026-08-23
C-ITIF-RB-2020-WHY-NEW-CALLS-SUBVERT-COMMERCIAL-ENCRYPTION-ARE-UNJUSTIFIED,C-ITIF-RB-2020-WHY-NEW-CALLS-SUBVERT-COMMERCIAL-ENCRYPTION-ARE-UNJUSTIFIED,2020-07-13,Why New Calls to Subvert Commercial Encryption Are Unjustified,Reports & Briefings,语境,否,https://itif.org/publications/2020/07/13/why-new-calls-subvert-commercial-encryption-are-unjustified/,"Law enforcement argues that “warrant-proof” encryption presents a unique and urgent threat by preventing them from accessing user data. But history shows that government efforts to subvert encryption would negatively impact individuals and businesses. As such, banning the technology is not the answer.",ITIF官方Reports & Briefings目录元数据,总目录保留；科技创新机制、中国比较或跨期节点进入全文层,2026-08-23
C-ITIF-RB-2020-ENSURING-US-BIOPHARMACEUTICAL-COMPETITIVENESS,C-ITIF-RB-2020-ENSURING-US-BIOPHARMACEUTICAL-COMPETITIVENESS,2020-07-16,Ensuring U.S. Biopharmaceutical Competitiveness,Reports & Briefings,核心,否,https://itif.org/publications/2020/07/16/ensuring-us-biopharmaceutical-competitiveness/,"If the United States is serious about maintaining its leadership in biopharmaceuticals, then it’s time for policymakers to articulate and embrace a robust sectoral competitiveness strategy.",ITIF官方Reports & Briefings目录元数据,总目录保留；科技创新机制、中国比较或跨期节点进入全文层,2026-08-23
C-ITIF-RB-2020-MONOPOLY-MYTHS-DO-INTERNET-PLATFORMS-THREATEN-COMPETITION,C-ITIF-RB-2020-MONOPOLY-MYTHS-DO-INTERNET-PLATFORMS-THREATEN-COMPETITION,2020-07-23,Monopoly Myths: Do Internet Platforms Threaten Competition?,Reports & Briefings,语境,否,https://itif.org/publications/2020/07/23/monopoly-myths-do-internet-platforms-threaten-competition/,"The rapid growth of large Internet platforms has caused some activists, scholars, and political officials to worry about their impact on competition. These concerns are largely misplaced.",ITIF官方Reports & Briefings目录元数据,总目录保留；科技创新机制、中国比较或跨期节点进入全文层,2026-08-23
C-ITIF-RB-2020-MONOPOLY-MYTHS-CONCENTRATION-LEADING-FEWER-START-UPS,C-ITIF-RB-2020-MONOPOLY-MYTHS-CONCENTRATION-LEADING-FEWER-START-UPS,2020-08-03,Monopoly Myths: Is Concentration Leading to Fewer Start-Ups?,Reports & Briefings,语境,否,https://itif.org/publications/2020/08/03/monopoly-myths-concentration-leading-fewer-start-ups/,Many say the decline in new business formation over the past 30 years has been caused by increased monopoly. But there is no statistical relationship between start-up creation and change in concentration by industry; high-growth start-up activity is healthy.,ITIF官方Reports & Briefings目录元数据,总目录保留；科技创新机制、中国比较或跨期节点进入全文层,2026-08-23
C-ITIF-RB-2020-HOW-NINE-FLAWED-POLICY-CONCEPTS-HINDER-UNITED-STATES-ADOPTING-ADVANCED,C-ITIF-RB-2020-HOW-NINE-FLAWED-POLICY-CONCEPTS-HINDER-UNITED-STATES-ADOPTING-ADVANCED,2020-08-10,How Nine Flawed Policy Concepts Hinder the United States From Adopting the Advanced-Industry Strategy It Needs,Reports & Briefings,核心,否,https://itif.org/publications/2020/08/10/how-nine-flawed-policy-concepts-hinder-united-states-adopting-advanced/,Few policymakers and even fewer pundits or economic analysts understand U.S. competitiveness problems in a way that would lead them to the logical conclusion that a national innovation and competitiveness strategy would count as a viable solution.,ITIF官方Reports & Briefings目录元数据,总目录保留；科技创新机制、中国比较或跨期节点进入全文层,2026-08-23
C-ITIF-RB-2020-COLLABORATION-BETWEEN-START-UPS-AND-FEDERAL-AGENCIES-SURPRISING-SOLUTION,C-ITIF-RB-2020-COLLABORATION-BETWEEN-START-UPS-AND-FEDERAL-AGENCIES-SURPRISING-SOLUTION,2020-08-24,Collaboration Between Start-Ups and Federal Agencies: A Surprising Solution for Energy Innovation,Reports & Briefings,核心,否,https://itif.org/publications/2020/08/24/collaboration-between-start-ups-and-federal-agencies-surprising-solution/,Collaborations between climate-tech start-ups and government partners enhance start-up patenting and follow-on financing more than comparable collaborations with private firms or universities. Policies that foster them should be strengthened.,ITIF官方Reports & Briefings目录元数据,总目录保留；科技创新机制、中国比较或跨期节点进入全文层,2026-08-23
C-ITIF-RB-2020-COMPETING-CHINA-STRATEGIC-FRAMEWORK,C-ITIF-RB-2020-COMPETING-CHINA-STRATEGIC-FRAMEWORK,2020-08-31,Competing With China: A Strategic Framework,Reports & Briefings,语境,是,https://itif.org/publications/2020/08/31/competing-china-strategic-framework/,"China will likely be the biggest business disruptor of the 2020s, but the discussion about how to respond has yet to take shape. A strategic framework should rebalance the global supply chains, bolster competitiveness, adjust to China’s market size, and solidify the West’s appeal.",ITIF官方Reports & Briefings目录元数据,总目录保留；科技创新机制、中国比较或跨期节点进入全文层,2026-08-23
C-ITIF-RB-2020-ENHANCED-TAX-INCENTIVES-RD-WOULD-MAKE-AMERICANS-RICHER,C-ITIF-RB-2020-ENHANCED-TAX-INCENTIVES-RD-WOULD-MAKE-AMERICANS-RICHER,2020-09-08,Enhanced Tax Incentives for R&D Would Make Americans Richer,Reports & Briefings,核心,否,https://itif.org/publications/2020/09/08/enhanced-tax-incentives-rd-would-make-americans-richer/,"The United States continues to fall far behind comparable countries in the level of tax support it provides to spur research and development. Increasing the R&D credit would boost American’s real incomes through innovation, productivity, and competitiveness.",ITIF官方Reports & Briefings目录元数据,总目录保留；科技创新机制、中国比较或跨期节点进入全文层,2026-08-23
C-ITIF-RB-2020-IMPACT-CHINAS-POLICIES-GLOBAL-BIOPHARMACEUTICAL-INDUSTRY-INNOVATION,C-ITIF-RB-2020-IMPACT-CHINAS-POLICIES-GLOBAL-BIOPHARMACEUTICAL-INDUSTRY-INNOVATION,2020-09-08,The Impact of China’s Policies on Global Biopharmaceutical Industry Innovation,Reports & Briefings,核心,是,https://itif.org/publications/2020/09/08/impact-chinas-policies-global-biopharmaceutical-industry-innovation/,"China is striving to become the global leader in biopharmaceuticals, but many of its policy steps are “innovation mercantilist” in nature. This not only is expected to threaten U.S. leadership, but also slow global life sciences innovation, with negative consequences for cures and treatments.",ITIF官方Reports & Briefings目录元数据,已进入精选全文；按本地原始资产、文本和切片调用,2026-08-23
C-ITIF-RB-2020-GENE-EDITING-CLIMATE-BIOLOGICAL-SOLUTIONS-CURBING-GREENHOUSE-EMISSIONS,C-ITIF-RB-2020-GENE-EDITING-CLIMATE-BIOLOGICAL-SOLUTIONS-CURBING-GREENHOUSE-EMISSIONS,2020-09-14,Gene Editing for the Climate: Biological Solutions for Curbing Greenhouse Emissions,Reports & Briefings,语境,否,https://itif.org/publications/2020/09/14/gene-editing-climate-biological-solutions-curbing-greenhouse-emissions/,"Recent advances in gene editing offer promising opportunities to mitigate emissions from agriculture and other sectors, and to capture carbon from the atmosphere. Governments should accelerate the development and deployment of these solutions.",ITIF官方Reports & Briefings目录元数据,总目录保留；科技创新机制、中国比较或跨期节点进入全文层,2026-08-23
C-ITIF-RB-2020-IMPACT-DIGITAL-TECHNOLOGIES-AND-FOURTH-INDUSTRIAL-REVOLUTION-TRADE-SERVICES,C-ITIF-RB-2020-IMPACT-DIGITAL-TECHNOLOGIES-AND-FOURTH-INDUSTRIAL-REVOLUTION-TRADE-SERVICES,2020-09-14,Impact of Digital Technologies and the Fourth Industrial Revolution on Trade in Services,Reports & Briefings,语境,否,https://itif.org/publications/2020/09/14/impact-digital-technologies-and-fourth-industrial-revolution-trade-services/,Nigel Cory contributed to this briefing offering eight recommendations to the Group of Twenty (G20) leaders to start shaping a trade policy agenda for a digital future.,ITIF官方Reports & Briefings目录元数据,总目录保留；科技创新机制、中国比较或跨期节点进入全文层,2026-08-23
C-ITIF-RB-2020-ENERGIZING-AMERICA-ROADMAP-LAUNCH-NATIONAL-ENERGY-INNOVATION-MISSION,C-ITIF-RB-2020-ENERGIZING-AMERICA-ROADMAP-LAUNCH-NATIONAL-ENERGY-INNOVATION-MISSION,2020-09-15,Energizing America: A Roadmap to Launch a National Energy Innovation Mission,Reports & Briefings,核心,否,https://itif.org/publications/2020/09/15/energizing-america-roadmap-launch-national-energy-innovation-mission/,The U.S. government should triple its annual investment in energy innovation over the next five years to speed clean energy transitions around the world and build advanced-energy industries at home.,ITIF官方Reports & Briefings目录元数据,总目录保留；科技创新机制、中国比较或跨期节点进入全文层,2026-08-23
C-ITIF-RB-2020-ASSESSING-COLOMBIAN-GOVERNMENT-WEBSITES,C-ITIF-RB-2020-ASSESSING-COLOMBIAN-GOVERNMENT-WEBSITES,2020-09-16,Assessing Colombian Government Websites,Reports & Briefings,语境,否,https://itif.org/publications/2020/09/16/assessing-colombian-government-websites/,"Citizens and businesses rely on government websites to access important information and services. Unfortunately, many Colombian government websites fail to meet basic website standards for security, speed, mobile friendliness, and accessibility.",ITIF官方Reports & Briefings目录元数据,总目录保留；科技创新机制、中国比较或跨期节点进入全文层,2026-08-23
C-ITIF-RB-2020-ALLIED-APPROACH-SEMICONDUCTOR-LEADERSHIP,C-ITIF-RB-2020-ALLIED-APPROACH-SEMICONDUCTOR-LEADERSHIP,2020-09-17,An Allied Approach to Semiconductor Leadership,Reports & Briefings,核心,否,https://itif.org/publications/2020/09/17/allied-approach-semiconductor-leadership/,"Many countries rightly seek to maximize their value added in the global semiconductor industry. But like-minded allied nations can also advance their leadership collectively by collaborating on technology and ecosystem development, intellectual property, and trade liberalization.",ITIF官方Reports & Briefings目录元数据,总目录保留；科技创新机制、中国比较或跨期节点进入全文层,2026-08-23
C-ITIF-RB-2020-TRUMP-VS-BIDEN-COMPARING-CANDIDATES-POSITIONS-TECHNOLOGY-AND-INNOVATION,C-ITIF-RB-2020-TRUMP-VS-BIDEN-COMPARING-CANDIDATES-POSITIONS-TECHNOLOGY-AND-INNOVATION,2020-09-28,Trump vs. Biden: Comparing the Candidates’ Positions on Technology and Innovation,Reports & Briefings,核心,否,https://itif.org/publications/2020/09/28/trump-vs-biden-comparing-candidates-positions-technology-and-innovation/,"Tech policy broadly defined becomes more important each presidential election, and this one is no different. As it has in every cycle since 2008, ITIF provides a side-by-side comparison of the nominees’ positions on key issues related to the progress of technological innovation.",ITIF官方Reports & Briefings目录元数据,总目录保留；科技创新机制、中国比较或跨期节点进入全文层,2026-08-23
C-ITIF-RB-2020-IMPACT-CHINAS-PRODUCTION-SURGE-INNOVATION-GLOBAL-SOLAR-PHOTOVOLTAICS,C-ITIF-RB-2020-IMPACT-CHINAS-PRODUCTION-SURGE-INNOVATION-GLOBAL-SOLAR-PHOTOVOLTAICS,2020-10-05,The Impact of China’s Production Surge on Innovation in the Global Solar Photovoltaics Industry,Reports & Briefings,核心,是,https://itif.org/publications/2020/10/05/impact-chinas-production-surge-innovation-global-solar-photovoltaics/,"China’s subsidy-aided rise to dominance in PV manufacturing has driven prices way down, but at the cost of undermining promising alternative technological pathways. Policymakers should adopt measures to sustain greater diversity in PV and similar technologies.",ITIF官方Reports & Briefings目录元数据,已进入精选全文；按本地原始资产、文本和切片调用,2026-08-23
C-ITIF-RB-2020-MONOPOLY-MYTHS-CONCENTRATION-ERODING-LABORS-SHARE-NATIONAL-INCOME,C-ITIF-RB-2020-MONOPOLY-MYTHS-CONCENTRATION-ERODING-LABORS-SHARE-NATIONAL-INCOME,2020-10-13,Monopoly Myths: Is Concentration Eroding Labor’s Share of National Income?,Reports & Briefings,语境,否,https://itif.org/publications/2020/10/13/monopoly-myths-concentration-eroding-labors-share-national-income/,Pundits and activists have looked at the reduced share of U.S. national income going to workers and have simply asserted that the cause is increased market concentration. This assessment is misplaced.,ITIF官方Reports & Briefings目录元数据,总目录保留；科技创新机制、中国比较或跨期节点进入全文层,2026-08-23
C-ITIF-RB-2020-2020-STATE-NEW-ECONOMY-INDEX,C-ITIF-RB-2020-2020-STATE-NEW-ECONOMY-INDEX,2020-10-19,The 2020 State New Economy Index,Reports & Briefings,核心,否,https://itif.org/publications/2020/10/19/2020-state-new-economy-index/,"The State New Economy Index uses 25 indicators to measure the extent to which state economies are knowledge-based, globalized, entrepreneurial, IT-driven, and innovation-oriented.",ITIF官方Reports & Briefings目录元数据,总目录保留；科技创新机制、中国比较或跨期节点进入全文层,2026-08-23
C-ITIF-RB-2020-SEVENTEEN-FLAWS-CICILLINE-ANTITRUST-REPORT-COMPETITION-DIGITAL-MARKETS,C-ITIF-RB-2020-SEVENTEEN-FLAWS-CICILLINE-ANTITRUST-REPORT-COMPETITION-DIGITAL-MARKETS,2020-10-23,Seventeen Flaws in the Cicilline Antitrust Report on Competition in Digital Markets,Reports & Briefings,语境,否,https://itif.org/publications/2020/10/23/seventeen-flaws-cicilline-antitrust-report-competition-digital-markets/,A recent majority staff report summarizing the findings of a yearlong House Antitrust Subcommittee investigation into competition in digital markets is filled with analytical errors that highlight larger problems with the report’s basic framing and policy conclusions.,ITIF官方Reports & Briefings目录元数据,总目录保留；科技创新机制、中国比较或跨期节点进入全文层,2026-08-23
C-ITIF-RB-2020-GTIPA-PERSPECTIVES-COVID-19-IMPACTS-PUBLIC-HEALTH-AND-ECONOMY-GTIPA-MEMBER,C-ITIF-RB-2020-GTIPA-PERSPECTIVES-COVID-19-IMPACTS-PUBLIC-HEALTH-AND-ECONOMY-GTIPA-MEMBER,2020-10-26,GTIPA Perspectives: COVID-19 Impacts on Public Health and the Economy of GTIPA Member Nations,Reports & Briefings,语境,否,https://itif.org/publications/2020/10/26/gtipa-perspectives-covid-19-impacts-public-health-and-economy-gtipa-member/,The COVID-19 (coronavirus) pandemic that emerged at the start of 2020 has impacted the global economy and public health to an unprecedented extent. This anthology analyzes the economic and public health impact and policy responses of 20 nations and regions.,ITIF官方Reports & Briefings目录元数据,总目录保留；科技创新机制、中国比较或跨期节点进入全文层,2026-08-23
C-ITIF-RB-2020-GTIPA-PERSPECTIVES-NATIONS-TRADE-POLICY-PRIORITIES-YEAR-AHEAD,C-ITIF-RB-2020-GTIPA-PERSPECTIVES-NATIONS-TRADE-POLICY-PRIORITIES-YEAR-AHEAD,2020-10-26,GTIPA Perspectives: Nations’ Trade Policy Priorities for the Year Ahead,Reports & Briefings,语境,否,https://itif.org/publications/2020/10/26/gtipa-perspectives-nations-trade-policy-priorities-year-ahead/,This report provides GTIPA members’ perspectives on their nations’ three most-significant trade priorities for the year ahead. This document aims to deliver a succinct snapshot of what to expect in the coming year regarding trade policy priorities for these countries.,ITIF官方Reports & Briefings目录元数据,总目录保留；科技创新机制、中国比较或跨期节点进入全文层,2026-08-23
C-ITIF-RB-2020-GTIPA-PERSPECTIVES-IMPORTANCE-E-COMMERCE-DIGITAL-TRADE-AND-MAINTAINING-WTO-E,C-ITIF-RB-2020-GTIPA-PERSPECTIVES-IMPORTANCE-E-COMMERCE-DIGITAL-TRADE-AND-MAINTAINING-WTO-E,2020-10-26,"GTIPA Perspectives: The Importance of E-commerce, Digital Trade, and Maintaining the WTO E-commerce Customs Duty Moratorium",Reports & Briefings,语境,否,https://itif.org/publications/2020/10/26/gtipa-perspectives-importance-e-commerce-digital-trade-and-maintaining-wto-e/,"This report shows GTIPA members’ perspectives on e-commerce and digital trade in light of negotiations on new rules World Trade Organization (WTO) member nations are deliberating regarding the moratorium on cross-border electronic transmissions customs duties (i.e., duties on digital products).",ITIF官方Reports & Briefings目录元数据,总目录保留；科技创新机制、中国比较或跨期节点进入全文层,2026-08-23
C-ITIF-RB-2020-UNDERSTANDING-US-NATIONAL-INNOVATION-SYSTEM-2020,C-ITIF-RB-2020-UNDERSTANDING-US-NATIONAL-INNOVATION-SYSTEM-2020,2020-11-02,"Understanding the U.S. National Innovation System, 2020",Reports & Briefings,核心,是,https://itif.org/publications/2020/11/02/understanding-us-national-innovation-system-2020/,"The United States has no national, coordinated innovation policy system. In fact, its overall innovation system has been deteriorating. The country’s economic future and national security will depend on rising to the challenge of addressing this problem.",ITIF官方Reports & Briefings目录元数据,已进入精选全文；按本地原始资产、文本和切片调用,2026-08-23
C-ITIF-RB-2020-PRESIDENT-ELECT-BIDENS-AGENDA-TECHNOLOGY-AND-INNOVATION-POLICY,C-ITIF-RB-2020-PRESIDENT-ELECT-BIDENS-AGENDA-TECHNOLOGY-AND-INNOVATION-POLICY,2020-11-07,President-Elect Biden’s Agenda on Technology and Innovation Policy,Reports & Briefings,核心,否,https://itif.org/publications/2020/11/07/president-elect-bidens-agenda-technology-and-innovation-policy/,The president-elect’s overall approach to technology and innovation policy appears to be formulated to engage the government as an active partner alongside industry in spurring innovation—but also as a tougher regulator of many tech industries and technologies.,ITIF官方Reports & Briefings目录元数据,总目录保留；科技创新机制、中国比较或跨期节点进入全文层,2026-08-23
C-ITIF-RB-2020-MONOPOLY-MYTHS-BIG-TECH-CREATING-KILL-ZONES,C-ITIF-RB-2020-MONOPOLY-MYTHS-BIG-TECH-CREATING-KILL-ZONES,2020-11-09,Monopoly Myths: Is Big Tech Creating “Kill Zones”?,Reports & Briefings,核心,否,https://itif.org/publications/2020/11/09/monopoly-myths-big-tech-creating-kill-zones/,Critics accuse big tech companies of stifling innovation by buying start-ups just to kill them or by exerting such dominance that entrepreneurs don’t want to enter their markets. Neither claim holds up to logic or evidence.,ITIF官方Reports & Briefings目录元数据,总目录保留；科技创新机制、中国比较或跨期节点进入全文层,2026-08-23
C-ITIF-RB-2020-BROADBAND-MYTHS-IT-NATIONAL-IMPERATIVE-ACHIEVE-ULTRA-FAST-DOWNLOAD-SPEEDS,C-ITIF-RB-2020-BROADBAND-MYTHS-IT-NATIONAL-IMPERATIVE-ACHIEVE-ULTRA-FAST-DOWNLOAD-SPEEDS,2020-11-16,Broadband Myths: Is It a National Imperative to Achieve Ultra-Fast Download Speeds?,Reports & Briefings,支撑,否,https://itif.org/publications/2020/11/16/broadband-myths-it-national-imperative-achieve-ultra-fast-download-speeds/,"Some advocates are willing to take extreme steps to transform the U.S. broadband system, because they claim we require universal broadband networks capable of gigabit-per-second speeds. This is not true.",ITIF官方Reports & Briefings目录元数据,总目录保留；科技创新机制、中国比较或跨期节点进入全文层,2026-08-23
C-ITIF-RB-2020-TIME-FEDERAL-STATE-NATIONAL-ECONOMIC-DEVELOPMENT-PARTNERSHIP,C-ITIF-RB-2020-TIME-FEDERAL-STATE-NATIONAL-ECONOMIC-DEVELOPMENT-PARTNERSHIP,2020-11-16,Time for a Federal-State National Economic Development Partnership,Reports & Briefings,语境,是,https://itif.org/publications/2020/11/16/time-federal-state-national-economic-development-partnership/,A key component to any national advanced industry strategy—and one that should receive welcome bipartisan agreement—should be to help all 50 states expand their state development strategies and better align them to the overall mission of outcompeting China.,ITIF官方Reports & Briefings目录元数据,总目录保留；科技创新机制、中国比较或跨期节点进入全文层,2026-08-23
C-ITIF-RB-2020-CHINESE-COMPETITIVENESS-INTERNATIONAL-DIGITAL-ECONOMY,C-ITIF-RB-2020-CHINESE-COMPETITIVENESS-INTERNATIONAL-DIGITAL-ECONOMY,2020-11-23,Chinese Competitiveness in the International Digital Economy,Reports & Briefings,核心,是,https://itif.org/publications/2020/11/23/chinese-competitiveness-international-digital-economy/,"With protectionist policies shielding their rear flank domestically, China’s digital firms are out to capture global market share. Their strategy hinges on state-backed innovation mercantilism—and their success will come at the cost of U.S. jobs, exports, and economic growth.",ITIF官方Reports & Briefings目录元数据,已进入精选全文；按本地原始资产、文本和切片调用,2026-08-23
C-ITIF-RB-2020-DIGITAL-ECONOMY-STRATEGY-COLOMBIA-ANALYSIS-AND-RECOMMENDATIONS,C-ITIF-RB-2020-DIGITAL-ECONOMY-STRATEGY-COLOMBIA-ANALYSIS-AND-RECOMMENDATIONS,2020-11-30,Digital Economy Strategy in Colombia: An Analysis and Recommendations,Reports & Briefings,语境,否,https://itif.org/publications/2020/11/30/digital-economy-strategy-colombia-analysis-and-recommendations/,"Colombia faces significant political, social, and economic hurdles in building its digital economy, yet its progress toward developing a robust strategy deserves recognition. It has an opportunity to be a trailblazer and regional role model.",ITIF官方Reports & Briefings目录元数据,总目录保留；科技创新机制、中国比较或跨期节点进入全文层,2026-08-23
C-ITIF-RB-2020-GREAT-5G-RACE-CHINA-REALLY-BEATING-UNITED-STATES,C-ITIF-RB-2020-GREAT-5G-RACE-CHINA-REALLY-BEATING-UNITED-STATES,2020-11-30,The Great 5G Race: Is China Really Beating the United States?,Reports & Briefings,语境,是,https://itif.org/publications/2020/11/30/great-5g-race-china-really-beating-united-states/,"Fearmongers claim the 5G sky is falling: China is way ahead, and drastic measures are needed to catch up. But these claims are often based on poorly understood comparisons of 5G deployment. China’s 5G stats can paint a misleading picture if taken at face value.",ITIF官方Reports & Briefings目录元数据,总目录保留；科技创新机制、中国比较或跨期节点进入全文层,2026-08-23
C-ITIF-RB-2020-SCHREMS-II-WHAT-INVALIDATING-EU-US-PRIVACY-SHIELD-MEANS-TRANSATLANTIC,C-ITIF-RB-2020-SCHREMS-II-WHAT-INVALIDATING-EU-US-PRIVACY-SHIELD-MEANS-TRANSATLANTIC,2020-12-03,‘Schrems II’: What Invalidating the EU-U.S. Privacy Shield Means for Transatlantic Trade and Innovation,Reports & Briefings,核心,否,https://itif.org/publications/2020/12/03/schrems-ii-what-invalidating-eu-us-privacy-shield-means-transatlantic/,The EU-U.S. Privacy Shield’s demise affects thousands of firms that relied on it to transfer data. Policymakers should realize the enormous trade and innovation stakes involved—both bilateral and global—and build an improved framework for data protection and digital trade.,ITIF官方Reports & Briefings目录元数据,总目录保留；科技创新机制、中国比较或跨期节点进入全文层,2026-08-23
C-ITIF-RB-2020-HOW-UNITED-STATES-CAN-INCREASE-ACCESS-SUPERCOMPUTING,C-ITIF-RB-2020-HOW-UNITED-STATES-CAN-INCREASE-ACCESS-SUPERCOMPUTING,2020-12-07,How the United States Can Increase Access to Supercomputing,Reports & Briefings,核心,否,https://itif.org/publications/2020/12/07/how-united-states-can-increase-access-supercomputing/,"The United States has an imbalanced portfolio of high-performance computing resources that is failing to meet growing demand among artificial intelligence researchers. To fill the gaps, Congress should authorize at least $10 billion over the next five years for the National Science Foundation and the Department of Energy.",ITIF官方Reports & Briefings目录元数据,已进入精选全文；按本地原始资产、文本和切片调用,2026-08-23
C-ITIF-RB-2020-HOW-ADDRESS-PRIVACY-QUESTIONS-RAISED-EXPANSION-AUGMENTED-REALITY-PUBLIC,C-ITIF-RB-2020-HOW-ADDRESS-PRIVACY-QUESTIONS-RAISED-EXPANSION-AUGMENTED-REALITY-PUBLIC,2020-12-14,How to Address Privacy Questions Raised by the Expansion of Augmented Reality in Public Spaces,Reports & Briefings,语境,否,https://itif.org/publications/2020/12/14/how-address-privacy-questions-raised-expansion-augmented-reality-public/,Augmented reality (AR) amplifies some of the most pressing privacy concerns for bystanders in the digital world and combines them in new ways. Policymakers should develop safeguards that allow for shifting perceptions of privacy in public space.,ITIF官方Reports & Briefings目录元数据,总目录保留；科技创新机制、中国比较或跨期节点进入全文层,2026-08-23
C-ITIF-RB-2020-ROLE-AND-VALUE-STANDARD-CONTRACTUAL-CLAUSES-EU-US-DIGITAL-TRADE,C-ITIF-RB-2020-ROLE-AND-VALUE-STANDARD-CONTRACTUAL-CLAUSES-EU-US-DIGITAL-TRADE,2020-12-17,The Role and Value of Standard Contractual Clauses in EU-U.S. Digital Trade,Reports & Briefings,语境,否,https://itif.org/publications/2020/12/17/role-and-value-standard-contractual-clauses-eu-us-digital-trade/,"SCCs are a widely used legal tool to transfer personal data out of the EU, but courts and regulators are making them costlier and more complex. This is a sign of Europe’s march toward de facto data localization—a threat to transatlantic digital trade that policymakers must avoid.",ITIF官方Reports & Briefings目录元数据,总目录保留；科技创新机制、中国比较或跨期节点进入全文层,2026-08-23
C-ITIF-RB-2020-INNOVATION-AGENDA-ADVANCED-RENEWABLE-ENERGY-TECHNOLOGIES,C-ITIF-RB-2020-INNOVATION-AGENDA-ADVANCED-RENEWABLE-ENERGY-TECHNOLOGIES,2020-12-21,An Innovation Agenda for Advanced Renewable Energy Technologies,Reports & Briefings,核心,否,https://itif.org/publications/2020/12/21/innovation-agenda-advanced-renewable-energy-technologies/,"Innovation in renewable energy technologies, tapping solar, wind, geothermal, and water resources, could unlock massive decarbonization opportunities. But it will not happen without increased, sustained, and well-targeted federal investments.",ITIF官方Reports & Briefings目录元数据,总目录保留；科技创新机制、中国比较或跨期节点进入全文层,2026-08-23
C-ITIF-RB-2021-YEAR-AHEAD-TWENTY-FOUR-WAYS-CONGRESS-AND-BIDEN-ADMINISTRATION-CAN-ADVANCE,C-ITIF-RB-2021-YEAR-AHEAD-TWENTY-FOUR-WAYS-CONGRESS-AND-BIDEN-ADMINISTRATION-CAN-ADVANCE,2021-01-04,The Year Ahead: Twenty-Four Ways Congress and the Biden Administration Can Advance Good Tech Policy in 2021,Reports & Briefings,语境,否,https://itif.org/publications/2021/01/04/year-ahead-twenty-four-ways-congress-and-biden-administration-can-advance/,"If Washington wants to show voters that government is doing something more than simply saying no or being ideologically dug in, then lawmakers and the administration should work to advance a set of actionable technology policy measures that would grow the U.S. economy.",ITIF官方Reports & Briefings目录元数据,总目录保留；科技创新机制、中国比较或跨期节点进入全文层,2026-08-23
C-ITIF-RB-2021-MONOPOLY-MYTHS-ARE-SUPERSTAR-FIRMS-STIFLING-COMPETITION-OR-JUST-BEATING-IT,C-ITIF-RB-2021-MONOPOLY-MYTHS-ARE-SUPERSTAR-FIRMS-STIFLING-COMPETITION-OR-JUST-BEATING-IT,2021-01-11,Monopoly Myths: Are Superstar Firms Stifling Competition or Just Beating It?,Reports & Briefings,语境,否,https://itif.org/publications/2021/01/11/monopoly-myths-are-superstar-firms-stifling-competition-or-just-beating-it/,Antitrust advocates allege market-leading “superstar” firms—particularly in digital industries—succeed through anticompetitive conduct. But evidence shows they outperform competitors by investing in innovative technologies and global operations that create more value.,ITIF官方Reports & Briefings目录元数据,总目录保留；科技创新机制、中国比较或跨期节点进入全文层,2026-08-23
C-ITIF-RB-2021-US-GRAND-STRATEGY-GLOBAL-DIGITAL-ECONOMY,C-ITIF-RB-2021-US-GRAND-STRATEGY-GLOBAL-DIGITAL-ECONOMY,2021-01-19,A U.S. Grand Strategy for the Global Digital Economy,Reports & Briefings,核心,是,https://itif.org/publications/2021/01/19/us-grand-strategy-global-digital-economy/,"For America to remain the global leader in IT, the U.S. government must formulate a grand strategy grounded in a new doctrine of “digital realpolitik.” The first priority should be advancing U.S. interests by spreading the U.S. digital innovation policy system and constraining digital adversaries, especially China. This will entail working with allies when possible—and pressuring them when necessary.",ITIF官方Reports & Briefings目录元数据,总目录保留；科技创新机制、中国比较或跨期节点进入全文层,2026-08-23
C-ITIF-RB-2021-SIDE-EFFECTS-HOW-RENEWABLE-ENERGY-POLICIES-DRIVE-INNOVATION-COMPLEMENTARY,C-ITIF-RB-2021-SIDE-EFFECTS-HOW-RENEWABLE-ENERGY-POLICIES-DRIVE-INNOVATION-COMPLEMENTARY,2021-01-19,Side Effects: How Renewable Energy Policies Drive Innovation in Complementary Grid Technologies,Reports & Briefings,核心,否,https://itif.org/publications/2021/01/19/side-effects-how-renewable-energy-policies-drive-innovation-complementary/,"Policies that support renewable energy technologies also drive innovation in complementary technologies for energy storage, grid efficiency, and fast-ramping combustion. Public R&D funding has the most consistent impact and should be increased.",ITIF官方Reports & Briefings目录元数据,总目录保留；科技创新机制、中国比较或跨期节点进入全文层,2026-08-23
C-ITIF-RB-2021-FIVE-FREE-MARKET-MYTHS-ABOUT-INCREASING-FEDERAL-RESEARCH-FUNDING,C-ITIF-RB-2021-FIVE-FREE-MARKET-MYTHS-ABOUT-INCREASING-FEDERAL-RESEARCH-FUNDING,2021-01-25,Five Free-Market Myths About Increasing Federal Research Funding,Reports & Briefings,核心,否,https://itif.org/publications/2021/01/25/five-free-market-myths-about-increasing-federal-research-funding/,"When it comes to federal investment in science, the free-marketers’ argument that the private sector can and will do most of the heavy lifting and that government can let federal support for R&D stagnate or even shrink is mistaken.",ITIF官方Reports & Briefings目录元数据,已进入精选全文；按本地原始资产、文本和切片调用,2026-08-23
C-ITIF-RB-2021-ROBOTS-AND-INTERNATIONAL-ECONOMIC-DEVELOPMENT,C-ITIF-RB-2021-ROBOTS-AND-INTERNATIONAL-ECONOMIC-DEVELOPMENT,2021-01-25,Robots and International Economic Development,Reports & Briefings,核心,否,https://itif.org/publications/2021/01/25/robots-and-international-economic-development/,"The next production revolution will be a boon for a global economy that is sputtering and experiencing lagging growth and investment. This new technology wave should lead to a virtuous cycle of increased investment, higher productivity, more spending, and more investment.",ITIF官方Reports & Briefings目录元数据,总目录保留；科技创新机制、中国比较或跨期节点进入全文层,2026-08-23
C-ITIF-RB-2021-WHO-WINNING-AI-RACE-CHINA-EU-OR-UNITED-STATES-2021-UPDATE,C-ITIF-RB-2021-WHO-WINNING-AI-RACE-CHINA-EU-OR-UNITED-STATES-2021-UPDATE,2021-01-25,"Who Is Winning the AI Race: China, the EU, or the United States? — 2021 Update",Reports & Briefings,核心,是,https://itif.org/publications/2021/01/25/who-winning-ai-race-china-eu-or-united-states-2021-update/,"The United States still holds a substantial overall lead in AI, but China has continued to reduce the gap in some important areas and the EU continues to fall behind.",ITIF官方Reports & Briefings目录元数据,已进入精选全文；按本地原始资产、文本和切片调用,2026-08-23
C-ITIF-RB-2021-FIVE-BOLD-STEPS-TOWARD-REIMAGINED-AMERICAN-INNOVATION-AGENDA,C-ITIF-RB-2021-FIVE-BOLD-STEPS-TOWARD-REIMAGINED-AMERICAN-INNOVATION-AGENDA,2021-02-01,Five Bold Steps Toward a Reimagined American Innovation Agenda,Reports & Briefings,核心,否,https://itif.org/publications/2021/02/01/five-bold-steps-toward-reimagined-american-innovation-agenda/,"There is a growing sense something is amiss with the U.S. innovation system. It’s time for a vigorous initiative to restore belief in innovation’s potential as a force for social and economic progress, for the benefit of America and the world.",ITIF官方Reports & Briefings目录元数据,总目录保留；科技创新机制、中国比较或跨期节点进入全文层,2026-08-23
C-ITIF-RB-2021-BROADBAND-MYTHS-ARE-HIGH-BROADBAND-PRICES-HOLDING-BACK-ADOPTION,C-ITIF-RB-2021-BROADBAND-MYTHS-ARE-HIGH-BROADBAND-PRICES-HOLDING-BACK-ADOPTION,2021-02-08,Broadband Myths: Are High Broadband Prices Holding Back Adoption?,Reports & Briefings,支撑,否,https://itif.org/publications/2021/02/08/broadband-myths-are-high-broadband-prices-holding-back-adoption/,"Broadband affordability is a problem for some Americans, but not the “crisis” advocates claim. U.S. broadband prices are comparable with those charged abroad and by municipal networks. To ensure affordability for everyone, we need a better subsidy program, not changes to industry structure.",ITIF官方Reports & Briefings目录元数据,总目录保留；科技创新机制、中国比较或跨期节点进入全文层,2026-08-23
C-ITIF-RB-2021-NEW-VISION-POSTAL-REFORM-E-COMMERCE-AGE,C-ITIF-RB-2021-NEW-VISION-POSTAL-REFORM-E-COMMERCE-AGE,2021-02-11,A New Vision for Postal Reform in the E-commerce Age,Reports & Briefings,核心,否,https://itif.org/publications/2021/02/11/new-vision-postal-reform-e-commerce-age/,"Congress should pass Postal Service reform legislation that focuses on two key things: freeing up USPS to make the kinds of reforms it needs to reduce costs, and establishing a Technology Innovation Fund to enable robotic last-mile postal delivery.",ITIF官方Reports & Briefings目录元数据,总目录保留；科技创新机制、中国比较或跨期节点进入全文层,2026-08-23
E-ITIF-2021-MOORE,E-ITIF-2021-MOORE,2021-02-18,Moore’s Law Under Attack: The Impact of China’s Policies on Global Semiconductor Innovation,Reports & Briefings,核心,是,https://itif.org/publications/2021/02/18/moores-law-under-attack-impact-chinas-policies-global-semiconductor/,China’s mercantilist strategy to grab market share in the global semiconductor industry is fueling the rise of inferior innovators at the expense of superior firms in the United States and other market-led economies. That siphons away resources that would otherwise be invested in the virtuous cycle of cutting-edge R&D that has driven semiconductor innovation for decades.,ITIF官方Reports & Briefings目录元数据,总目录保留；科技创新机制、中国比较或跨期节点进入全文层,2026-08-23
C-ITIF-RB-2021-FACT-CHECKING-CRITIQUES-SECTION-230-WHAT-ARE-REAL-PROBLEMS,C-ITIF-RB-2021-FACT-CHECKING-CRITIQUES-SECTION-230-WHAT-ARE-REAL-PROBLEMS,2021-02-22,Fact-Checking the Critiques of Section 230: What Are the Real Problems?,Reports & Briefings,语境,否,https://itif.org/publications/2021/02/22/fact-checking-critiques-section-230-what-are-real-problems/,Section 230 of the Communications Decency Act has become a key battleground in the larger debate over free speech and content moderation. There are legitimate and illegitimate critiques about it—but they don’t negate the law’s many benefits.,ITIF官方Reports & Briefings目录元数据,总目录保留；科技创新机制、中国比较或跨期节点进入全文层,2026-08-23
C-ITIF-RB-2021-HOW-OTHER-COUNTRIES-HAVE-DEALT-INTERMEDIARY-LIABILITY,C-ITIF-RB-2021-HOW-OTHER-COUNTRIES-HAVE-DEALT-INTERMEDIARY-LIABILITY,2021-02-22,How Other Countries Have Dealt With Intermediary Liability,Reports & Briefings,语境,否,https://itif.org/publications/2021/02/22/how-other-countries-have-dealt-intermediary-liability/,"As the United States debates potential reforms to Section 230 of the Communications Decency Act, it is important to understand and evaluate the alternative approaches that other countries have taken to intermediary liability.",ITIF官方Reports & Briefings目录元数据,总目录保留；科技创新机制、中国比较或跨期节点进入全文层,2026-08-23
C-ITIF-RB-2021-OVERVIEW-SECTION-230-WHAT-IT-WHY-IT-WAS-CREATED-AND-WHAT-IT-HAS-ACHIEVED,C-ITIF-RB-2021-OVERVIEW-SECTION-230-WHAT-IT-WHY-IT-WAS-CREATED-AND-WHAT-IT-HAS-ACHIEVED,2021-02-22,"Overview of Section 230: What It Is, Why It Was Created, and What It Has Achieved",Reports & Briefings,语境,否,https://itif.org/publications/2021/02/22/overview-section-230-what-it-why-it-was-created-and-what-it-has-achieved/,"In the ongoing debate over whether and how to amend Section 230 of the Communications Decency Act, it is important to understand the law’s origins, meaning, and impact—because, for better or worse, it has shaped the modern Internet.",ITIF官方Reports & Briefings目录元数据,总目录保留；科技创新机制、中国比较或跨期节点进入全文层,2026-08-23
C-ITIF-RB-2021-PROPOSALS-REFORM-SECTION-230,C-ITIF-RB-2021-PROPOSALS-REFORM-SECTION-230,2021-02-22,Proposals to Reform Section 230,Reports & Briefings,语境,否,https://itif.org/publications/2021/02/22/proposals-reform-section-230/,"In the wide-ranging debate over Section 230, there have been calls to keep the law as it is, repeal it entirely, or reform it. The best approach would be for Congress to pass targeted reforms that address specific harms without unduly burdening online services.",ITIF官方Reports & Briefings目录元数据,总目录保留；科技创新机制、中国比较或跨期节点进入全文层,2026-08-23
C-ITIF-RB-2021-SECTION-230-SERIES-LAWS-HISTORY-ITS-IMPACT-ITS-PROBLEMS-REAL-AND-IMAGINED-AND-PATH-FORWARD-REFORM,C-ITIF-RB-2021-SECTION-230-SERIES-LAWS-HISTORY-ITS-IMPACT-ITS-PROBLEMS-REAL-AND-IMAGINED-AND-PATH-FORWARD-REFORM,2021-02-22,"Section 230 Series: The Law’s History, Its Impact, Its Problems (Real and Imagined), and the Path Forward for Reform",Reports & Briefings,语境,否,https://itif.org/publications/2021/02/22/section-230-series-laws-history-its-impact-its-problems-real-and-imagined-and-path-forward-reform/,"In a comprehensive analysis, ITIF concludes any reform to Section 230 should preserve the fundamental principle that liability for content should reside with the content creator while also ensuring online platforms are held responsible for their own conduct.",ITIF官方Reports & Briefings目录元数据,总目录保留；科技创新机制、中国比较或跨期节点进入全文层,2026-08-23
C-ITIF-RB-2021-EXCEPTIONS-SECTION-230-HOW-HAVE-COURTS-INTERPRETED-SECTION-230,C-ITIF-RB-2021-EXCEPTIONS-SECTION-230-HOW-HAVE-COURTS-INTERPRETED-SECTION-230,2021-02-22,The Exceptions to Section 230: How Have the Courts Interpreted Section 230?,Reports & Briefings,语境,否,https://itif.org/publications/2021/02/22/exceptions-section-230-how-have-courts-interpreted-section-230/,"Courts have generally interpreted Section 230 of the Communications Decency Act broadly, but they have identified some limits for when the law does not provide immunity from liability.",ITIF官方Reports & Briefings目录元数据,总目录保留；科技创新机制、中国比较或跨期节点进入全文层,2026-08-23
C-ITIF-RB-2021-HOW-CONGRESS-AND-BIDEN-ADMINISTRATION-COULD-JUMPSTART-SMART-CITIES-AI,C-ITIF-RB-2021-HOW-CONGRESS-AND-BIDEN-ADMINISTRATION-COULD-JUMPSTART-SMART-CITIES-AI,2021-03-01,How Congress and the Biden Administration Could Jumpstart Smart Cities With AI,Reports & Briefings,核心,否,https://itif.org/publications/2021/03/01/how-congress-and-biden-administration-could-jumpstart-smart-cities-ai/,"AI promises to help cities save money, address infrastructure needs, and reduce emissions. But to unlock these benefits and help smart cities reach their full potential, the federal government has an important role to play in funding RD&D and facilitating cooperation.",ITIF官方Reports & Briefings目录元数据,总目录保留；科技创新机制、中国比较或跨期节点进入全文层,2026-08-23
C-ITIF-RB-2021-HOW-DATA-SHARING-PARTNERSHIPS-CAN-THWART-COUNTERFEITS-ONLINE-MARKETPLACES,C-ITIF-RB-2021-HOW-DATA-SHARING-PARTNERSHIPS-CAN-THWART-COUNTERFEITS-ONLINE-MARKETPLACES,2021-03-03,How Data-Sharing Partnerships Can Thwart Counterfeits on Online Marketplaces,Reports & Briefings,语境,否,https://itif.org/publications/2021/03/03/how-data-sharing-partnerships-can-thwart-counterfeits-online-marketplaces/,"While brand sellers, online marketplaces, and law enforcement agencies all share an interest in stopping counterfeits, their efforts to detect and prevent their sale remain siloed and uncoordinated.",ITIF官方Reports & Briefings目录元数据,总目录保留；科技创新机制、中国比较或跨期节点进入全文层,2026-08-23
C-ITIF-RB-2021-BALANCING-USER-PRIVACY-AND-INNOVATION-AUGMENTED-AND-VIRTUAL-REALITY,C-ITIF-RB-2021-BALANCING-USER-PRIVACY-AND-INNOVATION-AUGMENTED-AND-VIRTUAL-REALITY,2021-03-04,Balancing User Privacy and Innovation in Augmented and Virtual Reality,Reports & Briefings,核心,否,https://itif.org/publications/2021/03/04/balancing-user-privacy-and-innovation-augmented-and-virtual-reality/,"AR/VR devices create novel issues for user privacy due to the scope, scale, and sensitivity of the information they collect. To mitigate harms, policymakers should reform the current patchwork regulatory landscape for data privacy, which fails to address some risks while over-regulating in response to others.",ITIF官方Reports & Briefings目录元数据,总目录保留；科技创新机制、中国比较或跨期节点进入全文层,2026-08-23
C-ITIF-RB-2021-BUILDING-BACK-CLEANER-INDUSTRIAL-DECARBONIZATION-DEMONSTRATION-PROJECTS,C-ITIF-RB-2021-BUILDING-BACK-CLEANER-INDUSTRIAL-DECARBONIZATION-DEMONSTRATION-PROJECTS,2021-03-08,Building Back Cleaner With Industrial Decarbonization Demonstration Projects,Reports & Briefings,语境,否,https://itif.org/publications/2021/03/08/building-back-cleaner-industrial-decarbonization-demonstration-projects/,"The Biden administration’s infrastructure package should include $5 billion over five years in cost-shared demonstration projects that seek to drastically reduce greenhouse gas emissions from heavy industries such as steel, cement, and chemicals.",ITIF官方Reports & Briefings目录元数据,总目录保留；科技创新机制、中国比较或跨期节点进入全文层,2026-08-23
C-ITIF-RB-2021-HOW-PROGRESSIVES-HAVE-SPUN-DUBIOUS-THEORIES-AND-FAULTY-RESEARCH-HARMFUL-NEW,C-ITIF-RB-2021-HOW-PROGRESSIVES-HAVE-SPUN-DUBIOUS-THEORIES-AND-FAULTY-RESEARCH-HARMFUL-NEW,2021-03-10,How Progressives Have Spun Dubious Theories and Faulty Research Into a Harmful New Antitrust Doctrine,Reports & Briefings,核心,否,https://itif.org/publications/2021/03/10/how-progressives-have-spun-dubious-theories-and-faulty-research-harmful-new/,"To advance their goals of economic redistribution, progressives—relying on faulty research, half-truths, and erroneous claims—have delegitimized the long-accepted “consumer welfare” approach to antitrust and generated a groundswell of support for a new “public interest” standard that seeks to protect competitors, especially small businesses.",ITIF官方Reports & Briefings目录元数据,总目录保留；科技创新机制、中国比较或跨期节点进入全文层,2026-08-23
C-ITIF-RB-2021-REALITY-CHECK-FACTS-ABOUT-BIG-VERSUS-SMALL-BUSINESSES,C-ITIF-RB-2021-REALITY-CHECK-FACTS-ABOUT-BIG-VERSUS-SMALL-BUSINESSES,2021-03-12,Reality Check: Facts About Big Versus Small Businesses,Reports & Briefings,语境,否,https://itif.org/publications/2021/03/12/reality-check-facts-about-big-versus-small-businesses/,"Big businesses are under intense scrutiny these days as a populist antitrust movement gathers momentum. But the truth is large firms treat their workers far better than small firms do. They’re also more innovative, contribute more to the economy—and have a better track record of advancing a host of other progressive goals.",ITIF官方Reports & Briefings目录元数据,总目录保留；科技创新机制、中国比较或跨期节点进入全文层,2026-08-23
C-ITIF-RB-2021-HOW-BRIDGE-RURAL-BROADBAND-GAP-ONCE-AND-ALL,C-ITIF-RB-2021-HOW-BRIDGE-RURAL-BROADBAND-GAP-ONCE-AND-ALL,2021-03-22,How to Bridge the Rural Broadband Gap Once and For All,Reports & Briefings,支撑,否,https://itif.org/publications/2021/03/22/how-bridge-rural-broadband-gap-once-and-all/,Nearly one in five rural Americans still lack access to broadband Internet service. Federal subsidies could bridge that gap if they are carefully targeted through a reverse-auction program that leverages economies of scale by encouraging large providers to participate.,ITIF官方Reports & Briefings目录元数据,总目录保留；科技创新机制、中国比较或跨期节点进入全文层,2026-08-23
C-ITIF-RB-2021-HOW-BUILD-BACK-BETTER-TRANSATLANTIC-DATA-RELATIONSHIP,C-ITIF-RB-2021-HOW-BUILD-BACK-BETTER-TRANSATLANTIC-DATA-RELATIONSHIP,2021-03-25,How to Build Back Better the Transatlantic Data Relationship,Reports & Briefings,语境,否,https://itif.org/publications/2021/03/25/how-build-back-better-transatlantic-data-relationship/,"Transatlantic data flows are essential to organizations of all sizes and industries—not just large technology firms. The EU and United States must establish clear, consistent legal mechanisms for data transfers so both sides can thrive in an increasingly digital global economy.",ITIF官方Reports & Briefings目录元数据,总目录保留；科技创新机制、中国比较或跨期节点进入全文层,2026-08-23
C-ITIF-RB-2021-CASE-LEGISLATION-OUT-COMPETE-CHINA,C-ITIF-RB-2021-CASE-LEGISLATION-OUT-COMPETE-CHINA,2021-03-29,The Case for Legislation to Out-Compete China,Reports & Briefings,语境,是,https://itif.org/publications/2021/03/29/case-legislation-out-compete-china/,"With the rise of China, the U.S. economic and technology environment has fundamentally and inexorably changed. America needs an advanced technology industrial policy to compete effectively—but that will require modernizing hidebound economic thinking that has long considered “industry policy” to be anathema.",ITIF官方Reports & Briefings目录元数据,总目录保留；科技创新机制、中国比较或跨期节点进入全文层,2026-08-23
C-ITIF-RB-2021-LEWIS-LATIMER-PLAN-DIGITAL-EQUITY-AND-INCLUSION-CHAPTER-12-GENERAL,C-ITIF-RB-2021-LEWIS-LATIMER-PLAN-DIGITAL-EQUITY-AND-INCLUSION-CHAPTER-12-GENERAL,2021-03-30,"The Lewis Latimer Plan for Digital Equity and Inclusion, Chapter 12: General Government Services",Reports & Briefings,语境,否,https://itif.org/publications/2021/03/30/lewis-latimer-plan-digital-equity-and-inclusion-chapter-12-general/,The Lewis Latimer Plan for Digital Equity and Inclusion is the product of a collaboration commissioned by the National Urban League. ITIF contributed analysis and recommendations to make government more effective in using digital tools to deliver public services to low-income and communities of color.,ITIF官方Reports & Briefings目录元数据,总目录保留；科技创新机制、中国比较或跨期节点进入全文层,2026-08-23
C-ITIF-RB-2021-HOW-BIDEN-ADMINISTRATION-CAN-ACCELERATE-PROSPERITY-FIXING-AGRICULTURAL,C-ITIF-RB-2021-HOW-BIDEN-ADMINISTRATION-CAN-ACCELERATE-PROSPERITY-FIXING-AGRICULTURAL,2021-03-31,How the Biden Administration Can Accelerate Prosperity by Fixing Agricultural-Biotech Regulations,Reports & Briefings,核心,否,https://itif.org/publications/2021/03/31/how-biden-administration-can-accelerate-prosperity-fixing-agricultural/,The Biden administration has a rare opportunity to accelerate agricultural innovation and spur broad and lasting economic growth by taking a handful of discrete regulatory actions that would update longstanding policy that has enjoyed strong bipartisan support.,ITIF官方Reports & Briefings目录元数据,总目录保留；科技创新机制、中国比较或跨期节点进入全文层,2026-08-23
C-ITIF-RB-2021-SMALL-BUSINESS-BOARDS-PROPOSAL-RAISE-PRODUCTIVITY-AND-WAGES-ALL-50-STATES,C-ITIF-RB-2021-SMALL-BUSINESS-BOARDS-PROPOSAL-RAISE-PRODUCTIVITY-AND-WAGES-ALL-50-STATES,2021-04-05,Small Business Boards: A Proposal to Raise Productivity and Wages in All 50 States and the District of Columbia,Reports & Briefings,核心,否,https://itif.org/publications/2021/04/05/small-business-boards-proposal-raise-productivity-and-wages-all-50-states/,"Low profit margins keep many small businesses from investing in productivity-enhancing technology, which in turn holds down wages. To break that cycle, there should be a federal program that helps them reap economies of scale and scope by collaborating in areas such as R&D, investment, marketing, and health insurance purchases.",ITIF官方Reports & Briefings目录元数据,总目录保留；科技创新机制、中国比较或跨期节点进入全文层,2026-08-23
C-ITIF-RB-2021-FEDERAL-POLICY-ACCELERATE-INNOVATION-LONG-DURATION-ENERGY-STORAGE-CASE-FLOW,C-ITIF-RB-2021-FEDERAL-POLICY-ACCELERATE-INNOVATION-LONG-DURATION-ENERGY-STORAGE-CASE-FLOW,2021-04-07,Federal Policy to Accelerate Innovation in Long-Duration Energy Storage: The Case for Flow Batteries,Reports & Briefings,核心,否,https://itif.org/publications/2021/04/07/federal-policy-accelerate-innovation-long-duration-energy-storage-case-flow/,"Affordable long-duration energy storage will be needed to decarbonize the U.S. energy system. Flow batteries are promising, but for that promise to be realized, DOE must invest heavily and more effectively in research, development, testing, and demonstration.",ITIF官方Reports & Briefings目录元数据,总目录保留；科技创新机制、中国比较或跨期节点进入全文层,2026-08-23
C-ITIF-RB-2021-INDIA-ESSENTIAL-COUNTERWEIGHT-CHINA-AND-NEXT-GREAT-US-DEPENDENCY,C-ITIF-RB-2021-INDIA-ESSENTIAL-COUNTERWEIGHT-CHINA-AND-NEXT-GREAT-US-DEPENDENCY,2021-04-12,India Is an Essential Counterweight to China—and the Next Great U.S. Dependency,Reports & Briefings,语境,是,https://itif.org/publications/2021/04/12/india-essential-counterweight-china-and-next-great-us-dependency/,"As America seeks to counter a rising China, no nation is more important than India, with its vast size, abundance of highly skilled technical professionals, and strong political and cultural ties with the United States. But the parallels between America’s dependency on China for manufacturing and its dependency on India for IT services are striking.",ITIF官方Reports & Briefings目录元数据,总目录保留；科技创新机制、中国比较或跨期节点进入全文层,2026-08-23
C-ITIF-RB-2021-NEXT-STEPS-ENSURING-AMERICAS-ADVANCED-TECHNOLOGY-PREEMINENCE,C-ITIF-RB-2021-NEXT-STEPS-ENSURING-AMERICAS-ADVANCED-TECHNOLOGY-PREEMINENCE,2021-04-12,Next Steps for Ensuring America’s Advanced Technology Preeminence,Reports & Briefings,语境,否,https://itif.org/publications/2021/04/12/next-steps-ensuring-americas-advanced-technology-preeminence/,"As technology and industry strategy experts, we commend Congress and the Biden administration for focusing on ensuring U.S. advanced technology competitiveness. Toward that end, we offer a number of recommendations for further action.",ITIF官方Reports & Briefings目录元数据,总目录保留；科技创新机制、中国比较或跨期节点进入全文层,2026-08-23
C-ITIF-RB-2021-US-UNIVERSITY-RD-FUNDING-FALLS-FURTHER-BEHIND-OECD-PEERS,C-ITIF-RB-2021-US-UNIVERSITY-RD-FUNDING-FALLS-FURTHER-BEHIND-OECD-PEERS,2021-04-12,U.S. University R&D Funding Falls Further Behind OECD Peers,Reports & Briefings,核心,否,https://itif.org/publications/2021/04/12/us-university-rd-funding-falls-further-behind-oecd-peers/,"The United States continues its relative fall in university research and development funding. To become the leader among OECD nations in government funding for university research as a share of GDP, investment would have to increase by $90 billion per year.",ITIF官方Reports & Briefings目录元数据,总目录保留；科技创新机制、中国比较或跨期节点进入全文层,2026-08-23
C-ITIF-RB-2021-SEIZING-TRANSFORMATIVE-OPPORTUNITY-MULTI-CANCER-EARLY-DETECTION,C-ITIF-RB-2021-SEIZING-TRANSFORMATIVE-OPPORTUNITY-MULTI-CANCER-EARLY-DETECTION,2021-04-19,Seizing the Transformative Opportunity of Multi-cancer Early Detection,Reports & Briefings,语境,否,https://itif.org/publications/2021/04/19/seizing-transformative-opportunity-multi-cancer-early-detection/,"Blood-based multi-cancer early detection (MCED) technologies hold the promise to revolutionize America’s cancer-screening paradigm, dramatically expanding the range of detectable cancers and identifying them at earlier stages when cancers are more treatable. Policymakers should provide a supportive regulatory and coverage environment.",ITIF官方Reports & Briefings目录元数据,总目录保留；科技创新机制、中国比较或跨期节点进入全文层,2026-08-23
C-ITIF-RB-2021-HEADING-TRACK-IMPACT-CHINAS-MERCANTILIST-POLICIES-GLOBAL-HIGH-SPEED-RAIL,C-ITIF-RB-2021-HEADING-TRACK-IMPACT-CHINAS-MERCANTILIST-POLICIES-GLOBAL-HIGH-SPEED-RAIL,2021-04-26,Heading Off Track: The Impact of China’s Mercantilist Policies on Global High-Speed Rail Innovation,Reports & Briefings,核心,是,https://itif.org/publications/2021/04/26/heading-track-impact-chinas-mercantilist-policies-global-high-speed-rail/,"Chinese high-speed rail firm CRRC is less innovative than European and Japanese firms, but mercantilist policies help it dominate in China and expand globally. This starves superior firms of revenue, reduces their R&D, and slows the pace of global innovation.",ITIF官方Reports & Briefings目录元数据,已进入精选全文；按本地原始资产、文本和切片调用,2026-08-23
C-ITIF-RB-2021-WHY-UNITED-STATES-NEEDS-SUPPORT-NEAR-TERM-QUANTUM-COMPUTING-APPLICATIONS,C-ITIF-RB-2021-WHY-UNITED-STATES-NEEDS-SUPPORT-NEAR-TERM-QUANTUM-COMPUTING-APPLICATIONS,2021-04-27,Why the United States Needs to Support Near-Term Quantum Computing Applications,Reports & Briefings,核心,否,https://itif.org/publications/2021/04/27/why-united-states-needs-support-near-term-quantum-computing-applications/,"As other nations rapidly scale up their investments to develop and use quantum computing, U.S. policymakers should ensure the United States remains a leader. Investing in near-term applications would bolster the development of longer-term use cases, thereby helping to cement U.S. economic competitiveness and protect national security.",ITIF官方Reports & Briefings目录元数据,总目录保留；科技创新机制、中国比较或跨期节点进入全文层,2026-08-23
C-ITIF-RB-2021-TEN-WAYS-IP-HAS-ENABLED-INNOVATIONS-HAVE-HELPED-SUSTAIN-WORLD-THROUGH,C-ITIF-RB-2021-TEN-WAYS-IP-HAS-ENABLED-INNOVATIONS-HAVE-HELPED-SUSTAIN-WORLD-THROUGH,2021-04-29,Ten Ways IP Has Enabled Innovations That Have Helped Sustain the World Through the Pandemic,Reports & Briefings,核心,否,https://itif.org/publications/2021/04/29/ten-ways-ip-has-enabled-innovations-have-helped-sustain-world-through/,"From vaccines and therapeutics to delivery robots, intellectual property has played an indispensable role in facilitating development of a range of inventive products that have helped address health care, work, and social challenges brought on by the pandemic.",ITIF官方Reports & Briefings目录元数据,总目录保留；科技创新机制、中国比较或跨期节点进入全文层,2026-08-23
E-ITIF-2021-INDUSTRY,E-ITIF-2021-INDUSTRY,2021-05-10,"Industry by Industry: More Chinese Mercantilism, Less Global Innovation",Reports & Briefings,核心,是,https://itif.org/publications/2021/05/10/industry-industry-more-chinese-mercantilism-less-global-innovation/,"China’s long-standing and rampant “innovation mercantilist” policies harm global innovation by taking market share and revenues from more-innovative foreign competitors, thereby diminishing the resources they can invest in research and development toward further innovation.",ITIF官方Reports & Briefings目录元数据,总目录保留；科技创新机制、中国比较或跨期节点进入全文层,2026-08-23
C-ITIF-RB-2021-BUILDING-BACK-BETTER-REQUIRES-BUILDING-DIGITAL,C-ITIF-RB-2021-BUILDING-BACK-BETTER-REQUIRES-BUILDING-DIGITAL,2021-05-10,“Building Back Better” Requires Building In Digital,Reports & Briefings,支撑,否,https://itif.org/publications/2021/05/10/building-back-better-requires-building-digital/,"Any national infrastructure package should include 21st century digital infrastructure—not only investments in core digital infrastructure, such as broadband and government IT systems, but also hybrid-digital upgrades to existing physical infrastructure to improve its performance.",ITIF官方Reports & Briefings目录元数据,总目录保留；科技创新机制、中国比较或跨期节点进入全文层,2026-08-23
C-ITIF-RB-2021-BROADBAND-MYTH-SERIES-DO-WE-NEED-SYMMETRICAL-UPLOAD-AND-DOWNLOAD-SPEEDS,C-ITIF-RB-2021-BROADBAND-MYTH-SERIES-DO-WE-NEED-SYMMETRICAL-UPLOAD-AND-DOWNLOAD-SPEEDS,2021-05-12,Broadband Myth Series: Do We Need Symmetrical Upload and Download Speeds?,Reports & Briefings,支撑,否,https://itif.org/publications/2021/05/12/broadband-myth-series-do-we-need-symmetrical-upload-and-download-speeds/,"Assertions that symmetrical broadband is a national imperative are not well grounded in application demand or actual use of networks. Requiring symmetry in an infrastructure support program would drive up costs, reduce flexibility, and likely result in subsidies for redundant infrastructure in already served areas.",ITIF官方Reports & Briefings目录元数据,总目录保留；科技创新机制、中国比较或跨期节点进入全文层,2026-08-23
C-ITIF-RB-2021-REFINING-BIDEN-BROADBAND-PROPOSAL,C-ITIF-RB-2021-REFINING-BIDEN-BROADBAND-PROPOSAL,2021-05-12,Refining the Biden Broadband Proposal,Reports & Briefings,支撑,否,https://itif.org/publications/2021/05/12/refining-biden-broadband-proposal/,"Momentum for an infrastructure package presents a tremendous opportunity to close the digital divide. Policymakers should avoid a political stalemate by eschewing utility-style broadband overbuilding and instead focus on pragmatic expansion of cost-effective, competitive networks.",ITIF官方Reports & Briefings目录元数据,总目录保留；科技创新机制、中国比较或跨期节点进入全文层,2026-08-23
C-ITIF-RB-2021-ENERGIZING-INNOVATION-RAISING-AMBITION-FEDERAL-ENERGY-RDD-FISCAL-YEAR-2022,C-ITIF-RB-2021-ENERGIZING-INNOVATION-RAISING-AMBITION-FEDERAL-ENERGY-RDD-FISCAL-YEAR-2022,2021-05-17,Energizing Innovation: Raising the Ambition for Federal Energy RD&D in Fiscal Year 2022,Reports & Briefings,核心,否,https://itif.org/publications/2021/05/17/energizing-innovation-raising-ambition-federal-energy-rdd-fiscal-year-2022/,The United States should launch a “moon shot” in clean energy that mobilizes its unmatched innovative capabilities to combat climate change and capture global markets. The fiscal year 2022 budget is a critical opportunity for Congress to advance U.S. energy innovation.,ITIF官方Reports & Briefings目录元数据,总目录保留；科技创新机制、中国比较或跨期节点进入全文层,2026-08-23
C-ITIF-RB-2021-FIVE-FATAL-FLAWS-REP-KATIE-PORTERS-INDICTMENT-US-DRUG-INDUSTRY,C-ITIF-RB-2021-FIVE-FATAL-FLAWS-REP-KATIE-PORTERS-INDICTMENT-US-DRUG-INDUSTRY,2021-05-20,Five Fatal Flaws in Rep. Katie Porter’s Indictment of the U.S. Drug Industry,Reports & Briefings,核心,否,https://itif.org/publications/2021/05/20/five-fatal-flaws-rep-katie-porters-indictment-us-drug-industry/,"In her sensationally titled report, “Killer Profits: How Big Pharma Takeovers Destroy Innovation and Harm Patients,” the deputy chair of the Congressional Progressive Caucus issued an ideologically inspired jeremiad grounded in assertions that are easily refuted with data.",ITIF官方Reports & Briefings目录元数据,总目录保留；科技创新机制、中国比较或跨期节点进入全文层,2026-08-23
C-ITIF-RB-2021-DIGITAL-MARKETS-ACT-EUROPEAN-PRECAUTIONARY-ANTITRUST,C-ITIF-RB-2021-DIGITAL-MARKETS-ACT-EUROPEAN-PRECAUTIONARY-ANTITRUST,2021-05-24,The Digital Markets Act: European Precautionary Antitrust,Reports & Briefings,核心,否,https://itif.org/publications/2021/05/24/digital-markets-act-european-precautionary-antitrust/,"The European Commission has set out to ensure digital markets are “fair and contestable.” But in a paradigm shift for antitrust enforcement, its proposal would impose special regulations on a narrowly defined set of “gatekeepers.” Contrary to its intent, this will deter innovation—and hold back small and medium-sized firms—to the detriment of the economy.",ITIF官方Reports & Briefings目录元数据,总目录保留；科技创新机制、中国比较或跨期节点进入全文层,2026-08-23
C-ITIF-RB-2021-CURRENT-AND-POTENTIAL-USES-ARVR-EQUITY-AND-INCLUSION,C-ITIF-RB-2021-CURRENT-AND-POTENTIAL-USES-ARVR-EQUITY-AND-INCLUSION,2021-06-01,Current and Potential Uses of AR/VR for Equity and Inclusion,Reports & Briefings,语境,否,https://itif.org/publications/2021/06/01/current-and-potential-uses-arvr-equity-and-inclusion/,"AR/VR can make important contributions to equity and inclusion if it is designed with these goals in mind. It can serve as a tool to help tackle implicit biases, improve access to opportunities, and create new channels for communication, community, and collaboration across distances.",ITIF官方Reports & Briefings目录元数据,总目录保留；科技创新机制、中国比较或跨期节点进入全文层,2026-08-23
C-ITIF-RB-2021-PRINCIPLES-AND-POLICIES-UNLOCK-POTENTIAL-ARVR-EQUITY-AND-INCLUSION,C-ITIF-RB-2021-PRINCIPLES-AND-POLICIES-UNLOCK-POTENTIAL-ARVR-EQUITY-AND-INCLUSION,2021-06-01,Principles and Policies to Unlock the Potential of AR/VR for Equity and Inclusion,Reports & Briefings,语境,否,https://itif.org/publications/2021/06/01/principles-and-policies-unlock-potential-arvr-equity-and-inclusion/,"To maximize the benefits of AR/VR technologies, developers, policymakers, and organizations implementing them should consider a variety of user needs from the outset. Government should lead by example as an early adopter of inclusive AR/VR, and it should and establish standards and best practices for equity and inclusion in immersive experiences across sectors.",ITIF官方Reports & Briefings目录元数据,总目录保留；科技创新机制、中国比较或跨期节点进入全文层,2026-08-23
C-ITIF-RB-2021-RISKS-AND-CHALLENGES-INCLUSIVE-AND-EQUITABLE-IMMERSIVE-EXPERIENCES,C-ITIF-RB-2021-RISKS-AND-CHALLENGES-INCLUSIVE-AND-EQUITABLE-IMMERSIVE-EXPERIENCES,2021-06-01,Risks and Challenges for Inclusive and Equitable Immersive Experiences,Reports & Briefings,语境,否,https://itif.org/publications/2021/06/01/risks-and-challenges-inclusive-and-equitable-immersive-experiences/,"AR/VR has the potential to make both digital and non-digital services more inclusive and equitable. To achieve that goal, industry leaders and policymakers should take steps to mitigate potential unintended consequences.",ITIF官方Reports & Briefings目录元数据,总目录保留；科技创新机制、中国比较或跨期节点进入全文层,2026-08-23
C-ITIF-RB-2021-SECRETS-CLOUD-COMPUTINGS-FIRST-STAGE-ACTION-AGENDA-GOVERNMENT-AND-INDUSTRY,C-ITIF-RB-2021-SECRETS-CLOUD-COMPUTINGS-FIRST-STAGE-ACTION-AGENDA-GOVERNMENT-AND-INDUSTRY,2021-06-01,Secrets From Cloud Computing’s First Stage: An Action Agenda for Government and Industry,Reports & Briefings,核心,否,https://itif.org/publications/2021/06/01/secrets-cloud-computings-first-stage-action-agenda-government-and-industry/,"Cloud computing drives innovation and productivity across the economy, just as the electric grid did a century ago—yet it is more capable and dynamic, and it still in its early stages. Cloud is important not just at the firm level, but also for economic growth and global competitiveness.",ITIF官方Reports & Briefings目录元数据,总目录保留；科技创新机制、中国比较或跨期节点进入全文层,2026-08-23
C-ITIF-RB-2021-IMPROVING-ACCESSIBILITY-FEDERAL-GOVERNMENT-WEBSITES,C-ITIF-RB-2021-IMPROVING-ACCESSIBILITY-FEDERAL-GOVERNMENT-WEBSITES,2021-06-03,Improving Accessibility of Federal Government Websites,Reports & Briefings,语境,否,https://itif.org/publications/2021/06/03/improving-accessibility-federal-government-websites/,"Despite legislative requirements, many federal government websites are not accessible for people with disabilities. This creates obstacles for millions of Americans, especially as the COVID-19 pandemic has moved many government services online.",ITIF官方Reports & Briefings目录元数据,总目录保留；科技创新机制、中国比较或跨期节点进入全文层,2026-08-23
C-ITIF-RB-2021-NO-MONOPOLY-HAS-NOT-GROWN,C-ITIF-RB-2021-NO-MONOPOLY-HAS-NOT-GROWN,2021-06-07,"No, Monopoly Has Not Grown",Reports & Briefings,语境,否,https://itif.org/publications/2021/06/07/no-monopoly-has-not-grown/,"Alarmists say the economy is experiencing a crisis of market concentration, with dominant players stifling competition in industry after industry. That is the pretext for a push to radically restructure antitrust policy—but newly released Census data largely contradict the claim.",ITIF官方Reports & Briefings目录元数据,总目录保留；科技创新机制、中国比较或跨期节点进入全文层,2026-08-23
C-ITIF-RB-2021-PRINCIPLES-DYNAMIC-ANTITRUST-COMPETING-THROUGH-INNOVATION,C-ITIF-RB-2021-PRINCIPLES-DYNAMIC-ANTITRUST-COMPETING-THROUGH-INNOVATION,2021-06-14,Principles of Dynamic Antitrust: Competing Through Innovation,Reports & Briefings,核心,否,https://itif.org/publications/2021/06/14/principles-dynamic-antitrust-competing-through-innovation/,"It is time for antitrust policy to reject static models of market analysis and enforcement that rely too much on simplistic indicators such as firm size, industry structure, and prices. Regulators should instead adopt a dynamic approach that recognizes how market power can drive innovation—and how disruptive innovation keeps market power in check.",ITIF官方Reports & Briefings目录元数据,总目录保留；科技创新机制、中国比较或跨期节点进入全文层,2026-08-23
C-ITIF-RB-2021-WHY-UNITED-STATES-NEEDS-NATIONAL-ADVANCED-INDUSTRY-AND-TECHNOLOGY-AGENCY,C-ITIF-RB-2021-WHY-UNITED-STATES-NEEDS-NATIONAL-ADVANCED-INDUSTRY-AND-TECHNOLOGY-AGENCY,2021-06-17,Why the United States Needs a National Advanced Industry and Technology Agency,Reports & Briefings,语境,是,https://itif.org/publications/2021/06/17/why-united-states-needs-national-advanced-industry-and-technology-agency/,"With the rise of China, the U.S. economic and technology environment has fundamentally and inexorably changed. The most important step Congress and the Biden administration can take to meet the challenge is to create a dedicated national advanced industry and technology agency.",ITIF官方Reports & Briefings目录元数据,总目录保留；科技创新机制、中国比较或跨期节点进入全文层,2026-08-23
C-ITIF-RB-2021-CLEAN-AND-COMPETITIVE-OPPORTUNITIES-US-MANUFACTURING-LEADERSHIP-GLOBAL-LOW,C-ITIF-RB-2021-CLEAN-AND-COMPETITIVE-OPPORTUNITIES-US-MANUFACTURING-LEADERSHIP-GLOBAL-LOW,2021-06-21,Clean and Competitive: Opportunities for U.S. Manufacturing Leadership in the Global-Low Carbon Economy,Reports & Briefings,语境,否,https://itif.org/publications/2021/06/21/clean-and-competitive-opportunities-us-manufacturing-leadership-global-low/,"The United States needs an integrated national strategy to address the twin challenges of bolstering its manufacturing sector and averting climate change. Timely federal RD&D and deployment policies targeted to specific manufacturing industries could create comparative advantage, expanding domestic investment and employment.",ITIF官方Reports & Briefings目录元数据,总目录保留；科技创新机制、中国比较或跨期节点进入全文层,2026-08-23
C-ITIF-RB-2021-BROADBAND-MYTHS-DOES-MUNICIPAL-BROADBAND-SCALE-WELL-FIT-US-BROADBAND-NEEDS,C-ITIF-RB-2021-BROADBAND-MYTHS-DOES-MUNICIPAL-BROADBAND-SCALE-WELL-FIT-US-BROADBAND-NEEDS,2021-06-24,Broadband Myths: Does Municipal Broadband Scale Well to Fit U.S. Broadband Needs?,Reports & Briefings,支撑,否,https://itif.org/publications/2021/06/24/broadband-myths-does-municipal-broadband-scale-well-fit-us-broadband-needs/,"No, local governments generally are not well-suited to providing broadband service. Economic theory suggests city-run broadband would not serve the country well, and previous real-world attempts bear that out with a mixed track record marked by several failures.",ITIF官方Reports & Briefings目录元数据,总目录保留；科技创新机制、中国比较或跨期节点进入全文层,2026-08-23
C-ITIF-RB-2021-FEDERAL-STATISTICAL-NEEDS-NATIONAL-ADVANCED-INDUSTRY-AND-TECHNOLOGY-STRATEGY,C-ITIF-RB-2021-FEDERAL-STATISTICAL-NEEDS-NATIONAL-ADVANCED-INDUSTRY-AND-TECHNOLOGY-STRATEGY,2021-07-01,Federal Statistical Needs for a National Advanced Industry and Technology Strategy,Reports & Briefings,语境,否,https://itif.org/publications/2021/07/01/federal-statistical-needs-national-advanced-industry-and-technology-strategy/,"If the U.S. government is going to develop more effective policies to spur competitiveness, growth, and opportunity it will need to support better data collection, particularly on firms, industries, and technologies.",ITIF官方Reports & Briefings目录元数据,总目录保留；科技创新机制、中国比较或跨期节点进入全文层,2026-08-23
C-ITIF-RB-2021-ANTICORPORATE-PROGRESSIVISM-MOVEMENT-RESTRICT-RESTRAIN-AND-REPLACE-BIG,C-ITIF-RB-2021-ANTICORPORATE-PROGRESSIVISM-MOVEMENT-RESTRICT-RESTRAIN-AND-REPLACE-BIG,2021-07-12,"Anticorporate Progressivism: The Movement to Restrict, Restrain, and Replace Big Business in America",Reports & Briefings,语境,否,https://itif.org/publications/2021/07/12/anticorporate-progressivism-movement-restrict-restrain-and-replace-big/,"For many progressives, anticorporatism is not just the means for achieving other policy goals, it is the main goal in and of itself: an economy rid of large corporations. If their movement prevails, the result will be slower growth, diminished competitiveness, and less opportunity.",ITIF官方Reports & Briefings目录元数据,总目录保留；科技创新机制、中国比较或跨期节点进入全文层,2026-08-23
C-ITIF-RB-2021-REFLECTIONS-PRESIDENT-BIDENS-EXECUTIVE-ORDER-COMPETITION,C-ITIF-RB-2021-REFLECTIONS-PRESIDENT-BIDENS-EXECUTIVE-ORDER-COMPETITION,2021-07-12,Reflections on President Biden’s Executive Order on Competition,Reports & Briefings,语境,否,https://itif.org/publications/2021/07/12/reflections-president-bidens-executive-order-competition/,"Few would oppose the president’s stated goals of lowering prices, raising wages, and increasing convenience for Americans. But his executive order is not the way to achieve them.",ITIF官方Reports & Briefings目录元数据,总目录保留；科技创新机制、中国比较或跨期节点进入全文层,2026-08-23
C-ITIF-RB-2021-HOW-BARRIERS-CROSS-BORDER-DATA-FLOWS-ARE-SPREADING-GLOBALLY-WHAT-THEY-COST,C-ITIF-RB-2021-HOW-BARRIERS-CROSS-BORDER-DATA-FLOWS-ARE-SPREADING-GLOBALLY-WHAT-THEY-COST,2021-07-19,"How Barriers to Cross-Border Data Flows Are Spreading Globally, What They Cost, and How to Address Them",Reports & Briefings,支撑,否,https://itif.org/publications/2021/07/19/how-barriers-cross-border-data-flows-are-spreading-globally-what-they-cost/,"Data-localization policies are spreading rapidly around the world. This measurably reduces trade, slows productivity and increases prices for affected industries. Like-minded nations must work together to stem the tide and build an open, rules-based, and innovative digital economy.",ITIF官方Reports & Briefings目录元数据,总目录保留；科技创新机制、中国比较或跨期节点进入全文层,2026-08-23
C-ITIF-RB-2021-FALSE-PROMISES-II-CONTINUING-GAP-BETWEEN-CHINAS-WTO-COMMITMENTS-AND-ITS,C-ITIF-RB-2021-FALSE-PROMISES-II-CONTINUING-GAP-BETWEEN-CHINAS-WTO-COMMITMENTS-AND-ITS,2021-07-26,False Promises II: The Continuing Gap Between China’s WTO Commitments and Its Practices,Reports & Briefings,支撑,是,https://itif.org/publications/2021/07/26/false-promises-ii-continuing-gap-between-chinas-wto-commitments-and-its/,"Nearly 20 years after joining the World Trade Organization, China remains woefully short of meeting a broad range of commitments and responsibilities, to the detriment of both its trading partners and the international economic system.",ITIF官方Reports & Briefings目录元数据,总目录保留；科技创新机制、中国比较或跨期节点进入全文层,2026-08-23
C-ITIF-RB-2021-HOW-MUCH-WILL-ARTIFICIAL-INTELLIGENCE-ACT-COST-EUROPE,C-ITIF-RB-2021-HOW-MUCH-WILL-ARTIFICIAL-INTELLIGENCE-ACT-COST-EUROPE,2021-07-26,How Much Will the Artificial Intelligence Act Cost Europe?,Reports & Briefings,核心,否,https://itif.org/publications/2021/07/26/how-much-will-artificial-intelligence-act-cost-europe/,"The AIA will cost the European economy €31 billion over the next five years and reduce AI investments by almost 20 percent. A European SME that deploys a high-risk AI system will incur compliance costs of up to €400,000 which would cause profits to decline by 40 percent.",ITIF官方Reports & Briefings目录元数据,总目录保留；科技创新机制、中国比较或跨期节点进入全文层,2026-08-23
C-ITIF-RB-2021-HOUSES-ANTITRUST-LEGISLATIVE-PACKAGE-INNOVATION-PERSPECTIVE,C-ITIF-RB-2021-HOUSES-ANTITRUST-LEGISLATIVE-PACKAGE-INNOVATION-PERSPECTIVE,2021-08-02,The House’s Antitrust Legislative Package: An Innovation Perspective,Reports & Briefings,核心,否,https://itif.org/publications/2021/08/02/houses-antitrust-legislative-package-innovation-perspective/,The goal of antitrust reform should be to advance a modern approach to competition policy that elevates innovation to become a central concern for antitrust enforcement.,ITIF官方Reports & Briefings目录元数据,总目录保留；科技创新机制、中国比较或跨期节点进入全文层,2026-08-23
C-ITIF-RB-2021-ATTRACTING-FOREIGN-DIRECT-INVESTMENTS-THROUGH-AUGMENTED-AND-VIRTUAL-REALITY,C-ITIF-RB-2021-ATTRACTING-FOREIGN-DIRECT-INVESTMENTS-THROUGH-AUGMENTED-AND-VIRTUAL-REALITY,2021-08-09,Attracting Foreign Direct Investments Through Augmented and Virtual Reality,Reports & Briefings,语境,否,https://itif.org/publications/2021/08/09/attracting-foreign-direct-investments-through-augmented-and-virtual-reality/,"Attracting foreign investment is a key component of many countries’ economic development strategies. AR/VR solutions can help the process by providing engaging storytelling tools, helping to visualize potential investments, and reducing the need for in-person meetings and site visits.",ITIF官方Reports & Briefings目录元数据,总目录保留；科技创新机制、中国比较或跨期节点进入全文层,2026-08-23
C-ITIF-RB-2021-PRINCIPLES-PROMOTE-RESPONSIBLE-USE-AI-WORKFORCE-DECISIONS,C-ITIF-RB-2021-PRINCIPLES-PROMOTE-RESPONSIBLE-USE-AI-WORKFORCE-DECISIONS,2021-08-09,Principles to Promote Responsible Use of AI for Workforce Decisions,Reports & Briefings,核心,否,https://itif.org/publications/2021/08/09/principles-promote-responsible-use-ai-workforce-decisions/,"Given the transformative potential of AI for workforce decisions, policy should tilt toward enabling transformation with this technology.",ITIF官方Reports & Briefings目录元数据,总目录保留；科技创新机制、中国比较或跨期节点进入全文层,2026-08-23
C-ITIF-RB-2021-CLIMATE-TECH-WATCH-FLOATING-WIND-FARMS,C-ITIF-RB-2021-CLIMATE-TECH-WATCH-FLOATING-WIND-FARMS,2021-08-16,Climate-Tech to Watch: Floating Wind Farms,Reports & Briefings,语境,否,https://itif.org/publications/2021/08/16/climate-tech-watch-floating-wind-farms/,Floating offshore wind farms should be the next big thing in the wind industry. But catalyzing greater private investment and reducing costs will require large-scale demonstration to increase confidence from investors that the technology works as intended.,ITIF官方Reports & Briefings目录元数据,总目录保留；科技创新机制、中国比较或跨期节点进入全文层,2026-08-23
C-ITIF-RB-2021-NEXT-BIG-THINGS-CLIMATE-TECHNOLOGIES-WATCH,C-ITIF-RB-2021-NEXT-BIG-THINGS-CLIMATE-TECHNOLOGIES-WATCH,2021-08-16,The Next Big Things: Climate Technologies to Watch,Reports & Briefings,核心,否,https://itif.org/publications/2021/08/16/next-big-things-climate-technologies-watch/,Climate change caused by unabated combustion of fossil fuels will continue until clean systems match conventional systems in price and performance. The good news is that a wide range of opportunities exist to do just that—if innovation policy helps the private sector unlock them.,ITIF官方Reports & Briefings目录元数据,总目录保留；科技创新机制、中国比较或跨期节点进入全文层,2026-08-23
C-ITIF-RB-2021-ASSESSING-FEDERAL-GOVERNMENTS-TRANSITION-WEB-BASED-FORMS,C-ITIF-RB-2021-ASSESSING-FEDERAL-GOVERNMENTS-TRANSITION-WEB-BASED-FORMS,2021-08-23,Assessing the Federal Government’s Transition to Web-Based Forms,Reports & Briefings,语境,否,https://itif.org/publications/2021/08/23/assessing-federal-governments-transition-web-based-forms/,"Federal government agencies have missed multiple deadlines to transition from paper to web-based forms. Bringing government services into the digital age would build public trust, improve service and convenience, and reduce costs.",ITIF官方Reports & Briefings目录元数据,总目录保留；科技创新机制、中国比较或跨期节点进入全文层,2026-08-23
C-ITIF-RB-2021-PROMISE-IMMERSIVE-LEARNING-AUGMENTED-AND-VIRTUAL-REALITY-POTENTIAL,C-ITIF-RB-2021-PROMISE-IMMERSIVE-LEARNING-AUGMENTED-AND-VIRTUAL-REALITY-POTENTIAL,2021-08-30,The Promise of Immersive Learning: Augmented and Virtual Reality’s Potential in Education,Reports & Briefings,核心,否,https://itif.org/publications/2021/08/30/promise-immersive-learning-augmented-and-virtual-reality-potential/,"AR/VR solutions can enhance classroom experiences and expand opportunities at all levels of learning. The federal government should support further innovation by investing in research, skill-building, content development, and equitable adoption of immersive technologies",ITIF官方Reports & Briefings目录元数据,总目录保留；科技创新机制、中国比较或跨期节点进入全文层,2026-08-23
C-ITIF-RB-2021-LIMITS-ALLIANCES-CHINA-UNITED-STATES-AND-ITS-ALLIES-ARE-JUST-NOT-ALIGNED,C-ITIF-RB-2021-LIMITS-ALLIANCES-CHINA-UNITED-STATES-AND-ITS-ALLIES-ARE-JUST-NOT-ALIGNED,2021-09-07,"Limits to Alliances: In China, the United States and Its Allies Are Just Not Aligned",Reports & Briefings,语境,是,https://itif.org/publications/2021/09/07/limits-alliances-china-united-states-and-its-allies-are-just-not-aligned/,"Global attitudes toward China are hardening, but diverging interests prevent effective allied action to counter its rise. That’s why America should focus on getting its own house in order. The key is better aligning U.S. multinational corporations’ interests with national interests.",ITIF官方Reports & Briefings目录元数据,总目录保留；科技创新机制、中国比较或跨期节点进入全文层,2026-08-23
C-ITIF-RB-2021-CASE-REPEALING-RD-AMORTIZATION-PROVISION-2017-TAX-CUTS-AND-JOBS-ACT,C-ITIF-RB-2021-CASE-REPEALING-RD-AMORTIZATION-PROVISION-2017-TAX-CUTS-AND-JOBS-ACT,2021-09-07,The Case for Repealing the R&D Amortization Provision in the 2017 Tax Cuts and Jobs Act,Reports & Briefings,核心,否,https://itif.org/publications/2021/09/07/case-repealing-rd-amortization-provision-2017-tax-cuts-and-jobs-act/,"Staring in 2022, a provision in the 2017 Tax Cuts and Jobs Act will require companies to start amortizing their R&D investments over five years instead of expensing them in the same year they incur the costs. Congress should repeal the rule before it takes effect. Otherwise, companies will do less research in the United States, jobs will be lost, and U.S. competitiveness will suffer.",ITIF官方Reports & Briefings目录元数据,总目录保留；科技创新机制、中国比较或跨期节点进入全文层,2026-08-23
C-ITIF-RB-2021-ADVANCING-US-GOALS-US-EU-TRADE-AND-TECHNOLOGY-COUNCIL,C-ITIF-RB-2021-ADVANCING-US-GOALS-US-EU-TRADE-AND-TECHNOLOGY-COUNCIL,2021-09-13,Advancing U.S. Goals in the U.S.-EU Trade and Technology Council,Reports & Briefings,核心,否,https://itif.org/publications/2021/09/13/advancing-us-goals-us-eu-trade-and-technology-council/,"As the Biden administration works with its EU counterparts through the new U.S.-EU Trade and Technology Council (TTC), it should hold firm in defending the superior U.S. innovation system. To that end, U.S. negotiators must first clarify their positions on at least four strategic questions.",ITIF官方Reports & Briefings目录元数据,总目录保留；科技创新机制、中国比较或跨期节点进入全文层,2026-08-23
C-ITIF-RB-2021-CLIMATE-TECH-WATCH-ENHANCED-GEOTHERMAL-SYSTEMS,C-ITIF-RB-2021-CLIMATE-TECH-WATCH-ENHANCED-GEOTHERMAL-SYSTEMS,2021-09-13,Climate-Tech to Watch: Enhanced Geothermal Systems,Reports & Briefings,支撑,否,https://itif.org/publications/2021/09/13/climate-tech-watch-enhanced-geothermal-systems/,"With technological advancements in deep-well drilling and material improvements, Enhanced Geothermal Systems technology costs could be reduced, and geothermal energy could make substantial contributions to a net-zero energy system over the long term.",ITIF官方Reports & Briefings目录元数据,总目录保留；科技创新机制、中国比较或跨期节点进入全文层,2026-08-23
C-ITIF-RB-2021-EVEN-AFTER-COVID-19-US-LABOR-MARKET-REMAINS-MORE-STABLE-PEOPLE-THINK,C-ITIF-RB-2021-EVEN-AFTER-COVID-19-US-LABOR-MARKET-REMAINS-MORE-STABLE-PEOPLE-THINK,2021-09-13,"Even After COVID-19, the U.S. Labor Market Remains More Stable Than People Think",Reports & Briefings,核心,否,https://itif.org/publications/2021/09/13/even-after-covid-19-us-labor-market-remains-more-stable-people-think/,"The prevailing narrative is that Americans work in an economy of growing job insecurity, and that new technologies like artificial intelligence have only made matters worse. In fact, jobs are more secure now than at any time since the mid-1990s.",ITIF官方Reports & Briefings目录元数据,总目录保留；科技创新机制、中国比较或跨期节点进入全文层,2026-08-23
C-ITIF-RB-2021-HOW-AN-INFORMATION-TECHNOLOGY-AGREEMENT-3-0-WOULD-BOLSTER-GLOBAL-ECONOMIC-GROWTH-AND-OPPORTUNITY,C-ITIF-RB-2021-HOW-AN-INFORMATION-TECHNOLOGY-AGREEMENT-3-0-WOULD-BOLSTER-GLOBAL-ECONOMIC-GROWTH-AND-OPPORTUNITY,2021-09-16,How an Information Technology Agreement 3.0 Would Bolster Global Economic Growth and Opportunity,Reports & Briefings,核心,否,https://itif.org/publications/2021/09/16/how-an-information-technology-agreement-3-0-would-bolster-global-economic-growth-and-opportunity/,"Expanding the 25-year-old trade agreement that eliminates tariffs on ICT goods would spur broad-based growth for countries that sign on, because lowering prices increases ICT adoption, which spurs productivity and innovation throughout the economy.",ITIF官方Reports & Briefings目录元数据,总目录保留；科技创新机制、中国比较或跨期节点进入全文层,2026-08-23
C-ITIF-RB-2021-UNWORKABLE-SOLUTION-CARBON-BORDER-ADJUSTMENT-MECHANISMS-AND-GLOBAL-CLIMATE,C-ITIF-RB-2021-UNWORKABLE-SOLUTION-CARBON-BORDER-ADJUSTMENT-MECHANISMS-AND-GLOBAL-CLIMATE,2021-09-20,Unworkable Solution: Carbon Border Adjustment Mechanisms and Global Climate Innovation,Reports & Briefings,核心,否,https://itif.org/publications/2021/09/20/unworkable-solution-carbon-border-adjustment-mechanisms-and-global-climate/,Levying carbon tariffs is a difficult and counterproductive way for nations with ambitious climate policies to create a level playing field for their higher-cost industrial sectors. A more workable solution would be to design a flexible open-trade club for climate innovators.,ITIF官方Reports & Briefings目录元数据,总目录保留；科技创新机制、中国比较或跨期节点进入全文层,2026-08-23
C-ITIF-RB-2021-BIPARTISAN-INFRASTRUCTURE-BILL-COULD-RESHAPE-DOES-RDD-PORTFOLIO-OVER-NEXT-5,C-ITIF-RB-2021-BIPARTISAN-INFRASTRUCTURE-BILL-COULD-RESHAPE-DOES-RDD-PORTFOLIO-OVER-NEXT-5,2021-09-22,The Bipartisan Infrastructure Bill Could Reshape DOE’s RD&D Portfolio Over the Next 5 Years—in a Good Way,Reports & Briefings,核心,否,https://itif.org/publications/2021/09/22/bipartisan-infrastructure-bill-could-reshape-does-rdd-portfolio-over-next-5/,"The bipartisan infrastructure package is consistent with recommendations that ITIF and Columbia University’s Center for Global Energy Policy co-published a year ago—providing a significant boost for critical technology areas such as carbon capture, carbon removal, and industrial decarbonization.",ITIF官方Reports & Briefings目录元数据,总目录保留；科技创新机制、中国比较或跨期节点进入全文层,2026-08-23
C-ITIF-RB-2021-REFORMING-MERGER-REVIEWS-PRESERVE-CREATIVE-DESTRUCTION,C-ITIF-RB-2021-REFORMING-MERGER-REVIEWS-PRESERVE-CREATIVE-DESTRUCTION,2021-09-27,Reforming Merger Reviews to Preserve Creative Destruction,Reports & Briefings,核心,否,https://itif.org/publications/2021/09/27/reforming-merger-reviews-preserve-creative-destruction/,"The neo-Brandeisian case for more aggressive merger reviews assumes that market concentration is out of control and enforcement has been too lax. Neither is true. Antitrust regulators should recognize that mergers can contribute to innovation, productivity, and competition.",ITIF官方Reports & Briefings目录元数据,总目录保留；科技创新机制、中国比较或跨期节点进入全文层,2026-08-23
C-ITIF-RB-2021-EMERGING-INDUSTRIAL-POLICY-APPROACHES-UNITED-STATES,C-ITIF-RB-2021-EMERGING-INDUSTRIAL-POLICY-APPROACHES-UNITED-STATES,2021-10-04,Emerging Industrial Policy Approaches in the United States,Reports & Briefings,语境,是,https://itif.org/publications/2021/10/04/emerging-industrial-policy-approaches-united-states/,"The federal government has long avoided industrial policies outside of its defense sector. But now, facing competition from China, it is pursuing a series of new programs at a scale never tried before. The effort will require careful, system-wide planning to bear fruit.",ITIF官方Reports & Briefings目录元数据,总目录保留；科技创新机制、中国比较或跨期节点进入全文层,2026-08-23
C-ITIF-RB-2021-SECTORAL-POLICIES-DRIVE-PRODUCTIVITY-GROWTH,C-ITIF-RB-2021-SECTORAL-POLICIES-DRIVE-PRODUCTIVITY-GROWTH,2021-10-12,Sectoral Policies to Drive Productivity Growth,Reports & Briefings,支撑,否,https://itif.org/publications/2021/10/12/sectoral-policies-drive-productivity-growth/,"Productivity growth is the most important factor in economic performance, yet economists and policymakers give it little attention. It is time to develop a national productivity strategy with sector-specific analyses and policies at its core.",ITIF官方Reports & Briefings目录元数据,总目录保留；科技创新机制、中国比较或跨期节点进入全文层,2026-08-23
C-ITIF-RB-2021-2021-GLOBAL-ENERGY-INNOVATION-INDEX-NATIONAL-CONTRIBUTIONS-GLOBAL-CLEAN,C-ITIF-RB-2021-2021-GLOBAL-ENERGY-INNOVATION-INDEX-NATIONAL-CONTRIBUTIONS-GLOBAL-CLEAN,2021-10-18,The 2021 Global Energy Innovation Index: National Contributions to the Global Clean Energy Innovation System,Reports & Briefings,核心,是,https://itif.org/publications/2021/10/18/2021-global-energy-innovation-index-national-contributions-global-clean/,"To meet growing global demand for energy services while averting the worst consequences of climate change, the world must accelerate clean energy innovation. Western Europe contributes most to this global process. The United States has faltered. And China has a long way to go.",ITIF官方Reports & Briefings目录元数据,已进入精选全文；按本地原始资产、文本和切片调用,2026-08-23
C-ITIF-RB-2021-EVOLUTION-TAIWAN-TRADE-LINKAGES-US-AND-GLOBAL-ECONOMIES,C-ITIF-RB-2021-EVOLUTION-TAIWAN-TRADE-LINKAGES-US-AND-GLOBAL-ECONOMIES,2021-10-25,The Evolution of Taiwan’s Trade Linkages With the U.S. and Global Economies,Reports & Briefings,核心,否,https://itif.org/publications/2021/10/25/evolution-taiwan-trade-linkages-us-and-global-economies/,"Economic, trade, innovation, and global value chain (GVC) linkages between the United States and Taiwan are vitally important to both nations’ advanced technology industries and broader economies. Policymakers should work to deepen them.",ITIF官方Reports & Briefings目录元数据,总目录保留；科技创新机制、中国比较或跨期节点进入全文层,2026-08-23
C-ITIF-RB-2021-PLEASE-HELP-YOURSELF-TOWARD-TAXONOMY-SELF-PREFERENCING,C-ITIF-RB-2021-PLEASE-HELP-YOURSELF-TOWARD-TAXONOMY-SELF-PREFERENCING,2021-10-25,"“Please, Help Yourself”: Toward a Taxonomy of Self-Preferencing",Reports & Briefings,语境,否,https://itif.org/publications/2021/10/25/please-help-yourself-toward-taxonomy-self-preferencing/,Prohibiting companies from favoring their own products ignores all the ways it promotes competition and benefits consumers. Antitrust reforms should differentiate that pro-competitive self-preferencing from certain exclusionary practices.,ITIF官方Reports & Briefings目录元数据,总目录保留；科技创新机制、中国比较或跨期节点进入全文层,2026-08-23
C-ITIF-RB-2021-HOW-E-LABELS-CAN-SUPPORT-TRADE-AND-INNOVATION-ICT-MEDICAL-AND-OTHER-PRODUCTS,C-ITIF-RB-2021-HOW-E-LABELS-CAN-SUPPORT-TRADE-AND-INNOVATION-ICT-MEDICAL-AND-OTHER-PRODUCTS,2021-10-27,"How E-labels Can Support Trade and Innovation in ICT, Medical, and Other Products",Reports & Briefings,核心,否,https://itif.org/publications/2021/10/27/how-e-labels-can-support-trade-and-innovation-ict-medical-and-other-products/,"Displaying regulatory and other product information electronically is more practical than using small, confusing physical labels. But countries need to align their approaches to “e-labels” in order to maximize their benefits and avoid creating a new barrier to trade and innovation.",ITIF官方Reports & Briefings目录元数据,总目录保留；科技创新机制、中国比较或跨期节点进入全文层,2026-08-23
C-ITIF-RB-2021-OPEN-RADIO-ACCESS-NETWORKS-PRIMER-POLICYMAKERS,C-ITIF-RB-2021-OPEN-RADIO-ACCESS-NETWORKS-PRIMER-POLICYMAKERS,2021-11-01,Open Radio Access Networks: A Primer for Policymakers,Reports & Briefings,支撑,否,https://itif.org/publications/2021/11/01/open-radio-access-networks-primer-policymakers/,"Open Radio Access Networks (Open RANs) would define open standards and interfaces between components of wireless RANs, providing a unique opportunity to diversify the supply chain by separating today’s integrated, single-provider RAN systems into modular parts.",ITIF官方Reports & Briefings目录元数据,总目录保留；科技创新机制、中国比较或跨期节点进入全文层,2026-08-23
C-ITIF-RB-2021-CLIMATE-TECH-WATCH-PEROVSKITE-SOLAR-PHOTOVOLTAIC-CELLS,C-ITIF-RB-2021-CLIMATE-TECH-WATCH-PEROVSKITE-SOLAR-PHOTOVOLTAIC-CELLS,2021-11-08,Climate-Tech to Watch: Perovskite Solar Photovoltaic Cells,Reports & Briefings,支撑,否,https://itif.org/publications/2021/11/08/climate-tech-watch-perovskite-solar-photovoltaic-cells/,"Silicon-based photovoltaic technology is reaching its practical efficiency limits. Perovskite solar cells, which can be fine-tuned to absorb different colors of the solar spectrum, could be a game-changer, offering the tantalizing possibility of more efficient, cheaper solar power.",ITIF官方Reports & Briefings目录元数据,总目录保留；科技创新机制、中国比较或跨期节点进入全文层,2026-08-23
C-ITIF-RB-2021-MAPPING-INTERNATIONAL-5G-STANDARDS-LANDSCAPE-AND-HOW-IT-IMPACTS-US-STRATEGY,C-ITIF-RB-2021-MAPPING-INTERNATIONAL-5G-STANDARDS-LANDSCAPE-AND-HOW-IT-IMPACTS-US-STRATEGY,2021-11-08,Mapping the International 5G Standards Landscape and How It Impacts U.S. Strategy and Policy,Reports & Briefings,支撑,是,https://itif.org/publications/2021/11/08/mapping-international-5g-standards-landscape-and-how-it-impacts-us-strategy/,"Standards-setting bodies for 5G technology appear to be working well, but U.S. policymakers are justifiably wary of China’s ambitions to manipulate the system. They should stay on guard and provide financial support for U.S. companies to participate.",ITIF官方Reports & Briefings目录元数据,总目录保留；科技创新机制、中国比较或跨期节点进入全文层,2026-08-23
C-ITIF-RB-2021-PUBLIC-POLICY-METAVERSE-KEY-TAKEAWAYS-2021-ARVR-POLICY-CONFERENCE,C-ITIF-RB-2021-PUBLIC-POLICY-METAVERSE-KEY-TAKEAWAYS-2021-ARVR-POLICY-CONFERENCE,2021-11-15,Public Policy for the Metaverse: Key Takeaways from the 2021 AR/VR Policy Conference,Reports & Briefings,语境,否,https://itif.org/publications/2021/11/15/public-policy-metaverse-key-takeaways-2021-arvr-policy-conference/,"AR/VR technologies have transformative potential in everything from entertainment and communication to workforce development and education. But they also raise unique considerations on issues that policymakers are grappling with in relation to other technologies, such as privacy, safety, security, and equity.",ITIF官方Reports & Briefings目录元数据,总目录保留；科技创新机制、中国比较或跨期节点进入全文层,2026-08-23
C-ITIF-RB-2021-BIG-BEAUTIFUL-STRENGTHENING-GROWTH-AND-COMPETITIVENESS-CANADIAN-ECONOMY,C-ITIF-RB-2021-BIG-BEAUTIFUL-STRENGTHENING-GROWTH-AND-COMPETITIVENESS-CANADIAN-ECONOMY,2021-11-22,Big Is Beautiful: Strengthening Growth and Competitiveness in the Canadian Economy,Reports & Briefings,支撑,否,https://itif.org/publications/2021/11/22/big-beautiful-strengthening-growth-and-competitiveness-canadian-economy/,"Report for the Macdonald-Laurier Institute: Instead of succumbing to the “small is beautiful, big is ugly” narrative, Canada must recognize the critical role large businesses play in a growing, competitive economy with high productivity and wages.",ITIF官方Reports & Briefings目录元数据,总目录保留；科技创新机制、中国比较或跨期节点进入全文层,2026-08-23
C-ITIF-RB-2021-GOING-GOING-GONE-STAY-COMPETITIVE-BIOPHARMACEUTICALS-AMERICA-MUST-LEARN-ITS,C-ITIF-RB-2021-GOING-GOING-GONE-STAY-COMPETITIVE-BIOPHARMACEUTICALS-AMERICA-MUST-LEARN-ITS,2021-11-22,"Going, Going, Gone? To Stay Competitive in Biopharmaceuticals, America Must Learn From Its Semiconductor Mistakes",Reports & Briefings,核心,否,https://itif.org/publications/2021/11/22/going-going-gone-stay-competitive-biopharmaceuticals-america-must-learn-its/,"America has lost 70 percent of its semiconductor manufacturing capacity over the last three decades. That serves as a harsh lesson for policymakers: Failing to maintain a supportive policy environment could set up other high-tech industries to falter, too.",ITIF官方Reports & Briefings目录元数据,总目录保留；科技创新机制、中国比较或跨期节点进入全文层,2026-08-23
C-ITIF-RB-2021-VALUE-PERSONALIZED-ADVERTISING-EUROPE,C-ITIF-RB-2021-VALUE-PERSONALIZED-ADVERTISING-EUROPE,2021-11-22,The Value of Personalized Advertising in Europe,Reports & Briefings,语境,否,https://itif.org/publications/2021/11/22/value-personalized-advertising-europe/,Banning personalized ads would threaten about €6 billion of income for the European app economy—a sector that employs 1.5 million people in the EU.,ITIF官方Reports & Briefings目录元数据,总目录保留；科技创新机制、中国比较或跨期节点进入全文层,2026-08-23
C-ITIF-RB-2021-ASSESSING-STATE-DIGITAL-SKILLS-US-ECONOMY,C-ITIF-RB-2021-ASSESSING-STATE-DIGITAL-SKILLS-US-ECONOMY,2021-11-29,Assessing the State of Digital Skills in the U.S. Economy,Reports & Briefings,支撑,否,https://itif.org/publications/2021/11/29/assessing-state-digital-skills-us-economy/,"An increasingly digitalized global economy requires ever-more digitally skilled workforces for nations to remain productive. Unfortunately, domestic and international assessments of digital skills show the United States is lagging its competitors.",ITIF官方Reports & Briefings目录元数据,总目录保留；科技创新机制、中国比较或跨期节点进入全文层,2026-08-23
C-ITIF-RB-2021-IMPROVING-CONSUMER-WELFARE-DATA-PORTABILITY,C-ITIF-RB-2021-IMPROVING-CONSUMER-WELFARE-DATA-PORTABILITY,2021-11-29,Improving Consumer Welfare With Data Portability,Reports & Briefings,语境,否,https://itif.org/publications/2021/11/29/improving-consumer-welfare-data-portability/,"Data portability requirements should be carefully designed to avoid imposing unnecessary costs on organizations, exposing proprietary information, or undermining consumer privacy.",ITIF官方Reports & Briefings目录元数据,总目录保留；科技创新机制、中国比较或跨期节点进入全文层,2026-08-23
C-ITIF-RB-2021-MORE-MEETS-AI-HIDDEN-COSTS-EUROPEAN-SOFTWARE-LAW,C-ITIF-RB-2021-MORE-MEETS-AI-HIDDEN-COSTS-EUROPEAN-SOFTWARE-LAW,2021-12-01,More Than Meets The AI: The Hidden Costs of a European Software Law,Reports & Briefings,核心,否,https://itif.org/publications/2021/12/01/more-meets-ai-hidden-costs-european-software-law/,The EU’s proposed Artificial Intelligence Act (AIA) in its current form will touch upon a much wider section of the EU’s economy and society than the European Commission publicly states or likely even envisages.,ITIF官方Reports & Briefings目录元数据,总目录保留；科技创新机制、中国比较或跨期节点进入全文层,2026-08-23
C-ITIF-RB-2021-TRANSCENDING-RENEWABLES-LIMITS-WHY-INNOVATION-ESSENTIAL-AND-HOW-FEDERAL,C-ITIF-RB-2021-TRANSCENDING-RENEWABLES-LIMITS-WHY-INNOVATION-ESSENTIAL-AND-HOW-FEDERAL,2021-12-06,Transcending Renewables’ Limits: Why Innovation Is Essential and How Federal Investments Can Unlock It,Reports & Briefings,核心,否,https://itif.org/publications/2021/12/06/transcending-renewables-limits-why-innovation-essential-and-how-federal/,"Renewables are far from being affordable, available, or reliable enough to meet growing demand for zero-carbon electricity. Scientists have developed promising solutions to these limitations, but it will require sustained, expanded federal investments to grow them to a transformative scale.",ITIF官方Reports & Briefings目录元数据,总目录保留；科技创新机制、中国比较或跨期节点进入全文层,2026-08-23
C-ITIF-RB-2021-WHY-AMERICA-NEEDS-NATIONAL-COMPETITIVENESS-COUNCIL,C-ITIF-RB-2021-WHY-AMERICA-NEEDS-NATIONAL-COMPETITIVENESS-COUNCIL,2021-12-13,Why America Needs a National Competitiveness Council,Reports & Briefings,语境,否,https://itif.org/publications/2021/12/13/why-america-needs-national-competitiveness-council/,Congress is poised to expand funding for U.S. competitiveness. But a one-time infusion of resources is not enough: The federal government needs to formulate and implement a coherent advanced-industry competitiveness strategy.,ITIF官方Reports & Briefings目录元数据,总目录保留；科技创新机制、中国比较或跨期节点进入全文层,2026-08-23
C-ITIF-RB-2021-DIGITAL-MARKETS-ACT-COMPETITION-PROPERTY-INNOVATION-AND-USER-INTERESTS,C-ITIF-RB-2021-DIGITAL-MARKETS-ACT-COMPETITION-PROPERTY-INNOVATION-AND-USER-INTERESTS,2021-12-14,"Digital Markets Act: Competition, Property, Innovation and User Interests",Reports & Briefings,核心,否,https://itif.org/publications/2021/12/14/digital-markets-act-competition-property-innovation-and-user-interests/,"Conference Report: The measures stipulated in the DMA do not match its calls for strengthening of the internal market, more competition, and innovation.",ITIF官方Reports & Briefings目录元数据,总目录保留；科技创新机制、中国比较或跨期节点进入全文层,2026-08-23
C-ITIF-RB-2021-WHY-INCLUDING-DOMESTIC-COMPANIES-USTR-NOTORIOUS-MARKETS-LIST-UNDERMINES-US,C-ITIF-RB-2021-WHY-INCLUDING-DOMESTIC-COMPANIES-USTR-NOTORIOUS-MARKETS-LIST-UNDERMINES-US,2021-12-16,Why Including Domestic Companies on USTR’s Notorious Markets List Undermines U.S. Trade Policy,Reports & Briefings,语境,否,https://itif.org/publications/2021/12/16/why-including-domestic-companies-ustr-notorious-markets-list-undermines-us/,Including U.S. firms on the official list that names and shames havens for piracy and counterfeiting would give the false impression that America has weak IP enforcement and undermine U.S. efforts to convince other countries to do more to address the problem.,ITIF官方Reports & Briefings目录元数据,总目录保留；科技创新机制、中国比较或跨期节点进入全文层,2026-08-23
C-ITIF-RB-2022-COMPUTER-CHIPS-VS-POTATO-CHIPS-CASE-US-STRATEGIC-INDUSTRY-POLICY,C-ITIF-RB-2022-COMPUTER-CHIPS-VS-POTATO-CHIPS-CASE-US-STRATEGIC-INDUSTRY-POLICY,2022-01-03,Computer Chips vs. Potato Chips: The Case for a U.S. Strategic-Industry Policy,Reports & Briefings,核心,是,https://itif.org/publications/2022/01/03/computer-chips-vs-potato-chips-case-us-strategic-industry-policy/,"With the rise of China, the United States needs more than a competitiveness strategy; it needs a policy specifically tailored to boost production and innovation capacity in strategically important industries—especially technologically sophisticated ones with dual-use capabilities.",ITIF官方Reports & Briefings目录元数据,总目录保留；科技创新机制、中国比较或跨期节点进入全文层,2026-08-23
C-ITIF-RB-2022-MISSION-CRITICAL-GLOBAL-ENERGY-INNOVATION-SYSTEM-NOT-THRIVING,C-ITIF-RB-2022-MISSION-CRITICAL-GLOBAL-ENERGY-INNOVATION-SYSTEM-NOT-THRIVING,2022-01-10,Mission Critical: The Global Energy Innovation System Is Not Thriving,Reports & Briefings,核心,否,https://itif.org/publications/2022/01/10/mission-critical-global-energy-innovation-system-not-thriving/,"Accelerating clean energy innovation is critical to avert the worst effects of climate change, but the global energy innovation system is in poor health, with weaknesses across most indicators. Nations must rectify these weaknesses to deliver on the promises world leaders made at COP26.",ITIF官方Reports & Briefings目录元数据,总目录保留；科技创新机制、中国比较或跨期节点进入全文层,2026-08-23
C-ITIF-RB-2022-ANTICORPORATE-BROADBAND-POPULISTS-REAL-AGENDA-DESTROY-CURRENT-PRIVATE,C-ITIF-RB-2022-ANTICORPORATE-BROADBAND-POPULISTS-REAL-AGENDA-DESTROY-CURRENT-PRIVATE,2022-01-18,Anticorporate Broadband Populists’ Real Agenda: Destroy the Current Private-Sector System,Reports & Briefings,支撑,否,https://itif.org/publications/2022/01/18/anticorporate-broadband-populists-real-agenda-destroy-current-private/,"Broadband populists have engaged in an aggressive campaign to disparage the performance of the U.S. broadband system, which is driven by intermodal competition between large ISPs, in order to build a case for government-owned and operated networks.",ITIF官方Reports & Briefings目录元数据,总目录保留；科技创新机制、中国比较或跨期节点进入全文层,2026-08-23
C-ITIF-RB-2022-LOOMING-COST-PATCHWORK-STATE-PRIVACY-LAWS,C-ITIF-RB-2022-LOOMING-COST-PATCHWORK-STATE-PRIVACY-LAWS,2022-01-24,The Looming Cost of a Patchwork of State Privacy Laws,Reports & Briefings,语境,否,https://itif.org/publications/2022/01/24/looming-cost-patchwork-state-privacy-laws/,"In the absence of a federal privacy law, a growing patchwork of state laws burdens companies with multiple, duplicative compliance costs. The out-of-state costs from 50 such laws could exceed $1 trillion over 10 years, with at least $200 billion hitting small businesses.",ITIF官方Reports & Briefings目录元数据,总目录保留；科技创新机制、中国比较或跨期节点进入全文层,2026-08-23
C-ITIF-RB-2022-DECADE-AFTER-SOPA-PIPA-TIME-TO-REVISIT-WEBSITE-BLOCKING,C-ITIF-RB-2022-DECADE-AFTER-SOPA-PIPA-TIME-TO-REVISIT-WEBSITE-BLOCKING,2022-01-26,"A Decade After SOPA/PIPA, It’s Time to Revisit Website Blocking",Reports & Briefings,语境,否,https://itif.org/publications/2022/01/26/decade-after-sopa-pipa-time-to-revisit-website-blocking/,"In 2012, U.S. lawmakers scuttled legislation to block websites trafficking in pirated content after opponents instigated a furious backlash by claiming it would “break the Internet.” But since then, dozens of countries have done it effectively—and the Internet continues to flourish.",ITIF官方Reports & Briefings目录元数据,总目录保留；科技创新机制、中国比较或跨期节点进入全文层,2026-08-23
C-ITIF-RB-2022-AMERICAN-PRECAUTIONARY-ANTITRUST-UNRESTRAINED-FTC-RULEMAKING-AUTHORITY,C-ITIF-RB-2022-AMERICAN-PRECAUTIONARY-ANTITRUST-UNRESTRAINED-FTC-RULEMAKING-AUTHORITY,2022-01-31,American Precautionary Antitrust: Unrestrained FTC Rulemaking Authority,Reports & Briefings,核心,否,https://itif.org/publications/2022/01/31/american-precautionary-antitrust-unrestrained-ftc-rulemaking-authority/,"The FTC plans to follow Europe’s precautionary approach to antitrust by enacting preemptive rules of per se illegality. But American precautionary antitrust is both unlawful and economically harmful, as it opposes dynamic competition, which benefits consumers and innovation.",ITIF官方Reports & Briefings目录元数据,总目录保留；科技创新机制、中国比较或跨期节点进入全文层,2026-08-23
C-ITIF-RB-2022-PLATFORM-COMPETITION-AND-OPPORTUNITY-ACT-SOLUTION-SEARCH-PROBLEM,C-ITIF-RB-2022-PLATFORM-COMPETITION-AND-OPPORTUNITY-ACT-SOLUTION-SEARCH-PROBLEM,2022-01-31,The Platform Competition and Opportunity Act Is a Solution in Search of a Problem,Reports & Briefings,核心,否,https://itif.org/publications/2022/01/31/platform-competition-and-opportunity-act-solution-search-problem/,The killer acquisitions that Congress seeks to prevent are rare and less likely to occur in technology markets. The proposed legislation will harm an important incentive for start-up innovation and deny consumers the benefits of pro-competitive acquisitions.,ITIF官方Reports & Briefings目录元数据,总目录保留；科技创新机制、中国比较或跨期节点进入全文层,2026-08-23
C-ITIF-RB-2022-WEAVING-STRATEGIC-INDUSTRY-COMPETITIVENESS-FABRIC-US-ECONOMIC-POLICY,C-ITIF-RB-2022-WEAVING-STRATEGIC-INDUSTRY-COMPETITIVENESS-FABRIC-US-ECONOMIC-POLICY,2022-02-07,Weaving Strategic-Industry Competitiveness Into the Fabric of U.S. Economic Policy,Reports & Briefings,语境,是,https://itif.org/publications/2022/02/07/weaving-strategic-industry-competitiveness-fabric-us-economic-policy/,"Meeting the challenge of China’s mercantilist, state-directed economy will require much more than piecemeal competitiveness initiatives, as important as they are. It is time to incorporate a competitiveness focus into most if not all major areas of U.S. policy affecting the economy.",ITIF官方Reports & Briefings目录元数据,总目录保留；科技创新机制、中国比较或跨期节点进入全文层,2026-08-23
C-ITIF-RB-2022-US-OPTIONS-ENGAGE-DIGITAL-TRADE-AND-ECONOMIC-ISSUES-ASIA-PACIFIC,C-ITIF-RB-2022-US-OPTIONS-ENGAGE-DIGITAL-TRADE-AND-ECONOMIC-ISSUES-ASIA-PACIFIC,2022-02-08,U.S. Options to Engage on Digital Trade and Economic Issues in the Asia-Pacific,Reports & Briefings,语境,否,https://itif.org/publications/2022/02/08/us-options-engage-digital-trade-and-economic-issues-asia-pacific/,"There are many ways the United States can rejoin trading partners in shaping digital trade in the Asia-Pacific. But in choosing its path, the administration should not allow misguided opposition deter it from insisting on binding rules for data flows and other key digital economy issues.",ITIF官方Reports & Briefings目录元数据,总目录保留；科技创新机制、中国比较或跨期节点进入全文层,2026-08-23
C-ITIF-RB-2022-WORKER-CENTRIC-TRADE-AGENDA-NEEDS-FOCUS-COMPETITIVENESS-INCLUDING-ROBUST-IP,C-ITIF-RB-2022-WORKER-CENTRIC-TRADE-AGENDA-NEEDS-FOCUS-COMPETITIVENESS-INCLUDING-ROBUST-IP,2022-02-22,"A Worker-Centric Trade Agenda Needs to Focus on Competitiveness, Including Robust IP Protections",Reports & Briefings,语境,否,https://itif.org/publications/2022/02/22/worker-centric-trade-agenda-needs-focus-competitiveness-including-robust-ip/,"In his shift to a “worker-centric trade agenda,” President Biden should reject the counsel of anticorporate, antitrade progressives who deny that U.S. companies’ interests align with U.S. workers’ interests. A new competitiveness-focused approach to trade policy can support both.",ITIF官方Reports & Briefings目录元数据,总目录保留；科技创新机制、中国比较或跨期节点进入全文层,2026-08-23
C-ITIF-RB-2022-CONTENT-MODERATION-MULTI-USER-IMMERSIVE-EXPERIENCES-ARVR-AND-FUTURE-ONLINE,C-ITIF-RB-2022-CONTENT-MODERATION-MULTI-USER-IMMERSIVE-EXPERIENCES-ARVR-AND-FUTURE-ONLINE,2022-02-28,Content Moderation in Multi-User Immersive Experiences: AR/VR and the Future of Online Speech,Reports & Briefings,语境,否,https://itif.org/publications/2022/02/28/content-moderation-multi-user-immersive-experiences-arvr-and-future-online/,"Multi-user immersive experiences (MUIEs)—three-dimensional, digitally rendered environments where multiple users can interact with other people and virtual objects in real time—present new content-moderation challenges. Policymakers should work with those developing MUIEs to balance user safety, privacy, and free expression.",ITIF官方Reports & Briefings目录元数据,总目录保留；科技创新机制、中国比较或跨期节点进入全文层,2026-08-23
C-ITIF-RB-2022-PROSPECTS-TRANSATLANTIC-COOPERATION-BIOTECH-POLICY-US-PERSPECTIVE,C-ITIF-RB-2022-PROSPECTS-TRANSATLANTIC-COOPERATION-BIOTECH-POLICY-US-PERSPECTIVE,2022-03-11,Prospects for Transatlantic Cooperation in Biotech Policy—A US Perspective,Reports & Briefings,核心,否,https://itif.org/publications/2022/03/11/prospects-transatlantic-cooperation-biotech-policy-us-perspective/,"There are multiple opportunities to advance solutions to major societal challenges by fostering transatlantic cooperation in biotech policy. But developing and applying them will require a return to science-based regulation that advances safety while enabling, not deterring innovation.",ITIF官方Reports & Briefings目录元数据,总目录保留；科技创新机制、中国比较或跨期节点进入全文层,2026-08-23
C-ITIF-RB-2022-HOW-EU-CAN-UNLOCK-PRIVATE-SECTOR-HUMAN-MOBILITY-DATA-SOCIAL-GOOD,C-ITIF-RB-2022-HOW-EU-CAN-UNLOCK-PRIVATE-SECTOR-HUMAN-MOBILITY-DATA-SOCIAL-GOOD,2022-03-28,How the EU Can Unlock the Private Sector’s Human-Mobility Data for Social Good,Reports & Briefings,核心,否,https://itif.org/publications/2022/03/28/how-eu-can-unlock-private-sector-human-mobility-data-social-good/,"Private firms face a number of challenges that limit their willingness and ability to share mobility data. The government’s role should be to coordinate the behavior of individuals, companies, and researchers toward social good.",ITIF官方Reports & Briefings目录元数据,总目录保留；科技创新机制、中国比较或跨期节点进入全文层,2026-08-23
C-ITIF-RB-2022-FIVE-FALSE-CLAIMS-UNDERSCORE-CASE-AGAINST-SENATE-ANTITRUST-BILLS,C-ITIF-RB-2022-FIVE-FALSE-CLAIMS-UNDERSCORE-CASE-AGAINST-SENATE-ANTITRUST-BILLS,2022-04-04,Five False Claims Underscore the Case Against the Senate’s Leading Antitrust Bills,Reports & Briefings,核心,否,https://itif.org/publications/2022/04/04/five-false-claims-underscore-case-against-senate-antitrust-bills/,"The Senate’s main antitrust bills—the American Innovation and Choice Online Act and the Open App Markets Act—emulate a stalled House package and the EU’s deeply flawed Digital Markets Act. They err on many fronts, and the main arguments for them are at odds with reality.",ITIF官方Reports & Briefings目录元数据,总目录保留；科技创新机制、中国比较或跨期节点进入全文层,2026-08-23
C-ITIF-RB-2022-WHY-AMERICA-SHOULD-COMPETE-WIN-ADVANCED-INDUSTRIES,C-ITIF-RB-2022-WHY-AMERICA-SHOULD-COMPETE-WIN-ADVANCED-INDUSTRIES,2022-04-11,Why America Should Compete to Win in Advanced Industries,Reports & Briefings,语境,否,https://itif.org/publications/2022/04/11/why-america-should-compete-win-advanced-industries/,Until a significant share of America’s leaders believes the United States is in economic competition with other nations—and that it has a right and duty to win that competition—generating the political will for a national advanced-industry strategy will be difficult.,ITIF官方Reports & Briefings目录元数据,总目录保留；科技创新机制、中国比较或跨期节点进入全文层,2026-08-23
C-ITIF-RB-2022-BROADBAND-MYTHS-DO-ISPS-ENGAGE-DIGITAL-REDLINING,C-ITIF-RB-2022-BROADBAND-MYTHS-DO-ISPS-ENGAGE-DIGITAL-REDLINING,2022-04-13,Broadband Myths: Do ISPs Engage in “Digital Redlining?”,Reports & Briefings,支撑,否,https://itif.org/publications/2022/04/13/broadband-myths-do-isps-engage-digital-redlining/,"Geographic differences in broadband deployment exist, but ITIF’s analysis of Census data and facts on the ground show they are best explained by income variations and barriers to adoption, not by racial discrimination.",ITIF官方Reports & Briefings目录元数据,总目录保留；科技创新机制、中国比较或跨期节点进入全文层,2026-08-23
C-ITIF-RB-2022-ACTIVE-CARBON-MANAGEMENT-CRITICAL-TOOLS-CLIMATE-TOOLBOX,C-ITIF-RB-2022-ACTIVE-CARBON-MANAGEMENT-CRITICAL-TOOLS-CLIMATE-TOOLBOX,2022-04-18,Active Carbon Management: Critical Tools in the Climate Toolbox,Reports & Briefings,语境,否,https://itif.org/publications/2022/04/18/active-carbon-management-critical-tools-climate-toolbox/,"Technologies to capture and store carbon must be part of the arsenal to fight climate change. To deploy them at scale, policymakers should expand federal incentives, increase RD&D for traditional and novel technologies, and expedite permitting and siting of requisite infrastructure.",ITIF官方Reports & Briefings目录元数据,总目录保留；科技创新机制、中国比较或跨期节点进入全文层,2026-08-23
C-ITIF-RB-2022-HOW-AI-CAN-IMPROVE-K-12-EDUCATION-UNITED-STATES,C-ITIF-RB-2022-HOW-AI-CAN-IMPROVE-K-12-EDUCATION-UNITED-STATES,2022-04-25,How AI Can Improve K-12 Education in the United States,Reports & Briefings,核心,否,https://itif.org/publications/2022/04/25/how-ai-can-improve-k-12-education-united-states/,"Personalized learning powered by AI provides a unique opportunity to close learning gaps between students in lower-income schools and those in wealthier ones, as well as improve educational outcomes for all students.",ITIF官方Reports & Briefings目录元数据,总目录保留；科技创新机制、中国比较或跨期节点进入全文层,2026-08-23
C-ITIF-RB-2022-MONOPOLIES-ARE-NOT-TAKING-FIFTH-YOUR-WAGES,C-ITIF-RB-2022-MONOPOLIES-ARE-NOT-TAKING-FIFTH-YOUR-WAGES,2022-05-02,Monopolies Are Not Taking a Fifth of Your Wages,Reports & Briefings,语境,否,https://itif.org/publications/2022/05/02/monopolies-are-not-taking-fifth-your-wages/,"A recent Treasury report on labor market competition provided a misleading narrative about labor market concentration and its effect on workers. Labor market power is largely due to labor market frictions, not concentration. Firms are not profiting at the expense of workers.",ITIF官方Reports & Briefings目录元数据,总目录保留；科技创新机制、中国比较或跨期节点进入全文层,2026-08-23
C-ITIF-RB-2022-HOW-APPLYING-BUY-AMERICA-PROVISIONS-IT-UNDERMINES-INFRASTRUCTURE-GOALS,C-ITIF-RB-2022-HOW-APPLYING-BUY-AMERICA-PROVISIONS-IT-UNDERMINES-INFRASTRUCTURE-GOALS,2022-05-09,How Applying ‘Buy America’ Provisions to IT Undermines Infrastructure Goals,Reports & Briefings,语境,否,https://itif.org/publications/2022/05/09/how-applying-buy-america-provisions-it-undermines-infrastructure-goals/,"Because the cost of producing IT products is lower overseas, applying Buy America provisions to IT components of projects underwritten by the infrastructure bill will raise costs, reduce infrastructure build, and delay project completion—all without creating any net new jobs.",ITIF官方Reports & Briefings目录元数据,总目录保留；科技创新机制、中国比较或跨期节点进入全文层,2026-08-23
C-ITIF-RB-2022-FURTHER-ENERGIZING-INNOVATION-FISCAL-YEAR-2023,C-ITIF-RB-2022-FURTHER-ENERGIZING-INNOVATION-FISCAL-YEAR-2023,2022-05-13,Further Energizing Innovation in Fiscal Year 2023,Reports & Briefings,核心,否,https://itif.org/publications/2022/05/13/further-energizing-innovation-fiscal-year-2023/,The FY 2023 budget request signals America’s commitment to sustaining bipartisan momentum for clean energy innovation. Congress should seize this opportunity to accelerate domestic clean energy industries and shape the U.S. response to climate change.,ITIF官方Reports & Briefings目录元数据,总目录保留；科技创新机制、中国比较或跨期节点进入全文层,2026-08-23
C-ITIF-RB-2022-TEN-SUGGESTED-COMMANDMENTS-CLOSING-DIGITAL-DIVIDE,C-ITIF-RB-2022-TEN-SUGGESTED-COMMANDMENTS-CLOSING-DIGITAL-DIVIDE,2022-05-23,Ten (Suggested) Commandments for Closing the Digital Divide,Reports & Briefings,语境,否,https://itif.org/publications/2022/05/23/ten-suggested-commandments-closing-digital-divide/,States are set to receive billions of dollars in federal funding—enough to close the digital divide once and for all. Following these 10 commandments will ensure they make the most of the money and citizens get the connectivity they need.,ITIF官方Reports & Briefings目录元数据,总目录保留；科技创新机制、中国比较或跨期节点进入全文层,2026-08-23
C-ITIF-RB-2022-FEDERAL-IT-MODERNIZATION-NEEDS-STRATEGY-AND-MORE-MONEY,C-ITIF-RB-2022-FEDERAL-IT-MODERNIZATION-NEEDS-STRATEGY-AND-MORE-MONEY,2022-05-31,Federal IT Modernization Needs a Strategy and More Money,Reports & Briefings,语境,否,https://itif.org/publications/2022/05/31/federal-it-modernization-needs-strategy-and-more-money/,"Despite a plethora of legislation, executive mandates, and other policy guidance to modernize aging federal IT infrastructure, agencies still need access to dedicated IT funding channels with more money and an overarching IT strategy to help guide them in how they fund IT initiatives.",ITIF官方Reports & Briefings目录元数据,总目录保留；科技创新机制、中国比较或跨期节点进入全文层,2026-08-23
C-ITIF-RB-2022-ABOUT-THE-HAMILTON-CENTER-ON-INDUSTRIAL-STRATEGY,C-ITIF-RB-2022-ABOUT-THE-HAMILTON-CENTER-ON-INDUSTRIAL-STRATEGY,2022-06-06,About ITIF’s Hamilton Center on Industrial Strategy,Reports & Briefings,语境,否,https://itif.org/publications/2022/06/06/about-the-hamilton-center-on-industrial-strategy/,The Hamilton Center promotes a practical approach to competitiveness policy that enables U.S. technology leadership in global markets.,ITIF官方Reports & Briefings目录元数据,总目录保留；科技创新机制、中国比较或跨期节点进入全文层,2026-08-23
C-ITIF-RB-2022-HAMILTON-INDEX-OF-ADVANCED-INDUSTRY-PERFORMANCE,C-ITIF-RB-2022-HAMILTON-INDEX-OF-ADVANCED-INDUSTRY-PERFORMANCE,2022-06-08,The Hamilton Index of Advanced-Industry Performance: Data Visualization Tool,Reports & Briefings,语境,否,https://itif.org/publications/2022/06/08/hamilton-index-of-advanced-industry-performance/,"Seven strategically important industries. Sixty-six countries. Twenty-four years’ worth of value-added output data. This interactive visualization tool benchmarks national performance both in nominal U.S. dollars and relative to national shares of global GDP, an industry-concentration ratio known as a location quotient (LQ).",ITIF官方Reports & Briefings目录元数据,总目录保留；科技创新机制、中国比较或跨期节点进入全文层,2026-08-23
C-ITIF-2022-THE-HAMILTON-INDEX-ASSESSING-NATIONAL-PERFORMANCE-IN-THE-COMPETITION-FOR-ADVANCED-INDUSTRIES,C-ITIF-2022-THE-HAMILTON-INDEX-ASSESSING-NATIONAL-PERFORMANCE-IN-THE-COMPETITION-FOR-ADVANCED-INDUSTRIES,2022-06-08,The Hamilton Index: Assessing National Performance in the Competition for Advanced Industries,Reports & Briefings,语境,否,https://itif.org/publications/2022/06/08/the-hamilton-index-assessing-national-performance-in-the-competition-for-advanced-industries/,"Compared to major competitors, U.S. output in key advanced industries is weak and declining. Congress and the administration should launch an economic “moon shot” initiative committing to increase the concentration of these industries in the U.S. economy by at least 20 percentage points relative to the global average within a decade.",ITIF官方Reports & Briefings目录元数据,总目录保留；科技创新机制、中国比较或跨期节点进入全文层,2026-08-23
C-ITIF-RB-2022-NORTH-AMERICAN-SUBNATIONAL-INNOVATION-COMPETITIVENESS-INDEX,C-ITIF-RB-2022-NORTH-AMERICAN-SUBNATIONAL-INNOVATION-COMPETITIVENESS-INDEX,2022-06-21,The North American Subnational Innovation Competitiveness Index,Reports & Briefings,核心,否,https://itif.org/publications/2022/06/21/north-american-subnational-innovation-competitiveness-index/,"The North American innovation ecosystem is increasingly diverse. In collaboration with Macdonald-Laurier Institute, Fundación IDEA, and the Bay Area Economic Council Institute, ITIF compiled this index to identify economic differences among states and provinces and highlight regions needing more federal attention, identify cross-national innovation performance, and track the continent’s overall competitiveness in the innovation-driven global economy.",ITIF官方Reports & Briefings目录元数据,总目录保留；科技创新机制、中国比较或跨期节点进入全文层,2026-08-23
C-ITIF-RB-2022-NORTH-AMERICAN-SUBNATIONAL-INNOVATION-COMPETITIVENESS-INDEX-DATA-VISUALIZATION,C-ITIF-RB-2022-NORTH-AMERICAN-SUBNATIONAL-INNOVATION-COMPETITIVENESS-INDEX-DATA-VISUALIZATION,2022-06-21,The North American Subnational Innovation Competitiveness Index: Data Visualization,Reports & Briefings,核心,否,https://itif.org/publications/2022/06/21/north-american-subnational-innovation-competitiveness-index-data-visualization/,"The North American innovation ecosystem is increasingly diverse. This index identifies economic differences among states and provinces in Canada, the United States, and Mexico to highlight regions needing more federal attention, identify cross-national innovation performance, and track the continent’s overall competitiveness in the innovation-driven global economy.",ITIF官方Reports & Briefings目录元数据,总目录保留；科技创新机制、中国比较或跨期节点进入全文层,2026-08-23
C-ITIF-RB-2022-THE-REVISED-BUT-UNCORRECTED-VERSION-OF-THE-KLOBUCHAR-BILL,C-ITIF-RB-2022-THE-REVISED-BUT-UNCORRECTED-VERSION-OF-THE-KLOBUCHAR-BILL,2022-06-21,The Revised (But Uncorrected) Version of the Klobuchar Bill,Reports & Briefings,语境,否,https://itif.org/publications/2022/06/21/the-revised-but-uncorrected-version-of-the-klobuchar-bill/,"The revised version of the Klobuchar bill (S.2992), aimed at prohibiting a few large tech companies from self-preferencing their services and forcing them to grant their rivals access to vital proprietary assets, fails to correct the critical deficiencies of the bill’s original version. This report provides a legal analysis of the new, yet uncorrected, pitfalls of the Klobuchar bill.",ITIF官方Reports & Briefings目录元数据,总目录保留；科技创新机制、中国比较或跨期节点进入全文层,2026-08-23
C-ITIF-RB-2022-ELECTRIC-VEHICLE-INNOVATION-TO-ACCELERATE-MORE-EQUITABLE-EARLY-ADOPTION,C-ITIF-RB-2022-ELECTRIC-VEHICLE-INNOVATION-TO-ACCELERATE-MORE-EQUITABLE-EARLY-ADOPTION,2022-06-27,Clean and Just: Electric Vehicle Innovation to Accelerate More Equitable Early Adoption,Reports & Briefings,核心,否,https://itif.org/publications/2022/06/27/electric-vehicle-innovation-to-accelerate-more-equitable-early-adoption/,Rapid adoption of electric vehicles by low-income and disadvantaged populations is necessary for decarbonization. Innovative products and business models are emerging that accelerate such adoption. Supportive policies should extend these innovations and amplify their benefits.,ITIF官方Reports & Briefings目录元数据,总目录保留；科技创新机制、中国比较或跨期节点进入全文层,2026-08-23
C-ITIF-RB-2022-OCED-OBSERVATORY-NEWSLETTER-ISSUE-1-HYDROGEN-HUB-PROTOTYPES-ARE-EMERGING,C-ITIF-RB-2022-OCED-OBSERVATORY-NEWSLETTER-ISSUE-1-HYDROGEN-HUB-PROTOTYPES-ARE-EMERGING,2022-06-30,"OCED Observatory Newsletter, Issue 1: Hydrogen Hub Prototypes Are Emerging",Reports & Briefings,支撑,否,https://itif.org/publications/2022/06/30/oced-observatory-newsletter-issue-1-hydrogen-hub-prototypes-are-emerging/,"Emerging hydrogen hub prototypes are demonstrating significant differences as they emerge, including variations in leadership models, organization, rollout plans, systemic focus, and sources of power, to name a few.",ITIF官方Reports & Briefings目录元数据,总目录保留；科技创新机制、中国比较或跨期节点进入全文层,2026-08-23
C-ITIF-RB-2022-SPECTRUM-SHARING-HOLY-GRAIL-OR-FALSE-HOPE,C-ITIF-RB-2022-SPECTRUM-SHARING-HOLY-GRAIL-OR-FALSE-HOPE,2022-07-05,Spectrum Sharing: Holy Grail or False Hope?,Reports & Briefings,支撑,否,https://itif.org/publications/2022/07/05/spectrum-sharing-holy-grail-or-false-hope/,"To some, spectrum sharing is an innovative necessity. To others, it is a recipe for wasting valuable bandwidth. The truth is more nuanced. The spectrum-sharing landscape is marked with promising ideas and technologies that require further investment to be generalizable solutions.",ITIF官方Reports & Briefings目录元数据,总目录保留；科技创新机制、中国比较或跨期节点进入全文层,2026-08-23
C-ITIF-RB-2022-APPLES-VS-ORANGES-WHY-PROVIDING-BROADBAND-IN-THE-UNITED-STATES-COSTS-MORE-THAN-IN-EUROPE,C-ITIF-RB-2022-APPLES-VS-ORANGES-WHY-PROVIDING-BROADBAND-IN-THE-UNITED-STATES-COSTS-MORE-THAN-IN-EUROPE,2022-07-11,Apples vs. Oranges: Why Providing Broadband in the United States Costs More Than in Europe,Reports & Briefings,支撑,否,https://itif.org/publications/2022/07/11/apples-vs-oranges-why-providing-broadband-in-the-united-states-costs-more-than-in-europe/,"Comparisons between U.S. and European broadband prices abound, but their respective markets are built on such entirely different cost structures as to make any comparison between the two meaningless without accounting for the differences in necessary expenditures.",ITIF官方Reports & Briefings目录元数据,总目录保留；科技创新机制、中国比较或跨期节点进入全文层,2026-08-23
C-ITIF-RB-2022-BEST-PRACTICES-TO-COMBAT-ONLINE-SALE-OF-COUNTERFEITS-IN-THE-EU-AND-US,C-ITIF-RB-2022-BEST-PRACTICES-TO-COMBAT-ONLINE-SALE-OF-COUNTERFEITS-IN-THE-EU-AND-US,2022-07-13,Best Practices to Combat Online Sale of Counterfeits in the EU and US,Reports & Briefings,语境,否,https://itif.org/publications/2022/07/13/best-practices-to-combat-online-sale-of-counterfeits-in-the-eu-and-us/,"As policymakers worldwide explore new anti-counterfeiting measures in their regions, a consensus is emerging in the United States and the EU on best practices for e-commerce platforms to combat online sales of counterfeit goods.",ITIF官方Reports & Briefings目录元数据,总目录保留；科技创新机制、中国比较或跨期节点进入全文层,2026-08-23
C-ITIF-RB-2022-IS-THE-UNITED-STATES-REALLY-ONE-OF-THE-MOST-COMPETITIVE-ECONOMIES-IN-THE-WORLD-NO,C-ITIF-RB-2022-IS-THE-UNITED-STATES-REALLY-ONE-OF-THE-MOST-COMPETITIVE-ECONOMIES-IN-THE-WORLD-NO,2022-07-18,Is the United States Really One of the Most Competitive Economies in the World? No.,Reports & Briefings,语境,否,https://itif.org/publications/2022/07/18/is-the-united-states-really-one-of-the-most-competitive-economies-in-the-world-no/,"The United States has consistently ranked near the top of international competitiveness rankings. But these reports are largely meaningless in measuring actual international competitiveness, providing policymakers a false sense of optimism about America’s position.",ITIF官方Reports & Briefings目录元数据,总目录保留；科技创新机制、中国比较或跨期节点进入全文层,2026-08-23
C-ITIF-RB-2022-INDUSTRY-UNIVERSITY-PARTNERSHIPS-TO-CREATE-AI-UNIVERSITIES,C-ITIF-RB-2022-INDUSTRY-UNIVERSITY-PARTNERSHIPS-TO-CREATE-AI-UNIVERSITIES,2022-07-19,Industry-University Partnerships to Create AI Universities: A Model to Spur US Innovation and Competitiveness in AI,Reports & Briefings,核心,否,https://itif.org/publications/2022/07/19/industry-university-partnerships-to-create-ai-universities/,A collaboration between the University of Florida and NVIDIA provides five lessons for effective industry-university partnerships.,ITIF官方Reports & Briefings目录元数据,已进入精选全文；按本地原始资产、文本和切片调用,2026-08-23
C-ITIF-RB-2022-HOW-JAPAN-SQUANDERED-ITS-BIOPHARMACEUTICAL-COMPETITIVENESS-A-CAUTIONARY-TALE,C-ITIF-RB-2022-HOW-JAPAN-SQUANDERED-ITS-BIOPHARMACEUTICAL-COMPETITIVENESS-A-CAUTIONARY-TALE,2022-07-25,How Japan Squandered Its Biopharmaceutical Competitiveness: A Cautionary Tale,Reports & Briefings,核心,否,https://itif.org/publications/2022/07/25/how-japan-squandered-its-biopharmaceutical-competitiveness-a-cautionary-tale/,"Stringent drug price controls have significantly hampered the competitive and innovative capacity of Japan’s biopharmaceutical industry in recent decades, serving as a warning for U.S. policymakers considering introducing Medicare Part D drug price controls in 2022.",ITIF官方Reports & Briefings目录元数据,总目录保留；科技创新机制、中国比较或跨期节点进入全文层,2026-08-23
C-ITIF-RB-2022-US-AI-POLICY-REPORT-CARD,C-ITIF-RB-2022-US-AI-POLICY-REPORT-CARD,2022-07-27,US AI Policy Report Card,Reports & Briefings,核心,否,https://itif.org/publications/2022/07/27/us-ai-policy-report-card/,"The 117th Congress was the most AI-focused congressional session in history with 130 AI bills proposed, so it is a good moment to take stock of U.S. AI policy accomplishments to date and identify areas where there is room for continued progress.",ITIF官方Reports & Briefings目录元数据,总目录保留；科技创新机制、中国比较或跨期节点进入全文层,2026-08-23
C-ITIF-RB-2022-FOUNDATION-FOR-ENERGY-SECURITY-AND-INNOVATION,C-ITIF-RB-2022-FOUNDATION-FOR-ENERGY-SECURITY-AND-INNOVATION,2022-08-02,"The Foundation for Energy Security and Innovation: A Flexible New Tool to Build the Economy, Strengthen Science, and Fight Climate Change",Reports & Briefings,核心,否,https://itif.org/publications/2022/08/02/foundation-for-energy-security-and-innovation/,"In July 2022, Congress authorized DOE to establish and collaborate closely with a new non-profit Foundation for Energy Security and Innovation (FESI), an idea that the Center developed over the previous five years. ITIF is working to ensure that FESI gets off to a fast start and contributes to DOE’s vital missions right away.",ITIF官方Reports & Briefings目录元数据,已进入精选全文；按本地原始资产、文本和切片调用,2026-08-23
C-ITIF-RB-2022-MAINTAINING-A-LIGHT-TOUCH-APPROACH-TO-DATA-PROTECTION-IN-THE-UNITED-STATES,C-ITIF-RB-2022-MAINTAINING-A-LIGHT-TOUCH-APPROACH-TO-DATA-PROTECTION-IN-THE-UNITED-STATES,2022-08-08,Maintaining a Light-Touch Approach to Data Protection in the United States,Reports & Briefings,核心,否,https://itif.org/publications/2022/08/08/maintaining-a-light-touch-approach-to-data-protection-in-the-united-states/,"Data privacy regulations impose significant costs on businesses and the economy. Effective, targeted federal legislation would address actual privacy harms while reducing costs that hinder productivity and innovation.",ITIF官方Reports & Briefings目录元数据,总目录保留；科技创新机制、中国比较或跨期节点进入全文层,2026-08-23
C-ITIF-RB-2022-MISSION-MONEY-AND-PROCESS-MAKEOVER-HOW-FEDERAL-PROCUREMENT-CAN-CATALYZE-CLEAN-ENERGY-INVESTMENT-AND-,C-ITIF-RB-2022-MISSION-MONEY-AND-PROCESS-MAKEOVER-HOW-FEDERAL-PROCUREMENT-CAN-CATALYZE-CLEAN-ENERGY-INVESTMENT-AND-,2022-08-15,"Mission, Money, and Process Makeover: How Federal Procurement Can Catalyze Clean Energy Investment and Innovation",Reports & Briefings,核心,否,https://itif.org/publications/2022/08/15/mission-money-and-process-makeover-how-federal-procurement-can-catalyze-clean-energy-investment-and-innovation/,"Using federal procurement to advance sustainable energy goals has had only limited success in the past. To break the pattern, the White House needs a plan that aligns with agency missions, is adequately funded, and fixes perverse budget and procurement rules.",ITIF官方Reports & Briefings目录元数据,总目录保留；科技创新机制、中国比较或跨期节点进入全文层,2026-08-23
C-ITIF-RB-2022-CLOSING-THE-DATA-DIVIDE-FOR-A-MORE-EQUITABLE-US-DIGITAL-ECONOMY,C-ITIF-RB-2022-CLOSING-THE-DATA-DIVIDE-FOR-A-MORE-EQUITABLE-US-DIGITAL-ECONOMY,2022-08-22,Closing the Data Divide for a More Equitable US Digital Economy,Reports & Briefings,语境,否,https://itif.org/publications/2022/08/22/closing-the-data-divide-for-a-more-equitable-us-digital-economy/,"In the United States, access to many public and private services, including those in the financial, educational, and health care sectors, are intricately linked to data. But adequate data is not collected equitably from all Americans.",ITIF官方Reports & Briefings目录元数据,总目录保留；科技创新机制、中国比较或跨期节点进入全文层,2026-08-23
C-ITIF-RB-2022-PRIORITIES-FOR-DEPARTMENT-ENERGY-BUILDING-RDD-PORTFOLIO,C-ITIF-RB-2022-PRIORITIES-FOR-DEPARTMENT-ENERGY-BUILDING-RDD-PORTFOLIO,2022-08-22,Closing the Gap: Priorities for the U.S. Department of Energy’s Building RD&D Portfolio,Reports & Briefings,语境,否,https://itif.org/publications/2022/08/22/priorities-for-department-energy-building-rdd-portfolio/,"The building sector is not on track to reach net-zero emissions by 2050. Federal RD&D investments have been disproportionately low, while national strategies that address the key hurdles of decarbonizing the building sector have been lacking.",ITIF官方Reports & Briefings目录元数据,总目录保留；科技创新机制、中国比较或跨期节点进入全文层,2026-08-23
C-ITIF-RB-2022-DIGITAL-MARKETS-ACT-A-TRIUMPH-OF-REGULATION-OVER-INNOVATION,C-ITIF-RB-2022-DIGITAL-MARKETS-ACT-A-TRIUMPH-OF-REGULATION-OVER-INNOVATION,2022-08-24,The Digital Markets Act: A Triumph of Regulation Over Innovation,Reports & Briefings,核心,否,https://itif.org/publications/2022/08/24/digital-markets-act-a-triumph-of-regulation-over-innovation/,"The Digital Markets Act presents three fundamental challenges as it nears adoption: First, it will increase regulatory fragmentation. Second, its disproportionate blanket obligations and prohibitions will be economically detrimental and legally controversial. Third, it will be difficult to implement, as some of its provisions clash with other European regulations.",ITIF官方Reports & Briefings目录元数据,总目录保留；科技创新机制、中国比较或跨期节点进入全文层,2026-08-23
C-ITIF-RB-2022-REFORMING-THE-UK-ONLINE-SAFETY-BILL-TO-PROTECT-LEGAL-FREE-EXPRESSION-AND-ANONYMITY,C-ITIF-RB-2022-REFORMING-THE-UK-ONLINE-SAFETY-BILL-TO-PROTECT-LEGAL-FREE-EXPRESSION-AND-ANONYMITY,2022-08-29,Reforming the UK Online Safety Bill to Protect Legal Free Expression and Anonymity,Reports & Briefings,语境,否,https://itif.org/publications/2022/08/29/reforming-the-uk-online-safety-bill-to-protect-legal-free-expression-and-anonymity/,"The Online Safety Bill’s loose definition of what constitutes “legal but harmful” content, overbroad scope, and general legislative overreach encroach on the civil liberties of all users—not just those in the United Kingdom.",ITIF官方Reports & Briefings目录元数据,总目录保留；科技创新机制、中国比较或跨期节点进入全文层,2026-08-23
C-ITIF-RB-2022-SCHUMPETERIAN-TAKES-PENDING-ANTITRUST-BILLS,C-ITIF-RB-2022-SCHUMPETERIAN-TAKES-PENDING-ANTITRUST-BILLS,2022-08-31,Schumpeterian Takes on Pending Antitrust Bills in the 117th Congress,Reports & Briefings,核心,否,https://itif.org/publications/2022/08/31/schumpeterian-takes-pending-antitrust-bills/,"Instead of promoting competitive digital markets for the benefit of consumers, many of the techlash-driven proposals advancing in the House and Senate would inhibit innovation and skew competition to the detriment of the digital economy and consumers alike.",ITIF官方Reports & Briefings目录元数据,总目录保留；科技创新机制、中国比较或跨期节点进入全文层,2026-08-23
C-ITIF-RB-2022-FIVE-PRINCIPLES-FOR-SPECTRUM-POLICY-A-PRIMER-FOR-POLICYMAKERS,C-ITIF-RB-2022-FIVE-PRINCIPLES-FOR-SPECTRUM-POLICY-A-PRIMER-FOR-POLICYMAKERS,2022-09-06,Five Principles for Spectrum Policy: A Primer for Policymakers,Reports & Briefings,支撑,否,https://itif.org/publications/2022/09/06/five-principles-for-spectrum-policy-a-primer-for-policymakers/,"Spectrum policy takes engineering and technical realities as inputs to a decision-making process that is driven by normative principles. While many competing principles have had their heyday, these five are enduring guides to making spectrum work in the public interest.",ITIF官方Reports & Briefings目录元数据,总目录保留；科技创新机制、中国比较或跨期节点进入全文层,2026-08-23
C-ITIF-RB-2022-HIGH-PERFORMANCE-COMPUTING-LEADERSHIP-IN-AN-EXASCALE-ERA,C-ITIF-RB-2022-HIGH-PERFORMANCE-COMPUTING-LEADERSHIP-IN-AN-EXASCALE-ERA,2022-09-12,A New Frontier: Sustaining U.S. High-Performance Computing Leadership in an Exascale Era,Reports & Briefings,语境,否,https://itif.org/publications/2022/09/12/high-performance-computing-leadership-in-an-exascale-era/,"Continued leadership in high-performance computing (HPC) as it enters the exascale era remains a key pillar of U.S. industrial competitiveness, economic power, and national security readiness. Policymakers need to sustain investments in HPC applications, infrastructure, and skills to keep America at the leading edge.",ITIF官方Reports & Briefings目录元数据,总目录保留；科技创新机制、中国比较或跨期节点进入全文层,2026-08-23
C-ITIF-RB-2022-HOW-POLICYMAKERS-CAN-THWART-RISE-OF-FAKE-REVIEWS,C-ITIF-RB-2022-HOW-POLICYMAKERS-CAN-THWART-RISE-OF-FAKE-REVIEWS,2022-09-12,How Policymakers Can Thwart the Rise of Fake Reviews,Reports & Briefings,语境,否,https://itif.org/publications/2022/09/12/how-policymakers-can-thwart-rise-of-fake-reviews/,"As businesses compete for customers in the digital economy, some use deceptive tactics to manipulate consumer reviews about their goods or services, or those of their competitors, including by posting fake reviews. These fake reviews can damage honest companies’ reputation and deceive consumers into purchasing goods or services of substandard quality.",ITIF官方Reports & Briefings目录元数据,总目录保留；科技创新机制、中国比较或跨期节点进入全文层,2026-08-23
C-ITIF-RB-2022-HYDROGEN-HUBS-CONUNDRUM-HOW-TO-FUND-AN-ECOSYSTEM,C-ITIF-RB-2022-HYDROGEN-HUBS-CONUNDRUM-HOW-TO-FUND-AN-ECOSYSTEM,2022-09-12,The Hydrogen Hubs Conundrum: How to Fund an Ecosystem,Reports & Briefings,支撑,否,https://itif.org/publications/2022/09/12/hydrogen-hubs-conundrum-how-to-fund-an-ecosystem/,"Recent federal legislation provides $8 billion to develop at least four hydrogen hubs, but little guidance. DOE should focus its funding on the capital costs of hydrogen production and infrastructure, while generally eschewing operating expenses and support for end users.",ITIF官方Reports & Briefings目录元数据,总目录保留；科技创新机制、中国比较或跨期节点进入全文层,2026-08-23
C-ITIF-RB-2022-HOW-THE-EU-IS-USING-TECHNOLOGY-STANDARDS-AS-A-PROTECTIONIST-TOOL,C-ITIF-RB-2022-HOW-THE-EU-IS-USING-TECHNOLOGY-STANDARDS-AS-A-PROTECTIONIST-TOOL,2022-09-19,How the EU Is Using Technology Standards as a Protectionist Tool In Its Quest for Cybersovereignty,Reports & Briefings,支撑,否,https://itif.org/publications/2022/09/19/how-the-eu-is-using-technology-standards-as-a-protectionist-tool/,"Europe professes to want greater transatlantic digital cooperation, yet it is systemically excluding U.S. firms from participating in its technical standards-setting processes. A real transatlantic digital alliance requires real EU-U.S. cooperation on technical standards.",ITIF官方Reports & Briefings目录元数据,总目录保留；科技创新机制、中国比较或跨期节点进入全文层,2026-08-23
C-ITIF-RB-2022-HOW-THE-IT-SECTOR-POWERS-THE-US-ECONOMY,C-ITIF-RB-2022-HOW-THE-IT-SECTOR-POWERS-THE-US-ECONOMY,2022-09-19,How the IT Sector Powers the US Economy,Reports & Briefings,语境,否,https://itif.org/publications/2022/09/19/how-the-it-sector-powers-the-us-economy/,"The information technology (IT) sector makes an outsized contribution to the U.S. economy as a leading exporter that creates high-paying jobs, including for non-college-educated workers, while producing highly innovative products and services that drive broad-based growth, counteract inflation, and improve people’s quality of life.",ITIF官方Reports & Briefings目录元数据,总目录保留；科技创新机制、中国比较或跨期节点进入全文层,2026-08-23
C-ITIF-RB-2022-OCED-OBSERVATORY-NEWSLETTER-ISSUE-2-HYDROGEN-HUBS-PICK-UP-STEAM-ABROAD,C-ITIF-RB-2022-OCED-OBSERVATORY-NEWSLETTER-ISSUE-2-HYDROGEN-HUBS-PICK-UP-STEAM-ABROAD,2022-09-21,"OCED Observatory Newsletter, Issue 2: Hydrogen Hubs Pick Up Steam Abroad",Reports & Briefings,语境,否,https://itif.org/publications/2022/09/21/oced-observatory-newsletter-issue-2-hydrogen-hubs-pick-up-steam-abroad/,"This has been a period of relative quiet for hydrogen hubs in the United States—except of course for the passage of the Inflation Reduction Act, which includes a tax credit for hydrogen production—but the international scene has been much more active.",ITIF官方Reports & Briefings目录元数据,总目录保留；科技创新机制、中国比较或跨期节点进入全文层,2026-08-23
C-ITIF-RB-2022-HYDROGEN-HUBS-SELECTION-DEVELOPING-AN-EFFECTIVE-TRANSPARENT-FAIR-AND-TIMELY-PROCESS,C-ITIF-RB-2022-HYDROGEN-HUBS-SELECTION-DEVELOPING-AN-EFFECTIVE-TRANSPARENT-FAIR-AND-TIMELY-PROCESS,2022-09-26,"Hydrogen Hubs Selection: Developing an Effective, Transparent, Fair, and Timely Process",Reports & Briefings,核心,否,https://itif.org/publications/2022/09/26/hydrogen-hubs-selection-developing-an-effective-transparent-fair-and-timely-process/,"The federal hydrogen hubs program will be perceived as a bellwether for U.S. clean energy innovation policy writ large. As such, its process for selecting winning proposals must not only be effective, but also fair, transparent, and timely.",ITIF官方Reports & Briefings目录元数据,总目录保留；科技创新机制、中国比较或跨期节点进入全文层,2026-08-23
C-ITIF-RB-2022-WHY-WE-SHOULD-STOP-WORRYING-AND-LEARN-TO-LOVE-SPECTRUM-WINDFALLS,C-ITIF-RB-2022-WHY-WE-SHOULD-STOP-WORRYING-AND-LEARN-TO-LOVE-SPECTRUM-WINDFALLS,2022-09-26,Why We Should Stop Worrying and Learn to Love Spectrum Windfalls,Reports & Briefings,支撑,否,https://itif.org/publications/2022/09/26/why-we-should-stop-worrying-and-learn-to-love-spectrum-windfalls/,"Many attempts to increase the flexibility of wireless spectrum rights meet objections that the method of reallocation will result in a windfall for corporate license holders. Far from being objectionable, however, allowing windfalls in spectrum reallocation creates virtuous incentives.",ITIF官方Reports & Briefings目录元数据,总目录保留；科技创新机制、中国比较或跨期节点进入全文层,2026-08-23
C-ITIF-RB-2022-DECARBONIZING-THE-CHEMICAL-INDUSTRY-POLICY-INSIGHTS-FROM-A-CASE-STUDY-OF-PVC,C-ITIF-RB-2022-DECARBONIZING-THE-CHEMICAL-INDUSTRY-POLICY-INSIGHTS-FROM-A-CASE-STUDY-OF-PVC,2022-10-03,Decarbonizing the Chemical Industry: Policy Insights From a Case Study of PVC,Reports & Briefings,语境,否,https://itif.org/publications/2022/10/03/decarbonizing-the-chemical-industry-policy-insights-from-a-case-study-of-pvc/,A recent first-of-its-kind study of the value chain for polyvinyl chloride production in the United States provides valuable insights into the types and sequencing of policies that will be required to decarbonize chemical production.,ITIF官方Reports & Briefings目录元数据,总目录保留；科技创新机制、中国比较或跨期节点进入全文层,2026-08-23
C-ITIF-RB-2022-THE-PROCESS-OF-CREATIVE-DESTRUCTION-ILLUSTRATED-THE-US-RETAIL-INDUSTRY,C-ITIF-RB-2022-THE-PROCESS-OF-CREATIVE-DESTRUCTION-ILLUSTRATED-THE-US-RETAIL-INDUSTRY,2022-10-03,"The Process of Creative Destruction, Illustrated: The US Retail Industry",Reports & Briefings,核心,否,https://itif.org/publications/2022/10/03/the-process-of-creative-destruction-illustrated-the-us-retail-industry/,"The process of “creative destruction,” whereby new technologies and business models displace old ones, is key to growth and innovation. The evolution of the retail industry illustrates why it is beneficial and sheds light on the pitfalls of current legislative and regulatory efforts to limit it.",ITIF官方Reports & Briefings目录元数据,总目录保留；科技创新机制、中国比较或跨期节点进入全文层,2026-08-23
C-ITIF-RB-2022-HOW-TO-ADDRESS-POLITICAL-SPEECH-ON-SOCIAL-MEDIA-IN-THE-UNITED-STATES,C-ITIF-RB-2022-HOW-TO-ADDRESS-POLITICAL-SPEECH-ON-SOCIAL-MEDIA-IN-THE-UNITED-STATES,2022-10-11,How to Address Political Speech on Social Media in the United States,Reports & Briefings,语境,否,https://itif.org/publications/2022/10/11/how-to-address-political-speech-on-social-media-in-the-united-states/,"Policymakers could improve content moderation on social media by building international consensus on content moderation guidelines, providing more resources to address state-sponsored disinformation, and increasing transparency in content moderation decisions.",ITIF官方Reports & Briefings目录元数据,总目录保留；科技创新机制、中国比较或跨期节点进入全文层,2026-08-23
C-ITIF-RB-2022-CLIMATE-TECH-TO-WATCH-SUSTAINABLE-AVIATION-FUEL,C-ITIF-RB-2022-CLIMATE-TECH-TO-WATCH-SUSTAINABLE-AVIATION-FUEL,2022-10-17,Climate-Tech to Watch: Sustainable Aviation Fuel,Reports & Briefings,语境,否,https://itif.org/publications/2022/10/17/climate-tech-to-watch-sustainable-aviation-fuel/,"Sustainable aviation fuel (SAF) will play the most significant role in meeting President Biden’s goal of a zero-carbon aviation sector by 2050, but significant progress must be made to scale up production and bring down costs.",ITIF官方Reports & Briefings目录元数据,总目录保留；科技创新机制、中国比较或跨期节点进入全文层,2026-08-23
C-ITIF-RB-2022-FEDERAL-HISP-DIGITAL-CUSTOMER-EXPERIENCE,C-ITIF-RB-2022-FEDERAL-HISP-DIGITAL-CUSTOMER-EXPERIENCE,2022-10-24,"With Customer Satisfaction at a New Low, Federal Agencies Still Fail to Measure It Well or Provide Enough Digital Services",Reports & Briefings,语境,否,https://itif.org/publications/2022/10/24/federal-hisp-digital-customer-experience/,"The Biden administration has made improving customer experience (CX) a top priority for federal agencies. That hinges on providing robust digital services. But agencies are behind in digital adoption, and they don’t do enough to measure CX via digital platforms, much less to improve.",ITIF官方Reports & Briefings目录元数据,总目录保留；科技创新机制、中国比较或跨期节点进入全文层,2026-08-23
C-ITIF-RB-2022-OCED-OBSERVATORY-NEWSLETTER-ISSUE-3-HYDROGEN-HUBS-SCRAMBLE-TO-MEET-DEADLINE,C-ITIF-RB-2022-OCED-OBSERVATORY-NEWSLETTER-ISSUE-3-HYDROGEN-HUBS-SCRAMBLE-TO-MEET-DEADLINE,2022-10-27,"OCED Observatory Newsletter, Issue 3: Hydrogen Hubs Scramble to Meet Deadline",Reports & Briefings,语境,否,https://itif.org/publications/2022/10/27/oced-observatory-newsletter-issue-3-hydrogen-hubs-scramble-to-meet-deadline/,"The emerging hydrogen hubs are scrambling to meet the tight deadlines imposed by DOE for H2Hubs applications with the white paper due Nov 7. Meanwhile, some strong new hub contenders have emerged, and the potential impact of IRA hydrogen production subsidies also came into focus.",ITIF官方Reports & Briefings目录元数据,总目录保留；科技创新机制、中国比较或跨期节点进入全文层,2026-08-23
C-ITIF-RB-2022-CONSUMERS-ARE-THE-ONES-WHO-END-UP-PAYING-FOR-SENDING-PARTY-PAYS-MANDATES,C-ITIF-RB-2022-CONSUMERS-ARE-THE-ONES-WHO-END-UP-PAYING-FOR-SENDING-PARTY-PAYS-MANDATES,2022-11-07,Consumers Are the Ones Who End Up Paying for Sending-Party-Pays Mandates,Reports & Briefings,支撑,否,https://itif.org/publications/2022/11/07/consumers-are-the-ones-who-end-up-paying-for-sending-party-pays-mandates/,"Policymakers in some nations want edge companies such as Netflix to pay a larger share of broadband infrastructure costs. These “sending-party-pays” policies would harm Internet users, disproportionately tax U.S. tech companies, and fail to deliver infrastructure improvements.",ITIF官方Reports & Briefings目录元数据,总目录保留；科技创新机制、中国比较或跨期节点进入全文层,2026-08-23
C-ITIF-RB-2022-THE-EFFECT-OF-INTERNATIONAL-PROPOSALS-FOR-MONITORING-OBLIGATIONS-ON-END-TO-END-ENCRYPTION,C-ITIF-RB-2022-THE-EFFECT-OF-INTERNATIONAL-PROPOSALS-FOR-MONITORING-OBLIGATIONS-ON-END-TO-END-ENCRYPTION,2022-11-14,The Effect of International Proposals for Monitoring Obligations on End-To-End Encryption,Reports & Briefings,语境,否,https://itif.org/publications/2022/11/14/the-effect-of-international-proposals-for-monitoring-obligations-on-end-to-end-encryption/,"European and U.S. policymakers have proposed imposing monitoring obligations on Internet intermediaries to improve online safety. Despite their best efforts, these proposals risk undermining users’ privacy by eliminating the use of end-to-end encryption. Therefore, policymakers should not pursue them.",ITIF官方Reports & Briefings目录元数据,总目录保留；科技创新机制、中国比较或跨期节点进入全文层,2026-08-23
C-ITIF-RB-2022-THE-TRANSATLANTIC-SUBNATIONAL-INNOVATION-COMPETITIVENESS-INDEX,C-ITIF-RB-2022-THE-TRANSATLANTIC-SUBNATIONAL-INNOVATION-COMPETITIVENESS-INDEX,2022-11-14,The Transatlantic Subnational Innovation Competitiveness Index,Reports & Briefings,核心,否,https://itif.org/publications/2022/11/14/the-transatlantic-subnational-innovation-competitiveness-index/,"Innovation ecosystems are increasingly complex and diverse, but there are common markers of core strength. In this report, the Information Technology and Innovation Foundation, the German Economic Institute, the Institute for Competitiveness, and the Macdonald-Laurier Institute benchmark 96 states and regions across Germany, Italy, the United States, and Canada.",ITIF官方Reports & Briefings目录元数据,总目录保留；科技创新机制、中国比较或跨期节点进入全文层,2026-08-23
C-ITIF-RB-2022-THE-TRANSATLANTIC-SUBNATIONAL-INNOVATION-COMPETITIVENESS-INDEX-DATA-VISUALIZATION,C-ITIF-RB-2022-THE-TRANSATLANTIC-SUBNATIONAL-INNOVATION-COMPETITIVENESS-INDEX-DATA-VISUALIZATION,2022-11-14,The Transatlantic Subnational Innovation Competitiveness Index: Data Visualization,Reports & Briefings,核心,否,https://itif.org/publications/2022/11/14/the-transatlantic-subnational-innovation-competitiveness-index-data-visualization/,"Innovation ecosystems are increasingly complex and diverse, but there are common markers of core strength. This visualization benchmarks 96 states and regions across Germany, Italy, the United States, and Canada.",ITIF官方Reports & Briefings目录元数据,总目录保留；科技创新机制、中国比较或跨期节点进入全文层,2026-08-23
C-ITIF-RB-2022-HOW-TO-MITIGATE-THE-DAMAGE-FROM-CHINAS-UNFAIR-TRADE-PRACTICES,C-ITIF-RB-2022-HOW-TO-MITIGATE-THE-DAMAGE-FROM-CHINAS-UNFAIR-TRADE-PRACTICES,2022-11-21,How to Mitigate the Damage From China’s Unfair Trade Practices by Giving USITC Power to Make Them Less Profitable,Reports & Briefings,语境,是,https://itif.org/publications/2022/11/21/how-to-mitigate-the-damage-from-chinas-unfair-trade-practices/,Section 337 of the 1930 Tariff Act allows the U.S. International Trade Commission (USITC) to bar imports when domestic industries suffer harm due to unfair competition. Congress should expand the law to better address the unfair trade practices China uses to capture market share in advanced industries at America’s expense.,ITIF官方Reports & Briefings目录元数据,总目录保留；科技创新机制、中国比较或跨期节点进入全文层,2026-08-23
C-ITIF-RB-2022-WHY-CONGRESS-SHOULD-RESTORE-FULL-EXPENSING,C-ITIF-RB-2022-WHY-CONGRESS-SHOULD-RESTORE-FULL-EXPENSING,2022-11-28,Why Congress Should Restore Full Expensing for Investments in Equipment and Research and Development,Reports & Briefings,核心,否,https://itif.org/publications/2022/11/28/why-congress-should-restore-full-expensing/,"The tax law allowing firms to fully expense their research and development (R&D) costs expired at the end of 2021, and full expensing of equipment costs will begin phasing out in 2023. This decreases firms’ incentive to invest in these key drivers of economic growth and competitiveness. Congress should restore and make permanent full expensing for these investments.",ITIF官方Reports & Briefings目录元数据,总目录保留；科技创新机制、中国比较或跨期节点进入全文层,2026-08-23
C-ITIF-RB-2022-HISTORY-SHOWS-HOW-PRIVATE-LABELS-AND-SELF-PREFERENCING-HELP-CONSUMERS,C-ITIF-RB-2022-HISTORY-SHOWS-HOW-PRIVATE-LABELS-AND-SELF-PREFERENCING-HELP-CONSUMERS,2022-11-30,History Shows How Private Labels and Self-Preferencing Help Consumers,Reports & Briefings,语境,否,https://itif.org/publications/2022/11/30/history-shows-how-private-labels-and-self-preferencing-help-consumers/,Private label products have been important for consumers and the economy since the 19th century because retailers can sell them at lower prices with greater efficiency than brand-name alternatives. Legislation that prevents retailers from putting their own products front and center—either online or on store shelves—would jeopardize those benefits.,ITIF官方Reports & Briefings目录元数据,总目录保留；科技创新机制、中国比较或跨期节点进入全文层,2026-08-23
C-ITIF-RB-2022-FIXING-TELEHEALTH-ADVERTISING-AND-SERVICES-TO-PREVENT-STIMULANT-MISUSE,C-ITIF-RB-2022-FIXING-TELEHEALTH-ADVERTISING-AND-SERVICES-TO-PREVENT-STIMULANT-MISUSE,2022-12-05,Click Here for Adderall: Fixing Telehealth Advertising and Services To Prevent Stimulant Misuse,Reports & Briefings,语境,否,https://itif.org/publications/2022/12/05/fixing-telehealth-advertising-and-services-to-prevent-stimulant-misuse/,"Policymakers should both make permanent many of the COVID-19 era policies that allow medical providers to see patients remotely and enact provisions allowing for the practice of telemedicine over state lines. However, policymakers should also take further steps to ensure that telehealth providers offer and abide by the same standard of care as in-person treatment.",ITIF官方Reports & Briefings目录元数据,总目录保留；科技创新机制、中国比较或跨期节点进入全文层,2026-08-23
C-ITIF-RB-2022-STATE-OF-US-BROADBAND-IN-2022-REASSESSING-THE-WHOLE-PICTURE,C-ITIF-RB-2022-STATE-OF-US-BROADBAND-IN-2022-REASSESSING-THE-WHOLE-PICTURE,2022-12-05,The State of US Broadband in 2022: Reassessing the Whole Picture,Reports & Briefings,支撑,否,https://itif.org/publications/2022/12/05/state-of-us-broadband-in-2022-reassessing-the-whole-picture/,"In absolute terms, the United States is among the world’s leaders in deploying fast broadband, and it does so at competitive prices. But there is room for improvement on broadband adoption.",ITIF官方Reports & Briefings目录元数据,总目录保留；科技创新机制、中国比较或跨期节点进入全文层,2026-08-23
C-ITIF-RB-2022-HOW-POLICYMAKERS-CAN-PREVENT-GIFT-CARD-SCAMS,C-ITIF-RB-2022-HOW-POLICYMAKERS-CAN-PREVENT-GIFT-CARD-SCAMS,2022-12-12,How Policymakers Can Prevent Gift Card Scams,Reports & Briefings,语境,否,https://itif.org/publications/2022/12/12/how-policymakers-can-prevent-gift-card-scams/,"Gift card scams are on the rise. Scammers have relied on predatory tactics, emotional stories, and product tampering to steal nearly $450 million from unsuspecting Americans in the last three years alone, and the trend shows little signs of slowing.",ITIF官方Reports & Briefings目录元数据,总目录保留；科技创新机制、中国比较或跨期节点进入全文层,2026-08-23
C-ITIF-RB-2022-THE-COST-OF-DATA-LOCALIZATION-POLICIES-IN-BANGLADESH-HONG-KONG-INDONESIA-PAKISTAN-AND-VIETNAM,C-ITIF-RB-2022-THE-COST-OF-DATA-LOCALIZATION-POLICIES-IN-BANGLADESH-HONG-KONG-INDONESIA-PAKISTAN-AND-VIETNAM,2022-12-12,"The Cost of Data Localization Policies in Bangladesh, Hong Kong, Indonesia, Pakistan, and Vietnam",Reports & Briefings,语境,否,https://itif.org/publications/2022/12/12/the-cost-of-data-localization-policies-in-bangladesh-hong-kong-indonesia-pakistan-and-vietnam/,"Restrictive data policies coming into effect in Bangladesh, Hong Kong, Indonesia, Pakistan, and Vietnam will measurably increase import costs and reduce trade volumes, undermining the broader economic role of data. Policymakers should change course or else be left behind in the race for digital development.",ITIF官方Reports & Briefings目录元数据,总目录保留；科技创新机制、中国比较或跨期节点进入全文层,2026-08-23
C-ITIF-RB-2022-ITIF-OCED-OBSERVATORY-NEWSLETTER-ISSUE-4-HYDROGEN-SECTOR-ACTIVITY-RAMPS-UP,C-ITIF-RB-2022-ITIF-OCED-OBSERVATORY-NEWSLETTER-ISSUE-4-HYDROGEN-SECTOR-ACTIVITY-RAMPS-UP,2022-12-14,"OCED Observatory Newsletter, Issue 4: Hydrogen Sector Activity Ramps Up",Reports & Briefings,语境,否,https://itif.org/publications/2022/12/14/itif-oced-observatory-newsletter-issue-4-hydrogen-sector-activity-ramps-up/,"Activity in the hydrogen sector continues to ramp up, as more governments jostle to offer subsidies and incentives. In the U.S., the deadline for concept paper submission to DOE for the H2Hubs program has passed and many credible hubs are emerging.",ITIF官方Reports & Briefings目录元数据,总目录保留；科技创新机制、中国比较或跨期节点进入全文层,2026-08-23
C-ITIF-RB-2023-POLICE-TECH-EXPLORING-THE-OPPORTUNITIES-AND-FACT-CHECKING-THE-CRITICISMS,C-ITIF-RB-2023-POLICE-TECH-EXPLORING-THE-OPPORTUNITIES-AND-FACT-CHECKING-THE-CRITICISMS,2023-01-09,Police Tech: Exploring the Opportunities and Fact-Checking the Criticisms,Reports & Briefings,语境,否,https://itif.org/publications/2023/01/09/police-tech-exploring-the-opportunities-and-fact-checking-the-criticisms/,"Police tech could transform the way law enforcement operates, reducing crime and saving lives. Policymakers should focus on advancing adoption while enacting regulations to maximize the benefits and minimize the risks of police tech.",ITIF官方Reports & Briefings目录元数据,总目录保留；科技创新机制、中国比较或跨期节点进入全文层,2026-08-23
C-ITIF-RB-2023-BROADBAND-MYTHS-IS-US-BROADBAND-SERVICE-SLOW,C-ITIF-RB-2023-BROADBAND-MYTHS-IS-US-BROADBAND-SERVICE-SLOW,2023-01-11,Broadband Myths: Is U.S. Broadband Service Slow?,Reports & Briefings,支撑,否,https://itif.org/publications/2023/01/11/broadband-myths-is-us-broadband-service-slow/,"Critics argue U.S. broadband speeds are slow and the country’s broadband system overall is poor, but U.S. speeds actually are fast and outpace everyday demands. Focusing too much attention on speed simply diverts resources that otherwise could be used to close the digital divide.",ITIF官方Reports & Briefings目录元数据,总目录保留；科技创新机制、中国比较或跨期节点进入全文层,2026-08-23
C-ITIF-RB-2023-USER-SAFETY-IN-AR-VR-PROTECTING-ADULTS,C-ITIF-RB-2023-USER-SAFETY-IN-AR-VR-PROTECTING-ADULTS,2023-01-17,User Safety in AR/VR: Protecting Adults,Reports & Briefings,核心,否,https://itif.org/publications/2023/01/17/user-safety-in-ar-vr-protecting-adults/,Policymakers should empower metaverse platforms to develop innovative tools and solutions to address safety issues and ensure AR/VR products and services don’t harm users. Overly prescriptive regulation risks stifling the progress of those innovations.,ITIF官方Reports & Briefings目录元数据,总目录保留；科技创新机制、中国比较或跨期节点进入全文层,2026-08-23
C-ITIF-RB-2023-OOPS-IT-TURNS-OUT-AGGRESSIVE-ANTITRUST-WOULD-INCREASE-BUSINESS-LOBBYING,C-ITIF-RB-2023-OOPS-IT-TURNS-OUT-AGGRESSIVE-ANTITRUST-WOULD-INCREASE-BUSINESS-LOBBYING,2023-01-18,Oops! It Turns Out Aggressive Antitrust Would Increase Business Lobbying,Reports & Briefings,语境,否,https://itif.org/publications/2023/01/18/oops-it-turns-out-aggressive-antitrust-would-increase-business-lobbying/,The common refrain that big business wields disproportionate political power is overblown. Lobbying data indicates that large firms spend relatively less on lobbying than do smaller firms.,ITIF官方Reports & Briefings目录元数据,总目录保留；科技创新机制、中国比较或跨期节点进入全文层,2026-08-23
C-ITIF-2023-WAKE-UP-AMERICA-CHINA-IS-OVERTAKING-THE-UNITED-STATES-IN-INNOVATION-CAPACITY,C-ITIF-2023-WAKE-UP-AMERICA-CHINA-IS-OVERTAKING-THE-UNITED-STATES-IN-INNOVATION-CAPACITY,2023-01-23,"Wake Up, America: China Is Overtaking the United States in Innovation Capacity",Reports & Briefings,核心,是,https://itif.org/publications/2023/01/23/wake-up-america-china-is-overtaking-the-united-states-in-innovation-capacity/,"Based on key indicators of innovation and advanced-industry performance, China has surpassed the United States in total innovation output and is getting close on a proportional basis. To regain its leadership, the United States must respond more strategically and forcefully.",ITIF官方Reports & Briefings目录元数据,总目录保留；科技创新机制、中国比较或跨期节点进入全文层,2026-08-23
C-ITIF-RB-2023-HOW-OFF-LABEL-USE-OF-MEDICINES-DRIVES-HEALTH-CARE-USE-AND-DISABILITY,C-ITIF-RB-2023-HOW-OFF-LABEL-USE-OF-MEDICINES-DRIVES-HEALTH-CARE-USE-AND-DISABILITY,2023-01-25,How Off-Label Use of Medicines Drives Health-Care Use and Disability,Reports & Briefings,核心,否,https://itif.org/publications/2023/01/25/how-off-label-use-of-medicines-drives-health-care-use-and-disability/,Peer-reviewed research finds that pharmaceutical innovation provides direct and indirect benefits for health-care use and disability.,ITIF官方Reports & Briefings目录元数据,总目录保留；科技创新机制、中国比较或跨期节点进入全文层,2026-08-23
C-ITIF-RB-2023-SIX-WAYS-TO-ALIGN-INCENTIVES-TO-MAKE-BETTER-USE-OF-THE-AIRWAVES,C-ITIF-RB-2023-SIX-WAYS-TO-ALIGN-INCENTIVES-TO-MAKE-BETTER-USE-OF-THE-AIRWAVES,2023-01-30,Building on Uncle Sam’s “Beachfront” Spectrum: Six Ways to Align Incentives to Make Better Use of the Airwaves,Reports & Briefings,支撑,否,https://itif.org/publications/2023/01/30/six-ways-to-align-incentives-to-make-better-use-of-the-airwaves/,"The federal government controls large swaths of the electromagnetic spectrum, but the current system for managing it lacks effective ways to incentivize agencies to use it efficiently. Congress and the Biden administration should promote good stewardship of spectrum and better enable it to power both federal missions and the commercial wireless ecosystem.",ITIF官方Reports & Briefings目录元数据,总目录保留；科技创新机制、中国比较或跨期节点进入全文层,2026-08-23
C-ITIF-RB-2023-THE-AI-ACT-SHOULD-BE-TECHNOLOGY-NEUTRAL,C-ITIF-RB-2023-THE-AI-ACT-SHOULD-BE-TECHNOLOGY-NEUTRAL,2023-02-01,The AI Act Should Be Technology-Neutral,Reports & Briefings,核心,否,https://itif.org/publications/2023/02/01/the-ai-act-should-be-technology-neutral/,"The AI Act’s broad definition of AI penalizes technologies that do not pose novel risks. To resolve this, policymakers should revise the definition of AI to only apply to specific AI approaches that create significant challenges.",ITIF官方Reports & Briefings目录元数据,总目录保留；科技创新机制、中国比较或跨期节点进入全文层,2026-08-23
C-ITIF-RB-2023-TEN-PRINCIPLES-FOR-REGULATION-THAT-DOES-NOT-HARM-AI-INNOVATION,C-ITIF-RB-2023-TEN-PRINCIPLES-FOR-REGULATION-THAT-DOES-NOT-HARM-AI-INNOVATION,2023-02-08,Ten Principles for Regulation That Does Not Harm AI Innovation,Reports & Briefings,核心,否,https://itif.org/publications/2023/02/08/ten-principles-for-regulation-that-does-not-harm-ai-innovation/,"Concerns about artificial intelligence have prompted policymakers to propose a variety of laws and regulations to create “responsible AI.” Unfortunately, many proposals would likely harm AI innovation because few have considered what “responsible regulation of AI” entails.",ITIF官方Reports & Briefings目录元数据,总目录保留；科技创新机制、中国比较或跨期节点进入全文层,2026-08-23
C-ITIF-RB-2023-THE-CASE-FOR-IMMERSIVE-TECH-IN-APPRENTICESHIP-PROGRAMS,C-ITIF-RB-2023-THE-CASE-FOR-IMMERSIVE-TECH-IN-APPRENTICESHIP-PROGRAMS,2023-02-13,The Case for Immersive Tech in Apprenticeship Programs,Reports & Briefings,语境,否,https://itif.org/publications/2023/02/13/the-case-for-immersive-tech-in-apprenticeship-programs/,Immersive technologies have already proved to be useful in supplementing classroom education and on-the-job training. Those successes underscore how implementing the technology can bolster the effectiveness of apprenticeship programs in the United States.,ITIF官方Reports & Briefings目录元数据,总目录保留；科技创新机制、中国比较或跨期节点进入全文层,2026-08-23
C-ITIF-RB-2023-ESTIMATED-STATE-LEVEL-EMPLOYMENT-IMPACT-OF-ENHANCING-FEDERAL-R-AND-D-TAX-INCENTIVES,C-ITIF-RB-2023-ESTIMATED-STATE-LEVEL-EMPLOYMENT-IMPACT-OF-ENHANCING-FEDERAL-R-AND-D-TAX-INCENTIVES,2023-02-15,Estimated State-Level Employment Impact of Enhancing Federal R&D Tax Incentives,Reports & Briefings,核心,否,https://itif.org/publications/2023/02/15/estimated-state-level-employment-impact-of-enhancing-federal-r-and-d-tax-incentives/,Tax incentives for research and development (R&D) in America are less generous than in comparable countries—and now prevent firms from expensing the full value of R&D investments in the first year. Enhancing R&D tax incentives would create high-paying jobs across the country.,ITIF官方Reports & Briefings目录元数据,总目录保留；科技创新机制、中国比较或跨期节点进入全文层,2026-08-23
C-ITIF-RB-2023-CLIMATE-TECH-TO-WATCH-HYDROGEN-POWERED-AVIATION,C-ITIF-RB-2023-CLIMATE-TECH-TO-WATCH-HYDROGEN-POWERED-AVIATION,2023-02-21,Climate-Tech to Watch: Hydrogen-Powered Aviation,Reports & Briefings,语境,否,https://itif.org/publications/2023/02/21/climate-tech-to-watch-hydrogen-powered-aviation/,"Policymakers and the aviation industry see hydrogen as a promising low-carbon fuel for aviation. But to make hydrogen-powered flight a reality, they first need to bring down the cost of green hydrogen and overcome aircraft design challenges.",ITIF官方Reports & Briefings目录元数据,总目录保留；科技创新机制、中国比较或跨期节点进入全文层,2026-08-23
C-ITIF-RB-2023-FILLING-GAPS-IN-US-SPECTRUM-ALLOCATION-REFORMS-FOR-COLLABORATIVE-MANAGEMENT,C-ITIF-RB-2023-FILLING-GAPS-IN-US-SPECTRUM-ALLOCATION-REFORMS-FOR-COLLABORATIVE-MANAGEMENT,2023-02-27,Filling Gaps in US Spectrum Allocation: Reforms for Collaborative Management,Reports & Briefings,支撑,否,https://itif.org/publications/2023/02/27/filling-gaps-in-us-spectrum-allocation-reforms-for-collaborative-management/,"Interrelated gaps and failures in the process and policies used to efficiently allocate spectrum demand comprehensive reform. To prevent future failures, policymakers must improve device performance, increase data gathering and sharing, and clarify the spectrum allocation process.",ITIF官方Reports & Briefings目录元数据,总目录保留；科技创新机制、中国比较或跨期节点进入全文层,2026-08-23
C-ITIF-RB-2023-FLAWED-ANALYSIS-UNDERLYING-CALLS-FOR-ANTITRUST-REFORM-REVISITING-LINA-KHANS-AMAZONS-ANTITRUST-PARADO,C-ITIF-RB-2023-FLAWED-ANALYSIS-UNDERLYING-CALLS-FOR-ANTITRUST-REFORM-REVISITING-LINA-KHANS-AMAZONS-ANTITRUST-PARADO,2023-03-01,The Flawed Analysis Underlying Calls for Antitrust Reform: Revisiting Lina Khan’s “Amazon’s Antitrust Paradox”,Reports & Briefings,语境,否,https://itif.org/publications/2023/03/01/flawed-analysis-underlying-calls-for-antitrust-reform-revisiting-lina-khans-amazons-antitrust-paradox/,"In the 2017 law journal article that established her reputation, now FTC Chair Lina Khan ignored or misapplied the economics of two-sided markets, mischaracterized competitive conditions, and did not consider the pro-competitive effects of Amazon’s conduct.",ITIF官方Reports & Briefings目录元数据,总目录保留；科技创新机制、中国比较或跨期节点进入全文层,2026-08-23
C-ITIF-RB-2023-OCED-OBSERVATORY-NEWSLETTER-ISSUE-5-H2HUB-COMPETITION-NARROWS,C-ITIF-RB-2023-OCED-OBSERVATORY-NEWSLETTER-ISSUE-5-H2HUB-COMPETITION-NARROWS,2023-03-03,"OCED Observatory Newsletter, Issue 5: H2Hub Competition Narrows",Reports & Briefings,语境,否,https://itif.org/publications/2023/03/03/oced-observatory-newsletter-issue-5-h2hub-competition-narrows/,DOE has received 79 applications for hydrogen hubs (H2Hubs) funding and recommended that 33 submit a full proposal. This edition of the newsletter also includes two special sections: a review of major hydrogen investments and the outlook of European hydrogen efforts.,ITIF官方Reports & Briefings目录元数据,总目录保留；科技创新机制、中国比较或跨期节点进入全文层,2026-08-23
C-ITIF-RB-2023-BALANCING-PRIVACY-AND-INNOVATION-IN-SMART-CITIES-AND-COMMUNITIES,C-ITIF-RB-2023-BALANCING-PRIVACY-AND-INNOVATION-IN-SMART-CITIES-AND-COMMUNITIES,2023-03-06,Balancing Privacy and Innovation in Smart Cities and Communities,Reports & Briefings,核心,否,https://itif.org/publications/2023/03/06/balancing-privacy-and-innovation-in-smart-cities-and-communities/,"Smart city technology could modernize local government services and improve residents’ quality of life. To reap these benefits and maintain public trust, cities and communities need to balance the interests of innovation and privacy.",ITIF官方Reports & Briefings目录元数据,总目录保留；科技创新机制、中国比较或跨期节点进入全文层,2026-08-23
C-ITIF-RB-2023-PLATFORMS-ARE-THE-NEW-ORGANIZATIONAL-PARADIGM,C-ITIF-RB-2023-PLATFORMS-ARE-THE-NEW-ORGANIZATIONAL-PARADIGM,2023-03-13,Platforms Are the New Organizational Paradigm,Reports & Briefings,语境,否,https://itif.org/publications/2023/03/13/platforms-are-the-new-organizational-paradigm/,"Just as there was opposition to the corporate economy in the early 1900s, there is opposition to the platform economy today. But limiting “platformization” would have considerable long-lasting economic costs for the nation and consumers.",ITIF官方Reports & Briefings目录元数据,总目录保留；科技创新机制、中国比较或跨期节点进入全文层,2026-08-23
C-ITIF-RB-2023-CRITICS-OF-GENERATIVE-AI-ARE-WORRYING-ABOUT-THE-WRONG-IP-ISSUES,C-ITIF-RB-2023-CRITICS-OF-GENERATIVE-AI-ARE-WORRYING-ABOUT-THE-WRONG-IP-ISSUES,2023-03-20,Critics of Generative AI Are Worrying About the Wrong IP Issues,Reports & Briefings,核心,否,https://itif.org/publications/2023/03/20/critics-of-generative-ai-are-worrying-about-the-wrong-ip-issues/,Critics argue developers of generative AI systems such as ChatGPT and DALL-E have unfairly trained their models on copyrighted works. Those concerns are misguided.,ITIF官方Reports & Briefings目录元数据,总目录保留；科技创新机制、中国比较或跨期节点进入全文层,2026-08-23
C-ITIF-RB-2023-ECONOMICS-OF-BIOPHARMACEUTICAL-INNOVATION-SYMPOSIUM-REPORT,C-ITIF-RB-2023-ECONOMICS-OF-BIOPHARMACEUTICAL-INNOVATION-SYMPOSIUM-REPORT,2023-03-20,The Economics of Biopharmaceutical Innovation: Symposium Report,Reports & Briefings,核心,否,https://itif.org/publications/2023/03/20/economics-of-biopharmaceutical-innovation-symposium-report/,Investments in biopharmaceutical innovation and expenditures on medicines themselves both produce tremendous societal returns. Maintaining the robust innovation ecosystem necessary to capitalize on these benefits requires the right mix of “push” and “pull” incentives.,ITIF官方Reports & Briefings目录元数据,总目录保留；科技创新机制、中国比较或跨期节点进入全文层,2026-08-23
C-ITIF-RB-2023-WHAT-KIND-OF-INDUSTRIAL-POLICY-PROGRESSIVE-OR-HAMILTONIAN,C-ITIF-RB-2023-WHAT-KIND-OF-INDUSTRIAL-POLICY-PROGRESSIVE-OR-HAMILTONIAN,2023-03-20,What Kind of Industrial Policy: Progressive or Hamiltonian?,Reports & Briefings,语境,是,https://itif.org/publications/2023/03/20/what-kind-of-industrial-policy-progressive-or-hamiltonian/,"Progressives want to replace neoliberalism with green-equity-focused industrial policy, which would make America poorer and weaker. Washington should instead adopt a Hamiltonian agenda to win the global competition for advanced industry leadership, especially versus China.",ITIF官方Reports & Briefings目录元数据,总目录保留；科技创新机制、中国比较或跨期节点进入全文层,2026-08-23
C-ITIF-RB-2023-EUROPES-CLOUD-SECURITY-REGIME-SHOULD-FOCUS-ON-TECHNOLOGY-NOT-NATIONALITY,C-ITIF-RB-2023-EUROPES-CLOUD-SECURITY-REGIME-SHOULD-FOCUS-ON-TECHNOLOGY-NOT-NATIONALITY,2023-03-27,"Europe’s Cloud Security Regime Should Focus on Technology, Not Nationality",Reports & Briefings,语境,是,https://itif.org/publications/2023/03/27/europes-cloud-security-regime-should-focus-on-technology-not-nationality/,"The EU’s new cloud cybersecurity regime should focus on good security practices, as the U.S. FedRAMP regime does. Emulating China’s protectionist focus on firm nationality is a bad security practice that weakens transatlantic influence over cybersecurity issues globally.",ITIF官方Reports & Briefings目录元数据,总目录保留；科技创新机制、中国比较或跨期节点进入全文层,2026-08-23
C-ITIF-RB-2023-SCHUMPETER-IS-RIGHT-BRANDEIS-IS-WRONG-LARGE-RETAILERS-BENEFIT-THE-ECONOMY,C-ITIF-RB-2023-SCHUMPETER-IS-RIGHT-BRANDEIS-IS-WRONG-LARGE-RETAILERS-BENEFIT-THE-ECONOMY,2023-04-10,"Schumpeter Is Right, Brandeis Is Wrong: Large Retailers Benefit the Economy More Than Small Retailers",Reports & Briefings,语境,否,https://itif.org/publications/2023/04/10/schumpeter-is-right-brandeis-is-wrong-large-retailers-benefit-the-economy/,"Large retail companies are more productive than small retailers. That is why they can offer better prices to consumers, pay higher wages to their employees, and contribute more to the overall economy—which puts the lie to the neo-Brandeisian argument that “big is bad.”",ITIF官方Reports & Briefings目录元数据,总目录保留；科技创新机制、中国比较或跨期节点进入全文层,2026-08-23
C-ITIF-RB-2023-CLIMATE-TECH-TO-WATCH-GREEN-AMMONIA,C-ITIF-RB-2023-CLIMATE-TECH-TO-WATCH-GREEN-AMMONIA,2023-04-17,Climate-Tech to Watch: Green Ammonia,Reports & Briefings,语境,否,https://itif.org/publications/2023/04/17/climate-tech-to-watch-green-ammonia/,"Green ammonia has attracted plenty of recent attention. The technology is promising, but cost reductions, demonstrations, infrastructure, and market growth are all still needed if it is to realize its potential.",ITIF官方Reports & Briefings目录元数据,总目录保留；科技创新机制、中国比较或跨期节点进入全文层,2026-08-23
C-ITIF-RB-2023-ITS-CRITICAL-TO-PRIORITIZE-COMMERCIAL-AND-MARKET-READINESS-FOR-H2HUBS,C-ITIF-RB-2023-ITS-CRITICAL-TO-PRIORITIZE-COMMERCIAL-AND-MARKET-READINESS-FOR-H2HUBS,2023-04-17,It’s Critical to Prioritize Commercial and Market Readiness for H2Hubs,Reports & Briefings,支撑,否,https://itif.org/publications/2023/04/17/its-critical-to-prioritize-commercial-and-market-readiness-for-h2hubs/,Effectively managing the Energy Department’s hydrogen hubs program in the face of formidable challenges will be vital for the success of developing hydrogen-based economic ecosystems.,ITIF官方Reports & Briefings目录元数据,总目录保留；科技创新机制、中国比较或跨期节点进入全文层,2026-08-23
C-ITIF-RB-2023-NFTS-US-POLICIES-AND-PRIORITIES-IN-2023,C-ITIF-RB-2023-NFTS-US-POLICIES-AND-PRIORITIES-IN-2023,2023-04-24,NFTs: US Policies and Priorities in 2023,Reports & Briefings,核心,否,https://itif.org/publications/2023/04/24/nfts-us-policies-and-priorities-in-2023/,"Non-fungible tokens, or NFTs, offer unique policy challenges. While the United States has taken some important steps to address the potential risks and benefits of the technology, there is more policymakers can do to protect consumers while encouraging innovation.",ITIF官方Reports & Briefings目录元数据,总目录保留；科技创新机制、中国比较或跨期节点进入全文层,2026-08-23
C-ITIF-RB-2023-SHORT-CIRCUITED-ELECTRICAL-ENGINEERING-DEGREES-IN-THE-UNITED-STATES,C-ITIF-RB-2023-SHORT-CIRCUITED-ELECTRICAL-ENGINEERING-DEGREES-IN-THE-UNITED-STATES,2023-04-24,Short Circuited: Electrical Engineering Degrees in the United States,Reports & Briefings,核心,否,https://itif.org/publications/2023/04/24/short-circuited-electrical-engineering-degrees-in-the-united-states/,"Innovation in electrical engineering (EE) powers the U.S. economy, yet the share of students graduating with EE degrees has declined. This reduces EE innovation and production in the United States. Congress should act.",ITIF官方Reports & Briefings目录元数据,总目录保留；科技创新机制、中国比较或跨期节点进入全文层,2026-08-23
C-ITIF-RB-2023-TECH-PANICS-GENERATIVE-AI-AND-THE-NEED-FOR-REGULATORY-CAUTION,C-ITIF-RB-2023-TECH-PANICS-GENERATIVE-AI-AND-THE-NEED-FOR-REGULATORY-CAUTION,2023-05-01,"Tech Panics, Generative AI, and the Need for Regulatory Caution",Reports & Briefings,核心,否,https://itif.org/publications/2023/05/01/tech-panics-generative-ai-and-the-need-for-regulatory-caution/,"Exaggerated and misleading concerns about generative artificial intelligence have crowded out reasonable discussion about the technology, generating a familiar, yet unfortunate, “tech panic.”",ITIF官方Reports & Briefings目录元数据,总目录保留；科技创新机制、中国比较或跨期节点进入全文层,2026-08-23
C-ITIF-RB-2023-THE-DIGITAL-INCLUSION-OUTLOOK-WHAT-IT-LOOKS-LIKE-AND-WHERE-ITS-LACKING,C-ITIF-RB-2023-THE-DIGITAL-INCLUSION-OUTLOOK-WHAT-IT-LOOKS-LIKE-AND-WHERE-ITS-LACKING,2023-05-01,The Digital Inclusion Outlook: What It Looks Like and Where It’s Lacking,Reports & Briefings,语境,否,https://itif.org/publications/2023/05/01/the-digital-inclusion-outlook-what-it-looks-like-and-where-its-lacking/,"Achieving digital inclusion requires a comprehensive understanding of the digital divide and standardized methods for addressing related topics such as reasons for nonadoption and digital illiteracy—but in getting people online, individualized approaches are the way to go.",ITIF官方Reports & Briefings目录元数据,总目录保留；科技创新机制、中国比较或跨期节点进入全文层,2026-08-23
C-ITIF-RB-2023-MERGER-GUIDELINES-MUST-DO-MORE-TO-SUPPORT-PRODUCTIVITY-INNOVATION-GLOBAL-COMPETITIVENESS,C-ITIF-RB-2023-MERGER-GUIDELINES-MUST-DO-MORE-TO-SUPPORT-PRODUCTIVITY-INNOVATION-GLOBAL-COMPETITIVENESS,2023-05-03,"Why Merger Guidelines Must Do More to Support Productivity, Innovation, and Global Competitiveness",Reports & Briefings,核心,否,https://itif.org/publications/2023/05/03/merger-guidelines-must-do-more-to-support-productivity-innovation-global-competitiveness/,"Antitrust authorities want to revise merger guidelines based on dubious theories of potential harm that fail to recognize how many mergers foster innovation, productivity, and U.S. global competitiveness. New merger guidelines should better account for these considerations.",ITIF官方Reports & Briefings目录元数据,总目录保留；科技创新机制、中国比较或跨期节点进入全文层,2026-08-23
C-ITIF-RB-2023-DIGITAL-EQUITY-2-HOW-TO-CLOSE-THE-DATA-DIVIDE,C-ITIF-RB-2023-DIGITAL-EQUITY-2-HOW-TO-CLOSE-THE-DATA-DIVIDE,2023-05-08,Digital Equity 2.0: How to Close the Data Divide,Reports & Briefings,语境,否,https://itif.org/publications/2023/05/08/digital-equity-2-how-to-close-the-data-divide/,"Unlike the digital divide, many ignore the data divide or argue that the way to close it is to collect vastly less data. But without substantial efforts to increase data representation and access, certain individuals and communities will be left behind in an increasingly data-driven world.",ITIF官方Reports & Briefings目录元数据,总目录保留；科技创新机制、中国比较或跨期节点进入全文层,2026-08-23
C-ITIF-RB-2023-TRANSFORMING-GLOBAL-TRADE-AND-DEVELOPMENT-WITH-DIGITAL-TECHNOLOGIES,C-ITIF-RB-2023-TRANSFORMING-GLOBAL-TRADE-AND-DEVELOPMENT-WITH-DIGITAL-TECHNOLOGIES,2023-05-08,Transforming Global Trade and Development With Digital Technologies,Reports & Briefings,语境,否,https://itif.org/publications/2023/05/08/transforming-global-trade-and-development-with-digital-technologies/,"Digital technologies have transformed global commerce and raised living standards. By better aligning global trade rules to foster growth in digital technologies, economic and social benefits can be widely distributed.",ITIF官方Reports & Briefings目录元数据,总目录保留；科技创新机制、中国比较或跨期节点进入全文层,2026-08-23
C-ITIF-RB-2023-THE-GREAT-REVEALING-TAKING-COMPETITION-IN-AMERICA-AND-EUROPE-SERIOUSLY,C-ITIF-RB-2023-THE-GREAT-REVEALING-TAKING-COMPETITION-IN-AMERICA-AND-EUROPE-SERIOUSLY,2023-05-15,The Great Revealing: Taking Competition in America and Europe Seriously,Reports & Briefings,核心,否,https://itif.org/publications/2023/05/15/the-great-revealing-taking-competition-in-america-and-europe-seriously/,"With its provocative claim that America now has less economic competition than the EU, Thomas Philippon’s book The Great Reversal has become a bible for neo-Brandeisians. But reports of the death of competition in America are highly exaggerated: While U.S. antitrust remains effective, EU competition policy has failed to stimulate innovation, productivity, or growth.",ITIF官方Reports & Briefings目录元数据,总目录保留；科技创新机制、中国比较或跨期节点进入全文层,2026-08-23
C-ITIF-RB-2023-ENERGIZING-INNOVATION-FY24,C-ITIF-RB-2023-ENERGIZING-INNOVATION-FY24,2023-05-22,Energizing Innovation in Fiscal Year 2024,Reports & Briefings,核心,否,https://itif.org/publications/2023/05/22/energizing-innovation-fy24/,"The FY 2024 budget request, if met, could maintain bipartisan momentum for clean energy innovation. Congress should support that innovation to foster domestic clean energy industries that can compete globally, minimize foreign dependencies, and address climate change.",ITIF官方Reports & Briefings目录元数据,总目录保留；科技创新机制、中国比较或跨期节点进入全文层,2026-08-23
C-ITIF-RB-2023-HOW-TO-RESTORE-LIMITING-PRINCIPLES-FOR-UNFAIR-METHODS-OF-COMPETITION-IN-ANTITRUST-LAW,C-ITIF-RB-2023-HOW-TO-RESTORE-LIMITING-PRINCIPLES-FOR-UNFAIR-METHODS-OF-COMPETITION-IN-ANTITRUST-LAW,2023-05-30,How to Restore Limiting Principles for “Unfair Methods of Competition” in Antitrust Law,Reports & Briefings,语境,否,https://itif.org/publications/2023/05/30/how-to-restore-limiting-principles-for-unfair-methods-of-competition-in-antitrust-law/,The FTC has granted itself the power to bring antitrust enforcement actions based on amorphous and politically motivated ideas of “fairness.” There should instead be a uniform standard for what constitutes fairness in both consumer protection and competition policy.,ITIF官方Reports & Briefings目录元数据,总目录保留；科技创新机制、中国比较或跨期节点进入全文层,2026-08-23
C-ITIF-RB-2023-REVIVING-AND-REIMAGINING-THE-FEDERAL-DATA-STRATEGY-FOR-MISSION-SUCCESS,C-ITIF-RB-2023-REVIVING-AND-REIMAGINING-THE-FEDERAL-DATA-STRATEGY-FOR-MISSION-SUCCESS,2023-06-05,Reviving and Reimagining the Federal Data Strategy for Mission Success,Reports & Briefings,语境,否,https://itif.org/publications/2023/06/05/reviving-and-reimagining-the-federal-data-strategy-for-mission-success/,The Federal Data Strategy suffers from a lack of leadership and fails to link its well-defined principles and practices to government-wide and agency-level missions. The Biden administration must revive and reimagine it in order to succeed in transforming the federal government into a 21st century organization.,ITIF官方Reports & Briefings目录元数据,总目录保留；科技创新机制、中国比较或跨期节点进入全文层,2026-08-23
C-ITIF-RB-2023-CLIMATE-TECH-TO-WATCH-CLEAN-STEEL,C-ITIF-RB-2023-CLIMATE-TECH-TO-WATCH-CLEAN-STEEL,2023-06-07,Climate-Tech to Watch: Clean Steel,Reports & Briefings,语境,否,https://itif.org/publications/2023/06/07/climate-tech-to-watch-clean-steel/,"Lower carbon steel is vital to the energy transition. It’s a long journey to decarbonize steel, and with competition being fierce, supportive RD&D and trade policies will be vital to success.",ITIF官方Reports & Briefings目录元数据,总目录保留；科技创新机制、中国比较或跨期节点进入全文层,2026-08-23
C-ITIF-RB-2023-LOSING-THE-LEAD-WHY-UNITED-STATES-MUST-REASSERT-ITSELF-AS-GLOBAL-CHAMPION-FOR-ROBUST-IP-RIGHTS,C-ITIF-RB-2023-LOSING-THE-LEAD-WHY-UNITED-STATES-MUST-REASSERT-ITSELF-AS-GLOBAL-CHAMPION-FOR-ROBUST-IP-RIGHTS,2023-06-12,Losing the Lead: Why the United States Must Reassert Itself as a Global Champion for Robust IP Rights,Reports & Briefings,核心,否,https://itif.org/publications/2023/06/12/losing-the-lead-why-united-states-must-reassert-itself-as-global-champion-for-robust-ip-rights/,"Arguments for weakening IP rights have been gaining traction in the United States to enable a redistribution agenda. But spurring U.S. competitiveness, supporting American jobs, and advancing innovation will require the federal government to step up its game in defense of a more robust global IP regime.",ITIF官方Reports & Briefings目录元数据,总目录保留；科技创新机制、中国比较或跨期节点进入全文层,2026-08-23
C-ITIF-RB-2023-CLOSING-THE-TRUCKING-GAPS-PRIORITIES-FOR-THE-DEPARTMENT-OF-ENERGYS-RD-AND-D-PORTFOLIO,C-ITIF-RB-2023-CLOSING-THE-TRUCKING-GAPS-PRIORITIES-FOR-THE-DEPARTMENT-OF-ENERGYS-RD-AND-D-PORTFOLIO,2023-06-20,Closing the Trucking Gaps: Priorities for the Department of Energy’s RD&D Portfolio,Reports & Briefings,语境,否,https://itif.org/publications/2023/06/20/closing-the-trucking-gaps-priorities-for-the-department-of-energys-rd-and-d-portfolio/,Transitioning heavy-duty trucks to net-zero emissions is an important yet formidable challenge. Expanded RD&D support is needed to meet emission goals at price-performance parity.,ITIF官方Reports & Briefings目录元数据,总目录保留；科技创新机制、中国比较或跨期节点进入全文层,2026-08-23
C-ITIF-RB-2023-INDIA-SEMICONDUCTOR-READINESS-ASSESSMENT,C-ITIF-RB-2023-INDIA-SEMICONDUCTOR-READINESS-ASSESSMENT,2023-06-22,India Semiconductor Readiness Assessment Report: Initial Findings,Reports & Briefings,核心,否,https://itif.org/publications/2023/06/22/india-semiconductor-readiness-assessment/,"While India brings significant strengths to the semiconductor manufacturing ecosystem, it can become a strong global player by further addressing investment barriers such as the business environment, customs and tariffs, taxation, and infrastructure.",ITIF官方Reports & Briefings目录元数据,总目录保留；科技创新机制、中国比较或跨期节点进入全文层,2026-08-23
C-ITIF-RB-2023-POLICYMAKERS-SHOULD-SUPPORT-ROBOTIC-AUTOMATION-TO-SOLVE-PRODUCTIVITY-CRUNCH-IN-LOGISTICS,C-ITIF-RB-2023-POLICYMAKERS-SHOULD-SUPPORT-ROBOTIC-AUTOMATION-TO-SOLVE-PRODUCTIVITY-CRUNCH-IN-LOGISTICS,2023-06-26,Why Policymakers Should Support Robotic Automation to Solve the Productivity Crunch in Logistics Facilities,Reports & Briefings,核心,否,https://itif.org/publications/2023/06/26/policymakers-should-support-robotic-automation-to-solve-productivity-crunch-in-logistics/,"As consumers continue to buy more goods online, logistics facilities will face greater demand to deliver goods across the country in a timely manner. Policymakers should promote robotic adoption and innovation to improve labor productivity, worker safety, delivery times, and supply chain resiliency.",ITIF官方Reports & Briefings目录元数据,总目录保留；科技创新机制、中国比较或跨期节点进入全文层,2026-08-23
C-ITIF-RB-2023-INNOVATION-AMPLIFIERS-GETTING-MORE-BANG-FOR-THE-BUCK-ON-GHG-REDUCTIONS,C-ITIF-RB-2023-INNOVATION-AMPLIFIERS-GETTING-MORE-BANG-FOR-THE-BUCK-ON-GHG-REDUCTIONS,2023-07-05,Innovation Amplifiers: Getting More Bang for the Buck on GHG Reductions,Reports & Briefings,核心,否,https://itif.org/publications/2023/07/05/innovation-amplifiers-getting-more-bang-for-the-buck-on-ghg-reductions/,The pace of GHG reductions needs to greatly accelerate. Recent investments are a great start but are not sufficient. We need to amplify the current investments to achieve clean energy as the norm and improve competitiveness.,ITIF官方Reports & Briefings目录元数据,总目录保留；科技创新机制、中国比较或跨期节点进入全文层,2026-08-23
C-ITIF-RB-2023-BEYOND-FORCE-A-REALIST-PATHWAY-THROUGH-THE-GREEN-TRANSITION,C-ITIF-RB-2023-BEYOND-FORCE-A-REALIST-PATHWAY-THROUGH-THE-GREEN-TRANSITION,2023-07-10,Beyond Force: A Realist Pathway Through the Green Transition,Reports & Briefings,核心,否,https://itif.org/publications/2023/07/10/beyond-force-a-realist-pathway-through-the-green-transition/,"Trying to force adoption of clean energy with subsidies, regulations, and exhortations will fail. The only realistic way to spur the green transition is to develop clean technologies that can reach effective price and performance parity with dirty ones. Then markets will adopt them at scale.",ITIF官方Reports & Briefings目录元数据,总目录保留；科技创新机制、中国比较或跨期节点进入全文层,2026-08-23
C-ITIF-RB-2023-SUSTAIN-AFFORDABLE-CONNECTIVITY-BY-ENDING-OBSOLETE-BROADBAND-PROGRAMS,C-ITIF-RB-2023-SUSTAIN-AFFORDABLE-CONNECTIVITY-BY-ENDING-OBSOLETE-BROADBAND-PROGRAMS,2023-07-17,Sustain Affordable Connectivity By Ending Obsolete Broadband Programs,Reports & Briefings,支撑,否,https://itif.org/publications/2023/07/17/sustain-affordable-connectivity-by-ending-obsolete-broadband-programs/,New broadband funding programs necessitate dramatic reforms to old programs. We should reverse the status quo and sustain the Affordable Connectivity Program by shrinking the redundant hodgepodge of federal broadband programs.,ITIF官方Reports & Briefings目录元数据,总目录保留；科技创新机制、中国比较或跨期节点进入全文层,2026-08-23
C-ITIF-RB-2023-HIDDEN-TOLL-OF-DRUG-PRICE-CONTROLS-FEWER-NEW-TREATMENTS-HIGHER-MEDICAL-COSTS-FOR-WORLD,C-ITIF-RB-2023-HIDDEN-TOLL-OF-DRUG-PRICE-CONTROLS-FEWER-NEW-TREATMENTS-HIGHER-MEDICAL-COSTS-FOR-WORLD,2023-07-17,The Hidden Toll of Drug Price Controls: Fewer New Treatments and Higher Medical Costs for the World,Reports & Briefings,核心,否,https://itif.org/publications/2023/07/17/hidden-toll-of-drug-price-controls-fewer-new-treatments-higher-medical-costs-for-world/,"When nations implement pharmaceutical price controls, they reduce pharmaceutical revenues, which then reduces investments in further R&D, limiting future generations’ access to new novel treatments needed to fight diseases such as cancer, Alzheimer’s, heart disease, and diabetes.",ITIF官方Reports & Briefings目录元数据,总目录保留；科技创新机制、中国比较或跨期节点进入全文层,2026-08-23
C-ITIF-RB-2023-NEC-GETS-IT-WRONG-ON-ROLES-OF-BIG-AND-SMALL-FIRMS-IN-US-INNOVATION,C-ITIF-RB-2023-NEC-GETS-IT-WRONG-ON-ROLES-OF-BIG-AND-SMALL-FIRMS-IN-US-INNOVATION,2023-07-20,The National Economic Council Gets It Wrong on the Roles of Big and Small Firms in U.S. Innovation,Reports & Briefings,核心,否,https://itif.org/publications/2023/07/20/nec-gets-it-wrong-on-roles-of-big-and-small-firms-in-us-innovation/,"A new White House report insinuates that small firms are America’s true innovators. Advancing this narrative makes it easier to advance an anticorporate antitrust agenda, including banning all mergers. However, scholarly studies and data do not support the administration’s premise.",ITIF官方Reports & Briefings目录元数据,总目录保留；科技创新机制、中国比较或跨期节点进入全文层,2026-08-23
C-ITIF-RB-2023-INNOVATION-WARS-HOW-CHINA-IS-GAINING-ON-THE-UNITED-STATES-IN-CORPORATE-RD,C-ITIF-RB-2023-INNOVATION-WARS-HOW-CHINA-IS-GAINING-ON-THE-UNITED-STATES-IN-CORPORATE-RD,2023-07-24,Innovation Wars: How China Is Gaining on the United States in Corporate R&D,Reports & Briefings,核心,是,https://itif.org/publications/2023/07/24/innovation-wars-how-china-is-gaining-on-the-united-states-in-corporate-rd/,"China wants to displace the United States as the world’s leading innovation economy. Business R&D in advanced, traded-sector industries is a key indicator of its progress—and it is catching up rapidly. Congress and U.S. state governments should respond by boosting R&D tax incentives.",ITIF官方Reports & Briefings目录元数据,已进入精选全文；按本地原始资产、文本和切片调用,2026-08-23
C-ITIF-RB-2023-HOW-G7-CAN-USE-DATA-FREE-FLOW-WITH-TRUST-TO-BUILD-GLOBAL-DATA-GOVERNANCE,C-ITIF-RB-2023-HOW-G7-CAN-USE-DATA-FREE-FLOW-WITH-TRUST-TO-BUILD-GLOBAL-DATA-GOVERNANCE,2023-07-27,How the G7 Can Use “Data Free Flow With Trust” to Build Global Data Governance,Reports & Briefings,语境,是,https://itif.org/publications/2023/07/27/how-g7-can-use-data-free-flow-with-trust-to-build-global-data-governance/,"The G7 should develop a pragmatic agenda to bring the “Data Free Flow with Trust” initiative to life. If it doesn’t, building an open, rights-respecting, and innovative global digital economy only gets harder as China and others fill the vacuum from the lack of global digital cooperation.",ITIF官方Reports & Briefings目录元数据,总目录保留；科技创新机制、中国比较或跨期节点进入全文层,2026-08-23
C-ITIF-RB-2023-RESTORING-US-LEADERSHIP-ON-DIGITAL-POLICY,C-ITIF-RB-2023-RESTORING-US-LEADERSHIP-ON-DIGITAL-POLICY,2023-07-31,Restoring US Leadership on Digital Policy,Reports & Briefings,核心,否,https://itif.org/publications/2023/07/31/restoring-us-leadership-on-digital-policy/,"The United States could regain its position as a global leader on digital policy by prioritizing a pro-innovation agenda, cooperating with its allies to advance free trade and democratic values, and pushing back against harmful narratives and policies.",ITIF官方Reports & Briefings目录元数据,总目录保留；科技创新机制、中国比较或跨期节点进入全文层,2026-08-23
C-ITIF-RB-2023-DEVELOPING-AN-RD-STRATEGY-TO-INTEGRATE-IMMERSIVE-LEARNING-INTO-THE-CLASSROOM,C-ITIF-RB-2023-DEVELOPING-AN-RD-STRATEGY-TO-INTEGRATE-IMMERSIVE-LEARNING-INTO-THE-CLASSROOM,2023-08-07,Developing an R&D Strategy to Integrate Immersive Learning Into the Classroom,Reports & Briefings,核心,否,https://itif.org/publications/2023/08/07/developing-an-rd-strategy-to-integrate-immersive-learning-into-the-classroom/,"Introducing immersive technologies into classrooms has the potential to make the U.S. education system more effective. But before these technologies are deployed in schools, the federal government should increase R&D investments in key areas that need further research.",ITIF官方Reports & Briefings目录元数据,总目录保留；科技创新机制、中国比较或跨期节点进入全文层,2026-08-23
C-ITIF-RB-2023-ENABLING-EQUITY-WHY-UNIVERSAL-BROADBAND-ACCESS-RATES-MATTER,C-ITIF-RB-2023-ENABLING-EQUITY-WHY-UNIVERSAL-BROADBAND-ACCESS-RATES-MATTER,2023-08-14,Enabling Equity: Why Universal Broadband Access Rates Matter,Reports & Briefings,支撑,否,https://itif.org/publications/2023/08/14/enabling-equity-why-universal-broadband-access-rates-matter/,"High rates of broadband adoption benefit all of society, yet those who stand to benefit the most are also least likely to be online. Pushing hard for near-universal connectivity is crucial if we want technology to help bridge, rather than widen, existing divides.",ITIF官方Reports & Briefings目录元数据,总目录保留；科技创新机制、中国比较或跨期节点进入全文层,2026-08-23
C-ITIF-RB-2023-PRESERVING-US-BIOPHARMA-LEADERSHIP-WHY-SMALL-RESEARCH-INTENSIVE-FIRMS-MATTER,C-ITIF-RB-2023-PRESERVING-US-BIOPHARMA-LEADERSHIP-WHY-SMALL-RESEARCH-INTENSIVE-FIRMS-MATTER,2023-08-21,"Preserving US Biopharma Leadership: Why Small, Research-Intensive Firms Matter in the US Innovation Ecosystem",Reports & Briefings,核心,否,https://itif.org/publications/2023/08/21/preserving-us-biopharma-leadership-why-small-research-intensive-firms-matter/,"America is home to 85 percent of the world’s small, research-intensive biopharma firms. These start-ups are critical to drug development and U.S. competitiveness. Congress should make targeted changes to tax policy to incentivize them and maintain U.S. biopharma leadership.",ITIF官方Reports & Briefings目录元数据,总目录保留；科技创新机制、中国比较或跨期节点进入全文层,2026-08-23
C-ITIF-RB-2023-COMPARING-DATA-POLICY-PRIORITIES-AROUND-THE-WORLD,C-ITIF-RB-2023-COMPARING-DATA-POLICY-PRIORITIES-AROUND-THE-WORLD,2023-09-05,Comparing Data Policy Priorities Around the World,Reports & Briefings,核心,否,https://itif.org/publications/2023/09/05/comparing-data-policy-priorities-around-the-world/,"Instead of duplicating any one approach, U.S. policymakers should borrow from the menu of options to craft a cohesive, pro-innovation data strategy.",ITIF官方Reports & Briefings目录元数据,总目录保留；科技创新机制、中国比较或跨期节点进入全文层,2026-08-23
C-ITIF-RB-2023-HOW-SKEPTICS-MISCONSTRUE-THE-LINK-BETWEEN-DRUG-PRICES-AND-INNOVATION,C-ITIF-RB-2023-HOW-SKEPTICS-MISCONSTRUE-THE-LINK-BETWEEN-DRUG-PRICES-AND-INNOVATION,2023-09-05,How Skeptics Misconstrue the Link Between Drug Prices and Innovation,Reports & Briefings,核心,否,https://itif.org/publications/2023/09/05/how-skeptics-misconstrue-the-link-between-drug-prices-and-innovation/,"A recent article in the British Medical Journal contends “high drug prices” are neither necessary nor justified to sustain biopharmaceutical innovation. But it misrepresents and misinterprets the facts, highlighting how faulty the rationale is for drug price controls.",ITIF官方Reports & Briefings目录元数据,总目录保留；科技创新机制、中国比较或跨期节点进入全文层,2026-08-23
C-ITIF-RB-2023-HOW-EXPANDING-THE-INFORMATION-TECHNOLOGY-AGREEMENT-TO-AN-ITA-3-WOULD-BOLSTER-NATIONS-ECONOMIC-GROWTH,C-ITIF-RB-2023-HOW-EXPANDING-THE-INFORMATION-TECHNOLOGY-AGREEMENT-TO-AN-ITA-3-WOULD-BOLSTER-NATIONS-ECONOMIC-GROWTH,2023-09-11,How Expanding the Information Technology Agreement to an “ITA-3” Would Bolster Nations’ Economic Growth,Reports & Briefings,语境,否,https://itif.org/publications/2023/09/11/how-expanding-the-information-technology-agreement-to-an-ita-3-would-bolster-nations-economic-growth/,"Completing a second expansion of the Information Technology Agreement (an “ITA-3”) could bring more than 400 unique ICT products under the ITA’s tariff-eliminating framework, which would add more than $750 billion to the global economy over 10 years.",ITIF官方Reports & Briefings目录元数据,总目录保留；科技创新机制、中国比较或跨期节点进入全文层,2026-08-23
C-ITIF-RB-2023-LATIN-AMERICAN-SUBNATIONAL-INNOVATION-COMPETITIVENESS-INDEX,C-ITIF-RB-2023-LATIN-AMERICAN-SUBNATIONAL-INNOVATION-COMPETITIVENESS-INDEX,2023-09-14,Latin American Subnational Innovation Competitiveness Index,Reports & Briefings,核心,否,https://itif.org/publications/2023/09/14/latin-american-subnational-innovation-competitiveness-index/,"For policymakers to bolster the global competitiveness of their nations and regions, they first must know where they stand. This report benchmarks the 182 regions of Brazil, Chile, Colombia, Mexico, Peru, and the United States using 13 commonly available indicators of strength in the knowledge economy, in globalization, and in innovation capacity.",ITIF官方Reports & Briefings目录元数据,总目录保留；科技创新机制、中国比较或跨期节点进入全文层,2026-08-23
C-ITIF-RB-2023-TRANSATLANTIC-SUBNATIONAL-INNOVATION-COMPETITIVENESS-INDEX-2-0,C-ITIF-RB-2023-TRANSATLANTIC-SUBNATIONAL-INNOVATION-COMPETITIVENESS-INDEX-2-0,2023-09-14,Transatlantic Subnational Innovation Competitiveness Index 2.0,Reports & Briefings,核心,否,https://itif.org/publications/2023/09/14/transatlantic-subnational-innovation-competitiveness-index-2-0/,"For policymakers to bolster the global competitiveness of their nations and regions, they first must know where they stand. This report benchmarks the 121 regions of Austria, Germany, Hungary, Italy, Poland, Sweden, and the United States using 13 commonly available indicators of strength in the knowledge economy, globalization, and innovation capacity.",ITIF官方Reports & Briefings目录元数据,总目录保留；科技创新机制、中国比较或跨期节点进入全文层,2026-08-23
C-ITIF-RB-2023-BIG-TECHS-FREE-ONLINE-SERVICES-ARENT-COSTING-CONSUMERS-THEIR-PRIVACY,C-ITIF-RB-2023-BIG-TECHS-FREE-ONLINE-SERVICES-ARENT-COSTING-CONSUMERS-THEIR-PRIVACY,2023-09-20,Big Tech’s Free Online Services Aren’t Costing Consumers Their Privacy,Reports & Briefings,语境,否,https://itif.org/publications/2023/09/20/big-techs-free-online-services-arent-costing-consumers-their-privacy/,"There is no evidence that breaking up big online platforms will improve digital privacy, but there is overwhelming evidence that breaking up these services or restricting them from collecting user data will harm consumers and workers.",ITIF官方Reports & Briefings目录元数据,总目录保留；科技创新机制、中国比较或跨期节点进入全文层,2026-08-23
C-ITIF-RB-2023-COMPARING-CANADIAN-AND-US-RD-LEADERS-IN-ADVANCED-SECTORS,C-ITIF-RB-2023-COMPARING-CANADIAN-AND-US-RD-LEADERS-IN-ADVANCED-SECTORS,2023-09-25,Comparing Canadian and U.S. R&D Leaders in Advanced Sectors,Reports & Briefings,核心,否,https://itif.org/publications/2023/09/25/comparing-canadian-and-us-rd-leaders-in-advanced-sectors/,R&D-intensive companies are key to national growth and competitiveness. Canada lags far behind the United States and the rest of the world in R&D-intensive firms. The Canadian government should consider reforming and expanding its SR&ED tax incentive.,ITIF官方Reports & Briefings目录元数据,总目录保留；科技创新机制、中国比较或跨期节点进入全文层,2026-08-23
C-ITIF-RB-2023-OVERCOMING-BARRIERS-TO-DATA-SHARING-IN-THE-UNITED-STATES,C-ITIF-RB-2023-OVERCOMING-BARRIERS-TO-DATA-SHARING-IN-THE-UNITED-STATES,2023-09-25,Overcoming Barriers to Data Sharing in the United States,Reports & Briefings,语境,否,https://itif.org/publications/2023/09/25/overcoming-barriers-to-data-sharing-in-the-united-states/,"Without policy change, the United States will continue trending toward data siloes—an inefficient world in which data is isolated, and its benefits are restricted.",ITIF官方Reports & Briefings目录元数据,总目录保留；科技创新机制、中国比较或跨期节点进入全文层,2026-08-23
C-ITIF-RB-2023-EXPLORING-DATA-SHARING-MODELS-TO-MAXIMIZE-BENEFITS-FROM-DATA,C-ITIF-RB-2023-EXPLORING-DATA-SHARING-MODELS-TO-MAXIMIZE-BENEFITS-FROM-DATA,2023-10-02,Exploring Data-Sharing Models to Maximize Benefits From Data,Reports & Briefings,核心,否,https://itif.org/publications/2023/10/02/exploring-data-sharing-models-to-maximize-benefits-from-data/,Data-driven innovation has the potential to be a massive force for progress. Data sharing enables organizations to increase the utility and value of the data they control and gain access to additional data controlled by others.,ITIF官方Reports & Briefings目录元数据,总目录保留；科技创新机制、中国比较或跨期节点进入全文层,2026-08-23
C-ITIF-RB-2023-THE-US-APPROACH-TO-QUANTUM-POLICY,C-ITIF-RB-2023-THE-US-APPROACH-TO-QUANTUM-POLICY,2023-10-10,The U.S. Approach to Quantum Policy,Reports & Briefings,核心,否,https://itif.org/publications/2023/10/10/the-us-approach-to-quantum-policy/,"In the nearly 25 years since NSF held the U.S. government’s first workshop on the topic, it has become increasingly apparent that quantum information science has the potential to drive major advances in computing power, secure communication, and scientific discovery. So, the government has rightly recognized it needs to play an active role in ensuring the nation remains competitive in this critical field.",ITIF官方Reports & Briefings目录元数据,总目录保留；科技创新机制、中国比较或跨期节点进入全文层,2026-08-23
C-ITIF-RB-2023-GOOD-BAD-REASONS-FOR-ALLOCATING-SPECTRUM-TO-LICENSED-UNLICENSED-SHARED-SATELLITE-USES,C-ITIF-RB-2023-GOOD-BAD-REASONS-FOR-ALLOCATING-SPECTRUM-TO-LICENSED-UNLICENSED-SHARED-SATELLITE-USES,2023-10-23,"Good and Bad Reasons for Allocating Spectrum to Licensed, Unlicensed, Shared, and Satellite Uses",Reports & Briefings,支撑,否,https://itif.org/publications/2023/10/23/good-bad-reasons-for-allocating-spectrum-to-licensed-unlicensed-shared-satellite-uses/,"Policymakers inundated with self-serving arguments for specific spectrum allocation need ways to evaluate which actually advance the public interest. By focusing on the goal of productive spectrum use, one can differentiate between reasoning that would enhance productivity and that which would only advance private interests.",ITIF官方Reports & Briefings目录元数据,总目录保留；科技创新机制、中国比较或跨期节点进入全文层,2026-08-23
C-ITIF-RB-2023-DELAY-GOVERNMENT-HOW-TECHNOLOGY-CAN-FIX-SLOW-FEDERAL-SERVICE-DELIVERY,C-ITIF-RB-2023-DELAY-GOVERNMENT-HOW-TECHNOLOGY-CAN-FIX-SLOW-FEDERAL-SERVICE-DELIVERY,2023-10-30,Delay Government: How Technology Can Fix Slow Federal Service Delivery,Reports & Briefings,语境,否,https://itif.org/publications/2023/10/30/delay-government-how-technology-can-fix-slow-federal-service-delivery/,"The U.S. government offers slow, outdated services. Congress and federal agencies should invest in digital technology and modernize their approach to service delivery to transform the current delay government into a modern, fast, digital-first government.",ITIF官方Reports & Briefings目录元数据,总目录保留；科技创新机制、中国比较或跨期节点进入全文层,2026-08-23
C-ITIF-RB-2023-MISSION-INNOVATION-PHASE-2-MORE-FAILED-ASPIRATIONS-TO-FIGHT-CLIMATE-CHANGE,C-ITIF-RB-2023-MISSION-INNOVATION-PHASE-2-MORE-FAILED-ASPIRATIONS-TO-FIGHT-CLIMATE-CHANGE,2023-11-30,"Mission Innovation, Phase 2: More Failed Aspirations to Fight Climate Change",Reports & Briefings,核心,否,https://itif.org/publications/2023/11/30/mission-innovation-phase-2-more-failed-aspirations-to-fight-climate-change/,"Twenty-three countries plus the EU pledged in 2015 to double their investments in clean energy RD&D by 2020. Only one met that goal. Undeterred, they announced a new set of pledges in 2021. Two years later, most are still woefully underinvesting in clean energy RD&D.",ITIF官方Reports & Briefings目录元数据,总目录保留；科技创新机制、中国比较或跨期节点进入全文层,2026-08-23
C-ITIF-RB-2023-2023-HAMILTON-INDEX,C-ITIF-RB-2023-2023-HAMILTON-INDEX,2023-12-13,"The Hamilton Index, 2023: China Is Running Away With Strategic Industries",Reports & Briefings,语境,是,https://itif.org/publications/2023/12/13/2023-hamilton-index/,"China now dominates the strategically important industries in ITIF’s Hamilton Index, producing more than any other nation in absolute terms and more than all but a few others in relative terms. Its gains are coming at the expense of the United States and other G7 and OECD economies, and time is running short for policymakers to mount an industrial comeback.",ITIF官方Reports & Briefings目录元数据,已进入精选全文；按本地原始资产、文本和切片调用,2026-08-23
C-ITIF-RB-2023-2023-HAMILTON-COUNTRY-VISUALIZATION,C-ITIF-RB-2023-2023-HAMILTON-COUNTRY-VISUALIZATION,2023-12-13,"The Hamilton Index, 2023: Data Visualization for Countries",Reports & Briefings,语境,否,https://itif.org/publications/2023/12/13/2023-hamilton-country-visualization/,This data visualization tool profiles countries and multinational groupings based on their relative performance and market shares in Hamilton industries.,ITIF官方Reports & Briefings目录元数据,总目录保留；科技创新机制、中国比较或跨期节点进入全文层,2026-08-23
C-ITIF-RB-2023-2023-HAMILTON-INDUSTRY-VISUALIZATION,C-ITIF-RB-2023-2023-HAMILTON-INDUSTRY-VISUALIZATION,2023-12-13,"The Hamilton Index, 2023: Data Visualization for Industries",Reports & Briefings,语境,否,https://itif.org/publications/2023/12/13/2023-hamilton-industry-visualization/,"This visualization tool breaks down the Hamilton Index dataset at the industry level and for the composite Hamilton Index, showing the state of global competition from 1995 through 2020 in terms of market share and relative performance (LQ).",ITIF官方Reports & Briefings目录元数据,总目录保留；科技创新机制、中国比较或跨期节点进入全文层,2026-08-23
C-ITIF-RB-2023-2023-HAMILTON-MOMENTUM-VISUALIZATION,C-ITIF-RB-2023-2023-HAMILTON-MOMENTUM-VISUALIZATION,2023-12-13,"The Hamilton Index, 2023: Data Visualization of Momentum",Reports & Briefings,语境,否,https://itif.org/publications/2023/12/13/2023-hamilton-momentum-visualization/,This visualization tool benchmarks nations’ progress over time in Hamilton industries by weighing changes in their gross value-added output and relative specialization.,ITIF官方Reports & Briefings目录元数据,总目录保留；科技创新机制、中国比较或跨期节点进入全文层,2026-08-23
C-ITIF-RB-2024-A-REALIST-APPROACH-TO-HYDROGEN,C-ITIF-RB-2024-A-REALIST-APPROACH-TO-HYDROGEN,2024-01-16,A Realist Approach to Hydrogen,Reports & Briefings,核心,否,https://itif.org/publications/2024/01/16/a-realist-approach-to-hydrogen/,"Clean hydrogen is expensive to produce, difficult to transport, and a second- or third-best clean energy solution in almost all proposed markets. To help drive the global green transition, a realist approach to hydrogen policy must address all these practical challenges.",ITIF官方Reports & Briefings目录元数据,总目录保留；科技创新机制、中国比较或跨期节点进入全文层,2026-08-23
C-ITIF-RB-2024-NATIONAL-DEVELOPMENTALISM-THE-ALTERNATIVE-TO-NEOLIBERALISM-AND-NEO-NEW-DEALISM,C-ITIF-RB-2024-NATIONAL-DEVELOPMENTALISM-THE-ALTERNATIVE-TO-NEOLIBERALISM-AND-NEO-NEW-DEALISM,2024-01-22,National Developmentalism: The Alternative to Neoliberalism and Neo-New Dealism,Reports & Briefings,语境,否,https://itif.org/publications/2024/01/22/national-developmentalism-the-alternative-to-neoliberalism-and-neo-new-dealism/,"Neoliberalism’s deficiencies are clear. To address the challenges America now faces, policymakers should adopt the doctrine of national developmentalism and not allow economic policy to swing back toward a revised New Dealism, as it is now doing.",ITIF官方Reports & Briefings目录元数据,总目录保留；科技创新机制、中国比较或跨期节点进入全文层,2026-08-23
C-ITIF-RB-2024-DR-SEMICONDUCTOR-READINESS,C-ITIF-RB-2024-DR-SEMICONDUCTOR-READINESS,2024-01-29,Assessing the Dominican Republic’s Readiness to Play a Greater Role in Global Semiconductor and PCB Value Chains,Reports & Briefings,核心,否,https://itif.org/publications/2024/01/29/dr-semiconductor-readiness/,"The Dominican Republic is one of the world’s fastest-growing economies, offers perhaps the most attractive business environment in Latin America, and is a leading candidate for nearshored investments in advanced manufacturing activity—particularly for electronics such as printed circuit boards (PCBs) and the assembly, test, and packaging (ATP) of semiconductors.",ITIF官方Reports & Briefings目录元数据,总目录保留；科技创新机制、中国比较或跨期节点进入全文层,2026-08-23
C-ITIF-RB-2024-RETHINKING-CONCERNS-ABOUT-AI-ENERGY-USE,C-ITIF-RB-2024-RETHINKING-CONCERNS-ABOUT-AI-ENERGY-USE,2024-01-29,Rethinking Concerns About AI’s Energy Use,Reports & Briefings,核心,否,https://itif.org/publications/2024/01/29/rethinking-concerns-about-ai-energy-use/,"Concerns about the energy used by digital technologies are not new. With the recent surge in interest in artificial intelligence, people are once again raising questions about the energy use of an emerging technology.",ITIF官方Reports & Briefings目录元数据,总目录保留；科技创新机制、中国比较或跨期节点进入全文层,2026-08-23
C-ITIF-RB-2024-USER-SAFETY-IN-AR-VR-PROTECTING-TEENS,C-ITIF-RB-2024-USER-SAFETY-IN-AR-VR-PROTECTING-TEENS,2024-02-05,User Safety in AR/VR: Protecting Teens,Reports & Briefings,语境,否,https://itif.org/publications/2024/02/05/user-safety-in-ar-vr-protecting-teens/,"Teens are some of the enthusiastic early adopters of augmented and virtual reality devices and the metaverse. Their relative lack of maturity and naivete makes them more susceptible to safety threats than adults. Yet, current policy proposals are unlikely to make AR/VR safer and would make online experiences worse overall for both teens and adults.",ITIF官方Reports & Briefings目录元数据,总目录保留；科技创新机制、中国比较或跨期节点进入全文层,2026-08-23
C-ITIF-RB-2024-INDIA-SEMICONDUCTOR-READINESS,C-ITIF-RB-2024-INDIA-SEMICONDUCTOR-READINESS,2024-02-14,Assessing India’s Readiness to Assume a Greater Role in Global Semiconductor Value Chains,Reports & Briefings,核心,否,https://itif.org/publications/2024/02/14/india-semiconductor-readiness/,"India has the potential to play a much more significant role in global semiconductor value chains, provided the government upholds its investment policies, maintains a conducive regulatory and business environment, and avoids measures that create unpredictability.",ITIF官方Reports & Briefings目录元数据,总目录保留；科技创新机制、中国比较或跨期节点进入全文层,2026-08-23
C-ITIF-RB-2024-HOW-CONGRESS-CAN-FOSTER-A-DIGITAL-SINGLE-MARKET-IN-AMERICA,C-ITIF-RB-2024-HOW-CONGRESS-CAN-FOSTER-A-DIGITAL-SINGLE-MARKET-IN-AMERICA,2024-02-20,How Congress Can Foster a Digital Single Market in America,Reports & Briefings,语境,否,https://itif.org/publications/2024/02/20/how-congress-can-foster-a-digital-single-market-in-america/,"In areas ranging from data privacy to content moderation, states are creating patchworks of regulation that confuse consumers, complicate compliance, and undermine the digital economy. It’s time for Congress to step in and establish a consistent national approach to digital policy.",ITIF官方Reports & Briefings目录元数据,总目录保留；科技创新机制、中国比较或跨期节点进入全文层,2026-08-23
C-ITIF-RB-2024-SHARING-WITHOUT-DARING-DYNAMIC-SPECTRUM-SHARING-WITH-CERTAINTY-OF-ACCESS,C-ITIF-RB-2024-SHARING-WITHOUT-DARING-DYNAMIC-SPECTRUM-SHARING-WITH-CERTAINTY-OF-ACCESS,2024-02-26,Sharing Without Daring: Dynamic Spectrum Sharing With Certainty of Access,Reports & Briefings,支撑,否,https://itif.org/publications/2024/02/26/sharing-without-daring-dynamic-spectrum-sharing-with-certainty-of-access/,"The dichotomy between dynamic spectrum sharing and exclusive licensing is a false one. Reliable, full-power access is possible within a dynamic sharing framework if the FCC auctions super-priority rights to commercial users.",ITIF官方Reports & Briefings目录元数据,总目录保留；科技创新机制、中国比较或跨期节点进入全文层,2026-08-23
C-ITIF-RB-2024-NOT-AGAIN-WHY-UNITED-STATES-CANT-AFFORD-TO-LOSE-BIOPHARMA-INDUSTRY,C-ITIF-RB-2024-NOT-AGAIN-WHY-UNITED-STATES-CANT-AFFORD-TO-LOSE-BIOPHARMA-INDUSTRY,2024-02-29,Not Again: Why the United States Can’t Afford to Lose Its Biopharma Industry,Reports & Briefings,核心,否,https://itif.org/publications/2024/02/29/not-again-why-united-states-cant-afford-to-lose-biopharma-industry/,"America’s leadership in advanced-technology industries can never be taken for granted, as evidenced by its losses in telecommunications equipment, semiconductors, televisions, solar panels, and chemicals. Policymakers must recognize what went wrong in those cases to avoid a similar industrial decline in the biopharmaceutical industry.",ITIF官方Reports & Briefings目录元数据,总目录保留；科技创新机制、中国比较或跨期节点进入全文层,2026-08-23
C-ITIF-2024-HOW-INNOVATIVE-IS-CHINA-IN-THE-ROBOTICS-INDUSTRY,C-ITIF-2024-HOW-INNOVATIVE-IS-CHINA-IN-THE-ROBOTICS-INDUSTRY,2024-03-11,How Innovative Is China in the Robotics Industry?,Reports & Briefings,核心,是,https://itif.org/publications/2024/03/11/how-innovative-is-china-in-the-robotics-industry/,"China does not yet appear to be leading in robotic innovation, but its domestic production and adoption are growing rapidly, and the Chinese government has prioritized the industry. It is likely only a matter of time before Chinese robotics companies catch up to the leading edge.",ITIF官方Reports & Briefings目录元数据,总目录保留；科技创新机制、中国比较或跨期节点进入全文层,2026-08-23
C-ITIF-RB-2024-FEDERAL-FUNDING-FOR-BASIC-RESEARCH-SPURS-CLEAN-ENERGY-DISCOVERIES-EIGHT-CASE-STUDIES,C-ITIF-RB-2024-FEDERAL-FUNDING-FOR-BASIC-RESEARCH-SPURS-CLEAN-ENERGY-DISCOVERIES-EIGHT-CASE-STUDIES,2024-03-13,How Federal Funding for Basic Research Spurs Clean Energy Discoveries the World Needs: Eight Case Studies,Reports & Briefings,核心,否,https://itif.org/publications/2024/03/13/federal-funding-for-basic-research-spurs-clean-energy-discoveries-eight-case-studies/,We need new breakthroughs in clean energy technology to address climate change. Recent discoveries in areas such as nuclear fusion and biofuels illustrate how government investment in early-stage research is a critical part of the process.,ITIF官方Reports & Briefings目录元数据,已进入精选全文；按本地原始资产、文本和切片调用,2026-08-23
C-ITIF-RB-2024-ENTRENCHED-MARKET-LEADERS-NOT-DRIVING-DECLINES-IN-INNOVATION-ECONOMIC-DYNAMISM,C-ITIF-RB-2024-ENTRENCHED-MARKET-LEADERS-NOT-DRIVING-DECLINES-IN-INNOVATION-ECONOMIC-DYNAMISM,2024-03-25,"No, Market Leaders Are Not Driving Declines in Innovation and Economic Dynamism",Reports & Briefings,核心,否,https://itif.org/publications/2024/03/25/entrenched-market-leaders-not-driving-declines-in-innovation-economic-dynamism/,"A report by the Economic Innovation Group (EIG) concludes that declining knowledge diffusion is the underlying cause of declining business dynamism. However, its theoretical model is based on flawed assumptions, while its mathematical model has methodological issues.",ITIF官方Reports & Briefings目录元数据,总目录保留；科技创新机制、中国比较或跨期节点进入全文层,2026-08-23
C-ITIF-RB-2024-WHY-US-EU-SHOULD-COOPERATE-ON-CYBERSECURITY-LABELING-FOR-IOT-DEVICES,C-ITIF-RB-2024-WHY-US-EU-SHOULD-COOPERATE-ON-CYBERSECURITY-LABELING-FOR-IOT-DEVICES,2024-03-28,Why the United States and EU Should Seize the Moment to Cooperate on Cybersecurity Labeling for IoT Devices,Reports & Briefings,语境,否,https://itif.org/publications/2024/03/28/why-us-eu-should-cooperate-on-cybersecurity-labeling-for-iot-devices/,The United States and European Union should work through the Trade and Technology Council to align their respective cybersecurity labeling programs for the Internet of Things rather than allowing IoT security to become another technical barrier to trade and technology cooperation.,ITIF官方Reports & Briefings目录元数据,总目录保留；科技创新机制、中国比较或跨期节点进入全文层,2026-08-23
C-ITIF-RB-2024-WHY-CONGRESS-SHOULD-ENACT-MILEAGE-BASED-USER-FEE-FOR-HEAVY-TRUCKING,C-ITIF-RB-2024-WHY-CONGRESS-SHOULD-ENACT-MILEAGE-BASED-USER-FEE-FOR-HEAVY-TRUCKING,2024-04-03,Why Congress Should Enact a Mileage-Based User Fee for Heavy Trucking,Reports & Briefings,支撑,否,https://itif.org/publications/2024/04/03/why-congress-should-enact-mileage-based-user-fee-for-heavy-trucking/,"With the gradual shift from internal combustion to electric vehicles, it is only a matter of time before the nation will have to replace gas taxes with a vehicle miles traveled system to pay for road maintenance. The most sensible way to start would be with heavy trucks.",ITIF官方Reports & Briefings目录元数据,总目录保留；科技创新机制、中国比较或跨期节点进入全文层,2026-08-23
C-ITIF-2024-HOW-INNOVATIVE-IS-CHINA-IN-THE-CHEMICALS-INDUSTRY,C-ITIF-2024-HOW-INNOVATIVE-IS-CHINA-IN-THE-CHEMICALS-INDUSTRY,2024-04-15,How Innovative Is China in the Chemicals Industry?,Reports & Briefings,核心,是,https://itif.org/publications/2024/04/15/how-innovative-is-china-in-the-chemicals-industry/,"China is leading in chemical production, especially basic chemicals. And while it is currently lagging behind on innovation—especially in more complex fine chemicals—all signs suggest it will catch up with the global leaders within the next decade or two.",ITIF官方Reports & Briefings目录元数据,总目录保留；科技创新机制、中国比较或跨期节点进入全文层,2026-08-23
C-ITIF-RB-2024-LATAM-HEALTH-CHAMPIONS-2024,C-ITIF-RB-2024-LATAM-HEALTH-CHAMPIONS-2024,2024-04-22,"LATAM Health Champions, 2024",Reports & Briefings,核心,否,https://itif.org/publications/2024/04/22/latam-health-champions-2024/,"Innovation plays a critical role in improving public health and in overcoming global health challenges. The call for LATAM Health Champions, which ran from February 5 to March 5, 2024, received more than 60 applications proposing innovative health solutions to a wide range of health challenges. Here, the top 20 are highlighted.",ITIF官方Reports & Briefings目录元数据,总目录保留；科技创新机制、中国比较或跨期节点进入全文层,2026-08-23
C-ITIF-RB-2024-TECHNICAL-LEGAL-CRITERIA-FOR-ASSESSING-CLOUD-TRUSTWORTHINESS,C-ITIF-RB-2024-TECHNICAL-LEGAL-CRITERIA-FOR-ASSESSING-CLOUD-TRUSTWORTHINESS,2024-04-22,Technical and Legal Criteria for Assessing Cloud Trustworthiness,Reports & Briefings,语境,否,https://itif.org/publications/2024/04/22/technical-legal-criteria-for-assessing-cloud-trustworthiness/,Global data and technology governance will be challenging without cooperation on cloud trustworthiness. Policymakers should avoid simplistic assessments based on nationality and instead develop more holistic assessments based on legal and technical criteria.,ITIF官方Reports & Briefings目录元数据,总目录保留；科技创新机制、中国比较或跨期节点进入全文层,2026-08-23
C-ITIF-RB-2024-ASSESSING-CANADIAN-INNOVATION-PRODUCTIVITY-AND-COMPETITIVENESS,C-ITIF-RB-2024-ASSESSING-CANADIAN-INNOVATION-PRODUCTIVITY-AND-COMPETITIVENESS,2024-04-29,"Assessing Canadian Innovation, Productivity, and Competitiveness",Reports & Briefings,核心,否,https://itif.org/publications/2024/04/29/assessing-canadian-innovation-productivity-and-competitiveness/,"Canada faces unprecedented challenges in innovation, productivity, and competitiveness. The first step in addressing them is to develop a clear understanding of the Canadian economy’s underlying structure and performance in each area. Policymakers must then tailor strategies for specific industries and technologies instead of focusing on principally on macro factors.",ITIF官方Reports & Briefings目录元数据,总目录保留；科技创新机制、中国比较或跨期节点进入全文层,2026-08-23
C-ITIF-RB-2024-RELATIONSHIP-BETWEEN-BIOPHARMA-RD-INVESTMENT-EXPECTED-RETURNS,C-ITIF-RB-2024-RELATIONSHIP-BETWEEN-BIOPHARMA-RD-INVESTMENT-EXPECTED-RETURNS,2024-05-06,The Relationship Between Biopharma R&D Investment and Expected Returns: Improving Evidence to Inform Policy,Reports & Briefings,核心,否,https://itif.org/publications/2024/05/06/relationship-between-biopharma-rd-investment-expected-returns/,Better evidence is needed to evaluate the impact of policy changes on new drug development. Greater availability of government data should support more rigorous evaluations to inform evidence-based policymaking.,ITIF官方Reports & Briefings目录元数据,总目录保留；科技创新机制、中国比较或跨期节点进入全文层,2026-08-23
C-ITIF-RB-2024-WHY-US-ECONOMY-NEEDS-MORE-CONSOLIDATION-NOT-LESS,C-ITIF-RB-2024-WHY-US-ECONOMY-NEEDS-MORE-CONSOLIDATION-NOT-LESS,2024-05-06,"Why the U.S. Economy Needs More Consolidation, Not Less",Reports & Briefings,语境,否,https://itif.org/publications/2024/05/06/why-us-economy-needs-more-consolidation-not-less/,"Larger firms are generally more productive because of scale economies, but some U.S. industries still have too high a share of small firms. Policymakers should encourage, not discourage, greater consolidation in these industries.",ITIF官方Reports & Briefings目录元数据,总目录保留；科技创新机制、中国比较或跨期节点进入全文层,2026-08-23
C-ITIF-RB-2024-BEAD-REPORT-GRADING-STATES-INITIAL-PROPOSALS-FOR-FEDERAL-BROADBAND-FUNDS,C-ITIF-RB-2024-BEAD-REPORT-GRADING-STATES-INITIAL-PROPOSALS-FOR-FEDERAL-BROADBAND-FUNDS,2024-05-13,BEAD Report: Grading States’ Initial Proposals for Federal Broadband Funds,Reports & Briefings,支撑,否,https://itif.org/publications/2024/05/13/bead-report-grading-states-initial-proposals-for-federal-broadband-funds/,"Congress has allocated $42.5 billion to bridge America’s digital divide through the Broadband Equity, Access and Deployment (BEAD) program. To achieve that goal, states and territories must carefully craft plans to use their shares of the funds to the greatest possible benefit.",ITIF官方Reports & Briefings目录元数据,总目录保留；科技创新机制、中国比较或跨期节点进入全文层,2026-08-23
C-ITIF-RB-2024-BEAD-REPORT-INTERACTIVE-DATAVIZ,C-ITIF-RB-2024-BEAD-REPORT-INTERACTIVE-DATAVIZ,2024-05-13,BEAD Report: Interactive Dataviz,Reports & Briefings,支撑,否,https://itif.org/publications/2024/05/13/bead-report-interactive-dataviz/,"This visualization tool applies letter grades to states' plans to utilize the $42.5 billion allocated by Congress to the Broadband Equity, Access and Deployment (BEAD) program.",ITIF官方Reports & Briefings目录元数据,总目录保留；科技创新机制、中国比较或跨期节点进入全文层,2026-08-23
C-ITIF-RB-2024-CORPORATE-CONCENTRATION-IS-GOOD-FOR-PRODUCTIVITY-AND-WAGES,C-ITIF-RB-2024-CORPORATE-CONCENTRATION-IS-GOOD-FOR-PRODUCTIVITY-AND-WAGES,2024-05-20,Corporate Concentration Is Good for Productivity and Wages,Reports & Briefings,支撑,否,https://itif.org/publications/2024/05/20/corporate-concentration-is-good-for-productivity-and-wages/,"Despite claims by anticorporate neo-Brandeisians, corporate concentration appears positively correlated with higher productivity and wages. So, the push to break up large companies is antiworker and anti-middle class.",ITIF官方Reports & Briefings目录元数据,总目录保留；科技创新机制、中国比较或跨期节点进入全文层,2026-08-23
C-ITIF-RB-2024-PICKING-THE-RIGHT-POLICY-SOLUTIONS-FOR-AI-CONCERNS,C-ITIF-RB-2024-PICKING-THE-RIGHT-POLICY-SOLUTIONS-FOR-AI-CONCERNS,2024-05-20,Picking the Right Policy Solutions for AI Concerns,Reports & Briefings,核心,否,https://itif.org/publications/2024/05/20/picking-the-right-policy-solutions-for-ai-concerns/,"Some concerns are legitimate, but others are not. Some require immediate regulatory responses, but many do not. And a few require regulations addressing AI specifically, but most do not.",ITIF官方Reports & Briefings目录元数据,总目录保留；科技创新机制、中国比较或跨期节点进入全文层,2026-08-23
C-ITIF-RB-2024-WHAT-DOES-THE-PUBLIC-THINK-ABOUT-AI-US,C-ITIF-RB-2024-WHAT-DOES-THE-PUBLIC-THINK-ABOUT-AI-US,2024-05-21,What Does the US Public Think About AI?,Reports & Briefings,核心,否,https://itif.org/publications/2024/05/21/what-does-the-public-think-about-ai-us/,"In a nationally representative survey of more than 2,000 U.S. adults, Public First and the Center for Data Innovation track public attitudes and perceptions of artificial intelligence.",ITIF官方Reports & Briefings目录元数据,总目录保留；科技创新机制、中国比较或跨期节点进入全文层,2026-08-23
C-ITIF-RB-2024-STATE-REGIONAL-ENERGY-INNOVATION-INDEX,C-ITIF-RB-2024-STATE-REGIONAL-ENERGY-INNOVATION-INDEX,2024-05-28,US State and Regional Energy Innovation Index,Reports & Briefings,核心,否,https://itif.org/publications/2024/05/28/state-regional-energy-innovation-index/,"Vibrant regional energy innovation ecosystems are important for any national net-zero strategy. But to understand the potential contributions they can make to the price and performance of clean energy technologies, we must first benchmark the resources they bring to bear.",ITIF官方Reports & Briefings目录元数据,总目录保留；科技创新机制、中国比较或跨期节点进入全文层,2026-08-23
C-ITIF-RB-2024-STATE-REGIONAL-ENERGY-INNOVATION-INDEX-CSA-DATAVIZ,C-ITIF-RB-2024-STATE-REGIONAL-ENERGY-INNOVATION-INDEX-CSA-DATAVIZ,2024-05-28,US State and Regional Energy Innovation Index: Combined Statistical Area Dataviz,Reports & Briefings,核心,否,https://itif.org/publications/2024/05/28/state-regional-energy-innovation-index-csa-dataviz/,Detailed statistical profiles of the clean energy innovation ecosystems in 180 combined statistical areas across the United States.,ITIF官方Reports & Briefings目录元数据,总目录保留；科技创新机制、中国比较或跨期节点进入全文层,2026-08-23
C-ITIF-RB-2024-STATE-REGIONAL-ENERGY-INNOVATION-INDEX-MD-DATAVIZ,C-ITIF-RB-2024-STATE-REGIONAL-ENERGY-INNOVATION-INDEX-MD-DATAVIZ,2024-05-28,US State and Regional Energy Innovation Index: Metropolitan Division Dataviz,Reports & Briefings,核心,否,https://itif.org/publications/2024/05/28/state-regional-energy-innovation-index-md-dataviz/,Detailed statistical profiles of the clean energy innovation ecosystems in 37 metropolitan divisions across the United States.,ITIF官方Reports & Briefings目录元数据,总目录保留；科技创新机制、中国比较或跨期节点进入全文层,2026-08-23
C-ITIF-RB-2024-STATE-REGIONAL-ENERGY-INNOVATION-INDEX-MSA-DATAVIZ,C-ITIF-RB-2024-STATE-REGIONAL-ENERGY-INNOVATION-INDEX-MSA-DATAVIZ,2024-05-28,US State and Regional Energy Innovation Index: Metropolitan Statistical Area Dataviz,Reports & Briefings,核心,否,https://itif.org/publications/2024/05/28/state-regional-energy-innovation-index-msa-dataviz/,Detailed statistical profiles of the clean energy innovation ecosystems in 382 metropolitan statistical areas across the United States.,ITIF官方Reports & Briefings目录元数据,总目录保留；科技创新机制、中国比较或跨期节点进入全文层,2026-08-23
C-ITIF-RB-2024-STATE-REGIONAL-ENERGY-INNOVATION-INDEX-REGIONAL-DATAVIZ,C-ITIF-RB-2024-STATE-REGIONAL-ENERGY-INNOVATION-INDEX-REGIONAL-DATAVIZ,2024-05-28,US State and Regional Energy Innovation Index: Regional Dataviz,Reports & Briefings,核心,否,https://itif.org/publications/2024/05/28/state-regional-energy-innovation-index-regional-dataviz/,Detailed statistical profiles of the clean energy innovation ecosystems in the eight U.S. Bureau of Economic Analysis regions.,ITIF官方Reports & Briefings目录元数据,总目录保留；科技创新机制、中国比较或跨期节点进入全文层,2026-08-23
C-ITIF-RB-2024-STATE-REGIONAL-ENERGY-INNOVATION-INDEX-STATE-DATAVIZ,C-ITIF-RB-2024-STATE-REGIONAL-ENERGY-INNOVATION-INDEX-STATE-DATAVIZ,2024-05-28,US State and Regional Energy Innovation Index: State Dataviz,Reports & Briefings,核心,否,https://itif.org/publications/2024/05/28/state-regional-energy-innovation-index-state-dataviz/,Detailed statistical profiles of the clean energy innovation ecosystems in the 50 U.S. states and the District of Columbia.,ITIF官方Reports & Briefings目录元数据,总目录保留；科技创新机制、中国比较或跨期节点进入全文层,2026-08-23
C-ITIF-RB-2024-HOW-TO-ADDRESS-CHILDRENS-ONLINE-SAFETY-IN-UNITED-STATES,C-ITIF-RB-2024-HOW-TO-ADDRESS-CHILDRENS-ONLINE-SAFETY-IN-UNITED-STATES,2024-06-03,How to Address Children’s Online Safety in the United States,Reports & Briefings,语境,否,https://itif.org/publications/2024/06/03/how-to-address-childrens-online-safety-in-united-states/,"Protecting children from online harms requires a careful balance between ensuring safety and safeguarding free speech, user privacy, and parents’ rights. The most effective approach would split responsibility between the government, parents, and online services.",ITIF官方Reports & Briefings目录元数据,总目录保留；科技创新机制、中国比较或跨期节点进入全文层,2026-08-23
C-ITIF-RB-2024-HOW-TO-IMPROVE-THE-AMERICAN-PRIVACY-RIGHTS-ACT,C-ITIF-RB-2024-HOW-TO-IMPROVE-THE-AMERICAN-PRIVACY-RIGHTS-ACT,2024-06-06,How to Improve the American Privacy Rights Act,Reports & Briefings,语境,否,https://itif.org/publications/2024/06/06/how-to-improve-the-american-privacy-rights-act/,"America desperately needs a federal privacy law—but it needs the right federal privacy law. In its current state, APRA is not that law. But with a few important changes, it could be.",ITIF官方Reports & Briefings目录元数据,总目录保留；科技创新机制、中国比较或跨期节点进入全文层,2026-08-23
C-ITIF-RB-2024-A-TECHNO-ECONOMIC-AGENDA-FOR-THE-NEXT-ADMINISTRATION,C-ITIF-RB-2024-A-TECHNO-ECONOMIC-AGENDA-FOR-THE-NEXT-ADMINISTRATION,2024-06-10,A Techno-Economic Agenda for the Next Administration,Reports & Briefings,核心,否,https://itif.org/publications/2024/06/10/a-techno-economic-agenda-for-the-next-administration/,"The next administration needs to place innovation, productivity, and competitiveness at the core of its economic policy. To that end, this report offers a comprehensive techno-economic agenda with 82 actionable policy recommendations.",ITIF官方Reports & Briefings目录元数据,总目录保留；科技创新机制、中国比较或跨期节点进入全文层,2026-08-23
C-ITIF-RB-2024-HOW-GENERATIVE-AI-IS-CHANGING-THE-GLOBAL-SOUTHS-IT-SERVICES-SECTOR,C-ITIF-RB-2024-HOW-GENERATIVE-AI-IS-CHANGING-THE-GLOBAL-SOUTHS-IT-SERVICES-SECTOR,2024-06-10,How Generative AI Is Changing the Global South’s IT Services Sector,Reports & Briefings,核心,否,https://itif.org/publications/2024/06/10/how-generative-ai-is-changing-the-global-souths-it-services-sector/,"Given the potential for countries to reshore and automate previously outsourced IT occupations, the Global South’s IT services appear vulnerable to the displacing effects of AI. Yet, existing policy responses may be insufficient to address that challenge.",ITIF官方Reports & Briefings目录元数据,总目录保留；科技创新机制、中国比较或跨期节点进入全文层,2026-08-23
C-ITIF-2024-HOW-INNOVATIVE-IS-CHINA-IN-NUCLEAR-POWER,C-ITIF-2024-HOW-INNOVATIVE-IS-CHINA-IN-NUCLEAR-POWER,2024-06-17,How Innovative Is China in Nuclear Power?,Reports & Briefings,核心,是,https://itif.org/publications/2024/06/17/how-innovative-is-china-in-nuclear-power/,"Though China built upon a foreign base of technology, it has become the world’s leading proponent of nuclear energy. Chinese firms are well ahead of their Western peers, supported by a whole-of-government strategy that provides extensive financing and systemic coordination.",ITIF官方Reports & Briefings目录元数据,总目录保留；科技创新机制、中国比较或跨期节点进入全文层,2026-08-23
C-ITIF-RB-2024-FROM-CART-TO-CLAIM-ADDRESSING-PRODUCT-LIABILITY-IN-ONLINE-MARKETPLACES,C-ITIF-RB-2024-FROM-CART-TO-CLAIM-ADDRESSING-PRODUCT-LIABILITY-IN-ONLINE-MARKETPLACES,2024-06-24,From Cart to Claim: Addressing Product Liability in Online Marketplaces,Reports & Briefings,语境,否,https://itif.org/publications/2024/06/24/from-cart-to-claim-addressing-product-liability-in-online-marketplaces/,"State product liability laws traditionally hold manufacturers, distributors, and sellers strictly liable for defective products they bring to market. As consumers increasingly make purchases from online marketplaces—platforms that aggregate products from multiple third-party sellers—new questions arise about how to best protect them from defective products that pose a risk to health and safety.",ITIF官方Reports & Briefings目录元数据,总目录保留；科技创新机制、中国比较或跨期节点进入全文层,2026-08-23
C-ITIF-RB-2024-WHAT-DOES-THE-PUBLIC-THINK-ABOUT-AI-UK,C-ITIF-RB-2024-WHAT-DOES-THE-PUBLIC-THINK-ABOUT-AI-UK,2024-07-15,What Does the UK Public Think About AI?,Reports & Briefings,核心,否,https://itif.org/publications/2024/07/15/what-does-the-public-think-about-ai-uk/,"A nationally representative survey of more than 2,000 adults in the UK, conducted by Public First in partnership with the Center for Data Innovation to track how public attitudes and perceptions of artificial intelligence.",ITIF官方Reports & Briefings目录元数据,总目录保留；科技创新机制、中国比较或跨期节点进入全文层,2026-08-23
C-ITIF-RB-2024-THE-CASE-FOR-CRACKING-DOWN-ON-LARGE-AND-PROMOTING-SMALL-BUSINESSES-IS-DEEPLY-FLAWED,C-ITIF-RB-2024-THE-CASE-FOR-CRACKING-DOWN-ON-LARGE-AND-PROMOTING-SMALL-BUSINESSES-IS-DEEPLY-FLAWED,2024-07-22,The Case for Cracking Down on Large Corporations and Promoting Small Businesses Is Deeply Flawed,Reports & Briefings,核心,否,https://itif.org/publications/2024/07/22/the-case-for-cracking-down-on-large-and-promoting-small-businesses-is-deeply-flawed/,"A Democratic staff report from the House Small Business Committee claims that small businesses are better for the economy and large firms are harming it. But most of the report’s assertions stem from flawed research, and its policy recommendations would be detrimental.",ITIF官方Reports & Briefings目录元数据,总目录保留；科技创新机制、中国比较或跨期节点进入全文层,2026-08-23
C-ITIF-2024-HOW-INNOVATIVE-IS-CHINA-IN-THE-ELECTRIC-VEHICLE-AND-BATTERY-INDUSTRIES,C-ITIF-2024-HOW-INNOVATIVE-IS-CHINA-IN-THE-ELECTRIC-VEHICLE-AND-BATTERY-INDUSTRIES,2024-07-29,How Innovative Is China in the Electric Vehicle and Battery Industries?,Reports & Briefings,核心,是,https://itif.org/publications/2024/07/29/how-innovative-is-china-in-the-electric-vehicle-and-battery-industries/,"China is at the global forefront of the electric vehicle (EV) and EV battery industries. Its firms produce nearly two-thirds of the world’s EVs and more than three-quarters of EV batteries. They also have produced notable innovations in EV products, processes, and customer experiences.",ITIF官方Reports & Briefings目录元数据,总目录保留；科技创新机制、中国比较或跨期节点进入全文层,2026-08-23
C-ITIF-2024-HOW-INNOVATIVE-IS-CHINA-IN-BIOTECHNOLOGY,C-ITIF-2024-HOW-INNOVATIVE-IS-CHINA-IN-BIOTECHNOLOGY,2024-07-30,How Innovative Is China in Biotechnology?,Reports & Briefings,核心,是,https://itif.org/publications/2024/07/30/how-innovative-is-china-in-biotechnology/,"China used to be considered a laggard in biotech. But with a comprehensive national strategy and extensive resources now supporting the industry, it is becoming more innovative. In fact, several indicators suggest it is narrowing the innovation gap with global leaders in the West.",ITIF官方Reports & Briefings目录元数据,总目录保留；科技创新机制、中国比较或跨期节点进入全文层,2026-08-23
C-ITIF-RB-2024-HOW-EXPERTS-CHINA-UNITED-KINGDOM-VIEW-AI-RISKS-COLLABORATION,C-ITIF-RB-2024-HOW-EXPERTS-CHINA-UNITED-KINGDOM-VIEW-AI-RISKS-COLLABORATION,2024-08-12,How Experts in China and the United Kingdom View AI Risks and Collaboration,Reports & Briefings,核心,是,https://itif.org/publications/2024/08/12/how-experts-china-united-kingdom-view-ai-risks-collaboration/,"As AI continues to advance, the technology has created many opportunities and risks. Despite significant geopolitical differences, a series of interviews with AI experts in China and the United Kingdom reveals common AI safety priorities, shared understanding of the benefits and risks of open source AI, and agreement on the merits of closer collaboration—but also obstacles to closer partnerships.",ITIF官方Reports & Briefings目录元数据,已进入精选全文；按本地原始资产、文本和切片调用,2026-08-23
C-ITIF-RB-2024-US-DEVELOPMENT-FINANCING-STOP-REWARDING-NATIONS-POLICIES-HARM-US-COMPANIES,C-ITIF-RB-2024-US-DEVELOPMENT-FINANCING-STOP-REWARDING-NATIONS-POLICIES-HARM-US-COMPANIES,2024-08-12,US Development Financing Needs to Stop Rewarding Nations Whose Policies Harm US Companies and Workers,Reports & Briefings,语境,是,https://itif.org/publications/2024/08/12/us-development-financing-stop-rewarding-nations-policies-harm-us-companies/,"The U.S. Development Finance Corporation (DFC), which was created to serve counterweight to China’s Belt-and-Road initiative, rewards countries whose intellectual property and data policies harm American commercial interests and jobs. That needs to stop.",ITIF官方Reports & Briefings目录元数据,总目录保留；科技创新机制、中国比较或跨期节点进入全文层,2026-08-23
C-ITIF-2024-HOW-INNOVATIVE-IS-CHINA-IN-SEMICONDUCTORS,C-ITIF-2024-HOW-INNOVATIVE-IS-CHINA-IN-SEMICONDUCTORS,2024-08-19,How Innovative Is China in Semiconductors?,Reports & Briefings,核心,是,https://itif.org/publications/2024/08/19/how-innovative-is-china-in-semiconductors/,"China stands about five years behind global leaders in high-volume manufacturing of leading-edge logic semiconductor chips, and continues to trail in memory chips and semiconductor manufacturing equipment, although Chinese firms have made inroads in semiconductor design and production of legacy semiconductor chips.",ITIF官方Reports & Briefings目录元数据,总目录保留；科技创新机制、中国比较或跨期节点进入全文层,2026-08-23
C-ITIF-2024-HOW-INNOVATIVE-IS-CHINA-IN-AI,C-ITIF-2024-HOW-INNOVATIVE-IS-CHINA-IN-AI,2024-08-26,How Innovative Is China in AI?,Reports & Briefings,核心,是,https://itif.org/publications/2024/08/26/how-innovative-is-china-in-ai/,China’s relentless drive and strategic investments in AI suggest it is only a matter of time before it catches up—if not surpasses—the United States’ early lead.,ITIF官方Reports & Briefings目录元数据,总目录保留；科技创新机制、中国比较或跨期节点进入全文层,2026-08-23
C-ITIF-RB-2024-TECHNO-ECONOMIC-AGENDA-FOR-CANADA,C-ITIF-RB-2024-TECHNO-ECONOMIC-AGENDA-FOR-CANADA,2024-09-03,A Techno-Economic Agenda for Canada’s Next Federal Government,Reports & Briefings,核心,否,https://itif.org/publications/2024/09/03/techno-economic-agenda-for-canada/,"Innovation, productivity, and competitiveness must be top priorities for Canada’s next federal government, not sidenotes or vague aspirations to be addressed with little more than lip service.",ITIF官方Reports & Briefings目录元数据,总目录保留；科技创新机制、中国比较或跨期节点进入全文层,2026-08-23
C-ITIF-RB-2024-AR-VR-SAFETY-SERIES,C-ITIF-RB-2024-AR-VR-SAFETY-SERIES,2024-09-03,"ITIF Series on User Safety in AR/VR: Protecting Adults, Teens, and Kids",Reports & Briefings,语境,否,https://itif.org/publications/2024/09/03/ar-vr-safety-series/,"Over the past decade, augmented reality (AR) and virtual reality (VR) have seen continuous growth and maturation. As AR/VR technologies enter the mainstream, one priority is addressing user safety: ensuring AR/VR products and services do not cause injury, harm, or loss to users.",ITIF官方Reports & Briefings目录元数据,总目录保留；科技创新机制、中国比较或跨期节点进入全文层,2026-08-23
C-ITIF-RB-2024-USER-SAFETY-IN-AR-VR-PROTECTING-KIDS,C-ITIF-RB-2024-USER-SAFETY-IN-AR-VR-PROTECTING-KIDS,2024-09-03,User Safety in AR/VR: Protecting Kids,Reports & Briefings,语境,否,https://itif.org/publications/2024/09/03/user-safety-in-ar-vr-protecting-kids/,"Children play a crucial role in driving adoption of immersive technologies—and parents, corporations, and regulators all have roles to play in balancing privacy and safety concerns to ensure they can enjoy safe, engaging, and innovative experiences.",ITIF官方Reports & Briefings目录元数据,总目录保留；科技创新机制、中国比较或跨期节点进入全文层,2026-08-23
C-ITIF-2024-HOW-INNOVATIVE-IS-CHINA-IN-QUANTUM,C-ITIF-2024-HOW-INNOVATIVE-IS-CHINA-IN-QUANTUM,2024-09-09,How Innovative Is China in Quantum?,Reports & Briefings,核心,是,https://itif.org/publications/2024/09/09/how-innovative-is-china-in-quantum/,"China’s lead in quantum communications is undeniable, but its overall quantum prowess is limited; without computing breakthroughs, the United States still holds the upper hand.",ITIF官方Reports & Briefings目录元数据,总目录保留；科技创新机制、中国比较或跨期节点进入全文层,2026-08-23
C-ITIF-2024-CHINA-IS-RAPIDLY-BECOMING-A-LEADING-INNOVATOR-IN-ADVANCED-INDUSTRIES,C-ITIF-2024-CHINA-IS-RAPIDLY-BECOMING-A-LEADING-INNOVATOR-IN-ADVANCED-INDUSTRIES,2024-09-16,China Is Rapidly Becoming a Leading Innovator in Advanced Industries,Reports & Briefings,语境,是,https://itif.org/publications/2024/09/16/china-is-rapidly-becoming-a-leading-innovator-in-advanced-industries/,"There may be no more important question for the West’s competitive position in advanced industries than whether China is becoming a rival innovator. While the evidence suggests it hasn’t yet taken the overall lead, it has pulled ahead in certain areas, and in many others Chinese firms will likely equal or surpass Western firms within a decade or so.",ITIF官方Reports & Briefings目录元数据,总目录保留；科技创新机制、中国比较或跨期节点进入全文层,2026-08-23
C-ITIF-2024-HOW-INNOVATIVE-IS-CHINA-IN-THE-DISPLAY-INDUSTRY,C-ITIF-2024-HOW-INNOVATIVE-IS-CHINA-IN-THE-DISPLAY-INDUSTRY,2024-09-16,How Innovative Is China in the Display Industry?,Reports & Briefings,语境,是,https://itif.org/publications/2024/09/16/how-innovative-is-china-in-the-display-industry/,"Chinese companies have become leading innovators in display technologies, in addition to becoming the largest global producers. China’s display industry has grown as a result of extensive subsidies, rampant intellectual property theft, and economies of scale.",ITIF官方Reports & Briefings目录元数据,总目录保留；科技创新机制、中国比较或跨期节点进入全文层,2026-08-23
C-ITIF-RB-2024-PATH-TO-DIGITAL-IDENTITY-IN-THE-UNITED-STATES,C-ITIF-RB-2024-PATH-TO-DIGITAL-IDENTITY-IN-THE-UNITED-STATES,2024-09-23,The Path to Digital Identity in the United States,Reports & Briefings,语境,否,https://itif.org/publications/2024/09/23/path-to-digital-identity-in-the-united-states/,"Digital IDs are a more convenient, secure, and versatile option than physical IDs, but few Americans currently have one. With the right investments and collaboration between federal and state governments, Americans could realize the full potential of digital IDs.",ITIF官方Reports & Briefings目录元数据,总目录保留；科技创新机制、中国比较或跨期节点进入全文层,2026-08-23
C-ITIF-RB-2024-WHY-WIND-AND-SOLAR-NEED-NATURAL-GAS-REALISTIC-APPROACH-TO-VARIABILITY,C-ITIF-RB-2024-WHY-WIND-AND-SOLAR-NEED-NATURAL-GAS-REALISTIC-APPROACH-TO-VARIABILITY,2024-09-30,Why Wind and Solar Need Natural Gas: A Realistic Approach to Variability,Reports & Briefings,核心,否,https://itif.org/publications/2024/09/30/why-wind-and-solar-need-natural-gas-realistic-approach-to-variability/,Wind and solar power will replace consistently dispatchable electricity from fossil fuels with variable and more unpredictable clean energy. Seasonal shifts and annual variations cannot be handled with batteries or other proposed storage solutions like hydrogen. Natural gas will have to bridge the gap for many decades.,ITIF官方Reports & Briefings目录元数据,总目录保留；科技创新机制、中国比较或跨期节点进入全文层,2026-08-23
C-ITIF-RB-2024-THE-CONSERVATIVE-WEAPONIZATION-OF-GOVERNMENT-AGAINST-TECH,C-ITIF-RB-2024-THE-CONSERVATIVE-WEAPONIZATION-OF-GOVERNMENT-AGAINST-TECH,2024-10-07,The Conservative Weaponization of Government Against Tech,Reports & Briefings,语境,否,https://itif.org/publications/2024/10/07/the-conservative-weaponization-of-government-against-tech/,"Some conservatives have grievances with “Big Tech” companies and would marshal the power of government to punish them. But the policy proposals stemming from this conservative “techlash” would have significant costs for consumers, businesses, and the economy.",ITIF官方Reports & Briefings目录元数据,总目录保留；科技创新机制、中国比较或跨期节点进入全文层,2026-08-23
C-ITIF-RB-2024-ITS-TIME-TO-RESET-US-EU-TECH-AND-TRADE-RELATIONS,C-ITIF-RB-2024-ITS-TIME-TO-RESET-US-EU-TECH-AND-TRADE-RELATIONS,2024-10-21,Go to the Mattresses: It’s Time to Reset U.S.-EU Tech and Trade Relations,Reports & Briefings,语境,否,https://itif.org/publications/2024/10/21/its-time-to-reset-us-eu-tech-and-trade-relations/,"In its bid for tech sovereignty, the EU has been aggressively targeting U.S. firms and industries with unfair protectionist policies. This cannot stand. To move forward into a new era of deeper transatlantic trade integration, America must first demand a level playing field.",ITIF官方Reports & Briefings目录元数据,总目录保留；科技创新机制、中国比较或跨期节点进入全文层,2026-08-23
C-ITIF-RB-2024-EVIDENCE-BASED-BIOPHARMACEUTICAL-POLICYMAKING-SYMPOSIUM-REPORT,C-ITIF-RB-2024-EVIDENCE-BASED-BIOPHARMACEUTICAL-POLICYMAKING-SYMPOSIUM-REPORT,2024-10-23,Evidence-Based Biopharmaceutical Policymaking: Symposium Report,Reports & Briefings,核心,否,https://itif.org/publications/2024/10/23/evidence-based-biopharmaceutical-policymaking-symposium-report/,"There is a need for more rigorous evidence and more recent, high-quality data to inform biopharmaceutical policymaking by shedding light on the relationship between pharmaceutical firms’ expectations of financial returns from new drugs and their ability to invest in further R&D to discover future generations of drugs.",ITIF官方Reports & Briefings目录元数据,总目录保留；科技创新机制、中国比较或跨期节点进入全文层,2026-08-23
C-ITIF-RB-2024-EVIDENCE-TO-INFORM-BIOPHARMACEUTICAL-POLICY-CALL-FOR-RESEARCH,C-ITIF-RB-2024-EVIDENCE-TO-INFORM-BIOPHARMACEUTICAL-POLICY-CALL-FOR-RESEARCH,2024-10-28,Evidence to Inform Biopharmaceutical Policy: A Call for Research on the Impact of Public Policies on Investment in Drug Development,Reports & Briefings,核心,否,https://itif.org/publications/2024/10/28/evidence-to-inform-biopharmaceutical-policy-call-for-research/,"The scope and magnitude of the trade-off between immediate savings from lower drug prices and future health benefits from clinical development remain poorly understood and quantified. To support rigorous evaluations and inform evidence-based policymaking, it is crucial to invest in this area through research grants and improved access to federal and private data.",ITIF官方Reports & Briefings目录元数据,总目录保留；科技创新机制、中国比较或跨期节点进入全文层,2026-08-23
C-ITIF-RB-2024-GTIPA-PERSPECTIVES-VITAL-IMPORTANCE-DIGITAL-INCLUSIVITY-GLOBAL-ECONOMIC-GROWTH,C-ITIF-RB-2024-GTIPA-PERSPECTIVES-VITAL-IMPORTANCE-DIGITAL-INCLUSIVITY-GLOBAL-ECONOMIC-GROWTH,2024-11-14,GTIPA Perspectives: The Vital Importance of Digital Inclusivity for Global Economic Growth,Reports & Briefings,支撑,否,https://itif.org/publications/2024/11/14/gtipa-perspectives-vital-importance-digital-inclusivity-global-economic-growth/,"Information and communications technology (ICT) is driving global economic growth and economic opportunity. Many countries are taking effective steps to deploy digital infrastructure, enhance citizens’ digital skills and literacy, empower women and disabled citizens to leverage digital tools, and helping small- and medium-sized enterprises take advantage of digital technologies.",ITIF官方Reports & Briefings目录元数据,总目录保留；科技创新机制、中国比较或跨期节点进入全文层,2026-08-23
C-ITIF-RB-2024-HARNESSING-AI-TO-ACCELERATE-INNOVATION-IN-THE-BIOPHARMACEUTICAL-INDUSTRY,C-ITIF-RB-2024-HARNESSING-AI-TO-ACCELERATE-INNOVATION-IN-THE-BIOPHARMACEUTICAL-INDUSTRY,2024-11-15,Harnessing AI to Accelerate Innovation in the Biopharmaceutical Industry,Reports & Briefings,核心,否,https://itif.org/publications/2024/11/15/harnessing-ai-to-accelerate-innovation-in-the-biopharmaceutical-industry/,"AI has the potential to transform drug development by enhancing productivity across the entire development pipeline, boosting biopharmaceutical innovation, accelerating the delivery of new therapies, and fostering competition to help improve public health outcomes.",ITIF官方Reports & Briefings目录元数据,总目录保留；科技创新机制、中国比较或跨期节点进入全文层,2026-08-23
C-ITIF-RB-2024-US-INDIA-SUBNATIONAL-INNOVATION-COMPETITIVENESS-INDEX,C-ITIF-RB-2024-US-INDIA-SUBNATIONAL-INNOVATION-COMPETITIVENESS-INDEX,2024-11-15,US-India Subnational Innovation Competitiveness Index,Reports & Briefings,核心,否,https://itif.org/publications/2024/11/15/us-india-subnational-innovation-competitiveness-index/,"For policymakers to bolster the global competitiveness of their nations and regions, they first must know where they stand. This report benchmarks the 87 regions of India and the United States using 13 commonly available indicators of strength in the knowledge economy, globalization, and innovation capacity.",ITIF官方Reports & Briefings目录元数据,总目录保留；科技创新机制、中国比较或跨期节点进入全文层,2026-08-23
C-ITIF-RB-2024-DIGITAL-TRANSFORMATION-SHOULD-HEART-UK-ECONOMIC-AGENDA,C-ITIF-RB-2024-DIGITAL-TRANSFORMATION-SHOULD-HEART-UK-ECONOMIC-AGENDA,2024-11-25,Digital Transformation Should Be at the Heart of the UK’s Economic Agenda,Reports & Briefings,核心,否,https://itif.org/publications/2024/11/25/digital-transformation-should-heart-uk-economic-agenda/,"The UK stands at a critical moment when embracing digital transformation, AI, and data innovation is not just an opportunity but also a necessity. By implementing forward-thinking policies, the UK can not only drive economic growth but also position itself as a global leader in emerging technologies.",ITIF官方Reports & Briefings目录元数据,总目录保留；科技创新机制、中国比较或跨期节点进入全文层,2026-08-23
C-ITIF-RB-2024-REVIVING-ROBINSON-PATMAN-ACT-WILL-NOT-LEAD-TO-MORE-COMPETITION-BETTER-ECONOMY,C-ITIF-RB-2024-REVIVING-ROBINSON-PATMAN-ACT-WILL-NOT-LEAD-TO-MORE-COMPETITION-BETTER-ECONOMY,2024-11-25,"No, Reviving the Robinson-Patman Act Will Not Lead to More Competition or a Better Economy",Reports & Briefings,语境,否,https://itif.org/publications/2024/11/25/reviving-robinson-patman-act-will-not-lead-to-more-competition-better-economy/,"Neo-Brandeisians aim to reinvigorate the Robinson-Patman Act to protect small businesses. But the act doesn’t address any anticompetitive conduct that isn’t already covered by the Sherman Act, and enforcing it will only harm consumers and limit growth. Rather than repeat history’s mistakes, the next Congress should repeal the act once and for all.",ITIF官方Reports & Briefings目录元数据,总目录保留；科技创新机制、中国比较或跨期节点进入全文层,2026-08-23
C-ITIF-RB-2024-GOVERNMENT-OWNED-BROADBAND-NETWORKS-ARE-NOT-COMPETING-ON-A-LEVEL-PLAYING-FIELD,C-ITIF-RB-2024-GOVERNMENT-OWNED-BROADBAND-NETWORKS-ARE-NOT-COMPETING-ON-A-LEVEL-PLAYING-FIELD,2024-12-02,Government-Owned Broadband Networks Are Not Competing on a Level Playing Field,Reports & Briefings,支撑,否,https://itif.org/publications/2024/12/02/government-owned-broadband-networks-are-not-competing-on-a-level-playing-field/,"In most cases, local governments have neither the competence nor the economies of scale to deliver broadband as well as private ISPs. So, favoring government-owned networks wastes societal resources, creates unfair competition, and is frequently unsustainable in the long run.",ITIF官方Reports & Briefings目录元数据,总目录保留；科技创新机制、中国比较或跨期节点进入全文层,2026-08-23
C-ITIF-RB-2024-POWER-INTELLECTUAL-PROPERTY-INNOVATION-SOLVING-GLOBAL-HEALTH-CHALLENGES,C-ITIF-RB-2024-POWER-INTELLECTUAL-PROPERTY-INNOVATION-SOLVING-GLOBAL-HEALTH-CHALLENGES,2024-12-04,Innovate4Health: The Power of Intellectual Property and Innovation in Solving Global Health Challenges,Reports & Briefings,核心,否,https://itif.org/publications/2024/12/04/power-intellectual-property-innovation-solving-global-health-challenges/,"Many of the world’s biggest challenges are health challenges. The good news is that, more than ever, people are meeting these challenges with innovative solutions.",ITIF官方Reports & Briefings目录元数据,总目录保留；科技创新机制、中国比较或跨期节点进入全文层,2026-08-23
C-ITIF-RB-2024-WHICH-US-ALLIES-ARE-MOST-LIKELY-TO-FACE-TRUMP-TARIFFS,C-ITIF-RB-2024-WHICH-US-ALLIES-ARE-MOST-LIKELY-TO-FACE-TRUMP-TARIFFS,2024-12-09,Which US Allies Are Most Likely to Face Trump Tariffs—and How Can They Avoid the Wrath of an “America First” Doctrine?,Reports & Briefings,语境,是,https://itif.org/publications/2024/12/09/which-us-allies-are-most-likely-to-face-trump-tariffs/,"President-elect Trump believes the era of U.S.-led globalization has been harmful to America. One way he intends to change course is by imposing tariffs on nations that take advantage of U.S. goodwill and leadership. At greatest risk will be nations with low military budgets, high trade balances, policy barriers to reciprocal trade, and soft positions on China.",ITIF官方Reports & Briefings目录元数据,总目录保留；科技创新机制、中国比较或跨期节点进入全文层,2026-08-23
C-ITIF-RB-2024-SOUTH-KOREA-SHOULD-RESIST-NEW-DIGITAL-PLATFORM-LAWS,C-ITIF-RB-2024-SOUTH-KOREA-SHOULD-RESIST-NEW-DIGITAL-PLATFORM-LAWS,2024-12-09,Why South Korea Should Resist New Digital Platform Laws,Reports & Briefings,核心,是,https://itif.org/publications/2024/12/09/south-korea-should-resist-new-digital-platform-laws/,"Policymakers in South Korea are weighing a raft of digital market provisions inspired by the EU’s Digital Markets Act. Their goal is to rein in allegedly anticompetitive practices by Big Tech firms. But the proposed interventions are unwarranted and risk harming innovation, straining relations with the United States during uncertain times, and opening the door to China.",ITIF官方Reports & Briefings目录元数据,总目录保留；科技创新机制、中国比较或跨期节点进入全文层,2026-08-23
C-ITIF-RB-2024-WHY-AI-GENERATED-CONTENT-LABELING-MANDATES-FALL-SHORT,C-ITIF-RB-2024-WHY-AI-GENERATED-CONTENT-LABELING-MANDATES-FALL-SHORT,2024-12-16,Why AI-Generated Content Labeling Mandates Fall Short,Reports & Briefings,核心,否,https://itif.org/publications/2024/12/16/why-ai-generated-content-labeling-mandates-fall-short/,"Mandatory labeling for AI-generated content, particularly through watermarking, is neither a reasonable nor effective solution to the issues policymakers seek to address. Rather than singling out AI-generated content, policymakers should prioritize building trust within the digital ecosystem as a whole.",ITIF官方Reports & Briefings目录元数据,总目录保留；科技创新机制、中国比较或跨期节点进入全文层,2026-08-23
C-ITIF-RB-2025-A-BLUEPRINT-FOR-BROADBAND-AFFORDABILITY,C-ITIF-RB-2025-A-BLUEPRINT-FOR-BROADBAND-AFFORDABILITY,2025-01-13,A Blueprint for Broadband Affordability,Reports & Briefings,支撑,否,https://itif.org/publications/2025/01/13/a-blueprint-for-broadband-affordability/,"Congress should create a more targeted and durable Affordable Connectivity Program by aligning funding priorities with the remaining causes of the digital divide. By prioritizing affordability rather than deployment, the new program can connect low-income households without new federal spending.",ITIF官方Reports & Briefings目录元数据,总目录保留；科技创新机制、中国比较或跨期节点进入全文层,2026-08-23
C-ITIF-RB-2025-BEAD-NEEDS-ALL-TECHNOLOGIES-TO-SUCCEED,C-ITIF-RB-2025-BEAD-NEEDS-ALL-TECHNOLOGIES-TO-SUCCEED,2025-01-21,BEAD Needs All Technologies to Succeed,Reports & Briefings,支撑,否,https://itif.org/publications/2025/01/21/bead-needs-all-technologies-to-succeed/,"The administration should reform the Broadband Equity, Access, and Deployment (BEAD) program to stop favoring overly expensive fiber when LEO satellites could do the same job for less. Taking a technology-neutral approach to broadband deployment would save money that could be better spent on other causes of the digital divide.",ITIF官方Reports & Briefings目录元数据,总目录保留；科技创新机制、中国比较或跨期节点进入全文层,2026-08-23
C-ITIF-RB-2025-ABOUT-THE-AEGIS-PROJECT,C-ITIF-RB-2025-ABOUT-THE-AEGIS-PROJECT,2025-01-24,About ITIF’s Aegis Project for Defending U.S. Technology Leadership,Reports & Briefings,语境,是,https://itif.org/publications/2025/01/24/about-the-aegis-project/,ITIF’s Aegis Project for Defending U.S. Technology Leadership is dedicated to helping the United States prevail in its epochal techno-economic competition with China by identifying and opposing non-tariff attacks that undermine the competitive position of major U.S. technology companies.,ITIF官方Reports & Briefings目录元数据,总目录保留；科技创新机制、中国比较或跨期节点进入全文层,2026-08-23
C-ITIF-RB-2025-TIME-RESET-CLEAN-ENERGY-POLICY-FOCUSING-PRICE-PERFORMANCE-PARITY-P3,C-ITIF-RB-2025-TIME-RESET-CLEAN-ENERGY-POLICY-FOCUSING-PRICE-PERFORMANCE-PARITY-P3,2025-01-27,"Mend It, Don’t End It: It’s Time to Reset Clean Energy Policy by Focusing on Price/Performance Parity (P3)",Reports & Briefings,核心,否,https://itif.org/publications/2025/01/27/time-reset-clean-energy-policy-focusing-price-performance-parity-p3/,"The Trump administration and Congress have a golden opportunity to put clean energy policy on a new, more viable track by adopting an innovation-based strategy to spur technologies that can compete with fossil fuels on both price and performance.",ITIF官方Reports & Briefings目录元数据,总目录保留；科技创新机制、中国比较或跨期节点进入全文层,2026-08-23
C-ITIF-RB-2025-A-POLICYMAKERS-GUIDE-TO-CHINAS-TECHNOLOGY-SECURITY-STRATEGY,C-ITIF-RB-2025-A-POLICYMAKERS-GUIDE-TO-CHINAS-TECHNOLOGY-SECURITY-STRATEGY,2025-02-18,A Policymaker’s Guide to China’s Technology Security Strategy,Reports & Briefings,语境,是,https://itif.org/publications/2025/02/18/a-policymakers-guide-to-chinas-technology-security-strategy/,"The U.S. government must adopt a clear-eyed view of China’s technology security strategy by recognizing China is temporarily lagging in some sectors, rapidly catching up in others, and already leading in many.",ITIF官方Reports & Briefings目录元数据,总目录保留；科技创新机制、中国比较或跨期节点进入全文层,2026-08-23
C-ITIF-2025-UNDERSTANDING-COMPARING-NATIONAL-INNOVATION-SYSTEMS-US-KOREA-CHINA-JAPAN-TAIWAN,C-ITIF-2025-UNDERSTANDING-COMPARING-NATIONAL-INNOVATION-SYSTEMS-US-KOREA-CHINA-JAPAN-TAIWAN,2025-02-20,"Understanding and Comparing National Innovation Systems: The U.S., Korea, China, Japan, and Taiwan",Reports & Briefings,核心,是,https://itif.org/publications/2025/02/20/understanding-comparing-national-innovation-systems-us-korea-china-japan-taiwan/,"This collaborative project between ITIF and Chey Institute for Advanced Studies compares and contrasts the national innovation systems of five economies—the United States, Korea, China, Japan, and Taiwan—to determine how well they are positioned to support innovation in key foundational and emerging technologies.",ITIF官方Reports & Briefings目录元数据,总目录保留；科技创新机制、中国比较或跨期节点进入全文层,2026-08-23
C-ITIF-RB-2025-THE-INFLATION-REDUCTION-ACT-IS-NEGOTIATING-THE-UNITED-STATES-OUT-OF-DRUG-INNOVATION,C-ITIF-RB-2025-THE-INFLATION-REDUCTION-ACT-IS-NEGOTIATING-THE-UNITED-STATES-OUT-OF-DRUG-INNOVATION,2025-02-25,The Inflation Reduction Act Is Negotiating the United States Out of Drug Innovation,Reports & Briefings,核心,否,https://itif.org/publications/2025/02/25/the-inflation-reduction-act-is-negotiating-the-united-states-out-of-drug-innovation/,"The Inflation Reduction Act (IRA) undermines innovation in small-molecule drugs by subjecting them to price controls after 9 years, whereas large-molecule drugs (biologics) are allowed 13 years of market pricing. Congress should pass the bipartisan EPIC Act to remedy this issue.",ITIF官方Reports & Briefings目录元数据,总目录保留；科技创新机制、中国比较或跨期节点进入全文层,2026-08-23
C-ITIF-RB-2025-FROM-FAST-FOLLOWER-TO-INNOVATION-LEADER-RESTRUCTURING-SOUTH-KOREAS-TECHNOLOGY-REGULATION,C-ITIF-RB-2025-FROM-FAST-FOLLOWER-TO-INNOVATION-LEADER-RESTRUCTURING-SOUTH-KOREAS-TECHNOLOGY-REGULATION,2025-03-03,From Fast Follower to Innovation Leader: Restructuring South Korea’s Technology Regulation,Reports & Briefings,核心,是,https://itif.org/publications/2025/03/03/from-fast-follower-to-innovation-leader-restructuring-south-koreas-technology-regulation/,"South Korea stands at a crossroads as its restrictive “positive regulation” and “shadow regulations” stifle innovation in AI, crypto, and mobility tech, allowing China to race ahead. Korea must modernize this framework or risk losing its position as a global innovation leader.",ITIF官方Reports & Briefings目录元数据,已进入精选全文；按本地原始资产、文本和切片调用,2026-08-23
C-ITIF-RB-2025-THE-TRADE-IMBALANCE-INDEX-WHERE-THE-TRUMP-ADMINISTRATION-SHOULD-TAKE-ACTION,C-ITIF-RB-2025-THE-TRADE-IMBALANCE-INDEX-WHERE-THE-TRUMP-ADMINISTRATION-SHOULD-TAKE-ACTION,2025-03-10,The Trade Imbalance Index: Where the Trump Administration Should Take Action to Address Trade Distortions,Reports & Briefings,语境,是,https://itif.org/publications/2025/03/10/the-trade-imbalance-index-where-the-trump-administration-should-take-action/,"As the Trump administration seeks to rebalance America’s trade relationships, it should focus the most attention on countries where U.S. industries face the worst trade distortions and imbalances, and where the greatest gains can be achieved for the U.S. economy. China, India, and the European Union top that list.",ITIF官方Reports & Briefings目录元数据,总目录保留；科技创新机制、中国比较或跨期节点进入全文层,2026-08-23
C-ITIF-RB-2025-THE-VALUE-OF-FOLLOW-ON-BIOPHARMA-INNOVATION,C-ITIF-RB-2025-THE-VALUE-OF-FOLLOW-ON-BIOPHARMA-INNOVATION,2025-03-17,The Value of Follow-On Biopharma Innovation for Health Outcomes and Economic Growth,Reports & Briefings,核心,否,https://itif.org/publications/2025/03/17/the-value-of-follow-on-biopharma-innovation/,"Follow-on biopharmaceutical innovations deliver substantial health and economic benefits by improving the safety and efficacy of existing therapies, addressing unmet patient needs, expanding therapeutic applications, and enhancing adherence. Supportive policies are essential to sustain progress and ensure broad access to these medical advances.",ITIF官方Reports & Briefings目录元数据,总目录保留；科技创新机制、中国比较或跨期节点进入全文层,2026-08-23
C-ITIF-RB-2025-GLOBALIZATION2-A-NEW-TRADE-POLICY-FRAMEWORK,C-ITIF-RB-2025-GLOBALIZATION2-A-NEW-TRADE-POLICY-FRAMEWORK,2025-03-24,Toward Globalization 2.0: A New Trade Policy Framework for Advanced-Industry Leadership and National Power,Reports & Briefings,语境,是,https://itif.org/publications/2025/03/24/globalization2-a-new-trade-policy-framework/,"Globalization 1.0 has failed, but protectionist autarky cannot be its replacement. Instead, it is past time to craft a new kind of globalization that advances U.S. interests in key industries and prevents China from becoming the dominant techno-economic power.",ITIF官方Reports & Briefings目录元数据,总目录保留；科技创新机制、中国比较或跨期节点进入全文层,2026-08-23
C-ITIF-RB-2025-A-POLICYMAKERS-GUIDE-TO-DIGITAL-ANTITRUST-REGULATION,C-ITIF-RB-2025-A-POLICYMAKERS-GUIDE-TO-DIGITAL-ANTITRUST-REGULATION,2025-03-31,A Policymaker’s Guide to Digital Antitrust Regulation,Reports & Briefings,语境,否,https://itif.org/publications/2025/03/31/a-policymakers-guide-to-digital-antitrust-regulation/,"Rather than adopt the European Union’s model for regulating competition, policymakers considering how to govern digital markets should carefully evaluate whether digital antitrust regulation is justified and consider whether concerns about anticompetitive behavior can be addressed with less intrusive and more cost-effective tools.",ITIF官方Reports & Briefings目录元数据,总目录保留；科技创新机制、中国比较或跨期节点进入全文层,2026-08-23
C-ITIF-RB-2025-CHINAS-STATE-BACKED-E-COMMERCE-PLATFORMS-THREATEN-AMERICAN-CONSUMERS-US-TECHNOLOGY-LEADERSHIP,C-ITIF-RB-2025-CHINAS-STATE-BACKED-E-COMMERCE-PLATFORMS-THREATEN-AMERICAN-CONSUMERS-US-TECHNOLOGY-LEADERSHIP,2025-04-02,How China’s State-Backed E-Commerce Platforms Threaten American Consumers and U.S. Technology Leadership,Reports & Briefings,核心,是,https://itif.org/publications/2025/04/02/chinas-state-backed-e-commerce-platforms-threaten-american-consumers-us-technology-leadership/,"China’s industrial strategy calls for gaining market share in e-commerce to expand its global influence, financial footprint, and ability to compete in AI. Policymakers should act now to avoid leaving U.S. platforms at a structural disadvantage and exposing U.S. consumers to harm.",ITIF官方Reports & Briefings目录元数据,总目录保留；科技创新机制、中国比较或跨期节点进入全文层,2026-08-23
C-ITIF-RB-2025-SMALL-MODULAR-REACTORS-A-REALIST-APPROACH-TO-THE-FUTURE-OF-NUCLEAR-POWER,C-ITIF-RB-2025-SMALL-MODULAR-REACTORS-A-REALIST-APPROACH-TO-THE-FUTURE-OF-NUCLEAR-POWER,2025-04-14,Small Modular Reactors: A Realist Approach to the Future of Nuclear Power,Reports & Briefings,核心,否,https://itif.org/publications/2025/04/14/small-modular-reactors-a-realist-approach-to-the-future-of-nuclear-power/,"Standard large nuclear reactors won’t achieve scale or cost competitiveness with alternative energy sources. DOE should focus its resources on small modular reactors, which are a more promising technology with the potential to achieve price and performance parity.",ITIF官方Reports & Briefings目录元数据,总目录保留；科技创新机制、中国比较或跨期节点进入全文层,2026-08-23
C-ITIF-RB-2025-AN-IT-POLICY-PLAYBOOK-FOR-CANADA,C-ITIF-RB-2025-AN-IT-POLICY-PLAYBOOK-FOR-CANADA,2025-04-16,An IT Policy Playbook for Canada,Reports & Briefings,语境,否,https://itif.org/publications/2025/04/16/an-it-policy-playbook-for-canada/,"The Canadian economy is shifting faster than its institutions are. This playbook lays out an agenda to address what Canada must fix, build, and scale in order to compete through technology.",ITIF官方Reports & Briefings目录元数据,总目录保留；科技创新机制、中国比较或跨期节点进入全文层,2026-08-23
C-ITIF-RB-2025-DE-FACTO-EU-TARIFF-SYSTEM,C-ITIF-RB-2025-DE-FACTO-EU-TARIFF-SYSTEM,2025-04-28,EU Regulatory Actions Against US Tech Companies Are a De Facto Tariff System,Reports & Briefings,语境,否,https://itif.org/publications/2025/04/28/de-facto-eu-tariff-system/,EU policymakers frame their legislative and regulatory actions against U.S. tech companies as measures to promote competition and protect consumers. But they operate as protectionist trade barriers and revenue-generating mechanisms.,ITIF官方Reports & Briefings目录元数据,总目录保留；科技创新机制、中国比较或跨期节点进入全文层,2026-08-23
C-ITIF-RB-2025-THE-STATE-HAMILTON-INDEX-DATAVIZ,C-ITIF-RB-2025-THE-STATE-HAMILTON-INDEX-DATAVIZ,2025-05-05,The State Hamilton Index: Data Visualization,Reports & Briefings,语境,否,https://itif.org/publications/2025/05/05/the-state-hamilton-index-dataviz/,ITIF’s State Hamilton Index benchmarks all U.S. 50 states and the District of Columbia based on their relative specialization in 21 advanced industries. Use the data visualization to see how states perform.,ITIF官方Reports & Briefings目录元数据,总目录保留；科技创新机制、中国比较或跨期节点进入全文层,2026-08-23
C-ITIF-RB-2025-THE-STATE-HAMILTON-INDEX-MOST-STATES-UNDERPERFORM-IN-ADVANCED-INDUSTRIES,C-ITIF-RB-2025-THE-STATE-HAMILTON-INDEX-MOST-STATES-UNDERPERFORM-IN-ADVANCED-INDUSTRIES,2025-05-05,The State Hamilton Index: Most States Underperform in Advanced Industries,Reports & Briefings,核心,是,https://itif.org/publications/2025/05/05/the-state-hamilton-index-most-states-underperform-in-advanced-industries/,"Innovation-driven production is key to reclaiming U.S. dominance on the international stage. Yet, all but a few U.S. state economies are less concentrated in advanced industries than the world average—and only one is ahead of China.",ITIF官方Reports & Briefings目录元数据,总目录保留；科技创新机制、中国比较或跨期节点进入全文层,2026-08-23
C-ITIF-RB-2025-SOUTH-KOREAN-POLICY-TRUMP-CHINA-ERA-BROAD-BASED-TECHNOLOGICAL-INNOVATION,C-ITIF-RB-2025-SOUTH-KOREAN-POLICY-TRUMP-CHINA-ERA-BROAD-BASED-TECHNOLOGICAL-INNOVATION,2025-05-18,"South Korean Policy in the Trump and China Era: Broad-Based Technological Innovation, Not Just Export-Led Growth",Reports & Briefings,核心,是,https://itif.org/publications/2025/05/18/south-korean-policy-trump-china-era-broad-based-technological-innovation/,"In the Trump and China era, South Korea must move beyond export-led growth. Scaling up small firms and boosting productivity in services must be national imperatives.",ITIF官方Reports & Briefings目录元数据,总目录保留；科技创新机制、中国比较或跨期节点进入全文层,2026-08-23
C-ITIF-RB-2025-SHORT-CIRCUITED-HOW-SEMICONDUCTOR-TARIFFS-WOULD-HARM-THE-US-ECONOMY,C-ITIF-RB-2025-SHORT-CIRCUITED-HOW-SEMICONDUCTOR-TARIFFS-WOULD-HARM-THE-US-ECONOMY,2025-05-21,Short-Circuited: How Semiconductor Tariffs Would Harm the U.S. Economy and Digital Industry Leadership,Reports & Briefings,核心,否,https://itif.org/publications/2025/05/21/short-circuited-how-semiconductor-tariffs-would-harm-the-us-economy/,"Imposing blanket tariffs on U.S. semiconductor imports would imperil U.S. leadership across a broad range of digital and nondigital industries while significantly decreasing U.S. economic growth, raising prices, and jeopardizing broader U.S. manufacturing competitiveness.",ITIF官方Reports & Briefings目录元数据,总目录保留；科技创新机制、中国比较或跨期节点进入全文层,2026-08-23
C-ITIF-RB-2025-UNDERINVESTMENT-IN-CAPITAL-EQUIPMENT-HINDERS-CANADIAN-PRODUCTIVITY-GROWTH,C-ITIF-RB-2025-UNDERINVESTMENT-IN-CAPITAL-EQUIPMENT-HINDERS-CANADIAN-PRODUCTIVITY-GROWTH,2025-05-27,Underinvestment in Capital Equipment Hinders Canadian Productivity Growth,Reports & Briefings,支撑,否,https://itif.org/publications/2025/05/27/underinvestment-in-capital-equipment-hinders-canadian-productivity-growth/,"Canadian firms are underinvesting in productivity-enhancing capital such as machinery, software, and advanced technologies. Without targeted reforms to boost investment and improve data collection, Canada risks falling further behind in global competitiveness and economic growth.",ITIF官方Reports & Briefings目录元数据,总目录保留；科技创新机制、中国比较或跨期节点进入全文层,2026-08-23
C-ITIF-RB-2025-BIG-PHARMA-IS-A-NORMAL-INDUSTRY,C-ITIF-RB-2025-BIG-PHARMA-IS-A-NORMAL-INDUSTRY,2025-05-27,“Big Pharma” Is a Normal Industry,Reports & Briefings,核心,否,https://itif.org/publications/2025/05/27/big-pharma-is-a-normal-industry/,"President Trump has announced his intention to regulate U.S. drug prices. But the arguments in favor of doing so are wrong. Price controls reduce development of new treatments and cures, and hurt U.S. biopharmaceutical competitiveness.",ITIF官方Reports & Briefings目录元数据,总目录保留；科技创新机制、中国比较或跨期节点进入全文层,2026-08-23
C-ITIF-RB-2025-ARVRS-POTENTIAL-IN-HEALTH-CARE,C-ITIF-RB-2025-ARVRS-POTENTIAL-IN-HEALTH-CARE,2025-06-02,AR/VR’s Potential in Health Care,Reports & Briefings,核心,否,https://itif.org/publications/2025/06/02/arvrs-potential-in-health-care/,AR/VR innovation needs to accelerate in order to meet the critical demands of health care. Policymakers should empower and fund immersive technologies in the health-care industry because of the long-term cost saving benefits and positive impact on patient care.,ITIF官方Reports & Briefings目录元数据,总目录保留；科技创新机制、中国比较或跨期节点进入全文层,2026-08-23
C-ITIF-RB-2025-BLOCKING-ACCESS-TO-FOREIGN-PIRATE-SITES-A-LONG-OVERDUE-TASK-FOR-CONGRESS,C-ITIF-RB-2025-BLOCKING-ACCESS-TO-FOREIGN-PIRATE-SITES-A-LONG-OVERDUE-TASK-FOR-CONGRESS,2025-06-09,Blocking Access to Foreign Pirate Sites: A Long-Overdue Task for Congress,Reports & Briefings,语境,否,https://itif.org/publications/2025/06/09/blocking-access-to-foreign-pirate-sites-a-long-overdue-task-for-congress/,"More than a decade after the overheated SOPA/PIPA debate, experience from around the world shows that blocking access to piracy websites is an effective way to protect copyright holders and increase legal content consumption without harming legal commerce or free expression.",ITIF官方Reports & Briefings目录元数据,总目录保留；科技创新机制、中国比较或跨期节点进入全文层,2026-08-23
C-ITIF-RB-2025-BAYH-DOLE-ACTS-ROLE-IN-STIMULATING-UNIVERSITY-LED-REGIONAL-ECONOMIC-GROWTH,C-ITIF-RB-2025-BAYH-DOLE-ACTS-ROLE-IN-STIMULATING-UNIVERSITY-LED-REGIONAL-ECONOMIC-GROWTH,2025-06-16,The Bayh-Dole Act’s Role in Stimulating University-Led Regional Economic Growth,Reports & Briefings,核心,否,https://itif.org/publications/2025/06/16/bayh-dole-acts-role-in-stimulating-university-led-regional-economic-growth/,"Universities play a pivotal role in America’s technology economy, serving as a crucial source of research, inventions, patents, start-up technology companies, and regional economic and employment growth. The Bayh-Dole Act has played an instrumental role in spurring academic technology transfer activities that serve as vital drivers of American innovation.",ITIF官方Reports & Briefings目录元数据,总目录保留；科技创新机制、中国比较或跨期节点进入全文层,2026-08-23
C-ITIF-RB-2025-CONGRESS-SHOULD-FULLY-FUND-NSF-TIP-DIRECTORATE,C-ITIF-RB-2025-CONGRESS-SHOULD-FULLY-FUND-NSF-TIP-DIRECTORATE,2025-06-30,Congress Should Fully Fund NSF’s TIP Directorate to Make America More Competitive Versus China,Reports & Briefings,核心,是,https://itif.org/publications/2025/06/30/congress-should-fully-fund-nsf-tip-directorate/,"Congress has authorized $20 billion over five years to fund the National Science Foundation’s Technology Innovation Partnership, but lawmakers have appropriated just $410 million. To win the techno-economic war with China, America needs the TIP directorate to be fully funded.",ITIF官方Reports & Briefings目录元数据,已进入精选全文；按本地原始资产、文本和切片调用,2026-08-23
C-ITIF-RB-2025-HOW-AMERICAS-TRADING-PARTNERS-REACTING-TO-US-TARIFFS,C-ITIF-RB-2025-HOW-AMERICAS-TRADING-PARTNERS-REACTING-TO-US-TARIFFS,2025-06-30,How America’s Trading Partners Are Reacting to US Tariffs,Reports & Briefings,核心,否,https://itif.org/publications/2025/06/30/how-americas-trading-partners-reacting-to-us-tariffs/,Global Trade and Innovation Policy Alliance (GTIPA) members from 17 countries analyzed how their economies are reacting to U.S. tariffs. Many countries are seeking to support their local producers and establish trade arrangements that are less reliant on the United States.,ITIF官方Reports & Briefings目录元数据,总目录保留；科技创新机制、中国比较或跨期节点进入全文层,2026-08-23
C-ITIF-RB-2025-BROADBAND-CONVERGENCE-IS-CREATING-MORE-COMPETITION,C-ITIF-RB-2025-BROADBAND-CONVERGENCE-IS-CREATING-MORE-COMPETITION,2025-07-07,Broadband Convergence Is Creating More Competition,Reports & Briefings,支撑,否,https://itif.org/publications/2025/07/07/broadband-convergence-is-creating-more-competition/,"Multiple broadband technologies are delivering high-speed Internet service to consumers, creating even more robust competition. Yet, regulations are misaligned with market realities and should be updated to help maximize the consumer benefits of this increasing competition.",ITIF官方Reports & Briefings目录元数据,总目录保留；科技创新机制、中国比较或跨期节点进入全文层,2026-08-23
C-ITIF-RB-2025-TIME-TO-ACT-POLICIES-TO-STRENGTHEN-US-ROBOTICS-INDUSTRY,C-ITIF-RB-2025-TIME-TO-ACT-POLICIES-TO-STRENGTHEN-US-ROBOTICS-INDUSTRY,2025-07-18,A Time to Act: Policies to Strengthen the US Robotics Industry,Reports & Briefings,核心,否,https://itif.org/publications/2025/07/18/time-to-act-policies-to-strengthen-us-robotics-industry/,Robots are the future. It is time for Congress and the administration to take a number of straightforward and affordable steps to boost U.S. robotics innovation and adoption.,ITIF官方Reports & Briefings目录元数据,总目录保留；科技创新机制、中国比较或跨期节点进入全文层,2026-08-23
C-ITIF-RB-2025-A-TRUCK-MILEAGE-TRAVELED-TAX-TO-ENHANCE-US-ROADWAY-SUSTAINABILITY,C-ITIF-RB-2025-A-TRUCK-MILEAGE-TRAVELED-TAX-TO-ENHANCE-US-ROADWAY-SUSTAINABILITY,2025-07-21,A Truck Mileage Traveled Tax to Enhance US Roadway Sustainability,Reports & Briefings,语境,否,https://itif.org/publications/2025/07/21/a-truck-mileage-traveled-tax-to-enhance-us-roadway-sustainability/,"Insufficient, inequitable, and poorly incentivized tax structures are leading to counterproductive behaviors in the trucking industry that threaten the sustainability of the U.S. highway network. An axle-adjusted vehicle mileage traveled tax would address many of these inefficiencies and help address the shortfall to ensure the sustainability of the U.S. Interstate network.",ITIF官方Reports & Briefings目录元数据,总目录保留；科技创新机制、中国比较或跨期节点进入全文层,2026-08-23
C-ITIF-RB-2025-A-SHOT-AT-A-HEALTHIER-FUTURE-THE-TRANSFORMATIVE-POTENTIAL-OF-GLP-1S,C-ITIF-RB-2025-A-SHOT-AT-A-HEALTHIER-FUTURE-THE-TRANSFORMATIVE-POTENTIAL-OF-GLP-1S,2025-08-18,A Shot at a Healthier Future: The Transformative Potential of GLP-1s,Reports & Briefings,语境,否,https://itif.org/publications/2025/08/18/a-shot-at-a-healthier-future-the-transformative-potential-of-glp-1s/,"Obesity affects over 42 percent of U.S. adults, costing the nation more than $400 billion annually. Traditional weight-loss methods alone have proved to be insufficient in addressing this growing public health burden. But GLP-1 receptor agonists now offer the potential to profoundly transform obesity care. Public policies should support their wider adoption.",ITIF官方Reports & Briefings目录元数据,总目录保留；科技创新机制、中国比较或跨期节点进入全文层,2026-08-23
C-ITIF-RB-2025-HOW-CHINESE-ONLINE-MARKETPLACES-FUEL-COUNTERFEITS,C-ITIF-RB-2025-HOW-CHINESE-ONLINE-MARKETPLACES-FUEL-COUNTERFEITS,2025-08-20,How Chinese Online Marketplaces Fuel Counterfeits,Reports & Briefings,语境,是,https://itif.org/publications/2025/08/20/how-chinese-online-marketplaces-fuel-counterfeits/,"Chinese e-commerce platforms facilitate sales of counterfeit products, threatening U.S. intellectual property, fair competition, and consumer safety. Policymakers should take action to hold these platforms accountable and protect American consumers and businesses.",ITIF官方Reports & Briefings目录元数据,总目录保留；科技创新机制、中国比较或跨期节点进入全文层,2026-08-23
C-ITIF-RB-2025-HOW-DIGITAL-SERVICES-EMPOWER-SMES-AND-START-UPS,C-ITIF-RB-2025-HOW-DIGITAL-SERVICES-EMPOWER-SMES-AND-START-UPS,2025-08-27,How Digital Services Empower SMEs and Start-Ups,Reports & Briefings,支撑,否,https://itif.org/publications/2025/08/27/how-digital-services-empower-smes-and-start-ups/,"Digital services are the key to unlocking growth for small- and medium-sized enterprises in today’s economy. They help firms overcome financial constraints, close skills gaps, and boost productivity. Policymakers should incentivize SMEs to capitalize on those opportunities.",ITIF官方Reports & Briefings目录元数据,总目录保留；科技创新机制、中国比较或跨期节点进入全文层,2026-08-23
C-ITIF-RB-2025-LESSONS-FROM-FRANCES-NUCLEAR-PROGRAM,C-ITIF-RB-2025-LESSONS-FROM-FRANCES-NUCLEAR-PROGRAM,2025-09-02,Lessons From France’s Nuclear Program,Reports & Briefings,核心,否,https://itif.org/publications/2025/09/02/lessons-from-frances-nuclear-program/,"France has embarked on an ambitious program to build at least six new large nuclear reactors, applying lessons from recent overruns and delays. While success is far from guaranteed, there are important lessons for the United States as it seeks to jump-start its own nuclear sector through recent ambitious executive orders.",ITIF官方Reports & Briefings目录元数据,总目录保留；科技创新机制、中国比较或跨期节点进入全文层,2026-08-23
C-ITIF-RB-2025-CHINA-PLANS-TO-DOMINATE-A-KEY-SEMICONDUCTOR-MATERIAL,C-ITIF-RB-2025-CHINA-PLANS-TO-DOMINATE-A-KEY-SEMICONDUCTOR-MATERIAL,2025-09-08,China Plans to Dominate a Key Semiconductor Material,Reports & Briefings,核心,是,https://itif.org/publications/2025/09/08/china-plans-to-dominate-a-key-semiconductor-material/,Beijing has provided significant support to its domestic polysilicon industry in a drive to establish Chinese firms as the dominant global suppliers of solar-grade polysilicon—and it wants its firms to expand their share of semiconductor-grade polysilicon.,ITIF官方Reports & Briefings目录元数据,已进入精选全文；按本地原始资产、文本和切片调用,2026-08-23
C-ITIF-RB-2025-THE-ECONOMIC-COSTS-OF-PUBLIC-SUBSIDIES-FOR-FREIGHT-TRANSPORTATION,C-ITIF-RB-2025-THE-ECONOMIC-COSTS-OF-PUBLIC-SUBSIDIES-FOR-FREIGHT-TRANSPORTATION,2025-09-08,The Economic Costs of Public Subsidies for Freight Transportation,Reports & Briefings,支撑,否,https://itif.org/publications/2025/09/08/the-economic-costs-of-public-subsidies-for-freight-transportation/,"Federal freight policy effectively incentivizes the most damaging and least efficient mode of freight transport—trucking—by underpricing access to public infrastructure. A restructured, mode-neutral cost system would encourage more efficient, safer, and environmentally sustainable freight transportation, better serving taxpayers, drivers, and the economy.",ITIF官方Reports & Briefings目录元数据,总目录保留；科技创新机制、中国比较或跨期节点进入全文层,2026-08-23
C-ITIF-2025-HOW-REDUCING-FEDERAL-RD-REDUCES-GDP-GROWTH,C-ITIF-2025-HOW-REDUCING-FEDERAL-RD-REDUCES-GDP-GROWTH,2025-09-15,How Reducing Federal R&D Reduces GDP Growth,Reports & Briefings,核心,是,https://itif.org/publications/2025/09/15/how-reducing-federal-rd-reduces-gdp-growth/,"Cutting federal investments in R&D may appear to save billions in the budget, but it could cost the economy trillions. In fact, ITIF estimates that cutting federal R&D by 20 percent would cost the U.S. economy up to almost $1.5 trillion compared with China’s growth pace.",ITIF官方Reports & Briefings目录元数据,总目录保留；科技创新机制、中国比较或跨期节点进入全文层,2026-08-23
C-ITIF-RB-2025-HOW-UNIVERSAL-SERVICE-FUND-CAN-BETTER-SERVE-CONSUMERS-WHILE-SPENDING-LESS,C-ITIF-RB-2025-HOW-UNIVERSAL-SERVICE-FUND-CAN-BETTER-SERVE-CONSUMERS-WHILE-SPENDING-LESS,2025-09-15,How the Universal Service Fund Can Better Serve Consumers While Spending Less,Reports & Briefings,语境,否,https://itif.org/publications/2025/09/15/how-universal-service-fund-can-better-serve-consumers-while-spending-less/,"Congress should reform and refocus the Universal Service Fund. It spends too much money, prioritizes the wrong problems, and funds it all with a high, sector-specific tax rate. Congress should reduce the overall size of the program and fund it with general revenue.",ITIF官方Reports & Briefings目录元数据,总目录保留；科技创新机制、中国比较或跨期节点进入全文层,2026-08-23
C-ITIF-RB-2025-DONT-LET-CHINESE-EV-MAKERS-MANUFACTURE-IN-THE-UNITED-STATES,C-ITIF-RB-2025-DONT-LET-CHINESE-EV-MAKERS-MANUFACTURE-IN-THE-UNITED-STATES,2025-09-17,Don’t Let Chinese EV Makers Manufacture in the United States,Reports & Briefings,语境,是,https://itif.org/publications/2025/09/17/dont-let-chinese-ev-makers-manufacture-in-the-united-states/,Chinese electric vehicle makers have benefited from aggressive state-sponsored mercantilist policies that have enabled them to produce lower-cost vehicles than foreign competitors can. They should not be allowed to manufacture their products in the United States.,ITIF官方Reports & Briefings目录元数据,总目录保留；科技创新机制、中国比较或跨期节点进入全文层,2026-08-23
C-ITIF-RB-2025-GTIPA-PERSPECTIVES-HOW-SMART-DEREGULATION-CAN-UNLEASH-POWERFUL-INNOVATIONS-WORLDWIDE,C-ITIF-RB-2025-GTIPA-PERSPECTIVES-HOW-SMART-DEREGULATION-CAN-UNLEASH-POWERFUL-INNOVATIONS-WORLDWIDE,2025-09-22,GTIPA Perspectives: How Smart Deregulation Can Unleash Powerful Innovations Worldwide,Reports & Briefings,核心,否,https://itif.org/publications/2025/09/22/gtipa-perspectives-how-smart-deregulation-can-unleash-powerful-innovations-worldwide/,"The mounting economic costs of burdensome regulations that exact far more costs than benefits on societies—and which in many countries have led to unchecked regulatory accumulation—and the adverse impact on innovation, productivity, and long-term growth they cause.",ITIF官方Reports & Briefings目录元数据,总目录保留；科技创新机制、中国比较或跨期节点进入全文层,2026-08-23
C-ITIF-RB-2025-LATIN-AMERICAN-SUBNATIONAL-INNOVATION-COMPETITIVENESS-INDEX-2,C-ITIF-RB-2025-LATIN-AMERICAN-SUBNATIONAL-INNOVATION-COMPETITIVENESS-INDEX-2,2025-09-22,Latin American Subnational Innovation Competitiveness Index 2.0,Reports & Briefings,核心,否,https://itif.org/publications/2025/09/22/latin-american-subnational-innovation-competitiveness-index-2/,"This report ranks more than 200 regions across Argentina, Brazil, Chile, Colombia, Mexico, Peru, and the United States on 13 commonly available indicators of innovation competitiveness, and offers policymakers a guide to bolstering regional and national innovation capacity.",ITIF官方Reports & Briefings目录元数据,总目录保留；科技创新机制、中国比较或跨期节点进入全文层,2026-08-23
C-ITIF-RB-2025-ONE-LAW-SETS-SOUTH-KOREAS-AI-POLICY-ONE-WEAK-LINK-COULD-BREAK-IT,C-ITIF-RB-2025-ONE-LAW-SETS-SOUTH-KOREAS-AI-POLICY-ONE-WEAK-LINK-COULD-BREAK-IT,2025-09-29,One Law Sets South Korea’s AI Policy—and One Weak Link Could Break It,Reports & Briefings,核心,否,https://itif.org/publications/2025/09/29/one-law-sets-south-koreas-ai-policy-one-weak-link-could-break-it/,"By uniting strategy, promotion, and regulation in a single law, South Korea has given itself a powerful instrument to shape AI—but its blunt regulatory mandates threaten to drag down the very strengths that make the act ambitious.",ITIF官方Reports & Briefings目录元数据,总目录保留；科技创新机制、中国比较或跨期节点进入全文层,2026-08-23
C-ITIF-RB-2025-TIP-OF-THE-ICEBERG-UNDERSTANDING-BIG-TECHS-CONTRIBUTION-US-INNOVATION-COMPETITIVENESS,C-ITIF-RB-2025-TIP-OF-THE-ICEBERG-UNDERSTANDING-BIG-TECHS-CONTRIBUTION-US-INNOVATION-COMPETITIVENESS,2025-10-06,Tip of the Iceberg: Understanding the Full Depth of Big Tech’s Contribution to US Innovation and Competitiveness,Reports & Briefings,核心,否,https://itif.org/publications/2025/10/06/tip-of-the-iceberg-understanding-big-techs-contribution-us-innovation-competitiveness/,"While critics attack “big tech” from many angles, these five companies develop frontier technologies that require large-scale development, build infrastructure ranging from data centers to subsea cables, and create spillovers from health care to nuclear energy.",ITIF官方Reports & Briefings目录元数据,总目录保留；科技创新机制、中国比较或跨期节点进入全文层,2026-08-23
C-ITIF-RB-2025-RETHINKING-ANTITRUST-THE-CASE-FOR-DYNAMIC-COMPETITION-POLICY,C-ITIF-RB-2025-RETHINKING-ANTITRUST-THE-CASE-FOR-DYNAMIC-COMPETITION-POLICY,2025-10-14,Rethinking Antitrust: The Case for Dynamic Competition Policy,Reports & Briefings,核心,否,https://itif.org/publications/2025/10/14/rethinking-antitrust-the-case-for-dynamic-competition-policy/,Antitrust policy relies too heavily on static models that focus on prices and market shares while treating innovation as external. A dynamic approach that views competition as a process of innovation is better suited to guiding policy in today’s technology-driven economy.,ITIF官方Reports & Briefings目录元数据,总目录保留；科技创新机制、中国比较或跨期节点进入全文层,2026-08-23
C-ITIF-RB-2025-EU-SHOULD-IMPROVE-TRANSPARENCY-IN-THE-DIGITAL-SERVICES-ACT,C-ITIF-RB-2025-EU-SHOULD-IMPROVE-TRANSPARENCY-IN-THE-DIGITAL-SERVICES-ACT,2025-10-20,EU Should Improve Transparency in the Digital Services Act,Reports & Briefings,语境,否,https://itif.org/publications/2025/10/20/eu-should-improve-transparency-in-the-digital-services-act/,"The implementation of the Digital Services Act’s transparency obligations fails to provide meaningful insight into online platforms’ content moderation decisions, the extraterritorial effects of the act, and its effects on online speech.",ITIF官方Reports & Briefings目录元数据,总目录保留；科技创新机制、中国比较或跨期节点进入全文层,2026-08-23
C-ITIF-RB-2025-BACKFIRE-EXPORT-CONTROLS-HELPED-HUAWEI-AND-HURT-US-FIRMS,C-ITIF-RB-2025-BACKFIRE-EXPORT-CONTROLS-HELPED-HUAWEI-AND-HURT-US-FIRMS,2025-10-27,Backfire: Export Controls Helped Huawei and Hurt U.S. Firms,Reports & Briefings,语境,是,https://itif.org/publications/2025/10/27/backfire-export-controls-helped-huawei-and-hurt-us-firms/,"Huawei is a more innovative company today than it was before the U.S. government sought to choke its supply chain. This case should serve as a lesson: U.S. techno-economic power is weaker than most think, and sanctions often hurt U.S. competitiveness more than China’s.",ITIF官方Reports & Briefings目录元数据,总目录保留；科技创新机制、中国比较或跨期节点进入全文层,2026-08-23
C-ITIF-RB-2025-HOW-DATA-RICH-WORKPLACES-CAN-IMPROVE-WORKER-SAFETY-HEALTH-AND-EXPERIENCE,C-ITIF-RB-2025-HOW-DATA-RICH-WORKPLACES-CAN-IMPROVE-WORKER-SAFETY-HEALTH-AND-EXPERIENCE,2025-10-27,"How Data-Rich Workplaces Can Improve Worker Safety, Health, and Experience",Reports & Briefings,语境,否,https://itif.org/publications/2025/10/27/how-data-rich-workplaces-can-improve-worker-safety-health-and-experience/,"A productive approach to emerging workplace technologies would focus on two overarching goals: 1) accelerating development, testing, and adoption, and 2) supporting positive uses of the technology while mitigating negative ones.",ITIF官方Reports & Briefings目录元数据,总目录保留；科技创新机制、中国比较或跨期节点进入全文层,2026-08-23
C-ITIF-RB-2025-FROM-OUTSIDE-ASSAULTS-TO-INSIDER-THREATS-CHINESE-ECONOMIC-ESPIONAGE,C-ITIF-RB-2025-FROM-OUTSIDE-ASSAULTS-TO-INSIDER-THREATS-CHINESE-ECONOMIC-ESPIONAGE,2025-11-03,From Outside Assaults to Insider Threats: Chinese Economic Espionage,Reports & Briefings,核心,是,https://itif.org/publications/2025/11/03/from-outside-assaults-to-insider-threats-chinese-economic-espionage/,"China’s campaign of economic espionage against the United States spans cyber intrusions, insider theft, and technology transfer disguised as collaboration. Washington must recognize that Beijing is operating an elaborate espionage ecosystem and take strategic measures to disrupt it.",ITIF官方Reports & Briefings目录元数据,总目录保留；科技创新机制、中国比较或跨期节点进入全文层,2026-08-23
C-ITIF-RB-2025-SOME-CHINESE-COMPANIES-OBSCURE-TIES-TO-CHINA-WHAT-POLICYMAKERS-SHOULD-DO-ABOUT-IT,C-ITIF-RB-2025-SOME-CHINESE-COMPANIES-OBSCURE-TIES-TO-CHINA-WHAT-POLICYMAKERS-SHOULD-DO-ABOUT-IT,2025-11-03,How Some Chinese Companies Obscure Ties to China and What Policymakers Should Do About It,Reports & Briefings,支撑,是,https://itif.org/publications/2025/11/03/some-chinese-companies-obscure-ties-to-china-what-policymakers-should-do-about-it/,"Certain Chinese companies obscure their ownership and strategic intent in the U.S. economy, gaining access to markets, talent, intellectual property, and subsidies. These practices advance China’s industrial and military goals and necessitate stronger oversight measures.",ITIF官方Reports & Briefings目录元数据,总目录保留；科技创新机制、中国比较或跨期节点进入全文层,2026-08-23
C-ITIF-RB-2025-DECOUPLING-RISKS-SEMICONDUCTOR-EXPORT-CONTROLS-HARM-US-CHIPMAKERS-INNOVATION,C-ITIF-RB-2025-DECOUPLING-RISKS-SEMICONDUCTOR-EXPORT-CONTROLS-HARM-US-CHIPMAKERS-INNOVATION,2025-11-10,Decoupling Risks: How Semiconductor Export Controls Could Harm US Chipmakers and Innovation,Reports & Briefings,核心,是,https://itif.org/publications/2025/11/10/decoupling-risks-semiconductor-export-controls-harm-us-chipmakers-innovation/,"U.S. export controls on semiconductor sales to China reduce U.S. chipmakers’ revenues, lower their R&D investment capabilities, and reduce industry employment. As such, U.S. policymakers should keep semiconductor export controls to a minimum.",ITIF官方Reports & Briefings目录元数据,总目录保留；科技创新机制、中国比较或跨期节点进入全文层,2026-08-23
C-ITIF-RB-2025-MARSHALING-NATIONAL-POWER-INDUSTRIES-TO-PRESERVE-US-STRENGTH-AND-THWART-CHINA,C-ITIF-RB-2025-MARSHALING-NATIONAL-POWER-INDUSTRIES-TO-PRESERVE-US-STRENGTH-AND-THWART-CHINA,2025-11-17,Marshaling National Power Industries to Preserve America’s Strength and Thwart China’s Bid for Global Dominance,Reports & Briefings,语境,是,https://itif.org/publications/2025/11/17/marshaling-national-power-industries-to-preserve-us-strength-and-thwart-china/,"China is on the march to dominate advanced industries that underpin national power in the 21st century. To protect U.S. economic strength and national security, policymakers must jettison old techno-economic and trade policy doctrines and adopt a new national power industry strategy.",ITIF官方Reports & Briefings目录元数据,总目录保留；科技创新机制、中国比较或跨期节点进入全文层,2026-08-23
C-ITIF-RB-2025-US-NATIONAL-POWER-INDUSTRIES-ARE-AT-RISK,C-ITIF-RB-2025-US-NATIONAL-POWER-INDUSTRIES-ARE-AT-RISK,2025-11-17,US National Power Industries Are at Risk,Reports & Briefings,语境,否,https://itif.org/publications/2025/11/17/us-national-power-industries-are-at-risk/,"Instead of treating manufacturing as a monolith to be revived, policymakers must focus on national power industries. These industries protect U.S. national defense and economic security, and are eroding at an alarming rate.",ITIF官方Reports & Briefings目录元数据,总目录保留；科技创新机制、中国比较或跨期节点进入全文层,2026-08-23
C-ITIF-RB-2025-UNITED-STATES-NEEDS-DATA-CENTERS-DATA-CENTERS-NEED-ENERGY-BUT-THAT-IS-NOT-NECESSARILY-A-PROBLEM,C-ITIF-RB-2025-UNITED-STATES-NEEDS-DATA-CENTERS-DATA-CENTERS-NEED-ENERGY-BUT-THAT-IS-NOT-NECESSARILY-A-PROBLEM,2025-11-24,"The United States Needs Data Centers, and Data Centers Need Energy, but That Is Not Necessarily a Problem",Reports & Briefings,支撑,否,https://itif.org/publications/2025/11/24/united-states-needs-data-centers-data-centers-need-energy-but-that-is-not-necessarily-a-problem/,"Electricity demand is growing rapidly and starting to strain the grid. Instead of slowing the growth of data centers, the United States should deploy new technologies and strategies to efficiently increase grid capacity while accelerating new generation and transmission.",ITIF官方Reports & Briefings目录元数据,总目录保留；科技创新机制、中国比较或跨期节点进入全文层,2026-08-23
C-ITIF-RB-2025-DEFENDING-AMERICAN-TECH-IN-GLOBAL-MARKETS,C-ITIF-RB-2025-DEFENDING-AMERICAN-TECH-IN-GLOBAL-MARKETS,2025-12-01,Defending American Tech in Global Markets,Reports & Briefings,语境,否,https://itif.org/publications/2025/12/01/defending-american-tech-in-global-markets/,"“Non-tariff attacks” on U.S. tech companies are not just tax and regulatory hurdles—they are also eroding America’s strategic edge. Washington must identify, deter, and counter these measures in order to prevent ceding U.S. technology leadership to other nations.",ITIF官方Reports & Briefings目录元数据,总目录保留；科技创新机制、中国比较或跨期节点进入全文层,2026-08-23
C-ITIF-RB-2025-STILL-INSIGNIFICANT-AN-UPDATE-ON-CONCENTRATION-IN-THE-US-ECONOMY,C-ITIF-RB-2025-STILL-INSIGNIFICANT-AN-UPDATE-ON-CONCENTRATION-IN-THE-US-ECONOMY,2025-12-08,Still Insignificant: An Update on Concentration in the US Economy,Reports & Briefings,语境,否,https://itif.org/publications/2025/12/08/still-insignificant-an-update-on-concentration-in-the-us-economy/,"Despite evidence to the contrary, a persistent narrative during the past two administrations has been that corporate power is getting increasingly concentrated, ergo antitrust breakups are warranted. But the latest Census Bureau data once again puts the lie to that argument.",ITIF官方Reports & Briefings目录元数据,总目录保留；科技创新机制、中国比较或跨期节点进入全文层,2026-08-23
C-ITIF-RB-2025-UK-CYBER-SECURITY-AND-RESILIENCE-BILL-CAN-UNLOCK-CYBER-INSURANCE-MARKET,C-ITIF-RB-2025-UK-CYBER-SECURITY-AND-RESILIENCE-BILL-CAN-UNLOCK-CYBER-INSURANCE-MARKET,2025-12-10,How the Proposed UK Cyber Security and Resilience Bill Can Unlock Growth in the Nation’s Cyber Insurance Market,Reports & Briefings,语境,否,https://itif.org/publications/2025/12/10/uk-cyber-security-and-resilience-bill-can-unlock-cyber-insurance-market/,"The UK’s proposed Cyber Security and Resilience Bill presents a much-needed opportunity to kickstart the growth of the UK’s lagging cyber insurance market, which will make businesses more resilient to the increasing frequency and significance of cyberattacks.",ITIF官方Reports & Briefings目录元数据,总目录保留；科技创新机制、中国比较或跨期节点进入全文层,2026-08-23
C-ITIF-RB-2025-HOW-NIH-FUNDED-SCIENCE-SUPPORTS-US-BIOPHARMACEUTICAL-INNOVATION,C-ITIF-RB-2025-HOW-NIH-FUNDED-SCIENCE-SUPPORTS-US-BIOPHARMACEUTICAL-INNOVATION,2025-12-15,How NIH-Funded Science Supports US Biopharmaceutical Innovation,Reports & Briefings,核心,否,https://itif.org/publications/2025/12/15/how-nih-funded-science-supports-us-biopharmaceutical-innovation/,"NIH-funded research supports the foundation for industry to develop vaccines and therapies, exemplifying deep public-private R&D complementarity. As global competition intensifies, expanding NIH funding will be key to protecting American health, supporting U.S. biopharmaceutical competitiveness, and ensuring national power and security.",ITIF官方Reports & Briefings目录元数据,已进入精选全文；按本地原始资产、文本和切片调用,2026-08-23
C-ITIF-RB-2025-MAPPING-INDUSTRIAL-STRENGTH-US-MACHINE-TOOL-PRODUCTION-AND-CONSUMPTION,C-ITIF-RB-2025-MAPPING-INDUSTRIAL-STRENGTH-US-MACHINE-TOOL-PRODUCTION-AND-CONSUMPTION,2025-12-15,Mapping Industrial Strength: US Machine Tool Production and Consumption,Reports & Briefings,语境,否,https://itif.org/publications/2025/12/15/mapping-industrial-strength-us-machine-tool-production-and-consumption/,"Machine tools are key to and indicative of the health of a nation’s manufacturing sector. The United States lags behind in both the production and consumption of machine tools, especially compared with other high-wage economies.",ITIF官方Reports & Briefings目录元数据,总目录保留；科技创新机制、中国比较或跨期节点进入全文层,2026-08-23
C-ITIF-RB-2026-POLICY-REFORMS-TO-LAUNCH-US-SPACE-INNOVATION,C-ITIF-RB-2026-POLICY-REFORMS-TO-LAUNCH-US-SPACE-INNOVATION,2026-01-05,Policy Reforms to Launch US Space Innovation,Reports & Briefings,核心,否,https://itif.org/publications/2026/01/05/policy-reforms-to-launch-us-space-innovation/,"Competitiveness in the global space economy should be a priority for the United States, but ineffective regulations weigh down the American commercial space industry. While last year’s executive order was a good start, additional regulatory reforms are necessary to address key roadblocks to U.S. space capabilities.",ITIF官方Reports & Briefings目录元数据,总目录保留；科技创新机制、中国比较或跨期节点进入全文层,2026-08-23
C-ITIF-RB-2026-HOW-BRUSSELS-EFFECT-HINDERS-INNOVATION-IN-GLOBAL-SOUTH,C-ITIF-RB-2026-HOW-BRUSSELS-EFFECT-HINDERS-INNOVATION-IN-GLOBAL-SOUTH,2026-01-26,How the Brussels Effect Hinders Innovation in the Global South,Reports & Briefings,核心,否,https://itif.org/publications/2026/01/26/how-brussels-effect-hinders-innovation-in-global-south/,"Mandatory adoption of EU-style digital rules amounts to regulatory imperialism for many countries in the Global South. It limits technology adoption, raises compliance costs, and undermines the ability of local firms to compete with Western ones.",ITIF官方Reports & Briefings目录元数据,总目录保留；科技创新机制、中国比较或跨期节点进入全文层,2026-08-23
S-ITIF-2026-01,S-ITIF-2026-01,2026-02-02,"Mobilizing for Techno-Economic War, Part 1: The Case for Policy Transformation",Reports & Briefings,语境,是,https://itif.org/publications/2026/02/02/mobilizing-for-techno-economic-war-part-1-the-case-for-policy-transformation/,"The United States is at serious risk of becoming dependent on China for a wide array of key technologies and products, which would significantly shift the global balance of techno-economic power. Only fundamental policy change can potentially keep the United States from defeat.",ITIF官方Reports & Briefings目录元数据,总目录保留；科技创新机制、中国比较或跨期节点进入全文层,2026-08-23
C-ITIF-RB-2026-PUBLIC-SECTOR-AI-ADOPTION-INDEX,C-ITIF-RB-2026-PUBLIC-SECTOR-AI-ADOPTION-INDEX,2026-02-05,Public Sector AI Adoption Index,Reports & Briefings,核心,否,https://itif.org/publications/2026/02/05/public-sector-ai-adoption-index/,"Governments are entering a critical phase in the adoption of AI. It is already contributing to everyday public sector work, and the question is no longer whether to adopt AI, but how to do so both effectively and responsibly. The Public Sector AI Adoption Index 2026 focuses on the human side of AI adoption, examining how it is experienced by public servants every day.",ITIF官方Reports & Briefings目录元数据,总目录保留；科技创新机制、中国比较或跨期节点进入全文层,2026-08-23
C-ITIF-RB-2026-TRACKING-RD-LEADERSHIP-US-ADVANTAGE-NARROWING-AS-CHINA-GAINS-GROUND,C-ITIF-RB-2026-TRACKING-RD-LEADERSHIP-US-ADVANTAGE-NARROWING-AS-CHINA-GAINS-GROUND,2026-02-09,Tracking R&D Leadership: US Advantage Narrowing as China Gains Ground,Reports & Briefings,核心,是,https://itif.org/publications/2026/02/09/tracking-rd-leadership-us-advantage-narrowing-as-china-gains-ground/,"Maintaining R&D leadership in advanced industries is critical to U.S. economic competitiveness and national power. But on a size- and wage-adjusted basis, China is rapidly gaining ground. Congress needs to boost corporate R&D incentives to prevent America from falling behind.",ITIF官方Reports & Briefings目录元数据,已进入精选全文；按本地原始资产、文本和切片调用,2026-08-23
C-ITIF-RB-2026-DIGITAL-MARRIAGE-DIVIDE-RANKING-STATES-ONLINE-SERVICES-FOR-TYING-THE-KNOT,C-ITIF-RB-2026-DIGITAL-MARRIAGE-DIVIDE-RANKING-STATES-ONLINE-SERVICES-FOR-TYING-THE-KNOT,2026-02-11,The Digital Marriage Divide: Ranking States’ Online Services for Tying the Knot,Reports & Briefings,语境,否,https://itif.org/publications/2026/02/11/digital-marriage-divide-ranking-states-online-services-for-tying-the-knot/,"States have moved many public services online, but the legal steps to get married remain largely paper-based. Modernizing marriage licensing, recording, and certificates would reduce costs, save time, and make the major life event easier for American families.",ITIF官方Reports & Briefings目录元数据,总目录保留；科技创新机制、中国比较或跨期节点进入全文层,2026-08-23
C-ITIF-RB-2026-INTERNAL-VALUE-CHAINS-DEPENDENT-CHINA-MULTINATIONALS-SHIFT-PRODUCTION-TO-AMERICA,C-ITIF-RB-2026-INTERNAL-VALUE-CHAINS-DEPENDENT-CHINA-MULTINATIONALS-SHIFT-PRODUCTION-TO-AMERICA,2026-02-23,Internal Value Chains Remain Dependent on China Even as Multinationals Shift Production to America,Reports & Briefings,语境,是,https://itif.org/publications/2026/02/23/internal-value-chains-dependent-china-multinationals-shift-production-to-america/,"Advanced manufacturers based in East Asia are expanding investment into the U.S. economy. Yet, many of their internal value chains remain anchored in China, giving the PRC significant leverage over U.S. interests. U.S. policymakers should respond both defensively and offensively.",ITIF官方Reports & Briefings目录元数据,总目录保留；科技创新机制、中国比较或跨期节点进入全文层,2026-08-23
C-ITIF-RB-2026-SURVEY-MOST-AMERICANS-SAY-TECH-COMPANIES-SHOULD-ALLOWED-SET-AI-LIMITS,C-ITIF-RB-2026-SURVEY-MOST-AMERICANS-SAY-TECH-COMPANIES-SHOULD-ALLOWED-SET-AI-LIMITS,2026-02-26,Survey: Most Americans Say Tech Companies Should Be Allowed to Set AI Limits,Reports & Briefings,核心,否,https://itif.org/publications/2026/02/26/survey-most-americans-say-tech-companies-should-allowed-set-ai-limits/,"A Morning Consult survey commissioned by ITIF examines public attitudes toward AI in military operations, surveillance, and corporate responsibility surrounding the Pentagon–Anthropic dispute.",ITIF官方Reports & Briefings目录元数据,总目录保留；科技创新机制、中国比较或跨期节点进入全文层,2026-08-23
C-ITIF-RB-2026-THE-ALARMING-PERFORMANCE-OF-US-ADVANCED-TECHNOLOGY-PRODUCT-TRADE,C-ITIF-RB-2026-THE-ALARMING-PERFORMANCE-OF-US-ADVANCED-TECHNOLOGY-PRODUCT-TRADE,2026-03-02,The Alarming Performance of US Advanced Technology Product Trade,Reports & Briefings,核心,否,https://itif.org/publications/2026/03/02/the-alarming-performance-of-us-advanced-technology-product-trade/,"Over the last decade, U.S. trade performance has deteriorated significantly in advanced industries. That is a major problem because these industries have high fixed costs and require substantial investments in R&D, so they depend on large customer bases to achieve scale economies and remain globally competitive.",ITIF官方Reports & Briefings目录元数据,总目录保留；科技创新机制、中国比较或跨期节点进入全文层,2026-08-23
C-ITIF-RB-2026-ASSESSING-THE-CLOUT-OF-US-NATIONAL-POWER-INDUSTRIES-VS-CHINA,C-ITIF-RB-2026-ASSESSING-THE-CLOUT-OF-US-NATIONAL-POWER-INDUSTRIES-VS-CHINA,2026-03-09,Assessing the Clout of US National Power Industries vs. China,Reports & Briefings,语境,是,https://itif.org/publications/2026/03/09/assessing-the-clout-of-us-national-power-industries-vs-china/,"A select group of advanced, globally traded industries serves as the bedrock of U.S. technological leadership, economic power, and national security. Policymakers need to closely monitor the relative strength and vulnerability of its production capabilities.",ITIF官方Reports & Briefings目录元数据,总目录保留；科技创新机制、中国比较或跨期节点进入全文层,2026-08-23
C-ITIF-RB-2026-HOW-RULES-FOR-PUBLICLY-AVAILABLE-DATA-ARE-SHAPING-THE-FUTURE-OF-AI,C-ITIF-RB-2026-HOW-RULES-FOR-PUBLICLY-AVAILABLE-DATA-ARE-SHAPING-THE-FUTURE-OF-AI,2026-03-13,How Rules for Publicly Available Data Are Shaping the Future of AI,Reports & Briefings,核心,否,https://itif.org/publications/2026/03/13/how-rules-for-publicly-available-data-are-shaping-the-future-of-ai/,"To protect individuals while preserving the open information ecosystem that supports innovation, policymakers should focus on outputs rather than training inputs, encourage transparency norms for autonomous AI agents, and create a safe harbor for responsible use of publicly available data.",ITIF官方Reports & Briefings目录元数据,总目录保留；科技创新机制、中国比较或跨期节点进入全文层,2026-08-23
C-ITIF-RB-2026-LEVERAGING-INNOVATION-IMPROVE-ALZHEIMERS-DIAGNOSIS-CARE-RURAL-AMERICA,C-ITIF-RB-2026-LEVERAGING-INNOVATION-IMPROVE-ALZHEIMERS-DIAGNOSIS-CARE-RURAL-AMERICA,2026-03-16,Leveraging Innovation to Improve Alzheimer’s Diagnosis and Care in Rural America,Reports & Briefings,核心,否,https://itif.org/publications/2026/03/16/leveraging-innovation-improve-alzheimers-diagnosis-care-rural-america/,"Rural communities face structural barriers to diagnosing Alzheimer’s early, which increases burdens on patients and caregivers while raising health-care costs. Policymakers should address the problem by expanding provider training and accelerating scalable diagnostic technologies.",ITIF官方Reports & Briefings目录元数据,总目录保留；科技创新机制、中国比较或跨期节点进入全文层,2026-08-23
C-ITIF-RB-2026-LESSONS-FROM-EUROPES-LOSS-OF-BIOPHARMA-LEADERSHIP-AND-ATTEMPTS-TO-RECOVER,C-ITIF-RB-2026-LESSONS-FROM-EUROPES-LOSS-OF-BIOPHARMA-LEADERSHIP-AND-ATTEMPTS-TO-RECOVER,2026-03-18,"Lessons From Europe’s Loss of Biopharma Leadership, and Its Attempts to Recover",Reports & Briefings,核心,否,https://itif.org/publications/2026/03/18/lessons-from-europes-loss-of-biopharma-leadership-and-attempts-to-recover/,"Europe once led the world in biopharmaceutical innovation, but it lost ground after adopting policies that weakened incentives for R&D and innovation. America must learn from Europe’s experience to preserve its own biopharma leadership and the related economic benefits and access to the most innovative drugs.",ITIF官方Reports & Briefings目录元数据,总目录保留；科技创新机制、中国比较或跨期节点进入全文层,2026-08-23
C-ITIF-RB-2026-ASSESSING-EVOLVING-GLOBAL-COMPETITIVENESS-OF-US-AUTO-INDUSTRY,C-ITIF-RB-2026-ASSESSING-EVOLVING-GLOBAL-COMPETITIVENESS-OF-US-AUTO-INDUSTRY,2026-03-23,Assessing the Evolving Global Competitiveness of the US Auto Industry,Reports & Briefings,语境,是,https://itif.org/publications/2026/03/23/assessing-evolving-global-competitiveness-of-us-auto-industry/,"To win the techno-economic competition with China, America must be able to assess the factors impacting the global competitiveness of its advanced-technology industries. Using the auto industry as a template, U.S. competitiveness has faltered considerably.",ITIF官方Reports & Briefings目录元数据,总目录保留；科技创新机制、中国比较或跨期节点进入全文层,2026-08-23
C-ITIF-RB-2026-ANTITRUST-UNDONE-HOW-COMPETITION-ENFORCERS-ARE-UNDERMINING-COMPETITION,C-ITIF-RB-2026-ANTITRUST-UNDONE-HOW-COMPETITION-ENFORCERS-ARE-UNDERMINING-COMPETITION,2026-03-25,Antitrust Undone: How Competition Enforcers Are Undermining Competition,Reports & Briefings,语境,否,https://itif.org/publications/2026/03/25/antitrust-undone-how-competition-enforcers-are-undermining-competition/,"Refashioning U.S. antitrust in the mold of the EU’s weaker probative burdens and categorical prohibitions would adversely impact U.S. global competitiveness and innovative dynamism, particularly in the tech ecosystem.",ITIF官方Reports & Briefings目录元数据,总目录保留；科技创新机制、中国比较或跨期节点进入全文层,2026-08-23
C-ITIF-RB-2026-MOBILIZING-FOR-TECHNO-ECONOMIC-WAR-PART-2-SLOWING-CHINAS-ADVANCE,C-ITIF-RB-2026-MOBILIZING-FOR-TECHNO-ECONOMIC-WAR-PART-2-SLOWING-CHINAS-ADVANCE,2026-03-30,"Mobilizing for Techno-Economic War, Part 2: Slowing China’s Advance",Reports & Briefings,语境,是,https://itif.org/publications/2026/03/30/mobilizing-for-techno-economic-war-part-2-slowing-chinas-advance/,"Boosting U.S. competitiveness in national power industries is necessary, but not sufficient to avoid losing to China. America also must take measures to slow the PRC’s progress toward global dominance. This report provides more than 100 actionable recommendations for the administration and Congress. Western allies should take many of the same steps.",ITIF官方Reports & Briefings目录元数据,总目录保留；科技创新机制、中国比较或跨期节点进入全文层,2026-08-23
C-ITIF-RB-2026-REFORMING-CANADA-POST-FOR-A-LOWER-VOLUME-ERA,C-ITIF-RB-2026-REFORMING-CANADA-POST-FOR-A-LOWER-VOLUME-ERA,2026-04-01,Reforming Canada Post for a Lower-Volume Era,Reports & Briefings,语境,否,https://itif.org/publications/2026/04/01/reforming-canada-post-for-a-lower-volume-era/,"Canada Post’s cost structure no longer scales in a low-volume world. Labour flexibility, automation, work sharing, retail consolidation, and parcel growth are necessary to reduce the cost of reaching every address while preserving universal service.",ITIF官方Reports & Briefings目录元数据,总目录保留；科技创新机制、中国比较或跨期节点进入全文层,2026-08-23
C-ITIF-RB-2026-FIVE-CONCERNS-ABOUT-AI-DATA-CENTERS-AND-WHAT-TO-DO-ABOUT-THEM,C-ITIF-RB-2026-FIVE-CONCERNS-ABOUT-AI-DATA-CENTERS-AND-WHAT-TO-DO-ABOUT-THEM,2026-04-06,"Five Concerns About AI Data Centers, and What to Do About Them",Reports & Briefings,核心,否,https://itif.org/publications/2026/04/06/five-concerns-about-ai-data-centers-and-what-to-do-about-them/,"If the policy framework is right, AI infrastructure can strengthen the electricity grid rather than strain it, stabilize prices rather than inflate them, and transform heat and flexible demand into system assets.",ITIF官方Reports & Briefings目录元数据,总目录保留；科技创新机制、中国比较或跨期节点进入全文层,2026-08-23
C-ITIF-RB-2026-GLOBAL-TRADE-BATTLEGROUND-US-CHINA-COMPETITION-IN-THE-GLOBAL-SOUTH,C-ITIF-RB-2026-GLOBAL-TRADE-BATTLEGROUND-US-CHINA-COMPETITION-IN-THE-GLOBAL-SOUTH,2026-04-06,The Global Trade Battleground: US-China Competition in the Global South,Reports & Briefings,语境,是,https://itif.org/publications/2026/04/06/global-trade-battleground-us-china-competition-in-the-global-south/,"Countries in the Global South are key markets for Chinese and U.S.-allied national power industries, which require scale economies to flourish. U.S. policymakers should stop viewing them as a “backyard” and recognize that they are a key battlefield in an industrial war.",ITIF官方Reports & Briefings目录元数据,总目录保留；科技创新机制、中国比较或跨期节点进入全文层,2026-08-23
C-ITIF-RB-2026-MOBILIZING-FOR-TECHNO-ECONOMIC-WAR-PART-3-NATIONAL-POWER-CAPITALISM,C-ITIF-RB-2026-MOBILIZING-FOR-TECHNO-ECONOMIC-WAR-PART-3-NATIONAL-POWER-CAPITALISM,2026-04-13,"Mobilizing for Techno-Economic War, Part 3: Transforming Financial Capitalism Into National Power Capitalism",Reports & Briefings,语境,是,https://itif.org/publications/2026/04/13/mobilizing-for-techno-economic-war-part-3-national-power-capitalism/,"To avoid losing the techno-economic trade war with China, U.S. policymakers must rewrite the social contract at the heart of America’s 50-year-old system of financial capitalism by rebalancing the incentives to drive long-term investments in U.S. national power industries.",ITIF官方Reports & Briefings目录元数据,总目录保留；科技创新机制、中国比较或跨期节点进入全文层,2026-08-23
C-ITIF-RB-2026-THE-PROMISE-OF-WEARABLE-AI-OPPORTUNITIES-ACROSS-EMERGENCY-RESPONSE,C-ITIF-RB-2026-THE-PROMISE-OF-WEARABLE-AI-OPPORTUNITIES-ACROSS-EMERGENCY-RESPONSE,2026-04-15,The Promise of Wearable AI: Opportunities Across Emergency Response,Reports & Briefings,核心,否,https://itif.org/publications/2026/04/15/the-promise-of-wearable-ai-opportunities-across-emergency-response/,"Wearable AI improves safety and outcomes for both first responders and the public they serve. Broader adoption of wearable AI for the emergency services industry will protect the health of first responders, improve emergency response, and create safer communities.",ITIF官方Reports & Briefings目录元数据,总目录保留；科技创新机制、中国比较或跨期节点进入全文层,2026-08-23
C-ITIF-RB-2026-EXPLAINING-THE-RELATIVE-COMPETITIVE-DECLINE-OF-AMERICAS-AUTOMOTIVE-INDUSTRY,C-ITIF-RB-2026-EXPLAINING-THE-RELATIVE-COMPETITIVE-DECLINE-OF-AMERICAS-AUTOMOTIVE-INDUSTRY,2026-04-20,Explaining the Relative Competitive Decline of America’s Automotive Industry,Reports & Briefings,语境,否,https://itif.org/publications/2026/04/20/explaining-the-relative-competitive-decline-of-americas-automotive-industry/,"The competitiveness of the auto industry of the United States has waxed and waned over the past 60 years and is clearly not the globally dominant behemoth it once was. To bolster the industry’s competitiveness, policymakers first must understand why it has faltered and the challenges it faces moving forward.",ITIF官方Reports & Briefings目录元数据,总目录保留；科技创新机制、中国比较或跨期节点进入全文层,2026-08-23
C-ITIF-RB-2026-FROM-SOVEREIGNTY-TO-CONTROL-A-CLEAR-EYED-VIEW-OF-CANADIAN-CLOUD-POLICY,C-ITIF-RB-2026-FROM-SOVEREIGNTY-TO-CONTROL-A-CLEAR-EYED-VIEW-OF-CANADIAN-CLOUD-POLICY,2026-04-27,From Sovereignty to Control: A Clear-Eyed View of Canadian Cloud Policy,Reports & Briefings,语境,否,https://itif.org/publications/2026/04/27/from-sovereignty-to-control-a-clear-eyed-view-of-canadian-cloud-policy/,"Canada’s cloud debate is asking the wrong question—control, not domestic ownership or server location, is what determines security and resilience in practice.",ITIF官方Reports & Briefings目录元数据,总目录保留；科技创新机制、中国比较或跨期节点进入全文层,2026-08-23
C-ITIF-RB-2026-IMPROVING-STATE-LOCAL-GOVERNMENT-CYBERSECURITY,C-ITIF-RB-2026-IMPROVING-STATE-LOCAL-GOVERNMENT-CYBERSECURITY,2026-04-27,Improving State and Local Government Cybersecurity,Reports & Briefings,语境,否,https://itif.org/publications/2026/04/27/improving-state-local-government-cybersecurity/,"State and local governments face rising cybersecurity risks that strain budgets, disrupt services, and erode public trust. Governments need targeted investments in modern infrastructure, continuous monitoring, and stronger third-party risk management to protect critical services.",ITIF官方Reports & Briefings目录元数据,总目录保留；科技创新机制、中国比较或跨期节点进入全文层,2026-08-23
C-ITIF-RB-2026-HOW-TO-ALIGN-INCENTIVES-TO-ACCELERATE-SPECTRUM-PRODUCTIVITY,C-ITIF-RB-2026-HOW-TO-ALIGN-INCENTIVES-TO-ACCELERATE-SPECTRUM-PRODUCTIVITY,2026-04-29,How to Align Incentives to Accelerate Spectrum Productivity,Reports & Briefings,支撑,否,https://itif.org/publications/2026/04/29/how-to-align-incentives-to-accelerate-spectrum-productivity/,Timing mismatches hamper otherwise mutually beneficial spectrum reallocation processes. Dominant assurance contracts can resolve these mismatches and enhance the overall productivity of spectrum resources.,ITIF官方Reports & Briefings目录元数据,总目录保留；科技创新机制、中国比较或跨期节点进入全文层,2026-08-23
C-ITIF-RB-2026-US-TECHNOLOGY-COMPANIES-SHOULD-KEEP-OPERATING-IN-CHINA,C-ITIF-RB-2026-US-TECHNOLOGY-COMPANIES-SHOULD-KEEP-OPERATING-IN-CHINA,2026-05-04,US Technology Companies Should Keep Operating in China,Reports & Briefings,支撑,是,https://itif.org/publications/2026/05/04/us-technology-companies-should-keep-operating-in-china/,"When U.S. technology companies compete in China, they capture revenue, learn technologies and trends from a critical market, and extend U.S.-built ecosystems. Forcing them out of China would weaken U.S. global competitiveness and give Chinese firms greater scale to shape technology ecosystems.",ITIF官方Reports & Briefings目录元数据,已进入精选全文；按本地原始资产、文本和切片调用,2026-08-23
C-ITIF-2026-HAMILTON-INDEX-2026-CHINAS-DOMINANCE-IN-ADVANCED-INDUSTRIES-IS-GROWING,C-ITIF-2026-HAMILTON-INDEX-2026-CHINAS-DOMINANCE-IN-ADVANCED-INDUSTRIES-IS-GROWING,2026-05-06,"The Hamilton Index, 2026: China’s Dominance in Advanced Industries Is Growing",Reports & Briefings,语境,是,https://itif.org/publications/2026/05/06/hamilton-index-2026-chinas-dominance-in-advanced-industries-is-growing/,"China now produces nearly one-quarter of global output in the 10 advanced industries that make up ITIF’s Hamilton Index, outpacing all other nations. America and the West must recognize that China’s gains are coming at the expense of their techno-economic and national power.",ITIF官方Reports & Briefings目录元数据,总目录保留；科技创新机制、中国比较或跨期节点进入全文层,2026-08-23
C-ITIF-RB-2026-HAMILTON-INDEX-2026-COUNTRY-VISUALIZATIONS,C-ITIF-RB-2026-HAMILTON-INDEX-2026-COUNTRY-VISUALIZATIONS,2026-05-06,"The Hamilton Index, 2026: Country Visualizations",Reports & Briefings,语境,否,https://itif.org/publications/2026/05/06/hamilton-index-2026-country-visualizations/,This data visualization tool profiles countries and multinational groupings based on their relative performance and market shares in Hamilton industries.,ITIF官方Reports & Briefings目录元数据,总目录保留；科技创新机制、中国比较或跨期节点进入全文层,2026-08-23
C-ITIF-RB-2026-HAMILTON-INDEX-2026-INDUSTRY-VISUALIZATIONS,C-ITIF-RB-2026-HAMILTON-INDEX-2026-INDUSTRY-VISUALIZATIONS,2026-05-06,"The Hamilton Index, 2026: Industry Visualizations",Reports & Briefings,语境,否,https://itif.org/publications/2026/05/06/hamilton-index-2026-industry-visualizations/,"This visualization tool breaks down the Hamilton Index dataset at the industry level and for the composite Hamilton Index, showing the state of global competition from 1995 through 2022 in terms of market share and relative performance (LQ).",ITIF官方Reports & Briefings目录元数据,总目录保留；科技创新机制、中国比较或跨期节点进入全文层,2026-08-23
C-ITIF-RB-2026-HAMILTON-INDEX-2026-MOMENTUM-VISUALIZATIONS,C-ITIF-RB-2026-HAMILTON-INDEX-2026-MOMENTUM-VISUALIZATIONS,2026-05-06,"The Hamilton Index, 2026: Momentum Visualizations",Reports & Briefings,语境,否,https://itif.org/publications/2026/05/06/hamilton-index-2026-momentum-visualizations/,This visualization tool benchmarks nations’ progress over time in Hamilton industries by weighing changes in their gross value-added output and relative specialization.,ITIF官方Reports & Briefings目录元数据,总目录保留；科技创新机制、中国比较或跨期节点进入全文层,2026-08-23
C-ITIF-RB-2026-AMERICA-NEEDS-AN-INDUSTRIAL-STRATEGY-FOR-MOTOR-VEHICLES,C-ITIF-RB-2026-AMERICA-NEEDS-AN-INDUSTRIAL-STRATEGY-FOR-MOTOR-VEHICLES,2026-05-11,America Needs an Industrial Strategy for Motor Vehicles,Reports & Briefings,语境,是,https://itif.org/publications/2026/05/11/america-needs-an-industrial-strategy-for-motor-vehicles/,"U.S. automotive competitiveness has severely faltered. The federal government needs a comprehensive national strategy to revitalize the industry’s competitiveness, especially in the face of Chinese EVs.",ITIF官方Reports & Briefings目录元数据,总目录保留；科技创新机制、中国比较或跨期节点进入全文层,2026-08-23
C-ITIF-RB-2026-MOBILIZING-FOR-TECHNO-ECONOMIC-WAR-PART-4-TRANSFORMING-EDUCATION-AND-WORKFORCE-POLICY,C-ITIF-RB-2026-MOBILIZING-FOR-TECHNO-ECONOMIC-WAR-PART-4-TRANSFORMING-EDUCATION-AND-WORKFORCE-POLICY,2026-05-13,"Mobilizing for Techno-Economic War, Part 4: Transforming Education and Workforce Policy",Reports & Briefings,支撑,是,https://itif.org/publications/2026/05/13/mobilizing-for-techno-economic-war-part-4-transforming-education-and-workforce-policy/,The U.S. education and workforce development system is ill-suited to winning the economic power industry war with China. It’s time for systemic reforms to produce students and workers with skills and capabilities that national power industries need.,ITIF官方Reports & Briefings目录元数据,总目录保留；科技创新机制、中国比较或跨期节点进入全文层,2026-08-23
C-ITIF-RB-2026-ADVANCED-GEOTHERMAL-ENERGY-WIDELY-AVAILABLE-CLEAN-MAYBE-CHEAP-ENOUGH,C-ITIF-RB-2026-ADVANCED-GEOTHERMAL-ENERGY-WIDELY-AVAILABLE-CLEAN-MAYBE-CHEAP-ENOUGH,2026-05-18,"Advanced Geothermal Energy Is Widely Available, Clean, and Maybe Cheap Enough to Make a Big Impact",Reports & Briefings,支撑,否,https://itif.org/publications/2026/05/18/advanced-geothermal-energy-widely-available-clean-maybe-cheap-enough/,"Three advanced geothermal technologies—Enhanced Geothermal Systems (EGS), Advanced Geothermal Systems (AGS), and Superhot Rock Geothermal (SHR)—are poised to transform geothermal from a niche resource into a significant contributor to the U.S. energy mix.",ITIF官方Reports & Briefings目录元数据,总目录保留；科技创新机制、中国比较或跨期节点进入全文层,2026-08-23
C-ITIF-RB-2026-COMFORTABLE-DECLINE-HOW-CANADA-CHOOSES-STABILITY-OVER-DYNAMIC-PROSPERITY,C-ITIF-RB-2026-COMFORTABLE-DECLINE-HOW-CANADA-CHOOSES-STABILITY-OVER-DYNAMIC-PROSPERITY,2026-05-25,Comfortable Decline: How Canada Chooses Stability Over Dynamic Prosperity,Reports & Briefings,核心,否,https://itif.org/publications/2026/05/25/comfortable-decline-how-canada-chooses-stability-over-dynamic-prosperity/,"Canadian innovation, productivity, and competitiveness are weak. Absent serious policy change, they will likely get even weaker. A turnaround requires addressing Canada’s core challenges—most fundamentally, a Canadian political economy that is not designed for the techno-economic environment the country now faces.",ITIF官方Reports & Briefings目录元数据,总目录保留；科技创新机制、中国比较或跨期节点进入全文层,2026-08-23
C-ITIF-RB-2026-BALKAN-SUBNATIONAL-INNOVATION-COMPETITIVENESS-INDEX,C-ITIF-RB-2026-BALKAN-SUBNATIONAL-INNOVATION-COMPETITIVENESS-INDEX,2026-05-26,Balkan Subnational Innovation Competitiveness Index,Reports & Briefings,核心,否,https://itif.org/publications/2026/05/26/balkan-subnational-innovation-competitiveness-index/,"For policymakers to bolster their regional innovation capacity and global competitiveness, they first must know where they stand. This report benchmarks 48 regions across Albania, Bosnia and Herzegovina, North Macedonia, and Serbia on 13 commonly available innovation indicators.",ITIF官方Reports & Briefings目录元数据,总目录保留；科技创新机制、中国比较或跨期节点进入全文层,2026-08-23
C-ITIF-RB-2026-HOW-PERSONALIZATION-DRIVES-CONSUMER-CHOICE-AND-AUTONOMY,C-ITIF-RB-2026-HOW-PERSONALIZATION-DRIVES-CONSUMER-CHOICE-AND-AUTONOMY,2026-05-28,How Personalization Drives Consumer Choice and Autonomy,Reports & Briefings,核心,否,https://itif.org/publications/2026/05/28/how-personalization-drives-consumer-choice-and-autonomy/,"As new technologies such as AI expand both user-directed and provider-driven personalization capabilities in digital systems, policymakers should ensure that personalization strengthens transparency, accountability, and user control rather than constrain its development.",ITIF官方Reports & Briefings目录元数据,总目录保留；科技创新机制、中国比较或跨期节点进入全文层,2026-08-23
C-ITIF-RB-2026-TARGETED-PRESSURE-HOW-CHINESE-MANUFACTURING-COMPETITION-IMPACTS-US-STATES,C-ITIF-RB-2026-TARGETED-PRESSURE-HOW-CHINESE-MANUFACTURING-COMPETITION-IMPACTS-US-STATES,2026-06-01,Targeted Pressure: How Chinese Manufacturing Competition Impacts US States,Reports & Briefings,语境,是,https://itif.org/publications/2026/06/01/targeted-pressure-how-chinese-manufacturing-competition-impacts-us-states/,"Chinese industrial policy is reshaping global manufacturing and impacting every U.S. state. The result is growing risk to American industry, jobs, and national security.",ITIF官方Reports & Briefings目录元数据,总目录保留；科技创新机制、中国比较或跨期节点进入全文层,2026-08-23
C-ITIF-RB-2026-AFTERMATH-2025-US-TARIFFS-HOW-COUNTRIES-ADAPTING-TO-UNCERTAIN-GLOBAL-TRADE-SYSTEM,C-ITIF-RB-2026-AFTERMATH-2025-US-TARIFFS-HOW-COUNTRIES-ADAPTING-TO-UNCERTAIN-GLOBAL-TRADE-SYSTEM,2026-06-01,The Aftermath of the 2025 U.S. Tariffs: How Countries Are Adapting to an Uncertain Global Trade System,Reports & Briefings,语境,否,https://itif.org/publications/2026/06/01/aftermath-2025-us-tariffs-how-countries-adapting-to-uncertain-global-trade-system/,"Country cases show that the Trump administration’s tariffs have had a paradoxical effect. They have given Washington short-term leverage in some bilateral negotiations, especially with countries seeking improved access to the U.S. market or deeper security and technology ties. But they have also accelerated a global search for optionality.",ITIF官方Reports & Briefings目录元数据,总目录保留；科技创新机制、中国比较或跨期节点进入全文层,2026-08-23
C-ITIF-RB-2026-STATE-OF-PRIVACY-LESSONS-FROM-STATE-LAWS-FOR-NATIONAL-FRAMEWORK,C-ITIF-RB-2026-STATE-OF-PRIVACY-LESSONS-FROM-STATE-LAWS-FOR-NATIONAL-FRAMEWORK,2026-06-03,The State of Privacy: Lessons From State Laws for a National Framework,Reports & Briefings,语境,否,https://itif.org/publications/2026/06/03/state-of-privacy-lessons-from-state-laws-for-national-framework/,"The United States’ patchwork approach to privacy is unworkable in the long term. But that patchwork is already here, and Congress can learn from the policies states have implemented to craft a national data privacy framework.",ITIF官方Reports & Briefings目录元数据,总目录保留；科技创新机制、中国比较或跨期节点进入全文层,2026-08-23
C-ITIF-RB-2026-HOW-INNOVATIVE-IS-CHINAS-SPACE-INDUSTRY,C-ITIF-RB-2026-HOW-INNOVATIVE-IS-CHINAS-SPACE-INDUSTRY,2026-06-08,How Innovative Is China’s Space Industry?,Reports & Briefings,核心,是,https://itif.org/publications/2026/06/08/how-innovative-is-chinas-space-industry/,"China’s space industry was once nascent. But, with support from the Chinese Communist Party, it has developed into a robust commercial sector and is closing the innovation gap with the United States.",ITIF官方Reports & Briefings目录元数据,已进入精选全文；按本地原始资产、文本和切片调用,2026-08-23
C-ITIF-RB-2026-KOREAS-STEM-TALENT-CHALLENGE-FIXING-INCENTIVES-FOR-DEPLOYABILITY,C-ITIF-RB-2026-KOREAS-STEM-TALENT-CHALLENGE-FIXING-INCENTIVES-FOR-DEPLOYABILITY,2026-06-08,Korea’s STEM Talent Challenge: Fixing Incentives for Deployability,Reports & Briefings,支撑,否,https://itif.org/publications/2026/06/08/koreas-stem-talent-challenge-fixing-incentives-for-deployability/,"South Korea produces large numbers of STEM graduates, but too many are attracted to medicine, and too few go into engineering. Korea should rebalance its education financing and university incentives to ensure that enough engineers are ready to work in advanced industries.",ITIF官方Reports & Briefings目录元数据,总目录保留；科技创新机制、中国比较或跨期节点进入全文层,2026-08-23
C-ITIF-RB-2026-THE-CASE-FOR-USING-SECTION-301-TO-RETALIATE-AGAINST-DISCRIMINATORY-EU-POLICIES,C-ITIF-RB-2026-THE-CASE-FOR-USING-SECTION-301-TO-RETALIATE-AGAINST-DISCRIMINATORY-EU-POLICIES,2026-06-10,The Case for Using Section 301 to Retaliate Against Discriminatory EU Policies,Reports & Briefings,语境,否,https://itif.org/publications/2026/06/10/the-case-for-using-section-301-to-retaliate-against-discriminatory-eu-policies/,"The EU has an array of discriminatory policies that target major U.S. tech firms, a legitimate basis for action under Section 301 of the Trade Act of 1974. U.S. policymakers should favor amicably negotiated solutions, but this tool is available as a last resort if necessary.",ITIF官方Reports & Briefings目录元数据,总目录保留；科技创新机制、中国比较或跨期节点进入全文层,2026-08-23
C-ITIF-RB-2026-COMAC-CHINAS-LOOMING-THREAT-TO-GLOBAL-AVIATION-INDUSTRY,C-ITIF-RB-2026-COMAC-CHINAS-LOOMING-THREAT-TO-GLOBAL-AVIATION-INDUSTRY,2026-06-15,COMAC: China’s Looming Threat to the Global Aviation Industry,Reports & Briefings,核心,是,https://itif.org/publications/2026/06/15/comac-chinas-looming-threat-to-global-aviation-industry/,"Boeing and Airbus have long dominated the global commercial aircraft industry in production and innovation. But the rise of COMAC—China’s government-created, mercantilist-fueled national champion—threatens the foundations of market-based commercial aviation.",ITIF官方Reports & Briefings目录元数据,已进入精选全文；按本地原始资产、文本和切片调用,2026-08-23
C-ITIF-RB-2026-MOBILIZING-FOR-TECHNO-ECONOMIC-WAR-PART-5-TRANSFORMING-STEM-RESEARCH-POLICY,C-ITIF-RB-2026-MOBILIZING-FOR-TECHNO-ECONOMIC-WAR-PART-5-TRANSFORMING-STEM-RESEARCH-POLICY,2026-06-17,"Mobilizing for Techno-Economic War, Part 5: Transforming STEM Research Policy",Reports & Briefings,核心,是,https://itif.org/publications/2026/06/17/mobilizing-for-techno-economic-war-part-5-transforming-stem-research-policy/,Increased federal funding for STEM research is necessary but not sufficient for America to avoid losing to China. It’s also time for a new model for federal research funding that focuses on the technology needs of national power industries and directly benefits firms in the United States.,ITIF官方Reports & Briefings目录元数据,总目录保留；科技创新机制、中国比较或跨期节点进入全文层,2026-08-23
C-ITIF-RB-2026-DECLINING-MANUFACTURING-BIRTHS-CONTRIBUTE-TO-US-MANUFACTURING-WOES,C-ITIF-RB-2026-DECLINING-MANUFACTURING-BIRTHS-CONTRIBUTE-TO-US-MANUFACTURING-WOES,2026-06-22,Declining Manufacturing Births Contribute to US Manufacturing Woes,Reports & Briefings,语境,否,https://itif.org/publications/2026/06/22/declining-manufacturing-births-contribute-to-us-manufacturing-woes/,"Manufacturing start-ups, particularly in critical national economic power industries, are essential to the nation’s economic and security strength. Yet, U.S. manufacturing start-ups have declined over the last three decades.",ITIF官方Reports & Briefings目录元数据,总目录保留；科技创新机制、中国比较或跨期节点进入全文层,2026-08-23
C-ITIF-RB-2026-ECONOMIC-CONSEQUENCES-OF-SECTION-232-TARIFFS-ON-SEMICONDUCTOR-IMPORTS,C-ITIF-RB-2026-ECONOMIC-CONSEQUENCES-OF-SECTION-232-TARIFFS-ON-SEMICONDUCTOR-IMPORTS,2026-06-24,Economic Consequences of Section 232 Tariffs on Semiconductor Imports,Reports & Briefings,核心,否,https://itif.org/publications/2026/06/24/economic-consequences-of-section-232-tariffs-on-semiconductor-imports/,"The Trump administration has imposed tariffs on semiconductor imports on national security grounds under Section 232 of the Trade Expansion Act. These tariffs would raise ICT prices and thereby lower ICT consumption and capital stocks, which would reduce economic growth and lower Americans’ living standards.",ITIF官方Reports & Briefings目录元数据,总目录保留；科技创新机制、中国比较或跨期节点进入全文层,2026-08-23
C-ITIF-RB-2026-CHINAS-BURGEONING-BIOPHARMACEUTICAL-COMPETITIVENESS-DEMANDS-US-RESPONSE,C-ITIF-RB-2026-CHINAS-BURGEONING-BIOPHARMACEUTICAL-COMPETITIVENESS-DEMANDS-US-RESPONSE,2026-06-29,China’s Burgeoning Biopharmaceutical Competitiveness Demands a US Response,Reports & Briefings,核心,是,https://itif.org/publications/2026/06/29/chinas-burgeoning-biopharmaceutical-competitiveness-demands-us-response/,"China has become an increasingly capable competitor in the global biopharmaceutical industry. To remain competitive, the United States should double down on policies to ensure that it offers the world’s leading environment to support private sector life sciences innovation.",ITIF官方Reports & Briefings目录元数据,已进入精选全文；按本地原始资产、文本和切片调用,2026-08-23
C-ITIF-RB-2026-THE-DATA-CENTER-WATER-PROBLEM-IS-SOLUBLE,C-ITIF-RB-2026-THE-DATA-CENTER-WATER-PROBLEM-IS-SOLUBLE,2026-07-06,The Data Center Water Problem Is Soluble,Reports & Briefings,支撑,否,https://itif.org/publications/2026/07/06/the-data-center-water-problem-is-soluble/,"Technology exists, and policy instruments are available, to develop a new, state-led model of water governance for data centers and other large industrial users. What’s missing is institutional coordination, regulatory specificity, and a set of standardized mechanisms and metrics.",ITIF官方Reports & Briefings目录元数据,总目录保留；科技创新机制、中国比较或跨期节点进入全文层,2026-08-23
C-ITIF-RB-2026-WHY-THE-USMCA-MATTERS-FOR-NORTH-AMERICAS-ECONOMIC-FUTURE,C-ITIF-RB-2026-WHY-THE-USMCA-MATTERS-FOR-NORTH-AMERICAS-ECONOMIC-FUTURE,2026-07-13,Why the USMCA Matters for North America’s Economic Future,Reports & Briefings,核心,是,https://itif.org/publications/2026/07/13/why-the-usmca-matters-for-north-americas-economic-future/,"The USMCA is the operating system for North American production, investment, talent, and digital commerce. Canada, Mexico, and the United States should renew the agreement and explore ways to update it to preserve certainty, deepen regional supply chains and innovation capabilities, and strengthen the continent’s ability to compete with China.",ITIF官方Reports & Briefings目录元数据,总目录保留；科技创新机制、中国比较或跨期节点进入全文层,2026-08-23
C-ITIF-RB-2026-COMMERCIALIZING-CANADIAN-HEALTH-RESEARCH-TARGETING-GRANTS-INCREASING-INVESTMENT,C-ITIF-RB-2026-COMMERCIALIZING-CANADIAN-HEALTH-RESEARCH-TARGETING-GRANTS-INCREASING-INVESTMENT,2026-07-20,Commercializing Canadian Health Research: The Case for Targeting Grants and Increasing Overall Investment,Reports & Briefings,核心,否,https://itif.org/publications/2026/07/20/commercializing-canadian-health-research-targeting-grants-increasing-investment/,Canada should significantly expand commercialization-focused grant programs through the Canadian Institutes of Health Research (CIHR) and increase Canada’s overall health science research investments to a scale commensurate with global competition.,ITIF官方Reports & Briefings目录元数据,总目录保留；科技创新机制、中国比较或跨期节点进入全文层,2026-08-23
C-ITIF-RB-2026-PAYING-FOR-OUTCOMES-TYING-UNIVERSITY-FUNDING-TO-COMMERCIAL-RESULTS,C-ITIF-RB-2026-PAYING-FOR-OUTCOMES-TYING-UNIVERSITY-FUNDING-TO-COMMERCIAL-RESULTS,2026-07-20,Paying for Outcomes: Tying University Funding to Commercial Results,Reports & Briefings,核心,否,https://itif.org/publications/2026/07/20/paying-for-outcomes-tying-university-funding-to-commercial-results/,"Canada funds university research but gives universities too little reason to turn that into Canadian firms, patents, and industrial capacity. To better align their incentives with national goals, funding should flow in part on standardized commercialization outcomes, with universities left to decide how to deliver them.",ITIF官方Reports & Briefings目录元数据,已进入精选全文；按本地原始资产、文本和切片调用,2026-08-23
C-ITIF-RB-2026-MOBILIZING-TECHNO-ECONOMIC-WAR-6-FREE-TRADE-AGREEMENTS-STRATEGIC-TECHNO-ECONOMIC-AGREEMENTS,C-ITIF-RB-2026-MOBILIZING-TECHNO-ECONOMIC-WAR-6-FREE-TRADE-AGREEMENTS-STRATEGIC-TECHNO-ECONOMIC-AGREEMENTS,2026-07-27,"Mobilizing for Techno-Economic War, Part 6: From Free Trade Agreements to Strategic Techno-Economic Agreements",Reports & Briefings,语境,是,https://itif.org/publications/2026/07/27/mobilizing-techno-economic-war-6-free-trade-agreements-strategic-techno-economic-agreements/,"The era of free trade globalization is over. To replace it, the United States should lead a new class of binding deals with allies, with a dual objective of strengthening allied national economic power industries and weakening China’s.",ITIF官方Reports & Briefings目录元数据,总目录保留；科技创新机制、中国比较或跨期节点进入全文层,2026-08-23
C-ITIF-RB-2026-HOW-POLICYMAKERS-SHOULD-SHOULDNT-ADDRESS-CHATBOT-SAFETY-FOR-CHILDREN,C-ITIF-RB-2026-HOW-POLICYMAKERS-SHOULD-SHOULDNT-ADDRESS-CHATBOT-SAFETY-FOR-CHILDREN,2026-08-10,How Policymakers Should (and Shouldn’t) Address Chatbot Safety for Children,Reports & Briefings,核心,否,https://itif.org/publications/2026/08/10/how-policymakers-should-shouldnt-address-chatbot-safety-for-children/,Policymakers are rushing to regulate AI chatbots. But they should carefully weigh the best approaches to enable safe usage while meaningfully protecting children from harm.,ITIF官方Reports & Briefings目录元数据,总目录保留；科技创新机制、中国比较或跨期节点进入全文层,2026-08-23
