报告ID,机构ID,机构名称,发布日期,日期精度,报告编号,报告名称,官方文类,语言,作者,官方落地页,官方PDF入口,来源列表页,科技创新相关度,科技创新主轴,中国直接信号,全文策略,获取日期
C-JP-RIETI-16-J-002,jp-rieti,"Research Institute of Economy, Trade and Industry (RIETI)",2016-01-01,月,16-J-002,Innovation and Employment Growth in Japan: An empirical analysis based on micro data of the Basic Survey of Business Structure and Activity,Japanese Discussion Paper,Japanese,"YoungGak KIM (Senshu University) / IKEUCHI Kenta (NISTEP) / KWON Hyeog Ug (Faculty Fellow, RIETI) / FUKAO Kyoji (Faculty Fellow, RIETI)",https://www.rieti.go.jp/en/publications/summary/16010009.html,https://www.rieti.go.jp/jp/publications/dp/16j002.pdf,https://www.rieti.go.jp/en/publications/act_dp_jp2015.html,核心,关键与新兴技术；产业创新与成果转化,否,轻量目录保留；按科技创新机制、中国比较和跨期增量精选全文,2026-08-23
C-JP-RIETI-16-J-004,jp-rieti,"Research Institute of Economy, Trade and Industry (RIETI)",2016-02-01,月,16-J-004,The Impact of Researcher Diversity on Firms' Patent Application Activity,Japanese Discussion Paper,Japanese,"EDAMURA Kazuma (NISTEP) / INUI Tomohiko (Faculty Fellow, RIETI)",https://www.rieti.go.jp/en/publications/summary/16020006.html,https://www.rieti.go.jp/jp/publications/dp/16j004.pdf,https://www.rieti.go.jp/en/publications/act_dp_jp2015.html,核心,产业创新与成果转化；科技人才与技能；创新测量与政策方法,否,轻量目录保留；按科技创新机制、中国比较和跨期增量精选全文,2026-08-23
C-JP-RIETI-16-J-005,jp-rieti,"Research Institute of Economy, Trade and Industry (RIETI)",2016-02-01,月,16-J-005,The Effects of Artificial Intelligence and Robotics on Businesses,Japanese Discussion Paper,Japanese,"MORIKAWA Masayuki (Vice Chairman & Vice President, RIETI)",https://www.rieti.go.jp/en/publications/summary/16020007.html,https://www.rieti.go.jp/jp/publications/dp/16j005.pdf,https://www.rieti.go.jp/en/publications/act_dp_jp2015.html,核心,关键与新兴技术,否,轻量目录保留；按科技创新机制、中国比较和跨期增量精选全文,2026-08-23
C-JP-RIETI-16-J-009,jp-rieti,"Research Institute of Economy, Trade and Industry (RIETI)",2016-02-01,月,16-J-009,Quantitative Analysis of Factors of Willingness and Preparation of Start-ups,Japanese Discussion Paper,Japanese,MATSUDA Naoko (Fellow) / TSUCHIYA Ryuichiro (Toyo University) / IKEUCHI Kenta (NISTEP) / OKAMURO Hiroyuki (Hitotsubashi University),https://www.rieti.go.jp/en/publications/summary/16020017.html,https://www.rieti.go.jp/jp/publications/dp/16j009.pdf,https://www.rieti.go.jp/en/publications/act_dp_jp2015.html,核心,,否,轻量目录保留；按科技创新机制、中国比较和跨期增量精选全文,2026-08-23
C-JP-RIETI-16-E-023,jp-rieti,"Research Institute of Economy, Trade and Industry (RIETI)",2016-03-01,月,16-E-023,A Comparison of the Lending Technologies between Private and Public Banks,English Discussion Paper,English,UCHIDA Hirofumi (Kobe University),https://www.rieti.go.jp/en/publications/summary/16030018.html,https://www.rieti.go.jp/jp/publications/dp/16e023.pdf,https://www.rieti.go.jp/en/publications/act_dp2015.html,核心,关键与新兴技术,否,轻量目录保留；按科技创新机制、中国比较和跨期增量精选全文,2026-08-23
C-JP-RIETI-16-E-032,jp-rieti,"Research Institute of Economy, Trade and Industry (RIETI)",2016-03-01,月,16-E-032,Firm Growth by Product Innovation in the Presence of the Product Life Cycle,English Discussion Paper,English,MURAKAMI Hiroki (University of Tokyo),https://www.rieti.go.jp/en/publications/summary/16030039.html,https://www.rieti.go.jp/jp/publications/dp/16e032.pdf,https://www.rieti.go.jp/en/publications/act_dp2015.html,核心,产业创新与成果转化,否,轻量目录保留；按科技创新机制、中国比较和跨期增量精选全文,2026-08-23
C-JP-RIETI-16-E-036,jp-rieti,"Research Institute of Economy, Trade and Industry (RIETI)",2016-03-01,月,16-E-036,Promoting Innovation in Small Markets: Evidence from the market for rare and intractable diseases,English Discussion Paper,English,"IIZUKA Toshiaki (Faculty Fellow, RIETI) / UCHIDA Gyo (University of Tokyo)",https://www.rieti.go.jp/en/publications/summary/16030043.html,https://www.rieti.go.jp/jp/publications/dp/16e036.pdf,https://www.rieti.go.jp/en/publications/act_dp2015.html,核心,产业创新与成果转化；创新测量与政策方法,否,轻量目录保留；按科技创新机制、中国比较和跨期增量精选全文,2026-08-23
C-JP-RIETI-16-E-041,jp-rieti,"Research Institute of Economy, Trade and Industry (RIETI)",2016-03-01,月,16-E-041,"Role of Public Research Institutes in National Innovation Systems in Industrialized Countries: The cases of Fraunhofer, NIST, CSIRO, AIST, and ITRI",English Discussion Paper,English,"Patarapong INTARAKUMNERD (GRIPS) / GOTO Akira (Faculty Fellow, RIETI)",https://www.rieti.go.jp/en/publications/summary/16030050.html,https://www.rieti.go.jp/jp/publications/dp/16e041.pdf,https://www.rieti.go.jp/en/publications/act_dp2015.html,核心,产业创新与成果转化,否,已进入精选全文；按官方PDF、页面HTML、提取文本和科技创新切片调用,2026-08-23
C-JP-RIETI-16-E-061,jp-rieti,"Research Institute of Economy, Trade and Industry (RIETI)",2016-03-01,月,16-E-061,Knowledge Creation and Dissemination by Local Public Technology Centers in Regional and Sectoral Innovation Systems: Insights from patent data,English Discussion Paper,English,FUKUGAWA Nobuya (Tohoku University),https://www.rieti.go.jp/en/publications/summary/16030081.html,https://www.rieti.go.jp/jp/publications/dp/16e061.pdf,https://www.rieti.go.jp/en/publications/act_dp2015.html,核心,关键与新兴技术；产业创新与成果转化；创新测量与政策方法,否,轻量目录保留；按科技创新机制、中国比较和跨期增量精选全文,2026-08-23
C-JP-RIETI-16-E-062,jp-rieti,"Research Institute of Economy, Trade and Industry (RIETI)",2016-03-01,月,16-E-062,Problem Solving and Intermediation by Local Public Technology Centers in Regional Innovation Systems: The first report on a branch-level survey on technical consultation,English Discussion Paper,English,"FUKUGAWA Nobuya (Tohoku University) / GOTO Akira (Faculty Fellow, RIETI)",https://www.rieti.go.jp/en/publications/summary/16030082.html,https://www.rieti.go.jp/jp/publications/dp/16e062.pdf,https://www.rieti.go.jp/en/publications/act_dp2015.html,核心,关键与新兴技术；产业创新与成果转化,否,轻量目录保留；按科技创新机制、中国比较和跨期增量精选全文,2026-08-23
C-JP-RIETI-16-J-014,jp-rieti,"Research Institute of Economy, Trade and Industry (RIETI)",2016-03-01,月,16-J-014,Questionnaire Survey Regarding the Situation of Technological Know-how and its Leakage in Japanese firms,Japanese Discussion Paper,Japanese,"WATANABE Toshiya (Faculty Fellow, RIETI) / HIRAI Yuri (University of Tokyo)",https://www.rieti.go.jp/en/publications/summary/16030008.html,https://www.rieti.go.jp/jp/publications/dp/16j014.pdf,https://www.rieti.go.jp/en/publications/act_dp_jp2015.html,核心,关键与新兴技术；产业创新与成果转化,否,轻量目录保留；按科技创新机制、中国比较和跨期增量精选全文,2026-08-23
C-JP-RIETI-16-J-020,jp-rieti,"Research Institute of Economy, Trade and Industry (RIETI)",2016-03-01,月,16-J-020,"Startup and Expansion of High-speed Economic Growth in Postwar South Korea: ""Miracle of the Han River""",Japanese Discussion Paper,Japanese,Chaisung LIM (Rikkyo University),https://www.rieti.go.jp/en/publications/summary/16030021.html,https://www.rieti.go.jp/jp/publications/dp/16j020.pdf,https://www.rieti.go.jp/en/publications/act_dp_jp2015.html,核心,产业创新与成果转化,否,轻量目录保留；按科技创新机制、中国比较和跨期增量精选全文,2026-08-23
C-JP-RIETI-16-E-066,jp-rieti,"Research Institute of Economy, Trade and Industry (RIETI)",2016-04-01,月,16-E-066,The Effects of Artificial Intelligence and Robotics on Business and Employment: Evidence from a survey on Japanese firms,English Discussion Paper,English,"MORIKAWA Masayuki (Vice Chairman & Vice President, RIETI)",https://www.rieti.go.jp/en/publications/summary/16040008.html,https://www.rieti.go.jp/jp/publications/dp/16e066.pdf,https://www.rieti.go.jp/en/publications/act_dp2016.html,核心,关键与新兴技术；产业创新与成果转化；创新测量与政策方法,否,轻量目录保留；按科技创新机制、中国比较和跨期增量精选全文,2026-08-23
C-JP-RIETI-16-P-007,jp-rieti,"Research Institute of Economy, Trade and Industry (RIETI)",2016-04-01,月,16-P-007,Does Standardization Affect Science Linkage? Implications for society and organizational management: Evidence from artificial intelligence-related technology,English Policy Discussion Paper,English,"TAMURA Suguru (Senior Fellow, RIETI) / IWAMI Shino (University of Tokyo) / SAKATA Ichiro (Consulting Fellow, RIETI)",https://www.rieti.go.jp/en/publications/summary/16040001.html,https://www.rieti.go.jp/jp/publications/pdp/16p007.pdf,https://www.rieti.go.jp/en/publications/act_pdp.html,核心,科学体系与科研能力；关键与新兴技术；创新测量与政策方法,否,轻量目录保留；按科技创新机制、中国比较和跨期增量精选全文,2026-08-23
C-JP-RIETI-16-E-067,jp-rieti,"Research Institute of Economy, Trade and Industry (RIETI)",2016-05-01,月,16-E-067,Location and Productivity of Knowledge- and Information-intensive Business Services,English Discussion Paper,English,"MORIKAWA Masayuki (Vice Chairman & Vice President, RIETI)",https://www.rieti.go.jp/en/publications/summary/16050001.html,https://www.rieti.go.jp/jp/publications/dp/16e067.pdf,https://www.rieti.go.jp/en/publications/act_dp2016.html,支撑,产业创新与成果转化；创新测量与政策方法,否,轻量目录保留；按科技创新机制、中国比较和跨期增量精选全文,2026-08-23
C-JP-RIETI-16-E-086,jp-rieti,"Research Institute of Economy, Trade and Industry (RIETI)",2016-09-01,月,16-E-086,The Effects of Diversity in Innovation: The moderating role of universal-diverse leaders,English Discussion Paper,English,SUZUKI Satoko (Kyoto University) / TAKEMURA Kosuke (Shiga University),https://www.rieti.go.jp/en/publications/summary/16090002.html,https://www.rieti.go.jp/jp/publications/dp/16e086.pdf,https://www.rieti.go.jp/en/publications/act_dp2016.html,核心,产业创新与成果转化,否,轻量目录保留；按科技创新机制、中国比较和跨期增量精选全文,2026-08-23
C-JP-RIETI-16-E-092,jp-rieti,"Research Institute of Economy, Trade and Industry (RIETI)",2016-11-01,月,16-E-092,Contribution of Patent Examination to Making the Patent Scope Consistent with the Invention: Evidence from Japan,English Discussion Paper,English,"OKADA Yoshimi (Hitotsubashi University) / NAITO Yusuke (Hitotsubashi University) / NAGAOKA Sadao (Faculty Fellow, RIETI)",https://www.rieti.go.jp/en/publications/summary/16110005.html,https://www.rieti.go.jp/jp/publications/dp/16e092.pdf,https://www.rieti.go.jp/en/publications/act_dp2016.html,核心,产业创新与成果转化；创新测量与政策方法,否,轻量目录保留；按科技创新机制、中国比较和跨期增量精选全文,2026-08-23
C-JP-RIETI-16-J-059,jp-rieti,"Research Institute of Economy, Trade and Industry (RIETI)",2016-11-01,月,16-J-059,Can Artificial Intelligence Heal Human Hearts? A randomized controlled trial on the effects of internet cognitive behavioral therapy with artificial intelligence on depression,Japanese Discussion Paper,Japanese,"SO Mirai (Keio University) / SEKIZAWA Yoichi (Senior Fellow, RIETI) / TAKEBAYASHI Yoshitake (Fukushima Medical University)",https://www.rieti.go.jp/en/publications/summary/16110002.html,https://www.rieti.go.jp/jp/publications/dp/16j059.pdf,https://www.rieti.go.jp/en/publications/act_dp_jp2016.html,核心,关键与新兴技术,否,轻量目录保留；按科技创新机制、中国比较和跨期增量精选全文,2026-08-23
C-JP-RIETI-16-E-102,jp-rieti,"Research Institute of Economy, Trade and Industry (RIETI)",2016-12-01,月,16-E-102,Absorptive Capacity and External Technology Sourcing: Empirical investigation of vertical and horizontal relationships in the research and development process,English Discussion Paper,English,"FUJIKAWA Naoto (University of Tokyo) / MOTOHASHI Kazuyuki (Faculty Fellow, RIETI)",https://www.rieti.go.jp/en/publications/summary/16120005.html,https://www.rieti.go.jp/jp/publications/dp/16e102.pdf,https://www.rieti.go.jp/en/publications/act_dp2016.html,核心,研发投入与创新政策；关键与新兴技术,否,轻量目录保留；按科技创新机制、中国比较和跨期增量精选全文,2026-08-23
C-JP-RIETI-16-E-104,jp-rieti,"Research Institute of Economy, Trade and Industry (RIETI)",2016-12-01,月,16-E-104,Understanding External Technology Sourcing in New Product Development Projects: Bilateral vs. unilateral contracts,English Discussion Paper,English,"KANI Masayo (Tezukayama University) / MOTOHASHI Kazuyuki (Faculty Fellow, RIETI)",https://www.rieti.go.jp/en/publications/summary/16120008.html,https://www.rieti.go.jp/jp/publications/dp/16e104.pdf,https://www.rieti.go.jp/en/publications/act_dp2016.html,核心,关键与新兴技术,否,轻量目录保留；按科技创新机制、中国比较和跨期增量精选全文,2026-08-23
C-JP-RIETI-17-J-005,jp-rieti,"Research Institute of Economy, Trade and Industry (RIETI)",2017-02-01,月,17-J-005,The Impact of Artificial Intelligence and Robotics on Employment: Evidence from a survey on individuals,Japanese Discussion Paper,Japanese,"MORIKAWA Masayuki (Vice Chairman & Vice President, RIETI)",https://www.rieti.go.jp/en/publications/summary/17020010.html,https://www.rieti.go.jp/jp/publications/dp/17j005.pdf,https://www.rieti.go.jp/en/publications/act_dp_jp2016.html,核心,关键与新兴技术；创新测量与政策方法,否,轻量目录保留；按科技创新机制、中国比较和跨期增量精选全文,2026-08-23
C-JP-RIETI-17-E-032,jp-rieti,"Research Institute of Economy, Trade and Industry (RIETI)",2017-03-01,月,17-E-032,Consumer Demand for Fully Automated Driving Technology: Evidence from Japan,English Discussion Paper,English,"Kong Joo SHIN (Kyushu University) / MANAGI Shunsuke (Faculty Fellow, RIETI)",https://www.rieti.go.jp/en/publications/summary/17030033.html,https://www.rieti.go.jp/jp/publications/dp/17e032.pdf,https://www.rieti.go.jp/en/publications/act_dp2016.html,核心,关键与新兴技术；创新测量与政策方法,否,轻量目录保留；按科技创新机制、中国比较和跨期增量精选全文,2026-08-23
C-JP-RIETI-17-E-034,jp-rieti,"Research Institute of Economy, Trade and Industry (RIETI)",2017-03-01,月,17-E-034,The Impact of the Opening of High-Speed Rail on Innovation,English Discussion Paper,English,"INOUE Hiroyasu (University of Hyogo) / NAKAJIMA Kentaro (Tohoku University) / SAITO Yukiko (Senior Fellow, RIETI)",https://www.rieti.go.jp/en/publications/summary/17030035.html,https://www.rieti.go.jp/jp/publications/dp/17e034.pdf,https://www.rieti.go.jp/en/publications/act_dp2016.html,核心,产业创新与成果转化；创新测量与政策方法,否,轻量目录保留；按科技创新机制、中国比较和跨期增量精选全文,2026-08-23
C-JP-RIETI-17-E-040,jp-rieti,"Research Institute of Economy, Trade and Industry (RIETI)",2017-03-01,月,17-E-040,Information Constraint of the Patent Office and Examination Quality: Evidence from the effects of initiation lags,English Discussion Paper,English,"NAGAOKA Sadao (Faculty Fellow, RIETI) / YAMAUCHI Isamu (Research Associate, RIETI)",https://www.rieti.go.jp/en/publications/summary/17030049.html,https://www.rieti.go.jp/jp/publications/dp/17e040.pdf,https://www.rieti.go.jp/en/publications/act_dp2016.html,核心,产业创新与成果转化；创新测量与政策方法,否,轻量目录保留；按科技创新机制、中国比较和跨期增量精选全文,2026-08-23
C-JP-RIETI-17-E-055,jp-rieti,"Research Institute of Economy, Trade and Industry (RIETI)",2017-03-01,月,17-E-055,Creative Destruction in the Era of Open Innovation: Empirical investigation into the relationship between patenting and survival of Japanese firms,English Discussion Paper,English,"IKEUCHI Kenta (Fellow, RIETI) / MOTOHASHI Kazuyuki (Faculty Fellow, RIETI)",https://www.rieti.go.jp/en/publications/summary/17030072.html,https://www.rieti.go.jp/jp/publications/dp/17e055.pdf,https://www.rieti.go.jp/en/publications/act_dp2016.html,核心,产业创新与成果转化；创新测量与政策方法,否,轻量目录保留；按科技创新机制、中国比较和跨期增量精选全文,2026-08-23
C-JP-RIETI-17-E-056,jp-rieti,"Research Institute of Economy, Trade and Industry (RIETI)",2017-03-01,月,17-E-056,"Measuring Science Intensity of Industry using Linked Dataset of Science, Technology and Industry",English Discussion Paper,English,"IKEUCHI Kenta (Fellow, RIETI) / MOTOHASHI Kazuyuki (Faculty Fellow, RIETI) / TAMURA Ryuichi (Hitotsubashi University) / TSUKADA Naotoshi (Research Associate, RIETI)",https://www.rieti.go.jp/en/publications/summary/17030073.html,https://www.rieti.go.jp/jp/publications/dp/17e056.pdf,https://www.rieti.go.jp/en/publications/act_dp2016.html,核心,科学体系与科研能力；关键与新兴技术；产业创新与成果转化,否,已进入精选全文；按官方PDF、页面HTML、提取文本和科技创新切片调用,2026-08-23
C-JP-RIETI-17-E-057,jp-rieti,"Research Institute of Economy, Trade and Industry (RIETI)",2017-03-01,月,17-E-057,Industry Growth through Spinoffs and Startups,English Discussion Paper,English,OHYAMA Atsushi (Hitotsubashi University),https://www.rieti.go.jp/en/publications/summary/17030074.html,https://www.rieti.go.jp/jp/publications/dp/17e057.pdf,https://www.rieti.go.jp/en/publications/act_dp2016.html,核心,产业创新与成果转化,否,轻量目录保留；按科技创新机制、中国比较和跨期增量精选全文,2026-08-23
C-JP-RIETI-17-J-011,jp-rieti,"Research Institute of Economy, Trade and Industry (RIETI)",2017-03-01,月,17-J-011,An Economic Analysis of the Legal Issues of Artificial Intelligence,Japanese Discussion Paper,Japanese,MORITA Hatsuru (Tohoku University),https://www.rieti.go.jp/en/publications/summary/17030004.html,https://www.rieti.go.jp/jp/publications/dp/17j011.pdf,https://www.rieti.go.jp/en/publications/act_dp_jp2016.html,核心,关键与新兴技术,否,轻量目录保留；按科技创新机制、中国比较和跨期增量精选全文,2026-08-23
C-JP-RIETI-17-J-015,jp-rieti,"Research Institute of Economy, Trade and Industry (RIETI)",2017-03-01,月,17-J-015,History of Changes to the Curriculum Guidelines and the Decline in Research and Development Productivity in Japan,Japanese Discussion Paper,Japanese,"NISHIMURA Kazuo (Faculty Fellow, RIETI) / MIYAMOTO Dai (Doshisha University) / YAGI Tadashi (Doshisha University)",https://www.rieti.go.jp/en/publications/summary/17030024.html,https://www.rieti.go.jp/jp/publications/dp/17j015.pdf,https://www.rieti.go.jp/en/publications/act_dp_jp2016.html,核心,研发投入与创新政策；产业创新与成果转化；创新测量与政策方法,否,轻量目录保留；按科技创新机制、中国比较和跨期增量精选全文,2026-08-23
C-JP-RIETI-17-J-023,jp-rieti,"Research Institute of Economy, Trade and Industry (RIETI)",2017-03-01,月,17-J-023,Regional Employment and Artificial Intelligence,Japanese Discussion Paper,Japanese,"HAMAGUCHI Nobuaki (Faculty Fellow, RIETI) / KONDO Keisuke (Fellow, RIETI)",https://www.rieti.go.jp/en/publications/summary/17030060.html,https://www.rieti.go.jp/jp/publications/dp/17j023.pdf,https://www.rieti.go.jp/en/publications/act_dp_jp2016.html,核心,关键与新兴技术,否,轻量目录保留；按科技创新机制、中国比较和跨期增量精选全文,2026-08-23
C-JP-RIETI-17-P-007,jp-rieti,"Research Institute of Economy, Trade and Industry (RIETI)",2017-03-01,月,17-P-007,"Empirical Analysis: Technological character, type of function, and longevity of standardized knowledge",English Policy Discussion Paper,English,"TAMURA Suguru (Senior Fellow, RIETI)",https://www.rieti.go.jp/en/publications/summary/17030022.html,https://www.rieti.go.jp/jp/publications/pdp/17p007.pdf,https://www.rieti.go.jp/en/publications/act_pdp.html,核心,关键与新兴技术,否,轻量目录保留；按科技创新机制、中国比较和跨期增量精选全文,2026-08-23
C-JP-RIETI-17-E-062,jp-rieti,"Research Institute of Economy, Trade and Industry (RIETI)",2017-04-01,月,17-E-062,Bank-Firm Relationship and Small Business Innovation,English Discussion Paper,English,XU Peng (Hosei University),https://www.rieti.go.jp/en/publications/summary/17040012.html,https://www.rieti.go.jp/jp/publications/dp/17e062.pdf,https://www.rieti.go.jp/en/publications/act_dp2017.html,核心,产业创新与成果转化,否,轻量目录保留；按科技创新机制、中国比较和跨期增量精选全文,2026-08-23
C-JP-RIETI-17-J-032,jp-rieti,"Research Institute of Economy, Trade and Industry (RIETI)",2017-04-01,月,17-J-032,Defining the Relevant Market in the Digital Platform Industry,Japanese Discussion Paper,Japanese,"KAWAHAMA Noboru (Faculty Fellow, RIETI) / TAKEDA Kuninobu (Osaka University)",https://www.rieti.go.jp/en/publications/summary/17040008.html,https://www.rieti.go.jp/jp/publications/dp/17j032.pdf,https://www.rieti.go.jp/en/publications/act_dp_jp2017.html,核心,关键与新兴技术；产业创新与成果转化,否,轻量目录保留；按科技创新机制、中国比较和跨期增量精选全文,2026-08-23
C-JP-RIETI-17-J-034,jp-rieti,"Research Institute of Economy, Trade and Industry (RIETI)",2017-04-01,月,17-J-034,Does Inter-firm Collaboration Network Improve Quality of Innovation? International comparative analysis from worldwide patent data,Japanese Discussion Paper,Japanese,"IINO Takashi (Niigata University) / INOUE Hiroyasu (University of Hyogo) / SAITO Yukiko (Senior Fellow, RIETI) / TODO Yasuyuki (Faculty Fellow, RIETI)",https://www.rieti.go.jp/en/publications/summary/17040011.html,https://www.rieti.go.jp/jp/publications/dp/17j034.pdf,https://www.rieti.go.jp/en/publications/act_dp_jp2017.html,核心,关键与新兴技术；产业创新与成果转化；创新测量与政策方法；国际合作与中国比较,否,轻量目录保留；按科技创新机制、中国比较和跨期增量精选全文,2026-08-23
C-JP-RIETI-17-E-066,jp-rieti,"Research Institute of Economy, Trade and Industry (RIETI)",2017-05-01,月,17-E-066,Trends and Priority Shifts in Artificial Intelligence Technology Invention: A global patent analysis,English Discussion Paper,English,"FUJII Hidemichi (Nagasaki University) / MANAGI Shunsuke (Faculty Fellow, RIETI)",https://www.rieti.go.jp/en/publications/summary/17050002.html,https://www.rieti.go.jp/jp/publications/dp/17e066.pdf,https://www.rieti.go.jp/en/publications/act_dp2017.html,核心,关键与新兴技术；产业创新与成果转化；创新测量与政策方法；国际合作与中国比较,否,轻量目录保留；按科技创新机制、中国比较和跨期增量精选全文,2026-08-23
C-JP-RIETI-17-E-069,jp-rieti,"Research Institute of Economy, Trade and Industry (RIETI)",2017-05-01,月,17-E-069,Who Are Afraid of Losing Their Jobs to Artificial Intelligence and Robots? Evidence from a survey,English Discussion Paper,English,"MORIKAWA Masayuki (Vice Chairman & Vice President, RIETI)",https://www.rieti.go.jp/en/publications/summary/17050007.html,https://www.rieti.go.jp/jp/publications/dp/17e069.pdf,https://www.rieti.go.jp/en/publications/act_dp2017.html,核心,关键与新兴技术；创新测量与政策方法,否,轻量目录保留；按科技创新机制、中国比较和跨期增量精选全文,2026-08-23
C-JP-RIETI-17-J-037,jp-rieti,"Research Institute of Economy, Trade and Industry (RIETI)",2017-05-01,月,17-J-037,University-Industry R&D Collaboration as an Engine of Firm Growth? An empirical evaluation of knowledge cluster policies in Japan,Japanese Discussion Paper,Japanese,"OKAMURO Hiroyuki (Hitotsubashi University) / IKEUCHI Kenta (Fellow, RIETI)",https://www.rieti.go.jp/en/publications/summary/17050018.html,https://www.rieti.go.jp/jp/publications/dp/17j037.pdf,https://www.rieti.go.jp/en/publications/act_dp_jp2017.html,核心,科学体系与科研能力；研发投入与创新政策；产业创新与成果转化；创新测量与政策方法,否,轻量目录保留；按科技创新机制、中国比较和跨期增量精选全文,2026-08-23
C-JP-RIETI-17-E-098,jp-rieti,"Research Institute of Economy, Trade and Industry (RIETI)",2017-07-01,月,17-E-098,To Support R&D or Linkages? Seeking a better policy mix for SME support,English Discussion Paper,English,SUZUKI Jun (GRIPS),https://www.rieti.go.jp/en/publications/summary/17070005.html,https://www.rieti.go.jp/jp/publications/dp/17e098.pdf,https://www.rieti.go.jp/en/publications/act_dp2017.html,核心,研发投入与创新政策,否,轻量目录保留；按科技创新机制、中国比较和跨期增量精选全文,2026-08-23
C-JP-RIETI-17-E-099,jp-rieti,"Research Institute of Economy, Trade and Industry (RIETI)",2017-07-01,月,17-E-099,Does Foreign Ownership Explain Company Export and Innovation Decisions? Evidence from Japan,English Discussion Paper,English,OKUBO Toshihiro (Keio University) / Alexander F. WAGNER (University of Zurich) / YAMADA Kazuo (Nagasaki University),https://www.rieti.go.jp/en/publications/summary/17070006.html,https://www.rieti.go.jp/jp/publications/dp/17e099.pdf,https://www.rieti.go.jp/en/publications/act_dp2017.html,核心,产业创新与成果转化；创新测量与政策方法,否,轻量目录保留；按科技创新机制、中国比较和跨期增量精选全文,2026-08-23
C-JP-RIETI-17-E-101,jp-rieti,"Research Institute of Economy, Trade and Industry (RIETI)",2017-07-01,月,17-E-101,R&D and Product Dynamics,English Discussion Paper,English,"MIYAGAWA Tsutomu (Faculty Fellow, RIETI) / EDAMURA Kazuma (Japan Productivity Center) / KAWAKAMI Atsushi (Toyo University)",https://www.rieti.go.jp/en/publications/summary/17070010.html,https://www.rieti.go.jp/jp/publications/dp/17e101.pdf,https://www.rieti.go.jp/en/publications/act_dp2017.html,核心,研发投入与创新政策,否,轻量目录保留；按科技创新机制、中国比较和跨期增量精选全文,2026-08-23
C-JP-RIETI-17-E-111,jp-rieti,"Research Institute of Economy, Trade and Industry (RIETI)",2017-08-01,月,17-E-111,Accounting for the Role of Information and Communication Technology in China's Productivity Growth,English Discussion Paper,English,Harry X. WU (Hitotsubashi University) / David T. LIANG (Hitotsubashi University),https://www.rieti.go.jp/en/publications/summary/17080024.html,https://www.rieti.go.jp/jp/publications/dp/17e111.pdf,https://www.rieti.go.jp/en/publications/act_dp2017.html,核心,关键与新兴技术；产业创新与成果转化；创新测量与政策方法；国际合作与中国比较,是,已进入精选全文；按官方PDF、页面HTML、提取文本和科技创新切片调用,2026-08-23
C-JP-RIETI-17-J-048,jp-rieti,"Research Institute of Economy, Trade and Industry (RIETI)",2017-08-01,月,17-J-048,Location of Universities and National Research Institutes and Firms' Location Choice of R&D Facilities,Japanese Discussion Paper,Japanese,"EDAMURA Kazuma (Japan Productivity Center) / INUI Tomohiko (Faculty Fellow, RIETI) / YAMAUCHI Isamu (Research Associate, RIETI)",https://www.rieti.go.jp/en/publications/summary/17080007.html,https://www.rieti.go.jp/jp/publications/dp/17j048.pdf,https://www.rieti.go.jp/en/publications/act_dp_jp2017.html,核心,研发投入与创新政策；产业创新与成果转化,否,轻量目录保留；按科技创新机制、中国比较和跨期增量精选全文,2026-08-23
C-JP-RIETI-17-J-049,jp-rieti,"Research Institute of Economy, Trade and Industry (RIETI)",2017-08-01,月,17-J-049,Background Analysis on the Anxiety toward New Technology: Comparison between Japan and the United States,Japanese Discussion Paper,Japanese,"TODA Akihito (Recruit Works Institute) / CHUMA Hiroyuki (Faculty Fellow, RIETI) / HAYASHI Susumu (Kyoto University) / KUME Koichi (Toyo University)",https://www.rieti.go.jp/en/publications/summary/17080009.html,https://www.rieti.go.jp/jp/publications/dp/17j049.pdf,https://www.rieti.go.jp/en/publications/act_dp_jp2017.html,核心,关键与新兴技术；国际合作与中国比较,否,轻量目录保留；按科技创新机制、中国比较和跨期增量精选全文,2026-08-23
C-JP-RIETI-17-J-052,jp-rieti,"Research Institute of Economy, Trade and Industry (RIETI)",2017-08-01,月,17-J-052,On the Effects of Teachers' Majors in Natural Science on Students' Academic Achievement in Science: An analysis of TIMSS data for Japan,Japanese Discussion Paper,Japanese,INOUE Atsushi (GRIPS) / TANAKA Ryuichi (University of Tokyo),https://www.rieti.go.jp/en/publications/summary/17080016.html,https://www.rieti.go.jp/jp/publications/dp/17j052.pdf,https://www.rieti.go.jp/en/publications/act_dp_jp2017.html,核心,科学体系与科研能力；关键与新兴技术,否,轻量目录保留；按科技创新机制、中国比较和跨期增量精选全文,2026-08-23
C-JP-RIETI-17-J-053,jp-rieti,"Research Institute of Economy, Trade and Industry (RIETI)",2017-08-01,月,17-J-053,Self-Evolvability and Attitude toward Technological Changes: An empirical analysis using a survey,Japanese Discussion Paper,Japanese,"KUME Koichi (Toyo University) / CHUMA Hiroyuki (Faculty Fellow, RIETI) / HAYASHI Susumu (Kyoto University) / TODA Akihito (Recruit Works Institute)",https://www.rieti.go.jp/en/publications/summary/17080017.html,https://www.rieti.go.jp/jp/publications/dp/17j053.pdf,https://www.rieti.go.jp/en/publications/act_dp_jp2017.html,核心,关键与新兴技术,否,轻量目录保留；按科技创新机制、中国比较和跨期增量精选全文,2026-08-23
C-JP-RIETI-17-P-027,jp-rieti,"Research Institute of Economy, Trade and Industry (RIETI)",2017-08-01,月,17-P-027,Survey of Big Data Use and Innovation in Japanese Manufacturing Firms,English Policy Discussion Paper,English,"MOTOHASHI Kazuyuki (Faculty Fellow, RIETI)",https://www.rieti.go.jp/en/publications/summary/17080010.html,https://www.rieti.go.jp/jp/publications/pdp/17p027.pdf,https://www.rieti.go.jp/en/publications/act_pdp.html,核心,关键与新兴技术；产业创新与成果转化,否,轻量目录保留；按科技创新机制、中国比较和跨期增量精选全文,2026-08-23
C-JP-RIETI-17-J-071,jp-rieti,"Research Institute of Economy, Trade and Industry (RIETI)",2017-11-01,月,17-J-071,"Contents, Methods, and Skills Outcome of University Education by Academic Disciplines in Humanities and Social Sciences",Japanese Discussion Paper,Japanese,HONDA Yuki (University of Tokyo),https://www.rieti.go.jp/en/publications/summary/17110016.html,https://www.rieti.go.jp/jp/publications/dp/17j071.pdf,https://www.rieti.go.jp/en/publications/act_dp_jp2017.html,核心,科学体系与科研能力；科技人才与技能,否,轻量目录保留；按科技创新机制、中国比较和跨期增量精选全文,2026-08-23
C-JP-RIETI-17-E-126,jp-rieti,"Research Institute of Economy, Trade and Industry (RIETI)",2017-12-01,月,17-E-126,Innovation Responses of Japanese Firms to Chinese Import Competition,English Discussion Paper,English,"YAMASHITA Nobuaki (Royal Melbourne Institute of Technology) / YAMAUCHI Isamu (Research Associate, RIETI)",https://www.rieti.go.jp/en/publications/summary/17120010.html,https://www.rieti.go.jp/jp/publications/dp/17e126.pdf,https://www.rieti.go.jp/en/publications/act_dp2017.html,核心,产业创新与成果转化；国际合作与中国比较,是,已进入精选全文；按官方PDF、页面HTML、提取文本和科技创新切片调用,2026-08-23
C-JP-RIETI-18-J-002,jp-rieti,"Research Institute of Economy, Trade and Industry (RIETI)",2018-01-01,月,18-J-002,The Effects of the Use of Information Technology on Markups in Japanese Manufacturing,Japanese Discussion Paper,Japanese,MATSUKAWA Isamu (Musashi University),https://www.rieti.go.jp/en/publications/summary/18010003.html,https://www.rieti.go.jp/jp/publications/dp/18j002.pdf,https://www.rieti.go.jp/en/publications/act_dp_jp2017.html,核心,关键与新兴技术；产业创新与成果转化,否,轻量目录保留；按科技创新机制、中国比较和跨期增量精选全文,2026-08-23
C-JP-RIETI-18-E-008,jp-rieti,"Research Institute of Economy, Trade and Industry (RIETI)",2018-02-01,月,18-E-008,Losses on Asset Returns Caused by Perception Gaps of Fundamental Values: Evidence from laboratory experiments,English Discussion Paper,English,"HIGASHIDA Keisaku (Kwansei Gakuin University) / TANAKA Kenta (Musashi University) / MANAGI Shunsuke (Faculty Fellow, RIETI)",https://www.rieti.go.jp/en/publications/summary/18020007.html,https://www.rieti.go.jp/jp/publications/dp/18e008.pdf,https://www.rieti.go.jp/en/publications/act_dp2017.html,核心,创新测量与政策方法,否,轻量目录保留；按科技创新机制、中国比较和跨期增量精选全文,2026-08-23
C-JP-RIETI-18-J-006,jp-rieti,"Research Institute of Economy, Trade and Industry (RIETI)",2018-02-01,月,18-J-006,Relationship between Labor Regulations and Investment for Technology: Analysis of the effect of labor regulation change for investment of capital and information technology,Japanese Discussion Paper,Japanese,"TANAKA Kenta (Musashi University) / KOMURA Mizuki (Musashi University) / MANAGI Shunsuke (Faculty Fellow, RIETI)",https://www.rieti.go.jp/en/publications/summary/18020002.html,https://www.rieti.go.jp/jp/publications/dp/18j006.pdf,https://www.rieti.go.jp/en/publications/act_dp_jp2017.html,核心,关键与新兴技术,否,轻量目录保留；按科技创新机制、中国比较和跨期增量精选全文,2026-08-23
C-JP-RIETI-18-J-011,jp-rieti,"Research Institute of Economy, Trade and Industry (RIETI)",2018-03-01,月,18-J-011,"Influence of Having Legal Person Status, Commercialization, and Professionalization of Third Sector Organizations on Their Employment: Based on the survey data on Japan’s third sector in 2014",Japanese Discussion Paper,Japanese,NIHEI Norihiro (University of Tokyo),https://www.rieti.go.jp/en/publications/summary/18020011.html,https://www.rieti.go.jp/jp/publications/dp/18j011.pdf,https://www.rieti.go.jp/en/publications/act_dp_jp2017.html,核心,关键与新兴技术；产业创新与成果转化,否,轻量目录保留；按科技创新机制、中国比较和跨期增量精选全文,2026-08-23
C-JP-RIETI-18-E-022,jp-rieti,"Research Institute of Economy, Trade and Industry (RIETI)",2018-04-01,月,18-E-022,"Trade Liberalization, Absorptive Capacity and the Protection of Intellectual Property Rights",English Discussion Paper,English,"Arghya GHOSH (University of New South Wales) / ISHIKAWA Jota (Faculty Fellow, RIETI)",https://www.rieti.go.jp/en/publications/summary/18040009.html,https://www.rieti.go.jp/jp/publications/dp/18e022.pdf,https://www.rieti.go.jp/en/publications/act_dp2018.html,核心,,否,轻量目录保留；按科技创新机制、中国比较和跨期增量精选全文,2026-08-23
C-JP-RIETI-18-J-014,jp-rieti,"Research Institute of Economy, Trade and Industry (RIETI)",2018-04-01,月,18-J-014,Why Do Japanese Firms Lag Behind in Introducing and Expanding IT Technologies?,Japanese Discussion Paper,Japanese,"INUI Tomohiko (Faculty Fellow, RIETI) / KIM Young Gak (Senshu University)",https://www.rieti.go.jp/en/publications/summary/18040005.html,https://www.rieti.go.jp/jp/publications/dp/18j014.pdf,https://www.rieti.go.jp/en/publications/act_dp_jp2018.html,核心,关键与新兴技术；产业创新与成果转化,否,轻量目录保留；按科技创新机制、中国比较和跨期增量精选全文,2026-08-23
C-JP-RIETI-18-E-032,jp-rieti,"Research Institute of Economy, Trade and Industry (RIETI)",2018-05-01,月,18-E-032,Regional Employment and Artificial Intelligence in Japan,English Discussion Paper,English,"HAMAGUCHI Nobuaki (Faculty Fellow, RIETI) / KONDO Keisuke (Fellow, RIETI)",https://www.rieti.go.jp/en/publications/summary/18050008.html,https://www.rieti.go.jp/jp/publications/dp/18e032.pdf,https://www.rieti.go.jp/en/publications/act_dp2018.html,核心,关键与新兴技术,否,轻量目录保留；按科技创新机制、中国比较和跨期增量精选全文,2026-08-23
C-JP-RIETI-18-J-020,jp-rieti,"Research Institute of Economy, Trade and Industry (RIETI)",2018-05-01,月,18-J-020,Legal Issues Concerning Standard Essential Patents: International trends and Japan's strategy,Japanese Discussion Paper,Japanese,"SUZUKI Masabumi (Faculty Fellow, RIETI)",https://www.rieti.go.jp/en/publications/summary/18050014.html,https://www.rieti.go.jp/jp/publications/dp/18j020.pdf,https://www.rieti.go.jp/en/publications/act_dp_jp2018.html,核心,产业创新与成果转化；创新测量与政策方法；国际合作与中国比较,否,轻量目录保留；按科技创新机制、中国比较和跨期增量精选全文,2026-08-23
C-JP-RIETI-18-E-035,jp-rieti,"Research Institute of Economy, Trade and Industry (RIETI)",2018-06-01,月,18-E-035,Strategic Declaration of Standard Essential Patents,English Discussion Paper,English,AOKI Reiko (Japan Fair Trade Commission) / ARAI Yasuhiro (Kochi University),https://www.rieti.go.jp/en/publications/summary/18060002.html,https://www.rieti.go.jp/jp/publications/dp/18e035.pdf,https://www.rieti.go.jp/en/publications/act_dp2018.html,核心,产业创新与成果转化；创新测量与政策方法,否,轻量目录保留；按科技创新机制、中国比较和跨期增量精选全文,2026-08-23
C-JP-RIETI-18-E-036,jp-rieti,"Research Institute of Economy, Trade and Industry (RIETI)",2018-06-01,月,18-E-036,Intellectual Property Rights for Software and Accessibility to Venture Capitalists,English Discussion Paper,English,ONISHI Koichiro (Waseda University) / YAMAUCHI Isamu (Meiji Gakuin University),https://www.rieti.go.jp/en/publications/summary/18060003.html,https://www.rieti.go.jp/jp/publications/dp/18e036.pdf,https://www.rieti.go.jp/en/publications/act_dp2018.html,核心,,否,轻量目录保留；按科技创新机制、中国比较和跨期增量精选全文,2026-08-23
C-JP-RIETI-18-E-042,jp-rieti,"Research Institute of Economy, Trade and Industry (RIETI)",2018-06-01,月,18-E-042,Technology Sourcing in New Product Development Projects: When and how to use external resources?,English Discussion Paper,English,"KANI Masayo (Tezukayama University) / MOTOHASHI Kazuyuki (Faculty Fellow, RIETI)",https://www.rieti.go.jp/en/publications/summary/18060009.html,https://www.rieti.go.jp/jp/publications/dp/18e042.pdf,https://www.rieti.go.jp/en/publications/act_dp2018.html,核心,关键与新兴技术,否,轻量目录保留；按科技创新机制、中国比较和跨期增量精选全文,2026-08-23
C-JP-RIETI-18-E-046,jp-rieti,"Research Institute of Economy, Trade and Industry (RIETI)",2018-07-01,月,18-E-046,The Choice of Examiner Patent Citations for Refusals: Evidence from the trilateral offices,English Discussion Paper,English,WADA Tetsuo (Gakushuin University),https://www.rieti.go.jp/en/publications/summary/18070006.html,https://www.rieti.go.jp/jp/publications/dp/18e046.pdf,https://www.rieti.go.jp/en/publications/act_dp2018.html,核心,产业创新与成果转化；创新测量与政策方法,否,轻量目录保留；按科技创新机制、中国比较和跨期增量精选全文,2026-08-23
C-JP-RIETI-18-J-022,jp-rieti,"Research Institute of Economy, Trade and Industry (RIETI)",2018-07-01,月,18-J-022,Empirical Research on Technology Appropriability and Agglomeration Externalities,Japanese Discussion Paper,Japanese,"MATSUMOTO Kuniko (NISTEP) / MOTOHASHI Kazuyuki (Faculty Fellow, RIETI)",https://www.rieti.go.jp/en/publications/summary/18070002.html,https://www.rieti.go.jp/jp/publications/dp/18j022.pdf,https://www.rieti.go.jp/en/publications/act_dp_jp2018.html,核心,关键与新兴技术,否,轻量目录保留；按科技创新机制、中国比较和跨期增量精选全文,2026-08-23
C-JP-RIETI-18-P-012,jp-rieti,"Research Institute of Economy, Trade and Industry (RIETI)",2018-07-01,月,18-P-012,"The Regional Innovation System in China: Regional comparison of technology, venture financing, and human capital focusing on Shenzhen",English Policy Discussion Paper,English,"MOTOHASHI Kazuyuki (Faculty Fellow, RIETI)",https://www.rieti.go.jp/en/publications/summary/18070004.html,https://www.rieti.go.jp/jp/publications/pdp/18p012.pdf,https://www.rieti.go.jp/en/publications/act_pdp.html,核心,关键与新兴技术；产业创新与成果转化；科技人才与技能；国际合作与中国比较,是,已进入精选全文；按官方PDF、页面HTML、提取文本和科技创新切片调用,2026-08-23
C-JP-RIETI-18-P-013,jp-rieti,"Research Institute of Economy, Trade and Industry (RIETI)",2018-07-01,月,18-P-013,"Digitization, Computerization, Networking, Automation, and the Future of Jobs in Japan",English Policy Discussion Paper,English,"IWAMOTO Koichi (Senior Fellow, RIETI) / TANOUE Yuta (The Institute of Statistical Mathematics)",https://www.rieti.go.jp/en/publications/summary/18070007.html,https://www.rieti.go.jp/jp/publications/pdp/18p013.pdf,https://www.rieti.go.jp/en/publications/act_pdp.html,核心,,否,轻量目录保留；按科技创新机制、中国比较和跨期增量精选全文,2026-08-23
C-JP-RIETI-18-P-014,jp-rieti,"Research Institute of Economy, Trade and Industry (RIETI)",2018-08-01,月,18-P-014,Determinants of survival ratio for de jure standards: AI-related technologies and interaction with patents,English Policy Discussion Paper,English,"TAMURA Suguru (Senior Fellow, RIETI)",https://www.rieti.go.jp/en/publications/summary/18080001.html,https://www.rieti.go.jp/jp/publications/pdp/18p014.pdf,https://www.rieti.go.jp/en/publications/act_pdp.html,核心,关键与新兴技术；产业创新与成果转化；创新测量与政策方法,否,轻量目录保留；按科技创新机制、中国比较和跨期增量精选全文,2026-08-23
C-JP-RIETI-18-E-063,jp-rieti,"Research Institute of Economy, Trade and Industry (RIETI)",2018-09-01,月,18-E-063,Causal Effects of Software Patents on Firm Growth: Evidence from a policy reform in Japan,English Discussion Paper,English,"YAMAUCHI Isamu (Research Associate, RIETI) / ONISHI Koichiro (Waseda University)",https://www.rieti.go.jp/en/publications/summary/18090011.html,https://www.rieti.go.jp/jp/publications/dp/18e063.pdf,https://www.rieti.go.jp/en/publications/act_dp2018.html,核心,产业创新与成果转化；创新测量与政策方法,否,轻量目录保留；按科技创新机制、中国比较和跨期增量精选全文,2026-08-23
C-JP-RIETI-18-E-068,jp-rieti,"Research Institute of Economy, Trade and Industry (RIETI)",2018-10-01,月,18-E-068,Collaborative Knowledge Creation: Evidence from Japanese patent data,English Discussion Paper,English,"MORI Tomoya (Faculty Fellow, RIETI) / SAKAGUCHI Shosei (University of Tokyo / JSPS)",https://www.rieti.go.jp/en/publications/summary/18100007.html,https://www.rieti.go.jp/jp/publications/dp/18e068.pdf,https://www.rieti.go.jp/en/publications/act_dp2018.html,核心,关键与新兴技术；产业创新与成果转化；创新测量与政策方法,否,轻量目录保留；按科技创新机制、中国比较和跨期增量精选全文,2026-08-23
C-JP-RIETI-18-E-070,jp-rieti,"Research Institute of Economy, Trade and Industry (RIETI)",2018-10-01,月,18-E-070,How Does the Global Network of Research Collaboration Affect the Quality of Innovation?,English Discussion Paper,English,"IINO Takashi (Niigata University) / INOUE Hiroyasu (University of Hyogo) / SAITO Yukiko (Senior Fellow, RIETI) / TODO Yasuyuki (Faculty Fellow, RIETI)",https://www.rieti.go.jp/en/publications/summary/18100009.html,https://www.rieti.go.jp/jp/publications/dp/18e070.pdf,https://www.rieti.go.jp/en/publications/act_dp2018.html,核心,科学体系与科研能力；产业创新与成果转化；国际合作与中国比较,否,已进入科研人才、知识转移与创新商业化定点全文；按官方PDF、提取文本和科技创新切片调用,2026-08-23
C-JP-RIETI-18-E-073,jp-rieti,"Research Institute of Economy, Trade and Industry (RIETI)",2018-10-01,月,18-E-073,Novelty-Seeking Traits and Innovation,English Discussion Paper,English,"FURUKAWA Yuichi (Faculty Fellow, RIETI) / Tat-kei LAI (IÉSEG School of Management) / SATO Kenji (Osaka Prefecture University)",https://www.rieti.go.jp/en/publications/summary/18100012.html,https://www.rieti.go.jp/jp/publications/dp/18e073.pdf,https://www.rieti.go.jp/en/publications/act_dp2018.html,核心,产业创新与成果转化,否,轻量目录保留；按科技创新机制、中国比较和跨期增量精选全文,2026-08-23
C-JP-RIETI-18-P-017,jp-rieti,"Research Institute of Economy, Trade and Industry (RIETI)",2018-11-01,月,18-P-017,Understanding AI Driven Innovation by Linked Database of Scientific Articles and Patents,English Policy Discussion Paper,English,"MOTOHASHI Kazuyuki (Faculty Fellow, RIETI)",https://www.rieti.go.jp/en/publications/summary/18110011.html,https://www.rieti.go.jp/jp/publications/pdp/18p017.pdf,https://www.rieti.go.jp/en/publications/act_pdp.html,核心,科学体系与科研能力；关键与新兴技术；产业创新与成果转化；创新测量与政策方法,否,轻量目录保留；按科技创新机制、中国比较和跨期增量精选全文,2026-08-23
C-JP-RIETI-18-J-034,jp-rieti,"Research Institute of Economy, Trade and Industry (RIETI)",2018-12-01,月,18-J-034,Knowledge Spillover Effect of University-Industry Collaboration Policy: An empirical analysis of knowledge spillover effect of A-STEP program,Japanese Discussion Paper,Japanese,"HATA Shigenori (Consulting Fellow, RIETI)",https://www.rieti.go.jp/en/publications/summary/18120012.html,https://www.rieti.go.jp/jp/publications/dp/18j034.pdf,https://www.rieti.go.jp/en/publications/act_dp_jp2018.html,核心,科学体系与科研能力；产业创新与成果转化,否,轻量目录保留；按科技创新机制、中国比较和跨期增量精选全文,2026-08-23
C-JP-RIETI-19-E-008,jp-rieti,"Research Institute of Economy, Trade and Industry (RIETI)",2019-02-01,月,19-E-008,Two-dimensional Constrained Chaos and Time in Innovation: An analysis of industrial revolution cycles,English Discussion Paper,English,"YANO Makoto (Chief Research Officer, RIETI) / FURUKAWA Yuichi (Faculty Fellow, RIETI)",https://www.rieti.go.jp/en/publications/summary/19020009.html,https://www.rieti.go.jp/jp/publications/dp/19e008.pdf,https://www.rieti.go.jp/en/publications/act_dp2018.html,核心,产业创新与成果转化,否,轻量目录保留；按科技创新机制、中国比较和跨期增量精选全文,2026-08-23
C-JP-RIETI-19-J-007,jp-rieti,"Research Institute of Economy, Trade and Industry (RIETI)",2019-02-01,月,19-J-007,Current Status of Startup Firms and Startup Finance in Japan,Japanese Discussion Paper,Japanese,UCHIDA Hirofumi (Kobe University) / Charee KWAK (Kobe University),https://www.rieti.go.jp/en/publications/summary/19020007.html,https://www.rieti.go.jp/jp/publications/dp/19j007.pdf,https://www.rieti.go.jp/en/publications/act_dp_jp2018.html,核心,产业创新与成果转化,否,轻量目录保留；按科技创新机制、中国比较和跨期增量精选全文,2026-08-23
C-JP-RIETI-19-E-013,jp-rieti,"Research Institute of Economy, Trade and Industry (RIETI)",2019-03-01,月,19-E-013,Hospital competition and technology adoption: An econometric analysis of imaging technology in Japan,English Discussion Paper,English,GOTO Rei (Keio University) / KATO Hirotaka (Keio University),https://www.rieti.go.jp/en/publications/summary/19030004.html,https://www.rieti.go.jp/jp/publications/dp/19e013.pdf,https://www.rieti.go.jp/en/publications/act_dp2018.html,核心,关键与新兴技术,否,轻量目录保留；按科技创新机制、中国比较和跨期增量精选全文,2026-08-23
C-JP-RIETI-19-E-017,jp-rieti,"Research Institute of Economy, Trade and Industry (RIETI)",2019-03-01,月,19-E-017,The Link between Entrepreneurial Activities and Angel Investment: An international comparison,English Discussion Paper,English,"HONJO Yuji (Faculty Fellow, RIETI) / NAKAMURA Hiroki (Chuo University)",https://www.rieti.go.jp/en/publications/summary/19030017.html,https://www.rieti.go.jp/jp/publications/dp/19e017.pdf,https://www.rieti.go.jp/en/publications/act_dp2018.html,核心,产业创新与成果转化；国际合作与中国比较,否,轻量目录保留；按科技创新机制、中国比较和跨期增量精选全文,2026-08-23
C-JP-RIETI-19-E-023,jp-rieti,"Research Institute of Economy, Trade and Industry (RIETI)",2019-03-01,月,19-E-023,Empirical Analysis of License Policy for Declared Standard-essential Patents in Setting Technology Standards,English Discussion Paper,English,"Dong HUO (Harbin Institute of Technology, Shenzhen) / Jiangwei DANG (University of International Business and Economics) / MOTOHASHI Kazuyuki (Faculty Fellow, RIETI)",https://www.rieti.go.jp/en/publications/summary/19030028.html,https://www.rieti.go.jp/jp/publications/dp/19e023.pdf,https://www.rieti.go.jp/en/publications/act_dp2018.html,核心,关键与新兴技术；产业创新与成果转化；创新测量与政策方法,否,轻量目录保留；按科技创新机制、中国比较和跨期增量精选全文,2026-08-23
C-JP-RIETI-19-J-012,jp-rieti,"Research Institute of Economy, Trade and Industry (RIETI)",2019-03-01,月,19-J-012,Use of new information technology such as AI and worker well-being: Evidence from panel data analysis,Japanese Discussion Paper,Japanese,"YAMAMOTO Isamu (Faculty Fellow, RIETI) / KURODA Sachiko (Waseda University)",https://www.rieti.go.jp/en/publications/summary/19030007.html,https://www.rieti.go.jp/jp/publications/dp/19j012.pdf,https://www.rieti.go.jp/en/publications/act_dp_jp2018.html,核心,关键与新兴技术；创新测量与政策方法,否,轻量目录保留；按科技创新机制、中国比较和跨期增量精选全文,2026-08-23
C-JP-RIETI-19-J-015,jp-rieti,"Research Institute of Economy, Trade and Industry (RIETI)",2019-03-01,月,19-J-015,Survey on Actual and Potential Entrepreneurs and Angel Investors in Japan,Japanese Discussion Paper,Japanese,"NAKAMURA Hiroki (Chuo University) / HONJO Yuji (Faculty Fellow, RIETI)",https://www.rieti.go.jp/en/publications/summary/19030010.html,https://www.rieti.go.jp/jp/publications/dp/19j015.pdf,https://www.rieti.go.jp/en/publications/act_dp_jp2018.html,核心,产业创新与成果转化,否,轻量目录保留；按科技创新机制、中国比较和跨期增量精选全文,2026-08-23
C-JP-RIETI-19-J-017,jp-rieti,"Research Institute of Economy, Trade and Industry (RIETI)",2019-03-01,月,19-J-017,Linkage of Patent and Design Right Data: Analysis of Industrial Design Activities in Companies at the Creator Level,Japanese Discussion Paper,Japanese,"IKEUCHI Kenta (Fellow, RIETI) / MOTOHASHI Kazuyuki (Faculty Fellow, RIETI)",https://www.rieti.go.jp/en/publications/summary/19030022.html,https://www.rieti.go.jp/jp/publications/dp/19j017.pdf,https://www.rieti.go.jp/en/publications/act_dp_jp2018.html,核心,关键与新兴技术；产业创新与成果转化；创新测量与政策方法,否,轻量目录保留；按科技创新机制、中国比较和跨期增量精选全文,2026-08-23
C-JP-RIETI-19-J-019,jp-rieti,"Research Institute of Economy, Trade and Industry (RIETI)",2019-03-01,月,19-J-019,International technological alliances and foreign affiliates,Japanese Discussion Paper,Japanese,"SUZUKI Shinya (Musashi University) / IKEUCHI Kenta (Fellow, RIETI)",https://www.rieti.go.jp/en/publications/summary/19030025.html,https://www.rieti.go.jp/jp/publications/dp/19j019.pdf,https://www.rieti.go.jp/en/publications/act_dp_jp2018.html,核心,关键与新兴技术；国际合作与中国比较,否,轻量目录保留；按科技创新机制、中国比较和跨期增量精选全文,2026-08-23
C-JP-RIETI-19-P-005,jp-rieti,"Research Institute of Economy, Trade and Industry (RIETI)",2019-03-01,月,19-P-005,Digitalization of manufacturing process and open innovation: Survey results of small and medium sized firms in Japan,English Policy Discussion Paper,English,"MOTOHASHI Kazuyuki (Faculty Fellow, RIETI)",https://www.rieti.go.jp/en/publications/summary/19030018.html,https://www.rieti.go.jp/jp/publications/pdp/19p005.pdf,https://www.rieti.go.jp/en/publications/act_pdp.html,核心,关键与新兴技术；产业创新与成果转化,否,轻量目录保留；按科技创新机制、中国比较和跨期增量精选全文,2026-08-23
C-JP-RIETI-19-E-028,jp-rieti,"Research Institute of Economy, Trade and Industry (RIETI)",2019-04-01,月,19-E-028,Global Value Chains and Domestic Innovation,English Discussion Paper,English,"ITO Keiko (Chuo University) / IKEUCHI Kenta (Fellow, RIETI) / Chiara CRISCUOLO (Organisation for Economic Co-operation and Development) / Jonathan TIMMIS (Organisation for Economic Co-operation and Development) / Antonin BERGEAUD (Banque de France)",https://www.rieti.go.jp/en/publications/summary/19040008.html,https://www.rieti.go.jp/jp/publications/dp/19e028.pdf,https://www.rieti.go.jp/en/publications/act_dp2019.html,核心,产业创新与成果转化；国际合作与中国比较,否,轻量目录保留；按科技创新机制、中国比较和跨期增量精选全文,2026-08-23
C-JP-RIETI-19-J-023,jp-rieti,"Research Institute of Economy, Trade and Industry (RIETI)",2019-04-01,月,19-J-023,The Impact of Spillover Pools on Firm Patent Applications in Japan,Japanese Discussion Paper,Japanese,EDAMURA Kazuma (Japan Productivity Center),https://www.rieti.go.jp/en/publications/summary/19040003.html,https://www.rieti.go.jp/jp/publications/dp/19j023.pdf,https://www.rieti.go.jp/en/publications/act_dp_jp2019.html,核心,产业创新与成果转化；创新测量与政策方法,否,轻量目录保留；按科技创新机制、中国比较和跨期增量精选全文,2026-08-23
C-JP-RIETI-19-J-032,jp-rieti,"Research Institute of Economy, Trade and Industry (RIETI)",2019-05-01,月,19-J-032,Effects of Buyer and Supplier Relationships and Capital Relationships on R&D Activities,Japanese Discussion Paper,Japanese,"YAMAGUCHI Akira (Hitotsubashi University) / IKEUCHI Kenta (Fellow, RIETI) / FUKAO Kyoji (Faculty Fellow, RIETI) / KWON Hyeog Ug (Faculty Fellow, RIETI) / KIM Young Gak (Senshu University)",https://www.rieti.go.jp/en/publications/summary/19050009.html,https://www.rieti.go.jp/jp/publications/dp/19j032.pdf,https://www.rieti.go.jp/en/publications/act_dp_jp2019.html,核心,研发投入与创新政策,否,轻量目录保留；按科技创新机制、中国比较和跨期增量精选全文,2026-08-23
C-JP-RIETI-19-E-052,jp-rieti,"Research Institute of Economy, Trade and Industry (RIETI)",2019-07-01,月,19-E-052,On the Decline of R&D Efficiency,English Discussion Paper,English,"MIYAGAWA Tsutomu (Faculty Fellow, RIETI) / ISHIKAWA Takayuki (Hitotsubashi University)",https://www.rieti.go.jp/en/publications/summary/19070008.html,https://www.rieti.go.jp/jp/publications/dp/19e052.pdf,https://www.rieti.go.jp/en/publications/act_dp2019.html,核心,研发投入与创新政策,否,轻量目录保留；按科技创新机制、中国比较和跨期增量精选全文,2026-08-23
C-JP-RIETI-19-J-045,jp-rieti,"Research Institute of Economy, Trade and Industry (RIETI)",2019-08-01,月,19-J-045,Use of AI and Its Impact on Business: Updated Evidence from a Firm Survey,Japanese Discussion Paper,Japanese,"MORIKAWA Masayuki (Vice President, RIETI)",https://www.rieti.go.jp/en/publications/summary/19080011.html,https://www.rieti.go.jp/jp/publications/dp/19j045.pdf,https://www.rieti.go.jp/en/publications/act_dp_jp2019.html,核心,关键与新兴技术；产业创新与成果转化；创新测量与政策方法,否,轻量目录保留；按科技创新机制、中国比较和跨期增量精选全文,2026-08-23
C-JP-RIETI-19-P-013,jp-rieti,"Research Institute of Economy, Trade and Industry (RIETI)",2019-08-01,月,19-P-013,"Results of a survey on standardization activities: Japanese institutions' standardization activities in 2017 (Implementation, knowledge source, organizational structure, and interest in artificial intelligence)",English Policy Discussion Paper,English,"TAMURA Suguru (Senior Fellow, RIETI)",https://www.rieti.go.jp/en/publications/summary/19080009.html,https://www.rieti.go.jp/jp/publications/pdp/19p013.pdf,https://www.rieti.go.jp/en/publications/act_pdp.html,核心,关键与新兴技术,否,轻量目录保留；按科技创新机制、中国比较和跨期增量精选全文,2026-08-23
C-JP-RIETI-19-E-067,jp-rieti,"Research Institute of Economy, Trade and Industry (RIETI)",2019-09-01,月,19-E-067,"Determinants of Structural Adjustment and Employment Use in Japan: Firm Characteristics, Offshoring and Industrial Robotics",English Discussion Paper,English,"Timothy DESTEFANO (OECD) / HANEDA Sho (Nihon University) / KWON Hyeog Ug (Faculty Fellow, RIETI)",https://www.rieti.go.jp/en/publications/summary/19090001.html,https://www.rieti.go.jp/jp/publications/dp/19e067.pdf,https://www.rieti.go.jp/en/publications/act_dp2019.html,核心,关键与新兴技术；产业创新与成果转化,否,轻量目录保留；按科技创新机制、中国比较和跨期增量精选全文,2026-08-23
C-JP-RIETI-19-E-068,jp-rieti,"Research Institute of Economy, Trade and Industry (RIETI)",2019-09-01,月,19-E-068,Effects of Offshore Production and R&D on Domestic Innovation Activities,English Discussion Paper,English,"YAMASHITA Nobuaki (Royal Melbourne Institute of Technology (RMIT) / Keio University) / YAMAUCHI Isamu (Research Associate, RIETI)",https://www.rieti.go.jp/en/publications/summary/19090002.html,https://www.rieti.go.jp/jp/publications/dp/19e068.pdf,https://www.rieti.go.jp/en/publications/act_dp2019.html,核心,研发投入与创新政策；产业创新与成果转化,否,轻量目录保留；按科技创新机制、中国比较和跨期增量精选全文,2026-08-23
C-JP-RIETI-19-E-083,jp-rieti,"Research Institute of Economy, Trade and Industry (RIETI)",2019-10-01,月,19-E-083,Do Entrepreneurs Have High Life Satisfaction? Evidence from Japan,English Discussion Paper,English,"HONJO Yuji (Faculty Fellow, RIETI) / IKEUCHI Kenta (Fellow, RIETI) / NAKAMURA Hiroki (Chuo University)",https://www.rieti.go.jp/en/publications/summary/19100024.html,https://www.rieti.go.jp/jp/publications/dp/19e083.pdf,https://www.rieti.go.jp/en/publications/act_dp2019.html,核心,产业创新与成果转化；创新测量与政策方法,否,轻量目录保留；按科技创新机制、中国比较和跨期增量精选全文,2026-08-23
C-JP-RIETI-19-E-084,jp-rieti,"Research Institute of Economy, Trade and Industry (RIETI)",2019-10-01,月,19-E-084,Uncertainty in Long-Term Macroeconomic Forecasts: Ex post Evaluation of Forecasts by Economics Researchers,English Discussion Paper,English,"MORIKAWA Masayuki (Vice President, RIETI)",https://www.rieti.go.jp/en/publications/summary/19100025.html,https://www.rieti.go.jp/jp/publications/dp/19e084.pdf,https://www.rieti.go.jp/en/publications/act_dp2019.html,核心,科技人才与技能；创新测量与政策方法,否,轻量目录保留；按科技创新机制、中国比较和跨期增量精选全文,2026-08-23
C-JP-RIETI-19-E-087,jp-rieti,"Research Institute of Economy, Trade and Industry (RIETI)",2019-10-01,月,19-E-087,The Effect of Physical Collateral and Personal Guarantees on Business Startups,English Discussion Paper,English,"HONJO Yuji (Faculty Fellow, RIETI) / ONO Arito (Chuo University) / TSURUTA Daisuke (Nihon University)",https://www.rieti.go.jp/en/publications/summary/19100028.html,https://www.rieti.go.jp/jp/publications/dp/19e087.pdf,https://www.rieti.go.jp/en/publications/act_dp2019.html,核心,产业创新与成果转化,否,轻量目录保留；按科技创新机制、中国比较和跨期增量精选全文,2026-08-23
C-JP-RIETI-19-E-088,jp-rieti,"Research Institute of Economy, Trade and Industry (RIETI)",2019-10-01,月,19-E-088,Effects of Regulations on Cross-border Data Flows: Evidence from a Survey of Japanese Firms,English Discussion Paper,English,"TOMIURA Eiichi (Faculty Fellow, RIETI) / ITO Banri (Research Associate, RIETI) / KANG Byeongwoo (Hitotsubashi University)",https://www.rieti.go.jp/en/publications/summary/19100029.html,https://www.rieti.go.jp/jp/publications/dp/19e088.pdf,https://www.rieti.go.jp/en/publications/act_dp2019.html,核心,关键与新兴技术；产业创新与成果转化；创新测量与政策方法；国际合作与中国比较,否,轻量目录保留；按科技创新机制、中国比较和跨期增量精选全文,2026-08-23
C-JP-RIETI-19-E-089,jp-rieti,"Research Institute of Economy, Trade and Industry (RIETI)",2019-10-01,月,19-E-089,Potentiality and Actuality: Characteristics and Linkage of Entrepreneurs and Angel Investors in Japan,English Discussion Paper,English,"NAKAMURA Hiroki (Chuo University) / HONJO Yuji (Faculty Fellow, RIETI) / IKEUCHI Kenta (Fellow, RIETI)",https://www.rieti.go.jp/en/publications/summary/19100033.html,https://www.rieti.go.jp/jp/publications/dp/19e089.pdf,https://www.rieti.go.jp/en/publications/act_dp2019.html,核心,产业创新与成果转化,否,轻量目录保留；按科技创新机制、中国比较和跨期增量精选全文,2026-08-23
C-JP-RIETI-19-J-059,jp-rieti,"Research Institute of Economy, Trade and Industry (RIETI)",2019-10-01,月,19-J-059,The Role of Subsidies in the Innovation Policy Mix - The Case of the Supporting Industry Program in Japan,Japanese Discussion Paper,Japanese,SUZUKI Jun (National Graduate Institute for Policy Studies),https://www.rieti.go.jp/en/publications/summary/19100031.html,https://www.rieti.go.jp/jp/publications/dp/19j059.pdf,https://www.rieti.go.jp/en/publications/act_dp_jp2019.html,核心,研发投入与创新政策；产业创新与成果转化,否,轻量目录保留；按科技创新机制、中国比较和跨期增量精选全文,2026-08-23
C-JP-RIETI-19-E-094,jp-rieti,"Research Institute of Economy, Trade and Industry (RIETI)",2019-11-01,月,19-E-094,Determinants of Staged Project Management and Success in Innovation: Empirical Analysis based on the Japanese National Innovation Survey,English Discussion Paper,English,HANEDA Shoko (Chuo University) / IKEDA Yuya (National Institute of Science and Technology Policy),https://www.rieti.go.jp/en/publications/summary/19110006.html,https://www.rieti.go.jp/jp/publications/dp/19e094.pdf,https://www.rieti.go.jp/en/publications/act_dp2019.html,核心,产业创新与成果转化,否,轻量目录保留；按科技创新机制、中国比较和跨期增量精选全文,2026-08-23
C-JP-RIETI-19-E-095,jp-rieti,"Research Institute of Economy, Trade and Industry (RIETI)",2019-11-01,月,19-E-095,Determinants and Impacts of Incorporation of Local Public Technology Transfer Organizations: Evidence from Japan's Kohsetsushi,English Discussion Paper,English,FUKUGAWA Nobuya (Tohoku University),https://www.rieti.go.jp/en/publications/summary/19110008.html,https://www.rieti.go.jp/jp/publications/dp/19e095.pdf,https://www.rieti.go.jp/en/publications/act_dp2019.html,核心,关键与新兴技术；产业创新与成果转化；创新测量与政策方法,否,已进入精选全文；按官方PDF、页面HTML、提取文本和科技创新切片调用,2026-08-23
C-JP-RIETI-19-E-101,jp-rieti,"Research Institute of Economy, Trade and Industry (RIETI)",2019-12-01,月,19-E-101,Communities of Investors and Start-up Companies: An Analysis Using Bipartite Stochastic Block Model,English Discussion Paper,English,KOJAKU Sadamori (Kobe University) / MIYAKAWA Daisuke (Hitotsubashi University),https://www.rieti.go.jp/en/publications/summary/19120005.html,https://www.rieti.go.jp/jp/publications/dp/19e101.pdf,https://www.rieti.go.jp/en/publications/act_dp2019.html,核心,,否,轻量目录保留；按科技创新机制、中国比较和跨期增量精选全文,2026-08-23
C-JP-RIETI-19-E-102,jp-rieti,"Research Institute of Economy, Trade and Industry (RIETI)",2019-12-01,月,19-E-102,Agglomeration of Low-productive Entrepreneurs to Large Regions: A Simple Model,English Discussion Paper,English,Rikard FORSLID (Stockholm University) / OKUBO Toshihiro (Keio University),https://www.rieti.go.jp/en/publications/summary/19120006.html,https://www.rieti.go.jp/jp/publications/dp/19e102.pdf,https://www.rieti.go.jp/en/publications/act_dp2019.html,核心,产业创新与成果转化,否,轻量目录保留；按科技创新机制、中国比较和跨期增量精选全文,2026-08-23
C-JP-RIETI-20-E-004,jp-rieti,"Research Institute of Economy, Trade and Industry (RIETI)",2020-01-01,月,20-E-004,Heterogeneous Relationships between Automation Technologies and Skilled Labor: Evidence from a Firm Survey,English Discussion Paper,English,"MORIKAWA Masayuki (Vice President, RIETI)",https://www.rieti.go.jp/en/publications/summary/20010006.html,https://www.rieti.go.jp/jp/publications/dp/20e004.pdf,https://www.rieti.go.jp/en/publications/act_dp2019.html,核心,关键与新兴技术；产业创新与成果转化；科技人才与技能；创新测量与政策方法,否,轻量目录保留；按科技创新机制、中国比较和跨期增量精选全文,2026-08-23
C-JP-RIETI-20-E-005,jp-rieti,"Research Institute of Economy, Trade and Industry (RIETI)",2020-01-01,月,20-E-005,Linkage of Patent and Design Right Data: Analysis of Industrial Design Activities in Companies at the Creator Level,English Discussion Paper,English,"IKEUCHI Kenta (Fellow, RIETI) / MOTOHASHI Kazuyuki (Faculty Fellow, RIETI)",https://www.rieti.go.jp/en/publications/summary/20010009.html,https://www.rieti.go.jp/jp/publications/dp/20e005.pdf,https://www.rieti.go.jp/en/publications/act_dp2019.html,核心,关键与新兴技术；产业创新与成果转化；创新测量与政策方法,否,轻量目录保留；按科技创新机制、中国比较和跨期增量精选全文,2026-08-23
C-JP-RIETI-20-E-006,jp-rieti,"Research Institute of Economy, Trade and Industry (RIETI)",2020-01-01,月,20-E-006,Impact of R&D Activities on Pricing Behaviors with Product Turnover,English Discussion Paper,English,HARA Yasushi (École des Hautes Études en Sciences Sociales / Hitotsubashi University) / TONOGI Akiyuki (Toyo University) / TONOGI Konomi (Rissho University),https://www.rieti.go.jp/en/publications/summary/20010013.html,https://www.rieti.go.jp/jp/publications/dp/20e006.pdf,https://www.rieti.go.jp/en/publications/act_dp2019.html,核心,研发投入与创新政策；创新测量与政策方法,否,轻量目录保留；按科技创新机制、中国比较和跨期增量精选全文,2026-08-23
C-JP-RIETI-20-J-001,jp-rieti,"Research Institute of Economy, Trade and Industry (RIETI)",2020-01-01,月,20-J-001,Contributions of Corporate Basic Research and Research Collaboration with Academia to Innovation and Spillover Performance in Japan,Japanese Discussion Paper,Japanese,"NAGAOKA Sadao (Faculty Fellow, RIETI) / EDAMURA Kazuma (Kanagawa University) / ONISHI Koichiro (Waseda University) / TSUKADA Naotoshi (University of Niigata Prefecture) / NAITO Yusuke (Artificial Life Laboratory, Inc.) / KADOWAKI Ryo (Hitotsubashi University)",https://www.rieti.go.jp/en/publications/summary/20010007.html,https://www.rieti.go.jp/jp/publications/dp/20j001.pdf,https://www.rieti.go.jp/en/publications/act_dp_jp2019.html,核心,科学体系与科研能力；产业创新与成果转化,否,已进入科研人才、知识转移与创新商业化定点全文；按官方PDF、提取文本和科技创新切片调用,2026-08-23
C-JP-RIETI-20-J-003,jp-rieti,"Research Institute of Economy, Trade and Industry (RIETI)",2020-01-01,月,20-J-003,Industrial Agglomeration and Proliferation of Startup Firms in the Kyushu Region,Japanese Discussion Paper,Japanese,"HAMAGUCHI Nobuaki (Faculty Fellow, RIETI) / OKANO Hideyuki (Kyushu Economic Research Center) / OSAJIMA Shuzo (Kyushu Economic Federation)",https://www.rieti.go.jp/en/publications/summary/20010012.html,https://www.rieti.go.jp/jp/publications/dp/20j003.pdf,https://www.rieti.go.jp/en/publications/act_dp_jp2019.html,核心,产业创新与成果转化,否,轻量目录保留；按科技创新机制、中国比较和跨期增量精选全文,2026-08-23
C-JP-RIETI-20-E-009,jp-rieti,"Research Institute of Economy, Trade and Industry (RIETI)",2020-02-01,月,20-E-009,Economic Black Holes and Labor Singularities in the Presence of Self-replicating Artificial Intelligence,English Discussion Paper,English,"YANO Makoto (President, RIETI) / FURUKAWA Yuichi (Faculty Fellow, RIETI)",https://www.rieti.go.jp/en/publications/summary/20020007.html,https://www.rieti.go.jp/jp/publications/dp/20e009.pdf,https://www.rieti.go.jp/en/publications/act_dp2019.html,核心,关键与新兴技术,否,轻量目录保留；按科技创新机制、中国比较和跨期增量精选全文,2026-08-23
C-JP-RIETI-20-E-010,jp-rieti,"Research Institute of Economy, Trade and Industry (RIETI)",2020-02-01,月,20-E-010,Science and Technology Co-evolution in AI: Empirical Understanding through a Linked Dataset of Scientific Articles and Patents,English Discussion Paper,English,"MOTOHASHI Kazuyuki (Faculty Fellow, RIETI)",https://www.rieti.go.jp/en/publications/summary/20020009.html,https://www.rieti.go.jp/jp/publications/dp/20e010.pdf,https://www.rieti.go.jp/en/publications/act_dp2019.html,核心,科学体系与科研能力；关键与新兴技术；产业创新与成果转化；创新测量与政策方法,否,轻量目录保留；按科技创新机制、中国比较和跨期增量精选全文,2026-08-23
C-JP-RIETI-20-J-012,jp-rieti,"Research Institute of Economy, Trade and Industry (RIETI)",2020-02-01,月,20-J-012,Foreign Direct Investment and International R&D Collaborations in Japanese Multinational Enterprises,Japanese Discussion Paper,Japanese,"IKEUCHI Kenta (Fellow, RIETI)",https://www.rieti.go.jp/en/publications/summary/20020013.html,https://www.rieti.go.jp/jp/publications/dp/20j012.pdf,https://www.rieti.go.jp/en/publications/act_dp_jp2019.html,核心,研发投入与创新政策；国际合作与中国比较,否,轻量目录保留；按科技创新机制、中国比较和跨期增量精选全文,2026-08-23
C-JP-RIETI-20-J-016,jp-rieti,"Research Institute of Economy, Trade and Industry (RIETI)",2020-03-01,月,20-J-016,"Use of AI, Work Style Reform, and Productivity: Evidence from an Individual-Level Survey",Japanese Discussion Paper,Japanese,"MORIKAWA Masayuki (Vice President, RIETI)",https://www.rieti.go.jp/en/publications/summary/20030010.html,https://www.rieti.go.jp/jp/publications/dp/20j016.pdf,https://www.rieti.go.jp/en/publications/act_dp_jp2019.html,核心,关键与新兴技术；产业创新与成果转化；创新测量与政策方法,否,轻量目录保留；按科技创新机制、中国比较和跨期增量精选全文,2026-08-23
C-JP-RIETI-20-P-007,jp-rieti,"Research Institute of Economy, Trade and Industry (RIETI)",2020-03-01,月,20-P-007,Digitalization and New Product Development in Manufacturing SMEs: A Comparative Study of Germany and Japan,English Policy Discussion Paper,English,"MOTOHASHI Kazuyuki (Faculty Fellow, RIETI) / Christian RAMMER (ZEW)",https://www.rieti.go.jp/en/publications/summary/20030003.html,https://www.rieti.go.jp/jp/publications/pdp/20p007.pdf,https://www.rieti.go.jp/en/publications/act_pdp.html,核心,关键与新兴技术；产业创新与成果转化,否,轻量目录保留；按科技创新机制、中国比较和跨期增量精选全文,2026-08-23
C-JP-RIETI-20-J-021,jp-rieti,"Research Institute of Economy, Trade and Industry (RIETI)",2020-04-01,月,20-J-021,Patient Acceptance of AI in Medical Institutions,Japanese Discussion Paper,Japanese,"IWATA Kazuyuki (Matsuyama University) / MORITA Tamaki (Yamanashi Prefectural University) / TSURUMI Tetsuya (Nanzan University) / MANAGI Shunsuke (Faculty Fellow, RIETI)",https://www.rieti.go.jp/en/publications/summary/20040004.html,https://www.rieti.go.jp/jp/publications/dp/20j021.pdf,https://www.rieti.go.jp/en/publications/act_dp_jp2020.html,核心,关键与新兴技术,否,轻量目录保留；按科技创新机制、中国比较和跨期增量精选全文,2026-08-23
C-JP-RIETI-20-J-025,jp-rieti,"Research Institute of Economy, Trade and Industry (RIETI)",2020-04-01,月,20-J-025,The Effect of Labor Regulation on Technology Use and Productivity of Japanese Companies,Japanese Discussion Paper,Japanese,"TANAKA Kenta (Musashi University) / MANAGI Shunsuke (Faculty Fellow, RIETI)",https://www.rieti.go.jp/en/publications/summary/20040013.html,https://www.rieti.go.jp/jp/publications/dp/20j025.pdf,https://www.rieti.go.jp/en/publications/act_dp_jp2020.html,核心,关键与新兴技术；产业创新与成果转化；创新测量与政策方法,否,轻量目录保留；按科技创新机制、中国比较和跨期增量精选全文,2026-08-23
C-JP-RIETI-20-E-045,jp-rieti,"Research Institute of Economy, Trade and Industry (RIETI)",2020-05-01,月,20-E-045,Technological Competitiveness of China's Internet Platforms: Comparison of Google and Baidu Using Patent Text Information,English Discussion Paper,English,"MOTOHASHI Kazuyuki (Faculty Fellow, RIETI) / ZHU Chen (University of Tokyo)",https://www.rieti.go.jp/en/publications/summary/20050006.html,https://www.rieti.go.jp/jp/publications/dp/20e045.pdf,https://www.rieti.go.jp/en/publications/act_dp2020.html,核心,关键与新兴技术；产业创新与成果转化；创新测量与政策方法；国际合作与中国比较,是,已进入精选全文；按官方PDF、页面HTML、提取文本和科技创新切片调用,2026-08-23
C-JP-RIETI-20-E-051,jp-rieti,"Research Institute of Economy, Trade and Industry (RIETI)",2020-05-01,月,20-E-051,"Robots and Employment: Evidence from Japan, 1978-2017",English Discussion Paper,English,"ADACHI Daisuke (Yale University) / KAWAGUCHI Daiji (Program Director, RIETI) / SAITO Yukiko (Senior Fellow (Specially Appointed), RIETI)",https://www.rieti.go.jp/en/publications/summary/20050012.html,https://www.rieti.go.jp/jp/publications/dp/20e051.pdf,https://www.rieti.go.jp/en/publications/act_dp2020.html,核心,关键与新兴技术；创新测量与政策方法,否,轻量目录保留；按科技创新机制、中国比较和跨期增量精选全文,2026-08-23
C-JP-RIETI-20-E-052,jp-rieti,"Research Institute of Economy, Trade and Industry (RIETI)",2020-05-01,月,20-E-052,Heterogenous Impacts of National Research Grants on Academic Productivity,English Discussion Paper,English,"ONISHI Koichiro (Waseda University) / OWAN Hideo (Faculty Fellow, RIETI)",https://www.rieti.go.jp/en/publications/summary/20050013.html,https://www.rieti.go.jp/jp/publications/dp/20e052.pdf,https://www.rieti.go.jp/en/publications/act_dp2020.html,核心,产业创新与成果转化；创新测量与政策方法,否,轻量目录保留；按科技创新机制、中国比较和跨期增量精选全文,2026-08-23
C-JP-RIETI-20-E-058,jp-rieti,"Research Institute of Economy, Trade and Industry (RIETI)",2020-06-01,月,20-E-058,Incentive or Disincentive for Disclosure of Research Data? A Large-Scale Empirical Analysis and Implications for Open Science Policy,English Discussion Paper,English,"KWON Seokbeom (University of Tokyo) / MOTOHASHI Kazuyuki (Faculty Fellow, RIETI)",https://www.rieti.go.jp/en/publications/summary/20060005.html,https://www.rieti.go.jp/jp/publications/dp/20e058.pdf,https://www.rieti.go.jp/en/publications/act_dp2020.html,核心,科学体系与科研能力；关键与新兴技术,否,已进入精选全文；按官方PDF、页面HTML、提取文本和科技创新切片调用,2026-08-23
C-JP-RIETI-20-P-023,jp-rieti,"Research Institute of Economy, Trade and Industry (RIETI)",2020-09-01,月,20-P-023,"Results of Survey on Standardization Activities for 2018 (State of Implementation, Advanced Technologies, and Organizational Design)",English Policy Discussion Paper,English,"TAMURA Suguru (Senior Fellow, RIETI)",https://www.rieti.go.jp/en/publications/summary/20090008.html,https://www.rieti.go.jp/jp/publications/pdp/20p023.pdf,https://www.rieti.go.jp/en/publications/act_pdp.html,核心,关键与新兴技术,否,轻量目录保留；按科技创新机制、中国比较和跨期增量精选全文,2026-08-23
C-JP-RIETI-20-E-086,jp-rieti,"Research Institute of Economy, Trade and Industry (RIETI)",2020-11-01,月,20-E-086,Local Industry Influence on Commercialization of University Research by University Startups,English Discussion Paper,English,"KANG Byeongwoo (Hitotsubashi University) / MOTOHASHI Kazuyuki (Faculty Fellow, RIETI)",https://www.rieti.go.jp/en/publications/summary/20110005.html,https://www.rieti.go.jp/jp/publications/dp/20e086.pdf,https://www.rieti.go.jp/en/publications/act_dp2020.html,核心,科学体系与科研能力；产业创新与成果转化,否,轻量目录保留；按科技创新机制、中国比较和跨期增量精选全文,2026-08-23
C-JP-RIETI-21-P-001,jp-rieti,"Research Institute of Economy, Trade and Industry (RIETI)",2021-01-01,月,21-P-001,Progress of Digital Platforms and their Impact on Japan's Industrial Competitiveness,English Policy Discussion Paper,English,"MOTOHASHI Kazuyuki (Faculty Fellow, RIETI)",https://www.rieti.go.jp/en/publications/summary/21010004.html,https://www.rieti.go.jp/jp/publications/pdp/21p001.pdf,https://www.rieti.go.jp/en/publications/act_pdp.html,核心,关键与新兴技术；产业创新与成果转化；创新测量与政策方法,否,轻量目录保留；按科技创新机制、中国比较和跨期增量精选全文,2026-08-23
C-JP-RIETI-21-E-025,jp-rieti,"Research Institute of Economy, Trade and Industry (RIETI)",2021-03-01,月,21-E-025,New Indicator of Science and Technology Inter-Relationship by Using Text Information of Research Articles and Patents in Japan,English Discussion Paper,English,"MOTOHASHI Kazuyuki (Faculty Fellow, RIETI) / KOSHIBA Hitoshi (NISTEP / AIST) / IKEUCHI Kenta (Fellow (Policy Economist), RIETI)",https://www.rieti.go.jp/en/publications/summary/21030024.html,https://www.rieti.go.jp/jp/publications/dp/21e025.pdf,https://www.rieti.go.jp/en/publications/act_dp2020.html,核心,科学体系与科研能力；关键与新兴技术；产业创新与成果转化；创新测量与政策方法,否,轻量目录保留；按科技创新机制、中国比较和跨期增量精选全文,2026-08-23
C-JP-RIETI-21-E-026,jp-rieti,"Research Institute of Economy, Trade and Industry (RIETI)",2021-03-01,月,21-E-026,Chasing Two Hares at Once? Effect of Joint Institutional Change for Promoting Commercial Use of University Knowledge and Scientific Research,English Discussion Paper,English,"KWON Seokbeom (University of Tokyo) / MOTOHASHI Kazuyuki (Faculty Fellow, RIETI) / IKEUCHI Kenta (Fellow (Policy Economist), RIETI)",https://www.rieti.go.jp/en/publications/summary/21030025.html,https://www.rieti.go.jp/jp/publications/dp/21e026.pdf,https://www.rieti.go.jp/en/publications/act_dp2020.html,核心,科学体系与科研能力,否,已进入精选全文；按官方PDF、页面HTML、提取文本和科技创新切片调用,2026-08-23
C-JP-RIETI-21-E-028,jp-rieti,"Research Institute of Economy, Trade and Industry (RIETI)",2021-03-01,月,21-E-028,Leveraging Standard Essential Patents for Capturing Innovation Rents: The Strategic Disclosure of License Rules,English Discussion Paper,English,"Dong HUO (Harbin Institute of Technology, Shenzhen) / Jianwei DANG (Tongji University) / MOTOHASHI Kazuyuki (Faculty Fellow, RIETI)",https://www.rieti.go.jp/en/publications/summary/21030029.html,https://www.rieti.go.jp/jp/publications/dp/21e028.pdf,https://www.rieti.go.jp/en/publications/act_dp2020.html,核心,产业创新与成果转化；创新测量与政策方法,否,轻量目录保留；按科技创新机制、中国比较和跨期增量精选全文,2026-08-23
C-JP-RIETI-21-J-009,jp-rieti,"Research Institute of Economy, Trade and Industry (RIETI)",2021-03-01,月,21-J-009,The Impact of AI and Robot Technology on Firm Productivity and Employment,Japanese Discussion Paper,Japanese,KIM YoungGak (Senshu University) / INUI Tomohiko (Gakushuin University),https://www.rieti.go.jp/en/publications/summary/21030002.html,https://www.rieti.go.jp/jp/publications/dp/21j009.pdf,https://www.rieti.go.jp/en/publications/act_dp_jp2020.html,核心,关键与新兴技术；产业创新与成果转化；创新测量与政策方法,否,轻量目录保留；按科技创新机制、中国比较和跨期增量精选全文,2026-08-23
C-JP-RIETI-21-J-011,jp-rieti,"Research Institute of Economy, Trade and Industry (RIETI)",2021-03-01,月,21-J-011,Employment and Productivity Dynamics and Patent Applications Related to the Fourth Industrial Revolution,Japanese Discussion Paper,Japanese,"IKEUCHI Kenta (Fellow (Policy Economist), RIETI)",https://www.rieti.go.jp/en/publications/summary/21030005.html,https://www.rieti.go.jp/jp/publications/dp/21j011.pdf,https://www.rieti.go.jp/en/publications/act_dp_jp2020.html,核心,产业创新与成果转化；创新测量与政策方法,否,轻量目录保留；按科技创新机制、中国比较和跨期增量精选全文,2026-08-23
C-JP-RIETI-21-J-012,jp-rieti,"Research Institute of Economy, Trade and Industry (RIETI)",2021-03-01,月,21-J-012,Impact of M&A by foreign companies on innovation activities of acquired companies,Japanese Discussion Paper,Japanese,SUZUKI Shinya (Musashi University) / INUI Tomohiko (Gakushuin University) / IKEDA Yuya (NISTEP),https://www.rieti.go.jp/en/publications/summary/21030007.html,https://www.rieti.go.jp/jp/publications/dp/21j012.pdf,https://www.rieti.go.jp/en/publications/act_dp_jp2020.html,核心,产业创新与成果转化；创新测量与政策方法,否,轻量目录保留；按科技创新机制、中国比较和跨期增量精选全文,2026-08-23
C-JP-RIETI-21-E-030,jp-rieti,"Research Institute of Economy, Trade and Industry (RIETI)",2021-04-01,月,21-E-030,Carbon Tax and Border Tax Adjustments with Technology and Location Choices,English Discussion Paper,English,"Haitao CHENG (Hitotsubashi University) / ISHIKAWA Jota (Faculty Fellow, RIETI)",https://www.rieti.go.jp/en/publications/summary/21040003.html,https://www.rieti.go.jp/jp/publications/dp/21e030.pdf,https://www.rieti.go.jp/en/publications/act_dp2021.html,核心,关键与新兴技术,否,轻量目录保留；按科技创新机制、中国比较和跨期增量精选全文,2026-08-23
C-JP-RIETI-21-E-038,jp-rieti,"Research Institute of Economy, Trade and Industry (RIETI)",2021-05-01,月,21-E-038,Innovation for Tax Avoidance: Product Differentiation and the Arm's Length Principle,English Discussion Paper,English,OKOSHI Hirofumi (Okayama University),https://www.rieti.go.jp/en/publications/summary/21050004.html,https://www.rieti.go.jp/jp/publications/dp/21e038.pdf,https://www.rieti.go.jp/en/publications/act_dp2021.html,核心,产业创新与成果转化,否,轻量目录保留；按科技创新机制、中国比较和跨期增量精选全文,2026-08-23
C-JP-RIETI-21-E-041,jp-rieti,"Research Institute of Economy, Trade and Industry (RIETI)",2021-05-01,月,21-E-041,Socio-Life Scientific Survey on COVID-19,English Discussion Paper,English,"HIROTA Shigeru (Faculty Fellow, RIETI) / SETOH Kazuya (Kyoto University) / YODO Masato (Kyoto University) / YANO Makoto (Chairman, RIETI)",https://www.rieti.go.jp/en/publications/summary/21050009.html,https://www.rieti.go.jp/jp/publications/dp/21e041.pdf,https://www.rieti.go.jp/en/publications/act_dp2021.html,核心,科学体系与科研能力,否,轻量目录保留；按科技创新机制、中国比较和跨期增量精选全文,2026-08-23
C-JP-RIETI-21-E-050,jp-rieti,"Research Institute of Economy, Trade and Industry (RIETI)",2021-06-01,月,21-E-050,Nagahama Survey on Social Science,English Discussion Paper,English,"YANO Makoto (Chairman, RIETI) / HIROTA Shigeru (Faculty Fellow, RIETI) / YODO Masato (Kyoto University) / MATSUDA Fumihiko (Kyoto University)",https://www.rieti.go.jp/en/publications/summary/21060015.html,https://www.rieti.go.jp/jp/publications/dp/21e050.pdf,https://www.rieti.go.jp/en/publications/act_dp2021.html,核心,科学体系与科研能力,否,轻量目录保留；按科技创新机制、中国比较和跨期增量精选全文,2026-08-23
C-JP-RIETI-21-E-054,jp-rieti,"Research Institute of Economy, Trade and Industry (RIETI)",2021-07-01,月,21-E-054,Measuring Robot Quality: Has Quality Improvement Slowed Down?,English Discussion Paper,English,"FUJIWARA Ippei (Faculty Fellow, RIETI) / KIMOTO Ryo (Keio University) / SHIRATSUKA Shigenori (Keio University) / SHIROTA Toyoichiro (Hokkaido University)",https://www.rieti.go.jp/en/publications/summary/21070005.html,https://www.rieti.go.jp/jp/publications/dp/21e054.pdf,https://www.rieti.go.jp/en/publications/act_dp2021.html,核心,关键与新兴技术,否,轻量目录保留；按科技创新机制、中国比较和跨期增量精选全文,2026-08-23
C-JP-RIETI-21-J-035,jp-rieti,"Research Institute of Economy, Trade and Industry (RIETI)",2021-07-01,月,21-J-035,A Study on Schrems II Judgement of the European Court of Justice on International Data Flows―With a Focus on Its Effects on the Data Free Flow with Trust Initiative,Japanese Discussion Paper,Japanese,"WATANABE Shota (Nomura Research Institute, Ltd.)",https://www.rieti.go.jp/en/publications/summary/21070017.html,https://www.rieti.go.jp/jp/publications/dp/21j035.pdf,https://www.rieti.go.jp/en/publications/act_dp_jp2021.html,核心,关键与新兴技术；国际合作与中国比较,否,轻量目录保留；按科技创新机制、中国比较和跨期增量精选全文,2026-08-23
C-JP-RIETI-21-E-064,jp-rieti,"Research Institute of Economy, Trade and Industry (RIETI)",2021-08-01,月,21-E-064,"The Semiconductor Industry in the Age of Trade Wars, Covid-19, and Strategic Rivalries",English Discussion Paper,English,"Willem THORBECKE (Senior Fellow, RIETI)",https://www.rieti.go.jp/en/publications/summary/21080002.html,https://www.rieti.go.jp/jp/publications/dp/21e064.pdf,https://www.rieti.go.jp/en/publications/act_dp2021.html,语境,关键与新兴技术；产业创新与成果转化,否,轻量目录保留；按科技创新机制、中国比较和跨期增量精选全文,2026-08-23
C-JP-RIETI-21-J-039,jp-rieti,"Research Institute of Economy, Trade and Industry (RIETI)",2021-08-01,月,21-J-039,Trends in Science and Mathematics Education and Research and Development Capabilities in Japan,Japanese Discussion Paper,Japanese,"NISHIMURA Kazuo (Faculty Fellow, RIETI) / MIYAMOTO Dai (Doshisha University) / YAGI Tadashi (Doshisha University)",https://www.rieti.go.jp/en/publications/summary/21080007.html,https://www.rieti.go.jp/jp/publications/dp/21j039.pdf,https://www.rieti.go.jp/en/publications/act_dp_jp2021.html,核心,科学体系与科研能力；研发投入与创新政策；科技人才与技能,否,轻量目录保留；按科技创新机制、中国比较和跨期增量精选全文,2026-08-23
C-JP-RIETI-21-E-093,jp-rieti,"Research Institute of Economy, Trade and Industry (RIETI)",2021-11-01,月,21-E-093,Robot Penetration and Task Changes,English Discussion Paper,English,"ARAI Kosuke (Keio University) / FUJIWARA Ippei (Faculty Fellow, RIETI) / SHIROTA Toyoichiro (Hokkaido University)",https://www.rieti.go.jp/en/publications/summary/21110011.html,https://www.rieti.go.jp/jp/publications/dp/21e093.pdf,https://www.rieti.go.jp/en/publications/act_dp2021.html,核心,关键与新兴技术,否,轻量目录保留；按科技创新机制、中国比较和跨期增量精选全文,2026-08-23
C-JP-RIETI-21-J-052,jp-rieti,"Research Institute of Economy, Trade and Industry (RIETI)",2021-12-01,月,21-J-052,Industrial Subsidies and Firm Innovation: New Evidence from China,Japanese Discussion Paper,Japanese,"ZHANG Hongyong (Senior Fellow, RIETI)",https://www.rieti.go.jp/en/publications/summary/21120007.html,https://www.rieti.go.jp/jp/publications/dp/21j052.pdf,https://www.rieti.go.jp/en/publications/act_dp_jp2021.html,核心,研发投入与创新政策；产业创新与成果转化；创新测量与政策方法；国际合作与中国比较,是,已进入精选全文；按官方PDF、页面HTML、提取文本和科技创新切片调用,2026-08-23
C-JP-RIETI-22-E-004,jp-rieti,"Research Institute of Economy, Trade and Industry (RIETI)",2022-02-01,月,22-E-004,Do Teachers' College Majors Affect Students' Academic Achievement in the Sciences? A Cross Subfields Analysis with Student-Teacher Fixed Effects,English Discussion Paper,English,"INOUE Atsushi (Nippon Institute for Research Advancement) / TANAKA Ryuichi (Faculty Fellow, RIETI)",https://www.rieti.go.jp/en/publications/summary/22020001.html,https://www.rieti.go.jp/jp/publications/dp/22e004.pdf,https://www.rieti.go.jp/en/publications/act_dp2021.html,核心,科学体系与科研能力,否,轻量目录保留；按科技创新机制、中国比较和跨期增量精选全文,2026-08-23
C-JP-RIETI-22-E-006,jp-rieti,"Research Institute of Economy, Trade and Industry (RIETI)",2022-02-01,月,22-E-006,Effects of the Quality of Science and Innovation on Venture Finance: Evidence from University Spinoffs in Japan,English Discussion Paper,English,FUKUGAWA Nobuya (Tohoku University),https://www.rieti.go.jp/en/publications/summary/22020003.html,https://www.rieti.go.jp/jp/publications/dp/22e006.pdf,https://www.rieti.go.jp/en/publications/act_dp2021.html,核心,科学体系与科研能力；产业创新与成果转化；创新测量与政策方法,否,轻量目录保留；按科技创新机制、中国比较和跨期增量精选全文,2026-08-23
C-JP-RIETI-22-E-015,jp-rieti,"Research Institute of Economy, Trade and Industry (RIETI)",2022-03-01,月,22-E-015,Employee Downsizing and Human Capital Accumulation (Previous title) Does Employee Downsizing Work? Evidence from Product Innovation at Manufacturing Plants*,English Discussion Paper,English,OKUDAIRA Hiroko (Doshisha University) / TAKIZAWA Miho (Gakushuin University) / YAMANOUCHI Kenta (Kagawa University),https://www.rieti.go.jp/en/publications/summary/22030003.html,https://www.rieti.go.jp/jp/publications/dp/22e015.pdf,https://www.rieti.go.jp/en/publications/act_dp2021.html,核心,产业创新与成果转化；科技人才与技能；创新测量与政策方法,否,轻量目录保留；按科技创新机制、中国比较和跨期增量精选全文,2026-08-23
C-JP-RIETI-22-E-026,jp-rieti,"Research Institute of Economy, Trade and Industry (RIETI)",2022-03-01,月,22-E-026,The Role of Face-to-face Contact in Innovation: The Evidence from the Spanish Flu Pandemic in Japan,English Discussion Paper,English,"INOUE Hiroyasu (University of Hyogo) / NAKAJIMA Kentaro (Faculty Fellow, RIETI) / OKAZAKI Tetsuji (Faculty Fellow, RIETI) / SAITO Yukiko (Senior Fellow (Specially Appointed), RIETI)",https://www.rieti.go.jp/en/publications/summary/22030028.html,https://www.rieti.go.jp/jp/publications/dp/22e026.pdf,https://www.rieti.go.jp/en/publications/act_dp2021.html,核心,产业创新与成果转化；创新测量与政策方法,否,轻量目录保留；按科技创新机制、中国比较和跨期增量精选全文,2026-08-23
C-JP-RIETI-22-J-009,jp-rieti,"Research Institute of Economy, Trade and Industry (RIETI)",2022-03-01,月,22-J-009,Strengthened Regulations for Digital Platform Businesses in China: Focusing on the Anti-Monopoly Law,Japanese Discussion Paper,Japanese,KAWASHIMA Fujio (Kobe University),https://www.rieti.go.jp/en/publications/summary/22030013.html,https://www.rieti.go.jp/jp/publications/dp/22j009.pdf,https://www.rieti.go.jp/en/publications/act_dp_jp2021.html,核心,关键与新兴技术；国际合作与中国比较,是,轻量目录保留；按科技创新机制、中国比较和跨期增量精选全文,2026-08-23
C-JP-RIETI-22-E-030,jp-rieti,"Research Institute of Economy, Trade and Industry (RIETI)",2022-04-01,月,22-E-030,Government R&D Spending as a Driving Force of Technology Convergence,English Discussion Paper,English,"ZHU Chen (University of Tokyo) / MOTOHASHI Kazuyuki (Faculty Fellow, RIETI)",https://www.rieti.go.jp/en/publications/summary/22040002.html,https://www.rieti.go.jp/jp/publications/dp/22e030.pdf,https://www.rieti.go.jp/en/publications/act_dp2022.html,核心,研发投入与创新政策；关键与新兴技术,否,已进入精选全文；按官方PDF、页面HTML、提取文本和科技创新切片调用,2026-08-23
C-JP-RIETI-22-J-017,jp-rieti,"Research Institute of Economy, Trade and Industry (RIETI)",2022-04-01,月,22-J-017,The Impact of National University Reform on University Patents in Japan: Researcher Level Analysis,Japanese Discussion Paper,Japanese,"MOTOHASHI Kazuyuki (Faculty Fellow, RIETI) / IKEUCHI Kenta (Senior Fellow, RIETI) / KWON Seokbeom (Sungkyunkwan University)",https://www.rieti.go.jp/en/publications/summary/22040005.html,https://www.rieti.go.jp/jp/publications/dp/22j017.pdf,https://www.rieti.go.jp/en/publications/act_dp_jp2022.html,核心,科学体系与科研能力；产业创新与成果转化；科技人才与技能；创新测量与政策方法,否,轻量目录保留；按科技创新机制、中国比较和跨期增量精选全文,2026-08-23
C-JP-RIETI-22-J-018,jp-rieti,"Research Institute of Economy, Trade and Industry (RIETI)",2022-05-01,月,22-J-018,Empirical study on municipal digital transformation: the case of Japan,Japanese Discussion Paper,Japanese,"HAMAGUCHI Nobuaki (Faculty Fellow, RIETI)",https://www.rieti.go.jp/en/publications/summary/22050003.html,https://www.rieti.go.jp/jp/publications/dp/22j018.pdf,https://www.rieti.go.jp/en/publications/act_dp_jp2022.html,核心,关键与新兴技术,否,轻量目录保留；按科技创新机制、中国比较和跨期增量精选全文,2026-08-23
C-JP-RIETI-22-J-022,jp-rieti,"Research Institute of Economy, Trade and Industry (RIETI)",2022-05-01,月,22-J-022,Firm Incubation through Business Group Affiliation: Acquisition and technology transaction,Japanese Discussion Paper,Japanese,"KIM YoungGak (Senshu University) / NAGAOKA Sadao (Faculty Fellow, RIETI)",https://www.rieti.go.jp/en/publications/summary/22050017.html,https://www.rieti.go.jp/jp/publications/dp/22j022.pdf,https://www.rieti.go.jp/en/publications/act_dp_jp2022.html,核心,关键与新兴技术；产业创新与成果转化,否,轻量目录保留；按科技创新机制、中国比较和跨期增量精选全文,2026-08-23
C-JP-RIETI-22-J-023,jp-rieti,"Research Institute of Economy, Trade and Industry (RIETI)",2022-06-01,月,22-J-023,Knowledge Combination and R&D: Assessing the performance of Japanese firms from an international perspective,Japanese Discussion Paper,Japanese,"NAGAOKA Sadao (Faculty Fellow, RIETI) / TSUKADA Naotoshi (Research Associate, RIETI) / ENDO Shiguma",https://www.rieti.go.jp/en/publications/summary/22060005.html,https://www.rieti.go.jp/jp/publications/dp/22j023.pdf,https://www.rieti.go.jp/en/publications/act_dp_jp2022.html,核心,研发投入与创新政策；产业创新与成果转化；国际合作与中国比较,否,轻量目录保留；按科技创新机制、中国比较和跨期增量精选全文,2026-08-23
C-JP-RIETI-22-J-024,jp-rieti,"Research Institute of Economy, Trade and Industry (RIETI)",2022-06-01,月,22-J-024,Spillover Effects of R&D in Japan,Japanese Discussion Paper,Japanese,"EDAMURA Kazuma (Kanagawa University) / NAGAOKA Sadao (Faculty Fellow, RIETI) / ONISHI Koichiro (Waseda University)",https://www.rieti.go.jp/en/publications/summary/22060007.html,https://www.rieti.go.jp/jp/publications/dp/22j024.pdf,https://www.rieti.go.jp/en/publications/act_dp_jp2022.html,核心,研发投入与创新政策,否,轻量目录保留；按科技创新机制、中国比较和跨期增量精选全文,2026-08-23
C-JP-RIETI-22-E-064,jp-rieti,"Research Institute of Economy, Trade and Industry (RIETI)",2022-07-01,月,22-E-064,The Effect of Uncertainty on Entrepreneurial Activity,English Discussion Paper,English,TAKAHASHI Hidenori (Kobe University) / YAMAKAWA Yasuhiro (Babson College),https://www.rieti.go.jp/en/publications/summary/22070005.html,https://www.rieti.go.jp/jp/publications/dp/22e064.pdf,https://www.rieti.go.jp/en/publications/act_dp2022.html,核心,产业创新与成果转化,否,轻量目录保留；按科技创新机制、中国比较和跨期增量精选全文,2026-08-23
C-JP-RIETI-22-J-027,jp-rieti,"Research Institute of Economy, Trade and Industry (RIETI)",2022-07-01,月,22-J-027,Analysis of the Effects of Changes in the Japanese R&D Tax Credit System in 2015: Impact of expansion of tax credits for open innovation and abolition of the tax credit carryover system,Japanese Discussion Paper,Japanese,"IKEUCHI Kenta (Senior Fellow (Policy Economist), RIETI)",https://www.rieti.go.jp/en/publications/summary/22070009.html,https://www.rieti.go.jp/jp/publications/dp/22j027.pdf,https://www.rieti.go.jp/en/publications/act_dp_jp2022.html,核心,研发投入与创新政策；产业创新与成果转化；创新测量与政策方法,否,轻量目录保留；按科技创新机制、中国比较和跨期增量精选全文,2026-08-23
C-JP-RIETI-22-P-015,jp-rieti,"Research Institute of Economy, Trade and Industry (RIETI)",2022-07-01,月,22-P-015,Status of Standardization Activities (Survey on Standardization Activities 2020) (Overview of Results by Industry and R&D Expenditures),English Policy Discussion Paper,English,"TAMURA Suguru (Senior Fellow, RIETI)",https://www.rieti.go.jp/en/publications/summary/22070004.html,https://www.rieti.go.jp/jp/publications/pdp/22p015.pdf,https://www.rieti.go.jp/en/publications/act_pdp.html,核心,研发投入与创新政策；产业创新与成果转化,否,轻量目录保留；按科技创新机制、中国比较和跨期增量精选全文,2026-08-23
C-JP-RIETI-22-E-085,jp-rieti,"Research Institute of Economy, Trade and Industry (RIETI)",2022-09-01,月,22-E-085,Impact of Stay Abroad on Language Skill Development: Regression discontinuity evidence from Japanese university students,English Discussion Paper,English,"HIGUCHI Yuki (Sophia University) / NAKAMURO Makiko (Faculty Fellow, RIETI) / Carsten ROEVER (University of Melbourne) / SASAKI Miyuki (Waseda University) / YASHIMA Tomoko (Kansai University)",https://www.rieti.go.jp/en/publications/summary/22090003.html,https://www.rieti.go.jp/jp/publications/dp/22e085.pdf,https://www.rieti.go.jp/en/publications/act_dp2022.html,支撑,科学体系与科研能力；科技人才与技能；创新测量与政策方法,否,轻量目录保留；按科技创新机制、中国比较和跨期增量精选全文,2026-08-23
C-JP-RIETI-22-E-096,jp-rieti,"Research Institute of Economy, Trade and Industry (RIETI)",2022-09-01,月,22-E-096,Information Advantage or Bias Related to Social Ties: Evidence from a peer review system for national research grants,English Discussion Paper,English,"ONISHI Koichiro (Waseda University) / OWAN Hideo (Faculty Fellow, RIETI)",https://www.rieti.go.jp/en/publications/summary/22090018.html,https://www.rieti.go.jp/jp/publications/dp/22e096.pdf,https://www.rieti.go.jp/en/publications/act_dp2022.html,核心,创新测量与政策方法,否,轻量目录保留；按科技创新机制、中国比较和跨期增量精选全文,2026-08-23
C-JP-RIETI-22-J-033,jp-rieti,"Research Institute of Economy, Trade and Industry (RIETI)",2022-09-01,月,22-J-033,Startup Support of Regional Financial Institutions and Regional Startup,Japanese Discussion Paper,Japanese,"YAMORI Nobuyoshi (Faculty Fellow, RIETI) / NAGATA Kunikazu (The University of Nagano) / KONDO Kazumine (Aichi Gakuin University) / OKUDA Masayuki (ichi Sangyo University)",https://www.rieti.go.jp/en/publications/summary/22090002.html,https://www.rieti.go.jp/jp/publications/dp/22j033.pdf,https://www.rieti.go.jp/en/publications/act_dp_jp2022.html,核心,产业创新与成果转化,否,轻量目录保留；按科技创新机制、中国比较和跨期增量精选全文,2026-08-23
C-JP-RIETI-22-E-102,jp-rieti,"Research Institute of Economy, Trade and Industry (RIETI)",2022-10-01,月,22-E-102,Size Matters in Municipal Digital Transformation: Insights from local government survey in Japan,English Discussion Paper,English,"HAMAGUCHI Nobuaki (Faculty Fellow, RIETI)",https://www.rieti.go.jp/en/publications/summary/22100012.html,https://www.rieti.go.jp/jp/publications/dp/22e102.pdf,https://www.rieti.go.jp/en/publications/act_dp2022.html,核心,关键与新兴技术,否,轻量目录保留；按科技创新机制、中国比较和跨期增量精选全文,2026-08-23
C-JP-RIETI-22-J-035,jp-rieti,"Research Institute of Economy, Trade and Industry (RIETI)",2022-10-01,月,22-J-035,A Damage Liability Rule in a Society with Autonomously Driving Vehicles and Development of the Technology for Safety Performance,Japanese Discussion Paper,Japanese,"HIBIKI Akira (Consulting Fellow, RIETI) / SHINKUMA Takayoshi (Kansai University) / YOSHIDA Jun (Kyusyu University)",https://www.rieti.go.jp/en/publications/summary/22100003.html,https://www.rieti.go.jp/jp/publications/dp/22j035.pdf,https://www.rieti.go.jp/en/publications/act_dp_jp2022.html,核心,关键与新兴技术,否,轻量目录保留；按科技创新机制、中国比较和跨期增量精选全文,2026-08-23
C-JP-RIETI-22-E-104,jp-rieti,"Research Institute of Economy, Trade and Industry (RIETI)",2022-11-01,月,22-E-104,Invention by College Graduates in Science and Engineering during Japan's Industrialization,English Discussion Paper,English,"YAMAGUCHI Shotaro (University of Maryland) / INOUE Hiroyasu (University of Hyogo) / NAKAJIMA Kentaro (Faculty Fellow, RIETI) / OKAZAKI Tetsuji (Faculty Fellow, RIETI) / SAITO Yukiko (Senior Fellow (Specially Appointed), RIETI) / Serguey BRAGUINSKY (University of Maryland / NBER / Osaka University)",https://www.rieti.go.jp/en/publications/summary/22110003.html,https://www.rieti.go.jp/jp/publications/dp/22e104.pdf,https://www.rieti.go.jp/en/publications/act_dp2022.html,核心,科学体系与科研能力；产业创新与成果转化,否,轻量目录保留；按科技创新机制、中国比较和跨期增量精选全文,2026-08-23
C-JP-RIETI-22-E-106,jp-rieti,"Research Institute of Economy, Trade and Industry (RIETI)",2022-11-01,月,22-E-106,What Do R&D Spillovers from Universities and Firms Contribute to Productivity? Plant level productivity and technological and geographic proximity in Japan,English Discussion Paper,English,"René BELDERBOS (KU Leuven / UNU-MERIT / Maastricht University) / IKEUCHI Kenta (Senior Fellow (Policy Economist), RIETI) / FUKAO Kyoji (Faculty Fellow, RIETI) / KIM Young Gak (Senshu University) / KWON Hyeog Ug (Faculty Fellow, RIETI)",https://www.rieti.go.jp/en/publications/summary/22110006.html,https://www.rieti.go.jp/jp/publications/dp/22e106.pdf,https://www.rieti.go.jp/en/publications/act_dp2022.html,核心,研发投入与创新政策；关键与新兴技术；产业创新与成果转化；创新测量与政策方法,否,轻量目录保留；按科技创新机制、中国比较和跨期增量精选全文,2026-08-23
C-JP-RIETI-23-E-012,jp-rieti,"Research Institute of Economy, Trade and Industry (RIETI)",2023-02-01,月,23-E-012,Startup Growth and Conditioning Factors: A conceptual framework for a survey-based study,English Discussion Paper,English,"HAMAGUCHI Nobuaki (Faculty Fellow, RIETI) / João Carlos FERRAZ (Universidade Federal do Rio de Janeiro)",https://www.rieti.go.jp/en/publications/summary/23020010.html,https://www.rieti.go.jp/jp/publications/dp/23e012.pdf,https://www.rieti.go.jp/en/publications/act_dp2022.html,核心,产业创新与成果转化,否,轻量目录保留；按科技创新机制、中国比较和跨期增量精选全文,2026-08-23
C-JP-RIETI-23-E-015,jp-rieti,"Research Institute of Economy, Trade and Industry (RIETI)",2023-03-01,月,23-E-015,Measuring Science and Innovation Linkage Using Text Mining of Research Papers and Patent Information,English Discussion Paper,English,"MOTOHASHI Kazuyuki (Faculty Fellow, RIETI) / KOSHIBA Hitoshi (NISTEP / AIST) / IKEUCHI Kenta (Senior Fellow (Policy Economist), RIETI)",https://www.rieti.go.jp/en/publications/summary/23030005.html,https://www.rieti.go.jp/jp/publications/dp/23e015.pdf,https://www.rieti.go.jp/en/publications/act_dp2022.html,核心,科学体系与科研能力；产业创新与成果转化；创新测量与政策方法,否,轻量目录保留；按科技创新机制、中国比较和跨期增量精选全文,2026-08-23
C-JP-RIETI-23-E-017,jp-rieti,"Research Institute of Economy, Trade and Industry (RIETI)",2023-03-01,月,23-E-017,The Impact of Export Controls on International Trade: Evidence from the Japan–Korea trade dispute in the semiconductor industry,English Discussion Paper,English,"MAKIOKA Ryo (Research Associate, RIETI) / ZHANG Hongyong (Senior Fellow, RIETI)",https://www.rieti.go.jp/en/publications/summary/23030011.html,https://www.rieti.go.jp/jp/publications/dp/23e017.pdf,https://www.rieti.go.jp/en/publications/act_dp2022.html,语境,关键与新兴技术；产业创新与成果转化；创新测量与政策方法；国际合作与中国比较,否,轻量目录保留；按科技创新机制、中国比较和跨期增量精选全文,2026-08-23
C-JP-RIETI-23-E-024,jp-rieti,"Research Institute of Economy, Trade and Industry (RIETI)",2023-03-01,月,23-E-024,Identifying Technology Opportunity Using a Dual-attention Model and a Technology-market Concordance Matrix,English Discussion Paper,English,"MOTOHASHI Kazuyuki (Faculty Fellow, RIETI) / ZHU Chen (University of Tokyo)",https://www.rieti.go.jp/en/publications/summary/23030022.html,https://www.rieti.go.jp/jp/publications/dp/23e024.pdf,https://www.rieti.go.jp/en/publications/act_dp2022.html,核心,关键与新兴技术,否,轻量目录保留；按科技创新机制、中国比较和跨期增量精选全文,2026-08-23
C-JP-RIETI-23-E-027,jp-rieti,"Research Institute of Economy, Trade and Industry (RIETI)",2023-04-01,月,23-E-027,University as a Knowledge Source of Innovation: A spatial analysis of the impact on local high-tech startup creation,English Discussion Paper,English,"MOTOHASHI Kazuyuki (Faculty Fellow, RIETI) / ZHAO Qiuhan (University of Tokyo)",https://www.rieti.go.jp/en/publications/summary/23040006.html,https://www.rieti.go.jp/jp/publications/dp/23e027.pdf,https://www.rieti.go.jp/en/publications/act_dp2023.html,核心,科学体系与科研能力；产业创新与成果转化；创新测量与政策方法,否,轻量目录保留；按科技创新机制、中国比较和跨期增量精选全文,2026-08-23
C-JP-RIETI-23-J-015,jp-rieti,"Research Institute of Economy, Trade and Industry (RIETI)",2023-04-01,月,23-J-015,Why is China Building a New System for Mobilizing Resources Nationwide for Scientific and Technological Innovation? A comparative study of the Chinese system and the EU system of scientific and technological innovation,Japanese Discussion Paper,Japanese,"MENG Jianjun (Visiting Fellow, RIETI) / PAN Motao (Wuhan University)",https://www.rieti.go.jp/en/publications/summary/23040001.html,https://www.rieti.go.jp/jp/publications/dp/23j015.pdf,https://www.rieti.go.jp/en/publications/act_dp_jp2023.html,核心,科学体系与科研能力；关键与新兴技术；产业创新与成果转化；国际合作与中国比较,是,已进入精选全文；按官方PDF、页面HTML、提取文本和科技创新切片调用,2026-08-23
C-JP-RIETI-23-J-020,jp-rieti,"Research Institute of Economy, Trade and Industry (RIETI)",2023-06-01,月,23-J-020,The Impact of Robot Imports on the Performance of Chinese Firms,Japanese Discussion Paper,Japanese,"YANG Qizhong (Toyo University) / INUI Tomohiko (Faculty Fellow, RIETI) / KIM Young Gak (Senshu University)",https://www.rieti.go.jp/en/publications/summary/23060012.html,https://www.rieti.go.jp/jp/publications/dp/23j020.pdf,https://www.rieti.go.jp/en/publications/act_dp_jp2023.html,核心,关键与新兴技术；产业创新与成果转化；创新测量与政策方法；国际合作与中国比较,是,已进入精选全文；按官方PDF、页面HTML、提取文本和科技创新切片调用,2026-08-23
C-JP-RIETI-23-E-047,jp-rieti,"Research Institute of Economy, Trade and Industry (RIETI)",2023-07-01,月,23-E-047,The Decline of Labor Share and New Technology Diffusion: Implications for markups and monopsony power,English Discussion Paper,English,"KUSAKA Shoki (Yale University) / OKAZAKI Tetsuji (Faculty Fellow, RIETI) / ONISHI Ken (Hitotsubashi University) / WAKAMORI Naoki (Hitotsubashi University)",https://www.rieti.go.jp/en/publications/summary/23070004.html,https://www.rieti.go.jp/jp/publications/dp/23e047.pdf,https://www.rieti.go.jp/en/publications/act_dp2023.html,核心,关键与新兴技术,否,轻量目录保留；按科技创新机制、中国比较和跨期增量精选全文,2026-08-23
C-JP-RIETI-23-E-052,jp-rieti,"Research Institute of Economy, Trade and Industry (RIETI)",2023-07-01,月,23-E-052,Firm-level Determinants of Cross-border Data Flows: An econometric analysis based on a variable selection technique,English Discussion Paper,English,"ITO Banri (Research Associate, RIETI) / TOMIURA Eiichi (Faculty Fellow, RIETI)",https://www.rieti.go.jp/en/publications/summary/23070017.html,https://www.rieti.go.jp/jp/publications/dp/23e052.pdf,https://www.rieti.go.jp/en/publications/act_dp2023.html,核心,关键与新兴技术；产业创新与成果转化；国际合作与中国比较,否,轻量目录保留；按科技创新机制、中国比较和跨期增量精选全文,2026-08-23
C-JP-RIETI-23-E-053,jp-rieti,"Research Institute of Economy, Trade and Industry (RIETI)",2023-07-01,月,23-E-053,Determinants of Commercialization Modes of Science: Evidence from panel data of university technology transfer in Japan,English Discussion Paper,English,FUKUGAWA Nobuya (Tohoku University),https://www.rieti.go.jp/en/publications/summary/23070018.html,https://www.rieti.go.jp/jp/publications/dp/23e053.pdf,https://www.rieti.go.jp/en/publications/act_dp2023.html,核心,科学体系与科研能力；关键与新兴技术；产业创新与成果转化；创新测量与政策方法,否,已进入精选全文；按官方PDF、页面HTML、提取文本和科技创新切片调用,2026-08-23
C-JP-RIETI-23-E-062,jp-rieti,"Research Institute of Economy, Trade and Industry (RIETI)",2023-08-01,月,23-E-062,Sources of Heterogeneous Treatment Effects of Incorporating Manufacturing Kohsetsushi : Evidence from panel data of technology extension,English Discussion Paper,English,FUKUGAWA Nobuya (Tohoku University),https://www.rieti.go.jp/en/publications/summary/23080012.html,https://www.rieti.go.jp/jp/publications/dp/23e062.pdf,https://www.rieti.go.jp/en/publications/act_dp2023.html,核心,关键与新兴技术；产业创新与成果转化；创新测量与政策方法,否,轻量目录保留；按科技创新机制、中国比较和跨期增量精选全文,2026-08-23
C-JP-RIETI-23-J-026,jp-rieti,"Research Institute of Economy, Trade and Industry (RIETI)",2023-08-01,月,23-J-026,The Impact of Digital Transformation on Productivity and Resource Reallocation within Firms,Japanese Discussion Paper,Japanese,"FUKAO Kyoji (Faculty Fellow, RIETI) / INUI Tomohiko (Faculty Fellow, RIETI) / KIM YoungGak (Senshu University) / KWON Hyeog Ug (Faculty Fellow, RIETI) / IKEUCHI Kenta (Senior Fellow (Policy Economist), RIETI)",https://www.rieti.go.jp/en/publications/summary/23080005.html,https://www.rieti.go.jp/jp/publications/dp/23j026.pdf,https://www.rieti.go.jp/en/publications/act_dp_jp2023.html,核心,关键与新兴技术；产业创新与成果转化；创新测量与政策方法,否,轻量目录保留；按科技创新机制、中国比较和跨期增量精选全文,2026-08-23
C-JP-RIETI-23-J-034,jp-rieti,"Research Institute of Economy, Trade and Industry (RIETI)",2023-09-01,月,23-J-034,AI Adoption and Productivity of Japanese Firms: Spillover and innovation effects,Japanese Discussion Paper,Japanese,"IKEUCHI Kenta (Senior Fellow (Policy Economist), RIETI) / INUI Tomohiko (Faculty Fellow, RIETI) / KIM YoungGak (Senshu University)",https://www.rieti.go.jp/en/publications/summary/23090012.html,https://www.rieti.go.jp/jp/publications/dp/23j034.pdf,https://www.rieti.go.jp/en/publications/act_dp_jp2023.html,核心,关键与新兴技术；产业创新与成果转化；创新测量与政策方法,否,轻量目录保留；按科技创新机制、中国比较和跨期增量精选全文,2026-08-23
C-JP-RIETI-23-J-036,jp-rieti,"Research Institute of Economy, Trade and Industry (RIETI)",2023-09-01,月,23-J-036,An Empirical Analysis of the Impact of Employee Aging on Innovation and Productivity,Japanese Discussion Paper,Japanese,"FUKAO Kyoji (Faculty Fellow, RIETI) / KIM YoungGak (Senshu University) / KWON Hyeog Ug (Faculty Fellow, RIETI)",https://www.rieti.go.jp/en/publications/summary/23090016.html,https://www.rieti.go.jp/jp/publications/dp/23j036.pdf,https://www.rieti.go.jp/en/publications/act_dp_jp2023.html,核心,产业创新与成果转化；创新测量与政策方法,否,轻量目录保留；按科技创新机制、中国比较和跨期增量精选全文,2026-08-23
C-JP-RIETI-23-E-075,jp-rieti,"Research Institute of Economy, Trade and Industry (RIETI)",2023-10-01,月,23-E-075,"On the Trends of Technology, Family Formation, and Women's Time Allocation",English Discussion Paper,English,"KITAO Sagiri (Senior Fellow (Specially Appointed), RIETI) / NAKAKUNI Kanato (University of Tokyo)",https://www.rieti.go.jp/en/publications/summary/23100013.html,https://www.rieti.go.jp/jp/publications/dp/23e075.pdf,https://www.rieti.go.jp/en/publications/act_dp2023.html,核心,关键与新兴技术,否,轻量目录保留；按科技创新机制、中国比较和跨期增量精选全文,2026-08-23
C-JP-RIETI-23-J-040,jp-rieti,"Research Institute of Economy, Trade and Industry (RIETI)",2023-10-01,月,23-J-040,Lease and Capital Investments: A technological feature of the leasing industry,Japanese Discussion Paper,Japanese,MIYAKAWA Daisuke (Waseda University) / YANAOKA Masaki (TOKYO SHOKO RESEARCH) / YAZAWA Hirotaka (Sumitomo Mitsui Finance and Leasing) / YUKIMOTO Shinji (Sumitomo Mitsui Finance and Leasing),https://www.rieti.go.jp/en/publications/summary/23100010.html,https://www.rieti.go.jp/jp/publications/dp/23j040.pdf,https://www.rieti.go.jp/en/publications/act_dp_jp2023.html,核心,关键与新兴技术；产业创新与成果转化,否,轻量目录保留；按科技创新机制、中国比较和跨期增量精选全文,2026-08-23
C-JP-RIETI-23-J-046,jp-rieti,"Research Institute of Economy, Trade and Industry (RIETI)",2023-11-01,月,23-J-046,Survey on Individuals’ Preferences for Employee Entrepreneurship and Mobility,Japanese Discussion Paper,Japanese,"YOSHIDA Yukiko (NTT DOCOMO) / HONJO Yuji (Faculty Fellow, RIETI)",https://www.rieti.go.jp/en/publications/summary/23110002.html,https://www.rieti.go.jp/jp/publications/dp/23j046.pdf,https://www.rieti.go.jp/en/publications/act_dp_jp2023.html,核心,产业创新与成果转化,否,轻量目录保留；按科技创新机制、中国比较和跨期增量精选全文,2026-08-23
C-JP-RIETI-23-E-086,jp-rieti,"Research Institute of Economy, Trade and Industry (RIETI)",2023-12-01,月,23-E-086,Green Transformation Innovation,English Discussion Paper,English,KIMURA Yosuke (Tokyo Institute of Technology),https://www.rieti.go.jp/en/publications/summary/23120006.html,https://www.rieti.go.jp/jp/publications/dp/23e086.pdf,https://www.rieti.go.jp/en/publications/act_dp2023.html,核心,产业创新与成果转化,否,轻量目录保留；按科技创新机制、中国比较和跨期增量精选全文,2026-08-23
C-JP-RIETI-24-E-012,jp-rieti,"Research Institute of Economy, Trade and Industry (RIETI)",2024-01-01,月,24-E-012,"SBIR, Startups, and Subsequent Technological Development: Laser diodes in the United States and Japan",English Discussion Paper,English,SHIMIZU Hiroshi (Waseda University) / WAKUTSU Naohiko (Nagoya City University),https://www.rieti.go.jp/en/publications/summary/24010018.html,https://www.rieti.go.jp/jp/publications/dp/24e012.pdf,https://www.rieti.go.jp/en/publications/act_dp2023.html,核心,关键与新兴技术；产业创新与成果转化；国际合作与中国比较,否,轻量目录保留；按科技创新机制、中国比较和跨期增量精选全文,2026-08-23
C-JP-RIETI-24-E-013,jp-rieti,"Research Institute of Economy, Trade and Industry (RIETI)",2024-02-01,月,24-E-013,Economic Growth through Basic Research by Firms: A science linkage approach,English Discussion Paper,English,"NIREI Makoto (Faculty Fellow, RIETI) / OIKAWA Koki (Waseda University) / OROKU Masahiro (Recruit Co., Ltd.)",https://www.rieti.go.jp/en/publications/summary/24020001.html,https://www.rieti.go.jp/jp/publications/dp/24e013.pdf,https://www.rieti.go.jp/en/publications/act_dp2023.html,核心,科学体系与科研能力；产业创新与成果转化,否,已进入精选全文；按官方PDF、页面HTML、提取文本和科技创新切片调用,2026-08-23
C-JP-RIETI-24-E-015,jp-rieti,"Research Institute of Economy, Trade and Industry (RIETI)",2024-02-01,月,24-E-015,R&D Subsidies and Multi-product Firms,English Discussion Paper,English,Rikard FORSLID (Stockholm University) / OKUBO Toshihiro (Keio University),https://www.rieti.go.jp/en/publications/summary/24020004.html,https://www.rieti.go.jp/jp/publications/dp/24e015.pdf,https://www.rieti.go.jp/en/publications/act_dp2023.html,核心,研发投入与创新政策；产业创新与成果转化,否,轻量目录保留；按科技创新机制、中国比较和跨期增量精选全文,2026-08-23
C-JP-RIETI-24-E-018,jp-rieti,"Research Institute of Economy, Trade and Industry (RIETI)",2024-02-01,月,24-E-018,Mainstream Formation and Competitive Dynamics in the Computer Graphics Industry: Topic modeling analysis of US patents,English Discussion Paper,English,WATANABE Ichiro (University of Tokyo) / SHIMIZU Hiroshi (Waseda University),https://www.rieti.go.jp/en/publications/summary/24020008.html,https://www.rieti.go.jp/jp/publications/dp/24e018.pdf,https://www.rieti.go.jp/en/publications/act_dp2023.html,核心,产业创新与成果转化；创新测量与政策方法,否,轻量目录保留；按科技创新机制、中国比较和跨期增量精选全文,2026-08-23
C-JP-RIETI-24-E-021,jp-rieti,"Research Institute of Economy, Trade and Industry (RIETI)",2024-02-01,月,24-E-021,The Fundraising of AI Startups: Evidence from web data,English Discussion Paper,English,"ZHU Chen (University of Tokyo) / MOTOHASHI Kazuyuki (Faculty Fellow, RIETI)",https://www.rieti.go.jp/en/publications/summary/24020011.html,https://www.rieti.go.jp/jp/publications/dp/24e021.pdf,https://www.rieti.go.jp/en/publications/act_dp2023.html,核心,关键与新兴技术；产业创新与成果转化；创新测量与政策方法,否,轻量目录保留；按科技创新机制、中国比较和跨期增量精选全文,2026-08-23
C-JP-RIETI-24-E-022,jp-rieti,"Research Institute of Economy, Trade and Industry (RIETI)",2024-02-01,月,24-E-022,Unleashing Innovation and Entrepreneurship: Ripple effects of employment protection reforms,English Discussion Paper,English,KATAGIRI Mitsuru (Hosei University),https://www.rieti.go.jp/en/publications/summary/24020012.html,https://www.rieti.go.jp/jp/publications/dp/24e022.pdf,https://www.rieti.go.jp/en/publications/act_dp2023.html,核心,产业创新与成果转化,否,轻量目录保留；按科技创新机制、中国比较和跨期增量精选全文,2026-08-23
C-JP-RIETI-24-E-027,jp-rieti,"Research Institute of Economy, Trade and Industry (RIETI)",2024-02-01,月,24-E-027,Dynamics of Ecosystem Governance on a Technology Platform: Network analysis of Siemens MindSphere partners,English Discussion Paper,English,"MOTOHASHI Kazuyuki (Faculty Fellow, RIETI) / Alireza EMAMI JAVID (Kozo Keikaku Engineering Inc.)",https://www.rieti.go.jp/en/publications/summary/24020018.html,https://www.rieti.go.jp/jp/publications/dp/24e027.pdf,https://www.rieti.go.jp/en/publications/act_dp2023.html,核心,关键与新兴技术,否,轻量目录保留；按科技创新机制、中国比较和跨期增量精选全文,2026-08-23
C-JP-RIETI-24-E-040,jp-rieti,"Research Institute of Economy, Trade and Industry (RIETI)",2024-03-01,月,24-E-040,"Technology Transfer, Emissions Trading, and International Trade",English Discussion Paper,English,"ISHIKAWA Jota (Faculty Fellow, RIETI) / KIYONO Kazuharu (Waseda University) / YOMOGIDA Morihiro (Sophia University)",https://www.rieti.go.jp/en/publications/summary/24030016.html,https://www.rieti.go.jp/jp/publications/dp/24e040.pdf,https://www.rieti.go.jp/en/publications/act_dp2023.html,核心,关键与新兴技术；产业创新与成果转化；国际合作与中国比较,否,轻量目录保留；按科技创新机制、中国比较和跨期增量精选全文,2026-08-23
C-JP-RIETI-24-E-041,jp-rieti,"Research Institute of Economy, Trade and Industry (RIETI)",2024-03-01,月,24-E-041,Impact of Technological Decoupling between the United States and China on Trade and Welfare,English Discussion Paper,English,"JINJI Naoto (Faculty Fellow, RIETI) / OZAWA Shunya (Kyoto University)",https://www.rieti.go.jp/en/publications/summary/24030017.html,https://www.rieti.go.jp/jp/publications/dp/24e041.pdf,https://www.rieti.go.jp/en/publications/act_dp2023.html,语境,关键与新兴技术；创新测量与政策方法；国际合作与中国比较,是,轻量目录保留；按科技创新机制、中国比较和跨期增量精选全文,2026-08-23
C-JP-RIETI-24-E-042,jp-rieti,"Research Institute of Economy, Trade and Industry (RIETI)",2024-03-01,月,24-E-042,The Welfare Effects of Government Intervention into the Licensing of Standard-essential Patents: An analysis of the Chinese smartphone and SoC markets,English Discussion Paper,English,WATANABE Mariko (Gakushuin University) / KUBO Kensuke (Keio University),https://www.rieti.go.jp/en/publications/summary/24030019.html,https://www.rieti.go.jp/jp/publications/dp/24e042.pdf,https://www.rieti.go.jp/en/publications/act_dp2023.html,核心,产业创新与成果转化；创新测量与政策方法；国际合作与中国比较,是,已进入跨机构中国科技创新机制定点全文；按本地原始资产、提取文本和科技创新切片调用,2026-08-23
C-JP-RIETI-24-J-011,jp-rieti,"Research Institute of Economy, Trade and Industry (RIETI)",2024-03-01,月,24-J-011,Use of Artificial Intelligence and Productivity of Japanese Firms and Workers,Japanese Discussion Paper,Japanese,"MORIKAWA Masayuki (President and CRO, RIETI)",https://www.rieti.go.jp/en/publications/summary/24030022.html,https://www.rieti.go.jp/jp/publications/dp/24j011.pdf,https://www.rieti.go.jp/en/publications/act_dp_jp2023.html,核心,关键与新兴技术；产业创新与成果转化；创新测量与政策方法,否,轻量目录保留；按科技创新机制、中国比较和跨期增量精选全文,2026-08-23
C-JP-RIETI-24-E-047,jp-rieti,"Research Institute of Economy, Trade and Industry (RIETI)",2024-04-01,月,24-E-047,Robots on Sale: The effect of tax policy on robot adoption and employment,English Discussion Paper,English,"ADACHI Daisuke (Fellow (Specially Appointed), RIETI) / KAWAGUCHI Daiji (Faculty Fellow, RIETI) / SAITO Yukiko (Senior Fellow (Specially Appointed), RIETI)",https://www.rieti.go.jp/en/publications/summary/24040004.html,https://www.rieti.go.jp/jp/publications/dp/24e047.pdf,https://www.rieti.go.jp/en/publications/act_dp2024.html,核心,关键与新兴技术,否,轻量目录保留；按科技创新机制、中国比较和跨期增量精选全文,2026-08-23
C-JP-RIETI-24-E-050,jp-rieti,"Research Institute of Economy, Trade and Industry (RIETI)",2024-04-01,月,24-E-050,Early Disclosure and Patent Value: How do you know that you are a pioneer?,English Discussion Paper,English,"KADOWAKI Makoto (Hitotsubashi Institute for Advanced Study) / NAGAOKA Sadao (Faculty Fellow, RIETI)",https://www.rieti.go.jp/en/publications/summary/24040007.html,https://www.rieti.go.jp/jp/publications/dp/24e050.pdf,https://www.rieti.go.jp/en/publications/act_dp2024.html,核心,产业创新与成果转化；创新测量与政策方法,否,轻量目录保留；按科技创新机制、中国比较和跨期增量精选全文,2026-08-23
C-JP-RIETI-24-E-052,jp-rieti,"Research Institute of Economy, Trade and Industry (RIETI)",2024-04-01,月,24-E-052,Multilateral Governance for the Digital Economy and Artificial Intelligence,English Discussion Paper,English,"Shiro ARMSTRONG (Non-Resident Fellow, RIETI) / Jacob TAYLOR (The Brookings Institution)",https://www.rieti.go.jp/en/publications/summary/24040011.html,https://www.rieti.go.jp/jp/publications/dp/24e052.pdf,https://www.rieti.go.jp/en/publications/act_dp2024.html,核心,关键与新兴技术,否,轻量目录保留；按科技创新机制、中国比较和跨期增量精选全文,2026-08-23
C-JP-RIETI-24-E-066,jp-rieti,"Research Institute of Economy, Trade and Industry (RIETI)",2024-07-01,月,24-E-066,Robots and Wage Polarization: The effects of robot capital by occupation,English Discussion Paper,English,"ADACHI Daisuke (Fellow (Specially Appointed), RIETI)",https://www.rieti.go.jp/en/publications/summary/24070007.html,https://www.rieti.go.jp/jp/publications/dp/24e066.pdf,https://www.rieti.go.jp/en/publications/act_dp2024.html,核心,关键与新兴技术,否,轻量目录保留；按科技创新机制、中国比较和跨期增量精选全文,2026-08-23
C-JP-RIETI-24-J-019,jp-rieti,"Research Institute of Economy, Trade and Industry (RIETI)",2024-07-01,月,24-J-019,Growth Factors of Japanese Startups: Resource-based view analysis,Japanese Discussion Paper,Japanese,"HAMAGUCHI Nobuaki (Faculty Fellow, RIETI) / João Carlos FERRAZ (Universidade Federal do Rio de Janeiro)",https://www.rieti.go.jp/en/publications/summary/24070002.html,https://www.rieti.go.jp/jp/publications/dp/24j019.pdf,https://www.rieti.go.jp/en/publications/act_dp_jp2024.html,核心,产业创新与成果转化,否,轻量目录保留；按科技创新机制、中国比较和跨期增量精选全文,2026-08-23
C-JP-RIETI-24-E-074,jp-rieti,"Research Institute of Economy, Trade and Industry (RIETI)",2024-10-01,月,24-E-074,Use of Artificial Intelligence and Productivity: Evidence from firm and worker surveys,English Discussion Paper,English,"MORIKAWA Masayuki (Distinguished Senior Fellow (specially appointed), RIETI)",https://www.rieti.go.jp/en/publications/summary/24100008.html,https://www.rieti.go.jp/jp/publications/dp/24e074.pdf,https://www.rieti.go.jp/en/publications/act_dp2024.html,核心,关键与新兴技术；产业创新与成果转化；创新测量与政策方法,否,轻量目录保留；按科技创新机制、中国比较和跨期增量精选全文,2026-08-23
C-JP-RIETI-24-E-075,jp-rieti,"Research Institute of Economy, Trade and Industry (RIETI)",2024-10-01,月,24-E-075,"Quantifying the Differences in Innovation Processes in China, Japan and the United States by Document Level Concordance between Patents and Web Contents",English Discussion Paper,English,"MOTOHASHI Kazuyuki (Faculty Fellow, RIETI) / ZHU Chen (University of Tokyo)",https://www.rieti.go.jp/en/publications/summary/24100009.html,https://www.rieti.go.jp/jp/publications/dp/24e075.pdf,https://www.rieti.go.jp/en/publications/act_dp2024.html,核心,产业创新与成果转化；创新测量与政策方法；国际合作与中国比较,是,已进入精选全文；按官方PDF、页面HTML、提取文本和科技创新切片调用,2026-08-23
C-JP-RIETI-24-J-022,jp-rieti,"Research Institute of Economy, Trade and Industry (RIETI)",2024-10-01,月,24-J-022,Empirical Analysis of the Gender Gap in Mathematics Proficiency and College Enrollment in Science and Engineering,Japanese Discussion Paper,Japanese,"SANO Shinpei (Kobe University) / YASUI Kengo (Aoyama Gakuin University) / TSURU Kotaro (Faculty Fellow, RIETI) / KUME Koichi (Toyo University)",https://www.rieti.go.jp/en/publications/summary/24100002.html,https://www.rieti.go.jp/jp/publications/dp/24j022.pdf,https://www.rieti.go.jp/en/publications/act_dp_jp2024.html,核心,科学体系与科研能力,否,轻量目录保留；按科技创新机制、中国比较和跨期增量精选全文,2026-08-23
C-JP-RIETI-24-J-027,jp-rieti,"Research Institute of Economy, Trade and Industry (RIETI)",2024-11-01,月,24-J-027,The Impact of Interviews in Patent Examination,Japanese Discussion Paper,Japanese,"YAMAUCHI Isamu (Research Associate, RIETI)",https://www.rieti.go.jp/en/publications/summary/24110002.html,https://www.rieti.go.jp/jp/publications/dp/24j027.pdf,https://www.rieti.go.jp/en/publications/act_dp_jp2024.html,核心,产业创新与成果转化；创新测量与政策方法,否,轻量目录保留；按科技创新机制、中国比较和跨期增量精选全文,2026-08-23
C-JP-RIETI-24-E-084,jp-rieti,"Research Institute of Economy, Trade and Industry (RIETI)",2024-12-01,月,24-E-084,Macroeconomic Impact of Artificial Intelligence on Productivity: An estimate from a survey,English Discussion Paper,English,"MORIKAWA Masayuki (Distinguished Senior Fellow (specially appointed), RIETI)",https://www.rieti.go.jp/en/publications/summary/24120016.html,https://www.rieti.go.jp/jp/publications/dp/24e084.pdf,https://www.rieti.go.jp/en/publications/act_dp2024.html,核心,关键与新兴技术；产业创新与成果转化；创新测量与政策方法,否,轻量目录保留；按科技创新机制、中国比较和跨期增量精选全文,2026-08-23
C-JP-RIETI-24-E-085,jp-rieti,"Research Institute of Economy, Trade and Industry (RIETI)",2024-12-01,月,24-E-085,Verification of Elemental Technologies for Anomaly Detection in Crypto Asset Transactions,English Discussion Paper,English,"IKEDA Yuichi (Kyoto University) / AOYAMA Hideaki (Faculty Fellow, RIETI) / HATSUDA Tetsuo (RIKEN) / HIDAKA Yoshimasa (Kyoto University) / SHIRAI Tomoyuki (Kyushu University) / SOUMA Wataru (Rissho University) / IYETOMI Hiroshi (Rissho University) / Abhijit CHAKRABORTY (Indian Institutes of Science Education and Research / RIKEN) / FUJIHARA Akihiro (Chiba Institute of Technology) / NAKAYAMA Yasushi (SBI Financial and Economic Research Institute Co. Ltd) / ARAI Yuta (Reitaku University) / Krongtum SANKAEWTONG (Kyoto University)",https://www.rieti.go.jp/en/publications/summary/24120018.html,https://www.rieti.go.jp/jp/publications/dp/24e085.pdf,https://www.rieti.go.jp/en/publications/act_dp2024.html,核心,关键与新兴技术,否,轻量目录保留；按科技创新机制、中国比较和跨期增量精选全文,2026-08-23
C-JP-RIETI-24-J-033,jp-rieti,"Research Institute of Economy, Trade and Industry (RIETI)",2024-12-01,月,24-J-033,Macroeconomic Impact of Artificial Intelligence and Robots on Productivity: An estimate from a survey,Japanese Discussion Paper,Japanese,"MORIKAWA Masayuki (Distinguished Senior Fellow (specially appointed), RIETI)",https://www.rieti.go.jp/en/publications/summary/24120014.html,https://www.rieti.go.jp/jp/publications/dp/24j033.pdf,https://www.rieti.go.jp/en/publications/act_dp_jp2024.html,核心,关键与新兴技术；产业创新与成果转化；创新测量与政策方法,否,轻量目录保留；按科技创新机制、中国比较和跨期增量精选全文,2026-08-23
C-JP-RIETI-25-E-005,jp-rieti,"Research Institute of Economy, Trade and Industry (RIETI)",2025-01-01,月,25-E-005,Science Parks in Taiwan and Their Value-adding Contributions,English Discussion Paper,English,FUKUGAWA Nobuya (Tohoku University) / CHANG Kuo-I (National Chung-Hsing University),https://www.rieti.go.jp/en/publications/summary/25010010.html,https://www.rieti.go.jp/jp/publications/dp/25e005.pdf,https://www.rieti.go.jp/en/publications/act_dp2024.html,核心,科学体系与科研能力；国际合作与中国比较,否,轻量目录保留；按科技创新机制、中国比较和跨期增量精选全文,2026-08-23
C-JP-RIETI-25-E-007,jp-rieti,"Research Institute of Economy, Trade and Industry (RIETI)",2025-01-01,月,25-E-007,Multinational Firm Innovation and Affiliate Sourcing Decisions,English Discussion Paper,English,"Eric BOND (Vanderbilt University) / HOANG Trang (Federal Reserve Board of Governors) / MA Yan (Kobe University) / MAKIOKA Ryo (Research Associate, RIETI)",https://www.rieti.go.jp/en/publications/summary/25010013.html,https://www.rieti.go.jp/jp/publications/dp/25e007.pdf,https://www.rieti.go.jp/en/publications/act_dp2024.html,核心,产业创新与成果转化,否,轻量目录保留；按科技创新机制、中国比较和跨期增量精选全文,2026-08-23
C-JP-RIETI-25-J-001,jp-rieti,"Research Institute of Economy, Trade and Industry (RIETI)",2025-01-01,月,25-J-001,"U.S. Semiconductor Export Restrictions on China and the Scope of the WTO Security Exception: “Small yard, high fence” or “as large of a lead as possible”?",Japanese Discussion Paper,Japanese,"KAWASE Tsuyoshi (Faculty Fellow, RIETI)",https://www.rieti.go.jp/en/publications/summary/25010015.html,https://www.rieti.go.jp/jp/publications/dp/25j001.pdf,https://www.rieti.go.jp/en/publications/act_dp_jp2024.html,语境,关键与新兴技术；国际合作与中国比较,是,轻量目录保留；按科技创新机制、中国比较和跨期增量精选全文,2026-08-23
C-JP-RIETI-25-E-011,jp-rieti,"Research Institute of Economy, Trade and Industry (RIETI)",2025-02-01,月,25-E-011,"Residential Solar PV and Electricity Consumption: Pro-environmental behaviors, technology adoption, and pathways to a low-carbon society",English Discussion Paper,English,"NAKAISHI Tomoaki (Kyushu University) / YOO Sunbin (Kyushu University) / KUMAGAI Junya (Fukuoka University) / MANAGI Shunsuke (Faculty Fellow, RIETI)",https://www.rieti.go.jp/en/publications/summary/25020002.html,https://www.rieti.go.jp/jp/publications/dp/25e011.pdf,https://www.rieti.go.jp/en/publications/act_dp2024.html,核心,关键与新兴技术,否,轻量目录保留；按科技创新机制、中国比较和跨期增量精选全文,2026-08-23
C-JP-RIETI-25-E-020,jp-rieti,"Research Institute of Economy, Trade and Industry (RIETI)",2025-02-01,月,25-E-020,"Import Competition, Product Switching, and R&D Activities",English Discussion Paper,English,"MATSUURA Toshiyuki (Faculty Fellow, RIETI) / SAITO Hisamitsu (Hokkaido University)",https://www.rieti.go.jp/en/publications/summary/25020016.html,https://www.rieti.go.jp/jp/publications/dp/25e020.pdf,https://www.rieti.go.jp/en/publications/act_dp2024.html,核心,研发投入与创新政策,否,轻量目录保留；按科技创新机制、中国比较和跨期增量精选全文,2026-08-23
C-JP-RIETI-25-J-005,jp-rieti,"Research Institute of Economy, Trade and Industry (RIETI)",2025-02-01,月,25-J-005,An Equilibrium Point between Regulations and Innovation Found in the Chinese Regulation of Generative Artificial Intelligence: A study towards grasping China’s AI strategy,Japanese Discussion Paper,Japanese,KAWASHIMA Fujio (Kobe University),https://www.rieti.go.jp/en/publications/summary/25020007.html,https://www.rieti.go.jp/jp/publications/dp/25j005.pdf,https://www.rieti.go.jp/en/publications/act_dp_jp2024.html,核心,关键与新兴技术；产业创新与成果转化；国际合作与中国比较,是,已进入精选全文；按官方PDF、页面HTML、提取文本和科技创新切片调用,2026-08-23
C-JP-RIETI-25-E-023,jp-rieti,"Research Institute of Economy, Trade and Industry (RIETI)",2025-03-01,月,25-E-023,CEO Age and Technology Adoption: Network effects in e-commerce propagation in Japan,English Discussion Paper,English,"KAWAGUCHI Daiji (Faculty Fellow, RIETI) / KITAO Sagiri (Senior Fellow (Specially Appointed), RIETI) / NOSE Manabu (The International Monetary Fund)",https://www.rieti.go.jp/en/publications/summary/25030005.html,https://www.rieti.go.jp/jp/publications/dp/25e023.pdf,https://www.rieti.go.jp/en/publications/act_dp2024.html,核心,关键与新兴技术,否,轻量目录保留；按科技创新机制、中国比较和跨期增量精选全文,2026-08-23
C-JP-RIETI-25-E-027,jp-rieti,"Research Institute of Economy, Trade and Industry (RIETI)",2025-03-01,月,25-E-027,"Capital Investment, Technology Switching and Production after a Natural Disaster",English Discussion Paper,English,FUKAI Taiyo (Gakushuin University) / OIKAWA Masato (Waseda University) / TORIYABE Takahiro (Hitotsubashi University),https://www.rieti.go.jp/en/publications/summary/25030009.html,https://www.rieti.go.jp/jp/publications/dp/25e027.pdf,https://www.rieti.go.jp/en/publications/act_dp2024.html,核心,关键与新兴技术,否,轻量目录保留；按科技创新机制、中国比较和跨期增量精选全文,2026-08-23
C-JP-RIETI-25-E-044,jp-rieti,"Research Institute of Economy, Trade and Industry (RIETI)",2025-05-01,月,25-E-044,University Intermediation and Regional Agglomeration in Academic Entrepreneurship: Evidence from panel data in Japan,English Discussion Paper,English,FUKUGAWA Nobuya (Tohoku University),https://www.rieti.go.jp/en/publications/summary/25050004.html,https://www.rieti.go.jp/jp/publications/dp/25e044.pdf,https://www.rieti.go.jp/en/publications/act_dp2025.html,核心,科学体系与科研能力；关键与新兴技术；产业创新与成果转化；创新测量与政策方法,否,轻量目录保留；按科技创新机制、中国比较和跨期增量精选全文,2026-08-23
C-JP-RIETI-25-E-051,jp-rieti,"Research Institute of Economy, Trade and Industry (RIETI)",2025-05-01,月,25-E-051,Bank–firm Relationships and Innovation Outcomes: Evidence from Categories and Quality,English Discussion Paper,English,NISHIMURA Yoichiro (Chuo University) / SUZUKI Katsushi (Gakushuin University),https://www.rieti.go.jp/en/publications/summary/25050015.html,https://www.rieti.go.jp/jp/publications/dp/25e051.pdf,https://www.rieti.go.jp/en/publications/act_dp2025.html,核心,产业创新与成果转化；创新测量与政策方法,否,轻量目录保留；按科技创新机制、中国比较和跨期增量精选全文,2026-08-23
C-JP-RIETI-25-J-012,jp-rieti,"Research Institute of Economy, Trade and Industry (RIETI)",2025-05-01,月,25-J-012,"International Comparison of Entrepreneurial Intention: Comparative survey of Japan, the UK and South Korea",Japanese Discussion Paper,Japanese,"YOSHIDA Yukiko (Kyoto University) / HONJO Yuji (Faculty Fellow, RIETI)",https://www.rieti.go.jp/en/publications/summary/25050013.html,https://www.rieti.go.jp/jp/publications/dp/25j012.pdf,https://www.rieti.go.jp/en/publications/act_dp_jp2025.html,核心,产业创新与成果转化；国际合作与中国比较,否,轻量目录保留；按科技创新机制、中国比较和跨期增量精选全文,2026-08-23
C-JP-RIETI-25-E-064,jp-rieti,"Research Institute of Economy, Trade and Industry (RIETI)",2025-07-01,月,25-E-064,"Technology Extension Services, Intangible Capital, and SME Productivity before and during the COVID-19 Pandemic",English Discussion Paper,English,FUKUGAWA Nobuya (Tohoku University),https://www.rieti.go.jp/en/publications/summary/25070001.html,https://www.rieti.go.jp/jp/publications/dp/25e064.pdf,https://www.rieti.go.jp/en/publications/act_dp2025.html,核心,关键与新兴技术；产业创新与成果转化；创新测量与政策方法,否,轻量目录保留；按科技创新机制、中国比较和跨期增量精选全文,2026-08-23
C-JP-RIETI-25-J-016,jp-rieti,"Research Institute of Economy, Trade and Industry (RIETI)",2025-07-01,月,25-J-016,Growth Factors of Digital Investment ― Addressing the Japan-U.S. productivity gap in the AI era ―,Japanese Discussion Paper,Japanese,"OIWA Hiroyuki (Ministry of Economy, Trade and Industry)",https://www.rieti.go.jp/en/publications/summary/25070007.html,https://www.rieti.go.jp/jp/publications/dp/25j016.pdf,https://www.rieti.go.jp/en/publications/act_dp_jp2025.html,核心,关键与新兴技术；产业创新与成果转化；创新测量与政策方法,否,轻量目录保留；按科技创新机制、中国比较和跨期增量精选全文,2026-08-23
C-JP-RIETI-25-E-089,jp-rieti,"Research Institute of Economy, Trade and Industry (RIETI)",2025-09-01,月,25-E-089,Do Corporate Scientists Contribute to Firm Innovation? Empirical analysis by using linked dataset of research papers and patents in Japanese firms,English Discussion Paper,English,"MOTOHASHI Kazuyuki (Faculty Fellow, RIETI) / TSUKADA Naotoshi (Research Associate, RIETI) / IKEUCHI Kenta (Senior Fellow (Policy Economist), RIETI)",https://www.rieti.go.jp/en/publications/summary/25090013.html,https://www.rieti.go.jp/jp/publications/dp/25e089.pdf,https://www.rieti.go.jp/en/publications/act_dp2025.html,核心,关键与新兴技术；产业创新与成果转化；科技人才与技能；创新测量与政策方法,否,已进入精选全文；按官方PDF、页面HTML、提取文本和科技创新切片调用,2026-08-23
C-JP-RIETI-25-E-092,jp-rieti,"Research Institute of Economy, Trade and Industry (RIETI)",2025-09-01,月,25-E-092,US-Japanese Knowledge Transfer Program in the Aftermath of WWII,English Discussion Paper,English,"Michela GIORCELLI (University of California) / HIGUCHI Yuki (Sophia University) / TAKAYASU Yutaro (University of Tokyo) / TANAKA Mari (Faculty Fellow, RIETI)",https://www.rieti.go.jp/en/publications/summary/25090020.html,https://www.rieti.go.jp/jp/publications/dp/25e092.pdf,https://www.rieti.go.jp/en/publications/act_dp2025.html,核心,产业创新与成果转化,否,轻量目录保留；按科技创新机制、中国比较和跨期增量精选全文,2026-08-23
C-JP-RIETI-25-E-093,jp-rieti,"Research Institute of Economy, Trade and Industry (RIETI)",2025-09-01,月,25-E-093,The Impact of Military Technology Development on Innovation: Evidence from prewar and wartime Japanese secret patents,English Discussion Paper,English,"KOTANI Atsuki (University of Tokyo) / NAKAJIMA Kentaro (Faculty Fellow, RIETI) / OKAZAKI Tetsuji (Faculty Fellow, RIETI) / SAITO Yukiko (Senior Fellow (Specially Appointed), RIETI)",https://www.rieti.go.jp/en/publications/summary/25090021.html,https://www.rieti.go.jp/jp/publications/dp/25e093.pdf,https://www.rieti.go.jp/en/publications/act_dp2025.html,核心,关键与新兴技术；产业创新与成果转化；创新测量与政策方法,否,轻量目录保留；按科技创新机制、中国比较和跨期增量精选全文,2026-08-23
C-JP-RIETI-25-E-097,jp-rieti,"Research Institute of Economy, Trade and Industry (RIETI)",2025-10-01,月,25-E-097,Patent Information Disclosure and Market Reactions: Empirical investigation by using text-based novelty and impact indicators,English Discussion Paper,English,"DANG Jianwei (Tongji University) / MOTOHASHI Kazuyuki (Faculty Fellow, RIETI) / ZHAO Quihan (University of Tokyo)",https://www.rieti.go.jp/en/publications/summary/25100002.html,https://www.rieti.go.jp/jp/publications/dp/25e097.pdf,https://www.rieti.go.jp/en/publications/act_dp2025.html,核心,产业创新与成果转化；创新测量与政策方法,否,轻量目录保留；按科技创新机制、中国比较和跨期增量精选全文,2026-08-23
C-JP-RIETI-25-J-025,jp-rieti,"Research Institute of Economy, Trade and Industry (RIETI)",2025-10-01,月,25-J-025,Empirical Analysis of AI Use and Iits Business Impact Focusing on the Role of Complementary Assets,Japanese Discussion Paper,Japanese,"KIM Younggak (Senshu University) / MOTOHASHI Kazuyuki (Faculty Fellow, RIETI)",https://www.rieti.go.jp/en/publications/summary/25100003.html,https://www.rieti.go.jp/jp/publications/dp/25j025.pdf,https://www.rieti.go.jp/en/publications/act_dp_jp2025.html,核心,关键与新兴技术；创新测量与政策方法,否,轻量目录保留；按科技创新机制、中国比较和跨期增量精选全文,2026-08-23
C-JP-RIETI-25-J-026,jp-rieti,"Research Institute of Economy, Trade and Industry (RIETI)",2025-10-01,月,25-J-026,AI and Robotics Technology and Changes in Production Structure: A formulation using the production function,Japanese Discussion Paper,Japanese,"FUKAO Kyoji (Chairman, RIETI) / MATSUO Takemasa (Consulting Fellow, RIETI) / YOSHINO Akihiro (Consulting Fellow, RIETI)",https://www.rieti.go.jp/en/publications/summary/25100004.html,https://www.rieti.go.jp/jp/publications/dp/25j026.pdf,https://www.rieti.go.jp/en/publications/act_dp_jp2025.html,核心,关键与新兴技术,否,轻量目录保留；按科技创新机制、中国比较和跨期增量精选全文,2026-08-23
C-JP-RIETI-25-E-113,jp-rieti,"Research Institute of Economy, Trade and Industry (RIETI)",2025-12-01,月,25-E-113,Artificial Intelligence for Detecting Price Surges Based on Network Features of Crypto Asset Transactions,English Discussion Paper,English,"IKEDA Yuichi (Kyoto University) / AOYAMA Hideaki (Faculty Fellow, RIETI) / HATSUDA Tetsuo (RIKEN) / SHIRAI Tomoyuki (Kyushu University) / HASUI Taro (Kyushu University) / HIDAKA Yoshimasa (Kyoto University) / Krongtum SANKAEWTONG (Kyoto University) / IYETOMI Hiroshi (Rissho University) / YARAI Yuta (Reitaku University) / Abhijit CHAKRABORTY (Indian Institutes of Science Education and Research Tirupati) / NAKAYAMA Yasushi (SBI Financial and Economic Research Institute Co. Ltd.) / FUJIHARA Akihiro (Chiba Institute of Technology) / Pierluigi CESANA (Kyushu University) / SOUMA Wataru (Rissho University)",https://www.rieti.go.jp/en/publications/summary/25120004.html,https://www.rieti.go.jp/jp/publications/dp/25e113.pdf,https://www.rieti.go.jp/en/publications/act_dp2025.html,核心,关键与新兴技术,否,轻量目录保留；按科技创新机制、中国比较和跨期增量精选全文,2026-08-23
C-JP-RIETI-25-E-116,jp-rieti,"Research Institute of Economy, Trade and Industry (RIETI)",2025-12-01,月,25-E-116,"Chips in Japan: Industrial policy, decline and renewal",English Discussion Paper,English,"Joseph NEGRINE (The Australian National University) / Christopher FINDLAY (The Australian National University) / Shiro ARMSTRONG (Non-Resident Fellow, RIETI)",https://www.rieti.go.jp/en/publications/summary/25120009.html,https://www.rieti.go.jp/jp/publications/dp/25e116.pdf,https://www.rieti.go.jp/en/publications/act_dp2025.html,核心,研发投入与创新政策；关键与新兴技术；产业创新与成果转化,否,轻量目录保留；按科技创新机制、中国比较和跨期增量精选全文,2026-08-23
C-JP-RIETI-25-E-124,jp-rieti,"Research Institute of Economy, Trade and Industry (RIETI)",2025-12-01,月,25-E-124,Does R&D for Environmental Improvements Increase Firm Value? Evidence from Japanese manufacturing firm level data,English Discussion Paper,English,"EDAMURA Kazuma (Kanagawa University) / MIYAGAWA Tsutomu (Faculty Fellow, RIETI)",https://www.rieti.go.jp/en/publications/summary/25120020.html,https://www.rieti.go.jp/jp/publications/dp/25e124.pdf,https://www.rieti.go.jp/en/publications/act_dp2025.html,核心,研发投入与创新政策；关键与新兴技术；产业创新与成果转化；创新测量与政策方法,否,轻量目录保留；按科技创新机制、中国比较和跨期增量精选全文,2026-08-23
C-JP-RIETI-25-E-125,jp-rieti,"Research Institute of Economy, Trade and Industry (RIETI)",2025-12-01,月,25-E-125,The Productivity Effects of Cross-border Data Flows: Evidence from Japanese firm-level data,English Discussion Paper,English,"ITO Banri (Research Associate, RIETI) / TOMIURA Eiichi (President and Chief Research Officer, RIETI)",https://www.rieti.go.jp/en/publications/summary/25120021.html,https://www.rieti.go.jp/jp/publications/dp/25e125.pdf,https://www.rieti.go.jp/en/publications/act_dp2025.html,核心,关键与新兴技术；产业创新与成果转化；创新测量与政策方法；国际合作与中国比较,否,轻量目录保留；按科技创新机制、中国比较和跨期增量精选全文,2026-08-23
C-JP-RIETI-25-E-127,jp-rieti,"Research Institute of Economy, Trade and Industry (RIETI)",2025-12-01,月,25-E-127,R&D Spillovers through Buyer-supplier Networks,English Discussion Paper,English,Matěj BAJGAR (CERGE-EI / Charles University) / ITO Keiko (Chiba University) / Jonathan TIMMIS (World Bank),https://www.rieti.go.jp/en/publications/summary/25120023.html,https://www.rieti.go.jp/jp/publications/dp/25e127.pdf,https://www.rieti.go.jp/en/publications/act_dp2025.html,核心,研发投入与创新政策,否,轻量目录保留；按科技创新机制、中国比较和跨期增量精选全文,2026-08-23
C-JP-RIETI-26-E-010,jp-rieti,"Research Institute of Economy, Trade and Industry (RIETI)",2026-02-01,月,26-E-010,Is Speedy Start-up Always Better? The role of entrepreneurs’ prior experience,English Discussion Paper,English,KATO Masatoshi (Kwansei Gakuin University),https://www.rieti.go.jp/en/publications/summary/26020001.html,https://www.rieti.go.jp/jp/publications/dp/26e010.pdf,https://www.rieti.go.jp/en/publications/act_dp2025.html,核心,产业创新与成果转化,否,轻量目录保留；按科技创新机制、中国比较和跨期增量精选全文,2026-08-23
C-JP-RIETI-26-E-013,jp-rieti,"Research Institute of Economy, Trade and Industry (RIETI)",2026-02-01,月,26-E-013,AI Data Centers and Electricity Demand: Taming the energy guzzlers,English Discussion Paper,English,"Willem THORBECKE (Senior Fellow, RIETI)",https://www.rieti.go.jp/en/publications/summary/26020007.html,https://www.rieti.go.jp/jp/publications/dp/26e013.pdf,https://www.rieti.go.jp/en/publications/act_dp2025.html,核心,关键与新兴技术,否,轻量目录保留；按科技创新机制、中国比较和跨期增量精选全文,2026-08-23
C-JP-RIETI-26-J-007,jp-rieti,"Research Institute of Economy, Trade and Industry (RIETI)",2026-02-01,月,26-J-007,Sources and Impacts of Uncertainty and Firms’ Responses in Japanese Manufacturing: Evidence from the firm survey on uncertainty and the digital economy,Japanese Discussion Paper,Japanese,"OKUBO Toshihiro (Faculty Fellow, RIETI) / MIKAWA Naoto (Keio University)",https://www.rieti.go.jp/en/publications/summary/26020004.html,https://www.rieti.go.jp/jp/publications/dp/26j007.pdf,https://www.rieti.go.jp/en/publications/act_dp_jp2025.html,支撑,关键与新兴技术；产业创新与成果转化；创新测量与政策方法,否,轻量目录保留；按科技创新机制、中国比较和跨期增量精选全文,2026-08-23
C-JP-RIETI-26-E-021,jp-rieti,"Research Institute of Economy, Trade and Industry (RIETI)",2026-03-01,月,26-E-021,Design Right Commercialization by Public Technology Transfer Organizations: Disseminating design knowledge in regional innovation systems,English Discussion Paper,English,FUKUGAWA Nobuya (Tohoku University),https://www.rieti.go.jp/en/publications/summary/26030004.html,https://www.rieti.go.jp/jp/publications/dp/26e021.pdf,https://www.rieti.go.jp/en/publications/act_dp2025.html,核心,关键与新兴技术；产业创新与成果转化,否,已进入精选全文；按官方PDF、页面HTML、提取文本和科技创新切片调用,2026-08-23
C-JP-RIETI-26-J-018,jp-rieti,"Research Institute of Economy, Trade and Industry (RIETI)",2026-03-01,月,26-J-018,Early Adoption of Generative AI among SMEs: Industry-level analysis using cloud accounting data,Japanese Discussion Paper,Japanese,"KONISHI Yoko (Senior Fellow (Specially Appointed), RIETI) / KUBO Takashi (Money Forward Institute of Economic Research)",https://www.rieti.go.jp/en/publications/summary/26030016.html,https://www.rieti.go.jp/jp/publications/dp/26j018.pdf,https://www.rieti.go.jp/en/publications/act_dp_jp2025.html,核心,关键与新兴技术；产业创新与成果转化,否,轻量目录保留；按科技创新机制、中国比较和跨期增量精选全文,2026-08-23
