报告ID,WordPress_ID,发布日期,观察窗,材料类型,报告名称,资料角色,主题标签,筛选依据,官方摘要,官方落地页,官方PDF,本地原始资产,本地文本,本地切片或转写,字节数,SHA256,PDF页数,提取文本字符数,本地状态,错误,获取日期
C-CSET-573,573,2019-06-07,W2,涉华科技政策证词,Helen Toner’s Testimony Before the U.S.-China Economic and Security Review Commission,作者政策证词,人工智能与算力；军民融合与国防科技,China主题下的科技政策证词,"CSET Director of Strategy Helen Toner testified before the U.S.-China Economic and Security Review Commission at a hearing on “Technology, Trade, and Military-Civil Fusion: China’s Pursuit of Artificial Intelligence, New Materials, and New Energy.”",https://cset.georgetown.edu/publication/technology-trade-and-military-civil-fusion-chinas-pursuit-of-artificial-intelligence/,https://cset.georgetown.edu/wp-content/uploads/Toner-USCC-Testimony-6.7.19.pdf,C:\Users\WINDOWS\OneDrive\知识库\智库信息爬虫\国际主要科技智库观点演变_研判\03_证据底稿\原文PDF\C-CSET-573.pdf,C:\Users\WINDOWS\OneDrive\知识库\智库信息爬虫\国际主要科技智库观点演变_研判\03_证据底稿\文本\C-CSET-573.txt,C:\Users\WINDOWS\OneDrive\知识库\智库信息爬虫\国际主要科技智库观点演变_研判\03_证据底稿\切片\C-CSET-573.md,368203,3f1a0f62bcecc457c29dda9c848660e43472eabf7f969f50336ba590cb791799,10,28950,官方PDF已保存并校验,,2026-08-22
C-CSET-3629,3629,2019-06-07,W2,涉华科技政策证词,Jeff Ding’s Testimony Before the U.S.-China Economic and Security Review Commission,作者政策证词,人工智能与算力；军民融合与国防科技,China主题下的科技政策证词,"Jeff Ding testified before the U.S.-China Economic and Security Review Commission for its hearing on “Technology, Trade, and Military-Civil Fusion: China’s Pursuit of Artificial Intelligence, New Materials, and New Energy.”",https://cset.georgetown.edu/publication/chinas-current-capabilities-policies-and-industrial-ecosystem-in-ai/,https://cset.georgetown.edu/wp-content/uploads/Chinas-Capabilities-Policies-and-Industrial-Ecosystem-in-AI.pdf,C:\Users\WINDOWS\OneDrive\知识库\智库信息爬虫\国际主要科技智库观点演变_研判\03_证据底稿\原文PDF\C-CSET-3629.pdf,C:\Users\WINDOWS\OneDrive\知识库\智库信息爬虫\国际主要科技智库观点演变_研判\03_证据底稿\文本\C-CSET-3629.txt,C:\Users\WINDOWS\OneDrive\知识库\智库信息爬虫\国际主要科技智库观点演变_研判\03_证据底稿\切片\C-CSET-3629.md,528609,9b8bc17e01db615614b86912e00f9ce0c7b4e23dddd0ac629fb21f6d72b7b163,10,31031,官方PDF已保存并校验,,2026-08-22
C-CSET-527,527,2019-09-15,W2,CSET原创研究报告,China’s Access to Foreign AI Technology,作者/项目正式研究,人工智能与算力；技术转移与出口管制,正式报告涉华科技关键词命中,"China is broadening its deeply rooted technology transfer practices to include artificial intelligence. As these efforts bear fruit, we discuss how the United States can and should respond.",https://cset.georgetown.edu/publication/chinas-access-to-foreign-ai-technology/,https://cset.georgetown.edu/wp-content/uploads/CSET_China_Access_To_Foreign_AI_Technology-1.pdf,C:\Users\WINDOWS\OneDrive\知识库\智库信息爬虫\国际主要科技智库观点演变_研判\03_证据底稿\原文PDF\C-CSET-527.pdf,C:\Users\WINDOWS\OneDrive\知识库\智库信息爬虫\国际主要科技智库观点演变_研判\03_证据底稿\文本\C-CSET-527.txt,C:\Users\WINDOWS\OneDrive\知识库\智库信息爬虫\国际主要科技智库观点演变_研判\03_证据底稿\切片\C-CSET-527.md,890996,cd1fcdecce94baeecbdacfc125720b88ef5b0bf26586229c2175414e7a9e4a37,44,76398,官方PDF已保存并校验,,2026-08-22
C-CSET-530,530,2019-09-20,W2,中国科技政策英译,Ministry of Science and Technology Notice on the Publication of the Guidance on National New Generation Artificial Intelligence Open Innovation Platform Construction Work,翻译材料，不代表机构观点,人工智能与算力；军民融合与国防科技；国家创新体系与产业政策,China主题下的科技政策英译,Translation of the full text of a Chinese government notice giving Chinese companies guidelines on how to build “open innovation platforms” for developing AI technology.,https://cset.georgetown.edu/publication/ministry-of-science-and-technology-notice-on-the-publication-of-the-guidance-on-national-new-generation-artificial-intelligence-open-innovation-platform-construction-work/,https://cset.georgetown.edu/wp-content/uploads/Ministry-and-Science-and-Technology-Notice-on-Publication-of-Guidance-1.pdf,C:\Users\WINDOWS\OneDrive\知识库\智库信息爬虫\国际主要科技智库观点演变_研判\03_证据底稿\原文PDF\C-CSET-530.pdf,C:\Users\WINDOWS\OneDrive\知识库\智库信息爬虫\国际主要科技智库观点演变_研判\03_证据底稿\文本\C-CSET-530.txt,C:\Users\WINDOWS\OneDrive\知识库\智库信息爬虫\国际主要科技智库观点演变_研判\03_证据底稿\切片\C-CSET-530.md,467112,1283e294969a192ba3278175d7edd6b0375dc2db1f562e189a804ab5472f1182,6,17866,官方PDF已保存并校验,,2026-08-22
C-CSET-540,540,2019-09-30,W2,中国科技政策英译,Project to Strengthen Development of the Defense Technology Industry at the Grassroots Level: Guidelines for Basic Research and Cutting-Edge Technology Projects (2018),翻译材料，不代表机构观点,军民融合与国防科技；国家创新体系与产业政策,China主题下的科技政策英译,"See our translation of a document issued by China’s State Administration of Science, Technology and Industry for National Defence (SASTIND) that identifies several emerging technologies of interest to the Chinese military.",https://cset.georgetown.edu/publication/project-to-strengthen-development-of-the-defense-technology-industry-at-the-grassroots-level-guidelines-for-basic-research-and-cutting-edge-technology-projects-2018/,https://cset.georgetown.edu/wp-content/uploads/t0023_defense_ST_project_guide_EN-1.pdf,C:\Users\WINDOWS\OneDrive\知识库\智库信息爬虫\国际主要科技智库观点演变_研判\03_证据底稿\原文PDF\C-CSET-540.pdf,C:\Users\WINDOWS\OneDrive\知识库\智库信息爬虫\国际主要科技智库观点演变_研判\03_证据底稿\文本\C-CSET-540.txt,C:\Users\WINDOWS\OneDrive\知识库\智库信息爬虫\国际主要科技智库观点演变_研判\03_证据底稿\切片\C-CSET-540.md,506276,fff85e149ca9b499d831572a78bb5b1eeb8bd175426763385104115631dcb3ae,6,16433,官方PDF已保存并校验,,2026-08-22
C-CSET-548,548,2019-10-14,W2,中国科技政策英译,Tianjin Municipal Action Plan for Military-Civil Fusion Special Projects in Intelligent Technology,翻译材料，不代表机构观点,军民融合与国防科技,China主题下的科技政策英译,See our translation of one of the most detailed local government plans for “military-civil fusion.” It provides insight into local efforts to steer the development of emerging technologies in directions that fulfill PLA requirements.,https://cset.georgetown.edu/publication/tianjin-municipal-action-plan-for-military-civil-fusion-special-projects-in-intelligent-technology/,https://cset.georgetown.edu/wp-content/uploads/t0033_Tianjin_mil_civil_fusion_EN.pdf,C:\Users\WINDOWS\OneDrive\知识库\智库信息爬虫\国际主要科技智库观点演变_研判\03_证据底稿\原文PDF\C-CSET-548.pdf,C:\Users\WINDOWS\OneDrive\知识库\智库信息爬虫\国际主要科技智库观点演变_研判\03_证据底稿\文本\C-CSET-548.txt,C:\Users\WINDOWS\OneDrive\知识库\智库信息爬虫\国际主要科技智库观点演变_研判\03_证据底稿\切片\C-CSET-548.md,546824,509a3d3e3bbbe69c234422a418d4410c494b76ed7b89f96aa322e7382654a886,9,28734,官方PDF已保存并校验,,2026-08-22
C-CSET-552,552,2019-11-08,W2,中国科技政策英译,Sensitive Science and Technology Protection Bill,翻译材料，不代表机构观点,国家创新体系与产业政策,China主题下的科技政策英译,See our translation of a bill proposed in Taiwan’s parliament that provides for up to seven years in prison or a $1 million fine for leaks of sensitive technology. The bill aims to counter Chinese industrial espionage and reassure U.S. firms that they can conduct R&D in Taiwan without fear of their proprietary technology being disclosed to Chinese competitors.,https://cset.georgetown.edu/publication/sensitive-science-and-technology-protection-bill/,https://cset.georgetown.edu/wp-content/uploads/t0049_Taiwan_tech_protection_bill_EN.pdf,C:\Users\WINDOWS\OneDrive\知识库\智库信息爬虫\国际主要科技智库观点演变_研判\03_证据底稿\原文PDF\C-CSET-552.pdf,C:\Users\WINDOWS\OneDrive\知识库\智库信息爬虫\国际主要科技智库观点演变_研判\03_证据底稿\文本\C-CSET-552.txt,C:\Users\WINDOWS\OneDrive\知识库\智库信息爬虫\国际主要科技智库观点演变_研判\03_证据底稿\切片\C-CSET-552.md,515288,8733e6416011223f5473a19a7c697e903028305625c970b3405efe50c3dde971,9,25032,官方PDF已保存并校验,,2026-08-22
C-CSET-554,554,2019-11-14,W2,中国科技政策英译,AI Innovation Action Plan for Institutions of Higher Education,翻译材料，不代表机构观点,人工智能与算力；科技人才与科研安全；军民融合与国防科技；国家创新体系与产业政策,China主题下的科技政策英译,See our translation of a Ministry of Education plan issued in April 2018. The plan lays out objectives designed to significantly enhance China’s cadre of AI talent and its university AI curricula by 2030.,https://cset.georgetown.edu/publication/ai-innovation-action-plan-for-institutions-of-higher-education/,https://cset.georgetown.edu/wp-content/uploads/t0073_university_AI_action_plan_EN.pdf,C:\Users\WINDOWS\OneDrive\知识库\智库信息爬虫\国际主要科技智库观点演变_研判\03_证据底稿\原文PDF\C-CSET-554.pdf,C:\Users\WINDOWS\OneDrive\知识库\智库信息爬虫\国际主要科技智库观点演变_研判\03_证据底稿\文本\C-CSET-554.txt,C:\Users\WINDOWS\OneDrive\知识库\智库信息爬虫\国际主要科技智库观点演变_研判\03_证据底稿\切片\C-CSET-554.md,519394,0c82085d4e310adb168f2202235541fdb7068d3bac653e839fec90db953788cb,13,40919,官方PDF已保存并校验,,2026-08-22
C-CSET-556,556,2019-11-21,W2,中国科技政策英译,Program to Build a National Technology Transfer System,翻译材料，不代表机构观点,科技人才与科研安全；技术转移与出口管制；军民融合与国防科技,China主题下的科技政策英译,"See our translation of a tech transfer plan, which briefly addresses China’s system for acquiring foreign technology, but the bulk of the document deals with transfers of technology within China, such as finding practical, commercially viable applications of new discoveries and putting technological advancements to work in rural areas and economically disadvantaged regions.",https://cset.georgetown.edu/publication/program-to-build-a-national-technology-transfer-system/,https://cset.georgetown.edu/wp-content/uploads/t0069_China_tech_transfer_system_EN.pdf,C:\Users\WINDOWS\OneDrive\知识库\智库信息爬虫\国际主要科技智库观点演变_研判\03_证据底稿\原文PDF\C-CSET-556.pdf,C:\Users\WINDOWS\OneDrive\知识库\智库信息爬虫\国际主要科技智库观点演变_研判\03_证据底稿\文本\C-CSET-556.txt,C:\Users\WINDOWS\OneDrive\知识库\智库信息爬虫\国际主要科技智库观点演变_研判\03_证据底稿\切片\C-CSET-556.md,279996,e29989e5b70add6bb68a8a91df0458d14ceb821e604b54cd335f371654f9d0b6,13,40228,官方PDF已保存并校验,,2026-08-22
C-CSET-1206,1206,2019-11-27,W2,中国科技政策英译,Outline of the National Plan for Medium- and Long-Term Education Reform and Development,翻译材料，不代表机构观点,科技人才与科研安全；军民融合与国防科技,China主题下的科技政策英译,"See our translation of a CPC Central Committee and PRC State Council strategy for education reform issued in July 2010. The strategy doesn’t mention emerging technologies explicitly, but does address international educational exchange and cultivation of world-class talent, which has implications for emerging technology.",https://cset.georgetown.edu/publication/outline-of-the-national-plan-for-medium-and-long-term-education-reform-and-development/,https://cset.georgetown.edu/wp-content/uploads/t0074_education_reform_plan_2010_2020_EN.pdf,C:\Users\WINDOWS\OneDrive\知识库\智库信息爬虫\国际主要科技智库观点演变_研判\03_证据底稿\原文PDF\C-CSET-1206.pdf,C:\Users\WINDOWS\OneDrive\知识库\智库信息爬虫\国际主要科技智库观点演变_研判\03_证据底稿\文本\C-CSET-1206.txt,C:\Users\WINDOWS\OneDrive\知识库\智库信息爬虫\国际主要科技智库观点演变_研判\03_证据底稿\切片\C-CSET-1206.md,356316,b7dc0285afc8164802cf626cdda85430a26222e3f4d751a6c52f82bebd637bb5,42,142725,官方PDF已保存并校验,,2026-08-22
C-CSET-712,712,2019-12-01,W2,CSET原创研究报告,Chinese Public AI R&D Spending: Provisional Findings,作者/项目正式研究,人工智能与算力；国家创新体系与产业政策,正式报告涉华科技关键词命中,"China aims to become “the world’s primary AI innovation center” by 2030. Toward that end, the Chinese government is spending heavily on AI research and development (R&D)—but perhaps not as heavily as some have thought. This memo provides a provisional, open-source estimate of China’s spending.",https://cset.georgetown.edu/publication/chinese-public-ai-rd-spending-provisional-findings/,https://cset.georgetown.edu/wp-content/uploads/Chinese-Public-AI-RD-Spending-Provisional-Findings-1.pdf,C:\Users\WINDOWS\OneDrive\知识库\智库信息爬虫\国际主要科技智库观点演变_研判\03_证据底稿\原文PDF\C-CSET-712.pdf,C:\Users\WINDOWS\OneDrive\知识库\智库信息爬虫\国际主要科技智库观点演变_研判\03_证据底稿\文本\C-CSET-712.txt,C:\Users\WINDOWS\OneDrive\知识库\智库信息爬虫\国际主要科技智库观点演变_研判\03_证据底稿\切片\C-CSET-712.md,301690,a62db0066d6d12a544fac4e8ff8abd1ec3c1e0a3d1e50993dc8ab2b6035fe122,31,70855,官方PDF已保存并校验,,2026-08-22
C-CSET-732,732,2019-12-01,W2,CSET原创研究报告,Maintaining the AI Chip Competitive Advantage of the United States and its Allies,作者/项目正式研究,人工智能与算力；技术转移与出口管制,正式报告涉华科技关键词命中,The United States and its allies enjoy a competitive advantage in the production of artificial intelligence chips necessary for leading AI research and implementation. This memo identifies chokepoints for limiting China’s access to key chipmaking equipment.,https://cset.georgetown.edu/publication/maintaining-the-ai-chip-competitive-advantage-of-the-united-states-and-its-allies/,https://cset.georgetown.edu/wp-content/uploads/CSET-Maintaining-the-AI-Chip-Competitive-Advantage-of-the-United-States-and-its-Allies-20191206.pdf,C:\Users\WINDOWS\OneDrive\知识库\智库信息爬虫\国际主要科技智库观点演变_研判\03_证据底稿\原文PDF\C-CSET-732.pdf,C:\Users\WINDOWS\OneDrive\知识库\智库信息爬虫\国际主要科技智库观点演变_研判\03_证据底稿\文本\C-CSET-732.txt,C:\Users\WINDOWS\OneDrive\知识库\智库信息爬虫\国际主要科技智库观点演变_研判\03_证据底稿\切片\C-CSET-732.md,173112,cf1cae114b4efca228e81dac509370fa5dfa0293f270a148b14dceeeba6f1eda,8,16839,官方PDF已保存并校验,,2026-08-22
C-CSET-987,987,2019-12-09,W2,中国科技政策英译,National 13th Five-Year Plan for the Development of Strategic Emerging Industries,翻译材料，不代表机构观点,军民融合与国防科技；国家创新体系与产业政策,China主题下的科技政策英译,See our translation of the PRC government’s five-year (2016-2020) industrial development strategy for emerging technology.,https://cset.georgetown.edu/publication/national-13th-five-year-plan-for-the-development-of-strategic-emerging-industries/,https://cset.georgetown.edu/wp-content/uploads/Circular-of-the-State-Council-on-Issuing-the-National-13th-Five-Year-Plan-for-the-Development-of-Strategic-Emerging-Industries.pdf,C:\Users\WINDOWS\OneDrive\知识库\智库信息爬虫\国际主要科技智库观点演变_研判\03_证据底稿\原文PDF\C-CSET-987.pdf,C:\Users\WINDOWS\OneDrive\知识库\智库信息爬虫\国际主要科技智库观点演变_研判\03_证据底稿\文本\C-CSET-987.txt,C:\Users\WINDOWS\OneDrive\知识库\智库信息爬虫\国际主要科技智库观点演变_研判\03_证据底稿\切片\C-CSET-987.md,807982,3a31854a09f9699eec47409911cf6706afbe60b6bc5b506a63f472d6e0bc04c4,59,213096,官方PDF已保存并校验,,2026-08-22
C-CSET-1205,1205,2019-12-11,W2,中国科技政策英译,Outline of the National Innovation-Driven Development Strategy,翻译材料，不代表机构观点,科技人才与科研安全；技术转移与出口管制；国家创新体系与产业政策,China主题下的科技政策英译,See our translation of a CPC Central Committee and PRC State Council strategy identifying industries that China feels would most benefit from increased indigenous innovation. The document also identifies foreign talent and technology transfer as crucial for China’s emerging technology sectors.,https://cset.georgetown.edu/publication/outline-of-the-national-innovation-driven-development-strategy/,https://cset.georgetown.edu/wp-content/uploads/t0076_innovation_driven_development_strategy_EN.pdf,C:\Users\WINDOWS\OneDrive\知识库\智库信息爬虫\国际主要科技智库观点演变_研判\03_证据底稿\原文PDF\C-CSET-1205.pdf,C:\Users\WINDOWS\OneDrive\知识库\智库信息爬虫\国际主要科技智库观点演变_研判\03_证据底稿\文本\C-CSET-1205.txt,C:\Users\WINDOWS\OneDrive\知识库\智库信息爬虫\国际主要科技智库观点演变_研判\03_证据底稿\切片\C-CSET-1205.md,295998,30983dd23d678abf314cfa7f878af6f8a3647e790fdbe1d445074f4694ff6a0b,20,67350,官方PDF已保存并校验,,2026-08-22
C-CSET-1406,1406,2020-01-08,W2,中国科技政策英译,State Council Notice on the Publication of the National 13th Five-Year Plan for S&T Innovation,翻译材料，不代表机构观点,军民融合与国防科技；国家创新体系与产业政策,China主题下的科技政策英译,See our translation of China’s plan for science and technology innovation during the years of the 13th Five-Year Plan (2016-2020). The plan puts forward plan details specific technologies identified as near-term priorities for research and investment.,https://cset.georgetown.edu/publication/state-council-notice-on-the-publication-of-the-national-13th-five-year-plan-for-st-innovation/,https://cset.georgetown.edu/wp-content/uploads/t0085_13th_5YP_tech_innovation_EN-1.pdf,C:\Users\WINDOWS\OneDrive\知识库\智库信息爬虫\国际主要科技智库观点演变_研判\03_证据底稿\原文PDF\C-CSET-1406.pdf,C:\Users\WINDOWS\OneDrive\知识库\智库信息爬虫\国际主要科技智库观点演变_研判\03_证据底稿\文本\C-CSET-1406.txt,C:\Users\WINDOWS\OneDrive\知识库\智库信息爬虫\国际主要科技智库观点演变_研判\03_证据底稿\切片\C-CSET-1406.md,1041035,00aa7cb074c959b72c84c935dc80a772da957fd33c997935cdeb24c58812b612,89,337631,官方PDF已保存并校验,,2026-08-22
C-CSET-1403,1403,2020-01-15,W2,中国科技政策英译,WAIC Artificial Intelligence Security and Rule of Law Guidelines,翻译材料，不代表机构观点,人工智能与算力,China主题下的科技政策英译,See our translation of the World Artificial Intelligence Conference proposed legal guidelines related to AI security. The document puts forward legal means to ameliorate a wide variety of potential dangers posed by the rise of AI technology.,https://cset.georgetown.edu/publication/waic-artificial-intelligence-security-and-rule-of-law-guidelines/,https://cset.georgetown.edu/wp-content/uploads/t0088_WAIC_AI_security_law_principles_EN.pdf,C:\Users\WINDOWS\OneDrive\知识库\智库信息爬虫\国际主要科技智库观点演变_研判\03_证据底稿\原文PDF\C-CSET-1403.pdf,C:\Users\WINDOWS\OneDrive\知识库\智库信息爬虫\国际主要科技智库观点演变_研判\03_证据底稿\文本\C-CSET-1403.txt,C:\Users\WINDOWS\OneDrive\知识库\智库信息爬虫\国际主要科技智库观点演变_研判\03_证据底稿\切片\C-CSET-1403.md,168014,15d00971f4a167a18ac1e436996bab2e169358c548f9abbbbd2c3395a34c0d0c,5,14624,官方PDF已保存并校验,,2026-08-22
C-CSET-1376,1376,2020-01-23,W2,CSET原创研究报告,The Question of Comparative Advantage in Artificial Intelligence: Enduring Strengths and Emerging Challenges for the United States,作者/项目正式研究,人工智能与算力,正式报告涉华科技关键词命中,"How do we measure leadership in artificial intelligence, and where does the United States rank? This policy brief examines potential AI strengths of the United States and China and prescribes recommendations to ensure the United States remains ahead.",https://cset.georgetown.edu/publication/the-question-of-comparative-advantage-in-artificial-intelligence-enduring-strengths-and-emerging-challenges-for-the-united-states/,https://cset.georgetown.edu/wp-content/uploads/CSET-The-Question-of-Comparative-Advantage-in-Artificial-Intelligence-1.pdf,C:\Users\WINDOWS\OneDrive\知识库\智库信息爬虫\国际主要科技智库观点演变_研判\03_证据底稿\原文PDF\C-CSET-1376.pdf,C:\Users\WINDOWS\OneDrive\知识库\智库信息爬虫\国际主要科技智库观点演变_研判\03_证据底稿\文本\C-CSET-1376.txt,C:\Users\WINDOWS\OneDrive\知识库\智库信息爬虫\国际主要科技智库观点演变_研判\03_证据底稿\切片\C-CSET-1376.md,520622,98e7941e65d7c3ac6502b5c2aa225be508ab862a1066da9c03e03aeefb213d78,56,133848,官方PDF已保存并校验,,2026-08-22
C-CSET-1618,1618,2020-02-01,W2,CSET原创研究报告,Recommendations on Export Controls for Artificial Intelligence,作者/项目正式研究,人工智能与算力；技术转移与出口管制,正式报告涉华科技关键词命中,"What U.S. export controls on AI-relevant technologies would help further aims such as stability and human rights abroad without impeding U.S. R&D? This issue brief assesses where such controls will be effective, ineffective or even damaging to the interests of the United States and its allies.",https://cset.georgetown.edu/publication/recommendations-on-export-controls-for-artificial-intelligence/,https://cset.georgetown.edu/wp-content/uploads/Recommendations-on-Export-Controls-for-Artificial-Intelligence-1.pdf,C:\Users\WINDOWS\OneDrive\知识库\智库信息爬虫\国际主要科技智库观点演变_研判\03_证据底稿\原文PDF\C-CSET-1618.pdf,C:\Users\WINDOWS\OneDrive\知识库\智库信息爬虫\国际主要科技智库观点演变_研判\03_证据底稿\文本\C-CSET-1618.txt,C:\Users\WINDOWS\OneDrive\知识库\智库信息爬虫\国际主要科技智库观点演变_研判\03_证据底稿\切片\C-CSET-1618.md,166205,2fef74eb84359562ced528d06b5e9f704e82d72a761853b6a6e07ef54f53b885,16,32589,官方PDF已保存并校验,,2026-08-22
C-CSET-1740,1740,2020-02-13,W2,中国科技政策英译,Notice on Applying for 2020 National Foreign Expert Projects,翻译材料，不代表机构观点,科技人才与科研安全,China主题下的科技政策英译,"See our translation of three different Chinese government programs designed to recruit foreign talent in 2020 in support of China’s economic development, particularly in tech fields.",https://cset.georgetown.edu/publication/notice-on-applying-for-2020-national-foreign-expert-projects/,https://cset.georgetown.edu/wp-content/uploads/t0100_belt_road_young_experts_EN-1.pdf,C:\Users\WINDOWS\OneDrive\知识库\智库信息爬虫\国际主要科技智库观点演变_研判\03_证据底稿\原文PDF\C-CSET-1740.pdf,C:\Users\WINDOWS\OneDrive\知识库\智库信息爬虫\国际主要科技智库观点演变_研判\03_证据底稿\文本\C-CSET-1740.txt,C:\Users\WINDOWS\OneDrive\知识库\智库信息爬虫\国际主要科技智库观点演变_研判\03_证据底稿\切片\C-CSET-1740.md,161683,271fb525095f37579369dac397b96e9eca63a175dff6645a1800133796bd4cbc,5,11185,官方PDF已保存并校验,,2026-08-22
C-CSET-1742,1742,2020-03-01,W2,中国科技政策英译,Notice Regarding the Establishment of the Ministry of Education AI Technology Innovation Expert Group,翻译材料，不代表机构观点,人工智能与算力；科技人才与科研安全；国家创新体系与产业政策,China主题下的科技政策英译,"See our translation of the announcement of the formation of the Ministry’s Artificial Intelligence Technology Innovation Expert Group and lists all members of the group. CSET has annotated this translation with additional information about each group member, gleaned from publicly available information.",https://cset.georgetown.edu/publication/notice-of-the-office-of-the-ministry-of-education-regarding-the-establishment-of-the-ministry-of-education-ai-technology-innovation-expert-group/,https://cset.georgetown.edu/wp-content/uploads/t0104_MOE_AI_groups_EN.pdf,C:\Users\WINDOWS\OneDrive\知识库\智库信息爬虫\国际主要科技智库观点演变_研判\03_证据底稿\原文PDF\C-CSET-1742.pdf,C:\Users\WINDOWS\OneDrive\知识库\智库信息爬虫\国际主要科技智库观点演变_研判\03_证据底稿\文本\C-CSET-1742.txt,C:\Users\WINDOWS\OneDrive\知识库\智库信息爬虫\国际主要科技智库观点演变_研判\03_证据底稿\切片\C-CSET-1742.md,890899,b6cf871693a90a4377958db225ab44205acadbe890332c1cae7c37a2917264d3,19,43779,官方PDF已保存并校验,,2026-08-22
C-CSET-1744,1744,2020-03-11,W2,中国科技政策英译,China Creates National New Generation Artificial Intelligence Innovation and Development Pilot Zones,翻译材料，不代表机构观点,人工智能与算力；军民融合与国防科技；国家创新体系与产业政策,China主题下的科技政策英译,"See our translation of the Ministry of Science and Technology announcement of the establishment of four new AI Pilot Zones in cities across China, which encourage the expansion of China’s AI industry in cities where it is already developing. The ministry created the first seven such zones in 2019 and plans to build 20 by 2023.",https://cset.georgetown.edu/publication/china-creates-national-new-generation-artificial-intelligence-innovation-and-development-pilot-zones/,https://cset.georgetown.edu/wp-content/uploads/t0109_AI_pilot_zones_EN.pdf,C:\Users\WINDOWS\OneDrive\知识库\智库信息爬虫\国际主要科技智库观点演变_研判\03_证据底稿\原文PDF\C-CSET-1744.pdf,C:\Users\WINDOWS\OneDrive\知识库\智库信息爬虫\国际主要科技智库观点演变_研判\03_证据底稿\文本\C-CSET-1744.txt,C:\Users\WINDOWS\OneDrive\知识库\智库信息爬虫\国际主要科技智库观点演变_研判\03_证据底稿\切片\C-CSET-1744.md,180176,dcdc8b1c2152c1041cf82c94dd7eaa1636406609d78ac5f7b5c5d47013b65174,3,5744,官方PDF已保存并校验,,2026-08-22
C-CSET-1747,1747,2020-03-17,W2,中国科技政策英译,Notice Declaring the 2019 High-End Foreign Expert Recruitment Plan,翻译材料，不代表机构观点,科技人才与科研安全；军民融合与国防科技；国家创新体系与产业政策,China主题下的科技政策英译,"See our translation of the Ministry of Science and Technology describes a plan to entice foreign scientists, professors and entrepreneurs to work in China. Chinese companies, universities and research institutes apply on behalf of their prospective foreign employees.",https://cset.georgetown.edu/publication/notice-of-the-office-of-the-ministry-of-science-and-technology-declaring-the-2019-high-end-foreign-expert-recruitment-plan/,https://cset.georgetown.edu/wp-content/uploads/t0099_MOST_high_end_expert_recruitment_EN.pdf,C:\Users\WINDOWS\OneDrive\知识库\智库信息爬虫\国际主要科技智库观点演变_研判\03_证据底稿\原文PDF\C-CSET-1747.pdf,C:\Users\WINDOWS\OneDrive\知识库\智库信息爬虫\国际主要科技智库观点演变_研判\03_证据底稿\文本\C-CSET-1747.txt,C:\Users\WINDOWS\OneDrive\知识库\智库信息爬虫\国际主要科技智库观点演变_研判\03_证据底稿\切片\C-CSET-1747.md,182807,8baaa0bf6ee0fe4811e0f792e59315ff646f400ffde6ec9cf0bfb55ae33e8b4b,6,15555,官方PDF已保存并校验,,2026-08-22
C-CSET-1749,1749,2020-03-24,W2,中国科技政策英译,Guidelines for National New Generation Artificial Intelligence Innovation and Development Pilot Zone Construction Work,翻译材料，不代表机构观点,人工智能与算力；国家创新体系与产业政策,China主题下的科技政策英译,"See our translation of guidelines issued by the PRC Ministry of Science and Technology in August 2019, describes a process by which Chinese cities can apply to establish “national new generation AI innovation and development pilot zones.”",https://cset.georgetown.edu/publication/guidelines-for-national-new-generation-artificial-intelligence-innovation-and-development-pilot-zone-construction-work/,https://cset.georgetown.edu/wp-content/uploads/t0110_AI_pilot_zones_EN-1.pdf,C:\Users\WINDOWS\OneDrive\知识库\智库信息爬虫\国际主要科技智库观点演变_研判\03_证据底稿\原文PDF\C-CSET-1749.pdf,C:\Users\WINDOWS\OneDrive\知识库\智库信息爬虫\国际主要科技智库观点演变_研判\03_证据底稿\文本\C-CSET-1749.txt,C:\Users\WINDOWS\OneDrive\知识库\智库信息爬虫\国际主要科技智库观点演变_研判\03_证据底稿\切片\C-CSET-1749.md,244528,7a87e5d1370c485a3e14493c91dbe0bd5550ac2aa98834e0724af873e62fddab,6,16383,官方PDF已保存并校验,,2026-08-22
C-CSET-1788,1788,2020-04-01,W2,CSET原创研究报告,Why AI Chips Matter,作者/项目正式研究,人工智能与算力,正式报告涉华科技关键词命中,"As artificial intelligence is applied to new and more complex tasks, the computational power necessary to develop and deploy it will become increasingly expensive. This policy brief offers a concise overview of the full report, “AI Chips: What They Are and Why They Matter.”",https://cset.georgetown.edu/publication/why-ai-chips-matter/,https://cset.georgetown.edu/wp-content/uploads/Why-AI-Chips-Matter.pdf,C:\Users\WINDOWS\OneDrive\知识库\智库信息爬虫\国际主要科技智库观点演变_研判\03_证据底稿\原文PDF\C-CSET-1788.pdf,C:\Users\WINDOWS\OneDrive\知识库\智库信息爬虫\国际主要科技智库观点演变_研判\03_证据底稿\文本\C-CSET-1788.txt,C:\Users\WINDOWS\OneDrive\知识库\智库信息爬虫\国际主要科技智库观点演变_研判\03_证据底稿\切片\C-CSET-1788.md,142683,7b35d9872dd725eb826ed57809b3b7d7153304c4d99eb8f68ed1c157472e821a,5,7848,官方PDF已保存并校验,,2026-08-22
C-CSET-1792,1792,2020-04-01,W2,CSET原创研究报告,AI Chips: What They Are and Why They Matter,作者/项目正式研究,人工智能与算力；军民融合与国防科技,正式报告涉华科技关键词命中,"The success of modern AI techniques relies on computation on a scale unimaginable even a few years ago. What exactly are the AI chips powering the development and deployment of AI at scale and why are they essential? Saif M. Khan and Alexander Mann explain how these chips work, why they have proliferated, and why they matter.",https://cset.georgetown.edu/publication/ai-chips-what-they-are-and-why-they-matter/,https://cset.georgetown.edu/wp-content/uploads/AI-Chips%E2%80%94What-They-Are-and-Why-They-Matter-1.pdf,C:\Users\WINDOWS\OneDrive\知识库\智库信息爬虫\国际主要科技智库观点演变_研判\03_证据底稿\原文PDF\C-CSET-1792.pdf,C:\Users\WINDOWS\OneDrive\知识库\智库信息爬虫\国际主要科技智库观点演变_研判\03_证据底稿\文本\C-CSET-1792.txt,C:\Users\WINDOWS\OneDrive\知识库\智库信息爬虫\国际主要科技智库观点演变_研判\03_证据底稿\切片\C-CSET-1792.md,2110950,0f80b4fa16509e838b5a3e172b29d9fdb69a042815a9d326a3b8b9e46393842c,72,167125,官方PDF已保存并校验,,2026-08-22
C-CSET-1816,1816,2020-04-01,W2,CSET原创研究报告,Untangling the Web: Why the U.S. Needs Allies to Defend Against Chinese Technology Transfer,作者/项目正式研究,技术转移与出口管制；数字治理与网络安全,正式报告涉华科技关键词命中,"The United States and its allies must develop targeted and coordinated policies to respond to unwanted Chinese technology transfer—gathering more data, raising awareness of tech transfer, and coordinating investment screening procedures as part of a broader agenda of technology alliance cooperation.",https://cset.georgetown.edu/publication/untangling-the-web-why-the-u-s-needs-allies-to-defend-against-chinese-technology-transfer/,https://cset.georgetown.edu/wp-content/uploads/Imbrie-Fedasiuk%E2%80%94Untangling-the-Web.pdf,C:\Users\WINDOWS\OneDrive\知识库\智库信息爬虫\国际主要科技智库观点演变_研判\03_证据底稿\原文PDF\C-CSET-1816.pdf,C:\Users\WINDOWS\OneDrive\知识库\智库信息爬虫\国际主要科技智库观点演变_研判\03_证据底稿\文本\C-CSET-1816.txt,C:\Users\WINDOWS\OneDrive\知识库\智库信息爬虫\国际主要科技智库观点演变_研判\03_证据底稿\切片\C-CSET-1816.md,1367460,7b8fa0197dff9991b2a2cc356dcf763510a352f26dff1797d4ded3fed2db4a42,17,53645,官方PDF已保存并校验,,2026-08-22
C-CSET-1819,1819,2020-04-01,W2,CSET原创研究报告,Maintaining China’s Dependence on Democracies for Advanced Computer Chips,作者/项目正式研究,人工智能与算力,正式报告涉华科技关键词命中,"China seeks to develop an indigenous semiconductor industry. It is in the strategic interest of the United States and democratic friends for China to remain reliant on them for state-of-the-art computer chips, especially as Beijing invests heavily in advanced chips.",https://cset.georgetown.edu/publication/maintaining-chinas-dependence-on-democracies-for-advanced-computer-chips/,https://cset.georgetown.edu/wp-content/uploads/Khan-Flynn%E2%80%94Maintaining-Chinas-Dependence-on-Democracies.pdf,C:\Users\WINDOWS\OneDrive\知识库\智库信息爬虫\国际主要科技智库观点演变_研判\03_证据底稿\原文PDF\C-CSET-1819.pdf,C:\Users\WINDOWS\OneDrive\知识库\智库信息爬虫\国际主要科技智库观点演变_研判\03_证据底稿\文本\C-CSET-1819.txt,C:\Users\WINDOWS\OneDrive\知识库\智库信息爬虫\国际主要科技智库观点演变_研判\03_证据底稿\切片\C-CSET-1819.md,2904352,4d5194615f8980c127f229bc27b4f9f0081ce87c41f35869c076d8c7e1792397,16,43789,官方PDF已保存并校验,,2026-08-22
C-CSET-1822,1822,2020-04-01,W2,CSET原创研究报告,"China’s Approach to Tech Talent Competition: Policies, Results, and the Developing Global Response",作者/项目正式研究,科技人才与科研安全；国家创新体系与产业政策,正式报告涉华科技关键词命中,"China’s strategy to grow its science and technology talent includes: 1) improving domestic education; 2) attracting overseas Chinese talent; and 3) attracting foreign talent. While China’s commitment to domestic education reform has achieved remarkable results, significant challenges remain.",https://cset.georgetown.edu/publication/chinas-approach-to-tech-talent-competition-policies-results-and-the-developing-global-response/,https://cset.georgetown.edu/wp-content/uploads/Zwetsloot%E2%80%94Chinas-Approach-to-Tech-Talent.pdf,C:\Users\WINDOWS\OneDrive\知识库\智库信息爬虫\国际主要科技智库观点演变_研判\03_证据底稿\原文PDF\C-CSET-1822.pdf,C:\Users\WINDOWS\OneDrive\知识库\智库信息爬虫\国际主要科技智库观点演变_研判\03_证据底稿\文本\C-CSET-1822.txt,C:\Users\WINDOWS\OneDrive\知识库\智库信息爬虫\国际主要科技智库观点演变_研判\03_证据底稿\切片\C-CSET-1822.md,903590,e89c804cd9a2d7c500fbedbef6bb7e413f4f486fc2662cd8d5805dbf5195f21b,19,64921,官方PDF已保存并校验,,2026-08-22
C-CSET-1783,1783,2020-04-15,W2,中国科技政策英译,Profiles of Members of China’s New Generation Artificial Intelligence Strategic Advisory Committee,翻译材料，不代表机构观点,人工智能与算力,China主题下的科技政策英译,"See our translation of biographical profiles of each member of China’s New Generation AI Strategic Advisory Committee, as well as government and media reporting on the committee.",https://cset.georgetown.edu/publication/profiles-of-members-of-chinas-new-generation-artificial-intelligence-strategic-advisory-committee/,https://cset.georgetown.edu/wp-content/uploads/AI-Advisory-Committee_-EN.pdf,C:\Users\WINDOWS\OneDrive\知识库\智库信息爬虫\国际主要科技智库观点演变_研判\03_证据底稿\原文PDF\C-CSET-1783.pdf,C:\Users\WINDOWS\OneDrive\知识库\智库信息爬虫\国际主要科技智库观点演变_研判\03_证据底稿\文本\C-CSET-1783.txt,C:\Users\WINDOWS\OneDrive\知识库\智库信息爬虫\国际主要科技智库观点演变_研判\03_证据底稿\切片\C-CSET-1783.md,5732541,7ddf461534a25dccf86e585ad6de83c21190d0f8eb10278eeb3f18c9c8f8a95a,17,40874,官方PDF已保存并校验,,2026-08-22
C-CSET-1984,1984,2020-05-13,W2,中国科技政策英译,China Scholarship Council Subsidized Study Abroad Agreement,翻译材料，不代表机构观点,科技人才与科研安全,China主题下的科技政策英译,See our translation of an agreement between Chinese students who study abroad and the PRC Ministry of Education’s China Scholarship Council. It requires students on CSC scholarships to report regularly on the progress of their studies and mandates that those who study abroad return to China for at least two years.,https://cset.georgetown.edu/publication/china-scholarship-council-subsidized-study-abroad-agreement/,https://cset.georgetown.edu/wp-content/uploads/t0133_subsidized_study_abroad_agreement_EN.pdf,C:\Users\WINDOWS\OneDrive\知识库\智库信息爬虫\国际主要科技智库观点演变_研判\03_证据底稿\原文PDF\C-CSET-1984.pdf,C:\Users\WINDOWS\OneDrive\知识库\智库信息爬虫\国际主要科技智库观点演变_研判\03_证据底稿\文本\C-CSET-1984.txt,C:\Users\WINDOWS\OneDrive\知识库\智库信息爬虫\国际主要科技智库观点演变_研判\03_证据底稿\切片\C-CSET-1984.md,325272,27718290e655d62d103961e68db41f1324e89486a91e2121761c87811097b455,10,28276,官方PDF已保存并校验,,2026-08-22
C-CSET-1986,1986,2020-05-13,W2,中国科技政策英译,Artificial Intelligence Standardization White Paper,翻译材料，不代表机构观点,人工智能与算力,China主题下的科技政策英译,"See our translation of a government-issued white paper describing China’s approach to standards setting for AI. Appendices list all of China’s existing AI standards as of January 2018, as well as those under study, and provide examples of AI applications by leading Chinese tech companies.",https://cset.georgetown.edu/publication/artificial-intelligence-standardization-white-paper/,https://cset.georgetown.edu/wp-content/uploads/t0120_AI_standardization_white_paper_EN.pdf,C:\Users\WINDOWS\OneDrive\知识库\智库信息爬虫\国际主要科技智库观点演变_研判\03_证据底稿\原文PDF\C-CSET-1986.pdf,C:\Users\WINDOWS\OneDrive\知识库\智库信息爬虫\国际主要科技智库观点演变_研判\03_证据底稿\文本\C-CSET-1986.txt,C:\Users\WINDOWS\OneDrive\知识库\智库信息爬虫\国际主要科技智库观点演变_研判\03_证据底稿\切片\C-CSET-1986.md,4724195,87ae40ac1c795bdf29588275fbb886601b54d12c7e92a28e3c39223a34e51573,100,306223,官方PDF已保存并校验,,2026-08-22
C-CSET-3077,3077,2020-06-29,W2,中国科技政策英译,Situation Report on CAS’ Work on the “Youth Thousand Talents Program”,翻译材料，不代表机构观点,科技人才与科研安全,China主题下的科技政策英译,"See CSET’s translation of a document detailing the number and affiliation of CAS-sponsored candidates for China’s “Youth Thousand Talents Program” as of 2011. Under the program, prospective employers such as CAS are responsible for identifying overseas talent they wish to recruit, and must submit applications on behalf of their candidates.",https://cset.georgetown.edu/publication/situation-report-on-cas-work-on-the-youth-thousand-talents-program/,https://cset.georgetown.edu/wp-content/uploads/t0150_CAS_youth_talents_EN.pdf,C:\Users\WINDOWS\OneDrive\知识库\智库信息爬虫\国际主要科技智库观点演变_研判\03_证据底稿\原文PDF\C-CSET-3077.pdf,C:\Users\WINDOWS\OneDrive\知识库\智库信息爬虫\国际主要科技智库观点演变_研判\03_证据底稿\文本\C-CSET-3077.txt,C:\Users\WINDOWS\OneDrive\知识库\智库信息爬虫\国际主要科技智库观点演变_研判\03_证据底稿\切片\C-CSET-3077.md,258624,79034eb7dda518404e1c5dd1951429a71f4572fffbf940249109efa60cf8f0e4,9,18057,官方PDF已保存并校验,,2026-08-22
C-CSET-2816,2816,2020-06-30,W2,中国科技政策英译,2019 Chinese Academy of Sciences Talent Program Application Guide,翻译材料，不代表机构观点,科技人才与科研安全；军民融合与国防科技；国家创新体系与产业政策,China主题下的科技政策英译,"See our translation of a complete list and description of all Chinese Academy of Science talent recruitment programs. CAS has talent programs primarily targeting young scientists in strategic and emerging disciplines, including defense-related “military-civil fusion” technologies; some are aimed at domestic S&T talent, while others recruit foreign scientists.",https://cset.georgetown.edu/publication/2019-chinese-academy-of-sciences-talent-program-application-guide/,https://cset.georgetown.edu/wp-content/uploads/t0151_CAS_talent_program_guide_EN.pdf,C:\Users\WINDOWS\OneDrive\知识库\智库信息爬虫\国际主要科技智库观点演变_研判\03_证据底稿\原文PDF\C-CSET-2816.pdf,C:\Users\WINDOWS\OneDrive\知识库\智库信息爬虫\国际主要科技智库观点演变_研判\03_证据底稿\文本\C-CSET-2816.txt,C:\Users\WINDOWS\OneDrive\知识库\智库信息爬虫\国际主要科技智库观点演变_研判\03_证据底稿\切片\C-CSET-2816.md,495935,721145fa80ebda3c56f22ed3b64119171dd1be058e494efcbe4d3a8c05afa9cb,28,53606,官方PDF已保存并校验,,2026-08-22
C-CSET-3076,3076,2020-07-01,W2,中国科技政策英译,The Chinese Academy of Sciences Hefei Institutes of Physical Science: Recruiting Outstanding Domestic and Foreign Talent,翻译材料，不代表机构观点,科技人才与科研安全；国家创新体系与产业政策,China主题下的科技政策英译,This 2017 document lists technical positions that the Hefei Institutes of Physical Sciences hoped to fill through talent programs. It is an unusually detailed example of a Chinese research institution’s efforts to recruit foreign scientists.,https://cset.georgetown.edu/publication/the-chinese-academy-of-sciences-hefei-institutes-of-physical-science-recruiting-outstanding-domestic-and-foreign-talent/,https://cset.georgetown.edu/wp-content/uploads/t0153_CAS_physical_science_talent_program_EN.pdf,C:\Users\WINDOWS\OneDrive\知识库\智库信息爬虫\国际主要科技智库观点演变_研判\03_证据底稿\原文PDF\C-CSET-3076.pdf,C:\Users\WINDOWS\OneDrive\知识库\智库信息爬虫\国际主要科技智库观点演变_研判\03_证据底稿\文本\C-CSET-3076.txt,C:\Users\WINDOWS\OneDrive\知识库\智库信息爬虫\国际主要科技智库观点演变_研判\03_证据底稿\切片\C-CSET-3076.md,700486,41d45db048300cf3a4d492ed97bdd311b13615c1bf17343ff1037cf645d803b7,11,28022,官方PDF已保存并校验,,2026-08-22
C-CSET-2711,2711,2020-07-15,W2,CSET原创研究报告,The China Scholarship Council: An Overview,作者/项目正式研究,科技人才与科研安全,正式报告涉华科技关键词命中,The Chinese government seeks to exert influence through its scholarship and exchange programs. This issue brief assembles a picture of the China Scholarship Council—the primary vehicle by which the state provides scholarships—through Chinese-language sources.,https://cset.georgetown.edu/publication/the-china-scholarship-council-an-overview/,https://cset.georgetown.edu/wp-content/uploads/CSET-China-Scholarship-Council.pdf,C:\Users\WINDOWS\OneDrive\知识库\智库信息爬虫\国际主要科技智库观点演变_研判\03_证据底稿\原文PDF\C-CSET-2711.pdf,C:\Users\WINDOWS\OneDrive\知识库\智库信息爬虫\国际主要科技智库观点演变_研判\03_证据底稿\文本\C-CSET-2711.txt,C:\Users\WINDOWS\OneDrive\知识库\智库信息爬虫\国际主要科技智库观点演变_研判\03_证据底稿\切片\C-CSET-2711.md,457200,37bba7d230d969cdb6872d338a4f446a483e7d08dd7518f066e639ddf35f01f2,16,32678,官方PDF已保存并校验,,2026-08-22
C-CSET-2791,2791,2020-07-21,W2,CSET原创研究报告,Overseas Professionals and Technology Transfer to China,作者/项目正式研究,技术转移与出口管制,正式报告涉华科技关键词命中,China’s government encourages members of the Chinese diaspora to engage in technology transfer through Chinese professional associations. This issue brief analyzes 208 such associations to assess the scope of technical exchange between overseas professionals and entities within China.,https://cset.georgetown.edu/publication/overseas-professionals-and-technology-transfer-to-china/,https://cset.georgetown.edu/wp-content/uploads/CSET-Overseas-Professionals-and-Technology-Transfer-to-China.pdf,C:\Users\WINDOWS\OneDrive\知识库\智库信息爬虫\国际主要科技智库观点演变_研判\03_证据底稿\原文PDF\C-CSET-2791.pdf,C:\Users\WINDOWS\OneDrive\知识库\智库信息爬虫\国际主要科技智库观点演变_研判\03_证据底稿\文本\C-CSET-2791.txt,C:\Users\WINDOWS\OneDrive\知识库\智库信息爬虫\国际主要科技智库观点演变_研判\03_证据底稿\切片\C-CSET-2791.md,693195,62c1a80206bf7090b021629ce54e77a850b5f4ac6eb6ea9bc668c0c72aaa2c64,34,66580,官方PDF已保存并校验,,2026-08-22
C-CSET-2814,2814,2020-07-22,W2,中国科技政策英译,Detailed Rules for the Implementation of the 2016 “State Scholarship for Outstanding Self-Financed Study Abroad Students”,翻译材料，不代表机构观点,科技人才与科研安全,China主题下的科技政策英译,"See our translation outlining a Chinese scholarship program for “self-financed” students who are studying abroad. The scholarship provides as much as $16,000 for a year of overseas study for PhD candidates under the age of 40. The scholarship also includes provisions to keep track of recipients and to aid them in returning to China.",https://cset.georgetown.edu/publication/detailed-rules-for-the-implementation-of-the-2016-state-scholarship-for-outstanding-self-financed-study-abroad-students/,https://cset.georgetown.edu/wp-content/uploads/t0162_self_financed_scholarship_EN.pdf,C:\Users\WINDOWS\OneDrive\知识库\智库信息爬虫\国际主要科技智库观点演变_研判\03_证据底稿\原文PDF\C-CSET-2814.pdf,C:\Users\WINDOWS\OneDrive\知识库\智库信息爬虫\国际主要科技智库观点演变_研判\03_证据底稿\文本\C-CSET-2814.txt,C:\Users\WINDOWS\OneDrive\知识库\智库信息爬虫\国际主要科技智库观点演变_研判\03_证据底稿\切片\C-CSET-2814.md,183863,cd5d9f1ad2597581b8b6313319023ce1836ca187093d88a044f10f7ce2ba1df1,3,5279,官方PDF已保存并校验,,2026-08-22
C-CSET-2815,2815,2020-07-22,W2,中国科技政策英译,Detailed Rules for the “Thousand Talents Program” High-Level Foreign Expert Project,翻译材料，不代表机构观点,科技人才与科研安全,China主题下的科技政策英译,"See our translation of a short Chinese official notice from 2011 provides details on China’s “Thousand Talents Program,” specifically the program’s procedures for recruiting and retaining non-Chinese foreign experts who can contribute to China’s S&T base.",https://cset.georgetown.edu/publication/detailed-rules-for-the-thousand-talents-program-high-level-foreign-expert-project/,https://cset.georgetown.edu/wp-content/uploads/t0158_1000_talents_plan_rules_EN.pdf,C:\Users\WINDOWS\OneDrive\知识库\智库信息爬虫\国际主要科技智库观点演变_研判\03_证据底稿\原文PDF\C-CSET-2815.pdf,C:\Users\WINDOWS\OneDrive\知识库\智库信息爬虫\国际主要科技智库观点演变_研判\03_证据底稿\文本\C-CSET-2815.txt,C:\Users\WINDOWS\OneDrive\知识库\智库信息爬虫\国际主要科技智库观点演变_研判\03_证据底稿\切片\C-CSET-2815.md,219389,4f416452fd0060483037cd459ab21f99e40de9128215a715f88d654bd3c28ac5,3,6861,官方PDF已保存并校验,,2026-08-22
C-CSET-2792,2792,2020-07-23,W2,CSET原创研究报告,Messier than Oil: Assessing Data Advantage in Military AI,作者/项目正式研究,人工智能与算力；军民融合与国防科技；数字治理与网络安全,正式报告涉华科技关键词命中,Both China and the United States seek to develop military applications enabled by artificial intelligence. This issue brief reviews the obstacles to assessing data competitiveness and provides metrics for measuring data advantage.,https://cset.georgetown.edu/publication/messier-than-oil-assessing-data-advantage-in-military-ai/,https://cset.georgetown.edu/wp-content/uploads/Messier-than-Oil-Brief-1.pdf,C:\Users\WINDOWS\OneDrive\知识库\智库信息爬虫\国际主要科技智库观点演变_研判\03_证据底稿\原文PDF\C-CSET-2792.pdf,C:\Users\WINDOWS\OneDrive\知识库\智库信息爬虫\国际主要科技智库观点演变_研判\03_证据底稿\文本\C-CSET-2792.txt,C:\Users\WINDOWS\OneDrive\知识库\智库信息爬虫\国际主要科技智库观点演变_研判\03_证据底稿\切片\C-CSET-2792.md,439065,6e68f9f4bd4a24f86f899fe01ce949f6484af505ab22f708561926d732f8d585,20,46366,官方PDF已保存并校验,,2026-08-22
C-CSET-3081,3081,2020-08-05,W2,中国科技政策英译,"Characteristics of, and Lessons from, the U.S. Legal System for Military-Civil Fusion",翻译材料，不代表机构观点,科技人才与科研安全；军民融合与国防科技；国家创新体系与产业政策,China主题下的科技政策英译,See our translation of a 2018 article by a Chinese state think tank praising the U.S. integration of the military and civilian industrial bases as a model for China. The article argues that China can learn much about “military-civil fusion” from U.S. legislation on this issue.,https://cset.georgetown.edu/publication/characteristics-of-and-lessons-from-the-us-legal-system-for-military-civil-fusion/,https://cset.georgetown.edu/wp-content/uploads/t0173_US_mil_civ_fusion_law_EN.pdf,C:\Users\WINDOWS\OneDrive\知识库\智库信息爬虫\国际主要科技智库观点演变_研判\03_证据底稿\原文PDF\C-CSET-3081.pdf,C:\Users\WINDOWS\OneDrive\知识库\智库信息爬虫\国际主要科技智库观点演变_研判\03_证据底稿\文本\C-CSET-3081.txt,C:\Users\WINDOWS\OneDrive\知识库\智库信息爬虫\国际主要科技智库观点演变_研判\03_证据底稿\切片\C-CSET-3081.md,229305,5c75f3495cb86a36635df95720f7210a059a9d74155be0da5630e01274ab6217,8,24611,官方PDF已保存并校验,,2026-08-22
C-CSET-3086,3086,2020-08-05,W2,中国科技政策英译,Export Control Law of the People’s Republic of China (Draft) (Second Version),翻译材料，不代表机构观点,技术转移与出口管制；军民融合与国防科技,China主题下的科技政策英译,"See our translation of a draft export control bill that was being considered by China’s parliament, the National People’s Congress, as of July 2020. The bill limits exports of dual-use items, military equipment, nuclear materials and other goods of counterproliferation concern. It also sets penalties for Chinese exporters who violate the provisions of the bill.",https://cset.georgetown.edu/publication/export-control-law-of-the-peoples-republic-of-china-draft-second-version/,https://cset.georgetown.edu/wp-content/uploads/t0179_export_control_bill_EN.pdf,C:\Users\WINDOWS\OneDrive\知识库\智库信息爬虫\国际主要科技智库观点演变_研判\03_证据底稿\原文PDF\C-CSET-3086.pdf,C:\Users\WINDOWS\OneDrive\知识库\智库信息爬虫\国际主要科技智库观点演变_研判\03_证据底稿\文本\C-CSET-3086.txt,C:\Users\WINDOWS\OneDrive\知识库\智库信息爬虫\国际主要科技智库观点演变_研判\03_证据底稿\切片\C-CSET-3086.md,231211,77db61b6ee4287336bf83b18650bb31dc238d189963112b77903fef8312451bc,10,27962,官方PDF已保存并校验,,2026-08-22
C-CSET-3094,3094,2020-08-05,W2,CSET原创研究报告,Chinese Perspectives on AI and Future Military Capabilities,作者/项目正式研究,人工智能与算力；军民融合与国防科技,正式报告涉华科技关键词命中,"The world is watching how the Chinese military develops and deploys artificial intelligence—but how exactly will it apply AI? This policy brief analyzes Chinese experts’ arguments about AI and prospective warfighting capabilities, identifying prevailing concerns about strategic stability and unintended escalation.",https://cset.georgetown.edu/publication/chinese-perspectives-on-ai-and-future-military-capabilities/,https://cset.georgetown.edu/wp-content/uploads/CSET-Chinese-Perspectives.pdf,C:\Users\WINDOWS\OneDrive\知识库\智库信息爬虫\国际主要科技智库观点演变_研判\03_证据底稿\原文PDF\C-CSET-3094.pdf,C:\Users\WINDOWS\OneDrive\知识库\智库信息爬虫\国际主要科技智库观点演变_研判\03_证据底稿\文本\C-CSET-3094.txt,C:\Users\WINDOWS\OneDrive\知识库\智库信息爬虫\国际主要科技智库观点演变_研判\03_证据底稿\切片\C-CSET-3094.md,580026,919d53ff349a6e14422cba5be596f1df201ea95be6028c0df460f7265446a515,41,90642,官方PDF已保存并校验,,2026-08-22
C-CSET-3209,3209,2020-08-18,W2,CSET原创研究报告,The Youth Thousand Talents Plan and China’s Military,作者/项目正式研究,科技人才与科研安全；军民融合与国防科技；国家创新体系与产业政策,正式报告涉华科技关键词命中,"CSET research sheds light on the backgrounds and career paths of nearly 3,600 awardees in China’s Youth Thousand Talents Plan. While concerns over China’s recruitment of science and technology experts for military-supporting roles are legitimate, this brief finds that the vast majority of YTTP awardees receive civilian-oriented job offers.",https://cset.georgetown.edu/publication/the-youth-thousand-talents-plan-and-chinas-military/,https://cset.georgetown.edu/wp-content/uploads/CSET-Youth-Thousand-Talents-Plan-and-Chinas-Military-1.pdf,C:\Users\WINDOWS\OneDrive\知识库\智库信息爬虫\国际主要科技智库观点演变_研判\03_证据底稿\原文PDF\C-CSET-3209.pdf,C:\Users\WINDOWS\OneDrive\知识库\智库信息爬虫\国际主要科技智库观点演变_研判\03_证据底稿\文本\C-CSET-3209.txt,C:\Users\WINDOWS\OneDrive\知识库\智库信息爬虫\国际主要科技智库观点演变_研判\03_证据底稿\切片\C-CSET-3209.md,807757,f9c7efb5e39a9a315cdb0fbd415d3d89446e729a4d193fe6898638bb80599de8,14,22871,官方PDF已保存并校验,,2026-08-22
C-CSET-3419,3419,2020-08-18,W2,中国科技政策英译,2017 Budget of the Former State Administration of Foreign Experts Affairs,翻译材料，不代表机构观点,国家创新体系与产业政策,China主题下的科技政策英译,See our original translation of the final 2017 budget for the PRC State Administration of Foreign Experts Affairs (SAFEA).,https://cset.georgetown.edu/publication/2017-budget-of-the-former-state-administration-of-foreign-experts-affairs/,https://cset.georgetown.edu/wp-content/uploads/t0177_SAFEA_budget_EN.pdf,C:\Users\WINDOWS\OneDrive\知识库\智库信息爬虫\国际主要科技智库观点演变_研判\03_证据底稿\原文PDF\C-CSET-3419.pdf,C:\Users\WINDOWS\OneDrive\知识库\智库信息爬虫\国际主要科技智库观点演变_研判\03_证据底稿\文本\C-CSET-3419.txt,C:\Users\WINDOWS\OneDrive\知识库\智库信息爬虫\国际主要科技智库观点演变_研判\03_证据底稿\切片\C-CSET-3419.md,1018641,1fd1f220ee9b2604bd5bec9b83b10b70d2b38b70ee7b18d8980d0d2da1c0b15c,33,77450,官方PDF已保存并校验,,2026-08-22
C-CSET-3402,3402,2020-09-02,W2,中国科技政策英译,Revisions to the Content of the Catalog of Prohibited or Restricted Technology Exports,翻译材料，不代表机构观点,综合科技竞争,China主题下的科技政策英译,See our original translation of the PRC Ministry of Commerce technology export restrictions that would likely complicate the proposed sale of short video app TikTok to a U.S. buyer.,https://cset.georgetown.edu/publication/revisions-to-the-content-of-the-catalog-of-prohibited-or-restricted-technology-exports/,https://cset.georgetown.edu/wp-content/uploads/t0200_TikTok_export_restriction_EN.pdf,C:\Users\WINDOWS\OneDrive\知识库\智库信息爬虫\国际主要科技智库观点演变_研判\03_证据底稿\原文PDF\C-CSET-3402.pdf,C:\Users\WINDOWS\OneDrive\知识库\智库信息爬虫\国际主要科技智库观点演变_研判\03_证据底稿\文本\C-CSET-3402.txt,C:\Users\WINDOWS\OneDrive\知识库\智库信息爬虫\国际主要科技智库观点演变_研判\03_证据底稿\切片\C-CSET-3402.md,141067,de317879ffac2377ccae0e7dbd40dfbb2b3741cae7b7e0800bc227c0375a9364,2,4962,官方PDF已保存并校验,,2026-08-22
C-CSET-3404,3404,2020-09-02,W2,中国科技政策英译,National Natural Science Foundation of China 2019 Annual Budget,翻译材料，不代表机构观点,国家创新体系与产业政策,China主题下的科技政策英译,See our original translation of the 2019 budget for the National Natural Science Foundation of China (NSFC).,https://cset.georgetown.edu/publication/national-natural-science-foundation-of-china-2019-annual-budget/,https://cset.georgetown.edu/wp-content/uploads/t0190_NSFC_budget_2019_EN.pdf,C:\Users\WINDOWS\OneDrive\知识库\智库信息爬虫\国际主要科技智库观点演变_研判\03_证据底稿\原文PDF\C-CSET-3404.pdf,C:\Users\WINDOWS\OneDrive\知识库\智库信息爬虫\国际主要科技智库观点演变_研判\03_证据底稿\文本\C-CSET-3404.txt,C:\Users\WINDOWS\OneDrive\知识库\智库信息爬虫\国际主要科技智库观点演变_研判\03_证据底稿\切片\C-CSET-3404.md,523833,c6fdf5aaaf0ca18792211206af420ce3b526dd44d06a7d41138d7ff558706385,22,47870,官方PDF已保存并校验,,2026-08-22
C-CSET-3407,3407,2020-09-02,W2,中国科技政策英译,Chinese Academy of Engineering 2019 Budget,翻译材料，不代表机构观点,国家创新体系与产业政策,China主题下的科技政策英译,"See our original translation of the 2019 budget for the Chinese Academy of Engineering, a PRC government body responsible for scientific research and for providing strategic scientific and technological input to PRC decision-makers.",https://cset.georgetown.edu/publication/chinese-academy-of-engineering-2019-budget/,https://cset.georgetown.edu/wp-content/uploads/t0189_CAE_budget_2019_EN.pdf,C:\Users\WINDOWS\OneDrive\知识库\智库信息爬虫\国际主要科技智库观点演变_研判\03_证据底稿\原文PDF\C-CSET-3407.pdf,C:\Users\WINDOWS\OneDrive\知识库\智库信息爬虫\国际主要科技智库观点演变_研判\03_证据底稿\文本\C-CSET-3407.txt,C:\Users\WINDOWS\OneDrive\知识库\智库信息爬虫\国际主要科技智库观点演变_研判\03_证据底稿\切片\C-CSET-3407.md,517271,f64ba5aa4dc2b074b8f9ae8c4096d35045ff3ccf936aa51c403f69ef64da36bb,23,58412,官方PDF已保存并校验,,2026-08-22
C-CSET-3411,3411,2020-09-02,W2,中国科技政策英译,China Association for Science and Technology 2019 Budget,翻译材料，不代表机构观点,国家创新体系与产业政策,China主题下的科技政策英译,See our original translation of the 2019 budget of the China Association for Science and Technology (CAST).,https://cset.georgetown.edu/publication/china-association-for-science-and-technology-2019-budget/,https://cset.georgetown.edu/wp-content/uploads/t0191_CAST_budget_2019_EN.pdf,C:\Users\WINDOWS\OneDrive\知识库\智库信息爬虫\国际主要科技智库观点演变_研判\03_证据底稿\原文PDF\C-CSET-3411.pdf,C:\Users\WINDOWS\OneDrive\知识库\智库信息爬虫\国际主要科技智库观点演变_研判\03_证据底稿\文本\C-CSET-3411.txt,C:\Users\WINDOWS\OneDrive\知识库\智库信息爬虫\国际主要科技智库观点演变_研判\03_证据底稿\切片\C-CSET-3411.md,662441,d5e0a0835a2828551515f24cca6612de89956a68151b503f416e6013008daefc,28,70769,官方PDF已保存并校验,,2026-08-22
C-CSET-3412,3412,2020-09-02,W2,中国科技政策英译,Example Applications of Digital Health Technology for Epidemic Prevention and Control (Third Phase),翻译材料，不代表机构观点,数字治理与网络安全,China主题下的科技政策英译,See our original translation excerpt from a Chinese government think tank report on China’s use of digital health technology to fight COVID-19.,https://cset.georgetown.edu/publication/example-applications-of-digital-health-technology-for-epidemic-prevention-and-control-third-phase/,https://cset.georgetown.edu/wp-content/uploads/t0124_CAICT_digital_tech_disease_prevention_EN-2.pdf,C:\Users\WINDOWS\OneDrive\知识库\智库信息爬虫\国际主要科技智库观点演变_研判\03_证据底稿\原文PDF\C-CSET-3412.pdf,C:\Users\WINDOWS\OneDrive\知识库\智库信息爬虫\国际主要科技智库观点演变_研判\03_证据底稿\文本\C-CSET-3412.txt,C:\Users\WINDOWS\OneDrive\知识库\智库信息爬虫\国际主要科技智库观点演变_研判\03_证据底稿\切片\C-CSET-3412.md,1381277,25ca76320a9456f56300299ea78e21cc44675742287812f1f29e443277a73bc8,29,79877,官方PDF已保存并校验,,2026-08-22
C-CSET-3462,3462,2020-09-14,W2,CSET原创研究报告,China’s System of Oppression in Xinjiang: How It Developed and How to Curb It,作者/项目正式研究,科技人才与科研安全；数字治理与网络安全,正式报告涉华科技关键词命中,"How should the United States understand and respond to China’s technologically driven mass surveillance, internment and indoctrination in Xinjiang? Dahlia Peterson offers a set of policy recommendations in a coauthored report for the Brookings Institution.",https://cset.georgetown.edu/publication/chinas-system-of-oppression-in-xinjiang-how-it-developed-and-how-to-curb-it/,https://cset.georgetown.edu/wp-content/uploads/Chinas-System-of-Oppression-in-Xinjiang-How-It-Developed-and-How-to-Curb-It-1.pdf,C:\Users\WINDOWS\OneDrive\知识库\智库信息爬虫\国际主要科技智库观点演变_研判\03_证据底稿\原文PDF\C-CSET-3462.pdf,C:\Users\WINDOWS\OneDrive\知识库\智库信息爬虫\国际主要科技智库观点演变_研判\03_证据底稿\文本\C-CSET-3462.txt,C:\Users\WINDOWS\OneDrive\知识库\智库信息爬虫\国际主要科技智库观点演变_研判\03_证据底稿\切片\C-CSET-3462.md,1577680,177b00b06d68350b40ee077c2a2ac99ccd70b00d03a64c4b90df987f7356e682,25,99106,官方PDF已保存并校验,,2026-08-22
C-CSET-3511,3511,2020-09-22,W2,CSET原创研究报告,Multilateral Controls on Hardware Chokepoints,作者/项目正式研究,人工智能与算力；技术转移与出口管制,正式报告涉华科技关键词命中,Protecting international security and human rights by using multilateral controls on semiconductor manufacturing equipment and advanced chips,https://cset.georgetown.edu/publication/multilateral-controls-on-hardware-chokepoints/,https://cset.georgetown.edu/wp-content/uploads/CSET-Policy-Recommendation-Semiconductor-One-Pagers.pdf,C:\Users\WINDOWS\OneDrive\知识库\智库信息爬虫\国际主要科技智库观点演变_研判\03_证据底稿\原文PDF\C-CSET-3511.pdf,C:\Users\WINDOWS\OneDrive\知识库\智库信息爬虫\国际主要科技智库观点演变_研判\03_证据底稿\文本\C-CSET-3511.txt,C:\Users\WINDOWS\OneDrive\知识库\智库信息爬虫\国际主要科技智库观点演变_研判\03_证据底稿\切片\C-CSET-3511.md,149121,e011cb1118017c03192e38e398fd913ad11dd3633bb3a14319145eb3d1cf2f38,1,2957,官方PDF已保存并校验,,2026-08-22
C-CSET-3529,3529,2020-09-22,W2,CSET原创研究报告,Bolstering U.S. Research Security,作者/项目正式研究,科技人才与科研安全,正式报告涉华科技关键词命中,Establishing a new public-private institution to improve American research security,https://cset.georgetown.edu/publication/bolstering-u-s-research-security/,https://cset.georgetown.edu/wp-content/uploads/CSET-Policy-Recommendation-Research-Security-One-Pagers.pdf,C:\Users\WINDOWS\OneDrive\知识库\智库信息爬虫\国际主要科技智库观点演变_研判\03_证据底稿\原文PDF\C-CSET-3529.pdf,C:\Users\WINDOWS\OneDrive\知识库\智库信息爬虫\国际主要科技智库观点演变_研判\03_证据底稿\文本\C-CSET-3529.txt,C:\Users\WINDOWS\OneDrive\知识库\智库信息爬虫\国际主要科技智库观点演变_研判\03_证据底稿\切片\C-CSET-3529.md,161794,c4c7dbf8c14deb0a5d6c32c8dca8c4d97c62dd695a282cfc9e14fe06561dc4aa,1,3391,官方PDF已保存并校验,,2026-08-22
C-CSET-3536,3536,2020-09-23,W2,CSET原创研究报告,China AI-Brain Research,作者/项目正式研究,人工智能与算力；军民融合与国防科技；国家创新体系与产业政策；航天与其他前沿技术,正式报告涉华科技关键词命中,"Since 2016, China has engaged in a nationwide effort to “merge” AI and neuroscience research as a major part of its next-generation AI development program. This report explores China’s AI-brain program — identifying key players and organizations and recommending the creation of an open source S&T monitoring capability within the U.S. government.",https://cset.georgetown.edu/publication/china-ai-brain-research/,https://cset.georgetown.edu/wp-content/uploads/CSET-China-AI-Brain-Research.pdf,C:\Users\WINDOWS\OneDrive\知识库\智库信息爬虫\国际主要科技智库观点演变_研判\03_证据底稿\原文PDF\C-CSET-3536.pdf,C:\Users\WINDOWS\OneDrive\知识库\智库信息爬虫\国际主要科技智库观点演变_研判\03_证据底稿\文本\C-CSET-3536.txt,C:\Users\WINDOWS\OneDrive\知识库\智库信息爬虫\国际主要科技智库观点演变_研判\03_证据底稿\切片\C-CSET-3536.md,1572401,f5735e08dfac4a6d766a1c1bbdbf24de0f8f93e0f062ffcebd54db6b7a3e8605,88,153026,官方PDF已保存并校验,,2026-08-22
C-CSET-3452,3452,2020-09-24,W2,CSET原创研究报告,The Chipmakers,作者/项目正式研究,人工智能与算力；科技人才与科研安全；技术转移与出口管制；军民融合与国防科技,正式报告涉华科技关键词命中,"Technical leadership in the semiconductor industry has been a cornerstone of U.S. military and economic power for decades, but continued competitiveness is not guaranteed. This issue brief exploring the composition of the workforce bolstering U.S. leadership in the semiconductor industry concludes that immigration restrictions are directly at odds with U.S. efforts to secure its supply chains.",https://cset.georgetown.edu/publication/the-chipmakers-u-s-strengths-and-priorities-for-the-high-end-semiconductor-workforce/,https://cset.georgetown.edu/wp-content/uploads/CSET-The-Chipmakers.pdf,C:\Users\WINDOWS\OneDrive\知识库\智库信息爬虫\国际主要科技智库观点演变_研判\03_证据底稿\原文PDF\C-CSET-3452.pdf,C:\Users\WINDOWS\OneDrive\知识库\智库信息爬虫\国际主要科技智库观点演变_研判\03_证据底稿\文本\C-CSET-3452.txt,C:\Users\WINDOWS\OneDrive\知识库\智库信息爬虫\国际主要科技智库观点演变_研判\03_证据底稿\切片\C-CSET-3452.md,1081820,0dba9f79fa0d944bdd6a5948ea956c7681fa2015c1aa921b01fb1a425efbbe96,54,117188,官方PDF已保存并校验,,2026-08-22
C-CSET-3674,3674,2020-10-13,W2,CSET原创研究报告,Estimating the Number of Chinese STEM Students in the United States,作者/项目正式研究,科技人才与科研安全；数字治理与网络安全；国家创新体系与产业政策,正式报告涉华科技关键词命中,"In recent years, concern has grown about the risks of Chinese nationals studying science, technology, engineering and mathematics (STEM) subjects at U.S. universities. This data brief estimates the number of Chinese students in the United States in detail, according to their fields of study and degree level. Among its findings: Chinese nationals comprise 16 percent of all graduate STEM students and 2 percent of undergraduate STEM students, lower proportions than were previously suggested in U.S. government reports.",https://cset.georgetown.edu/publication/estimating-the-number-of-chinese-stem-students-in-the-united-states/,https://cset.georgetown.edu/wp-content/uploads/CSET-Estimating-Chinese-STEM-Students.pdf,C:\Users\WINDOWS\OneDrive\知识库\智库信息爬虫\国际主要科技智库观点演变_研判\03_证据底稿\原文PDF\C-CSET-3674.pdf,C:\Users\WINDOWS\OneDrive\知识库\智库信息爬虫\国际主要科技智库观点演变_研判\03_证据底稿\文本\C-CSET-3674.txt,C:\Users\WINDOWS\OneDrive\知识库\智库信息爬虫\国际主要科技智库观点演变_研判\03_证据底稿\切片\C-CSET-3674.md,1445899,692274ea427329a2ba2a0ae7c09f5200d0de38fc31f68594d33e73eb9653017c,27,44562,官方PDF已保存并校验,,2026-08-22
C-CSET-3777,3777,2020-10-16,W2,中国科技政策英译,Xi Jinping: Speech at the Symposium of Scientists,翻译材料，不代表机构观点,科技人才与科研安全；军民融合与国防科技,China主题下的科技政策英译,See our original translation of a speech that Xi delivered to a meeting of academics in 2020 that he convened to solicit input for China’s upcoming 14th Five-Year Plan.,https://cset.georgetown.edu/publication/xi-jinping-speech-at-the-symposium-of-scientists/,https://cset.georgetown.edu/wp-content/uploads/t0211_Xi_Jinping_science_speech_EN.pdf,C:\Users\WINDOWS\OneDrive\知识库\智库信息爬虫\国际主要科技智库观点演变_研判\03_证据底稿\原文PDF\C-CSET-3777.pdf,C:\Users\WINDOWS\OneDrive\知识库\智库信息爬虫\国际主要科技智库观点演变_研判\03_证据底稿\文本\C-CSET-3777.txt,C:\Users\WINDOWS\OneDrive\知识库\智库信息爬虫\国际主要科技智库观点演变_研判\03_证据底稿\切片\C-CSET-3777.md,265393,9c42a8df2f66d7ca914c3b7e0b7df9880f0346f4d592742c300317d874193f64,8,25021,官方PDF已保存并校验,,2026-08-22
C-CSET-3780,3780,2020-10-16,W2,中国科技政策英译,National Medium- to Long-Term Civilian Space Infrastructure Development Plan (2015-2025),翻译材料，不代表机构观点,技术转移与出口管制；军民融合与国防科技；航天与其他前沿技术,China主题下的科技政策英译,"See our original translation of a document that lays out the PRC government’s priorities for developing China’s civilian space infrastructure through 2025. It recommends that China reduce its reliance on foreign civilian satellite technology, but also advocates for continued use of international exchanges and technology transfer as ways to catch up to more technologically advanced countries in space infrastructure.",https://cset.georgetown.edu/publication/national-medium-to-long-term-civilian-space-infrastructure-development-plan-2015-2025/,https://cset.georgetown.edu/wp-content/uploads/t0218_space_infrastructure_EN.pdf,C:\Users\WINDOWS\OneDrive\知识库\智库信息爬虫\国际主要科技智库观点演变_研判\03_证据底稿\原文PDF\C-CSET-3780.pdf,C:\Users\WINDOWS\OneDrive\知识库\智库信息爬虫\国际主要科技智库观点演变_研判\03_证据底稿\文本\C-CSET-3780.txt,C:\Users\WINDOWS\OneDrive\知识库\智库信息爬虫\国际主要科技智库观点演变_研判\03_证据底稿\切片\C-CSET-3780.md,352898,307cb517c6935d801009003c836ee60f4ab1c436e6f3054a56ae2c0c403983d0,17,54480,官方PDF已保存并校验,,2026-08-22
C-CSET-3824,3824,2020-10-22,W2,CSET原创研究报告,U.S. Semiconductor Exports to China: Current Policies and Trends,作者/项目正式研究,人工智能与算力；技术转移与出口管制,正式报告涉华科技关键词命中,"The United States has long used export controls to prevent the proliferation of advanced semiconductors and the inputs necessary to produce them. With Beijing building up its own chipmaking industry, the United States has begun tightening restrictions on exports of semiconductor manufacturing equipment to China. This brief provides an overview of U.S. semiconductor export control policies and analyzes the impacts of those policies on U.S.-China trade.",https://cset.georgetown.edu/publication/u-s-semiconductor-exports-to-china-current-policies-and-trends/,https://cset.georgetown.edu/wp-content/uploads/U.S.-Semiconductor-Exports-to-China-Current-Policies-and-Trends.pdf,C:\Users\WINDOWS\OneDrive\知识库\智库信息爬虫\国际主要科技智库观点演变_研判\03_证据底稿\原文PDF\C-CSET-3824.pdf,C:\Users\WINDOWS\OneDrive\知识库\智库信息爬虫\国际主要科技智库观点演变_研判\03_证据底稿\文本\C-CSET-3824.txt,C:\Users\WINDOWS\OneDrive\知识库\智库信息爬虫\国际主要科技智库观点演变_研判\03_证据底稿\切片\C-CSET-3824.md,888206,0f4e1ea2da555884294fb7d13196833d6b062d3332aeafbd61cd9e9ea0bac608,36,72354,官方PDF已保存并校验,,2026-08-22
C-CSET-3840,3840,2020-10-27,W2,CSET原创研究报告,Designing Alternatives to China’s Repressive Surveillance State,作者/项目正式研究,人工智能与算力；科技人才与科研安全；数字治理与网络安全,正式报告涉华科技关键词命中,"China has built a surveillance state that has increasingly incorporated AI-enabled technologies. Their use during the COVID-19 pandemic has softened the image of China’s surveillance system, presenting unique challenges to preventing the spread of such technologies around the globe. This policy brief outlines core actions the United States and its allies can take to combat the spread of surveillance systems that threaten basic human rights.",https://cset.georgetown.edu/publication/designing-alternatives-to-chinas-repressive-surveillance-state/,https://cset.georgetown.edu/wp-content/uploads/CSET-Designing-Alternatives-to-Chinas-Surveillance-State.pdf,C:\Users\WINDOWS\OneDrive\知识库\智库信息爬虫\国际主要科技智库观点演变_研判\03_证据底稿\原文PDF\C-CSET-3840.pdf,C:\Users\WINDOWS\OneDrive\知识库\智库信息爬虫\国际主要科技智库观点演变_研判\03_证据底稿\文本\C-CSET-3840.txt,C:\Users\WINDOWS\OneDrive\知识库\智库信息爬虫\国际主要科技智库观点演变_研判\03_证据底稿\切片\C-CSET-3840.md,579188,ce65475903cfa38ed9d9439e541314662e7f06c241b5787660122b0123495e86,31,69095,官方PDF已保存并校验,,2026-08-22
C-CSET-4184,4184,2020-12-03,W2,CSET原创研究报告,Universities and the Chinese Defense Technology Workforce,作者/项目正式研究,科技人才与科研安全；军民融合与国防科技,正式报告涉华科技关键词命中,"To help U.S. policymakers address long-held concerns about risks and threats associated with letting Chinese university students or graduates study in the United States, CSET experts examine which forms of collaboration, and with which Chinese universities, pose the greatest risk to U.S. research security.",https://cset.georgetown.edu/publication/universities-and-the-chinese-defense-technology-workforce/,https://cset.georgetown.edu/wp-content/uploads/CSET-Universities-and-the-Chinese-Defense-Technology-Workforce-3.pdf,C:\Users\WINDOWS\OneDrive\知识库\智库信息爬虫\国际主要科技智库观点演变_研判\03_证据底稿\原文PDF\C-CSET-4184.pdf,C:\Users\WINDOWS\OneDrive\知识库\智库信息爬虫\国际主要科技智库观点演变_研判\03_证据底稿\文本\C-CSET-4184.txt,C:\Users\WINDOWS\OneDrive\知识库\智库信息爬虫\国际主要科技智库观点演变_研判\03_证据底稿\切片\C-CSET-4184.md,1966145,fefaad178ec9b01931a3a737633d3a23945587790e45ba2b8a3a227b98af8026,38,72737,官方PDF已保存并校验,,2026-08-22
C-CSET-4562,4562,2021-01-13,W2,CSET原创研究报告,A New Institutional Approach to Research Security in the United States,作者/项目正式研究,科技人才与科研安全；军民融合与国防科技；数字治理与网络安全；国家创新体系与产业政策,正式报告涉华科技关键词命中,"U.S. research security requires trust and collaboration between those conducting R&D and the federal government. Most R&D takes place in the private sector, outside of government authority and control, and researchers are wary of federal government or law enforcement involvement in their work. Despite these challenges, as adversaries work to extract science, technology, data and know-how from the United States, the U.S. government is pursuing an ambitious research security initiative. In order to secure the 78 percent of U.S. R&D funded outside the government, authors Melissa Flagg and Zachary Arnold propose a new, public-private research security clearinghouse, with leadership from academia, business, philanthropy, and government and a presence in the most active R&D hubs across the United States.",https://cset.georgetown.edu/publication/a-new-institutional-approach-to-research-security-in-the-united-states/,https://cset.georgetown.edu/wp-content/uploads/CSET-A-New-Institutional-Approach-to-Research-Security-in-the-United-States-4.pdf,C:\Users\WINDOWS\OneDrive\知识库\智库信息爬虫\国际主要科技智库观点演变_研判\03_证据底稿\原文PDF\C-CSET-4562.pdf,C:\Users\WINDOWS\OneDrive\知识库\智库信息爬虫\国际主要科技智库观点演变_研判\03_证据底稿\文本\C-CSET-4562.txt,C:\Users\WINDOWS\OneDrive\知识库\智库信息爬虫\国际主要科技智库观点演变_研判\03_证据底稿\切片\C-CSET-4562.md,1345637,da88d973694d209354a491aa6564fa9e177d8adfac4922fb46f24d39ddc8f483,27,59084,官方PDF已保存并校验,,2026-08-22
C-CSET-4705,4705,2021-01-22,W2,CSET原创研究报告,Securing Semiconductor Supply Chains,作者/项目正式研究,人工智能与算力；技术转移与出口管制,正式报告涉华科技关键词命中,"The countries with the greatest capacity to develop, produce and acquire state-of-the-art semiconductor chips hold key advantages in the development of emerging technologies. At present, the United States and its allies possess significant leverage over core segments of the supply chain used to produce these chips. This policy brief outlines actions the United States and its allies can take to secure that advantage in the long term and use it to promote the beneficial use of emerging technologies, such as artificial intelligence.",https://cset.georgetown.edu/publication/securing-semiconductor-supply-chains/,https://cset.georgetown.edu/wp-content/uploads/Securing-Semiconductor-Supply-Chains-Policy-Brief.pdf,C:\Users\WINDOWS\OneDrive\知识库\智库信息爬虫\国际主要科技智库观点演变_研判\03_证据底稿\原文PDF\C-CSET-4705.pdf,C:\Users\WINDOWS\OneDrive\知识库\智库信息爬虫\国际主要科技智库观点演变_研判\03_证据底稿\文本\C-CSET-4705.txt,C:\Users\WINDOWS\OneDrive\知识库\智库信息爬虫\国际主要科技智库观点演变_研判\03_证据底稿\切片\C-CSET-4705.md,749350,84c6d98670014212d19b4dadc3410ae62d41eb1c4e7f6d347db7ecc82b46b1ac,71,163952,官方PDF已保存并校验,,2026-08-22
C-CSET-4708,4708,2021-01-22,W2,CSET原创研究报告,The Semiconductor Supply Chain,作者/项目正式研究,人工智能与算力；技术转移与出口管制,正式报告涉华科技关键词命中,"Semiconductors are a key component in fueling scientific progress, promoting economic advancement, and ensuring national security. This issue brief summarizes each component of the semiconductor supply chain and where the United States and its allies possess the greatest leverage. A related policy brief, “Securing Semiconductor Supply Chains,” recommends policy actions to ensure the United States maintains this leverage and uses it to promote the beneficial use of emerging technologies, such as artificial intelligence.",https://cset.georgetown.edu/publication/the-semiconductor-supply-chain/,https://cset.georgetown.edu/wp-content/uploads/The-Semiconductor-Supply-Chain-Issue-Brief-1.pdf,C:\Users\WINDOWS\OneDrive\知识库\智库信息爬虫\国际主要科技智库观点演变_研判\03_证据底稿\原文PDF\C-CSET-4708.pdf,C:\Users\WINDOWS\OneDrive\知识库\智库信息爬虫\国际主要科技智库观点演变_研判\03_证据底稿\文本\C-CSET-4708.txt,C:\Users\WINDOWS\OneDrive\知识库\智库信息爬虫\国际主要科技智库观点演变_研判\03_证据底稿\切片\C-CSET-4708.md,4379560,319d942ba53468a6d5af97c9e46f6134fda2bf03958237e966bdc8c9cc8098ff,98,196862,官方PDF已保存并校验,,2026-08-22
C-CSET-4746,4746,2021-01-25,W2,CSET原创研究报告,China’s STI Operations,作者/项目正式研究,科技人才与科研安全；国家创新体系与产业政策,正式报告涉华科技关键词命中,"Open source intelligence (OSINT) and science and technology intelligence (STI) are realized differently in the United States and China, China putting greater value on both. In the United States’ understanding, OSINT “enables” classified reporting, while in China it is the intelligence of first resort. This contrast extends to STI which has a lower priority in the U.S. system, whereas China and its top leaders personally lavish great attention on STI and rely on it for national decisions. Establishing a “National S&T Analysis Center” within the U.S. government could help to address these challenges.",https://cset.georgetown.edu/publication/chinas-sti-operations/,https://cset.georgetown.edu/wp-content/uploads/CSET-Chinas-STI-Operations.pdf,C:\Users\WINDOWS\OneDrive\知识库\智库信息爬虫\国际主要科技智库观点演变_研判\03_证据底稿\原文PDF\C-CSET-4746.pdf,C:\Users\WINDOWS\OneDrive\知识库\智库信息爬虫\国际主要科技智库观点演变_研判\03_证据底稿\文本\C-CSET-4746.txt,C:\Users\WINDOWS\OneDrive\知识库\智库信息爬虫\国际主要科技智库观点演变_研判\03_证据底稿\切片\C-CSET-4746.md,1532803,79b8f91aac4f45bcd6552648f4e25663a6894f96f69c63b5f9763670784f57e1,62,119398,官方PDF已保存并校验,,2026-08-22
C-CSET-4841,4841,2021-02-14,W2,CSET原创研究报告,Assessing the Scope of U.S. Visa Restrictions on Chinese Students,作者/项目正式研究,科技人才与科研安全；军民融合与国防科技；数字治理与网络安全,正式报告涉华科技关键词命中,"In May 2020, the White House announced it would deny visas to Chinese graduate students and researchers who are affiliated with organizations that implement or support China’s military-civil fusion strategy. The authors discuss several ways this policy might be implemented. Based on Chinese and U.S. policy documents and data sources, they estimate that between three and five thousand Chinese students might be prevented from entering U.S. graduate programs each year.",https://cset.georgetown.edu/publication/assessing-the-scope-of-u-s-visa-restrictions-on-chinese-students/,https://cset.georgetown.edu/wp-content/uploads/CSET-Assessing-the-Scope-of-U.S.-Visa-Restrictions-on-Chinese-Students.pdf,C:\Users\WINDOWS\OneDrive\知识库\智库信息爬虫\国际主要科技智库观点演变_研判\03_证据底稿\原文PDF\C-CSET-4841.pdf,C:\Users\WINDOWS\OneDrive\知识库\智库信息爬虫\国际主要科技智库观点演变_研判\03_证据底稿\文本\C-CSET-4841.txt,C:\Users\WINDOWS\OneDrive\知识库\智库信息爬虫\国际主要科技智库观点演变_研判\03_证据底稿\切片\C-CSET-4841.md,317144,f7a1c10e0e6c335595eba2f748843f8b192ae9ac6fea5d2f3014530b7ee8ea5b,37,80145,官方PDF已保存并校验,,2026-08-22
C-CSET-5200,5200,2021-03-08,W2,CSET原创研究报告,"Academics, AI, and APTs",作者/项目正式研究,人工智能与算力；军民融合与国防科技；数字治理与网络安全,正式报告涉华科技关键词命中,"Six Chinese universities have relationships with Advanced Persistent Threat (APT) hacking teams. Their activities range from recruitment to running cyber operations. These partnerships, themselves a case study in military-civil fusion, allow state-sponsored hackers to quickly move research from the lab to the field. This report examines these universities’ relationships with known APTs and analyzes the schools’ AI/ML research that may translate to future operational capabilities.",https://cset.georgetown.edu/publication/academics-ai-and-apts/,https://cset.georgetown.edu/wp-content/uploads/CSET-Academics-AI-and-APTs.pdf,C:\Users\WINDOWS\OneDrive\知识库\智库信息爬虫\国际主要科技智库观点演变_研判\03_证据底稿\原文PDF\C-CSET-5200.pdf,C:\Users\WINDOWS\OneDrive\知识库\智库信息爬虫\国际主要科技智库观点演变_研判\03_证据底稿\文本\C-CSET-5200.txt,C:\Users\WINDOWS\OneDrive\知识库\智库信息爬虫\国际主要科技智库观点演变_研判\03_证据底稿\切片\C-CSET-5200.md,523071,0a8129f4abd8aff7abd544fcdac9d22895f43f0c907fd26b38ee6d2e23000bb0,36,71893,官方PDF已保存并校验,,2026-08-22
C-CSET-5208,5208,2021-03-10,W2,CSET原创研究报告,Chinese Government Guidance Funds,作者/项目正式研究,人工智能与算力；国家创新体系与产业政策,正式报告涉华科技关键词命中,"The Chinese government is pouring money into public-private investment funds, known as guidance funds, to advance China’s strategic and emerging technologies, including artificial intelligence. These funds are mobilizing massive amounts of capital from public and private sources—prompting both concern and skepticism among outside observers. This overview presents essential findings from our full-length report on these funds, analyzing the guidance fund model, its intended benefits and weaknesses, and its long-term prospects for success.",https://cset.georgetown.edu/publication/chinese-government-guidance-funds/,https://cset.georgetown.edu/wp-content/uploads/CSET-Chinese-Government-Guidance-Funds.pdf,C:\Users\WINDOWS\OneDrive\知识库\智库信息爬虫\国际主要科技智库观点演变_研判\03_证据底稿\原文PDF\C-CSET-5208.pdf,C:\Users\WINDOWS\OneDrive\知识库\智库信息爬虫\国际主要科技智库观点演变_研判\03_证据底稿\文本\C-CSET-5208.txt,C:\Users\WINDOWS\OneDrive\知识库\智库信息爬虫\国际主要科技智库观点演变_研判\03_证据底稿\切片\C-CSET-5208.md,202981,f9cb439947514461077c2355d10658f370799cdf03b16ca674ecbf576355292c,10,17625,官方PDF已保存并校验,,2026-08-22
C-CSET-5212,5212,2021-03-10,W2,CSET原创研究报告,Understanding Chinese Government Guidance Funds,作者/项目正式研究,人工智能与算力；国家创新体系与产业政策,正式报告涉华科技关键词命中,"China’s government is using public-private investment funds, known as guidance funds, to deploy massive amounts of capital in support of strategic and emerging technologies, including artificial intelligence. Drawing exclusively on Chinese-language sources, this report explores how guidance funds raise and deploy capital, manage their investment, and interact with public and private actors. The guidance fund model is no silver bullet, but it has many advantages over traditional industrial policy mechanisms.",https://cset.georgetown.edu/publication/understanding-chinese-government-guidance-funds/,https://cset.georgetown.edu/wp-content/uploads/CSET-Understanding-Chinese-Government-Guidance-Funds.pdf,C:\Users\WINDOWS\OneDrive\知识库\智库信息爬虫\国际主要科技智库观点演变_研判\03_证据底稿\原文PDF\C-CSET-5212.pdf,C:\Users\WINDOWS\OneDrive\知识库\智库信息爬虫\国际主要科技智库观点演变_研判\03_证据底稿\文本\C-CSET-5212.txt,C:\Users\WINDOWS\OneDrive\知识库\智库信息爬虫\国际主要科技智库观点演变_研判\03_证据底稿\切片\C-CSET-5212.md,723376,09e43e43950c11bcfe386310e76a58669adda99082cac8257613f312fcb15bea,89,161174,官方PDF已保存并校验,,2026-08-22
C-CSET-5275,5275,2021-03-16,W2,CSET原创研究报告,Lessons from Stealth for Emerging Technologies,作者/项目正式研究,军民融合与国防科技,正式报告涉华科技关键词命中,"Stealth technology was one of the most decisive developments in military aviation in the last 50 years. With U.S. technological leadership now under challenge, especially from China, this issue brief derives several lessons from the history of Stealth to guide current policymakers. The example of Stealth shows how the United States produced one critical technology in the past and how it might produce others today.",https://cset.georgetown.edu/publication/lessons-from-stealth-for-emerging-technologies/,https://cset.georgetown.edu/wp-content/uploads/CSET-Lessons-from-Stealth-for-Emerging-Technologies.pdf,C:\Users\WINDOWS\OneDrive\知识库\智库信息爬虫\国际主要科技智库观点演变_研判\03_证据底稿\原文PDF\C-CSET-5275.pdf,C:\Users\WINDOWS\OneDrive\知识库\智库信息爬虫\国际主要科技智库观点演变_研判\03_证据底稿\文本\C-CSET-5275.txt,C:\Users\WINDOWS\OneDrive\知识库\智库信息爬虫\国际主要科技智库观点演变_研判\03_证据底稿\切片\C-CSET-5275.md,274796,75dbd14851c6aab6b44f0596cfdae6763ce1212694e48cec570eb7ca8e96e0b5,32,65469,官方PDF已保存并校验,,2026-08-22
C-CSET-5319,5319,2021-03-17,W2,涉华科技政策证词,Testimony Before Senate Foreign Relations Committee,作者政策证词,人工智能与算力,China主题下的科技政策证词,"CSET Research Fellow Saif M. Khan testified before the Senate Foreign Relations Committee for its hearing, “Advancing Effective U.S. Policy for Strategic Competition with China in the Twenty-First Century.” Khan spoke to the importance of U.S. leadership in semiconductor and artificial intelligence technology.",https://cset.georgetown.edu/publication/testimony-before-senate-foreign-relations-committee/,https://cset.georgetown.edu/wp-content/uploads/SFRC-Testimony-Saif-Khan.pdf,C:\Users\WINDOWS\OneDrive\知识库\智库信息爬虫\国际主要科技智库观点演变_研判\03_证据底稿\原文PDF\C-CSET-5319.pdf,C:\Users\WINDOWS\OneDrive\知识库\智库信息爬虫\国际主要科技智库观点演变_研判\03_证据底稿\文本\C-CSET-5319.txt,C:\Users\WINDOWS\OneDrive\知识库\智库信息爬虫\国际主要科技智库观点演变_研判\03_证据底稿\切片\C-CSET-5319.md,135468,67f34732d060955c81a16b8db3674628c9318121d4798201034389e989827528,4,12358,官方PDF已保存并校验,,2026-08-22
C-CSET-5350,5350,2021-03-19,W2,涉华科技政策证词,Zachary Arnold’s Testimony Before the U.S. China Economic and Security Review Commission,作者政策证词,军民融合与国防科技；国家创新体系与产业政策,China主题下的科技政策证词,CSET Research Fellow Zachary Arnold testified before the U.S.-China Economic and Security Review Commission hearing on “U.S. Investment in China’s Capital Markets and Military-Industrial Complex.” Arnold discussed discuss China’s use of financial capital flows and the state’s prominent role in allocating capital to specific firms and sectors.,https://cset.georgetown.edu/publication/zachary-arnolds-testimony-before-the-u-s-china-economic-and-security-review-commission/,https://cset.georgetown.edu/wp-content/uploads/Arnold_Testimony.pdf,C:\Users\WINDOWS\OneDrive\知识库\智库信息爬虫\国际主要科技智库观点演变_研判\03_证据底稿\原文PDF\C-CSET-5350.pdf,C:\Users\WINDOWS\OneDrive\知识库\智库信息爬虫\国际主要科技智库观点演变_研判\03_证据底稿\文本\C-CSET-5350.txt,C:\Users\WINDOWS\OneDrive\知识库\智库信息爬虫\国际主要科技智库观点演变_研判\03_证据底稿\切片\C-CSET-5350.md,396925,4b5ba3896de439cf7fda69ef6149d209212af54883c5320ecac3c579f2d3e124,20,61335,官方PDF已保存并校验,,2026-08-22
C-CSET-5360,5360,2021-03-19,W2,涉华科技政策证词,Emily Weinstein’s Testimony Before the U.S.-China Economic and Security Review Commission,作者政策证词,科技人才与科研安全；军民融合与国防科技；国家创新体系与产业政策,China主题下的科技政策证词,CSET Research Analyst Emily Weinstein testified before the U.S.-China Economic and Security Review Commission hearing on “U.S. Investment in China’s Capital Markets and Military-Industrial Complex.” Weinstein discussed China’s military-civil fusion strategy in university investment firms and Chinese talent programs.,https://cset.georgetown.edu/publication/emily-weinsteins-testimony-before-the-u-s-china-economic-and-security-review-commission/,https://cset.georgetown.edu/wp-content/uploads/Weinstein_Testimony_March2021.pdf,C:\Users\WINDOWS\OneDrive\知识库\智库信息爬虫\国际主要科技智库观点演变_研判\03_证据底稿\原文PDF\C-CSET-5360.pdf,C:\Users\WINDOWS\OneDrive\知识库\智库信息爬虫\国际主要科技智库观点演变_研判\03_证据底稿\文本\C-CSET-5360.txt,C:\Users\WINDOWS\OneDrive\知识库\智库信息爬虫\国际主要科技智库观点演变_研判\03_证据底稿\切片\C-CSET-5360.md,341962,3eee0851e6e56a02ed4c7068a24033a79d36f76ceac956b14bcd532f77031b03,22,59781,官方PDF已保存并校验,,2026-08-22
C-CSET-5394,5394,2021-03-23,W2,CSET原创研究报告,China’s Progress in Semiconductor Manufacturing Equipment,作者/项目正式研究,人工智能与算力；军民融合与国防科技,正式报告涉华科技关键词命中,"To reduce its dependence on the United States and its allies for semiconductors, China is building domestic semiconductor manufacturing facilities by importing U.S., Japanese, and Dutch semiconductor manufacturing equipment. In the longer term, it also hopes to indigenize this equipment to replace imports. U.S. and allied policy responses to China’s efforts will significantly affect its prospects for success in this challenging task.",https://cset.georgetown.edu/publication/chinas-progress-in-semiconductor-manufacturing-equipment/,https://cset.georgetown.edu/wp-content/uploads/CSET-Chinas-Progress-in-Semiconductor-Manufacturing-Equipment.pdf,C:\Users\WINDOWS\OneDrive\知识库\智库信息爬虫\国际主要科技智库观点演变_研判\03_证据底稿\原文PDF\C-CSET-5394.pdf,C:\Users\WINDOWS\OneDrive\知识库\智库信息爬虫\国际主要科技智库观点演变_研判\03_证据底稿\文本\C-CSET-5394.txt,C:\Users\WINDOWS\OneDrive\知识库\智库信息爬虫\国际主要科技智库观点演变_研判\03_证据底稿\切片\C-CSET-5394.md,987417,cb4a336834d84cc330d4c04caf3330d4d268f7d4eb1f4e2616e4a5b6811bb543,68,133341,官方PDF已保存并校验,,2026-08-22
C-CSET-6033,6033,2021-05-25,W2,CSET原创研究报告,China’s Foreign Technology Wish List,作者/项目正式研究,技术转移与出口管制；国家创新体系与产业政策,正式报告涉华科技关键词命中,"“Science and technology diplomats” act as brokers as part of China’s broader strategy to acquire foreign technology. Each year, they file hundreds of official reports on their activities. This issue brief illuminates trends in the 642 reports filed by the S&T directorates of Chinese embassies and consulates from 2015 to 2020, quantifying which types of technologies the Chinese government is most focused on acquiring, and from where.",https://cset.georgetown.edu/publication/chinas-foreign-technology-wish-list/,https://cset.georgetown.edu/wp-content/uploads/CSET-Chinas-Foreign-Technology-Wish-List.pdf,C:\Users\WINDOWS\OneDrive\知识库\智库信息爬虫\国际主要科技智库观点演变_研判\03_证据底稿\原文PDF\C-CSET-6033.pdf,C:\Users\WINDOWS\OneDrive\知识库\智库信息爬虫\国际主要科技智库观点演变_研判\03_证据底稿\文本\C-CSET-6033.txt,C:\Users\WINDOWS\OneDrive\知识库\智库信息爬虫\国际主要科技智库观点演变_研判\03_证据底稿\切片\C-CSET-6033.md,1846570,7633e34f565baf4ce2dcaf7c3b33fca9e3ce661ed8731607c1fab857c3984239,54,87547,官方PDF已保存并校验,,2026-08-22
C-CSET-6084,6084,2021-06-01,W2,CSET原创研究报告,"Research Security, Collaboration, and the Changing Map of Global R&D",作者/项目正式研究,科技人才与科研安全；国家创新体系与产业政策,正式报告涉华科技关键词命中,"The global map of research has shifted dramatically over the last 20 years. Annual global investment in research and development has tripled, and the United States’ share of both global R&D funding and total research output is diminishing. The open research system, with its expanding rates of investment and interconnectedness, has delivered tremendous benefits to many nations but also created new challenges for research integrity and security.",https://cset.georgetown.edu/publication/research-security-collaboration-and-the-changing-map-of-global-rd/,https://cset.georgetown.edu/wp-content/uploads/CSET-Research-Security-Collaboration-and-the-Changing-Map-of-Global-RD.pdf,C:\Users\WINDOWS\OneDrive\知识库\智库信息爬虫\国际主要科技智库观点演变_研判\03_证据底稿\原文PDF\C-CSET-6084.pdf,C:\Users\WINDOWS\OneDrive\知识库\智库信息爬虫\国际主要科技智库观点演变_研判\03_证据底稿\文本\C-CSET-6084.txt,C:\Users\WINDOWS\OneDrive\知识库\智库信息爬虫\国际主要科技智库观点演变_研判\03_证据底稿\切片\C-CSET-6084.md,1588476,0bf2f3b6a2c34df371db5d728558c8488e760737ef092231c7b352659b1e99fe,17,24860,官方PDF已保存并校验,,2026-08-22
C-CSET-6404,6404,2021-06-21,W2,CSET原创研究报告,Poison in the Well,作者/项目正式研究,技术转移与出口管制；数字治理与网络安全,正式报告涉华科技关键词命中,"Modern machine learning often relies on open-source datasets, pretrained models, and machine learning libraries from across the internet, but are those resources safe to use? Previously successful digital supply chain attacks against cyber infrastructure suggest the answer may be no. This report introduces policymakers to these emerging threats and provides recommendations for how to secure the machine learning supply chain.",https://cset.georgetown.edu/publication/poison-in-the-well/,https://cset.georgetown.edu/wp-content/uploads/CSET-Poison-in-the-Well.pdf,C:\Users\WINDOWS\OneDrive\知识库\智库信息爬虫\国际主要科技智库观点演变_研判\03_证据底稿\原文PDF\C-CSET-6404.pdf,C:\Users\WINDOWS\OneDrive\知识库\智库信息爬虫\国际主要科技智库观点演变_研判\03_证据底稿\文本\C-CSET-6404.txt,C:\Users\WINDOWS\OneDrive\知识库\智库信息爬虫\国际主要科技智库观点演变_研判\03_证据底稿\切片\C-CSET-6404.md,2099802,979f7654eb9d3fe60986e98f2ed6b1feb31df2b13f7a1d398f9e1f7ec9940e47,30,50504,官方PDF已保存并校验,,2026-08-22
C-CSET-6554,6554,2021-06-30,W2,CSET原创研究报告,China’s National Cybersecurity Center,作者/项目正式研究,科技人才与科研安全；数字治理与网络安全；国家创新体系与产业政策,正式报告涉华科技关键词命中,"China’s National Cybersecurity Center (NCC) resides on a 40 km2 plot in Wuhan. As one indication of its significance, the Chinese Communist Party’s highest-ranking members have an oversight committee for the facility. Over the next decade, the NCC will provide the talent, innovation, and indigenization of cyber capabilities that China’s Ministry of State Security, Ministry of Public Security, and People’s Liberation Army Strategic Support Force hacking teams lack. Though still under construction, the NCC’s first class of graduates will cross the stage in June 2022.",https://cset.georgetown.edu/publication/chinas-national-cybersecurity-center/,https://cset.georgetown.edu/wp-content/uploads/CSET-Chinas-National-Cybersecurity-Center-1.pdf,C:\Users\WINDOWS\OneDrive\知识库\智库信息爬虫\国际主要科技智库观点演变_研判\03_证据底稿\原文PDF\C-CSET-6554.pdf,C:\Users\WINDOWS\OneDrive\知识库\智库信息爬虫\国际主要科技智库观点演变_研判\03_证据底稿\文本\C-CSET-6554.txt,C:\Users\WINDOWS\OneDrive\知识库\智库信息爬虫\国际主要科技智库观点演变_研判\03_证据底稿\切片\C-CSET-6554.md,18870872,17047a0358c64308fda67669c07223801c02b098adeb9bfec90b4e5685b0975a,71,122265,官方PDF已保存并校验,,2026-08-22
C-CSET-6957,6957,2021-07-20,W2,涉华科技政策证词,Will Hunt’s Testimony Before the Strategic Technologies and Advanced Research (STAR) Subcommittee,作者政策证词,人工智能与算力；国家创新体系与产业政策,China主题下的科技政策证词,CSET Research Analyst Will Hunt testified before the Strategic Technologies and Advanced Research (STAR) Subcommittee on “Microelectronics: Levers for Promoting Security and Innovation.” He offered recommendations to advance the U.S.’ semiconductor industry.,https://cset.georgetown.edu/publication/will-hunts-testimony-before-the-strategic-technologies-and-advanced-research-star-subcommittee/,https://cset.georgetown.edu/wp-content/uploads/Hunt_Testimony_July-2021.pdf,C:\Users\WINDOWS\OneDrive\知识库\智库信息爬虫\国际主要科技智库观点演变_研判\03_证据底稿\原文PDF\C-CSET-6957.pdf,C:\Users\WINDOWS\OneDrive\知识库\智库信息爬虫\国际主要科技智库观点演变_研判\03_证据底稿\文本\C-CSET-6957.txt,C:\Users\WINDOWS\OneDrive\知识库\智库信息爬虫\国际主要科技智库观点演变_研判\03_证据底稿\切片\C-CSET-6957.md,152718,3bf13383d01d3a8ef0908587ef88cbcc803f65fd117cbd313e4c41a0442c073b,6,16494,官方PDF已保存并校验,,2026-08-22
C-CSET-6780,6780,2021-07-22,W2,CSET原创研究报告,The Huawei Moment,作者/项目正式研究,综合科技竞争,正式报告涉华科技关键词命中,"For the first time, a Chinese company—Huawei—is set to lead the global transition from one key national security infrastructure technology to the next. How did Washington, at the beginning of the twenty-first century, fail to protect U.S. firms in this strategic technology and allow a geopolitical competitor to take a leadership position in a national security relevant critical infrastructure such as telecommunications? This policy brief highlights the characteristics of 5G development that China leveraged, exploited, and supported to take the lead in this key technology. The Huawei case study is in some ways the canary in the coal mine for emerging technologies and an illustration of what can happen to U.S. competitiveness when China’s companies do not have to base decisions on market forces.",https://cset.georgetown.edu/publication/the-huawei-moment/,https://cset.georgetown.edu/wp-content/uploads/CSET-The-Huawei-Moment.pdf,C:\Users\WINDOWS\OneDrive\知识库\智库信息爬虫\国际主要科技智库观点演变_研判\03_证据底稿\原文PDF\C-CSET-6780.pdf,C:\Users\WINDOWS\OneDrive\知识库\智库信息爬虫\国际主要科技智库观点演变_研判\03_证据底稿\文本\C-CSET-6780.txt,C:\Users\WINDOWS\OneDrive\知识库\智库信息爬虫\国际主要科技智库观点演变_研判\03_证据底稿\切片\C-CSET-6780.md,1048724,627ad1b7a4dd9efe7764e0b527ce1b46f7303bef30dc9f7fca6f0c568d98433e,62,109831,官方PDF已保存并校验,,2026-08-22
C-CSET-6840,6840,2021-07-26,W2,CSET原创研究报告,China’s CyberAI Talent Pipeline,作者/项目正式研究,人工智能与算力；科技人才与科研安全；数字治理与网络安全；国家创新体系与产业政策,正式报告涉华科技关键词命中,"To what extent does China’s cultivation of talent in cybersecurity and AI matter in terms of competitiveness with other countries? Right now, it seems to have an edge: China’s 11 World-Class Cybersecurity Schools offer more classes on artificial intelligence and machine learning than do the 20 U.S. universities certified as Centers of Academic Excellence in Cyber Operations. This policy brief recommends tracking 13 research grants from the National Science Foundation that attempt to integrate AI into cybersecurity curricula.",https://cset.georgetown.edu/publication/chinas-cyberai-talent-pipeline/,https://cset.georgetown.edu/wp-content/uploads/Chinas-CyberAI-Talent-Pipeline.pdf,C:\Users\WINDOWS\OneDrive\知识库\智库信息爬虫\国际主要科技智库观点演变_研判\03_证据底稿\原文PDF\C-CSET-6840.pdf,C:\Users\WINDOWS\OneDrive\知识库\智库信息爬虫\国际主要科技智库观点演变_研判\03_证据底稿\文本\C-CSET-6840.txt,C:\Users\WINDOWS\OneDrive\知识库\智库信息爬虫\国际主要科技智库观点演变_研判\03_证据底稿\切片\C-CSET-6840.md,454194,b23a5b51779a9f2e84605e1b16de42f08082de857e7106d7c5c6a4d9cc556f04,23,38661,官方PDF已保存并校验,,2026-08-22
C-CSET-6949,6949,2021-08-04,W2,涉华科技政策证词,Anna Puglisi’s Testimony Before the Senate Select Committee on Intelligence,作者政策证词,综合科技竞争,China主题下的科技政策证词,CSET Senior Fellow Anna Puglisi testified before the Senate Select Committee on Intelligence on “Beijing’s Long Arm: Threats to U.S. National Security.” She offered recommendations to counter China’s S&T collection efforts.,https://cset.georgetown.edu/publication/anna-puglisis-testimony-before-the-senate-select-committee-on-intelligence/,https://cset.georgetown.edu/wp-content/uploads/Anna-Puglisi-Testimony-August-2021.pdf,C:\Users\WINDOWS\OneDrive\知识库\智库信息爬虫\国际主要科技智库观点演变_研判\03_证据底稿\原文PDF\C-CSET-6949.pdf,C:\Users\WINDOWS\OneDrive\知识库\智库信息爬虫\国际主要科技智库观点演变_研判\03_证据底稿\文本\C-CSET-6949.txt,C:\Users\WINDOWS\OneDrive\知识库\智库信息爬虫\国际主要科技智库观点演变_研判\03_证据底稿\切片\C-CSET-6949.md,458816,9ad8c9d5cf2b44bcda82000a5ad683d1cd28008d644748d4e2a1f18c1add571c,10,36383,官方PDF已保存并校验,,2026-08-22
C-CSET-7143,7143,2021-08-18,W2,CSET原创研究报告,Indonesia’s AI Promise in Perspective,作者/项目正式研究,人工智能与算力；数字治理与网络安全；国家创新体系与产业政策,正式报告涉华科技关键词命中,"The United States and China are keeping an eye on Indonesia’s artificial intelligence potential given the country’s innovation-driven national strategy and flourishing AI industry. China views Indonesia as an anchor for its economic, digital, and political inroads in Southeast Asia and has invested aggressively in new partnerships. The United States, with robust political and economic relations rooted in shared democratic ideals, has an opportunity to leverage its comparative advantages and tap into Indonesia’s AI potential through high-level agreements.",https://cset.georgetown.edu/publication/indonesias-ai-promise-in-perspective/,https://cset.georgetown.edu/wp-content/uploads/CSET-Indonesias-AI-Promise-in-Perspective-1.pdf,C:\Users\WINDOWS\OneDrive\知识库\智库信息爬虫\国际主要科技智库观点演变_研判\03_证据底稿\原文PDF\C-CSET-7143.pdf,C:\Users\WINDOWS\OneDrive\知识库\智库信息爬虫\国际主要科技智库观点演变_研判\03_证据底稿\文本\C-CSET-7143.txt,C:\Users\WINDOWS\OneDrive\知识库\智库信息爬虫\国际主要科技智库观点演变_研判\03_证据底稿\切片\C-CSET-7143.md,1150952,02725d7d951c867563d34994d49df567ca860b1b4b5340842f8324b9c8038f68,52,107089,官方PDF已保存并校验,,2026-08-22
C-CSET-7210,7210,2021-08-26,W2,CSET原创研究报告,Headline or Trend Line?,作者/项目正式研究,人工智能与算力,正式报告涉华科技关键词命中,"Chinese and Russian government officials are keen to publicize their countries’ strategic partnership in emerging technologies, particularly artificial intelligence. This report evaluates the scope of cooperation between China and Russia as well as relative trends over time in two key metrics of AI development: research publications and investment. The findings expose gaps between aspirations and reality, bringing greater accuracy and nuance to current assessments of Sino-Russian tech cooperation.",https://cset.georgetown.edu/publication/headline-or-trend-line/,https://cset.georgetown.edu/wp-content/uploads/Headline-or-Trend-Line.pdf,C:\Users\WINDOWS\OneDrive\知识库\智库信息爬虫\国际主要科技智库观点演变_研判\03_证据底稿\原文PDF\C-CSET-7210.pdf,C:\Users\WINDOWS\OneDrive\知识库\智库信息爬虫\国际主要科技智库观点演变_研判\03_证据底稿\文本\C-CSET-7210.txt,C:\Users\WINDOWS\OneDrive\知识库\智库信息爬虫\国际主要科技智库观点演变_研判\03_证据底稿\切片\C-CSET-7210.md,934416,f113b6379fff0bd1e3dee75f261ffd5050faa14409ef6bb1f6df9e7cb1eac5ab,63,123875,官方PDF已保存并校验,,2026-08-22
C-CSET-7456,7456,2021-09-14,W2,CSET原创研究报告,Education in China and the United States,作者/项目正式研究,人工智能与算力；科技人才与科研安全,正式报告涉华科技关键词命中,"A globally competitive AI workforce hinges on the education, development, and sustainment of the best and brightest AI talent. This issue brief provides an overview of the education systems in China and the United States, lending context to better understand the accompanying main report, “AI Education in China and the United States: A Comparative Assessment.”",https://cset.georgetown.edu/publication/education-in-china-and-the-united-states/,https://cset.georgetown.edu/wp-content/uploads/CSET-Education-in-China-and-the-United-States-1.pdf,C:\Users\WINDOWS\OneDrive\知识库\智库信息爬虫\国际主要科技智库观点演变_研判\03_证据底稿\原文PDF\C-CSET-7456.pdf,C:\Users\WINDOWS\OneDrive\知识库\智库信息爬虫\国际主要科技智库观点演变_研判\03_证据底稿\文本\C-CSET-7456.txt,C:\Users\WINDOWS\OneDrive\知识库\智库信息爬虫\国际主要科技智库观点演变_研判\03_证据底稿\切片\C-CSET-7456.md,492287,d5e747cddcc04afa0e90d8b0a916333cc013ab08d97797c6a91f25eb86a7338b,33,54862,官方PDF已保存并校验,,2026-08-22
C-CSET-7460,7460,2021-09-14,W2,CSET原创研究报告,AI Education in China and the United States,作者/项目正式研究,人工智能与算力；科技人才与科研安全；军民融合与国防科技,正式报告涉华科技关键词命中,"A globally competitive AI workforce hinges on the education, development, and sustainment of the best and brightest AI talent. This issue brief compares efforts to integrate AI education in China and the United States, and what advantages and disadvantages this entails. The authors consider key differences in system design and oversight, as well as strategic planning. They then explore implications for the U.S. national security community.",https://cset.georgetown.edu/publication/ai-education-in-china-and-the-united-states/,https://cset.georgetown.edu/wp-content/uploads/CSET-AI-Education-in-China-and-the-United-States-1.pdf,C:\Users\WINDOWS\OneDrive\知识库\智库信息爬虫\国际主要科技智库观点演变_研判\03_证据底稿\原文PDF\C-CSET-7460.pdf,C:\Users\WINDOWS\OneDrive\知识库\智库信息爬虫\国际主要科技智库观点演变_研判\03_证据底稿\文本\C-CSET-7460.txt,C:\Users\WINDOWS\OneDrive\知识库\智库信息爬虫\国际主要科技智库观点演变_研判\03_证据底稿\切片\C-CSET-7460.md,3649099,035d1a55f5ea65abea6b0cc14dab0f20b000b3609477eb7be37f6609f7f82019,55,98387,官方PDF已保存并校验,,2026-08-22
C-CSET-7533,7533,2021-09-21,W2,CSET原创研究报告,Robot Hacking Games,作者/项目正式研究,军民融合与国防科技；数字治理与网络安全；航天与其他前沿技术,正式报告涉华科技关键词命中,"Software vulnerability discovery, patching, and exploitation—collectively known as the vulnerability lifecycle—is time consuming and labor intensive. Automating the process could significantly improve software security and offensive hacking. The Defense Advanced Research Projects Agency’s Cyber Grand Challenge supported teams of researchers from 2014 to 2016 that worked to create these tools. China took notice. In 2017, China hosted its first Robot Hacking Game, seeking to automate the software vulnerability lifecycle. Since then, China has hosted seven such competitions and the People’s Liberation Army has increased its role in hosting the games.",https://cset.georgetown.edu/publication/robot-hacking-games/,https://cset.georgetown.edu/wp-content/uploads/CSET-Robot-Hacking-Games.pdf,C:\Users\WINDOWS\OneDrive\知识库\智库信息爬虫\国际主要科技智库观点演变_研判\03_证据底稿\原文PDF\C-CSET-7533.pdf,C:\Users\WINDOWS\OneDrive\知识库\智库信息爬虫\国际主要科技智库观点演变_研判\03_证据底稿\文本\C-CSET-7533.txt,C:\Users\WINDOWS\OneDrive\知识库\智库信息爬虫\国际主要科技智库观点演变_研判\03_证据底稿\切片\C-CSET-7533.md,2023828,4a5b78b67083f1008a4459bba164df290a0dd75bbef0954186c1dd79d8d83e8c,22,38406,官方PDF已保存并校验,,2026-08-22
C-CSET-7882,7882,2021-10-26,W2,CSET原创研究报告,"No Permits, No Fabs",作者/项目正式研究,人工智能与算力；技术转移与出口管制；军民融合与国防科技；国家创新体系与产业政策,正式报告涉华科技关键词命中,"Congress has advanced legislation to appropriate $52 billion in funding for the CHIPS for America Act, which aims to increase semiconductor manufacturing and supply chain resilience in the United States. But more can be done to improve the resiliency of U.S. access to microelectronics beyond manufacturing incentives. This report outlines infrastructure investments and regulatory reforms that could make the United States a more attractive place to build new chipmaking capacity and ensure continued U.S. access to key inputs for semiconductor manufacturing.",https://cset.georgetown.edu/publication/no-permits-no-fabs/,https://cset.georgetown.edu/wp-content/uploads/CSET-No-Permits-No-Fabs.pdf,C:\Users\WINDOWS\OneDrive\知识库\智库信息爬虫\国际主要科技智库观点演变_研判\03_证据底稿\原文PDF\C-CSET-7882.pdf,C:\Users\WINDOWS\OneDrive\知识库\智库信息爬虫\国际主要科技智库观点演变_研判\03_证据底稿\文本\C-CSET-7882.txt,C:\Users\WINDOWS\OneDrive\知识库\智库信息爬虫\国际主要科技智库观点演变_研判\03_证据底稿\切片\C-CSET-7882.md,510133,614dd99be584c789593dc82ee7e6740ff5a795ca2d5505d28e7318fb60c11207,35,61602,官方PDF已保存并校验,,2026-08-22
C-CSET-7897,7897,2021-10-28,W2,CSET原创研究报告,Harnessed Lightning,作者/项目正式研究,人工智能与算力；技术转移与出口管制；军民融合与国防科技,正式报告涉华科技关键词命中,"This report examines nearly 350 artificial intelligence-related equipment contracts awarded by the People’s Liberation Army and state-owned defense enterprises in 2020 to assess how the Chinese military is adopting AI. The report identifies China’s key AI defense industry suppliers, highlights gaps in U.S. export control policies, and contextualizes the PLA’s AI investments within China’s broader strategy to compete militarily with the United States.",https://cset.georgetown.edu/publication/harnessed-lightning/,https://cset.georgetown.edu/wp-content/uploads/CSET-Harnessed-Lightning.pdf,C:\Users\WINDOWS\OneDrive\知识库\智库信息爬虫\国际主要科技智库观点演变_研判\03_证据底稿\原文PDF\C-CSET-7897.pdf,C:\Users\WINDOWS\OneDrive\知识库\智库信息爬虫\国际主要科技智库观点演变_研判\03_证据底稿\文本\C-CSET-7897.txt,C:\Users\WINDOWS\OneDrive\知识库\智库信息爬虫\国际主要科技智库观点演变_研判\03_证据底稿\切片\C-CSET-7897.md,2929783,93a43b71ffe9fffc8320f0e304eddf05ced637bc2152f8709130d6ab6e020546,84,187067,官方PDF已保存并校验,,2026-08-22
C-CSET-8756,8756,2022-01-26,W3,CSET原创研究报告,Sustaining U.S. Competitiveness in Semiconductor Manufacturing,作者/项目正式研究,人工智能与算力,正式报告涉华科技关键词命中,"Since 1990, the U.S. share of global semiconductor manufacturing capacity has declined while the shares of China, South Korea, and Taiwan have increased. If carefully targeted, CHIPS for America Act incentives could reverse this trend for the types of chips that matter most to U.S. national security. In this policy brief, the author assesses how CHIPS Act incentives should be distributed across different types of chips.",https://cset.georgetown.edu/publication/sustaining-u-s-competitiveness-in-semiconductor-manufacturing/,https://cset.georgetown.edu/wp-content/uploads/CSET-Sustaining-U.S.-Competitiveness-in-Semiconductor-Manufacturing-1.pdf,C:\Users\WINDOWS\OneDrive\知识库\智库信息爬虫\国际主要科技智库观点演变_研判\03_证据底稿\原文PDF\C-CSET-8756.pdf,C:\Users\WINDOWS\OneDrive\知识库\智库信息爬虫\国际主要科技智库观点演变_研判\03_证据底稿\文本\C-CSET-8756.txt,C:\Users\WINDOWS\OneDrive\知识库\智库信息爬虫\国际主要科技智库观点演变_研判\03_证据底稿\切片\C-CSET-8756.md,551382,09af1d1e20b29c1660afb7b0ce926ba835b6f44c7f7897a3490caaae988dec9a,49,87080,官方PDF已保存并校验,,2026-08-22
C-CSET-8881,8881,2022-02-09,W3,CSET原创研究报告,Reshoring Chipmaking Capacity Requires High-Skilled Foreign Talent,作者/项目正式研究,人工智能与算力；科技人才与科研安全；国家创新体系与产业政策,正式报告涉华科技关键词命中,"CHIPS for America Act funding will result in the construction of new semiconductor fabrication facilities (“fabs”) in the United States, employing tens of thousands of workers. This policy brief assesses the occupations and backgrounds that will be most in-demand among new fabs, as well as options for ensuring availability of the necessary talent. Findings suggest the need for new immigration pathways for experienced foreign fab workers, and investments in workforce development.",https://cset.georgetown.edu/publication/reshoring-chipmaking-capacity-requires-high-skilled-foreign-talent/,https://cset.georgetown.edu/wp-content/uploads/CSET-Reshoring-Chipmaking-Capacity-Requires-High-Skilled-Foreign-Talent.pdf,C:\Users\WINDOWS\OneDrive\知识库\智库信息爬虫\国际主要科技智库观点演变_研判\03_证据底稿\原文PDF\C-CSET-8881.pdf,C:\Users\WINDOWS\OneDrive\知识库\智库信息爬虫\国际主要科技智库观点演变_研判\03_证据底稿\文本\C-CSET-8881.txt,C:\Users\WINDOWS\OneDrive\知识库\智库信息爬虫\国际主要科技智库观点演变_研判\03_证据底稿\切片\C-CSET-8881.md,317749,903c7e0375777b9ff27d5a8f4fc80257820b9f7cc8f8810a54260a9f70f2bbcf,23,31340,官方PDF已保存并校验,,2026-08-22
C-CSET-8976,8976,2022-02-17,W3,涉华科技政策证词,Dakota Cary’s Testimony Before the U.S.-China Economic and Security Commission,作者政策证词,科技人才与科研安全；军民融合与国防科技；数字治理与网络安全,China主题下的科技政策证词,"CSET Research Analyst Dakota Cary testified before the U.S.-China Economic and Security Review Commission hearing on “China’s Cyber Capabilities: Warfare, Espionage, and Implications for the United States.” Cary discussed the cooperative relationship between Chinese universities and China’s military and intelligence services to develop talent with the capabilities to perform state-sponsored cyberespionage operations.",https://cset.georgetown.edu/publication/dakota-carys-testimony-before-the-u-s-china-economic-and-security-commission/,https://cset.georgetown.edu/wp-content/uploads/Testimony-before-U.S.-China-Economic-and-Security-Review-Commission-Dakota-Cary.pdf,C:\Users\WINDOWS\OneDrive\知识库\智库信息爬虫\国际主要科技智库观点演变_研判\03_证据底稿\原文PDF\C-CSET-8976.pdf,C:\Users\WINDOWS\OneDrive\知识库\智库信息爬虫\国际主要科技智库观点演变_研判\03_证据底稿\文本\C-CSET-8976.txt,C:\Users\WINDOWS\OneDrive\知识库\智库信息爬虫\国际主要科技智库观点演变_研判\03_证据底稿\切片\C-CSET-8976.md,264102,76bde2d99ea9b67c2714b1024be2e9c2bb37b729b0c099f8e89a7d3f71757283,14,33820,官方PDF已保存并校验,,2026-08-22
C-CSET-9744,9744,2022-05-04,W3,CSET原创研究报告,Preserving the Chokepoints,作者/项目正式研究,人工智能与算力；技术转移与出口管制,正式报告涉华科技关键词命中,Offshoring the production of semiconductor manufacturing equipment would remove an important source of leverage over China and make the United States more dependent on other countries for some of the most important inputs to semiconductor manufacturing. This brief explores the factors driving U.S. SME firms to offshore production and what can be done to slow or reverse offshoring.,https://cset.georgetown.edu/publication/preserving-the-chokepoints/,https://cset.georgetown.edu/wp-content/uploads/Preserving-the-Chokepoints.pdf,C:\Users\WINDOWS\OneDrive\知识库\智库信息爬虫\国际主要科技智库观点演变_研判\03_证据底稿\原文PDF\C-CSET-9744.pdf,C:\Users\WINDOWS\OneDrive\知识库\智库信息爬虫\国际主要科技智库观点演变_研判\03_证据底稿\文本\C-CSET-9744.txt,C:\Users\WINDOWS\OneDrive\知识库\智库信息爬虫\国际主要科技智库观点演变_研判\03_证据底稿\切片\C-CSET-9744.md,410474,301857ce9b3d2d834051a9316635c8ca36671936f5ca8593b06f117525128ee7,20,37174,官方PDF已保存并校验,,2026-08-22
C-CSET-9913,9913,2022-05-11,W3,涉华科技政策证词,Dewey Murdick’s Testimony before the Senate Select Committee on Intelligence,作者政策证词,军民融合与国防科技,China主题下的科技政策证词,CSET Director Dewey Murdick testified before the Senate Select Committee on Intelligence hearing on “Countering the People’s Republic of China’s Economic and Technological Plan for Dominance.” Murdick discussed China’s strategy to move towards self-sufficiency in key technologies and steps the United States can take to respond.,https://cset.georgetown.edu/publication/dewey-murdicks-testimony-before-the-senate-select-committee-on-intelligence/,https://cset.georgetown.edu/wp-content/uploads/2022.05.11-Testimony-before-the-Senate-Select-Committee-on-Intelligence.pdf,C:\Users\WINDOWS\OneDrive\知识库\智库信息爬虫\国际主要科技智库观点演变_研判\03_证据底稿\原文PDF\C-CSET-9913.pdf,C:\Users\WINDOWS\OneDrive\知识库\智库信息爬虫\国际主要科技智库观点演变_研判\03_证据底稿\文本\C-CSET-9913.txt,C:\Users\WINDOWS\OneDrive\知识库\智库信息爬虫\国际主要科技智库观点演变_研判\03_证据底稿\切片\C-CSET-9913.md,540461,121301afb715d2e06cebc6eba8befde4a76b7f07ce49969419244102cd6e3e86,8,23125,官方PDF已保存并校验,,2026-08-22
C-CSET-10052,10052,2022-05-23,W3,CSET原创研究报告,Quad AI,作者/项目正式研究,人工智能与算力；科技人才与科研安全,正式报告涉华科技关键词命中,"Through the Quad forum, the United States, Australia, Japan and India have committed to pursuing an open, accessible and secure technology ecosystem and offering a democratic alternative to China’s techno-authoritarian model. This report assesses artificial intelligence collaboration across the Quad and finds that while Australia, Japan and India each have close AI-related research and investment ties to both the United States and China, they collaborate far less with one another.",https://cset.georgetown.edu/publication/quad-ai/,https://cset.georgetown.edu/wp-content/uploads/Quad-AI.pdf,C:\Users\WINDOWS\OneDrive\知识库\智库信息爬虫\国际主要科技智库观点演变_研判\03_证据底稿\原文PDF\C-CSET-10052.pdf,C:\Users\WINDOWS\OneDrive\知识库\智库信息爬虫\国际主要科技智库观点演变_研判\03_证据底稿\文本\C-CSET-10052.txt,C:\Users\WINDOWS\OneDrive\知识库\智库信息爬虫\国际主要科技智库观点演变_研判\03_证据底稿\切片\C-CSET-10052.md,1334664,c8bb0f2f71c5f6929f7cb50cc47dcc011dc0d95addc1ad3566172a4af45f87f2,57,120361,官方PDF已保存并校验,,2026-08-22
C-CSET-10096,10096,2022-05-26,W3,CSET原创研究报告,Chokepoints,作者/项目正式研究,技术转移与出口管制；国家创新体系与产业政策,正式报告涉华科技关键词命中,"China’s “Science and Technology Daily,” a state-run newspaper, published a revealing series of articles in 2018 on 35 different Chinese technological import dependencies. The articles, accessible here in English for the first time, express concern that strategic Chinese industries are vulnerable to any disruption to their supply of specific U.S., Japanese, and European “chokepoint” technologies. This issue brief summarizes the article series and analyzes the Chinese perspective on these import dependencies and their causes.",https://cset.georgetown.edu/publication/chokepoints/,https://cset.georgetown.edu/wp-content/uploads/CSET-Chokepoints.pdf,C:\Users\WINDOWS\OneDrive\知识库\智库信息爬虫\国际主要科技智库观点演变_研判\03_证据底稿\原文PDF\C-CSET-10096.pdf,C:\Users\WINDOWS\OneDrive\知识库\智库信息爬虫\国际主要科技智库观点演变_研判\03_证据底稿\文本\C-CSET-10096.txt,C:\Users\WINDOWS\OneDrive\知识库\智库信息爬虫\国际主要科技智库观点演变_研判\03_证据底稿\切片\C-CSET-10096.md,387255,1b29e22d5e024e4674ecb4cddd1b4701f82ee5b60cba0a7b83dde1e9bdf6843f,31,59189,官方PDF已保存并校验,,2026-08-22
C-CSET-10217,10217,2022-06-09,W3,CSET原创研究报告,Re-Shoring Advanced Semiconductor Packaging,作者/项目正式研究,人工智能与算力；科技人才与科研安全；技术转移与出口管制；军民融合与国防科技；国家创新体系与产业政策,正式报告涉华科技关键词命中,"The semiconductor industry and the U.S. government are engaged in ambitious plans to expand domestic semiconductor manufacturing capacity. Previous CSET research has found that the CHIPS for America Act incentives, if carefully targeted and augmented by adequate regulatory and workforce support, could reverse the observable decline in U.S. semiconductor manufacturing capacity since 1990. This paper argues that targeted investment incentives to increase U.S.-based advanced packaging capacity are also important for innovation, supply chain security, and ongoing semiconductor industry leadership.",https://cset.georgetown.edu/publication/re-shoring-advanced-semiconductor-packaging/,https://cset.georgetown.edu/wp-content/uploads/CSET-Re-Shoring-Advanced-Semiconductor-Packaging.pdf,C:\Users\WINDOWS\OneDrive\知识库\智库信息爬虫\国际主要科技智库观点演变_研判\03_证据底稿\原文PDF\C-CSET-10217.pdf,C:\Users\WINDOWS\OneDrive\知识库\智库信息爬虫\国际主要科技智库观点演变_研判\03_证据底稿\文本\C-CSET-10217.txt,C:\Users\WINDOWS\OneDrive\知识库\智库信息爬虫\国际主要科技智库观点演变_研判\03_证据底稿\切片\C-CSET-10217.md,948771,734018131d7923d2fa2edc0dfd185fa8d6a3cb7e3befc853bc435a28bb5574f9,44,86578,官方PDF已保存并校验,,2026-08-22
C-CSET-10383,10383,2022-06-22,W3,CSET原创研究报告,Sustaining and Growing the U.S. Semiconductor Advantage: A Primer,作者/项目正式研究,人工智能与算力；技术转移与出口管制；军民融合与国防科技,正式报告涉华科技关键词命中,"As an integral player in advanced semiconductor supply chains, the United States enjoys advantages over China in producing and accessing chips for artificial intelligence and other leading-edge computing technologies. However, a lack of domestic production capacity threatens U.S. semiconductor access. The United States can strengthen its advantages by working with allies and partners to prevent China from producing leading-edge chips and by reshoring its own domestic chipmaking capacity.",https://cset.georgetown.edu/publication/sustaining-and-growing-the-u-s-semiconductor-advantage-a-primer/,https://cset.georgetown.edu/wp-content/uploads/CSET-Sustaining-Growing-US-Semiconductor-Advantage-A-Primer.pdf,C:\Users\WINDOWS\OneDrive\知识库\智库信息爬虫\国际主要科技智库观点演变_研判\03_证据底稿\原文PDF\C-CSET-10383.pdf,C:\Users\WINDOWS\OneDrive\知识库\智库信息爬虫\国际主要科技智库观点演变_研判\03_证据底稿\文本\C-CSET-10383.txt,C:\Users\WINDOWS\OneDrive\知识库\智库信息爬虫\国际主要科技智库观点演变_研判\03_证据底稿\切片\C-CSET-10383.md,268539,2f00952027c0e3649e168218e7bc60e827c386a38a3a36f75bf2636d3ade88d2,13,28139,官方PDF已保存并校验,,2026-08-22
C-CSET-10438,10438,2022-06-29,W3,CSET原创研究报告,Silicon Twist,作者/项目正式研究,人工智能与算力；军民融合与国防科技,正式报告涉华科技关键词命中,"The Chinese military’s progress in artificial intelligence largely depends on continued access to high-end semiconductors. By analyzing thousands of purchasing records, this policy brief offers a detailed look at how China’s military comes to access these devices. The authors find that most computer chips ordered by Chinese military units are designed by American companies, and outline steps that the U.S. government could take to curtail their access.",https://cset.georgetown.edu/publication/silicon-twist/,https://cset.georgetown.edu/wp-content/uploads/CSET-Silicon-Twist-1.pdf,C:\Users\WINDOWS\OneDrive\知识库\智库信息爬虫\国际主要科技智库观点演变_研判\03_证据底稿\原文PDF\C-CSET-10438.pdf,C:\Users\WINDOWS\OneDrive\知识库\智库信息爬虫\国际主要科技智库观点演变_研判\03_证据底稿\文本\C-CSET-10438.txt,C:\Users\WINDOWS\OneDrive\知识库\智库信息爬虫\国际主要科技智库观点演变_研判\03_证据底稿\切片\C-CSET-10438.md,530633,fadf46a8f6caa3527e82ccbb62b64d24eb67a34c863598813bcac99d47f7dc7e,36,80711,官方PDF已保存并校验,,2026-08-22
C-CSET-10551,10551,2022-07-07,W3,CSET原创研究报告,China’s Advanced AI Research,作者/项目正式研究,人工智能与算力；航天与其他前沿技术,正式报告涉华科技关键词命中,"China is following a national strategy to lead the world in artificial intelligence by 2030, including by pursuing “general AI” that can act autonomously in novel circumstances. Open-source research identifies 30 Chinese institutions engaged in one or more of this project‘s aspects, including machine learning, brain-inspired AI, and brain-computer interfaces. This report previews a CSET pilot program that will track China’s progress and provide timely alerts.",https://cset.georgetown.edu/publication/chinas-advanced-ai-research/,https://cset.georgetown.edu/wp-content/uploads/Chinas-Advanced-AI-Research.pdf,C:\Users\WINDOWS\OneDrive\知识库\智库信息爬虫\国际主要科技智库观点演变_研判\03_证据底稿\原文PDF\C-CSET-10551.pdf,C:\Users\WINDOWS\OneDrive\知识库\智库信息爬虫\国际主要科技智库观点演变_研判\03_证据底稿\文本\C-CSET-10551.txt,C:\Users\WINDOWS\OneDrive\知识库\智库信息爬虫\国际主要科技智库观点演变_研判\03_证据底稿\切片\C-CSET-10551.md,1609592,19f70b746be44ffbbbefa1ca9a6d0552b1090473d02888261abfb481351a87c8,78,169533,官方PDF已保存并校验,,2026-08-22
C-CSET-10732,10732,2022-07-26,W3,CSET原创研究报告,Decoupling in Strategic Technologies,作者/项目正式研究,技术转移与出口管制,正式报告涉华科技关键词命中,"Geopolitical tensions between the United States and China have sparked an ongoing dialogue in Washington about the phenomenon of “decoupling”—the use of public policy tools to separate the multifaceted economic ties that connect the two powers. This issue brief provides a historical lens on the efficacy of one specific aspect of this broader decoupling phenomenon: using export controls and related trade policies to prevent a rival from acquiring the equipment and know-how to catch up to the United States in cutting-edge, strategically important technologies.",https://cset.georgetown.edu/publication/decoupling-in-strategic-technologies/,https://cset.georgetown.edu/wp-content/uploads/CSET-Decoupling-in-Strategic-Technologies-3.pdf,C:\Users\WINDOWS\OneDrive\知识库\智库信息爬虫\国际主要科技智库观点演变_研判\03_证据底稿\原文PDF\C-CSET-10732.pdf,C:\Users\WINDOWS\OneDrive\知识库\智库信息爬虫\国际主要科技智库观点演变_研判\03_证据底稿\文本\C-CSET-10732.txt,C:\Users\WINDOWS\OneDrive\知识库\智库信息爬虫\国际主要科技智库观点演变_研判\03_证据底稿\切片\C-CSET-10732.md,346605,6fe1067ab98c34c28ebfdf667d69965ebbc9c33bd3d947c2d9be3e62e24efc41,32,73601,官方PDF已保存并校验,,2026-08-22
C-CSET-11171,11171,2022-09-22,W3,CSET原创研究报告,Downrange: A Survey of China’s Cyber Ranges,作者/项目正式研究,科技人才与科研安全；军民融合与国防科技；数字治理与网络安全,正式报告涉华科技关键词命中,"China is rapidly building cyber ranges that allow cybersecurity teams to test new tools, practice attack and defense, and evaluate the cybersecurity of a particular product or service. The presence of these facilities suggests a concerted effort on the part of the Chinese government, in partnership with industry and academia, to advance technological research and upskill its cybersecurity workforce—more evidence that China has entered near-peer status with the United States in the cyber domain.",https://cset.georgetown.edu/publication/downrange-a-survey-of-chinas-cyber-ranges/,https://cset.georgetown.edu/wp-content/uploads/CSET-Downrange-A-Survey-of-Chinas-Cyber-Ranges-1.pdf,C:\Users\WINDOWS\OneDrive\知识库\智库信息爬虫\国际主要科技智库观点演变_研判\03_证据底稿\原文PDF\C-CSET-11171.pdf,C:\Users\WINDOWS\OneDrive\知识库\智库信息爬虫\国际主要科技智库观点演变_研判\03_证据底稿\文本\C-CSET-11171.txt,C:\Users\WINDOWS\OneDrive\知识库\智库信息爬虫\国际主要科技智库观点演变_研判\03_证据底稿\切片\C-CSET-11171.md,792426,6bb243f8ce427e6d04680f38e0c56432be1faa5694d21a04b10356822c9dff58,29,61293,官方PDF已保存并校验,,2026-08-22
C-CSET-11284,11284,2022-10-11,W3,中国科技政策英译,Translation Snapshot: Tech-Related Chinese National Strategies,翻译材料，不代表机构观点,综合科技竞争,China主题下的科技政策英译,"Translation Snapshots are short posts that highlight related translations produced by CSET’s in-house translation team. Each snapshot identifies relevant translations, provides short summaries, and links to full translations. Check back regularly for additional Translation Snapshots highlighting our work.",https://cset.georgetown.edu/publication/translation-snapshot-tech-related-chinese-national-strategies/,,C:\Users\WINDOWS\OneDrive\知识库\智库信息爬虫\国际主要科技智库观点演变_研判\03_证据底稿\网页文本\C-CSET-11284.txt,C:\Users\WINDOWS\OneDrive\知识库\智库信息爬虫\国际主要科技智库观点演变_研判\03_证据底稿\网页文本\C-CSET-11284.txt,C:\Users\WINDOWS\OneDrive\知识库\智库信息爬虫\国际主要科技智库观点演变_研判\03_证据底稿\网页转写\C-CSET-11284.md,159310,63bc51e15b35739bf36f58ddcd14463249ec02d21306b87f22cdfe76e5f7c68e,0,9995,官方网页全文已保存,,2026-08-22
C-CSET-11420,11420,2022-10-26,W3,CSET原创研究报告,Banned in D.C.,作者/项目正式研究,技术转移与出口管制；军民融合与国防科技,正式报告涉华科技关键词命中,U.S. federal policymakers have recently gained the authority to block government agencies and private organizations from using foreign technologies that pose national security risks. But securing U.S. networks will require them to wield those powers effectively and better coordinate supply chain security efforts across all levels of government. The authors provide an overview of federal- and state-level procurement bans and recommend ways to build stronger defense against foreign technology threats.,https://cset.georgetown.edu/publication/banned-in-d-c/,https://cset.georgetown.edu/wp-content/uploads/CSET-Banned-in-D.C.-1.pdf,C:\Users\WINDOWS\OneDrive\知识库\智库信息爬虫\国际主要科技智库观点演变_研判\03_证据底稿\原文PDF\C-CSET-11420.pdf,C:\Users\WINDOWS\OneDrive\知识库\智库信息爬虫\国际主要科技智库观点演变_研判\03_证据底稿\文本\C-CSET-11420.txt,C:\Users\WINDOWS\OneDrive\知识库\智库信息爬虫\国际主要科技智库观点演变_研判\03_证据底稿\切片\C-CSET-11420.md,645056,b83970087f0eb709657d02c307c396a31139e7e8eb459522423a3bb7873143c9,53,117511,官方PDF已保存并校验,,2026-08-22
C-CSET-11528,11528,2022-11-07,W3,CSET原创研究报告,China’s AI Workforce,作者/项目正式研究,人工智能与算力；科技人才与科研安全；数字治理与网络安全,正式报告涉华科技关键词命中,"U.S. policies on artificial intelligence education and the AI workforce must grow, cultivate, attract, and retain the world’s best and brightest. Given China’s role as a producer of AI talent, understanding its AI workforce could provide important insight. This report provides an analysis of the AI workforce demand in China using a novel dataset of 6.8 million job postings. It then outlines potential implications along with future reports in this series.",https://cset.georgetown.edu/publication/chinas-ai-workforce/,https://cset.georgetown.edu/wp-content/uploads/CSET-Chinas-AI-Workforce-1.pdf,C:\Users\WINDOWS\OneDrive\知识库\智库信息爬虫\国际主要科技智库观点演变_研判\03_证据底稿\原文PDF\C-CSET-11528.pdf,C:\Users\WINDOWS\OneDrive\知识库\智库信息爬虫\国际主要科技智库观点演变_研判\03_证据底稿\文本\C-CSET-11528.txt,C:\Users\WINDOWS\OneDrive\知识库\智库信息爬虫\国际主要科技智库观点演变_研判\03_证据底稿\切片\C-CSET-11528.md,1467659,3df4cf311108c3255fe6278efaffe219c0e53a5c5b4aeb0b4df3c898f623a5f9,62,114991,官方PDF已保存并校验,,2026-08-22
