主题标签,科技关联层级,报告ID,发布日期,观察窗,报告名称,资料角色,本地原始资产,本地文本,官方落地页,本地状态
人工智能、机器人与计算系统,核心科技直接材料,C-CRDS-FY2016-FR-01,2016-04-01,W1,研究開発の俯瞰報告書　研究開発の新しい動向（2016年）,CRDS机构正式研究,C:\Users\WINDOWS\OneDrive\知识库\智库信息爬虫\国际主要科技智库观点演变_研判\03_证据底稿\原文PDF\C-CRDS-FY2016-FR-01.pdf,C:\Users\WINDOWS\OneDrive\知识库\智库信息爬虫\国际主要科技智库观点演变_研判\03_证据底稿\文本\C-CRDS-FY2016-FR-01.txt,https://www.jst.go.jp/crds/report/CRDS-FY2016-FR-01.html,官方PDF已保存并校验
芯片、量子、通信与网络安全,核心科技直接材料,C-CRDS-FY2016-FR-01,2016-04-01,W1,研究開発の俯瞰報告書　研究開発の新しい動向（2016年）,CRDS机构正式研究,C:\Users\WINDOWS\OneDrive\知识库\智库信息爬虫\国际主要科技智库观点演变_研判\03_证据底稿\原文PDF\C-CRDS-FY2016-FR-01.pdf,C:\Users\WINDOWS\OneDrive\知识库\智库信息爬虫\国际主要科技智库观点演变_研判\03_证据底稿\文本\C-CRDS-FY2016-FR-01.txt,https://www.jst.go.jp/crds/report/CRDS-FY2016-FR-01.html,官方PDF已保存并校验
先进材料、纳米与制造技术,核心科技直接材料,C-CRDS-FY2016-FR-01,2016-04-01,W1,研究開発の俯瞰報告書　研究開発の新しい動向（2016年）,CRDS机构正式研究,C:\Users\WINDOWS\OneDrive\知识库\智库信息爬虫\国际主要科技智库观点演变_研判\03_证据底稿\原文PDF\C-CRDS-FY2016-FR-01.pdf,C:\Users\WINDOWS\OneDrive\知识库\智库信息爬虫\国际主要科技智库观点演变_研判\03_证据底稿\文本\C-CRDS-FY2016-FR-01.txt,https://www.jst.go.jp/crds/report/CRDS-FY2016-FR-01.html,官方PDF已保存并校验
生命科学、生物技术与医疗,核心科技直接材料,C-CRDS-FY2016-FR-01,2016-04-01,W1,研究開発の俯瞰報告書　研究開発の新しい動向（2016年）,CRDS机构正式研究,C:\Users\WINDOWS\OneDrive\知识库\智库信息爬虫\国际主要科技智库观点演变_研判\03_证据底稿\原文PDF\C-CRDS-FY2016-FR-01.pdf,C:\Users\WINDOWS\OneDrive\知识库\智库信息爬虫\国际主要科技智库观点演变_研判\03_证据底稿\文本\C-CRDS-FY2016-FR-01.txt,https://www.jst.go.jp/crds/report/CRDS-FY2016-FR-01.html,官方PDF已保存并校验
能源、环境与绿色转型,核心科技直接材料,C-CRDS-FY2016-FR-01,2016-04-01,W1,研究開発の俯瞰報告書　研究開発の新しい動向（2016年）,CRDS机构正式研究,C:\Users\WINDOWS\OneDrive\知识库\智库信息爬虫\国际主要科技智库观点演变_研判\03_证据底稿\原文PDF\C-CRDS-FY2016-FR-01.pdf,C:\Users\WINDOWS\OneDrive\知识库\智库信息爬虫\国际主要科技智库观点演变_研判\03_证据底稿\文本\C-CRDS-FY2016-FR-01.txt,https://www.jst.go.jp/crds/report/CRDS-FY2016-FR-01.html,官方PDF已保存并校验
科技创新政策、科研体系与人才,核心科技直接材料,C-CRDS-FY2016-FR-01,2016-04-01,W1,研究開発の俯瞰報告書　研究開発の新しい動向（2016年）,CRDS机构正式研究,C:\Users\WINDOWS\OneDrive\知识库\智库信息爬虫\国际主要科技智库观点演变_研判\03_证据底稿\原文PDF\C-CRDS-FY2016-FR-01.pdf,C:\Users\WINDOWS\OneDrive\知识库\智库信息爬虫\国际主要科技智库观点演变_研判\03_证据底稿\文本\C-CRDS-FY2016-FR-01.txt,https://www.jst.go.jp/crds/report/CRDS-FY2016-FR-01.html,官方PDF已保存并校验
研究安全、科技外交与国际比较,核心科技直接材料,C-CRDS-FY2016-FR-01,2016-04-01,W1,研究開発の俯瞰報告書　研究開発の新しい動向（2016年）,CRDS机构正式研究,C:\Users\WINDOWS\OneDrive\知识库\智库信息爬虫\国际主要科技智库观点演变_研判\03_证据底稿\原文PDF\C-CRDS-FY2016-FR-01.pdf,C:\Users\WINDOWS\OneDrive\知识库\智库信息爬虫\国际主要科技智库观点演变_研判\03_证据底稿\文本\C-CRDS-FY2016-FR-01.txt,https://www.jst.go.jp/crds/report/CRDS-FY2016-FR-01.html,官方PDF已保存并校验
人工智能、机器人与计算系统,核心科技直接材料,C-CRDS-FY2016-RR-01,2016-06-01,W1,我が国における拠点形成事業の展開　～課題と展望～,CRDS机构正式研究,C:\Users\WINDOWS\OneDrive\知识库\智库信息爬虫\国际主要科技智库观点演变_研判\03_证据底稿\原文PDF\C-CRDS-FY2016-RR-01.pdf,C:\Users\WINDOWS\OneDrive\知识库\智库信息爬虫\国际主要科技智库观点演变_研判\03_证据底稿\文本\C-CRDS-FY2016-RR-01.txt,https://www.jst.go.jp/crds/report/CRDS-FY2016-RR-01.html,官方PDF已保存并校验
先进材料、纳米与制造技术,核心科技直接材料,C-CRDS-FY2016-RR-01,2016-06-01,W1,我が国における拠点形成事業の展開　～課題と展望～,CRDS机构正式研究,C:\Users\WINDOWS\OneDrive\知识库\智库信息爬虫\国际主要科技智库观点演变_研判\03_证据底稿\原文PDF\C-CRDS-FY2016-RR-01.pdf,C:\Users\WINDOWS\OneDrive\知识库\智库信息爬虫\国际主要科技智库观点演变_研判\03_证据底稿\文本\C-CRDS-FY2016-RR-01.txt,https://www.jst.go.jp/crds/report/CRDS-FY2016-RR-01.html,官方PDF已保存并校验
生命科学、生物技术与医疗,核心科技直接材料,C-CRDS-FY2016-RR-01,2016-06-01,W1,我が国における拠点形成事業の展開　～課題と展望～,CRDS机构正式研究,C:\Users\WINDOWS\OneDrive\知识库\智库信息爬虫\国际主要科技智库观点演变_研判\03_证据底稿\原文PDF\C-CRDS-FY2016-RR-01.pdf,C:\Users\WINDOWS\OneDrive\知识库\智库信息爬虫\国际主要科技智库观点演变_研判\03_证据底稿\文本\C-CRDS-FY2016-RR-01.txt,https://www.jst.go.jp/crds/report/CRDS-FY2016-RR-01.html,官方PDF已保存并校验
能源、环境与绿色转型,核心科技直接材料,C-CRDS-FY2016-RR-01,2016-06-01,W1,我が国における拠点形成事業の展開　～課題と展望～,CRDS机构正式研究,C:\Users\WINDOWS\OneDrive\知识库\智库信息爬虫\国际主要科技智库观点演变_研判\03_证据底稿\原文PDF\C-CRDS-FY2016-RR-01.pdf,C:\Users\WINDOWS\OneDrive\知识库\智库信息爬虫\国际主要科技智库观点演变_研判\03_证据底稿\文本\C-CRDS-FY2016-RR-01.txt,https://www.jst.go.jp/crds/report/CRDS-FY2016-RR-01.html,官方PDF已保存并校验
科技创新政策、科研体系与人才,核心科技直接材料,C-CRDS-FY2016-RR-01,2016-06-01,W1,我が国における拠点形成事業の展開　～課題と展望～,CRDS机构正式研究,C:\Users\WINDOWS\OneDrive\知识库\智库信息爬虫\国际主要科技智库观点演变_研判\03_证据底稿\原文PDF\C-CRDS-FY2016-RR-01.pdf,C:\Users\WINDOWS\OneDrive\知识库\智库信息爬虫\国际主要科技智库观点演变_研判\03_证据底稿\文本\C-CRDS-FY2016-RR-01.txt,https://www.jst.go.jp/crds/report/CRDS-FY2016-RR-01.html,官方PDF已保存并校验
研究安全、科技外交与国际比较,核心科技直接材料,C-CRDS-FY2016-RR-01,2016-06-01,W1,我が国における拠点形成事業の展開　～課題と展望～,CRDS机构正式研究,C:\Users\WINDOWS\OneDrive\知识库\智库信息爬虫\国际主要科技智库观点演变_研判\03_证据底稿\原文PDF\C-CRDS-FY2016-RR-01.pdf,C:\Users\WINDOWS\OneDrive\知识库\智库信息爬虫\国际主要科技智库观点演变_研判\03_证据底稿\文本\C-CRDS-FY2016-RR-01.txt,https://www.jst.go.jp/crds/report/CRDS-FY2016-RR-01.html,官方PDF已保存并校验
人工智能、机器人与计算系统,核心科技直接材料,C-CRDS-FY2016-RR-02,2016-06-01,W1,平成27年度検討報告書 「自然科学と人文・社会科学の連携に関する検討 —対話の場の形成と科学技術イノベーションの実現に向けて—」,CRDS机构正式研究,C:\Users\WINDOWS\OneDrive\知识库\智库信息爬虫\国际主要科技智库观点演变_研判\03_证据底稿\原文PDF\C-CRDS-FY2016-RR-02.pdf,C:\Users\WINDOWS\OneDrive\知识库\智库信息爬虫\国际主要科技智库观点演变_研判\03_证据底稿\文本\C-CRDS-FY2016-RR-02.txt,https://www.jst.go.jp/crds/report/CRDS-FY2016-RR-02.html,官方PDF已保存并校验
先进材料、纳米与制造技术,核心科技直接材料,C-CRDS-FY2016-RR-02,2016-06-01,W1,平成27年度検討報告書 「自然科学と人文・社会科学の連携に関する検討 —対話の場の形成と科学技術イノベーションの実現に向けて—」,CRDS机构正式研究,C:\Users\WINDOWS\OneDrive\知识库\智库信息爬虫\国际主要科技智库观点演变_研判\03_证据底稿\原文PDF\C-CRDS-FY2016-RR-02.pdf,C:\Users\WINDOWS\OneDrive\知识库\智库信息爬虫\国际主要科技智库观点演变_研判\03_证据底稿\文本\C-CRDS-FY2016-RR-02.txt,https://www.jst.go.jp/crds/report/CRDS-FY2016-RR-02.html,官方PDF已保存并校验
生命科学、生物技术与医疗,核心科技直接材料,C-CRDS-FY2016-RR-02,2016-06-01,W1,平成27年度検討報告書 「自然科学と人文・社会科学の連携に関する検討 —対話の場の形成と科学技術イノベーションの実現に向けて—」,CRDS机构正式研究,C:\Users\WINDOWS\OneDrive\知识库\智库信息爬虫\国际主要科技智库观点演变_研判\03_证据底稿\原文PDF\C-CRDS-FY2016-RR-02.pdf,C:\Users\WINDOWS\OneDrive\知识库\智库信息爬虫\国际主要科技智库观点演变_研判\03_证据底稿\文本\C-CRDS-FY2016-RR-02.txt,https://www.jst.go.jp/crds/report/CRDS-FY2016-RR-02.html,官方PDF已保存并校验
能源、环境与绿色转型,核心科技直接材料,C-CRDS-FY2016-RR-02,2016-06-01,W1,平成27年度検討報告書 「自然科学と人文・社会科学の連携に関する検討 —対話の場の形成と科学技術イノベーションの実現に向けて—」,CRDS机构正式研究,C:\Users\WINDOWS\OneDrive\知识库\智库信息爬虫\国际主要科技智库观点演变_研判\03_证据底稿\原文PDF\C-CRDS-FY2016-RR-02.pdf,C:\Users\WINDOWS\OneDrive\知识库\智库信息爬虫\国际主要科技智库观点演变_研判\03_证据底稿\文本\C-CRDS-FY2016-RR-02.txt,https://www.jst.go.jp/crds/report/CRDS-FY2016-RR-02.html,官方PDF已保存并校验
科技创新政策、科研体系与人才,核心科技直接材料,C-CRDS-FY2016-RR-02,2016-06-01,W1,平成27年度検討報告書 「自然科学と人文・社会科学の連携に関する検討 —対話の場の形成と科学技術イノベーションの実現に向けて—」,CRDS机构正式研究,C:\Users\WINDOWS\OneDrive\知识库\智库信息爬虫\国际主要科技智库观点演变_研判\03_证据底稿\原文PDF\C-CRDS-FY2016-RR-02.pdf,C:\Users\WINDOWS\OneDrive\知识库\智库信息爬虫\国际主要科技智库观点演变_研判\03_证据底稿\文本\C-CRDS-FY2016-RR-02.txt,https://www.jst.go.jp/crds/report/CRDS-FY2016-RR-02.html,官方PDF已保存并校验
研究安全、科技外交与国际比较,核心科技直接材料,C-CRDS-FY2016-RR-02,2016-06-01,W1,平成27年度検討報告書 「自然科学と人文・社会科学の連携に関する検討 —対話の場の形成と科学技術イノベーションの実現に向けて—」,CRDS机构正式研究,C:\Users\WINDOWS\OneDrive\知识库\智库信息爬虫\国际主要科技智库观点演变_研判\03_证据底稿\原文PDF\C-CRDS-FY2016-RR-02.pdf,C:\Users\WINDOWS\OneDrive\知识库\智库信息爬虫\国际主要科技智库观点演变_研判\03_证据底稿\文本\C-CRDS-FY2016-RR-02.txt,https://www.jst.go.jp/crds/report/CRDS-FY2016-RR-02.html,官方PDF已保存并校验
人工智能、机器人与计算系统,核心科技直接材料,C-CRDS-FY2016-RR-03,2016-09-01,W1,医療・介護データ活用のための情報科学と社会基盤,CRDS机构正式研究,C:\Users\WINDOWS\OneDrive\知识库\智库信息爬虫\国际主要科技智库观点演变_研判\03_证据底稿\原文PDF\C-CRDS-FY2016-RR-03.pdf,C:\Users\WINDOWS\OneDrive\知识库\智库信息爬虫\国际主要科技智库观点演变_研判\03_证据底稿\文本\C-CRDS-FY2016-RR-03.txt,https://www.jst.go.jp/crds/report/CRDS-FY2016-RR-03.html,官方PDF已保存并校验
芯片、量子、通信与网络安全,核心科技直接材料,C-CRDS-FY2016-RR-03,2016-09-01,W1,医療・介護データ活用のための情報科学と社会基盤,CRDS机构正式研究,C:\Users\WINDOWS\OneDrive\知识库\智库信息爬虫\国际主要科技智库观点演变_研判\03_证据底稿\原文PDF\C-CRDS-FY2016-RR-03.pdf,C:\Users\WINDOWS\OneDrive\知识库\智库信息爬虫\国际主要科技智库观点演变_研判\03_证据底稿\文本\C-CRDS-FY2016-RR-03.txt,https://www.jst.go.jp/crds/report/CRDS-FY2016-RR-03.html,官方PDF已保存并校验
先进材料、纳米与制造技术,核心科技直接材料,C-CRDS-FY2016-RR-03,2016-09-01,W1,医療・介護データ活用のための情報科学と社会基盤,CRDS机构正式研究,C:\Users\WINDOWS\OneDrive\知识库\智库信息爬虫\国际主要科技智库观点演变_研判\03_证据底稿\原文PDF\C-CRDS-FY2016-RR-03.pdf,C:\Users\WINDOWS\OneDrive\知识库\智库信息爬虫\国际主要科技智库观点演变_研判\03_证据底稿\文本\C-CRDS-FY2016-RR-03.txt,https://www.jst.go.jp/crds/report/CRDS-FY2016-RR-03.html,官方PDF已保存并校验
生命科学、生物技术与医疗,核心科技直接材料,C-CRDS-FY2016-RR-03,2016-09-01,W1,医療・介護データ活用のための情報科学と社会基盤,CRDS机构正式研究,C:\Users\WINDOWS\OneDrive\知识库\智库信息爬虫\国际主要科技智库观点演变_研判\03_证据底稿\原文PDF\C-CRDS-FY2016-RR-03.pdf,C:\Users\WINDOWS\OneDrive\知识库\智库信息爬虫\国际主要科技智库观点演变_研判\03_证据底稿\文本\C-CRDS-FY2016-RR-03.txt,https://www.jst.go.jp/crds/report/CRDS-FY2016-RR-03.html,官方PDF已保存并校验
能源、环境与绿色转型,核心科技直接材料,C-CRDS-FY2016-RR-03,2016-09-01,W1,医療・介護データ活用のための情報科学と社会基盤,CRDS机构正式研究,C:\Users\WINDOWS\OneDrive\知识库\智库信息爬虫\国际主要科技智库观点演变_研判\03_证据底稿\原文PDF\C-CRDS-FY2016-RR-03.pdf,C:\Users\WINDOWS\OneDrive\知识库\智库信息爬虫\国际主要科技智库观点演变_研判\03_证据底稿\文本\C-CRDS-FY2016-RR-03.txt,https://www.jst.go.jp/crds/report/CRDS-FY2016-RR-03.html,官方PDF已保存并校验
科技创新政策、科研体系与人才,核心科技直接材料,C-CRDS-FY2016-RR-03,2016-09-01,W1,医療・介護データ活用のための情報科学と社会基盤,CRDS机构正式研究,C:\Users\WINDOWS\OneDrive\知识库\智库信息爬虫\国际主要科技智库观点演变_研判\03_证据底稿\原文PDF\C-CRDS-FY2016-RR-03.pdf,C:\Users\WINDOWS\OneDrive\知识库\智库信息爬虫\国际主要科技智库观点演变_研判\03_证据底稿\文本\C-CRDS-FY2016-RR-03.txt,https://www.jst.go.jp/crds/report/CRDS-FY2016-RR-03.html,官方PDF已保存并校验
研究安全、科技外交与国际比较,核心科技直接材料,C-CRDS-FY2016-RR-03,2016-09-01,W1,医療・介護データ活用のための情報科学と社会基盤,CRDS机构正式研究,C:\Users\WINDOWS\OneDrive\知识库\智库信息爬虫\国际主要科技智库观点演变_研判\03_证据底稿\原文PDF\C-CRDS-FY2016-RR-03.pdf,C:\Users\WINDOWS\OneDrive\知识库\智库信息爬虫\国际主要科技智库观点演变_研判\03_证据底稿\文本\C-CRDS-FY2016-RR-03.txt,https://www.jst.go.jp/crds/report/CRDS-FY2016-RR-03.html,官方PDF已保存并校验
人工智能、机器人与计算系统,核心科技直接材料,C-CRDS-FY2016-XR-02,2016-12-01,W1,政策セミナー「２１世紀の科学的知識と科学技術イノベーション政策」シリーズ　座談会録「２１世紀の科学・社会を支える  新たな教養のあり方を考える」,CRDS机构正式研究,C:\Users\WINDOWS\OneDrive\知识库\智库信息爬虫\国际主要科技智库观点演变_研判\03_证据底稿\原文PDF\C-CRDS-FY2016-XR-02.pdf,C:\Users\WINDOWS\OneDrive\知识库\智库信息爬虫\国际主要科技智库观点演变_研判\03_证据底稿\文本\C-CRDS-FY2016-XR-02.txt,https://www.jst.go.jp/crds/report/CRDS-FY2016-XR-02.html,官方PDF已保存并校验
先进材料、纳米与制造技术,核心科技直接材料,C-CRDS-FY2016-XR-02,2016-12-01,W1,政策セミナー「２１世紀の科学的知識と科学技術イノベーション政策」シリーズ　座談会録「２１世紀の科学・社会を支える  新たな教養のあり方を考える」,CRDS机构正式研究,C:\Users\WINDOWS\OneDrive\知识库\智库信息爬虫\国际主要科技智库观点演变_研判\03_证据底稿\原文PDF\C-CRDS-FY2016-XR-02.pdf,C:\Users\WINDOWS\OneDrive\知识库\智库信息爬虫\国际主要科技智库观点演变_研判\03_证据底稿\文本\C-CRDS-FY2016-XR-02.txt,https://www.jst.go.jp/crds/report/CRDS-FY2016-XR-02.html,官方PDF已保存并校验
生命科学、生物技术与医疗,核心科技直接材料,C-CRDS-FY2016-XR-02,2016-12-01,W1,政策セミナー「２１世紀の科学的知識と科学技術イノベーション政策」シリーズ　座談会録「２１世紀の科学・社会を支える  新たな教養のあり方を考える」,CRDS机构正式研究,C:\Users\WINDOWS\OneDrive\知识库\智库信息爬虫\国际主要科技智库观点演变_研判\03_证据底稿\原文PDF\C-CRDS-FY2016-XR-02.pdf,C:\Users\WINDOWS\OneDrive\知识库\智库信息爬虫\国际主要科技智库观点演变_研判\03_证据底稿\文本\C-CRDS-FY2016-XR-02.txt,https://www.jst.go.jp/crds/report/CRDS-FY2016-XR-02.html,官方PDF已保存并校验
能源、环境与绿色转型,核心科技直接材料,C-CRDS-FY2016-XR-02,2016-12-01,W1,政策セミナー「２１世紀の科学的知識と科学技術イノベーション政策」シリーズ　座談会録「２１世紀の科学・社会を支える  新たな教養のあり方を考える」,CRDS机构正式研究,C:\Users\WINDOWS\OneDrive\知识库\智库信息爬虫\国际主要科技智库观点演变_研判\03_证据底稿\原文PDF\C-CRDS-FY2016-XR-02.pdf,C:\Users\WINDOWS\OneDrive\知识库\智库信息爬虫\国际主要科技智库观点演变_研判\03_证据底稿\文本\C-CRDS-FY2016-XR-02.txt,https://www.jst.go.jp/crds/report/CRDS-FY2016-XR-02.html,官方PDF已保存并校验
科技创新政策、科研体系与人才,核心科技直接材料,C-CRDS-FY2016-XR-02,2016-12-01,W1,政策セミナー「２１世紀の科学的知識と科学技術イノベーション政策」シリーズ　座談会録「２１世紀の科学・社会を支える  新たな教養のあり方を考える」,CRDS机构正式研究,C:\Users\WINDOWS\OneDrive\知识库\智库信息爬虫\国际主要科技智库观点演变_研判\03_证据底稿\原文PDF\C-CRDS-FY2016-XR-02.pdf,C:\Users\WINDOWS\OneDrive\知识库\智库信息爬虫\国际主要科技智库观点演变_研判\03_证据底稿\文本\C-CRDS-FY2016-XR-02.txt,https://www.jst.go.jp/crds/report/CRDS-FY2016-XR-02.html,官方PDF已保存并校验
研究安全、科技外交与国际比较,核心科技直接材料,C-CRDS-FY2016-XR-02,2016-12-01,W1,政策セミナー「２１世紀の科学的知識と科学技術イノベーション政策」シリーズ　座談会録「２１世紀の科学・社会を支える  新たな教養のあり方を考える」,CRDS机构正式研究,C:\Users\WINDOWS\OneDrive\知识库\智库信息爬虫\国际主要科技智库观点演变_研判\03_证据底稿\原文PDF\C-CRDS-FY2016-XR-02.pdf,C:\Users\WINDOWS\OneDrive\知识库\智库信息爬虫\国际主要科技智库观点演变_研判\03_证据底稿\文本\C-CRDS-FY2016-XR-02.txt,https://www.jst.go.jp/crds/report/CRDS-FY2016-XR-02.html,官方PDF已保存并校验
人工智能、机器人与计算系统,核心科技直接材料,E-CRDS-2017-ENERGY,2017-03-01,W1,エネルギー分野（2017年）,CRDS机构正式研究,C:\Users\WINDOWS\OneDrive\知识库\智库信息爬虫\国际主要科技智库观点演变_研判\03_证据底稿\原文PDF\E-CRDS-2017-ENERGY.pdf,C:\Users\WINDOWS\OneDrive\知识库\智库信息爬虫\国际主要科技智库观点演变_研判\03_证据底稿\文本\E-CRDS-2017-ENERGY.txt,https://www.jst.go.jp/crds/report/CRDS-FY2016-FR-02.html,复用库内既有资产
芯片、量子、通信与网络安全,核心科技直接材料,E-CRDS-2017-ENERGY,2017-03-01,W1,エネルギー分野（2017年）,CRDS机构正式研究,C:\Users\WINDOWS\OneDrive\知识库\智库信息爬虫\国际主要科技智库观点演变_研判\03_证据底稿\原文PDF\E-CRDS-2017-ENERGY.pdf,C:\Users\WINDOWS\OneDrive\知识库\智库信息爬虫\国际主要科技智库观点演变_研判\03_证据底稿\文本\E-CRDS-2017-ENERGY.txt,https://www.jst.go.jp/crds/report/CRDS-FY2016-FR-02.html,复用库内既有资产
先进材料、纳米与制造技术,核心科技直接材料,E-CRDS-2017-ENERGY,2017-03-01,W1,エネルギー分野（2017年）,CRDS机构正式研究,C:\Users\WINDOWS\OneDrive\知识库\智库信息爬虫\国际主要科技智库观点演变_研判\03_证据底稿\原文PDF\E-CRDS-2017-ENERGY.pdf,C:\Users\WINDOWS\OneDrive\知识库\智库信息爬虫\国际主要科技智库观点演变_研判\03_证据底稿\文本\E-CRDS-2017-ENERGY.txt,https://www.jst.go.jp/crds/report/CRDS-FY2016-FR-02.html,复用库内既有资产
生命科学、生物技术与医疗,核心科技直接材料,E-CRDS-2017-ENERGY,2017-03-01,W1,エネルギー分野（2017年）,CRDS机构正式研究,C:\Users\WINDOWS\OneDrive\知识库\智库信息爬虫\国际主要科技智库观点演变_研判\03_证据底稿\原文PDF\E-CRDS-2017-ENERGY.pdf,C:\Users\WINDOWS\OneDrive\知识库\智库信息爬虫\国际主要科技智库观点演变_研判\03_证据底稿\文本\E-CRDS-2017-ENERGY.txt,https://www.jst.go.jp/crds/report/CRDS-FY2016-FR-02.html,复用库内既有资产
能源、环境与绿色转型,核心科技直接材料,E-CRDS-2017-ENERGY,2017-03-01,W1,エネルギー分野（2017年）,CRDS机构正式研究,C:\Users\WINDOWS\OneDrive\知识库\智库信息爬虫\国际主要科技智库观点演变_研判\03_证据底稿\原文PDF\E-CRDS-2017-ENERGY.pdf,C:\Users\WINDOWS\OneDrive\知识库\智库信息爬虫\国际主要科技智库观点演变_研判\03_证据底稿\文本\E-CRDS-2017-ENERGY.txt,https://www.jst.go.jp/crds/report/CRDS-FY2016-FR-02.html,复用库内既有资产
科技创新政策、科研体系与人才,核心科技直接材料,E-CRDS-2017-ENERGY,2017-03-01,W1,エネルギー分野（2017年）,CRDS机构正式研究,C:\Users\WINDOWS\OneDrive\知识库\智库信息爬虫\国际主要科技智库观点演变_研判\03_证据底稿\原文PDF\E-CRDS-2017-ENERGY.pdf,C:\Users\WINDOWS\OneDrive\知识库\智库信息爬虫\国际主要科技智库观点演变_研判\03_证据底稿\文本\E-CRDS-2017-ENERGY.txt,https://www.jst.go.jp/crds/report/CRDS-FY2016-FR-02.html,复用库内既有资产
研究安全、科技外交与国际比较,核心科技直接材料,E-CRDS-2017-ENERGY,2017-03-01,W1,エネルギー分野（2017年）,CRDS机构正式研究,C:\Users\WINDOWS\OneDrive\知识库\智库信息爬虫\国际主要科技智库观点演变_研判\03_证据底稿\原文PDF\E-CRDS-2017-ENERGY.pdf,C:\Users\WINDOWS\OneDrive\知识库\智库信息爬虫\国际主要科技智库观点演变_研判\03_证据底稿\文本\E-CRDS-2017-ENERGY.txt,https://www.jst.go.jp/crds/report/CRDS-FY2016-FR-02.html,复用库内既有资产
人工智能、机器人与计算系统,核心科技直接材料,E-CRDS-2017-ENV,2017-03-01,W1,環境分野（2017年）,CRDS机构正式研究,C:\Users\WINDOWS\OneDrive\知识库\智库信息爬虫\国际主要科技智库观点演变_研判\03_证据底稿\原文PDF\E-CRDS-2017-ENV.pdf,C:\Users\WINDOWS\OneDrive\知识库\智库信息爬虫\国际主要科技智库观点演变_研判\03_证据底稿\文本\E-CRDS-2017-ENV.txt,https://www.jst.go.jp/crds/report/CRDS-FY2016-FR-03.html,复用库内既有资产
先进材料、纳米与制造技术,核心科技直接材料,E-CRDS-2017-ENV,2017-03-01,W1,環境分野（2017年）,CRDS机构正式研究,C:\Users\WINDOWS\OneDrive\知识库\智库信息爬虫\国际主要科技智库观点演变_研判\03_证据底稿\原文PDF\E-CRDS-2017-ENV.pdf,C:\Users\WINDOWS\OneDrive\知识库\智库信息爬虫\国际主要科技智库观点演变_研判\03_证据底稿\文本\E-CRDS-2017-ENV.txt,https://www.jst.go.jp/crds/report/CRDS-FY2016-FR-03.html,复用库内既有资产
生命科学、生物技术与医疗,核心科技直接材料,E-CRDS-2017-ENV,2017-03-01,W1,環境分野（2017年）,CRDS机构正式研究,C:\Users\WINDOWS\OneDrive\知识库\智库信息爬虫\国际主要科技智库观点演变_研判\03_证据底稿\原文PDF\E-CRDS-2017-ENV.pdf,C:\Users\WINDOWS\OneDrive\知识库\智库信息爬虫\国际主要科技智库观点演变_研判\03_证据底稿\文本\E-CRDS-2017-ENV.txt,https://www.jst.go.jp/crds/report/CRDS-FY2016-FR-03.html,复用库内既有资产
能源、环境与绿色转型,核心科技直接材料,E-CRDS-2017-ENV,2017-03-01,W1,環境分野（2017年）,CRDS机构正式研究,C:\Users\WINDOWS\OneDrive\知识库\智库信息爬虫\国际主要科技智库观点演变_研判\03_证据底稿\原文PDF\E-CRDS-2017-ENV.pdf,C:\Users\WINDOWS\OneDrive\知识库\智库信息爬虫\国际主要科技智库观点演变_研判\03_证据底稿\文本\E-CRDS-2017-ENV.txt,https://www.jst.go.jp/crds/report/CRDS-FY2016-FR-03.html,复用库内既有资产
科技创新政策、科研体系与人才,核心科技直接材料,E-CRDS-2017-ENV,2017-03-01,W1,環境分野（2017年）,CRDS机构正式研究,C:\Users\WINDOWS\OneDrive\知识库\智库信息爬虫\国际主要科技智库观点演变_研判\03_证据底稿\原文PDF\E-CRDS-2017-ENV.pdf,C:\Users\WINDOWS\OneDrive\知识库\智库信息爬虫\国际主要科技智库观点演变_研判\03_证据底稿\文本\E-CRDS-2017-ENV.txt,https://www.jst.go.jp/crds/report/CRDS-FY2016-FR-03.html,复用库内既有资产
研究安全、科技外交与国际比较,核心科技直接材料,E-CRDS-2017-ENV,2017-03-01,W1,環境分野（2017年）,CRDS机构正式研究,C:\Users\WINDOWS\OneDrive\知识库\智库信息爬虫\国际主要科技智库观点演变_研判\03_证据底稿\原文PDF\E-CRDS-2017-ENV.pdf,C:\Users\WINDOWS\OneDrive\知识库\智库信息爬虫\国际主要科技智库观点演变_研判\03_证据底稿\文本\E-CRDS-2017-ENV.txt,https://www.jst.go.jp/crds/report/CRDS-FY2016-FR-03.html,复用库内既有资产
人工智能、机器人与计算系统,核心科技直接材料,S-CRDS-2017-01,2017-03-01,W1,システム・情報科学技術分野（2017年）,CRDS机构正式研究,C:\Users\WINDOWS\OneDrive\知识库\智库信息爬虫\国际主要科技智库观点演变_研判\03_证据底稿\原文PDF\S-CRDS-2017-01.pdf,C:\Users\WINDOWS\OneDrive\知识库\智库信息爬虫\国际主要科技智库观点演变_研判\03_证据底稿\文本\S-CRDS-2017-01.txt,https://www.jst.go.jp/crds/report/CRDS-FY2016-FR-04.html,复用库内既有资产
芯片、量子、通信与网络安全,核心科技直接材料,S-CRDS-2017-01,2017-03-01,W1,システム・情報科学技術分野（2017年）,CRDS机构正式研究,C:\Users\WINDOWS\OneDrive\知识库\智库信息爬虫\国际主要科技智库观点演变_研判\03_证据底稿\原文PDF\S-CRDS-2017-01.pdf,C:\Users\WINDOWS\OneDrive\知识库\智库信息爬虫\国际主要科技智库观点演变_研判\03_证据底稿\文本\S-CRDS-2017-01.txt,https://www.jst.go.jp/crds/report/CRDS-FY2016-FR-04.html,复用库内既有资产
先进材料、纳米与制造技术,核心科技直接材料,S-CRDS-2017-01,2017-03-01,W1,システム・情報科学技術分野（2017年）,CRDS机构正式研究,C:\Users\WINDOWS\OneDrive\知识库\智库信息爬虫\国际主要科技智库观点演变_研判\03_证据底稿\原文PDF\S-CRDS-2017-01.pdf,C:\Users\WINDOWS\OneDrive\知识库\智库信息爬虫\国际主要科技智库观点演变_研判\03_证据底稿\文本\S-CRDS-2017-01.txt,https://www.jst.go.jp/crds/report/CRDS-FY2016-FR-04.html,复用库内既有资产
生命科学、生物技术与医疗,核心科技直接材料,S-CRDS-2017-01,2017-03-01,W1,システム・情報科学技術分野（2017年）,CRDS机构正式研究,C:\Users\WINDOWS\OneDrive\知识库\智库信息爬虫\国际主要科技智库观点演变_研判\03_证据底稿\原文PDF\S-CRDS-2017-01.pdf,C:\Users\WINDOWS\OneDrive\知识库\智库信息爬虫\国际主要科技智库观点演变_研判\03_证据底稿\文本\S-CRDS-2017-01.txt,https://www.jst.go.jp/crds/report/CRDS-FY2016-FR-04.html,复用库内既有资产
能源、环境与绿色转型,核心科技直接材料,S-CRDS-2017-01,2017-03-01,W1,システム・情報科学技術分野（2017年）,CRDS机构正式研究,C:\Users\WINDOWS\OneDrive\知识库\智库信息爬虫\国际主要科技智库观点演变_研判\03_证据底稿\原文PDF\S-CRDS-2017-01.pdf,C:\Users\WINDOWS\OneDrive\知识库\智库信息爬虫\国际主要科技智库观点演变_研判\03_证据底稿\文本\S-CRDS-2017-01.txt,https://www.jst.go.jp/crds/report/CRDS-FY2016-FR-04.html,复用库内既有资产
科技创新政策、科研体系与人才,核心科技直接材料,S-CRDS-2017-01,2017-03-01,W1,システム・情報科学技術分野（2017年）,CRDS机构正式研究,C:\Users\WINDOWS\OneDrive\知识库\智库信息爬虫\国际主要科技智库观点演变_研判\03_证据底稿\原文PDF\S-CRDS-2017-01.pdf,C:\Users\WINDOWS\OneDrive\知识库\智库信息爬虫\国际主要科技智库观点演变_研判\03_证据底稿\文本\S-CRDS-2017-01.txt,https://www.jst.go.jp/crds/report/CRDS-FY2016-FR-04.html,复用库内既有资产
研究安全、科技外交与国际比较,核心科技直接材料,S-CRDS-2017-01,2017-03-01,W1,システム・情報科学技術分野（2017年）,CRDS机构正式研究,C:\Users\WINDOWS\OneDrive\知识库\智库信息爬虫\国际主要科技智库观点演变_研判\03_证据底稿\原文PDF\S-CRDS-2017-01.pdf,C:\Users\WINDOWS\OneDrive\知识库\智库信息爬虫\国际主要科技智库观点演变_研判\03_证据底稿\文本\S-CRDS-2017-01.txt,https://www.jst.go.jp/crds/report/CRDS-FY2016-FR-04.html,复用库内既有资产
人工智能、机器人与计算系统,核心科技直接材料,E-CRDS-2017-NANO,2017-03-01,W1,ナノテクノロジー・材料分野（2017年）,CRDS机构正式研究,C:\Users\WINDOWS\OneDrive\知识库\智库信息爬虫\国际主要科技智库观点演变_研判\03_证据底稿\原文PDF\E-CRDS-2017-NANO.pdf,C:\Users\WINDOWS\OneDrive\知识库\智库信息爬虫\国际主要科技智库观点演变_研判\03_证据底稿\文本\E-CRDS-2017-NANO.txt,https://www.jst.go.jp/crds/report/CRDS-FY2016-FR-05.html,复用库内既有资产
芯片、量子、通信与网络安全,核心科技直接材料,E-CRDS-2017-NANO,2017-03-01,W1,ナノテクノロジー・材料分野（2017年）,CRDS机构正式研究,C:\Users\WINDOWS\OneDrive\知识库\智库信息爬虫\国际主要科技智库观点演变_研判\03_证据底稿\原文PDF\E-CRDS-2017-NANO.pdf,C:\Users\WINDOWS\OneDrive\知识库\智库信息爬虫\国际主要科技智库观点演变_研判\03_证据底稿\文本\E-CRDS-2017-NANO.txt,https://www.jst.go.jp/crds/report/CRDS-FY2016-FR-05.html,复用库内既有资产
先进材料、纳米与制造技术,核心科技直接材料,E-CRDS-2017-NANO,2017-03-01,W1,ナノテクノロジー・材料分野（2017年）,CRDS机构正式研究,C:\Users\WINDOWS\OneDrive\知识库\智库信息爬虫\国际主要科技智库观点演变_研判\03_证据底稿\原文PDF\E-CRDS-2017-NANO.pdf,C:\Users\WINDOWS\OneDrive\知识库\智库信息爬虫\国际主要科技智库观点演变_研判\03_证据底稿\文本\E-CRDS-2017-NANO.txt,https://www.jst.go.jp/crds/report/CRDS-FY2016-FR-05.html,复用库内既有资产
生命科学、生物技术与医疗,核心科技直接材料,E-CRDS-2017-NANO,2017-03-01,W1,ナノテクノロジー・材料分野（2017年）,CRDS机构正式研究,C:\Users\WINDOWS\OneDrive\知识库\智库信息爬虫\国际主要科技智库观点演变_研判\03_证据底稿\原文PDF\E-CRDS-2017-NANO.pdf,C:\Users\WINDOWS\OneDrive\知识库\智库信息爬虫\国际主要科技智库观点演变_研判\03_证据底稿\文本\E-CRDS-2017-NANO.txt,https://www.jst.go.jp/crds/report/CRDS-FY2016-FR-05.html,复用库内既有资产
能源、环境与绿色转型,核心科技直接材料,E-CRDS-2017-NANO,2017-03-01,W1,ナノテクノロジー・材料分野（2017年）,CRDS机构正式研究,C:\Users\WINDOWS\OneDrive\知识库\智库信息爬虫\国际主要科技智库观点演变_研判\03_证据底稿\原文PDF\E-CRDS-2017-NANO.pdf,C:\Users\WINDOWS\OneDrive\知识库\智库信息爬虫\国际主要科技智库观点演变_研判\03_证据底稿\文本\E-CRDS-2017-NANO.txt,https://www.jst.go.jp/crds/report/CRDS-FY2016-FR-05.html,复用库内既有资产
科技创新政策、科研体系与人才,核心科技直接材料,E-CRDS-2017-NANO,2017-03-01,W1,ナノテクノロジー・材料分野（2017年）,CRDS机构正式研究,C:\Users\WINDOWS\OneDrive\知识库\智库信息爬虫\国际主要科技智库观点演变_研判\03_证据底稿\原文PDF\E-CRDS-2017-NANO.pdf,C:\Users\WINDOWS\OneDrive\知识库\智库信息爬虫\国际主要科技智库观点演变_研判\03_证据底稿\文本\E-CRDS-2017-NANO.txt,https://www.jst.go.jp/crds/report/CRDS-FY2016-FR-05.html,复用库内既有资产
研究安全、科技外交与国际比较,核心科技直接材料,E-CRDS-2017-NANO,2017-03-01,W1,ナノテクノロジー・材料分野（2017年）,CRDS机构正式研究,C:\Users\WINDOWS\OneDrive\知识库\智库信息爬虫\国际主要科技智库观点演变_研判\03_证据底稿\原文PDF\E-CRDS-2017-NANO.pdf,C:\Users\WINDOWS\OneDrive\知识库\智库信息爬虫\国际主要科技智库观点演变_研判\03_证据底稿\文本\E-CRDS-2017-NANO.txt,https://www.jst.go.jp/crds/report/CRDS-FY2016-FR-05.html,复用库内既有资产
人工智能、机器人与计算系统,核心科技直接材料,E-CRDS-2017-LIFE,2017-03-01,W1,ライフサイエンス・臨床医学分野（2017年）,CRDS机构正式研究,C:\Users\WINDOWS\OneDrive\知识库\智库信息爬虫\国际主要科技智库观点演变_研判\03_证据底稿\原文PDF\E-CRDS-2017-LIFE.pdf,C:\Users\WINDOWS\OneDrive\知识库\智库信息爬虫\国际主要科技智库观点演变_研判\03_证据底稿\文本\E-CRDS-2017-LIFE.txt,https://www.jst.go.jp/crds/report/CRDS-FY2016-FR-06.html,复用库内既有资产
先进材料、纳米与制造技术,核心科技直接材料,E-CRDS-2017-LIFE,2017-03-01,W1,ライフサイエンス・臨床医学分野（2017年）,CRDS机构正式研究,C:\Users\WINDOWS\OneDrive\知识库\智库信息爬虫\国际主要科技智库观点演变_研判\03_证据底稿\原文PDF\E-CRDS-2017-LIFE.pdf,C:\Users\WINDOWS\OneDrive\知识库\智库信息爬虫\国际主要科技智库观点演变_研判\03_证据底稿\文本\E-CRDS-2017-LIFE.txt,https://www.jst.go.jp/crds/report/CRDS-FY2016-FR-06.html,复用库内既有资产
生命科学、生物技术与医疗,核心科技直接材料,E-CRDS-2017-LIFE,2017-03-01,W1,ライフサイエンス・臨床医学分野（2017年）,CRDS机构正式研究,C:\Users\WINDOWS\OneDrive\知识库\智库信息爬虫\国际主要科技智库观点演变_研判\03_证据底稿\原文PDF\E-CRDS-2017-LIFE.pdf,C:\Users\WINDOWS\OneDrive\知识库\智库信息爬虫\国际主要科技智库观点演变_研判\03_证据底稿\文本\E-CRDS-2017-LIFE.txt,https://www.jst.go.jp/crds/report/CRDS-FY2016-FR-06.html,复用库内既有资产
能源、环境与绿色转型,核心科技直接材料,E-CRDS-2017-LIFE,2017-03-01,W1,ライフサイエンス・臨床医学分野（2017年）,CRDS机构正式研究,C:\Users\WINDOWS\OneDrive\知识库\智库信息爬虫\国际主要科技智库观点演变_研判\03_证据底稿\原文PDF\E-CRDS-2017-LIFE.pdf,C:\Users\WINDOWS\OneDrive\知识库\智库信息爬虫\国际主要科技智库观点演变_研判\03_证据底稿\文本\E-CRDS-2017-LIFE.txt,https://www.jst.go.jp/crds/report/CRDS-FY2016-FR-06.html,复用库内既有资产
科技创新政策、科研体系与人才,核心科技直接材料,E-CRDS-2017-LIFE,2017-03-01,W1,ライフサイエンス・臨床医学分野（2017年）,CRDS机构正式研究,C:\Users\WINDOWS\OneDrive\知识库\智库信息爬虫\国际主要科技智库观点演变_研判\03_证据底稿\原文PDF\E-CRDS-2017-LIFE.pdf,C:\Users\WINDOWS\OneDrive\知识库\智库信息爬虫\国际主要科技智库观点演变_研判\03_证据底稿\文本\E-CRDS-2017-LIFE.txt,https://www.jst.go.jp/crds/report/CRDS-FY2016-FR-06.html,复用库内既有资产
研究安全、科技外交与国际比较,核心科技直接材料,E-CRDS-2017-LIFE,2017-03-01,W1,ライフサイエンス・臨床医学分野（2017年）,CRDS机构正式研究,C:\Users\WINDOWS\OneDrive\知识库\智库信息爬虫\国际主要科技智库观点演变_研判\03_证据底稿\原文PDF\E-CRDS-2017-LIFE.pdf,C:\Users\WINDOWS\OneDrive\知识库\智库信息爬虫\国际主要科技智库观点演变_研判\03_证据底稿\文本\E-CRDS-2017-LIFE.txt,https://www.jst.go.jp/crds/report/CRDS-FY2016-FR-06.html,复用库内既有资产
人工智能、机器人与计算系统,核心科技直接材料,C-CRDS-FY2016-FR-07,2017-03-01,W1,主要国の研究開発戦略（2017年）,CRDS机构正式研究,C:\Users\WINDOWS\OneDrive\知识库\智库信息爬虫\国际主要科技智库观点演变_研判\03_证据底稿\原文PDF\C-CRDS-FY2016-FR-07.pdf,C:\Users\WINDOWS\OneDrive\知识库\智库信息爬虫\国际主要科技智库观点演变_研判\03_证据底稿\文本\C-CRDS-FY2016-FR-07.txt,https://www.jst.go.jp/crds/report/CRDS-FY2016-FR-07.html,官方PDF已保存并校验
先进材料、纳米与制造技术,核心科技直接材料,C-CRDS-FY2016-FR-07,2017-03-01,W1,主要国の研究開発戦略（2017年）,CRDS机构正式研究,C:\Users\WINDOWS\OneDrive\知识库\智库信息爬虫\国际主要科技智库观点演变_研判\03_证据底稿\原文PDF\C-CRDS-FY2016-FR-07.pdf,C:\Users\WINDOWS\OneDrive\知识库\智库信息爬虫\国际主要科技智库观点演变_研判\03_证据底稿\文本\C-CRDS-FY2016-FR-07.txt,https://www.jst.go.jp/crds/report/CRDS-FY2016-FR-07.html,官方PDF已保存并校验
生命科学、生物技术与医疗,核心科技直接材料,C-CRDS-FY2016-FR-07,2017-03-01,W1,主要国の研究開発戦略（2017年）,CRDS机构正式研究,C:\Users\WINDOWS\OneDrive\知识库\智库信息爬虫\国际主要科技智库观点演变_研判\03_证据底稿\原文PDF\C-CRDS-FY2016-FR-07.pdf,C:\Users\WINDOWS\OneDrive\知识库\智库信息爬虫\国际主要科技智库观点演变_研判\03_证据底稿\文本\C-CRDS-FY2016-FR-07.txt,https://www.jst.go.jp/crds/report/CRDS-FY2016-FR-07.html,官方PDF已保存并校验
能源、环境与绿色转型,核心科技直接材料,C-CRDS-FY2016-FR-07,2017-03-01,W1,主要国の研究開発戦略（2017年）,CRDS机构正式研究,C:\Users\WINDOWS\OneDrive\知识库\智库信息爬虫\国际主要科技智库观点演变_研判\03_证据底稿\原文PDF\C-CRDS-FY2016-FR-07.pdf,C:\Users\WINDOWS\OneDrive\知识库\智库信息爬虫\国际主要科技智库观点演变_研判\03_证据底稿\文本\C-CRDS-FY2016-FR-07.txt,https://www.jst.go.jp/crds/report/CRDS-FY2016-FR-07.html,官方PDF已保存并校验
科技创新政策、科研体系与人才,核心科技直接材料,C-CRDS-FY2016-FR-07,2017-03-01,W1,主要国の研究開発戦略（2017年）,CRDS机构正式研究,C:\Users\WINDOWS\OneDrive\知识库\智库信息爬虫\国际主要科技智库观点演变_研判\03_证据底稿\原文PDF\C-CRDS-FY2016-FR-07.pdf,C:\Users\WINDOWS\OneDrive\知识库\智库信息爬虫\国际主要科技智库观点演变_研判\03_证据底稿\文本\C-CRDS-FY2016-FR-07.txt,https://www.jst.go.jp/crds/report/CRDS-FY2016-FR-07.html,官方PDF已保存并校验
研究安全、科技外交与国际比较,核心科技直接材料,C-CRDS-FY2016-FR-07,2017-03-01,W1,主要国の研究開発戦略（2017年）,CRDS机构正式研究,C:\Users\WINDOWS\OneDrive\知识库\智库信息爬虫\国际主要科技智库观点演变_研判\03_证据底稿\原文PDF\C-CRDS-FY2016-FR-07.pdf,C:\Users\WINDOWS\OneDrive\知识库\智库信息爬虫\国际主要科技智库观点演变_研判\03_证据底稿\文本\C-CRDS-FY2016-FR-07.txt,https://www.jst.go.jp/crds/report/CRDS-FY2016-FR-07.html,官方PDF已保存并校验
中国科技政策与能力比较,核心科技直接材料,C-CRDS-FY2016-FR-07,2017-03-01,W1,主要国の研究開発戦略（2017年）,CRDS机构正式研究,C:\Users\WINDOWS\OneDrive\知识库\智库信息爬虫\国际主要科技智库观点演变_研判\03_证据底稿\原文PDF\C-CRDS-FY2016-FR-07.pdf,C:\Users\WINDOWS\OneDrive\知识库\智库信息爬虫\国际主要科技智库观点演变_研判\03_证据底稿\文本\C-CRDS-FY2016-FR-07.txt,https://www.jst.go.jp/crds/report/CRDS-FY2016-FR-07.html,官方PDF已保存并校验
人工智能、机器人与计算系统,核心科技直接材料,C-CRDS-FY2016-FR-08,2017-03-01,W1,本編　概要版（2017年）,CRDS机构正式研究,C:\Users\WINDOWS\OneDrive\知识库\智库信息爬虫\国际主要科技智库观点演变_研判\03_证据底稿\原文PDF\C-CRDS-FY2016-FR-08.pdf,C:\Users\WINDOWS\OneDrive\知识库\智库信息爬虫\国际主要科技智库观点演变_研判\03_证据底稿\文本\C-CRDS-FY2016-FR-08.txt,https://www.jst.go.jp/crds/report/CRDS-FY2016-FR-08.html,官方PDF已保存并校验
先进材料、纳米与制造技术,核心科技直接材料,C-CRDS-FY2016-FR-08,2017-03-01,W1,本編　概要版（2017年）,CRDS机构正式研究,C:\Users\WINDOWS\OneDrive\知识库\智库信息爬虫\国际主要科技智库观点演变_研判\03_证据底稿\原文PDF\C-CRDS-FY2016-FR-08.pdf,C:\Users\WINDOWS\OneDrive\知识库\智库信息爬虫\国际主要科技智库观点演变_研判\03_证据底稿\文本\C-CRDS-FY2016-FR-08.txt,https://www.jst.go.jp/crds/report/CRDS-FY2016-FR-08.html,官方PDF已保存并校验
生命科学、生物技术与医疗,核心科技直接材料,C-CRDS-FY2016-FR-08,2017-03-01,W1,本編　概要版（2017年）,CRDS机构正式研究,C:\Users\WINDOWS\OneDrive\知识库\智库信息爬虫\国际主要科技智库观点演变_研判\03_证据底稿\原文PDF\C-CRDS-FY2016-FR-08.pdf,C:\Users\WINDOWS\OneDrive\知识库\智库信息爬虫\国际主要科技智库观点演变_研判\03_证据底稿\文本\C-CRDS-FY2016-FR-08.txt,https://www.jst.go.jp/crds/report/CRDS-FY2016-FR-08.html,官方PDF已保存并校验
能源、环境与绿色转型,核心科技直接材料,C-CRDS-FY2016-FR-08,2017-03-01,W1,本編　概要版（2017年）,CRDS机构正式研究,C:\Users\WINDOWS\OneDrive\知识库\智库信息爬虫\国际主要科技智库观点演变_研判\03_证据底稿\原文PDF\C-CRDS-FY2016-FR-08.pdf,C:\Users\WINDOWS\OneDrive\知识库\智库信息爬虫\国际主要科技智库观点演变_研判\03_证据底稿\文本\C-CRDS-FY2016-FR-08.txt,https://www.jst.go.jp/crds/report/CRDS-FY2016-FR-08.html,官方PDF已保存并校验
科技创新政策、科研体系与人才,核心科技直接材料,C-CRDS-FY2016-FR-08,2017-03-01,W1,本編　概要版（2017年）,CRDS机构正式研究,C:\Users\WINDOWS\OneDrive\知识库\智库信息爬虫\国际主要科技智库观点演变_研判\03_证据底稿\原文PDF\C-CRDS-FY2016-FR-08.pdf,C:\Users\WINDOWS\OneDrive\知识库\智库信息爬虫\国际主要科技智库观点演变_研判\03_证据底稿\文本\C-CRDS-FY2016-FR-08.txt,https://www.jst.go.jp/crds/report/CRDS-FY2016-FR-08.html,官方PDF已保存并校验
研究安全、科技外交与国际比较,核心科技直接材料,C-CRDS-FY2016-FR-08,2017-03-01,W1,本編　概要版（2017年）,CRDS机构正式研究,C:\Users\WINDOWS\OneDrive\知识库\智库信息爬虫\国际主要科技智库观点演变_研判\03_证据底稿\原文PDF\C-CRDS-FY2016-FR-08.pdf,C:\Users\WINDOWS\OneDrive\知识库\智库信息爬虫\国际主要科技智库观点演变_研判\03_证据底稿\文本\C-CRDS-FY2016-FR-08.txt,https://www.jst.go.jp/crds/report/CRDS-FY2016-FR-08.html,官方PDF已保存并校验
人工智能、机器人与计算系统,核心科技直接材料,C-CRDS-FY2016-RR-04,2017-03-01,W1,欧州における科学技術イノベーションネットワーク形成とデータ連結・拡張の動向,CRDS机构正式研究,C:\Users\WINDOWS\OneDrive\知识库\智库信息爬虫\国际主要科技智库观点演变_研判\03_证据底稿\原文PDF\C-CRDS-FY2016-RR-04.pdf,C:\Users\WINDOWS\OneDrive\知识库\智库信息爬虫\国际主要科技智库观点演变_研判\03_证据底稿\文本\C-CRDS-FY2016-RR-04.txt,https://www.jst.go.jp/crds/report/CRDS-FY2016-RR-04.html,官方PDF已保存并校验
芯片、量子、通信与网络安全,核心科技直接材料,C-CRDS-FY2016-RR-04,2017-03-01,W1,欧州における科学技術イノベーションネットワーク形成とデータ連結・拡張の動向,CRDS机构正式研究,C:\Users\WINDOWS\OneDrive\知识库\智库信息爬虫\国际主要科技智库观点演变_研判\03_证据底稿\原文PDF\C-CRDS-FY2016-RR-04.pdf,C:\Users\WINDOWS\OneDrive\知识库\智库信息爬虫\国际主要科技智库观点演变_研判\03_证据底稿\文本\C-CRDS-FY2016-RR-04.txt,https://www.jst.go.jp/crds/report/CRDS-FY2016-RR-04.html,官方PDF已保存并校验
先进材料、纳米与制造技术,核心科技直接材料,C-CRDS-FY2016-RR-04,2017-03-01,W1,欧州における科学技術イノベーションネットワーク形成とデータ連結・拡張の動向,CRDS机构正式研究,C:\Users\WINDOWS\OneDrive\知识库\智库信息爬虫\国际主要科技智库观点演变_研判\03_证据底稿\原文PDF\C-CRDS-FY2016-RR-04.pdf,C:\Users\WINDOWS\OneDrive\知识库\智库信息爬虫\国际主要科技智库观点演变_研判\03_证据底稿\文本\C-CRDS-FY2016-RR-04.txt,https://www.jst.go.jp/crds/report/CRDS-FY2016-RR-04.html,官方PDF已保存并校验
生命科学、生物技术与医疗,核心科技直接材料,C-CRDS-FY2016-RR-04,2017-03-01,W1,欧州における科学技術イノベーションネットワーク形成とデータ連結・拡張の動向,CRDS机构正式研究,C:\Users\WINDOWS\OneDrive\知识库\智库信息爬虫\国际主要科技智库观点演变_研判\03_证据底稿\原文PDF\C-CRDS-FY2016-RR-04.pdf,C:\Users\WINDOWS\OneDrive\知识库\智库信息爬虫\国际主要科技智库观点演变_研判\03_证据底稿\文本\C-CRDS-FY2016-RR-04.txt,https://www.jst.go.jp/crds/report/CRDS-FY2016-RR-04.html,官方PDF已保存并校验
能源、环境与绿色转型,核心科技直接材料,C-CRDS-FY2016-RR-04,2017-03-01,W1,欧州における科学技術イノベーションネットワーク形成とデータ連結・拡張の動向,CRDS机构正式研究,C:\Users\WINDOWS\OneDrive\知识库\智库信息爬虫\国际主要科技智库观点演变_研判\03_证据底稿\原文PDF\C-CRDS-FY2016-RR-04.pdf,C:\Users\WINDOWS\OneDrive\知识库\智库信息爬虫\国际主要科技智库观点演变_研判\03_证据底稿\文本\C-CRDS-FY2016-RR-04.txt,https://www.jst.go.jp/crds/report/CRDS-FY2016-RR-04.html,官方PDF已保存并校验
科技创新政策、科研体系与人才,核心科技直接材料,C-CRDS-FY2016-RR-04,2017-03-01,W1,欧州における科学技術イノベーションネットワーク形成とデータ連結・拡張の動向,CRDS机构正式研究,C:\Users\WINDOWS\OneDrive\知识库\智库信息爬虫\国际主要科技智库观点演变_研判\03_证据底稿\原文PDF\C-CRDS-FY2016-RR-04.pdf,C:\Users\WINDOWS\OneDrive\知识库\智库信息爬虫\国际主要科技智库观点演变_研判\03_证据底稿\文本\C-CRDS-FY2016-RR-04.txt,https://www.jst.go.jp/crds/report/CRDS-FY2016-RR-04.html,官方PDF已保存并校验
研究安全、科技外交与国际比较,核心科技直接材料,C-CRDS-FY2016-RR-04,2017-03-01,W1,欧州における科学技術イノベーションネットワーク形成とデータ連結・拡張の動向,CRDS机构正式研究,C:\Users\WINDOWS\OneDrive\知识库\智库信息爬虫\国际主要科技智库观点演变_研判\03_证据底稿\原文PDF\C-CRDS-FY2016-RR-04.pdf,C:\Users\WINDOWS\OneDrive\知识库\智库信息爬虫\国际主要科技智库观点演变_研判\03_证据底稿\文本\C-CRDS-FY2016-RR-04.txt,https://www.jst.go.jp/crds/report/CRDS-FY2016-RR-04.html,官方PDF已保存并校验
人工智能、机器人与计算系统,核心科技直接材料,C-CRDS-FY2016-SP-01,2017-03-01,W1,植物と微生物叢の相互作用の研究開発戦略　−理解の深化から農業/物質生産への展開−,CRDS机构正式研究,C:\Users\WINDOWS\OneDrive\知识库\智库信息爬虫\国际主要科技智库观点演变_研判\03_证据底稿\原文PDF\C-CRDS-FY2016-SP-01.pdf,C:\Users\WINDOWS\OneDrive\知识库\智库信息爬虫\国际主要科技智库观点演变_研判\03_证据底稿\文本\C-CRDS-FY2016-SP-01.txt,https://www.jst.go.jp/crds/report/CRDS-FY2016-SP-01.html,官方PDF已保存并校验
先进材料、纳米与制造技术,核心科技直接材料,C-CRDS-FY2016-SP-01,2017-03-01,W1,植物と微生物叢の相互作用の研究開発戦略　−理解の深化から農業/物質生産への展開−,CRDS机构正式研究,C:\Users\WINDOWS\OneDrive\知识库\智库信息爬虫\国际主要科技智库观点演变_研判\03_证据底稿\原文PDF\C-CRDS-FY2016-SP-01.pdf,C:\Users\WINDOWS\OneDrive\知识库\智库信息爬虫\国际主要科技智库观点演变_研判\03_证据底稿\文本\C-CRDS-FY2016-SP-01.txt,https://www.jst.go.jp/crds/report/CRDS-FY2016-SP-01.html,官方PDF已保存并校验
生命科学、生物技术与医疗,核心科技直接材料,C-CRDS-FY2016-SP-01,2017-03-01,W1,植物と微生物叢の相互作用の研究開発戦略　−理解の深化から農業/物質生産への展開−,CRDS机构正式研究,C:\Users\WINDOWS\OneDrive\知识库\智库信息爬虫\国际主要科技智库观点演变_研判\03_证据底稿\原文PDF\C-CRDS-FY2016-SP-01.pdf,C:\Users\WINDOWS\OneDrive\知识库\智库信息爬虫\国际主要科技智库观点演变_研判\03_证据底稿\文本\C-CRDS-FY2016-SP-01.txt,https://www.jst.go.jp/crds/report/CRDS-FY2016-SP-01.html,官方PDF已保存并校验
能源、环境与绿色转型,核心科技直接材料,C-CRDS-FY2016-SP-01,2017-03-01,W1,植物と微生物叢の相互作用の研究開発戦略　−理解の深化から農業/物質生産への展開−,CRDS机构正式研究,C:\Users\WINDOWS\OneDrive\知识库\智库信息爬虫\国际主要科技智库观点演变_研判\03_证据底稿\原文PDF\C-CRDS-FY2016-SP-01.pdf,C:\Users\WINDOWS\OneDrive\知识库\智库信息爬虫\国际主要科技智库观点演变_研判\03_证据底稿\文本\C-CRDS-FY2016-SP-01.txt,https://www.jst.go.jp/crds/report/CRDS-FY2016-SP-01.html,官方PDF已保存并校验
科技创新政策、科研体系与人才,核心科技直接材料,C-CRDS-FY2016-SP-01,2017-03-01,W1,植物と微生物叢の相互作用の研究開発戦略　−理解の深化から農業/物質生産への展開−,CRDS机构正式研究,C:\Users\WINDOWS\OneDrive\知识库\智库信息爬虫\国际主要科技智库观点演变_研判\03_证据底稿\原文PDF\C-CRDS-FY2016-SP-01.pdf,C:\Users\WINDOWS\OneDrive\知识库\智库信息爬虫\国际主要科技智库观点演变_研判\03_证据底稿\文本\C-CRDS-FY2016-SP-01.txt,https://www.jst.go.jp/crds/report/CRDS-FY2016-SP-01.html,官方PDF已保存并校验
研究安全、科技外交与国际比较,核心科技直接材料,C-CRDS-FY2016-SP-01,2017-03-01,W1,植物と微生物叢の相互作用の研究開発戦略　−理解の深化から農業/物質生産への展開−,CRDS机构正式研究,C:\Users\WINDOWS\OneDrive\知识库\智库信息爬虫\国际主要科技智库观点演变_研判\03_证据底稿\原文PDF\C-CRDS-FY2016-SP-01.pdf,C:\Users\WINDOWS\OneDrive\知识库\智库信息爬虫\国际主要科技智库观点演变_研判\03_证据底稿\文本\C-CRDS-FY2016-SP-01.txt,https://www.jst.go.jp/crds/report/CRDS-FY2016-SP-01.html,官方PDF已保存并校验
人工智能、机器人与计算系统,核心科技直接材料,C-CRDS-FY2016-SP-02,2017-03-01,W1,トポロジカル量子戦略　～量子力学の新展開がもたらすデバイスイノベーション～,CRDS机构正式研究,C:\Users\WINDOWS\OneDrive\知识库\智库信息爬虫\国际主要科技智库观点演变_研判\03_证据底稿\原文PDF\C-CRDS-FY2016-SP-02.pdf,C:\Users\WINDOWS\OneDrive\知识库\智库信息爬虫\国际主要科技智库观点演变_研判\03_证据底稿\文本\C-CRDS-FY2016-SP-02.txt,https://www.jst.go.jp/crds/report/CRDS-FY2016-SP-02.html,官方PDF已保存并校验
芯片、量子、通信与网络安全,核心科技直接材料,C-CRDS-FY2016-SP-02,2017-03-01,W1,トポロジカル量子戦略　～量子力学の新展開がもたらすデバイスイノベーション～,CRDS机构正式研究,C:\Users\WINDOWS\OneDrive\知识库\智库信息爬虫\国际主要科技智库观点演变_研判\03_证据底稿\原文PDF\C-CRDS-FY2016-SP-02.pdf,C:\Users\WINDOWS\OneDrive\知识库\智库信息爬虫\国际主要科技智库观点演变_研判\03_证据底稿\文本\C-CRDS-FY2016-SP-02.txt,https://www.jst.go.jp/crds/report/CRDS-FY2016-SP-02.html,官方PDF已保存并校验
先进材料、纳米与制造技术,核心科技直接材料,C-CRDS-FY2016-SP-02,2017-03-01,W1,トポロジカル量子戦略　～量子力学の新展開がもたらすデバイスイノベーション～,CRDS机构正式研究,C:\Users\WINDOWS\OneDrive\知识库\智库信息爬虫\国际主要科技智库观点演变_研判\03_证据底稿\原文PDF\C-CRDS-FY2016-SP-02.pdf,C:\Users\WINDOWS\OneDrive\知识库\智库信息爬虫\国际主要科技智库观点演变_研判\03_证据底稿\文本\C-CRDS-FY2016-SP-02.txt,https://www.jst.go.jp/crds/report/CRDS-FY2016-SP-02.html,官方PDF已保存并校验
生命科学、生物技术与医疗,核心科技直接材料,C-CRDS-FY2016-SP-02,2017-03-01,W1,トポロジカル量子戦略　～量子力学の新展開がもたらすデバイスイノベーション～,CRDS机构正式研究,C:\Users\WINDOWS\OneDrive\知识库\智库信息爬虫\国际主要科技智库观点演变_研判\03_证据底稿\原文PDF\C-CRDS-FY2016-SP-02.pdf,C:\Users\WINDOWS\OneDrive\知识库\智库信息爬虫\国际主要科技智库观点演变_研判\03_证据底稿\文本\C-CRDS-FY2016-SP-02.txt,https://www.jst.go.jp/crds/report/CRDS-FY2016-SP-02.html,官方PDF已保存并校验
能源、环境与绿色转型,核心科技直接材料,C-CRDS-FY2016-SP-02,2017-03-01,W1,トポロジカル量子戦略　～量子力学の新展開がもたらすデバイスイノベーション～,CRDS机构正式研究,C:\Users\WINDOWS\OneDrive\知识库\智库信息爬虫\国际主要科技智库观点演变_研判\03_证据底稿\原文PDF\C-CRDS-FY2016-SP-02.pdf,C:\Users\WINDOWS\OneDrive\知识库\智库信息爬虫\国际主要科技智库观点演变_研判\03_证据底稿\文本\C-CRDS-FY2016-SP-02.txt,https://www.jst.go.jp/crds/report/CRDS-FY2016-SP-02.html,官方PDF已保存并校验
科技创新政策、科研体系与人才,核心科技直接材料,C-CRDS-FY2016-SP-02,2017-03-01,W1,トポロジカル量子戦略　～量子力学の新展開がもたらすデバイスイノベーション～,CRDS机构正式研究,C:\Users\WINDOWS\OneDrive\知识库\智库信息爬虫\国际主要科技智库观点演变_研判\03_证据底稿\原文PDF\C-CRDS-FY2016-SP-02.pdf,C:\Users\WINDOWS\OneDrive\知识库\智库信息爬虫\国际主要科技智库观点演变_研判\03_证据底稿\文本\C-CRDS-FY2016-SP-02.txt,https://www.jst.go.jp/crds/report/CRDS-FY2016-SP-02.html,官方PDF已保存并校验
研究安全、科技外交与国际比较,核心科技直接材料,C-CRDS-FY2016-SP-02,2017-03-01,W1,トポロジカル量子戦略　～量子力学の新展開がもたらすデバイスイノベーション～,CRDS机构正式研究,C:\Users\WINDOWS\OneDrive\知识库\智库信息爬虫\国际主要科技智库观点演变_研判\03_证据底稿\原文PDF\C-CRDS-FY2016-SP-02.pdf,C:\Users\WINDOWS\OneDrive\知识库\智库信息爬虫\国际主要科技智库观点演变_研判\03_证据底稿\文本\C-CRDS-FY2016-SP-02.txt,https://www.jst.go.jp/crds/report/CRDS-FY2016-SP-02.html,官方PDF已保存并校验
人工智能、机器人与计算系统,核心科技直接材料,C-CRDS-FY2016-SP-03,2017-03-01,W1,我が国における拠点形成事業の最適展開に向けて　−組織の持続的な強みの形成とイノベーションの実現のために−,CRDS机构正式研究,C:\Users\WINDOWS\OneDrive\知识库\智库信息爬虫\国际主要科技智库观点演变_研判\03_证据底稿\原文PDF\C-CRDS-FY2016-SP-03.pdf,C:\Users\WINDOWS\OneDrive\知识库\智库信息爬虫\国际主要科技智库观点演变_研判\03_证据底稿\文本\C-CRDS-FY2016-SP-03.txt,https://www.jst.go.jp/crds/report/CRDS-FY2016-SP-03.html,官方PDF已保存并校验
芯片、量子、通信与网络安全,核心科技直接材料,C-CRDS-FY2016-SP-03,2017-03-01,W1,我が国における拠点形成事業の最適展開に向けて　−組織の持続的な強みの形成とイノベーションの実現のために−,CRDS机构正式研究,C:\Users\WINDOWS\OneDrive\知识库\智库信息爬虫\国际主要科技智库观点演变_研判\03_证据底稿\原文PDF\C-CRDS-FY2016-SP-03.pdf,C:\Users\WINDOWS\OneDrive\知识库\智库信息爬虫\国际主要科技智库观点演变_研判\03_证据底稿\文本\C-CRDS-FY2016-SP-03.txt,https://www.jst.go.jp/crds/report/CRDS-FY2016-SP-03.html,官方PDF已保存并校验
先进材料、纳米与制造技术,核心科技直接材料,C-CRDS-FY2016-SP-03,2017-03-01,W1,我が国における拠点形成事業の最適展開に向けて　−組織の持続的な強みの形成とイノベーションの実現のために−,CRDS机构正式研究,C:\Users\WINDOWS\OneDrive\知识库\智库信息爬虫\国际主要科技智库观点演变_研判\03_证据底稿\原文PDF\C-CRDS-FY2016-SP-03.pdf,C:\Users\WINDOWS\OneDrive\知识库\智库信息爬虫\国际主要科技智库观点演变_研判\03_证据底稿\文本\C-CRDS-FY2016-SP-03.txt,https://www.jst.go.jp/crds/report/CRDS-FY2016-SP-03.html,官方PDF已保存并校验
生命科学、生物技术与医疗,核心科技直接材料,C-CRDS-FY2016-SP-03,2017-03-01,W1,我が国における拠点形成事業の最適展開に向けて　−組織の持続的な強みの形成とイノベーションの実現のために−,CRDS机构正式研究,C:\Users\WINDOWS\OneDrive\知识库\智库信息爬虫\国际主要科技智库观点演变_研判\03_证据底稿\原文PDF\C-CRDS-FY2016-SP-03.pdf,C:\Users\WINDOWS\OneDrive\知识库\智库信息爬虫\国际主要科技智库观点演变_研判\03_证据底稿\文本\C-CRDS-FY2016-SP-03.txt,https://www.jst.go.jp/crds/report/CRDS-FY2016-SP-03.html,官方PDF已保存并校验
能源、环境与绿色转型,核心科技直接材料,C-CRDS-FY2016-SP-03,2017-03-01,W1,我が国における拠点形成事業の最適展開に向けて　−組織の持続的な強みの形成とイノベーションの実現のために−,CRDS机构正式研究,C:\Users\WINDOWS\OneDrive\知识库\智库信息爬虫\国际主要科技智库观点演变_研判\03_证据底稿\原文PDF\C-CRDS-FY2016-SP-03.pdf,C:\Users\WINDOWS\OneDrive\知识库\智库信息爬虫\国际主要科技智库观点演变_研判\03_证据底稿\文本\C-CRDS-FY2016-SP-03.txt,https://www.jst.go.jp/crds/report/CRDS-FY2016-SP-03.html,官方PDF已保存并校验
科技创新政策、科研体系与人才,核心科技直接材料,C-CRDS-FY2016-SP-03,2017-03-01,W1,我が国における拠点形成事業の最適展開に向けて　−組織の持続的な強みの形成とイノベーションの実現のために−,CRDS机构正式研究,C:\Users\WINDOWS\OneDrive\知识库\智库信息爬虫\国际主要科技智库观点演变_研判\03_证据底稿\原文PDF\C-CRDS-FY2016-SP-03.pdf,C:\Users\WINDOWS\OneDrive\知识库\智库信息爬虫\国际主要科技智库观点演变_研判\03_证据底稿\文本\C-CRDS-FY2016-SP-03.txt,https://www.jst.go.jp/crds/report/CRDS-FY2016-SP-03.html,官方PDF已保存并校验
研究安全、科技外交与国际比较,核心科技直接材料,C-CRDS-FY2016-SP-03,2017-03-01,W1,我が国における拠点形成事業の最適展開に向けて　−組織の持続的な強みの形成とイノベーションの実現のために−,CRDS机构正式研究,C:\Users\WINDOWS\OneDrive\知识库\智库信息爬虫\国际主要科技智库观点演变_研判\03_证据底稿\原文PDF\C-CRDS-FY2016-SP-03.pdf,C:\Users\WINDOWS\OneDrive\知识库\智库信息爬虫\国际主要科技智库观点演变_研判\03_证据底稿\文本\C-CRDS-FY2016-SP-03.txt,https://www.jst.go.jp/crds/report/CRDS-FY2016-SP-03.html,官方PDF已保存并校验
人工智能、机器人与计算系统,核心科技直接材料,C-CRDS-FY2016-SP-04,2017-03-01,W1,未来エネルギーネットワークの基盤技術とエネルギー需要科学　−2050年超の一般家庭でのエネルギー需給構造変化に向けて−,CRDS机构正式研究,C:\Users\WINDOWS\OneDrive\知识库\智库信息爬虫\国际主要科技智库观点演变_研判\03_证据底稿\原文PDF\C-CRDS-FY2016-SP-04.pdf,C:\Users\WINDOWS\OneDrive\知识库\智库信息爬虫\国际主要科技智库观点演变_研判\03_证据底稿\文本\C-CRDS-FY2016-SP-04.txt,https://www.jst.go.jp/crds/report/CRDS-FY2016-SP-04.html,官方PDF已保存并校验
芯片、量子、通信与网络安全,核心科技直接材料,C-CRDS-FY2016-SP-04,2017-03-01,W1,未来エネルギーネットワークの基盤技術とエネルギー需要科学　−2050年超の一般家庭でのエネルギー需給構造変化に向けて−,CRDS机构正式研究,C:\Users\WINDOWS\OneDrive\知识库\智库信息爬虫\国际主要科技智库观点演变_研判\03_证据底稿\原文PDF\C-CRDS-FY2016-SP-04.pdf,C:\Users\WINDOWS\OneDrive\知识库\智库信息爬虫\国际主要科技智库观点演变_研判\03_证据底稿\文本\C-CRDS-FY2016-SP-04.txt,https://www.jst.go.jp/crds/report/CRDS-FY2016-SP-04.html,官方PDF已保存并校验
先进材料、纳米与制造技术,核心科技直接材料,C-CRDS-FY2016-SP-04,2017-03-01,W1,未来エネルギーネットワークの基盤技術とエネルギー需要科学　−2050年超の一般家庭でのエネルギー需給構造変化に向けて−,CRDS机构正式研究,C:\Users\WINDOWS\OneDrive\知识库\智库信息爬虫\国际主要科技智库观点演变_研判\03_证据底稿\原文PDF\C-CRDS-FY2016-SP-04.pdf,C:\Users\WINDOWS\OneDrive\知识库\智库信息爬虫\国际主要科技智库观点演变_研判\03_证据底稿\文本\C-CRDS-FY2016-SP-04.txt,https://www.jst.go.jp/crds/report/CRDS-FY2016-SP-04.html,官方PDF已保存并校验
生命科学、生物技术与医疗,核心科技直接材料,C-CRDS-FY2016-SP-04,2017-03-01,W1,未来エネルギーネットワークの基盤技術とエネルギー需要科学　−2050年超の一般家庭でのエネルギー需給構造変化に向けて−,CRDS机构正式研究,C:\Users\WINDOWS\OneDrive\知识库\智库信息爬虫\国际主要科技智库观点演变_研判\03_证据底稿\原文PDF\C-CRDS-FY2016-SP-04.pdf,C:\Users\WINDOWS\OneDrive\知识库\智库信息爬虫\国际主要科技智库观点演变_研判\03_证据底稿\文本\C-CRDS-FY2016-SP-04.txt,https://www.jst.go.jp/crds/report/CRDS-FY2016-SP-04.html,官方PDF已保存并校验
能源、环境与绿色转型,核心科技直接材料,C-CRDS-FY2016-SP-04,2017-03-01,W1,未来エネルギーネットワークの基盤技術とエネルギー需要科学　−2050年超の一般家庭でのエネルギー需給構造変化に向けて−,CRDS机构正式研究,C:\Users\WINDOWS\OneDrive\知识库\智库信息爬虫\国际主要科技智库观点演变_研判\03_证据底稿\原文PDF\C-CRDS-FY2016-SP-04.pdf,C:\Users\WINDOWS\OneDrive\知识库\智库信息爬虫\国际主要科技智库观点演变_研判\03_证据底稿\文本\C-CRDS-FY2016-SP-04.txt,https://www.jst.go.jp/crds/report/CRDS-FY2016-SP-04.html,官方PDF已保存并校验
科技创新政策、科研体系与人才,核心科技直接材料,C-CRDS-FY2016-SP-04,2017-03-01,W1,未来エネルギーネットワークの基盤技術とエネルギー需要科学　−2050年超の一般家庭でのエネルギー需給構造変化に向けて−,CRDS机构正式研究,C:\Users\WINDOWS\OneDrive\知识库\智库信息爬虫\国际主要科技智库观点演变_研判\03_证据底稿\原文PDF\C-CRDS-FY2016-SP-04.pdf,C:\Users\WINDOWS\OneDrive\知识库\智库信息爬虫\国际主要科技智库观点演变_研判\03_证据底稿\文本\C-CRDS-FY2016-SP-04.txt,https://www.jst.go.jp/crds/report/CRDS-FY2016-SP-04.html,官方PDF已保存并校验
研究安全、科技外交与国际比较,核心科技直接材料,C-CRDS-FY2016-SP-04,2017-03-01,W1,未来エネルギーネットワークの基盤技術とエネルギー需要科学　−2050年超の一般家庭でのエネルギー需給構造変化に向けて−,CRDS机构正式研究,C:\Users\WINDOWS\OneDrive\知识库\智库信息爬虫\国际主要科技智库观点演变_研判\03_证据底稿\原文PDF\C-CRDS-FY2016-SP-04.pdf,C:\Users\WINDOWS\OneDrive\知识库\智库信息爬虫\国际主要科技智库观点演变_研判\03_证据底稿\文本\C-CRDS-FY2016-SP-04.txt,https://www.jst.go.jp/crds/report/CRDS-FY2016-SP-04.html,官方PDF已保存并校验
人工智能、机器人与计算系统,核心科技直接材料,C-CRDS-FY2017-FR-01,2018-03-01,W1,主要国の研究開発戦略（2018年）,CRDS机构正式研究,C:\Users\WINDOWS\OneDrive\知识库\智库信息爬虫\国际主要科技智库观点演变_研判\03_证据底稿\原文PDF\C-CRDS-FY2017-FR-01.pdf,C:\Users\WINDOWS\OneDrive\知识库\智库信息爬虫\国际主要科技智库观点演变_研判\03_证据底稿\文本\C-CRDS-FY2017-FR-01.txt,https://www.jst.go.jp/crds/report/CRDS-FY2017-FR-01.html,官方PDF已保存并校验
先进材料、纳米与制造技术,核心科技直接材料,C-CRDS-FY2017-FR-01,2018-03-01,W1,主要国の研究開発戦略（2018年）,CRDS机构正式研究,C:\Users\WINDOWS\OneDrive\知识库\智库信息爬虫\国际主要科技智库观点演变_研判\03_证据底稿\原文PDF\C-CRDS-FY2017-FR-01.pdf,C:\Users\WINDOWS\OneDrive\知识库\智库信息爬虫\国际主要科技智库观点演变_研判\03_证据底稿\文本\C-CRDS-FY2017-FR-01.txt,https://www.jst.go.jp/crds/report/CRDS-FY2017-FR-01.html,官方PDF已保存并校验
生命科学、生物技术与医疗,核心科技直接材料,C-CRDS-FY2017-FR-01,2018-03-01,W1,主要国の研究開発戦略（2018年）,CRDS机构正式研究,C:\Users\WINDOWS\OneDrive\知识库\智库信息爬虫\国际主要科技智库观点演变_研判\03_证据底稿\原文PDF\C-CRDS-FY2017-FR-01.pdf,C:\Users\WINDOWS\OneDrive\知识库\智库信息爬虫\国际主要科技智库观点演变_研判\03_证据底稿\文本\C-CRDS-FY2017-FR-01.txt,https://www.jst.go.jp/crds/report/CRDS-FY2017-FR-01.html,官方PDF已保存并校验
能源、环境与绿色转型,核心科技直接材料,C-CRDS-FY2017-FR-01,2018-03-01,W1,主要国の研究開発戦略（2018年）,CRDS机构正式研究,C:\Users\WINDOWS\OneDrive\知识库\智库信息爬虫\国际主要科技智库观点演变_研判\03_证据底稿\原文PDF\C-CRDS-FY2017-FR-01.pdf,C:\Users\WINDOWS\OneDrive\知识库\智库信息爬虫\国际主要科技智库观点演变_研判\03_证据底稿\文本\C-CRDS-FY2017-FR-01.txt,https://www.jst.go.jp/crds/report/CRDS-FY2017-FR-01.html,官方PDF已保存并校验
科技创新政策、科研体系与人才,核心科技直接材料,C-CRDS-FY2017-FR-01,2018-03-01,W1,主要国の研究開発戦略（2018年）,CRDS机构正式研究,C:\Users\WINDOWS\OneDrive\知识库\智库信息爬虫\国际主要科技智库观点演变_研判\03_证据底稿\原文PDF\C-CRDS-FY2017-FR-01.pdf,C:\Users\WINDOWS\OneDrive\知识库\智库信息爬虫\国际主要科技智库观点演变_研判\03_证据底稿\文本\C-CRDS-FY2017-FR-01.txt,https://www.jst.go.jp/crds/report/CRDS-FY2017-FR-01.html,官方PDF已保存并校验
研究安全、科技外交与国际比较,核心科技直接材料,C-CRDS-FY2017-FR-01,2018-03-01,W1,主要国の研究開発戦略（2018年）,CRDS机构正式研究,C:\Users\WINDOWS\OneDrive\知识库\智库信息爬虫\国际主要科技智库观点演变_研判\03_证据底稿\原文PDF\C-CRDS-FY2017-FR-01.pdf,C:\Users\WINDOWS\OneDrive\知识库\智库信息爬虫\国际主要科技智库观点演变_研判\03_证据底稿\文本\C-CRDS-FY2017-FR-01.txt,https://www.jst.go.jp/crds/report/CRDS-FY2017-FR-01.html,官方PDF已保存并校验
中国科技政策与能力比较,核心科技直接材料,C-CRDS-FY2017-FR-01,2018-03-01,W1,主要国の研究開発戦略（2018年）,CRDS机构正式研究,C:\Users\WINDOWS\OneDrive\知识库\智库信息爬虫\国际主要科技智库观点演变_研判\03_证据底稿\原文PDF\C-CRDS-FY2017-FR-01.pdf,C:\Users\WINDOWS\OneDrive\知识库\智库信息爬虫\国际主要科技智库观点演变_研判\03_证据底稿\文本\C-CRDS-FY2017-FR-01.txt,https://www.jst.go.jp/crds/report/CRDS-FY2017-FR-01.html,官方PDF已保存并校验
人工智能、机器人与计算系统,核心科技直接材料,C-CRDS-FY2017-RR-01,2018-03-01,W1,医療研究開発プラットフォーム　—大学病院における研究システムの海外事例比較—,CRDS机构正式研究,C:\Users\WINDOWS\OneDrive\知识库\智库信息爬虫\国际主要科技智库观点演变_研判\03_证据底稿\原文PDF\C-CRDS-FY2017-RR-01.pdf,C:\Users\WINDOWS\OneDrive\知识库\智库信息爬虫\国际主要科技智库观点演变_研判\03_证据底稿\文本\C-CRDS-FY2017-RR-01.txt,https://www.jst.go.jp/crds/report/CRDS-FY2017-RR-01.html,官方PDF已保存并校验
先进材料、纳米与制造技术,核心科技直接材料,C-CRDS-FY2017-RR-01,2018-03-01,W1,医療研究開発プラットフォーム　—大学病院における研究システムの海外事例比較—,CRDS机构正式研究,C:\Users\WINDOWS\OneDrive\知识库\智库信息爬虫\国际主要科技智库观点演变_研判\03_证据底稿\原文PDF\C-CRDS-FY2017-RR-01.pdf,C:\Users\WINDOWS\OneDrive\知识库\智库信息爬虫\国际主要科技智库观点演变_研判\03_证据底稿\文本\C-CRDS-FY2017-RR-01.txt,https://www.jst.go.jp/crds/report/CRDS-FY2017-RR-01.html,官方PDF已保存并校验
生命科学、生物技术与医疗,核心科技直接材料,C-CRDS-FY2017-RR-01,2018-03-01,W1,医療研究開発プラットフォーム　—大学病院における研究システムの海外事例比較—,CRDS机构正式研究,C:\Users\WINDOWS\OneDrive\知识库\智库信息爬虫\国际主要科技智库观点演变_研判\03_证据底稿\原文PDF\C-CRDS-FY2017-RR-01.pdf,C:\Users\WINDOWS\OneDrive\知识库\智库信息爬虫\国际主要科技智库观点演变_研判\03_证据底稿\文本\C-CRDS-FY2017-RR-01.txt,https://www.jst.go.jp/crds/report/CRDS-FY2017-RR-01.html,官方PDF已保存并校验
能源、环境与绿色转型,核心科技直接材料,C-CRDS-FY2017-RR-01,2018-03-01,W1,医療研究開発プラットフォーム　—大学病院における研究システムの海外事例比較—,CRDS机构正式研究,C:\Users\WINDOWS\OneDrive\知识库\智库信息爬虫\国际主要科技智库观点演变_研判\03_证据底稿\原文PDF\C-CRDS-FY2017-RR-01.pdf,C:\Users\WINDOWS\OneDrive\知识库\智库信息爬虫\国际主要科技智库观点演变_研判\03_证据底稿\文本\C-CRDS-FY2017-RR-01.txt,https://www.jst.go.jp/crds/report/CRDS-FY2017-RR-01.html,官方PDF已保存并校验
科技创新政策、科研体系与人才,核心科技直接材料,C-CRDS-FY2017-RR-01,2018-03-01,W1,医療研究開発プラットフォーム　—大学病院における研究システムの海外事例比較—,CRDS机构正式研究,C:\Users\WINDOWS\OneDrive\知识库\智库信息爬虫\国际主要科技智库观点演变_研判\03_证据底稿\原文PDF\C-CRDS-FY2017-RR-01.pdf,C:\Users\WINDOWS\OneDrive\知识库\智库信息爬虫\国际主要科技智库观点演变_研判\03_证据底稿\文本\C-CRDS-FY2017-RR-01.txt,https://www.jst.go.jp/crds/report/CRDS-FY2017-RR-01.html,官方PDF已保存并校验
研究安全、科技外交与国际比较,核心科技直接材料,C-CRDS-FY2017-RR-01,2018-03-01,W1,医療研究開発プラットフォーム　—大学病院における研究システムの海外事例比較—,CRDS机构正式研究,C:\Users\WINDOWS\OneDrive\知识库\智库信息爬虫\国际主要科技智库观点演变_研判\03_证据底稿\原文PDF\C-CRDS-FY2017-RR-01.pdf,C:\Users\WINDOWS\OneDrive\知识库\智库信息爬虫\国际主要科技智库观点演变_研判\03_证据底稿\文本\C-CRDS-FY2017-RR-01.txt,https://www.jst.go.jp/crds/report/CRDS-FY2017-RR-01.html,官方PDF已保存并校验
人工智能、机器人与计算系统,核心科技直接材料,C-CRDS-FY2017-RR-02,2018-03-01,W1,調査検討報告書 ４次元生体組織リモデリング：“組織・臓器”の“適応・修復”のサイエンスと健康・医療技術シーズの創出～組織・臓器の宇宙を覗く～,CRDS机构正式研究,C:\Users\WINDOWS\OneDrive\知识库\智库信息爬虫\国际主要科技智库观点演变_研判\03_证据底稿\原文PDF\C-CRDS-FY2017-RR-02.pdf,C:\Users\WINDOWS\OneDrive\知识库\智库信息爬虫\国际主要科技智库观点演变_研判\03_证据底稿\文本\C-CRDS-FY2017-RR-02.txt,https://www.jst.go.jp/crds/report/CRDS-FY2017-RR-02.html,官方PDF已保存并校验
先进材料、纳米与制造技术,核心科技直接材料,C-CRDS-FY2017-RR-02,2018-03-01,W1,調査検討報告書 ４次元生体組織リモデリング：“組織・臓器”の“適応・修復”のサイエンスと健康・医療技術シーズの創出～組織・臓器の宇宙を覗く～,CRDS机构正式研究,C:\Users\WINDOWS\OneDrive\知识库\智库信息爬虫\国际主要科技智库观点演变_研判\03_证据底稿\原文PDF\C-CRDS-FY2017-RR-02.pdf,C:\Users\WINDOWS\OneDrive\知识库\智库信息爬虫\国际主要科技智库观点演变_研判\03_证据底稿\文本\C-CRDS-FY2017-RR-02.txt,https://www.jst.go.jp/crds/report/CRDS-FY2017-RR-02.html,官方PDF已保存并校验
生命科学、生物技术与医疗,核心科技直接材料,C-CRDS-FY2017-RR-02,2018-03-01,W1,調査検討報告書 ４次元生体組織リモデリング：“組織・臓器”の“適応・修復”のサイエンスと健康・医療技術シーズの創出～組織・臓器の宇宙を覗く～,CRDS机构正式研究,C:\Users\WINDOWS\OneDrive\知识库\智库信息爬虫\国际主要科技智库观点演变_研判\03_证据底稿\原文PDF\C-CRDS-FY2017-RR-02.pdf,C:\Users\WINDOWS\OneDrive\知识库\智库信息爬虫\国际主要科技智库观点演变_研判\03_证据底稿\文本\C-CRDS-FY2017-RR-02.txt,https://www.jst.go.jp/crds/report/CRDS-FY2017-RR-02.html,官方PDF已保存并校验
能源、环境与绿色转型,核心科技直接材料,C-CRDS-FY2017-RR-02,2018-03-01,W1,調査検討報告書 ４次元生体組織リモデリング：“組織・臓器”の“適応・修復”のサイエンスと健康・医療技術シーズの創出～組織・臓器の宇宙を覗く～,CRDS机构正式研究,C:\Users\WINDOWS\OneDrive\知识库\智库信息爬虫\国际主要科技智库观点演变_研判\03_证据底稿\原文PDF\C-CRDS-FY2017-RR-02.pdf,C:\Users\WINDOWS\OneDrive\知识库\智库信息爬虫\国际主要科技智库观点演变_研判\03_证据底稿\文本\C-CRDS-FY2017-RR-02.txt,https://www.jst.go.jp/crds/report/CRDS-FY2017-RR-02.html,官方PDF已保存并校验
科技创新政策、科研体系与人才,核心科技直接材料,C-CRDS-FY2017-RR-02,2018-03-01,W1,調査検討報告書 ４次元生体組織リモデリング：“組織・臓器”の“適応・修復”のサイエンスと健康・医療技術シーズの創出～組織・臓器の宇宙を覗く～,CRDS机构正式研究,C:\Users\WINDOWS\OneDrive\知识库\智库信息爬虫\国际主要科技智库观点演变_研判\03_证据底稿\原文PDF\C-CRDS-FY2017-RR-02.pdf,C:\Users\WINDOWS\OneDrive\知识库\智库信息爬虫\国际主要科技智库观点演变_研判\03_证据底稿\文本\C-CRDS-FY2017-RR-02.txt,https://www.jst.go.jp/crds/report/CRDS-FY2017-RR-02.html,官方PDF已保存并校验
研究安全、科技外交与国际比较,核心科技直接材料,C-CRDS-FY2017-RR-02,2018-03-01,W1,調査検討報告書 ４次元生体組織リモデリング：“組織・臓器”の“適応・修復”のサイエンスと健康・医療技術シーズの創出～組織・臓器の宇宙を覗く～,CRDS机构正式研究,C:\Users\WINDOWS\OneDrive\知识库\智库信息爬虫\国际主要科技智库观点演变_研判\03_证据底稿\原文PDF\C-CRDS-FY2017-RR-02.pdf,C:\Users\WINDOWS\OneDrive\知识库\智库信息爬虫\国际主要科技智库观点演变_研判\03_证据底稿\文本\C-CRDS-FY2017-RR-02.txt,https://www.jst.go.jp/crds/report/CRDS-FY2017-RR-02.html,官方PDF已保存并校验
人工智能、机器人与计算系统,核心科技直接材料,C-CRDS-FY2017-RR-03,2018-03-01,W1,「科学技術イノベーション政策の科学」のコアコンテンツ作成に向けた国内外教育研究プログラム調査,CRDS机构正式研究,C:\Users\WINDOWS\OneDrive\知识库\智库信息爬虫\国际主要科技智库观点演变_研判\03_证据底稿\原文PDF\C-CRDS-FY2017-RR-03.pdf,C:\Users\WINDOWS\OneDrive\知识库\智库信息爬虫\国际主要科技智库观点演变_研判\03_证据底稿\文本\C-CRDS-FY2017-RR-03.txt,https://www.jst.go.jp/crds/report/CRDS-FY2017-RR-03.html,官方PDF已保存并校验
先进材料、纳米与制造技术,核心科技直接材料,C-CRDS-FY2017-RR-03,2018-03-01,W1,「科学技術イノベーション政策の科学」のコアコンテンツ作成に向けた国内外教育研究プログラム調査,CRDS机构正式研究,C:\Users\WINDOWS\OneDrive\知识库\智库信息爬虫\国际主要科技智库观点演变_研判\03_证据底稿\原文PDF\C-CRDS-FY2017-RR-03.pdf,C:\Users\WINDOWS\OneDrive\知识库\智库信息爬虫\国际主要科技智库观点演变_研判\03_证据底稿\文本\C-CRDS-FY2017-RR-03.txt,https://www.jst.go.jp/crds/report/CRDS-FY2017-RR-03.html,官方PDF已保存并校验
生命科学、生物技术与医疗,核心科技直接材料,C-CRDS-FY2017-RR-03,2018-03-01,W1,「科学技術イノベーション政策の科学」のコアコンテンツ作成に向けた国内外教育研究プログラム調査,CRDS机构正式研究,C:\Users\WINDOWS\OneDrive\知识库\智库信息爬虫\国际主要科技智库观点演变_研判\03_证据底稿\原文PDF\C-CRDS-FY2017-RR-03.pdf,C:\Users\WINDOWS\OneDrive\知识库\智库信息爬虫\国际主要科技智库观点演变_研判\03_证据底稿\文本\C-CRDS-FY2017-RR-03.txt,https://www.jst.go.jp/crds/report/CRDS-FY2017-RR-03.html,官方PDF已保存并校验
能源、环境与绿色转型,核心科技直接材料,C-CRDS-FY2017-RR-03,2018-03-01,W1,「科学技術イノベーション政策の科学」のコアコンテンツ作成に向けた国内外教育研究プログラム調査,CRDS机构正式研究,C:\Users\WINDOWS\OneDrive\知识库\智库信息爬虫\国际主要科技智库观点演变_研判\03_证据底稿\原文PDF\C-CRDS-FY2017-RR-03.pdf,C:\Users\WINDOWS\OneDrive\知识库\智库信息爬虫\国际主要科技智库观点演变_研判\03_证据底稿\文本\C-CRDS-FY2017-RR-03.txt,https://www.jst.go.jp/crds/report/CRDS-FY2017-RR-03.html,官方PDF已保存并校验
科技创新政策、科研体系与人才,核心科技直接材料,C-CRDS-FY2017-RR-03,2018-03-01,W1,「科学技術イノベーション政策の科学」のコアコンテンツ作成に向けた国内外教育研究プログラム調査,CRDS机构正式研究,C:\Users\WINDOWS\OneDrive\知识库\智库信息爬虫\国际主要科技智库观点演变_研判\03_证据底稿\原文PDF\C-CRDS-FY2017-RR-03.pdf,C:\Users\WINDOWS\OneDrive\知识库\智库信息爬虫\国际主要科技智库观点演变_研判\03_证据底稿\文本\C-CRDS-FY2017-RR-03.txt,https://www.jst.go.jp/crds/report/CRDS-FY2017-RR-03.html,官方PDF已保存并校验
研究安全、科技外交与国际比较,核心科技直接材料,C-CRDS-FY2017-RR-03,2018-03-01,W1,「科学技術イノベーション政策の科学」のコアコンテンツ作成に向けた国内外教育研究プログラム調査,CRDS机构正式研究,C:\Users\WINDOWS\OneDrive\知识库\智库信息爬虫\国际主要科技智库观点演变_研判\03_证据底稿\原文PDF\C-CRDS-FY2017-RR-03.pdf,C:\Users\WINDOWS\OneDrive\知识库\智库信息爬虫\国际主要科技智库观点演变_研判\03_证据底稿\文本\C-CRDS-FY2017-RR-03.txt,https://www.jst.go.jp/crds/report/CRDS-FY2017-RR-03.html,官方PDF已保存并校验
人工智能、机器人与计算系统,核心科技直接材料,C-CRDS-FY2017-SP-01,2018-03-01,W1,革新的デジタルツイン　～ものづくりの未来を担う複合現象モデリングとその先進設計・製造基盤技術確立～,CRDS机构正式研究,C:\Users\WINDOWS\OneDrive\知识库\智库信息爬虫\国际主要科技智库观点演变_研判\03_证据底稿\原文PDF\C-CRDS-FY2017-SP-01.pdf,C:\Users\WINDOWS\OneDrive\知识库\智库信息爬虫\国际主要科技智库观点演变_研判\03_证据底稿\文本\C-CRDS-FY2017-SP-01.txt,https://www.jst.go.jp/crds/report/CRDS-FY2017-SP-01.html,官方PDF已保存并校验
芯片、量子、通信与网络安全,核心科技直接材料,C-CRDS-FY2017-SP-01,2018-03-01,W1,革新的デジタルツイン　～ものづくりの未来を担う複合現象モデリングとその先進設計・製造基盤技術確立～,CRDS机构正式研究,C:\Users\WINDOWS\OneDrive\知识库\智库信息爬虫\国际主要科技智库观点演变_研判\03_证据底稿\原文PDF\C-CRDS-FY2017-SP-01.pdf,C:\Users\WINDOWS\OneDrive\知识库\智库信息爬虫\国际主要科技智库观点演变_研判\03_证据底稿\文本\C-CRDS-FY2017-SP-01.txt,https://www.jst.go.jp/crds/report/CRDS-FY2017-SP-01.html,官方PDF已保存并校验
先进材料、纳米与制造技术,核心科技直接材料,C-CRDS-FY2017-SP-01,2018-03-01,W1,革新的デジタルツイン　～ものづくりの未来を担う複合現象モデリングとその先進設計・製造基盤技術確立～,CRDS机构正式研究,C:\Users\WINDOWS\OneDrive\知识库\智库信息爬虫\国际主要科技智库观点演变_研判\03_证据底稿\原文PDF\C-CRDS-FY2017-SP-01.pdf,C:\Users\WINDOWS\OneDrive\知识库\智库信息爬虫\国际主要科技智库观点演变_研判\03_证据底稿\文本\C-CRDS-FY2017-SP-01.txt,https://www.jst.go.jp/crds/report/CRDS-FY2017-SP-01.html,官方PDF已保存并校验
生命科学、生物技术与医疗,核心科技直接材料,C-CRDS-FY2017-SP-01,2018-03-01,W1,革新的デジタルツイン　～ものづくりの未来を担う複合現象モデリングとその先進設計・製造基盤技術確立～,CRDS机构正式研究,C:\Users\WINDOWS\OneDrive\知识库\智库信息爬虫\国际主要科技智库观点演变_研判\03_证据底稿\原文PDF\C-CRDS-FY2017-SP-01.pdf,C:\Users\WINDOWS\OneDrive\知识库\智库信息爬虫\国际主要科技智库观点演变_研判\03_证据底稿\文本\C-CRDS-FY2017-SP-01.txt,https://www.jst.go.jp/crds/report/CRDS-FY2017-SP-01.html,官方PDF已保存并校验
能源、环境与绿色转型,核心科技直接材料,C-CRDS-FY2017-SP-01,2018-03-01,W1,革新的デジタルツイン　～ものづくりの未来を担う複合現象モデリングとその先進設計・製造基盤技術確立～,CRDS机构正式研究,C:\Users\WINDOWS\OneDrive\知识库\智库信息爬虫\国际主要科技智库观点演变_研判\03_证据底稿\原文PDF\C-CRDS-FY2017-SP-01.pdf,C:\Users\WINDOWS\OneDrive\知识库\智库信息爬虫\国际主要科技智库观点演变_研判\03_证据底稿\文本\C-CRDS-FY2017-SP-01.txt,https://www.jst.go.jp/crds/report/CRDS-FY2017-SP-01.html,官方PDF已保存并校验
科技创新政策、科研体系与人才,核心科技直接材料,C-CRDS-FY2017-SP-01,2018-03-01,W1,革新的デジタルツイン　～ものづくりの未来を担う複合現象モデリングとその先進設計・製造基盤技術確立～,CRDS机构正式研究,C:\Users\WINDOWS\OneDrive\知识库\智库信息爬虫\国际主要科技智库观点演变_研判\03_证据底稿\原文PDF\C-CRDS-FY2017-SP-01.pdf,C:\Users\WINDOWS\OneDrive\知识库\智库信息爬虫\国际主要科技智库观点演变_研判\03_证据底稿\文本\C-CRDS-FY2017-SP-01.txt,https://www.jst.go.jp/crds/report/CRDS-FY2017-SP-01.html,官方PDF已保存并校验
研究安全、科技外交与国际比较,核心科技直接材料,C-CRDS-FY2017-SP-01,2018-03-01,W1,革新的デジタルツイン　～ものづくりの未来を担う複合現象モデリングとその先進設計・製造基盤技術確立～,CRDS机构正式研究,C:\Users\WINDOWS\OneDrive\知识库\智库信息爬虫\国际主要科技智库观点演变_研判\03_证据底稿\原文PDF\C-CRDS-FY2017-SP-01.pdf,C:\Users\WINDOWS\OneDrive\知识库\智库信息爬虫\国际主要科技智库观点演变_研判\03_证据底稿\文本\C-CRDS-FY2017-SP-01.txt,https://www.jst.go.jp/crds/report/CRDS-FY2017-SP-01.html,官方PDF已保存并校验
人工智能、机器人与计算系统,核心科技直接材料,C-CRDS-FY2017-SP-02,2018-03-01,W1,革新的コンピューティング　～計算ドメイン志向による基盤技術の創出～,CRDS机构正式研究,C:\Users\WINDOWS\OneDrive\知识库\智库信息爬虫\国际主要科技智库观点演变_研判\03_证据底稿\原文PDF\C-CRDS-FY2017-SP-02.pdf,C:\Users\WINDOWS\OneDrive\知识库\智库信息爬虫\国际主要科技智库观点演变_研判\03_证据底稿\文本\C-CRDS-FY2017-SP-02.txt,https://www.jst.go.jp/crds/report/CRDS-FY2017-SP-02.html,官方PDF已保存并校验
芯片、量子、通信与网络安全,核心科技直接材料,C-CRDS-FY2017-SP-02,2018-03-01,W1,革新的コンピューティング　～計算ドメイン志向による基盤技術の創出～,CRDS机构正式研究,C:\Users\WINDOWS\OneDrive\知识库\智库信息爬虫\国际主要科技智库观点演变_研判\03_证据底稿\原文PDF\C-CRDS-FY2017-SP-02.pdf,C:\Users\WINDOWS\OneDrive\知识库\智库信息爬虫\国际主要科技智库观点演变_研判\03_证据底稿\文本\C-CRDS-FY2017-SP-02.txt,https://www.jst.go.jp/crds/report/CRDS-FY2017-SP-02.html,官方PDF已保存并校验
先进材料、纳米与制造技术,核心科技直接材料,C-CRDS-FY2017-SP-02,2018-03-01,W1,革新的コンピューティング　～計算ドメイン志向による基盤技術の創出～,CRDS机构正式研究,C:\Users\WINDOWS\OneDrive\知识库\智库信息爬虫\国际主要科技智库观点演变_研判\03_证据底稿\原文PDF\C-CRDS-FY2017-SP-02.pdf,C:\Users\WINDOWS\OneDrive\知识库\智库信息爬虫\国际主要科技智库观点演变_研判\03_证据底稿\文本\C-CRDS-FY2017-SP-02.txt,https://www.jst.go.jp/crds/report/CRDS-FY2017-SP-02.html,官方PDF已保存并校验
生命科学、生物技术与医疗,核心科技直接材料,C-CRDS-FY2017-SP-02,2018-03-01,W1,革新的コンピューティング　～計算ドメイン志向による基盤技術の創出～,CRDS机构正式研究,C:\Users\WINDOWS\OneDrive\知识库\智库信息爬虫\国际主要科技智库观点演变_研判\03_证据底稿\原文PDF\C-CRDS-FY2017-SP-02.pdf,C:\Users\WINDOWS\OneDrive\知识库\智库信息爬虫\国际主要科技智库观点演变_研判\03_证据底稿\文本\C-CRDS-FY2017-SP-02.txt,https://www.jst.go.jp/crds/report/CRDS-FY2017-SP-02.html,官方PDF已保存并校验
能源、环境与绿色转型,核心科技直接材料,C-CRDS-FY2017-SP-02,2018-03-01,W1,革新的コンピューティング　～計算ドメイン志向による基盤技術の創出～,CRDS机构正式研究,C:\Users\WINDOWS\OneDrive\知识库\智库信息爬虫\国际主要科技智库观点演变_研判\03_证据底稿\原文PDF\C-CRDS-FY2017-SP-02.pdf,C:\Users\WINDOWS\OneDrive\知识库\智库信息爬虫\国际主要科技智库观点演变_研判\03_证据底稿\文本\C-CRDS-FY2017-SP-02.txt,https://www.jst.go.jp/crds/report/CRDS-FY2017-SP-02.html,官方PDF已保存并校验
科技创新政策、科研体系与人才,核心科技直接材料,C-CRDS-FY2017-SP-02,2018-03-01,W1,革新的コンピューティング　～計算ドメイン志向による基盤技術の創出～,CRDS机构正式研究,C:\Users\WINDOWS\OneDrive\知识库\智库信息爬虫\国际主要科技智库观点演变_研判\03_证据底稿\原文PDF\C-CRDS-FY2017-SP-02.pdf,C:\Users\WINDOWS\OneDrive\知识库\智库信息爬虫\国际主要科技智库观点演变_研判\03_证据底稿\文本\C-CRDS-FY2017-SP-02.txt,https://www.jst.go.jp/crds/report/CRDS-FY2017-SP-02.html,官方PDF已保存并校验
研究安全、科技外交与国际比较,核心科技直接材料,C-CRDS-FY2017-SP-02,2018-03-01,W1,革新的コンピューティング　～計算ドメイン志向による基盤技術の創出～,CRDS机构正式研究,C:\Users\WINDOWS\OneDrive\知识库\智库信息爬虫\国际主要科技智库观点演变_研判\03_证据底稿\原文PDF\C-CRDS-FY2017-SP-02.pdf,C:\Users\WINDOWS\OneDrive\知识库\智库信息爬虫\国际主要科技智库观点演变_研判\03_证据底稿\文本\C-CRDS-FY2017-SP-02.txt,https://www.jst.go.jp/crds/report/CRDS-FY2017-SP-02.html,官方PDF已保存并校验
人工智能、机器人与计算系统,核心科技直接材料,C-CRDS-FY2017-SP-03,2018-03-01,W1,複雑社会における意思決定・合意形成を支える情報科学技術,CRDS机构正式研究,C:\Users\WINDOWS\OneDrive\知识库\智库信息爬虫\国际主要科技智库观点演变_研判\03_证据底稿\原文PDF\C-CRDS-FY2017-SP-03.pdf,C:\Users\WINDOWS\OneDrive\知识库\智库信息爬虫\国际主要科技智库观点演变_研判\03_证据底稿\文本\C-CRDS-FY2017-SP-03.txt,https://www.jst.go.jp/crds/report/CRDS-FY2017-SP-03.html,官方PDF已保存并校验
先进材料、纳米与制造技术,核心科技直接材料,C-CRDS-FY2017-SP-03,2018-03-01,W1,複雑社会における意思決定・合意形成を支える情報科学技術,CRDS机构正式研究,C:\Users\WINDOWS\OneDrive\知识库\智库信息爬虫\国际主要科技智库观点演变_研判\03_证据底稿\原文PDF\C-CRDS-FY2017-SP-03.pdf,C:\Users\WINDOWS\OneDrive\知识库\智库信息爬虫\国际主要科技智库观点演变_研判\03_证据底稿\文本\C-CRDS-FY2017-SP-03.txt,https://www.jst.go.jp/crds/report/CRDS-FY2017-SP-03.html,官方PDF已保存并校验
生命科学、生物技术与医疗,核心科技直接材料,C-CRDS-FY2017-SP-03,2018-03-01,W1,複雑社会における意思決定・合意形成を支える情報科学技術,CRDS机构正式研究,C:\Users\WINDOWS\OneDrive\知识库\智库信息爬虫\国际主要科技智库观点演变_研判\03_证据底稿\原文PDF\C-CRDS-FY2017-SP-03.pdf,C:\Users\WINDOWS\OneDrive\知识库\智库信息爬虫\国际主要科技智库观点演变_研判\03_证据底稿\文本\C-CRDS-FY2017-SP-03.txt,https://www.jst.go.jp/crds/report/CRDS-FY2017-SP-03.html,官方PDF已保存并校验
能源、环境与绿色转型,核心科技直接材料,C-CRDS-FY2017-SP-03,2018-03-01,W1,複雑社会における意思決定・合意形成を支える情報科学技術,CRDS机构正式研究,C:\Users\WINDOWS\OneDrive\知识库\智库信息爬虫\国际主要科技智库观点演变_研判\03_证据底稿\原文PDF\C-CRDS-FY2017-SP-03.pdf,C:\Users\WINDOWS\OneDrive\知识库\智库信息爬虫\国际主要科技智库观点演变_研判\03_证据底稿\文本\C-CRDS-FY2017-SP-03.txt,https://www.jst.go.jp/crds/report/CRDS-FY2017-SP-03.html,官方PDF已保存并校验
科技创新政策、科研体系与人才,核心科技直接材料,C-CRDS-FY2017-SP-03,2018-03-01,W1,複雑社会における意思決定・合意形成を支える情報科学技術,CRDS机构正式研究,C:\Users\WINDOWS\OneDrive\知识库\智库信息爬虫\国际主要科技智库观点演变_研判\03_证据底稿\原文PDF\C-CRDS-FY2017-SP-03.pdf,C:\Users\WINDOWS\OneDrive\知识库\智库信息爬虫\国际主要科技智库观点演变_研判\03_证据底稿\文本\C-CRDS-FY2017-SP-03.txt,https://www.jst.go.jp/crds/report/CRDS-FY2017-SP-03.html,官方PDF已保存并校验
研究安全、科技外交与国际比较,核心科技直接材料,C-CRDS-FY2017-SP-03,2018-03-01,W1,複雑社会における意思決定・合意形成を支える情報科学技術,CRDS机构正式研究,C:\Users\WINDOWS\OneDrive\知识库\智库信息爬虫\国际主要科技智库观点演变_研判\03_证据底稿\原文PDF\C-CRDS-FY2017-SP-03.pdf,C:\Users\WINDOWS\OneDrive\知识库\智库信息爬虫\国际主要科技智库观点演变_研判\03_证据底稿\文本\C-CRDS-FY2017-SP-03.txt,https://www.jst.go.jp/crds/report/CRDS-FY2017-SP-03.html,官方PDF已保存并校验
人工智能、机器人与计算系统,核心科技直接材料,C-CRDS-FY2017-SP-04,2018-03-01,W1,反応・分離を技術革新する電子・イオンの制御科学 ～持続可能な反応プロセスを目指して～,CRDS机构正式研究,C:\Users\WINDOWS\OneDrive\知识库\智库信息爬虫\国际主要科技智库观点演变_研判\03_证据底稿\原文PDF\C-CRDS-FY2017-SP-04.pdf,C:\Users\WINDOWS\OneDrive\知识库\智库信息爬虫\国际主要科技智库观点演变_研判\03_证据底稿\文本\C-CRDS-FY2017-SP-04.txt,https://www.jst.go.jp/crds/report/CRDS-FY2017-SP-04.html,官方PDF已保存并校验
芯片、量子、通信与网络安全,核心科技直接材料,C-CRDS-FY2017-SP-04,2018-03-01,W1,反応・分離を技術革新する電子・イオンの制御科学 ～持続可能な反応プロセスを目指して～,CRDS机构正式研究,C:\Users\WINDOWS\OneDrive\知识库\智库信息爬虫\国际主要科技智库观点演变_研判\03_证据底稿\原文PDF\C-CRDS-FY2017-SP-04.pdf,C:\Users\WINDOWS\OneDrive\知识库\智库信息爬虫\国际主要科技智库观点演变_研判\03_证据底稿\文本\C-CRDS-FY2017-SP-04.txt,https://www.jst.go.jp/crds/report/CRDS-FY2017-SP-04.html,官方PDF已保存并校验
先进材料、纳米与制造技术,核心科技直接材料,C-CRDS-FY2017-SP-04,2018-03-01,W1,反応・分離を技術革新する電子・イオンの制御科学 ～持続可能な反応プロセスを目指して～,CRDS机构正式研究,C:\Users\WINDOWS\OneDrive\知识库\智库信息爬虫\国际主要科技智库观点演变_研判\03_证据底稿\原文PDF\C-CRDS-FY2017-SP-04.pdf,C:\Users\WINDOWS\OneDrive\知识库\智库信息爬虫\国际主要科技智库观点演变_研判\03_证据底稿\文本\C-CRDS-FY2017-SP-04.txt,https://www.jst.go.jp/crds/report/CRDS-FY2017-SP-04.html,官方PDF已保存并校验
生命科学、生物技术与医疗,核心科技直接材料,C-CRDS-FY2017-SP-04,2018-03-01,W1,反応・分離を技術革新する電子・イオンの制御科学 ～持続可能な反応プロセスを目指して～,CRDS机构正式研究,C:\Users\WINDOWS\OneDrive\知识库\智库信息爬虫\国际主要科技智库观点演变_研判\03_证据底稿\原文PDF\C-CRDS-FY2017-SP-04.pdf,C:\Users\WINDOWS\OneDrive\知识库\智库信息爬虫\国际主要科技智库观点演变_研判\03_证据底稿\文本\C-CRDS-FY2017-SP-04.txt,https://www.jst.go.jp/crds/report/CRDS-FY2017-SP-04.html,官方PDF已保存并校验
能源、环境与绿色转型,核心科技直接材料,C-CRDS-FY2017-SP-04,2018-03-01,W1,反応・分離を技術革新する電子・イオンの制御科学 ～持続可能な反応プロセスを目指して～,CRDS机构正式研究,C:\Users\WINDOWS\OneDrive\知识库\智库信息爬虫\国际主要科技智库观点演变_研判\03_证据底稿\原文PDF\C-CRDS-FY2017-SP-04.pdf,C:\Users\WINDOWS\OneDrive\知识库\智库信息爬虫\国际主要科技智库观点演变_研判\03_证据底稿\文本\C-CRDS-FY2017-SP-04.txt,https://www.jst.go.jp/crds/report/CRDS-FY2017-SP-04.html,官方PDF已保存并校验
科技创新政策、科研体系与人才,核心科技直接材料,C-CRDS-FY2017-SP-04,2018-03-01,W1,反応・分離を技術革新する電子・イオンの制御科学 ～持続可能な反応プロセスを目指して～,CRDS机构正式研究,C:\Users\WINDOWS\OneDrive\知识库\智库信息爬虫\国际主要科技智库观点演变_研判\03_证据底稿\原文PDF\C-CRDS-FY2017-SP-04.pdf,C:\Users\WINDOWS\OneDrive\知识库\智库信息爬虫\国际主要科技智库观点演变_研判\03_证据底稿\文本\C-CRDS-FY2017-SP-04.txt,https://www.jst.go.jp/crds/report/CRDS-FY2017-SP-04.html,官方PDF已保存并校验
研究安全、科技外交与国际比较,核心科技直接材料,C-CRDS-FY2017-SP-04,2018-03-01,W1,反応・分離を技術革新する電子・イオンの制御科学 ～持続可能な反応プロセスを目指して～,CRDS机构正式研究,C:\Users\WINDOWS\OneDrive\知识库\智库信息爬虫\国际主要科技智库观点演变_研判\03_证据底稿\原文PDF\C-CRDS-FY2017-SP-04.pdf,C:\Users\WINDOWS\OneDrive\知识库\智库信息爬虫\国际主要科技智库观点演变_研判\03_证据底稿\文本\C-CRDS-FY2017-SP-04.txt,https://www.jst.go.jp/crds/report/CRDS-FY2017-SP-04.html,官方PDF已保存并校验
人工智能、机器人与计算系统,核心科技直接材料,C-CRDS-FY2018-RR-01,2018-04-01,W1,社会経済動向と科学技術イノベーション政策の変遷,CRDS机构正式研究,C:\Users\WINDOWS\OneDrive\知识库\智库信息爬虫\国际主要科技智库观点演变_研判\03_证据底稿\原文PDF\C-CRDS-FY2018-RR-01.pdf,C:\Users\WINDOWS\OneDrive\知识库\智库信息爬虫\国际主要科技智库观点演变_研判\03_证据底稿\文本\C-CRDS-FY2018-RR-01.txt,https://www.jst.go.jp/crds/report/CRDS-FY2018-RR-01.html,官方PDF已保存并校验
芯片、量子、通信与网络安全,核心科技直接材料,C-CRDS-FY2018-RR-01,2018-04-01,W1,社会経済動向と科学技術イノベーション政策の変遷,CRDS机构正式研究,C:\Users\WINDOWS\OneDrive\知识库\智库信息爬虫\国际主要科技智库观点演变_研判\03_证据底稿\原文PDF\C-CRDS-FY2018-RR-01.pdf,C:\Users\WINDOWS\OneDrive\知识库\智库信息爬虫\国际主要科技智库观点演变_研判\03_证据底稿\文本\C-CRDS-FY2018-RR-01.txt,https://www.jst.go.jp/crds/report/CRDS-FY2018-RR-01.html,官方PDF已保存并校验
先进材料、纳米与制造技术,核心科技直接材料,C-CRDS-FY2018-RR-01,2018-04-01,W1,社会経済動向と科学技術イノベーション政策の変遷,CRDS机构正式研究,C:\Users\WINDOWS\OneDrive\知识库\智库信息爬虫\国际主要科技智库观点演变_研判\03_证据底稿\原文PDF\C-CRDS-FY2018-RR-01.pdf,C:\Users\WINDOWS\OneDrive\知识库\智库信息爬虫\国际主要科技智库观点演变_研判\03_证据底稿\文本\C-CRDS-FY2018-RR-01.txt,https://www.jst.go.jp/crds/report/CRDS-FY2018-RR-01.html,官方PDF已保存并校验
生命科学、生物技术与医疗,核心科技直接材料,C-CRDS-FY2018-RR-01,2018-04-01,W1,社会経済動向と科学技術イノベーション政策の変遷,CRDS机构正式研究,C:\Users\WINDOWS\OneDrive\知识库\智库信息爬虫\国际主要科技智库观点演变_研判\03_证据底稿\原文PDF\C-CRDS-FY2018-RR-01.pdf,C:\Users\WINDOWS\OneDrive\知识库\智库信息爬虫\国际主要科技智库观点演变_研判\03_证据底稿\文本\C-CRDS-FY2018-RR-01.txt,https://www.jst.go.jp/crds/report/CRDS-FY2018-RR-01.html,官方PDF已保存并校验
能源、环境与绿色转型,核心科技直接材料,C-CRDS-FY2018-RR-01,2018-04-01,W1,社会経済動向と科学技術イノベーション政策の変遷,CRDS机构正式研究,C:\Users\WINDOWS\OneDrive\知识库\智库信息爬虫\国际主要科技智库观点演变_研判\03_证据底稿\原文PDF\C-CRDS-FY2018-RR-01.pdf,C:\Users\WINDOWS\OneDrive\知识库\智库信息爬虫\国际主要科技智库观点演变_研判\03_证据底稿\文本\C-CRDS-FY2018-RR-01.txt,https://www.jst.go.jp/crds/report/CRDS-FY2018-RR-01.html,官方PDF已保存并校验
科技创新政策、科研体系与人才,核心科技直接材料,C-CRDS-FY2018-RR-01,2018-04-01,W1,社会経済動向と科学技術イノベーション政策の変遷,CRDS机构正式研究,C:\Users\WINDOWS\OneDrive\知识库\智库信息爬虫\国际主要科技智库观点演变_研判\03_证据底稿\原文PDF\C-CRDS-FY2018-RR-01.pdf,C:\Users\WINDOWS\OneDrive\知识库\智库信息爬虫\国际主要科技智库观点演变_研判\03_证据底稿\文本\C-CRDS-FY2018-RR-01.txt,https://www.jst.go.jp/crds/report/CRDS-FY2018-RR-01.html,官方PDF已保存并校验
研究安全、科技外交与国际比较,核心科技直接材料,C-CRDS-FY2018-RR-01,2018-04-01,W1,社会経済動向と科学技術イノベーション政策の変遷,CRDS机构正式研究,C:\Users\WINDOWS\OneDrive\知识库\智库信息爬虫\国际主要科技智库观点演变_研判\03_证据底稿\原文PDF\C-CRDS-FY2018-RR-01.pdf,C:\Users\WINDOWS\OneDrive\知识库\智库信息爬虫\国际主要科技智库观点演变_研判\03_证据底稿\文本\C-CRDS-FY2018-RR-01.txt,https://www.jst.go.jp/crds/report/CRDS-FY2018-RR-01.html,官方PDF已保存并校验
人工智能、机器人与计算系统,核心科技直接材料,C-CRDS-FY2018-RR-02,2018-08-01,W1,Beyond Disciplines −JST/CRDSが注目する12の異分野融合領域・横断テーマ (2018年)−,CRDS机构正式研究,C:\Users\WINDOWS\OneDrive\知识库\智库信息爬虫\国际主要科技智库观点演变_研判\03_证据底稿\原文PDF\C-CRDS-FY2018-RR-02.pdf,C:\Users\WINDOWS\OneDrive\知识库\智库信息爬虫\国际主要科技智库观点演变_研判\03_证据底稿\文本\C-CRDS-FY2018-RR-02.txt,https://www.jst.go.jp/crds/report/CRDS-FY2018-RR-02.html,官方PDF已保存并校验
芯片、量子、通信与网络安全,核心科技直接材料,C-CRDS-FY2018-RR-02,2018-08-01,W1,Beyond Disciplines −JST/CRDSが注目する12の異分野融合領域・横断テーマ (2018年)−,CRDS机构正式研究,C:\Users\WINDOWS\OneDrive\知识库\智库信息爬虫\国际主要科技智库观点演变_研判\03_证据底稿\原文PDF\C-CRDS-FY2018-RR-02.pdf,C:\Users\WINDOWS\OneDrive\知识库\智库信息爬虫\国际主要科技智库观点演变_研判\03_证据底稿\文本\C-CRDS-FY2018-RR-02.txt,https://www.jst.go.jp/crds/report/CRDS-FY2018-RR-02.html,官方PDF已保存并校验
先进材料、纳米与制造技术,核心科技直接材料,C-CRDS-FY2018-RR-02,2018-08-01,W1,Beyond Disciplines −JST/CRDSが注目する12の異分野融合領域・横断テーマ (2018年)−,CRDS机构正式研究,C:\Users\WINDOWS\OneDrive\知识库\智库信息爬虫\国际主要科技智库观点演变_研判\03_证据底稿\原文PDF\C-CRDS-FY2018-RR-02.pdf,C:\Users\WINDOWS\OneDrive\知识库\智库信息爬虫\国际主要科技智库观点演变_研判\03_证据底稿\文本\C-CRDS-FY2018-RR-02.txt,https://www.jst.go.jp/crds/report/CRDS-FY2018-RR-02.html,官方PDF已保存并校验
生命科学、生物技术与医疗,核心科技直接材料,C-CRDS-FY2018-RR-02,2018-08-01,W1,Beyond Disciplines −JST/CRDSが注目する12の異分野融合領域・横断テーマ (2018年)−,CRDS机构正式研究,C:\Users\WINDOWS\OneDrive\知识库\智库信息爬虫\国际主要科技智库观点演变_研判\03_证据底稿\原文PDF\C-CRDS-FY2018-RR-02.pdf,C:\Users\WINDOWS\OneDrive\知识库\智库信息爬虫\国际主要科技智库观点演变_研判\03_证据底稿\文本\C-CRDS-FY2018-RR-02.txt,https://www.jst.go.jp/crds/report/CRDS-FY2018-RR-02.html,官方PDF已保存并校验
能源、环境与绿色转型,核心科技直接材料,C-CRDS-FY2018-RR-02,2018-08-01,W1,Beyond Disciplines −JST/CRDSが注目する12の異分野融合領域・横断テーマ (2018年)−,CRDS机构正式研究,C:\Users\WINDOWS\OneDrive\知识库\智库信息爬虫\国际主要科技智库观点演变_研判\03_证据底稿\原文PDF\C-CRDS-FY2018-RR-02.pdf,C:\Users\WINDOWS\OneDrive\知识库\智库信息爬虫\国际主要科技智库观点演变_研判\03_证据底稿\文本\C-CRDS-FY2018-RR-02.txt,https://www.jst.go.jp/crds/report/CRDS-FY2018-RR-02.html,官方PDF已保存并校验
科技创新政策、科研体系与人才,核心科技直接材料,C-CRDS-FY2018-RR-02,2018-08-01,W1,Beyond Disciplines −JST/CRDSが注目する12の異分野融合領域・横断テーマ (2018年)−,CRDS机构正式研究,C:\Users\WINDOWS\OneDrive\知识库\智库信息爬虫\国际主要科技智库观点演变_研判\03_证据底稿\原文PDF\C-CRDS-FY2018-RR-02.pdf,C:\Users\WINDOWS\OneDrive\知识库\智库信息爬虫\国际主要科技智库观点演变_研判\03_证据底稿\文本\C-CRDS-FY2018-RR-02.txt,https://www.jst.go.jp/crds/report/CRDS-FY2018-RR-02.html,官方PDF已保存并校验
研究安全、科技外交与国际比较,核心科技直接材料,C-CRDS-FY2018-RR-02,2018-08-01,W1,Beyond Disciplines −JST/CRDSが注目する12の異分野融合領域・横断テーマ (2018年)−,CRDS机构正式研究,C:\Users\WINDOWS\OneDrive\知识库\智库信息爬虫\国际主要科技智库观点演变_研判\03_证据底稿\原文PDF\C-CRDS-FY2018-RR-02.pdf,C:\Users\WINDOWS\OneDrive\知识库\智库信息爬虫\国际主要科技智库观点演变_研判\03_证据底稿\文本\C-CRDS-FY2018-RR-02.txt,https://www.jst.go.jp/crds/report/CRDS-FY2018-RR-02.html,官方PDF已保存并校验
人工智能、机器人与计算系统,核心科技直接材料,C-CRDS-FY2018-SP-01,2018-10-01,W1,自然科学と人文・社会科学との連携を具体化するために−連携方策と先行事例−,CRDS机构正式研究,C:\Users\WINDOWS\OneDrive\知识库\智库信息爬虫\国际主要科技智库观点演变_研判\03_证据底稿\原文PDF\C-CRDS-FY2018-SP-01.pdf,C:\Users\WINDOWS\OneDrive\知识库\智库信息爬虫\国际主要科技智库观点演变_研判\03_证据底稿\文本\C-CRDS-FY2018-SP-01.txt,https://www.jst.go.jp/crds/report/CRDS-FY2018-SP-01.html,官方PDF已保存并校验
先进材料、纳米与制造技术,核心科技直接材料,C-CRDS-FY2018-SP-01,2018-10-01,W1,自然科学と人文・社会科学との連携を具体化するために−連携方策と先行事例−,CRDS机构正式研究,C:\Users\WINDOWS\OneDrive\知识库\智库信息爬虫\国际主要科技智库观点演变_研判\03_证据底稿\原文PDF\C-CRDS-FY2018-SP-01.pdf,C:\Users\WINDOWS\OneDrive\知识库\智库信息爬虫\国际主要科技智库观点演变_研判\03_证据底稿\文本\C-CRDS-FY2018-SP-01.txt,https://www.jst.go.jp/crds/report/CRDS-FY2018-SP-01.html,官方PDF已保存并校验
生命科学、生物技术与医疗,核心科技直接材料,C-CRDS-FY2018-SP-01,2018-10-01,W1,自然科学と人文・社会科学との連携を具体化するために−連携方策と先行事例−,CRDS机构正式研究,C:\Users\WINDOWS\OneDrive\知识库\智库信息爬虫\国际主要科技智库观点演变_研判\03_证据底稿\原文PDF\C-CRDS-FY2018-SP-01.pdf,C:\Users\WINDOWS\OneDrive\知识库\智库信息爬虫\国际主要科技智库观点演变_研判\03_证据底稿\文本\C-CRDS-FY2018-SP-01.txt,https://www.jst.go.jp/crds/report/CRDS-FY2018-SP-01.html,官方PDF已保存并校验
能源、环境与绿色转型,核心科技直接材料,C-CRDS-FY2018-SP-01,2018-10-01,W1,自然科学と人文・社会科学との連携を具体化するために−連携方策と先行事例−,CRDS机构正式研究,C:\Users\WINDOWS\OneDrive\知识库\智库信息爬虫\国际主要科技智库观点演变_研判\03_证据底稿\原文PDF\C-CRDS-FY2018-SP-01.pdf,C:\Users\WINDOWS\OneDrive\知识库\智库信息爬虫\国际主要科技智库观点演变_研判\03_证据底稿\文本\C-CRDS-FY2018-SP-01.txt,https://www.jst.go.jp/crds/report/CRDS-FY2018-SP-01.html,官方PDF已保存并校验
科技创新政策、科研体系与人才,核心科技直接材料,C-CRDS-FY2018-SP-01,2018-10-01,W1,自然科学と人文・社会科学との連携を具体化するために−連携方策と先行事例−,CRDS机构正式研究,C:\Users\WINDOWS\OneDrive\知识库\智库信息爬虫\国际主要科技智库观点演变_研判\03_证据底稿\原文PDF\C-CRDS-FY2018-SP-01.pdf,C:\Users\WINDOWS\OneDrive\知识库\智库信息爬虫\国际主要科技智库观点演变_研判\03_证据底稿\文本\C-CRDS-FY2018-SP-01.txt,https://www.jst.go.jp/crds/report/CRDS-FY2018-SP-01.html,官方PDF已保存并校验
研究安全、科技外交与国际比较,核心科技直接材料,C-CRDS-FY2018-SP-01,2018-10-01,W1,自然科学と人文・社会科学との連携を具体化するために−連携方策と先行事例−,CRDS机构正式研究,C:\Users\WINDOWS\OneDrive\知识库\智库信息爬虫\国际主要科技智库观点演变_研判\03_证据底稿\原文PDF\C-CRDS-FY2018-SP-01.pdf,C:\Users\WINDOWS\OneDrive\知识库\智库信息爬虫\国际主要科技智库观点演变_研判\03_证据底稿\文本\C-CRDS-FY2018-SP-01.txt,https://www.jst.go.jp/crds/report/CRDS-FY2018-SP-01.html,官方PDF已保存并校验
人工智能、机器人与计算系统,核心科技直接材料,C-CRDS-FY2018-SP-02,2018-11-01,W1,バイオ材料工学　～生体との相互作用を能動的に制御するバイオアダプティブ材料の創出～,CRDS机构正式研究,C:\Users\WINDOWS\OneDrive\知识库\智库信息爬虫\国际主要科技智库观点演变_研判\03_证据底稿\原文PDF\C-CRDS-FY2018-SP-02.pdf,C:\Users\WINDOWS\OneDrive\知识库\智库信息爬虫\国际主要科技智库观点演变_研判\03_证据底稿\文本\C-CRDS-FY2018-SP-02.txt,https://www.jst.go.jp/crds/report/CRDS-FY2018-SP-02.html,官方PDF已保存并校验
先进材料、纳米与制造技术,核心科技直接材料,C-CRDS-FY2018-SP-02,2018-11-01,W1,バイオ材料工学　～生体との相互作用を能動的に制御するバイオアダプティブ材料の創出～,CRDS机构正式研究,C:\Users\WINDOWS\OneDrive\知识库\智库信息爬虫\国际主要科技智库观点演变_研判\03_证据底稿\原文PDF\C-CRDS-FY2018-SP-02.pdf,C:\Users\WINDOWS\OneDrive\知识库\智库信息爬虫\国际主要科技智库观点演变_研判\03_证据底稿\文本\C-CRDS-FY2018-SP-02.txt,https://www.jst.go.jp/crds/report/CRDS-FY2018-SP-02.html,官方PDF已保存并校验
生命科学、生物技术与医疗,核心科技直接材料,C-CRDS-FY2018-SP-02,2018-11-01,W1,バイオ材料工学　～生体との相互作用を能動的に制御するバイオアダプティブ材料の創出～,CRDS机构正式研究,C:\Users\WINDOWS\OneDrive\知识库\智库信息爬虫\国际主要科技智库观点演变_研判\03_证据底稿\原文PDF\C-CRDS-FY2018-SP-02.pdf,C:\Users\WINDOWS\OneDrive\知识库\智库信息爬虫\国际主要科技智库观点演变_研判\03_证据底稿\文本\C-CRDS-FY2018-SP-02.txt,https://www.jst.go.jp/crds/report/CRDS-FY2018-SP-02.html,官方PDF已保存并校验
能源、环境与绿色转型,核心科技直接材料,C-CRDS-FY2018-SP-02,2018-11-01,W1,バイオ材料工学　～生体との相互作用を能動的に制御するバイオアダプティブ材料の創出～,CRDS机构正式研究,C:\Users\WINDOWS\OneDrive\知识库\智库信息爬虫\国际主要科技智库观点演变_研判\03_证据底稿\原文PDF\C-CRDS-FY2018-SP-02.pdf,C:\Users\WINDOWS\OneDrive\知识库\智库信息爬虫\国际主要科技智库观点演变_研判\03_证据底稿\文本\C-CRDS-FY2018-SP-02.txt,https://www.jst.go.jp/crds/report/CRDS-FY2018-SP-02.html,官方PDF已保存并校验
科技创新政策、科研体系与人才,核心科技直接材料,C-CRDS-FY2018-SP-02,2018-11-01,W1,バイオ材料工学　～生体との相互作用を能動的に制御するバイオアダプティブ材料の創出～,CRDS机构正式研究,C:\Users\WINDOWS\OneDrive\知识库\智库信息爬虫\国际主要科技智库观点演变_研判\03_证据底稿\原文PDF\C-CRDS-FY2018-SP-02.pdf,C:\Users\WINDOWS\OneDrive\知识库\智库信息爬虫\国际主要科技智库观点演变_研判\03_证据底稿\文本\C-CRDS-FY2018-SP-02.txt,https://www.jst.go.jp/crds/report/CRDS-FY2018-SP-02.html,官方PDF已保存并校验
研究安全、科技外交与国际比较,核心科技直接材料,C-CRDS-FY2018-SP-02,2018-11-01,W1,バイオ材料工学　～生体との相互作用を能動的に制御するバイオアダプティブ材料の創出～,CRDS机构正式研究,C:\Users\WINDOWS\OneDrive\知识库\智库信息爬虫\国际主要科技智库观点演变_研判\03_证据底稿\原文PDF\C-CRDS-FY2018-SP-02.pdf,C:\Users\WINDOWS\OneDrive\知识库\智库信息爬虫\国际主要科技智库观点演变_研判\03_证据底稿\文本\C-CRDS-FY2018-SP-02.txt,https://www.jst.go.jp/crds/report/CRDS-FY2018-SP-02.html,官方PDF已保存并校验
人工智能、机器人与计算系统,核心科技直接材料,C-CRDS-FY2018-RR-03,2018-12-01,W1,計測横断チーム調査報告書　計測の俯瞰と新潮流,CRDS机构正式研究,C:\Users\WINDOWS\OneDrive\知识库\智库信息爬虫\国际主要科技智库观点演变_研判\03_证据底稿\原文PDF\C-CRDS-FY2018-RR-03.pdf,C:\Users\WINDOWS\OneDrive\知识库\智库信息爬虫\国际主要科技智库观点演变_研判\03_证据底稿\文本\C-CRDS-FY2018-RR-03.txt,https://www.jst.go.jp/crds/report/CRDS-FY2018-RR-03.html,官方PDF已保存并校验
芯片、量子、通信与网络安全,核心科技直接材料,C-CRDS-FY2018-RR-03,2018-12-01,W1,計測横断チーム調査報告書　計測の俯瞰と新潮流,CRDS机构正式研究,C:\Users\WINDOWS\OneDrive\知识库\智库信息爬虫\国际主要科技智库观点演变_研判\03_证据底稿\原文PDF\C-CRDS-FY2018-RR-03.pdf,C:\Users\WINDOWS\OneDrive\知识库\智库信息爬虫\国际主要科技智库观点演变_研判\03_证据底稿\文本\C-CRDS-FY2018-RR-03.txt,https://www.jst.go.jp/crds/report/CRDS-FY2018-RR-03.html,官方PDF已保存并校验
先进材料、纳米与制造技术,核心科技直接材料,C-CRDS-FY2018-RR-03,2018-12-01,W1,計測横断チーム調査報告書　計測の俯瞰と新潮流,CRDS机构正式研究,C:\Users\WINDOWS\OneDrive\知识库\智库信息爬虫\国际主要科技智库观点演变_研判\03_证据底稿\原文PDF\C-CRDS-FY2018-RR-03.pdf,C:\Users\WINDOWS\OneDrive\知识库\智库信息爬虫\国际主要科技智库观点演变_研判\03_证据底稿\文本\C-CRDS-FY2018-RR-03.txt,https://www.jst.go.jp/crds/report/CRDS-FY2018-RR-03.html,官方PDF已保存并校验
生命科学、生物技术与医疗,核心科技直接材料,C-CRDS-FY2018-RR-03,2018-12-01,W1,計測横断チーム調査報告書　計測の俯瞰と新潮流,CRDS机构正式研究,C:\Users\WINDOWS\OneDrive\知识库\智库信息爬虫\国际主要科技智库观点演变_研判\03_证据底稿\原文PDF\C-CRDS-FY2018-RR-03.pdf,C:\Users\WINDOWS\OneDrive\知识库\智库信息爬虫\国际主要科技智库观点演变_研判\03_证据底稿\文本\C-CRDS-FY2018-RR-03.txt,https://www.jst.go.jp/crds/report/CRDS-FY2018-RR-03.html,官方PDF已保存并校验
能源、环境与绿色转型,核心科技直接材料,C-CRDS-FY2018-RR-03,2018-12-01,W1,計測横断チーム調査報告書　計測の俯瞰と新潮流,CRDS机构正式研究,C:\Users\WINDOWS\OneDrive\知识库\智库信息爬虫\国际主要科技智库观点演变_研判\03_证据底稿\原文PDF\C-CRDS-FY2018-RR-03.pdf,C:\Users\WINDOWS\OneDrive\知识库\智库信息爬虫\国际主要科技智库观点演变_研判\03_证据底稿\文本\C-CRDS-FY2018-RR-03.txt,https://www.jst.go.jp/crds/report/CRDS-FY2018-RR-03.html,官方PDF已保存并校验
科技创新政策、科研体系与人才,核心科技直接材料,C-CRDS-FY2018-RR-03,2018-12-01,W1,計測横断チーム調査報告書　計測の俯瞰と新潮流,CRDS机构正式研究,C:\Users\WINDOWS\OneDrive\知识库\智库信息爬虫\国际主要科技智库观点演变_研判\03_证据底稿\原文PDF\C-CRDS-FY2018-RR-03.pdf,C:\Users\WINDOWS\OneDrive\知识库\智库信息爬虫\国际主要科技智库观点演变_研判\03_证据底稿\文本\C-CRDS-FY2018-RR-03.txt,https://www.jst.go.jp/crds/report/CRDS-FY2018-RR-03.html,官方PDF已保存并校验
研究安全、科技外交与国际比较,核心科技直接材料,C-CRDS-FY2018-RR-03,2018-12-01,W1,計測横断チーム調査報告書　計測の俯瞰と新潮流,CRDS机构正式研究,C:\Users\WINDOWS\OneDrive\知识库\智库信息爬虫\国际主要科技智库观点演变_研判\03_证据底稿\原文PDF\C-CRDS-FY2018-RR-03.pdf,C:\Users\WINDOWS\OneDrive\知识库\智库信息爬虫\国际主要科技智库观点演变_研判\03_证据底稿\文本\C-CRDS-FY2018-RR-03.txt,https://www.jst.go.jp/crds/report/CRDS-FY2018-RR-03.html,官方PDF已保存并校验
人工智能、机器人与计算系统,核心科技直接材料,C-CRDS-FY2018-SP-03,2018-12-01,W1,AI応用システムの安全性・信頼性を確保する新世代ソフトウェア工学の確立,CRDS机构正式研究,C:\Users\WINDOWS\OneDrive\知识库\智库信息爬虫\国际主要科技智库观点演变_研判\03_证据底稿\原文PDF\C-CRDS-FY2018-SP-03.pdf,C:\Users\WINDOWS\OneDrive\知识库\智库信息爬虫\国际主要科技智库观点演变_研判\03_证据底稿\文本\C-CRDS-FY2018-SP-03.txt,https://www.jst.go.jp/crds/report/CRDS-FY2018-SP-03.html,官方PDF已保存并校验
先进材料、纳米与制造技术,核心科技直接材料,C-CRDS-FY2018-SP-03,2018-12-01,W1,AI応用システムの安全性・信頼性を確保する新世代ソフトウェア工学の確立,CRDS机构正式研究,C:\Users\WINDOWS\OneDrive\知识库\智库信息爬虫\国际主要科技智库观点演变_研判\03_证据底稿\原文PDF\C-CRDS-FY2018-SP-03.pdf,C:\Users\WINDOWS\OneDrive\知识库\智库信息爬虫\国际主要科技智库观点演变_研判\03_证据底稿\文本\C-CRDS-FY2018-SP-03.txt,https://www.jst.go.jp/crds/report/CRDS-FY2018-SP-03.html,官方PDF已保存并校验
生命科学、生物技术与医疗,核心科技直接材料,C-CRDS-FY2018-SP-03,2018-12-01,W1,AI応用システムの安全性・信頼性を確保する新世代ソフトウェア工学の確立,CRDS机构正式研究,C:\Users\WINDOWS\OneDrive\知识库\智库信息爬虫\国际主要科技智库观点演变_研判\03_证据底稿\原文PDF\C-CRDS-FY2018-SP-03.pdf,C:\Users\WINDOWS\OneDrive\知识库\智库信息爬虫\国际主要科技智库观点演变_研判\03_证据底稿\文本\C-CRDS-FY2018-SP-03.txt,https://www.jst.go.jp/crds/report/CRDS-FY2018-SP-03.html,官方PDF已保存并校验
能源、环境与绿色转型,核心科技直接材料,C-CRDS-FY2018-SP-03,2018-12-01,W1,AI応用システムの安全性・信頼性を確保する新世代ソフトウェア工学の確立,CRDS机构正式研究,C:\Users\WINDOWS\OneDrive\知识库\智库信息爬虫\国际主要科技智库观点演变_研判\03_证据底稿\原文PDF\C-CRDS-FY2018-SP-03.pdf,C:\Users\WINDOWS\OneDrive\知识库\智库信息爬虫\国际主要科技智库观点演变_研判\03_证据底稿\文本\C-CRDS-FY2018-SP-03.txt,https://www.jst.go.jp/crds/report/CRDS-FY2018-SP-03.html,官方PDF已保存并校验
科技创新政策、科研体系与人才,核心科技直接材料,C-CRDS-FY2018-SP-03,2018-12-01,W1,AI応用システムの安全性・信頼性を確保する新世代ソフトウェア工学の確立,CRDS机构正式研究,C:\Users\WINDOWS\OneDrive\知识库\智库信息爬虫\国际主要科技智库观点演变_研判\03_证据底稿\原文PDF\C-CRDS-FY2018-SP-03.pdf,C:\Users\WINDOWS\OneDrive\知识库\智库信息爬虫\国际主要科技智库观点演变_研判\03_证据底稿\文本\C-CRDS-FY2018-SP-03.txt,https://www.jst.go.jp/crds/report/CRDS-FY2018-SP-03.html,官方PDF已保存并校验
研究安全、科技外交与国际比较,核心科技直接材料,C-CRDS-FY2018-SP-03,2018-12-01,W1,AI応用システムの安全性・信頼性を確保する新世代ソフトウェア工学の確立,CRDS机构正式研究,C:\Users\WINDOWS\OneDrive\知识库\智库信息爬虫\国际主要科技智库观点演变_研判\03_证据底稿\原文PDF\C-CRDS-FY2018-SP-03.pdf,C:\Users\WINDOWS\OneDrive\知识库\智库信息爬虫\国际主要科技智库观点演变_研判\03_证据底稿\文本\C-CRDS-FY2018-SP-03.txt,https://www.jst.go.jp/crds/report/CRDS-FY2018-SP-03.html,官方PDF已保存并校验
人工智能、机器人与计算系统,核心科技直接材料,C-CRDS-FY2018-SP-04,2018-12-01,W1,みんなの量子コンピューター　～情報・数理・電子工学と拓く新しい量子アプリ～,CRDS机构正式研究,C:\Users\WINDOWS\OneDrive\知识库\智库信息爬虫\国际主要科技智库观点演变_研判\03_证据底稿\原文PDF\C-CRDS-FY2018-SP-04.pdf,C:\Users\WINDOWS\OneDrive\知识库\智库信息爬虫\国际主要科技智库观点演变_研判\03_证据底稿\文本\C-CRDS-FY2018-SP-04.txt,https://www.jst.go.jp/crds/report/CRDS-FY2018-SP-04.html,官方PDF已保存并校验
芯片、量子、通信与网络安全,核心科技直接材料,C-CRDS-FY2018-SP-04,2018-12-01,W1,みんなの量子コンピューター　～情報・数理・電子工学と拓く新しい量子アプリ～,CRDS机构正式研究,C:\Users\WINDOWS\OneDrive\知识库\智库信息爬虫\国际主要科技智库观点演变_研判\03_证据底稿\原文PDF\C-CRDS-FY2018-SP-04.pdf,C:\Users\WINDOWS\OneDrive\知识库\智库信息爬虫\国际主要科技智库观点演变_研判\03_证据底稿\文本\C-CRDS-FY2018-SP-04.txt,https://www.jst.go.jp/crds/report/CRDS-FY2018-SP-04.html,官方PDF已保存并校验
先进材料、纳米与制造技术,核心科技直接材料,C-CRDS-FY2018-SP-04,2018-12-01,W1,みんなの量子コンピューター　～情報・数理・電子工学と拓く新しい量子アプリ～,CRDS机构正式研究,C:\Users\WINDOWS\OneDrive\知识库\智库信息爬虫\国际主要科技智库观点演变_研判\03_证据底稿\原文PDF\C-CRDS-FY2018-SP-04.pdf,C:\Users\WINDOWS\OneDrive\知识库\智库信息爬虫\国际主要科技智库观点演变_研判\03_证据底稿\文本\C-CRDS-FY2018-SP-04.txt,https://www.jst.go.jp/crds/report/CRDS-FY2018-SP-04.html,官方PDF已保存并校验
生命科学、生物技术与医疗,核心科技直接材料,C-CRDS-FY2018-SP-04,2018-12-01,W1,みんなの量子コンピューター　～情報・数理・電子工学と拓く新しい量子アプリ～,CRDS机构正式研究,C:\Users\WINDOWS\OneDrive\知识库\智库信息爬虫\国际主要科技智库观点演变_研判\03_证据底稿\原文PDF\C-CRDS-FY2018-SP-04.pdf,C:\Users\WINDOWS\OneDrive\知识库\智库信息爬虫\国际主要科技智库观点演变_研判\03_证据底稿\文本\C-CRDS-FY2018-SP-04.txt,https://www.jst.go.jp/crds/report/CRDS-FY2018-SP-04.html,官方PDF已保存并校验
能源、环境与绿色转型,核心科技直接材料,C-CRDS-FY2018-SP-04,2018-12-01,W1,みんなの量子コンピューター　～情報・数理・電子工学と拓く新しい量子アプリ～,CRDS机构正式研究,C:\Users\WINDOWS\OneDrive\知识库\智库信息爬虫\国际主要科技智库观点演变_研判\03_证据底稿\原文PDF\C-CRDS-FY2018-SP-04.pdf,C:\Users\WINDOWS\OneDrive\知识库\智库信息爬虫\国际主要科技智库观点演变_研判\03_证据底稿\文本\C-CRDS-FY2018-SP-04.txt,https://www.jst.go.jp/crds/report/CRDS-FY2018-SP-04.html,官方PDF已保存并校验
科技创新政策、科研体系与人才,核心科技直接材料,C-CRDS-FY2018-SP-04,2018-12-01,W1,みんなの量子コンピューター　～情報・数理・電子工学と拓く新しい量子アプリ～,CRDS机构正式研究,C:\Users\WINDOWS\OneDrive\知识库\智库信息爬虫\国际主要科技智库观点演变_研判\03_证据底稿\原文PDF\C-CRDS-FY2018-SP-04.pdf,C:\Users\WINDOWS\OneDrive\知识库\智库信息爬虫\国际主要科技智库观点演变_研判\03_证据底稿\文本\C-CRDS-FY2018-SP-04.txt,https://www.jst.go.jp/crds/report/CRDS-FY2018-SP-04.html,官方PDF已保存并校验
研究安全、科技外交与国际比较,核心科技直接材料,C-CRDS-FY2018-SP-04,2018-12-01,W1,みんなの量子コンピューター　～情報・数理・電子工学と拓く新しい量子アプリ～,CRDS机构正式研究,C:\Users\WINDOWS\OneDrive\知识库\智库信息爬虫\国际主要科技智库观点演变_研判\03_证据底稿\原文PDF\C-CRDS-FY2018-SP-04.pdf,C:\Users\WINDOWS\OneDrive\知识库\智库信息爬虫\国际主要科技智库观点演变_研判\03_证据底稿\文本\C-CRDS-FY2018-SP-04.txt,https://www.jst.go.jp/crds/report/CRDS-FY2018-SP-04.html,官方PDF已保存并校验
人工智能、机器人与计算系统,核心科技直接材料,C-CRDS-FY2018-SP-05,2019-02-01,W2,トランススケール力学制御による材料イノベーション　～マクロな力学現象へのナノスケールからのアプローチ～,CRDS机构正式研究,C:\Users\WINDOWS\OneDrive\知识库\智库信息爬虫\国际主要科技智库观点演变_研判\03_证据底稿\原文PDF\C-CRDS-FY2018-SP-05.pdf,C:\Users\WINDOWS\OneDrive\知识库\智库信息爬虫\国际主要科技智库观点演变_研判\03_证据底稿\文本\C-CRDS-FY2018-SP-05.txt,https://www.jst.go.jp/crds/report/CRDS-FY2018-SP-05.html,官方PDF已保存并校验
芯片、量子、通信与网络安全,核心科技直接材料,C-CRDS-FY2018-SP-05,2019-02-01,W2,トランススケール力学制御による材料イノベーション　～マクロな力学現象へのナノスケールからのアプローチ～,CRDS机构正式研究,C:\Users\WINDOWS\OneDrive\知识库\智库信息爬虫\国际主要科技智库观点演变_研判\03_证据底稿\原文PDF\C-CRDS-FY2018-SP-05.pdf,C:\Users\WINDOWS\OneDrive\知识库\智库信息爬虫\国际主要科技智库观点演变_研判\03_证据底稿\文本\C-CRDS-FY2018-SP-05.txt,https://www.jst.go.jp/crds/report/CRDS-FY2018-SP-05.html,官方PDF已保存并校验
先进材料、纳米与制造技术,核心科技直接材料,C-CRDS-FY2018-SP-05,2019-02-01,W2,トランススケール力学制御による材料イノベーション　～マクロな力学現象へのナノスケールからのアプローチ～,CRDS机构正式研究,C:\Users\WINDOWS\OneDrive\知识库\智库信息爬虫\国际主要科技智库观点演变_研判\03_证据底稿\原文PDF\C-CRDS-FY2018-SP-05.pdf,C:\Users\WINDOWS\OneDrive\知识库\智库信息爬虫\国际主要科技智库观点演变_研判\03_证据底稿\文本\C-CRDS-FY2018-SP-05.txt,https://www.jst.go.jp/crds/report/CRDS-FY2018-SP-05.html,官方PDF已保存并校验
生命科学、生物技术与医疗,核心科技直接材料,C-CRDS-FY2018-SP-05,2019-02-01,W2,トランススケール力学制御による材料イノベーション　～マクロな力学現象へのナノスケールからのアプローチ～,CRDS机构正式研究,C:\Users\WINDOWS\OneDrive\知识库\智库信息爬虫\国际主要科技智库观点演变_研判\03_证据底稿\原文PDF\C-CRDS-FY2018-SP-05.pdf,C:\Users\WINDOWS\OneDrive\知识库\智库信息爬虫\国际主要科技智库观点演变_研判\03_证据底稿\文本\C-CRDS-FY2018-SP-05.txt,https://www.jst.go.jp/crds/report/CRDS-FY2018-SP-05.html,官方PDF已保存并校验
能源、环境与绿色转型,核心科技直接材料,C-CRDS-FY2018-SP-05,2019-02-01,W2,トランススケール力学制御による材料イノベーション　～マクロな力学現象へのナノスケールからのアプローチ～,CRDS机构正式研究,C:\Users\WINDOWS\OneDrive\知识库\智库信息爬虫\国际主要科技智库观点演变_研判\03_证据底稿\原文PDF\C-CRDS-FY2018-SP-05.pdf,C:\Users\WINDOWS\OneDrive\知识库\智库信息爬虫\国际主要科技智库观点演变_研判\03_证据底稿\文本\C-CRDS-FY2018-SP-05.txt,https://www.jst.go.jp/crds/report/CRDS-FY2018-SP-05.html,官方PDF已保存并校验
科技创新政策、科研体系与人才,核心科技直接材料,C-CRDS-FY2018-SP-05,2019-02-01,W2,トランススケール力学制御による材料イノベーション　～マクロな力学現象へのナノスケールからのアプローチ～,CRDS机构正式研究,C:\Users\WINDOWS\OneDrive\知识库\智库信息爬虫\国际主要科技智库观点演变_研判\03_证据底稿\原文PDF\C-CRDS-FY2018-SP-05.pdf,C:\Users\WINDOWS\OneDrive\知识库\智库信息爬虫\国际主要科技智库观点演变_研判\03_证据底稿\文本\C-CRDS-FY2018-SP-05.txt,https://www.jst.go.jp/crds/report/CRDS-FY2018-SP-05.html,官方PDF已保存并校验
研究安全、科技外交与国际比较,核心科技直接材料,C-CRDS-FY2018-SP-05,2019-02-01,W2,トランススケール力学制御による材料イノベーション　～マクロな力学現象へのナノスケールからのアプローチ～,CRDS机构正式研究,C:\Users\WINDOWS\OneDrive\知识库\智库信息爬虫\国际主要科技智库观点演变_研判\03_证据底稿\原文PDF\C-CRDS-FY2018-SP-05.pdf,C:\Users\WINDOWS\OneDrive\知识库\智库信息爬虫\国际主要科技智库观点演变_研判\03_证据底稿\文本\C-CRDS-FY2018-SP-05.txt,https://www.jst.go.jp/crds/report/CRDS-FY2018-SP-05.html,官方PDF已保存并校验
人工智能、机器人与计算系统,核心科技直接材料,E-CRDS-2019-ENVENERGY,2019-03-01,W2,環境・エネルギー分野（2019年）,CRDS机构正式研究,C:\Users\WINDOWS\OneDrive\知识库\智库信息爬虫\国际主要科技智库观点演变_研判\03_证据底稿\原文PDF\E-CRDS-2019-ENVENERGY.pdf,C:\Users\WINDOWS\OneDrive\知识库\智库信息爬虫\国际主要科技智库观点演变_研判\03_证据底稿\文本\E-CRDS-2019-ENVENERGY.txt,https://www.jst.go.jp/crds/report/CRDS-FY2018-FR-01.html,复用库内既有资产
芯片、量子、通信与网络安全,核心科技直接材料,E-CRDS-2019-ENVENERGY,2019-03-01,W2,環境・エネルギー分野（2019年）,CRDS机构正式研究,C:\Users\WINDOWS\OneDrive\知识库\智库信息爬虫\国际主要科技智库观点演变_研判\03_证据底稿\原文PDF\E-CRDS-2019-ENVENERGY.pdf,C:\Users\WINDOWS\OneDrive\知识库\智库信息爬虫\国际主要科技智库观点演变_研判\03_证据底稿\文本\E-CRDS-2019-ENVENERGY.txt,https://www.jst.go.jp/crds/report/CRDS-FY2018-FR-01.html,复用库内既有资产
先进材料、纳米与制造技术,核心科技直接材料,E-CRDS-2019-ENVENERGY,2019-03-01,W2,環境・エネルギー分野（2019年）,CRDS机构正式研究,C:\Users\WINDOWS\OneDrive\知识库\智库信息爬虫\国际主要科技智库观点演变_研判\03_证据底稿\原文PDF\E-CRDS-2019-ENVENERGY.pdf,C:\Users\WINDOWS\OneDrive\知识库\智库信息爬虫\国际主要科技智库观点演变_研判\03_证据底稿\文本\E-CRDS-2019-ENVENERGY.txt,https://www.jst.go.jp/crds/report/CRDS-FY2018-FR-01.html,复用库内既有资产
生命科学、生物技术与医疗,核心科技直接材料,E-CRDS-2019-ENVENERGY,2019-03-01,W2,環境・エネルギー分野（2019年）,CRDS机构正式研究,C:\Users\WINDOWS\OneDrive\知识库\智库信息爬虫\国际主要科技智库观点演变_研判\03_证据底稿\原文PDF\E-CRDS-2019-ENVENERGY.pdf,C:\Users\WINDOWS\OneDrive\知识库\智库信息爬虫\国际主要科技智库观点演变_研判\03_证据底稿\文本\E-CRDS-2019-ENVENERGY.txt,https://www.jst.go.jp/crds/report/CRDS-FY2018-FR-01.html,复用库内既有资产
能源、环境与绿色转型,核心科技直接材料,E-CRDS-2019-ENVENERGY,2019-03-01,W2,環境・エネルギー分野（2019年）,CRDS机构正式研究,C:\Users\WINDOWS\OneDrive\知识库\智库信息爬虫\国际主要科技智库观点演变_研判\03_证据底稿\原文PDF\E-CRDS-2019-ENVENERGY.pdf,C:\Users\WINDOWS\OneDrive\知识库\智库信息爬虫\国际主要科技智库观点演变_研判\03_证据底稿\文本\E-CRDS-2019-ENVENERGY.txt,https://www.jst.go.jp/crds/report/CRDS-FY2018-FR-01.html,复用库内既有资产
科技创新政策、科研体系与人才,核心科技直接材料,E-CRDS-2019-ENVENERGY,2019-03-01,W2,環境・エネルギー分野（2019年）,CRDS机构正式研究,C:\Users\WINDOWS\OneDrive\知识库\智库信息爬虫\国际主要科技智库观点演变_研判\03_证据底稿\原文PDF\E-CRDS-2019-ENVENERGY.pdf,C:\Users\WINDOWS\OneDrive\知识库\智库信息爬虫\国际主要科技智库观点演变_研判\03_证据底稿\文本\E-CRDS-2019-ENVENERGY.txt,https://www.jst.go.jp/crds/report/CRDS-FY2018-FR-01.html,复用库内既有资产
研究安全、科技外交与国际比较,核心科技直接材料,E-CRDS-2019-ENVENERGY,2019-03-01,W2,環境・エネルギー分野（2019年）,CRDS机构正式研究,C:\Users\WINDOWS\OneDrive\知识库\智库信息爬虫\国际主要科技智库观点演变_研判\03_证据底稿\原文PDF\E-CRDS-2019-ENVENERGY.pdf,C:\Users\WINDOWS\OneDrive\知识库\智库信息爬虫\国际主要科技智库观点演变_研判\03_证据底稿\文本\E-CRDS-2019-ENVENERGY.txt,https://www.jst.go.jp/crds/report/CRDS-FY2018-FR-01.html,复用库内既有资产
人工智能、机器人与计算系统,核心科技直接材料,E-CRDS-2019-SYSTEMS,2019-03-01,W2,システム・情報科学技術分野（2019年）,CRDS机构正式研究,C:\Users\WINDOWS\OneDrive\知识库\智库信息爬虫\国际主要科技智库观点演变_研判\03_证据底稿\原文PDF\E-CRDS-2019-SYSTEMS.pdf,C:\Users\WINDOWS\OneDrive\知识库\智库信息爬虫\国际主要科技智库观点演变_研判\03_证据底稿\文本\E-CRDS-2019-SYSTEMS.txt,https://www.jst.go.jp/crds/report/CRDS-FY2018-FR-02.html,复用库内既有资产
芯片、量子、通信与网络安全,核心科技直接材料,E-CRDS-2019-SYSTEMS,2019-03-01,W2,システム・情報科学技術分野（2019年）,CRDS机构正式研究,C:\Users\WINDOWS\OneDrive\知识库\智库信息爬虫\国际主要科技智库观点演变_研判\03_证据底稿\原文PDF\E-CRDS-2019-SYSTEMS.pdf,C:\Users\WINDOWS\OneDrive\知识库\智库信息爬虫\国际主要科技智库观点演变_研判\03_证据底稿\文本\E-CRDS-2019-SYSTEMS.txt,https://www.jst.go.jp/crds/report/CRDS-FY2018-FR-02.html,复用库内既有资产
先进材料、纳米与制造技术,核心科技直接材料,E-CRDS-2019-SYSTEMS,2019-03-01,W2,システム・情報科学技術分野（2019年）,CRDS机构正式研究,C:\Users\WINDOWS\OneDrive\知识库\智库信息爬虫\国际主要科技智库观点演变_研判\03_证据底稿\原文PDF\E-CRDS-2019-SYSTEMS.pdf,C:\Users\WINDOWS\OneDrive\知识库\智库信息爬虫\国际主要科技智库观点演变_研判\03_证据底稿\文本\E-CRDS-2019-SYSTEMS.txt,https://www.jst.go.jp/crds/report/CRDS-FY2018-FR-02.html,复用库内既有资产
生命科学、生物技术与医疗,核心科技直接材料,E-CRDS-2019-SYSTEMS,2019-03-01,W2,システム・情報科学技術分野（2019年）,CRDS机构正式研究,C:\Users\WINDOWS\OneDrive\知识库\智库信息爬虫\国际主要科技智库观点演变_研判\03_证据底稿\原文PDF\E-CRDS-2019-SYSTEMS.pdf,C:\Users\WINDOWS\OneDrive\知识库\智库信息爬虫\国际主要科技智库观点演变_研判\03_证据底稿\文本\E-CRDS-2019-SYSTEMS.txt,https://www.jst.go.jp/crds/report/CRDS-FY2018-FR-02.html,复用库内既有资产
能源、环境与绿色转型,核心科技直接材料,E-CRDS-2019-SYSTEMS,2019-03-01,W2,システム・情報科学技術分野（2019年）,CRDS机构正式研究,C:\Users\WINDOWS\OneDrive\知识库\智库信息爬虫\国际主要科技智库观点演变_研判\03_证据底稿\原文PDF\E-CRDS-2019-SYSTEMS.pdf,C:\Users\WINDOWS\OneDrive\知识库\智库信息爬虫\国际主要科技智库观点演变_研判\03_证据底稿\文本\E-CRDS-2019-SYSTEMS.txt,https://www.jst.go.jp/crds/report/CRDS-FY2018-FR-02.html,复用库内既有资产
科技创新政策、科研体系与人才,核心科技直接材料,E-CRDS-2019-SYSTEMS,2019-03-01,W2,システム・情報科学技術分野（2019年）,CRDS机构正式研究,C:\Users\WINDOWS\OneDrive\知识库\智库信息爬虫\国际主要科技智库观点演变_研判\03_证据底稿\原文PDF\E-CRDS-2019-SYSTEMS.pdf,C:\Users\WINDOWS\OneDrive\知识库\智库信息爬虫\国际主要科技智库观点演变_研判\03_证据底稿\文本\E-CRDS-2019-SYSTEMS.txt,https://www.jst.go.jp/crds/report/CRDS-FY2018-FR-02.html,复用库内既有资产
研究安全、科技外交与国际比较,核心科技直接材料,E-CRDS-2019-SYSTEMS,2019-03-01,W2,システム・情報科学技術分野（2019年）,CRDS机构正式研究,C:\Users\WINDOWS\OneDrive\知识库\智库信息爬虫\国际主要科技智库观点演变_研判\03_证据底稿\原文PDF\E-CRDS-2019-SYSTEMS.pdf,C:\Users\WINDOWS\OneDrive\知识库\智库信息爬虫\国际主要科技智库观点演变_研判\03_证据底稿\文本\E-CRDS-2019-SYSTEMS.txt,https://www.jst.go.jp/crds/report/CRDS-FY2018-FR-02.html,复用库内既有资产
人工智能、机器人与计算系统,核心科技直接材料,E-CRDS-2019-NANO,2019-03-01,W2,ナノテクノロジー・材料分野（2019年）,CRDS机构正式研究,C:\Users\WINDOWS\OneDrive\知识库\智库信息爬虫\国际主要科技智库观点演变_研判\03_证据底稿\原文PDF\E-CRDS-2019-NANO.pdf,C:\Users\WINDOWS\OneDrive\知识库\智库信息爬虫\国际主要科技智库观点演变_研判\03_证据底稿\文本\E-CRDS-2019-NANO.txt,https://www.jst.go.jp/crds/report/CRDS-FY2018-FR-03.html,复用库内既有资产
芯片、量子、通信与网络安全,核心科技直接材料,E-CRDS-2019-NANO,2019-03-01,W2,ナノテクノロジー・材料分野（2019年）,CRDS机构正式研究,C:\Users\WINDOWS\OneDrive\知识库\智库信息爬虫\国际主要科技智库观点演变_研判\03_证据底稿\原文PDF\E-CRDS-2019-NANO.pdf,C:\Users\WINDOWS\OneDrive\知识库\智库信息爬虫\国际主要科技智库观点演变_研判\03_证据底稿\文本\E-CRDS-2019-NANO.txt,https://www.jst.go.jp/crds/report/CRDS-FY2018-FR-03.html,复用库内既有资产
先进材料、纳米与制造技术,核心科技直接材料,E-CRDS-2019-NANO,2019-03-01,W2,ナノテクノロジー・材料分野（2019年）,CRDS机构正式研究,C:\Users\WINDOWS\OneDrive\知识库\智库信息爬虫\国际主要科技智库观点演变_研判\03_证据底稿\原文PDF\E-CRDS-2019-NANO.pdf,C:\Users\WINDOWS\OneDrive\知识库\智库信息爬虫\国际主要科技智库观点演变_研判\03_证据底稿\文本\E-CRDS-2019-NANO.txt,https://www.jst.go.jp/crds/report/CRDS-FY2018-FR-03.html,复用库内既有资产
生命科学、生物技术与医疗,核心科技直接材料,E-CRDS-2019-NANO,2019-03-01,W2,ナノテクノロジー・材料分野（2019年）,CRDS机构正式研究,C:\Users\WINDOWS\OneDrive\知识库\智库信息爬虫\国际主要科技智库观点演变_研判\03_证据底稿\原文PDF\E-CRDS-2019-NANO.pdf,C:\Users\WINDOWS\OneDrive\知识库\智库信息爬虫\国际主要科技智库观点演变_研判\03_证据底稿\文本\E-CRDS-2019-NANO.txt,https://www.jst.go.jp/crds/report/CRDS-FY2018-FR-03.html,复用库内既有资产
能源、环境与绿色转型,核心科技直接材料,E-CRDS-2019-NANO,2019-03-01,W2,ナノテクノロジー・材料分野（2019年）,CRDS机构正式研究,C:\Users\WINDOWS\OneDrive\知识库\智库信息爬虫\国际主要科技智库观点演变_研判\03_证据底稿\原文PDF\E-CRDS-2019-NANO.pdf,C:\Users\WINDOWS\OneDrive\知识库\智库信息爬虫\国际主要科技智库观点演变_研判\03_证据底稿\文本\E-CRDS-2019-NANO.txt,https://www.jst.go.jp/crds/report/CRDS-FY2018-FR-03.html,复用库内既有资产
科技创新政策、科研体系与人才,核心科技直接材料,E-CRDS-2019-NANO,2019-03-01,W2,ナノテクノロジー・材料分野（2019年）,CRDS机构正式研究,C:\Users\WINDOWS\OneDrive\知识库\智库信息爬虫\国际主要科技智库观点演变_研判\03_证据底稿\原文PDF\E-CRDS-2019-NANO.pdf,C:\Users\WINDOWS\OneDrive\知识库\智库信息爬虫\国际主要科技智库观点演变_研判\03_证据底稿\文本\E-CRDS-2019-NANO.txt,https://www.jst.go.jp/crds/report/CRDS-FY2018-FR-03.html,复用库内既有资产
研究安全、科技外交与国际比较,核心科技直接材料,E-CRDS-2019-NANO,2019-03-01,W2,ナノテクノロジー・材料分野（2019年）,CRDS机构正式研究,C:\Users\WINDOWS\OneDrive\知识库\智库信息爬虫\国际主要科技智库观点演变_研判\03_证据底稿\原文PDF\E-CRDS-2019-NANO.pdf,C:\Users\WINDOWS\OneDrive\知识库\智库信息爬虫\国际主要科技智库观点演变_研判\03_证据底稿\文本\E-CRDS-2019-NANO.txt,https://www.jst.go.jp/crds/report/CRDS-FY2018-FR-03.html,复用库内既有资产
人工智能、机器人与计算系统,核心科技直接材料,E-CRDS-2019-LIFE,2019-03-01,W2,ライフサイエンス・臨床医学分野（2019年）,CRDS机构正式研究,C:\Users\WINDOWS\OneDrive\知识库\智库信息爬虫\国际主要科技智库观点演变_研判\03_证据底稿\原文PDF\E-CRDS-2019-LIFE.pdf,C:\Users\WINDOWS\OneDrive\知识库\智库信息爬虫\国际主要科技智库观点演变_研判\03_证据底稿\文本\E-CRDS-2019-LIFE.txt,https://www.jst.go.jp/crds/report/CRDS-FY2018-FR-04.html,复用库内既有资产
芯片、量子、通信与网络安全,核心科技直接材料,E-CRDS-2019-LIFE,2019-03-01,W2,ライフサイエンス・臨床医学分野（2019年）,CRDS机构正式研究,C:\Users\WINDOWS\OneDrive\知识库\智库信息爬虫\国际主要科技智库观点演变_研判\03_证据底稿\原文PDF\E-CRDS-2019-LIFE.pdf,C:\Users\WINDOWS\OneDrive\知识库\智库信息爬虫\国际主要科技智库观点演变_研判\03_证据底稿\文本\E-CRDS-2019-LIFE.txt,https://www.jst.go.jp/crds/report/CRDS-FY2018-FR-04.html,复用库内既有资产
先进材料、纳米与制造技术,核心科技直接材料,E-CRDS-2019-LIFE,2019-03-01,W2,ライフサイエンス・臨床医学分野（2019年）,CRDS机构正式研究,C:\Users\WINDOWS\OneDrive\知识库\智库信息爬虫\国际主要科技智库观点演变_研判\03_证据底稿\原文PDF\E-CRDS-2019-LIFE.pdf,C:\Users\WINDOWS\OneDrive\知识库\智库信息爬虫\国际主要科技智库观点演变_研判\03_证据底稿\文本\E-CRDS-2019-LIFE.txt,https://www.jst.go.jp/crds/report/CRDS-FY2018-FR-04.html,复用库内既有资产
生命科学、生物技术与医疗,核心科技直接材料,E-CRDS-2019-LIFE,2019-03-01,W2,ライフサイエンス・臨床医学分野（2019年）,CRDS机构正式研究,C:\Users\WINDOWS\OneDrive\知识库\智库信息爬虫\国际主要科技智库观点演变_研判\03_证据底稿\原文PDF\E-CRDS-2019-LIFE.pdf,C:\Users\WINDOWS\OneDrive\知识库\智库信息爬虫\国际主要科技智库观点演变_研判\03_证据底稿\文本\E-CRDS-2019-LIFE.txt,https://www.jst.go.jp/crds/report/CRDS-FY2018-FR-04.html,复用库内既有资产
能源、环境与绿色转型,核心科技直接材料,E-CRDS-2019-LIFE,2019-03-01,W2,ライフサイエンス・臨床医学分野（2019年）,CRDS机构正式研究,C:\Users\WINDOWS\OneDrive\知识库\智库信息爬虫\国际主要科技智库观点演变_研判\03_证据底稿\原文PDF\E-CRDS-2019-LIFE.pdf,C:\Users\WINDOWS\OneDrive\知识库\智库信息爬虫\国际主要科技智库观点演变_研判\03_证据底稿\文本\E-CRDS-2019-LIFE.txt,https://www.jst.go.jp/crds/report/CRDS-FY2018-FR-04.html,复用库内既有资产
科技创新政策、科研体系与人才,核心科技直接材料,E-CRDS-2019-LIFE,2019-03-01,W2,ライフサイエンス・臨床医学分野（2019年）,CRDS机构正式研究,C:\Users\WINDOWS\OneDrive\知识库\智库信息爬虫\国际主要科技智库观点演变_研判\03_证据底稿\原文PDF\E-CRDS-2019-LIFE.pdf,C:\Users\WINDOWS\OneDrive\知识库\智库信息爬虫\国际主要科技智库观点演变_研判\03_证据底稿\文本\E-CRDS-2019-LIFE.txt,https://www.jst.go.jp/crds/report/CRDS-FY2018-FR-04.html,复用库内既有资产
研究安全、科技外交与国际比较,核心科技直接材料,E-CRDS-2019-LIFE,2019-03-01,W2,ライフサイエンス・臨床医学分野（2019年）,CRDS机构正式研究,C:\Users\WINDOWS\OneDrive\知识库\智库信息爬虫\国际主要科技智库观点演变_研判\03_证据底稿\原文PDF\E-CRDS-2019-LIFE.pdf,C:\Users\WINDOWS\OneDrive\知识库\智库信息爬虫\国际主要科技智库观点演变_研判\03_证据底稿\文本\E-CRDS-2019-LIFE.txt,https://www.jst.go.jp/crds/report/CRDS-FY2018-FR-04.html,复用库内既有资产
人工智能、机器人与计算系统,核心科技直接材料,C-CRDS-FY2018-FR-05,2019-03-01,W2,研究開発の俯瞰報告書　主要国の研究開発戦略（2019年）,CRDS机构正式研究,C:\Users\WINDOWS\OneDrive\知识库\智库信息爬虫\国际主要科技智库观点演变_研判\03_证据底稿\原文PDF\C-CRDS-FY2018-FR-05.pdf,C:\Users\WINDOWS\OneDrive\知识库\智库信息爬虫\国际主要科技智库观点演变_研判\03_证据底稿\文本\C-CRDS-FY2018-FR-05.txt,https://www.jst.go.jp/crds/report/CRDS-FY2018-FR-05.html,官方PDF已保存并校验
先进材料、纳米与制造技术,核心科技直接材料,C-CRDS-FY2018-FR-05,2019-03-01,W2,研究開発の俯瞰報告書　主要国の研究開発戦略（2019年）,CRDS机构正式研究,C:\Users\WINDOWS\OneDrive\知识库\智库信息爬虫\国际主要科技智库观点演变_研判\03_证据底稿\原文PDF\C-CRDS-FY2018-FR-05.pdf,C:\Users\WINDOWS\OneDrive\知识库\智库信息爬虫\国际主要科技智库观点演变_研判\03_证据底稿\文本\C-CRDS-FY2018-FR-05.txt,https://www.jst.go.jp/crds/report/CRDS-FY2018-FR-05.html,官方PDF已保存并校验
生命科学、生物技术与医疗,核心科技直接材料,C-CRDS-FY2018-FR-05,2019-03-01,W2,研究開発の俯瞰報告書　主要国の研究開発戦略（2019年）,CRDS机构正式研究,C:\Users\WINDOWS\OneDrive\知识库\智库信息爬虫\国际主要科技智库观点演变_研判\03_证据底稿\原文PDF\C-CRDS-FY2018-FR-05.pdf,C:\Users\WINDOWS\OneDrive\知识库\智库信息爬虫\国际主要科技智库观点演变_研判\03_证据底稿\文本\C-CRDS-FY2018-FR-05.txt,https://www.jst.go.jp/crds/report/CRDS-FY2018-FR-05.html,官方PDF已保存并校验
能源、环境与绿色转型,核心科技直接材料,C-CRDS-FY2018-FR-05,2019-03-01,W2,研究開発の俯瞰報告書　主要国の研究開発戦略（2019年）,CRDS机构正式研究,C:\Users\WINDOWS\OneDrive\知识库\智库信息爬虫\国际主要科技智库观点演变_研判\03_证据底稿\原文PDF\C-CRDS-FY2018-FR-05.pdf,C:\Users\WINDOWS\OneDrive\知识库\智库信息爬虫\国际主要科技智库观点演变_研判\03_证据底稿\文本\C-CRDS-FY2018-FR-05.txt,https://www.jst.go.jp/crds/report/CRDS-FY2018-FR-05.html,官方PDF已保存并校验
科技创新政策、科研体系与人才,核心科技直接材料,C-CRDS-FY2018-FR-05,2019-03-01,W2,研究開発の俯瞰報告書　主要国の研究開発戦略（2019年）,CRDS机构正式研究,C:\Users\WINDOWS\OneDrive\知识库\智库信息爬虫\国际主要科技智库观点演变_研判\03_证据底稿\原文PDF\C-CRDS-FY2018-FR-05.pdf,C:\Users\WINDOWS\OneDrive\知识库\智库信息爬虫\国际主要科技智库观点演变_研判\03_证据底稿\文本\C-CRDS-FY2018-FR-05.txt,https://www.jst.go.jp/crds/report/CRDS-FY2018-FR-05.html,官方PDF已保存并校验
研究安全、科技外交与国际比较,核心科技直接材料,C-CRDS-FY2018-FR-05,2019-03-01,W2,研究開発の俯瞰報告書　主要国の研究開発戦略（2019年）,CRDS机构正式研究,C:\Users\WINDOWS\OneDrive\知识库\智库信息爬虫\国际主要科技智库观点演变_研判\03_证据底稿\原文PDF\C-CRDS-FY2018-FR-05.pdf,C:\Users\WINDOWS\OneDrive\知识库\智库信息爬虫\国际主要科技智库观点演变_研判\03_证据底稿\文本\C-CRDS-FY2018-FR-05.txt,https://www.jst.go.jp/crds/report/CRDS-FY2018-FR-05.html,官方PDF已保存并校验
中国科技政策与能力比较,核心科技直接材料,C-CRDS-FY2018-FR-05,2019-03-01,W2,研究開発の俯瞰報告書　主要国の研究開発戦略（2019年）,CRDS机构正式研究,C:\Users\WINDOWS\OneDrive\知识库\智库信息爬虫\国际主要科技智库观点演变_研判\03_证据底稿\原文PDF\C-CRDS-FY2018-FR-05.pdf,C:\Users\WINDOWS\OneDrive\知识库\智库信息爬虫\国际主要科技智库观点演变_研判\03_证据底稿\文本\C-CRDS-FY2018-FR-05.txt,https://www.jst.go.jp/crds/report/CRDS-FY2018-FR-05.html,官方PDF已保存并校验
人工智能、机器人与计算系统,核心科技直接材料,C-CRDS-FY2018-FR-06,2019-03-01,W2,日本の科学技術イノベーション政策の変遷　～科学技術基本法の制定から現在まで～,CRDS机构正式研究,C:\Users\WINDOWS\OneDrive\知识库\智库信息爬虫\国际主要科技智库观点演变_研判\03_证据底稿\原文PDF\C-CRDS-FY2018-FR-06.pdf,C:\Users\WINDOWS\OneDrive\知识库\智库信息爬虫\国际主要科技智库观点演变_研判\03_证据底稿\文本\C-CRDS-FY2018-FR-06.txt,https://www.jst.go.jp/crds/report/CRDS-FY2018-FR-06.html,官方PDF已保存并校验
芯片、量子、通信与网络安全,核心科技直接材料,C-CRDS-FY2018-FR-06,2019-03-01,W2,日本の科学技術イノベーション政策の変遷　～科学技術基本法の制定から現在まで～,CRDS机构正式研究,C:\Users\WINDOWS\OneDrive\知识库\智库信息爬虫\国际主要科技智库观点演变_研判\03_证据底稿\原文PDF\C-CRDS-FY2018-FR-06.pdf,C:\Users\WINDOWS\OneDrive\知识库\智库信息爬虫\国际主要科技智库观点演变_研判\03_证据底稿\文本\C-CRDS-FY2018-FR-06.txt,https://www.jst.go.jp/crds/report/CRDS-FY2018-FR-06.html,官方PDF已保存并校验
先进材料、纳米与制造技术,核心科技直接材料,C-CRDS-FY2018-FR-06,2019-03-01,W2,日本の科学技術イノベーション政策の変遷　～科学技術基本法の制定から現在まで～,CRDS机构正式研究,C:\Users\WINDOWS\OneDrive\知识库\智库信息爬虫\国际主要科技智库观点演变_研判\03_证据底稿\原文PDF\C-CRDS-FY2018-FR-06.pdf,C:\Users\WINDOWS\OneDrive\知识库\智库信息爬虫\国际主要科技智库观点演变_研判\03_证据底稿\文本\C-CRDS-FY2018-FR-06.txt,https://www.jst.go.jp/crds/report/CRDS-FY2018-FR-06.html,官方PDF已保存并校验
生命科学、生物技术与医疗,核心科技直接材料,C-CRDS-FY2018-FR-06,2019-03-01,W2,日本の科学技術イノベーション政策の変遷　～科学技術基本法の制定から現在まで～,CRDS机构正式研究,C:\Users\WINDOWS\OneDrive\知识库\智库信息爬虫\国际主要科技智库观点演变_研判\03_证据底稿\原文PDF\C-CRDS-FY2018-FR-06.pdf,C:\Users\WINDOWS\OneDrive\知识库\智库信息爬虫\国际主要科技智库观点演变_研判\03_证据底稿\文本\C-CRDS-FY2018-FR-06.txt,https://www.jst.go.jp/crds/report/CRDS-FY2018-FR-06.html,官方PDF已保存并校验
能源、环境与绿色转型,核心科技直接材料,C-CRDS-FY2018-FR-06,2019-03-01,W2,日本の科学技術イノベーション政策の変遷　～科学技術基本法の制定から現在まで～,CRDS机构正式研究,C:\Users\WINDOWS\OneDrive\知识库\智库信息爬虫\国际主要科技智库观点演变_研判\03_证据底稿\原文PDF\C-CRDS-FY2018-FR-06.pdf,C:\Users\WINDOWS\OneDrive\知识库\智库信息爬虫\国际主要科技智库观点演变_研判\03_证据底稿\文本\C-CRDS-FY2018-FR-06.txt,https://www.jst.go.jp/crds/report/CRDS-FY2018-FR-06.html,官方PDF已保存并校验
科技创新政策、科研体系与人才,核心科技直接材料,C-CRDS-FY2018-FR-06,2019-03-01,W2,日本の科学技術イノベーション政策の変遷　～科学技術基本法の制定から現在まで～,CRDS机构正式研究,C:\Users\WINDOWS\OneDrive\知识库\智库信息爬虫\国际主要科技智库观点演变_研判\03_证据底稿\原文PDF\C-CRDS-FY2018-FR-06.pdf,C:\Users\WINDOWS\OneDrive\知识库\智库信息爬虫\国际主要科技智库观点演变_研判\03_证据底稿\文本\C-CRDS-FY2018-FR-06.txt,https://www.jst.go.jp/crds/report/CRDS-FY2018-FR-06.html,官方PDF已保存并校验
研究安全、科技外交与国际比较,核心科技直接材料,C-CRDS-FY2018-FR-06,2019-03-01,W2,日本の科学技術イノベーション政策の変遷　～科学技術基本法の制定から現在まで～,CRDS机构正式研究,C:\Users\WINDOWS\OneDrive\知识库\智库信息爬虫\国际主要科技智库观点演变_研判\03_证据底稿\原文PDF\C-CRDS-FY2018-FR-06.pdf,C:\Users\WINDOWS\OneDrive\知识库\智库信息爬虫\国际主要科技智库观点演变_研判\03_证据底稿\文本\C-CRDS-FY2018-FR-06.txt,https://www.jst.go.jp/crds/report/CRDS-FY2018-FR-06.html,官方PDF已保存并校验
人工智能、机器人与计算系统,核心科技直接材料,C-CRDS-FY2018-RR-04,2019-03-01,W2,世界特許マップから見た量子技術2.0,CRDS机构正式研究,C:\Users\WINDOWS\OneDrive\知识库\智库信息爬虫\国际主要科技智库观点演变_研判\03_证据底稿\原文PDF\C-CRDS-FY2018-RR-04.pdf,C:\Users\WINDOWS\OneDrive\知识库\智库信息爬虫\国际主要科技智库观点演变_研判\03_证据底稿\文本\C-CRDS-FY2018-RR-04.txt,https://www.jst.go.jp/crds/report/CRDS-FY2018-RR-04.html,官方PDF已保存并校验
芯片、量子、通信与网络安全,核心科技直接材料,C-CRDS-FY2018-RR-04,2019-03-01,W2,世界特許マップから見た量子技術2.0,CRDS机构正式研究,C:\Users\WINDOWS\OneDrive\知识库\智库信息爬虫\国际主要科技智库观点演变_研判\03_证据底稿\原文PDF\C-CRDS-FY2018-RR-04.pdf,C:\Users\WINDOWS\OneDrive\知识库\智库信息爬虫\国际主要科技智库观点演变_研判\03_证据底稿\文本\C-CRDS-FY2018-RR-04.txt,https://www.jst.go.jp/crds/report/CRDS-FY2018-RR-04.html,官方PDF已保存并校验
先进材料、纳米与制造技术,核心科技直接材料,C-CRDS-FY2018-RR-04,2019-03-01,W2,世界特許マップから見た量子技術2.0,CRDS机构正式研究,C:\Users\WINDOWS\OneDrive\知识库\智库信息爬虫\国际主要科技智库观点演变_研判\03_证据底稿\原文PDF\C-CRDS-FY2018-RR-04.pdf,C:\Users\WINDOWS\OneDrive\知识库\智库信息爬虫\国际主要科技智库观点演变_研判\03_证据底稿\文本\C-CRDS-FY2018-RR-04.txt,https://www.jst.go.jp/crds/report/CRDS-FY2018-RR-04.html,官方PDF已保存并校验
生命科学、生物技术与医疗,核心科技直接材料,C-CRDS-FY2018-RR-04,2019-03-01,W2,世界特許マップから見た量子技術2.0,CRDS机构正式研究,C:\Users\WINDOWS\OneDrive\知识库\智库信息爬虫\国际主要科技智库观点演变_研判\03_证据底稿\原文PDF\C-CRDS-FY2018-RR-04.pdf,C:\Users\WINDOWS\OneDrive\知识库\智库信息爬虫\国际主要科技智库观点演变_研判\03_证据底稿\文本\C-CRDS-FY2018-RR-04.txt,https://www.jst.go.jp/crds/report/CRDS-FY2018-RR-04.html,官方PDF已保存并校验
能源、环境与绿色转型,核心科技直接材料,C-CRDS-FY2018-RR-04,2019-03-01,W2,世界特許マップから見た量子技術2.0,CRDS机构正式研究,C:\Users\WINDOWS\OneDrive\知识库\智库信息爬虫\国际主要科技智库观点演变_研判\03_证据底稿\原文PDF\C-CRDS-FY2018-RR-04.pdf,C:\Users\WINDOWS\OneDrive\知识库\智库信息爬虫\国际主要科技智库观点演变_研判\03_证据底稿\文本\C-CRDS-FY2018-RR-04.txt,https://www.jst.go.jp/crds/report/CRDS-FY2018-RR-04.html,官方PDF已保存并校验
科技创新政策、科研体系与人才,核心科技直接材料,C-CRDS-FY2018-RR-04,2019-03-01,W2,世界特許マップから見た量子技術2.0,CRDS机构正式研究,C:\Users\WINDOWS\OneDrive\知识库\智库信息爬虫\国际主要科技智库观点演变_研判\03_证据底稿\原文PDF\C-CRDS-FY2018-RR-04.pdf,C:\Users\WINDOWS\OneDrive\知识库\智库信息爬虫\国际主要科技智库观点演变_研判\03_证据底稿\文本\C-CRDS-FY2018-RR-04.txt,https://www.jst.go.jp/crds/report/CRDS-FY2018-RR-04.html,官方PDF已保存并校验
研究安全、科技外交与国际比较,核心科技直接材料,C-CRDS-FY2018-RR-04,2019-03-01,W2,世界特許マップから見た量子技術2.0,CRDS机构正式研究,C:\Users\WINDOWS\OneDrive\知识库\智库信息爬虫\国际主要科技智库观点演变_研判\03_证据底稿\原文PDF\C-CRDS-FY2018-RR-04.pdf,C:\Users\WINDOWS\OneDrive\知识库\智库信息爬虫\国际主要科技智库观点演变_研判\03_证据底稿\文本\C-CRDS-FY2018-RR-04.txt,https://www.jst.go.jp/crds/report/CRDS-FY2018-RR-04.html,官方PDF已保存并校验
中国科技政策与能力比较,核心科技直接材料,C-CRDS-FY2018-RR-04,2019-03-01,W2,世界特許マップから見た量子技術2.0,CRDS机构正式研究,C:\Users\WINDOWS\OneDrive\知识库\智库信息爬虫\国际主要科技智库观点演变_研判\03_证据底稿\原文PDF\C-CRDS-FY2018-RR-04.pdf,C:\Users\WINDOWS\OneDrive\知识库\智库信息爬虫\国际主要科技智库观点演变_研判\03_证据底稿\文本\C-CRDS-FY2018-RR-04.txt,https://www.jst.go.jp/crds/report/CRDS-FY2018-RR-04.html,官方PDF已保存并校验
人工智能、机器人与计算系统,核心科技直接材料,C-CRDS-FY2018-RR-05,2019-03-01,W2,米国「科学イノベーション政策のための科学」の動向と分析（2019年アップデート版）,CRDS机构正式研究,C:\Users\WINDOWS\OneDrive\知识库\智库信息爬虫\国际主要科技智库观点演变_研判\03_证据底稿\原文PDF\C-CRDS-FY2018-RR-05.pdf,C:\Users\WINDOWS\OneDrive\知识库\智库信息爬虫\国际主要科技智库观点演变_研判\03_证据底稿\文本\C-CRDS-FY2018-RR-05.txt,https://www.jst.go.jp/crds/report/CRDS-FY2018-RR-05.html,官方PDF已保存并校验
先进材料、纳米与制造技术,核心科技直接材料,C-CRDS-FY2018-RR-05,2019-03-01,W2,米国「科学イノベーション政策のための科学」の動向と分析（2019年アップデート版）,CRDS机构正式研究,C:\Users\WINDOWS\OneDrive\知识库\智库信息爬虫\国际主要科技智库观点演变_研判\03_证据底稿\原文PDF\C-CRDS-FY2018-RR-05.pdf,C:\Users\WINDOWS\OneDrive\知识库\智库信息爬虫\国际主要科技智库观点演变_研判\03_证据底稿\文本\C-CRDS-FY2018-RR-05.txt,https://www.jst.go.jp/crds/report/CRDS-FY2018-RR-05.html,官方PDF已保存并校验
生命科学、生物技术与医疗,核心科技直接材料,C-CRDS-FY2018-RR-05,2019-03-01,W2,米国「科学イノベーション政策のための科学」の動向と分析（2019年アップデート版）,CRDS机构正式研究,C:\Users\WINDOWS\OneDrive\知识库\智库信息爬虫\国际主要科技智库观点演变_研判\03_证据底稿\原文PDF\C-CRDS-FY2018-RR-05.pdf,C:\Users\WINDOWS\OneDrive\知识库\智库信息爬虫\国际主要科技智库观点演变_研判\03_证据底稿\文本\C-CRDS-FY2018-RR-05.txt,https://www.jst.go.jp/crds/report/CRDS-FY2018-RR-05.html,官方PDF已保存并校验
能源、环境与绿色转型,核心科技直接材料,C-CRDS-FY2018-RR-05,2019-03-01,W2,米国「科学イノベーション政策のための科学」の動向と分析（2019年アップデート版）,CRDS机构正式研究,C:\Users\WINDOWS\OneDrive\知识库\智库信息爬虫\国际主要科技智库观点演变_研判\03_证据底稿\原文PDF\C-CRDS-FY2018-RR-05.pdf,C:\Users\WINDOWS\OneDrive\知识库\智库信息爬虫\国际主要科技智库观点演变_研判\03_证据底稿\文本\C-CRDS-FY2018-RR-05.txt,https://www.jst.go.jp/crds/report/CRDS-FY2018-RR-05.html,官方PDF已保存并校验
科技创新政策、科研体系与人才,核心科技直接材料,C-CRDS-FY2018-RR-05,2019-03-01,W2,米国「科学イノベーション政策のための科学」の動向と分析（2019年アップデート版）,CRDS机构正式研究,C:\Users\WINDOWS\OneDrive\知识库\智库信息爬虫\国际主要科技智库观点演变_研判\03_证据底稿\原文PDF\C-CRDS-FY2018-RR-05.pdf,C:\Users\WINDOWS\OneDrive\知识库\智库信息爬虫\国际主要科技智库观点演变_研判\03_证据底稿\文本\C-CRDS-FY2018-RR-05.txt,https://www.jst.go.jp/crds/report/CRDS-FY2018-RR-05.html,官方PDF已保存并校验
研究安全、科技外交与国际比较,核心科技直接材料,C-CRDS-FY2018-RR-05,2019-03-01,W2,米国「科学イノベーション政策のための科学」の動向と分析（2019年アップデート版）,CRDS机构正式研究,C:\Users\WINDOWS\OneDrive\知识库\智库信息爬虫\国际主要科技智库观点演变_研判\03_证据底稿\原文PDF\C-CRDS-FY2018-RR-05.pdf,C:\Users\WINDOWS\OneDrive\知识库\智库信息爬虫\国际主要科技智库观点演变_研判\03_证据底稿\文本\C-CRDS-FY2018-RR-05.txt,https://www.jst.go.jp/crds/report/CRDS-FY2018-RR-05.html,官方PDF已保存并校验
人工智能、机器人与计算系统,核心科技直接材料,C-CRDS-FY2018-SP-06,2019-03-01,W2,データ統合・ヒト生命医科学の推進戦略（IoBMT）,CRDS机构正式研究,C:\Users\WINDOWS\OneDrive\知识库\智库信息爬虫\国际主要科技智库观点演变_研判\03_证据底稿\原文PDF\C-CRDS-FY2018-SP-06.pdf,C:\Users\WINDOWS\OneDrive\知识库\智库信息爬虫\国际主要科技智库观点演变_研判\03_证据底稿\文本\C-CRDS-FY2018-SP-06.txt,https://www.jst.go.jp/crds/report/CRDS-FY2018-SP-06.html,官方PDF已保存并校验
芯片、量子、通信与网络安全,核心科技直接材料,C-CRDS-FY2018-SP-06,2019-03-01,W2,データ統合・ヒト生命医科学の推進戦略（IoBMT）,CRDS机构正式研究,C:\Users\WINDOWS\OneDrive\知识库\智库信息爬虫\国际主要科技智库观点演变_研判\03_证据底稿\原文PDF\C-CRDS-FY2018-SP-06.pdf,C:\Users\WINDOWS\OneDrive\知识库\智库信息爬虫\国际主要科技智库观点演变_研判\03_证据底稿\文本\C-CRDS-FY2018-SP-06.txt,https://www.jst.go.jp/crds/report/CRDS-FY2018-SP-06.html,官方PDF已保存并校验
先进材料、纳米与制造技术,核心科技直接材料,C-CRDS-FY2018-SP-06,2019-03-01,W2,データ統合・ヒト生命医科学の推進戦略（IoBMT）,CRDS机构正式研究,C:\Users\WINDOWS\OneDrive\知识库\智库信息爬虫\国际主要科技智库观点演变_研判\03_证据底稿\原文PDF\C-CRDS-FY2018-SP-06.pdf,C:\Users\WINDOWS\OneDrive\知识库\智库信息爬虫\国际主要科技智库观点演变_研判\03_证据底稿\文本\C-CRDS-FY2018-SP-06.txt,https://www.jst.go.jp/crds/report/CRDS-FY2018-SP-06.html,官方PDF已保存并校验
生命科学、生物技术与医疗,核心科技直接材料,C-CRDS-FY2018-SP-06,2019-03-01,W2,データ統合・ヒト生命医科学の推進戦略（IoBMT）,CRDS机构正式研究,C:\Users\WINDOWS\OneDrive\知识库\智库信息爬虫\国际主要科技智库观点演变_研判\03_证据底稿\原文PDF\C-CRDS-FY2018-SP-06.pdf,C:\Users\WINDOWS\OneDrive\知识库\智库信息爬虫\国际主要科技智库观点演变_研判\03_证据底稿\文本\C-CRDS-FY2018-SP-06.txt,https://www.jst.go.jp/crds/report/CRDS-FY2018-SP-06.html,官方PDF已保存并校验
能源、环境与绿色转型,核心科技直接材料,C-CRDS-FY2018-SP-06,2019-03-01,W2,データ統合・ヒト生命医科学の推進戦略（IoBMT）,CRDS机构正式研究,C:\Users\WINDOWS\OneDrive\知识库\智库信息爬虫\国际主要科技智库观点演变_研判\03_证据底稿\原文PDF\C-CRDS-FY2018-SP-06.pdf,C:\Users\WINDOWS\OneDrive\知识库\智库信息爬虫\国际主要科技智库观点演变_研判\03_证据底稿\文本\C-CRDS-FY2018-SP-06.txt,https://www.jst.go.jp/crds/report/CRDS-FY2018-SP-06.html,官方PDF已保存并校验
科技创新政策、科研体系与人才,核心科技直接材料,C-CRDS-FY2018-SP-06,2019-03-01,W2,データ統合・ヒト生命医科学の推進戦略（IoBMT）,CRDS机构正式研究,C:\Users\WINDOWS\OneDrive\知识库\智库信息爬虫\国际主要科技智库观点演变_研判\03_证据底稿\原文PDF\C-CRDS-FY2018-SP-06.pdf,C:\Users\WINDOWS\OneDrive\知识库\智库信息爬虫\国际主要科技智库观点演变_研判\03_证据底稿\文本\C-CRDS-FY2018-SP-06.txt,https://www.jst.go.jp/crds/report/CRDS-FY2018-SP-06.html,官方PDF已保存并校验
研究安全、科技外交与国际比较,核心科技直接材料,C-CRDS-FY2018-SP-06,2019-03-01,W2,データ統合・ヒト生命医科学の推進戦略（IoBMT）,CRDS机构正式研究,C:\Users\WINDOWS\OneDrive\知识库\智库信息爬虫\国际主要科技智库观点演变_研判\03_证据底稿\原文PDF\C-CRDS-FY2018-SP-06.pdf,C:\Users\WINDOWS\OneDrive\知识库\智库信息爬虫\国际主要科技智库观点演变_研判\03_证据底稿\文本\C-CRDS-FY2018-SP-06.txt,https://www.jst.go.jp/crds/report/CRDS-FY2018-SP-06.html,官方PDF已保存并校验
人工智能、机器人与计算系统,核心科技直接材料,C-CRDS-FY2018-SP-07,2019-03-01,W2,次世代育種・生物生産基盤の創成（第１部）～核酸、タンパク質、細胞を結ぶ、多階層横断的サイエンス推進による生体分子・生命システム設計ルールの創出～,CRDS机构正式研究,C:\Users\WINDOWS\OneDrive\知识库\智库信息爬虫\国际主要科技智库观点演变_研判\03_证据底稿\原文PDF\C-CRDS-FY2018-SP-07.pdf,C:\Users\WINDOWS\OneDrive\知识库\智库信息爬虫\国际主要科技智库观点演变_研判\03_证据底稿\文本\C-CRDS-FY2018-SP-07.txt,https://www.jst.go.jp/crds/report/CRDS-FY2018-SP-07.html,官方PDF已保存并校验
先进材料、纳米与制造技术,核心科技直接材料,C-CRDS-FY2018-SP-07,2019-03-01,W2,次世代育種・生物生産基盤の創成（第１部）～核酸、タンパク質、細胞を結ぶ、多階層横断的サイエンス推進による生体分子・生命システム設計ルールの創出～,CRDS机构正式研究,C:\Users\WINDOWS\OneDrive\知识库\智库信息爬虫\国际主要科技智库观点演变_研判\03_证据底稿\原文PDF\C-CRDS-FY2018-SP-07.pdf,C:\Users\WINDOWS\OneDrive\知识库\智库信息爬虫\国际主要科技智库观点演变_研判\03_证据底稿\文本\C-CRDS-FY2018-SP-07.txt,https://www.jst.go.jp/crds/report/CRDS-FY2018-SP-07.html,官方PDF已保存并校验
生命科学、生物技术与医疗,核心科技直接材料,C-CRDS-FY2018-SP-07,2019-03-01,W2,次世代育種・生物生産基盤の創成（第１部）～核酸、タンパク質、細胞を結ぶ、多階層横断的サイエンス推進による生体分子・生命システム設計ルールの創出～,CRDS机构正式研究,C:\Users\WINDOWS\OneDrive\知识库\智库信息爬虫\国际主要科技智库观点演变_研判\03_证据底稿\原文PDF\C-CRDS-FY2018-SP-07.pdf,C:\Users\WINDOWS\OneDrive\知识库\智库信息爬虫\国际主要科技智库观点演变_研判\03_证据底稿\文本\C-CRDS-FY2018-SP-07.txt,https://www.jst.go.jp/crds/report/CRDS-FY2018-SP-07.html,官方PDF已保存并校验
能源、环境与绿色转型,核心科技直接材料,C-CRDS-FY2018-SP-07,2019-03-01,W2,次世代育種・生物生産基盤の創成（第１部）～核酸、タンパク質、細胞を結ぶ、多階層横断的サイエンス推進による生体分子・生命システム設計ルールの創出～,CRDS机构正式研究,C:\Users\WINDOWS\OneDrive\知识库\智库信息爬虫\国际主要科技智库观点演变_研判\03_证据底稿\原文PDF\C-CRDS-FY2018-SP-07.pdf,C:\Users\WINDOWS\OneDrive\知识库\智库信息爬虫\国际主要科技智库观点演变_研判\03_证据底稿\文本\C-CRDS-FY2018-SP-07.txt,https://www.jst.go.jp/crds/report/CRDS-FY2018-SP-07.html,官方PDF已保存并校验
科技创新政策、科研体系与人才,核心科技直接材料,C-CRDS-FY2018-SP-07,2019-03-01,W2,次世代育種・生物生産基盤の創成（第１部）～核酸、タンパク質、細胞を結ぶ、多階層横断的サイエンス推進による生体分子・生命システム設計ルールの創出～,CRDS机构正式研究,C:\Users\WINDOWS\OneDrive\知识库\智库信息爬虫\国际主要科技智库观点演变_研判\03_证据底稿\原文PDF\C-CRDS-FY2018-SP-07.pdf,C:\Users\WINDOWS\OneDrive\知识库\智库信息爬虫\国际主要科技智库观点演变_研判\03_证据底稿\文本\C-CRDS-FY2018-SP-07.txt,https://www.jst.go.jp/crds/report/CRDS-FY2018-SP-07.html,官方PDF已保存并校验
研究安全、科技外交与国际比较,核心科技直接材料,C-CRDS-FY2018-SP-07,2019-03-01,W2,次世代育種・生物生産基盤の創成（第１部）～核酸、タンパク質、細胞を結ぶ、多階層横断的サイエンス推進による生体分子・生命システム設計ルールの創出～,CRDS机构正式研究,C:\Users\WINDOWS\OneDrive\知识库\智库信息爬虫\国际主要科技智库观点演变_研判\03_证据底稿\原文PDF\C-CRDS-FY2018-SP-07.pdf,C:\Users\WINDOWS\OneDrive\知识库\智库信息爬虫\国际主要科技智库观点演变_研判\03_证据底稿\文本\C-CRDS-FY2018-SP-07.txt,https://www.jst.go.jp/crds/report/CRDS-FY2018-SP-07.html,官方PDF已保存并校验
人工智能、机器人与计算系统,核心科技直接材料,C-CRDS-FY2018-SP-08,2019-03-01,W2,次世代育種・生物生産基盤の創成（第２部）～育種支援技術、生産プロセス研究の推進による、高品質水畜産物の高速・持続可能な生産～,CRDS机构正式研究,C:\Users\WINDOWS\OneDrive\知识库\智库信息爬虫\国际主要科技智库观点演变_研判\03_证据底稿\原文PDF\C-CRDS-FY2018-SP-08.pdf,C:\Users\WINDOWS\OneDrive\知识库\智库信息爬虫\国际主要科技智库观点演变_研判\03_证据底稿\文本\C-CRDS-FY2018-SP-08.txt,https://www.jst.go.jp/crds/report/CRDS-FY2018-SP-08.html,官方PDF已保存并校验
先进材料、纳米与制造技术,核心科技直接材料,C-CRDS-FY2018-SP-08,2019-03-01,W2,次世代育種・生物生産基盤の創成（第２部）～育種支援技術、生産プロセス研究の推進による、高品質水畜産物の高速・持続可能な生産～,CRDS机构正式研究,C:\Users\WINDOWS\OneDrive\知识库\智库信息爬虫\国际主要科技智库观点演变_研判\03_证据底稿\原文PDF\C-CRDS-FY2018-SP-08.pdf,C:\Users\WINDOWS\OneDrive\知识库\智库信息爬虫\国际主要科技智库观点演变_研判\03_证据底稿\文本\C-CRDS-FY2018-SP-08.txt,https://www.jst.go.jp/crds/report/CRDS-FY2018-SP-08.html,官方PDF已保存并校验
生命科学、生物技术与医疗,核心科技直接材料,C-CRDS-FY2018-SP-08,2019-03-01,W2,次世代育種・生物生産基盤の創成（第２部）～育種支援技術、生産プロセス研究の推進による、高品質水畜産物の高速・持続可能な生産～,CRDS机构正式研究,C:\Users\WINDOWS\OneDrive\知识库\智库信息爬虫\国际主要科技智库观点演变_研判\03_证据底稿\原文PDF\C-CRDS-FY2018-SP-08.pdf,C:\Users\WINDOWS\OneDrive\知识库\智库信息爬虫\国际主要科技智库观点演变_研判\03_证据底稿\文本\C-CRDS-FY2018-SP-08.txt,https://www.jst.go.jp/crds/report/CRDS-FY2018-SP-08.html,官方PDF已保存并校验
能源、环境与绿色转型,核心科技直接材料,C-CRDS-FY2018-SP-08,2019-03-01,W2,次世代育種・生物生産基盤の創成（第２部）～育種支援技術、生産プロセス研究の推進による、高品質水畜産物の高速・持続可能な生産～,CRDS机构正式研究,C:\Users\WINDOWS\OneDrive\知识库\智库信息爬虫\国际主要科技智库观点演变_研判\03_证据底稿\原文PDF\C-CRDS-FY2018-SP-08.pdf,C:\Users\WINDOWS\OneDrive\知识库\智库信息爬虫\国际主要科技智库观点演变_研判\03_证据底稿\文本\C-CRDS-FY2018-SP-08.txt,https://www.jst.go.jp/crds/report/CRDS-FY2018-SP-08.html,官方PDF已保存并校验
科技创新政策、科研体系与人才,核心科技直接材料,C-CRDS-FY2018-SP-08,2019-03-01,W2,次世代育種・生物生産基盤の創成（第２部）～育種支援技術、生産プロセス研究の推進による、高品質水畜産物の高速・持続可能な生産～,CRDS机构正式研究,C:\Users\WINDOWS\OneDrive\知识库\智库信息爬虫\国际主要科技智库观点演变_研判\03_证据底稿\原文PDF\C-CRDS-FY2018-SP-08.pdf,C:\Users\WINDOWS\OneDrive\知识库\智库信息爬虫\国际主要科技智库观点演变_研判\03_证据底稿\文本\C-CRDS-FY2018-SP-08.txt,https://www.jst.go.jp/crds/report/CRDS-FY2018-SP-08.html,官方PDF已保存并校验
研究安全、科技外交与国际比较,核心科技直接材料,C-CRDS-FY2018-SP-08,2019-03-01,W2,次世代育種・生物生産基盤の創成（第２部）～育種支援技術、生産プロセス研究の推進による、高品質水畜産物の高速・持続可能な生産～,CRDS机构正式研究,C:\Users\WINDOWS\OneDrive\知识库\智库信息爬虫\国际主要科技智库观点演变_研判\03_证据底稿\原文PDF\C-CRDS-FY2018-SP-08.pdf,C:\Users\WINDOWS\OneDrive\知识库\智库信息爬虫\国际主要科技智库观点演变_研判\03_证据底稿\文本\C-CRDS-FY2018-SP-08.txt,https://www.jst.go.jp/crds/report/CRDS-FY2018-SP-08.html,官方PDF已保存并校验
人工智能、机器人与计算系统,核心科技直接材料,C-CRDS-FY2018-SP-09,2019-03-01,W2,"""ライブセルアトラス""多次元解析で紐解く生命システムのダイナミクス～オミクス×イメージング×データ・モデリングによる基盤技術の創成～",CRDS机构正式研究,C:\Users\WINDOWS\OneDrive\知识库\智库信息爬虫\国际主要科技智库观点演变_研判\03_证据底稿\原文PDF\C-CRDS-FY2018-SP-09.pdf,C:\Users\WINDOWS\OneDrive\知识库\智库信息爬虫\国际主要科技智库观点演变_研判\03_证据底稿\文本\C-CRDS-FY2018-SP-09.txt,https://www.jst.go.jp/crds/report/CRDS-FY2018-SP-09.html,官方PDF已保存并校验
芯片、量子、通信与网络安全,核心科技直接材料,C-CRDS-FY2018-SP-09,2019-03-01,W2,"""ライブセルアトラス""多次元解析で紐解く生命システムのダイナミクス～オミクス×イメージング×データ・モデリングによる基盤技術の創成～",CRDS机构正式研究,C:\Users\WINDOWS\OneDrive\知识库\智库信息爬虫\国际主要科技智库观点演变_研判\03_证据底稿\原文PDF\C-CRDS-FY2018-SP-09.pdf,C:\Users\WINDOWS\OneDrive\知识库\智库信息爬虫\国际主要科技智库观点演变_研判\03_证据底稿\文本\C-CRDS-FY2018-SP-09.txt,https://www.jst.go.jp/crds/report/CRDS-FY2018-SP-09.html,官方PDF已保存并校验
先进材料、纳米与制造技术,核心科技直接材料,C-CRDS-FY2018-SP-09,2019-03-01,W2,"""ライブセルアトラス""多次元解析で紐解く生命システムのダイナミクス～オミクス×イメージング×データ・モデリングによる基盤技術の創成～",CRDS机构正式研究,C:\Users\WINDOWS\OneDrive\知识库\智库信息爬虫\国际主要科技智库观点演变_研判\03_证据底稿\原文PDF\C-CRDS-FY2018-SP-09.pdf,C:\Users\WINDOWS\OneDrive\知识库\智库信息爬虫\国际主要科技智库观点演变_研判\03_证据底稿\文本\C-CRDS-FY2018-SP-09.txt,https://www.jst.go.jp/crds/report/CRDS-FY2018-SP-09.html,官方PDF已保存并校验
生命科学、生物技术与医疗,核心科技直接材料,C-CRDS-FY2018-SP-09,2019-03-01,W2,"""ライブセルアトラス""多次元解析で紐解く生命システムのダイナミクス～オミクス×イメージング×データ・モデリングによる基盤技術の創成～",CRDS机构正式研究,C:\Users\WINDOWS\OneDrive\知识库\智库信息爬虫\国际主要科技智库观点演变_研判\03_证据底稿\原文PDF\C-CRDS-FY2018-SP-09.pdf,C:\Users\WINDOWS\OneDrive\知识库\智库信息爬虫\国际主要科技智库观点演变_研判\03_证据底稿\文本\C-CRDS-FY2018-SP-09.txt,https://www.jst.go.jp/crds/report/CRDS-FY2018-SP-09.html,官方PDF已保存并校验
能源、环境与绿色转型,核心科技直接材料,C-CRDS-FY2018-SP-09,2019-03-01,W2,"""ライブセルアトラス""多次元解析で紐解く生命システムのダイナミクス～オミクス×イメージング×データ・モデリングによる基盤技術の創成～",CRDS机构正式研究,C:\Users\WINDOWS\OneDrive\知识库\智库信息爬虫\国际主要科技智库观点演变_研判\03_证据底稿\原文PDF\C-CRDS-FY2018-SP-09.pdf,C:\Users\WINDOWS\OneDrive\知识库\智库信息爬虫\国际主要科技智库观点演变_研判\03_证据底稿\文本\C-CRDS-FY2018-SP-09.txt,https://www.jst.go.jp/crds/report/CRDS-FY2018-SP-09.html,官方PDF已保存并校验
科技创新政策、科研体系与人才,核心科技直接材料,C-CRDS-FY2018-SP-09,2019-03-01,W2,"""ライブセルアトラス""多次元解析で紐解く生命システムのダイナミクス～オミクス×イメージング×データ・モデリングによる基盤技術の創成～",CRDS机构正式研究,C:\Users\WINDOWS\OneDrive\知识库\智库信息爬虫\国际主要科技智库观点演变_研判\03_证据底稿\原文PDF\C-CRDS-FY2018-SP-09.pdf,C:\Users\WINDOWS\OneDrive\知识库\智库信息爬虫\国际主要科技智库观点演变_研判\03_证据底稿\文本\C-CRDS-FY2018-SP-09.txt,https://www.jst.go.jp/crds/report/CRDS-FY2018-SP-09.html,官方PDF已保存并校验
研究安全、科技外交与国际比较,核心科技直接材料,C-CRDS-FY2018-SP-09,2019-03-01,W2,"""ライブセルアトラス""多次元解析で紐解く生命システムのダイナミクス～オミクス×イメージング×データ・モデリングによる基盤技術の創成～",CRDS机构正式研究,C:\Users\WINDOWS\OneDrive\知识库\智库信息爬虫\国际主要科技智库观点演变_研判\03_证据底稿\原文PDF\C-CRDS-FY2018-SP-09.pdf,C:\Users\WINDOWS\OneDrive\知识库\智库信息爬虫\国际主要科技智库观点演变_研判\03_证据底稿\文本\C-CRDS-FY2018-SP-09.txt,https://www.jst.go.jp/crds/report/CRDS-FY2018-SP-09.html,官方PDF已保存并校验
人工智能、机器人与计算系统,核心科技直接材料,C-CRDS-FY2019-RR-01,2019-06-01,W2,中山間地域の持続可能性の維持・向上に向けた課題検討,CRDS机构正式研究,C:\Users\WINDOWS\OneDrive\知识库\智库信息爬虫\国际主要科技智库观点演变_研判\03_证据底稿\原文PDF\C-CRDS-FY2019-RR-01.pdf,C:\Users\WINDOWS\OneDrive\知识库\智库信息爬虫\国际主要科技智库观点演变_研判\03_证据底稿\文本\C-CRDS-FY2019-RR-01.txt,https://www.jst.go.jp/crds/report/CRDS-FY2019-RR-01.html,官方PDF已保存并校验
先进材料、纳米与制造技术,核心科技直接材料,C-CRDS-FY2019-RR-01,2019-06-01,W2,中山間地域の持続可能性の維持・向上に向けた課題検討,CRDS机构正式研究,C:\Users\WINDOWS\OneDrive\知识库\智库信息爬虫\国际主要科技智库观点演变_研判\03_证据底稿\原文PDF\C-CRDS-FY2019-RR-01.pdf,C:\Users\WINDOWS\OneDrive\知识库\智库信息爬虫\国际主要科技智库观点演变_研判\03_证据底稿\文本\C-CRDS-FY2019-RR-01.txt,https://www.jst.go.jp/crds/report/CRDS-FY2019-RR-01.html,官方PDF已保存并校验
生命科学、生物技术与医疗,核心科技直接材料,C-CRDS-FY2019-RR-01,2019-06-01,W2,中山間地域の持続可能性の維持・向上に向けた課題検討,CRDS机构正式研究,C:\Users\WINDOWS\OneDrive\知识库\智库信息爬虫\国际主要科技智库观点演变_研判\03_证据底稿\原文PDF\C-CRDS-FY2019-RR-01.pdf,C:\Users\WINDOWS\OneDrive\知识库\智库信息爬虫\国际主要科技智库观点演变_研判\03_证据底稿\文本\C-CRDS-FY2019-RR-01.txt,https://www.jst.go.jp/crds/report/CRDS-FY2019-RR-01.html,官方PDF已保存并校验
能源、环境与绿色转型,核心科技直接材料,C-CRDS-FY2019-RR-01,2019-06-01,W2,中山間地域の持続可能性の維持・向上に向けた課題検討,CRDS机构正式研究,C:\Users\WINDOWS\OneDrive\知识库\智库信息爬虫\国际主要科技智库观点演变_研判\03_证据底稿\原文PDF\C-CRDS-FY2019-RR-01.pdf,C:\Users\WINDOWS\OneDrive\知识库\智库信息爬虫\国际主要科技智库观点演变_研判\03_证据底稿\文本\C-CRDS-FY2019-RR-01.txt,https://www.jst.go.jp/crds/report/CRDS-FY2019-RR-01.html,官方PDF已保存并校验
科技创新政策、科研体系与人才,核心科技直接材料,C-CRDS-FY2019-RR-01,2019-06-01,W2,中山間地域の持続可能性の維持・向上に向けた課題検討,CRDS机构正式研究,C:\Users\WINDOWS\OneDrive\知识库\智库信息爬虫\国际主要科技智库观点演变_研判\03_证据底稿\原文PDF\C-CRDS-FY2019-RR-01.pdf,C:\Users\WINDOWS\OneDrive\知识库\智库信息爬虫\国际主要科技智库观点演变_研判\03_证据底稿\文本\C-CRDS-FY2019-RR-01.txt,https://www.jst.go.jp/crds/report/CRDS-FY2019-RR-01.html,官方PDF已保存并校验
研究安全、科技外交与国际比较,核心科技直接材料,C-CRDS-FY2019-RR-01,2019-06-01,W2,中山間地域の持続可能性の維持・向上に向けた課題検討,CRDS机构正式研究,C:\Users\WINDOWS\OneDrive\知识库\智库信息爬虫\国际主要科技智库观点演变_研判\03_证据底稿\原文PDF\C-CRDS-FY2019-RR-01.pdf,C:\Users\WINDOWS\OneDrive\知识库\智库信息爬虫\国际主要科技智库观点演变_研判\03_证据底稿\文本\C-CRDS-FY2019-RR-01.txt,https://www.jst.go.jp/crds/report/CRDS-FY2019-RR-01.html,官方PDF已保存并校验
人工智能、机器人与计算系统,核心科技直接材料,S-CRDS-2019-01,2019-07-01,W2,統合版（2019年）～俯瞰と潮流～,CRDS机构正式研究,C:\Users\WINDOWS\OneDrive\知识库\智库信息爬虫\国际主要科技智库观点演变_研判\03_证据底稿\原文PDF\S-CRDS-2019-01.pdf,C:\Users\WINDOWS\OneDrive\知识库\智库信息爬虫\国际主要科技智库观点演变_研判\03_证据底稿\文本\S-CRDS-2019-01.txt,https://www.jst.go.jp/crds/report/CRDS-FY2019-FR-01.html,复用库内既有资产
芯片、量子、通信与网络安全,核心科技直接材料,S-CRDS-2019-01,2019-07-01,W2,統合版（2019年）～俯瞰と潮流～,CRDS机构正式研究,C:\Users\WINDOWS\OneDrive\知识库\智库信息爬虫\国际主要科技智库观点演变_研判\03_证据底稿\原文PDF\S-CRDS-2019-01.pdf,C:\Users\WINDOWS\OneDrive\知识库\智库信息爬虫\国际主要科技智库观点演变_研判\03_证据底稿\文本\S-CRDS-2019-01.txt,https://www.jst.go.jp/crds/report/CRDS-FY2019-FR-01.html,复用库内既有资产
先进材料、纳米与制造技术,核心科技直接材料,S-CRDS-2019-01,2019-07-01,W2,統合版（2019年）～俯瞰と潮流～,CRDS机构正式研究,C:\Users\WINDOWS\OneDrive\知识库\智库信息爬虫\国际主要科技智库观点演变_研判\03_证据底稿\原文PDF\S-CRDS-2019-01.pdf,C:\Users\WINDOWS\OneDrive\知识库\智库信息爬虫\国际主要科技智库观点演变_研判\03_证据底稿\文本\S-CRDS-2019-01.txt,https://www.jst.go.jp/crds/report/CRDS-FY2019-FR-01.html,复用库内既有资产
生命科学、生物技术与医疗,核心科技直接材料,S-CRDS-2019-01,2019-07-01,W2,統合版（2019年）～俯瞰と潮流～,CRDS机构正式研究,C:\Users\WINDOWS\OneDrive\知识库\智库信息爬虫\国际主要科技智库观点演变_研判\03_证据底稿\原文PDF\S-CRDS-2019-01.pdf,C:\Users\WINDOWS\OneDrive\知识库\智库信息爬虫\国际主要科技智库观点演变_研判\03_证据底稿\文本\S-CRDS-2019-01.txt,https://www.jst.go.jp/crds/report/CRDS-FY2019-FR-01.html,复用库内既有资产
能源、环境与绿色转型,核心科技直接材料,S-CRDS-2019-01,2019-07-01,W2,統合版（2019年）～俯瞰と潮流～,CRDS机构正式研究,C:\Users\WINDOWS\OneDrive\知识库\智库信息爬虫\国际主要科技智库观点演变_研判\03_证据底稿\原文PDF\S-CRDS-2019-01.pdf,C:\Users\WINDOWS\OneDrive\知识库\智库信息爬虫\国际主要科技智库观点演变_研判\03_证据底稿\文本\S-CRDS-2019-01.txt,https://www.jst.go.jp/crds/report/CRDS-FY2019-FR-01.html,复用库内既有资产
科技创新政策、科研体系与人才,核心科技直接材料,S-CRDS-2019-01,2019-07-01,W2,統合版（2019年）～俯瞰と潮流～,CRDS机构正式研究,C:\Users\WINDOWS\OneDrive\知识库\智库信息爬虫\国际主要科技智库观点演变_研判\03_证据底稿\原文PDF\S-CRDS-2019-01.pdf,C:\Users\WINDOWS\OneDrive\知识库\智库信息爬虫\国际主要科技智库观点演变_研判\03_证据底稿\文本\S-CRDS-2019-01.txt,https://www.jst.go.jp/crds/report/CRDS-FY2019-FR-01.html,复用库内既有资产
研究安全、科技外交与国际比较,核心科技直接材料,S-CRDS-2019-01,2019-07-01,W2,統合版（2019年）～俯瞰と潮流～,CRDS机构正式研究,C:\Users\WINDOWS\OneDrive\知识库\智库信息爬虫\国际主要科技智库观点演变_研判\03_证据底稿\原文PDF\S-CRDS-2019-01.pdf,C:\Users\WINDOWS\OneDrive\知识库\智库信息爬虫\国际主要科技智库观点演变_研判\03_证据底稿\文本\S-CRDS-2019-01.txt,https://www.jst.go.jp/crds/report/CRDS-FY2019-FR-01.html,复用库内既有资产
中国科技政策与能力比较,核心科技直接材料,S-CRDS-2019-01,2019-07-01,W2,統合版（2019年）～俯瞰と潮流～,CRDS机构正式研究,C:\Users\WINDOWS\OneDrive\知识库\智库信息爬虫\国际主要科技智库观点演变_研判\03_证据底稿\原文PDF\S-CRDS-2019-01.pdf,C:\Users\WINDOWS\OneDrive\知识库\智库信息爬虫\国际主要科技智库观点演变_研判\03_证据底稿\文本\S-CRDS-2019-01.txt,https://www.jst.go.jp/crds/report/CRDS-FY2019-FR-01.html,复用库内既有资产
人工智能、机器人与计算系统,核心科技直接材料,C-CRDS-FY2019-RR-02,2019-07-01,W2,異分野融合を促し、研究力向上を支える土壌を育む（—The Beyond Disciplines Collection—）,CRDS机构正式研究,C:\Users\WINDOWS\OneDrive\知识库\智库信息爬虫\国际主要科技智库观点演变_研判\03_证据底稿\原文PDF\C-CRDS-FY2019-RR-02.pdf,C:\Users\WINDOWS\OneDrive\知识库\智库信息爬虫\国际主要科技智库观点演变_研判\03_证据底稿\文本\C-CRDS-FY2019-RR-02.txt,https://www.jst.go.jp/crds/report/CRDS-FY2019-RR-02.html,官方PDF已保存并校验
先进材料、纳米与制造技术,核心科技直接材料,C-CRDS-FY2019-RR-02,2019-07-01,W2,異分野融合を促し、研究力向上を支える土壌を育む（—The Beyond Disciplines Collection—）,CRDS机构正式研究,C:\Users\WINDOWS\OneDrive\知识库\智库信息爬虫\国际主要科技智库观点演变_研判\03_证据底稿\原文PDF\C-CRDS-FY2019-RR-02.pdf,C:\Users\WINDOWS\OneDrive\知识库\智库信息爬虫\国际主要科技智库观点演变_研判\03_证据底稿\文本\C-CRDS-FY2019-RR-02.txt,https://www.jst.go.jp/crds/report/CRDS-FY2019-RR-02.html,官方PDF已保存并校验
生命科学、生物技术与医疗,核心科技直接材料,C-CRDS-FY2019-RR-02,2019-07-01,W2,異分野融合を促し、研究力向上を支える土壌を育む（—The Beyond Disciplines Collection—）,CRDS机构正式研究,C:\Users\WINDOWS\OneDrive\知识库\智库信息爬虫\国际主要科技智库观点演变_研判\03_证据底稿\原文PDF\C-CRDS-FY2019-RR-02.pdf,C:\Users\WINDOWS\OneDrive\知识库\智库信息爬虫\国际主要科技智库观点演变_研判\03_证据底稿\文本\C-CRDS-FY2019-RR-02.txt,https://www.jst.go.jp/crds/report/CRDS-FY2019-RR-02.html,官方PDF已保存并校验
能源、环境与绿色转型,核心科技直接材料,C-CRDS-FY2019-RR-02,2019-07-01,W2,異分野融合を促し、研究力向上を支える土壌を育む（—The Beyond Disciplines Collection—）,CRDS机构正式研究,C:\Users\WINDOWS\OneDrive\知识库\智库信息爬虫\国际主要科技智库观点演变_研判\03_证据底稿\原文PDF\C-CRDS-FY2019-RR-02.pdf,C:\Users\WINDOWS\OneDrive\知识库\智库信息爬虫\国际主要科技智库观点演变_研判\03_证据底稿\文本\C-CRDS-FY2019-RR-02.txt,https://www.jst.go.jp/crds/report/CRDS-FY2019-RR-02.html,官方PDF已保存并校验
科技创新政策、科研体系与人才,核心科技直接材料,C-CRDS-FY2019-RR-02,2019-07-01,W2,異分野融合を促し、研究力向上を支える土壌を育む（—The Beyond Disciplines Collection—）,CRDS机构正式研究,C:\Users\WINDOWS\OneDrive\知识库\智库信息爬虫\国际主要科技智库观点演变_研判\03_证据底稿\原文PDF\C-CRDS-FY2019-RR-02.pdf,C:\Users\WINDOWS\OneDrive\知识库\智库信息爬虫\国际主要科技智库观点演变_研判\03_证据底稿\文本\C-CRDS-FY2019-RR-02.txt,https://www.jst.go.jp/crds/report/CRDS-FY2019-RR-02.html,官方PDF已保存并校验
研究安全、科技外交与国际比较,核心科技直接材料,C-CRDS-FY2019-RR-02,2019-07-01,W2,異分野融合を促し、研究力向上を支える土壌を育む（—The Beyond Disciplines Collection—）,CRDS机构正式研究,C:\Users\WINDOWS\OneDrive\知识库\智库信息爬虫\国际主要科技智库观点演变_研判\03_证据底稿\原文PDF\C-CRDS-FY2019-RR-02.pdf,C:\Users\WINDOWS\OneDrive\知识库\智库信息爬虫\国际主要科技智库观点演变_研判\03_证据底稿\文本\C-CRDS-FY2019-RR-02.txt,https://www.jst.go.jp/crds/report/CRDS-FY2019-RR-02.html,官方PDF已保存并校验
人工智能、机器人与计算系统,核心科技直接材料,C-CRDS-FY2019-SP-01,2019-07-01,W2,進化的社会システムデザイン　～自然科学と社会科学の連携協調による持続可能な社会の実現～,CRDS机构正式研究,C:\Users\WINDOWS\OneDrive\知识库\智库信息爬虫\国际主要科技智库观点演变_研判\03_证据底稿\原文PDF\C-CRDS-FY2019-SP-01.pdf,C:\Users\WINDOWS\OneDrive\知识库\智库信息爬虫\国际主要科技智库观点演变_研判\03_证据底稿\文本\C-CRDS-FY2019-SP-01.txt,https://www.jst.go.jp/crds/report/CRDS-FY2019-SP-01.html,官方PDF已保存并校验
先进材料、纳米与制造技术,核心科技直接材料,C-CRDS-FY2019-SP-01,2019-07-01,W2,進化的社会システムデザイン　～自然科学と社会科学の連携協調による持続可能な社会の実現～,CRDS机构正式研究,C:\Users\WINDOWS\OneDrive\知识库\智库信息爬虫\国际主要科技智库观点演变_研判\03_证据底稿\原文PDF\C-CRDS-FY2019-SP-01.pdf,C:\Users\WINDOWS\OneDrive\知识库\智库信息爬虫\国际主要科技智库观点演变_研判\03_证据底稿\文本\C-CRDS-FY2019-SP-01.txt,https://www.jst.go.jp/crds/report/CRDS-FY2019-SP-01.html,官方PDF已保存并校验
生命科学、生物技术与医疗,核心科技直接材料,C-CRDS-FY2019-SP-01,2019-07-01,W2,進化的社会システムデザイン　～自然科学と社会科学の連携協調による持続可能な社会の実現～,CRDS机构正式研究,C:\Users\WINDOWS\OneDrive\知识库\智库信息爬虫\国际主要科技智库观点演变_研判\03_证据底稿\原文PDF\C-CRDS-FY2019-SP-01.pdf,C:\Users\WINDOWS\OneDrive\知识库\智库信息爬虫\国际主要科技智库观点演变_研判\03_证据底稿\文本\C-CRDS-FY2019-SP-01.txt,https://www.jst.go.jp/crds/report/CRDS-FY2019-SP-01.html,官方PDF已保存并校验
能源、环境与绿色转型,核心科技直接材料,C-CRDS-FY2019-SP-01,2019-07-01,W2,進化的社会システムデザイン　～自然科学と社会科学の連携協調による持続可能な社会の実現～,CRDS机构正式研究,C:\Users\WINDOWS\OneDrive\知识库\智库信息爬虫\国际主要科技智库观点演变_研判\03_证据底稿\原文PDF\C-CRDS-FY2019-SP-01.pdf,C:\Users\WINDOWS\OneDrive\知识库\智库信息爬虫\国际主要科技智库观点演变_研判\03_证据底稿\文本\C-CRDS-FY2019-SP-01.txt,https://www.jst.go.jp/crds/report/CRDS-FY2019-SP-01.html,官方PDF已保存并校验
科技创新政策、科研体系与人才,核心科技直接材料,C-CRDS-FY2019-SP-01,2019-07-01,W2,進化的社会システムデザイン　～自然科学と社会科学の連携協調による持続可能な社会の実現～,CRDS机构正式研究,C:\Users\WINDOWS\OneDrive\知识库\智库信息爬虫\国际主要科技智库观点演变_研判\03_证据底稿\原文PDF\C-CRDS-FY2019-SP-01.pdf,C:\Users\WINDOWS\OneDrive\知识库\智库信息爬虫\国际主要科技智库观点演变_研判\03_证据底稿\文本\C-CRDS-FY2019-SP-01.txt,https://www.jst.go.jp/crds/report/CRDS-FY2019-SP-01.html,官方PDF已保存并校验
研究安全、科技外交与国际比较,核心科技直接材料,C-CRDS-FY2019-SP-01,2019-07-01,W2,進化的社会システムデザイン　～自然科学と社会科学の連携協調による持続可能な社会の実現～,CRDS机构正式研究,C:\Users\WINDOWS\OneDrive\知识库\智库信息爬虫\国际主要科技智库观点演变_研判\03_证据底稿\原文PDF\C-CRDS-FY2019-SP-01.pdf,C:\Users\WINDOWS\OneDrive\知识库\智库信息爬虫\国际主要科技智库观点演变_研判\03_证据底稿\文本\C-CRDS-FY2019-SP-01.txt,https://www.jst.go.jp/crds/report/CRDS-FY2019-SP-01.html,官方PDF已保存并校验
人工智能、机器人与计算系统,核心科技直接材料,C-CRDS-FY2019-SP-02,2019-07-01,W2,未来材料開拓イニシアチブ　～多様な安定相のエンジニアリング～,CRDS机构正式研究,C:\Users\WINDOWS\OneDrive\知识库\智库信息爬虫\国际主要科技智库观点演变_研判\03_证据底稿\原文PDF\C-CRDS-FY2019-SP-02.pdf,C:\Users\WINDOWS\OneDrive\知识库\智库信息爬虫\国际主要科技智库观点演变_研判\03_证据底稿\文本\C-CRDS-FY2019-SP-02.txt,https://www.jst.go.jp/crds/report/CRDS-FY2019-SP-02.html,官方PDF已保存并校验
芯片、量子、通信与网络安全,核心科技直接材料,C-CRDS-FY2019-SP-02,2019-07-01,W2,未来材料開拓イニシアチブ　～多様な安定相のエンジニアリング～,CRDS机构正式研究,C:\Users\WINDOWS\OneDrive\知识库\智库信息爬虫\国际主要科技智库观点演变_研判\03_证据底稿\原文PDF\C-CRDS-FY2019-SP-02.pdf,C:\Users\WINDOWS\OneDrive\知识库\智库信息爬虫\国际主要科技智库观点演变_研判\03_证据底稿\文本\C-CRDS-FY2019-SP-02.txt,https://www.jst.go.jp/crds/report/CRDS-FY2019-SP-02.html,官方PDF已保存并校验
先进材料、纳米与制造技术,核心科技直接材料,C-CRDS-FY2019-SP-02,2019-07-01,W2,未来材料開拓イニシアチブ　～多様な安定相のエンジニアリング～,CRDS机构正式研究,C:\Users\WINDOWS\OneDrive\知识库\智库信息爬虫\国际主要科技智库观点演变_研判\03_证据底稿\原文PDF\C-CRDS-FY2019-SP-02.pdf,C:\Users\WINDOWS\OneDrive\知识库\智库信息爬虫\国际主要科技智库观点演变_研判\03_证据底稿\文本\C-CRDS-FY2019-SP-02.txt,https://www.jst.go.jp/crds/report/CRDS-FY2019-SP-02.html,官方PDF已保存并校验
生命科学、生物技术与医疗,核心科技直接材料,C-CRDS-FY2019-SP-02,2019-07-01,W2,未来材料開拓イニシアチブ　～多様な安定相のエンジニアリング～,CRDS机构正式研究,C:\Users\WINDOWS\OneDrive\知识库\智库信息爬虫\国际主要科技智库观点演变_研判\03_证据底稿\原文PDF\C-CRDS-FY2019-SP-02.pdf,C:\Users\WINDOWS\OneDrive\知识库\智库信息爬虫\国际主要科技智库观点演变_研判\03_证据底稿\文本\C-CRDS-FY2019-SP-02.txt,https://www.jst.go.jp/crds/report/CRDS-FY2019-SP-02.html,官方PDF已保存并校验
能源、环境与绿色转型,核心科技直接材料,C-CRDS-FY2019-SP-02,2019-07-01,W2,未来材料開拓イニシアチブ　～多様な安定相のエンジニアリング～,CRDS机构正式研究,C:\Users\WINDOWS\OneDrive\知识库\智库信息爬虫\国际主要科技智库观点演变_研判\03_证据底稿\原文PDF\C-CRDS-FY2019-SP-02.pdf,C:\Users\WINDOWS\OneDrive\知识库\智库信息爬虫\国际主要科技智库观点演变_研判\03_证据底稿\文本\C-CRDS-FY2019-SP-02.txt,https://www.jst.go.jp/crds/report/CRDS-FY2019-SP-02.html,官方PDF已保存并校验
科技创新政策、科研体系与人才,核心科技直接材料,C-CRDS-FY2019-SP-02,2019-07-01,W2,未来材料開拓イニシアチブ　～多様な安定相のエンジニアリング～,CRDS机构正式研究,C:\Users\WINDOWS\OneDrive\知识库\智库信息爬虫\国际主要科技智库观点演变_研判\03_证据底稿\原文PDF\C-CRDS-FY2019-SP-02.pdf,C:\Users\WINDOWS\OneDrive\知识库\智库信息爬虫\国际主要科技智库观点演变_研判\03_证据底稿\文本\C-CRDS-FY2019-SP-02.txt,https://www.jst.go.jp/crds/report/CRDS-FY2019-SP-02.html,官方PDF已保存并校验
研究安全、科技外交与国际比较,核心科技直接材料,C-CRDS-FY2019-SP-02,2019-07-01,W2,未来材料開拓イニシアチブ　～多様な安定相のエンジニアリング～,CRDS机构正式研究,C:\Users\WINDOWS\OneDrive\知识库\智库信息爬虫\国际主要科技智库观点演变_研判\03_证据底稿\原文PDF\C-CRDS-FY2019-SP-02.pdf,C:\Users\WINDOWS\OneDrive\知识库\智库信息爬虫\国际主要科技智库观点演变_研判\03_证据底稿\文本\C-CRDS-FY2019-SP-02.txt,https://www.jst.go.jp/crds/report/CRDS-FY2019-SP-02.html,官方PDF已保存并校验
人工智能、机器人与计算系统,核心科技直接材料,C-CRDS-FY2019-RR-03,2019-08-01,W2,研究力強化のための大学・国研における研究システムの国際ベンチマーク　～米国、英国、ドイツおよび日本の生命科学・生物医学分野を例に海外で活躍する日本人研究者に聞く～,CRDS机构正式研究,C:\Users\WINDOWS\OneDrive\知识库\智库信息爬虫\国际主要科技智库观点演变_研判\03_证据底稿\原文PDF\C-CRDS-FY2019-RR-03.pdf,C:\Users\WINDOWS\OneDrive\知识库\智库信息爬虫\国际主要科技智库观点演变_研判\03_证据底稿\文本\C-CRDS-FY2019-RR-03.txt,https://www.jst.go.jp/crds/report/CRDS-FY2019-RR-03.html,官方PDF已保存并校验
先进材料、纳米与制造技术,核心科技直接材料,C-CRDS-FY2019-RR-03,2019-08-01,W2,研究力強化のための大学・国研における研究システムの国際ベンチマーク　～米国、英国、ドイツおよび日本の生命科学・生物医学分野を例に海外で活躍する日本人研究者に聞く～,CRDS机构正式研究,C:\Users\WINDOWS\OneDrive\知识库\智库信息爬虫\国际主要科技智库观点演变_研判\03_证据底稿\原文PDF\C-CRDS-FY2019-RR-03.pdf,C:\Users\WINDOWS\OneDrive\知识库\智库信息爬虫\国际主要科技智库观点演变_研判\03_证据底稿\文本\C-CRDS-FY2019-RR-03.txt,https://www.jst.go.jp/crds/report/CRDS-FY2019-RR-03.html,官方PDF已保存并校验
生命科学、生物技术与医疗,核心科技直接材料,C-CRDS-FY2019-RR-03,2019-08-01,W2,研究力強化のための大学・国研における研究システムの国際ベンチマーク　～米国、英国、ドイツおよび日本の生命科学・生物医学分野を例に海外で活躍する日本人研究者に聞く～,CRDS机构正式研究,C:\Users\WINDOWS\OneDrive\知识库\智库信息爬虫\国际主要科技智库观点演变_研判\03_证据底稿\原文PDF\C-CRDS-FY2019-RR-03.pdf,C:\Users\WINDOWS\OneDrive\知识库\智库信息爬虫\国际主要科技智库观点演变_研判\03_证据底稿\文本\C-CRDS-FY2019-RR-03.txt,https://www.jst.go.jp/crds/report/CRDS-FY2019-RR-03.html,官方PDF已保存并校验
能源、环境与绿色转型,核心科技直接材料,C-CRDS-FY2019-RR-03,2019-08-01,W2,研究力強化のための大学・国研における研究システムの国際ベンチマーク　～米国、英国、ドイツおよび日本の生命科学・生物医学分野を例に海外で活躍する日本人研究者に聞く～,CRDS机构正式研究,C:\Users\WINDOWS\OneDrive\知识库\智库信息爬虫\国际主要科技智库观点演变_研判\03_证据底稿\原文PDF\C-CRDS-FY2019-RR-03.pdf,C:\Users\WINDOWS\OneDrive\知识库\智库信息爬虫\国际主要科技智库观点演变_研判\03_证据底稿\文本\C-CRDS-FY2019-RR-03.txt,https://www.jst.go.jp/crds/report/CRDS-FY2019-RR-03.html,官方PDF已保存并校验
科技创新政策、科研体系与人才,核心科技直接材料,C-CRDS-FY2019-RR-03,2019-08-01,W2,研究力強化のための大学・国研における研究システムの国際ベンチマーク　～米国、英国、ドイツおよび日本の生命科学・生物医学分野を例に海外で活躍する日本人研究者に聞く～,CRDS机构正式研究,C:\Users\WINDOWS\OneDrive\知识库\智库信息爬虫\国际主要科技智库观点演变_研判\03_证据底稿\原文PDF\C-CRDS-FY2019-RR-03.pdf,C:\Users\WINDOWS\OneDrive\知识库\智库信息爬虫\国际主要科技智库观点演变_研判\03_证据底稿\文本\C-CRDS-FY2019-RR-03.txt,https://www.jst.go.jp/crds/report/CRDS-FY2019-RR-03.html,官方PDF已保存并校验
研究安全、科技外交与国际比较,核心科技直接材料,C-CRDS-FY2019-RR-03,2019-08-01,W2,研究力強化のための大学・国研における研究システムの国際ベンチマーク　～米国、英国、ドイツおよび日本の生命科学・生物医学分野を例に海外で活躍する日本人研究者に聞く～,CRDS机构正式研究,C:\Users\WINDOWS\OneDrive\知识库\智库信息爬虫\国际主要科技智库观点演变_研判\03_证据底稿\原文PDF\C-CRDS-FY2019-RR-03.pdf,C:\Users\WINDOWS\OneDrive\知识库\智库信息爬虫\国际主要科技智库观点演变_研判\03_证据底稿\文本\C-CRDS-FY2019-RR-03.txt,https://www.jst.go.jp/crds/report/CRDS-FY2019-RR-03.html,官方PDF已保存并校验
人工智能、机器人与计算系统,核心科技直接材料,C-CRDS-FY2019-RR-04,2019-11-01,W2,科学技術イノベーション政策における社会との関係深化に向けて　我が国におけるELSI/RRIの構築と定着（—The Beyond Disciplines Collection—）,CRDS机构正式研究,C:\Users\WINDOWS\OneDrive\知识库\智库信息爬虫\国际主要科技智库观点演变_研判\03_证据底稿\原文PDF\C-CRDS-FY2019-RR-04.pdf,C:\Users\WINDOWS\OneDrive\知识库\智库信息爬虫\国际主要科技智库观点演变_研判\03_证据底稿\文本\C-CRDS-FY2019-RR-04.txt,https://www.jst.go.jp/crds/report/CRDS-FY2019-RR-04.html,官方PDF已保存并校验
芯片、量子、通信与网络安全,核心科技直接材料,C-CRDS-FY2019-RR-04,2019-11-01,W2,科学技術イノベーション政策における社会との関係深化に向けて　我が国におけるELSI/RRIの構築と定着（—The Beyond Disciplines Collection—）,CRDS机构正式研究,C:\Users\WINDOWS\OneDrive\知识库\智库信息爬虫\国际主要科技智库观点演变_研判\03_证据底稿\原文PDF\C-CRDS-FY2019-RR-04.pdf,C:\Users\WINDOWS\OneDrive\知识库\智库信息爬虫\国际主要科技智库观点演变_研判\03_证据底稿\文本\C-CRDS-FY2019-RR-04.txt,https://www.jst.go.jp/crds/report/CRDS-FY2019-RR-04.html,官方PDF已保存并校验
先进材料、纳米与制造技术,核心科技直接材料,C-CRDS-FY2019-RR-04,2019-11-01,W2,科学技術イノベーション政策における社会との関係深化に向けて　我が国におけるELSI/RRIの構築と定着（—The Beyond Disciplines Collection—）,CRDS机构正式研究,C:\Users\WINDOWS\OneDrive\知识库\智库信息爬虫\国际主要科技智库观点演变_研判\03_证据底稿\原文PDF\C-CRDS-FY2019-RR-04.pdf,C:\Users\WINDOWS\OneDrive\知识库\智库信息爬虫\国际主要科技智库观点演变_研判\03_证据底稿\文本\C-CRDS-FY2019-RR-04.txt,https://www.jst.go.jp/crds/report/CRDS-FY2019-RR-04.html,官方PDF已保存并校验
生命科学、生物技术与医疗,核心科技直接材料,C-CRDS-FY2019-RR-04,2019-11-01,W2,科学技術イノベーション政策における社会との関係深化に向けて　我が国におけるELSI/RRIの構築と定着（—The Beyond Disciplines Collection—）,CRDS机构正式研究,C:\Users\WINDOWS\OneDrive\知识库\智库信息爬虫\国际主要科技智库观点演变_研判\03_证据底稿\原文PDF\C-CRDS-FY2019-RR-04.pdf,C:\Users\WINDOWS\OneDrive\知识库\智库信息爬虫\国际主要科技智库观点演变_研判\03_证据底稿\文本\C-CRDS-FY2019-RR-04.txt,https://www.jst.go.jp/crds/report/CRDS-FY2019-RR-04.html,官方PDF已保存并校验
能源、环境与绿色转型,核心科技直接材料,C-CRDS-FY2019-RR-04,2019-11-01,W2,科学技術イノベーション政策における社会との関係深化に向けて　我が国におけるELSI/RRIの構築と定着（—The Beyond Disciplines Collection—）,CRDS机构正式研究,C:\Users\WINDOWS\OneDrive\知识库\智库信息爬虫\国际主要科技智库观点演变_研判\03_证据底稿\原文PDF\C-CRDS-FY2019-RR-04.pdf,C:\Users\WINDOWS\OneDrive\知识库\智库信息爬虫\国际主要科技智库观点演变_研判\03_证据底稿\文本\C-CRDS-FY2019-RR-04.txt,https://www.jst.go.jp/crds/report/CRDS-FY2019-RR-04.html,官方PDF已保存并校验
科技创新政策、科研体系与人才,核心科技直接材料,C-CRDS-FY2019-RR-04,2019-11-01,W2,科学技術イノベーション政策における社会との関係深化に向けて　我が国におけるELSI/RRIの構築と定着（—The Beyond Disciplines Collection—）,CRDS机构正式研究,C:\Users\WINDOWS\OneDrive\知识库\智库信息爬虫\国际主要科技智库观点演变_研判\03_证据底稿\原文PDF\C-CRDS-FY2019-RR-04.pdf,C:\Users\WINDOWS\OneDrive\知识库\智库信息爬虫\国际主要科技智库观点演变_研判\03_证据底稿\文本\C-CRDS-FY2019-RR-04.txt,https://www.jst.go.jp/crds/report/CRDS-FY2019-RR-04.html,官方PDF已保存并校验
研究安全、科技外交与国际比较,核心科技直接材料,C-CRDS-FY2019-RR-04,2019-11-01,W2,科学技術イノベーション政策における社会との関係深化に向けて　我が国におけるELSI/RRIの構築と定着（—The Beyond Disciplines Collection—）,CRDS机构正式研究,C:\Users\WINDOWS\OneDrive\知识库\智库信息爬虫\国际主要科技智库观点演变_研判\03_证据底稿\原文PDF\C-CRDS-FY2019-RR-04.pdf,C:\Users\WINDOWS\OneDrive\知识库\智库信息爬虫\国际主要科技智库观点演变_研判\03_证据底稿\文本\C-CRDS-FY2019-RR-04.txt,https://www.jst.go.jp/crds/report/CRDS-FY2019-RR-04.html,官方PDF已保存并校验
人工智能、机器人与计算系统,核心科技直接材料,C-CRDS-FY2019-SP-03,2020-01-01,W2,量子2.0　～量子科学技術が切り拓く新たな地平～,CRDS机构正式研究,C:\Users\WINDOWS\OneDrive\知识库\智库信息爬虫\国际主要科技智库观点演变_研判\03_证据底稿\原文PDF\C-CRDS-FY2019-SP-03.pdf,C:\Users\WINDOWS\OneDrive\知识库\智库信息爬虫\国际主要科技智库观点演变_研判\03_证据底稿\文本\C-CRDS-FY2019-SP-03.txt,https://www.jst.go.jp/crds/report/CRDS-FY2019-SP-03.html,官方PDF已保存并校验
芯片、量子、通信与网络安全,核心科技直接材料,C-CRDS-FY2019-SP-03,2020-01-01,W2,量子2.0　～量子科学技術が切り拓く新たな地平～,CRDS机构正式研究,C:\Users\WINDOWS\OneDrive\知识库\智库信息爬虫\国际主要科技智库观点演变_研判\03_证据底稿\原文PDF\C-CRDS-FY2019-SP-03.pdf,C:\Users\WINDOWS\OneDrive\知识库\智库信息爬虫\国际主要科技智库观点演变_研判\03_证据底稿\文本\C-CRDS-FY2019-SP-03.txt,https://www.jst.go.jp/crds/report/CRDS-FY2019-SP-03.html,官方PDF已保存并校验
先进材料、纳米与制造技术,核心科技直接材料,C-CRDS-FY2019-SP-03,2020-01-01,W2,量子2.0　～量子科学技術が切り拓く新たな地平～,CRDS机构正式研究,C:\Users\WINDOWS\OneDrive\知识库\智库信息爬虫\国际主要科技智库观点演变_研判\03_证据底稿\原文PDF\C-CRDS-FY2019-SP-03.pdf,C:\Users\WINDOWS\OneDrive\知识库\智库信息爬虫\国际主要科技智库观点演变_研判\03_证据底稿\文本\C-CRDS-FY2019-SP-03.txt,https://www.jst.go.jp/crds/report/CRDS-FY2019-SP-03.html,官方PDF已保存并校验
生命科学、生物技术与医疗,核心科技直接材料,C-CRDS-FY2019-SP-03,2020-01-01,W2,量子2.0　～量子科学技術が切り拓く新たな地平～,CRDS机构正式研究,C:\Users\WINDOWS\OneDrive\知识库\智库信息爬虫\国际主要科技智库观点演变_研判\03_证据底稿\原文PDF\C-CRDS-FY2019-SP-03.pdf,C:\Users\WINDOWS\OneDrive\知识库\智库信息爬虫\国际主要科技智库观点演变_研判\03_证据底稿\文本\C-CRDS-FY2019-SP-03.txt,https://www.jst.go.jp/crds/report/CRDS-FY2019-SP-03.html,官方PDF已保存并校验
能源、环境与绿色转型,核心科技直接材料,C-CRDS-FY2019-SP-03,2020-01-01,W2,量子2.0　～量子科学技術が切り拓く新たな地平～,CRDS机构正式研究,C:\Users\WINDOWS\OneDrive\知识库\智库信息爬虫\国际主要科技智库观点演变_研判\03_证据底稿\原文PDF\C-CRDS-FY2019-SP-03.pdf,C:\Users\WINDOWS\OneDrive\知识库\智库信息爬虫\国际主要科技智库观点演变_研判\03_证据底稿\文本\C-CRDS-FY2019-SP-03.txt,https://www.jst.go.jp/crds/report/CRDS-FY2019-SP-03.html,官方PDF已保存并校验
科技创新政策、科研体系与人才,核心科技直接材料,C-CRDS-FY2019-SP-03,2020-01-01,W2,量子2.0　～量子科学技術が切り拓く新たな地平～,CRDS机构正式研究,C:\Users\WINDOWS\OneDrive\知识库\智库信息爬虫\国际主要科技智库观点演变_研判\03_证据底稿\原文PDF\C-CRDS-FY2019-SP-03.pdf,C:\Users\WINDOWS\OneDrive\知识库\智库信息爬虫\国际主要科技智库观点演变_研判\03_证据底稿\文本\C-CRDS-FY2019-SP-03.txt,https://www.jst.go.jp/crds/report/CRDS-FY2019-SP-03.html,官方PDF已保存并校验
研究安全、科技外交与国际比较,核心科技直接材料,C-CRDS-FY2019-SP-03,2020-01-01,W2,量子2.0　～量子科学技術が切り拓く新たな地平～,CRDS机构正式研究,C:\Users\WINDOWS\OneDrive\知识库\智库信息爬虫\国际主要科技智库观点演变_研判\03_证据底稿\原文PDF\C-CRDS-FY2019-SP-03.pdf,C:\Users\WINDOWS\OneDrive\知识库\智库信息爬虫\国际主要科技智库观点演变_研判\03_证据底稿\文本\C-CRDS-FY2019-SP-03.txt,https://www.jst.go.jp/crds/report/CRDS-FY2019-SP-03.html,官方PDF已保存并校验
中国科技政策与能力比较,核心科技直接材料,C-CRDS-FY2019-SP-03,2020-01-01,W2,量子2.0　～量子科学技術が切り拓く新たな地平～,CRDS机构正式研究,C:\Users\WINDOWS\OneDrive\知识库\智库信息爬虫\国际主要科技智库观点演变_研判\03_证据底稿\原文PDF\C-CRDS-FY2019-SP-03.pdf,C:\Users\WINDOWS\OneDrive\知识库\智库信息爬虫\国际主要科技智库观点演变_研判\03_证据底稿\文本\C-CRDS-FY2019-SP-03.txt,https://www.jst.go.jp/crds/report/CRDS-FY2019-SP-03.html,官方PDF已保存并校验
人工智能、机器人与计算系统,核心科技直接材料,C-CRDS-FY2019-FR-02,2020-03-01,W2,研究開発の俯瞰報告書　主要国の研究開発戦略（2020年）,CRDS机构正式研究,C:\Users\WINDOWS\OneDrive\知识库\智库信息爬虫\国际主要科技智库观点演变_研判\03_证据底稿\原文PDF\C-CRDS-FY2019-FR-02.pdf,C:\Users\WINDOWS\OneDrive\知识库\智库信息爬虫\国际主要科技智库观点演变_研判\03_证据底稿\文本\C-CRDS-FY2019-FR-02.txt,https://www.jst.go.jp/crds/report/CRDS-FY2019-FR-02.html,官方PDF已保存并校验
先进材料、纳米与制造技术,核心科技直接材料,C-CRDS-FY2019-FR-02,2020-03-01,W2,研究開発の俯瞰報告書　主要国の研究開発戦略（2020年）,CRDS机构正式研究,C:\Users\WINDOWS\OneDrive\知识库\智库信息爬虫\国际主要科技智库观点演变_研判\03_证据底稿\原文PDF\C-CRDS-FY2019-FR-02.pdf,C:\Users\WINDOWS\OneDrive\知识库\智库信息爬虫\国际主要科技智库观点演变_研判\03_证据底稿\文本\C-CRDS-FY2019-FR-02.txt,https://www.jst.go.jp/crds/report/CRDS-FY2019-FR-02.html,官方PDF已保存并校验
生命科学、生物技术与医疗,核心科技直接材料,C-CRDS-FY2019-FR-02,2020-03-01,W2,研究開発の俯瞰報告書　主要国の研究開発戦略（2020年）,CRDS机构正式研究,C:\Users\WINDOWS\OneDrive\知识库\智库信息爬虫\国际主要科技智库观点演变_研判\03_证据底稿\原文PDF\C-CRDS-FY2019-FR-02.pdf,C:\Users\WINDOWS\OneDrive\知识库\智库信息爬虫\国际主要科技智库观点演变_研判\03_证据底稿\文本\C-CRDS-FY2019-FR-02.txt,https://www.jst.go.jp/crds/report/CRDS-FY2019-FR-02.html,官方PDF已保存并校验
能源、环境与绿色转型,核心科技直接材料,C-CRDS-FY2019-FR-02,2020-03-01,W2,研究開発の俯瞰報告書　主要国の研究開発戦略（2020年）,CRDS机构正式研究,C:\Users\WINDOWS\OneDrive\知识库\智库信息爬虫\国际主要科技智库观点演变_研判\03_证据底稿\原文PDF\C-CRDS-FY2019-FR-02.pdf,C:\Users\WINDOWS\OneDrive\知识库\智库信息爬虫\国际主要科技智库观点演变_研判\03_证据底稿\文本\C-CRDS-FY2019-FR-02.txt,https://www.jst.go.jp/crds/report/CRDS-FY2019-FR-02.html,官方PDF已保存并校验
科技创新政策、科研体系与人才,核心科技直接材料,C-CRDS-FY2019-FR-02,2020-03-01,W2,研究開発の俯瞰報告書　主要国の研究開発戦略（2020年）,CRDS机构正式研究,C:\Users\WINDOWS\OneDrive\知识库\智库信息爬虫\国际主要科技智库观点演变_研判\03_证据底稿\原文PDF\C-CRDS-FY2019-FR-02.pdf,C:\Users\WINDOWS\OneDrive\知识库\智库信息爬虫\国际主要科技智库观点演变_研判\03_证据底稿\文本\C-CRDS-FY2019-FR-02.txt,https://www.jst.go.jp/crds/report/CRDS-FY2019-FR-02.html,官方PDF已保存并校验
研究安全、科技外交与国际比较,核心科技直接材料,C-CRDS-FY2019-FR-02,2020-03-01,W2,研究開発の俯瞰報告書　主要国の研究開発戦略（2020年）,CRDS机构正式研究,C:\Users\WINDOWS\OneDrive\知识库\智库信息爬虫\国际主要科技智库观点演变_研判\03_证据底稿\原文PDF\C-CRDS-FY2019-FR-02.pdf,C:\Users\WINDOWS\OneDrive\知识库\智库信息爬虫\国际主要科技智库观点演变_研判\03_证据底稿\文本\C-CRDS-FY2019-FR-02.txt,https://www.jst.go.jp/crds/report/CRDS-FY2019-FR-02.html,官方PDF已保存并校验
中国科技政策与能力比较,核心科技直接材料,C-CRDS-FY2019-FR-02,2020-03-01,W2,研究開発の俯瞰報告書　主要国の研究開発戦略（2020年）,CRDS机构正式研究,C:\Users\WINDOWS\OneDrive\知识库\智库信息爬虫\国际主要科技智库观点演变_研判\03_证据底稿\原文PDF\C-CRDS-FY2019-FR-02.pdf,C:\Users\WINDOWS\OneDrive\知识库\智库信息爬虫\国际主要科技智库观点演变_研判\03_证据底稿\文本\C-CRDS-FY2019-FR-02.txt,https://www.jst.go.jp/crds/report/CRDS-FY2019-FR-02.html,官方PDF已保存并校验
人工智能、机器人与计算系统,核心科技直接材料,C-CRDS-FY2019-FR-03,2020-03-01,W2,日本の科学技術イノベーション政策の変遷2020　～科学技術基本法の制定から現在まで～,CRDS机构正式研究,C:\Users\WINDOWS\OneDrive\知识库\智库信息爬虫\国际主要科技智库观点演变_研判\03_证据底稿\原文PDF\C-CRDS-FY2019-FR-03.pdf,C:\Users\WINDOWS\OneDrive\知识库\智库信息爬虫\国际主要科技智库观点演变_研判\03_证据底稿\文本\C-CRDS-FY2019-FR-03.txt,https://www.jst.go.jp/crds/report/CRDS-FY2019-FR-03.html,官方PDF已保存并校验
芯片、量子、通信与网络安全,核心科技直接材料,C-CRDS-FY2019-FR-03,2020-03-01,W2,日本の科学技術イノベーション政策の変遷2020　～科学技術基本法の制定から現在まで～,CRDS机构正式研究,C:\Users\WINDOWS\OneDrive\知识库\智库信息爬虫\国际主要科技智库观点演变_研判\03_证据底稿\原文PDF\C-CRDS-FY2019-FR-03.pdf,C:\Users\WINDOWS\OneDrive\知识库\智库信息爬虫\国际主要科技智库观点演变_研判\03_证据底稿\文本\C-CRDS-FY2019-FR-03.txt,https://www.jst.go.jp/crds/report/CRDS-FY2019-FR-03.html,官方PDF已保存并校验
先进材料、纳米与制造技术,核心科技直接材料,C-CRDS-FY2019-FR-03,2020-03-01,W2,日本の科学技術イノベーション政策の変遷2020　～科学技術基本法の制定から現在まで～,CRDS机构正式研究,C:\Users\WINDOWS\OneDrive\知识库\智库信息爬虫\国际主要科技智库观点演变_研判\03_证据底稿\原文PDF\C-CRDS-FY2019-FR-03.pdf,C:\Users\WINDOWS\OneDrive\知识库\智库信息爬虫\国际主要科技智库观点演变_研判\03_证据底稿\文本\C-CRDS-FY2019-FR-03.txt,https://www.jst.go.jp/crds/report/CRDS-FY2019-FR-03.html,官方PDF已保存并校验
生命科学、生物技术与医疗,核心科技直接材料,C-CRDS-FY2019-FR-03,2020-03-01,W2,日本の科学技術イノベーション政策の変遷2020　～科学技術基本法の制定から現在まで～,CRDS机构正式研究,C:\Users\WINDOWS\OneDrive\知识库\智库信息爬虫\国际主要科技智库观点演变_研判\03_证据底稿\原文PDF\C-CRDS-FY2019-FR-03.pdf,C:\Users\WINDOWS\OneDrive\知识库\智库信息爬虫\国际主要科技智库观点演变_研判\03_证据底稿\文本\C-CRDS-FY2019-FR-03.txt,https://www.jst.go.jp/crds/report/CRDS-FY2019-FR-03.html,官方PDF已保存并校验
能源、环境与绿色转型,核心科技直接材料,C-CRDS-FY2019-FR-03,2020-03-01,W2,日本の科学技術イノベーション政策の変遷2020　～科学技術基本法の制定から現在まで～,CRDS机构正式研究,C:\Users\WINDOWS\OneDrive\知识库\智库信息爬虫\国际主要科技智库观点演变_研判\03_证据底稿\原文PDF\C-CRDS-FY2019-FR-03.pdf,C:\Users\WINDOWS\OneDrive\知识库\智库信息爬虫\国际主要科技智库观点演变_研判\03_证据底稿\文本\C-CRDS-FY2019-FR-03.txt,https://www.jst.go.jp/crds/report/CRDS-FY2019-FR-03.html,官方PDF已保存并校验
科技创新政策、科研体系与人才,核心科技直接材料,C-CRDS-FY2019-FR-03,2020-03-01,W2,日本の科学技術イノベーション政策の変遷2020　～科学技術基本法の制定から現在まで～,CRDS机构正式研究,C:\Users\WINDOWS\OneDrive\知识库\智库信息爬虫\国际主要科技智库观点演变_研判\03_证据底稿\原文PDF\C-CRDS-FY2019-FR-03.pdf,C:\Users\WINDOWS\OneDrive\知识库\智库信息爬虫\国际主要科技智库观点演变_研判\03_证据底稿\文本\C-CRDS-FY2019-FR-03.txt,https://www.jst.go.jp/crds/report/CRDS-FY2019-FR-03.html,官方PDF已保存并校验
研究安全、科技外交与国际比较,核心科技直接材料,C-CRDS-FY2019-FR-03,2020-03-01,W2,日本の科学技術イノベーション政策の変遷2020　～科学技術基本法の制定から現在まで～,CRDS机构正式研究,C:\Users\WINDOWS\OneDrive\知识库\智库信息爬虫\国际主要科技智库观点演变_研判\03_证据底稿\原文PDF\C-CRDS-FY2019-FR-03.pdf,C:\Users\WINDOWS\OneDrive\知识库\智库信息爬虫\国际主要科技智库观点演变_研判\03_证据底稿\文本\C-CRDS-FY2019-FR-03.txt,https://www.jst.go.jp/crds/report/CRDS-FY2019-FR-03.html,官方PDF已保存并校验
人工智能、机器人与计算系统,核心科技直接材料,C-CRDS-FY2019-RR-05,2020-03-01,W2,二酸化炭素資源化に関する調査報告,CRDS机构正式研究,C:\Users\WINDOWS\OneDrive\知识库\智库信息爬虫\国际主要科技智库观点演变_研判\03_证据底稿\原文PDF\C-CRDS-FY2019-RR-05.pdf,C:\Users\WINDOWS\OneDrive\知识库\智库信息爬虫\国际主要科技智库观点演变_研判\03_证据底稿\文本\C-CRDS-FY2019-RR-05.txt,https://www.jst.go.jp/crds/report/CRDS-FY2019-RR-05.html,官方PDF已保存并校验
芯片、量子、通信与网络安全,核心科技直接材料,C-CRDS-FY2019-RR-05,2020-03-01,W2,二酸化炭素資源化に関する調査報告,CRDS机构正式研究,C:\Users\WINDOWS\OneDrive\知识库\智库信息爬虫\国际主要科技智库观点演变_研判\03_证据底稿\原文PDF\C-CRDS-FY2019-RR-05.pdf,C:\Users\WINDOWS\OneDrive\知识库\智库信息爬虫\国际主要科技智库观点演变_研判\03_证据底稿\文本\C-CRDS-FY2019-RR-05.txt,https://www.jst.go.jp/crds/report/CRDS-FY2019-RR-05.html,官方PDF已保存并校验
先进材料、纳米与制造技术,核心科技直接材料,C-CRDS-FY2019-RR-05,2020-03-01,W2,二酸化炭素資源化に関する調査報告,CRDS机构正式研究,C:\Users\WINDOWS\OneDrive\知识库\智库信息爬虫\国际主要科技智库观点演变_研判\03_证据底稿\原文PDF\C-CRDS-FY2019-RR-05.pdf,C:\Users\WINDOWS\OneDrive\知识库\智库信息爬虫\国际主要科技智库观点演变_研判\03_证据底稿\文本\C-CRDS-FY2019-RR-05.txt,https://www.jst.go.jp/crds/report/CRDS-FY2019-RR-05.html,官方PDF已保存并校验
生命科学、生物技术与医疗,核心科技直接材料,C-CRDS-FY2019-RR-05,2020-03-01,W2,二酸化炭素資源化に関する調査報告,CRDS机构正式研究,C:\Users\WINDOWS\OneDrive\知识库\智库信息爬虫\国际主要科技智库观点演变_研判\03_证据底稿\原文PDF\C-CRDS-FY2019-RR-05.pdf,C:\Users\WINDOWS\OneDrive\知识库\智库信息爬虫\国际主要科技智库观点演变_研判\03_证据底稿\文本\C-CRDS-FY2019-RR-05.txt,https://www.jst.go.jp/crds/report/CRDS-FY2019-RR-05.html,官方PDF已保存并校验
能源、环境与绿色转型,核心科技直接材料,C-CRDS-FY2019-RR-05,2020-03-01,W2,二酸化炭素資源化に関する調査報告,CRDS机构正式研究,C:\Users\WINDOWS\OneDrive\知识库\智库信息爬虫\国际主要科技智库观点演变_研判\03_证据底稿\原文PDF\C-CRDS-FY2019-RR-05.pdf,C:\Users\WINDOWS\OneDrive\知识库\智库信息爬虫\国际主要科技智库观点演变_研判\03_证据底稿\文本\C-CRDS-FY2019-RR-05.txt,https://www.jst.go.jp/crds/report/CRDS-FY2019-RR-05.html,官方PDF已保存并校验
科技创新政策、科研体系与人才,核心科技直接材料,C-CRDS-FY2019-RR-05,2020-03-01,W2,二酸化炭素資源化に関する調査報告,CRDS机构正式研究,C:\Users\WINDOWS\OneDrive\知识库\智库信息爬虫\国际主要科技智库观点演变_研判\03_证据底稿\原文PDF\C-CRDS-FY2019-RR-05.pdf,C:\Users\WINDOWS\OneDrive\知识库\智库信息爬虫\国际主要科技智库观点演变_研判\03_证据底稿\文本\C-CRDS-FY2019-RR-05.txt,https://www.jst.go.jp/crds/report/CRDS-FY2019-RR-05.html,官方PDF已保存并校验
研究安全、科技外交与国际比较,核心科技直接材料,C-CRDS-FY2019-RR-05,2020-03-01,W2,二酸化炭素資源化に関する調査報告,CRDS机构正式研究,C:\Users\WINDOWS\OneDrive\知识库\智库信息爬虫\国际主要科技智库观点演变_研判\03_证据底稿\原文PDF\C-CRDS-FY2019-RR-05.pdf,C:\Users\WINDOWS\OneDrive\知识库\智库信息爬虫\国际主要科技智库观点演变_研判\03_证据底稿\文本\C-CRDS-FY2019-RR-05.txt,https://www.jst.go.jp/crds/report/CRDS-FY2019-RR-05.html,官方PDF已保存并校验
人工智能、机器人与计算系统,核心科技直接材料,C-CRDS-FY2019-RR-06,2020-03-01,W2,ドライ・ウェット脳科学,CRDS机构正式研究,C:\Users\WINDOWS\OneDrive\知识库\智库信息爬虫\国际主要科技智库观点演变_研判\03_证据底稿\原文PDF\C-CRDS-FY2019-RR-06.pdf,C:\Users\WINDOWS\OneDrive\知识库\智库信息爬虫\国际主要科技智库观点演变_研判\03_证据底稿\文本\C-CRDS-FY2019-RR-06.txt,https://www.jst.go.jp/crds/report/CRDS-FY2019-RR-06.html,官方PDF已保存并校验
芯片、量子、通信与网络安全,核心科技直接材料,C-CRDS-FY2019-RR-06,2020-03-01,W2,ドライ・ウェット脳科学,CRDS机构正式研究,C:\Users\WINDOWS\OneDrive\知识库\智库信息爬虫\国际主要科技智库观点演变_研判\03_证据底稿\原文PDF\C-CRDS-FY2019-RR-06.pdf,C:\Users\WINDOWS\OneDrive\知识库\智库信息爬虫\国际主要科技智库观点演变_研判\03_证据底稿\文本\C-CRDS-FY2019-RR-06.txt,https://www.jst.go.jp/crds/report/CRDS-FY2019-RR-06.html,官方PDF已保存并校验
先进材料、纳米与制造技术,核心科技直接材料,C-CRDS-FY2019-RR-06,2020-03-01,W2,ドライ・ウェット脳科学,CRDS机构正式研究,C:\Users\WINDOWS\OneDrive\知识库\智库信息爬虫\国际主要科技智库观点演变_研判\03_证据底稿\原文PDF\C-CRDS-FY2019-RR-06.pdf,C:\Users\WINDOWS\OneDrive\知识库\智库信息爬虫\国际主要科技智库观点演变_研判\03_证据底稿\文本\C-CRDS-FY2019-RR-06.txt,https://www.jst.go.jp/crds/report/CRDS-FY2019-RR-06.html,官方PDF已保存并校验
生命科学、生物技术与医疗,核心科技直接材料,C-CRDS-FY2019-RR-06,2020-03-01,W2,ドライ・ウェット脳科学,CRDS机构正式研究,C:\Users\WINDOWS\OneDrive\知识库\智库信息爬虫\国际主要科技智库观点演变_研判\03_证据底稿\原文PDF\C-CRDS-FY2019-RR-06.pdf,C:\Users\WINDOWS\OneDrive\知识库\智库信息爬虫\国际主要科技智库观点演变_研判\03_证据底稿\文本\C-CRDS-FY2019-RR-06.txt,https://www.jst.go.jp/crds/report/CRDS-FY2019-RR-06.html,官方PDF已保存并校验
能源、环境与绿色转型,核心科技直接材料,C-CRDS-FY2019-RR-06,2020-03-01,W2,ドライ・ウェット脳科学,CRDS机构正式研究,C:\Users\WINDOWS\OneDrive\知识库\智库信息爬虫\国际主要科技智库观点演变_研判\03_证据底稿\原文PDF\C-CRDS-FY2019-RR-06.pdf,C:\Users\WINDOWS\OneDrive\知识库\智库信息爬虫\国际主要科技智库观点演变_研判\03_证据底稿\文本\C-CRDS-FY2019-RR-06.txt,https://www.jst.go.jp/crds/report/CRDS-FY2019-RR-06.html,官方PDF已保存并校验
科技创新政策、科研体系与人才,核心科技直接材料,C-CRDS-FY2019-RR-06,2020-03-01,W2,ドライ・ウェット脳科学,CRDS机构正式研究,C:\Users\WINDOWS\OneDrive\知识库\智库信息爬虫\国际主要科技智库观点演变_研判\03_证据底稿\原文PDF\C-CRDS-FY2019-RR-06.pdf,C:\Users\WINDOWS\OneDrive\知识库\智库信息爬虫\国际主要科技智库观点演变_研判\03_证据底稿\文本\C-CRDS-FY2019-RR-06.txt,https://www.jst.go.jp/crds/report/CRDS-FY2019-RR-06.html,官方PDF已保存并校验
研究安全、科技外交与国际比较,核心科技直接材料,C-CRDS-FY2019-RR-06,2020-03-01,W2,ドライ・ウェット脳科学,CRDS机构正式研究,C:\Users\WINDOWS\OneDrive\知识库\智库信息爬虫\国际主要科技智库观点演变_研判\03_证据底稿\原文PDF\C-CRDS-FY2019-RR-06.pdf,C:\Users\WINDOWS\OneDrive\知识库\智库信息爬虫\国际主要科技智库观点演变_研判\03_证据底稿\文本\C-CRDS-FY2019-RR-06.txt,https://www.jst.go.jp/crds/report/CRDS-FY2019-RR-06.html,官方PDF已保存并校验
人工智能、机器人与计算系统,核心科技直接材料,C-CRDS-FY2019-SP-04,2020-03-01,W2,次世代育種・生物生産基盤の創成（第3部）気候変動下での環境負荷低減農業を実現する基盤の創出　～圃場における微生物、作物、気象を統合的に扱うモデルの開発に向けて～,CRDS机构正式研究,C:\Users\WINDOWS\OneDrive\知识库\智库信息爬虫\国际主要科技智库观点演变_研判\03_证据底稿\原文PDF\C-CRDS-FY2019-SP-04.pdf,C:\Users\WINDOWS\OneDrive\知识库\智库信息爬虫\国际主要科技智库观点演变_研判\03_证据底稿\文本\C-CRDS-FY2019-SP-04.txt,https://www.jst.go.jp/crds/report/CRDS-FY2019-SP-04.html,官方PDF已保存并校验
芯片、量子、通信与网络安全,核心科技直接材料,C-CRDS-FY2019-SP-04,2020-03-01,W2,次世代育種・生物生産基盤の創成（第3部）気候変動下での環境負荷低減農業を実現する基盤の創出　～圃場における微生物、作物、気象を統合的に扱うモデルの開発に向けて～,CRDS机构正式研究,C:\Users\WINDOWS\OneDrive\知识库\智库信息爬虫\国际主要科技智库观点演变_研判\03_证据底稿\原文PDF\C-CRDS-FY2019-SP-04.pdf,C:\Users\WINDOWS\OneDrive\知识库\智库信息爬虫\国际主要科技智库观点演变_研判\03_证据底稿\文本\C-CRDS-FY2019-SP-04.txt,https://www.jst.go.jp/crds/report/CRDS-FY2019-SP-04.html,官方PDF已保存并校验
先进材料、纳米与制造技术,核心科技直接材料,C-CRDS-FY2019-SP-04,2020-03-01,W2,次世代育種・生物生産基盤の創成（第3部）気候変動下での環境負荷低減農業を実現する基盤の創出　～圃場における微生物、作物、気象を統合的に扱うモデルの開発に向けて～,CRDS机构正式研究,C:\Users\WINDOWS\OneDrive\知识库\智库信息爬虫\国际主要科技智库观点演变_研判\03_证据底稿\原文PDF\C-CRDS-FY2019-SP-04.pdf,C:\Users\WINDOWS\OneDrive\知识库\智库信息爬虫\国际主要科技智库观点演变_研判\03_证据底稿\文本\C-CRDS-FY2019-SP-04.txt,https://www.jst.go.jp/crds/report/CRDS-FY2019-SP-04.html,官方PDF已保存并校验
生命科学、生物技术与医疗,核心科技直接材料,C-CRDS-FY2019-SP-04,2020-03-01,W2,次世代育種・生物生産基盤の創成（第3部）気候変動下での環境負荷低減農業を実現する基盤の創出　～圃場における微生物、作物、気象を統合的に扱うモデルの開発に向けて～,CRDS机构正式研究,C:\Users\WINDOWS\OneDrive\知识库\智库信息爬虫\国际主要科技智库观点演变_研判\03_证据底稿\原文PDF\C-CRDS-FY2019-SP-04.pdf,C:\Users\WINDOWS\OneDrive\知识库\智库信息爬虫\国际主要科技智库观点演变_研判\03_证据底稿\文本\C-CRDS-FY2019-SP-04.txt,https://www.jst.go.jp/crds/report/CRDS-FY2019-SP-04.html,官方PDF已保存并校验
能源、环境与绿色转型,核心科技直接材料,C-CRDS-FY2019-SP-04,2020-03-01,W2,次世代育種・生物生産基盤の創成（第3部）気候変動下での環境負荷低減農業を実現する基盤の創出　～圃場における微生物、作物、気象を統合的に扱うモデルの開発に向けて～,CRDS机构正式研究,C:\Users\WINDOWS\OneDrive\知识库\智库信息爬虫\国际主要科技智库观点演变_研判\03_证据底稿\原文PDF\C-CRDS-FY2019-SP-04.pdf,C:\Users\WINDOWS\OneDrive\知识库\智库信息爬虫\国际主要科技智库观点演变_研判\03_证据底稿\文本\C-CRDS-FY2019-SP-04.txt,https://www.jst.go.jp/crds/report/CRDS-FY2019-SP-04.html,官方PDF已保存并校验
科技创新政策、科研体系与人才,核心科技直接材料,C-CRDS-FY2019-SP-04,2020-03-01,W2,次世代育種・生物生産基盤の創成（第3部）気候変動下での環境負荷低減農業を実現する基盤の創出　～圃場における微生物、作物、気象を統合的に扱うモデルの開発に向けて～,CRDS机构正式研究,C:\Users\WINDOWS\OneDrive\知识库\智库信息爬虫\国际主要科技智库观点演变_研判\03_证据底稿\原文PDF\C-CRDS-FY2019-SP-04.pdf,C:\Users\WINDOWS\OneDrive\知识库\智库信息爬虫\国际主要科技智库观点演变_研判\03_证据底稿\文本\C-CRDS-FY2019-SP-04.txt,https://www.jst.go.jp/crds/report/CRDS-FY2019-SP-04.html,官方PDF已保存并校验
研究安全、科技外交与国际比较,核心科技直接材料,C-CRDS-FY2019-SP-04,2020-03-01,W2,次世代育種・生物生産基盤の創成（第3部）気候変動下での環境負荷低減農業を実現する基盤の創出　～圃場における微生物、作物、気象を統合的に扱うモデルの開発に向けて～,CRDS机构正式研究,C:\Users\WINDOWS\OneDrive\知识库\智库信息爬虫\国际主要科技智库观点演变_研判\03_证据底稿\原文PDF\C-CRDS-FY2019-SP-04.pdf,C:\Users\WINDOWS\OneDrive\知识库\智库信息爬虫\国际主要科技智库观点演变_研判\03_证据底稿\文本\C-CRDS-FY2019-SP-04.txt,https://www.jst.go.jp/crds/report/CRDS-FY2019-SP-04.html,官方PDF已保存并校验
人工智能、机器人与计算系统,核心科技直接材料,C-CRDS-FY2019-SP-05,2020-03-01,W2,4次元セローム　～細胞内機能素子の動的構造・局在・数量と 機能の因果の解明のための革新的技術開発～,CRDS机构正式研究,C:\Users\WINDOWS\OneDrive\知识库\智库信息爬虫\国际主要科技智库观点演变_研判\03_证据底稿\原文PDF\C-CRDS-FY2019-SP-05.pdf,C:\Users\WINDOWS\OneDrive\知识库\智库信息爬虫\国际主要科技智库观点演变_研判\03_证据底稿\文本\C-CRDS-FY2019-SP-05.txt,https://www.jst.go.jp/crds/report/CRDS-FY2019-SP-05.html,官方PDF已保存并校验
先进材料、纳米与制造技术,核心科技直接材料,C-CRDS-FY2019-SP-05,2020-03-01,W2,4次元セローム　～細胞内機能素子の動的構造・局在・数量と 機能の因果の解明のための革新的技術開発～,CRDS机构正式研究,C:\Users\WINDOWS\OneDrive\知识库\智库信息爬虫\国际主要科技智库观点演变_研判\03_证据底稿\原文PDF\C-CRDS-FY2019-SP-05.pdf,C:\Users\WINDOWS\OneDrive\知识库\智库信息爬虫\国际主要科技智库观点演变_研判\03_证据底稿\文本\C-CRDS-FY2019-SP-05.txt,https://www.jst.go.jp/crds/report/CRDS-FY2019-SP-05.html,官方PDF已保存并校验
生命科学、生物技术与医疗,核心科技直接材料,C-CRDS-FY2019-SP-05,2020-03-01,W2,4次元セローム　～細胞内機能素子の動的構造・局在・数量と 機能の因果の解明のための革新的技術開発～,CRDS机构正式研究,C:\Users\WINDOWS\OneDrive\知识库\智库信息爬虫\国际主要科技智库观点演变_研判\03_证据底稿\原文PDF\C-CRDS-FY2019-SP-05.pdf,C:\Users\WINDOWS\OneDrive\知识库\智库信息爬虫\国际主要科技智库观点演变_研判\03_证据底稿\文本\C-CRDS-FY2019-SP-05.txt,https://www.jst.go.jp/crds/report/CRDS-FY2019-SP-05.html,官方PDF已保存并校验
能源、环境与绿色转型,核心科技直接材料,C-CRDS-FY2019-SP-05,2020-03-01,W2,4次元セローム　～細胞内機能素子の動的構造・局在・数量と 機能の因果の解明のための革新的技術開発～,CRDS机构正式研究,C:\Users\WINDOWS\OneDrive\知识库\智库信息爬虫\国际主要科技智库观点演变_研判\03_证据底稿\原文PDF\C-CRDS-FY2019-SP-05.pdf,C:\Users\WINDOWS\OneDrive\知识库\智库信息爬虫\国际主要科技智库观点演变_研判\03_证据底稿\文本\C-CRDS-FY2019-SP-05.txt,https://www.jst.go.jp/crds/report/CRDS-FY2019-SP-05.html,官方PDF已保存并校验
科技创新政策、科研体系与人才,核心科技直接材料,C-CRDS-FY2019-SP-05,2020-03-01,W2,4次元セローム　～細胞内機能素子の動的構造・局在・数量と 機能の因果の解明のための革新的技術開発～,CRDS机构正式研究,C:\Users\WINDOWS\OneDrive\知识库\智库信息爬虫\国际主要科技智库观点演变_研判\03_证据底稿\原文PDF\C-CRDS-FY2019-SP-05.pdf,C:\Users\WINDOWS\OneDrive\知识库\智库信息爬虫\国际主要科技智库观点演变_研判\03_证据底稿\文本\C-CRDS-FY2019-SP-05.txt,https://www.jst.go.jp/crds/report/CRDS-FY2019-SP-05.html,官方PDF已保存并校验
研究安全、科技外交与国际比较,核心科技直接材料,C-CRDS-FY2019-SP-05,2020-03-01,W2,4次元セローム　～細胞内機能素子の動的構造・局在・数量と 機能の因果の解明のための革新的技術開発～,CRDS机构正式研究,C:\Users\WINDOWS\OneDrive\知识库\智库信息爬虫\国际主要科技智库观点演变_研判\03_证据底稿\原文PDF\C-CRDS-FY2019-SP-05.pdf,C:\Users\WINDOWS\OneDrive\知识库\智库信息爬虫\国际主要科技智库观点演变_研判\03_证据底稿\文本\C-CRDS-FY2019-SP-05.txt,https://www.jst.go.jp/crds/report/CRDS-FY2019-SP-05.html,官方PDF已保存并校验
人工智能、机器人与计算系统,核心科技直接材料,C-CRDS-FY2019-SP-06,2020-03-01,W2,環境や社会の変化に伴う水利用リスクの低減と管理,CRDS机构正式研究,C:\Users\WINDOWS\OneDrive\知识库\智库信息爬虫\国际主要科技智库观点演变_研判\03_证据底稿\原文PDF\C-CRDS-FY2019-SP-06.pdf,C:\Users\WINDOWS\OneDrive\知识库\智库信息爬虫\国际主要科技智库观点演变_研判\03_证据底稿\文本\C-CRDS-FY2019-SP-06.txt,https://www.jst.go.jp/crds/report/CRDS-FY2019-SP-06.html,官方PDF已保存并校验
先进材料、纳米与制造技术,核心科技直接材料,C-CRDS-FY2019-SP-06,2020-03-01,W2,環境や社会の変化に伴う水利用リスクの低減と管理,CRDS机构正式研究,C:\Users\WINDOWS\OneDrive\知识库\智库信息爬虫\国际主要科技智库观点演变_研判\03_证据底稿\原文PDF\C-CRDS-FY2019-SP-06.pdf,C:\Users\WINDOWS\OneDrive\知识库\智库信息爬虫\国际主要科技智库观点演变_研判\03_证据底稿\文本\C-CRDS-FY2019-SP-06.txt,https://www.jst.go.jp/crds/report/CRDS-FY2019-SP-06.html,官方PDF已保存并校验
生命科学、生物技术与医疗,核心科技直接材料,C-CRDS-FY2019-SP-06,2020-03-01,W2,環境や社会の変化に伴う水利用リスクの低減と管理,CRDS机构正式研究,C:\Users\WINDOWS\OneDrive\知识库\智库信息爬虫\国际主要科技智库观点演变_研判\03_证据底稿\原文PDF\C-CRDS-FY2019-SP-06.pdf,C:\Users\WINDOWS\OneDrive\知识库\智库信息爬虫\国际主要科技智库观点演变_研判\03_证据底稿\文本\C-CRDS-FY2019-SP-06.txt,https://www.jst.go.jp/crds/report/CRDS-FY2019-SP-06.html,官方PDF已保存并校验
能源、环境与绿色转型,核心科技直接材料,C-CRDS-FY2019-SP-06,2020-03-01,W2,環境や社会の変化に伴う水利用リスクの低減と管理,CRDS机构正式研究,C:\Users\WINDOWS\OneDrive\知识库\智库信息爬虫\国际主要科技智库观点演变_研判\03_证据底稿\原文PDF\C-CRDS-FY2019-SP-06.pdf,C:\Users\WINDOWS\OneDrive\知识库\智库信息爬虫\国际主要科技智库观点演变_研判\03_证据底稿\文本\C-CRDS-FY2019-SP-06.txt,https://www.jst.go.jp/crds/report/CRDS-FY2019-SP-06.html,官方PDF已保存并校验
科技创新政策、科研体系与人才,核心科技直接材料,C-CRDS-FY2019-SP-06,2020-03-01,W2,環境や社会の変化に伴う水利用リスクの低減と管理,CRDS机构正式研究,C:\Users\WINDOWS\OneDrive\知识库\智库信息爬虫\国际主要科技智库观点演变_研判\03_证据底稿\原文PDF\C-CRDS-FY2019-SP-06.pdf,C:\Users\WINDOWS\OneDrive\知识库\智库信息爬虫\国际主要科技智库观点演变_研判\03_证据底稿\文本\C-CRDS-FY2019-SP-06.txt,https://www.jst.go.jp/crds/report/CRDS-FY2019-SP-06.html,官方PDF已保存并校验
研究安全、科技外交与国际比较,核心科技直接材料,C-CRDS-FY2019-SP-06,2020-03-01,W2,環境や社会の変化に伴う水利用リスクの低減と管理,CRDS机构正式研究,C:\Users\WINDOWS\OneDrive\知识库\智库信息爬虫\国际主要科技智库观点演变_研判\03_证据底稿\原文PDF\C-CRDS-FY2019-SP-06.pdf,C:\Users\WINDOWS\OneDrive\知识库\智库信息爬虫\国际主要科技智库观点演变_研判\03_证据底稿\文本\C-CRDS-FY2019-SP-06.txt,https://www.jst.go.jp/crds/report/CRDS-FY2019-SP-06.html,官方PDF已保存并校验
人工智能、机器人与计算系统,核心科技直接材料,C-CRDS-FY2019-SP-07,2020-03-01,W2,環境調和型プラスチック戦略　～化学物質としてのプラスチックの安全な管理・活用を推進するための戦略的研究～,CRDS机构正式研究,C:\Users\WINDOWS\OneDrive\知识库\智库信息爬虫\国际主要科技智库观点演变_研判\03_证据底稿\原文PDF\C-CRDS-FY2019-SP-07.pdf,C:\Users\WINDOWS\OneDrive\知识库\智库信息爬虫\国际主要科技智库观点演变_研判\03_证据底稿\文本\C-CRDS-FY2019-SP-07.txt,https://www.jst.go.jp/crds/report/CRDS-FY2019-SP-07.html,官方PDF已保存并校验
先进材料、纳米与制造技术,核心科技直接材料,C-CRDS-FY2019-SP-07,2020-03-01,W2,環境調和型プラスチック戦略　～化学物質としてのプラスチックの安全な管理・活用を推進するための戦略的研究～,CRDS机构正式研究,C:\Users\WINDOWS\OneDrive\知识库\智库信息爬虫\国际主要科技智库观点演变_研判\03_证据底稿\原文PDF\C-CRDS-FY2019-SP-07.pdf,C:\Users\WINDOWS\OneDrive\知识库\智库信息爬虫\国际主要科技智库观点演变_研判\03_证据底稿\文本\C-CRDS-FY2019-SP-07.txt,https://www.jst.go.jp/crds/report/CRDS-FY2019-SP-07.html,官方PDF已保存并校验
生命科学、生物技术与医疗,核心科技直接材料,C-CRDS-FY2019-SP-07,2020-03-01,W2,環境調和型プラスチック戦略　～化学物質としてのプラスチックの安全な管理・活用を推進するための戦略的研究～,CRDS机构正式研究,C:\Users\WINDOWS\OneDrive\知识库\智库信息爬虫\国际主要科技智库观点演变_研判\03_证据底稿\原文PDF\C-CRDS-FY2019-SP-07.pdf,C:\Users\WINDOWS\OneDrive\知识库\智库信息爬虫\国际主要科技智库观点演变_研判\03_证据底稿\文本\C-CRDS-FY2019-SP-07.txt,https://www.jst.go.jp/crds/report/CRDS-FY2019-SP-07.html,官方PDF已保存并校验
能源、环境与绿色转型,核心科技直接材料,C-CRDS-FY2019-SP-07,2020-03-01,W2,環境調和型プラスチック戦略　～化学物質としてのプラスチックの安全な管理・活用を推進するための戦略的研究～,CRDS机构正式研究,C:\Users\WINDOWS\OneDrive\知识库\智库信息爬虫\国际主要科技智库观点演变_研判\03_证据底稿\原文PDF\C-CRDS-FY2019-SP-07.pdf,C:\Users\WINDOWS\OneDrive\知识库\智库信息爬虫\国际主要科技智库观点演变_研判\03_证据底稿\文本\C-CRDS-FY2019-SP-07.txt,https://www.jst.go.jp/crds/report/CRDS-FY2019-SP-07.html,官方PDF已保存并校验
科技创新政策、科研体系与人才,核心科技直接材料,C-CRDS-FY2019-SP-07,2020-03-01,W2,環境調和型プラスチック戦略　～化学物質としてのプラスチックの安全な管理・活用を推進するための戦略的研究～,CRDS机构正式研究,C:\Users\WINDOWS\OneDrive\知识库\智库信息爬虫\国际主要科技智库观点演变_研判\03_证据底稿\原文PDF\C-CRDS-FY2019-SP-07.pdf,C:\Users\WINDOWS\OneDrive\知识库\智库信息爬虫\国际主要科技智库观点演变_研判\03_证据底稿\文本\C-CRDS-FY2019-SP-07.txt,https://www.jst.go.jp/crds/report/CRDS-FY2019-SP-07.html,官方PDF已保存并校验
研究安全、科技外交与国际比较,核心科技直接材料,C-CRDS-FY2019-SP-07,2020-03-01,W2,環境調和型プラスチック戦略　～化学物質としてのプラスチックの安全な管理・活用を推進するための戦略的研究～,CRDS机构正式研究,C:\Users\WINDOWS\OneDrive\知识库\智库信息爬虫\国际主要科技智库观点演变_研判\03_证据底稿\原文PDF\C-CRDS-FY2019-SP-07.pdf,C:\Users\WINDOWS\OneDrive\知识库\智库信息爬虫\国际主要科技智库观点演变_研判\03_证据底稿\文本\C-CRDS-FY2019-SP-07.txt,https://www.jst.go.jp/crds/report/CRDS-FY2019-SP-07.html,官方PDF已保存并校验
人工智能、机器人与计算系统,核心科技直接材料,C-CRDS-FY2019-SP-08,2020-03-01,W2,第4世代AIの研究開発　－深層学習と知識・記号推論の融合－,CRDS机构正式研究,C:\Users\WINDOWS\OneDrive\知识库\智库信息爬虫\国际主要科技智库观点演变_研判\03_证据底稿\原文PDF\C-CRDS-FY2019-SP-08.pdf,C:\Users\WINDOWS\OneDrive\知识库\智库信息爬虫\国际主要科技智库观点演变_研判\03_证据底稿\文本\C-CRDS-FY2019-SP-08.txt,https://www.jst.go.jp/crds/report/CRDS-FY2019-SP-08.html,官方PDF已保存并校验
先进材料、纳米与制造技术,核心科技直接材料,C-CRDS-FY2019-SP-08,2020-03-01,W2,第4世代AIの研究開発　－深層学習と知識・記号推論の融合－,CRDS机构正式研究,C:\Users\WINDOWS\OneDrive\知识库\智库信息爬虫\国际主要科技智库观点演变_研判\03_证据底稿\原文PDF\C-CRDS-FY2019-SP-08.pdf,C:\Users\WINDOWS\OneDrive\知识库\智库信息爬虫\国际主要科技智库观点演变_研判\03_证据底稿\文本\C-CRDS-FY2019-SP-08.txt,https://www.jst.go.jp/crds/report/CRDS-FY2019-SP-08.html,官方PDF已保存并校验
生命科学、生物技术与医疗,核心科技直接材料,C-CRDS-FY2019-SP-08,2020-03-01,W2,第4世代AIの研究開発　－深層学習と知識・記号推論の融合－,CRDS机构正式研究,C:\Users\WINDOWS\OneDrive\知识库\智库信息爬虫\国际主要科技智库观点演变_研判\03_证据底稿\原文PDF\C-CRDS-FY2019-SP-08.pdf,C:\Users\WINDOWS\OneDrive\知识库\智库信息爬虫\国际主要科技智库观点演变_研判\03_证据底稿\文本\C-CRDS-FY2019-SP-08.txt,https://www.jst.go.jp/crds/report/CRDS-FY2019-SP-08.html,官方PDF已保存并校验
能源、环境与绿色转型,核心科技直接材料,C-CRDS-FY2019-SP-08,2020-03-01,W2,第4世代AIの研究開発　－深層学習と知識・記号推論の融合－,CRDS机构正式研究,C:\Users\WINDOWS\OneDrive\知识库\智库信息爬虫\国际主要科技智库观点演变_研判\03_证据底稿\原文PDF\C-CRDS-FY2019-SP-08.pdf,C:\Users\WINDOWS\OneDrive\知识库\智库信息爬虫\国际主要科技智库观点演变_研判\03_证据底稿\文本\C-CRDS-FY2019-SP-08.txt,https://www.jst.go.jp/crds/report/CRDS-FY2019-SP-08.html,官方PDF已保存并校验
科技创新政策、科研体系与人才,核心科技直接材料,C-CRDS-FY2019-SP-08,2020-03-01,W2,第4世代AIの研究開発　－深層学習と知識・記号推論の融合－,CRDS机构正式研究,C:\Users\WINDOWS\OneDrive\知识库\智库信息爬虫\国际主要科技智库观点演变_研判\03_证据底稿\原文PDF\C-CRDS-FY2019-SP-08.pdf,C:\Users\WINDOWS\OneDrive\知识库\智库信息爬虫\国际主要科技智库观点演变_研判\03_证据底稿\文本\C-CRDS-FY2019-SP-08.txt,https://www.jst.go.jp/crds/report/CRDS-FY2019-SP-08.html,官方PDF已保存并校验
研究安全、科技外交与国际比较,核心科技直接材料,C-CRDS-FY2019-SP-08,2020-03-01,W2,第4世代AIの研究開発　－深層学習と知識・記号推論の融合－,CRDS机构正式研究,C:\Users\WINDOWS\OneDrive\知识库\智库信息爬虫\国际主要科技智库观点演变_研判\03_证据底稿\原文PDF\C-CRDS-FY2019-SP-08.pdf,C:\Users\WINDOWS\OneDrive\知识库\智库信息爬虫\国际主要科技智库观点演变_研判\03_证据底稿\文本\C-CRDS-FY2019-SP-08.txt,https://www.jst.go.jp/crds/report/CRDS-FY2019-SP-08.html,官方PDF已保存并校验
人工智能、机器人与计算系统,核心科技直接材料,C-CRDS-FY2019-SP-09,2020-03-01,W2,次世代ブロックチェーン技術 ～個人や社会のデータ共有・価値交換を安全で高信頼に実現する～,CRDS机构正式研究,C:\Users\WINDOWS\OneDrive\知识库\智库信息爬虫\国际主要科技智库观点演变_研判\03_证据底稿\原文PDF\C-CRDS-FY2019-SP-09.pdf,C:\Users\WINDOWS\OneDrive\知识库\智库信息爬虫\国际主要科技智库观点演变_研判\03_证据底稿\文本\C-CRDS-FY2019-SP-09.txt,https://www.jst.go.jp/crds/report/CRDS-FY2019-SP-09.html,官方PDF已保存并校验
先进材料、纳米与制造技术,核心科技直接材料,C-CRDS-FY2019-SP-09,2020-03-01,W2,次世代ブロックチェーン技術 ～個人や社会のデータ共有・価値交換を安全で高信頼に実現する～,CRDS机构正式研究,C:\Users\WINDOWS\OneDrive\知识库\智库信息爬虫\国际主要科技智库观点演变_研判\03_证据底稿\原文PDF\C-CRDS-FY2019-SP-09.pdf,C:\Users\WINDOWS\OneDrive\知识库\智库信息爬虫\国际主要科技智库观点演变_研判\03_证据底稿\文本\C-CRDS-FY2019-SP-09.txt,https://www.jst.go.jp/crds/report/CRDS-FY2019-SP-09.html,官方PDF已保存并校验
生命科学、生物技术与医疗,核心科技直接材料,C-CRDS-FY2019-SP-09,2020-03-01,W2,次世代ブロックチェーン技術 ～個人や社会のデータ共有・価値交換を安全で高信頼に実現する～,CRDS机构正式研究,C:\Users\WINDOWS\OneDrive\知识库\智库信息爬虫\国际主要科技智库观点演变_研判\03_证据底稿\原文PDF\C-CRDS-FY2019-SP-09.pdf,C:\Users\WINDOWS\OneDrive\知识库\智库信息爬虫\国际主要科技智库观点演变_研判\03_证据底稿\文本\C-CRDS-FY2019-SP-09.txt,https://www.jst.go.jp/crds/report/CRDS-FY2019-SP-09.html,官方PDF已保存并校验
能源、环境与绿色转型,核心科技直接材料,C-CRDS-FY2019-SP-09,2020-03-01,W2,次世代ブロックチェーン技術 ～個人や社会のデータ共有・価値交換を安全で高信頼に実現する～,CRDS机构正式研究,C:\Users\WINDOWS\OneDrive\知识库\智库信息爬虫\国际主要科技智库观点演变_研判\03_证据底稿\原文PDF\C-CRDS-FY2019-SP-09.pdf,C:\Users\WINDOWS\OneDrive\知识库\智库信息爬虫\国际主要科技智库观点演变_研判\03_证据底稿\文本\C-CRDS-FY2019-SP-09.txt,https://www.jst.go.jp/crds/report/CRDS-FY2019-SP-09.html,官方PDF已保存并校验
科技创新政策、科研体系与人才,核心科技直接材料,C-CRDS-FY2019-SP-09,2020-03-01,W2,次世代ブロックチェーン技術 ～個人や社会のデータ共有・価値交換を安全で高信頼に実現する～,CRDS机构正式研究,C:\Users\WINDOWS\OneDrive\知识库\智库信息爬虫\国际主要科技智库观点演变_研判\03_证据底稿\原文PDF\C-CRDS-FY2019-SP-09.pdf,C:\Users\WINDOWS\OneDrive\知识库\智库信息爬虫\国际主要科技智库观点演变_研判\03_证据底稿\文本\C-CRDS-FY2019-SP-09.txt,https://www.jst.go.jp/crds/report/CRDS-FY2019-SP-09.html,官方PDF已保存并校验
研究安全、科技外交与国际比较,核心科技直接材料,C-CRDS-FY2019-SP-09,2020-03-01,W2,次世代ブロックチェーン技術 ～個人や社会のデータ共有・価値交換を安全で高信頼に実現する～,CRDS机构正式研究,C:\Users\WINDOWS\OneDrive\知识库\智库信息爬虫\国际主要科技智库观点演变_研判\03_证据底稿\原文PDF\C-CRDS-FY2019-SP-09.pdf,C:\Users\WINDOWS\OneDrive\知识库\智库信息爬虫\国际主要科技智库观点演变_研判\03_证据底稿\文本\C-CRDS-FY2019-SP-09.txt,https://www.jst.go.jp/crds/report/CRDS-FY2019-SP-09.html,官方PDF已保存并校验
人工智能、机器人与计算系统,核心科技直接材料,C-CRDS-FY2019-SP-10,2020-03-01,W2,IoT時代のセンサ融合基盤技術の構築　～センシング情報の高付加価値化に向けた多様なデータの取得と統合的処理～,CRDS机构正式研究,C:\Users\WINDOWS\OneDrive\知识库\智库信息爬虫\国际主要科技智库观点演变_研判\03_证据底稿\原文PDF\C-CRDS-FY2019-SP-10.pdf,C:\Users\WINDOWS\OneDrive\知识库\智库信息爬虫\国际主要科技智库观点演变_研判\03_证据底稿\文本\C-CRDS-FY2019-SP-10.txt,https://www.jst.go.jp/crds/report/CRDS-FY2019-SP-10.html,官方PDF已保存并校验
芯片、量子、通信与网络安全,核心科技直接材料,C-CRDS-FY2019-SP-10,2020-03-01,W2,IoT時代のセンサ融合基盤技術の構築　～センシング情報の高付加価値化に向けた多様なデータの取得と統合的処理～,CRDS机构正式研究,C:\Users\WINDOWS\OneDrive\知识库\智库信息爬虫\国际主要科技智库观点演变_研判\03_证据底稿\原文PDF\C-CRDS-FY2019-SP-10.pdf,C:\Users\WINDOWS\OneDrive\知识库\智库信息爬虫\国际主要科技智库观点演变_研判\03_证据底稿\文本\C-CRDS-FY2019-SP-10.txt,https://www.jst.go.jp/crds/report/CRDS-FY2019-SP-10.html,官方PDF已保存并校验
先进材料、纳米与制造技术,核心科技直接材料,C-CRDS-FY2019-SP-10,2020-03-01,W2,IoT時代のセンサ融合基盤技術の構築　～センシング情報の高付加価値化に向けた多様なデータの取得と統合的処理～,CRDS机构正式研究,C:\Users\WINDOWS\OneDrive\知识库\智库信息爬虫\国际主要科技智库观点演变_研判\03_证据底稿\原文PDF\C-CRDS-FY2019-SP-10.pdf,C:\Users\WINDOWS\OneDrive\知识库\智库信息爬虫\国际主要科技智库观点演变_研判\03_证据底稿\文本\C-CRDS-FY2019-SP-10.txt,https://www.jst.go.jp/crds/report/CRDS-FY2019-SP-10.html,官方PDF已保存并校验
生命科学、生物技术与医疗,核心科技直接材料,C-CRDS-FY2019-SP-10,2020-03-01,W2,IoT時代のセンサ融合基盤技術の構築　～センシング情報の高付加価値化に向けた多様なデータの取得と統合的処理～,CRDS机构正式研究,C:\Users\WINDOWS\OneDrive\知识库\智库信息爬虫\国际主要科技智库观点演变_研判\03_证据底稿\原文PDF\C-CRDS-FY2019-SP-10.pdf,C:\Users\WINDOWS\OneDrive\知识库\智库信息爬虫\国际主要科技智库观点演变_研判\03_证据底稿\文本\C-CRDS-FY2019-SP-10.txt,https://www.jst.go.jp/crds/report/CRDS-FY2019-SP-10.html,官方PDF已保存并校验
能源、环境与绿色转型,核心科技直接材料,C-CRDS-FY2019-SP-10,2020-03-01,W2,IoT時代のセンサ融合基盤技術の構築　～センシング情報の高付加価値化に向けた多様なデータの取得と統合的処理～,CRDS机构正式研究,C:\Users\WINDOWS\OneDrive\知识库\智库信息爬虫\国际主要科技智库观点演变_研判\03_证据底稿\原文PDF\C-CRDS-FY2019-SP-10.pdf,C:\Users\WINDOWS\OneDrive\知识库\智库信息爬虫\国际主要科技智库观点演变_研判\03_证据底稿\文本\C-CRDS-FY2019-SP-10.txt,https://www.jst.go.jp/crds/report/CRDS-FY2019-SP-10.html,官方PDF已保存并校验
科技创新政策、科研体系与人才,核心科技直接材料,C-CRDS-FY2019-SP-10,2020-03-01,W2,IoT時代のセンサ融合基盤技術の構築　～センシング情報の高付加価値化に向けた多様なデータの取得と統合的処理～,CRDS机构正式研究,C:\Users\WINDOWS\OneDrive\知识库\智库信息爬虫\国际主要科技智库观点演变_研判\03_证据底稿\原文PDF\C-CRDS-FY2019-SP-10.pdf,C:\Users\WINDOWS\OneDrive\知识库\智库信息爬虫\国际主要科技智库观点演变_研判\03_证据底稿\文本\C-CRDS-FY2019-SP-10.txt,https://www.jst.go.jp/crds/report/CRDS-FY2019-SP-10.html,官方PDF已保存并校验
研究安全、科技外交与国际比较,核心科技直接材料,C-CRDS-FY2019-SP-10,2020-03-01,W2,IoT時代のセンサ融合基盤技術の構築　～センシング情報の高付加価値化に向けた多様なデータの取得と統合的処理～,CRDS机构正式研究,C:\Users\WINDOWS\OneDrive\知识库\智库信息爬虫\国际主要科技智库观点演变_研判\03_证据底稿\原文PDF\C-CRDS-FY2019-SP-10.pdf,C:\Users\WINDOWS\OneDrive\知识库\智库信息爬虫\国际主要科技智库观点演变_研判\03_证据底稿\文本\C-CRDS-FY2019-SP-10.txt,https://www.jst.go.jp/crds/report/CRDS-FY2019-SP-10.html,官方PDF已保存并校验
人工智能、机器人与计算系统,核心科技直接材料,C-CRDS-FY2020-RR-01,2020-04-01,W2,デジタルトランスフォーメーションに伴う科学技術・イノベーションの変容（—The Beyond Disciplines Collection—）,CRDS机构正式研究,C:\Users\WINDOWS\OneDrive\知识库\智库信息爬虫\国际主要科技智库观点演变_研判\03_证据底稿\原文PDF\C-CRDS-FY2020-RR-01.pdf,C:\Users\WINDOWS\OneDrive\知识库\智库信息爬虫\国际主要科技智库观点演变_研判\03_证据底稿\文本\C-CRDS-FY2020-RR-01.txt,https://www.jst.go.jp/crds/report/CRDS-FY2020-RR-01.html,官方PDF已保存并校验
先进材料、纳米与制造技术,核心科技直接材料,C-CRDS-FY2020-RR-01,2020-04-01,W2,デジタルトランスフォーメーションに伴う科学技術・イノベーションの変容（—The Beyond Disciplines Collection—）,CRDS机构正式研究,C:\Users\WINDOWS\OneDrive\知识库\智库信息爬虫\国际主要科技智库观点演变_研判\03_证据底稿\原文PDF\C-CRDS-FY2020-RR-01.pdf,C:\Users\WINDOWS\OneDrive\知识库\智库信息爬虫\国际主要科技智库观点演变_研判\03_证据底稿\文本\C-CRDS-FY2020-RR-01.txt,https://www.jst.go.jp/crds/report/CRDS-FY2020-RR-01.html,官方PDF已保存并校验
生命科学、生物技术与医疗,核心科技直接材料,C-CRDS-FY2020-RR-01,2020-04-01,W2,デジタルトランスフォーメーションに伴う科学技術・イノベーションの変容（—The Beyond Disciplines Collection—）,CRDS机构正式研究,C:\Users\WINDOWS\OneDrive\知识库\智库信息爬虫\国际主要科技智库观点演变_研判\03_证据底稿\原文PDF\C-CRDS-FY2020-RR-01.pdf,C:\Users\WINDOWS\OneDrive\知识库\智库信息爬虫\国际主要科技智库观点演变_研判\03_证据底稿\文本\C-CRDS-FY2020-RR-01.txt,https://www.jst.go.jp/crds/report/CRDS-FY2020-RR-01.html,官方PDF已保存并校验
能源、环境与绿色转型,核心科技直接材料,C-CRDS-FY2020-RR-01,2020-04-01,W2,デジタルトランスフォーメーションに伴う科学技術・イノベーションの変容（—The Beyond Disciplines Collection—）,CRDS机构正式研究,C:\Users\WINDOWS\OneDrive\知识库\智库信息爬虫\国际主要科技智库观点演变_研判\03_证据底稿\原文PDF\C-CRDS-FY2020-RR-01.pdf,C:\Users\WINDOWS\OneDrive\知识库\智库信息爬虫\国际主要科技智库观点演变_研判\03_证据底稿\文本\C-CRDS-FY2020-RR-01.txt,https://www.jst.go.jp/crds/report/CRDS-FY2020-RR-01.html,官方PDF已保存并校验
科技创新政策、科研体系与人才,核心科技直接材料,C-CRDS-FY2020-RR-01,2020-04-01,W2,デジタルトランスフォーメーションに伴う科学技術・イノベーションの変容（—The Beyond Disciplines Collection—）,CRDS机构正式研究,C:\Users\WINDOWS\OneDrive\知识库\智库信息爬虫\国际主要科技智库观点演变_研判\03_证据底稿\原文PDF\C-CRDS-FY2020-RR-01.pdf,C:\Users\WINDOWS\OneDrive\知识库\智库信息爬虫\国际主要科技智库观点演变_研判\03_证据底稿\文本\C-CRDS-FY2020-RR-01.txt,https://www.jst.go.jp/crds/report/CRDS-FY2020-RR-01.html,官方PDF已保存并校验
研究安全、科技外交与国际比较,核心科技直接材料,C-CRDS-FY2020-RR-01,2020-04-01,W2,デジタルトランスフォーメーションに伴う科学技術・イノベーションの変容（—The Beyond Disciplines Collection—）,CRDS机构正式研究,C:\Users\WINDOWS\OneDrive\知识库\智库信息爬虫\国际主要科技智库观点演变_研判\03_证据底稿\原文PDF\C-CRDS-FY2020-RR-01.pdf,C:\Users\WINDOWS\OneDrive\知识库\智库信息爬虫\国际主要科技智库观点演变_研判\03_证据底稿\文本\C-CRDS-FY2020-RR-01.txt,https://www.jst.go.jp/crds/report/CRDS-FY2020-RR-01.html,官方PDF已保存并校验
人工智能、机器人与计算系统,核心科技直接材料,C-CRDS-FY2020-RR-02,2020-07-01,W2,環境・エネルギー分野における非連続的なイノベーションを支える工学研究基盤強化,CRDS机构正式研究,C:\Users\WINDOWS\OneDrive\知识库\智库信息爬虫\国际主要科技智库观点演变_研判\03_证据底稿\原文PDF\C-CRDS-FY2020-RR-02.pdf,C:\Users\WINDOWS\OneDrive\知识库\智库信息爬虫\国际主要科技智库观点演变_研判\03_证据底稿\文本\C-CRDS-FY2020-RR-02.txt,https://www.jst.go.jp/crds/report/CRDS-FY2020-RR-02.html,官方PDF已保存并校验
芯片、量子、通信与网络安全,核心科技直接材料,C-CRDS-FY2020-RR-02,2020-07-01,W2,環境・エネルギー分野における非連続的なイノベーションを支える工学研究基盤強化,CRDS机构正式研究,C:\Users\WINDOWS\OneDrive\知识库\智库信息爬虫\国际主要科技智库观点演变_研判\03_证据底稿\原文PDF\C-CRDS-FY2020-RR-02.pdf,C:\Users\WINDOWS\OneDrive\知识库\智库信息爬虫\国际主要科技智库观点演变_研判\03_证据底稿\文本\C-CRDS-FY2020-RR-02.txt,https://www.jst.go.jp/crds/report/CRDS-FY2020-RR-02.html,官方PDF已保存并校验
先进材料、纳米与制造技术,核心科技直接材料,C-CRDS-FY2020-RR-02,2020-07-01,W2,環境・エネルギー分野における非連続的なイノベーションを支える工学研究基盤強化,CRDS机构正式研究,C:\Users\WINDOWS\OneDrive\知识库\智库信息爬虫\国际主要科技智库观点演变_研判\03_证据底稿\原文PDF\C-CRDS-FY2020-RR-02.pdf,C:\Users\WINDOWS\OneDrive\知识库\智库信息爬虫\国际主要科技智库观点演变_研判\03_证据底稿\文本\C-CRDS-FY2020-RR-02.txt,https://www.jst.go.jp/crds/report/CRDS-FY2020-RR-02.html,官方PDF已保存并校验
生命科学、生物技术与医疗,核心科技直接材料,C-CRDS-FY2020-RR-02,2020-07-01,W2,環境・エネルギー分野における非連続的なイノベーションを支える工学研究基盤強化,CRDS机构正式研究,C:\Users\WINDOWS\OneDrive\知识库\智库信息爬虫\国际主要科技智库观点演变_研判\03_证据底稿\原文PDF\C-CRDS-FY2020-RR-02.pdf,C:\Users\WINDOWS\OneDrive\知识库\智库信息爬虫\国际主要科技智库观点演变_研判\03_证据底稿\文本\C-CRDS-FY2020-RR-02.txt,https://www.jst.go.jp/crds/report/CRDS-FY2020-RR-02.html,官方PDF已保存并校验
能源、环境与绿色转型,核心科技直接材料,C-CRDS-FY2020-RR-02,2020-07-01,W2,環境・エネルギー分野における非連続的なイノベーションを支える工学研究基盤強化,CRDS机构正式研究,C:\Users\WINDOWS\OneDrive\知识库\智库信息爬虫\国际主要科技智库观点演变_研判\03_证据底稿\原文PDF\C-CRDS-FY2020-RR-02.pdf,C:\Users\WINDOWS\OneDrive\知识库\智库信息爬虫\国际主要科技智库观点演变_研判\03_证据底稿\文本\C-CRDS-FY2020-RR-02.txt,https://www.jst.go.jp/crds/report/CRDS-FY2020-RR-02.html,官方PDF已保存并校验
科技创新政策、科研体系与人才,核心科技直接材料,C-CRDS-FY2020-RR-02,2020-07-01,W2,環境・エネルギー分野における非連続的なイノベーションを支える工学研究基盤強化,CRDS机构正式研究,C:\Users\WINDOWS\OneDrive\知识库\智库信息爬虫\国际主要科技智库观点演变_研判\03_证据底稿\原文PDF\C-CRDS-FY2020-RR-02.pdf,C:\Users\WINDOWS\OneDrive\知识库\智库信息爬虫\国际主要科技智库观点演变_研判\03_证据底稿\文本\C-CRDS-FY2020-RR-02.txt,https://www.jst.go.jp/crds/report/CRDS-FY2020-RR-02.html,官方PDF已保存并校验
研究安全、科技外交与国际比较,核心科技直接材料,C-CRDS-FY2020-RR-02,2020-07-01,W2,環境・エネルギー分野における非連続的なイノベーションを支える工学研究基盤強化,CRDS机构正式研究,C:\Users\WINDOWS\OneDrive\知识库\智库信息爬虫\国际主要科技智库观点演变_研判\03_证据底稿\原文PDF\C-CRDS-FY2020-RR-02.pdf,C:\Users\WINDOWS\OneDrive\知识库\智库信息爬虫\国际主要科技智库观点演变_研判\03_证据底稿\文本\C-CRDS-FY2020-RR-02.txt,https://www.jst.go.jp/crds/report/CRDS-FY2020-RR-02.html,官方PDF已保存并校验
人工智能、机器人与计算系统,核心科技直接材料,C-CRDS-FY2020-RR-03,2020-09-01,W2,AI×バイオ　DX時代のライフサイエンス・バイオメディカル研究（—The Beyond Disciplines Collection—）,CRDS机构正式研究,C:\Users\WINDOWS\OneDrive\知识库\智库信息爬虫\国际主要科技智库观点演变_研判\03_证据底稿\原文PDF\C-CRDS-FY2020-RR-03.pdf,C:\Users\WINDOWS\OneDrive\知识库\智库信息爬虫\国际主要科技智库观点演变_研判\03_证据底稿\文本\C-CRDS-FY2020-RR-03.txt,https://www.jst.go.jp/crds/report/CRDS-FY2020-RR-03.html,官方PDF已保存并校验
芯片、量子、通信与网络安全,核心科技直接材料,C-CRDS-FY2020-RR-03,2020-09-01,W2,AI×バイオ　DX時代のライフサイエンス・バイオメディカル研究（—The Beyond Disciplines Collection—）,CRDS机构正式研究,C:\Users\WINDOWS\OneDrive\知识库\智库信息爬虫\国际主要科技智库观点演变_研判\03_证据底稿\原文PDF\C-CRDS-FY2020-RR-03.pdf,C:\Users\WINDOWS\OneDrive\知识库\智库信息爬虫\国际主要科技智库观点演变_研判\03_证据底稿\文本\C-CRDS-FY2020-RR-03.txt,https://www.jst.go.jp/crds/report/CRDS-FY2020-RR-03.html,官方PDF已保存并校验
先进材料、纳米与制造技术,核心科技直接材料,C-CRDS-FY2020-RR-03,2020-09-01,W2,AI×バイオ　DX時代のライフサイエンス・バイオメディカル研究（—The Beyond Disciplines Collection—）,CRDS机构正式研究,C:\Users\WINDOWS\OneDrive\知识库\智库信息爬虫\国际主要科技智库观点演变_研判\03_证据底稿\原文PDF\C-CRDS-FY2020-RR-03.pdf,C:\Users\WINDOWS\OneDrive\知识库\智库信息爬虫\国际主要科技智库观点演变_研判\03_证据底稿\文本\C-CRDS-FY2020-RR-03.txt,https://www.jst.go.jp/crds/report/CRDS-FY2020-RR-03.html,官方PDF已保存并校验
生命科学、生物技术与医疗,核心科技直接材料,C-CRDS-FY2020-RR-03,2020-09-01,W2,AI×バイオ　DX時代のライフサイエンス・バイオメディカル研究（—The Beyond Disciplines Collection—）,CRDS机构正式研究,C:\Users\WINDOWS\OneDrive\知识库\智库信息爬虫\国际主要科技智库观点演变_研判\03_证据底稿\原文PDF\C-CRDS-FY2020-RR-03.pdf,C:\Users\WINDOWS\OneDrive\知识库\智库信息爬虫\国际主要科技智库观点演变_研判\03_证据底稿\文本\C-CRDS-FY2020-RR-03.txt,https://www.jst.go.jp/crds/report/CRDS-FY2020-RR-03.html,官方PDF已保存并校验
能源、环境与绿色转型,核心科技直接材料,C-CRDS-FY2020-RR-03,2020-09-01,W2,AI×バイオ　DX時代のライフサイエンス・バイオメディカル研究（—The Beyond Disciplines Collection—）,CRDS机构正式研究,C:\Users\WINDOWS\OneDrive\知识库\智库信息爬虫\国际主要科技智库观点演变_研判\03_证据底稿\原文PDF\C-CRDS-FY2020-RR-03.pdf,C:\Users\WINDOWS\OneDrive\知识库\智库信息爬虫\国际主要科技智库观点演变_研判\03_证据底稿\文本\C-CRDS-FY2020-RR-03.txt,https://www.jst.go.jp/crds/report/CRDS-FY2020-RR-03.html,官方PDF已保存并校验
科技创新政策、科研体系与人才,核心科技直接材料,C-CRDS-FY2020-RR-03,2020-09-01,W2,AI×バイオ　DX時代のライフサイエンス・バイオメディカル研究（—The Beyond Disciplines Collection—）,CRDS机构正式研究,C:\Users\WINDOWS\OneDrive\知识库\智库信息爬虫\国际主要科技智库观点演变_研判\03_证据底稿\原文PDF\C-CRDS-FY2020-RR-03.pdf,C:\Users\WINDOWS\OneDrive\知识库\智库信息爬虫\国际主要科技智库观点演变_研判\03_证据底稿\文本\C-CRDS-FY2020-RR-03.txt,https://www.jst.go.jp/crds/report/CRDS-FY2020-RR-03.html,官方PDF已保存并校验
研究安全、科技外交与国际比较,核心科技直接材料,C-CRDS-FY2020-RR-03,2020-09-01,W2,AI×バイオ　DX時代のライフサイエンス・バイオメディカル研究（—The Beyond Disciplines Collection—）,CRDS机构正式研究,C:\Users\WINDOWS\OneDrive\知识库\智库信息爬虫\国际主要科技智库观点演变_研判\03_证据底稿\原文PDF\C-CRDS-FY2020-RR-03.pdf,C:\Users\WINDOWS\OneDrive\知识库\智库信息爬虫\国际主要科技智库观点演变_研判\03_证据底稿\文本\C-CRDS-FY2020-RR-03.txt,https://www.jst.go.jp/crds/report/CRDS-FY2020-RR-03.html,官方PDF已保存并校验
人工智能、机器人与计算系统,核心科技直接材料,C-CRDS-FY2020-SP-01,2020-09-01,W2,『デザイナー細胞』　～再生・細胞医療・遺伝子治療の挑戦～,CRDS机构正式研究,C:\Users\WINDOWS\OneDrive\知识库\智库信息爬虫\国际主要科技智库观点演变_研判\03_证据底稿\原文PDF\C-CRDS-FY2020-SP-01.pdf,C:\Users\WINDOWS\OneDrive\知识库\智库信息爬虫\国际主要科技智库观点演变_研判\03_证据底稿\文本\C-CRDS-FY2020-SP-01.txt,https://www.jst.go.jp/crds/report/CRDS-FY2020-SP-01.html,官方PDF已保存并校验
先进材料、纳米与制造技术,核心科技直接材料,C-CRDS-FY2020-SP-01,2020-09-01,W2,『デザイナー細胞』　～再生・細胞医療・遺伝子治療の挑戦～,CRDS机构正式研究,C:\Users\WINDOWS\OneDrive\知识库\智库信息爬虫\国际主要科技智库观点演变_研判\03_证据底稿\原文PDF\C-CRDS-FY2020-SP-01.pdf,C:\Users\WINDOWS\OneDrive\知识库\智库信息爬虫\国际主要科技智库观点演变_研判\03_证据底稿\文本\C-CRDS-FY2020-SP-01.txt,https://www.jst.go.jp/crds/report/CRDS-FY2020-SP-01.html,官方PDF已保存并校验
生命科学、生物技术与医疗,核心科技直接材料,C-CRDS-FY2020-SP-01,2020-09-01,W2,『デザイナー細胞』　～再生・細胞医療・遺伝子治療の挑戦～,CRDS机构正式研究,C:\Users\WINDOWS\OneDrive\知识库\智库信息爬虫\国际主要科技智库观点演变_研判\03_证据底稿\原文PDF\C-CRDS-FY2020-SP-01.pdf,C:\Users\WINDOWS\OneDrive\知识库\智库信息爬虫\国际主要科技智库观点演变_研判\03_证据底稿\文本\C-CRDS-FY2020-SP-01.txt,https://www.jst.go.jp/crds/report/CRDS-FY2020-SP-01.html,官方PDF已保存并校验
能源、环境与绿色转型,核心科技直接材料,C-CRDS-FY2020-SP-01,2020-09-01,W2,『デザイナー細胞』　～再生・細胞医療・遺伝子治療の挑戦～,CRDS机构正式研究,C:\Users\WINDOWS\OneDrive\知识库\智库信息爬虫\国际主要科技智库观点演变_研判\03_证据底稿\原文PDF\C-CRDS-FY2020-SP-01.pdf,C:\Users\WINDOWS\OneDrive\知识库\智库信息爬虫\国际主要科技智库观点演变_研判\03_证据底稿\文本\C-CRDS-FY2020-SP-01.txt,https://www.jst.go.jp/crds/report/CRDS-FY2020-SP-01.html,官方PDF已保存并校验
科技创新政策、科研体系与人才,核心科技直接材料,C-CRDS-FY2020-SP-01,2020-09-01,W2,『デザイナー細胞』　～再生・細胞医療・遺伝子治療の挑戦～,CRDS机构正式研究,C:\Users\WINDOWS\OneDrive\知识库\智库信息爬虫\国际主要科技智库观点演变_研判\03_证据底稿\原文PDF\C-CRDS-FY2020-SP-01.pdf,C:\Users\WINDOWS\OneDrive\知识库\智库信息爬虫\国际主要科技智库观点演变_研判\03_证据底稿\文本\C-CRDS-FY2020-SP-01.txt,https://www.jst.go.jp/crds/report/CRDS-FY2020-SP-01.html,官方PDF已保存并校验
研究安全、科技外交与国际比较,核心科技直接材料,C-CRDS-FY2020-SP-01,2020-09-01,W2,『デザイナー細胞』　～再生・細胞医療・遺伝子治療の挑戦～,CRDS机构正式研究,C:\Users\WINDOWS\OneDrive\知识库\智库信息爬虫\国际主要科技智库观点演变_研判\03_证据底稿\原文PDF\C-CRDS-FY2020-SP-01.pdf,C:\Users\WINDOWS\OneDrive\知识库\智库信息爬虫\国际主要科技智库观点演变_研判\03_证据底稿\文本\C-CRDS-FY2020-SP-01.txt,https://www.jst.go.jp/crds/report/CRDS-FY2020-SP-01.html,官方PDF已保存并校验
人工智能、机器人与计算系统,核心科技直接材料,C-CRDS-FY2020-RR-04,2020-10-01,W2,オープン化、国際化する研究におけるインテグリティ,CRDS机构正式研究,C:\Users\WINDOWS\OneDrive\知识库\智库信息爬虫\国际主要科技智库观点演变_研判\03_证据底稿\原文PDF\C-CRDS-FY2020-RR-04.pdf,C:\Users\WINDOWS\OneDrive\知识库\智库信息爬虫\国际主要科技智库观点演变_研判\03_证据底稿\文本\C-CRDS-FY2020-RR-04.txt,https://www.jst.go.jp/crds/report/CRDS-FY2020-RR-04.html,官方PDF已保存并校验
先进材料、纳米与制造技术,核心科技直接材料,C-CRDS-FY2020-RR-04,2020-10-01,W2,オープン化、国際化する研究におけるインテグリティ,CRDS机构正式研究,C:\Users\WINDOWS\OneDrive\知识库\智库信息爬虫\国际主要科技智库观点演变_研判\03_证据底稿\原文PDF\C-CRDS-FY2020-RR-04.pdf,C:\Users\WINDOWS\OneDrive\知识库\智库信息爬虫\国际主要科技智库观点演变_研判\03_证据底稿\文本\C-CRDS-FY2020-RR-04.txt,https://www.jst.go.jp/crds/report/CRDS-FY2020-RR-04.html,官方PDF已保存并校验
生命科学、生物技术与医疗,核心科技直接材料,C-CRDS-FY2020-RR-04,2020-10-01,W2,オープン化、国際化する研究におけるインテグリティ,CRDS机构正式研究,C:\Users\WINDOWS\OneDrive\知识库\智库信息爬虫\国际主要科技智库观点演变_研判\03_证据底稿\原文PDF\C-CRDS-FY2020-RR-04.pdf,C:\Users\WINDOWS\OneDrive\知识库\智库信息爬虫\国际主要科技智库观点演变_研判\03_证据底稿\文本\C-CRDS-FY2020-RR-04.txt,https://www.jst.go.jp/crds/report/CRDS-FY2020-RR-04.html,官方PDF已保存并校验
能源、环境与绿色转型,核心科技直接材料,C-CRDS-FY2020-RR-04,2020-10-01,W2,オープン化、国際化する研究におけるインテグリティ,CRDS机构正式研究,C:\Users\WINDOWS\OneDrive\知识库\智库信息爬虫\国际主要科技智库观点演变_研判\03_证据底稿\原文PDF\C-CRDS-FY2020-RR-04.pdf,C:\Users\WINDOWS\OneDrive\知识库\智库信息爬虫\国际主要科技智库观点演变_研判\03_证据底稿\文本\C-CRDS-FY2020-RR-04.txt,https://www.jst.go.jp/crds/report/CRDS-FY2020-RR-04.html,官方PDF已保存并校验
科技创新政策、科研体系与人才,核心科技直接材料,C-CRDS-FY2020-RR-04,2020-10-01,W2,オープン化、国際化する研究におけるインテグリティ,CRDS机构正式研究,C:\Users\WINDOWS\OneDrive\知识库\智库信息爬虫\国际主要科技智库观点演变_研判\03_证据底稿\原文PDF\C-CRDS-FY2020-RR-04.pdf,C:\Users\WINDOWS\OneDrive\知识库\智库信息爬虫\国际主要科技智库观点演变_研判\03_证据底稿\文本\C-CRDS-FY2020-RR-04.txt,https://www.jst.go.jp/crds/report/CRDS-FY2020-RR-04.html,官方PDF已保存并校验
研究安全、科技外交与国际比较,核心科技直接材料,C-CRDS-FY2020-RR-04,2020-10-01,W2,オープン化、国際化する研究におけるインテグリティ,CRDS机构正式研究,C:\Users\WINDOWS\OneDrive\知识库\智库信息爬虫\国际主要科技智库观点演变_研判\03_证据底稿\原文PDF\C-CRDS-FY2020-RR-04.pdf,C:\Users\WINDOWS\OneDrive\知识库\智库信息爬虫\国际主要科技智库观点演变_研判\03_证据底稿\文本\C-CRDS-FY2020-RR-04.txt,https://www.jst.go.jp/crds/report/CRDS-FY2020-RR-04.html,官方PDF已保存并校验
人工智能、机器人与计算系统,核心科技直接材料,C-CRDS-FY2020-RR-05,2020-10-01,W2,感染症に強い国づくりに向けた感染症研究プラットフォームの構築に関する提言,CRDS机构正式研究,C:\Users\WINDOWS\OneDrive\知识库\智库信息爬虫\国际主要科技智库观点演变_研判\03_证据底稿\原文PDF\C-CRDS-FY2020-RR-05.pdf,C:\Users\WINDOWS\OneDrive\知识库\智库信息爬虫\国际主要科技智库观点演变_研判\03_证据底稿\文本\C-CRDS-FY2020-RR-05.txt,https://www.jst.go.jp/crds/report/CRDS-FY2020-RR-05.html,官方PDF已保存并校验
先进材料、纳米与制造技术,核心科技直接材料,C-CRDS-FY2020-RR-05,2020-10-01,W2,感染症に強い国づくりに向けた感染症研究プラットフォームの構築に関する提言,CRDS机构正式研究,C:\Users\WINDOWS\OneDrive\知识库\智库信息爬虫\国际主要科技智库观点演变_研判\03_证据底稿\原文PDF\C-CRDS-FY2020-RR-05.pdf,C:\Users\WINDOWS\OneDrive\知识库\智库信息爬虫\国际主要科技智库观点演变_研判\03_证据底稿\文本\C-CRDS-FY2020-RR-05.txt,https://www.jst.go.jp/crds/report/CRDS-FY2020-RR-05.html,官方PDF已保存并校验
生命科学、生物技术与医疗,核心科技直接材料,C-CRDS-FY2020-RR-05,2020-10-01,W2,感染症に強い国づくりに向けた感染症研究プラットフォームの構築に関する提言,CRDS机构正式研究,C:\Users\WINDOWS\OneDrive\知识库\智库信息爬虫\国际主要科技智库观点演变_研判\03_证据底稿\原文PDF\C-CRDS-FY2020-RR-05.pdf,C:\Users\WINDOWS\OneDrive\知识库\智库信息爬虫\国际主要科技智库观点演变_研判\03_证据底稿\文本\C-CRDS-FY2020-RR-05.txt,https://www.jst.go.jp/crds/report/CRDS-FY2020-RR-05.html,官方PDF已保存并校验
能源、环境与绿色转型,核心科技直接材料,C-CRDS-FY2020-RR-05,2020-10-01,W2,感染症に強い国づくりに向けた感染症研究プラットフォームの構築に関する提言,CRDS机构正式研究,C:\Users\WINDOWS\OneDrive\知识库\智库信息爬虫\国际主要科技智库观点演变_研判\03_证据底稿\原文PDF\C-CRDS-FY2020-RR-05.pdf,C:\Users\WINDOWS\OneDrive\知识库\智库信息爬虫\国际主要科技智库观点演变_研判\03_证据底稿\文本\C-CRDS-FY2020-RR-05.txt,https://www.jst.go.jp/crds/report/CRDS-FY2020-RR-05.html,官方PDF已保存并校验
科技创新政策、科研体系与人才,核心科技直接材料,C-CRDS-FY2020-RR-05,2020-10-01,W2,感染症に強い国づくりに向けた感染症研究プラットフォームの構築に関する提言,CRDS机构正式研究,C:\Users\WINDOWS\OneDrive\知识库\智库信息爬虫\国际主要科技智库观点演变_研判\03_证据底稿\原文PDF\C-CRDS-FY2020-RR-05.pdf,C:\Users\WINDOWS\OneDrive\知识库\智库信息爬虫\国际主要科技智库观点演变_研判\03_证据底稿\文本\C-CRDS-FY2020-RR-05.txt,https://www.jst.go.jp/crds/report/CRDS-FY2020-RR-05.html,官方PDF已保存并校验
研究安全、科技外交与国际比较,核心科技直接材料,C-CRDS-FY2020-RR-05,2020-10-01,W2,感染症に強い国づくりに向けた感染症研究プラットフォームの構築に関する提言,CRDS机构正式研究,C:\Users\WINDOWS\OneDrive\知识库\智库信息爬虫\国际主要科技智库观点演变_研判\03_证据底稿\原文PDF\C-CRDS-FY2020-RR-05.pdf,C:\Users\WINDOWS\OneDrive\知识库\智库信息爬虫\国际主要科技智库观点演变_研判\03_证据底稿\文本\C-CRDS-FY2020-RR-05.txt,https://www.jst.go.jp/crds/report/CRDS-FY2020-RR-05.html,官方PDF已保存并校验
人工智能、机器人与计算系统,核心科技直接材料,C-CRDS-FY2020-XR-01,2020-10-01,W2,日本語仮訳：トランスディシプリナリー研究（学際共創研究）の活用による社会的課題解決の取組み　OECD科学技術イノベーションポリシーペーパー（88号）,CRDS机构正式研究,C:\Users\WINDOWS\OneDrive\知识库\智库信息爬虫\国际主要科技智库观点演变_研判\03_证据底稿\原文PDF\C-CRDS-FY2020-XR-01.pdf,C:\Users\WINDOWS\OneDrive\知识库\智库信息爬虫\国际主要科技智库观点演变_研判\03_证据底稿\文本\C-CRDS-FY2020-XR-01.txt,https://www.jst.go.jp/crds/report/CRDS-FY2020-XR-01.html,官方PDF已保存并校验
先进材料、纳米与制造技术,核心科技直接材料,C-CRDS-FY2020-XR-01,2020-10-01,W2,日本語仮訳：トランスディシプリナリー研究（学際共創研究）の活用による社会的課題解決の取組み　OECD科学技術イノベーションポリシーペーパー（88号）,CRDS机构正式研究,C:\Users\WINDOWS\OneDrive\知识库\智库信息爬虫\国际主要科技智库观点演变_研判\03_证据底稿\原文PDF\C-CRDS-FY2020-XR-01.pdf,C:\Users\WINDOWS\OneDrive\知识库\智库信息爬虫\国际主要科技智库观点演变_研判\03_证据底稿\文本\C-CRDS-FY2020-XR-01.txt,https://www.jst.go.jp/crds/report/CRDS-FY2020-XR-01.html,官方PDF已保存并校验
生命科学、生物技术与医疗,核心科技直接材料,C-CRDS-FY2020-XR-01,2020-10-01,W2,日本語仮訳：トランスディシプリナリー研究（学際共創研究）の活用による社会的課題解決の取組み　OECD科学技術イノベーションポリシーペーパー（88号）,CRDS机构正式研究,C:\Users\WINDOWS\OneDrive\知识库\智库信息爬虫\国际主要科技智库观点演变_研判\03_证据底稿\原文PDF\C-CRDS-FY2020-XR-01.pdf,C:\Users\WINDOWS\OneDrive\知识库\智库信息爬虫\国际主要科技智库观点演变_研判\03_证据底稿\文本\C-CRDS-FY2020-XR-01.txt,https://www.jst.go.jp/crds/report/CRDS-FY2020-XR-01.html,官方PDF已保存并校验
能源、环境与绿色转型,核心科技直接材料,C-CRDS-FY2020-XR-01,2020-10-01,W2,日本語仮訳：トランスディシプリナリー研究（学際共創研究）の活用による社会的課題解決の取組み　OECD科学技術イノベーションポリシーペーパー（88号）,CRDS机构正式研究,C:\Users\WINDOWS\OneDrive\知识库\智库信息爬虫\国际主要科技智库观点演变_研判\03_证据底稿\原文PDF\C-CRDS-FY2020-XR-01.pdf,C:\Users\WINDOWS\OneDrive\知识库\智库信息爬虫\国际主要科技智库观点演变_研判\03_证据底稿\文本\C-CRDS-FY2020-XR-01.txt,https://www.jst.go.jp/crds/report/CRDS-FY2020-XR-01.html,官方PDF已保存并校验
科技创新政策、科研体系与人才,核心科技直接材料,C-CRDS-FY2020-XR-01,2020-10-01,W2,日本語仮訳：トランスディシプリナリー研究（学際共創研究）の活用による社会的課題解決の取組み　OECD科学技術イノベーションポリシーペーパー（88号）,CRDS机构正式研究,C:\Users\WINDOWS\OneDrive\知识库\智库信息爬虫\国际主要科技智库观点演变_研判\03_证据底稿\原文PDF\C-CRDS-FY2020-XR-01.pdf,C:\Users\WINDOWS\OneDrive\知识库\智库信息爬虫\国际主要科技智库观点演变_研判\03_证据底稿\文本\C-CRDS-FY2020-XR-01.txt,https://www.jst.go.jp/crds/report/CRDS-FY2020-XR-01.html,官方PDF已保存并校验
研究安全、科技外交与国际比较,核心科技直接材料,C-CRDS-FY2020-XR-01,2020-10-01,W2,日本語仮訳：トランスディシプリナリー研究（学際共創研究）の活用による社会的課題解決の取組み　OECD科学技術イノベーションポリシーペーパー（88号）,CRDS机构正式研究,C:\Users\WINDOWS\OneDrive\知识库\智库信息爬虫\国际主要科技智库观点演变_研判\03_证据底稿\原文PDF\C-CRDS-FY2020-XR-01.pdf,C:\Users\WINDOWS\OneDrive\知识库\智库信息爬虫\国际主要科技智库观点演变_研判\03_证据底稿\文本\C-CRDS-FY2020-XR-01.txt,https://www.jst.go.jp/crds/report/CRDS-FY2020-XR-01.html,官方PDF已保存并校验
人工智能、机器人与计算系统,核心科技直接材料,C-CRDS-FY2020-XR-02,2020-10-01,W2,JSAI2020企画セッション報告書 「次世代ＡＩ研究開発 ―さらなる進化に向けて―」,CRDS机构正式研究,C:\Users\WINDOWS\OneDrive\知识库\智库信息爬虫\国际主要科技智库观点演变_研判\03_证据底稿\原文PDF\C-CRDS-FY2020-XR-02.pdf,C:\Users\WINDOWS\OneDrive\知识库\智库信息爬虫\国际主要科技智库观点演变_研判\03_证据底稿\文本\C-CRDS-FY2020-XR-02.txt,https://www.jst.go.jp/crds/report/CRDS-FY2020-XR-02.html,官方PDF已保存并校验
先进材料、纳米与制造技术,核心科技直接材料,C-CRDS-FY2020-XR-02,2020-10-01,W2,JSAI2020企画セッション報告書 「次世代ＡＩ研究開発 ―さらなる進化に向けて―」,CRDS机构正式研究,C:\Users\WINDOWS\OneDrive\知识库\智库信息爬虫\国际主要科技智库观点演变_研判\03_证据底稿\原文PDF\C-CRDS-FY2020-XR-02.pdf,C:\Users\WINDOWS\OneDrive\知识库\智库信息爬虫\国际主要科技智库观点演变_研判\03_证据底稿\文本\C-CRDS-FY2020-XR-02.txt,https://www.jst.go.jp/crds/report/CRDS-FY2020-XR-02.html,官方PDF已保存并校验
生命科学、生物技术与医疗,核心科技直接材料,C-CRDS-FY2020-XR-02,2020-10-01,W2,JSAI2020企画セッション報告書 「次世代ＡＩ研究開発 ―さらなる進化に向けて―」,CRDS机构正式研究,C:\Users\WINDOWS\OneDrive\知识库\智库信息爬虫\国际主要科技智库观点演变_研判\03_证据底稿\原文PDF\C-CRDS-FY2020-XR-02.pdf,C:\Users\WINDOWS\OneDrive\知识库\智库信息爬虫\国际主要科技智库观点演变_研判\03_证据底稿\文本\C-CRDS-FY2020-XR-02.txt,https://www.jst.go.jp/crds/report/CRDS-FY2020-XR-02.html,官方PDF已保存并校验
能源、环境与绿色转型,核心科技直接材料,C-CRDS-FY2020-XR-02,2020-10-01,W2,JSAI2020企画セッション報告書 「次世代ＡＩ研究開発 ―さらなる進化に向けて―」,CRDS机构正式研究,C:\Users\WINDOWS\OneDrive\知识库\智库信息爬虫\国际主要科技智库观点演变_研判\03_证据底稿\原文PDF\C-CRDS-FY2020-XR-02.pdf,C:\Users\WINDOWS\OneDrive\知识库\智库信息爬虫\国际主要科技智库观点演变_研判\03_证据底稿\文本\C-CRDS-FY2020-XR-02.txt,https://www.jst.go.jp/crds/report/CRDS-FY2020-XR-02.html,官方PDF已保存并校验
科技创新政策、科研体系与人才,核心科技直接材料,C-CRDS-FY2020-XR-02,2020-10-01,W2,JSAI2020企画セッション報告書 「次世代ＡＩ研究開発 ―さらなる進化に向けて―」,CRDS机构正式研究,C:\Users\WINDOWS\OneDrive\知识库\智库信息爬虫\国际主要科技智库观点演变_研判\03_证据底稿\原文PDF\C-CRDS-FY2020-XR-02.pdf,C:\Users\WINDOWS\OneDrive\知识库\智库信息爬虫\国际主要科技智库观点演变_研判\03_证据底稿\文本\C-CRDS-FY2020-XR-02.txt,https://www.jst.go.jp/crds/report/CRDS-FY2020-XR-02.html,官方PDF已保存并校验
研究安全、科技外交与国际比较,核心科技直接材料,C-CRDS-FY2020-XR-02,2020-10-01,W2,JSAI2020企画セッション報告書 「次世代ＡＩ研究開発 ―さらなる進化に向けて―」,CRDS机构正式研究,C:\Users\WINDOWS\OneDrive\知识库\智库信息爬虫\国际主要科技智库观点演变_研判\03_证据底稿\原文PDF\C-CRDS-FY2020-XR-02.pdf,C:\Users\WINDOWS\OneDrive\知识库\智库信息爬虫\国际主要科技智库观点演变_研判\03_证据底稿\文本\C-CRDS-FY2020-XR-02.txt,https://www.jst.go.jp/crds/report/CRDS-FY2020-XR-02.html,官方PDF已保存并校验
人工智能、机器人与计算系统,核心科技直接材料,C-CRDS-FY2020-XR-03,2020-10-01,W2,日本語仮訳：国レベルの研究インフラの運用と利用の最適化　OECD科学技術イノベーションポリシーペーパー（91号）,CRDS机构正式研究,C:\Users\WINDOWS\OneDrive\知识库\智库信息爬虫\国际主要科技智库观点演变_研判\03_证据底稿\原文PDF\C-CRDS-FY2020-XR-03.pdf,C:\Users\WINDOWS\OneDrive\知识库\智库信息爬虫\国际主要科技智库观点演变_研判\03_证据底稿\文本\C-CRDS-FY2020-XR-03.txt,https://www.jst.go.jp/crds/report/CRDS-FY2020-XR-03.html,官方PDF已保存并校验
先进材料、纳米与制造技术,核心科技直接材料,C-CRDS-FY2020-XR-03,2020-10-01,W2,日本語仮訳：国レベルの研究インフラの運用と利用の最適化　OECD科学技術イノベーションポリシーペーパー（91号）,CRDS机构正式研究,C:\Users\WINDOWS\OneDrive\知识库\智库信息爬虫\国际主要科技智库观点演变_研判\03_证据底稿\原文PDF\C-CRDS-FY2020-XR-03.pdf,C:\Users\WINDOWS\OneDrive\知识库\智库信息爬虫\国际主要科技智库观点演变_研判\03_证据底稿\文本\C-CRDS-FY2020-XR-03.txt,https://www.jst.go.jp/crds/report/CRDS-FY2020-XR-03.html,官方PDF已保存并校验
生命科学、生物技术与医疗,核心科技直接材料,C-CRDS-FY2020-XR-03,2020-10-01,W2,日本語仮訳：国レベルの研究インフラの運用と利用の最適化　OECD科学技術イノベーションポリシーペーパー（91号）,CRDS机构正式研究,C:\Users\WINDOWS\OneDrive\知识库\智库信息爬虫\国际主要科技智库观点演变_研判\03_证据底稿\原文PDF\C-CRDS-FY2020-XR-03.pdf,C:\Users\WINDOWS\OneDrive\知识库\智库信息爬虫\国际主要科技智库观点演变_研判\03_证据底稿\文本\C-CRDS-FY2020-XR-03.txt,https://www.jst.go.jp/crds/report/CRDS-FY2020-XR-03.html,官方PDF已保存并校验
能源、环境与绿色转型,核心科技直接材料,C-CRDS-FY2020-XR-03,2020-10-01,W2,日本語仮訳：国レベルの研究インフラの運用と利用の最適化　OECD科学技術イノベーションポリシーペーパー（91号）,CRDS机构正式研究,C:\Users\WINDOWS\OneDrive\知识库\智库信息爬虫\国际主要科技智库观点演变_研判\03_证据底稿\原文PDF\C-CRDS-FY2020-XR-03.pdf,C:\Users\WINDOWS\OneDrive\知识库\智库信息爬虫\国际主要科技智库观点演变_研判\03_证据底稿\文本\C-CRDS-FY2020-XR-03.txt,https://www.jst.go.jp/crds/report/CRDS-FY2020-XR-03.html,官方PDF已保存并校验
科技创新政策、科研体系与人才,核心科技直接材料,C-CRDS-FY2020-XR-03,2020-10-01,W2,日本語仮訳：国レベルの研究インフラの運用と利用の最適化　OECD科学技術イノベーションポリシーペーパー（91号）,CRDS机构正式研究,C:\Users\WINDOWS\OneDrive\知识库\智库信息爬虫\国际主要科技智库观点演变_研判\03_证据底稿\原文PDF\C-CRDS-FY2020-XR-03.pdf,C:\Users\WINDOWS\OneDrive\知识库\智库信息爬虫\国际主要科技智库观点演变_研判\03_证据底稿\文本\C-CRDS-FY2020-XR-03.txt,https://www.jst.go.jp/crds/report/CRDS-FY2020-XR-03.html,官方PDF已保存并校验
研究安全、科技外交与国际比较,核心科技直接材料,C-CRDS-FY2020-XR-03,2020-10-01,W2,日本語仮訳：国レベルの研究インフラの運用と利用の最適化　OECD科学技術イノベーションポリシーペーパー（91号）,CRDS机构正式研究,C:\Users\WINDOWS\OneDrive\知识库\智库信息爬虫\国际主要科技智库观点演变_研判\03_证据底稿\原文PDF\C-CRDS-FY2020-XR-03.pdf,C:\Users\WINDOWS\OneDrive\知识库\智库信息爬虫\国际主要科技智库观点演变_研判\03_证据底稿\文本\C-CRDS-FY2020-XR-03.txt,https://www.jst.go.jp/crds/report/CRDS-FY2020-XR-03.html,官方PDF已保存并校验
中国科技政策与能力比较,核心科技直接材料,C-CRDS-FY2020-XR-03,2020-10-01,W2,日本語仮訳：国レベルの研究インフラの運用と利用の最適化　OECD科学技術イノベーションポリシーペーパー（91号）,CRDS机构正式研究,C:\Users\WINDOWS\OneDrive\知识库\智库信息爬虫\国际主要科技智库观点演变_研判\03_证据底稿\原文PDF\C-CRDS-FY2020-XR-03.pdf,C:\Users\WINDOWS\OneDrive\知识库\智库信息爬虫\国际主要科技智库观点演变_研判\03_证据底稿\文本\C-CRDS-FY2020-XR-03.txt,https://www.jst.go.jp/crds/report/CRDS-FY2020-XR-03.html,官方PDF已保存并校验
人工智能、机器人与计算系统,核心科技直接材料,C-CRDS-FY2020-RR-06,2021-01-01,W2,リサーチトランスフォーメーション（RX）　ポスト/withコロナ時代、これからの研究開発の姿へ向けて（—The Beyond Disciplines Collection—）,CRDS机构正式研究,C:\Users\WINDOWS\OneDrive\知识库\智库信息爬虫\国际主要科技智库观点演变_研判\03_证据底稿\原文PDF\C-CRDS-FY2020-RR-06.pdf,C:\Users\WINDOWS\OneDrive\知识库\智库信息爬虫\国际主要科技智库观点演变_研判\03_证据底稿\文本\C-CRDS-FY2020-RR-06.txt,https://www.jst.go.jp/crds/report/CRDS-FY2020-RR-06.html,官方PDF已保存并校验
先进材料、纳米与制造技术,核心科技直接材料,C-CRDS-FY2020-RR-06,2021-01-01,W2,リサーチトランスフォーメーション（RX）　ポスト/withコロナ時代、これからの研究開発の姿へ向けて（—The Beyond Disciplines Collection—）,CRDS机构正式研究,C:\Users\WINDOWS\OneDrive\知识库\智库信息爬虫\国际主要科技智库观点演变_研判\03_证据底稿\原文PDF\C-CRDS-FY2020-RR-06.pdf,C:\Users\WINDOWS\OneDrive\知识库\智库信息爬虫\国际主要科技智库观点演变_研判\03_证据底稿\文本\C-CRDS-FY2020-RR-06.txt,https://www.jst.go.jp/crds/report/CRDS-FY2020-RR-06.html,官方PDF已保存并校验
生命科学、生物技术与医疗,核心科技直接材料,C-CRDS-FY2020-RR-06,2021-01-01,W2,リサーチトランスフォーメーション（RX）　ポスト/withコロナ時代、これからの研究開発の姿へ向けて（—The Beyond Disciplines Collection—）,CRDS机构正式研究,C:\Users\WINDOWS\OneDrive\知识库\智库信息爬虫\国际主要科技智库观点演变_研判\03_证据底稿\原文PDF\C-CRDS-FY2020-RR-06.pdf,C:\Users\WINDOWS\OneDrive\知识库\智库信息爬虫\国际主要科技智库观点演变_研判\03_证据底稿\文本\C-CRDS-FY2020-RR-06.txt,https://www.jst.go.jp/crds/report/CRDS-FY2020-RR-06.html,官方PDF已保存并校验
能源、环境与绿色转型,核心科技直接材料,C-CRDS-FY2020-RR-06,2021-01-01,W2,リサーチトランスフォーメーション（RX）　ポスト/withコロナ時代、これからの研究開発の姿へ向けて（—The Beyond Disciplines Collection—）,CRDS机构正式研究,C:\Users\WINDOWS\OneDrive\知识库\智库信息爬虫\国际主要科技智库观点演变_研判\03_证据底稿\原文PDF\C-CRDS-FY2020-RR-06.pdf,C:\Users\WINDOWS\OneDrive\知识库\智库信息爬虫\国际主要科技智库观点演变_研判\03_证据底稿\文本\C-CRDS-FY2020-RR-06.txt,https://www.jst.go.jp/crds/report/CRDS-FY2020-RR-06.html,官方PDF已保存并校验
科技创新政策、科研体系与人才,核心科技直接材料,C-CRDS-FY2020-RR-06,2021-01-01,W2,リサーチトランスフォーメーション（RX）　ポスト/withコロナ時代、これからの研究開発の姿へ向けて（—The Beyond Disciplines Collection—）,CRDS机构正式研究,C:\Users\WINDOWS\OneDrive\知识库\智库信息爬虫\国际主要科技智库观点演变_研判\03_证据底稿\原文PDF\C-CRDS-FY2020-RR-06.pdf,C:\Users\WINDOWS\OneDrive\知识库\智库信息爬虫\国际主要科技智库观点演变_研判\03_证据底稿\文本\C-CRDS-FY2020-RR-06.txt,https://www.jst.go.jp/crds/report/CRDS-FY2020-RR-06.html,官方PDF已保存并校验
研究安全、科技外交与国际比较,核心科技直接材料,C-CRDS-FY2020-RR-06,2021-01-01,W2,リサーチトランスフォーメーション（RX）　ポスト/withコロナ時代、これからの研究開発の姿へ向けて（—The Beyond Disciplines Collection—）,CRDS机构正式研究,C:\Users\WINDOWS\OneDrive\知识库\智库信息爬虫\国际主要科技智库观点演变_研判\03_证据底稿\原文PDF\C-CRDS-FY2020-RR-06.pdf,C:\Users\WINDOWS\OneDrive\知识库\智库信息爬虫\国际主要科技智库观点演变_研判\03_证据底稿\文本\C-CRDS-FY2020-RR-06.txt,https://www.jst.go.jp/crds/report/CRDS-FY2020-RR-06.html,官方PDF已保存并校验
人工智能、机器人与计算系统,核心科技直接材料,C-CRDS-FY2020-SP-02,2021-02-01,W2,Society 5.0実現に向けた計算社会科学,CRDS机构正式研究,C:\Users\WINDOWS\OneDrive\知识库\智库信息爬虫\国际主要科技智库观点演变_研判\03_证据底稿\原文PDF\C-CRDS-FY2020-SP-02.pdf,C:\Users\WINDOWS\OneDrive\知识库\智库信息爬虫\国际主要科技智库观点演变_研判\03_证据底稿\文本\C-CRDS-FY2020-SP-02.txt,https://www.jst.go.jp/crds/report/CRDS-FY2020-SP-02.html,官方PDF已保存并校验
芯片、量子、通信与网络安全,核心科技直接材料,C-CRDS-FY2020-SP-02,2021-02-01,W2,Society 5.0実現に向けた計算社会科学,CRDS机构正式研究,C:\Users\WINDOWS\OneDrive\知识库\智库信息爬虫\国际主要科技智库观点演变_研判\03_证据底稿\原文PDF\C-CRDS-FY2020-SP-02.pdf,C:\Users\WINDOWS\OneDrive\知识库\智库信息爬虫\国际主要科技智库观点演变_研判\03_证据底稿\文本\C-CRDS-FY2020-SP-02.txt,https://www.jst.go.jp/crds/report/CRDS-FY2020-SP-02.html,官方PDF已保存并校验
先进材料、纳米与制造技术,核心科技直接材料,C-CRDS-FY2020-SP-02,2021-02-01,W2,Society 5.0実現に向けた計算社会科学,CRDS机构正式研究,C:\Users\WINDOWS\OneDrive\知识库\智库信息爬虫\国际主要科技智库观点演变_研判\03_证据底稿\原文PDF\C-CRDS-FY2020-SP-02.pdf,C:\Users\WINDOWS\OneDrive\知识库\智库信息爬虫\国际主要科技智库观点演变_研判\03_证据底稿\文本\C-CRDS-FY2020-SP-02.txt,https://www.jst.go.jp/crds/report/CRDS-FY2020-SP-02.html,官方PDF已保存并校验
生命科学、生物技术与医疗,核心科技直接材料,C-CRDS-FY2020-SP-02,2021-02-01,W2,Society 5.0実現に向けた計算社会科学,CRDS机构正式研究,C:\Users\WINDOWS\OneDrive\知识库\智库信息爬虫\国际主要科技智库观点演变_研判\03_证据底稿\原文PDF\C-CRDS-FY2020-SP-02.pdf,C:\Users\WINDOWS\OneDrive\知识库\智库信息爬虫\国际主要科技智库观点演变_研判\03_证据底稿\文本\C-CRDS-FY2020-SP-02.txt,https://www.jst.go.jp/crds/report/CRDS-FY2020-SP-02.html,官方PDF已保存并校验
能源、环境与绿色转型,核心科技直接材料,C-CRDS-FY2020-SP-02,2021-02-01,W2,Society 5.0実現に向けた計算社会科学,CRDS机构正式研究,C:\Users\WINDOWS\OneDrive\知识库\智库信息爬虫\国际主要科技智库观点演变_研判\03_证据底稿\原文PDF\C-CRDS-FY2020-SP-02.pdf,C:\Users\WINDOWS\OneDrive\知识库\智库信息爬虫\国际主要科技智库观点演变_研判\03_证据底稿\文本\C-CRDS-FY2020-SP-02.txt,https://www.jst.go.jp/crds/report/CRDS-FY2020-SP-02.html,官方PDF已保存并校验
科技创新政策、科研体系与人才,核心科技直接材料,C-CRDS-FY2020-SP-02,2021-02-01,W2,Society 5.0実現に向けた計算社会科学,CRDS机构正式研究,C:\Users\WINDOWS\OneDrive\知识库\智库信息爬虫\国际主要科技智库观点演变_研判\03_证据底稿\原文PDF\C-CRDS-FY2020-SP-02.pdf,C:\Users\WINDOWS\OneDrive\知识库\智库信息爬虫\国际主要科技智库观点演变_研判\03_证据底稿\文本\C-CRDS-FY2020-SP-02.txt,https://www.jst.go.jp/crds/report/CRDS-FY2020-SP-02.html,官方PDF已保存并校验
研究安全、科技外交与国际比较,核心科技直接材料,C-CRDS-FY2020-SP-02,2021-02-01,W2,Society 5.0実現に向けた計算社会科学,CRDS机构正式研究,C:\Users\WINDOWS\OneDrive\知识库\智库信息爬虫\国际主要科技智库观点演变_研判\03_证据底稿\原文PDF\C-CRDS-FY2020-SP-02.pdf,C:\Users\WINDOWS\OneDrive\知识库\智库信息爬虫\国际主要科技智库观点演变_研判\03_证据底稿\文本\C-CRDS-FY2020-SP-02.txt,https://www.jst.go.jp/crds/report/CRDS-FY2020-SP-02.html,官方PDF已保存并校验
人工智能、机器人与计算系统,核心科技直接材料,E-CRDS-2021-ENVENERGY,2021-03-01,W2,研究開発の俯瞰報告書　環境・エネルギー分野（2021年）,CRDS机构正式研究,C:\Users\WINDOWS\OneDrive\知识库\智库信息爬虫\国际主要科技智库观点演变_研判\03_证据底稿\原文PDF\E-CRDS-2021-ENVENERGY.pdf,C:\Users\WINDOWS\OneDrive\知识库\智库信息爬虫\国际主要科技智库观点演变_研判\03_证据底稿\文本\E-CRDS-2021-ENVENERGY.txt,https://www.jst.go.jp/crds/report/CRDS-FY2020-FR-01.html,复用库内既有资产
芯片、量子、通信与网络安全,核心科技直接材料,E-CRDS-2021-ENVENERGY,2021-03-01,W2,研究開発の俯瞰報告書　環境・エネルギー分野（2021年）,CRDS机构正式研究,C:\Users\WINDOWS\OneDrive\知识库\智库信息爬虫\国际主要科技智库观点演变_研判\03_证据底稿\原文PDF\E-CRDS-2021-ENVENERGY.pdf,C:\Users\WINDOWS\OneDrive\知识库\智库信息爬虫\国际主要科技智库观点演变_研判\03_证据底稿\文本\E-CRDS-2021-ENVENERGY.txt,https://www.jst.go.jp/crds/report/CRDS-FY2020-FR-01.html,复用库内既有资产
先进材料、纳米与制造技术,核心科技直接材料,E-CRDS-2021-ENVENERGY,2021-03-01,W2,研究開発の俯瞰報告書　環境・エネルギー分野（2021年）,CRDS机构正式研究,C:\Users\WINDOWS\OneDrive\知识库\智库信息爬虫\国际主要科技智库观点演变_研判\03_证据底稿\原文PDF\E-CRDS-2021-ENVENERGY.pdf,C:\Users\WINDOWS\OneDrive\知识库\智库信息爬虫\国际主要科技智库观点演变_研判\03_证据底稿\文本\E-CRDS-2021-ENVENERGY.txt,https://www.jst.go.jp/crds/report/CRDS-FY2020-FR-01.html,复用库内既有资产
生命科学、生物技术与医疗,核心科技直接材料,E-CRDS-2021-ENVENERGY,2021-03-01,W2,研究開発の俯瞰報告書　環境・エネルギー分野（2021年）,CRDS机构正式研究,C:\Users\WINDOWS\OneDrive\知识库\智库信息爬虫\国际主要科技智库观点演变_研判\03_证据底稿\原文PDF\E-CRDS-2021-ENVENERGY.pdf,C:\Users\WINDOWS\OneDrive\知识库\智库信息爬虫\国际主要科技智库观点演变_研判\03_证据底稿\文本\E-CRDS-2021-ENVENERGY.txt,https://www.jst.go.jp/crds/report/CRDS-FY2020-FR-01.html,复用库内既有资产
能源、环境与绿色转型,核心科技直接材料,E-CRDS-2021-ENVENERGY,2021-03-01,W2,研究開発の俯瞰報告書　環境・エネルギー分野（2021年）,CRDS机构正式研究,C:\Users\WINDOWS\OneDrive\知识库\智库信息爬虫\国际主要科技智库观点演变_研判\03_证据底稿\原文PDF\E-CRDS-2021-ENVENERGY.pdf,C:\Users\WINDOWS\OneDrive\知识库\智库信息爬虫\国际主要科技智库观点演变_研判\03_证据底稿\文本\E-CRDS-2021-ENVENERGY.txt,https://www.jst.go.jp/crds/report/CRDS-FY2020-FR-01.html,复用库内既有资产
科技创新政策、科研体系与人才,核心科技直接材料,E-CRDS-2021-ENVENERGY,2021-03-01,W2,研究開発の俯瞰報告書　環境・エネルギー分野（2021年）,CRDS机构正式研究,C:\Users\WINDOWS\OneDrive\知识库\智库信息爬虫\国际主要科技智库观点演变_研判\03_证据底稿\原文PDF\E-CRDS-2021-ENVENERGY.pdf,C:\Users\WINDOWS\OneDrive\知识库\智库信息爬虫\国际主要科技智库观点演变_研判\03_证据底稿\文本\E-CRDS-2021-ENVENERGY.txt,https://www.jst.go.jp/crds/report/CRDS-FY2020-FR-01.html,复用库内既有资产
研究安全、科技外交与国际比较,核心科技直接材料,E-CRDS-2021-ENVENERGY,2021-03-01,W2,研究開発の俯瞰報告書　環境・エネルギー分野（2021年）,CRDS机构正式研究,C:\Users\WINDOWS\OneDrive\知识库\智库信息爬虫\国际主要科技智库观点演变_研判\03_证据底稿\原文PDF\E-CRDS-2021-ENVENERGY.pdf,C:\Users\WINDOWS\OneDrive\知识库\智库信息爬虫\国际主要科技智库观点演变_研判\03_证据底稿\文本\E-CRDS-2021-ENVENERGY.txt,https://www.jst.go.jp/crds/report/CRDS-FY2020-FR-01.html,复用库内既有资产
人工智能、机器人与计算系统,核心科技直接材料,E-CRDS-2021-SYSTEMS,2021-03-01,W2,研究開発の俯瞰報告書　システム・情報科学技術分野（2021年）,CRDS机构正式研究,C:\Users\WINDOWS\OneDrive\知识库\智库信息爬虫\国际主要科技智库观点演变_研判\03_证据底稿\原文PDF\E-CRDS-2021-SYSTEMS.pdf,C:\Users\WINDOWS\OneDrive\知识库\智库信息爬虫\国际主要科技智库观点演变_研判\03_证据底稿\文本\E-CRDS-2021-SYSTEMS.txt,https://www.jst.go.jp/crds/report/CRDS-FY2020-FR-02.html,复用库内既有资产
芯片、量子、通信与网络安全,核心科技直接材料,E-CRDS-2021-SYSTEMS,2021-03-01,W2,研究開発の俯瞰報告書　システム・情報科学技術分野（2021年）,CRDS机构正式研究,C:\Users\WINDOWS\OneDrive\知识库\智库信息爬虫\国际主要科技智库观点演变_研判\03_证据底稿\原文PDF\E-CRDS-2021-SYSTEMS.pdf,C:\Users\WINDOWS\OneDrive\知识库\智库信息爬虫\国际主要科技智库观点演变_研判\03_证据底稿\文本\E-CRDS-2021-SYSTEMS.txt,https://www.jst.go.jp/crds/report/CRDS-FY2020-FR-02.html,复用库内既有资产
先进材料、纳米与制造技术,核心科技直接材料,E-CRDS-2021-SYSTEMS,2021-03-01,W2,研究開発の俯瞰報告書　システム・情報科学技術分野（2021年）,CRDS机构正式研究,C:\Users\WINDOWS\OneDrive\知识库\智库信息爬虫\国际主要科技智库观点演变_研判\03_证据底稿\原文PDF\E-CRDS-2021-SYSTEMS.pdf,C:\Users\WINDOWS\OneDrive\知识库\智库信息爬虫\国际主要科技智库观点演变_研判\03_证据底稿\文本\E-CRDS-2021-SYSTEMS.txt,https://www.jst.go.jp/crds/report/CRDS-FY2020-FR-02.html,复用库内既有资产
生命科学、生物技术与医疗,核心科技直接材料,E-CRDS-2021-SYSTEMS,2021-03-01,W2,研究開発の俯瞰報告書　システム・情報科学技術分野（2021年）,CRDS机构正式研究,C:\Users\WINDOWS\OneDrive\知识库\智库信息爬虫\国际主要科技智库观点演变_研判\03_证据底稿\原文PDF\E-CRDS-2021-SYSTEMS.pdf,C:\Users\WINDOWS\OneDrive\知识库\智库信息爬虫\国际主要科技智库观点演变_研判\03_证据底稿\文本\E-CRDS-2021-SYSTEMS.txt,https://www.jst.go.jp/crds/report/CRDS-FY2020-FR-02.html,复用库内既有资产
能源、环境与绿色转型,核心科技直接材料,E-CRDS-2021-SYSTEMS,2021-03-01,W2,研究開発の俯瞰報告書　システム・情報科学技術分野（2021年）,CRDS机构正式研究,C:\Users\WINDOWS\OneDrive\知识库\智库信息爬虫\国际主要科技智库观点演变_研判\03_证据底稿\原文PDF\E-CRDS-2021-SYSTEMS.pdf,C:\Users\WINDOWS\OneDrive\知识库\智库信息爬虫\国际主要科技智库观点演变_研判\03_证据底稿\文本\E-CRDS-2021-SYSTEMS.txt,https://www.jst.go.jp/crds/report/CRDS-FY2020-FR-02.html,复用库内既有资产
科技创新政策、科研体系与人才,核心科技直接材料,E-CRDS-2021-SYSTEMS,2021-03-01,W2,研究開発の俯瞰報告書　システム・情報科学技術分野（2021年）,CRDS机构正式研究,C:\Users\WINDOWS\OneDrive\知识库\智库信息爬虫\国际主要科技智库观点演变_研判\03_证据底稿\原文PDF\E-CRDS-2021-SYSTEMS.pdf,C:\Users\WINDOWS\OneDrive\知识库\智库信息爬虫\国际主要科技智库观点演变_研判\03_证据底稿\文本\E-CRDS-2021-SYSTEMS.txt,https://www.jst.go.jp/crds/report/CRDS-FY2020-FR-02.html,复用库内既有资产
研究安全、科技外交与国际比较,核心科技直接材料,E-CRDS-2021-SYSTEMS,2021-03-01,W2,研究開発の俯瞰報告書　システム・情報科学技術分野（2021年）,CRDS机构正式研究,C:\Users\WINDOWS\OneDrive\知识库\智库信息爬虫\国际主要科技智库观点演变_研判\03_证据底稿\原文PDF\E-CRDS-2021-SYSTEMS.pdf,C:\Users\WINDOWS\OneDrive\知识库\智库信息爬虫\国际主要科技智库观点演变_研判\03_证据底稿\文本\E-CRDS-2021-SYSTEMS.txt,https://www.jst.go.jp/crds/report/CRDS-FY2020-FR-02.html,复用库内既有资产
人工智能、机器人与计算系统,核心科技直接材料,E-CRDS-2021-NANO,2021-03-01,W2,研究開発の俯瞰報告書　ナノテクノロジー・材料分野（2021年）,CRDS机构正式研究,C:\Users\WINDOWS\OneDrive\知识库\智库信息爬虫\国际主要科技智库观点演变_研判\03_证据底稿\原文PDF\E-CRDS-2021-NANO.pdf,C:\Users\WINDOWS\OneDrive\知识库\智库信息爬虫\国际主要科技智库观点演变_研判\03_证据底稿\文本\E-CRDS-2021-NANO.txt,https://www.jst.go.jp/crds/report/CRDS-FY2020-FR-03.html,复用库内既有资产
芯片、量子、通信与网络安全,核心科技直接材料,E-CRDS-2021-NANO,2021-03-01,W2,研究開発の俯瞰報告書　ナノテクノロジー・材料分野（2021年）,CRDS机构正式研究,C:\Users\WINDOWS\OneDrive\知识库\智库信息爬虫\国际主要科技智库观点演变_研判\03_证据底稿\原文PDF\E-CRDS-2021-NANO.pdf,C:\Users\WINDOWS\OneDrive\知识库\智库信息爬虫\国际主要科技智库观点演变_研判\03_证据底稿\文本\E-CRDS-2021-NANO.txt,https://www.jst.go.jp/crds/report/CRDS-FY2020-FR-03.html,复用库内既有资产
先进材料、纳米与制造技术,核心科技直接材料,E-CRDS-2021-NANO,2021-03-01,W2,研究開発の俯瞰報告書　ナノテクノロジー・材料分野（2021年）,CRDS机构正式研究,C:\Users\WINDOWS\OneDrive\知识库\智库信息爬虫\国际主要科技智库观点演变_研判\03_证据底稿\原文PDF\E-CRDS-2021-NANO.pdf,C:\Users\WINDOWS\OneDrive\知识库\智库信息爬虫\国际主要科技智库观点演变_研判\03_证据底稿\文本\E-CRDS-2021-NANO.txt,https://www.jst.go.jp/crds/report/CRDS-FY2020-FR-03.html,复用库内既有资产
生命科学、生物技术与医疗,核心科技直接材料,E-CRDS-2021-NANO,2021-03-01,W2,研究開発の俯瞰報告書　ナノテクノロジー・材料分野（2021年）,CRDS机构正式研究,C:\Users\WINDOWS\OneDrive\知识库\智库信息爬虫\国际主要科技智库观点演变_研判\03_证据底稿\原文PDF\E-CRDS-2021-NANO.pdf,C:\Users\WINDOWS\OneDrive\知识库\智库信息爬虫\国际主要科技智库观点演变_研判\03_证据底稿\文本\E-CRDS-2021-NANO.txt,https://www.jst.go.jp/crds/report/CRDS-FY2020-FR-03.html,复用库内既有资产
能源、环境与绿色转型,核心科技直接材料,E-CRDS-2021-NANO,2021-03-01,W2,研究開発の俯瞰報告書　ナノテクノロジー・材料分野（2021年）,CRDS机构正式研究,C:\Users\WINDOWS\OneDrive\知识库\智库信息爬虫\国际主要科技智库观点演变_研判\03_证据底稿\原文PDF\E-CRDS-2021-NANO.pdf,C:\Users\WINDOWS\OneDrive\知识库\智库信息爬虫\国际主要科技智库观点演变_研判\03_证据底稿\文本\E-CRDS-2021-NANO.txt,https://www.jst.go.jp/crds/report/CRDS-FY2020-FR-03.html,复用库内既有资产
科技创新政策、科研体系与人才,核心科技直接材料,E-CRDS-2021-NANO,2021-03-01,W2,研究開発の俯瞰報告書　ナノテクノロジー・材料分野（2021年）,CRDS机构正式研究,C:\Users\WINDOWS\OneDrive\知识库\智库信息爬虫\国际主要科技智库观点演变_研判\03_证据底稿\原文PDF\E-CRDS-2021-NANO.pdf,C:\Users\WINDOWS\OneDrive\知识库\智库信息爬虫\国际主要科技智库观点演变_研判\03_证据底稿\文本\E-CRDS-2021-NANO.txt,https://www.jst.go.jp/crds/report/CRDS-FY2020-FR-03.html,复用库内既有资产
研究安全、科技外交与国际比较,核心科技直接材料,E-CRDS-2021-NANO,2021-03-01,W2,研究開発の俯瞰報告書　ナノテクノロジー・材料分野（2021年）,CRDS机构正式研究,C:\Users\WINDOWS\OneDrive\知识库\智库信息爬虫\国际主要科技智库观点演变_研判\03_证据底稿\原文PDF\E-CRDS-2021-NANO.pdf,C:\Users\WINDOWS\OneDrive\知识库\智库信息爬虫\国际主要科技智库观点演变_研判\03_证据底稿\文本\E-CRDS-2021-NANO.txt,https://www.jst.go.jp/crds/report/CRDS-FY2020-FR-03.html,复用库内既有资产
人工智能、机器人与计算系统,核心科技直接材料,E-CRDS-2021-LIFE,2021-03-01,W2,研究開発の俯瞰報告書　ライフサイエンス・臨床医学分野（2021年）,CRDS机构正式研究,C:\Users\WINDOWS\OneDrive\知识库\智库信息爬虫\国际主要科技智库观点演变_研判\03_证据底稿\原文PDF\E-CRDS-2021-LIFE.pdf,C:\Users\WINDOWS\OneDrive\知识库\智库信息爬虫\国际主要科技智库观点演变_研判\03_证据底稿\文本\E-CRDS-2021-LIFE.txt,https://www.jst.go.jp/crds/report/CRDS-FY2020-FR-04.html,复用库内既有资产
芯片、量子、通信与网络安全,核心科技直接材料,E-CRDS-2021-LIFE,2021-03-01,W2,研究開発の俯瞰報告書　ライフサイエンス・臨床医学分野（2021年）,CRDS机构正式研究,C:\Users\WINDOWS\OneDrive\知识库\智库信息爬虫\国际主要科技智库观点演变_研判\03_证据底稿\原文PDF\E-CRDS-2021-LIFE.pdf,C:\Users\WINDOWS\OneDrive\知识库\智库信息爬虫\国际主要科技智库观点演变_研判\03_证据底稿\文本\E-CRDS-2021-LIFE.txt,https://www.jst.go.jp/crds/report/CRDS-FY2020-FR-04.html,复用库内既有资产
先进材料、纳米与制造技术,核心科技直接材料,E-CRDS-2021-LIFE,2021-03-01,W2,研究開発の俯瞰報告書　ライフサイエンス・臨床医学分野（2021年）,CRDS机构正式研究,C:\Users\WINDOWS\OneDrive\知识库\智库信息爬虫\国际主要科技智库观点演变_研判\03_证据底稿\原文PDF\E-CRDS-2021-LIFE.pdf,C:\Users\WINDOWS\OneDrive\知识库\智库信息爬虫\国际主要科技智库观点演变_研判\03_证据底稿\文本\E-CRDS-2021-LIFE.txt,https://www.jst.go.jp/crds/report/CRDS-FY2020-FR-04.html,复用库内既有资产
生命科学、生物技术与医疗,核心科技直接材料,E-CRDS-2021-LIFE,2021-03-01,W2,研究開発の俯瞰報告書　ライフサイエンス・臨床医学分野（2021年）,CRDS机构正式研究,C:\Users\WINDOWS\OneDrive\知识库\智库信息爬虫\国际主要科技智库观点演变_研判\03_证据底稿\原文PDF\E-CRDS-2021-LIFE.pdf,C:\Users\WINDOWS\OneDrive\知识库\智库信息爬虫\国际主要科技智库观点演变_研判\03_证据底稿\文本\E-CRDS-2021-LIFE.txt,https://www.jst.go.jp/crds/report/CRDS-FY2020-FR-04.html,复用库内既有资产
能源、环境与绿色转型,核心科技直接材料,E-CRDS-2021-LIFE,2021-03-01,W2,研究開発の俯瞰報告書　ライフサイエンス・臨床医学分野（2021年）,CRDS机构正式研究,C:\Users\WINDOWS\OneDrive\知识库\智库信息爬虫\国际主要科技智库观点演变_研判\03_证据底稿\原文PDF\E-CRDS-2021-LIFE.pdf,C:\Users\WINDOWS\OneDrive\知识库\智库信息爬虫\国际主要科技智库观点演变_研判\03_证据底稿\文本\E-CRDS-2021-LIFE.txt,https://www.jst.go.jp/crds/report/CRDS-FY2020-FR-04.html,复用库内既有资产
科技创新政策、科研体系与人才,核心科技直接材料,E-CRDS-2021-LIFE,2021-03-01,W2,研究開発の俯瞰報告書　ライフサイエンス・臨床医学分野（2021年）,CRDS机构正式研究,C:\Users\WINDOWS\OneDrive\知识库\智库信息爬虫\国际主要科技智库观点演变_研判\03_证据底稿\原文PDF\E-CRDS-2021-LIFE.pdf,C:\Users\WINDOWS\OneDrive\知识库\智库信息爬虫\国际主要科技智库观点演变_研判\03_证据底稿\文本\E-CRDS-2021-LIFE.txt,https://www.jst.go.jp/crds/report/CRDS-FY2020-FR-04.html,复用库内既有资产
研究安全、科技外交与国际比较,核心科技直接材料,E-CRDS-2021-LIFE,2021-03-01,W2,研究開発の俯瞰報告書　ライフサイエンス・臨床医学分野（2021年）,CRDS机构正式研究,C:\Users\WINDOWS\OneDrive\知识库\智库信息爬虫\国际主要科技智库观点演变_研判\03_证据底稿\原文PDF\E-CRDS-2021-LIFE.pdf,C:\Users\WINDOWS\OneDrive\知识库\智库信息爬虫\国际主要科技智库观点演变_研判\03_证据底稿\文本\E-CRDS-2021-LIFE.txt,https://www.jst.go.jp/crds/report/CRDS-FY2020-FR-04.html,复用库内既有资产
人工智能、机器人与计算系统,核心科技直接材料,C-CRDS-FY2020-FR-05,2021-03-01,W2,研究開発の俯瞰報告書　主要国の研究開発戦略（2021年）,CRDS机构正式研究,C:\Users\WINDOWS\OneDrive\知识库\智库信息爬虫\国际主要科技智库观点演变_研判\03_证据底稿\原文PDF\C-CRDS-FY2020-FR-05.pdf,C:\Users\WINDOWS\OneDrive\知识库\智库信息爬虫\国际主要科技智库观点演变_研判\03_证据底稿\文本\C-CRDS-FY2020-FR-05.txt,https://www.jst.go.jp/crds/report/CRDS-FY2020-FR-05.html,官方PDF已保存并校验
芯片、量子、通信与网络安全,核心科技直接材料,C-CRDS-FY2020-FR-05,2021-03-01,W2,研究開発の俯瞰報告書　主要国の研究開発戦略（2021年）,CRDS机构正式研究,C:\Users\WINDOWS\OneDrive\知识库\智库信息爬虫\国际主要科技智库观点演变_研判\03_证据底稿\原文PDF\C-CRDS-FY2020-FR-05.pdf,C:\Users\WINDOWS\OneDrive\知识库\智库信息爬虫\国际主要科技智库观点演变_研判\03_证据底稿\文本\C-CRDS-FY2020-FR-05.txt,https://www.jst.go.jp/crds/report/CRDS-FY2020-FR-05.html,官方PDF已保存并校验
先进材料、纳米与制造技术,核心科技直接材料,C-CRDS-FY2020-FR-05,2021-03-01,W2,研究開発の俯瞰報告書　主要国の研究開発戦略（2021年）,CRDS机构正式研究,C:\Users\WINDOWS\OneDrive\知识库\智库信息爬虫\国际主要科技智库观点演变_研判\03_证据底稿\原文PDF\C-CRDS-FY2020-FR-05.pdf,C:\Users\WINDOWS\OneDrive\知识库\智库信息爬虫\国际主要科技智库观点演变_研判\03_证据底稿\文本\C-CRDS-FY2020-FR-05.txt,https://www.jst.go.jp/crds/report/CRDS-FY2020-FR-05.html,官方PDF已保存并校验
生命科学、生物技术与医疗,核心科技直接材料,C-CRDS-FY2020-FR-05,2021-03-01,W2,研究開発の俯瞰報告書　主要国の研究開発戦略（2021年）,CRDS机构正式研究,C:\Users\WINDOWS\OneDrive\知识库\智库信息爬虫\国际主要科技智库观点演变_研判\03_证据底稿\原文PDF\C-CRDS-FY2020-FR-05.pdf,C:\Users\WINDOWS\OneDrive\知识库\智库信息爬虫\国际主要科技智库观点演变_研判\03_证据底稿\文本\C-CRDS-FY2020-FR-05.txt,https://www.jst.go.jp/crds/report/CRDS-FY2020-FR-05.html,官方PDF已保存并校验
能源、环境与绿色转型,核心科技直接材料,C-CRDS-FY2020-FR-05,2021-03-01,W2,研究開発の俯瞰報告書　主要国の研究開発戦略（2021年）,CRDS机构正式研究,C:\Users\WINDOWS\OneDrive\知识库\智库信息爬虫\国际主要科技智库观点演变_研判\03_证据底稿\原文PDF\C-CRDS-FY2020-FR-05.pdf,C:\Users\WINDOWS\OneDrive\知识库\智库信息爬虫\国际主要科技智库观点演变_研判\03_证据底稿\文本\C-CRDS-FY2020-FR-05.txt,https://www.jst.go.jp/crds/report/CRDS-FY2020-FR-05.html,官方PDF已保存并校验
科技创新政策、科研体系与人才,核心科技直接材料,C-CRDS-FY2020-FR-05,2021-03-01,W2,研究開発の俯瞰報告書　主要国の研究開発戦略（2021年）,CRDS机构正式研究,C:\Users\WINDOWS\OneDrive\知识库\智库信息爬虫\国际主要科技智库观点演变_研判\03_证据底稿\原文PDF\C-CRDS-FY2020-FR-05.pdf,C:\Users\WINDOWS\OneDrive\知识库\智库信息爬虫\国际主要科技智库观点演变_研判\03_证据底稿\文本\C-CRDS-FY2020-FR-05.txt,https://www.jst.go.jp/crds/report/CRDS-FY2020-FR-05.html,官方PDF已保存并校验
研究安全、科技外交与国际比较,核心科技直接材料,C-CRDS-FY2020-FR-05,2021-03-01,W2,研究開発の俯瞰報告書　主要国の研究開発戦略（2021年）,CRDS机构正式研究,C:\Users\WINDOWS\OneDrive\知识库\智库信息爬虫\国际主要科技智库观点演变_研判\03_证据底稿\原文PDF\C-CRDS-FY2020-FR-05.pdf,C:\Users\WINDOWS\OneDrive\知识库\智库信息爬虫\国际主要科技智库观点演变_研判\03_证据底稿\文本\C-CRDS-FY2020-FR-05.txt,https://www.jst.go.jp/crds/report/CRDS-FY2020-FR-05.html,官方PDF已保存并校验
中国科技政策与能力比较,核心科技直接材料,C-CRDS-FY2020-FR-05,2021-03-01,W2,研究開発の俯瞰報告書　主要国の研究開発戦略（2021年）,CRDS机构正式研究,C:\Users\WINDOWS\OneDrive\知识库\智库信息爬虫\国际主要科技智库观点演变_研判\03_证据底稿\原文PDF\C-CRDS-FY2020-FR-05.pdf,C:\Users\WINDOWS\OneDrive\知识库\智库信息爬虫\国际主要科技智库观点演变_研判\03_证据底稿\文本\C-CRDS-FY2020-FR-05.txt,https://www.jst.go.jp/crds/report/CRDS-FY2020-FR-05.html,官方PDF已保存并校验
人工智能、机器人与计算系统,核心科技直接材料,C-CRDS-FY2020-FR-06,2021-03-01,W2,日本の科学技術イノベーション政策の変遷2021　科学技術基本法の制定から現在まで,CRDS机构正式研究,C:\Users\WINDOWS\OneDrive\知识库\智库信息爬虫\国际主要科技智库观点演变_研判\03_证据底稿\原文PDF\C-CRDS-FY2020-FR-06.pdf,C:\Users\WINDOWS\OneDrive\知识库\智库信息爬虫\国际主要科技智库观点演变_研判\03_证据底稿\文本\C-CRDS-FY2020-FR-06.txt,https://www.jst.go.jp/crds/report/CRDS-FY2020-FR-06.html,官方PDF已保存并校验
芯片、量子、通信与网络安全,核心科技直接材料,C-CRDS-FY2020-FR-06,2021-03-01,W2,日本の科学技術イノベーション政策の変遷2021　科学技術基本法の制定から現在まで,CRDS机构正式研究,C:\Users\WINDOWS\OneDrive\知识库\智库信息爬虫\国际主要科技智库观点演变_研判\03_证据底稿\原文PDF\C-CRDS-FY2020-FR-06.pdf,C:\Users\WINDOWS\OneDrive\知识库\智库信息爬虫\国际主要科技智库观点演变_研判\03_证据底稿\文本\C-CRDS-FY2020-FR-06.txt,https://www.jst.go.jp/crds/report/CRDS-FY2020-FR-06.html,官方PDF已保存并校验
先进材料、纳米与制造技术,核心科技直接材料,C-CRDS-FY2020-FR-06,2021-03-01,W2,日本の科学技術イノベーション政策の変遷2021　科学技術基本法の制定から現在まで,CRDS机构正式研究,C:\Users\WINDOWS\OneDrive\知识库\智库信息爬虫\国际主要科技智库观点演变_研判\03_证据底稿\原文PDF\C-CRDS-FY2020-FR-06.pdf,C:\Users\WINDOWS\OneDrive\知识库\智库信息爬虫\国际主要科技智库观点演变_研判\03_证据底稿\文本\C-CRDS-FY2020-FR-06.txt,https://www.jst.go.jp/crds/report/CRDS-FY2020-FR-06.html,官方PDF已保存并校验
生命科学、生物技术与医疗,核心科技直接材料,C-CRDS-FY2020-FR-06,2021-03-01,W2,日本の科学技術イノベーション政策の変遷2021　科学技術基本法の制定から現在まで,CRDS机构正式研究,C:\Users\WINDOWS\OneDrive\知识库\智库信息爬虫\国际主要科技智库观点演变_研判\03_证据底稿\原文PDF\C-CRDS-FY2020-FR-06.pdf,C:\Users\WINDOWS\OneDrive\知识库\智库信息爬虫\国际主要科技智库观点演变_研判\03_证据底稿\文本\C-CRDS-FY2020-FR-06.txt,https://www.jst.go.jp/crds/report/CRDS-FY2020-FR-06.html,官方PDF已保存并校验
能源、环境与绿色转型,核心科技直接材料,C-CRDS-FY2020-FR-06,2021-03-01,W2,日本の科学技術イノベーション政策の変遷2021　科学技術基本法の制定から現在まで,CRDS机构正式研究,C:\Users\WINDOWS\OneDrive\知识库\智库信息爬虫\国际主要科技智库观点演变_研判\03_证据底稿\原文PDF\C-CRDS-FY2020-FR-06.pdf,C:\Users\WINDOWS\OneDrive\知识库\智库信息爬虫\国际主要科技智库观点演变_研判\03_证据底稿\文本\C-CRDS-FY2020-FR-06.txt,https://www.jst.go.jp/crds/report/CRDS-FY2020-FR-06.html,官方PDF已保存并校验
科技创新政策、科研体系与人才,核心科技直接材料,C-CRDS-FY2020-FR-06,2021-03-01,W2,日本の科学技術イノベーション政策の変遷2021　科学技術基本法の制定から現在まで,CRDS机构正式研究,C:\Users\WINDOWS\OneDrive\知识库\智库信息爬虫\国际主要科技智库观点演变_研判\03_证据底稿\原文PDF\C-CRDS-FY2020-FR-06.pdf,C:\Users\WINDOWS\OneDrive\知识库\智库信息爬虫\国际主要科技智库观点演变_研判\03_证据底稿\文本\C-CRDS-FY2020-FR-06.txt,https://www.jst.go.jp/crds/report/CRDS-FY2020-FR-06.html,官方PDF已保存并校验
研究安全、科技外交与国际比较,核心科技直接材料,C-CRDS-FY2020-FR-06,2021-03-01,W2,日本の科学技術イノベーション政策の変遷2021　科学技術基本法の制定から現在まで,CRDS机构正式研究,C:\Users\WINDOWS\OneDrive\知识库\智库信息爬虫\国际主要科技智库观点演变_研判\03_证据底稿\原文PDF\C-CRDS-FY2020-FR-06.pdf,C:\Users\WINDOWS\OneDrive\知识库\智库信息爬虫\国际主要科技智库观点演变_研判\03_证据底稿\文本\C-CRDS-FY2020-FR-06.txt,https://www.jst.go.jp/crds/report/CRDS-FY2020-FR-06.html,官方PDF已保存并校验
人工智能、机器人与计算系统,核心科技直接材料,C-CRDS-FY2020-RR-07,2021-03-01,W2,研究機器・装置開発の諸課題 - 新たな研究を拓く機器開発とその実装・エコシステム形成へ向けて -（—The Beyond Disciplines Collection—）,CRDS机构正式研究,C:\Users\WINDOWS\OneDrive\知识库\智库信息爬虫\国际主要科技智库观点演变_研判\03_证据底稿\原文PDF\C-CRDS-FY2020-RR-07.pdf,C:\Users\WINDOWS\OneDrive\知识库\智库信息爬虫\国际主要科技智库观点演变_研判\03_证据底稿\文本\C-CRDS-FY2020-RR-07.txt,https://www.jst.go.jp/crds/report/CRDS-FY2020-RR-07.html,官方PDF已保存并校验
先进材料、纳米与制造技术,核心科技直接材料,C-CRDS-FY2020-RR-07,2021-03-01,W2,研究機器・装置開発の諸課題 - 新たな研究を拓く機器開発とその実装・エコシステム形成へ向けて -（—The Beyond Disciplines Collection—）,CRDS机构正式研究,C:\Users\WINDOWS\OneDrive\知识库\智库信息爬虫\国际主要科技智库观点演变_研判\03_证据底稿\原文PDF\C-CRDS-FY2020-RR-07.pdf,C:\Users\WINDOWS\OneDrive\知识库\智库信息爬虫\国际主要科技智库观点演变_研判\03_证据底稿\文本\C-CRDS-FY2020-RR-07.txt,https://www.jst.go.jp/crds/report/CRDS-FY2020-RR-07.html,官方PDF已保存并校验
生命科学、生物技术与医疗,核心科技直接材料,C-CRDS-FY2020-RR-07,2021-03-01,W2,研究機器・装置開発の諸課題 - 新たな研究を拓く機器開発とその実装・エコシステム形成へ向けて -（—The Beyond Disciplines Collection—）,CRDS机构正式研究,C:\Users\WINDOWS\OneDrive\知识库\智库信息爬虫\国际主要科技智库观点演变_研判\03_证据底稿\原文PDF\C-CRDS-FY2020-RR-07.pdf,C:\Users\WINDOWS\OneDrive\知识库\智库信息爬虫\国际主要科技智库观点演变_研判\03_证据底稿\文本\C-CRDS-FY2020-RR-07.txt,https://www.jst.go.jp/crds/report/CRDS-FY2020-RR-07.html,官方PDF已保存并校验
能源、环境与绿色转型,核心科技直接材料,C-CRDS-FY2020-RR-07,2021-03-01,W2,研究機器・装置開発の諸課題 - 新たな研究を拓く機器開発とその実装・エコシステム形成へ向けて -（—The Beyond Disciplines Collection—）,CRDS机构正式研究,C:\Users\WINDOWS\OneDrive\知识库\智库信息爬虫\国际主要科技智库观点演变_研判\03_证据底稿\原文PDF\C-CRDS-FY2020-RR-07.pdf,C:\Users\WINDOWS\OneDrive\知识库\智库信息爬虫\国际主要科技智库观点演变_研判\03_证据底稿\文本\C-CRDS-FY2020-RR-07.txt,https://www.jst.go.jp/crds/report/CRDS-FY2020-RR-07.html,官方PDF已保存并校验
科技创新政策、科研体系与人才,核心科技直接材料,C-CRDS-FY2020-RR-07,2021-03-01,W2,研究機器・装置開発の諸課題 - 新たな研究を拓く機器開発とその実装・エコシステム形成へ向けて -（—The Beyond Disciplines Collection—）,CRDS机构正式研究,C:\Users\WINDOWS\OneDrive\知识库\智库信息爬虫\国际主要科技智库观点演变_研判\03_证据底稿\原文PDF\C-CRDS-FY2020-RR-07.pdf,C:\Users\WINDOWS\OneDrive\知识库\智库信息爬虫\国际主要科技智库观点演变_研判\03_证据底稿\文本\C-CRDS-FY2020-RR-07.txt,https://www.jst.go.jp/crds/report/CRDS-FY2020-RR-07.html,官方PDF已保存并校验
研究安全、科技外交与国际比较,核心科技直接材料,C-CRDS-FY2020-RR-07,2021-03-01,W2,研究機器・装置開発の諸課題 - 新たな研究を拓く機器開発とその実装・エコシステム形成へ向けて -（—The Beyond Disciplines Collection—）,CRDS机构正式研究,C:\Users\WINDOWS\OneDrive\知识库\智库信息爬虫\国际主要科技智库观点演变_研判\03_证据底稿\原文PDF\C-CRDS-FY2020-RR-07.pdf,C:\Users\WINDOWS\OneDrive\知识库\智库信息爬虫\国际主要科技智库观点演变_研判\03_证据底稿\文本\C-CRDS-FY2020-RR-07.txt,https://www.jst.go.jp/crds/report/CRDS-FY2020-RR-07.html,官方PDF已保存并校验
中国科技政策与能力比较,核心科技直接材料,C-CRDS-FY2020-RR-07,2021-03-01,W2,研究機器・装置開発の諸課題 - 新たな研究を拓く機器開発とその実装・エコシステム形成へ向けて -（—The Beyond Disciplines Collection—）,CRDS机构正式研究,C:\Users\WINDOWS\OneDrive\知识库\智库信息爬虫\国际主要科技智库观点演变_研判\03_证据底稿\原文PDF\C-CRDS-FY2020-RR-07.pdf,C:\Users\WINDOWS\OneDrive\知识库\智库信息爬虫\国际主要科技智库观点演变_研判\03_证据底稿\文本\C-CRDS-FY2020-RR-07.txt,https://www.jst.go.jp/crds/report/CRDS-FY2020-RR-07.html,官方PDF已保存并校验
人工智能、机器人与计算系统,核心科技直接材料,C-CRDS-FY2020-RR-08,2021-03-01,W2,社会的課題解決のためのミッション志向型科学技術イノベーション政策の動向と課題,CRDS机构正式研究,C:\Users\WINDOWS\OneDrive\知识库\智库信息爬虫\国际主要科技智库观点演变_研判\03_证据底稿\原文PDF\C-CRDS-FY2020-RR-08.pdf,C:\Users\WINDOWS\OneDrive\知识库\智库信息爬虫\国际主要科技智库观点演变_研判\03_证据底稿\文本\C-CRDS-FY2020-RR-08.txt,https://www.jst.go.jp/crds/report/CRDS-FY2020-RR-08.html,官方PDF已保存并校验
先进材料、纳米与制造技术,核心科技直接材料,C-CRDS-FY2020-RR-08,2021-03-01,W2,社会的課題解決のためのミッション志向型科学技術イノベーション政策の動向と課題,CRDS机构正式研究,C:\Users\WINDOWS\OneDrive\知识库\智库信息爬虫\国际主要科技智库观点演变_研判\03_证据底稿\原文PDF\C-CRDS-FY2020-RR-08.pdf,C:\Users\WINDOWS\OneDrive\知识库\智库信息爬虫\国际主要科技智库观点演变_研判\03_证据底稿\文本\C-CRDS-FY2020-RR-08.txt,https://www.jst.go.jp/crds/report/CRDS-FY2020-RR-08.html,官方PDF已保存并校验
生命科学、生物技术与医疗,核心科技直接材料,C-CRDS-FY2020-RR-08,2021-03-01,W2,社会的課題解決のためのミッション志向型科学技術イノベーション政策の動向と課題,CRDS机构正式研究,C:\Users\WINDOWS\OneDrive\知识库\智库信息爬虫\国际主要科技智库观点演变_研判\03_证据底稿\原文PDF\C-CRDS-FY2020-RR-08.pdf,C:\Users\WINDOWS\OneDrive\知识库\智库信息爬虫\国际主要科技智库观点演变_研判\03_证据底稿\文本\C-CRDS-FY2020-RR-08.txt,https://www.jst.go.jp/crds/report/CRDS-FY2020-RR-08.html,官方PDF已保存并校验
能源、环境与绿色转型,核心科技直接材料,C-CRDS-FY2020-RR-08,2021-03-01,W2,社会的課題解決のためのミッション志向型科学技術イノベーション政策の動向と課題,CRDS机构正式研究,C:\Users\WINDOWS\OneDrive\知识库\智库信息爬虫\国际主要科技智库观点演变_研判\03_证据底稿\原文PDF\C-CRDS-FY2020-RR-08.pdf,C:\Users\WINDOWS\OneDrive\知识库\智库信息爬虫\国际主要科技智库观点演变_研判\03_证据底稿\文本\C-CRDS-FY2020-RR-08.txt,https://www.jst.go.jp/crds/report/CRDS-FY2020-RR-08.html,官方PDF已保存并校验
科技创新政策、科研体系与人才,核心科技直接材料,C-CRDS-FY2020-RR-08,2021-03-01,W2,社会的課題解決のためのミッション志向型科学技術イノベーション政策の動向と課題,CRDS机构正式研究,C:\Users\WINDOWS\OneDrive\知识库\智库信息爬虫\国际主要科技智库观点演变_研判\03_证据底稿\原文PDF\C-CRDS-FY2020-RR-08.pdf,C:\Users\WINDOWS\OneDrive\知识库\智库信息爬虫\国际主要科技智库观点演变_研判\03_证据底稿\文本\C-CRDS-FY2020-RR-08.txt,https://www.jst.go.jp/crds/report/CRDS-FY2020-RR-08.html,官方PDF已保存并校验
研究安全、科技外交与国际比较,核心科技直接材料,C-CRDS-FY2020-RR-08,2021-03-01,W2,社会的課題解決のためのミッション志向型科学技術イノベーション政策の動向と課題,CRDS机构正式研究,C:\Users\WINDOWS\OneDrive\知识库\智库信息爬虫\国际主要科技智库观点演变_研判\03_证据底稿\原文PDF\C-CRDS-FY2020-RR-08.pdf,C:\Users\WINDOWS\OneDrive\知识库\智库信息爬虫\国际主要科技智库观点演变_研判\03_证据底稿\文本\C-CRDS-FY2020-RR-08.txt,https://www.jst.go.jp/crds/report/CRDS-FY2020-RR-08.html,官方PDF已保存并校验
人工智能、机器人与计算系统,核心科技直接材料,C-CRDS-FY2020-SP-03,2021-03-01,W2,ファイトケミカル生成原理とその活用のための研究開発戦略 ～未利用植物資源から革新的価値を創出する学術基盤の創成～,CRDS机构正式研究,C:\Users\WINDOWS\OneDrive\知识库\智库信息爬虫\国际主要科技智库观点演变_研判\03_证据底稿\原文PDF\C-CRDS-FY2020-SP-03.pdf,C:\Users\WINDOWS\OneDrive\知识库\智库信息爬虫\国际主要科技智库观点演变_研判\03_证据底稿\文本\C-CRDS-FY2020-SP-03.txt,https://www.jst.go.jp/crds/report/CRDS-FY2020-SP-03.html,官方PDF已保存并校验
先进材料、纳米与制造技术,核心科技直接材料,C-CRDS-FY2020-SP-03,2021-03-01,W2,ファイトケミカル生成原理とその活用のための研究開発戦略 ～未利用植物資源から革新的価値を創出する学術基盤の創成～,CRDS机构正式研究,C:\Users\WINDOWS\OneDrive\知识库\智库信息爬虫\国际主要科技智库观点演变_研判\03_证据底稿\原文PDF\C-CRDS-FY2020-SP-03.pdf,C:\Users\WINDOWS\OneDrive\知识库\智库信息爬虫\国际主要科技智库观点演变_研判\03_证据底稿\文本\C-CRDS-FY2020-SP-03.txt,https://www.jst.go.jp/crds/report/CRDS-FY2020-SP-03.html,官方PDF已保存并校验
生命科学、生物技术与医疗,核心科技直接材料,C-CRDS-FY2020-SP-03,2021-03-01,W2,ファイトケミカル生成原理とその活用のための研究開発戦略 ～未利用植物資源から革新的価値を創出する学術基盤の創成～,CRDS机构正式研究,C:\Users\WINDOWS\OneDrive\知识库\智库信息爬虫\国际主要科技智库观点演变_研判\03_证据底稿\原文PDF\C-CRDS-FY2020-SP-03.pdf,C:\Users\WINDOWS\OneDrive\知识库\智库信息爬虫\国际主要科技智库观点演变_研判\03_证据底稿\文本\C-CRDS-FY2020-SP-03.txt,https://www.jst.go.jp/crds/report/CRDS-FY2020-SP-03.html,官方PDF已保存并校验
能源、环境与绿色转型,核心科技直接材料,C-CRDS-FY2020-SP-03,2021-03-01,W2,ファイトケミカル生成原理とその活用のための研究開発戦略 ～未利用植物資源から革新的価値を創出する学術基盤の創成～,CRDS机构正式研究,C:\Users\WINDOWS\OneDrive\知识库\智库信息爬虫\国际主要科技智库观点演变_研判\03_证据底稿\原文PDF\C-CRDS-FY2020-SP-03.pdf,C:\Users\WINDOWS\OneDrive\知识库\智库信息爬虫\国际主要科技智库观点演变_研判\03_证据底稿\文本\C-CRDS-FY2020-SP-03.txt,https://www.jst.go.jp/crds/report/CRDS-FY2020-SP-03.html,官方PDF已保存并校验
科技创新政策、科研体系与人才,核心科技直接材料,C-CRDS-FY2020-SP-03,2021-03-01,W2,ファイトケミカル生成原理とその活用のための研究開発戦略 ～未利用植物資源から革新的価値を創出する学術基盤の創成～,CRDS机构正式研究,C:\Users\WINDOWS\OneDrive\知识库\智库信息爬虫\国际主要科技智库观点演变_研判\03_证据底稿\原文PDF\C-CRDS-FY2020-SP-03.pdf,C:\Users\WINDOWS\OneDrive\知识库\智库信息爬虫\国际主要科技智库观点演变_研判\03_证据底稿\文本\C-CRDS-FY2020-SP-03.txt,https://www.jst.go.jp/crds/report/CRDS-FY2020-SP-03.html,官方PDF已保存并校验
研究安全、科技外交与国际比较,核心科技直接材料,C-CRDS-FY2020-SP-03,2021-03-01,W2,ファイトケミカル生成原理とその活用のための研究開発戦略 ～未利用植物資源から革新的価値を創出する学術基盤の創成～,CRDS机构正式研究,C:\Users\WINDOWS\OneDrive\知识库\智库信息爬虫\国际主要科技智库观点演变_研判\03_证据底稿\原文PDF\C-CRDS-FY2020-SP-03.pdf,C:\Users\WINDOWS\OneDrive\知识库\智库信息爬虫\国际主要科技智库观点演变_研判\03_证据底稿\文本\C-CRDS-FY2020-SP-03.txt,https://www.jst.go.jp/crds/report/CRDS-FY2020-SP-03.html,官方PDF已保存并校验
人工智能、机器人与计算系统,核心科技直接材料,C-CRDS-FY2020-SP-04,2021-03-01,W2,脳型AIアクセラレータ　～柔軟な高度情報処理と超低消費電力化の両立～,CRDS机构正式研究,C:\Users\WINDOWS\OneDrive\知识库\智库信息爬虫\国际主要科技智库观点演变_研判\03_证据底稿\原文PDF\C-CRDS-FY2020-SP-04.pdf,C:\Users\WINDOWS\OneDrive\知识库\智库信息爬虫\国际主要科技智库观点演变_研判\03_证据底稿\文本\C-CRDS-FY2020-SP-04.txt,https://www.jst.go.jp/crds/report/CRDS-FY2020-SP-04.html,官方PDF已保存并校验
芯片、量子、通信与网络安全,核心科技直接材料,C-CRDS-FY2020-SP-04,2021-03-01,W2,脳型AIアクセラレータ　～柔軟な高度情報処理と超低消費電力化の両立～,CRDS机构正式研究,C:\Users\WINDOWS\OneDrive\知识库\智库信息爬虫\国际主要科技智库观点演变_研判\03_证据底稿\原文PDF\C-CRDS-FY2020-SP-04.pdf,C:\Users\WINDOWS\OneDrive\知识库\智库信息爬虫\国际主要科技智库观点演变_研判\03_证据底稿\文本\C-CRDS-FY2020-SP-04.txt,https://www.jst.go.jp/crds/report/CRDS-FY2020-SP-04.html,官方PDF已保存并校验
先进材料、纳米与制造技术,核心科技直接材料,C-CRDS-FY2020-SP-04,2021-03-01,W2,脳型AIアクセラレータ　～柔軟な高度情報処理と超低消費電力化の両立～,CRDS机构正式研究,C:\Users\WINDOWS\OneDrive\知识库\智库信息爬虫\国际主要科技智库观点演变_研判\03_证据底稿\原文PDF\C-CRDS-FY2020-SP-04.pdf,C:\Users\WINDOWS\OneDrive\知识库\智库信息爬虫\国际主要科技智库观点演变_研判\03_证据底稿\文本\C-CRDS-FY2020-SP-04.txt,https://www.jst.go.jp/crds/report/CRDS-FY2020-SP-04.html,官方PDF已保存并校验
生命科学、生物技术与医疗,核心科技直接材料,C-CRDS-FY2020-SP-04,2021-03-01,W2,脳型AIアクセラレータ　～柔軟な高度情報処理と超低消費電力化の両立～,CRDS机构正式研究,C:\Users\WINDOWS\OneDrive\知识库\智库信息爬虫\国际主要科技智库观点演变_研判\03_证据底稿\原文PDF\C-CRDS-FY2020-SP-04.pdf,C:\Users\WINDOWS\OneDrive\知识库\智库信息爬虫\国际主要科技智库观点演变_研判\03_证据底稿\文本\C-CRDS-FY2020-SP-04.txt,https://www.jst.go.jp/crds/report/CRDS-FY2020-SP-04.html,官方PDF已保存并校验
能源、环境与绿色转型,核心科技直接材料,C-CRDS-FY2020-SP-04,2021-03-01,W2,脳型AIアクセラレータ　～柔軟な高度情報処理と超低消費電力化の両立～,CRDS机构正式研究,C:\Users\WINDOWS\OneDrive\知识库\智库信息爬虫\国际主要科技智库观点演变_研判\03_证据底稿\原文PDF\C-CRDS-FY2020-SP-04.pdf,C:\Users\WINDOWS\OneDrive\知识库\智库信息爬虫\国际主要科技智库观点演变_研判\03_证据底稿\文本\C-CRDS-FY2020-SP-04.txt,https://www.jst.go.jp/crds/report/CRDS-FY2020-SP-04.html,官方PDF已保存并校验
科技创新政策、科研体系与人才,核心科技直接材料,C-CRDS-FY2020-SP-04,2021-03-01,W2,脳型AIアクセラレータ　～柔軟な高度情報処理と超低消費電力化の両立～,CRDS机构正式研究,C:\Users\WINDOWS\OneDrive\知识库\智库信息爬虫\国际主要科技智库观点演变_研判\03_证据底稿\原文PDF\C-CRDS-FY2020-SP-04.pdf,C:\Users\WINDOWS\OneDrive\知识库\智库信息爬虫\国际主要科技智库观点演变_研判\03_证据底稿\文本\C-CRDS-FY2020-SP-04.txt,https://www.jst.go.jp/crds/report/CRDS-FY2020-SP-04.html,官方PDF已保存并校验
研究安全、科技外交与国际比较,核心科技直接材料,C-CRDS-FY2020-SP-04,2021-03-01,W2,脳型AIアクセラレータ　～柔軟な高度情報処理と超低消費電力化の両立～,CRDS机构正式研究,C:\Users\WINDOWS\OneDrive\知识库\智库信息爬虫\国际主要科技智库观点演变_研判\03_证据底稿\原文PDF\C-CRDS-FY2020-SP-04.pdf,C:\Users\WINDOWS\OneDrive\知识库\智库信息爬虫\国际主要科技智库观点演变_研判\03_证据底稿\文本\C-CRDS-FY2020-SP-04.txt,https://www.jst.go.jp/crds/report/CRDS-FY2020-SP-04.html,官方PDF已保存并校验
人工智能、机器人与计算系统,核心科技直接材料,C-CRDS-FY2020-SP-05,2021-03-01,W2,物質循環を目指した複合構造の生成・分解制御　〜サステイナブル元素戦略〜,CRDS机构正式研究,C:\Users\WINDOWS\OneDrive\知识库\智库信息爬虫\国际主要科技智库观点演变_研判\03_证据底稿\原文PDF\C-CRDS-FY2020-SP-05.pdf,C:\Users\WINDOWS\OneDrive\知识库\智库信息爬虫\国际主要科技智库观点演变_研判\03_证据底稿\文本\C-CRDS-FY2020-SP-05.txt,https://www.jst.go.jp/crds/report/CRDS-FY2020-SP-05.html,官方PDF已保存并校验
先进材料、纳米与制造技术,核心科技直接材料,C-CRDS-FY2020-SP-05,2021-03-01,W2,物質循環を目指した複合構造の生成・分解制御　〜サステイナブル元素戦略〜,CRDS机构正式研究,C:\Users\WINDOWS\OneDrive\知识库\智库信息爬虫\国际主要科技智库观点演变_研判\03_证据底稿\原文PDF\C-CRDS-FY2020-SP-05.pdf,C:\Users\WINDOWS\OneDrive\知识库\智库信息爬虫\国际主要科技智库观点演变_研判\03_证据底稿\文本\C-CRDS-FY2020-SP-05.txt,https://www.jst.go.jp/crds/report/CRDS-FY2020-SP-05.html,官方PDF已保存并校验
生命科学、生物技术与医疗,核心科技直接材料,C-CRDS-FY2020-SP-05,2021-03-01,W2,物質循環を目指した複合構造の生成・分解制御　〜サステイナブル元素戦略〜,CRDS机构正式研究,C:\Users\WINDOWS\OneDrive\知识库\智库信息爬虫\国际主要科技智库观点演变_研判\03_证据底稿\原文PDF\C-CRDS-FY2020-SP-05.pdf,C:\Users\WINDOWS\OneDrive\知识库\智库信息爬虫\国际主要科技智库观点演变_研判\03_证据底稿\文本\C-CRDS-FY2020-SP-05.txt,https://www.jst.go.jp/crds/report/CRDS-FY2020-SP-05.html,官方PDF已保存并校验
能源、环境与绿色转型,核心科技直接材料,C-CRDS-FY2020-SP-05,2021-03-01,W2,物質循環を目指した複合構造の生成・分解制御　〜サステイナブル元素戦略〜,CRDS机构正式研究,C:\Users\WINDOWS\OneDrive\知识库\智库信息爬虫\国际主要科技智库观点演变_研判\03_证据底稿\原文PDF\C-CRDS-FY2020-SP-05.pdf,C:\Users\WINDOWS\OneDrive\知识库\智库信息爬虫\国际主要科技智库观点演变_研判\03_证据底稿\文本\C-CRDS-FY2020-SP-05.txt,https://www.jst.go.jp/crds/report/CRDS-FY2020-SP-05.html,官方PDF已保存并校验
科技创新政策、科研体系与人才,核心科技直接材料,C-CRDS-FY2020-SP-05,2021-03-01,W2,物質循環を目指した複合構造の生成・分解制御　〜サステイナブル元素戦略〜,CRDS机构正式研究,C:\Users\WINDOWS\OneDrive\知识库\智库信息爬虫\国际主要科技智库观点演变_研判\03_证据底稿\原文PDF\C-CRDS-FY2020-SP-05.pdf,C:\Users\WINDOWS\OneDrive\知识库\智库信息爬虫\国际主要科技智库观点演变_研判\03_证据底稿\文本\C-CRDS-FY2020-SP-05.txt,https://www.jst.go.jp/crds/report/CRDS-FY2020-SP-05.html,官方PDF已保存并校验
研究安全、科技外交与国际比较,核心科技直接材料,C-CRDS-FY2020-SP-05,2021-03-01,W2,物質循環を目指した複合構造の生成・分解制御　〜サステイナブル元素戦略〜,CRDS机构正式研究,C:\Users\WINDOWS\OneDrive\知识库\智库信息爬虫\国际主要科技智库观点演变_研判\03_证据底稿\原文PDF\C-CRDS-FY2020-SP-05.pdf,C:\Users\WINDOWS\OneDrive\知识库\智库信息爬虫\国际主要科技智库观点演变_研判\03_证据底稿\文本\C-CRDS-FY2020-SP-05.txt,https://www.jst.go.jp/crds/report/CRDS-FY2020-SP-05.html,官方PDF已保存并校验
人工智能、机器人与计算系统,核心科技直接材料,S-CRDS-2021-01,2021-03-01,W2,Society 5.0 時代の安心・安全・信頼を支える 基盤ソフトウエア技術,CRDS机构正式研究,C:\Users\WINDOWS\OneDrive\知识库\智库信息爬虫\国际主要科技智库观点演变_研判\03_证据底稿\原文PDF\S-CRDS-2021-01.pdf,C:\Users\WINDOWS\OneDrive\知识库\智库信息爬虫\国际主要科技智库观点演变_研判\03_证据底稿\文本\S-CRDS-2021-01.txt,https://www.jst.go.jp/crds/report/CRDS-FY2020-SP-06.html,复用库内既有资产
芯片、量子、通信与网络安全,核心科技直接材料,S-CRDS-2021-01,2021-03-01,W2,Society 5.0 時代の安心・安全・信頼を支える 基盤ソフトウエア技術,CRDS机构正式研究,C:\Users\WINDOWS\OneDrive\知识库\智库信息爬虫\国际主要科技智库观点演变_研判\03_证据底稿\原文PDF\S-CRDS-2021-01.pdf,C:\Users\WINDOWS\OneDrive\知识库\智库信息爬虫\国际主要科技智库观点演变_研判\03_证据底稿\文本\S-CRDS-2021-01.txt,https://www.jst.go.jp/crds/report/CRDS-FY2020-SP-06.html,复用库内既有资产
先进材料、纳米与制造技术,核心科技直接材料,S-CRDS-2021-01,2021-03-01,W2,Society 5.0 時代の安心・安全・信頼を支える 基盤ソフトウエア技術,CRDS机构正式研究,C:\Users\WINDOWS\OneDrive\知识库\智库信息爬虫\国际主要科技智库观点演变_研判\03_证据底稿\原文PDF\S-CRDS-2021-01.pdf,C:\Users\WINDOWS\OneDrive\知识库\智库信息爬虫\国际主要科技智库观点演变_研判\03_证据底稿\文本\S-CRDS-2021-01.txt,https://www.jst.go.jp/crds/report/CRDS-FY2020-SP-06.html,复用库内既有资产
生命科学、生物技术与医疗,核心科技直接材料,S-CRDS-2021-01,2021-03-01,W2,Society 5.0 時代の安心・安全・信頼を支える 基盤ソフトウエア技術,CRDS机构正式研究,C:\Users\WINDOWS\OneDrive\知识库\智库信息爬虫\国际主要科技智库观点演变_研判\03_证据底稿\原文PDF\S-CRDS-2021-01.pdf,C:\Users\WINDOWS\OneDrive\知识库\智库信息爬虫\国际主要科技智库观点演变_研判\03_证据底稿\文本\S-CRDS-2021-01.txt,https://www.jst.go.jp/crds/report/CRDS-FY2020-SP-06.html,复用库内既有资产
能源、环境与绿色转型,核心科技直接材料,S-CRDS-2021-01,2021-03-01,W2,Society 5.0 時代の安心・安全・信頼を支える 基盤ソフトウエア技術,CRDS机构正式研究,C:\Users\WINDOWS\OneDrive\知识库\智库信息爬虫\国际主要科技智库观点演变_研判\03_证据底稿\原文PDF\S-CRDS-2021-01.pdf,C:\Users\WINDOWS\OneDrive\知识库\智库信息爬虫\国际主要科技智库观点演变_研判\03_证据底稿\文本\S-CRDS-2021-01.txt,https://www.jst.go.jp/crds/report/CRDS-FY2020-SP-06.html,复用库内既有资产
科技创新政策、科研体系与人才,核心科技直接材料,S-CRDS-2021-01,2021-03-01,W2,Society 5.0 時代の安心・安全・信頼を支える 基盤ソフトウエア技術,CRDS机构正式研究,C:\Users\WINDOWS\OneDrive\知识库\智库信息爬虫\国际主要科技智库观点演变_研判\03_证据底稿\原文PDF\S-CRDS-2021-01.pdf,C:\Users\WINDOWS\OneDrive\知识库\智库信息爬虫\国际主要科技智库观点演变_研判\03_证据底稿\文本\S-CRDS-2021-01.txt,https://www.jst.go.jp/crds/report/CRDS-FY2020-SP-06.html,复用库内既有资产
研究安全、科技外交与国际比较,核心科技直接材料,S-CRDS-2021-01,2021-03-01,W2,Society 5.0 時代の安心・安全・信頼を支える 基盤ソフトウエア技術,CRDS机构正式研究,C:\Users\WINDOWS\OneDrive\知识库\智库信息爬虫\国际主要科技智库观点演变_研判\03_证据底稿\原文PDF\S-CRDS-2021-01.pdf,C:\Users\WINDOWS\OneDrive\知识库\智库信息爬虫\国际主要科技智库观点演变_研判\03_证据底稿\文本\S-CRDS-2021-01.txt,https://www.jst.go.jp/crds/report/CRDS-FY2020-SP-06.html,复用库内既有资产
人工智能、机器人与计算系统,核心科技直接材料,C-CRDS-FY2020-SP-07,2021-03-01,W2,機能解明を目指す実環境下動的計測の革新 ～次世代オペランド計測～,CRDS机构正式研究,C:\Users\WINDOWS\OneDrive\知识库\智库信息爬虫\国际主要科技智库观点演变_研判\03_证据底稿\原文PDF\C-CRDS-FY2020-SP-07.pdf,C:\Users\WINDOWS\OneDrive\知识库\智库信息爬虫\国际主要科技智库观点演变_研判\03_证据底稿\文本\C-CRDS-FY2020-SP-07.txt,https://www.jst.go.jp/crds/report/CRDS-FY2020-SP-07.html,官方PDF已保存并校验
先进材料、纳米与制造技术,核心科技直接材料,C-CRDS-FY2020-SP-07,2021-03-01,W2,機能解明を目指す実環境下動的計測の革新 ～次世代オペランド計測～,CRDS机构正式研究,C:\Users\WINDOWS\OneDrive\知识库\智库信息爬虫\国际主要科技智库观点演变_研判\03_证据底稿\原文PDF\C-CRDS-FY2020-SP-07.pdf,C:\Users\WINDOWS\OneDrive\知识库\智库信息爬虫\国际主要科技智库观点演变_研判\03_证据底稿\文本\C-CRDS-FY2020-SP-07.txt,https://www.jst.go.jp/crds/report/CRDS-FY2020-SP-07.html,官方PDF已保存并校验
生命科学、生物技术与医疗,核心科技直接材料,C-CRDS-FY2020-SP-07,2021-03-01,W2,機能解明を目指す実環境下動的計測の革新 ～次世代オペランド計測～,CRDS机构正式研究,C:\Users\WINDOWS\OneDrive\知识库\智库信息爬虫\国际主要科技智库观点演变_研判\03_证据底稿\原文PDF\C-CRDS-FY2020-SP-07.pdf,C:\Users\WINDOWS\OneDrive\知识库\智库信息爬虫\国际主要科技智库观点演变_研判\03_证据底稿\文本\C-CRDS-FY2020-SP-07.txt,https://www.jst.go.jp/crds/report/CRDS-FY2020-SP-07.html,官方PDF已保存并校验
能源、环境与绿色转型,核心科技直接材料,C-CRDS-FY2020-SP-07,2021-03-01,W2,機能解明を目指す実環境下動的計測の革新 ～次世代オペランド計測～,CRDS机构正式研究,C:\Users\WINDOWS\OneDrive\知识库\智库信息爬虫\国际主要科技智库观点演变_研判\03_证据底稿\原文PDF\C-CRDS-FY2020-SP-07.pdf,C:\Users\WINDOWS\OneDrive\知识库\智库信息爬虫\国际主要科技智库观点演变_研判\03_证据底稿\文本\C-CRDS-FY2020-SP-07.txt,https://www.jst.go.jp/crds/report/CRDS-FY2020-SP-07.html,官方PDF已保存并校验
科技创新政策、科研体系与人才,核心科技直接材料,C-CRDS-FY2020-SP-07,2021-03-01,W2,機能解明を目指す実環境下動的計測の革新 ～次世代オペランド計測～,CRDS机构正式研究,C:\Users\WINDOWS\OneDrive\知识库\智库信息爬虫\国际主要科技智库观点演变_研判\03_证据底稿\原文PDF\C-CRDS-FY2020-SP-07.pdf,C:\Users\WINDOWS\OneDrive\知识库\智库信息爬虫\国际主要科技智库观点演变_研判\03_证据底稿\文本\C-CRDS-FY2020-SP-07.txt,https://www.jst.go.jp/crds/report/CRDS-FY2020-SP-07.html,官方PDF已保存并校验
研究安全、科技外交与国际比较,核心科技直接材料,C-CRDS-FY2020-SP-07,2021-03-01,W2,機能解明を目指す実環境下動的計測の革新 ～次世代オペランド計測～,CRDS机构正式研究,C:\Users\WINDOWS\OneDrive\知识库\智库信息爬虫\国际主要科技智库观点演变_研判\03_证据底稿\原文PDF\C-CRDS-FY2020-SP-07.pdf,C:\Users\WINDOWS\OneDrive\知识库\智库信息爬虫\国际主要科技智库观点演变_研判\03_证据底稿\文本\C-CRDS-FY2020-SP-07.txt,https://www.jst.go.jp/crds/report/CRDS-FY2020-SP-07.html,官方PDF已保存并校验
人工智能、机器人与计算系统,核心科技直接材料,C-CRDS-FY2021-FR-01,2021-05-01,W2,研究開発の俯瞰報告書　統合版（2021年）～俯瞰と潮流～,CRDS机构正式研究,C:\Users\WINDOWS\OneDrive\知识库\智库信息爬虫\国际主要科技智库观点演变_研判\03_证据底稿\原文PDF\C-CRDS-FY2021-FR-01.pdf,C:\Users\WINDOWS\OneDrive\知识库\智库信息爬虫\国际主要科技智库观点演变_研判\03_证据底稿\文本\C-CRDS-FY2021-FR-01.txt,https://www.jst.go.jp/crds/report/CRDS-FY2021-FR-01.html,官方PDF已保存并校验
芯片、量子、通信与网络安全,核心科技直接材料,C-CRDS-FY2021-FR-01,2021-05-01,W2,研究開発の俯瞰報告書　統合版（2021年）～俯瞰と潮流～,CRDS机构正式研究,C:\Users\WINDOWS\OneDrive\知识库\智库信息爬虫\国际主要科技智库观点演变_研判\03_证据底稿\原文PDF\C-CRDS-FY2021-FR-01.pdf,C:\Users\WINDOWS\OneDrive\知识库\智库信息爬虫\国际主要科技智库观点演变_研判\03_证据底稿\文本\C-CRDS-FY2021-FR-01.txt,https://www.jst.go.jp/crds/report/CRDS-FY2021-FR-01.html,官方PDF已保存并校验
先进材料、纳米与制造技术,核心科技直接材料,C-CRDS-FY2021-FR-01,2021-05-01,W2,研究開発の俯瞰報告書　統合版（2021年）～俯瞰と潮流～,CRDS机构正式研究,C:\Users\WINDOWS\OneDrive\知识库\智库信息爬虫\国际主要科技智库观点演变_研判\03_证据底稿\原文PDF\C-CRDS-FY2021-FR-01.pdf,C:\Users\WINDOWS\OneDrive\知识库\智库信息爬虫\国际主要科技智库观点演变_研判\03_证据底稿\文本\C-CRDS-FY2021-FR-01.txt,https://www.jst.go.jp/crds/report/CRDS-FY2021-FR-01.html,官方PDF已保存并校验
生命科学、生物技术与医疗,核心科技直接材料,C-CRDS-FY2021-FR-01,2021-05-01,W2,研究開発の俯瞰報告書　統合版（2021年）～俯瞰と潮流～,CRDS机构正式研究,C:\Users\WINDOWS\OneDrive\知识库\智库信息爬虫\国际主要科技智库观点演变_研判\03_证据底稿\原文PDF\C-CRDS-FY2021-FR-01.pdf,C:\Users\WINDOWS\OneDrive\知识库\智库信息爬虫\国际主要科技智库观点演变_研判\03_证据底稿\文本\C-CRDS-FY2021-FR-01.txt,https://www.jst.go.jp/crds/report/CRDS-FY2021-FR-01.html,官方PDF已保存并校验
能源、环境与绿色转型,核心科技直接材料,C-CRDS-FY2021-FR-01,2021-05-01,W2,研究開発の俯瞰報告書　統合版（2021年）～俯瞰と潮流～,CRDS机构正式研究,C:\Users\WINDOWS\OneDrive\知识库\智库信息爬虫\国际主要科技智库观点演变_研判\03_证据底稿\原文PDF\C-CRDS-FY2021-FR-01.pdf,C:\Users\WINDOWS\OneDrive\知识库\智库信息爬虫\国际主要科技智库观点演变_研判\03_证据底稿\文本\C-CRDS-FY2021-FR-01.txt,https://www.jst.go.jp/crds/report/CRDS-FY2021-FR-01.html,官方PDF已保存并校验
科技创新政策、科研体系与人才,核心科技直接材料,C-CRDS-FY2021-FR-01,2021-05-01,W2,研究開発の俯瞰報告書　統合版（2021年）～俯瞰と潮流～,CRDS机构正式研究,C:\Users\WINDOWS\OneDrive\知识库\智库信息爬虫\国际主要科技智库观点演变_研判\03_证据底稿\原文PDF\C-CRDS-FY2021-FR-01.pdf,C:\Users\WINDOWS\OneDrive\知识库\智库信息爬虫\国际主要科技智库观点演变_研判\03_证据底稿\文本\C-CRDS-FY2021-FR-01.txt,https://www.jst.go.jp/crds/report/CRDS-FY2021-FR-01.html,官方PDF已保存并校验
研究安全、科技外交与国际比较,核心科技直接材料,C-CRDS-FY2021-FR-01,2021-05-01,W2,研究開発の俯瞰報告書　統合版（2021年）～俯瞰と潮流～,CRDS机构正式研究,C:\Users\WINDOWS\OneDrive\知识库\智库信息爬虫\国际主要科技智库观点演变_研判\03_证据底稿\原文PDF\C-CRDS-FY2021-FR-01.pdf,C:\Users\WINDOWS\OneDrive\知识库\智库信息爬虫\国际主要科技智库观点演变_研判\03_证据底稿\文本\C-CRDS-FY2021-FR-01.txt,https://www.jst.go.jp/crds/report/CRDS-FY2021-FR-01.html,官方PDF已保存并校验
人工智能、机器人与计算系统,核心科技直接材料,C-CRDS-FY2021-RR-01,2021-06-01,W2,人工知能研究の新潮流 ～日本の勝ち筋～,CRDS机构正式研究,C:\Users\WINDOWS\OneDrive\知识库\智库信息爬虫\国际主要科技智库观点演变_研判\03_证据底稿\原文PDF\C-CRDS-FY2021-RR-01.pdf,C:\Users\WINDOWS\OneDrive\知识库\智库信息爬虫\国际主要科技智库观点演变_研判\03_证据底稿\文本\C-CRDS-FY2021-RR-01.txt,https://www.jst.go.jp/crds/report/CRDS-FY2021-RR-01.html,官方PDF已保存并校验
芯片、量子、通信与网络安全,核心科技直接材料,C-CRDS-FY2021-RR-01,2021-06-01,W2,人工知能研究の新潮流 ～日本の勝ち筋～,CRDS机构正式研究,C:\Users\WINDOWS\OneDrive\知识库\智库信息爬虫\国际主要科技智库观点演变_研判\03_证据底稿\原文PDF\C-CRDS-FY2021-RR-01.pdf,C:\Users\WINDOWS\OneDrive\知识库\智库信息爬虫\国际主要科技智库观点演变_研判\03_证据底稿\文本\C-CRDS-FY2021-RR-01.txt,https://www.jst.go.jp/crds/report/CRDS-FY2021-RR-01.html,官方PDF已保存并校验
先进材料、纳米与制造技术,核心科技直接材料,C-CRDS-FY2021-RR-01,2021-06-01,W2,人工知能研究の新潮流 ～日本の勝ち筋～,CRDS机构正式研究,C:\Users\WINDOWS\OneDrive\知识库\智库信息爬虫\国际主要科技智库观点演变_研判\03_证据底稿\原文PDF\C-CRDS-FY2021-RR-01.pdf,C:\Users\WINDOWS\OneDrive\知识库\智库信息爬虫\国际主要科技智库观点演变_研判\03_证据底稿\文本\C-CRDS-FY2021-RR-01.txt,https://www.jst.go.jp/crds/report/CRDS-FY2021-RR-01.html,官方PDF已保存并校验
生命科学、生物技术与医疗,核心科技直接材料,C-CRDS-FY2021-RR-01,2021-06-01,W2,人工知能研究の新潮流 ～日本の勝ち筋～,CRDS机构正式研究,C:\Users\WINDOWS\OneDrive\知识库\智库信息爬虫\国际主要科技智库观点演变_研判\03_证据底稿\原文PDF\C-CRDS-FY2021-RR-01.pdf,C:\Users\WINDOWS\OneDrive\知识库\智库信息爬虫\国际主要科技智库观点演变_研判\03_证据底稿\文本\C-CRDS-FY2021-RR-01.txt,https://www.jst.go.jp/crds/report/CRDS-FY2021-RR-01.html,官方PDF已保存并校验
能源、环境与绿色转型,核心科技直接材料,C-CRDS-FY2021-RR-01,2021-06-01,W2,人工知能研究の新潮流 ～日本の勝ち筋～,CRDS机构正式研究,C:\Users\WINDOWS\OneDrive\知识库\智库信息爬虫\国际主要科技智库观点演变_研判\03_证据底稿\原文PDF\C-CRDS-FY2021-RR-01.pdf,C:\Users\WINDOWS\OneDrive\知识库\智库信息爬虫\国际主要科技智库观点演变_研判\03_证据底稿\文本\C-CRDS-FY2021-RR-01.txt,https://www.jst.go.jp/crds/report/CRDS-FY2021-RR-01.html,官方PDF已保存并校验
科技创新政策、科研体系与人才,核心科技直接材料,C-CRDS-FY2021-RR-01,2021-06-01,W2,人工知能研究の新潮流 ～日本の勝ち筋～,CRDS机构正式研究,C:\Users\WINDOWS\OneDrive\知识库\智库信息爬虫\国际主要科技智库观点演变_研判\03_证据底稿\原文PDF\C-CRDS-FY2021-RR-01.pdf,C:\Users\WINDOWS\OneDrive\知识库\智库信息爬虫\国际主要科技智库观点演变_研判\03_证据底稿\文本\C-CRDS-FY2021-RR-01.txt,https://www.jst.go.jp/crds/report/CRDS-FY2021-RR-01.html,官方PDF已保存并校验
研究安全、科技外交与国际比较,核心科技直接材料,C-CRDS-FY2021-RR-01,2021-06-01,W2,人工知能研究の新潮流 ～日本の勝ち筋～,CRDS机构正式研究,C:\Users\WINDOWS\OneDrive\知识库\智库信息爬虫\国际主要科技智库观点演变_研判\03_证据底稿\原文PDF\C-CRDS-FY2021-RR-01.pdf,C:\Users\WINDOWS\OneDrive\知识库\智库信息爬虫\国际主要科技智库观点演变_研判\03_证据底稿\文本\C-CRDS-FY2021-RR-01.txt,https://www.jst.go.jp/crds/report/CRDS-FY2021-RR-01.html,官方PDF已保存并校验
人工智能、机器人与计算系统,核心科技直接材料,C-CRDS-FY2021-SP-01,2021-06-01,W2,材料創製技術を革新するプロセス科学基盤　～プロセス・インフォマティクス～,CRDS机构正式研究,C:\Users\WINDOWS\OneDrive\知识库\智库信息爬虫\国际主要科技智库观点演变_研判\03_证据底稿\原文PDF\C-CRDS-FY2021-SP-01.pdf,C:\Users\WINDOWS\OneDrive\知识库\智库信息爬虫\国际主要科技智库观点演变_研判\03_证据底稿\文本\C-CRDS-FY2021-SP-01.txt,https://www.jst.go.jp/crds/report/CRDS-FY2021-SP-01.html,官方PDF已保存并校验
先进材料、纳米与制造技术,核心科技直接材料,C-CRDS-FY2021-SP-01,2021-06-01,W2,材料創製技術を革新するプロセス科学基盤　～プロセス・インフォマティクス～,CRDS机构正式研究,C:\Users\WINDOWS\OneDrive\知识库\智库信息爬虫\国际主要科技智库观点演变_研判\03_证据底稿\原文PDF\C-CRDS-FY2021-SP-01.pdf,C:\Users\WINDOWS\OneDrive\知识库\智库信息爬虫\国际主要科技智库观点演变_研判\03_证据底稿\文本\C-CRDS-FY2021-SP-01.txt,https://www.jst.go.jp/crds/report/CRDS-FY2021-SP-01.html,官方PDF已保存并校验
生命科学、生物技术与医疗,核心科技直接材料,C-CRDS-FY2021-SP-01,2021-06-01,W2,材料創製技術を革新するプロセス科学基盤　～プロセス・インフォマティクス～,CRDS机构正式研究,C:\Users\WINDOWS\OneDrive\知识库\智库信息爬虫\国际主要科技智库观点演变_研判\03_证据底稿\原文PDF\C-CRDS-FY2021-SP-01.pdf,C:\Users\WINDOWS\OneDrive\知识库\智库信息爬虫\国际主要科技智库观点演变_研判\03_证据底稿\文本\C-CRDS-FY2021-SP-01.txt,https://www.jst.go.jp/crds/report/CRDS-FY2021-SP-01.html,官方PDF已保存并校验
能源、环境与绿色转型,核心科技直接材料,C-CRDS-FY2021-SP-01,2021-06-01,W2,材料創製技術を革新するプロセス科学基盤　～プロセス・インフォマティクス～,CRDS机构正式研究,C:\Users\WINDOWS\OneDrive\知识库\智库信息爬虫\国际主要科技智库观点演变_研判\03_证据底稿\原文PDF\C-CRDS-FY2021-SP-01.pdf,C:\Users\WINDOWS\OneDrive\知识库\智库信息爬虫\国际主要科技智库观点演变_研判\03_证据底稿\文本\C-CRDS-FY2021-SP-01.txt,https://www.jst.go.jp/crds/report/CRDS-FY2021-SP-01.html,官方PDF已保存并校验
科技创新政策、科研体系与人才,核心科技直接材料,C-CRDS-FY2021-SP-01,2021-06-01,W2,材料創製技術を革新するプロセス科学基盤　～プロセス・インフォマティクス～,CRDS机构正式研究,C:\Users\WINDOWS\OneDrive\知识库\智库信息爬虫\国际主要科技智库观点演变_研判\03_证据底稿\原文PDF\C-CRDS-FY2021-SP-01.pdf,C:\Users\WINDOWS\OneDrive\知识库\智库信息爬虫\国际主要科技智库观点演变_研判\03_证据底稿\文本\C-CRDS-FY2021-SP-01.txt,https://www.jst.go.jp/crds/report/CRDS-FY2021-SP-01.html,官方PDF已保存并校验
研究安全、科技外交与国际比较,核心科技直接材料,C-CRDS-FY2021-SP-01,2021-06-01,W2,材料創製技術を革新するプロセス科学基盤　～プロセス・インフォマティクス～,CRDS机构正式研究,C:\Users\WINDOWS\OneDrive\知识库\智库信息爬虫\国际主要科技智库观点演变_研判\03_证据底稿\原文PDF\C-CRDS-FY2021-SP-01.pdf,C:\Users\WINDOWS\OneDrive\知识库\智库信息爬虫\国际主要科技智库观点演变_研判\03_证据底稿\文本\C-CRDS-FY2021-SP-01.txt,https://www.jst.go.jp/crds/report/CRDS-FY2021-SP-01.html,官方PDF已保存并校验
人工智能、机器人与计算系统,核心科技直接材料,C-CRDS-FY2021-XR-02,2021-06-01,W2,自然科学系研究者のための ELSI解説,CRDS机构正式研究,C:\Users\WINDOWS\OneDrive\知识库\智库信息爬虫\国际主要科技智库观点演变_研判\03_证据底稿\原文PDF\C-CRDS-FY2021-XR-02.pdf,C:\Users\WINDOWS\OneDrive\知识库\智库信息爬虫\国际主要科技智库观点演变_研判\03_证据底稿\文本\C-CRDS-FY2021-XR-02.txt,https://www.jst.go.jp/crds/report/CRDS-FY2021-XR-02.html,官方PDF已保存并校验
先进材料、纳米与制造技术,核心科技直接材料,C-CRDS-FY2021-XR-02,2021-06-01,W2,自然科学系研究者のための ELSI解説,CRDS机构正式研究,C:\Users\WINDOWS\OneDrive\知识库\智库信息爬虫\国际主要科技智库观点演变_研判\03_证据底稿\原文PDF\C-CRDS-FY2021-XR-02.pdf,C:\Users\WINDOWS\OneDrive\知识库\智库信息爬虫\国际主要科技智库观点演变_研判\03_证据底稿\文本\C-CRDS-FY2021-XR-02.txt,https://www.jst.go.jp/crds/report/CRDS-FY2021-XR-02.html,官方PDF已保存并校验
生命科学、生物技术与医疗,核心科技直接材料,C-CRDS-FY2021-XR-02,2021-06-01,W2,自然科学系研究者のための ELSI解説,CRDS机构正式研究,C:\Users\WINDOWS\OneDrive\知识库\智库信息爬虫\国际主要科技智库观点演变_研判\03_证据底稿\原文PDF\C-CRDS-FY2021-XR-02.pdf,C:\Users\WINDOWS\OneDrive\知识库\智库信息爬虫\国际主要科技智库观点演变_研判\03_证据底稿\文本\C-CRDS-FY2021-XR-02.txt,https://www.jst.go.jp/crds/report/CRDS-FY2021-XR-02.html,官方PDF已保存并校验
能源、环境与绿色转型,核心科技直接材料,C-CRDS-FY2021-XR-02,2021-06-01,W2,自然科学系研究者のための ELSI解説,CRDS机构正式研究,C:\Users\WINDOWS\OneDrive\知识库\智库信息爬虫\国际主要科技智库观点演变_研判\03_证据底稿\原文PDF\C-CRDS-FY2021-XR-02.pdf,C:\Users\WINDOWS\OneDrive\知识库\智库信息爬虫\国际主要科技智库观点演变_研判\03_证据底稿\文本\C-CRDS-FY2021-XR-02.txt,https://www.jst.go.jp/crds/report/CRDS-FY2021-XR-02.html,官方PDF已保存并校验
科技创新政策、科研体系与人才,核心科技直接材料,C-CRDS-FY2021-XR-02,2021-06-01,W2,自然科学系研究者のための ELSI解説,CRDS机构正式研究,C:\Users\WINDOWS\OneDrive\知识库\智库信息爬虫\国际主要科技智库观点演变_研判\03_证据底稿\原文PDF\C-CRDS-FY2021-XR-02.pdf,C:\Users\WINDOWS\OneDrive\知识库\智库信息爬虫\国际主要科技智库观点演变_研判\03_证据底稿\文本\C-CRDS-FY2021-XR-02.txt,https://www.jst.go.jp/crds/report/CRDS-FY2021-XR-02.html,官方PDF已保存并校验
研究安全、科技外交与国际比较,核心科技直接材料,C-CRDS-FY2021-XR-02,2021-06-01,W2,自然科学系研究者のための ELSI解説,CRDS机构正式研究,C:\Users\WINDOWS\OneDrive\知识库\智库信息爬虫\国际主要科技智库观点演变_研判\03_证据底稿\原文PDF\C-CRDS-FY2021-XR-02.pdf,C:\Users\WINDOWS\OneDrive\知识库\智库信息爬虫\国际主要科技智库观点演变_研判\03_证据底稿\文本\C-CRDS-FY2021-XR-02.txt,https://www.jst.go.jp/crds/report/CRDS-FY2021-XR-02.html,官方PDF已保存并校验
人工智能、机器人与计算系统,核心科技直接材料,C-CRDS-FY2021-RR-02,2021-07-01,W2,近年のイノベーション事例から見るバイオベンチャーとイノベーションエコシステム,CRDS机构正式研究,C:\Users\WINDOWS\OneDrive\知识库\智库信息爬虫\国际主要科技智库观点演变_研判\03_证据底稿\原文PDF\C-CRDS-FY2021-RR-02.pdf,C:\Users\WINDOWS\OneDrive\知识库\智库信息爬虫\国际主要科技智库观点演变_研判\03_证据底稿\文本\C-CRDS-FY2021-RR-02.txt,https://www.jst.go.jp/crds/report/CRDS-FY2021-RR-02.html,官方PDF已保存并校验
先进材料、纳米与制造技术,核心科技直接材料,C-CRDS-FY2021-RR-02,2021-07-01,W2,近年のイノベーション事例から見るバイオベンチャーとイノベーションエコシステム,CRDS机构正式研究,C:\Users\WINDOWS\OneDrive\知识库\智库信息爬虫\国际主要科技智库观点演变_研判\03_证据底稿\原文PDF\C-CRDS-FY2021-RR-02.pdf,C:\Users\WINDOWS\OneDrive\知识库\智库信息爬虫\国际主要科技智库观点演变_研判\03_证据底稿\文本\C-CRDS-FY2021-RR-02.txt,https://www.jst.go.jp/crds/report/CRDS-FY2021-RR-02.html,官方PDF已保存并校验
生命科学、生物技术与医疗,核心科技直接材料,C-CRDS-FY2021-RR-02,2021-07-01,W2,近年のイノベーション事例から見るバイオベンチャーとイノベーションエコシステム,CRDS机构正式研究,C:\Users\WINDOWS\OneDrive\知识库\智库信息爬虫\国际主要科技智库观点演变_研判\03_证据底稿\原文PDF\C-CRDS-FY2021-RR-02.pdf,C:\Users\WINDOWS\OneDrive\知识库\智库信息爬虫\国际主要科技智库观点演变_研判\03_证据底稿\文本\C-CRDS-FY2021-RR-02.txt,https://www.jst.go.jp/crds/report/CRDS-FY2021-RR-02.html,官方PDF已保存并校验
能源、环境与绿色转型,核心科技直接材料,C-CRDS-FY2021-RR-02,2021-07-01,W2,近年のイノベーション事例から見るバイオベンチャーとイノベーションエコシステム,CRDS机构正式研究,C:\Users\WINDOWS\OneDrive\知识库\智库信息爬虫\国际主要科技智库观点演变_研判\03_证据底稿\原文PDF\C-CRDS-FY2021-RR-02.pdf,C:\Users\WINDOWS\OneDrive\知识库\智库信息爬虫\国际主要科技智库观点演变_研判\03_证据底稿\文本\C-CRDS-FY2021-RR-02.txt,https://www.jst.go.jp/crds/report/CRDS-FY2021-RR-02.html,官方PDF已保存并校验
科技创新政策、科研体系与人才,核心科技直接材料,C-CRDS-FY2021-RR-02,2021-07-01,W2,近年のイノベーション事例から見るバイオベンチャーとイノベーションエコシステム,CRDS机构正式研究,C:\Users\WINDOWS\OneDrive\知识库\智库信息爬虫\国际主要科技智库观点演变_研判\03_证据底稿\原文PDF\C-CRDS-FY2021-RR-02.pdf,C:\Users\WINDOWS\OneDrive\知识库\智库信息爬虫\国际主要科技智库观点演变_研判\03_证据底稿\文本\C-CRDS-FY2021-RR-02.txt,https://www.jst.go.jp/crds/report/CRDS-FY2021-RR-02.html,官方PDF已保存并校验
研究安全、科技外交与国际比较,核心科技直接材料,C-CRDS-FY2021-RR-02,2021-07-01,W2,近年のイノベーション事例から見るバイオベンチャーとイノベーションエコシステム,CRDS机构正式研究,C:\Users\WINDOWS\OneDrive\知识库\智库信息爬虫\国际主要科技智库观点演变_研判\03_证据底稿\原文PDF\C-CRDS-FY2021-RR-02.pdf,C:\Users\WINDOWS\OneDrive\知识库\智库信息爬虫\国际主要科技智库观点演变_研判\03_证据底稿\文本\C-CRDS-FY2021-RR-02.txt,https://www.jst.go.jp/crds/report/CRDS-FY2021-RR-02.html,官方PDF已保存并校验
人工智能、机器人与计算系统,核心科技直接材料,C-CRDS-FY2021-XR-01,2021-07-01,W2,日本語仮訳：先端材料イノベーションのための共同プラットフォーム　OECD科学技術イノベーションポリシーペーパー（95号）,CRDS机构正式研究,C:\Users\WINDOWS\OneDrive\知识库\智库信息爬虫\国际主要科技智库观点演变_研判\03_证据底稿\原文PDF\C-CRDS-FY2021-XR-01.pdf,C:\Users\WINDOWS\OneDrive\知识库\智库信息爬虫\国际主要科技智库观点演变_研判\03_证据底稿\文本\C-CRDS-FY2021-XR-01.txt,https://www.jst.go.jp/crds/report/CRDS-FY2021-XR-01.html,官方PDF已保存并校验
先进材料、纳米与制造技术,核心科技直接材料,C-CRDS-FY2021-XR-01,2021-07-01,W2,日本語仮訳：先端材料イノベーションのための共同プラットフォーム　OECD科学技術イノベーションポリシーペーパー（95号）,CRDS机构正式研究,C:\Users\WINDOWS\OneDrive\知识库\智库信息爬虫\国际主要科技智库观点演变_研判\03_证据底稿\原文PDF\C-CRDS-FY2021-XR-01.pdf,C:\Users\WINDOWS\OneDrive\知识库\智库信息爬虫\国际主要科技智库观点演变_研判\03_证据底稿\文本\C-CRDS-FY2021-XR-01.txt,https://www.jst.go.jp/crds/report/CRDS-FY2021-XR-01.html,官方PDF已保存并校验
生命科学、生物技术与医疗,核心科技直接材料,C-CRDS-FY2021-XR-01,2021-07-01,W2,日本語仮訳：先端材料イノベーションのための共同プラットフォーム　OECD科学技術イノベーションポリシーペーパー（95号）,CRDS机构正式研究,C:\Users\WINDOWS\OneDrive\知识库\智库信息爬虫\国际主要科技智库观点演变_研判\03_证据底稿\原文PDF\C-CRDS-FY2021-XR-01.pdf,C:\Users\WINDOWS\OneDrive\知识库\智库信息爬虫\国际主要科技智库观点演变_研判\03_证据底稿\文本\C-CRDS-FY2021-XR-01.txt,https://www.jst.go.jp/crds/report/CRDS-FY2021-XR-01.html,官方PDF已保存并校验
能源、环境与绿色转型,核心科技直接材料,C-CRDS-FY2021-XR-01,2021-07-01,W2,日本語仮訳：先端材料イノベーションのための共同プラットフォーム　OECD科学技術イノベーションポリシーペーパー（95号）,CRDS机构正式研究,C:\Users\WINDOWS\OneDrive\知识库\智库信息爬虫\国际主要科技智库观点演变_研判\03_证据底稿\原文PDF\C-CRDS-FY2021-XR-01.pdf,C:\Users\WINDOWS\OneDrive\知识库\智库信息爬虫\国际主要科技智库观点演变_研判\03_证据底稿\文本\C-CRDS-FY2021-XR-01.txt,https://www.jst.go.jp/crds/report/CRDS-FY2021-XR-01.html,官方PDF已保存并校验
科技创新政策、科研体系与人才,核心科技直接材料,C-CRDS-FY2021-XR-01,2021-07-01,W2,日本語仮訳：先端材料イノベーションのための共同プラットフォーム　OECD科学技術イノベーションポリシーペーパー（95号）,CRDS机构正式研究,C:\Users\WINDOWS\OneDrive\知识库\智库信息爬虫\国际主要科技智库观点演变_研判\03_证据底稿\原文PDF\C-CRDS-FY2021-XR-01.pdf,C:\Users\WINDOWS\OneDrive\知识库\智库信息爬虫\国际主要科技智库观点演变_研判\03_证据底稿\文本\C-CRDS-FY2021-XR-01.txt,https://www.jst.go.jp/crds/report/CRDS-FY2021-XR-01.html,官方PDF已保存并校验
研究安全、科技外交与国际比较,核心科技直接材料,C-CRDS-FY2021-XR-01,2021-07-01,W2,日本語仮訳：先端材料イノベーションのための共同プラットフォーム　OECD科学技術イノベーションポリシーペーパー（95号）,CRDS机构正式研究,C:\Users\WINDOWS\OneDrive\知识库\智库信息爬虫\国际主要科技智库观点演变_研判\03_证据底稿\原文PDF\C-CRDS-FY2021-XR-01.pdf,C:\Users\WINDOWS\OneDrive\知识库\智库信息爬虫\国际主要科技智库观点演变_研判\03_证据底稿\文本\C-CRDS-FY2021-XR-01.txt,https://www.jst.go.jp/crds/report/CRDS-FY2021-XR-01.html,官方PDF已保存并校验
人工智能、机器人与计算系统,核心科技直接材料,C-CRDS-FY2021-SP-03,2021-08-01,W2,人工知能と科学 〜AI・データ駆動科学による発見と理解〜,CRDS机构正式研究,C:\Users\WINDOWS\OneDrive\知识库\智库信息爬虫\国际主要科技智库观点演变_研判\03_证据底稿\原文PDF\C-CRDS-FY2021-SP-03.pdf,C:\Users\WINDOWS\OneDrive\知识库\智库信息爬虫\国际主要科技智库观点演变_研判\03_证据底稿\文本\C-CRDS-FY2021-SP-03.txt,https://www.jst.go.jp/crds/report/CRDS-FY2021-SP-03.html,官方PDF已保存并校验
先进材料、纳米与制造技术,核心科技直接材料,C-CRDS-FY2021-SP-03,2021-08-01,W2,人工知能と科学 〜AI・データ駆動科学による発見と理解〜,CRDS机构正式研究,C:\Users\WINDOWS\OneDrive\知识库\智库信息爬虫\国际主要科技智库观点演变_研判\03_证据底稿\原文PDF\C-CRDS-FY2021-SP-03.pdf,C:\Users\WINDOWS\OneDrive\知识库\智库信息爬虫\国际主要科技智库观点演变_研判\03_证据底稿\文本\C-CRDS-FY2021-SP-03.txt,https://www.jst.go.jp/crds/report/CRDS-FY2021-SP-03.html,官方PDF已保存并校验
生命科学、生物技术与医疗,核心科技直接材料,C-CRDS-FY2021-SP-03,2021-08-01,W2,人工知能と科学 〜AI・データ駆動科学による発見と理解〜,CRDS机构正式研究,C:\Users\WINDOWS\OneDrive\知识库\智库信息爬虫\国际主要科技智库观点演变_研判\03_证据底稿\原文PDF\C-CRDS-FY2021-SP-03.pdf,C:\Users\WINDOWS\OneDrive\知识库\智库信息爬虫\国际主要科技智库观点演变_研判\03_证据底稿\文本\C-CRDS-FY2021-SP-03.txt,https://www.jst.go.jp/crds/report/CRDS-FY2021-SP-03.html,官方PDF已保存并校验
能源、环境与绿色转型,核心科技直接材料,C-CRDS-FY2021-SP-03,2021-08-01,W2,人工知能と科学 〜AI・データ駆動科学による発見と理解〜,CRDS机构正式研究,C:\Users\WINDOWS\OneDrive\知识库\智库信息爬虫\国际主要科技智库观点演变_研判\03_证据底稿\原文PDF\C-CRDS-FY2021-SP-03.pdf,C:\Users\WINDOWS\OneDrive\知识库\智库信息爬虫\国际主要科技智库观点演变_研判\03_证据底稿\文本\C-CRDS-FY2021-SP-03.txt,https://www.jst.go.jp/crds/report/CRDS-FY2021-SP-03.html,官方PDF已保存并校验
科技创新政策、科研体系与人才,核心科技直接材料,C-CRDS-FY2021-SP-03,2021-08-01,W2,人工知能と科学 〜AI・データ駆動科学による発見と理解〜,CRDS机构正式研究,C:\Users\WINDOWS\OneDrive\知识库\智库信息爬虫\国际主要科技智库观点演变_研判\03_证据底稿\原文PDF\C-CRDS-FY2021-SP-03.pdf,C:\Users\WINDOWS\OneDrive\知识库\智库信息爬虫\国际主要科技智库观点演变_研判\03_证据底稿\文本\C-CRDS-FY2021-SP-03.txt,https://www.jst.go.jp/crds/report/CRDS-FY2021-SP-03.html,官方PDF已保存并校验
研究安全、科技外交与国际比较,核心科技直接材料,C-CRDS-FY2021-SP-03,2021-08-01,W2,人工知能と科学 〜AI・データ駆動科学による発見と理解〜,CRDS机构正式研究,C:\Users\WINDOWS\OneDrive\知识库\智库信息爬虫\国际主要科技智库观点演变_研判\03_证据底稿\原文PDF\C-CRDS-FY2021-SP-03.pdf,C:\Users\WINDOWS\OneDrive\知识库\智库信息爬虫\国际主要科技智库观点演变_研判\03_证据底稿\文本\C-CRDS-FY2021-SP-03.txt,https://www.jst.go.jp/crds/report/CRDS-FY2021-SP-03.html,官方PDF已保存并校验
人工智能、机器人与计算系统,核心科技直接材料,C-CRDS-FY2021-SP-05,2021-09-01,W2,生体感覚システム　～受容からの統合的理解と制御に向けた基盤技術の創出～,CRDS机构正式研究,C:\Users\WINDOWS\OneDrive\知识库\智库信息爬虫\国际主要科技智库观点演变_研判\03_证据底稿\原文PDF\C-CRDS-FY2021-SP-05.pdf,C:\Users\WINDOWS\OneDrive\知识库\智库信息爬虫\国际主要科技智库观点演变_研判\03_证据底稿\文本\C-CRDS-FY2021-SP-05.txt,https://www.jst.go.jp/crds/report/CRDS-FY2021-SP-05.html,官方PDF已保存并校验
芯片、量子、通信与网络安全,核心科技直接材料,C-CRDS-FY2021-SP-05,2021-09-01,W2,生体感覚システム　～受容からの統合的理解と制御に向けた基盤技術の創出～,CRDS机构正式研究,C:\Users\WINDOWS\OneDrive\知识库\智库信息爬虫\国际主要科技智库观点演变_研判\03_证据底稿\原文PDF\C-CRDS-FY2021-SP-05.pdf,C:\Users\WINDOWS\OneDrive\知识库\智库信息爬虫\国际主要科技智库观点演变_研判\03_证据底稿\文本\C-CRDS-FY2021-SP-05.txt,https://www.jst.go.jp/crds/report/CRDS-FY2021-SP-05.html,官方PDF已保存并校验
先进材料、纳米与制造技术,核心科技直接材料,C-CRDS-FY2021-SP-05,2021-09-01,W2,生体感覚システム　～受容からの統合的理解と制御に向けた基盤技術の創出～,CRDS机构正式研究,C:\Users\WINDOWS\OneDrive\知识库\智库信息爬虫\国际主要科技智库观点演变_研判\03_证据底稿\原文PDF\C-CRDS-FY2021-SP-05.pdf,C:\Users\WINDOWS\OneDrive\知识库\智库信息爬虫\国际主要科技智库观点演变_研判\03_证据底稿\文本\C-CRDS-FY2021-SP-05.txt,https://www.jst.go.jp/crds/report/CRDS-FY2021-SP-05.html,官方PDF已保存并校验
生命科学、生物技术与医疗,核心科技直接材料,C-CRDS-FY2021-SP-05,2021-09-01,W2,生体感覚システム　～受容からの統合的理解と制御に向けた基盤技術の創出～,CRDS机构正式研究,C:\Users\WINDOWS\OneDrive\知识库\智库信息爬虫\国际主要科技智库观点演变_研判\03_证据底稿\原文PDF\C-CRDS-FY2021-SP-05.pdf,C:\Users\WINDOWS\OneDrive\知识库\智库信息爬虫\国际主要科技智库观点演变_研判\03_证据底稿\文本\C-CRDS-FY2021-SP-05.txt,https://www.jst.go.jp/crds/report/CRDS-FY2021-SP-05.html,官方PDF已保存并校验
能源、环境与绿色转型,核心科技直接材料,C-CRDS-FY2021-SP-05,2021-09-01,W2,生体感覚システム　～受容からの統合的理解と制御に向けた基盤技術の創出～,CRDS机构正式研究,C:\Users\WINDOWS\OneDrive\知识库\智库信息爬虫\国际主要科技智库观点演变_研判\03_证据底稿\原文PDF\C-CRDS-FY2021-SP-05.pdf,C:\Users\WINDOWS\OneDrive\知识库\智库信息爬虫\国际主要科技智库观点演变_研判\03_证据底稿\文本\C-CRDS-FY2021-SP-05.txt,https://www.jst.go.jp/crds/report/CRDS-FY2021-SP-05.html,官方PDF已保存并校验
科技创新政策、科研体系与人才,核心科技直接材料,C-CRDS-FY2021-SP-05,2021-09-01,W2,生体感覚システム　～受容からの統合的理解と制御に向けた基盤技術の創出～,CRDS机构正式研究,C:\Users\WINDOWS\OneDrive\知识库\智库信息爬虫\国际主要科技智库观点演变_研判\03_证据底稿\原文PDF\C-CRDS-FY2021-SP-05.pdf,C:\Users\WINDOWS\OneDrive\知识库\智库信息爬虫\国际主要科技智库观点演变_研判\03_证据底稿\文本\C-CRDS-FY2021-SP-05.txt,https://www.jst.go.jp/crds/report/CRDS-FY2021-SP-05.html,官方PDF已保存并校验
研究安全、科技外交与国际比较,核心科技直接材料,C-CRDS-FY2021-SP-05,2021-09-01,W2,生体感覚システム　～受容からの統合的理解と制御に向けた基盤技術の創出～,CRDS机构正式研究,C:\Users\WINDOWS\OneDrive\知识库\智库信息爬虫\国际主要科技智库观点演变_研判\03_证据底稿\原文PDF\C-CRDS-FY2021-SP-05.pdf,C:\Users\WINDOWS\OneDrive\知识库\智库信息爬虫\国际主要科技智库观点演变_研判\03_证据底稿\文本\C-CRDS-FY2021-SP-05.txt,https://www.jst.go.jp/crds/report/CRDS-FY2021-SP-05.html,官方PDF已保存并校验
人工智能、机器人与计算系统,核心科技直接材料,C-CRDS-FY2021-SP-02,2021-10-01,W2,複雑な流れ現象の解明と統合的制御　～数学的・物理学的検討と豊富なデータを組み合わせた構成則の構築～,CRDS机构正式研究,C:\Users\WINDOWS\OneDrive\知识库\智库信息爬虫\国际主要科技智库观点演变_研判\03_证据底稿\原文PDF\C-CRDS-FY2021-SP-02.pdf,C:\Users\WINDOWS\OneDrive\知识库\智库信息爬虫\国际主要科技智库观点演变_研判\03_证据底稿\文本\C-CRDS-FY2021-SP-02.txt,https://www.jst.go.jp/crds/report/CRDS-FY2021-SP-02.html,官方PDF已保存并校验
芯片、量子、通信与网络安全,核心科技直接材料,C-CRDS-FY2021-SP-02,2021-10-01,W2,複雑な流れ現象の解明と統合的制御　～数学的・物理学的検討と豊富なデータを組み合わせた構成則の構築～,CRDS机构正式研究,C:\Users\WINDOWS\OneDrive\知识库\智库信息爬虫\国际主要科技智库观点演变_研判\03_证据底稿\原文PDF\C-CRDS-FY2021-SP-02.pdf,C:\Users\WINDOWS\OneDrive\知识库\智库信息爬虫\国际主要科技智库观点演变_研判\03_证据底稿\文本\C-CRDS-FY2021-SP-02.txt,https://www.jst.go.jp/crds/report/CRDS-FY2021-SP-02.html,官方PDF已保存并校验
先进材料、纳米与制造技术,核心科技直接材料,C-CRDS-FY2021-SP-02,2021-10-01,W2,複雑な流れ現象の解明と統合的制御　～数学的・物理学的検討と豊富なデータを組み合わせた構成則の構築～,CRDS机构正式研究,C:\Users\WINDOWS\OneDrive\知识库\智库信息爬虫\国际主要科技智库观点演变_研判\03_证据底稿\原文PDF\C-CRDS-FY2021-SP-02.pdf,C:\Users\WINDOWS\OneDrive\知识库\智库信息爬虫\国际主要科技智库观点演变_研判\03_证据底稿\文本\C-CRDS-FY2021-SP-02.txt,https://www.jst.go.jp/crds/report/CRDS-FY2021-SP-02.html,官方PDF已保存并校验
生命科学、生物技术与医疗,核心科技直接材料,C-CRDS-FY2021-SP-02,2021-10-01,W2,複雑な流れ現象の解明と統合的制御　～数学的・物理学的検討と豊富なデータを組み合わせた構成則の構築～,CRDS机构正式研究,C:\Users\WINDOWS\OneDrive\知识库\智库信息爬虫\国际主要科技智库观点演变_研判\03_证据底稿\原文PDF\C-CRDS-FY2021-SP-02.pdf,C:\Users\WINDOWS\OneDrive\知识库\智库信息爬虫\国际主要科技智库观点演变_研判\03_证据底稿\文本\C-CRDS-FY2021-SP-02.txt,https://www.jst.go.jp/crds/report/CRDS-FY2021-SP-02.html,官方PDF已保存并校验
能源、环境与绿色转型,核心科技直接材料,C-CRDS-FY2021-SP-02,2021-10-01,W2,複雑な流れ現象の解明と統合的制御　～数学的・物理学的検討と豊富なデータを組み合わせた構成則の構築～,CRDS机构正式研究,C:\Users\WINDOWS\OneDrive\知识库\智库信息爬虫\国际主要科技智库观点演变_研判\03_证据底稿\原文PDF\C-CRDS-FY2021-SP-02.pdf,C:\Users\WINDOWS\OneDrive\知识库\智库信息爬虫\国际主要科技智库观点演变_研判\03_证据底稿\文本\C-CRDS-FY2021-SP-02.txt,https://www.jst.go.jp/crds/report/CRDS-FY2021-SP-02.html,官方PDF已保存并校验
科技创新政策、科研体系与人才,核心科技直接材料,C-CRDS-FY2021-SP-02,2021-10-01,W2,複雑な流れ現象の解明と統合的制御　～数学的・物理学的検討と豊富なデータを組み合わせた構成則の構築～,CRDS机构正式研究,C:\Users\WINDOWS\OneDrive\知识库\智库信息爬虫\国际主要科技智库观点演变_研判\03_证据底稿\原文PDF\C-CRDS-FY2021-SP-02.pdf,C:\Users\WINDOWS\OneDrive\知识库\智库信息爬虫\国际主要科技智库观点演变_研判\03_证据底稿\文本\C-CRDS-FY2021-SP-02.txt,https://www.jst.go.jp/crds/report/CRDS-FY2021-SP-02.html,官方PDF已保存并校验
研究安全、科技外交与国际比较,核心科技直接材料,C-CRDS-FY2021-SP-02,2021-10-01,W2,複雑な流れ現象の解明と統合的制御　～数学的・物理学的検討と豊富なデータを組み合わせた構成則の構築～,CRDS机构正式研究,C:\Users\WINDOWS\OneDrive\知识库\智库信息爬虫\国际主要科技智库观点演变_研判\03_证据底稿\原文PDF\C-CRDS-FY2021-SP-02.pdf,C:\Users\WINDOWS\OneDrive\知识库\智库信息爬虫\国际主要科技智库观点演变_研判\03_证据底稿\文本\C-CRDS-FY2021-SP-02.txt,https://www.jst.go.jp/crds/report/CRDS-FY2021-SP-02.html,官方PDF已保存并校验
人工智能、机器人与计算系统,核心科技直接材料,C-CRDS-FY2021-SP-06,2022-02-01,W3,加齢に伴う生体レジリエンスの変容・破綻機構　−老化制御モダリティのシーズ創出へ−,CRDS机构正式研究,C:\Users\WINDOWS\OneDrive\知识库\智库信息爬虫\国际主要科技智库观点演变_研判\03_证据底稿\原文PDF\C-CRDS-FY2021-SP-06.pdf,C:\Users\WINDOWS\OneDrive\知识库\智库信息爬虫\国际主要科技智库观点演变_研判\03_证据底稿\文本\C-CRDS-FY2021-SP-06.txt,https://www.jst.go.jp/crds/report/CRDS-FY2021-SP-06.html,官方PDF已保存并校验
芯片、量子、通信与网络安全,核心科技直接材料,C-CRDS-FY2021-SP-06,2022-02-01,W3,加齢に伴う生体レジリエンスの変容・破綻機構　−老化制御モダリティのシーズ創出へ−,CRDS机构正式研究,C:\Users\WINDOWS\OneDrive\知识库\智库信息爬虫\国际主要科技智库观点演变_研判\03_证据底稿\原文PDF\C-CRDS-FY2021-SP-06.pdf,C:\Users\WINDOWS\OneDrive\知识库\智库信息爬虫\国际主要科技智库观点演变_研判\03_证据底稿\文本\C-CRDS-FY2021-SP-06.txt,https://www.jst.go.jp/crds/report/CRDS-FY2021-SP-06.html,官方PDF已保存并校验
先进材料、纳米与制造技术,核心科技直接材料,C-CRDS-FY2021-SP-06,2022-02-01,W3,加齢に伴う生体レジリエンスの変容・破綻機構　−老化制御モダリティのシーズ創出へ−,CRDS机构正式研究,C:\Users\WINDOWS\OneDrive\知识库\智库信息爬虫\国际主要科技智库观点演变_研判\03_证据底稿\原文PDF\C-CRDS-FY2021-SP-06.pdf,C:\Users\WINDOWS\OneDrive\知识库\智库信息爬虫\国际主要科技智库观点演变_研判\03_证据底稿\文本\C-CRDS-FY2021-SP-06.txt,https://www.jst.go.jp/crds/report/CRDS-FY2021-SP-06.html,官方PDF已保存并校验
生命科学、生物技术与医疗,核心科技直接材料,C-CRDS-FY2021-SP-06,2022-02-01,W3,加齢に伴う生体レジリエンスの変容・破綻機構　−老化制御モダリティのシーズ創出へ−,CRDS机构正式研究,C:\Users\WINDOWS\OneDrive\知识库\智库信息爬虫\国际主要科技智库观点演变_研判\03_证据底稿\原文PDF\C-CRDS-FY2021-SP-06.pdf,C:\Users\WINDOWS\OneDrive\知识库\智库信息爬虫\国际主要科技智库观点演变_研判\03_证据底稿\文本\C-CRDS-FY2021-SP-06.txt,https://www.jst.go.jp/crds/report/CRDS-FY2021-SP-06.html,官方PDF已保存并校验
能源、环境与绿色转型,核心科技直接材料,C-CRDS-FY2021-SP-06,2022-02-01,W3,加齢に伴う生体レジリエンスの変容・破綻機構　−老化制御モダリティのシーズ創出へ−,CRDS机构正式研究,C:\Users\WINDOWS\OneDrive\知识库\智库信息爬虫\国际主要科技智库观点演变_研判\03_证据底稿\原文PDF\C-CRDS-FY2021-SP-06.pdf,C:\Users\WINDOWS\OneDrive\知识库\智库信息爬虫\国际主要科技智库观点演变_研判\03_证据底稿\文本\C-CRDS-FY2021-SP-06.txt,https://www.jst.go.jp/crds/report/CRDS-FY2021-SP-06.html,官方PDF已保存并校验
科技创新政策、科研体系与人才,核心科技直接材料,C-CRDS-FY2021-SP-06,2022-02-01,W3,加齢に伴う生体レジリエンスの変容・破綻機構　−老化制御モダリティのシーズ創出へ−,CRDS机构正式研究,C:\Users\WINDOWS\OneDrive\知识库\智库信息爬虫\国际主要科技智库观点演变_研判\03_证据底稿\原文PDF\C-CRDS-FY2021-SP-06.pdf,C:\Users\WINDOWS\OneDrive\知识库\智库信息爬虫\国际主要科技智库观点演变_研判\03_证据底稿\文本\C-CRDS-FY2021-SP-06.txt,https://www.jst.go.jp/crds/report/CRDS-FY2021-SP-06.html,官方PDF已保存并校验
研究安全、科技外交与国际比较,核心科技直接材料,C-CRDS-FY2021-SP-06,2022-02-01,W3,加齢に伴う生体レジリエンスの変容・破綻機構　−老化制御モダリティのシーズ創出へ−,CRDS机构正式研究,C:\Users\WINDOWS\OneDrive\知识库\智库信息爬虫\国际主要科技智库观点演变_研判\03_证据底稿\原文PDF\C-CRDS-FY2021-SP-06.pdf,C:\Users\WINDOWS\OneDrive\知识库\智库信息爬虫\国际主要科技智库观点演变_研判\03_证据底稿\文本\C-CRDS-FY2021-SP-06.txt,https://www.jst.go.jp/crds/report/CRDS-FY2021-SP-06.html,官方PDF已保存并校验
人工智能、机器人与计算系统,核心科技直接材料,C-CRDS-FY2021-FR-02,2022-03-01,W3,研究開発の俯瞰報告書　主要国の研究開発戦略（2022年）,CRDS机构正式研究,C:\Users\WINDOWS\OneDrive\知识库\智库信息爬虫\国际主要科技智库观点演变_研判\03_证据底稿\原文PDF\C-CRDS-FY2021-FR-02.pdf,C:\Users\WINDOWS\OneDrive\知识库\智库信息爬虫\国际主要科技智库观点演变_研判\03_证据底稿\文本\C-CRDS-FY2021-FR-02.txt,https://www.jst.go.jp/crds/report/CRDS-FY2021-FR-02.html,官方PDF已保存并校验
先进材料、纳米与制造技术,核心科技直接材料,C-CRDS-FY2021-FR-02,2022-03-01,W3,研究開発の俯瞰報告書　主要国の研究開発戦略（2022年）,CRDS机构正式研究,C:\Users\WINDOWS\OneDrive\知识库\智库信息爬虫\国际主要科技智库观点演变_研判\03_证据底稿\原文PDF\C-CRDS-FY2021-FR-02.pdf,C:\Users\WINDOWS\OneDrive\知识库\智库信息爬虫\国际主要科技智库观点演变_研判\03_证据底稿\文本\C-CRDS-FY2021-FR-02.txt,https://www.jst.go.jp/crds/report/CRDS-FY2021-FR-02.html,官方PDF已保存并校验
生命科学、生物技术与医疗,核心科技直接材料,C-CRDS-FY2021-FR-02,2022-03-01,W3,研究開発の俯瞰報告書　主要国の研究開発戦略（2022年）,CRDS机构正式研究,C:\Users\WINDOWS\OneDrive\知识库\智库信息爬虫\国际主要科技智库观点演变_研判\03_证据底稿\原文PDF\C-CRDS-FY2021-FR-02.pdf,C:\Users\WINDOWS\OneDrive\知识库\智库信息爬虫\国际主要科技智库观点演变_研判\03_证据底稿\文本\C-CRDS-FY2021-FR-02.txt,https://www.jst.go.jp/crds/report/CRDS-FY2021-FR-02.html,官方PDF已保存并校验
能源、环境与绿色转型,核心科技直接材料,C-CRDS-FY2021-FR-02,2022-03-01,W3,研究開発の俯瞰報告書　主要国の研究開発戦略（2022年）,CRDS机构正式研究,C:\Users\WINDOWS\OneDrive\知识库\智库信息爬虫\国际主要科技智库观点演变_研判\03_证据底稿\原文PDF\C-CRDS-FY2021-FR-02.pdf,C:\Users\WINDOWS\OneDrive\知识库\智库信息爬虫\国际主要科技智库观点演变_研判\03_证据底稿\文本\C-CRDS-FY2021-FR-02.txt,https://www.jst.go.jp/crds/report/CRDS-FY2021-FR-02.html,官方PDF已保存并校验
科技创新政策、科研体系与人才,核心科技直接材料,C-CRDS-FY2021-FR-02,2022-03-01,W3,研究開発の俯瞰報告書　主要国の研究開発戦略（2022年）,CRDS机构正式研究,C:\Users\WINDOWS\OneDrive\知识库\智库信息爬虫\国际主要科技智库观点演变_研判\03_证据底稿\原文PDF\C-CRDS-FY2021-FR-02.pdf,C:\Users\WINDOWS\OneDrive\知识库\智库信息爬虫\国际主要科技智库观点演变_研判\03_证据底稿\文本\C-CRDS-FY2021-FR-02.txt,https://www.jst.go.jp/crds/report/CRDS-FY2021-FR-02.html,官方PDF已保存并校验
研究安全、科技外交与国际比较,核心科技直接材料,C-CRDS-FY2021-FR-02,2022-03-01,W3,研究開発の俯瞰報告書　主要国の研究開発戦略（2022年）,CRDS机构正式研究,C:\Users\WINDOWS\OneDrive\知识库\智库信息爬虫\国际主要科技智库观点演变_研判\03_证据底稿\原文PDF\C-CRDS-FY2021-FR-02.pdf,C:\Users\WINDOWS\OneDrive\知识库\智库信息爬虫\国际主要科技智库观点演变_研判\03_证据底稿\文本\C-CRDS-FY2021-FR-02.txt,https://www.jst.go.jp/crds/report/CRDS-FY2021-FR-02.html,官方PDF已保存并校验
中国科技政策与能力比较,核心科技直接材料,C-CRDS-FY2021-FR-02,2022-03-01,W3,研究開発の俯瞰報告書　主要国の研究開発戦略（2022年）,CRDS机构正式研究,C:\Users\WINDOWS\OneDrive\知识库\智库信息爬虫\国际主要科技智库观点演变_研判\03_证据底稿\原文PDF\C-CRDS-FY2021-FR-02.pdf,C:\Users\WINDOWS\OneDrive\知识库\智库信息爬虫\国际主要科技智库观点演变_研判\03_证据底稿\文本\C-CRDS-FY2021-FR-02.txt,https://www.jst.go.jp/crds/report/CRDS-FY2021-FR-02.html,官方PDF已保存并校验
人工智能、机器人与计算系统,核心科技直接材料,C-CRDS-FY2021-RR-03,2022-03-01,W3,デジタル化とエネルギー　〜ICT セクターの持続可能な成長のために〜（—The Beyond Disciplines Collection—）,CRDS机构正式研究,C:\Users\WINDOWS\OneDrive\知识库\智库信息爬虫\国际主要科技智库观点演变_研判\03_证据底稿\原文PDF\C-CRDS-FY2021-RR-03.pdf,C:\Users\WINDOWS\OneDrive\知识库\智库信息爬虫\国际主要科技智库观点演变_研判\03_证据底稿\文本\C-CRDS-FY2021-RR-03.txt,https://www.jst.go.jp/crds/report/CRDS-FY2021-RR-03.html,官方PDF已保存并校验
芯片、量子、通信与网络安全,核心科技直接材料,C-CRDS-FY2021-RR-03,2022-03-01,W3,デジタル化とエネルギー　〜ICT セクターの持続可能な成長のために〜（—The Beyond Disciplines Collection—）,CRDS机构正式研究,C:\Users\WINDOWS\OneDrive\知识库\智库信息爬虫\国际主要科技智库观点演变_研判\03_证据底稿\原文PDF\C-CRDS-FY2021-RR-03.pdf,C:\Users\WINDOWS\OneDrive\知识库\智库信息爬虫\国际主要科技智库观点演变_研判\03_证据底稿\文本\C-CRDS-FY2021-RR-03.txt,https://www.jst.go.jp/crds/report/CRDS-FY2021-RR-03.html,官方PDF已保存并校验
先进材料、纳米与制造技术,核心科技直接材料,C-CRDS-FY2021-RR-03,2022-03-01,W3,デジタル化とエネルギー　〜ICT セクターの持続可能な成長のために〜（—The Beyond Disciplines Collection—）,CRDS机构正式研究,C:\Users\WINDOWS\OneDrive\知识库\智库信息爬虫\国际主要科技智库观点演变_研判\03_证据底稿\原文PDF\C-CRDS-FY2021-RR-03.pdf,C:\Users\WINDOWS\OneDrive\知识库\智库信息爬虫\国际主要科技智库观点演变_研判\03_证据底稿\文本\C-CRDS-FY2021-RR-03.txt,https://www.jst.go.jp/crds/report/CRDS-FY2021-RR-03.html,官方PDF已保存并校验
生命科学、生物技术与医疗,核心科技直接材料,C-CRDS-FY2021-RR-03,2022-03-01,W3,デジタル化とエネルギー　〜ICT セクターの持続可能な成長のために〜（—The Beyond Disciplines Collection—）,CRDS机构正式研究,C:\Users\WINDOWS\OneDrive\知识库\智库信息爬虫\国际主要科技智库观点演变_研判\03_证据底稿\原文PDF\C-CRDS-FY2021-RR-03.pdf,C:\Users\WINDOWS\OneDrive\知识库\智库信息爬虫\国际主要科技智库观点演变_研判\03_证据底稿\文本\C-CRDS-FY2021-RR-03.txt,https://www.jst.go.jp/crds/report/CRDS-FY2021-RR-03.html,官方PDF已保存并校验
能源、环境与绿色转型,核心科技直接材料,C-CRDS-FY2021-RR-03,2022-03-01,W3,デジタル化とエネルギー　〜ICT セクターの持続可能な成長のために〜（—The Beyond Disciplines Collection—）,CRDS机构正式研究,C:\Users\WINDOWS\OneDrive\知识库\智库信息爬虫\国际主要科技智库观点演变_研判\03_证据底稿\原文PDF\C-CRDS-FY2021-RR-03.pdf,C:\Users\WINDOWS\OneDrive\知识库\智库信息爬虫\国际主要科技智库观点演变_研判\03_证据底稿\文本\C-CRDS-FY2021-RR-03.txt,https://www.jst.go.jp/crds/report/CRDS-FY2021-RR-03.html,官方PDF已保存并校验
科技创新政策、科研体系与人才,核心科技直接材料,C-CRDS-FY2021-RR-03,2022-03-01,W3,デジタル化とエネルギー　〜ICT セクターの持続可能な成長のために〜（—The Beyond Disciplines Collection—）,CRDS机构正式研究,C:\Users\WINDOWS\OneDrive\知识库\智库信息爬虫\国际主要科技智库观点演变_研判\03_证据底稿\原文PDF\C-CRDS-FY2021-RR-03.pdf,C:\Users\WINDOWS\OneDrive\知识库\智库信息爬虫\国际主要科技智库观点演变_研判\03_证据底稿\文本\C-CRDS-FY2021-RR-03.txt,https://www.jst.go.jp/crds/report/CRDS-FY2021-RR-03.html,官方PDF已保存并校验
研究安全、科技外交与国际比较,核心科技直接材料,C-CRDS-FY2021-RR-03,2022-03-01,W3,デジタル化とエネルギー　〜ICT セクターの持続可能な成長のために〜（—The Beyond Disciplines Collection—）,CRDS机构正式研究,C:\Users\WINDOWS\OneDrive\知识库\智库信息爬虫\国际主要科技智库观点演变_研判\03_证据底稿\原文PDF\C-CRDS-FY2021-RR-03.pdf,C:\Users\WINDOWS\OneDrive\知识库\智库信息爬虫\国际主要科技智库观点演变_研判\03_证据底稿\文本\C-CRDS-FY2021-RR-03.txt,https://www.jst.go.jp/crds/report/CRDS-FY2021-RR-03.html,官方PDF已保存并校验
人工智能、机器人与计算系统,核心科技直接材料,C-CRDS-FY2021-RR-04,2022-03-01,W3,イノベーションエコシステム形成に向けた産学橋渡しの現状と課題,CRDS机构正式研究,C:\Users\WINDOWS\OneDrive\知识库\智库信息爬虫\国际主要科技智库观点演变_研判\03_证据底稿\原文PDF\C-CRDS-FY2021-RR-04.pdf,C:\Users\WINDOWS\OneDrive\知识库\智库信息爬虫\国际主要科技智库观点演变_研判\03_证据底稿\文本\C-CRDS-FY2021-RR-04.txt,https://www.jst.go.jp/crds/report/CRDS-FY2021-RR-04.html,官方PDF已保存并校验
先进材料、纳米与制造技术,核心科技直接材料,C-CRDS-FY2021-RR-04,2022-03-01,W3,イノベーションエコシステム形成に向けた産学橋渡しの現状と課題,CRDS机构正式研究,C:\Users\WINDOWS\OneDrive\知识库\智库信息爬虫\国际主要科技智库观点演变_研判\03_证据底稿\原文PDF\C-CRDS-FY2021-RR-04.pdf,C:\Users\WINDOWS\OneDrive\知识库\智库信息爬虫\国际主要科技智库观点演变_研判\03_证据底稿\文本\C-CRDS-FY2021-RR-04.txt,https://www.jst.go.jp/crds/report/CRDS-FY2021-RR-04.html,官方PDF已保存并校验
生命科学、生物技术与医疗,核心科技直接材料,C-CRDS-FY2021-RR-04,2022-03-01,W3,イノベーションエコシステム形成に向けた産学橋渡しの現状と課題,CRDS机构正式研究,C:\Users\WINDOWS\OneDrive\知识库\智库信息爬虫\国际主要科技智库观点演变_研判\03_证据底稿\原文PDF\C-CRDS-FY2021-RR-04.pdf,C:\Users\WINDOWS\OneDrive\知识库\智库信息爬虫\国际主要科技智库观点演变_研判\03_证据底稿\文本\C-CRDS-FY2021-RR-04.txt,https://www.jst.go.jp/crds/report/CRDS-FY2021-RR-04.html,官方PDF已保存并校验
能源、环境与绿色转型,核心科技直接材料,C-CRDS-FY2021-RR-04,2022-03-01,W3,イノベーションエコシステム形成に向けた産学橋渡しの現状と課題,CRDS机构正式研究,C:\Users\WINDOWS\OneDrive\知识库\智库信息爬虫\国际主要科技智库观点演变_研判\03_证据底稿\原文PDF\C-CRDS-FY2021-RR-04.pdf,C:\Users\WINDOWS\OneDrive\知识库\智库信息爬虫\国际主要科技智库观点演变_研判\03_证据底稿\文本\C-CRDS-FY2021-RR-04.txt,https://www.jst.go.jp/crds/report/CRDS-FY2021-RR-04.html,官方PDF已保存并校验
科技创新政策、科研体系与人才,核心科技直接材料,C-CRDS-FY2021-RR-04,2022-03-01,W3,イノベーションエコシステム形成に向けた産学橋渡しの現状と課題,CRDS机构正式研究,C:\Users\WINDOWS\OneDrive\知识库\智库信息爬虫\国际主要科技智库观点演变_研判\03_证据底稿\原文PDF\C-CRDS-FY2021-RR-04.pdf,C:\Users\WINDOWS\OneDrive\知识库\智库信息爬虫\国际主要科技智库观点演变_研判\03_证据底稿\文本\C-CRDS-FY2021-RR-04.txt,https://www.jst.go.jp/crds/report/CRDS-FY2021-RR-04.html,官方PDF已保存并校验
研究安全、科技外交与国际比较,核心科技直接材料,C-CRDS-FY2021-RR-04,2022-03-01,W3,イノベーションエコシステム形成に向けた産学橋渡しの現状と課題,CRDS机构正式研究,C:\Users\WINDOWS\OneDrive\知识库\智库信息爬虫\国际主要科技智库观点演变_研判\03_证据底稿\原文PDF\C-CRDS-FY2021-RR-04.pdf,C:\Users\WINDOWS\OneDrive\知识库\智库信息爬虫\国际主要科技智库观点演变_研判\03_证据底稿\文本\C-CRDS-FY2021-RR-04.txt,https://www.jst.go.jp/crds/report/CRDS-FY2021-RR-04.html,官方PDF已保存并校验
人工智能、机器人与计算系统,核心科技直接材料,C-CRDS-FY2021-RR-05,2022-03-01,W3,バイオマスをCO₂吸収源としたネガティブエミッション技術,CRDS机构正式研究,C:\Users\WINDOWS\OneDrive\知识库\智库信息爬虫\国际主要科技智库观点演变_研判\03_证据底稿\原文PDF\C-CRDS-FY2021-RR-05.pdf,C:\Users\WINDOWS\OneDrive\知识库\智库信息爬虫\国际主要科技智库观点演变_研判\03_证据底稿\文本\C-CRDS-FY2021-RR-05.txt,https://www.jst.go.jp/crds/report/CRDS-FY2021-RR-05.html,官方PDF已保存并校验
先进材料、纳米与制造技术,核心科技直接材料,C-CRDS-FY2021-RR-05,2022-03-01,W3,バイオマスをCO₂吸収源としたネガティブエミッション技術,CRDS机构正式研究,C:\Users\WINDOWS\OneDrive\知识库\智库信息爬虫\国际主要科技智库观点演变_研判\03_证据底稿\原文PDF\C-CRDS-FY2021-RR-05.pdf,C:\Users\WINDOWS\OneDrive\知识库\智库信息爬虫\国际主要科技智库观点演变_研判\03_证据底稿\文本\C-CRDS-FY2021-RR-05.txt,https://www.jst.go.jp/crds/report/CRDS-FY2021-RR-05.html,官方PDF已保存并校验
生命科学、生物技术与医疗,核心科技直接材料,C-CRDS-FY2021-RR-05,2022-03-01,W3,バイオマスをCO₂吸収源としたネガティブエミッション技術,CRDS机构正式研究,C:\Users\WINDOWS\OneDrive\知识库\智库信息爬虫\国际主要科技智库观点演变_研判\03_证据底稿\原文PDF\C-CRDS-FY2021-RR-05.pdf,C:\Users\WINDOWS\OneDrive\知识库\智库信息爬虫\国际主要科技智库观点演变_研判\03_证据底稿\文本\C-CRDS-FY2021-RR-05.txt,https://www.jst.go.jp/crds/report/CRDS-FY2021-RR-05.html,官方PDF已保存并校验
能源、环境与绿色转型,核心科技直接材料,C-CRDS-FY2021-RR-05,2022-03-01,W3,バイオマスをCO₂吸収源としたネガティブエミッション技術,CRDS机构正式研究,C:\Users\WINDOWS\OneDrive\知识库\智库信息爬虫\国际主要科技智库观点演变_研判\03_证据底稿\原文PDF\C-CRDS-FY2021-RR-05.pdf,C:\Users\WINDOWS\OneDrive\知识库\智库信息爬虫\国际主要科技智库观点演变_研判\03_证据底稿\文本\C-CRDS-FY2021-RR-05.txt,https://www.jst.go.jp/crds/report/CRDS-FY2021-RR-05.html,官方PDF已保存并校验
科技创新政策、科研体系与人才,核心科技直接材料,C-CRDS-FY2021-RR-05,2022-03-01,W3,バイオマスをCO₂吸収源としたネガティブエミッション技術,CRDS机构正式研究,C:\Users\WINDOWS\OneDrive\知识库\智库信息爬虫\国际主要科技智库观点演变_研判\03_证据底稿\原文PDF\C-CRDS-FY2021-RR-05.pdf,C:\Users\WINDOWS\OneDrive\知识库\智库信息爬虫\国际主要科技智库观点演变_研判\03_证据底稿\文本\C-CRDS-FY2021-RR-05.txt,https://www.jst.go.jp/crds/report/CRDS-FY2021-RR-05.html,官方PDF已保存并校验
研究安全、科技外交与国际比较,核心科技直接材料,C-CRDS-FY2021-RR-05,2022-03-01,W3,バイオマスをCO₂吸収源としたネガティブエミッション技術,CRDS机构正式研究,C:\Users\WINDOWS\OneDrive\知识库\智库信息爬虫\国际主要科技智库观点演变_研判\03_证据底稿\原文PDF\C-CRDS-FY2021-RR-05.pdf,C:\Users\WINDOWS\OneDrive\知识库\智库信息爬虫\国际主要科技智库观点演变_研判\03_证据底稿\文本\C-CRDS-FY2021-RR-05.txt,https://www.jst.go.jp/crds/report/CRDS-FY2021-RR-05.html,官方PDF已保存并校验
人工智能、机器人与计算系统,核心科技直接材料,C-CRDS-FY2021-RR-06,2022-03-01,W3,文理融合研究のあり方とその推進方策　～持続可能な資源管理に関する研究開発領域を例として～,CRDS机构正式研究,C:\Users\WINDOWS\OneDrive\知识库\智库信息爬虫\国际主要科技智库观点演变_研判\03_证据底稿\原文PDF\C-CRDS-FY2021-RR-06.pdf,C:\Users\WINDOWS\OneDrive\知识库\智库信息爬虫\国际主要科技智库观点演变_研判\03_证据底稿\文本\C-CRDS-FY2021-RR-06.txt,https://www.jst.go.jp/crds/report/CRDS-FY2021-RR-06.html,官方PDF已保存并校验
芯片、量子、通信与网络安全,核心科技直接材料,C-CRDS-FY2021-RR-06,2022-03-01,W3,文理融合研究のあり方とその推進方策　～持続可能な資源管理に関する研究開発領域を例として～,CRDS机构正式研究,C:\Users\WINDOWS\OneDrive\知识库\智库信息爬虫\国际主要科技智库观点演变_研判\03_证据底稿\原文PDF\C-CRDS-FY2021-RR-06.pdf,C:\Users\WINDOWS\OneDrive\知识库\智库信息爬虫\国际主要科技智库观点演变_研判\03_证据底稿\文本\C-CRDS-FY2021-RR-06.txt,https://www.jst.go.jp/crds/report/CRDS-FY2021-RR-06.html,官方PDF已保存并校验
先进材料、纳米与制造技术,核心科技直接材料,C-CRDS-FY2021-RR-06,2022-03-01,W3,文理融合研究のあり方とその推進方策　～持続可能な資源管理に関する研究開発領域を例として～,CRDS机构正式研究,C:\Users\WINDOWS\OneDrive\知识库\智库信息爬虫\国际主要科技智库观点演变_研判\03_证据底稿\原文PDF\C-CRDS-FY2021-RR-06.pdf,C:\Users\WINDOWS\OneDrive\知识库\智库信息爬虫\国际主要科技智库观点演变_研判\03_证据底稿\文本\C-CRDS-FY2021-RR-06.txt,https://www.jst.go.jp/crds/report/CRDS-FY2021-RR-06.html,官方PDF已保存并校验
生命科学、生物技术与医疗,核心科技直接材料,C-CRDS-FY2021-RR-06,2022-03-01,W3,文理融合研究のあり方とその推進方策　～持続可能な資源管理に関する研究開発領域を例として～,CRDS机构正式研究,C:\Users\WINDOWS\OneDrive\知识库\智库信息爬虫\国际主要科技智库观点演变_研判\03_证据底稿\原文PDF\C-CRDS-FY2021-RR-06.pdf,C:\Users\WINDOWS\OneDrive\知识库\智库信息爬虫\国际主要科技智库观点演变_研判\03_证据底稿\文本\C-CRDS-FY2021-RR-06.txt,https://www.jst.go.jp/crds/report/CRDS-FY2021-RR-06.html,官方PDF已保存并校验
能源、环境与绿色转型,核心科技直接材料,C-CRDS-FY2021-RR-06,2022-03-01,W3,文理融合研究のあり方とその推進方策　～持続可能な資源管理に関する研究開発領域を例として～,CRDS机构正式研究,C:\Users\WINDOWS\OneDrive\知识库\智库信息爬虫\国际主要科技智库观点演变_研判\03_证据底稿\原文PDF\C-CRDS-FY2021-RR-06.pdf,C:\Users\WINDOWS\OneDrive\知识库\智库信息爬虫\国际主要科技智库观点演变_研判\03_证据底稿\文本\C-CRDS-FY2021-RR-06.txt,https://www.jst.go.jp/crds/report/CRDS-FY2021-RR-06.html,官方PDF已保存并校验
科技创新政策、科研体系与人才,核心科技直接材料,C-CRDS-FY2021-RR-06,2022-03-01,W3,文理融合研究のあり方とその推進方策　～持続可能な資源管理に関する研究開発領域を例として～,CRDS机构正式研究,C:\Users\WINDOWS\OneDrive\知识库\智库信息爬虫\国际主要科技智库观点演变_研判\03_证据底稿\原文PDF\C-CRDS-FY2021-RR-06.pdf,C:\Users\WINDOWS\OneDrive\知识库\智库信息爬虫\国际主要科技智库观点演变_研判\03_证据底稿\文本\C-CRDS-FY2021-RR-06.txt,https://www.jst.go.jp/crds/report/CRDS-FY2021-RR-06.html,官方PDF已保存并校验
研究安全、科技外交与国际比较,核心科技直接材料,C-CRDS-FY2021-RR-06,2022-03-01,W3,文理融合研究のあり方とその推進方策　～持続可能な資源管理に関する研究開発領域を例として～,CRDS机构正式研究,C:\Users\WINDOWS\OneDrive\知识库\智库信息爬虫\国际主要科技智库观点演变_研判\03_证据底稿\原文PDF\C-CRDS-FY2021-RR-06.pdf,C:\Users\WINDOWS\OneDrive\知识库\智库信息爬虫\国际主要科技智库观点演变_研判\03_证据底稿\文本\C-CRDS-FY2021-RR-06.txt,https://www.jst.go.jp/crds/report/CRDS-FY2021-RR-06.html,官方PDF已保存并校验
人工智能、机器人与计算系统,核心科技直接材料,C-CRDS-FY2021-RR-07,2022-03-01,W3,ELSIからRRIへの展開から考える科学技術・イノベーションの変革　政策・ファンディング・研究開発の横断的取り組みの強化に向けて（—The Beyond Disciplines Collection—）,CRDS机构正式研究,C:\Users\WINDOWS\OneDrive\知识库\智库信息爬虫\国际主要科技智库观点演变_研判\03_证据底稿\原文PDF\C-CRDS-FY2021-RR-07.pdf,C:\Users\WINDOWS\OneDrive\知识库\智库信息爬虫\国际主要科技智库观点演变_研判\03_证据底稿\文本\C-CRDS-FY2021-RR-07.txt,https://www.jst.go.jp/crds/report/CRDS-FY2021-RR-07.html,官方PDF已保存并校验
先进材料、纳米与制造技术,核心科技直接材料,C-CRDS-FY2021-RR-07,2022-03-01,W3,ELSIからRRIへの展開から考える科学技術・イノベーションの変革　政策・ファンディング・研究開発の横断的取り組みの強化に向けて（—The Beyond Disciplines Collection—）,CRDS机构正式研究,C:\Users\WINDOWS\OneDrive\知识库\智库信息爬虫\国际主要科技智库观点演变_研判\03_证据底稿\原文PDF\C-CRDS-FY2021-RR-07.pdf,C:\Users\WINDOWS\OneDrive\知识库\智库信息爬虫\国际主要科技智库观点演变_研判\03_证据底稿\文本\C-CRDS-FY2021-RR-07.txt,https://www.jst.go.jp/crds/report/CRDS-FY2021-RR-07.html,官方PDF已保存并校验
生命科学、生物技术与医疗,核心科技直接材料,C-CRDS-FY2021-RR-07,2022-03-01,W3,ELSIからRRIへの展開から考える科学技術・イノベーションの変革　政策・ファンディング・研究開発の横断的取り組みの強化に向けて（—The Beyond Disciplines Collection—）,CRDS机构正式研究,C:\Users\WINDOWS\OneDrive\知识库\智库信息爬虫\国际主要科技智库观点演变_研判\03_证据底稿\原文PDF\C-CRDS-FY2021-RR-07.pdf,C:\Users\WINDOWS\OneDrive\知识库\智库信息爬虫\国际主要科技智库观点演变_研判\03_证据底稿\文本\C-CRDS-FY2021-RR-07.txt,https://www.jst.go.jp/crds/report/CRDS-FY2021-RR-07.html,官方PDF已保存并校验
能源、环境与绿色转型,核心科技直接材料,C-CRDS-FY2021-RR-07,2022-03-01,W3,ELSIからRRIへの展開から考える科学技術・イノベーションの変革　政策・ファンディング・研究開発の横断的取り組みの強化に向けて（—The Beyond Disciplines Collection—）,CRDS机构正式研究,C:\Users\WINDOWS\OneDrive\知识库\智库信息爬虫\国际主要科技智库观点演变_研判\03_证据底稿\原文PDF\C-CRDS-FY2021-RR-07.pdf,C:\Users\WINDOWS\OneDrive\知识库\智库信息爬虫\国际主要科技智库观点演变_研判\03_证据底稿\文本\C-CRDS-FY2021-RR-07.txt,https://www.jst.go.jp/crds/report/CRDS-FY2021-RR-07.html,官方PDF已保存并校验
科技创新政策、科研体系与人才,核心科技直接材料,C-CRDS-FY2021-RR-07,2022-03-01,W3,ELSIからRRIへの展開から考える科学技術・イノベーションの変革　政策・ファンディング・研究開発の横断的取り組みの強化に向けて（—The Beyond Disciplines Collection—）,CRDS机构正式研究,C:\Users\WINDOWS\OneDrive\知识库\智库信息爬虫\国际主要科技智库观点演变_研判\03_证据底稿\原文PDF\C-CRDS-FY2021-RR-07.pdf,C:\Users\WINDOWS\OneDrive\知识库\智库信息爬虫\国际主要科技智库观点演变_研判\03_证据底稿\文本\C-CRDS-FY2021-RR-07.txt,https://www.jst.go.jp/crds/report/CRDS-FY2021-RR-07.html,官方PDF已保存并校验
研究安全、科技外交与国际比较,核心科技直接材料,C-CRDS-FY2021-RR-07,2022-03-01,W3,ELSIからRRIへの展開から考える科学技術・イノベーションの変革　政策・ファンディング・研究開発の横断的取り組みの強化に向けて（—The Beyond Disciplines Collection—）,CRDS机构正式研究,C:\Users\WINDOWS\OneDrive\知识库\智库信息爬虫\国际主要科技智库观点演变_研判\03_证据底稿\原文PDF\C-CRDS-FY2021-RR-07.pdf,C:\Users\WINDOWS\OneDrive\知识库\智库信息爬虫\国际主要科技智库观点演变_研判\03_证据底稿\文本\C-CRDS-FY2021-RR-07.txt,https://www.jst.go.jp/crds/report/CRDS-FY2021-RR-07.html,官方PDF已保存并校验
人工智能、机器人与计算系统,核心科技直接材料,C-CRDS-FY2021-RR-08,2022-03-01,W3,論文・特許マップで見る量子技術の国際動向,CRDS机构正式研究,C:\Users\WINDOWS\OneDrive\知识库\智库信息爬虫\国际主要科技智库观点演变_研判\03_证据底稿\原文PDF\C-CRDS-FY2021-RR-08.pdf,C:\Users\WINDOWS\OneDrive\知识库\智库信息爬虫\国际主要科技智库观点演变_研判\03_证据底稿\文本\C-CRDS-FY2021-RR-08.txt,https://www.jst.go.jp/crds/report/CRDS-FY2021-RR-08.html,官方PDF已保存并校验
芯片、量子、通信与网络安全,核心科技直接材料,C-CRDS-FY2021-RR-08,2022-03-01,W3,論文・特許マップで見る量子技術の国際動向,CRDS机构正式研究,C:\Users\WINDOWS\OneDrive\知识库\智库信息爬虫\国际主要科技智库观点演变_研判\03_证据底稿\原文PDF\C-CRDS-FY2021-RR-08.pdf,C:\Users\WINDOWS\OneDrive\知识库\智库信息爬虫\国际主要科技智库观点演变_研判\03_证据底稿\文本\C-CRDS-FY2021-RR-08.txt,https://www.jst.go.jp/crds/report/CRDS-FY2021-RR-08.html,官方PDF已保存并校验
先进材料、纳米与制造技术,核心科技直接材料,C-CRDS-FY2021-RR-08,2022-03-01,W3,論文・特許マップで見る量子技術の国際動向,CRDS机构正式研究,C:\Users\WINDOWS\OneDrive\知识库\智库信息爬虫\国际主要科技智库观点演变_研判\03_证据底稿\原文PDF\C-CRDS-FY2021-RR-08.pdf,C:\Users\WINDOWS\OneDrive\知识库\智库信息爬虫\国际主要科技智库观点演变_研判\03_证据底稿\文本\C-CRDS-FY2021-RR-08.txt,https://www.jst.go.jp/crds/report/CRDS-FY2021-RR-08.html,官方PDF已保存并校验
生命科学、生物技术与医疗,核心科技直接材料,C-CRDS-FY2021-RR-08,2022-03-01,W3,論文・特許マップで見る量子技術の国際動向,CRDS机构正式研究,C:\Users\WINDOWS\OneDrive\知识库\智库信息爬虫\国际主要科技智库观点演变_研判\03_证据底稿\原文PDF\C-CRDS-FY2021-RR-08.pdf,C:\Users\WINDOWS\OneDrive\知识库\智库信息爬虫\国际主要科技智库观点演变_研判\03_证据底稿\文本\C-CRDS-FY2021-RR-08.txt,https://www.jst.go.jp/crds/report/CRDS-FY2021-RR-08.html,官方PDF已保存并校验
能源、环境与绿色转型,核心科技直接材料,C-CRDS-FY2021-RR-08,2022-03-01,W3,論文・特許マップで見る量子技術の国際動向,CRDS机构正式研究,C:\Users\WINDOWS\OneDrive\知识库\智库信息爬虫\国际主要科技智库观点演变_研判\03_证据底稿\原文PDF\C-CRDS-FY2021-RR-08.pdf,C:\Users\WINDOWS\OneDrive\知识库\智库信息爬虫\国际主要科技智库观点演变_研判\03_证据底稿\文本\C-CRDS-FY2021-RR-08.txt,https://www.jst.go.jp/crds/report/CRDS-FY2021-RR-08.html,官方PDF已保存并校验
科技创新政策、科研体系与人才,核心科技直接材料,C-CRDS-FY2021-RR-08,2022-03-01,W3,論文・特許マップで見る量子技術の国際動向,CRDS机构正式研究,C:\Users\WINDOWS\OneDrive\知识库\智库信息爬虫\国际主要科技智库观点演变_研判\03_证据底稿\原文PDF\C-CRDS-FY2021-RR-08.pdf,C:\Users\WINDOWS\OneDrive\知识库\智库信息爬虫\国际主要科技智库观点演变_研判\03_证据底稿\文本\C-CRDS-FY2021-RR-08.txt,https://www.jst.go.jp/crds/report/CRDS-FY2021-RR-08.html,官方PDF已保存并校验
研究安全、科技外交与国际比较,核心科技直接材料,C-CRDS-FY2021-RR-08,2022-03-01,W3,論文・特許マップで見る量子技術の国際動向,CRDS机构正式研究,C:\Users\WINDOWS\OneDrive\知识库\智库信息爬虫\国际主要科技智库观点演变_研判\03_证据底稿\原文PDF\C-CRDS-FY2021-RR-08.pdf,C:\Users\WINDOWS\OneDrive\知识库\智库信息爬虫\国际主要科技智库观点演变_研判\03_证据底稿\文本\C-CRDS-FY2021-RR-08.txt,https://www.jst.go.jp/crds/report/CRDS-FY2021-RR-08.html,官方PDF已保存并校验
中国科技政策与能力比较,核心科技直接材料,C-CRDS-FY2021-RR-08,2022-03-01,W3,論文・特許マップで見る量子技術の国際動向,CRDS机构正式研究,C:\Users\WINDOWS\OneDrive\知识库\智库信息爬虫\国际主要科技智库观点演变_研判\03_证据底稿\原文PDF\C-CRDS-FY2021-RR-08.pdf,C:\Users\WINDOWS\OneDrive\知识库\智库信息爬虫\国际主要科技智库观点演变_研判\03_证据底稿\文本\C-CRDS-FY2021-RR-08.txt,https://www.jst.go.jp/crds/report/CRDS-FY2021-RR-08.html,官方PDF已保存并校验
人工智能、机器人与计算系统,核心科技直接材料,C-CRDS-FY2021-RR-09,2022-03-01,W3,デジタルツインに関する国内外の研究開発動向,CRDS机构正式研究,C:\Users\WINDOWS\OneDrive\知识库\智库信息爬虫\国际主要科技智库观点演变_研判\03_证据底稿\原文PDF\C-CRDS-FY2021-RR-09.pdf,C:\Users\WINDOWS\OneDrive\知识库\智库信息爬虫\国际主要科技智库观点演变_研判\03_证据底稿\文本\C-CRDS-FY2021-RR-09.txt,https://www.jst.go.jp/crds/report/CRDS-FY2021-RR-09.html,官方PDF已保存并校验
芯片、量子、通信与网络安全,核心科技直接材料,C-CRDS-FY2021-RR-09,2022-03-01,W3,デジタルツインに関する国内外の研究開発動向,CRDS机构正式研究,C:\Users\WINDOWS\OneDrive\知识库\智库信息爬虫\国际主要科技智库观点演变_研判\03_证据底稿\原文PDF\C-CRDS-FY2021-RR-09.pdf,C:\Users\WINDOWS\OneDrive\知识库\智库信息爬虫\国际主要科技智库观点演变_研判\03_证据底稿\文本\C-CRDS-FY2021-RR-09.txt,https://www.jst.go.jp/crds/report/CRDS-FY2021-RR-09.html,官方PDF已保存并校验
先进材料、纳米与制造技术,核心科技直接材料,C-CRDS-FY2021-RR-09,2022-03-01,W3,デジタルツインに関する国内外の研究開発動向,CRDS机构正式研究,C:\Users\WINDOWS\OneDrive\知识库\智库信息爬虫\国际主要科技智库观点演变_研判\03_证据底稿\原文PDF\C-CRDS-FY2021-RR-09.pdf,C:\Users\WINDOWS\OneDrive\知识库\智库信息爬虫\国际主要科技智库观点演变_研判\03_证据底稿\文本\C-CRDS-FY2021-RR-09.txt,https://www.jst.go.jp/crds/report/CRDS-FY2021-RR-09.html,官方PDF已保存并校验
生命科学、生物技术与医疗,核心科技直接材料,C-CRDS-FY2021-RR-09,2022-03-01,W3,デジタルツインに関する国内外の研究開発動向,CRDS机构正式研究,C:\Users\WINDOWS\OneDrive\知识库\智库信息爬虫\国际主要科技智库观点演变_研判\03_证据底稿\原文PDF\C-CRDS-FY2021-RR-09.pdf,C:\Users\WINDOWS\OneDrive\知识库\智库信息爬虫\国际主要科技智库观点演变_研判\03_证据底稿\文本\C-CRDS-FY2021-RR-09.txt,https://www.jst.go.jp/crds/report/CRDS-FY2021-RR-09.html,官方PDF已保存并校验
能源、环境与绿色转型,核心科技直接材料,C-CRDS-FY2021-RR-09,2022-03-01,W3,デジタルツインに関する国内外の研究開発動向,CRDS机构正式研究,C:\Users\WINDOWS\OneDrive\知识库\智库信息爬虫\国际主要科技智库观点演变_研判\03_证据底稿\原文PDF\C-CRDS-FY2021-RR-09.pdf,C:\Users\WINDOWS\OneDrive\知识库\智库信息爬虫\国际主要科技智库观点演变_研判\03_证据底稿\文本\C-CRDS-FY2021-RR-09.txt,https://www.jst.go.jp/crds/report/CRDS-FY2021-RR-09.html,官方PDF已保存并校验
科技创新政策、科研体系与人才,核心科技直接材料,C-CRDS-FY2021-RR-09,2022-03-01,W3,デジタルツインに関する国内外の研究開発動向,CRDS机构正式研究,C:\Users\WINDOWS\OneDrive\知识库\智库信息爬虫\国际主要科技智库观点演变_研判\03_证据底稿\原文PDF\C-CRDS-FY2021-RR-09.pdf,C:\Users\WINDOWS\OneDrive\知识库\智库信息爬虫\国际主要科技智库观点演变_研判\03_证据底稿\文本\C-CRDS-FY2021-RR-09.txt,https://www.jst.go.jp/crds/report/CRDS-FY2021-RR-09.html,官方PDF已保存并校验
研究安全、科技外交与国际比较,核心科技直接材料,C-CRDS-FY2021-RR-09,2022-03-01,W3,デジタルツインに関する国内外の研究開発動向,CRDS机构正式研究,C:\Users\WINDOWS\OneDrive\知识库\智库信息爬虫\国际主要科技智库观点演变_研判\03_证据底稿\原文PDF\C-CRDS-FY2021-RR-09.pdf,C:\Users\WINDOWS\OneDrive\知识库\智库信息爬虫\国际主要科技智库观点演变_研判\03_证据底稿\文本\C-CRDS-FY2021-RR-09.txt,https://www.jst.go.jp/crds/report/CRDS-FY2021-RR-09.html,官方PDF已保存并校验
人工智能、机器人与计算系统,核心科技直接材料,C-CRDS-FY2021-SP-07,2022-03-01,W3,無線・光融合基盤技術の研究開発　～次世代通信技術の高度化に向けて～,CRDS机构正式研究,C:\Users\WINDOWS\OneDrive\知识库\智库信息爬虫\国际主要科技智库观点演变_研判\03_证据底稿\原文PDF\C-CRDS-FY2021-SP-07.pdf,C:\Users\WINDOWS\OneDrive\知识库\智库信息爬虫\国际主要科技智库观点演变_研判\03_证据底稿\文本\C-CRDS-FY2021-SP-07.txt,https://www.jst.go.jp/crds/report/CRDS-FY2021-SP-07.html,官方PDF已保存并校验
芯片、量子、通信与网络安全,核心科技直接材料,C-CRDS-FY2021-SP-07,2022-03-01,W3,無線・光融合基盤技術の研究開発　～次世代通信技術の高度化に向けて～,CRDS机构正式研究,C:\Users\WINDOWS\OneDrive\知识库\智库信息爬虫\国际主要科技智库观点演变_研判\03_证据底稿\原文PDF\C-CRDS-FY2021-SP-07.pdf,C:\Users\WINDOWS\OneDrive\知识库\智库信息爬虫\国际主要科技智库观点演变_研判\03_证据底稿\文本\C-CRDS-FY2021-SP-07.txt,https://www.jst.go.jp/crds/report/CRDS-FY2021-SP-07.html,官方PDF已保存并校验
先进材料、纳米与制造技术,核心科技直接材料,C-CRDS-FY2021-SP-07,2022-03-01,W3,無線・光融合基盤技術の研究開発　～次世代通信技術の高度化に向けて～,CRDS机构正式研究,C:\Users\WINDOWS\OneDrive\知识库\智库信息爬虫\国际主要科技智库观点演变_研判\03_证据底稿\原文PDF\C-CRDS-FY2021-SP-07.pdf,C:\Users\WINDOWS\OneDrive\知识库\智库信息爬虫\国际主要科技智库观点演变_研判\03_证据底稿\文本\C-CRDS-FY2021-SP-07.txt,https://www.jst.go.jp/crds/report/CRDS-FY2021-SP-07.html,官方PDF已保存并校验
生命科学、生物技术与医疗,核心科技直接材料,C-CRDS-FY2021-SP-07,2022-03-01,W3,無線・光融合基盤技術の研究開発　～次世代通信技術の高度化に向けて～,CRDS机构正式研究,C:\Users\WINDOWS\OneDrive\知识库\智库信息爬虫\国际主要科技智库观点演变_研判\03_证据底稿\原文PDF\C-CRDS-FY2021-SP-07.pdf,C:\Users\WINDOWS\OneDrive\知识库\智库信息爬虫\国际主要科技智库观点演变_研判\03_证据底稿\文本\C-CRDS-FY2021-SP-07.txt,https://www.jst.go.jp/crds/report/CRDS-FY2021-SP-07.html,官方PDF已保存并校验
能源、环境与绿色转型,核心科技直接材料,C-CRDS-FY2021-SP-07,2022-03-01,W3,無線・光融合基盤技術の研究開発　～次世代通信技術の高度化に向けて～,CRDS机构正式研究,C:\Users\WINDOWS\OneDrive\知识库\智库信息爬虫\国际主要科技智库观点演变_研判\03_证据底稿\原文PDF\C-CRDS-FY2021-SP-07.pdf,C:\Users\WINDOWS\OneDrive\知识库\智库信息爬虫\国际主要科技智库观点演变_研判\03_证据底稿\文本\C-CRDS-FY2021-SP-07.txt,https://www.jst.go.jp/crds/report/CRDS-FY2021-SP-07.html,官方PDF已保存并校验
科技创新政策、科研体系与人才,核心科技直接材料,C-CRDS-FY2021-SP-07,2022-03-01,W3,無線・光融合基盤技術の研究開発　～次世代通信技術の高度化に向けて～,CRDS机构正式研究,C:\Users\WINDOWS\OneDrive\知识库\智库信息爬虫\国际主要科技智库观点演变_研判\03_证据底稿\原文PDF\C-CRDS-FY2021-SP-07.pdf,C:\Users\WINDOWS\OneDrive\知识库\智库信息爬虫\国际主要科技智库观点演变_研判\03_证据底稿\文本\C-CRDS-FY2021-SP-07.txt,https://www.jst.go.jp/crds/report/CRDS-FY2021-SP-07.html,官方PDF已保存并校验
研究安全、科技外交与国际比较,核心科技直接材料,C-CRDS-FY2021-SP-07,2022-03-01,W3,無線・光融合基盤技術の研究開発　～次世代通信技術の高度化に向けて～,CRDS机构正式研究,C:\Users\WINDOWS\OneDrive\知识库\智库信息爬虫\国际主要科技智库观点演变_研判\03_证据底稿\原文PDF\C-CRDS-FY2021-SP-07.pdf,C:\Users\WINDOWS\OneDrive\知识库\智库信息爬虫\国际主要科技智库观点演变_研判\03_证据底稿\文本\C-CRDS-FY2021-SP-07.txt,https://www.jst.go.jp/crds/report/CRDS-FY2021-SP-07.html,官方PDF已保存并校验
人工智能、机器人与计算系统,核心科技直接材料,C-CRDS-FY2021-SP-08,2022-03-01,W3,極端気象災害と気候変動リスクへの対応強化に向けた近未来予測,CRDS机构正式研究,C:\Users\WINDOWS\OneDrive\知识库\智库信息爬虫\国际主要科技智库观点演变_研判\03_证据底稿\原文PDF\C-CRDS-FY2021-SP-08.pdf,C:\Users\WINDOWS\OneDrive\知识库\智库信息爬虫\国际主要科技智库观点演变_研判\03_证据底稿\文本\C-CRDS-FY2021-SP-08.txt,https://www.jst.go.jp/crds/report/CRDS-FY2021-SP-08.html,官方PDF已保存并校验
先进材料、纳米与制造技术,核心科技直接材料,C-CRDS-FY2021-SP-08,2022-03-01,W3,極端気象災害と気候変動リスクへの対応強化に向けた近未来予測,CRDS机构正式研究,C:\Users\WINDOWS\OneDrive\知识库\智库信息爬虫\国际主要科技智库观点演变_研判\03_证据底稿\原文PDF\C-CRDS-FY2021-SP-08.pdf,C:\Users\WINDOWS\OneDrive\知识库\智库信息爬虫\国际主要科技智库观点演变_研判\03_证据底稿\文本\C-CRDS-FY2021-SP-08.txt,https://www.jst.go.jp/crds/report/CRDS-FY2021-SP-08.html,官方PDF已保存并校验
生命科学、生物技术与医疗,核心科技直接材料,C-CRDS-FY2021-SP-08,2022-03-01,W3,極端気象災害と気候変動リスクへの対応強化に向けた近未来予測,CRDS机构正式研究,C:\Users\WINDOWS\OneDrive\知识库\智库信息爬虫\国际主要科技智库观点演变_研判\03_证据底稿\原文PDF\C-CRDS-FY2021-SP-08.pdf,C:\Users\WINDOWS\OneDrive\知识库\智库信息爬虫\国际主要科技智库观点演变_研判\03_证据底稿\文本\C-CRDS-FY2021-SP-08.txt,https://www.jst.go.jp/crds/report/CRDS-FY2021-SP-08.html,官方PDF已保存并校验
能源、环境与绿色转型,核心科技直接材料,C-CRDS-FY2021-SP-08,2022-03-01,W3,極端気象災害と気候変動リスクへの対応強化に向けた近未来予測,CRDS机构正式研究,C:\Users\WINDOWS\OneDrive\知识库\智库信息爬虫\国际主要科技智库观点演变_研判\03_证据底稿\原文PDF\C-CRDS-FY2021-SP-08.pdf,C:\Users\WINDOWS\OneDrive\知识库\智库信息爬虫\国际主要科技智库观点演变_研判\03_证据底稿\文本\C-CRDS-FY2021-SP-08.txt,https://www.jst.go.jp/crds/report/CRDS-FY2021-SP-08.html,官方PDF已保存并校验
科技创新政策、科研体系与人才,核心科技直接材料,C-CRDS-FY2021-SP-08,2022-03-01,W3,極端気象災害と気候変動リスクへの対応強化に向けた近未来予測,CRDS机构正式研究,C:\Users\WINDOWS\OneDrive\知识库\智库信息爬虫\国际主要科技智库观点演变_研判\03_证据底稿\原文PDF\C-CRDS-FY2021-SP-08.pdf,C:\Users\WINDOWS\OneDrive\知识库\智库信息爬虫\国际主要科技智库观点演变_研判\03_证据底稿\文本\C-CRDS-FY2021-SP-08.txt,https://www.jst.go.jp/crds/report/CRDS-FY2021-SP-08.html,官方PDF已保存并校验
研究安全、科技外交与国际比较,核心科技直接材料,C-CRDS-FY2021-SP-08,2022-03-01,W3,極端気象災害と気候変動リスクへの対応強化に向けた近未来予測,CRDS机构正式研究,C:\Users\WINDOWS\OneDrive\知识库\智库信息爬虫\国际主要科技智库观点演变_研判\03_证据底稿\原文PDF\C-CRDS-FY2021-SP-08.pdf,C:\Users\WINDOWS\OneDrive\知识库\智库信息爬虫\国际主要科技智库观点演变_研判\03_证据底稿\文本\C-CRDS-FY2021-SP-08.txt,https://www.jst.go.jp/crds/report/CRDS-FY2021-SP-08.html,官方PDF已保存并校验
人工智能、机器人与计算系统,核心科技直接材料,C-CRDS-FY2021-RR-10,2022-04-01,W3,ポストパンデミック時代における科学的助言のエコシステムの構築に向けて－新型コロナウイルス感染症対応の課題と今後の方向性－,CRDS机构正式研究,C:\Users\WINDOWS\OneDrive\知识库\智库信息爬虫\国际主要科技智库观点演变_研判\03_证据底稿\原文PDF\C-CRDS-FY2021-RR-10.pdf,C:\Users\WINDOWS\OneDrive\知识库\智库信息爬虫\国际主要科技智库观点演变_研判\03_证据底稿\文本\C-CRDS-FY2021-RR-10.txt,https://www.jst.go.jp/crds/report/CRDS-FY2021-RR-10.html,官方PDF已保存并校验
先进材料、纳米与制造技术,核心科技直接材料,C-CRDS-FY2021-RR-10,2022-04-01,W3,ポストパンデミック時代における科学的助言のエコシステムの構築に向けて－新型コロナウイルス感染症対応の課題と今後の方向性－,CRDS机构正式研究,C:\Users\WINDOWS\OneDrive\知识库\智库信息爬虫\国际主要科技智库观点演变_研判\03_证据底稿\原文PDF\C-CRDS-FY2021-RR-10.pdf,C:\Users\WINDOWS\OneDrive\知识库\智库信息爬虫\国际主要科技智库观点演变_研判\03_证据底稿\文本\C-CRDS-FY2021-RR-10.txt,https://www.jst.go.jp/crds/report/CRDS-FY2021-RR-10.html,官方PDF已保存并校验
生命科学、生物技术与医疗,核心科技直接材料,C-CRDS-FY2021-RR-10,2022-04-01,W3,ポストパンデミック時代における科学的助言のエコシステムの構築に向けて－新型コロナウイルス感染症対応の課題と今後の方向性－,CRDS机构正式研究,C:\Users\WINDOWS\OneDrive\知识库\智库信息爬虫\国际主要科技智库观点演变_研判\03_证据底稿\原文PDF\C-CRDS-FY2021-RR-10.pdf,C:\Users\WINDOWS\OneDrive\知识库\智库信息爬虫\国际主要科技智库观点演变_研判\03_证据底稿\文本\C-CRDS-FY2021-RR-10.txt,https://www.jst.go.jp/crds/report/CRDS-FY2021-RR-10.html,官方PDF已保存并校验
能源、环境与绿色转型,核心科技直接材料,C-CRDS-FY2021-RR-10,2022-04-01,W3,ポストパンデミック時代における科学的助言のエコシステムの構築に向けて－新型コロナウイルス感染症対応の課題と今後の方向性－,CRDS机构正式研究,C:\Users\WINDOWS\OneDrive\知识库\智库信息爬虫\国际主要科技智库观点演变_研判\03_证据底稿\原文PDF\C-CRDS-FY2021-RR-10.pdf,C:\Users\WINDOWS\OneDrive\知识库\智库信息爬虫\国际主要科技智库观点演变_研判\03_证据底稿\文本\C-CRDS-FY2021-RR-10.txt,https://www.jst.go.jp/crds/report/CRDS-FY2021-RR-10.html,官方PDF已保存并校验
科技创新政策、科研体系与人才,核心科技直接材料,C-CRDS-FY2021-RR-10,2022-04-01,W3,ポストパンデミック時代における科学的助言のエコシステムの構築に向けて－新型コロナウイルス感染症対応の課題と今後の方向性－,CRDS机构正式研究,C:\Users\WINDOWS\OneDrive\知识库\智库信息爬虫\国际主要科技智库观点演变_研判\03_证据底稿\原文PDF\C-CRDS-FY2021-RR-10.pdf,C:\Users\WINDOWS\OneDrive\知识库\智库信息爬虫\国际主要科技智库观点演变_研判\03_证据底稿\文本\C-CRDS-FY2021-RR-10.txt,https://www.jst.go.jp/crds/report/CRDS-FY2021-RR-10.html,官方PDF已保存并校验
研究安全、科技外交与国际比较,核心科技直接材料,C-CRDS-FY2021-RR-10,2022-04-01,W3,ポストパンデミック時代における科学的助言のエコシステムの構築に向けて－新型コロナウイルス感染症対応の課題と今後の方向性－,CRDS机构正式研究,C:\Users\WINDOWS\OneDrive\知识库\智库信息爬虫\国际主要科技智库观点演变_研判\03_证据底稿\原文PDF\C-CRDS-FY2021-RR-10.pdf,C:\Users\WINDOWS\OneDrive\知识库\智库信息爬虫\国际主要科技智库观点演变_研判\03_证据底稿\文本\C-CRDS-FY2021-RR-10.txt,https://www.jst.go.jp/crds/report/CRDS-FY2021-RR-10.html,官方PDF已保存并校验
人工智能、机器人与计算系统,核心科技直接材料,C-CRDS-FY2022-FR-01,2022-04-01,W3,研究開発の俯瞰報告書　日本の科学技術・イノベーション政策（2022年）,CRDS机构正式研究,C:\Users\WINDOWS\OneDrive\知识库\智库信息爬虫\国际主要科技智库观点演变_研判\03_证据底稿\原文PDF\C-CRDS-FY2022-FR-01.pdf,C:\Users\WINDOWS\OneDrive\知识库\智库信息爬虫\国际主要科技智库观点演变_研判\03_证据底稿\文本\C-CRDS-FY2022-FR-01.txt,https://www.jst.go.jp/crds/report/CRDS-FY2022-FR-01.html,官方PDF已保存并校验
芯片、量子、通信与网络安全,核心科技直接材料,C-CRDS-FY2022-FR-01,2022-04-01,W3,研究開発の俯瞰報告書　日本の科学技術・イノベーション政策（2022年）,CRDS机构正式研究,C:\Users\WINDOWS\OneDrive\知识库\智库信息爬虫\国际主要科技智库观点演变_研判\03_证据底稿\原文PDF\C-CRDS-FY2022-FR-01.pdf,C:\Users\WINDOWS\OneDrive\知识库\智库信息爬虫\国际主要科技智库观点演变_研判\03_证据底稿\文本\C-CRDS-FY2022-FR-01.txt,https://www.jst.go.jp/crds/report/CRDS-FY2022-FR-01.html,官方PDF已保存并校验
先进材料、纳米与制造技术,核心科技直接材料,C-CRDS-FY2022-FR-01,2022-04-01,W3,研究開発の俯瞰報告書　日本の科学技術・イノベーション政策（2022年）,CRDS机构正式研究,C:\Users\WINDOWS\OneDrive\知识库\智库信息爬虫\国际主要科技智库观点演变_研判\03_证据底稿\原文PDF\C-CRDS-FY2022-FR-01.pdf,C:\Users\WINDOWS\OneDrive\知识库\智库信息爬虫\国际主要科技智库观点演变_研判\03_证据底稿\文本\C-CRDS-FY2022-FR-01.txt,https://www.jst.go.jp/crds/report/CRDS-FY2022-FR-01.html,官方PDF已保存并校验
生命科学、生物技术与医疗,核心科技直接材料,C-CRDS-FY2022-FR-01,2022-04-01,W3,研究開発の俯瞰報告書　日本の科学技術・イノベーション政策（2022年）,CRDS机构正式研究,C:\Users\WINDOWS\OneDrive\知识库\智库信息爬虫\国际主要科技智库观点演变_研判\03_证据底稿\原文PDF\C-CRDS-FY2022-FR-01.pdf,C:\Users\WINDOWS\OneDrive\知识库\智库信息爬虫\国际主要科技智库观点演变_研判\03_证据底稿\文本\C-CRDS-FY2022-FR-01.txt,https://www.jst.go.jp/crds/report/CRDS-FY2022-FR-01.html,官方PDF已保存并校验
能源、环境与绿色转型,核心科技直接材料,C-CRDS-FY2022-FR-01,2022-04-01,W3,研究開発の俯瞰報告書　日本の科学技術・イノベーション政策（2022年）,CRDS机构正式研究,C:\Users\WINDOWS\OneDrive\知识库\智库信息爬虫\国际主要科技智库观点演变_研判\03_证据底稿\原文PDF\C-CRDS-FY2022-FR-01.pdf,C:\Users\WINDOWS\OneDrive\知识库\智库信息爬虫\国际主要科技智库观点演变_研判\03_证据底稿\文本\C-CRDS-FY2022-FR-01.txt,https://www.jst.go.jp/crds/report/CRDS-FY2022-FR-01.html,官方PDF已保存并校验
科技创新政策、科研体系与人才,核心科技直接材料,C-CRDS-FY2022-FR-01,2022-04-01,W3,研究開発の俯瞰報告書　日本の科学技術・イノベーション政策（2022年）,CRDS机构正式研究,C:\Users\WINDOWS\OneDrive\知识库\智库信息爬虫\国际主要科技智库观点演变_研判\03_证据底稿\原文PDF\C-CRDS-FY2022-FR-01.pdf,C:\Users\WINDOWS\OneDrive\知识库\智库信息爬虫\国际主要科技智库观点演变_研判\03_证据底稿\文本\C-CRDS-FY2022-FR-01.txt,https://www.jst.go.jp/crds/report/CRDS-FY2022-FR-01.html,官方PDF已保存并校验
研究安全、科技外交与国际比较,核心科技直接材料,C-CRDS-FY2022-FR-01,2022-04-01,W3,研究開発の俯瞰報告書　日本の科学技術・イノベーション政策（2022年）,CRDS机构正式研究,C:\Users\WINDOWS\OneDrive\知识库\智库信息爬虫\国际主要科技智库观点演变_研判\03_证据底稿\原文PDF\C-CRDS-FY2022-FR-01.pdf,C:\Users\WINDOWS\OneDrive\知识库\智库信息爬虫\国际主要科技智库观点演变_研判\03_证据底稿\文本\C-CRDS-FY2022-FR-01.txt,https://www.jst.go.jp/crds/report/CRDS-FY2022-FR-01.html,官方PDF已保存并校验
人工智能、机器人与计算系统,核心科技直接材料,C-CRDS-FY2022-SP-01,2022-04-01,W3,ミッション志向型科学技術イノベーション政策と研究開発ファンディングの推進,CRDS机构正式研究,C:\Users\WINDOWS\OneDrive\知识库\智库信息爬虫\国际主要科技智库观点演变_研判\03_证据底稿\原文PDF\C-CRDS-FY2022-SP-01.pdf,C:\Users\WINDOWS\OneDrive\知识库\智库信息爬虫\国际主要科技智库观点演变_研判\03_证据底稿\文本\C-CRDS-FY2022-SP-01.txt,https://www.jst.go.jp/crds/report/CRDS-FY2022-SP-01.html,官方PDF已保存并校验
先进材料、纳米与制造技术,核心科技直接材料,C-CRDS-FY2022-SP-01,2022-04-01,W3,ミッション志向型科学技術イノベーション政策と研究開発ファンディングの推進,CRDS机构正式研究,C:\Users\WINDOWS\OneDrive\知识库\智库信息爬虫\国际主要科技智库观点演变_研判\03_证据底稿\原文PDF\C-CRDS-FY2022-SP-01.pdf,C:\Users\WINDOWS\OneDrive\知识库\智库信息爬虫\国际主要科技智库观点演变_研判\03_证据底稿\文本\C-CRDS-FY2022-SP-01.txt,https://www.jst.go.jp/crds/report/CRDS-FY2022-SP-01.html,官方PDF已保存并校验
生命科学、生物技术与医疗,核心科技直接材料,C-CRDS-FY2022-SP-01,2022-04-01,W3,ミッション志向型科学技術イノベーション政策と研究開発ファンディングの推進,CRDS机构正式研究,C:\Users\WINDOWS\OneDrive\知识库\智库信息爬虫\国际主要科技智库观点演变_研判\03_证据底稿\原文PDF\C-CRDS-FY2022-SP-01.pdf,C:\Users\WINDOWS\OneDrive\知识库\智库信息爬虫\国际主要科技智库观点演变_研判\03_证据底稿\文本\C-CRDS-FY2022-SP-01.txt,https://www.jst.go.jp/crds/report/CRDS-FY2022-SP-01.html,官方PDF已保存并校验
能源、环境与绿色转型,核心科技直接材料,C-CRDS-FY2022-SP-01,2022-04-01,W3,ミッション志向型科学技術イノベーション政策と研究開発ファンディングの推進,CRDS机构正式研究,C:\Users\WINDOWS\OneDrive\知识库\智库信息爬虫\国际主要科技智库观点演变_研判\03_证据底稿\原文PDF\C-CRDS-FY2022-SP-01.pdf,C:\Users\WINDOWS\OneDrive\知识库\智库信息爬虫\国际主要科技智库观点演变_研判\03_证据底稿\文本\C-CRDS-FY2022-SP-01.txt,https://www.jst.go.jp/crds/report/CRDS-FY2022-SP-01.html,官方PDF已保存并校验
科技创新政策、科研体系与人才,核心科技直接材料,C-CRDS-FY2022-SP-01,2022-04-01,W3,ミッション志向型科学技術イノベーション政策と研究開発ファンディングの推進,CRDS机构正式研究,C:\Users\WINDOWS\OneDrive\知识库\智库信息爬虫\国际主要科技智库观点演变_研判\03_证据底稿\原文PDF\C-CRDS-FY2022-SP-01.pdf,C:\Users\WINDOWS\OneDrive\知识库\智库信息爬虫\国际主要科技智库观点演变_研判\03_证据底稿\文本\C-CRDS-FY2022-SP-01.txt,https://www.jst.go.jp/crds/report/CRDS-FY2022-SP-01.html,官方PDF已保存并校验
研究安全、科技外交与国际比较,核心科技直接材料,C-CRDS-FY2022-SP-01,2022-04-01,W3,ミッション志向型科学技術イノベーション政策と研究開発ファンディングの推進,CRDS机构正式研究,C:\Users\WINDOWS\OneDrive\知识库\智库信息爬虫\国际主要科技智库观点演变_研判\03_证据底稿\原文PDF\C-CRDS-FY2022-SP-01.pdf,C:\Users\WINDOWS\OneDrive\知识库\智库信息爬虫\国际主要科技智库观点演变_研判\03_证据底稿\文本\C-CRDS-FY2022-SP-01.txt,https://www.jst.go.jp/crds/report/CRDS-FY2022-SP-01.html,官方PDF已保存并校验
人工智能、机器人与计算系统,核心科技直接材料,C-CRDS-FY2022-RR-01,2022-05-01,W3,オープン化、国際化する研究におけるインテグリティ2022－我が国研究コミュニティにおける取組の充実に向けて－（—The Beyond Disciplines Collection—）,CRDS机构正式研究,C:\Users\WINDOWS\OneDrive\知识库\智库信息爬虫\国际主要科技智库观点演变_研判\03_证据底稿\原文PDF\C-CRDS-FY2022-RR-01.pdf,C:\Users\WINDOWS\OneDrive\知识库\智库信息爬虫\国际主要科技智库观点演变_研判\03_证据底稿\文本\C-CRDS-FY2022-RR-01.txt,https://www.jst.go.jp/crds/report/CRDS-FY2022-RR-01.html,官方PDF已保存并校验
芯片、量子、通信与网络安全,核心科技直接材料,C-CRDS-FY2022-RR-01,2022-05-01,W3,オープン化、国際化する研究におけるインテグリティ2022－我が国研究コミュニティにおける取組の充実に向けて－（—The Beyond Disciplines Collection—）,CRDS机构正式研究,C:\Users\WINDOWS\OneDrive\知识库\智库信息爬虫\国际主要科技智库观点演变_研判\03_证据底稿\原文PDF\C-CRDS-FY2022-RR-01.pdf,C:\Users\WINDOWS\OneDrive\知识库\智库信息爬虫\国际主要科技智库观点演变_研判\03_证据底稿\文本\C-CRDS-FY2022-RR-01.txt,https://www.jst.go.jp/crds/report/CRDS-FY2022-RR-01.html,官方PDF已保存并校验
先进材料、纳米与制造技术,核心科技直接材料,C-CRDS-FY2022-RR-01,2022-05-01,W3,オープン化、国際化する研究におけるインテグリティ2022－我が国研究コミュニティにおける取組の充実に向けて－（—The Beyond Disciplines Collection—）,CRDS机构正式研究,C:\Users\WINDOWS\OneDrive\知识库\智库信息爬虫\国际主要科技智库观点演变_研判\03_证据底稿\原文PDF\C-CRDS-FY2022-RR-01.pdf,C:\Users\WINDOWS\OneDrive\知识库\智库信息爬虫\国际主要科技智库观点演变_研判\03_证据底稿\文本\C-CRDS-FY2022-RR-01.txt,https://www.jst.go.jp/crds/report/CRDS-FY2022-RR-01.html,官方PDF已保存并校验
生命科学、生物技术与医疗,核心科技直接材料,C-CRDS-FY2022-RR-01,2022-05-01,W3,オープン化、国際化する研究におけるインテグリティ2022－我が国研究コミュニティにおける取組の充実に向けて－（—The Beyond Disciplines Collection—）,CRDS机构正式研究,C:\Users\WINDOWS\OneDrive\知识库\智库信息爬虫\国际主要科技智库观点演变_研判\03_证据底稿\原文PDF\C-CRDS-FY2022-RR-01.pdf,C:\Users\WINDOWS\OneDrive\知识库\智库信息爬虫\国际主要科技智库观点演变_研判\03_证据底稿\文本\C-CRDS-FY2022-RR-01.txt,https://www.jst.go.jp/crds/report/CRDS-FY2022-RR-01.html,官方PDF已保存并校验
能源、环境与绿色转型,核心科技直接材料,C-CRDS-FY2022-RR-01,2022-05-01,W3,オープン化、国際化する研究におけるインテグリティ2022－我が国研究コミュニティにおける取組の充実に向けて－（—The Beyond Disciplines Collection—）,CRDS机构正式研究,C:\Users\WINDOWS\OneDrive\知识库\智库信息爬虫\国际主要科技智库观点演变_研判\03_证据底稿\原文PDF\C-CRDS-FY2022-RR-01.pdf,C:\Users\WINDOWS\OneDrive\知识库\智库信息爬虫\国际主要科技智库观点演变_研判\03_证据底稿\文本\C-CRDS-FY2022-RR-01.txt,https://www.jst.go.jp/crds/report/CRDS-FY2022-RR-01.html,官方PDF已保存并校验
科技创新政策、科研体系与人才,核心科技直接材料,C-CRDS-FY2022-RR-01,2022-05-01,W3,オープン化、国際化する研究におけるインテグリティ2022－我が国研究コミュニティにおける取組の充実に向けて－（—The Beyond Disciplines Collection—）,CRDS机构正式研究,C:\Users\WINDOWS\OneDrive\知识库\智库信息爬虫\国际主要科技智库观点演变_研判\03_证据底稿\原文PDF\C-CRDS-FY2022-RR-01.pdf,C:\Users\WINDOWS\OneDrive\知识库\智库信息爬虫\国际主要科技智库观点演变_研判\03_证据底稿\文本\C-CRDS-FY2022-RR-01.txt,https://www.jst.go.jp/crds/report/CRDS-FY2022-RR-01.html,官方PDF已保存并校验
研究安全、科技外交与国际比较,核心科技直接材料,C-CRDS-FY2022-RR-01,2022-05-01,W3,オープン化、国際化する研究におけるインテグリティ2022－我が国研究コミュニティにおける取組の充実に向けて－（—The Beyond Disciplines Collection—）,CRDS机构正式研究,C:\Users\WINDOWS\OneDrive\知识库\智库信息爬虫\国际主要科技智库观点演变_研判\03_证据底稿\原文PDF\C-CRDS-FY2022-RR-01.pdf,C:\Users\WINDOWS\OneDrive\知识库\智库信息爬虫\国际主要科技智库观点演变_研判\03_证据底稿\文本\C-CRDS-FY2022-RR-01.txt,https://www.jst.go.jp/crds/report/CRDS-FY2022-RR-01.html,官方PDF已保存并校验
人工智能、机器人与计算系统,核心科技直接材料,C-CRDS-FY2022-SP-02,2022-08-01,W3,リアルワールド・ロボティクス　～開かれた環境に柔軟に適応するロボティクス学理基盤の創出～,CRDS机构正式研究,C:\Users\WINDOWS\OneDrive\知识库\智库信息爬虫\国际主要科技智库观点演变_研判\03_证据底稿\原文PDF\C-CRDS-FY2022-SP-02.pdf,C:\Users\WINDOWS\OneDrive\知识库\智库信息爬虫\国际主要科技智库观点演变_研判\03_证据底稿\文本\C-CRDS-FY2022-SP-02.txt,https://www.jst.go.jp/crds/report/CRDS-FY2022-SP-02.html,官方PDF已保存并校验
先进材料、纳米与制造技术,核心科技直接材料,C-CRDS-FY2022-SP-02,2022-08-01,W3,リアルワールド・ロボティクス　～開かれた環境に柔軟に適応するロボティクス学理基盤の創出～,CRDS机构正式研究,C:\Users\WINDOWS\OneDrive\知识库\智库信息爬虫\国际主要科技智库观点演变_研判\03_证据底稿\原文PDF\C-CRDS-FY2022-SP-02.pdf,C:\Users\WINDOWS\OneDrive\知识库\智库信息爬虫\国际主要科技智库观点演变_研判\03_证据底稿\文本\C-CRDS-FY2022-SP-02.txt,https://www.jst.go.jp/crds/report/CRDS-FY2022-SP-02.html,官方PDF已保存并校验
生命科学、生物技术与医疗,核心科技直接材料,C-CRDS-FY2022-SP-02,2022-08-01,W3,リアルワールド・ロボティクス　～開かれた環境に柔軟に適応するロボティクス学理基盤の創出～,CRDS机构正式研究,C:\Users\WINDOWS\OneDrive\知识库\智库信息爬虫\国际主要科技智库观点演变_研判\03_证据底稿\原文PDF\C-CRDS-FY2022-SP-02.pdf,C:\Users\WINDOWS\OneDrive\知识库\智库信息爬虫\国际主要科技智库观点演变_研判\03_证据底稿\文本\C-CRDS-FY2022-SP-02.txt,https://www.jst.go.jp/crds/report/CRDS-FY2022-SP-02.html,官方PDF已保存并校验
能源、环境与绿色转型,核心科技直接材料,C-CRDS-FY2022-SP-02,2022-08-01,W3,リアルワールド・ロボティクス　～開かれた環境に柔軟に適応するロボティクス学理基盤の創出～,CRDS机构正式研究,C:\Users\WINDOWS\OneDrive\知识库\智库信息爬虫\国际主要科技智库观点演变_研判\03_证据底稿\原文PDF\C-CRDS-FY2022-SP-02.pdf,C:\Users\WINDOWS\OneDrive\知识库\智库信息爬虫\国际主要科技智库观点演变_研判\03_证据底稿\文本\C-CRDS-FY2022-SP-02.txt,https://www.jst.go.jp/crds/report/CRDS-FY2022-SP-02.html,官方PDF已保存并校验
科技创新政策、科研体系与人才,核心科技直接材料,C-CRDS-FY2022-SP-02,2022-08-01,W3,リアルワールド・ロボティクス　～開かれた環境に柔軟に適応するロボティクス学理基盤の創出～,CRDS机构正式研究,C:\Users\WINDOWS\OneDrive\知识库\智库信息爬虫\国际主要科技智库观点演变_研判\03_证据底稿\原文PDF\C-CRDS-FY2022-SP-02.pdf,C:\Users\WINDOWS\OneDrive\知识库\智库信息爬虫\国际主要科技智库观点演变_研判\03_证据底稿\文本\C-CRDS-FY2022-SP-02.txt,https://www.jst.go.jp/crds/report/CRDS-FY2022-SP-02.html,官方PDF已保存并校验
研究安全、科技外交与国际比较,核心科技直接材料,C-CRDS-FY2022-SP-02,2022-08-01,W3,リアルワールド・ロボティクス　～開かれた環境に柔軟に適応するロボティクス学理基盤の創出～,CRDS机构正式研究,C:\Users\WINDOWS\OneDrive\知识库\智库信息爬虫\国际主要科技智库观点演变_研判\03_证据底稿\原文PDF\C-CRDS-FY2022-SP-02.pdf,C:\Users\WINDOWS\OneDrive\知识库\智库信息爬虫\国际主要科技智库观点演变_研判\03_证据底稿\文本\C-CRDS-FY2022-SP-02.txt,https://www.jst.go.jp/crds/report/CRDS-FY2022-SP-02.html,官方PDF已保存并校验
人工智能、机器人与计算系统,核心科技直接材料,C-CRDS-FY2022-SP-03,2022-09-01,W3,デジタル社会における新たなトラスト形成,CRDS机构正式研究,C:\Users\WINDOWS\OneDrive\知识库\智库信息爬虫\国际主要科技智库观点演变_研判\03_证据底稿\原文PDF\C-CRDS-FY2022-SP-03.pdf,C:\Users\WINDOWS\OneDrive\知识库\智库信息爬虫\国际主要科技智库观点演变_研判\03_证据底稿\文本\C-CRDS-FY2022-SP-03.txt,https://www.jst.go.jp/crds/report/CRDS-FY2022-SP-03.html,官方PDF已保存并校验
先进材料、纳米与制造技术,核心科技直接材料,C-CRDS-FY2022-SP-03,2022-09-01,W3,デジタル社会における新たなトラスト形成,CRDS机构正式研究,C:\Users\WINDOWS\OneDrive\知识库\智库信息爬虫\国际主要科技智库观点演变_研判\03_证据底稿\原文PDF\C-CRDS-FY2022-SP-03.pdf,C:\Users\WINDOWS\OneDrive\知识库\智库信息爬虫\国际主要科技智库观点演变_研判\03_证据底稿\文本\C-CRDS-FY2022-SP-03.txt,https://www.jst.go.jp/crds/report/CRDS-FY2022-SP-03.html,官方PDF已保存并校验
生命科学、生物技术与医疗,核心科技直接材料,C-CRDS-FY2022-SP-03,2022-09-01,W3,デジタル社会における新たなトラスト形成,CRDS机构正式研究,C:\Users\WINDOWS\OneDrive\知识库\智库信息爬虫\国际主要科技智库观点演变_研判\03_证据底稿\原文PDF\C-CRDS-FY2022-SP-03.pdf,C:\Users\WINDOWS\OneDrive\知识库\智库信息爬虫\国际主要科技智库观点演变_研判\03_证据底稿\文本\C-CRDS-FY2022-SP-03.txt,https://www.jst.go.jp/crds/report/CRDS-FY2022-SP-03.html,官方PDF已保存并校验
能源、环境与绿色转型,核心科技直接材料,C-CRDS-FY2022-SP-03,2022-09-01,W3,デジタル社会における新たなトラスト形成,CRDS机构正式研究,C:\Users\WINDOWS\OneDrive\知识库\智库信息爬虫\国际主要科技智库观点演变_研判\03_证据底稿\原文PDF\C-CRDS-FY2022-SP-03.pdf,C:\Users\WINDOWS\OneDrive\知识库\智库信息爬虫\国际主要科技智库观点演变_研判\03_证据底稿\文本\C-CRDS-FY2022-SP-03.txt,https://www.jst.go.jp/crds/report/CRDS-FY2022-SP-03.html,官方PDF已保存并校验
科技创新政策、科研体系与人才,核心科技直接材料,C-CRDS-FY2022-SP-03,2022-09-01,W3,デジタル社会における新たなトラスト形成,CRDS机构正式研究,C:\Users\WINDOWS\OneDrive\知识库\智库信息爬虫\国际主要科技智库观点演变_研判\03_证据底稿\原文PDF\C-CRDS-FY2022-SP-03.pdf,C:\Users\WINDOWS\OneDrive\知识库\智库信息爬虫\国际主要科技智库观点演变_研判\03_证据底稿\文本\C-CRDS-FY2022-SP-03.txt,https://www.jst.go.jp/crds/report/CRDS-FY2022-SP-03.html,官方PDF已保存并校验
研究安全、科技外交与国际比较,核心科技直接材料,C-CRDS-FY2022-SP-03,2022-09-01,W3,デジタル社会における新たなトラスト形成,CRDS机构正式研究,C:\Users\WINDOWS\OneDrive\知识库\智库信息爬虫\国际主要科技智库观点演变_研判\03_证据底稿\原文PDF\C-CRDS-FY2022-SP-03.pdf,C:\Users\WINDOWS\OneDrive\知识库\智库信息爬虫\国际主要科技智库观点演变_研判\03_证据底稿\文本\C-CRDS-FY2022-SP-03.txt,https://www.jst.go.jp/crds/report/CRDS-FY2022-SP-03.html,官方PDF已保存并校验
人工智能、机器人与计算系统,核心科技直接材料,C-CRDS-FY2022-XR-01,2022-11-01,W3,日本語仮訳：グローバルな研究エコシステムにおけるインテグリティとセキュリティ　OECD科学技術産業ポリシーペーパー（130号）,CRDS机构正式研究,C:\Users\WINDOWS\OneDrive\知识库\智库信息爬虫\国际主要科技智库观点演变_研判\03_证据底稿\原文PDF\C-CRDS-FY2022-XR-01.pdf,C:\Users\WINDOWS\OneDrive\知识库\智库信息爬虫\国际主要科技智库观点演变_研判\03_证据底稿\文本\C-CRDS-FY2022-XR-01.txt,https://www.jst.go.jp/crds/report/CRDS-FY2022-XR-01.html,官方PDF已保存并校验
芯片、量子、通信与网络安全,核心科技直接材料,C-CRDS-FY2022-XR-01,2022-11-01,W3,日本語仮訳：グローバルな研究エコシステムにおけるインテグリティとセキュリティ　OECD科学技術産業ポリシーペーパー（130号）,CRDS机构正式研究,C:\Users\WINDOWS\OneDrive\知识库\智库信息爬虫\国际主要科技智库观点演变_研判\03_证据底稿\原文PDF\C-CRDS-FY2022-XR-01.pdf,C:\Users\WINDOWS\OneDrive\知识库\智库信息爬虫\国际主要科技智库观点演变_研判\03_证据底稿\文本\C-CRDS-FY2022-XR-01.txt,https://www.jst.go.jp/crds/report/CRDS-FY2022-XR-01.html,官方PDF已保存并校验
先进材料、纳米与制造技术,核心科技直接材料,C-CRDS-FY2022-XR-01,2022-11-01,W3,日本語仮訳：グローバルな研究エコシステムにおけるインテグリティとセキュリティ　OECD科学技術産業ポリシーペーパー（130号）,CRDS机构正式研究,C:\Users\WINDOWS\OneDrive\知识库\智库信息爬虫\国际主要科技智库观点演变_研判\03_证据底稿\原文PDF\C-CRDS-FY2022-XR-01.pdf,C:\Users\WINDOWS\OneDrive\知识库\智库信息爬虫\国际主要科技智库观点演变_研判\03_证据底稿\文本\C-CRDS-FY2022-XR-01.txt,https://www.jst.go.jp/crds/report/CRDS-FY2022-XR-01.html,官方PDF已保存并校验
生命科学、生物技术与医疗,核心科技直接材料,C-CRDS-FY2022-XR-01,2022-11-01,W3,日本語仮訳：グローバルな研究エコシステムにおけるインテグリティとセキュリティ　OECD科学技術産業ポリシーペーパー（130号）,CRDS机构正式研究,C:\Users\WINDOWS\OneDrive\知识库\智库信息爬虫\国际主要科技智库观点演变_研判\03_证据底稿\原文PDF\C-CRDS-FY2022-XR-01.pdf,C:\Users\WINDOWS\OneDrive\知识库\智库信息爬虫\国际主要科技智库观点演变_研判\03_证据底稿\文本\C-CRDS-FY2022-XR-01.txt,https://www.jst.go.jp/crds/report/CRDS-FY2022-XR-01.html,官方PDF已保存并校验
能源、环境与绿色转型,核心科技直接材料,C-CRDS-FY2022-XR-01,2022-11-01,W3,日本語仮訳：グローバルな研究エコシステムにおけるインテグリティとセキュリティ　OECD科学技術産業ポリシーペーパー（130号）,CRDS机构正式研究,C:\Users\WINDOWS\OneDrive\知识库\智库信息爬虫\国际主要科技智库观点演变_研判\03_证据底稿\原文PDF\C-CRDS-FY2022-XR-01.pdf,C:\Users\WINDOWS\OneDrive\知识库\智库信息爬虫\国际主要科技智库观点演变_研判\03_证据底稿\文本\C-CRDS-FY2022-XR-01.txt,https://www.jst.go.jp/crds/report/CRDS-FY2022-XR-01.html,官方PDF已保存并校验
科技创新政策、科研体系与人才,核心科技直接材料,C-CRDS-FY2022-XR-01,2022-11-01,W3,日本語仮訳：グローバルな研究エコシステムにおけるインテグリティとセキュリティ　OECD科学技術産業ポリシーペーパー（130号）,CRDS机构正式研究,C:\Users\WINDOWS\OneDrive\知识库\智库信息爬虫\国际主要科技智库观点演变_研判\03_证据底稿\原文PDF\C-CRDS-FY2022-XR-01.pdf,C:\Users\WINDOWS\OneDrive\知识库\智库信息爬虫\国际主要科技智库观点演变_研判\03_证据底稿\文本\C-CRDS-FY2022-XR-01.txt,https://www.jst.go.jp/crds/report/CRDS-FY2022-XR-01.html,官方PDF已保存并校验
研究安全、科技外交与国际比较,核心科技直接材料,C-CRDS-FY2022-XR-01,2022-11-01,W3,日本語仮訳：グローバルな研究エコシステムにおけるインテグリティとセキュリティ　OECD科学技術産業ポリシーペーパー（130号）,CRDS机构正式研究,C:\Users\WINDOWS\OneDrive\知识库\智库信息爬虫\国际主要科技智库观点演变_研判\03_证据底稿\原文PDF\C-CRDS-FY2022-XR-01.pdf,C:\Users\WINDOWS\OneDrive\知识库\智库信息爬虫\国际主要科技智库观点演变_研判\03_证据底稿\文本\C-CRDS-FY2022-XR-01.txt,https://www.jst.go.jp/crds/report/CRDS-FY2022-XR-01.html,官方PDF已保存并校验
人工智能、机器人与计算系统,核心科技直接材料,C-CRDS-FY2022-FR-02,2023-03-01,W3,研究開発の俯瞰報告書　科学技術・イノベーション政策の国際動向（2023年）,CRDS机构正式研究,C:\Users\WINDOWS\OneDrive\知识库\智库信息爬虫\国际主要科技智库观点演变_研判\03_证据底稿\原文PDF\C-CRDS-FY2022-FR-02.pdf,C:\Users\WINDOWS\OneDrive\知识库\智库信息爬虫\国际主要科技智库观点演变_研判\03_证据底稿\文本\C-CRDS-FY2022-FR-02.txt,https://www.jst.go.jp/crds/report/CRDS-FY2022-FR-02.html,官方PDF已保存并校验
先进材料、纳米与制造技术,核心科技直接材料,C-CRDS-FY2022-FR-02,2023-03-01,W3,研究開発の俯瞰報告書　科学技術・イノベーション政策の国際動向（2023年）,CRDS机构正式研究,C:\Users\WINDOWS\OneDrive\知识库\智库信息爬虫\国际主要科技智库观点演变_研判\03_证据底稿\原文PDF\C-CRDS-FY2022-FR-02.pdf,C:\Users\WINDOWS\OneDrive\知识库\智库信息爬虫\国际主要科技智库观点演变_研判\03_证据底稿\文本\C-CRDS-FY2022-FR-02.txt,https://www.jst.go.jp/crds/report/CRDS-FY2022-FR-02.html,官方PDF已保存并校验
生命科学、生物技术与医疗,核心科技直接材料,C-CRDS-FY2022-FR-02,2023-03-01,W3,研究開発の俯瞰報告書　科学技術・イノベーション政策の国際動向（2023年）,CRDS机构正式研究,C:\Users\WINDOWS\OneDrive\知识库\智库信息爬虫\国际主要科技智库观点演变_研判\03_证据底稿\原文PDF\C-CRDS-FY2022-FR-02.pdf,C:\Users\WINDOWS\OneDrive\知识库\智库信息爬虫\国际主要科技智库观点演变_研判\03_证据底稿\文本\C-CRDS-FY2022-FR-02.txt,https://www.jst.go.jp/crds/report/CRDS-FY2022-FR-02.html,官方PDF已保存并校验
能源、环境与绿色转型,核心科技直接材料,C-CRDS-FY2022-FR-02,2023-03-01,W3,研究開発の俯瞰報告書　科学技術・イノベーション政策の国際動向（2023年）,CRDS机构正式研究,C:\Users\WINDOWS\OneDrive\知识库\智库信息爬虫\国际主要科技智库观点演变_研判\03_证据底稿\原文PDF\C-CRDS-FY2022-FR-02.pdf,C:\Users\WINDOWS\OneDrive\知识库\智库信息爬虫\国际主要科技智库观点演变_研判\03_证据底稿\文本\C-CRDS-FY2022-FR-02.txt,https://www.jst.go.jp/crds/report/CRDS-FY2022-FR-02.html,官方PDF已保存并校验
科技创新政策、科研体系与人才,核心科技直接材料,C-CRDS-FY2022-FR-02,2023-03-01,W3,研究開発の俯瞰報告書　科学技術・イノベーション政策の国際動向（2023年）,CRDS机构正式研究,C:\Users\WINDOWS\OneDrive\知识库\智库信息爬虫\国际主要科技智库观点演变_研判\03_证据底稿\原文PDF\C-CRDS-FY2022-FR-02.pdf,C:\Users\WINDOWS\OneDrive\知识库\智库信息爬虫\国际主要科技智库观点演变_研判\03_证据底稿\文本\C-CRDS-FY2022-FR-02.txt,https://www.jst.go.jp/crds/report/CRDS-FY2022-FR-02.html,官方PDF已保存并校验
研究安全、科技外交与国际比较,核心科技直接材料,C-CRDS-FY2022-FR-02,2023-03-01,W3,研究開発の俯瞰報告書　科学技術・イノベーション政策の国際動向（2023年）,CRDS机构正式研究,C:\Users\WINDOWS\OneDrive\知识库\智库信息爬虫\国际主要科技智库观点演变_研判\03_证据底稿\原文PDF\C-CRDS-FY2022-FR-02.pdf,C:\Users\WINDOWS\OneDrive\知识库\智库信息爬虫\国际主要科技智库观点演变_研判\03_证据底稿\文本\C-CRDS-FY2022-FR-02.txt,https://www.jst.go.jp/crds/report/CRDS-FY2022-FR-02.html,官方PDF已保存并校验
中国科技政策与能力比较,核心科技直接材料,C-CRDS-FY2022-FR-02,2023-03-01,W3,研究開発の俯瞰報告書　科学技術・イノベーション政策の国際動向（2023年）,CRDS机构正式研究,C:\Users\WINDOWS\OneDrive\知识库\智库信息爬虫\国际主要科技智库观点演变_研判\03_证据底稿\原文PDF\C-CRDS-FY2022-FR-02.pdf,C:\Users\WINDOWS\OneDrive\知识库\智库信息爬虫\国际主要科技智库观点演变_研判\03_证据底稿\文本\C-CRDS-FY2022-FR-02.txt,https://www.jst.go.jp/crds/report/CRDS-FY2022-FR-02.html,官方PDF已保存并校验
人工智能、机器人与计算系统,核心科技直接材料,C-CRDS-FY2022-FR-03,2023-03-01,W3,研究開発の俯瞰報告書　環境・エネルギー分野（2023年）,CRDS机构正式研究,C:\Users\WINDOWS\OneDrive\知识库\智库信息爬虫\国际主要科技智库观点演变_研判\03_证据底稿\原文PDF\C-CRDS-FY2022-FR-03.pdf,C:\Users\WINDOWS\OneDrive\知识库\智库信息爬虫\国际主要科技智库观点演变_研判\03_证据底稿\文本\C-CRDS-FY2022-FR-03.txt,https://www.jst.go.jp/crds/report/CRDS-FY2022-FR-03.html,官方PDF已保存并校验
芯片、量子、通信与网络安全,核心科技直接材料,C-CRDS-FY2022-FR-03,2023-03-01,W3,研究開発の俯瞰報告書　環境・エネルギー分野（2023年）,CRDS机构正式研究,C:\Users\WINDOWS\OneDrive\知识库\智库信息爬虫\国际主要科技智库观点演变_研判\03_证据底稿\原文PDF\C-CRDS-FY2022-FR-03.pdf,C:\Users\WINDOWS\OneDrive\知识库\智库信息爬虫\国际主要科技智库观点演变_研判\03_证据底稿\文本\C-CRDS-FY2022-FR-03.txt,https://www.jst.go.jp/crds/report/CRDS-FY2022-FR-03.html,官方PDF已保存并校验
先进材料、纳米与制造技术,核心科技直接材料,C-CRDS-FY2022-FR-03,2023-03-01,W3,研究開発の俯瞰報告書　環境・エネルギー分野（2023年）,CRDS机构正式研究,C:\Users\WINDOWS\OneDrive\知识库\智库信息爬虫\国际主要科技智库观点演变_研判\03_证据底稿\原文PDF\C-CRDS-FY2022-FR-03.pdf,C:\Users\WINDOWS\OneDrive\知识库\智库信息爬虫\国际主要科技智库观点演变_研判\03_证据底稿\文本\C-CRDS-FY2022-FR-03.txt,https://www.jst.go.jp/crds/report/CRDS-FY2022-FR-03.html,官方PDF已保存并校验
生命科学、生物技术与医疗,核心科技直接材料,C-CRDS-FY2022-FR-03,2023-03-01,W3,研究開発の俯瞰報告書　環境・エネルギー分野（2023年）,CRDS机构正式研究,C:\Users\WINDOWS\OneDrive\知识库\智库信息爬虫\国际主要科技智库观点演变_研判\03_证据底稿\原文PDF\C-CRDS-FY2022-FR-03.pdf,C:\Users\WINDOWS\OneDrive\知识库\智库信息爬虫\国际主要科技智库观点演变_研判\03_证据底稿\文本\C-CRDS-FY2022-FR-03.txt,https://www.jst.go.jp/crds/report/CRDS-FY2022-FR-03.html,官方PDF已保存并校验
能源、环境与绿色转型,核心科技直接材料,C-CRDS-FY2022-FR-03,2023-03-01,W3,研究開発の俯瞰報告書　環境・エネルギー分野（2023年）,CRDS机构正式研究,C:\Users\WINDOWS\OneDrive\知识库\智库信息爬虫\国际主要科技智库观点演变_研判\03_证据底稿\原文PDF\C-CRDS-FY2022-FR-03.pdf,C:\Users\WINDOWS\OneDrive\知识库\智库信息爬虫\国际主要科技智库观点演变_研判\03_证据底稿\文本\C-CRDS-FY2022-FR-03.txt,https://www.jst.go.jp/crds/report/CRDS-FY2022-FR-03.html,官方PDF已保存并校验
科技创新政策、科研体系与人才,核心科技直接材料,C-CRDS-FY2022-FR-03,2023-03-01,W3,研究開発の俯瞰報告書　環境・エネルギー分野（2023年）,CRDS机构正式研究,C:\Users\WINDOWS\OneDrive\知识库\智库信息爬虫\国际主要科技智库观点演变_研判\03_证据底稿\原文PDF\C-CRDS-FY2022-FR-03.pdf,C:\Users\WINDOWS\OneDrive\知识库\智库信息爬虫\国际主要科技智库观点演变_研判\03_证据底稿\文本\C-CRDS-FY2022-FR-03.txt,https://www.jst.go.jp/crds/report/CRDS-FY2022-FR-03.html,官方PDF已保存并校验
研究安全、科技外交与国际比较,核心科技直接材料,C-CRDS-FY2022-FR-03,2023-03-01,W3,研究開発の俯瞰報告書　環境・エネルギー分野（2023年）,CRDS机构正式研究,C:\Users\WINDOWS\OneDrive\知识库\智库信息爬虫\国际主要科技智库观点演变_研判\03_证据底稿\原文PDF\C-CRDS-FY2022-FR-03.pdf,C:\Users\WINDOWS\OneDrive\知识库\智库信息爬虫\国际主要科技智库观点演变_研判\03_证据底稿\文本\C-CRDS-FY2022-FR-03.txt,https://www.jst.go.jp/crds/report/CRDS-FY2022-FR-03.html,官方PDF已保存并校验
人工智能、机器人与计算系统,核心科技直接材料,C-CRDS-FY2022-FR-04,2023-03-01,W3,研究開発の俯瞰報告書　システム・情報科学技術分野（2023年）,CRDS机构正式研究,C:\Users\WINDOWS\OneDrive\知识库\智库信息爬虫\国际主要科技智库观点演变_研判\03_证据底稿\原文PDF\C-CRDS-FY2022-FR-04.pdf,C:\Users\WINDOWS\OneDrive\知识库\智库信息爬虫\国际主要科技智库观点演变_研判\03_证据底稿\文本\C-CRDS-FY2022-FR-04.txt,https://www.jst.go.jp/crds/report/CRDS-FY2022-FR-04.html,官方PDF已保存并校验
芯片、量子、通信与网络安全,核心科技直接材料,C-CRDS-FY2022-FR-04,2023-03-01,W3,研究開発の俯瞰報告書　システム・情報科学技術分野（2023年）,CRDS机构正式研究,C:\Users\WINDOWS\OneDrive\知识库\智库信息爬虫\国际主要科技智库观点演变_研判\03_证据底稿\原文PDF\C-CRDS-FY2022-FR-04.pdf,C:\Users\WINDOWS\OneDrive\知识库\智库信息爬虫\国际主要科技智库观点演变_研判\03_证据底稿\文本\C-CRDS-FY2022-FR-04.txt,https://www.jst.go.jp/crds/report/CRDS-FY2022-FR-04.html,官方PDF已保存并校验
先进材料、纳米与制造技术,核心科技直接材料,C-CRDS-FY2022-FR-04,2023-03-01,W3,研究開発の俯瞰報告書　システム・情報科学技術分野（2023年）,CRDS机构正式研究,C:\Users\WINDOWS\OneDrive\知识库\智库信息爬虫\国际主要科技智库观点演变_研判\03_证据底稿\原文PDF\C-CRDS-FY2022-FR-04.pdf,C:\Users\WINDOWS\OneDrive\知识库\智库信息爬虫\国际主要科技智库观点演变_研判\03_证据底稿\文本\C-CRDS-FY2022-FR-04.txt,https://www.jst.go.jp/crds/report/CRDS-FY2022-FR-04.html,官方PDF已保存并校验
生命科学、生物技术与医疗,核心科技直接材料,C-CRDS-FY2022-FR-04,2023-03-01,W3,研究開発の俯瞰報告書　システム・情報科学技術分野（2023年）,CRDS机构正式研究,C:\Users\WINDOWS\OneDrive\知识库\智库信息爬虫\国际主要科技智库观点演变_研判\03_证据底稿\原文PDF\C-CRDS-FY2022-FR-04.pdf,C:\Users\WINDOWS\OneDrive\知识库\智库信息爬虫\国际主要科技智库观点演变_研判\03_证据底稿\文本\C-CRDS-FY2022-FR-04.txt,https://www.jst.go.jp/crds/report/CRDS-FY2022-FR-04.html,官方PDF已保存并校验
能源、环境与绿色转型,核心科技直接材料,C-CRDS-FY2022-FR-04,2023-03-01,W3,研究開発の俯瞰報告書　システム・情報科学技術分野（2023年）,CRDS机构正式研究,C:\Users\WINDOWS\OneDrive\知识库\智库信息爬虫\国际主要科技智库观点演变_研判\03_证据底稿\原文PDF\C-CRDS-FY2022-FR-04.pdf,C:\Users\WINDOWS\OneDrive\知识库\智库信息爬虫\国际主要科技智库观点演变_研判\03_证据底稿\文本\C-CRDS-FY2022-FR-04.txt,https://www.jst.go.jp/crds/report/CRDS-FY2022-FR-04.html,官方PDF已保存并校验
科技创新政策、科研体系与人才,核心科技直接材料,C-CRDS-FY2022-FR-04,2023-03-01,W3,研究開発の俯瞰報告書　システム・情報科学技術分野（2023年）,CRDS机构正式研究,C:\Users\WINDOWS\OneDrive\知识库\智库信息爬虫\国际主要科技智库观点演变_研判\03_证据底稿\原文PDF\C-CRDS-FY2022-FR-04.pdf,C:\Users\WINDOWS\OneDrive\知识库\智库信息爬虫\国际主要科技智库观点演变_研判\03_证据底稿\文本\C-CRDS-FY2022-FR-04.txt,https://www.jst.go.jp/crds/report/CRDS-FY2022-FR-04.html,官方PDF已保存并校验
研究安全、科技外交与国际比较,核心科技直接材料,C-CRDS-FY2022-FR-04,2023-03-01,W3,研究開発の俯瞰報告書　システム・情報科学技術分野（2023年）,CRDS机构正式研究,C:\Users\WINDOWS\OneDrive\知识库\智库信息爬虫\国际主要科技智库观点演变_研判\03_证据底稿\原文PDF\C-CRDS-FY2022-FR-04.pdf,C:\Users\WINDOWS\OneDrive\知识库\智库信息爬虫\国际主要科技智库观点演变_研判\03_证据底稿\文本\C-CRDS-FY2022-FR-04.txt,https://www.jst.go.jp/crds/report/CRDS-FY2022-FR-04.html,官方PDF已保存并校验
人工智能、机器人与计算系统,核心科技直接材料,C-CRDS-FY2022-FR-05,2023-03-01,W3,研究開発の俯瞰報告書　ナノテクノロジー・材料分野（2023年）,CRDS机构正式研究,C:\Users\WINDOWS\OneDrive\知识库\智库信息爬虫\国际主要科技智库观点演变_研判\03_证据底稿\原文PDF\C-CRDS-FY2022-FR-05.pdf,C:\Users\WINDOWS\OneDrive\知识库\智库信息爬虫\国际主要科技智库观点演变_研判\03_证据底稿\文本\C-CRDS-FY2022-FR-05.txt,https://www.jst.go.jp/crds/report/CRDS-FY2022-FR-05.html,官方PDF已保存并校验
芯片、量子、通信与网络安全,核心科技直接材料,C-CRDS-FY2022-FR-05,2023-03-01,W3,研究開発の俯瞰報告書　ナノテクノロジー・材料分野（2023年）,CRDS机构正式研究,C:\Users\WINDOWS\OneDrive\知识库\智库信息爬虫\国际主要科技智库观点演变_研判\03_证据底稿\原文PDF\C-CRDS-FY2022-FR-05.pdf,C:\Users\WINDOWS\OneDrive\知识库\智库信息爬虫\国际主要科技智库观点演变_研判\03_证据底稿\文本\C-CRDS-FY2022-FR-05.txt,https://www.jst.go.jp/crds/report/CRDS-FY2022-FR-05.html,官方PDF已保存并校验
先进材料、纳米与制造技术,核心科技直接材料,C-CRDS-FY2022-FR-05,2023-03-01,W3,研究開発の俯瞰報告書　ナノテクノロジー・材料分野（2023年）,CRDS机构正式研究,C:\Users\WINDOWS\OneDrive\知识库\智库信息爬虫\国际主要科技智库观点演变_研判\03_证据底稿\原文PDF\C-CRDS-FY2022-FR-05.pdf,C:\Users\WINDOWS\OneDrive\知识库\智库信息爬虫\国际主要科技智库观点演变_研判\03_证据底稿\文本\C-CRDS-FY2022-FR-05.txt,https://www.jst.go.jp/crds/report/CRDS-FY2022-FR-05.html,官方PDF已保存并校验
生命科学、生物技术与医疗,核心科技直接材料,C-CRDS-FY2022-FR-05,2023-03-01,W3,研究開発の俯瞰報告書　ナノテクノロジー・材料分野（2023年）,CRDS机构正式研究,C:\Users\WINDOWS\OneDrive\知识库\智库信息爬虫\国际主要科技智库观点演变_研判\03_证据底稿\原文PDF\C-CRDS-FY2022-FR-05.pdf,C:\Users\WINDOWS\OneDrive\知识库\智库信息爬虫\国际主要科技智库观点演变_研判\03_证据底稿\文本\C-CRDS-FY2022-FR-05.txt,https://www.jst.go.jp/crds/report/CRDS-FY2022-FR-05.html,官方PDF已保存并校验
能源、环境与绿色转型,核心科技直接材料,C-CRDS-FY2022-FR-05,2023-03-01,W3,研究開発の俯瞰報告書　ナノテクノロジー・材料分野（2023年）,CRDS机构正式研究,C:\Users\WINDOWS\OneDrive\知识库\智库信息爬虫\国际主要科技智库观点演变_研判\03_证据底稿\原文PDF\C-CRDS-FY2022-FR-05.pdf,C:\Users\WINDOWS\OneDrive\知识库\智库信息爬虫\国际主要科技智库观点演变_研判\03_证据底稿\文本\C-CRDS-FY2022-FR-05.txt,https://www.jst.go.jp/crds/report/CRDS-FY2022-FR-05.html,官方PDF已保存并校验
科技创新政策、科研体系与人才,核心科技直接材料,C-CRDS-FY2022-FR-05,2023-03-01,W3,研究開発の俯瞰報告書　ナノテクノロジー・材料分野（2023年）,CRDS机构正式研究,C:\Users\WINDOWS\OneDrive\知识库\智库信息爬虫\国际主要科技智库观点演变_研判\03_证据底稿\原文PDF\C-CRDS-FY2022-FR-05.pdf,C:\Users\WINDOWS\OneDrive\知识库\智库信息爬虫\国际主要科技智库观点演变_研判\03_证据底稿\文本\C-CRDS-FY2022-FR-05.txt,https://www.jst.go.jp/crds/report/CRDS-FY2022-FR-05.html,官方PDF已保存并校验
研究安全、科技外交与国际比较,核心科技直接材料,C-CRDS-FY2022-FR-05,2023-03-01,W3,研究開発の俯瞰報告書　ナノテクノロジー・材料分野（2023年）,CRDS机构正式研究,C:\Users\WINDOWS\OneDrive\知识库\智库信息爬虫\国际主要科技智库观点演变_研判\03_证据底稿\原文PDF\C-CRDS-FY2022-FR-05.pdf,C:\Users\WINDOWS\OneDrive\知识库\智库信息爬虫\国际主要科技智库观点演变_研判\03_证据底稿\文本\C-CRDS-FY2022-FR-05.txt,https://www.jst.go.jp/crds/report/CRDS-FY2022-FR-05.html,官方PDF已保存并校验
人工智能、机器人与计算系统,核心科技直接材料,C-CRDS-FY2022-FR-06,2023-03-01,W3,研究開発の俯瞰報告書　ライフサイエンス・臨床医学分野（2023年）,CRDS机构正式研究,C:\Users\WINDOWS\OneDrive\知识库\智库信息爬虫\国际主要科技智库观点演变_研判\03_证据底稿\原文PDF\C-CRDS-FY2022-FR-06.pdf,C:\Users\WINDOWS\OneDrive\知识库\智库信息爬虫\国际主要科技智库观点演变_研判\03_证据底稿\文本\C-CRDS-FY2022-FR-06.txt,https://www.jst.go.jp/crds/report/CRDS-FY2022-FR-06.html,官方PDF已保存并校验
芯片、量子、通信与网络安全,核心科技直接材料,C-CRDS-FY2022-FR-06,2023-03-01,W3,研究開発の俯瞰報告書　ライフサイエンス・臨床医学分野（2023年）,CRDS机构正式研究,C:\Users\WINDOWS\OneDrive\知识库\智库信息爬虫\国际主要科技智库观点演变_研判\03_证据底稿\原文PDF\C-CRDS-FY2022-FR-06.pdf,C:\Users\WINDOWS\OneDrive\知识库\智库信息爬虫\国际主要科技智库观点演变_研判\03_证据底稿\文本\C-CRDS-FY2022-FR-06.txt,https://www.jst.go.jp/crds/report/CRDS-FY2022-FR-06.html,官方PDF已保存并校验
先进材料、纳米与制造技术,核心科技直接材料,C-CRDS-FY2022-FR-06,2023-03-01,W3,研究開発の俯瞰報告書　ライフサイエンス・臨床医学分野（2023年）,CRDS机构正式研究,C:\Users\WINDOWS\OneDrive\知识库\智库信息爬虫\国际主要科技智库观点演变_研判\03_证据底稿\原文PDF\C-CRDS-FY2022-FR-06.pdf,C:\Users\WINDOWS\OneDrive\知识库\智库信息爬虫\国际主要科技智库观点演变_研判\03_证据底稿\文本\C-CRDS-FY2022-FR-06.txt,https://www.jst.go.jp/crds/report/CRDS-FY2022-FR-06.html,官方PDF已保存并校验
生命科学、生物技术与医疗,核心科技直接材料,C-CRDS-FY2022-FR-06,2023-03-01,W3,研究開発の俯瞰報告書　ライフサイエンス・臨床医学分野（2023年）,CRDS机构正式研究,C:\Users\WINDOWS\OneDrive\知识库\智库信息爬虫\国际主要科技智库观点演变_研判\03_证据底稿\原文PDF\C-CRDS-FY2022-FR-06.pdf,C:\Users\WINDOWS\OneDrive\知识库\智库信息爬虫\国际主要科技智库观点演变_研判\03_证据底稿\文本\C-CRDS-FY2022-FR-06.txt,https://www.jst.go.jp/crds/report/CRDS-FY2022-FR-06.html,官方PDF已保存并校验
能源、环境与绿色转型,核心科技直接材料,C-CRDS-FY2022-FR-06,2023-03-01,W3,研究開発の俯瞰報告書　ライフサイエンス・臨床医学分野（2023年）,CRDS机构正式研究,C:\Users\WINDOWS\OneDrive\知识库\智库信息爬虫\国际主要科技智库观点演变_研判\03_证据底稿\原文PDF\C-CRDS-FY2022-FR-06.pdf,C:\Users\WINDOWS\OneDrive\知识库\智库信息爬虫\国际主要科技智库观点演变_研判\03_证据底稿\文本\C-CRDS-FY2022-FR-06.txt,https://www.jst.go.jp/crds/report/CRDS-FY2022-FR-06.html,官方PDF已保存并校验
科技创新政策、科研体系与人才,核心科技直接材料,C-CRDS-FY2022-FR-06,2023-03-01,W3,研究開発の俯瞰報告書　ライフサイエンス・臨床医学分野（2023年）,CRDS机构正式研究,C:\Users\WINDOWS\OneDrive\知识库\智库信息爬虫\国际主要科技智库观点演变_研判\03_证据底稿\原文PDF\C-CRDS-FY2022-FR-06.pdf,C:\Users\WINDOWS\OneDrive\知识库\智库信息爬虫\国际主要科技智库观点演变_研判\03_证据底稿\文本\C-CRDS-FY2022-FR-06.txt,https://www.jst.go.jp/crds/report/CRDS-FY2022-FR-06.html,官方PDF已保存并校验
研究安全、科技外交与国际比较,核心科技直接材料,C-CRDS-FY2022-FR-06,2023-03-01,W3,研究開発の俯瞰報告書　ライフサイエンス・臨床医学分野（2023年）,CRDS机构正式研究,C:\Users\WINDOWS\OneDrive\知识库\智库信息爬虫\国际主要科技智库观点演变_研判\03_证据底稿\原文PDF\C-CRDS-FY2022-FR-06.pdf,C:\Users\WINDOWS\OneDrive\知识库\智库信息爬虫\国际主要科技智库观点演变_研判\03_证据底稿\文本\C-CRDS-FY2022-FR-06.txt,https://www.jst.go.jp/crds/report/CRDS-FY2022-FR-06.html,官方PDF已保存并校验
人工智能、机器人与计算系统,核心科技直接材料,C-CRDS-FY2022-FR-07,2023-03-01,W3,研究開発の俯瞰報告書　日本の科学技術・イノベーション政策の動向（2023年）,CRDS机构正式研究,C:\Users\WINDOWS\OneDrive\知识库\智库信息爬虫\国际主要科技智库观点演变_研判\03_证据底稿\原文PDF\C-CRDS-FY2022-FR-07.pdf,C:\Users\WINDOWS\OneDrive\知识库\智库信息爬虫\国际主要科技智库观点演变_研判\03_证据底稿\文本\C-CRDS-FY2022-FR-07.txt,https://www.jst.go.jp/crds/report/CRDS-FY2022-FR-07.html,官方PDF已保存并校验
先进材料、纳米与制造技术,核心科技直接材料,C-CRDS-FY2022-FR-07,2023-03-01,W3,研究開発の俯瞰報告書　日本の科学技術・イノベーション政策の動向（2023年）,CRDS机构正式研究,C:\Users\WINDOWS\OneDrive\知识库\智库信息爬虫\国际主要科技智库观点演变_研判\03_证据底稿\原文PDF\C-CRDS-FY2022-FR-07.pdf,C:\Users\WINDOWS\OneDrive\知识库\智库信息爬虫\国际主要科技智库观点演变_研判\03_证据底稿\文本\C-CRDS-FY2022-FR-07.txt,https://www.jst.go.jp/crds/report/CRDS-FY2022-FR-07.html,官方PDF已保存并校验
生命科学、生物技术与医疗,核心科技直接材料,C-CRDS-FY2022-FR-07,2023-03-01,W3,研究開発の俯瞰報告書　日本の科学技術・イノベーション政策の動向（2023年）,CRDS机构正式研究,C:\Users\WINDOWS\OneDrive\知识库\智库信息爬虫\国际主要科技智库观点演变_研判\03_证据底稿\原文PDF\C-CRDS-FY2022-FR-07.pdf,C:\Users\WINDOWS\OneDrive\知识库\智库信息爬虫\国际主要科技智库观点演变_研判\03_证据底稿\文本\C-CRDS-FY2022-FR-07.txt,https://www.jst.go.jp/crds/report/CRDS-FY2022-FR-07.html,官方PDF已保存并校验
能源、环境与绿色转型,核心科技直接材料,C-CRDS-FY2022-FR-07,2023-03-01,W3,研究開発の俯瞰報告書　日本の科学技術・イノベーション政策の動向（2023年）,CRDS机构正式研究,C:\Users\WINDOWS\OneDrive\知识库\智库信息爬虫\国际主要科技智库观点演变_研判\03_证据底稿\原文PDF\C-CRDS-FY2022-FR-07.pdf,C:\Users\WINDOWS\OneDrive\知识库\智库信息爬虫\国际主要科技智库观点演变_研判\03_证据底稿\文本\C-CRDS-FY2022-FR-07.txt,https://www.jst.go.jp/crds/report/CRDS-FY2022-FR-07.html,官方PDF已保存并校验
科技创新政策、科研体系与人才,核心科技直接材料,C-CRDS-FY2022-FR-07,2023-03-01,W3,研究開発の俯瞰報告書　日本の科学技術・イノベーション政策の動向（2023年）,CRDS机构正式研究,C:\Users\WINDOWS\OneDrive\知识库\智库信息爬虫\国际主要科技智库观点演变_研判\03_证据底稿\原文PDF\C-CRDS-FY2022-FR-07.pdf,C:\Users\WINDOWS\OneDrive\知识库\智库信息爬虫\国际主要科技智库观点演变_研判\03_证据底稿\文本\C-CRDS-FY2022-FR-07.txt,https://www.jst.go.jp/crds/report/CRDS-FY2022-FR-07.html,官方PDF已保存并校验
研究安全、科技外交与国际比较,核心科技直接材料,C-CRDS-FY2022-FR-07,2023-03-01,W3,研究開発の俯瞰報告書　日本の科学技術・イノベーション政策の動向（2023年）,CRDS机构正式研究,C:\Users\WINDOWS\OneDrive\知识库\智库信息爬虫\国际主要科技智库观点演变_研判\03_证据底稿\原文PDF\C-CRDS-FY2022-FR-07.pdf,C:\Users\WINDOWS\OneDrive\知识库\智库信息爬虫\国际主要科技智库观点演变_研判\03_证据底稿\文本\C-CRDS-FY2022-FR-07.txt,https://www.jst.go.jp/crds/report/CRDS-FY2022-FR-07.html,官方PDF已保存并校验
人工智能、机器人与计算系统,核心科技直接材料,C-CRDS-FY2022-RR-02,2023-03-01,W3,我が国の産業競争力強化に資する工学基盤研究の今後の在り方　～日本とドイツの比較から～,CRDS机构正式研究,C:\Users\WINDOWS\OneDrive\知识库\智库信息爬虫\国际主要科技智库观点演变_研判\03_证据底稿\原文PDF\C-CRDS-FY2022-RR-02.pdf,C:\Users\WINDOWS\OneDrive\知识库\智库信息爬虫\国际主要科技智库观点演变_研判\03_证据底稿\文本\C-CRDS-FY2022-RR-02.txt,https://www.jst.go.jp/crds/report/CRDS-FY2022-RR-02.html,官方PDF已保存并校验
芯片、量子、通信与网络安全,核心科技直接材料,C-CRDS-FY2022-RR-02,2023-03-01,W3,我が国の産業競争力強化に資する工学基盤研究の今後の在り方　～日本とドイツの比較から～,CRDS机构正式研究,C:\Users\WINDOWS\OneDrive\知识库\智库信息爬虫\国际主要科技智库观点演变_研判\03_证据底稿\原文PDF\C-CRDS-FY2022-RR-02.pdf,C:\Users\WINDOWS\OneDrive\知识库\智库信息爬虫\国际主要科技智库观点演变_研判\03_证据底稿\文本\C-CRDS-FY2022-RR-02.txt,https://www.jst.go.jp/crds/report/CRDS-FY2022-RR-02.html,官方PDF已保存并校验
先进材料、纳米与制造技术,核心科技直接材料,C-CRDS-FY2022-RR-02,2023-03-01,W3,我が国の産業競争力強化に資する工学基盤研究の今後の在り方　～日本とドイツの比較から～,CRDS机构正式研究,C:\Users\WINDOWS\OneDrive\知识库\智库信息爬虫\国际主要科技智库观点演变_研判\03_证据底稿\原文PDF\C-CRDS-FY2022-RR-02.pdf,C:\Users\WINDOWS\OneDrive\知识库\智库信息爬虫\国际主要科技智库观点演变_研判\03_证据底稿\文本\C-CRDS-FY2022-RR-02.txt,https://www.jst.go.jp/crds/report/CRDS-FY2022-RR-02.html,官方PDF已保存并校验
生命科学、生物技术与医疗,核心科技直接材料,C-CRDS-FY2022-RR-02,2023-03-01,W3,我が国の産業競争力強化に資する工学基盤研究の今後の在り方　～日本とドイツの比較から～,CRDS机构正式研究,C:\Users\WINDOWS\OneDrive\知识库\智库信息爬虫\国际主要科技智库观点演变_研判\03_证据底稿\原文PDF\C-CRDS-FY2022-RR-02.pdf,C:\Users\WINDOWS\OneDrive\知识库\智库信息爬虫\国际主要科技智库观点演变_研判\03_证据底稿\文本\C-CRDS-FY2022-RR-02.txt,https://www.jst.go.jp/crds/report/CRDS-FY2022-RR-02.html,官方PDF已保存并校验
能源、环境与绿色转型,核心科技直接材料,C-CRDS-FY2022-RR-02,2023-03-01,W3,我が国の産業競争力強化に資する工学基盤研究の今後の在り方　～日本とドイツの比較から～,CRDS机构正式研究,C:\Users\WINDOWS\OneDrive\知识库\智库信息爬虫\国际主要科技智库观点演变_研判\03_证据底稿\原文PDF\C-CRDS-FY2022-RR-02.pdf,C:\Users\WINDOWS\OneDrive\知识库\智库信息爬虫\国际主要科技智库观点演变_研判\03_证据底稿\文本\C-CRDS-FY2022-RR-02.txt,https://www.jst.go.jp/crds/report/CRDS-FY2022-RR-02.html,官方PDF已保存并校验
科技创新政策、科研体系与人才,核心科技直接材料,C-CRDS-FY2022-RR-02,2023-03-01,W3,我が国の産業競争力強化に資する工学基盤研究の今後の在り方　～日本とドイツの比較から～,CRDS机构正式研究,C:\Users\WINDOWS\OneDrive\知识库\智库信息爬虫\国际主要科技智库观点演变_研判\03_证据底稿\原文PDF\C-CRDS-FY2022-RR-02.pdf,C:\Users\WINDOWS\OneDrive\知识库\智库信息爬虫\国际主要科技智库观点演变_研判\03_证据底稿\文本\C-CRDS-FY2022-RR-02.txt,https://www.jst.go.jp/crds/report/CRDS-FY2022-RR-02.html,官方PDF已保存并校验
研究安全、科技外交与国际比较,核心科技直接材料,C-CRDS-FY2022-RR-02,2023-03-01,W3,我が国の産業競争力強化に資する工学基盤研究の今後の在り方　～日本とドイツの比較から～,CRDS机构正式研究,C:\Users\WINDOWS\OneDrive\知识库\智库信息爬虫\国际主要科技智库观点演变_研判\03_证据底稿\原文PDF\C-CRDS-FY2022-RR-02.pdf,C:\Users\WINDOWS\OneDrive\知识库\智库信息爬虫\国际主要科技智库观点演变_研判\03_证据底稿\文本\C-CRDS-FY2022-RR-02.txt,https://www.jst.go.jp/crds/report/CRDS-FY2022-RR-02.html,官方PDF已保存并校验
人工智能、机器人与计算系统,核心科技直接材料,C-CRDS-FY2022-RR-03,2023-03-01,W3,拡張する研究開発エコシステム　研究資金・人材・インフラ・情報循環の変革に乗り出すアントレプレナーたち,CRDS机构正式研究,C:\Users\WINDOWS\OneDrive\知识库\智库信息爬虫\国际主要科技智库观点演变_研判\03_证据底稿\原文PDF\C-CRDS-FY2022-RR-03.pdf,C:\Users\WINDOWS\OneDrive\知识库\智库信息爬虫\国际主要科技智库观点演变_研判\03_证据底稿\文本\C-CRDS-FY2022-RR-03.txt,https://www.jst.go.jp/crds/report/CRDS-FY2022-RR-03.html,官方PDF已保存并校验
芯片、量子、通信与网络安全,核心科技直接材料,C-CRDS-FY2022-RR-03,2023-03-01,W3,拡張する研究開発エコシステム　研究資金・人材・インフラ・情報循環の変革に乗り出すアントレプレナーたち,CRDS机构正式研究,C:\Users\WINDOWS\OneDrive\知识库\智库信息爬虫\国际主要科技智库观点演变_研判\03_证据底稿\原文PDF\C-CRDS-FY2022-RR-03.pdf,C:\Users\WINDOWS\OneDrive\知识库\智库信息爬虫\国际主要科技智库观点演变_研判\03_证据底稿\文本\C-CRDS-FY2022-RR-03.txt,https://www.jst.go.jp/crds/report/CRDS-FY2022-RR-03.html,官方PDF已保存并校验
先进材料、纳米与制造技术,核心科技直接材料,C-CRDS-FY2022-RR-03,2023-03-01,W3,拡張する研究開発エコシステム　研究資金・人材・インフラ・情報循環の変革に乗り出すアントレプレナーたち,CRDS机构正式研究,C:\Users\WINDOWS\OneDrive\知识库\智库信息爬虫\国际主要科技智库观点演变_研判\03_证据底稿\原文PDF\C-CRDS-FY2022-RR-03.pdf,C:\Users\WINDOWS\OneDrive\知识库\智库信息爬虫\国际主要科技智库观点演变_研判\03_证据底稿\文本\C-CRDS-FY2022-RR-03.txt,https://www.jst.go.jp/crds/report/CRDS-FY2022-RR-03.html,官方PDF已保存并校验
生命科学、生物技术与医疗,核心科技直接材料,C-CRDS-FY2022-RR-03,2023-03-01,W3,拡張する研究開発エコシステム　研究資金・人材・インフラ・情報循環の変革に乗り出すアントレプレナーたち,CRDS机构正式研究,C:\Users\WINDOWS\OneDrive\知识库\智库信息爬虫\国际主要科技智库观点演变_研判\03_证据底稿\原文PDF\C-CRDS-FY2022-RR-03.pdf,C:\Users\WINDOWS\OneDrive\知识库\智库信息爬虫\国际主要科技智库观点演变_研判\03_证据底稿\文本\C-CRDS-FY2022-RR-03.txt,https://www.jst.go.jp/crds/report/CRDS-FY2022-RR-03.html,官方PDF已保存并校验
能源、环境与绿色转型,核心科技直接材料,C-CRDS-FY2022-RR-03,2023-03-01,W3,拡張する研究開発エコシステム　研究資金・人材・インフラ・情報循環の変革に乗り出すアントレプレナーたち,CRDS机构正式研究,C:\Users\WINDOWS\OneDrive\知识库\智库信息爬虫\国际主要科技智库观点演变_研判\03_证据底稿\原文PDF\C-CRDS-FY2022-RR-03.pdf,C:\Users\WINDOWS\OneDrive\知识库\智库信息爬虫\国际主要科技智库观点演变_研判\03_证据底稿\文本\C-CRDS-FY2022-RR-03.txt,https://www.jst.go.jp/crds/report/CRDS-FY2022-RR-03.html,官方PDF已保存并校验
科技创新政策、科研体系与人才,核心科技直接材料,C-CRDS-FY2022-RR-03,2023-03-01,W3,拡張する研究開発エコシステム　研究資金・人材・インフラ・情報循環の変革に乗り出すアントレプレナーたち,CRDS机构正式研究,C:\Users\WINDOWS\OneDrive\知识库\智库信息爬虫\国际主要科技智库观点演变_研判\03_证据底稿\原文PDF\C-CRDS-FY2022-RR-03.pdf,C:\Users\WINDOWS\OneDrive\知识库\智库信息爬虫\国际主要科技智库观点演变_研判\03_证据底稿\文本\C-CRDS-FY2022-RR-03.txt,https://www.jst.go.jp/crds/report/CRDS-FY2022-RR-03.html,官方PDF已保存并校验
研究安全、科技外交与国际比较,核心科技直接材料,C-CRDS-FY2022-RR-03,2023-03-01,W3,拡張する研究開発エコシステム　研究資金・人材・インフラ・情報循環の変革に乗り出すアントレプレナーたち,CRDS机构正式研究,C:\Users\WINDOWS\OneDrive\知识库\智库信息爬虫\国际主要科技智库观点演变_研判\03_证据底稿\原文PDF\C-CRDS-FY2022-RR-03.pdf,C:\Users\WINDOWS\OneDrive\知识库\智库信息爬虫\国际主要科技智库观点演变_研判\03_证据底稿\文本\C-CRDS-FY2022-RR-03.txt,https://www.jst.go.jp/crds/report/CRDS-FY2022-RR-03.html,官方PDF已保存并校验
人工智能、机器人与计算系统,核心科技直接材料,C-CRDS-FY2022-RR-04,2023-03-01,W3,スタートアップエコシステムと大学　～技術分野、国の政策、大学の戦略の視点から～,CRDS机构正式研究,C:\Users\WINDOWS\OneDrive\知识库\智库信息爬虫\国际主要科技智库观点演变_研判\03_证据底稿\原文PDF\C-CRDS-FY2022-RR-04.pdf,C:\Users\WINDOWS\OneDrive\知识库\智库信息爬虫\国际主要科技智库观点演变_研判\03_证据底稿\文本\C-CRDS-FY2022-RR-04.txt,https://www.jst.go.jp/crds/report/CRDS-FY2022-RR-04.html,官方PDF已保存并校验
先进材料、纳米与制造技术,核心科技直接材料,C-CRDS-FY2022-RR-04,2023-03-01,W3,スタートアップエコシステムと大学　～技術分野、国の政策、大学の戦略の視点から～,CRDS机构正式研究,C:\Users\WINDOWS\OneDrive\知识库\智库信息爬虫\国际主要科技智库观点演变_研判\03_证据底稿\原文PDF\C-CRDS-FY2022-RR-04.pdf,C:\Users\WINDOWS\OneDrive\知识库\智库信息爬虫\国际主要科技智库观点演变_研判\03_证据底稿\文本\C-CRDS-FY2022-RR-04.txt,https://www.jst.go.jp/crds/report/CRDS-FY2022-RR-04.html,官方PDF已保存并校验
生命科学、生物技术与医疗,核心科技直接材料,C-CRDS-FY2022-RR-04,2023-03-01,W3,スタートアップエコシステムと大学　～技術分野、国の政策、大学の戦略の視点から～,CRDS机构正式研究,C:\Users\WINDOWS\OneDrive\知识库\智库信息爬虫\国际主要科技智库观点演变_研判\03_证据底稿\原文PDF\C-CRDS-FY2022-RR-04.pdf,C:\Users\WINDOWS\OneDrive\知识库\智库信息爬虫\国际主要科技智库观点演变_研判\03_证据底稿\文本\C-CRDS-FY2022-RR-04.txt,https://www.jst.go.jp/crds/report/CRDS-FY2022-RR-04.html,官方PDF已保存并校验
能源、环境与绿色转型,核心科技直接材料,C-CRDS-FY2022-RR-04,2023-03-01,W3,スタートアップエコシステムと大学　～技術分野、国の政策、大学の戦略の視点から～,CRDS机构正式研究,C:\Users\WINDOWS\OneDrive\知识库\智库信息爬虫\国际主要科技智库观点演变_研判\03_证据底稿\原文PDF\C-CRDS-FY2022-RR-04.pdf,C:\Users\WINDOWS\OneDrive\知识库\智库信息爬虫\国际主要科技智库观点演变_研判\03_证据底稿\文本\C-CRDS-FY2022-RR-04.txt,https://www.jst.go.jp/crds/report/CRDS-FY2022-RR-04.html,官方PDF已保存并校验
科技创新政策、科研体系与人才,核心科技直接材料,C-CRDS-FY2022-RR-04,2023-03-01,W3,スタートアップエコシステムと大学　～技術分野、国の政策、大学の戦略の視点から～,CRDS机构正式研究,C:\Users\WINDOWS\OneDrive\知识库\智库信息爬虫\国际主要科技智库观点演变_研判\03_证据底稿\原文PDF\C-CRDS-FY2022-RR-04.pdf,C:\Users\WINDOWS\OneDrive\知识库\智库信息爬虫\国际主要科技智库观点演变_研判\03_证据底稿\文本\C-CRDS-FY2022-RR-04.txt,https://www.jst.go.jp/crds/report/CRDS-FY2022-RR-04.html,官方PDF已保存并校验
研究安全、科技外交与国际比较,核心科技直接材料,C-CRDS-FY2022-RR-04,2023-03-01,W3,スタートアップエコシステムと大学　～技術分野、国の政策、大学の戦略の視点から～,CRDS机构正式研究,C:\Users\WINDOWS\OneDrive\知识库\智库信息爬虫\国际主要科技智库观点演变_研判\03_证据底稿\原文PDF\C-CRDS-FY2022-RR-04.pdf,C:\Users\WINDOWS\OneDrive\知识库\智库信息爬虫\国际主要科技智库观点演变_研判\03_证据底稿\文本\C-CRDS-FY2022-RR-04.txt,https://www.jst.go.jp/crds/report/CRDS-FY2022-RR-04.html,官方PDF已保存并校验
人工智能、机器人与计算系统,核心科技直接材料,C-CRDS-FY2022-RR-05,2023-03-01,W3,人文・社会科学の知に着目した国際比較　－社会課題解決型の研究・イノベーションに向けた基礎的調査－,CRDS机构正式研究,C:\Users\WINDOWS\OneDrive\知识库\智库信息爬虫\国际主要科技智库观点演变_研判\03_证据底稿\原文PDF\C-CRDS-FY2022-RR-05.pdf,C:\Users\WINDOWS\OneDrive\知识库\智库信息爬虫\国际主要科技智库观点演变_研判\03_证据底稿\文本\C-CRDS-FY2022-RR-05.txt,https://www.jst.go.jp/crds/report/CRDS-FY2022-RR-05.html,官方PDF已保存并校验
先进材料、纳米与制造技术,核心科技直接材料,C-CRDS-FY2022-RR-05,2023-03-01,W3,人文・社会科学の知に着目した国際比較　－社会課題解決型の研究・イノベーションに向けた基礎的調査－,CRDS机构正式研究,C:\Users\WINDOWS\OneDrive\知识库\智库信息爬虫\国际主要科技智库观点演变_研判\03_证据底稿\原文PDF\C-CRDS-FY2022-RR-05.pdf,C:\Users\WINDOWS\OneDrive\知识库\智库信息爬虫\国际主要科技智库观点演变_研判\03_证据底稿\文本\C-CRDS-FY2022-RR-05.txt,https://www.jst.go.jp/crds/report/CRDS-FY2022-RR-05.html,官方PDF已保存并校验
生命科学、生物技术与医疗,核心科技直接材料,C-CRDS-FY2022-RR-05,2023-03-01,W3,人文・社会科学の知に着目した国際比較　－社会課題解決型の研究・イノベーションに向けた基礎的調査－,CRDS机构正式研究,C:\Users\WINDOWS\OneDrive\知识库\智库信息爬虫\国际主要科技智库观点演变_研判\03_证据底稿\原文PDF\C-CRDS-FY2022-RR-05.pdf,C:\Users\WINDOWS\OneDrive\知识库\智库信息爬虫\国际主要科技智库观点演变_研判\03_证据底稿\文本\C-CRDS-FY2022-RR-05.txt,https://www.jst.go.jp/crds/report/CRDS-FY2022-RR-05.html,官方PDF已保存并校验
能源、环境与绿色转型,核心科技直接材料,C-CRDS-FY2022-RR-05,2023-03-01,W3,人文・社会科学の知に着目した国際比較　－社会課題解決型の研究・イノベーションに向けた基礎的調査－,CRDS机构正式研究,C:\Users\WINDOWS\OneDrive\知识库\智库信息爬虫\国际主要科技智库观点演变_研判\03_证据底稿\原文PDF\C-CRDS-FY2022-RR-05.pdf,C:\Users\WINDOWS\OneDrive\知识库\智库信息爬虫\国际主要科技智库观点演变_研判\03_证据底稿\文本\C-CRDS-FY2022-RR-05.txt,https://www.jst.go.jp/crds/report/CRDS-FY2022-RR-05.html,官方PDF已保存并校验
科技创新政策、科研体系与人才,核心科技直接材料,C-CRDS-FY2022-RR-05,2023-03-01,W3,人文・社会科学の知に着目した国際比較　－社会課題解決型の研究・イノベーションに向けた基礎的調査－,CRDS机构正式研究,C:\Users\WINDOWS\OneDrive\知识库\智库信息爬虫\国际主要科技智库观点演变_研判\03_证据底稿\原文PDF\C-CRDS-FY2022-RR-05.pdf,C:\Users\WINDOWS\OneDrive\知识库\智库信息爬虫\国际主要科技智库观点演变_研判\03_证据底稿\文本\C-CRDS-FY2022-RR-05.txt,https://www.jst.go.jp/crds/report/CRDS-FY2022-RR-05.html,官方PDF已保存并校验
研究安全、科技外交与国际比较,核心科技直接材料,C-CRDS-FY2022-RR-05,2023-03-01,W3,人文・社会科学の知に着目した国際比較　－社会課題解決型の研究・イノベーションに向けた基礎的調査－,CRDS机构正式研究,C:\Users\WINDOWS\OneDrive\知识库\智库信息爬虫\国际主要科技智库观点演变_研判\03_证据底稿\原文PDF\C-CRDS-FY2022-RR-05.pdf,C:\Users\WINDOWS\OneDrive\知识库\智库信息爬虫\国际主要科技智库观点演变_研判\03_证据底稿\文本\C-CRDS-FY2022-RR-05.txt,https://www.jst.go.jp/crds/report/CRDS-FY2022-RR-05.html,官方PDF已保存并校验
人工智能、机器人与计算系统,核心科技直接材料,C-CRDS-FY2022-SP-04,2023-03-01,W3,疲労破壊現象の包括的理解とその革新的な応用に向けた科学技術基盤の構築,CRDS机构正式研究,C:\Users\WINDOWS\OneDrive\知识库\智库信息爬虫\国际主要科技智库观点演变_研判\03_证据底稿\原文PDF\C-CRDS-FY2022-SP-04.pdf,C:\Users\WINDOWS\OneDrive\知识库\智库信息爬虫\国际主要科技智库观点演变_研判\03_证据底稿\文本\C-CRDS-FY2022-SP-04.txt,https://www.jst.go.jp/crds/report/CRDS-FY2022-SP-04.html,官方PDF已保存并校验
芯片、量子、通信与网络安全,核心科技直接材料,C-CRDS-FY2022-SP-04,2023-03-01,W3,疲労破壊現象の包括的理解とその革新的な応用に向けた科学技術基盤の構築,CRDS机构正式研究,C:\Users\WINDOWS\OneDrive\知识库\智库信息爬虫\国际主要科技智库观点演变_研判\03_证据底稿\原文PDF\C-CRDS-FY2022-SP-04.pdf,C:\Users\WINDOWS\OneDrive\知识库\智库信息爬虫\国际主要科技智库观点演变_研判\03_证据底稿\文本\C-CRDS-FY2022-SP-04.txt,https://www.jst.go.jp/crds/report/CRDS-FY2022-SP-04.html,官方PDF已保存并校验
先进材料、纳米与制造技术,核心科技直接材料,C-CRDS-FY2022-SP-04,2023-03-01,W3,疲労破壊現象の包括的理解とその革新的な応用に向けた科学技術基盤の構築,CRDS机构正式研究,C:\Users\WINDOWS\OneDrive\知识库\智库信息爬虫\国际主要科技智库观点演变_研判\03_证据底稿\原文PDF\C-CRDS-FY2022-SP-04.pdf,C:\Users\WINDOWS\OneDrive\知识库\智库信息爬虫\国际主要科技智库观点演变_研判\03_证据底稿\文本\C-CRDS-FY2022-SP-04.txt,https://www.jst.go.jp/crds/report/CRDS-FY2022-SP-04.html,官方PDF已保存并校验
生命科学、生物技术与医疗,核心科技直接材料,C-CRDS-FY2022-SP-04,2023-03-01,W3,疲労破壊現象の包括的理解とその革新的な応用に向けた科学技術基盤の構築,CRDS机构正式研究,C:\Users\WINDOWS\OneDrive\知识库\智库信息爬虫\国际主要科技智库观点演变_研判\03_证据底稿\原文PDF\C-CRDS-FY2022-SP-04.pdf,C:\Users\WINDOWS\OneDrive\知识库\智库信息爬虫\国际主要科技智库观点演变_研判\03_证据底稿\文本\C-CRDS-FY2022-SP-04.txt,https://www.jst.go.jp/crds/report/CRDS-FY2022-SP-04.html,官方PDF已保存并校验
能源、环境与绿色转型,核心科技直接材料,C-CRDS-FY2022-SP-04,2023-03-01,W3,疲労破壊現象の包括的理解とその革新的な応用に向けた科学技術基盤の構築,CRDS机构正式研究,C:\Users\WINDOWS\OneDrive\知识库\智库信息爬虫\国际主要科技智库观点演变_研判\03_证据底稿\原文PDF\C-CRDS-FY2022-SP-04.pdf,C:\Users\WINDOWS\OneDrive\知识库\智库信息爬虫\国际主要科技智库观点演变_研判\03_证据底稿\文本\C-CRDS-FY2022-SP-04.txt,https://www.jst.go.jp/crds/report/CRDS-FY2022-SP-04.html,官方PDF已保存并校验
科技创新政策、科研体系与人才,核心科技直接材料,C-CRDS-FY2022-SP-04,2023-03-01,W3,疲労破壊現象の包括的理解とその革新的な応用に向けた科学技術基盤の構築,CRDS机构正式研究,C:\Users\WINDOWS\OneDrive\知识库\智库信息爬虫\国际主要科技智库观点演变_研判\03_证据底稿\原文PDF\C-CRDS-FY2022-SP-04.pdf,C:\Users\WINDOWS\OneDrive\知识库\智库信息爬虫\国际主要科技智库观点演变_研判\03_证据底稿\文本\C-CRDS-FY2022-SP-04.txt,https://www.jst.go.jp/crds/report/CRDS-FY2022-SP-04.html,官方PDF已保存并校验
研究安全、科技外交与国际比较,核心科技直接材料,C-CRDS-FY2022-SP-04,2023-03-01,W3,疲労破壊現象の包括的理解とその革新的な応用に向けた科学技術基盤の構築,CRDS机构正式研究,C:\Users\WINDOWS\OneDrive\知识库\智库信息爬虫\国际主要科技智库观点演变_研判\03_证据底稿\原文PDF\C-CRDS-FY2022-SP-04.pdf,C:\Users\WINDOWS\OneDrive\知识库\智库信息爬虫\国际主要科技智库观点演变_研判\03_证据底稿\文本\C-CRDS-FY2022-SP-04.txt,https://www.jst.go.jp/crds/report/CRDS-FY2022-SP-04.html,官方PDF已保存并校验
人工智能、机器人与计算系统,核心科技直接材料,C-CRDS-FY2022-SP-05,2023-03-01,W3,細胞制御技術　―細胞の潜在力を引き出す分子モダリティのシーズ創出―,CRDS机构正式研究,C:\Users\WINDOWS\OneDrive\知识库\智库信息爬虫\国际主要科技智库观点演变_研判\03_证据底稿\原文PDF\C-CRDS-FY2022-SP-05.pdf,C:\Users\WINDOWS\OneDrive\知识库\智库信息爬虫\国际主要科技智库观点演变_研判\03_证据底稿\文本\C-CRDS-FY2022-SP-05.txt,https://www.jst.go.jp/crds/report/CRDS-FY2022-SP-05.html,官方PDF已保存并校验
先进材料、纳米与制造技术,核心科技直接材料,C-CRDS-FY2022-SP-05,2023-03-01,W3,細胞制御技術　―細胞の潜在力を引き出す分子モダリティのシーズ創出―,CRDS机构正式研究,C:\Users\WINDOWS\OneDrive\知识库\智库信息爬虫\国际主要科技智库观点演变_研判\03_证据底稿\原文PDF\C-CRDS-FY2022-SP-05.pdf,C:\Users\WINDOWS\OneDrive\知识库\智库信息爬虫\国际主要科技智库观点演变_研判\03_证据底稿\文本\C-CRDS-FY2022-SP-05.txt,https://www.jst.go.jp/crds/report/CRDS-FY2022-SP-05.html,官方PDF已保存并校验
生命科学、生物技术与医疗,核心科技直接材料,C-CRDS-FY2022-SP-05,2023-03-01,W3,細胞制御技術　―細胞の潜在力を引き出す分子モダリティのシーズ創出―,CRDS机构正式研究,C:\Users\WINDOWS\OneDrive\知识库\智库信息爬虫\国际主要科技智库观点演变_研判\03_证据底稿\原文PDF\C-CRDS-FY2022-SP-05.pdf,C:\Users\WINDOWS\OneDrive\知识库\智库信息爬虫\国际主要科技智库观点演变_研判\03_证据底稿\文本\C-CRDS-FY2022-SP-05.txt,https://www.jst.go.jp/crds/report/CRDS-FY2022-SP-05.html,官方PDF已保存并校验
能源、环境与绿色转型,核心科技直接材料,C-CRDS-FY2022-SP-05,2023-03-01,W3,細胞制御技術　―細胞の潜在力を引き出す分子モダリティのシーズ創出―,CRDS机构正式研究,C:\Users\WINDOWS\OneDrive\知识库\智库信息爬虫\国际主要科技智库观点演变_研判\03_证据底稿\原文PDF\C-CRDS-FY2022-SP-05.pdf,C:\Users\WINDOWS\OneDrive\知识库\智库信息爬虫\国际主要科技智库观点演变_研判\03_证据底稿\文本\C-CRDS-FY2022-SP-05.txt,https://www.jst.go.jp/crds/report/CRDS-FY2022-SP-05.html,官方PDF已保存并校验
科技创新政策、科研体系与人才,核心科技直接材料,C-CRDS-FY2022-SP-05,2023-03-01,W3,細胞制御技術　―細胞の潜在力を引き出す分子モダリティのシーズ創出―,CRDS机构正式研究,C:\Users\WINDOWS\OneDrive\知识库\智库信息爬虫\国际主要科技智库观点演变_研判\03_证据底稿\原文PDF\C-CRDS-FY2022-SP-05.pdf,C:\Users\WINDOWS\OneDrive\知识库\智库信息爬虫\国际主要科技智库观点演变_研判\03_证据底稿\文本\C-CRDS-FY2022-SP-05.txt,https://www.jst.go.jp/crds/report/CRDS-FY2022-SP-05.html,官方PDF已保存并校验
研究安全、科技外交与国际比较,核心科技直接材料,C-CRDS-FY2022-SP-05,2023-03-01,W3,細胞制御技術　―細胞の潜在力を引き出す分子モダリティのシーズ創出―,CRDS机构正式研究,C:\Users\WINDOWS\OneDrive\知识库\智库信息爬虫\国际主要科技智库观点演变_研判\03_证据底稿\原文PDF\C-CRDS-FY2022-SP-05.pdf,C:\Users\WINDOWS\OneDrive\知识库\智库信息爬虫\国际主要科技智库观点演变_研判\03_证据底稿\文本\C-CRDS-FY2022-SP-05.txt,https://www.jst.go.jp/crds/report/CRDS-FY2022-SP-05.html,官方PDF已保存并校验
人工智能、机器人与计算系统,核心科技直接材料,C-CRDS-FY2022-SP-06,2023-03-01,W3,半導体デバイス革新に向けた材料開発戦略　～2次元半導体材料の新規導入～,CRDS机构正式研究,C:\Users\WINDOWS\OneDrive\知识库\智库信息爬虫\国际主要科技智库观点演变_研判\03_证据底稿\原文PDF\C-CRDS-FY2022-SP-06.pdf,C:\Users\WINDOWS\OneDrive\知识库\智库信息爬虫\国际主要科技智库观点演变_研判\03_证据底稿\文本\C-CRDS-FY2022-SP-06.txt,https://www.jst.go.jp/crds/report/CRDS-FY2022-SP-06.html,官方PDF已保存并校验
芯片、量子、通信与网络安全,核心科技直接材料,C-CRDS-FY2022-SP-06,2023-03-01,W3,半導体デバイス革新に向けた材料開発戦略　～2次元半導体材料の新規導入～,CRDS机构正式研究,C:\Users\WINDOWS\OneDrive\知识库\智库信息爬虫\国际主要科技智库观点演变_研判\03_证据底稿\原文PDF\C-CRDS-FY2022-SP-06.pdf,C:\Users\WINDOWS\OneDrive\知识库\智库信息爬虫\国际主要科技智库观点演变_研判\03_证据底稿\文本\C-CRDS-FY2022-SP-06.txt,https://www.jst.go.jp/crds/report/CRDS-FY2022-SP-06.html,官方PDF已保存并校验
先进材料、纳米与制造技术,核心科技直接材料,C-CRDS-FY2022-SP-06,2023-03-01,W3,半導体デバイス革新に向けた材料開発戦略　～2次元半導体材料の新規導入～,CRDS机构正式研究,C:\Users\WINDOWS\OneDrive\知识库\智库信息爬虫\国际主要科技智库观点演变_研判\03_证据底稿\原文PDF\C-CRDS-FY2022-SP-06.pdf,C:\Users\WINDOWS\OneDrive\知识库\智库信息爬虫\国际主要科技智库观点演变_研判\03_证据底稿\文本\C-CRDS-FY2022-SP-06.txt,https://www.jst.go.jp/crds/report/CRDS-FY2022-SP-06.html,官方PDF已保存并校验
生命科学、生物技术与医疗,核心科技直接材料,C-CRDS-FY2022-SP-06,2023-03-01,W3,半導体デバイス革新に向けた材料開発戦略　～2次元半導体材料の新規導入～,CRDS机构正式研究,C:\Users\WINDOWS\OneDrive\知识库\智库信息爬虫\国际主要科技智库观点演变_研判\03_证据底稿\原文PDF\C-CRDS-FY2022-SP-06.pdf,C:\Users\WINDOWS\OneDrive\知识库\智库信息爬虫\国际主要科技智库观点演变_研判\03_证据底稿\文本\C-CRDS-FY2022-SP-06.txt,https://www.jst.go.jp/crds/report/CRDS-FY2022-SP-06.html,官方PDF已保存并校验
能源、环境与绿色转型,核心科技直接材料,C-CRDS-FY2022-SP-06,2023-03-01,W3,半導体デバイス革新に向けた材料開発戦略　～2次元半導体材料の新規導入～,CRDS机构正式研究,C:\Users\WINDOWS\OneDrive\知识库\智库信息爬虫\国际主要科技智库观点演变_研判\03_证据底稿\原文PDF\C-CRDS-FY2022-SP-06.pdf,C:\Users\WINDOWS\OneDrive\知识库\智库信息爬虫\国际主要科技智库观点演变_研判\03_证据底稿\文本\C-CRDS-FY2022-SP-06.txt,https://www.jst.go.jp/crds/report/CRDS-FY2022-SP-06.html,官方PDF已保存并校验
科技创新政策、科研体系与人才,核心科技直接材料,C-CRDS-FY2022-SP-06,2023-03-01,W3,半導体デバイス革新に向けた材料開発戦略　～2次元半導体材料の新規導入～,CRDS机构正式研究,C:\Users\WINDOWS\OneDrive\知识库\智库信息爬虫\国际主要科技智库观点演变_研判\03_证据底稿\原文PDF\C-CRDS-FY2022-SP-06.pdf,C:\Users\WINDOWS\OneDrive\知识库\智库信息爬虫\国际主要科技智库观点演变_研判\03_证据底稿\文本\C-CRDS-FY2022-SP-06.txt,https://www.jst.go.jp/crds/report/CRDS-FY2022-SP-06.html,官方PDF已保存并校验
研究安全、科技外交与国际比较,核心科技直接材料,C-CRDS-FY2022-SP-06,2023-03-01,W3,半導体デバイス革新に向けた材料開発戦略　～2次元半導体材料の新規導入～,CRDS机构正式研究,C:\Users\WINDOWS\OneDrive\知识库\智库信息爬虫\国际主要科技智库观点演变_研判\03_证据底稿\原文PDF\C-CRDS-FY2022-SP-06.pdf,C:\Users\WINDOWS\OneDrive\知识库\智库信息爬虫\国际主要科技智库观点演变_研判\03_证据底稿\文本\C-CRDS-FY2022-SP-06.txt,https://www.jst.go.jp/crds/report/CRDS-FY2022-SP-06.html,官方PDF已保存并校验
人工智能、机器人与计算系统,核心科技直接材料,C-CRDS-FY2022-SP-07,2023-03-01,W3,情報・物理・数理の共創　～非平衡ダイナミクスの理解が見せる新たな景色～,CRDS机构正式研究,C:\Users\WINDOWS\OneDrive\知识库\智库信息爬虫\国际主要科技智库观点演变_研判\03_证据底稿\原文PDF\C-CRDS-FY2022-SP-07.pdf,C:\Users\WINDOWS\OneDrive\知识库\智库信息爬虫\国际主要科技智库观点演变_研判\03_证据底稿\文本\C-CRDS-FY2022-SP-07.txt,https://www.jst.go.jp/crds/report/CRDS-FY2022-SP-07.html,官方PDF已保存并校验
芯片、量子、通信与网络安全,核心科技直接材料,C-CRDS-FY2022-SP-07,2023-03-01,W3,情報・物理・数理の共創　～非平衡ダイナミクスの理解が見せる新たな景色～,CRDS机构正式研究,C:\Users\WINDOWS\OneDrive\知识库\智库信息爬虫\国际主要科技智库观点演变_研判\03_证据底稿\原文PDF\C-CRDS-FY2022-SP-07.pdf,C:\Users\WINDOWS\OneDrive\知识库\智库信息爬虫\国际主要科技智库观点演变_研判\03_证据底稿\文本\C-CRDS-FY2022-SP-07.txt,https://www.jst.go.jp/crds/report/CRDS-FY2022-SP-07.html,官方PDF已保存并校验
先进材料、纳米与制造技术,核心科技直接材料,C-CRDS-FY2022-SP-07,2023-03-01,W3,情報・物理・数理の共創　～非平衡ダイナミクスの理解が見せる新たな景色～,CRDS机构正式研究,C:\Users\WINDOWS\OneDrive\知识库\智库信息爬虫\国际主要科技智库观点演变_研判\03_证据底稿\原文PDF\C-CRDS-FY2022-SP-07.pdf,C:\Users\WINDOWS\OneDrive\知识库\智库信息爬虫\国际主要科技智库观点演变_研判\03_证据底稿\文本\C-CRDS-FY2022-SP-07.txt,https://www.jst.go.jp/crds/report/CRDS-FY2022-SP-07.html,官方PDF已保存并校验
生命科学、生物技术与医疗,核心科技直接材料,C-CRDS-FY2022-SP-07,2023-03-01,W3,情報・物理・数理の共創　～非平衡ダイナミクスの理解が見せる新たな景色～,CRDS机构正式研究,C:\Users\WINDOWS\OneDrive\知识库\智库信息爬虫\国际主要科技智库观点演变_研判\03_证据底稿\原文PDF\C-CRDS-FY2022-SP-07.pdf,C:\Users\WINDOWS\OneDrive\知识库\智库信息爬虫\国际主要科技智库观点演变_研判\03_证据底稿\文本\C-CRDS-FY2022-SP-07.txt,https://www.jst.go.jp/crds/report/CRDS-FY2022-SP-07.html,官方PDF已保存并校验
能源、环境与绿色转型,核心科技直接材料,C-CRDS-FY2022-SP-07,2023-03-01,W3,情報・物理・数理の共創　～非平衡ダイナミクスの理解が見せる新たな景色～,CRDS机构正式研究,C:\Users\WINDOWS\OneDrive\知识库\智库信息爬虫\国际主要科技智库观点演变_研判\03_证据底稿\原文PDF\C-CRDS-FY2022-SP-07.pdf,C:\Users\WINDOWS\OneDrive\知识库\智库信息爬虫\国际主要科技智库观点演变_研判\03_证据底稿\文本\C-CRDS-FY2022-SP-07.txt,https://www.jst.go.jp/crds/report/CRDS-FY2022-SP-07.html,官方PDF已保存并校验
科技创新政策、科研体系与人才,核心科技直接材料,C-CRDS-FY2022-SP-07,2023-03-01,W3,情報・物理・数理の共創　～非平衡ダイナミクスの理解が見せる新たな景色～,CRDS机构正式研究,C:\Users\WINDOWS\OneDrive\知识库\智库信息爬虫\国际主要科技智库观点演变_研判\03_证据底稿\原文PDF\C-CRDS-FY2022-SP-07.pdf,C:\Users\WINDOWS\OneDrive\知识库\智库信息爬虫\国际主要科技智库观点演变_研判\03_证据底稿\文本\C-CRDS-FY2022-SP-07.txt,https://www.jst.go.jp/crds/report/CRDS-FY2022-SP-07.html,官方PDF已保存并校验
研究安全、科技外交与国际比较,核心科技直接材料,C-CRDS-FY2022-SP-07,2023-03-01,W3,情報・物理・数理の共創　～非平衡ダイナミクスの理解が見せる新たな景色～,CRDS机构正式研究,C:\Users\WINDOWS\OneDrive\知识库\智库信息爬虫\国际主要科技智库观点演变_研判\03_证据底稿\原文PDF\C-CRDS-FY2022-SP-07.pdf,C:\Users\WINDOWS\OneDrive\知识库\智库信息爬虫\国际主要科技智库观点演变_研判\03_证据底稿\文本\C-CRDS-FY2022-SP-07.txt,https://www.jst.go.jp/crds/report/CRDS-FY2022-SP-07.html,官方PDF已保存并校验
人工智能、机器人与计算系统,核心科技直接材料,C-CRDS-FY2022-SP-08,2023-03-01,W3,バイオマス・ネガティブエミッション技術の実用化加速基盤研究,CRDS机构正式研究,C:\Users\WINDOWS\OneDrive\知识库\智库信息爬虫\国际主要科技智库观点演变_研判\03_证据底稿\原文PDF\C-CRDS-FY2022-SP-08.pdf,C:\Users\WINDOWS\OneDrive\知识库\智库信息爬虫\国际主要科技智库观点演变_研判\03_证据底稿\文本\C-CRDS-FY2022-SP-08.txt,https://www.jst.go.jp/crds/report/CRDS-FY2022-SP-08.html,官方PDF已保存并校验
芯片、量子、通信与网络安全,核心科技直接材料,C-CRDS-FY2022-SP-08,2023-03-01,W3,バイオマス・ネガティブエミッション技術の実用化加速基盤研究,CRDS机构正式研究,C:\Users\WINDOWS\OneDrive\知识库\智库信息爬虫\国际主要科技智库观点演变_研判\03_证据底稿\原文PDF\C-CRDS-FY2022-SP-08.pdf,C:\Users\WINDOWS\OneDrive\知识库\智库信息爬虫\国际主要科技智库观点演变_研判\03_证据底稿\文本\C-CRDS-FY2022-SP-08.txt,https://www.jst.go.jp/crds/report/CRDS-FY2022-SP-08.html,官方PDF已保存并校验
先进材料、纳米与制造技术,核心科技直接材料,C-CRDS-FY2022-SP-08,2023-03-01,W3,バイオマス・ネガティブエミッション技術の実用化加速基盤研究,CRDS机构正式研究,C:\Users\WINDOWS\OneDrive\知识库\智库信息爬虫\国际主要科技智库观点演变_研判\03_证据底稿\原文PDF\C-CRDS-FY2022-SP-08.pdf,C:\Users\WINDOWS\OneDrive\知识库\智库信息爬虫\国际主要科技智库观点演变_研判\03_证据底稿\文本\C-CRDS-FY2022-SP-08.txt,https://www.jst.go.jp/crds/report/CRDS-FY2022-SP-08.html,官方PDF已保存并校验
生命科学、生物技术与医疗,核心科技直接材料,C-CRDS-FY2022-SP-08,2023-03-01,W3,バイオマス・ネガティブエミッション技術の実用化加速基盤研究,CRDS机构正式研究,C:\Users\WINDOWS\OneDrive\知识库\智库信息爬虫\国际主要科技智库观点演变_研判\03_证据底稿\原文PDF\C-CRDS-FY2022-SP-08.pdf,C:\Users\WINDOWS\OneDrive\知识库\智库信息爬虫\国际主要科技智库观点演变_研判\03_证据底稿\文本\C-CRDS-FY2022-SP-08.txt,https://www.jst.go.jp/crds/report/CRDS-FY2022-SP-08.html,官方PDF已保存并校验
能源、环境与绿色转型,核心科技直接材料,C-CRDS-FY2022-SP-08,2023-03-01,W3,バイオマス・ネガティブエミッション技術の実用化加速基盤研究,CRDS机构正式研究,C:\Users\WINDOWS\OneDrive\知识库\智库信息爬虫\国际主要科技智库观点演变_研判\03_证据底稿\原文PDF\C-CRDS-FY2022-SP-08.pdf,C:\Users\WINDOWS\OneDrive\知识库\智库信息爬虫\国际主要科技智库观点演变_研判\03_证据底稿\文本\C-CRDS-FY2022-SP-08.txt,https://www.jst.go.jp/crds/report/CRDS-FY2022-SP-08.html,官方PDF已保存并校验
科技创新政策、科研体系与人才,核心科技直接材料,C-CRDS-FY2022-SP-08,2023-03-01,W3,バイオマス・ネガティブエミッション技術の実用化加速基盤研究,CRDS机构正式研究,C:\Users\WINDOWS\OneDrive\知识库\智库信息爬虫\国际主要科技智库观点演变_研判\03_证据底稿\原文PDF\C-CRDS-FY2022-SP-08.pdf,C:\Users\WINDOWS\OneDrive\知识库\智库信息爬虫\国际主要科技智库观点演变_研判\03_证据底稿\文本\C-CRDS-FY2022-SP-08.txt,https://www.jst.go.jp/crds/report/CRDS-FY2022-SP-08.html,官方PDF已保存并校验
研究安全、科技外交与国际比较,核心科技直接材料,C-CRDS-FY2022-SP-08,2023-03-01,W3,バイオマス・ネガティブエミッション技術の実用化加速基盤研究,CRDS机构正式研究,C:\Users\WINDOWS\OneDrive\知识库\智库信息爬虫\国际主要科技智库观点演变_研判\03_证据底稿\原文PDF\C-CRDS-FY2022-SP-08.pdf,C:\Users\WINDOWS\OneDrive\知识库\智库信息爬虫\国际主要科技智库观点演变_研判\03_证据底稿\文本\C-CRDS-FY2022-SP-08.txt,https://www.jst.go.jp/crds/report/CRDS-FY2022-SP-08.html,官方PDF已保存并校验
人工智能、机器人与计算系统,核心科技直接材料,C-CRDS-FY2022-SP-09,2023-03-01,W3,電気－物質エネルギー変換技術の革新　～再生可能エネルギーの大量導入に向けた多様な反応場の実現～,CRDS机构正式研究,C:\Users\WINDOWS\OneDrive\知识库\智库信息爬虫\国际主要科技智库观点演变_研判\03_证据底稿\原文PDF\C-CRDS-FY2022-SP-09.pdf,C:\Users\WINDOWS\OneDrive\知识库\智库信息爬虫\国际主要科技智库观点演变_研判\03_证据底稿\文本\C-CRDS-FY2022-SP-09.txt,https://www.jst.go.jp/crds/report/CRDS-FY2022-SP-09.html,官方PDF已保存并校验
先进材料、纳米与制造技术,核心科技直接材料,C-CRDS-FY2022-SP-09,2023-03-01,W3,電気－物質エネルギー変換技術の革新　～再生可能エネルギーの大量導入に向けた多様な反応場の実現～,CRDS机构正式研究,C:\Users\WINDOWS\OneDrive\知识库\智库信息爬虫\国际主要科技智库观点演变_研判\03_证据底稿\原文PDF\C-CRDS-FY2022-SP-09.pdf,C:\Users\WINDOWS\OneDrive\知识库\智库信息爬虫\国际主要科技智库观点演变_研判\03_证据底稿\文本\C-CRDS-FY2022-SP-09.txt,https://www.jst.go.jp/crds/report/CRDS-FY2022-SP-09.html,官方PDF已保存并校验
生命科学、生物技术与医疗,核心科技直接材料,C-CRDS-FY2022-SP-09,2023-03-01,W3,電気－物質エネルギー変換技術の革新　～再生可能エネルギーの大量導入に向けた多様な反応場の実現～,CRDS机构正式研究,C:\Users\WINDOWS\OneDrive\知识库\智库信息爬虫\国际主要科技智库观点演变_研判\03_证据底稿\原文PDF\C-CRDS-FY2022-SP-09.pdf,C:\Users\WINDOWS\OneDrive\知识库\智库信息爬虫\国际主要科技智库观点演变_研判\03_证据底稿\文本\C-CRDS-FY2022-SP-09.txt,https://www.jst.go.jp/crds/report/CRDS-FY2022-SP-09.html,官方PDF已保存并校验
能源、环境与绿色转型,核心科技直接材料,C-CRDS-FY2022-SP-09,2023-03-01,W3,電気－物質エネルギー変換技術の革新　～再生可能エネルギーの大量導入に向けた多様な反応場の実現～,CRDS机构正式研究,C:\Users\WINDOWS\OneDrive\知识库\智库信息爬虫\国际主要科技智库观点演变_研判\03_证据底稿\原文PDF\C-CRDS-FY2022-SP-09.pdf,C:\Users\WINDOWS\OneDrive\知识库\智库信息爬虫\国际主要科技智库观点演变_研判\03_证据底稿\文本\C-CRDS-FY2022-SP-09.txt,https://www.jst.go.jp/crds/report/CRDS-FY2022-SP-09.html,官方PDF已保存并校验
科技创新政策、科研体系与人才,核心科技直接材料,C-CRDS-FY2022-SP-09,2023-03-01,W3,電気－物質エネルギー変換技術の革新　～再生可能エネルギーの大量導入に向けた多様な反応場の実現～,CRDS机构正式研究,C:\Users\WINDOWS\OneDrive\知识库\智库信息爬虫\国际主要科技智库观点演变_研判\03_证据底稿\原文PDF\C-CRDS-FY2022-SP-09.pdf,C:\Users\WINDOWS\OneDrive\知识库\智库信息爬虫\国际主要科技智库观点演变_研判\03_证据底稿\文本\C-CRDS-FY2022-SP-09.txt,https://www.jst.go.jp/crds/report/CRDS-FY2022-SP-09.html,官方PDF已保存并校验
研究安全、科技外交与国际比较,核心科技直接材料,C-CRDS-FY2022-SP-09,2023-03-01,W3,電気－物質エネルギー変換技術の革新　～再生可能エネルギーの大量導入に向けた多様な反応場の実現～,CRDS机构正式研究,C:\Users\WINDOWS\OneDrive\知识库\智库信息爬虫\国际主要科技智库观点演变_研判\03_证据底稿\原文PDF\C-CRDS-FY2022-SP-09.pdf,C:\Users\WINDOWS\OneDrive\知识库\智库信息爬虫\国际主要科技智库观点演变_研判\03_证据底稿\文本\C-CRDS-FY2022-SP-09.txt,https://www.jst.go.jp/crds/report/CRDS-FY2022-SP-09.html,官方PDF已保存并校验
人工智能、机器人与计算系统,核心科技直接材料,S-CRDS-2023-01,2023-05-01,W3,科学技術・イノベーションの土壌づくりとしてのELSI/RRI 戦略的な科学技術ガバナンスの実現に向けて,CRDS机构正式研究,C:\Users\WINDOWS\OneDrive\知识库\智库信息爬虫\国际主要科技智库观点演变_研判\03_证据底稿\原文PDF\S-CRDS-2023-01.pdf,C:\Users\WINDOWS\OneDrive\知识库\智库信息爬虫\国际主要科技智库观点演变_研判\03_证据底稿\文本\S-CRDS-2023-01.txt,https://www.jst.go.jp/crds/report/CRDS-FY2023-SP-01.html,复用库内既有资产
先进材料、纳米与制造技术,核心科技直接材料,S-CRDS-2023-01,2023-05-01,W3,科学技術・イノベーションの土壌づくりとしてのELSI/RRI 戦略的な科学技術ガバナンスの実現に向けて,CRDS机构正式研究,C:\Users\WINDOWS\OneDrive\知识库\智库信息爬虫\国际主要科技智库观点演变_研判\03_证据底稿\原文PDF\S-CRDS-2023-01.pdf,C:\Users\WINDOWS\OneDrive\知识库\智库信息爬虫\国际主要科技智库观点演变_研判\03_证据底稿\文本\S-CRDS-2023-01.txt,https://www.jst.go.jp/crds/report/CRDS-FY2023-SP-01.html,复用库内既有资产
生命科学、生物技术与医疗,核心科技直接材料,S-CRDS-2023-01,2023-05-01,W3,科学技術・イノベーションの土壌づくりとしてのELSI/RRI 戦略的な科学技術ガバナンスの実現に向けて,CRDS机构正式研究,C:\Users\WINDOWS\OneDrive\知识库\智库信息爬虫\国际主要科技智库观点演变_研判\03_证据底稿\原文PDF\S-CRDS-2023-01.pdf,C:\Users\WINDOWS\OneDrive\知识库\智库信息爬虫\国际主要科技智库观点演变_研判\03_证据底稿\文本\S-CRDS-2023-01.txt,https://www.jst.go.jp/crds/report/CRDS-FY2023-SP-01.html,复用库内既有资产
能源、环境与绿色转型,核心科技直接材料,S-CRDS-2023-01,2023-05-01,W3,科学技術・イノベーションの土壌づくりとしてのELSI/RRI 戦略的な科学技術ガバナンスの実現に向けて,CRDS机构正式研究,C:\Users\WINDOWS\OneDrive\知识库\智库信息爬虫\国际主要科技智库观点演变_研判\03_证据底稿\原文PDF\S-CRDS-2023-01.pdf,C:\Users\WINDOWS\OneDrive\知识库\智库信息爬虫\国际主要科技智库观点演变_研判\03_证据底稿\文本\S-CRDS-2023-01.txt,https://www.jst.go.jp/crds/report/CRDS-FY2023-SP-01.html,复用库内既有资产
科技创新政策、科研体系与人才,核心科技直接材料,S-CRDS-2023-01,2023-05-01,W3,科学技術・イノベーションの土壌づくりとしてのELSI/RRI 戦略的な科学技術ガバナンスの実現に向けて,CRDS机构正式研究,C:\Users\WINDOWS\OneDrive\知识库\智库信息爬虫\国际主要科技智库观点演变_研判\03_证据底稿\原文PDF\S-CRDS-2023-01.pdf,C:\Users\WINDOWS\OneDrive\知识库\智库信息爬虫\国际主要科技智库观点演变_研判\03_证据底稿\文本\S-CRDS-2023-01.txt,https://www.jst.go.jp/crds/report/CRDS-FY2023-SP-01.html,复用库内既有资产
研究安全、科技外交与国际比较,核心科技直接材料,S-CRDS-2023-01,2023-05-01,W3,科学技術・イノベーションの土壌づくりとしてのELSI/RRI 戦略的な科学技術ガバナンスの実現に向けて,CRDS机构正式研究,C:\Users\WINDOWS\OneDrive\知识库\智库信息爬虫\国际主要科技智库观点演变_研判\03_证据底稿\原文PDF\S-CRDS-2023-01.pdf,C:\Users\WINDOWS\OneDrive\知识库\智库信息爬虫\国际主要科技智库观点演变_研判\03_证据底稿\文本\S-CRDS-2023-01.txt,https://www.jst.go.jp/crds/report/CRDS-FY2023-SP-01.html,复用库内既有资产
人工智能、机器人与计算系统,核心科技直接材料,C-CRDS-FY2023-RR-01,2023-07-01,W3,論文・特許マップで見るナノテクノロジー・材料科学とライフサイエンス・臨床医学の融合展開,CRDS机构正式研究,C:\Users\WINDOWS\OneDrive\知识库\智库信息爬虫\国际主要科技智库观点演变_研判\03_证据底稿\原文PDF\C-CRDS-FY2023-RR-01.pdf,C:\Users\WINDOWS\OneDrive\知识库\智库信息爬虫\国际主要科技智库观点演变_研判\03_证据底稿\文本\C-CRDS-FY2023-RR-01.txt,https://www.jst.go.jp/crds/report/CRDS-FY2023-RR-01.html,官方PDF已保存并校验
芯片、量子、通信与网络安全,核心科技直接材料,C-CRDS-FY2023-RR-01,2023-07-01,W3,論文・特許マップで見るナノテクノロジー・材料科学とライフサイエンス・臨床医学の融合展開,CRDS机构正式研究,C:\Users\WINDOWS\OneDrive\知识库\智库信息爬虫\国际主要科技智库观点演变_研判\03_证据底稿\原文PDF\C-CRDS-FY2023-RR-01.pdf,C:\Users\WINDOWS\OneDrive\知识库\智库信息爬虫\国际主要科技智库观点演变_研判\03_证据底稿\文本\C-CRDS-FY2023-RR-01.txt,https://www.jst.go.jp/crds/report/CRDS-FY2023-RR-01.html,官方PDF已保存并校验
先进材料、纳米与制造技术,核心科技直接材料,C-CRDS-FY2023-RR-01,2023-07-01,W3,論文・特許マップで見るナノテクノロジー・材料科学とライフサイエンス・臨床医学の融合展開,CRDS机构正式研究,C:\Users\WINDOWS\OneDrive\知识库\智库信息爬虫\国际主要科技智库观点演变_研判\03_证据底稿\原文PDF\C-CRDS-FY2023-RR-01.pdf,C:\Users\WINDOWS\OneDrive\知识库\智库信息爬虫\国际主要科技智库观点演变_研判\03_证据底稿\文本\C-CRDS-FY2023-RR-01.txt,https://www.jst.go.jp/crds/report/CRDS-FY2023-RR-01.html,官方PDF已保存并校验
生命科学、生物技术与医疗,核心科技直接材料,C-CRDS-FY2023-RR-01,2023-07-01,W3,論文・特許マップで見るナノテクノロジー・材料科学とライフサイエンス・臨床医学の融合展開,CRDS机构正式研究,C:\Users\WINDOWS\OneDrive\知识库\智库信息爬虫\国际主要科技智库观点演变_研判\03_证据底稿\原文PDF\C-CRDS-FY2023-RR-01.pdf,C:\Users\WINDOWS\OneDrive\知识库\智库信息爬虫\国际主要科技智库观点演变_研判\03_证据底稿\文本\C-CRDS-FY2023-RR-01.txt,https://www.jst.go.jp/crds/report/CRDS-FY2023-RR-01.html,官方PDF已保存并校验
能源、环境与绿色转型,核心科技直接材料,C-CRDS-FY2023-RR-01,2023-07-01,W3,論文・特許マップで見るナノテクノロジー・材料科学とライフサイエンス・臨床医学の融合展開,CRDS机构正式研究,C:\Users\WINDOWS\OneDrive\知识库\智库信息爬虫\国际主要科技智库观点演变_研判\03_证据底稿\原文PDF\C-CRDS-FY2023-RR-01.pdf,C:\Users\WINDOWS\OneDrive\知识库\智库信息爬虫\国际主要科技智库观点演变_研判\03_证据底稿\文本\C-CRDS-FY2023-RR-01.txt,https://www.jst.go.jp/crds/report/CRDS-FY2023-RR-01.html,官方PDF已保存并校验
科技创新政策、科研体系与人才,核心科技直接材料,C-CRDS-FY2023-RR-01,2023-07-01,W3,論文・特許マップで見るナノテクノロジー・材料科学とライフサイエンス・臨床医学の融合展開,CRDS机构正式研究,C:\Users\WINDOWS\OneDrive\知识库\智库信息爬虫\国际主要科技智库观点演变_研判\03_证据底稿\原文PDF\C-CRDS-FY2023-RR-01.pdf,C:\Users\WINDOWS\OneDrive\知识库\智库信息爬虫\国际主要科技智库观点演变_研判\03_证据底稿\文本\C-CRDS-FY2023-RR-01.txt,https://www.jst.go.jp/crds/report/CRDS-FY2023-RR-01.html,官方PDF已保存并校验
研究安全、科技外交与国际比较,核心科技直接材料,C-CRDS-FY2023-RR-01,2023-07-01,W3,論文・特許マップで見るナノテクノロジー・材料科学とライフサイエンス・臨床医学の融合展開,CRDS机构正式研究,C:\Users\WINDOWS\OneDrive\知识库\智库信息爬虫\国际主要科技智库观点演变_研判\03_证据底稿\原文PDF\C-CRDS-FY2023-RR-01.pdf,C:\Users\WINDOWS\OneDrive\知识库\智库信息爬虫\国际主要科技智库观点演变_研判\03_证据底稿\文本\C-CRDS-FY2023-RR-01.txt,https://www.jst.go.jp/crds/report/CRDS-FY2023-RR-01.html,官方PDF已保存并校验
中国科技政策与能力比较,核心科技直接材料,C-CRDS-FY2023-RR-01,2023-07-01,W3,論文・特許マップで見るナノテクノロジー・材料科学とライフサイエンス・臨床医学の融合展開,CRDS机构正式研究,C:\Users\WINDOWS\OneDrive\知识库\智库信息爬虫\国际主要科技智库观点演变_研判\03_证据底稿\原文PDF\C-CRDS-FY2023-RR-01.pdf,C:\Users\WINDOWS\OneDrive\知识库\智库信息爬虫\国际主要科技智库观点演变_研判\03_证据底稿\文本\C-CRDS-FY2023-RR-01.txt,https://www.jst.go.jp/crds/report/CRDS-FY2023-RR-01.html,官方PDF已保存并校验
人工智能、机器人与计算系统,核心科技直接材料,C-CRDS-FY2023-RR-02,2023-07-01,W3,人工知能研究の新潮流2　～基盤モデル・生成AIのインパクト～,CRDS机构正式研究,C:\Users\WINDOWS\OneDrive\知识库\智库信息爬虫\国际主要科技智库观点演变_研判\03_证据底稿\原文PDF\C-CRDS-FY2023-RR-02.pdf,C:\Users\WINDOWS\OneDrive\知识库\智库信息爬虫\国际主要科技智库观点演变_研判\03_证据底稿\文本\C-CRDS-FY2023-RR-02.txt,https://www.jst.go.jp/crds/report/CRDS-FY2023-RR-02.html,官方PDF已保存并校验
先进材料、纳米与制造技术,核心科技直接材料,C-CRDS-FY2023-RR-02,2023-07-01,W3,人工知能研究の新潮流2　～基盤モデル・生成AIのインパクト～,CRDS机构正式研究,C:\Users\WINDOWS\OneDrive\知识库\智库信息爬虫\国际主要科技智库观点演变_研判\03_证据底稿\原文PDF\C-CRDS-FY2023-RR-02.pdf,C:\Users\WINDOWS\OneDrive\知识库\智库信息爬虫\国际主要科技智库观点演变_研判\03_证据底稿\文本\C-CRDS-FY2023-RR-02.txt,https://www.jst.go.jp/crds/report/CRDS-FY2023-RR-02.html,官方PDF已保存并校验
生命科学、生物技术与医疗,核心科技直接材料,C-CRDS-FY2023-RR-02,2023-07-01,W3,人工知能研究の新潮流2　～基盤モデル・生成AIのインパクト～,CRDS机构正式研究,C:\Users\WINDOWS\OneDrive\知识库\智库信息爬虫\国际主要科技智库观点演变_研判\03_证据底稿\原文PDF\C-CRDS-FY2023-RR-02.pdf,C:\Users\WINDOWS\OneDrive\知识库\智库信息爬虫\国际主要科技智库观点演变_研判\03_证据底稿\文本\C-CRDS-FY2023-RR-02.txt,https://www.jst.go.jp/crds/report/CRDS-FY2023-RR-02.html,官方PDF已保存并校验
能源、环境与绿色转型,核心科技直接材料,C-CRDS-FY2023-RR-02,2023-07-01,W3,人工知能研究の新潮流2　～基盤モデル・生成AIのインパクト～,CRDS机构正式研究,C:\Users\WINDOWS\OneDrive\知识库\智库信息爬虫\国际主要科技智库观点演变_研判\03_证据底稿\原文PDF\C-CRDS-FY2023-RR-02.pdf,C:\Users\WINDOWS\OneDrive\知识库\智库信息爬虫\国际主要科技智库观点演变_研判\03_证据底稿\文本\C-CRDS-FY2023-RR-02.txt,https://www.jst.go.jp/crds/report/CRDS-FY2023-RR-02.html,官方PDF已保存并校验
科技创新政策、科研体系与人才,核心科技直接材料,C-CRDS-FY2023-RR-02,2023-07-01,W3,人工知能研究の新潮流2　～基盤モデル・生成AIのインパクト～,CRDS机构正式研究,C:\Users\WINDOWS\OneDrive\知识库\智库信息爬虫\国际主要科技智库观点演变_研判\03_证据底稿\原文PDF\C-CRDS-FY2023-RR-02.pdf,C:\Users\WINDOWS\OneDrive\知识库\智库信息爬虫\国际主要科技智库观点演变_研判\03_证据底稿\文本\C-CRDS-FY2023-RR-02.txt,https://www.jst.go.jp/crds/report/CRDS-FY2023-RR-02.html,官方PDF已保存并校验
研究安全、科技外交与国际比较,核心科技直接材料,C-CRDS-FY2023-RR-02,2023-07-01,W3,人工知能研究の新潮流2　～基盤モデル・生成AIのインパクト～,CRDS机构正式研究,C:\Users\WINDOWS\OneDrive\知识库\智库信息爬虫\国际主要科技智库观点演变_研判\03_证据底稿\原文PDF\C-CRDS-FY2023-RR-02.pdf,C:\Users\WINDOWS\OneDrive\知识库\智库信息爬虫\国际主要科技智库观点演变_研判\03_证据底稿\文本\C-CRDS-FY2023-RR-02.txt,https://www.jst.go.jp/crds/report/CRDS-FY2023-RR-02.html,官方PDF已保存并校验
人工智能、机器人与计算系统,核心科技直接材料,C-CRDS-FY2023-RR-03,2023-08-01,W3,健康・医療トランスフォーメーション 科学技術・イノベーションの潮流,CRDS机构正式研究,C:\Users\WINDOWS\OneDrive\知识库\智库信息爬虫\国际主要科技智库观点演变_研判\03_证据底稿\原文PDF\C-CRDS-FY2023-RR-03.pdf,C:\Users\WINDOWS\OneDrive\知识库\智库信息爬虫\国际主要科技智库观点演变_研判\03_证据底稿\文本\C-CRDS-FY2023-RR-03.txt,https://www.jst.go.jp/crds/report/CRDS-FY2023-RR-03.html,官方PDF已保存并校验
芯片、量子、通信与网络安全,核心科技直接材料,C-CRDS-FY2023-RR-03,2023-08-01,W3,健康・医療トランスフォーメーション 科学技術・イノベーションの潮流,CRDS机构正式研究,C:\Users\WINDOWS\OneDrive\知识库\智库信息爬虫\国际主要科技智库观点演变_研判\03_证据底稿\原文PDF\C-CRDS-FY2023-RR-03.pdf,C:\Users\WINDOWS\OneDrive\知识库\智库信息爬虫\国际主要科技智库观点演变_研判\03_证据底稿\文本\C-CRDS-FY2023-RR-03.txt,https://www.jst.go.jp/crds/report/CRDS-FY2023-RR-03.html,官方PDF已保存并校验
先进材料、纳米与制造技术,核心科技直接材料,C-CRDS-FY2023-RR-03,2023-08-01,W3,健康・医療トランスフォーメーション 科学技術・イノベーションの潮流,CRDS机构正式研究,C:\Users\WINDOWS\OneDrive\知识库\智库信息爬虫\国际主要科技智库观点演变_研判\03_证据底稿\原文PDF\C-CRDS-FY2023-RR-03.pdf,C:\Users\WINDOWS\OneDrive\知识库\智库信息爬虫\国际主要科技智库观点演变_研判\03_证据底稿\文本\C-CRDS-FY2023-RR-03.txt,https://www.jst.go.jp/crds/report/CRDS-FY2023-RR-03.html,官方PDF已保存并校验
生命科学、生物技术与医疗,核心科技直接材料,C-CRDS-FY2023-RR-03,2023-08-01,W3,健康・医療トランスフォーメーション 科学技術・イノベーションの潮流,CRDS机构正式研究,C:\Users\WINDOWS\OneDrive\知识库\智库信息爬虫\国际主要科技智库观点演变_研判\03_证据底稿\原文PDF\C-CRDS-FY2023-RR-03.pdf,C:\Users\WINDOWS\OneDrive\知识库\智库信息爬虫\国际主要科技智库观点演变_研判\03_证据底稿\文本\C-CRDS-FY2023-RR-03.txt,https://www.jst.go.jp/crds/report/CRDS-FY2023-RR-03.html,官方PDF已保存并校验
能源、环境与绿色转型,核心科技直接材料,C-CRDS-FY2023-RR-03,2023-08-01,W3,健康・医療トランスフォーメーション 科学技術・イノベーションの潮流,CRDS机构正式研究,C:\Users\WINDOWS\OneDrive\知识库\智库信息爬虫\国际主要科技智库观点演变_研判\03_证据底稿\原文PDF\C-CRDS-FY2023-RR-03.pdf,C:\Users\WINDOWS\OneDrive\知识库\智库信息爬虫\国际主要科技智库观点演变_研判\03_证据底稿\文本\C-CRDS-FY2023-RR-03.txt,https://www.jst.go.jp/crds/report/CRDS-FY2023-RR-03.html,官方PDF已保存并校验
科技创新政策、科研体系与人才,核心科技直接材料,C-CRDS-FY2023-RR-03,2023-08-01,W3,健康・医療トランスフォーメーション 科学技術・イノベーションの潮流,CRDS机构正式研究,C:\Users\WINDOWS\OneDrive\知识库\智库信息爬虫\国际主要科技智库观点演变_研判\03_证据底稿\原文PDF\C-CRDS-FY2023-RR-03.pdf,C:\Users\WINDOWS\OneDrive\知识库\智库信息爬虫\国际主要科技智库观点演变_研判\03_证据底稿\文本\C-CRDS-FY2023-RR-03.txt,https://www.jst.go.jp/crds/report/CRDS-FY2023-RR-03.html,官方PDF已保存并校验
研究安全、科技外交与国际比较,核心科技直接材料,C-CRDS-FY2023-RR-03,2023-08-01,W3,健康・医療トランスフォーメーション 科学技術・イノベーションの潮流,CRDS机构正式研究,C:\Users\WINDOWS\OneDrive\知识库\智库信息爬虫\国际主要科技智库观点演变_研判\03_证据底稿\原文PDF\C-CRDS-FY2023-RR-03.pdf,C:\Users\WINDOWS\OneDrive\知识库\智库信息爬虫\国际主要科技智库观点演变_研判\03_证据底稿\文本\C-CRDS-FY2023-RR-03.txt,https://www.jst.go.jp/crds/report/CRDS-FY2023-RR-03.html,官方PDF已保存并校验
人工智能、机器人与计算系统,核心科技直接材料,C-CRDS-FY2023-SP-02,2023-11-01,W3,計算物質科学の新展開　～デジタルツインによる材料創製基盤の革新～,CRDS机构正式研究,C:\Users\WINDOWS\OneDrive\知识库\智库信息爬虫\国际主要科技智库观点演变_研判\03_证据底稿\原文PDF\C-CRDS-FY2023-SP-02.pdf,C:\Users\WINDOWS\OneDrive\知识库\智库信息爬虫\国际主要科技智库观点演变_研判\03_证据底稿\文本\C-CRDS-FY2023-SP-02.txt,https://www.jst.go.jp/crds/report/CRDS-FY2023-SP-02.html,官方PDF已保存并校验
芯片、量子、通信与网络安全,核心科技直接材料,C-CRDS-FY2023-SP-02,2023-11-01,W3,計算物質科学の新展開　～デジタルツインによる材料創製基盤の革新～,CRDS机构正式研究,C:\Users\WINDOWS\OneDrive\知识库\智库信息爬虫\国际主要科技智库观点演变_研判\03_证据底稿\原文PDF\C-CRDS-FY2023-SP-02.pdf,C:\Users\WINDOWS\OneDrive\知识库\智库信息爬虫\国际主要科技智库观点演变_研判\03_证据底稿\文本\C-CRDS-FY2023-SP-02.txt,https://www.jst.go.jp/crds/report/CRDS-FY2023-SP-02.html,官方PDF已保存并校验
先进材料、纳米与制造技术,核心科技直接材料,C-CRDS-FY2023-SP-02,2023-11-01,W3,計算物質科学の新展開　～デジタルツインによる材料創製基盤の革新～,CRDS机构正式研究,C:\Users\WINDOWS\OneDrive\知识库\智库信息爬虫\国际主要科技智库观点演变_研判\03_证据底稿\原文PDF\C-CRDS-FY2023-SP-02.pdf,C:\Users\WINDOWS\OneDrive\知识库\智库信息爬虫\国际主要科技智库观点演变_研判\03_证据底稿\文本\C-CRDS-FY2023-SP-02.txt,https://www.jst.go.jp/crds/report/CRDS-FY2023-SP-02.html,官方PDF已保存并校验
生命科学、生物技术与医疗,核心科技直接材料,C-CRDS-FY2023-SP-02,2023-11-01,W3,計算物質科学の新展開　～デジタルツインによる材料創製基盤の革新～,CRDS机构正式研究,C:\Users\WINDOWS\OneDrive\知识库\智库信息爬虫\国际主要科技智库观点演变_研判\03_证据底稿\原文PDF\C-CRDS-FY2023-SP-02.pdf,C:\Users\WINDOWS\OneDrive\知识库\智库信息爬虫\国际主要科技智库观点演变_研判\03_证据底稿\文本\C-CRDS-FY2023-SP-02.txt,https://www.jst.go.jp/crds/report/CRDS-FY2023-SP-02.html,官方PDF已保存并校验
能源、环境与绿色转型,核心科技直接材料,C-CRDS-FY2023-SP-02,2023-11-01,W3,計算物質科学の新展開　～デジタルツインによる材料創製基盤の革新～,CRDS机构正式研究,C:\Users\WINDOWS\OneDrive\知识库\智库信息爬虫\国际主要科技智库观点演变_研判\03_证据底稿\原文PDF\C-CRDS-FY2023-SP-02.pdf,C:\Users\WINDOWS\OneDrive\知识库\智库信息爬虫\国际主要科技智库观点演变_研判\03_证据底稿\文本\C-CRDS-FY2023-SP-02.txt,https://www.jst.go.jp/crds/report/CRDS-FY2023-SP-02.html,官方PDF已保存并校验
科技创新政策、科研体系与人才,核心科技直接材料,C-CRDS-FY2023-SP-02,2023-11-01,W3,計算物質科学の新展開　～デジタルツインによる材料創製基盤の革新～,CRDS机构正式研究,C:\Users\WINDOWS\OneDrive\知识库\智库信息爬虫\国际主要科技智库观点演变_研判\03_证据底稿\原文PDF\C-CRDS-FY2023-SP-02.pdf,C:\Users\WINDOWS\OneDrive\知识库\智库信息爬虫\国际主要科技智库观点演变_研判\03_证据底稿\文本\C-CRDS-FY2023-SP-02.txt,https://www.jst.go.jp/crds/report/CRDS-FY2023-SP-02.html,官方PDF已保存并校验
研究安全、科技外交与国际比较,核心科技直接材料,C-CRDS-FY2023-SP-02,2023-11-01,W3,計算物質科学の新展開　～デジタルツインによる材料創製基盤の革新～,CRDS机构正式研究,C:\Users\WINDOWS\OneDrive\知识库\智库信息爬虫\国际主要科技智库观点演变_研判\03_证据底稿\原文PDF\C-CRDS-FY2023-SP-02.pdf,C:\Users\WINDOWS\OneDrive\知识库\智库信息爬虫\国际主要科技智库观点演变_研判\03_证据底稿\文本\C-CRDS-FY2023-SP-02.txt,https://www.jst.go.jp/crds/report/CRDS-FY2023-SP-02.html,官方PDF已保存并校验
人工智能、机器人与计算系统,核心科技直接材料,C-CRDS-FY2023-RR-04,2023-12-01,W3,社会基盤としてのメタバースの可能性と課題,CRDS机构正式研究,C:\Users\WINDOWS\OneDrive\知识库\智库信息爬虫\国际主要科技智库观点演变_研判\03_证据底稿\原文PDF\C-CRDS-FY2023-RR-04.pdf,C:\Users\WINDOWS\OneDrive\知识库\智库信息爬虫\国际主要科技智库观点演变_研判\03_证据底稿\文本\C-CRDS-FY2023-RR-04.txt,https://www.jst.go.jp/crds/report/CRDS-FY2023-RR-04.html,官方PDF已保存并校验
先进材料、纳米与制造技术,核心科技直接材料,C-CRDS-FY2023-RR-04,2023-12-01,W3,社会基盤としてのメタバースの可能性と課題,CRDS机构正式研究,C:\Users\WINDOWS\OneDrive\知识库\智库信息爬虫\国际主要科技智库观点演变_研判\03_证据底稿\原文PDF\C-CRDS-FY2023-RR-04.pdf,C:\Users\WINDOWS\OneDrive\知识库\智库信息爬虫\国际主要科技智库观点演变_研判\03_证据底稿\文本\C-CRDS-FY2023-RR-04.txt,https://www.jst.go.jp/crds/report/CRDS-FY2023-RR-04.html,官方PDF已保存并校验
生命科学、生物技术与医疗,核心科技直接材料,C-CRDS-FY2023-RR-04,2023-12-01,W3,社会基盤としてのメタバースの可能性と課題,CRDS机构正式研究,C:\Users\WINDOWS\OneDrive\知识库\智库信息爬虫\国际主要科技智库观点演变_研判\03_证据底稿\原文PDF\C-CRDS-FY2023-RR-04.pdf,C:\Users\WINDOWS\OneDrive\知识库\智库信息爬虫\国际主要科技智库观点演变_研判\03_证据底稿\文本\C-CRDS-FY2023-RR-04.txt,https://www.jst.go.jp/crds/report/CRDS-FY2023-RR-04.html,官方PDF已保存并校验
能源、环境与绿色转型,核心科技直接材料,C-CRDS-FY2023-RR-04,2023-12-01,W3,社会基盤としてのメタバースの可能性と課題,CRDS机构正式研究,C:\Users\WINDOWS\OneDrive\知识库\智库信息爬虫\国际主要科技智库观点演变_研判\03_证据底稿\原文PDF\C-CRDS-FY2023-RR-04.pdf,C:\Users\WINDOWS\OneDrive\知识库\智库信息爬虫\国际主要科技智库观点演变_研判\03_证据底稿\文本\C-CRDS-FY2023-RR-04.txt,https://www.jst.go.jp/crds/report/CRDS-FY2023-RR-04.html,官方PDF已保存并校验
科技创新政策、科研体系与人才,核心科技直接材料,C-CRDS-FY2023-RR-04,2023-12-01,W3,社会基盤としてのメタバースの可能性と課題,CRDS机构正式研究,C:\Users\WINDOWS\OneDrive\知识库\智库信息爬虫\国际主要科技智库观点演变_研判\03_证据底稿\原文PDF\C-CRDS-FY2023-RR-04.pdf,C:\Users\WINDOWS\OneDrive\知识库\智库信息爬虫\国际主要科技智库观点演变_研判\03_证据底稿\文本\C-CRDS-FY2023-RR-04.txt,https://www.jst.go.jp/crds/report/CRDS-FY2023-RR-04.html,官方PDF已保存并校验
研究安全、科技外交与国际比较,核心科技直接材料,C-CRDS-FY2023-RR-04,2023-12-01,W3,社会基盤としてのメタバースの可能性と課題,CRDS机构正式研究,C:\Users\WINDOWS\OneDrive\知识库\智库信息爬虫\国际主要科技智库观点演变_研判\03_证据底稿\原文PDF\C-CRDS-FY2023-RR-04.pdf,C:\Users\WINDOWS\OneDrive\知识库\智库信息爬虫\国际主要科技智库观点演变_研判\03_证据底稿\文本\C-CRDS-FY2023-RR-04.txt,https://www.jst.go.jp/crds/report/CRDS-FY2023-RR-04.html,官方PDF已保存并校验
人工智能、机器人与计算系统,核心科技直接材料,C-CRDS-FY2023-RR-05,2023-12-01,W3,イノベーションエコシステム調査　創薬のオープンイノベーションの潮流,CRDS机构正式研究,C:\Users\WINDOWS\OneDrive\知识库\智库信息爬虫\国际主要科技智库观点演变_研判\03_证据底稿\原文PDF\C-CRDS-FY2023-RR-05.pdf,C:\Users\WINDOWS\OneDrive\知识库\智库信息爬虫\国际主要科技智库观点演变_研判\03_证据底稿\文本\C-CRDS-FY2023-RR-05.txt,https://www.jst.go.jp/crds/report/CRDS-FY2023-RR-05.html,官方PDF已保存并校验
先进材料、纳米与制造技术,核心科技直接材料,C-CRDS-FY2023-RR-05,2023-12-01,W3,イノベーションエコシステム調査　創薬のオープンイノベーションの潮流,CRDS机构正式研究,C:\Users\WINDOWS\OneDrive\知识库\智库信息爬虫\国际主要科技智库观点演变_研判\03_证据底稿\原文PDF\C-CRDS-FY2023-RR-05.pdf,C:\Users\WINDOWS\OneDrive\知识库\智库信息爬虫\国际主要科技智库观点演变_研判\03_证据底稿\文本\C-CRDS-FY2023-RR-05.txt,https://www.jst.go.jp/crds/report/CRDS-FY2023-RR-05.html,官方PDF已保存并校验
生命科学、生物技术与医疗,核心科技直接材料,C-CRDS-FY2023-RR-05,2023-12-01,W3,イノベーションエコシステム調査　創薬のオープンイノベーションの潮流,CRDS机构正式研究,C:\Users\WINDOWS\OneDrive\知识库\智库信息爬虫\国际主要科技智库观点演变_研判\03_证据底稿\原文PDF\C-CRDS-FY2023-RR-05.pdf,C:\Users\WINDOWS\OneDrive\知识库\智库信息爬虫\国际主要科技智库观点演变_研判\03_证据底稿\文本\C-CRDS-FY2023-RR-05.txt,https://www.jst.go.jp/crds/report/CRDS-FY2023-RR-05.html,官方PDF已保存并校验
能源、环境与绿色转型,核心科技直接材料,C-CRDS-FY2023-RR-05,2023-12-01,W3,イノベーションエコシステム調査　創薬のオープンイノベーションの潮流,CRDS机构正式研究,C:\Users\WINDOWS\OneDrive\知识库\智库信息爬虫\国际主要科技智库观点演变_研判\03_证据底稿\原文PDF\C-CRDS-FY2023-RR-05.pdf,C:\Users\WINDOWS\OneDrive\知识库\智库信息爬虫\国际主要科技智库观点演变_研判\03_证据底稿\文本\C-CRDS-FY2023-RR-05.txt,https://www.jst.go.jp/crds/report/CRDS-FY2023-RR-05.html,官方PDF已保存并校验
科技创新政策、科研体系与人才,核心科技直接材料,C-CRDS-FY2023-RR-05,2023-12-01,W3,イノベーションエコシステム調査　創薬のオープンイノベーションの潮流,CRDS机构正式研究,C:\Users\WINDOWS\OneDrive\知识库\智库信息爬虫\国际主要科技智库观点演变_研判\03_证据底稿\原文PDF\C-CRDS-FY2023-RR-05.pdf,C:\Users\WINDOWS\OneDrive\知识库\智库信息爬虫\国际主要科技智库观点演变_研判\03_证据底稿\文本\C-CRDS-FY2023-RR-05.txt,https://www.jst.go.jp/crds/report/CRDS-FY2023-RR-05.html,官方PDF已保存并校验
研究安全、科技外交与国际比较,核心科技直接材料,C-CRDS-FY2023-RR-05,2023-12-01,W3,イノベーションエコシステム調査　創薬のオープンイノベーションの潮流,CRDS机构正式研究,C:\Users\WINDOWS\OneDrive\知识库\智库信息爬虫\国际主要科技智库观点演变_研判\03_证据底稿\原文PDF\C-CRDS-FY2023-RR-05.pdf,C:\Users\WINDOWS\OneDrive\知识库\智库信息爬虫\国际主要科技智库观点演变_研判\03_证据底稿\文本\C-CRDS-FY2023-RR-05.txt,https://www.jst.go.jp/crds/report/CRDS-FY2023-RR-05.html,官方PDF已保存并校验
人工智能、机器人与计算系统,核心科技直接材料,C-CRDS-FY2023-RR-06,2024-02-01,W3,Beyond Disciplines　～CRDSが着目する研究開発の潮流2024～,CRDS机构正式研究,C:\Users\WINDOWS\OneDrive\知识库\智库信息爬虫\国际主要科技智库观点演变_研判\03_证据底稿\原文PDF\C-CRDS-FY2023-RR-06.pdf,C:\Users\WINDOWS\OneDrive\知识库\智库信息爬虫\国际主要科技智库观点演变_研判\03_证据底稿\文本\C-CRDS-FY2023-RR-06.txt,https://www.jst.go.jp/crds/report/CRDS-FY2023-RR-06.html,官方PDF已保存并校验
先进材料、纳米与制造技术,核心科技直接材料,C-CRDS-FY2023-RR-06,2024-02-01,W3,Beyond Disciplines　～CRDSが着目する研究開発の潮流2024～,CRDS机构正式研究,C:\Users\WINDOWS\OneDrive\知识库\智库信息爬虫\国际主要科技智库观点演变_研判\03_证据底稿\原文PDF\C-CRDS-FY2023-RR-06.pdf,C:\Users\WINDOWS\OneDrive\知识库\智库信息爬虫\国际主要科技智库观点演变_研判\03_证据底稿\文本\C-CRDS-FY2023-RR-06.txt,https://www.jst.go.jp/crds/report/CRDS-FY2023-RR-06.html,官方PDF已保存并校验
生命科学、生物技术与医疗,核心科技直接材料,C-CRDS-FY2023-RR-06,2024-02-01,W3,Beyond Disciplines　～CRDSが着目する研究開発の潮流2024～,CRDS机构正式研究,C:\Users\WINDOWS\OneDrive\知识库\智库信息爬虫\国际主要科技智库观点演变_研判\03_证据底稿\原文PDF\C-CRDS-FY2023-RR-06.pdf,C:\Users\WINDOWS\OneDrive\知识库\智库信息爬虫\国际主要科技智库观点演变_研判\03_证据底稿\文本\C-CRDS-FY2023-RR-06.txt,https://www.jst.go.jp/crds/report/CRDS-FY2023-RR-06.html,官方PDF已保存并校验
能源、环境与绿色转型,核心科技直接材料,C-CRDS-FY2023-RR-06,2024-02-01,W3,Beyond Disciplines　～CRDSが着目する研究開発の潮流2024～,CRDS机构正式研究,C:\Users\WINDOWS\OneDrive\知识库\智库信息爬虫\国际主要科技智库观点演变_研判\03_证据底稿\原文PDF\C-CRDS-FY2023-RR-06.pdf,C:\Users\WINDOWS\OneDrive\知识库\智库信息爬虫\国际主要科技智库观点演变_研判\03_证据底稿\文本\C-CRDS-FY2023-RR-06.txt,https://www.jst.go.jp/crds/report/CRDS-FY2023-RR-06.html,官方PDF已保存并校验
科技创新政策、科研体系与人才,核心科技直接材料,C-CRDS-FY2023-RR-06,2024-02-01,W3,Beyond Disciplines　～CRDSが着目する研究開発の潮流2024～,CRDS机构正式研究,C:\Users\WINDOWS\OneDrive\知识库\智库信息爬虫\国际主要科技智库观点演变_研判\03_证据底稿\原文PDF\C-CRDS-FY2023-RR-06.pdf,C:\Users\WINDOWS\OneDrive\知识库\智库信息爬虫\国际主要科技智库观点演变_研判\03_证据底稿\文本\C-CRDS-FY2023-RR-06.txt,https://www.jst.go.jp/crds/report/CRDS-FY2023-RR-06.html,官方PDF已保存并校验
研究安全、科技外交与国际比较,核心科技直接材料,C-CRDS-FY2023-RR-06,2024-02-01,W3,Beyond Disciplines　～CRDSが着目する研究開発の潮流2024～,CRDS机构正式研究,C:\Users\WINDOWS\OneDrive\知识库\智库信息爬虫\国际主要科技智库观点演变_研判\03_证据底稿\原文PDF\C-CRDS-FY2023-RR-06.pdf,C:\Users\WINDOWS\OneDrive\知识库\智库信息爬虫\国际主要科技智库观点演变_研判\03_证据底稿\文本\C-CRDS-FY2023-RR-06.txt,https://www.jst.go.jp/crds/report/CRDS-FY2023-RR-06.html,官方PDF已保存并校验
人工智能、机器人与计算系统,核心科技直接材料,C-CRDS-FY2023-FR-01,2024-03-01,W3,主要国・地域の科学技術・イノベーション政策動向（2024年）,CRDS机构正式研究,C:\Users\WINDOWS\OneDrive\知识库\智库信息爬虫\国际主要科技智库观点演变_研判\03_证据底稿\原文PDF\C-CRDS-FY2023-FR-01.pdf,C:\Users\WINDOWS\OneDrive\知识库\智库信息爬虫\国际主要科技智库观点演变_研判\03_证据底稿\文本\C-CRDS-FY2023-FR-01.txt,https://www.jst.go.jp/crds/report/CRDS-FY2023-FR-01.html,官方PDF已保存并校验
先进材料、纳米与制造技术,核心科技直接材料,C-CRDS-FY2023-FR-01,2024-03-01,W3,主要国・地域の科学技術・イノベーション政策動向（2024年）,CRDS机构正式研究,C:\Users\WINDOWS\OneDrive\知识库\智库信息爬虫\国际主要科技智库观点演变_研判\03_证据底稿\原文PDF\C-CRDS-FY2023-FR-01.pdf,C:\Users\WINDOWS\OneDrive\知识库\智库信息爬虫\国际主要科技智库观点演变_研判\03_证据底稿\文本\C-CRDS-FY2023-FR-01.txt,https://www.jst.go.jp/crds/report/CRDS-FY2023-FR-01.html,官方PDF已保存并校验
生命科学、生物技术与医疗,核心科技直接材料,C-CRDS-FY2023-FR-01,2024-03-01,W3,主要国・地域の科学技術・イノベーション政策動向（2024年）,CRDS机构正式研究,C:\Users\WINDOWS\OneDrive\知识库\智库信息爬虫\国际主要科技智库观点演变_研判\03_证据底稿\原文PDF\C-CRDS-FY2023-FR-01.pdf,C:\Users\WINDOWS\OneDrive\知识库\智库信息爬虫\国际主要科技智库观点演变_研判\03_证据底稿\文本\C-CRDS-FY2023-FR-01.txt,https://www.jst.go.jp/crds/report/CRDS-FY2023-FR-01.html,官方PDF已保存并校验
能源、环境与绿色转型,核心科技直接材料,C-CRDS-FY2023-FR-01,2024-03-01,W3,主要国・地域の科学技術・イノベーション政策動向（2024年）,CRDS机构正式研究,C:\Users\WINDOWS\OneDrive\知识库\智库信息爬虫\国际主要科技智库观点演变_研判\03_证据底稿\原文PDF\C-CRDS-FY2023-FR-01.pdf,C:\Users\WINDOWS\OneDrive\知识库\智库信息爬虫\国际主要科技智库观点演变_研判\03_证据底稿\文本\C-CRDS-FY2023-FR-01.txt,https://www.jst.go.jp/crds/report/CRDS-FY2023-FR-01.html,官方PDF已保存并校验
科技创新政策、科研体系与人才,核心科技直接材料,C-CRDS-FY2023-FR-01,2024-03-01,W3,主要国・地域の科学技術・イノベーション政策動向（2024年）,CRDS机构正式研究,C:\Users\WINDOWS\OneDrive\知识库\智库信息爬虫\国际主要科技智库观点演变_研判\03_证据底稿\原文PDF\C-CRDS-FY2023-FR-01.pdf,C:\Users\WINDOWS\OneDrive\知识库\智库信息爬虫\国际主要科技智库观点演变_研判\03_证据底稿\文本\C-CRDS-FY2023-FR-01.txt,https://www.jst.go.jp/crds/report/CRDS-FY2023-FR-01.html,官方PDF已保存并校验
研究安全、科技外交与国际比较,核心科技直接材料,C-CRDS-FY2023-FR-01,2024-03-01,W3,主要国・地域の科学技術・イノベーション政策動向（2024年）,CRDS机构正式研究,C:\Users\WINDOWS\OneDrive\知识库\智库信息爬虫\国际主要科技智库观点演变_研判\03_证据底稿\原文PDF\C-CRDS-FY2023-FR-01.pdf,C:\Users\WINDOWS\OneDrive\知识库\智库信息爬虫\国际主要科技智库观点演变_研判\03_证据底稿\文本\C-CRDS-FY2023-FR-01.txt,https://www.jst.go.jp/crds/report/CRDS-FY2023-FR-01.html,官方PDF已保存并校验
中国科技政策与能力比较,核心科技直接材料,C-CRDS-FY2023-FR-01,2024-03-01,W3,主要国・地域の科学技術・イノベーション政策動向（2024年）,CRDS机构正式研究,C:\Users\WINDOWS\OneDrive\知识库\智库信息爬虫\国际主要科技智库观点演变_研判\03_证据底稿\原文PDF\C-CRDS-FY2023-FR-01.pdf,C:\Users\WINDOWS\OneDrive\知识库\智库信息爬虫\国际主要科技智库观点演变_研判\03_证据底稿\文本\C-CRDS-FY2023-FR-01.txt,https://www.jst.go.jp/crds/report/CRDS-FY2023-FR-01.html,官方PDF已保存并校验
人工智能、机器人与计算系统,核心科技直接材料,S-CRDS-2024-01,2024-03-01,W3,科学技術・イノベーション政策に関する世界の潮流（2024年）,CRDS机构正式研究,C:\Users\WINDOWS\OneDrive\知识库\智库信息爬虫\国际主要科技智库观点演变_研判\03_证据底稿\原文PDF\S-CRDS-2024-01.pdf,C:\Users\WINDOWS\OneDrive\知识库\智库信息爬虫\国际主要科技智库观点演变_研判\03_证据底稿\文本\S-CRDS-2024-01.txt,https://www.jst.go.jp/crds/report/CRDS-FY2023-RR-07.html,复用库内既有资产
先进材料、纳米与制造技术,核心科技直接材料,S-CRDS-2024-01,2024-03-01,W3,科学技術・イノベーション政策に関する世界の潮流（2024年）,CRDS机构正式研究,C:\Users\WINDOWS\OneDrive\知识库\智库信息爬虫\国际主要科技智库观点演变_研判\03_证据底稿\原文PDF\S-CRDS-2024-01.pdf,C:\Users\WINDOWS\OneDrive\知识库\智库信息爬虫\国际主要科技智库观点演变_研判\03_证据底稿\文本\S-CRDS-2024-01.txt,https://www.jst.go.jp/crds/report/CRDS-FY2023-RR-07.html,复用库内既有资产
生命科学、生物技术与医疗,核心科技直接材料,S-CRDS-2024-01,2024-03-01,W3,科学技術・イノベーション政策に関する世界の潮流（2024年）,CRDS机构正式研究,C:\Users\WINDOWS\OneDrive\知识库\智库信息爬虫\国际主要科技智库观点演变_研判\03_证据底稿\原文PDF\S-CRDS-2024-01.pdf,C:\Users\WINDOWS\OneDrive\知识库\智库信息爬虫\国际主要科技智库观点演变_研判\03_证据底稿\文本\S-CRDS-2024-01.txt,https://www.jst.go.jp/crds/report/CRDS-FY2023-RR-07.html,复用库内既有资产
能源、环境与绿色转型,核心科技直接材料,S-CRDS-2024-01,2024-03-01,W3,科学技術・イノベーション政策に関する世界の潮流（2024年）,CRDS机构正式研究,C:\Users\WINDOWS\OneDrive\知识库\智库信息爬虫\国际主要科技智库观点演变_研判\03_证据底稿\原文PDF\S-CRDS-2024-01.pdf,C:\Users\WINDOWS\OneDrive\知识库\智库信息爬虫\国际主要科技智库观点演变_研判\03_证据底稿\文本\S-CRDS-2024-01.txt,https://www.jst.go.jp/crds/report/CRDS-FY2023-RR-07.html,复用库内既有资产
科技创新政策、科研体系与人才,核心科技直接材料,S-CRDS-2024-01,2024-03-01,W3,科学技術・イノベーション政策に関する世界の潮流（2024年）,CRDS机构正式研究,C:\Users\WINDOWS\OneDrive\知识库\智库信息爬虫\国际主要科技智库观点演变_研判\03_证据底稿\原文PDF\S-CRDS-2024-01.pdf,C:\Users\WINDOWS\OneDrive\知识库\智库信息爬虫\国际主要科技智库观点演变_研判\03_证据底稿\文本\S-CRDS-2024-01.txt,https://www.jst.go.jp/crds/report/CRDS-FY2023-RR-07.html,复用库内既有资产
研究安全、科技外交与国际比较,核心科技直接材料,S-CRDS-2024-01,2024-03-01,W3,科学技術・イノベーション政策に関する世界の潮流（2024年）,CRDS机构正式研究,C:\Users\WINDOWS\OneDrive\知识库\智库信息爬虫\国际主要科技智库观点演变_研判\03_证据底稿\原文PDF\S-CRDS-2024-01.pdf,C:\Users\WINDOWS\OneDrive\知识库\智库信息爬虫\国际主要科技智库观点演变_研判\03_证据底稿\文本\S-CRDS-2024-01.txt,https://www.jst.go.jp/crds/report/CRDS-FY2023-RR-07.html,复用库内既有资产
人工智能、机器人与计算系统,核心科技直接材料,C-CRDS-FY2023-RR-08,2024-03-01,W3,米国における研究セキュリティの取組み－研究の開放性と安全の両立に向けて,CRDS机构正式研究,C:\Users\WINDOWS\OneDrive\知识库\智库信息爬虫\国际主要科技智库观点演变_研判\03_证据底稿\原文PDF\C-CRDS-FY2023-RR-08.pdf,C:\Users\WINDOWS\OneDrive\知识库\智库信息爬虫\国际主要科技智库观点演变_研判\03_证据底稿\文本\C-CRDS-FY2023-RR-08.txt,https://www.jst.go.jp/crds/report/CRDS-FY2023-RR-08.html,官方PDF已保存并校验
芯片、量子、通信与网络安全,核心科技直接材料,C-CRDS-FY2023-RR-08,2024-03-01,W3,米国における研究セキュリティの取組み－研究の開放性と安全の両立に向けて,CRDS机构正式研究,C:\Users\WINDOWS\OneDrive\知识库\智库信息爬虫\国际主要科技智库观点演变_研判\03_证据底稿\原文PDF\C-CRDS-FY2023-RR-08.pdf,C:\Users\WINDOWS\OneDrive\知识库\智库信息爬虫\国际主要科技智库观点演变_研判\03_证据底稿\文本\C-CRDS-FY2023-RR-08.txt,https://www.jst.go.jp/crds/report/CRDS-FY2023-RR-08.html,官方PDF已保存并校验
先进材料、纳米与制造技术,核心科技直接材料,C-CRDS-FY2023-RR-08,2024-03-01,W3,米国における研究セキュリティの取組み－研究の開放性と安全の両立に向けて,CRDS机构正式研究,C:\Users\WINDOWS\OneDrive\知识库\智库信息爬虫\国际主要科技智库观点演变_研判\03_证据底稿\原文PDF\C-CRDS-FY2023-RR-08.pdf,C:\Users\WINDOWS\OneDrive\知识库\智库信息爬虫\国际主要科技智库观点演变_研判\03_证据底稿\文本\C-CRDS-FY2023-RR-08.txt,https://www.jst.go.jp/crds/report/CRDS-FY2023-RR-08.html,官方PDF已保存并校验
生命科学、生物技术与医疗,核心科技直接材料,C-CRDS-FY2023-RR-08,2024-03-01,W3,米国における研究セキュリティの取組み－研究の開放性と安全の両立に向けて,CRDS机构正式研究,C:\Users\WINDOWS\OneDrive\知识库\智库信息爬虫\国际主要科技智库观点演变_研判\03_证据底稿\原文PDF\C-CRDS-FY2023-RR-08.pdf,C:\Users\WINDOWS\OneDrive\知识库\智库信息爬虫\国际主要科技智库观点演变_研判\03_证据底稿\文本\C-CRDS-FY2023-RR-08.txt,https://www.jst.go.jp/crds/report/CRDS-FY2023-RR-08.html,官方PDF已保存并校验
能源、环境与绿色转型,核心科技直接材料,C-CRDS-FY2023-RR-08,2024-03-01,W3,米国における研究セキュリティの取組み－研究の開放性と安全の両立に向けて,CRDS机构正式研究,C:\Users\WINDOWS\OneDrive\知识库\智库信息爬虫\国际主要科技智库观点演变_研判\03_证据底稿\原文PDF\C-CRDS-FY2023-RR-08.pdf,C:\Users\WINDOWS\OneDrive\知识库\智库信息爬虫\国际主要科技智库观点演变_研判\03_证据底稿\文本\C-CRDS-FY2023-RR-08.txt,https://www.jst.go.jp/crds/report/CRDS-FY2023-RR-08.html,官方PDF已保存并校验
科技创新政策、科研体系与人才,核心科技直接材料,C-CRDS-FY2023-RR-08,2024-03-01,W3,米国における研究セキュリティの取組み－研究の開放性と安全の両立に向けて,CRDS机构正式研究,C:\Users\WINDOWS\OneDrive\知识库\智库信息爬虫\国际主要科技智库观点演变_研判\03_证据底稿\原文PDF\C-CRDS-FY2023-RR-08.pdf,C:\Users\WINDOWS\OneDrive\知识库\智库信息爬虫\国际主要科技智库观点演变_研判\03_证据底稿\文本\C-CRDS-FY2023-RR-08.txt,https://www.jst.go.jp/crds/report/CRDS-FY2023-RR-08.html,官方PDF已保存并校验
研究安全、科技外交与国际比较,核心科技直接材料,C-CRDS-FY2023-RR-08,2024-03-01,W3,米国における研究セキュリティの取組み－研究の開放性と安全の両立に向けて,CRDS机构正式研究,C:\Users\WINDOWS\OneDrive\知识库\智库信息爬虫\国际主要科技智库观点演变_研判\03_证据底稿\原文PDF\C-CRDS-FY2023-RR-08.pdf,C:\Users\WINDOWS\OneDrive\知识库\智库信息爬虫\国际主要科技智库观点演变_研判\03_证据底稿\文本\C-CRDS-FY2023-RR-08.txt,https://www.jst.go.jp/crds/report/CRDS-FY2023-RR-08.html,官方PDF已保存并校验
人工智能、机器人与计算系统,核心科技直接材料,C-CRDS-FY2023-RR-09,2024-03-01,W3,海外の「総合知」事例 －社会課題解決に向けた研究・イノベーションにおける知の融合－,CRDS机构正式研究,C:\Users\WINDOWS\OneDrive\知识库\智库信息爬虫\国际主要科技智库观点演变_研判\03_证据底稿\原文PDF\C-CRDS-FY2023-RR-09.pdf,C:\Users\WINDOWS\OneDrive\知识库\智库信息爬虫\国际主要科技智库观点演变_研判\03_证据底稿\文本\C-CRDS-FY2023-RR-09.txt,https://www.jst.go.jp/crds/report/CRDS-FY2023-RR-09.html,官方PDF已保存并校验
先进材料、纳米与制造技术,核心科技直接材料,C-CRDS-FY2023-RR-09,2024-03-01,W3,海外の「総合知」事例 －社会課題解決に向けた研究・イノベーションにおける知の融合－,CRDS机构正式研究,C:\Users\WINDOWS\OneDrive\知识库\智库信息爬虫\国际主要科技智库观点演变_研判\03_证据底稿\原文PDF\C-CRDS-FY2023-RR-09.pdf,C:\Users\WINDOWS\OneDrive\知识库\智库信息爬虫\国际主要科技智库观点演变_研判\03_证据底稿\文本\C-CRDS-FY2023-RR-09.txt,https://www.jst.go.jp/crds/report/CRDS-FY2023-RR-09.html,官方PDF已保存并校验
生命科学、生物技术与医疗,核心科技直接材料,C-CRDS-FY2023-RR-09,2024-03-01,W3,海外の「総合知」事例 －社会課題解決に向けた研究・イノベーションにおける知の融合－,CRDS机构正式研究,C:\Users\WINDOWS\OneDrive\知识库\智库信息爬虫\国际主要科技智库观点演变_研判\03_证据底稿\原文PDF\C-CRDS-FY2023-RR-09.pdf,C:\Users\WINDOWS\OneDrive\知识库\智库信息爬虫\国际主要科技智库观点演变_研判\03_证据底稿\文本\C-CRDS-FY2023-RR-09.txt,https://www.jst.go.jp/crds/report/CRDS-FY2023-RR-09.html,官方PDF已保存并校验
能源、环境与绿色转型,核心科技直接材料,C-CRDS-FY2023-RR-09,2024-03-01,W3,海外の「総合知」事例 －社会課題解決に向けた研究・イノベーションにおける知の融合－,CRDS机构正式研究,C:\Users\WINDOWS\OneDrive\知识库\智库信息爬虫\国际主要科技智库观点演变_研判\03_证据底稿\原文PDF\C-CRDS-FY2023-RR-09.pdf,C:\Users\WINDOWS\OneDrive\知识库\智库信息爬虫\国际主要科技智库观点演变_研判\03_证据底稿\文本\C-CRDS-FY2023-RR-09.txt,https://www.jst.go.jp/crds/report/CRDS-FY2023-RR-09.html,官方PDF已保存并校验
科技创新政策、科研体系与人才,核心科技直接材料,C-CRDS-FY2023-RR-09,2024-03-01,W3,海外の「総合知」事例 －社会課題解決に向けた研究・イノベーションにおける知の融合－,CRDS机构正式研究,C:\Users\WINDOWS\OneDrive\知识库\智库信息爬虫\国际主要科技智库观点演变_研判\03_证据底稿\原文PDF\C-CRDS-FY2023-RR-09.pdf,C:\Users\WINDOWS\OneDrive\知识库\智库信息爬虫\国际主要科技智库观点演变_研判\03_证据底稿\文本\C-CRDS-FY2023-RR-09.txt,https://www.jst.go.jp/crds/report/CRDS-FY2023-RR-09.html,官方PDF已保存并校验
研究安全、科技外交与国际比较,核心科技直接材料,C-CRDS-FY2023-RR-09,2024-03-01,W3,海外の「総合知」事例 －社会課題解決に向けた研究・イノベーションにおける知の融合－,CRDS机构正式研究,C:\Users\WINDOWS\OneDrive\知识库\智库信息爬虫\国际主要科技智库观点演变_研判\03_证据底稿\原文PDF\C-CRDS-FY2023-RR-09.pdf,C:\Users\WINDOWS\OneDrive\知识库\智库信息爬虫\国际主要科技智库观点演变_研判\03_证据底稿\文本\C-CRDS-FY2023-RR-09.txt,https://www.jst.go.jp/crds/report/CRDS-FY2023-RR-09.html,官方PDF已保存并校验
人工智能、机器人与计算系统,核心科技直接材料,C-CRDS-FY2023-SP-03,2024-03-01,W3,次世代AIモデルの研究開発,CRDS机构正式研究,C:\Users\WINDOWS\OneDrive\知识库\智库信息爬虫\国际主要科技智库观点演变_研判\03_证据底稿\原文PDF\C-CRDS-FY2023-SP-03.pdf,C:\Users\WINDOWS\OneDrive\知识库\智库信息爬虫\国际主要科技智库观点演变_研判\03_证据底稿\文本\C-CRDS-FY2023-SP-03.txt,https://www.jst.go.jp/crds/report/CRDS-FY2023-SP-03.html,官方PDF已保存并校验
先进材料、纳米与制造技术,核心科技直接材料,C-CRDS-FY2023-SP-03,2024-03-01,W3,次世代AIモデルの研究開発,CRDS机构正式研究,C:\Users\WINDOWS\OneDrive\知识库\智库信息爬虫\国际主要科技智库观点演变_研判\03_证据底稿\原文PDF\C-CRDS-FY2023-SP-03.pdf,C:\Users\WINDOWS\OneDrive\知识库\智库信息爬虫\国际主要科技智库观点演变_研判\03_证据底稿\文本\C-CRDS-FY2023-SP-03.txt,https://www.jst.go.jp/crds/report/CRDS-FY2023-SP-03.html,官方PDF已保存并校验
生命科学、生物技术与医疗,核心科技直接材料,C-CRDS-FY2023-SP-03,2024-03-01,W3,次世代AIモデルの研究開発,CRDS机构正式研究,C:\Users\WINDOWS\OneDrive\知识库\智库信息爬虫\国际主要科技智库观点演变_研判\03_证据底稿\原文PDF\C-CRDS-FY2023-SP-03.pdf,C:\Users\WINDOWS\OneDrive\知识库\智库信息爬虫\国际主要科技智库观点演变_研判\03_证据底稿\文本\C-CRDS-FY2023-SP-03.txt,https://www.jst.go.jp/crds/report/CRDS-FY2023-SP-03.html,官方PDF已保存并校验
能源、环境与绿色转型,核心科技直接材料,C-CRDS-FY2023-SP-03,2024-03-01,W3,次世代AIモデルの研究開発,CRDS机构正式研究,C:\Users\WINDOWS\OneDrive\知识库\智库信息爬虫\国际主要科技智库观点演变_研判\03_证据底稿\原文PDF\C-CRDS-FY2023-SP-03.pdf,C:\Users\WINDOWS\OneDrive\知识库\智库信息爬虫\国际主要科技智库观点演变_研判\03_证据底稿\文本\C-CRDS-FY2023-SP-03.txt,https://www.jst.go.jp/crds/report/CRDS-FY2023-SP-03.html,官方PDF已保存并校验
科技创新政策、科研体系与人才,核心科技直接材料,C-CRDS-FY2023-SP-03,2024-03-01,W3,次世代AIモデルの研究開発,CRDS机构正式研究,C:\Users\WINDOWS\OneDrive\知识库\智库信息爬虫\国际主要科技智库观点演变_研判\03_证据底稿\原文PDF\C-CRDS-FY2023-SP-03.pdf,C:\Users\WINDOWS\OneDrive\知识库\智库信息爬虫\国际主要科技智库观点演变_研判\03_证据底稿\文本\C-CRDS-FY2023-SP-03.txt,https://www.jst.go.jp/crds/report/CRDS-FY2023-SP-03.html,官方PDF已保存并校验
研究安全、科技外交与国际比较,核心科技直接材料,C-CRDS-FY2023-SP-03,2024-03-01,W3,次世代AIモデルの研究開発,CRDS机构正式研究,C:\Users\WINDOWS\OneDrive\知识库\智库信息爬虫\国际主要科技智库观点演变_研判\03_证据底稿\原文PDF\C-CRDS-FY2023-SP-03.pdf,C:\Users\WINDOWS\OneDrive\知识库\智库信息爬虫\国际主要科技智库观点演变_研判\03_证据底稿\文本\C-CRDS-FY2023-SP-03.txt,https://www.jst.go.jp/crds/report/CRDS-FY2023-SP-03.html,官方PDF已保存并校验
人工智能、机器人与计算系统,核心科技直接材料,C-CRDS-FY2023-SP-04,2024-03-01,W3,健康・医療リアルワールドデータ利活用基盤の構築と生成AIへの展開,CRDS机构正式研究,C:\Users\WINDOWS\OneDrive\知识库\智库信息爬虫\国际主要科技智库观点演变_研判\03_证据底稿\原文PDF\C-CRDS-FY2023-SP-04.pdf,C:\Users\WINDOWS\OneDrive\知识库\智库信息爬虫\国际主要科技智库观点演变_研判\03_证据底稿\文本\C-CRDS-FY2023-SP-04.txt,https://www.jst.go.jp/crds/report/CRDS-FY2023-SP-04.html,官方PDF已保存并校验
先进材料、纳米与制造技术,核心科技直接材料,C-CRDS-FY2023-SP-04,2024-03-01,W3,健康・医療リアルワールドデータ利活用基盤の構築と生成AIへの展開,CRDS机构正式研究,C:\Users\WINDOWS\OneDrive\知识库\智库信息爬虫\国际主要科技智库观点演变_研判\03_证据底稿\原文PDF\C-CRDS-FY2023-SP-04.pdf,C:\Users\WINDOWS\OneDrive\知识库\智库信息爬虫\国际主要科技智库观点演变_研判\03_证据底稿\文本\C-CRDS-FY2023-SP-04.txt,https://www.jst.go.jp/crds/report/CRDS-FY2023-SP-04.html,官方PDF已保存并校验
生命科学、生物技术与医疗,核心科技直接材料,C-CRDS-FY2023-SP-04,2024-03-01,W3,健康・医療リアルワールドデータ利活用基盤の構築と生成AIへの展開,CRDS机构正式研究,C:\Users\WINDOWS\OneDrive\知识库\智库信息爬虫\国际主要科技智库观点演变_研判\03_证据底稿\原文PDF\C-CRDS-FY2023-SP-04.pdf,C:\Users\WINDOWS\OneDrive\知识库\智库信息爬虫\国际主要科技智库观点演变_研判\03_证据底稿\文本\C-CRDS-FY2023-SP-04.txt,https://www.jst.go.jp/crds/report/CRDS-FY2023-SP-04.html,官方PDF已保存并校验
能源、环境与绿色转型,核心科技直接材料,C-CRDS-FY2023-SP-04,2024-03-01,W3,健康・医療リアルワールドデータ利活用基盤の構築と生成AIへの展開,CRDS机构正式研究,C:\Users\WINDOWS\OneDrive\知识库\智库信息爬虫\国际主要科技智库观点演变_研判\03_证据底稿\原文PDF\C-CRDS-FY2023-SP-04.pdf,C:\Users\WINDOWS\OneDrive\知识库\智库信息爬虫\国际主要科技智库观点演变_研判\03_证据底稿\文本\C-CRDS-FY2023-SP-04.txt,https://www.jst.go.jp/crds/report/CRDS-FY2023-SP-04.html,官方PDF已保存并校验
科技创新政策、科研体系与人才,核心科技直接材料,C-CRDS-FY2023-SP-04,2024-03-01,W3,健康・医療リアルワールドデータ利活用基盤の構築と生成AIへの展開,CRDS机构正式研究,C:\Users\WINDOWS\OneDrive\知识库\智库信息爬虫\国际主要科技智库观点演变_研判\03_证据底稿\原文PDF\C-CRDS-FY2023-SP-04.pdf,C:\Users\WINDOWS\OneDrive\知识库\智库信息爬虫\国际主要科技智库观点演变_研判\03_证据底稿\文本\C-CRDS-FY2023-SP-04.txt,https://www.jst.go.jp/crds/report/CRDS-FY2023-SP-04.html,官方PDF已保存并校验
研究安全、科技外交与国际比较,核心科技直接材料,C-CRDS-FY2023-SP-04,2024-03-01,W3,健康・医療リアルワールドデータ利活用基盤の構築と生成AIへの展開,CRDS机构正式研究,C:\Users\WINDOWS\OneDrive\知识库\智库信息爬虫\国际主要科技智库观点演变_研判\03_证据底稿\原文PDF\C-CRDS-FY2023-SP-04.pdf,C:\Users\WINDOWS\OneDrive\知识库\智库信息爬虫\国际主要科技智库观点演变_研判\03_证据底稿\文本\C-CRDS-FY2023-SP-04.txt,https://www.jst.go.jp/crds/report/CRDS-FY2023-SP-04.html,官方PDF已保存并校验
人工智能、机器人与计算系统,核心科技直接材料,C-CRDS-FY2023-XR-01,2024-03-01,W3,日本語仮訳：COVID-19、レジリエンスと科学・政策・社会の接点　OECD科学技術産業政策ポリシーペーパー（155 号）,CRDS机构正式研究,C:\Users\WINDOWS\OneDrive\知识库\智库信息爬虫\国际主要科技智库观点演变_研判\03_证据底稿\原文PDF\C-CRDS-FY2023-XR-01.pdf,C:\Users\WINDOWS\OneDrive\知识库\智库信息爬虫\国际主要科技智库观点演变_研判\03_证据底稿\文本\C-CRDS-FY2023-XR-01.txt,https://www.jst.go.jp/crds/report/CRDS-FY2023-XR-01.html,官方PDF已保存并校验
先进材料、纳米与制造技术,核心科技直接材料,C-CRDS-FY2023-XR-01,2024-03-01,W3,日本語仮訳：COVID-19、レジリエンスと科学・政策・社会の接点　OECD科学技術産業政策ポリシーペーパー（155 号）,CRDS机构正式研究,C:\Users\WINDOWS\OneDrive\知识库\智库信息爬虫\国际主要科技智库观点演变_研判\03_证据底稿\原文PDF\C-CRDS-FY2023-XR-01.pdf,C:\Users\WINDOWS\OneDrive\知识库\智库信息爬虫\国际主要科技智库观点演变_研判\03_证据底稿\文本\C-CRDS-FY2023-XR-01.txt,https://www.jst.go.jp/crds/report/CRDS-FY2023-XR-01.html,官方PDF已保存并校验
生命科学、生物技术与医疗,核心科技直接材料,C-CRDS-FY2023-XR-01,2024-03-01,W3,日本語仮訳：COVID-19、レジリエンスと科学・政策・社会の接点　OECD科学技術産業政策ポリシーペーパー（155 号）,CRDS机构正式研究,C:\Users\WINDOWS\OneDrive\知识库\智库信息爬虫\国际主要科技智库观点演变_研判\03_证据底稿\原文PDF\C-CRDS-FY2023-XR-01.pdf,C:\Users\WINDOWS\OneDrive\知识库\智库信息爬虫\国际主要科技智库观点演变_研判\03_证据底稿\文本\C-CRDS-FY2023-XR-01.txt,https://www.jst.go.jp/crds/report/CRDS-FY2023-XR-01.html,官方PDF已保存并校验
能源、环境与绿色转型,核心科技直接材料,C-CRDS-FY2023-XR-01,2024-03-01,W3,日本語仮訳：COVID-19、レジリエンスと科学・政策・社会の接点　OECD科学技術産業政策ポリシーペーパー（155 号）,CRDS机构正式研究,C:\Users\WINDOWS\OneDrive\知识库\智库信息爬虫\国际主要科技智库观点演变_研判\03_证据底稿\原文PDF\C-CRDS-FY2023-XR-01.pdf,C:\Users\WINDOWS\OneDrive\知识库\智库信息爬虫\国际主要科技智库观点演变_研判\03_证据底稿\文本\C-CRDS-FY2023-XR-01.txt,https://www.jst.go.jp/crds/report/CRDS-FY2023-XR-01.html,官方PDF已保存并校验
科技创新政策、科研体系与人才,核心科技直接材料,C-CRDS-FY2023-XR-01,2024-03-01,W3,日本語仮訳：COVID-19、レジリエンスと科学・政策・社会の接点　OECD科学技術産業政策ポリシーペーパー（155 号）,CRDS机构正式研究,C:\Users\WINDOWS\OneDrive\知识库\智库信息爬虫\国际主要科技智库观点演变_研判\03_证据底稿\原文PDF\C-CRDS-FY2023-XR-01.pdf,C:\Users\WINDOWS\OneDrive\知识库\智库信息爬虫\国际主要科技智库观点演变_研判\03_证据底稿\文本\C-CRDS-FY2023-XR-01.txt,https://www.jst.go.jp/crds/report/CRDS-FY2023-XR-01.html,官方PDF已保存并校验
研究安全、科技外交与国际比较,核心科技直接材料,C-CRDS-FY2023-XR-01,2024-03-01,W3,日本語仮訳：COVID-19、レジリエンスと科学・政策・社会の接点　OECD科学技術産業政策ポリシーペーパー（155 号）,CRDS机构正式研究,C:\Users\WINDOWS\OneDrive\知识库\智库信息爬虫\国际主要科技智库观点演变_研判\03_证据底稿\原文PDF\C-CRDS-FY2023-XR-01.pdf,C:\Users\WINDOWS\OneDrive\知识库\智库信息爬虫\国际主要科技智库观点演变_研判\03_证据底稿\文本\C-CRDS-FY2023-XR-01.txt,https://www.jst.go.jp/crds/report/CRDS-FY2023-XR-01.html,官方PDF已保存并校验
人工智能、机器人与计算系统,核心科技直接材料,C-CRDS-FY2024-RR-01,2024-04-01,W3,未来洞察に関する諸外国の政策上の取り組み　～今後の研究開発戦略やファンディング領域の検討に向けた基礎調査～,CRDS机构正式研究,C:\Users\WINDOWS\OneDrive\知识库\智库信息爬虫\国际主要科技智库观点演变_研判\03_证据底稿\原文PDF\C-CRDS-FY2024-RR-01.pdf,C:\Users\WINDOWS\OneDrive\知识库\智库信息爬虫\国际主要科技智库观点演变_研判\03_证据底稿\文本\C-CRDS-FY2024-RR-01.txt,https://www.jst.go.jp/crds/report/CRDS-FY2024-RR-01.html,官方PDF已保存并校验
芯片、量子、通信与网络安全,核心科技直接材料,C-CRDS-FY2024-RR-01,2024-04-01,W3,未来洞察に関する諸外国の政策上の取り組み　～今後の研究開発戦略やファンディング領域の検討に向けた基礎調査～,CRDS机构正式研究,C:\Users\WINDOWS\OneDrive\知识库\智库信息爬虫\国际主要科技智库观点演变_研判\03_证据底稿\原文PDF\C-CRDS-FY2024-RR-01.pdf,C:\Users\WINDOWS\OneDrive\知识库\智库信息爬虫\国际主要科技智库观点演变_研判\03_证据底稿\文本\C-CRDS-FY2024-RR-01.txt,https://www.jst.go.jp/crds/report/CRDS-FY2024-RR-01.html,官方PDF已保存并校验
先进材料、纳米与制造技术,核心科技直接材料,C-CRDS-FY2024-RR-01,2024-04-01,W3,未来洞察に関する諸外国の政策上の取り組み　～今後の研究開発戦略やファンディング領域の検討に向けた基礎調査～,CRDS机构正式研究,C:\Users\WINDOWS\OneDrive\知识库\智库信息爬虫\国际主要科技智库观点演变_研判\03_证据底稿\原文PDF\C-CRDS-FY2024-RR-01.pdf,C:\Users\WINDOWS\OneDrive\知识库\智库信息爬虫\国际主要科技智库观点演变_研判\03_证据底稿\文本\C-CRDS-FY2024-RR-01.txt,https://www.jst.go.jp/crds/report/CRDS-FY2024-RR-01.html,官方PDF已保存并校验
生命科学、生物技术与医疗,核心科技直接材料,C-CRDS-FY2024-RR-01,2024-04-01,W3,未来洞察に関する諸外国の政策上の取り組み　～今後の研究開発戦略やファンディング領域の検討に向けた基礎調査～,CRDS机构正式研究,C:\Users\WINDOWS\OneDrive\知识库\智库信息爬虫\国际主要科技智库观点演变_研判\03_证据底稿\原文PDF\C-CRDS-FY2024-RR-01.pdf,C:\Users\WINDOWS\OneDrive\知识库\智库信息爬虫\国际主要科技智库观点演变_研判\03_证据底稿\文本\C-CRDS-FY2024-RR-01.txt,https://www.jst.go.jp/crds/report/CRDS-FY2024-RR-01.html,官方PDF已保存并校验
能源、环境与绿色转型,核心科技直接材料,C-CRDS-FY2024-RR-01,2024-04-01,W3,未来洞察に関する諸外国の政策上の取り組み　～今後の研究開発戦略やファンディング領域の検討に向けた基礎調査～,CRDS机构正式研究,C:\Users\WINDOWS\OneDrive\知识库\智库信息爬虫\国际主要科技智库观点演变_研判\03_证据底稿\原文PDF\C-CRDS-FY2024-RR-01.pdf,C:\Users\WINDOWS\OneDrive\知识库\智库信息爬虫\国际主要科技智库观点演变_研判\03_证据底稿\文本\C-CRDS-FY2024-RR-01.txt,https://www.jst.go.jp/crds/report/CRDS-FY2024-RR-01.html,官方PDF已保存并校验
科技创新政策、科研体系与人才,核心科技直接材料,C-CRDS-FY2024-RR-01,2024-04-01,W3,未来洞察に関する諸外国の政策上の取り組み　～今後の研究開発戦略やファンディング領域の検討に向けた基礎調査～,CRDS机构正式研究,C:\Users\WINDOWS\OneDrive\知识库\智库信息爬虫\国际主要科技智库观点演变_研判\03_证据底稿\原文PDF\C-CRDS-FY2024-RR-01.pdf,C:\Users\WINDOWS\OneDrive\知识库\智库信息爬虫\国际主要科技智库观点演变_研判\03_证据底稿\文本\C-CRDS-FY2024-RR-01.txt,https://www.jst.go.jp/crds/report/CRDS-FY2024-RR-01.html,官方PDF已保存并校验
研究安全、科技外交与国际比较,核心科技直接材料,C-CRDS-FY2024-RR-01,2024-04-01,W3,未来洞察に関する諸外国の政策上の取り組み　～今後の研究開発戦略やファンディング領域の検討に向けた基礎調査～,CRDS机构正式研究,C:\Users\WINDOWS\OneDrive\知识库\智库信息爬虫\国际主要科技智库观点演变_研判\03_证据底稿\原文PDF\C-CRDS-FY2024-RR-01.pdf,C:\Users\WINDOWS\OneDrive\知识库\智库信息爬虫\国际主要科技智库观点演变_研判\03_证据底稿\文本\C-CRDS-FY2024-RR-01.txt,https://www.jst.go.jp/crds/report/CRDS-FY2024-RR-01.html,官方PDF已保存并校验
人工智能、机器人与计算系统,核心科技直接材料,C-CRDS-FY2024-RR-02,2024-04-01,W3,社会変革型イノベーション政策/ミッション志向型イノベーション政策の推進に関する国内外の動向,CRDS机构正式研究,C:\Users\WINDOWS\OneDrive\知识库\智库信息爬虫\国际主要科技智库观点演变_研判\03_证据底稿\原文PDF\C-CRDS-FY2024-RR-02.pdf,C:\Users\WINDOWS\OneDrive\知识库\智库信息爬虫\国际主要科技智库观点演变_研判\03_证据底稿\文本\C-CRDS-FY2024-RR-02.txt,https://www.jst.go.jp/crds/report/CRDS-FY2024-RR-02.html,官方PDF已保存并校验
先进材料、纳米与制造技术,核心科技直接材料,C-CRDS-FY2024-RR-02,2024-04-01,W3,社会変革型イノベーション政策/ミッション志向型イノベーション政策の推進に関する国内外の動向,CRDS机构正式研究,C:\Users\WINDOWS\OneDrive\知识库\智库信息爬虫\国际主要科技智库观点演变_研判\03_证据底稿\原文PDF\C-CRDS-FY2024-RR-02.pdf,C:\Users\WINDOWS\OneDrive\知识库\智库信息爬虫\国际主要科技智库观点演变_研判\03_证据底稿\文本\C-CRDS-FY2024-RR-02.txt,https://www.jst.go.jp/crds/report/CRDS-FY2024-RR-02.html,官方PDF已保存并校验
生命科学、生物技术与医疗,核心科技直接材料,C-CRDS-FY2024-RR-02,2024-04-01,W3,社会変革型イノベーション政策/ミッション志向型イノベーション政策の推進に関する国内外の動向,CRDS机构正式研究,C:\Users\WINDOWS\OneDrive\知识库\智库信息爬虫\国际主要科技智库观点演变_研判\03_证据底稿\原文PDF\C-CRDS-FY2024-RR-02.pdf,C:\Users\WINDOWS\OneDrive\知识库\智库信息爬虫\国际主要科技智库观点演变_研判\03_证据底稿\文本\C-CRDS-FY2024-RR-02.txt,https://www.jst.go.jp/crds/report/CRDS-FY2024-RR-02.html,官方PDF已保存并校验
能源、环境与绿色转型,核心科技直接材料,C-CRDS-FY2024-RR-02,2024-04-01,W3,社会変革型イノベーション政策/ミッション志向型イノベーション政策の推進に関する国内外の動向,CRDS机构正式研究,C:\Users\WINDOWS\OneDrive\知识库\智库信息爬虫\国际主要科技智库观点演变_研判\03_证据底稿\原文PDF\C-CRDS-FY2024-RR-02.pdf,C:\Users\WINDOWS\OneDrive\知识库\智库信息爬虫\国际主要科技智库观点演变_研判\03_证据底稿\文本\C-CRDS-FY2024-RR-02.txt,https://www.jst.go.jp/crds/report/CRDS-FY2024-RR-02.html,官方PDF已保存并校验
科技创新政策、科研体系与人才,核心科技直接材料,C-CRDS-FY2024-RR-02,2024-04-01,W3,社会変革型イノベーション政策/ミッション志向型イノベーション政策の推進に関する国内外の動向,CRDS机构正式研究,C:\Users\WINDOWS\OneDrive\知识库\智库信息爬虫\国际主要科技智库观点演变_研判\03_证据底稿\原文PDF\C-CRDS-FY2024-RR-02.pdf,C:\Users\WINDOWS\OneDrive\知识库\智库信息爬虫\国际主要科技智库观点演变_研判\03_证据底稿\文本\C-CRDS-FY2024-RR-02.txt,https://www.jst.go.jp/crds/report/CRDS-FY2024-RR-02.html,官方PDF已保存并校验
研究安全、科技外交与国际比较,核心科技直接材料,C-CRDS-FY2024-RR-02,2024-04-01,W3,社会変革型イノベーション政策/ミッション志向型イノベーション政策の推進に関する国内外の動向,CRDS机构正式研究,C:\Users\WINDOWS\OneDrive\知识库\智库信息爬虫\国际主要科技智库观点演变_研判\03_证据底稿\原文PDF\C-CRDS-FY2024-RR-02.pdf,C:\Users\WINDOWS\OneDrive\知识库\智库信息爬虫\国际主要科技智库观点演变_研判\03_证据底稿\文本\C-CRDS-FY2024-RR-02.txt,https://www.jst.go.jp/crds/report/CRDS-FY2024-RR-02.html,官方PDF已保存并校验
人工智能、机器人与计算系统,核心科技直接材料,C-CRDS-FY2024-FR-01,2024-06-01,W3,研究開発の俯瞰報告書　論文・特許データから見る研究開発動向（2024年）,CRDS机构正式研究,C:\Users\WINDOWS\OneDrive\知识库\智库信息爬虫\国际主要科技智库观点演变_研判\03_证据底稿\原文PDF\C-CRDS-FY2024-FR-01.pdf,C:\Users\WINDOWS\OneDrive\知识库\智库信息爬虫\国际主要科技智库观点演变_研判\03_证据底稿\文本\C-CRDS-FY2024-FR-01.txt,https://www.jst.go.jp/crds/report/CRDS-FY2024-FR-01.html,官方PDF已保存并校验
芯片、量子、通信与网络安全,核心科技直接材料,C-CRDS-FY2024-FR-01,2024-06-01,W3,研究開発の俯瞰報告書　論文・特許データから見る研究開発動向（2024年）,CRDS机构正式研究,C:\Users\WINDOWS\OneDrive\知识库\智库信息爬虫\国际主要科技智库观点演变_研判\03_证据底稿\原文PDF\C-CRDS-FY2024-FR-01.pdf,C:\Users\WINDOWS\OneDrive\知识库\智库信息爬虫\国际主要科技智库观点演变_研判\03_证据底稿\文本\C-CRDS-FY2024-FR-01.txt,https://www.jst.go.jp/crds/report/CRDS-FY2024-FR-01.html,官方PDF已保存并校验
先进材料、纳米与制造技术,核心科技直接材料,C-CRDS-FY2024-FR-01,2024-06-01,W3,研究開発の俯瞰報告書　論文・特許データから見る研究開発動向（2024年）,CRDS机构正式研究,C:\Users\WINDOWS\OneDrive\知识库\智库信息爬虫\国际主要科技智库观点演变_研判\03_证据底稿\原文PDF\C-CRDS-FY2024-FR-01.pdf,C:\Users\WINDOWS\OneDrive\知识库\智库信息爬虫\国际主要科技智库观点演变_研判\03_证据底稿\文本\C-CRDS-FY2024-FR-01.txt,https://www.jst.go.jp/crds/report/CRDS-FY2024-FR-01.html,官方PDF已保存并校验
生命科学、生物技术与医疗,核心科技直接材料,C-CRDS-FY2024-FR-01,2024-06-01,W3,研究開発の俯瞰報告書　論文・特許データから見る研究開発動向（2024年）,CRDS机构正式研究,C:\Users\WINDOWS\OneDrive\知识库\智库信息爬虫\国际主要科技智库观点演变_研判\03_证据底稿\原文PDF\C-CRDS-FY2024-FR-01.pdf,C:\Users\WINDOWS\OneDrive\知识库\智库信息爬虫\国际主要科技智库观点演变_研判\03_证据底稿\文本\C-CRDS-FY2024-FR-01.txt,https://www.jst.go.jp/crds/report/CRDS-FY2024-FR-01.html,官方PDF已保存并校验
能源、环境与绿色转型,核心科技直接材料,C-CRDS-FY2024-FR-01,2024-06-01,W3,研究開発の俯瞰報告書　論文・特許データから見る研究開発動向（2024年）,CRDS机构正式研究,C:\Users\WINDOWS\OneDrive\知识库\智库信息爬虫\国际主要科技智库观点演变_研判\03_证据底稿\原文PDF\C-CRDS-FY2024-FR-01.pdf,C:\Users\WINDOWS\OneDrive\知识库\智库信息爬虫\国际主要科技智库观点演变_研判\03_证据底稿\文本\C-CRDS-FY2024-FR-01.txt,https://www.jst.go.jp/crds/report/CRDS-FY2024-FR-01.html,官方PDF已保存并校验
科技创新政策、科研体系与人才,核心科技直接材料,C-CRDS-FY2024-FR-01,2024-06-01,W3,研究開発の俯瞰報告書　論文・特許データから見る研究開発動向（2024年）,CRDS机构正式研究,C:\Users\WINDOWS\OneDrive\知识库\智库信息爬虫\国际主要科技智库观点演变_研判\03_证据底稿\原文PDF\C-CRDS-FY2024-FR-01.pdf,C:\Users\WINDOWS\OneDrive\知识库\智库信息爬虫\国际主要科技智库观点演变_研判\03_证据底稿\文本\C-CRDS-FY2024-FR-01.txt,https://www.jst.go.jp/crds/report/CRDS-FY2024-FR-01.html,官方PDF已保存并校验
研究安全、科技外交与国际比较,核心科技直接材料,C-CRDS-FY2024-FR-01,2024-06-01,W3,研究開発の俯瞰報告書　論文・特許データから見る研究開発動向（2024年）,CRDS机构正式研究,C:\Users\WINDOWS\OneDrive\知识库\智库信息爬虫\国际主要科技智库观点演变_研判\03_证据底稿\原文PDF\C-CRDS-FY2024-FR-01.pdf,C:\Users\WINDOWS\OneDrive\知识库\智库信息爬虫\国际主要科技智库观点演变_研判\03_证据底稿\文本\C-CRDS-FY2024-FR-01.txt,https://www.jst.go.jp/crds/report/CRDS-FY2024-FR-01.html,官方PDF已保存并校验
中国科技政策与能力比较,核心科技直接材料,C-CRDS-FY2024-FR-01,2024-06-01,W3,研究開発の俯瞰報告書　論文・特許データから見る研究開発動向（2024年）,CRDS机构正式研究,C:\Users\WINDOWS\OneDrive\知识库\智库信息爬虫\国际主要科技智库观点演变_研判\03_证据底稿\原文PDF\C-CRDS-FY2024-FR-01.pdf,C:\Users\WINDOWS\OneDrive\知识库\智库信息爬虫\国际主要科技智库观点演变_研判\03_证据底稿\文本\C-CRDS-FY2024-FR-01.txt,https://www.jst.go.jp/crds/report/CRDS-FY2024-FR-01.html,官方PDF已保存并校验
人工智能、机器人与计算系统,核心科技直接材料,C-CRDS-FY2024-RR-03,2024-07-01,W3,研究機器・装置開発の諸課題 —新たな研究を拓く機器開発とその実装・エコシステム形成へ向けて—（市場動向・海外政策動向アップデート版）（—The Beyond Disciplines Collection—）,CRDS机构正式研究,C:\Users\WINDOWS\OneDrive\知识库\智库信息爬虫\国际主要科技智库观点演变_研判\03_证据底稿\原文PDF\C-CRDS-FY2024-RR-03.pdf,C:\Users\WINDOWS\OneDrive\知识库\智库信息爬虫\国际主要科技智库观点演变_研判\03_证据底稿\文本\C-CRDS-FY2024-RR-03.txt,https://www.jst.go.jp/crds/report/CRDS-FY2024-RR-03.html,官方PDF已保存并校验
芯片、量子、通信与网络安全,核心科技直接材料,C-CRDS-FY2024-RR-03,2024-07-01,W3,研究機器・装置開発の諸課題 —新たな研究を拓く機器開発とその実装・エコシステム形成へ向けて—（市場動向・海外政策動向アップデート版）（—The Beyond Disciplines Collection—）,CRDS机构正式研究,C:\Users\WINDOWS\OneDrive\知识库\智库信息爬虫\国际主要科技智库观点演变_研判\03_证据底稿\原文PDF\C-CRDS-FY2024-RR-03.pdf,C:\Users\WINDOWS\OneDrive\知识库\智库信息爬虫\国际主要科技智库观点演变_研判\03_证据底稿\文本\C-CRDS-FY2024-RR-03.txt,https://www.jst.go.jp/crds/report/CRDS-FY2024-RR-03.html,官方PDF已保存并校验
先进材料、纳米与制造技术,核心科技直接材料,C-CRDS-FY2024-RR-03,2024-07-01,W3,研究機器・装置開発の諸課題 —新たな研究を拓く機器開発とその実装・エコシステム形成へ向けて—（市場動向・海外政策動向アップデート版）（—The Beyond Disciplines Collection—）,CRDS机构正式研究,C:\Users\WINDOWS\OneDrive\知识库\智库信息爬虫\国际主要科技智库观点演变_研判\03_证据底稿\原文PDF\C-CRDS-FY2024-RR-03.pdf,C:\Users\WINDOWS\OneDrive\知识库\智库信息爬虫\国际主要科技智库观点演变_研判\03_证据底稿\文本\C-CRDS-FY2024-RR-03.txt,https://www.jst.go.jp/crds/report/CRDS-FY2024-RR-03.html,官方PDF已保存并校验
生命科学、生物技术与医疗,核心科技直接材料,C-CRDS-FY2024-RR-03,2024-07-01,W3,研究機器・装置開発の諸課題 —新たな研究を拓く機器開発とその実装・エコシステム形成へ向けて—（市場動向・海外政策動向アップデート版）（—The Beyond Disciplines Collection—）,CRDS机构正式研究,C:\Users\WINDOWS\OneDrive\知识库\智库信息爬虫\国际主要科技智库观点演变_研判\03_证据底稿\原文PDF\C-CRDS-FY2024-RR-03.pdf,C:\Users\WINDOWS\OneDrive\知识库\智库信息爬虫\国际主要科技智库观点演变_研判\03_证据底稿\文本\C-CRDS-FY2024-RR-03.txt,https://www.jst.go.jp/crds/report/CRDS-FY2024-RR-03.html,官方PDF已保存并校验
能源、环境与绿色转型,核心科技直接材料,C-CRDS-FY2024-RR-03,2024-07-01,W3,研究機器・装置開発の諸課題 —新たな研究を拓く機器開発とその実装・エコシステム形成へ向けて—（市場動向・海外政策動向アップデート版）（—The Beyond Disciplines Collection—）,CRDS机构正式研究,C:\Users\WINDOWS\OneDrive\知识库\智库信息爬虫\国际主要科技智库观点演变_研判\03_证据底稿\原文PDF\C-CRDS-FY2024-RR-03.pdf,C:\Users\WINDOWS\OneDrive\知识库\智库信息爬虫\国际主要科技智库观点演变_研判\03_证据底稿\文本\C-CRDS-FY2024-RR-03.txt,https://www.jst.go.jp/crds/report/CRDS-FY2024-RR-03.html,官方PDF已保存并校验
科技创新政策、科研体系与人才,核心科技直接材料,C-CRDS-FY2024-RR-03,2024-07-01,W3,研究機器・装置開発の諸課題 —新たな研究を拓く機器開発とその実装・エコシステム形成へ向けて—（市場動向・海外政策動向アップデート版）（—The Beyond Disciplines Collection—）,CRDS机构正式研究,C:\Users\WINDOWS\OneDrive\知识库\智库信息爬虫\国际主要科技智库观点演变_研判\03_证据底稿\原文PDF\C-CRDS-FY2024-RR-03.pdf,C:\Users\WINDOWS\OneDrive\知识库\智库信息爬虫\国际主要科技智库观点演变_研判\03_证据底稿\文本\C-CRDS-FY2024-RR-03.txt,https://www.jst.go.jp/crds/report/CRDS-FY2024-RR-03.html,官方PDF已保存并校验
研究安全、科技外交与国际比较,核心科技直接材料,C-CRDS-FY2024-RR-03,2024-07-01,W3,研究機器・装置開発の諸課題 —新たな研究を拓く機器開発とその実装・エコシステム形成へ向けて—（市場動向・海外政策動向アップデート版）（—The Beyond Disciplines Collection—）,CRDS机构正式研究,C:\Users\WINDOWS\OneDrive\知识库\智库信息爬虫\国际主要科技智库观点演变_研判\03_证据底稿\原文PDF\C-CRDS-FY2024-RR-03.pdf,C:\Users\WINDOWS\OneDrive\知识库\智库信息爬虫\国际主要科技智库观点演变_研判\03_证据底稿\文本\C-CRDS-FY2024-RR-03.txt,https://www.jst.go.jp/crds/report/CRDS-FY2024-RR-03.html,官方PDF已保存并校验
人工智能、机器人与计算系统,核心科技直接材料,C-CRDS-FY2024-RR-04,2024-08-01,W3,プレプリントサーバーarXivを利用したAI分野の研究動向俯瞰調査,CRDS机构正式研究,C:\Users\WINDOWS\OneDrive\知识库\智库信息爬虫\国际主要科技智库观点演变_研判\03_证据底稿\原文PDF\C-CRDS-FY2024-RR-04.pdf,C:\Users\WINDOWS\OneDrive\知识库\智库信息爬虫\国际主要科技智库观点演变_研判\03_证据底稿\文本\C-CRDS-FY2024-RR-04.txt,https://www.jst.go.jp/crds/report/CRDS-FY2024-RR-04.html,官方PDF已保存并校验
芯片、量子、通信与网络安全,核心科技直接材料,C-CRDS-FY2024-RR-04,2024-08-01,W3,プレプリントサーバーarXivを利用したAI分野の研究動向俯瞰調査,CRDS机构正式研究,C:\Users\WINDOWS\OneDrive\知识库\智库信息爬虫\国际主要科技智库观点演变_研判\03_证据底稿\原文PDF\C-CRDS-FY2024-RR-04.pdf,C:\Users\WINDOWS\OneDrive\知识库\智库信息爬虫\国际主要科技智库观点演变_研判\03_证据底稿\文本\C-CRDS-FY2024-RR-04.txt,https://www.jst.go.jp/crds/report/CRDS-FY2024-RR-04.html,官方PDF已保存并校验
先进材料、纳米与制造技术,核心科技直接材料,C-CRDS-FY2024-RR-04,2024-08-01,W3,プレプリントサーバーarXivを利用したAI分野の研究動向俯瞰調査,CRDS机构正式研究,C:\Users\WINDOWS\OneDrive\知识库\智库信息爬虫\国际主要科技智库观点演变_研判\03_证据底稿\原文PDF\C-CRDS-FY2024-RR-04.pdf,C:\Users\WINDOWS\OneDrive\知识库\智库信息爬虫\国际主要科技智库观点演变_研判\03_证据底稿\文本\C-CRDS-FY2024-RR-04.txt,https://www.jst.go.jp/crds/report/CRDS-FY2024-RR-04.html,官方PDF已保存并校验
生命科学、生物技术与医疗,核心科技直接材料,C-CRDS-FY2024-RR-04,2024-08-01,W3,プレプリントサーバーarXivを利用したAI分野の研究動向俯瞰調査,CRDS机构正式研究,C:\Users\WINDOWS\OneDrive\知识库\智库信息爬虫\国际主要科技智库观点演变_研判\03_证据底稿\原文PDF\C-CRDS-FY2024-RR-04.pdf,C:\Users\WINDOWS\OneDrive\知识库\智库信息爬虫\国际主要科技智库观点演变_研判\03_证据底稿\文本\C-CRDS-FY2024-RR-04.txt,https://www.jst.go.jp/crds/report/CRDS-FY2024-RR-04.html,官方PDF已保存并校验
能源、环境与绿色转型,核心科技直接材料,C-CRDS-FY2024-RR-04,2024-08-01,W3,プレプリントサーバーarXivを利用したAI分野の研究動向俯瞰調査,CRDS机构正式研究,C:\Users\WINDOWS\OneDrive\知识库\智库信息爬虫\国际主要科技智库观点演变_研判\03_证据底稿\原文PDF\C-CRDS-FY2024-RR-04.pdf,C:\Users\WINDOWS\OneDrive\知识库\智库信息爬虫\国际主要科技智库观点演变_研判\03_证据底稿\文本\C-CRDS-FY2024-RR-04.txt,https://www.jst.go.jp/crds/report/CRDS-FY2024-RR-04.html,官方PDF已保存并校验
科技创新政策、科研体系与人才,核心科技直接材料,C-CRDS-FY2024-RR-04,2024-08-01,W3,プレプリントサーバーarXivを利用したAI分野の研究動向俯瞰調査,CRDS机构正式研究,C:\Users\WINDOWS\OneDrive\知识库\智库信息爬虫\国际主要科技智库观点演变_研判\03_证据底稿\原文PDF\C-CRDS-FY2024-RR-04.pdf,C:\Users\WINDOWS\OneDrive\知识库\智库信息爬虫\国际主要科技智库观点演变_研判\03_证据底稿\文本\C-CRDS-FY2024-RR-04.txt,https://www.jst.go.jp/crds/report/CRDS-FY2024-RR-04.html,官方PDF已保存并校验
研究安全、科技外交与国际比较,核心科技直接材料,C-CRDS-FY2024-RR-04,2024-08-01,W3,プレプリントサーバーarXivを利用したAI分野の研究動向俯瞰調査,CRDS机构正式研究,C:\Users\WINDOWS\OneDrive\知识库\智库信息爬虫\国际主要科技智库观点演变_研判\03_证据底稿\原文PDF\C-CRDS-FY2024-RR-04.pdf,C:\Users\WINDOWS\OneDrive\知识库\智库信息爬虫\国际主要科技智库观点演变_研判\03_证据底稿\文本\C-CRDS-FY2024-RR-04.txt,https://www.jst.go.jp/crds/report/CRDS-FY2024-RR-04.html,官方PDF已保存并校验
人工智能、机器人与计算系统,核心科技直接材料,C-CRDS-FY2024-FR-03,2024-09-01,W3,研究開発の俯瞰報告書　システム・情報科学技術分野（2024年）,CRDS机构正式研究,C:\Users\WINDOWS\OneDrive\知识库\智库信息爬虫\国际主要科技智库观点演变_研判\03_证据底稿\原文PDF\C-CRDS-FY2024-FR-03.pdf,C:\Users\WINDOWS\OneDrive\知识库\智库信息爬虫\国际主要科技智库观点演变_研判\03_证据底稿\文本\C-CRDS-FY2024-FR-03.txt,https://www.jst.go.jp/crds/report/CRDS-FY2024-FR-03.html,官方PDF已保存并校验
芯片、量子、通信与网络安全,核心科技直接材料,C-CRDS-FY2024-FR-03,2024-09-01,W3,研究開発の俯瞰報告書　システム・情報科学技術分野（2024年）,CRDS机构正式研究,C:\Users\WINDOWS\OneDrive\知识库\智库信息爬虫\国际主要科技智库观点演变_研判\03_证据底稿\原文PDF\C-CRDS-FY2024-FR-03.pdf,C:\Users\WINDOWS\OneDrive\知识库\智库信息爬虫\国际主要科技智库观点演变_研判\03_证据底稿\文本\C-CRDS-FY2024-FR-03.txt,https://www.jst.go.jp/crds/report/CRDS-FY2024-FR-03.html,官方PDF已保存并校验
先进材料、纳米与制造技术,核心科技直接材料,C-CRDS-FY2024-FR-03,2024-09-01,W3,研究開発の俯瞰報告書　システム・情報科学技術分野（2024年）,CRDS机构正式研究,C:\Users\WINDOWS\OneDrive\知识库\智库信息爬虫\国际主要科技智库观点演变_研判\03_证据底稿\原文PDF\C-CRDS-FY2024-FR-03.pdf,C:\Users\WINDOWS\OneDrive\知识库\智库信息爬虫\国际主要科技智库观点演变_研判\03_证据底稿\文本\C-CRDS-FY2024-FR-03.txt,https://www.jst.go.jp/crds/report/CRDS-FY2024-FR-03.html,官方PDF已保存并校验
生命科学、生物技术与医疗,核心科技直接材料,C-CRDS-FY2024-FR-03,2024-09-01,W3,研究開発の俯瞰報告書　システム・情報科学技術分野（2024年）,CRDS机构正式研究,C:\Users\WINDOWS\OneDrive\知识库\智库信息爬虫\国际主要科技智库观点演变_研判\03_证据底稿\原文PDF\C-CRDS-FY2024-FR-03.pdf,C:\Users\WINDOWS\OneDrive\知识库\智库信息爬虫\国际主要科技智库观点演变_研判\03_证据底稿\文本\C-CRDS-FY2024-FR-03.txt,https://www.jst.go.jp/crds/report/CRDS-FY2024-FR-03.html,官方PDF已保存并校验
能源、环境与绿色转型,核心科技直接材料,C-CRDS-FY2024-FR-03,2024-09-01,W3,研究開発の俯瞰報告書　システム・情報科学技術分野（2024年）,CRDS机构正式研究,C:\Users\WINDOWS\OneDrive\知识库\智库信息爬虫\国际主要科技智库观点演变_研判\03_证据底稿\原文PDF\C-CRDS-FY2024-FR-03.pdf,C:\Users\WINDOWS\OneDrive\知识库\智库信息爬虫\国际主要科技智库观点演变_研判\03_证据底稿\文本\C-CRDS-FY2024-FR-03.txt,https://www.jst.go.jp/crds/report/CRDS-FY2024-FR-03.html,官方PDF已保存并校验
科技创新政策、科研体系与人才,核心科技直接材料,C-CRDS-FY2024-FR-03,2024-09-01,W3,研究開発の俯瞰報告書　システム・情報科学技術分野（2024年）,CRDS机构正式研究,C:\Users\WINDOWS\OneDrive\知识库\智库信息爬虫\国际主要科技智库观点演变_研判\03_证据底稿\原文PDF\C-CRDS-FY2024-FR-03.pdf,C:\Users\WINDOWS\OneDrive\知识库\智库信息爬虫\国际主要科技智库观点演变_研判\03_证据底稿\文本\C-CRDS-FY2024-FR-03.txt,https://www.jst.go.jp/crds/report/CRDS-FY2024-FR-03.html,官方PDF已保存并校验
研究安全、科技外交与国际比较,核心科技直接材料,C-CRDS-FY2024-FR-03,2024-09-01,W3,研究開発の俯瞰報告書　システム・情報科学技術分野（2024年）,CRDS机构正式研究,C:\Users\WINDOWS\OneDrive\知识库\智库信息爬虫\国际主要科技智库观点演变_研判\03_证据底稿\原文PDF\C-CRDS-FY2024-FR-03.pdf,C:\Users\WINDOWS\OneDrive\知识库\智库信息爬虫\国际主要科技智库观点演变_研判\03_证据底稿\文本\C-CRDS-FY2024-FR-03.txt,https://www.jst.go.jp/crds/report/CRDS-FY2024-FR-03.html,官方PDF已保存并校验
人工智能、机器人与计算系统,核心科技直接材料,C-CRDS-FY2024-FR-04,2024-09-01,W3,研究開発の俯瞰報告書　ナノテクノロジー・材料分野（2024年）,CRDS机构正式研究,C:\Users\WINDOWS\OneDrive\知识库\智库信息爬虫\国际主要科技智库观点演变_研判\03_证据底稿\原文PDF\C-CRDS-FY2024-FR-04.pdf,C:\Users\WINDOWS\OneDrive\知识库\智库信息爬虫\国际主要科技智库观点演变_研判\03_证据底稿\文本\C-CRDS-FY2024-FR-04.txt,https://www.jst.go.jp/crds/report/CRDS-FY2024-FR-04.html,官方PDF已保存并校验
芯片、量子、通信与网络安全,核心科技直接材料,C-CRDS-FY2024-FR-04,2024-09-01,W3,研究開発の俯瞰報告書　ナノテクノロジー・材料分野（2024年）,CRDS机构正式研究,C:\Users\WINDOWS\OneDrive\知识库\智库信息爬虫\国际主要科技智库观点演变_研判\03_证据底稿\原文PDF\C-CRDS-FY2024-FR-04.pdf,C:\Users\WINDOWS\OneDrive\知识库\智库信息爬虫\国际主要科技智库观点演变_研判\03_证据底稿\文本\C-CRDS-FY2024-FR-04.txt,https://www.jst.go.jp/crds/report/CRDS-FY2024-FR-04.html,官方PDF已保存并校验
先进材料、纳米与制造技术,核心科技直接材料,C-CRDS-FY2024-FR-04,2024-09-01,W3,研究開発の俯瞰報告書　ナノテクノロジー・材料分野（2024年）,CRDS机构正式研究,C:\Users\WINDOWS\OneDrive\知识库\智库信息爬虫\国际主要科技智库观点演变_研判\03_证据底稿\原文PDF\C-CRDS-FY2024-FR-04.pdf,C:\Users\WINDOWS\OneDrive\知识库\智库信息爬虫\国际主要科技智库观点演变_研判\03_证据底稿\文本\C-CRDS-FY2024-FR-04.txt,https://www.jst.go.jp/crds/report/CRDS-FY2024-FR-04.html,官方PDF已保存并校验
生命科学、生物技术与医疗,核心科技直接材料,C-CRDS-FY2024-FR-04,2024-09-01,W3,研究開発の俯瞰報告書　ナノテクノロジー・材料分野（2024年）,CRDS机构正式研究,C:\Users\WINDOWS\OneDrive\知识库\智库信息爬虫\国际主要科技智库观点演变_研判\03_证据底稿\原文PDF\C-CRDS-FY2024-FR-04.pdf,C:\Users\WINDOWS\OneDrive\知识库\智库信息爬虫\国际主要科技智库观点演变_研判\03_证据底稿\文本\C-CRDS-FY2024-FR-04.txt,https://www.jst.go.jp/crds/report/CRDS-FY2024-FR-04.html,官方PDF已保存并校验
能源、环境与绿色转型,核心科技直接材料,C-CRDS-FY2024-FR-04,2024-09-01,W3,研究開発の俯瞰報告書　ナノテクノロジー・材料分野（2024年）,CRDS机构正式研究,C:\Users\WINDOWS\OneDrive\知识库\智库信息爬虫\国际主要科技智库观点演变_研判\03_证据底稿\原文PDF\C-CRDS-FY2024-FR-04.pdf,C:\Users\WINDOWS\OneDrive\知识库\智库信息爬虫\国际主要科技智库观点演变_研判\03_证据底稿\文本\C-CRDS-FY2024-FR-04.txt,https://www.jst.go.jp/crds/report/CRDS-FY2024-FR-04.html,官方PDF已保存并校验
科技创新政策、科研体系与人才,核心科技直接材料,C-CRDS-FY2024-FR-04,2024-09-01,W3,研究開発の俯瞰報告書　ナノテクノロジー・材料分野（2024年）,CRDS机构正式研究,C:\Users\WINDOWS\OneDrive\知识库\智库信息爬虫\国际主要科技智库观点演变_研判\03_证据底稿\原文PDF\C-CRDS-FY2024-FR-04.pdf,C:\Users\WINDOWS\OneDrive\知识库\智库信息爬虫\国际主要科技智库观点演变_研判\03_证据底稿\文本\C-CRDS-FY2024-FR-04.txt,https://www.jst.go.jp/crds/report/CRDS-FY2024-FR-04.html,官方PDF已保存并校验
研究安全、科技外交与国际比较,核心科技直接材料,C-CRDS-FY2024-FR-04,2024-09-01,W3,研究開発の俯瞰報告書　ナノテクノロジー・材料分野（2024年）,CRDS机构正式研究,C:\Users\WINDOWS\OneDrive\知识库\智库信息爬虫\国际主要科技智库观点演变_研判\03_证据底稿\原文PDF\C-CRDS-FY2024-FR-04.pdf,C:\Users\WINDOWS\OneDrive\知识库\智库信息爬虫\国际主要科技智库观点演变_研判\03_证据底稿\文本\C-CRDS-FY2024-FR-04.txt,https://www.jst.go.jp/crds/report/CRDS-FY2024-FR-04.html,官方PDF已保存并校验
人工智能、机器人与计算系统,核心科技直接材料,C-CRDS-FY2024-XR-01,2024-09-01,W3,脳神経機能の理解に基づく、応用技術（ブレインテック／ニューロテック）の研究開発の潮流と展望,CRDS机构正式研究,C:\Users\WINDOWS\OneDrive\知识库\智库信息爬虫\国际主要科技智库观点演变_研判\03_证据底稿\原文PDF\C-CRDS-FY2024-XR-01.pdf,C:\Users\WINDOWS\OneDrive\知识库\智库信息爬虫\国际主要科技智库观点演变_研判\03_证据底稿\文本\C-CRDS-FY2024-XR-01.txt,https://www.jst.go.jp/crds/report/CRDS-FY2024-XR-01.html,官方PDF已保存并校验
先进材料、纳米与制造技术,核心科技直接材料,C-CRDS-FY2024-XR-01,2024-09-01,W3,脳神経機能の理解に基づく、応用技術（ブレインテック／ニューロテック）の研究開発の潮流と展望,CRDS机构正式研究,C:\Users\WINDOWS\OneDrive\知识库\智库信息爬虫\国际主要科技智库观点演变_研判\03_证据底稿\原文PDF\C-CRDS-FY2024-XR-01.pdf,C:\Users\WINDOWS\OneDrive\知识库\智库信息爬虫\国际主要科技智库观点演变_研判\03_证据底稿\文本\C-CRDS-FY2024-XR-01.txt,https://www.jst.go.jp/crds/report/CRDS-FY2024-XR-01.html,官方PDF已保存并校验
生命科学、生物技术与医疗,核心科技直接材料,C-CRDS-FY2024-XR-01,2024-09-01,W3,脳神経機能の理解に基づく、応用技術（ブレインテック／ニューロテック）の研究開発の潮流と展望,CRDS机构正式研究,C:\Users\WINDOWS\OneDrive\知识库\智库信息爬虫\国际主要科技智库观点演变_研判\03_证据底稿\原文PDF\C-CRDS-FY2024-XR-01.pdf,C:\Users\WINDOWS\OneDrive\知识库\智库信息爬虫\国际主要科技智库观点演变_研判\03_证据底稿\文本\C-CRDS-FY2024-XR-01.txt,https://www.jst.go.jp/crds/report/CRDS-FY2024-XR-01.html,官方PDF已保存并校验
能源、环境与绿色转型,核心科技直接材料,C-CRDS-FY2024-XR-01,2024-09-01,W3,脳神経機能の理解に基づく、応用技術（ブレインテック／ニューロテック）の研究開発の潮流と展望,CRDS机构正式研究,C:\Users\WINDOWS\OneDrive\知识库\智库信息爬虫\国际主要科技智库观点演变_研判\03_证据底稿\原文PDF\C-CRDS-FY2024-XR-01.pdf,C:\Users\WINDOWS\OneDrive\知识库\智库信息爬虫\国际主要科技智库观点演变_研判\03_证据底稿\文本\C-CRDS-FY2024-XR-01.txt,https://www.jst.go.jp/crds/report/CRDS-FY2024-XR-01.html,官方PDF已保存并校验
科技创新政策、科研体系与人才,核心科技直接材料,C-CRDS-FY2024-XR-01,2024-09-01,W3,脳神経機能の理解に基づく、応用技術（ブレインテック／ニューロテック）の研究開発の潮流と展望,CRDS机构正式研究,C:\Users\WINDOWS\OneDrive\知识库\智库信息爬虫\国际主要科技智库观点演变_研判\03_证据底稿\原文PDF\C-CRDS-FY2024-XR-01.pdf,C:\Users\WINDOWS\OneDrive\知识库\智库信息爬虫\国际主要科技智库观点演变_研判\03_证据底稿\文本\C-CRDS-FY2024-XR-01.txt,https://www.jst.go.jp/crds/report/CRDS-FY2024-XR-01.html,官方PDF已保存并校验
研究安全、科技外交与国际比较,核心科技直接材料,C-CRDS-FY2024-XR-01,2024-09-01,W3,脳神経機能の理解に基づく、応用技術（ブレインテック／ニューロテック）の研究開発の潮流と展望,CRDS机构正式研究,C:\Users\WINDOWS\OneDrive\知识库\智库信息爬虫\国际主要科技智库观点演变_研判\03_证据底稿\原文PDF\C-CRDS-FY2024-XR-01.pdf,C:\Users\WINDOWS\OneDrive\知识库\智库信息爬虫\国际主要科技智库观点演变_研判\03_证据底稿\文本\C-CRDS-FY2024-XR-01.txt,https://www.jst.go.jp/crds/report/CRDS-FY2024-XR-01.html,官方PDF已保存并校验
人工智能、机器人与计算系统,核心科技直接材料,C-CRDS-FY2024-FR-02,2024-10-01,W3,研究開発の俯瞰報告書　環境・エネルギー分野（2024年）,CRDS机构正式研究,C:\Users\WINDOWS\OneDrive\知识库\智库信息爬虫\国际主要科技智库观点演变_研判\03_证据底稿\原文PDF\C-CRDS-FY2024-FR-02.pdf,C:\Users\WINDOWS\OneDrive\知识库\智库信息爬虫\国际主要科技智库观点演变_研判\03_证据底稿\文本\C-CRDS-FY2024-FR-02.txt,https://www.jst.go.jp/crds/report/CRDS-FY2024-FR-02.html,官方PDF已保存并校验
芯片、量子、通信与网络安全,核心科技直接材料,C-CRDS-FY2024-FR-02,2024-10-01,W3,研究開発の俯瞰報告書　環境・エネルギー分野（2024年）,CRDS机构正式研究,C:\Users\WINDOWS\OneDrive\知识库\智库信息爬虫\国际主要科技智库观点演变_研判\03_证据底稿\原文PDF\C-CRDS-FY2024-FR-02.pdf,C:\Users\WINDOWS\OneDrive\知识库\智库信息爬虫\国际主要科技智库观点演变_研判\03_证据底稿\文本\C-CRDS-FY2024-FR-02.txt,https://www.jst.go.jp/crds/report/CRDS-FY2024-FR-02.html,官方PDF已保存并校验
先进材料、纳米与制造技术,核心科技直接材料,C-CRDS-FY2024-FR-02,2024-10-01,W3,研究開発の俯瞰報告書　環境・エネルギー分野（2024年）,CRDS机构正式研究,C:\Users\WINDOWS\OneDrive\知识库\智库信息爬虫\国际主要科技智库观点演变_研判\03_证据底稿\原文PDF\C-CRDS-FY2024-FR-02.pdf,C:\Users\WINDOWS\OneDrive\知识库\智库信息爬虫\国际主要科技智库观点演变_研判\03_证据底稿\文本\C-CRDS-FY2024-FR-02.txt,https://www.jst.go.jp/crds/report/CRDS-FY2024-FR-02.html,官方PDF已保存并校验
生命科学、生物技术与医疗,核心科技直接材料,C-CRDS-FY2024-FR-02,2024-10-01,W3,研究開発の俯瞰報告書　環境・エネルギー分野（2024年）,CRDS机构正式研究,C:\Users\WINDOWS\OneDrive\知识库\智库信息爬虫\国际主要科技智库观点演变_研判\03_证据底稿\原文PDF\C-CRDS-FY2024-FR-02.pdf,C:\Users\WINDOWS\OneDrive\知识库\智库信息爬虫\国际主要科技智库观点演变_研判\03_证据底稿\文本\C-CRDS-FY2024-FR-02.txt,https://www.jst.go.jp/crds/report/CRDS-FY2024-FR-02.html,官方PDF已保存并校验
能源、环境与绿色转型,核心科技直接材料,C-CRDS-FY2024-FR-02,2024-10-01,W3,研究開発の俯瞰報告書　環境・エネルギー分野（2024年）,CRDS机构正式研究,C:\Users\WINDOWS\OneDrive\知识库\智库信息爬虫\国际主要科技智库观点演变_研判\03_证据底稿\原文PDF\C-CRDS-FY2024-FR-02.pdf,C:\Users\WINDOWS\OneDrive\知识库\智库信息爬虫\国际主要科技智库观点演变_研判\03_证据底稿\文本\C-CRDS-FY2024-FR-02.txt,https://www.jst.go.jp/crds/report/CRDS-FY2024-FR-02.html,官方PDF已保存并校验
科技创新政策、科研体系与人才,核心科技直接材料,C-CRDS-FY2024-FR-02,2024-10-01,W3,研究開発の俯瞰報告書　環境・エネルギー分野（2024年）,CRDS机构正式研究,C:\Users\WINDOWS\OneDrive\知识库\智库信息爬虫\国际主要科技智库观点演变_研判\03_证据底稿\原文PDF\C-CRDS-FY2024-FR-02.pdf,C:\Users\WINDOWS\OneDrive\知识库\智库信息爬虫\国际主要科技智库观点演变_研判\03_证据底稿\文本\C-CRDS-FY2024-FR-02.txt,https://www.jst.go.jp/crds/report/CRDS-FY2024-FR-02.html,官方PDF已保存并校验
研究安全、科技外交与国际比较,核心科技直接材料,C-CRDS-FY2024-FR-02,2024-10-01,W3,研究開発の俯瞰報告書　環境・エネルギー分野（2024年）,CRDS机构正式研究,C:\Users\WINDOWS\OneDrive\知识库\智库信息爬虫\国际主要科技智库观点演变_研判\03_证据底稿\原文PDF\C-CRDS-FY2024-FR-02.pdf,C:\Users\WINDOWS\OneDrive\知识库\智库信息爬虫\国际主要科技智库观点演变_研判\03_证据底稿\文本\C-CRDS-FY2024-FR-02.txt,https://www.jst.go.jp/crds/report/CRDS-FY2024-FR-02.html,官方PDF已保存并校验
人工智能、机器人与计算系统,核心科技直接材料,C-CRDS-FY2024-SP-02,2024-10-01,W3,バイオテクノロジーと材料・デバイス技術による細胞の集団的適応性の制御・設計　～動的材料システムの創出～,CRDS机构正式研究,C:\Users\WINDOWS\OneDrive\知识库\智库信息爬虫\国际主要科技智库观点演变_研判\03_证据底稿\原文PDF\C-CRDS-FY2024-SP-02.pdf,C:\Users\WINDOWS\OneDrive\知识库\智库信息爬虫\国际主要科技智库观点演变_研判\03_证据底稿\文本\C-CRDS-FY2024-SP-02.txt,https://www.jst.go.jp/crds/report/CRDS-FY2024-SP-02.html,官方PDF已保存并校验
先进材料、纳米与制造技术,核心科技直接材料,C-CRDS-FY2024-SP-02,2024-10-01,W3,バイオテクノロジーと材料・デバイス技術による細胞の集団的適応性の制御・設計　～動的材料システムの創出～,CRDS机构正式研究,C:\Users\WINDOWS\OneDrive\知识库\智库信息爬虫\国际主要科技智库观点演变_研判\03_证据底稿\原文PDF\C-CRDS-FY2024-SP-02.pdf,C:\Users\WINDOWS\OneDrive\知识库\智库信息爬虫\国际主要科技智库观点演变_研判\03_证据底稿\文本\C-CRDS-FY2024-SP-02.txt,https://www.jst.go.jp/crds/report/CRDS-FY2024-SP-02.html,官方PDF已保存并校验
生命科学、生物技术与医疗,核心科技直接材料,C-CRDS-FY2024-SP-02,2024-10-01,W3,バイオテクノロジーと材料・デバイス技術による細胞の集団的適応性の制御・設計　～動的材料システムの創出～,CRDS机构正式研究,C:\Users\WINDOWS\OneDrive\知识库\智库信息爬虫\国际主要科技智库观点演变_研判\03_证据底稿\原文PDF\C-CRDS-FY2024-SP-02.pdf,C:\Users\WINDOWS\OneDrive\知识库\智库信息爬虫\国际主要科技智库观点演变_研判\03_证据底稿\文本\C-CRDS-FY2024-SP-02.txt,https://www.jst.go.jp/crds/report/CRDS-FY2024-SP-02.html,官方PDF已保存并校验
能源、环境与绿色转型,核心科技直接材料,C-CRDS-FY2024-SP-02,2024-10-01,W3,バイオテクノロジーと材料・デバイス技術による細胞の集団的適応性の制御・設計　～動的材料システムの創出～,CRDS机构正式研究,C:\Users\WINDOWS\OneDrive\知识库\智库信息爬虫\国际主要科技智库观点演变_研判\03_证据底稿\原文PDF\C-CRDS-FY2024-SP-02.pdf,C:\Users\WINDOWS\OneDrive\知识库\智库信息爬虫\国际主要科技智库观点演变_研判\03_证据底稿\文本\C-CRDS-FY2024-SP-02.txt,https://www.jst.go.jp/crds/report/CRDS-FY2024-SP-02.html,官方PDF已保存并校验
科技创新政策、科研体系与人才,核心科技直接材料,C-CRDS-FY2024-SP-02,2024-10-01,W3,バイオテクノロジーと材料・デバイス技術による細胞の集団的適応性の制御・設計　～動的材料システムの創出～,CRDS机构正式研究,C:\Users\WINDOWS\OneDrive\知识库\智库信息爬虫\国际主要科技智库观点演变_研判\03_证据底稿\原文PDF\C-CRDS-FY2024-SP-02.pdf,C:\Users\WINDOWS\OneDrive\知识库\智库信息爬虫\国际主要科技智库观点演变_研判\03_证据底稿\文本\C-CRDS-FY2024-SP-02.txt,https://www.jst.go.jp/crds/report/CRDS-FY2024-SP-02.html,官方PDF已保存并校验
研究安全、科技外交与国际比较,核心科技直接材料,C-CRDS-FY2024-SP-02,2024-10-01,W3,バイオテクノロジーと材料・デバイス技術による細胞の集団的適応性の制御・設計　～動的材料システムの創出～,CRDS机构正式研究,C:\Users\WINDOWS\OneDrive\知识库\智库信息爬虫\国际主要科技智库观点演变_研判\03_证据底稿\原文PDF\C-CRDS-FY2024-SP-02.pdf,C:\Users\WINDOWS\OneDrive\知识库\智库信息爬虫\国际主要科技智库观点演变_研判\03_证据底稿\文本\C-CRDS-FY2024-SP-02.txt,https://www.jst.go.jp/crds/report/CRDS-FY2024-SP-02.html,官方PDF已保存并校验
人工智能、机器人与计算系统,核心科技直接材料,C-CRDS-FY2024-XR-10,2024-10-01,W3,わが国の食料システムの現状と研究開発の潮流,CRDS机构正式研究,C:\Users\WINDOWS\OneDrive\知识库\智库信息爬虫\国际主要科技智库观点演变_研判\03_证据底稿\原文PDF\C-CRDS-FY2024-XR-10.pdf,C:\Users\WINDOWS\OneDrive\知识库\智库信息爬虫\国际主要科技智库观点演变_研判\03_证据底稿\文本\C-CRDS-FY2024-XR-10.txt,https://www.jst.go.jp/crds/report/CRDS-FY2024-XR-10.html,官方PDF已保存并校验
先进材料、纳米与制造技术,核心科技直接材料,C-CRDS-FY2024-XR-10,2024-10-01,W3,わが国の食料システムの現状と研究開発の潮流,CRDS机构正式研究,C:\Users\WINDOWS\OneDrive\知识库\智库信息爬虫\国际主要科技智库观点演变_研判\03_证据底稿\原文PDF\C-CRDS-FY2024-XR-10.pdf,C:\Users\WINDOWS\OneDrive\知识库\智库信息爬虫\国际主要科技智库观点演变_研判\03_证据底稿\文本\C-CRDS-FY2024-XR-10.txt,https://www.jst.go.jp/crds/report/CRDS-FY2024-XR-10.html,官方PDF已保存并校验
生命科学、生物技术与医疗,核心科技直接材料,C-CRDS-FY2024-XR-10,2024-10-01,W3,わが国の食料システムの現状と研究開発の潮流,CRDS机构正式研究,C:\Users\WINDOWS\OneDrive\知识库\智库信息爬虫\国际主要科技智库观点演变_研判\03_证据底稿\原文PDF\C-CRDS-FY2024-XR-10.pdf,C:\Users\WINDOWS\OneDrive\知识库\智库信息爬虫\国际主要科技智库观点演变_研判\03_证据底稿\文本\C-CRDS-FY2024-XR-10.txt,https://www.jst.go.jp/crds/report/CRDS-FY2024-XR-10.html,官方PDF已保存并校验
能源、环境与绿色转型,核心科技直接材料,C-CRDS-FY2024-XR-10,2024-10-01,W3,わが国の食料システムの現状と研究開発の潮流,CRDS机构正式研究,C:\Users\WINDOWS\OneDrive\知识库\智库信息爬虫\国际主要科技智库观点演变_研判\03_证据底稿\原文PDF\C-CRDS-FY2024-XR-10.pdf,C:\Users\WINDOWS\OneDrive\知识库\智库信息爬虫\国际主要科技智库观点演变_研判\03_证据底稿\文本\C-CRDS-FY2024-XR-10.txt,https://www.jst.go.jp/crds/report/CRDS-FY2024-XR-10.html,官方PDF已保存并校验
科技创新政策、科研体系与人才,核心科技直接材料,C-CRDS-FY2024-XR-10,2024-10-01,W3,わが国の食料システムの現状と研究開発の潮流,CRDS机构正式研究,C:\Users\WINDOWS\OneDrive\知识库\智库信息爬虫\国际主要科技智库观点演变_研判\03_证据底稿\原文PDF\C-CRDS-FY2024-XR-10.pdf,C:\Users\WINDOWS\OneDrive\知识库\智库信息爬虫\国际主要科技智库观点演变_研判\03_证据底稿\文本\C-CRDS-FY2024-XR-10.txt,https://www.jst.go.jp/crds/report/CRDS-FY2024-XR-10.html,官方PDF已保存并校验
研究安全、科技外交与国际比较,核心科技直接材料,C-CRDS-FY2024-XR-10,2024-10-01,W3,わが国の食料システムの現状と研究開発の潮流,CRDS机构正式研究,C:\Users\WINDOWS\OneDrive\知识库\智库信息爬虫\国际主要科技智库观点演变_研判\03_证据底稿\原文PDF\C-CRDS-FY2024-XR-10.pdf,C:\Users\WINDOWS\OneDrive\知识库\智库信息爬虫\国际主要科技智库观点演变_研判\03_证据底稿\文本\C-CRDS-FY2024-XR-10.txt,https://www.jst.go.jp/crds/report/CRDS-FY2024-XR-10.html,官方PDF已保存并校验
人工智能、机器人与计算系统,核心科技直接材料,C-CRDS-FY2024-SP-01,2024-11-01,W3,持続可能なバイオエコノミー実現に貢献する基盤技術開発,CRDS机构正式研究,C:\Users\WINDOWS\OneDrive\知识库\智库信息爬虫\国际主要科技智库观点演变_研判\03_证据底稿\原文PDF\C-CRDS-FY2024-SP-01.pdf,C:\Users\WINDOWS\OneDrive\知识库\智库信息爬虫\国际主要科技智库观点演变_研判\03_证据底稿\文本\C-CRDS-FY2024-SP-01.txt,https://www.jst.go.jp/crds/report/CRDS-FY2024-SP-01.html,官方PDF已保存并校验
先进材料、纳米与制造技术,核心科技直接材料,C-CRDS-FY2024-SP-01,2024-11-01,W3,持続可能なバイオエコノミー実現に貢献する基盤技術開発,CRDS机构正式研究,C:\Users\WINDOWS\OneDrive\知识库\智库信息爬虫\国际主要科技智库观点演变_研判\03_证据底稿\原文PDF\C-CRDS-FY2024-SP-01.pdf,C:\Users\WINDOWS\OneDrive\知识库\智库信息爬虫\国际主要科技智库观点演变_研判\03_证据底稿\文本\C-CRDS-FY2024-SP-01.txt,https://www.jst.go.jp/crds/report/CRDS-FY2024-SP-01.html,官方PDF已保存并校验
生命科学、生物技术与医疗,核心科技直接材料,C-CRDS-FY2024-SP-01,2024-11-01,W3,持続可能なバイオエコノミー実現に貢献する基盤技術開発,CRDS机构正式研究,C:\Users\WINDOWS\OneDrive\知识库\智库信息爬虫\国际主要科技智库观点演变_研判\03_证据底稿\原文PDF\C-CRDS-FY2024-SP-01.pdf,C:\Users\WINDOWS\OneDrive\知识库\智库信息爬虫\国际主要科技智库观点演变_研判\03_证据底稿\文本\C-CRDS-FY2024-SP-01.txt,https://www.jst.go.jp/crds/report/CRDS-FY2024-SP-01.html,官方PDF已保存并校验
能源、环境与绿色转型,核心科技直接材料,C-CRDS-FY2024-SP-01,2024-11-01,W3,持続可能なバイオエコノミー実現に貢献する基盤技術開発,CRDS机构正式研究,C:\Users\WINDOWS\OneDrive\知识库\智库信息爬虫\国际主要科技智库观点演变_研判\03_证据底稿\原文PDF\C-CRDS-FY2024-SP-01.pdf,C:\Users\WINDOWS\OneDrive\知识库\智库信息爬虫\国际主要科技智库观点演变_研判\03_证据底稿\文本\C-CRDS-FY2024-SP-01.txt,https://www.jst.go.jp/crds/report/CRDS-FY2024-SP-01.html,官方PDF已保存并校验
科技创新政策、科研体系与人才,核心科技直接材料,C-CRDS-FY2024-SP-01,2024-11-01,W3,持続可能なバイオエコノミー実現に貢献する基盤技術開発,CRDS机构正式研究,C:\Users\WINDOWS\OneDrive\知识库\智库信息爬虫\国际主要科技智库观点演变_研判\03_证据底稿\原文PDF\C-CRDS-FY2024-SP-01.pdf,C:\Users\WINDOWS\OneDrive\知识库\智库信息爬虫\国际主要科技智库观点演变_研判\03_证据底稿\文本\C-CRDS-FY2024-SP-01.txt,https://www.jst.go.jp/crds/report/CRDS-FY2024-SP-01.html,官方PDF已保存并校验
研究安全、科技外交与国际比较,核心科技直接材料,C-CRDS-FY2024-SP-01,2024-11-01,W3,持続可能なバイオエコノミー実現に貢献する基盤技術開発,CRDS机构正式研究,C:\Users\WINDOWS\OneDrive\知识库\智库信息爬虫\国际主要科技智库观点演变_研判\03_证据底稿\原文PDF\C-CRDS-FY2024-SP-01.pdf,C:\Users\WINDOWS\OneDrive\知识库\智库信息爬虫\国际主要科技智库观点演变_研判\03_证据底稿\文本\C-CRDS-FY2024-SP-01.txt,https://www.jst.go.jp/crds/report/CRDS-FY2024-SP-01.html,官方PDF已保存并校验
人工智能、机器人与计算系统,核心科技直接材料,C-CRDS-FY2024-RR-09,2025-01-01,W3,医薬品評価技術の新展開　～ヒト代替評価系の確立へ～,CRDS机构正式研究,C:\Users\WINDOWS\OneDrive\知识库\智库信息爬虫\国际主要科技智库观点演变_研判\03_证据底稿\原文PDF\C-CRDS-FY2024-RR-09.pdf,C:\Users\WINDOWS\OneDrive\知识库\智库信息爬虫\国际主要科技智库观点演变_研判\03_证据底稿\文本\C-CRDS-FY2024-RR-09.txt,https://www.jst.go.jp/crds/report/CRDS-FY2024-RR-09.html,官方PDF已保存并校验
先进材料、纳米与制造技术,核心科技直接材料,C-CRDS-FY2024-RR-09,2025-01-01,W3,医薬品評価技術の新展開　～ヒト代替評価系の確立へ～,CRDS机构正式研究,C:\Users\WINDOWS\OneDrive\知识库\智库信息爬虫\国际主要科技智库观点演变_研判\03_证据底稿\原文PDF\C-CRDS-FY2024-RR-09.pdf,C:\Users\WINDOWS\OneDrive\知识库\智库信息爬虫\国际主要科技智库观点演变_研判\03_证据底稿\文本\C-CRDS-FY2024-RR-09.txt,https://www.jst.go.jp/crds/report/CRDS-FY2024-RR-09.html,官方PDF已保存并校验
生命科学、生物技术与医疗,核心科技直接材料,C-CRDS-FY2024-RR-09,2025-01-01,W3,医薬品評価技術の新展開　～ヒト代替評価系の確立へ～,CRDS机构正式研究,C:\Users\WINDOWS\OneDrive\知识库\智库信息爬虫\国际主要科技智库观点演变_研判\03_证据底稿\原文PDF\C-CRDS-FY2024-RR-09.pdf,C:\Users\WINDOWS\OneDrive\知识库\智库信息爬虫\国际主要科技智库观点演变_研判\03_证据底稿\文本\C-CRDS-FY2024-RR-09.txt,https://www.jst.go.jp/crds/report/CRDS-FY2024-RR-09.html,官方PDF已保存并校验
能源、环境与绿色转型,核心科技直接材料,C-CRDS-FY2024-RR-09,2025-01-01,W3,医薬品評価技術の新展開　～ヒト代替評価系の確立へ～,CRDS机构正式研究,C:\Users\WINDOWS\OneDrive\知识库\智库信息爬虫\国际主要科技智库观点演变_研判\03_证据底稿\原文PDF\C-CRDS-FY2024-RR-09.pdf,C:\Users\WINDOWS\OneDrive\知识库\智库信息爬虫\国际主要科技智库观点演变_研判\03_证据底稿\文本\C-CRDS-FY2024-RR-09.txt,https://www.jst.go.jp/crds/report/CRDS-FY2024-RR-09.html,官方PDF已保存并校验
科技创新政策、科研体系与人才,核心科技直接材料,C-CRDS-FY2024-RR-09,2025-01-01,W3,医薬品評価技術の新展開　～ヒト代替評価系の確立へ～,CRDS机构正式研究,C:\Users\WINDOWS\OneDrive\知识库\智库信息爬虫\国际主要科技智库观点演变_研判\03_证据底稿\原文PDF\C-CRDS-FY2024-RR-09.pdf,C:\Users\WINDOWS\OneDrive\知识库\智库信息爬虫\国际主要科技智库观点演变_研判\03_证据底稿\文本\C-CRDS-FY2024-RR-09.txt,https://www.jst.go.jp/crds/report/CRDS-FY2024-RR-09.html,官方PDF已保存并校验
研究安全、科技外交与国际比较,核心科技直接材料,C-CRDS-FY2024-RR-09,2025-01-01,W3,医薬品評価技術の新展開　～ヒト代替評価系の確立へ～,CRDS机构正式研究,C:\Users\WINDOWS\OneDrive\知识库\智库信息爬虫\国际主要科技智库观点演变_研判\03_证据底稿\原文PDF\C-CRDS-FY2024-RR-09.pdf,C:\Users\WINDOWS\OneDrive\知识库\智库信息爬虫\国际主要科技智库观点演变_研判\03_证据底稿\文本\C-CRDS-FY2024-RR-09.txt,https://www.jst.go.jp/crds/report/CRDS-FY2024-RR-09.html,官方PDF已保存并校验
中国科技政策与能力比较,核心科技直接材料,C-CRDS-FY2024-RR-09,2025-01-01,W3,医薬品評価技術の新展開　～ヒト代替評価系の確立へ～,CRDS机构正式研究,C:\Users\WINDOWS\OneDrive\知识库\智库信息爬虫\国际主要科技智库观点演变_研判\03_证据底稿\原文PDF\C-CRDS-FY2024-RR-09.pdf,C:\Users\WINDOWS\OneDrive\知识库\智库信息爬虫\国际主要科技智库观点演变_研判\03_证据底稿\文本\C-CRDS-FY2024-RR-09.txt,https://www.jst.go.jp/crds/report/CRDS-FY2024-RR-09.html,官方PDF已保存并校验
人工智能、机器人与计算系统,核心科技直接材料,C-CRDS-FY2024-RR-05,2025-02-01,W3,ジェンダード・イノベーションの潮流 －セックスとジェンダーを考慮した研究・イノベーション－,CRDS机构正式研究,C:\Users\WINDOWS\OneDrive\知识库\智库信息爬虫\国际主要科技智库观点演变_研判\03_证据底稿\原文PDF\C-CRDS-FY2024-RR-05.pdf,C:\Users\WINDOWS\OneDrive\知识库\智库信息爬虫\国际主要科技智库观点演变_研判\03_证据底稿\文本\C-CRDS-FY2024-RR-05.txt,https://www.jst.go.jp/crds/report/CRDS-FY2024-RR-05.html,官方PDF已保存并校验
先进材料、纳米与制造技术,核心科技直接材料,C-CRDS-FY2024-RR-05,2025-02-01,W3,ジェンダード・イノベーションの潮流 －セックスとジェンダーを考慮した研究・イノベーション－,CRDS机构正式研究,C:\Users\WINDOWS\OneDrive\知识库\智库信息爬虫\国际主要科技智库观点演变_研判\03_证据底稿\原文PDF\C-CRDS-FY2024-RR-05.pdf,C:\Users\WINDOWS\OneDrive\知识库\智库信息爬虫\国际主要科技智库观点演变_研判\03_证据底稿\文本\C-CRDS-FY2024-RR-05.txt,https://www.jst.go.jp/crds/report/CRDS-FY2024-RR-05.html,官方PDF已保存并校验
生命科学、生物技术与医疗,核心科技直接材料,C-CRDS-FY2024-RR-05,2025-02-01,W3,ジェンダード・イノベーションの潮流 －セックスとジェンダーを考慮した研究・イノベーション－,CRDS机构正式研究,C:\Users\WINDOWS\OneDrive\知识库\智库信息爬虫\国际主要科技智库观点演变_研判\03_证据底稿\原文PDF\C-CRDS-FY2024-RR-05.pdf,C:\Users\WINDOWS\OneDrive\知识库\智库信息爬虫\国际主要科技智库观点演变_研判\03_证据底稿\文本\C-CRDS-FY2024-RR-05.txt,https://www.jst.go.jp/crds/report/CRDS-FY2024-RR-05.html,官方PDF已保存并校验
能源、环境与绿色转型,核心科技直接材料,C-CRDS-FY2024-RR-05,2025-02-01,W3,ジェンダード・イノベーションの潮流 －セックスとジェンダーを考慮した研究・イノベーション－,CRDS机构正式研究,C:\Users\WINDOWS\OneDrive\知识库\智库信息爬虫\国际主要科技智库观点演变_研判\03_证据底稿\原文PDF\C-CRDS-FY2024-RR-05.pdf,C:\Users\WINDOWS\OneDrive\知识库\智库信息爬虫\国际主要科技智库观点演变_研判\03_证据底稿\文本\C-CRDS-FY2024-RR-05.txt,https://www.jst.go.jp/crds/report/CRDS-FY2024-RR-05.html,官方PDF已保存并校验
科技创新政策、科研体系与人才,核心科技直接材料,C-CRDS-FY2024-RR-05,2025-02-01,W3,ジェンダード・イノベーションの潮流 －セックスとジェンダーを考慮した研究・イノベーション－,CRDS机构正式研究,C:\Users\WINDOWS\OneDrive\知识库\智库信息爬虫\国际主要科技智库观点演变_研判\03_证据底稿\原文PDF\C-CRDS-FY2024-RR-05.pdf,C:\Users\WINDOWS\OneDrive\知识库\智库信息爬虫\国际主要科技智库观点演变_研判\03_证据底稿\文本\C-CRDS-FY2024-RR-05.txt,https://www.jst.go.jp/crds/report/CRDS-FY2024-RR-05.html,官方PDF已保存并校验
研究安全、科技外交与国际比较,核心科技直接材料,C-CRDS-FY2024-RR-05,2025-02-01,W3,ジェンダード・イノベーションの潮流 －セックスとジェンダーを考慮した研究・イノベーション－,CRDS机构正式研究,C:\Users\WINDOWS\OneDrive\知识库\智库信息爬虫\国际主要科技智库观点演变_研判\03_证据底稿\原文PDF\C-CRDS-FY2024-RR-05.pdf,C:\Users\WINDOWS\OneDrive\知识库\智库信息爬虫\国际主要科技智库观点演变_研判\03_证据底稿\文本\C-CRDS-FY2024-RR-05.txt,https://www.jst.go.jp/crds/report/CRDS-FY2024-RR-05.html,官方PDF已保存并校验
人工智能、机器人与计算系统,核心科技直接材料,C-CRDS-FY2024-RR-10,2025-02-01,W3,創薬モダリティの潮流と展望,CRDS机构正式研究,C:\Users\WINDOWS\OneDrive\知识库\智库信息爬虫\国际主要科技智库观点演变_研判\03_证据底稿\原文PDF\C-CRDS-FY2024-RR-10.pdf,C:\Users\WINDOWS\OneDrive\知识库\智库信息爬虫\国际主要科技智库观点演变_研判\03_证据底稿\文本\C-CRDS-FY2024-RR-10.txt,https://www.jst.go.jp/crds/report/CRDS-FY2024-RR-10.html,官方PDF已保存并校验
先进材料、纳米与制造技术,核心科技直接材料,C-CRDS-FY2024-RR-10,2025-02-01,W3,創薬モダリティの潮流と展望,CRDS机构正式研究,C:\Users\WINDOWS\OneDrive\知识库\智库信息爬虫\国际主要科技智库观点演变_研判\03_证据底稿\原文PDF\C-CRDS-FY2024-RR-10.pdf,C:\Users\WINDOWS\OneDrive\知识库\智库信息爬虫\国际主要科技智库观点演变_研判\03_证据底稿\文本\C-CRDS-FY2024-RR-10.txt,https://www.jst.go.jp/crds/report/CRDS-FY2024-RR-10.html,官方PDF已保存并校验
生命科学、生物技术与医疗,核心科技直接材料,C-CRDS-FY2024-RR-10,2025-02-01,W3,創薬モダリティの潮流と展望,CRDS机构正式研究,C:\Users\WINDOWS\OneDrive\知识库\智库信息爬虫\国际主要科技智库观点演变_研判\03_证据底稿\原文PDF\C-CRDS-FY2024-RR-10.pdf,C:\Users\WINDOWS\OneDrive\知识库\智库信息爬虫\国际主要科技智库观点演变_研判\03_证据底稿\文本\C-CRDS-FY2024-RR-10.txt,https://www.jst.go.jp/crds/report/CRDS-FY2024-RR-10.html,官方PDF已保存并校验
能源、环境与绿色转型,核心科技直接材料,C-CRDS-FY2024-RR-10,2025-02-01,W3,創薬モダリティの潮流と展望,CRDS机构正式研究,C:\Users\WINDOWS\OneDrive\知识库\智库信息爬虫\国际主要科技智库观点演变_研判\03_证据底稿\原文PDF\C-CRDS-FY2024-RR-10.pdf,C:\Users\WINDOWS\OneDrive\知识库\智库信息爬虫\国际主要科技智库观点演变_研判\03_证据底稿\文本\C-CRDS-FY2024-RR-10.txt,https://www.jst.go.jp/crds/report/CRDS-FY2024-RR-10.html,官方PDF已保存并校验
科技创新政策、科研体系与人才,核心科技直接材料,C-CRDS-FY2024-RR-10,2025-02-01,W3,創薬モダリティの潮流と展望,CRDS机构正式研究,C:\Users\WINDOWS\OneDrive\知识库\智库信息爬虫\国际主要科技智库观点演变_研判\03_证据底稿\原文PDF\C-CRDS-FY2024-RR-10.pdf,C:\Users\WINDOWS\OneDrive\知识库\智库信息爬虫\国际主要科技智库观点演变_研判\03_证据底稿\文本\C-CRDS-FY2024-RR-10.txt,https://www.jst.go.jp/crds/report/CRDS-FY2024-RR-10.html,官方PDF已保存并校验
研究安全、科技外交与国际比较,核心科技直接材料,C-CRDS-FY2024-RR-10,2025-02-01,W3,創薬モダリティの潮流と展望,CRDS机构正式研究,C:\Users\WINDOWS\OneDrive\知识库\智库信息爬虫\国际主要科技智库观点演变_研判\03_证据底稿\原文PDF\C-CRDS-FY2024-RR-10.pdf,C:\Users\WINDOWS\OneDrive\知识库\智库信息爬虫\国际主要科技智库观点演变_研判\03_证据底稿\文本\C-CRDS-FY2024-RR-10.txt,https://www.jst.go.jp/crds/report/CRDS-FY2024-RR-10.html,官方PDF已保存并校验
人工智能、机器人与计算系统,核心科技直接材料,C-CRDS-FY2024-FR-05,2025-03-01,W3,研究開発の俯瞰報告書　ライフサイエンス・臨床医学分野（2024年）,CRDS机构正式研究,C:\Users\WINDOWS\OneDrive\知识库\智库信息爬虫\国际主要科技智库观点演变_研判\03_证据底稿\原文PDF\C-CRDS-FY2024-FR-05.pdf,C:\Users\WINDOWS\OneDrive\知识库\智库信息爬虫\国际主要科技智库观点演变_研判\03_证据底稿\文本\C-CRDS-FY2024-FR-05.txt,https://www.jst.go.jp/crds/report/CRDS-FY2024-FR-05.html,官方PDF已保存并校验
芯片、量子、通信与网络安全,核心科技直接材料,C-CRDS-FY2024-FR-05,2025-03-01,W3,研究開発の俯瞰報告書　ライフサイエンス・臨床医学分野（2024年）,CRDS机构正式研究,C:\Users\WINDOWS\OneDrive\知识库\智库信息爬虫\国际主要科技智库观点演变_研判\03_证据底稿\原文PDF\C-CRDS-FY2024-FR-05.pdf,C:\Users\WINDOWS\OneDrive\知识库\智库信息爬虫\国际主要科技智库观点演变_研判\03_证据底稿\文本\C-CRDS-FY2024-FR-05.txt,https://www.jst.go.jp/crds/report/CRDS-FY2024-FR-05.html,官方PDF已保存并校验
先进材料、纳米与制造技术,核心科技直接材料,C-CRDS-FY2024-FR-05,2025-03-01,W3,研究開発の俯瞰報告書　ライフサイエンス・臨床医学分野（2024年）,CRDS机构正式研究,C:\Users\WINDOWS\OneDrive\知识库\智库信息爬虫\国际主要科技智库观点演变_研判\03_证据底稿\原文PDF\C-CRDS-FY2024-FR-05.pdf,C:\Users\WINDOWS\OneDrive\知识库\智库信息爬虫\国际主要科技智库观点演变_研判\03_证据底稿\文本\C-CRDS-FY2024-FR-05.txt,https://www.jst.go.jp/crds/report/CRDS-FY2024-FR-05.html,官方PDF已保存并校验
生命科学、生物技术与医疗,核心科技直接材料,C-CRDS-FY2024-FR-05,2025-03-01,W3,研究開発の俯瞰報告書　ライフサイエンス・臨床医学分野（2024年）,CRDS机构正式研究,C:\Users\WINDOWS\OneDrive\知识库\智库信息爬虫\国际主要科技智库观点演变_研判\03_证据底稿\原文PDF\C-CRDS-FY2024-FR-05.pdf,C:\Users\WINDOWS\OneDrive\知识库\智库信息爬虫\国际主要科技智库观点演变_研判\03_证据底稿\文本\C-CRDS-FY2024-FR-05.txt,https://www.jst.go.jp/crds/report/CRDS-FY2024-FR-05.html,官方PDF已保存并校验
能源、环境与绿色转型,核心科技直接材料,C-CRDS-FY2024-FR-05,2025-03-01,W3,研究開発の俯瞰報告書　ライフサイエンス・臨床医学分野（2024年）,CRDS机构正式研究,C:\Users\WINDOWS\OneDrive\知识库\智库信息爬虫\国际主要科技智库观点演变_研判\03_证据底稿\原文PDF\C-CRDS-FY2024-FR-05.pdf,C:\Users\WINDOWS\OneDrive\知识库\智库信息爬虫\国际主要科技智库观点演变_研判\03_证据底稿\文本\C-CRDS-FY2024-FR-05.txt,https://www.jst.go.jp/crds/report/CRDS-FY2024-FR-05.html,官方PDF已保存并校验
科技创新政策、科研体系与人才,核心科技直接材料,C-CRDS-FY2024-FR-05,2025-03-01,W3,研究開発の俯瞰報告書　ライフサイエンス・臨床医学分野（2024年）,CRDS机构正式研究,C:\Users\WINDOWS\OneDrive\知识库\智库信息爬虫\国际主要科技智库观点演变_研判\03_证据底稿\原文PDF\C-CRDS-FY2024-FR-05.pdf,C:\Users\WINDOWS\OneDrive\知识库\智库信息爬虫\国际主要科技智库观点演变_研判\03_证据底稿\文本\C-CRDS-FY2024-FR-05.txt,https://www.jst.go.jp/crds/report/CRDS-FY2024-FR-05.html,官方PDF已保存并校验
研究安全、科技外交与国际比较,核心科技直接材料,C-CRDS-FY2024-FR-05,2025-03-01,W3,研究開発の俯瞰報告書　ライフサイエンス・臨床医学分野（2024年）,CRDS机构正式研究,C:\Users\WINDOWS\OneDrive\知识库\智库信息爬虫\国际主要科技智库观点演变_研判\03_证据底稿\原文PDF\C-CRDS-FY2024-FR-05.pdf,C:\Users\WINDOWS\OneDrive\知识库\智库信息爬虫\国际主要科技智库观点演变_研判\03_证据底稿\文本\C-CRDS-FY2024-FR-05.txt,https://www.jst.go.jp/crds/report/CRDS-FY2024-FR-05.html,官方PDF已保存并校验
中国科技政策与能力比较,核心科技直接材料,C-CRDS-FY2024-FR-05,2025-03-01,W3,研究開発の俯瞰報告書　ライフサイエンス・臨床医学分野（2024年）,CRDS机构正式研究,C:\Users\WINDOWS\OneDrive\知识库\智库信息爬虫\国际主要科技智库观点演变_研判\03_证据底稿\原文PDF\C-CRDS-FY2024-FR-05.pdf,C:\Users\WINDOWS\OneDrive\知识库\智库信息爬虫\国际主要科技智库观点演变_研判\03_证据底稿\文本\C-CRDS-FY2024-FR-05.txt,https://www.jst.go.jp/crds/report/CRDS-FY2024-FR-05.html,官方PDF已保存并校验
人工智能、机器人与计算系统,核心科技直接材料,C-CRDS-FY2024-FR-06,2025-03-01,W3,研究開発の俯瞰報告書　科学技術・イノベーション政策の諸課題を巡る主要国・地域の動向（2025年）,CRDS机构正式研究,C:\Users\WINDOWS\OneDrive\知识库\智库信息爬虫\国际主要科技智库观点演变_研判\03_证据底稿\原文PDF\C-CRDS-FY2024-FR-06.pdf,C:\Users\WINDOWS\OneDrive\知识库\智库信息爬虫\国际主要科技智库观点演变_研判\03_证据底稿\文本\C-CRDS-FY2024-FR-06.txt,https://www.jst.go.jp/crds/report/CRDS-FY2024-FR-06.html,官方PDF已保存并校验
芯片、量子、通信与网络安全,核心科技直接材料,C-CRDS-FY2024-FR-06,2025-03-01,W3,研究開発の俯瞰報告書　科学技術・イノベーション政策の諸課題を巡る主要国・地域の動向（2025年）,CRDS机构正式研究,C:\Users\WINDOWS\OneDrive\知识库\智库信息爬虫\国际主要科技智库观点演变_研判\03_证据底稿\原文PDF\C-CRDS-FY2024-FR-06.pdf,C:\Users\WINDOWS\OneDrive\知识库\智库信息爬虫\国际主要科技智库观点演变_研判\03_证据底稿\文本\C-CRDS-FY2024-FR-06.txt,https://www.jst.go.jp/crds/report/CRDS-FY2024-FR-06.html,官方PDF已保存并校验
先进材料、纳米与制造技术,核心科技直接材料,C-CRDS-FY2024-FR-06,2025-03-01,W3,研究開発の俯瞰報告書　科学技術・イノベーション政策の諸課題を巡る主要国・地域の動向（2025年）,CRDS机构正式研究,C:\Users\WINDOWS\OneDrive\知识库\智库信息爬虫\国际主要科技智库观点演变_研判\03_证据底稿\原文PDF\C-CRDS-FY2024-FR-06.pdf,C:\Users\WINDOWS\OneDrive\知识库\智库信息爬虫\国际主要科技智库观点演变_研判\03_证据底稿\文本\C-CRDS-FY2024-FR-06.txt,https://www.jst.go.jp/crds/report/CRDS-FY2024-FR-06.html,官方PDF已保存并校验
生命科学、生物技术与医疗,核心科技直接材料,C-CRDS-FY2024-FR-06,2025-03-01,W3,研究開発の俯瞰報告書　科学技術・イノベーション政策の諸課題を巡る主要国・地域の動向（2025年）,CRDS机构正式研究,C:\Users\WINDOWS\OneDrive\知识库\智库信息爬虫\国际主要科技智库观点演变_研判\03_证据底稿\原文PDF\C-CRDS-FY2024-FR-06.pdf,C:\Users\WINDOWS\OneDrive\知识库\智库信息爬虫\国际主要科技智库观点演变_研判\03_证据底稿\文本\C-CRDS-FY2024-FR-06.txt,https://www.jst.go.jp/crds/report/CRDS-FY2024-FR-06.html,官方PDF已保存并校验
能源、环境与绿色转型,核心科技直接材料,C-CRDS-FY2024-FR-06,2025-03-01,W3,研究開発の俯瞰報告書　科学技術・イノベーション政策の諸課題を巡る主要国・地域の動向（2025年）,CRDS机构正式研究,C:\Users\WINDOWS\OneDrive\知识库\智库信息爬虫\国际主要科技智库观点演变_研判\03_证据底稿\原文PDF\C-CRDS-FY2024-FR-06.pdf,C:\Users\WINDOWS\OneDrive\知识库\智库信息爬虫\国际主要科技智库观点演变_研判\03_证据底稿\文本\C-CRDS-FY2024-FR-06.txt,https://www.jst.go.jp/crds/report/CRDS-FY2024-FR-06.html,官方PDF已保存并校验
科技创新政策、科研体系与人才,核心科技直接材料,C-CRDS-FY2024-FR-06,2025-03-01,W3,研究開発の俯瞰報告書　科学技術・イノベーション政策の諸課題を巡る主要国・地域の動向（2025年）,CRDS机构正式研究,C:\Users\WINDOWS\OneDrive\知识库\智库信息爬虫\国际主要科技智库观点演变_研判\03_证据底稿\原文PDF\C-CRDS-FY2024-FR-06.pdf,C:\Users\WINDOWS\OneDrive\知识库\智库信息爬虫\国际主要科技智库观点演变_研判\03_证据底稿\文本\C-CRDS-FY2024-FR-06.txt,https://www.jst.go.jp/crds/report/CRDS-FY2024-FR-06.html,官方PDF已保存并校验
研究安全、科技外交与国际比较,核心科技直接材料,C-CRDS-FY2024-FR-06,2025-03-01,W3,研究開発の俯瞰報告書　科学技術・イノベーション政策の諸課題を巡る主要国・地域の動向（2025年）,CRDS机构正式研究,C:\Users\WINDOWS\OneDrive\知识库\智库信息爬虫\国际主要科技智库观点演变_研判\03_证据底稿\原文PDF\C-CRDS-FY2024-FR-06.pdf,C:\Users\WINDOWS\OneDrive\知识库\智库信息爬虫\国际主要科技智库观点演变_研判\03_证据底稿\文本\C-CRDS-FY2024-FR-06.txt,https://www.jst.go.jp/crds/report/CRDS-FY2024-FR-06.html,官方PDF已保存并校验
中国科技政策与能力比较,核心科技直接材料,C-CRDS-FY2024-FR-06,2025-03-01,W3,研究開発の俯瞰報告書　科学技術・イノベーション政策の諸課題を巡る主要国・地域の動向（2025年）,CRDS机构正式研究,C:\Users\WINDOWS\OneDrive\知识库\智库信息爬虫\国际主要科技智库观点演变_研判\03_证据底稿\原文PDF\C-CRDS-FY2024-FR-06.pdf,C:\Users\WINDOWS\OneDrive\知识库\智库信息爬虫\国际主要科技智库观点演变_研判\03_证据底稿\文本\C-CRDS-FY2024-FR-06.txt,https://www.jst.go.jp/crds/report/CRDS-FY2024-FR-06.html,官方PDF已保存并校验
人工智能、机器人与计算系统,核心科技直接材料,C-CRDS-FY2024-FR-07,2025-03-01,W3,研究開発の俯瞰報告書　日本の科学技術・イノベーション政策の動向（2025年）,CRDS机构正式研究,C:\Users\WINDOWS\OneDrive\知识库\智库信息爬虫\国际主要科技智库观点演变_研判\03_证据底稿\原文PDF\C-CRDS-FY2024-FR-07.pdf,C:\Users\WINDOWS\OneDrive\知识库\智库信息爬虫\国际主要科技智库观点演变_研判\03_证据底稿\文本\C-CRDS-FY2024-FR-07.txt,https://www.jst.go.jp/crds/report/CRDS-FY2024-FR-07.html,官方PDF已保存并校验
先进材料、纳米与制造技术,核心科技直接材料,C-CRDS-FY2024-FR-07,2025-03-01,W3,研究開発の俯瞰報告書　日本の科学技術・イノベーション政策の動向（2025年）,CRDS机构正式研究,C:\Users\WINDOWS\OneDrive\知识库\智库信息爬虫\国际主要科技智库观点演变_研判\03_证据底稿\原文PDF\C-CRDS-FY2024-FR-07.pdf,C:\Users\WINDOWS\OneDrive\知识库\智库信息爬虫\国际主要科技智库观点演变_研判\03_证据底稿\文本\C-CRDS-FY2024-FR-07.txt,https://www.jst.go.jp/crds/report/CRDS-FY2024-FR-07.html,官方PDF已保存并校验
生命科学、生物技术与医疗,核心科技直接材料,C-CRDS-FY2024-FR-07,2025-03-01,W3,研究開発の俯瞰報告書　日本の科学技術・イノベーション政策の動向（2025年）,CRDS机构正式研究,C:\Users\WINDOWS\OneDrive\知识库\智库信息爬虫\国际主要科技智库观点演变_研判\03_证据底稿\原文PDF\C-CRDS-FY2024-FR-07.pdf,C:\Users\WINDOWS\OneDrive\知识库\智库信息爬虫\国际主要科技智库观点演变_研判\03_证据底稿\文本\C-CRDS-FY2024-FR-07.txt,https://www.jst.go.jp/crds/report/CRDS-FY2024-FR-07.html,官方PDF已保存并校验
能源、环境与绿色转型,核心科技直接材料,C-CRDS-FY2024-FR-07,2025-03-01,W3,研究開発の俯瞰報告書　日本の科学技術・イノベーション政策の動向（2025年）,CRDS机构正式研究,C:\Users\WINDOWS\OneDrive\知识库\智库信息爬虫\国际主要科技智库观点演变_研判\03_证据底稿\原文PDF\C-CRDS-FY2024-FR-07.pdf,C:\Users\WINDOWS\OneDrive\知识库\智库信息爬虫\国际主要科技智库观点演变_研判\03_证据底稿\文本\C-CRDS-FY2024-FR-07.txt,https://www.jst.go.jp/crds/report/CRDS-FY2024-FR-07.html,官方PDF已保存并校验
科技创新政策、科研体系与人才,核心科技直接材料,C-CRDS-FY2024-FR-07,2025-03-01,W3,研究開発の俯瞰報告書　日本の科学技術・イノベーション政策の動向（2025年）,CRDS机构正式研究,C:\Users\WINDOWS\OneDrive\知识库\智库信息爬虫\国际主要科技智库观点演变_研判\03_证据底稿\原文PDF\C-CRDS-FY2024-FR-07.pdf,C:\Users\WINDOWS\OneDrive\知识库\智库信息爬虫\国际主要科技智库观点演变_研判\03_证据底稿\文本\C-CRDS-FY2024-FR-07.txt,https://www.jst.go.jp/crds/report/CRDS-FY2024-FR-07.html,官方PDF已保存并校验
研究安全、科技外交与国际比较,核心科技直接材料,C-CRDS-FY2024-FR-07,2025-03-01,W3,研究開発の俯瞰報告書　日本の科学技術・イノベーション政策の動向（2025年）,CRDS机构正式研究,C:\Users\WINDOWS\OneDrive\知识库\智库信息爬虫\国际主要科技智库观点演变_研判\03_证据底稿\原文PDF\C-CRDS-FY2024-FR-07.pdf,C:\Users\WINDOWS\OneDrive\知识库\智库信息爬虫\国际主要科技智库观点演变_研判\03_证据底稿\文本\C-CRDS-FY2024-FR-07.txt,https://www.jst.go.jp/crds/report/CRDS-FY2024-FR-07.html,官方PDF已保存并校验
人工智能、机器人与计算系统,核心科技直接材料,C-CRDS-FY2024-FR-09,2025-03-01,W3,研究開発の俯瞰報告書　主要国・地域の科学技術・イノベーション政策動向（2025年）,CRDS机构正式研究,C:\Users\WINDOWS\OneDrive\知识库\智库信息爬虫\国际主要科技智库观点演变_研判\03_证据底稿\原文PDF\C-CRDS-FY2024-FR-09.pdf,C:\Users\WINDOWS\OneDrive\知识库\智库信息爬虫\国际主要科技智库观点演变_研判\03_证据底稿\文本\C-CRDS-FY2024-FR-09.txt,https://www.jst.go.jp/crds/report/CRDS-FY2024-FR-09.html,官方PDF已保存并校验
先进材料、纳米与制造技术,核心科技直接材料,C-CRDS-FY2024-FR-09,2025-03-01,W3,研究開発の俯瞰報告書　主要国・地域の科学技術・イノベーション政策動向（2025年）,CRDS机构正式研究,C:\Users\WINDOWS\OneDrive\知识库\智库信息爬虫\国际主要科技智库观点演变_研判\03_证据底稿\原文PDF\C-CRDS-FY2024-FR-09.pdf,C:\Users\WINDOWS\OneDrive\知识库\智库信息爬虫\国际主要科技智库观点演变_研判\03_证据底稿\文本\C-CRDS-FY2024-FR-09.txt,https://www.jst.go.jp/crds/report/CRDS-FY2024-FR-09.html,官方PDF已保存并校验
生命科学、生物技术与医疗,核心科技直接材料,C-CRDS-FY2024-FR-09,2025-03-01,W3,研究開発の俯瞰報告書　主要国・地域の科学技術・イノベーション政策動向（2025年）,CRDS机构正式研究,C:\Users\WINDOWS\OneDrive\知识库\智库信息爬虫\国际主要科技智库观点演变_研判\03_证据底稿\原文PDF\C-CRDS-FY2024-FR-09.pdf,C:\Users\WINDOWS\OneDrive\知识库\智库信息爬虫\国际主要科技智库观点演变_研判\03_证据底稿\文本\C-CRDS-FY2024-FR-09.txt,https://www.jst.go.jp/crds/report/CRDS-FY2024-FR-09.html,官方PDF已保存并校验
能源、环境与绿色转型,核心科技直接材料,C-CRDS-FY2024-FR-09,2025-03-01,W3,研究開発の俯瞰報告書　主要国・地域の科学技術・イノベーション政策動向（2025年）,CRDS机构正式研究,C:\Users\WINDOWS\OneDrive\知识库\智库信息爬虫\国际主要科技智库观点演变_研判\03_证据底稿\原文PDF\C-CRDS-FY2024-FR-09.pdf,C:\Users\WINDOWS\OneDrive\知识库\智库信息爬虫\国际主要科技智库观点演变_研判\03_证据底稿\文本\C-CRDS-FY2024-FR-09.txt,https://www.jst.go.jp/crds/report/CRDS-FY2024-FR-09.html,官方PDF已保存并校验
科技创新政策、科研体系与人才,核心科技直接材料,C-CRDS-FY2024-FR-09,2025-03-01,W3,研究開発の俯瞰報告書　主要国・地域の科学技術・イノベーション政策動向（2025年）,CRDS机构正式研究,C:\Users\WINDOWS\OneDrive\知识库\智库信息爬虫\国际主要科技智库观点演变_研判\03_证据底稿\原文PDF\C-CRDS-FY2024-FR-09.pdf,C:\Users\WINDOWS\OneDrive\知识库\智库信息爬虫\国际主要科技智库观点演变_研判\03_证据底稿\文本\C-CRDS-FY2024-FR-09.txt,https://www.jst.go.jp/crds/report/CRDS-FY2024-FR-09.html,官方PDF已保存并校验
研究安全、科技外交与国际比较,核心科技直接材料,C-CRDS-FY2024-FR-09,2025-03-01,W3,研究開発の俯瞰報告書　主要国・地域の科学技術・イノベーション政策動向（2025年）,CRDS机构正式研究,C:\Users\WINDOWS\OneDrive\知识库\智库信息爬虫\国际主要科技智库观点演变_研判\03_证据底稿\原文PDF\C-CRDS-FY2024-FR-09.pdf,C:\Users\WINDOWS\OneDrive\知识库\智库信息爬虫\国际主要科技智库观点演变_研判\03_证据底稿\文本\C-CRDS-FY2024-FR-09.txt,https://www.jst.go.jp/crds/report/CRDS-FY2024-FR-09.html,官方PDF已保存并校验
中国科技政策与能力比较,核心科技直接材料,C-CRDS-FY2024-FR-09,2025-03-01,W3,研究開発の俯瞰報告書　主要国・地域の科学技術・イノベーション政策動向（2025年）,CRDS机构正式研究,C:\Users\WINDOWS\OneDrive\知识库\智库信息爬虫\国际主要科技智库观点演变_研判\03_证据底稿\原文PDF\C-CRDS-FY2024-FR-09.pdf,C:\Users\WINDOWS\OneDrive\知识库\智库信息爬虫\国际主要科技智库观点演变_研判\03_证据底稿\文本\C-CRDS-FY2024-FR-09.txt,https://www.jst.go.jp/crds/report/CRDS-FY2024-FR-09.html,官方PDF已保存并校验
人工智能、机器人与计算系统,核心科技直接材料,C-CRDS-FY2024-RR-06,2025-03-01,W3,論文・特許マップで見る環境・エネルギー分野の俯瞰とマテリアル関連研究の波及・展開,CRDS机构正式研究,C:\Users\WINDOWS\OneDrive\知识库\智库信息爬虫\国际主要科技智库观点演变_研判\03_证据底稿\原文PDF\C-CRDS-FY2024-RR-06.pdf,C:\Users\WINDOWS\OneDrive\知识库\智库信息爬虫\国际主要科技智库观点演变_研判\03_证据底稿\文本\C-CRDS-FY2024-RR-06.txt,https://www.jst.go.jp/crds/report/CRDS-FY2024-RR-06.html,官方PDF已保存并校验
芯片、量子、通信与网络安全,核心科技直接材料,C-CRDS-FY2024-RR-06,2025-03-01,W3,論文・特許マップで見る環境・エネルギー分野の俯瞰とマテリアル関連研究の波及・展開,CRDS机构正式研究,C:\Users\WINDOWS\OneDrive\知识库\智库信息爬虫\国际主要科技智库观点演变_研判\03_证据底稿\原文PDF\C-CRDS-FY2024-RR-06.pdf,C:\Users\WINDOWS\OneDrive\知识库\智库信息爬虫\国际主要科技智库观点演变_研判\03_证据底稿\文本\C-CRDS-FY2024-RR-06.txt,https://www.jst.go.jp/crds/report/CRDS-FY2024-RR-06.html,官方PDF已保存并校验
先进材料、纳米与制造技术,核心科技直接材料,C-CRDS-FY2024-RR-06,2025-03-01,W3,論文・特許マップで見る環境・エネルギー分野の俯瞰とマテリアル関連研究の波及・展開,CRDS机构正式研究,C:\Users\WINDOWS\OneDrive\知识库\智库信息爬虫\国际主要科技智库观点演变_研判\03_证据底稿\原文PDF\C-CRDS-FY2024-RR-06.pdf,C:\Users\WINDOWS\OneDrive\知识库\智库信息爬虫\国际主要科技智库观点演变_研判\03_证据底稿\文本\C-CRDS-FY2024-RR-06.txt,https://www.jst.go.jp/crds/report/CRDS-FY2024-RR-06.html,官方PDF已保存并校验
生命科学、生物技术与医疗,核心科技直接材料,C-CRDS-FY2024-RR-06,2025-03-01,W3,論文・特許マップで見る環境・エネルギー分野の俯瞰とマテリアル関連研究の波及・展開,CRDS机构正式研究,C:\Users\WINDOWS\OneDrive\知识库\智库信息爬虫\国际主要科技智库观点演变_研判\03_证据底稿\原文PDF\C-CRDS-FY2024-RR-06.pdf,C:\Users\WINDOWS\OneDrive\知识库\智库信息爬虫\国际主要科技智库观点演变_研判\03_证据底稿\文本\C-CRDS-FY2024-RR-06.txt,https://www.jst.go.jp/crds/report/CRDS-FY2024-RR-06.html,官方PDF已保存并校验
能源、环境与绿色转型,核心科技直接材料,C-CRDS-FY2024-RR-06,2025-03-01,W3,論文・特許マップで見る環境・エネルギー分野の俯瞰とマテリアル関連研究の波及・展開,CRDS机构正式研究,C:\Users\WINDOWS\OneDrive\知识库\智库信息爬虫\国际主要科技智库观点演变_研判\03_证据底稿\原文PDF\C-CRDS-FY2024-RR-06.pdf,C:\Users\WINDOWS\OneDrive\知识库\智库信息爬虫\国际主要科技智库观点演变_研判\03_证据底稿\文本\C-CRDS-FY2024-RR-06.txt,https://www.jst.go.jp/crds/report/CRDS-FY2024-RR-06.html,官方PDF已保存并校验
科技创新政策、科研体系与人才,核心科技直接材料,C-CRDS-FY2024-RR-06,2025-03-01,W3,論文・特許マップで見る環境・エネルギー分野の俯瞰とマテリアル関連研究の波及・展開,CRDS机构正式研究,C:\Users\WINDOWS\OneDrive\知识库\智库信息爬虫\国际主要科技智库观点演变_研判\03_证据底稿\原文PDF\C-CRDS-FY2024-RR-06.pdf,C:\Users\WINDOWS\OneDrive\知识库\智库信息爬虫\国际主要科技智库观点演变_研判\03_证据底稿\文本\C-CRDS-FY2024-RR-06.txt,https://www.jst.go.jp/crds/report/CRDS-FY2024-RR-06.html,官方PDF已保存并校验
研究安全、科技外交与国际比较,核心科技直接材料,C-CRDS-FY2024-RR-06,2025-03-01,W3,論文・特許マップで見る環境・エネルギー分野の俯瞰とマテリアル関連研究の波及・展開,CRDS机构正式研究,C:\Users\WINDOWS\OneDrive\知识库\智库信息爬虫\国际主要科技智库观点演变_研判\03_证据底稿\原文PDF\C-CRDS-FY2024-RR-06.pdf,C:\Users\WINDOWS\OneDrive\知识库\智库信息爬虫\国际主要科技智库观点演变_研判\03_证据底稿\文本\C-CRDS-FY2024-RR-06.txt,https://www.jst.go.jp/crds/report/CRDS-FY2024-RR-06.html,官方PDF已保存并校验
中国科技政策与能力比较,核心科技直接材料,C-CRDS-FY2024-RR-06,2025-03-01,W3,論文・特許マップで見る環境・エネルギー分野の俯瞰とマテリアル関連研究の波及・展開,CRDS机构正式研究,C:\Users\WINDOWS\OneDrive\知识库\智库信息爬虫\国际主要科技智库观点演变_研判\03_证据底稿\原文PDF\C-CRDS-FY2024-RR-06.pdf,C:\Users\WINDOWS\OneDrive\知识库\智库信息爬虫\国际主要科技智库观点演变_研判\03_证据底稿\文本\C-CRDS-FY2024-RR-06.txt,https://www.jst.go.jp/crds/report/CRDS-FY2024-RR-06.html,官方PDF已保存并校验
人工智能、机器人与计算系统,核心科技直接材料,C-CRDS-FY2024-RR-07,2025-03-01,W3,人工知能研究の新潮流2025 ～基盤モデル・生成AIのインパクトと課題～,CRDS机构正式研究,C:\Users\WINDOWS\OneDrive\知识库\智库信息爬虫\国际主要科技智库观点演变_研判\03_证据底稿\原文PDF\C-CRDS-FY2024-RR-07.pdf,C:\Users\WINDOWS\OneDrive\知识库\智库信息爬虫\国际主要科技智库观点演变_研判\03_证据底稿\文本\C-CRDS-FY2024-RR-07.txt,https://www.jst.go.jp/crds/report/CRDS-FY2024-RR-07.html,官方PDF已保存并校验
先进材料、纳米与制造技术,核心科技直接材料,C-CRDS-FY2024-RR-07,2025-03-01,W3,人工知能研究の新潮流2025 ～基盤モデル・生成AIのインパクトと課題～,CRDS机构正式研究,C:\Users\WINDOWS\OneDrive\知识库\智库信息爬虫\国际主要科技智库观点演变_研判\03_证据底稿\原文PDF\C-CRDS-FY2024-RR-07.pdf,C:\Users\WINDOWS\OneDrive\知识库\智库信息爬虫\国际主要科技智库观点演变_研判\03_证据底稿\文本\C-CRDS-FY2024-RR-07.txt,https://www.jst.go.jp/crds/report/CRDS-FY2024-RR-07.html,官方PDF已保存并校验
生命科学、生物技术与医疗,核心科技直接材料,C-CRDS-FY2024-RR-07,2025-03-01,W3,人工知能研究の新潮流2025 ～基盤モデル・生成AIのインパクトと課題～,CRDS机构正式研究,C:\Users\WINDOWS\OneDrive\知识库\智库信息爬虫\国际主要科技智库观点演变_研判\03_证据底稿\原文PDF\C-CRDS-FY2024-RR-07.pdf,C:\Users\WINDOWS\OneDrive\知识库\智库信息爬虫\国际主要科技智库观点演变_研判\03_证据底稿\文本\C-CRDS-FY2024-RR-07.txt,https://www.jst.go.jp/crds/report/CRDS-FY2024-RR-07.html,官方PDF已保存并校验
能源、环境与绿色转型,核心科技直接材料,C-CRDS-FY2024-RR-07,2025-03-01,W3,人工知能研究の新潮流2025 ～基盤モデル・生成AIのインパクトと課題～,CRDS机构正式研究,C:\Users\WINDOWS\OneDrive\知识库\智库信息爬虫\国际主要科技智库观点演变_研判\03_证据底稿\原文PDF\C-CRDS-FY2024-RR-07.pdf,C:\Users\WINDOWS\OneDrive\知识库\智库信息爬虫\国际主要科技智库观点演变_研判\03_证据底稿\文本\C-CRDS-FY2024-RR-07.txt,https://www.jst.go.jp/crds/report/CRDS-FY2024-RR-07.html,官方PDF已保存并校验
科技创新政策、科研体系与人才,核心科技直接材料,C-CRDS-FY2024-RR-07,2025-03-01,W3,人工知能研究の新潮流2025 ～基盤モデル・生成AIのインパクトと課題～,CRDS机构正式研究,C:\Users\WINDOWS\OneDrive\知识库\智库信息爬虫\国际主要科技智库观点演变_研判\03_证据底稿\原文PDF\C-CRDS-FY2024-RR-07.pdf,C:\Users\WINDOWS\OneDrive\知识库\智库信息爬虫\国际主要科技智库观点演变_研判\03_证据底稿\文本\C-CRDS-FY2024-RR-07.txt,https://www.jst.go.jp/crds/report/CRDS-FY2024-RR-07.html,官方PDF已保存并校验
研究安全、科技外交与国际比较,核心科技直接材料,C-CRDS-FY2024-RR-07,2025-03-01,W3,人工知能研究の新潮流2025 ～基盤モデル・生成AIのインパクトと課題～,CRDS机构正式研究,C:\Users\WINDOWS\OneDrive\知识库\智库信息爬虫\国际主要科技智库观点演变_研判\03_证据底稿\原文PDF\C-CRDS-FY2024-RR-07.pdf,C:\Users\WINDOWS\OneDrive\知识库\智库信息爬虫\国际主要科技智库观点演变_研判\03_证据底稿\文本\C-CRDS-FY2024-RR-07.txt,https://www.jst.go.jp/crds/report/CRDS-FY2024-RR-07.html,官方PDF已保存并校验
人工智能、机器人与计算系统,核心科技直接材料,C-CRDS-FY2024-RR-08,2025-03-01,W3,AI時代を牽引する光デバイス技術,CRDS机构正式研究,C:\Users\WINDOWS\OneDrive\知识库\智库信息爬虫\国际主要科技智库观点演变_研判\03_证据底稿\原文PDF\C-CRDS-FY2024-RR-08.pdf,C:\Users\WINDOWS\OneDrive\知识库\智库信息爬虫\国际主要科技智库观点演变_研判\03_证据底稿\文本\C-CRDS-FY2024-RR-08.txt,https://www.jst.go.jp/crds/report/CRDS-FY2024-RR-08.html,官方PDF已保存并校验
芯片、量子、通信与网络安全,核心科技直接材料,C-CRDS-FY2024-RR-08,2025-03-01,W3,AI時代を牽引する光デバイス技術,CRDS机构正式研究,C:\Users\WINDOWS\OneDrive\知识库\智库信息爬虫\国际主要科技智库观点演变_研判\03_证据底稿\原文PDF\C-CRDS-FY2024-RR-08.pdf,C:\Users\WINDOWS\OneDrive\知识库\智库信息爬虫\国际主要科技智库观点演变_研判\03_证据底稿\文本\C-CRDS-FY2024-RR-08.txt,https://www.jst.go.jp/crds/report/CRDS-FY2024-RR-08.html,官方PDF已保存并校验
先进材料、纳米与制造技术,核心科技直接材料,C-CRDS-FY2024-RR-08,2025-03-01,W3,AI時代を牽引する光デバイス技術,CRDS机构正式研究,C:\Users\WINDOWS\OneDrive\知识库\智库信息爬虫\国际主要科技智库观点演变_研判\03_证据底稿\原文PDF\C-CRDS-FY2024-RR-08.pdf,C:\Users\WINDOWS\OneDrive\知识库\智库信息爬虫\国际主要科技智库观点演变_研判\03_证据底稿\文本\C-CRDS-FY2024-RR-08.txt,https://www.jst.go.jp/crds/report/CRDS-FY2024-RR-08.html,官方PDF已保存并校验
生命科学、生物技术与医疗,核心科技直接材料,C-CRDS-FY2024-RR-08,2025-03-01,W3,AI時代を牽引する光デバイス技術,CRDS机构正式研究,C:\Users\WINDOWS\OneDrive\知识库\智库信息爬虫\国际主要科技智库观点演变_研判\03_证据底稿\原文PDF\C-CRDS-FY2024-RR-08.pdf,C:\Users\WINDOWS\OneDrive\知识库\智库信息爬虫\国际主要科技智库观点演变_研判\03_证据底稿\文本\C-CRDS-FY2024-RR-08.txt,https://www.jst.go.jp/crds/report/CRDS-FY2024-RR-08.html,官方PDF已保存并校验
能源、环境与绿色转型,核心科技直接材料,C-CRDS-FY2024-RR-08,2025-03-01,W3,AI時代を牽引する光デバイス技術,CRDS机构正式研究,C:\Users\WINDOWS\OneDrive\知识库\智库信息爬虫\国际主要科技智库观点演变_研判\03_证据底稿\原文PDF\C-CRDS-FY2024-RR-08.pdf,C:\Users\WINDOWS\OneDrive\知识库\智库信息爬虫\国际主要科技智库观点演变_研判\03_证据底稿\文本\C-CRDS-FY2024-RR-08.txt,https://www.jst.go.jp/crds/report/CRDS-FY2024-RR-08.html,官方PDF已保存并校验
科技创新政策、科研体系与人才,核心科技直接材料,C-CRDS-FY2024-RR-08,2025-03-01,W3,AI時代を牽引する光デバイス技術,CRDS机构正式研究,C:\Users\WINDOWS\OneDrive\知识库\智库信息爬虫\国际主要科技智库观点演变_研判\03_证据底稿\原文PDF\C-CRDS-FY2024-RR-08.pdf,C:\Users\WINDOWS\OneDrive\知识库\智库信息爬虫\国际主要科技智库观点演变_研判\03_证据底稿\文本\C-CRDS-FY2024-RR-08.txt,https://www.jst.go.jp/crds/report/CRDS-FY2024-RR-08.html,官方PDF已保存并校验
研究安全、科技外交与国际比较,核心科技直接材料,C-CRDS-FY2024-RR-08,2025-03-01,W3,AI時代を牽引する光デバイス技術,CRDS机构正式研究,C:\Users\WINDOWS\OneDrive\知识库\智库信息爬虫\国际主要科技智库观点演变_研判\03_证据底稿\原文PDF\C-CRDS-FY2024-RR-08.pdf,C:\Users\WINDOWS\OneDrive\知识库\智库信息爬虫\国际主要科技智库观点演变_研判\03_证据底稿\文本\C-CRDS-FY2024-RR-08.txt,https://www.jst.go.jp/crds/report/CRDS-FY2024-RR-08.html,官方PDF已保存并校验
中国科技政策与能力比较,核心科技直接材料,C-CRDS-FY2024-RR-08,2025-03-01,W3,AI時代を牽引する光デバイス技術,CRDS机构正式研究,C:\Users\WINDOWS\OneDrive\知识库\智库信息爬虫\国际主要科技智库观点演变_研判\03_证据底稿\原文PDF\C-CRDS-FY2024-RR-08.pdf,C:\Users\WINDOWS\OneDrive\知识库\智库信息爬虫\国际主要科技智库观点演变_研判\03_证据底稿\文本\C-CRDS-FY2024-RR-08.txt,https://www.jst.go.jp/crds/report/CRDS-FY2024-RR-08.html,官方PDF已保存并校验
人工智能、机器人与计算系统,核心科技直接材料,C-CRDS-FY2024-RR-11,2025-03-01,W3,研究基盤・研究インフラのエコシステム形成に向けて ―日本・欧州における研究機器の開発、調達、利用促進、共用― （—The Beyond Disciplines Collection—）,CRDS机构正式研究,C:\Users\WINDOWS\OneDrive\知识库\智库信息爬虫\国际主要科技智库观点演变_研判\03_证据底稿\原文PDF\C-CRDS-FY2024-RR-11.pdf,C:\Users\WINDOWS\OneDrive\知识库\智库信息爬虫\国际主要科技智库观点演变_研判\03_证据底稿\文本\C-CRDS-FY2024-RR-11.txt,https://www.jst.go.jp/crds/report/CRDS-FY2024-RR-11.html,官方PDF已保存并校验
先进材料、纳米与制造技术,核心科技直接材料,C-CRDS-FY2024-RR-11,2025-03-01,W3,研究基盤・研究インフラのエコシステム形成に向けて ―日本・欧州における研究機器の開発、調達、利用促進、共用― （—The Beyond Disciplines Collection—）,CRDS机构正式研究,C:\Users\WINDOWS\OneDrive\知识库\智库信息爬虫\国际主要科技智库观点演变_研判\03_证据底稿\原文PDF\C-CRDS-FY2024-RR-11.pdf,C:\Users\WINDOWS\OneDrive\知识库\智库信息爬虫\国际主要科技智库观点演变_研判\03_证据底稿\文本\C-CRDS-FY2024-RR-11.txt,https://www.jst.go.jp/crds/report/CRDS-FY2024-RR-11.html,官方PDF已保存并校验
生命科学、生物技术与医疗,核心科技直接材料,C-CRDS-FY2024-RR-11,2025-03-01,W3,研究基盤・研究インフラのエコシステム形成に向けて ―日本・欧州における研究機器の開発、調達、利用促進、共用― （—The Beyond Disciplines Collection—）,CRDS机构正式研究,C:\Users\WINDOWS\OneDrive\知识库\智库信息爬虫\国际主要科技智库观点演变_研判\03_证据底稿\原文PDF\C-CRDS-FY2024-RR-11.pdf,C:\Users\WINDOWS\OneDrive\知识库\智库信息爬虫\国际主要科技智库观点演变_研判\03_证据底稿\文本\C-CRDS-FY2024-RR-11.txt,https://www.jst.go.jp/crds/report/CRDS-FY2024-RR-11.html,官方PDF已保存并校验
能源、环境与绿色转型,核心科技直接材料,C-CRDS-FY2024-RR-11,2025-03-01,W3,研究基盤・研究インフラのエコシステム形成に向けて ―日本・欧州における研究機器の開発、調達、利用促進、共用― （—The Beyond Disciplines Collection—）,CRDS机构正式研究,C:\Users\WINDOWS\OneDrive\知识库\智库信息爬虫\国际主要科技智库观点演变_研判\03_证据底稿\原文PDF\C-CRDS-FY2024-RR-11.pdf,C:\Users\WINDOWS\OneDrive\知识库\智库信息爬虫\国际主要科技智库观点演变_研判\03_证据底稿\文本\C-CRDS-FY2024-RR-11.txt,https://www.jst.go.jp/crds/report/CRDS-FY2024-RR-11.html,官方PDF已保存并校验
科技创新政策、科研体系与人才,核心科技直接材料,C-CRDS-FY2024-RR-11,2025-03-01,W3,研究基盤・研究インフラのエコシステム形成に向けて ―日本・欧州における研究機器の開発、調達、利用促進、共用― （—The Beyond Disciplines Collection—）,CRDS机构正式研究,C:\Users\WINDOWS\OneDrive\知识库\智库信息爬虫\国际主要科技智库观点演变_研判\03_证据底稿\原文PDF\C-CRDS-FY2024-RR-11.pdf,C:\Users\WINDOWS\OneDrive\知识库\智库信息爬虫\国际主要科技智库观点演变_研判\03_证据底稿\文本\C-CRDS-FY2024-RR-11.txt,https://www.jst.go.jp/crds/report/CRDS-FY2024-RR-11.html,官方PDF已保存并校验
研究安全、科技外交与国际比较,核心科技直接材料,C-CRDS-FY2024-RR-11,2025-03-01,W3,研究基盤・研究インフラのエコシステム形成に向けて ―日本・欧州における研究機器の開発、調達、利用促進、共用― （—The Beyond Disciplines Collection—）,CRDS机构正式研究,C:\Users\WINDOWS\OneDrive\知识库\智库信息爬虫\国际主要科技智库观点演变_研判\03_证据底稿\原文PDF\C-CRDS-FY2024-RR-11.pdf,C:\Users\WINDOWS\OneDrive\知识库\智库信息爬虫\国际主要科技智库观点演变_研判\03_证据底稿\文本\C-CRDS-FY2024-RR-11.txt,https://www.jst.go.jp/crds/report/CRDS-FY2024-RR-11.html,官方PDF已保存并校验
人工智能、机器人与计算系统,核心科技直接材料,C-CRDS-FY2024-RR-12,2025-03-01,W3,科学技術・イノベーションエコシステムにおける産学橋渡しの課題 ―知的財産・デザイン・共創の観点から― （—The Beyond Disciplines Collection—）,CRDS机构正式研究,C:\Users\WINDOWS\OneDrive\知识库\智库信息爬虫\国际主要科技智库观点演变_研判\03_证据底稿\原文PDF\C-CRDS-FY2024-RR-12.pdf,C:\Users\WINDOWS\OneDrive\知识库\智库信息爬虫\国际主要科技智库观点演变_研判\03_证据底稿\文本\C-CRDS-FY2024-RR-12.txt,https://www.jst.go.jp/crds/report/CRDS-FY2024-RR-12.html,官方PDF已保存并校验
先进材料、纳米与制造技术,核心科技直接材料,C-CRDS-FY2024-RR-12,2025-03-01,W3,科学技術・イノベーションエコシステムにおける産学橋渡しの課題 ―知的財産・デザイン・共創の観点から― （—The Beyond Disciplines Collection—）,CRDS机构正式研究,C:\Users\WINDOWS\OneDrive\知识库\智库信息爬虫\国际主要科技智库观点演变_研判\03_证据底稿\原文PDF\C-CRDS-FY2024-RR-12.pdf,C:\Users\WINDOWS\OneDrive\知识库\智库信息爬虫\国际主要科技智库观点演变_研判\03_证据底稿\文本\C-CRDS-FY2024-RR-12.txt,https://www.jst.go.jp/crds/report/CRDS-FY2024-RR-12.html,官方PDF已保存并校验
生命科学、生物技术与医疗,核心科技直接材料,C-CRDS-FY2024-RR-12,2025-03-01,W3,科学技術・イノベーションエコシステムにおける産学橋渡しの課題 ―知的財産・デザイン・共創の観点から― （—The Beyond Disciplines Collection—）,CRDS机构正式研究,C:\Users\WINDOWS\OneDrive\知识库\智库信息爬虫\国际主要科技智库观点演变_研判\03_证据底稿\原文PDF\C-CRDS-FY2024-RR-12.pdf,C:\Users\WINDOWS\OneDrive\知识库\智库信息爬虫\国际主要科技智库观点演变_研判\03_证据底稿\文本\C-CRDS-FY2024-RR-12.txt,https://www.jst.go.jp/crds/report/CRDS-FY2024-RR-12.html,官方PDF已保存并校验
能源、环境与绿色转型,核心科技直接材料,C-CRDS-FY2024-RR-12,2025-03-01,W3,科学技術・イノベーションエコシステムにおける産学橋渡しの課題 ―知的財産・デザイン・共創の観点から― （—The Beyond Disciplines Collection—）,CRDS机构正式研究,C:\Users\WINDOWS\OneDrive\知识库\智库信息爬虫\国际主要科技智库观点演变_研判\03_证据底稿\原文PDF\C-CRDS-FY2024-RR-12.pdf,C:\Users\WINDOWS\OneDrive\知识库\智库信息爬虫\国际主要科技智库观点演变_研判\03_证据底稿\文本\C-CRDS-FY2024-RR-12.txt,https://www.jst.go.jp/crds/report/CRDS-FY2024-RR-12.html,官方PDF已保存并校验
科技创新政策、科研体系与人才,核心科技直接材料,C-CRDS-FY2024-RR-12,2025-03-01,W3,科学技術・イノベーションエコシステムにおける産学橋渡しの課題 ―知的財産・デザイン・共創の観点から― （—The Beyond Disciplines Collection—）,CRDS机构正式研究,C:\Users\WINDOWS\OneDrive\知识库\智库信息爬虫\国际主要科技智库观点演变_研判\03_证据底稿\原文PDF\C-CRDS-FY2024-RR-12.pdf,C:\Users\WINDOWS\OneDrive\知识库\智库信息爬虫\国际主要科技智库观点演变_研判\03_证据底稿\文本\C-CRDS-FY2024-RR-12.txt,https://www.jst.go.jp/crds/report/CRDS-FY2024-RR-12.html,官方PDF已保存并校验
研究安全、科技外交与国际比较,核心科技直接材料,C-CRDS-FY2024-RR-12,2025-03-01,W3,科学技術・イノベーションエコシステムにおける産学橋渡しの課題 ―知的財産・デザイン・共創の観点から― （—The Beyond Disciplines Collection—）,CRDS机构正式研究,C:\Users\WINDOWS\OneDrive\知识库\智库信息爬虫\国际主要科技智库观点演变_研判\03_证据底稿\原文PDF\C-CRDS-FY2024-RR-12.pdf,C:\Users\WINDOWS\OneDrive\知识库\智库信息爬虫\国际主要科技智库观点演变_研判\03_证据底稿\文本\C-CRDS-FY2024-RR-12.txt,https://www.jst.go.jp/crds/report/CRDS-FY2024-RR-12.html,官方PDF已保存并校验
人工智能、机器人与计算系统,核心科技直接材料,C-CRDS-FY2024-RR-13,2025-03-01,W3,持続可能な食料システム,CRDS机构正式研究,C:\Users\WINDOWS\OneDrive\知识库\智库信息爬虫\国际主要科技智库观点演变_研判\03_证据底稿\原文PDF\C-CRDS-FY2024-RR-13.pdf,C:\Users\WINDOWS\OneDrive\知识库\智库信息爬虫\国际主要科技智库观点演变_研判\03_证据底稿\文本\C-CRDS-FY2024-RR-13.txt,https://www.jst.go.jp/crds/report/CRDS-FY2024-RR-13.html,官方PDF已保存并校验
先进材料、纳米与制造技术,核心科技直接材料,C-CRDS-FY2024-RR-13,2025-03-01,W3,持続可能な食料システム,CRDS机构正式研究,C:\Users\WINDOWS\OneDrive\知识库\智库信息爬虫\国际主要科技智库观点演变_研判\03_证据底稿\原文PDF\C-CRDS-FY2024-RR-13.pdf,C:\Users\WINDOWS\OneDrive\知识库\智库信息爬虫\国际主要科技智库观点演变_研判\03_证据底稿\文本\C-CRDS-FY2024-RR-13.txt,https://www.jst.go.jp/crds/report/CRDS-FY2024-RR-13.html,官方PDF已保存并校验
生命科学、生物技术与医疗,核心科技直接材料,C-CRDS-FY2024-RR-13,2025-03-01,W3,持続可能な食料システム,CRDS机构正式研究,C:\Users\WINDOWS\OneDrive\知识库\智库信息爬虫\国际主要科技智库观点演变_研判\03_证据底稿\原文PDF\C-CRDS-FY2024-RR-13.pdf,C:\Users\WINDOWS\OneDrive\知识库\智库信息爬虫\国际主要科技智库观点演变_研判\03_证据底稿\文本\C-CRDS-FY2024-RR-13.txt,https://www.jst.go.jp/crds/report/CRDS-FY2024-RR-13.html,官方PDF已保存并校验
能源、环境与绿色转型,核心科技直接材料,C-CRDS-FY2024-RR-13,2025-03-01,W3,持続可能な食料システム,CRDS机构正式研究,C:\Users\WINDOWS\OneDrive\知识库\智库信息爬虫\国际主要科技智库观点演变_研判\03_证据底稿\原文PDF\C-CRDS-FY2024-RR-13.pdf,C:\Users\WINDOWS\OneDrive\知识库\智库信息爬虫\国际主要科技智库观点演变_研判\03_证据底稿\文本\C-CRDS-FY2024-RR-13.txt,https://www.jst.go.jp/crds/report/CRDS-FY2024-RR-13.html,官方PDF已保存并校验
科技创新政策、科研体系与人才,核心科技直接材料,C-CRDS-FY2024-RR-13,2025-03-01,W3,持続可能な食料システム,CRDS机构正式研究,C:\Users\WINDOWS\OneDrive\知识库\智库信息爬虫\国际主要科技智库观点演变_研判\03_证据底稿\原文PDF\C-CRDS-FY2024-RR-13.pdf,C:\Users\WINDOWS\OneDrive\知识库\智库信息爬虫\国际主要科技智库观点演变_研判\03_证据底稿\文本\C-CRDS-FY2024-RR-13.txt,https://www.jst.go.jp/crds/report/CRDS-FY2024-RR-13.html,官方PDF已保存并校验
研究安全、科技外交与国际比较,核心科技直接材料,C-CRDS-FY2024-RR-13,2025-03-01,W3,持続可能な食料システム,CRDS机构正式研究,C:\Users\WINDOWS\OneDrive\知识库\智库信息爬虫\国际主要科技智库观点演变_研判\03_证据底稿\原文PDF\C-CRDS-FY2024-RR-13.pdf,C:\Users\WINDOWS\OneDrive\知识库\智库信息爬虫\国际主要科技智库观点演变_研判\03_证据底稿\文本\C-CRDS-FY2024-RR-13.txt,https://www.jst.go.jp/crds/report/CRDS-FY2024-RR-13.html,官方PDF已保存并校验
人工智能、机器人与计算系统,核心科技直接材料,C-CRDS-FY2024-RR-14,2025-03-01,W3,科学技術外交からみた科学技術イノベーション政策の新潮流（2025年）,CRDS机构正式研究,C:\Users\WINDOWS\OneDrive\知识库\智库信息爬虫\国际主要科技智库观点演变_研判\03_证据底稿\原文PDF\C-CRDS-FY2024-RR-14.pdf,C:\Users\WINDOWS\OneDrive\知识库\智库信息爬虫\国际主要科技智库观点演变_研判\03_证据底稿\文本\C-CRDS-FY2024-RR-14.txt,https://www.jst.go.jp/crds/report/CRDS-FY2024-RR-14.html,官方PDF已保存并校验
芯片、量子、通信与网络安全,核心科技直接材料,C-CRDS-FY2024-RR-14,2025-03-01,W3,科学技術外交からみた科学技術イノベーション政策の新潮流（2025年）,CRDS机构正式研究,C:\Users\WINDOWS\OneDrive\知识库\智库信息爬虫\国际主要科技智库观点演变_研判\03_证据底稿\原文PDF\C-CRDS-FY2024-RR-14.pdf,C:\Users\WINDOWS\OneDrive\知识库\智库信息爬虫\国际主要科技智库观点演变_研判\03_证据底稿\文本\C-CRDS-FY2024-RR-14.txt,https://www.jst.go.jp/crds/report/CRDS-FY2024-RR-14.html,官方PDF已保存并校验
先进材料、纳米与制造技术,核心科技直接材料,C-CRDS-FY2024-RR-14,2025-03-01,W3,科学技術外交からみた科学技術イノベーション政策の新潮流（2025年）,CRDS机构正式研究,C:\Users\WINDOWS\OneDrive\知识库\智库信息爬虫\国际主要科技智库观点演变_研判\03_证据底稿\原文PDF\C-CRDS-FY2024-RR-14.pdf,C:\Users\WINDOWS\OneDrive\知识库\智库信息爬虫\国际主要科技智库观点演变_研判\03_证据底稿\文本\C-CRDS-FY2024-RR-14.txt,https://www.jst.go.jp/crds/report/CRDS-FY2024-RR-14.html,官方PDF已保存并校验
生命科学、生物技术与医疗,核心科技直接材料,C-CRDS-FY2024-RR-14,2025-03-01,W3,科学技術外交からみた科学技術イノベーション政策の新潮流（2025年）,CRDS机构正式研究,C:\Users\WINDOWS\OneDrive\知识库\智库信息爬虫\国际主要科技智库观点演变_研判\03_证据底稿\原文PDF\C-CRDS-FY2024-RR-14.pdf,C:\Users\WINDOWS\OneDrive\知识库\智库信息爬虫\国际主要科技智库观点演变_研判\03_证据底稿\文本\C-CRDS-FY2024-RR-14.txt,https://www.jst.go.jp/crds/report/CRDS-FY2024-RR-14.html,官方PDF已保存并校验
能源、环境与绿色转型,核心科技直接材料,C-CRDS-FY2024-RR-14,2025-03-01,W3,科学技術外交からみた科学技術イノベーション政策の新潮流（2025年）,CRDS机构正式研究,C:\Users\WINDOWS\OneDrive\知识库\智库信息爬虫\国际主要科技智库观点演变_研判\03_证据底稿\原文PDF\C-CRDS-FY2024-RR-14.pdf,C:\Users\WINDOWS\OneDrive\知识库\智库信息爬虫\国际主要科技智库观点演变_研判\03_证据底稿\文本\C-CRDS-FY2024-RR-14.txt,https://www.jst.go.jp/crds/report/CRDS-FY2024-RR-14.html,官方PDF已保存并校验
科技创新政策、科研体系与人才,核心科技直接材料,C-CRDS-FY2024-RR-14,2025-03-01,W3,科学技術外交からみた科学技術イノベーション政策の新潮流（2025年）,CRDS机构正式研究,C:\Users\WINDOWS\OneDrive\知识库\智库信息爬虫\国际主要科技智库观点演变_研判\03_证据底稿\原文PDF\C-CRDS-FY2024-RR-14.pdf,C:\Users\WINDOWS\OneDrive\知识库\智库信息爬虫\国际主要科技智库观点演变_研判\03_证据底稿\文本\C-CRDS-FY2024-RR-14.txt,https://www.jst.go.jp/crds/report/CRDS-FY2024-RR-14.html,官方PDF已保存并校验
研究安全、科技外交与国际比较,核心科技直接材料,C-CRDS-FY2024-RR-14,2025-03-01,W3,科学技術外交からみた科学技術イノベーション政策の新潮流（2025年）,CRDS机构正式研究,C:\Users\WINDOWS\OneDrive\知识库\智库信息爬虫\国际主要科技智库观点演变_研判\03_证据底稿\原文PDF\C-CRDS-FY2024-RR-14.pdf,C:\Users\WINDOWS\OneDrive\知识库\智库信息爬虫\国际主要科技智库观点演变_研判\03_证据底稿\文本\C-CRDS-FY2024-RR-14.txt,https://www.jst.go.jp/crds/report/CRDS-FY2024-RR-14.html,官方PDF已保存并校验
人工智能、机器人与计算系统,核心科技直接材料,C-CRDS-FY2024-RR-15,2025-03-01,W3,「総合知」に着目した科学技術・イノベーション政策のデザイン,CRDS机构正式研究,C:\Users\WINDOWS\OneDrive\知识库\智库信息爬虫\国际主要科技智库观点演变_研判\03_证据底稿\原文PDF\C-CRDS-FY2024-RR-15.pdf,C:\Users\WINDOWS\OneDrive\知识库\智库信息爬虫\国际主要科技智库观点演变_研判\03_证据底稿\文本\C-CRDS-FY2024-RR-15.txt,https://www.jst.go.jp/crds/report/CRDS-FY2024-RR-15.html,官方PDF已保存并校验
芯片、量子、通信与网络安全,核心科技直接材料,C-CRDS-FY2024-RR-15,2025-03-01,W3,「総合知」に着目した科学技術・イノベーション政策のデザイン,CRDS机构正式研究,C:\Users\WINDOWS\OneDrive\知识库\智库信息爬虫\国际主要科技智库观点演变_研判\03_证据底稿\原文PDF\C-CRDS-FY2024-RR-15.pdf,C:\Users\WINDOWS\OneDrive\知识库\智库信息爬虫\国际主要科技智库观点演变_研判\03_证据底稿\文本\C-CRDS-FY2024-RR-15.txt,https://www.jst.go.jp/crds/report/CRDS-FY2024-RR-15.html,官方PDF已保存并校验
先进材料、纳米与制造技术,核心科技直接材料,C-CRDS-FY2024-RR-15,2025-03-01,W3,「総合知」に着目した科学技術・イノベーション政策のデザイン,CRDS机构正式研究,C:\Users\WINDOWS\OneDrive\知识库\智库信息爬虫\国际主要科技智库观点演变_研判\03_证据底稿\原文PDF\C-CRDS-FY2024-RR-15.pdf,C:\Users\WINDOWS\OneDrive\知识库\智库信息爬虫\国际主要科技智库观点演变_研判\03_证据底稿\文本\C-CRDS-FY2024-RR-15.txt,https://www.jst.go.jp/crds/report/CRDS-FY2024-RR-15.html,官方PDF已保存并校验
生命科学、生物技术与医疗,核心科技直接材料,C-CRDS-FY2024-RR-15,2025-03-01,W3,「総合知」に着目した科学技術・イノベーション政策のデザイン,CRDS机构正式研究,C:\Users\WINDOWS\OneDrive\知识库\智库信息爬虫\国际主要科技智库观点演变_研判\03_证据底稿\原文PDF\C-CRDS-FY2024-RR-15.pdf,C:\Users\WINDOWS\OneDrive\知识库\智库信息爬虫\国际主要科技智库观点演变_研判\03_证据底稿\文本\C-CRDS-FY2024-RR-15.txt,https://www.jst.go.jp/crds/report/CRDS-FY2024-RR-15.html,官方PDF已保存并校验
能源、环境与绿色转型,核心科技直接材料,C-CRDS-FY2024-RR-15,2025-03-01,W3,「総合知」に着目した科学技術・イノベーション政策のデザイン,CRDS机构正式研究,C:\Users\WINDOWS\OneDrive\知识库\智库信息爬虫\国际主要科技智库观点演变_研判\03_证据底稿\原文PDF\C-CRDS-FY2024-RR-15.pdf,C:\Users\WINDOWS\OneDrive\知识库\智库信息爬虫\国际主要科技智库观点演变_研判\03_证据底稿\文本\C-CRDS-FY2024-RR-15.txt,https://www.jst.go.jp/crds/report/CRDS-FY2024-RR-15.html,官方PDF已保存并校验
科技创新政策、科研体系与人才,核心科技直接材料,C-CRDS-FY2024-RR-15,2025-03-01,W3,「総合知」に着目した科学技術・イノベーション政策のデザイン,CRDS机构正式研究,C:\Users\WINDOWS\OneDrive\知识库\智库信息爬虫\国际主要科技智库观点演变_研判\03_证据底稿\原文PDF\C-CRDS-FY2024-RR-15.pdf,C:\Users\WINDOWS\OneDrive\知识库\智库信息爬虫\国际主要科技智库观点演变_研判\03_证据底稿\文本\C-CRDS-FY2024-RR-15.txt,https://www.jst.go.jp/crds/report/CRDS-FY2024-RR-15.html,官方PDF已保存并校验
研究安全、科技外交与国际比较,核心科技直接材料,C-CRDS-FY2024-RR-15,2025-03-01,W3,「総合知」に着目した科学技術・イノベーション政策のデザイン,CRDS机构正式研究,C:\Users\WINDOWS\OneDrive\知识库\智库信息爬虫\国际主要科技智库观点演变_研判\03_证据底稿\原文PDF\C-CRDS-FY2024-RR-15.pdf,C:\Users\WINDOWS\OneDrive\知识库\智库信息爬虫\国际主要科技智库观点演变_研判\03_证据底稿\文本\C-CRDS-FY2024-RR-15.txt,https://www.jst.go.jp/crds/report/CRDS-FY2024-RR-15.html,官方PDF已保存并校验
人工智能、机器人与计算系统,核心科技直接材料,C-CRDS-FY2024-SP-03,2025-03-01,W3,次世代型食・栄養研究 ～地球環境の持続可能性とヒトの健康を両立する食・栄養の実現へ～,CRDS机构正式研究,C:\Users\WINDOWS\OneDrive\知识库\智库信息爬虫\国际主要科技智库观点演变_研判\03_证据底稿\原文PDF\C-CRDS-FY2024-SP-03.pdf,C:\Users\WINDOWS\OneDrive\知识库\智库信息爬虫\国际主要科技智库观点演变_研判\03_证据底稿\文本\C-CRDS-FY2024-SP-03.txt,https://www.jst.go.jp/crds/report/CRDS-FY2024-SP-03.html,官方PDF已保存并校验
芯片、量子、通信与网络安全,核心科技直接材料,C-CRDS-FY2024-SP-03,2025-03-01,W3,次世代型食・栄養研究 ～地球環境の持続可能性とヒトの健康を両立する食・栄養の実現へ～,CRDS机构正式研究,C:\Users\WINDOWS\OneDrive\知识库\智库信息爬虫\国际主要科技智库观点演变_研判\03_证据底稿\原文PDF\C-CRDS-FY2024-SP-03.pdf,C:\Users\WINDOWS\OneDrive\知识库\智库信息爬虫\国际主要科技智库观点演变_研判\03_证据底稿\文本\C-CRDS-FY2024-SP-03.txt,https://www.jst.go.jp/crds/report/CRDS-FY2024-SP-03.html,官方PDF已保存并校验
先进材料、纳米与制造技术,核心科技直接材料,C-CRDS-FY2024-SP-03,2025-03-01,W3,次世代型食・栄養研究 ～地球環境の持続可能性とヒトの健康を両立する食・栄養の実現へ～,CRDS机构正式研究,C:\Users\WINDOWS\OneDrive\知识库\智库信息爬虫\国际主要科技智库观点演变_研判\03_证据底稿\原文PDF\C-CRDS-FY2024-SP-03.pdf,C:\Users\WINDOWS\OneDrive\知识库\智库信息爬虫\国际主要科技智库观点演变_研判\03_证据底稿\文本\C-CRDS-FY2024-SP-03.txt,https://www.jst.go.jp/crds/report/CRDS-FY2024-SP-03.html,官方PDF已保存并校验
生命科学、生物技术与医疗,核心科技直接材料,C-CRDS-FY2024-SP-03,2025-03-01,W3,次世代型食・栄養研究 ～地球環境の持続可能性とヒトの健康を両立する食・栄養の実現へ～,CRDS机构正式研究,C:\Users\WINDOWS\OneDrive\知识库\智库信息爬虫\国际主要科技智库观点演变_研判\03_证据底稿\原文PDF\C-CRDS-FY2024-SP-03.pdf,C:\Users\WINDOWS\OneDrive\知识库\智库信息爬虫\国际主要科技智库观点演变_研判\03_证据底稿\文本\C-CRDS-FY2024-SP-03.txt,https://www.jst.go.jp/crds/report/CRDS-FY2024-SP-03.html,官方PDF已保存并校验
能源、环境与绿色转型,核心科技直接材料,C-CRDS-FY2024-SP-03,2025-03-01,W3,次世代型食・栄養研究 ～地球環境の持続可能性とヒトの健康を両立する食・栄養の実現へ～,CRDS机构正式研究,C:\Users\WINDOWS\OneDrive\知识库\智库信息爬虫\国际主要科技智库观点演变_研判\03_证据底稿\原文PDF\C-CRDS-FY2024-SP-03.pdf,C:\Users\WINDOWS\OneDrive\知识库\智库信息爬虫\国际主要科技智库观点演变_研判\03_证据底稿\文本\C-CRDS-FY2024-SP-03.txt,https://www.jst.go.jp/crds/report/CRDS-FY2024-SP-03.html,官方PDF已保存并校验
科技创新政策、科研体系与人才,核心科技直接材料,C-CRDS-FY2024-SP-03,2025-03-01,W3,次世代型食・栄養研究 ～地球環境の持続可能性とヒトの健康を両立する食・栄養の実現へ～,CRDS机构正式研究,C:\Users\WINDOWS\OneDrive\知识库\智库信息爬虫\国际主要科技智库观点演变_研判\03_证据底稿\原文PDF\C-CRDS-FY2024-SP-03.pdf,C:\Users\WINDOWS\OneDrive\知识库\智库信息爬虫\国际主要科技智库观点演变_研判\03_证据底稿\文本\C-CRDS-FY2024-SP-03.txt,https://www.jst.go.jp/crds/report/CRDS-FY2024-SP-03.html,官方PDF已保存并校验
研究安全、科技外交与国际比较,核心科技直接材料,C-CRDS-FY2024-SP-03,2025-03-01,W3,次世代型食・栄養研究 ～地球環境の持続可能性とヒトの健康を両立する食・栄養の実現へ～,CRDS机构正式研究,C:\Users\WINDOWS\OneDrive\知识库\智库信息爬虫\国际主要科技智库观点演变_研判\03_证据底稿\原文PDF\C-CRDS-FY2024-SP-03.pdf,C:\Users\WINDOWS\OneDrive\知识库\智库信息爬虫\国际主要科技智库观点演变_研判\03_证据底稿\文本\C-CRDS-FY2024-SP-03.txt,https://www.jst.go.jp/crds/report/CRDS-FY2024-SP-03.html,官方PDF已保存并校验
人工智能、机器人与计算系统,核心科技直接材料,C-CRDS-FY2024-SP-04,2025-03-01,W3,通信と計算の融合による社会のスマート化,CRDS机构正式研究,C:\Users\WINDOWS\OneDrive\知识库\智库信息爬虫\国际主要科技智库观点演变_研判\03_证据底稿\原文PDF\C-CRDS-FY2024-SP-04.pdf,C:\Users\WINDOWS\OneDrive\知识库\智库信息爬虫\国际主要科技智库观点演变_研判\03_证据底稿\文本\C-CRDS-FY2024-SP-04.txt,https://www.jst.go.jp/crds/report/CRDS-FY2024-SP-04.html,官方PDF已保存并校验
芯片、量子、通信与网络安全,核心科技直接材料,C-CRDS-FY2024-SP-04,2025-03-01,W3,通信と計算の融合による社会のスマート化,CRDS机构正式研究,C:\Users\WINDOWS\OneDrive\知识库\智库信息爬虫\国际主要科技智库观点演变_研判\03_证据底稿\原文PDF\C-CRDS-FY2024-SP-04.pdf,C:\Users\WINDOWS\OneDrive\知识库\智库信息爬虫\国际主要科技智库观点演变_研判\03_证据底稿\文本\C-CRDS-FY2024-SP-04.txt,https://www.jst.go.jp/crds/report/CRDS-FY2024-SP-04.html,官方PDF已保存并校验
先进材料、纳米与制造技术,核心科技直接材料,C-CRDS-FY2024-SP-04,2025-03-01,W3,通信と計算の融合による社会のスマート化,CRDS机构正式研究,C:\Users\WINDOWS\OneDrive\知识库\智库信息爬虫\国际主要科技智库观点演变_研判\03_证据底稿\原文PDF\C-CRDS-FY2024-SP-04.pdf,C:\Users\WINDOWS\OneDrive\知识库\智库信息爬虫\国际主要科技智库观点演变_研判\03_证据底稿\文本\C-CRDS-FY2024-SP-04.txt,https://www.jst.go.jp/crds/report/CRDS-FY2024-SP-04.html,官方PDF已保存并校验
生命科学、生物技术与医疗,核心科技直接材料,C-CRDS-FY2024-SP-04,2025-03-01,W3,通信と計算の融合による社会のスマート化,CRDS机构正式研究,C:\Users\WINDOWS\OneDrive\知识库\智库信息爬虫\国际主要科技智库观点演变_研判\03_证据底稿\原文PDF\C-CRDS-FY2024-SP-04.pdf,C:\Users\WINDOWS\OneDrive\知识库\智库信息爬虫\国际主要科技智库观点演变_研判\03_证据底稿\文本\C-CRDS-FY2024-SP-04.txt,https://www.jst.go.jp/crds/report/CRDS-FY2024-SP-04.html,官方PDF已保存并校验
能源、环境与绿色转型,核心科技直接材料,C-CRDS-FY2024-SP-04,2025-03-01,W3,通信と計算の融合による社会のスマート化,CRDS机构正式研究,C:\Users\WINDOWS\OneDrive\知识库\智库信息爬虫\国际主要科技智库观点演变_研判\03_证据底稿\原文PDF\C-CRDS-FY2024-SP-04.pdf,C:\Users\WINDOWS\OneDrive\知识库\智库信息爬虫\国际主要科技智库观点演变_研判\03_证据底稿\文本\C-CRDS-FY2024-SP-04.txt,https://www.jst.go.jp/crds/report/CRDS-FY2024-SP-04.html,官方PDF已保存并校验
科技创新政策、科研体系与人才,核心科技直接材料,C-CRDS-FY2024-SP-04,2025-03-01,W3,通信と計算の融合による社会のスマート化,CRDS机构正式研究,C:\Users\WINDOWS\OneDrive\知识库\智库信息爬虫\国际主要科技智库观点演变_研判\03_证据底稿\原文PDF\C-CRDS-FY2024-SP-04.pdf,C:\Users\WINDOWS\OneDrive\知识库\智库信息爬虫\国际主要科技智库观点演变_研判\03_证据底稿\文本\C-CRDS-FY2024-SP-04.txt,https://www.jst.go.jp/crds/report/CRDS-FY2024-SP-04.html,官方PDF已保存并校验
研究安全、科技外交与国际比较,核心科技直接材料,C-CRDS-FY2024-SP-04,2025-03-01,W3,通信と計算の融合による社会のスマート化,CRDS机构正式研究,C:\Users\WINDOWS\OneDrive\知识库\智库信息爬虫\国际主要科技智库观点演变_研判\03_证据底稿\原文PDF\C-CRDS-FY2024-SP-04.pdf,C:\Users\WINDOWS\OneDrive\知识库\智库信息爬虫\国际主要科技智库观点演变_研判\03_证据底稿\文本\C-CRDS-FY2024-SP-04.txt,https://www.jst.go.jp/crds/report/CRDS-FY2024-SP-04.html,官方PDF已保存并校验
人工智能、机器人与计算系统,核心科技直接材料,C-CRDS-FY2024-SP-05,2025-03-01,W3,社会課題解決に向けた量子マテリアルの活用戦略,CRDS机构正式研究,C:\Users\WINDOWS\OneDrive\知识库\智库信息爬虫\国际主要科技智库观点演变_研判\03_证据底稿\原文PDF\C-CRDS-FY2024-SP-05.pdf,C:\Users\WINDOWS\OneDrive\知识库\智库信息爬虫\国际主要科技智库观点演变_研判\03_证据底稿\文本\C-CRDS-FY2024-SP-05.txt,https://www.jst.go.jp/crds/report/CRDS-FY2024-SP-05.html,官方PDF已保存并校验
芯片、量子、通信与网络安全,核心科技直接材料,C-CRDS-FY2024-SP-05,2025-03-01,W3,社会課題解決に向けた量子マテリアルの活用戦略,CRDS机构正式研究,C:\Users\WINDOWS\OneDrive\知识库\智库信息爬虫\国际主要科技智库观点演变_研判\03_证据底稿\原文PDF\C-CRDS-FY2024-SP-05.pdf,C:\Users\WINDOWS\OneDrive\知识库\智库信息爬虫\国际主要科技智库观点演变_研判\03_证据底稿\文本\C-CRDS-FY2024-SP-05.txt,https://www.jst.go.jp/crds/report/CRDS-FY2024-SP-05.html,官方PDF已保存并校验
先进材料、纳米与制造技术,核心科技直接材料,C-CRDS-FY2024-SP-05,2025-03-01,W3,社会課題解決に向けた量子マテリアルの活用戦略,CRDS机构正式研究,C:\Users\WINDOWS\OneDrive\知识库\智库信息爬虫\国际主要科技智库观点演变_研判\03_证据底稿\原文PDF\C-CRDS-FY2024-SP-05.pdf,C:\Users\WINDOWS\OneDrive\知识库\智库信息爬虫\国际主要科技智库观点演变_研判\03_证据底稿\文本\C-CRDS-FY2024-SP-05.txt,https://www.jst.go.jp/crds/report/CRDS-FY2024-SP-05.html,官方PDF已保存并校验
生命科学、生物技术与医疗,核心科技直接材料,C-CRDS-FY2024-SP-05,2025-03-01,W3,社会課題解決に向けた量子マテリアルの活用戦略,CRDS机构正式研究,C:\Users\WINDOWS\OneDrive\知识库\智库信息爬虫\国际主要科技智库观点演变_研判\03_证据底稿\原文PDF\C-CRDS-FY2024-SP-05.pdf,C:\Users\WINDOWS\OneDrive\知识库\智库信息爬虫\国际主要科技智库观点演变_研判\03_证据底稿\文本\C-CRDS-FY2024-SP-05.txt,https://www.jst.go.jp/crds/report/CRDS-FY2024-SP-05.html,官方PDF已保存并校验
能源、环境与绿色转型,核心科技直接材料,C-CRDS-FY2024-SP-05,2025-03-01,W3,社会課題解決に向けた量子マテリアルの活用戦略,CRDS机构正式研究,C:\Users\WINDOWS\OneDrive\知识库\智库信息爬虫\国际主要科技智库观点演变_研判\03_证据底稿\原文PDF\C-CRDS-FY2024-SP-05.pdf,C:\Users\WINDOWS\OneDrive\知识库\智库信息爬虫\国际主要科技智库观点演变_研判\03_证据底稿\文本\C-CRDS-FY2024-SP-05.txt,https://www.jst.go.jp/crds/report/CRDS-FY2024-SP-05.html,官方PDF已保存并校验
科技创新政策、科研体系与人才,核心科技直接材料,C-CRDS-FY2024-SP-05,2025-03-01,W3,社会課題解決に向けた量子マテリアルの活用戦略,CRDS机构正式研究,C:\Users\WINDOWS\OneDrive\知识库\智库信息爬虫\国际主要科技智库观点演变_研判\03_证据底稿\原文PDF\C-CRDS-FY2024-SP-05.pdf,C:\Users\WINDOWS\OneDrive\知识库\智库信息爬虫\国际主要科技智库观点演变_研判\03_证据底稿\文本\C-CRDS-FY2024-SP-05.txt,https://www.jst.go.jp/crds/report/CRDS-FY2024-SP-05.html,官方PDF已保存并校验
研究安全、科技外交与国际比较,核心科技直接材料,C-CRDS-FY2024-SP-05,2025-03-01,W3,社会課題解決に向けた量子マテリアルの活用戦略,CRDS机构正式研究,C:\Users\WINDOWS\OneDrive\知识库\智库信息爬虫\国际主要科技智库观点演变_研判\03_证据底稿\原文PDF\C-CRDS-FY2024-SP-05.pdf,C:\Users\WINDOWS\OneDrive\知识库\智库信息爬虫\国际主要科技智库观点演变_研判\03_证据底稿\文本\C-CRDS-FY2024-SP-05.txt,https://www.jst.go.jp/crds/report/CRDS-FY2024-SP-05.html,官方PDF已保存并校验
人工智能、机器人与计算系统,核心科技直接材料,C-CRDS-FY2025-SP-01,2025-05-01,W3,フィジカルAIシステムの研究開発　〜身体性を備えたAIとロボティクスの融合〜,CRDS机构正式研究,C:\Users\WINDOWS\OneDrive\知识库\智库信息爬虫\国际主要科技智库观点演变_研判\03_证据底稿\原文PDF\C-CRDS-FY2025-SP-01.pdf,C:\Users\WINDOWS\OneDrive\知识库\智库信息爬虫\国际主要科技智库观点演变_研判\03_证据底稿\文本\C-CRDS-FY2025-SP-01.txt,https://www.jst.go.jp/crds/report/CRDS-FY2025-SP-01.html,官方PDF已保存并校验
芯片、量子、通信与网络安全,核心科技直接材料,C-CRDS-FY2025-SP-01,2025-05-01,W3,フィジカルAIシステムの研究開発　〜身体性を備えたAIとロボティクスの融合〜,CRDS机构正式研究,C:\Users\WINDOWS\OneDrive\知识库\智库信息爬虫\国际主要科技智库观点演变_研判\03_证据底稿\原文PDF\C-CRDS-FY2025-SP-01.pdf,C:\Users\WINDOWS\OneDrive\知识库\智库信息爬虫\国际主要科技智库观点演变_研判\03_证据底稿\文本\C-CRDS-FY2025-SP-01.txt,https://www.jst.go.jp/crds/report/CRDS-FY2025-SP-01.html,官方PDF已保存并校验
先进材料、纳米与制造技术,核心科技直接材料,C-CRDS-FY2025-SP-01,2025-05-01,W3,フィジカルAIシステムの研究開発　〜身体性を備えたAIとロボティクスの融合〜,CRDS机构正式研究,C:\Users\WINDOWS\OneDrive\知识库\智库信息爬虫\国际主要科技智库观点演变_研判\03_证据底稿\原文PDF\C-CRDS-FY2025-SP-01.pdf,C:\Users\WINDOWS\OneDrive\知识库\智库信息爬虫\国际主要科技智库观点演变_研判\03_证据底稿\文本\C-CRDS-FY2025-SP-01.txt,https://www.jst.go.jp/crds/report/CRDS-FY2025-SP-01.html,官方PDF已保存并校验
生命科学、生物技术与医疗,核心科技直接材料,C-CRDS-FY2025-SP-01,2025-05-01,W3,フィジカルAIシステムの研究開発　〜身体性を備えたAIとロボティクスの融合〜,CRDS机构正式研究,C:\Users\WINDOWS\OneDrive\知识库\智库信息爬虫\国际主要科技智库观点演变_研判\03_证据底稿\原文PDF\C-CRDS-FY2025-SP-01.pdf,C:\Users\WINDOWS\OneDrive\知识库\智库信息爬虫\国际主要科技智库观点演变_研判\03_证据底稿\文本\C-CRDS-FY2025-SP-01.txt,https://www.jst.go.jp/crds/report/CRDS-FY2025-SP-01.html,官方PDF已保存并校验
能源、环境与绿色转型,核心科技直接材料,C-CRDS-FY2025-SP-01,2025-05-01,W3,フィジカルAIシステムの研究開発　〜身体性を備えたAIとロボティクスの融合〜,CRDS机构正式研究,C:\Users\WINDOWS\OneDrive\知识库\智库信息爬虫\国际主要科技智库观点演变_研判\03_证据底稿\原文PDF\C-CRDS-FY2025-SP-01.pdf,C:\Users\WINDOWS\OneDrive\知识库\智库信息爬虫\国际主要科技智库观点演变_研判\03_证据底稿\文本\C-CRDS-FY2025-SP-01.txt,https://www.jst.go.jp/crds/report/CRDS-FY2025-SP-01.html,官方PDF已保存并校验
科技创新政策、科研体系与人才,核心科技直接材料,C-CRDS-FY2025-SP-01,2025-05-01,W3,フィジカルAIシステムの研究開発　〜身体性を備えたAIとロボティクスの融合〜,CRDS机构正式研究,C:\Users\WINDOWS\OneDrive\知识库\智库信息爬虫\国际主要科技智库观点演变_研判\03_证据底稿\原文PDF\C-CRDS-FY2025-SP-01.pdf,C:\Users\WINDOWS\OneDrive\知识库\智库信息爬虫\国际主要科技智库观点演变_研判\03_证据底稿\文本\C-CRDS-FY2025-SP-01.txt,https://www.jst.go.jp/crds/report/CRDS-FY2025-SP-01.html,官方PDF已保存并校验
研究安全、科技外交与国际比较,核心科技直接材料,C-CRDS-FY2025-SP-01,2025-05-01,W3,フィジカルAIシステムの研究開発　〜身体性を備えたAIとロボティクスの融合〜,CRDS机构正式研究,C:\Users\WINDOWS\OneDrive\知识库\智库信息爬虫\国际主要科技智库观点演变_研判\03_证据底稿\原文PDF\C-CRDS-FY2025-SP-01.pdf,C:\Users\WINDOWS\OneDrive\知识库\智库信息爬虫\国际主要科技智库观点演变_研判\03_证据底稿\文本\C-CRDS-FY2025-SP-01.txt,https://www.jst.go.jp/crds/report/CRDS-FY2025-SP-01.html,官方PDF已保存并校验
人工智能、机器人与计算系统,核心科技直接材料,C-CRDS-FY2025-FR-01,2025-06-01,W3,研究開発の俯瞰報告書　論文・特許データ分析（2025年） PDF版,CRDS机构正式研究,C:\Users\WINDOWS\OneDrive\知识库\智库信息爬虫\国际主要科技智库观点演变_研判\03_证据底稿\原文PDF\C-CRDS-FY2025-FR-01.pdf,C:\Users\WINDOWS\OneDrive\知识库\智库信息爬虫\国际主要科技智库观点演变_研判\03_证据底稿\文本\C-CRDS-FY2025-FR-01.txt,https://www.jst.go.jp/crds/report/CRDS-FY2025-FR-01.html,官方PDF已保存并校验
芯片、量子、通信与网络安全,核心科技直接材料,C-CRDS-FY2025-FR-01,2025-06-01,W3,研究開発の俯瞰報告書　論文・特許データ分析（2025年） PDF版,CRDS机构正式研究,C:\Users\WINDOWS\OneDrive\知识库\智库信息爬虫\国际主要科技智库观点演变_研判\03_证据底稿\原文PDF\C-CRDS-FY2025-FR-01.pdf,C:\Users\WINDOWS\OneDrive\知识库\智库信息爬虫\国际主要科技智库观点演变_研判\03_证据底稿\文本\C-CRDS-FY2025-FR-01.txt,https://www.jst.go.jp/crds/report/CRDS-FY2025-FR-01.html,官方PDF已保存并校验
先进材料、纳米与制造技术,核心科技直接材料,C-CRDS-FY2025-FR-01,2025-06-01,W3,研究開発の俯瞰報告書　論文・特許データ分析（2025年） PDF版,CRDS机构正式研究,C:\Users\WINDOWS\OneDrive\知识库\智库信息爬虫\国际主要科技智库观点演变_研判\03_证据底稿\原文PDF\C-CRDS-FY2025-FR-01.pdf,C:\Users\WINDOWS\OneDrive\知识库\智库信息爬虫\国际主要科技智库观点演变_研判\03_证据底稿\文本\C-CRDS-FY2025-FR-01.txt,https://www.jst.go.jp/crds/report/CRDS-FY2025-FR-01.html,官方PDF已保存并校验
生命科学、生物技术与医疗,核心科技直接材料,C-CRDS-FY2025-FR-01,2025-06-01,W3,研究開発の俯瞰報告書　論文・特許データ分析（2025年） PDF版,CRDS机构正式研究,C:\Users\WINDOWS\OneDrive\知识库\智库信息爬虫\国际主要科技智库观点演变_研判\03_证据底稿\原文PDF\C-CRDS-FY2025-FR-01.pdf,C:\Users\WINDOWS\OneDrive\知识库\智库信息爬虫\国际主要科技智库观点演变_研判\03_证据底稿\文本\C-CRDS-FY2025-FR-01.txt,https://www.jst.go.jp/crds/report/CRDS-FY2025-FR-01.html,官方PDF已保存并校验
能源、环境与绿色转型,核心科技直接材料,C-CRDS-FY2025-FR-01,2025-06-01,W3,研究開発の俯瞰報告書　論文・特許データ分析（2025年） PDF版,CRDS机构正式研究,C:\Users\WINDOWS\OneDrive\知识库\智库信息爬虫\国际主要科技智库观点演变_研判\03_证据底稿\原文PDF\C-CRDS-FY2025-FR-01.pdf,C:\Users\WINDOWS\OneDrive\知识库\智库信息爬虫\国际主要科技智库观点演变_研判\03_证据底稿\文本\C-CRDS-FY2025-FR-01.txt,https://www.jst.go.jp/crds/report/CRDS-FY2025-FR-01.html,官方PDF已保存并校验
科技创新政策、科研体系与人才,核心科技直接材料,C-CRDS-FY2025-FR-01,2025-06-01,W3,研究開発の俯瞰報告書　論文・特許データ分析（2025年） PDF版,CRDS机构正式研究,C:\Users\WINDOWS\OneDrive\知识库\智库信息爬虫\国际主要科技智库观点演变_研判\03_证据底稿\原文PDF\C-CRDS-FY2025-FR-01.pdf,C:\Users\WINDOWS\OneDrive\知识库\智库信息爬虫\国际主要科技智库观点演变_研判\03_证据底稿\文本\C-CRDS-FY2025-FR-01.txt,https://www.jst.go.jp/crds/report/CRDS-FY2025-FR-01.html,官方PDF已保存并校验
研究安全、科技外交与国际比较,核心科技直接材料,C-CRDS-FY2025-FR-01,2025-06-01,W3,研究開発の俯瞰報告書　論文・特許データ分析（2025年） PDF版,CRDS机构正式研究,C:\Users\WINDOWS\OneDrive\知识库\智库信息爬虫\国际主要科技智库观点演变_研判\03_证据底稿\原文PDF\C-CRDS-FY2025-FR-01.pdf,C:\Users\WINDOWS\OneDrive\知识库\智库信息爬虫\国际主要科技智库观点演变_研判\03_证据底稿\文本\C-CRDS-FY2025-FR-01.txt,https://www.jst.go.jp/crds/report/CRDS-FY2025-FR-01.html,官方PDF已保存并校验
中国科技政策与能力比较,核心科技直接材料,C-CRDS-FY2025-FR-01,2025-06-01,W3,研究開発の俯瞰報告書　論文・特許データ分析（2025年） PDF版,CRDS机构正式研究,C:\Users\WINDOWS\OneDrive\知识库\智库信息爬虫\国际主要科技智库观点演变_研判\03_证据底稿\原文PDF\C-CRDS-FY2025-FR-01.pdf,C:\Users\WINDOWS\OneDrive\知识库\智库信息爬虫\国际主要科技智库观点演变_研判\03_证据底稿\文本\C-CRDS-FY2025-FR-01.txt,https://www.jst.go.jp/crds/report/CRDS-FY2025-FR-01.html,官方PDF已保存并校验
人工智能、机器人与计算系统,核心科技直接材料,C-CRDS-FY2025-XR-01,2025-07-01,W3,研究人材流動の関連政策を巡る主要国の動向 －2025年上半期－,CRDS机构正式研究,C:\Users\WINDOWS\OneDrive\知识库\智库信息爬虫\国际主要科技智库观点演变_研判\03_证据底稿\原文PDF\C-CRDS-FY2025-XR-01.pdf,C:\Users\WINDOWS\OneDrive\知识库\智库信息爬虫\国际主要科技智库观点演变_研判\03_证据底稿\文本\C-CRDS-FY2025-XR-01.txt,https://www.jst.go.jp/crds/report/CRDS-FY2025-XR-01.html,官方PDF已保存并校验
先进材料、纳米与制造技术,核心科技直接材料,C-CRDS-FY2025-XR-01,2025-07-01,W3,研究人材流動の関連政策を巡る主要国の動向 －2025年上半期－,CRDS机构正式研究,C:\Users\WINDOWS\OneDrive\知识库\智库信息爬虫\国际主要科技智库观点演变_研判\03_证据底稿\原文PDF\C-CRDS-FY2025-XR-01.pdf,C:\Users\WINDOWS\OneDrive\知识库\智库信息爬虫\国际主要科技智库观点演变_研判\03_证据底稿\文本\C-CRDS-FY2025-XR-01.txt,https://www.jst.go.jp/crds/report/CRDS-FY2025-XR-01.html,官方PDF已保存并校验
生命科学、生物技术与医疗,核心科技直接材料,C-CRDS-FY2025-XR-01,2025-07-01,W3,研究人材流動の関連政策を巡る主要国の動向 －2025年上半期－,CRDS机构正式研究,C:\Users\WINDOWS\OneDrive\知识库\智库信息爬虫\国际主要科技智库观点演变_研判\03_证据底稿\原文PDF\C-CRDS-FY2025-XR-01.pdf,C:\Users\WINDOWS\OneDrive\知识库\智库信息爬虫\国际主要科技智库观点演变_研判\03_证据底稿\文本\C-CRDS-FY2025-XR-01.txt,https://www.jst.go.jp/crds/report/CRDS-FY2025-XR-01.html,官方PDF已保存并校验
能源、环境与绿色转型,核心科技直接材料,C-CRDS-FY2025-XR-01,2025-07-01,W3,研究人材流動の関連政策を巡る主要国の動向 －2025年上半期－,CRDS机构正式研究,C:\Users\WINDOWS\OneDrive\知识库\智库信息爬虫\国际主要科技智库观点演变_研判\03_证据底稿\原文PDF\C-CRDS-FY2025-XR-01.pdf,C:\Users\WINDOWS\OneDrive\知识库\智库信息爬虫\国际主要科技智库观点演变_研判\03_证据底稿\文本\C-CRDS-FY2025-XR-01.txt,https://www.jst.go.jp/crds/report/CRDS-FY2025-XR-01.html,官方PDF已保存并校验
科技创新政策、科研体系与人才,核心科技直接材料,C-CRDS-FY2025-XR-01,2025-07-01,W3,研究人材流動の関連政策を巡る主要国の動向 －2025年上半期－,CRDS机构正式研究,C:\Users\WINDOWS\OneDrive\知识库\智库信息爬虫\国际主要科技智库观点演变_研判\03_证据底稿\原文PDF\C-CRDS-FY2025-XR-01.pdf,C:\Users\WINDOWS\OneDrive\知识库\智库信息爬虫\国际主要科技智库观点演变_研判\03_证据底稿\文本\C-CRDS-FY2025-XR-01.txt,https://www.jst.go.jp/crds/report/CRDS-FY2025-XR-01.html,官方PDF已保存并校验
研究安全、科技外交与国际比较,核心科技直接材料,C-CRDS-FY2025-XR-01,2025-07-01,W3,研究人材流動の関連政策を巡る主要国の動向 －2025年上半期－,CRDS机构正式研究,C:\Users\WINDOWS\OneDrive\知识库\智库信息爬虫\国际主要科技智库观点演变_研判\03_证据底稿\原文PDF\C-CRDS-FY2025-XR-01.pdf,C:\Users\WINDOWS\OneDrive\知识库\智库信息爬虫\国际主要科技智库观点演变_研判\03_证据底稿\文本\C-CRDS-FY2025-XR-01.txt,https://www.jst.go.jp/crds/report/CRDS-FY2025-XR-01.html,官方PDF已保存并校验
中国科技政策与能力比较,核心科技直接材料,C-CRDS-FY2025-XR-01,2025-07-01,W3,研究人材流動の関連政策を巡る主要国の動向 －2025年上半期－,CRDS机构正式研究,C:\Users\WINDOWS\OneDrive\知识库\智库信息爬虫\国际主要科技智库观点演变_研判\03_证据底稿\原文PDF\C-CRDS-FY2025-XR-01.pdf,C:\Users\WINDOWS\OneDrive\知识库\智库信息爬虫\国际主要科技智库观点演变_研判\03_证据底稿\文本\C-CRDS-FY2025-XR-01.txt,https://www.jst.go.jp/crds/report/CRDS-FY2025-XR-01.html,官方PDF已保存并校验
人工智能、机器人与计算系统,核心科技直接材料,C-CRDS-FY2025-RR-01,2025-08-01,W3,日本における数理科学とその革新：過去、現在、そして将来の展望,CRDS机构正式研究,C:\Users\WINDOWS\OneDrive\知识库\智库信息爬虫\国际主要科技智库观点演变_研判\03_证据底稿\原文PDF\C-CRDS-FY2025-RR-01.pdf,C:\Users\WINDOWS\OneDrive\知识库\智库信息爬虫\国际主要科技智库观点演变_研判\03_证据底稿\文本\C-CRDS-FY2025-RR-01.txt,https://www.jst.go.jp/crds/report/CRDS-FY2025-RR-01.html,官方PDF已保存并校验
芯片、量子、通信与网络安全,核心科技直接材料,C-CRDS-FY2025-RR-01,2025-08-01,W3,日本における数理科学とその革新：過去、現在、そして将来の展望,CRDS机构正式研究,C:\Users\WINDOWS\OneDrive\知识库\智库信息爬虫\国际主要科技智库观点演变_研判\03_证据底稿\原文PDF\C-CRDS-FY2025-RR-01.pdf,C:\Users\WINDOWS\OneDrive\知识库\智库信息爬虫\国际主要科技智库观点演变_研判\03_证据底稿\文本\C-CRDS-FY2025-RR-01.txt,https://www.jst.go.jp/crds/report/CRDS-FY2025-RR-01.html,官方PDF已保存并校验
先进材料、纳米与制造技术,核心科技直接材料,C-CRDS-FY2025-RR-01,2025-08-01,W3,日本における数理科学とその革新：過去、現在、そして将来の展望,CRDS机构正式研究,C:\Users\WINDOWS\OneDrive\知识库\智库信息爬虫\国际主要科技智库观点演变_研判\03_证据底稿\原文PDF\C-CRDS-FY2025-RR-01.pdf,C:\Users\WINDOWS\OneDrive\知识库\智库信息爬虫\国际主要科技智库观点演变_研判\03_证据底稿\文本\C-CRDS-FY2025-RR-01.txt,https://www.jst.go.jp/crds/report/CRDS-FY2025-RR-01.html,官方PDF已保存并校验
生命科学、生物技术与医疗,核心科技直接材料,C-CRDS-FY2025-RR-01,2025-08-01,W3,日本における数理科学とその革新：過去、現在、そして将来の展望,CRDS机构正式研究,C:\Users\WINDOWS\OneDrive\知识库\智库信息爬虫\国际主要科技智库观点演变_研判\03_证据底稿\原文PDF\C-CRDS-FY2025-RR-01.pdf,C:\Users\WINDOWS\OneDrive\知识库\智库信息爬虫\国际主要科技智库观点演变_研判\03_证据底稿\文本\C-CRDS-FY2025-RR-01.txt,https://www.jst.go.jp/crds/report/CRDS-FY2025-RR-01.html,官方PDF已保存并校验
能源、环境与绿色转型,核心科技直接材料,C-CRDS-FY2025-RR-01,2025-08-01,W3,日本における数理科学とその革新：過去、現在、そして将来の展望,CRDS机构正式研究,C:\Users\WINDOWS\OneDrive\知识库\智库信息爬虫\国际主要科技智库观点演变_研判\03_证据底稿\原文PDF\C-CRDS-FY2025-RR-01.pdf,C:\Users\WINDOWS\OneDrive\知识库\智库信息爬虫\国际主要科技智库观点演变_研判\03_证据底稿\文本\C-CRDS-FY2025-RR-01.txt,https://www.jst.go.jp/crds/report/CRDS-FY2025-RR-01.html,官方PDF已保存并校验
科技创新政策、科研体系与人才,核心科技直接材料,C-CRDS-FY2025-RR-01,2025-08-01,W3,日本における数理科学とその革新：過去、現在、そして将来の展望,CRDS机构正式研究,C:\Users\WINDOWS\OneDrive\知识库\智库信息爬虫\国际主要科技智库观点演变_研判\03_证据底稿\原文PDF\C-CRDS-FY2025-RR-01.pdf,C:\Users\WINDOWS\OneDrive\知识库\智库信息爬虫\国际主要科技智库观点演变_研判\03_证据底稿\文本\C-CRDS-FY2025-RR-01.txt,https://www.jst.go.jp/crds/report/CRDS-FY2025-RR-01.html,官方PDF已保存并校验
研究安全、科技外交与国际比较,核心科技直接材料,C-CRDS-FY2025-RR-01,2025-08-01,W3,日本における数理科学とその革新：過去、現在、そして将来の展望,CRDS机构正式研究,C:\Users\WINDOWS\OneDrive\知识库\智库信息爬虫\国际主要科技智库观点演变_研判\03_证据底稿\原文PDF\C-CRDS-FY2025-RR-01.pdf,C:\Users\WINDOWS\OneDrive\知识库\智库信息爬虫\国际主要科技智库观点演变_研判\03_证据底稿\文本\C-CRDS-FY2025-RR-01.txt,https://www.jst.go.jp/crds/report/CRDS-FY2025-RR-01.html,官方PDF已保存并校验
人工智能、机器人与计算系统,核心科技直接材料,C-CRDS-FY2025-XR-02,2025-08-01,W3,"次期EU研究イノベーション枠組みプログラム（FP10, 2028-2034） 欧州委員会提案",CRDS机构正式研究,C:\Users\WINDOWS\OneDrive\知识库\智库信息爬虫\国际主要科技智库观点演变_研判\03_证据底稿\原文PDF\C-CRDS-FY2025-XR-02.pdf,C:\Users\WINDOWS\OneDrive\知识库\智库信息爬虫\国际主要科技智库观点演变_研判\03_证据底稿\文本\C-CRDS-FY2025-XR-02.txt,https://www.jst.go.jp/crds/report/CRDS-FY2025-XR-02.html,官方PDF已保存并校验
先进材料、纳米与制造技术,核心科技直接材料,C-CRDS-FY2025-XR-02,2025-08-01,W3,"次期EU研究イノベーション枠組みプログラム（FP10, 2028-2034） 欧州委員会提案",CRDS机构正式研究,C:\Users\WINDOWS\OneDrive\知识库\智库信息爬虫\国际主要科技智库观点演变_研判\03_证据底稿\原文PDF\C-CRDS-FY2025-XR-02.pdf,C:\Users\WINDOWS\OneDrive\知识库\智库信息爬虫\国际主要科技智库观点演变_研判\03_证据底稿\文本\C-CRDS-FY2025-XR-02.txt,https://www.jst.go.jp/crds/report/CRDS-FY2025-XR-02.html,官方PDF已保存并校验
生命科学、生物技术与医疗,核心科技直接材料,C-CRDS-FY2025-XR-02,2025-08-01,W3,"次期EU研究イノベーション枠組みプログラム（FP10, 2028-2034） 欧州委員会提案",CRDS机构正式研究,C:\Users\WINDOWS\OneDrive\知识库\智库信息爬虫\国际主要科技智库观点演变_研判\03_证据底稿\原文PDF\C-CRDS-FY2025-XR-02.pdf,C:\Users\WINDOWS\OneDrive\知识库\智库信息爬虫\国际主要科技智库观点演变_研判\03_证据底稿\文本\C-CRDS-FY2025-XR-02.txt,https://www.jst.go.jp/crds/report/CRDS-FY2025-XR-02.html,官方PDF已保存并校验
能源、环境与绿色转型,核心科技直接材料,C-CRDS-FY2025-XR-02,2025-08-01,W3,"次期EU研究イノベーション枠組みプログラム（FP10, 2028-2034） 欧州委員会提案",CRDS机构正式研究,C:\Users\WINDOWS\OneDrive\知识库\智库信息爬虫\国际主要科技智库观点演变_研判\03_证据底稿\原文PDF\C-CRDS-FY2025-XR-02.pdf,C:\Users\WINDOWS\OneDrive\知识库\智库信息爬虫\国际主要科技智库观点演变_研判\03_证据底稿\文本\C-CRDS-FY2025-XR-02.txt,https://www.jst.go.jp/crds/report/CRDS-FY2025-XR-02.html,官方PDF已保存并校验
科技创新政策、科研体系与人才,核心科技直接材料,C-CRDS-FY2025-XR-02,2025-08-01,W3,"次期EU研究イノベーション枠組みプログラム（FP10, 2028-2034） 欧州委員会提案",CRDS机构正式研究,C:\Users\WINDOWS\OneDrive\知识库\智库信息爬虫\国际主要科技智库观点演变_研判\03_证据底稿\原文PDF\C-CRDS-FY2025-XR-02.pdf,C:\Users\WINDOWS\OneDrive\知识库\智库信息爬虫\国际主要科技智库观点演变_研判\03_证据底稿\文本\C-CRDS-FY2025-XR-02.txt,https://www.jst.go.jp/crds/report/CRDS-FY2025-XR-02.html,官方PDF已保存并校验
研究安全、科技外交与国际比较,核心科技直接材料,C-CRDS-FY2025-XR-02,2025-08-01,W3,"次期EU研究イノベーション枠組みプログラム（FP10, 2028-2034） 欧州委員会提案",CRDS机构正式研究,C:\Users\WINDOWS\OneDrive\知识库\智库信息爬虫\国际主要科技智库观点演变_研判\03_证据底稿\原文PDF\C-CRDS-FY2025-XR-02.pdf,C:\Users\WINDOWS\OneDrive\知识库\智库信息爬虫\国际主要科技智库观点演变_研判\03_证据底稿\文本\C-CRDS-FY2025-XR-02.txt,https://www.jst.go.jp/crds/report/CRDS-FY2025-XR-02.html,官方PDF已保存并校验
人工智能、机器人与计算系统,核心科技直接材料,C-CRDS-FY2025-RR-02,2025-09-01,W3,［概要版］科学技術・イノベーションエコシステムにおける産学橋渡しの課題　知的財産・デザイン・共創の観点から（—The Beyond Disciplines Collection—）,CRDS机构正式研究,C:\Users\WINDOWS\OneDrive\知识库\智库信息爬虫\国际主要科技智库观点演变_研判\03_证据底稿\原文PDF\C-CRDS-FY2025-RR-02.pdf,C:\Users\WINDOWS\OneDrive\知识库\智库信息爬虫\国际主要科技智库观点演变_研判\03_证据底稿\文本\C-CRDS-FY2025-RR-02.txt,https://www.jst.go.jp/crds/report/CRDS-FY2025-RR-02.html,官方PDF已保存并校验
先进材料、纳米与制造技术,核心科技直接材料,C-CRDS-FY2025-RR-02,2025-09-01,W3,［概要版］科学技術・イノベーションエコシステムにおける産学橋渡しの課題　知的財産・デザイン・共創の観点から（—The Beyond Disciplines Collection—）,CRDS机构正式研究,C:\Users\WINDOWS\OneDrive\知识库\智库信息爬虫\国际主要科技智库观点演变_研判\03_证据底稿\原文PDF\C-CRDS-FY2025-RR-02.pdf,C:\Users\WINDOWS\OneDrive\知识库\智库信息爬虫\国际主要科技智库观点演变_研判\03_证据底稿\文本\C-CRDS-FY2025-RR-02.txt,https://www.jst.go.jp/crds/report/CRDS-FY2025-RR-02.html,官方PDF已保存并校验
生命科学、生物技术与医疗,核心科技直接材料,C-CRDS-FY2025-RR-02,2025-09-01,W3,［概要版］科学技術・イノベーションエコシステムにおける産学橋渡しの課題　知的財産・デザイン・共創の観点から（—The Beyond Disciplines Collection—）,CRDS机构正式研究,C:\Users\WINDOWS\OneDrive\知识库\智库信息爬虫\国际主要科技智库观点演变_研判\03_证据底稿\原文PDF\C-CRDS-FY2025-RR-02.pdf,C:\Users\WINDOWS\OneDrive\知识库\智库信息爬虫\国际主要科技智库观点演变_研判\03_证据底稿\文本\C-CRDS-FY2025-RR-02.txt,https://www.jst.go.jp/crds/report/CRDS-FY2025-RR-02.html,官方PDF已保存并校验
能源、环境与绿色转型,核心科技直接材料,C-CRDS-FY2025-RR-02,2025-09-01,W3,［概要版］科学技術・イノベーションエコシステムにおける産学橋渡しの課題　知的財産・デザイン・共創の観点から（—The Beyond Disciplines Collection—）,CRDS机构正式研究,C:\Users\WINDOWS\OneDrive\知识库\智库信息爬虫\国际主要科技智库观点演变_研判\03_证据底稿\原文PDF\C-CRDS-FY2025-RR-02.pdf,C:\Users\WINDOWS\OneDrive\知识库\智库信息爬虫\国际主要科技智库观点演变_研判\03_证据底稿\文本\C-CRDS-FY2025-RR-02.txt,https://www.jst.go.jp/crds/report/CRDS-FY2025-RR-02.html,官方PDF已保存并校验
科技创新政策、科研体系与人才,核心科技直接材料,C-CRDS-FY2025-RR-02,2025-09-01,W3,［概要版］科学技術・イノベーションエコシステムにおける産学橋渡しの課題　知的財産・デザイン・共創の観点から（—The Beyond Disciplines Collection—）,CRDS机构正式研究,C:\Users\WINDOWS\OneDrive\知识库\智库信息爬虫\国际主要科技智库观点演变_研判\03_证据底稿\原文PDF\C-CRDS-FY2025-RR-02.pdf,C:\Users\WINDOWS\OneDrive\知识库\智库信息爬虫\国际主要科技智库观点演变_研判\03_证据底稿\文本\C-CRDS-FY2025-RR-02.txt,https://www.jst.go.jp/crds/report/CRDS-FY2025-RR-02.html,官方PDF已保存并校验
研究安全、科技外交与国际比较,核心科技直接材料,C-CRDS-FY2025-RR-02,2025-09-01,W3,［概要版］科学技術・イノベーションエコシステムにおける産学橋渡しの課題　知的財産・デザイン・共創の観点から（—The Beyond Disciplines Collection—）,CRDS机构正式研究,C:\Users\WINDOWS\OneDrive\知识库\智库信息爬虫\国际主要科技智库观点演变_研判\03_证据底稿\原文PDF\C-CRDS-FY2025-RR-02.pdf,C:\Users\WINDOWS\OneDrive\知识库\智库信息爬虫\国际主要科技智库观点演变_研判\03_证据底稿\文本\C-CRDS-FY2025-RR-02.txt,https://www.jst.go.jp/crds/report/CRDS-FY2025-RR-02.html,官方PDF已保存并校验
人工智能、机器人与计算系统,核心科技直接材料,C-CRDS-FY2025-SP-02,2025-10-01,W3,意思決定を支援する最適化手法の革新 －社会価値創造への貢献－,CRDS机构正式研究,C:\Users\WINDOWS\OneDrive\知识库\智库信息爬虫\国际主要科技智库观点演变_研判\03_证据底稿\原文PDF\C-CRDS-FY2025-SP-02.pdf,C:\Users\WINDOWS\OneDrive\知识库\智库信息爬虫\国际主要科技智库观点演变_研判\03_证据底稿\文本\C-CRDS-FY2025-SP-02.txt,https://www.jst.go.jp/crds/report/CRDS-FY2025-SP-02.html,官方PDF已保存并校验
先进材料、纳米与制造技术,核心科技直接材料,C-CRDS-FY2025-SP-02,2025-10-01,W3,意思決定を支援する最適化手法の革新 －社会価値創造への貢献－,CRDS机构正式研究,C:\Users\WINDOWS\OneDrive\知识库\智库信息爬虫\国际主要科技智库观点演变_研判\03_证据底稿\原文PDF\C-CRDS-FY2025-SP-02.pdf,C:\Users\WINDOWS\OneDrive\知识库\智库信息爬虫\国际主要科技智库观点演变_研判\03_证据底稿\文本\C-CRDS-FY2025-SP-02.txt,https://www.jst.go.jp/crds/report/CRDS-FY2025-SP-02.html,官方PDF已保存并校验
生命科学、生物技术与医疗,核心科技直接材料,C-CRDS-FY2025-SP-02,2025-10-01,W3,意思決定を支援する最適化手法の革新 －社会価値創造への貢献－,CRDS机构正式研究,C:\Users\WINDOWS\OneDrive\知识库\智库信息爬虫\国际主要科技智库观点演变_研判\03_证据底稿\原文PDF\C-CRDS-FY2025-SP-02.pdf,C:\Users\WINDOWS\OneDrive\知识库\智库信息爬虫\国际主要科技智库观点演变_研判\03_证据底稿\文本\C-CRDS-FY2025-SP-02.txt,https://www.jst.go.jp/crds/report/CRDS-FY2025-SP-02.html,官方PDF已保存并校验
能源、环境与绿色转型,核心科技直接材料,C-CRDS-FY2025-SP-02,2025-10-01,W3,意思決定を支援する最適化手法の革新 －社会価値創造への貢献－,CRDS机构正式研究,C:\Users\WINDOWS\OneDrive\知识库\智库信息爬虫\国际主要科技智库观点演变_研判\03_证据底稿\原文PDF\C-CRDS-FY2025-SP-02.pdf,C:\Users\WINDOWS\OneDrive\知识库\智库信息爬虫\国际主要科技智库观点演变_研判\03_证据底稿\文本\C-CRDS-FY2025-SP-02.txt,https://www.jst.go.jp/crds/report/CRDS-FY2025-SP-02.html,官方PDF已保存并校验
科技创新政策、科研体系与人才,核心科技直接材料,C-CRDS-FY2025-SP-02,2025-10-01,W3,意思決定を支援する最適化手法の革新 －社会価値創造への貢献－,CRDS机构正式研究,C:\Users\WINDOWS\OneDrive\知识库\智库信息爬虫\国际主要科技智库观点演变_研判\03_证据底稿\原文PDF\C-CRDS-FY2025-SP-02.pdf,C:\Users\WINDOWS\OneDrive\知识库\智库信息爬虫\国际主要科技智库观点演变_研判\03_证据底稿\文本\C-CRDS-FY2025-SP-02.txt,https://www.jst.go.jp/crds/report/CRDS-FY2025-SP-02.html,官方PDF已保存并校验
研究安全、科技外交与国际比较,核心科技直接材料,C-CRDS-FY2025-SP-02,2025-10-01,W3,意思決定を支援する最適化手法の革新 －社会価値創造への貢献－,CRDS机构正式研究,C:\Users\WINDOWS\OneDrive\知识库\智库信息爬虫\国际主要科技智库观点演变_研判\03_证据底稿\原文PDF\C-CRDS-FY2025-SP-02.pdf,C:\Users\WINDOWS\OneDrive\知识库\智库信息爬虫\国际主要科技智库观点演变_研判\03_证据底稿\文本\C-CRDS-FY2025-SP-02.txt,https://www.jst.go.jp/crds/report/CRDS-FY2025-SP-02.html,官方PDF已保存并校验
人工智能、机器人与计算系统,核心科技直接材料,C-CRDS-FY2025-FR-03,2025-12-01,W3,研究開発の俯瞰報告書　論文・特許データ分析（2026年） PDF版,CRDS机构正式研究,C:\Users\WINDOWS\OneDrive\知识库\智库信息爬虫\国际主要科技智库观点演变_研判\03_证据底稿\原文PDF\C-CRDS-FY2025-FR-03.pdf,C:\Users\WINDOWS\OneDrive\知识库\智库信息爬虫\国际主要科技智库观点演变_研判\03_证据底稿\文本\C-CRDS-FY2025-FR-03.txt,https://www.jst.go.jp/crds/report/CRDS-FY2025-FR-03.html,官方PDF已保存并校验
芯片、量子、通信与网络安全,核心科技直接材料,C-CRDS-FY2025-FR-03,2025-12-01,W3,研究開発の俯瞰報告書　論文・特許データ分析（2026年） PDF版,CRDS机构正式研究,C:\Users\WINDOWS\OneDrive\知识库\智库信息爬虫\国际主要科技智库观点演变_研判\03_证据底稿\原文PDF\C-CRDS-FY2025-FR-03.pdf,C:\Users\WINDOWS\OneDrive\知识库\智库信息爬虫\国际主要科技智库观点演变_研判\03_证据底稿\文本\C-CRDS-FY2025-FR-03.txt,https://www.jst.go.jp/crds/report/CRDS-FY2025-FR-03.html,官方PDF已保存并校验
先进材料、纳米与制造技术,核心科技直接材料,C-CRDS-FY2025-FR-03,2025-12-01,W3,研究開発の俯瞰報告書　論文・特許データ分析（2026年） PDF版,CRDS机构正式研究,C:\Users\WINDOWS\OneDrive\知识库\智库信息爬虫\国际主要科技智库观点演变_研判\03_证据底稿\原文PDF\C-CRDS-FY2025-FR-03.pdf,C:\Users\WINDOWS\OneDrive\知识库\智库信息爬虫\国际主要科技智库观点演变_研判\03_证据底稿\文本\C-CRDS-FY2025-FR-03.txt,https://www.jst.go.jp/crds/report/CRDS-FY2025-FR-03.html,官方PDF已保存并校验
生命科学、生物技术与医疗,核心科技直接材料,C-CRDS-FY2025-FR-03,2025-12-01,W3,研究開発の俯瞰報告書　論文・特許データ分析（2026年） PDF版,CRDS机构正式研究,C:\Users\WINDOWS\OneDrive\知识库\智库信息爬虫\国际主要科技智库观点演变_研判\03_证据底稿\原文PDF\C-CRDS-FY2025-FR-03.pdf,C:\Users\WINDOWS\OneDrive\知识库\智库信息爬虫\国际主要科技智库观点演变_研判\03_证据底稿\文本\C-CRDS-FY2025-FR-03.txt,https://www.jst.go.jp/crds/report/CRDS-FY2025-FR-03.html,官方PDF已保存并校验
能源、环境与绿色转型,核心科技直接材料,C-CRDS-FY2025-FR-03,2025-12-01,W3,研究開発の俯瞰報告書　論文・特許データ分析（2026年） PDF版,CRDS机构正式研究,C:\Users\WINDOWS\OneDrive\知识库\智库信息爬虫\国际主要科技智库观点演变_研判\03_证据底稿\原文PDF\C-CRDS-FY2025-FR-03.pdf,C:\Users\WINDOWS\OneDrive\知识库\智库信息爬虫\国际主要科技智库观点演变_研判\03_证据底稿\文本\C-CRDS-FY2025-FR-03.txt,https://www.jst.go.jp/crds/report/CRDS-FY2025-FR-03.html,官方PDF已保存并校验
科技创新政策、科研体系与人才,核心科技直接材料,C-CRDS-FY2025-FR-03,2025-12-01,W3,研究開発の俯瞰報告書　論文・特許データ分析（2026年） PDF版,CRDS机构正式研究,C:\Users\WINDOWS\OneDrive\知识库\智库信息爬虫\国际主要科技智库观点演变_研判\03_证据底稿\原文PDF\C-CRDS-FY2025-FR-03.pdf,C:\Users\WINDOWS\OneDrive\知识库\智库信息爬虫\国际主要科技智库观点演变_研判\03_证据底稿\文本\C-CRDS-FY2025-FR-03.txt,https://www.jst.go.jp/crds/report/CRDS-FY2025-FR-03.html,官方PDF已保存并校验
研究安全、科技外交与国际比较,核心科技直接材料,C-CRDS-FY2025-FR-03,2025-12-01,W3,研究開発の俯瞰報告書　論文・特許データ分析（2026年） PDF版,CRDS机构正式研究,C:\Users\WINDOWS\OneDrive\知识库\智库信息爬虫\国际主要科技智库观点演变_研判\03_证据底稿\原文PDF\C-CRDS-FY2025-FR-03.pdf,C:\Users\WINDOWS\OneDrive\知识库\智库信息爬虫\国际主要科技智库观点演变_研判\03_证据底稿\文本\C-CRDS-FY2025-FR-03.txt,https://www.jst.go.jp/crds/report/CRDS-FY2025-FR-03.html,官方PDF已保存并校验
中国科技政策与能力比较,核心科技直接材料,C-CRDS-FY2025-FR-03,2025-12-01,W3,研究開発の俯瞰報告書　論文・特許データ分析（2026年） PDF版,CRDS机构正式研究,C:\Users\WINDOWS\OneDrive\知识库\智库信息爬虫\国际主要科技智库观点演变_研判\03_证据底稿\原文PDF\C-CRDS-FY2025-FR-03.pdf,C:\Users\WINDOWS\OneDrive\知识库\智库信息爬虫\国际主要科技智库观点演变_研判\03_证据底稿\文本\C-CRDS-FY2025-FR-03.txt,https://www.jst.go.jp/crds/report/CRDS-FY2025-FR-03.html,官方PDF已保存并校验
人工智能、机器人与计算系统,核心科技直接材料,C-CRDS-FY2025-RR-03,2025-12-01,W3,食料安全保障と栄養安全保障：歴史的背景と世界が目指す方向性,CRDS机构正式研究,C:\Users\WINDOWS\OneDrive\知识库\智库信息爬虫\国际主要科技智库观点演变_研判\03_证据底稿\原文PDF\C-CRDS-FY2025-RR-03.pdf,C:\Users\WINDOWS\OneDrive\知识库\智库信息爬虫\国际主要科技智库观点演变_研判\03_证据底稿\文本\C-CRDS-FY2025-RR-03.txt,https://www.jst.go.jp/crds/report/CRDS-FY2025-RR-03.html,官方PDF已保存并校验
先进材料、纳米与制造技术,核心科技直接材料,C-CRDS-FY2025-RR-03,2025-12-01,W3,食料安全保障と栄養安全保障：歴史的背景と世界が目指す方向性,CRDS机构正式研究,C:\Users\WINDOWS\OneDrive\知识库\智库信息爬虫\国际主要科技智库观点演变_研判\03_证据底稿\原文PDF\C-CRDS-FY2025-RR-03.pdf,C:\Users\WINDOWS\OneDrive\知识库\智库信息爬虫\国际主要科技智库观点演变_研判\03_证据底稿\文本\C-CRDS-FY2025-RR-03.txt,https://www.jst.go.jp/crds/report/CRDS-FY2025-RR-03.html,官方PDF已保存并校验
生命科学、生物技术与医疗,核心科技直接材料,C-CRDS-FY2025-RR-03,2025-12-01,W3,食料安全保障と栄養安全保障：歴史的背景と世界が目指す方向性,CRDS机构正式研究,C:\Users\WINDOWS\OneDrive\知识库\智库信息爬虫\国际主要科技智库观点演变_研判\03_证据底稿\原文PDF\C-CRDS-FY2025-RR-03.pdf,C:\Users\WINDOWS\OneDrive\知识库\智库信息爬虫\国际主要科技智库观点演变_研判\03_证据底稿\文本\C-CRDS-FY2025-RR-03.txt,https://www.jst.go.jp/crds/report/CRDS-FY2025-RR-03.html,官方PDF已保存并校验
能源、环境与绿色转型,核心科技直接材料,C-CRDS-FY2025-RR-03,2025-12-01,W3,食料安全保障と栄養安全保障：歴史的背景と世界が目指す方向性,CRDS机构正式研究,C:\Users\WINDOWS\OneDrive\知识库\智库信息爬虫\国际主要科技智库观点演变_研判\03_证据底稿\原文PDF\C-CRDS-FY2025-RR-03.pdf,C:\Users\WINDOWS\OneDrive\知识库\智库信息爬虫\国际主要科技智库观点演变_研判\03_证据底稿\文本\C-CRDS-FY2025-RR-03.txt,https://www.jst.go.jp/crds/report/CRDS-FY2025-RR-03.html,官方PDF已保存并校验
科技创新政策、科研体系与人才,核心科技直接材料,C-CRDS-FY2025-RR-03,2025-12-01,W3,食料安全保障と栄養安全保障：歴史的背景と世界が目指す方向性,CRDS机构正式研究,C:\Users\WINDOWS\OneDrive\知识库\智库信息爬虫\国际主要科技智库观点演变_研判\03_证据底稿\原文PDF\C-CRDS-FY2025-RR-03.pdf,C:\Users\WINDOWS\OneDrive\知识库\智库信息爬虫\国际主要科技智库观点演变_研判\03_证据底稿\文本\C-CRDS-FY2025-RR-03.txt,https://www.jst.go.jp/crds/report/CRDS-FY2025-RR-03.html,官方PDF已保存并校验
研究安全、科技外交与国际比较,核心科技直接材料,C-CRDS-FY2025-RR-03,2025-12-01,W3,食料安全保障と栄養安全保障：歴史的背景と世界が目指す方向性,CRDS机构正式研究,C:\Users\WINDOWS\OneDrive\知识库\智库信息爬虫\国际主要科技智库观点演变_研判\03_证据底稿\原文PDF\C-CRDS-FY2025-RR-03.pdf,C:\Users\WINDOWS\OneDrive\知识库\智库信息爬虫\国际主要科技智库观点演变_研判\03_证据底稿\文本\C-CRDS-FY2025-RR-03.txt,https://www.jst.go.jp/crds/report/CRDS-FY2025-RR-03.html,官方PDF已保存并校验
人工智能、机器人与计算系统,核心科技直接材料,C-CRDS-FY2025-FR-04,2026-01-01,W3,研究開発の俯瞰報告書　環境・エネルギー分野（2026年）,CRDS机构正式研究,C:\Users\WINDOWS\OneDrive\知识库\智库信息爬虫\国际主要科技智库观点演变_研判\03_证据底稿\原文PDF\C-CRDS-FY2025-FR-04.pdf,C:\Users\WINDOWS\OneDrive\知识库\智库信息爬虫\国际主要科技智库观点演变_研判\03_证据底稿\文本\C-CRDS-FY2025-FR-04.txt,https://www.jst.go.jp/crds/report/CRDS-FY2025-FR-04.html,官方PDF已保存并校验
芯片、量子、通信与网络安全,核心科技直接材料,C-CRDS-FY2025-FR-04,2026-01-01,W3,研究開発の俯瞰報告書　環境・エネルギー分野（2026年）,CRDS机构正式研究,C:\Users\WINDOWS\OneDrive\知识库\智库信息爬虫\国际主要科技智库观点演变_研判\03_证据底稿\原文PDF\C-CRDS-FY2025-FR-04.pdf,C:\Users\WINDOWS\OneDrive\知识库\智库信息爬虫\国际主要科技智库观点演变_研判\03_证据底稿\文本\C-CRDS-FY2025-FR-04.txt,https://www.jst.go.jp/crds/report/CRDS-FY2025-FR-04.html,官方PDF已保存并校验
先进材料、纳米与制造技术,核心科技直接材料,C-CRDS-FY2025-FR-04,2026-01-01,W3,研究開発の俯瞰報告書　環境・エネルギー分野（2026年）,CRDS机构正式研究,C:\Users\WINDOWS\OneDrive\知识库\智库信息爬虫\国际主要科技智库观点演变_研判\03_证据底稿\原文PDF\C-CRDS-FY2025-FR-04.pdf,C:\Users\WINDOWS\OneDrive\知识库\智库信息爬虫\国际主要科技智库观点演变_研判\03_证据底稿\文本\C-CRDS-FY2025-FR-04.txt,https://www.jst.go.jp/crds/report/CRDS-FY2025-FR-04.html,官方PDF已保存并校验
生命科学、生物技术与医疗,核心科技直接材料,C-CRDS-FY2025-FR-04,2026-01-01,W3,研究開発の俯瞰報告書　環境・エネルギー分野（2026年）,CRDS机构正式研究,C:\Users\WINDOWS\OneDrive\知识库\智库信息爬虫\国际主要科技智库观点演变_研判\03_证据底稿\原文PDF\C-CRDS-FY2025-FR-04.pdf,C:\Users\WINDOWS\OneDrive\知识库\智库信息爬虫\国际主要科技智库观点演变_研判\03_证据底稿\文本\C-CRDS-FY2025-FR-04.txt,https://www.jst.go.jp/crds/report/CRDS-FY2025-FR-04.html,官方PDF已保存并校验
能源、环境与绿色转型,核心科技直接材料,C-CRDS-FY2025-FR-04,2026-01-01,W3,研究開発の俯瞰報告書　環境・エネルギー分野（2026年）,CRDS机构正式研究,C:\Users\WINDOWS\OneDrive\知识库\智库信息爬虫\国际主要科技智库观点演变_研判\03_证据底稿\原文PDF\C-CRDS-FY2025-FR-04.pdf,C:\Users\WINDOWS\OneDrive\知识库\智库信息爬虫\国际主要科技智库观点演变_研判\03_证据底稿\文本\C-CRDS-FY2025-FR-04.txt,https://www.jst.go.jp/crds/report/CRDS-FY2025-FR-04.html,官方PDF已保存并校验
科技创新政策、科研体系与人才,核心科技直接材料,C-CRDS-FY2025-FR-04,2026-01-01,W3,研究開発の俯瞰報告書　環境・エネルギー分野（2026年）,CRDS机构正式研究,C:\Users\WINDOWS\OneDrive\知识库\智库信息爬虫\国际主要科技智库观点演变_研判\03_证据底稿\原文PDF\C-CRDS-FY2025-FR-04.pdf,C:\Users\WINDOWS\OneDrive\知识库\智库信息爬虫\国际主要科技智库观点演变_研判\03_证据底稿\文本\C-CRDS-FY2025-FR-04.txt,https://www.jst.go.jp/crds/report/CRDS-FY2025-FR-04.html,官方PDF已保存并校验
研究安全、科技外交与国际比较,核心科技直接材料,C-CRDS-FY2025-FR-04,2026-01-01,W3,研究開発の俯瞰報告書　環境・エネルギー分野（2026年）,CRDS机构正式研究,C:\Users\WINDOWS\OneDrive\知识库\智库信息爬虫\国际主要科技智库观点演变_研判\03_证据底稿\原文PDF\C-CRDS-FY2025-FR-04.pdf,C:\Users\WINDOWS\OneDrive\知识库\智库信息爬虫\国际主要科技智库观点演变_研判\03_证据底稿\文本\C-CRDS-FY2025-FR-04.txt,https://www.jst.go.jp/crds/report/CRDS-FY2025-FR-04.html,官方PDF已保存并校验
人工智能、机器人与计算系统,核心科技直接材料,C-CRDS-FY2025-FR-06,2026-01-01,W3,研究開発の俯瞰報告書　ナノテクノロジー・材料分野（2026年）,CRDS机构正式研究,C:\Users\WINDOWS\OneDrive\知识库\智库信息爬虫\国际主要科技智库观点演变_研判\03_证据底稿\原文PDF\C-CRDS-FY2025-FR-06.pdf,C:\Users\WINDOWS\OneDrive\知识库\智库信息爬虫\国际主要科技智库观点演变_研判\03_证据底稿\文本\C-CRDS-FY2025-FR-06.txt,https://www.jst.go.jp/crds/report/CRDS-FY2025-FR-06.html,官方PDF已保存并校验
芯片、量子、通信与网络安全,核心科技直接材料,C-CRDS-FY2025-FR-06,2026-01-01,W3,研究開発の俯瞰報告書　ナノテクノロジー・材料分野（2026年）,CRDS机构正式研究,C:\Users\WINDOWS\OneDrive\知识库\智库信息爬虫\国际主要科技智库观点演变_研判\03_证据底稿\原文PDF\C-CRDS-FY2025-FR-06.pdf,C:\Users\WINDOWS\OneDrive\知识库\智库信息爬虫\国际主要科技智库观点演变_研判\03_证据底稿\文本\C-CRDS-FY2025-FR-06.txt,https://www.jst.go.jp/crds/report/CRDS-FY2025-FR-06.html,官方PDF已保存并校验
先进材料、纳米与制造技术,核心科技直接材料,C-CRDS-FY2025-FR-06,2026-01-01,W3,研究開発の俯瞰報告書　ナノテクノロジー・材料分野（2026年）,CRDS机构正式研究,C:\Users\WINDOWS\OneDrive\知识库\智库信息爬虫\国际主要科技智库观点演变_研判\03_证据底稿\原文PDF\C-CRDS-FY2025-FR-06.pdf,C:\Users\WINDOWS\OneDrive\知识库\智库信息爬虫\国际主要科技智库观点演变_研判\03_证据底稿\文本\C-CRDS-FY2025-FR-06.txt,https://www.jst.go.jp/crds/report/CRDS-FY2025-FR-06.html,官方PDF已保存并校验
生命科学、生物技术与医疗,核心科技直接材料,C-CRDS-FY2025-FR-06,2026-01-01,W3,研究開発の俯瞰報告書　ナノテクノロジー・材料分野（2026年）,CRDS机构正式研究,C:\Users\WINDOWS\OneDrive\知识库\智库信息爬虫\国际主要科技智库观点演变_研判\03_证据底稿\原文PDF\C-CRDS-FY2025-FR-06.pdf,C:\Users\WINDOWS\OneDrive\知识库\智库信息爬虫\国际主要科技智库观点演变_研判\03_证据底稿\文本\C-CRDS-FY2025-FR-06.txt,https://www.jst.go.jp/crds/report/CRDS-FY2025-FR-06.html,官方PDF已保存并校验
能源、环境与绿色转型,核心科技直接材料,C-CRDS-FY2025-FR-06,2026-01-01,W3,研究開発の俯瞰報告書　ナノテクノロジー・材料分野（2026年）,CRDS机构正式研究,C:\Users\WINDOWS\OneDrive\知识库\智库信息爬虫\国际主要科技智库观点演变_研判\03_证据底稿\原文PDF\C-CRDS-FY2025-FR-06.pdf,C:\Users\WINDOWS\OneDrive\知识库\智库信息爬虫\国际主要科技智库观点演变_研判\03_证据底稿\文本\C-CRDS-FY2025-FR-06.txt,https://www.jst.go.jp/crds/report/CRDS-FY2025-FR-06.html,官方PDF已保存并校验
科技创新政策、科研体系与人才,核心科技直接材料,C-CRDS-FY2025-FR-06,2026-01-01,W3,研究開発の俯瞰報告書　ナノテクノロジー・材料分野（2026年）,CRDS机构正式研究,C:\Users\WINDOWS\OneDrive\知识库\智库信息爬虫\国际主要科技智库观点演变_研判\03_证据底稿\原文PDF\C-CRDS-FY2025-FR-06.pdf,C:\Users\WINDOWS\OneDrive\知识库\智库信息爬虫\国际主要科技智库观点演变_研判\03_证据底稿\文本\C-CRDS-FY2025-FR-06.txt,https://www.jst.go.jp/crds/report/CRDS-FY2025-FR-06.html,官方PDF已保存并校验
研究安全、科技外交与国际比较,核心科技直接材料,C-CRDS-FY2025-FR-06,2026-01-01,W3,研究開発の俯瞰報告書　ナノテクノロジー・材料分野（2026年）,CRDS机构正式研究,C:\Users\WINDOWS\OneDrive\知识库\智库信息爬虫\国际主要科技智库观点演变_研判\03_证据底稿\原文PDF\C-CRDS-FY2025-FR-06.pdf,C:\Users\WINDOWS\OneDrive\知识库\智库信息爬虫\国际主要科技智库观点演变_研判\03_证据底稿\文本\C-CRDS-FY2025-FR-06.txt,https://www.jst.go.jp/crds/report/CRDS-FY2025-FR-06.html,官方PDF已保存并校验
人工智能、机器人与计算系统,核心科技直接材料,C-CRDS-FY2025-FR-07,2026-01-01,W3,研究開発の俯瞰報告書　ライフサイエンス・臨床医学分野（2026年）,CRDS机构正式研究,C:\Users\WINDOWS\OneDrive\知识库\智库信息爬虫\国际主要科技智库观点演变_研判\03_证据底稿\原文PDF\C-CRDS-FY2025-FR-07.pdf,C:\Users\WINDOWS\OneDrive\知识库\智库信息爬虫\国际主要科技智库观点演变_研判\03_证据底稿\文本\C-CRDS-FY2025-FR-07.txt,https://www.jst.go.jp/crds/report/CRDS-FY2025-FR-07.html,官方PDF已保存并校验
先进材料、纳米与制造技术,核心科技直接材料,C-CRDS-FY2025-FR-07,2026-01-01,W3,研究開発の俯瞰報告書　ライフサイエンス・臨床医学分野（2026年）,CRDS机构正式研究,C:\Users\WINDOWS\OneDrive\知识库\智库信息爬虫\国际主要科技智库观点演变_研判\03_证据底稿\原文PDF\C-CRDS-FY2025-FR-07.pdf,C:\Users\WINDOWS\OneDrive\知识库\智库信息爬虫\国际主要科技智库观点演变_研判\03_证据底稿\文本\C-CRDS-FY2025-FR-07.txt,https://www.jst.go.jp/crds/report/CRDS-FY2025-FR-07.html,官方PDF已保存并校验
生命科学、生物技术与医疗,核心科技直接材料,C-CRDS-FY2025-FR-07,2026-01-01,W3,研究開発の俯瞰報告書　ライフサイエンス・臨床医学分野（2026年）,CRDS机构正式研究,C:\Users\WINDOWS\OneDrive\知识库\智库信息爬虫\国际主要科技智库观点演变_研判\03_证据底稿\原文PDF\C-CRDS-FY2025-FR-07.pdf,C:\Users\WINDOWS\OneDrive\知识库\智库信息爬虫\国际主要科技智库观点演变_研判\03_证据底稿\文本\C-CRDS-FY2025-FR-07.txt,https://www.jst.go.jp/crds/report/CRDS-FY2025-FR-07.html,官方PDF已保存并校验
能源、环境与绿色转型,核心科技直接材料,C-CRDS-FY2025-FR-07,2026-01-01,W3,研究開発の俯瞰報告書　ライフサイエンス・臨床医学分野（2026年）,CRDS机构正式研究,C:\Users\WINDOWS\OneDrive\知识库\智库信息爬虫\国际主要科技智库观点演变_研判\03_证据底稿\原文PDF\C-CRDS-FY2025-FR-07.pdf,C:\Users\WINDOWS\OneDrive\知识库\智库信息爬虫\国际主要科技智库观点演变_研判\03_证据底稿\文本\C-CRDS-FY2025-FR-07.txt,https://www.jst.go.jp/crds/report/CRDS-FY2025-FR-07.html,官方PDF已保存并校验
科技创新政策、科研体系与人才,核心科技直接材料,C-CRDS-FY2025-FR-07,2026-01-01,W3,研究開発の俯瞰報告書　ライフサイエンス・臨床医学分野（2026年）,CRDS机构正式研究,C:\Users\WINDOWS\OneDrive\知识库\智库信息爬虫\国际主要科技智库观点演变_研判\03_证据底稿\原文PDF\C-CRDS-FY2025-FR-07.pdf,C:\Users\WINDOWS\OneDrive\知识库\智库信息爬虫\国际主要科技智库观点演变_研判\03_证据底稿\文本\C-CRDS-FY2025-FR-07.txt,https://www.jst.go.jp/crds/report/CRDS-FY2025-FR-07.html,官方PDF已保存并校验
研究安全、科技外交与国际比较,核心科技直接材料,C-CRDS-FY2025-FR-07,2026-01-01,W3,研究開発の俯瞰報告書　ライフサイエンス・臨床医学分野（2026年）,CRDS机构正式研究,C:\Users\WINDOWS\OneDrive\知识库\智库信息爬虫\国际主要科技智库观点演变_研判\03_证据底稿\原文PDF\C-CRDS-FY2025-FR-07.pdf,C:\Users\WINDOWS\OneDrive\知识库\智库信息爬虫\国际主要科技智库观点演变_研判\03_证据底稿\文本\C-CRDS-FY2025-FR-07.txt,https://www.jst.go.jp/crds/report/CRDS-FY2025-FR-07.html,官方PDF已保存并校验
人工智能、机器人与计算系统,核心科技直接材料,C-CRDS-FY2025-SP-03,2026-01-01,W3,セックスとジェンダーを考慮した研究開発・イノベーションの推進 －ジェンダード・イノベーションの実現に向けて－,CRDS机构正式研究,C:\Users\WINDOWS\OneDrive\知识库\智库信息爬虫\国际主要科技智库观点演变_研判\03_证据底稿\原文PDF\C-CRDS-FY2025-SP-03.pdf,C:\Users\WINDOWS\OneDrive\知识库\智库信息爬虫\国际主要科技智库观点演变_研判\03_证据底稿\文本\C-CRDS-FY2025-SP-03.txt,https://www.jst.go.jp/crds/report/CRDS-FY2025-SP-03.html,官方PDF已保存并校验
先进材料、纳米与制造技术,核心科技直接材料,C-CRDS-FY2025-SP-03,2026-01-01,W3,セックスとジェンダーを考慮した研究開発・イノベーションの推進 －ジェンダード・イノベーションの実現に向けて－,CRDS机构正式研究,C:\Users\WINDOWS\OneDrive\知识库\智库信息爬虫\国际主要科技智库观点演变_研判\03_证据底稿\原文PDF\C-CRDS-FY2025-SP-03.pdf,C:\Users\WINDOWS\OneDrive\知识库\智库信息爬虫\国际主要科技智库观点演变_研判\03_证据底稿\文本\C-CRDS-FY2025-SP-03.txt,https://www.jst.go.jp/crds/report/CRDS-FY2025-SP-03.html,官方PDF已保存并校验
生命科学、生物技术与医疗,核心科技直接材料,C-CRDS-FY2025-SP-03,2026-01-01,W3,セックスとジェンダーを考慮した研究開発・イノベーションの推進 －ジェンダード・イノベーションの実現に向けて－,CRDS机构正式研究,C:\Users\WINDOWS\OneDrive\知识库\智库信息爬虫\国际主要科技智库观点演变_研判\03_证据底稿\原文PDF\C-CRDS-FY2025-SP-03.pdf,C:\Users\WINDOWS\OneDrive\知识库\智库信息爬虫\国际主要科技智库观点演变_研判\03_证据底稿\文本\C-CRDS-FY2025-SP-03.txt,https://www.jst.go.jp/crds/report/CRDS-FY2025-SP-03.html,官方PDF已保存并校验
能源、环境与绿色转型,核心科技直接材料,C-CRDS-FY2025-SP-03,2026-01-01,W3,セックスとジェンダーを考慮した研究開発・イノベーションの推進 －ジェンダード・イノベーションの実現に向けて－,CRDS机构正式研究,C:\Users\WINDOWS\OneDrive\知识库\智库信息爬虫\国际主要科技智库观点演变_研判\03_证据底稿\原文PDF\C-CRDS-FY2025-SP-03.pdf,C:\Users\WINDOWS\OneDrive\知识库\智库信息爬虫\国际主要科技智库观点演变_研判\03_证据底稿\文本\C-CRDS-FY2025-SP-03.txt,https://www.jst.go.jp/crds/report/CRDS-FY2025-SP-03.html,官方PDF已保存并校验
科技创新政策、科研体系与人才,核心科技直接材料,C-CRDS-FY2025-SP-03,2026-01-01,W3,セックスとジェンダーを考慮した研究開発・イノベーションの推進 －ジェンダード・イノベーションの実現に向けて－,CRDS机构正式研究,C:\Users\WINDOWS\OneDrive\知识库\智库信息爬虫\国际主要科技智库观点演变_研判\03_证据底稿\原文PDF\C-CRDS-FY2025-SP-03.pdf,C:\Users\WINDOWS\OneDrive\知识库\智库信息爬虫\国际主要科技智库观点演变_研判\03_证据底稿\文本\C-CRDS-FY2025-SP-03.txt,https://www.jst.go.jp/crds/report/CRDS-FY2025-SP-03.html,官方PDF已保存并校验
研究安全、科技外交与国际比较,核心科技直接材料,C-CRDS-FY2025-SP-03,2026-01-01,W3,セックスとジェンダーを考慮した研究開発・イノベーションの推進 －ジェンダード・イノベーションの実現に向けて－,CRDS机构正式研究,C:\Users\WINDOWS\OneDrive\知识库\智库信息爬虫\国际主要科技智库观点演变_研判\03_证据底稿\原文PDF\C-CRDS-FY2025-SP-03.pdf,C:\Users\WINDOWS\OneDrive\知识库\智库信息爬虫\国际主要科技智库观点演变_研判\03_证据底稿\文本\C-CRDS-FY2025-SP-03.txt,https://www.jst.go.jp/crds/report/CRDS-FY2025-SP-03.html,官方PDF已保存并校验
人工智能、机器人与计算系统,核心科技直接材料,C-CRDS-FY2025-XR-10,2026-01-01,W3,日本語仮訳：先端材料の未来を導く：戦略的インテリジェンスの実践　経済協力開発機構（OECD）科学技術産業ポリシーペーパー（185号）,CRDS机构正式研究,C:\Users\WINDOWS\OneDrive\知识库\智库信息爬虫\国际主要科技智库观点演变_研判\03_证据底稿\原文PDF\C-CRDS-FY2025-XR-10.pdf,C:\Users\WINDOWS\OneDrive\知识库\智库信息爬虫\国际主要科技智库观点演变_研判\03_证据底稿\文本\C-CRDS-FY2025-XR-10.txt,https://www.jst.go.jp/crds/report/CRDS-FY2025-XR-10.html,官方PDF已保存并校验
先进材料、纳米与制造技术,核心科技直接材料,C-CRDS-FY2025-XR-10,2026-01-01,W3,日本語仮訳：先端材料の未来を導く：戦略的インテリジェンスの実践　経済協力開発機構（OECD）科学技術産業ポリシーペーパー（185号）,CRDS机构正式研究,C:\Users\WINDOWS\OneDrive\知识库\智库信息爬虫\国际主要科技智库观点演变_研判\03_证据底稿\原文PDF\C-CRDS-FY2025-XR-10.pdf,C:\Users\WINDOWS\OneDrive\知识库\智库信息爬虫\国际主要科技智库观点演变_研判\03_证据底稿\文本\C-CRDS-FY2025-XR-10.txt,https://www.jst.go.jp/crds/report/CRDS-FY2025-XR-10.html,官方PDF已保存并校验
生命科学、生物技术与医疗,核心科技直接材料,C-CRDS-FY2025-XR-10,2026-01-01,W3,日本語仮訳：先端材料の未来を導く：戦略的インテリジェンスの実践　経済協力開発機構（OECD）科学技術産業ポリシーペーパー（185号）,CRDS机构正式研究,C:\Users\WINDOWS\OneDrive\知识库\智库信息爬虫\国际主要科技智库观点演变_研判\03_证据底稿\原文PDF\C-CRDS-FY2025-XR-10.pdf,C:\Users\WINDOWS\OneDrive\知识库\智库信息爬虫\国际主要科技智库观点演变_研判\03_证据底稿\文本\C-CRDS-FY2025-XR-10.txt,https://www.jst.go.jp/crds/report/CRDS-FY2025-XR-10.html,官方PDF已保存并校验
能源、环境与绿色转型,核心科技直接材料,C-CRDS-FY2025-XR-10,2026-01-01,W3,日本語仮訳：先端材料の未来を導く：戦略的インテリジェンスの実践　経済協力開発機構（OECD）科学技術産業ポリシーペーパー（185号）,CRDS机构正式研究,C:\Users\WINDOWS\OneDrive\知识库\智库信息爬虫\国际主要科技智库观点演变_研判\03_证据底稿\原文PDF\C-CRDS-FY2025-XR-10.pdf,C:\Users\WINDOWS\OneDrive\知识库\智库信息爬虫\国际主要科技智库观点演变_研判\03_证据底稿\文本\C-CRDS-FY2025-XR-10.txt,https://www.jst.go.jp/crds/report/CRDS-FY2025-XR-10.html,官方PDF已保存并校验
科技创新政策、科研体系与人才,核心科技直接材料,C-CRDS-FY2025-XR-10,2026-01-01,W3,日本語仮訳：先端材料の未来を導く：戦略的インテリジェンスの実践　経済協力開発機構（OECD）科学技術産業ポリシーペーパー（185号）,CRDS机构正式研究,C:\Users\WINDOWS\OneDrive\知识库\智库信息爬虫\国际主要科技智库观点演变_研判\03_证据底稿\原文PDF\C-CRDS-FY2025-XR-10.pdf,C:\Users\WINDOWS\OneDrive\知识库\智库信息爬虫\国际主要科技智库观点演变_研判\03_证据底稿\文本\C-CRDS-FY2025-XR-10.txt,https://www.jst.go.jp/crds/report/CRDS-FY2025-XR-10.html,官方PDF已保存并校验
研究安全、科技外交与国际比较,核心科技直接材料,C-CRDS-FY2025-XR-10,2026-01-01,W3,日本語仮訳：先端材料の未来を導く：戦略的インテリジェンスの実践　経済協力開発機構（OECD）科学技術産業ポリシーペーパー（185号）,CRDS机构正式研究,C:\Users\WINDOWS\OneDrive\知识库\智库信息爬虫\国际主要科技智库观点演变_研判\03_证据底稿\原文PDF\C-CRDS-FY2025-XR-10.pdf,C:\Users\WINDOWS\OneDrive\知识库\智库信息爬虫\国际主要科技智库观点演变_研判\03_证据底稿\文本\C-CRDS-FY2025-XR-10.txt,https://www.jst.go.jp/crds/report/CRDS-FY2025-XR-10.html,官方PDF已保存并校验
人工智能、机器人与计算系统,核心科技直接材料,C-CRDS-FY2025-XR-11,2026-01-01,W3,日本語仮訳：科学技術政策へのシチズンサイエンスの組み込み　経済協力開発機構（OECD）科学技術産業ポリシーペーパー（175号）,CRDS机构正式研究,C:\Users\WINDOWS\OneDrive\知识库\智库信息爬虫\国际主要科技智库观点演变_研判\03_证据底稿\原文PDF\C-CRDS-FY2025-XR-11.pdf,C:\Users\WINDOWS\OneDrive\知识库\智库信息爬虫\国际主要科技智库观点演变_研判\03_证据底稿\文本\C-CRDS-FY2025-XR-11.txt,https://www.jst.go.jp/crds/report/CRDS-FY2025-XR-11.html,官方PDF已保存并校验
芯片、量子、通信与网络安全,核心科技直接材料,C-CRDS-FY2025-XR-11,2026-01-01,W3,日本語仮訳：科学技術政策へのシチズンサイエンスの組み込み　経済協力開発機構（OECD）科学技術産業ポリシーペーパー（175号）,CRDS机构正式研究,C:\Users\WINDOWS\OneDrive\知识库\智库信息爬虫\国际主要科技智库观点演变_研判\03_证据底稿\原文PDF\C-CRDS-FY2025-XR-11.pdf,C:\Users\WINDOWS\OneDrive\知识库\智库信息爬虫\国际主要科技智库观点演变_研判\03_证据底稿\文本\C-CRDS-FY2025-XR-11.txt,https://www.jst.go.jp/crds/report/CRDS-FY2025-XR-11.html,官方PDF已保存并校验
先进材料、纳米与制造技术,核心科技直接材料,C-CRDS-FY2025-XR-11,2026-01-01,W3,日本語仮訳：科学技術政策へのシチズンサイエンスの組み込み　経済協力開発機構（OECD）科学技術産業ポリシーペーパー（175号）,CRDS机构正式研究,C:\Users\WINDOWS\OneDrive\知识库\智库信息爬虫\国际主要科技智库观点演变_研判\03_证据底稿\原文PDF\C-CRDS-FY2025-XR-11.pdf,C:\Users\WINDOWS\OneDrive\知识库\智库信息爬虫\国际主要科技智库观点演变_研判\03_证据底稿\文本\C-CRDS-FY2025-XR-11.txt,https://www.jst.go.jp/crds/report/CRDS-FY2025-XR-11.html,官方PDF已保存并校验
生命科学、生物技术与医疗,核心科技直接材料,C-CRDS-FY2025-XR-11,2026-01-01,W3,日本語仮訳：科学技術政策へのシチズンサイエンスの組み込み　経済協力開発機構（OECD）科学技術産業ポリシーペーパー（175号）,CRDS机构正式研究,C:\Users\WINDOWS\OneDrive\知识库\智库信息爬虫\国际主要科技智库观点演变_研判\03_证据底稿\原文PDF\C-CRDS-FY2025-XR-11.pdf,C:\Users\WINDOWS\OneDrive\知识库\智库信息爬虫\国际主要科技智库观点演变_研判\03_证据底稿\文本\C-CRDS-FY2025-XR-11.txt,https://www.jst.go.jp/crds/report/CRDS-FY2025-XR-11.html,官方PDF已保存并校验
能源、环境与绿色转型,核心科技直接材料,C-CRDS-FY2025-XR-11,2026-01-01,W3,日本語仮訳：科学技術政策へのシチズンサイエンスの組み込み　経済協力開発機構（OECD）科学技術産業ポリシーペーパー（175号）,CRDS机构正式研究,C:\Users\WINDOWS\OneDrive\知识库\智库信息爬虫\国际主要科技智库观点演变_研判\03_证据底稿\原文PDF\C-CRDS-FY2025-XR-11.pdf,C:\Users\WINDOWS\OneDrive\知识库\智库信息爬虫\国际主要科技智库观点演变_研判\03_证据底稿\文本\C-CRDS-FY2025-XR-11.txt,https://www.jst.go.jp/crds/report/CRDS-FY2025-XR-11.html,官方PDF已保存并校验
科技创新政策、科研体系与人才,核心科技直接材料,C-CRDS-FY2025-XR-11,2026-01-01,W3,日本語仮訳：科学技術政策へのシチズンサイエンスの組み込み　経済協力開発機構（OECD）科学技術産業ポリシーペーパー（175号）,CRDS机构正式研究,C:\Users\WINDOWS\OneDrive\知识库\智库信息爬虫\国际主要科技智库观点演变_研判\03_证据底稿\原文PDF\C-CRDS-FY2025-XR-11.pdf,C:\Users\WINDOWS\OneDrive\知识库\智库信息爬虫\国际主要科技智库观点演变_研判\03_证据底稿\文本\C-CRDS-FY2025-XR-11.txt,https://www.jst.go.jp/crds/report/CRDS-FY2025-XR-11.html,官方PDF已保存并校验
研究安全、科技外交与国际比较,核心科技直接材料,C-CRDS-FY2025-XR-11,2026-01-01,W3,日本語仮訳：科学技術政策へのシチズンサイエンスの組み込み　経済協力開発機構（OECD）科学技術産業ポリシーペーパー（175号）,CRDS机构正式研究,C:\Users\WINDOWS\OneDrive\知识库\智库信息爬虫\国际主要科技智库观点演变_研判\03_证据底稿\原文PDF\C-CRDS-FY2025-XR-11.pdf,C:\Users\WINDOWS\OneDrive\知识库\智库信息爬虫\国际主要科技智库观点演变_研判\03_证据底稿\文本\C-CRDS-FY2025-XR-11.txt,https://www.jst.go.jp/crds/report/CRDS-FY2025-XR-11.html,官方PDF已保存并校验
人工智能、机器人与计算系统,核心科技直接材料,C-CRDS-FY2025-RR-04,2026-02-01,W3,研究評価の国際動向,CRDS机构正式研究,C:\Users\WINDOWS\OneDrive\知识库\智库信息爬虫\国际主要科技智库观点演变_研判\03_证据底稿\原文PDF\C-CRDS-FY2025-RR-04.pdf,C:\Users\WINDOWS\OneDrive\知识库\智库信息爬虫\国际主要科技智库观点演变_研判\03_证据底稿\文本\C-CRDS-FY2025-RR-04.txt,https://www.jst.go.jp/crds/report/CRDS-FY2025-RR-04.html,官方PDF已保存并校验
先进材料、纳米与制造技术,核心科技直接材料,C-CRDS-FY2025-RR-04,2026-02-01,W3,研究評価の国際動向,CRDS机构正式研究,C:\Users\WINDOWS\OneDrive\知识库\智库信息爬虫\国际主要科技智库观点演变_研判\03_证据底稿\原文PDF\C-CRDS-FY2025-RR-04.pdf,C:\Users\WINDOWS\OneDrive\知识库\智库信息爬虫\国际主要科技智库观点演变_研判\03_证据底稿\文本\C-CRDS-FY2025-RR-04.txt,https://www.jst.go.jp/crds/report/CRDS-FY2025-RR-04.html,官方PDF已保存并校验
生命科学、生物技术与医疗,核心科技直接材料,C-CRDS-FY2025-RR-04,2026-02-01,W3,研究評価の国際動向,CRDS机构正式研究,C:\Users\WINDOWS\OneDrive\知识库\智库信息爬虫\国际主要科技智库观点演变_研判\03_证据底稿\原文PDF\C-CRDS-FY2025-RR-04.pdf,C:\Users\WINDOWS\OneDrive\知识库\智库信息爬虫\国际主要科技智库观点演变_研判\03_证据底稿\文本\C-CRDS-FY2025-RR-04.txt,https://www.jst.go.jp/crds/report/CRDS-FY2025-RR-04.html,官方PDF已保存并校验
能源、环境与绿色转型,核心科技直接材料,C-CRDS-FY2025-RR-04,2026-02-01,W3,研究評価の国際動向,CRDS机构正式研究,C:\Users\WINDOWS\OneDrive\知识库\智库信息爬虫\国际主要科技智库观点演变_研判\03_证据底稿\原文PDF\C-CRDS-FY2025-RR-04.pdf,C:\Users\WINDOWS\OneDrive\知识库\智库信息爬虫\国际主要科技智库观点演变_研判\03_证据底稿\文本\C-CRDS-FY2025-RR-04.txt,https://www.jst.go.jp/crds/report/CRDS-FY2025-RR-04.html,官方PDF已保存并校验
科技创新政策、科研体系与人才,核心科技直接材料,C-CRDS-FY2025-RR-04,2026-02-01,W3,研究評価の国際動向,CRDS机构正式研究,C:\Users\WINDOWS\OneDrive\知识库\智库信息爬虫\国际主要科技智库观点演变_研判\03_证据底稿\原文PDF\C-CRDS-FY2025-RR-04.pdf,C:\Users\WINDOWS\OneDrive\知识库\智库信息爬虫\国际主要科技智库观点演变_研判\03_证据底稿\文本\C-CRDS-FY2025-RR-04.txt,https://www.jst.go.jp/crds/report/CRDS-FY2025-RR-04.html,官方PDF已保存并校验
研究安全、科技外交与国际比较,核心科技直接材料,C-CRDS-FY2025-RR-04,2026-02-01,W3,研究評価の国際動向,CRDS机构正式研究,C:\Users\WINDOWS\OneDrive\知识库\智库信息爬虫\国际主要科技智库观点演变_研判\03_证据底稿\原文PDF\C-CRDS-FY2025-RR-04.pdf,C:\Users\WINDOWS\OneDrive\知识库\智库信息爬虫\国际主要科技智库观点演变_研判\03_证据底稿\文本\C-CRDS-FY2025-RR-04.txt,https://www.jst.go.jp/crds/report/CRDS-FY2025-RR-04.html,官方PDF已保存并校验
人工智能、机器人与计算系统,核心科技直接材料,C-CRDS-FY2025-RR-05,2026-02-01,W3,AI for Scienceの動向2026 ─ AIトランスフォーメーションに伴う科学技術・イノベーションの変容（—The Beyond Disciplines Collection—）,CRDS机构正式研究,C:\Users\WINDOWS\OneDrive\知识库\智库信息爬虫\国际主要科技智库观点演变_研判\03_证据底稿\原文PDF\C-CRDS-FY2025-RR-05.pdf,C:\Users\WINDOWS\OneDrive\知识库\智库信息爬虫\国际主要科技智库观点演变_研判\03_证据底稿\文本\C-CRDS-FY2025-RR-05.txt,https://www.jst.go.jp/crds/report/CRDS-FY2025-RR-05.html,官方PDF已保存并校验
芯片、量子、通信与网络安全,核心科技直接材料,C-CRDS-FY2025-RR-05,2026-02-01,W3,AI for Scienceの動向2026 ─ AIトランスフォーメーションに伴う科学技術・イノベーションの変容（—The Beyond Disciplines Collection—）,CRDS机构正式研究,C:\Users\WINDOWS\OneDrive\知识库\智库信息爬虫\国际主要科技智库观点演变_研判\03_证据底稿\原文PDF\C-CRDS-FY2025-RR-05.pdf,C:\Users\WINDOWS\OneDrive\知识库\智库信息爬虫\国际主要科技智库观点演变_研判\03_证据底稿\文本\C-CRDS-FY2025-RR-05.txt,https://www.jst.go.jp/crds/report/CRDS-FY2025-RR-05.html,官方PDF已保存并校验
先进材料、纳米与制造技术,核心科技直接材料,C-CRDS-FY2025-RR-05,2026-02-01,W3,AI for Scienceの動向2026 ─ AIトランスフォーメーションに伴う科学技術・イノベーションの変容（—The Beyond Disciplines Collection—）,CRDS机构正式研究,C:\Users\WINDOWS\OneDrive\知识库\智库信息爬虫\国际主要科技智库观点演变_研判\03_证据底稿\原文PDF\C-CRDS-FY2025-RR-05.pdf,C:\Users\WINDOWS\OneDrive\知识库\智库信息爬虫\国际主要科技智库观点演变_研判\03_证据底稿\文本\C-CRDS-FY2025-RR-05.txt,https://www.jst.go.jp/crds/report/CRDS-FY2025-RR-05.html,官方PDF已保存并校验
生命科学、生物技术与医疗,核心科技直接材料,C-CRDS-FY2025-RR-05,2026-02-01,W3,AI for Scienceの動向2026 ─ AIトランスフォーメーションに伴う科学技術・イノベーションの変容（—The Beyond Disciplines Collection—）,CRDS机构正式研究,C:\Users\WINDOWS\OneDrive\知识库\智库信息爬虫\国际主要科技智库观点演变_研判\03_证据底稿\原文PDF\C-CRDS-FY2025-RR-05.pdf,C:\Users\WINDOWS\OneDrive\知识库\智库信息爬虫\国际主要科技智库观点演变_研判\03_证据底稿\文本\C-CRDS-FY2025-RR-05.txt,https://www.jst.go.jp/crds/report/CRDS-FY2025-RR-05.html,官方PDF已保存并校验
能源、环境与绿色转型,核心科技直接材料,C-CRDS-FY2025-RR-05,2026-02-01,W3,AI for Scienceの動向2026 ─ AIトランスフォーメーションに伴う科学技術・イノベーションの変容（—The Beyond Disciplines Collection—）,CRDS机构正式研究,C:\Users\WINDOWS\OneDrive\知识库\智库信息爬虫\国际主要科技智库观点演变_研判\03_证据底稿\原文PDF\C-CRDS-FY2025-RR-05.pdf,C:\Users\WINDOWS\OneDrive\知识库\智库信息爬虫\国际主要科技智库观点演变_研判\03_证据底稿\文本\C-CRDS-FY2025-RR-05.txt,https://www.jst.go.jp/crds/report/CRDS-FY2025-RR-05.html,官方PDF已保存并校验
科技创新政策、科研体系与人才,核心科技直接材料,C-CRDS-FY2025-RR-05,2026-02-01,W3,AI for Scienceの動向2026 ─ AIトランスフォーメーションに伴う科学技術・イノベーションの変容（—The Beyond Disciplines Collection—）,CRDS机构正式研究,C:\Users\WINDOWS\OneDrive\知识库\智库信息爬虫\国际主要科技智库观点演变_研判\03_证据底稿\原文PDF\C-CRDS-FY2025-RR-05.pdf,C:\Users\WINDOWS\OneDrive\知识库\智库信息爬虫\国际主要科技智库观点演变_研判\03_证据底稿\文本\C-CRDS-FY2025-RR-05.txt,https://www.jst.go.jp/crds/report/CRDS-FY2025-RR-05.html,官方PDF已保存并校验
研究安全、科技外交与国际比较,核心科技直接材料,C-CRDS-FY2025-RR-05,2026-02-01,W3,AI for Scienceの動向2026 ─ AIトランスフォーメーションに伴う科学技術・イノベーションの変容（—The Beyond Disciplines Collection—）,CRDS机构正式研究,C:\Users\WINDOWS\OneDrive\知识库\智库信息爬虫\国际主要科技智库观点演变_研判\03_证据底稿\原文PDF\C-CRDS-FY2025-RR-05.pdf,C:\Users\WINDOWS\OneDrive\知识库\智库信息爬虫\国际主要科技智库观点演变_研判\03_证据底稿\文本\C-CRDS-FY2025-RR-05.txt,https://www.jst.go.jp/crds/report/CRDS-FY2025-RR-05.html,官方PDF已保存并校验
人工智能、机器人与计算系统,核心科技直接材料,C-CRDS-FY2025-SP-04,2026-02-01,W3,乱れを活かす材料科学,CRDS机构正式研究,C:\Users\WINDOWS\OneDrive\知识库\智库信息爬虫\国际主要科技智库观点演变_研判\03_证据底稿\原文PDF\C-CRDS-FY2025-SP-04.pdf,C:\Users\WINDOWS\OneDrive\知识库\智库信息爬虫\国际主要科技智库观点演变_研判\03_证据底稿\文本\C-CRDS-FY2025-SP-04.txt,https://www.jst.go.jp/crds/report/CRDS-FY2025-SP-04.html,官方PDF已保存并校验
先进材料、纳米与制造技术,核心科技直接材料,C-CRDS-FY2025-SP-04,2026-02-01,W3,乱れを活かす材料科学,CRDS机构正式研究,C:\Users\WINDOWS\OneDrive\知识库\智库信息爬虫\国际主要科技智库观点演变_研判\03_证据底稿\原文PDF\C-CRDS-FY2025-SP-04.pdf,C:\Users\WINDOWS\OneDrive\知识库\智库信息爬虫\国际主要科技智库观点演变_研判\03_证据底稿\文本\C-CRDS-FY2025-SP-04.txt,https://www.jst.go.jp/crds/report/CRDS-FY2025-SP-04.html,官方PDF已保存并校验
生命科学、生物技术与医疗,核心科技直接材料,C-CRDS-FY2025-SP-04,2026-02-01,W3,乱れを活かす材料科学,CRDS机构正式研究,C:\Users\WINDOWS\OneDrive\知识库\智库信息爬虫\国际主要科技智库观点演变_研判\03_证据底稿\原文PDF\C-CRDS-FY2025-SP-04.pdf,C:\Users\WINDOWS\OneDrive\知识库\智库信息爬虫\国际主要科技智库观点演变_研判\03_证据底稿\文本\C-CRDS-FY2025-SP-04.txt,https://www.jst.go.jp/crds/report/CRDS-FY2025-SP-04.html,官方PDF已保存并校验
能源、环境与绿色转型,核心科技直接材料,C-CRDS-FY2025-SP-04,2026-02-01,W3,乱れを活かす材料科学,CRDS机构正式研究,C:\Users\WINDOWS\OneDrive\知识库\智库信息爬虫\国际主要科技智库观点演变_研判\03_证据底稿\原文PDF\C-CRDS-FY2025-SP-04.pdf,C:\Users\WINDOWS\OneDrive\知识库\智库信息爬虫\国际主要科技智库观点演变_研判\03_证据底稿\文本\C-CRDS-FY2025-SP-04.txt,https://www.jst.go.jp/crds/report/CRDS-FY2025-SP-04.html,官方PDF已保存并校验
科技创新政策、科研体系与人才,核心科技直接材料,C-CRDS-FY2025-SP-04,2026-02-01,W3,乱れを活かす材料科学,CRDS机构正式研究,C:\Users\WINDOWS\OneDrive\知识库\智库信息爬虫\国际主要科技智库观点演变_研判\03_证据底稿\原文PDF\C-CRDS-FY2025-SP-04.pdf,C:\Users\WINDOWS\OneDrive\知识库\智库信息爬虫\国际主要科技智库观点演变_研判\03_证据底稿\文本\C-CRDS-FY2025-SP-04.txt,https://www.jst.go.jp/crds/report/CRDS-FY2025-SP-04.html,官方PDF已保存并校验
研究安全、科技外交与国际比较,核心科技直接材料,C-CRDS-FY2025-SP-04,2026-02-01,W3,乱れを活かす材料科学,CRDS机构正式研究,C:\Users\WINDOWS\OneDrive\知识库\智库信息爬虫\国际主要科技智库观点演变_研判\03_证据底稿\原文PDF\C-CRDS-FY2025-SP-04.pdf,C:\Users\WINDOWS\OneDrive\知识库\智库信息爬虫\国际主要科技智库观点演变_研判\03_证据底稿\文本\C-CRDS-FY2025-SP-04.txt,https://www.jst.go.jp/crds/report/CRDS-FY2025-SP-04.html,官方PDF已保存并校验
人工智能、机器人与计算系统,核心科技直接材料,C-CRDS-FY2025-SP-05,2026-02-01,W3,細胞内反応の計算予測,CRDS机构正式研究,C:\Users\WINDOWS\OneDrive\知识库\智库信息爬虫\国际主要科技智库观点演变_研判\03_证据底稿\原文PDF\C-CRDS-FY2025-SP-05.pdf,C:\Users\WINDOWS\OneDrive\知识库\智库信息爬虫\国际主要科技智库观点演变_研判\03_证据底稿\文本\C-CRDS-FY2025-SP-05.txt,https://www.jst.go.jp/crds/report/CRDS-FY2025-SP-05.html,官方PDF已保存并校验
先进材料、纳米与制造技术,核心科技直接材料,C-CRDS-FY2025-SP-05,2026-02-01,W3,細胞内反応の計算予測,CRDS机构正式研究,C:\Users\WINDOWS\OneDrive\知识库\智库信息爬虫\国际主要科技智库观点演变_研判\03_证据底稿\原文PDF\C-CRDS-FY2025-SP-05.pdf,C:\Users\WINDOWS\OneDrive\知识库\智库信息爬虫\国际主要科技智库观点演变_研判\03_证据底稿\文本\C-CRDS-FY2025-SP-05.txt,https://www.jst.go.jp/crds/report/CRDS-FY2025-SP-05.html,官方PDF已保存并校验
生命科学、生物技术与医疗,核心科技直接材料,C-CRDS-FY2025-SP-05,2026-02-01,W3,細胞内反応の計算予測,CRDS机构正式研究,C:\Users\WINDOWS\OneDrive\知识库\智库信息爬虫\国际主要科技智库观点演变_研判\03_证据底稿\原文PDF\C-CRDS-FY2025-SP-05.pdf,C:\Users\WINDOWS\OneDrive\知识库\智库信息爬虫\国际主要科技智库观点演变_研判\03_证据底稿\文本\C-CRDS-FY2025-SP-05.txt,https://www.jst.go.jp/crds/report/CRDS-FY2025-SP-05.html,官方PDF已保存并校验
能源、环境与绿色转型,核心科技直接材料,C-CRDS-FY2025-SP-05,2026-02-01,W3,細胞内反応の計算予測,CRDS机构正式研究,C:\Users\WINDOWS\OneDrive\知识库\智库信息爬虫\国际主要科技智库观点演变_研判\03_证据底稿\原文PDF\C-CRDS-FY2025-SP-05.pdf,C:\Users\WINDOWS\OneDrive\知识库\智库信息爬虫\国际主要科技智库观点演变_研判\03_证据底稿\文本\C-CRDS-FY2025-SP-05.txt,https://www.jst.go.jp/crds/report/CRDS-FY2025-SP-05.html,官方PDF已保存并校验
科技创新政策、科研体系与人才,核心科技直接材料,C-CRDS-FY2025-SP-05,2026-02-01,W3,細胞内反応の計算予測,CRDS机构正式研究,C:\Users\WINDOWS\OneDrive\知识库\智库信息爬虫\国际主要科技智库观点演变_研判\03_证据底稿\原文PDF\C-CRDS-FY2025-SP-05.pdf,C:\Users\WINDOWS\OneDrive\知识库\智库信息爬虫\国际主要科技智库观点演变_研判\03_证据底稿\文本\C-CRDS-FY2025-SP-05.txt,https://www.jst.go.jp/crds/report/CRDS-FY2025-SP-05.html,官方PDF已保存并校验
研究安全、科技外交与国际比较,核心科技直接材料,C-CRDS-FY2025-SP-05,2026-02-01,W3,細胞内反応の計算予測,CRDS机构正式研究,C:\Users\WINDOWS\OneDrive\知识库\智库信息爬虫\国际主要科技智库观点演变_研判\03_证据底稿\原文PDF\C-CRDS-FY2025-SP-05.pdf,C:\Users\WINDOWS\OneDrive\知识库\智库信息爬虫\国际主要科技智库观点演变_研判\03_证据底稿\文本\C-CRDS-FY2025-SP-05.txt,https://www.jst.go.jp/crds/report/CRDS-FY2025-SP-05.html,官方PDF已保存并校验
人工智能、机器人与计算系统,核心科技直接材料,C-CRDS-FY2025-FR-05,2026-03-01,W3,研究開発の俯瞰報告書　システム・情報科学技術分野（2026年）,CRDS机构正式研究,C:\Users\WINDOWS\OneDrive\知识库\智库信息爬虫\国际主要科技智库观点演变_研判\03_证据底稿\原文PDF\C-CRDS-FY2025-FR-05.pdf,C:\Users\WINDOWS\OneDrive\知识库\智库信息爬虫\国际主要科技智库观点演变_研判\03_证据底稿\文本\C-CRDS-FY2025-FR-05.txt,https://www.jst.go.jp/crds/report/CRDS-FY2025-FR-05.html,官方PDF已保存并校验
芯片、量子、通信与网络安全,核心科技直接材料,C-CRDS-FY2025-FR-05,2026-03-01,W3,研究開発の俯瞰報告書　システム・情報科学技術分野（2026年）,CRDS机构正式研究,C:\Users\WINDOWS\OneDrive\知识库\智库信息爬虫\国际主要科技智库观点演变_研判\03_证据底稿\原文PDF\C-CRDS-FY2025-FR-05.pdf,C:\Users\WINDOWS\OneDrive\知识库\智库信息爬虫\国际主要科技智库观点演变_研判\03_证据底稿\文本\C-CRDS-FY2025-FR-05.txt,https://www.jst.go.jp/crds/report/CRDS-FY2025-FR-05.html,官方PDF已保存并校验
先进材料、纳米与制造技术,核心科技直接材料,C-CRDS-FY2025-FR-05,2026-03-01,W3,研究開発の俯瞰報告書　システム・情報科学技術分野（2026年）,CRDS机构正式研究,C:\Users\WINDOWS\OneDrive\知识库\智库信息爬虫\国际主要科技智库观点演变_研判\03_证据底稿\原文PDF\C-CRDS-FY2025-FR-05.pdf,C:\Users\WINDOWS\OneDrive\知识库\智库信息爬虫\国际主要科技智库观点演变_研判\03_证据底稿\文本\C-CRDS-FY2025-FR-05.txt,https://www.jst.go.jp/crds/report/CRDS-FY2025-FR-05.html,官方PDF已保存并校验
生命科学、生物技术与医疗,核心科技直接材料,C-CRDS-FY2025-FR-05,2026-03-01,W3,研究開発の俯瞰報告書　システム・情報科学技術分野（2026年）,CRDS机构正式研究,C:\Users\WINDOWS\OneDrive\知识库\智库信息爬虫\国际主要科技智库观点演变_研判\03_证据底稿\原文PDF\C-CRDS-FY2025-FR-05.pdf,C:\Users\WINDOWS\OneDrive\知识库\智库信息爬虫\国际主要科技智库观点演变_研判\03_证据底稿\文本\C-CRDS-FY2025-FR-05.txt,https://www.jst.go.jp/crds/report/CRDS-FY2025-FR-05.html,官方PDF已保存并校验
能源、环境与绿色转型,核心科技直接材料,C-CRDS-FY2025-FR-05,2026-03-01,W3,研究開発の俯瞰報告書　システム・情報科学技術分野（2026年）,CRDS机构正式研究,C:\Users\WINDOWS\OneDrive\知识库\智库信息爬虫\国际主要科技智库观点演变_研判\03_证据底稿\原文PDF\C-CRDS-FY2025-FR-05.pdf,C:\Users\WINDOWS\OneDrive\知识库\智库信息爬虫\国际主要科技智库观点演变_研判\03_证据底稿\文本\C-CRDS-FY2025-FR-05.txt,https://www.jst.go.jp/crds/report/CRDS-FY2025-FR-05.html,官方PDF已保存并校验
科技创新政策、科研体系与人才,核心科技直接材料,C-CRDS-FY2025-FR-05,2026-03-01,W3,研究開発の俯瞰報告書　システム・情報科学技術分野（2026年）,CRDS机构正式研究,C:\Users\WINDOWS\OneDrive\知识库\智库信息爬虫\国际主要科技智库观点演变_研判\03_证据底稿\原文PDF\C-CRDS-FY2025-FR-05.pdf,C:\Users\WINDOWS\OneDrive\知识库\智库信息爬虫\国际主要科技智库观点演变_研判\03_证据底稿\文本\C-CRDS-FY2025-FR-05.txt,https://www.jst.go.jp/crds/report/CRDS-FY2025-FR-05.html,官方PDF已保存并校验
研究安全、科技外交与国际比较,核心科技直接材料,C-CRDS-FY2025-FR-05,2026-03-01,W3,研究開発の俯瞰報告書　システム・情報科学技術分野（2026年）,CRDS机构正式研究,C:\Users\WINDOWS\OneDrive\知识库\智库信息爬虫\国际主要科技智库观点演变_研判\03_证据底稿\原文PDF\C-CRDS-FY2025-FR-05.pdf,C:\Users\WINDOWS\OneDrive\知识库\智库信息爬虫\国际主要科技智库观点演变_研判\03_证据底稿\文本\C-CRDS-FY2025-FR-05.txt,https://www.jst.go.jp/crds/report/CRDS-FY2025-FR-05.html,官方PDF已保存并校验
人工智能、机器人与计算系统,核心科技直接材料,C-CRDS-FY2025-FR-08,2026-03-01,W3,研究開発の俯瞰報告書　主要国・地域の科学技術・イノベーション政策動向（2026年）,CRDS机构正式研究,C:\Users\WINDOWS\OneDrive\知识库\智库信息爬虫\国际主要科技智库观点演变_研判\03_证据底稿\原文PDF\C-CRDS-FY2025-FR-08.pdf,C:\Users\WINDOWS\OneDrive\知识库\智库信息爬虫\国际主要科技智库观点演变_研判\03_证据底稿\文本\C-CRDS-FY2025-FR-08.txt,https://www.jst.go.jp/crds/report/CRDS-FY2025-FR-08.html,官方PDF已保存并校验
先进材料、纳米与制造技术,核心科技直接材料,C-CRDS-FY2025-FR-08,2026-03-01,W3,研究開発の俯瞰報告書　主要国・地域の科学技術・イノベーション政策動向（2026年）,CRDS机构正式研究,C:\Users\WINDOWS\OneDrive\知识库\智库信息爬虫\国际主要科技智库观点演变_研判\03_证据底稿\原文PDF\C-CRDS-FY2025-FR-08.pdf,C:\Users\WINDOWS\OneDrive\知识库\智库信息爬虫\国际主要科技智库观点演变_研判\03_证据底稿\文本\C-CRDS-FY2025-FR-08.txt,https://www.jst.go.jp/crds/report/CRDS-FY2025-FR-08.html,官方PDF已保存并校验
生命科学、生物技术与医疗,核心科技直接材料,C-CRDS-FY2025-FR-08,2026-03-01,W3,研究開発の俯瞰報告書　主要国・地域の科学技術・イノベーション政策動向（2026年）,CRDS机构正式研究,C:\Users\WINDOWS\OneDrive\知识库\智库信息爬虫\国际主要科技智库观点演变_研判\03_证据底稿\原文PDF\C-CRDS-FY2025-FR-08.pdf,C:\Users\WINDOWS\OneDrive\知识库\智库信息爬虫\国际主要科技智库观点演变_研判\03_证据底稿\文本\C-CRDS-FY2025-FR-08.txt,https://www.jst.go.jp/crds/report/CRDS-FY2025-FR-08.html,官方PDF已保存并校验
能源、环境与绿色转型,核心科技直接材料,C-CRDS-FY2025-FR-08,2026-03-01,W3,研究開発の俯瞰報告書　主要国・地域の科学技術・イノベーション政策動向（2026年）,CRDS机构正式研究,C:\Users\WINDOWS\OneDrive\知识库\智库信息爬虫\国际主要科技智库观点演变_研判\03_证据底稿\原文PDF\C-CRDS-FY2025-FR-08.pdf,C:\Users\WINDOWS\OneDrive\知识库\智库信息爬虫\国际主要科技智库观点演变_研判\03_证据底稿\文本\C-CRDS-FY2025-FR-08.txt,https://www.jst.go.jp/crds/report/CRDS-FY2025-FR-08.html,官方PDF已保存并校验
科技创新政策、科研体系与人才,核心科技直接材料,C-CRDS-FY2025-FR-08,2026-03-01,W3,研究開発の俯瞰報告書　主要国・地域の科学技術・イノベーション政策動向（2026年）,CRDS机构正式研究,C:\Users\WINDOWS\OneDrive\知识库\智库信息爬虫\国际主要科技智库观点演变_研判\03_证据底稿\原文PDF\C-CRDS-FY2025-FR-08.pdf,C:\Users\WINDOWS\OneDrive\知识库\智库信息爬虫\国际主要科技智库观点演变_研判\03_证据底稿\文本\C-CRDS-FY2025-FR-08.txt,https://www.jst.go.jp/crds/report/CRDS-FY2025-FR-08.html,官方PDF已保存并校验
研究安全、科技外交与国际比较,核心科技直接材料,C-CRDS-FY2025-FR-08,2026-03-01,W3,研究開発の俯瞰報告書　主要国・地域の科学技術・イノベーション政策動向（2026年）,CRDS机构正式研究,C:\Users\WINDOWS\OneDrive\知识库\智库信息爬虫\国际主要科技智库观点演变_研判\03_证据底稿\原文PDF\C-CRDS-FY2025-FR-08.pdf,C:\Users\WINDOWS\OneDrive\知识库\智库信息爬虫\国际主要科技智库观点演变_研判\03_证据底稿\文本\C-CRDS-FY2025-FR-08.txt,https://www.jst.go.jp/crds/report/CRDS-FY2025-FR-08.html,官方PDF已保存并校验
中国科技政策与能力比较,核心科技直接材料,C-CRDS-FY2025-FR-08,2026-03-01,W3,研究開発の俯瞰報告書　主要国・地域の科学技術・イノベーション政策動向（2026年）,CRDS机构正式研究,C:\Users\WINDOWS\OneDrive\知识库\智库信息爬虫\国际主要科技智库观点演变_研判\03_证据底稿\原文PDF\C-CRDS-FY2025-FR-08.pdf,C:\Users\WINDOWS\OneDrive\知识库\智库信息爬虫\国际主要科技智库观点演变_研判\03_证据底稿\文本\C-CRDS-FY2025-FR-08.txt,https://www.jst.go.jp/crds/report/CRDS-FY2025-FR-08.html,官方PDF已保存并校验
人工智能、机器人与计算系统,核心科技直接材料,C-CRDS-FY2025-RR-06,2026-03-01,W3,産学連携の構造的課題とその解決に向けた方向性（—The Beyond Disciplines Collection—）,CRDS机构正式研究,C:\Users\WINDOWS\OneDrive\知识库\智库信息爬虫\国际主要科技智库观点演变_研判\03_证据底稿\原文PDF\C-CRDS-FY2025-RR-06.pdf,C:\Users\WINDOWS\OneDrive\知识库\智库信息爬虫\国际主要科技智库观点演变_研判\03_证据底稿\文本\C-CRDS-FY2025-RR-06.txt,https://www.jst.go.jp/crds/report/CRDS-FY2025-RR-06.html,官方PDF已保存并校验
芯片、量子、通信与网络安全,核心科技直接材料,C-CRDS-FY2025-RR-06,2026-03-01,W3,産学連携の構造的課題とその解決に向けた方向性（—The Beyond Disciplines Collection—）,CRDS机构正式研究,C:\Users\WINDOWS\OneDrive\知识库\智库信息爬虫\国际主要科技智库观点演变_研判\03_证据底稿\原文PDF\C-CRDS-FY2025-RR-06.pdf,C:\Users\WINDOWS\OneDrive\知识库\智库信息爬虫\国际主要科技智库观点演变_研判\03_证据底稿\文本\C-CRDS-FY2025-RR-06.txt,https://www.jst.go.jp/crds/report/CRDS-FY2025-RR-06.html,官方PDF已保存并校验
先进材料、纳米与制造技术,核心科技直接材料,C-CRDS-FY2025-RR-06,2026-03-01,W3,産学連携の構造的課題とその解決に向けた方向性（—The Beyond Disciplines Collection—）,CRDS机构正式研究,C:\Users\WINDOWS\OneDrive\知识库\智库信息爬虫\国际主要科技智库观点演变_研判\03_证据底稿\原文PDF\C-CRDS-FY2025-RR-06.pdf,C:\Users\WINDOWS\OneDrive\知识库\智库信息爬虫\国际主要科技智库观点演变_研判\03_证据底稿\文本\C-CRDS-FY2025-RR-06.txt,https://www.jst.go.jp/crds/report/CRDS-FY2025-RR-06.html,官方PDF已保存并校验
生命科学、生物技术与医疗,核心科技直接材料,C-CRDS-FY2025-RR-06,2026-03-01,W3,産学連携の構造的課題とその解決に向けた方向性（—The Beyond Disciplines Collection—）,CRDS机构正式研究,C:\Users\WINDOWS\OneDrive\知识库\智库信息爬虫\国际主要科技智库观点演变_研判\03_证据底稿\原文PDF\C-CRDS-FY2025-RR-06.pdf,C:\Users\WINDOWS\OneDrive\知识库\智库信息爬虫\国际主要科技智库观点演变_研判\03_证据底稿\文本\C-CRDS-FY2025-RR-06.txt,https://www.jst.go.jp/crds/report/CRDS-FY2025-RR-06.html,官方PDF已保存并校验
能源、环境与绿色转型,核心科技直接材料,C-CRDS-FY2025-RR-06,2026-03-01,W3,産学連携の構造的課題とその解決に向けた方向性（—The Beyond Disciplines Collection—）,CRDS机构正式研究,C:\Users\WINDOWS\OneDrive\知识库\智库信息爬虫\国际主要科技智库观点演变_研判\03_证据底稿\原文PDF\C-CRDS-FY2025-RR-06.pdf,C:\Users\WINDOWS\OneDrive\知识库\智库信息爬虫\国际主要科技智库观点演变_研判\03_证据底稿\文本\C-CRDS-FY2025-RR-06.txt,https://www.jst.go.jp/crds/report/CRDS-FY2025-RR-06.html,官方PDF已保存并校验
科技创新政策、科研体系与人才,核心科技直接材料,C-CRDS-FY2025-RR-06,2026-03-01,W3,産学連携の構造的課題とその解決に向けた方向性（—The Beyond Disciplines Collection—）,CRDS机构正式研究,C:\Users\WINDOWS\OneDrive\知识库\智库信息爬虫\国际主要科技智库观点演变_研判\03_证据底稿\原文PDF\C-CRDS-FY2025-RR-06.pdf,C:\Users\WINDOWS\OneDrive\知识库\智库信息爬虫\国际主要科技智库观点演变_研判\03_证据底稿\文本\C-CRDS-FY2025-RR-06.txt,https://www.jst.go.jp/crds/report/CRDS-FY2025-RR-06.html,官方PDF已保存并校验
研究安全、科技外交与国际比较,核心科技直接材料,C-CRDS-FY2025-RR-06,2026-03-01,W3,産学連携の構造的課題とその解決に向けた方向性（—The Beyond Disciplines Collection—）,CRDS机构正式研究,C:\Users\WINDOWS\OneDrive\知识库\智库信息爬虫\国际主要科技智库观点演变_研判\03_证据底稿\原文PDF\C-CRDS-FY2025-RR-06.pdf,C:\Users\WINDOWS\OneDrive\知识库\智库信息爬虫\国际主要科技智库观点演变_研判\03_证据底稿\文本\C-CRDS-FY2025-RR-06.txt,https://www.jst.go.jp/crds/report/CRDS-FY2025-RR-06.html,官方PDF已保存并校验
人工智能、机器人与计算系统,核心科技直接材料,C-CRDS-FY2025-RR-07,2026-03-01,W3,人工細胞システム研究の新展開,CRDS机构正式研究,C:\Users\WINDOWS\OneDrive\知识库\智库信息爬虫\国际主要科技智库观点演变_研判\03_证据底稿\原文PDF\C-CRDS-FY2025-RR-07.pdf,C:\Users\WINDOWS\OneDrive\知识库\智库信息爬虫\国际主要科技智库观点演变_研判\03_证据底稿\文本\C-CRDS-FY2025-RR-07.txt,https://www.jst.go.jp/crds/report/CRDS-FY2025-RR-07.html,官方PDF已保存并校验
芯片、量子、通信与网络安全,核心科技直接材料,C-CRDS-FY2025-RR-07,2026-03-01,W3,人工細胞システム研究の新展開,CRDS机构正式研究,C:\Users\WINDOWS\OneDrive\知识库\智库信息爬虫\国际主要科技智库观点演变_研判\03_证据底稿\原文PDF\C-CRDS-FY2025-RR-07.pdf,C:\Users\WINDOWS\OneDrive\知识库\智库信息爬虫\国际主要科技智库观点演变_研判\03_证据底稿\文本\C-CRDS-FY2025-RR-07.txt,https://www.jst.go.jp/crds/report/CRDS-FY2025-RR-07.html,官方PDF已保存并校验
先进材料、纳米与制造技术,核心科技直接材料,C-CRDS-FY2025-RR-07,2026-03-01,W3,人工細胞システム研究の新展開,CRDS机构正式研究,C:\Users\WINDOWS\OneDrive\知识库\智库信息爬虫\国际主要科技智库观点演变_研判\03_证据底稿\原文PDF\C-CRDS-FY2025-RR-07.pdf,C:\Users\WINDOWS\OneDrive\知识库\智库信息爬虫\国际主要科技智库观点演变_研判\03_证据底稿\文本\C-CRDS-FY2025-RR-07.txt,https://www.jst.go.jp/crds/report/CRDS-FY2025-RR-07.html,官方PDF已保存并校验
生命科学、生物技术与医疗,核心科技直接材料,C-CRDS-FY2025-RR-07,2026-03-01,W3,人工細胞システム研究の新展開,CRDS机构正式研究,C:\Users\WINDOWS\OneDrive\知识库\智库信息爬虫\国际主要科技智库观点演变_研判\03_证据底稿\原文PDF\C-CRDS-FY2025-RR-07.pdf,C:\Users\WINDOWS\OneDrive\知识库\智库信息爬虫\国际主要科技智库观点演变_研判\03_证据底稿\文本\C-CRDS-FY2025-RR-07.txt,https://www.jst.go.jp/crds/report/CRDS-FY2025-RR-07.html,官方PDF已保存并校验
能源、环境与绿色转型,核心科技直接材料,C-CRDS-FY2025-RR-07,2026-03-01,W3,人工細胞システム研究の新展開,CRDS机构正式研究,C:\Users\WINDOWS\OneDrive\知识库\智库信息爬虫\国际主要科技智库观点演变_研判\03_证据底稿\原文PDF\C-CRDS-FY2025-RR-07.pdf,C:\Users\WINDOWS\OneDrive\知识库\智库信息爬虫\国际主要科技智库观点演变_研判\03_证据底稿\文本\C-CRDS-FY2025-RR-07.txt,https://www.jst.go.jp/crds/report/CRDS-FY2025-RR-07.html,官方PDF已保存并校验
科技创新政策、科研体系与人才,核心科技直接材料,C-CRDS-FY2025-RR-07,2026-03-01,W3,人工細胞システム研究の新展開,CRDS机构正式研究,C:\Users\WINDOWS\OneDrive\知识库\智库信息爬虫\国际主要科技智库观点演变_研判\03_证据底稿\原文PDF\C-CRDS-FY2025-RR-07.pdf,C:\Users\WINDOWS\OneDrive\知识库\智库信息爬虫\国际主要科技智库观点演变_研判\03_证据底稿\文本\C-CRDS-FY2025-RR-07.txt,https://www.jst.go.jp/crds/report/CRDS-FY2025-RR-07.html,官方PDF已保存并校验
研究安全、科技外交与国际比较,核心科技直接材料,C-CRDS-FY2025-RR-07,2026-03-01,W3,人工細胞システム研究の新展開,CRDS机构正式研究,C:\Users\WINDOWS\OneDrive\知识库\智库信息爬虫\国际主要科技智库观点演变_研判\03_证据底稿\原文PDF\C-CRDS-FY2025-RR-07.pdf,C:\Users\WINDOWS\OneDrive\知识库\智库信息爬虫\国际主要科技智库观点演变_研判\03_证据底稿\文本\C-CRDS-FY2025-RR-07.txt,https://www.jst.go.jp/crds/report/CRDS-FY2025-RR-07.html,官方PDF已保存并校验
人工智能、机器人与计算系统,核心科技直接材料,C-CRDS-FY2025-RR-08,2026-03-01,W3,カーボンニュートラルに向けたエネルギートランジションにおけるリスク制御科学技術の方向性 〜我が国のエネルギー安全保障の振り返りも踏まえて〜,CRDS机构正式研究,C:\Users\WINDOWS\OneDrive\知识库\智库信息爬虫\国际主要科技智库观点演变_研判\03_证据底稿\原文PDF\C-CRDS-FY2025-RR-08.pdf,C:\Users\WINDOWS\OneDrive\知识库\智库信息爬虫\国际主要科技智库观点演变_研判\03_证据底稿\文本\C-CRDS-FY2025-RR-08.txt,https://www.jst.go.jp/crds/report/CRDS-FY2025-RR-08.html,官方PDF已保存并校验
先进材料、纳米与制造技术,核心科技直接材料,C-CRDS-FY2025-RR-08,2026-03-01,W3,カーボンニュートラルに向けたエネルギートランジションにおけるリスク制御科学技術の方向性 〜我が国のエネルギー安全保障の振り返りも踏まえて〜,CRDS机构正式研究,C:\Users\WINDOWS\OneDrive\知识库\智库信息爬虫\国际主要科技智库观点演变_研判\03_证据底稿\原文PDF\C-CRDS-FY2025-RR-08.pdf,C:\Users\WINDOWS\OneDrive\知识库\智库信息爬虫\国际主要科技智库观点演变_研判\03_证据底稿\文本\C-CRDS-FY2025-RR-08.txt,https://www.jst.go.jp/crds/report/CRDS-FY2025-RR-08.html,官方PDF已保存并校验
生命科学、生物技术与医疗,核心科技直接材料,C-CRDS-FY2025-RR-08,2026-03-01,W3,カーボンニュートラルに向けたエネルギートランジションにおけるリスク制御科学技術の方向性 〜我が国のエネルギー安全保障の振り返りも踏まえて〜,CRDS机构正式研究,C:\Users\WINDOWS\OneDrive\知识库\智库信息爬虫\国际主要科技智库观点演变_研判\03_证据底稿\原文PDF\C-CRDS-FY2025-RR-08.pdf,C:\Users\WINDOWS\OneDrive\知识库\智库信息爬虫\国际主要科技智库观点演变_研判\03_证据底稿\文本\C-CRDS-FY2025-RR-08.txt,https://www.jst.go.jp/crds/report/CRDS-FY2025-RR-08.html,官方PDF已保存并校验
能源、环境与绿色转型,核心科技直接材料,C-CRDS-FY2025-RR-08,2026-03-01,W3,カーボンニュートラルに向けたエネルギートランジションにおけるリスク制御科学技術の方向性 〜我が国のエネルギー安全保障の振り返りも踏まえて〜,CRDS机构正式研究,C:\Users\WINDOWS\OneDrive\知识库\智库信息爬虫\国际主要科技智库观点演变_研判\03_证据底稿\原文PDF\C-CRDS-FY2025-RR-08.pdf,C:\Users\WINDOWS\OneDrive\知识库\智库信息爬虫\国际主要科技智库观点演变_研判\03_证据底稿\文本\C-CRDS-FY2025-RR-08.txt,https://www.jst.go.jp/crds/report/CRDS-FY2025-RR-08.html,官方PDF已保存并校验
科技创新政策、科研体系与人才,核心科技直接材料,C-CRDS-FY2025-RR-08,2026-03-01,W3,カーボンニュートラルに向けたエネルギートランジションにおけるリスク制御科学技術の方向性 〜我が国のエネルギー安全保障の振り返りも踏まえて〜,CRDS机构正式研究,C:\Users\WINDOWS\OneDrive\知识库\智库信息爬虫\国际主要科技智库观点演变_研判\03_证据底稿\原文PDF\C-CRDS-FY2025-RR-08.pdf,C:\Users\WINDOWS\OneDrive\知识库\智库信息爬虫\国际主要科技智库观点演变_研判\03_证据底稿\文本\C-CRDS-FY2025-RR-08.txt,https://www.jst.go.jp/crds/report/CRDS-FY2025-RR-08.html,官方PDF已保存并校验
研究安全、科技外交与国际比较,核心科技直接材料,C-CRDS-FY2025-RR-08,2026-03-01,W3,カーボンニュートラルに向けたエネルギートランジションにおけるリスク制御科学技術の方向性 〜我が国のエネルギー安全保障の振り返りも踏まえて〜,CRDS机构正式研究,C:\Users\WINDOWS\OneDrive\知识库\智库信息爬虫\国际主要科技智库观点演变_研判\03_证据底稿\原文PDF\C-CRDS-FY2025-RR-08.pdf,C:\Users\WINDOWS\OneDrive\知识库\智库信息爬虫\国际主要科技智库观点演变_研判\03_证据底稿\文本\C-CRDS-FY2025-RR-08.txt,https://www.jst.go.jp/crds/report/CRDS-FY2025-RR-08.html,官方PDF已保存并校验
人工智能、机器人与计算系统,核心科技直接材料,C-CRDS-FY2025-RR-09,2026-03-01,W3,エネルギートランジション促進の先行政策事例（米国、EU、英国、中国、インド、オーストラリア）と日本への適合に向けた方向性 〜脱炭素電源の最大活用を支える既存リソースの有効活用〜,CRDS机构正式研究,C:\Users\WINDOWS\OneDrive\知识库\智库信息爬虫\国际主要科技智库观点演变_研判\03_证据底稿\原文PDF\C-CRDS-FY2025-RR-09.pdf,C:\Users\WINDOWS\OneDrive\知识库\智库信息爬虫\国际主要科技智库观点演变_研判\03_证据底稿\文本\C-CRDS-FY2025-RR-09.txt,https://www.jst.go.jp/crds/report/CRDS-FY2025-RR-09.html,官方PDF已保存并校验
芯片、量子、通信与网络安全,核心科技直接材料,C-CRDS-FY2025-RR-09,2026-03-01,W3,エネルギートランジション促進の先行政策事例（米国、EU、英国、中国、インド、オーストラリア）と日本への適合に向けた方向性 〜脱炭素電源の最大活用を支える既存リソースの有効活用〜,CRDS机构正式研究,C:\Users\WINDOWS\OneDrive\知识库\智库信息爬虫\国际主要科技智库观点演变_研判\03_证据底稿\原文PDF\C-CRDS-FY2025-RR-09.pdf,C:\Users\WINDOWS\OneDrive\知识库\智库信息爬虫\国际主要科技智库观点演变_研判\03_证据底稿\文本\C-CRDS-FY2025-RR-09.txt,https://www.jst.go.jp/crds/report/CRDS-FY2025-RR-09.html,官方PDF已保存并校验
先进材料、纳米与制造技术,核心科技直接材料,C-CRDS-FY2025-RR-09,2026-03-01,W3,エネルギートランジション促進の先行政策事例（米国、EU、英国、中国、インド、オーストラリア）と日本への適合に向けた方向性 〜脱炭素電源の最大活用を支える既存リソースの有効活用〜,CRDS机构正式研究,C:\Users\WINDOWS\OneDrive\知识库\智库信息爬虫\国际主要科技智库观点演变_研判\03_证据底稿\原文PDF\C-CRDS-FY2025-RR-09.pdf,C:\Users\WINDOWS\OneDrive\知识库\智库信息爬虫\国际主要科技智库观点演变_研判\03_证据底稿\文本\C-CRDS-FY2025-RR-09.txt,https://www.jst.go.jp/crds/report/CRDS-FY2025-RR-09.html,官方PDF已保存并校验
生命科学、生物技术与医疗,核心科技直接材料,C-CRDS-FY2025-RR-09,2026-03-01,W3,エネルギートランジション促進の先行政策事例（米国、EU、英国、中国、インド、オーストラリア）と日本への適合に向けた方向性 〜脱炭素電源の最大活用を支える既存リソースの有効活用〜,CRDS机构正式研究,C:\Users\WINDOWS\OneDrive\知识库\智库信息爬虫\国际主要科技智库观点演变_研判\03_证据底稿\原文PDF\C-CRDS-FY2025-RR-09.pdf,C:\Users\WINDOWS\OneDrive\知识库\智库信息爬虫\国际主要科技智库观点演变_研判\03_证据底稿\文本\C-CRDS-FY2025-RR-09.txt,https://www.jst.go.jp/crds/report/CRDS-FY2025-RR-09.html,官方PDF已保存并校验
能源、环境与绿色转型,核心科技直接材料,C-CRDS-FY2025-RR-09,2026-03-01,W3,エネルギートランジション促進の先行政策事例（米国、EU、英国、中国、インド、オーストラリア）と日本への適合に向けた方向性 〜脱炭素電源の最大活用を支える既存リソースの有効活用〜,CRDS机构正式研究,C:\Users\WINDOWS\OneDrive\知识库\智库信息爬虫\国际主要科技智库观点演变_研判\03_证据底稿\原文PDF\C-CRDS-FY2025-RR-09.pdf,C:\Users\WINDOWS\OneDrive\知识库\智库信息爬虫\国际主要科技智库观点演变_研判\03_证据底稿\文本\C-CRDS-FY2025-RR-09.txt,https://www.jst.go.jp/crds/report/CRDS-FY2025-RR-09.html,官方PDF已保存并校验
科技创新政策、科研体系与人才,核心科技直接材料,C-CRDS-FY2025-RR-09,2026-03-01,W3,エネルギートランジション促進の先行政策事例（米国、EU、英国、中国、インド、オーストラリア）と日本への適合に向けた方向性 〜脱炭素電源の最大活用を支える既存リソースの有効活用〜,CRDS机构正式研究,C:\Users\WINDOWS\OneDrive\知识库\智库信息爬虫\国际主要科技智库观点演变_研判\03_证据底稿\原文PDF\C-CRDS-FY2025-RR-09.pdf,C:\Users\WINDOWS\OneDrive\知识库\智库信息爬虫\国际主要科技智库观点演变_研判\03_证据底稿\文本\C-CRDS-FY2025-RR-09.txt,https://www.jst.go.jp/crds/report/CRDS-FY2025-RR-09.html,官方PDF已保存并校验
研究安全、科技外交与国际比较,核心科技直接材料,C-CRDS-FY2025-RR-09,2026-03-01,W3,エネルギートランジション促進の先行政策事例（米国、EU、英国、中国、インド、オーストラリア）と日本への適合に向けた方向性 〜脱炭素電源の最大活用を支える既存リソースの有効活用〜,CRDS机构正式研究,C:\Users\WINDOWS\OneDrive\知识库\智库信息爬虫\国际主要科技智库观点演变_研判\03_证据底稿\原文PDF\C-CRDS-FY2025-RR-09.pdf,C:\Users\WINDOWS\OneDrive\知识库\智库信息爬虫\国际主要科技智库观点演变_研判\03_证据底稿\文本\C-CRDS-FY2025-RR-09.txt,https://www.jst.go.jp/crds/report/CRDS-FY2025-RR-09.html,官方PDF已保存并校验
中国科技政策与能力比较,核心科技直接材料,C-CRDS-FY2025-RR-09,2026-03-01,W3,エネルギートランジション促進の先行政策事例（米国、EU、英国、中国、インド、オーストラリア）と日本への適合に向けた方向性 〜脱炭素電源の最大活用を支える既存リソースの有効活用〜,CRDS机构正式研究,C:\Users\WINDOWS\OneDrive\知识库\智库信息爬虫\国际主要科技智库观点演变_研判\03_证据底稿\原文PDF\C-CRDS-FY2025-RR-09.pdf,C:\Users\WINDOWS\OneDrive\知识库\智库信息爬虫\国际主要科技智库观点演变_研判\03_证据底稿\文本\C-CRDS-FY2025-RR-09.txt,https://www.jst.go.jp/crds/report/CRDS-FY2025-RR-09.html,官方PDF已保存并校验
人工智能、机器人与计算系统,核心科技直接材料,C-CRDS-FY2025-RR-10,2026-03-01,W3,各国の研究セキュリティの取組 －研究の開放性と安全の両立に向けて－,CRDS机构正式研究,C:\Users\WINDOWS\OneDrive\知识库\智库信息爬虫\国际主要科技智库观点演变_研判\03_证据底稿\原文PDF\C-CRDS-FY2025-RR-10.pdf,C:\Users\WINDOWS\OneDrive\知识库\智库信息爬虫\国际主要科技智库观点演变_研判\03_证据底稿\文本\C-CRDS-FY2025-RR-10.txt,https://www.jst.go.jp/crds/report/CRDS-FY2025-RR-10.html,官方PDF已保存并校验
芯片、量子、通信与网络安全,核心科技直接材料,C-CRDS-FY2025-RR-10,2026-03-01,W3,各国の研究セキュリティの取組 －研究の開放性と安全の両立に向けて－,CRDS机构正式研究,C:\Users\WINDOWS\OneDrive\知识库\智库信息爬虫\国际主要科技智库观点演变_研判\03_证据底稿\原文PDF\C-CRDS-FY2025-RR-10.pdf,C:\Users\WINDOWS\OneDrive\知识库\智库信息爬虫\国际主要科技智库观点演变_研判\03_证据底稿\文本\C-CRDS-FY2025-RR-10.txt,https://www.jst.go.jp/crds/report/CRDS-FY2025-RR-10.html,官方PDF已保存并校验
先进材料、纳米与制造技术,核心科技直接材料,C-CRDS-FY2025-RR-10,2026-03-01,W3,各国の研究セキュリティの取組 －研究の開放性と安全の両立に向けて－,CRDS机构正式研究,C:\Users\WINDOWS\OneDrive\知识库\智库信息爬虫\国际主要科技智库观点演变_研判\03_证据底稿\原文PDF\C-CRDS-FY2025-RR-10.pdf,C:\Users\WINDOWS\OneDrive\知识库\智库信息爬虫\国际主要科技智库观点演变_研判\03_证据底稿\文本\C-CRDS-FY2025-RR-10.txt,https://www.jst.go.jp/crds/report/CRDS-FY2025-RR-10.html,官方PDF已保存并校验
生命科学、生物技术与医疗,核心科技直接材料,C-CRDS-FY2025-RR-10,2026-03-01,W3,各国の研究セキュリティの取組 －研究の開放性と安全の両立に向けて－,CRDS机构正式研究,C:\Users\WINDOWS\OneDrive\知识库\智库信息爬虫\国际主要科技智库观点演变_研判\03_证据底稿\原文PDF\C-CRDS-FY2025-RR-10.pdf,C:\Users\WINDOWS\OneDrive\知识库\智库信息爬虫\国际主要科技智库观点演变_研判\03_证据底稿\文本\C-CRDS-FY2025-RR-10.txt,https://www.jst.go.jp/crds/report/CRDS-FY2025-RR-10.html,官方PDF已保存并校验
能源、环境与绿色转型,核心科技直接材料,C-CRDS-FY2025-RR-10,2026-03-01,W3,各国の研究セキュリティの取組 －研究の開放性と安全の両立に向けて－,CRDS机构正式研究,C:\Users\WINDOWS\OneDrive\知识库\智库信息爬虫\国际主要科技智库观点演变_研判\03_证据底稿\原文PDF\C-CRDS-FY2025-RR-10.pdf,C:\Users\WINDOWS\OneDrive\知识库\智库信息爬虫\国际主要科技智库观点演变_研判\03_证据底稿\文本\C-CRDS-FY2025-RR-10.txt,https://www.jst.go.jp/crds/report/CRDS-FY2025-RR-10.html,官方PDF已保存并校验
科技创新政策、科研体系与人才,核心科技直接材料,C-CRDS-FY2025-RR-10,2026-03-01,W3,各国の研究セキュリティの取組 －研究の開放性と安全の両立に向けて－,CRDS机构正式研究,C:\Users\WINDOWS\OneDrive\知识库\智库信息爬虫\国际主要科技智库观点演变_研判\03_证据底稿\原文PDF\C-CRDS-FY2025-RR-10.pdf,C:\Users\WINDOWS\OneDrive\知识库\智库信息爬虫\国际主要科技智库观点演变_研判\03_证据底稿\文本\C-CRDS-FY2025-RR-10.txt,https://www.jst.go.jp/crds/report/CRDS-FY2025-RR-10.html,官方PDF已保存并校验
研究安全、科技外交与国际比较,核心科技直接材料,C-CRDS-FY2025-RR-10,2026-03-01,W3,各国の研究セキュリティの取組 －研究の開放性と安全の両立に向けて－,CRDS机构正式研究,C:\Users\WINDOWS\OneDrive\知识库\智库信息爬虫\国际主要科技智库观点演变_研判\03_证据底稿\原文PDF\C-CRDS-FY2025-RR-10.pdf,C:\Users\WINDOWS\OneDrive\知识库\智库信息爬虫\国际主要科技智库观点演变_研判\03_证据底稿\文本\C-CRDS-FY2025-RR-10.txt,https://www.jst.go.jp/crds/report/CRDS-FY2025-RR-10.html,官方PDF已保存并校验
人工智能、机器人与计算系统,核心科技直接材料,C-CRDS-FY2025-RR-11,2026-03-01,W3,国際的な研究人材流動の関連政策を巡る主要国・地域の動向,CRDS机构正式研究,C:\Users\WINDOWS\OneDrive\知识库\智库信息爬虫\国际主要科技智库观点演变_研判\03_证据底稿\原文PDF\C-CRDS-FY2025-RR-11.pdf,C:\Users\WINDOWS\OneDrive\知识库\智库信息爬虫\国际主要科技智库观点演变_研判\03_证据底稿\文本\C-CRDS-FY2025-RR-11.txt,https://www.jst.go.jp/crds/report/CRDS-FY2025-RR-11.html,官方PDF已保存并校验
先进材料、纳米与制造技术,核心科技直接材料,C-CRDS-FY2025-RR-11,2026-03-01,W3,国際的な研究人材流動の関連政策を巡る主要国・地域の動向,CRDS机构正式研究,C:\Users\WINDOWS\OneDrive\知识库\智库信息爬虫\国际主要科技智库观点演变_研判\03_证据底稿\原文PDF\C-CRDS-FY2025-RR-11.pdf,C:\Users\WINDOWS\OneDrive\知识库\智库信息爬虫\国际主要科技智库观点演变_研判\03_证据底稿\文本\C-CRDS-FY2025-RR-11.txt,https://www.jst.go.jp/crds/report/CRDS-FY2025-RR-11.html,官方PDF已保存并校验
生命科学、生物技术与医疗,核心科技直接材料,C-CRDS-FY2025-RR-11,2026-03-01,W3,国際的な研究人材流動の関連政策を巡る主要国・地域の動向,CRDS机构正式研究,C:\Users\WINDOWS\OneDrive\知识库\智库信息爬虫\国际主要科技智库观点演变_研判\03_证据底稿\原文PDF\C-CRDS-FY2025-RR-11.pdf,C:\Users\WINDOWS\OneDrive\知识库\智库信息爬虫\国际主要科技智库观点演变_研判\03_证据底稿\文本\C-CRDS-FY2025-RR-11.txt,https://www.jst.go.jp/crds/report/CRDS-FY2025-RR-11.html,官方PDF已保存并校验
能源、环境与绿色转型,核心科技直接材料,C-CRDS-FY2025-RR-11,2026-03-01,W3,国際的な研究人材流動の関連政策を巡る主要国・地域の動向,CRDS机构正式研究,C:\Users\WINDOWS\OneDrive\知识库\智库信息爬虫\国际主要科技智库观点演变_研判\03_证据底稿\原文PDF\C-CRDS-FY2025-RR-11.pdf,C:\Users\WINDOWS\OneDrive\知识库\智库信息爬虫\国际主要科技智库观点演变_研判\03_证据底稿\文本\C-CRDS-FY2025-RR-11.txt,https://www.jst.go.jp/crds/report/CRDS-FY2025-RR-11.html,官方PDF已保存并校验
科技创新政策、科研体系与人才,核心科技直接材料,C-CRDS-FY2025-RR-11,2026-03-01,W3,国際的な研究人材流動の関連政策を巡る主要国・地域の動向,CRDS机构正式研究,C:\Users\WINDOWS\OneDrive\知识库\智库信息爬虫\国际主要科技智库观点演变_研判\03_证据底稿\原文PDF\C-CRDS-FY2025-RR-11.pdf,C:\Users\WINDOWS\OneDrive\知识库\智库信息爬虫\国际主要科技智库观点演变_研判\03_证据底稿\文本\C-CRDS-FY2025-RR-11.txt,https://www.jst.go.jp/crds/report/CRDS-FY2025-RR-11.html,官方PDF已保存并校验
研究安全、科技外交与国际比较,核心科技直接材料,C-CRDS-FY2025-RR-11,2026-03-01,W3,国際的な研究人材流動の関連政策を巡る主要国・地域の動向,CRDS机构正式研究,C:\Users\WINDOWS\OneDrive\知识库\智库信息爬虫\国际主要科技智库观点演变_研判\03_证据底稿\原文PDF\C-CRDS-FY2025-RR-11.pdf,C:\Users\WINDOWS\OneDrive\知识库\智库信息爬虫\国际主要科技智库观点演变_研判\03_证据底稿\文本\C-CRDS-FY2025-RR-11.txt,https://www.jst.go.jp/crds/report/CRDS-FY2025-RR-11.html,官方PDF已保存并校验
中国科技政策与能力比较,核心科技直接材料,C-CRDS-FY2025-RR-11,2026-03-01,W3,国際的な研究人材流動の関連政策を巡る主要国・地域の動向,CRDS机构正式研究,C:\Users\WINDOWS\OneDrive\知识库\智库信息爬虫\国际主要科技智库观点演变_研判\03_证据底稿\原文PDF\C-CRDS-FY2025-RR-11.pdf,C:\Users\WINDOWS\OneDrive\知识库\智库信息爬虫\国际主要科技智库观点演变_研判\03_证据底稿\文本\C-CRDS-FY2025-RR-11.txt,https://www.jst.go.jp/crds/report/CRDS-FY2025-RR-11.html,官方PDF已保存并校验
人工智能、机器人与计算系统,核心科技直接材料,C-CRDS-FY2025-RR-12,2026-03-01,W3,科学技術外交からみた科学技術イノベーション政策の新潮流（2026年）,CRDS机构正式研究,C:\Users\WINDOWS\OneDrive\知识库\智库信息爬虫\国际主要科技智库观点演变_研判\03_证据底稿\原文PDF\C-CRDS-FY2025-RR-12.pdf,C:\Users\WINDOWS\OneDrive\知识库\智库信息爬虫\国际主要科技智库观点演变_研判\03_证据底稿\文本\C-CRDS-FY2025-RR-12.txt,https://www.jst.go.jp/crds/report/CRDS-FY2025-RR-12.html,官方PDF已保存并校验
芯片、量子、通信与网络安全,核心科技直接材料,C-CRDS-FY2025-RR-12,2026-03-01,W3,科学技術外交からみた科学技術イノベーション政策の新潮流（2026年）,CRDS机构正式研究,C:\Users\WINDOWS\OneDrive\知识库\智库信息爬虫\国际主要科技智库观点演变_研判\03_证据底稿\原文PDF\C-CRDS-FY2025-RR-12.pdf,C:\Users\WINDOWS\OneDrive\知识库\智库信息爬虫\国际主要科技智库观点演变_研判\03_证据底稿\文本\C-CRDS-FY2025-RR-12.txt,https://www.jst.go.jp/crds/report/CRDS-FY2025-RR-12.html,官方PDF已保存并校验
先进材料、纳米与制造技术,核心科技直接材料,C-CRDS-FY2025-RR-12,2026-03-01,W3,科学技術外交からみた科学技術イノベーション政策の新潮流（2026年）,CRDS机构正式研究,C:\Users\WINDOWS\OneDrive\知识库\智库信息爬虫\国际主要科技智库观点演变_研判\03_证据底稿\原文PDF\C-CRDS-FY2025-RR-12.pdf,C:\Users\WINDOWS\OneDrive\知识库\智库信息爬虫\国际主要科技智库观点演变_研判\03_证据底稿\文本\C-CRDS-FY2025-RR-12.txt,https://www.jst.go.jp/crds/report/CRDS-FY2025-RR-12.html,官方PDF已保存并校验
生命科学、生物技术与医疗,核心科技直接材料,C-CRDS-FY2025-RR-12,2026-03-01,W3,科学技術外交からみた科学技術イノベーション政策の新潮流（2026年）,CRDS机构正式研究,C:\Users\WINDOWS\OneDrive\知识库\智库信息爬虫\国际主要科技智库观点演变_研判\03_证据底稿\原文PDF\C-CRDS-FY2025-RR-12.pdf,C:\Users\WINDOWS\OneDrive\知识库\智库信息爬虫\国际主要科技智库观点演变_研判\03_证据底稿\文本\C-CRDS-FY2025-RR-12.txt,https://www.jst.go.jp/crds/report/CRDS-FY2025-RR-12.html,官方PDF已保存并校验
能源、环境与绿色转型,核心科技直接材料,C-CRDS-FY2025-RR-12,2026-03-01,W3,科学技術外交からみた科学技術イノベーション政策の新潮流（2026年）,CRDS机构正式研究,C:\Users\WINDOWS\OneDrive\知识库\智库信息爬虫\国际主要科技智库观点演变_研判\03_证据底稿\原文PDF\C-CRDS-FY2025-RR-12.pdf,C:\Users\WINDOWS\OneDrive\知识库\智库信息爬虫\国际主要科技智库观点演变_研判\03_证据底稿\文本\C-CRDS-FY2025-RR-12.txt,https://www.jst.go.jp/crds/report/CRDS-FY2025-RR-12.html,官方PDF已保存并校验
科技创新政策、科研体系与人才,核心科技直接材料,C-CRDS-FY2025-RR-12,2026-03-01,W3,科学技術外交からみた科学技術イノベーション政策の新潮流（2026年）,CRDS机构正式研究,C:\Users\WINDOWS\OneDrive\知识库\智库信息爬虫\国际主要科技智库观点演变_研判\03_证据底稿\原文PDF\C-CRDS-FY2025-RR-12.pdf,C:\Users\WINDOWS\OneDrive\知识库\智库信息爬虫\国际主要科技智库观点演变_研判\03_证据底稿\文本\C-CRDS-FY2025-RR-12.txt,https://www.jst.go.jp/crds/report/CRDS-FY2025-RR-12.html,官方PDF已保存并校验
研究安全、科技外交与国际比较,核心科技直接材料,C-CRDS-FY2025-RR-12,2026-03-01,W3,科学技術外交からみた科学技術イノベーション政策の新潮流（2026年）,CRDS机构正式研究,C:\Users\WINDOWS\OneDrive\知识库\智库信息爬虫\国际主要科技智库观点演变_研判\03_证据底稿\原文PDF\C-CRDS-FY2025-RR-12.pdf,C:\Users\WINDOWS\OneDrive\知识库\智库信息爬虫\国际主要科技智库观点演变_研判\03_证据底稿\文本\C-CRDS-FY2025-RR-12.txt,https://www.jst.go.jp/crds/report/CRDS-FY2025-RR-12.html,官方PDF已保存并校验
人工智能、机器人与计算系统,核心科技直接材料,C-CRDS-FY2025-SP-06,2026-03-01,W3,コグニティブセキュリティー ～デジタル社会における自律的な意思決定の支援～,CRDS机构正式研究,C:\Users\WINDOWS\OneDrive\知识库\智库信息爬虫\国际主要科技智库观点演变_研判\03_证据底稿\原文PDF\C-CRDS-FY2025-SP-06.pdf,C:\Users\WINDOWS\OneDrive\知识库\智库信息爬虫\国际主要科技智库观点演变_研判\03_证据底稿\文本\C-CRDS-FY2025-SP-06.txt,https://www.jst.go.jp/crds/report/CRDS-FY2025-SP-06.html,官方PDF已保存并校验
芯片、量子、通信与网络安全,核心科技直接材料,C-CRDS-FY2025-SP-06,2026-03-01,W3,コグニティブセキュリティー ～デジタル社会における自律的な意思決定の支援～,CRDS机构正式研究,C:\Users\WINDOWS\OneDrive\知识库\智库信息爬虫\国际主要科技智库观点演变_研判\03_证据底稿\原文PDF\C-CRDS-FY2025-SP-06.pdf,C:\Users\WINDOWS\OneDrive\知识库\智库信息爬虫\国际主要科技智库观点演变_研判\03_证据底稿\文本\C-CRDS-FY2025-SP-06.txt,https://www.jst.go.jp/crds/report/CRDS-FY2025-SP-06.html,官方PDF已保存并校验
先进材料、纳米与制造技术,核心科技直接材料,C-CRDS-FY2025-SP-06,2026-03-01,W3,コグニティブセキュリティー ～デジタル社会における自律的な意思決定の支援～,CRDS机构正式研究,C:\Users\WINDOWS\OneDrive\知识库\智库信息爬虫\国际主要科技智库观点演变_研判\03_证据底稿\原文PDF\C-CRDS-FY2025-SP-06.pdf,C:\Users\WINDOWS\OneDrive\知识库\智库信息爬虫\国际主要科技智库观点演变_研判\03_证据底稿\文本\C-CRDS-FY2025-SP-06.txt,https://www.jst.go.jp/crds/report/CRDS-FY2025-SP-06.html,官方PDF已保存并校验
生命科学、生物技术与医疗,核心科技直接材料,C-CRDS-FY2025-SP-06,2026-03-01,W3,コグニティブセキュリティー ～デジタル社会における自律的な意思決定の支援～,CRDS机构正式研究,C:\Users\WINDOWS\OneDrive\知识库\智库信息爬虫\国际主要科技智库观点演变_研判\03_证据底稿\原文PDF\C-CRDS-FY2025-SP-06.pdf,C:\Users\WINDOWS\OneDrive\知识库\智库信息爬虫\国际主要科技智库观点演变_研判\03_证据底稿\文本\C-CRDS-FY2025-SP-06.txt,https://www.jst.go.jp/crds/report/CRDS-FY2025-SP-06.html,官方PDF已保存并校验
能源、环境与绿色转型,核心科技直接材料,C-CRDS-FY2025-SP-06,2026-03-01,W3,コグニティブセキュリティー ～デジタル社会における自律的な意思決定の支援～,CRDS机构正式研究,C:\Users\WINDOWS\OneDrive\知识库\智库信息爬虫\国际主要科技智库观点演变_研判\03_证据底稿\原文PDF\C-CRDS-FY2025-SP-06.pdf,C:\Users\WINDOWS\OneDrive\知识库\智库信息爬虫\国际主要科技智库观点演变_研判\03_证据底稿\文本\C-CRDS-FY2025-SP-06.txt,https://www.jst.go.jp/crds/report/CRDS-FY2025-SP-06.html,官方PDF已保存并校验
科技创新政策、科研体系与人才,核心科技直接材料,C-CRDS-FY2025-SP-06,2026-03-01,W3,コグニティブセキュリティー ～デジタル社会における自律的な意思決定の支援～,CRDS机构正式研究,C:\Users\WINDOWS\OneDrive\知识库\智库信息爬虫\国际主要科技智库观点演变_研判\03_证据底稿\原文PDF\C-CRDS-FY2025-SP-06.pdf,C:\Users\WINDOWS\OneDrive\知识库\智库信息爬虫\国际主要科技智库观点演变_研判\03_证据底稿\文本\C-CRDS-FY2025-SP-06.txt,https://www.jst.go.jp/crds/report/CRDS-FY2025-SP-06.html,官方PDF已保存并校验
研究安全、科技外交与国际比较,核心科技直接材料,C-CRDS-FY2025-SP-06,2026-03-01,W3,コグニティブセキュリティー ～デジタル社会における自律的な意思決定の支援～,CRDS机构正式研究,C:\Users\WINDOWS\OneDrive\知识库\智库信息爬虫\国际主要科技智库观点演变_研判\03_证据底稿\原文PDF\C-CRDS-FY2025-SP-06.pdf,C:\Users\WINDOWS\OneDrive\知识库\智库信息爬虫\国际主要科技智库观点演变_研判\03_证据底稿\文本\C-CRDS-FY2025-SP-06.txt,https://www.jst.go.jp/crds/report/CRDS-FY2025-SP-06.html,官方PDF已保存并校验
人工智能、机器人与计算系统,核心科技直接材料,C-CRDS-FY2025-SP-07,2026-03-01,W3,未来のAI計算システムを支える光データ通信技術 ～ネットワークアーキテクチャーから光デバイス材料まで～,CRDS机构正式研究,C:\Users\WINDOWS\OneDrive\知识库\智库信息爬虫\国际主要科技智库观点演变_研判\03_证据底稿\原文PDF\C-CRDS-FY2025-SP-07.pdf,C:\Users\WINDOWS\OneDrive\知识库\智库信息爬虫\国际主要科技智库观点演变_研判\03_证据底稿\文本\C-CRDS-FY2025-SP-07.txt,https://www.jst.go.jp/crds/report/CRDS-FY2025-SP-07.html,官方PDF已保存并校验
芯片、量子、通信与网络安全,核心科技直接材料,C-CRDS-FY2025-SP-07,2026-03-01,W3,未来のAI計算システムを支える光データ通信技術 ～ネットワークアーキテクチャーから光デバイス材料まで～,CRDS机构正式研究,C:\Users\WINDOWS\OneDrive\知识库\智库信息爬虫\国际主要科技智库观点演变_研判\03_证据底稿\原文PDF\C-CRDS-FY2025-SP-07.pdf,C:\Users\WINDOWS\OneDrive\知识库\智库信息爬虫\国际主要科技智库观点演变_研判\03_证据底稿\文本\C-CRDS-FY2025-SP-07.txt,https://www.jst.go.jp/crds/report/CRDS-FY2025-SP-07.html,官方PDF已保存并校验
先进材料、纳米与制造技术,核心科技直接材料,C-CRDS-FY2025-SP-07,2026-03-01,W3,未来のAI計算システムを支える光データ通信技術 ～ネットワークアーキテクチャーから光デバイス材料まで～,CRDS机构正式研究,C:\Users\WINDOWS\OneDrive\知识库\智库信息爬虫\国际主要科技智库观点演变_研判\03_证据底稿\原文PDF\C-CRDS-FY2025-SP-07.pdf,C:\Users\WINDOWS\OneDrive\知识库\智库信息爬虫\国际主要科技智库观点演变_研判\03_证据底稿\文本\C-CRDS-FY2025-SP-07.txt,https://www.jst.go.jp/crds/report/CRDS-FY2025-SP-07.html,官方PDF已保存并校验
生命科学、生物技术与医疗,核心科技直接材料,C-CRDS-FY2025-SP-07,2026-03-01,W3,未来のAI計算システムを支える光データ通信技術 ～ネットワークアーキテクチャーから光デバイス材料まで～,CRDS机构正式研究,C:\Users\WINDOWS\OneDrive\知识库\智库信息爬虫\国际主要科技智库观点演变_研判\03_证据底稿\原文PDF\C-CRDS-FY2025-SP-07.pdf,C:\Users\WINDOWS\OneDrive\知识库\智库信息爬虫\国际主要科技智库观点演变_研判\03_证据底稿\文本\C-CRDS-FY2025-SP-07.txt,https://www.jst.go.jp/crds/report/CRDS-FY2025-SP-07.html,官方PDF已保存并校验
能源、环境与绿色转型,核心科技直接材料,C-CRDS-FY2025-SP-07,2026-03-01,W3,未来のAI計算システムを支える光データ通信技術 ～ネットワークアーキテクチャーから光デバイス材料まで～,CRDS机构正式研究,C:\Users\WINDOWS\OneDrive\知识库\智库信息爬虫\国际主要科技智库观点演变_研判\03_证据底稿\原文PDF\C-CRDS-FY2025-SP-07.pdf,C:\Users\WINDOWS\OneDrive\知识库\智库信息爬虫\国际主要科技智库观点演变_研判\03_证据底稿\文本\C-CRDS-FY2025-SP-07.txt,https://www.jst.go.jp/crds/report/CRDS-FY2025-SP-07.html,官方PDF已保存并校验
科技创新政策、科研体系与人才,核心科技直接材料,C-CRDS-FY2025-SP-07,2026-03-01,W3,未来のAI計算システムを支える光データ通信技術 ～ネットワークアーキテクチャーから光デバイス材料まで～,CRDS机构正式研究,C:\Users\WINDOWS\OneDrive\知识库\智库信息爬虫\国际主要科技智库观点演变_研判\03_证据底稿\原文PDF\C-CRDS-FY2025-SP-07.pdf,C:\Users\WINDOWS\OneDrive\知识库\智库信息爬虫\国际主要科技智库观点演变_研判\03_证据底稿\文本\C-CRDS-FY2025-SP-07.txt,https://www.jst.go.jp/crds/report/CRDS-FY2025-SP-07.html,官方PDF已保存并校验
研究安全、科技外交与国际比较,核心科技直接材料,C-CRDS-FY2025-SP-07,2026-03-01,W3,未来のAI計算システムを支える光データ通信技術 ～ネットワークアーキテクチャーから光デバイス材料まで～,CRDS机构正式研究,C:\Users\WINDOWS\OneDrive\知识库\智库信息爬虫\国际主要科技智库观点演变_研判\03_证据底稿\原文PDF\C-CRDS-FY2025-SP-07.pdf,C:\Users\WINDOWS\OneDrive\知识库\智库信息爬虫\国际主要科技智库观点演变_研判\03_证据底稿\文本\C-CRDS-FY2025-SP-07.txt,https://www.jst.go.jp/crds/report/CRDS-FY2025-SP-07.html,官方PDF已保存并校验
人工智能、机器人与计算系统,核心科技直接材料,C-CRDS-FY2025-XR-12,2026-03-01,W3,研究基盤・研究インフラの海外政策動向（欧州、米国、韓国）,CRDS机构正式研究,C:\Users\WINDOWS\OneDrive\知识库\智库信息爬虫\国际主要科技智库观点演变_研判\03_证据底稿\原文PDF\C-CRDS-FY2025-XR-12.pdf,C:\Users\WINDOWS\OneDrive\知识库\智库信息爬虫\国际主要科技智库观点演变_研判\03_证据底稿\文本\C-CRDS-FY2025-XR-12.txt,https://www.jst.go.jp/crds/report/CRDS-FY2025-XR-12.html,官方PDF已保存并校验
芯片、量子、通信与网络安全,核心科技直接材料,C-CRDS-FY2025-XR-12,2026-03-01,W3,研究基盤・研究インフラの海外政策動向（欧州、米国、韓国）,CRDS机构正式研究,C:\Users\WINDOWS\OneDrive\知识库\智库信息爬虫\国际主要科技智库观点演变_研判\03_证据底稿\原文PDF\C-CRDS-FY2025-XR-12.pdf,C:\Users\WINDOWS\OneDrive\知识库\智库信息爬虫\国际主要科技智库观点演变_研判\03_证据底稿\文本\C-CRDS-FY2025-XR-12.txt,https://www.jst.go.jp/crds/report/CRDS-FY2025-XR-12.html,官方PDF已保存并校验
先进材料、纳米与制造技术,核心科技直接材料,C-CRDS-FY2025-XR-12,2026-03-01,W3,研究基盤・研究インフラの海外政策動向（欧州、米国、韓国）,CRDS机构正式研究,C:\Users\WINDOWS\OneDrive\知识库\智库信息爬虫\国际主要科技智库观点演变_研判\03_证据底稿\原文PDF\C-CRDS-FY2025-XR-12.pdf,C:\Users\WINDOWS\OneDrive\知识库\智库信息爬虫\国际主要科技智库观点演变_研判\03_证据底稿\文本\C-CRDS-FY2025-XR-12.txt,https://www.jst.go.jp/crds/report/CRDS-FY2025-XR-12.html,官方PDF已保存并校验
生命科学、生物技术与医疗,核心科技直接材料,C-CRDS-FY2025-XR-12,2026-03-01,W3,研究基盤・研究インフラの海外政策動向（欧州、米国、韓国）,CRDS机构正式研究,C:\Users\WINDOWS\OneDrive\知识库\智库信息爬虫\国际主要科技智库观点演变_研判\03_证据底稿\原文PDF\C-CRDS-FY2025-XR-12.pdf,C:\Users\WINDOWS\OneDrive\知识库\智库信息爬虫\国际主要科技智库观点演变_研判\03_证据底稿\文本\C-CRDS-FY2025-XR-12.txt,https://www.jst.go.jp/crds/report/CRDS-FY2025-XR-12.html,官方PDF已保存并校验
能源、环境与绿色转型,核心科技直接材料,C-CRDS-FY2025-XR-12,2026-03-01,W3,研究基盤・研究インフラの海外政策動向（欧州、米国、韓国）,CRDS机构正式研究,C:\Users\WINDOWS\OneDrive\知识库\智库信息爬虫\国际主要科技智库观点演变_研判\03_证据底稿\原文PDF\C-CRDS-FY2025-XR-12.pdf,C:\Users\WINDOWS\OneDrive\知识库\智库信息爬虫\国际主要科技智库观点演变_研判\03_证据底稿\文本\C-CRDS-FY2025-XR-12.txt,https://www.jst.go.jp/crds/report/CRDS-FY2025-XR-12.html,官方PDF已保存并校验
科技创新政策、科研体系与人才,核心科技直接材料,C-CRDS-FY2025-XR-12,2026-03-01,W3,研究基盤・研究インフラの海外政策動向（欧州、米国、韓国）,CRDS机构正式研究,C:\Users\WINDOWS\OneDrive\知识库\智库信息爬虫\国际主要科技智库观点演变_研判\03_证据底稿\原文PDF\C-CRDS-FY2025-XR-12.pdf,C:\Users\WINDOWS\OneDrive\知识库\智库信息爬虫\国际主要科技智库观点演变_研判\03_证据底稿\文本\C-CRDS-FY2025-XR-12.txt,https://www.jst.go.jp/crds/report/CRDS-FY2025-XR-12.html,官方PDF已保存并校验
研究安全、科技外交与国际比较,核心科技直接材料,C-CRDS-FY2025-XR-12,2026-03-01,W3,研究基盤・研究インフラの海外政策動向（欧州、米国、韓国）,CRDS机构正式研究,C:\Users\WINDOWS\OneDrive\知识库\智库信息爬虫\国际主要科技智库观点演变_研判\03_证据底稿\原文PDF\C-CRDS-FY2025-XR-12.pdf,C:\Users\WINDOWS\OneDrive\知识库\智库信息爬虫\国际主要科技智库观点演变_研判\03_证据底稿\文本\C-CRDS-FY2025-XR-12.txt,https://www.jst.go.jp/crds/report/CRDS-FY2025-XR-12.html,官方PDF已保存并校验
人工智能、机器人与计算系统,核心科技直接材料,C-CRDS-FY2025-XR-13,2026-03-01,W3,バイオ×材料科学：ものづくりにおける交差の潮流と展望,CRDS机构正式研究,C:\Users\WINDOWS\OneDrive\知识库\智库信息爬虫\国际主要科技智库观点演变_研判\03_证据底稿\原文PDF\C-CRDS-FY2025-XR-13.pdf,C:\Users\WINDOWS\OneDrive\知识库\智库信息爬虫\国际主要科技智库观点演变_研判\03_证据底稿\文本\C-CRDS-FY2025-XR-13.txt,https://www.jst.go.jp/crds/report/CRDS-FY2025-XR-13.html,官方PDF已保存并校验
先进材料、纳米与制造技术,核心科技直接材料,C-CRDS-FY2025-XR-13,2026-03-01,W3,バイオ×材料科学：ものづくりにおける交差の潮流と展望,CRDS机构正式研究,C:\Users\WINDOWS\OneDrive\知识库\智库信息爬虫\国际主要科技智库观点演变_研判\03_证据底稿\原文PDF\C-CRDS-FY2025-XR-13.pdf,C:\Users\WINDOWS\OneDrive\知识库\智库信息爬虫\国际主要科技智库观点演变_研判\03_证据底稿\文本\C-CRDS-FY2025-XR-13.txt,https://www.jst.go.jp/crds/report/CRDS-FY2025-XR-13.html,官方PDF已保存并校验
生命科学、生物技术与医疗,核心科技直接材料,C-CRDS-FY2025-XR-13,2026-03-01,W3,バイオ×材料科学：ものづくりにおける交差の潮流と展望,CRDS机构正式研究,C:\Users\WINDOWS\OneDrive\知识库\智库信息爬虫\国际主要科技智库观点演变_研判\03_证据底稿\原文PDF\C-CRDS-FY2025-XR-13.pdf,C:\Users\WINDOWS\OneDrive\知识库\智库信息爬虫\国际主要科技智库观点演变_研判\03_证据底稿\文本\C-CRDS-FY2025-XR-13.txt,https://www.jst.go.jp/crds/report/CRDS-FY2025-XR-13.html,官方PDF已保存并校验
能源、环境与绿色转型,核心科技直接材料,C-CRDS-FY2025-XR-13,2026-03-01,W3,バイオ×材料科学：ものづくりにおける交差の潮流と展望,CRDS机构正式研究,C:\Users\WINDOWS\OneDrive\知识库\智库信息爬虫\国际主要科技智库观点演变_研判\03_证据底稿\原文PDF\C-CRDS-FY2025-XR-13.pdf,C:\Users\WINDOWS\OneDrive\知识库\智库信息爬虫\国际主要科技智库观点演变_研判\03_证据底稿\文本\C-CRDS-FY2025-XR-13.txt,https://www.jst.go.jp/crds/report/CRDS-FY2025-XR-13.html,官方PDF已保存并校验
科技创新政策、科研体系与人才,核心科技直接材料,C-CRDS-FY2025-XR-13,2026-03-01,W3,バイオ×材料科学：ものづくりにおける交差の潮流と展望,CRDS机构正式研究,C:\Users\WINDOWS\OneDrive\知识库\智库信息爬虫\国际主要科技智库观点演变_研判\03_证据底稿\原文PDF\C-CRDS-FY2025-XR-13.pdf,C:\Users\WINDOWS\OneDrive\知识库\智库信息爬虫\国际主要科技智库观点演变_研判\03_证据底稿\文本\C-CRDS-FY2025-XR-13.txt,https://www.jst.go.jp/crds/report/CRDS-FY2025-XR-13.html,官方PDF已保存并校验
研究安全、科技外交与国际比较,核心科技直接材料,C-CRDS-FY2025-XR-13,2026-03-01,W3,バイオ×材料科学：ものづくりにおける交差の潮流と展望,CRDS机构正式研究,C:\Users\WINDOWS\OneDrive\知识库\智库信息爬虫\国际主要科技智库观点演变_研判\03_证据底稿\原文PDF\C-CRDS-FY2025-XR-13.pdf,C:\Users\WINDOWS\OneDrive\知识库\智库信息爬虫\国际主要科技智库观点演变_研判\03_证据底稿\文本\C-CRDS-FY2025-XR-13.txt,https://www.jst.go.jp/crds/report/CRDS-FY2025-XR-13.html,官方PDF已保存并校验
人工智能、机器人与计算系统,核心科技直接材料,C-CRDS-FY2025-XR-14,2026-03-01,W3,中国「第15次五カ年計画」（2026～2030年）における科学技術・イノベーション関連政策の概要,CRDS机构正式研究,C:\Users\WINDOWS\OneDrive\知识库\智库信息爬虫\国际主要科技智库观点演变_研判\03_证据底稿\原文PDF\C-CRDS-FY2025-XR-14.pdf,C:\Users\WINDOWS\OneDrive\知识库\智库信息爬虫\国际主要科技智库观点演变_研判\03_证据底稿\文本\C-CRDS-FY2025-XR-14.txt,https://www.jst.go.jp/crds/report/CRDS-FY2025-XR-14.html,官方PDF已保存并校验
芯片、量子、通信与网络安全,核心科技直接材料,C-CRDS-FY2025-XR-14,2026-03-01,W3,中国「第15次五カ年計画」（2026～2030年）における科学技術・イノベーション関連政策の概要,CRDS机构正式研究,C:\Users\WINDOWS\OneDrive\知识库\智库信息爬虫\国际主要科技智库观点演变_研判\03_证据底稿\原文PDF\C-CRDS-FY2025-XR-14.pdf,C:\Users\WINDOWS\OneDrive\知识库\智库信息爬虫\国际主要科技智库观点演变_研判\03_证据底稿\文本\C-CRDS-FY2025-XR-14.txt,https://www.jst.go.jp/crds/report/CRDS-FY2025-XR-14.html,官方PDF已保存并校验
先进材料、纳米与制造技术,核心科技直接材料,C-CRDS-FY2025-XR-14,2026-03-01,W3,中国「第15次五カ年計画」（2026～2030年）における科学技術・イノベーション関連政策の概要,CRDS机构正式研究,C:\Users\WINDOWS\OneDrive\知识库\智库信息爬虫\国际主要科技智库观点演变_研判\03_证据底稿\原文PDF\C-CRDS-FY2025-XR-14.pdf,C:\Users\WINDOWS\OneDrive\知识库\智库信息爬虫\国际主要科技智库观点演变_研判\03_证据底稿\文本\C-CRDS-FY2025-XR-14.txt,https://www.jst.go.jp/crds/report/CRDS-FY2025-XR-14.html,官方PDF已保存并校验
生命科学、生物技术与医疗,核心科技直接材料,C-CRDS-FY2025-XR-14,2026-03-01,W3,中国「第15次五カ年計画」（2026～2030年）における科学技術・イノベーション関連政策の概要,CRDS机构正式研究,C:\Users\WINDOWS\OneDrive\知识库\智库信息爬虫\国际主要科技智库观点演变_研判\03_证据底稿\原文PDF\C-CRDS-FY2025-XR-14.pdf,C:\Users\WINDOWS\OneDrive\知识库\智库信息爬虫\国际主要科技智库观点演变_研判\03_证据底稿\文本\C-CRDS-FY2025-XR-14.txt,https://www.jst.go.jp/crds/report/CRDS-FY2025-XR-14.html,官方PDF已保存并校验
能源、环境与绿色转型,核心科技直接材料,C-CRDS-FY2025-XR-14,2026-03-01,W3,中国「第15次五カ年計画」（2026～2030年）における科学技術・イノベーション関連政策の概要,CRDS机构正式研究,C:\Users\WINDOWS\OneDrive\知识库\智库信息爬虫\国际主要科技智库观点演变_研判\03_证据底稿\原文PDF\C-CRDS-FY2025-XR-14.pdf,C:\Users\WINDOWS\OneDrive\知识库\智库信息爬虫\国际主要科技智库观点演变_研判\03_证据底稿\文本\C-CRDS-FY2025-XR-14.txt,https://www.jst.go.jp/crds/report/CRDS-FY2025-XR-14.html,官方PDF已保存并校验
科技创新政策、科研体系与人才,核心科技直接材料,C-CRDS-FY2025-XR-14,2026-03-01,W3,中国「第15次五カ年計画」（2026～2030年）における科学技術・イノベーション関連政策の概要,CRDS机构正式研究,C:\Users\WINDOWS\OneDrive\知识库\智库信息爬虫\国际主要科技智库观点演变_研判\03_证据底稿\原文PDF\C-CRDS-FY2025-XR-14.pdf,C:\Users\WINDOWS\OneDrive\知识库\智库信息爬虫\国际主要科技智库观点演变_研判\03_证据底稿\文本\C-CRDS-FY2025-XR-14.txt,https://www.jst.go.jp/crds/report/CRDS-FY2025-XR-14.html,官方PDF已保存并校验
研究安全、科技外交与国际比较,核心科技直接材料,C-CRDS-FY2025-XR-14,2026-03-01,W3,中国「第15次五カ年計画」（2026～2030年）における科学技術・イノベーション関連政策の概要,CRDS机构正式研究,C:\Users\WINDOWS\OneDrive\知识库\智库信息爬虫\国际主要科技智库观点演变_研判\03_证据底稿\原文PDF\C-CRDS-FY2025-XR-14.pdf,C:\Users\WINDOWS\OneDrive\知识库\智库信息爬虫\国际主要科技智库观点演变_研判\03_证据底稿\文本\C-CRDS-FY2025-XR-14.txt,https://www.jst.go.jp/crds/report/CRDS-FY2025-XR-14.html,官方PDF已保存并校验
中国科技政策与能力比较,核心科技直接材料,C-CRDS-FY2025-XR-14,2026-03-01,W3,中国「第15次五カ年計画」（2026～2030年）における科学技術・イノベーション関連政策の概要,CRDS机构正式研究,C:\Users\WINDOWS\OneDrive\知识库\智库信息爬虫\国际主要科技智库观点演变_研判\03_证据底稿\原文PDF\C-CRDS-FY2025-XR-14.pdf,C:\Users\WINDOWS\OneDrive\知识库\智库信息爬虫\国际主要科技智库观点演变_研判\03_证据底稿\文本\C-CRDS-FY2025-XR-14.txt,https://www.jst.go.jp/crds/report/CRDS-FY2025-XR-14.html,官方PDF已保存并校验
