主题标签,科技关联层级,报告ID,发布日期,观察窗,报告名称,资料角色,本地原始资产,本地文本,官方落地页,本地状态
人工智能、数据与数字技术,科技创新政策与能力基线,C-NISTEP-DP130-1CFA250B,2016-02-01,W1,ノーベル賞受賞に伴う科学技術に対する関心の変化分析,作者讨论论文,C:\Users\WINDOWS\OneDrive\知识库\智库信息爬虫\国际主要科技智库观点演变_研判\03_证据底稿\原文PDF\C-NISTEP-DP130-1CFA250B.pdf,C:\Users\WINDOWS\OneDrive\知识库\智库信息爬虫\国际主要科技智库观点演变_研判\03_证据底稿\文本\C-NISTEP-DP130-1CFA250B.txt,http://hdl.handle.net/11035/3125,官方PDF已保存并校验
科技指标、论文与国际比较,科技创新政策与能力基线,C-NISTEP-DP130-1CFA250B,2016-02-01,W1,ノーベル賞受賞に伴う科学技術に対する関心の変化分析,作者讨论论文,C:\Users\WINDOWS\OneDrive\知识库\智库信息爬虫\国际主要科技智库观点演变_研判\03_证据底稿\原文PDF\C-NISTEP-DP130-1CFA250B.pdf,C:\Users\WINDOWS\OneDrive\知识库\智库信息爬虫\国际主要科技智库观点演变_研判\03_证据底稿\文本\C-NISTEP-DP130-1CFA250B.txt,http://hdl.handle.net/11035/3125,官方PDF已保存并校验
科研体系、资助与研究基础,科技创新政策与能力基线,C-NISTEP-DP130-1CFA250B,2016-02-01,W1,ノーベル賞受賞に伴う科学技術に対する関心の変化分析,作者讨论论文,C:\Users\WINDOWS\OneDrive\知识库\智库信息爬虫\国际主要科技智库观点演变_研判\03_证据底稿\原文PDF\C-NISTEP-DP130-1CFA250B.pdf,C:\Users\WINDOWS\OneDrive\知识库\智库信息爬虫\国际主要科技智库观点演变_研判\03_证据底稿\文本\C-NISTEP-DP130-1CFA250B.txt,http://hdl.handle.net/11035/3125,官方PDF已保存并校验
科技人才、博士与职业流动,科技创新政策与能力基线,C-NISTEP-DP130-1CFA250B,2016-02-01,W1,ノーベル賞受賞に伴う科学技術に対する関心の変化分析,作者讨论论文,C:\Users\WINDOWS\OneDrive\知识库\智库信息爬虫\国际主要科技智库观点演变_研判\03_证据底稿\原文PDF\C-NISTEP-DP130-1CFA250B.pdf,C:\Users\WINDOWS\OneDrive\知识库\智库信息爬虫\国际主要科技智库观点演变_研判\03_证据底稿\文本\C-NISTEP-DP130-1CFA250B.txt,http://hdl.handle.net/11035/3125,官方PDF已保存并校验
企业研发、创新与产学合作,科技创新政策与能力基线,C-NISTEP-DP130-1CFA250B,2016-02-01,W1,ノーベル賞受賞に伴う科学技術に対する関心の変化分析,作者讨论论文,C:\Users\WINDOWS\OneDrive\知识库\智库信息爬虫\国际主要科技智库观点演变_研判\03_证据底稿\原文PDF\C-NISTEP-DP130-1CFA250B.pdf,C:\Users\WINDOWS\OneDrive\知识库\智库信息爬虫\国际主要科技智库观点演变_研判\03_证据底稿\文本\C-NISTEP-DP130-1CFA250B.txt,http://hdl.handle.net/11035/3125,官方PDF已保存并校验
科技前瞻、新兴议题与社会,科技创新政策与能力基线,C-NISTEP-DP130-1CFA250B,2016-02-01,W1,ノーベル賞受賞に伴う科学技術に対する関心の変化分析,作者讨论论文,C:\Users\WINDOWS\OneDrive\知识库\智库信息爬虫\国际主要科技智库观点演变_研判\03_证据底稿\原文PDF\C-NISTEP-DP130-1CFA250B.pdf,C:\Users\WINDOWS\OneDrive\知识库\智库信息爬虫\国际主要科技智库观点演变_研判\03_证据底稿\文本\C-NISTEP-DP130-1CFA250B.txt,http://hdl.handle.net/11035/3125,官方PDF已保存并校验
人工智能、数据与数字技术,科技创新政策与能力基线,C-NISTEP-DP131-4B34F2C3,2016-02-01,W1,企業の生産性と国際競争力：日本と韓国の製造業の比較分析,作者讨论论文,C:\Users\WINDOWS\OneDrive\知识库\智库信息爬虫\国际主要科技智库观点演变_研判\03_证据底稿\原文PDF\C-NISTEP-DP131-4B34F2C3.pdf,C:\Users\WINDOWS\OneDrive\知识库\智库信息爬虫\国际主要科技智库观点演变_研判\03_证据底稿\文本\C-NISTEP-DP131-4B34F2C3.txt,http://hdl.handle.net/11035/3126,官方PDF已保存并校验
企业研发、创新与产学合作,科技创新政策与能力基线,C-NISTEP-DP131-4B34F2C3,2016-02-01,W1,企業の生産性と国際競争力：日本と韓国の製造業の比較分析,作者讨论论文,C:\Users\WINDOWS\OneDrive\知识库\智库信息爬虫\国际主要科技智库观点演变_研判\03_证据底稿\原文PDF\C-NISTEP-DP131-4B34F2C3.pdf,C:\Users\WINDOWS\OneDrive\知识库\智库信息爬虫\国际主要科技智库观点演变_研判\03_证据底稿\文本\C-NISTEP-DP131-4B34F2C3.txt,http://hdl.handle.net/11035/3126,官方PDF已保存并校验
科技指标、论文与国际比较,科技创新政策与能力基线,C-NISTEP-RM245-8B9C6A48,2016-02-01,W1,小・中・高校生の科学技術に関する情報に対する意識と情報源について－2015年の日本人研究者によるノーベル賞受賞決定直後の親子意識調査より－,机构正式研究,C:\Users\WINDOWS\OneDrive\知识库\智库信息爬虫\国际主要科技智库观点演变_研判\03_证据底稿\原文PDF\C-NISTEP-RM245-8B9C6A48.pdf,C:\Users\WINDOWS\OneDrive\知识库\智库信息爬虫\国际主要科技智库观点演变_研判\03_证据底稿\文本\C-NISTEP-RM245-8B9C6A48.txt,http://hdl.handle.net/11035/3124,官方PDF已保存并校验
科研体系、资助与研究基础,科技创新政策与能力基线,C-NISTEP-RM245-8B9C6A48,2016-02-01,W1,小・中・高校生の科学技術に関する情報に対する意識と情報源について－2015年の日本人研究者によるノーベル賞受賞決定直後の親子意識調査より－,机构正式研究,C:\Users\WINDOWS\OneDrive\知识库\智库信息爬虫\国际主要科技智库观点演变_研判\03_证据底稿\原文PDF\C-NISTEP-RM245-8B9C6A48.pdf,C:\Users\WINDOWS\OneDrive\知识库\智库信息爬虫\国际主要科技智库观点演变_研判\03_证据底稿\文本\C-NISTEP-RM245-8B9C6A48.txt,http://hdl.handle.net/11035/3124,官方PDF已保存并校验
科技人才、博士与职业流动,科技创新政策与能力基线,C-NISTEP-RM245-8B9C6A48,2016-02-01,W1,小・中・高校生の科学技術に関する情報に対する意識と情報源について－2015年の日本人研究者によるノーベル賞受賞決定直後の親子意識調査より－,机构正式研究,C:\Users\WINDOWS\OneDrive\知识库\智库信息爬虫\国际主要科技智库观点演变_研判\03_证据底稿\原文PDF\C-NISTEP-RM245-8B9C6A48.pdf,C:\Users\WINDOWS\OneDrive\知识库\智库信息爬虫\国际主要科技智库观点演变_研判\03_证据底稿\文本\C-NISTEP-RM245-8B9C6A48.txt,http://hdl.handle.net/11035/3124,官方PDF已保存并校验
人工智能、数据与数字技术,科技创新政策与能力基线,C-NISTEP-DP132-51CF1112,2016-03-01,W1,日本企業の研究開発戦略と研究開発活動-民間企業の研究活動に関する調査のパネルデータを用いた企業レベルの分析-,作者讨论论文,C:\Users\WINDOWS\OneDrive\知识库\智库信息爬虫\国际主要科技智库观点演变_研判\03_证据底稿\原文PDF\C-NISTEP-DP132-51CF1112.pdf,C:\Users\WINDOWS\OneDrive\知识库\智库信息爬虫\国际主要科技智库观点演变_研判\03_证据底稿\文本\C-NISTEP-DP132-51CF1112.txt,http://hdl.handle.net/11035/3131,官方PDF已保存并校验
关键技术、专利与产业竞争力,科技创新政策与能力基线,C-NISTEP-DP132-51CF1112,2016-03-01,W1,日本企業の研究開発戦略と研究開発活動-民間企業の研究活動に関する調査のパネルデータを用いた企業レベルの分析-,作者讨论论文,C:\Users\WINDOWS\OneDrive\知识库\智库信息爬虫\国际主要科技智库观点演变_研判\03_证据底稿\原文PDF\C-NISTEP-DP132-51CF1112.pdf,C:\Users\WINDOWS\OneDrive\知识库\智库信息爬虫\国际主要科技智库观点演变_研判\03_证据底稿\文本\C-NISTEP-DP132-51CF1112.txt,http://hdl.handle.net/11035/3131,官方PDF已保存并校验
科技指标、论文与国际比较,科技创新政策与能力基线,C-NISTEP-DP132-51CF1112,2016-03-01,W1,日本企業の研究開発戦略と研究開発活動-民間企業の研究活動に関する調査のパネルデータを用いた企業レベルの分析-,作者讨论论文,C:\Users\WINDOWS\OneDrive\知识库\智库信息爬虫\国际主要科技智库观点演变_研判\03_证据底稿\原文PDF\C-NISTEP-DP132-51CF1112.pdf,C:\Users\WINDOWS\OneDrive\知识库\智库信息爬虫\国际主要科技智库观点演变_研判\03_证据底稿\文本\C-NISTEP-DP132-51CF1112.txt,http://hdl.handle.net/11035/3131,官方PDF已保存并校验
科研体系、资助与研究基础,科技创新政策与能力基线,C-NISTEP-DP132-51CF1112,2016-03-01,W1,日本企業の研究開発戦略と研究開発活動-民間企業の研究活動に関する調査のパネルデータを用いた企業レベルの分析-,作者讨论论文,C:\Users\WINDOWS\OneDrive\知识库\智库信息爬虫\国际主要科技智库观点演变_研判\03_证据底稿\原文PDF\C-NISTEP-DP132-51CF1112.pdf,C:\Users\WINDOWS\OneDrive\知识库\智库信息爬虫\国际主要科技智库观点演变_研判\03_证据底稿\文本\C-NISTEP-DP132-51CF1112.txt,http://hdl.handle.net/11035/3131,官方PDF已保存并校验
科技人才、博士与职业流动,科技创新政策与能力基线,C-NISTEP-DP132-51CF1112,2016-03-01,W1,日本企業の研究開発戦略と研究開発活動-民間企業の研究活動に関する調査のパネルデータを用いた企業レベルの分析-,作者讨论论文,C:\Users\WINDOWS\OneDrive\知识库\智库信息爬虫\国际主要科技智库观点演变_研判\03_证据底稿\原文PDF\C-NISTEP-DP132-51CF1112.pdf,C:\Users\WINDOWS\OneDrive\知识库\智库信息爬虫\国际主要科技智库观点演变_研判\03_证据底稿\文本\C-NISTEP-DP132-51CF1112.txt,http://hdl.handle.net/11035/3131,官方PDF已保存并校验
企业研发、创新与产学合作,科技创新政策与能力基线,C-NISTEP-DP132-51CF1112,2016-03-01,W1,日本企業の研究開発戦略と研究開発活動-民間企業の研究活動に関する調査のパネルデータを用いた企業レベルの分析-,作者讨论论文,C:\Users\WINDOWS\OneDrive\知识库\智库信息爬虫\国际主要科技智库观点演变_研判\03_证据底稿\原文PDF\C-NISTEP-DP132-51CF1112.pdf,C:\Users\WINDOWS\OneDrive\知识库\智库信息爬虫\国际主要科技智库观点演变_研判\03_证据底稿\文本\C-NISTEP-DP132-51CF1112.txt,http://hdl.handle.net/11035/3131,官方PDF已保存并校验
人工智能、数据与数字技术,科技创新政策与能力基线,C-NISTEP-DP133-3D61F385,2016-03-01,W1,環境規制と経済的効果-製造事業所のVOC 排出に関する自主的取組に注目した定量分析-,作者讨论论文,C:\Users\WINDOWS\OneDrive\知识库\智库信息爬虫\国际主要科技智库观点演变_研判\03_证据底稿\原文PDF\C-NISTEP-DP133-3D61F385.pdf,C:\Users\WINDOWS\OneDrive\知识库\智库信息爬虫\国际主要科技智库观点演变_研判\03_证据底稿\文本\C-NISTEP-DP133-3D61F385.txt,http://hdl.handle.net/11035/3132,官方PDF已保存并校验
科技指标、论文与国际比较,科技创新政策与能力基线,C-NISTEP-DP133-3D61F385,2016-03-01,W1,環境規制と経済的効果-製造事業所のVOC 排出に関する自主的取組に注目した定量分析-,作者讨论论文,C:\Users\WINDOWS\OneDrive\知识库\智库信息爬虫\国际主要科技智库观点演变_研判\03_证据底稿\原文PDF\C-NISTEP-DP133-3D61F385.pdf,C:\Users\WINDOWS\OneDrive\知识库\智库信息爬虫\国际主要科技智库观点演变_研判\03_证据底稿\文本\C-NISTEP-DP133-3D61F385.txt,http://hdl.handle.net/11035/3132,官方PDF已保存并校验
科研体系、资助与研究基础,科技创新政策与能力基线,C-NISTEP-DP133-3D61F385,2016-03-01,W1,環境規制と経済的効果-製造事業所のVOC 排出に関する自主的取組に注目した定量分析-,作者讨论论文,C:\Users\WINDOWS\OneDrive\知识库\智库信息爬虫\国际主要科技智库观点演变_研判\03_证据底稿\原文PDF\C-NISTEP-DP133-3D61F385.pdf,C:\Users\WINDOWS\OneDrive\知识库\智库信息爬虫\国际主要科技智库观点演变_研判\03_证据底稿\文本\C-NISTEP-DP133-3D61F385.txt,http://hdl.handle.net/11035/3132,官方PDF已保存并校验
科技人才、博士与职业流动,科技创新政策与能力基线,C-NISTEP-DP133-3D61F385,2016-03-01,W1,環境規制と経済的効果-製造事業所のVOC 排出に関する自主的取組に注目した定量分析-,作者讨论论文,C:\Users\WINDOWS\OneDrive\知识库\智库信息爬虫\国际主要科技智库观点演变_研判\03_证据底稿\原文PDF\C-NISTEP-DP133-3D61F385.pdf,C:\Users\WINDOWS\OneDrive\知识库\智库信息爬虫\国际主要科技智库观点演变_研判\03_证据底稿\文本\C-NISTEP-DP133-3D61F385.txt,http://hdl.handle.net/11035/3132,官方PDF已保存并校验
企业研发、创新与产学合作,科技创新政策与能力基线,C-NISTEP-DP133-3D61F385,2016-03-01,W1,環境規制と経済的効果-製造事業所のVOC 排出に関する自主的取組に注目した定量分析-,作者讨论论文,C:\Users\WINDOWS\OneDrive\知识库\智库信息爬虫\国际主要科技智库观点演变_研判\03_证据底稿\原文PDF\C-NISTEP-DP133-3D61F385.pdf,C:\Users\WINDOWS\OneDrive\知识库\智库信息爬虫\国际主要科技智库观点演变_研判\03_证据底稿\文本\C-NISTEP-DP133-3D61F385.txt,http://hdl.handle.net/11035/3132,官方PDF已保存并校验
人工智能、数据与数字技术,科技创新政策与能力基线,C-NISTEP-DP134-C3B98F57,2016-03-01,W1,大学研究者の研究変遷に関する調査研究,作者讨论论文,C:\Users\WINDOWS\OneDrive\知识库\智库信息爬虫\国际主要科技智库观点演变_研判\03_证据底稿\原文PDF\C-NISTEP-DP134-C3B98F57.pdf,C:\Users\WINDOWS\OneDrive\知识库\智库信息爬虫\国际主要科技智库观点演变_研判\03_证据底稿\文本\C-NISTEP-DP134-C3B98F57.txt,http://hdl.handle.net/11035/3133,官方PDF已保存并校验
关键技术、专利与产业竞争力,科技创新政策与能力基线,C-NISTEP-DP134-C3B98F57,2016-03-01,W1,大学研究者の研究変遷に関する調査研究,作者讨论论文,C:\Users\WINDOWS\OneDrive\知识库\智库信息爬虫\国际主要科技智库观点演变_研判\03_证据底稿\原文PDF\C-NISTEP-DP134-C3B98F57.pdf,C:\Users\WINDOWS\OneDrive\知识库\智库信息爬虫\国际主要科技智库观点演变_研判\03_证据底稿\文本\C-NISTEP-DP134-C3B98F57.txt,http://hdl.handle.net/11035/3133,官方PDF已保存并校验
科技指标、论文与国际比较,科技创新政策与能力基线,C-NISTEP-DP134-C3B98F57,2016-03-01,W1,大学研究者の研究変遷に関する調査研究,作者讨论论文,C:\Users\WINDOWS\OneDrive\知识库\智库信息爬虫\国际主要科技智库观点演变_研判\03_证据底稿\原文PDF\C-NISTEP-DP134-C3B98F57.pdf,C:\Users\WINDOWS\OneDrive\知识库\智库信息爬虫\国际主要科技智库观点演变_研判\03_证据底稿\文本\C-NISTEP-DP134-C3B98F57.txt,http://hdl.handle.net/11035/3133,官方PDF已保存并校验
科研体系、资助与研究基础,科技创新政策与能力基线,C-NISTEP-DP134-C3B98F57,2016-03-01,W1,大学研究者の研究変遷に関する調査研究,作者讨论论文,C:\Users\WINDOWS\OneDrive\知识库\智库信息爬虫\国际主要科技智库观点演变_研判\03_证据底稿\原文PDF\C-NISTEP-DP134-C3B98F57.pdf,C:\Users\WINDOWS\OneDrive\知识库\智库信息爬虫\国际主要科技智库观点演变_研判\03_证据底稿\文本\C-NISTEP-DP134-C3B98F57.txt,http://hdl.handle.net/11035/3133,官方PDF已保存并校验
科技人才、博士与职业流动,科技创新政策与能力基线,C-NISTEP-DP134-C3B98F57,2016-03-01,W1,大学研究者の研究変遷に関する調査研究,作者讨论论文,C:\Users\WINDOWS\OneDrive\知识库\智库信息爬虫\国际主要科技智库观点演变_研判\03_证据底稿\原文PDF\C-NISTEP-DP134-C3B98F57.pdf,C:\Users\WINDOWS\OneDrive\知识库\智库信息爬虫\国际主要科技智库观点演变_研判\03_证据底稿\文本\C-NISTEP-DP134-C3B98F57.txt,http://hdl.handle.net/11035/3133,官方PDF已保存并校验
企业研发、创新与产学合作,科技创新政策与能力基线,C-NISTEP-DP134-C3B98F57,2016-03-01,W1,大学研究者の研究変遷に関する調査研究,作者讨论论文,C:\Users\WINDOWS\OneDrive\知识库\智库信息爬虫\国际主要科技智库观点演变_研判\03_证据底稿\原文PDF\C-NISTEP-DP134-C3B98F57.pdf,C:\Users\WINDOWS\OneDrive\知识库\智库信息爬虫\国际主要科技智库观点演变_研判\03_证据底稿\文本\C-NISTEP-DP134-C3B98F57.txt,http://hdl.handle.net/11035/3133,官方PDF已保存并校验
人工智能、数据与数字技术,科技创新政策与能力基线,C-NISTEP-DP135-5044E508,2016-03-01,W1,第 10 回科学技術予測調査分野別科学技術予測の詳細分析－デルファイ法による意見収れんの検証－,作者讨论论文,C:\Users\WINDOWS\OneDrive\知识库\智库信息爬虫\国际主要科技智库观点演变_研判\03_证据底稿\原文PDF\C-NISTEP-DP135-5044E508.pdf,C:\Users\WINDOWS\OneDrive\知识库\智库信息爬虫\国际主要科技智库观点演变_研判\03_证据底稿\文本\C-NISTEP-DP135-5044E508.txt,http://hdl.handle.net/11035/3137,官方PDF已保存并校验
关键技术、专利与产业竞争力,科技创新政策与能力基线,C-NISTEP-DP135-5044E508,2016-03-01,W1,第 10 回科学技術予測調査分野別科学技術予測の詳細分析－デルファイ法による意見収れんの検証－,作者讨论论文,C:\Users\WINDOWS\OneDrive\知识库\智库信息爬虫\国际主要科技智库观点演变_研判\03_证据底稿\原文PDF\C-NISTEP-DP135-5044E508.pdf,C:\Users\WINDOWS\OneDrive\知识库\智库信息爬虫\国际主要科技智库观点演变_研判\03_证据底稿\文本\C-NISTEP-DP135-5044E508.txt,http://hdl.handle.net/11035/3137,官方PDF已保存并校验
科技指标、论文与国际比较,科技创新政策与能力基线,C-NISTEP-DP135-5044E508,2016-03-01,W1,第 10 回科学技術予測調査分野別科学技術予測の詳細分析－デルファイ法による意見収れんの検証－,作者讨论论文,C:\Users\WINDOWS\OneDrive\知识库\智库信息爬虫\国际主要科技智库观点演变_研判\03_证据底稿\原文PDF\C-NISTEP-DP135-5044E508.pdf,C:\Users\WINDOWS\OneDrive\知识库\智库信息爬虫\国际主要科技智库观点演变_研判\03_证据底稿\文本\C-NISTEP-DP135-5044E508.txt,http://hdl.handle.net/11035/3137,官方PDF已保存并校验
科研体系、资助与研究基础,科技创新政策与能力基线,C-NISTEP-DP135-5044E508,2016-03-01,W1,第 10 回科学技術予測調査分野別科学技術予測の詳細分析－デルファイ法による意見収れんの検証－,作者讨论论文,C:\Users\WINDOWS\OneDrive\知识库\智库信息爬虫\国际主要科技智库观点演变_研判\03_证据底稿\原文PDF\C-NISTEP-DP135-5044E508.pdf,C:\Users\WINDOWS\OneDrive\知识库\智库信息爬虫\国际主要科技智库观点演变_研判\03_证据底稿\文本\C-NISTEP-DP135-5044E508.txt,http://hdl.handle.net/11035/3137,官方PDF已保存并校验
科技人才、博士与职业流动,科技创新政策与能力基线,C-NISTEP-DP135-5044E508,2016-03-01,W1,第 10 回科学技術予測調査分野別科学技術予測の詳細分析－デルファイ法による意見収れんの検証－,作者讨论论文,C:\Users\WINDOWS\OneDrive\知识库\智库信息爬虫\国际主要科技智库观点演变_研判\03_证据底稿\原文PDF\C-NISTEP-DP135-5044E508.pdf,C:\Users\WINDOWS\OneDrive\知识库\智库信息爬虫\国际主要科技智库观点演变_研判\03_证据底稿\文本\C-NISTEP-DP135-5044E508.txt,http://hdl.handle.net/11035/3137,官方PDF已保存并校验
企业研发、创新与产学合作,科技创新政策与能力基线,C-NISTEP-DP135-5044E508,2016-03-01,W1,第 10 回科学技術予測調査分野別科学技術予測の詳細分析－デルファイ法による意見収れんの検証－,作者讨论论文,C:\Users\WINDOWS\OneDrive\知识库\智库信息爬虫\国际主要科技智库观点演变_研判\03_证据底稿\原文PDF\C-NISTEP-DP135-5044E508.pdf,C:\Users\WINDOWS\OneDrive\知识库\智库信息爬虫\国际主要科技智库观点演变_研判\03_证据底稿\文本\C-NISTEP-DP135-5044E508.txt,http://hdl.handle.net/11035/3137,官方PDF已保存并校验
科技前瞻、新兴议题与社会,科技创新政策与能力基线,C-NISTEP-DP135-5044E508,2016-03-01,W1,第 10 回科学技術予測調査分野別科学技術予測の詳細分析－デルファイ法による意見収れんの検証－,作者讨论论文,C:\Users\WINDOWS\OneDrive\知识库\智库信息爬虫\国际主要科技智库观点演变_研判\03_证据底稿\原文PDF\C-NISTEP-DP135-5044E508.pdf,C:\Users\WINDOWS\OneDrive\知识库\智库信息爬虫\国际主要科技智库观点演变_研判\03_证据底稿\文本\C-NISTEP-DP135-5044E508.txt,http://hdl.handle.net/11035/3137,官方PDF已保存并校验
开放科学、研究诚信与治理,科技创新政策与能力基线,C-NISTEP-DP135-5044E508,2016-03-01,W1,第 10 回科学技術予測調査分野別科学技術予測の詳細分析－デルファイ法による意見収れんの検証－,作者讨论论文,C:\Users\WINDOWS\OneDrive\知识库\智库信息爬虫\国际主要科技智库观点演变_研判\03_证据底稿\原文PDF\C-NISTEP-DP135-5044E508.pdf,C:\Users\WINDOWS\OneDrive\知识库\智库信息爬虫\国际主要科技智库观点演变_研判\03_证据底稿\文本\C-NISTEP-DP135-5044E508.txt,http://hdl.handle.net/11035/3137,官方PDF已保存并校验
科技指标、论文与国际比较,科技创新政策与能力基线,C-NISTEP-NR166-51196CC1,2016-03-01,W1,科学技術の状況に係る総合的意識調査（NISTEP定点調査2015）報告書,机构正式研究,C:\Users\WINDOWS\OneDrive\知识库\智库信息爬虫\国际主要科技智库观点演变_研判\03_证据底稿\原文PDF\C-NISTEP-NR166-51196CC1.pdf,C:\Users\WINDOWS\OneDrive\知识库\智库信息爬虫\国际主要科技智库观点演变_研判\03_证据底稿\文本\C-NISTEP-NR166-51196CC1.txt,http://hdl.handle.net/11035/3129,官方PDF已保存并校验
科研体系、资助与研究基础,科技创新政策与能力基线,C-NISTEP-NR166-51196CC1,2016-03-01,W1,科学技術の状況に係る総合的意識調査（NISTEP定点調査2015）報告書,机构正式研究,C:\Users\WINDOWS\OneDrive\知识库\智库信息爬虫\国际主要科技智库观点演变_研判\03_证据底稿\原文PDF\C-NISTEP-NR166-51196CC1.pdf,C:\Users\WINDOWS\OneDrive\知识库\智库信息爬虫\国际主要科技智库观点演变_研判\03_证据底稿\文本\C-NISTEP-NR166-51196CC1.txt,http://hdl.handle.net/11035/3129,官方PDF已保存并校验
科技人才、博士与职业流动,科技创新政策与能力基线,C-NISTEP-NR166-51196CC1,2016-03-01,W1,科学技術の状況に係る総合的意識調査（NISTEP定点調査2015）報告書,机构正式研究,C:\Users\WINDOWS\OneDrive\知识库\智库信息爬虫\国际主要科技智库观点演变_研判\03_证据底稿\原文PDF\C-NISTEP-NR166-51196CC1.pdf,C:\Users\WINDOWS\OneDrive\知识库\智库信息爬虫\国际主要科技智库观点演变_研判\03_证据底稿\文本\C-NISTEP-NR166-51196CC1.txt,http://hdl.handle.net/11035/3129,官方PDF已保存并校验
企业研发、创新与产学合作,科技创新政策与能力基线,C-NISTEP-NR166-51196CC1,2016-03-01,W1,科学技術の状況に係る総合的意識調査（NISTEP定点調査2015）報告書,机构正式研究,C:\Users\WINDOWS\OneDrive\知识库\智库信息爬虫\国际主要科技智库观点演变_研判\03_证据底稿\原文PDF\C-NISTEP-NR166-51196CC1.pdf,C:\Users\WINDOWS\OneDrive\知识库\智库信息爬虫\国际主要科技智库观点演变_研判\03_证据底稿\文本\C-NISTEP-NR166-51196CC1.txt,http://hdl.handle.net/11035/3129,官方PDF已保存并校验
人工智能、数据与数字技术,科技创新政策与能力基线,C-NISTEP-NR167-3780C0A1,2016-03-01,W1,科学技術の状況に係る総合的意識調査（NISTEP定点調査2015）データ集,机构正式研究,C:\Users\WINDOWS\OneDrive\知识库\智库信息爬虫\国际主要科技智库观点演变_研判\03_证据底稿\原文PDF\C-NISTEP-NR167-3780C0A1.pdf,C:\Users\WINDOWS\OneDrive\知识库\智库信息爬虫\国际主要科技智库观点演变_研判\03_证据底稿\文本\C-NISTEP-NR167-3780C0A1.txt,http://hdl.handle.net/11035/3130,官方PDF已保存并校验
科研体系、资助与研究基础,科技创新政策与能力基线,C-NISTEP-NR167-3780C0A1,2016-03-01,W1,科学技術の状況に係る総合的意識調査（NISTEP定点調査2015）データ集,机构正式研究,C:\Users\WINDOWS\OneDrive\知识库\智库信息爬虫\国际主要科技智库观点演变_研判\03_证据底稿\原文PDF\C-NISTEP-NR167-3780C0A1.pdf,C:\Users\WINDOWS\OneDrive\知识库\智库信息爬虫\国际主要科技智库观点演变_研判\03_证据底稿\文本\C-NISTEP-NR167-3780C0A1.txt,http://hdl.handle.net/11035/3130,官方PDF已保存并校验
科技人才、博士与职业流动,科技创新政策与能力基线,C-NISTEP-NR167-3780C0A1,2016-03-01,W1,科学技術の状況に係る総合的意識調査（NISTEP定点調査2015）データ集,机构正式研究,C:\Users\WINDOWS\OneDrive\知识库\智库信息爬虫\国际主要科技智库观点演变_研判\03_证据底稿\原文PDF\C-NISTEP-NR167-3780C0A1.pdf,C:\Users\WINDOWS\OneDrive\知识库\智库信息爬虫\国际主要科技智库观点演变_研判\03_证据底稿\文本\C-NISTEP-NR167-3780C0A1.txt,http://hdl.handle.net/11035/3130,官方PDF已保存并校验
企业研发、创新与产学合作,科技创新政策与能力基线,C-NISTEP-NR167-3780C0A1,2016-03-01,W1,科学技術の状況に係る総合的意識調査（NISTEP定点調査2015）データ集,机构正式研究,C:\Users\WINDOWS\OneDrive\知识库\智库信息爬虫\国际主要科技智库观点演变_研判\03_证据底稿\原文PDF\C-NISTEP-NR167-3780C0A1.pdf,C:\Users\WINDOWS\OneDrive\知识库\智库信息爬虫\国际主要科技智库观点演变_研判\03_证据底稿\文本\C-NISTEP-NR167-3780C0A1.txt,http://hdl.handle.net/11035/3130,官方PDF已保存并校验
人工智能、数据与数字技术,科技创新政策与能力基线,C-NISTEP-RM246-28723477,2016-03-01,W1,地域科学技術指標2016,机构正式研究,C:\Users\WINDOWS\OneDrive\知识库\智库信息爬虫\国际主要科技智库观点演变_研判\03_证据底稿\网页文本\C-NISTEP-RM246-28723477.txt,C:\Users\WINDOWS\OneDrive\知识库\智库信息爬虫\国际主要科技智库观点演变_研判\03_证据底稿\网页文本\C-NISTEP-RM246-28723477.txt,http://hdl.handle.net/11035/3127,官方仓储PDF代理全文已保存
关键技术、专利与产业竞争力,科技创新政策与能力基线,C-NISTEP-RM246-28723477,2016-03-01,W1,地域科学技術指標2016,机构正式研究,C:\Users\WINDOWS\OneDrive\知识库\智库信息爬虫\国际主要科技智库观点演变_研判\03_证据底稿\网页文本\C-NISTEP-RM246-28723477.txt,C:\Users\WINDOWS\OneDrive\知识库\智库信息爬虫\国际主要科技智库观点演变_研判\03_证据底稿\网页文本\C-NISTEP-RM246-28723477.txt,http://hdl.handle.net/11035/3127,官方仓储PDF代理全文已保存
科技指标、论文与国际比较,科技创新政策与能力基线,C-NISTEP-RM246-28723477,2016-03-01,W1,地域科学技術指標2016,机构正式研究,C:\Users\WINDOWS\OneDrive\知识库\智库信息爬虫\国际主要科技智库观点演变_研判\03_证据底稿\网页文本\C-NISTEP-RM246-28723477.txt,C:\Users\WINDOWS\OneDrive\知识库\智库信息爬虫\国际主要科技智库观点演变_研判\03_证据底稿\网页文本\C-NISTEP-RM246-28723477.txt,http://hdl.handle.net/11035/3127,官方仓储PDF代理全文已保存
科研体系、资助与研究基础,科技创新政策与能力基线,C-NISTEP-RM246-28723477,2016-03-01,W1,地域科学技術指標2016,机构正式研究,C:\Users\WINDOWS\OneDrive\知识库\智库信息爬虫\国际主要科技智库观点演变_研判\03_证据底稿\网页文本\C-NISTEP-RM246-28723477.txt,C:\Users\WINDOWS\OneDrive\知识库\智库信息爬虫\国际主要科技智库观点演变_研判\03_证据底稿\网页文本\C-NISTEP-RM246-28723477.txt,http://hdl.handle.net/11035/3127,官方仓储PDF代理全文已保存
科技人才、博士与职业流动,科技创新政策与能力基线,C-NISTEP-RM246-28723477,2016-03-01,W1,地域科学技術指標2016,机构正式研究,C:\Users\WINDOWS\OneDrive\知识库\智库信息爬虫\国际主要科技智库观点演变_研判\03_证据底稿\网页文本\C-NISTEP-RM246-28723477.txt,C:\Users\WINDOWS\OneDrive\知识库\智库信息爬虫\国际主要科技智库观点演变_研判\03_证据底稿\网页文本\C-NISTEP-RM246-28723477.txt,http://hdl.handle.net/11035/3127,官方仓储PDF代理全文已保存
企业研发、创新与产学合作,科技创新政策与能力基线,C-NISTEP-RM246-28723477,2016-03-01,W1,地域科学技術指標2016,机构正式研究,C:\Users\WINDOWS\OneDrive\知识库\智库信息爬虫\国际主要科技智库观点演变_研判\03_证据底稿\网页文本\C-NISTEP-RM246-28723477.txt,C:\Users\WINDOWS\OneDrive\知识库\智库信息爬虫\国际主要科技智库观点演变_研判\03_证据底稿\网页文本\C-NISTEP-RM246-28723477.txt,http://hdl.handle.net/11035/3127,官方仓储PDF代理全文已保存
科技创新政策与研究体系,科技创新政策与能力基线,C-NISTEP-RM247-90849ED3,2016-03-01,W1,知的生産活動の集積傾向に関する分析報告,机构正式研究,C:\Users\WINDOWS\OneDrive\知识库\智库信息爬虫\国际主要科技智库观点演变_研判\03_证据底稿\原文PDF\C-NISTEP-RM247-90849ED3.pdf,C:\Users\WINDOWS\OneDrive\知识库\智库信息爬虫\国际主要科技智库观点演变_研判\03_证据底稿\文本\C-NISTEP-RM247-90849ED3.txt,http://hdl.handle.net/11035/3135,官方PDF已保存并校验
人工智能、数据与数字技术,科技创新政策与能力基线,C-NISTEP-RM248-9E4E5AB8,2016-03-01,W1,第 10 回科学技術予測調査 科学技術予測に資する将来社会ビジョンの検討～2013 年度実施ワークショップの記録～,机构正式研究,C:\Users\WINDOWS\OneDrive\知识库\智库信息爬虫\国际主要科技智库观点演变_研判\03_证据底稿\原文PDF\C-NISTEP-RM248-9E4E5AB8.pdf,C:\Users\WINDOWS\OneDrive\知识库\智库信息爬虫\国际主要科技智库观点演变_研判\03_证据底稿\文本\C-NISTEP-RM248-9E4E5AB8.txt,http://hdl.handle.net/11035/3142,官方PDF已保存并校验
关键技术、专利与产业竞争力,科技创新政策与能力基线,C-NISTEP-RM248-9E4E5AB8,2016-03-01,W1,第 10 回科学技術予測調査 科学技術予測に資する将来社会ビジョンの検討～2013 年度実施ワークショップの記録～,机构正式研究,C:\Users\WINDOWS\OneDrive\知识库\智库信息爬虫\国际主要科技智库观点演变_研判\03_证据底稿\原文PDF\C-NISTEP-RM248-9E4E5AB8.pdf,C:\Users\WINDOWS\OneDrive\知识库\智库信息爬虫\国际主要科技智库观点演变_研判\03_证据底稿\文本\C-NISTEP-RM248-9E4E5AB8.txt,http://hdl.handle.net/11035/3142,官方PDF已保存并校验
科技指标、论文与国际比较,科技创新政策与能力基线,C-NISTEP-RM248-9E4E5AB8,2016-03-01,W1,第 10 回科学技術予測調査 科学技術予測に資する将来社会ビジョンの検討～2013 年度実施ワークショップの記録～,机构正式研究,C:\Users\WINDOWS\OneDrive\知识库\智库信息爬虫\国际主要科技智库观点演变_研判\03_证据底稿\原文PDF\C-NISTEP-RM248-9E4E5AB8.pdf,C:\Users\WINDOWS\OneDrive\知识库\智库信息爬虫\国际主要科技智库观点演变_研判\03_证据底稿\文本\C-NISTEP-RM248-9E4E5AB8.txt,http://hdl.handle.net/11035/3142,官方PDF已保存并校验
科技人才、博士与职业流动,科技创新政策与能力基线,C-NISTEP-RM248-9E4E5AB8,2016-03-01,W1,第 10 回科学技術予測調査 科学技術予測に資する将来社会ビジョンの検討～2013 年度実施ワークショップの記録～,机构正式研究,C:\Users\WINDOWS\OneDrive\知识库\智库信息爬虫\国际主要科技智库观点演变_研判\03_证据底稿\原文PDF\C-NISTEP-RM248-9E4E5AB8.pdf,C:\Users\WINDOWS\OneDrive\知识库\智库信息爬虫\国际主要科技智库观点演变_研判\03_证据底稿\文本\C-NISTEP-RM248-9E4E5AB8.txt,http://hdl.handle.net/11035/3142,官方PDF已保存并校验
企业研发、创新与产学合作,科技创新政策与能力基线,C-NISTEP-RM248-9E4E5AB8,2016-03-01,W1,第 10 回科学技術予測調査 科学技術予測に資する将来社会ビジョンの検討～2013 年度実施ワークショップの記録～,机构正式研究,C:\Users\WINDOWS\OneDrive\知识库\智库信息爬虫\国际主要科技智库观点演变_研判\03_证据底稿\原文PDF\C-NISTEP-RM248-9E4E5AB8.pdf,C:\Users\WINDOWS\OneDrive\知识库\智库信息爬虫\国际主要科技智库观点演变_研判\03_证据底稿\文本\C-NISTEP-RM248-9E4E5AB8.txt,http://hdl.handle.net/11035/3142,官方PDF已保存并校验
科技前瞻、新兴议题与社会,科技创新政策与能力基线,C-NISTEP-RM248-9E4E5AB8,2016-03-01,W1,第 10 回科学技術予測調査 科学技術予測に資する将来社会ビジョンの検討～2013 年度実施ワークショップの記録～,机构正式研究,C:\Users\WINDOWS\OneDrive\知识库\智库信息爬虫\国际主要科技智库观点演变_研判\03_证据底稿\原文PDF\C-NISTEP-RM248-9E4E5AB8.pdf,C:\Users\WINDOWS\OneDrive\知识库\智库信息爬虫\国际主要科技智库观点演变_研判\03_证据底稿\文本\C-NISTEP-RM248-9E4E5AB8.txt,http://hdl.handle.net/11035/3142,官方PDF已保存并校验
开放科学、研究诚信与治理,科技创新政策与能力基线,C-NISTEP-RM248-9E4E5AB8,2016-03-01,W1,第 10 回科学技術予測調査 科学技術予測に資する将来社会ビジョンの検討～2013 年度実施ワークショップの記録～,机构正式研究,C:\Users\WINDOWS\OneDrive\知识库\智库信息爬虫\国际主要科技智库观点演变_研判\03_证据底稿\原文PDF\C-NISTEP-RM248-9E4E5AB8.pdf,C:\Users\WINDOWS\OneDrive\知识库\智库信息爬虫\国际主要科技智库观点演变_研判\03_证据底稿\文本\C-NISTEP-RM248-9E4E5AB8.txt,http://hdl.handle.net/11035/3142,官方PDF已保存并校验
人工智能、数据与数字技术,科技创新政策与能力基线,C-NISTEP-RM249-3DD147A2,2016-04-01,W1,意匠権及び商標権に関するデータベースの構築,机构正式研究,C:\Users\WINDOWS\OneDrive\知识库\智库信息爬虫\国际主要科技智库观点演变_研判\03_证据底稿\网页文本\C-NISTEP-RM249-3DD147A2.txt,C:\Users\WINDOWS\OneDrive\知识库\智库信息爬虫\国际主要科技智库观点演变_研判\03_证据底稿\网页文本\C-NISTEP-RM249-3DD147A2.txt,http://hdl.handle.net/11035/3136,官方仓储PDF代理全文已保存
关键技术、专利与产业竞争力,科技创新政策与能力基线,C-NISTEP-RM249-3DD147A2,2016-04-01,W1,意匠権及び商標権に関するデータベースの構築,机构正式研究,C:\Users\WINDOWS\OneDrive\知识库\智库信息爬虫\国际主要科技智库观点演变_研判\03_证据底稿\网页文本\C-NISTEP-RM249-3DD147A2.txt,C:\Users\WINDOWS\OneDrive\知识库\智库信息爬虫\国际主要科技智库观点演变_研判\03_证据底稿\网页文本\C-NISTEP-RM249-3DD147A2.txt,http://hdl.handle.net/11035/3136,官方仓储PDF代理全文已保存
科技指标、论文与国际比较,科技创新政策与能力基线,C-NISTEP-RM249-3DD147A2,2016-04-01,W1,意匠権及び商標権に関するデータベースの構築,机构正式研究,C:\Users\WINDOWS\OneDrive\知识库\智库信息爬虫\国际主要科技智库观点演变_研判\03_证据底稿\网页文本\C-NISTEP-RM249-3DD147A2.txt,C:\Users\WINDOWS\OneDrive\知识库\智库信息爬虫\国际主要科技智库观点演变_研判\03_证据底稿\网页文本\C-NISTEP-RM249-3DD147A2.txt,http://hdl.handle.net/11035/3136,官方仓储PDF代理全文已保存
科研体系、资助与研究基础,科技创新政策与能力基线,C-NISTEP-RM249-3DD147A2,2016-04-01,W1,意匠権及び商標権に関するデータベースの構築,机构正式研究,C:\Users\WINDOWS\OneDrive\知识库\智库信息爬虫\国际主要科技智库观点演变_研判\03_证据底稿\网页文本\C-NISTEP-RM249-3DD147A2.txt,C:\Users\WINDOWS\OneDrive\知识库\智库信息爬虫\国际主要科技智库观点演变_研判\03_证据底稿\网页文本\C-NISTEP-RM249-3DD147A2.txt,http://hdl.handle.net/11035/3136,官方仓储PDF代理全文已保存
科技人才、博士与职业流动,科技创新政策与能力基线,C-NISTEP-RM249-3DD147A2,2016-04-01,W1,意匠権及び商標権に関するデータベースの構築,机构正式研究,C:\Users\WINDOWS\OneDrive\知识库\智库信息爬虫\国际主要科技智库观点演变_研判\03_证据底稿\网页文本\C-NISTEP-RM249-3DD147A2.txt,C:\Users\WINDOWS\OneDrive\知识库\智库信息爬虫\国际主要科技智库观点演变_研判\03_证据底稿\网页文本\C-NISTEP-RM249-3DD147A2.txt,http://hdl.handle.net/11035/3136,官方仓储PDF代理全文已保存
企业研发、创新与产学合作,科技创新政策与能力基线,C-NISTEP-RM249-3DD147A2,2016-04-01,W1,意匠権及び商標権に関するデータベースの構築,机构正式研究,C:\Users\WINDOWS\OneDrive\知识库\智库信息爬虫\国际主要科技智库观点演变_研判\03_证据底稿\网页文本\C-NISTEP-RM249-3DD147A2.txt,C:\Users\WINDOWS\OneDrive\知识库\智库信息爬虫\国际主要科技智库观点演变_研判\03_证据底稿\网页文本\C-NISTEP-RM249-3DD147A2.txt,http://hdl.handle.net/11035/3136,官方仓储PDF代理全文已保存
人工智能、数据与数字技术,科技创新政策与能力基线,C-NISTEP-NR168-1C367B14,2016-05-01,W1,民間企業の研究活動に関する調査報告2015,机构正式研究,C:\Users\WINDOWS\OneDrive\知识库\智库信息爬虫\国际主要科技智库观点演变_研判\03_证据底稿\原文PDF\C-NISTEP-NR168-1C367B14.pdf,C:\Users\WINDOWS\OneDrive\知识库\智库信息爬虫\国际主要科技智库观点演变_研判\03_证据底稿\文本\C-NISTEP-NR168-1C367B14.txt,http://hdl.handle.net/11035/3138,官方PDF已保存并校验
关键技术、专利与产业竞争力,科技创新政策与能力基线,C-NISTEP-NR168-1C367B14,2016-05-01,W1,民間企業の研究活動に関する調査報告2015,机构正式研究,C:\Users\WINDOWS\OneDrive\知识库\智库信息爬虫\国际主要科技智库观点演变_研判\03_证据底稿\原文PDF\C-NISTEP-NR168-1C367B14.pdf,C:\Users\WINDOWS\OneDrive\知识库\智库信息爬虫\国际主要科技智库观点演变_研判\03_证据底稿\文本\C-NISTEP-NR168-1C367B14.txt,http://hdl.handle.net/11035/3138,官方PDF已保存并校验
科技指标、论文与国际比较,科技创新政策与能力基线,C-NISTEP-NR168-1C367B14,2016-05-01,W1,民間企業の研究活動に関する調査報告2015,机构正式研究,C:\Users\WINDOWS\OneDrive\知识库\智库信息爬虫\国际主要科技智库观点演变_研判\03_证据底稿\原文PDF\C-NISTEP-NR168-1C367B14.pdf,C:\Users\WINDOWS\OneDrive\知识库\智库信息爬虫\国际主要科技智库观点演变_研判\03_证据底稿\文本\C-NISTEP-NR168-1C367B14.txt,http://hdl.handle.net/11035/3138,官方PDF已保存并校验
科研体系、资助与研究基础,科技创新政策与能力基线,C-NISTEP-NR168-1C367B14,2016-05-01,W1,民間企業の研究活動に関する調査報告2015,机构正式研究,C:\Users\WINDOWS\OneDrive\知识库\智库信息爬虫\国际主要科技智库观点演变_研判\03_证据底稿\原文PDF\C-NISTEP-NR168-1C367B14.pdf,C:\Users\WINDOWS\OneDrive\知识库\智库信息爬虫\国际主要科技智库观点演变_研判\03_证据底稿\文本\C-NISTEP-NR168-1C367B14.txt,http://hdl.handle.net/11035/3138,官方PDF已保存并校验
科技人才、博士与职业流动,科技创新政策与能力基线,C-NISTEP-NR168-1C367B14,2016-05-01,W1,民間企業の研究活動に関する調査報告2015,机构正式研究,C:\Users\WINDOWS\OneDrive\知识库\智库信息爬虫\国际主要科技智库观点演变_研判\03_证据底稿\原文PDF\C-NISTEP-NR168-1C367B14.pdf,C:\Users\WINDOWS\OneDrive\知识库\智库信息爬虫\国际主要科技智库观点演变_研判\03_证据底稿\文本\C-NISTEP-NR168-1C367B14.txt,http://hdl.handle.net/11035/3138,官方PDF已保存并校验
企业研发、创新与产学合作,科技创新政策与能力基线,C-NISTEP-NR168-1C367B14,2016-05-01,W1,民間企業の研究活動に関する調査報告2015,机构正式研究,C:\Users\WINDOWS\OneDrive\知识库\智库信息爬虫\国际主要科技智库观点演变_研判\03_证据底稿\原文PDF\C-NISTEP-NR168-1C367B14.pdf,C:\Users\WINDOWS\OneDrive\知识库\智库信息爬虫\国际主要科技智库观点演变_研判\03_证据底稿\文本\C-NISTEP-NR168-1C367B14.txt,http://hdl.handle.net/11035/3138,官方PDF已保存并校验
人工智能、数据与数字技术,科技创新政策与能力基线,C-NISTEP-RM250-0AAA1923,2016-05-01,W1,博士人材データベース（JGRAD）を用いた博士課程在籍者・修了者の所属確認とキャリアパス等に関する意識調査,机构正式研究,C:\Users\WINDOWS\OneDrive\知识库\智库信息爬虫\国际主要科技智库观点演变_研判\03_证据底稿\原文PDF\C-NISTEP-RM250-0AAA1923.pdf,C:\Users\WINDOWS\OneDrive\知识库\智库信息爬虫\国际主要科技智库观点演变_研判\03_证据底稿\文本\C-NISTEP-RM250-0AAA1923.txt,http://hdl.handle.net/11035/3139,官方PDF已保存并校验
科技指标、论文与国际比较,科技创新政策与能力基线,C-NISTEP-RM250-0AAA1923,2016-05-01,W1,博士人材データベース（JGRAD）を用いた博士課程在籍者・修了者の所属確認とキャリアパス等に関する意識調査,机构正式研究,C:\Users\WINDOWS\OneDrive\知识库\智库信息爬虫\国际主要科技智库观点演变_研判\03_证据底稿\原文PDF\C-NISTEP-RM250-0AAA1923.pdf,C:\Users\WINDOWS\OneDrive\知识库\智库信息爬虫\国际主要科技智库观点演变_研判\03_证据底稿\文本\C-NISTEP-RM250-0AAA1923.txt,http://hdl.handle.net/11035/3139,官方PDF已保存并校验
科研体系、资助与研究基础,科技创新政策与能力基线,C-NISTEP-RM250-0AAA1923,2016-05-01,W1,博士人材データベース（JGRAD）を用いた博士課程在籍者・修了者の所属確認とキャリアパス等に関する意識調査,机构正式研究,C:\Users\WINDOWS\OneDrive\知识库\智库信息爬虫\国际主要科技智库观点演变_研判\03_证据底稿\原文PDF\C-NISTEP-RM250-0AAA1923.pdf,C:\Users\WINDOWS\OneDrive\知识库\智库信息爬虫\国际主要科技智库观点演变_研判\03_证据底稿\文本\C-NISTEP-RM250-0AAA1923.txt,http://hdl.handle.net/11035/3139,官方PDF已保存并校验
科技人才、博士与职业流动,科技创新政策与能力基线,C-NISTEP-RM250-0AAA1923,2016-05-01,W1,博士人材データベース（JGRAD）を用いた博士課程在籍者・修了者の所属確認とキャリアパス等に関する意識調査,机构正式研究,C:\Users\WINDOWS\OneDrive\知识库\智库信息爬虫\国际主要科技智库观点演变_研判\03_证据底稿\原文PDF\C-NISTEP-RM250-0AAA1923.pdf,C:\Users\WINDOWS\OneDrive\知识库\智库信息爬虫\国际主要科技智库观点演变_研判\03_证据底稿\文本\C-NISTEP-RM250-0AAA1923.txt,http://hdl.handle.net/11035/3139,官方PDF已保存并校验
企业研发、创新与产学合作,科技创新政策与能力基线,C-NISTEP-RM250-0AAA1923,2016-05-01,W1,博士人材データベース（JGRAD）を用いた博士課程在籍者・修了者の所属確認とキャリアパス等に関する意識調査,机构正式研究,C:\Users\WINDOWS\OneDrive\知识库\智库信息爬虫\国际主要科技智库观点演变_研判\03_证据底稿\原文PDF\C-NISTEP-RM250-0AAA1923.pdf,C:\Users\WINDOWS\OneDrive\知识库\智库信息爬虫\国际主要科技智库观点演变_研判\03_证据底稿\文本\C-NISTEP-RM250-0AAA1923.txt,http://hdl.handle.net/11035/3139,官方PDF已保存并校验
人工智能、数据与数字技术,科技创新政策与能力基线,C-NISTEP-DP136-03FEB8AD,2016-06-01,W1,製品市場の効率性と全要素生産性―日韓企業の比較研究-,作者讨论论文,C:\Users\WINDOWS\OneDrive\知识库\智库信息爬虫\国际主要科技智库观点演变_研判\03_证据底稿\网页文本\C-NISTEP-DP136-03FEB8AD.txt,C:\Users\WINDOWS\OneDrive\知识库\智库信息爬虫\国际主要科技智库观点演变_研判\03_证据底稿\网页文本\C-NISTEP-DP136-03FEB8AD.txt,http://hdl.handle.net/11035/3140,官方仓储PDF代理全文已保存
科技人才、博士与职业流动,科技创新政策与能力基线,C-NISTEP-DP136-03FEB8AD,2016-06-01,W1,製品市場の効率性と全要素生産性―日韓企業の比較研究-,作者讨论论文,C:\Users\WINDOWS\OneDrive\知识库\智库信息爬虫\国际主要科技智库观点演变_研判\03_证据底稿\网页文本\C-NISTEP-DP136-03FEB8AD.txt,C:\Users\WINDOWS\OneDrive\知识库\智库信息爬虫\国际主要科技智库观点演变_研判\03_证据底稿\网页文本\C-NISTEP-DP136-03FEB8AD.txt,http://hdl.handle.net/11035/3140,官方仓储PDF代理全文已保存
企业研发、创新与产学合作,科技创新政策与能力基线,C-NISTEP-DP136-03FEB8AD,2016-06-01,W1,製品市場の効率性と全要素生産性―日韓企業の比較研究-,作者讨论论文,C:\Users\WINDOWS\OneDrive\知识库\智库信息爬虫\国际主要科技智库观点演变_研判\03_证据底稿\网页文本\C-NISTEP-DP136-03FEB8AD.txt,C:\Users\WINDOWS\OneDrive\知识库\智库信息爬虫\国际主要科技智库观点演变_研判\03_证据底稿\网页文本\C-NISTEP-DP136-03FEB8AD.txt,http://hdl.handle.net/11035/3140,官方仓储PDF代理全文已保存
科研体系、资助与研究基础,科技创新政策与能力基线,C-NISTEP-DP137-D7C96B15,2016-06-01,W1,研究開発活動における組織・人事マネジメントがイノベーションに与える影響,作者讨论论文,C:\Users\WINDOWS\OneDrive\知识库\智库信息爬虫\国际主要科技智库观点演变_研判\03_证据底稿\网页文本\C-NISTEP-DP137-D7C96B15.txt,C:\Users\WINDOWS\OneDrive\知识库\智库信息爬虫\国际主要科技智库观点演变_研判\03_证据底稿\网页文本\C-NISTEP-DP137-D7C96B15.txt,http://hdl.handle.net/11035/3141,官方仓储PDF代理全文已保存
科技人才、博士与职业流动,科技创新政策与能力基线,C-NISTEP-DP137-D7C96B15,2016-06-01,W1,研究開発活動における組織・人事マネジメントがイノベーションに与える影響,作者讨论论文,C:\Users\WINDOWS\OneDrive\知识库\智库信息爬虫\国际主要科技智库观点演变_研判\03_证据底稿\网页文本\C-NISTEP-DP137-D7C96B15.txt,C:\Users\WINDOWS\OneDrive\知识库\智库信息爬虫\国际主要科技智库观点演变_研判\03_证据底稿\网页文本\C-NISTEP-DP137-D7C96B15.txt,http://hdl.handle.net/11035/3141,官方仓储PDF代理全文已保存
企业研发、创新与产学合作,科技创新政策与能力基线,C-NISTEP-DP137-D7C96B15,2016-06-01,W1,研究開発活動における組織・人事マネジメントがイノベーションに与える影響,作者讨论论文,C:\Users\WINDOWS\OneDrive\知识库\智库信息爬虫\国际主要科技智库观点演变_研判\03_证据底稿\网页文本\C-NISTEP-DP137-D7C96B15.txt,C:\Users\WINDOWS\OneDrive\知识库\智库信息爬虫\国际主要科技智库观点演变_研判\03_证据底稿\网页文本\C-NISTEP-DP137-D7C96B15.txt,http://hdl.handle.net/11035/3141,官方仓储PDF代理全文已保存
人工智能、数据与数字技术,科技创新政策与能力基线,C-NISTEP-DP138-07744430,2016-08-01,W1,科学技術に関する国民意識調査－熊本地震－,作者讨论论文,C:\Users\WINDOWS\OneDrive\知识库\智库信息爬虫\国际主要科技智库观点演变_研判\03_证据底稿\原文PDF\C-NISTEP-DP138-07744430.pdf,C:\Users\WINDOWS\OneDrive\知识库\智库信息爬虫\国际主要科技智库观点演变_研判\03_证据底稿\文本\C-NISTEP-DP138-07744430.txt,http://hdl.handle.net/11035/3144,官方PDF已保存并校验
科技指标、论文与国际比较,科技创新政策与能力基线,C-NISTEP-DP138-07744430,2016-08-01,W1,科学技術に関する国民意識調査－熊本地震－,作者讨论论文,C:\Users\WINDOWS\OneDrive\知识库\智库信息爬虫\国际主要科技智库观点演变_研判\03_证据底稿\原文PDF\C-NISTEP-DP138-07744430.pdf,C:\Users\WINDOWS\OneDrive\知识库\智库信息爬虫\国际主要科技智库观点演变_研判\03_证据底稿\文本\C-NISTEP-DP138-07744430.txt,http://hdl.handle.net/11035/3144,官方PDF已保存并校验
科研体系、资助与研究基础,科技创新政策与能力基线,C-NISTEP-DP138-07744430,2016-08-01,W1,科学技術に関する国民意識調査－熊本地震－,作者讨论论文,C:\Users\WINDOWS\OneDrive\知识库\智库信息爬虫\国际主要科技智库观点演变_研判\03_证据底稿\原文PDF\C-NISTEP-DP138-07744430.pdf,C:\Users\WINDOWS\OneDrive\知识库\智库信息爬虫\国际主要科技智库观点演变_研判\03_证据底稿\文本\C-NISTEP-DP138-07744430.txt,http://hdl.handle.net/11035/3144,官方PDF已保存并校验
企业研发、创新与产学合作,科技创新政策与能力基线,C-NISTEP-DP138-07744430,2016-08-01,W1,科学技術に関する国民意識調査－熊本地震－,作者讨论论文,C:\Users\WINDOWS\OneDrive\知识库\智库信息爬虫\国际主要科技智库观点演变_研判\03_证据底稿\原文PDF\C-NISTEP-DP138-07744430.pdf,C:\Users\WINDOWS\OneDrive\知识库\智库信息爬虫\国际主要科技智库观点演变_研判\03_证据底稿\文本\C-NISTEP-DP138-07744430.txt,http://hdl.handle.net/11035/3144,官方PDF已保存并校验
科技前瞻、新兴议题与社会,科技创新政策与能力基线,C-NISTEP-DP138-07744430,2016-08-01,W1,科学技術に関する国民意識調査－熊本地震－,作者讨论论文,C:\Users\WINDOWS\OneDrive\知识库\智库信息爬虫\国际主要科技智库观点演变_研判\03_证据底稿\原文PDF\C-NISTEP-DP138-07744430.pdf,C:\Users\WINDOWS\OneDrive\知识库\智库信息爬虫\国际主要科技智库观点演变_研判\03_证据底稿\文本\C-NISTEP-DP138-07744430.txt,http://hdl.handle.net/11035/3144,官方PDF已保存并校验
开放科学、研究诚信与治理,科技创新政策与能力基线,C-NISTEP-DP138-07744430,2016-08-01,W1,科学技術に関する国民意識調査－熊本地震－,作者讨论论文,C:\Users\WINDOWS\OneDrive\知识库\智库信息爬虫\国际主要科技智库观点演变_研判\03_证据底稿\原文PDF\C-NISTEP-DP138-07744430.pdf,C:\Users\WINDOWS\OneDrive\知识库\智库信息爬虫\国际主要科技智库观点演变_研判\03_证据底稿\文本\C-NISTEP-DP138-07744430.txt,http://hdl.handle.net/11035/3144,官方PDF已保存并校验
人工智能、数据与数字技术,科技创新政策与能力基线,C-NISTEP-DP139-A8D1B934,2016-08-01,W1,研究開発型大学等発ベンチャー調査2016,作者讨论论文,C:\Users\WINDOWS\OneDrive\知识库\智库信息爬虫\国际主要科技智库观点演变_研判\03_证据底稿\原文PDF\C-NISTEP-DP139-A8D1B934.pdf,C:\Users\WINDOWS\OneDrive\知识库\智库信息爬虫\国际主要科技智库观点演变_研判\03_证据底稿\文本\C-NISTEP-DP139-A8D1B934.txt,http://hdl.handle.net/11035/3148,官方PDF已保存并校验
关键技术、专利与产业竞争力,科技创新政策与能力基线,C-NISTEP-DP139-A8D1B934,2016-08-01,W1,研究開発型大学等発ベンチャー調査2016,作者讨论论文,C:\Users\WINDOWS\OneDrive\知识库\智库信息爬虫\国际主要科技智库观点演变_研判\03_证据底稿\原文PDF\C-NISTEP-DP139-A8D1B934.pdf,C:\Users\WINDOWS\OneDrive\知识库\智库信息爬虫\国际主要科技智库观点演变_研判\03_证据底稿\文本\C-NISTEP-DP139-A8D1B934.txt,http://hdl.handle.net/11035/3148,官方PDF已保存并校验
科技指标、论文与国际比较,科技创新政策与能力基线,C-NISTEP-DP139-A8D1B934,2016-08-01,W1,研究開発型大学等発ベンチャー調査2016,作者讨论论文,C:\Users\WINDOWS\OneDrive\知识库\智库信息爬虫\国际主要科技智库观点演变_研判\03_证据底稿\原文PDF\C-NISTEP-DP139-A8D1B934.pdf,C:\Users\WINDOWS\OneDrive\知识库\智库信息爬虫\国际主要科技智库观点演变_研判\03_证据底稿\文本\C-NISTEP-DP139-A8D1B934.txt,http://hdl.handle.net/11035/3148,官方PDF已保存并校验
科研体系、资助与研究基础,科技创新政策与能力基线,C-NISTEP-DP139-A8D1B934,2016-08-01,W1,研究開発型大学等発ベンチャー調査2016,作者讨论论文,C:\Users\WINDOWS\OneDrive\知识库\智库信息爬虫\国际主要科技智库观点演变_研判\03_证据底稿\原文PDF\C-NISTEP-DP139-A8D1B934.pdf,C:\Users\WINDOWS\OneDrive\知识库\智库信息爬虫\国际主要科技智库观点演变_研判\03_证据底稿\文本\C-NISTEP-DP139-A8D1B934.txt,http://hdl.handle.net/11035/3148,官方PDF已保存并校验
科技人才、博士与职业流动,科技创新政策与能力基线,C-NISTEP-DP139-A8D1B934,2016-08-01,W1,研究開発型大学等発ベンチャー調査2016,作者讨论论文,C:\Users\WINDOWS\OneDrive\知识库\智库信息爬虫\国际主要科技智库观点演变_研判\03_证据底稿\原文PDF\C-NISTEP-DP139-A8D1B934.pdf,C:\Users\WINDOWS\OneDrive\知识库\智库信息爬虫\国际主要科技智库观点演变_研判\03_证据底稿\文本\C-NISTEP-DP139-A8D1B934.txt,http://hdl.handle.net/11035/3148,官方PDF已保存并校验
企业研发、创新与产学合作,科技创新政策与能力基线,C-NISTEP-DP139-A8D1B934,2016-08-01,W1,研究開発型大学等発ベンチャー調査2016,作者讨论论文,C:\Users\WINDOWS\OneDrive\知识库\智库信息爬虫\国际主要科技智库观点演变_研判\03_证据底稿\原文PDF\C-NISTEP-DP139-A8D1B934.pdf,C:\Users\WINDOWS\OneDrive\知识库\智库信息爬虫\国际主要科技智库观点演变_研判\03_证据底稿\文本\C-NISTEP-DP139-A8D1B934.txt,http://hdl.handle.net/11035/3148,官方PDF已保存并校验
科技前瞻、新兴议题与社会,科技创新政策与能力基线,C-NISTEP-DP139-A8D1B934,2016-08-01,W1,研究開発型大学等発ベンチャー調査2016,作者讨论论文,C:\Users\WINDOWS\OneDrive\知识库\智库信息爬虫\国际主要科技智库观点演变_研判\03_证据底稿\原文PDF\C-NISTEP-DP139-A8D1B934.pdf,C:\Users\WINDOWS\OneDrive\知识库\智库信息爬虫\国际主要科技智库观点演变_研判\03_证据底稿\文本\C-NISTEP-DP139-A8D1B934.txt,http://hdl.handle.net/11035/3148,官方PDF已保存并校验
人工智能、数据与数字技术,科技创新政策与能力基线,C-NISTEP-RM251-12492A8B,2016-08-01,W1,科学技術指標2016,机构正式研究,C:\Users\WINDOWS\OneDrive\知识库\智库信息爬虫\国际主要科技智库观点演变_研判\03_证据底稿\网页文本\C-NISTEP-RM251-12492A8B.txt,C:\Users\WINDOWS\OneDrive\知识库\智库信息爬虫\国际主要科技智库观点演变_研判\03_证据底稿\网页文本\C-NISTEP-RM251-12492A8B.txt,http://hdl.handle.net/11035/3143,官方HTML版报告已保存
关键技术、专利与产业竞争力,科技创新政策与能力基线,C-NISTEP-RM251-12492A8B,2016-08-01,W1,科学技術指標2016,机构正式研究,C:\Users\WINDOWS\OneDrive\知识库\智库信息爬虫\国际主要科技智库观点演变_研判\03_证据底稿\网页文本\C-NISTEP-RM251-12492A8B.txt,C:\Users\WINDOWS\OneDrive\知识库\智库信息爬虫\国际主要科技智库观点演变_研判\03_证据底稿\网页文本\C-NISTEP-RM251-12492A8B.txt,http://hdl.handle.net/11035/3143,官方HTML版报告已保存
科技指标、论文与国际比较,科技创新政策与能力基线,C-NISTEP-RM251-12492A8B,2016-08-01,W1,科学技術指標2016,机构正式研究,C:\Users\WINDOWS\OneDrive\知识库\智库信息爬虫\国际主要科技智库观点演变_研判\03_证据底稿\网页文本\C-NISTEP-RM251-12492A8B.txt,C:\Users\WINDOWS\OneDrive\知识库\智库信息爬虫\国际主要科技智库观点演变_研判\03_证据底稿\网页文本\C-NISTEP-RM251-12492A8B.txt,http://hdl.handle.net/11035/3143,官方HTML版报告已保存
科研体系、资助与研究基础,科技创新政策与能力基线,C-NISTEP-RM251-12492A8B,2016-08-01,W1,科学技術指標2016,机构正式研究,C:\Users\WINDOWS\OneDrive\知识库\智库信息爬虫\国际主要科技智库观点演变_研判\03_证据底稿\网页文本\C-NISTEP-RM251-12492A8B.txt,C:\Users\WINDOWS\OneDrive\知识库\智库信息爬虫\国际主要科技智库观点演变_研判\03_证据底稿\网页文本\C-NISTEP-RM251-12492A8B.txt,http://hdl.handle.net/11035/3143,官方HTML版报告已保存
科技人才、博士与职业流动,科技创新政策与能力基线,C-NISTEP-RM251-12492A8B,2016-08-01,W1,科学技術指標2016,机构正式研究,C:\Users\WINDOWS\OneDrive\知识库\智库信息爬虫\国际主要科技智库观点演变_研判\03_证据底稿\网页文本\C-NISTEP-RM251-12492A8B.txt,C:\Users\WINDOWS\OneDrive\知识库\智库信息爬虫\国际主要科技智库观点演变_研判\03_证据底稿\网页文本\C-NISTEP-RM251-12492A8B.txt,http://hdl.handle.net/11035/3143,官方HTML版报告已保存
企业研发、创新与产学合作,科技创新政策与能力基线,C-NISTEP-RM251-12492A8B,2016-08-01,W1,科学技術指標2016,机构正式研究,C:\Users\WINDOWS\OneDrive\知识库\智库信息爬虫\国际主要科技智库观点演变_研判\03_证据底稿\网页文本\C-NISTEP-RM251-12492A8B.txt,C:\Users\WINDOWS\OneDrive\知识库\智库信息爬虫\国际主要科技智库观点演变_研判\03_证据底稿\网页文本\C-NISTEP-RM251-12492A8B.txt,http://hdl.handle.net/11035/3143,官方HTML版报告已保存
科技前瞻、新兴议题与社会,科技创新政策与能力基线,C-NISTEP-RM251-12492A8B,2016-08-01,W1,科学技術指標2016,机构正式研究,C:\Users\WINDOWS\OneDrive\知识库\智库信息爬虫\国际主要科技智库观点演变_研判\03_证据底稿\网页文本\C-NISTEP-RM251-12492A8B.txt,C:\Users\WINDOWS\OneDrive\知识库\智库信息爬虫\国际主要科技智库观点演变_研判\03_证据底稿\网页文本\C-NISTEP-RM251-12492A8B.txt,http://hdl.handle.net/11035/3143,官方HTML版报告已保存
中国科技能力与国际比较,科技创新政策与能力基线,C-NISTEP-RM251-12492A8B,2016-08-01,W1,科学技術指標2016,机构正式研究,C:\Users\WINDOWS\OneDrive\知识库\智库信息爬虫\国际主要科技智库观点演变_研判\03_证据底稿\网页文本\C-NISTEP-RM251-12492A8B.txt,C:\Users\WINDOWS\OneDrive\知识库\智库信息爬虫\国际主要科技智库观点演变_研判\03_证据底稿\网页文本\C-NISTEP-RM251-12492A8B.txt,http://hdl.handle.net/11035/3143,官方HTML版报告已保存
人工智能、数据与数字技术,核心科技直接材料,C-NISTEP-RM252-F002DF7A,2016-08-01,W1,第10回科学技術予測調査にみる人工知能・情報技術が切り拓く未来,机构正式研究,C:\Users\WINDOWS\OneDrive\知识库\智库信息爬虫\国际主要科技智库观点演变_研判\03_证据底稿\原文PDF\C-NISTEP-RM252-F002DF7A.pdf,C:\Users\WINDOWS\OneDrive\知识库\智库信息爬虫\国际主要科技智库观点演变_研判\03_证据底稿\文本\C-NISTEP-RM252-F002DF7A.txt,http://hdl.handle.net/11035/3151,官方PDF已保存并校验
科技指标、论文与国际比较,核心科技直接材料,C-NISTEP-RM252-F002DF7A,2016-08-01,W1,第10回科学技術予測調査にみる人工知能・情報技術が切り拓く未来,机构正式研究,C:\Users\WINDOWS\OneDrive\知识库\智库信息爬虫\国际主要科技智库观点演变_研判\03_证据底稿\原文PDF\C-NISTEP-RM252-F002DF7A.pdf,C:\Users\WINDOWS\OneDrive\知识库\智库信息爬虫\国际主要科技智库观点演变_研判\03_证据底稿\文本\C-NISTEP-RM252-F002DF7A.txt,http://hdl.handle.net/11035/3151,官方PDF已保存并校验
科研体系、资助与研究基础,核心科技直接材料,C-NISTEP-RM252-F002DF7A,2016-08-01,W1,第10回科学技術予測調査にみる人工知能・情報技術が切り拓く未来,机构正式研究,C:\Users\WINDOWS\OneDrive\知识库\智库信息爬虫\国际主要科技智库观点演变_研判\03_证据底稿\原文PDF\C-NISTEP-RM252-F002DF7A.pdf,C:\Users\WINDOWS\OneDrive\知识库\智库信息爬虫\国际主要科技智库观点演变_研判\03_证据底稿\文本\C-NISTEP-RM252-F002DF7A.txt,http://hdl.handle.net/11035/3151,官方PDF已保存并校验
科技人才、博士与职业流动,核心科技直接材料,C-NISTEP-RM252-F002DF7A,2016-08-01,W1,第10回科学技術予測調査にみる人工知能・情報技術が切り拓く未来,机构正式研究,C:\Users\WINDOWS\OneDrive\知识库\智库信息爬虫\国际主要科技智库观点演变_研判\03_证据底稿\原文PDF\C-NISTEP-RM252-F002DF7A.pdf,C:\Users\WINDOWS\OneDrive\知识库\智库信息爬虫\国际主要科技智库观点演变_研判\03_证据底稿\文本\C-NISTEP-RM252-F002DF7A.txt,http://hdl.handle.net/11035/3151,官方PDF已保存并校验
企业研发、创新与产学合作,核心科技直接材料,C-NISTEP-RM252-F002DF7A,2016-08-01,W1,第10回科学技術予測調査にみる人工知能・情報技術が切り拓く未来,机构正式研究,C:\Users\WINDOWS\OneDrive\知识库\智库信息爬虫\国际主要科技智库观点演变_研判\03_证据底稿\原文PDF\C-NISTEP-RM252-F002DF7A.pdf,C:\Users\WINDOWS\OneDrive\知识库\智库信息爬虫\国际主要科技智库观点演变_研判\03_证据底稿\文本\C-NISTEP-RM252-F002DF7A.txt,http://hdl.handle.net/11035/3151,官方PDF已保存并校验
科技前瞻、新兴议题与社会,核心科技直接材料,C-NISTEP-RM252-F002DF7A,2016-08-01,W1,第10回科学技術予測調査にみる人工知能・情報技術が切り拓く未来,机构正式研究,C:\Users\WINDOWS\OneDrive\知识库\智库信息爬虫\国际主要科技智库观点演变_研判\03_证据底稿\原文PDF\C-NISTEP-RM252-F002DF7A.pdf,C:\Users\WINDOWS\OneDrive\知识库\智库信息爬虫\国际主要科技智库观点演变_研判\03_证据底稿\文本\C-NISTEP-RM252-F002DF7A.txt,http://hdl.handle.net/11035/3151,官方PDF已保存并校验
开放科学、研究诚信与治理,核心科技直接材料,C-NISTEP-RM252-F002DF7A,2016-08-01,W1,第10回科学技術予測調査にみる人工知能・情報技術が切り拓く未来,机构正式研究,C:\Users\WINDOWS\OneDrive\知识库\智库信息爬虫\国际主要科技智库观点演变_研判\03_证据底稿\原文PDF\C-NISTEP-RM252-F002DF7A.pdf,C:\Users\WINDOWS\OneDrive\知识库\智库信息爬虫\国际主要科技智库观点演变_研判\03_证据底稿\文本\C-NISTEP-RM252-F002DF7A.txt,http://hdl.handle.net/11035/3151,官方PDF已保存并校验
人工智能、数据与数字技术,核心科技直接材料,C-NISTEP-RM253-EE344852,2016-08-01,W1,国際・国内会議録の簡易分析に基づく我が国の人工知能研究動向把握の試み,机构正式研究,C:\Users\WINDOWS\OneDrive\知识库\智库信息爬虫\国际主要科技智库观点演变_研判\03_证据底稿\原文PDF\C-NISTEP-RM253-EE344852.pdf,C:\Users\WINDOWS\OneDrive\知识库\智库信息爬虫\国际主要科技智库观点演变_研判\03_证据底稿\文本\C-NISTEP-RM253-EE344852.txt,http://hdl.handle.net/11035/3152,官方PDF已保存并校验
关键技术、专利与产业竞争力,核心科技直接材料,C-NISTEP-RM253-EE344852,2016-08-01,W1,国際・国内会議録の簡易分析に基づく我が国の人工知能研究動向把握の試み,机构正式研究,C:\Users\WINDOWS\OneDrive\知识库\智库信息爬虫\国际主要科技智库观点演变_研判\03_证据底稿\原文PDF\C-NISTEP-RM253-EE344852.pdf,C:\Users\WINDOWS\OneDrive\知识库\智库信息爬虫\国际主要科技智库观点演变_研判\03_证据底稿\文本\C-NISTEP-RM253-EE344852.txt,http://hdl.handle.net/11035/3152,官方PDF已保存并校验
科技指标、论文与国际比较,核心科技直接材料,C-NISTEP-RM253-EE344852,2016-08-01,W1,国際・国内会議録の簡易分析に基づく我が国の人工知能研究動向把握の試み,机构正式研究,C:\Users\WINDOWS\OneDrive\知识库\智库信息爬虫\国际主要科技智库观点演变_研判\03_证据底稿\原文PDF\C-NISTEP-RM253-EE344852.pdf,C:\Users\WINDOWS\OneDrive\知识库\智库信息爬虫\国际主要科技智库观点演变_研判\03_证据底稿\文本\C-NISTEP-RM253-EE344852.txt,http://hdl.handle.net/11035/3152,官方PDF已保存并校验
科技前瞻、新兴议题与社会,核心科技直接材料,C-NISTEP-RM253-EE344852,2016-08-01,W1,国際・国内会議録の簡易分析に基づく我が国の人工知能研究動向把握の試み,机构正式研究,C:\Users\WINDOWS\OneDrive\知识库\智库信息爬虫\国际主要科技智库观点演变_研判\03_证据底稿\原文PDF\C-NISTEP-RM253-EE344852.pdf,C:\Users\WINDOWS\OneDrive\知识库\智库信息爬虫\国际主要科技智库观点演变_研判\03_证据底稿\文本\C-NISTEP-RM253-EE344852.txt,http://hdl.handle.net/11035/3152,官方PDF已保存并校验
中国科技能力与国际比较,核心科技直接材料,C-NISTEP-RM253-EE344852,2016-08-01,W1,国際・国内会議録の簡易分析に基づく我が国の人工知能研究動向把握の試み,机构正式研究,C:\Users\WINDOWS\OneDrive\知识库\智库信息爬虫\国际主要科技智库观点演变_研判\03_证据底稿\原文PDF\C-NISTEP-RM253-EE344852.pdf,C:\Users\WINDOWS\OneDrive\知识库\智库信息爬虫\国际主要科技智库观点演变_研判\03_证据底稿\文本\C-NISTEP-RM253-EE344852.txt,http://hdl.handle.net/11035/3152,官方PDF已保存并校验
人工智能、数据与数字技术,科技创新政策与能力基线,C-NISTEP-NR169-249775D4,2016-09-01,W1,サイエンスマップ2014-論文データベース分析（2009-2014年）による注目される研究領域の動向調査-,机构正式研究,C:\Users\WINDOWS\OneDrive\知识库\智库信息爬虫\国际主要科技智库观点演变_研判\03_证据底稿\原文PDF\C-NISTEP-NR169-249775D4.pdf,C:\Users\WINDOWS\OneDrive\知识库\智库信息爬虫\国际主要科技智库观点演变_研判\03_证据底稿\文本\C-NISTEP-NR169-249775D4.txt,http://hdl.handle.net/11035/3147,官方PDF已保存并校验
关键技术、专利与产业竞争力,科技创新政策与能力基线,C-NISTEP-NR169-249775D4,2016-09-01,W1,サイエンスマップ2014-論文データベース分析（2009-2014年）による注目される研究領域の動向調査-,机构正式研究,C:\Users\WINDOWS\OneDrive\知识库\智库信息爬虫\国际主要科技智库观点演变_研判\03_证据底稿\原文PDF\C-NISTEP-NR169-249775D4.pdf,C:\Users\WINDOWS\OneDrive\知识库\智库信息爬虫\国际主要科技智库观点演变_研判\03_证据底稿\文本\C-NISTEP-NR169-249775D4.txt,http://hdl.handle.net/11035/3147,官方PDF已保存并校验
科技指标、论文与国际比较,科技创新政策与能力基线,C-NISTEP-NR169-249775D4,2016-09-01,W1,サイエンスマップ2014-論文データベース分析（2009-2014年）による注目される研究領域の動向調査-,机构正式研究,C:\Users\WINDOWS\OneDrive\知识库\智库信息爬虫\国际主要科技智库观点演变_研判\03_证据底稿\原文PDF\C-NISTEP-NR169-249775D4.pdf,C:\Users\WINDOWS\OneDrive\知识库\智库信息爬虫\国际主要科技智库观点演变_研判\03_证据底稿\文本\C-NISTEP-NR169-249775D4.txt,http://hdl.handle.net/11035/3147,官方PDF已保存并校验
科研体系、资助与研究基础,科技创新政策与能力基线,C-NISTEP-NR169-249775D4,2016-09-01,W1,サイエンスマップ2014-論文データベース分析（2009-2014年）による注目される研究領域の動向調査-,机构正式研究,C:\Users\WINDOWS\OneDrive\知识库\智库信息爬虫\国际主要科技智库观点演变_研判\03_证据底稿\原文PDF\C-NISTEP-NR169-249775D4.pdf,C:\Users\WINDOWS\OneDrive\知识库\智库信息爬虫\国际主要科技智库观点演变_研判\03_证据底稿\文本\C-NISTEP-NR169-249775D4.txt,http://hdl.handle.net/11035/3147,官方PDF已保存并校验
科技人才、博士与职业流动,科技创新政策与能力基线,C-NISTEP-NR169-249775D4,2016-09-01,W1,サイエンスマップ2014-論文データベース分析（2009-2014年）による注目される研究領域の動向調査-,机构正式研究,C:\Users\WINDOWS\OneDrive\知识库\智库信息爬虫\国际主要科技智库观点演变_研判\03_证据底稿\原文PDF\C-NISTEP-NR169-249775D4.pdf,C:\Users\WINDOWS\OneDrive\知识库\智库信息爬虫\国际主要科技智库观点演变_研判\03_证据底稿\文本\C-NISTEP-NR169-249775D4.txt,http://hdl.handle.net/11035/3147,官方PDF已保存并校验
中国科技能力与国际比较,科技创新政策与能力基线,C-NISTEP-NR169-249775D4,2016-09-01,W1,サイエンスマップ2014-論文データベース分析（2009-2014年）による注目される研究領域の動向調査-,机构正式研究,C:\Users\WINDOWS\OneDrive\知识库\智库信息爬虫\国际主要科技智库观点演变_研判\03_证据底稿\原文PDF\C-NISTEP-NR169-249775D4.pdf,C:\Users\WINDOWS\OneDrive\知识库\智库信息爬虫\国际主要科技智库观点演变_研判\03_证据底稿\文本\C-NISTEP-NR169-249775D4.txt,http://hdl.handle.net/11035/3147,官方PDF已保存并校验
人工智能、数据与数字技术,科技创新政策与能力基线,C-NISTEP-RM254-2063A9FF,2016-10-01,W1,ジャーナルに注目した主要国の論文発表の特徴―オープンアクセス、出版国、使用言語の分析―,机构正式研究,C:\Users\WINDOWS\OneDrive\知识库\智库信息爬虫\国际主要科技智库观点演变_研判\03_证据底稿\原文PDF\C-NISTEP-RM254-2063A9FF.pdf,C:\Users\WINDOWS\OneDrive\知识库\智库信息爬虫\国际主要科技智库观点演变_研判\03_证据底稿\文本\C-NISTEP-RM254-2063A9FF.txt,http://hdl.handle.net/11035/3150,官方PDF已保存并校验
科技指标、论文与国际比较,科技创新政策与能力基线,C-NISTEP-RM254-2063A9FF,2016-10-01,W1,ジャーナルに注目した主要国の論文発表の特徴―オープンアクセス、出版国、使用言語の分析―,机构正式研究,C:\Users\WINDOWS\OneDrive\知识库\智库信息爬虫\国际主要科技智库观点演变_研判\03_证据底稿\原文PDF\C-NISTEP-RM254-2063A9FF.pdf,C:\Users\WINDOWS\OneDrive\知识库\智库信息爬虫\国际主要科技智库观点演变_研判\03_证据底稿\文本\C-NISTEP-RM254-2063A9FF.txt,http://hdl.handle.net/11035/3150,官方PDF已保存并校验
开放科学、研究诚信与治理,科技创新政策与能力基线,C-NISTEP-RM254-2063A9FF,2016-10-01,W1,ジャーナルに注目した主要国の論文発表の特徴―オープンアクセス、出版国、使用言語の分析―,机构正式研究,C:\Users\WINDOWS\OneDrive\知识库\智库信息爬虫\国际主要科技智库观点演变_研判\03_证据底稿\原文PDF\C-NISTEP-RM254-2063A9FF.pdf,C:\Users\WINDOWS\OneDrive\知识库\智库信息爬虫\国际主要科技智库观点演变_研判\03_证据底稿\文本\C-NISTEP-RM254-2063A9FF.txt,http://hdl.handle.net/11035/3150,官方PDF已保存并校验
中国科技能力与国际比较,科技创新政策与能力基线,C-NISTEP-RM254-2063A9FF,2016-10-01,W1,ジャーナルに注目した主要国の論文発表の特徴―オープンアクセス、出版国、使用言語の分析―,机构正式研究,C:\Users\WINDOWS\OneDrive\知识库\智库信息爬虫\国际主要科技智库观点演变_研判\03_证据底稿\原文PDF\C-NISTEP-RM254-2063A9FF.pdf,C:\Users\WINDOWS\OneDrive\知识库\智库信息爬虫\国际主要科技智库观点演变_研判\03_证据底稿\文本\C-NISTEP-RM254-2063A9FF.txt,http://hdl.handle.net/11035/3150,官方PDF已保存并校验
人工智能、数据与数字技术,科技创新政策与能力基线,C-NISTEP-NR170-9EF0404E,2016-11-01,W1,第４回全国イノベーション調査統計報告,机构正式研究,C:\Users\WINDOWS\OneDrive\知识库\智库信息爬虫\国际主要科技智库观点演变_研判\03_证据底稿\原文PDF\C-NISTEP-NR170-9EF0404E.pdf,C:\Users\WINDOWS\OneDrive\知识库\智库信息爬虫\国际主要科技智库观点演变_研判\03_证据底稿\文本\C-NISTEP-NR170-9EF0404E.txt,http://hdl.handle.net/11035/3154,官方PDF已保存并校验
科技指标、论文与国际比较,科技创新政策与能力基线,C-NISTEP-NR170-9EF0404E,2016-11-01,W1,第４回全国イノベーション調査統計報告,机构正式研究,C:\Users\WINDOWS\OneDrive\知识库\智库信息爬虫\国际主要科技智库观点演变_研判\03_证据底稿\原文PDF\C-NISTEP-NR170-9EF0404E.pdf,C:\Users\WINDOWS\OneDrive\知识库\智库信息爬虫\国际主要科技智库观点演变_研判\03_证据底稿\文本\C-NISTEP-NR170-9EF0404E.txt,http://hdl.handle.net/11035/3154,官方PDF已保存并校验
科研体系、资助与研究基础,科技创新政策与能力基线,C-NISTEP-NR170-9EF0404E,2016-11-01,W1,第４回全国イノベーション調査統計報告,机构正式研究,C:\Users\WINDOWS\OneDrive\知识库\智库信息爬虫\国际主要科技智库观点演变_研判\03_证据底稿\原文PDF\C-NISTEP-NR170-9EF0404E.pdf,C:\Users\WINDOWS\OneDrive\知识库\智库信息爬虫\国际主要科技智库观点演变_研判\03_证据底稿\文本\C-NISTEP-NR170-9EF0404E.txt,http://hdl.handle.net/11035/3154,官方PDF已保存并校验
科技人才、博士与职业流动,科技创新政策与能力基线,C-NISTEP-NR170-9EF0404E,2016-11-01,W1,第４回全国イノベーション調査統計報告,机构正式研究,C:\Users\WINDOWS\OneDrive\知识库\智库信息爬虫\国际主要科技智库观点演变_研判\03_证据底稿\原文PDF\C-NISTEP-NR170-9EF0404E.pdf,C:\Users\WINDOWS\OneDrive\知识库\智库信息爬虫\国际主要科技智库观点演变_研判\03_证据底稿\文本\C-NISTEP-NR170-9EF0404E.txt,http://hdl.handle.net/11035/3154,官方PDF已保存并校验
企业研发、创新与产学合作,科技创新政策与能力基线,C-NISTEP-NR170-9EF0404E,2016-11-01,W1,第４回全国イノベーション調査統計報告,机构正式研究,C:\Users\WINDOWS\OneDrive\知识库\智库信息爬虫\国际主要科技智库观点演变_研判\03_证据底稿\原文PDF\C-NISTEP-NR170-9EF0404E.pdf,C:\Users\WINDOWS\OneDrive\知识库\智库信息爬虫\国际主要科技智库观点演变_研判\03_证据底稿\文本\C-NISTEP-NR170-9EF0404E.txt,http://hdl.handle.net/11035/3154,官方PDF已保存并校验
人工智能、数据与数字技术,科技创新政策与能力基线,C-NISTEP-RM255-3BFDB1E9,2016-11-01,W1,博士人材データベースのパイロット運用－政策・制度・運用の現状と改善に関する検討報告書－,机构正式研究,C:\Users\WINDOWS\OneDrive\知识库\智库信息爬虫\国际主要科技智库观点演变_研判\03_证据底稿\原文PDF\C-NISTEP-RM255-3BFDB1E9.pdf,C:\Users\WINDOWS\OneDrive\知识库\智库信息爬虫\国际主要科技智库观点演变_研判\03_证据底稿\文本\C-NISTEP-RM255-3BFDB1E9.txt,http://hdl.handle.net/11035/3155,官方PDF已保存并校验
科技指标、论文与国际比较,科技创新政策与能力基线,C-NISTEP-RM255-3BFDB1E9,2016-11-01,W1,博士人材データベースのパイロット運用－政策・制度・運用の現状と改善に関する検討報告書－,机构正式研究,C:\Users\WINDOWS\OneDrive\知识库\智库信息爬虫\国际主要科技智库观点演变_研判\03_证据底稿\原文PDF\C-NISTEP-RM255-3BFDB1E9.pdf,C:\Users\WINDOWS\OneDrive\知识库\智库信息爬虫\国际主要科技智库观点演变_研判\03_证据底稿\文本\C-NISTEP-RM255-3BFDB1E9.txt,http://hdl.handle.net/11035/3155,官方PDF已保存并校验
科研体系、资助与研究基础,科技创新政策与能力基线,C-NISTEP-RM255-3BFDB1E9,2016-11-01,W1,博士人材データベースのパイロット運用－政策・制度・運用の現状と改善に関する検討報告書－,机构正式研究,C:\Users\WINDOWS\OneDrive\知识库\智库信息爬虫\国际主要科技智库观点演变_研判\03_证据底稿\原文PDF\C-NISTEP-RM255-3BFDB1E9.pdf,C:\Users\WINDOWS\OneDrive\知识库\智库信息爬虫\国际主要科技智库观点演变_研判\03_证据底稿\文本\C-NISTEP-RM255-3BFDB1E9.txt,http://hdl.handle.net/11035/3155,官方PDF已保存并校验
科技人才、博士与职业流动,科技创新政策与能力基线,C-NISTEP-RM255-3BFDB1E9,2016-11-01,W1,博士人材データベースのパイロット運用－政策・制度・運用の現状と改善に関する検討報告書－,机构正式研究,C:\Users\WINDOWS\OneDrive\知识库\智库信息爬虫\国际主要科技智库观点演变_研判\03_证据底稿\原文PDF\C-NISTEP-RM255-3BFDB1E9.pdf,C:\Users\WINDOWS\OneDrive\知识库\智库信息爬虫\国际主要科技智库观点演变_研判\03_证据底稿\文本\C-NISTEP-RM255-3BFDB1E9.txt,http://hdl.handle.net/11035/3155,官方PDF已保存并校验
企业研发、创新与产学合作,科技创新政策与能力基线,C-NISTEP-RM255-3BFDB1E9,2016-11-01,W1,博士人材データベースのパイロット運用－政策・制度・運用の現状と改善に関する検討報告書－,机构正式研究,C:\Users\WINDOWS\OneDrive\知识库\智库信息爬虫\国际主要科技智库观点演变_研判\03_证据底稿\原文PDF\C-NISTEP-RM255-3BFDB1E9.pdf,C:\Users\WINDOWS\OneDrive\知识库\智库信息爬虫\国际主要科技智库观点演变_研判\03_证据底稿\文本\C-NISTEP-RM255-3BFDB1E9.txt,http://hdl.handle.net/11035/3155,官方PDF已保存并校验
人工智能、数据与数字技术,科技创新政策与能力基线,C-NISTEP-DP140-6A67EE82,2017-02-01,W1,Exchange Rate Uncertainty and R&D Investment: Evidence from Japanese Firms （為替変動の不確実性と研究開発投資：日本の企業データによる実証分析）,作者讨论论文,C:\Users\WINDOWS\OneDrive\知识库\智库信息爬虫\国际主要科技智库观点演变_研判\03_证据底稿\原文PDF\C-NISTEP-DP140-6A67EE82.pdf,C:\Users\WINDOWS\OneDrive\知识库\智库信息爬虫\国际主要科技智库观点演变_研判\03_证据底稿\文本\C-NISTEP-DP140-6A67EE82.txt,http://hdl.handle.net/11035/3156,官方PDF已保存并校验
关键技术、专利与产业竞争力,科技创新政策与能力基线,C-NISTEP-DP140-6A67EE82,2017-02-01,W1,Exchange Rate Uncertainty and R&D Investment: Evidence from Japanese Firms （為替変動の不確実性と研究開発投資：日本の企業データによる実証分析）,作者讨论论文,C:\Users\WINDOWS\OneDrive\知识库\智库信息爬虫\国际主要科技智库观点演变_研判\03_证据底稿\原文PDF\C-NISTEP-DP140-6A67EE82.pdf,C:\Users\WINDOWS\OneDrive\知识库\智库信息爬虫\国际主要科技智库观点演变_研判\03_证据底稿\文本\C-NISTEP-DP140-6A67EE82.txt,http://hdl.handle.net/11035/3156,官方PDF已保存并校验
科研体系、资助与研究基础,科技创新政策与能力基线,C-NISTEP-DP140-6A67EE82,2017-02-01,W1,Exchange Rate Uncertainty and R&D Investment: Evidence from Japanese Firms （為替変動の不確実性と研究開発投資：日本の企業データによる実証分析）,作者讨论论文,C:\Users\WINDOWS\OneDrive\知识库\智库信息爬虫\国际主要科技智库观点演变_研判\03_证据底稿\原文PDF\C-NISTEP-DP140-6A67EE82.pdf,C:\Users\WINDOWS\OneDrive\知识库\智库信息爬虫\国际主要科技智库观点演变_研判\03_证据底稿\文本\C-NISTEP-DP140-6A67EE82.txt,http://hdl.handle.net/11035/3156,官方PDF已保存并校验
企业研发、创新与产学合作,科技创新政策与能力基线,C-NISTEP-DP140-6A67EE82,2017-02-01,W1,Exchange Rate Uncertainty and R&D Investment: Evidence from Japanese Firms （為替変動の不確実性と研究開発投資：日本の企業データによる実証分析）,作者讨论论文,C:\Users\WINDOWS\OneDrive\知识库\智库信息爬虫\国际主要科技智库观点演变_研判\03_证据底稿\原文PDF\C-NISTEP-DP140-6A67EE82.pdf,C:\Users\WINDOWS\OneDrive\知识库\智库信息爬虫\国际主要科技智库观点演变_研判\03_证据底稿\文本\C-NISTEP-DP140-6A67EE82.txt,http://hdl.handle.net/11035/3156,官方PDF已保存并校验
人工智能、数据与数字技术,科技创新政策与能力基线,C-NISTEP-RM256-E5F33500,2017-02-01,W1,科学技術に関する国民意識調査－国際・国内比較指標に関する検討－,机构正式研究,C:\Users\WINDOWS\OneDrive\知识库\智库信息爬虫\国际主要科技智库观点演变_研判\03_证据底稿\原文PDF\C-NISTEP-RM256-E5F33500.pdf,C:\Users\WINDOWS\OneDrive\知识库\智库信息爬虫\国际主要科技智库观点演变_研判\03_证据底稿\文本\C-NISTEP-RM256-E5F33500.txt,http://hdl.handle.net/11035/3158,官方PDF已保存并校验
科技指标、论文与国际比较,科技创新政策与能力基线,C-NISTEP-RM256-E5F33500,2017-02-01,W1,科学技術に関する国民意識調査－国際・国内比較指標に関する検討－,机构正式研究,C:\Users\WINDOWS\OneDrive\知识库\智库信息爬虫\国际主要科技智库观点演变_研判\03_证据底稿\原文PDF\C-NISTEP-RM256-E5F33500.pdf,C:\Users\WINDOWS\OneDrive\知识库\智库信息爬虫\国际主要科技智库观点演变_研判\03_证据底稿\文本\C-NISTEP-RM256-E5F33500.txt,http://hdl.handle.net/11035/3158,官方PDF已保存并校验
科研体系、资助与研究基础,科技创新政策与能力基线,C-NISTEP-RM256-E5F33500,2017-02-01,W1,科学技術に関する国民意識調査－国際・国内比較指標に関する検討－,机构正式研究,C:\Users\WINDOWS\OneDrive\知识库\智库信息爬虫\国际主要科技智库观点演变_研判\03_证据底稿\原文PDF\C-NISTEP-RM256-E5F33500.pdf,C:\Users\WINDOWS\OneDrive\知识库\智库信息爬虫\国际主要科技智库观点演变_研判\03_证据底稿\文本\C-NISTEP-RM256-E5F33500.txt,http://hdl.handle.net/11035/3158,官方PDF已保存并校验
科技人才、博士与职业流动,科技创新政策与能力基线,C-NISTEP-RM256-E5F33500,2017-02-01,W1,科学技術に関する国民意識調査－国際・国内比較指標に関する検討－,机构正式研究,C:\Users\WINDOWS\OneDrive\知识库\智库信息爬虫\国际主要科技智库观点演变_研判\03_证据底稿\原文PDF\C-NISTEP-RM256-E5F33500.pdf,C:\Users\WINDOWS\OneDrive\知识库\智库信息爬虫\国际主要科技智库观点演变_研判\03_证据底稿\文本\C-NISTEP-RM256-E5F33500.txt,http://hdl.handle.net/11035/3158,官方PDF已保存并校验
企业研发、创新与产学合作,科技创新政策与能力基线,C-NISTEP-RM256-E5F33500,2017-02-01,W1,科学技術に関する国民意識調査－国際・国内比較指標に関する検討－,机构正式研究,C:\Users\WINDOWS\OneDrive\知识库\智库信息爬虫\国际主要科技智库观点演变_研判\03_证据底稿\原文PDF\C-NISTEP-RM256-E5F33500.pdf,C:\Users\WINDOWS\OneDrive\知识库\智库信息爬虫\国际主要科技智库观点演变_研判\03_证据底稿\文本\C-NISTEP-RM256-E5F33500.txt,http://hdl.handle.net/11035/3158,官方PDF已保存并校验
科技前瞻、新兴议题与社会,科技创新政策与能力基线,C-NISTEP-RM256-E5F33500,2017-02-01,W1,科学技術に関する国民意識調査－国際・国内比較指標に関する検討－,机构正式研究,C:\Users\WINDOWS\OneDrive\知识库\智库信息爬虫\国际主要科技智库观点演变_研判\03_证据底稿\原文PDF\C-NISTEP-RM256-E5F33500.pdf,C:\Users\WINDOWS\OneDrive\知识库\智库信息爬虫\国际主要科技智库观点演变_研判\03_证据底稿\文本\C-NISTEP-RM256-E5F33500.txt,http://hdl.handle.net/11035/3158,官方PDF已保存并校验
开放科学、研究诚信与治理,科技创新政策与能力基线,C-NISTEP-RM256-E5F33500,2017-02-01,W1,科学技術に関する国民意識調査－国際・国内比較指標に関する検討－,机构正式研究,C:\Users\WINDOWS\OneDrive\知识库\智库信息爬虫\国际主要科技智库观点演变_研判\03_证据底稿\原文PDF\C-NISTEP-RM256-E5F33500.pdf,C:\Users\WINDOWS\OneDrive\知识库\智库信息爬虫\国际主要科技智库观点演变_研判\03_证据底稿\文本\C-NISTEP-RM256-E5F33500.txt,http://hdl.handle.net/11035/3158,官方PDF已保存并校验
人工智能、数据与数字技术,科技创新政策与能力基线,C-NISTEP-RM257-AC25C9EE,2017-02-01,W1,日本の大学システムのインプット構造―「科学技術研究調査（2002～2015）」の詳細分析―,机构正式研究,C:\Users\WINDOWS\OneDrive\知识库\智库信息爬虫\国际主要科技智库观点演变_研判\03_证据底稿\网页文本\C-NISTEP-RM257-AC25C9EE.txt,C:\Users\WINDOWS\OneDrive\知识库\智库信息爬虫\国际主要科技智库观点演变_研判\03_证据底稿\网页文本\C-NISTEP-RM257-AC25C9EE.txt,http://hdl.handle.net/11035/3157,官方仓储PDF代理全文已保存
科技指标、论文与国际比较,科技创新政策与能力基线,C-NISTEP-RM257-AC25C9EE,2017-02-01,W1,日本の大学システムのインプット構造―「科学技術研究調査（2002～2015）」の詳細分析―,机构正式研究,C:\Users\WINDOWS\OneDrive\知识库\智库信息爬虫\国际主要科技智库观点演变_研判\03_证据底稿\网页文本\C-NISTEP-RM257-AC25C9EE.txt,C:\Users\WINDOWS\OneDrive\知识库\智库信息爬虫\国际主要科技智库观点演变_研判\03_证据底稿\网页文本\C-NISTEP-RM257-AC25C9EE.txt,http://hdl.handle.net/11035/3157,官方仓储PDF代理全文已保存
科研体系、资助与研究基础,科技创新政策与能力基线,C-NISTEP-RM257-AC25C9EE,2017-02-01,W1,日本の大学システムのインプット構造―「科学技術研究調査（2002～2015）」の詳細分析―,机构正式研究,C:\Users\WINDOWS\OneDrive\知识库\智库信息爬虫\国际主要科技智库观点演变_研判\03_证据底稿\网页文本\C-NISTEP-RM257-AC25C9EE.txt,C:\Users\WINDOWS\OneDrive\知识库\智库信息爬虫\国际主要科技智库观点演变_研判\03_证据底稿\网页文本\C-NISTEP-RM257-AC25C9EE.txt,http://hdl.handle.net/11035/3157,官方仓储PDF代理全文已保存
科技人才、博士与职业流动,科技创新政策与能力基线,C-NISTEP-RM257-AC25C9EE,2017-02-01,W1,日本の大学システムのインプット構造―「科学技術研究調査（2002～2015）」の詳細分析―,机构正式研究,C:\Users\WINDOWS\OneDrive\知识库\智库信息爬虫\国际主要科技智库观点演变_研判\03_证据底稿\网页文本\C-NISTEP-RM257-AC25C9EE.txt,C:\Users\WINDOWS\OneDrive\知识库\智库信息爬虫\国际主要科技智库观点演变_研判\03_证据底稿\网页文本\C-NISTEP-RM257-AC25C9EE.txt,http://hdl.handle.net/11035/3157,官方仓储PDF代理全文已保存
人工智能、数据与数字技术,科技创新政策与能力基线,C-NISTEP-DP141-2350B798,2017-03-01,W1,日本企業の海外展開と国内事業再編,作者讨论论文,C:\Users\WINDOWS\OneDrive\知识库\智库信息爬虫\国际主要科技智库观点演变_研判\03_证据底稿\网页文本\C-NISTEP-DP141-2350B798.txt,C:\Users\WINDOWS\OneDrive\知识库\智库信息爬虫\国际主要科技智库观点演变_研判\03_证据底稿\网页文本\C-NISTEP-DP141-2350B798.txt,http://hdl.handle.net/11035/3162,官方仓储PDF代理全文已保存
科技人才、博士与职业流动,科技创新政策与能力基线,C-NISTEP-DP141-2350B798,2017-03-01,W1,日本企業の海外展開と国内事業再編,作者讨论论文,C:\Users\WINDOWS\OneDrive\知识库\智库信息爬虫\国际主要科技智库观点演变_研判\03_证据底稿\网页文本\C-NISTEP-DP141-2350B798.txt,C:\Users\WINDOWS\OneDrive\知识库\智库信息爬虫\国际主要科技智库观点演变_研判\03_证据底稿\网页文本\C-NISTEP-DP141-2350B798.txt,http://hdl.handle.net/11035/3162,官方仓储PDF代理全文已保存
企业研发、创新与产学合作,科技创新政策与能力基线,C-NISTEP-DP141-2350B798,2017-03-01,W1,日本企業の海外展開と国内事業再編,作者讨论论文,C:\Users\WINDOWS\OneDrive\知识库\智库信息爬虫\国际主要科技智库观点演变_研判\03_证据底稿\网页文本\C-NISTEP-DP141-2350B798.txt,C:\Users\WINDOWS\OneDrive\知识库\智库信息爬虫\国际主要科技智库观点演变_研判\03_证据底稿\网页文本\C-NISTEP-DP141-2350B798.txt,http://hdl.handle.net/11035/3162,官方仓储PDF代理全文已保存
人工智能、数据与数字技术,科技创新政策与能力基线,C-NISTEP-DP142-61D6510C,2017-03-01,W1,科学・技術・産業データの接続と産業の科学集約度の測定,作者讨论论文,C:\Users\WINDOWS\OneDrive\知识库\智库信息爬虫\国际主要科技智库观点演变_研判\03_证据底稿\原文PDF\C-NISTEP-DP142-61D6510C.pdf,C:\Users\WINDOWS\OneDrive\知识库\智库信息爬虫\国际主要科技智库观点演变_研判\03_证据底稿\文本\C-NISTEP-DP142-61D6510C.txt,http://hdl.handle.net/11035/3161,官方PDF已保存并校验
关键技术、专利与产业竞争力,科技创新政策与能力基线,C-NISTEP-DP142-61D6510C,2017-03-01,W1,科学・技術・産業データの接続と産業の科学集約度の測定,作者讨论论文,C:\Users\WINDOWS\OneDrive\知识库\智库信息爬虫\国际主要科技智库观点演变_研判\03_证据底稿\原文PDF\C-NISTEP-DP142-61D6510C.pdf,C:\Users\WINDOWS\OneDrive\知识库\智库信息爬虫\国际主要科技智库观点演变_研判\03_证据底稿\文本\C-NISTEP-DP142-61D6510C.txt,http://hdl.handle.net/11035/3161,官方PDF已保存并校验
科技指标、论文与国际比较,科技创新政策与能力基线,C-NISTEP-DP142-61D6510C,2017-03-01,W1,科学・技術・産業データの接続と産業の科学集約度の測定,作者讨论论文,C:\Users\WINDOWS\OneDrive\知识库\智库信息爬虫\国际主要科技智库观点演变_研判\03_证据底稿\原文PDF\C-NISTEP-DP142-61D6510C.pdf,C:\Users\WINDOWS\OneDrive\知识库\智库信息爬虫\国际主要科技智库观点演变_研判\03_证据底稿\文本\C-NISTEP-DP142-61D6510C.txt,http://hdl.handle.net/11035/3161,官方PDF已保存并校验
科研体系、资助与研究基础,科技创新政策与能力基线,C-NISTEP-DP142-61D6510C,2017-03-01,W1,科学・技術・産業データの接続と産業の科学集約度の測定,作者讨论论文,C:\Users\WINDOWS\OneDrive\知识库\智库信息爬虫\国际主要科技智库观点演变_研判\03_证据底稿\原文PDF\C-NISTEP-DP142-61D6510C.pdf,C:\Users\WINDOWS\OneDrive\知识库\智库信息爬虫\国际主要科技智库观点演变_研判\03_证据底稿\文本\C-NISTEP-DP142-61D6510C.txt,http://hdl.handle.net/11035/3161,官方PDF已保存并校验
企业研发、创新与产学合作,科技创新政策与能力基线,C-NISTEP-DP142-61D6510C,2017-03-01,W1,科学・技術・産業データの接続と産業の科学集約度の測定,作者讨论论文,C:\Users\WINDOWS\OneDrive\知识库\智库信息爬虫\国际主要科技智库观点演变_研判\03_证据底稿\原文PDF\C-NISTEP-DP142-61D6510C.pdf,C:\Users\WINDOWS\OneDrive\知识库\智库信息爬虫\国际主要科技智库观点演变_研判\03_证据底稿\文本\C-NISTEP-DP142-61D6510C.txt,http://hdl.handle.net/11035/3161,官方PDF已保存并校验
人工智能、数据与数字技术,核心科技直接材料,C-NISTEP-DP143-7A3F21A2,2017-03-01,W1,日本企業における特許出願が生存率に与える効果の実証分析～オープンイノベーション時代の創造的破壊に関する一考察～,作者讨论论文,C:\Users\WINDOWS\OneDrive\知识库\智库信息爬虫\国际主要科技智库观点演变_研判\03_证据底稿\原文PDF\C-NISTEP-DP143-7A3F21A2.pdf,C:\Users\WINDOWS\OneDrive\知识库\智库信息爬虫\国际主要科技智库观点演变_研判\03_证据底稿\文本\C-NISTEP-DP143-7A3F21A2.txt,http://hdl.handle.net/11035/3160,官方PDF已保存并校验
关键技术、专利与产业竞争力,核心科技直接材料,C-NISTEP-DP143-7A3F21A2,2017-03-01,W1,日本企業における特許出願が生存率に与える効果の実証分析～オープンイノベーション時代の創造的破壊に関する一考察～,作者讨论论文,C:\Users\WINDOWS\OneDrive\知识库\智库信息爬虫\国际主要科技智库观点演变_研判\03_证据底稿\原文PDF\C-NISTEP-DP143-7A3F21A2.pdf,C:\Users\WINDOWS\OneDrive\知识库\智库信息爬虫\国际主要科技智库观点演变_研判\03_证据底稿\文本\C-NISTEP-DP143-7A3F21A2.txt,http://hdl.handle.net/11035/3160,官方PDF已保存并校验
科研体系、资助与研究基础,核心科技直接材料,C-NISTEP-DP143-7A3F21A2,2017-03-01,W1,日本企業における特許出願が生存率に与える効果の実証分析～オープンイノベーション時代の創造的破壊に関する一考察～,作者讨论论文,C:\Users\WINDOWS\OneDrive\知识库\智库信息爬虫\国际主要科技智库观点演变_研判\03_证据底稿\原文PDF\C-NISTEP-DP143-7A3F21A2.pdf,C:\Users\WINDOWS\OneDrive\知识库\智库信息爬虫\国际主要科技智库观点演变_研判\03_证据底稿\文本\C-NISTEP-DP143-7A3F21A2.txt,http://hdl.handle.net/11035/3160,官方PDF已保存并校验
企业研发、创新与产学合作,核心科技直接材料,C-NISTEP-DP143-7A3F21A2,2017-03-01,W1,日本企業における特許出願が生存率に与える効果の実証分析～オープンイノベーション時代の創造的破壊に関する一考察～,作者讨论论文,C:\Users\WINDOWS\OneDrive\知识库\智库信息爬虫\国际主要科技智库观点演变_研判\03_证据底稿\原文PDF\C-NISTEP-DP143-7A3F21A2.pdf,C:\Users\WINDOWS\OneDrive\知识库\智库信息爬虫\国际主要科技智库观点演变_研判\03_证据底稿\文本\C-NISTEP-DP143-7A3F21A2.txt,http://hdl.handle.net/11035/3160,官方PDF已保存并校验
开放科学、研究诚信与治理,核心科技直接材料,C-NISTEP-DP143-7A3F21A2,2017-03-01,W1,日本企業における特許出願が生存率に与える効果の実証分析～オープンイノベーション時代の創造的破壊に関する一考察～,作者讨论论文,C:\Users\WINDOWS\OneDrive\知识库\智库信息爬虫\国际主要科技智库观点演变_研判\03_证据底稿\原文PDF\C-NISTEP-DP143-7A3F21A2.pdf,C:\Users\WINDOWS\OneDrive\知识库\智库信息爬虫\国际主要科技智库观点演变_研判\03_证据底稿\文本\C-NISTEP-DP143-7A3F21A2.txt,http://hdl.handle.net/11035/3160,官方PDF已保存并校验
人工智能、数据与数字技术,科技创新政策与能力基线,C-NISTEP-DP144-5B9A73CE,2017-03-01,W1,一連の大学改革と教授の多様性拡大に関する一考察～研究者の属性と昇進に関するイベントヒストリー分析～,作者讨论论文,C:\Users\WINDOWS\OneDrive\知识库\智库信息爬虫\国际主要科技智库观点演变_研判\03_证据底稿\原文PDF\C-NISTEP-DP144-5B9A73CE.pdf,C:\Users\WINDOWS\OneDrive\知识库\智库信息爬虫\国际主要科技智库观点演变_研判\03_证据底稿\文本\C-NISTEP-DP144-5B9A73CE.txt,http://hdl.handle.net/11035/3163,官方PDF已保存并校验
关键技术、专利与产业竞争力,科技创新政策与能力基线,C-NISTEP-DP144-5B9A73CE,2017-03-01,W1,一連の大学改革と教授の多様性拡大に関する一考察～研究者の属性と昇進に関するイベントヒストリー分析～,作者讨论论文,C:\Users\WINDOWS\OneDrive\知识库\智库信息爬虫\国际主要科技智库观点演变_研判\03_证据底稿\原文PDF\C-NISTEP-DP144-5B9A73CE.pdf,C:\Users\WINDOWS\OneDrive\知识库\智库信息爬虫\国际主要科技智库观点演变_研判\03_证据底稿\文本\C-NISTEP-DP144-5B9A73CE.txt,http://hdl.handle.net/11035/3163,官方PDF已保存并校验
科技指标、论文与国际比较,科技创新政策与能力基线,C-NISTEP-DP144-5B9A73CE,2017-03-01,W1,一連の大学改革と教授の多様性拡大に関する一考察～研究者の属性と昇進に関するイベントヒストリー分析～,作者讨论论文,C:\Users\WINDOWS\OneDrive\知识库\智库信息爬虫\国际主要科技智库观点演变_研判\03_证据底稿\原文PDF\C-NISTEP-DP144-5B9A73CE.pdf,C:\Users\WINDOWS\OneDrive\知识库\智库信息爬虫\国际主要科技智库观点演变_研判\03_证据底稿\文本\C-NISTEP-DP144-5B9A73CE.txt,http://hdl.handle.net/11035/3163,官方PDF已保存并校验
科研体系、资助与研究基础,科技创新政策与能力基线,C-NISTEP-DP144-5B9A73CE,2017-03-01,W1,一連の大学改革と教授の多様性拡大に関する一考察～研究者の属性と昇進に関するイベントヒストリー分析～,作者讨论论文,C:\Users\WINDOWS\OneDrive\知识库\智库信息爬虫\国际主要科技智库观点演变_研判\03_证据底稿\原文PDF\C-NISTEP-DP144-5B9A73CE.pdf,C:\Users\WINDOWS\OneDrive\知识库\智库信息爬虫\国际主要科技智库观点演变_研判\03_证据底稿\文本\C-NISTEP-DP144-5B9A73CE.txt,http://hdl.handle.net/11035/3163,官方PDF已保存并校验
科技人才、博士与职业流动,科技创新政策与能力基线,C-NISTEP-DP144-5B9A73CE,2017-03-01,W1,一連の大学改革と教授の多様性拡大に関する一考察～研究者の属性と昇進に関するイベントヒストリー分析～,作者讨论论文,C:\Users\WINDOWS\OneDrive\知识库\智库信息爬虫\国际主要科技智库观点演变_研判\03_证据底稿\原文PDF\C-NISTEP-DP144-5B9A73CE.pdf,C:\Users\WINDOWS\OneDrive\知识库\智库信息爬虫\国际主要科技智库观点演变_研判\03_证据底稿\文本\C-NISTEP-DP144-5B9A73CE.txt,http://hdl.handle.net/11035/3163,官方PDF已保存并校验
企业研发、创新与产学合作,科技创新政策与能力基线,C-NISTEP-DP144-5B9A73CE,2017-03-01,W1,一連の大学改革と教授の多様性拡大に関する一考察～研究者の属性と昇進に関するイベントヒストリー分析～,作者讨论论文,C:\Users\WINDOWS\OneDrive\知识库\智库信息爬虫\国际主要科技智库观点演变_研判\03_证据底稿\原文PDF\C-NISTEP-DP144-5B9A73CE.pdf,C:\Users\WINDOWS\OneDrive\知识库\智库信息爬虫\国际主要科技智库观点演变_研判\03_证据底稿\文本\C-NISTEP-DP144-5B9A73CE.txt,http://hdl.handle.net/11035/3163,官方PDF已保存并校验
科技指标、论文与国际比较,科技创新政策与能力基线,C-NISTEP-DP145-FBE1B450,2017-03-01,W1,アンケート調査から見た国内大学等による国際産学連携の現状,作者讨论论文,C:\Users\WINDOWS\OneDrive\知识库\智库信息爬虫\国际主要科技智库观点演变_研判\03_证据底稿\原文PDF\C-NISTEP-DP145-FBE1B450.pdf,C:\Users\WINDOWS\OneDrive\知识库\智库信息爬虫\国际主要科技智库观点演变_研判\03_证据底稿\文本\C-NISTEP-DP145-FBE1B450.txt,http://hdl.handle.net/11035/3164,官方PDF已保存并校验
科研体系、资助与研究基础,科技创新政策与能力基线,C-NISTEP-DP145-FBE1B450,2017-03-01,W1,アンケート調査から見た国内大学等による国際産学連携の現状,作者讨论论文,C:\Users\WINDOWS\OneDrive\知识库\智库信息爬虫\国际主要科技智库观点演变_研判\03_证据底稿\原文PDF\C-NISTEP-DP145-FBE1B450.pdf,C:\Users\WINDOWS\OneDrive\知识库\智库信息爬虫\国际主要科技智库观点演变_研判\03_证据底稿\文本\C-NISTEP-DP145-FBE1B450.txt,http://hdl.handle.net/11035/3164,官方PDF已保存并校验
科技人才、博士与职业流动,科技创新政策与能力基线,C-NISTEP-DP145-FBE1B450,2017-03-01,W1,アンケート調査から見た国内大学等による国際産学連携の現状,作者讨论论文,C:\Users\WINDOWS\OneDrive\知识库\智库信息爬虫\国际主要科技智库观点演变_研判\03_证据底稿\原文PDF\C-NISTEP-DP145-FBE1B450.pdf,C:\Users\WINDOWS\OneDrive\知识库\智库信息爬虫\国际主要科技智库观点演变_研判\03_证据底稿\文本\C-NISTEP-DP145-FBE1B450.txt,http://hdl.handle.net/11035/3164,官方PDF已保存并校验
企业研发、创新与产学合作,科技创新政策与能力基线,C-NISTEP-DP145-FBE1B450,2017-03-01,W1,アンケート調査から見た国内大学等による国際産学連携の現状,作者讨论论文,C:\Users\WINDOWS\OneDrive\知识库\智库信息爬虫\国际主要科技智库观点演变_研判\03_证据底稿\原文PDF\C-NISTEP-DP145-FBE1B450.pdf,C:\Users\WINDOWS\OneDrive\知识库\智库信息爬虫\国际主要科技智库观点演变_研判\03_证据底稿\文本\C-NISTEP-DP145-FBE1B450.txt,http://hdl.handle.net/11035/3164,官方PDF已保存并校验
开放科学、研究诚信与治理,科技创新政策与能力基线,C-NISTEP-DP145-FBE1B450,2017-03-01,W1,アンケート調査から見た国内大学等による国際産学連携の現状,作者讨论论文,C:\Users\WINDOWS\OneDrive\知识库\智库信息爬虫\国际主要科技智库观点演变_研判\03_证据底稿\原文PDF\C-NISTEP-DP145-FBE1B450.pdf,C:\Users\WINDOWS\OneDrive\知识库\智库信息爬虫\国际主要科技智库观点演变_研判\03_证据底稿\文本\C-NISTEP-DP145-FBE1B450.txt,http://hdl.handle.net/11035/3164,官方PDF已保存并校验
人工智能、数据与数字技术,科技创新政策与能力基线,C-NISTEP-RM258-D6DF8C31,2017-03-01,W1,論文データベース分析から見た大学内部組織レベルの研究活動の構造把握,机构正式研究,C:\Users\WINDOWS\OneDrive\知识库\智库信息爬虫\国际主要科技智库观点演变_研判\03_证据底稿\原文PDF\C-NISTEP-RM258-D6DF8C31.pdf,C:\Users\WINDOWS\OneDrive\知识库\智库信息爬虫\国际主要科技智库观点演变_研判\03_证据底稿\文本\C-NISTEP-RM258-D6DF8C31.txt,http://hdl.handle.net/11035/3159,官方PDF已保存并校验
科技指标、论文与国际比较,科技创新政策与能力基线,C-NISTEP-RM258-D6DF8C31,2017-03-01,W1,論文データベース分析から見た大学内部組織レベルの研究活動の構造把握,机构正式研究,C:\Users\WINDOWS\OneDrive\知识库\智库信息爬虫\国际主要科技智库观点演变_研判\03_证据底稿\原文PDF\C-NISTEP-RM258-D6DF8C31.pdf,C:\Users\WINDOWS\OneDrive\知识库\智库信息爬虫\国际主要科技智库观点演变_研判\03_证据底稿\文本\C-NISTEP-RM258-D6DF8C31.txt,http://hdl.handle.net/11035/3159,官方PDF已保存并校验
科研体系、资助与研究基础,科技创新政策与能力基线,C-NISTEP-RM258-D6DF8C31,2017-03-01,W1,論文データベース分析から見た大学内部組織レベルの研究活動の構造把握,机构正式研究,C:\Users\WINDOWS\OneDrive\知识库\智库信息爬虫\国际主要科技智库观点演变_研判\03_证据底稿\原文PDF\C-NISTEP-RM258-D6DF8C31.pdf,C:\Users\WINDOWS\OneDrive\知识库\智库信息爬虫\国际主要科技智库观点演变_研判\03_证据底稿\文本\C-NISTEP-RM258-D6DF8C31.txt,http://hdl.handle.net/11035/3159,官方PDF已保存并校验
企业研发、创新与产学合作,科技创新政策与能力基线,C-NISTEP-RM258-D6DF8C31,2017-03-01,W1,論文データベース分析から見た大学内部組織レベルの研究活動の構造把握,机构正式研究,C:\Users\WINDOWS\OneDrive\知识库\智库信息爬虫\国际主要科技智库观点演变_研判\03_证据底稿\原文PDF\C-NISTEP-RM258-D6DF8C31.pdf,C:\Users\WINDOWS\OneDrive\知识库\智库信息爬虫\国际主要科技智库观点演变_研判\03_证据底稿\文本\C-NISTEP-RM258-D6DF8C31.txt,http://hdl.handle.net/11035/3159,官方PDF已保存并校验
人工智能、数据与数字技术,科技创新政策与能力基线,C-NISTEP-NR171-25FA8736,2017-05-01,W1,科学技術の状況に係る総合的意識調査（NISTEP 定点調査2016）報告書,机构正式研究,C:\Users\WINDOWS\OneDrive\知识库\智库信息爬虫\国际主要科技智库观点演变_研判\03_证据底稿\原文PDF\C-NISTEP-NR171-25FA8736.pdf,C:\Users\WINDOWS\OneDrive\知识库\智库信息爬虫\国际主要科技智库观点演变_研判\03_证据底稿\文本\C-NISTEP-NR171-25FA8736.txt,http://hdl.handle.net/11035/3165,官方PDF已保存并校验
关键技术、专利与产业竞争力,科技创新政策与能力基线,C-NISTEP-NR171-25FA8736,2017-05-01,W1,科学技術の状況に係る総合的意識調査（NISTEP 定点調査2016）報告書,机构正式研究,C:\Users\WINDOWS\OneDrive\知识库\智库信息爬虫\国际主要科技智库观点演变_研判\03_证据底稿\原文PDF\C-NISTEP-NR171-25FA8736.pdf,C:\Users\WINDOWS\OneDrive\知识库\智库信息爬虫\国际主要科技智库观点演变_研判\03_证据底稿\文本\C-NISTEP-NR171-25FA8736.txt,http://hdl.handle.net/11035/3165,官方PDF已保存并校验
科技指标、论文与国际比较,科技创新政策与能力基线,C-NISTEP-NR171-25FA8736,2017-05-01,W1,科学技術の状況に係る総合的意識調査（NISTEP 定点調査2016）報告書,机构正式研究,C:\Users\WINDOWS\OneDrive\知识库\智库信息爬虫\国际主要科技智库观点演变_研判\03_证据底稿\原文PDF\C-NISTEP-NR171-25FA8736.pdf,C:\Users\WINDOWS\OneDrive\知识库\智库信息爬虫\国际主要科技智库观点演变_研判\03_证据底稿\文本\C-NISTEP-NR171-25FA8736.txt,http://hdl.handle.net/11035/3165,官方PDF已保存并校验
科研体系、资助与研究基础,科技创新政策与能力基线,C-NISTEP-NR171-25FA8736,2017-05-01,W1,科学技術の状況に係る総合的意識調査（NISTEP 定点調査2016）報告書,机构正式研究,C:\Users\WINDOWS\OneDrive\知识库\智库信息爬虫\国际主要科技智库观点演变_研判\03_证据底稿\原文PDF\C-NISTEP-NR171-25FA8736.pdf,C:\Users\WINDOWS\OneDrive\知识库\智库信息爬虫\国际主要科技智库观点演变_研判\03_证据底稿\文本\C-NISTEP-NR171-25FA8736.txt,http://hdl.handle.net/11035/3165,官方PDF已保存并校验
科技人才、博士与职业流动,科技创新政策与能力基线,C-NISTEP-NR171-25FA8736,2017-05-01,W1,科学技術の状況に係る総合的意識調査（NISTEP 定点調査2016）報告書,机构正式研究,C:\Users\WINDOWS\OneDrive\知识库\智库信息爬虫\国际主要科技智库观点演变_研判\03_证据底稿\原文PDF\C-NISTEP-NR171-25FA8736.pdf,C:\Users\WINDOWS\OneDrive\知识库\智库信息爬虫\国际主要科技智库观点演变_研判\03_证据底稿\文本\C-NISTEP-NR171-25FA8736.txt,http://hdl.handle.net/11035/3165,官方PDF已保存并校验
企业研发、创新与产学合作,科技创新政策与能力基线,C-NISTEP-NR171-25FA8736,2017-05-01,W1,科学技術の状況に係る総合的意識調査（NISTEP 定点調査2016）報告書,机构正式研究,C:\Users\WINDOWS\OneDrive\知识库\智库信息爬虫\国际主要科技智库观点演变_研判\03_证据底稿\原文PDF\C-NISTEP-NR171-25FA8736.pdf,C:\Users\WINDOWS\OneDrive\知识库\智库信息爬虫\国际主要科技智库观点演变_研判\03_证据底稿\文本\C-NISTEP-NR171-25FA8736.txt,http://hdl.handle.net/11035/3165,官方PDF已保存并校验
人工智能、数据与数字技术,科技创新政策与能力基线,C-NISTEP-NR172-5B91992F,2017-05-01,W1,科学技術の状況に係る総合的意識調査（NISTEP定点調査2016）データ集,机构正式研究,C:\Users\WINDOWS\OneDrive\知识库\智库信息爬虫\国际主要科技智库观点演变_研判\03_证据底稿\原文PDF\C-NISTEP-NR172-5B91992F.pdf,C:\Users\WINDOWS\OneDrive\知识库\智库信息爬虫\国际主要科技智库观点演变_研判\03_证据底稿\文本\C-NISTEP-NR172-5B91992F.txt,http://hdl.handle.net/11035/3166,官方PDF已保存并校验
科技人才、博士与职业流动,科技创新政策与能力基线,C-NISTEP-NR172-5B91992F,2017-05-01,W1,科学技術の状況に係る総合的意識調査（NISTEP定点調査2016）データ集,机构正式研究,C:\Users\WINDOWS\OneDrive\知识库\智库信息爬虫\国际主要科技智库观点演变_研判\03_证据底稿\原文PDF\C-NISTEP-NR172-5B91992F.pdf,C:\Users\WINDOWS\OneDrive\知识库\智库信息爬虫\国际主要科技智库观点演变_研判\03_证据底稿\文本\C-NISTEP-NR172-5B91992F.txt,http://hdl.handle.net/11035/3166,官方PDF已保存并校验
企业研发、创新与产学合作,科技创新政策与能力基线,C-NISTEP-NR172-5B91992F,2017-05-01,W1,科学技術の状況に係る総合的意識調査（NISTEP定点調査2016）データ集,机构正式研究,C:\Users\WINDOWS\OneDrive\知识库\智库信息爬虫\国际主要科技智库观点演变_研判\03_证据底稿\原文PDF\C-NISTEP-NR172-5B91992F.pdf,C:\Users\WINDOWS\OneDrive\知识库\智库信息爬虫\国际主要科技智库观点演变_研判\03_证据底稿\文本\C-NISTEP-NR172-5B91992F.txt,http://hdl.handle.net/11035/3166,官方PDF已保存并校验
人工智能、数据与数字技术,科技创新政策与能力基线,C-NISTEP-NR173-32CE1AFA,2017-05-01,W1,民間企業の研究活動に関する調査報告2016,机构正式研究,C:\Users\WINDOWS\OneDrive\知识库\智库信息爬虫\国际主要科技智库观点演变_研判\03_证据底稿\原文PDF\C-NISTEP-NR173-32CE1AFA.pdf,C:\Users\WINDOWS\OneDrive\知识库\智库信息爬虫\国际主要科技智库观点演变_研判\03_证据底稿\文本\C-NISTEP-NR173-32CE1AFA.txt,http://hdl.handle.net/11035/3167,官方PDF已保存并校验
关键技术、专利与产业竞争力,科技创新政策与能力基线,C-NISTEP-NR173-32CE1AFA,2017-05-01,W1,民間企業の研究活動に関する調査報告2016,机构正式研究,C:\Users\WINDOWS\OneDrive\知识库\智库信息爬虫\国际主要科技智库观点演变_研判\03_证据底稿\原文PDF\C-NISTEP-NR173-32CE1AFA.pdf,C:\Users\WINDOWS\OneDrive\知识库\智库信息爬虫\国际主要科技智库观点演变_研判\03_证据底稿\文本\C-NISTEP-NR173-32CE1AFA.txt,http://hdl.handle.net/11035/3167,官方PDF已保存并校验
科技指标、论文与国际比较,科技创新政策与能力基线,C-NISTEP-NR173-32CE1AFA,2017-05-01,W1,民間企業の研究活動に関する調査報告2016,机构正式研究,C:\Users\WINDOWS\OneDrive\知识库\智库信息爬虫\国际主要科技智库观点演变_研判\03_证据底稿\原文PDF\C-NISTEP-NR173-32CE1AFA.pdf,C:\Users\WINDOWS\OneDrive\知识库\智库信息爬虫\国际主要科技智库观点演变_研判\03_证据底稿\文本\C-NISTEP-NR173-32CE1AFA.txt,http://hdl.handle.net/11035/3167,官方PDF已保存并校验
科研体系、资助与研究基础,科技创新政策与能力基线,C-NISTEP-NR173-32CE1AFA,2017-05-01,W1,民間企業の研究活動に関する調査報告2016,机构正式研究,C:\Users\WINDOWS\OneDrive\知识库\智库信息爬虫\国际主要科技智库观点演变_研判\03_证据底稿\原文PDF\C-NISTEP-NR173-32CE1AFA.pdf,C:\Users\WINDOWS\OneDrive\知识库\智库信息爬虫\国际主要科技智库观点演变_研判\03_证据底稿\文本\C-NISTEP-NR173-32CE1AFA.txt,http://hdl.handle.net/11035/3167,官方PDF已保存并校验
科技人才、博士与职业流动,科技创新政策与能力基线,C-NISTEP-NR173-32CE1AFA,2017-05-01,W1,民間企業の研究活動に関する調査報告2016,机构正式研究,C:\Users\WINDOWS\OneDrive\知识库\智库信息爬虫\国际主要科技智库观点演变_研判\03_证据底稿\原文PDF\C-NISTEP-NR173-32CE1AFA.pdf,C:\Users\WINDOWS\OneDrive\知识库\智库信息爬虫\国际主要科技智库观点演变_研判\03_证据底稿\文本\C-NISTEP-NR173-32CE1AFA.txt,http://hdl.handle.net/11035/3167,官方PDF已保存并校验
企业研发、创新与产学合作,科技创新政策与能力基线,C-NISTEP-NR173-32CE1AFA,2017-05-01,W1,民間企業の研究活動に関する調査報告2016,机构正式研究,C:\Users\WINDOWS\OneDrive\知识库\智库信息爬虫\国际主要科技智库观点演变_研判\03_证据底稿\原文PDF\C-NISTEP-NR173-32CE1AFA.pdf,C:\Users\WINDOWS\OneDrive\知识库\智库信息爬虫\国际主要科技智库观点演变_研判\03_证据底稿\文本\C-NISTEP-NR173-32CE1AFA.txt,http://hdl.handle.net/11035/3167,官方PDF已保存并校验
科技指标、论文与国际比较,科技创新政策与能力基线,C-NISTEP-DP146-D9CA8AAD,2017-06-01,W1,論文を生み出した研究活動に用いた資金と人的体制－2004～2012 年に出版された論文の責任著者を対象にした大規模質問票調査の分析（論文実態調査）－,作者讨论论文,C:\Users\WINDOWS\OneDrive\知识库\智库信息爬虫\国际主要科技智库观点演变_研判\03_证据底稿\原文PDF\C-NISTEP-DP146-D9CA8AAD.pdf,C:\Users\WINDOWS\OneDrive\知识库\智库信息爬虫\国际主要科技智库观点演变_研判\03_证据底稿\文本\C-NISTEP-DP146-D9CA8AAD.txt,http://hdl.handle.net/11035/3168,官方PDF已保存并校验
科研体系、资助与研究基础,科技创新政策与能力基线,C-NISTEP-DP146-D9CA8AAD,2017-06-01,W1,論文を生み出した研究活動に用いた資金と人的体制－2004～2012 年に出版された論文の責任著者を対象にした大規模質問票調査の分析（論文実態調査）－,作者讨论论文,C:\Users\WINDOWS\OneDrive\知识库\智库信息爬虫\国际主要科技智库观点演变_研判\03_证据底稿\原文PDF\C-NISTEP-DP146-D9CA8AAD.pdf,C:\Users\WINDOWS\OneDrive\知识库\智库信息爬虫\国际主要科技智库观点演变_研判\03_证据底稿\文本\C-NISTEP-DP146-D9CA8AAD.txt,http://hdl.handle.net/11035/3168,官方PDF已保存并校验
科技人才、博士与职业流动,科技创新政策与能力基线,C-NISTEP-DP146-D9CA8AAD,2017-06-01,W1,論文を生み出した研究活動に用いた資金と人的体制－2004～2012 年に出版された論文の責任著者を対象にした大規模質問票調査の分析（論文実態調査）－,作者讨论论文,C:\Users\WINDOWS\OneDrive\知识库\智库信息爬虫\国际主要科技智库观点演变_研判\03_证据底稿\原文PDF\C-NISTEP-DP146-D9CA8AAD.pdf,C:\Users\WINDOWS\OneDrive\知识库\智库信息爬虫\国际主要科技智库观点演变_研判\03_证据底稿\文本\C-NISTEP-DP146-D9CA8AAD.txt,http://hdl.handle.net/11035/3168,官方PDF已保存并校验
人工智能、数据与数字技术,科技创新政策与能力基线,C-NISTEP-DP147-FD7254A7,2017-06-01,W1,女性博士のキャリア構築と家族形成,作者讨论论文,C:\Users\WINDOWS\OneDrive\知识库\智库信息爬虫\国际主要科技智库观点演变_研判\03_证据底稿\原文PDF\C-NISTEP-DP147-FD7254A7.pdf,C:\Users\WINDOWS\OneDrive\知识库\智库信息爬虫\国际主要科技智库观点演变_研判\03_证据底稿\文本\C-NISTEP-DP147-FD7254A7.txt,http://hdl.handle.net/11035/3169,官方PDF已保存并校验
科技指标、论文与国际比较,科技创新政策与能力基线,C-NISTEP-DP147-FD7254A7,2017-06-01,W1,女性博士のキャリア構築と家族形成,作者讨论论文,C:\Users\WINDOWS\OneDrive\知识库\智库信息爬虫\国际主要科技智库观点演变_研判\03_证据底稿\原文PDF\C-NISTEP-DP147-FD7254A7.pdf,C:\Users\WINDOWS\OneDrive\知识库\智库信息爬虫\国际主要科技智库观点演变_研判\03_证据底稿\文本\C-NISTEP-DP147-FD7254A7.txt,http://hdl.handle.net/11035/3169,官方PDF已保存并校验
科研体系、资助与研究基础,科技创新政策与能力基线,C-NISTEP-DP147-FD7254A7,2017-06-01,W1,女性博士のキャリア構築と家族形成,作者讨论论文,C:\Users\WINDOWS\OneDrive\知识库\智库信息爬虫\国际主要科技智库观点演变_研判\03_证据底稿\原文PDF\C-NISTEP-DP147-FD7254A7.pdf,C:\Users\WINDOWS\OneDrive\知识库\智库信息爬虫\国际主要科技智库观点演变_研判\03_证据底稿\文本\C-NISTEP-DP147-FD7254A7.txt,http://hdl.handle.net/11035/3169,官方PDF已保存并校验
科技人才、博士与职业流动,科技创新政策与能力基线,C-NISTEP-DP147-FD7254A7,2017-06-01,W1,女性博士のキャリア構築と家族形成,作者讨论论文,C:\Users\WINDOWS\OneDrive\知识库\智库信息爬虫\国际主要科技智库观点演变_研判\03_证据底稿\原文PDF\C-NISTEP-DP147-FD7254A7.pdf,C:\Users\WINDOWS\OneDrive\知识库\智库信息爬虫\国际主要科技智库观点演变_研判\03_证据底稿\文本\C-NISTEP-DP147-FD7254A7.txt,http://hdl.handle.net/11035/3169,官方PDF已保存并校验
企业研发、创新与产学合作,科技创新政策与能力基线,C-NISTEP-DP147-FD7254A7,2017-06-01,W1,女性博士のキャリア構築と家族形成,作者讨论论文,C:\Users\WINDOWS\OneDrive\知识库\智库信息爬虫\国际主要科技智库观点演变_研判\03_证据底稿\原文PDF\C-NISTEP-DP147-FD7254A7.pdf,C:\Users\WINDOWS\OneDrive\知识库\智库信息爬虫\国际主要科技智库观点演变_研判\03_证据底稿\文本\C-NISTEP-DP147-FD7254A7.txt,http://hdl.handle.net/11035/3169,官方PDF已保存并校验
科技前瞻、新兴议题与社会,科技创新政策与能力基线,C-NISTEP-DP147-FD7254A7,2017-06-01,W1,女性博士のキャリア構築と家族形成,作者讨论论文,C:\Users\WINDOWS\OneDrive\知识库\智库信息爬虫\国际主要科技智库观点演变_研判\03_证据底稿\原文PDF\C-NISTEP-DP147-FD7254A7.pdf,C:\Users\WINDOWS\OneDrive\知识库\智库信息爬虫\国际主要科技智库观点演变_研判\03_证据底稿\文本\C-NISTEP-DP147-FD7254A7.txt,http://hdl.handle.net/11035/3169,官方PDF已保存并校验
人工智能、数据与数字技术,科技创新政策与能力基线,C-NISTEP-DP148-739953E9,2017-06-01,W1,博士の入職経路の特徴と賃金・仕事満足度で見たマッチング効率の検証―「博士人材追跡調査」の個票データを用いて―,作者讨论论文,C:\Users\WINDOWS\OneDrive\知识库\智库信息爬虫\国际主要科技智库观点演变_研判\03_证据底稿\原文PDF\C-NISTEP-DP148-739953E9.pdf,C:\Users\WINDOWS\OneDrive\知识库\智库信息爬虫\国际主要科技智库观点演变_研判\03_证据底稿\文本\C-NISTEP-DP148-739953E9.txt,http://hdl.handle.net/11035/3175,官方PDF已保存并校验
科技指标、论文与国际比较,科技创新政策与能力基线,C-NISTEP-DP148-739953E9,2017-06-01,W1,博士の入職経路の特徴と賃金・仕事満足度で見たマッチング効率の検証―「博士人材追跡調査」の個票データを用いて―,作者讨论论文,C:\Users\WINDOWS\OneDrive\知识库\智库信息爬虫\国际主要科技智库观点演变_研判\03_证据底稿\原文PDF\C-NISTEP-DP148-739953E9.pdf,C:\Users\WINDOWS\OneDrive\知识库\智库信息爬虫\国际主要科技智库观点演变_研判\03_证据底稿\文本\C-NISTEP-DP148-739953E9.txt,http://hdl.handle.net/11035/3175,官方PDF已保存并校验
科研体系、资助与研究基础,科技创新政策与能力基线,C-NISTEP-DP148-739953E9,2017-06-01,W1,博士の入職経路の特徴と賃金・仕事満足度で見たマッチング効率の検証―「博士人材追跡調査」の個票データを用いて―,作者讨论论文,C:\Users\WINDOWS\OneDrive\知识库\智库信息爬虫\国际主要科技智库观点演变_研判\03_证据底稿\原文PDF\C-NISTEP-DP148-739953E9.pdf,C:\Users\WINDOWS\OneDrive\知识库\智库信息爬虫\国际主要科技智库观点演变_研判\03_证据底稿\文本\C-NISTEP-DP148-739953E9.txt,http://hdl.handle.net/11035/3175,官方PDF已保存并校验
科技人才、博士与职业流动,科技创新政策与能力基线,C-NISTEP-DP148-739953E9,2017-06-01,W1,博士の入職経路の特徴と賃金・仕事満足度で見たマッチング効率の検証―「博士人材追跡調査」の個票データを用いて―,作者讨论论文,C:\Users\WINDOWS\OneDrive\知识库\智库信息爬虫\国际主要科技智库观点演变_研判\03_证据底稿\原文PDF\C-NISTEP-DP148-739953E9.pdf,C:\Users\WINDOWS\OneDrive\知识库\智库信息爬虫\国际主要科技智库观点演变_研判\03_证据底稿\文本\C-NISTEP-DP148-739953E9.txt,http://hdl.handle.net/11035/3175,官方PDF已保存并校验
企业研发、创新与产学合作,科技创新政策与能力基线,C-NISTEP-DP148-739953E9,2017-06-01,W1,博士の入職経路の特徴と賃金・仕事満足度で見たマッチング効率の検証―「博士人材追跡調査」の個票データを用いて―,作者讨论论文,C:\Users\WINDOWS\OneDrive\知识库\智库信息爬虫\国际主要科技智库观点演变_研判\03_证据底稿\原文PDF\C-NISTEP-DP148-739953E9.pdf,C:\Users\WINDOWS\OneDrive\知识库\智库信息爬虫\国际主要科技智库观点演变_研判\03_证据底稿\文本\C-NISTEP-DP148-739953E9.txt,http://hdl.handle.net/11035/3175,官方PDF已保存并校验
人工智能、数据与数字技术,科技创新政策与能力基线,C-NISTEP-DP149-FC0E460B,2017-06-01,W1,企業のイノベーション・アウトプットの多面的測定,作者讨论论文,C:\Users\WINDOWS\OneDrive\知识库\智库信息爬虫\国际主要科技智库观点演变_研判\03_证据底稿\原文PDF\C-NISTEP-DP149-FC0E460B.pdf,C:\Users\WINDOWS\OneDrive\知识库\智库信息爬虫\国际主要科技智库观点演变_研判\03_证据底稿\文本\C-NISTEP-DP149-FC0E460B.txt,http://hdl.handle.net/11035/3170,官方PDF已保存并校验
关键技术、专利与产业竞争力,科技创新政策与能力基线,C-NISTEP-DP149-FC0E460B,2017-06-01,W1,企業のイノベーション・アウトプットの多面的測定,作者讨论论文,C:\Users\WINDOWS\OneDrive\知识库\智库信息爬虫\国际主要科技智库观点演变_研判\03_证据底稿\原文PDF\C-NISTEP-DP149-FC0E460B.pdf,C:\Users\WINDOWS\OneDrive\知识库\智库信息爬虫\国际主要科技智库观点演变_研判\03_证据底稿\文本\C-NISTEP-DP149-FC0E460B.txt,http://hdl.handle.net/11035/3170,官方PDF已保存并校验
科研体系、资助与研究基础,科技创新政策与能力基线,C-NISTEP-DP149-FC0E460B,2017-06-01,W1,企業のイノベーション・アウトプットの多面的測定,作者讨论论文,C:\Users\WINDOWS\OneDrive\知识库\智库信息爬虫\国际主要科技智库观点演变_研判\03_证据底稿\原文PDF\C-NISTEP-DP149-FC0E460B.pdf,C:\Users\WINDOWS\OneDrive\知识库\智库信息爬虫\国际主要科技智库观点演变_研判\03_证据底稿\文本\C-NISTEP-DP149-FC0E460B.txt,http://hdl.handle.net/11035/3170,官方PDF已保存并校验
企业研发、创新与产学合作,科技创新政策与能力基线,C-NISTEP-DP149-FC0E460B,2017-06-01,W1,企業のイノベーション・アウトプットの多面的測定,作者讨论论文,C:\Users\WINDOWS\OneDrive\知识库\智库信息爬虫\国际主要科技智库观点演变_研判\03_证据底稿\原文PDF\C-NISTEP-DP149-FC0E460B.pdf,C:\Users\WINDOWS\OneDrive\知识库\智库信息爬虫\国际主要科技智库观点演变_研判\03_证据底稿\文本\C-NISTEP-DP149-FC0E460B.txt,http://hdl.handle.net/11035/3170,官方PDF已保存并校验
人工智能、数据与数字技术,科技创新政策与能力基线,C-NISTEP-DP150-1B67428B,2017-06-01,W1,博士課程での研究指導状況とインパクト－「博士人材追跡調査」による総合的な分析－,作者讨论论文,C:\Users\WINDOWS\OneDrive\知识库\智库信息爬虫\国际主要科技智库观点演变_研判\03_证据底稿\原文PDF\C-NISTEP-DP150-1B67428B.pdf,C:\Users\WINDOWS\OneDrive\知识库\智库信息爬虫\国际主要科技智库观点演变_研判\03_证据底稿\文本\C-NISTEP-DP150-1B67428B.txt,http://hdl.handle.net/11035/3174,官方PDF已保存并校验
科技指标、论文与国际比较,科技创新政策与能力基线,C-NISTEP-DP150-1B67428B,2017-06-01,W1,博士課程での研究指導状況とインパクト－「博士人材追跡調査」による総合的な分析－,作者讨论论文,C:\Users\WINDOWS\OneDrive\知识库\智库信息爬虫\国际主要科技智库观点演变_研判\03_证据底稿\原文PDF\C-NISTEP-DP150-1B67428B.pdf,C:\Users\WINDOWS\OneDrive\知识库\智库信息爬虫\国际主要科技智库观点演变_研判\03_证据底稿\文本\C-NISTEP-DP150-1B67428B.txt,http://hdl.handle.net/11035/3174,官方PDF已保存并校验
科研体系、资助与研究基础,科技创新政策与能力基线,C-NISTEP-DP150-1B67428B,2017-06-01,W1,博士課程での研究指導状況とインパクト－「博士人材追跡調査」による総合的な分析－,作者讨论论文,C:\Users\WINDOWS\OneDrive\知识库\智库信息爬虫\国际主要科技智库观点演变_研判\03_证据底稿\原文PDF\C-NISTEP-DP150-1B67428B.pdf,C:\Users\WINDOWS\OneDrive\知识库\智库信息爬虫\国际主要科技智库观点演变_研判\03_证据底稿\文本\C-NISTEP-DP150-1B67428B.txt,http://hdl.handle.net/11035/3174,官方PDF已保存并校验
科技人才、博士与职业流动,科技创新政策与能力基线,C-NISTEP-DP150-1B67428B,2017-06-01,W1,博士課程での研究指導状況とインパクト－「博士人材追跡調査」による総合的な分析－,作者讨论论文,C:\Users\WINDOWS\OneDrive\知识库\智库信息爬虫\国际主要科技智库观点演变_研判\03_证据底稿\原文PDF\C-NISTEP-DP150-1B67428B.pdf,C:\Users\WINDOWS\OneDrive\知识库\智库信息爬虫\国际主要科技智库观点演变_研判\03_证据底稿\文本\C-NISTEP-DP150-1B67428B.txt,http://hdl.handle.net/11035/3174,官方PDF已保存并校验
人工智能、数据与数字技术,科技创新政策与能力基线,C-NISTEP-DP151-EE1C0F2B,2017-06-01,W1,変革期の人材育成への示唆～新経済連盟との共同調査結果に基づく考察～,作者讨论论文,C:\Users\WINDOWS\OneDrive\知识库\智库信息爬虫\国际主要科技智库观点演变_研判\03_证据底稿\原文PDF\C-NISTEP-DP151-EE1C0F2B.pdf,C:\Users\WINDOWS\OneDrive\知识库\智库信息爬虫\国际主要科技智库观点演变_研判\03_证据底稿\文本\C-NISTEP-DP151-EE1C0F2B.txt,http://hdl.handle.net/11035/3172,官方PDF已保存并校验
关键技术、专利与产业竞争力,科技创新政策与能力基线,C-NISTEP-DP151-EE1C0F2B,2017-06-01,W1,変革期の人材育成への示唆～新経済連盟との共同調査結果に基づく考察～,作者讨论论文,C:\Users\WINDOWS\OneDrive\知识库\智库信息爬虫\国际主要科技智库观点演变_研判\03_证据底稿\原文PDF\C-NISTEP-DP151-EE1C0F2B.pdf,C:\Users\WINDOWS\OneDrive\知识库\智库信息爬虫\国际主要科技智库观点演变_研判\03_证据底稿\文本\C-NISTEP-DP151-EE1C0F2B.txt,http://hdl.handle.net/11035/3172,官方PDF已保存并校验
科技指标、论文与国际比较,科技创新政策与能力基线,C-NISTEP-DP151-EE1C0F2B,2017-06-01,W1,変革期の人材育成への示唆～新経済連盟との共同調査結果に基づく考察～,作者讨论论文,C:\Users\WINDOWS\OneDrive\知识库\智库信息爬虫\国际主要科技智库观点演变_研判\03_证据底稿\原文PDF\C-NISTEP-DP151-EE1C0F2B.pdf,C:\Users\WINDOWS\OneDrive\知识库\智库信息爬虫\国际主要科技智库观点演变_研判\03_证据底稿\文本\C-NISTEP-DP151-EE1C0F2B.txt,http://hdl.handle.net/11035/3172,官方PDF已保存并校验
科研体系、资助与研究基础,科技创新政策与能力基线,C-NISTEP-DP151-EE1C0F2B,2017-06-01,W1,変革期の人材育成への示唆～新経済連盟との共同調査結果に基づく考察～,作者讨论论文,C:\Users\WINDOWS\OneDrive\知识库\智库信息爬虫\国际主要科技智库观点演变_研判\03_证据底稿\原文PDF\C-NISTEP-DP151-EE1C0F2B.pdf,C:\Users\WINDOWS\OneDrive\知识库\智库信息爬虫\国际主要科技智库观点演变_研判\03_证据底稿\文本\C-NISTEP-DP151-EE1C0F2B.txt,http://hdl.handle.net/11035/3172,官方PDF已保存并校验
科技人才、博士与职业流动,科技创新政策与能力基线,C-NISTEP-DP151-EE1C0F2B,2017-06-01,W1,変革期の人材育成への示唆～新経済連盟との共同調査結果に基づく考察～,作者讨论论文,C:\Users\WINDOWS\OneDrive\知识库\智库信息爬虫\国际主要科技智库观点演变_研判\03_证据底稿\原文PDF\C-NISTEP-DP151-EE1C0F2B.pdf,C:\Users\WINDOWS\OneDrive\知识库\智库信息爬虫\国际主要科技智库观点演变_研判\03_证据底稿\文本\C-NISTEP-DP151-EE1C0F2B.txt,http://hdl.handle.net/11035/3172,官方PDF已保存并校验
企业研发、创新与产学合作,科技创新政策与能力基线,C-NISTEP-DP151-EE1C0F2B,2017-06-01,W1,変革期の人材育成への示唆～新経済連盟との共同調査結果に基づく考察～,作者讨论论文,C:\Users\WINDOWS\OneDrive\知识库\智库信息爬虫\国际主要科技智库观点演变_研判\03_证据底稿\原文PDF\C-NISTEP-DP151-EE1C0F2B.pdf,C:\Users\WINDOWS\OneDrive\知识库\智库信息爬虫\国际主要科技智库观点演变_研判\03_证据底稿\文本\C-NISTEP-DP151-EE1C0F2B.txt,http://hdl.handle.net/11035/3172,官方PDF已保存并校验
科技前瞻、新兴议题与社会,科技创新政策与能力基线,C-NISTEP-DP151-EE1C0F2B,2017-06-01,W1,変革期の人材育成への示唆～新経済連盟との共同調査結果に基づく考察～,作者讨论论文,C:\Users\WINDOWS\OneDrive\知识库\智库信息爬虫\国际主要科技智库观点演变_研判\03_证据底稿\原文PDF\C-NISTEP-DP151-EE1C0F2B.pdf,C:\Users\WINDOWS\OneDrive\知识库\智库信息爬虫\国际主要科技智库观点演变_研判\03_证据底稿\文本\C-NISTEP-DP151-EE1C0F2B.txt,http://hdl.handle.net/11035/3172,官方PDF已保存并校验
开放科学、研究诚信与治理,科技创新政策与能力基线,C-NISTEP-DP151-EE1C0F2B,2017-06-01,W1,変革期の人材育成への示唆～新経済連盟との共同調査結果に基づく考察～,作者讨论论文,C:\Users\WINDOWS\OneDrive\知识库\智库信息爬虫\国际主要科技智库观点演变_研判\03_证据底稿\原文PDF\C-NISTEP-DP151-EE1C0F2B.pdf,C:\Users\WINDOWS\OneDrive\知识库\智库信息爬虫\国际主要科技智库观点演变_研判\03_证据底稿\文本\C-NISTEP-DP151-EE1C0F2B.txt,http://hdl.handle.net/11035/3172,官方PDF已保存并校验
关键技术、专利与产业竞争力,科技创新政策与能力基线,C-NISTEP-RM259-52311EEE,2017-06-01,W1,地域の特徴を生かした未来社会の姿～2035年の「高齢社会×低炭素社会」～,机构正式研究,C:\Users\WINDOWS\OneDrive\知识库\智库信息爬虫\国际主要科技智库观点演变_研判\03_证据底稿\原文PDF\C-NISTEP-RM259-52311EEE.pdf,C:\Users\WINDOWS\OneDrive\知识库\智库信息爬虫\国际主要科技智库观点演变_研判\03_证据底稿\文本\C-NISTEP-RM259-52311EEE.txt,http://hdl.handle.net/11035/3173,官方PDF已保存并校验
科技指标、论文与国际比较,科技创新政策与能力基线,C-NISTEP-RM259-52311EEE,2017-06-01,W1,地域の特徴を生かした未来社会の姿～2035年の「高齢社会×低炭素社会」～,机构正式研究,C:\Users\WINDOWS\OneDrive\知识库\智库信息爬虫\国际主要科技智库观点演变_研判\03_证据底稿\原文PDF\C-NISTEP-RM259-52311EEE.pdf,C:\Users\WINDOWS\OneDrive\知识库\智库信息爬虫\国际主要科技智库观点演变_研判\03_证据底稿\文本\C-NISTEP-RM259-52311EEE.txt,http://hdl.handle.net/11035/3173,官方PDF已保存并校验
科技人才、博士与职业流动,科技创新政策与能力基线,C-NISTEP-RM259-52311EEE,2017-06-01,W1,地域の特徴を生かした未来社会の姿～2035年の「高齢社会×低炭素社会」～,机构正式研究,C:\Users\WINDOWS\OneDrive\知识库\智库信息爬虫\国际主要科技智库观点演变_研判\03_证据底稿\原文PDF\C-NISTEP-RM259-52311EEE.pdf,C:\Users\WINDOWS\OneDrive\知识库\智库信息爬虫\国际主要科技智库观点演变_研判\03_证据底稿\文本\C-NISTEP-RM259-52311EEE.txt,http://hdl.handle.net/11035/3173,官方PDF已保存并校验
科技前瞻、新兴议题与社会,科技创新政策与能力基线,C-NISTEP-RM259-52311EEE,2017-06-01,W1,地域の特徴を生かした未来社会の姿～2035年の「高齢社会×低炭素社会」～,机构正式研究,C:\Users\WINDOWS\OneDrive\知识库\智库信息爬虫\国际主要科技智库观点演变_研判\03_证据底稿\原文PDF\C-NISTEP-RM259-52311EEE.pdf,C:\Users\WINDOWS\OneDrive\知识库\智库信息爬虫\国际主要科技智库观点演变_研判\03_证据底稿\文本\C-NISTEP-RM259-52311EEE.txt,http://hdl.handle.net/11035/3173,官方PDF已保存并校验
科技指标、论文与国际比较,科技创新政策与能力基线,C-NISTEP-RM260-FA18A108,2017-06-01,W1,地域イノベーションシステムに関する意識調査報告,机构正式研究,C:\Users\WINDOWS\OneDrive\知识库\智库信息爬虫\国际主要科技智库观点演变_研判\03_证据底稿\原文PDF\C-NISTEP-RM260-FA18A108.pdf,C:\Users\WINDOWS\OneDrive\知识库\智库信息爬虫\国际主要科技智库观点演变_研判\03_证据底稿\文本\C-NISTEP-RM260-FA18A108.txt,http://hdl.handle.net/11035/3171,官方PDF已保存并校验
科技人才、博士与职业流动,科技创新政策与能力基线,C-NISTEP-RM260-FA18A108,2017-06-01,W1,地域イノベーションシステムに関する意識調査報告,机构正式研究,C:\Users\WINDOWS\OneDrive\知识库\智库信息爬虫\国际主要科技智库观点演变_研判\03_证据底稿\原文PDF\C-NISTEP-RM260-FA18A108.pdf,C:\Users\WINDOWS\OneDrive\知识库\智库信息爬虫\国际主要科技智库观点演变_研判\03_证据底稿\文本\C-NISTEP-RM260-FA18A108.txt,http://hdl.handle.net/11035/3171,官方PDF已保存并校验
企业研发、创新与产学合作,科技创新政策与能力基线,C-NISTEP-RM260-FA18A108,2017-06-01,W1,地域イノベーションシステムに関する意識調査報告,机构正式研究,C:\Users\WINDOWS\OneDrive\知识库\智库信息爬虫\国际主要科技智库观点演变_研判\03_证据底稿\原文PDF\C-NISTEP-RM260-FA18A108.pdf,C:\Users\WINDOWS\OneDrive\知识库\智库信息爬虫\国际主要科技智库观点演变_研判\03_证据底稿\文本\C-NISTEP-RM260-FA18A108.txt,http://hdl.handle.net/11035/3171,官方PDF已保存并校验
人工智能、数据与数字技术,科技创新政策与能力基线,C-NISTEP-RM263-A6E99BA0,2017-07-01,W1,博士人材政策から見た米国UMETRICS：UMETRICS と博士人材データベース（JGRAD）の国際比較研究,机构正式研究,C:\Users\WINDOWS\OneDrive\知识库\智库信息爬虫\国际主要科技智库观点演变_研判\03_证据底稿\原文PDF\C-NISTEP-RM263-A6E99BA0.pdf,C:\Users\WINDOWS\OneDrive\知识库\智库信息爬虫\国际主要科技智库观点演变_研判\03_证据底稿\文本\C-NISTEP-RM263-A6E99BA0.txt,http://hdl.handle.net/11035/3181,官方PDF已保存并校验
关键技术、专利与产业竞争力,科技创新政策与能力基线,C-NISTEP-RM263-A6E99BA0,2017-07-01,W1,博士人材政策から見た米国UMETRICS：UMETRICS と博士人材データベース（JGRAD）の国際比較研究,机构正式研究,C:\Users\WINDOWS\OneDrive\知识库\智库信息爬虫\国际主要科技智库观点演变_研判\03_证据底稿\原文PDF\C-NISTEP-RM263-A6E99BA0.pdf,C:\Users\WINDOWS\OneDrive\知识库\智库信息爬虫\国际主要科技智库观点演变_研判\03_证据底稿\文本\C-NISTEP-RM263-A6E99BA0.txt,http://hdl.handle.net/11035/3181,官方PDF已保存并校验
科技指标、论文与国际比较,科技创新政策与能力基线,C-NISTEP-RM263-A6E99BA0,2017-07-01,W1,博士人材政策から見た米国UMETRICS：UMETRICS と博士人材データベース（JGRAD）の国際比較研究,机构正式研究,C:\Users\WINDOWS\OneDrive\知识库\智库信息爬虫\国际主要科技智库观点演变_研判\03_证据底稿\原文PDF\C-NISTEP-RM263-A6E99BA0.pdf,C:\Users\WINDOWS\OneDrive\知识库\智库信息爬虫\国际主要科技智库观点演变_研判\03_证据底稿\文本\C-NISTEP-RM263-A6E99BA0.txt,http://hdl.handle.net/11035/3181,官方PDF已保存并校验
科研体系、资助与研究基础,科技创新政策与能力基线,C-NISTEP-RM263-A6E99BA0,2017-07-01,W1,博士人材政策から見た米国UMETRICS：UMETRICS と博士人材データベース（JGRAD）の国際比較研究,机构正式研究,C:\Users\WINDOWS\OneDrive\知识库\智库信息爬虫\国际主要科技智库观点演变_研判\03_证据底稿\原文PDF\C-NISTEP-RM263-A6E99BA0.pdf,C:\Users\WINDOWS\OneDrive\知识库\智库信息爬虫\国际主要科技智库观点演变_研判\03_证据底稿\文本\C-NISTEP-RM263-A6E99BA0.txt,http://hdl.handle.net/11035/3181,官方PDF已保存并校验
科技人才、博士与职业流动,科技创新政策与能力基线,C-NISTEP-RM263-A6E99BA0,2017-07-01,W1,博士人材政策から見た米国UMETRICS：UMETRICS と博士人材データベース（JGRAD）の国際比較研究,机构正式研究,C:\Users\WINDOWS\OneDrive\知识库\智库信息爬虫\国际主要科技智库观点演变_研判\03_证据底稿\原文PDF\C-NISTEP-RM263-A6E99BA0.pdf,C:\Users\WINDOWS\OneDrive\知识库\智库信息爬虫\国际主要科技智库观点演变_研判\03_证据底稿\文本\C-NISTEP-RM263-A6E99BA0.txt,http://hdl.handle.net/11035/3181,官方PDF已保存并校验
企业研发、创新与产学合作,科技创新政策与能力基线,C-NISTEP-RM263-A6E99BA0,2017-07-01,W1,博士人材政策から見た米国UMETRICS：UMETRICS と博士人材データベース（JGRAD）の国際比較研究,机构正式研究,C:\Users\WINDOWS\OneDrive\知识库\智库信息爬虫\国际主要科技智库观点演变_研判\03_证据底稿\原文PDF\C-NISTEP-RM263-A6E99BA0.pdf,C:\Users\WINDOWS\OneDrive\知识库\智库信息爬虫\国际主要科技智库观点演变_研判\03_证据底稿\文本\C-NISTEP-RM263-A6E99BA0.txt,http://hdl.handle.net/11035/3181,官方PDF已保存并校验
人工智能、数据与数字技术,科技创新政策与能力基线,C-NISTEP-RM261-CEC79B26,2017-08-01,W1,科学技術指標2017,机构正式研究,C:\Users\WINDOWS\OneDrive\知识库\智库信息爬虫\国际主要科技智库观点演变_研判\03_证据底稿\网页文本\C-NISTEP-RM261-CEC79B26.txt,C:\Users\WINDOWS\OneDrive\知识库\智库信息爬虫\国际主要科技智库观点演变_研判\03_证据底稿\网页文本\C-NISTEP-RM261-CEC79B26.txt,http://hdl.handle.net/11035/3178,官方HTML版报告已保存
关键技术、专利与产业竞争力,科技创新政策与能力基线,C-NISTEP-RM261-CEC79B26,2017-08-01,W1,科学技術指標2017,机构正式研究,C:\Users\WINDOWS\OneDrive\知识库\智库信息爬虫\国际主要科技智库观点演变_研判\03_证据底稿\网页文本\C-NISTEP-RM261-CEC79B26.txt,C:\Users\WINDOWS\OneDrive\知识库\智库信息爬虫\国际主要科技智库观点演变_研判\03_证据底稿\网页文本\C-NISTEP-RM261-CEC79B26.txt,http://hdl.handle.net/11035/3178,官方HTML版报告已保存
科技指标、论文与国际比较,科技创新政策与能力基线,C-NISTEP-RM261-CEC79B26,2017-08-01,W1,科学技術指標2017,机构正式研究,C:\Users\WINDOWS\OneDrive\知识库\智库信息爬虫\国际主要科技智库观点演变_研判\03_证据底稿\网页文本\C-NISTEP-RM261-CEC79B26.txt,C:\Users\WINDOWS\OneDrive\知识库\智库信息爬虫\国际主要科技智库观点演变_研判\03_证据底稿\网页文本\C-NISTEP-RM261-CEC79B26.txt,http://hdl.handle.net/11035/3178,官方HTML版报告已保存
科研体系、资助与研究基础,科技创新政策与能力基线,C-NISTEP-RM261-CEC79B26,2017-08-01,W1,科学技術指標2017,机构正式研究,C:\Users\WINDOWS\OneDrive\知识库\智库信息爬虫\国际主要科技智库观点演变_研判\03_证据底稿\网页文本\C-NISTEP-RM261-CEC79B26.txt,C:\Users\WINDOWS\OneDrive\知识库\智库信息爬虫\国际主要科技智库观点演变_研判\03_证据底稿\网页文本\C-NISTEP-RM261-CEC79B26.txt,http://hdl.handle.net/11035/3178,官方HTML版报告已保存
科技人才、博士与职业流动,科技创新政策与能力基线,C-NISTEP-RM261-CEC79B26,2017-08-01,W1,科学技術指標2017,机构正式研究,C:\Users\WINDOWS\OneDrive\知识库\智库信息爬虫\国际主要科技智库观点演变_研判\03_证据底稿\网页文本\C-NISTEP-RM261-CEC79B26.txt,C:\Users\WINDOWS\OneDrive\知识库\智库信息爬虫\国际主要科技智库观点演变_研判\03_证据底稿\网页文本\C-NISTEP-RM261-CEC79B26.txt,http://hdl.handle.net/11035/3178,官方HTML版报告已保存
企业研发、创新与产学合作,科技创新政策与能力基线,C-NISTEP-RM261-CEC79B26,2017-08-01,W1,科学技術指標2017,机构正式研究,C:\Users\WINDOWS\OneDrive\知识库\智库信息爬虫\国际主要科技智库观点演变_研判\03_证据底稿\网页文本\C-NISTEP-RM261-CEC79B26.txt,C:\Users\WINDOWS\OneDrive\知识库\智库信息爬虫\国际主要科技智库观点演变_研判\03_证据底稿\网页文本\C-NISTEP-RM261-CEC79B26.txt,http://hdl.handle.net/11035/3178,官方HTML版报告已保存
科技前瞻、新兴议题与社会,科技创新政策与能力基线,C-NISTEP-RM261-CEC79B26,2017-08-01,W1,科学技術指標2017,机构正式研究,C:\Users\WINDOWS\OneDrive\知识库\智库信息爬虫\国际主要科技智库观点演变_研判\03_证据底稿\网页文本\C-NISTEP-RM261-CEC79B26.txt,C:\Users\WINDOWS\OneDrive\知识库\智库信息爬虫\国际主要科技智库观点演变_研判\03_证据底稿\网页文本\C-NISTEP-RM261-CEC79B26.txt,http://hdl.handle.net/11035/3178,官方HTML版报告已保存
中国科技能力与国际比较,科技创新政策与能力基线,C-NISTEP-RM261-CEC79B26,2017-08-01,W1,科学技術指標2017,机构正式研究,C:\Users\WINDOWS\OneDrive\知识库\智库信息爬虫\国际主要科技智库观点演变_研判\03_证据底稿\网页文本\C-NISTEP-RM261-CEC79B26.txt,C:\Users\WINDOWS\OneDrive\知识库\智库信息爬虫\国际主要科技智库观点演变_研判\03_证据底稿\网页文本\C-NISTEP-RM261-CEC79B26.txt,http://hdl.handle.net/11035/3178,官方HTML版报告已保存
人工智能、数据与数字技术,科技创新政策与能力基线,C-NISTEP-RM262-28D105FB,2017-08-01,W1,科学研究のベンチマーキング 2017-論文分析でみる世界の研究活動の変化と日本の状況-,机构正式研究,C:\Users\WINDOWS\OneDrive\知识库\智库信息爬虫\国际主要科技智库观点演变_研判\03_证据底稿\原文PDF\C-NISTEP-RM262-28D105FB.pdf,C:\Users\WINDOWS\OneDrive\知识库\智库信息爬虫\国际主要科技智库观点演变_研判\03_证据底稿\文本\C-NISTEP-RM262-28D105FB.txt,http://hdl.handle.net/11035/3177,官方PDF已保存并校验
科技指标、论文与国际比较,科技创新政策与能力基线,C-NISTEP-RM262-28D105FB,2017-08-01,W1,科学研究のベンチマーキング 2017-論文分析でみる世界の研究活動の変化と日本の状況-,机构正式研究,C:\Users\WINDOWS\OneDrive\知识库\智库信息爬虫\国际主要科技智库观点演变_研判\03_证据底稿\原文PDF\C-NISTEP-RM262-28D105FB.pdf,C:\Users\WINDOWS\OneDrive\知识库\智库信息爬虫\国际主要科技智库观点演变_研判\03_证据底稿\文本\C-NISTEP-RM262-28D105FB.txt,http://hdl.handle.net/11035/3177,官方PDF已保存并校验
科研体系、资助与研究基础,科技创新政策与能力基线,C-NISTEP-RM262-28D105FB,2017-08-01,W1,科学研究のベンチマーキング 2017-論文分析でみる世界の研究活動の変化と日本の状況-,机构正式研究,C:\Users\WINDOWS\OneDrive\知识库\智库信息爬虫\国际主要科技智库观点演变_研判\03_证据底稿\原文PDF\C-NISTEP-RM262-28D105FB.pdf,C:\Users\WINDOWS\OneDrive\知识库\智库信息爬虫\国际主要科技智库观点演变_研判\03_证据底稿\文本\C-NISTEP-RM262-28D105FB.txt,http://hdl.handle.net/11035/3177,官方PDF已保存并校验
人工智能、数据与数字技术,科技创新政策与能力基线,C-NISTEP-RM265-C943AFD9,2017-08-01,W1,科学技術に関する国民意識調査－ 児童生徒期の影響－,机构正式研究,C:\Users\WINDOWS\OneDrive\知识库\智库信息爬虫\国际主要科技智库观点演变_研判\03_证据底稿\原文PDF\C-NISTEP-RM265-C943AFD9.pdf,C:\Users\WINDOWS\OneDrive\知识库\智库信息爬虫\国际主要科技智库观点演变_研判\03_证据底稿\文本\C-NISTEP-RM265-C943AFD9.txt,http://hdl.handle.net/11035/3180,官方PDF已保存并校验
科技指标、论文与国际比较,科技创新政策与能力基线,C-NISTEP-RM265-C943AFD9,2017-08-01,W1,科学技術に関する国民意識調査－ 児童生徒期の影響－,机构正式研究,C:\Users\WINDOWS\OneDrive\知识库\智库信息爬虫\国际主要科技智库观点演变_研判\03_证据底稿\原文PDF\C-NISTEP-RM265-C943AFD9.pdf,C:\Users\WINDOWS\OneDrive\知识库\智库信息爬虫\国际主要科技智库观点演变_研判\03_证据底稿\文本\C-NISTEP-RM265-C943AFD9.txt,http://hdl.handle.net/11035/3180,官方PDF已保存并校验
科研体系、资助与研究基础,科技创新政策与能力基线,C-NISTEP-RM265-C943AFD9,2017-08-01,W1,科学技術に関する国民意識調査－ 児童生徒期の影響－,机构正式研究,C:\Users\WINDOWS\OneDrive\知识库\智库信息爬虫\国际主要科技智库观点演变_研判\03_证据底稿\原文PDF\C-NISTEP-RM265-C943AFD9.pdf,C:\Users\WINDOWS\OneDrive\知识库\智库信息爬虫\国际主要科技智库观点演变_研判\03_证据底稿\文本\C-NISTEP-RM265-C943AFD9.txt,http://hdl.handle.net/11035/3180,官方PDF已保存并校验
企业研发、创新与产学合作,科技创新政策与能力基线,C-NISTEP-RM265-C943AFD9,2017-08-01,W1,科学技術に関する国民意識調査－ 児童生徒期の影響－,机构正式研究,C:\Users\WINDOWS\OneDrive\知识库\智库信息爬虫\国际主要科技智库观点演变_研判\03_证据底稿\原文PDF\C-NISTEP-RM265-C943AFD9.pdf,C:\Users\WINDOWS\OneDrive\知识库\智库信息爬虫\国际主要科技智库观点演变_研判\03_证据底稿\文本\C-NISTEP-RM265-C943AFD9.txt,http://hdl.handle.net/11035/3180,官方PDF已保存并校验
中国科技能力与国际比较,科技创新政策与能力基线,C-NISTEP-RM265-C943AFD9,2017-08-01,W1,科学技術に関する国民意識調査－ 児童生徒期の影響－,机构正式研究,C:\Users\WINDOWS\OneDrive\知识库\智库信息爬虫\国际主要科技智库观点演变_研判\03_证据底稿\原文PDF\C-NISTEP-RM265-C943AFD9.pdf,C:\Users\WINDOWS\OneDrive\知识库\智库信息爬虫\国际主要科技智库观点演变_研判\03_证据底稿\文本\C-NISTEP-RM265-C943AFD9.txt,http://hdl.handle.net/11035/3180,官方PDF已保存并校验
人工智能、数据与数字技术,科技创新政策与能力基线,C-NISTEP-DP152-F140A08D,2017-09-01,W1,博士課程在籍者のキャリアパス等に関する意識調査－フォーカス・グループ・インタビューからの考察－,作者讨论论文,C:\Users\WINDOWS\OneDrive\知识库\智库信息爬虫\国际主要科技智库观点演变_研判\03_证据底稿\原文PDF\C-NISTEP-DP152-F140A08D.pdf,C:\Users\WINDOWS\OneDrive\知识库\智库信息爬虫\国际主要科技智库观点演变_研判\03_证据底稿\文本\C-NISTEP-DP152-F140A08D.txt,http://hdl.handle.net/11035/3189,官方PDF已保存并校验
科技指标、论文与国际比较,科技创新政策与能力基线,C-NISTEP-DP152-F140A08D,2017-09-01,W1,博士課程在籍者のキャリアパス等に関する意識調査－フォーカス・グループ・インタビューからの考察－,作者讨论论文,C:\Users\WINDOWS\OneDrive\知识库\智库信息爬虫\国际主要科技智库观点演变_研判\03_证据底稿\原文PDF\C-NISTEP-DP152-F140A08D.pdf,C:\Users\WINDOWS\OneDrive\知识库\智库信息爬虫\国际主要科技智库观点演变_研判\03_证据底稿\文本\C-NISTEP-DP152-F140A08D.txt,http://hdl.handle.net/11035/3189,官方PDF已保存并校验
科研体系、资助与研究基础,科技创新政策与能力基线,C-NISTEP-DP152-F140A08D,2017-09-01,W1,博士課程在籍者のキャリアパス等に関する意識調査－フォーカス・グループ・インタビューからの考察－,作者讨论论文,C:\Users\WINDOWS\OneDrive\知识库\智库信息爬虫\国际主要科技智库观点演变_研判\03_证据底稿\原文PDF\C-NISTEP-DP152-F140A08D.pdf,C:\Users\WINDOWS\OneDrive\知识库\智库信息爬虫\国际主要科技智库观点演变_研判\03_证据底稿\文本\C-NISTEP-DP152-F140A08D.txt,http://hdl.handle.net/11035/3189,官方PDF已保存并校验
科技人才、博士与职业流动,科技创新政策与能力基线,C-NISTEP-DP152-F140A08D,2017-09-01,W1,博士課程在籍者のキャリアパス等に関する意識調査－フォーカス・グループ・インタビューからの考察－,作者讨论论文,C:\Users\WINDOWS\OneDrive\知识库\智库信息爬虫\国际主要科技智库观点演变_研判\03_证据底稿\原文PDF\C-NISTEP-DP152-F140A08D.pdf,C:\Users\WINDOWS\OneDrive\知识库\智库信息爬虫\国际主要科技智库观点演变_研判\03_证据底稿\文本\C-NISTEP-DP152-F140A08D.txt,http://hdl.handle.net/11035/3189,官方PDF已保存并校验
企业研发、创新与产学合作,科技创新政策与能力基线,C-NISTEP-DP152-F140A08D,2017-09-01,W1,博士課程在籍者のキャリアパス等に関する意識調査－フォーカス・グループ・インタビューからの考察－,作者讨论论文,C:\Users\WINDOWS\OneDrive\知识库\智库信息爬虫\国际主要科技智库观点演变_研判\03_证据底稿\原文PDF\C-NISTEP-DP152-F140A08D.pdf,C:\Users\WINDOWS\OneDrive\知识库\智库信息爬虫\国际主要科技智库观点演变_研判\03_证据底稿\文本\C-NISTEP-DP152-F140A08D.txt,http://hdl.handle.net/11035/3189,官方PDF已保存并校验
人工智能、数据与数字技术,科技创新政策与能力基线,C-NISTEP-RM264-8D4EE59E,2017-09-01,W1,科学研究費助成事業データベース(KAKEN)からみる研究活動の状況―研究者からみる論文産出と職階構造―,机构正式研究,C:\Users\WINDOWS\OneDrive\知识库\智库信息爬虫\国际主要科技智库观点演变_研判\03_证据底稿\原文PDF\C-NISTEP-RM264-8D4EE59E.pdf,C:\Users\WINDOWS\OneDrive\知识库\智库信息爬虫\国际主要科技智库观点演变_研判\03_证据底稿\文本\C-NISTEP-RM264-8D4EE59E.txt,http://hdl.handle.net/11035/3179,官方PDF已保存并校验
科技指标、论文与国际比较,科技创新政策与能力基线,C-NISTEP-RM264-8D4EE59E,2017-09-01,W1,科学研究費助成事業データベース(KAKEN)からみる研究活動の状況―研究者からみる論文産出と職階構造―,机构正式研究,C:\Users\WINDOWS\OneDrive\知识库\智库信息爬虫\国际主要科技智库观点演变_研判\03_证据底稿\原文PDF\C-NISTEP-RM264-8D4EE59E.pdf,C:\Users\WINDOWS\OneDrive\知识库\智库信息爬虫\国际主要科技智库观点演变_研判\03_证据底稿\文本\C-NISTEP-RM264-8D4EE59E.txt,http://hdl.handle.net/11035/3179,官方PDF已保存并校验
科研体系、资助与研究基础,科技创新政策与能力基线,C-NISTEP-RM264-8D4EE59E,2017-09-01,W1,科学研究費助成事業データベース(KAKEN)からみる研究活動の状況―研究者からみる論文産出と職階構造―,机构正式研究,C:\Users\WINDOWS\OneDrive\知识库\智库信息爬虫\国际主要科技智库观点演变_研判\03_证据底稿\原文PDF\C-NISTEP-RM264-8D4EE59E.pdf,C:\Users\WINDOWS\OneDrive\知识库\智库信息爬虫\国际主要科技智库观点演变_研判\03_证据底稿\文本\C-NISTEP-RM264-8D4EE59E.txt,http://hdl.handle.net/11035/3179,官方PDF已保存并校验
科技人才、博士与职业流动,科技创新政策与能力基线,C-NISTEP-RM264-8D4EE59E,2017-09-01,W1,科学研究費助成事業データベース(KAKEN)からみる研究活動の状況―研究者からみる論文産出と職階構造―,机构正式研究,C:\Users\WINDOWS\OneDrive\知识库\智库信息爬虫\国际主要科技智库观点演变_研判\03_证据底稿\原文PDF\C-NISTEP-RM264-8D4EE59E.pdf,C:\Users\WINDOWS\OneDrive\知识库\智库信息爬虫\国际主要科技智库观点演变_研判\03_证据底稿\文本\C-NISTEP-RM264-8D4EE59E.txt,http://hdl.handle.net/11035/3179,官方PDF已保存并校验
开放科学、研究诚信与治理,科技创新政策与能力基线,C-NISTEP-RM264-8D4EE59E,2017-09-01,W1,科学研究費助成事業データベース(KAKEN)からみる研究活動の状況―研究者からみる論文産出と職階構造―,机构正式研究,C:\Users\WINDOWS\OneDrive\知识库\智库信息爬虫\国际主要科技智库观点演变_研判\03_证据底稿\原文PDF\C-NISTEP-RM264-8D4EE59E.pdf,C:\Users\WINDOWS\OneDrive\知识库\智库信息爬虫\国际主要科技智库观点演变_研判\03_证据底稿\文本\C-NISTEP-RM264-8D4EE59E.txt,http://hdl.handle.net/11035/3179,官方PDF已保存并校验
人工智能、数据与数字技术,核心科技直接材料,C-NISTEP-RM266-E530AB77,2017-12-01,W1,国立大学の研究者の発明に基づいた特許出願の網羅的調査,机构正式研究,C:\Users\WINDOWS\OneDrive\知识库\智库信息爬虫\国际主要科技智库观点演变_研判\03_证据底稿\原文PDF\C-NISTEP-RM266-E530AB77.pdf,C:\Users\WINDOWS\OneDrive\知识库\智库信息爬虫\国际主要科技智库观点演变_研判\03_证据底稿\文本\C-NISTEP-RM266-E530AB77.txt,http://hdl.handle.net/11035/3184,官方PDF已保存并校验
关键技术、专利与产业竞争力,核心科技直接材料,C-NISTEP-RM266-E530AB77,2017-12-01,W1,国立大学の研究者の発明に基づいた特許出願の網羅的調査,机构正式研究,C:\Users\WINDOWS\OneDrive\知识库\智库信息爬虫\国际主要科技智库观点演变_研判\03_证据底稿\原文PDF\C-NISTEP-RM266-E530AB77.pdf,C:\Users\WINDOWS\OneDrive\知识库\智库信息爬虫\国际主要科技智库观点演变_研判\03_证据底稿\文本\C-NISTEP-RM266-E530AB77.txt,http://hdl.handle.net/11035/3184,官方PDF已保存并校验
科技指标、论文与国际比较,核心科技直接材料,C-NISTEP-RM266-E530AB77,2017-12-01,W1,国立大学の研究者の発明に基づいた特許出願の網羅的調査,机构正式研究,C:\Users\WINDOWS\OneDrive\知识库\智库信息爬虫\国际主要科技智库观点演变_研判\03_证据底稿\原文PDF\C-NISTEP-RM266-E530AB77.pdf,C:\Users\WINDOWS\OneDrive\知识库\智库信息爬虫\国际主要科技智库观点演变_研判\03_证据底稿\文本\C-NISTEP-RM266-E530AB77.txt,http://hdl.handle.net/11035/3184,官方PDF已保存并校验
科研体系、资助与研究基础,核心科技直接材料,C-NISTEP-RM266-E530AB77,2017-12-01,W1,国立大学の研究者の発明に基づいた特許出願の網羅的調査,机构正式研究,C:\Users\WINDOWS\OneDrive\知识库\智库信息爬虫\国际主要科技智库观点演变_研判\03_证据底稿\原文PDF\C-NISTEP-RM266-E530AB77.pdf,C:\Users\WINDOWS\OneDrive\知识库\智库信息爬虫\国际主要科技智库观点演变_研判\03_证据底稿\文本\C-NISTEP-RM266-E530AB77.txt,http://hdl.handle.net/11035/3184,官方PDF已保存并校验
科技人才、博士与职业流动,核心科技直接材料,C-NISTEP-RM266-E530AB77,2017-12-01,W1,国立大学の研究者の発明に基づいた特許出願の網羅的調査,机构正式研究,C:\Users\WINDOWS\OneDrive\知识库\智库信息爬虫\国际主要科技智库观点演变_研判\03_证据底稿\原文PDF\C-NISTEP-RM266-E530AB77.pdf,C:\Users\WINDOWS\OneDrive\知识库\智库信息爬虫\国际主要科技智库观点演变_研判\03_证据底稿\文本\C-NISTEP-RM266-E530AB77.txt,http://hdl.handle.net/11035/3184,官方PDF已保存并校验
企业研发、创新与产学合作,核心科技直接材料,C-NISTEP-RM266-E530AB77,2017-12-01,W1,国立大学の研究者の発明に基づいた特許出願の網羅的調査,机构正式研究,C:\Users\WINDOWS\OneDrive\知识库\智库信息爬虫\国际主要科技智库观点演变_研判\03_证据底稿\原文PDF\C-NISTEP-RM266-E530AB77.pdf,C:\Users\WINDOWS\OneDrive\知识库\智库信息爬虫\国际主要科技智库观点演变_研判\03_证据底稿\文本\C-NISTEP-RM266-E530AB77.txt,http://hdl.handle.net/11035/3184,官方PDF已保存并校验
科技指标、论文与国际比较,科技创新政策与能力基线,C-NISTEP-RM267-68622EF4,2017-12-01,W1,科学技術予測のためのウェブ双方向性機能強化に関する調査,机构正式研究,C:\Users\WINDOWS\OneDrive\知识库\智库信息爬虫\国际主要科技智库观点演变_研判\03_证据底稿\原文PDF\C-NISTEP-RM267-68622EF4.pdf,C:\Users\WINDOWS\OneDrive\知识库\智库信息爬虫\国际主要科技智库观点演变_研判\03_证据底稿\文本\C-NISTEP-RM267-68622EF4.txt,http://hdl.handle.net/11035/3186,官方PDF已保存并校验
科研体系、资助与研究基础,科技创新政策与能力基线,C-NISTEP-RM267-68622EF4,2017-12-01,W1,科学技術予測のためのウェブ双方向性機能強化に関する調査,机构正式研究,C:\Users\WINDOWS\OneDrive\知识库\智库信息爬虫\国际主要科技智库观点演变_研判\03_证据底稿\原文PDF\C-NISTEP-RM267-68622EF4.pdf,C:\Users\WINDOWS\OneDrive\知识库\智库信息爬虫\国际主要科技智库观点演变_研判\03_证据底稿\文本\C-NISTEP-RM267-68622EF4.txt,http://hdl.handle.net/11035/3186,官方PDF已保存并校验
科技人才、博士与职业流动,科技创新政策与能力基线,C-NISTEP-RM267-68622EF4,2017-12-01,W1,科学技術予測のためのウェブ双方向性機能強化に関する調査,机构正式研究,C:\Users\WINDOWS\OneDrive\知识库\智库信息爬虫\国际主要科技智库观点演变_研判\03_证据底稿\原文PDF\C-NISTEP-RM267-68622EF4.pdf,C:\Users\WINDOWS\OneDrive\知识库\智库信息爬虫\国际主要科技智库观点演变_研判\03_证据底稿\文本\C-NISTEP-RM267-68622EF4.txt,http://hdl.handle.net/11035/3186,官方PDF已保存并校验
企业研发、创新与产学合作,科技创新政策与能力基线,C-NISTEP-RM267-68622EF4,2017-12-01,W1,科学技術予測のためのウェブ双方向性機能強化に関する調査,机构正式研究,C:\Users\WINDOWS\OneDrive\知识库\智库信息爬虫\国际主要科技智库观点演变_研判\03_证据底稿\原文PDF\C-NISTEP-RM267-68622EF4.pdf,C:\Users\WINDOWS\OneDrive\知识库\智库信息爬虫\国际主要科技智库观点演变_研判\03_证据底稿\文本\C-NISTEP-RM267-68622EF4.txt,http://hdl.handle.net/11035/3186,官方PDF已保存并校验
科技前瞻、新兴议题与社会,科技创新政策与能力基线,C-NISTEP-RM267-68622EF4,2017-12-01,W1,科学技術予測のためのウェブ双方向性機能強化に関する調査,机构正式研究,C:\Users\WINDOWS\OneDrive\知识库\智库信息爬虫\国际主要科技智库观点演变_研判\03_证据底稿\原文PDF\C-NISTEP-RM267-68622EF4.pdf,C:\Users\WINDOWS\OneDrive\知识库\智库信息爬虫\国际主要科技智库观点演变_研判\03_证据底稿\文本\C-NISTEP-RM267-68622EF4.txt,http://hdl.handle.net/11035/3186,官方PDF已保存并校验
人工智能、数据与数字技术,科技创新政策与能力基线,C-NISTEP-RM268-B0BB69AE,2017-12-01,W1,研究データ公開と論文のオープンアクセスに関する実態調査,机构正式研究,C:\Users\WINDOWS\OneDrive\知识库\智库信息爬虫\国际主要科技智库观点演变_研判\03_证据底稿\原文PDF\C-NISTEP-RM268-B0BB69AE.pdf,C:\Users\WINDOWS\OneDrive\知识库\智库信息爬虫\国际主要科技智库观点演变_研判\03_证据底稿\文本\C-NISTEP-RM268-B0BB69AE.txt,http://hdl.handle.net/11035/3187,官方PDF已保存并校验
科技指标、论文与国际比较,科技创新政策与能力基线,C-NISTEP-RM268-B0BB69AE,2017-12-01,W1,研究データ公開と論文のオープンアクセスに関する実態調査,机构正式研究,C:\Users\WINDOWS\OneDrive\知识库\智库信息爬虫\国际主要科技智库观点演变_研判\03_证据底稿\原文PDF\C-NISTEP-RM268-B0BB69AE.pdf,C:\Users\WINDOWS\OneDrive\知识库\智库信息爬虫\国际主要科技智库观点演变_研判\03_证据底稿\文本\C-NISTEP-RM268-B0BB69AE.txt,http://hdl.handle.net/11035/3187,官方PDF已保存并校验
科研体系、资助与研究基础,科技创新政策与能力基线,C-NISTEP-RM268-B0BB69AE,2017-12-01,W1,研究データ公開と論文のオープンアクセスに関する実態調査,机构正式研究,C:\Users\WINDOWS\OneDrive\知识库\智库信息爬虫\国际主要科技智库观点演变_研判\03_证据底稿\原文PDF\C-NISTEP-RM268-B0BB69AE.pdf,C:\Users\WINDOWS\OneDrive\知识库\智库信息爬虫\国际主要科技智库观点演变_研判\03_证据底稿\文本\C-NISTEP-RM268-B0BB69AE.txt,http://hdl.handle.net/11035/3187,官方PDF已保存并校验
科技人才、博士与职业流动,科技创新政策与能力基线,C-NISTEP-RM268-B0BB69AE,2017-12-01,W1,研究データ公開と論文のオープンアクセスに関する実態調査,机构正式研究,C:\Users\WINDOWS\OneDrive\知识库\智库信息爬虫\国际主要科技智库观点演变_研判\03_证据底稿\原文PDF\C-NISTEP-RM268-B0BB69AE.pdf,C:\Users\WINDOWS\OneDrive\知识库\智库信息爬虫\国际主要科技智库观点演变_研判\03_证据底稿\文本\C-NISTEP-RM268-B0BB69AE.txt,http://hdl.handle.net/11035/3187,官方PDF已保存并校验
企业研发、创新与产学合作,科技创新政策与能力基线,C-NISTEP-RM268-B0BB69AE,2017-12-01,W1,研究データ公開と論文のオープンアクセスに関する実態調査,机构正式研究,C:\Users\WINDOWS\OneDrive\知识库\智库信息爬虫\国际主要科技智库观点演变_研判\03_证据底稿\原文PDF\C-NISTEP-RM268-B0BB69AE.pdf,C:\Users\WINDOWS\OneDrive\知识库\智库信息爬虫\国际主要科技智库观点演变_研判\03_证据底稿\文本\C-NISTEP-RM268-B0BB69AE.txt,http://hdl.handle.net/11035/3187,官方PDF已保存并校验
科技前瞻、新兴议题与社会,科技创新政策与能力基线,C-NISTEP-RM268-B0BB69AE,2017-12-01,W1,研究データ公開と論文のオープンアクセスに関する実態調査,机构正式研究,C:\Users\WINDOWS\OneDrive\知识库\智库信息爬虫\国际主要科技智库观点演变_研判\03_证据底稿\原文PDF\C-NISTEP-RM268-B0BB69AE.pdf,C:\Users\WINDOWS\OneDrive\知识库\智库信息爬虫\国际主要科技智库观点演变_研判\03_证据底稿\文本\C-NISTEP-RM268-B0BB69AE.txt,http://hdl.handle.net/11035/3187,官方PDF已保存并校验
开放科学、研究诚信与治理,科技创新政策与能力基线,C-NISTEP-RM268-B0BB69AE,2017-12-01,W1,研究データ公開と論文のオープンアクセスに関する実態調査,机构正式研究,C:\Users\WINDOWS\OneDrive\知识库\智库信息爬虫\国际主要科技智库观点演变_研判\03_证据底稿\原文PDF\C-NISTEP-RM268-B0BB69AE.pdf,C:\Users\WINDOWS\OneDrive\知识库\智库信息爬虫\国际主要科技智库观点演变_研判\03_证据底稿\文本\C-NISTEP-RM268-B0BB69AE.txt,http://hdl.handle.net/11035/3187,官方PDF已保存并校验
人工智能、数据与数字技术,科技创新政策与能力基线,C-NISTEP-RM269-2DC7BD8B,2017-12-01,W1,科学技術と社会に関する世論調査に関する分析,机构正式研究,C:\Users\WINDOWS\OneDrive\知识库\智库信息爬虫\国际主要科技智库观点演变_研判\03_证据底稿\原文PDF\C-NISTEP-RM269-2DC7BD8B.pdf,C:\Users\WINDOWS\OneDrive\知识库\智库信息爬虫\国际主要科技智库观点演变_研判\03_证据底稿\文本\C-NISTEP-RM269-2DC7BD8B.txt,http://hdl.handle.net/11035/3193,官方PDF已保存并校验
科技指标、论文与国际比较,科技创新政策与能力基线,C-NISTEP-RM269-2DC7BD8B,2017-12-01,W1,科学技術と社会に関する世論調査に関する分析,机构正式研究,C:\Users\WINDOWS\OneDrive\知识库\智库信息爬虫\国际主要科技智库观点演变_研判\03_证据底稿\原文PDF\C-NISTEP-RM269-2DC7BD8B.pdf,C:\Users\WINDOWS\OneDrive\知识库\智库信息爬虫\国际主要科技智库观点演变_研判\03_证据底稿\文本\C-NISTEP-RM269-2DC7BD8B.txt,http://hdl.handle.net/11035/3193,官方PDF已保存并校验
科研体系、资助与研究基础,科技创新政策与能力基线,C-NISTEP-RM269-2DC7BD8B,2017-12-01,W1,科学技術と社会に関する世論調査に関する分析,机构正式研究,C:\Users\WINDOWS\OneDrive\知识库\智库信息爬虫\国际主要科技智库观点演变_研判\03_证据底稿\原文PDF\C-NISTEP-RM269-2DC7BD8B.pdf,C:\Users\WINDOWS\OneDrive\知识库\智库信息爬虫\国际主要科技智库观点演变_研判\03_证据底稿\文本\C-NISTEP-RM269-2DC7BD8B.txt,http://hdl.handle.net/11035/3193,官方PDF已保存并校验
科技人才、博士与职业流动,科技创新政策与能力基线,C-NISTEP-RM269-2DC7BD8B,2017-12-01,W1,科学技術と社会に関する世論調査に関する分析,机构正式研究,C:\Users\WINDOWS\OneDrive\知识库\智库信息爬虫\国际主要科技智库观点演变_研判\03_证据底稿\原文PDF\C-NISTEP-RM269-2DC7BD8B.pdf,C:\Users\WINDOWS\OneDrive\知识库\智库信息爬虫\国际主要科技智库观点演变_研判\03_证据底稿\文本\C-NISTEP-RM269-2DC7BD8B.txt,http://hdl.handle.net/11035/3193,官方PDF已保存并校验
企业研发、创新与产学合作,科技创新政策与能力基线,C-NISTEP-RM269-2DC7BD8B,2017-12-01,W1,科学技術と社会に関する世論調査に関する分析,机构正式研究,C:\Users\WINDOWS\OneDrive\知识库\智库信息爬虫\国际主要科技智库观点演变_研判\03_证据底稿\原文PDF\C-NISTEP-RM269-2DC7BD8B.pdf,C:\Users\WINDOWS\OneDrive\知识库\智库信息爬虫\国际主要科技智库观点演变_研判\03_证据底稿\文本\C-NISTEP-RM269-2DC7BD8B.txt,http://hdl.handle.net/11035/3193,官方PDF已保存并校验
科技前瞻、新兴议题与社会,科技创新政策与能力基线,C-NISTEP-RM269-2DC7BD8B,2017-12-01,W1,科学技術と社会に関する世論調査に関する分析,机构正式研究,C:\Users\WINDOWS\OneDrive\知识库\智库信息爬虫\国际主要科技智库观点演变_研判\03_证据底稿\原文PDF\C-NISTEP-RM269-2DC7BD8B.pdf,C:\Users\WINDOWS\OneDrive\知识库\智库信息爬虫\国际主要科技智库观点演变_研判\03_证据底稿\文本\C-NISTEP-RM269-2DC7BD8B.txt,http://hdl.handle.net/11035/3193,官方PDF已保存并校验
人工智能、数据与数字技术,科技创新政策与能力基线,C-NISTEP-RM270-C7D71895,2018-01-01,W1,ポストドクター等の雇用・進路に関する調査（2015 年度実績）,机构正式研究,C:\Users\WINDOWS\OneDrive\知识库\智库信息爬虫\国际主要科技智库观点演变_研判\03_证据底稿\原文PDF\C-NISTEP-RM270-C7D71895.pdf,C:\Users\WINDOWS\OneDrive\知识库\智库信息爬虫\国际主要科技智库观点演变_研判\03_证据底稿\文本\C-NISTEP-RM270-C7D71895.txt,http://hdl.handle.net/11035/3188,官方PDF已保存并校验
科技指标、论文与国际比较,科技创新政策与能力基线,C-NISTEP-RM270-C7D71895,2018-01-01,W1,ポストドクター等の雇用・進路に関する調査（2015 年度実績）,机构正式研究,C:\Users\WINDOWS\OneDrive\知识库\智库信息爬虫\国际主要科技智库观点演变_研判\03_证据底稿\原文PDF\C-NISTEP-RM270-C7D71895.pdf,C:\Users\WINDOWS\OneDrive\知识库\智库信息爬虫\国际主要科技智库观点演变_研判\03_证据底稿\文本\C-NISTEP-RM270-C7D71895.txt,http://hdl.handle.net/11035/3188,官方PDF已保存并校验
科研体系、资助与研究基础,科技创新政策与能力基线,C-NISTEP-RM270-C7D71895,2018-01-01,W1,ポストドクター等の雇用・進路に関する調査（2015 年度実績）,机构正式研究,C:\Users\WINDOWS\OneDrive\知识库\智库信息爬虫\国际主要科技智库观点演变_研判\03_证据底稿\原文PDF\C-NISTEP-RM270-C7D71895.pdf,C:\Users\WINDOWS\OneDrive\知识库\智库信息爬虫\国际主要科技智库观点演变_研判\03_证据底稿\文本\C-NISTEP-RM270-C7D71895.txt,http://hdl.handle.net/11035/3188,官方PDF已保存并校验
科技人才、博士与职业流动,科技创新政策与能力基线,C-NISTEP-RM270-C7D71895,2018-01-01,W1,ポストドクター等の雇用・進路に関する調査（2015 年度実績）,机构正式研究,C:\Users\WINDOWS\OneDrive\知识库\智库信息爬虫\国际主要科技智库观点演变_研判\03_证据底稿\原文PDF\C-NISTEP-RM270-C7D71895.pdf,C:\Users\WINDOWS\OneDrive\知识库\智库信息爬虫\国际主要科技智库观点演变_研判\03_证据底稿\文本\C-NISTEP-RM270-C7D71895.txt,http://hdl.handle.net/11035/3188,官方PDF已保存并校验
企业研发、创新与产学合作,科技创新政策与能力基线,C-NISTEP-RM270-C7D71895,2018-01-01,W1,ポストドクター等の雇用・進路に関する調査（2015 年度実績）,机构正式研究,C:\Users\WINDOWS\OneDrive\知识库\智库信息爬虫\国际主要科技智库观点演变_研判\03_证据底稿\原文PDF\C-NISTEP-RM270-C7D71895.pdf,C:\Users\WINDOWS\OneDrive\知识库\智库信息爬虫\国际主要科技智库观点演变_研判\03_证据底稿\文本\C-NISTEP-RM270-C7D71895.txt,http://hdl.handle.net/11035/3188,官方PDF已保存并校验
中国科技能力与国际比较,科技创新政策与能力基线,C-NISTEP-RM270-C7D71895,2018-01-01,W1,ポストドクター等の雇用・進路に関する調査（2015 年度実績）,机构正式研究,C:\Users\WINDOWS\OneDrive\知识库\智库信息爬虫\国际主要科技智库观点演变_研判\03_证据底稿\原文PDF\C-NISTEP-RM270-C7D71895.pdf,C:\Users\WINDOWS\OneDrive\知识库\智库信息爬虫\国际主要科技智库观点演变_研判\03_证据底稿\文本\C-NISTEP-RM270-C7D71895.txt,http://hdl.handle.net/11035/3188,官方PDF已保存并校验
人工智能、数据与数字技术,科技创新政策与能力基线,C-NISTEP-NR174-80FBC232,2018-02-01,W1,「博士人材追跡調査」第2次報告書,机构正式研究,C:\Users\WINDOWS\OneDrive\知识库\智库信息爬虫\国际主要科技智库观点演变_研判\03_证据底稿\原文PDF\C-NISTEP-NR174-80FBC232.pdf,C:\Users\WINDOWS\OneDrive\知识库\智库信息爬虫\国际主要科技智库观点演变_研判\03_证据底稿\文本\C-NISTEP-NR174-80FBC232.txt,http://hdl.handle.net/11035/3190,官方PDF已保存并校验
科技指标、论文与国际比较,科技创新政策与能力基线,C-NISTEP-NR174-80FBC232,2018-02-01,W1,「博士人材追跡調査」第2次報告書,机构正式研究,C:\Users\WINDOWS\OneDrive\知识库\智库信息爬虫\国际主要科技智库观点演变_研判\03_证据底稿\原文PDF\C-NISTEP-NR174-80FBC232.pdf,C:\Users\WINDOWS\OneDrive\知识库\智库信息爬虫\国际主要科技智库观点演变_研判\03_证据底稿\文本\C-NISTEP-NR174-80FBC232.txt,http://hdl.handle.net/11035/3190,官方PDF已保存并校验
科研体系、资助与研究基础,科技创新政策与能力基线,C-NISTEP-NR174-80FBC232,2018-02-01,W1,「博士人材追跡調査」第2次報告書,机构正式研究,C:\Users\WINDOWS\OneDrive\知识库\智库信息爬虫\国际主要科技智库观点演变_研判\03_证据底稿\原文PDF\C-NISTEP-NR174-80FBC232.pdf,C:\Users\WINDOWS\OneDrive\知识库\智库信息爬虫\国际主要科技智库观点演变_研判\03_证据底稿\文本\C-NISTEP-NR174-80FBC232.txt,http://hdl.handle.net/11035/3190,官方PDF已保存并校验
科技人才、博士与职业流动,科技创新政策与能力基线,C-NISTEP-NR174-80FBC232,2018-02-01,W1,「博士人材追跡調査」第2次報告書,机构正式研究,C:\Users\WINDOWS\OneDrive\知识库\智库信息爬虫\国际主要科技智库观点演变_研判\03_证据底稿\原文PDF\C-NISTEP-NR174-80FBC232.pdf,C:\Users\WINDOWS\OneDrive\知识库\智库信息爬虫\国际主要科技智库观点演变_研判\03_证据底稿\文本\C-NISTEP-NR174-80FBC232.txt,http://hdl.handle.net/11035/3190,官方PDF已保存并校验
企业研发、创新与产学合作,科技创新政策与能力基线,C-NISTEP-NR174-80FBC232,2018-02-01,W1,「博士人材追跡調査」第2次報告書,机构正式研究,C:\Users\WINDOWS\OneDrive\知识库\智库信息爬虫\国际主要科技智库观点演变_研判\03_证据底稿\原文PDF\C-NISTEP-NR174-80FBC232.pdf,C:\Users\WINDOWS\OneDrive\知识库\智库信息爬虫\国际主要科技智库观点演变_研判\03_证据底稿\文本\C-NISTEP-NR174-80FBC232.txt,http://hdl.handle.net/11035/3190,官方PDF已保存并校验
关键技术、专利与产业竞争力,科技创新政策与能力基线,C-NISTEP-DP153-349115C3,2018-03-01,W1,大型産学連携のマネジメントに係る調査研究2017,作者讨论论文,C:\Users\WINDOWS\OneDrive\知识库\智库信息爬虫\国际主要科技智库观点演变_研判\03_证据底稿\原文PDF\C-NISTEP-DP153-349115C3.pdf,C:\Users\WINDOWS\OneDrive\知识库\智库信息爬虫\国际主要科技智库观点演变_研判\03_证据底稿\文本\C-NISTEP-DP153-349115C3.txt,http://hdl.handle.net/11035/3192,官方PDF已保存并校验
科技指标、论文与国际比较,科技创新政策与能力基线,C-NISTEP-DP153-349115C3,2018-03-01,W1,大型産学連携のマネジメントに係る調査研究2017,作者讨论论文,C:\Users\WINDOWS\OneDrive\知识库\智库信息爬虫\国际主要科技智库观点演变_研判\03_证据底稿\原文PDF\C-NISTEP-DP153-349115C3.pdf,C:\Users\WINDOWS\OneDrive\知识库\智库信息爬虫\国际主要科技智库观点演变_研判\03_证据底稿\文本\C-NISTEP-DP153-349115C3.txt,http://hdl.handle.net/11035/3192,官方PDF已保存并校验
科研体系、资助与研究基础,科技创新政策与能力基线,C-NISTEP-DP153-349115C3,2018-03-01,W1,大型産学連携のマネジメントに係る調査研究2017,作者讨论论文,C:\Users\WINDOWS\OneDrive\知识库\智库信息爬虫\国际主要科技智库观点演变_研判\03_证据底稿\原文PDF\C-NISTEP-DP153-349115C3.pdf,C:\Users\WINDOWS\OneDrive\知识库\智库信息爬虫\国际主要科技智库观点演变_研判\03_证据底稿\文本\C-NISTEP-DP153-349115C3.txt,http://hdl.handle.net/11035/3192,官方PDF已保存并校验
科技人才、博士与职业流动,科技创新政策与能力基线,C-NISTEP-DP153-349115C3,2018-03-01,W1,大型産学連携のマネジメントに係る調査研究2017,作者讨论论文,C:\Users\WINDOWS\OneDrive\知识库\智库信息爬虫\国际主要科技智库观点演变_研判\03_证据底稿\原文PDF\C-NISTEP-DP153-349115C3.pdf,C:\Users\WINDOWS\OneDrive\知识库\智库信息爬虫\国际主要科技智库观点演变_研判\03_证据底稿\文本\C-NISTEP-DP153-349115C3.txt,http://hdl.handle.net/11035/3192,官方PDF已保存并校验
企业研发、创新与产学合作,科技创新政策与能力基线,C-NISTEP-DP153-349115C3,2018-03-01,W1,大型産学連携のマネジメントに係る調査研究2017,作者讨论论文,C:\Users\WINDOWS\OneDrive\知识库\智库信息爬虫\国际主要科技智库观点演变_研判\03_证据底稿\原文PDF\C-NISTEP-DP153-349115C3.pdf,C:\Users\WINDOWS\OneDrive\知识库\智库信息爬虫\国际主要科技智库观点演变_研判\03_证据底稿\文本\C-NISTEP-DP153-349115C3.txt,http://hdl.handle.net/11035/3192,官方PDF已保存并校验
开放科学、研究诚信与治理,科技创新政策与能力基线,C-NISTEP-DP153-349115C3,2018-03-01,W1,大型産学連携のマネジメントに係る調査研究2017,作者讨论论文,C:\Users\WINDOWS\OneDrive\知识库\智库信息爬虫\国际主要科技智库观点演变_研判\03_证据底稿\原文PDF\C-NISTEP-DP153-349115C3.pdf,C:\Users\WINDOWS\OneDrive\知识库\智库信息爬虫\国际主要科技智库观点演变_研判\03_证据底稿\文本\C-NISTEP-DP153-349115C3.txt,http://hdl.handle.net/11035/3192,官方PDF已保存并校验
科技指标、论文与国际比较,科技创新政策与能力基线,C-NISTEP-DP154-0C9C23C3,2018-03-01,W1,日本の超大企業の研究開発システムの実態― 製造関連企業の事例研究 ―,作者讨论论文,C:\Users\WINDOWS\OneDrive\知识库\智库信息爬虫\国际主要科技智库观点演变_研判\03_证据底稿\原文PDF\C-NISTEP-DP154-0C9C23C3.pdf,C:\Users\WINDOWS\OneDrive\知识库\智库信息爬虫\国际主要科技智库观点演变_研判\03_证据底稿\文本\C-NISTEP-DP154-0C9C23C3.txt,http://hdl.handle.net/11035/3197,官方PDF已保存并校验
科研体系、资助与研究基础,科技创新政策与能力基线,C-NISTEP-DP154-0C9C23C3,2018-03-01,W1,日本の超大企業の研究開発システムの実態― 製造関連企業の事例研究 ―,作者讨论论文,C:\Users\WINDOWS\OneDrive\知识库\智库信息爬虫\国际主要科技智库观点演变_研判\03_证据底稿\原文PDF\C-NISTEP-DP154-0C9C23C3.pdf,C:\Users\WINDOWS\OneDrive\知识库\智库信息爬虫\国际主要科技智库观点演变_研判\03_证据底稿\文本\C-NISTEP-DP154-0C9C23C3.txt,http://hdl.handle.net/11035/3197,官方PDF已保存并校验
科技人才、博士与职业流动,科技创新政策与能力基线,C-NISTEP-DP154-0C9C23C3,2018-03-01,W1,日本の超大企業の研究開発システムの実態― 製造関連企業の事例研究 ―,作者讨论论文,C:\Users\WINDOWS\OneDrive\知识库\智库信息爬虫\国际主要科技智库观点演变_研判\03_证据底稿\原文PDF\C-NISTEP-DP154-0C9C23C3.pdf,C:\Users\WINDOWS\OneDrive\知识库\智库信息爬虫\国际主要科技智库观点演变_研判\03_证据底稿\文本\C-NISTEP-DP154-0C9C23C3.txt,http://hdl.handle.net/11035/3197,官方PDF已保存并校验
企业研发、创新与产学合作,科技创新政策与能力基线,C-NISTEP-DP154-0C9C23C3,2018-03-01,W1,日本の超大企業の研究開発システムの実態― 製造関連企業の事例研究 ―,作者讨论论文,C:\Users\WINDOWS\OneDrive\知识库\智库信息爬虫\国际主要科技智库观点演变_研判\03_证据底稿\原文PDF\C-NISTEP-DP154-0C9C23C3.pdf,C:\Users\WINDOWS\OneDrive\知识库\智库信息爬虫\国际主要科技智库观点演变_研判\03_证据底稿\文本\C-NISTEP-DP154-0C9C23C3.txt,http://hdl.handle.net/11035/3197,官方PDF已保存并校验
人工智能、数据与数字技术,科技创新政策与能力基线,C-NISTEP-DP155-48820666,2018-03-01,W1,研究発表空白期間がアカデミア昇進に与える影響分析～研究者の属性に関するイベントヒストリー分析～,作者讨论论文,C:\Users\WINDOWS\OneDrive\知识库\智库信息爬虫\国际主要科技智库观点演变_研判\03_证据底稿\原文PDF\C-NISTEP-DP155-48820666.pdf,C:\Users\WINDOWS\OneDrive\知识库\智库信息爬虫\国际主要科技智库观点演变_研判\03_证据底稿\文本\C-NISTEP-DP155-48820666.txt,http://hdl.handle.net/11035/3198,官方PDF已保存并校验
关键技术、专利与产业竞争力,科技创新政策与能力基线,C-NISTEP-DP155-48820666,2018-03-01,W1,研究発表空白期間がアカデミア昇進に与える影響分析～研究者の属性に関するイベントヒストリー分析～,作者讨论论文,C:\Users\WINDOWS\OneDrive\知识库\智库信息爬虫\国际主要科技智库观点演变_研判\03_证据底稿\原文PDF\C-NISTEP-DP155-48820666.pdf,C:\Users\WINDOWS\OneDrive\知识库\智库信息爬虫\国际主要科技智库观点演变_研判\03_证据底稿\文本\C-NISTEP-DP155-48820666.txt,http://hdl.handle.net/11035/3198,官方PDF已保存并校验
科技指标、论文与国际比较,科技创新政策与能力基线,C-NISTEP-DP155-48820666,2018-03-01,W1,研究発表空白期間がアカデミア昇進に与える影響分析～研究者の属性に関するイベントヒストリー分析～,作者讨论论文,C:\Users\WINDOWS\OneDrive\知识库\智库信息爬虫\国际主要科技智库观点演变_研判\03_证据底稿\原文PDF\C-NISTEP-DP155-48820666.pdf,C:\Users\WINDOWS\OneDrive\知识库\智库信息爬虫\国际主要科技智库观点演变_研判\03_证据底稿\文本\C-NISTEP-DP155-48820666.txt,http://hdl.handle.net/11035/3198,官方PDF已保存并校验
科研体系、资助与研究基础,科技创新政策与能力基线,C-NISTEP-DP155-48820666,2018-03-01,W1,研究発表空白期間がアカデミア昇進に与える影響分析～研究者の属性に関するイベントヒストリー分析～,作者讨论论文,C:\Users\WINDOWS\OneDrive\知识库\智库信息爬虫\国际主要科技智库观点演变_研判\03_证据底稿\原文PDF\C-NISTEP-DP155-48820666.pdf,C:\Users\WINDOWS\OneDrive\知识库\智库信息爬虫\国际主要科技智库观点演变_研判\03_证据底稿\文本\C-NISTEP-DP155-48820666.txt,http://hdl.handle.net/11035/3198,官方PDF已保存并校验
科技人才、博士与职业流动,科技创新政策与能力基线,C-NISTEP-DP155-48820666,2018-03-01,W1,研究発表空白期間がアカデミア昇進に与える影響分析～研究者の属性に関するイベントヒストリー分析～,作者讨论论文,C:\Users\WINDOWS\OneDrive\知识库\智库信息爬虫\国际主要科技智库观点演变_研判\03_证据底稿\原文PDF\C-NISTEP-DP155-48820666.pdf,C:\Users\WINDOWS\OneDrive\知识库\智库信息爬虫\国际主要科技智库观点演变_研判\03_证据底稿\文本\C-NISTEP-DP155-48820666.txt,http://hdl.handle.net/11035/3198,官方PDF已保存并校验
企业研发、创新与产学合作,科技创新政策与能力基线,C-NISTEP-DP155-48820666,2018-03-01,W1,研究発表空白期間がアカデミア昇進に与える影響分析～研究者の属性に関するイベントヒストリー分析～,作者讨论论文,C:\Users\WINDOWS\OneDrive\知识库\智库信息爬虫\国际主要科技智库观点演变_研判\03_证据底稿\原文PDF\C-NISTEP-DP155-48820666.pdf,C:\Users\WINDOWS\OneDrive\知识库\智库信息爬虫\国际主要科技智库观点演变_研判\03_证据底稿\文本\C-NISTEP-DP155-48820666.txt,http://hdl.handle.net/11035/3198,官方PDF已保存并校验
人工智能、数据与数字技术,科技创新政策与能力基线,C-NISTEP-RM271-1C249D23,2018-03-01,W1,日本の大学システムのアウトプット構造：論文数シェアに基づく大学グループ別の論文産出の詳細分析,机构正式研究,C:\Users\WINDOWS\OneDrive\知识库\智库信息爬虫\国际主要科技智库观点演变_研判\03_证据底稿\原文PDF\C-NISTEP-RM271-1C249D23.pdf,C:\Users\WINDOWS\OneDrive\知识库\智库信息爬虫\国际主要科技智库观点演变_研判\03_证据底稿\文本\C-NISTEP-RM271-1C249D23.txt,http://hdl.handle.net/11035/3191,官方PDF已保存并校验
科技指标、论文与国际比较,科技创新政策与能力基线,C-NISTEP-RM271-1C249D23,2018-03-01,W1,日本の大学システムのアウトプット構造：論文数シェアに基づく大学グループ別の論文産出の詳細分析,机构正式研究,C:\Users\WINDOWS\OneDrive\知识库\智库信息爬虫\国际主要科技智库观点演变_研判\03_证据底稿\原文PDF\C-NISTEP-RM271-1C249D23.pdf,C:\Users\WINDOWS\OneDrive\知识库\智库信息爬虫\国际主要科技智库观点演变_研判\03_证据底稿\文本\C-NISTEP-RM271-1C249D23.txt,http://hdl.handle.net/11035/3191,官方PDF已保存并校验
科研体系、资助与研究基础,科技创新政策与能力基线,C-NISTEP-RM271-1C249D23,2018-03-01,W1,日本の大学システムのアウトプット構造：論文数シェアに基づく大学グループ別の論文産出の詳細分析,机构正式研究,C:\Users\WINDOWS\OneDrive\知识库\智库信息爬虫\国际主要科技智库观点演变_研判\03_证据底稿\原文PDF\C-NISTEP-RM271-1C249D23.pdf,C:\Users\WINDOWS\OneDrive\知识库\智库信息爬虫\国际主要科技智库观点演变_研判\03_证据底稿\文本\C-NISTEP-RM271-1C249D23.txt,http://hdl.handle.net/11035/3191,官方PDF已保存并校验
科技人才、博士与职业流动,科技创新政策与能力基线,C-NISTEP-RM271-1C249D23,2018-03-01,W1,日本の大学システムのアウトプット構造：論文数シェアに基づく大学グループ別の論文産出の詳細分析,机构正式研究,C:\Users\WINDOWS\OneDrive\知识库\智库信息爬虫\国际主要科技智库观点演变_研判\03_证据底稿\原文PDF\C-NISTEP-RM271-1C249D23.pdf,C:\Users\WINDOWS\OneDrive\知识库\智库信息爬虫\国际主要科技智库观点演变_研判\03_证据底稿\文本\C-NISTEP-RM271-1C249D23.txt,http://hdl.handle.net/11035/3191,官方PDF已保存并校验
企业研发、创新与产学合作,科技创新政策与能力基线,C-NISTEP-RM271-1C249D23,2018-03-01,W1,日本の大学システムのアウトプット構造：論文数シェアに基づく大学グループ別の論文産出の詳細分析,机构正式研究,C:\Users\WINDOWS\OneDrive\知识库\智库信息爬虫\国际主要科技智库观点演变_研判\03_证据底稿\原文PDF\C-NISTEP-RM271-1C249D23.pdf,C:\Users\WINDOWS\OneDrive\知识库\智库信息爬虫\国际主要科技智库观点演变_研判\03_证据底稿\文本\C-NISTEP-RM271-1C249D23.txt,http://hdl.handle.net/11035/3191,官方PDF已保存并校验
科技指标、论文与国际比较,科技创新政策与能力基线,C-NISTEP-RM272-EBF854C3,2018-03-01,W1,大学学部生の科学技術情報と進路選択に対する意識,机构正式研究,C:\Users\WINDOWS\OneDrive\知识库\智库信息爬虫\国际主要科技智库观点演变_研判\03_证据底稿\原文PDF\C-NISTEP-RM272-EBF854C3.pdf,C:\Users\WINDOWS\OneDrive\知识库\智库信息爬虫\国际主要科技智库观点演变_研判\03_证据底稿\文本\C-NISTEP-RM272-EBF854C3.txt,http://hdl.handle.net/11035/3194,官方PDF已保存并校验
科研体系、资助与研究基础,科技创新政策与能力基线,C-NISTEP-RM272-EBF854C3,2018-03-01,W1,大学学部生の科学技術情報と進路選択に対する意識,机构正式研究,C:\Users\WINDOWS\OneDrive\知识库\智库信息爬虫\国际主要科技智库观点演变_研判\03_证据底稿\原文PDF\C-NISTEP-RM272-EBF854C3.pdf,C:\Users\WINDOWS\OneDrive\知识库\智库信息爬虫\国际主要科技智库观点演变_研判\03_证据底稿\文本\C-NISTEP-RM272-EBF854C3.txt,http://hdl.handle.net/11035/3194,官方PDF已保存并校验
科技人才、博士与职业流动,科技创新政策与能力基线,C-NISTEP-RM272-EBF854C3,2018-03-01,W1,大学学部生の科学技術情報と進路選択に対する意識,机构正式研究,C:\Users\WINDOWS\OneDrive\知识库\智库信息爬虫\国际主要科技智库观点演变_研判\03_证据底稿\原文PDF\C-NISTEP-RM272-EBF854C3.pdf,C:\Users\WINDOWS\OneDrive\知识库\智库信息爬虫\国际主要科技智库观点演变_研判\03_证据底稿\文本\C-NISTEP-RM272-EBF854C3.txt,http://hdl.handle.net/11035/3194,官方PDF已保存并校验
人工智能、数据与数字技术,科技创新政策与能力基线,C-NISTEP-DP156-40E9B026,2018-04-01,W1,博士人材の学位取得から労働市場への移行：フランスと日本の比較研究,作者讨论论文,C:\Users\WINDOWS\OneDrive\知识库\智库信息爬虫\国际主要科技智库观点演变_研判\03_证据底稿\原文PDF\C-NISTEP-DP156-40E9B026.pdf,C:\Users\WINDOWS\OneDrive\知识库\智库信息爬虫\国际主要科技智库观点演变_研判\03_证据底稿\文本\C-NISTEP-DP156-40E9B026.txt,http://hdl.handle.net/11035/3202,官方PDF已保存并校验
科技指标、论文与国际比较,科技创新政策与能力基线,C-NISTEP-DP156-40E9B026,2018-04-01,W1,博士人材の学位取得から労働市場への移行：フランスと日本の比較研究,作者讨论论文,C:\Users\WINDOWS\OneDrive\知识库\智库信息爬虫\国际主要科技智库观点演变_研判\03_证据底稿\原文PDF\C-NISTEP-DP156-40E9B026.pdf,C:\Users\WINDOWS\OneDrive\知识库\智库信息爬虫\国际主要科技智库观点演变_研判\03_证据底稿\文本\C-NISTEP-DP156-40E9B026.txt,http://hdl.handle.net/11035/3202,官方PDF已保存并校验
科研体系、资助与研究基础,科技创新政策与能力基线,C-NISTEP-DP156-40E9B026,2018-04-01,W1,博士人材の学位取得から労働市場への移行：フランスと日本の比較研究,作者讨论论文,C:\Users\WINDOWS\OneDrive\知识库\智库信息爬虫\国际主要科技智库观点演变_研判\03_证据底稿\原文PDF\C-NISTEP-DP156-40E9B026.pdf,C:\Users\WINDOWS\OneDrive\知识库\智库信息爬虫\国际主要科技智库观点演变_研判\03_证据底稿\文本\C-NISTEP-DP156-40E9B026.txt,http://hdl.handle.net/11035/3202,官方PDF已保存并校验
科技人才、博士与职业流动,科技创新政策与能力基线,C-NISTEP-DP156-40E9B026,2018-04-01,W1,博士人材の学位取得から労働市場への移行：フランスと日本の比較研究,作者讨论论文,C:\Users\WINDOWS\OneDrive\知识库\智库信息爬虫\国际主要科技智库观点演变_研判\03_证据底稿\原文PDF\C-NISTEP-DP156-40E9B026.pdf,C:\Users\WINDOWS\OneDrive\知识库\智库信息爬虫\国际主要科技智库观点演变_研判\03_证据底稿\文本\C-NISTEP-DP156-40E9B026.txt,http://hdl.handle.net/11035/3202,官方PDF已保存并校验
企业研发、创新与产学合作,科技创新政策与能力基线,C-NISTEP-DP156-40E9B026,2018-04-01,W1,博士人材の学位取得から労働市場への移行：フランスと日本の比較研究,作者讨论论文,C:\Users\WINDOWS\OneDrive\知识库\智库信息爬虫\国际主要科技智库观点演变_研判\03_证据底稿\原文PDF\C-NISTEP-DP156-40E9B026.pdf,C:\Users\WINDOWS\OneDrive\知识库\智库信息爬虫\国际主要科技智库观点演变_研判\03_证据底稿\文本\C-NISTEP-DP156-40E9B026.txt,http://hdl.handle.net/11035/3202,官方PDF已保存并校验
人工智能、数据与数字技术,科技创新政策与能力基线,C-NISTEP-NR175-B36A5130,2018-04-01,W1,科学技術の状況に係る総合的意識調査（NISTEP定点調査2017）報告書,机构正式研究,C:\Users\WINDOWS\OneDrive\知识库\智库信息爬虫\国际主要科技智库观点演变_研判\03_证据底稿\原文PDF\C-NISTEP-NR175-B36A5130.pdf,C:\Users\WINDOWS\OneDrive\知识库\智库信息爬虫\国际主要科技智库观点演变_研判\03_证据底稿\文本\C-NISTEP-NR175-B36A5130.txt,http://hdl.handle.net/11035/3195,官方PDF已保存并校验
关键技术、专利与产业竞争力,科技创新政策与能力基线,C-NISTEP-NR175-B36A5130,2018-04-01,W1,科学技術の状況に係る総合的意識調査（NISTEP定点調査2017）報告書,机构正式研究,C:\Users\WINDOWS\OneDrive\知识库\智库信息爬虫\国际主要科技智库观点演变_研判\03_证据底稿\原文PDF\C-NISTEP-NR175-B36A5130.pdf,C:\Users\WINDOWS\OneDrive\知识库\智库信息爬虫\国际主要科技智库观点演变_研判\03_证据底稿\文本\C-NISTEP-NR175-B36A5130.txt,http://hdl.handle.net/11035/3195,官方PDF已保存并校验
科技指标、论文与国际比较,科技创新政策与能力基线,C-NISTEP-NR175-B36A5130,2018-04-01,W1,科学技術の状況に係る総合的意識調査（NISTEP定点調査2017）報告書,机构正式研究,C:\Users\WINDOWS\OneDrive\知识库\智库信息爬虫\国际主要科技智库观点演变_研判\03_证据底稿\原文PDF\C-NISTEP-NR175-B36A5130.pdf,C:\Users\WINDOWS\OneDrive\知识库\智库信息爬虫\国际主要科技智库观点演变_研判\03_证据底稿\文本\C-NISTEP-NR175-B36A5130.txt,http://hdl.handle.net/11035/3195,官方PDF已保存并校验
科研体系、资助与研究基础,科技创新政策与能力基线,C-NISTEP-NR175-B36A5130,2018-04-01,W1,科学技術の状況に係る総合的意識調査（NISTEP定点調査2017）報告書,机构正式研究,C:\Users\WINDOWS\OneDrive\知识库\智库信息爬虫\国际主要科技智库观点演变_研判\03_证据底稿\原文PDF\C-NISTEP-NR175-B36A5130.pdf,C:\Users\WINDOWS\OneDrive\知识库\智库信息爬虫\国际主要科技智库观点演变_研判\03_证据底稿\文本\C-NISTEP-NR175-B36A5130.txt,http://hdl.handle.net/11035/3195,官方PDF已保存并校验
科技人才、博士与职业流动,科技创新政策与能力基线,C-NISTEP-NR175-B36A5130,2018-04-01,W1,科学技術の状況に係る総合的意識調査（NISTEP定点調査2017）報告書,机构正式研究,C:\Users\WINDOWS\OneDrive\知识库\智库信息爬虫\国际主要科技智库观点演变_研判\03_证据底稿\原文PDF\C-NISTEP-NR175-B36A5130.pdf,C:\Users\WINDOWS\OneDrive\知识库\智库信息爬虫\国际主要科技智库观点演变_研判\03_证据底稿\文本\C-NISTEP-NR175-B36A5130.txt,http://hdl.handle.net/11035/3195,官方PDF已保存并校验
企业研发、创新与产学合作,科技创新政策与能力基线,C-NISTEP-NR175-B36A5130,2018-04-01,W1,科学技術の状況に係る総合的意識調査（NISTEP定点調査2017）報告書,机构正式研究,C:\Users\WINDOWS\OneDrive\知识库\智库信息爬虫\国际主要科技智库观点演变_研判\03_证据底稿\原文PDF\C-NISTEP-NR175-B36A5130.pdf,C:\Users\WINDOWS\OneDrive\知识库\智库信息爬虫\国际主要科技智库观点演变_研判\03_证据底稿\文本\C-NISTEP-NR175-B36A5130.txt,http://hdl.handle.net/11035/3195,官方PDF已保存并校验
科技前瞻、新兴议题与社会,科技创新政策与能力基线,C-NISTEP-NR175-B36A5130,2018-04-01,W1,科学技術の状況に係る総合的意識調査（NISTEP定点調査2017）報告書,机构正式研究,C:\Users\WINDOWS\OneDrive\知识库\智库信息爬虫\国际主要科技智库观点演变_研判\03_证据底稿\原文PDF\C-NISTEP-NR175-B36A5130.pdf,C:\Users\WINDOWS\OneDrive\知识库\智库信息爬虫\国际主要科技智库观点演变_研判\03_证据底稿\文本\C-NISTEP-NR175-B36A5130.txt,http://hdl.handle.net/11035/3195,官方PDF已保存并校验
人工智能、数据与数字技术,科技创新政策与能力基线,C-NISTEP-NR176-3F775343,2018-04-01,W1,科学技術の状況に係る総合的意識調査（NISTEP定点調査2017）データ集,机构正式研究,C:\Users\WINDOWS\OneDrive\知识库\智库信息爬虫\国际主要科技智库观点演变_研判\03_证据底稿\原文PDF\C-NISTEP-NR176-3F775343.pdf,C:\Users\WINDOWS\OneDrive\知识库\智库信息爬虫\国际主要科技智库观点演变_研判\03_证据底稿\文本\C-NISTEP-NR176-3F775343.txt,http://hdl.handle.net/11035/3196,官方PDF已保存并校验
关键技术、专利与产业竞争力,科技创新政策与能力基线,C-NISTEP-NR176-3F775343,2018-04-01,W1,科学技術の状況に係る総合的意識調査（NISTEP定点調査2017）データ集,机构正式研究,C:\Users\WINDOWS\OneDrive\知识库\智库信息爬虫\国际主要科技智库观点演变_研判\03_证据底稿\原文PDF\C-NISTEP-NR176-3F775343.pdf,C:\Users\WINDOWS\OneDrive\知识库\智库信息爬虫\国际主要科技智库观点演变_研判\03_证据底稿\文本\C-NISTEP-NR176-3F775343.txt,http://hdl.handle.net/11035/3196,官方PDF已保存并校验
科技指标、论文与国际比较,科技创新政策与能力基线,C-NISTEP-NR176-3F775343,2018-04-01,W1,科学技術の状況に係る総合的意識調査（NISTEP定点調査2017）データ集,机构正式研究,C:\Users\WINDOWS\OneDrive\知识库\智库信息爬虫\国际主要科技智库观点演变_研判\03_证据底稿\原文PDF\C-NISTEP-NR176-3F775343.pdf,C:\Users\WINDOWS\OneDrive\知识库\智库信息爬虫\国际主要科技智库观点演变_研判\03_证据底稿\文本\C-NISTEP-NR176-3F775343.txt,http://hdl.handle.net/11035/3196,官方PDF已保存并校验
科研体系、资助与研究基础,科技创新政策与能力基线,C-NISTEP-NR176-3F775343,2018-04-01,W1,科学技術の状況に係る総合的意識調査（NISTEP定点調査2017）データ集,机构正式研究,C:\Users\WINDOWS\OneDrive\知识库\智库信息爬虫\国际主要科技智库观点演变_研判\03_证据底稿\原文PDF\C-NISTEP-NR176-3F775343.pdf,C:\Users\WINDOWS\OneDrive\知识库\智库信息爬虫\国际主要科技智库观点演变_研判\03_证据底稿\文本\C-NISTEP-NR176-3F775343.txt,http://hdl.handle.net/11035/3196,官方PDF已保存并校验
科技人才、博士与职业流动,科技创新政策与能力基线,C-NISTEP-NR176-3F775343,2018-04-01,W1,科学技術の状況に係る総合的意識調査（NISTEP定点調査2017）データ集,机构正式研究,C:\Users\WINDOWS\OneDrive\知识库\智库信息爬虫\国际主要科技智库观点演变_研判\03_证据底稿\原文PDF\C-NISTEP-NR176-3F775343.pdf,C:\Users\WINDOWS\OneDrive\知识库\智库信息爬虫\国际主要科技智库观点演变_研判\03_证据底稿\文本\C-NISTEP-NR176-3F775343.txt,http://hdl.handle.net/11035/3196,官方PDF已保存并校验
企业研发、创新与产学合作,科技创新政策与能力基线,C-NISTEP-NR176-3F775343,2018-04-01,W1,科学技術の状況に係る総合的意識調査（NISTEP定点調査2017）データ集,机构正式研究,C:\Users\WINDOWS\OneDrive\知识库\智库信息爬虫\国际主要科技智库观点演变_研判\03_证据底稿\原文PDF\C-NISTEP-NR176-3F775343.pdf,C:\Users\WINDOWS\OneDrive\知识库\智库信息爬虫\国际主要科技智库观点演变_研判\03_证据底稿\文本\C-NISTEP-NR176-3F775343.txt,http://hdl.handle.net/11035/3196,官方PDF已保存并校验
人工智能、数据与数字技术,科技创新政策与能力基线,C-NISTEP-DP157-9B1F3572,2018-05-01,W1,86 国立大学法人の財務諸表を用いた研究活動の実態把握に向けた試行的な分析,作者讨论论文,C:\Users\WINDOWS\OneDrive\知识库\智库信息爬虫\国际主要科技智库观点演变_研判\03_证据底稿\网页文本\C-NISTEP-DP157-9B1F3572.txt,C:\Users\WINDOWS\OneDrive\知识库\智库信息爬虫\国际主要科技智库观点演变_研判\03_证据底稿\网页文本\C-NISTEP-DP157-9B1F3572.txt,http://hdl.handle.net/11035/3200,官方仓储PDF代理全文已保存
科技指标、论文与国际比较,科技创新政策与能力基线,C-NISTEP-DP157-9B1F3572,2018-05-01,W1,86 国立大学法人の財務諸表を用いた研究活動の実態把握に向けた試行的な分析,作者讨论论文,C:\Users\WINDOWS\OneDrive\知识库\智库信息爬虫\国际主要科技智库观点演变_研判\03_证据底稿\网页文本\C-NISTEP-DP157-9B1F3572.txt,C:\Users\WINDOWS\OneDrive\知识库\智库信息爬虫\国际主要科技智库观点演变_研判\03_证据底稿\网页文本\C-NISTEP-DP157-9B1F3572.txt,http://hdl.handle.net/11035/3200,官方仓储PDF代理全文已保存
科研体系、资助与研究基础,科技创新政策与能力基线,C-NISTEP-DP157-9B1F3572,2018-05-01,W1,86 国立大学法人の財務諸表を用いた研究活動の実態把握に向けた試行的な分析,作者讨论论文,C:\Users\WINDOWS\OneDrive\知识库\智库信息爬虫\国际主要科技智库观点演变_研判\03_证据底稿\网页文本\C-NISTEP-DP157-9B1F3572.txt,C:\Users\WINDOWS\OneDrive\知识库\智库信息爬虫\国际主要科技智库观点演变_研判\03_证据底稿\网页文本\C-NISTEP-DP157-9B1F3572.txt,http://hdl.handle.net/11035/3200,官方仓储PDF代理全文已保存
人工智能、数据与数字技术,科技创新政策与能力基线,C-NISTEP-NR177-B36CB26D,2018-05-01,W1,民間企業の研究活動に関する調査報告2017,机构正式研究,C:\Users\WINDOWS\OneDrive\知识库\智库信息爬虫\国际主要科技智库观点演变_研判\03_证据底稿\原文PDF\C-NISTEP-NR177-B36CB26D.pdf,C:\Users\WINDOWS\OneDrive\知识库\智库信息爬虫\国际主要科技智库观点演变_研判\03_证据底稿\文本\C-NISTEP-NR177-B36CB26D.txt,http://hdl.handle.net/11035/3199,官方PDF已保存并校验
关键技术、专利与产业竞争力,科技创新政策与能力基线,C-NISTEP-NR177-B36CB26D,2018-05-01,W1,民間企業の研究活動に関する調査報告2017,机构正式研究,C:\Users\WINDOWS\OneDrive\知识库\智库信息爬虫\国际主要科技智库观点演变_研判\03_证据底稿\原文PDF\C-NISTEP-NR177-B36CB26D.pdf,C:\Users\WINDOWS\OneDrive\知识库\智库信息爬虫\国际主要科技智库观点演变_研判\03_证据底稿\文本\C-NISTEP-NR177-B36CB26D.txt,http://hdl.handle.net/11035/3199,官方PDF已保存并校验
科技指标、论文与国际比较,科技创新政策与能力基线,C-NISTEP-NR177-B36CB26D,2018-05-01,W1,民間企業の研究活動に関する調査報告2017,机构正式研究,C:\Users\WINDOWS\OneDrive\知识库\智库信息爬虫\国际主要科技智库观点演变_研判\03_证据底稿\原文PDF\C-NISTEP-NR177-B36CB26D.pdf,C:\Users\WINDOWS\OneDrive\知识库\智库信息爬虫\国际主要科技智库观点演变_研判\03_证据底稿\文本\C-NISTEP-NR177-B36CB26D.txt,http://hdl.handle.net/11035/3199,官方PDF已保存并校验
科研体系、资助与研究基础,科技创新政策与能力基线,C-NISTEP-NR177-B36CB26D,2018-05-01,W1,民間企業の研究活動に関する調査報告2017,机构正式研究,C:\Users\WINDOWS\OneDrive\知识库\智库信息爬虫\国际主要科技智库观点演变_研判\03_证据底稿\原文PDF\C-NISTEP-NR177-B36CB26D.pdf,C:\Users\WINDOWS\OneDrive\知识库\智库信息爬虫\国际主要科技智库观点演变_研判\03_证据底稿\文本\C-NISTEP-NR177-B36CB26D.txt,http://hdl.handle.net/11035/3199,官方PDF已保存并校验
科技人才、博士与职业流动,科技创新政策与能力基线,C-NISTEP-NR177-B36CB26D,2018-05-01,W1,民間企業の研究活動に関する調査報告2017,机构正式研究,C:\Users\WINDOWS\OneDrive\知识库\智库信息爬虫\国际主要科技智库观点演变_研判\03_证据底稿\原文PDF\C-NISTEP-NR177-B36CB26D.pdf,C:\Users\WINDOWS\OneDrive\知识库\智库信息爬虫\国际主要科技智库观点演变_研判\03_证据底稿\文本\C-NISTEP-NR177-B36CB26D.txt,http://hdl.handle.net/11035/3199,官方PDF已保存并校验
企业研发、创新与产学合作,科技创新政策与能力基线,C-NISTEP-NR177-B36CB26D,2018-05-01,W1,民間企業の研究活動に関する調査報告2017,机构正式研究,C:\Users\WINDOWS\OneDrive\知识库\智库信息爬虫\国际主要科技智库观点演变_研判\03_证据底稿\原文PDF\C-NISTEP-NR177-B36CB26D.pdf,C:\Users\WINDOWS\OneDrive\知识库\智库信息爬虫\国际主要科技智库观点演变_研判\03_证据底稿\文本\C-NISTEP-NR177-B36CB26D.txt,http://hdl.handle.net/11035/3199,官方PDF已保存并校验
人工智能、数据与数字技术,科技创新政策与能力基线,C-NISTEP-RM273-C6308E6D,2018-05-01,W1,"産業界で必要なスキル・能力の獲得について－管理職4,000人の意識調査より－",机构正式研究,C:\Users\WINDOWS\OneDrive\知识库\智库信息爬虫\国际主要科技智库观点演变_研判\03_证据底稿\原文PDF\C-NISTEP-RM273-C6308E6D.pdf,C:\Users\WINDOWS\OneDrive\知识库\智库信息爬虫\国际主要科技智库观点演变_研判\03_证据底稿\文本\C-NISTEP-RM273-C6308E6D.txt,http://hdl.handle.net/11035/3201,官方PDF已保存并校验
科技指标、论文与国际比较,科技创新政策与能力基线,C-NISTEP-RM273-C6308E6D,2018-05-01,W1,"産業界で必要なスキル・能力の獲得について－管理職4,000人の意識調査より－",机构正式研究,C:\Users\WINDOWS\OneDrive\知识库\智库信息爬虫\国际主要科技智库观点演变_研判\03_证据底稿\原文PDF\C-NISTEP-RM273-C6308E6D.pdf,C:\Users\WINDOWS\OneDrive\知识库\智库信息爬虫\国际主要科技智库观点演变_研判\03_证据底稿\文本\C-NISTEP-RM273-C6308E6D.txt,http://hdl.handle.net/11035/3201,官方PDF已保存并校验
科研体系、资助与研究基础,科技创新政策与能力基线,C-NISTEP-RM273-C6308E6D,2018-05-01,W1,"産業界で必要なスキル・能力の獲得について－管理職4,000人の意識調査より－",机构正式研究,C:\Users\WINDOWS\OneDrive\知识库\智库信息爬虫\国际主要科技智库观点演变_研判\03_证据底稿\原文PDF\C-NISTEP-RM273-C6308E6D.pdf,C:\Users\WINDOWS\OneDrive\知识库\智库信息爬虫\国际主要科技智库观点演变_研判\03_证据底稿\文本\C-NISTEP-RM273-C6308E6D.txt,http://hdl.handle.net/11035/3201,官方PDF已保存并校验
科技人才、博士与职业流动,科技创新政策与能力基线,C-NISTEP-RM273-C6308E6D,2018-05-01,W1,"産業界で必要なスキル・能力の獲得について－管理職4,000人の意識調査より－",机构正式研究,C:\Users\WINDOWS\OneDrive\知识库\智库信息爬虫\国际主要科技智库观点演变_研判\03_证据底稿\原文PDF\C-NISTEP-RM273-C6308E6D.pdf,C:\Users\WINDOWS\OneDrive\知识库\智库信息爬虫\国际主要科技智库观点演变_研判\03_证据底稿\文本\C-NISTEP-RM273-C6308E6D.txt,http://hdl.handle.net/11035/3201,官方PDF已保存并校验
企业研发、创新与产学合作,科技创新政策与能力基线,C-NISTEP-RM273-C6308E6D,2018-05-01,W1,"産業界で必要なスキル・能力の獲得について－管理職4,000人の意識調査より－",机构正式研究,C:\Users\WINDOWS\OneDrive\知识库\智库信息爬虫\国际主要科技智库观点演变_研判\03_证据底稿\原文PDF\C-NISTEP-RM273-C6308E6D.pdf,C:\Users\WINDOWS\OneDrive\知识库\智库信息爬虫\国际主要科技智库观点演变_研判\03_证据底稿\文本\C-NISTEP-RM273-C6308E6D.txt,http://hdl.handle.net/11035/3201,官方PDF已保存并校验
开放科学、研究诚信与治理,科技创新政策与能力基线,C-NISTEP-RM273-C6308E6D,2018-05-01,W1,"産業界で必要なスキル・能力の獲得について－管理職4,000人の意識調査より－",机构正式研究,C:\Users\WINDOWS\OneDrive\知识库\智库信息爬虫\国际主要科技智库观点演变_研判\03_证据底稿\原文PDF\C-NISTEP-RM273-C6308E6D.pdf,C:\Users\WINDOWS\OneDrive\知识库\智库信息爬虫\国际主要科技智库观点演变_研判\03_证据底稿\文本\C-NISTEP-RM273-C6308E6D.txt,http://hdl.handle.net/11035/3201,官方PDF已保存并校验
人工智能、数据与数字技术,科技创新政策与能力基线,C-NISTEP-DP158-2C96BBEE,2018-06-01,W1,博士号保持者と企業のイノベーション：全国イノベーション調査を用いた分析,作者讨论论文,C:\Users\WINDOWS\OneDrive\知识库\智库信息爬虫\国际主要科技智库观点演变_研判\03_证据底稿\原文PDF\C-NISTEP-DP158-2C96BBEE.pdf,C:\Users\WINDOWS\OneDrive\知识库\智库信息爬虫\国际主要科技智库观点演变_研判\03_证据底稿\文本\C-NISTEP-DP158-2C96BBEE.txt,http://hdl.handle.net/11035/3204,官方PDF已保存并校验
关键技术、专利与产业竞争力,科技创新政策与能力基线,C-NISTEP-DP158-2C96BBEE,2018-06-01,W1,博士号保持者と企業のイノベーション：全国イノベーション調査を用いた分析,作者讨论论文,C:\Users\WINDOWS\OneDrive\知识库\智库信息爬虫\国际主要科技智库观点演变_研判\03_证据底稿\原文PDF\C-NISTEP-DP158-2C96BBEE.pdf,C:\Users\WINDOWS\OneDrive\知识库\智库信息爬虫\国际主要科技智库观点演变_研判\03_证据底稿\文本\C-NISTEP-DP158-2C96BBEE.txt,http://hdl.handle.net/11035/3204,官方PDF已保存并校验
科技指标、论文与国际比较,科技创新政策与能力基线,C-NISTEP-DP158-2C96BBEE,2018-06-01,W1,博士号保持者と企業のイノベーション：全国イノベーション調査を用いた分析,作者讨论论文,C:\Users\WINDOWS\OneDrive\知识库\智库信息爬虫\国际主要科技智库观点演变_研判\03_证据底稿\原文PDF\C-NISTEP-DP158-2C96BBEE.pdf,C:\Users\WINDOWS\OneDrive\知识库\智库信息爬虫\国际主要科技智库观点演变_研判\03_证据底稿\文本\C-NISTEP-DP158-2C96BBEE.txt,http://hdl.handle.net/11035/3204,官方PDF已保存并校验
科研体系、资助与研究基础,科技创新政策与能力基线,C-NISTEP-DP158-2C96BBEE,2018-06-01,W1,博士号保持者と企業のイノベーション：全国イノベーション調査を用いた分析,作者讨论论文,C:\Users\WINDOWS\OneDrive\知识库\智库信息爬虫\国际主要科技智库观点演变_研判\03_证据底稿\原文PDF\C-NISTEP-DP158-2C96BBEE.pdf,C:\Users\WINDOWS\OneDrive\知识库\智库信息爬虫\国际主要科技智库观点演变_研判\03_证据底稿\文本\C-NISTEP-DP158-2C96BBEE.txt,http://hdl.handle.net/11035/3204,官方PDF已保存并校验
科技人才、博士与职业流动,科技创新政策与能力基线,C-NISTEP-DP158-2C96BBEE,2018-06-01,W1,博士号保持者と企業のイノベーション：全国イノベーション調査を用いた分析,作者讨论论文,C:\Users\WINDOWS\OneDrive\知识库\智库信息爬虫\国际主要科技智库观点演变_研判\03_证据底稿\原文PDF\C-NISTEP-DP158-2C96BBEE.pdf,C:\Users\WINDOWS\OneDrive\知识库\智库信息爬虫\国际主要科技智库观点演变_研判\03_证据底稿\文本\C-NISTEP-DP158-2C96BBEE.txt,http://hdl.handle.net/11035/3204,官方PDF已保存并校验
企业研发、创新与产学合作,科技创新政策与能力基线,C-NISTEP-DP158-2C96BBEE,2018-06-01,W1,博士号保持者と企業のイノベーション：全国イノベーション調査を用いた分析,作者讨论论文,C:\Users\WINDOWS\OneDrive\知识库\智库信息爬虫\国际主要科技智库观点演变_研判\03_证据底稿\原文PDF\C-NISTEP-DP158-2C96BBEE.pdf,C:\Users\WINDOWS\OneDrive\知识库\智库信息爬虫\国际主要科技智库观点演变_研判\03_证据底稿\文本\C-NISTEP-DP158-2C96BBEE.txt,http://hdl.handle.net/11035/3204,官方PDF已保存并校验
人工智能、数据与数字技术,科技创新政策与能力基线,C-NISTEP-DP159-1A771FA1,2018-06-01,W1,地方ブロック圏域における地域イノベーションの成果と課題,作者讨论论文,C:\Users\WINDOWS\OneDrive\知识库\智库信息爬虫\国际主要科技智库观点演变_研判\03_证据底稿\原文PDF\C-NISTEP-DP159-1A771FA1.pdf,C:\Users\WINDOWS\OneDrive\知识库\智库信息爬虫\国际主要科技智库观点演变_研判\03_证据底稿\文本\C-NISTEP-DP159-1A771FA1.txt,http://hdl.handle.net/11035/3206,官方PDF已保存并校验
关键技术、专利与产业竞争力,科技创新政策与能力基线,C-NISTEP-DP159-1A771FA1,2018-06-01,W1,地方ブロック圏域における地域イノベーションの成果と課題,作者讨论论文,C:\Users\WINDOWS\OneDrive\知识库\智库信息爬虫\国际主要科技智库观点演变_研判\03_证据底稿\原文PDF\C-NISTEP-DP159-1A771FA1.pdf,C:\Users\WINDOWS\OneDrive\知识库\智库信息爬虫\国际主要科技智库观点演变_研判\03_证据底稿\文本\C-NISTEP-DP159-1A771FA1.txt,http://hdl.handle.net/11035/3206,官方PDF已保存并校验
科技指标、论文与国际比较,科技创新政策与能力基线,C-NISTEP-DP159-1A771FA1,2018-06-01,W1,地方ブロック圏域における地域イノベーションの成果と課題,作者讨论论文,C:\Users\WINDOWS\OneDrive\知识库\智库信息爬虫\国际主要科技智库观点演变_研判\03_证据底稿\原文PDF\C-NISTEP-DP159-1A771FA1.pdf,C:\Users\WINDOWS\OneDrive\知识库\智库信息爬虫\国际主要科技智库观点演变_研判\03_证据底稿\文本\C-NISTEP-DP159-1A771FA1.txt,http://hdl.handle.net/11035/3206,官方PDF已保存并校验
科研体系、资助与研究基础,科技创新政策与能力基线,C-NISTEP-DP159-1A771FA1,2018-06-01,W1,地方ブロック圏域における地域イノベーションの成果と課題,作者讨论论文,C:\Users\WINDOWS\OneDrive\知识库\智库信息爬虫\国际主要科技智库观点演变_研判\03_证据底稿\原文PDF\C-NISTEP-DP159-1A771FA1.pdf,C:\Users\WINDOWS\OneDrive\知识库\智库信息爬虫\国际主要科技智库观点演变_研判\03_证据底稿\文本\C-NISTEP-DP159-1A771FA1.txt,http://hdl.handle.net/11035/3206,官方PDF已保存并校验
科技人才、博士与职业流动,科技创新政策与能力基线,C-NISTEP-DP159-1A771FA1,2018-06-01,W1,地方ブロック圏域における地域イノベーションの成果と課題,作者讨论论文,C:\Users\WINDOWS\OneDrive\知识库\智库信息爬虫\国际主要科技智库观点演变_研判\03_证据底稿\原文PDF\C-NISTEP-DP159-1A771FA1.pdf,C:\Users\WINDOWS\OneDrive\知识库\智库信息爬虫\国际主要科技智库观点演变_研判\03_证据底稿\文本\C-NISTEP-DP159-1A771FA1.txt,http://hdl.handle.net/11035/3206,官方PDF已保存并校验
企业研发、创新与产学合作,科技创新政策与能力基线,C-NISTEP-DP159-1A771FA1,2018-06-01,W1,地方ブロック圏域における地域イノベーションの成果と課題,作者讨论论文,C:\Users\WINDOWS\OneDrive\知识库\智库信息爬虫\国际主要科技智库观点演变_研判\03_证据底稿\原文PDF\C-NISTEP-DP159-1A771FA1.pdf,C:\Users\WINDOWS\OneDrive\知识库\智库信息爬虫\国际主要科技智库观点演变_研判\03_证据底稿\文本\C-NISTEP-DP159-1A771FA1.txt,http://hdl.handle.net/11035/3206,官方PDF已保存并校验
开放科学、研究诚信与治理,科技创新政策与能力基线,C-NISTEP-DP159-1A771FA1,2018-06-01,W1,地方ブロック圏域における地域イノベーションの成果と課題,作者讨论论文,C:\Users\WINDOWS\OneDrive\知识库\智库信息爬虫\国际主要科技智库观点演变_研判\03_证据底稿\原文PDF\C-NISTEP-DP159-1A771FA1.pdf,C:\Users\WINDOWS\OneDrive\知识库\智库信息爬虫\国际主要科技智库观点演变_研判\03_证据底稿\文本\C-NISTEP-DP159-1A771FA1.txt,http://hdl.handle.net/11035/3206,官方PDF已保存并校验
中国科技能力与国际比较,科技创新政策与能力基线,C-NISTEP-DP159-1A771FA1,2018-06-01,W1,地方ブロック圏域における地域イノベーションの成果と課題,作者讨论论文,C:\Users\WINDOWS\OneDrive\知识库\智库信息爬虫\国际主要科技智库观点演变_研判\03_证据底稿\原文PDF\C-NISTEP-DP159-1A771FA1.pdf,C:\Users\WINDOWS\OneDrive\知识库\智库信息爬虫\国际主要科技智库观点演变_研判\03_证据底稿\文本\C-NISTEP-DP159-1A771FA1.txt,http://hdl.handle.net/11035/3206,官方PDF已保存并校验
人工智能、数据与数字技术,核心科技直接材料,C-NISTEP-DP160-06A13D36,2018-07-01,W1,AIにおけるサイエンスとイノベーションの共起化：米国における論文・特許データベースを用いた分析,作者讨论论文,C:\Users\WINDOWS\OneDrive\知识库\智库信息爬虫\国际主要科技智库观点演变_研判\03_证据底稿\原文PDF\C-NISTEP-DP160-06A13D36.pdf,C:\Users\WINDOWS\OneDrive\知识库\智库信息爬虫\国际主要科技智库观点演变_研判\03_证据底稿\文本\C-NISTEP-DP160-06A13D36.txt,http://hdl.handle.net/11035/3205,官方PDF已保存并校验
关键技术、专利与产业竞争力,核心科技直接材料,C-NISTEP-DP160-06A13D36,2018-07-01,W1,AIにおけるサイエンスとイノベーションの共起化：米国における論文・特許データベースを用いた分析,作者讨论论文,C:\Users\WINDOWS\OneDrive\知识库\智库信息爬虫\国际主要科技智库观点演变_研判\03_证据底稿\原文PDF\C-NISTEP-DP160-06A13D36.pdf,C:\Users\WINDOWS\OneDrive\知识库\智库信息爬虫\国际主要科技智库观点演变_研判\03_证据底稿\文本\C-NISTEP-DP160-06A13D36.txt,http://hdl.handle.net/11035/3205,官方PDF已保存并校验
科技指标、论文与国际比较,核心科技直接材料,C-NISTEP-DP160-06A13D36,2018-07-01,W1,AIにおけるサイエンスとイノベーションの共起化：米国における論文・特許データベースを用いた分析,作者讨论论文,C:\Users\WINDOWS\OneDrive\知识库\智库信息爬虫\国际主要科技智库观点演变_研判\03_证据底稿\原文PDF\C-NISTEP-DP160-06A13D36.pdf,C:\Users\WINDOWS\OneDrive\知识库\智库信息爬虫\国际主要科技智库观点演变_研判\03_证据底稿\文本\C-NISTEP-DP160-06A13D36.txt,http://hdl.handle.net/11035/3205,官方PDF已保存并校验
科研体系、资助与研究基础,核心科技直接材料,C-NISTEP-DP160-06A13D36,2018-07-01,W1,AIにおけるサイエンスとイノベーションの共起化：米国における論文・特許データベースを用いた分析,作者讨论论文,C:\Users\WINDOWS\OneDrive\知识库\智库信息爬虫\国际主要科技智库观点演变_研判\03_证据底稿\原文PDF\C-NISTEP-DP160-06A13D36.pdf,C:\Users\WINDOWS\OneDrive\知识库\智库信息爬虫\国际主要科技智库观点演变_研判\03_证据底稿\文本\C-NISTEP-DP160-06A13D36.txt,http://hdl.handle.net/11035/3205,官方PDF已保存并校验
科技人才、博士与职业流动,核心科技直接材料,C-NISTEP-DP160-06A13D36,2018-07-01,W1,AIにおけるサイエンスとイノベーションの共起化：米国における論文・特許データベースを用いた分析,作者讨论论文,C:\Users\WINDOWS\OneDrive\知识库\智库信息爬虫\国际主要科技智库观点演变_研判\03_证据底稿\原文PDF\C-NISTEP-DP160-06A13D36.pdf,C:\Users\WINDOWS\OneDrive\知识库\智库信息爬虫\国际主要科技智库观点演变_研判\03_证据底稿\文本\C-NISTEP-DP160-06A13D36.txt,http://hdl.handle.net/11035/3205,官方PDF已保存并校验
企业研发、创新与产学合作,核心科技直接材料,C-NISTEP-DP160-06A13D36,2018-07-01,W1,AIにおけるサイエンスとイノベーションの共起化：米国における論文・特許データベースを用いた分析,作者讨论论文,C:\Users\WINDOWS\OneDrive\知识库\智库信息爬虫\国际主要科技智库观点演变_研判\03_证据底稿\原文PDF\C-NISTEP-DP160-06A13D36.pdf,C:\Users\WINDOWS\OneDrive\知识库\智库信息爬虫\国际主要科技智库观点演变_研判\03_证据底稿\文本\C-NISTEP-DP160-06A13D36.txt,http://hdl.handle.net/11035/3205,官方PDF已保存并校验
科技前瞻、新兴议题与社会,核心科技直接材料,C-NISTEP-DP160-06A13D36,2018-07-01,W1,AIにおけるサイエンスとイノベーションの共起化：米国における論文・特許データベースを用いた分析,作者讨论论文,C:\Users\WINDOWS\OneDrive\知识库\智库信息爬虫\国际主要科技智库观点演变_研判\03_证据底稿\原文PDF\C-NISTEP-DP160-06A13D36.pdf,C:\Users\WINDOWS\OneDrive\知识库\智库信息爬虫\国际主要科技智库观点演变_研判\03_证据底稿\文本\C-NISTEP-DP160-06A13D36.txt,http://hdl.handle.net/11035/3205,官方PDF已保存并校验
开放科学、研究诚信与治理,核心科技直接材料,C-NISTEP-DP160-06A13D36,2018-07-01,W1,AIにおけるサイエンスとイノベーションの共起化：米国における論文・特許データベースを用いた分析,作者讨论论文,C:\Users\WINDOWS\OneDrive\知识库\智库信息爬虫\国际主要科技智库观点演变_研判\03_证据底稿\原文PDF\C-NISTEP-DP160-06A13D36.pdf,C:\Users\WINDOWS\OneDrive\知识库\智库信息爬虫\国际主要科技智库观点演变_研判\03_证据底稿\文本\C-NISTEP-DP160-06A13D36.txt,http://hdl.handle.net/11035/3205,官方PDF已保存并校验
人工智能、数据与数字技术,科技创新政策与能力基线,C-NISTEP-RM274-F928E14F,2018-08-01,W1,科学技術指標2018,机构正式研究,C:\Users\WINDOWS\OneDrive\知识库\智库信息爬虫\国际主要科技智库观点演变_研判\03_证据底稿\原文PDF\C-NISTEP-RM274-F928E14F.pdf,C:\Users\WINDOWS\OneDrive\知识库\智库信息爬虫\国际主要科技智库观点演变_研判\03_证据底稿\文本\C-NISTEP-RM274-F928E14F.txt,http://hdl.handle.net/11035/3208,官方PDF已保存并校验
关键技术、专利与产业竞争力,科技创新政策与能力基线,C-NISTEP-RM274-F928E14F,2018-08-01,W1,科学技術指標2018,机构正式研究,C:\Users\WINDOWS\OneDrive\知识库\智库信息爬虫\国际主要科技智库观点演变_研判\03_证据底稿\原文PDF\C-NISTEP-RM274-F928E14F.pdf,C:\Users\WINDOWS\OneDrive\知识库\智库信息爬虫\国际主要科技智库观点演变_研判\03_证据底稿\文本\C-NISTEP-RM274-F928E14F.txt,http://hdl.handle.net/11035/3208,官方PDF已保存并校验
科技指标、论文与国际比较,科技创新政策与能力基线,C-NISTEP-RM274-F928E14F,2018-08-01,W1,科学技術指標2018,机构正式研究,C:\Users\WINDOWS\OneDrive\知识库\智库信息爬虫\国际主要科技智库观点演变_研判\03_证据底稿\原文PDF\C-NISTEP-RM274-F928E14F.pdf,C:\Users\WINDOWS\OneDrive\知识库\智库信息爬虫\国际主要科技智库观点演变_研判\03_证据底稿\文本\C-NISTEP-RM274-F928E14F.txt,http://hdl.handle.net/11035/3208,官方PDF已保存并校验
科研体系、资助与研究基础,科技创新政策与能力基线,C-NISTEP-RM274-F928E14F,2018-08-01,W1,科学技術指標2018,机构正式研究,C:\Users\WINDOWS\OneDrive\知识库\智库信息爬虫\国际主要科技智库观点演变_研判\03_证据底稿\原文PDF\C-NISTEP-RM274-F928E14F.pdf,C:\Users\WINDOWS\OneDrive\知识库\智库信息爬虫\国际主要科技智库观点演变_研判\03_证据底稿\文本\C-NISTEP-RM274-F928E14F.txt,http://hdl.handle.net/11035/3208,官方PDF已保存并校验
科技人才、博士与职业流动,科技创新政策与能力基线,C-NISTEP-RM274-F928E14F,2018-08-01,W1,科学技術指標2018,机构正式研究,C:\Users\WINDOWS\OneDrive\知识库\智库信息爬虫\国际主要科技智库观点演变_研判\03_证据底稿\原文PDF\C-NISTEP-RM274-F928E14F.pdf,C:\Users\WINDOWS\OneDrive\知识库\智库信息爬虫\国际主要科技智库观点演变_研判\03_证据底稿\文本\C-NISTEP-RM274-F928E14F.txt,http://hdl.handle.net/11035/3208,官方PDF已保存并校验
企业研发、创新与产学合作,科技创新政策与能力基线,C-NISTEP-RM274-F928E14F,2018-08-01,W1,科学技術指標2018,机构正式研究,C:\Users\WINDOWS\OneDrive\知识库\智库信息爬虫\国际主要科技智库观点演变_研判\03_证据底稿\原文PDF\C-NISTEP-RM274-F928E14F.pdf,C:\Users\WINDOWS\OneDrive\知识库\智库信息爬虫\国际主要科技智库观点演变_研判\03_证据底稿\文本\C-NISTEP-RM274-F928E14F.txt,http://hdl.handle.net/11035/3208,官方PDF已保存并校验
开放科学、研究诚信与治理,科技创新政策与能力基线,C-NISTEP-RM274-F928E14F,2018-08-01,W1,科学技術指標2018,机构正式研究,C:\Users\WINDOWS\OneDrive\知识库\智库信息爬虫\国际主要科技智库观点演变_研判\03_证据底稿\原文PDF\C-NISTEP-RM274-F928E14F.pdf,C:\Users\WINDOWS\OneDrive\知识库\智库信息爬虫\国际主要科技智库观点演变_研判\03_证据底稿\文本\C-NISTEP-RM274-F928E14F.txt,http://hdl.handle.net/11035/3208,官方PDF已保存并校验
人工智能、数据与数字技术,科技创新政策与能力基线,C-NISTEP-RM275-06E4AAE0,2018-09-01,W1,第8 回予測国際会議「未来の戦略構築に貢献するための予測」開催報告,机构正式研究,C:\Users\WINDOWS\OneDrive\知识库\智库信息爬虫\国际主要科技智库观点演变_研判\03_证据底稿\原文PDF\C-NISTEP-RM275-06E4AAE0.pdf,C:\Users\WINDOWS\OneDrive\知识库\智库信息爬虫\国际主要科技智库观点演变_研判\03_证据底稿\文本\C-NISTEP-RM275-06E4AAE0.txt,http://hdl.handle.net/11035/3209,官方PDF已保存并校验
科技指标、论文与国际比较,科技创新政策与能力基线,C-NISTEP-RM275-06E4AAE0,2018-09-01,W1,第8 回予測国際会議「未来の戦略構築に貢献するための予測」開催報告,机构正式研究,C:\Users\WINDOWS\OneDrive\知识库\智库信息爬虫\国际主要科技智库观点演变_研判\03_证据底稿\原文PDF\C-NISTEP-RM275-06E4AAE0.pdf,C:\Users\WINDOWS\OneDrive\知识库\智库信息爬虫\国际主要科技智库观点演变_研判\03_证据底稿\文本\C-NISTEP-RM275-06E4AAE0.txt,http://hdl.handle.net/11035/3209,官方PDF已保存并校验
科研体系、资助与研究基础,科技创新政策与能力基线,C-NISTEP-RM275-06E4AAE0,2018-09-01,W1,第8 回予測国際会議「未来の戦略構築に貢献するための予測」開催報告,机构正式研究,C:\Users\WINDOWS\OneDrive\知识库\智库信息爬虫\国际主要科技智库观点演变_研判\03_证据底稿\原文PDF\C-NISTEP-RM275-06E4AAE0.pdf,C:\Users\WINDOWS\OneDrive\知识库\智库信息爬虫\国际主要科技智库观点演变_研判\03_证据底稿\文本\C-NISTEP-RM275-06E4AAE0.txt,http://hdl.handle.net/11035/3209,官方PDF已保存并校验
科技人才、博士与职业流动,科技创新政策与能力基线,C-NISTEP-RM275-06E4AAE0,2018-09-01,W1,第8 回予測国際会議「未来の戦略構築に貢献するための予測」開催報告,机构正式研究,C:\Users\WINDOWS\OneDrive\知识库\智库信息爬虫\国际主要科技智库观点演变_研判\03_证据底稿\原文PDF\C-NISTEP-RM275-06E4AAE0.pdf,C:\Users\WINDOWS\OneDrive\知识库\智库信息爬虫\国际主要科技智库观点演变_研判\03_证据底稿\文本\C-NISTEP-RM275-06E4AAE0.txt,http://hdl.handle.net/11035/3209,官方PDF已保存并校验
企业研发、创新与产学合作,科技创新政策与能力基线,C-NISTEP-RM275-06E4AAE0,2018-09-01,W1,第8 回予測国際会議「未来の戦略構築に貢献するための予測」開催報告,机构正式研究,C:\Users\WINDOWS\OneDrive\知识库\智库信息爬虫\国际主要科技智库观点演变_研判\03_证据底稿\原文PDF\C-NISTEP-RM275-06E4AAE0.pdf,C:\Users\WINDOWS\OneDrive\知识库\智库信息爬虫\国际主要科技智库观点演变_研判\03_证据底稿\文本\C-NISTEP-RM275-06E4AAE0.txt,http://hdl.handle.net/11035/3209,官方PDF已保存并校验
科技前瞻、新兴议题与社会,科技创新政策与能力基线,C-NISTEP-RM275-06E4AAE0,2018-09-01,W1,第8 回予測国際会議「未来の戦略構築に貢献するための予測」開催報告,机构正式研究,C:\Users\WINDOWS\OneDrive\知识库\智库信息爬虫\国际主要科技智库观点演变_研判\03_证据底稿\原文PDF\C-NISTEP-RM275-06E4AAE0.pdf,C:\Users\WINDOWS\OneDrive\知识库\智库信息爬虫\国际主要科技智库观点演变_研判\03_证据底稿\文本\C-NISTEP-RM275-06E4AAE0.txt,http://hdl.handle.net/11035/3209,官方PDF已保存并校验
开放科学、研究诚信与治理,科技创新政策与能力基线,C-NISTEP-RM275-06E4AAE0,2018-09-01,W1,第8 回予測国際会議「未来の戦略構築に貢献するための予測」開催報告,机构正式研究,C:\Users\WINDOWS\OneDrive\知识库\智库信息爬虫\国际主要科技智库观点演变_研判\03_证据底稿\原文PDF\C-NISTEP-RM275-06E4AAE0.pdf,C:\Users\WINDOWS\OneDrive\知识库\智库信息爬虫\国际主要科技智库观点演变_研判\03_证据底稿\文本\C-NISTEP-RM275-06E4AAE0.txt,http://hdl.handle.net/11035/3209,官方PDF已保存并校验
人工智能、数据与数字技术,科技创新政策与能力基线,C-NISTEP-RM276-F392199B,2018-09-01,W1,第11 回科学技術予測調査 2040 年に目指す社会の検討（ワークショップ報告）,机构正式研究,C:\Users\WINDOWS\OneDrive\知识库\智库信息爬虫\国际主要科技智库观点演变_研判\03_证据底稿\原文PDF\C-NISTEP-RM276-F392199B.pdf,C:\Users\WINDOWS\OneDrive\知识库\智库信息爬虫\国际主要科技智库观点演变_研判\03_证据底稿\文本\C-NISTEP-RM276-F392199B.txt,http://hdl.handle.net/11035/3211,官方PDF已保存并校验
关键技术、专利与产业竞争力,科技创新政策与能力基线,C-NISTEP-RM276-F392199B,2018-09-01,W1,第11 回科学技術予測調査 2040 年に目指す社会の検討（ワークショップ報告）,机构正式研究,C:\Users\WINDOWS\OneDrive\知识库\智库信息爬虫\国际主要科技智库观点演变_研判\03_证据底稿\原文PDF\C-NISTEP-RM276-F392199B.pdf,C:\Users\WINDOWS\OneDrive\知识库\智库信息爬虫\国际主要科技智库观点演变_研判\03_证据底稿\文本\C-NISTEP-RM276-F392199B.txt,http://hdl.handle.net/11035/3211,官方PDF已保存并校验
科技指标、论文与国际比较,科技创新政策与能力基线,C-NISTEP-RM276-F392199B,2018-09-01,W1,第11 回科学技術予測調査 2040 年に目指す社会の検討（ワークショップ報告）,机构正式研究,C:\Users\WINDOWS\OneDrive\知识库\智库信息爬虫\国际主要科技智库观点演变_研判\03_证据底稿\原文PDF\C-NISTEP-RM276-F392199B.pdf,C:\Users\WINDOWS\OneDrive\知识库\智库信息爬虫\国际主要科技智库观点演变_研判\03_证据底稿\文本\C-NISTEP-RM276-F392199B.txt,http://hdl.handle.net/11035/3211,官方PDF已保存并校验
企业研发、创新与产学合作,科技创新政策与能力基线,C-NISTEP-RM276-F392199B,2018-09-01,W1,第11 回科学技術予測調査 2040 年に目指す社会の検討（ワークショップ報告）,机构正式研究,C:\Users\WINDOWS\OneDrive\知识库\智库信息爬虫\国际主要科技智库观点演变_研判\03_证据底稿\原文PDF\C-NISTEP-RM276-F392199B.pdf,C:\Users\WINDOWS\OneDrive\知识库\智库信息爬虫\国际主要科技智库观点演变_研判\03_证据底稿\文本\C-NISTEP-RM276-F392199B.txt,http://hdl.handle.net/11035/3211,官方PDF已保存并校验
科技前瞻、新兴议题与社会,科技创新政策与能力基线,C-NISTEP-RM276-F392199B,2018-09-01,W1,第11 回科学技術予測調査 2040 年に目指す社会の検討（ワークショップ報告）,机构正式研究,C:\Users\WINDOWS\OneDrive\知识库\智库信息爬虫\国际主要科技智库观点演变_研判\03_证据底稿\原文PDF\C-NISTEP-RM276-F392199B.pdf,C:\Users\WINDOWS\OneDrive\知识库\智库信息爬虫\国际主要科技智库观点演变_研判\03_证据底稿\文本\C-NISTEP-RM276-F392199B.txt,http://hdl.handle.net/11035/3211,官方PDF已保存并校验
人工智能、数据与数字技术,科技创新政策与能力基线,C-NISTEP-RM277-F5D9F379,2018-09-01,W1,国民総市場新規プロダクト・イノベーション売上高：新プロダクトの市場への導入の経済効果に関する新たな指標の提案と試行的推計,机构正式研究,C:\Users\WINDOWS\OneDrive\知识库\智库信息爬虫\国际主要科技智库观点演变_研判\03_证据底稿\原文PDF\C-NISTEP-RM277-F5D9F379.pdf,C:\Users\WINDOWS\OneDrive\知识库\智库信息爬虫\国际主要科技智库观点演变_研判\03_证据底稿\文本\C-NISTEP-RM277-F5D9F379.txt,http://hdl.handle.net/11035/3210,官方PDF已保存并校验
科技指标、论文与国际比较,科技创新政策与能力基线,C-NISTEP-RM277-F5D9F379,2018-09-01,W1,国民総市場新規プロダクト・イノベーション売上高：新プロダクトの市場への導入の経済効果に関する新たな指標の提案と試行的推計,机构正式研究,C:\Users\WINDOWS\OneDrive\知识库\智库信息爬虫\国际主要科技智库观点演变_研判\03_证据底稿\原文PDF\C-NISTEP-RM277-F5D9F379.pdf,C:\Users\WINDOWS\OneDrive\知识库\智库信息爬虫\国际主要科技智库观点演变_研判\03_证据底稿\文本\C-NISTEP-RM277-F5D9F379.txt,http://hdl.handle.net/11035/3210,官方PDF已保存并校验
科研体系、资助与研究基础,科技创新政策与能力基线,C-NISTEP-RM277-F5D9F379,2018-09-01,W1,国民総市場新規プロダクト・イノベーション売上高：新プロダクトの市場への導入の経済効果に関する新たな指標の提案と試行的推計,机构正式研究,C:\Users\WINDOWS\OneDrive\知识库\智库信息爬虫\国际主要科技智库观点演变_研判\03_证据底稿\原文PDF\C-NISTEP-RM277-F5D9F379.pdf,C:\Users\WINDOWS\OneDrive\知识库\智库信息爬虫\国际主要科技智库观点演变_研判\03_证据底稿\文本\C-NISTEP-RM277-F5D9F379.txt,http://hdl.handle.net/11035/3210,官方PDF已保存并校验
科技人才、博士与职业流动,科技创新政策与能力基线,C-NISTEP-RM277-F5D9F379,2018-09-01,W1,国民総市場新規プロダクト・イノベーション売上高：新プロダクトの市場への導入の経済効果に関する新たな指標の提案と試行的推計,机构正式研究,C:\Users\WINDOWS\OneDrive\知识库\智库信息爬虫\国际主要科技智库观点演变_研判\03_证据底稿\原文PDF\C-NISTEP-RM277-F5D9F379.pdf,C:\Users\WINDOWS\OneDrive\知识库\智库信息爬虫\国际主要科技智库观点演变_研判\03_证据底稿\文本\C-NISTEP-RM277-F5D9F379.txt,http://hdl.handle.net/11035/3210,官方PDF已保存并校验
企业研发、创新与产学合作,科技创新政策与能力基线,C-NISTEP-RM277-F5D9F379,2018-09-01,W1,国民総市場新規プロダクト・イノベーション売上高：新プロダクトの市場への導入の経済効果に関する新たな指標の提案と試行的推計,机构正式研究,C:\Users\WINDOWS\OneDrive\知识库\智库信息爬虫\国际主要科技智库观点演变_研判\03_证据底稿\原文PDF\C-NISTEP-RM277-F5D9F379.pdf,C:\Users\WINDOWS\OneDrive\知识库\智库信息爬虫\国际主要科技智库观点演变_研判\03_证据底稿\文本\C-NISTEP-RM277-F5D9F379.txt,http://hdl.handle.net/11035/3210,官方PDF已保存并校验
开放科学、研究诚信与治理,科技创新政策与能力基线,C-NISTEP-RM277-F5D9F379,2018-09-01,W1,国民総市場新規プロダクト・イノベーション売上高：新プロダクトの市場への導入の経済効果に関する新たな指標の提案と試行的推計,机构正式研究,C:\Users\WINDOWS\OneDrive\知识库\智库信息爬虫\国际主要科技智库观点演变_研判\03_证据底稿\原文PDF\C-NISTEP-RM277-F5D9F379.pdf,C:\Users\WINDOWS\OneDrive\知识库\智库信息爬虫\国际主要科技智库观点演变_研判\03_证据底稿\文本\C-NISTEP-RM277-F5D9F379.txt,http://hdl.handle.net/11035/3210,官方PDF已保存并校验
人工智能、数据与数字技术,科技创新政策与能力基线,C-NISTEP-DP161-ED8AE5D6,2018-10-01,W1,研究費属性と大学の技術開発の関係について,作者讨论论文,C:\Users\WINDOWS\OneDrive\知识库\智库信息爬虫\国际主要科技智库观点演变_研判\03_证据底稿\原文PDF\C-NISTEP-DP161-ED8AE5D6.pdf,C:\Users\WINDOWS\OneDrive\知识库\智库信息爬虫\国际主要科技智库观点演变_研判\03_证据底稿\文本\C-NISTEP-DP161-ED8AE5D6.txt,http://hdl.handle.net/11035/3212,官方PDF已保存并校验
关键技术、专利与产业竞争力,科技创新政策与能力基线,C-NISTEP-DP161-ED8AE5D6,2018-10-01,W1,研究費属性と大学の技術開発の関係について,作者讨论论文,C:\Users\WINDOWS\OneDrive\知识库\智库信息爬虫\国际主要科技智库观点演变_研判\03_证据底稿\原文PDF\C-NISTEP-DP161-ED8AE5D6.pdf,C:\Users\WINDOWS\OneDrive\知识库\智库信息爬虫\国际主要科技智库观点演变_研判\03_证据底稿\文本\C-NISTEP-DP161-ED8AE5D6.txt,http://hdl.handle.net/11035/3212,官方PDF已保存并校验
科技指标、论文与国际比较,科技创新政策与能力基线,C-NISTEP-DP161-ED8AE5D6,2018-10-01,W1,研究費属性と大学の技術開発の関係について,作者讨论论文,C:\Users\WINDOWS\OneDrive\知识库\智库信息爬虫\国际主要科技智库观点演变_研判\03_证据底稿\原文PDF\C-NISTEP-DP161-ED8AE5D6.pdf,C:\Users\WINDOWS\OneDrive\知识库\智库信息爬虫\国际主要科技智库观点演变_研判\03_证据底稿\文本\C-NISTEP-DP161-ED8AE5D6.txt,http://hdl.handle.net/11035/3212,官方PDF已保存并校验
科研体系、资助与研究基础,科技创新政策与能力基线,C-NISTEP-DP161-ED8AE5D6,2018-10-01,W1,研究費属性と大学の技術開発の関係について,作者讨论论文,C:\Users\WINDOWS\OneDrive\知识库\智库信息爬虫\国际主要科技智库观点演变_研判\03_证据底稿\原文PDF\C-NISTEP-DP161-ED8AE5D6.pdf,C:\Users\WINDOWS\OneDrive\知识库\智库信息爬虫\国际主要科技智库观点演变_研判\03_证据底稿\文本\C-NISTEP-DP161-ED8AE5D6.txt,http://hdl.handle.net/11035/3212,官方PDF已保存并校验
企业研发、创新与产学合作,科技创新政策与能力基线,C-NISTEP-DP161-ED8AE5D6,2018-10-01,W1,研究費属性と大学の技術開発の関係について,作者讨论论文,C:\Users\WINDOWS\OneDrive\知识库\智库信息爬虫\国际主要科技智库观点演变_研判\03_证据底稿\原文PDF\C-NISTEP-DP161-ED8AE5D6.pdf,C:\Users\WINDOWS\OneDrive\知识库\智库信息爬虫\国际主要科技智库观点演变_研判\03_证据底稿\文本\C-NISTEP-DP161-ED8AE5D6.txt,http://hdl.handle.net/11035/3212,官方PDF已保存并校验
人工智能、数据与数字技术,科技创新政策与能力基线,C-NISTEP-DP162-C0A021BF,2018-10-01,W1,Microsoft academic graph の書誌情報データとしての評価,作者讨论论文,C:\Users\WINDOWS\OneDrive\知识库\智库信息爬虫\国际主要科技智库观点演变_研判\03_证据底稿\原文PDF\C-NISTEP-DP162-C0A021BF.pdf,C:\Users\WINDOWS\OneDrive\知识库\智库信息爬虫\国际主要科技智库观点演变_研判\03_证据底稿\文本\C-NISTEP-DP162-C0A021BF.txt,http://hdl.handle.net/11035/3215,官方PDF已保存并校验
科技指标、论文与国际比较,科技创新政策与能力基线,C-NISTEP-DP162-C0A021BF,2018-10-01,W1,Microsoft academic graph の書誌情報データとしての評価,作者讨论论文,C:\Users\WINDOWS\OneDrive\知识库\智库信息爬虫\国际主要科技智库观点演变_研判\03_证据底稿\原文PDF\C-NISTEP-DP162-C0A021BF.pdf,C:\Users\WINDOWS\OneDrive\知识库\智库信息爬虫\国际主要科技智库观点演变_研判\03_证据底稿\文本\C-NISTEP-DP162-C0A021BF.txt,http://hdl.handle.net/11035/3215,官方PDF已保存并校验
科研体系、资助与研究基础,科技创新政策与能力基线,C-NISTEP-DP162-C0A021BF,2018-10-01,W1,Microsoft academic graph の書誌情報データとしての評価,作者讨论论文,C:\Users\WINDOWS\OneDrive\知识库\智库信息爬虫\国际主要科技智库观点演变_研判\03_证据底稿\原文PDF\C-NISTEP-DP162-C0A021BF.pdf,C:\Users\WINDOWS\OneDrive\知识库\智库信息爬虫\国际主要科技智库观点演变_研判\03_证据底稿\文本\C-NISTEP-DP162-C0A021BF.txt,http://hdl.handle.net/11035/3215,官方PDF已保存并校验
科技人才、博士与职业流动,科技创新政策与能力基线,C-NISTEP-DP162-C0A021BF,2018-10-01,W1,Microsoft academic graph の書誌情報データとしての評価,作者讨论论文,C:\Users\WINDOWS\OneDrive\知识库\智库信息爬虫\国际主要科技智库观点演变_研判\03_证据底稿\原文PDF\C-NISTEP-DP162-C0A021BF.pdf,C:\Users\WINDOWS\OneDrive\知识库\智库信息爬虫\国际主要科技智库观点演变_研判\03_证据底稿\文本\C-NISTEP-DP162-C0A021BF.txt,http://hdl.handle.net/11035/3215,官方PDF已保存并校验
开放科学、研究诚信与治理,科技创新政策与能力基线,C-NISTEP-DP162-C0A021BF,2018-10-01,W1,Microsoft academic graph の書誌情報データとしての評価,作者讨论论文,C:\Users\WINDOWS\OneDrive\知识库\智库信息爬虫\国际主要科技智库观点演变_研判\03_证据底稿\原文PDF\C-NISTEP-DP162-C0A021BF.pdf,C:\Users\WINDOWS\OneDrive\知识库\智库信息爬虫\国际主要科技智库观点演变_研判\03_证据底稿\文本\C-NISTEP-DP162-C0A021BF.txt,http://hdl.handle.net/11035/3215,官方PDF已保存并校验
中国科技能力与国际比较,科技创新政策与能力基线,C-NISTEP-DP162-C0A021BF,2018-10-01,W1,Microsoft academic graph の書誌情報データとしての評価,作者讨论论文,C:\Users\WINDOWS\OneDrive\知识库\智库信息爬虫\国际主要科技智库观点演变_研判\03_证据底稿\原文PDF\C-NISTEP-DP162-C0A021BF.pdf,C:\Users\WINDOWS\OneDrive\知识库\智库信息爬虫\国际主要科技智库观点演变_研判\03_证据底稿\文本\C-NISTEP-DP162-C0A021BF.txt,http://hdl.handle.net/11035/3215,官方PDF已保存并校验
人工智能、数据与数字技术,科技创新政策与能力基线,C-NISTEP-NR178-7C5F579F,2018-10-01,W1,サイエンスマップ2016ー論文データベース分析（2011-2016年）による注目される研究領域の動向調査ー,机构正式研究,C:\Users\WINDOWS\OneDrive\知识库\智库信息爬虫\国际主要科技智库观点演变_研判\03_证据底稿\原文PDF\C-NISTEP-NR178-7C5F579F.pdf,C:\Users\WINDOWS\OneDrive\知识库\智库信息爬虫\国际主要科技智库观点演变_研判\03_证据底稿\文本\C-NISTEP-NR178-7C5F579F.txt,http://hdl.handle.net/11035/3213,官方PDF已保存并校验
科技指标、论文与国际比较,科技创新政策与能力基线,C-NISTEP-NR178-7C5F579F,2018-10-01,W1,サイエンスマップ2016ー論文データベース分析（2011-2016年）による注目される研究領域の動向調査ー,机构正式研究,C:\Users\WINDOWS\OneDrive\知识库\智库信息爬虫\国际主要科技智库观点演变_研判\03_证据底稿\原文PDF\C-NISTEP-NR178-7C5F579F.pdf,C:\Users\WINDOWS\OneDrive\知识库\智库信息爬虫\国际主要科技智库观点演变_研判\03_证据底稿\文本\C-NISTEP-NR178-7C5F579F.txt,http://hdl.handle.net/11035/3213,官方PDF已保存并校验
科研体系、资助与研究基础,科技创新政策与能力基线,C-NISTEP-NR178-7C5F579F,2018-10-01,W1,サイエンスマップ2016ー論文データベース分析（2011-2016年）による注目される研究領域の動向調査ー,机构正式研究,C:\Users\WINDOWS\OneDrive\知识库\智库信息爬虫\国际主要科技智库观点演变_研判\03_证据底稿\原文PDF\C-NISTEP-NR178-7C5F579F.pdf,C:\Users\WINDOWS\OneDrive\知识库\智库信息爬虫\国际主要科技智库观点演变_研判\03_证据底稿\文本\C-NISTEP-NR178-7C5F579F.txt,http://hdl.handle.net/11035/3213,官方PDF已保存并校验
科技前瞻、新兴议题与社会,科技创新政策与能力基线,C-NISTEP-NR178-7C5F579F,2018-10-01,W1,サイエンスマップ2016ー論文データベース分析（2011-2016年）による注目される研究領域の動向調査ー,机构正式研究,C:\Users\WINDOWS\OneDrive\知识库\智库信息爬虫\国际主要科技智库观点演变_研判\03_证据底稿\原文PDF\C-NISTEP-NR178-7C5F579F.pdf,C:\Users\WINDOWS\OneDrive\知识库\智库信息爬虫\国际主要科技智库观点演变_研判\03_证据底稿\文本\C-NISTEP-NR178-7C5F579F.txt,http://hdl.handle.net/11035/3213,官方PDF已保存并校验
中国科技能力与国际比较,科技创新政策与能力基线,C-NISTEP-NR178-7C5F579F,2018-10-01,W1,サイエンスマップ2016ー論文データベース分析（2011-2016年）による注目される研究領域の動向調査ー,机构正式研究,C:\Users\WINDOWS\OneDrive\知识库\智库信息爬虫\国际主要科技智库观点演变_研判\03_证据底稿\原文PDF\C-NISTEP-NR178-7C5F579F.pdf,C:\Users\WINDOWS\OneDrive\知识库\智库信息爬虫\国际主要科技智库观点演变_研判\03_证据底稿\文本\C-NISTEP-NR178-7C5F579F.txt,http://hdl.handle.net/11035/3213,官方PDF已保存并校验
人工智能、数据与数字技术,科技创新政策与能力基线,C-NISTEP-DP163-5AE6855D,2018-11-01,W1,オープンサイエンスの社会課題解決に対する貢献－マルチステークホルダー・ワークショップによる予測－,作者讨论论文,C:\Users\WINDOWS\OneDrive\知识库\智库信息爬虫\国际主要科技智库观点演变_研判\03_证据底稿\原文PDF\C-NISTEP-DP163-5AE6855D.pdf,C:\Users\WINDOWS\OneDrive\知识库\智库信息爬虫\国际主要科技智库观点演变_研判\03_证据底稿\文本\C-NISTEP-DP163-5AE6855D.txt,http://hdl.handle.net/11035/3216,官方PDF已保存并校验
科技指标、论文与国际比较,科技创新政策与能力基线,C-NISTEP-DP163-5AE6855D,2018-11-01,W1,オープンサイエンスの社会課題解決に対する貢献－マルチステークホルダー・ワークショップによる予測－,作者讨论论文,C:\Users\WINDOWS\OneDrive\知识库\智库信息爬虫\国际主要科技智库观点演变_研判\03_证据底稿\原文PDF\C-NISTEP-DP163-5AE6855D.pdf,C:\Users\WINDOWS\OneDrive\知识库\智库信息爬虫\国际主要科技智库观点演变_研判\03_证据底稿\文本\C-NISTEP-DP163-5AE6855D.txt,http://hdl.handle.net/11035/3216,官方PDF已保存并校验
科研体系、资助与研究基础,科技创新政策与能力基线,C-NISTEP-DP163-5AE6855D,2018-11-01,W1,オープンサイエンスの社会課題解決に対する貢献－マルチステークホルダー・ワークショップによる予測－,作者讨论论文,C:\Users\WINDOWS\OneDrive\知识库\智库信息爬虫\国际主要科技智库观点演变_研判\03_证据底稿\原文PDF\C-NISTEP-DP163-5AE6855D.pdf,C:\Users\WINDOWS\OneDrive\知识库\智库信息爬虫\国际主要科技智库观点演变_研判\03_证据底稿\文本\C-NISTEP-DP163-5AE6855D.txt,http://hdl.handle.net/11035/3216,官方PDF已保存并校验
科技人才、博士与职业流动,科技创新政策与能力基线,C-NISTEP-DP163-5AE6855D,2018-11-01,W1,オープンサイエンスの社会課題解決に対する貢献－マルチステークホルダー・ワークショップによる予測－,作者讨论论文,C:\Users\WINDOWS\OneDrive\知识库\智库信息爬虫\国际主要科技智库观点演变_研判\03_证据底稿\原文PDF\C-NISTEP-DP163-5AE6855D.pdf,C:\Users\WINDOWS\OneDrive\知识库\智库信息爬虫\国际主要科技智库观点演变_研判\03_证据底稿\文本\C-NISTEP-DP163-5AE6855D.txt,http://hdl.handle.net/11035/3216,官方PDF已保存并校验
企业研发、创新与产学合作,科技创新政策与能力基线,C-NISTEP-DP163-5AE6855D,2018-11-01,W1,オープンサイエンスの社会課題解決に対する貢献－マルチステークホルダー・ワークショップによる予測－,作者讨论论文,C:\Users\WINDOWS\OneDrive\知识库\智库信息爬虫\国际主要科技智库观点演变_研判\03_证据底稿\原文PDF\C-NISTEP-DP163-5AE6855D.pdf,C:\Users\WINDOWS\OneDrive\知识库\智库信息爬虫\国际主要科技智库观点演变_研判\03_证据底稿\文本\C-NISTEP-DP163-5AE6855D.txt,http://hdl.handle.net/11035/3216,官方PDF已保存并校验
科技前瞻、新兴议题与社会,科技创新政策与能力基线,C-NISTEP-DP163-5AE6855D,2018-11-01,W1,オープンサイエンスの社会課題解決に対する貢献－マルチステークホルダー・ワークショップによる予測－,作者讨论论文,C:\Users\WINDOWS\OneDrive\知识库\智库信息爬虫\国际主要科技智库观点演变_研判\03_证据底稿\原文PDF\C-NISTEP-DP163-5AE6855D.pdf,C:\Users\WINDOWS\OneDrive\知识库\智库信息爬虫\国际主要科技智库观点演变_研判\03_证据底稿\文本\C-NISTEP-DP163-5AE6855D.txt,http://hdl.handle.net/11035/3216,官方PDF已保存并校验
开放科学、研究诚信与治理,科技创新政策与能力基线,C-NISTEP-DP163-5AE6855D,2018-11-01,W1,オープンサイエンスの社会課題解決に対する貢献－マルチステークホルダー・ワークショップによる予測－,作者讨论论文,C:\Users\WINDOWS\OneDrive\知识库\智库信息爬虫\国际主要科技智库观点演变_研判\03_证据底稿\原文PDF\C-NISTEP-DP163-5AE6855D.pdf,C:\Users\WINDOWS\OneDrive\知识库\智库信息爬虫\国际主要科技智库观点演变_研判\03_证据底稿\文本\C-NISTEP-DP163-5AE6855D.txt,http://hdl.handle.net/11035/3216,官方PDF已保存并校验
人工智能、数据与数字技术,科技创新政策与能力基线,C-NISTEP-RM278-EF7236C0,2018-11-01,W1,地域科学技術指標2018,机构正式研究,C:\Users\WINDOWS\OneDrive\知识库\智库信息爬虫\国际主要科技智库观点演变_研判\03_证据底稿\原文PDF\C-NISTEP-RM278-EF7236C0.pdf,C:\Users\WINDOWS\OneDrive\知识库\智库信息爬虫\国际主要科技智库观点演变_研判\03_证据底稿\文本\C-NISTEP-RM278-EF7236C0.txt,http://hdl.handle.net/11035/3217,官方PDF已保存并校验
关键技术、专利与产业竞争力,科技创新政策与能力基线,C-NISTEP-RM278-EF7236C0,2018-11-01,W1,地域科学技術指標2018,机构正式研究,C:\Users\WINDOWS\OneDrive\知识库\智库信息爬虫\国际主要科技智库观点演变_研判\03_证据底稿\原文PDF\C-NISTEP-RM278-EF7236C0.pdf,C:\Users\WINDOWS\OneDrive\知识库\智库信息爬虫\国际主要科技智库观点演变_研判\03_证据底稿\文本\C-NISTEP-RM278-EF7236C0.txt,http://hdl.handle.net/11035/3217,官方PDF已保存并校验
科技指标、论文与国际比较,科技创新政策与能力基线,C-NISTEP-RM278-EF7236C0,2018-11-01,W1,地域科学技術指標2018,机构正式研究,C:\Users\WINDOWS\OneDrive\知识库\智库信息爬虫\国际主要科技智库观点演变_研判\03_证据底稿\原文PDF\C-NISTEP-RM278-EF7236C0.pdf,C:\Users\WINDOWS\OneDrive\知识库\智库信息爬虫\国际主要科技智库观点演变_研判\03_证据底稿\文本\C-NISTEP-RM278-EF7236C0.txt,http://hdl.handle.net/11035/3217,官方PDF已保存并校验
科研体系、资助与研究基础,科技创新政策与能力基线,C-NISTEP-RM278-EF7236C0,2018-11-01,W1,地域科学技術指標2018,机构正式研究,C:\Users\WINDOWS\OneDrive\知识库\智库信息爬虫\国际主要科技智库观点演变_研判\03_证据底稿\原文PDF\C-NISTEP-RM278-EF7236C0.pdf,C:\Users\WINDOWS\OneDrive\知识库\智库信息爬虫\国际主要科技智库观点演变_研判\03_证据底稿\文本\C-NISTEP-RM278-EF7236C0.txt,http://hdl.handle.net/11035/3217,官方PDF已保存并校验
科技人才、博士与职业流动,科技创新政策与能力基线,C-NISTEP-RM278-EF7236C0,2018-11-01,W1,地域科学技術指標2018,机构正式研究,C:\Users\WINDOWS\OneDrive\知识库\智库信息爬虫\国际主要科技智库观点演变_研判\03_证据底稿\原文PDF\C-NISTEP-RM278-EF7236C0.pdf,C:\Users\WINDOWS\OneDrive\知识库\智库信息爬虫\国际主要科技智库观点演变_研判\03_证据底稿\文本\C-NISTEP-RM278-EF7236C0.txt,http://hdl.handle.net/11035/3217,官方PDF已保存并校验
企业研发、创新与产学合作,科技创新政策与能力基线,C-NISTEP-RM278-EF7236C0,2018-11-01,W1,地域科学技術指標2018,机构正式研究,C:\Users\WINDOWS\OneDrive\知识库\智库信息爬虫\国际主要科技智库观点演变_研判\03_证据底稿\原文PDF\C-NISTEP-RM278-EF7236C0.pdf,C:\Users\WINDOWS\OneDrive\知识库\智库信息爬虫\国际主要科技智库观点演变_研判\03_证据底稿\文本\C-NISTEP-RM278-EF7236C0.txt,http://hdl.handle.net/11035/3217,官方PDF已保存并校验
人工智能、数据与数字技术,科技创新政策与能力基线,C-NISTEP-DP164-A60CA9EE,2018-12-01,W1,日本におけるビジネスグループの 構造とパフォーマンス,作者讨论论文,C:\Users\WINDOWS\OneDrive\知识库\智库信息爬虫\国际主要科技智库观点演变_研判\03_证据底稿\原文PDF\C-NISTEP-DP164-A60CA9EE.pdf,C:\Users\WINDOWS\OneDrive\知识库\智库信息爬虫\国际主要科技智库观点演变_研判\03_证据底稿\文本\C-NISTEP-DP164-A60CA9EE.txt,http://hdl.handle.net/11035/3218,官方PDF已保存并校验
关键技术、专利与产业竞争力,科技创新政策与能力基线,C-NISTEP-DP164-A60CA9EE,2018-12-01,W1,日本におけるビジネスグループの 構造とパフォーマンス,作者讨论论文,C:\Users\WINDOWS\OneDrive\知识库\智库信息爬虫\国际主要科技智库观点演变_研判\03_证据底稿\原文PDF\C-NISTEP-DP164-A60CA9EE.pdf,C:\Users\WINDOWS\OneDrive\知识库\智库信息爬虫\国际主要科技智库观点演变_研判\03_证据底稿\文本\C-NISTEP-DP164-A60CA9EE.txt,http://hdl.handle.net/11035/3218,官方PDF已保存并校验
科技指标、论文与国际比较,科技创新政策与能力基线,C-NISTEP-DP164-A60CA9EE,2018-12-01,W1,日本におけるビジネスグループの 構造とパフォーマンス,作者讨论论文,C:\Users\WINDOWS\OneDrive\知识库\智库信息爬虫\国际主要科技智库观点演变_研判\03_证据底稿\原文PDF\C-NISTEP-DP164-A60CA9EE.pdf,C:\Users\WINDOWS\OneDrive\知识库\智库信息爬虫\国际主要科技智库观点演变_研判\03_证据底稿\文本\C-NISTEP-DP164-A60CA9EE.txt,http://hdl.handle.net/11035/3218,官方PDF已保存并校验
科研体系、资助与研究基础,科技创新政策与能力基线,C-NISTEP-DP164-A60CA9EE,2018-12-01,W1,日本におけるビジネスグループの 構造とパフォーマンス,作者讨论论文,C:\Users\WINDOWS\OneDrive\知识库\智库信息爬虫\国际主要科技智库观点演变_研判\03_证据底稿\原文PDF\C-NISTEP-DP164-A60CA9EE.pdf,C:\Users\WINDOWS\OneDrive\知识库\智库信息爬虫\国际主要科技智库观点演变_研判\03_证据底稿\文本\C-NISTEP-DP164-A60CA9EE.txt,http://hdl.handle.net/11035/3218,官方PDF已保存并校验
科技人才、博士与职业流动,科技创新政策与能力基线,C-NISTEP-DP164-A60CA9EE,2018-12-01,W1,日本におけるビジネスグループの 構造とパフォーマンス,作者讨论论文,C:\Users\WINDOWS\OneDrive\知识库\智库信息爬虫\国际主要科技智库观点演变_研判\03_证据底稿\原文PDF\C-NISTEP-DP164-A60CA9EE.pdf,C:\Users\WINDOWS\OneDrive\知识库\智库信息爬虫\国际主要科技智库观点演变_研判\03_证据底稿\文本\C-NISTEP-DP164-A60CA9EE.txt,http://hdl.handle.net/11035/3218,官方PDF已保存并校验
企业研发、创新与产学合作,科技创新政策与能力基线,C-NISTEP-DP164-A60CA9EE,2018-12-01,W1,日本におけるビジネスグループの 構造とパフォーマンス,作者讨论论文,C:\Users\WINDOWS\OneDrive\知识库\智库信息爬虫\国际主要科技智库观点演变_研判\03_证据底稿\原文PDF\C-NISTEP-DP164-A60CA9EE.pdf,C:\Users\WINDOWS\OneDrive\知识库\智库信息爬虫\国际主要科技智库观点演变_研判\03_证据底稿\文本\C-NISTEP-DP164-A60CA9EE.txt,http://hdl.handle.net/11035/3218,官方PDF已保存并校验
人工智能、数据与数字技术,科技创新政策与能力基线,C-NISTEP-DP165-64E7601E,2018-12-01,W1,地域イノベーションシステムに関する意識調査（2016）の要因分析,作者讨论论文,C:\Users\WINDOWS\OneDrive\知识库\智库信息爬虫\国际主要科技智库观点演变_研判\03_证据底稿\原文PDF\C-NISTEP-DP165-64E7601E.pdf,C:\Users\WINDOWS\OneDrive\知识库\智库信息爬虫\国际主要科技智库观点演变_研判\03_证据底稿\文本\C-NISTEP-DP165-64E7601E.txt,http://hdl.handle.net/11035/3220,官方PDF已保存并校验
科技指标、论文与国际比较,科技创新政策与能力基线,C-NISTEP-DP165-64E7601E,2018-12-01,W1,地域イノベーションシステムに関する意識調査（2016）の要因分析,作者讨论论文,C:\Users\WINDOWS\OneDrive\知识库\智库信息爬虫\国际主要科技智库观点演变_研判\03_证据底稿\原文PDF\C-NISTEP-DP165-64E7601E.pdf,C:\Users\WINDOWS\OneDrive\知识库\智库信息爬虫\国际主要科技智库观点演变_研判\03_证据底稿\文本\C-NISTEP-DP165-64E7601E.txt,http://hdl.handle.net/11035/3220,官方PDF已保存并校验
科研体系、资助与研究基础,科技创新政策与能力基线,C-NISTEP-DP165-64E7601E,2018-12-01,W1,地域イノベーションシステムに関する意識調査（2016）の要因分析,作者讨论论文,C:\Users\WINDOWS\OneDrive\知识库\智库信息爬虫\国际主要科技智库观点演变_研判\03_证据底稿\原文PDF\C-NISTEP-DP165-64E7601E.pdf,C:\Users\WINDOWS\OneDrive\知识库\智库信息爬虫\国际主要科技智库观点演变_研判\03_证据底稿\文本\C-NISTEP-DP165-64E7601E.txt,http://hdl.handle.net/11035/3220,官方PDF已保存并校验
科技人才、博士与职业流动,科技创新政策与能力基线,C-NISTEP-DP165-64E7601E,2018-12-01,W1,地域イノベーションシステムに関する意識調査（2016）の要因分析,作者讨论论文,C:\Users\WINDOWS\OneDrive\知识库\智库信息爬虫\国际主要科技智库观点演变_研判\03_证据底稿\原文PDF\C-NISTEP-DP165-64E7601E.pdf,C:\Users\WINDOWS\OneDrive\知识库\智库信息爬虫\国际主要科技智库观点演变_研判\03_证据底稿\文本\C-NISTEP-DP165-64E7601E.txt,http://hdl.handle.net/11035/3220,官方PDF已保存并校验
企业研发、创新与产学合作,科技创新政策与能力基线,C-NISTEP-DP165-64E7601E,2018-12-01,W1,地域イノベーションシステムに関する意識調査（2016）の要因分析,作者讨论论文,C:\Users\WINDOWS\OneDrive\知识库\智库信息爬虫\国际主要科技智库观点演变_研判\03_证据底稿\原文PDF\C-NISTEP-DP165-64E7601E.pdf,C:\Users\WINDOWS\OneDrive\知识库\智库信息爬虫\国际主要科技智库观点演变_研判\03_证据底稿\文本\C-NISTEP-DP165-64E7601E.txt,http://hdl.handle.net/11035/3220,官方PDF已保存并校验
人工智能、数据与数字技术,科技创新政策与能力基线,C-NISTEP-PS016-2B592A13,2018-12-01,W1,兆しを捉えるための新手法～NISTEP のホライズン・スキャニング“KIDSASHI”～,机构正式研究,C:\Users\WINDOWS\OneDrive\知识库\智库信息爬虫\国际主要科技智库观点演变_研判\03_证据底稿\原文PDF\C-NISTEP-PS016-2B592A13.pdf,C:\Users\WINDOWS\OneDrive\知识库\智库信息爬虫\国际主要科技智库观点演变_研判\03_证据底稿\文本\C-NISTEP-PS016-2B592A13.txt,http://hdl.handle.net/11035/3221,官方PDF已保存并校验
关键技术、专利与产业竞争力,科技创新政策与能力基线,C-NISTEP-PS016-2B592A13,2018-12-01,W1,兆しを捉えるための新手法～NISTEP のホライズン・スキャニング“KIDSASHI”～,机构正式研究,C:\Users\WINDOWS\OneDrive\知识库\智库信息爬虫\国际主要科技智库观点演变_研判\03_证据底稿\原文PDF\C-NISTEP-PS016-2B592A13.pdf,C:\Users\WINDOWS\OneDrive\知识库\智库信息爬虫\国际主要科技智库观点演变_研判\03_证据底稿\文本\C-NISTEP-PS016-2B592A13.txt,http://hdl.handle.net/11035/3221,官方PDF已保存并校验
科技指标、论文与国际比较,科技创新政策与能力基线,C-NISTEP-PS016-2B592A13,2018-12-01,W1,兆しを捉えるための新手法～NISTEP のホライズン・スキャニング“KIDSASHI”～,机构正式研究,C:\Users\WINDOWS\OneDrive\知识库\智库信息爬虫\国际主要科技智库观点演变_研判\03_证据底稿\原文PDF\C-NISTEP-PS016-2B592A13.pdf,C:\Users\WINDOWS\OneDrive\知识库\智库信息爬虫\国际主要科技智库观点演变_研判\03_证据底稿\文本\C-NISTEP-PS016-2B592A13.txt,http://hdl.handle.net/11035/3221,官方PDF已保存并校验
科研体系、资助与研究基础,科技创新政策与能力基线,C-NISTEP-PS016-2B592A13,2018-12-01,W1,兆しを捉えるための新手法～NISTEP のホライズン・スキャニング“KIDSASHI”～,机构正式研究,C:\Users\WINDOWS\OneDrive\知识库\智库信息爬虫\国际主要科技智库观点演变_研判\03_证据底稿\原文PDF\C-NISTEP-PS016-2B592A13.pdf,C:\Users\WINDOWS\OneDrive\知识库\智库信息爬虫\国际主要科技智库观点演变_研判\03_证据底稿\文本\C-NISTEP-PS016-2B592A13.txt,http://hdl.handle.net/11035/3221,官方PDF已保存并校验
企业研发、创新与产学合作,科技创新政策与能力基线,C-NISTEP-PS016-2B592A13,2018-12-01,W1,兆しを捉えるための新手法～NISTEP のホライズン・スキャニング“KIDSASHI”～,机构正式研究,C:\Users\WINDOWS\OneDrive\知识库\智库信息爬虫\国际主要科技智库观点演变_研判\03_证据底稿\原文PDF\C-NISTEP-PS016-2B592A13.pdf,C:\Users\WINDOWS\OneDrive\知识库\智库信息爬虫\国际主要科技智库观点演变_研判\03_证据底稿\文本\C-NISTEP-PS016-2B592A13.txt,http://hdl.handle.net/11035/3221,官方PDF已保存并校验
科技前瞻、新兴议题与社会,科技创新政策与能力基线,C-NISTEP-PS016-2B592A13,2018-12-01,W1,兆しを捉えるための新手法～NISTEP のホライズン・スキャニング“KIDSASHI”～,机构正式研究,C:\Users\WINDOWS\OneDrive\知识库\智库信息爬虫\国际主要科技智库观点演变_研判\03_证据底稿\原文PDF\C-NISTEP-PS016-2B592A13.pdf,C:\Users\WINDOWS\OneDrive\知识库\智库信息爬虫\国际主要科技智库观点演变_研判\03_证据底稿\文本\C-NISTEP-PS016-2B592A13.txt,http://hdl.handle.net/11035/3221,官方PDF已保存并校验
人工智能、数据与数字技术,科技创新政策与能力基线,C-NISTEP-RM279-E08A1EDA,2018-12-01,W1,科学技術に関する国民意識調査－2016年3月～2018年10月 科学技術の関心と信頼と自然災害－,机构正式研究,C:\Users\WINDOWS\OneDrive\知识库\智库信息爬虫\国际主要科技智库观点演变_研判\03_证据底稿\原文PDF\C-NISTEP-RM279-E08A1EDA.pdf,C:\Users\WINDOWS\OneDrive\知识库\智库信息爬虫\国际主要科技智库观点演变_研判\03_证据底稿\文本\C-NISTEP-RM279-E08A1EDA.txt,http://hdl.handle.net/11035/3222,官方PDF已保存并校验
科技指标、论文与国际比较,科技创新政策与能力基线,C-NISTEP-RM279-E08A1EDA,2018-12-01,W1,科学技術に関する国民意識調査－2016年3月～2018年10月 科学技術の関心と信頼と自然災害－,机构正式研究,C:\Users\WINDOWS\OneDrive\知识库\智库信息爬虫\国际主要科技智库观点演变_研判\03_证据底稿\原文PDF\C-NISTEP-RM279-E08A1EDA.pdf,C:\Users\WINDOWS\OneDrive\知识库\智库信息爬虫\国际主要科技智库观点演变_研判\03_证据底稿\文本\C-NISTEP-RM279-E08A1EDA.txt,http://hdl.handle.net/11035/3222,官方PDF已保存并校验
科研体系、资助与研究基础,科技创新政策与能力基线,C-NISTEP-RM279-E08A1EDA,2018-12-01,W1,科学技術に関する国民意識調査－2016年3月～2018年10月 科学技術の関心と信頼と自然災害－,机构正式研究,C:\Users\WINDOWS\OneDrive\知识库\智库信息爬虫\国际主要科技智库观点演变_研判\03_证据底稿\原文PDF\C-NISTEP-RM279-E08A1EDA.pdf,C:\Users\WINDOWS\OneDrive\知识库\智库信息爬虫\国际主要科技智库观点演变_研判\03_证据底稿\文本\C-NISTEP-RM279-E08A1EDA.txt,http://hdl.handle.net/11035/3222,官方PDF已保存并校验
企业研发、创新与产学合作,科技创新政策与能力基线,C-NISTEP-RM279-E08A1EDA,2018-12-01,W1,科学技術に関する国民意識調査－2016年3月～2018年10月 科学技術の関心と信頼と自然災害－,机构正式研究,C:\Users\WINDOWS\OneDrive\知识库\智库信息爬虫\国际主要科技智库观点演变_研判\03_证据底稿\原文PDF\C-NISTEP-RM279-E08A1EDA.pdf,C:\Users\WINDOWS\OneDrive\知识库\智库信息爬虫\国际主要科技智库观点演变_研判\03_证据底稿\文本\C-NISTEP-RM279-E08A1EDA.txt,http://hdl.handle.net/11035/3222,官方PDF已保存并校验
科技前瞻、新兴议题与社会,科技创新政策与能力基线,C-NISTEP-RM279-E08A1EDA,2018-12-01,W1,科学技術に関する国民意識調査－2016年3月～2018年10月 科学技術の関心と信頼と自然災害－,机构正式研究,C:\Users\WINDOWS\OneDrive\知识库\智库信息爬虫\国际主要科技智库观点演变_研判\03_证据底稿\原文PDF\C-NISTEP-RM279-E08A1EDA.pdf,C:\Users\WINDOWS\OneDrive\知识库\智库信息爬虫\国际主要科技智库观点演变_研判\03_证据底稿\文本\C-NISTEP-RM279-E08A1EDA.txt,http://hdl.handle.net/11035/3222,官方PDF已保存并校验
人工智能、数据与数字技术,科技创新政策与能力基线,C-NISTEP-DP166-C23E82B6,2019-01-01,W2,科学技術と社会に関する世論調査（平成29年9月調査）のミクロデータ分析,作者讨论论文,C:\Users\WINDOWS\OneDrive\知识库\智库信息爬虫\国际主要科技智库观点演变_研判\03_证据底稿\原文PDF\C-NISTEP-DP166-C23E82B6.pdf,C:\Users\WINDOWS\OneDrive\知识库\智库信息爬虫\国际主要科技智库观点演变_研判\03_证据底稿\文本\C-NISTEP-DP166-C23E82B6.txt,http://hdl.handle.net/11035/3223,官方PDF已保存并校验
科技指标、论文与国际比较,科技创新政策与能力基线,C-NISTEP-DP166-C23E82B6,2019-01-01,W2,科学技術と社会に関する世論調査（平成29年9月調査）のミクロデータ分析,作者讨论论文,C:\Users\WINDOWS\OneDrive\知识库\智库信息爬虫\国际主要科技智库观点演变_研判\03_证据底稿\原文PDF\C-NISTEP-DP166-C23E82B6.pdf,C:\Users\WINDOWS\OneDrive\知识库\智库信息爬虫\国际主要科技智库观点演变_研判\03_证据底稿\文本\C-NISTEP-DP166-C23E82B6.txt,http://hdl.handle.net/11035/3223,官方PDF已保存并校验
科研体系、资助与研究基础,科技创新政策与能力基线,C-NISTEP-DP166-C23E82B6,2019-01-01,W2,科学技術と社会に関する世論調査（平成29年9月調査）のミクロデータ分析,作者讨论论文,C:\Users\WINDOWS\OneDrive\知识库\智库信息爬虫\国际主要科技智库观点演变_研判\03_证据底稿\原文PDF\C-NISTEP-DP166-C23E82B6.pdf,C:\Users\WINDOWS\OneDrive\知识库\智库信息爬虫\国际主要科技智库观点演变_研判\03_证据底稿\文本\C-NISTEP-DP166-C23E82B6.txt,http://hdl.handle.net/11035/3223,官方PDF已保存并校验
科技人才、博士与职业流动,科技创新政策与能力基线,C-NISTEP-DP166-C23E82B6,2019-01-01,W2,科学技術と社会に関する世論調査（平成29年9月調査）のミクロデータ分析,作者讨论论文,C:\Users\WINDOWS\OneDrive\知识库\智库信息爬虫\国际主要科技智库观点演变_研判\03_证据底稿\原文PDF\C-NISTEP-DP166-C23E82B6.pdf,C:\Users\WINDOWS\OneDrive\知识库\智库信息爬虫\国际主要科技智库观点演变_研判\03_证据底稿\文本\C-NISTEP-DP166-C23E82B6.txt,http://hdl.handle.net/11035/3223,官方PDF已保存并校验
企业研发、创新与产学合作,科技创新政策与能力基线,C-NISTEP-DP166-C23E82B6,2019-01-01,W2,科学技術と社会に関する世論調査（平成29年9月調査）のミクロデータ分析,作者讨论论文,C:\Users\WINDOWS\OneDrive\知识库\智库信息爬虫\国际主要科技智库观点演变_研判\03_证据底稿\原文PDF\C-NISTEP-DP166-C23E82B6.pdf,C:\Users\WINDOWS\OneDrive\知识库\智库信息爬虫\国际主要科技智库观点演变_研判\03_证据底稿\文本\C-NISTEP-DP166-C23E82B6.txt,http://hdl.handle.net/11035/3223,官方PDF已保存并校验
科技前瞻、新兴议题与社会,科技创新政策与能力基线,C-NISTEP-DP166-C23E82B6,2019-01-01,W2,科学技術と社会に関する世論調査（平成29年9月調査）のミクロデータ分析,作者讨论论文,C:\Users\WINDOWS\OneDrive\知识库\智库信息爬虫\国际主要科技智库观点演变_研判\03_证据底稿\原文PDF\C-NISTEP-DP166-C23E82B6.pdf,C:\Users\WINDOWS\OneDrive\知识库\智库信息爬虫\国际主要科技智库观点演变_研判\03_证据底稿\文本\C-NISTEP-DP166-C23E82B6.txt,http://hdl.handle.net/11035/3223,官方PDF已保存并校验
开放科学、研究诚信与治理,科技创新政策与能力基线,C-NISTEP-DP166-C23E82B6,2019-01-01,W2,科学技術と社会に関する世論調査（平成29年9月調査）のミクロデータ分析,作者讨论论文,C:\Users\WINDOWS\OneDrive\知识库\智库信息爬虫\国际主要科技智库观点演变_研判\03_证据底稿\原文PDF\C-NISTEP-DP166-C23E82B6.pdf,C:\Users\WINDOWS\OneDrive\知识库\智库信息爬虫\国际主要科技智库观点演变_研判\03_证据底稿\文本\C-NISTEP-DP166-C23E82B6.txt,http://hdl.handle.net/11035/3223,官方PDF已保存并校验
人工智能、数据与数字技术,科技创新政策与能力基线,C-NISTEP-DP167-EFD68BBD,2019-02-01,W2,若手理工農分野博士課程修了者の就業等状況の分析,作者讨论论文,C:\Users\WINDOWS\OneDrive\知识库\智库信息爬虫\国际主要科技智库观点演变_研判\03_证据底稿\原文PDF\C-NISTEP-DP167-EFD68BBD.pdf,C:\Users\WINDOWS\OneDrive\知识库\智库信息爬虫\国际主要科技智库观点演变_研判\03_证据底稿\文本\C-NISTEP-DP167-EFD68BBD.txt,http://hdl.handle.net/11035/3225,官方PDF已保存并校验
科技指标、论文与国际比较,科技创新政策与能力基线,C-NISTEP-DP167-EFD68BBD,2019-02-01,W2,若手理工農分野博士課程修了者の就業等状況の分析,作者讨论论文,C:\Users\WINDOWS\OneDrive\知识库\智库信息爬虫\国际主要科技智库观点演变_研判\03_证据底稿\原文PDF\C-NISTEP-DP167-EFD68BBD.pdf,C:\Users\WINDOWS\OneDrive\知识库\智库信息爬虫\国际主要科技智库观点演变_研判\03_证据底稿\文本\C-NISTEP-DP167-EFD68BBD.txt,http://hdl.handle.net/11035/3225,官方PDF已保存并校验
科研体系、资助与研究基础,科技创新政策与能力基线,C-NISTEP-DP167-EFD68BBD,2019-02-01,W2,若手理工農分野博士課程修了者の就業等状況の分析,作者讨论论文,C:\Users\WINDOWS\OneDrive\知识库\智库信息爬虫\国际主要科技智库观点演变_研判\03_证据底稿\原文PDF\C-NISTEP-DP167-EFD68BBD.pdf,C:\Users\WINDOWS\OneDrive\知识库\智库信息爬虫\国际主要科技智库观点演变_研判\03_证据底稿\文本\C-NISTEP-DP167-EFD68BBD.txt,http://hdl.handle.net/11035/3225,官方PDF已保存并校验
科技人才、博士与职业流动,科技创新政策与能力基线,C-NISTEP-DP167-EFD68BBD,2019-02-01,W2,若手理工農分野博士課程修了者の就業等状況の分析,作者讨论论文,C:\Users\WINDOWS\OneDrive\知识库\智库信息爬虫\国际主要科技智库观点演变_研判\03_证据底稿\原文PDF\C-NISTEP-DP167-EFD68BBD.pdf,C:\Users\WINDOWS\OneDrive\知识库\智库信息爬虫\国际主要科技智库观点演变_研判\03_证据底稿\文本\C-NISTEP-DP167-EFD68BBD.txt,http://hdl.handle.net/11035/3225,官方PDF已保存并校验
企业研发、创新与产学合作,科技创新政策与能力基线,C-NISTEP-DP167-EFD68BBD,2019-02-01,W2,若手理工農分野博士課程修了者の就業等状況の分析,作者讨论论文,C:\Users\WINDOWS\OneDrive\知识库\智库信息爬虫\国际主要科技智库观点演变_研判\03_证据底稿\原文PDF\C-NISTEP-DP167-EFD68BBD.pdf,C:\Users\WINDOWS\OneDrive\知识库\智库信息爬虫\国际主要科技智库观点演变_研判\03_证据底稿\文本\C-NISTEP-DP167-EFD68BBD.txt,http://hdl.handle.net/11035/3225,官方PDF已保存并校验
科技前瞻、新兴议题与社会,科技创新政策与能力基线,C-NISTEP-DP167-EFD68BBD,2019-02-01,W2,若手理工農分野博士課程修了者の就業等状況の分析,作者讨论论文,C:\Users\WINDOWS\OneDrive\知识库\智库信息爬虫\国际主要科技智库观点演变_研判\03_证据底稿\原文PDF\C-NISTEP-DP167-EFD68BBD.pdf,C:\Users\WINDOWS\OneDrive\知识库\智库信息爬虫\国际主要科技智库观点演变_研判\03_证据底稿\文本\C-NISTEP-DP167-EFD68BBD.txt,http://hdl.handle.net/11035/3225,官方PDF已保存并校验
人工智能、数据与数字技术,科技创新政策与能力基线,C-NISTEP-RM280-EA8A7444,2019-02-01,W2,脳科学の推進に向けた革新的計測技術の開発とAI等による解析の方向性―専門家ワークショップ検討結果―,机构正式研究,C:\Users\WINDOWS\OneDrive\知识库\智库信息爬虫\国际主要科技智库观点演变_研判\03_证据底稿\原文PDF\C-NISTEP-RM280-EA8A7444.pdf,C:\Users\WINDOWS\OneDrive\知识库\智库信息爬虫\国际主要科技智库观点演变_研判\03_证据底稿\文本\C-NISTEP-RM280-EA8A7444.txt,http://hdl.handle.net/11035/3224,官方PDF已保存并校验
科技指标、论文与国际比较,科技创新政策与能力基线,C-NISTEP-RM280-EA8A7444,2019-02-01,W2,脳科学の推進に向けた革新的計測技術の開発とAI等による解析の方向性―専門家ワークショップ検討結果―,机构正式研究,C:\Users\WINDOWS\OneDrive\知识库\智库信息爬虫\国际主要科技智库观点演变_研判\03_证据底稿\原文PDF\C-NISTEP-RM280-EA8A7444.pdf,C:\Users\WINDOWS\OneDrive\知识库\智库信息爬虫\国际主要科技智库观点演变_研判\03_证据底稿\文本\C-NISTEP-RM280-EA8A7444.txt,http://hdl.handle.net/11035/3224,官方PDF已保存并校验
科研体系、资助与研究基础,科技创新政策与能力基线,C-NISTEP-RM280-EA8A7444,2019-02-01,W2,脳科学の推進に向けた革新的計測技術の開発とAI等による解析の方向性―専門家ワークショップ検討結果―,机构正式研究,C:\Users\WINDOWS\OneDrive\知识库\智库信息爬虫\国际主要科技智库观点演变_研判\03_证据底稿\原文PDF\C-NISTEP-RM280-EA8A7444.pdf,C:\Users\WINDOWS\OneDrive\知识库\智库信息爬虫\国际主要科技智库观点演变_研判\03_证据底稿\文本\C-NISTEP-RM280-EA8A7444.txt,http://hdl.handle.net/11035/3224,官方PDF已保存并校验
企业研发、创新与产学合作,科技创新政策与能力基线,C-NISTEP-RM280-EA8A7444,2019-02-01,W2,脳科学の推進に向けた革新的計測技術の開発とAI等による解析の方向性―専門家ワークショップ検討結果―,机构正式研究,C:\Users\WINDOWS\OneDrive\知识库\智库信息爬虫\国际主要科技智库观点演变_研判\03_证据底稿\原文PDF\C-NISTEP-RM280-EA8A7444.pdf,C:\Users\WINDOWS\OneDrive\知识库\智库信息爬虫\国际主要科技智库观点演变_研判\03_证据底稿\文本\C-NISTEP-RM280-EA8A7444.txt,http://hdl.handle.net/11035/3224,官方PDF已保存并校验
科技前瞻、新兴议题与社会,科技创新政策与能力基线,C-NISTEP-RM280-EA8A7444,2019-02-01,W2,脳科学の推進に向けた革新的計測技術の開発とAI等による解析の方向性―専門家ワークショップ検討結果―,机构正式研究,C:\Users\WINDOWS\OneDrive\知识库\智库信息爬虫\国际主要科技智库观点演变_研判\03_证据底稿\原文PDF\C-NISTEP-RM280-EA8A7444.pdf,C:\Users\WINDOWS\OneDrive\知识库\智库信息爬虫\国际主要科技智库观点演变_研判\03_证据底稿\文本\C-NISTEP-RM280-EA8A7444.txt,http://hdl.handle.net/11035/3224,官方PDF已保存并校验
人工智能、数据与数字技术,科技创新政策与能力基线,C-NISTEP-DP168-C0C3FB07,2019-03-01,W2,ドイツの高等教育機関における教員:日本はドイツに学べるか,作者讨论论文,C:\Users\WINDOWS\OneDrive\知识库\智库信息爬虫\国际主要科技智库观点演变_研判\03_证据底稿\原文PDF\C-NISTEP-DP168-C0C3FB07.pdf,C:\Users\WINDOWS\OneDrive\知识库\智库信息爬虫\国际主要科技智库观点演变_研判\03_证据底稿\文本\C-NISTEP-DP168-C0C3FB07.txt,http://hdl.handle.net/11035/00006508,官方PDF已保存并校验
科技指标、论文与国际比较,科技创新政策与能力基线,C-NISTEP-DP168-C0C3FB07,2019-03-01,W2,ドイツの高等教育機関における教員:日本はドイツに学べるか,作者讨论论文,C:\Users\WINDOWS\OneDrive\知识库\智库信息爬虫\国际主要科技智库观点演变_研判\03_证据底稿\原文PDF\C-NISTEP-DP168-C0C3FB07.pdf,C:\Users\WINDOWS\OneDrive\知识库\智库信息爬虫\国际主要科技智库观点演变_研判\03_证据底稿\文本\C-NISTEP-DP168-C0C3FB07.txt,http://hdl.handle.net/11035/00006508,官方PDF已保存并校验
科研体系、资助与研究基础,科技创新政策与能力基线,C-NISTEP-DP168-C0C3FB07,2019-03-01,W2,ドイツの高等教育機関における教員:日本はドイツに学べるか,作者讨论论文,C:\Users\WINDOWS\OneDrive\知识库\智库信息爬虫\国际主要科技智库观点演变_研判\03_证据底稿\原文PDF\C-NISTEP-DP168-C0C3FB07.pdf,C:\Users\WINDOWS\OneDrive\知识库\智库信息爬虫\国际主要科技智库观点演变_研判\03_证据底稿\文本\C-NISTEP-DP168-C0C3FB07.txt,http://hdl.handle.net/11035/00006508,官方PDF已保存并校验
科技人才、博士与职业流动,科技创新政策与能力基线,C-NISTEP-DP168-C0C3FB07,2019-03-01,W2,ドイツの高等教育機関における教員:日本はドイツに学べるか,作者讨论论文,C:\Users\WINDOWS\OneDrive\知识库\智库信息爬虫\国际主要科技智库观点演变_研判\03_证据底稿\原文PDF\C-NISTEP-DP168-C0C3FB07.pdf,C:\Users\WINDOWS\OneDrive\知识库\智库信息爬虫\国际主要科技智库观点演变_研判\03_证据底稿\文本\C-NISTEP-DP168-C0C3FB07.txt,http://hdl.handle.net/11035/00006508,官方PDF已保存并校验
企业研发、创新与产学合作,科技创新政策与能力基线,C-NISTEP-DP168-C0C3FB07,2019-03-01,W2,ドイツの高等教育機関における教員:日本はドイツに学べるか,作者讨论论文,C:\Users\WINDOWS\OneDrive\知识库\智库信息爬虫\国际主要科技智库观点演变_研判\03_证据底稿\原文PDF\C-NISTEP-DP168-C0C3FB07.pdf,C:\Users\WINDOWS\OneDrive\知识库\智库信息爬虫\国际主要科技智库观点演变_研判\03_证据底稿\文本\C-NISTEP-DP168-C0C3FB07.txt,http://hdl.handle.net/11035/00006508,官方PDF已保存并校验
人工智能、数据与数字技术,核心科技直接材料,C-NISTEP-DP171-271E2805,2019-03-01,W2,特許データと意匠データのリンケージ：創作者レベルで見る企業における工業デザイン活動に関する分析,作者讨论论文,C:\Users\WINDOWS\OneDrive\知识库\智库信息爬虫\国际主要科技智库观点演变_研判\03_证据底稿\原文PDF\C-NISTEP-DP171-271E2805.pdf,C:\Users\WINDOWS\OneDrive\知识库\智库信息爬虫\国际主要科技智库观点演变_研判\03_证据底稿\文本\C-NISTEP-DP171-271E2805.txt,http://hdl.handle.net/11035/00006594,官方PDF已保存并校验
关键技术、专利与产业竞争力,核心科技直接材料,C-NISTEP-DP171-271E2805,2019-03-01,W2,特許データと意匠データのリンケージ：創作者レベルで見る企業における工業デザイン活動に関する分析,作者讨论论文,C:\Users\WINDOWS\OneDrive\知识库\智库信息爬虫\国际主要科技智库观点演变_研判\03_证据底稿\原文PDF\C-NISTEP-DP171-271E2805.pdf,C:\Users\WINDOWS\OneDrive\知识库\智库信息爬虫\国际主要科技智库观点演变_研判\03_证据底稿\文本\C-NISTEP-DP171-271E2805.txt,http://hdl.handle.net/11035/00006594,官方PDF已保存并校验
科技指标、论文与国际比较,核心科技直接材料,C-NISTEP-DP171-271E2805,2019-03-01,W2,特許データと意匠データのリンケージ：創作者レベルで見る企業における工業デザイン活動に関する分析,作者讨论论文,C:\Users\WINDOWS\OneDrive\知识库\智库信息爬虫\国际主要科技智库观点演变_研判\03_证据底稿\原文PDF\C-NISTEP-DP171-271E2805.pdf,C:\Users\WINDOWS\OneDrive\知识库\智库信息爬虫\国际主要科技智库观点演变_研判\03_证据底稿\文本\C-NISTEP-DP171-271E2805.txt,http://hdl.handle.net/11035/00006594,官方PDF已保存并校验
科研体系、资助与研究基础,核心科技直接材料,C-NISTEP-DP171-271E2805,2019-03-01,W2,特許データと意匠データのリンケージ：創作者レベルで見る企業における工業デザイン活動に関する分析,作者讨论论文,C:\Users\WINDOWS\OneDrive\知识库\智库信息爬虫\国际主要科技智库观点演变_研判\03_证据底稿\原文PDF\C-NISTEP-DP171-271E2805.pdf,C:\Users\WINDOWS\OneDrive\知识库\智库信息爬虫\国际主要科技智库观点演变_研判\03_证据底稿\文本\C-NISTEP-DP171-271E2805.txt,http://hdl.handle.net/11035/00006594,官方PDF已保存并校验
科技人才、博士与职业流动,核心科技直接材料,C-NISTEP-DP171-271E2805,2019-03-01,W2,特許データと意匠データのリンケージ：創作者レベルで見る企業における工業デザイン活動に関する分析,作者讨论论文,C:\Users\WINDOWS\OneDrive\知识库\智库信息爬虫\国际主要科技智库观点演变_研判\03_证据底稿\原文PDF\C-NISTEP-DP171-271E2805.pdf,C:\Users\WINDOWS\OneDrive\知识库\智库信息爬虫\国际主要科技智库观点演变_研判\03_证据底稿\文本\C-NISTEP-DP171-271E2805.txt,http://hdl.handle.net/11035/00006594,官方PDF已保存并校验
企业研发、创新与产学合作,核心科技直接材料,C-NISTEP-DP171-271E2805,2019-03-01,W2,特許データと意匠データのリンケージ：創作者レベルで見る企業における工業デザイン活動に関する分析,作者讨论论文,C:\Users\WINDOWS\OneDrive\知识库\智库信息爬虫\国际主要科技智库观点演变_研判\03_证据底稿\原文PDF\C-NISTEP-DP171-271E2805.pdf,C:\Users\WINDOWS\OneDrive\知识库\智库信息爬虫\国际主要科技智库观点演变_研判\03_证据底稿\文本\C-NISTEP-DP171-271E2805.txt,http://hdl.handle.net/11035/00006594,官方PDF已保存并校验
科技前瞻、新兴议题与社会,核心科技直接材料,C-NISTEP-DP171-271E2805,2019-03-01,W2,特許データと意匠データのリンケージ：創作者レベルで見る企業における工業デザイン活動に関する分析,作者讨论论文,C:\Users\WINDOWS\OneDrive\知识库\智库信息爬虫\国际主要科技智库观点演变_研判\03_证据底稿\原文PDF\C-NISTEP-DP171-271E2805.pdf,C:\Users\WINDOWS\OneDrive\知识库\智库信息爬虫\国际主要科技智库观点演变_研判\03_证据底稿\文本\C-NISTEP-DP171-271E2805.txt,http://hdl.handle.net/11035/00006594,官方PDF已保存并校验
开放科学、研究诚信与治理,核心科技直接材料,C-NISTEP-DP171-271E2805,2019-03-01,W2,特許データと意匠データのリンケージ：創作者レベルで見る企業における工業デザイン活動に関する分析,作者讨论论文,C:\Users\WINDOWS\OneDrive\知识库\智库信息爬虫\国际主要科技智库观点演变_研判\03_证据底稿\原文PDF\C-NISTEP-DP171-271E2805.pdf,C:\Users\WINDOWS\OneDrive\知识库\智库信息爬虫\国际主要科技智库观点演变_研判\03_证据底稿\文本\C-NISTEP-DP171-271E2805.txt,http://hdl.handle.net/11035/00006594,官方PDF已保存并校验
人工智能、数据与数字技术,科技创新政策与能力基线,C-NISTEP-DP170-C595D959,2019-04-01,W2,日本とドイツの中小企業における国際化とイノベーション：統合的な国際化戦略の重要性,作者讨论论文,C:\Users\WINDOWS\OneDrive\知识库\智库信息爬虫\国际主要科技智库观点演变_研判\03_证据底稿\原文PDF\C-NISTEP-DP170-C595D959.pdf,C:\Users\WINDOWS\OneDrive\知识库\智库信息爬虫\国际主要科技智库观点演变_研判\03_证据底稿\文本\C-NISTEP-DP170-C595D959.txt,http://hdl.handle.net/11035/00006593,官方PDF已保存并校验
科研体系、资助与研究基础,科技创新政策与能力基线,C-NISTEP-DP170-C595D959,2019-04-01,W2,日本とドイツの中小企業における国際化とイノベーション：統合的な国際化戦略の重要性,作者讨论论文,C:\Users\WINDOWS\OneDrive\知识库\智库信息爬虫\国际主要科技智库观点演变_研判\03_证据底稿\原文PDF\C-NISTEP-DP170-C595D959.pdf,C:\Users\WINDOWS\OneDrive\知识库\智库信息爬虫\国际主要科技智库观点演变_研判\03_证据底稿\文本\C-NISTEP-DP170-C595D959.txt,http://hdl.handle.net/11035/00006593,官方PDF已保存并校验
企业研发、创新与产学合作,科技创新政策与能力基线,C-NISTEP-DP170-C595D959,2019-04-01,W2,日本とドイツの中小企業における国際化とイノベーション：統合的な国際化戦略の重要性,作者讨论论文,C:\Users\WINDOWS\OneDrive\知识库\智库信息爬虫\国际主要科技智库观点演变_研判\03_证据底稿\原文PDF\C-NISTEP-DP170-C595D959.pdf,C:\Users\WINDOWS\OneDrive\知识库\智库信息爬虫\国际主要科技智库观点演变_研判\03_证据底稿\文本\C-NISTEP-DP170-C595D959.txt,http://hdl.handle.net/11035/00006593,官方PDF已保存并校验
人工智能、数据与数字技术,科技创新政策与能力基线,C-NISTEP-NR179-C1DBAB45,2019-04-01,W2,科学技術の状況に係る総合的意識調査（NISTEP定点調査2018）報告書,机构正式研究,C:\Users\WINDOWS\OneDrive\知识库\智库信息爬虫\国际主要科技智库观点演变_研判\03_证据底稿\原文PDF\C-NISTEP-NR179-C1DBAB45.pdf,C:\Users\WINDOWS\OneDrive\知识库\智库信息爬虫\国际主要科技智库观点演变_研判\03_证据底稿\文本\C-NISTEP-NR179-C1DBAB45.txt,http://hdl.handle.net/11035/00006589,官方PDF已保存并校验
关键技术、专利与产业竞争力,科技创新政策与能力基线,C-NISTEP-NR179-C1DBAB45,2019-04-01,W2,科学技術の状況に係る総合的意識調査（NISTEP定点調査2018）報告書,机构正式研究,C:\Users\WINDOWS\OneDrive\知识库\智库信息爬虫\国际主要科技智库观点演变_研判\03_证据底稿\原文PDF\C-NISTEP-NR179-C1DBAB45.pdf,C:\Users\WINDOWS\OneDrive\知识库\智库信息爬虫\国际主要科技智库观点演变_研判\03_证据底稿\文本\C-NISTEP-NR179-C1DBAB45.txt,http://hdl.handle.net/11035/00006589,官方PDF已保存并校验
科技指标、论文与国际比较,科技创新政策与能力基线,C-NISTEP-NR179-C1DBAB45,2019-04-01,W2,科学技術の状況に係る総合的意識調査（NISTEP定点調査2018）報告書,机构正式研究,C:\Users\WINDOWS\OneDrive\知识库\智库信息爬虫\国际主要科技智库观点演变_研判\03_证据底稿\原文PDF\C-NISTEP-NR179-C1DBAB45.pdf,C:\Users\WINDOWS\OneDrive\知识库\智库信息爬虫\国际主要科技智库观点演变_研判\03_证据底稿\文本\C-NISTEP-NR179-C1DBAB45.txt,http://hdl.handle.net/11035/00006589,官方PDF已保存并校验
科研体系、资助与研究基础,科技创新政策与能力基线,C-NISTEP-NR179-C1DBAB45,2019-04-01,W2,科学技術の状況に係る総合的意識調査（NISTEP定点調査2018）報告書,机构正式研究,C:\Users\WINDOWS\OneDrive\知识库\智库信息爬虫\国际主要科技智库观点演变_研判\03_证据底稿\原文PDF\C-NISTEP-NR179-C1DBAB45.pdf,C:\Users\WINDOWS\OneDrive\知识库\智库信息爬虫\国际主要科技智库观点演变_研判\03_证据底稿\文本\C-NISTEP-NR179-C1DBAB45.txt,http://hdl.handle.net/11035/00006589,官方PDF已保存并校验
科技人才、博士与职业流动,科技创新政策与能力基线,C-NISTEP-NR179-C1DBAB45,2019-04-01,W2,科学技術の状況に係る総合的意識調査（NISTEP定点調査2018）報告書,机构正式研究,C:\Users\WINDOWS\OneDrive\知识库\智库信息爬虫\国际主要科技智库观点演变_研判\03_证据底稿\原文PDF\C-NISTEP-NR179-C1DBAB45.pdf,C:\Users\WINDOWS\OneDrive\知识库\智库信息爬虫\国际主要科技智库观点演变_研判\03_证据底稿\文本\C-NISTEP-NR179-C1DBAB45.txt,http://hdl.handle.net/11035/00006589,官方PDF已保存并校验
企业研发、创新与产学合作,科技创新政策与能力基线,C-NISTEP-NR179-C1DBAB45,2019-04-01,W2,科学技術の状況に係る総合的意識調査（NISTEP定点調査2018）報告書,机构正式研究,C:\Users\WINDOWS\OneDrive\知识库\智库信息爬虫\国际主要科技智库观点演变_研判\03_证据底稿\原文PDF\C-NISTEP-NR179-C1DBAB45.pdf,C:\Users\WINDOWS\OneDrive\知识库\智库信息爬虫\国际主要科技智库观点演变_研判\03_证据底稿\文本\C-NISTEP-NR179-C1DBAB45.txt,http://hdl.handle.net/11035/00006589,官方PDF已保存并校验
人工智能、数据与数字技术,科技创新政策与能力基线,C-NISTEP-NR180-B1621617,2019-04-01,W2,科学技術の状況に係る総合的意識調査（NISTEP定点調査2018）データ集,机构正式研究,C:\Users\WINDOWS\OneDrive\知识库\智库信息爬虫\国际主要科技智库观点演变_研判\03_证据底稿\原文PDF\C-NISTEP-NR180-B1621617.pdf,C:\Users\WINDOWS\OneDrive\知识库\智库信息爬虫\国际主要科技智库观点演变_研判\03_证据底稿\文本\C-NISTEP-NR180-B1621617.txt,http://hdl.handle.net/11035/00006590,官方PDF已保存并校验
关键技术、专利与产业竞争力,科技创新政策与能力基线,C-NISTEP-NR180-B1621617,2019-04-01,W2,科学技術の状況に係る総合的意識調査（NISTEP定点調査2018）データ集,机构正式研究,C:\Users\WINDOWS\OneDrive\知识库\智库信息爬虫\国际主要科技智库观点演变_研判\03_证据底稿\原文PDF\C-NISTEP-NR180-B1621617.pdf,C:\Users\WINDOWS\OneDrive\知识库\智库信息爬虫\国际主要科技智库观点演变_研判\03_证据底稿\文本\C-NISTEP-NR180-B1621617.txt,http://hdl.handle.net/11035/00006590,官方PDF已保存并校验
科技指标、论文与国际比较,科技创新政策与能力基线,C-NISTEP-NR180-B1621617,2019-04-01,W2,科学技術の状況に係る総合的意識調査（NISTEP定点調査2018）データ集,机构正式研究,C:\Users\WINDOWS\OneDrive\知识库\智库信息爬虫\国际主要科技智库观点演变_研判\03_证据底稿\原文PDF\C-NISTEP-NR180-B1621617.pdf,C:\Users\WINDOWS\OneDrive\知识库\智库信息爬虫\国际主要科技智库观点演变_研判\03_证据底稿\文本\C-NISTEP-NR180-B1621617.txt,http://hdl.handle.net/11035/00006590,官方PDF已保存并校验
科研体系、资助与研究基础,科技创新政策与能力基线,C-NISTEP-NR180-B1621617,2019-04-01,W2,科学技術の状況に係る総合的意識調査（NISTEP定点調査2018）データ集,机构正式研究,C:\Users\WINDOWS\OneDrive\知识库\智库信息爬虫\国际主要科技智库观点演变_研判\03_证据底稿\原文PDF\C-NISTEP-NR180-B1621617.pdf,C:\Users\WINDOWS\OneDrive\知识库\智库信息爬虫\国际主要科技智库观点演变_研判\03_证据底稿\文本\C-NISTEP-NR180-B1621617.txt,http://hdl.handle.net/11035/00006590,官方PDF已保存并校验
科技人才、博士与职业流动,科技创新政策与能力基线,C-NISTEP-NR180-B1621617,2019-04-01,W2,科学技術の状況に係る総合的意識調査（NISTEP定点調査2018）データ集,机构正式研究,C:\Users\WINDOWS\OneDrive\知识库\智库信息爬虫\国际主要科技智库观点演变_研判\03_证据底稿\原文PDF\C-NISTEP-NR180-B1621617.pdf,C:\Users\WINDOWS\OneDrive\知识库\智库信息爬虫\国际主要科技智库观点演变_研判\03_证据底稿\文本\C-NISTEP-NR180-B1621617.txt,http://hdl.handle.net/11035/00006590,官方PDF已保存并校验
企业研发、创新与产学合作,科技创新政策与能力基线,C-NISTEP-NR180-B1621617,2019-04-01,W2,科学技術の状況に係る総合的意識調査（NISTEP定点調査2018）データ集,机构正式研究,C:\Users\WINDOWS\OneDrive\知识库\智库信息爬虫\国际主要科技智库观点演变_研判\03_证据底稿\原文PDF\C-NISTEP-NR180-B1621617.pdf,C:\Users\WINDOWS\OneDrive\知识库\智库信息爬虫\国际主要科技智库观点演变_研判\03_证据底稿\文本\C-NISTEP-NR180-B1621617.txt,http://hdl.handle.net/11035/00006590,官方PDF已保存并校验
人工智能、数据与数字技术,科技创新政策与能力基线,C-NISTEP-DP169-C2AFF46D,2019-05-01,W2,研究ポートフォリオ・マネジメントに関する分析フレームワーク（ARPM 分析）の提案と試行的分析,作者讨论论文,C:\Users\WINDOWS\OneDrive\知识库\智库信息爬虫\国际主要科技智库观点演变_研判\03_证据底稿\原文PDF\C-NISTEP-DP169-C2AFF46D.pdf,C:\Users\WINDOWS\OneDrive\知识库\智库信息爬虫\国际主要科技智库观点演变_研判\03_证据底稿\文本\C-NISTEP-DP169-C2AFF46D.txt,http://hdl.handle.net/11035/00006592,官方PDF已保存并校验
关键技术、专利与产业竞争力,科技创新政策与能力基线,C-NISTEP-DP169-C2AFF46D,2019-05-01,W2,研究ポートフォリオ・マネジメントに関する分析フレームワーク（ARPM 分析）の提案と試行的分析,作者讨论论文,C:\Users\WINDOWS\OneDrive\知识库\智库信息爬虫\国际主要科技智库观点演变_研判\03_证据底稿\原文PDF\C-NISTEP-DP169-C2AFF46D.pdf,C:\Users\WINDOWS\OneDrive\知识库\智库信息爬虫\国际主要科技智库观点演变_研判\03_证据底稿\文本\C-NISTEP-DP169-C2AFF46D.txt,http://hdl.handle.net/11035/00006592,官方PDF已保存并校验
科技指标、论文与国际比较,科技创新政策与能力基线,C-NISTEP-DP169-C2AFF46D,2019-05-01,W2,研究ポートフォリオ・マネジメントに関する分析フレームワーク（ARPM 分析）の提案と試行的分析,作者讨论论文,C:\Users\WINDOWS\OneDrive\知识库\智库信息爬虫\国际主要科技智库观点演变_研判\03_证据底稿\原文PDF\C-NISTEP-DP169-C2AFF46D.pdf,C:\Users\WINDOWS\OneDrive\知识库\智库信息爬虫\国际主要科技智库观点演变_研判\03_证据底稿\文本\C-NISTEP-DP169-C2AFF46D.txt,http://hdl.handle.net/11035/00006592,官方PDF已保存并校验
科研体系、资助与研究基础,科技创新政策与能力基线,C-NISTEP-DP169-C2AFF46D,2019-05-01,W2,研究ポートフォリオ・マネジメントに関する分析フレームワーク（ARPM 分析）の提案と試行的分析,作者讨论论文,C:\Users\WINDOWS\OneDrive\知识库\智库信息爬虫\国际主要科技智库观点演变_研判\03_证据底稿\原文PDF\C-NISTEP-DP169-C2AFF46D.pdf,C:\Users\WINDOWS\OneDrive\知识库\智库信息爬虫\国际主要科技智库观点演变_研判\03_证据底稿\文本\C-NISTEP-DP169-C2AFF46D.txt,http://hdl.handle.net/11035/00006592,官方PDF已保存并校验
科技人才、博士与职业流动,科技创新政策与能力基线,C-NISTEP-DP169-C2AFF46D,2019-05-01,W2,研究ポートフォリオ・マネジメントに関する分析フレームワーク（ARPM 分析）の提案と試行的分析,作者讨论论文,C:\Users\WINDOWS\OneDrive\知识库\智库信息爬虫\国际主要科技智库观点演变_研判\03_证据底稿\原文PDF\C-NISTEP-DP169-C2AFF46D.pdf,C:\Users\WINDOWS\OneDrive\知识库\智库信息爬虫\国际主要科技智库观点演变_研判\03_证据底稿\文本\C-NISTEP-DP169-C2AFF46D.txt,http://hdl.handle.net/11035/00006592,官方PDF已保存并校验
中国科技能力与国际比较,科技创新政策与能力基线,C-NISTEP-DP169-C2AFF46D,2019-05-01,W2,研究ポートフォリオ・マネジメントに関する分析フレームワーク（ARPM 分析）の提案と試行的分析,作者讨论论文,C:\Users\WINDOWS\OneDrive\知识库\智库信息爬虫\国际主要科技智库观点演变_研判\03_证据底稿\原文PDF\C-NISTEP-DP169-C2AFF46D.pdf,C:\Users\WINDOWS\OneDrive\知识库\智库信息爬虫\国际主要科技智库观点演变_研判\03_证据底稿\文本\C-NISTEP-DP169-C2AFF46D.txt,http://hdl.handle.net/11035/00006592,官方PDF已保存并校验
科技指标、论文与国际比较,科技创新政策与能力基线,C-NISTEP-NR181-9D23721A,2019-05-01,W2,民間企業の研究活動に関する調査報告2018,机构正式研究,C:\Users\WINDOWS\OneDrive\知识库\智库信息爬虫\国际主要科技智库观点演变_研判\03_证据底稿\原文PDF\C-NISTEP-NR181-9D23721A.pdf,C:\Users\WINDOWS\OneDrive\知识库\智库信息爬虫\国际主要科技智库观点演变_研判\03_证据底稿\文本\C-NISTEP-NR181-9D23721A.txt,http://hdl.handle.net/11035/00006597,官方PDF已保存并校验
科研体系、资助与研究基础,科技创新政策与能力基线,C-NISTEP-NR181-9D23721A,2019-05-01,W2,民間企業の研究活動に関する調査報告2018,机构正式研究,C:\Users\WINDOWS\OneDrive\知识库\智库信息爬虫\国际主要科技智库观点演变_研判\03_证据底稿\原文PDF\C-NISTEP-NR181-9D23721A.pdf,C:\Users\WINDOWS\OneDrive\知识库\智库信息爬虫\国际主要科技智库观点演变_研判\03_证据底稿\文本\C-NISTEP-NR181-9D23721A.txt,http://hdl.handle.net/11035/00006597,官方PDF已保存并校验
企业研发、创新与产学合作,科技创新政策与能力基线,C-NISTEP-NR181-9D23721A,2019-05-01,W2,民間企業の研究活動に関する調査報告2018,机构正式研究,C:\Users\WINDOWS\OneDrive\知识库\智库信息爬虫\国际主要科技智库观点演变_研判\03_证据底稿\原文PDF\C-NISTEP-NR181-9D23721A.pdf,C:\Users\WINDOWS\OneDrive\知识库\智库信息爬虫\国际主要科技智库观点演变_研判\03_证据底稿\文本\C-NISTEP-NR181-9D23721A.txt,http://hdl.handle.net/11035/00006597,官方PDF已保存并校验
人工智能、数据与数字技术,科技创新政策与能力基线,C-NISTEP-RM281-0793324A,2019-05-01,W2,博士人材データベース（JGRAD）を用いたキャリアパス等に関する意識調査－JGRADアンケート2018結果報告－,机构正式研究,C:\Users\WINDOWS\OneDrive\知识库\智库信息爬虫\国际主要科技智库观点演变_研判\03_证据底稿\原文PDF\C-NISTEP-RM281-0793324A.pdf,C:\Users\WINDOWS\OneDrive\知识库\智库信息爬虫\国际主要科技智库观点演变_研判\03_证据底稿\文本\C-NISTEP-RM281-0793324A.txt,http://hdl.handle.net/11035/00006595,官方PDF已保存并校验
科技指标、论文与国际比较,科技创新政策与能力基线,C-NISTEP-RM281-0793324A,2019-05-01,W2,博士人材データベース（JGRAD）を用いたキャリアパス等に関する意識調査－JGRADアンケート2018結果報告－,机构正式研究,C:\Users\WINDOWS\OneDrive\知识库\智库信息爬虫\国际主要科技智库观点演变_研判\03_证据底稿\原文PDF\C-NISTEP-RM281-0793324A.pdf,C:\Users\WINDOWS\OneDrive\知识库\智库信息爬虫\国际主要科技智库观点演变_研判\03_证据底稿\文本\C-NISTEP-RM281-0793324A.txt,http://hdl.handle.net/11035/00006595,官方PDF已保存并校验
科研体系、资助与研究基础,科技创新政策与能力基线,C-NISTEP-RM281-0793324A,2019-05-01,W2,博士人材データベース（JGRAD）を用いたキャリアパス等に関する意識調査－JGRADアンケート2018結果報告－,机构正式研究,C:\Users\WINDOWS\OneDrive\知识库\智库信息爬虫\国际主要科技智库观点演变_研判\03_证据底稿\原文PDF\C-NISTEP-RM281-0793324A.pdf,C:\Users\WINDOWS\OneDrive\知识库\智库信息爬虫\国际主要科技智库观点演变_研判\03_证据底稿\文本\C-NISTEP-RM281-0793324A.txt,http://hdl.handle.net/11035/00006595,官方PDF已保存并校验
科技人才、博士与职业流动,科技创新政策与能力基线,C-NISTEP-RM281-0793324A,2019-05-01,W2,博士人材データベース（JGRAD）を用いたキャリアパス等に関する意識調査－JGRADアンケート2018結果報告－,机构正式研究,C:\Users\WINDOWS\OneDrive\知识库\智库信息爬虫\国际主要科技智库观点演变_研判\03_证据底稿\原文PDF\C-NISTEP-RM281-0793324A.pdf,C:\Users\WINDOWS\OneDrive\知识库\智库信息爬虫\国际主要科技智库观点演变_研判\03_证据底稿\文本\C-NISTEP-RM281-0793324A.txt,http://hdl.handle.net/11035/00006595,官方PDF已保存并校验
企业研发、创新与产学合作,科技创新政策与能力基线,C-NISTEP-RM281-0793324A,2019-05-01,W2,博士人材データベース（JGRAD）を用いたキャリアパス等に関する意識調査－JGRADアンケート2018結果報告－,机构正式研究,C:\Users\WINDOWS\OneDrive\知识库\智库信息爬虫\国际主要科技智库观点演变_研判\03_证据底稿\原文PDF\C-NISTEP-RM281-0793324A.pdf,C:\Users\WINDOWS\OneDrive\知识库\智库信息爬虫\国际主要科技智库观点演变_研判\03_证据底稿\文本\C-NISTEP-RM281-0793324A.txt,http://hdl.handle.net/11035/00006595,官方PDF已保存并校验
人工智能、数据与数字技术,科技创新政策与能力基线,C-NISTEP-RM282-56001894,2019-06-01,W2,科学技術に関する国民意識調査－Society5.0－,机构正式研究,C:\Users\WINDOWS\OneDrive\知识库\智库信息爬虫\国际主要科技智库观点演变_研判\03_证据底稿\原文PDF\C-NISTEP-RM282-56001894.pdf,C:\Users\WINDOWS\OneDrive\知识库\智库信息爬虫\国际主要科技智库观点演变_研判\03_证据底稿\文本\C-NISTEP-RM282-56001894.txt,http://hdl.handle.net/11035/00006598,官方PDF已保存并校验
关键技术、专利与产业竞争力,科技创新政策与能力基线,C-NISTEP-RM282-56001894,2019-06-01,W2,科学技術に関する国民意識調査－Society5.0－,机构正式研究,C:\Users\WINDOWS\OneDrive\知识库\智库信息爬虫\国际主要科技智库观点演变_研判\03_证据底稿\原文PDF\C-NISTEP-RM282-56001894.pdf,C:\Users\WINDOWS\OneDrive\知识库\智库信息爬虫\国际主要科技智库观点演变_研判\03_证据底稿\文本\C-NISTEP-RM282-56001894.txt,http://hdl.handle.net/11035/00006598,官方PDF已保存并校验
科技指标、论文与国际比较,科技创新政策与能力基线,C-NISTEP-RM282-56001894,2019-06-01,W2,科学技術に関する国民意識調査－Society5.0－,机构正式研究,C:\Users\WINDOWS\OneDrive\知识库\智库信息爬虫\国际主要科技智库观点演变_研判\03_证据底稿\原文PDF\C-NISTEP-RM282-56001894.pdf,C:\Users\WINDOWS\OneDrive\知识库\智库信息爬虫\国际主要科技智库观点演变_研判\03_证据底稿\文本\C-NISTEP-RM282-56001894.txt,http://hdl.handle.net/11035/00006598,官方PDF已保存并校验
科研体系、资助与研究基础,科技创新政策与能力基线,C-NISTEP-RM282-56001894,2019-06-01,W2,科学技術に関する国民意識調査－Society5.0－,机构正式研究,C:\Users\WINDOWS\OneDrive\知识库\智库信息爬虫\国际主要科技智库观点演变_研判\03_证据底稿\原文PDF\C-NISTEP-RM282-56001894.pdf,C:\Users\WINDOWS\OneDrive\知识库\智库信息爬虫\国际主要科技智库观点演变_研判\03_证据底稿\文本\C-NISTEP-RM282-56001894.txt,http://hdl.handle.net/11035/00006598,官方PDF已保存并校验
企业研发、创新与产学合作,科技创新政策与能力基线,C-NISTEP-RM282-56001894,2019-06-01,W2,科学技術に関する国民意識調査－Society5.0－,机构正式研究,C:\Users\WINDOWS\OneDrive\知识库\智库信息爬虫\国际主要科技智库观点演变_研判\03_证据底稿\原文PDF\C-NISTEP-RM282-56001894.pdf,C:\Users\WINDOWS\OneDrive\知识库\智库信息爬虫\国际主要科技智库观点演变_研判\03_证据底稿\文本\C-NISTEP-RM282-56001894.txt,http://hdl.handle.net/11035/00006598,官方PDF已保存并校验
开放科学、研究诚信与治理,科技创新政策与能力基线,C-NISTEP-RM282-56001894,2019-06-01,W2,科学技術に関する国民意識調査－Society5.0－,机构正式研究,C:\Users\WINDOWS\OneDrive\知识库\智库信息爬虫\国际主要科技智库观点演变_研判\03_证据底稿\原文PDF\C-NISTEP-RM282-56001894.pdf,C:\Users\WINDOWS\OneDrive\知识库\智库信息爬虫\国际主要科技智库观点演变_研判\03_证据底稿\文本\C-NISTEP-RM282-56001894.txt,http://hdl.handle.net/11035/00006598,官方PDF已保存并校验
人工智能、数据与数字技术,核心科技直接材料,C-NISTEP-DP172-9005E6BF,2019-07-01,W2,第11回科学技術予測調査［3-1］未来につなぐクローズアップ科学技術領域－AI関連技術とエキスパートジャッチの組み合わせによる抽出の試み－,作者讨论论文,C:\Users\WINDOWS\OneDrive\知识库\智库信息爬虫\国际主要科技智库观点演变_研判\03_证据底稿\原文PDF\C-NISTEP-DP172-9005E6BF.pdf,C:\Users\WINDOWS\OneDrive\知识库\智库信息爬虫\国际主要科技智库观点演变_研判\03_证据底稿\文本\C-NISTEP-DP172-9005E6BF.txt,http://hdl.handle.net/11035/00006599,官方PDF已保存并校验
关键技术、专利与产业竞争力,核心科技直接材料,C-NISTEP-DP172-9005E6BF,2019-07-01,W2,第11回科学技術予測調査［3-1］未来につなぐクローズアップ科学技術領域－AI関連技術とエキスパートジャッチの組み合わせによる抽出の試み－,作者讨论论文,C:\Users\WINDOWS\OneDrive\知识库\智库信息爬虫\国际主要科技智库观点演变_研判\03_证据底稿\原文PDF\C-NISTEP-DP172-9005E6BF.pdf,C:\Users\WINDOWS\OneDrive\知识库\智库信息爬虫\国际主要科技智库观点演变_研判\03_证据底稿\文本\C-NISTEP-DP172-9005E6BF.txt,http://hdl.handle.net/11035/00006599,官方PDF已保存并校验
科技指标、论文与国际比较,核心科技直接材料,C-NISTEP-DP172-9005E6BF,2019-07-01,W2,第11回科学技術予測調査［3-1］未来につなぐクローズアップ科学技術領域－AI関連技術とエキスパートジャッチの組み合わせによる抽出の試み－,作者讨论论文,C:\Users\WINDOWS\OneDrive\知识库\智库信息爬虫\国际主要科技智库观点演变_研判\03_证据底稿\原文PDF\C-NISTEP-DP172-9005E6BF.pdf,C:\Users\WINDOWS\OneDrive\知识库\智库信息爬虫\国际主要科技智库观点演变_研判\03_证据底稿\文本\C-NISTEP-DP172-9005E6BF.txt,http://hdl.handle.net/11035/00006599,官方PDF已保存并校验
科研体系、资助与研究基础,核心科技直接材料,C-NISTEP-DP172-9005E6BF,2019-07-01,W2,第11回科学技術予測調査［3-1］未来につなぐクローズアップ科学技術領域－AI関連技術とエキスパートジャッチの組み合わせによる抽出の試み－,作者讨论论文,C:\Users\WINDOWS\OneDrive\知识库\智库信息爬虫\国际主要科技智库观点演变_研判\03_证据底稿\原文PDF\C-NISTEP-DP172-9005E6BF.pdf,C:\Users\WINDOWS\OneDrive\知识库\智库信息爬虫\国际主要科技智库观点演变_研判\03_证据底稿\文本\C-NISTEP-DP172-9005E6BF.txt,http://hdl.handle.net/11035/00006599,官方PDF已保存并校验
企业研发、创新与产学合作,核心科技直接材料,C-NISTEP-DP172-9005E6BF,2019-07-01,W2,第11回科学技術予測調査［3-1］未来につなぐクローズアップ科学技術領域－AI関連技術とエキスパートジャッチの組み合わせによる抽出の試み－,作者讨论论文,C:\Users\WINDOWS\OneDrive\知识库\智库信息爬虫\国际主要科技智库观点演变_研判\03_证据底稿\原文PDF\C-NISTEP-DP172-9005E6BF.pdf,C:\Users\WINDOWS\OneDrive\知识库\智库信息爬虫\国际主要科技智库观点演变_研判\03_证据底稿\文本\C-NISTEP-DP172-9005E6BF.txt,http://hdl.handle.net/11035/00006599,官方PDF已保存并校验
科技前瞻、新兴议题与社会,核心科技直接材料,C-NISTEP-DP172-9005E6BF,2019-07-01,W2,第11回科学技術予測調査［3-1］未来につなぐクローズアップ科学技術領域－AI関連技術とエキスパートジャッチの組み合わせによる抽出の試み－,作者讨论论文,C:\Users\WINDOWS\OneDrive\知识库\智库信息爬虫\国际主要科技智库观点演变_研判\03_证据底稿\原文PDF\C-NISTEP-DP172-9005E6BF.pdf,C:\Users\WINDOWS\OneDrive\知识库\智库信息爬虫\国际主要科技智库观点演变_研判\03_证据底稿\文本\C-NISTEP-DP172-9005E6BF.txt,http://hdl.handle.net/11035/00006599,官方PDF已保存并校验
关键技术、专利与产业竞争力,科技创新政策与能力基线,C-NISTEP-NR182-9742B129,2019-08-01,W2,全国イノベーション調査2018年調査統計報告,机构正式研究,C:\Users\WINDOWS\OneDrive\知识库\智库信息爬虫\国际主要科技智库观点演变_研判\03_证据底稿\原文PDF\C-NISTEP-NR182-9742B129.pdf,C:\Users\WINDOWS\OneDrive\知识库\智库信息爬虫\国际主要科技智库观点演变_研判\03_证据底稿\文本\C-NISTEP-NR182-9742B129.txt,http://hdl.handle.net/11035/00006601,官方PDF已保存并校验
科技指标、论文与国际比较,科技创新政策与能力基线,C-NISTEP-NR182-9742B129,2019-08-01,W2,全国イノベーション調査2018年調査統計報告,机构正式研究,C:\Users\WINDOWS\OneDrive\知识库\智库信息爬虫\国际主要科技智库观点演变_研判\03_证据底稿\原文PDF\C-NISTEP-NR182-9742B129.pdf,C:\Users\WINDOWS\OneDrive\知识库\智库信息爬虫\国际主要科技智库观点演变_研判\03_证据底稿\文本\C-NISTEP-NR182-9742B129.txt,http://hdl.handle.net/11035/00006601,官方PDF已保存并校验
科研体系、资助与研究基础,科技创新政策与能力基线,C-NISTEP-NR182-9742B129,2019-08-01,W2,全国イノベーション調査2018年調査統計報告,机构正式研究,C:\Users\WINDOWS\OneDrive\知识库\智库信息爬虫\国际主要科技智库观点演变_研判\03_证据底稿\原文PDF\C-NISTEP-NR182-9742B129.pdf,C:\Users\WINDOWS\OneDrive\知识库\智库信息爬虫\国际主要科技智库观点演变_研判\03_证据底稿\文本\C-NISTEP-NR182-9742B129.txt,http://hdl.handle.net/11035/00006601,官方PDF已保存并校验
科技人才、博士与职业流动,科技创新政策与能力基线,C-NISTEP-NR182-9742B129,2019-08-01,W2,全国イノベーション調査2018年調査統計報告,机构正式研究,C:\Users\WINDOWS\OneDrive\知识库\智库信息爬虫\国际主要科技智库观点演变_研判\03_证据底稿\原文PDF\C-NISTEP-NR182-9742B129.pdf,C:\Users\WINDOWS\OneDrive\知识库\智库信息爬虫\国际主要科技智库观点演变_研判\03_证据底稿\文本\C-NISTEP-NR182-9742B129.txt,http://hdl.handle.net/11035/00006601,官方PDF已保存并校验
企业研发、创新与产学合作,科技创新政策与能力基线,C-NISTEP-NR182-9742B129,2019-08-01,W2,全国イノベーション調査2018年調査統計報告,机构正式研究,C:\Users\WINDOWS\OneDrive\知识库\智库信息爬虫\国际主要科技智库观点演变_研判\03_证据底稿\原文PDF\C-NISTEP-NR182-9742B129.pdf,C:\Users\WINDOWS\OneDrive\知识库\智库信息爬虫\国际主要科技智库观点演变_研判\03_证据底稿\文本\C-NISTEP-NR182-9742B129.txt,http://hdl.handle.net/11035/00006601,官方PDF已保存并校验
人工智能、数据与数字技术,科技创新政策与能力基线,C-NISTEP-RM283-5DEA9D15,2019-08-01,W2,科学技術指標2019,机构正式研究,C:\Users\WINDOWS\OneDrive\知识库\智库信息爬虫\国际主要科技智库观点演变_研判\03_证据底稿\网页文本\C-NISTEP-RM283-5DEA9D15.txt,C:\Users\WINDOWS\OneDrive\知识库\智库信息爬虫\国际主要科技智库观点演变_研判\03_证据底稿\网页文本\C-NISTEP-RM283-5DEA9D15.txt,http://hdl.handle.net/11035/00006602,官方HTML版报告已保存
关键技术、专利与产业竞争力,科技创新政策与能力基线,C-NISTEP-RM283-5DEA9D15,2019-08-01,W2,科学技術指標2019,机构正式研究,C:\Users\WINDOWS\OneDrive\知识库\智库信息爬虫\国际主要科技智库观点演变_研判\03_证据底稿\网页文本\C-NISTEP-RM283-5DEA9D15.txt,C:\Users\WINDOWS\OneDrive\知识库\智库信息爬虫\国际主要科技智库观点演变_研判\03_证据底稿\网页文本\C-NISTEP-RM283-5DEA9D15.txt,http://hdl.handle.net/11035/00006602,官方HTML版报告已保存
科技指标、论文与国际比较,科技创新政策与能力基线,C-NISTEP-RM283-5DEA9D15,2019-08-01,W2,科学技術指標2019,机构正式研究,C:\Users\WINDOWS\OneDrive\知识库\智库信息爬虫\国际主要科技智库观点演变_研判\03_证据底稿\网页文本\C-NISTEP-RM283-5DEA9D15.txt,C:\Users\WINDOWS\OneDrive\知识库\智库信息爬虫\国际主要科技智库观点演变_研判\03_证据底稿\网页文本\C-NISTEP-RM283-5DEA9D15.txt,http://hdl.handle.net/11035/00006602,官方HTML版报告已保存
科研体系、资助与研究基础,科技创新政策与能力基线,C-NISTEP-RM283-5DEA9D15,2019-08-01,W2,科学技術指標2019,机构正式研究,C:\Users\WINDOWS\OneDrive\知识库\智库信息爬虫\国际主要科技智库观点演变_研判\03_证据底稿\网页文本\C-NISTEP-RM283-5DEA9D15.txt,C:\Users\WINDOWS\OneDrive\知识库\智库信息爬虫\国际主要科技智库观点演变_研判\03_证据底稿\网页文本\C-NISTEP-RM283-5DEA9D15.txt,http://hdl.handle.net/11035/00006602,官方HTML版报告已保存
科技人才、博士与职业流动,科技创新政策与能力基线,C-NISTEP-RM283-5DEA9D15,2019-08-01,W2,科学技術指標2019,机构正式研究,C:\Users\WINDOWS\OneDrive\知识库\智库信息爬虫\国际主要科技智库观点演变_研判\03_证据底稿\网页文本\C-NISTEP-RM283-5DEA9D15.txt,C:\Users\WINDOWS\OneDrive\知识库\智库信息爬虫\国际主要科技智库观点演变_研判\03_证据底稿\网页文本\C-NISTEP-RM283-5DEA9D15.txt,http://hdl.handle.net/11035/00006602,官方HTML版报告已保存
企业研发、创新与产学合作,科技创新政策与能力基线,C-NISTEP-RM283-5DEA9D15,2019-08-01,W2,科学技術指標2019,机构正式研究,C:\Users\WINDOWS\OneDrive\知识库\智库信息爬虫\国际主要科技智库观点演变_研判\03_证据底稿\网页文本\C-NISTEP-RM283-5DEA9D15.txt,C:\Users\WINDOWS\OneDrive\知识库\智库信息爬虫\国际主要科技智库观点演变_研判\03_证据底稿\网页文本\C-NISTEP-RM283-5DEA9D15.txt,http://hdl.handle.net/11035/00006602,官方HTML版报告已保存
科技前瞻、新兴议题与社会,科技创新政策与能力基线,C-NISTEP-RM283-5DEA9D15,2019-08-01,W2,科学技術指標2019,机构正式研究,C:\Users\WINDOWS\OneDrive\知识库\智库信息爬虫\国际主要科技智库观点演变_研判\03_证据底稿\网页文本\C-NISTEP-RM283-5DEA9D15.txt,C:\Users\WINDOWS\OneDrive\知识库\智库信息爬虫\国际主要科技智库观点演变_研判\03_证据底稿\网页文本\C-NISTEP-RM283-5DEA9D15.txt,http://hdl.handle.net/11035/00006602,官方HTML版报告已保存
开放科学、研究诚信与治理,科技创新政策与能力基线,C-NISTEP-RM283-5DEA9D15,2019-08-01,W2,科学技術指標2019,机构正式研究,C:\Users\WINDOWS\OneDrive\知识库\智库信息爬虫\国际主要科技智库观点演变_研判\03_证据底稿\网页文本\C-NISTEP-RM283-5DEA9D15.txt,C:\Users\WINDOWS\OneDrive\知识库\智库信息爬虫\国际主要科技智库观点演变_研判\03_证据底稿\网页文本\C-NISTEP-RM283-5DEA9D15.txt,http://hdl.handle.net/11035/00006602,官方HTML版报告已保存
中国科技能力与国际比较,科技创新政策与能力基线,C-NISTEP-RM283-5DEA9D15,2019-08-01,W2,科学技術指標2019,机构正式研究,C:\Users\WINDOWS\OneDrive\知识库\智库信息爬虫\国际主要科技智库观点演变_研判\03_证据底稿\网页文本\C-NISTEP-RM283-5DEA9D15.txt,C:\Users\WINDOWS\OneDrive\知识库\智库信息爬虫\国际主要科技智库观点演变_研判\03_证据底稿\网页文本\C-NISTEP-RM283-5DEA9D15.txt,http://hdl.handle.net/11035/00006602,官方HTML版报告已保存
人工智能、数据与数字技术,科技创新政策与能力基线,C-NISTEP-RM284-60373759,2019-08-01,W2,科学研究のベンチマーキング2019-論文分析でみる世界の研究活動の変化と日本の状況-,机构正式研究,C:\Users\WINDOWS\OneDrive\知识库\智库信息爬虫\国际主要科技智库观点演变_研判\03_证据底稿\网页文本\C-NISTEP-RM284-60373759.txt,C:\Users\WINDOWS\OneDrive\知识库\智库信息爬虫\国际主要科技智库观点演变_研判\03_证据底稿\网页文本\C-NISTEP-RM284-60373759.txt,http://hdl.handle.net/11035/00006603,官方发布页摘要已保存
关键技术、专利与产业竞争力,科技创新政策与能力基线,C-NISTEP-RM284-60373759,2019-08-01,W2,科学研究のベンチマーキング2019-論文分析でみる世界の研究活動の変化と日本の状況-,机构正式研究,C:\Users\WINDOWS\OneDrive\知识库\智库信息爬虫\国际主要科技智库观点演变_研判\03_证据底稿\网页文本\C-NISTEP-RM284-60373759.txt,C:\Users\WINDOWS\OneDrive\知识库\智库信息爬虫\国际主要科技智库观点演变_研判\03_证据底稿\网页文本\C-NISTEP-RM284-60373759.txt,http://hdl.handle.net/11035/00006603,官方发布页摘要已保存
科技指标、论文与国际比较,科技创新政策与能力基线,C-NISTEP-RM284-60373759,2019-08-01,W2,科学研究のベンチマーキング2019-論文分析でみる世界の研究活動の変化と日本の状況-,机构正式研究,C:\Users\WINDOWS\OneDrive\知识库\智库信息爬虫\国际主要科技智库观点演变_研判\03_证据底稿\网页文本\C-NISTEP-RM284-60373759.txt,C:\Users\WINDOWS\OneDrive\知识库\智库信息爬虫\国际主要科技智库观点演变_研判\03_证据底稿\网页文本\C-NISTEP-RM284-60373759.txt,http://hdl.handle.net/11035/00006603,官方发布页摘要已保存
科研体系、资助与研究基础,科技创新政策与能力基线,C-NISTEP-RM284-60373759,2019-08-01,W2,科学研究のベンチマーキング2019-論文分析でみる世界の研究活動の変化と日本の状況-,机构正式研究,C:\Users\WINDOWS\OneDrive\知识库\智库信息爬虫\国际主要科技智库观点演变_研判\03_证据底稿\网页文本\C-NISTEP-RM284-60373759.txt,C:\Users\WINDOWS\OneDrive\知识库\智库信息爬虫\国际主要科技智库观点演变_研判\03_证据底稿\网页文本\C-NISTEP-RM284-60373759.txt,http://hdl.handle.net/11035/00006603,官方发布页摘要已保存
科技人才、博士与职业流动,科技创新政策与能力基线,C-NISTEP-RM284-60373759,2019-08-01,W2,科学研究のベンチマーキング2019-論文分析でみる世界の研究活動の変化と日本の状況-,机构正式研究,C:\Users\WINDOWS\OneDrive\知识库\智库信息爬虫\国际主要科技智库观点演变_研判\03_证据底稿\网页文本\C-NISTEP-RM284-60373759.txt,C:\Users\WINDOWS\OneDrive\知识库\智库信息爬虫\国际主要科技智库观点演变_研判\03_证据底稿\网页文本\C-NISTEP-RM284-60373759.txt,http://hdl.handle.net/11035/00006603,官方发布页摘要已保存
企业研发、创新与产学合作,科技创新政策与能力基线,C-NISTEP-RM284-60373759,2019-08-01,W2,科学研究のベンチマーキング2019-論文分析でみる世界の研究活動の変化と日本の状況-,机构正式研究,C:\Users\WINDOWS\OneDrive\知识库\智库信息爬虫\国际主要科技智库观点演变_研判\03_证据底稿\网页文本\C-NISTEP-RM284-60373759.txt,C:\Users\WINDOWS\OneDrive\知识库\智库信息爬虫\国际主要科技智库观点演变_研判\03_证据底稿\网页文本\C-NISTEP-RM284-60373759.txt,http://hdl.handle.net/11035/00006603,官方发布页摘要已保存
科技前瞻、新兴议题与社会,科技创新政策与能力基线,C-NISTEP-RM284-60373759,2019-08-01,W2,科学研究のベンチマーキング2019-論文分析でみる世界の研究活動の変化と日本の状況-,机构正式研究,C:\Users\WINDOWS\OneDrive\知识库\智库信息爬虫\国际主要科技智库观点演变_研判\03_证据底稿\网页文本\C-NISTEP-RM284-60373759.txt,C:\Users\WINDOWS\OneDrive\知识库\智库信息爬虫\国际主要科技智库观点演变_研判\03_证据底稿\网页文本\C-NISTEP-RM284-60373759.txt,http://hdl.handle.net/11035/00006603,官方发布页摘要已保存
人工智能、数据与数字技术,科技创新政策与能力基线,C-NISTEP-DP173-F6081007,2019-09-01,W2,理系分野の博士人材の多様化の計測―平成元年度～30年度学校基本調査データによる女性博士課程入学者数等の検討―,作者讨论论文,C:\Users\WINDOWS\OneDrive\知识库\智库信息爬虫\国际主要科技智库观点演变_研判\03_证据底稿\原文PDF\C-NISTEP-DP173-F6081007.pdf,C:\Users\WINDOWS\OneDrive\知识库\智库信息爬虫\国际主要科技智库观点演变_研判\03_证据底稿\文本\C-NISTEP-DP173-F6081007.txt,http://hdl.handle.net/11035/00006606,官方PDF已保存并校验
科技指标、论文与国际比较,科技创新政策与能力基线,C-NISTEP-DP173-F6081007,2019-09-01,W2,理系分野の博士人材の多様化の計測―平成元年度～30年度学校基本調査データによる女性博士課程入学者数等の検討―,作者讨论论文,C:\Users\WINDOWS\OneDrive\知识库\智库信息爬虫\国际主要科技智库观点演变_研判\03_证据底稿\原文PDF\C-NISTEP-DP173-F6081007.pdf,C:\Users\WINDOWS\OneDrive\知识库\智库信息爬虫\国际主要科技智库观点演变_研判\03_证据底稿\文本\C-NISTEP-DP173-F6081007.txt,http://hdl.handle.net/11035/00006606,官方PDF已保存并校验
科研体系、资助与研究基础,科技创新政策与能力基线,C-NISTEP-DP173-F6081007,2019-09-01,W2,理系分野の博士人材の多様化の計測―平成元年度～30年度学校基本調査データによる女性博士課程入学者数等の検討―,作者讨论论文,C:\Users\WINDOWS\OneDrive\知识库\智库信息爬虫\国际主要科技智库观点演变_研判\03_证据底稿\原文PDF\C-NISTEP-DP173-F6081007.pdf,C:\Users\WINDOWS\OneDrive\知识库\智库信息爬虫\国际主要科技智库观点演变_研判\03_证据底稿\文本\C-NISTEP-DP173-F6081007.txt,http://hdl.handle.net/11035/00006606,官方PDF已保存并校验
科技人才、博士与职业流动,科技创新政策与能力基线,C-NISTEP-DP173-F6081007,2019-09-01,W2,理系分野の博士人材の多様化の計測―平成元年度～30年度学校基本調査データによる女性博士課程入学者数等の検討―,作者讨论论文,C:\Users\WINDOWS\OneDrive\知识库\智库信息爬虫\国际主要科技智库观点演变_研判\03_证据底稿\原文PDF\C-NISTEP-DP173-F6081007.pdf,C:\Users\WINDOWS\OneDrive\知识库\智库信息爬虫\国际主要科技智库观点演变_研判\03_证据底稿\文本\C-NISTEP-DP173-F6081007.txt,http://hdl.handle.net/11035/00006606,官方PDF已保存并校验
人工智能、数据与数字技术,核心科技直接材料,C-NISTEP-DP174-CD767C28,2019-11-01,W2,STI for SDGs に関する政策レビュー及び研究助成との関連づけへの人工知能（AI）関連技術の試行的活用,作者讨论论文,C:\Users\WINDOWS\OneDrive\知识库\智库信息爬虫\国际主要科技智库观点演变_研判\03_证据底稿\原文PDF\C-NISTEP-DP174-CD767C28.pdf,C:\Users\WINDOWS\OneDrive\知识库\智库信息爬虫\国际主要科技智库观点演变_研判\03_证据底稿\文本\C-NISTEP-DP174-CD767C28.txt,http://hdl.handle.net/11035/00006608,官方PDF已保存并校验
科技指标、论文与国际比较,核心科技直接材料,C-NISTEP-DP174-CD767C28,2019-11-01,W2,STI for SDGs に関する政策レビュー及び研究助成との関連づけへの人工知能（AI）関連技術の試行的活用,作者讨论论文,C:\Users\WINDOWS\OneDrive\知识库\智库信息爬虫\国际主要科技智库观点演变_研判\03_证据底稿\原文PDF\C-NISTEP-DP174-CD767C28.pdf,C:\Users\WINDOWS\OneDrive\知识库\智库信息爬虫\国际主要科技智库观点演变_研判\03_证据底稿\文本\C-NISTEP-DP174-CD767C28.txt,http://hdl.handle.net/11035/00006608,官方PDF已保存并校验
科研体系、资助与研究基础,核心科技直接材料,C-NISTEP-DP174-CD767C28,2019-11-01,W2,STI for SDGs に関する政策レビュー及び研究助成との関連づけへの人工知能（AI）関連技術の試行的活用,作者讨论论文,C:\Users\WINDOWS\OneDrive\知识库\智库信息爬虫\国际主要科技智库观点演变_研判\03_证据底稿\原文PDF\C-NISTEP-DP174-CD767C28.pdf,C:\Users\WINDOWS\OneDrive\知识库\智库信息爬虫\国际主要科技智库观点演变_研判\03_证据底稿\文本\C-NISTEP-DP174-CD767C28.txt,http://hdl.handle.net/11035/00006608,官方PDF已保存并校验
企业研发、创新与产学合作,核心科技直接材料,C-NISTEP-DP174-CD767C28,2019-11-01,W2,STI for SDGs に関する政策レビュー及び研究助成との関連づけへの人工知能（AI）関連技術の試行的活用,作者讨论论文,C:\Users\WINDOWS\OneDrive\知识库\智库信息爬虫\国际主要科技智库观点演变_研判\03_证据底稿\原文PDF\C-NISTEP-DP174-CD767C28.pdf,C:\Users\WINDOWS\OneDrive\知识库\智库信息爬虫\国际主要科技智库观点演变_研判\03_证据底稿\文本\C-NISTEP-DP174-CD767C28.txt,http://hdl.handle.net/11035/00006608,官方PDF已保存并校验
科技前瞻、新兴议题与社会,核心科技直接材料,C-NISTEP-DP174-CD767C28,2019-11-01,W2,STI for SDGs に関する政策レビュー及び研究助成との関連づけへの人工知能（AI）関連技術の試行的活用,作者讨论论文,C:\Users\WINDOWS\OneDrive\知识库\智库信息爬虫\国际主要科技智库观点演变_研判\03_证据底稿\原文PDF\C-NISTEP-DP174-CD767C28.pdf,C:\Users\WINDOWS\OneDrive\知识库\智库信息爬虫\国际主要科技智库观点演变_研判\03_证据底稿\文本\C-NISTEP-DP174-CD767C28.txt,http://hdl.handle.net/11035/00006608,官方PDF已保存并校验
人工智能、数据与数字技术,科技创新政策与能力基线,C-NISTEP-NR183-66533C73,2019-11-01,W2,第11回科学技術予測調査 S&T Foresight 2019 総合報告書,机构正式研究,C:\Users\WINDOWS\OneDrive\知识库\智库信息爬虫\国际主要科技智库观点演变_研判\03_证据底稿\原文PDF\C-NISTEP-NR183-66533C73.pdf,C:\Users\WINDOWS\OneDrive\知识库\智库信息爬虫\国际主要科技智库观点演变_研判\03_证据底稿\文本\C-NISTEP-NR183-66533C73.txt,http://hdl.handle.net/11035/00006607,官方PDF已保存并校验
关键技术、专利与产业竞争力,科技创新政策与能力基线,C-NISTEP-NR183-66533C73,2019-11-01,W2,第11回科学技術予測調査 S&T Foresight 2019 総合報告書,机构正式研究,C:\Users\WINDOWS\OneDrive\知识库\智库信息爬虫\国际主要科技智库观点演变_研判\03_证据底稿\原文PDF\C-NISTEP-NR183-66533C73.pdf,C:\Users\WINDOWS\OneDrive\知识库\智库信息爬虫\国际主要科技智库观点演变_研判\03_证据底稿\文本\C-NISTEP-NR183-66533C73.txt,http://hdl.handle.net/11035/00006607,官方PDF已保存并校验
科技指标、论文与国际比较,科技创新政策与能力基线,C-NISTEP-NR183-66533C73,2019-11-01,W2,第11回科学技術予測調査 S&T Foresight 2019 総合報告書,机构正式研究,C:\Users\WINDOWS\OneDrive\知识库\智库信息爬虫\国际主要科技智库观点演变_研判\03_证据底稿\原文PDF\C-NISTEP-NR183-66533C73.pdf,C:\Users\WINDOWS\OneDrive\知识库\智库信息爬虫\国际主要科技智库观点演变_研判\03_证据底稿\文本\C-NISTEP-NR183-66533C73.txt,http://hdl.handle.net/11035/00006607,官方PDF已保存并校验
科研体系、资助与研究基础,科技创新政策与能力基线,C-NISTEP-NR183-66533C73,2019-11-01,W2,第11回科学技術予測調査 S&T Foresight 2019 総合報告書,机构正式研究,C:\Users\WINDOWS\OneDrive\知识库\智库信息爬虫\国际主要科技智库观点演变_研判\03_证据底稿\原文PDF\C-NISTEP-NR183-66533C73.pdf,C:\Users\WINDOWS\OneDrive\知识库\智库信息爬虫\国际主要科技智库观点演变_研判\03_证据底稿\文本\C-NISTEP-NR183-66533C73.txt,http://hdl.handle.net/11035/00006607,官方PDF已保存并校验
科技人才、博士与职业流动,科技创新政策与能力基线,C-NISTEP-NR183-66533C73,2019-11-01,W2,第11回科学技術予測調査 S&T Foresight 2019 総合報告書,机构正式研究,C:\Users\WINDOWS\OneDrive\知识库\智库信息爬虫\国际主要科技智库观点演变_研判\03_证据底稿\原文PDF\C-NISTEP-NR183-66533C73.pdf,C:\Users\WINDOWS\OneDrive\知识库\智库信息爬虫\国际主要科技智库观点演变_研判\03_证据底稿\文本\C-NISTEP-NR183-66533C73.txt,http://hdl.handle.net/11035/00006607,官方PDF已保存并校验
企业研发、创新与产学合作,科技创新政策与能力基线,C-NISTEP-NR183-66533C73,2019-11-01,W2,第11回科学技術予測調査 S&T Foresight 2019 総合報告書,机构正式研究,C:\Users\WINDOWS\OneDrive\知识库\智库信息爬虫\国际主要科技智库观点演变_研判\03_证据底稿\原文PDF\C-NISTEP-NR183-66533C73.pdf,C:\Users\WINDOWS\OneDrive\知识库\智库信息爬虫\国际主要科技智库观点演变_研判\03_证据底稿\文本\C-NISTEP-NR183-66533C73.txt,http://hdl.handle.net/11035/00006607,官方PDF已保存并校验
科技前瞻、新兴议题与社会,科技创新政策与能力基线,C-NISTEP-NR183-66533C73,2019-11-01,W2,第11回科学技術予測調査 S&T Foresight 2019 総合報告書,机构正式研究,C:\Users\WINDOWS\OneDrive\知识库\智库信息爬虫\国际主要科技智库观点演变_研判\03_证据底稿\原文PDF\C-NISTEP-NR183-66533C73.pdf,C:\Users\WINDOWS\OneDrive\知识库\智库信息爬虫\国际主要科技智库观点演变_研判\03_证据底稿\文本\C-NISTEP-NR183-66533C73.txt,http://hdl.handle.net/11035/00006607,官方PDF已保存并校验
开放科学、研究诚信与治理,科技创新政策与能力基线,C-NISTEP-NR183-66533C73,2019-11-01,W2,第11回科学技術予測調査 S&T Foresight 2019 総合報告書,机构正式研究,C:\Users\WINDOWS\OneDrive\知识库\智库信息爬虫\国际主要科技智库观点演变_研判\03_证据底稿\原文PDF\C-NISTEP-NR183-66533C73.pdf,C:\Users\WINDOWS\OneDrive\知识库\智库信息爬虫\国际主要科技智库观点演变_研判\03_证据底稿\文本\C-NISTEP-NR183-66533C73.txt,http://hdl.handle.net/11035/00006607,官方PDF已保存并校验
人工智能、数据与数字技术,科技创新政策与能力基线,C-NISTEP-RM285-4601CD8F,2019-11-01,W2,論文の引用・共著関係からみる我が国の研究活動の国際展開に関する分析,机构正式研究,C:\Users\WINDOWS\OneDrive\知识库\智库信息爬虫\国际主要科技智库观点演变_研判\03_证据底稿\原文PDF\C-NISTEP-RM285-4601CD8F.pdf,C:\Users\WINDOWS\OneDrive\知识库\智库信息爬虫\国际主要科技智库观点演变_研判\03_证据底稿\文本\C-NISTEP-RM285-4601CD8F.txt,http://hdl.handle.net/11035/00006609,官方PDF已保存并校验
科技指标、论文与国际比较,科技创新政策与能力基线,C-NISTEP-RM285-4601CD8F,2019-11-01,W2,論文の引用・共著関係からみる我が国の研究活動の国際展開に関する分析,机构正式研究,C:\Users\WINDOWS\OneDrive\知识库\智库信息爬虫\国际主要科技智库观点演变_研判\03_证据底稿\原文PDF\C-NISTEP-RM285-4601CD8F.pdf,C:\Users\WINDOWS\OneDrive\知识库\智库信息爬虫\国际主要科技智库观点演变_研判\03_证据底稿\文本\C-NISTEP-RM285-4601CD8F.txt,http://hdl.handle.net/11035/00006609,官方PDF已保存并校验
科研体系、资助与研究基础,科技创新政策与能力基线,C-NISTEP-RM285-4601CD8F,2019-11-01,W2,論文の引用・共著関係からみる我が国の研究活動の国際展開に関する分析,机构正式研究,C:\Users\WINDOWS\OneDrive\知识库\智库信息爬虫\国际主要科技智库观点演变_研判\03_证据底稿\原文PDF\C-NISTEP-RM285-4601CD8F.pdf,C:\Users\WINDOWS\OneDrive\知识库\智库信息爬虫\国际主要科技智库观点演变_研判\03_证据底稿\文本\C-NISTEP-RM285-4601CD8F.txt,http://hdl.handle.net/11035/00006609,官方PDF已保存并校验
中国科技能力与国际比较,科技创新政策与能力基线,C-NISTEP-RM285-4601CD8F,2019-11-01,W2,論文の引用・共著関係からみる我が国の研究活動の国際展開に関する分析,机构正式研究,C:\Users\WINDOWS\OneDrive\知识库\智库信息爬虫\国际主要科技智库观点演变_研判\03_证据底稿\原文PDF\C-NISTEP-RM285-4601CD8F.pdf,C:\Users\WINDOWS\OneDrive\知识库\智库信息爬虫\国际主要科技智库观点演变_研判\03_证据底稿\文本\C-NISTEP-RM285-4601CD8F.txt,http://hdl.handle.net/11035/00006609,官方PDF已保存并校验
人工智能、数据与数字技术,核心科技直接材料,C-NISTEP-DP175-CED1286D,2019-12-01,W2,特許文書情報を用いた発明内容の抽出と出願人タイプ別特性比較,作者讨论论文,C:\Users\WINDOWS\OneDrive\知识库\智库信息爬虫\国际主要科技智库观点演变_研判\03_证据底稿\原文PDF\C-NISTEP-DP175-CED1286D.pdf,C:\Users\WINDOWS\OneDrive\知识库\智库信息爬虫\国际主要科技智库观点演变_研判\03_证据底稿\文本\C-NISTEP-DP175-CED1286D.txt,http://hdl.handle.net/11035/00006613,官方PDF已保存并校验
关键技术、专利与产业竞争力,核心科技直接材料,C-NISTEP-DP175-CED1286D,2019-12-01,W2,特許文書情報を用いた発明内容の抽出と出願人タイプ別特性比較,作者讨论论文,C:\Users\WINDOWS\OneDrive\知识库\智库信息爬虫\国际主要科技智库观点演变_研判\03_证据底稿\原文PDF\C-NISTEP-DP175-CED1286D.pdf,C:\Users\WINDOWS\OneDrive\知识库\智库信息爬虫\国际主要科技智库观点演变_研判\03_证据底稿\文本\C-NISTEP-DP175-CED1286D.txt,http://hdl.handle.net/11035/00006613,官方PDF已保存并校验
科技指标、论文与国际比较,核心科技直接材料,C-NISTEP-DP175-CED1286D,2019-12-01,W2,特許文書情報を用いた発明内容の抽出と出願人タイプ別特性比較,作者讨论论文,C:\Users\WINDOWS\OneDrive\知识库\智库信息爬虫\国际主要科技智库观点演变_研判\03_证据底稿\原文PDF\C-NISTEP-DP175-CED1286D.pdf,C:\Users\WINDOWS\OneDrive\知识库\智库信息爬虫\国际主要科技智库观点演变_研判\03_证据底稿\文本\C-NISTEP-DP175-CED1286D.txt,http://hdl.handle.net/11035/00006613,官方PDF已保存并校验
科研体系、资助与研究基础,核心科技直接材料,C-NISTEP-DP175-CED1286D,2019-12-01,W2,特許文書情報を用いた発明内容の抽出と出願人タイプ別特性比較,作者讨论论文,C:\Users\WINDOWS\OneDrive\知识库\智库信息爬虫\国际主要科技智库观点演变_研判\03_证据底稿\原文PDF\C-NISTEP-DP175-CED1286D.pdf,C:\Users\WINDOWS\OneDrive\知识库\智库信息爬虫\国际主要科技智库观点演变_研判\03_证据底稿\文本\C-NISTEP-DP175-CED1286D.txt,http://hdl.handle.net/11035/00006613,官方PDF已保存并校验
企业研发、创新与产学合作,核心科技直接材料,C-NISTEP-DP175-CED1286D,2019-12-01,W2,特許文書情報を用いた発明内容の抽出と出願人タイプ別特性比較,作者讨论论文,C:\Users\WINDOWS\OneDrive\知识库\智库信息爬虫\国际主要科技智库观点演变_研判\03_证据底稿\原文PDF\C-NISTEP-DP175-CED1286D.pdf,C:\Users\WINDOWS\OneDrive\知识库\智库信息爬虫\国际主要科技智库观点演变_研判\03_证据底稿\文本\C-NISTEP-DP175-CED1286D.txt,http://hdl.handle.net/11035/00006613,官方PDF已保存并校验
人工智能、数据与数字技术,科技创新政策与能力基线,C-NISTEP-DP176-485F693F,2019-12-01,W2,博士課程在籍者のキャリアパス意識調査：移転可能スキルへの関心と博士留学生の意識,作者讨论论文,C:\Users\WINDOWS\OneDrive\知识库\智库信息爬虫\国际主要科技智库观点演变_研判\03_证据底稿\原文PDF\C-NISTEP-DP176-485F693F.pdf,C:\Users\WINDOWS\OneDrive\知识库\智库信息爬虫\国际主要科技智库观点演变_研判\03_证据底稿\文本\C-NISTEP-DP176-485F693F.txt,http://hdl.handle.net/11035/00006612,官方PDF已保存并校验
科技指标、论文与国际比较,科技创新政策与能力基线,C-NISTEP-DP176-485F693F,2019-12-01,W2,博士課程在籍者のキャリアパス意識調査：移転可能スキルへの関心と博士留学生の意識,作者讨论论文,C:\Users\WINDOWS\OneDrive\知识库\智库信息爬虫\国际主要科技智库观点演变_研判\03_证据底稿\原文PDF\C-NISTEP-DP176-485F693F.pdf,C:\Users\WINDOWS\OneDrive\知识库\智库信息爬虫\国际主要科技智库观点演变_研判\03_证据底稿\文本\C-NISTEP-DP176-485F693F.txt,http://hdl.handle.net/11035/00006612,官方PDF已保存并校验
科研体系、资助与研究基础,科技创新政策与能力基线,C-NISTEP-DP176-485F693F,2019-12-01,W2,博士課程在籍者のキャリアパス意識調査：移転可能スキルへの関心と博士留学生の意識,作者讨论论文,C:\Users\WINDOWS\OneDrive\知识库\智库信息爬虫\国际主要科技智库观点演变_研判\03_证据底稿\原文PDF\C-NISTEP-DP176-485F693F.pdf,C:\Users\WINDOWS\OneDrive\知识库\智库信息爬虫\国际主要科技智库观点演变_研判\03_证据底稿\文本\C-NISTEP-DP176-485F693F.txt,http://hdl.handle.net/11035/00006612,官方PDF已保存并校验
科技人才、博士与职业流动,科技创新政策与能力基线,C-NISTEP-DP176-485F693F,2019-12-01,W2,博士課程在籍者のキャリアパス意識調査：移転可能スキルへの関心と博士留学生の意識,作者讨论论文,C:\Users\WINDOWS\OneDrive\知识库\智库信息爬虫\国际主要科技智库观点演变_研判\03_证据底稿\原文PDF\C-NISTEP-DP176-485F693F.pdf,C:\Users\WINDOWS\OneDrive\知识库\智库信息爬虫\国际主要科技智库观点演变_研判\03_证据底稿\文本\C-NISTEP-DP176-485F693F.txt,http://hdl.handle.net/11035/00006612,官方PDF已保存并校验
企业研发、创新与产学合作,科技创新政策与能力基线,C-NISTEP-DP176-485F693F,2019-12-01,W2,博士課程在籍者のキャリアパス意識調査：移転可能スキルへの関心と博士留学生の意識,作者讨论论文,C:\Users\WINDOWS\OneDrive\知识库\智库信息爬虫\国际主要科技智库观点演变_研判\03_证据底稿\原文PDF\C-NISTEP-DP176-485F693F.pdf,C:\Users\WINDOWS\OneDrive\知识库\智库信息爬虫\国际主要科技智库观点演变_研判\03_证据底稿\文本\C-NISTEP-DP176-485F693F.txt,http://hdl.handle.net/11035/00006612,官方PDF已保存并校验
开放科学、研究诚信与治理,科技创新政策与能力基线,C-NISTEP-DP176-485F693F,2019-12-01,W2,博士課程在籍者のキャリアパス意識調査：移転可能スキルへの関心と博士留学生の意識,作者讨论论文,C:\Users\WINDOWS\OneDrive\知识库\智库信息爬虫\国际主要科技智库观点演变_研判\03_证据底稿\原文PDF\C-NISTEP-DP176-485F693F.pdf,C:\Users\WINDOWS\OneDrive\知识库\智库信息爬虫\国际主要科技智库观点演变_研判\03_证据底稿\文本\C-NISTEP-DP176-485F693F.txt,http://hdl.handle.net/11035/00006612,官方PDF已保存并校验
人工智能、数据与数字技术,科技创新政策与能力基线,C-NISTEP-DP177-4ED13B8C,2019-12-01,W2,大学と民間企業による協働研究開発システムの実態―工学系の事例研究―,作者讨论论文,C:\Users\WINDOWS\OneDrive\知识库\智库信息爬虫\国际主要科技智库观点演变_研判\03_证据底稿\原文PDF\C-NISTEP-DP177-4ED13B8C.pdf,C:\Users\WINDOWS\OneDrive\知识库\智库信息爬虫\国际主要科技智库观点演变_研判\03_证据底稿\文本\C-NISTEP-DP177-4ED13B8C.txt,http://hdl.handle.net/11035/00006611,官方PDF已保存并校验
科技指标、论文与国际比较,科技创新政策与能力基线,C-NISTEP-DP177-4ED13B8C,2019-12-01,W2,大学と民間企業による協働研究開発システムの実態―工学系の事例研究―,作者讨论论文,C:\Users\WINDOWS\OneDrive\知识库\智库信息爬虫\国际主要科技智库观点演变_研判\03_证据底稿\原文PDF\C-NISTEP-DP177-4ED13B8C.pdf,C:\Users\WINDOWS\OneDrive\知识库\智库信息爬虫\国际主要科技智库观点演变_研判\03_证据底稿\文本\C-NISTEP-DP177-4ED13B8C.txt,http://hdl.handle.net/11035/00006611,官方PDF已保存并校验
科研体系、资助与研究基础,科技创新政策与能力基线,C-NISTEP-DP177-4ED13B8C,2019-12-01,W2,大学と民間企業による協働研究開発システムの実態―工学系の事例研究―,作者讨论论文,C:\Users\WINDOWS\OneDrive\知识库\智库信息爬虫\国际主要科技智库观点演变_研判\03_证据底稿\原文PDF\C-NISTEP-DP177-4ED13B8C.pdf,C:\Users\WINDOWS\OneDrive\知识库\智库信息爬虫\国际主要科技智库观点演变_研判\03_证据底稿\文本\C-NISTEP-DP177-4ED13B8C.txt,http://hdl.handle.net/11035/00006611,官方PDF已保存并校验
科技人才、博士与职业流动,科技创新政策与能力基线,C-NISTEP-DP177-4ED13B8C,2019-12-01,W2,大学と民間企業による協働研究開発システムの実態―工学系の事例研究―,作者讨论论文,C:\Users\WINDOWS\OneDrive\知识库\智库信息爬虫\国际主要科技智库观点演变_研判\03_证据底稿\原文PDF\C-NISTEP-DP177-4ED13B8C.pdf,C:\Users\WINDOWS\OneDrive\知识库\智库信息爬虫\国际主要科技智库观点演变_研判\03_证据底稿\文本\C-NISTEP-DP177-4ED13B8C.txt,http://hdl.handle.net/11035/00006611,官方PDF已保存并校验
企业研发、创新与产学合作,科技创新政策与能力基线,C-NISTEP-DP177-4ED13B8C,2019-12-01,W2,大学と民間企業による協働研究開発システムの実態―工学系の事例研究―,作者讨论论文,C:\Users\WINDOWS\OneDrive\知识库\智库信息爬虫\国际主要科技智库观点演变_研判\03_证据底稿\原文PDF\C-NISTEP-DP177-4ED13B8C.pdf,C:\Users\WINDOWS\OneDrive\知识库\智库信息爬虫\国际主要科技智库观点演变_研判\03_证据底稿\文本\C-NISTEP-DP177-4ED13B8C.txt,http://hdl.handle.net/11035/00006611,官方PDF已保存并校验
开放科学、研究诚信与治理,科技创新政策与能力基线,C-NISTEP-DP177-4ED13B8C,2019-12-01,W2,大学と民間企業による協働研究開発システムの実態―工学系の事例研究―,作者讨论论文,C:\Users\WINDOWS\OneDrive\知识库\智库信息爬虫\国际主要科技智库观点演变_研判\03_证据底稿\原文PDF\C-NISTEP-DP177-4ED13B8C.pdf,C:\Users\WINDOWS\OneDrive\知识库\智库信息爬虫\国际主要科技智库观点演变_研判\03_证据底稿\文本\C-NISTEP-DP177-4ED13B8C.txt,http://hdl.handle.net/11035/00006611,官方PDF已保存并校验
人工智能、数据与数字技术,科技创新政策与能力基线,C-NISTEP-RM286-784B0F58,2019-12-01,W2,研究現場の閉塞感を打破するには:エビデンスベースの政策立案の前提条件の共有に向けて―NISTEP定点調査ワークショップ2019より―,机构正式研究,C:\Users\WINDOWS\OneDrive\知识库\智库信息爬虫\国际主要科技智库观点演变_研判\03_证据底稿\原文PDF\C-NISTEP-RM286-784B0F58.pdf,C:\Users\WINDOWS\OneDrive\知识库\智库信息爬虫\国际主要科技智库观点演变_研判\03_证据底稿\文本\C-NISTEP-RM286-784B0F58.txt,http://hdl.handle.net/11035/00006610,官方PDF已保存并校验
科技指标、论文与国际比较,科技创新政策与能力基线,C-NISTEP-RM286-784B0F58,2019-12-01,W2,研究現場の閉塞感を打破するには:エビデンスベースの政策立案の前提条件の共有に向けて―NISTEP定点調査ワークショップ2019より―,机构正式研究,C:\Users\WINDOWS\OneDrive\知识库\智库信息爬虫\国际主要科技智库观点演变_研判\03_证据底稿\原文PDF\C-NISTEP-RM286-784B0F58.pdf,C:\Users\WINDOWS\OneDrive\知识库\智库信息爬虫\国际主要科技智库观点演变_研判\03_证据底稿\文本\C-NISTEP-RM286-784B0F58.txt,http://hdl.handle.net/11035/00006610,官方PDF已保存并校验
科研体系、资助与研究基础,科技创新政策与能力基线,C-NISTEP-RM286-784B0F58,2019-12-01,W2,研究現場の閉塞感を打破するには:エビデンスベースの政策立案の前提条件の共有に向けて―NISTEP定点調査ワークショップ2019より―,机构正式研究,C:\Users\WINDOWS\OneDrive\知识库\智库信息爬虫\国际主要科技智库观点演变_研判\03_证据底稿\原文PDF\C-NISTEP-RM286-784B0F58.pdf,C:\Users\WINDOWS\OneDrive\知识库\智库信息爬虫\国际主要科技智库观点演变_研判\03_证据底稿\文本\C-NISTEP-RM286-784B0F58.txt,http://hdl.handle.net/11035/00006610,官方PDF已保存并校验
科技人才、博士与职业流动,科技创新政策与能力基线,C-NISTEP-RM286-784B0F58,2019-12-01,W2,研究現場の閉塞感を打破するには:エビデンスベースの政策立案の前提条件の共有に向けて―NISTEP定点調査ワークショップ2019より―,机构正式研究,C:\Users\WINDOWS\OneDrive\知识库\智库信息爬虫\国际主要科技智库观点演变_研判\03_证据底稿\原文PDF\C-NISTEP-RM286-784B0F58.pdf,C:\Users\WINDOWS\OneDrive\知识库\智库信息爬虫\国际主要科技智库观点演变_研判\03_证据底稿\文本\C-NISTEP-RM286-784B0F58.txt,http://hdl.handle.net/11035/00006610,官方PDF已保存并校验
企业研发、创新与产学合作,科技创新政策与能力基线,C-NISTEP-RM286-784B0F58,2019-12-01,W2,研究現場の閉塞感を打破するには:エビデンスベースの政策立案の前提条件の共有に向けて―NISTEP定点調査ワークショップ2019より―,机构正式研究,C:\Users\WINDOWS\OneDrive\知识库\智库信息爬虫\国际主要科技智库观点演变_研判\03_证据底稿\原文PDF\C-NISTEP-RM286-784B0F58.pdf,C:\Users\WINDOWS\OneDrive\知识库\智库信息爬虫\国际主要科技智库观点演变_研判\03_证据底稿\文本\C-NISTEP-RM286-784B0F58.txt,http://hdl.handle.net/11035/00006610,官方PDF已保存并校验
人工智能、数据与数字技术,科技创新政策与能力基线,C-NISTEP-DP178-254C2030,2020-02-01,W2,研究プロジェクトの中止・継続がイノベーションの成果に及ぼす影響とその決定要因：全国イノベーション調査による定量分析,作者讨论论文,C:\Users\WINDOWS\OneDrive\知识库\智库信息爬虫\国际主要科技智库观点演变_研判\03_证据底稿\原文PDF\C-NISTEP-DP178-254C2030.pdf,C:\Users\WINDOWS\OneDrive\知识库\智库信息爬虫\国际主要科技智库观点演变_研判\03_证据底稿\文本\C-NISTEP-DP178-254C2030.txt,http://hdl.handle.net/11035/00006620,官方PDF已保存并校验
科研体系、资助与研究基础,科技创新政策与能力基线,C-NISTEP-DP178-254C2030,2020-02-01,W2,研究プロジェクトの中止・継続がイノベーションの成果に及ぼす影響とその決定要因：全国イノベーション調査による定量分析,作者讨论论文,C:\Users\WINDOWS\OneDrive\知识库\智库信息爬虫\国际主要科技智库观点演变_研判\03_证据底稿\原文PDF\C-NISTEP-DP178-254C2030.pdf,C:\Users\WINDOWS\OneDrive\知识库\智库信息爬虫\国际主要科技智库观点演变_研判\03_证据底稿\文本\C-NISTEP-DP178-254C2030.txt,http://hdl.handle.net/11035/00006620,官方PDF已保存并校验
企业研发、创新与产学合作,科技创新政策与能力基线,C-NISTEP-DP178-254C2030,2020-02-01,W2,研究プロジェクトの中止・継続がイノベーションの成果に及ぼす影響とその決定要因：全国イノベーション調査による定量分析,作者讨论论文,C:\Users\WINDOWS\OneDrive\知识库\智库信息爬虫\国际主要科技智库观点演变_研判\03_证据底稿\原文PDF\C-NISTEP-DP178-254C2030.pdf,C:\Users\WINDOWS\OneDrive\知识库\智库信息爬虫\国际主要科技智库观点演变_研判\03_证据底稿\文本\C-NISTEP-DP178-254C2030.txt,http://hdl.handle.net/11035/00006620,官方PDF已保存并校验
人工智能、数据与数字技术,科技创新政策与能力基线,C-NISTEP-RM287-3EB971AA,2020-02-01,W2,数学研究に関する国際比較－「忘れられた科学」から－,机构正式研究,C:\Users\WINDOWS\OneDrive\知识库\智库信息爬虫\国际主要科技智库观点演变_研判\03_证据底稿\原文PDF\C-NISTEP-RM287-3EB971AA.pdf,C:\Users\WINDOWS\OneDrive\知识库\智库信息爬虫\国际主要科技智库观点演变_研判\03_证据底稿\文本\C-NISTEP-RM287-3EB971AA.txt,http://hdl.handle.net/11035/00006628,官方PDF已保存并校验
关键技术、专利与产业竞争力,科技创新政策与能力基线,C-NISTEP-RM287-3EB971AA,2020-02-01,W2,数学研究に関する国際比較－「忘れられた科学」から－,机构正式研究,C:\Users\WINDOWS\OneDrive\知识库\智库信息爬虫\国际主要科技智库观点演变_研判\03_证据底稿\原文PDF\C-NISTEP-RM287-3EB971AA.pdf,C:\Users\WINDOWS\OneDrive\知识库\智库信息爬虫\国际主要科技智库观点演变_研判\03_证据底稿\文本\C-NISTEP-RM287-3EB971AA.txt,http://hdl.handle.net/11035/00006628,官方PDF已保存并校验
科技指标、论文与国际比较,科技创新政策与能力基线,C-NISTEP-RM287-3EB971AA,2020-02-01,W2,数学研究に関する国際比較－「忘れられた科学」から－,机构正式研究,C:\Users\WINDOWS\OneDrive\知识库\智库信息爬虫\国际主要科技智库观点演变_研判\03_证据底稿\原文PDF\C-NISTEP-RM287-3EB971AA.pdf,C:\Users\WINDOWS\OneDrive\知识库\智库信息爬虫\国际主要科技智库观点演变_研判\03_证据底稿\文本\C-NISTEP-RM287-3EB971AA.txt,http://hdl.handle.net/11035/00006628,官方PDF已保存并校验
科研体系、资助与研究基础,科技创新政策与能力基线,C-NISTEP-RM287-3EB971AA,2020-02-01,W2,数学研究に関する国際比較－「忘れられた科学」から－,机构正式研究,C:\Users\WINDOWS\OneDrive\知识库\智库信息爬虫\国际主要科技智库观点演变_研判\03_证据底稿\原文PDF\C-NISTEP-RM287-3EB971AA.pdf,C:\Users\WINDOWS\OneDrive\知识库\智库信息爬虫\国际主要科技智库观点演变_研判\03_证据底稿\文本\C-NISTEP-RM287-3EB971AA.txt,http://hdl.handle.net/11035/00006628,官方PDF已保存并校验
科技人才、博士与职业流动,科技创新政策与能力基线,C-NISTEP-RM287-3EB971AA,2020-02-01,W2,数学研究に関する国際比較－「忘れられた科学」から－,机构正式研究,C:\Users\WINDOWS\OneDrive\知识库\智库信息爬虫\国际主要科技智库观点演变_研判\03_证据底稿\原文PDF\C-NISTEP-RM287-3EB971AA.pdf,C:\Users\WINDOWS\OneDrive\知识库\智库信息爬虫\国际主要科技智库观点演变_研判\03_证据底稿\文本\C-NISTEP-RM287-3EB971AA.txt,http://hdl.handle.net/11035/00006628,官方PDF已保存并校验
中国科技能力与国际比较,科技创新政策与能力基线,C-NISTEP-RM287-3EB971AA,2020-02-01,W2,数学研究に関する国際比較－「忘れられた科学」から－,机构正式研究,C:\Users\WINDOWS\OneDrive\知识库\智库信息爬虫\国际主要科技智库观点演变_研判\03_证据底稿\原文PDF\C-NISTEP-RM287-3EB971AA.pdf,C:\Users\WINDOWS\OneDrive\知识库\智库信息爬虫\国际主要科技智库观点演变_研判\03_证据底稿\文本\C-NISTEP-RM287-3EB971AA.txt,http://hdl.handle.net/11035/00006628,官方PDF已保存并校验
人工智能、数据与数字技术,科技创新政策与能力基线,C-NISTEP-DP179-298498DF,2020-03-01,W2,大学における研究推進支援人材が外部研究資金獲得に与える影響,作者讨论论文,C:\Users\WINDOWS\OneDrive\知识库\智库信息爬虫\国际主要科技智库观点演变_研判\03_证据底稿\原文PDF\C-NISTEP-DP179-298498DF.pdf,C:\Users\WINDOWS\OneDrive\知识库\智库信息爬虫\国际主要科技智库观点演变_研判\03_证据底稿\文本\C-NISTEP-DP179-298498DF.txt,http://hdl.handle.net/11035/00006630,官方PDF已保存并校验
科技指标、论文与国际比较,科技创新政策与能力基线,C-NISTEP-DP179-298498DF,2020-03-01,W2,大学における研究推進支援人材が外部研究資金獲得に与える影響,作者讨论论文,C:\Users\WINDOWS\OneDrive\知识库\智库信息爬虫\国际主要科技智库观点演变_研判\03_证据底稿\原文PDF\C-NISTEP-DP179-298498DF.pdf,C:\Users\WINDOWS\OneDrive\知识库\智库信息爬虫\国际主要科技智库观点演变_研判\03_证据底稿\文本\C-NISTEP-DP179-298498DF.txt,http://hdl.handle.net/11035/00006630,官方PDF已保存并校验
科研体系、资助与研究基础,科技创新政策与能力基线,C-NISTEP-DP179-298498DF,2020-03-01,W2,大学における研究推進支援人材が外部研究資金獲得に与える影響,作者讨论论文,C:\Users\WINDOWS\OneDrive\知识库\智库信息爬虫\国际主要科技智库观点演变_研判\03_证据底稿\原文PDF\C-NISTEP-DP179-298498DF.pdf,C:\Users\WINDOWS\OneDrive\知识库\智库信息爬虫\国际主要科技智库观点演变_研判\03_证据底稿\文本\C-NISTEP-DP179-298498DF.txt,http://hdl.handle.net/11035/00006630,官方PDF已保存并校验
科技人才、博士与职业流动,科技创新政策与能力基线,C-NISTEP-DP179-298498DF,2020-03-01,W2,大学における研究推進支援人材が外部研究資金獲得に与える影響,作者讨论论文,C:\Users\WINDOWS\OneDrive\知识库\智库信息爬虫\国际主要科技智库观点演变_研判\03_证据底稿\原文PDF\C-NISTEP-DP179-298498DF.pdf,C:\Users\WINDOWS\OneDrive\知识库\智库信息爬虫\国际主要科技智库观点演变_研判\03_证据底稿\文本\C-NISTEP-DP179-298498DF.txt,http://hdl.handle.net/11035/00006630,官方PDF已保存并校验
企业研发、创新与产学合作,科技创新政策与能力基线,C-NISTEP-DP179-298498DF,2020-03-01,W2,大学における研究推進支援人材が外部研究資金獲得に与える影響,作者讨论论文,C:\Users\WINDOWS\OneDrive\知识库\智库信息爬虫\国际主要科技智库观点演变_研判\03_证据底稿\原文PDF\C-NISTEP-DP179-298498DF.pdf,C:\Users\WINDOWS\OneDrive\知识库\智库信息爬虫\国际主要科技智库观点演变_研判\03_证据底稿\文本\C-NISTEP-DP179-298498DF.txt,http://hdl.handle.net/11035/00006630,官方PDF已保存并校验
科技前瞻、新兴议题与社会,科技创新政策与能力基线,C-NISTEP-DP179-298498DF,2020-03-01,W2,大学における研究推進支援人材が外部研究資金獲得に与える影響,作者讨论论文,C:\Users\WINDOWS\OneDrive\知识库\智库信息爬虫\国际主要科技智库观点演变_研判\03_证据底稿\原文PDF\C-NISTEP-DP179-298498DF.pdf,C:\Users\WINDOWS\OneDrive\知识库\智库信息爬虫\国际主要科技智库观点演变_研判\03_证据底稿\文本\C-NISTEP-DP179-298498DF.txt,http://hdl.handle.net/11035/00006630,官方PDF已保存并校验
人工智能、数据与数字技术,科技创新政策与能力基线,C-NISTEP-RM288-E91E1D04,2020-03-01,W2,研究論文に着目した日英独の大学ベンチマーキング2019―大学の個性を活かし、国全体としての水準を向上させるために―,机构正式研究,C:\Users\WINDOWS\OneDrive\知识库\智库信息爬虫\国际主要科技智库观点演变_研判\03_证据底稿\网页文本\C-NISTEP-RM288-E91E1D04.txt,C:\Users\WINDOWS\OneDrive\知识库\智库信息爬虫\国际主要科技智库观点演变_研判\03_证据底稿\网页文本\C-NISTEP-RM288-E91E1D04.txt,http://hdl.handle.net/11035/00006629,官方仓储PDF代理全文已保存
科技指标、论文与国际比较,科技创新政策与能力基线,C-NISTEP-RM288-E91E1D04,2020-03-01,W2,研究論文に着目した日英独の大学ベンチマーキング2019―大学の個性を活かし、国全体としての水準を向上させるために―,机构正式研究,C:\Users\WINDOWS\OneDrive\知识库\智库信息爬虫\国际主要科技智库观点演变_研判\03_证据底稿\网页文本\C-NISTEP-RM288-E91E1D04.txt,C:\Users\WINDOWS\OneDrive\知识库\智库信息爬虫\国际主要科技智库观点演变_研判\03_证据底稿\网页文本\C-NISTEP-RM288-E91E1D04.txt,http://hdl.handle.net/11035/00006629,官方仓储PDF代理全文已保存
科研体系、资助与研究基础,科技创新政策与能力基线,C-NISTEP-RM288-E91E1D04,2020-03-01,W2,研究論文に着目した日英独の大学ベンチマーキング2019―大学の個性を活かし、国全体としての水準を向上させるために―,机构正式研究,C:\Users\WINDOWS\OneDrive\知识库\智库信息爬虫\国际主要科技智库观点演变_研判\03_证据底稿\网页文本\C-NISTEP-RM288-E91E1D04.txt,C:\Users\WINDOWS\OneDrive\知识库\智库信息爬虫\国际主要科技智库观点演变_研判\03_证据底稿\网页文本\C-NISTEP-RM288-E91E1D04.txt,http://hdl.handle.net/11035/00006629,官方仓储PDF代理全文已保存
科技人才、博士与职业流动,科技创新政策与能力基线,C-NISTEP-RM288-E91E1D04,2020-03-01,W2,研究論文に着目した日英独の大学ベンチマーキング2019―大学の個性を活かし、国全体としての水準を向上させるために―,机构正式研究,C:\Users\WINDOWS\OneDrive\知识库\智库信息爬虫\国际主要科技智库观点演变_研判\03_证据底稿\网页文本\C-NISTEP-RM288-E91E1D04.txt,C:\Users\WINDOWS\OneDrive\知识库\智库信息爬虫\国际主要科技智库观点演变_研判\03_证据底稿\网页文本\C-NISTEP-RM288-E91E1D04.txt,http://hdl.handle.net/11035/00006629,官方仓储PDF代理全文已保存
企业研发、创新与产学合作,科技创新政策与能力基线,C-NISTEP-RM288-E91E1D04,2020-03-01,W2,研究論文に着目した日英独の大学ベンチマーキング2019―大学の個性を活かし、国全体としての水準を向上させるために―,机构正式研究,C:\Users\WINDOWS\OneDrive\知识库\智库信息爬虫\国际主要科技智库观点演变_研判\03_证据底稿\网页文本\C-NISTEP-RM288-E91E1D04.txt,C:\Users\WINDOWS\OneDrive\知识库\智库信息爬虫\国际主要科技智库观点演变_研判\03_证据底稿\网页文本\C-NISTEP-RM288-E91E1D04.txt,http://hdl.handle.net/11035/00006629,官方仓储PDF代理全文已保存
人工智能、数据与数字技术,科技创新政策与能力基线,C-NISTEP-DP180-41F58C4D,2020-04-01,W2,長期のインプット・アウトプットマクロデータを用いた日本の大学の論文生産の分析,作者讨论论文,C:\Users\WINDOWS\OneDrive\知识库\智库信息爬虫\国际主要科技智库观点演变_研判\03_证据底稿\网页文本\C-NISTEP-DP180-41F58C4D.txt,C:\Users\WINDOWS\OneDrive\知识库\智库信息爬虫\国际主要科技智库观点演变_研判\03_证据底稿\网页文本\C-NISTEP-DP180-41F58C4D.txt,http://hdl.handle.net/11035/00006631,官方仓储PDF代理全文已保存
科技指标、论文与国际比较,科技创新政策与能力基线,C-NISTEP-DP180-41F58C4D,2020-04-01,W2,長期のインプット・アウトプットマクロデータを用いた日本の大学の論文生産の分析,作者讨论论文,C:\Users\WINDOWS\OneDrive\知识库\智库信息爬虫\国际主要科技智库观点演变_研判\03_证据底稿\网页文本\C-NISTEP-DP180-41F58C4D.txt,C:\Users\WINDOWS\OneDrive\知识库\智库信息爬虫\国际主要科技智库观点演变_研判\03_证据底稿\网页文本\C-NISTEP-DP180-41F58C4D.txt,http://hdl.handle.net/11035/00006631,官方仓储PDF代理全文已保存
科研体系、资助与研究基础,科技创新政策与能力基线,C-NISTEP-DP180-41F58C4D,2020-04-01,W2,長期のインプット・アウトプットマクロデータを用いた日本の大学の論文生産の分析,作者讨论论文,C:\Users\WINDOWS\OneDrive\知识库\智库信息爬虫\国际主要科技智库观点演变_研判\03_证据底稿\网页文本\C-NISTEP-DP180-41F58C4D.txt,C:\Users\WINDOWS\OneDrive\知识库\智库信息爬虫\国际主要科技智库观点演变_研判\03_证据底稿\网页文本\C-NISTEP-DP180-41F58C4D.txt,http://hdl.handle.net/11035/00006631,官方仓储PDF代理全文已保存
科技人才、博士与职业流动,科技创新政策与能力基线,C-NISTEP-DP180-41F58C4D,2020-04-01,W2,長期のインプット・アウトプットマクロデータを用いた日本の大学の論文生産の分析,作者讨论论文,C:\Users\WINDOWS\OneDrive\知识库\智库信息爬虫\国际主要科技智库观点演变_研判\03_证据底稿\网页文本\C-NISTEP-DP180-41F58C4D.txt,C:\Users\WINDOWS\OneDrive\知识库\智库信息爬虫\国际主要科技智库观点演变_研判\03_证据底稿\网页文本\C-NISTEP-DP180-41F58C4D.txt,http://hdl.handle.net/11035/00006631,官方仓储PDF代理全文已保存
企业研发、创新与产学合作,科技创新政策与能力基线,C-NISTEP-DP180-41F58C4D,2020-04-01,W2,長期のインプット・アウトプットマクロデータを用いた日本の大学の論文生産の分析,作者讨论论文,C:\Users\WINDOWS\OneDrive\知识库\智库信息爬虫\国际主要科技智库观点演变_研判\03_证据底稿\网页文本\C-NISTEP-DP180-41F58C4D.txt,C:\Users\WINDOWS\OneDrive\知识库\智库信息爬虫\国际主要科技智库观点演变_研判\03_证据底稿\网页文本\C-NISTEP-DP180-41F58C4D.txt,http://hdl.handle.net/11035/00006631,官方仓储PDF代理全文已保存
人工智能、数据与数字技术,科技创新政策与能力基线,C-NISTEP-NR184-83FE88F6,2020-04-01,W2,科学技術の状況に係る総合的意識調査（NISTEP定点調査2019）報告書,机构正式研究,C:\Users\WINDOWS\OneDrive\知识库\智库信息爬虫\国际主要科技智库观点演变_研判\03_证据底稿\网页文本\C-NISTEP-NR184-83FE88F6.txt,C:\Users\WINDOWS\OneDrive\知识库\智库信息爬虫\国际主要科技智库观点演变_研判\03_证据底稿\网页文本\C-NISTEP-NR184-83FE88F6.txt,http://hdl.handle.net/11035/00006632,官方发布页摘要已保存
科技指标、论文与国际比较,科技创新政策与能力基线,C-NISTEP-NR184-83FE88F6,2020-04-01,W2,科学技術の状況に係る総合的意識調査（NISTEP定点調査2019）報告書,机构正式研究,C:\Users\WINDOWS\OneDrive\知识库\智库信息爬虫\国际主要科技智库观点演变_研判\03_证据底稿\网页文本\C-NISTEP-NR184-83FE88F6.txt,C:\Users\WINDOWS\OneDrive\知识库\智库信息爬虫\国际主要科技智库观点演变_研判\03_证据底稿\网页文本\C-NISTEP-NR184-83FE88F6.txt,http://hdl.handle.net/11035/00006632,官方发布页摘要已保存
科研体系、资助与研究基础,科技创新政策与能力基线,C-NISTEP-NR184-83FE88F6,2020-04-01,W2,科学技術の状況に係る総合的意識調査（NISTEP定点調査2019）報告書,机构正式研究,C:\Users\WINDOWS\OneDrive\知识库\智库信息爬虫\国际主要科技智库观点演变_研判\03_证据底稿\网页文本\C-NISTEP-NR184-83FE88F6.txt,C:\Users\WINDOWS\OneDrive\知识库\智库信息爬虫\国际主要科技智库观点演变_研判\03_证据底稿\网页文本\C-NISTEP-NR184-83FE88F6.txt,http://hdl.handle.net/11035/00006632,官方发布页摘要已保存
科技人才、博士与职业流动,科技创新政策与能力基线,C-NISTEP-NR184-83FE88F6,2020-04-01,W2,科学技術の状況に係る総合的意識調査（NISTEP定点調査2019）報告書,机构正式研究,C:\Users\WINDOWS\OneDrive\知识库\智库信息爬虫\国际主要科技智库观点演变_研判\03_证据底稿\网页文本\C-NISTEP-NR184-83FE88F6.txt,C:\Users\WINDOWS\OneDrive\知识库\智库信息爬虫\国际主要科技智库观点演变_研判\03_证据底稿\网页文本\C-NISTEP-NR184-83FE88F6.txt,http://hdl.handle.net/11035/00006632,官方发布页摘要已保存
企业研发、创新与产学合作,科技创新政策与能力基线,C-NISTEP-NR184-83FE88F6,2020-04-01,W2,科学技術の状況に係る総合的意識調査（NISTEP定点調査2019）報告書,机构正式研究,C:\Users\WINDOWS\OneDrive\知识库\智库信息爬虫\国际主要科技智库观点演变_研判\03_证据底稿\网页文本\C-NISTEP-NR184-83FE88F6.txt,C:\Users\WINDOWS\OneDrive\知识库\智库信息爬虫\国际主要科技智库观点演变_研判\03_证据底稿\网页文本\C-NISTEP-NR184-83FE88F6.txt,http://hdl.handle.net/11035/00006632,官方发布页摘要已保存
科技前瞻、新兴议题与社会,科技创新政策与能力基线,C-NISTEP-NR184-83FE88F6,2020-04-01,W2,科学技術の状況に係る総合的意識調査（NISTEP定点調査2019）報告書,机构正式研究,C:\Users\WINDOWS\OneDrive\知识库\智库信息爬虫\国际主要科技智库观点演变_研判\03_证据底稿\网页文本\C-NISTEP-NR184-83FE88F6.txt,C:\Users\WINDOWS\OneDrive\知识库\智库信息爬虫\国际主要科技智库观点演变_研判\03_证据底稿\网页文本\C-NISTEP-NR184-83FE88F6.txt,http://hdl.handle.net/11035/00006632,官方发布页摘要已保存
人工智能、数据与数字技术,科技创新政策与能力基线,C-NISTEP-NR185-57CF4659,2020-04-01,W2,科学技術の状況に係る総合的意識調査（NISTEP定点調査2019）データ集,机构正式研究,C:\Users\WINDOWS\OneDrive\知识库\智库信息爬虫\国际主要科技智库观点演变_研判\03_证据底稿\网页文本\C-NISTEP-NR185-57CF4659.txt,C:\Users\WINDOWS\OneDrive\知识库\智库信息爬虫\国际主要科技智库观点演变_研判\03_证据底稿\网页文本\C-NISTEP-NR185-57CF4659.txt,http://hdl.handle.net/11035/00006633,官方仓储PDF代理全文已保存
关键技术、专利与产业竞争力,科技创新政策与能力基线,C-NISTEP-NR185-57CF4659,2020-04-01,W2,科学技術の状況に係る総合的意識調査（NISTEP定点調査2019）データ集,机构正式研究,C:\Users\WINDOWS\OneDrive\知识库\智库信息爬虫\国际主要科技智库观点演变_研判\03_证据底稿\网页文本\C-NISTEP-NR185-57CF4659.txt,C:\Users\WINDOWS\OneDrive\知识库\智库信息爬虫\国际主要科技智库观点演变_研判\03_证据底稿\网页文本\C-NISTEP-NR185-57CF4659.txt,http://hdl.handle.net/11035/00006633,官方仓储PDF代理全文已保存
科技指标、论文与国际比较,科技创新政策与能力基线,C-NISTEP-NR185-57CF4659,2020-04-01,W2,科学技術の状況に係る総合的意識調査（NISTEP定点調査2019）データ集,机构正式研究,C:\Users\WINDOWS\OneDrive\知识库\智库信息爬虫\国际主要科技智库观点演变_研判\03_证据底稿\网页文本\C-NISTEP-NR185-57CF4659.txt,C:\Users\WINDOWS\OneDrive\知识库\智库信息爬虫\国际主要科技智库观点演变_研判\03_证据底稿\网页文本\C-NISTEP-NR185-57CF4659.txt,http://hdl.handle.net/11035/00006633,官方仓储PDF代理全文已保存
科研体系、资助与研究基础,科技创新政策与能力基线,C-NISTEP-NR185-57CF4659,2020-04-01,W2,科学技術の状況に係る総合的意識調査（NISTEP定点調査2019）データ集,机构正式研究,C:\Users\WINDOWS\OneDrive\知识库\智库信息爬虫\国际主要科技智库观点演变_研判\03_证据底稿\网页文本\C-NISTEP-NR185-57CF4659.txt,C:\Users\WINDOWS\OneDrive\知识库\智库信息爬虫\国际主要科技智库观点演变_研判\03_证据底稿\网页文本\C-NISTEP-NR185-57CF4659.txt,http://hdl.handle.net/11035/00006633,官方仓储PDF代理全文已保存
科技人才、博士与职业流动,科技创新政策与能力基线,C-NISTEP-NR185-57CF4659,2020-04-01,W2,科学技術の状況に係る総合的意識調査（NISTEP定点調査2019）データ集,机构正式研究,C:\Users\WINDOWS\OneDrive\知识库\智库信息爬虫\国际主要科技智库观点演变_研判\03_证据底稿\网页文本\C-NISTEP-NR185-57CF4659.txt,C:\Users\WINDOWS\OneDrive\知识库\智库信息爬虫\国际主要科技智库观点演变_研判\03_证据底稿\网页文本\C-NISTEP-NR185-57CF4659.txt,http://hdl.handle.net/11035/00006633,官方仓储PDF代理全文已保存
企业研发、创新与产学合作,科技创新政策与能力基线,C-NISTEP-NR185-57CF4659,2020-04-01,W2,科学技術の状況に係る総合的意識調査（NISTEP定点調査2019）データ集,机构正式研究,C:\Users\WINDOWS\OneDrive\知识库\智库信息爬虫\国际主要科技智库观点演变_研判\03_证据底稿\网页文本\C-NISTEP-NR185-57CF4659.txt,C:\Users\WINDOWS\OneDrive\知识库\智库信息爬虫\国际主要科技智库观点演变_研判\03_证据底稿\网页文本\C-NISTEP-NR185-57CF4659.txt,http://hdl.handle.net/11035/00006633,官方仓储PDF代理全文已保存
人工智能、数据与数字技术,科技创新政策与能力基线,C-NISTEP-DP181-AA4B60BD,2020-05-01,W2,COVID-19 / SARS-CoV-2 に関する研究の概況 ─ 2020 年4 月時点の論文出版等の国際的なデータからの考察,作者讨论论文,C:\Users\WINDOWS\OneDrive\知识库\智库信息爬虫\国际主要科技智库观点演变_研判\03_证据底稿\网页文本\C-NISTEP-DP181-AA4B60BD.txt,C:\Users\WINDOWS\OneDrive\知识库\智库信息爬虫\国际主要科技智库观点演变_研判\03_证据底稿\网页文本\C-NISTEP-DP181-AA4B60BD.txt,http://hdl.handle.net/11035/00006634,官方仓储PDF代理全文已保存
科技指标、论文与国际比较,科技创新政策与能力基线,C-NISTEP-DP181-AA4B60BD,2020-05-01,W2,COVID-19 / SARS-CoV-2 に関する研究の概況 ─ 2020 年4 月時点の論文出版等の国際的なデータからの考察,作者讨论论文,C:\Users\WINDOWS\OneDrive\知识库\智库信息爬虫\国际主要科技智库观点演变_研判\03_证据底稿\网页文本\C-NISTEP-DP181-AA4B60BD.txt,C:\Users\WINDOWS\OneDrive\知识库\智库信息爬虫\国际主要科技智库观点演变_研判\03_证据底稿\网页文本\C-NISTEP-DP181-AA4B60BD.txt,http://hdl.handle.net/11035/00006634,官方仓储PDF代理全文已保存
科研体系、资助与研究基础,科技创新政策与能力基线,C-NISTEP-DP181-AA4B60BD,2020-05-01,W2,COVID-19 / SARS-CoV-2 に関する研究の概況 ─ 2020 年4 月時点の論文出版等の国際的なデータからの考察,作者讨论论文,C:\Users\WINDOWS\OneDrive\知识库\智库信息爬虫\国际主要科技智库观点演变_研判\03_证据底稿\网页文本\C-NISTEP-DP181-AA4B60BD.txt,C:\Users\WINDOWS\OneDrive\知识库\智库信息爬虫\国际主要科技智库观点演变_研判\03_证据底稿\网页文本\C-NISTEP-DP181-AA4B60BD.txt,http://hdl.handle.net/11035/00006634,官方仓储PDF代理全文已保存
科技前瞻、新兴议题与社会,科技创新政策与能力基线,C-NISTEP-DP181-AA4B60BD,2020-05-01,W2,COVID-19 / SARS-CoV-2 に関する研究の概況 ─ 2020 年4 月時点の論文出版等の国際的なデータからの考察,作者讨论论文,C:\Users\WINDOWS\OneDrive\知识库\智库信息爬虫\国际主要科技智库观点演变_研判\03_证据底稿\网页文本\C-NISTEP-DP181-AA4B60BD.txt,C:\Users\WINDOWS\OneDrive\知识库\智库信息爬虫\国际主要科技智库观点演变_研判\03_证据底稿\网页文本\C-NISTEP-DP181-AA4B60BD.txt,http://hdl.handle.net/11035/00006634,官方仓储PDF代理全文已保存
中国科技能力与国际比较,科技创新政策与能力基线,C-NISTEP-DP181-AA4B60BD,2020-05-01,W2,COVID-19 / SARS-CoV-2 に関する研究の概況 ─ 2020 年4 月時点の論文出版等の国際的なデータからの考察,作者讨论论文,C:\Users\WINDOWS\OneDrive\知识库\智库信息爬虫\国际主要科技智库观点演变_研判\03_证据底稿\网页文本\C-NISTEP-DP181-AA4B60BD.txt,C:\Users\WINDOWS\OneDrive\知识库\智库信息爬虫\国际主要科技智库观点演变_研判\03_证据底稿\网页文本\C-NISTEP-DP181-AA4B60BD.txt,http://hdl.handle.net/11035/00006634,官方仓储PDF代理全文已保存
人工智能、数据与数字技术,科技创新政策与能力基线,C-NISTEP-DP182-F5534C67,2020-05-01,W2,博士人材データベース(JGRAD)の登録情報を用いた博士課程の経済的支援の効果に関する試行的分析,作者讨论论文,C:\Users\WINDOWS\OneDrive\知识库\智库信息爬虫\国际主要科技智库观点演变_研判\03_证据底稿\网页文本\C-NISTEP-DP182-F5534C67.txt,C:\Users\WINDOWS\OneDrive\知识库\智库信息爬虫\国际主要科技智库观点演变_研判\03_证据底稿\网页文本\C-NISTEP-DP182-F5534C67.txt,http://hdl.handle.net/11035/00006636,官方仓储PDF代理全文已保存
科技指标、论文与国际比较,科技创新政策与能力基线,C-NISTEP-DP182-F5534C67,2020-05-01,W2,博士人材データベース(JGRAD)の登録情報を用いた博士課程の経済的支援の効果に関する試行的分析,作者讨论论文,C:\Users\WINDOWS\OneDrive\知识库\智库信息爬虫\国际主要科技智库观点演变_研判\03_证据底稿\网页文本\C-NISTEP-DP182-F5534C67.txt,C:\Users\WINDOWS\OneDrive\知识库\智库信息爬虫\国际主要科技智库观点演变_研判\03_证据底稿\网页文本\C-NISTEP-DP182-F5534C67.txt,http://hdl.handle.net/11035/00006636,官方仓储PDF代理全文已保存
科研体系、资助与研究基础,科技创新政策与能力基线,C-NISTEP-DP182-F5534C67,2020-05-01,W2,博士人材データベース(JGRAD)の登録情報を用いた博士課程の経済的支援の効果に関する試行的分析,作者讨论论文,C:\Users\WINDOWS\OneDrive\知识库\智库信息爬虫\国际主要科技智库观点演变_研判\03_证据底稿\网页文本\C-NISTEP-DP182-F5534C67.txt,C:\Users\WINDOWS\OneDrive\知识库\智库信息爬虫\国际主要科技智库观点演变_研判\03_证据底稿\网页文本\C-NISTEP-DP182-F5534C67.txt,http://hdl.handle.net/11035/00006636,官方仓储PDF代理全文已保存
科技人才、博士与职业流动,科技创新政策与能力基线,C-NISTEP-DP182-F5534C67,2020-05-01,W2,博士人材データベース(JGRAD)の登録情報を用いた博士課程の経済的支援の効果に関する試行的分析,作者讨论论文,C:\Users\WINDOWS\OneDrive\知识库\智库信息爬虫\国际主要科技智库观点演变_研判\03_证据底稿\网页文本\C-NISTEP-DP182-F5534C67.txt,C:\Users\WINDOWS\OneDrive\知识库\智库信息爬虫\国际主要科技智库观点演变_研判\03_证据底稿\网页文本\C-NISTEP-DP182-F5534C67.txt,http://hdl.handle.net/11035/00006636,官方仓储PDF代理全文已保存
企业研发、创新与产学合作,科技创新政策与能力基线,C-NISTEP-DP182-F5534C67,2020-05-01,W2,博士人材データベース(JGRAD)の登録情報を用いた博士課程の経済的支援の効果に関する試行的分析,作者讨论论文,C:\Users\WINDOWS\OneDrive\知识库\智库信息爬虫\国际主要科技智库观点演变_研判\03_证据底稿\网页文本\C-NISTEP-DP182-F5534C67.txt,C:\Users\WINDOWS\OneDrive\知识库\智库信息爬虫\国际主要科技智库观点演变_研判\03_证据底稿\网页文本\C-NISTEP-DP182-F5534C67.txt,http://hdl.handle.net/11035/00006636,官方仓储PDF代理全文已保存
人工智能、数据与数字技术,科技创新政策与能力基线,C-NISTEP-RM289-0C088953,2020-05-01,W2,研究データ公開と論⽂のオープンアクセスに関する実態調査2018,机构正式研究,C:\Users\WINDOWS\OneDrive\知识库\智库信息爬虫\国际主要科技智库观点演变_研判\03_证据底稿\网页文本\C-NISTEP-RM289-0C088953.txt,C:\Users\WINDOWS\OneDrive\知识库\智库信息爬虫\国际主要科技智库观点演变_研判\03_证据底稿\网页文本\C-NISTEP-RM289-0C088953.txt,http://hdl.handle.net/11035/00006635,官方仓储PDF代理全文已保存
科技人才、博士与职业流动,科技创新政策与能力基线,C-NISTEP-RM289-0C088953,2020-05-01,W2,研究データ公開と論⽂のオープンアクセスに関する実態調査2018,机构正式研究,C:\Users\WINDOWS\OneDrive\知识库\智库信息爬虫\国际主要科技智库观点演变_研判\03_证据底稿\网页文本\C-NISTEP-RM289-0C088953.txt,C:\Users\WINDOWS\OneDrive\知识库\智库信息爬虫\国际主要科技智库观点演变_研判\03_证据底稿\网页文本\C-NISTEP-RM289-0C088953.txt,http://hdl.handle.net/11035/00006635,官方仓储PDF代理全文已保存
企业研发、创新与产学合作,科技创新政策与能力基线,C-NISTEP-RM289-0C088953,2020-05-01,W2,研究データ公開と論⽂のオープンアクセスに関する実態調査2018,机构正式研究,C:\Users\WINDOWS\OneDrive\知识库\智库信息爬虫\国际主要科技智库观点演变_研判\03_证据底稿\网页文本\C-NISTEP-RM289-0C088953.txt,C:\Users\WINDOWS\OneDrive\知识库\智库信息爬虫\国际主要科技智库观点演变_研判\03_证据底稿\网页文本\C-NISTEP-RM289-0C088953.txt,http://hdl.handle.net/11035/00006635,官方仓储PDF代理全文已保存
科技前瞻、新兴议题与社会,科技创新政策与能力基线,C-NISTEP-RM289-0C088953,2020-05-01,W2,研究データ公開と論⽂のオープンアクセスに関する実態調査2018,机构正式研究,C:\Users\WINDOWS\OneDrive\知识库\智库信息爬虫\国际主要科技智库观点演变_研判\03_证据底稿\网页文本\C-NISTEP-RM289-0C088953.txt,C:\Users\WINDOWS\OneDrive\知识库\智库信息爬虫\国际主要科技智库观点演变_研判\03_证据底稿\网页文本\C-NISTEP-RM289-0C088953.txt,http://hdl.handle.net/11035/00006635,官方仓储PDF代理全文已保存
开放科学、研究诚信与治理,科技创新政策与能力基线,C-NISTEP-RM289-0C088953,2020-05-01,W2,研究データ公開と論⽂のオープンアクセスに関する実態調査2018,机构正式研究,C:\Users\WINDOWS\OneDrive\知识库\智库信息爬虫\国际主要科技智库观点演变_研判\03_证据底稿\网页文本\C-NISTEP-RM289-0C088953.txt,C:\Users\WINDOWS\OneDrive\知识库\智库信息爬虫\国际主要科技智库观点演变_研判\03_证据底稿\网页文本\C-NISTEP-RM289-0C088953.txt,http://hdl.handle.net/11035/00006635,官方仓储PDF代理全文已保存
人工智能、数据与数字技术,科技创新政策与能力基线,C-NISTEP-DP183-0A9B8FD9,2020-06-01,W2,第11回科学技術予測調査 科学技術や社会のトレンド把握,作者讨论论文,C:\Users\WINDOWS\OneDrive\知识库\智库信息爬虫\国际主要科技智库观点演变_研判\03_证据底稿\网页文本\C-NISTEP-DP183-0A9B8FD9.txt,C:\Users\WINDOWS\OneDrive\知识库\智库信息爬虫\国际主要科技智库观点演变_研判\03_证据底稿\网页文本\C-NISTEP-DP183-0A9B8FD9.txt,http://hdl.handle.net/11035/00006639,官方仓储PDF代理全文已保存
关键技术、专利与产业竞争力,科技创新政策与能力基线,C-NISTEP-DP183-0A9B8FD9,2020-06-01,W2,第11回科学技術予測調査 科学技術や社会のトレンド把握,作者讨论论文,C:\Users\WINDOWS\OneDrive\知识库\智库信息爬虫\国际主要科技智库观点演变_研判\03_证据底稿\网页文本\C-NISTEP-DP183-0A9B8FD9.txt,C:\Users\WINDOWS\OneDrive\知识库\智库信息爬虫\国际主要科技智库观点演变_研判\03_证据底稿\网页文本\C-NISTEP-DP183-0A9B8FD9.txt,http://hdl.handle.net/11035/00006639,官方仓储PDF代理全文已保存
科技指标、论文与国际比较,科技创新政策与能力基线,C-NISTEP-DP183-0A9B8FD9,2020-06-01,W2,第11回科学技術予測調査 科学技術や社会のトレンド把握,作者讨论论文,C:\Users\WINDOWS\OneDrive\知识库\智库信息爬虫\国际主要科技智库观点演变_研判\03_证据底稿\网页文本\C-NISTEP-DP183-0A9B8FD9.txt,C:\Users\WINDOWS\OneDrive\知识库\智库信息爬虫\国际主要科技智库观点演变_研判\03_证据底稿\网页文本\C-NISTEP-DP183-0A9B8FD9.txt,http://hdl.handle.net/11035/00006639,官方仓储PDF代理全文已保存
科研体系、资助与研究基础,科技创新政策与能力基线,C-NISTEP-DP183-0A9B8FD9,2020-06-01,W2,第11回科学技術予測調査 科学技術や社会のトレンド把握,作者讨论论文,C:\Users\WINDOWS\OneDrive\知识库\智库信息爬虫\国际主要科技智库观点演变_研判\03_证据底稿\网页文本\C-NISTEP-DP183-0A9B8FD9.txt,C:\Users\WINDOWS\OneDrive\知识库\智库信息爬虫\国际主要科技智库观点演变_研判\03_证据底稿\网页文本\C-NISTEP-DP183-0A9B8FD9.txt,http://hdl.handle.net/11035/00006639,官方仓储PDF代理全文已保存
企业研发、创新与产学合作,科技创新政策与能力基线,C-NISTEP-DP183-0A9B8FD9,2020-06-01,W2,第11回科学技術予測調査 科学技術や社会のトレンド把握,作者讨论论文,C:\Users\WINDOWS\OneDrive\知识库\智库信息爬虫\国际主要科技智库观点演变_研判\03_证据底稿\网页文本\C-NISTEP-DP183-0A9B8FD9.txt,C:\Users\WINDOWS\OneDrive\知识库\智库信息爬虫\国际主要科技智库观点演变_研判\03_证据底稿\网页文本\C-NISTEP-DP183-0A9B8FD9.txt,http://hdl.handle.net/11035/00006639,官方仓储PDF代理全文已保存
科技前瞻、新兴议题与社会,科技创新政策与能力基线,C-NISTEP-DP183-0A9B8FD9,2020-06-01,W2,第11回科学技術予測調査 科学技術や社会のトレンド把握,作者讨论论文,C:\Users\WINDOWS\OneDrive\知识库\智库信息爬虫\国际主要科技智库观点演变_研判\03_证据底稿\网页文本\C-NISTEP-DP183-0A9B8FD9.txt,C:\Users\WINDOWS\OneDrive\知识库\智库信息爬虫\国际主要科技智库观点演变_研判\03_证据底稿\网页文本\C-NISTEP-DP183-0A9B8FD9.txt,http://hdl.handle.net/11035/00006639,官方仓储PDF代理全文已保存
人工智能、数据与数字技术,科技创新政策与能力基线,C-NISTEP-DP184-42428364,2020-06-01,W2,SDGsの達成に資すると考えられる将来の科学技術の試行的探索,作者讨论论文,C:\Users\WINDOWS\OneDrive\知识库\智库信息爬虫\国际主要科技智库观点演变_研判\03_证据底稿\网页文本\C-NISTEP-DP184-42428364.txt,C:\Users\WINDOWS\OneDrive\知识库\智库信息爬虫\国际主要科技智库观点演变_研判\03_证据底稿\网页文本\C-NISTEP-DP184-42428364.txt,http://hdl.handle.net/11035/00006643,官方仓储PDF代理全文已保存
科技指标、论文与国际比较,科技创新政策与能力基线,C-NISTEP-DP184-42428364,2020-06-01,W2,SDGsの達成に資すると考えられる将来の科学技術の試行的探索,作者讨论论文,C:\Users\WINDOWS\OneDrive\知识库\智库信息爬虫\国际主要科技智库观点演变_研判\03_证据底稿\网页文本\C-NISTEP-DP184-42428364.txt,C:\Users\WINDOWS\OneDrive\知识库\智库信息爬虫\国际主要科技智库观点演变_研判\03_证据底稿\网页文本\C-NISTEP-DP184-42428364.txt,http://hdl.handle.net/11035/00006643,官方仓储PDF代理全文已保存
科技人才、博士与职业流动,科技创新政策与能力基线,C-NISTEP-DP184-42428364,2020-06-01,W2,SDGsの達成に資すると考えられる将来の科学技術の試行的探索,作者讨论论文,C:\Users\WINDOWS\OneDrive\知识库\智库信息爬虫\国际主要科技智库观点演变_研判\03_证据底稿\网页文本\C-NISTEP-DP184-42428364.txt,C:\Users\WINDOWS\OneDrive\知识库\智库信息爬虫\国际主要科技智库观点演变_研判\03_证据底稿\网页文本\C-NISTEP-DP184-42428364.txt,http://hdl.handle.net/11035/00006643,官方仓储PDF代理全文已保存
企业研发、创新与产学合作,科技创新政策与能力基线,C-NISTEP-DP184-42428364,2020-06-01,W2,SDGsの達成に資すると考えられる将来の科学技術の試行的探索,作者讨论论文,C:\Users\WINDOWS\OneDrive\知识库\智库信息爬虫\国际主要科技智库观点演变_研判\03_证据底稿\网页文本\C-NISTEP-DP184-42428364.txt,C:\Users\WINDOWS\OneDrive\知识库\智库信息爬虫\国际主要科技智库观点演变_研判\03_证据底稿\网页文本\C-NISTEP-DP184-42428364.txt,http://hdl.handle.net/11035/00006643,官方仓储PDF代理全文已保存
科技前瞻、新兴议题与社会,科技创新政策与能力基线,C-NISTEP-DP184-42428364,2020-06-01,W2,SDGsの達成に資すると考えられる将来の科学技術の試行的探索,作者讨论论文,C:\Users\WINDOWS\OneDrive\知识库\智库信息爬虫\国际主要科技智库观点演变_研判\03_证据底稿\网页文本\C-NISTEP-DP184-42428364.txt,C:\Users\WINDOWS\OneDrive\知识库\智库信息爬虫\国际主要科技智库观点演变_研判\03_证据底稿\网页文本\C-NISTEP-DP184-42428364.txt,http://hdl.handle.net/11035/00006643,官方仓储PDF代理全文已保存
人工智能、数据与数字技术,科技创新政策与能力基线,C-NISTEP-DP186-36A2DF18,2020-06-01,W2,COVID-19 / SARS-CoV-2 関連のプレプリントを用いた研究動向の試行的分析,作者讨论论文,C:\Users\WINDOWS\OneDrive\知识库\智库信息爬虫\国际主要科技智库观点演变_研判\03_证据底稿\网页文本\C-NISTEP-DP186-36A2DF18.txt,C:\Users\WINDOWS\OneDrive\知识库\智库信息爬虫\国际主要科技智库观点演变_研判\03_证据底稿\网页文本\C-NISTEP-DP186-36A2DF18.txt,http://hdl.handle.net/11035/00006646,官方仓储PDF代理全文已保存
科技指标、论文与国际比较,科技创新政策与能力基线,C-NISTEP-DP186-36A2DF18,2020-06-01,W2,COVID-19 / SARS-CoV-2 関連のプレプリントを用いた研究動向の試行的分析,作者讨论论文,C:\Users\WINDOWS\OneDrive\知识库\智库信息爬虫\国际主要科技智库观点演变_研判\03_证据底稿\网页文本\C-NISTEP-DP186-36A2DF18.txt,C:\Users\WINDOWS\OneDrive\知识库\智库信息爬虫\国际主要科技智库观点演变_研判\03_证据底稿\网页文本\C-NISTEP-DP186-36A2DF18.txt,http://hdl.handle.net/11035/00006646,官方仓储PDF代理全文已保存
科研体系、资助与研究基础,科技创新政策与能力基线,C-NISTEP-DP186-36A2DF18,2020-06-01,W2,COVID-19 / SARS-CoV-2 関連のプレプリントを用いた研究動向の試行的分析,作者讨论论文,C:\Users\WINDOWS\OneDrive\知识库\智库信息爬虫\国际主要科技智库观点演变_研判\03_证据底稿\网页文本\C-NISTEP-DP186-36A2DF18.txt,C:\Users\WINDOWS\OneDrive\知识库\智库信息爬虫\国际主要科技智库观点演变_研判\03_证据底稿\网页文本\C-NISTEP-DP186-36A2DF18.txt,http://hdl.handle.net/11035/00006646,官方仓储PDF代理全文已保存
科技前瞻、新兴议题与社会,科技创新政策与能力基线,C-NISTEP-DP186-36A2DF18,2020-06-01,W2,COVID-19 / SARS-CoV-2 関連のプレプリントを用いた研究動向の試行的分析,作者讨论论文,C:\Users\WINDOWS\OneDrive\知识库\智库信息爬虫\国际主要科技智库观点演变_研判\03_证据底稿\网页文本\C-NISTEP-DP186-36A2DF18.txt,C:\Users\WINDOWS\OneDrive\知识库\智库信息爬虫\国际主要科技智库观点演变_研判\03_证据底稿\网页文本\C-NISTEP-DP186-36A2DF18.txt,http://hdl.handle.net/11035/00006646,官方仓储PDF代理全文已保存
中国科技能力与国际比较,科技创新政策与能力基线,C-NISTEP-DP186-36A2DF18,2020-06-01,W2,COVID-19 / SARS-CoV-2 関連のプレプリントを用いた研究動向の試行的分析,作者讨论论文,C:\Users\WINDOWS\OneDrive\知识库\智库信息爬虫\国际主要科技智库观点演变_研判\03_证据底稿\网页文本\C-NISTEP-DP186-36A2DF18.txt,C:\Users\WINDOWS\OneDrive\知识库\智库信息爬虫\国际主要科技智库观点演变_研判\03_证据底稿\网页文本\C-NISTEP-DP186-36A2DF18.txt,http://hdl.handle.net/11035/00006646,官方仓储PDF代理全文已保存
人工智能、数据与数字技术,科技创新政策与能力基线,C-NISTEP-NR186-EB600F8C,2020-06-01,W2,民間企業の研究活動に関する調査報告2019,机构正式研究,C:\Users\WINDOWS\OneDrive\知识库\智库信息爬虫\国际主要科技智库观点演变_研判\03_证据底稿\网页文本\C-NISTEP-NR186-EB600F8C.txt,C:\Users\WINDOWS\OneDrive\知识库\智库信息爬虫\国际主要科技智库观点演变_研判\03_证据底稿\网页文本\C-NISTEP-NR186-EB600F8C.txt,http://hdl.handle.net/11035/00006638,官方仓储PDF代理全文已保存
关键技术、专利与产业竞争力,科技创新政策与能力基线,C-NISTEP-NR186-EB600F8C,2020-06-01,W2,民間企業の研究活動に関する調査報告2019,机构正式研究,C:\Users\WINDOWS\OneDrive\知识库\智库信息爬虫\国际主要科技智库观点演变_研判\03_证据底稿\网页文本\C-NISTEP-NR186-EB600F8C.txt,C:\Users\WINDOWS\OneDrive\知识库\智库信息爬虫\国际主要科技智库观点演变_研判\03_证据底稿\网页文本\C-NISTEP-NR186-EB600F8C.txt,http://hdl.handle.net/11035/00006638,官方仓储PDF代理全文已保存
科技指标、论文与国际比较,科技创新政策与能力基线,C-NISTEP-NR186-EB600F8C,2020-06-01,W2,民間企業の研究活動に関する調査報告2019,机构正式研究,C:\Users\WINDOWS\OneDrive\知识库\智库信息爬虫\国际主要科技智库观点演变_研判\03_证据底稿\网页文本\C-NISTEP-NR186-EB600F8C.txt,C:\Users\WINDOWS\OneDrive\知识库\智库信息爬虫\国际主要科技智库观点演变_研判\03_证据底稿\网页文本\C-NISTEP-NR186-EB600F8C.txt,http://hdl.handle.net/11035/00006638,官方仓储PDF代理全文已保存
科研体系、资助与研究基础,科技创新政策与能力基线,C-NISTEP-NR186-EB600F8C,2020-06-01,W2,民間企業の研究活動に関する調査報告2019,机构正式研究,C:\Users\WINDOWS\OneDrive\知识库\智库信息爬虫\国际主要科技智库观点演变_研判\03_证据底稿\网页文本\C-NISTEP-NR186-EB600F8C.txt,C:\Users\WINDOWS\OneDrive\知识库\智库信息爬虫\国际主要科技智库观点演变_研判\03_证据底稿\网页文本\C-NISTEP-NR186-EB600F8C.txt,http://hdl.handle.net/11035/00006638,官方仓储PDF代理全文已保存
科技人才、博士与职业流动,科技创新政策与能力基线,C-NISTEP-NR186-EB600F8C,2020-06-01,W2,民間企業の研究活動に関する調査報告2019,机构正式研究,C:\Users\WINDOWS\OneDrive\知识库\智库信息爬虫\国际主要科技智库观点演变_研判\03_证据底稿\网页文本\C-NISTEP-NR186-EB600F8C.txt,C:\Users\WINDOWS\OneDrive\知识库\智库信息爬虫\国际主要科技智库观点演变_研判\03_证据底稿\网页文本\C-NISTEP-NR186-EB600F8C.txt,http://hdl.handle.net/11035/00006638,官方仓储PDF代理全文已保存
企业研发、创新与产学合作,科技创新政策与能力基线,C-NISTEP-NR186-EB600F8C,2020-06-01,W2,民間企業の研究活動に関する調査報告2019,机构正式研究,C:\Users\WINDOWS\OneDrive\知识库\智库信息爬虫\国际主要科技智库观点演变_研判\03_证据底稿\网页文本\C-NISTEP-NR186-EB600F8C.txt,C:\Users\WINDOWS\OneDrive\知识库\智库信息爬虫\国际主要科技智库观点演变_研判\03_证据底稿\网页文本\C-NISTEP-NR186-EB600F8C.txt,http://hdl.handle.net/11035/00006638,官方仓储PDF代理全文已保存
人工智能、数据与数字技术,核心科技直接材料,C-NISTEP-RM290-307F25D1,2020-06-01,W2,第11回科学技術予測調査 2050年の未来につなぐクローズアップ科学技術領域―AI関連技術とエキスパートジャッジの組み合わせによる抽出・分析―,机构正式研究,C:\Users\WINDOWS\OneDrive\知识库\智库信息爬虫\国际主要科技智库观点演变_研判\03_证据底稿\网页文本\C-NISTEP-RM290-307F25D1.txt,C:\Users\WINDOWS\OneDrive\知识库\智库信息爬虫\国际主要科技智库观点演变_研判\03_证据底稿\网页文本\C-NISTEP-RM290-307F25D1.txt,http://hdl.handle.net/11035/00006640,官方发布页摘要已保存
关键技术、专利与产业竞争力,核心科技直接材料,C-NISTEP-RM290-307F25D1,2020-06-01,W2,第11回科学技術予測調査 2050年の未来につなぐクローズアップ科学技術領域―AI関連技術とエキスパートジャッジの組み合わせによる抽出・分析―,机构正式研究,C:\Users\WINDOWS\OneDrive\知识库\智库信息爬虫\国际主要科技智库观点演变_研判\03_证据底稿\网页文本\C-NISTEP-RM290-307F25D1.txt,C:\Users\WINDOWS\OneDrive\知识库\智库信息爬虫\国际主要科技智库观点演变_研判\03_证据底稿\网页文本\C-NISTEP-RM290-307F25D1.txt,http://hdl.handle.net/11035/00006640,官方发布页摘要已保存
科技指标、论文与国际比较,核心科技直接材料,C-NISTEP-RM290-307F25D1,2020-06-01,W2,第11回科学技術予測調査 2050年の未来につなぐクローズアップ科学技術領域―AI関連技術とエキスパートジャッジの組み合わせによる抽出・分析―,机构正式研究,C:\Users\WINDOWS\OneDrive\知识库\智库信息爬虫\国际主要科技智库观点演变_研判\03_证据底稿\网页文本\C-NISTEP-RM290-307F25D1.txt,C:\Users\WINDOWS\OneDrive\知识库\智库信息爬虫\国际主要科技智库观点演变_研判\03_证据底稿\网页文本\C-NISTEP-RM290-307F25D1.txt,http://hdl.handle.net/11035/00006640,官方发布页摘要已保存
科研体系、资助与研究基础,核心科技直接材料,C-NISTEP-RM290-307F25D1,2020-06-01,W2,第11回科学技術予測調査 2050年の未来につなぐクローズアップ科学技術領域―AI関連技術とエキスパートジャッジの組み合わせによる抽出・分析―,机构正式研究,C:\Users\WINDOWS\OneDrive\知识库\智库信息爬虫\国际主要科技智库观点演变_研判\03_证据底稿\网页文本\C-NISTEP-RM290-307F25D1.txt,C:\Users\WINDOWS\OneDrive\知识库\智库信息爬虫\国际主要科技智库观点演变_研判\03_证据底稿\网页文本\C-NISTEP-RM290-307F25D1.txt,http://hdl.handle.net/11035/00006640,官方发布页摘要已保存
科技人才、博士与职业流动,核心科技直接材料,C-NISTEP-RM290-307F25D1,2020-06-01,W2,第11回科学技術予測調査 2050年の未来につなぐクローズアップ科学技術領域―AI関連技術とエキスパートジャッジの組み合わせによる抽出・分析―,机构正式研究,C:\Users\WINDOWS\OneDrive\知识库\智库信息爬虫\国际主要科技智库观点演变_研判\03_证据底稿\网页文本\C-NISTEP-RM290-307F25D1.txt,C:\Users\WINDOWS\OneDrive\知识库\智库信息爬虫\国际主要科技智库观点演变_研判\03_证据底稿\网页文本\C-NISTEP-RM290-307F25D1.txt,http://hdl.handle.net/11035/00006640,官方发布页摘要已保存
企业研发、创新与产学合作,核心科技直接材料,C-NISTEP-RM290-307F25D1,2020-06-01,W2,第11回科学技術予測調査 2050年の未来につなぐクローズアップ科学技術領域―AI関連技術とエキスパートジャッジの組み合わせによる抽出・分析―,机构正式研究,C:\Users\WINDOWS\OneDrive\知识库\智库信息爬虫\国际主要科技智库观点演变_研判\03_证据底稿\网页文本\C-NISTEP-RM290-307F25D1.txt,C:\Users\WINDOWS\OneDrive\知识库\智库信息爬虫\国际主要科技智库观点演变_研判\03_证据底稿\网页文本\C-NISTEP-RM290-307F25D1.txt,http://hdl.handle.net/11035/00006640,官方发布页摘要已保存
科技前瞻、新兴议题与社会,核心科技直接材料,C-NISTEP-RM290-307F25D1,2020-06-01,W2,第11回科学技術予測調査 2050年の未来につなぐクローズアップ科学技術領域―AI関連技術とエキスパートジャッジの組み合わせによる抽出・分析―,机构正式研究,C:\Users\WINDOWS\OneDrive\知识库\智库信息爬虫\国际主要科技智库观点演变_研判\03_证据底稿\网页文本\C-NISTEP-RM290-307F25D1.txt,C:\Users\WINDOWS\OneDrive\知识库\智库信息爬虫\国际主要科技智库观点演变_研判\03_证据底稿\网页文本\C-NISTEP-RM290-307F25D1.txt,http://hdl.handle.net/11035/00006640,官方发布页摘要已保存
人工智能、数据与数字技术,科技创新政策与能力基线,C-NISTEP-RM291-23F04C20,2020-06-01,W2,第11回科学技術予測調 科学技術の発展による2040年の社会－基本シナリオの検討－,机构正式研究,C:\Users\WINDOWS\OneDrive\知识库\智库信息爬虫\国际主要科技智库观点演变_研判\03_证据底稿\网页文本\C-NISTEP-RM291-23F04C20.txt,C:\Users\WINDOWS\OneDrive\知识库\智库信息爬虫\国际主要科技智库观点演变_研判\03_证据底稿\网页文本\C-NISTEP-RM291-23F04C20.txt,http://hdl.handle.net/11035/00006641,官方仓储PDF代理全文已保存
关键技术、专利与产业竞争力,科技创新政策与能力基线,C-NISTEP-RM291-23F04C20,2020-06-01,W2,第11回科学技術予測調 科学技術の発展による2040年の社会－基本シナリオの検討－,机构正式研究,C:\Users\WINDOWS\OneDrive\知识库\智库信息爬虫\国际主要科技智库观点演变_研判\03_证据底稿\网页文本\C-NISTEP-RM291-23F04C20.txt,C:\Users\WINDOWS\OneDrive\知识库\智库信息爬虫\国际主要科技智库观点演变_研判\03_证据底稿\网页文本\C-NISTEP-RM291-23F04C20.txt,http://hdl.handle.net/11035/00006641,官方仓储PDF代理全文已保存
科技指标、论文与国际比较,科技创新政策与能力基线,C-NISTEP-RM291-23F04C20,2020-06-01,W2,第11回科学技術予測調 科学技術の発展による2040年の社会－基本シナリオの検討－,机构正式研究,C:\Users\WINDOWS\OneDrive\知识库\智库信息爬虫\国际主要科技智库观点演变_研判\03_证据底稿\网页文本\C-NISTEP-RM291-23F04C20.txt,C:\Users\WINDOWS\OneDrive\知识库\智库信息爬虫\国际主要科技智库观点演变_研判\03_证据底稿\网页文本\C-NISTEP-RM291-23F04C20.txt,http://hdl.handle.net/11035/00006641,官方仓储PDF代理全文已保存
科研体系、资助与研究基础,科技创新政策与能力基线,C-NISTEP-RM291-23F04C20,2020-06-01,W2,第11回科学技術予測調 科学技術の発展による2040年の社会－基本シナリオの検討－,机构正式研究,C:\Users\WINDOWS\OneDrive\知识库\智库信息爬虫\国际主要科技智库观点演变_研判\03_证据底稿\网页文本\C-NISTEP-RM291-23F04C20.txt,C:\Users\WINDOWS\OneDrive\知识库\智库信息爬虫\国际主要科技智库观点演变_研判\03_证据底稿\网页文本\C-NISTEP-RM291-23F04C20.txt,http://hdl.handle.net/11035/00006641,官方仓储PDF代理全文已保存
企业研发、创新与产学合作,科技创新政策与能力基线,C-NISTEP-RM291-23F04C20,2020-06-01,W2,第11回科学技術予測調 科学技術の発展による2040年の社会－基本シナリオの検討－,机构正式研究,C:\Users\WINDOWS\OneDrive\知识库\智库信息爬虫\国际主要科技智库观点演变_研判\03_证据底稿\网页文本\C-NISTEP-RM291-23F04C20.txt,C:\Users\WINDOWS\OneDrive\知识库\智库信息爬虫\国际主要科技智库观点演变_研判\03_证据底稿\网页文本\C-NISTEP-RM291-23F04C20.txt,http://hdl.handle.net/11035/00006641,官方仓储PDF代理全文已保存
科技前瞻、新兴议题与社会,科技创新政策与能力基线,C-NISTEP-RM291-23F04C20,2020-06-01,W2,第11回科学技術予測調 科学技術の発展による2040年の社会－基本シナリオの検討－,机构正式研究,C:\Users\WINDOWS\OneDrive\知识库\智库信息爬虫\国际主要科技智库观点演变_研判\03_证据底稿\网页文本\C-NISTEP-RM291-23F04C20.txt,C:\Users\WINDOWS\OneDrive\知识库\智库信息爬虫\国际主要科技智库观点演变_研判\03_证据底稿\网页文本\C-NISTEP-RM291-23F04C20.txt,http://hdl.handle.net/11035/00006641,官方仓储PDF代理全文已保存
开放科学、研究诚信与治理,科技创新政策与能力基线,C-NISTEP-RM291-23F04C20,2020-06-01,W2,第11回科学技術予測調 科学技術の発展による2040年の社会－基本シナリオの検討－,机构正式研究,C:\Users\WINDOWS\OneDrive\知识库\智库信息爬虫\国际主要科技智库观点演变_研判\03_证据底稿\网页文本\C-NISTEP-RM291-23F04C20.txt,C:\Users\WINDOWS\OneDrive\知识库\智库信息爬虫\国际主要科技智库观点演变_研判\03_证据底稿\网页文本\C-NISTEP-RM291-23F04C20.txt,http://hdl.handle.net/11035/00006641,官方仓储PDF代理全文已保存
人工智能、数据与数字技术,科技创新政策与能力基线,C-NISTEP-RM292-BBD031DE,2020-06-01,W2,第11回科学技術予測調査 デルファイ調査,机构正式研究,C:\Users\WINDOWS\OneDrive\知识库\智库信息爬虫\国际主要科技智库观点演变_研判\03_证据底稿\网页文本\C-NISTEP-RM292-BBD031DE.txt,C:\Users\WINDOWS\OneDrive\知识库\智库信息爬虫\国际主要科技智库观点演变_研判\03_证据底稿\网页文本\C-NISTEP-RM292-BBD031DE.txt,http://hdl.handle.net/11035/00006642,官方仓储PDF代理全文已保存
关键技术、专利与产业竞争力,科技创新政策与能力基线,C-NISTEP-RM292-BBD031DE,2020-06-01,W2,第11回科学技術予測調査 デルファイ調査,机构正式研究,C:\Users\WINDOWS\OneDrive\知识库\智库信息爬虫\国际主要科技智库观点演变_研判\03_证据底稿\网页文本\C-NISTEP-RM292-BBD031DE.txt,C:\Users\WINDOWS\OneDrive\知识库\智库信息爬虫\国际主要科技智库观点演变_研判\03_证据底稿\网页文本\C-NISTEP-RM292-BBD031DE.txt,http://hdl.handle.net/11035/00006642,官方仓储PDF代理全文已保存
科技指标、论文与国际比较,科技创新政策与能力基线,C-NISTEP-RM292-BBD031DE,2020-06-01,W2,第11回科学技術予測調査 デルファイ調査,机构正式研究,C:\Users\WINDOWS\OneDrive\知识库\智库信息爬虫\国际主要科技智库观点演变_研判\03_证据底稿\网页文本\C-NISTEP-RM292-BBD031DE.txt,C:\Users\WINDOWS\OneDrive\知识库\智库信息爬虫\国际主要科技智库观点演变_研判\03_证据底稿\网页文本\C-NISTEP-RM292-BBD031DE.txt,http://hdl.handle.net/11035/00006642,官方仓储PDF代理全文已保存
科研体系、资助与研究基础,科技创新政策与能力基线,C-NISTEP-RM292-BBD031DE,2020-06-01,W2,第11回科学技術予測調査 デルファイ調査,机构正式研究,C:\Users\WINDOWS\OneDrive\知识库\智库信息爬虫\国际主要科技智库观点演变_研判\03_证据底稿\网页文本\C-NISTEP-RM292-BBD031DE.txt,C:\Users\WINDOWS\OneDrive\知识库\智库信息爬虫\国际主要科技智库观点演变_研判\03_证据底稿\网页文本\C-NISTEP-RM292-BBD031DE.txt,http://hdl.handle.net/11035/00006642,官方仓储PDF代理全文已保存
科技人才、博士与职业流动,科技创新政策与能力基线,C-NISTEP-RM292-BBD031DE,2020-06-01,W2,第11回科学技術予測調査 デルファイ調査,机构正式研究,C:\Users\WINDOWS\OneDrive\知识库\智库信息爬虫\国际主要科技智库观点演变_研判\03_证据底稿\网页文本\C-NISTEP-RM292-BBD031DE.txt,C:\Users\WINDOWS\OneDrive\知识库\智库信息爬虫\国际主要科技智库观点演变_研判\03_证据底稿\网页文本\C-NISTEP-RM292-BBD031DE.txt,http://hdl.handle.net/11035/00006642,官方仓储PDF代理全文已保存
企业研发、创新与产学合作,科技创新政策与能力基线,C-NISTEP-RM292-BBD031DE,2020-06-01,W2,第11回科学技術予測調査 デルファイ調査,机构正式研究,C:\Users\WINDOWS\OneDrive\知识库\智库信息爬虫\国际主要科技智库观点演变_研判\03_证据底稿\网页文本\C-NISTEP-RM292-BBD031DE.txt,C:\Users\WINDOWS\OneDrive\知识库\智库信息爬虫\国际主要科技智库观点演变_研判\03_证据底稿\网页文本\C-NISTEP-RM292-BBD031DE.txt,http://hdl.handle.net/11035/00006642,官方仓储PDF代理全文已保存
科技前瞻、新兴议题与社会,科技创新政策与能力基线,C-NISTEP-RM292-BBD031DE,2020-06-01,W2,第11回科学技術予測調査 デルファイ調査,机构正式研究,C:\Users\WINDOWS\OneDrive\知识库\智库信息爬虫\国际主要科技智库观点演变_研判\03_证据底稿\网页文本\C-NISTEP-RM292-BBD031DE.txt,C:\Users\WINDOWS\OneDrive\知识库\智库信息爬虫\国际主要科技智库观点演变_研判\03_证据底稿\网页文本\C-NISTEP-RM292-BBD031DE.txt,http://hdl.handle.net/11035/00006642,官方仓储PDF代理全文已保存
开放科学、研究诚信与治理,科技创新政策与能力基线,C-NISTEP-RM292-BBD031DE,2020-06-01,W2,第11回科学技術予測調査 デルファイ調査,机构正式研究,C:\Users\WINDOWS\OneDrive\知识库\智库信息爬虫\国际主要科技智库观点演变_研判\03_证据底稿\网页文本\C-NISTEP-RM292-BBD031DE.txt,C:\Users\WINDOWS\OneDrive\知识库\智库信息爬虫\国际主要科技智库观点演变_研判\03_证据底稿\网页文本\C-NISTEP-RM292-BBD031DE.txt,http://hdl.handle.net/11035/00006642,官方仓储PDF代理全文已保存
人工智能、数据与数字技术,科技创新政策与能力基线,C-NISTEP-DP185-BAB31231,2020-07-01,W2,COVID-19研究に関する国際共著状況：2020年4月末時点のデータを用いた分析,作者讨论论文,C:\Users\WINDOWS\OneDrive\知识库\智库信息爬虫\国际主要科技智库观点演变_研判\03_证据底稿\网页文本\C-NISTEP-DP185-BAB31231.txt,C:\Users\WINDOWS\OneDrive\知识库\智库信息爬虫\国际主要科技智库观点演变_研判\03_证据底稿\网页文本\C-NISTEP-DP185-BAB31231.txt,http://hdl.handle.net/11035/00006647,官方仓储PDF代理全文已保存
科技指标、论文与国际比较,科技创新政策与能力基线,C-NISTEP-DP185-BAB31231,2020-07-01,W2,COVID-19研究に関する国際共著状況：2020年4月末時点のデータを用いた分析,作者讨论论文,C:\Users\WINDOWS\OneDrive\知识库\智库信息爬虫\国际主要科技智库观点演变_研判\03_证据底稿\网页文本\C-NISTEP-DP185-BAB31231.txt,C:\Users\WINDOWS\OneDrive\知识库\智库信息爬虫\国际主要科技智库观点演变_研判\03_证据底稿\网页文本\C-NISTEP-DP185-BAB31231.txt,http://hdl.handle.net/11035/00006647,官方仓储PDF代理全文已保存
科研体系、资助与研究基础,科技创新政策与能力基线,C-NISTEP-DP185-BAB31231,2020-07-01,W2,COVID-19研究に関する国際共著状況：2020年4月末時点のデータを用いた分析,作者讨论论文,C:\Users\WINDOWS\OneDrive\知识库\智库信息爬虫\国际主要科技智库观点演变_研判\03_证据底稿\网页文本\C-NISTEP-DP185-BAB31231.txt,C:\Users\WINDOWS\OneDrive\知识库\智库信息爬虫\国际主要科技智库观点演变_研判\03_证据底稿\网页文本\C-NISTEP-DP185-BAB31231.txt,http://hdl.handle.net/11035/00006647,官方仓储PDF代理全文已保存
中国科技能力与国际比较,科技创新政策与能力基线,C-NISTEP-DP185-BAB31231,2020-07-01,W2,COVID-19研究に関する国際共著状況：2020年4月末時点のデータを用いた分析,作者讨论论文,C:\Users\WINDOWS\OneDrive\知识库\智库信息爬虫\国际主要科技智库观点演变_研判\03_证据底稿\网页文本\C-NISTEP-DP185-BAB31231.txt,C:\Users\WINDOWS\OneDrive\知识库\智库信息爬虫\国际主要科技智库观点演变_研判\03_证据底稿\网页文本\C-NISTEP-DP185-BAB31231.txt,http://hdl.handle.net/11035/00006647,官方仓储PDF代理全文已保存
人工智能、数据与数字技术,科技创新政策与能力基线,C-NISTEP-RM293-C764581B,2020-07-01,W2,科学技術に関する国民意識調査－新型コロナウイルスを含む感染症に対する意識－,机构正式研究,C:\Users\WINDOWS\OneDrive\知识库\智库信息爬虫\国际主要科技智库观点演变_研判\03_证据底稿\网页文本\C-NISTEP-RM293-C764581B.txt,C:\Users\WINDOWS\OneDrive\知识库\智库信息爬虫\国际主要科技智库观点演变_研判\03_证据底稿\网页文本\C-NISTEP-RM293-C764581B.txt,http://hdl.handle.net/11035/00006649,官方仓储PDF代理全文已保存
科技指标、论文与国际比较,科技创新政策与能力基线,C-NISTEP-RM293-C764581B,2020-07-01,W2,科学技術に関する国民意識調査－新型コロナウイルスを含む感染症に対する意識－,机构正式研究,C:\Users\WINDOWS\OneDrive\知识库\智库信息爬虫\国际主要科技智库观点演变_研判\03_证据底稿\网页文本\C-NISTEP-RM293-C764581B.txt,C:\Users\WINDOWS\OneDrive\知识库\智库信息爬虫\国际主要科技智库观点演变_研判\03_证据底稿\网页文本\C-NISTEP-RM293-C764581B.txt,http://hdl.handle.net/11035/00006649,官方仓储PDF代理全文已保存
科研体系、资助与研究基础,科技创新政策与能力基线,C-NISTEP-RM293-C764581B,2020-07-01,W2,科学技術に関する国民意識調査－新型コロナウイルスを含む感染症に対する意識－,机构正式研究,C:\Users\WINDOWS\OneDrive\知识库\智库信息爬虫\国际主要科技智库观点演变_研判\03_证据底稿\网页文本\C-NISTEP-RM293-C764581B.txt,C:\Users\WINDOWS\OneDrive\知识库\智库信息爬虫\国际主要科技智库观点演变_研判\03_证据底稿\网页文本\C-NISTEP-RM293-C764581B.txt,http://hdl.handle.net/11035/00006649,官方仓储PDF代理全文已保存
企业研发、创新与产学合作,科技创新政策与能力基线,C-NISTEP-RM293-C764581B,2020-07-01,W2,科学技術に関する国民意識調査－新型コロナウイルスを含む感染症に対する意識－,机构正式研究,C:\Users\WINDOWS\OneDrive\知识库\智库信息爬虫\国际主要科技智库观点演变_研判\03_证据底稿\网页文本\C-NISTEP-RM293-C764581B.txt,C:\Users\WINDOWS\OneDrive\知识库\智库信息爬虫\国际主要科技智库观点演变_研判\03_证据底稿\网页文本\C-NISTEP-RM293-C764581B.txt,http://hdl.handle.net/11035/00006649,官方仓储PDF代理全文已保存
科技前瞻、新兴议题与社会,科技创新政策与能力基线,C-NISTEP-RM293-C764581B,2020-07-01,W2,科学技術に関する国民意識調査－新型コロナウイルスを含む感染症に対する意識－,机构正式研究,C:\Users\WINDOWS\OneDrive\知识库\智库信息爬虫\国际主要科技智库观点演变_研判\03_证据底稿\网页文本\C-NISTEP-RM293-C764581B.txt,C:\Users\WINDOWS\OneDrive\知识库\智库信息爬虫\国际主要科技智库观点演变_研判\03_证据底稿\网页文本\C-NISTEP-RM293-C764581B.txt,http://hdl.handle.net/11035/00006649,官方仓储PDF代理全文已保存
中国科技能力与国际比较,科技创新政策与能力基线,C-NISTEP-RM293-C764581B,2020-07-01,W2,科学技術に関する国民意識調査－新型コロナウイルスを含む感染症に対する意識－,机构正式研究,C:\Users\WINDOWS\OneDrive\知识库\智库信息爬虫\国际主要科技智库观点演变_研判\03_证据底稿\网页文本\C-NISTEP-RM293-C764581B.txt,C:\Users\WINDOWS\OneDrive\知识库\智库信息爬虫\国际主要科技智库观点演变_研判\03_证据底稿\网页文本\C-NISTEP-RM293-C764581B.txt,http://hdl.handle.net/11035/00006649,官方仓储PDF代理全文已保存
人工智能、数据与数字技术,科技创新政策与能力基线,C-NISTEP-RM294-F652C592,2020-07-01,W2,地域科学技術指標2019,机构正式研究,C:\Users\WINDOWS\OneDrive\知识库\智库信息爬虫\国际主要科技智库观点演变_研判\03_证据底稿\网页文本\C-NISTEP-RM294-F652C592.txt,C:\Users\WINDOWS\OneDrive\知识库\智库信息爬虫\国际主要科技智库观点演变_研判\03_证据底稿\网页文本\C-NISTEP-RM294-F652C592.txt,http://hdl.handle.net/11035/00006648,官方发布页摘要已保存
关键技术、专利与产业竞争力,科技创新政策与能力基线,C-NISTEP-RM294-F652C592,2020-07-01,W2,地域科学技術指標2019,机构正式研究,C:\Users\WINDOWS\OneDrive\知识库\智库信息爬虫\国际主要科技智库观点演变_研判\03_证据底稿\网页文本\C-NISTEP-RM294-F652C592.txt,C:\Users\WINDOWS\OneDrive\知识库\智库信息爬虫\国际主要科技智库观点演变_研判\03_证据底稿\网页文本\C-NISTEP-RM294-F652C592.txt,http://hdl.handle.net/11035/00006648,官方发布页摘要已保存
科技指标、论文与国际比较,科技创新政策与能力基线,C-NISTEP-RM294-F652C592,2020-07-01,W2,地域科学技術指標2019,机构正式研究,C:\Users\WINDOWS\OneDrive\知识库\智库信息爬虫\国际主要科技智库观点演变_研判\03_证据底稿\网页文本\C-NISTEP-RM294-F652C592.txt,C:\Users\WINDOWS\OneDrive\知识库\智库信息爬虫\国际主要科技智库观点演变_研判\03_证据底稿\网页文本\C-NISTEP-RM294-F652C592.txt,http://hdl.handle.net/11035/00006648,官方发布页摘要已保存
科研体系、资助与研究基础,科技创新政策与能力基线,C-NISTEP-RM294-F652C592,2020-07-01,W2,地域科学技術指標2019,机构正式研究,C:\Users\WINDOWS\OneDrive\知识库\智库信息爬虫\国际主要科技智库观点演变_研判\03_证据底稿\网页文本\C-NISTEP-RM294-F652C592.txt,C:\Users\WINDOWS\OneDrive\知识库\智库信息爬虫\国际主要科技智库观点演变_研判\03_证据底稿\网页文本\C-NISTEP-RM294-F652C592.txt,http://hdl.handle.net/11035/00006648,官方发布页摘要已保存
科技人才、博士与职业流动,科技创新政策与能力基线,C-NISTEP-RM294-F652C592,2020-07-01,W2,地域科学技術指標2019,机构正式研究,C:\Users\WINDOWS\OneDrive\知识库\智库信息爬虫\国际主要科技智库观点演变_研判\03_证据底稿\网页文本\C-NISTEP-RM294-F652C592.txt,C:\Users\WINDOWS\OneDrive\知识库\智库信息爬虫\国际主要科技智库观点演变_研判\03_证据底稿\网页文本\C-NISTEP-RM294-F652C592.txt,http://hdl.handle.net/11035/00006648,官方发布页摘要已保存
企业研发、创新与产学合作,科技创新政策与能力基线,C-NISTEP-RM294-F652C592,2020-07-01,W2,地域科学技術指標2019,机构正式研究,C:\Users\WINDOWS\OneDrive\知识库\智库信息爬虫\国际主要科技智库观点演变_研判\03_证据底稿\网页文本\C-NISTEP-RM294-F652C592.txt,C:\Users\WINDOWS\OneDrive\知识库\智库信息爬虫\国际主要科技智库观点演变_研判\03_证据底稿\网页文本\C-NISTEP-RM294-F652C592.txt,http://hdl.handle.net/11035/00006648,官方发布页摘要已保存
科技前瞻、新兴议题与社会,科技创新政策与能力基线,C-NISTEP-RM294-F652C592,2020-07-01,W2,地域科学技術指標2019,机构正式研究,C:\Users\WINDOWS\OneDrive\知识库\智库信息爬虫\国际主要科技智库观点演变_研判\03_证据底稿\网页文本\C-NISTEP-RM294-F652C592.txt,C:\Users\WINDOWS\OneDrive\知识库\智库信息爬虫\国际主要科技智库观点演变_研判\03_证据底稿\网页文本\C-NISTEP-RM294-F652C592.txt,http://hdl.handle.net/11035/00006648,官方发布页摘要已保存
人工智能、数据与数字技术,科技创新政策与能力基线,C-NISTEP-DP187-343EBD48,2020-08-01,W2,arXivに着目したプレプリントの分析,作者讨论论文,C:\Users\WINDOWS\OneDrive\知识库\智库信息爬虫\国际主要科技智库观点演变_研判\03_证据底稿\网页文本\C-NISTEP-DP187-343EBD48.txt,C:\Users\WINDOWS\OneDrive\知识库\智库信息爬虫\国际主要科技智库观点演变_研判\03_证据底稿\网页文本\C-NISTEP-DP187-343EBD48.txt,http://hdl.handle.net/11035/00006651,官方仓储PDF代理全文已保存
关键技术、专利与产业竞争力,科技创新政策与能力基线,C-NISTEP-DP187-343EBD48,2020-08-01,W2,arXivに着目したプレプリントの分析,作者讨论论文,C:\Users\WINDOWS\OneDrive\知识库\智库信息爬虫\国际主要科技智库观点演变_研判\03_证据底稿\网页文本\C-NISTEP-DP187-343EBD48.txt,C:\Users\WINDOWS\OneDrive\知识库\智库信息爬虫\国际主要科技智库观点演变_研判\03_证据底稿\网页文本\C-NISTEP-DP187-343EBD48.txt,http://hdl.handle.net/11035/00006651,官方仓储PDF代理全文已保存
科技指标、论文与国际比较,科技创新政策与能力基线,C-NISTEP-DP187-343EBD48,2020-08-01,W2,arXivに着目したプレプリントの分析,作者讨论论文,C:\Users\WINDOWS\OneDrive\知识库\智库信息爬虫\国际主要科技智库观点演变_研判\03_证据底稿\网页文本\C-NISTEP-DP187-343EBD48.txt,C:\Users\WINDOWS\OneDrive\知识库\智库信息爬虫\国际主要科技智库观点演变_研判\03_证据底稿\网页文本\C-NISTEP-DP187-343EBD48.txt,http://hdl.handle.net/11035/00006651,官方仓储PDF代理全文已保存
科研体系、资助与研究基础,科技创新政策与能力基线,C-NISTEP-DP187-343EBD48,2020-08-01,W2,arXivに着目したプレプリントの分析,作者讨论论文,C:\Users\WINDOWS\OneDrive\知识库\智库信息爬虫\国际主要科技智库观点演变_研判\03_证据底稿\网页文本\C-NISTEP-DP187-343EBD48.txt,C:\Users\WINDOWS\OneDrive\知识库\智库信息爬虫\国际主要科技智库观点演变_研判\03_证据底稿\网页文本\C-NISTEP-DP187-343EBD48.txt,http://hdl.handle.net/11035/00006651,官方仓储PDF代理全文已保存
科技人才、博士与职业流动,科技创新政策与能力基线,C-NISTEP-DP187-343EBD48,2020-08-01,W2,arXivに着目したプレプリントの分析,作者讨论论文,C:\Users\WINDOWS\OneDrive\知识库\智库信息爬虫\国际主要科技智库观点演变_研判\03_证据底稿\网页文本\C-NISTEP-DP187-343EBD48.txt,C:\Users\WINDOWS\OneDrive\知识库\智库信息爬虫\国际主要科技智库观点演变_研判\03_证据底稿\网页文本\C-NISTEP-DP187-343EBD48.txt,http://hdl.handle.net/11035/00006651,官方仓储PDF代理全文已保存
企业研发、创新与产学合作,科技创新政策与能力基线,C-NISTEP-DP187-343EBD48,2020-08-01,W2,arXivに着目したプレプリントの分析,作者讨论论文,C:\Users\WINDOWS\OneDrive\知识库\智库信息爬虫\国际主要科技智库观点演变_研判\03_证据底稿\网页文本\C-NISTEP-DP187-343EBD48.txt,C:\Users\WINDOWS\OneDrive\知识库\智库信息爬虫\国际主要科技智库观点演变_研判\03_证据底稿\网页文本\C-NISTEP-DP187-343EBD48.txt,http://hdl.handle.net/11035/00006651,官方仓储PDF代理全文已保存
科技前瞻、新兴议题与社会,科技创新政策与能力基线,C-NISTEP-DP187-343EBD48,2020-08-01,W2,arXivに着目したプレプリントの分析,作者讨论论文,C:\Users\WINDOWS\OneDrive\知识库\智库信息爬虫\国际主要科技智库观点演变_研判\03_证据底稿\网页文本\C-NISTEP-DP187-343EBD48.txt,C:\Users\WINDOWS\OneDrive\知识库\智库信息爬虫\国际主要科技智库观点演变_研判\03_证据底稿\网页文本\C-NISTEP-DP187-343EBD48.txt,http://hdl.handle.net/11035/00006651,官方仓储PDF代理全文已保存
开放科学、研究诚信与治理,科技创新政策与能力基线,C-NISTEP-DP187-343EBD48,2020-08-01,W2,arXivに着目したプレプリントの分析,作者讨论论文,C:\Users\WINDOWS\OneDrive\知识库\智库信息爬虫\国际主要科技智库观点演变_研判\03_证据底稿\网页文本\C-NISTEP-DP187-343EBD48.txt,C:\Users\WINDOWS\OneDrive\知识库\智库信息爬虫\国际主要科技智库观点演变_研判\03_证据底稿\网页文本\C-NISTEP-DP187-343EBD48.txt,http://hdl.handle.net/11035/00006651,官方仓储PDF代理全文已保存
人工智能、数据与数字技术,科技创新政策与能力基线,C-NISTEP-DP188-A07AD217,2020-08-01,W2,第11 回科学技術予測調査におけるバックキャストとフォーキャストの比較分析,作者讨论论文,C:\Users\WINDOWS\OneDrive\知识库\智库信息爬虫\国际主要科技智库观点演变_研判\03_证据底稿\原文PDF\C-NISTEP-DP188-A07AD217.pdf,C:\Users\WINDOWS\OneDrive\知识库\智库信息爬虫\国际主要科技智库观点演变_研判\03_证据底稿\文本\C-NISTEP-DP188-A07AD217.txt,http://hdl.handle.net/11035/00006653,官方PDF已保存并校验
关键技术、专利与产业竞争力,科技创新政策与能力基线,C-NISTEP-DP188-A07AD217,2020-08-01,W2,第11 回科学技術予測調査におけるバックキャストとフォーキャストの比較分析,作者讨论论文,C:\Users\WINDOWS\OneDrive\知识库\智库信息爬虫\国际主要科技智库观点演变_研判\03_证据底稿\原文PDF\C-NISTEP-DP188-A07AD217.pdf,C:\Users\WINDOWS\OneDrive\知识库\智库信息爬虫\国际主要科技智库观点演变_研判\03_证据底稿\文本\C-NISTEP-DP188-A07AD217.txt,http://hdl.handle.net/11035/00006653,官方PDF已保存并校验
科技指标、论文与国际比较,科技创新政策与能力基线,C-NISTEP-DP188-A07AD217,2020-08-01,W2,第11 回科学技術予測調査におけるバックキャストとフォーキャストの比較分析,作者讨论论文,C:\Users\WINDOWS\OneDrive\知识库\智库信息爬虫\国际主要科技智库观点演变_研判\03_证据底稿\原文PDF\C-NISTEP-DP188-A07AD217.pdf,C:\Users\WINDOWS\OneDrive\知识库\智库信息爬虫\国际主要科技智库观点演变_研判\03_证据底稿\文本\C-NISTEP-DP188-A07AD217.txt,http://hdl.handle.net/11035/00006653,官方PDF已保存并校验
科研体系、资助与研究基础,科技创新政策与能力基线,C-NISTEP-DP188-A07AD217,2020-08-01,W2,第11 回科学技術予測調査におけるバックキャストとフォーキャストの比較分析,作者讨论论文,C:\Users\WINDOWS\OneDrive\知识库\智库信息爬虫\国际主要科技智库观点演变_研判\03_证据底稿\原文PDF\C-NISTEP-DP188-A07AD217.pdf,C:\Users\WINDOWS\OneDrive\知识库\智库信息爬虫\国际主要科技智库观点演变_研判\03_证据底稿\文本\C-NISTEP-DP188-A07AD217.txt,http://hdl.handle.net/11035/00006653,官方PDF已保存并校验
科技前瞻、新兴议题与社会,科技创新政策与能力基线,C-NISTEP-DP188-A07AD217,2020-08-01,W2,第11 回科学技術予測調査におけるバックキャストとフォーキャストの比較分析,作者讨论论文,C:\Users\WINDOWS\OneDrive\知识库\智库信息爬虫\国际主要科技智库观点演变_研判\03_证据底稿\原文PDF\C-NISTEP-DP188-A07AD217.pdf,C:\Users\WINDOWS\OneDrive\知识库\智库信息爬虫\国际主要科技智库观点演变_研判\03_证据底稿\文本\C-NISTEP-DP188-A07AD217.txt,http://hdl.handle.net/11035/00006653,官方PDF已保存并校验
开放科学、研究诚信与治理,科技创新政策与能力基线,C-NISTEP-DP188-A07AD217,2020-08-01,W2,第11 回科学技術予測調査におけるバックキャストとフォーキャストの比較分析,作者讨论论文,C:\Users\WINDOWS\OneDrive\知识库\智库信息爬虫\国际主要科技智库观点演变_研判\03_证据底稿\原文PDF\C-NISTEP-DP188-A07AD217.pdf,C:\Users\WINDOWS\OneDrive\知识库\智库信息爬虫\国际主要科技智库观点演变_研判\03_证据底稿\文本\C-NISTEP-DP188-A07AD217.txt,http://hdl.handle.net/11035/00006653,官方PDF已保存并校验
人工智能、数据与数字技术,科技创新政策与能力基线,C-NISTEP-RM295-A2E458E6,2020-08-01,W2,科学技術指標2020,机构正式研究,C:\Users\WINDOWS\OneDrive\知识库\智库信息爬虫\国际主要科技智库观点演变_研判\03_证据底稿\网页文本\C-NISTEP-RM295-A2E458E6.txt,C:\Users\WINDOWS\OneDrive\知识库\智库信息爬虫\国际主要科技智库观点演变_研判\03_证据底稿\网页文本\C-NISTEP-RM295-A2E458E6.txt,http://hdl.handle.net/11035/00006650,官方仓储PDF代理全文已保存
关键技术、专利与产业竞争力,科技创新政策与能力基线,C-NISTEP-RM295-A2E458E6,2020-08-01,W2,科学技術指標2020,机构正式研究,C:\Users\WINDOWS\OneDrive\知识库\智库信息爬虫\国际主要科技智库观点演变_研判\03_证据底稿\网页文本\C-NISTEP-RM295-A2E458E6.txt,C:\Users\WINDOWS\OneDrive\知识库\智库信息爬虫\国际主要科技智库观点演变_研判\03_证据底稿\网页文本\C-NISTEP-RM295-A2E458E6.txt,http://hdl.handle.net/11035/00006650,官方仓储PDF代理全文已保存
科技指标、论文与国际比较,科技创新政策与能力基线,C-NISTEP-RM295-A2E458E6,2020-08-01,W2,科学技術指標2020,机构正式研究,C:\Users\WINDOWS\OneDrive\知识库\智库信息爬虫\国际主要科技智库观点演变_研判\03_证据底稿\网页文本\C-NISTEP-RM295-A2E458E6.txt,C:\Users\WINDOWS\OneDrive\知识库\智库信息爬虫\国际主要科技智库观点演变_研判\03_证据底稿\网页文本\C-NISTEP-RM295-A2E458E6.txt,http://hdl.handle.net/11035/00006650,官方仓储PDF代理全文已保存
科研体系、资助与研究基础,科技创新政策与能力基线,C-NISTEP-RM295-A2E458E6,2020-08-01,W2,科学技術指標2020,机构正式研究,C:\Users\WINDOWS\OneDrive\知识库\智库信息爬虫\国际主要科技智库观点演变_研判\03_证据底稿\网页文本\C-NISTEP-RM295-A2E458E6.txt,C:\Users\WINDOWS\OneDrive\知识库\智库信息爬虫\国际主要科技智库观点演变_研判\03_证据底稿\网页文本\C-NISTEP-RM295-A2E458E6.txt,http://hdl.handle.net/11035/00006650,官方仓储PDF代理全文已保存
科技人才、博士与职业流动,科技创新政策与能力基线,C-NISTEP-RM295-A2E458E6,2020-08-01,W2,科学技術指標2020,机构正式研究,C:\Users\WINDOWS\OneDrive\知识库\智库信息爬虫\国际主要科技智库观点演变_研判\03_证据底稿\网页文本\C-NISTEP-RM295-A2E458E6.txt,C:\Users\WINDOWS\OneDrive\知识库\智库信息爬虫\国际主要科技智库观点演变_研判\03_证据底稿\网页文本\C-NISTEP-RM295-A2E458E6.txt,http://hdl.handle.net/11035/00006650,官方仓储PDF代理全文已保存
企业研发、创新与产学合作,科技创新政策与能力基线,C-NISTEP-RM295-A2E458E6,2020-08-01,W2,科学技術指標2020,机构正式研究,C:\Users\WINDOWS\OneDrive\知识库\智库信息爬虫\国际主要科技智库观点演变_研判\03_证据底稿\网页文本\C-NISTEP-RM295-A2E458E6.txt,C:\Users\WINDOWS\OneDrive\知识库\智库信息爬虫\国际主要科技智库观点演变_研判\03_证据底稿\网页文本\C-NISTEP-RM295-A2E458E6.txt,http://hdl.handle.net/11035/00006650,官方仓储PDF代理全文已保存
开放科学、研究诚信与治理,科技创新政策与能力基线,C-NISTEP-RM295-A2E458E6,2020-08-01,W2,科学技術指標2020,机构正式研究,C:\Users\WINDOWS\OneDrive\知识库\智库信息爬虫\国际主要科技智库观点演变_研判\03_证据底稿\网页文本\C-NISTEP-RM295-A2E458E6.txt,C:\Users\WINDOWS\OneDrive\知识库\智库信息爬虫\国际主要科技智库观点演变_研判\03_证据底稿\网页文本\C-NISTEP-RM295-A2E458E6.txt,http://hdl.handle.net/11035/00006650,官方仓储PDF代理全文已保存
中国科技能力与国际比较,科技创新政策与能力基线,C-NISTEP-RM295-A2E458E6,2020-08-01,W2,科学技術指標2020,机构正式研究,C:\Users\WINDOWS\OneDrive\知识库\智库信息爬虫\国际主要科技智库观点演变_研判\03_证据底稿\网页文本\C-NISTEP-RM295-A2E458E6.txt,C:\Users\WINDOWS\OneDrive\知识库\智库信息爬虫\国际主要科技智库观点演变_研判\03_证据底稿\网页文本\C-NISTEP-RM295-A2E458E6.txt,http://hdl.handle.net/11035/00006650,官方仓储PDF代理全文已保存
人工智能、数据与数字技术,科技创新政策与能力基线,C-NISTEP-RM296-257B3CA7,2020-08-01,W2,科学技術に関する国民意識調査－新技術の社会受容性－,机构正式研究,C:\Users\WINDOWS\OneDrive\知识库\智库信息爬虫\国际主要科技智库观点演变_研判\03_证据底稿\网页文本\C-NISTEP-RM296-257B3CA7.txt,C:\Users\WINDOWS\OneDrive\知识库\智库信息爬虫\国际主要科技智库观点演变_研判\03_证据底稿\网页文本\C-NISTEP-RM296-257B3CA7.txt,http://hdl.handle.net/11035/00006652,官方仓储PDF代理全文已保存
关键技术、专利与产业竞争力,科技创新政策与能力基线,C-NISTEP-RM296-257B3CA7,2020-08-01,W2,科学技術に関する国民意識調査－新技術の社会受容性－,机构正式研究,C:\Users\WINDOWS\OneDrive\知识库\智库信息爬虫\国际主要科技智库观点演变_研判\03_证据底稿\网页文本\C-NISTEP-RM296-257B3CA7.txt,C:\Users\WINDOWS\OneDrive\知识库\智库信息爬虫\国际主要科技智库观点演变_研判\03_证据底稿\网页文本\C-NISTEP-RM296-257B3CA7.txt,http://hdl.handle.net/11035/00006652,官方仓储PDF代理全文已保存
科技指标、论文与国际比较,科技创新政策与能力基线,C-NISTEP-RM296-257B3CA7,2020-08-01,W2,科学技術に関する国民意識調査－新技術の社会受容性－,机构正式研究,C:\Users\WINDOWS\OneDrive\知识库\智库信息爬虫\国际主要科技智库观点演变_研判\03_证据底稿\网页文本\C-NISTEP-RM296-257B3CA7.txt,C:\Users\WINDOWS\OneDrive\知识库\智库信息爬虫\国际主要科技智库观点演变_研判\03_证据底稿\网页文本\C-NISTEP-RM296-257B3CA7.txt,http://hdl.handle.net/11035/00006652,官方仓储PDF代理全文已保存
科研体系、资助与研究基础,科技创新政策与能力基线,C-NISTEP-RM296-257B3CA7,2020-08-01,W2,科学技術に関する国民意識調査－新技術の社会受容性－,机构正式研究,C:\Users\WINDOWS\OneDrive\知识库\智库信息爬虫\国际主要科技智库观点演变_研判\03_证据底稿\网页文本\C-NISTEP-RM296-257B3CA7.txt,C:\Users\WINDOWS\OneDrive\知识库\智库信息爬虫\国际主要科技智库观点演变_研判\03_证据底稿\网页文本\C-NISTEP-RM296-257B3CA7.txt,http://hdl.handle.net/11035/00006652,官方仓储PDF代理全文已保存
企业研发、创新与产学合作,科技创新政策与能力基线,C-NISTEP-RM296-257B3CA7,2020-08-01,W2,科学技術に関する国民意識調査－新技術の社会受容性－,机构正式研究,C:\Users\WINDOWS\OneDrive\知识库\智库信息爬虫\国际主要科技智库观点演变_研判\03_证据底稿\网页文本\C-NISTEP-RM296-257B3CA7.txt,C:\Users\WINDOWS\OneDrive\知识库\智库信息爬虫\国际主要科技智库观点演变_研判\03_证据底稿\网页文本\C-NISTEP-RM296-257B3CA7.txt,http://hdl.handle.net/11035/00006652,官方仓储PDF代理全文已保存
科技前瞻、新兴议题与社会,科技创新政策与能力基线,C-NISTEP-RM296-257B3CA7,2020-08-01,W2,科学技術に関する国民意識調査－新技術の社会受容性－,机构正式研究,C:\Users\WINDOWS\OneDrive\知识库\智库信息爬虫\国际主要科技智库观点演变_研判\03_证据底稿\网页文本\C-NISTEP-RM296-257B3CA7.txt,C:\Users\WINDOWS\OneDrive\知识库\智库信息爬虫\国际主要科技智库观点演变_研判\03_证据底稿\网页文本\C-NISTEP-RM296-257B3CA7.txt,http://hdl.handle.net/11035/00006652,官方仓储PDF代理全文已保存
人工智能、数据与数字技术,科技创新政策与能力基线,C-NISTEP-DP189-6CD585B9,2020-09-01,W2,日本企業の研究開発マネジメントとイノベーションの現状－「研究開発マネジメントに関する実態調査」結果概要－,作者讨论论文,C:\Users\WINDOWS\OneDrive\知识库\智库信息爬虫\国际主要科技智库观点演变_研判\03_证据底稿\原文PDF\C-NISTEP-DP189-6CD585B9.pdf,C:\Users\WINDOWS\OneDrive\知识库\智库信息爬虫\国际主要科技智库观点演变_研判\03_证据底稿\文本\C-NISTEP-DP189-6CD585B9.txt,http://hdl.handle.net/11035/00006659,官方PDF已保存并校验
关键技术、专利与产业竞争力,科技创新政策与能力基线,C-NISTEP-DP189-6CD585B9,2020-09-01,W2,日本企業の研究開発マネジメントとイノベーションの現状－「研究開発マネジメントに関する実態調査」結果概要－,作者讨论论文,C:\Users\WINDOWS\OneDrive\知识库\智库信息爬虫\国际主要科技智库观点演变_研判\03_证据底稿\原文PDF\C-NISTEP-DP189-6CD585B9.pdf,C:\Users\WINDOWS\OneDrive\知识库\智库信息爬虫\国际主要科技智库观点演变_研判\03_证据底稿\文本\C-NISTEP-DP189-6CD585B9.txt,http://hdl.handle.net/11035/00006659,官方PDF已保存并校验
科技指标、论文与国际比较,科技创新政策与能力基线,C-NISTEP-DP189-6CD585B9,2020-09-01,W2,日本企業の研究開発マネジメントとイノベーションの現状－「研究開発マネジメントに関する実態調査」結果概要－,作者讨论论文,C:\Users\WINDOWS\OneDrive\知识库\智库信息爬虫\国际主要科技智库观点演变_研判\03_证据底稿\原文PDF\C-NISTEP-DP189-6CD585B9.pdf,C:\Users\WINDOWS\OneDrive\知识库\智库信息爬虫\国际主要科技智库观点演变_研判\03_证据底稿\文本\C-NISTEP-DP189-6CD585B9.txt,http://hdl.handle.net/11035/00006659,官方PDF已保存并校验
科研体系、资助与研究基础,科技创新政策与能力基线,C-NISTEP-DP189-6CD585B9,2020-09-01,W2,日本企業の研究開発マネジメントとイノベーションの現状－「研究開発マネジメントに関する実態調査」結果概要－,作者讨论论文,C:\Users\WINDOWS\OneDrive\知识库\智库信息爬虫\国际主要科技智库观点演变_研判\03_证据底稿\原文PDF\C-NISTEP-DP189-6CD585B9.pdf,C:\Users\WINDOWS\OneDrive\知识库\智库信息爬虫\国际主要科技智库观点演变_研判\03_证据底稿\文本\C-NISTEP-DP189-6CD585B9.txt,http://hdl.handle.net/11035/00006659,官方PDF已保存并校验
科技人才、博士与职业流动,科技创新政策与能力基线,C-NISTEP-DP189-6CD585B9,2020-09-01,W2,日本企業の研究開発マネジメントとイノベーションの現状－「研究開発マネジメントに関する実態調査」結果概要－,作者讨论论文,C:\Users\WINDOWS\OneDrive\知识库\智库信息爬虫\国际主要科技智库观点演变_研判\03_证据底稿\原文PDF\C-NISTEP-DP189-6CD585B9.pdf,C:\Users\WINDOWS\OneDrive\知识库\智库信息爬虫\国际主要科技智库观点演变_研判\03_证据底稿\文本\C-NISTEP-DP189-6CD585B9.txt,http://hdl.handle.net/11035/00006659,官方PDF已保存并校验
企业研发、创新与产学合作,科技创新政策与能力基线,C-NISTEP-DP189-6CD585B9,2020-09-01,W2,日本企業の研究開発マネジメントとイノベーションの現状－「研究開発マネジメントに関する実態調査」結果概要－,作者讨论论文,C:\Users\WINDOWS\OneDrive\知识库\智库信息爬虫\国际主要科技智库观点演变_研判\03_证据底稿\原文PDF\C-NISTEP-DP189-6CD585B9.pdf,C:\Users\WINDOWS\OneDrive\知识库\智库信息爬虫\国际主要科技智库观点演变_研判\03_证据底稿\文本\C-NISTEP-DP189-6CD585B9.txt,http://hdl.handle.net/11035/00006659,官方PDF已保存并校验
人工智能、数据与数字技术,科技创新政策与能力基线,C-NISTEP-RM297-9EABC24A,2020-09-01,W2,研究専従換算係数を考慮した日本の大学の研究開発費及び研究者数の詳細分析,机构正式研究,C:\Users\WINDOWS\OneDrive\知识库\智库信息爬虫\国际主要科技智库观点演变_研判\03_证据底稿\网页文本\C-NISTEP-RM297-9EABC24A.txt,C:\Users\WINDOWS\OneDrive\知识库\智库信息爬虫\国际主要科技智库观点演变_研判\03_证据底稿\网页文本\C-NISTEP-RM297-9EABC24A.txt,http://hdl.handle.net/11035/00006654,官方仓储PDF代理全文已保存
科技指标、论文与国际比较,科技创新政策与能力基线,C-NISTEP-RM297-9EABC24A,2020-09-01,W2,研究専従換算係数を考慮した日本の大学の研究開発費及び研究者数の詳細分析,机构正式研究,C:\Users\WINDOWS\OneDrive\知识库\智库信息爬虫\国际主要科技智库观点演变_研判\03_证据底稿\网页文本\C-NISTEP-RM297-9EABC24A.txt,C:\Users\WINDOWS\OneDrive\知识库\智库信息爬虫\国际主要科技智库观点演变_研判\03_证据底稿\网页文本\C-NISTEP-RM297-9EABC24A.txt,http://hdl.handle.net/11035/00006654,官方仓储PDF代理全文已保存
科研体系、资助与研究基础,科技创新政策与能力基线,C-NISTEP-RM297-9EABC24A,2020-09-01,W2,研究専従換算係数を考慮した日本の大学の研究開発費及び研究者数の詳細分析,机构正式研究,C:\Users\WINDOWS\OneDrive\知识库\智库信息爬虫\国际主要科技智库观点演变_研判\03_证据底稿\网页文本\C-NISTEP-RM297-9EABC24A.txt,C:\Users\WINDOWS\OneDrive\知识库\智库信息爬虫\国际主要科技智库观点演变_研判\03_证据底稿\网页文本\C-NISTEP-RM297-9EABC24A.txt,http://hdl.handle.net/11035/00006654,官方仓储PDF代理全文已保存
科技人才、博士与职业流动,科技创新政策与能力基线,C-NISTEP-RM297-9EABC24A,2020-09-01,W2,研究専従換算係数を考慮した日本の大学の研究開発費及び研究者数の詳細分析,机构正式研究,C:\Users\WINDOWS\OneDrive\知识库\智库信息爬虫\国际主要科技智库观点演变_研判\03_证据底稿\网页文本\C-NISTEP-RM297-9EABC24A.txt,C:\Users\WINDOWS\OneDrive\知识库\智库信息爬虫\国际主要科技智库观点演变_研判\03_证据底稿\网页文本\C-NISTEP-RM297-9EABC24A.txt,http://hdl.handle.net/11035/00006654,官方仓储PDF代理全文已保存
人工智能、数据与数字技术,科技创新政策与能力基线,C-NISTEP-RM298-2AF4A727,2020-09-01,W2,新型コロナウイルス流行の研究活動への影響等に関する調査－博士人材データベース（JGRAD）におけるウェブアンケート調査－,机构正式研究,C:\Users\WINDOWS\OneDrive\知识库\智库信息爬虫\国际主要科技智库观点演变_研判\03_证据底稿\原文PDF\C-NISTEP-RM298-2AF4A727.pdf,C:\Users\WINDOWS\OneDrive\知识库\智库信息爬虫\国际主要科技智库观点演变_研判\03_证据底稿\文本\C-NISTEP-RM298-2AF4A727.txt,http://hdl.handle.net/11035/00006660,官方PDF已保存并校验
科技指标、论文与国际比较,科技创新政策与能力基线,C-NISTEP-RM298-2AF4A727,2020-09-01,W2,新型コロナウイルス流行の研究活動への影響等に関する調査－博士人材データベース（JGRAD）におけるウェブアンケート調査－,机构正式研究,C:\Users\WINDOWS\OneDrive\知识库\智库信息爬虫\国际主要科技智库观点演变_研判\03_证据底稿\原文PDF\C-NISTEP-RM298-2AF4A727.pdf,C:\Users\WINDOWS\OneDrive\知识库\智库信息爬虫\国际主要科技智库观点演变_研判\03_证据底稿\文本\C-NISTEP-RM298-2AF4A727.txt,http://hdl.handle.net/11035/00006660,官方PDF已保存并校验
科研体系、资助与研究基础,科技创新政策与能力基线,C-NISTEP-RM298-2AF4A727,2020-09-01,W2,新型コロナウイルス流行の研究活動への影響等に関する調査－博士人材データベース（JGRAD）におけるウェブアンケート調査－,机构正式研究,C:\Users\WINDOWS\OneDrive\知识库\智库信息爬虫\国际主要科技智库观点演变_研判\03_证据底稿\原文PDF\C-NISTEP-RM298-2AF4A727.pdf,C:\Users\WINDOWS\OneDrive\知识库\智库信息爬虫\国际主要科技智库观点演变_研判\03_证据底稿\文本\C-NISTEP-RM298-2AF4A727.txt,http://hdl.handle.net/11035/00006660,官方PDF已保存并校验
科技人才、博士与职业流动,科技创新政策与能力基线,C-NISTEP-RM298-2AF4A727,2020-09-01,W2,新型コロナウイルス流行の研究活動への影響等に関する調査－博士人材データベース（JGRAD）におけるウェブアンケート調査－,机构正式研究,C:\Users\WINDOWS\OneDrive\知识库\智库信息爬虫\国际主要科技智库观点演变_研判\03_证据底稿\原文PDF\C-NISTEP-RM298-2AF4A727.pdf,C:\Users\WINDOWS\OneDrive\知识库\智库信息爬虫\国际主要科技智库观点演变_研判\03_证据底稿\文本\C-NISTEP-RM298-2AF4A727.txt,http://hdl.handle.net/11035/00006660,官方PDF已保存并校验
人工智能、数据与数字技术,科技创新政策与能力基线,C-NISTEP-RM299-2D6C1BB0,2020-09-01,W2,科学技術イノベーション政策関連シンクタンクの専門家ワークショップによる研究開発領域抽出,机构正式研究,C:\Users\WINDOWS\OneDrive\知识库\智库信息爬虫\国际主要科技智库观点演变_研判\03_证据底稿\原文PDF\C-NISTEP-RM299-2D6C1BB0.pdf,C:\Users\WINDOWS\OneDrive\知识库\智库信息爬虫\国际主要科技智库观点演变_研判\03_证据底稿\文本\C-NISTEP-RM299-2D6C1BB0.txt,http://hdl.handle.net/11035/00006661,官方PDF已保存并校验
关键技术、专利与产业竞争力,科技创新政策与能力基线,C-NISTEP-RM299-2D6C1BB0,2020-09-01,W2,科学技術イノベーション政策関連シンクタンクの専門家ワークショップによる研究開発領域抽出,机构正式研究,C:\Users\WINDOWS\OneDrive\知识库\智库信息爬虫\国际主要科技智库观点演变_研判\03_证据底稿\原文PDF\C-NISTEP-RM299-2D6C1BB0.pdf,C:\Users\WINDOWS\OneDrive\知识库\智库信息爬虫\国际主要科技智库观点演变_研判\03_证据底稿\文本\C-NISTEP-RM299-2D6C1BB0.txt,http://hdl.handle.net/11035/00006661,官方PDF已保存并校验
科技指标、论文与国际比较,科技创新政策与能力基线,C-NISTEP-RM299-2D6C1BB0,2020-09-01,W2,科学技術イノベーション政策関連シンクタンクの専門家ワークショップによる研究開発領域抽出,机构正式研究,C:\Users\WINDOWS\OneDrive\知识库\智库信息爬虫\国际主要科技智库观点演变_研判\03_证据底稿\原文PDF\C-NISTEP-RM299-2D6C1BB0.pdf,C:\Users\WINDOWS\OneDrive\知识库\智库信息爬虫\国际主要科技智库观点演变_研判\03_证据底稿\文本\C-NISTEP-RM299-2D6C1BB0.txt,http://hdl.handle.net/11035/00006661,官方PDF已保存并校验
科研体系、资助与研究基础,科技创新政策与能力基线,C-NISTEP-RM299-2D6C1BB0,2020-09-01,W2,科学技術イノベーション政策関連シンクタンクの専門家ワークショップによる研究開発領域抽出,机构正式研究,C:\Users\WINDOWS\OneDrive\知识库\智库信息爬虫\国际主要科技智库观点演变_研判\03_证据底稿\原文PDF\C-NISTEP-RM299-2D6C1BB0.pdf,C:\Users\WINDOWS\OneDrive\知识库\智库信息爬虫\国际主要科技智库观点演变_研判\03_证据底稿\文本\C-NISTEP-RM299-2D6C1BB0.txt,http://hdl.handle.net/11035/00006661,官方PDF已保存并校验
科技人才、博士与职业流动,科技创新政策与能力基线,C-NISTEP-RM299-2D6C1BB0,2020-09-01,W2,科学技術イノベーション政策関連シンクタンクの専門家ワークショップによる研究開発領域抽出,机构正式研究,C:\Users\WINDOWS\OneDrive\知识库\智库信息爬虫\国际主要科技智库观点演变_研判\03_证据底稿\原文PDF\C-NISTEP-RM299-2D6C1BB0.pdf,C:\Users\WINDOWS\OneDrive\知识库\智库信息爬虫\国际主要科技智库观点演变_研判\03_证据底稿\文本\C-NISTEP-RM299-2D6C1BB0.txt,http://hdl.handle.net/11035/00006661,官方PDF已保存并校验
企业研发、创新与产学合作,科技创新政策与能力基线,C-NISTEP-RM299-2D6C1BB0,2020-09-01,W2,科学技術イノベーション政策関連シンクタンクの専門家ワークショップによる研究開発領域抽出,机构正式研究,C:\Users\WINDOWS\OneDrive\知识库\智库信息爬虫\国际主要科技智库观点演变_研判\03_证据底稿\原文PDF\C-NISTEP-RM299-2D6C1BB0.pdf,C:\Users\WINDOWS\OneDrive\知识库\智库信息爬虫\国际主要科技智库观点演变_研判\03_证据底稿\文本\C-NISTEP-RM299-2D6C1BB0.txt,http://hdl.handle.net/11035/00006661,官方PDF已保存并校验
科技前瞻、新兴议题与社会,科技创新政策与能力基线,C-NISTEP-RM299-2D6C1BB0,2020-09-01,W2,科学技術イノベーション政策関連シンクタンクの専門家ワークショップによる研究開発領域抽出,机构正式研究,C:\Users\WINDOWS\OneDrive\知识库\智库信息爬虫\国际主要科技智库观点演变_研判\03_证据底稿\原文PDF\C-NISTEP-RM299-2D6C1BB0.pdf,C:\Users\WINDOWS\OneDrive\知识库\智库信息爬虫\国际主要科技智库观点演变_研判\03_证据底稿\文本\C-NISTEP-RM299-2D6C1BB0.txt,http://hdl.handle.net/11035/00006661,官方PDF已保存并校验
开放科学、研究诚信与治理,科技创新政策与能力基线,C-NISTEP-RM299-2D6C1BB0,2020-09-01,W2,科学技術イノベーション政策関連シンクタンクの専門家ワークショップによる研究開発領域抽出,机构正式研究,C:\Users\WINDOWS\OneDrive\知识库\智库信息爬虫\国际主要科技智库观点演变_研判\03_证据底稿\原文PDF\C-NISTEP-RM299-2D6C1BB0.pdf,C:\Users\WINDOWS\OneDrive\知识库\智库信息爬虫\国际主要科技智库观点演变_研判\03_证据底稿\文本\C-NISTEP-RM299-2D6C1BB0.txt,http://hdl.handle.net/11035/00006661,官方PDF已保存并校验
人工智能、数据与数字技术,科技创新政策与能力基线,C-NISTEP-DP190-13E1C883,2020-11-01,W2,知識結合に基づく新規性評価に関する研究,作者讨论论文,C:\Users\WINDOWS\OneDrive\知识库\智库信息爬虫\国际主要科技智库观点演变_研判\03_证据底稿\网页文本\C-NISTEP-DP190-13E1C883.txt,C:\Users\WINDOWS\OneDrive\知识库\智库信息爬虫\国际主要科技智库观点演变_研判\03_证据底稿\网页文本\C-NISTEP-DP190-13E1C883.txt,http://hdl.handle.net/11035/00006662,官方仓储PDF代理全文已保存
关键技术、专利与产业竞争力,科技创新政策与能力基线,C-NISTEP-DP190-13E1C883,2020-11-01,W2,知識結合に基づく新規性評価に関する研究,作者讨论论文,C:\Users\WINDOWS\OneDrive\知识库\智库信息爬虫\国际主要科技智库观点演变_研判\03_证据底稿\网页文本\C-NISTEP-DP190-13E1C883.txt,C:\Users\WINDOWS\OneDrive\知识库\智库信息爬虫\国际主要科技智库观点演变_研判\03_证据底稿\网页文本\C-NISTEP-DP190-13E1C883.txt,http://hdl.handle.net/11035/00006662,官方仓储PDF代理全文已保存
科技指标、论文与国际比较,科技创新政策与能力基线,C-NISTEP-DP190-13E1C883,2020-11-01,W2,知識結合に基づく新規性評価に関する研究,作者讨论论文,C:\Users\WINDOWS\OneDrive\知识库\智库信息爬虫\国际主要科技智库观点演变_研判\03_证据底稿\网页文本\C-NISTEP-DP190-13E1C883.txt,C:\Users\WINDOWS\OneDrive\知识库\智库信息爬虫\国际主要科技智库观点演变_研判\03_证据底稿\网页文本\C-NISTEP-DP190-13E1C883.txt,http://hdl.handle.net/11035/00006662,官方仓储PDF代理全文已保存
科研体系、资助与研究基础,科技创新政策与能力基线,C-NISTEP-DP190-13E1C883,2020-11-01,W2,知識結合に基づく新規性評価に関する研究,作者讨论论文,C:\Users\WINDOWS\OneDrive\知识库\智库信息爬虫\国际主要科技智库观点演变_研判\03_证据底稿\网页文本\C-NISTEP-DP190-13E1C883.txt,C:\Users\WINDOWS\OneDrive\知识库\智库信息爬虫\国际主要科技智库观点演变_研判\03_证据底稿\网页文本\C-NISTEP-DP190-13E1C883.txt,http://hdl.handle.net/11035/00006662,官方仓储PDF代理全文已保存
科技人才、博士与职业流动,科技创新政策与能力基线,C-NISTEP-DP190-13E1C883,2020-11-01,W2,知識結合に基づく新規性評価に関する研究,作者讨论论文,C:\Users\WINDOWS\OneDrive\知识库\智库信息爬虫\国际主要科技智库观点演变_研判\03_证据底稿\网页文本\C-NISTEP-DP190-13E1C883.txt,C:\Users\WINDOWS\OneDrive\知识库\智库信息爬虫\国际主要科技智库观点演变_研判\03_证据底稿\网页文本\C-NISTEP-DP190-13E1C883.txt,http://hdl.handle.net/11035/00006662,官方仓储PDF代理全文已保存
企业研发、创新与产学合作,科技创新政策与能力基线,C-NISTEP-DP190-13E1C883,2020-11-01,W2,知識結合に基づく新規性評価に関する研究,作者讨论论文,C:\Users\WINDOWS\OneDrive\知识库\智库信息爬虫\国际主要科技智库观点演变_研判\03_证据底稿\网页文本\C-NISTEP-DP190-13E1C883.txt,C:\Users\WINDOWS\OneDrive\知识库\智库信息爬虫\国际主要科技智库观点演变_研判\03_证据底稿\网页文本\C-NISTEP-DP190-13E1C883.txt,http://hdl.handle.net/11035/00006662,官方仓储PDF代理全文已保存
人工智能、数据与数字技术,科技创新政策与能力基线,C-NISTEP-NR187-312E6BF4,2020-11-01,W2,サイエンスマップ2018―論文データベース分析(2013-2018年)による注目される研究領域の動向調査―,机构正式研究,C:\Users\WINDOWS\OneDrive\知识库\智库信息爬虫\国际主要科技智库观点演变_研判\03_证据底稿\网页文本\C-NISTEP-NR187-312E6BF4.txt,C:\Users\WINDOWS\OneDrive\知识库\智库信息爬虫\国际主要科技智库观点演变_研判\03_证据底稿\网页文本\C-NISTEP-NR187-312E6BF4.txt,http://hdl.handle.net/11035/00006663,官方发布页摘要已保存
科技指标、论文与国际比较,科技创新政策与能力基线,C-NISTEP-NR187-312E6BF4,2020-11-01,W2,サイエンスマップ2018―論文データベース分析(2013-2018年)による注目される研究領域の動向調査―,机构正式研究,C:\Users\WINDOWS\OneDrive\知识库\智库信息爬虫\国际主要科技智库观点演变_研判\03_证据底稿\网页文本\C-NISTEP-NR187-312E6BF4.txt,C:\Users\WINDOWS\OneDrive\知识库\智库信息爬虫\国际主要科技智库观点演变_研判\03_证据底稿\网页文本\C-NISTEP-NR187-312E6BF4.txt,http://hdl.handle.net/11035/00006663,官方发布页摘要已保存
科研体系、资助与研究基础,科技创新政策与能力基线,C-NISTEP-NR187-312E6BF4,2020-11-01,W2,サイエンスマップ2018―論文データベース分析(2013-2018年)による注目される研究領域の動向調査―,机构正式研究,C:\Users\WINDOWS\OneDrive\知识库\智库信息爬虫\国际主要科技智库观点演变_研判\03_证据底稿\网页文本\C-NISTEP-NR187-312E6BF4.txt,C:\Users\WINDOWS\OneDrive\知识库\智库信息爬虫\国际主要科技智库观点演变_研判\03_证据底稿\网页文本\C-NISTEP-NR187-312E6BF4.txt,http://hdl.handle.net/11035/00006663,官方发布页摘要已保存
科技人才、博士与职业流动,科技创新政策与能力基线,C-NISTEP-NR187-312E6BF4,2020-11-01,W2,サイエンスマップ2018―論文データベース分析(2013-2018年)による注目される研究領域の動向調査―,机构正式研究,C:\Users\WINDOWS\OneDrive\知识库\智库信息爬虫\国际主要科技智库观点演变_研判\03_证据底稿\网页文本\C-NISTEP-NR187-312E6BF4.txt,C:\Users\WINDOWS\OneDrive\知识库\智库信息爬虫\国际主要科技智库观点演变_研判\03_证据底稿\网页文本\C-NISTEP-NR187-312E6BF4.txt,http://hdl.handle.net/11035/00006663,官方发布页摘要已保存
企业研发、创新与产学合作,科技创新政策与能力基线,C-NISTEP-NR187-312E6BF4,2020-11-01,W2,サイエンスマップ2018―論文データベース分析(2013-2018年)による注目される研究領域の動向調査―,机构正式研究,C:\Users\WINDOWS\OneDrive\知识库\智库信息爬虫\国际主要科技智库观点演变_研判\03_证据底稿\网页文本\C-NISTEP-NR187-312E6BF4.txt,C:\Users\WINDOWS\OneDrive\知识库\智库信息爬虫\国际主要科技智库观点演变_研判\03_证据底稿\网页文本\C-NISTEP-NR187-312E6BF4.txt,http://hdl.handle.net/11035/00006663,官方发布页摘要已保存
科技前瞻、新兴议题与社会,科技创新政策与能力基线,C-NISTEP-NR187-312E6BF4,2020-11-01,W2,サイエンスマップ2018―論文データベース分析(2013-2018年)による注目される研究領域の動向調査―,机构正式研究,C:\Users\WINDOWS\OneDrive\知识库\智库信息爬虫\国际主要科技智库观点演变_研判\03_证据底稿\网页文本\C-NISTEP-NR187-312E6BF4.txt,C:\Users\WINDOWS\OneDrive\知识库\智库信息爬虫\国际主要科技智库观点演变_研判\03_证据底稿\网页文本\C-NISTEP-NR187-312E6BF4.txt,http://hdl.handle.net/11035/00006663,官方发布页摘要已保存
中国科技能力与国际比较,科技创新政策与能力基线,C-NISTEP-NR187-312E6BF4,2020-11-01,W2,サイエンスマップ2018―論文データベース分析(2013-2018年)による注目される研究領域の動向調査―,机构正式研究,C:\Users\WINDOWS\OneDrive\知识库\智库信息爬虫\国际主要科技智库观点演变_研判\03_证据底稿\网页文本\C-NISTEP-NR187-312E6BF4.txt,C:\Users\WINDOWS\OneDrive\知识库\智库信息爬虫\国际主要科技智库观点演变_研判\03_证据底稿\网页文本\C-NISTEP-NR187-312E6BF4.txt,http://hdl.handle.net/11035/00006663,官方发布页摘要已保存
人工智能、数据与数字技术,科技创新政策与能力基线,C-NISTEP-NR188-56312EB9,2020-11-01,W2,『博士人材追跡調査』第３次報告書,机构正式研究,C:\Users\WINDOWS\OneDrive\知识库\智库信息爬虫\国际主要科技智库观点演变_研判\03_证据底稿\原文PDF\C-NISTEP-NR188-56312EB9.pdf,C:\Users\WINDOWS\OneDrive\知识库\智库信息爬虫\国际主要科技智库观点演变_研判\03_证据底稿\文本\C-NISTEP-NR188-56312EB9.txt,http://hdl.handle.net/11035/00006664,官方PDF已保存并校验
关键技术、专利与产业竞争力,科技创新政策与能力基线,C-NISTEP-NR188-56312EB9,2020-11-01,W2,『博士人材追跡調査』第３次報告書,机构正式研究,C:\Users\WINDOWS\OneDrive\知识库\智库信息爬虫\国际主要科技智库观点演变_研判\03_证据底稿\原文PDF\C-NISTEP-NR188-56312EB9.pdf,C:\Users\WINDOWS\OneDrive\知识库\智库信息爬虫\国际主要科技智库观点演变_研判\03_证据底稿\文本\C-NISTEP-NR188-56312EB9.txt,http://hdl.handle.net/11035/00006664,官方PDF已保存并校验
科技指标、论文与国际比较,科技创新政策与能力基线,C-NISTEP-NR188-56312EB9,2020-11-01,W2,『博士人材追跡調査』第３次報告書,机构正式研究,C:\Users\WINDOWS\OneDrive\知识库\智库信息爬虫\国际主要科技智库观点演变_研判\03_证据底稿\原文PDF\C-NISTEP-NR188-56312EB9.pdf,C:\Users\WINDOWS\OneDrive\知识库\智库信息爬虫\国际主要科技智库观点演变_研判\03_证据底稿\文本\C-NISTEP-NR188-56312EB9.txt,http://hdl.handle.net/11035/00006664,官方PDF已保存并校验
科研体系、资助与研究基础,科技创新政策与能力基线,C-NISTEP-NR188-56312EB9,2020-11-01,W2,『博士人材追跡調査』第３次報告書,机构正式研究,C:\Users\WINDOWS\OneDrive\知识库\智库信息爬虫\国际主要科技智库观点演变_研判\03_证据底稿\原文PDF\C-NISTEP-NR188-56312EB9.pdf,C:\Users\WINDOWS\OneDrive\知识库\智库信息爬虫\国际主要科技智库观点演变_研判\03_证据底稿\文本\C-NISTEP-NR188-56312EB9.txt,http://hdl.handle.net/11035/00006664,官方PDF已保存并校验
科技人才、博士与职业流动,科技创新政策与能力基线,C-NISTEP-NR188-56312EB9,2020-11-01,W2,『博士人材追跡調査』第３次報告書,机构正式研究,C:\Users\WINDOWS\OneDrive\知识库\智库信息爬虫\国际主要科技智库观点演变_研判\03_证据底稿\原文PDF\C-NISTEP-NR188-56312EB9.pdf,C:\Users\WINDOWS\OneDrive\知识库\智库信息爬虫\国际主要科技智库观点演变_研判\03_证据底稿\文本\C-NISTEP-NR188-56312EB9.txt,http://hdl.handle.net/11035/00006664,官方PDF已保存并校验
企业研发、创新与产学合作,科技创新政策与能力基线,C-NISTEP-NR188-56312EB9,2020-11-01,W2,『博士人材追跡調査』第３次報告書,机构正式研究,C:\Users\WINDOWS\OneDrive\知识库\智库信息爬虫\国际主要科技智库观点演变_研判\03_证据底稿\原文PDF\C-NISTEP-NR188-56312EB9.pdf,C:\Users\WINDOWS\OneDrive\知识库\智库信息爬虫\国际主要科技智库观点演变_研判\03_证据底稿\文本\C-NISTEP-NR188-56312EB9.txt,http://hdl.handle.net/11035/00006664,官方PDF已保存并校验
人工智能、数据与数字技术,科技创新政策与能力基线,C-NISTEP-RM300-6299C89F,2020-11-01,W2,将来のサーキュラーエコノミー社会のためのフォーサイト～日本－フィンランド共同プロジェクト～,机构正式研究,C:\Users\WINDOWS\OneDrive\知识库\智库信息爬虫\国际主要科技智库观点演变_研判\03_证据底稿\原文PDF\C-NISTEP-RM300-6299C89F.pdf,C:\Users\WINDOWS\OneDrive\知识库\智库信息爬虫\国际主要科技智库观点演变_研判\03_证据底稿\文本\C-NISTEP-RM300-6299C89F.txt,http://hdl.handle.net/11035/00006665,官方PDF已保存并校验
关键技术、专利与产业竞争力,科技创新政策与能力基线,C-NISTEP-RM300-6299C89F,2020-11-01,W2,将来のサーキュラーエコノミー社会のためのフォーサイト～日本－フィンランド共同プロジェクト～,机构正式研究,C:\Users\WINDOWS\OneDrive\知识库\智库信息爬虫\国际主要科技智库观点演变_研判\03_证据底稿\原文PDF\C-NISTEP-RM300-6299C89F.pdf,C:\Users\WINDOWS\OneDrive\知识库\智库信息爬虫\国际主要科技智库观点演变_研判\03_证据底稿\文本\C-NISTEP-RM300-6299C89F.txt,http://hdl.handle.net/11035/00006665,官方PDF已保存并校验
科技指标、论文与国际比较,科技创新政策与能力基线,C-NISTEP-RM300-6299C89F,2020-11-01,W2,将来のサーキュラーエコノミー社会のためのフォーサイト～日本－フィンランド共同プロジェクト～,机构正式研究,C:\Users\WINDOWS\OneDrive\知识库\智库信息爬虫\国际主要科技智库观点演变_研判\03_证据底稿\原文PDF\C-NISTEP-RM300-6299C89F.pdf,C:\Users\WINDOWS\OneDrive\知识库\智库信息爬虫\国际主要科技智库观点演变_研判\03_证据底稿\文本\C-NISTEP-RM300-6299C89F.txt,http://hdl.handle.net/11035/00006665,官方PDF已保存并校验
科技人才、博士与职业流动,科技创新政策与能力基线,C-NISTEP-RM300-6299C89F,2020-11-01,W2,将来のサーキュラーエコノミー社会のためのフォーサイト～日本－フィンランド共同プロジェクト～,机构正式研究,C:\Users\WINDOWS\OneDrive\知识库\智库信息爬虫\国际主要科技智库观点演变_研判\03_证据底稿\原文PDF\C-NISTEP-RM300-6299C89F.pdf,C:\Users\WINDOWS\OneDrive\知识库\智库信息爬虫\国际主要科技智库观点演变_研判\03_证据底稿\文本\C-NISTEP-RM300-6299C89F.txt,http://hdl.handle.net/11035/00006665,官方PDF已保存并校验
企业研发、创新与产学合作,科技创新政策与能力基线,C-NISTEP-RM300-6299C89F,2020-11-01,W2,将来のサーキュラーエコノミー社会のためのフォーサイト～日本－フィンランド共同プロジェクト～,机构正式研究,C:\Users\WINDOWS\OneDrive\知识库\智库信息爬虫\国际主要科技智库观点演变_研判\03_证据底稿\原文PDF\C-NISTEP-RM300-6299C89F.pdf,C:\Users\WINDOWS\OneDrive\知识库\智库信息爬虫\国际主要科技智库观点演变_研判\03_证据底稿\文本\C-NISTEP-RM300-6299C89F.txt,http://hdl.handle.net/11035/00006665,官方PDF已保存并校验
科技前瞻、新兴议题与社会,科技创新政策与能力基线,C-NISTEP-RM300-6299C89F,2020-11-01,W2,将来のサーキュラーエコノミー社会のためのフォーサイト～日本－フィンランド共同プロジェクト～,机构正式研究,C:\Users\WINDOWS\OneDrive\知识库\智库信息爬虫\国际主要科技智库观点演变_研判\03_证据底稿\原文PDF\C-NISTEP-RM300-6299C89F.pdf,C:\Users\WINDOWS\OneDrive\知识库\智库信息爬虫\国际主要科技智库观点演变_研判\03_证据底稿\文本\C-NISTEP-RM300-6299C89F.txt,http://hdl.handle.net/11035/00006665,官方PDF已保存并校验
关键技术、专利与产业竞争力,核心科技直接材料,C-NISTEP-DP191-EA065353,2021-02-01,W2,特許発明の奨励は大学の基礎研究を阻害するのか？,作者讨论论文,C:\Users\WINDOWS\OneDrive\知识库\智库信息爬虫\国际主要科技智库观点演变_研判\03_证据底稿\原文PDF\C-NISTEP-DP191-EA065353.pdf,C:\Users\WINDOWS\OneDrive\知识库\智库信息爬虫\国际主要科技智库观点演变_研判\03_证据底稿\文本\C-NISTEP-DP191-EA065353.txt,http://hdl.handle.net/11035/00006670,官方PDF已保存并校验
科技指标、论文与国际比较,核心科技直接材料,C-NISTEP-DP191-EA065353,2021-02-01,W2,特許発明の奨励は大学の基礎研究を阻害するのか？,作者讨论论文,C:\Users\WINDOWS\OneDrive\知识库\智库信息爬虫\国际主要科技智库观点演变_研判\03_证据底稿\原文PDF\C-NISTEP-DP191-EA065353.pdf,C:\Users\WINDOWS\OneDrive\知识库\智库信息爬虫\国际主要科技智库观点演变_研判\03_证据底稿\文本\C-NISTEP-DP191-EA065353.txt,http://hdl.handle.net/11035/00006670,官方PDF已保存并校验
科研体系、资助与研究基础,核心科技直接材料,C-NISTEP-DP191-EA065353,2021-02-01,W2,特許発明の奨励は大学の基礎研究を阻害するのか？,作者讨论论文,C:\Users\WINDOWS\OneDrive\知识库\智库信息爬虫\国际主要科技智库观点演变_研判\03_证据底稿\原文PDF\C-NISTEP-DP191-EA065353.pdf,C:\Users\WINDOWS\OneDrive\知识库\智库信息爬虫\国际主要科技智库观点演变_研判\03_证据底稿\文本\C-NISTEP-DP191-EA065353.txt,http://hdl.handle.net/11035/00006670,官方PDF已保存并校验
科技人才、博士与职业流动,核心科技直接材料,C-NISTEP-DP191-EA065353,2021-02-01,W2,特許発明の奨励は大学の基礎研究を阻害するのか？,作者讨论论文,C:\Users\WINDOWS\OneDrive\知识库\智库信息爬虫\国际主要科技智库观点演变_研判\03_证据底稿\原文PDF\C-NISTEP-DP191-EA065353.pdf,C:\Users\WINDOWS\OneDrive\知识库\智库信息爬虫\国际主要科技智库观点演变_研判\03_证据底稿\文本\C-NISTEP-DP191-EA065353.txt,http://hdl.handle.net/11035/00006670,官方PDF已保存并校验
企业研发、创新与产学合作,核心科技直接材料,C-NISTEP-DP191-EA065353,2021-02-01,W2,特許発明の奨励は大学の基礎研究を阻害するのか？,作者讨论论文,C:\Users\WINDOWS\OneDrive\知识库\智库信息爬虫\国际主要科技智库观点演变_研判\03_证据底稿\原文PDF\C-NISTEP-DP191-EA065353.pdf,C:\Users\WINDOWS\OneDrive\知识库\智库信息爬虫\国际主要科技智库观点演变_研判\03_证据底稿\文本\C-NISTEP-DP191-EA065353.txt,http://hdl.handle.net/11035/00006670,官方PDF已保存并校验
人工智能、数据与数字技术,核心科技直接材料,C-NISTEP-DP192-15258BDD,2021-02-01,W2,論文・特許のテキストデータを使った科学と技術の連関分析,作者讨论论文,C:\Users\WINDOWS\OneDrive\知识库\智库信息爬虫\国际主要科技智库观点演变_研判\03_证据底稿\网页文本\C-NISTEP-DP192-15258BDD.txt,C:\Users\WINDOWS\OneDrive\知识库\智库信息爬虫\国际主要科技智库观点演变_研判\03_证据底稿\网页文本\C-NISTEP-DP192-15258BDD.txt,http://hdl.handle.net/11035/00006672,官方发布页摘要已保存
关键技术、专利与产业竞争力,核心科技直接材料,C-NISTEP-DP192-15258BDD,2021-02-01,W2,論文・特許のテキストデータを使った科学と技術の連関分析,作者讨论论文,C:\Users\WINDOWS\OneDrive\知识库\智库信息爬虫\国际主要科技智库观点演变_研判\03_证据底稿\网页文本\C-NISTEP-DP192-15258BDD.txt,C:\Users\WINDOWS\OneDrive\知识库\智库信息爬虫\国际主要科技智库观点演变_研判\03_证据底稿\网页文本\C-NISTEP-DP192-15258BDD.txt,http://hdl.handle.net/11035/00006672,官方发布页摘要已保存
科技指标、论文与国际比较,核心科技直接材料,C-NISTEP-DP192-15258BDD,2021-02-01,W2,論文・特許のテキストデータを使った科学と技術の連関分析,作者讨论论文,C:\Users\WINDOWS\OneDrive\知识库\智库信息爬虫\国际主要科技智库观点演变_研判\03_证据底稿\网页文本\C-NISTEP-DP192-15258BDD.txt,C:\Users\WINDOWS\OneDrive\知识库\智库信息爬虫\国际主要科技智库观点演变_研判\03_证据底稿\网页文本\C-NISTEP-DP192-15258BDD.txt,http://hdl.handle.net/11035/00006672,官方发布页摘要已保存
科研体系、资助与研究基础,核心科技直接材料,C-NISTEP-DP192-15258BDD,2021-02-01,W2,論文・特許のテキストデータを使った科学と技術の連関分析,作者讨论论文,C:\Users\WINDOWS\OneDrive\知识库\智库信息爬虫\国际主要科技智库观点演变_研判\03_证据底稿\网页文本\C-NISTEP-DP192-15258BDD.txt,C:\Users\WINDOWS\OneDrive\知识库\智库信息爬虫\国际主要科技智库观点演变_研判\03_证据底稿\网页文本\C-NISTEP-DP192-15258BDD.txt,http://hdl.handle.net/11035/00006672,官方发布页摘要已保存
科技人才、博士与职业流动,核心科技直接材料,C-NISTEP-DP192-15258BDD,2021-02-01,W2,論文・特許のテキストデータを使った科学と技術の連関分析,作者讨论论文,C:\Users\WINDOWS\OneDrive\知识库\智库信息爬虫\国际主要科技智库观点演变_研判\03_证据底稿\网页文本\C-NISTEP-DP192-15258BDD.txt,C:\Users\WINDOWS\OneDrive\知识库\智库信息爬虫\国际主要科技智库观点演变_研判\03_证据底稿\网页文本\C-NISTEP-DP192-15258BDD.txt,http://hdl.handle.net/11035/00006672,官方发布页摘要已保存
企业研发、创新与产学合作,核心科技直接材料,C-NISTEP-DP192-15258BDD,2021-02-01,W2,論文・特許のテキストデータを使った科学と技術の連関分析,作者讨论论文,C:\Users\WINDOWS\OneDrive\知识库\智库信息爬虫\国际主要科技智库观点演变_研判\03_证据底稿\网页文本\C-NISTEP-DP192-15258BDD.txt,C:\Users\WINDOWS\OneDrive\知识库\智库信息爬虫\国际主要科技智库观点演变_研判\03_证据底稿\网页文本\C-NISTEP-DP192-15258BDD.txt,http://hdl.handle.net/11035/00006672,官方发布页摘要已保存
科技前瞻、新兴议题与社会,核心科技直接材料,C-NISTEP-DP192-15258BDD,2021-02-01,W2,論文・特許のテキストデータを使った科学と技術の連関分析,作者讨论论文,C:\Users\WINDOWS\OneDrive\知识库\智库信息爬虫\国际主要科技智库观点演变_研判\03_证据底稿\网页文本\C-NISTEP-DP192-15258BDD.txt,C:\Users\WINDOWS\OneDrive\知识库\智库信息爬虫\国际主要科技智库观点演变_研判\03_证据底稿\网页文本\C-NISTEP-DP192-15258BDD.txt,http://hdl.handle.net/11035/00006672,官方发布页摘要已保存
人工智能、数据与数字技术,科技创新政策与能力基线,C-NISTEP-DP193-34F1F60E,2021-02-01,W2,博士人材の年齢別人材流動モデルの構築と試行的な将来予測,作者讨论论文,C:\Users\WINDOWS\OneDrive\知识库\智库信息爬虫\国际主要科技智库观点演变_研判\03_证据底稿\网页文本\C-NISTEP-DP193-34F1F60E.txt,C:\Users\WINDOWS\OneDrive\知识库\智库信息爬虫\国际主要科技智库观点演变_研判\03_证据底稿\网页文本\C-NISTEP-DP193-34F1F60E.txt,http://hdl.handle.net/11035/00006673,官方仓储PDF代理全文已保存
科技指标、论文与国际比较,科技创新政策与能力基线,C-NISTEP-DP193-34F1F60E,2021-02-01,W2,博士人材の年齢別人材流動モデルの構築と試行的な将来予測,作者讨论论文,C:\Users\WINDOWS\OneDrive\知识库\智库信息爬虫\国际主要科技智库观点演变_研判\03_证据底稿\网页文本\C-NISTEP-DP193-34F1F60E.txt,C:\Users\WINDOWS\OneDrive\知识库\智库信息爬虫\国际主要科技智库观点演变_研判\03_证据底稿\网页文本\C-NISTEP-DP193-34F1F60E.txt,http://hdl.handle.net/11035/00006673,官方仓储PDF代理全文已保存
科研体系、资助与研究基础,科技创新政策与能力基线,C-NISTEP-DP193-34F1F60E,2021-02-01,W2,博士人材の年齢別人材流動モデルの構築と試行的な将来予測,作者讨论论文,C:\Users\WINDOWS\OneDrive\知识库\智库信息爬虫\国际主要科技智库观点演变_研判\03_证据底稿\网页文本\C-NISTEP-DP193-34F1F60E.txt,C:\Users\WINDOWS\OneDrive\知识库\智库信息爬虫\国际主要科技智库观点演变_研判\03_证据底稿\网页文本\C-NISTEP-DP193-34F1F60E.txt,http://hdl.handle.net/11035/00006673,官方仓储PDF代理全文已保存
科技人才、博士与职业流动,科技创新政策与能力基线,C-NISTEP-DP193-34F1F60E,2021-02-01,W2,博士人材の年齢別人材流動モデルの構築と試行的な将来予測,作者讨论论文,C:\Users\WINDOWS\OneDrive\知识库\智库信息爬虫\国际主要科技智库观点演变_研判\03_证据底稿\网页文本\C-NISTEP-DP193-34F1F60E.txt,C:\Users\WINDOWS\OneDrive\知识库\智库信息爬虫\国际主要科技智库观点演变_研判\03_证据底稿\网页文本\C-NISTEP-DP193-34F1F60E.txt,http://hdl.handle.net/11035/00006673,官方仓储PDF代理全文已保存
企业研发、创新与产学合作,科技创新政策与能力基线,C-NISTEP-DP193-34F1F60E,2021-02-01,W2,博士人材の年齢別人材流動モデルの構築と試行的な将来予測,作者讨论论文,C:\Users\WINDOWS\OneDrive\知识库\智库信息爬虫\国际主要科技智库观点演变_研判\03_证据底稿\网页文本\C-NISTEP-DP193-34F1F60E.txt,C:\Users\WINDOWS\OneDrive\知识库\智库信息爬虫\国际主要科技智库观点演变_研判\03_证据底稿\网页文本\C-NISTEP-DP193-34F1F60E.txt,http://hdl.handle.net/11035/00006673,官方仓储PDF代理全文已保存
科技前瞻、新兴议题与社会,科技创新政策与能力基线,C-NISTEP-DP193-34F1F60E,2021-02-01,W2,博士人材の年齢別人材流動モデルの構築と試行的な将来予測,作者讨论论文,C:\Users\WINDOWS\OneDrive\知识库\智库信息爬虫\国际主要科技智库观点演变_研判\03_证据底稿\网页文本\C-NISTEP-DP193-34F1F60E.txt,C:\Users\WINDOWS\OneDrive\知识库\智库信息爬虫\国际主要科技智库观点演变_研判\03_证据底稿\网页文本\C-NISTEP-DP193-34F1F60E.txt,http://hdl.handle.net/11035/00006673,官方仓储PDF代理全文已保存
开放科学、研究诚信与治理,科技创新政策与能力基线,C-NISTEP-DP193-34F1F60E,2021-02-01,W2,博士人材の年齢別人材流動モデルの構築と試行的な将来予測,作者讨论论文,C:\Users\WINDOWS\OneDrive\知识库\智库信息爬虫\国际主要科技智库观点演变_研判\03_证据底稿\网页文本\C-NISTEP-DP193-34F1F60E.txt,C:\Users\WINDOWS\OneDrive\知识库\智库信息爬虫\国际主要科技智库观点演变_研判\03_证据底稿\网页文本\C-NISTEP-DP193-34F1F60E.txt,http://hdl.handle.net/11035/00006673,官方仓储PDF代理全文已保存
人工智能、数据与数字技术,科技创新政策与能力基线,C-NISTEP-RM301-B73E2FEA,2021-02-01,W2,プレプリントの利活⽤と認識に関する調査,机构正式研究,C:\Users\WINDOWS\OneDrive\知识库\智库信息爬虫\国际主要科技智库观点演变_研判\03_证据底稿\网页文本\C-NISTEP-RM301-B73E2FEA.txt,C:\Users\WINDOWS\OneDrive\知识库\智库信息爬虫\国际主要科技智库观点演变_研判\03_证据底稿\网页文本\C-NISTEP-RM301-B73E2FEA.txt,http://hdl.handle.net/11035/00006669,官方发布页摘要已保存
科技指标、论文与国际比较,科技创新政策与能力基线,C-NISTEP-RM301-B73E2FEA,2021-02-01,W2,プレプリントの利活⽤と認識に関する調査,机构正式研究,C:\Users\WINDOWS\OneDrive\知识库\智库信息爬虫\国际主要科技智库观点演变_研判\03_证据底稿\网页文本\C-NISTEP-RM301-B73E2FEA.txt,C:\Users\WINDOWS\OneDrive\知识库\智库信息爬虫\国际主要科技智库观点演变_研判\03_证据底稿\网页文本\C-NISTEP-RM301-B73E2FEA.txt,http://hdl.handle.net/11035/00006669,官方发布页摘要已保存
科研体系、资助与研究基础,科技创新政策与能力基线,C-NISTEP-RM301-B73E2FEA,2021-02-01,W2,プレプリントの利活⽤と認識に関する調査,机构正式研究,C:\Users\WINDOWS\OneDrive\知识库\智库信息爬虫\国际主要科技智库观点演变_研判\03_证据底稿\网页文本\C-NISTEP-RM301-B73E2FEA.txt,C:\Users\WINDOWS\OneDrive\知识库\智库信息爬虫\国际主要科技智库观点演变_研判\03_证据底稿\网页文本\C-NISTEP-RM301-B73E2FEA.txt,http://hdl.handle.net/11035/00006669,官方发布页摘要已保存
科技人才、博士与职业流动,科技创新政策与能力基线,C-NISTEP-RM301-B73E2FEA,2021-02-01,W2,プレプリントの利活⽤と認識に関する調査,机构正式研究,C:\Users\WINDOWS\OneDrive\知识库\智库信息爬虫\国际主要科技智库观点演变_研判\03_证据底稿\网页文本\C-NISTEP-RM301-B73E2FEA.txt,C:\Users\WINDOWS\OneDrive\知识库\智库信息爬虫\国际主要科技智库观点演变_研判\03_证据底稿\网页文本\C-NISTEP-RM301-B73E2FEA.txt,http://hdl.handle.net/11035/00006669,官方发布页摘要已保存
企业研发、创新与产学合作,科技创新政策与能力基线,C-NISTEP-RM301-B73E2FEA,2021-02-01,W2,プレプリントの利活⽤と認識に関する調査,机构正式研究,C:\Users\WINDOWS\OneDrive\知识库\智库信息爬虫\国际主要科技智库观点演变_研判\03_证据底稿\网页文本\C-NISTEP-RM301-B73E2FEA.txt,C:\Users\WINDOWS\OneDrive\知识库\智库信息爬虫\国际主要科技智库观点演变_研判\03_证据底稿\网页文本\C-NISTEP-RM301-B73E2FEA.txt,http://hdl.handle.net/11035/00006669,官方发布页摘要已保存
科技前瞻、新兴议题与社会,科技创新政策与能力基线,C-NISTEP-RM301-B73E2FEA,2021-02-01,W2,プレプリントの利活⽤と認識に関する調査,机构正式研究,C:\Users\WINDOWS\OneDrive\知识库\智库信息爬虫\国际主要科技智库观点演变_研判\03_证据底稿\网页文本\C-NISTEP-RM301-B73E2FEA.txt,C:\Users\WINDOWS\OneDrive\知识库\智库信息爬虫\国际主要科技智库观点演变_研判\03_证据底稿\网页文本\C-NISTEP-RM301-B73E2FEA.txt,http://hdl.handle.net/11035/00006669,官方发布页摘要已保存
人工智能、数据与数字技术,科技创新政策与能力基线,C-NISTEP-RM302-2628C2B3,2021-02-01,W2,博士課程の教育プログラムへの満足度等に関する調査 －2020年における博士人材データベース（JGRAD）ウェブアンケート調査－,机构正式研究,C:\Users\WINDOWS\OneDrive\知识库\智库信息爬虫\国际主要科技智库观点演变_研判\03_证据底稿\原文PDF\C-NISTEP-RM302-2628C2B3.pdf,C:\Users\WINDOWS\OneDrive\知识库\智库信息爬虫\国际主要科技智库观点演变_研判\03_证据底稿\文本\C-NISTEP-RM302-2628C2B3.txt,http://hdl.handle.net/11035/00006671,官方PDF已保存并校验
科技指标、论文与国际比较,科技创新政策与能力基线,C-NISTEP-RM302-2628C2B3,2021-02-01,W2,博士課程の教育プログラムへの満足度等に関する調査 －2020年における博士人材データベース（JGRAD）ウェブアンケート調査－,机构正式研究,C:\Users\WINDOWS\OneDrive\知识库\智库信息爬虫\国际主要科技智库观点演变_研判\03_证据底稿\原文PDF\C-NISTEP-RM302-2628C2B3.pdf,C:\Users\WINDOWS\OneDrive\知识库\智库信息爬虫\国际主要科技智库观点演变_研判\03_证据底稿\文本\C-NISTEP-RM302-2628C2B3.txt,http://hdl.handle.net/11035/00006671,官方PDF已保存并校验
科研体系、资助与研究基础,科技创新政策与能力基线,C-NISTEP-RM302-2628C2B3,2021-02-01,W2,博士課程の教育プログラムへの満足度等に関する調査 －2020年における博士人材データベース（JGRAD）ウェブアンケート調査－,机构正式研究,C:\Users\WINDOWS\OneDrive\知识库\智库信息爬虫\国际主要科技智库观点演变_研判\03_证据底稿\原文PDF\C-NISTEP-RM302-2628C2B3.pdf,C:\Users\WINDOWS\OneDrive\知识库\智库信息爬虫\国际主要科技智库观点演变_研判\03_证据底稿\文本\C-NISTEP-RM302-2628C2B3.txt,http://hdl.handle.net/11035/00006671,官方PDF已保存并校验
科技人才、博士与职业流动,科技创新政策与能力基线,C-NISTEP-RM302-2628C2B3,2021-02-01,W2,博士課程の教育プログラムへの満足度等に関する調査 －2020年における博士人材データベース（JGRAD）ウェブアンケート調査－,机构正式研究,C:\Users\WINDOWS\OneDrive\知识库\智库信息爬虫\国际主要科技智库观点演变_研判\03_证据底稿\原文PDF\C-NISTEP-RM302-2628C2B3.pdf,C:\Users\WINDOWS\OneDrive\知识库\智库信息爬虫\国际主要科技智库观点演变_研判\03_证据底稿\文本\C-NISTEP-RM302-2628C2B3.txt,http://hdl.handle.net/11035/00006671,官方PDF已保存并校验
科技指标、论文与国际比较,科技创新政策与能力基线,C-NISTEP-RM303-A5EDD210,2021-03-01,W2,新型コロナウイルス感染症等による日本の科学技術への影響と科学者・技術者の貢献―科学技術専門家ネットワークアンケートによる東日本大震災時との比較―,机构正式研究,C:\Users\WINDOWS\OneDrive\知识库\智库信息爬虫\国际主要科技智库观点演变_研判\03_证据底稿\网页文本\C-NISTEP-RM303-A5EDD210.txt,C:\Users\WINDOWS\OneDrive\知识库\智库信息爬虫\国际主要科技智库观点演变_研判\03_证据底稿\网页文本\C-NISTEP-RM303-A5EDD210.txt,http://hdl.handle.net/11035/00006674,官方仓储PDF代理全文已保存
科研体系、资助与研究基础,科技创新政策与能力基线,C-NISTEP-RM303-A5EDD210,2021-03-01,W2,新型コロナウイルス感染症等による日本の科学技術への影響と科学者・技術者の貢献―科学技術専門家ネットワークアンケートによる東日本大震災時との比較―,机构正式研究,C:\Users\WINDOWS\OneDrive\知识库\智库信息爬虫\国际主要科技智库观点演变_研判\03_证据底稿\网页文本\C-NISTEP-RM303-A5EDD210.txt,C:\Users\WINDOWS\OneDrive\知识库\智库信息爬虫\国际主要科技智库观点演变_研判\03_证据底稿\网页文本\C-NISTEP-RM303-A5EDD210.txt,http://hdl.handle.net/11035/00006674,官方仓储PDF代理全文已保存
科技人才、博士与职业流动,科技创新政策与能力基线,C-NISTEP-RM303-A5EDD210,2021-03-01,W2,新型コロナウイルス感染症等による日本の科学技術への影響と科学者・技術者の貢献―科学技術専門家ネットワークアンケートによる東日本大震災時との比較―,机构正式研究,C:\Users\WINDOWS\OneDrive\知识库\智库信息爬虫\国际主要科技智库观点演变_研判\03_证据底稿\网页文本\C-NISTEP-RM303-A5EDD210.txt,C:\Users\WINDOWS\OneDrive\知识库\智库信息爬虫\国际主要科技智库观点演变_研判\03_证据底稿\网页文本\C-NISTEP-RM303-A5EDD210.txt,http://hdl.handle.net/11035/00006674,官方仓储PDF代理全文已保存
企业研发、创新与产学合作,科技创新政策与能力基线,C-NISTEP-RM303-A5EDD210,2021-03-01,W2,新型コロナウイルス感染症等による日本の科学技術への影響と科学者・技術者の貢献―科学技術専門家ネットワークアンケートによる東日本大震災時との比較―,机构正式研究,C:\Users\WINDOWS\OneDrive\知识库\智库信息爬虫\国际主要科技智库观点演变_研判\03_证据底稿\网页文本\C-NISTEP-RM303-A5EDD210.txt,C:\Users\WINDOWS\OneDrive\知识库\智库信息爬虫\国际主要科技智库观点演变_研判\03_证据底稿\网页文本\C-NISTEP-RM303-A5EDD210.txt,http://hdl.handle.net/11035/00006674,官方仓储PDF代理全文已保存
科技前瞻、新兴议题与社会,科技创新政策与能力基线,C-NISTEP-RM303-A5EDD210,2021-03-01,W2,新型コロナウイルス感染症等による日本の科学技術への影響と科学者・技術者の貢献―科学技術専門家ネットワークアンケートによる東日本大震災時との比較―,机构正式研究,C:\Users\WINDOWS\OneDrive\知识库\智库信息爬虫\国际主要科技智库观点演变_研判\03_证据底稿\网页文本\C-NISTEP-RM303-A5EDD210.txt,C:\Users\WINDOWS\OneDrive\知识库\智库信息爬虫\国际主要科技智库观点演变_研判\03_证据底稿\网页文本\C-NISTEP-RM303-A5EDD210.txt,http://hdl.handle.net/11035/00006674,官方仓储PDF代理全文已保存
人工智能、数据与数字技术,科技创新政策与能力基线,C-NISTEP-RM304-119FBA1E,2021-03-01,W2,ポストドクター等の雇用・進路に関する調査（2018年度実績）,机构正式研究,C:\Users\WINDOWS\OneDrive\知识库\智库信息爬虫\国际主要科技智库观点演变_研判\03_证据底稿\网页文本\C-NISTEP-RM304-119FBA1E.txt,C:\Users\WINDOWS\OneDrive\知识库\智库信息爬虫\国际主要科技智库观点演变_研判\03_证据底稿\网页文本\C-NISTEP-RM304-119FBA1E.txt,http://hdl.handle.net/11035/00006675,官方仓储PDF代理全文已保存
科技指标、论文与国际比较,科技创新政策与能力基线,C-NISTEP-RM304-119FBA1E,2021-03-01,W2,ポストドクター等の雇用・進路に関する調査（2018年度実績）,机构正式研究,C:\Users\WINDOWS\OneDrive\知识库\智库信息爬虫\国际主要科技智库观点演变_研判\03_证据底稿\网页文本\C-NISTEP-RM304-119FBA1E.txt,C:\Users\WINDOWS\OneDrive\知识库\智库信息爬虫\国际主要科技智库观点演变_研判\03_证据底稿\网页文本\C-NISTEP-RM304-119FBA1E.txt,http://hdl.handle.net/11035/00006675,官方仓储PDF代理全文已保存
科研体系、资助与研究基础,科技创新政策与能力基线,C-NISTEP-RM304-119FBA1E,2021-03-01,W2,ポストドクター等の雇用・進路に関する調査（2018年度実績）,机构正式研究,C:\Users\WINDOWS\OneDrive\知识库\智库信息爬虫\国际主要科技智库观点演变_研判\03_证据底稿\网页文本\C-NISTEP-RM304-119FBA1E.txt,C:\Users\WINDOWS\OneDrive\知识库\智库信息爬虫\国际主要科技智库观点演变_研判\03_证据底稿\网页文本\C-NISTEP-RM304-119FBA1E.txt,http://hdl.handle.net/11035/00006675,官方仓储PDF代理全文已保存
科技人才、博士与职业流动,科技创新政策与能力基线,C-NISTEP-RM304-119FBA1E,2021-03-01,W2,ポストドクター等の雇用・進路に関する調査（2018年度実績）,机构正式研究,C:\Users\WINDOWS\OneDrive\知识库\智库信息爬虫\国际主要科技智库观点演变_研判\03_证据底稿\网页文本\C-NISTEP-RM304-119FBA1E.txt,C:\Users\WINDOWS\OneDrive\知识库\智库信息爬虫\国际主要科技智库观点演变_研判\03_证据底稿\网页文本\C-NISTEP-RM304-119FBA1E.txt,http://hdl.handle.net/11035/00006675,官方仓储PDF代理全文已保存
企业研发、创新与产学合作,科技创新政策与能力基线,C-NISTEP-RM304-119FBA1E,2021-03-01,W2,ポストドクター等の雇用・進路に関する調査（2018年度実績）,机构正式研究,C:\Users\WINDOWS\OneDrive\知识库\智库信息爬虫\国际主要科技智库观点演变_研判\03_证据底稿\网页文本\C-NISTEP-RM304-119FBA1E.txt,C:\Users\WINDOWS\OneDrive\知识库\智库信息爬虫\国际主要科技智库观点演变_研判\03_证据底稿\网页文本\C-NISTEP-RM304-119FBA1E.txt,http://hdl.handle.net/11035/00006675,官方仓储PDF代理全文已保存
中国科技能力与国际比较,科技创新政策与能力基线,C-NISTEP-RM304-119FBA1E,2021-03-01,W2,ポストドクター等の雇用・進路に関する調査（2018年度実績）,机构正式研究,C:\Users\WINDOWS\OneDrive\知识库\智库信息爬虫\国际主要科技智库观点演变_研判\03_证据底稿\网页文本\C-NISTEP-RM304-119FBA1E.txt,C:\Users\WINDOWS\OneDrive\知识库\智库信息爬虫\国际主要科技智库观点演变_研判\03_证据底稿\网页文本\C-NISTEP-RM304-119FBA1E.txt,http://hdl.handle.net/11035/00006675,官方仓储PDF代理全文已保存
人工智能、数据与数字技术,科技创新政策与能力基线,C-NISTEP-RM305-556F6CE4,2021-03-01,W2,研究大学における教員の雇用状況に関する調査,机构正式研究,C:\Users\WINDOWS\OneDrive\知识库\智库信息爬虫\国际主要科技智库观点演变_研判\03_证据底稿\网页文本\C-NISTEP-RM305-556F6CE4.txt,C:\Users\WINDOWS\OneDrive\知识库\智库信息爬虫\国际主要科技智库观点演变_研判\03_证据底稿\网页文本\C-NISTEP-RM305-556F6CE4.txt,http://hdl.handle.net/11035/00006676,官方仓储PDF代理全文已保存
科技指标、论文与国际比较,科技创新政策与能力基线,C-NISTEP-RM305-556F6CE4,2021-03-01,W2,研究大学における教員の雇用状況に関する調査,机构正式研究,C:\Users\WINDOWS\OneDrive\知识库\智库信息爬虫\国际主要科技智库观点演变_研判\03_证据底稿\网页文本\C-NISTEP-RM305-556F6CE4.txt,C:\Users\WINDOWS\OneDrive\知识库\智库信息爬虫\国际主要科技智库观点演变_研判\03_证据底稿\网页文本\C-NISTEP-RM305-556F6CE4.txt,http://hdl.handle.net/11035/00006676,官方仓储PDF代理全文已保存
科研体系、资助与研究基础,科技创新政策与能力基线,C-NISTEP-RM305-556F6CE4,2021-03-01,W2,研究大学における教員の雇用状況に関する調査,机构正式研究,C:\Users\WINDOWS\OneDrive\知识库\智库信息爬虫\国际主要科技智库观点演变_研判\03_证据底稿\网页文本\C-NISTEP-RM305-556F6CE4.txt,C:\Users\WINDOWS\OneDrive\知识库\智库信息爬虫\国际主要科技智库观点演变_研判\03_证据底稿\网页文本\C-NISTEP-RM305-556F6CE4.txt,http://hdl.handle.net/11035/00006676,官方仓储PDF代理全文已保存
科技人才、博士与职业流动,科技创新政策与能力基线,C-NISTEP-RM305-556F6CE4,2021-03-01,W2,研究大学における教員の雇用状況に関する調査,机构正式研究,C:\Users\WINDOWS\OneDrive\知识库\智库信息爬虫\国际主要科技智库观点演变_研判\03_证据底稿\网页文本\C-NISTEP-RM305-556F6CE4.txt,C:\Users\WINDOWS\OneDrive\知识库\智库信息爬虫\国际主要科技智库观点演变_研判\03_证据底稿\网页文本\C-NISTEP-RM305-556F6CE4.txt,http://hdl.handle.net/11035/00006676,官方仓储PDF代理全文已保存
企业研发、创新与产学合作,科技创新政策与能力基线,C-NISTEP-RM305-556F6CE4,2021-03-01,W2,研究大学における教員の雇用状況に関する調査,机构正式研究,C:\Users\WINDOWS\OneDrive\知识库\智库信息爬虫\国际主要科技智库观点演变_研判\03_证据底稿\网页文本\C-NISTEP-RM305-556F6CE4.txt,C:\Users\WINDOWS\OneDrive\知识库\智库信息爬虫\国际主要科技智库观点演变_研判\03_证据底稿\网页文本\C-NISTEP-RM305-556F6CE4.txt,http://hdl.handle.net/11035/00006676,官方仓储PDF代理全文已保存
人工智能、数据与数字技术,科技创新政策与能力基线,C-NISTEP-DP194-56A7673D,2021-04-01,W2,第11回科学技術予測調査における実現見通しの回答者所属・年代別比較分析,作者讨论论文,C:\Users\WINDOWS\OneDrive\知识库\智库信息爬虫\国际主要科技智库观点演变_研判\03_证据底稿\网页文本\C-NISTEP-DP194-56A7673D.txt,C:\Users\WINDOWS\OneDrive\知识库\智库信息爬虫\国际主要科技智库观点演变_研判\03_证据底稿\网页文本\C-NISTEP-DP194-56A7673D.txt,http://hdl.handle.net/11035/00006680,官方仓储PDF代理全文已保存
关键技术、专利与产业竞争力,科技创新政策与能力基线,C-NISTEP-DP194-56A7673D,2021-04-01,W2,第11回科学技術予測調査における実現見通しの回答者所属・年代別比較分析,作者讨论论文,C:\Users\WINDOWS\OneDrive\知识库\智库信息爬虫\国际主要科技智库观点演变_研判\03_证据底稿\网页文本\C-NISTEP-DP194-56A7673D.txt,C:\Users\WINDOWS\OneDrive\知识库\智库信息爬虫\国际主要科技智库观点演变_研判\03_证据底稿\网页文本\C-NISTEP-DP194-56A7673D.txt,http://hdl.handle.net/11035/00006680,官方仓储PDF代理全文已保存
科技指标、论文与国际比较,科技创新政策与能力基线,C-NISTEP-DP194-56A7673D,2021-04-01,W2,第11回科学技術予測調査における実現見通しの回答者所属・年代別比較分析,作者讨论论文,C:\Users\WINDOWS\OneDrive\知识库\智库信息爬虫\国际主要科技智库观点演变_研判\03_证据底稿\网页文本\C-NISTEP-DP194-56A7673D.txt,C:\Users\WINDOWS\OneDrive\知识库\智库信息爬虫\国际主要科技智库观点演变_研判\03_证据底稿\网页文本\C-NISTEP-DP194-56A7673D.txt,http://hdl.handle.net/11035/00006680,官方仓储PDF代理全文已保存
科研体系、资助与研究基础,科技创新政策与能力基线,C-NISTEP-DP194-56A7673D,2021-04-01,W2,第11回科学技術予測調査における実現見通しの回答者所属・年代別比較分析,作者讨论论文,C:\Users\WINDOWS\OneDrive\知识库\智库信息爬虫\国际主要科技智库观点演变_研判\03_证据底稿\网页文本\C-NISTEP-DP194-56A7673D.txt,C:\Users\WINDOWS\OneDrive\知识库\智库信息爬虫\国际主要科技智库观点演变_研判\03_证据底稿\网页文本\C-NISTEP-DP194-56A7673D.txt,http://hdl.handle.net/11035/00006680,官方仓储PDF代理全文已保存
科技人才、博士与职业流动,科技创新政策与能力基线,C-NISTEP-DP194-56A7673D,2021-04-01,W2,第11回科学技術予測調査における実現見通しの回答者所属・年代別比較分析,作者讨论论文,C:\Users\WINDOWS\OneDrive\知识库\智库信息爬虫\国际主要科技智库观点演变_研判\03_证据底稿\网页文本\C-NISTEP-DP194-56A7673D.txt,C:\Users\WINDOWS\OneDrive\知识库\智库信息爬虫\国际主要科技智库观点演变_研判\03_证据底稿\网页文本\C-NISTEP-DP194-56A7673D.txt,http://hdl.handle.net/11035/00006680,官方仓储PDF代理全文已保存
企业研发、创新与产学合作,科技创新政策与能力基线,C-NISTEP-DP194-56A7673D,2021-04-01,W2,第11回科学技術予測調査における実現見通しの回答者所属・年代別比較分析,作者讨论论文,C:\Users\WINDOWS\OneDrive\知识库\智库信息爬虫\国际主要科技智库观点演变_研判\03_证据底稿\网页文本\C-NISTEP-DP194-56A7673D.txt,C:\Users\WINDOWS\OneDrive\知识库\智库信息爬虫\国际主要科技智库观点演变_研判\03_证据底稿\网页文本\C-NISTEP-DP194-56A7673D.txt,http://hdl.handle.net/11035/00006680,官方仓储PDF代理全文已保存
科技前瞻、新兴议题与社会,科技创新政策与能力基线,C-NISTEP-DP194-56A7673D,2021-04-01,W2,第11回科学技術予測調査における実現見通しの回答者所属・年代別比較分析,作者讨论论文,C:\Users\WINDOWS\OneDrive\知识库\智库信息爬虫\国际主要科技智库观点演变_研判\03_证据底稿\网页文本\C-NISTEP-DP194-56A7673D.txt,C:\Users\WINDOWS\OneDrive\知识库\智库信息爬虫\国际主要科技智库观点演变_研判\03_证据底稿\网页文本\C-NISTEP-DP194-56A7673D.txt,http://hdl.handle.net/11035/00006680,官方仓储PDF代理全文已保存
人工智能、数据与数字技术,科技创新政策与能力基线,C-NISTEP-NR189-3213DC93,2021-04-01,W2,科学技術の状況に係る総合的意識調査（NISTEP定点調査2020）報告書,机构正式研究,C:\Users\WINDOWS\OneDrive\知识库\智库信息爬虫\国际主要科技智库观点演变_研判\03_证据底稿\网页文本\C-NISTEP-NR189-3213DC93.txt,C:\Users\WINDOWS\OneDrive\知识库\智库信息爬虫\国际主要科技智库观点演变_研判\03_证据底稿\网页文本\C-NISTEP-NR189-3213DC93.txt,http://hdl.handle.net/11035/00006678,官方发布页摘要已保存
科技指标、论文与国际比较,科技创新政策与能力基线,C-NISTEP-NR189-3213DC93,2021-04-01,W2,科学技術の状況に係る総合的意識調査（NISTEP定点調査2020）報告書,机构正式研究,C:\Users\WINDOWS\OneDrive\知识库\智库信息爬虫\国际主要科技智库观点演变_研判\03_证据底稿\网页文本\C-NISTEP-NR189-3213DC93.txt,C:\Users\WINDOWS\OneDrive\知识库\智库信息爬虫\国际主要科技智库观点演变_研判\03_证据底稿\网页文本\C-NISTEP-NR189-3213DC93.txt,http://hdl.handle.net/11035/00006678,官方发布页摘要已保存
科研体系、资助与研究基础,科技创新政策与能力基线,C-NISTEP-NR189-3213DC93,2021-04-01,W2,科学技術の状況に係る総合的意識調査（NISTEP定点調査2020）報告書,机构正式研究,C:\Users\WINDOWS\OneDrive\知识库\智库信息爬虫\国际主要科技智库观点演变_研判\03_证据底稿\网页文本\C-NISTEP-NR189-3213DC93.txt,C:\Users\WINDOWS\OneDrive\知识库\智库信息爬虫\国际主要科技智库观点演变_研判\03_证据底稿\网页文本\C-NISTEP-NR189-3213DC93.txt,http://hdl.handle.net/11035/00006678,官方发布页摘要已保存
科技人才、博士与职业流动,科技创新政策与能力基线,C-NISTEP-NR189-3213DC93,2021-04-01,W2,科学技術の状況に係る総合的意識調査（NISTEP定点調査2020）報告書,机构正式研究,C:\Users\WINDOWS\OneDrive\知识库\智库信息爬虫\国际主要科技智库观点演变_研判\03_证据底稿\网页文本\C-NISTEP-NR189-3213DC93.txt,C:\Users\WINDOWS\OneDrive\知识库\智库信息爬虫\国际主要科技智库观点演变_研判\03_证据底稿\网页文本\C-NISTEP-NR189-3213DC93.txt,http://hdl.handle.net/11035/00006678,官方发布页摘要已保存
企业研发、创新与产学合作,科技创新政策与能力基线,C-NISTEP-NR189-3213DC93,2021-04-01,W2,科学技術の状況に係る総合的意識調査（NISTEP定点調査2020）報告書,机构正式研究,C:\Users\WINDOWS\OneDrive\知识库\智库信息爬虫\国际主要科技智库观点演变_研判\03_证据底稿\网页文本\C-NISTEP-NR189-3213DC93.txt,C:\Users\WINDOWS\OneDrive\知识库\智库信息爬虫\国际主要科技智库观点演变_研判\03_证据底稿\网页文本\C-NISTEP-NR189-3213DC93.txt,http://hdl.handle.net/11035/00006678,官方发布页摘要已保存
科技前瞻、新兴议题与社会,科技创新政策与能力基线,C-NISTEP-NR189-3213DC93,2021-04-01,W2,科学技術の状況に係る総合的意識調査（NISTEP定点調査2020）報告書,机构正式研究,C:\Users\WINDOWS\OneDrive\知识库\智库信息爬虫\国际主要科技智库观点演变_研判\03_证据底稿\网页文本\C-NISTEP-NR189-3213DC93.txt,C:\Users\WINDOWS\OneDrive\知识库\智库信息爬虫\国际主要科技智库观点演变_研判\03_证据底稿\网页文本\C-NISTEP-NR189-3213DC93.txt,http://hdl.handle.net/11035/00006678,官方发布页摘要已保存
开放科学、研究诚信与治理,科技创新政策与能力基线,C-NISTEP-NR189-3213DC93,2021-04-01,W2,科学技術の状況に係る総合的意識調査（NISTEP定点調査2020）報告書,机构正式研究,C:\Users\WINDOWS\OneDrive\知识库\智库信息爬虫\国际主要科技智库观点演变_研判\03_证据底稿\网页文本\C-NISTEP-NR189-3213DC93.txt,C:\Users\WINDOWS\OneDrive\知识库\智库信息爬虫\国际主要科技智库观点演变_研判\03_证据底稿\网页文本\C-NISTEP-NR189-3213DC93.txt,http://hdl.handle.net/11035/00006678,官方发布页摘要已保存
人工智能、数据与数字技术,科技创新政策与能力基线,C-NISTEP-NR190-88C388FE,2021-04-01,W2,科学技術の状況に係る総合的意識調査（NISTEP定点調査2020）データ集,机构正式研究,C:\Users\WINDOWS\OneDrive\知识库\智库信息爬虫\国际主要科技智库观点演变_研判\03_证据底稿\网页文本\C-NISTEP-NR190-88C388FE.txt,C:\Users\WINDOWS\OneDrive\知识库\智库信息爬虫\国际主要科技智库观点演变_研判\03_证据底稿\网页文本\C-NISTEP-NR190-88C388FE.txt,http://hdl.handle.net/11035/00006679,官方发布页摘要已保存
科技指标、论文与国际比较,科技创新政策与能力基线,C-NISTEP-NR190-88C388FE,2021-04-01,W2,科学技術の状況に係る総合的意識調査（NISTEP定点調査2020）データ集,机构正式研究,C:\Users\WINDOWS\OneDrive\知识库\智库信息爬虫\国际主要科技智库观点演变_研判\03_证据底稿\网页文本\C-NISTEP-NR190-88C388FE.txt,C:\Users\WINDOWS\OneDrive\知识库\智库信息爬虫\国际主要科技智库观点演变_研判\03_证据底稿\网页文本\C-NISTEP-NR190-88C388FE.txt,http://hdl.handle.net/11035/00006679,官方发布页摘要已保存
科研体系、资助与研究基础,科技创新政策与能力基线,C-NISTEP-NR190-88C388FE,2021-04-01,W2,科学技術の状況に係る総合的意識調査（NISTEP定点調査2020）データ集,机构正式研究,C:\Users\WINDOWS\OneDrive\知识库\智库信息爬虫\国际主要科技智库观点演变_研判\03_证据底稿\网页文本\C-NISTEP-NR190-88C388FE.txt,C:\Users\WINDOWS\OneDrive\知识库\智库信息爬虫\国际主要科技智库观点演变_研判\03_证据底稿\网页文本\C-NISTEP-NR190-88C388FE.txt,http://hdl.handle.net/11035/00006679,官方发布页摘要已保存
科技人才、博士与职业流动,科技创新政策与能力基线,C-NISTEP-NR190-88C388FE,2021-04-01,W2,科学技術の状況に係る総合的意識調査（NISTEP定点調査2020）データ集,机构正式研究,C:\Users\WINDOWS\OneDrive\知识库\智库信息爬虫\国际主要科技智库观点演变_研判\03_证据底稿\网页文本\C-NISTEP-NR190-88C388FE.txt,C:\Users\WINDOWS\OneDrive\知识库\智库信息爬虫\国际主要科技智库观点演变_研判\03_证据底稿\网页文本\C-NISTEP-NR190-88C388FE.txt,http://hdl.handle.net/11035/00006679,官方发布页摘要已保存
企业研发、创新与产学合作,科技创新政策与能力基线,C-NISTEP-NR190-88C388FE,2021-04-01,W2,科学技術の状況に係る総合的意識調査（NISTEP定点調査2020）データ集,机构正式研究,C:\Users\WINDOWS\OneDrive\知识库\智库信息爬虫\国际主要科技智库观点演变_研判\03_证据底稿\网页文本\C-NISTEP-NR190-88C388FE.txt,C:\Users\WINDOWS\OneDrive\知识库\智库信息爬虫\国际主要科技智库观点演变_研判\03_证据底稿\网页文本\C-NISTEP-NR190-88C388FE.txt,http://hdl.handle.net/11035/00006679,官方发布页摘要已保存
科技前瞻、新兴议题与社会,科技创新政策与能力基线,C-NISTEP-NR190-88C388FE,2021-04-01,W2,科学技術の状況に係る総合的意識調査（NISTEP定点調査2020）データ集,机构正式研究,C:\Users\WINDOWS\OneDrive\知识库\智库信息爬虫\国际主要科技智库观点演变_研判\03_证据底稿\网页文本\C-NISTEP-NR190-88C388FE.txt,C:\Users\WINDOWS\OneDrive\知识库\智库信息爬虫\国际主要科技智库观点演变_研判\03_证据底稿\网页文本\C-NISTEP-NR190-88C388FE.txt,http://hdl.handle.net/11035/00006679,官方发布页摘要已保存
开放科学、研究诚信与治理,科技创新政策与能力基线,C-NISTEP-NR190-88C388FE,2021-04-01,W2,科学技術の状況に係る総合的意識調査（NISTEP定点調査2020）データ集,机构正式研究,C:\Users\WINDOWS\OneDrive\知识库\智库信息爬虫\国际主要科技智库观点演变_研判\03_证据底稿\网页文本\C-NISTEP-NR190-88C388FE.txt,C:\Users\WINDOWS\OneDrive\知识库\智库信息爬虫\国际主要科技智库观点演变_研判\03_证据底稿\网页文本\C-NISTEP-NR190-88C388FE.txt,http://hdl.handle.net/11035/00006679,官方发布页摘要已保存
人工智能、数据与数字技术,科技创新政策与能力基线,C-NISTEP-RM309-F23B9280,2021-04-01,W2,コロナ禍を経た科学技術の未来－第11回科学技術予測調査フォローアップ－,机构正式研究,C:\Users\WINDOWS\OneDrive\知识库\智库信息爬虫\国际主要科技智库观点演变_研判\03_证据底稿\网页文本\C-NISTEP-RM309-F23B9280.txt,C:\Users\WINDOWS\OneDrive\知识库\智库信息爬虫\国际主要科技智库观点演变_研判\03_证据底稿\网页文本\C-NISTEP-RM309-F23B9280.txt,http://hdl.handle.net/11035/00006681,官方仓储PDF代理全文已保存
关键技术、专利与产业竞争力,科技创新政策与能力基线,C-NISTEP-RM309-F23B9280,2021-04-01,W2,コロナ禍を経た科学技術の未来－第11回科学技術予測調査フォローアップ－,机构正式研究,C:\Users\WINDOWS\OneDrive\知识库\智库信息爬虫\国际主要科技智库观点演变_研判\03_证据底稿\网页文本\C-NISTEP-RM309-F23B9280.txt,C:\Users\WINDOWS\OneDrive\知识库\智库信息爬虫\国际主要科技智库观点演变_研判\03_证据底稿\网页文本\C-NISTEP-RM309-F23B9280.txt,http://hdl.handle.net/11035/00006681,官方仓储PDF代理全文已保存
科技指标、论文与国际比较,科技创新政策与能力基线,C-NISTEP-RM309-F23B9280,2021-04-01,W2,コロナ禍を経た科学技術の未来－第11回科学技術予測調査フォローアップ－,机构正式研究,C:\Users\WINDOWS\OneDrive\知识库\智库信息爬虫\国际主要科技智库观点演变_研判\03_证据底稿\网页文本\C-NISTEP-RM309-F23B9280.txt,C:\Users\WINDOWS\OneDrive\知识库\智库信息爬虫\国际主要科技智库观点演变_研判\03_证据底稿\网页文本\C-NISTEP-RM309-F23B9280.txt,http://hdl.handle.net/11035/00006681,官方仓储PDF代理全文已保存
科研体系、资助与研究基础,科技创新政策与能力基线,C-NISTEP-RM309-F23B9280,2021-04-01,W2,コロナ禍を経た科学技術の未来－第11回科学技術予測調査フォローアップ－,机构正式研究,C:\Users\WINDOWS\OneDrive\知识库\智库信息爬虫\国际主要科技智库观点演变_研判\03_证据底稿\网页文本\C-NISTEP-RM309-F23B9280.txt,C:\Users\WINDOWS\OneDrive\知识库\智库信息爬虫\国际主要科技智库观点演变_研判\03_证据底稿\网页文本\C-NISTEP-RM309-F23B9280.txt,http://hdl.handle.net/11035/00006681,官方仓储PDF代理全文已保存
科技人才、博士与职业流动,科技创新政策与能力基线,C-NISTEP-RM309-F23B9280,2021-04-01,W2,コロナ禍を経た科学技術の未来－第11回科学技術予測調査フォローアップ－,机构正式研究,C:\Users\WINDOWS\OneDrive\知识库\智库信息爬虫\国际主要科技智库观点演变_研判\03_证据底稿\网页文本\C-NISTEP-RM309-F23B9280.txt,C:\Users\WINDOWS\OneDrive\知识库\智库信息爬虫\国际主要科技智库观点演变_研判\03_证据底稿\网页文本\C-NISTEP-RM309-F23B9280.txt,http://hdl.handle.net/11035/00006681,官方仓储PDF代理全文已保存
企业研发、创新与产学合作,科技创新政策与能力基线,C-NISTEP-RM309-F23B9280,2021-04-01,W2,コロナ禍を経た科学技術の未来－第11回科学技術予測調査フォローアップ－,机构正式研究,C:\Users\WINDOWS\OneDrive\知识库\智库信息爬虫\国际主要科技智库观点演变_研判\03_证据底稿\网页文本\C-NISTEP-RM309-F23B9280.txt,C:\Users\WINDOWS\OneDrive\知识库\智库信息爬虫\国际主要科技智库观点演变_研判\03_证据底稿\网页文本\C-NISTEP-RM309-F23B9280.txt,http://hdl.handle.net/11035/00006681,官方仓储PDF代理全文已保存
科技前瞻、新兴议题与社会,科技创新政策与能力基线,C-NISTEP-RM309-F23B9280,2021-04-01,W2,コロナ禍を経た科学技術の未来－第11回科学技術予測調査フォローアップ－,机构正式研究,C:\Users\WINDOWS\OneDrive\知识库\智库信息爬虫\国际主要科技智库观点演变_研判\03_证据底稿\网页文本\C-NISTEP-RM309-F23B9280.txt,C:\Users\WINDOWS\OneDrive\知识库\智库信息爬虫\国际主要科技智库观点演变_研判\03_证据底稿\网页文本\C-NISTEP-RM309-F23B9280.txt,http://hdl.handle.net/11035/00006681,官方仓储PDF代理全文已保存
人工智能、数据与数字技术,科技创新政策与能力基线,C-NISTEP-RM307-5E48BC8C,2021-05-01,W2,欧州レベルの科学技術・⾼等教育政策 〜現状と成立過程～,机构正式研究,C:\Users\WINDOWS\OneDrive\知识库\智库信息爬虫\国际主要科技智库观点演变_研判\03_证据底稿\网页文本\C-NISTEP-RM307-5E48BC8C.txt,C:\Users\WINDOWS\OneDrive\知识库\智库信息爬虫\国际主要科技智库观点演变_研判\03_证据底稿\网页文本\C-NISTEP-RM307-5E48BC8C.txt,http://hdl.handle.net/11035/00006682,官方仓储PDF代理全文已保存
关键技术、专利与产业竞争力,科技创新政策与能力基线,C-NISTEP-RM307-5E48BC8C,2021-05-01,W2,欧州レベルの科学技術・⾼等教育政策 〜現状と成立過程～,机构正式研究,C:\Users\WINDOWS\OneDrive\知识库\智库信息爬虫\国际主要科技智库观点演变_研判\03_证据底稿\网页文本\C-NISTEP-RM307-5E48BC8C.txt,C:\Users\WINDOWS\OneDrive\知识库\智库信息爬虫\国际主要科技智库观点演变_研判\03_证据底稿\网页文本\C-NISTEP-RM307-5E48BC8C.txt,http://hdl.handle.net/11035/00006682,官方仓储PDF代理全文已保存
科技指标、论文与国际比较,科技创新政策与能力基线,C-NISTEP-RM307-5E48BC8C,2021-05-01,W2,欧州レベルの科学技術・⾼等教育政策 〜現状と成立過程～,机构正式研究,C:\Users\WINDOWS\OneDrive\知识库\智库信息爬虫\国际主要科技智库观点演变_研判\03_证据底稿\网页文本\C-NISTEP-RM307-5E48BC8C.txt,C:\Users\WINDOWS\OneDrive\知识库\智库信息爬虫\国际主要科技智库观点演变_研判\03_证据底稿\网页文本\C-NISTEP-RM307-5E48BC8C.txt,http://hdl.handle.net/11035/00006682,官方仓储PDF代理全文已保存
科研体系、资助与研究基础,科技创新政策与能力基线,C-NISTEP-RM307-5E48BC8C,2021-05-01,W2,欧州レベルの科学技術・⾼等教育政策 〜現状と成立過程～,机构正式研究,C:\Users\WINDOWS\OneDrive\知识库\智库信息爬虫\国际主要科技智库观点演变_研判\03_证据底稿\网页文本\C-NISTEP-RM307-5E48BC8C.txt,C:\Users\WINDOWS\OneDrive\知识库\智库信息爬虫\国际主要科技智库观点演变_研判\03_证据底稿\网页文本\C-NISTEP-RM307-5E48BC8C.txt,http://hdl.handle.net/11035/00006682,官方仓储PDF代理全文已保存
科技人才、博士与职业流动,科技创新政策与能力基线,C-NISTEP-RM307-5E48BC8C,2021-05-01,W2,欧州レベルの科学技術・⾼等教育政策 〜現状と成立過程～,机构正式研究,C:\Users\WINDOWS\OneDrive\知识库\智库信息爬虫\国际主要科技智库观点演变_研判\03_证据底稿\网页文本\C-NISTEP-RM307-5E48BC8C.txt,C:\Users\WINDOWS\OneDrive\知识库\智库信息爬虫\国际主要科技智库观点演变_研判\03_证据底稿\网页文本\C-NISTEP-RM307-5E48BC8C.txt,http://hdl.handle.net/11035/00006682,官方仓储PDF代理全文已保存
企业研发、创新与产学合作,科技创新政策与能力基线,C-NISTEP-RM307-5E48BC8C,2021-05-01,W2,欧州レベルの科学技術・⾼等教育政策 〜現状と成立過程～,机构正式研究,C:\Users\WINDOWS\OneDrive\知识库\智库信息爬虫\国际主要科技智库观点演变_研判\03_证据底稿\网页文本\C-NISTEP-RM307-5E48BC8C.txt,C:\Users\WINDOWS\OneDrive\知识库\智库信息爬虫\国际主要科技智库观点演变_研判\03_证据底稿\网页文本\C-NISTEP-RM307-5E48BC8C.txt,http://hdl.handle.net/11035/00006682,官方仓储PDF代理全文已保存
科技前瞻、新兴议题与社会,科技创新政策与能力基线,C-NISTEP-RM307-5E48BC8C,2021-05-01,W2,欧州レベルの科学技術・⾼等教育政策 〜現状と成立過程～,机构正式研究,C:\Users\WINDOWS\OneDrive\知识库\智库信息爬虫\国际主要科技智库观点演变_研判\03_证据底稿\网页文本\C-NISTEP-RM307-5E48BC8C.txt,C:\Users\WINDOWS\OneDrive\知识库\智库信息爬虫\国际主要科技智库观点演变_研判\03_证据底稿\网页文本\C-NISTEP-RM307-5E48BC8C.txt,http://hdl.handle.net/11035/00006682,官方仓储PDF代理全文已保存
中国科技能力与国际比较,科技创新政策与能力基线,C-NISTEP-RM307-5E48BC8C,2021-05-01,W2,欧州レベルの科学技術・⾼等教育政策 〜現状と成立過程～,机构正式研究,C:\Users\WINDOWS\OneDrive\知识库\智库信息爬虫\国际主要科技智库观点演变_研判\03_证据底稿\网页文本\C-NISTEP-RM307-5E48BC8C.txt,C:\Users\WINDOWS\OneDrive\知识库\智库信息爬虫\国际主要科技智库观点演变_研判\03_证据底稿\网页文本\C-NISTEP-RM307-5E48BC8C.txt,http://hdl.handle.net/11035/00006682,官方仓储PDF代理全文已保存
人工智能、数据与数字技术,核心科技直接材料,C-NISTEP-DP195-16D0D124,2021-06-01,W2,日本版バイ・ドール制度を適用した特許出願の網羅的調査,作者讨论论文,C:\Users\WINDOWS\OneDrive\知识库\智库信息爬虫\国际主要科技智库观点演变_研判\03_证据底稿\原文PDF\C-NISTEP-DP195-16D0D124.pdf,C:\Users\WINDOWS\OneDrive\知识库\智库信息爬虫\国际主要科技智库观点演变_研判\03_证据底稿\文本\C-NISTEP-DP195-16D0D124.txt,http://hdl.handle.net/11035/00006689,官方PDF已保存并校验
关键技术、专利与产业竞争力,核心科技直接材料,C-NISTEP-DP195-16D0D124,2021-06-01,W2,日本版バイ・ドール制度を適用した特許出願の網羅的調査,作者讨论论文,C:\Users\WINDOWS\OneDrive\知识库\智库信息爬虫\国际主要科技智库观点演变_研判\03_证据底稿\原文PDF\C-NISTEP-DP195-16D0D124.pdf,C:\Users\WINDOWS\OneDrive\知识库\智库信息爬虫\国际主要科技智库观点演变_研判\03_证据底稿\文本\C-NISTEP-DP195-16D0D124.txt,http://hdl.handle.net/11035/00006689,官方PDF已保存并校验
科技指标、论文与国际比较,核心科技直接材料,C-NISTEP-DP195-16D0D124,2021-06-01,W2,日本版バイ・ドール制度を適用した特許出願の網羅的調査,作者讨论论文,C:\Users\WINDOWS\OneDrive\知识库\智库信息爬虫\国际主要科技智库观点演变_研判\03_证据底稿\原文PDF\C-NISTEP-DP195-16D0D124.pdf,C:\Users\WINDOWS\OneDrive\知识库\智库信息爬虫\国际主要科技智库观点演变_研判\03_证据底稿\文本\C-NISTEP-DP195-16D0D124.txt,http://hdl.handle.net/11035/00006689,官方PDF已保存并校验
科研体系、资助与研究基础,核心科技直接材料,C-NISTEP-DP195-16D0D124,2021-06-01,W2,日本版バイ・ドール制度を適用した特許出願の網羅的調査,作者讨论论文,C:\Users\WINDOWS\OneDrive\知识库\智库信息爬虫\国际主要科技智库观点演变_研判\03_证据底稿\原文PDF\C-NISTEP-DP195-16D0D124.pdf,C:\Users\WINDOWS\OneDrive\知识库\智库信息爬虫\国际主要科技智库观点演变_研判\03_证据底稿\文本\C-NISTEP-DP195-16D0D124.txt,http://hdl.handle.net/11035/00006689,官方PDF已保存并校验
科技人才、博士与职业流动,核心科技直接材料,C-NISTEP-DP195-16D0D124,2021-06-01,W2,日本版バイ・ドール制度を適用した特許出願の網羅的調査,作者讨论论文,C:\Users\WINDOWS\OneDrive\知识库\智库信息爬虫\国际主要科技智库观点演变_研判\03_证据底稿\原文PDF\C-NISTEP-DP195-16D0D124.pdf,C:\Users\WINDOWS\OneDrive\知识库\智库信息爬虫\国际主要科技智库观点演变_研判\03_证据底稿\文本\C-NISTEP-DP195-16D0D124.txt,http://hdl.handle.net/11035/00006689,官方PDF已保存并校验
企业研发、创新与产学合作,核心科技直接材料,C-NISTEP-DP195-16D0D124,2021-06-01,W2,日本版バイ・ドール制度を適用した特許出願の網羅的調査,作者讨论论文,C:\Users\WINDOWS\OneDrive\知识库\智库信息爬虫\国际主要科技智库观点演变_研判\03_证据底稿\原文PDF\C-NISTEP-DP195-16D0D124.pdf,C:\Users\WINDOWS\OneDrive\知识库\智库信息爬虫\国际主要科技智库观点演变_研判\03_证据底稿\文本\C-NISTEP-DP195-16D0D124.txt,http://hdl.handle.net/11035/00006689,官方PDF已保存并校验
人工智能、数据与数字技术,科技创新政策与能力基线,C-NISTEP-DP196-20129AD0,2021-06-01,W2,イノベーションの画期性と企業成長・全国イノベーション調査を用いた分析,作者讨论论文,C:\Users\WINDOWS\OneDrive\知识库\智库信息爬虫\国际主要科技智库观点演变_研判\03_证据底稿\原文PDF\C-NISTEP-DP196-20129AD0.pdf,C:\Users\WINDOWS\OneDrive\知识库\智库信息爬虫\国际主要科技智库观点演变_研判\03_证据底稿\文本\C-NISTEP-DP196-20129AD0.txt,http://hdl.handle.net/11035/00006690,官方PDF已保存并校验
关键技术、专利与产业竞争力,科技创新政策与能力基线,C-NISTEP-DP196-20129AD0,2021-06-01,W2,イノベーションの画期性と企業成長・全国イノベーション調査を用いた分析,作者讨论论文,C:\Users\WINDOWS\OneDrive\知识库\智库信息爬虫\国际主要科技智库观点演变_研判\03_证据底稿\原文PDF\C-NISTEP-DP196-20129AD0.pdf,C:\Users\WINDOWS\OneDrive\知识库\智库信息爬虫\国际主要科技智库观点演变_研判\03_证据底稿\文本\C-NISTEP-DP196-20129AD0.txt,http://hdl.handle.net/11035/00006690,官方PDF已保存并校验
科技指标、论文与国际比较,科技创新政策与能力基线,C-NISTEP-DP196-20129AD0,2021-06-01,W2,イノベーションの画期性と企業成長・全国イノベーション調査を用いた分析,作者讨论论文,C:\Users\WINDOWS\OneDrive\知识库\智库信息爬虫\国际主要科技智库观点演变_研判\03_证据底稿\原文PDF\C-NISTEP-DP196-20129AD0.pdf,C:\Users\WINDOWS\OneDrive\知识库\智库信息爬虫\国际主要科技智库观点演变_研判\03_证据底稿\文本\C-NISTEP-DP196-20129AD0.txt,http://hdl.handle.net/11035/00006690,官方PDF已保存并校验
科研体系、资助与研究基础,科技创新政策与能力基线,C-NISTEP-DP196-20129AD0,2021-06-01,W2,イノベーションの画期性と企業成長・全国イノベーション調査を用いた分析,作者讨论论文,C:\Users\WINDOWS\OneDrive\知识库\智库信息爬虫\国际主要科技智库观点演变_研判\03_证据底稿\原文PDF\C-NISTEP-DP196-20129AD0.pdf,C:\Users\WINDOWS\OneDrive\知识库\智库信息爬虫\国际主要科技智库观点演变_研判\03_证据底稿\文本\C-NISTEP-DP196-20129AD0.txt,http://hdl.handle.net/11035/00006690,官方PDF已保存并校验
科技人才、博士与职业流动,科技创新政策与能力基线,C-NISTEP-DP196-20129AD0,2021-06-01,W2,イノベーションの画期性と企業成長・全国イノベーション調査を用いた分析,作者讨论论文,C:\Users\WINDOWS\OneDrive\知识库\智库信息爬虫\国际主要科技智库观点演变_研判\03_证据底稿\原文PDF\C-NISTEP-DP196-20129AD0.pdf,C:\Users\WINDOWS\OneDrive\知识库\智库信息爬虫\国际主要科技智库观点演变_研判\03_证据底稿\文本\C-NISTEP-DP196-20129AD0.txt,http://hdl.handle.net/11035/00006690,官方PDF已保存并校验
企业研发、创新与产学合作,科技创新政策与能力基线,C-NISTEP-DP196-20129AD0,2021-06-01,W2,イノベーションの画期性と企業成長・全国イノベーション調査を用いた分析,作者讨论论文,C:\Users\WINDOWS\OneDrive\知识库\智库信息爬虫\国际主要科技智库观点演变_研判\03_证据底稿\原文PDF\C-NISTEP-DP196-20129AD0.pdf,C:\Users\WINDOWS\OneDrive\知识库\智库信息爬虫\国际主要科技智库观点演变_研判\03_证据底稿\文本\C-NISTEP-DP196-20129AD0.txt,http://hdl.handle.net/11035/00006690,官方PDF已保存并校验
人工智能、数据与数字技术,科技创新政策与能力基线,C-NISTEP-NR191-3319B146,2021-06-01,W2,民間企業の研究活動に関する調査報告2020,机构正式研究,C:\Users\WINDOWS\OneDrive\知识库\智库信息爬虫\国际主要科技智库观点演变_研判\03_证据底稿\网页文本\C-NISTEP-NR191-3319B146.txt,C:\Users\WINDOWS\OneDrive\知识库\智库信息爬虫\国际主要科技智库观点演变_研判\03_证据底稿\网页文本\C-NISTEP-NR191-3319B146.txt,http://hdl.handle.net/11035/00006684,官方仓储PDF代理全文已保存
关键技术、专利与产业竞争力,科技创新政策与能力基线,C-NISTEP-NR191-3319B146,2021-06-01,W2,民間企業の研究活動に関する調査報告2020,机构正式研究,C:\Users\WINDOWS\OneDrive\知识库\智库信息爬虫\国际主要科技智库观点演变_研判\03_证据底稿\网页文本\C-NISTEP-NR191-3319B146.txt,C:\Users\WINDOWS\OneDrive\知识库\智库信息爬虫\国际主要科技智库观点演变_研判\03_证据底稿\网页文本\C-NISTEP-NR191-3319B146.txt,http://hdl.handle.net/11035/00006684,官方仓储PDF代理全文已保存
科技指标、论文与国际比较,科技创新政策与能力基线,C-NISTEP-NR191-3319B146,2021-06-01,W2,民間企業の研究活動に関する調査報告2020,机构正式研究,C:\Users\WINDOWS\OneDrive\知识库\智库信息爬虫\国际主要科技智库观点演变_研判\03_证据底稿\网页文本\C-NISTEP-NR191-3319B146.txt,C:\Users\WINDOWS\OneDrive\知识库\智库信息爬虫\国际主要科技智库观点演变_研判\03_证据底稿\网页文本\C-NISTEP-NR191-3319B146.txt,http://hdl.handle.net/11035/00006684,官方仓储PDF代理全文已保存
科研体系、资助与研究基础,科技创新政策与能力基线,C-NISTEP-NR191-3319B146,2021-06-01,W2,民間企業の研究活動に関する調査報告2020,机构正式研究,C:\Users\WINDOWS\OneDrive\知识库\智库信息爬虫\国际主要科技智库观点演变_研判\03_证据底稿\网页文本\C-NISTEP-NR191-3319B146.txt,C:\Users\WINDOWS\OneDrive\知识库\智库信息爬虫\国际主要科技智库观点演变_研判\03_证据底稿\网页文本\C-NISTEP-NR191-3319B146.txt,http://hdl.handle.net/11035/00006684,官方仓储PDF代理全文已保存
科技人才、博士与职业流动,科技创新政策与能力基线,C-NISTEP-NR191-3319B146,2021-06-01,W2,民間企業の研究活動に関する調査報告2020,机构正式研究,C:\Users\WINDOWS\OneDrive\知识库\智库信息爬虫\国际主要科技智库观点演变_研判\03_证据底稿\网页文本\C-NISTEP-NR191-3319B146.txt,C:\Users\WINDOWS\OneDrive\知识库\智库信息爬虫\国际主要科技智库观点演变_研判\03_证据底稿\网页文本\C-NISTEP-NR191-3319B146.txt,http://hdl.handle.net/11035/00006684,官方仓储PDF代理全文已保存
企业研发、创新与产学合作,科技创新政策与能力基线,C-NISTEP-NR191-3319B146,2021-06-01,W2,民間企業の研究活動に関する調査報告2020,机构正式研究,C:\Users\WINDOWS\OneDrive\知识库\智库信息爬虫\国际主要科技智库观点演变_研判\03_证据底稿\网页文本\C-NISTEP-NR191-3319B146.txt,C:\Users\WINDOWS\OneDrive\知识库\智库信息爬虫\国际主要科技智库观点演变_研判\03_证据底稿\网页文本\C-NISTEP-NR191-3319B146.txt,http://hdl.handle.net/11035/00006684,官方仓储PDF代理全文已保存
人工智能、数据与数字技术,科技创新政策与能力基线,C-NISTEP-RM310-5E06ABAD,2021-06-01,W2,修士課程（6年制を含む）在籍者を起点とした追跡調査（2020年修了（卒業者）及び修了（卒業）予定者に関する報告）,机构正式研究,C:\Users\WINDOWS\OneDrive\知识库\智库信息爬虫\国际主要科技智库观点演变_研判\03_证据底稿\原文PDF\C-NISTEP-RM310-5E06ABAD.pdf,C:\Users\WINDOWS\OneDrive\知识库\智库信息爬虫\国际主要科技智库观点演变_研判\03_证据底稿\文本\C-NISTEP-RM310-5E06ABAD.txt,https://www.nistep.go.jp/archives/47485,官方PDF已保存并校验
科技指标、论文与国际比较,科技创新政策与能力基线,C-NISTEP-RM310-5E06ABAD,2021-06-01,W2,修士課程（6年制を含む）在籍者を起点とした追跡調査（2020年修了（卒業者）及び修了（卒業）予定者に関する報告）,机构正式研究,C:\Users\WINDOWS\OneDrive\知识库\智库信息爬虫\国际主要科技智库观点演变_研判\03_证据底稿\原文PDF\C-NISTEP-RM310-5E06ABAD.pdf,C:\Users\WINDOWS\OneDrive\知识库\智库信息爬虫\国际主要科技智库观点演变_研判\03_证据底稿\文本\C-NISTEP-RM310-5E06ABAD.txt,https://www.nistep.go.jp/archives/47485,官方PDF已保存并校验
科研体系、资助与研究基础,科技创新政策与能力基线,C-NISTEP-RM310-5E06ABAD,2021-06-01,W2,修士課程（6年制を含む）在籍者を起点とした追跡調査（2020年修了（卒業者）及び修了（卒業）予定者に関する報告）,机构正式研究,C:\Users\WINDOWS\OneDrive\知识库\智库信息爬虫\国际主要科技智库观点演变_研判\03_证据底稿\原文PDF\C-NISTEP-RM310-5E06ABAD.pdf,C:\Users\WINDOWS\OneDrive\知识库\智库信息爬虫\国际主要科技智库观点演变_研判\03_证据底稿\文本\C-NISTEP-RM310-5E06ABAD.txt,https://www.nistep.go.jp/archives/47485,官方PDF已保存并校验
科技人才、博士与职业流动,科技创新政策与能力基线,C-NISTEP-RM310-5E06ABAD,2021-06-01,W2,修士課程（6年制を含む）在籍者を起点とした追跡調査（2020年修了（卒業者）及び修了（卒業）予定者に関する報告）,机构正式研究,C:\Users\WINDOWS\OneDrive\知识库\智库信息爬虫\国际主要科技智库观点演变_研判\03_证据底稿\原文PDF\C-NISTEP-RM310-5E06ABAD.pdf,C:\Users\WINDOWS\OneDrive\知识库\智库信息爬虫\国际主要科技智库观点演变_研判\03_证据底稿\文本\C-NISTEP-RM310-5E06ABAD.txt,https://www.nistep.go.jp/archives/47485,官方PDF已保存并校验
企业研发、创新与产学合作,科技创新政策与能力基线,C-NISTEP-RM310-5E06ABAD,2021-06-01,W2,修士課程（6年制を含む）在籍者を起点とした追跡調査（2020年修了（卒業者）及び修了（卒業）予定者に関する報告）,机构正式研究,C:\Users\WINDOWS\OneDrive\知识库\智库信息爬虫\国际主要科技智库观点演变_研判\03_证据底稿\原文PDF\C-NISTEP-RM310-5E06ABAD.pdf,C:\Users\WINDOWS\OneDrive\知识库\智库信息爬虫\国际主要科技智库观点演变_研判\03_证据底稿\文本\C-NISTEP-RM310-5E06ABAD.txt,https://www.nistep.go.jp/archives/47485,官方PDF已保存并校验
人工智能、数据与数字技术,核心科技直接材料,C-NISTEP-DP198-2068C2DB,2021-07-01,W2,日本の多国籍企業における海外研究開発と特許出願,作者讨论论文,C:\Users\WINDOWS\OneDrive\知识库\智库信息爬虫\国际主要科技智库观点演变_研判\03_证据底稿\原文PDF\C-NISTEP-DP198-2068C2DB.pdf,C:\Users\WINDOWS\OneDrive\知识库\智库信息爬虫\国际主要科技智库观点演变_研判\03_证据底稿\文本\C-NISTEP-DP198-2068C2DB.txt,http://hdl.handle.net/11035/00006702,官方PDF已保存并校验
关键技术、专利与产业竞争力,核心科技直接材料,C-NISTEP-DP198-2068C2DB,2021-07-01,W2,日本の多国籍企業における海外研究開発と特許出願,作者讨论论文,C:\Users\WINDOWS\OneDrive\知识库\智库信息爬虫\国际主要科技智库观点演变_研判\03_证据底稿\原文PDF\C-NISTEP-DP198-2068C2DB.pdf,C:\Users\WINDOWS\OneDrive\知识库\智库信息爬虫\国际主要科技智库观点演变_研判\03_证据底稿\文本\C-NISTEP-DP198-2068C2DB.txt,http://hdl.handle.net/11035/00006702,官方PDF已保存并校验
科技指标、论文与国际比较,核心科技直接材料,C-NISTEP-DP198-2068C2DB,2021-07-01,W2,日本の多国籍企業における海外研究開発と特許出願,作者讨论论文,C:\Users\WINDOWS\OneDrive\知识库\智库信息爬虫\国际主要科技智库观点演变_研判\03_证据底稿\原文PDF\C-NISTEP-DP198-2068C2DB.pdf,C:\Users\WINDOWS\OneDrive\知识库\智库信息爬虫\国际主要科技智库观点演变_研判\03_证据底稿\文本\C-NISTEP-DP198-2068C2DB.txt,http://hdl.handle.net/11035/00006702,官方PDF已保存并校验
科研体系、资助与研究基础,核心科技直接材料,C-NISTEP-DP198-2068C2DB,2021-07-01,W2,日本の多国籍企業における海外研究開発と特許出願,作者讨论论文,C:\Users\WINDOWS\OneDrive\知识库\智库信息爬虫\国际主要科技智库观点演变_研判\03_证据底稿\原文PDF\C-NISTEP-DP198-2068C2DB.pdf,C:\Users\WINDOWS\OneDrive\知识库\智库信息爬虫\国际主要科技智库观点演变_研判\03_证据底稿\文本\C-NISTEP-DP198-2068C2DB.txt,http://hdl.handle.net/11035/00006702,官方PDF已保存并校验
企业研发、创新与产学合作,核心科技直接材料,C-NISTEP-DP198-2068C2DB,2021-07-01,W2,日本の多国籍企業における海外研究開発と特許出願,作者讨论论文,C:\Users\WINDOWS\OneDrive\知识库\智库信息爬虫\国际主要科技智库观点演变_研判\03_证据底稿\原文PDF\C-NISTEP-DP198-2068C2DB.pdf,C:\Users\WINDOWS\OneDrive\知识库\智库信息爬虫\国际主要科技智库观点演变_研判\03_证据底稿\文本\C-NISTEP-DP198-2068C2DB.txt,http://hdl.handle.net/11035/00006702,官方PDF已保存并校验
人工智能、数据与数字技术,科技创新政策与能力基线,C-NISTEP-DP197-CBC37B81,2021-08-01,W2,bioRxivに着目したプレプリントの分析,作者讨论论文,C:\Users\WINDOWS\OneDrive\知识库\智库信息爬虫\国际主要科技智库观点演变_研判\03_证据底稿\原文PDF\C-NISTEP-DP197-CBC37B81.pdf,C:\Users\WINDOWS\OneDrive\知识库\智库信息爬虫\国际主要科技智库观点演变_研判\03_证据底稿\文本\C-NISTEP-DP197-CBC37B81.txt,https://hdl.handle.net/11035/00006692,官方PDF已保存并校验
关键技术、专利与产业竞争力,科技创新政策与能力基线,C-NISTEP-DP197-CBC37B81,2021-08-01,W2,bioRxivに着目したプレプリントの分析,作者讨论论文,C:\Users\WINDOWS\OneDrive\知识库\智库信息爬虫\国际主要科技智库观点演变_研判\03_证据底稿\原文PDF\C-NISTEP-DP197-CBC37B81.pdf,C:\Users\WINDOWS\OneDrive\知识库\智库信息爬虫\国际主要科技智库观点演变_研判\03_证据底稿\文本\C-NISTEP-DP197-CBC37B81.txt,https://hdl.handle.net/11035/00006692,官方PDF已保存并校验
科技指标、论文与国际比较,科技创新政策与能力基线,C-NISTEP-DP197-CBC37B81,2021-08-01,W2,bioRxivに着目したプレプリントの分析,作者讨论论文,C:\Users\WINDOWS\OneDrive\知识库\智库信息爬虫\国际主要科技智库观点演变_研判\03_证据底稿\原文PDF\C-NISTEP-DP197-CBC37B81.pdf,C:\Users\WINDOWS\OneDrive\知识库\智库信息爬虫\国际主要科技智库观点演变_研判\03_证据底稿\文本\C-NISTEP-DP197-CBC37B81.txt,https://hdl.handle.net/11035/00006692,官方PDF已保存并校验
科研体系、资助与研究基础,科技创新政策与能力基线,C-NISTEP-DP197-CBC37B81,2021-08-01,W2,bioRxivに着目したプレプリントの分析,作者讨论论文,C:\Users\WINDOWS\OneDrive\知识库\智库信息爬虫\国际主要科技智库观点演变_研判\03_证据底稿\原文PDF\C-NISTEP-DP197-CBC37B81.pdf,C:\Users\WINDOWS\OneDrive\知识库\智库信息爬虫\国际主要科技智库观点演变_研判\03_证据底稿\文本\C-NISTEP-DP197-CBC37B81.txt,https://hdl.handle.net/11035/00006692,官方PDF已保存并校验
科技人才、博士与职业流动,科技创新政策与能力基线,C-NISTEP-DP197-CBC37B81,2021-08-01,W2,bioRxivに着目したプレプリントの分析,作者讨论论文,C:\Users\WINDOWS\OneDrive\知识库\智库信息爬虫\国际主要科技智库观点演变_研判\03_证据底稿\原文PDF\C-NISTEP-DP197-CBC37B81.pdf,C:\Users\WINDOWS\OneDrive\知识库\智库信息爬虫\国际主要科技智库观点演变_研判\03_证据底稿\文本\C-NISTEP-DP197-CBC37B81.txt,https://hdl.handle.net/11035/00006692,官方PDF已保存并校验
企业研发、创新与产学合作,科技创新政策与能力基线,C-NISTEP-DP197-CBC37B81,2021-08-01,W2,bioRxivに着目したプレプリントの分析,作者讨论论文,C:\Users\WINDOWS\OneDrive\知识库\智库信息爬虫\国际主要科技智库观点演变_研判\03_证据底稿\原文PDF\C-NISTEP-DP197-CBC37B81.pdf,C:\Users\WINDOWS\OneDrive\知识库\智库信息爬虫\国际主要科技智库观点演变_研判\03_证据底稿\文本\C-NISTEP-DP197-CBC37B81.txt,https://hdl.handle.net/11035/00006692,官方PDF已保存并校验
科技前瞻、新兴议题与社会,科技创新政策与能力基线,C-NISTEP-DP197-CBC37B81,2021-08-01,W2,bioRxivに着目したプレプリントの分析,作者讨论论文,C:\Users\WINDOWS\OneDrive\知识库\智库信息爬虫\国际主要科技智库观点演变_研判\03_证据底稿\原文PDF\C-NISTEP-DP197-CBC37B81.pdf,C:\Users\WINDOWS\OneDrive\知识库\智库信息爬虫\国际主要科技智库观点演变_研判\03_证据底稿\文本\C-NISTEP-DP197-CBC37B81.txt,https://hdl.handle.net/11035/00006692,官方PDF已保存并校验
开放科学、研究诚信与治理,科技创新政策与能力基线,C-NISTEP-DP197-CBC37B81,2021-08-01,W2,bioRxivに着目したプレプリントの分析,作者讨论论文,C:\Users\WINDOWS\OneDrive\知识库\智库信息爬虫\国际主要科技智库观点演变_研判\03_证据底稿\原文PDF\C-NISTEP-DP197-CBC37B81.pdf,C:\Users\WINDOWS\OneDrive\知识库\智库信息爬虫\国际主要科技智库观点演变_研判\03_证据底稿\文本\C-NISTEP-DP197-CBC37B81.txt,https://hdl.handle.net/11035/00006692,官方PDF已保存并校验
人工智能、数据与数字技术,科技创新政策与能力基线,C-NISTEP-DP199-CBADED3E,2021-08-01,W2,研究職の募集要項に関する国際比較,作者讨论论文,C:\Users\WINDOWS\OneDrive\知识库\智库信息爬虫\国际主要科技智库观点演变_研判\03_证据底稿\原文PDF\C-NISTEP-DP199-CBADED3E.pdf,C:\Users\WINDOWS\OneDrive\知识库\智库信息爬虫\国际主要科技智库观点演变_研判\03_证据底稿\文本\C-NISTEP-DP199-CBADED3E.txt,https://www.nistep.go.jp/archives/48129,官方PDF已保存并校验
科技指标、论文与国际比较,科技创新政策与能力基线,C-NISTEP-DP199-CBADED3E,2021-08-01,W2,研究職の募集要項に関する国際比較,作者讨论论文,C:\Users\WINDOWS\OneDrive\知识库\智库信息爬虫\国际主要科技智库观点演变_研判\03_证据底稿\原文PDF\C-NISTEP-DP199-CBADED3E.pdf,C:\Users\WINDOWS\OneDrive\知识库\智库信息爬虫\国际主要科技智库观点演变_研判\03_证据底稿\文本\C-NISTEP-DP199-CBADED3E.txt,https://www.nistep.go.jp/archives/48129,官方PDF已保存并校验
人工智能、数据与数字技术,科技创新政策与能力基线,C-NISTEP-DP200-C9E7CE9C,2021-08-01,W2,プレプリントとジャーナル論文の差異：bioRxivを用いた試行,作者讨论论文,C:\Users\WINDOWS\OneDrive\知识库\智库信息爬虫\国际主要科技智库观点演变_研判\03_证据底稿\原文PDF\C-NISTEP-DP200-C9E7CE9C.pdf,C:\Users\WINDOWS\OneDrive\知识库\智库信息爬虫\国际主要科技智库观点演变_研判\03_证据底稿\文本\C-NISTEP-DP200-C9E7CE9C.txt,https://www.nistep.go.jp/archives/48132,官方PDF已保存并校验
科技指标、论文与国际比较,科技创新政策与能力基线,C-NISTEP-DP200-C9E7CE9C,2021-08-01,W2,プレプリントとジャーナル論文の差異：bioRxivを用いた試行,作者讨论论文,C:\Users\WINDOWS\OneDrive\知识库\智库信息爬虫\国际主要科技智库观点演变_研判\03_证据底稿\原文PDF\C-NISTEP-DP200-C9E7CE9C.pdf,C:\Users\WINDOWS\OneDrive\知识库\智库信息爬虫\国际主要科技智库观点演变_研判\03_证据底稿\文本\C-NISTEP-DP200-C9E7CE9C.txt,https://www.nistep.go.jp/archives/48132,官方PDF已保存并校验
人工智能、数据与数字技术,科技创新政策与能力基线,C-NISTEP-RM311-E4151991,2021-08-01,W2,科学技術指標2021,机构正式研究,C:\Users\WINDOWS\OneDrive\知识库\智库信息爬虫\国际主要科技智库观点演变_研判\03_证据底稿\原文PDF\C-NISTEP-RM311-E4151991.pdf,C:\Users\WINDOWS\OneDrive\知识库\智库信息爬虫\国际主要科技智库观点演变_研判\03_证据底稿\文本\C-NISTEP-RM311-E4151991.txt,http://hdl.handle.net/11035/00006696,官方PDF已保存并校验
关键技术、专利与产业竞争力,科技创新政策与能力基线,C-NISTEP-RM311-E4151991,2021-08-01,W2,科学技術指標2021,机构正式研究,C:\Users\WINDOWS\OneDrive\知识库\智库信息爬虫\国际主要科技智库观点演变_研判\03_证据底稿\原文PDF\C-NISTEP-RM311-E4151991.pdf,C:\Users\WINDOWS\OneDrive\知识库\智库信息爬虫\国际主要科技智库观点演变_研判\03_证据底稿\文本\C-NISTEP-RM311-E4151991.txt,http://hdl.handle.net/11035/00006696,官方PDF已保存并校验
科技指标、论文与国际比较,科技创新政策与能力基线,C-NISTEP-RM311-E4151991,2021-08-01,W2,科学技術指標2021,机构正式研究,C:\Users\WINDOWS\OneDrive\知识库\智库信息爬虫\国际主要科技智库观点演变_研判\03_证据底稿\原文PDF\C-NISTEP-RM311-E4151991.pdf,C:\Users\WINDOWS\OneDrive\知识库\智库信息爬虫\国际主要科技智库观点演变_研判\03_证据底稿\文本\C-NISTEP-RM311-E4151991.txt,http://hdl.handle.net/11035/00006696,官方PDF已保存并校验
科研体系、资助与研究基础,科技创新政策与能力基线,C-NISTEP-RM311-E4151991,2021-08-01,W2,科学技術指標2021,机构正式研究,C:\Users\WINDOWS\OneDrive\知识库\智库信息爬虫\国际主要科技智库观点演变_研判\03_证据底稿\原文PDF\C-NISTEP-RM311-E4151991.pdf,C:\Users\WINDOWS\OneDrive\知识库\智库信息爬虫\国际主要科技智库观点演变_研判\03_证据底稿\文本\C-NISTEP-RM311-E4151991.txt,http://hdl.handle.net/11035/00006696,官方PDF已保存并校验
科技人才、博士与职业流动,科技创新政策与能力基线,C-NISTEP-RM311-E4151991,2021-08-01,W2,科学技術指標2021,机构正式研究,C:\Users\WINDOWS\OneDrive\知识库\智库信息爬虫\国际主要科技智库观点演变_研判\03_证据底稿\原文PDF\C-NISTEP-RM311-E4151991.pdf,C:\Users\WINDOWS\OneDrive\知识库\智库信息爬虫\国际主要科技智库观点演变_研判\03_证据底稿\文本\C-NISTEP-RM311-E4151991.txt,http://hdl.handle.net/11035/00006696,官方PDF已保存并校验
企业研发、创新与产学合作,科技创新政策与能力基线,C-NISTEP-RM311-E4151991,2021-08-01,W2,科学技術指標2021,机构正式研究,C:\Users\WINDOWS\OneDrive\知识库\智库信息爬虫\国际主要科技智库观点演变_研判\03_证据底稿\原文PDF\C-NISTEP-RM311-E4151991.pdf,C:\Users\WINDOWS\OneDrive\知识库\智库信息爬虫\国际主要科技智库观点演变_研判\03_证据底稿\文本\C-NISTEP-RM311-E4151991.txt,http://hdl.handle.net/11035/00006696,官方PDF已保存并校验
科技前瞻、新兴议题与社会,科技创新政策与能力基线,C-NISTEP-RM311-E4151991,2021-08-01,W2,科学技術指標2021,机构正式研究,C:\Users\WINDOWS\OneDrive\知识库\智库信息爬虫\国际主要科技智库观点演变_研判\03_证据底稿\原文PDF\C-NISTEP-RM311-E4151991.pdf,C:\Users\WINDOWS\OneDrive\知识库\智库信息爬虫\国际主要科技智库观点演变_研判\03_证据底稿\文本\C-NISTEP-RM311-E4151991.txt,http://hdl.handle.net/11035/00006696,官方PDF已保存并校验
开放科学、研究诚信与治理,科技创新政策与能力基线,C-NISTEP-RM311-E4151991,2021-08-01,W2,科学技術指標2021,机构正式研究,C:\Users\WINDOWS\OneDrive\知识库\智库信息爬虫\国际主要科技智库观点演变_研判\03_证据底稿\原文PDF\C-NISTEP-RM311-E4151991.pdf,C:\Users\WINDOWS\OneDrive\知识库\智库信息爬虫\国际主要科技智库观点演变_研判\03_证据底稿\文本\C-NISTEP-RM311-E4151991.txt,http://hdl.handle.net/11035/00006696,官方PDF已保存并校验
中国科技能力与国际比较,科技创新政策与能力基线,C-NISTEP-RM311-E4151991,2021-08-01,W2,科学技術指標2021,机构正式研究,C:\Users\WINDOWS\OneDrive\知识库\智库信息爬虫\国际主要科技智库观点演变_研判\03_证据底稿\原文PDF\C-NISTEP-RM311-E4151991.pdf,C:\Users\WINDOWS\OneDrive\知识库\智库信息爬虫\国际主要科技智库观点演变_研判\03_证据底稿\文本\C-NISTEP-RM311-E4151991.txt,http://hdl.handle.net/11035/00006696,官方PDF已保存并校验
人工智能、数据与数字技术,科技创新政策与能力基线,C-NISTEP-RM312-8D9F6B72,2021-08-01,W2,科学研究のベンチマーキング2021,机构正式研究,C:\Users\WINDOWS\OneDrive\知识库\智库信息爬虫\国际主要科技智库观点演变_研判\03_证据底稿\原文PDF\C-NISTEP-RM312-8D9F6B72.pdf,C:\Users\WINDOWS\OneDrive\知识库\智库信息爬虫\国际主要科技智库观点演变_研判\03_证据底稿\文本\C-NISTEP-RM312-8D9F6B72.txt,http://hdl.handle.net/11035/00006700,官方PDF已保存并校验
科技指标、论文与国际比较,科技创新政策与能力基线,C-NISTEP-RM312-8D9F6B72,2021-08-01,W2,科学研究のベンチマーキング2021,机构正式研究,C:\Users\WINDOWS\OneDrive\知识库\智库信息爬虫\国际主要科技智库观点演变_研判\03_证据底稿\原文PDF\C-NISTEP-RM312-8D9F6B72.pdf,C:\Users\WINDOWS\OneDrive\知识库\智库信息爬虫\国际主要科技智库观点演变_研判\03_证据底稿\文本\C-NISTEP-RM312-8D9F6B72.txt,http://hdl.handle.net/11035/00006700,官方PDF已保存并校验
科研体系、资助与研究基础,科技创新政策与能力基线,C-NISTEP-RM312-8D9F6B72,2021-08-01,W2,科学研究のベンチマーキング2021,机构正式研究,C:\Users\WINDOWS\OneDrive\知识库\智库信息爬虫\国际主要科技智库观点演变_研判\03_证据底稿\原文PDF\C-NISTEP-RM312-8D9F6B72.pdf,C:\Users\WINDOWS\OneDrive\知识库\智库信息爬虫\国际主要科技智库观点演变_研判\03_证据底稿\文本\C-NISTEP-RM312-8D9F6B72.txt,http://hdl.handle.net/11035/00006700,官方PDF已保存并校验
科技前瞻、新兴议题与社会,科技创新政策与能力基线,C-NISTEP-RM312-8D9F6B72,2021-08-01,W2,科学研究のベンチマーキング2021,机构正式研究,C:\Users\WINDOWS\OneDrive\知识库\智库信息爬虫\国际主要科技智库观点演变_研判\03_证据底稿\原文PDF\C-NISTEP-RM312-8D9F6B72.pdf,C:\Users\WINDOWS\OneDrive\知识库\智库信息爬虫\国际主要科技智库观点演变_研判\03_证据底稿\文本\C-NISTEP-RM312-8D9F6B72.txt,http://hdl.handle.net/11035/00006700,官方PDF已保存并校验
中国科技能力与国际比较,科技创新政策与能力基线,C-NISTEP-RM312-8D9F6B72,2021-08-01,W2,科学研究のベンチマーキング2021,机构正式研究,C:\Users\WINDOWS\OneDrive\知识库\智库信息爬虫\国际主要科技智库观点演变_研判\03_证据底稿\原文PDF\C-NISTEP-RM312-8D9F6B72.pdf,C:\Users\WINDOWS\OneDrive\知识库\智库信息爬虫\国际主要科技智库观点演变_研判\03_证据底稿\文本\C-NISTEP-RM312-8D9F6B72.txt,http://hdl.handle.net/11035/00006700,官方PDF已保存并校验
人工智能、数据与数字技术,科技创新政策与能力基线,C-NISTEP-RM313-19996ED2,2021-09-01,W2,新型コロナウイルス感染症対応が研究生産性に与える影響等に関する調査－博士人材データベース(JGRAD)におけるウェブアンケート調査－,机构正式研究,C:\Users\WINDOWS\OneDrive\知识库\智库信息爬虫\国际主要科技智库观点演变_研判\03_证据底稿\原文PDF\C-NISTEP-RM313-19996ED2.pdf,C:\Users\WINDOWS\OneDrive\知识库\智库信息爬虫\国际主要科技智库观点演变_研判\03_证据底稿\文本\C-NISTEP-RM313-19996ED2.txt,https://www.nistep.go.jp/archives/48312,官方PDF已保存并校验
科技指标、论文与国际比较,科技创新政策与能力基线,C-NISTEP-RM313-19996ED2,2021-09-01,W2,新型コロナウイルス感染症対応が研究生産性に与える影響等に関する調査－博士人材データベース(JGRAD)におけるウェブアンケート調査－,机构正式研究,C:\Users\WINDOWS\OneDrive\知识库\智库信息爬虫\国际主要科技智库观点演变_研判\03_证据底稿\原文PDF\C-NISTEP-RM313-19996ED2.pdf,C:\Users\WINDOWS\OneDrive\知识库\智库信息爬虫\国际主要科技智库观点演变_研判\03_证据底稿\文本\C-NISTEP-RM313-19996ED2.txt,https://www.nistep.go.jp/archives/48312,官方PDF已保存并校验
科研体系、资助与研究基础,科技创新政策与能力基线,C-NISTEP-RM313-19996ED2,2021-09-01,W2,新型コロナウイルス感染症対応が研究生産性に与える影響等に関する調査－博士人材データベース(JGRAD)におけるウェブアンケート調査－,机构正式研究,C:\Users\WINDOWS\OneDrive\知识库\智库信息爬虫\国际主要科技智库观点演变_研判\03_证据底稿\原文PDF\C-NISTEP-RM313-19996ED2.pdf,C:\Users\WINDOWS\OneDrive\知识库\智库信息爬虫\国际主要科技智库观点演变_研判\03_证据底稿\文本\C-NISTEP-RM313-19996ED2.txt,https://www.nistep.go.jp/archives/48312,官方PDF已保存并校验
科技人才、博士与职业流动,科技创新政策与能力基线,C-NISTEP-RM313-19996ED2,2021-09-01,W2,新型コロナウイルス感染症対応が研究生産性に与える影響等に関する調査－博士人材データベース(JGRAD)におけるウェブアンケート調査－,机构正式研究,C:\Users\WINDOWS\OneDrive\知识库\智库信息爬虫\国际主要科技智库观点演变_研判\03_证据底稿\原文PDF\C-NISTEP-RM313-19996ED2.pdf,C:\Users\WINDOWS\OneDrive\知识库\智库信息爬虫\国际主要科技智库观点演变_研判\03_证据底稿\文本\C-NISTEP-RM313-19996ED2.txt,https://www.nistep.go.jp/archives/48312,官方PDF已保存并校验
企业研发、创新与产学合作,科技创新政策与能力基线,C-NISTEP-RM313-19996ED2,2021-09-01,W2,新型コロナウイルス感染症対応が研究生産性に与える影響等に関する調査－博士人材データベース(JGRAD)におけるウェブアンケート調査－,机构正式研究,C:\Users\WINDOWS\OneDrive\知识库\智库信息爬虫\国际主要科技智库观点演变_研判\03_证据底稿\原文PDF\C-NISTEP-RM313-19996ED2.pdf,C:\Users\WINDOWS\OneDrive\知识库\智库信息爬虫\国际主要科技智库观点演变_研判\03_证据底稿\文本\C-NISTEP-RM313-19996ED2.txt,https://www.nistep.go.jp/archives/48312,官方PDF已保存并校验
人工智能、数据与数字技术,科技创新政策与能力基线,C-NISTEP-NR192-27B519B1,2021-10-01,W2,全国イノベーション調査2020年調査統計報告,机构正式研究,C:\Users\WINDOWS\OneDrive\知识库\智库信息爬虫\国际主要科技智库观点演变_研判\03_证据底稿\原文PDF\C-NISTEP-NR192-27B519B1.pdf,C:\Users\WINDOWS\OneDrive\知识库\智库信息爬虫\国际主要科技智库观点演变_研判\03_证据底稿\文本\C-NISTEP-NR192-27B519B1.txt,http://hdl.handle.net/11035/00006707,官方PDF已保存并校验
关键技术、专利与产业竞争力,科技创新政策与能力基线,C-NISTEP-NR192-27B519B1,2021-10-01,W2,全国イノベーション調査2020年調査統計報告,机构正式研究,C:\Users\WINDOWS\OneDrive\知识库\智库信息爬虫\国际主要科技智库观点演变_研判\03_证据底稿\原文PDF\C-NISTEP-NR192-27B519B1.pdf,C:\Users\WINDOWS\OneDrive\知识库\智库信息爬虫\国际主要科技智库观点演变_研判\03_证据底稿\文本\C-NISTEP-NR192-27B519B1.txt,http://hdl.handle.net/11035/00006707,官方PDF已保存并校验
科技指标、论文与国际比较,科技创新政策与能力基线,C-NISTEP-NR192-27B519B1,2021-10-01,W2,全国イノベーション調査2020年調査統計報告,机构正式研究,C:\Users\WINDOWS\OneDrive\知识库\智库信息爬虫\国际主要科技智库观点演变_研判\03_证据底稿\原文PDF\C-NISTEP-NR192-27B519B1.pdf,C:\Users\WINDOWS\OneDrive\知识库\智库信息爬虫\国际主要科技智库观点演变_研判\03_证据底稿\文本\C-NISTEP-NR192-27B519B1.txt,http://hdl.handle.net/11035/00006707,官方PDF已保存并校验
科研体系、资助与研究基础,科技创新政策与能力基线,C-NISTEP-NR192-27B519B1,2021-10-01,W2,全国イノベーション調査2020年調査統計報告,机构正式研究,C:\Users\WINDOWS\OneDrive\知识库\智库信息爬虫\国际主要科技智库观点演变_研判\03_证据底稿\原文PDF\C-NISTEP-NR192-27B519B1.pdf,C:\Users\WINDOWS\OneDrive\知识库\智库信息爬虫\国际主要科技智库观点演变_研判\03_证据底稿\文本\C-NISTEP-NR192-27B519B1.txt,http://hdl.handle.net/11035/00006707,官方PDF已保存并校验
科技人才、博士与职业流动,科技创新政策与能力基线,C-NISTEP-NR192-27B519B1,2021-10-01,W2,全国イノベーション調査2020年調査統計報告,机构正式研究,C:\Users\WINDOWS\OneDrive\知识库\智库信息爬虫\国际主要科技智库观点演变_研判\03_证据底稿\原文PDF\C-NISTEP-NR192-27B519B1.pdf,C:\Users\WINDOWS\OneDrive\知识库\智库信息爬虫\国际主要科技智库观点演变_研判\03_证据底稿\文本\C-NISTEP-NR192-27B519B1.txt,http://hdl.handle.net/11035/00006707,官方PDF已保存并校验
企业研发、创新与产学合作,科技创新政策与能力基线,C-NISTEP-NR192-27B519B1,2021-10-01,W2,全国イノベーション調査2020年調査統計報告,机构正式研究,C:\Users\WINDOWS\OneDrive\知识库\智库信息爬虫\国际主要科技智库观点演变_研判\03_证据底稿\原文PDF\C-NISTEP-NR192-27B519B1.pdf,C:\Users\WINDOWS\OneDrive\知识库\智库信息爬虫\国际主要科技智库观点演变_研判\03_证据底稿\文本\C-NISTEP-NR192-27B519B1.txt,http://hdl.handle.net/11035/00006707,官方PDF已保存并校验
人工智能、数据与数字技术,科技创新政策与能力基线,C-NISTEP-RM314-4B6CEC4B,2021-10-01,W2,研究活動把握データベースを用いた研究活動の実態把握（研究室パネル調査2020）：基礎的な発見事実,机构正式研究,C:\Users\WINDOWS\OneDrive\知识库\智库信息爬虫\国际主要科技智库观点演变_研判\03_证据底稿\原文PDF\C-NISTEP-RM314-4B6CEC4B.pdf,C:\Users\WINDOWS\OneDrive\知识库\智库信息爬虫\国际主要科技智库观点演变_研判\03_证据底稿\文本\C-NISTEP-RM314-4B6CEC4B.txt,http://hdl.handle.net/11035/00006708,官方PDF已保存并校验
科研体系、资助与研究基础,科技创新政策与能力基线,C-NISTEP-RM314-4B6CEC4B,2021-10-01,W2,研究活動把握データベースを用いた研究活動の実態把握（研究室パネル調査2020）：基礎的な発見事実,机构正式研究,C:\Users\WINDOWS\OneDrive\知识库\智库信息爬虫\国际主要科技智库观点演变_研判\03_证据底稿\原文PDF\C-NISTEP-RM314-4B6CEC4B.pdf,C:\Users\WINDOWS\OneDrive\知识库\智库信息爬虫\国际主要科技智库观点演变_研判\03_证据底稿\文本\C-NISTEP-RM314-4B6CEC4B.txt,http://hdl.handle.net/11035/00006708,官方PDF已保存并校验
科技人才、博士与职业流动,科技创新政策与能力基线,C-NISTEP-RM314-4B6CEC4B,2021-10-01,W2,研究活動把握データベースを用いた研究活動の実態把握（研究室パネル調査2020）：基礎的な発見事実,机构正式研究,C:\Users\WINDOWS\OneDrive\知识库\智库信息爬虫\国际主要科技智库观点演变_研判\03_证据底稿\原文PDF\C-NISTEP-RM314-4B6CEC4B.pdf,C:\Users\WINDOWS\OneDrive\知识库\智库信息爬虫\国际主要科技智库观点演变_研判\03_证据底稿\文本\C-NISTEP-RM314-4B6CEC4B.txt,http://hdl.handle.net/11035/00006708,官方PDF已保存并校验
企业研发、创新与产学合作,科技创新政策与能力基线,C-NISTEP-RM314-4B6CEC4B,2021-10-01,W2,研究活動把握データベースを用いた研究活動の実態把握（研究室パネル調査2020）：基礎的な発見事実,机构正式研究,C:\Users\WINDOWS\OneDrive\知识库\智库信息爬虫\国际主要科技智库观点演变_研判\03_证据底稿\原文PDF\C-NISTEP-RM314-4B6CEC4B.pdf,C:\Users\WINDOWS\OneDrive\知识库\智库信息爬虫\国际主要科技智库观点演变_研判\03_证据底稿\文本\C-NISTEP-RM314-4B6CEC4B.txt,http://hdl.handle.net/11035/00006708,官方PDF已保存并校验
科技前瞻、新兴议题与社会,科技创新政策与能力基线,C-NISTEP-RM314-4B6CEC4B,2021-10-01,W2,研究活動把握データベースを用いた研究活動の実態把握（研究室パネル調査2020）：基礎的な発見事実,机构正式研究,C:\Users\WINDOWS\OneDrive\知识库\智库信息爬虫\国际主要科技智库观点演变_研判\03_证据底稿\原文PDF\C-NISTEP-RM314-4B6CEC4B.pdf,C:\Users\WINDOWS\OneDrive\知识库\智库信息爬虫\国际主要科技智库观点演变_研判\03_证据底稿\文本\C-NISTEP-RM314-4B6CEC4B.txt,http://hdl.handle.net/11035/00006708,官方PDF已保存并校验
人工智能、数据与数字技术,科技创新政策与能力基线,C-NISTEP-RM315-6FD1C2A3,2021-10-01,W2,専門家が注目する科学技術に関するアンケート調査（NISTEP注目科学技術2020）,机构正式研究,C:\Users\WINDOWS\OneDrive\知识库\智库信息爬虫\国际主要科技智库观点演变_研判\03_证据底稿\网页文本\C-NISTEP-RM315-6FD1C2A3.txt,C:\Users\WINDOWS\OneDrive\知识库\智库信息爬虫\国际主要科技智库观点演变_研判\03_证据底稿\网页文本\C-NISTEP-RM315-6FD1C2A3.txt,http://hdl.handle.net/11035/00006709,官方仓储PDF代理全文已保存
关键技术、专利与产业竞争力,科技创新政策与能力基线,C-NISTEP-RM315-6FD1C2A3,2021-10-01,W2,専門家が注目する科学技術に関するアンケート調査（NISTEP注目科学技術2020）,机构正式研究,C:\Users\WINDOWS\OneDrive\知识库\智库信息爬虫\国际主要科技智库观点演变_研判\03_证据底稿\网页文本\C-NISTEP-RM315-6FD1C2A3.txt,C:\Users\WINDOWS\OneDrive\知识库\智库信息爬虫\国际主要科技智库观点演变_研判\03_证据底稿\网页文本\C-NISTEP-RM315-6FD1C2A3.txt,http://hdl.handle.net/11035/00006709,官方仓储PDF代理全文已保存
科技指标、论文与国际比较,科技创新政策与能力基线,C-NISTEP-RM315-6FD1C2A3,2021-10-01,W2,専門家が注目する科学技術に関するアンケート調査（NISTEP注目科学技術2020）,机构正式研究,C:\Users\WINDOWS\OneDrive\知识库\智库信息爬虫\国际主要科技智库观点演变_研判\03_证据底稿\网页文本\C-NISTEP-RM315-6FD1C2A3.txt,C:\Users\WINDOWS\OneDrive\知识库\智库信息爬虫\国际主要科技智库观点演变_研判\03_证据底稿\网页文本\C-NISTEP-RM315-6FD1C2A3.txt,http://hdl.handle.net/11035/00006709,官方仓储PDF代理全文已保存
科技前瞻、新兴议题与社会,科技创新政策与能力基线,C-NISTEP-RM315-6FD1C2A3,2021-10-01,W2,専門家が注目する科学技術に関するアンケート調査（NISTEP注目科学技術2020）,机构正式研究,C:\Users\WINDOWS\OneDrive\知识库\智库信息爬虫\国际主要科技智库观点演变_研判\03_证据底稿\网页文本\C-NISTEP-RM315-6FD1C2A3.txt,C:\Users\WINDOWS\OneDrive\知识库\智库信息爬虫\国际主要科技智库观点演变_研判\03_证据底稿\网页文本\C-NISTEP-RM315-6FD1C2A3.txt,http://hdl.handle.net/11035/00006709,官方仓储PDF代理全文已保存
人工智能、数据与数字技术,科技创新政策与能力基线,C-NISTEP-DP202-5FE1CEA4,2021-11-01,W2,我が国の大学の研究活動における国内・海外とのつながりに関する分析,作者讨论论文,C:\Users\WINDOWS\OneDrive\知识库\智库信息爬虫\国际主要科技智库观点演变_研判\03_证据底稿\网页文本\C-NISTEP-DP202-5FE1CEA4.txt,C:\Users\WINDOWS\OneDrive\知识库\智库信息爬虫\国际主要科技智库观点演变_研判\03_证据底稿\网页文本\C-NISTEP-DP202-5FE1CEA4.txt,https://hdl.handle.net/11035/00006710,官方仓储PDF代理全文已保存
科技指标、论文与国际比较,科技创新政策与能力基线,C-NISTEP-DP202-5FE1CEA4,2021-11-01,W2,我が国の大学の研究活動における国内・海外とのつながりに関する分析,作者讨论论文,C:\Users\WINDOWS\OneDrive\知识库\智库信息爬虫\国际主要科技智库观点演变_研判\03_证据底稿\网页文本\C-NISTEP-DP202-5FE1CEA4.txt,C:\Users\WINDOWS\OneDrive\知识库\智库信息爬虫\国际主要科技智库观点演变_研判\03_证据底稿\网页文本\C-NISTEP-DP202-5FE1CEA4.txt,https://hdl.handle.net/11035/00006710,官方仓储PDF代理全文已保存
科研体系、资助与研究基础,科技创新政策与能力基线,C-NISTEP-DP202-5FE1CEA4,2021-11-01,W2,我が国の大学の研究活動における国内・海外とのつながりに関する分析,作者讨论论文,C:\Users\WINDOWS\OneDrive\知识库\智库信息爬虫\国际主要科技智库观点演变_研判\03_证据底稿\网页文本\C-NISTEP-DP202-5FE1CEA4.txt,C:\Users\WINDOWS\OneDrive\知识库\智库信息爬虫\国际主要科技智库观点演变_研判\03_证据底稿\网页文本\C-NISTEP-DP202-5FE1CEA4.txt,https://hdl.handle.net/11035/00006710,官方仓储PDF代理全文已保存
科技人才、博士与职业流动,科技创新政策与能力基线,C-NISTEP-DP202-5FE1CEA4,2021-11-01,W2,我が国の大学の研究活動における国内・海外とのつながりに関する分析,作者讨论论文,C:\Users\WINDOWS\OneDrive\知识库\智库信息爬虫\国际主要科技智库观点演变_研判\03_证据底稿\网页文本\C-NISTEP-DP202-5FE1CEA4.txt,C:\Users\WINDOWS\OneDrive\知识库\智库信息爬虫\国际主要科技智库观点演变_研判\03_证据底稿\网页文本\C-NISTEP-DP202-5FE1CEA4.txt,https://hdl.handle.net/11035/00006710,官方仓储PDF代理全文已保存
企业研发、创新与产学合作,科技创新政策与能力基线,C-NISTEP-DP202-5FE1CEA4,2021-11-01,W2,我が国の大学の研究活動における国内・海外とのつながりに関する分析,作者讨论论文,C:\Users\WINDOWS\OneDrive\知识库\智库信息爬虫\国际主要科技智库观点演变_研判\03_证据底稿\网页文本\C-NISTEP-DP202-5FE1CEA4.txt,C:\Users\WINDOWS\OneDrive\知识库\智库信息爬虫\国际主要科技智库观点演变_研判\03_证据底稿\网页文本\C-NISTEP-DP202-5FE1CEA4.txt,https://hdl.handle.net/11035/00006710,官方仓储PDF代理全文已保存
科技前瞻、新兴议题与社会,科技创新政策与能力基线,C-NISTEP-DP202-5FE1CEA4,2021-11-01,W2,我が国の大学の研究活動における国内・海外とのつながりに関する分析,作者讨论论文,C:\Users\WINDOWS\OneDrive\知识库\智库信息爬虫\国际主要科技智库观点演变_研判\03_证据底稿\网页文本\C-NISTEP-DP202-5FE1CEA4.txt,C:\Users\WINDOWS\OneDrive\知识库\智库信息爬虫\国际主要科技智库观点演变_研判\03_证据底稿\网页文本\C-NISTEP-DP202-5FE1CEA4.txt,https://hdl.handle.net/11035/00006710,官方仓储PDF代理全文已保存
人工智能、数据与数字技术,科技创新政策与能力基线,C-NISTEP-RM316-AAE1F898,2021-11-01,W2,研究データ公開と論文のオープンアクセスに関する実態調査2020,机构正式研究,C:\Users\WINDOWS\OneDrive\知识库\智库信息爬虫\国际主要科技智库观点演变_研判\03_证据底稿\网页文本\C-NISTEP-RM316-AAE1F898.txt,C:\Users\WINDOWS\OneDrive\知识库\智库信息爬虫\国际主要科技智库观点演变_研判\03_证据底稿\网页文本\C-NISTEP-RM316-AAE1F898.txt,http://hdl.handle.net/11035/00006711,官方仓储PDF代理全文已保存
科技指标、论文与国际比较,科技创新政策与能力基线,C-NISTEP-RM316-AAE1F898,2021-11-01,W2,研究データ公開と論文のオープンアクセスに関する実態調査2020,机构正式研究,C:\Users\WINDOWS\OneDrive\知识库\智库信息爬虫\国际主要科技智库观点演变_研判\03_证据底稿\网页文本\C-NISTEP-RM316-AAE1F898.txt,C:\Users\WINDOWS\OneDrive\知识库\智库信息爬虫\国际主要科技智库观点演变_研判\03_证据底稿\网页文本\C-NISTEP-RM316-AAE1F898.txt,http://hdl.handle.net/11035/00006711,官方仓储PDF代理全文已保存
科研体系、资助与研究基础,科技创新政策与能力基线,C-NISTEP-RM316-AAE1F898,2021-11-01,W2,研究データ公開と論文のオープンアクセスに関する実態調査2020,机构正式研究,C:\Users\WINDOWS\OneDrive\知识库\智库信息爬虫\国际主要科技智库观点演变_研判\03_证据底稿\网页文本\C-NISTEP-RM316-AAE1F898.txt,C:\Users\WINDOWS\OneDrive\知识库\智库信息爬虫\国际主要科技智库观点演变_研判\03_证据底稿\网页文本\C-NISTEP-RM316-AAE1F898.txt,http://hdl.handle.net/11035/00006711,官方仓储PDF代理全文已保存
科技人才、博士与职业流动,科技创新政策与能力基线,C-NISTEP-RM316-AAE1F898,2021-11-01,W2,研究データ公開と論文のオープンアクセスに関する実態調査2020,机构正式研究,C:\Users\WINDOWS\OneDrive\知识库\智库信息爬虫\国际主要科技智库观点演变_研判\03_证据底稿\网页文本\C-NISTEP-RM316-AAE1F898.txt,C:\Users\WINDOWS\OneDrive\知识库\智库信息爬虫\国际主要科技智库观点演变_研判\03_证据底稿\网页文本\C-NISTEP-RM316-AAE1F898.txt,http://hdl.handle.net/11035/00006711,官方仓储PDF代理全文已保存
企业研发、创新与产学合作,科技创新政策与能力基线,C-NISTEP-RM316-AAE1F898,2021-11-01,W2,研究データ公開と論文のオープンアクセスに関する実態調査2020,机构正式研究,C:\Users\WINDOWS\OneDrive\知识库\智库信息爬虫\国际主要科技智库观点演变_研判\03_证据底稿\网页文本\C-NISTEP-RM316-AAE1F898.txt,C:\Users\WINDOWS\OneDrive\知识库\智库信息爬虫\国际主要科技智库观点演变_研判\03_证据底稿\网页文本\C-NISTEP-RM316-AAE1F898.txt,http://hdl.handle.net/11035/00006711,官方仓储PDF代理全文已保存
开放科学、研究诚信与治理,科技创新政策与能力基线,C-NISTEP-RM316-AAE1F898,2021-11-01,W2,研究データ公開と論文のオープンアクセスに関する実態調査2020,机构正式研究,C:\Users\WINDOWS\OneDrive\知识库\智库信息爬虫\国际主要科技智库观点演变_研判\03_证据底稿\网页文本\C-NISTEP-RM316-AAE1F898.txt,C:\Users\WINDOWS\OneDrive\知识库\智库信息爬虫\国际主要科技智库观点演变_研判\03_证据底稿\网页文本\C-NISTEP-RM316-AAE1F898.txt,http://hdl.handle.net/11035/00006711,官方仓储PDF代理全文已保存
人工智能、数据与数字技术,科技创新政策与能力基线,C-NISTEP-DP203-8D0ED0D2,2021-12-01,W2,英国における公的資金研究成果の試行的分析:多様な観点からの研究成果の実態把握,作者讨论论文,C:\Users\WINDOWS\OneDrive\知识库\智库信息爬虫\国际主要科技智库观点演变_研判\03_证据底稿\网页文本\C-NISTEP-DP203-8D0ED0D2.txt,C:\Users\WINDOWS\OneDrive\知识库\智库信息爬虫\国际主要科技智库观点演变_研判\03_证据底稿\网页文本\C-NISTEP-DP203-8D0ED0D2.txt,https://hdl.handle.net/11035/00006713,官方发布页摘要已保存
科技指标、论文与国际比较,科技创新政策与能力基线,C-NISTEP-DP203-8D0ED0D2,2021-12-01,W2,英国における公的資金研究成果の試行的分析:多様な観点からの研究成果の実態把握,作者讨论论文,C:\Users\WINDOWS\OneDrive\知识库\智库信息爬虫\国际主要科技智库观点演变_研判\03_证据底稿\网页文本\C-NISTEP-DP203-8D0ED0D2.txt,C:\Users\WINDOWS\OneDrive\知识库\智库信息爬虫\国际主要科技智库观点演变_研判\03_证据底稿\网页文本\C-NISTEP-DP203-8D0ED0D2.txt,https://hdl.handle.net/11035/00006713,官方发布页摘要已保存
科研体系、资助与研究基础,科技创新政策与能力基线,C-NISTEP-DP203-8D0ED0D2,2021-12-01,W2,英国における公的資金研究成果の試行的分析:多様な観点からの研究成果の実態把握,作者讨论论文,C:\Users\WINDOWS\OneDrive\知识库\智库信息爬虫\国际主要科技智库观点演变_研判\03_证据底稿\网页文本\C-NISTEP-DP203-8D0ED0D2.txt,C:\Users\WINDOWS\OneDrive\知识库\智库信息爬虫\国际主要科技智库观点演变_研判\03_证据底稿\网页文本\C-NISTEP-DP203-8D0ED0D2.txt,https://hdl.handle.net/11035/00006713,官方发布页摘要已保存
科技人才、博士与职业流动,科技创新政策与能力基线,C-NISTEP-DP203-8D0ED0D2,2021-12-01,W2,英国における公的資金研究成果の試行的分析:多様な観点からの研究成果の実態把握,作者讨论论文,C:\Users\WINDOWS\OneDrive\知识库\智库信息爬虫\国际主要科技智库观点演变_研判\03_证据底稿\网页文本\C-NISTEP-DP203-8D0ED0D2.txt,C:\Users\WINDOWS\OneDrive\知识库\智库信息爬虫\国际主要科技智库观点演变_研判\03_证据底稿\网页文本\C-NISTEP-DP203-8D0ED0D2.txt,https://hdl.handle.net/11035/00006713,官方发布页摘要已保存
企业研发、创新与产学合作,科技创新政策与能力基线,C-NISTEP-DP203-8D0ED0D2,2021-12-01,W2,英国における公的資金研究成果の試行的分析:多様な観点からの研究成果の実態把握,作者讨论论文,C:\Users\WINDOWS\OneDrive\知识库\智库信息爬虫\国际主要科技智库观点演变_研判\03_证据底稿\网页文本\C-NISTEP-DP203-8D0ED0D2.txt,C:\Users\WINDOWS\OneDrive\知识库\智库信息爬虫\国际主要科技智库观点演变_研判\03_证据底稿\网页文本\C-NISTEP-DP203-8D0ED0D2.txt,https://hdl.handle.net/11035/00006713,官方发布页摘要已保存
科技前瞻、新兴议题与社会,科技创新政策与能力基线,C-NISTEP-DP203-8D0ED0D2,2021-12-01,W2,英国における公的資金研究成果の試行的分析:多様な観点からの研究成果の実態把握,作者讨论论文,C:\Users\WINDOWS\OneDrive\知识库\智库信息爬虫\国际主要科技智库观点演变_研判\03_证据底稿\网页文本\C-NISTEP-DP203-8D0ED0D2.txt,C:\Users\WINDOWS\OneDrive\知识库\智库信息爬虫\国际主要科技智库观点演变_研判\03_证据底稿\网页文本\C-NISTEP-DP203-8D0ED0D2.txt,https://hdl.handle.net/11035/00006713,官方发布页摘要已保存
人工智能、数据与数字技术,科技创新政策与能力基线,C-NISTEP-DP204-45D79259,2022-01-01,W3,新型コロナウイルス感染症による日本の大学における研究活動への影響,作者讨论论文,C:\Users\WINDOWS\OneDrive\知识库\智库信息爬虫\国际主要科技智库观点演变_研判\03_证据底稿\网页文本\C-NISTEP-DP204-45D79259.txt,C:\Users\WINDOWS\OneDrive\知识库\智库信息爬虫\国际主要科技智库观点演变_研判\03_证据底稿\网页文本\C-NISTEP-DP204-45D79259.txt,http://hdl.handle.net/11035/00006715,官方仓储PDF代理全文已保存
科技指标、论文与国际比较,科技创新政策与能力基线,C-NISTEP-DP204-45D79259,2022-01-01,W3,新型コロナウイルス感染症による日本の大学における研究活動への影響,作者讨论论文,C:\Users\WINDOWS\OneDrive\知识库\智库信息爬虫\国际主要科技智库观点演变_研判\03_证据底稿\网页文本\C-NISTEP-DP204-45D79259.txt,C:\Users\WINDOWS\OneDrive\知识库\智库信息爬虫\国际主要科技智库观点演变_研判\03_证据底稿\网页文本\C-NISTEP-DP204-45D79259.txt,http://hdl.handle.net/11035/00006715,官方仓储PDF代理全文已保存
科研体系、资助与研究基础,科技创新政策与能力基线,C-NISTEP-DP204-45D79259,2022-01-01,W3,新型コロナウイルス感染症による日本の大学における研究活動への影響,作者讨论论文,C:\Users\WINDOWS\OneDrive\知识库\智库信息爬虫\国际主要科技智库观点演变_研判\03_证据底稿\网页文本\C-NISTEP-DP204-45D79259.txt,C:\Users\WINDOWS\OneDrive\知识库\智库信息爬虫\国际主要科技智库观点演变_研判\03_证据底稿\网页文本\C-NISTEP-DP204-45D79259.txt,http://hdl.handle.net/11035/00006715,官方仓储PDF代理全文已保存
科技人才、博士与职业流动,科技创新政策与能力基线,C-NISTEP-DP204-45D79259,2022-01-01,W3,新型コロナウイルス感染症による日本の大学における研究活動への影響,作者讨论论文,C:\Users\WINDOWS\OneDrive\知识库\智库信息爬虫\国际主要科技智库观点演变_研判\03_证据底稿\网页文本\C-NISTEP-DP204-45D79259.txt,C:\Users\WINDOWS\OneDrive\知识库\智库信息爬虫\国际主要科技智库观点演变_研判\03_证据底稿\网页文本\C-NISTEP-DP204-45D79259.txt,http://hdl.handle.net/11035/00006715,官方仓储PDF代理全文已保存
企业研发、创新与产学合作,科技创新政策与能力基线,C-NISTEP-DP204-45D79259,2022-01-01,W3,新型コロナウイルス感染症による日本の大学における研究活動への影響,作者讨论论文,C:\Users\WINDOWS\OneDrive\知识库\智库信息爬虫\国际主要科技智库观点演变_研判\03_证据底稿\网页文本\C-NISTEP-DP204-45D79259.txt,C:\Users\WINDOWS\OneDrive\知识库\智库信息爬虫\国际主要科技智库观点演变_研判\03_证据底稿\网页文本\C-NISTEP-DP204-45D79259.txt,http://hdl.handle.net/11035/00006715,官方仓储PDF代理全文已保存
科技前瞻、新兴议题与社会,科技创新政策与能力基线,C-NISTEP-DP204-45D79259,2022-01-01,W3,新型コロナウイルス感染症による日本の大学における研究活動への影響,作者讨论论文,C:\Users\WINDOWS\OneDrive\知识库\智库信息爬虫\国际主要科技智库观点演变_研判\03_证据底稿\网页文本\C-NISTEP-DP204-45D79259.txt,C:\Users\WINDOWS\OneDrive\知识库\智库信息爬虫\国际主要科技智库观点演变_研判\03_证据底稿\网页文本\C-NISTEP-DP204-45D79259.txt,http://hdl.handle.net/11035/00006715,官方仓储PDF代理全文已保存
人工智能、数据与数字技术,科技创新政策与能力基线,C-NISTEP-RM317-05A78F25,2022-01-01,W3,博士人材追跡調査－第4次報告書－,机构正式研究,C:\Users\WINDOWS\OneDrive\知识库\智库信息爬虫\国际主要科技智库观点演变_研判\03_证据底稿\原文PDF\C-NISTEP-RM317-05A78F25.pdf,C:\Users\WINDOWS\OneDrive\知识库\智库信息爬虫\国际主要科技智库观点演变_研判\03_证据底稿\文本\C-NISTEP-RM317-05A78F25.txt,http://hdl.handle.net/11035/00006716,官方PDF已保存并校验
科技指标、论文与国际比较,科技创新政策与能力基线,C-NISTEP-RM317-05A78F25,2022-01-01,W3,博士人材追跡調査－第4次報告書－,机构正式研究,C:\Users\WINDOWS\OneDrive\知识库\智库信息爬虫\国际主要科技智库观点演变_研判\03_证据底稿\原文PDF\C-NISTEP-RM317-05A78F25.pdf,C:\Users\WINDOWS\OneDrive\知识库\智库信息爬虫\国际主要科技智库观点演变_研判\03_证据底稿\文本\C-NISTEP-RM317-05A78F25.txt,http://hdl.handle.net/11035/00006716,官方PDF已保存并校验
科研体系、资助与研究基础,科技创新政策与能力基线,C-NISTEP-RM317-05A78F25,2022-01-01,W3,博士人材追跡調査－第4次報告書－,机构正式研究,C:\Users\WINDOWS\OneDrive\知识库\智库信息爬虫\国际主要科技智库观点演变_研判\03_证据底稿\原文PDF\C-NISTEP-RM317-05A78F25.pdf,C:\Users\WINDOWS\OneDrive\知识库\智库信息爬虫\国际主要科技智库观点演变_研判\03_证据底稿\文本\C-NISTEP-RM317-05A78F25.txt,http://hdl.handle.net/11035/00006716,官方PDF已保存并校验
科技人才、博士与职业流动,科技创新政策与能力基线,C-NISTEP-RM317-05A78F25,2022-01-01,W3,博士人材追跡調査－第4次報告書－,机构正式研究,C:\Users\WINDOWS\OneDrive\知识库\智库信息爬虫\国际主要科技智库观点演变_研判\03_证据底稿\原文PDF\C-NISTEP-RM317-05A78F25.pdf,C:\Users\WINDOWS\OneDrive\知识库\智库信息爬虫\国际主要科技智库观点演变_研判\03_证据底稿\文本\C-NISTEP-RM317-05A78F25.txt,http://hdl.handle.net/11035/00006716,官方PDF已保存并校验
企业研发、创新与产学合作,科技创新政策与能力基线,C-NISTEP-RM317-05A78F25,2022-01-01,W3,博士人材追跡調査－第4次報告書－,机构正式研究,C:\Users\WINDOWS\OneDrive\知识库\智库信息爬虫\国际主要科技智库观点演变_研判\03_证据底稿\原文PDF\C-NISTEP-RM317-05A78F25.pdf,C:\Users\WINDOWS\OneDrive\知识库\智库信息爬虫\国际主要科技智库观点演变_研判\03_证据底稿\文本\C-NISTEP-RM317-05A78F25.txt,http://hdl.handle.net/11035/00006716,官方PDF已保存并校验
人工智能、数据与数字技术,科技创新政策与能力基线,C-NISTEP-DP205-BB5FC170,2022-03-01,W3,科学技術に関する国民意識調査－DXについて－,作者讨论论文,C:\Users\WINDOWS\OneDrive\知识库\智库信息爬虫\国际主要科技智库观点演变_研判\03_证据底稿\原文PDF\C-NISTEP-DP205-BB5FC170.pdf,C:\Users\WINDOWS\OneDrive\知识库\智库信息爬虫\国际主要科技智库观点演变_研判\03_证据底稿\文本\C-NISTEP-DP205-BB5FC170.txt,http://hdl.handle.net/11035/00006717,官方PDF已保存并校验
科技指标、论文与国际比较,科技创新政策与能力基线,C-NISTEP-DP205-BB5FC170,2022-03-01,W3,科学技術に関する国民意識調査－DXについて－,作者讨论论文,C:\Users\WINDOWS\OneDrive\知识库\智库信息爬虫\国际主要科技智库观点演变_研判\03_证据底稿\原文PDF\C-NISTEP-DP205-BB5FC170.pdf,C:\Users\WINDOWS\OneDrive\知识库\智库信息爬虫\国际主要科技智库观点演变_研判\03_证据底稿\文本\C-NISTEP-DP205-BB5FC170.txt,http://hdl.handle.net/11035/00006717,官方PDF已保存并校验
科研体系、资助与研究基础,科技创新政策与能力基线,C-NISTEP-DP205-BB5FC170,2022-03-01,W3,科学技術に関する国民意識調査－DXについて－,作者讨论论文,C:\Users\WINDOWS\OneDrive\知识库\智库信息爬虫\国际主要科技智库观点演变_研判\03_证据底稿\原文PDF\C-NISTEP-DP205-BB5FC170.pdf,C:\Users\WINDOWS\OneDrive\知识库\智库信息爬虫\国际主要科技智库观点演变_研判\03_证据底稿\文本\C-NISTEP-DP205-BB5FC170.txt,http://hdl.handle.net/11035/00006717,官方PDF已保存并校验
企业研发、创新与产学合作,科技创新政策与能力基线,C-NISTEP-DP205-BB5FC170,2022-03-01,W3,科学技術に関する国民意識調査－DXについて－,作者讨论论文,C:\Users\WINDOWS\OneDrive\知识库\智库信息爬虫\国际主要科技智库观点演变_研判\03_证据底稿\原文PDF\C-NISTEP-DP205-BB5FC170.pdf,C:\Users\WINDOWS\OneDrive\知识库\智库信息爬虫\国际主要科技智库观点演变_研判\03_证据底稿\文本\C-NISTEP-DP205-BB5FC170.txt,http://hdl.handle.net/11035/00006717,官方PDF已保存并校验
人工智能、数据与数字技术,科技创新政策与能力基线,C-NISTEP-DP207-514F767C,2022-03-01,W3,社会人経験のある博士課程学生のアウトカム キャリア選択、知識生産に差はあるのか,作者讨论论文,C:\Users\WINDOWS\OneDrive\知识库\智库信息爬虫\国际主要科技智库观点演变_研判\03_证据底稿\原文PDF\C-NISTEP-DP207-514F767C.pdf,C:\Users\WINDOWS\OneDrive\知识库\智库信息爬虫\国际主要科技智库观点演变_研判\03_证据底稿\文本\C-NISTEP-DP207-514F767C.txt,http://hdl.handle.net/11035/00006722,官方PDF已保存并校验
关键技术、专利与产业竞争力,科技创新政策与能力基线,C-NISTEP-DP207-514F767C,2022-03-01,W3,社会人経験のある博士課程学生のアウトカム キャリア選択、知識生産に差はあるのか,作者讨论论文,C:\Users\WINDOWS\OneDrive\知识库\智库信息爬虫\国际主要科技智库观点演变_研判\03_证据底稿\原文PDF\C-NISTEP-DP207-514F767C.pdf,C:\Users\WINDOWS\OneDrive\知识库\智库信息爬虫\国际主要科技智库观点演变_研判\03_证据底稿\文本\C-NISTEP-DP207-514F767C.txt,http://hdl.handle.net/11035/00006722,官方PDF已保存并校验
科技指标、论文与国际比较,科技创新政策与能力基线,C-NISTEP-DP207-514F767C,2022-03-01,W3,社会人経験のある博士課程学生のアウトカム キャリア選択、知識生産に差はあるのか,作者讨论论文,C:\Users\WINDOWS\OneDrive\知识库\智库信息爬虫\国际主要科技智库观点演变_研判\03_证据底稿\原文PDF\C-NISTEP-DP207-514F767C.pdf,C:\Users\WINDOWS\OneDrive\知识库\智库信息爬虫\国际主要科技智库观点演变_研判\03_证据底稿\文本\C-NISTEP-DP207-514F767C.txt,http://hdl.handle.net/11035/00006722,官方PDF已保存并校验
科研体系、资助与研究基础,科技创新政策与能力基线,C-NISTEP-DP207-514F767C,2022-03-01,W3,社会人経験のある博士課程学生のアウトカム キャリア選択、知識生産に差はあるのか,作者讨论论文,C:\Users\WINDOWS\OneDrive\知识库\智库信息爬虫\国际主要科技智库观点演变_研判\03_证据底稿\原文PDF\C-NISTEP-DP207-514F767C.pdf,C:\Users\WINDOWS\OneDrive\知识库\智库信息爬虫\国际主要科技智库观点演变_研判\03_证据底稿\文本\C-NISTEP-DP207-514F767C.txt,http://hdl.handle.net/11035/00006722,官方PDF已保存并校验
科技人才、博士与职业流动,科技创新政策与能力基线,C-NISTEP-DP207-514F767C,2022-03-01,W3,社会人経験のある博士課程学生のアウトカム キャリア選択、知識生産に差はあるのか,作者讨论论文,C:\Users\WINDOWS\OneDrive\知识库\智库信息爬虫\国际主要科技智库观点演变_研判\03_证据底稿\原文PDF\C-NISTEP-DP207-514F767C.pdf,C:\Users\WINDOWS\OneDrive\知识库\智库信息爬虫\国际主要科技智库观点演变_研判\03_证据底稿\文本\C-NISTEP-DP207-514F767C.txt,http://hdl.handle.net/11035/00006722,官方PDF已保存并校验
企业研发、创新与产学合作,科技创新政策与能力基线,C-NISTEP-DP207-514F767C,2022-03-01,W3,社会人経験のある博士課程学生のアウトカム キャリア選択、知識生産に差はあるのか,作者讨论论文,C:\Users\WINDOWS\OneDrive\知识库\智库信息爬虫\国际主要科技智库观点演变_研判\03_证据底稿\原文PDF\C-NISTEP-DP207-514F767C.pdf,C:\Users\WINDOWS\OneDrive\知识库\智库信息爬虫\国际主要科技智库观点演变_研判\03_证据底稿\文本\C-NISTEP-DP207-514F767C.txt,http://hdl.handle.net/11035/00006722,官方PDF已保存并校验
科技前瞻、新兴议题与社会,科技创新政策与能力基线,C-NISTEP-DP207-514F767C,2022-03-01,W3,社会人経験のある博士課程学生のアウトカム キャリア選択、知識生産に差はあるのか,作者讨论论文,C:\Users\WINDOWS\OneDrive\知识库\智库信息爬虫\国际主要科技智库观点演变_研判\03_证据底稿\原文PDF\C-NISTEP-DP207-514F767C.pdf,C:\Users\WINDOWS\OneDrive\知识库\智库信息爬虫\国际主要科技智库观点演变_研判\03_证据底稿\文本\C-NISTEP-DP207-514F767C.txt,http://hdl.handle.net/11035/00006722,官方PDF已保存并校验
人工智能、数据与数字技术,科技创新政策与能力基线,C-NISTEP-DP206-D78439C0,2022-04-01,W3,オープンアクセスを巡る日本の大学の研究者の現状：政策動向の概観とNISTEP定点調査2020から導く政策的示唆,作者讨论论文,C:\Users\WINDOWS\OneDrive\知识库\智库信息爬虫\国际主要科技智库观点演变_研判\03_证据底稿\网页文本\C-NISTEP-DP206-D78439C0.txt,C:\Users\WINDOWS\OneDrive\知识库\智库信息爬虫\国际主要科技智库观点演变_研判\03_证据底稿\网页文本\C-NISTEP-DP206-D78439C0.txt,http://hdl.handle.net/11035/00006721,官方仓储PDF代理全文已保存
科技指标、论文与国际比较,科技创新政策与能力基线,C-NISTEP-DP206-D78439C0,2022-04-01,W3,オープンアクセスを巡る日本の大学の研究者の現状：政策動向の概観とNISTEP定点調査2020から導く政策的示唆,作者讨论论文,C:\Users\WINDOWS\OneDrive\知识库\智库信息爬虫\国际主要科技智库观点演变_研判\03_证据底稿\网页文本\C-NISTEP-DP206-D78439C0.txt,C:\Users\WINDOWS\OneDrive\知识库\智库信息爬虫\国际主要科技智库观点演变_研判\03_证据底稿\网页文本\C-NISTEP-DP206-D78439C0.txt,http://hdl.handle.net/11035/00006721,官方仓储PDF代理全文已保存
科研体系、资助与研究基础,科技创新政策与能力基线,C-NISTEP-DP206-D78439C0,2022-04-01,W3,オープンアクセスを巡る日本の大学の研究者の現状：政策動向の概観とNISTEP定点調査2020から導く政策的示唆,作者讨论论文,C:\Users\WINDOWS\OneDrive\知识库\智库信息爬虫\国际主要科技智库观点演变_研判\03_证据底稿\网页文本\C-NISTEP-DP206-D78439C0.txt,C:\Users\WINDOWS\OneDrive\知识库\智库信息爬虫\国际主要科技智库观点演变_研判\03_证据底稿\网页文本\C-NISTEP-DP206-D78439C0.txt,http://hdl.handle.net/11035/00006721,官方仓储PDF代理全文已保存
科技人才、博士与职业流动,科技创新政策与能力基线,C-NISTEP-DP206-D78439C0,2022-04-01,W3,オープンアクセスを巡る日本の大学の研究者の現状：政策動向の概観とNISTEP定点調査2020から導く政策的示唆,作者讨论论文,C:\Users\WINDOWS\OneDrive\知识库\智库信息爬虫\国际主要科技智库观点演变_研判\03_证据底稿\网页文本\C-NISTEP-DP206-D78439C0.txt,C:\Users\WINDOWS\OneDrive\知识库\智库信息爬虫\国际主要科技智库观点演变_研判\03_证据底稿\网页文本\C-NISTEP-DP206-D78439C0.txt,http://hdl.handle.net/11035/00006721,官方仓储PDF代理全文已保存
科技前瞻、新兴议题与社会,科技创新政策与能力基线,C-NISTEP-DP206-D78439C0,2022-04-01,W3,オープンアクセスを巡る日本の大学の研究者の現状：政策動向の概観とNISTEP定点調査2020から導く政策的示唆,作者讨论论文,C:\Users\WINDOWS\OneDrive\知识库\智库信息爬虫\国际主要科技智库观点演变_研判\03_证据底稿\网页文本\C-NISTEP-DP206-D78439C0.txt,C:\Users\WINDOWS\OneDrive\知识库\智库信息爬虫\国际主要科技智库观点演变_研判\03_证据底稿\网页文本\C-NISTEP-DP206-D78439C0.txt,http://hdl.handle.net/11035/00006721,官方仓储PDF代理全文已保存
开放科学、研究诚信与治理,科技创新政策与能力基线,C-NISTEP-DP206-D78439C0,2022-04-01,W3,オープンアクセスを巡る日本の大学の研究者の現状：政策動向の概観とNISTEP定点調査2020から導く政策的示唆,作者讨论论文,C:\Users\WINDOWS\OneDrive\知识库\智库信息爬虫\国际主要科技智库观点演变_研判\03_证据底稿\网页文本\C-NISTEP-DP206-D78439C0.txt,C:\Users\WINDOWS\OneDrive\知识库\智库信息爬虫\国际主要科技智库观点演变_研判\03_证据底稿\网页文本\C-NISTEP-DP206-D78439C0.txt,http://hdl.handle.net/11035/00006721,官方仓储PDF代理全文已保存
人工智能、数据与数字技术,科技创新政策与能力基线,C-NISTEP-DP208-B0342517,2022-06-01,W3,我が国の大学の研究活動における研究マネジメントの状況に関する分析,作者讨论论文,C:\Users\WINDOWS\OneDrive\知识库\智库信息爬虫\国际主要科技智库观点演变_研判\03_证据底稿\网页文本\C-NISTEP-DP208-B0342517.txt,C:\Users\WINDOWS\OneDrive\知识库\智库信息爬虫\国际主要科技智库观点演变_研判\03_证据底稿\网页文本\C-NISTEP-DP208-B0342517.txt,http://hdl.handle.net/11035/00006723,官方仓储PDF代理全文已保存
科技指标、论文与国际比较,科技创新政策与能力基线,C-NISTEP-DP208-B0342517,2022-06-01,W3,我が国の大学の研究活動における研究マネジメントの状況に関する分析,作者讨论论文,C:\Users\WINDOWS\OneDrive\知识库\智库信息爬虫\国际主要科技智库观点演变_研判\03_证据底稿\网页文本\C-NISTEP-DP208-B0342517.txt,C:\Users\WINDOWS\OneDrive\知识库\智库信息爬虫\国际主要科技智库观点演变_研判\03_证据底稿\网页文本\C-NISTEP-DP208-B0342517.txt,http://hdl.handle.net/11035/00006723,官方仓储PDF代理全文已保存
科研体系、资助与研究基础,科技创新政策与能力基线,C-NISTEP-DP208-B0342517,2022-06-01,W3,我が国の大学の研究活動における研究マネジメントの状況に関する分析,作者讨论论文,C:\Users\WINDOWS\OneDrive\知识库\智库信息爬虫\国际主要科技智库观点演变_研判\03_证据底稿\网页文本\C-NISTEP-DP208-B0342517.txt,C:\Users\WINDOWS\OneDrive\知识库\智库信息爬虫\国际主要科技智库观点演变_研判\03_证据底稿\网页文本\C-NISTEP-DP208-B0342517.txt,http://hdl.handle.net/11035/00006723,官方仓储PDF代理全文已保存
科技人才、博士与职业流动,科技创新政策与能力基线,C-NISTEP-DP208-B0342517,2022-06-01,W3,我が国の大学の研究活動における研究マネジメントの状況に関する分析,作者讨论论文,C:\Users\WINDOWS\OneDrive\知识库\智库信息爬虫\国际主要科技智库观点演变_研判\03_证据底稿\网页文本\C-NISTEP-DP208-B0342517.txt,C:\Users\WINDOWS\OneDrive\知识库\智库信息爬虫\国际主要科技智库观点演变_研判\03_证据底稿\网页文本\C-NISTEP-DP208-B0342517.txt,http://hdl.handle.net/11035/00006723,官方仓储PDF代理全文已保存
企业研发、创新与产学合作,科技创新政策与能力基线,C-NISTEP-DP208-B0342517,2022-06-01,W3,我が国の大学の研究活動における研究マネジメントの状況に関する分析,作者讨论论文,C:\Users\WINDOWS\OneDrive\知识库\智库信息爬虫\国际主要科技智库观点演变_研判\03_证据底稿\网页文本\C-NISTEP-DP208-B0342517.txt,C:\Users\WINDOWS\OneDrive\知识库\智库信息爬虫\国际主要科技智库观点演变_研判\03_证据底稿\网页文本\C-NISTEP-DP208-B0342517.txt,http://hdl.handle.net/11035/00006723,官方仓储PDF代理全文已保存
科技前瞻、新兴议题与社会,科技创新政策与能力基线,C-NISTEP-DP208-B0342517,2022-06-01,W3,我が国の大学の研究活動における研究マネジメントの状況に関する分析,作者讨论论文,C:\Users\WINDOWS\OneDrive\知识库\智库信息爬虫\国际主要科技智库观点演变_研判\03_证据底稿\网页文本\C-NISTEP-DP208-B0342517.txt,C:\Users\WINDOWS\OneDrive\知识库\智库信息爬虫\国际主要科技智库观点演变_研判\03_证据底稿\网页文本\C-NISTEP-DP208-B0342517.txt,http://hdl.handle.net/11035/00006723,官方仓储PDF代理全文已保存
科研体系、资助与研究基础,科技创新政策与能力基线,C-NISTEP-DP209-CDF0F8F7,2022-06-01,W3,The Effect of Staged Project Management on Product Innovation: Evidence from a Firm Survey （ステージ型プロジェクト管理がプロダクト・イノベーションの実現に及ぼす影響：企業向け設問調査に基づく定量分析）,作者讨论论文,C:\Users\WINDOWS\OneDrive\知识库\智库信息爬虫\国际主要科技智库观点演变_研判\03_证据底稿\网页文本\C-NISTEP-DP209-CDF0F8F7.txt,C:\Users\WINDOWS\OneDrive\知识库\智库信息爬虫\国际主要科技智库观点演变_研判\03_证据底稿\网页文本\C-NISTEP-DP209-CDF0F8F7.txt,http://hdl.handle.net/11035/00006726,官方仓储PDF代理全文已保存
企业研发、创新与产学合作,科技创新政策与能力基线,C-NISTEP-DP209-CDF0F8F7,2022-06-01,W3,The Effect of Staged Project Management on Product Innovation: Evidence from a Firm Survey （ステージ型プロジェクト管理がプロダクト・イノベーションの実現に及ぼす影響：企業向け設問調査に基づく定量分析）,作者讨论论文,C:\Users\WINDOWS\OneDrive\知识库\智库信息爬虫\国际主要科技智库观点演变_研判\03_证据底稿\网页文本\C-NISTEP-DP209-CDF0F8F7.txt,C:\Users\WINDOWS\OneDrive\知识库\智库信息爬虫\国际主要科技智库观点演变_研判\03_证据底稿\网页文本\C-NISTEP-DP209-CDF0F8F7.txt,http://hdl.handle.net/11035/00006726,官方仓储PDF代理全文已保存
关键技术、专利与产业竞争力,科技创新政策与能力基线,C-NISTEP-NR193-15E2CFBF,2022-06-01,W3,民間企業の研究活動に関する調査報告2021,机构正式研究,C:\Users\WINDOWS\OneDrive\知识库\智库信息爬虫\国际主要科技智库观点演变_研判\03_证据底稿\网页文本\C-NISTEP-NR193-15E2CFBF.txt,C:\Users\WINDOWS\OneDrive\知识库\智库信息爬虫\国际主要科技智库观点演变_研判\03_证据底稿\网页文本\C-NISTEP-NR193-15E2CFBF.txt,http://hdl.handle.net/11035/00006724,官方仓储PDF代理全文已保存
科技指标、论文与国际比较,科技创新政策与能力基线,C-NISTEP-NR193-15E2CFBF,2022-06-01,W3,民間企業の研究活動に関する調査報告2021,机构正式研究,C:\Users\WINDOWS\OneDrive\知识库\智库信息爬虫\国际主要科技智库观点演变_研判\03_证据底稿\网页文本\C-NISTEP-NR193-15E2CFBF.txt,C:\Users\WINDOWS\OneDrive\知识库\智库信息爬虫\国际主要科技智库观点演变_研判\03_证据底稿\网页文本\C-NISTEP-NR193-15E2CFBF.txt,http://hdl.handle.net/11035/00006724,官方仓储PDF代理全文已保存
科研体系、资助与研究基础,科技创新政策与能力基线,C-NISTEP-NR193-15E2CFBF,2022-06-01,W3,民間企業の研究活動に関する調査報告2021,机构正式研究,C:\Users\WINDOWS\OneDrive\知识库\智库信息爬虫\国际主要科技智库观点演变_研判\03_证据底稿\网页文本\C-NISTEP-NR193-15E2CFBF.txt,C:\Users\WINDOWS\OneDrive\知识库\智库信息爬虫\国际主要科技智库观点演变_研判\03_证据底稿\网页文本\C-NISTEP-NR193-15E2CFBF.txt,http://hdl.handle.net/11035/00006724,官方仓储PDF代理全文已保存
科技人才、博士与职业流动,科技创新政策与能力基线,C-NISTEP-NR193-15E2CFBF,2022-06-01,W3,民間企業の研究活動に関する調査報告2021,机构正式研究,C:\Users\WINDOWS\OneDrive\知识库\智库信息爬虫\国际主要科技智库观点演变_研判\03_证据底稿\网页文本\C-NISTEP-NR193-15E2CFBF.txt,C:\Users\WINDOWS\OneDrive\知识库\智库信息爬虫\国际主要科技智库观点演变_研判\03_证据底稿\网页文本\C-NISTEP-NR193-15E2CFBF.txt,http://hdl.handle.net/11035/00006724,官方仓储PDF代理全文已保存
企业研发、创新与产学合作,科技创新政策与能力基线,C-NISTEP-NR193-15E2CFBF,2022-06-01,W3,民間企業の研究活動に関する調査報告2021,机构正式研究,C:\Users\WINDOWS\OneDrive\知识库\智库信息爬虫\国际主要科技智库观点演变_研判\03_证据底稿\网页文本\C-NISTEP-NR193-15E2CFBF.txt,C:\Users\WINDOWS\OneDrive\知识库\智库信息爬虫\国际主要科技智库观点演变_研判\03_证据底稿\网页文本\C-NISTEP-NR193-15E2CFBF.txt,http://hdl.handle.net/11035/00006724,官方仓储PDF代理全文已保存
人工智能、数据与数字技术,科技创新政策与能力基线,C-NISTEP-DP210-DCC57D93,2022-07-01,W3,日本の産業におけるイノベーションの専有可能性と技術機会の変容;1994-2020,作者讨论论文,C:\Users\WINDOWS\OneDrive\知识库\智库信息爬虫\国际主要科技智库观点演变_研判\03_证据底稿\原文PDF\C-NISTEP-DP210-DCC57D93.pdf,C:\Users\WINDOWS\OneDrive\知识库\智库信息爬虫\国际主要科技智库观点演变_研判\03_证据底稿\文本\C-NISTEP-DP210-DCC57D93.txt,http://hdl.handle.net/11035/00006727,官方PDF已保存并校验
关键技术、专利与产业竞争力,科技创新政策与能力基线,C-NISTEP-DP210-DCC57D93,2022-07-01,W3,日本の産業におけるイノベーションの専有可能性と技術機会の変容;1994-2020,作者讨论论文,C:\Users\WINDOWS\OneDrive\知识库\智库信息爬虫\国际主要科技智库观点演变_研判\03_证据底稿\原文PDF\C-NISTEP-DP210-DCC57D93.pdf,C:\Users\WINDOWS\OneDrive\知识库\智库信息爬虫\国际主要科技智库观点演变_研判\03_证据底稿\文本\C-NISTEP-DP210-DCC57D93.txt,http://hdl.handle.net/11035/00006727,官方PDF已保存并校验
科技指标、论文与国际比较,科技创新政策与能力基线,C-NISTEP-DP210-DCC57D93,2022-07-01,W3,日本の産業におけるイノベーションの専有可能性と技術機会の変容;1994-2020,作者讨论论文,C:\Users\WINDOWS\OneDrive\知识库\智库信息爬虫\国际主要科技智库观点演变_研判\03_证据底稿\原文PDF\C-NISTEP-DP210-DCC57D93.pdf,C:\Users\WINDOWS\OneDrive\知识库\智库信息爬虫\国际主要科技智库观点演变_研判\03_证据底稿\文本\C-NISTEP-DP210-DCC57D93.txt,http://hdl.handle.net/11035/00006727,官方PDF已保存并校验
科研体系、资助与研究基础,科技创新政策与能力基线,C-NISTEP-DP210-DCC57D93,2022-07-01,W3,日本の産業におけるイノベーションの専有可能性と技術機会の変容;1994-2020,作者讨论论文,C:\Users\WINDOWS\OneDrive\知识库\智库信息爬虫\国际主要科技智库观点演变_研判\03_证据底稿\原文PDF\C-NISTEP-DP210-DCC57D93.pdf,C:\Users\WINDOWS\OneDrive\知识库\智库信息爬虫\国际主要科技智库观点演变_研判\03_证据底稿\文本\C-NISTEP-DP210-DCC57D93.txt,http://hdl.handle.net/11035/00006727,官方PDF已保存并校验
科技人才、博士与职业流动,科技创新政策与能力基线,C-NISTEP-DP210-DCC57D93,2022-07-01,W3,日本の産業におけるイノベーションの専有可能性と技術機会の変容;1994-2020,作者讨论论文,C:\Users\WINDOWS\OneDrive\知识库\智库信息爬虫\国际主要科技智库观点演变_研判\03_证据底稿\原文PDF\C-NISTEP-DP210-DCC57D93.pdf,C:\Users\WINDOWS\OneDrive\知识库\智库信息爬虫\国际主要科技智库观点演变_研判\03_证据底稿\文本\C-NISTEP-DP210-DCC57D93.txt,http://hdl.handle.net/11035/00006727,官方PDF已保存并校验
企业研发、创新与产学合作,科技创新政策与能力基线,C-NISTEP-DP210-DCC57D93,2022-07-01,W3,日本の産業におけるイノベーションの専有可能性と技術機会の変容;1994-2020,作者讨论论文,C:\Users\WINDOWS\OneDrive\知识库\智库信息爬虫\国际主要科技智库观点演变_研判\03_证据底稿\原文PDF\C-NISTEP-DP210-DCC57D93.pdf,C:\Users\WINDOWS\OneDrive\知识库\智库信息爬虫\国际主要科技智库观点演变_研判\03_证据底稿\文本\C-NISTEP-DP210-DCC57D93.txt,http://hdl.handle.net/11035/00006727,官方PDF已保存并校验
科技前瞻、新兴议题与社会,科技创新政策与能力基线,C-NISTEP-DP210-DCC57D93,2022-07-01,W3,日本の産業におけるイノベーションの専有可能性と技術機会の変容;1994-2020,作者讨论论文,C:\Users\WINDOWS\OneDrive\知识库\智库信息爬虫\国际主要科技智库观点演变_研判\03_证据底稿\原文PDF\C-NISTEP-DP210-DCC57D93.pdf,C:\Users\WINDOWS\OneDrive\知识库\智库信息爬虫\国际主要科技智库观点演变_研判\03_证据底稿\文本\C-NISTEP-DP210-DCC57D93.txt,http://hdl.handle.net/11035/00006727,官方PDF已保存并校验
中国科技能力与国际比较,科技创新政策与能力基线,C-NISTEP-DP210-DCC57D93,2022-07-01,W3,日本の産業におけるイノベーションの専有可能性と技術機会の変容;1994-2020,作者讨论论文,C:\Users\WINDOWS\OneDrive\知识库\智库信息爬虫\国际主要科技智库观点演变_研判\03_证据底稿\原文PDF\C-NISTEP-DP210-DCC57D93.pdf,C:\Users\WINDOWS\OneDrive\知识库\智库信息爬虫\国际主要科技智库观点演变_研判\03_证据底稿\文本\C-NISTEP-DP210-DCC57D93.txt,http://hdl.handle.net/11035/00006727,官方PDF已保存并校验
人工智能、数据与数字技术,科技创新政策与能力基线,C-NISTEP-DP211-A99F5F69,2022-07-01,W3,科学技術に関する国民意識調査 －SDGsについて－,作者讨论论文,C:\Users\WINDOWS\OneDrive\知识库\智库信息爬虫\国际主要科技智库观点演变_研判\03_证据底稿\原文PDF\C-NISTEP-DP211-A99F5F69.pdf,C:\Users\WINDOWS\OneDrive\知识库\智库信息爬虫\国际主要科技智库观点演变_研判\03_证据底稿\文本\C-NISTEP-DP211-A99F5F69.txt,http://hdl.handle.net/11035/00006728,官方PDF已保存并校验
科技指标、论文与国际比较,科技创新政策与能力基线,C-NISTEP-DP211-A99F5F69,2022-07-01,W3,科学技術に関する国民意識調査 －SDGsについて－,作者讨论论文,C:\Users\WINDOWS\OneDrive\知识库\智库信息爬虫\国际主要科技智库观点演变_研判\03_证据底稿\原文PDF\C-NISTEP-DP211-A99F5F69.pdf,C:\Users\WINDOWS\OneDrive\知识库\智库信息爬虫\国际主要科技智库观点演变_研判\03_证据底稿\文本\C-NISTEP-DP211-A99F5F69.txt,http://hdl.handle.net/11035/00006728,官方PDF已保存并校验
科研体系、资助与研究基础,科技创新政策与能力基线,C-NISTEP-DP211-A99F5F69,2022-07-01,W3,科学技術に関する国民意識調査 －SDGsについて－,作者讨论论文,C:\Users\WINDOWS\OneDrive\知识库\智库信息爬虫\国际主要科技智库观点演变_研判\03_证据底稿\原文PDF\C-NISTEP-DP211-A99F5F69.pdf,C:\Users\WINDOWS\OneDrive\知识库\智库信息爬虫\国际主要科技智库观点演变_研判\03_证据底稿\文本\C-NISTEP-DP211-A99F5F69.txt,http://hdl.handle.net/11035/00006728,官方PDF已保存并校验
企业研发、创新与产学合作,科技创新政策与能力基线,C-NISTEP-DP211-A99F5F69,2022-07-01,W3,科学技術に関する国民意識調査 －SDGsについて－,作者讨论论文,C:\Users\WINDOWS\OneDrive\知识库\智库信息爬虫\国际主要科技智库观点演变_研判\03_证据底稿\原文PDF\C-NISTEP-DP211-A99F5F69.pdf,C:\Users\WINDOWS\OneDrive\知识库\智库信息爬虫\国际主要科技智库观点演变_研判\03_证据底稿\文本\C-NISTEP-DP211-A99F5F69.txt,http://hdl.handle.net/11035/00006728,官方PDF已保存并校验
人工智能、数据与数字技术,科技创新政策与能力基线,C-NISTEP-DP212-21425B42,2022-08-01,W3,我が国の研究組織における組織とチームの分野多様性のマッピングと現状把握,作者讨论论文,C:\Users\WINDOWS\OneDrive\知识库\智库信息爬虫\国际主要科技智库观点演变_研判\03_证据底稿\原文PDF\C-NISTEP-DP212-21425B42.pdf,C:\Users\WINDOWS\OneDrive\知识库\智库信息爬虫\国际主要科技智库观点演变_研判\03_证据底稿\文本\C-NISTEP-DP212-21425B42.txt,http://hdl.handle.net/11035/00006735,官方PDF已保存并校验
科技指标、论文与国际比较,科技创新政策与能力基线,C-NISTEP-DP212-21425B42,2022-08-01,W3,我が国の研究組織における組織とチームの分野多様性のマッピングと現状把握,作者讨论论文,C:\Users\WINDOWS\OneDrive\知识库\智库信息爬虫\国际主要科技智库观点演变_研判\03_证据底稿\原文PDF\C-NISTEP-DP212-21425B42.pdf,C:\Users\WINDOWS\OneDrive\知识库\智库信息爬虫\国际主要科技智库观点演变_研判\03_证据底稿\文本\C-NISTEP-DP212-21425B42.txt,http://hdl.handle.net/11035/00006735,官方PDF已保存并校验
科研体系、资助与研究基础,科技创新政策与能力基线,C-NISTEP-DP212-21425B42,2022-08-01,W3,我が国の研究組織における組織とチームの分野多様性のマッピングと現状把握,作者讨论论文,C:\Users\WINDOWS\OneDrive\知识库\智库信息爬虫\国际主要科技智库观点演变_研判\03_证据底稿\原文PDF\C-NISTEP-DP212-21425B42.pdf,C:\Users\WINDOWS\OneDrive\知识库\智库信息爬虫\国际主要科技智库观点演变_研判\03_证据底稿\文本\C-NISTEP-DP212-21425B42.txt,http://hdl.handle.net/11035/00006735,官方PDF已保存并校验
科技人才、博士与职业流动,科技创新政策与能力基线,C-NISTEP-DP212-21425B42,2022-08-01,W3,我が国の研究組織における組織とチームの分野多様性のマッピングと現状把握,作者讨论论文,C:\Users\WINDOWS\OneDrive\知识库\智库信息爬虫\国际主要科技智库观点演变_研判\03_证据底稿\原文PDF\C-NISTEP-DP212-21425B42.pdf,C:\Users\WINDOWS\OneDrive\知识库\智库信息爬虫\国际主要科技智库观点演变_研判\03_证据底稿\文本\C-NISTEP-DP212-21425B42.txt,http://hdl.handle.net/11035/00006735,官方PDF已保存并校验
企业研发、创新与产学合作,科技创新政策与能力基线,C-NISTEP-DP212-21425B42,2022-08-01,W3,我が国の研究組織における組織とチームの分野多様性のマッピングと現状把握,作者讨论论文,C:\Users\WINDOWS\OneDrive\知识库\智库信息爬虫\国际主要科技智库观点演变_研判\03_证据底稿\原文PDF\C-NISTEP-DP212-21425B42.pdf,C:\Users\WINDOWS\OneDrive\知识库\智库信息爬虫\国际主要科技智库观点演变_研判\03_证据底稿\文本\C-NISTEP-DP212-21425B42.txt,http://hdl.handle.net/11035/00006735,官方PDF已保存并校验
科技前瞻、新兴议题与社会,科技创新政策与能力基线,C-NISTEP-DP212-21425B42,2022-08-01,W3,我が国の研究組織における組織とチームの分野多様性のマッピングと現状把握,作者讨论论文,C:\Users\WINDOWS\OneDrive\知识库\智库信息爬虫\国际主要科技智库观点演变_研判\03_证据底稿\原文PDF\C-NISTEP-DP212-21425B42.pdf,C:\Users\WINDOWS\OneDrive\知识库\智库信息爬虫\国际主要科技智库观点演变_研判\03_证据底稿\文本\C-NISTEP-DP212-21425B42.txt,http://hdl.handle.net/11035/00006735,官方PDF已保存并校验
科技指标、论文与国际比较,科技创新政策与能力基线,C-NISTEP-NR194-82D46D70,2022-08-01,W3,科学技術の状況に係る総合的意識調査（NISTEP定点調査2021）報告書,机构正式研究,C:\Users\WINDOWS\OneDrive\知识库\智库信息爬虫\国际主要科技智库观点演变_研判\03_证据底稿\网页文本\C-NISTEP-NR194-82D46D70.txt,C:\Users\WINDOWS\OneDrive\知识库\智库信息爬虫\国际主要科技智库观点演变_研判\03_证据底稿\网页文本\C-NISTEP-NR194-82D46D70.txt,http://hdl.handle.net/11035/00006731,官方仓储PDF代理全文已保存
科研体系、资助与研究基础,科技创新政策与能力基线,C-NISTEP-NR194-82D46D70,2022-08-01,W3,科学技術の状況に係る総合的意識調査（NISTEP定点調査2021）報告書,机构正式研究,C:\Users\WINDOWS\OneDrive\知识库\智库信息爬虫\国际主要科技智库观点演变_研判\03_证据底稿\网页文本\C-NISTEP-NR194-82D46D70.txt,C:\Users\WINDOWS\OneDrive\知识库\智库信息爬虫\国际主要科技智库观点演变_研判\03_证据底稿\网页文本\C-NISTEP-NR194-82D46D70.txt,http://hdl.handle.net/11035/00006731,官方仓储PDF代理全文已保存
科技人才、博士与职业流动,科技创新政策与能力基线,C-NISTEP-NR194-82D46D70,2022-08-01,W3,科学技術の状況に係る総合的意識調査（NISTEP定点調査2021）報告書,机构正式研究,C:\Users\WINDOWS\OneDrive\知识库\智库信息爬虫\国际主要科技智库观点演变_研判\03_证据底稿\网页文本\C-NISTEP-NR194-82D46D70.txt,C:\Users\WINDOWS\OneDrive\知识库\智库信息爬虫\国际主要科技智库观点演变_研判\03_证据底稿\网页文本\C-NISTEP-NR194-82D46D70.txt,http://hdl.handle.net/11035/00006731,官方仓储PDF代理全文已保存
企业研发、创新与产学合作,科技创新政策与能力基线,C-NISTEP-NR194-82D46D70,2022-08-01,W3,科学技術の状況に係る総合的意識調査（NISTEP定点調査2021）報告書,机构正式研究,C:\Users\WINDOWS\OneDrive\知识库\智库信息爬虫\国际主要科技智库观点演变_研判\03_证据底稿\网页文本\C-NISTEP-NR194-82D46D70.txt,C:\Users\WINDOWS\OneDrive\知识库\智库信息爬虫\国际主要科技智库观点演变_研判\03_证据底稿\网页文本\C-NISTEP-NR194-82D46D70.txt,http://hdl.handle.net/11035/00006731,官方仓储PDF代理全文已保存
科技前瞻、新兴议题与社会,科技创新政策与能力基线,C-NISTEP-NR194-82D46D70,2022-08-01,W3,科学技術の状況に係る総合的意識調査（NISTEP定点調査2021）報告書,机构正式研究,C:\Users\WINDOWS\OneDrive\知识库\智库信息爬虫\国际主要科技智库观点演变_研判\03_证据底稿\网页文本\C-NISTEP-NR194-82D46D70.txt,C:\Users\WINDOWS\OneDrive\知识库\智库信息爬虫\国际主要科技智库观点演变_研判\03_证据底稿\网页文本\C-NISTEP-NR194-82D46D70.txt,http://hdl.handle.net/11035/00006731,官方仓储PDF代理全文已保存
开放科学、研究诚信与治理,科技创新政策与能力基线,C-NISTEP-NR194-82D46D70,2022-08-01,W3,科学技術の状況に係る総合的意識調査（NISTEP定点調査2021）報告書,机构正式研究,C:\Users\WINDOWS\OneDrive\知识库\智库信息爬虫\国际主要科技智库观点演变_研判\03_证据底稿\网页文本\C-NISTEP-NR194-82D46D70.txt,C:\Users\WINDOWS\OneDrive\知识库\智库信息爬虫\国际主要科技智库观点演变_研判\03_证据底稿\网页文本\C-NISTEP-NR194-82D46D70.txt,http://hdl.handle.net/11035/00006731,官方仓储PDF代理全文已保存
人工智能、数据与数字技术,科技创新政策与能力基线,C-NISTEP-NR195-43A573B2,2022-08-01,W3,科学技術の状況に係る総合的意識調査（NISTEP定点調査2021）データ集,机构正式研究,C:\Users\WINDOWS\OneDrive\知识库\智库信息爬虫\国际主要科技智库观点演变_研判\03_证据底稿\网页文本\C-NISTEP-NR195-43A573B2.txt,C:\Users\WINDOWS\OneDrive\知识库\智库信息爬虫\国际主要科技智库观点演变_研判\03_证据底稿\网页文本\C-NISTEP-NR195-43A573B2.txt,http://hdl.handle.net/11035/00006733,官方发布页摘要已保存
科技指标、论文与国际比较,科技创新政策与能力基线,C-NISTEP-NR195-43A573B2,2022-08-01,W3,科学技術の状況に係る総合的意識調査（NISTEP定点調査2021）データ集,机构正式研究,C:\Users\WINDOWS\OneDrive\知识库\智库信息爬虫\国际主要科技智库观点演变_研判\03_证据底稿\网页文本\C-NISTEP-NR195-43A573B2.txt,C:\Users\WINDOWS\OneDrive\知识库\智库信息爬虫\国际主要科技智库观点演变_研判\03_证据底稿\网页文本\C-NISTEP-NR195-43A573B2.txt,http://hdl.handle.net/11035/00006733,官方发布页摘要已保存
科研体系、资助与研究基础,科技创新政策与能力基线,C-NISTEP-NR195-43A573B2,2022-08-01,W3,科学技術の状況に係る総合的意識調査（NISTEP定点調査2021）データ集,机构正式研究,C:\Users\WINDOWS\OneDrive\知识库\智库信息爬虫\国际主要科技智库观点演变_研判\03_证据底稿\网页文本\C-NISTEP-NR195-43A573B2.txt,C:\Users\WINDOWS\OneDrive\知识库\智库信息爬虫\国际主要科技智库观点演变_研判\03_证据底稿\网页文本\C-NISTEP-NR195-43A573B2.txt,http://hdl.handle.net/11035/00006733,官方发布页摘要已保存
科技人才、博士与职业流动,科技创新政策与能力基线,C-NISTEP-NR195-43A573B2,2022-08-01,W3,科学技術の状況に係る総合的意識調査（NISTEP定点調査2021）データ集,机构正式研究,C:\Users\WINDOWS\OneDrive\知识库\智库信息爬虫\国际主要科技智库观点演变_研判\03_证据底稿\网页文本\C-NISTEP-NR195-43A573B2.txt,C:\Users\WINDOWS\OneDrive\知识库\智库信息爬虫\国际主要科技智库观点演变_研判\03_证据底稿\网页文本\C-NISTEP-NR195-43A573B2.txt,http://hdl.handle.net/11035/00006733,官方发布页摘要已保存
企业研发、创新与产学合作,科技创新政策与能力基线,C-NISTEP-NR195-43A573B2,2022-08-01,W3,科学技術の状況に係る総合的意識調査（NISTEP定点調査2021）データ集,机构正式研究,C:\Users\WINDOWS\OneDrive\知识库\智库信息爬虫\国际主要科技智库观点演变_研判\03_证据底稿\网页文本\C-NISTEP-NR195-43A573B2.txt,C:\Users\WINDOWS\OneDrive\知识库\智库信息爬虫\国际主要科技智库观点演变_研判\03_证据底稿\网页文本\C-NISTEP-NR195-43A573B2.txt,http://hdl.handle.net/11035/00006733,官方发布页摘要已保存
科技前瞻、新兴议题与社会,科技创新政策与能力基线,C-NISTEP-NR195-43A573B2,2022-08-01,W3,科学技術の状況に係る総合的意識調査（NISTEP定点調査2021）データ集,机构正式研究,C:\Users\WINDOWS\OneDrive\知识库\智库信息爬虫\国际主要科技智库观点演变_研判\03_证据底稿\网页文本\C-NISTEP-NR195-43A573B2.txt,C:\Users\WINDOWS\OneDrive\知识库\智库信息爬虫\国际主要科技智库观点演变_研判\03_证据底稿\网页文本\C-NISTEP-NR195-43A573B2.txt,http://hdl.handle.net/11035/00006733,官方发布页摘要已保存
人工智能、数据与数字技术,科技创新政策与能力基线,C-NISTEP-RM318-4870B0AB,2022-08-01,W3,科学技術指標2022,机构正式研究,C:\Users\WINDOWS\OneDrive\知识库\智库信息爬虫\国际主要科技智库观点演变_研判\03_证据底稿\网页文本\C-NISTEP-RM318-4870B0AB.txt,C:\Users\WINDOWS\OneDrive\知识库\智库信息爬虫\国际主要科技智库观点演变_研判\03_证据底稿\网页文本\C-NISTEP-RM318-4870B0AB.txt,http://hdl.handle.net/11035/00006730,官方HTML版报告已保存
关键技术、专利与产业竞争力,科技创新政策与能力基线,C-NISTEP-RM318-4870B0AB,2022-08-01,W3,科学技術指標2022,机构正式研究,C:\Users\WINDOWS\OneDrive\知识库\智库信息爬虫\国际主要科技智库观点演变_研判\03_证据底稿\网页文本\C-NISTEP-RM318-4870B0AB.txt,C:\Users\WINDOWS\OneDrive\知识库\智库信息爬虫\国际主要科技智库观点演变_研判\03_证据底稿\网页文本\C-NISTEP-RM318-4870B0AB.txt,http://hdl.handle.net/11035/00006730,官方HTML版报告已保存
科技指标、论文与国际比较,科技创新政策与能力基线,C-NISTEP-RM318-4870B0AB,2022-08-01,W3,科学技術指標2022,机构正式研究,C:\Users\WINDOWS\OneDrive\知识库\智库信息爬虫\国际主要科技智库观点演变_研判\03_证据底稿\网页文本\C-NISTEP-RM318-4870B0AB.txt,C:\Users\WINDOWS\OneDrive\知识库\智库信息爬虫\国际主要科技智库观点演变_研判\03_证据底稿\网页文本\C-NISTEP-RM318-4870B0AB.txt,http://hdl.handle.net/11035/00006730,官方HTML版报告已保存
科研体系、资助与研究基础,科技创新政策与能力基线,C-NISTEP-RM318-4870B0AB,2022-08-01,W3,科学技術指標2022,机构正式研究,C:\Users\WINDOWS\OneDrive\知识库\智库信息爬虫\国际主要科技智库观点演变_研判\03_证据底稿\网页文本\C-NISTEP-RM318-4870B0AB.txt,C:\Users\WINDOWS\OneDrive\知识库\智库信息爬虫\国际主要科技智库观点演变_研判\03_证据底稿\网页文本\C-NISTEP-RM318-4870B0AB.txt,http://hdl.handle.net/11035/00006730,官方HTML版报告已保存
科技人才、博士与职业流动,科技创新政策与能力基线,C-NISTEP-RM318-4870B0AB,2022-08-01,W3,科学技術指標2022,机构正式研究,C:\Users\WINDOWS\OneDrive\知识库\智库信息爬虫\国际主要科技智库观点演变_研判\03_证据底稿\网页文本\C-NISTEP-RM318-4870B0AB.txt,C:\Users\WINDOWS\OneDrive\知识库\智库信息爬虫\国际主要科技智库观点演变_研判\03_证据底稿\网页文本\C-NISTEP-RM318-4870B0AB.txt,http://hdl.handle.net/11035/00006730,官方HTML版报告已保存
企业研发、创新与产学合作,科技创新政策与能力基线,C-NISTEP-RM318-4870B0AB,2022-08-01,W3,科学技術指標2022,机构正式研究,C:\Users\WINDOWS\OneDrive\知识库\智库信息爬虫\国际主要科技智库观点演变_研判\03_证据底稿\网页文本\C-NISTEP-RM318-4870B0AB.txt,C:\Users\WINDOWS\OneDrive\知识库\智库信息爬虫\国际主要科技智库观点演变_研判\03_证据底稿\网页文本\C-NISTEP-RM318-4870B0AB.txt,http://hdl.handle.net/11035/00006730,官方HTML版报告已保存
科技前瞻、新兴议题与社会,科技创新政策与能力基线,C-NISTEP-RM318-4870B0AB,2022-08-01,W3,科学技術指標2022,机构正式研究,C:\Users\WINDOWS\OneDrive\知识库\智库信息爬虫\国际主要科技智库观点演变_研判\03_证据底稿\网页文本\C-NISTEP-RM318-4870B0AB.txt,C:\Users\WINDOWS\OneDrive\知识库\智库信息爬虫\国际主要科技智库观点演变_研判\03_证据底稿\网页文本\C-NISTEP-RM318-4870B0AB.txt,http://hdl.handle.net/11035/00006730,官方HTML版报告已保存
开放科学、研究诚信与治理,科技创新政策与能力基线,C-NISTEP-RM318-4870B0AB,2022-08-01,W3,科学技術指標2022,机构正式研究,C:\Users\WINDOWS\OneDrive\知识库\智库信息爬虫\国际主要科技智库观点演变_研判\03_证据底稿\网页文本\C-NISTEP-RM318-4870B0AB.txt,C:\Users\WINDOWS\OneDrive\知识库\智库信息爬虫\国际主要科技智库观点演变_研判\03_证据底稿\网页文本\C-NISTEP-RM318-4870B0AB.txt,http://hdl.handle.net/11035/00006730,官方HTML版报告已保存
中国科技能力与国际比较,科技创新政策与能力基线,C-NISTEP-RM318-4870B0AB,2022-08-01,W3,科学技術指標2022,机构正式研究,C:\Users\WINDOWS\OneDrive\知识库\智库信息爬虫\国际主要科技智库观点演变_研判\03_证据底稿\网页文本\C-NISTEP-RM318-4870B0AB.txt,C:\Users\WINDOWS\OneDrive\知识库\智库信息爬虫\国际主要科技智库观点演变_研判\03_证据底稿\网页文本\C-NISTEP-RM318-4870B0AB.txt,http://hdl.handle.net/11035/00006730,官方HTML版报告已保存
人工智能、数据与数字技术,科技创新政策与能力基线,C-NISTEP-DP213-3917EBDE,2022-09-01,W3,オープン・イノベーション活動が企業収益に及ぼす影響に関する実証研究,作者讨论论文,C:\Users\WINDOWS\OneDrive\知识库\智库信息爬虫\国际主要科技智库观点演变_研判\03_证据底稿\原文PDF\C-NISTEP-DP213-3917EBDE.pdf,C:\Users\WINDOWS\OneDrive\知识库\智库信息爬虫\国际主要科技智库观点演变_研判\03_证据底稿\文本\C-NISTEP-DP213-3917EBDE.txt,http://hdl.handle.net/11035/00006736,官方PDF已保存并校验
关键技术、专利与产业竞争力,科技创新政策与能力基线,C-NISTEP-DP213-3917EBDE,2022-09-01,W3,オープン・イノベーション活動が企業収益に及ぼす影響に関する実証研究,作者讨论论文,C:\Users\WINDOWS\OneDrive\知识库\智库信息爬虫\国际主要科技智库观点演变_研判\03_证据底稿\原文PDF\C-NISTEP-DP213-3917EBDE.pdf,C:\Users\WINDOWS\OneDrive\知识库\智库信息爬虫\国际主要科技智库观点演变_研判\03_证据底稿\文本\C-NISTEP-DP213-3917EBDE.txt,http://hdl.handle.net/11035/00006736,官方PDF已保存并校验
科技指标、论文与国际比较,科技创新政策与能力基线,C-NISTEP-DP213-3917EBDE,2022-09-01,W3,オープン・イノベーション活動が企業収益に及ぼす影響に関する実証研究,作者讨论论文,C:\Users\WINDOWS\OneDrive\知识库\智库信息爬虫\国际主要科技智库观点演变_研判\03_证据底稿\原文PDF\C-NISTEP-DP213-3917EBDE.pdf,C:\Users\WINDOWS\OneDrive\知识库\智库信息爬虫\国际主要科技智库观点演变_研判\03_证据底稿\文本\C-NISTEP-DP213-3917EBDE.txt,http://hdl.handle.net/11035/00006736,官方PDF已保存并校验
科研体系、资助与研究基础,科技创新政策与能力基线,C-NISTEP-DP213-3917EBDE,2022-09-01,W3,オープン・イノベーション活動が企業収益に及ぼす影響に関する実証研究,作者讨论论文,C:\Users\WINDOWS\OneDrive\知识库\智库信息爬虫\国际主要科技智库观点演变_研判\03_证据底稿\原文PDF\C-NISTEP-DP213-3917EBDE.pdf,C:\Users\WINDOWS\OneDrive\知识库\智库信息爬虫\国际主要科技智库观点演变_研判\03_证据底稿\文本\C-NISTEP-DP213-3917EBDE.txt,http://hdl.handle.net/11035/00006736,官方PDF已保存并校验
科技人才、博士与职业流动,科技创新政策与能力基线,C-NISTEP-DP213-3917EBDE,2022-09-01,W3,オープン・イノベーション活動が企業収益に及ぼす影響に関する実証研究,作者讨论论文,C:\Users\WINDOWS\OneDrive\知识库\智库信息爬虫\国际主要科技智库观点演变_研判\03_证据底稿\原文PDF\C-NISTEP-DP213-3917EBDE.pdf,C:\Users\WINDOWS\OneDrive\知识库\智库信息爬虫\国际主要科技智库观点演变_研判\03_证据底稿\文本\C-NISTEP-DP213-3917EBDE.txt,http://hdl.handle.net/11035/00006736,官方PDF已保存并校验
企业研发、创新与产学合作,科技创新政策与能力基线,C-NISTEP-DP213-3917EBDE,2022-09-01,W3,オープン・イノベーション活動が企業収益に及ぼす影響に関する実証研究,作者讨论论文,C:\Users\WINDOWS\OneDrive\知识库\智库信息爬虫\国际主要科技智库观点演变_研判\03_证据底稿\原文PDF\C-NISTEP-DP213-3917EBDE.pdf,C:\Users\WINDOWS\OneDrive\知识库\智库信息爬虫\国际主要科技智库观点演变_研判\03_证据底稿\文本\C-NISTEP-DP213-3917EBDE.txt,http://hdl.handle.net/11035/00006736,官方PDF已保存并校验
开放科学、研究诚信与治理,科技创新政策与能力基线,C-NISTEP-DP213-3917EBDE,2022-09-01,W3,オープン・イノベーション活動が企業収益に及ぼす影響に関する実証研究,作者讨论论文,C:\Users\WINDOWS\OneDrive\知识库\智库信息爬虫\国际主要科技智库观点演变_研判\03_证据底稿\原文PDF\C-NISTEP-DP213-3917EBDE.pdf,C:\Users\WINDOWS\OneDrive\知识库\智库信息爬虫\国际主要科技智库观点演变_研判\03_证据底稿\文本\C-NISTEP-DP213-3917EBDE.txt,http://hdl.handle.net/11035/00006736,官方PDF已保存并校验
人工智能、数据与数字技术,科技创新政策与能力基线,C-NISTEP-DP214-9192DD28,2022-10-01,W3,民間企業の研究開発関連業務における日本の大学との連携状況の分析―研究開発者育成を含めた工学系領域における研究開発力強化の課題検討―,作者讨论论文,C:\Users\WINDOWS\OneDrive\知识库\智库信息爬虫\国际主要科技智库观点演变_研判\03_证据底稿\原文PDF\C-NISTEP-DP214-9192DD28.pdf,C:\Users\WINDOWS\OneDrive\知识库\智库信息爬虫\国际主要科技智库观点演变_研判\03_证据底稿\文本\C-NISTEP-DP214-9192DD28.txt,http://hdl.handle.net/11035/00006738,官方PDF已保存并校验
科技指标、论文与国际比较,科技创新政策与能力基线,C-NISTEP-DP214-9192DD28,2022-10-01,W3,民間企業の研究開発関連業務における日本の大学との連携状況の分析―研究開発者育成を含めた工学系領域における研究開発力強化の課題検討―,作者讨论论文,C:\Users\WINDOWS\OneDrive\知识库\智库信息爬虫\国际主要科技智库观点演变_研判\03_证据底稿\原文PDF\C-NISTEP-DP214-9192DD28.pdf,C:\Users\WINDOWS\OneDrive\知识库\智库信息爬虫\国际主要科技智库观点演变_研判\03_证据底稿\文本\C-NISTEP-DP214-9192DD28.txt,http://hdl.handle.net/11035/00006738,官方PDF已保存并校验
科研体系、资助与研究基础,科技创新政策与能力基线,C-NISTEP-DP214-9192DD28,2022-10-01,W3,民間企業の研究開発関連業務における日本の大学との連携状況の分析―研究開発者育成を含めた工学系領域における研究開発力強化の課題検討―,作者讨论论文,C:\Users\WINDOWS\OneDrive\知识库\智库信息爬虫\国际主要科技智库观点演变_研判\03_证据底稿\原文PDF\C-NISTEP-DP214-9192DD28.pdf,C:\Users\WINDOWS\OneDrive\知识库\智库信息爬虫\国际主要科技智库观点演变_研判\03_证据底稿\文本\C-NISTEP-DP214-9192DD28.txt,http://hdl.handle.net/11035/00006738,官方PDF已保存并校验
科技人才、博士与职业流动,科技创新政策与能力基线,C-NISTEP-DP214-9192DD28,2022-10-01,W3,民間企業の研究開発関連業務における日本の大学との連携状況の分析―研究開発者育成を含めた工学系領域における研究開発力強化の課題検討―,作者讨论论文,C:\Users\WINDOWS\OneDrive\知识库\智库信息爬虫\国际主要科技智库观点演变_研判\03_证据底稿\原文PDF\C-NISTEP-DP214-9192DD28.pdf,C:\Users\WINDOWS\OneDrive\知识库\智库信息爬虫\国际主要科技智库观点演变_研判\03_证据底稿\文本\C-NISTEP-DP214-9192DD28.txt,http://hdl.handle.net/11035/00006738,官方PDF已保存并校验
企业研发、创新与产学合作,科技创新政策与能力基线,C-NISTEP-DP214-9192DD28,2022-10-01,W3,民間企業の研究開発関連業務における日本の大学との連携状況の分析―研究開発者育成を含めた工学系領域における研究開発力強化の課題検討―,作者讨论论文,C:\Users\WINDOWS\OneDrive\知识库\智库信息爬虫\国际主要科技智库观点演变_研判\03_证据底稿\原文PDF\C-NISTEP-DP214-9192DD28.pdf,C:\Users\WINDOWS\OneDrive\知识库\智库信息爬虫\国际主要科技智库观点演变_研判\03_证据底稿\文本\C-NISTEP-DP214-9192DD28.txt,http://hdl.handle.net/11035/00006738,官方PDF已保存并校验
开放科学、研究诚信与治理,科技创新政策与能力基线,C-NISTEP-DP214-9192DD28,2022-10-01,W3,民間企業の研究開発関連業務における日本の大学との連携状況の分析―研究開発者育成を含めた工学系領域における研究開発力強化の課題検討―,作者讨论论文,C:\Users\WINDOWS\OneDrive\知识库\智库信息爬虫\国际主要科技智库观点演变_研判\03_证据底稿\原文PDF\C-NISTEP-DP214-9192DD28.pdf,C:\Users\WINDOWS\OneDrive\知识库\智库信息爬虫\国际主要科技智库观点演变_研判\03_证据底稿\文本\C-NISTEP-DP214-9192DD28.txt,http://hdl.handle.net/11035/00006738,官方PDF已保存并校验
科技指标、论文与国际比较,科技创新政策与能力基线,C-NISTEP-DP215-06CA52DC,2022-10-01,W3,日米独における科学技術指標の変遷,作者讨论论文,C:\Users\WINDOWS\OneDrive\知识库\智库信息爬虫\国际主要科技智库观点演变_研判\03_证据底稿\网页文本\C-NISTEP-DP215-06CA52DC.txt,C:\Users\WINDOWS\OneDrive\知识库\智库信息爬虫\国际主要科技智库观点演变_研判\03_证据底稿\网页文本\C-NISTEP-DP215-06CA52DC.txt,http://hdl.handle.net/11035/00006739,官方仓储PDF代理全文已保存
科研体系、资助与研究基础,科技创新政策与能力基线,C-NISTEP-DP215-06CA52DC,2022-10-01,W3,日米独における科学技術指標の変遷,作者讨论论文,C:\Users\WINDOWS\OneDrive\知识库\智库信息爬虫\国际主要科技智库观点演变_研判\03_证据底稿\网页文本\C-NISTEP-DP215-06CA52DC.txt,C:\Users\WINDOWS\OneDrive\知识库\智库信息爬虫\国际主要科技智库观点演变_研判\03_证据底稿\网页文本\C-NISTEP-DP215-06CA52DC.txt,http://hdl.handle.net/11035/00006739,官方仓储PDF代理全文已保存
科技人才、博士与职业流动,科技创新政策与能力基线,C-NISTEP-DP215-06CA52DC,2022-10-01,W3,日米独における科学技術指標の変遷,作者讨论论文,C:\Users\WINDOWS\OneDrive\知识库\智库信息爬虫\国际主要科技智库观点演变_研判\03_证据底稿\网页文本\C-NISTEP-DP215-06CA52DC.txt,C:\Users\WINDOWS\OneDrive\知识库\智库信息爬虫\国际主要科技智库观点演变_研判\03_证据底稿\网页文本\C-NISTEP-DP215-06CA52DC.txt,http://hdl.handle.net/11035/00006739,官方仓储PDF代理全文已保存
企业研发、创新与产学合作,科技创新政策与能力基线,C-NISTEP-DP215-06CA52DC,2022-10-01,W3,日米独における科学技術指標の変遷,作者讨论论文,C:\Users\WINDOWS\OneDrive\知识库\智库信息爬虫\国际主要科技智库观点演变_研判\03_证据底稿\网页文本\C-NISTEP-DP215-06CA52DC.txt,C:\Users\WINDOWS\OneDrive\知识库\智库信息爬虫\国际主要科技智库观点演变_研判\03_证据底稿\网页文本\C-NISTEP-DP215-06CA52DC.txt,http://hdl.handle.net/11035/00006739,官方仓储PDF代理全文已保存
科技前瞻、新兴议题与社会,科技创新政策与能力基线,C-NISTEP-DP215-06CA52DC,2022-10-01,W3,日米独における科学技術指標の変遷,作者讨论论文,C:\Users\WINDOWS\OneDrive\知识库\智库信息爬虫\国际主要科技智库观点演变_研判\03_证据底稿\网页文本\C-NISTEP-DP215-06CA52DC.txt,C:\Users\WINDOWS\OneDrive\知识库\智库信息爬虫\国际主要科技智库观点演变_研判\03_证据底稿\网页文本\C-NISTEP-DP215-06CA52DC.txt,http://hdl.handle.net/11035/00006739,官方仓储PDF代理全文已保存
开放科学、研究诚信与治理,科技创新政策与能力基线,C-NISTEP-DP215-06CA52DC,2022-10-01,W3,日米独における科学技術指標の変遷,作者讨论论文,C:\Users\WINDOWS\OneDrive\知识库\智库信息爬虫\国际主要科技智库观点演变_研判\03_证据底稿\网页文本\C-NISTEP-DP215-06CA52DC.txt,C:\Users\WINDOWS\OneDrive\知识库\智库信息爬虫\国际主要科技智库观点演变_研判\03_证据底稿\网页文本\C-NISTEP-DP215-06CA52DC.txt,http://hdl.handle.net/11035/00006739,官方仓储PDF代理全文已保存
中国科技能力与国际比较,科技创新政策与能力基线,C-NISTEP-DP215-06CA52DC,2022-10-01,W3,日米独における科学技術指標の変遷,作者讨论论文,C:\Users\WINDOWS\OneDrive\知识库\智库信息爬虫\国际主要科技智库观点演变_研判\03_证据底稿\网页文本\C-NISTEP-DP215-06CA52DC.txt,C:\Users\WINDOWS\OneDrive\知识库\智库信息爬虫\国际主要科技智库观点演变_研判\03_证据底稿\网页文本\C-NISTEP-DP215-06CA52DC.txt,http://hdl.handle.net/11035/00006739,官方仓储PDF代理全文已保存
人工智能、数据与数字技术,科技创新政策与能力基线,C-NISTEP-DP216-6206F623,2022-10-01,W3,NSFデータを用いた研究課題動向分析の試み,作者讨论论文,C:\Users\WINDOWS\OneDrive\知识库\智库信息爬虫\国际主要科技智库观点演变_研判\03_证据底稿\网页文本\C-NISTEP-DP216-6206F623.txt,C:\Users\WINDOWS\OneDrive\知识库\智库信息爬虫\国际主要科技智库观点演变_研判\03_证据底稿\网页文本\C-NISTEP-DP216-6206F623.txt,http://hdl.handle.net/11035/00006742,官方发布页摘要已保存
关键技术、专利与产业竞争力,科技创新政策与能力基线,C-NISTEP-DP216-6206F623,2022-10-01,W3,NSFデータを用いた研究課題動向分析の試み,作者讨论论文,C:\Users\WINDOWS\OneDrive\知识库\智库信息爬虫\国际主要科技智库观点演变_研判\03_证据底稿\网页文本\C-NISTEP-DP216-6206F623.txt,C:\Users\WINDOWS\OneDrive\知识库\智库信息爬虫\国际主要科技智库观点演变_研判\03_证据底稿\网页文本\C-NISTEP-DP216-6206F623.txt,http://hdl.handle.net/11035/00006742,官方发布页摘要已保存
科技指标、论文与国际比较,科技创新政策与能力基线,C-NISTEP-DP216-6206F623,2022-10-01,W3,NSFデータを用いた研究課題動向分析の試み,作者讨论论文,C:\Users\WINDOWS\OneDrive\知识库\智库信息爬虫\国际主要科技智库观点演变_研判\03_证据底稿\网页文本\C-NISTEP-DP216-6206F623.txt,C:\Users\WINDOWS\OneDrive\知识库\智库信息爬虫\国际主要科技智库观点演变_研判\03_证据底稿\网页文本\C-NISTEP-DP216-6206F623.txt,http://hdl.handle.net/11035/00006742,官方发布页摘要已保存
科研体系、资助与研究基础,科技创新政策与能力基线,C-NISTEP-DP216-6206F623,2022-10-01,W3,NSFデータを用いた研究課題動向分析の試み,作者讨论论文,C:\Users\WINDOWS\OneDrive\知识库\智库信息爬虫\国际主要科技智库观点演变_研判\03_证据底稿\网页文本\C-NISTEP-DP216-6206F623.txt,C:\Users\WINDOWS\OneDrive\知识库\智库信息爬虫\国际主要科技智库观点演变_研判\03_证据底稿\网页文本\C-NISTEP-DP216-6206F623.txt,http://hdl.handle.net/11035/00006742,官方发布页摘要已保存
科技人才、博士与职业流动,科技创新政策与能力基线,C-NISTEP-DP216-6206F623,2022-10-01,W3,NSFデータを用いた研究課題動向分析の試み,作者讨论论文,C:\Users\WINDOWS\OneDrive\知识库\智库信息爬虫\国际主要科技智库观点演变_研判\03_证据底稿\网页文本\C-NISTEP-DP216-6206F623.txt,C:\Users\WINDOWS\OneDrive\知识库\智库信息爬虫\国际主要科技智库观点演变_研判\03_证据底稿\网页文本\C-NISTEP-DP216-6206F623.txt,http://hdl.handle.net/11035/00006742,官方发布页摘要已保存
企业研发、创新与产学合作,科技创新政策与能力基线,C-NISTEP-DP216-6206F623,2022-10-01,W3,NSFデータを用いた研究課題動向分析の試み,作者讨论论文,C:\Users\WINDOWS\OneDrive\知识库\智库信息爬虫\国际主要科技智库观点演变_研判\03_证据底稿\网页文本\C-NISTEP-DP216-6206F623.txt,C:\Users\WINDOWS\OneDrive\知识库\智库信息爬虫\国际主要科技智库观点演变_研判\03_证据底稿\网页文本\C-NISTEP-DP216-6206F623.txt,http://hdl.handle.net/11035/00006742,官方发布页摘要已保存
科技前瞻、新兴议题与社会,科技创新政策与能力基线,C-NISTEP-DP216-6206F623,2022-10-01,W3,NSFデータを用いた研究課題動向分析の試み,作者讨论论文,C:\Users\WINDOWS\OneDrive\知识库\智库信息爬虫\国际主要科技智库观点演变_研判\03_证据底稿\网页文本\C-NISTEP-DP216-6206F623.txt,C:\Users\WINDOWS\OneDrive\知识库\智库信息爬虫\国际主要科技智库观点演变_研判\03_证据底稿\网页文本\C-NISTEP-DP216-6206F623.txt,http://hdl.handle.net/11035/00006742,官方发布页摘要已保存
人工智能、数据与数字技术,科技创新政策与能力基线,C-NISTEP-RM319-C73E7809,2022-10-01,W3,地域の未来を再考する －新型コロナウイルス感染症流行後に目指す社会 及びその実現に向けた方策の検討－,机构正式研究,C:\Users\WINDOWS\OneDrive\知识库\智库信息爬虫\国际主要科技智库观点演变_研判\03_证据底稿\网页文本\C-NISTEP-RM319-C73E7809.txt,C:\Users\WINDOWS\OneDrive\知识库\智库信息爬虫\国际主要科技智库观点演变_研判\03_证据底稿\网页文本\C-NISTEP-RM319-C73E7809.txt,http://hdl.handle.net/11035/00006737,官方仓储PDF代理全文已保存
关键技术、专利与产业竞争力,科技创新政策与能力基线,C-NISTEP-RM319-C73E7809,2022-10-01,W3,地域の未来を再考する －新型コロナウイルス感染症流行後に目指す社会 及びその実現に向けた方策の検討－,机构正式研究,C:\Users\WINDOWS\OneDrive\知识库\智库信息爬虫\国际主要科技智库观点演变_研判\03_证据底稿\网页文本\C-NISTEP-RM319-C73E7809.txt,C:\Users\WINDOWS\OneDrive\知识库\智库信息爬虫\国际主要科技智库观点演变_研判\03_证据底稿\网页文本\C-NISTEP-RM319-C73E7809.txt,http://hdl.handle.net/11035/00006737,官方仓储PDF代理全文已保存
科技指标、论文与国际比较,科技创新政策与能力基线,C-NISTEP-RM319-C73E7809,2022-10-01,W3,地域の未来を再考する －新型コロナウイルス感染症流行後に目指す社会 及びその実現に向けた方策の検討－,机构正式研究,C:\Users\WINDOWS\OneDrive\知识库\智库信息爬虫\国际主要科技智库观点演变_研判\03_证据底稿\网页文本\C-NISTEP-RM319-C73E7809.txt,C:\Users\WINDOWS\OneDrive\知识库\智库信息爬虫\国际主要科技智库观点演变_研判\03_证据底稿\网页文本\C-NISTEP-RM319-C73E7809.txt,http://hdl.handle.net/11035/00006737,官方仓储PDF代理全文已保存
科研体系、资助与研究基础,科技创新政策与能力基线,C-NISTEP-RM319-C73E7809,2022-10-01,W3,地域の未来を再考する －新型コロナウイルス感染症流行後に目指す社会 及びその実現に向けた方策の検討－,机构正式研究,C:\Users\WINDOWS\OneDrive\知识库\智库信息爬虫\国际主要科技智库观点演变_研判\03_证据底稿\网页文本\C-NISTEP-RM319-C73E7809.txt,C:\Users\WINDOWS\OneDrive\知识库\智库信息爬虫\国际主要科技智库观点演变_研判\03_证据底稿\网页文本\C-NISTEP-RM319-C73E7809.txt,http://hdl.handle.net/11035/00006737,官方仓储PDF代理全文已保存
科技人才、博士与职业流动,科技创新政策与能力基线,C-NISTEP-RM319-C73E7809,2022-10-01,W3,地域の未来を再考する －新型コロナウイルス感染症流行後に目指す社会 及びその実現に向けた方策の検討－,机构正式研究,C:\Users\WINDOWS\OneDrive\知识库\智库信息爬虫\国际主要科技智库观点演变_研判\03_证据底稿\网页文本\C-NISTEP-RM319-C73E7809.txt,C:\Users\WINDOWS\OneDrive\知识库\智库信息爬虫\国际主要科技智库观点演变_研判\03_证据底稿\网页文本\C-NISTEP-RM319-C73E7809.txt,http://hdl.handle.net/11035/00006737,官方仓储PDF代理全文已保存
企业研发、创新与产学合作,科技创新政策与能力基线,C-NISTEP-RM319-C73E7809,2022-10-01,W3,地域の未来を再考する －新型コロナウイルス感染症流行後に目指す社会 及びその実現に向けた方策の検討－,机构正式研究,C:\Users\WINDOWS\OneDrive\知识库\智库信息爬虫\国际主要科技智库观点演变_研判\03_证据底稿\网页文本\C-NISTEP-RM319-C73E7809.txt,C:\Users\WINDOWS\OneDrive\知识库\智库信息爬虫\国际主要科技智库观点演变_研判\03_证据底稿\网页文本\C-NISTEP-RM319-C73E7809.txt,http://hdl.handle.net/11035/00006737,官方仓储PDF代理全文已保存
科技前瞻、新兴议题与社会,科技创新政策与能力基线,C-NISTEP-RM319-C73E7809,2022-10-01,W3,地域の未来を再考する －新型コロナウイルス感染症流行後に目指す社会 及びその実現に向けた方策の検討－,机构正式研究,C:\Users\WINDOWS\OneDrive\知识库\智库信息爬虫\国际主要科技智库观点演变_研判\03_证据底稿\网页文本\C-NISTEP-RM319-C73E7809.txt,C:\Users\WINDOWS\OneDrive\知识库\智库信息爬虫\国际主要科技智库观点演变_研判\03_证据底稿\网页文本\C-NISTEP-RM319-C73E7809.txt,http://hdl.handle.net/11035/00006737,官方仓储PDF代理全文已保存
人工智能、数据与数字技术,科技创新政策与能力基线,C-NISTEP-RM320-78FA50FB,2022-10-01,W3,世界のフォーサイトの動向－コロナ禍の影響と今後の活動－,机构正式研究,C:\Users\WINDOWS\OneDrive\知识库\智库信息爬虫\国际主要科技智库观点演变_研判\03_证据底稿\网页文本\C-NISTEP-RM320-78FA50FB.txt,C:\Users\WINDOWS\OneDrive\知识库\智库信息爬虫\国际主要科技智库观点演变_研判\03_证据底稿\网页文本\C-NISTEP-RM320-78FA50FB.txt,http://hdl.handle.net/11035/00006740,官方发布页摘要已保存
科技指标、论文与国际比较,科技创新政策与能力基线,C-NISTEP-RM320-78FA50FB,2022-10-01,W3,世界のフォーサイトの動向－コロナ禍の影響と今後の活動－,机构正式研究,C:\Users\WINDOWS\OneDrive\知识库\智库信息爬虫\国际主要科技智库观点演变_研判\03_证据底稿\网页文本\C-NISTEP-RM320-78FA50FB.txt,C:\Users\WINDOWS\OneDrive\知识库\智库信息爬虫\国际主要科技智库观点演变_研判\03_证据底稿\网页文本\C-NISTEP-RM320-78FA50FB.txt,http://hdl.handle.net/11035/00006740,官方发布页摘要已保存
科研体系、资助与研究基础,科技创新政策与能力基线,C-NISTEP-RM320-78FA50FB,2022-10-01,W3,世界のフォーサイトの動向－コロナ禍の影響と今後の活動－,机构正式研究,C:\Users\WINDOWS\OneDrive\知识库\智库信息爬虫\国际主要科技智库观点演变_研判\03_证据底稿\网页文本\C-NISTEP-RM320-78FA50FB.txt,C:\Users\WINDOWS\OneDrive\知识库\智库信息爬虫\国际主要科技智库观点演变_研判\03_证据底稿\网页文本\C-NISTEP-RM320-78FA50FB.txt,http://hdl.handle.net/11035/00006740,官方发布页摘要已保存
科技人才、博士与职业流动,科技创新政策与能力基线,C-NISTEP-RM320-78FA50FB,2022-10-01,W3,世界のフォーサイトの動向－コロナ禍の影響と今後の活動－,机构正式研究,C:\Users\WINDOWS\OneDrive\知识库\智库信息爬虫\国际主要科技智库观点演变_研判\03_证据底稿\网页文本\C-NISTEP-RM320-78FA50FB.txt,C:\Users\WINDOWS\OneDrive\知识库\智库信息爬虫\国际主要科技智库观点演变_研判\03_证据底稿\网页文本\C-NISTEP-RM320-78FA50FB.txt,http://hdl.handle.net/11035/00006740,官方发布页摘要已保存
企业研发、创新与产学合作,科技创新政策与能力基线,C-NISTEP-RM320-78FA50FB,2022-10-01,W3,世界のフォーサイトの動向－コロナ禍の影響と今後の活動－,机构正式研究,C:\Users\WINDOWS\OneDrive\知识库\智库信息爬虫\国际主要科技智库观点演变_研判\03_证据底稿\网页文本\C-NISTEP-RM320-78FA50FB.txt,C:\Users\WINDOWS\OneDrive\知识库\智库信息爬虫\国际主要科技智库观点演变_研判\03_证据底稿\网页文本\C-NISTEP-RM320-78FA50FB.txt,http://hdl.handle.net/11035/00006740,官方发布页摘要已保存
科技前瞻、新兴议题与社会,科技创新政策与能力基线,C-NISTEP-RM320-78FA50FB,2022-10-01,W3,世界のフォーサイトの動向－コロナ禍の影響と今後の活動－,机构正式研究,C:\Users\WINDOWS\OneDrive\知识库\智库信息爬虫\国际主要科技智库观点演变_研判\03_证据底稿\网页文本\C-NISTEP-RM320-78FA50FB.txt,C:\Users\WINDOWS\OneDrive\知识库\智库信息爬虫\国际主要科技智库观点演变_研判\03_证据底稿\网页文本\C-NISTEP-RM320-78FA50FB.txt,http://hdl.handle.net/11035/00006740,官方发布页摘要已保存
人工智能、数据与数字技术,科技创新政策与能力基线,C-NISTEP-DP217-DBC76163,2022-11-01,W3,女性役員比率の労働生産性へ与える効果及び イノベーション実現との関係,作者讨论论文,C:\Users\WINDOWS\OneDrive\知识库\智库信息爬虫\国际主要科技智库观点演变_研判\03_证据底稿\网页文本\C-NISTEP-DP217-DBC76163.txt,C:\Users\WINDOWS\OneDrive\知识库\智库信息爬虫\国际主要科技智库观点演变_研判\03_证据底稿\网页文本\C-NISTEP-DP217-DBC76163.txt,http://hdl.handle.net/11035/00006748,官方仓储PDF代理全文已保存
科技指标、论文与国际比较,科技创新政策与能力基线,C-NISTEP-DP217-DBC76163,2022-11-01,W3,女性役員比率の労働生産性へ与える効果及び イノベーション実現との関係,作者讨论论文,C:\Users\WINDOWS\OneDrive\知识库\智库信息爬虫\国际主要科技智库观点演变_研判\03_证据底稿\网页文本\C-NISTEP-DP217-DBC76163.txt,C:\Users\WINDOWS\OneDrive\知识库\智库信息爬虫\国际主要科技智库观点演变_研判\03_证据底稿\网页文本\C-NISTEP-DP217-DBC76163.txt,http://hdl.handle.net/11035/00006748,官方仓储PDF代理全文已保存
科技人才、博士与职业流动,科技创新政策与能力基线,C-NISTEP-DP217-DBC76163,2022-11-01,W3,女性役員比率の労働生産性へ与える効果及び イノベーション実現との関係,作者讨论论文,C:\Users\WINDOWS\OneDrive\知识库\智库信息爬虫\国际主要科技智库观点演变_研判\03_证据底稿\网页文本\C-NISTEP-DP217-DBC76163.txt,C:\Users\WINDOWS\OneDrive\知识库\智库信息爬虫\国际主要科技智库观点演变_研判\03_证据底稿\网页文本\C-NISTEP-DP217-DBC76163.txt,http://hdl.handle.net/11035/00006748,官方仓储PDF代理全文已保存
企业研发、创新与产学合作,科技创新政策与能力基线,C-NISTEP-DP217-DBC76163,2022-11-01,W3,女性役員比率の労働生産性へ与える効果及び イノベーション実現との関係,作者讨论论文,C:\Users\WINDOWS\OneDrive\知识库\智库信息爬虫\国际主要科技智库观点演变_研判\03_证据底稿\网页文本\C-NISTEP-DP217-DBC76163.txt,C:\Users\WINDOWS\OneDrive\知识库\智库信息爬虫\国际主要科技智库观点演变_研判\03_证据底稿\网页文本\C-NISTEP-DP217-DBC76163.txt,http://hdl.handle.net/11035/00006748,官方仓储PDF代理全文已保存
科技前瞻、新兴议题与社会,科技创新政策与能力基线,C-NISTEP-DP217-DBC76163,2022-11-01,W3,女性役員比率の労働生産性へ与える効果及び イノベーション実現との関係,作者讨论论文,C:\Users\WINDOWS\OneDrive\知识库\智库信息爬虫\国际主要科技智库观点演变_研判\03_证据底稿\网页文本\C-NISTEP-DP217-DBC76163.txt,C:\Users\WINDOWS\OneDrive\知识库\智库信息爬虫\国际主要科技智库观点演变_研判\03_证据底稿\网页文本\C-NISTEP-DP217-DBC76163.txt,http://hdl.handle.net/11035/00006748,官方仓储PDF代理全文已保存
开放科学、研究诚信与治理,科技创新政策与能力基线,C-NISTEP-DP217-DBC76163,2022-11-01,W3,女性役員比率の労働生産性へ与える効果及び イノベーション実現との関係,作者讨论论文,C:\Users\WINDOWS\OneDrive\知识库\智库信息爬虫\国际主要科技智库观点演变_研判\03_证据底稿\网页文本\C-NISTEP-DP217-DBC76163.txt,C:\Users\WINDOWS\OneDrive\知识库\智库信息爬虫\国际主要科技智库观点演变_研判\03_证据底稿\网页文本\C-NISTEP-DP217-DBC76163.txt,http://hdl.handle.net/11035/00006748,官方仓储PDF代理全文已保存
人工智能、数据与数字技术,科技创新政策与能力基线,C-NISTEP-RM321-7877048F,2022-12-01,W3,地域科学技術指標2020,机构正式研究,C:\Users\WINDOWS\OneDrive\知识库\智库信息爬虫\国际主要科技智库观点演变_研判\03_证据底稿\原文PDF\C-NISTEP-RM321-7877048F.pdf,C:\Users\WINDOWS\OneDrive\知识库\智库信息爬虫\国际主要科技智库观点演变_研判\03_证据底稿\文本\C-NISTEP-RM321-7877048F.txt,http://hdl.handle.net/11035/00006750,官方PDF已保存并校验
关键技术、专利与产业竞争力,科技创新政策与能力基线,C-NISTEP-RM321-7877048F,2022-12-01,W3,地域科学技術指標2020,机构正式研究,C:\Users\WINDOWS\OneDrive\知识库\智库信息爬虫\国际主要科技智库观点演变_研判\03_证据底稿\原文PDF\C-NISTEP-RM321-7877048F.pdf,C:\Users\WINDOWS\OneDrive\知识库\智库信息爬虫\国际主要科技智库观点演变_研判\03_证据底稿\文本\C-NISTEP-RM321-7877048F.txt,http://hdl.handle.net/11035/00006750,官方PDF已保存并校验
科技指标、论文与国际比较,科技创新政策与能力基线,C-NISTEP-RM321-7877048F,2022-12-01,W3,地域科学技術指標2020,机构正式研究,C:\Users\WINDOWS\OneDrive\知识库\智库信息爬虫\国际主要科技智库观点演变_研判\03_证据底稿\原文PDF\C-NISTEP-RM321-7877048F.pdf,C:\Users\WINDOWS\OneDrive\知识库\智库信息爬虫\国际主要科技智库观点演变_研判\03_证据底稿\文本\C-NISTEP-RM321-7877048F.txt,http://hdl.handle.net/11035/00006750,官方PDF已保存并校验
科研体系、资助与研究基础,科技创新政策与能力基线,C-NISTEP-RM321-7877048F,2022-12-01,W3,地域科学技術指標2020,机构正式研究,C:\Users\WINDOWS\OneDrive\知识库\智库信息爬虫\国际主要科技智库观点演变_研判\03_证据底稿\原文PDF\C-NISTEP-RM321-7877048F.pdf,C:\Users\WINDOWS\OneDrive\知识库\智库信息爬虫\国际主要科技智库观点演变_研判\03_证据底稿\文本\C-NISTEP-RM321-7877048F.txt,http://hdl.handle.net/11035/00006750,官方PDF已保存并校验
科技人才、博士与职业流动,科技创新政策与能力基线,C-NISTEP-RM321-7877048F,2022-12-01,W3,地域科学技術指標2020,机构正式研究,C:\Users\WINDOWS\OneDrive\知识库\智库信息爬虫\国际主要科技智库观点演变_研判\03_证据底稿\原文PDF\C-NISTEP-RM321-7877048F.pdf,C:\Users\WINDOWS\OneDrive\知识库\智库信息爬虫\国际主要科技智库观点演变_研判\03_证据底稿\文本\C-NISTEP-RM321-7877048F.txt,http://hdl.handle.net/11035/00006750,官方PDF已保存并校验
企业研发、创新与产学合作,科技创新政策与能力基线,C-NISTEP-RM321-7877048F,2022-12-01,W3,地域科学技術指標2020,机构正式研究,C:\Users\WINDOWS\OneDrive\知识库\智库信息爬虫\国际主要科技智库观点演变_研判\03_证据底稿\原文PDF\C-NISTEP-RM321-7877048F.pdf,C:\Users\WINDOWS\OneDrive\知识库\智库信息爬虫\国际主要科技智库观点演变_研判\03_证据底稿\文本\C-NISTEP-RM321-7877048F.txt,http://hdl.handle.net/11035/00006750,官方PDF已保存并校验
人工智能、数据与数字技术,科技创新政策与能力基线,C-NISTEP-RM322-98C42375,2022-12-01,W3,大学の研究規模による研究活動の違いと新型コロナウイルス感染症が大学の研究活動に与えた影響: 研究室パネル調査定常報告2021,机构正式研究,C:\Users\WINDOWS\OneDrive\知识库\智库信息爬虫\国际主要科技智库观点演变_研判\03_证据底稿\网页文本\C-NISTEP-RM322-98C42375.txt,C:\Users\WINDOWS\OneDrive\知识库\智库信息爬虫\国际主要科技智库观点演变_研判\03_证据底稿\网页文本\C-NISTEP-RM322-98C42375.txt,http://hdl.handle.net/11035/00006749,官方仓储PDF代理全文已保存
科技指标、论文与国际比较,科技创新政策与能力基线,C-NISTEP-RM322-98C42375,2022-12-01,W3,大学の研究規模による研究活動の違いと新型コロナウイルス感染症が大学の研究活動に与えた影響: 研究室パネル調査定常報告2021,机构正式研究,C:\Users\WINDOWS\OneDrive\知识库\智库信息爬虫\国际主要科技智库观点演变_研判\03_证据底稿\网页文本\C-NISTEP-RM322-98C42375.txt,C:\Users\WINDOWS\OneDrive\知识库\智库信息爬虫\国际主要科技智库观点演变_研判\03_证据底稿\网页文本\C-NISTEP-RM322-98C42375.txt,http://hdl.handle.net/11035/00006749,官方仓储PDF代理全文已保存
科研体系、资助与研究基础,科技创新政策与能力基线,C-NISTEP-RM322-98C42375,2022-12-01,W3,大学の研究規模による研究活動の違いと新型コロナウイルス感染症が大学の研究活動に与えた影響: 研究室パネル調査定常報告2021,机构正式研究,C:\Users\WINDOWS\OneDrive\知识库\智库信息爬虫\国际主要科技智库观点演变_研判\03_证据底稿\网页文本\C-NISTEP-RM322-98C42375.txt,C:\Users\WINDOWS\OneDrive\知识库\智库信息爬虫\国际主要科技智库观点演变_研判\03_证据底稿\网页文本\C-NISTEP-RM322-98C42375.txt,http://hdl.handle.net/11035/00006749,官方仓储PDF代理全文已保存
科技前瞻、新兴议题与社会,科技创新政策与能力基线,C-NISTEP-RM322-98C42375,2022-12-01,W3,大学の研究規模による研究活動の違いと新型コロナウイルス感染症が大学の研究活動に与えた影響: 研究室パネル調査定常報告2021,机构正式研究,C:\Users\WINDOWS\OneDrive\知识库\智库信息爬虫\国际主要科技智库观点演变_研判\03_证据底稿\网页文本\C-NISTEP-RM322-98C42375.txt,C:\Users\WINDOWS\OneDrive\知识库\智库信息爬虫\国际主要科技智库观点演变_研判\03_证据底稿\网页文本\C-NISTEP-RM322-98C42375.txt,http://hdl.handle.net/11035/00006749,官方仓储PDF代理全文已保存
人工智能、数据与数字技术,科技创新政策与能力基线,C-NISTEP-DP218-A28F3FE0,2023-01-01,W3,科学技術に関する国民意識調査－人的国際交流について－,作者讨论论文,C:\Users\WINDOWS\OneDrive\知识库\智库信息爬虫\国际主要科技智库观点演变_研判\03_证据底稿\原文PDF\C-NISTEP-DP218-A28F3FE0.pdf,C:\Users\WINDOWS\OneDrive\知识库\智库信息爬虫\国际主要科技智库观点演变_研判\03_证据底稿\文本\C-NISTEP-DP218-A28F3FE0.txt,http://hdl.handle.net/11035/00006755,官方PDF已保存并校验
科技指标、论文与国际比较,科技创新政策与能力基线,C-NISTEP-DP218-A28F3FE0,2023-01-01,W3,科学技術に関する国民意識調査－人的国際交流について－,作者讨论论文,C:\Users\WINDOWS\OneDrive\知识库\智库信息爬虫\国际主要科技智库观点演变_研判\03_证据底稿\原文PDF\C-NISTEP-DP218-A28F3FE0.pdf,C:\Users\WINDOWS\OneDrive\知识库\智库信息爬虫\国际主要科技智库观点演变_研判\03_证据底稿\文本\C-NISTEP-DP218-A28F3FE0.txt,http://hdl.handle.net/11035/00006755,官方PDF已保存并校验
科研体系、资助与研究基础,科技创新政策与能力基线,C-NISTEP-DP218-A28F3FE0,2023-01-01,W3,科学技術に関する国民意識調査－人的国際交流について－,作者讨论论文,C:\Users\WINDOWS\OneDrive\知识库\智库信息爬虫\国际主要科技智库观点演变_研判\03_证据底稿\原文PDF\C-NISTEP-DP218-A28F3FE0.pdf,C:\Users\WINDOWS\OneDrive\知识库\智库信息爬虫\国际主要科技智库观点演变_研判\03_证据底稿\文本\C-NISTEP-DP218-A28F3FE0.txt,http://hdl.handle.net/11035/00006755,官方PDF已保存并校验
企业研发、创新与产学合作,科技创新政策与能力基线,C-NISTEP-DP218-A28F3FE0,2023-01-01,W3,科学技術に関する国民意識調査－人的国際交流について－,作者讨论论文,C:\Users\WINDOWS\OneDrive\知识库\智库信息爬虫\国际主要科技智库观点演变_研判\03_证据底稿\原文PDF\C-NISTEP-DP218-A28F3FE0.pdf,C:\Users\WINDOWS\OneDrive\知识库\智库信息爬虫\国际主要科技智库观点演变_研判\03_证据底稿\文本\C-NISTEP-DP218-A28F3FE0.txt,http://hdl.handle.net/11035/00006755,官方PDF已保存并校验
中国科技能力与国际比较,科技创新政策与能力基线,C-NISTEP-DP218-A28F3FE0,2023-01-01,W3,科学技術に関する国民意識調査－人的国際交流について－,作者讨论论文,C:\Users\WINDOWS\OneDrive\知识库\智库信息爬虫\国际主要科技智库观点演变_研判\03_证据底稿\原文PDF\C-NISTEP-DP218-A28F3FE0.pdf,C:\Users\WINDOWS\OneDrive\知识库\智库信息爬虫\国际主要科技智库观点演变_研判\03_证据底稿\文本\C-NISTEP-DP218-A28F3FE0.txt,http://hdl.handle.net/11035/00006755,官方PDF已保存并校验
人工智能、数据与数字技术,科技创新政策与能力基线,C-NISTEP-RM323-6B4C26E5,2023-01-01,W3,修士課程（６年制学科を含む）在籍者を起点とした追跡調査（令和3年度修了（卒業）予定者）,机构正式研究,C:\Users\WINDOWS\OneDrive\知识库\智库信息爬虫\国际主要科技智库观点演变_研判\03_证据底稿\原文PDF\C-NISTEP-RM323-6B4C26E5.pdf,C:\Users\WINDOWS\OneDrive\知识库\智库信息爬虫\国际主要科技智库观点演变_研判\03_证据底稿\文本\C-NISTEP-RM323-6B4C26E5.txt,http://hdl.handle.net/11035/00006752,官方PDF已保存并校验
科技指标、论文与国际比较,科技创新政策与能力基线,C-NISTEP-RM323-6B4C26E5,2023-01-01,W3,修士課程（６年制学科を含む）在籍者を起点とした追跡調査（令和3年度修了（卒業）予定者）,机构正式研究,C:\Users\WINDOWS\OneDrive\知识库\智库信息爬虫\国际主要科技智库观点演变_研判\03_证据底稿\原文PDF\C-NISTEP-RM323-6B4C26E5.pdf,C:\Users\WINDOWS\OneDrive\知识库\智库信息爬虫\国际主要科技智库观点演变_研判\03_证据底稿\文本\C-NISTEP-RM323-6B4C26E5.txt,http://hdl.handle.net/11035/00006752,官方PDF已保存并校验
科研体系、资助与研究基础,科技创新政策与能力基线,C-NISTEP-RM323-6B4C26E5,2023-01-01,W3,修士課程（６年制学科を含む）在籍者を起点とした追跡調査（令和3年度修了（卒業）予定者）,机构正式研究,C:\Users\WINDOWS\OneDrive\知识库\智库信息爬虫\国际主要科技智库观点演变_研判\03_证据底稿\原文PDF\C-NISTEP-RM323-6B4C26E5.pdf,C:\Users\WINDOWS\OneDrive\知识库\智库信息爬虫\国际主要科技智库观点演变_研判\03_证据底稿\文本\C-NISTEP-RM323-6B4C26E5.txt,http://hdl.handle.net/11035/00006752,官方PDF已保存并校验
科技人才、博士与职业流动,科技创新政策与能力基线,C-NISTEP-RM323-6B4C26E5,2023-01-01,W3,修士課程（６年制学科を含む）在籍者を起点とした追跡調査（令和3年度修了（卒業）予定者）,机构正式研究,C:\Users\WINDOWS\OneDrive\知识库\智库信息爬虫\国际主要科技智库观点演变_研判\03_证据底稿\原文PDF\C-NISTEP-RM323-6B4C26E5.pdf,C:\Users\WINDOWS\OneDrive\知识库\智库信息爬虫\国际主要科技智库观点演变_研判\03_证据底稿\文本\C-NISTEP-RM323-6B4C26E5.txt,http://hdl.handle.net/11035/00006752,官方PDF已保存并校验
企业研发、创新与产学合作,科技创新政策与能力基线,C-NISTEP-RM323-6B4C26E5,2023-01-01,W3,修士課程（６年制学科を含む）在籍者を起点とした追跡調査（令和3年度修了（卒業）予定者）,机构正式研究,C:\Users\WINDOWS\OneDrive\知识库\智库信息爬虫\国际主要科技智库观点演变_研判\03_证据底稿\原文PDF\C-NISTEP-RM323-6B4C26E5.pdf,C:\Users\WINDOWS\OneDrive\知识库\智库信息爬虫\国际主要科技智库观点演变_研判\03_证据底稿\文本\C-NISTEP-RM323-6B4C26E5.txt,http://hdl.handle.net/11035/00006752,官方PDF已保存并校验
人工智能、数据与数字技术,科技创新政策与能力基线,C-NISTEP-RM324-60ECCF27,2023-01-01,W3,研究活動におけるオープンソース・データの利用に関する簡易調査,机构正式研究,C:\Users\WINDOWS\OneDrive\知识库\智库信息爬虫\国际主要科技智库观点演变_研判\03_证据底稿\网页文本\C-NISTEP-RM324-60ECCF27.txt,C:\Users\WINDOWS\OneDrive\知识库\智库信息爬虫\国际主要科技智库观点演变_研判\03_证据底稿\网页文本\C-NISTEP-RM324-60ECCF27.txt,http://hdl.handle.net/11035/00006756,官方仓储PDF代理全文已保存
科技指标、论文与国际比较,科技创新政策与能力基线,C-NISTEP-RM324-60ECCF27,2023-01-01,W3,研究活動におけるオープンソース・データの利用に関する簡易調査,机构正式研究,C:\Users\WINDOWS\OneDrive\知识库\智库信息爬虫\国际主要科技智库观点演变_研判\03_证据底稿\网页文本\C-NISTEP-RM324-60ECCF27.txt,C:\Users\WINDOWS\OneDrive\知识库\智库信息爬虫\国际主要科技智库观点演变_研判\03_证据底稿\网页文本\C-NISTEP-RM324-60ECCF27.txt,http://hdl.handle.net/11035/00006756,官方仓储PDF代理全文已保存
科研体系、资助与研究基础,科技创新政策与能力基线,C-NISTEP-RM324-60ECCF27,2023-01-01,W3,研究活動におけるオープンソース・データの利用に関する簡易調査,机构正式研究,C:\Users\WINDOWS\OneDrive\知识库\智库信息爬虫\国际主要科技智库观点演变_研判\03_证据底稿\网页文本\C-NISTEP-RM324-60ECCF27.txt,C:\Users\WINDOWS\OneDrive\知识库\智库信息爬虫\国际主要科技智库观点演变_研判\03_证据底稿\网页文本\C-NISTEP-RM324-60ECCF27.txt,http://hdl.handle.net/11035/00006756,官方仓储PDF代理全文已保存
科技人才、博士与职业流动,科技创新政策与能力基线,C-NISTEP-RM324-60ECCF27,2023-01-01,W3,研究活動におけるオープンソース・データの利用に関する簡易調査,机构正式研究,C:\Users\WINDOWS\OneDrive\知识库\智库信息爬虫\国际主要科技智库观点演变_研判\03_证据底稿\网页文本\C-NISTEP-RM324-60ECCF27.txt,C:\Users\WINDOWS\OneDrive\知识库\智库信息爬虫\国际主要科技智库观点演变_研判\03_证据底稿\网页文本\C-NISTEP-RM324-60ECCF27.txt,http://hdl.handle.net/11035/00006756,官方仓储PDF代理全文已保存
企业研发、创新与产学合作,科技创新政策与能力基线,C-NISTEP-RM324-60ECCF27,2023-01-01,W3,研究活動におけるオープンソース・データの利用に関する簡易調査,机构正式研究,C:\Users\WINDOWS\OneDrive\知识库\智库信息爬虫\国际主要科技智库观点演变_研判\03_证据底稿\网页文本\C-NISTEP-RM324-60ECCF27.txt,C:\Users\WINDOWS\OneDrive\知识库\智库信息爬虫\国际主要科技智库观点演变_研判\03_证据底稿\网页文本\C-NISTEP-RM324-60ECCF27.txt,http://hdl.handle.net/11035/00006756,官方仓储PDF代理全文已保存
开放科学、研究诚信与治理,科技创新政策与能力基线,C-NISTEP-RM324-60ECCF27,2023-01-01,W3,研究活動におけるオープンソース・データの利用に関する簡易調査,机构正式研究,C:\Users\WINDOWS\OneDrive\知识库\智库信息爬虫\国际主要科技智库观点演变_研判\03_证据底稿\网页文本\C-NISTEP-RM324-60ECCF27.txt,C:\Users\WINDOWS\OneDrive\知识库\智库信息爬虫\国际主要科技智库观点演变_研判\03_证据底稿\网页文本\C-NISTEP-RM324-60ECCF27.txt,http://hdl.handle.net/11035/00006756,官方仓储PDF代理全文已保存
人工智能、数据与数字技术,科技创新政策与能力基线,C-NISTEP-RM325-1A1F07E1,2023-02-01,W3,専門家が注目する科学技術に関するアンケート調査（NISTEP注目科学技術2022）,机构正式研究,C:\Users\WINDOWS\OneDrive\知识库\智库信息爬虫\国际主要科技智库观点演变_研判\03_证据底稿\网页文本\C-NISTEP-RM325-1A1F07E1.txt,C:\Users\WINDOWS\OneDrive\知识库\智库信息爬虫\国际主要科技智库观点演变_研判\03_证据底稿\网页文本\C-NISTEP-RM325-1A1F07E1.txt,http://hdl.handle.net/11035/00006759,官方仓储PDF代理全文已保存
关键技术、专利与产业竞争力,科技创新政策与能力基线,C-NISTEP-RM325-1A1F07E1,2023-02-01,W3,専門家が注目する科学技術に関するアンケート調査（NISTEP注目科学技術2022）,机构正式研究,C:\Users\WINDOWS\OneDrive\知识库\智库信息爬虫\国际主要科技智库观点演变_研判\03_证据底稿\网页文本\C-NISTEP-RM325-1A1F07E1.txt,C:\Users\WINDOWS\OneDrive\知识库\智库信息爬虫\国际主要科技智库观点演变_研判\03_证据底稿\网页文本\C-NISTEP-RM325-1A1F07E1.txt,http://hdl.handle.net/11035/00006759,官方仓储PDF代理全文已保存
科技指标、论文与国际比较,科技创新政策与能力基线,C-NISTEP-RM325-1A1F07E1,2023-02-01,W3,専門家が注目する科学技術に関するアンケート調査（NISTEP注目科学技術2022）,机构正式研究,C:\Users\WINDOWS\OneDrive\知识库\智库信息爬虫\国际主要科技智库观点演变_研判\03_证据底稿\网页文本\C-NISTEP-RM325-1A1F07E1.txt,C:\Users\WINDOWS\OneDrive\知识库\智库信息爬虫\国际主要科技智库观点演变_研判\03_证据底稿\网页文本\C-NISTEP-RM325-1A1F07E1.txt,http://hdl.handle.net/11035/00006759,官方仓储PDF代理全文已保存
科研体系、资助与研究基础,科技创新政策与能力基线,C-NISTEP-RM325-1A1F07E1,2023-02-01,W3,専門家が注目する科学技術に関するアンケート調査（NISTEP注目科学技術2022）,机构正式研究,C:\Users\WINDOWS\OneDrive\知识库\智库信息爬虫\国际主要科技智库观点演变_研判\03_证据底稿\网页文本\C-NISTEP-RM325-1A1F07E1.txt,C:\Users\WINDOWS\OneDrive\知识库\智库信息爬虫\国际主要科技智库观点演变_研判\03_证据底稿\网页文本\C-NISTEP-RM325-1A1F07E1.txt,http://hdl.handle.net/11035/00006759,官方仓储PDF代理全文已保存
科技前瞻、新兴议题与社会,科技创新政策与能力基线,C-NISTEP-RM325-1A1F07E1,2023-02-01,W3,専門家が注目する科学技術に関するアンケート調査（NISTEP注目科学技術2022）,机构正式研究,C:\Users\WINDOWS\OneDrive\知识库\智库信息爬虫\国际主要科技智库观点演变_研判\03_证据底稿\网页文本\C-NISTEP-RM325-1A1F07E1.txt,C:\Users\WINDOWS\OneDrive\知识库\智库信息爬虫\国际主要科技智库观点演变_研判\03_证据底稿\网页文本\C-NISTEP-RM325-1A1F07E1.txt,http://hdl.handle.net/11035/00006759,官方仓储PDF代理全文已保存
人工智能、数据与数字技术,科技创新政策与能力基线,C-NISTEP-DP219-34FE07F9,2023-03-01,W3,国際化視点の大学発ベンチャーデータ分析,作者讨论论文,C:\Users\WINDOWS\OneDrive\知识库\智库信息爬虫\国际主要科技智库观点演变_研判\03_证据底稿\原文PDF\C-NISTEP-DP219-34FE07F9.pdf,C:\Users\WINDOWS\OneDrive\知识库\智库信息爬虫\国际主要科技智库观点演变_研判\03_证据底稿\文本\C-NISTEP-DP219-34FE07F9.txt,http://hdl.handle.net/11035/00006762,官方PDF已保存并校验
关键技术、专利与产业竞争力,科技创新政策与能力基线,C-NISTEP-DP219-34FE07F9,2023-03-01,W3,国際化視点の大学発ベンチャーデータ分析,作者讨论论文,C:\Users\WINDOWS\OneDrive\知识库\智库信息爬虫\国际主要科技智库观点演变_研判\03_证据底稿\原文PDF\C-NISTEP-DP219-34FE07F9.pdf,C:\Users\WINDOWS\OneDrive\知识库\智库信息爬虫\国际主要科技智库观点演变_研判\03_证据底稿\文本\C-NISTEP-DP219-34FE07F9.txt,http://hdl.handle.net/11035/00006762,官方PDF已保存并校验
科技指标、论文与国际比较,科技创新政策与能力基线,C-NISTEP-DP219-34FE07F9,2023-03-01,W3,国際化視点の大学発ベンチャーデータ分析,作者讨论论文,C:\Users\WINDOWS\OneDrive\知识库\智库信息爬虫\国际主要科技智库观点演变_研判\03_证据底稿\原文PDF\C-NISTEP-DP219-34FE07F9.pdf,C:\Users\WINDOWS\OneDrive\知识库\智库信息爬虫\国际主要科技智库观点演变_研判\03_证据底稿\文本\C-NISTEP-DP219-34FE07F9.txt,http://hdl.handle.net/11035/00006762,官方PDF已保存并校验
科研体系、资助与研究基础,科技创新政策与能力基线,C-NISTEP-DP219-34FE07F9,2023-03-01,W3,国際化視点の大学発ベンチャーデータ分析,作者讨论论文,C:\Users\WINDOWS\OneDrive\知识库\智库信息爬虫\国际主要科技智库观点演变_研判\03_证据底稿\原文PDF\C-NISTEP-DP219-34FE07F9.pdf,C:\Users\WINDOWS\OneDrive\知识库\智库信息爬虫\国际主要科技智库观点演变_研判\03_证据底稿\文本\C-NISTEP-DP219-34FE07F9.txt,http://hdl.handle.net/11035/00006762,官方PDF已保存并校验
科技人才、博士与职业流动,科技创新政策与能力基线,C-NISTEP-DP219-34FE07F9,2023-03-01,W3,国際化視点の大学発ベンチャーデータ分析,作者讨论论文,C:\Users\WINDOWS\OneDrive\知识库\智库信息爬虫\国际主要科技智库观点演变_研判\03_证据底稿\原文PDF\C-NISTEP-DP219-34FE07F9.pdf,C:\Users\WINDOWS\OneDrive\知识库\智库信息爬虫\国际主要科技智库观点演变_研判\03_证据底稿\文本\C-NISTEP-DP219-34FE07F9.txt,http://hdl.handle.net/11035/00006762,官方PDF已保存并校验
企业研发、创新与产学合作,科技创新政策与能力基线,C-NISTEP-DP219-34FE07F9,2023-03-01,W3,国際化視点の大学発ベンチャーデータ分析,作者讨论论文,C:\Users\WINDOWS\OneDrive\知识库\智库信息爬虫\国际主要科技智库观点演变_研判\03_证据底稿\原文PDF\C-NISTEP-DP219-34FE07F9.pdf,C:\Users\WINDOWS\OneDrive\知识库\智库信息爬虫\国际主要科技智库观点演变_研判\03_证据底稿\文本\C-NISTEP-DP219-34FE07F9.txt,http://hdl.handle.net/11035/00006762,官方PDF已保存并校验
科技前瞻、新兴议题与社会,科技创新政策与能力基线,C-NISTEP-DP219-34FE07F9,2023-03-01,W3,国際化視点の大学発ベンチャーデータ分析,作者讨论论文,C:\Users\WINDOWS\OneDrive\知识库\智库信息爬虫\国际主要科技智库观点演变_研判\03_证据底稿\原文PDF\C-NISTEP-DP219-34FE07F9.pdf,C:\Users\WINDOWS\OneDrive\知识库\智库信息爬虫\国际主要科技智库观点演变_研判\03_证据底稿\文本\C-NISTEP-DP219-34FE07F9.txt,http://hdl.handle.net/11035/00006762,官方PDF已保存并校验
人工智能、数据与数字技术,科技创新政策与能力基线,C-NISTEP-DP220-DA8DCBC4,2023-03-01,W3,自然科学と人文学・社会科学の間の引用に着目した引用文脈分析：再生可能エネルギー（SDG7）と気候変動（SDG13）を事例として,作者讨论论文,C:\Users\WINDOWS\OneDrive\知识库\智库信息爬虫\国际主要科技智库观点演变_研判\03_证据底稿\网页文本\C-NISTEP-DP220-DA8DCBC4.txt,C:\Users\WINDOWS\OneDrive\知识库\智库信息爬虫\国际主要科技智库观点演变_研判\03_证据底稿\网页文本\C-NISTEP-DP220-DA8DCBC4.txt,http://hdl.handle.net/11035/00006764,官方仓储PDF代理全文已保存
科技指标、论文与国际比较,科技创新政策与能力基线,C-NISTEP-DP220-DA8DCBC4,2023-03-01,W3,自然科学と人文学・社会科学の間の引用に着目した引用文脈分析：再生可能エネルギー（SDG7）と気候変動（SDG13）を事例として,作者讨论论文,C:\Users\WINDOWS\OneDrive\知识库\智库信息爬虫\国际主要科技智库观点演变_研判\03_证据底稿\网页文本\C-NISTEP-DP220-DA8DCBC4.txt,C:\Users\WINDOWS\OneDrive\知识库\智库信息爬虫\国际主要科技智库观点演变_研判\03_证据底稿\网页文本\C-NISTEP-DP220-DA8DCBC4.txt,http://hdl.handle.net/11035/00006764,官方仓储PDF代理全文已保存
科研体系、资助与研究基础,科技创新政策与能力基线,C-NISTEP-DP220-DA8DCBC4,2023-03-01,W3,自然科学と人文学・社会科学の間の引用に着目した引用文脈分析：再生可能エネルギー（SDG7）と気候変動（SDG13）を事例として,作者讨论论文,C:\Users\WINDOWS\OneDrive\知识库\智库信息爬虫\国际主要科技智库观点演变_研判\03_证据底稿\网页文本\C-NISTEP-DP220-DA8DCBC4.txt,C:\Users\WINDOWS\OneDrive\知识库\智库信息爬虫\国际主要科技智库观点演变_研判\03_证据底稿\网页文本\C-NISTEP-DP220-DA8DCBC4.txt,http://hdl.handle.net/11035/00006764,官方仓储PDF代理全文已保存
科技人才、博士与职业流动,科技创新政策与能力基线,C-NISTEP-DP220-DA8DCBC4,2023-03-01,W3,自然科学と人文学・社会科学の間の引用に着目した引用文脈分析：再生可能エネルギー（SDG7）と気候変動（SDG13）を事例として,作者讨论论文,C:\Users\WINDOWS\OneDrive\知识库\智库信息爬虫\国际主要科技智库观点演变_研判\03_证据底稿\网页文本\C-NISTEP-DP220-DA8DCBC4.txt,C:\Users\WINDOWS\OneDrive\知识库\智库信息爬虫\国际主要科技智库观点演变_研判\03_证据底稿\网页文本\C-NISTEP-DP220-DA8DCBC4.txt,http://hdl.handle.net/11035/00006764,官方仓储PDF代理全文已保存
科技前瞻、新兴议题与社会,科技创新政策与能力基线,C-NISTEP-DP220-DA8DCBC4,2023-03-01,W3,自然科学と人文学・社会科学の間の引用に着目した引用文脈分析：再生可能エネルギー（SDG7）と気候変動（SDG13）を事例として,作者讨论论文,C:\Users\WINDOWS\OneDrive\知识库\智库信息爬虫\国际主要科技智库观点演变_研判\03_证据底稿\网页文本\C-NISTEP-DP220-DA8DCBC4.txt,C:\Users\WINDOWS\OneDrive\知识库\智库信息爬虫\国际主要科技智库观点演变_研判\03_证据底稿\网页文本\C-NISTEP-DP220-DA8DCBC4.txt,http://hdl.handle.net/11035/00006764,官方仓储PDF代理全文已保存
开放科学、研究诚信与治理,科技创新政策与能力基线,C-NISTEP-DP220-DA8DCBC4,2023-03-01,W3,自然科学と人文学・社会科学の間の引用に着目した引用文脈分析：再生可能エネルギー（SDG7）と気候変動（SDG13）を事例として,作者讨论论文,C:\Users\WINDOWS\OneDrive\知识库\智库信息爬虫\国际主要科技智库观点演变_研判\03_证据底稿\网页文本\C-NISTEP-DP220-DA8DCBC4.txt,C:\Users\WINDOWS\OneDrive\知识库\智库信息爬虫\国际主要科技智库观点演变_研判\03_证据底稿\网页文本\C-NISTEP-DP220-DA8DCBC4.txt,http://hdl.handle.net/11035/00006764,官方仓储PDF代理全文已保存
人工智能、数据与数字技术,科技创新政策与能力基线,C-NISTEP-DP221-A416E4D5,2023-03-01,W3,サイエンスベースのイノベーション実現のための吸収能力：全国イノベーション調査を用いた実証分析,作者讨论论文,C:\Users\WINDOWS\OneDrive\知识库\智库信息爬虫\国际主要科技智库观点演变_研判\03_证据底稿\网页文本\C-NISTEP-DP221-A416E4D5.txt,C:\Users\WINDOWS\OneDrive\知识库\智库信息爬虫\国际主要科技智库观点演变_研判\03_证据底稿\网页文本\C-NISTEP-DP221-A416E4D5.txt,http://hdl.handle.net/11035/00006765,官方仓储PDF代理全文已保存
关键技术、专利与产业竞争力,科技创新政策与能力基线,C-NISTEP-DP221-A416E4D5,2023-03-01,W3,サイエンスベースのイノベーション実現のための吸収能力：全国イノベーション調査を用いた実証分析,作者讨论论文,C:\Users\WINDOWS\OneDrive\知识库\智库信息爬虫\国际主要科技智库观点演变_研判\03_证据底稿\网页文本\C-NISTEP-DP221-A416E4D5.txt,C:\Users\WINDOWS\OneDrive\知识库\智库信息爬虫\国际主要科技智库观点演变_研判\03_证据底稿\网页文本\C-NISTEP-DP221-A416E4D5.txt,http://hdl.handle.net/11035/00006765,官方仓储PDF代理全文已保存
科技指标、论文与国际比较,科技创新政策与能力基线,C-NISTEP-DP221-A416E4D5,2023-03-01,W3,サイエンスベースのイノベーション実現のための吸収能力：全国イノベーション調査を用いた実証分析,作者讨论论文,C:\Users\WINDOWS\OneDrive\知识库\智库信息爬虫\国际主要科技智库观点演变_研判\03_证据底稿\网页文本\C-NISTEP-DP221-A416E4D5.txt,C:\Users\WINDOWS\OneDrive\知识库\智库信息爬虫\国际主要科技智库观点演变_研判\03_证据底稿\网页文本\C-NISTEP-DP221-A416E4D5.txt,http://hdl.handle.net/11035/00006765,官方仓储PDF代理全文已保存
科研体系、资助与研究基础,科技创新政策与能力基线,C-NISTEP-DP221-A416E4D5,2023-03-01,W3,サイエンスベースのイノベーション実現のための吸収能力：全国イノベーション調査を用いた実証分析,作者讨论论文,C:\Users\WINDOWS\OneDrive\知识库\智库信息爬虫\国际主要科技智库观点演变_研判\03_证据底稿\网页文本\C-NISTEP-DP221-A416E4D5.txt,C:\Users\WINDOWS\OneDrive\知识库\智库信息爬虫\国际主要科技智库观点演变_研判\03_证据底稿\网页文本\C-NISTEP-DP221-A416E4D5.txt,http://hdl.handle.net/11035/00006765,官方仓储PDF代理全文已保存
科技人才、博士与职业流动,科技创新政策与能力基线,C-NISTEP-DP221-A416E4D5,2023-03-01,W3,サイエンスベースのイノベーション実現のための吸収能力：全国イノベーション調査を用いた実証分析,作者讨论论文,C:\Users\WINDOWS\OneDrive\知识库\智库信息爬虫\国际主要科技智库观点演变_研判\03_证据底稿\网页文本\C-NISTEP-DP221-A416E4D5.txt,C:\Users\WINDOWS\OneDrive\知识库\智库信息爬虫\国际主要科技智库观点演变_研判\03_证据底稿\网页文本\C-NISTEP-DP221-A416E4D5.txt,http://hdl.handle.net/11035/00006765,官方仓储PDF代理全文已保存
企业研发、创新与产学合作,科技创新政策与能力基线,C-NISTEP-DP221-A416E4D5,2023-03-01,W3,サイエンスベースのイノベーション実現のための吸収能力：全国イノベーション調査を用いた実証分析,作者讨论论文,C:\Users\WINDOWS\OneDrive\知识库\智库信息爬虫\国际主要科技智库观点演变_研判\03_证据底稿\网页文本\C-NISTEP-DP221-A416E4D5.txt,C:\Users\WINDOWS\OneDrive\知识库\智库信息爬虫\国际主要科技智库观点演变_研判\03_证据底稿\网页文本\C-NISTEP-DP221-A416E4D5.txt,http://hdl.handle.net/11035/00006765,官方仓储PDF代理全文已保存
科技前瞻、新兴议题与社会,科技创新政策与能力基线,C-NISTEP-DP221-A416E4D5,2023-03-01,W3,サイエンスベースのイノベーション実現のための吸収能力：全国イノベーション調査を用いた実証分析,作者讨论论文,C:\Users\WINDOWS\OneDrive\知识库\智库信息爬虫\国际主要科技智库观点演变_研判\03_证据底稿\网页文本\C-NISTEP-DP221-A416E4D5.txt,C:\Users\WINDOWS\OneDrive\知识库\智库信息爬虫\国际主要科技智库观点演变_研判\03_证据底稿\网页文本\C-NISTEP-DP221-A416E4D5.txt,http://hdl.handle.net/11035/00006765,官方仓储PDF代理全文已保存
开放科学、研究诚信与治理,科技创新政策与能力基线,C-NISTEP-DP221-A416E4D5,2023-03-01,W3,サイエンスベースのイノベーション実現のための吸収能力：全国イノベーション調査を用いた実証分析,作者讨论论文,C:\Users\WINDOWS\OneDrive\知识库\智库信息爬虫\国际主要科技智库观点演变_研判\03_证据底稿\网页文本\C-NISTEP-DP221-A416E4D5.txt,C:\Users\WINDOWS\OneDrive\知识库\智库信息爬虫\国际主要科技智库观点演变_研判\03_证据底稿\网页文本\C-NISTEP-DP221-A416E4D5.txt,http://hdl.handle.net/11035/00006765,官方仓储PDF代理全文已保存
中国科技能力与国际比较,科技创新政策与能力基线,C-NISTEP-DP221-A416E4D5,2023-03-01,W3,サイエンスベースのイノベーション実現のための吸収能力：全国イノベーション調査を用いた実証分析,作者讨论论文,C:\Users\WINDOWS\OneDrive\知识库\智库信息爬虫\国际主要科技智库观点演变_研判\03_证据底稿\网页文本\C-NISTEP-DP221-A416E4D5.txt,C:\Users\WINDOWS\OneDrive\知识库\智库信息爬虫\国际主要科技智库观点演变_研判\03_证据底稿\网页文本\C-NISTEP-DP221-A416E4D5.txt,http://hdl.handle.net/11035/00006765,官方仓储PDF代理全文已保存
人工智能、数据与数字技术,科技创新政策与能力基线,C-NISTEP-NR196-E18DEDFD,2023-03-01,W3,サイエンスマップ 2020―論文データベース分析(2015-2020 年)による注目される研究領域の動向調査―,机构正式研究,C:\Users\WINDOWS\OneDrive\知识库\智库信息爬虫\国际主要科技智库观点演变_研判\03_证据底稿\网页文本\C-NISTEP-NR196-E18DEDFD.txt,C:\Users\WINDOWS\OneDrive\知识库\智库信息爬虫\国际主要科技智库观点演变_研判\03_证据底稿\网页文本\C-NISTEP-NR196-E18DEDFD.txt,http://hdl.handle.net/11035/00006763,官方发布页摘要已保存
科技指标、论文与国际比较,科技创新政策与能力基线,C-NISTEP-NR196-E18DEDFD,2023-03-01,W3,サイエンスマップ 2020―論文データベース分析(2015-2020 年)による注目される研究領域の動向調査―,机构正式研究,C:\Users\WINDOWS\OneDrive\知识库\智库信息爬虫\国际主要科技智库观点演变_研判\03_证据底稿\网页文本\C-NISTEP-NR196-E18DEDFD.txt,C:\Users\WINDOWS\OneDrive\知识库\智库信息爬虫\国际主要科技智库观点演变_研判\03_证据底稿\网页文本\C-NISTEP-NR196-E18DEDFD.txt,http://hdl.handle.net/11035/00006763,官方发布页摘要已保存
科研体系、资助与研究基础,科技创新政策与能力基线,C-NISTEP-NR196-E18DEDFD,2023-03-01,W3,サイエンスマップ 2020―論文データベース分析(2015-2020 年)による注目される研究領域の動向調査―,机构正式研究,C:\Users\WINDOWS\OneDrive\知识库\智库信息爬虫\国际主要科技智库观点演变_研判\03_证据底稿\网页文本\C-NISTEP-NR196-E18DEDFD.txt,C:\Users\WINDOWS\OneDrive\知识库\智库信息爬虫\国际主要科技智库观点演变_研判\03_证据底稿\网页文本\C-NISTEP-NR196-E18DEDFD.txt,http://hdl.handle.net/11035/00006763,官方发布页摘要已保存
科技人才、博士与职业流动,科技创新政策与能力基线,C-NISTEP-NR196-E18DEDFD,2023-03-01,W3,サイエンスマップ 2020―論文データベース分析(2015-2020 年)による注目される研究領域の動向調査―,机构正式研究,C:\Users\WINDOWS\OneDrive\知识库\智库信息爬虫\国际主要科技智库观点演变_研判\03_证据底稿\网页文本\C-NISTEP-NR196-E18DEDFD.txt,C:\Users\WINDOWS\OneDrive\知识库\智库信息爬虫\国际主要科技智库观点演变_研判\03_证据底稿\网页文本\C-NISTEP-NR196-E18DEDFD.txt,http://hdl.handle.net/11035/00006763,官方发布页摘要已保存
企业研发、创新与产学合作,科技创新政策与能力基线,C-NISTEP-NR196-E18DEDFD,2023-03-01,W3,サイエンスマップ 2020―論文データベース分析(2015-2020 年)による注目される研究領域の動向調査―,机构正式研究,C:\Users\WINDOWS\OneDrive\知识库\智库信息爬虫\国际主要科技智库观点演变_研判\03_证据底稿\网页文本\C-NISTEP-NR196-E18DEDFD.txt,C:\Users\WINDOWS\OneDrive\知识库\智库信息爬虫\国际主要科技智库观点演变_研判\03_证据底稿\网页文本\C-NISTEP-NR196-E18DEDFD.txt,http://hdl.handle.net/11035/00006763,官方发布页摘要已保存
科技前瞻、新兴议题与社会,科技创新政策与能力基线,C-NISTEP-NR196-E18DEDFD,2023-03-01,W3,サイエンスマップ 2020―論文データベース分析(2015-2020 年)による注目される研究領域の動向調査―,机构正式研究,C:\Users\WINDOWS\OneDrive\知识库\智库信息爬虫\国际主要科技智库观点演变_研判\03_证据底稿\网页文本\C-NISTEP-NR196-E18DEDFD.txt,C:\Users\WINDOWS\OneDrive\知识库\智库信息爬虫\国际主要科技智库观点演变_研判\03_证据底稿\网页文本\C-NISTEP-NR196-E18DEDFD.txt,http://hdl.handle.net/11035/00006763,官方发布页摘要已保存
中国科技能力与国际比较,科技创新政策与能力基线,C-NISTEP-NR196-E18DEDFD,2023-03-01,W3,サイエンスマップ 2020―論文データベース分析(2015-2020 年)による注目される研究領域の動向調査―,机构正式研究,C:\Users\WINDOWS\OneDrive\知识库\智库信息爬虫\国际主要科技智库观点演变_研判\03_证据底稿\网页文本\C-NISTEP-NR196-E18DEDFD.txt,C:\Users\WINDOWS\OneDrive\知识库\智库信息爬虫\国际主要科技智库观点演变_研判\03_证据底稿\网页文本\C-NISTEP-NR196-E18DEDFD.txt,http://hdl.handle.net/11035/00006763,官方发布页摘要已保存
人工智能、数据与数字技术,科技创新政策与能力基线,C-NISTEP-RM326-ED900616,2023-03-01,W3,プレダトリージャーナル判定リストの実態調査,机构正式研究,C:\Users\WINDOWS\OneDrive\知识库\智库信息爬虫\国际主要科技智库观点演变_研判\03_证据底稿\网页文本\C-NISTEP-RM326-ED900616.txt,C:\Users\WINDOWS\OneDrive\知识库\智库信息爬虫\国际主要科技智库观点演变_研判\03_证据底稿\网页文本\C-NISTEP-RM326-ED900616.txt,http://hdl.handle.net/11035/00006761,官方仓储PDF代理全文已保存
科技指标、论文与国际比较,科技创新政策与能力基线,C-NISTEP-RM326-ED900616,2023-03-01,W3,プレダトリージャーナル判定リストの実態調査,机构正式研究,C:\Users\WINDOWS\OneDrive\知识库\智库信息爬虫\国际主要科技智库观点演变_研判\03_证据底稿\网页文本\C-NISTEP-RM326-ED900616.txt,C:\Users\WINDOWS\OneDrive\知识库\智库信息爬虫\国际主要科技智库观点演变_研判\03_证据底稿\网页文本\C-NISTEP-RM326-ED900616.txt,http://hdl.handle.net/11035/00006761,官方仓储PDF代理全文已保存
企业研发、创新与产学合作,科技创新政策与能力基线,C-NISTEP-RM326-ED900616,2023-03-01,W3,プレダトリージャーナル判定リストの実態調査,机构正式研究,C:\Users\WINDOWS\OneDrive\知识库\智库信息爬虫\国际主要科技智库观点演变_研判\03_证据底稿\网页文本\C-NISTEP-RM326-ED900616.txt,C:\Users\WINDOWS\OneDrive\知识库\智库信息爬虫\国际主要科技智库观点演变_研判\03_证据底稿\网页文本\C-NISTEP-RM326-ED900616.txt,http://hdl.handle.net/11035/00006761,官方仓储PDF代理全文已保存
开放科学、研究诚信与治理,科技创新政策与能力基线,C-NISTEP-RM326-ED900616,2023-03-01,W3,プレダトリージャーナル判定リストの実態調査,机构正式研究,C:\Users\WINDOWS\OneDrive\知识库\智库信息爬虫\国际主要科技智库观点演变_研判\03_证据底稿\网页文本\C-NISTEP-RM326-ED900616.txt,C:\Users\WINDOWS\OneDrive\知识库\智库信息爬虫\国际主要科技智库观点演变_研判\03_证据底稿\网页文本\C-NISTEP-RM326-ED900616.txt,http://hdl.handle.net/11035/00006761,官方仓储PDF代理全文已保存
科技指标、论文与国际比较,科技创新政策与能力基线,C-NISTEP-NR197-9B5475C1,2023-04-01,W3,科学技術の状況に係る総合的意識調査（NISTEP定点調査2022）,机构正式研究,C:\Users\WINDOWS\OneDrive\知识库\智库信息爬虫\国际主要科技智库观点演变_研判\03_证据底稿\网页文本\C-NISTEP-NR197-9B5475C1.txt,C:\Users\WINDOWS\OneDrive\知识库\智库信息爬虫\国际主要科技智库观点演变_研判\03_证据底稿\网页文本\C-NISTEP-NR197-9B5475C1.txt,http://hdl.handle.net/11035/00006766,官方仓储PDF代理全文已保存
科研体系、资助与研究基础,科技创新政策与能力基线,C-NISTEP-NR197-9B5475C1,2023-04-01,W3,科学技術の状況に係る総合的意識調査（NISTEP定点調査2022）,机构正式研究,C:\Users\WINDOWS\OneDrive\知识库\智库信息爬虫\国际主要科技智库观点演变_研判\03_证据底稿\网页文本\C-NISTEP-NR197-9B5475C1.txt,C:\Users\WINDOWS\OneDrive\知识库\智库信息爬虫\国际主要科技智库观点演变_研判\03_证据底稿\网页文本\C-NISTEP-NR197-9B5475C1.txt,http://hdl.handle.net/11035/00006766,官方仓储PDF代理全文已保存
科技人才、博士与职业流动,科技创新政策与能力基线,C-NISTEP-NR197-9B5475C1,2023-04-01,W3,科学技術の状況に係る総合的意識調査（NISTEP定点調査2022）,机构正式研究,C:\Users\WINDOWS\OneDrive\知识库\智库信息爬虫\国际主要科技智库观点演变_研判\03_证据底稿\网页文本\C-NISTEP-NR197-9B5475C1.txt,C:\Users\WINDOWS\OneDrive\知识库\智库信息爬虫\国际主要科技智库观点演变_研判\03_证据底稿\网页文本\C-NISTEP-NR197-9B5475C1.txt,http://hdl.handle.net/11035/00006766,官方仓储PDF代理全文已保存
企业研发、创新与产学合作,科技创新政策与能力基线,C-NISTEP-NR197-9B5475C1,2023-04-01,W3,科学技術の状況に係る総合的意識調査（NISTEP定点調査2022）,机构正式研究,C:\Users\WINDOWS\OneDrive\知识库\智库信息爬虫\国际主要科技智库观点演变_研判\03_证据底稿\网页文本\C-NISTEP-NR197-9B5475C1.txt,C:\Users\WINDOWS\OneDrive\知识库\智库信息爬虫\国际主要科技智库观点演变_研判\03_证据底稿\网页文本\C-NISTEP-NR197-9B5475C1.txt,http://hdl.handle.net/11035/00006766,官方仓储PDF代理全文已保存
科技前瞻、新兴议题与社会,科技创新政策与能力基线,C-NISTEP-NR197-9B5475C1,2023-04-01,W3,科学技術の状況に係る総合的意識調査（NISTEP定点調査2022）,机构正式研究,C:\Users\WINDOWS\OneDrive\知识库\智库信息爬虫\国际主要科技智库观点演变_研判\03_证据底稿\网页文本\C-NISTEP-NR197-9B5475C1.txt,C:\Users\WINDOWS\OneDrive\知识库\智库信息爬虫\国际主要科技智库观点演变_研判\03_证据底稿\网页文本\C-NISTEP-NR197-9B5475C1.txt,http://hdl.handle.net/11035/00006766,官方仓储PDF代理全文已保存
开放科学、研究诚信与治理,科技创新政策与能力基线,C-NISTEP-NR197-9B5475C1,2023-04-01,W3,科学技術の状況に係る総合的意識調査（NISTEP定点調査2022）,机构正式研究,C:\Users\WINDOWS\OneDrive\知识库\智库信息爬虫\国际主要科技智库观点演变_研判\03_证据底稿\网页文本\C-NISTEP-NR197-9B5475C1.txt,C:\Users\WINDOWS\OneDrive\知识库\智库信息爬虫\国际主要科技智库观点演变_研判\03_证据底稿\网页文本\C-NISTEP-NR197-9B5475C1.txt,http://hdl.handle.net/11035/00006766,官方仓储PDF代理全文已保存
人工智能、数据与数字技术,科技创新政策与能力基线,C-NISTEP-NR198-68897C66,2023-04-01,W3,科学技術の状況に係る総合的意識調査（NISTEP定点調査2022）データ集,机构正式研究,C:\Users\WINDOWS\OneDrive\知识库\智库信息爬虫\国际主要科技智库观点演变_研判\03_证据底稿\网页文本\C-NISTEP-NR198-68897C66.txt,C:\Users\WINDOWS\OneDrive\知识库\智库信息爬虫\国际主要科技智库观点演变_研判\03_证据底稿\网页文本\C-NISTEP-NR198-68897C66.txt,http://hdl.handle.net/11035/00006767,官方发布页摘要已保存
科技指标、论文与国际比较,科技创新政策与能力基线,C-NISTEP-NR198-68897C66,2023-04-01,W3,科学技術の状況に係る総合的意識調査（NISTEP定点調査2022）データ集,机构正式研究,C:\Users\WINDOWS\OneDrive\知识库\智库信息爬虫\国际主要科技智库观点演变_研判\03_证据底稿\网页文本\C-NISTEP-NR198-68897C66.txt,C:\Users\WINDOWS\OneDrive\知识库\智库信息爬虫\国际主要科技智库观点演变_研判\03_证据底稿\网页文本\C-NISTEP-NR198-68897C66.txt,http://hdl.handle.net/11035/00006767,官方发布页摘要已保存
科研体系、资助与研究基础,科技创新政策与能力基线,C-NISTEP-NR198-68897C66,2023-04-01,W3,科学技術の状況に係る総合的意識調査（NISTEP定点調査2022）データ集,机构正式研究,C:\Users\WINDOWS\OneDrive\知识库\智库信息爬虫\国际主要科技智库观点演变_研判\03_证据底稿\网页文本\C-NISTEP-NR198-68897C66.txt,C:\Users\WINDOWS\OneDrive\知识库\智库信息爬虫\国际主要科技智库观点演变_研判\03_证据底稿\网页文本\C-NISTEP-NR198-68897C66.txt,http://hdl.handle.net/11035/00006767,官方发布页摘要已保存
科技人才、博士与职业流动,科技创新政策与能力基线,C-NISTEP-NR198-68897C66,2023-04-01,W3,科学技術の状況に係る総合的意識調査（NISTEP定点調査2022）データ集,机构正式研究,C:\Users\WINDOWS\OneDrive\知识库\智库信息爬虫\国际主要科技智库观点演变_研判\03_证据底稿\网页文本\C-NISTEP-NR198-68897C66.txt,C:\Users\WINDOWS\OneDrive\知识库\智库信息爬虫\国际主要科技智库观点演变_研判\03_证据底稿\网页文本\C-NISTEP-NR198-68897C66.txt,http://hdl.handle.net/11035/00006767,官方发布页摘要已保存
企业研发、创新与产学合作,科技创新政策与能力基线,C-NISTEP-NR198-68897C66,2023-04-01,W3,科学技術の状況に係る総合的意識調査（NISTEP定点調査2022）データ集,机构正式研究,C:\Users\WINDOWS\OneDrive\知识库\智库信息爬虫\国际主要科技智库观点演变_研判\03_证据底稿\网页文本\C-NISTEP-NR198-68897C66.txt,C:\Users\WINDOWS\OneDrive\知识库\智库信息爬虫\国际主要科技智库观点演变_研判\03_证据底稿\网页文本\C-NISTEP-NR198-68897C66.txt,http://hdl.handle.net/11035/00006767,官方发布页摘要已保存
科技前瞻、新兴议题与社会,科技创新政策与能力基线,C-NISTEP-NR198-68897C66,2023-04-01,W3,科学技術の状況に係る総合的意識調査（NISTEP定点調査2022）データ集,机构正式研究,C:\Users\WINDOWS\OneDrive\知识库\智库信息爬虫\国际主要科技智库观点演变_研判\03_证据底稿\网页文本\C-NISTEP-NR198-68897C66.txt,C:\Users\WINDOWS\OneDrive\知识库\智库信息爬虫\国际主要科技智库观点演变_研判\03_证据底稿\网页文本\C-NISTEP-NR198-68897C66.txt,http://hdl.handle.net/11035/00006767,官方发布页摘要已保存
人工智能、数据与数字技术,科技创新政策与能力基线,C-NISTEP-RM327-4760B869,2023-04-01,W3,論⽂のオープンアクセスと プレプリントに関する実態調査 2022 ：オープンサイエンスにおける⽇本の現状,机构正式研究,C:\Users\WINDOWS\OneDrive\知识库\智库信息爬虫\国际主要科技智库观点演变_研判\03_证据底稿\网页文本\C-NISTEP-RM327-4760B869.txt,C:\Users\WINDOWS\OneDrive\知识库\智库信息爬虫\国际主要科技智库观点演变_研判\03_证据底稿\网页文本\C-NISTEP-RM327-4760B869.txt,http://hdl.handle.net/11035/00006768,官方发布页摘要已保存
科技指标、论文与国际比较,科技创新政策与能力基线,C-NISTEP-RM327-4760B869,2023-04-01,W3,論⽂のオープンアクセスと プレプリントに関する実態調査 2022 ：オープンサイエンスにおける⽇本の現状,机构正式研究,C:\Users\WINDOWS\OneDrive\知识库\智库信息爬虫\国际主要科技智库观点演变_研判\03_证据底稿\网页文本\C-NISTEP-RM327-4760B869.txt,C:\Users\WINDOWS\OneDrive\知识库\智库信息爬虫\国际主要科技智库观点演变_研判\03_证据底稿\网页文本\C-NISTEP-RM327-4760B869.txt,http://hdl.handle.net/11035/00006768,官方发布页摘要已保存
科研体系、资助与研究基础,科技创新政策与能力基线,C-NISTEP-RM327-4760B869,2023-04-01,W3,論⽂のオープンアクセスと プレプリントに関する実態調査 2022 ：オープンサイエンスにおける⽇本の現状,机构正式研究,C:\Users\WINDOWS\OneDrive\知识库\智库信息爬虫\国际主要科技智库观点演变_研判\03_证据底稿\网页文本\C-NISTEP-RM327-4760B869.txt,C:\Users\WINDOWS\OneDrive\知识库\智库信息爬虫\国际主要科技智库观点演变_研判\03_证据底稿\网页文本\C-NISTEP-RM327-4760B869.txt,http://hdl.handle.net/11035/00006768,官方发布页摘要已保存
科技人才、博士与职业流动,科技创新政策与能力基线,C-NISTEP-RM327-4760B869,2023-04-01,W3,論⽂のオープンアクセスと プレプリントに関する実態調査 2022 ：オープンサイエンスにおける⽇本の現状,机构正式研究,C:\Users\WINDOWS\OneDrive\知识库\智库信息爬虫\国际主要科技智库观点演变_研判\03_证据底稿\网页文本\C-NISTEP-RM327-4760B869.txt,C:\Users\WINDOWS\OneDrive\知识库\智库信息爬虫\国际主要科技智库观点演变_研判\03_证据底稿\网页文本\C-NISTEP-RM327-4760B869.txt,http://hdl.handle.net/11035/00006768,官方发布页摘要已保存
企业研发、创新与产学合作,科技创新政策与能力基线,C-NISTEP-RM327-4760B869,2023-04-01,W3,論⽂のオープンアクセスと プレプリントに関する実態調査 2022 ：オープンサイエンスにおける⽇本の現状,机构正式研究,C:\Users\WINDOWS\OneDrive\知识库\智库信息爬虫\国际主要科技智库观点演变_研判\03_证据底稿\网页文本\C-NISTEP-RM327-4760B869.txt,C:\Users\WINDOWS\OneDrive\知识库\智库信息爬虫\国际主要科技智库观点演变_研判\03_证据底稿\网页文本\C-NISTEP-RM327-4760B869.txt,http://hdl.handle.net/11035/00006768,官方发布页摘要已保存
科技前瞻、新兴议题与社会,科技创新政策与能力基线,C-NISTEP-RM327-4760B869,2023-04-01,W3,論⽂のオープンアクセスと プレプリントに関する実態調査 2022 ：オープンサイエンスにおける⽇本の現状,机构正式研究,C:\Users\WINDOWS\OneDrive\知识库\智库信息爬虫\国际主要科技智库观点演变_研判\03_证据底稿\网页文本\C-NISTEP-RM327-4760B869.txt,C:\Users\WINDOWS\OneDrive\知识库\智库信息爬虫\国际主要科技智库观点演变_研判\03_证据底稿\网页文本\C-NISTEP-RM327-4760B869.txt,http://hdl.handle.net/11035/00006768,官方发布页摘要已保存
开放科学、研究诚信与治理,科技创新政策与能力基线,C-NISTEP-RM327-4760B869,2023-04-01,W3,論⽂のオープンアクセスと プレプリントに関する実態調査 2022 ：オープンサイエンスにおける⽇本の現状,机构正式研究,C:\Users\WINDOWS\OneDrive\知识库\智库信息爬虫\国际主要科技智库观点演变_研判\03_证据底稿\网页文本\C-NISTEP-RM327-4760B869.txt,C:\Users\WINDOWS\OneDrive\知识库\智库信息爬虫\国际主要科技智库观点演变_研判\03_证据底稿\网页文本\C-NISTEP-RM327-4760B869.txt,http://hdl.handle.net/11035/00006768,官方发布页摘要已保存
人工智能、数据与数字技术,核心科技直接材料,C-NISTEP-DP222-3879E056,2023-05-01,W3,人工知能分野及びロボティクス分野の国際会議における国別発表件数の推移等に関する分析,作者讨论论文,C:\Users\WINDOWS\OneDrive\知识库\智库信息爬虫\国际主要科技智库观点演变_研判\03_证据底稿\网页文本\C-NISTEP-DP222-3879E056.txt,C:\Users\WINDOWS\OneDrive\知识库\智库信息爬虫\国际主要科技智库观点演变_研判\03_证据底稿\网页文本\C-NISTEP-DP222-3879E056.txt,http://hdl.handle.net/11035/00006770,官方仓储PDF代理全文已保存
科技指标、论文与国际比较,核心科技直接材料,C-NISTEP-DP222-3879E056,2023-05-01,W3,人工知能分野及びロボティクス分野の国際会議における国別発表件数の推移等に関する分析,作者讨论论文,C:\Users\WINDOWS\OneDrive\知识库\智库信息爬虫\国际主要科技智库观点演变_研判\03_证据底稿\网页文本\C-NISTEP-DP222-3879E056.txt,C:\Users\WINDOWS\OneDrive\知识库\智库信息爬虫\国际主要科技智库观点演变_研判\03_证据底稿\网页文本\C-NISTEP-DP222-3879E056.txt,http://hdl.handle.net/11035/00006770,官方仓储PDF代理全文已保存
科技前瞻、新兴议题与社会,核心科技直接材料,C-NISTEP-DP222-3879E056,2023-05-01,W3,人工知能分野及びロボティクス分野の国際会議における国別発表件数の推移等に関する分析,作者讨论论文,C:\Users\WINDOWS\OneDrive\知识库\智库信息爬虫\国际主要科技智库观点演变_研判\03_证据底稿\网页文本\C-NISTEP-DP222-3879E056.txt,C:\Users\WINDOWS\OneDrive\知识库\智库信息爬虫\国际主要科技智库观点演变_研判\03_证据底稿\网页文本\C-NISTEP-DP222-3879E056.txt,http://hdl.handle.net/11035/00006770,官方仓储PDF代理全文已保存
中国科技能力与国际比较,核心科技直接材料,C-NISTEP-DP222-3879E056,2023-05-01,W3,人工知能分野及びロボティクス分野の国際会議における国別発表件数の推移等に関する分析,作者讨论论文,C:\Users\WINDOWS\OneDrive\知识库\智库信息爬虫\国际主要科技智库观点演变_研判\03_证据底稿\网页文本\C-NISTEP-DP222-3879E056.txt,C:\Users\WINDOWS\OneDrive\知识库\智库信息爬虫\国际主要科技智库观点演变_研判\03_证据底稿\网页文本\C-NISTEP-DP222-3879E056.txt,http://hdl.handle.net/11035/00006770,官方仓储PDF代理全文已保存
人工智能、数据与数字技术,科技创新政策与能力基线,C-NISTEP-DP223-EA73B2B1,2023-06-01,W3,The impact of cluster policy on academic knowledge creation and regional innovation: Geography of university-industry collaboration in Japan （学術的知識創造と地域イノベーションへのクラスター政策の影響: 日本における産学連携の地理）,作者讨论论文,C:\Users\WINDOWS\OneDrive\知识库\智库信息爬虫\国际主要科技智库观点演变_研判\03_证据底稿\原文PDF\C-NISTEP-DP223-EA73B2B1.pdf,C:\Users\WINDOWS\OneDrive\知识库\智库信息爬虫\国际主要科技智库观点演变_研判\03_证据底稿\文本\C-NISTEP-DP223-EA73B2B1.txt,http://hdl.handle.net/11035/0002000007,官方PDF已保存并校验
关键技术、专利与产业竞争力,科技创新政策与能力基线,C-NISTEP-DP223-EA73B2B1,2023-06-01,W3,The impact of cluster policy on academic knowledge creation and regional innovation: Geography of university-industry collaboration in Japan （学術的知識創造と地域イノベーションへのクラスター政策の影響: 日本における産学連携の地理）,作者讨论论文,C:\Users\WINDOWS\OneDrive\知识库\智库信息爬虫\国际主要科技智库观点演变_研判\03_证据底稿\原文PDF\C-NISTEP-DP223-EA73B2B1.pdf,C:\Users\WINDOWS\OneDrive\知识库\智库信息爬虫\国际主要科技智库观点演变_研判\03_证据底稿\文本\C-NISTEP-DP223-EA73B2B1.txt,http://hdl.handle.net/11035/0002000007,官方PDF已保存并校验
科技指标、论文与国际比较,科技创新政策与能力基线,C-NISTEP-DP223-EA73B2B1,2023-06-01,W3,The impact of cluster policy on academic knowledge creation and regional innovation: Geography of university-industry collaboration in Japan （学術的知識創造と地域イノベーションへのクラスター政策の影響: 日本における産学連携の地理）,作者讨论论文,C:\Users\WINDOWS\OneDrive\知识库\智库信息爬虫\国际主要科技智库观点演变_研判\03_证据底稿\原文PDF\C-NISTEP-DP223-EA73B2B1.pdf,C:\Users\WINDOWS\OneDrive\知识库\智库信息爬虫\国际主要科技智库观点演变_研判\03_证据底稿\文本\C-NISTEP-DP223-EA73B2B1.txt,http://hdl.handle.net/11035/0002000007,官方PDF已保存并校验
科研体系、资助与研究基础,科技创新政策与能力基线,C-NISTEP-DP223-EA73B2B1,2023-06-01,W3,The impact of cluster policy on academic knowledge creation and regional innovation: Geography of university-industry collaboration in Japan （学術的知識創造と地域イノベーションへのクラスター政策の影響: 日本における産学連携の地理）,作者讨论论文,C:\Users\WINDOWS\OneDrive\知识库\智库信息爬虫\国际主要科技智库观点演变_研判\03_证据底稿\原文PDF\C-NISTEP-DP223-EA73B2B1.pdf,C:\Users\WINDOWS\OneDrive\知识库\智库信息爬虫\国际主要科技智库观点演变_研判\03_证据底稿\文本\C-NISTEP-DP223-EA73B2B1.txt,http://hdl.handle.net/11035/0002000007,官方PDF已保存并校验
企业研发、创新与产学合作,科技创新政策与能力基线,C-NISTEP-DP223-EA73B2B1,2023-06-01,W3,The impact of cluster policy on academic knowledge creation and regional innovation: Geography of university-industry collaboration in Japan （学術的知識創造と地域イノベーションへのクラスター政策の影響: 日本における産学連携の地理）,作者讨论论文,C:\Users\WINDOWS\OneDrive\知识库\智库信息爬虫\国际主要科技智库观点演变_研判\03_证据底稿\原文PDF\C-NISTEP-DP223-EA73B2B1.pdf,C:\Users\WINDOWS\OneDrive\知识库\智库信息爬虫\国际主要科技智库观点演变_研判\03_证据底稿\文本\C-NISTEP-DP223-EA73B2B1.txt,http://hdl.handle.net/11035/0002000007,官方PDF已保存并校验
关键技术、专利与产业竞争力,科技创新政策与能力基线,C-NISTEP-NR199-51323116,2023-06-01,W3,民間企業の研究活動に関する調査報告2022,机构正式研究,C:\Users\WINDOWS\OneDrive\知识库\智库信息爬虫\国际主要科技智库观点演变_研判\03_证据底稿\原文PDF\C-NISTEP-NR199-51323116.pdf,C:\Users\WINDOWS\OneDrive\知识库\智库信息爬虫\国际主要科技智库观点演变_研判\03_证据底稿\文本\C-NISTEP-NR199-51323116.txt,http://hdl.handle.net/11035/0002000014,官方PDF已保存并校验
科技指标、论文与国际比较,科技创新政策与能力基线,C-NISTEP-NR199-51323116,2023-06-01,W3,民間企業の研究活動に関する調査報告2022,机构正式研究,C:\Users\WINDOWS\OneDrive\知识库\智库信息爬虫\国际主要科技智库观点演变_研判\03_证据底稿\原文PDF\C-NISTEP-NR199-51323116.pdf,C:\Users\WINDOWS\OneDrive\知识库\智库信息爬虫\国际主要科技智库观点演变_研判\03_证据底稿\文本\C-NISTEP-NR199-51323116.txt,http://hdl.handle.net/11035/0002000014,官方PDF已保存并校验
科研体系、资助与研究基础,科技创新政策与能力基线,C-NISTEP-NR199-51323116,2023-06-01,W3,民間企業の研究活動に関する調査報告2022,机构正式研究,C:\Users\WINDOWS\OneDrive\知识库\智库信息爬虫\国际主要科技智库观点演变_研判\03_证据底稿\原文PDF\C-NISTEP-NR199-51323116.pdf,C:\Users\WINDOWS\OneDrive\知识库\智库信息爬虫\国际主要科技智库观点演变_研判\03_证据底稿\文本\C-NISTEP-NR199-51323116.txt,http://hdl.handle.net/11035/0002000014,官方PDF已保存并校验
科技人才、博士与职业流动,科技创新政策与能力基线,C-NISTEP-NR199-51323116,2023-06-01,W3,民間企業の研究活動に関する調査報告2022,机构正式研究,C:\Users\WINDOWS\OneDrive\知识库\智库信息爬虫\国际主要科技智库观点演变_研判\03_证据底稿\原文PDF\C-NISTEP-NR199-51323116.pdf,C:\Users\WINDOWS\OneDrive\知识库\智库信息爬虫\国际主要科技智库观点演变_研判\03_证据底稿\文本\C-NISTEP-NR199-51323116.txt,http://hdl.handle.net/11035/0002000014,官方PDF已保存并校验
企业研发、创新与产学合作,科技创新政策与能力基线,C-NISTEP-NR199-51323116,2023-06-01,W3,民間企業の研究活動に関する調査報告2022,机构正式研究,C:\Users\WINDOWS\OneDrive\知识库\智库信息爬虫\国际主要科技智库观点演变_研判\03_证据底稿\原文PDF\C-NISTEP-NR199-51323116.pdf,C:\Users\WINDOWS\OneDrive\知识库\智库信息爬虫\国际主要科技智库观点演变_研判\03_证据底稿\文本\C-NISTEP-NR199-51323116.txt,http://hdl.handle.net/11035/0002000014,官方PDF已保存并校验
人工智能、数据与数字技术,科技创新政策与能力基线,C-NISTEP-DP224-0A1E7584,2023-08-01,W3,科学技術に関する国民意識調査 －科学技術とウェルビーイングとの関係－,作者讨论论文,C:\Users\WINDOWS\OneDrive\知识库\智库信息爬虫\国际主要科技智库观点演变_研判\03_证据底稿\原文PDF\C-NISTEP-DP224-0A1E7584.pdf,C:\Users\WINDOWS\OneDrive\知识库\智库信息爬虫\国际主要科技智库观点演变_研判\03_证据底稿\文本\C-NISTEP-DP224-0A1E7584.txt,https://nistep.repo.nii.ac.jp/records/2000012,官方PDF已保存并校验
科技指标、论文与国际比较,科技创新政策与能力基线,C-NISTEP-DP224-0A1E7584,2023-08-01,W3,科学技術に関する国民意識調査 －科学技術とウェルビーイングとの関係－,作者讨论论文,C:\Users\WINDOWS\OneDrive\知识库\智库信息爬虫\国际主要科技智库观点演变_研判\03_证据底稿\原文PDF\C-NISTEP-DP224-0A1E7584.pdf,C:\Users\WINDOWS\OneDrive\知识库\智库信息爬虫\国际主要科技智库观点演变_研判\03_证据底稿\文本\C-NISTEP-DP224-0A1E7584.txt,https://nistep.repo.nii.ac.jp/records/2000012,官方PDF已保存并校验
科研体系、资助与研究基础,科技创新政策与能力基线,C-NISTEP-DP224-0A1E7584,2023-08-01,W3,科学技術に関する国民意識調査 －科学技術とウェルビーイングとの関係－,作者讨论论文,C:\Users\WINDOWS\OneDrive\知识库\智库信息爬虫\国际主要科技智库观点演变_研判\03_证据底稿\原文PDF\C-NISTEP-DP224-0A1E7584.pdf,C:\Users\WINDOWS\OneDrive\知识库\智库信息爬虫\国际主要科技智库观点演变_研判\03_证据底稿\文本\C-NISTEP-DP224-0A1E7584.txt,https://nistep.repo.nii.ac.jp/records/2000012,官方PDF已保存并校验
科技人才、博士与职业流动,科技创新政策与能力基线,C-NISTEP-DP224-0A1E7584,2023-08-01,W3,科学技術に関する国民意識調査 －科学技術とウェルビーイングとの関係－,作者讨论论文,C:\Users\WINDOWS\OneDrive\知识库\智库信息爬虫\国际主要科技智库观点演变_研判\03_证据底稿\原文PDF\C-NISTEP-DP224-0A1E7584.pdf,C:\Users\WINDOWS\OneDrive\知识库\智库信息爬虫\国际主要科技智库观点演变_研判\03_证据底稿\文本\C-NISTEP-DP224-0A1E7584.txt,https://nistep.repo.nii.ac.jp/records/2000012,官方PDF已保存并校验
企业研发、创新与产学合作,科技创新政策与能力基线,C-NISTEP-DP224-0A1E7584,2023-08-01,W3,科学技術に関する国民意識調査 －科学技術とウェルビーイングとの関係－,作者讨论论文,C:\Users\WINDOWS\OneDrive\知识库\智库信息爬虫\国际主要科技智库观点演变_研判\03_证据底稿\原文PDF\C-NISTEP-DP224-0A1E7584.pdf,C:\Users\WINDOWS\OneDrive\知识库\智库信息爬虫\国际主要科技智库观点演变_研判\03_证据底稿\文本\C-NISTEP-DP224-0A1E7584.txt,https://nistep.repo.nii.ac.jp/records/2000012,官方PDF已保存并校验
人工智能、数据与数字技术,科技创新政策与能力基线,C-NISTEP-DP225-8DA2F15E,2023-08-01,W3,日本の大学で実施されている研究プロジェクトの分類とその成果物の傾向分析 研究のモチベーションに着目したアプローチ,作者讨论论文,C:\Users\WINDOWS\OneDrive\知识库\智库信息爬虫\国际主要科技智库观点演变_研判\03_证据底稿\网页文本\C-NISTEP-DP225-8DA2F15E.txt,C:\Users\WINDOWS\OneDrive\知识库\智库信息爬虫\国际主要科技智库观点演变_研判\03_证据底稿\网页文本\C-NISTEP-DP225-8DA2F15E.txt,https://nistep.repo.nii.ac.jp/records/2000015,官方仓储PDF代理全文已保存
关键技术、专利与产业竞争力,科技创新政策与能力基线,C-NISTEP-DP225-8DA2F15E,2023-08-01,W3,日本の大学で実施されている研究プロジェクトの分類とその成果物の傾向分析 研究のモチベーションに着目したアプローチ,作者讨论论文,C:\Users\WINDOWS\OneDrive\知识库\智库信息爬虫\国际主要科技智库观点演变_研判\03_证据底稿\网页文本\C-NISTEP-DP225-8DA2F15E.txt,C:\Users\WINDOWS\OneDrive\知识库\智库信息爬虫\国际主要科技智库观点演变_研判\03_证据底稿\网页文本\C-NISTEP-DP225-8DA2F15E.txt,https://nistep.repo.nii.ac.jp/records/2000015,官方仓储PDF代理全文已保存
科技指标、论文与国际比较,科技创新政策与能力基线,C-NISTEP-DP225-8DA2F15E,2023-08-01,W3,日本の大学で実施されている研究プロジェクトの分類とその成果物の傾向分析 研究のモチベーションに着目したアプローチ,作者讨论论文,C:\Users\WINDOWS\OneDrive\知识库\智库信息爬虫\国际主要科技智库观点演变_研判\03_证据底稿\网页文本\C-NISTEP-DP225-8DA2F15E.txt,C:\Users\WINDOWS\OneDrive\知识库\智库信息爬虫\国际主要科技智库观点演变_研判\03_证据底稿\网页文本\C-NISTEP-DP225-8DA2F15E.txt,https://nistep.repo.nii.ac.jp/records/2000015,官方仓储PDF代理全文已保存
科研体系、资助与研究基础,科技创新政策与能力基线,C-NISTEP-DP225-8DA2F15E,2023-08-01,W3,日本の大学で実施されている研究プロジェクトの分類とその成果物の傾向分析 研究のモチベーションに着目したアプローチ,作者讨论论文,C:\Users\WINDOWS\OneDrive\知识库\智库信息爬虫\国际主要科技智库观点演变_研判\03_证据底稿\网页文本\C-NISTEP-DP225-8DA2F15E.txt,C:\Users\WINDOWS\OneDrive\知识库\智库信息爬虫\国际主要科技智库观点演变_研判\03_证据底稿\网页文本\C-NISTEP-DP225-8DA2F15E.txt,https://nistep.repo.nii.ac.jp/records/2000015,官方仓储PDF代理全文已保存
企业研发、创新与产学合作,科技创新政策与能力基线,C-NISTEP-DP225-8DA2F15E,2023-08-01,W3,日本の大学で実施されている研究プロジェクトの分類とその成果物の傾向分析 研究のモチベーションに着目したアプローチ,作者讨论论文,C:\Users\WINDOWS\OneDrive\知识库\智库信息爬虫\国际主要科技智库观点演变_研判\03_证据底稿\网页文本\C-NISTEP-DP225-8DA2F15E.txt,C:\Users\WINDOWS\OneDrive\知识库\智库信息爬虫\国际主要科技智库观点演变_研判\03_证据底稿\网页文本\C-NISTEP-DP225-8DA2F15E.txt,https://nistep.repo.nii.ac.jp/records/2000015,官方仓储PDF代理全文已保存
科技前瞻、新兴议题与社会,科技创新政策与能力基线,C-NISTEP-DP225-8DA2F15E,2023-08-01,W3,日本の大学で実施されている研究プロジェクトの分類とその成果物の傾向分析 研究のモチベーションに着目したアプローチ,作者讨论论文,C:\Users\WINDOWS\OneDrive\知识库\智库信息爬虫\国际主要科技智库观点演变_研判\03_证据底稿\网页文本\C-NISTEP-DP225-8DA2F15E.txt,C:\Users\WINDOWS\OneDrive\知识库\智库信息爬虫\国际主要科技智库观点演变_研判\03_证据底稿\网页文本\C-NISTEP-DP225-8DA2F15E.txt,https://nistep.repo.nii.ac.jp/records/2000015,官方仓储PDF代理全文已保存
人工智能、数据与数字技术,科技创新政策与能力基线,C-NISTEP-RM328-90FFCE4D,2023-08-01,W3,科学技術指標2023,机构正式研究,C:\Users\WINDOWS\OneDrive\知识库\智库信息爬虫\国际主要科技智库观点演变_研判\03_证据底稿\网页文本\C-NISTEP-RM328-90FFCE4D.txt,C:\Users\WINDOWS\OneDrive\知识库\智库信息爬虫\国际主要科技智库观点演变_研判\03_证据底稿\网页文本\C-NISTEP-RM328-90FFCE4D.txt,http://hdl.handle.net/11035/0002000006,官方HTML版报告已保存
关键技术、专利与产业竞争力,科技创新政策与能力基线,C-NISTEP-RM328-90FFCE4D,2023-08-01,W3,科学技術指標2023,机构正式研究,C:\Users\WINDOWS\OneDrive\知识库\智库信息爬虫\国际主要科技智库观点演变_研判\03_证据底稿\网页文本\C-NISTEP-RM328-90FFCE4D.txt,C:\Users\WINDOWS\OneDrive\知识库\智库信息爬虫\国际主要科技智库观点演变_研判\03_证据底稿\网页文本\C-NISTEP-RM328-90FFCE4D.txt,http://hdl.handle.net/11035/0002000006,官方HTML版报告已保存
科技指标、论文与国际比较,科技创新政策与能力基线,C-NISTEP-RM328-90FFCE4D,2023-08-01,W3,科学技術指標2023,机构正式研究,C:\Users\WINDOWS\OneDrive\知识库\智库信息爬虫\国际主要科技智库观点演变_研判\03_证据底稿\网页文本\C-NISTEP-RM328-90FFCE4D.txt,C:\Users\WINDOWS\OneDrive\知识库\智库信息爬虫\国际主要科技智库观点演变_研判\03_证据底稿\网页文本\C-NISTEP-RM328-90FFCE4D.txt,http://hdl.handle.net/11035/0002000006,官方HTML版报告已保存
科研体系、资助与研究基础,科技创新政策与能力基线,C-NISTEP-RM328-90FFCE4D,2023-08-01,W3,科学技術指標2023,机构正式研究,C:\Users\WINDOWS\OneDrive\知识库\智库信息爬虫\国际主要科技智库观点演变_研判\03_证据底稿\网页文本\C-NISTEP-RM328-90FFCE4D.txt,C:\Users\WINDOWS\OneDrive\知识库\智库信息爬虫\国际主要科技智库观点演变_研判\03_证据底稿\网页文本\C-NISTEP-RM328-90FFCE4D.txt,http://hdl.handle.net/11035/0002000006,官方HTML版报告已保存
科技人才、博士与职业流动,科技创新政策与能力基线,C-NISTEP-RM328-90FFCE4D,2023-08-01,W3,科学技術指標2023,机构正式研究,C:\Users\WINDOWS\OneDrive\知识库\智库信息爬虫\国际主要科技智库观点演变_研判\03_证据底稿\网页文本\C-NISTEP-RM328-90FFCE4D.txt,C:\Users\WINDOWS\OneDrive\知识库\智库信息爬虫\国际主要科技智库观点演变_研判\03_证据底稿\网页文本\C-NISTEP-RM328-90FFCE4D.txt,http://hdl.handle.net/11035/0002000006,官方HTML版报告已保存
企业研发、创新与产学合作,科技创新政策与能力基线,C-NISTEP-RM328-90FFCE4D,2023-08-01,W3,科学技術指標2023,机构正式研究,C:\Users\WINDOWS\OneDrive\知识库\智库信息爬虫\国际主要科技智库观点演变_研判\03_证据底稿\网页文本\C-NISTEP-RM328-90FFCE4D.txt,C:\Users\WINDOWS\OneDrive\知识库\智库信息爬虫\国际主要科技智库观点演变_研判\03_证据底稿\网页文本\C-NISTEP-RM328-90FFCE4D.txt,http://hdl.handle.net/11035/0002000006,官方HTML版报告已保存
科技前瞻、新兴议题与社会,科技创新政策与能力基线,C-NISTEP-RM328-90FFCE4D,2023-08-01,W3,科学技術指標2023,机构正式研究,C:\Users\WINDOWS\OneDrive\知识库\智库信息爬虫\国际主要科技智库观点演变_研判\03_证据底稿\网页文本\C-NISTEP-RM328-90FFCE4D.txt,C:\Users\WINDOWS\OneDrive\知识库\智库信息爬虫\国际主要科技智库观点演变_研判\03_证据底稿\网页文本\C-NISTEP-RM328-90FFCE4D.txt,http://hdl.handle.net/11035/0002000006,官方HTML版报告已保存
开放科学、研究诚信与治理,科技创新政策与能力基线,C-NISTEP-RM328-90FFCE4D,2023-08-01,W3,科学技術指標2023,机构正式研究,C:\Users\WINDOWS\OneDrive\知识库\智库信息爬虫\国际主要科技智库观点演变_研判\03_证据底稿\网页文本\C-NISTEP-RM328-90FFCE4D.txt,C:\Users\WINDOWS\OneDrive\知识库\智库信息爬虫\国际主要科技智库观点演变_研判\03_证据底稿\网页文本\C-NISTEP-RM328-90FFCE4D.txt,http://hdl.handle.net/11035/0002000006,官方HTML版报告已保存
中国科技能力与国际比较,科技创新政策与能力基线,C-NISTEP-RM328-90FFCE4D,2023-08-01,W3,科学技術指標2023,机构正式研究,C:\Users\WINDOWS\OneDrive\知识库\智库信息爬虫\国际主要科技智库观点演变_研判\03_证据底稿\网页文本\C-NISTEP-RM328-90FFCE4D.txt,C:\Users\WINDOWS\OneDrive\知识库\智库信息爬虫\国际主要科技智库观点演变_研判\03_证据底稿\网页文本\C-NISTEP-RM328-90FFCE4D.txt,http://hdl.handle.net/11035/0002000006,官方HTML版报告已保存
人工智能、数据与数字技术,科技创新政策与能力基线,C-NISTEP-RM329-F6443AB8,2023-08-01,W3,科学研究のベンチマーキング2023-論文分析でみる世界の研究活動の変更と日本の状況-,机构正式研究,C:\Users\WINDOWS\OneDrive\知识库\智库信息爬虫\国际主要科技智库观点演变_研判\03_证据底稿\网页文本\C-NISTEP-RM329-F6443AB8.txt,C:\Users\WINDOWS\OneDrive\知识库\智库信息爬虫\国际主要科技智库观点演变_研判\03_证据底稿\网页文本\C-NISTEP-RM329-F6443AB8.txt,http://hdl.handle.net/11035/0002000009,官方仓储PDF代理全文已保存
科技指标、论文与国际比较,科技创新政策与能力基线,C-NISTEP-RM329-F6443AB8,2023-08-01,W3,科学研究のベンチマーキング2023-論文分析でみる世界の研究活動の変更と日本の状況-,机构正式研究,C:\Users\WINDOWS\OneDrive\知识库\智库信息爬虫\国际主要科技智库观点演变_研判\03_证据底稿\网页文本\C-NISTEP-RM329-F6443AB8.txt,C:\Users\WINDOWS\OneDrive\知识库\智库信息爬虫\国际主要科技智库观点演变_研判\03_证据底稿\网页文本\C-NISTEP-RM329-F6443AB8.txt,http://hdl.handle.net/11035/0002000009,官方仓储PDF代理全文已保存
科研体系、资助与研究基础,科技创新政策与能力基线,C-NISTEP-RM329-F6443AB8,2023-08-01,W3,科学研究のベンチマーキング2023-論文分析でみる世界の研究活動の変更と日本の状況-,机构正式研究,C:\Users\WINDOWS\OneDrive\知识库\智库信息爬虫\国际主要科技智库观点演变_研判\03_证据底稿\网页文本\C-NISTEP-RM329-F6443AB8.txt,C:\Users\WINDOWS\OneDrive\知识库\智库信息爬虫\国际主要科技智库观点演变_研判\03_证据底稿\网页文本\C-NISTEP-RM329-F6443AB8.txt,http://hdl.handle.net/11035/0002000009,官方仓储PDF代理全文已保存
科技前瞻、新兴议题与社会,科技创新政策与能力基线,C-NISTEP-RM329-F6443AB8,2023-08-01,W3,科学研究のベンチマーキング2023-論文分析でみる世界の研究活動の変更と日本の状況-,机构正式研究,C:\Users\WINDOWS\OneDrive\知识库\智库信息爬虫\国际主要科技智库观点演变_研判\03_证据底稿\网页文本\C-NISTEP-RM329-F6443AB8.txt,C:\Users\WINDOWS\OneDrive\知识库\智库信息爬虫\国际主要科技智库观点演变_研判\03_证据底稿\网页文本\C-NISTEP-RM329-F6443AB8.txt,http://hdl.handle.net/11035/0002000009,官方仓储PDF代理全文已保存
开放科学、研究诚信与治理,科技创新政策与能力基线,C-NISTEP-RM329-F6443AB8,2023-08-01,W3,科学研究のベンチマーキング2023-論文分析でみる世界の研究活動の変更と日本の状況-,机构正式研究,C:\Users\WINDOWS\OneDrive\知识库\智库信息爬虫\国际主要科技智库观点演变_研判\03_证据底稿\网页文本\C-NISTEP-RM329-F6443AB8.txt,C:\Users\WINDOWS\OneDrive\知识库\智库信息爬虫\国际主要科技智库观点演变_研判\03_证据底稿\网页文本\C-NISTEP-RM329-F6443AB8.txt,http://hdl.handle.net/11035/0002000009,官方仓储PDF代理全文已保存
中国科技能力与国际比较,科技创新政策与能力基线,C-NISTEP-RM329-F6443AB8,2023-08-01,W3,科学研究のベンチマーキング2023-論文分析でみる世界の研究活動の変更と日本の状況-,机构正式研究,C:\Users\WINDOWS\OneDrive\知识库\智库信息爬虫\国际主要科技智库观点演变_研判\03_证据底稿\网页文本\C-NISTEP-RM329-F6443AB8.txt,C:\Users\WINDOWS\OneDrive\知识库\智库信息爬虫\国际主要科技智库观点演变_研判\03_证据底稿\网页文本\C-NISTEP-RM329-F6443AB8.txt,http://hdl.handle.net/11035/0002000009,官方仓储PDF代理全文已保存
人工智能、数据与数字技术,科技创新政策与能力基线,C-NISTEP-RM330-949B3604,2023-08-01,W3,科学技術の中長期展望に対する評価 -デルファイ調査で取り上げた科学技術の20年後-,机构正式研究,C:\Users\WINDOWS\OneDrive\知识库\智库信息爬虫\国际主要科技智库观点演变_研判\03_证据底稿\网页文本\C-NISTEP-RM330-949B3604.txt,C:\Users\WINDOWS\OneDrive\知识库\智库信息爬虫\国际主要科技智库观点演变_研判\03_证据底稿\网页文本\C-NISTEP-RM330-949B3604.txt,https://nistep.repo.nii.ac.jp/records/2000010,官方仓储PDF代理全文已保存
科技指标、论文与国际比较,科技创新政策与能力基线,C-NISTEP-RM330-949B3604,2023-08-01,W3,科学技術の中長期展望に対する評価 -デルファイ調査で取り上げた科学技術の20年後-,机构正式研究,C:\Users\WINDOWS\OneDrive\知识库\智库信息爬虫\国际主要科技智库观点演变_研判\03_证据底稿\网页文本\C-NISTEP-RM330-949B3604.txt,C:\Users\WINDOWS\OneDrive\知识库\智库信息爬虫\国际主要科技智库观点演变_研判\03_证据底稿\网页文本\C-NISTEP-RM330-949B3604.txt,https://nistep.repo.nii.ac.jp/records/2000010,官方仓储PDF代理全文已保存
科研体系、资助与研究基础,科技创新政策与能力基线,C-NISTEP-RM330-949B3604,2023-08-01,W3,科学技術の中長期展望に対する評価 -デルファイ調査で取り上げた科学技術の20年後-,机构正式研究,C:\Users\WINDOWS\OneDrive\知识库\智库信息爬虫\国际主要科技智库观点演变_研判\03_证据底稿\网页文本\C-NISTEP-RM330-949B3604.txt,C:\Users\WINDOWS\OneDrive\知识库\智库信息爬虫\国际主要科技智库观点演变_研判\03_证据底稿\网页文本\C-NISTEP-RM330-949B3604.txt,https://nistep.repo.nii.ac.jp/records/2000010,官方仓储PDF代理全文已保存
科技前瞻、新兴议题与社会,科技创新政策与能力基线,C-NISTEP-RM330-949B3604,2023-08-01,W3,科学技術の中長期展望に対する評価 -デルファイ調査で取り上げた科学技術の20年後-,机构正式研究,C:\Users\WINDOWS\OneDrive\知识库\智库信息爬虫\国际主要科技智库观点演变_研判\03_证据底稿\网页文本\C-NISTEP-RM330-949B3604.txt,C:\Users\WINDOWS\OneDrive\知识库\智库信息爬虫\国际主要科技智库观点演变_研判\03_证据底稿\网页文本\C-NISTEP-RM330-949B3604.txt,https://nistep.repo.nii.ac.jp/records/2000010,官方仓储PDF代理全文已保存
关键技术、专利与产业竞争力,科技创新政策与能力基线,C-NISTEP-NR200-65347E75,2023-09-01,W3,全国イノベーション調査2022年調査統計報告,机构正式研究,C:\Users\WINDOWS\OneDrive\知识库\智库信息爬虫\国际主要科技智库观点演变_研判\03_证据底稿\网页文本\C-NISTEP-NR200-65347E75.txt,C:\Users\WINDOWS\OneDrive\知识库\智库信息爬虫\国际主要科技智库观点演变_研判\03_证据底稿\网页文本\C-NISTEP-NR200-65347E75.txt,https://nistep.repo.nii.ac.jp/records/2000019,官方仓储PDF代理全文已保存
科技指标、论文与国际比较,科技创新政策与能力基线,C-NISTEP-NR200-65347E75,2023-09-01,W3,全国イノベーション調査2022年調査統計報告,机构正式研究,C:\Users\WINDOWS\OneDrive\知识库\智库信息爬虫\国际主要科技智库观点演变_研判\03_证据底稿\网页文本\C-NISTEP-NR200-65347E75.txt,C:\Users\WINDOWS\OneDrive\知识库\智库信息爬虫\国际主要科技智库观点演变_研判\03_证据底稿\网页文本\C-NISTEP-NR200-65347E75.txt,https://nistep.repo.nii.ac.jp/records/2000019,官方仓储PDF代理全文已保存
科研体系、资助与研究基础,科技创新政策与能力基线,C-NISTEP-NR200-65347E75,2023-09-01,W3,全国イノベーション調査2022年調査統計報告,机构正式研究,C:\Users\WINDOWS\OneDrive\知识库\智库信息爬虫\国际主要科技智库观点演变_研判\03_证据底稿\网页文本\C-NISTEP-NR200-65347E75.txt,C:\Users\WINDOWS\OneDrive\知识库\智库信息爬虫\国际主要科技智库观点演变_研判\03_证据底稿\网页文本\C-NISTEP-NR200-65347E75.txt,https://nistep.repo.nii.ac.jp/records/2000019,官方仓储PDF代理全文已保存
科技人才、博士与职业流动,科技创新政策与能力基线,C-NISTEP-NR200-65347E75,2023-09-01,W3,全国イノベーション調査2022年調査統計報告,机构正式研究,C:\Users\WINDOWS\OneDrive\知识库\智库信息爬虫\国际主要科技智库观点演变_研判\03_证据底稿\网页文本\C-NISTEP-NR200-65347E75.txt,C:\Users\WINDOWS\OneDrive\知识库\智库信息爬虫\国际主要科技智库观点演变_研判\03_证据底稿\网页文本\C-NISTEP-NR200-65347E75.txt,https://nistep.repo.nii.ac.jp/records/2000019,官方仓储PDF代理全文已保存
企业研发、创新与产学合作,科技创新政策与能力基线,C-NISTEP-NR200-65347E75,2023-09-01,W3,全国イノベーション調査2022年調査統計報告,机构正式研究,C:\Users\WINDOWS\OneDrive\知识库\智库信息爬虫\国际主要科技智库观点演变_研判\03_证据底稿\网页文本\C-NISTEP-NR200-65347E75.txt,C:\Users\WINDOWS\OneDrive\知识库\智库信息爬虫\国际主要科技智库观点演变_研判\03_证据底稿\网页文本\C-NISTEP-NR200-65347E75.txt,https://nistep.repo.nii.ac.jp/records/2000019,官方仓储PDF代理全文已保存
科技指标、论文与国际比较,科技创新政策与能力基线,C-NISTEP-RM331-10B4F778,2023-09-01,W3,第12回科学技術予測調査 ビジョニング総合報告書～個々人の多様な価値観に基づく「ありたい」未来像の共創～,机构正式研究,C:\Users\WINDOWS\OneDrive\知识库\智库信息爬虫\国际主要科技智库观点演变_研判\03_证据底稿\网页文本\C-NISTEP-RM331-10B4F778.txt,C:\Users\WINDOWS\OneDrive\知识库\智库信息爬虫\国际主要科技智库观点演变_研判\03_证据底稿\网页文本\C-NISTEP-RM331-10B4F778.txt,http://hdl.handle.net/11035/0002000020,官方仓储PDF代理全文已保存
企业研发、创新与产学合作,科技创新政策与能力基线,C-NISTEP-RM331-10B4F778,2023-09-01,W3,第12回科学技術予測調査 ビジョニング総合報告書～個々人の多様な価値観に基づく「ありたい」未来像の共創～,机构正式研究,C:\Users\WINDOWS\OneDrive\知识库\智库信息爬虫\国际主要科技智库观点演变_研判\03_证据底稿\网页文本\C-NISTEP-RM331-10B4F778.txt,C:\Users\WINDOWS\OneDrive\知识库\智库信息爬虫\国际主要科技智库观点演变_研判\03_证据底稿\网页文本\C-NISTEP-RM331-10B4F778.txt,http://hdl.handle.net/11035/0002000020,官方仓储PDF代理全文已保存
科技前瞻、新兴议题与社会,科技创新政策与能力基线,C-NISTEP-RM331-10B4F778,2023-09-01,W3,第12回科学技術予測調査 ビジョニング総合報告書～個々人の多様な価値観に基づく「ありたい」未来像の共創～,机构正式研究,C:\Users\WINDOWS\OneDrive\知识库\智库信息爬虫\国际主要科技智库观点演变_研判\03_证据底稿\网页文本\C-NISTEP-RM331-10B4F778.txt,C:\Users\WINDOWS\OneDrive\知识库\智库信息爬虫\国际主要科技智库观点演变_研判\03_证据底稿\网页文本\C-NISTEP-RM331-10B4F778.txt,http://hdl.handle.net/11035/0002000020,官方仓储PDF代理全文已保存
人工智能、数据与数字技术,科技创新政策与能力基线,C-NISTEP-DP226-E045CA40,2023-10-01,W3,博士（後期）課程1 年次における 進路意識と経済的支援状況に関する調査－令和4 年度 （2022 年12 月～2023 年1 月）実施調査－,作者讨论论文,C:\Users\WINDOWS\OneDrive\知识库\智库信息爬虫\国际主要科技智库观点演变_研判\03_证据底稿\原文PDF\C-NISTEP-DP226-E045CA40.pdf,C:\Users\WINDOWS\OneDrive\知识库\智库信息爬虫\国际主要科技智库观点演变_研判\03_证据底稿\文本\C-NISTEP-DP226-E045CA40.txt,http://hdl.handle.net/11035/0002000021,官方PDF已保存并校验
科技指标、论文与国际比较,科技创新政策与能力基线,C-NISTEP-DP226-E045CA40,2023-10-01,W3,博士（後期）課程1 年次における 進路意識と経済的支援状況に関する調査－令和4 年度 （2022 年12 月～2023 年1 月）実施調査－,作者讨论论文,C:\Users\WINDOWS\OneDrive\知识库\智库信息爬虫\国际主要科技智库观点演变_研判\03_证据底稿\原文PDF\C-NISTEP-DP226-E045CA40.pdf,C:\Users\WINDOWS\OneDrive\知识库\智库信息爬虫\国际主要科技智库观点演变_研判\03_证据底稿\文本\C-NISTEP-DP226-E045CA40.txt,http://hdl.handle.net/11035/0002000021,官方PDF已保存并校验
科研体系、资助与研究基础,科技创新政策与能力基线,C-NISTEP-DP226-E045CA40,2023-10-01,W3,博士（後期）課程1 年次における 進路意識と経済的支援状況に関する調査－令和4 年度 （2022 年12 月～2023 年1 月）実施調査－,作者讨论论文,C:\Users\WINDOWS\OneDrive\知识库\智库信息爬虫\国际主要科技智库观点演变_研判\03_证据底稿\原文PDF\C-NISTEP-DP226-E045CA40.pdf,C:\Users\WINDOWS\OneDrive\知识库\智库信息爬虫\国际主要科技智库观点演变_研判\03_证据底稿\文本\C-NISTEP-DP226-E045CA40.txt,http://hdl.handle.net/11035/0002000021,官方PDF已保存并校验
科技人才、博士与职业流动,科技创新政策与能力基线,C-NISTEP-DP226-E045CA40,2023-10-01,W3,博士（後期）課程1 年次における 進路意識と経済的支援状況に関する調査－令和4 年度 （2022 年12 月～2023 年1 月）実施調査－,作者讨论论文,C:\Users\WINDOWS\OneDrive\知识库\智库信息爬虫\国际主要科技智库观点演变_研判\03_证据底稿\原文PDF\C-NISTEP-DP226-E045CA40.pdf,C:\Users\WINDOWS\OneDrive\知识库\智库信息爬虫\国际主要科技智库观点演变_研判\03_证据底稿\文本\C-NISTEP-DP226-E045CA40.txt,http://hdl.handle.net/11035/0002000021,官方PDF已保存并校验
企业研发、创新与产学合作,科技创新政策与能力基线,C-NISTEP-DP226-E045CA40,2023-10-01,W3,博士（後期）課程1 年次における 進路意識と経済的支援状況に関する調査－令和4 年度 （2022 年12 月～2023 年1 月）実施調査－,作者讨论论文,C:\Users\WINDOWS\OneDrive\知识库\智库信息爬虫\国际主要科技智库观点演变_研判\03_证据底稿\原文PDF\C-NISTEP-DP226-E045CA40.pdf,C:\Users\WINDOWS\OneDrive\知识库\智库信息爬虫\国际主要科技智库观点演变_研判\03_证据底稿\文本\C-NISTEP-DP226-E045CA40.txt,http://hdl.handle.net/11035/0002000021,官方PDF已保存并校验
人工智能、数据与数字技术,科技创新政策与能力基线,C-NISTEP-RM332-A04CAD21,2023-11-01,W3,世界のフォーサイトの動向 – 政策のためのフォーサイトに向けて –,机构正式研究,C:\Users\WINDOWS\OneDrive\知识库\智库信息爬虫\国际主要科技智库观点演变_研判\03_证据底稿\网页文本\C-NISTEP-RM332-A04CAD21.txt,C:\Users\WINDOWS\OneDrive\知识库\智库信息爬虫\国际主要科技智库观点演变_研判\03_证据底稿\网页文本\C-NISTEP-RM332-A04CAD21.txt,http://hdl.handle.net/11035/0002000059,官方发布页摘要已保存
科技指标、论文与国际比较,科技创新政策与能力基线,C-NISTEP-RM332-A04CAD21,2023-11-01,W3,世界のフォーサイトの動向 – 政策のためのフォーサイトに向けて –,机构正式研究,C:\Users\WINDOWS\OneDrive\知识库\智库信息爬虫\国际主要科技智库观点演变_研判\03_证据底稿\网页文本\C-NISTEP-RM332-A04CAD21.txt,C:\Users\WINDOWS\OneDrive\知识库\智库信息爬虫\国际主要科技智库观点演变_研判\03_证据底稿\网页文本\C-NISTEP-RM332-A04CAD21.txt,http://hdl.handle.net/11035/0002000059,官方发布页摘要已保存
科研体系、资助与研究基础,科技创新政策与能力基线,C-NISTEP-RM332-A04CAD21,2023-11-01,W3,世界のフォーサイトの動向 – 政策のためのフォーサイトに向けて –,机构正式研究,C:\Users\WINDOWS\OneDrive\知识库\智库信息爬虫\国际主要科技智库观点演变_研判\03_证据底稿\网页文本\C-NISTEP-RM332-A04CAD21.txt,C:\Users\WINDOWS\OneDrive\知识库\智库信息爬虫\国际主要科技智库观点演变_研判\03_证据底稿\网页文本\C-NISTEP-RM332-A04CAD21.txt,http://hdl.handle.net/11035/0002000059,官方发布页摘要已保存
科技人才、博士与职业流动,科技创新政策与能力基线,C-NISTEP-RM332-A04CAD21,2023-11-01,W3,世界のフォーサイトの動向 – 政策のためのフォーサイトに向けて –,机构正式研究,C:\Users\WINDOWS\OneDrive\知识库\智库信息爬虫\国际主要科技智库观点演变_研判\03_证据底稿\网页文本\C-NISTEP-RM332-A04CAD21.txt,C:\Users\WINDOWS\OneDrive\知识库\智库信息爬虫\国际主要科技智库观点演变_研判\03_证据底稿\网页文本\C-NISTEP-RM332-A04CAD21.txt,http://hdl.handle.net/11035/0002000059,官方发布页摘要已保存
企业研发、创新与产学合作,科技创新政策与能力基线,C-NISTEP-RM332-A04CAD21,2023-11-01,W3,世界のフォーサイトの動向 – 政策のためのフォーサイトに向けて –,机构正式研究,C:\Users\WINDOWS\OneDrive\知识库\智库信息爬虫\国际主要科技智库观点演变_研判\03_证据底稿\网页文本\C-NISTEP-RM332-A04CAD21.txt,C:\Users\WINDOWS\OneDrive\知识库\智库信息爬虫\国际主要科技智库观点演变_研判\03_证据底稿\网页文本\C-NISTEP-RM332-A04CAD21.txt,http://hdl.handle.net/11035/0002000059,官方发布页摘要已保存
科技前瞻、新兴议题与社会,科技创新政策与能力基线,C-NISTEP-RM332-A04CAD21,2023-11-01,W3,世界のフォーサイトの動向 – 政策のためのフォーサイトに向けて –,机构正式研究,C:\Users\WINDOWS\OneDrive\知识库\智库信息爬虫\国际主要科技智库观点演变_研判\03_证据底稿\网页文本\C-NISTEP-RM332-A04CAD21.txt,C:\Users\WINDOWS\OneDrive\知识库\智库信息爬虫\国际主要科技智库观点演变_研判\03_证据底稿\网页文本\C-NISTEP-RM332-A04CAD21.txt,http://hdl.handle.net/11035/0002000059,官方发布页摘要已保存
人工智能、数据与数字技术,科技创新政策与能力基线,C-NISTEP-RM333-9D48C9DC,2023-12-01,W3,"研究室パネル調査定常報告2022： 1)研究室・研究グループの研究力にかかわる指標群の提案, 2)研究室・研究グループの特性と注目度の高い論文の産出との関係",机构正式研究,C:\Users\WINDOWS\OneDrive\知识库\智库信息爬虫\国际主要科技智库观点演变_研判\03_证据底稿\网页文本\C-NISTEP-RM333-9D48C9DC.txt,C:\Users\WINDOWS\OneDrive\知识库\智库信息爬虫\国际主要科技智库观点演变_研判\03_证据底稿\网页文本\C-NISTEP-RM333-9D48C9DC.txt,http://hdl.handle.net/11035/0002000060,官方仓储PDF代理全文已保存
科技指标、论文与国际比较,科技创新政策与能力基线,C-NISTEP-RM333-9D48C9DC,2023-12-01,W3,"研究室パネル調査定常報告2022： 1)研究室・研究グループの研究力にかかわる指標群の提案, 2)研究室・研究グループの特性と注目度の高い論文の産出との関係",机构正式研究,C:\Users\WINDOWS\OneDrive\知识库\智库信息爬虫\国际主要科技智库观点演变_研判\03_证据底稿\网页文本\C-NISTEP-RM333-9D48C9DC.txt,C:\Users\WINDOWS\OneDrive\知识库\智库信息爬虫\国际主要科技智库观点演变_研判\03_证据底稿\网页文本\C-NISTEP-RM333-9D48C9DC.txt,http://hdl.handle.net/11035/0002000060,官方仓储PDF代理全文已保存
科研体系、资助与研究基础,科技创新政策与能力基线,C-NISTEP-RM333-9D48C9DC,2023-12-01,W3,"研究室パネル調査定常報告2022： 1)研究室・研究グループの研究力にかかわる指標群の提案, 2)研究室・研究グループの特性と注目度の高い論文の産出との関係",机构正式研究,C:\Users\WINDOWS\OneDrive\知识库\智库信息爬虫\国际主要科技智库观点演变_研判\03_证据底稿\网页文本\C-NISTEP-RM333-9D48C9DC.txt,C:\Users\WINDOWS\OneDrive\知识库\智库信息爬虫\国际主要科技智库观点演变_研判\03_证据底稿\网页文本\C-NISTEP-RM333-9D48C9DC.txt,http://hdl.handle.net/11035/0002000060,官方仓储PDF代理全文已保存
科技人才、博士与职业流动,科技创新政策与能力基线,C-NISTEP-RM333-9D48C9DC,2023-12-01,W3,"研究室パネル調査定常報告2022： 1)研究室・研究グループの研究力にかかわる指標群の提案, 2)研究室・研究グループの特性と注目度の高い論文の産出との関係",机构正式研究,C:\Users\WINDOWS\OneDrive\知识库\智库信息爬虫\国际主要科技智库观点演变_研判\03_证据底稿\网页文本\C-NISTEP-RM333-9D48C9DC.txt,C:\Users\WINDOWS\OneDrive\知识库\智库信息爬虫\国际主要科技智库观点演变_研判\03_证据底稿\网页文本\C-NISTEP-RM333-9D48C9DC.txt,http://hdl.handle.net/11035/0002000060,官方仓储PDF代理全文已保存
企业研发、创新与产学合作,科技创新政策与能力基线,C-NISTEP-RM333-9D48C9DC,2023-12-01,W3,"研究室パネル調査定常報告2022： 1)研究室・研究グループの研究力にかかわる指標群の提案, 2)研究室・研究グループの特性と注目度の高い論文の産出との関係",机构正式研究,C:\Users\WINDOWS\OneDrive\知识库\智库信息爬虫\国际主要科技智库观点演变_研判\03_证据底稿\网页文本\C-NISTEP-RM333-9D48C9DC.txt,C:\Users\WINDOWS\OneDrive\知识库\智库信息爬虫\国际主要科技智库观点演变_研判\03_证据底稿\网页文本\C-NISTEP-RM333-9D48C9DC.txt,http://hdl.handle.net/11035/0002000060,官方仓储PDF代理全文已保存
科技前瞻、新兴议题与社会,科技创新政策与能力基线,C-NISTEP-RM333-9D48C9DC,2023-12-01,W3,"研究室パネル調査定常報告2022： 1)研究室・研究グループの研究力にかかわる指標群の提案, 2)研究室・研究グループの特性と注目度の高い論文の産出との関係",机构正式研究,C:\Users\WINDOWS\OneDrive\知识库\智库信息爬虫\国际主要科技智库观点演变_研判\03_证据底稿\网页文本\C-NISTEP-RM333-9D48C9DC.txt,C:\Users\WINDOWS\OneDrive\知识库\智库信息爬虫\国际主要科技智库观点演变_研判\03_证据底稿\网页文本\C-NISTEP-RM333-9D48C9DC.txt,http://hdl.handle.net/11035/0002000060,官方仓储PDF代理全文已保存
人工智能、数据与数字技术,科技创新政策与能力基线,C-NISTEP-RM334-05228E64,2023-12-01,W3,地域の目指す未来社会とカーボンニュートラル,机构正式研究,C:\Users\WINDOWS\OneDrive\知识库\智库信息爬虫\国际主要科技智库观点演变_研判\03_证据底稿\网页文本\C-NISTEP-RM334-05228E64.txt,C:\Users\WINDOWS\OneDrive\知识库\智库信息爬虫\国际主要科技智库观点演变_研判\03_证据底稿\网页文本\C-NISTEP-RM334-05228E64.txt,http://hdl.handle.net/11035/0002000061,官方仓储PDF代理全文已保存
关键技术、专利与产业竞争力,科技创新政策与能力基线,C-NISTEP-RM334-05228E64,2023-12-01,W3,地域の目指す未来社会とカーボンニュートラル,机构正式研究,C:\Users\WINDOWS\OneDrive\知识库\智库信息爬虫\国际主要科技智库观点演变_研判\03_证据底稿\网页文本\C-NISTEP-RM334-05228E64.txt,C:\Users\WINDOWS\OneDrive\知识库\智库信息爬虫\国际主要科技智库观点演变_研判\03_证据底稿\网页文本\C-NISTEP-RM334-05228E64.txt,http://hdl.handle.net/11035/0002000061,官方仓储PDF代理全文已保存
科技指标、论文与国际比较,科技创新政策与能力基线,C-NISTEP-RM334-05228E64,2023-12-01,W3,地域の目指す未来社会とカーボンニュートラル,机构正式研究,C:\Users\WINDOWS\OneDrive\知识库\智库信息爬虫\国际主要科技智库观点演变_研判\03_证据底稿\网页文本\C-NISTEP-RM334-05228E64.txt,C:\Users\WINDOWS\OneDrive\知识库\智库信息爬虫\国际主要科技智库观点演变_研判\03_证据底稿\网页文本\C-NISTEP-RM334-05228E64.txt,http://hdl.handle.net/11035/0002000061,官方仓储PDF代理全文已保存
科研体系、资助与研究基础,科技创新政策与能力基线,C-NISTEP-RM334-05228E64,2023-12-01,W3,地域の目指す未来社会とカーボンニュートラル,机构正式研究,C:\Users\WINDOWS\OneDrive\知识库\智库信息爬虫\国际主要科技智库观点演变_研判\03_证据底稿\网页文本\C-NISTEP-RM334-05228E64.txt,C:\Users\WINDOWS\OneDrive\知识库\智库信息爬虫\国际主要科技智库观点演变_研判\03_证据底稿\网页文本\C-NISTEP-RM334-05228E64.txt,http://hdl.handle.net/11035/0002000061,官方仓储PDF代理全文已保存
科技人才、博士与职业流动,科技创新政策与能力基线,C-NISTEP-RM334-05228E64,2023-12-01,W3,地域の目指す未来社会とカーボンニュートラル,机构正式研究,C:\Users\WINDOWS\OneDrive\知识库\智库信息爬虫\国际主要科技智库观点演变_研判\03_证据底稿\网页文本\C-NISTEP-RM334-05228E64.txt,C:\Users\WINDOWS\OneDrive\知识库\智库信息爬虫\国际主要科技智库观点演变_研判\03_证据底稿\网页文本\C-NISTEP-RM334-05228E64.txt,http://hdl.handle.net/11035/0002000061,官方仓储PDF代理全文已保存
企业研发、创新与产学合作,科技创新政策与能力基线,C-NISTEP-RM334-05228E64,2023-12-01,W3,地域の目指す未来社会とカーボンニュートラル,机构正式研究,C:\Users\WINDOWS\OneDrive\知识库\智库信息爬虫\国际主要科技智库观点演变_研判\03_证据底稿\网页文本\C-NISTEP-RM334-05228E64.txt,C:\Users\WINDOWS\OneDrive\知识库\智库信息爬虫\国际主要科技智库观点演变_研判\03_证据底稿\网页文本\C-NISTEP-RM334-05228E64.txt,http://hdl.handle.net/11035/0002000061,官方仓储PDF代理全文已保存
科技前瞻、新兴议题与社会,科技创新政策与能力基线,C-NISTEP-RM334-05228E64,2023-12-01,W3,地域の目指す未来社会とカーボンニュートラル,机构正式研究,C:\Users\WINDOWS\OneDrive\知识库\智库信息爬虫\国际主要科技智库观点演变_研判\03_证据底稿\网页文本\C-NISTEP-RM334-05228E64.txt,C:\Users\WINDOWS\OneDrive\知识库\智库信息爬虫\国际主要科技智库观点演变_研判\03_证据底稿\网页文本\C-NISTEP-RM334-05228E64.txt,http://hdl.handle.net/11035/0002000061,官方仓储PDF代理全文已保存
开放科学、研究诚信与治理,科技创新政策与能力基线,C-NISTEP-RM334-05228E64,2023-12-01,W3,地域の目指す未来社会とカーボンニュートラル,机构正式研究,C:\Users\WINDOWS\OneDrive\知识库\智库信息爬虫\国际主要科技智库观点演变_研判\03_证据底稿\网页文本\C-NISTEP-RM334-05228E64.txt,C:\Users\WINDOWS\OneDrive\知识库\智库信息爬虫\国际主要科技智库观点演变_研判\03_证据底稿\网页文本\C-NISTEP-RM334-05228E64.txt,http://hdl.handle.net/11035/0002000061,官方仓储PDF代理全文已保存
人工智能、数据与数字技术,科技创新政策与能力基线,C-NISTEP-RM335-BBBDC0DE,2023-12-01,W3,研究データ公開と研究データ管理に関する実態調査2022：⽇本におけるオープン サイエンスの現状,机构正式研究,C:\Users\WINDOWS\OneDrive\知识库\智库信息爬虫\国际主要科技智库观点演变_研判\03_证据底稿\网页文本\C-NISTEP-RM335-BBBDC0DE.txt,C:\Users\WINDOWS\OneDrive\知识库\智库信息爬虫\国际主要科技智库观点演变_研判\03_证据底稿\网页文本\C-NISTEP-RM335-BBBDC0DE.txt,http://hdl.handle.net/11035/0002000062,官方发布页摘要已保存
科技指标、论文与国际比较,科技创新政策与能力基线,C-NISTEP-RM335-BBBDC0DE,2023-12-01,W3,研究データ公開と研究データ管理に関する実態調査2022：⽇本におけるオープン サイエンスの現状,机构正式研究,C:\Users\WINDOWS\OneDrive\知识库\智库信息爬虫\国际主要科技智库观点演变_研判\03_证据底稿\网页文本\C-NISTEP-RM335-BBBDC0DE.txt,C:\Users\WINDOWS\OneDrive\知识库\智库信息爬虫\国际主要科技智库观点演变_研判\03_证据底稿\网页文本\C-NISTEP-RM335-BBBDC0DE.txt,http://hdl.handle.net/11035/0002000062,官方发布页摘要已保存
科研体系、资助与研究基础,科技创新政策与能力基线,C-NISTEP-RM335-BBBDC0DE,2023-12-01,W3,研究データ公開と研究データ管理に関する実態調査2022：⽇本におけるオープン サイエンスの現状,机构正式研究,C:\Users\WINDOWS\OneDrive\知识库\智库信息爬虫\国际主要科技智库观点演变_研判\03_证据底稿\网页文本\C-NISTEP-RM335-BBBDC0DE.txt,C:\Users\WINDOWS\OneDrive\知识库\智库信息爬虫\国际主要科技智库观点演变_研判\03_证据底稿\网页文本\C-NISTEP-RM335-BBBDC0DE.txt,http://hdl.handle.net/11035/0002000062,官方发布页摘要已保存
科技人才、博士与职业流动,科技创新政策与能力基线,C-NISTEP-RM335-BBBDC0DE,2023-12-01,W3,研究データ公開と研究データ管理に関する実態調査2022：⽇本におけるオープン サイエンスの現状,机构正式研究,C:\Users\WINDOWS\OneDrive\知识库\智库信息爬虫\国际主要科技智库观点演变_研判\03_证据底稿\网页文本\C-NISTEP-RM335-BBBDC0DE.txt,C:\Users\WINDOWS\OneDrive\知识库\智库信息爬虫\国际主要科技智库观点演变_研判\03_证据底稿\网页文本\C-NISTEP-RM335-BBBDC0DE.txt,http://hdl.handle.net/11035/0002000062,官方发布页摘要已保存
企业研发、创新与产学合作,科技创新政策与能力基线,C-NISTEP-RM335-BBBDC0DE,2023-12-01,W3,研究データ公開と研究データ管理に関する実態調査2022：⽇本におけるオープン サイエンスの現状,机构正式研究,C:\Users\WINDOWS\OneDrive\知识库\智库信息爬虫\国际主要科技智库观点演变_研判\03_证据底稿\网页文本\C-NISTEP-RM335-BBBDC0DE.txt,C:\Users\WINDOWS\OneDrive\知识库\智库信息爬虫\国际主要科技智库观点演变_研判\03_证据底稿\网页文本\C-NISTEP-RM335-BBBDC0DE.txt,http://hdl.handle.net/11035/0002000062,官方发布页摘要已保存
科技前瞻、新兴议题与社会,科技创新政策与能力基线,C-NISTEP-RM335-BBBDC0DE,2023-12-01,W3,研究データ公開と研究データ管理に関する実態調査2022：⽇本におけるオープン サイエンスの現状,机构正式研究,C:\Users\WINDOWS\OneDrive\知识库\智库信息爬虫\国际主要科技智库观点演变_研判\03_证据底稿\网页文本\C-NISTEP-RM335-BBBDC0DE.txt,C:\Users\WINDOWS\OneDrive\知识库\智库信息爬虫\国际主要科技智库观点演变_研判\03_证据底稿\网页文本\C-NISTEP-RM335-BBBDC0DE.txt,http://hdl.handle.net/11035/0002000062,官方发布页摘要已保存
开放科学、研究诚信与治理,科技创新政策与能力基线,C-NISTEP-RM335-BBBDC0DE,2023-12-01,W3,研究データ公開と研究データ管理に関する実態調査2022：⽇本におけるオープン サイエンスの現状,机构正式研究,C:\Users\WINDOWS\OneDrive\知识库\智库信息爬虫\国际主要科技智库观点演变_研判\03_证据底稿\网页文本\C-NISTEP-RM335-BBBDC0DE.txt,C:\Users\WINDOWS\OneDrive\知识库\智库信息爬虫\国际主要科技智库观点演变_研判\03_证据底稿\网页文本\C-NISTEP-RM335-BBBDC0DE.txt,http://hdl.handle.net/11035/0002000062,官方发布页摘要已保存
人工智能、数据与数字技术,科技创新政策与能力基线,C-NISTEP-DP227-E716B278,2024-02-01,W3,科学技術に関する国民意識調査 －人間関係等のウェルビーイングへの影響－,作者讨论论文,C:\Users\WINDOWS\OneDrive\知识库\智库信息爬虫\国际主要科技智库观点演变_研判\03_证据底稿\原文PDF\C-NISTEP-DP227-E716B278.pdf,C:\Users\WINDOWS\OneDrive\知识库\智库信息爬虫\国际主要科技智库观点演变_研判\03_证据底稿\文本\C-NISTEP-DP227-E716B278.txt,http://hdl.handle.net/11035/0002000067,官方PDF已保存并校验
科技指标、论文与国际比较,科技创新政策与能力基线,C-NISTEP-DP227-E716B278,2024-02-01,W3,科学技術に関する国民意識調査 －人間関係等のウェルビーイングへの影響－,作者讨论论文,C:\Users\WINDOWS\OneDrive\知识库\智库信息爬虫\国际主要科技智库观点演变_研判\03_证据底稿\原文PDF\C-NISTEP-DP227-E716B278.pdf,C:\Users\WINDOWS\OneDrive\知识库\智库信息爬虫\国际主要科技智库观点演变_研判\03_证据底稿\文本\C-NISTEP-DP227-E716B278.txt,http://hdl.handle.net/11035/0002000067,官方PDF已保存并校验
科研体系、资助与研究基础,科技创新政策与能力基线,C-NISTEP-DP227-E716B278,2024-02-01,W3,科学技術に関する国民意識調査 －人間関係等のウェルビーイングへの影響－,作者讨论论文,C:\Users\WINDOWS\OneDrive\知识库\智库信息爬虫\国际主要科技智库观点演变_研判\03_证据底稿\原文PDF\C-NISTEP-DP227-E716B278.pdf,C:\Users\WINDOWS\OneDrive\知识库\智库信息爬虫\国际主要科技智库观点演变_研判\03_证据底稿\文本\C-NISTEP-DP227-E716B278.txt,http://hdl.handle.net/11035/0002000067,官方PDF已保存并校验
科技人才、博士与职业流动,科技创新政策与能力基线,C-NISTEP-DP227-E716B278,2024-02-01,W3,科学技術に関する国民意識調査 －人間関係等のウェルビーイングへの影響－,作者讨论论文,C:\Users\WINDOWS\OneDrive\知识库\智库信息爬虫\国际主要科技智库观点演变_研判\03_证据底稿\原文PDF\C-NISTEP-DP227-E716B278.pdf,C:\Users\WINDOWS\OneDrive\知识库\智库信息爬虫\国际主要科技智库观点演变_研判\03_证据底稿\文本\C-NISTEP-DP227-E716B278.txt,http://hdl.handle.net/11035/0002000067,官方PDF已保存并校验
企业研发、创新与产学合作,科技创新政策与能力基线,C-NISTEP-DP227-E716B278,2024-02-01,W3,科学技術に関する国民意識調査 －人間関係等のウェルビーイングへの影響－,作者讨论论文,C:\Users\WINDOWS\OneDrive\知识库\智库信息爬虫\国际主要科技智库观点演变_研判\03_证据底稿\原文PDF\C-NISTEP-DP227-E716B278.pdf,C:\Users\WINDOWS\OneDrive\知识库\智库信息爬虫\国际主要科技智库观点演变_研判\03_证据底稿\文本\C-NISTEP-DP227-E716B278.txt,http://hdl.handle.net/11035/0002000067,官方PDF已保存并校验
人工智能、数据与数字技术,科技创新政策与能力基线,C-NISTEP-RM336-8599749C,2024-02-01,W3,専門家が注目する科学技術に関するアンケート調査（NISTEP注目科学技術2023）,机构正式研究,C:\Users\WINDOWS\OneDrive\知识库\智库信息爬虫\国际主要科技智库观点演变_研判\03_证据底稿\网页文本\C-NISTEP-RM336-8599749C.txt,C:\Users\WINDOWS\OneDrive\知识库\智库信息爬虫\国际主要科技智库观点演变_研判\03_证据底稿\网页文本\C-NISTEP-RM336-8599749C.txt,http://hdl.handle.net/11035/0002000066,官方仓储PDF代理全文已保存
关键技术、专利与产业竞争力,科技创新政策与能力基线,C-NISTEP-RM336-8599749C,2024-02-01,W3,専門家が注目する科学技術に関するアンケート調査（NISTEP注目科学技術2023）,机构正式研究,C:\Users\WINDOWS\OneDrive\知识库\智库信息爬虫\国际主要科技智库观点演变_研判\03_证据底稿\网页文本\C-NISTEP-RM336-8599749C.txt,C:\Users\WINDOWS\OneDrive\知识库\智库信息爬虫\国际主要科技智库观点演变_研判\03_证据底稿\网页文本\C-NISTEP-RM336-8599749C.txt,http://hdl.handle.net/11035/0002000066,官方仓储PDF代理全文已保存
科技指标、论文与国际比较,科技创新政策与能力基线,C-NISTEP-RM336-8599749C,2024-02-01,W3,専門家が注目する科学技術に関するアンケート調査（NISTEP注目科学技術2023）,机构正式研究,C:\Users\WINDOWS\OneDrive\知识库\智库信息爬虫\国际主要科技智库观点演变_研判\03_证据底稿\网页文本\C-NISTEP-RM336-8599749C.txt,C:\Users\WINDOWS\OneDrive\知识库\智库信息爬虫\国际主要科技智库观点演变_研判\03_证据底稿\网页文本\C-NISTEP-RM336-8599749C.txt,http://hdl.handle.net/11035/0002000066,官方仓储PDF代理全文已保存
科研体系、资助与研究基础,科技创新政策与能力基线,C-NISTEP-RM336-8599749C,2024-02-01,W3,専門家が注目する科学技術に関するアンケート調査（NISTEP注目科学技術2023）,机构正式研究,C:\Users\WINDOWS\OneDrive\知识库\智库信息爬虫\国际主要科技智库观点演变_研判\03_证据底稿\网页文本\C-NISTEP-RM336-8599749C.txt,C:\Users\WINDOWS\OneDrive\知识库\智库信息爬虫\国际主要科技智库观点演变_研判\03_证据底稿\网页文本\C-NISTEP-RM336-8599749C.txt,http://hdl.handle.net/11035/0002000066,官方仓储PDF代理全文已保存
科技前瞻、新兴议题与社会,科技创新政策与能力基线,C-NISTEP-RM336-8599749C,2024-02-01,W3,専門家が注目する科学技術に関するアンケート調査（NISTEP注目科学技術2023）,机构正式研究,C:\Users\WINDOWS\OneDrive\知识库\智库信息爬虫\国际主要科技智库观点演变_研判\03_证据底稿\网页文本\C-NISTEP-RM336-8599749C.txt,C:\Users\WINDOWS\OneDrive\知识库\智库信息爬虫\国际主要科技智库观点演变_研判\03_证据底稿\网页文本\C-NISTEP-RM336-8599749C.txt,http://hdl.handle.net/11035/0002000066,官方仓储PDF代理全文已保存
关键技术、专利与产业竞争力,科技创新政策与能力基线,C-NISTEP-DP228-97F0B230,2024-03-01,W3,"What do we mean by professionalization of doctoral training, the doctorate and doctors? An overview of existing initiatives, reforms and schemes in France （博士課程、博士号、博士号取得者の専門職化とは何を意味するのか？ フランスにおけるイニシアチブ、改革、スキーム）",作者讨论论文,C:\Users\WINDOWS\OneDrive\知识库\智库信息爬虫\国际主要科技智库观点演变_研判\03_证据底稿\网页文本\C-NISTEP-DP228-97F0B230.txt,C:\Users\WINDOWS\OneDrive\知识库\智库信息爬虫\国际主要科技智库观点演变_研判\03_证据底稿\网页文本\C-NISTEP-DP228-97F0B230.txt,http://hdl.handle.net/11035/0002000069,官方仓储PDF代理全文已保存
科技指标、论文与国际比较,科技创新政策与能力基线,C-NISTEP-DP228-97F0B230,2024-03-01,W3,"What do we mean by professionalization of doctoral training, the doctorate and doctors? An overview of existing initiatives, reforms and schemes in France （博士課程、博士号、博士号取得者の専門職化とは何を意味するのか？ フランスにおけるイニシアチブ、改革、スキーム）",作者讨论论文,C:\Users\WINDOWS\OneDrive\知识库\智库信息爬虫\国际主要科技智库观点演变_研判\03_证据底稿\网页文本\C-NISTEP-DP228-97F0B230.txt,C:\Users\WINDOWS\OneDrive\知识库\智库信息爬虫\国际主要科技智库观点演变_研判\03_证据底稿\网页文本\C-NISTEP-DP228-97F0B230.txt,http://hdl.handle.net/11035/0002000069,官方仓储PDF代理全文已保存
科研体系、资助与研究基础,科技创新政策与能力基线,C-NISTEP-DP228-97F0B230,2024-03-01,W3,"What do we mean by professionalization of doctoral training, the doctorate and doctors? An overview of existing initiatives, reforms and schemes in France （博士課程、博士号、博士号取得者の専門職化とは何を意味するのか？ フランスにおけるイニシアチブ、改革、スキーム）",作者讨论论文,C:\Users\WINDOWS\OneDrive\知识库\智库信息爬虫\国际主要科技智库观点演变_研判\03_证据底稿\网页文本\C-NISTEP-DP228-97F0B230.txt,C:\Users\WINDOWS\OneDrive\知识库\智库信息爬虫\国际主要科技智库观点演变_研判\03_证据底稿\网页文本\C-NISTEP-DP228-97F0B230.txt,http://hdl.handle.net/11035/0002000069,官方仓储PDF代理全文已保存
科技人才、博士与职业流动,科技创新政策与能力基线,C-NISTEP-DP228-97F0B230,2024-03-01,W3,"What do we mean by professionalization of doctoral training, the doctorate and doctors? An overview of existing initiatives, reforms and schemes in France （博士課程、博士号、博士号取得者の専門職化とは何を意味するのか？ フランスにおけるイニシアチブ、改革、スキーム）",作者讨论论文,C:\Users\WINDOWS\OneDrive\知识库\智库信息爬虫\国际主要科技智库观点演变_研判\03_证据底稿\网页文本\C-NISTEP-DP228-97F0B230.txt,C:\Users\WINDOWS\OneDrive\知识库\智库信息爬虫\国际主要科技智库观点演变_研判\03_证据底稿\网页文本\C-NISTEP-DP228-97F0B230.txt,http://hdl.handle.net/11035/0002000069,官方仓储PDF代理全文已保存
企业研发、创新与产学合作,科技创新政策与能力基线,C-NISTEP-DP228-97F0B230,2024-03-01,W3,"What do we mean by professionalization of doctoral training, the doctorate and doctors? An overview of existing initiatives, reforms and schemes in France （博士課程、博士号、博士号取得者の専門職化とは何を意味するのか？ フランスにおけるイニシアチブ、改革、スキーム）",作者讨论论文,C:\Users\WINDOWS\OneDrive\知识库\智库信息爬虫\国际主要科技智库观点演变_研判\03_证据底稿\网页文本\C-NISTEP-DP228-97F0B230.txt,C:\Users\WINDOWS\OneDrive\知识库\智库信息爬虫\国际主要科技智库观点演变_研判\03_证据底稿\网页文本\C-NISTEP-DP228-97F0B230.txt,http://hdl.handle.net/11035/0002000069,官方仓储PDF代理全文已保存
人工智能、数据与数字技术,科技创新政策与能力基线,C-NISTEP-RM337-3225C15D,2024-03-01,W3,ポストドクター等の雇用・進路に関する調査（2021年度実績）,机构正式研究,C:\Users\WINDOWS\OneDrive\知识库\智库信息爬虫\国际主要科技智库观点演变_研判\03_证据底稿\原文PDF\C-NISTEP-RM337-3225C15D.pdf,C:\Users\WINDOWS\OneDrive\知识库\智库信息爬虫\国际主要科技智库观点演变_研判\03_证据底稿\文本\C-NISTEP-RM337-3225C15D.txt,http://hdl.handle.net/11035/0002000068,官方PDF已保存并校验
科技指标、论文与国际比较,科技创新政策与能力基线,C-NISTEP-RM337-3225C15D,2024-03-01,W3,ポストドクター等の雇用・進路に関する調査（2021年度実績）,机构正式研究,C:\Users\WINDOWS\OneDrive\知识库\智库信息爬虫\国际主要科技智库观点演变_研判\03_证据底稿\原文PDF\C-NISTEP-RM337-3225C15D.pdf,C:\Users\WINDOWS\OneDrive\知识库\智库信息爬虫\国际主要科技智库观点演变_研判\03_证据底稿\文本\C-NISTEP-RM337-3225C15D.txt,http://hdl.handle.net/11035/0002000068,官方PDF已保存并校验
科研体系、资助与研究基础,科技创新政策与能力基线,C-NISTEP-RM337-3225C15D,2024-03-01,W3,ポストドクター等の雇用・進路に関する調査（2021年度実績）,机构正式研究,C:\Users\WINDOWS\OneDrive\知识库\智库信息爬虫\国际主要科技智库观点演变_研判\03_证据底稿\原文PDF\C-NISTEP-RM337-3225C15D.pdf,C:\Users\WINDOWS\OneDrive\知识库\智库信息爬虫\国际主要科技智库观点演变_研判\03_证据底稿\文本\C-NISTEP-RM337-3225C15D.txt,http://hdl.handle.net/11035/0002000068,官方PDF已保存并校验
科技人才、博士与职业流动,科技创新政策与能力基线,C-NISTEP-RM337-3225C15D,2024-03-01,W3,ポストドクター等の雇用・進路に関する調査（2021年度実績）,机构正式研究,C:\Users\WINDOWS\OneDrive\知识库\智库信息爬虫\国际主要科技智库观点演变_研判\03_证据底稿\原文PDF\C-NISTEP-RM337-3225C15D.pdf,C:\Users\WINDOWS\OneDrive\知识库\智库信息爬虫\国际主要科技智库观点演变_研判\03_证据底稿\文本\C-NISTEP-RM337-3225C15D.txt,http://hdl.handle.net/11035/0002000068,官方PDF已保存并校验
企业研发、创新与产学合作,科技创新政策与能力基线,C-NISTEP-RM337-3225C15D,2024-03-01,W3,ポストドクター等の雇用・進路に関する調査（2021年度実績）,机构正式研究,C:\Users\WINDOWS\OneDrive\知识库\智库信息爬虫\国际主要科技智库观点演变_研判\03_证据底稿\原文PDF\C-NISTEP-RM337-3225C15D.pdf,C:\Users\WINDOWS\OneDrive\知识库\智库信息爬虫\国际主要科技智库观点演变_研判\03_证据底稿\文本\C-NISTEP-RM337-3225C15D.txt,http://hdl.handle.net/11035/0002000068,官方PDF已保存并校验
中国科技能力与国际比较,科技创新政策与能力基线,C-NISTEP-RM337-3225C15D,2024-03-01,W3,ポストドクター等の雇用・進路に関する調査（2021年度実績）,机构正式研究,C:\Users\WINDOWS\OneDrive\知识库\智库信息爬虫\国际主要科技智库观点演变_研判\03_证据底稿\原文PDF\C-NISTEP-RM337-3225C15D.pdf,C:\Users\WINDOWS\OneDrive\知识库\智库信息爬虫\国际主要科技智库观点演变_研判\03_证据底稿\文本\C-NISTEP-RM337-3225C15D.txt,http://hdl.handle.net/11035/0002000068,官方PDF已保存并校验
人工智能、数据与数字技术,科技创新政策与能力基线,C-NISTEP-RM338-8008E374,2024-03-01,W3,2050年カーボンニュートラルに資する基盤的科学技術に関する予測調査,机构正式研究,C:\Users\WINDOWS\OneDrive\知识库\智库信息爬虫\国际主要科技智库观点演变_研判\03_证据底稿\网页文本\C-NISTEP-RM338-8008E374.txt,C:\Users\WINDOWS\OneDrive\知识库\智库信息爬虫\国际主要科技智库观点演变_研判\03_证据底稿\网页文本\C-NISTEP-RM338-8008E374.txt,http://hdl.handle.net/11035/0002000102,官方仓储PDF代理全文已保存
关键技术、专利与产业竞争力,科技创新政策与能力基线,C-NISTEP-RM338-8008E374,2024-03-01,W3,2050年カーボンニュートラルに資する基盤的科学技術に関する予測調査,机构正式研究,C:\Users\WINDOWS\OneDrive\知识库\智库信息爬虫\国际主要科技智库观点演变_研判\03_证据底稿\网页文本\C-NISTEP-RM338-8008E374.txt,C:\Users\WINDOWS\OneDrive\知识库\智库信息爬虫\国际主要科技智库观点演变_研判\03_证据底稿\网页文本\C-NISTEP-RM338-8008E374.txt,http://hdl.handle.net/11035/0002000102,官方仓储PDF代理全文已保存
科技指标、论文与国际比较,科技创新政策与能力基线,C-NISTEP-RM338-8008E374,2024-03-01,W3,2050年カーボンニュートラルに資する基盤的科学技術に関する予測調査,机构正式研究,C:\Users\WINDOWS\OneDrive\知识库\智库信息爬虫\国际主要科技智库观点演变_研判\03_证据底稿\网页文本\C-NISTEP-RM338-8008E374.txt,C:\Users\WINDOWS\OneDrive\知识库\智库信息爬虫\国际主要科技智库观点演变_研判\03_证据底稿\网页文本\C-NISTEP-RM338-8008E374.txt,http://hdl.handle.net/11035/0002000102,官方仓储PDF代理全文已保存
科技人才、博士与职业流动,科技创新政策与能力基线,C-NISTEP-RM338-8008E374,2024-03-01,W3,2050年カーボンニュートラルに資する基盤的科学技術に関する予測調査,机构正式研究,C:\Users\WINDOWS\OneDrive\知识库\智库信息爬虫\国际主要科技智库观点演变_研判\03_证据底稿\网页文本\C-NISTEP-RM338-8008E374.txt,C:\Users\WINDOWS\OneDrive\知识库\智库信息爬虫\国际主要科技智库观点演变_研判\03_证据底稿\网页文本\C-NISTEP-RM338-8008E374.txt,http://hdl.handle.net/11035/0002000102,官方仓储PDF代理全文已保存
企业研发、创新与产学合作,科技创新政策与能力基线,C-NISTEP-RM338-8008E374,2024-03-01,W3,2050年カーボンニュートラルに資する基盤的科学技術に関する予測調査,机构正式研究,C:\Users\WINDOWS\OneDrive\知识库\智库信息爬虫\国际主要科技智库观点演变_研判\03_证据底稿\网页文本\C-NISTEP-RM338-8008E374.txt,C:\Users\WINDOWS\OneDrive\知识库\智库信息爬虫\国际主要科技智库观点演变_研判\03_证据底稿\网页文本\C-NISTEP-RM338-8008E374.txt,http://hdl.handle.net/11035/0002000102,官方仓储PDF代理全文已保存
科技前瞻、新兴议题与社会,科技创新政策与能力基线,C-NISTEP-RM338-8008E374,2024-03-01,W3,2050年カーボンニュートラルに資する基盤的科学技術に関する予測調査,机构正式研究,C:\Users\WINDOWS\OneDrive\知识库\智库信息爬虫\国际主要科技智库观点演变_研判\03_证据底稿\网页文本\C-NISTEP-RM338-8008E374.txt,C:\Users\WINDOWS\OneDrive\知识库\智库信息爬虫\国际主要科技智库观点演变_研判\03_证据底稿\网页文本\C-NISTEP-RM338-8008E374.txt,http://hdl.handle.net/11035/0002000102,官方仓储PDF代理全文已保存
人工智能、数据与数字技术,科技创新政策与能力基线,C-NISTEP-RM339-530C9DBF,2024-03-01,W3,地域科学技術指標2021,机构正式研究,C:\Users\WINDOWS\OneDrive\知识库\智库信息爬虫\国际主要科技智库观点演变_研判\03_证据底稿\网页文本\C-NISTEP-RM339-530C9DBF.txt,C:\Users\WINDOWS\OneDrive\知识库\智库信息爬虫\国际主要科技智库观点演变_研判\03_证据底稿\网页文本\C-NISTEP-RM339-530C9DBF.txt,http://hdl.handle.net/11035/0002000103,官方仓储PDF代理全文已保存
关键技术、专利与产业竞争力,科技创新政策与能力基线,C-NISTEP-RM339-530C9DBF,2024-03-01,W3,地域科学技術指標2021,机构正式研究,C:\Users\WINDOWS\OneDrive\知识库\智库信息爬虫\国际主要科技智库观点演变_研判\03_证据底稿\网页文本\C-NISTEP-RM339-530C9DBF.txt,C:\Users\WINDOWS\OneDrive\知识库\智库信息爬虫\国际主要科技智库观点演变_研判\03_证据底稿\网页文本\C-NISTEP-RM339-530C9DBF.txt,http://hdl.handle.net/11035/0002000103,官方仓储PDF代理全文已保存
科技指标、论文与国际比较,科技创新政策与能力基线,C-NISTEP-RM339-530C9DBF,2024-03-01,W3,地域科学技術指標2021,机构正式研究,C:\Users\WINDOWS\OneDrive\知识库\智库信息爬虫\国际主要科技智库观点演变_研判\03_证据底稿\网页文本\C-NISTEP-RM339-530C9DBF.txt,C:\Users\WINDOWS\OneDrive\知识库\智库信息爬虫\国际主要科技智库观点演变_研判\03_证据底稿\网页文本\C-NISTEP-RM339-530C9DBF.txt,http://hdl.handle.net/11035/0002000103,官方仓储PDF代理全文已保存
科研体系、资助与研究基础,科技创新政策与能力基线,C-NISTEP-RM339-530C9DBF,2024-03-01,W3,地域科学技術指標2021,机构正式研究,C:\Users\WINDOWS\OneDrive\知识库\智库信息爬虫\国际主要科技智库观点演变_研判\03_证据底稿\网页文本\C-NISTEP-RM339-530C9DBF.txt,C:\Users\WINDOWS\OneDrive\知识库\智库信息爬虫\国际主要科技智库观点演变_研判\03_证据底稿\网页文本\C-NISTEP-RM339-530C9DBF.txt,http://hdl.handle.net/11035/0002000103,官方仓储PDF代理全文已保存
科技人才、博士与职业流动,科技创新政策与能力基线,C-NISTEP-RM339-530C9DBF,2024-03-01,W3,地域科学技術指標2021,机构正式研究,C:\Users\WINDOWS\OneDrive\知识库\智库信息爬虫\国际主要科技智库观点演变_研判\03_证据底稿\网页文本\C-NISTEP-RM339-530C9DBF.txt,C:\Users\WINDOWS\OneDrive\知识库\智库信息爬虫\国际主要科技智库观点演变_研判\03_证据底稿\网页文本\C-NISTEP-RM339-530C9DBF.txt,http://hdl.handle.net/11035/0002000103,官方仓储PDF代理全文已保存
企业研发、创新与产学合作,科技创新政策与能力基线,C-NISTEP-RM339-530C9DBF,2024-03-01,W3,地域科学技術指標2021,机构正式研究,C:\Users\WINDOWS\OneDrive\知识库\智库信息爬虫\国际主要科技智库观点演变_研判\03_证据底稿\网页文本\C-NISTEP-RM339-530C9DBF.txt,C:\Users\WINDOWS\OneDrive\知识库\智库信息爬虫\国际主要科技智库观点演变_研判\03_证据底稿\网页文本\C-NISTEP-RM339-530C9DBF.txt,http://hdl.handle.net/11035/0002000103,官方仓储PDF代理全文已保存
科技前瞻、新兴议题与社会,科技创新政策与能力基线,C-NISTEP-RM339-530C9DBF,2024-03-01,W3,地域科学技術指標2021,机构正式研究,C:\Users\WINDOWS\OneDrive\知识库\智库信息爬虫\国际主要科技智库观点演变_研判\03_证据底稿\网页文本\C-NISTEP-RM339-530C9DBF.txt,C:\Users\WINDOWS\OneDrive\知识库\智库信息爬虫\国际主要科技智库观点演变_研判\03_证据底稿\网页文本\C-NISTEP-RM339-530C9DBF.txt,http://hdl.handle.net/11035/0002000103,官方仓储PDF代理全文已保存
开放科学、研究诚信与治理,科技创新政策与能力基线,C-NISTEP-RM339-530C9DBF,2024-03-01,W3,地域科学技術指標2021,机构正式研究,C:\Users\WINDOWS\OneDrive\知识库\智库信息爬虫\国际主要科技智库观点演变_研判\03_证据底稿\网页文本\C-NISTEP-RM339-530C9DBF.txt,C:\Users\WINDOWS\OneDrive\知识库\智库信息爬虫\国际主要科技智库观点演变_研判\03_证据底稿\网页文本\C-NISTEP-RM339-530C9DBF.txt,http://hdl.handle.net/11035/0002000103,官方仓储PDF代理全文已保存
科技指标、论文与国际比较,科技创新政策与能力基线,C-NISTEP-DP229-D4A82386,2024-04-01,W3,"Flexible labor, innovation regimes and the erosion of the Japanese model: Evidence from the Basic Survey on Wage Structure （労働の柔軟性，イノベーション・レジーム， 及び日本モデルの後退：『賃金構造基本統計調査』を用いた実証分析）",作者讨论论文,C:\Users\WINDOWS\OneDrive\知识库\智库信息爬虫\国际主要科技智库观点演变_研判\03_证据底稿\网页文本\C-NISTEP-DP229-D4A82386.txt,C:\Users\WINDOWS\OneDrive\知识库\智库信息爬虫\国际主要科技智库观点演变_研判\03_证据底稿\网页文本\C-NISTEP-DP229-D4A82386.txt,http://hdl.handle.net/11035/0002000104,官方仓储PDF代理全文已保存
科技人才、博士与职业流动,科技创新政策与能力基线,C-NISTEP-DP229-D4A82386,2024-04-01,W3,"Flexible labor, innovation regimes and the erosion of the Japanese model: Evidence from the Basic Survey on Wage Structure （労働の柔軟性，イノベーション・レジーム， 及び日本モデルの後退：『賃金構造基本統計調査』を用いた実証分析）",作者讨论论文,C:\Users\WINDOWS\OneDrive\知识库\智库信息爬虫\国际主要科技智库观点演变_研判\03_证据底稿\网页文本\C-NISTEP-DP229-D4A82386.txt,C:\Users\WINDOWS\OneDrive\知识库\智库信息爬虫\国际主要科技智库观点演变_研判\03_证据底稿\网页文本\C-NISTEP-DP229-D4A82386.txt,http://hdl.handle.net/11035/0002000104,官方仓储PDF代理全文已保存
企业研发、创新与产学合作,科技创新政策与能力基线,C-NISTEP-DP229-D4A82386,2024-04-01,W3,"Flexible labor, innovation regimes and the erosion of the Japanese model: Evidence from the Basic Survey on Wage Structure （労働の柔軟性，イノベーション・レジーム， 及び日本モデルの後退：『賃金構造基本統計調査』を用いた実証分析）",作者讨论论文,C:\Users\WINDOWS\OneDrive\知识库\智库信息爬虫\国际主要科技智库观点演变_研判\03_证据底稿\网页文本\C-NISTEP-DP229-D4A82386.txt,C:\Users\WINDOWS\OneDrive\知识库\智库信息爬虫\国际主要科技智库观点演变_研判\03_证据底稿\网页文本\C-NISTEP-DP229-D4A82386.txt,http://hdl.handle.net/11035/0002000104,官方仓储PDF代理全文已保存
科技指标、论文与国际比较,科技创新政策与能力基线,C-NISTEP-NR201-57FF7615,2024-05-01,W3,科学技術の状況に係る総合的意識調査 （NISTEP 定点調査 2023）報告書,机构正式研究,C:\Users\WINDOWS\OneDrive\知识库\智库信息爬虫\国际主要科技智库观点演变_研判\03_证据底稿\网页文本\C-NISTEP-NR201-57FF7615.txt,C:\Users\WINDOWS\OneDrive\知识库\智库信息爬虫\国际主要科技智库观点演变_研判\03_证据底稿\网页文本\C-NISTEP-NR201-57FF7615.txt,http://hdl.handle.net/11035/0002000106,官方仓储PDF代理全文已保存
科研体系、资助与研究基础,科技创新政策与能力基线,C-NISTEP-NR201-57FF7615,2024-05-01,W3,科学技術の状況に係る総合的意識調査 （NISTEP 定点調査 2023）報告書,机构正式研究,C:\Users\WINDOWS\OneDrive\知识库\智库信息爬虫\国际主要科技智库观点演变_研判\03_证据底稿\网页文本\C-NISTEP-NR201-57FF7615.txt,C:\Users\WINDOWS\OneDrive\知识库\智库信息爬虫\国际主要科技智库观点演变_研判\03_证据底稿\网页文本\C-NISTEP-NR201-57FF7615.txt,http://hdl.handle.net/11035/0002000106,官方仓储PDF代理全文已保存
科技人才、博士与职业流动,科技创新政策与能力基线,C-NISTEP-NR201-57FF7615,2024-05-01,W3,科学技術の状況に係る総合的意識調査 （NISTEP 定点調査 2023）報告書,机构正式研究,C:\Users\WINDOWS\OneDrive\知识库\智库信息爬虫\国际主要科技智库观点演变_研判\03_证据底稿\网页文本\C-NISTEP-NR201-57FF7615.txt,C:\Users\WINDOWS\OneDrive\知识库\智库信息爬虫\国际主要科技智库观点演变_研判\03_证据底稿\网页文本\C-NISTEP-NR201-57FF7615.txt,http://hdl.handle.net/11035/0002000106,官方仓储PDF代理全文已保存
企业研发、创新与产学合作,科技创新政策与能力基线,C-NISTEP-NR201-57FF7615,2024-05-01,W3,科学技術の状況に係る総合的意識調査 （NISTEP 定点調査 2023）報告書,机构正式研究,C:\Users\WINDOWS\OneDrive\知识库\智库信息爬虫\国际主要科技智库观点演变_研判\03_证据底稿\网页文本\C-NISTEP-NR201-57FF7615.txt,C:\Users\WINDOWS\OneDrive\知识库\智库信息爬虫\国际主要科技智库观点演变_研判\03_证据底稿\网页文本\C-NISTEP-NR201-57FF7615.txt,http://hdl.handle.net/11035/0002000106,官方仓储PDF代理全文已保存
科技前瞻、新兴议题与社会,科技创新政策与能力基线,C-NISTEP-NR201-57FF7615,2024-05-01,W3,科学技術の状況に係る総合的意識調査 （NISTEP 定点調査 2023）報告書,机构正式研究,C:\Users\WINDOWS\OneDrive\知识库\智库信息爬虫\国际主要科技智库观点演变_研判\03_证据底稿\网页文本\C-NISTEP-NR201-57FF7615.txt,C:\Users\WINDOWS\OneDrive\知识库\智库信息爬虫\国际主要科技智库观点演变_研判\03_证据底稿\网页文本\C-NISTEP-NR201-57FF7615.txt,http://hdl.handle.net/11035/0002000106,官方仓储PDF代理全文已保存
开放科学、研究诚信与治理,科技创新政策与能力基线,C-NISTEP-NR201-57FF7615,2024-05-01,W3,科学技術の状況に係る総合的意識調査 （NISTEP 定点調査 2023）報告書,机构正式研究,C:\Users\WINDOWS\OneDrive\知识库\智库信息爬虫\国际主要科技智库观点演变_研判\03_证据底稿\网页文本\C-NISTEP-NR201-57FF7615.txt,C:\Users\WINDOWS\OneDrive\知识库\智库信息爬虫\国际主要科技智库观点演变_研判\03_证据底稿\网页文本\C-NISTEP-NR201-57FF7615.txt,http://hdl.handle.net/11035/0002000106,官方仓储PDF代理全文已保存
人工智能、数据与数字技术,科技创新政策与能力基线,C-NISTEP-NR202-1CB32699,2024-05-01,W3,科学技術の状況に係る総合的意識調査 （NISTEP 定点調査 2023）データ集,机构正式研究,C:\Users\WINDOWS\OneDrive\知识库\智库信息爬虫\国际主要科技智库观点演变_研判\03_证据底稿\网页文本\C-NISTEP-NR202-1CB32699.txt,C:\Users\WINDOWS\OneDrive\知识库\智库信息爬虫\国际主要科技智库观点演变_研判\03_证据底稿\网页文本\C-NISTEP-NR202-1CB32699.txt,http://hdl.handle.net/11035/0002000107,官方发布页摘要已保存
科技指标、论文与国际比较,科技创新政策与能力基线,C-NISTEP-NR202-1CB32699,2024-05-01,W3,科学技術の状況に係る総合的意識調査 （NISTEP 定点調査 2023）データ集,机构正式研究,C:\Users\WINDOWS\OneDrive\知识库\智库信息爬虫\国际主要科技智库观点演变_研判\03_证据底稿\网页文本\C-NISTEP-NR202-1CB32699.txt,C:\Users\WINDOWS\OneDrive\知识库\智库信息爬虫\国际主要科技智库观点演变_研判\03_证据底稿\网页文本\C-NISTEP-NR202-1CB32699.txt,http://hdl.handle.net/11035/0002000107,官方发布页摘要已保存
科研体系、资助与研究基础,科技创新政策与能力基线,C-NISTEP-NR202-1CB32699,2024-05-01,W3,科学技術の状況に係る総合的意識調査 （NISTEP 定点調査 2023）データ集,机构正式研究,C:\Users\WINDOWS\OneDrive\知识库\智库信息爬虫\国际主要科技智库观点演变_研判\03_证据底稿\网页文本\C-NISTEP-NR202-1CB32699.txt,C:\Users\WINDOWS\OneDrive\知识库\智库信息爬虫\国际主要科技智库观点演变_研判\03_证据底稿\网页文本\C-NISTEP-NR202-1CB32699.txt,http://hdl.handle.net/11035/0002000107,官方发布页摘要已保存
科技人才、博士与职业流动,科技创新政策与能力基线,C-NISTEP-NR202-1CB32699,2024-05-01,W3,科学技術の状況に係る総合的意識調査 （NISTEP 定点調査 2023）データ集,机构正式研究,C:\Users\WINDOWS\OneDrive\知识库\智库信息爬虫\国际主要科技智库观点演变_研判\03_证据底稿\网页文本\C-NISTEP-NR202-1CB32699.txt,C:\Users\WINDOWS\OneDrive\知识库\智库信息爬虫\国际主要科技智库观点演变_研判\03_证据底稿\网页文本\C-NISTEP-NR202-1CB32699.txt,http://hdl.handle.net/11035/0002000107,官方发布页摘要已保存
企业研发、创新与产学合作,科技创新政策与能力基线,C-NISTEP-NR202-1CB32699,2024-05-01,W3,科学技術の状況に係る総合的意識調査 （NISTEP 定点調査 2023）データ集,机构正式研究,C:\Users\WINDOWS\OneDrive\知识库\智库信息爬虫\国际主要科技智库观点演变_研判\03_证据底稿\网页文本\C-NISTEP-NR202-1CB32699.txt,C:\Users\WINDOWS\OneDrive\知识库\智库信息爬虫\国际主要科技智库观点演变_研判\03_证据底稿\网页文本\C-NISTEP-NR202-1CB32699.txt,http://hdl.handle.net/11035/0002000107,官方发布页摘要已保存
科技前瞻、新兴议题与社会,科技创新政策与能力基线,C-NISTEP-NR202-1CB32699,2024-05-01,W3,科学技術の状況に係る総合的意識調査 （NISTEP 定点調査 2023）データ集,机构正式研究,C:\Users\WINDOWS\OneDrive\知识库\智库信息爬虫\国际主要科技智库观点演变_研判\03_证据底稿\网页文本\C-NISTEP-NR202-1CB32699.txt,C:\Users\WINDOWS\OneDrive\知识库\智库信息爬虫\国际主要科技智库观点演变_研判\03_证据底稿\网页文本\C-NISTEP-NR202-1CB32699.txt,http://hdl.handle.net/11035/0002000107,官方发布页摘要已保存
开放科学、研究诚信与治理,科技创新政策与能力基线,C-NISTEP-NR202-1CB32699,2024-05-01,W3,科学技術の状況に係る総合的意識調査 （NISTEP 定点調査 2023）データ集,机构正式研究,C:\Users\WINDOWS\OneDrive\知识库\智库信息爬虫\国际主要科技智库观点演变_研判\03_证据底稿\网页文本\C-NISTEP-NR202-1CB32699.txt,C:\Users\WINDOWS\OneDrive\知识库\智库信息爬虫\国际主要科技智库观点演变_研判\03_证据底稿\网页文本\C-NISTEP-NR202-1CB32699.txt,http://hdl.handle.net/11035/0002000107,官方发布页摘要已保存
人工智能、数据与数字技术,科技创新政策与能力基线,C-NISTEP-DP230-267CC35C,2024-06-01,W3,大学教員レベルで見た研究開発費の時系列変化: 「科学技術研究調査」を用いた試行,作者讨论论文,C:\Users\WINDOWS\OneDrive\知识库\智库信息爬虫\国际主要科技智库观点演变_研判\03_证据底稿\网页文本\C-NISTEP-DP230-267CC35C.txt,C:\Users\WINDOWS\OneDrive\知识库\智库信息爬虫\国际主要科技智库观点演变_研判\03_证据底稿\网页文本\C-NISTEP-DP230-267CC35C.txt,http://hdl.handle.net/11035/0002000109,官方仓储PDF代理全文已保存
科技指标、论文与国际比较,科技创新政策与能力基线,C-NISTEP-DP230-267CC35C,2024-06-01,W3,大学教員レベルで見た研究開発費の時系列変化: 「科学技術研究調査」を用いた試行,作者讨论论文,C:\Users\WINDOWS\OneDrive\知识库\智库信息爬虫\国际主要科技智库观点演变_研判\03_证据底稿\网页文本\C-NISTEP-DP230-267CC35C.txt,C:\Users\WINDOWS\OneDrive\知识库\智库信息爬虫\国际主要科技智库观点演变_研判\03_证据底稿\网页文本\C-NISTEP-DP230-267CC35C.txt,http://hdl.handle.net/11035/0002000109,官方仓储PDF代理全文已保存
科研体系、资助与研究基础,科技创新政策与能力基线,C-NISTEP-DP230-267CC35C,2024-06-01,W3,大学教員レベルで見た研究開発費の時系列変化: 「科学技術研究調査」を用いた試行,作者讨论论文,C:\Users\WINDOWS\OneDrive\知识库\智库信息爬虫\国际主要科技智库观点演变_研判\03_证据底稿\网页文本\C-NISTEP-DP230-267CC35C.txt,C:\Users\WINDOWS\OneDrive\知识库\智库信息爬虫\国际主要科技智库观点演变_研判\03_证据底稿\网页文本\C-NISTEP-DP230-267CC35C.txt,http://hdl.handle.net/11035/0002000109,官方仓储PDF代理全文已保存
科技人才、博士与职业流动,科技创新政策与能力基线,C-NISTEP-DP230-267CC35C,2024-06-01,W3,大学教員レベルで見た研究開発費の時系列変化: 「科学技術研究調査」を用いた試行,作者讨论论文,C:\Users\WINDOWS\OneDrive\知识库\智库信息爬虫\国际主要科技智库观点演变_研判\03_证据底稿\网页文本\C-NISTEP-DP230-267CC35C.txt,C:\Users\WINDOWS\OneDrive\知识库\智库信息爬虫\国际主要科技智库观点演变_研判\03_证据底稿\网页文本\C-NISTEP-DP230-267CC35C.txt,http://hdl.handle.net/11035/0002000109,官方仓储PDF代理全文已保存
企业研发、创新与产学合作,科技创新政策与能力基线,C-NISTEP-DP230-267CC35C,2024-06-01,W3,大学教員レベルで見た研究開発費の時系列変化: 「科学技術研究調査」を用いた試行,作者讨论论文,C:\Users\WINDOWS\OneDrive\知识库\智库信息爬虫\国际主要科技智库观点演变_研判\03_证据底稿\网页文本\C-NISTEP-DP230-267CC35C.txt,C:\Users\WINDOWS\OneDrive\知识库\智库信息爬虫\国际主要科技智库观点演变_研判\03_证据底稿\网页文本\C-NISTEP-DP230-267CC35C.txt,http://hdl.handle.net/11035/0002000109,官方仓储PDF代理全文已保存
科技前瞻、新兴议题与社会,科技创新政策与能力基线,C-NISTEP-DP230-267CC35C,2024-06-01,W3,大学教員レベルで見た研究開発費の時系列変化: 「科学技術研究調査」を用いた試行,作者讨论论文,C:\Users\WINDOWS\OneDrive\知识库\智库信息爬虫\国际主要科技智库观点演变_研判\03_证据底稿\网页文本\C-NISTEP-DP230-267CC35C.txt,C:\Users\WINDOWS\OneDrive\知识库\智库信息爬虫\国际主要科技智库观点演变_研判\03_证据底稿\网页文本\C-NISTEP-DP230-267CC35C.txt,http://hdl.handle.net/11035/0002000109,官方仓储PDF代理全文已保存
关键技术、专利与产业竞争力,科技创新政策与能力基线,C-NISTEP-NR203-26589066,2024-06-01,W3,民間企業の研究活動に関する調査報告2023,机构正式研究,C:\Users\WINDOWS\OneDrive\知识库\智库信息爬虫\国际主要科技智库观点演变_研判\03_证据底稿\网页文本\C-NISTEP-NR203-26589066.txt,C:\Users\WINDOWS\OneDrive\知识库\智库信息爬虫\国际主要科技智库观点演变_研判\03_证据底稿\网页文本\C-NISTEP-NR203-26589066.txt,http://hdl.handle.net/11035/0002000111,官方仓储PDF代理全文已保存
科技指标、论文与国际比较,科技创新政策与能力基线,C-NISTEP-NR203-26589066,2024-06-01,W3,民間企業の研究活動に関する調査報告2023,机构正式研究,C:\Users\WINDOWS\OneDrive\知识库\智库信息爬虫\国际主要科技智库观点演变_研判\03_证据底稿\网页文本\C-NISTEP-NR203-26589066.txt,C:\Users\WINDOWS\OneDrive\知识库\智库信息爬虫\国际主要科技智库观点演变_研判\03_证据底稿\网页文本\C-NISTEP-NR203-26589066.txt,http://hdl.handle.net/11035/0002000111,官方仓储PDF代理全文已保存
科研体系、资助与研究基础,科技创新政策与能力基线,C-NISTEP-NR203-26589066,2024-06-01,W3,民間企業の研究活動に関する調査報告2023,机构正式研究,C:\Users\WINDOWS\OneDrive\知识库\智库信息爬虫\国际主要科技智库观点演变_研判\03_证据底稿\网页文本\C-NISTEP-NR203-26589066.txt,C:\Users\WINDOWS\OneDrive\知识库\智库信息爬虫\国际主要科技智库观点演变_研判\03_证据底稿\网页文本\C-NISTEP-NR203-26589066.txt,http://hdl.handle.net/11035/0002000111,官方仓储PDF代理全文已保存
科技人才、博士与职业流动,科技创新政策与能力基线,C-NISTEP-NR203-26589066,2024-06-01,W3,民間企業の研究活動に関する調査報告2023,机构正式研究,C:\Users\WINDOWS\OneDrive\知识库\智库信息爬虫\国际主要科技智库观点演变_研判\03_证据底稿\网页文本\C-NISTEP-NR203-26589066.txt,C:\Users\WINDOWS\OneDrive\知识库\智库信息爬虫\国际主要科技智库观点演变_研判\03_证据底稿\网页文本\C-NISTEP-NR203-26589066.txt,http://hdl.handle.net/11035/0002000111,官方仓储PDF代理全文已保存
企业研发、创新与产学合作,科技创新政策与能力基线,C-NISTEP-NR203-26589066,2024-06-01,W3,民間企業の研究活動に関する調査報告2023,机构正式研究,C:\Users\WINDOWS\OneDrive\知识库\智库信息爬虫\国际主要科技智库观点演变_研判\03_证据底稿\网页文本\C-NISTEP-NR203-26589066.txt,C:\Users\WINDOWS\OneDrive\知识库\智库信息爬虫\国际主要科技智库观点演变_研判\03_证据底稿\网页文本\C-NISTEP-NR203-26589066.txt,http://hdl.handle.net/11035/0002000111,官方仓储PDF代理全文已保存
人工智能、数据与数字技术,科技创新政策与能力基线,C-NISTEP-RM340-676E113A,2024-06-01,W3,研究論文に着目した日英独の大学ベンチマーキング2023-大学の個性を活かし、国全体としての水準を向上させるために-,机构正式研究,C:\Users\WINDOWS\OneDrive\知识库\智库信息爬虫\国际主要科技智库观点演变_研判\03_证据底稿\网页文本\C-NISTEP-RM340-676E113A.txt,C:\Users\WINDOWS\OneDrive\知识库\智库信息爬虫\国际主要科技智库观点演变_研判\03_证据底稿\网页文本\C-NISTEP-RM340-676E113A.txt,http://hdl.handle.net/11035/0002000110,官方仓储PDF代理全文已保存
科技指标、论文与国际比较,科技创新政策与能力基线,C-NISTEP-RM340-676E113A,2024-06-01,W3,研究論文に着目した日英独の大学ベンチマーキング2023-大学の個性を活かし、国全体としての水準を向上させるために-,机构正式研究,C:\Users\WINDOWS\OneDrive\知识库\智库信息爬虫\国际主要科技智库观点演变_研判\03_证据底稿\网页文本\C-NISTEP-RM340-676E113A.txt,C:\Users\WINDOWS\OneDrive\知识库\智库信息爬虫\国际主要科技智库观点演变_研判\03_证据底稿\网页文本\C-NISTEP-RM340-676E113A.txt,http://hdl.handle.net/11035/0002000110,官方仓储PDF代理全文已保存
科研体系、资助与研究基础,科技创新政策与能力基线,C-NISTEP-RM340-676E113A,2024-06-01,W3,研究論文に着目した日英独の大学ベンチマーキング2023-大学の個性を活かし、国全体としての水準を向上させるために-,机构正式研究,C:\Users\WINDOWS\OneDrive\知识库\智库信息爬虫\国际主要科技智库观点演变_研判\03_证据底稿\网页文本\C-NISTEP-RM340-676E113A.txt,C:\Users\WINDOWS\OneDrive\知识库\智库信息爬虫\国际主要科技智库观点演变_研判\03_证据底稿\网页文本\C-NISTEP-RM340-676E113A.txt,http://hdl.handle.net/11035/0002000110,官方仓储PDF代理全文已保存
科技人才、博士与职业流动,科技创新政策与能力基线,C-NISTEP-RM340-676E113A,2024-06-01,W3,研究論文に着目した日英独の大学ベンチマーキング2023-大学の個性を活かし、国全体としての水準を向上させるために-,机构正式研究,C:\Users\WINDOWS\OneDrive\知识库\智库信息爬虫\国际主要科技智库观点演变_研判\03_证据底稿\网页文本\C-NISTEP-RM340-676E113A.txt,C:\Users\WINDOWS\OneDrive\知识库\智库信息爬虫\国际主要科技智库观点演变_研判\03_证据底稿\网页文本\C-NISTEP-RM340-676E113A.txt,http://hdl.handle.net/11035/0002000110,官方仓储PDF代理全文已保存
企业研发、创新与产学合作,科技创新政策与能力基线,C-NISTEP-RM340-676E113A,2024-06-01,W3,研究論文に着目した日英独の大学ベンチマーキング2023-大学の個性を活かし、国全体としての水準を向上させるために-,机构正式研究,C:\Users\WINDOWS\OneDrive\知识库\智库信息爬虫\国际主要科技智库观点演变_研判\03_证据底稿\网页文本\C-NISTEP-RM340-676E113A.txt,C:\Users\WINDOWS\OneDrive\知识库\智库信息爬虫\国际主要科技智库观点演变_研判\03_证据底稿\网页文本\C-NISTEP-RM340-676E113A.txt,http://hdl.handle.net/11035/0002000110,官方仓储PDF代理全文已保存
科技前瞻、新兴议题与社会,科技创新政策与能力基线,C-NISTEP-RM340-676E113A,2024-06-01,W3,研究論文に着目した日英独の大学ベンチマーキング2023-大学の個性を活かし、国全体としての水準を向上させるために-,机构正式研究,C:\Users\WINDOWS\OneDrive\知识库\智库信息爬虫\国际主要科技智库观点演变_研判\03_证据底稿\网页文本\C-NISTEP-RM340-676E113A.txt,C:\Users\WINDOWS\OneDrive\知识库\智库信息爬虫\国际主要科技智库观点演变_研判\03_证据底稿\网页文本\C-NISTEP-RM340-676E113A.txt,http://hdl.handle.net/11035/0002000110,官方仓储PDF代理全文已保存
科技指标、论文与国际比较,科技创新政策与能力基线,C-NISTEP-DP231-EE6F1C51,2024-07-01,W3,研究室パネル調査の枠組みによる日英独の研究環境の比較,作者讨论论文,C:\Users\WINDOWS\OneDrive\知识库\智库信息爬虫\国际主要科技智库观点演变_研判\03_证据底稿\网页文本\C-NISTEP-DP231-EE6F1C51.txt,C:\Users\WINDOWS\OneDrive\知识库\智库信息爬虫\国际主要科技智库观点演变_研判\03_证据底稿\网页文本\C-NISTEP-DP231-EE6F1C51.txt,http://hdl.handle.net/11035/0002000112,官方仓储PDF代理全文已保存
科研体系、资助与研究基础,科技创新政策与能力基线,C-NISTEP-DP231-EE6F1C51,2024-07-01,W3,研究室パネル調査の枠組みによる日英独の研究環境の比較,作者讨论论文,C:\Users\WINDOWS\OneDrive\知识库\智库信息爬虫\国际主要科技智库观点演变_研判\03_证据底稿\网页文本\C-NISTEP-DP231-EE6F1C51.txt,C:\Users\WINDOWS\OneDrive\知识库\智库信息爬虫\国际主要科技智库观点演变_研判\03_证据底稿\网页文本\C-NISTEP-DP231-EE6F1C51.txt,http://hdl.handle.net/11035/0002000112,官方仓储PDF代理全文已保存
科技人才、博士与职业流动,科技创新政策与能力基线,C-NISTEP-DP231-EE6F1C51,2024-07-01,W3,研究室パネル調査の枠組みによる日英独の研究環境の比較,作者讨论论文,C:\Users\WINDOWS\OneDrive\知识库\智库信息爬虫\国际主要科技智库观点演变_研判\03_证据底稿\网页文本\C-NISTEP-DP231-EE6F1C51.txt,C:\Users\WINDOWS\OneDrive\知识库\智库信息爬虫\国际主要科技智库观点演变_研判\03_证据底稿\网页文本\C-NISTEP-DP231-EE6F1C51.txt,http://hdl.handle.net/11035/0002000112,官方仓储PDF代理全文已保存
企业研发、创新与产学合作,科技创新政策与能力基线,C-NISTEP-DP231-EE6F1C51,2024-07-01,W3,研究室パネル調査の枠組みによる日英独の研究環境の比較,作者讨论论文,C:\Users\WINDOWS\OneDrive\知识库\智库信息爬虫\国际主要科技智库观点演变_研判\03_证据底稿\网页文本\C-NISTEP-DP231-EE6F1C51.txt,C:\Users\WINDOWS\OneDrive\知识库\智库信息爬虫\国际主要科技智库观点演变_研判\03_证据底稿\网页文本\C-NISTEP-DP231-EE6F1C51.txt,http://hdl.handle.net/11035/0002000112,官方仓储PDF代理全文已保存
科技前瞻、新兴议题与社会,科技创新政策与能力基线,C-NISTEP-DP231-EE6F1C51,2024-07-01,W3,研究室パネル調査の枠組みによる日英独の研究環境の比較,作者讨论论文,C:\Users\WINDOWS\OneDrive\知识库\智库信息爬虫\国际主要科技智库观点演变_研判\03_证据底稿\网页文本\C-NISTEP-DP231-EE6F1C51.txt,C:\Users\WINDOWS\OneDrive\知识库\智库信息爬虫\国际主要科技智库观点演变_研判\03_证据底稿\网页文本\C-NISTEP-DP231-EE6F1C51.txt,http://hdl.handle.net/11035/0002000112,官方仓储PDF代理全文已保存
人工智能、数据与数字技术,核心科技直接材料,C-NISTEP-DP232-19B10054,2024-08-01,W3,米国人工知能会議（AAAI-20）の動向分析に関する調査研究―機関単位の筆頭著者の分析及び共著者との共著関係の分析―,作者讨论论文,C:\Users\WINDOWS\OneDrive\知识库\智库信息爬虫\国际主要科技智库观点演变_研判\03_证据底稿\网页文本\C-NISTEP-DP232-19B10054.txt,C:\Users\WINDOWS\OneDrive\知识库\智库信息爬虫\国际主要科技智库观点演变_研判\03_证据底稿\网页文本\C-NISTEP-DP232-19B10054.txt,http://hdl.handle.net/11035/0002000122,官方仓储PDF代理全文已保存
科技指标、论文与国际比较,核心科技直接材料,C-NISTEP-DP232-19B10054,2024-08-01,W3,米国人工知能会議（AAAI-20）の動向分析に関する調査研究―機関単位の筆頭著者の分析及び共著者との共著関係の分析―,作者讨论论文,C:\Users\WINDOWS\OneDrive\知识库\智库信息爬虫\国际主要科技智库观点演变_研判\03_证据底稿\网页文本\C-NISTEP-DP232-19B10054.txt,C:\Users\WINDOWS\OneDrive\知识库\智库信息爬虫\国际主要科技智库观点演变_研判\03_证据底稿\网页文本\C-NISTEP-DP232-19B10054.txt,http://hdl.handle.net/11035/0002000122,官方仓储PDF代理全文已保存
科研体系、资助与研究基础,核心科技直接材料,C-NISTEP-DP232-19B10054,2024-08-01,W3,米国人工知能会議（AAAI-20）の動向分析に関する調査研究―機関単位の筆頭著者の分析及び共著者との共著関係の分析―,作者讨论论文,C:\Users\WINDOWS\OneDrive\知识库\智库信息爬虫\国际主要科技智库观点演变_研判\03_证据底稿\网页文本\C-NISTEP-DP232-19B10054.txt,C:\Users\WINDOWS\OneDrive\知识库\智库信息爬虫\国际主要科技智库观点演变_研判\03_证据底稿\网页文本\C-NISTEP-DP232-19B10054.txt,http://hdl.handle.net/11035/0002000122,官方仓储PDF代理全文已保存
科技人才、博士与职业流动,核心科技直接材料,C-NISTEP-DP232-19B10054,2024-08-01,W3,米国人工知能会議（AAAI-20）の動向分析に関する調査研究―機関単位の筆頭著者の分析及び共著者との共著関係の分析―,作者讨论论文,C:\Users\WINDOWS\OneDrive\知识库\智库信息爬虫\国际主要科技智库观点演变_研判\03_证据底稿\网页文本\C-NISTEP-DP232-19B10054.txt,C:\Users\WINDOWS\OneDrive\知识库\智库信息爬虫\国际主要科技智库观点演变_研判\03_证据底稿\网页文本\C-NISTEP-DP232-19B10054.txt,http://hdl.handle.net/11035/0002000122,官方仓储PDF代理全文已保存
企业研发、创新与产学合作,核心科技直接材料,C-NISTEP-DP232-19B10054,2024-08-01,W3,米国人工知能会議（AAAI-20）の動向分析に関する調査研究―機関単位の筆頭著者の分析及び共著者との共著関係の分析―,作者讨论论文,C:\Users\WINDOWS\OneDrive\知识库\智库信息爬虫\国际主要科技智库观点演变_研判\03_证据底稿\网页文本\C-NISTEP-DP232-19B10054.txt,C:\Users\WINDOWS\OneDrive\知识库\智库信息爬虫\国际主要科技智库观点演变_研判\03_证据底稿\网页文本\C-NISTEP-DP232-19B10054.txt,http://hdl.handle.net/11035/0002000122,官方仓储PDF代理全文已保存
科技前瞻、新兴议题与社会,核心科技直接材料,C-NISTEP-DP232-19B10054,2024-08-01,W3,米国人工知能会議（AAAI-20）の動向分析に関する調査研究―機関単位の筆頭著者の分析及び共著者との共著関係の分析―,作者讨论论文,C:\Users\WINDOWS\OneDrive\知识库\智库信息爬虫\国际主要科技智库观点演变_研判\03_证据底稿\网页文本\C-NISTEP-DP232-19B10054.txt,C:\Users\WINDOWS\OneDrive\知识库\智库信息爬虫\国际主要科技智库观点演变_研判\03_证据底稿\网页文本\C-NISTEP-DP232-19B10054.txt,http://hdl.handle.net/11035/0002000122,官方仓储PDF代理全文已保存
中国科技能力与国际比较,核心科技直接材料,C-NISTEP-DP232-19B10054,2024-08-01,W3,米国人工知能会議（AAAI-20）の動向分析に関する調査研究―機関単位の筆頭著者の分析及び共著者との共著関係の分析―,作者讨论论文,C:\Users\WINDOWS\OneDrive\知识库\智库信息爬虫\国际主要科技智库观点演变_研判\03_证据底稿\网页文本\C-NISTEP-DP232-19B10054.txt,C:\Users\WINDOWS\OneDrive\知识库\智库信息爬虫\国际主要科技智库观点演变_研判\03_证据底稿\网页文本\C-NISTEP-DP232-19B10054.txt,http://hdl.handle.net/11035/0002000122,官方仓储PDF代理全文已保存
人工智能、数据与数字技术,科技创新政策与能力基线,C-NISTEP-RM341-FB5E550D,2024-08-01,W3,科学技術指標2024,机构正式研究,C:\Users\WINDOWS\OneDrive\知识库\智库信息爬虫\国际主要科技智库观点演变_研判\03_证据底稿\网页文本\C-NISTEP-RM341-FB5E550D.txt,C:\Users\WINDOWS\OneDrive\知识库\智库信息爬虫\国际主要科技智库观点演变_研判\03_证据底稿\网页文本\C-NISTEP-RM341-FB5E550D.txt,http://hdl.handle.net/11035/0002000116,官方HTML版报告已保存
关键技术、专利与产业竞争力,科技创新政策与能力基线,C-NISTEP-RM341-FB5E550D,2024-08-01,W3,科学技術指標2024,机构正式研究,C:\Users\WINDOWS\OneDrive\知识库\智库信息爬虫\国际主要科技智库观点演变_研判\03_证据底稿\网页文本\C-NISTEP-RM341-FB5E550D.txt,C:\Users\WINDOWS\OneDrive\知识库\智库信息爬虫\国际主要科技智库观点演变_研判\03_证据底稿\网页文本\C-NISTEP-RM341-FB5E550D.txt,http://hdl.handle.net/11035/0002000116,官方HTML版报告已保存
科技指标、论文与国际比较,科技创新政策与能力基线,C-NISTEP-RM341-FB5E550D,2024-08-01,W3,科学技術指標2024,机构正式研究,C:\Users\WINDOWS\OneDrive\知识库\智库信息爬虫\国际主要科技智库观点演变_研判\03_证据底稿\网页文本\C-NISTEP-RM341-FB5E550D.txt,C:\Users\WINDOWS\OneDrive\知识库\智库信息爬虫\国际主要科技智库观点演变_研判\03_证据底稿\网页文本\C-NISTEP-RM341-FB5E550D.txt,http://hdl.handle.net/11035/0002000116,官方HTML版报告已保存
科研体系、资助与研究基础,科技创新政策与能力基线,C-NISTEP-RM341-FB5E550D,2024-08-01,W3,科学技術指標2024,机构正式研究,C:\Users\WINDOWS\OneDrive\知识库\智库信息爬虫\国际主要科技智库观点演变_研判\03_证据底稿\网页文本\C-NISTEP-RM341-FB5E550D.txt,C:\Users\WINDOWS\OneDrive\知识库\智库信息爬虫\国际主要科技智库观点演变_研判\03_证据底稿\网页文本\C-NISTEP-RM341-FB5E550D.txt,http://hdl.handle.net/11035/0002000116,官方HTML版报告已保存
科技人才、博士与职业流动,科技创新政策与能力基线,C-NISTEP-RM341-FB5E550D,2024-08-01,W3,科学技術指標2024,机构正式研究,C:\Users\WINDOWS\OneDrive\知识库\智库信息爬虫\国际主要科技智库观点演变_研判\03_证据底稿\网页文本\C-NISTEP-RM341-FB5E550D.txt,C:\Users\WINDOWS\OneDrive\知识库\智库信息爬虫\国际主要科技智库观点演变_研判\03_证据底稿\网页文本\C-NISTEP-RM341-FB5E550D.txt,http://hdl.handle.net/11035/0002000116,官方HTML版报告已保存
企业研发、创新与产学合作,科技创新政策与能力基线,C-NISTEP-RM341-FB5E550D,2024-08-01,W3,科学技術指標2024,机构正式研究,C:\Users\WINDOWS\OneDrive\知识库\智库信息爬虫\国际主要科技智库观点演变_研判\03_证据底稿\网页文本\C-NISTEP-RM341-FB5E550D.txt,C:\Users\WINDOWS\OneDrive\知识库\智库信息爬虫\国际主要科技智库观点演变_研判\03_证据底稿\网页文本\C-NISTEP-RM341-FB5E550D.txt,http://hdl.handle.net/11035/0002000116,官方HTML版报告已保存
科技前瞻、新兴议题与社会,科技创新政策与能力基线,C-NISTEP-RM341-FB5E550D,2024-08-01,W3,科学技術指標2024,机构正式研究,C:\Users\WINDOWS\OneDrive\知识库\智库信息爬虫\国际主要科技智库观点演变_研判\03_证据底稿\网页文本\C-NISTEP-RM341-FB5E550D.txt,C:\Users\WINDOWS\OneDrive\知识库\智库信息爬虫\国际主要科技智库观点演变_研判\03_证据底稿\网页文本\C-NISTEP-RM341-FB5E550D.txt,http://hdl.handle.net/11035/0002000116,官方HTML版报告已保存
开放科学、研究诚信与治理,科技创新政策与能力基线,C-NISTEP-RM341-FB5E550D,2024-08-01,W3,科学技術指標2024,机构正式研究,C:\Users\WINDOWS\OneDrive\知识库\智库信息爬虫\国际主要科技智库观点演变_研判\03_证据底稿\网页文本\C-NISTEP-RM341-FB5E550D.txt,C:\Users\WINDOWS\OneDrive\知识库\智库信息爬虫\国际主要科技智库观点演变_研判\03_证据底稿\网页文本\C-NISTEP-RM341-FB5E550D.txt,http://hdl.handle.net/11035/0002000116,官方HTML版报告已保存
中国科技能力与国际比较,科技创新政策与能力基线,C-NISTEP-RM341-FB5E550D,2024-08-01,W3,科学技術指標2024,机构正式研究,C:\Users\WINDOWS\OneDrive\知识库\智库信息爬虫\国际主要科技智库观点演变_研判\03_证据底稿\网页文本\C-NISTEP-RM341-FB5E550D.txt,C:\Users\WINDOWS\OneDrive\知识库\智库信息爬虫\国际主要科技智库观点演变_研判\03_证据底稿\网页文本\C-NISTEP-RM341-FB5E550D.txt,http://hdl.handle.net/11035/0002000116,官方HTML版报告已保存
人工智能、数据与数字技术,科技创新政策与能力基线,C-NISTEP-DP233-4E519FA3,2024-09-01,W3,博士課程修了者の職務満足度が高まる要因についての探索的研究,作者讨论论文,C:\Users\WINDOWS\OneDrive\知识库\智库信息爬虫\国际主要科技智库观点演变_研判\03_证据底稿\原文PDF\C-NISTEP-DP233-4E519FA3.pdf,C:\Users\WINDOWS\OneDrive\知识库\智库信息爬虫\国际主要科技智库观点演变_研判\03_证据底稿\文本\C-NISTEP-DP233-4E519FA3.txt,http://hdl.handle.net/11035/0002000123,官方PDF已保存并校验
关键技术、专利与产业竞争力,科技创新政策与能力基线,C-NISTEP-DP233-4E519FA3,2024-09-01,W3,博士課程修了者の職務満足度が高まる要因についての探索的研究,作者讨论论文,C:\Users\WINDOWS\OneDrive\知识库\智库信息爬虫\国际主要科技智库观点演变_研判\03_证据底稿\原文PDF\C-NISTEP-DP233-4E519FA3.pdf,C:\Users\WINDOWS\OneDrive\知识库\智库信息爬虫\国际主要科技智库观点演变_研判\03_证据底稿\文本\C-NISTEP-DP233-4E519FA3.txt,http://hdl.handle.net/11035/0002000123,官方PDF已保存并校验
科技指标、论文与国际比较,科技创新政策与能力基线,C-NISTEP-DP233-4E519FA3,2024-09-01,W3,博士課程修了者の職務満足度が高まる要因についての探索的研究,作者讨论论文,C:\Users\WINDOWS\OneDrive\知识库\智库信息爬虫\国际主要科技智库观点演变_研判\03_证据底稿\原文PDF\C-NISTEP-DP233-4E519FA3.pdf,C:\Users\WINDOWS\OneDrive\知识库\智库信息爬虫\国际主要科技智库观点演变_研判\03_证据底稿\文本\C-NISTEP-DP233-4E519FA3.txt,http://hdl.handle.net/11035/0002000123,官方PDF已保存并校验
科研体系、资助与研究基础,科技创新政策与能力基线,C-NISTEP-DP233-4E519FA3,2024-09-01,W3,博士課程修了者の職務満足度が高まる要因についての探索的研究,作者讨论论文,C:\Users\WINDOWS\OneDrive\知识库\智库信息爬虫\国际主要科技智库观点演变_研判\03_证据底稿\原文PDF\C-NISTEP-DP233-4E519FA3.pdf,C:\Users\WINDOWS\OneDrive\知识库\智库信息爬虫\国际主要科技智库观点演变_研判\03_证据底稿\文本\C-NISTEP-DP233-4E519FA3.txt,http://hdl.handle.net/11035/0002000123,官方PDF已保存并校验
科技人才、博士与职业流动,科技创新政策与能力基线,C-NISTEP-DP233-4E519FA3,2024-09-01,W3,博士課程修了者の職務満足度が高まる要因についての探索的研究,作者讨论论文,C:\Users\WINDOWS\OneDrive\知识库\智库信息爬虫\国际主要科技智库观点演变_研判\03_证据底稿\原文PDF\C-NISTEP-DP233-4E519FA3.pdf,C:\Users\WINDOWS\OneDrive\知识库\智库信息爬虫\国际主要科技智库观点演变_研判\03_证据底稿\文本\C-NISTEP-DP233-4E519FA3.txt,http://hdl.handle.net/11035/0002000123,官方PDF已保存并校验
企业研发、创新与产学合作,科技创新政策与能力基线,C-NISTEP-DP233-4E519FA3,2024-09-01,W3,博士課程修了者の職務満足度が高まる要因についての探索的研究,作者讨论论文,C:\Users\WINDOWS\OneDrive\知识库\智库信息爬虫\国际主要科技智库观点演变_研判\03_证据底稿\原文PDF\C-NISTEP-DP233-4E519FA3.pdf,C:\Users\WINDOWS\OneDrive\知识库\智库信息爬虫\国际主要科技智库观点演变_研判\03_证据底稿\文本\C-NISTEP-DP233-4E519FA3.txt,http://hdl.handle.net/11035/0002000123,官方PDF已保存并校验
科技前瞻、新兴议题与社会,科技创新政策与能力基线,C-NISTEP-DP233-4E519FA3,2024-09-01,W3,博士課程修了者の職務満足度が高まる要因についての探索的研究,作者讨论论文,C:\Users\WINDOWS\OneDrive\知识库\智库信息爬虫\国际主要科技智库观点演变_研判\03_证据底稿\原文PDF\C-NISTEP-DP233-4E519FA3.pdf,C:\Users\WINDOWS\OneDrive\知识库\智库信息爬虫\国际主要科技智库观点演变_研判\03_证据底稿\文本\C-NISTEP-DP233-4E519FA3.txt,http://hdl.handle.net/11035/0002000123,官方PDF已保存并校验
人工智能、数据与数字技术,科技创新政策与能力基线,C-NISTEP-RM342-9C5DCE12,2024-09-01,W3,研究活動におけるオープンソース・データの利用に関する簡易調査2024,机构正式研究,C:\Users\WINDOWS\OneDrive\知识库\智库信息爬虫\国际主要科技智库观点演变_研判\03_证据底稿\原文PDF\C-NISTEP-RM342-9C5DCE12.pdf,C:\Users\WINDOWS\OneDrive\知识库\智库信息爬虫\国际主要科技智库观点演变_研判\03_证据底稿\文本\C-NISTEP-RM342-9C5DCE12.txt,http://hdl.handle.net/11035/0002000124,官方PDF已保存并校验
科技指标、论文与国际比较,科技创新政策与能力基线,C-NISTEP-RM342-9C5DCE12,2024-09-01,W3,研究活動におけるオープンソース・データの利用に関する簡易調査2024,机构正式研究,C:\Users\WINDOWS\OneDrive\知识库\智库信息爬虫\国际主要科技智库观点演变_研判\03_证据底稿\原文PDF\C-NISTEP-RM342-9C5DCE12.pdf,C:\Users\WINDOWS\OneDrive\知识库\智库信息爬虫\国际主要科技智库观点演变_研判\03_证据底稿\文本\C-NISTEP-RM342-9C5DCE12.txt,http://hdl.handle.net/11035/0002000124,官方PDF已保存并校验
科研体系、资助与研究基础,科技创新政策与能力基线,C-NISTEP-RM342-9C5DCE12,2024-09-01,W3,研究活動におけるオープンソース・データの利用に関する簡易調査2024,机构正式研究,C:\Users\WINDOWS\OneDrive\知识库\智库信息爬虫\国际主要科技智库观点演变_研判\03_证据底稿\原文PDF\C-NISTEP-RM342-9C5DCE12.pdf,C:\Users\WINDOWS\OneDrive\知识库\智库信息爬虫\国际主要科技智库观点演变_研判\03_证据底稿\文本\C-NISTEP-RM342-9C5DCE12.txt,http://hdl.handle.net/11035/0002000124,官方PDF已保存并校验
科技人才、博士与职业流动,科技创新政策与能力基线,C-NISTEP-RM342-9C5DCE12,2024-09-01,W3,研究活動におけるオープンソース・データの利用に関する簡易調査2024,机构正式研究,C:\Users\WINDOWS\OneDrive\知识库\智库信息爬虫\国际主要科技智库观点演变_研判\03_证据底稿\原文PDF\C-NISTEP-RM342-9C5DCE12.pdf,C:\Users\WINDOWS\OneDrive\知识库\智库信息爬虫\国际主要科技智库观点演变_研判\03_证据底稿\文本\C-NISTEP-RM342-9C5DCE12.txt,http://hdl.handle.net/11035/0002000124,官方PDF已保存并校验
企业研发、创新与产学合作,科技创新政策与能力基线,C-NISTEP-RM342-9C5DCE12,2024-09-01,W3,研究活動におけるオープンソース・データの利用に関する簡易調査2024,机构正式研究,C:\Users\WINDOWS\OneDrive\知识库\智库信息爬虫\国际主要科技智库观点演变_研判\03_证据底稿\原文PDF\C-NISTEP-RM342-9C5DCE12.pdf,C:\Users\WINDOWS\OneDrive\知识库\智库信息爬虫\国际主要科技智库观点演变_研判\03_证据底稿\文本\C-NISTEP-RM342-9C5DCE12.txt,http://hdl.handle.net/11035/0002000124,官方PDF已保存并校验
开放科学、研究诚信与治理,科技创新政策与能力基线,C-NISTEP-RM342-9C5DCE12,2024-09-01,W3,研究活動におけるオープンソース・データの利用に関する簡易調査2024,机构正式研究,C:\Users\WINDOWS\OneDrive\知识库\智库信息爬虫\国际主要科技智库观点演变_研判\03_证据底稿\原文PDF\C-NISTEP-RM342-9C5DCE12.pdf,C:\Users\WINDOWS\OneDrive\知识库\智库信息爬虫\国际主要科技智库观点演变_研判\03_证据底稿\文本\C-NISTEP-RM342-9C5DCE12.txt,http://hdl.handle.net/11035/0002000124,官方PDF已保存并校验
人工智能、数据与数字技术,科技创新政策与能力基线,C-NISTEP-RM343-6315BFE7,2024-09-01,W3,政策文書等の未来に関する記述の調査,机构正式研究,C:\Users\WINDOWS\OneDrive\知识库\智库信息爬虫\国际主要科技智库观点演变_研判\03_证据底稿\原文PDF\C-NISTEP-RM343-6315BFE7.pdf,C:\Users\WINDOWS\OneDrive\知识库\智库信息爬虫\国际主要科技智库观点演变_研判\03_证据底稿\文本\C-NISTEP-RM343-6315BFE7.txt,http://hdl.handle.net/11035/0002000160,官方PDF已保存并校验
关键技术、专利与产业竞争力,科技创新政策与能力基线,C-NISTEP-RM343-6315BFE7,2024-09-01,W3,政策文書等の未来に関する記述の調査,机构正式研究,C:\Users\WINDOWS\OneDrive\知识库\智库信息爬虫\国际主要科技智库观点演变_研判\03_证据底稿\原文PDF\C-NISTEP-RM343-6315BFE7.pdf,C:\Users\WINDOWS\OneDrive\知识库\智库信息爬虫\国际主要科技智库观点演变_研判\03_证据底稿\文本\C-NISTEP-RM343-6315BFE7.txt,http://hdl.handle.net/11035/0002000160,官方PDF已保存并校验
科技指标、论文与国际比较,科技创新政策与能力基线,C-NISTEP-RM343-6315BFE7,2024-09-01,W3,政策文書等の未来に関する記述の調査,机构正式研究,C:\Users\WINDOWS\OneDrive\知识库\智库信息爬虫\国际主要科技智库观点演变_研判\03_证据底稿\原文PDF\C-NISTEP-RM343-6315BFE7.pdf,C:\Users\WINDOWS\OneDrive\知识库\智库信息爬虫\国际主要科技智库观点演变_研判\03_证据底稿\文本\C-NISTEP-RM343-6315BFE7.txt,http://hdl.handle.net/11035/0002000160,官方PDF已保存并校验
科技人才、博士与职业流动,科技创新政策与能力基线,C-NISTEP-RM343-6315BFE7,2024-09-01,W3,政策文書等の未来に関する記述の調査,机构正式研究,C:\Users\WINDOWS\OneDrive\知识库\智库信息爬虫\国际主要科技智库观点演变_研判\03_证据底稿\原文PDF\C-NISTEP-RM343-6315BFE7.pdf,C:\Users\WINDOWS\OneDrive\知识库\智库信息爬虫\国际主要科技智库观点演变_研判\03_证据底稿\文本\C-NISTEP-RM343-6315BFE7.txt,http://hdl.handle.net/11035/0002000160,官方PDF已保存并校验
企业研发、创新与产学合作,科技创新政策与能力基线,C-NISTEP-RM343-6315BFE7,2024-09-01,W3,政策文書等の未来に関する記述の調査,机构正式研究,C:\Users\WINDOWS\OneDrive\知识库\智库信息爬虫\国际主要科技智库观点演变_研判\03_证据底稿\原文PDF\C-NISTEP-RM343-6315BFE7.pdf,C:\Users\WINDOWS\OneDrive\知识库\智库信息爬虫\国际主要科技智库观点演变_研判\03_证据底稿\文本\C-NISTEP-RM343-6315BFE7.txt,http://hdl.handle.net/11035/0002000160,官方PDF已保存并校验
科技前瞻、新兴议题与社会,科技创新政策与能力基线,C-NISTEP-RM343-6315BFE7,2024-09-01,W3,政策文書等の未来に関する記述の調査,机构正式研究,C:\Users\WINDOWS\OneDrive\知识库\智库信息爬虫\国际主要科技智库观点演变_研判\03_证据底稿\原文PDF\C-NISTEP-RM343-6315BFE7.pdf,C:\Users\WINDOWS\OneDrive\知识库\智库信息爬虫\国际主要科技智库观点演变_研判\03_证据底稿\文本\C-NISTEP-RM343-6315BFE7.txt,http://hdl.handle.net/11035/0002000160,官方PDF已保存并校验
开放科学、研究诚信与治理,科技创新政策与能力基线,C-NISTEP-RM343-6315BFE7,2024-09-01,W3,政策文書等の未来に関する記述の調査,机构正式研究,C:\Users\WINDOWS\OneDrive\知识库\智库信息爬虫\国际主要科技智库观点演变_研判\03_证据底稿\原文PDF\C-NISTEP-RM343-6315BFE7.pdf,C:\Users\WINDOWS\OneDrive\知识库\智库信息爬虫\国际主要科技智库观点演变_研判\03_证据底稿\文本\C-NISTEP-RM343-6315BFE7.txt,http://hdl.handle.net/11035/0002000160,官方PDF已保存并校验
人工智能、数据与数字技术,核心科技直接材料,C-NISTEP-DP234-899F7BBD,2024-10-01,W3,学術論文と特許情報を用いたサイエンスイノベーション分析データベースの作成,作者讨论论文,C:\Users\WINDOWS\OneDrive\知识库\智库信息爬虫\国际主要科技智库观点演变_研判\03_证据底稿\原文PDF\C-NISTEP-DP234-899F7BBD.pdf,C:\Users\WINDOWS\OneDrive\知识库\智库信息爬虫\国际主要科技智库观点演变_研判\03_证据底稿\文本\C-NISTEP-DP234-899F7BBD.txt,http://hdl.handle.net/11035/0002000162,官方PDF已保存并校验
关键技术、专利与产业竞争力,核心科技直接材料,C-NISTEP-DP234-899F7BBD,2024-10-01,W3,学術論文と特許情報を用いたサイエンスイノベーション分析データベースの作成,作者讨论论文,C:\Users\WINDOWS\OneDrive\知识库\智库信息爬虫\国际主要科技智库观点演变_研判\03_证据底稿\原文PDF\C-NISTEP-DP234-899F7BBD.pdf,C:\Users\WINDOWS\OneDrive\知识库\智库信息爬虫\国际主要科技智库观点演变_研判\03_证据底稿\文本\C-NISTEP-DP234-899F7BBD.txt,http://hdl.handle.net/11035/0002000162,官方PDF已保存并校验
科技指标、论文与国际比较,核心科技直接材料,C-NISTEP-DP234-899F7BBD,2024-10-01,W3,学術論文と特許情報を用いたサイエンスイノベーション分析データベースの作成,作者讨论论文,C:\Users\WINDOWS\OneDrive\知识库\智库信息爬虫\国际主要科技智库观点演变_研判\03_证据底稿\原文PDF\C-NISTEP-DP234-899F7BBD.pdf,C:\Users\WINDOWS\OneDrive\知识库\智库信息爬虫\国际主要科技智库观点演变_研判\03_证据底稿\文本\C-NISTEP-DP234-899F7BBD.txt,http://hdl.handle.net/11035/0002000162,官方PDF已保存并校验
科研体系、资助与研究基础,核心科技直接材料,C-NISTEP-DP234-899F7BBD,2024-10-01,W3,学術論文と特許情報を用いたサイエンスイノベーション分析データベースの作成,作者讨论论文,C:\Users\WINDOWS\OneDrive\知识库\智库信息爬虫\国际主要科技智库观点演变_研判\03_证据底稿\原文PDF\C-NISTEP-DP234-899F7BBD.pdf,C:\Users\WINDOWS\OneDrive\知识库\智库信息爬虫\国际主要科技智库观点演变_研判\03_证据底稿\文本\C-NISTEP-DP234-899F7BBD.txt,http://hdl.handle.net/11035/0002000162,官方PDF已保存并校验
科技人才、博士与职业流动,核心科技直接材料,C-NISTEP-DP234-899F7BBD,2024-10-01,W3,学術論文と特許情報を用いたサイエンスイノベーション分析データベースの作成,作者讨论论文,C:\Users\WINDOWS\OneDrive\知识库\智库信息爬虫\国际主要科技智库观点演变_研判\03_证据底稿\原文PDF\C-NISTEP-DP234-899F7BBD.pdf,C:\Users\WINDOWS\OneDrive\知识库\智库信息爬虫\国际主要科技智库观点演变_研判\03_证据底稿\文本\C-NISTEP-DP234-899F7BBD.txt,http://hdl.handle.net/11035/0002000162,官方PDF已保存并校验
企业研发、创新与产学合作,核心科技直接材料,C-NISTEP-DP234-899F7BBD,2024-10-01,W3,学術論文と特許情報を用いたサイエンスイノベーション分析データベースの作成,作者讨论论文,C:\Users\WINDOWS\OneDrive\知识库\智库信息爬虫\国际主要科技智库观点演变_研判\03_证据底稿\原文PDF\C-NISTEP-DP234-899F7BBD.pdf,C:\Users\WINDOWS\OneDrive\知识库\智库信息爬虫\国际主要科技智库观点演变_研判\03_证据底稿\文本\C-NISTEP-DP234-899F7BBD.txt,http://hdl.handle.net/11035/0002000162,官方PDF已保存并校验
开放科学、研究诚信与治理,核心科技直接材料,C-NISTEP-DP234-899F7BBD,2024-10-01,W3,学術論文と特許情報を用いたサイエンスイノベーション分析データベースの作成,作者讨论论文,C:\Users\WINDOWS\OneDrive\知识库\智库信息爬虫\国际主要科技智库观点演变_研判\03_证据底稿\原文PDF\C-NISTEP-DP234-899F7BBD.pdf,C:\Users\WINDOWS\OneDrive\知识库\智库信息爬虫\国际主要科技智库观点演变_研判\03_证据底稿\文本\C-NISTEP-DP234-899F7BBD.txt,http://hdl.handle.net/11035/0002000162,官方PDF已保存并校验
人工智能、数据与数字技术,科技创新政策与能力基线,C-NISTEP-RM344-1783F414,2024-10-01,W3,地域科学技術指標2022,机构正式研究,C:\Users\WINDOWS\OneDrive\知识库\智库信息爬虫\国际主要科技智库观点演变_研判\03_证据底稿\原文PDF\C-NISTEP-RM344-1783F414.pdf,C:\Users\WINDOWS\OneDrive\知识库\智库信息爬虫\国际主要科技智库观点演变_研判\03_证据底稿\文本\C-NISTEP-RM344-1783F414.txt,http://hdl.handle.net/11035/0002000161,官方PDF已保存并校验
关键技术、专利与产业竞争力,科技创新政策与能力基线,C-NISTEP-RM344-1783F414,2024-10-01,W3,地域科学技術指標2022,机构正式研究,C:\Users\WINDOWS\OneDrive\知识库\智库信息爬虫\国际主要科技智库观点演变_研判\03_证据底稿\原文PDF\C-NISTEP-RM344-1783F414.pdf,C:\Users\WINDOWS\OneDrive\知识库\智库信息爬虫\国际主要科技智库观点演变_研判\03_证据底稿\文本\C-NISTEP-RM344-1783F414.txt,http://hdl.handle.net/11035/0002000161,官方PDF已保存并校验
科技指标、论文与国际比较,科技创新政策与能力基线,C-NISTEP-RM344-1783F414,2024-10-01,W3,地域科学技術指標2022,机构正式研究,C:\Users\WINDOWS\OneDrive\知识库\智库信息爬虫\国际主要科技智库观点演变_研判\03_证据底稿\原文PDF\C-NISTEP-RM344-1783F414.pdf,C:\Users\WINDOWS\OneDrive\知识库\智库信息爬虫\国际主要科技智库观点演变_研判\03_证据底稿\文本\C-NISTEP-RM344-1783F414.txt,http://hdl.handle.net/11035/0002000161,官方PDF已保存并校验
科研体系、资助与研究基础,科技创新政策与能力基线,C-NISTEP-RM344-1783F414,2024-10-01,W3,地域科学技術指標2022,机构正式研究,C:\Users\WINDOWS\OneDrive\知识库\智库信息爬虫\国际主要科技智库观点演变_研判\03_证据底稿\原文PDF\C-NISTEP-RM344-1783F414.pdf,C:\Users\WINDOWS\OneDrive\知识库\智库信息爬虫\国际主要科技智库观点演变_研判\03_证据底稿\文本\C-NISTEP-RM344-1783F414.txt,http://hdl.handle.net/11035/0002000161,官方PDF已保存并校验
科技人才、博士与职业流动,科技创新政策与能力基线,C-NISTEP-RM344-1783F414,2024-10-01,W3,地域科学技術指標2022,机构正式研究,C:\Users\WINDOWS\OneDrive\知识库\智库信息爬虫\国际主要科技智库观点演变_研判\03_证据底稿\原文PDF\C-NISTEP-RM344-1783F414.pdf,C:\Users\WINDOWS\OneDrive\知识库\智库信息爬虫\国际主要科技智库观点演变_研判\03_证据底稿\文本\C-NISTEP-RM344-1783F414.txt,http://hdl.handle.net/11035/0002000161,官方PDF已保存并校验
企业研发、创新与产学合作,科技创新政策与能力基线,C-NISTEP-RM344-1783F414,2024-10-01,W3,地域科学技術指標2022,机构正式研究,C:\Users\WINDOWS\OneDrive\知识库\智库信息爬虫\国际主要科技智库观点演变_研判\03_证据底稿\原文PDF\C-NISTEP-RM344-1783F414.pdf,C:\Users\WINDOWS\OneDrive\知识库\智库信息爬虫\国际主要科技智库观点演变_研判\03_证据底稿\文本\C-NISTEP-RM344-1783F414.txt,http://hdl.handle.net/11035/0002000161,官方PDF已保存并校验
科技前瞻、新兴议题与社会,科技创新政策与能力基线,C-NISTEP-RM344-1783F414,2024-10-01,W3,地域科学技術指標2022,机构正式研究,C:\Users\WINDOWS\OneDrive\知识库\智库信息爬虫\国际主要科技智库观点演变_研判\03_证据底稿\原文PDF\C-NISTEP-RM344-1783F414.pdf,C:\Users\WINDOWS\OneDrive\知识库\智库信息爬虫\国际主要科技智库观点演变_研判\03_证据底稿\文本\C-NISTEP-RM344-1783F414.txt,http://hdl.handle.net/11035/0002000161,官方PDF已保存并校验
开放科学、研究诚信与治理,科技创新政策与能力基线,C-NISTEP-RM344-1783F414,2024-10-01,W3,地域科学技術指標2022,机构正式研究,C:\Users\WINDOWS\OneDrive\知识库\智库信息爬虫\国际主要科技智库观点演变_研判\03_证据底稿\原文PDF\C-NISTEP-RM344-1783F414.pdf,C:\Users\WINDOWS\OneDrive\知识库\智库信息爬虫\国际主要科技智库观点演变_研判\03_证据底稿\文本\C-NISTEP-RM344-1783F414.txt,http://hdl.handle.net/11035/0002000161,官方PDF已保存并校验
人工智能、数据与数字技术,科技创新政策与能力基线,C-NISTEP-DP235-CA9A4C0D,2024-12-01,W3,カーボンニュートラルに向けた代替的移動手段への一般市民の受容性に関する調査：日本と米国・韓国の比較分析,作者讨论论文,C:\Users\WINDOWS\OneDrive\知识库\智库信息爬虫\国际主要科技智库观点演变_研判\03_证据底稿\网页文本\C-NISTEP-DP235-CA9A4C0D.txt,C:\Users\WINDOWS\OneDrive\知识库\智库信息爬虫\国际主要科技智库观点演变_研判\03_证据底稿\网页文本\C-NISTEP-DP235-CA9A4C0D.txt,http://hdl.handle.net/11035/0002000198,官方仓储PDF代理全文已保存
关键技术、专利与产业竞争力,科技创新政策与能力基线,C-NISTEP-DP235-CA9A4C0D,2024-12-01,W3,カーボンニュートラルに向けた代替的移動手段への一般市民の受容性に関する調査：日本と米国・韓国の比較分析,作者讨论论文,C:\Users\WINDOWS\OneDrive\知识库\智库信息爬虫\国际主要科技智库观点演变_研判\03_证据底稿\网页文本\C-NISTEP-DP235-CA9A4C0D.txt,C:\Users\WINDOWS\OneDrive\知识库\智库信息爬虫\国际主要科技智库观点演变_研判\03_证据底稿\网页文本\C-NISTEP-DP235-CA9A4C0D.txt,http://hdl.handle.net/11035/0002000198,官方仓储PDF代理全文已保存
科技指标、论文与国际比较,科技创新政策与能力基线,C-NISTEP-DP235-CA9A4C0D,2024-12-01,W3,カーボンニュートラルに向けた代替的移動手段への一般市民の受容性に関する調査：日本と米国・韓国の比較分析,作者讨论论文,C:\Users\WINDOWS\OneDrive\知识库\智库信息爬虫\国际主要科技智库观点演变_研判\03_证据底稿\网页文本\C-NISTEP-DP235-CA9A4C0D.txt,C:\Users\WINDOWS\OneDrive\知识库\智库信息爬虫\国际主要科技智库观点演变_研判\03_证据底稿\网页文本\C-NISTEP-DP235-CA9A4C0D.txt,http://hdl.handle.net/11035/0002000198,官方仓储PDF代理全文已保存
科技人才、博士与职业流动,科技创新政策与能力基线,C-NISTEP-DP235-CA9A4C0D,2024-12-01,W3,カーボンニュートラルに向けた代替的移動手段への一般市民の受容性に関する調査：日本と米国・韓国の比較分析,作者讨论论文,C:\Users\WINDOWS\OneDrive\知识库\智库信息爬虫\国际主要科技智库观点演变_研判\03_证据底稿\网页文本\C-NISTEP-DP235-CA9A4C0D.txt,C:\Users\WINDOWS\OneDrive\知识库\智库信息爬虫\国际主要科技智库观点演变_研判\03_证据底稿\网页文本\C-NISTEP-DP235-CA9A4C0D.txt,http://hdl.handle.net/11035/0002000198,官方仓储PDF代理全文已保存
科技前瞻、新兴议题与社会,科技创新政策与能力基线,C-NISTEP-DP235-CA9A4C0D,2024-12-01,W3,カーボンニュートラルに向けた代替的移動手段への一般市民の受容性に関する調査：日本と米国・韓国の比較分析,作者讨论论文,C:\Users\WINDOWS\OneDrive\知识库\智库信息爬虫\国际主要科技智库观点演变_研判\03_证据底稿\网页文本\C-NISTEP-DP235-CA9A4C0D.txt,C:\Users\WINDOWS\OneDrive\知识库\智库信息爬虫\国际主要科技智库观点演变_研判\03_证据底稿\网页文本\C-NISTEP-DP235-CA9A4C0D.txt,http://hdl.handle.net/11035/0002000198,官方仓储PDF代理全文已保存
中国科技能力与国际比较,科技创新政策与能力基线,C-NISTEP-DP235-CA9A4C0D,2024-12-01,W3,カーボンニュートラルに向けた代替的移動手段への一般市民の受容性に関する調査：日本と米国・韓国の比較分析,作者讨论论文,C:\Users\WINDOWS\OneDrive\知识库\智库信息爬虫\国际主要科技智库观点演变_研判\03_证据底稿\网页文本\C-NISTEP-DP235-CA9A4C0D.txt,C:\Users\WINDOWS\OneDrive\知识库\智库信息爬虫\国际主要科技智库观点演变_研判\03_证据底稿\网页文本\C-NISTEP-DP235-CA9A4C0D.txt,http://hdl.handle.net/11035/0002000198,官方仓储PDF代理全文已保存
人工智能、数据与数字技术,科技创新政策与能力基线,C-NISTEP-DP236-E083E754,2025-01-01,W3,オープンアクセスは誰の研究活動を活性化するのか：OpenAlexによる分析,作者讨论论文,C:\Users\WINDOWS\OneDrive\知识库\智库信息爬虫\国际主要科技智库观点演变_研判\03_证据底稿\网页文本\C-NISTEP-DP236-E083E754.txt,C:\Users\WINDOWS\OneDrive\知识库\智库信息爬虫\国际主要科技智库观点演变_研判\03_证据底稿\网页文本\C-NISTEP-DP236-E083E754.txt,http://hdl.handle.net/11035/0002000201,官方仓储PDF代理全文已保存
科技指标、论文与国际比较,科技创新政策与能力基线,C-NISTEP-DP236-E083E754,2025-01-01,W3,オープンアクセスは誰の研究活動を活性化するのか：OpenAlexによる分析,作者讨论论文,C:\Users\WINDOWS\OneDrive\知识库\智库信息爬虫\国际主要科技智库观点演变_研判\03_证据底稿\网页文本\C-NISTEP-DP236-E083E754.txt,C:\Users\WINDOWS\OneDrive\知识库\智库信息爬虫\国际主要科技智库观点演变_研判\03_证据底稿\网页文本\C-NISTEP-DP236-E083E754.txt,http://hdl.handle.net/11035/0002000201,官方仓储PDF代理全文已保存
科研体系、资助与研究基础,科技创新政策与能力基线,C-NISTEP-DP236-E083E754,2025-01-01,W3,オープンアクセスは誰の研究活動を活性化するのか：OpenAlexによる分析,作者讨论论文,C:\Users\WINDOWS\OneDrive\知识库\智库信息爬虫\国际主要科技智库观点演变_研判\03_证据底稿\网页文本\C-NISTEP-DP236-E083E754.txt,C:\Users\WINDOWS\OneDrive\知识库\智库信息爬虫\国际主要科技智库观点演变_研判\03_证据底稿\网页文本\C-NISTEP-DP236-E083E754.txt,http://hdl.handle.net/11035/0002000201,官方仓储PDF代理全文已保存
科技人才、博士与职业流动,科技创新政策与能力基线,C-NISTEP-DP236-E083E754,2025-01-01,W3,オープンアクセスは誰の研究活動を活性化するのか：OpenAlexによる分析,作者讨论论文,C:\Users\WINDOWS\OneDrive\知识库\智库信息爬虫\国际主要科技智库观点演变_研判\03_证据底稿\网页文本\C-NISTEP-DP236-E083E754.txt,C:\Users\WINDOWS\OneDrive\知识库\智库信息爬虫\国际主要科技智库观点演变_研判\03_证据底稿\网页文本\C-NISTEP-DP236-E083E754.txt,http://hdl.handle.net/11035/0002000201,官方仓储PDF代理全文已保存
企业研发、创新与产学合作,科技创新政策与能力基线,C-NISTEP-DP236-E083E754,2025-01-01,W3,オープンアクセスは誰の研究活動を活性化するのか：OpenAlexによる分析,作者讨论论文,C:\Users\WINDOWS\OneDrive\知识库\智库信息爬虫\国际主要科技智库观点演变_研判\03_证据底稿\网页文本\C-NISTEP-DP236-E083E754.txt,C:\Users\WINDOWS\OneDrive\知识库\智库信息爬虫\国际主要科技智库观点演变_研判\03_证据底稿\网页文本\C-NISTEP-DP236-E083E754.txt,http://hdl.handle.net/11035/0002000201,官方仓储PDF代理全文已保存
开放科学、研究诚信与治理,科技创新政策与能力基线,C-NISTEP-DP236-E083E754,2025-01-01,W3,オープンアクセスは誰の研究活動を活性化するのか：OpenAlexによる分析,作者讨论论文,C:\Users\WINDOWS\OneDrive\知识库\智库信息爬虫\国际主要科技智库观点演变_研判\03_证据底稿\网页文本\C-NISTEP-DP236-E083E754.txt,C:\Users\WINDOWS\OneDrive\知识库\智库信息爬虫\国际主要科技智库观点演变_研判\03_证据底稿\网页文本\C-NISTEP-DP236-E083E754.txt,http://hdl.handle.net/11035/0002000201,官方仓储PDF代理全文已保存
中国科技能力与国际比较,科技创新政策与能力基线,C-NISTEP-DP236-E083E754,2025-01-01,W3,オープンアクセスは誰の研究活動を活性化するのか：OpenAlexによる分析,作者讨论论文,C:\Users\WINDOWS\OneDrive\知识库\智库信息爬虫\国际主要科技智库观点演变_研判\03_证据底稿\网页文本\C-NISTEP-DP236-E083E754.txt,C:\Users\WINDOWS\OneDrive\知识库\智库信息爬虫\国际主要科技智库观点演变_研判\03_证据底稿\网页文本\C-NISTEP-DP236-E083E754.txt,http://hdl.handle.net/11035/0002000201,官方仓储PDF代理全文已保存
人工智能、数据与数字技术,科技创新政策与能力基线,C-NISTEP-DP237-680383C9,2025-02-01,W3,ゴールドOAが異分野引用に与える効果：自然科学系論文に着目した分析,作者讨论论文,C:\Users\WINDOWS\OneDrive\知识库\智库信息爬虫\国际主要科技智库观点演变_研判\03_证据底稿\网页文本\C-NISTEP-DP237-680383C9.txt,C:\Users\WINDOWS\OneDrive\知识库\智库信息爬虫\国际主要科技智库观点演变_研判\03_证据底稿\网页文本\C-NISTEP-DP237-680383C9.txt,http://hdl.handle.net/11035/0002000203,官方仓储PDF代理全文已保存
科技指标、论文与国际比较,科技创新政策与能力基线,C-NISTEP-DP237-680383C9,2025-02-01,W3,ゴールドOAが異分野引用に与える効果：自然科学系論文に着目した分析,作者讨论论文,C:\Users\WINDOWS\OneDrive\知识库\智库信息爬虫\国际主要科技智库观点演变_研判\03_证据底稿\网页文本\C-NISTEP-DP237-680383C9.txt,C:\Users\WINDOWS\OneDrive\知识库\智库信息爬虫\国际主要科技智库观点演变_研判\03_证据底稿\网页文本\C-NISTEP-DP237-680383C9.txt,http://hdl.handle.net/11035/0002000203,官方仓储PDF代理全文已保存
科研体系、资助与研究基础,科技创新政策与能力基线,C-NISTEP-DP237-680383C9,2025-02-01,W3,ゴールドOAが異分野引用に与える効果：自然科学系論文に着目した分析,作者讨论论文,C:\Users\WINDOWS\OneDrive\知识库\智库信息爬虫\国际主要科技智库观点演变_研判\03_证据底稿\网页文本\C-NISTEP-DP237-680383C9.txt,C:\Users\WINDOWS\OneDrive\知识库\智库信息爬虫\国际主要科技智库观点演变_研判\03_证据底稿\网页文本\C-NISTEP-DP237-680383C9.txt,http://hdl.handle.net/11035/0002000203,官方仓储PDF代理全文已保存
企业研发、创新与产学合作,科技创新政策与能力基线,C-NISTEP-DP237-680383C9,2025-02-01,W3,ゴールドOAが異分野引用に与える効果：自然科学系論文に着目した分析,作者讨论论文,C:\Users\WINDOWS\OneDrive\知识库\智库信息爬虫\国际主要科技智库观点演变_研判\03_证据底稿\网页文本\C-NISTEP-DP237-680383C9.txt,C:\Users\WINDOWS\OneDrive\知识库\智库信息爬虫\国际主要科技智库观点演变_研判\03_证据底稿\网页文本\C-NISTEP-DP237-680383C9.txt,http://hdl.handle.net/11035/0002000203,官方仓储PDF代理全文已保存
科技前瞻、新兴议题与社会,科技创新政策与能力基线,C-NISTEP-DP237-680383C9,2025-02-01,W3,ゴールドOAが異分野引用に与える効果：自然科学系論文に着目した分析,作者讨论论文,C:\Users\WINDOWS\OneDrive\知识库\智库信息爬虫\国际主要科技智库观点演变_研判\03_证据底稿\网页文本\C-NISTEP-DP237-680383C9.txt,C:\Users\WINDOWS\OneDrive\知识库\智库信息爬虫\国际主要科技智库观点演变_研判\03_证据底稿\网页文本\C-NISTEP-DP237-680383C9.txt,http://hdl.handle.net/11035/0002000203,官方仓储PDF代理全文已保存
开放科学、研究诚信与治理,科技创新政策与能力基线,C-NISTEP-DP237-680383C9,2025-02-01,W3,ゴールドOAが異分野引用に与える効果：自然科学系論文に着目した分析,作者讨论论文,C:\Users\WINDOWS\OneDrive\知识库\智库信息爬虫\国际主要科技智库观点演变_研判\03_证据底稿\网页文本\C-NISTEP-DP237-680383C9.txt,C:\Users\WINDOWS\OneDrive\知识库\智库信息爬虫\国际主要科技智库观点演变_研判\03_证据底稿\网页文本\C-NISTEP-DP237-680383C9.txt,http://hdl.handle.net/11035/0002000203,官方仓储PDF代理全文已保存
中国科技能力与国际比较,科技创新政策与能力基线,C-NISTEP-DP237-680383C9,2025-02-01,W3,ゴールドOAが異分野引用に与える効果：自然科学系論文に着目した分析,作者讨论论文,C:\Users\WINDOWS\OneDrive\知识库\智库信息爬虫\国际主要科技智库观点演变_研判\03_证据底稿\网页文本\C-NISTEP-DP237-680383C9.txt,C:\Users\WINDOWS\OneDrive\知识库\智库信息爬虫\国际主要科技智库观点演变_研判\03_证据底稿\网页文本\C-NISTEP-DP237-680383C9.txt,http://hdl.handle.net/11035/0002000203,官方仓储PDF代理全文已保存
人工智能、数据与数字技术,科技创新政策与能力基线,C-NISTEP-RM345-FB766698,2025-02-01,W3,地域の目指す未来社会とカーボンニュートラル Ⅱ：地域の可能性と課題,机构正式研究,C:\Users\WINDOWS\OneDrive\知识库\智库信息爬虫\国际主要科技智库观点演变_研判\03_证据底稿\网页文本\C-NISTEP-RM345-FB766698.txt,C:\Users\WINDOWS\OneDrive\知识库\智库信息爬虫\国际主要科技智库观点演变_研判\03_证据底稿\网页文本\C-NISTEP-RM345-FB766698.txt,http://hdl.handle.net/11035/0002000204,官方仓储PDF代理全文已保存
关键技术、专利与产业竞争力,科技创新政策与能力基线,C-NISTEP-RM345-FB766698,2025-02-01,W3,地域の目指す未来社会とカーボンニュートラル Ⅱ：地域の可能性と課題,机构正式研究,C:\Users\WINDOWS\OneDrive\知识库\智库信息爬虫\国际主要科技智库观点演变_研判\03_证据底稿\网页文本\C-NISTEP-RM345-FB766698.txt,C:\Users\WINDOWS\OneDrive\知识库\智库信息爬虫\国际主要科技智库观点演变_研判\03_证据底稿\网页文本\C-NISTEP-RM345-FB766698.txt,http://hdl.handle.net/11035/0002000204,官方仓储PDF代理全文已保存
科技指标、论文与国际比较,科技创新政策与能力基线,C-NISTEP-RM345-FB766698,2025-02-01,W3,地域の目指す未来社会とカーボンニュートラル Ⅱ：地域の可能性と課題,机构正式研究,C:\Users\WINDOWS\OneDrive\知识库\智库信息爬虫\国际主要科技智库观点演变_研判\03_证据底稿\网页文本\C-NISTEP-RM345-FB766698.txt,C:\Users\WINDOWS\OneDrive\知识库\智库信息爬虫\国际主要科技智库观点演变_研判\03_证据底稿\网页文本\C-NISTEP-RM345-FB766698.txt,http://hdl.handle.net/11035/0002000204,官方仓储PDF代理全文已保存
科研体系、资助与研究基础,科技创新政策与能力基线,C-NISTEP-RM345-FB766698,2025-02-01,W3,地域の目指す未来社会とカーボンニュートラル Ⅱ：地域の可能性と課題,机构正式研究,C:\Users\WINDOWS\OneDrive\知识库\智库信息爬虫\国际主要科技智库观点演变_研判\03_证据底稿\网页文本\C-NISTEP-RM345-FB766698.txt,C:\Users\WINDOWS\OneDrive\知识库\智库信息爬虫\国际主要科技智库观点演变_研判\03_证据底稿\网页文本\C-NISTEP-RM345-FB766698.txt,http://hdl.handle.net/11035/0002000204,官方仓储PDF代理全文已保存
科技人才、博士与职业流动,科技创新政策与能力基线,C-NISTEP-RM345-FB766698,2025-02-01,W3,地域の目指す未来社会とカーボンニュートラル Ⅱ：地域の可能性と課題,机构正式研究,C:\Users\WINDOWS\OneDrive\知识库\智库信息爬虫\国际主要科技智库观点演变_研判\03_证据底稿\网页文本\C-NISTEP-RM345-FB766698.txt,C:\Users\WINDOWS\OneDrive\知识库\智库信息爬虫\国际主要科技智库观点演变_研判\03_证据底稿\网页文本\C-NISTEP-RM345-FB766698.txt,http://hdl.handle.net/11035/0002000204,官方仓储PDF代理全文已保存
企业研发、创新与产学合作,科技创新政策与能力基线,C-NISTEP-RM345-FB766698,2025-02-01,W3,地域の目指す未来社会とカーボンニュートラル Ⅱ：地域の可能性と課題,机构正式研究,C:\Users\WINDOWS\OneDrive\知识库\智库信息爬虫\国际主要科技智库观点演变_研判\03_证据底稿\网页文本\C-NISTEP-RM345-FB766698.txt,C:\Users\WINDOWS\OneDrive\知识库\智库信息爬虫\国际主要科技智库观点演变_研判\03_证据底稿\网页文本\C-NISTEP-RM345-FB766698.txt,http://hdl.handle.net/11035/0002000204,官方仓储PDF代理全文已保存
科技前瞻、新兴议题与社会,科技创新政策与能力基线,C-NISTEP-RM345-FB766698,2025-02-01,W3,地域の目指す未来社会とカーボンニュートラル Ⅱ：地域の可能性と課題,机构正式研究,C:\Users\WINDOWS\OneDrive\知识库\智库信息爬虫\国际主要科技智库观点演变_研判\03_证据底稿\网页文本\C-NISTEP-RM345-FB766698.txt,C:\Users\WINDOWS\OneDrive\知识库\智库信息爬虫\国际主要科技智库观点演变_研判\03_证据底稿\网页文本\C-NISTEP-RM345-FB766698.txt,http://hdl.handle.net/11035/0002000204,官方仓储PDF代理全文已保存
开放科学、研究诚信与治理,科技创新政策与能力基线,C-NISTEP-RM345-FB766698,2025-02-01,W3,地域の目指す未来社会とカーボンニュートラル Ⅱ：地域の可能性と課題,机构正式研究,C:\Users\WINDOWS\OneDrive\知识库\智库信息爬虫\国际主要科技智库观点演变_研判\03_证据底稿\网页文本\C-NISTEP-RM345-FB766698.txt,C:\Users\WINDOWS\OneDrive\知识库\智库信息爬虫\国际主要科技智库观点演变_研判\03_证据底稿\网页文本\C-NISTEP-RM345-FB766698.txt,http://hdl.handle.net/11035/0002000204,官方仓储PDF代理全文已保存
人工智能、数据与数字技术,科技创新政策与能力基线,C-NISTEP-DP238-EE327B61,2025-03-01,W3,博士課程修了者の非専門分野における雇用可能性を高める要因の探索的研究：ランダムフォレスト法を用いたアプローチ,作者讨论论文,C:\Users\WINDOWS\OneDrive\知识库\智库信息爬虫\国际主要科技智库观点演变_研判\03_证据底稿\网页文本\C-NISTEP-DP238-EE327B61.txt,C:\Users\WINDOWS\OneDrive\知识库\智库信息爬虫\国际主要科技智库观点演变_研判\03_证据底稿\网页文本\C-NISTEP-DP238-EE327B61.txt,http://hdl.handle.net/11035/0002000210,官方仓储PDF代理全文已保存
关键技术、专利与产业竞争力,科技创新政策与能力基线,C-NISTEP-DP238-EE327B61,2025-03-01,W3,博士課程修了者の非専門分野における雇用可能性を高める要因の探索的研究：ランダムフォレスト法を用いたアプローチ,作者讨论论文,C:\Users\WINDOWS\OneDrive\知识库\智库信息爬虫\国际主要科技智库观点演变_研判\03_证据底稿\网页文本\C-NISTEP-DP238-EE327B61.txt,C:\Users\WINDOWS\OneDrive\知识库\智库信息爬虫\国际主要科技智库观点演变_研判\03_证据底稿\网页文本\C-NISTEP-DP238-EE327B61.txt,http://hdl.handle.net/11035/0002000210,官方仓储PDF代理全文已保存
科技指标、论文与国际比较,科技创新政策与能力基线,C-NISTEP-DP238-EE327B61,2025-03-01,W3,博士課程修了者の非専門分野における雇用可能性を高める要因の探索的研究：ランダムフォレスト法を用いたアプローチ,作者讨论论文,C:\Users\WINDOWS\OneDrive\知识库\智库信息爬虫\国际主要科技智库观点演变_研判\03_证据底稿\网页文本\C-NISTEP-DP238-EE327B61.txt,C:\Users\WINDOWS\OneDrive\知识库\智库信息爬虫\国际主要科技智库观点演变_研判\03_证据底稿\网页文本\C-NISTEP-DP238-EE327B61.txt,http://hdl.handle.net/11035/0002000210,官方仓储PDF代理全文已保存
科研体系、资助与研究基础,科技创新政策与能力基线,C-NISTEP-DP238-EE327B61,2025-03-01,W3,博士課程修了者の非専門分野における雇用可能性を高める要因の探索的研究：ランダムフォレスト法を用いたアプローチ,作者讨论论文,C:\Users\WINDOWS\OneDrive\知识库\智库信息爬虫\国际主要科技智库观点演变_研判\03_证据底稿\网页文本\C-NISTEP-DP238-EE327B61.txt,C:\Users\WINDOWS\OneDrive\知识库\智库信息爬虫\国际主要科技智库观点演变_研判\03_证据底稿\网页文本\C-NISTEP-DP238-EE327B61.txt,http://hdl.handle.net/11035/0002000210,官方仓储PDF代理全文已保存
科技人才、博士与职业流动,科技创新政策与能力基线,C-NISTEP-DP238-EE327B61,2025-03-01,W3,博士課程修了者の非専門分野における雇用可能性を高める要因の探索的研究：ランダムフォレスト法を用いたアプローチ,作者讨论论文,C:\Users\WINDOWS\OneDrive\知识库\智库信息爬虫\国际主要科技智库观点演变_研判\03_证据底稿\网页文本\C-NISTEP-DP238-EE327B61.txt,C:\Users\WINDOWS\OneDrive\知识库\智库信息爬虫\国际主要科技智库观点演变_研判\03_证据底稿\网页文本\C-NISTEP-DP238-EE327B61.txt,http://hdl.handle.net/11035/0002000210,官方仓储PDF代理全文已保存
企业研发、创新与产学合作,科技创新政策与能力基线,C-NISTEP-DP238-EE327B61,2025-03-01,W3,博士課程修了者の非専門分野における雇用可能性を高める要因の探索的研究：ランダムフォレスト法を用いたアプローチ,作者讨论论文,C:\Users\WINDOWS\OneDrive\知识库\智库信息爬虫\国际主要科技智库观点演变_研判\03_证据底稿\网页文本\C-NISTEP-DP238-EE327B61.txt,C:\Users\WINDOWS\OneDrive\知识库\智库信息爬虫\国际主要科技智库观点演变_研判\03_证据底稿\网页文本\C-NISTEP-DP238-EE327B61.txt,http://hdl.handle.net/11035/0002000210,官方仓储PDF代理全文已保存
人工智能、数据与数字技术,科技创新政策与能力基线,C-NISTEP-DP239-FFDD4778,2025-05-01,W3,撤回論⽂の概況2024 -国・地域，分野，著者別の傾向と⽇本の状況-,作者讨论论文,C:\Users\WINDOWS\OneDrive\知识库\智库信息爬虫\国际主要科技智库观点演变_研判\03_证据底稿\网页文本\C-NISTEP-DP239-FFDD4778.txt,C:\Users\WINDOWS\OneDrive\知识库\智库信息爬虫\国际主要科技智库观点演变_研判\03_证据底稿\网页文本\C-NISTEP-DP239-FFDD4778.txt,http://hdl.handle.net/11035/0002000214,官方仓储PDF代理全文已保存
科技指标、论文与国际比较,科技创新政策与能力基线,C-NISTEP-DP239-FFDD4778,2025-05-01,W3,撤回論⽂の概況2024 -国・地域，分野，著者別の傾向と⽇本の状況-,作者讨论论文,C:\Users\WINDOWS\OneDrive\知识库\智库信息爬虫\国际主要科技智库观点演变_研判\03_证据底稿\网页文本\C-NISTEP-DP239-FFDD4778.txt,C:\Users\WINDOWS\OneDrive\知识库\智库信息爬虫\国际主要科技智库观点演变_研判\03_证据底稿\网页文本\C-NISTEP-DP239-FFDD4778.txt,http://hdl.handle.net/11035/0002000214,官方仓储PDF代理全文已保存
科技指标、论文与国际比较,科技创新政策与能力基线,C-NISTEP-NR204-60FC5442,2025-05-01,W3,科学技術の状況に係る総合的意識調査（NISTEP定点調査2024）報告書,机构正式研究,C:\Users\WINDOWS\OneDrive\知识库\智库信息爬虫\国际主要科技智库观点演变_研判\03_证据底稿\网页文本\C-NISTEP-NR204-60FC5442.txt,C:\Users\WINDOWS\OneDrive\知识库\智库信息爬虫\国际主要科技智库观点演变_研判\03_证据底稿\网页文本\C-NISTEP-NR204-60FC5442.txt,http://hdl.handle.net/11035/0002000211,官方仓储PDF代理全文已保存
科研体系、资助与研究基础,科技创新政策与能力基线,C-NISTEP-NR204-60FC5442,2025-05-01,W3,科学技術の状況に係る総合的意識調査（NISTEP定点調査2024）報告書,机构正式研究,C:\Users\WINDOWS\OneDrive\知识库\智库信息爬虫\国际主要科技智库观点演变_研判\03_证据底稿\网页文本\C-NISTEP-NR204-60FC5442.txt,C:\Users\WINDOWS\OneDrive\知识库\智库信息爬虫\国际主要科技智库观点演变_研判\03_证据底稿\网页文本\C-NISTEP-NR204-60FC5442.txt,http://hdl.handle.net/11035/0002000211,官方仓储PDF代理全文已保存
科技人才、博士与职业流动,科技创新政策与能力基线,C-NISTEP-NR204-60FC5442,2025-05-01,W3,科学技術の状況に係る総合的意識調査（NISTEP定点調査2024）報告書,机构正式研究,C:\Users\WINDOWS\OneDrive\知识库\智库信息爬虫\国际主要科技智库观点演变_研判\03_证据底稿\网页文本\C-NISTEP-NR204-60FC5442.txt,C:\Users\WINDOWS\OneDrive\知识库\智库信息爬虫\国际主要科技智库观点演变_研判\03_证据底稿\网页文本\C-NISTEP-NR204-60FC5442.txt,http://hdl.handle.net/11035/0002000211,官方仓储PDF代理全文已保存
企业研发、创新与产学合作,科技创新政策与能力基线,C-NISTEP-NR204-60FC5442,2025-05-01,W3,科学技術の状況に係る総合的意識調査（NISTEP定点調査2024）報告書,机构正式研究,C:\Users\WINDOWS\OneDrive\知识库\智库信息爬虫\国际主要科技智库观点演变_研判\03_证据底稿\网页文本\C-NISTEP-NR204-60FC5442.txt,C:\Users\WINDOWS\OneDrive\知识库\智库信息爬虫\国际主要科技智库观点演变_研判\03_证据底稿\网页文本\C-NISTEP-NR204-60FC5442.txt,http://hdl.handle.net/11035/0002000211,官方仓储PDF代理全文已保存
科技前瞻、新兴议题与社会,科技创新政策与能力基线,C-NISTEP-NR204-60FC5442,2025-05-01,W3,科学技術の状況に係る総合的意識調査（NISTEP定点調査2024）報告書,机构正式研究,C:\Users\WINDOWS\OneDrive\知识库\智库信息爬虫\国际主要科技智库观点演变_研判\03_证据底稿\网页文本\C-NISTEP-NR204-60FC5442.txt,C:\Users\WINDOWS\OneDrive\知识库\智库信息爬虫\国际主要科技智库观点演变_研判\03_证据底稿\网页文本\C-NISTEP-NR204-60FC5442.txt,http://hdl.handle.net/11035/0002000211,官方仓储PDF代理全文已保存
开放科学、研究诚信与治理,科技创新政策与能力基线,C-NISTEP-NR204-60FC5442,2025-05-01,W3,科学技術の状況に係る総合的意識調査（NISTEP定点調査2024）報告書,机构正式研究,C:\Users\WINDOWS\OneDrive\知识库\智库信息爬虫\国际主要科技智库观点演变_研判\03_证据底稿\网页文本\C-NISTEP-NR204-60FC5442.txt,C:\Users\WINDOWS\OneDrive\知识库\智库信息爬虫\国际主要科技智库观点演变_研判\03_证据底稿\网页文本\C-NISTEP-NR204-60FC5442.txt,http://hdl.handle.net/11035/0002000211,官方仓储PDF代理全文已保存
人工智能、数据与数字技术,科技创新政策与能力基线,C-NISTEP-NR205-0959EF4D,2025-05-01,W3,科学技術の状況に係る総合的意識調査（NISTEP定点調査2024）データ集,机构正式研究,C:\Users\WINDOWS\OneDrive\知识库\智库信息爬虫\国际主要科技智库观点演变_研判\03_证据底稿\网页文本\C-NISTEP-NR205-0959EF4D.txt,C:\Users\WINDOWS\OneDrive\知识库\智库信息爬虫\国际主要科技智库观点演变_研判\03_证据底稿\网页文本\C-NISTEP-NR205-0959EF4D.txt,http://hdl.handle.net/11035/0002000212,官方发布页摘要已保存
科技指标、论文与国际比较,科技创新政策与能力基线,C-NISTEP-NR205-0959EF4D,2025-05-01,W3,科学技術の状況に係る総合的意識調査（NISTEP定点調査2024）データ集,机构正式研究,C:\Users\WINDOWS\OneDrive\知识库\智库信息爬虫\国际主要科技智库观点演变_研判\03_证据底稿\网页文本\C-NISTEP-NR205-0959EF4D.txt,C:\Users\WINDOWS\OneDrive\知识库\智库信息爬虫\国际主要科技智库观点演变_研判\03_证据底稿\网页文本\C-NISTEP-NR205-0959EF4D.txt,http://hdl.handle.net/11035/0002000212,官方发布页摘要已保存
科研体系、资助与研究基础,科技创新政策与能力基线,C-NISTEP-NR205-0959EF4D,2025-05-01,W3,科学技術の状況に係る総合的意識調査（NISTEP定点調査2024）データ集,机构正式研究,C:\Users\WINDOWS\OneDrive\知识库\智库信息爬虫\国际主要科技智库观点演变_研判\03_证据底稿\网页文本\C-NISTEP-NR205-0959EF4D.txt,C:\Users\WINDOWS\OneDrive\知识库\智库信息爬虫\国际主要科技智库观点演变_研判\03_证据底稿\网页文本\C-NISTEP-NR205-0959EF4D.txt,http://hdl.handle.net/11035/0002000212,官方发布页摘要已保存
科技人才、博士与职业流动,科技创新政策与能力基线,C-NISTEP-NR205-0959EF4D,2025-05-01,W3,科学技術の状況に係る総合的意識調査（NISTEP定点調査2024）データ集,机构正式研究,C:\Users\WINDOWS\OneDrive\知识库\智库信息爬虫\国际主要科技智库观点演变_研判\03_证据底稿\网页文本\C-NISTEP-NR205-0959EF4D.txt,C:\Users\WINDOWS\OneDrive\知识库\智库信息爬虫\国际主要科技智库观点演变_研判\03_证据底稿\网页文本\C-NISTEP-NR205-0959EF4D.txt,http://hdl.handle.net/11035/0002000212,官方发布页摘要已保存
企业研发、创新与产学合作,科技创新政策与能力基线,C-NISTEP-NR205-0959EF4D,2025-05-01,W3,科学技術の状況に係る総合的意識調査（NISTEP定点調査2024）データ集,机构正式研究,C:\Users\WINDOWS\OneDrive\知识库\智库信息爬虫\国际主要科技智库观点演变_研判\03_证据底稿\网页文本\C-NISTEP-NR205-0959EF4D.txt,C:\Users\WINDOWS\OneDrive\知识库\智库信息爬虫\国际主要科技智库观点演变_研判\03_证据底稿\网页文本\C-NISTEP-NR205-0959EF4D.txt,http://hdl.handle.net/11035/0002000212,官方发布页摘要已保存
科技前瞻、新兴议题与社会,科技创新政策与能力基线,C-NISTEP-NR205-0959EF4D,2025-05-01,W3,科学技術の状況に係る総合的意識調査（NISTEP定点調査2024）データ集,机构正式研究,C:\Users\WINDOWS\OneDrive\知识库\智库信息爬虫\国际主要科技智库观点演变_研判\03_证据底稿\网页文本\C-NISTEP-NR205-0959EF4D.txt,C:\Users\WINDOWS\OneDrive\知识库\智库信息爬虫\国际主要科技智库观点演变_研判\03_证据底稿\网页文本\C-NISTEP-NR205-0959EF4D.txt,http://hdl.handle.net/11035/0002000212,官方发布页摘要已保存
开放科学、研究诚信与治理,科技创新政策与能力基线,C-NISTEP-NR205-0959EF4D,2025-05-01,W3,科学技術の状況に係る総合的意識調査（NISTEP定点調査2024）データ集,机构正式研究,C:\Users\WINDOWS\OneDrive\知识库\智库信息爬虫\国际主要科技智库观点演变_研判\03_证据底稿\网页文本\C-NISTEP-NR205-0959EF4D.txt,C:\Users\WINDOWS\OneDrive\知识库\智库信息爬虫\国际主要科技智库观点演变_研判\03_证据底稿\网页文本\C-NISTEP-NR205-0959EF4D.txt,http://hdl.handle.net/11035/0002000212,官方发布页摘要已保存
人工智能、数据与数字技术,科技创新政策与能力基线,C-NISTEP-RM346-446FBBFE,2025-05-01,W3,第12回科学技術予測調査 科学技術等の中長期的な将来予測に関するアンケート調査（デルファイ調査）,机构正式研究,C:\Users\WINDOWS\OneDrive\知识库\智库信息爬虫\国际主要科技智库观点演变_研判\03_证据底稿\网页文本\C-NISTEP-RM346-446FBBFE.txt,C:\Users\WINDOWS\OneDrive\知识库\智库信息爬虫\国际主要科技智库观点演变_研判\03_证据底稿\网页文本\C-NISTEP-RM346-446FBBFE.txt,http://hdl.handle.net/11035/0002000213,官方发布页摘要已保存
关键技术、专利与产业竞争力,科技创新政策与能力基线,C-NISTEP-RM346-446FBBFE,2025-05-01,W3,第12回科学技術予測調査 科学技術等の中長期的な将来予測に関するアンケート調査（デルファイ調査）,机构正式研究,C:\Users\WINDOWS\OneDrive\知识库\智库信息爬虫\国际主要科技智库观点演变_研判\03_证据底稿\网页文本\C-NISTEP-RM346-446FBBFE.txt,C:\Users\WINDOWS\OneDrive\知识库\智库信息爬虫\国际主要科技智库观点演变_研判\03_证据底稿\网页文本\C-NISTEP-RM346-446FBBFE.txt,http://hdl.handle.net/11035/0002000213,官方发布页摘要已保存
科技指标、论文与国际比较,科技创新政策与能力基线,C-NISTEP-RM346-446FBBFE,2025-05-01,W3,第12回科学技術予測調査 科学技術等の中長期的な将来予測に関するアンケート調査（デルファイ調査）,机构正式研究,C:\Users\WINDOWS\OneDrive\知识库\智库信息爬虫\国际主要科技智库观点演变_研判\03_证据底稿\网页文本\C-NISTEP-RM346-446FBBFE.txt,C:\Users\WINDOWS\OneDrive\知识库\智库信息爬虫\国际主要科技智库观点演变_研判\03_证据底稿\网页文本\C-NISTEP-RM346-446FBBFE.txt,http://hdl.handle.net/11035/0002000213,官方发布页摘要已保存
科研体系、资助与研究基础,科技创新政策与能力基线,C-NISTEP-RM346-446FBBFE,2025-05-01,W3,第12回科学技術予測調査 科学技術等の中長期的な将来予測に関するアンケート調査（デルファイ調査）,机构正式研究,C:\Users\WINDOWS\OneDrive\知识库\智库信息爬虫\国际主要科技智库观点演变_研判\03_证据底稿\网页文本\C-NISTEP-RM346-446FBBFE.txt,C:\Users\WINDOWS\OneDrive\知识库\智库信息爬虫\国际主要科技智库观点演变_研判\03_证据底稿\网页文本\C-NISTEP-RM346-446FBBFE.txt,http://hdl.handle.net/11035/0002000213,官方发布页摘要已保存
科技人才、博士与职业流动,科技创新政策与能力基线,C-NISTEP-RM346-446FBBFE,2025-05-01,W3,第12回科学技術予測調査 科学技術等の中長期的な将来予測に関するアンケート調査（デルファイ調査）,机构正式研究,C:\Users\WINDOWS\OneDrive\知识库\智库信息爬虫\国际主要科技智库观点演变_研判\03_证据底稿\网页文本\C-NISTEP-RM346-446FBBFE.txt,C:\Users\WINDOWS\OneDrive\知识库\智库信息爬虫\国际主要科技智库观点演变_研判\03_证据底稿\网页文本\C-NISTEP-RM346-446FBBFE.txt,http://hdl.handle.net/11035/0002000213,官方发布页摘要已保存
企业研发、创新与产学合作,科技创新政策与能力基线,C-NISTEP-RM346-446FBBFE,2025-05-01,W3,第12回科学技術予測調査 科学技術等の中長期的な将来予測に関するアンケート調査（デルファイ調査）,机构正式研究,C:\Users\WINDOWS\OneDrive\知识库\智库信息爬虫\国际主要科技智库观点演变_研判\03_证据底稿\网页文本\C-NISTEP-RM346-446FBBFE.txt,C:\Users\WINDOWS\OneDrive\知识库\智库信息爬虫\国际主要科技智库观点演变_研判\03_证据底稿\网页文本\C-NISTEP-RM346-446FBBFE.txt,http://hdl.handle.net/11035/0002000213,官方发布页摘要已保存
科技前瞻、新兴议题与社会,科技创新政策与能力基线,C-NISTEP-RM346-446FBBFE,2025-05-01,W3,第12回科学技術予測調査 科学技術等の中長期的な将来予測に関するアンケート調査（デルファイ調査）,机构正式研究,C:\Users\WINDOWS\OneDrive\知识库\智库信息爬虫\国际主要科技智库观点演变_研判\03_证据底稿\网页文本\C-NISTEP-RM346-446FBBFE.txt,C:\Users\WINDOWS\OneDrive\知识库\智库信息爬虫\国际主要科技智库观点演变_研判\03_证据底稿\网页文本\C-NISTEP-RM346-446FBBFE.txt,http://hdl.handle.net/11035/0002000213,官方发布页摘要已保存
人工智能、数据与数字技术,科技创新政策与能力基线,C-NISTEP-DP240-E8D07DB2,2025-06-01,W3,民間企業における費用構造からみた研究開発の状況－「民間企業の研究活動に関する 調査報告」を軸とした分析－,作者讨论论文,C:\Users\WINDOWS\OneDrive\知识库\智库信息爬虫\国际主要科技智库观点演变_研判\03_证据底稿\网页文本\C-NISTEP-DP240-E8D07DB2.txt,C:\Users\WINDOWS\OneDrive\知识库\智库信息爬虫\国际主要科技智库观点演变_研判\03_证据底稿\网页文本\C-NISTEP-DP240-E8D07DB2.txt,http://hdl.handle.net/11035/0002000216,官方仓储PDF代理全文已保存
科技指标、论文与国际比较,科技创新政策与能力基线,C-NISTEP-DP240-E8D07DB2,2025-06-01,W3,民間企業における費用構造からみた研究開発の状況－「民間企業の研究活動に関する 調査報告」を軸とした分析－,作者讨论论文,C:\Users\WINDOWS\OneDrive\知识库\智库信息爬虫\国际主要科技智库观点演变_研判\03_证据底稿\网页文本\C-NISTEP-DP240-E8D07DB2.txt,C:\Users\WINDOWS\OneDrive\知识库\智库信息爬虫\国际主要科技智库观点演变_研判\03_证据底稿\网页文本\C-NISTEP-DP240-E8D07DB2.txt,http://hdl.handle.net/11035/0002000216,官方仓储PDF代理全文已保存
科研体系、资助与研究基础,科技创新政策与能力基线,C-NISTEP-DP240-E8D07DB2,2025-06-01,W3,民間企業における費用構造からみた研究開発の状況－「民間企業の研究活動に関する 調査報告」を軸とした分析－,作者讨论论文,C:\Users\WINDOWS\OneDrive\知识库\智库信息爬虫\国际主要科技智库观点演变_研判\03_证据底稿\网页文本\C-NISTEP-DP240-E8D07DB2.txt,C:\Users\WINDOWS\OneDrive\知识库\智库信息爬虫\国际主要科技智库观点演变_研判\03_证据底稿\网页文本\C-NISTEP-DP240-E8D07DB2.txt,http://hdl.handle.net/11035/0002000216,官方仓储PDF代理全文已保存
企业研发、创新与产学合作,科技创新政策与能力基线,C-NISTEP-DP240-E8D07DB2,2025-06-01,W3,民間企業における費用構造からみた研究開発の状況－「民間企業の研究活動に関する 調査報告」を軸とした分析－,作者讨论论文,C:\Users\WINDOWS\OneDrive\知识库\智库信息爬虫\国际主要科技智库观点演变_研判\03_证据底稿\网页文本\C-NISTEP-DP240-E8D07DB2.txt,C:\Users\WINDOWS\OneDrive\知识库\智库信息爬虫\国际主要科技智库观点演变_研判\03_证据底稿\网页文本\C-NISTEP-DP240-E8D07DB2.txt,http://hdl.handle.net/11035/0002000216,官方仓储PDF代理全文已保存
人工智能、数据与数字技术,科技创新政策与能力基线,C-NISTEP-DP241-EBC0A29C,2025-06-01,W3,専門家が注目する科学技術（注目科学技術）等の可視化・分析システム,作者讨论论文,C:\Users\WINDOWS\OneDrive\知识库\智库信息爬虫\国际主要科技智库观点演变_研判\03_证据底稿\网页文本\C-NISTEP-DP241-EBC0A29C.txt,C:\Users\WINDOWS\OneDrive\知识库\智库信息爬虫\国际主要科技智库观点演变_研判\03_证据底稿\网页文本\C-NISTEP-DP241-EBC0A29C.txt,http://hdl.handle.net/11035/0002000224,官方仓储PDF代理全文已保存
关键技术、专利与产业竞争力,科技创新政策与能力基线,C-NISTEP-DP241-EBC0A29C,2025-06-01,W3,専門家が注目する科学技術（注目科学技術）等の可視化・分析システム,作者讨论论文,C:\Users\WINDOWS\OneDrive\知识库\智库信息爬虫\国际主要科技智库观点演变_研判\03_证据底稿\网页文本\C-NISTEP-DP241-EBC0A29C.txt,C:\Users\WINDOWS\OneDrive\知识库\智库信息爬虫\国际主要科技智库观点演变_研判\03_证据底稿\网页文本\C-NISTEP-DP241-EBC0A29C.txt,http://hdl.handle.net/11035/0002000224,官方仓储PDF代理全文已保存
科技指标、论文与国际比较,科技创新政策与能力基线,C-NISTEP-DP241-EBC0A29C,2025-06-01,W3,専門家が注目する科学技術（注目科学技術）等の可視化・分析システム,作者讨论论文,C:\Users\WINDOWS\OneDrive\知识库\智库信息爬虫\国际主要科技智库观点演变_研判\03_证据底稿\网页文本\C-NISTEP-DP241-EBC0A29C.txt,C:\Users\WINDOWS\OneDrive\知识库\智库信息爬虫\国际主要科技智库观点演变_研判\03_证据底稿\网页文本\C-NISTEP-DP241-EBC0A29C.txt,http://hdl.handle.net/11035/0002000224,官方仓储PDF代理全文已保存
科研体系、资助与研究基础,科技创新政策与能力基线,C-NISTEP-DP241-EBC0A29C,2025-06-01,W3,専門家が注目する科学技術（注目科学技術）等の可視化・分析システム,作者讨论论文,C:\Users\WINDOWS\OneDrive\知识库\智库信息爬虫\国际主要科技智库观点演变_研判\03_证据底稿\网页文本\C-NISTEP-DP241-EBC0A29C.txt,C:\Users\WINDOWS\OneDrive\知识库\智库信息爬虫\国际主要科技智库观点演变_研判\03_证据底稿\网页文本\C-NISTEP-DP241-EBC0A29C.txt,http://hdl.handle.net/11035/0002000224,官方仓储PDF代理全文已保存
科技前瞻、新兴议题与社会,科技创新政策与能力基线,C-NISTEP-DP241-EBC0A29C,2025-06-01,W3,専門家が注目する科学技術（注目科学技術）等の可視化・分析システム,作者讨论论文,C:\Users\WINDOWS\OneDrive\知识库\智库信息爬虫\国际主要科技智库观点演变_研判\03_证据底稿\网页文本\C-NISTEP-DP241-EBC0A29C.txt,C:\Users\WINDOWS\OneDrive\知识库\智库信息爬虫\国际主要科技智库观点演变_研判\03_证据底稿\网页文本\C-NISTEP-DP241-EBC0A29C.txt,http://hdl.handle.net/11035/0002000224,官方仓储PDF代理全文已保存
关键技术、专利与产业竞争力,科技创新政策与能力基线,C-NISTEP-NR206-ED78B1AB,2025-06-01,W3,民間企業の研究活動に関する調査報告2024,机构正式研究,C:\Users\WINDOWS\OneDrive\知识库\智库信息爬虫\国际主要科技智库观点演变_研判\03_证据底稿\网页文本\C-NISTEP-NR206-ED78B1AB.txt,C:\Users\WINDOWS\OneDrive\知识库\智库信息爬虫\国际主要科技智库观点演变_研判\03_证据底稿\网页文本\C-NISTEP-NR206-ED78B1AB.txt,http://hdl.handle.net/11035/0002000223,官方仓储PDF代理全文已保存
科技指标、论文与国际比较,科技创新政策与能力基线,C-NISTEP-NR206-ED78B1AB,2025-06-01,W3,民間企業の研究活動に関する調査報告2024,机构正式研究,C:\Users\WINDOWS\OneDrive\知识库\智库信息爬虫\国际主要科技智库观点演变_研判\03_证据底稿\网页文本\C-NISTEP-NR206-ED78B1AB.txt,C:\Users\WINDOWS\OneDrive\知识库\智库信息爬虫\国际主要科技智库观点演变_研判\03_证据底稿\网页文本\C-NISTEP-NR206-ED78B1AB.txt,http://hdl.handle.net/11035/0002000223,官方仓储PDF代理全文已保存
科研体系、资助与研究基础,科技创新政策与能力基线,C-NISTEP-NR206-ED78B1AB,2025-06-01,W3,民間企業の研究活動に関する調査報告2024,机构正式研究,C:\Users\WINDOWS\OneDrive\知识库\智库信息爬虫\国际主要科技智库观点演变_研判\03_证据底稿\网页文本\C-NISTEP-NR206-ED78B1AB.txt,C:\Users\WINDOWS\OneDrive\知识库\智库信息爬虫\国际主要科技智库观点演变_研判\03_证据底稿\网页文本\C-NISTEP-NR206-ED78B1AB.txt,http://hdl.handle.net/11035/0002000223,官方仓储PDF代理全文已保存
科技人才、博士与职业流动,科技创新政策与能力基线,C-NISTEP-NR206-ED78B1AB,2025-06-01,W3,民間企業の研究活動に関する調査報告2024,机构正式研究,C:\Users\WINDOWS\OneDrive\知识库\智库信息爬虫\国际主要科技智库观点演变_研判\03_证据底稿\网页文本\C-NISTEP-NR206-ED78B1AB.txt,C:\Users\WINDOWS\OneDrive\知识库\智库信息爬虫\国际主要科技智库观点演变_研判\03_证据底稿\网页文本\C-NISTEP-NR206-ED78B1AB.txt,http://hdl.handle.net/11035/0002000223,官方仓储PDF代理全文已保存
企业研发、创新与产学合作,科技创新政策与能力基线,C-NISTEP-NR206-ED78B1AB,2025-06-01,W3,民間企業の研究活動に関する調査報告2024,机构正式研究,C:\Users\WINDOWS\OneDrive\知识库\智库信息爬虫\国际主要科技智库观点演变_研判\03_证据底稿\网页文本\C-NISTEP-NR206-ED78B1AB.txt,C:\Users\WINDOWS\OneDrive\知识库\智库信息爬虫\国际主要科技智库观点演变_研判\03_证据底稿\网页文本\C-NISTEP-NR206-ED78B1AB.txt,http://hdl.handle.net/11035/0002000223,官方仓储PDF代理全文已保存
科技指标、论文与国际比较,科技创新政策与能力基线,C-NISTEP-RM347-43763F64,2025-06-01,W3,地域イノベーションと大学の地域貢献に関する アンケート調査報告,机构正式研究,C:\Users\WINDOWS\OneDrive\知识库\智库信息爬虫\国际主要科技智库观点演变_研判\03_证据底稿\网页文本\C-NISTEP-RM347-43763F64.txt,C:\Users\WINDOWS\OneDrive\知识库\智库信息爬虫\国际主要科技智库观点演变_研判\03_证据底稿\网页文本\C-NISTEP-RM347-43763F64.txt,http://hdl.handle.net/11035/0002000215,官方仓储PDF代理全文已保存
科研体系、资助与研究基础,科技创新政策与能力基线,C-NISTEP-RM347-43763F64,2025-06-01,W3,地域イノベーションと大学の地域貢献に関する アンケート調査報告,机构正式研究,C:\Users\WINDOWS\OneDrive\知识库\智库信息爬虫\国际主要科技智库观点演变_研判\03_证据底稿\网页文本\C-NISTEP-RM347-43763F64.txt,C:\Users\WINDOWS\OneDrive\知识库\智库信息爬虫\国际主要科技智库观点演变_研判\03_证据底稿\网页文本\C-NISTEP-RM347-43763F64.txt,http://hdl.handle.net/11035/0002000215,官方仓储PDF代理全文已保存
科技人才、博士与职业流动,科技创新政策与能力基线,C-NISTEP-RM347-43763F64,2025-06-01,W3,地域イノベーションと大学の地域貢献に関する アンケート調査報告,机构正式研究,C:\Users\WINDOWS\OneDrive\知识库\智库信息爬虫\国际主要科技智库观点演变_研判\03_证据底稿\网页文本\C-NISTEP-RM347-43763F64.txt,C:\Users\WINDOWS\OneDrive\知识库\智库信息爬虫\国际主要科技智库观点演变_研判\03_证据底稿\网页文本\C-NISTEP-RM347-43763F64.txt,http://hdl.handle.net/11035/0002000215,官方仓储PDF代理全文已保存
企业研发、创新与产学合作,科技创新政策与能力基线,C-NISTEP-RM347-43763F64,2025-06-01,W3,地域イノベーションと大学の地域貢献に関する アンケート調査報告,机构正式研究,C:\Users\WINDOWS\OneDrive\知识库\智库信息爬虫\国际主要科技智库观点演变_研判\03_证据底稿\网页文本\C-NISTEP-RM347-43763F64.txt,C:\Users\WINDOWS\OneDrive\知识库\智库信息爬虫\国际主要科技智库观点演变_研判\03_证据底稿\网页文本\C-NISTEP-RM347-43763F64.txt,http://hdl.handle.net/11035/0002000215,官方仓储PDF代理全文已保存
人工智能、数据与数字技术,科技创新政策与能力基线,C-NISTEP-RM348-9FD2EBC2,2025-06-01,W3,⼈⼯知能分野の国際会議における国・地域別発表件数の概況（2015年−2024年版）,机构正式研究,C:\Users\WINDOWS\OneDrive\知识库\智库信息爬虫\国际主要科技智库观点演变_研判\03_证据底稿\网页文本\C-NISTEP-RM348-9FD2EBC2.txt,C:\Users\WINDOWS\OneDrive\知识库\智库信息爬虫\国际主要科技智库观点演变_研判\03_证据底稿\网页文本\C-NISTEP-RM348-9FD2EBC2.txt,http://hdl.handle.net/11035/0002000222,官方发布页摘要已保存
科技指标、论文与国际比较,科技创新政策与能力基线,C-NISTEP-RM348-9FD2EBC2,2025-06-01,W3,⼈⼯知能分野の国際会議における国・地域別発表件数の概況（2015年−2024年版）,机构正式研究,C:\Users\WINDOWS\OneDrive\知识库\智库信息爬虫\国际主要科技智库观点演变_研判\03_证据底稿\网页文本\C-NISTEP-RM348-9FD2EBC2.txt,C:\Users\WINDOWS\OneDrive\知识库\智库信息爬虫\国际主要科技智库观点演变_研判\03_证据底稿\网页文本\C-NISTEP-RM348-9FD2EBC2.txt,http://hdl.handle.net/11035/0002000222,官方发布页摘要已保存
科研体系、资助与研究基础,科技创新政策与能力基线,C-NISTEP-RM348-9FD2EBC2,2025-06-01,W3,⼈⼯知能分野の国際会議における国・地域別発表件数の概況（2015年−2024年版）,机构正式研究,C:\Users\WINDOWS\OneDrive\知识库\智库信息爬虫\国际主要科技智库观点演变_研判\03_证据底稿\网页文本\C-NISTEP-RM348-9FD2EBC2.txt,C:\Users\WINDOWS\OneDrive\知识库\智库信息爬虫\国际主要科技智库观点演变_研判\03_证据底稿\网页文本\C-NISTEP-RM348-9FD2EBC2.txt,http://hdl.handle.net/11035/0002000222,官方发布页摘要已保存
科技人才、博士与职业流动,科技创新政策与能力基线,C-NISTEP-RM348-9FD2EBC2,2025-06-01,W3,⼈⼯知能分野の国際会議における国・地域別発表件数の概況（2015年−2024年版）,机构正式研究,C:\Users\WINDOWS\OneDrive\知识库\智库信息爬虫\国际主要科技智库观点演变_研判\03_证据底稿\网页文本\C-NISTEP-RM348-9FD2EBC2.txt,C:\Users\WINDOWS\OneDrive\知识库\智库信息爬虫\国际主要科技智库观点演变_研判\03_证据底稿\网页文本\C-NISTEP-RM348-9FD2EBC2.txt,http://hdl.handle.net/11035/0002000222,官方发布页摘要已保存
企业研发、创新与产学合作,科技创新政策与能力基线,C-NISTEP-RM348-9FD2EBC2,2025-06-01,W3,⼈⼯知能分野の国際会議における国・地域別発表件数の概況（2015年−2024年版）,机构正式研究,C:\Users\WINDOWS\OneDrive\知识库\智库信息爬虫\国际主要科技智库观点演变_研判\03_证据底稿\网页文本\C-NISTEP-RM348-9FD2EBC2.txt,C:\Users\WINDOWS\OneDrive\知识库\智库信息爬虫\国际主要科技智库观点演变_研判\03_证据底稿\网页文本\C-NISTEP-RM348-9FD2EBC2.txt,http://hdl.handle.net/11035/0002000222,官方发布页摘要已保存
科技前瞻、新兴议题与社会,科技创新政策与能力基线,C-NISTEP-RM348-9FD2EBC2,2025-06-01,W3,⼈⼯知能分野の国際会議における国・地域別発表件数の概況（2015年−2024年版）,机构正式研究,C:\Users\WINDOWS\OneDrive\知识库\智库信息爬虫\国际主要科技智库观点演变_研判\03_证据底稿\网页文本\C-NISTEP-RM348-9FD2EBC2.txt,C:\Users\WINDOWS\OneDrive\知识库\智库信息爬虫\国际主要科技智库观点演变_研判\03_证据底稿\网页文本\C-NISTEP-RM348-9FD2EBC2.txt,http://hdl.handle.net/11035/0002000222,官方发布页摘要已保存
开放科学、研究诚信与治理,科技创新政策与能力基线,C-NISTEP-RM348-9FD2EBC2,2025-06-01,W3,⼈⼯知能分野の国際会議における国・地域別発表件数の概況（2015年−2024年版）,机构正式研究,C:\Users\WINDOWS\OneDrive\知识库\智库信息爬虫\国际主要科技智库观点演变_研判\03_证据底稿\网页文本\C-NISTEP-RM348-9FD2EBC2.txt,C:\Users\WINDOWS\OneDrive\知识库\智库信息爬虫\国际主要科技智库观点演变_研判\03_证据底稿\网页文本\C-NISTEP-RM348-9FD2EBC2.txt,http://hdl.handle.net/11035/0002000222,官方发布页摘要已保存
中国科技能力与国际比较,科技创新政策与能力基线,C-NISTEP-RM348-9FD2EBC2,2025-06-01,W3,⼈⼯知能分野の国際会議における国・地域別発表件数の概況（2015年−2024年版）,机构正式研究,C:\Users\WINDOWS\OneDrive\知识库\智库信息爬虫\国际主要科技智库观点演变_研判\03_证据底稿\网页文本\C-NISTEP-RM348-9FD2EBC2.txt,C:\Users\WINDOWS\OneDrive\知识库\智库信息爬虫\国际主要科技智库观点演变_研判\03_证据底稿\网页文本\C-NISTEP-RM348-9FD2EBC2.txt,http://hdl.handle.net/11035/0002000222,官方发布页摘要已保存
人工智能、数据与数字技术,科技创新政策与能力基线,C-NISTEP-RM349-C330D979,2025-08-01,W3,科学技術指標2025,机构正式研究,C:\Users\WINDOWS\OneDrive\知识库\智库信息爬虫\国际主要科技智库观点演变_研判\03_证据底稿\网页文本\C-NISTEP-RM349-C330D979.txt,C:\Users\WINDOWS\OneDrive\知识库\智库信息爬虫\国际主要科技智库观点演变_研判\03_证据底稿\网页文本\C-NISTEP-RM349-C330D979.txt,http://hdl.handle.net/11035/0002000230,官方仓储PDF代理全文已保存
关键技术、专利与产业竞争力,科技创新政策与能力基线,C-NISTEP-RM349-C330D979,2025-08-01,W3,科学技術指標2025,机构正式研究,C:\Users\WINDOWS\OneDrive\知识库\智库信息爬虫\国际主要科技智库观点演变_研判\03_证据底稿\网页文本\C-NISTEP-RM349-C330D979.txt,C:\Users\WINDOWS\OneDrive\知识库\智库信息爬虫\国际主要科技智库观点演变_研判\03_证据底稿\网页文本\C-NISTEP-RM349-C330D979.txt,http://hdl.handle.net/11035/0002000230,官方仓储PDF代理全文已保存
科技指标、论文与国际比较,科技创新政策与能力基线,C-NISTEP-RM349-C330D979,2025-08-01,W3,科学技術指標2025,机构正式研究,C:\Users\WINDOWS\OneDrive\知识库\智库信息爬虫\国际主要科技智库观点演变_研判\03_证据底稿\网页文本\C-NISTEP-RM349-C330D979.txt,C:\Users\WINDOWS\OneDrive\知识库\智库信息爬虫\国际主要科技智库观点演变_研判\03_证据底稿\网页文本\C-NISTEP-RM349-C330D979.txt,http://hdl.handle.net/11035/0002000230,官方仓储PDF代理全文已保存
科研体系、资助与研究基础,科技创新政策与能力基线,C-NISTEP-RM349-C330D979,2025-08-01,W3,科学技術指標2025,机构正式研究,C:\Users\WINDOWS\OneDrive\知识库\智库信息爬虫\国际主要科技智库观点演变_研判\03_证据底稿\网页文本\C-NISTEP-RM349-C330D979.txt,C:\Users\WINDOWS\OneDrive\知识库\智库信息爬虫\国际主要科技智库观点演变_研判\03_证据底稿\网页文本\C-NISTEP-RM349-C330D979.txt,http://hdl.handle.net/11035/0002000230,官方仓储PDF代理全文已保存
科技人才、博士与职业流动,科技创新政策与能力基线,C-NISTEP-RM349-C330D979,2025-08-01,W3,科学技術指標2025,机构正式研究,C:\Users\WINDOWS\OneDrive\知识库\智库信息爬虫\国际主要科技智库观点演变_研判\03_证据底稿\网页文本\C-NISTEP-RM349-C330D979.txt,C:\Users\WINDOWS\OneDrive\知识库\智库信息爬虫\国际主要科技智库观点演变_研判\03_证据底稿\网页文本\C-NISTEP-RM349-C330D979.txt,http://hdl.handle.net/11035/0002000230,官方仓储PDF代理全文已保存
企业研发、创新与产学合作,科技创新政策与能力基线,C-NISTEP-RM349-C330D979,2025-08-01,W3,科学技術指標2025,机构正式研究,C:\Users\WINDOWS\OneDrive\知识库\智库信息爬虫\国际主要科技智库观点演变_研判\03_证据底稿\网页文本\C-NISTEP-RM349-C330D979.txt,C:\Users\WINDOWS\OneDrive\知识库\智库信息爬虫\国际主要科技智库观点演变_研判\03_证据底稿\网页文本\C-NISTEP-RM349-C330D979.txt,http://hdl.handle.net/11035/0002000230,官方仓储PDF代理全文已保存
科技前瞻、新兴议题与社会,科技创新政策与能力基线,C-NISTEP-RM349-C330D979,2025-08-01,W3,科学技術指標2025,机构正式研究,C:\Users\WINDOWS\OneDrive\知识库\智库信息爬虫\国际主要科技智库观点演变_研判\03_证据底稿\网页文本\C-NISTEP-RM349-C330D979.txt,C:\Users\WINDOWS\OneDrive\知识库\智库信息爬虫\国际主要科技智库观点演变_研判\03_证据底稿\网页文本\C-NISTEP-RM349-C330D979.txt,http://hdl.handle.net/11035/0002000230,官方仓储PDF代理全文已保存
中国科技能力与国际比较,科技创新政策与能力基线,C-NISTEP-RM349-C330D979,2025-08-01,W3,科学技術指標2025,机构正式研究,C:\Users\WINDOWS\OneDrive\知识库\智库信息爬虫\国际主要科技智库观点演变_研判\03_证据底稿\网页文本\C-NISTEP-RM349-C330D979.txt,C:\Users\WINDOWS\OneDrive\知识库\智库信息爬虫\国际主要科技智库观点演变_研判\03_证据底稿\网页文本\C-NISTEP-RM349-C330D979.txt,http://hdl.handle.net/11035/0002000230,官方仓储PDF代理全文已保存
人工智能、数据与数字技术,科技创新政策与能力基线,C-NISTEP-RM350-EC9F5548,2025-08-01,W3,科学研究のベンチマーキング2025-論文分析でみる世界の研究活動の変化と日本の状況-,机构正式研究,C:\Users\WINDOWS\OneDrive\知识库\智库信息爬虫\国际主要科技智库观点演变_研判\03_证据底稿\网页文本\C-NISTEP-RM350-EC9F5548.txt,C:\Users\WINDOWS\OneDrive\知识库\智库信息爬虫\国际主要科技智库观点演变_研判\03_证据底稿\网页文本\C-NISTEP-RM350-EC9F5548.txt,http://hdl.handle.net/11035/0002000231,官方仓储PDF代理全文已保存
科技指标、论文与国际比较,科技创新政策与能力基线,C-NISTEP-RM350-EC9F5548,2025-08-01,W3,科学研究のベンチマーキング2025-論文分析でみる世界の研究活動の変化と日本の状況-,机构正式研究,C:\Users\WINDOWS\OneDrive\知识库\智库信息爬虫\国际主要科技智库观点演变_研判\03_证据底稿\网页文本\C-NISTEP-RM350-EC9F5548.txt,C:\Users\WINDOWS\OneDrive\知识库\智库信息爬虫\国际主要科技智库观点演变_研判\03_证据底稿\网页文本\C-NISTEP-RM350-EC9F5548.txt,http://hdl.handle.net/11035/0002000231,官方仓储PDF代理全文已保存
科研体系、资助与研究基础,科技创新政策与能力基线,C-NISTEP-RM350-EC9F5548,2025-08-01,W3,科学研究のベンチマーキング2025-論文分析でみる世界の研究活動の変化と日本の状況-,机构正式研究,C:\Users\WINDOWS\OneDrive\知识库\智库信息爬虫\国际主要科技智库观点演变_研判\03_证据底稿\网页文本\C-NISTEP-RM350-EC9F5548.txt,C:\Users\WINDOWS\OneDrive\知识库\智库信息爬虫\国际主要科技智库观点演变_研判\03_证据底稿\网页文本\C-NISTEP-RM350-EC9F5548.txt,http://hdl.handle.net/11035/0002000231,官方仓储PDF代理全文已保存
科技前瞻、新兴议题与社会,科技创新政策与能力基线,C-NISTEP-RM350-EC9F5548,2025-08-01,W3,科学研究のベンチマーキング2025-論文分析でみる世界の研究活動の変化と日本の状況-,机构正式研究,C:\Users\WINDOWS\OneDrive\知识库\智库信息爬虫\国际主要科技智库观点演变_研判\03_证据底稿\网页文本\C-NISTEP-RM350-EC9F5548.txt,C:\Users\WINDOWS\OneDrive\知识库\智库信息爬虫\国际主要科技智库观点演变_研判\03_证据底稿\网页文本\C-NISTEP-RM350-EC9F5548.txt,http://hdl.handle.net/11035/0002000231,官方仓储PDF代理全文已保存
中国科技能力与国际比较,科技创新政策与能力基线,C-NISTEP-RM350-EC9F5548,2025-08-01,W3,科学研究のベンチマーキング2025-論文分析でみる世界の研究活動の変化と日本の状況-,机构正式研究,C:\Users\WINDOWS\OneDrive\知识库\智库信息爬虫\国际主要科技智库观点演变_研判\03_证据底稿\网页文本\C-NISTEP-RM350-EC9F5548.txt,C:\Users\WINDOWS\OneDrive\知识库\智库信息爬虫\国际主要科技智库观点演变_研判\03_证据底稿\网页文本\C-NISTEP-RM350-EC9F5548.txt,http://hdl.handle.net/11035/0002000231,官方仓储PDF代理全文已保存
关键技术、专利与产业竞争力,科技创新政策与能力基线,C-NISTEP-NR207-7DFFD46B,2025-09-01,W3,全国イノベーション調査2024年調査統計報告,机构正式研究,C:\Users\WINDOWS\OneDrive\知识库\智库信息爬虫\国际主要科技智库观点演变_研判\03_证据底稿\原文PDF\C-NISTEP-NR207-7DFFD46B.pdf,C:\Users\WINDOWS\OneDrive\知识库\智库信息爬虫\国际主要科技智库观点演变_研判\03_证据底稿\文本\C-NISTEP-NR207-7DFFD46B.txt,http://hdl.handle.net/11035/0002000265,官方PDF已保存并校验
科技指标、论文与国际比较,科技创新政策与能力基线,C-NISTEP-NR207-7DFFD46B,2025-09-01,W3,全国イノベーション調査2024年調査統計報告,机构正式研究,C:\Users\WINDOWS\OneDrive\知识库\智库信息爬虫\国际主要科技智库观点演变_研判\03_证据底稿\原文PDF\C-NISTEP-NR207-7DFFD46B.pdf,C:\Users\WINDOWS\OneDrive\知识库\智库信息爬虫\国际主要科技智库观点演变_研判\03_证据底稿\文本\C-NISTEP-NR207-7DFFD46B.txt,http://hdl.handle.net/11035/0002000265,官方PDF已保存并校验
科研体系、资助与研究基础,科技创新政策与能力基线,C-NISTEP-NR207-7DFFD46B,2025-09-01,W3,全国イノベーション調査2024年調査統計報告,机构正式研究,C:\Users\WINDOWS\OneDrive\知识库\智库信息爬虫\国际主要科技智库观点演变_研判\03_证据底稿\原文PDF\C-NISTEP-NR207-7DFFD46B.pdf,C:\Users\WINDOWS\OneDrive\知识库\智库信息爬虫\国际主要科技智库观点演变_研判\03_证据底稿\文本\C-NISTEP-NR207-7DFFD46B.txt,http://hdl.handle.net/11035/0002000265,官方PDF已保存并校验
科技人才、博士与职业流动,科技创新政策与能力基线,C-NISTEP-NR207-7DFFD46B,2025-09-01,W3,全国イノベーション調査2024年調査統計報告,机构正式研究,C:\Users\WINDOWS\OneDrive\知识库\智库信息爬虫\国际主要科技智库观点演变_研判\03_证据底稿\原文PDF\C-NISTEP-NR207-7DFFD46B.pdf,C:\Users\WINDOWS\OneDrive\知识库\智库信息爬虫\国际主要科技智库观点演变_研判\03_证据底稿\文本\C-NISTEP-NR207-7DFFD46B.txt,http://hdl.handle.net/11035/0002000265,官方PDF已保存并校验
企业研发、创新与产学合作,科技创新政策与能力基线,C-NISTEP-NR207-7DFFD46B,2025-09-01,W3,全国イノベーション調査2024年調査統計報告,机构正式研究,C:\Users\WINDOWS\OneDrive\知识库\智库信息爬虫\国际主要科技智库观点演变_研判\03_证据底稿\原文PDF\C-NISTEP-NR207-7DFFD46B.pdf,C:\Users\WINDOWS\OneDrive\知识库\智库信息爬虫\国际主要科技智库观点演变_研判\03_证据底稿\文本\C-NISTEP-NR207-7DFFD46B.txt,http://hdl.handle.net/11035/0002000265,官方PDF已保存并校验
科技人才、博士与职业流动,科技创新政策与能力基线,C-NISTEP-DP242-6EEE0740,2025-11-01,W3,令和５年度 博士（後期）課程1 年次における進路意識と経済状況に関する調査 －2024年2月～2024年4月実施調査－,作者讨论论文,,,http://hdl.handle.net/11035/0002000273,获取失败
人工智能、数据与数字技术,科技创新政策与能力基线,C-NISTEP-DP243-76F6106D,2025-12-01,W3,科学技術に関する国民意識調査 －偽情報・誤情報の認知と判断－,作者讨论论文,C:\Users\WINDOWS\OneDrive\知识库\智库信息爬虫\国际主要科技智库观点演变_研判\03_证据底稿\网页文本\C-NISTEP-DP243-76F6106D.txt,C:\Users\WINDOWS\OneDrive\知识库\智库信息爬虫\国际主要科技智库观点演变_研判\03_证据底稿\网页文本\C-NISTEP-DP243-76F6106D.txt,http://hdl.handle.net/11035/0002000274,官方仓储PDF代理全文已保存
科技指标、论文与国际比较,科技创新政策与能力基线,C-NISTEP-DP243-76F6106D,2025-12-01,W3,科学技術に関する国民意識調査 －偽情報・誤情報の認知と判断－,作者讨论论文,C:\Users\WINDOWS\OneDrive\知识库\智库信息爬虫\国际主要科技智库观点演变_研判\03_证据底稿\网页文本\C-NISTEP-DP243-76F6106D.txt,C:\Users\WINDOWS\OneDrive\知识库\智库信息爬虫\国际主要科技智库观点演变_研判\03_证据底稿\网页文本\C-NISTEP-DP243-76F6106D.txt,http://hdl.handle.net/11035/0002000274,官方仓储PDF代理全文已保存
科研体系、资助与研究基础,科技创新政策与能力基线,C-NISTEP-DP243-76F6106D,2025-12-01,W3,科学技術に関する国民意識調査 －偽情報・誤情報の認知と判断－,作者讨论论文,C:\Users\WINDOWS\OneDrive\知识库\智库信息爬虫\国际主要科技智库观点演变_研判\03_证据底稿\网页文本\C-NISTEP-DP243-76F6106D.txt,C:\Users\WINDOWS\OneDrive\知识库\智库信息爬虫\国际主要科技智库观点演变_研判\03_证据底稿\网页文本\C-NISTEP-DP243-76F6106D.txt,http://hdl.handle.net/11035/0002000274,官方仓储PDF代理全文已保存
企业研发、创新与产学合作,科技创新政策与能力基线,C-NISTEP-DP243-76F6106D,2025-12-01,W3,科学技術に関する国民意識調査 －偽情報・誤情報の認知と判断－,作者讨论论文,C:\Users\WINDOWS\OneDrive\知识库\智库信息爬虫\国际主要科技智库观点演变_研判\03_证据底稿\网页文本\C-NISTEP-DP243-76F6106D.txt,C:\Users\WINDOWS\OneDrive\知识库\智库信息爬虫\国际主要科技智库观点演变_研判\03_证据底稿\网页文本\C-NISTEP-DP243-76F6106D.txt,http://hdl.handle.net/11035/0002000274,官方仓储PDF代理全文已保存
科技前瞻、新兴议题与社会,科技创新政策与能力基线,C-NISTEP-DP243-76F6106D,2025-12-01,W3,科学技術に関する国民意識調査 －偽情報・誤情報の認知と判断－,作者讨论论文,C:\Users\WINDOWS\OneDrive\知识库\智库信息爬虫\国际主要科技智库观点演变_研判\03_证据底稿\网页文本\C-NISTEP-DP243-76F6106D.txt,C:\Users\WINDOWS\OneDrive\知识库\智库信息爬虫\国际主要科技智库观点演变_研判\03_证据底稿\网页文本\C-NISTEP-DP243-76F6106D.txt,http://hdl.handle.net/11035/0002000274,官方仓储PDF代理全文已保存
人工智能、数据与数字技术,科技创新政策与能力基线,C-NISTEP-DP244-3A2FE0CD,2025-12-01,W3,研究文化をめぐる対話と展開：NISTEP 共創ワークショップ・公開シンポジウムから「研究力を育む土壌」の理論設計と実証研究へ,作者讨论论文,C:\Users\WINDOWS\OneDrive\知识库\智库信息爬虫\国际主要科技智库观点演变_研判\03_证据底稿\网页文本\C-NISTEP-DP244-3A2FE0CD.txt,C:\Users\WINDOWS\OneDrive\知识库\智库信息爬虫\国际主要科技智库观点演变_研判\03_证据底稿\网页文本\C-NISTEP-DP244-3A2FE0CD.txt,http://hdl.handle.net/11035/0002000276,官方发布页摘要已保存
科技指标、论文与国际比较,科技创新政策与能力基线,C-NISTEP-DP244-3A2FE0CD,2025-12-01,W3,研究文化をめぐる対話と展開：NISTEP 共創ワークショップ・公開シンポジウムから「研究力を育む土壌」の理論設計と実証研究へ,作者讨论论文,C:\Users\WINDOWS\OneDrive\知识库\智库信息爬虫\国际主要科技智库观点演变_研判\03_证据底稿\网页文本\C-NISTEP-DP244-3A2FE0CD.txt,C:\Users\WINDOWS\OneDrive\知识库\智库信息爬虫\国际主要科技智库观点演变_研判\03_证据底稿\网页文本\C-NISTEP-DP244-3A2FE0CD.txt,http://hdl.handle.net/11035/0002000276,官方发布页摘要已保存
科研体系、资助与研究基础,科技创新政策与能力基线,C-NISTEP-DP244-3A2FE0CD,2025-12-01,W3,研究文化をめぐる対話と展開：NISTEP 共創ワークショップ・公開シンポジウムから「研究力を育む土壌」の理論設計と実証研究へ,作者讨论论文,C:\Users\WINDOWS\OneDrive\知识库\智库信息爬虫\国际主要科技智库观点演变_研判\03_证据底稿\网页文本\C-NISTEP-DP244-3A2FE0CD.txt,C:\Users\WINDOWS\OneDrive\知识库\智库信息爬虫\国际主要科技智库观点演变_研判\03_证据底稿\网页文本\C-NISTEP-DP244-3A2FE0CD.txt,http://hdl.handle.net/11035/0002000276,官方发布页摘要已保存
科技人才、博士与职业流动,科技创新政策与能力基线,C-NISTEP-DP244-3A2FE0CD,2025-12-01,W3,研究文化をめぐる対話と展開：NISTEP 共創ワークショップ・公開シンポジウムから「研究力を育む土壌」の理論設計と実証研究へ,作者讨论论文,C:\Users\WINDOWS\OneDrive\知识库\智库信息爬虫\国际主要科技智库观点演变_研判\03_证据底稿\网页文本\C-NISTEP-DP244-3A2FE0CD.txt,C:\Users\WINDOWS\OneDrive\知识库\智库信息爬虫\国际主要科技智库观点演变_研判\03_证据底稿\网页文本\C-NISTEP-DP244-3A2FE0CD.txt,http://hdl.handle.net/11035/0002000276,官方发布页摘要已保存
企业研发、创新与产学合作,科技创新政策与能力基线,C-NISTEP-DP244-3A2FE0CD,2025-12-01,W3,研究文化をめぐる対話と展開：NISTEP 共創ワークショップ・公開シンポジウムから「研究力を育む土壌」の理論設計と実証研究へ,作者讨论论文,C:\Users\WINDOWS\OneDrive\知识库\智库信息爬虫\国际主要科技智库观点演变_研判\03_证据底稿\网页文本\C-NISTEP-DP244-3A2FE0CD.txt,C:\Users\WINDOWS\OneDrive\知识库\智库信息爬虫\国际主要科技智库观点演变_研判\03_证据底稿\网页文本\C-NISTEP-DP244-3A2FE0CD.txt,http://hdl.handle.net/11035/0002000276,官方发布页摘要已保存
科技前瞻、新兴议题与社会,科技创新政策与能力基线,C-NISTEP-DP244-3A2FE0CD,2025-12-01,W3,研究文化をめぐる対話と展開：NISTEP 共創ワークショップ・公開シンポジウムから「研究力を育む土壌」の理論設計と実証研究へ,作者讨论论文,C:\Users\WINDOWS\OneDrive\知识库\智库信息爬虫\国际主要科技智库观点演变_研判\03_证据底稿\网页文本\C-NISTEP-DP244-3A2FE0CD.txt,C:\Users\WINDOWS\OneDrive\知识库\智库信息爬虫\国际主要科技智库观点演变_研判\03_证据底稿\网页文本\C-NISTEP-DP244-3A2FE0CD.txt,http://hdl.handle.net/11035/0002000276,官方发布页摘要已保存
人工智能、数据与数字技术,核心科技直接材料,C-NISTEP-DP245-079F4142,2026-01-01,W3,特許出願における発明者の識別 ― 識別の自動化手法とその性能評価 ―,作者讨论论文,C:\Users\WINDOWS\OneDrive\知识库\智库信息爬虫\国际主要科技智库观点演变_研判\03_证据底稿\网页文本\C-NISTEP-DP245-079F4142.txt,C:\Users\WINDOWS\OneDrive\知识库\智库信息爬虫\国际主要科技智库观点演变_研判\03_证据底稿\网页文本\C-NISTEP-DP245-079F4142.txt,http://hdl.handle.net/11035/0002000279,官方仓储PDF代理全文已保存
关键技术、专利与产业竞争力,核心科技直接材料,C-NISTEP-DP245-079F4142,2026-01-01,W3,特許出願における発明者の識別 ― 識別の自動化手法とその性能評価 ―,作者讨论论文,C:\Users\WINDOWS\OneDrive\知识库\智库信息爬虫\国际主要科技智库观点演变_研判\03_证据底稿\网页文本\C-NISTEP-DP245-079F4142.txt,C:\Users\WINDOWS\OneDrive\知识库\智库信息爬虫\国际主要科技智库观点演变_研判\03_证据底稿\网页文本\C-NISTEP-DP245-079F4142.txt,http://hdl.handle.net/11035/0002000279,官方仓储PDF代理全文已保存
科技指标、论文与国际比较,核心科技直接材料,C-NISTEP-DP245-079F4142,2026-01-01,W3,特許出願における発明者の識別 ― 識別の自動化手法とその性能評価 ―,作者讨论论文,C:\Users\WINDOWS\OneDrive\知识库\智库信息爬虫\国际主要科技智库观点演变_研判\03_证据底稿\网页文本\C-NISTEP-DP245-079F4142.txt,C:\Users\WINDOWS\OneDrive\知识库\智库信息爬虫\国际主要科技智库观点演变_研判\03_证据底稿\网页文本\C-NISTEP-DP245-079F4142.txt,http://hdl.handle.net/11035/0002000279,官方仓储PDF代理全文已保存
科研体系、资助与研究基础,核心科技直接材料,C-NISTEP-DP245-079F4142,2026-01-01,W3,特許出願における発明者の識別 ― 識別の自動化手法とその性能評価 ―,作者讨论论文,C:\Users\WINDOWS\OneDrive\知识库\智库信息爬虫\国际主要科技智库观点演变_研判\03_证据底稿\网页文本\C-NISTEP-DP245-079F4142.txt,C:\Users\WINDOWS\OneDrive\知识库\智库信息爬虫\国际主要科技智库观点演变_研判\03_证据底稿\网页文本\C-NISTEP-DP245-079F4142.txt,http://hdl.handle.net/11035/0002000279,官方仓储PDF代理全文已保存
科技人才、博士与职业流动,核心科技直接材料,C-NISTEP-DP245-079F4142,2026-01-01,W3,特許出願における発明者の識別 ― 識別の自動化手法とその性能評価 ―,作者讨论论文,C:\Users\WINDOWS\OneDrive\知识库\智库信息爬虫\国际主要科技智库观点演变_研判\03_证据底稿\网页文本\C-NISTEP-DP245-079F4142.txt,C:\Users\WINDOWS\OneDrive\知识库\智库信息爬虫\国际主要科技智库观点演变_研判\03_证据底稿\网页文本\C-NISTEP-DP245-079F4142.txt,http://hdl.handle.net/11035/0002000279,官方仓储PDF代理全文已保存
企业研发、创新与产学合作,核心科技直接材料,C-NISTEP-DP245-079F4142,2026-01-01,W3,特許出願における発明者の識別 ― 識別の自動化手法とその性能評価 ―,作者讨论论文,C:\Users\WINDOWS\OneDrive\知识库\智库信息爬虫\国际主要科技智库观点演变_研判\03_证据底稿\网页文本\C-NISTEP-DP245-079F4142.txt,C:\Users\WINDOWS\OneDrive\知识库\智库信息爬虫\国际主要科技智库观点演变_研判\03_证据底稿\网页文本\C-NISTEP-DP245-079F4142.txt,http://hdl.handle.net/11035/0002000279,官方仓储PDF代理全文已保存
人工智能、数据与数字技术,科技创新政策与能力基线,C-NISTEP-RM351-9140B1D1,2026-01-01,W3,研究室パネル調査定常報告2023: 1)研究室・研究グループの活動における要素間の関係分析 2)職位変化が研究室・研究グループの研究活動に与える影響,机构正式研究,C:\Users\WINDOWS\OneDrive\知识库\智库信息爬虫\国际主要科技智库观点演变_研判\03_证据底稿\网页文本\C-NISTEP-RM351-9140B1D1.txt,C:\Users\WINDOWS\OneDrive\知识库\智库信息爬虫\国际主要科技智库观点演变_研判\03_证据底稿\网页文本\C-NISTEP-RM351-9140B1D1.txt,http://hdl.handle.net/11035/0002000278,官方仓储PDF代理全文已保存
科研体系、资助与研究基础,科技创新政策与能力基线,C-NISTEP-RM351-9140B1D1,2026-01-01,W3,研究室パネル調査定常報告2023: 1)研究室・研究グループの活動における要素間の関係分析 2)職位変化が研究室・研究グループの研究活動に与える影響,机构正式研究,C:\Users\WINDOWS\OneDrive\知识库\智库信息爬虫\国际主要科技智库观点演变_研判\03_证据底稿\网页文本\C-NISTEP-RM351-9140B1D1.txt,C:\Users\WINDOWS\OneDrive\知识库\智库信息爬虫\国际主要科技智库观点演变_研判\03_证据底稿\网页文本\C-NISTEP-RM351-9140B1D1.txt,http://hdl.handle.net/11035/0002000278,官方仓储PDF代理全文已保存
科技人才、博士与职业流动,科技创新政策与能力基线,C-NISTEP-RM351-9140B1D1,2026-01-01,W3,研究室パネル調査定常報告2023: 1)研究室・研究グループの活動における要素間の関係分析 2)職位変化が研究室・研究グループの研究活動に与える影響,机构正式研究,C:\Users\WINDOWS\OneDrive\知识库\智库信息爬虫\国际主要科技智库观点演变_研判\03_证据底稿\网页文本\C-NISTEP-RM351-9140B1D1.txt,C:\Users\WINDOWS\OneDrive\知识库\智库信息爬虫\国际主要科技智库观点演变_研判\03_证据底稿\网页文本\C-NISTEP-RM351-9140B1D1.txt,http://hdl.handle.net/11035/0002000278,官方仓储PDF代理全文已保存
科技前瞻、新兴议题与社会,科技创新政策与能力基线,C-NISTEP-RM351-9140B1D1,2026-01-01,W3,研究室パネル調査定常報告2023: 1)研究室・研究グループの活動における要素間の関係分析 2)職位変化が研究室・研究グループの研究活動に与える影響,机构正式研究,C:\Users\WINDOWS\OneDrive\知识库\智库信息爬虫\国际主要科技智库观点演变_研判\03_证据底稿\网页文本\C-NISTEP-RM351-9140B1D1.txt,C:\Users\WINDOWS\OneDrive\知识库\智库信息爬虫\国际主要科技智库观点演变_研判\03_证据底稿\网页文本\C-NISTEP-RM351-9140B1D1.txt,http://hdl.handle.net/11035/0002000278,官方仓储PDF代理全文已保存
人工智能、数据与数字技术,科技创新政策与能力基线,C-NISTEP-DP246-0E8CC3F2,2026-02-01,W3,博士人材のトランスファーラブル・スキルと就職後の職務満足・異動,作者讨论论文,C:\Users\WINDOWS\OneDrive\知识库\智库信息爬虫\国际主要科技智库观点演变_研判\03_证据底稿\网页文本\C-NISTEP-DP246-0E8CC3F2.txt,C:\Users\WINDOWS\OneDrive\知识库\智库信息爬虫\国际主要科技智库观点演变_研判\03_证据底稿\网页文本\C-NISTEP-DP246-0E8CC3F2.txt,http://hdl.handle.net/11035/0002000280,官方仓储PDF代理全文已保存
科技指标、论文与国际比较,科技创新政策与能力基线,C-NISTEP-DP246-0E8CC3F2,2026-02-01,W3,博士人材のトランスファーラブル・スキルと就職後の職務満足・異動,作者讨论论文,C:\Users\WINDOWS\OneDrive\知识库\智库信息爬虫\国际主要科技智库观点演变_研判\03_证据底稿\网页文本\C-NISTEP-DP246-0E8CC3F2.txt,C:\Users\WINDOWS\OneDrive\知识库\智库信息爬虫\国际主要科技智库观点演变_研判\03_证据底稿\网页文本\C-NISTEP-DP246-0E8CC3F2.txt,http://hdl.handle.net/11035/0002000280,官方仓储PDF代理全文已保存
科研体系、资助与研究基础,科技创新政策与能力基线,C-NISTEP-DP246-0E8CC3F2,2026-02-01,W3,博士人材のトランスファーラブル・スキルと就職後の職務満足・異動,作者讨论论文,C:\Users\WINDOWS\OneDrive\知识库\智库信息爬虫\国际主要科技智库观点演变_研判\03_证据底稿\网页文本\C-NISTEP-DP246-0E8CC3F2.txt,C:\Users\WINDOWS\OneDrive\知识库\智库信息爬虫\国际主要科技智库观点演变_研判\03_证据底稿\网页文本\C-NISTEP-DP246-0E8CC3F2.txt,http://hdl.handle.net/11035/0002000280,官方仓储PDF代理全文已保存
科技人才、博士与职业流动,科技创新政策与能力基线,C-NISTEP-DP246-0E8CC3F2,2026-02-01,W3,博士人材のトランスファーラブル・スキルと就職後の職務満足・異動,作者讨论论文,C:\Users\WINDOWS\OneDrive\知识库\智库信息爬虫\国际主要科技智库观点演变_研判\03_证据底稿\网页文本\C-NISTEP-DP246-0E8CC3F2.txt,C:\Users\WINDOWS\OneDrive\知识库\智库信息爬虫\国际主要科技智库观点演变_研判\03_证据底稿\网页文本\C-NISTEP-DP246-0E8CC3F2.txt,http://hdl.handle.net/11035/0002000280,官方仓储PDF代理全文已保存
企业研发、创新与产学合作,科技创新政策与能力基线,C-NISTEP-DP246-0E8CC3F2,2026-02-01,W3,博士人材のトランスファーラブル・スキルと就職後の職務満足・異動,作者讨论论文,C:\Users\WINDOWS\OneDrive\知识库\智库信息爬虫\国际主要科技智库观点演变_研判\03_证据底稿\网页文本\C-NISTEP-DP246-0E8CC3F2.txt,C:\Users\WINDOWS\OneDrive\知识库\智库信息爬虫\国际主要科技智库观点演变_研判\03_证据底稿\网页文本\C-NISTEP-DP246-0E8CC3F2.txt,http://hdl.handle.net/11035/0002000280,官方仓储PDF代理全文已保存
科技前瞻、新兴议题与社会,科技创新政策与能力基线,C-NISTEP-DP246-0E8CC3F2,2026-02-01,W3,博士人材のトランスファーラブル・スキルと就職後の職務満足・異動,作者讨论论文,C:\Users\WINDOWS\OneDrive\知识库\智库信息爬虫\国际主要科技智库观点演变_研判\03_证据底稿\网页文本\C-NISTEP-DP246-0E8CC3F2.txt,C:\Users\WINDOWS\OneDrive\知识库\智库信息爬虫\国际主要科技智库观点演变_研判\03_证据底稿\网页文本\C-NISTEP-DP246-0E8CC3F2.txt,http://hdl.handle.net/11035/0002000280,官方仓储PDF代理全文已保存
科研体系、资助与研究基础,科技创新政策与能力基线,C-NISTEP-DP247-0AB85F79,2026-02-01,W3,クロスボーダー買収は研究開発活動をどのように変えるか：被買収日本企業の分析,作者讨论论文,C:\Users\WINDOWS\OneDrive\知识库\智库信息爬虫\国际主要科技智库观点演变_研判\03_证据底稿\网页文本\C-NISTEP-DP247-0AB85F79.txt,C:\Users\WINDOWS\OneDrive\知识库\智库信息爬虫\国际主要科技智库观点演变_研判\03_证据底稿\网页文本\C-NISTEP-DP247-0AB85F79.txt,http://hdl.handle.net/11035/0002000283,官方仓储PDF代理全文已保存
企业研发、创新与产学合作,科技创新政策与能力基线,C-NISTEP-DP247-0AB85F79,2026-02-01,W3,クロスボーダー買収は研究開発活動をどのように変えるか：被買収日本企業の分析,作者讨论论文,C:\Users\WINDOWS\OneDrive\知识库\智库信息爬虫\国际主要科技智库观点演变_研判\03_证据底稿\网页文本\C-NISTEP-DP247-0AB85F79.txt,C:\Users\WINDOWS\OneDrive\知识库\智库信息爬虫\国际主要科技智库观点演变_研判\03_证据底稿\网页文本\C-NISTEP-DP247-0AB85F79.txt,http://hdl.handle.net/11035/0002000283,官方仓储PDF代理全文已保存
人工智能、数据与数字技术,科技创新政策与能力基线,C-NISTEP-RM352-58841BB3,2026-02-01,W3,研究データ公開と研究データ管理に関する実態調査2024：データ公開の拡大とリポジトリ活用の深化,机构正式研究,C:\Users\WINDOWS\OneDrive\知识库\智库信息爬虫\国际主要科技智库观点演变_研判\03_证据底稿\网页文本\C-NISTEP-RM352-58841BB3.txt,C:\Users\WINDOWS\OneDrive\知识库\智库信息爬虫\国际主要科技智库观点演变_研判\03_证据底稿\网页文本\C-NISTEP-RM352-58841BB3.txt,http://hdl.handle.net/11035/0002000282,官方发布页摘要已保存
科技指标、论文与国际比较,科技创新政策与能力基线,C-NISTEP-RM352-58841BB3,2026-02-01,W3,研究データ公開と研究データ管理に関する実態調査2024：データ公開の拡大とリポジトリ活用の深化,机构正式研究,C:\Users\WINDOWS\OneDrive\知识库\智库信息爬虫\国际主要科技智库观点演变_研判\03_证据底稿\网页文本\C-NISTEP-RM352-58841BB3.txt,C:\Users\WINDOWS\OneDrive\知识库\智库信息爬虫\国际主要科技智库观点演变_研判\03_证据底稿\网页文本\C-NISTEP-RM352-58841BB3.txt,http://hdl.handle.net/11035/0002000282,官方发布页摘要已保存
科研体系、资助与研究基础,科技创新政策与能力基线,C-NISTEP-RM352-58841BB3,2026-02-01,W3,研究データ公開と研究データ管理に関する実態調査2024：データ公開の拡大とリポジトリ活用の深化,机构正式研究,C:\Users\WINDOWS\OneDrive\知识库\智库信息爬虫\国际主要科技智库观点演变_研判\03_证据底稿\网页文本\C-NISTEP-RM352-58841BB3.txt,C:\Users\WINDOWS\OneDrive\知识库\智库信息爬虫\国际主要科技智库观点演变_研判\03_证据底稿\网页文本\C-NISTEP-RM352-58841BB3.txt,http://hdl.handle.net/11035/0002000282,官方发布页摘要已保存
科技人才、博士与职业流动,科技创新政策与能力基线,C-NISTEP-RM352-58841BB3,2026-02-01,W3,研究データ公開と研究データ管理に関する実態調査2024：データ公開の拡大とリポジトリ活用の深化,机构正式研究,C:\Users\WINDOWS\OneDrive\知识库\智库信息爬虫\国际主要科技智库观点演变_研判\03_证据底稿\网页文本\C-NISTEP-RM352-58841BB3.txt,C:\Users\WINDOWS\OneDrive\知识库\智库信息爬虫\国际主要科技智库观点演变_研判\03_证据底稿\网页文本\C-NISTEP-RM352-58841BB3.txt,http://hdl.handle.net/11035/0002000282,官方发布页摘要已保存
企业研发、创新与产学合作,科技创新政策与能力基线,C-NISTEP-RM352-58841BB3,2026-02-01,W3,研究データ公開と研究データ管理に関する実態調査2024：データ公開の拡大とリポジトリ活用の深化,机构正式研究,C:\Users\WINDOWS\OneDrive\知识库\智库信息爬虫\国际主要科技智库观点演变_研判\03_证据底稿\网页文本\C-NISTEP-RM352-58841BB3.txt,C:\Users\WINDOWS\OneDrive\知识库\智库信息爬虫\国际主要科技智库观点演变_研判\03_证据底稿\网页文本\C-NISTEP-RM352-58841BB3.txt,http://hdl.handle.net/11035/0002000282,官方发布页摘要已保存
科技前瞻、新兴议题与社会,科技创新政策与能力基线,C-NISTEP-RM352-58841BB3,2026-02-01,W3,研究データ公開と研究データ管理に関する実態調査2024：データ公開の拡大とリポジトリ活用の深化,机构正式研究,C:\Users\WINDOWS\OneDrive\知识库\智库信息爬虫\国际主要科技智库观点演变_研判\03_证据底稿\网页文本\C-NISTEP-RM352-58841BB3.txt,C:\Users\WINDOWS\OneDrive\知识库\智库信息爬虫\国际主要科技智库观点演变_研判\03_证据底稿\网页文本\C-NISTEP-RM352-58841BB3.txt,http://hdl.handle.net/11035/0002000282,官方发布页摘要已保存
开放科学、研究诚信与治理,科技创新政策与能力基线,C-NISTEP-RM352-58841BB3,2026-02-01,W3,研究データ公開と研究データ管理に関する実態調査2024：データ公開の拡大とリポジトリ活用の深化,机构正式研究,C:\Users\WINDOWS\OneDrive\知识库\智库信息爬虫\国际主要科技智库观点演变_研判\03_证据底稿\网页文本\C-NISTEP-RM352-58841BB3.txt,C:\Users\WINDOWS\OneDrive\知识库\智库信息爬虫\国际主要科技智库观点演变_研判\03_证据底稿\网页文本\C-NISTEP-RM352-58841BB3.txt,http://hdl.handle.net/11035/0002000282,官方发布页摘要已保存
人工智能、数据与数字技术,科技创新政策与能力基线,C-NISTEP-DP248-18326A80,2026-03-01,W3,プレプリントの査読論⽂に対する先⾏性の実証分析 －COVID-19 / SARS-CoV-2 関連研究(2020‒2025 年)を対象として－,作者讨论论文,C:\Users\WINDOWS\OneDrive\知识库\智库信息爬虫\国际主要科技智库观点演变_研判\03_证据底稿\网页文本\C-NISTEP-DP248-18326A80.txt,C:\Users\WINDOWS\OneDrive\知识库\智库信息爬虫\国际主要科技智库观点演变_研判\03_证据底稿\网页文本\C-NISTEP-DP248-18326A80.txt,http://hdl.handle.net/11035/0002000286,官方发布页摘要已保存
科技指标、论文与国际比较,科技创新政策与能力基线,C-NISTEP-DP248-18326A80,2026-03-01,W3,プレプリントの査読論⽂に対する先⾏性の実証分析 －COVID-19 / SARS-CoV-2 関連研究(2020‒2025 年)を対象として－,作者讨论论文,C:\Users\WINDOWS\OneDrive\知识库\智库信息爬虫\国际主要科技智库观点演变_研判\03_证据底稿\网页文本\C-NISTEP-DP248-18326A80.txt,C:\Users\WINDOWS\OneDrive\知识库\智库信息爬虫\国际主要科技智库观点演变_研判\03_证据底稿\网页文本\C-NISTEP-DP248-18326A80.txt,http://hdl.handle.net/11035/0002000286,官方发布页摘要已保存
科研体系、资助与研究基础,科技创新政策与能力基线,C-NISTEP-DP248-18326A80,2026-03-01,W3,プレプリントの査読論⽂に対する先⾏性の実証分析 －COVID-19 / SARS-CoV-2 関連研究(2020‒2025 年)を対象として－,作者讨论论文,C:\Users\WINDOWS\OneDrive\知识库\智库信息爬虫\国际主要科技智库观点演变_研判\03_证据底稿\网页文本\C-NISTEP-DP248-18326A80.txt,C:\Users\WINDOWS\OneDrive\知识库\智库信息爬虫\国际主要科技智库观点演变_研判\03_证据底稿\网页文本\C-NISTEP-DP248-18326A80.txt,http://hdl.handle.net/11035/0002000286,官方发布页摘要已保存
科技人才、博士与职业流动,科技创新政策与能力基线,C-NISTEP-DP248-18326A80,2026-03-01,W3,プレプリントの査読論⽂に対する先⾏性の実証分析 －COVID-19 / SARS-CoV-2 関連研究(2020‒2025 年)を対象として－,作者讨论论文,C:\Users\WINDOWS\OneDrive\知识库\智库信息爬虫\国际主要科技智库观点演变_研判\03_证据底稿\网页文本\C-NISTEP-DP248-18326A80.txt,C:\Users\WINDOWS\OneDrive\知识库\智库信息爬虫\国际主要科技智库观点演变_研判\03_证据底稿\网页文本\C-NISTEP-DP248-18326A80.txt,http://hdl.handle.net/11035/0002000286,官方发布页摘要已保存
企业研发、创新与产学合作,科技创新政策与能力基线,C-NISTEP-DP248-18326A80,2026-03-01,W3,プレプリントの査読論⽂に対する先⾏性の実証分析 －COVID-19 / SARS-CoV-2 関連研究(2020‒2025 年)を対象として－,作者讨论论文,C:\Users\WINDOWS\OneDrive\知识库\智库信息爬虫\国际主要科技智库观点演变_研判\03_证据底稿\网页文本\C-NISTEP-DP248-18326A80.txt,C:\Users\WINDOWS\OneDrive\知识库\智库信息爬虫\国际主要科技智库观点演变_研判\03_证据底稿\网页文本\C-NISTEP-DP248-18326A80.txt,http://hdl.handle.net/11035/0002000286,官方发布页摘要已保存
科技前瞻、新兴议题与社会,科技创新政策与能力基线,C-NISTEP-DP248-18326A80,2026-03-01,W3,プレプリントの査読論⽂に対する先⾏性の実証分析 －COVID-19 / SARS-CoV-2 関連研究(2020‒2025 年)を対象として－,作者讨论论文,C:\Users\WINDOWS\OneDrive\知识库\智库信息爬虫\国际主要科技智库观点演变_研判\03_证据底稿\网页文本\C-NISTEP-DP248-18326A80.txt,C:\Users\WINDOWS\OneDrive\知识库\智库信息爬虫\国际主要科技智库观点演变_研判\03_证据底稿\网页文本\C-NISTEP-DP248-18326A80.txt,http://hdl.handle.net/11035/0002000286,官方发布页摘要已保存
人工智能、数据与数字技术,科技创新政策与能力基线,C-NISTEP-DP249-7529E6B0,2026-03-01,W3,スターサイエンティストのイノベーション活動への直接的関与 ―日本における著者・発明者識別データを用いた実証分析―,作者讨论论文,C:\Users\WINDOWS\OneDrive\知识库\智库信息爬虫\国际主要科技智库观点演变_研判\03_证据底稿\网页文本\C-NISTEP-DP249-7529E6B0.txt,C:\Users\WINDOWS\OneDrive\知识库\智库信息爬虫\国际主要科技智库观点演变_研判\03_证据底稿\网页文本\C-NISTEP-DP249-7529E6B0.txt,http://hdl.handle.net/11035/0002000287,官方仓储PDF代理全文已保存
关键技术、专利与产业竞争力,科技创新政策与能力基线,C-NISTEP-DP249-7529E6B0,2026-03-01,W3,スターサイエンティストのイノベーション活動への直接的関与 ―日本における著者・発明者識別データを用いた実証分析―,作者讨论论文,C:\Users\WINDOWS\OneDrive\知识库\智库信息爬虫\国际主要科技智库观点演变_研判\03_证据底稿\网页文本\C-NISTEP-DP249-7529E6B0.txt,C:\Users\WINDOWS\OneDrive\知识库\智库信息爬虫\国际主要科技智库观点演变_研判\03_证据底稿\网页文本\C-NISTEP-DP249-7529E6B0.txt,http://hdl.handle.net/11035/0002000287,官方仓储PDF代理全文已保存
科技指标、论文与国际比较,科技创新政策与能力基线,C-NISTEP-DP249-7529E6B0,2026-03-01,W3,スターサイエンティストのイノベーション活動への直接的関与 ―日本における著者・発明者識別データを用いた実証分析―,作者讨论论文,C:\Users\WINDOWS\OneDrive\知识库\智库信息爬虫\国际主要科技智库观点演变_研判\03_证据底稿\网页文本\C-NISTEP-DP249-7529E6B0.txt,C:\Users\WINDOWS\OneDrive\知识库\智库信息爬虫\国际主要科技智库观点演变_研判\03_证据底稿\网页文本\C-NISTEP-DP249-7529E6B0.txt,http://hdl.handle.net/11035/0002000287,官方仓储PDF代理全文已保存
科研体系、资助与研究基础,科技创新政策与能力基线,C-NISTEP-DP249-7529E6B0,2026-03-01,W3,スターサイエンティストのイノベーション活動への直接的関与 ―日本における著者・発明者識別データを用いた実証分析―,作者讨论论文,C:\Users\WINDOWS\OneDrive\知识库\智库信息爬虫\国际主要科技智库观点演变_研判\03_证据底稿\网页文本\C-NISTEP-DP249-7529E6B0.txt,C:\Users\WINDOWS\OneDrive\知识库\智库信息爬虫\国际主要科技智库观点演变_研判\03_证据底稿\网页文本\C-NISTEP-DP249-7529E6B0.txt,http://hdl.handle.net/11035/0002000287,官方仓储PDF代理全文已保存
科技人才、博士与职业流动,科技创新政策与能力基线,C-NISTEP-DP249-7529E6B0,2026-03-01,W3,スターサイエンティストのイノベーション活動への直接的関与 ―日本における著者・発明者識別データを用いた実証分析―,作者讨论论文,C:\Users\WINDOWS\OneDrive\知识库\智库信息爬虫\国际主要科技智库观点演变_研判\03_证据底稿\网页文本\C-NISTEP-DP249-7529E6B0.txt,C:\Users\WINDOWS\OneDrive\知识库\智库信息爬虫\国际主要科技智库观点演变_研判\03_证据底稿\网页文本\C-NISTEP-DP249-7529E6B0.txt,http://hdl.handle.net/11035/0002000287,官方仓储PDF代理全文已保存
企业研发、创新与产学合作,科技创新政策与能力基线,C-NISTEP-DP249-7529E6B0,2026-03-01,W3,スターサイエンティストのイノベーション活動への直接的関与 ―日本における著者・発明者識別データを用いた実証分析―,作者讨论论文,C:\Users\WINDOWS\OneDrive\知识库\智库信息爬虫\国际主要科技智库观点演变_研判\03_证据底稿\网页文本\C-NISTEP-DP249-7529E6B0.txt,C:\Users\WINDOWS\OneDrive\知识库\智库信息爬虫\国际主要科技智库观点演变_研判\03_证据底稿\网页文本\C-NISTEP-DP249-7529E6B0.txt,http://hdl.handle.net/11035/0002000287,官方仓储PDF代理全文已保存
科技前瞻、新兴议题与社会,科技创新政策与能力基线,C-NISTEP-DP249-7529E6B0,2026-03-01,W3,スターサイエンティストのイノベーション活動への直接的関与 ―日本における著者・発明者識別データを用いた実証分析―,作者讨论论文,C:\Users\WINDOWS\OneDrive\知识库\智库信息爬虫\国际主要科技智库观点演变_研判\03_证据底稿\网页文本\C-NISTEP-DP249-7529E6B0.txt,C:\Users\WINDOWS\OneDrive\知识库\智库信息爬虫\国际主要科技智库观点演变_研判\03_证据底稿\网页文本\C-NISTEP-DP249-7529E6B0.txt,http://hdl.handle.net/11035/0002000287,官方仓储PDF代理全文已保存
人工智能、数据与数字技术,科技创新政策与能力基线,C-NISTEP-NR208-CA023BF9,2026-03-01,W3,第12回科学技術予測調査 総合報告書 ～2050年の「融境・超境による共生」の世界に向けて～,机构正式研究,C:\Users\WINDOWS\OneDrive\知识库\智库信息爬虫\国际主要科技智库观点演变_研判\03_证据底稿\网页文本\C-NISTEP-NR208-CA023BF9.txt,C:\Users\WINDOWS\OneDrive\知识库\智库信息爬虫\国际主要科技智库观点演变_研判\03_证据底稿\网页文本\C-NISTEP-NR208-CA023BF9.txt,http://hdl.handle.net/11035/0002000284,官方仓储PDF代理全文已保存
关键技术、专利与产业竞争力,科技创新政策与能力基线,C-NISTEP-NR208-CA023BF9,2026-03-01,W3,第12回科学技術予測調査 総合報告書 ～2050年の「融境・超境による共生」の世界に向けて～,机构正式研究,C:\Users\WINDOWS\OneDrive\知识库\智库信息爬虫\国际主要科技智库观点演变_研判\03_证据底稿\网页文本\C-NISTEP-NR208-CA023BF9.txt,C:\Users\WINDOWS\OneDrive\知识库\智库信息爬虫\国际主要科技智库观点演变_研判\03_证据底稿\网页文本\C-NISTEP-NR208-CA023BF9.txt,http://hdl.handle.net/11035/0002000284,官方仓储PDF代理全文已保存
科技指标、论文与国际比较,科技创新政策与能力基线,C-NISTEP-NR208-CA023BF9,2026-03-01,W3,第12回科学技術予測調査 総合報告書 ～2050年の「融境・超境による共生」の世界に向けて～,机构正式研究,C:\Users\WINDOWS\OneDrive\知识库\智库信息爬虫\国际主要科技智库观点演变_研判\03_证据底稿\网页文本\C-NISTEP-NR208-CA023BF9.txt,C:\Users\WINDOWS\OneDrive\知识库\智库信息爬虫\国际主要科技智库观点演变_研判\03_证据底稿\网页文本\C-NISTEP-NR208-CA023BF9.txt,http://hdl.handle.net/11035/0002000284,官方仓储PDF代理全文已保存
企业研发、创新与产学合作,科技创新政策与能力基线,C-NISTEP-NR208-CA023BF9,2026-03-01,W3,第12回科学技術予測調査 総合報告書 ～2050年の「融境・超境による共生」の世界に向けて～,机构正式研究,C:\Users\WINDOWS\OneDrive\知识库\智库信息爬虫\国际主要科技智库观点演变_研判\03_证据底稿\网页文本\C-NISTEP-NR208-CA023BF9.txt,C:\Users\WINDOWS\OneDrive\知识库\智库信息爬虫\国际主要科技智库观点演变_研判\03_证据底稿\网页文本\C-NISTEP-NR208-CA023BF9.txt,http://hdl.handle.net/11035/0002000284,官方仓储PDF代理全文已保存
科技前瞻、新兴议题与社会,科技创新政策与能力基线,C-NISTEP-NR208-CA023BF9,2026-03-01,W3,第12回科学技術予測調査 総合報告書 ～2050年の「融境・超境による共生」の世界に向けて～,机构正式研究,C:\Users\WINDOWS\OneDrive\知识库\智库信息爬虫\国际主要科技智库观点演变_研判\03_证据底稿\网页文本\C-NISTEP-NR208-CA023BF9.txt,C:\Users\WINDOWS\OneDrive\知识库\智库信息爬虫\国际主要科技智库观点演变_研判\03_证据底稿\网页文本\C-NISTEP-NR208-CA023BF9.txt,http://hdl.handle.net/11035/0002000284,官方仓储PDF代理全文已保存
人工智能、数据与数字技术,科技创新政策与能力基线,C-NISTEP-RM353-3B834679,2026-03-01,W3,第12回科学技術予測調査 2050未来シナリオ報告書～融境・超境による共生：色んな「何か」と色んな自分を生きる～,机构正式研究,C:\Users\WINDOWS\OneDrive\知识库\智库信息爬虫\国际主要科技智库观点演变_研判\03_证据底稿\网页文本\C-NISTEP-RM353-3B834679.txt,C:\Users\WINDOWS\OneDrive\知识库\智库信息爬虫\国际主要科技智库观点演变_研判\03_证据底稿\网页文本\C-NISTEP-RM353-3B834679.txt,http://hdl.handle.net/11035/0002000285,官方仓储PDF代理全文已保存
科技指标、论文与国际比较,科技创新政策与能力基线,C-NISTEP-RM353-3B834679,2026-03-01,W3,第12回科学技術予測調査 2050未来シナリオ報告書～融境・超境による共生：色んな「何か」と色んな自分を生きる～,机构正式研究,C:\Users\WINDOWS\OneDrive\知识库\智库信息爬虫\国际主要科技智库观点演变_研判\03_证据底稿\网页文本\C-NISTEP-RM353-3B834679.txt,C:\Users\WINDOWS\OneDrive\知识库\智库信息爬虫\国际主要科技智库观点演变_研判\03_证据底稿\网页文本\C-NISTEP-RM353-3B834679.txt,http://hdl.handle.net/11035/0002000285,官方仓储PDF代理全文已保存
企业研发、创新与产学合作,科技创新政策与能力基线,C-NISTEP-RM353-3B834679,2026-03-01,W3,第12回科学技術予測調査 2050未来シナリオ報告書～融境・超境による共生：色んな「何か」と色んな自分を生きる～,机构正式研究,C:\Users\WINDOWS\OneDrive\知识库\智库信息爬虫\国际主要科技智库观点演变_研判\03_证据底稿\网页文本\C-NISTEP-RM353-3B834679.txt,C:\Users\WINDOWS\OneDrive\知识库\智库信息爬虫\国际主要科技智库观点演变_研判\03_证据底稿\网页文本\C-NISTEP-RM353-3B834679.txt,http://hdl.handle.net/11035/0002000285,官方仓储PDF代理全文已保存
科技前瞻、新兴议题与社会,科技创新政策与能力基线,C-NISTEP-RM353-3B834679,2026-03-01,W3,第12回科学技術予測調査 2050未来シナリオ報告書～融境・超境による共生：色んな「何か」と色んな自分を生きる～,机构正式研究,C:\Users\WINDOWS\OneDrive\知识库\智库信息爬虫\国际主要科技智库观点演变_研判\03_证据底稿\网页文本\C-NISTEP-RM353-3B834679.txt,C:\Users\WINDOWS\OneDrive\知识库\智库信息爬虫\国际主要科技智库观点演变_研判\03_证据底稿\网页文本\C-NISTEP-RM353-3B834679.txt,http://hdl.handle.net/11035/0002000285,官方仓储PDF代理全文已保存
人工智能、数据与数字技术,科技创新政策与能力基线,C-NISTEP-RM354-688910BC,2026-03-01,W3,論文のオープンアクセスとプレプリントに関する実態調査2024:APCと業績評価,机构正式研究,C:\Users\WINDOWS\OneDrive\知识库\智库信息爬虫\国际主要科技智库观点演变_研判\03_证据底稿\网页文本\C-NISTEP-RM354-688910BC.txt,C:\Users\WINDOWS\OneDrive\知识库\智库信息爬虫\国际主要科技智库观点演变_研判\03_证据底稿\网页文本\C-NISTEP-RM354-688910BC.txt,http://hdl.handle.net/11035/0002000290,官方发布页摘要已保存
科技指标、论文与国际比较,科技创新政策与能力基线,C-NISTEP-RM354-688910BC,2026-03-01,W3,論文のオープンアクセスとプレプリントに関する実態調査2024:APCと業績評価,机构正式研究,C:\Users\WINDOWS\OneDrive\知识库\智库信息爬虫\国际主要科技智库观点演变_研判\03_证据底稿\网页文本\C-NISTEP-RM354-688910BC.txt,C:\Users\WINDOWS\OneDrive\知识库\智库信息爬虫\国际主要科技智库观点演变_研判\03_证据底稿\网页文本\C-NISTEP-RM354-688910BC.txt,http://hdl.handle.net/11035/0002000290,官方发布页摘要已保存
科研体系、资助与研究基础,科技创新政策与能力基线,C-NISTEP-RM354-688910BC,2026-03-01,W3,論文のオープンアクセスとプレプリントに関する実態調査2024:APCと業績評価,机构正式研究,C:\Users\WINDOWS\OneDrive\知识库\智库信息爬虫\国际主要科技智库观点演变_研判\03_证据底稿\网页文本\C-NISTEP-RM354-688910BC.txt,C:\Users\WINDOWS\OneDrive\知识库\智库信息爬虫\国际主要科技智库观点演变_研判\03_证据底稿\网页文本\C-NISTEP-RM354-688910BC.txt,http://hdl.handle.net/11035/0002000290,官方发布页摘要已保存
科技人才、博士与职业流动,科技创新政策与能力基线,C-NISTEP-RM354-688910BC,2026-03-01,W3,論文のオープンアクセスとプレプリントに関する実態調査2024:APCと業績評価,机构正式研究,C:\Users\WINDOWS\OneDrive\知识库\智库信息爬虫\国际主要科技智库观点演变_研判\03_证据底稿\网页文本\C-NISTEP-RM354-688910BC.txt,C:\Users\WINDOWS\OneDrive\知识库\智库信息爬虫\国际主要科技智库观点演变_研判\03_证据底稿\网页文本\C-NISTEP-RM354-688910BC.txt,http://hdl.handle.net/11035/0002000290,官方发布页摘要已保存
企业研发、创新与产学合作,科技创新政策与能力基线,C-NISTEP-RM354-688910BC,2026-03-01,W3,論文のオープンアクセスとプレプリントに関する実態調査2024:APCと業績評価,机构正式研究,C:\Users\WINDOWS\OneDrive\知识库\智库信息爬虫\国际主要科技智库观点演变_研判\03_证据底稿\网页文本\C-NISTEP-RM354-688910BC.txt,C:\Users\WINDOWS\OneDrive\知识库\智库信息爬虫\国际主要科技智库观点演变_研判\03_证据底稿\网页文本\C-NISTEP-RM354-688910BC.txt,http://hdl.handle.net/11035/0002000290,官方发布页摘要已保存
科技前瞻、新兴议题与社会,科技创新政策与能力基线,C-NISTEP-RM354-688910BC,2026-03-01,W3,論文のオープンアクセスとプレプリントに関する実態調査2024:APCと業績評価,机构正式研究,C:\Users\WINDOWS\OneDrive\知识库\智库信息爬虫\国际主要科技智库观点演变_研判\03_证据底稿\网页文本\C-NISTEP-RM354-688910BC.txt,C:\Users\WINDOWS\OneDrive\知识库\智库信息爬虫\国际主要科技智库观点演变_研判\03_证据底稿\网页文本\C-NISTEP-RM354-688910BC.txt,http://hdl.handle.net/11035/0002000290,官方发布页摘要已保存
开放科学、研究诚信与治理,科技创新政策与能力基线,C-NISTEP-RM354-688910BC,2026-03-01,W3,論文のオープンアクセスとプレプリントに関する実態調査2024:APCと業績評価,机构正式研究,C:\Users\WINDOWS\OneDrive\知识库\智库信息爬虫\国际主要科技智库观点演变_研判\03_证据底稿\网页文本\C-NISTEP-RM354-688910BC.txt,C:\Users\WINDOWS\OneDrive\知识库\智库信息爬虫\国际主要科技智库观点演变_研判\03_证据底稿\网页文本\C-NISTEP-RM354-688910BC.txt,http://hdl.handle.net/11035/0002000290,官方发布页摘要已保存
科技指标、论文与国际比较,科技创新政策与能力基线,C-NISTEP-NR209-7BEF8022,2026-04-01,W3,科学技術の状況に係る総合的意識調査（NISTEP定点調査2025）報告書,机构正式研究,C:\Users\WINDOWS\OneDrive\知识库\智库信息爬虫\国际主要科技智库观点演变_研判\03_证据底稿\原文PDF\C-NISTEP-NR209-7BEF8022.pdf,C:\Users\WINDOWS\OneDrive\知识库\智库信息爬虫\国际主要科技智库观点演变_研判\03_证据底稿\文本\C-NISTEP-NR209-7BEF8022.txt,http://hdl.handle.net/11035/0002000291,官方PDF已保存并校验
科研体系、资助与研究基础,科技创新政策与能力基线,C-NISTEP-NR209-7BEF8022,2026-04-01,W3,科学技術の状況に係る総合的意識調査（NISTEP定点調査2025）報告書,机构正式研究,C:\Users\WINDOWS\OneDrive\知识库\智库信息爬虫\国际主要科技智库观点演变_研判\03_证据底稿\原文PDF\C-NISTEP-NR209-7BEF8022.pdf,C:\Users\WINDOWS\OneDrive\知识库\智库信息爬虫\国际主要科技智库观点演变_研判\03_证据底稿\文本\C-NISTEP-NR209-7BEF8022.txt,http://hdl.handle.net/11035/0002000291,官方PDF已保存并校验
科技人才、博士与职业流动,科技创新政策与能力基线,C-NISTEP-NR209-7BEF8022,2026-04-01,W3,科学技術の状況に係る総合的意識調査（NISTEP定点調査2025）報告書,机构正式研究,C:\Users\WINDOWS\OneDrive\知识库\智库信息爬虫\国际主要科技智库观点演变_研判\03_证据底稿\原文PDF\C-NISTEP-NR209-7BEF8022.pdf,C:\Users\WINDOWS\OneDrive\知识库\智库信息爬虫\国际主要科技智库观点演变_研判\03_证据底稿\文本\C-NISTEP-NR209-7BEF8022.txt,http://hdl.handle.net/11035/0002000291,官方PDF已保存并校验
企业研发、创新与产学合作,科技创新政策与能力基线,C-NISTEP-NR209-7BEF8022,2026-04-01,W3,科学技術の状況に係る総合的意識調査（NISTEP定点調査2025）報告書,机构正式研究,C:\Users\WINDOWS\OneDrive\知识库\智库信息爬虫\国际主要科技智库观点演变_研判\03_证据底稿\原文PDF\C-NISTEP-NR209-7BEF8022.pdf,C:\Users\WINDOWS\OneDrive\知识库\智库信息爬虫\国际主要科技智库观点演变_研判\03_证据底稿\文本\C-NISTEP-NR209-7BEF8022.txt,http://hdl.handle.net/11035/0002000291,官方PDF已保存并校验
科技前瞻、新兴议题与社会,科技创新政策与能力基线,C-NISTEP-NR209-7BEF8022,2026-04-01,W3,科学技術の状況に係る総合的意識調査（NISTEP定点調査2025）報告書,机构正式研究,C:\Users\WINDOWS\OneDrive\知识库\智库信息爬虫\国际主要科技智库观点演变_研判\03_证据底稿\原文PDF\C-NISTEP-NR209-7BEF8022.pdf,C:\Users\WINDOWS\OneDrive\知识库\智库信息爬虫\国际主要科技智库观点演变_研判\03_证据底稿\文本\C-NISTEP-NR209-7BEF8022.txt,http://hdl.handle.net/11035/0002000291,官方PDF已保存并校验
人工智能、数据与数字技术,科技创新政策与能力基线,C-NISTEP-NR210-98F79F75,2026-04-01,W3,科学技術の状況に係る総合的意識調査（NISTEP定点調査2025）データ集,机构正式研究,C:\Users\WINDOWS\OneDrive\知识库\智库信息爬虫\国际主要科技智库观点演变_研判\03_证据底稿\原文PDF\C-NISTEP-NR210-98F79F75.pdf,C:\Users\WINDOWS\OneDrive\知识库\智库信息爬虫\国际主要科技智库观点演变_研判\03_证据底稿\文本\C-NISTEP-NR210-98F79F75.txt,http://hdl.handle.net/11035/0002000292,官方PDF已保存并校验
关键技术、专利与产业竞争力,科技创新政策与能力基线,C-NISTEP-NR210-98F79F75,2026-04-01,W3,科学技術の状況に係る総合的意識調査（NISTEP定点調査2025）データ集,机构正式研究,C:\Users\WINDOWS\OneDrive\知识库\智库信息爬虫\国际主要科技智库观点演变_研判\03_证据底稿\原文PDF\C-NISTEP-NR210-98F79F75.pdf,C:\Users\WINDOWS\OneDrive\知识库\智库信息爬虫\国际主要科技智库观点演变_研判\03_证据底稿\文本\C-NISTEP-NR210-98F79F75.txt,http://hdl.handle.net/11035/0002000292,官方PDF已保存并校验
科技指标、论文与国际比较,科技创新政策与能力基线,C-NISTEP-NR210-98F79F75,2026-04-01,W3,科学技術の状況に係る総合的意識調査（NISTEP定点調査2025）データ集,机构正式研究,C:\Users\WINDOWS\OneDrive\知识库\智库信息爬虫\国际主要科技智库观点演变_研判\03_证据底稿\原文PDF\C-NISTEP-NR210-98F79F75.pdf,C:\Users\WINDOWS\OneDrive\知识库\智库信息爬虫\国际主要科技智库观点演变_研判\03_证据底稿\文本\C-NISTEP-NR210-98F79F75.txt,http://hdl.handle.net/11035/0002000292,官方PDF已保存并校验
科研体系、资助与研究基础,科技创新政策与能力基线,C-NISTEP-NR210-98F79F75,2026-04-01,W3,科学技術の状況に係る総合的意識調査（NISTEP定点調査2025）データ集,机构正式研究,C:\Users\WINDOWS\OneDrive\知识库\智库信息爬虫\国际主要科技智库观点演变_研判\03_证据底稿\原文PDF\C-NISTEP-NR210-98F79F75.pdf,C:\Users\WINDOWS\OneDrive\知识库\智库信息爬虫\国际主要科技智库观点演变_研判\03_证据底稿\文本\C-NISTEP-NR210-98F79F75.txt,http://hdl.handle.net/11035/0002000292,官方PDF已保存并校验
科技人才、博士与职业流动,科技创新政策与能力基线,C-NISTEP-NR210-98F79F75,2026-04-01,W3,科学技術の状況に係る総合的意識調査（NISTEP定点調査2025）データ集,机构正式研究,C:\Users\WINDOWS\OneDrive\知识库\智库信息爬虫\国际主要科技智库观点演变_研判\03_证据底稿\原文PDF\C-NISTEP-NR210-98F79F75.pdf,C:\Users\WINDOWS\OneDrive\知识库\智库信息爬虫\国际主要科技智库观点演变_研判\03_证据底稿\文本\C-NISTEP-NR210-98F79F75.txt,http://hdl.handle.net/11035/0002000292,官方PDF已保存并校验
企业研发、创新与产学合作,科技创新政策与能力基线,C-NISTEP-NR210-98F79F75,2026-04-01,W3,科学技術の状況に係る総合的意識調査（NISTEP定点調査2025）データ集,机构正式研究,C:\Users\WINDOWS\OneDrive\知识库\智库信息爬虫\国际主要科技智库观点演变_研判\03_证据底稿\原文PDF\C-NISTEP-NR210-98F79F75.pdf,C:\Users\WINDOWS\OneDrive\知识库\智库信息爬虫\国际主要科技智库观点演变_研判\03_证据底稿\文本\C-NISTEP-NR210-98F79F75.txt,http://hdl.handle.net/11035/0002000292,官方PDF已保存并校验
科技前瞻、新兴议题与社会,科技创新政策与能力基线,C-NISTEP-NR210-98F79F75,2026-04-01,W3,科学技術の状況に係る総合的意識調査（NISTEP定点調査2025）データ集,机构正式研究,C:\Users\WINDOWS\OneDrive\知识库\智库信息爬虫\国际主要科技智库观点演变_研判\03_证据底稿\原文PDF\C-NISTEP-NR210-98F79F75.pdf,C:\Users\WINDOWS\OneDrive\知识库\智库信息爬虫\国际主要科技智库观点演变_研判\03_证据底稿\文本\C-NISTEP-NR210-98F79F75.txt,http://hdl.handle.net/11035/0002000292,官方PDF已保存并校验
人工智能、数据与数字技术,科技创新政策与能力基线,C-NISTEP-RM355-15131215,2026-04-01,W3,地域イノベーションに関するヒアリング調査～九州・沖縄～,机构正式研究,C:\Users\WINDOWS\OneDrive\知识库\智库信息爬虫\国际主要科技智库观点演变_研判\03_证据底稿\原文PDF\C-NISTEP-RM355-15131215.pdf,C:\Users\WINDOWS\OneDrive\知识库\智库信息爬虫\国际主要科技智库观点演变_研判\03_证据底稿\文本\C-NISTEP-RM355-15131215.txt,https://www.nistep.go.jp/archives/62781/,官方PDF已保存并校验
关键技术、专利与产业竞争力,科技创新政策与能力基线,C-NISTEP-RM355-15131215,2026-04-01,W3,地域イノベーションに関するヒアリング調査～九州・沖縄～,机构正式研究,C:\Users\WINDOWS\OneDrive\知识库\智库信息爬虫\国际主要科技智库观点演变_研判\03_证据底稿\原文PDF\C-NISTEP-RM355-15131215.pdf,C:\Users\WINDOWS\OneDrive\知识库\智库信息爬虫\国际主要科技智库观点演变_研判\03_证据底稿\文本\C-NISTEP-RM355-15131215.txt,https://www.nistep.go.jp/archives/62781/,官方PDF已保存并校验
科技指标、论文与国际比较,科技创新政策与能力基线,C-NISTEP-RM355-15131215,2026-04-01,W3,地域イノベーションに関するヒアリング調査～九州・沖縄～,机构正式研究,C:\Users\WINDOWS\OneDrive\知识库\智库信息爬虫\国际主要科技智库观点演变_研判\03_证据底稿\原文PDF\C-NISTEP-RM355-15131215.pdf,C:\Users\WINDOWS\OneDrive\知识库\智库信息爬虫\国际主要科技智库观点演变_研判\03_证据底稿\文本\C-NISTEP-RM355-15131215.txt,https://www.nistep.go.jp/archives/62781/,官方PDF已保存并校验
科研体系、资助与研究基础,科技创新政策与能力基线,C-NISTEP-RM355-15131215,2026-04-01,W3,地域イノベーションに関するヒアリング調査～九州・沖縄～,机构正式研究,C:\Users\WINDOWS\OneDrive\知识库\智库信息爬虫\国际主要科技智库观点演变_研判\03_证据底稿\原文PDF\C-NISTEP-RM355-15131215.pdf,C:\Users\WINDOWS\OneDrive\知识库\智库信息爬虫\国际主要科技智库观点演变_研判\03_证据底稿\文本\C-NISTEP-RM355-15131215.txt,https://www.nistep.go.jp/archives/62781/,官方PDF已保存并校验
科技人才、博士与职业流动,科技创新政策与能力基线,C-NISTEP-RM355-15131215,2026-04-01,W3,地域イノベーションに関するヒアリング調査～九州・沖縄～,机构正式研究,C:\Users\WINDOWS\OneDrive\知识库\智库信息爬虫\国际主要科技智库观点演变_研判\03_证据底稿\原文PDF\C-NISTEP-RM355-15131215.pdf,C:\Users\WINDOWS\OneDrive\知识库\智库信息爬虫\国际主要科技智库观点演变_研判\03_证据底稿\文本\C-NISTEP-RM355-15131215.txt,https://www.nistep.go.jp/archives/62781/,官方PDF已保存并校验
企业研发、创新与产学合作,科技创新政策与能力基线,C-NISTEP-RM355-15131215,2026-04-01,W3,地域イノベーションに関するヒアリング調査～九州・沖縄～,机构正式研究,C:\Users\WINDOWS\OneDrive\知识库\智库信息爬虫\国际主要科技智库观点演变_研判\03_证据底稿\原文PDF\C-NISTEP-RM355-15131215.pdf,C:\Users\WINDOWS\OneDrive\知识库\智库信息爬虫\国际主要科技智库观点演变_研判\03_证据底稿\文本\C-NISTEP-RM355-15131215.txt,https://www.nistep.go.jp/archives/62781/,官方PDF已保存并校验
开放科学、研究诚信与治理,科技创新政策与能力基线,C-NISTEP-RM355-15131215,2026-04-01,W3,地域イノベーションに関するヒアリング調査～九州・沖縄～,机构正式研究,C:\Users\WINDOWS\OneDrive\知识库\智库信息爬虫\国际主要科技智库观点演变_研判\03_证据底稿\原文PDF\C-NISTEP-RM355-15131215.pdf,C:\Users\WINDOWS\OneDrive\知识库\智库信息爬虫\国际主要科技智库观点演变_研判\03_证据底稿\文本\C-NISTEP-RM355-15131215.txt,https://www.nistep.go.jp/archives/62781/,官方PDF已保存并校验
人工智能、数据与数字技术,科技创新政策与能力基线,C-NISTEP-RM356-F992ED84,2026-05-01,W3,博士人材追跡調査 －第5次報告書－,机构正式研究,C:\Users\WINDOWS\OneDrive\知识库\智库信息爬虫\国际主要科技智库观点演变_研判\03_证据底稿\原文PDF\C-NISTEP-RM356-F992ED84.pdf,C:\Users\WINDOWS\OneDrive\知识库\智库信息爬虫\国际主要科技智库观点演变_研判\03_证据底稿\文本\C-NISTEP-RM356-F992ED84.txt,http://hdl.handle.net/11035/0002000295,官方PDF已保存并校验
科技指标、论文与国际比较,科技创新政策与能力基线,C-NISTEP-RM356-F992ED84,2026-05-01,W3,博士人材追跡調査 －第5次報告書－,机构正式研究,C:\Users\WINDOWS\OneDrive\知识库\智库信息爬虫\国际主要科技智库观点演变_研判\03_证据底稿\原文PDF\C-NISTEP-RM356-F992ED84.pdf,C:\Users\WINDOWS\OneDrive\知识库\智库信息爬虫\国际主要科技智库观点演变_研判\03_证据底稿\文本\C-NISTEP-RM356-F992ED84.txt,http://hdl.handle.net/11035/0002000295,官方PDF已保存并校验
科研体系、资助与研究基础,科技创新政策与能力基线,C-NISTEP-RM356-F992ED84,2026-05-01,W3,博士人材追跡調査 －第5次報告書－,机构正式研究,C:\Users\WINDOWS\OneDrive\知识库\智库信息爬虫\国际主要科技智库观点演变_研判\03_证据底稿\原文PDF\C-NISTEP-RM356-F992ED84.pdf,C:\Users\WINDOWS\OneDrive\知识库\智库信息爬虫\国际主要科技智库观点演变_研判\03_证据底稿\文本\C-NISTEP-RM356-F992ED84.txt,http://hdl.handle.net/11035/0002000295,官方PDF已保存并校验
科技人才、博士与职业流动,科技创新政策与能力基线,C-NISTEP-RM356-F992ED84,2026-05-01,W3,博士人材追跡調査 －第5次報告書－,机构正式研究,C:\Users\WINDOWS\OneDrive\知识库\智库信息爬虫\国际主要科技智库观点演变_研判\03_证据底稿\原文PDF\C-NISTEP-RM356-F992ED84.pdf,C:\Users\WINDOWS\OneDrive\知识库\智库信息爬虫\国际主要科技智库观点演变_研判\03_证据底稿\文本\C-NISTEP-RM356-F992ED84.txt,http://hdl.handle.net/11035/0002000295,官方PDF已保存并校验
企业研发、创新与产学合作,科技创新政策与能力基线,C-NISTEP-RM356-F992ED84,2026-05-01,W3,博士人材追跡調査 －第5次報告書－,机构正式研究,C:\Users\WINDOWS\OneDrive\知识库\智库信息爬虫\国际主要科技智库观点演变_研判\03_证据底稿\原文PDF\C-NISTEP-RM356-F992ED84.pdf,C:\Users\WINDOWS\OneDrive\知识库\智库信息爬虫\国际主要科技智库观点演变_研判\03_证据底稿\文本\C-NISTEP-RM356-F992ED84.txt,http://hdl.handle.net/11035/0002000295,官方PDF已保存并校验
人工智能、数据与数字技术,科技创新政策与能力基线,C-NISTEP-DP250-A600E3B6,2026-06-01,W3,日本の大学における研究活動の構造変化:研究専従換算係数を考慮した研究開発費及び研究者数の長期動向―,作者讨论论文,C:\Users\WINDOWS\OneDrive\知识库\智库信息爬虫\国际主要科技智库观点演变_研判\03_证据底稿\原文PDF\C-NISTEP-DP250-A600E3B6.pdf,C:\Users\WINDOWS\OneDrive\知识库\智库信息爬虫\国际主要科技智库观点演变_研判\03_证据底稿\文本\C-NISTEP-DP250-A600E3B6.txt,http://hdl.handle.net/11035/0002000297,官方PDF已保存并校验
科技指标、论文与国际比较,科技创新政策与能力基线,C-NISTEP-DP250-A600E3B6,2026-06-01,W3,日本の大学における研究活動の構造変化:研究専従換算係数を考慮した研究開発費及び研究者数の長期動向―,作者讨论论文,C:\Users\WINDOWS\OneDrive\知识库\智库信息爬虫\国际主要科技智库观点演变_研判\03_证据底稿\原文PDF\C-NISTEP-DP250-A600E3B6.pdf,C:\Users\WINDOWS\OneDrive\知识库\智库信息爬虫\国际主要科技智库观点演变_研判\03_证据底稿\文本\C-NISTEP-DP250-A600E3B6.txt,http://hdl.handle.net/11035/0002000297,官方PDF已保存并校验
科研体系、资助与研究基础,科技创新政策与能力基线,C-NISTEP-DP250-A600E3B6,2026-06-01,W3,日本の大学における研究活動の構造変化:研究専従換算係数を考慮した研究開発費及び研究者数の長期動向―,作者讨论论文,C:\Users\WINDOWS\OneDrive\知识库\智库信息爬虫\国际主要科技智库观点演变_研判\03_证据底稿\原文PDF\C-NISTEP-DP250-A600E3B6.pdf,C:\Users\WINDOWS\OneDrive\知识库\智库信息爬虫\国际主要科技智库观点演变_研判\03_证据底稿\文本\C-NISTEP-DP250-A600E3B6.txt,http://hdl.handle.net/11035/0002000297,官方PDF已保存并校验
科技人才、博士与职业流动,科技创新政策与能力基线,C-NISTEP-DP250-A600E3B6,2026-06-01,W3,日本の大学における研究活動の構造変化:研究専従換算係数を考慮した研究開発費及び研究者数の長期動向―,作者讨论论文,C:\Users\WINDOWS\OneDrive\知识库\智库信息爬虫\国际主要科技智库观点演变_研判\03_证据底稿\原文PDF\C-NISTEP-DP250-A600E3B6.pdf,C:\Users\WINDOWS\OneDrive\知识库\智库信息爬虫\国际主要科技智库观点演变_研判\03_证据底稿\文本\C-NISTEP-DP250-A600E3B6.txt,http://hdl.handle.net/11035/0002000297,官方PDF已保存并校验
科技前瞻、新兴议题与社会,科技创新政策与能力基线,C-NISTEP-DP250-A600E3B6,2026-06-01,W3,日本の大学における研究活動の構造変化:研究専従換算係数を考慮した研究開発費及び研究者数の長期動向―,作者讨论论文,C:\Users\WINDOWS\OneDrive\知识库\智库信息爬虫\国际主要科技智库观点演变_研判\03_证据底稿\原文PDF\C-NISTEP-DP250-A600E3B6.pdf,C:\Users\WINDOWS\OneDrive\知识库\智库信息爬虫\国际主要科技智库观点演变_研判\03_证据底稿\文本\C-NISTEP-DP250-A600E3B6.txt,http://hdl.handle.net/11035/0002000297,官方PDF已保存并校验
人工智能、数据与数字技术,核心科技直接材料,C-NISTEP-DP251-FE92621B,2026-06-01,W3,親子企業間における資源再配分と特許活動の特性：知識活用および技術多様化に関する実証分析,作者讨论论文,C:\Users\WINDOWS\OneDrive\知识库\智库信息爬虫\国际主要科技智库观点演变_研判\03_证据底稿\网页文本\C-NISTEP-DP251-FE92621B.txt,C:\Users\WINDOWS\OneDrive\知识库\智库信息爬虫\国际主要科技智库观点演变_研判\03_证据底稿\网页文本\C-NISTEP-DP251-FE92621B.txt,http://hdl.handle.net/11035/0002000299,官方仓储PDF代理全文已保存
关键技术、专利与产业竞争力,核心科技直接材料,C-NISTEP-DP251-FE92621B,2026-06-01,W3,親子企業間における資源再配分と特許活動の特性：知識活用および技術多様化に関する実証分析,作者讨论论文,C:\Users\WINDOWS\OneDrive\知识库\智库信息爬虫\国际主要科技智库观点演变_研判\03_证据底稿\网页文本\C-NISTEP-DP251-FE92621B.txt,C:\Users\WINDOWS\OneDrive\知识库\智库信息爬虫\国际主要科技智库观点演变_研判\03_证据底稿\网页文本\C-NISTEP-DP251-FE92621B.txt,http://hdl.handle.net/11035/0002000299,官方仓储PDF代理全文已保存
科技指标、论文与国际比较,核心科技直接材料,C-NISTEP-DP251-FE92621B,2026-06-01,W3,親子企業間における資源再配分と特許活動の特性：知識活用および技術多様化に関する実証分析,作者讨论论文,C:\Users\WINDOWS\OneDrive\知识库\智库信息爬虫\国际主要科技智库观点演变_研判\03_证据底稿\网页文本\C-NISTEP-DP251-FE92621B.txt,C:\Users\WINDOWS\OneDrive\知识库\智库信息爬虫\国际主要科技智库观点演变_研判\03_证据底稿\网页文本\C-NISTEP-DP251-FE92621B.txt,http://hdl.handle.net/11035/0002000299,官方仓储PDF代理全文已保存
科研体系、资助与研究基础,核心科技直接材料,C-NISTEP-DP251-FE92621B,2026-06-01,W3,親子企業間における資源再配分と特許活動の特性：知識活用および技術多様化に関する実証分析,作者讨论论文,C:\Users\WINDOWS\OneDrive\知识库\智库信息爬虫\国际主要科技智库观点演变_研判\03_证据底稿\网页文本\C-NISTEP-DP251-FE92621B.txt,C:\Users\WINDOWS\OneDrive\知识库\智库信息爬虫\国际主要科技智库观点演变_研判\03_证据底稿\网页文本\C-NISTEP-DP251-FE92621B.txt,http://hdl.handle.net/11035/0002000299,官方仓储PDF代理全文已保存
科技人才、博士与职业流动,核心科技直接材料,C-NISTEP-DP251-FE92621B,2026-06-01,W3,親子企業間における資源再配分と特許活動の特性：知識活用および技術多様化に関する実証分析,作者讨论论文,C:\Users\WINDOWS\OneDrive\知识库\智库信息爬虫\国际主要科技智库观点演变_研判\03_证据底稿\网页文本\C-NISTEP-DP251-FE92621B.txt,C:\Users\WINDOWS\OneDrive\知识库\智库信息爬虫\国际主要科技智库观点演变_研判\03_证据底稿\网页文本\C-NISTEP-DP251-FE92621B.txt,http://hdl.handle.net/11035/0002000299,官方仓储PDF代理全文已保存
企业研发、创新与产学合作,核心科技直接材料,C-NISTEP-DP251-FE92621B,2026-06-01,W3,親子企業間における資源再配分と特許活動の特性：知識活用および技術多様化に関する実証分析,作者讨论论文,C:\Users\WINDOWS\OneDrive\知识库\智库信息爬虫\国际主要科技智库观点演变_研判\03_证据底稿\网页文本\C-NISTEP-DP251-FE92621B.txt,C:\Users\WINDOWS\OneDrive\知识库\智库信息爬虫\国际主要科技智库观点演变_研判\03_证据底稿\网页文本\C-NISTEP-DP251-FE92621B.txt,http://hdl.handle.net/11035/0002000299,官方仓储PDF代理全文已保存
关键技术、专利与产业竞争力,科技创新政策与能力基线,C-NISTEP-NR211-381950F8,2026-06-01,W3,民間企業の研究活動に関する調査報告2025,机构正式研究,C:\Users\WINDOWS\OneDrive\知识库\智库信息爬虫\国际主要科技智库观点演变_研判\03_证据底稿\网页文本\C-NISTEP-NR211-381950F8.txt,C:\Users\WINDOWS\OneDrive\知识库\智库信息爬虫\国际主要科技智库观点演变_研判\03_证据底稿\网页文本\C-NISTEP-NR211-381950F8.txt,http://hdl.handle.net/11035/0002000298,官方仓储PDF代理全文已保存
科技指标、论文与国际比较,科技创新政策与能力基线,C-NISTEP-NR211-381950F8,2026-06-01,W3,民間企業の研究活動に関する調査報告2025,机构正式研究,C:\Users\WINDOWS\OneDrive\知识库\智库信息爬虫\国际主要科技智库观点演变_研判\03_证据底稿\网页文本\C-NISTEP-NR211-381950F8.txt,C:\Users\WINDOWS\OneDrive\知识库\智库信息爬虫\国际主要科技智库观点演变_研判\03_证据底稿\网页文本\C-NISTEP-NR211-381950F8.txt,http://hdl.handle.net/11035/0002000298,官方仓储PDF代理全文已保存
科研体系、资助与研究基础,科技创新政策与能力基线,C-NISTEP-NR211-381950F8,2026-06-01,W3,民間企業の研究活動に関する調査報告2025,机构正式研究,C:\Users\WINDOWS\OneDrive\知识库\智库信息爬虫\国际主要科技智库观点演变_研判\03_证据底稿\网页文本\C-NISTEP-NR211-381950F8.txt,C:\Users\WINDOWS\OneDrive\知识库\智库信息爬虫\国际主要科技智库观点演变_研判\03_证据底稿\网页文本\C-NISTEP-NR211-381950F8.txt,http://hdl.handle.net/11035/0002000298,官方仓储PDF代理全文已保存
科技人才、博士与职业流动,科技创新政策与能力基线,C-NISTEP-NR211-381950F8,2026-06-01,W3,民間企業の研究活動に関する調査報告2025,机构正式研究,C:\Users\WINDOWS\OneDrive\知识库\智库信息爬虫\国际主要科技智库观点演变_研判\03_证据底稿\网页文本\C-NISTEP-NR211-381950F8.txt,C:\Users\WINDOWS\OneDrive\知识库\智库信息爬虫\国际主要科技智库观点演变_研判\03_证据底稿\网页文本\C-NISTEP-NR211-381950F8.txt,http://hdl.handle.net/11035/0002000298,官方仓储PDF代理全文已保存
企业研发、创新与产学合作,科技创新政策与能力基线,C-NISTEP-NR211-381950F8,2026-06-01,W3,民間企業の研究活動に関する調査報告2025,机构正式研究,C:\Users\WINDOWS\OneDrive\知识库\智库信息爬虫\国际主要科技智库观点演变_研判\03_证据底稿\网页文本\C-NISTEP-NR211-381950F8.txt,C:\Users\WINDOWS\OneDrive\知识库\智库信息爬虫\国际主要科技智库观点演变_研判\03_证据底稿\网页文本\C-NISTEP-NR211-381950F8.txt,http://hdl.handle.net/11035/0002000298,官方仓储PDF代理全文已保存
人工智能、数据与数字技术,科技创新政策与能力基线,C-NISTEP-RM357-5F234FE7,2026-06-01,W3,研究活動におけるオープンソース・データの利⽤に関する簡易調査2026,机构正式研究,C:\Users\WINDOWS\OneDrive\知识库\智库信息爬虫\国际主要科技智库观点演变_研判\03_证据底稿\网页文本\C-NISTEP-RM357-5F234FE7.txt,C:\Users\WINDOWS\OneDrive\知识库\智库信息爬虫\国际主要科技智库观点演变_研判\03_证据底稿\网页文本\C-NISTEP-RM357-5F234FE7.txt,http://hdl.handle.net/11035/0002000300,官方仓储PDF代理全文已保存
科技指标、论文与国际比较,科技创新政策与能力基线,C-NISTEP-RM357-5F234FE7,2026-06-01,W3,研究活動におけるオープンソース・データの利⽤に関する簡易調査2026,机构正式研究,C:\Users\WINDOWS\OneDrive\知识库\智库信息爬虫\国际主要科技智库观点演变_研判\03_证据底稿\网页文本\C-NISTEP-RM357-5F234FE7.txt,C:\Users\WINDOWS\OneDrive\知识库\智库信息爬虫\国际主要科技智库观点演变_研判\03_证据底稿\网页文本\C-NISTEP-RM357-5F234FE7.txt,http://hdl.handle.net/11035/0002000300,官方仓储PDF代理全文已保存
科研体系、资助与研究基础,科技创新政策与能力基线,C-NISTEP-RM357-5F234FE7,2026-06-01,W3,研究活動におけるオープンソース・データの利⽤に関する簡易調査2026,机构正式研究,C:\Users\WINDOWS\OneDrive\知识库\智库信息爬虫\国际主要科技智库观点演变_研判\03_证据底稿\网页文本\C-NISTEP-RM357-5F234FE7.txt,C:\Users\WINDOWS\OneDrive\知识库\智库信息爬虫\国际主要科技智库观点演变_研判\03_证据底稿\网页文本\C-NISTEP-RM357-5F234FE7.txt,http://hdl.handle.net/11035/0002000300,官方仓储PDF代理全文已保存
开放科学、研究诚信与治理,科技创新政策与能力基线,C-NISTEP-RM357-5F234FE7,2026-06-01,W3,研究活動におけるオープンソース・データの利⽤に関する簡易調査2026,机构正式研究,C:\Users\WINDOWS\OneDrive\知识库\智库信息爬虫\国际主要科技智库观点演变_研判\03_证据底稿\网页文本\C-NISTEP-RM357-5F234FE7.txt,C:\Users\WINDOWS\OneDrive\知识库\智库信息爬虫\国际主要科技智库观点演变_研判\03_证据底稿\网页文本\C-NISTEP-RM357-5F234FE7.txt,http://hdl.handle.net/11035/0002000300,官方仓储PDF代理全文已保存
人工智能、数据与数字技术,核心科技直接材料,C-NISTEP-DP252-98E52765,2026-07-01,W3,特定科学技術領域動向報告書 －AI（人工知能）－ 研究開発インプット編,作者讨论论文,C:\Users\WINDOWS\OneDrive\知识库\智库信息爬虫\国际主要科技智库观点演变_研判\03_证据底稿\网页文本\C-NISTEP-DP252-98E52765.txt,C:\Users\WINDOWS\OneDrive\知识库\智库信息爬虫\国际主要科技智库观点演变_研判\03_证据底稿\网页文本\C-NISTEP-DP252-98E52765.txt,http://hdl.handle.net/11035/0002000303,官方仓储PDF代理全文已保存
关键技术、专利与产业竞争力,核心科技直接材料,C-NISTEP-DP252-98E52765,2026-07-01,W3,特定科学技術領域動向報告書 －AI（人工知能）－ 研究開発インプット編,作者讨论论文,C:\Users\WINDOWS\OneDrive\知识库\智库信息爬虫\国际主要科技智库观点演变_研判\03_证据底稿\网页文本\C-NISTEP-DP252-98E52765.txt,C:\Users\WINDOWS\OneDrive\知识库\智库信息爬虫\国际主要科技智库观点演变_研判\03_证据底稿\网页文本\C-NISTEP-DP252-98E52765.txt,http://hdl.handle.net/11035/0002000303,官方仓储PDF代理全文已保存
科研体系、资助与研究基础,核心科技直接材料,C-NISTEP-DP252-98E52765,2026-07-01,W3,特定科学技術領域動向報告書 －AI（人工知能）－ 研究開発インプット編,作者讨论论文,C:\Users\WINDOWS\OneDrive\知识库\智库信息爬虫\国际主要科技智库观点演变_研判\03_证据底稿\网页文本\C-NISTEP-DP252-98E52765.txt,C:\Users\WINDOWS\OneDrive\知识库\智库信息爬虫\国际主要科技智库观点演变_研判\03_证据底稿\网页文本\C-NISTEP-DP252-98E52765.txt,http://hdl.handle.net/11035/0002000303,官方仓储PDF代理全文已保存
人工智能、数据与数字技术,科技创新政策与能力基线,C-NISTEP-DP253-505252DE,2026-08-01,W3,未来資本としての研究者ウェルビーイング： 研究資金配分構造との動的相互作用分析,作者讨论论文,C:\Users\WINDOWS\OneDrive\知识库\智库信息爬虫\国际主要科技智库观点演变_研判\03_证据底稿\网页文本\C-NISTEP-DP253-505252DE.txt,C:\Users\WINDOWS\OneDrive\知识库\智库信息爬虫\国际主要科技智库观点演变_研判\03_证据底稿\网页文本\C-NISTEP-DP253-505252DE.txt,http://hdl.handle.net/11035/0002000307,官方仓储PDF代理全文已保存
科技指标、论文与国际比较,科技创新政策与能力基线,C-NISTEP-DP253-505252DE,2026-08-01,W3,未来資本としての研究者ウェルビーイング： 研究資金配分構造との動的相互作用分析,作者讨论论文,C:\Users\WINDOWS\OneDrive\知识库\智库信息爬虫\国际主要科技智库观点演变_研判\03_证据底稿\网页文本\C-NISTEP-DP253-505252DE.txt,C:\Users\WINDOWS\OneDrive\知识库\智库信息爬虫\国际主要科技智库观点演变_研判\03_证据底稿\网页文本\C-NISTEP-DP253-505252DE.txt,http://hdl.handle.net/11035/0002000307,官方仓储PDF代理全文已保存
科研体系、资助与研究基础,科技创新政策与能力基线,C-NISTEP-DP253-505252DE,2026-08-01,W3,未来資本としての研究者ウェルビーイング： 研究資金配分構造との動的相互作用分析,作者讨论论文,C:\Users\WINDOWS\OneDrive\知识库\智库信息爬虫\国际主要科技智库观点演变_研判\03_证据底稿\网页文本\C-NISTEP-DP253-505252DE.txt,C:\Users\WINDOWS\OneDrive\知识库\智库信息爬虫\国际主要科技智库观点演变_研判\03_证据底稿\网页文本\C-NISTEP-DP253-505252DE.txt,http://hdl.handle.net/11035/0002000307,官方仓储PDF代理全文已保存
科技人才、博士与职业流动,科技创新政策与能力基线,C-NISTEP-DP253-505252DE,2026-08-01,W3,未来資本としての研究者ウェルビーイング： 研究資金配分構造との動的相互作用分析,作者讨论论文,C:\Users\WINDOWS\OneDrive\知识库\智库信息爬虫\国际主要科技智库观点演变_研判\03_证据底稿\网页文本\C-NISTEP-DP253-505252DE.txt,C:\Users\WINDOWS\OneDrive\知识库\智库信息爬虫\国际主要科技智库观点演变_研判\03_证据底稿\网页文本\C-NISTEP-DP253-505252DE.txt,http://hdl.handle.net/11035/0002000307,官方仓储PDF代理全文已保存
企业研发、创新与产学合作,科技创新政策与能力基线,C-NISTEP-DP253-505252DE,2026-08-01,W3,未来資本としての研究者ウェルビーイング： 研究資金配分構造との動的相互作用分析,作者讨论论文,C:\Users\WINDOWS\OneDrive\知识库\智库信息爬虫\国际主要科技智库观点演变_研判\03_证据底稿\网页文本\C-NISTEP-DP253-505252DE.txt,C:\Users\WINDOWS\OneDrive\知识库\智库信息爬虫\国际主要科技智库观点演变_研判\03_证据底稿\网页文本\C-NISTEP-DP253-505252DE.txt,http://hdl.handle.net/11035/0002000307,官方仓储PDF代理全文已保存
科技前瞻、新兴议题与社会,科技创新政策与能力基线,C-NISTEP-DP253-505252DE,2026-08-01,W3,未来資本としての研究者ウェルビーイング： 研究資金配分構造との動的相互作用分析,作者讨论论文,C:\Users\WINDOWS\OneDrive\知识库\智库信息爬虫\国际主要科技智库观点演变_研判\03_证据底稿\网页文本\C-NISTEP-DP253-505252DE.txt,C:\Users\WINDOWS\OneDrive\知识库\智库信息爬虫\国际主要科技智库观点演变_研判\03_证据底稿\网页文本\C-NISTEP-DP253-505252DE.txt,http://hdl.handle.net/11035/0002000307,官方仓储PDF代理全文已保存
人工智能、数据与数字技术,科技创新政策与能力基线,C-NISTEP-NR212-D33B1C4B,2026-08-01,W3,科学技術指標2026,机构正式研究,C:\Users\WINDOWS\OneDrive\知识库\智库信息爬虫\国际主要科技智库观点演变_研判\03_证据底稿\网页文本\C-NISTEP-NR212-D33B1C4B.txt,C:\Users\WINDOWS\OneDrive\知识库\智库信息爬虫\国际主要科技智库观点演变_研判\03_证据底稿\网页文本\C-NISTEP-NR212-D33B1C4B.txt,http://hdl.handle.net/11035/0002000309,官方仓储PDF代理全文已保存
关键技术、专利与产业竞争力,科技创新政策与能力基线,C-NISTEP-NR212-D33B1C4B,2026-08-01,W3,科学技術指標2026,机构正式研究,C:\Users\WINDOWS\OneDrive\知识库\智库信息爬虫\国际主要科技智库观点演变_研判\03_证据底稿\网页文本\C-NISTEP-NR212-D33B1C4B.txt,C:\Users\WINDOWS\OneDrive\知识库\智库信息爬虫\国际主要科技智库观点演变_研判\03_证据底稿\网页文本\C-NISTEP-NR212-D33B1C4B.txt,http://hdl.handle.net/11035/0002000309,官方仓储PDF代理全文已保存
科技指标、论文与国际比较,科技创新政策与能力基线,C-NISTEP-NR212-D33B1C4B,2026-08-01,W3,科学技術指標2026,机构正式研究,C:\Users\WINDOWS\OneDrive\知识库\智库信息爬虫\国际主要科技智库观点演变_研判\03_证据底稿\网页文本\C-NISTEP-NR212-D33B1C4B.txt,C:\Users\WINDOWS\OneDrive\知识库\智库信息爬虫\国际主要科技智库观点演变_研判\03_证据底稿\网页文本\C-NISTEP-NR212-D33B1C4B.txt,http://hdl.handle.net/11035/0002000309,官方仓储PDF代理全文已保存
科研体系、资助与研究基础,科技创新政策与能力基线,C-NISTEP-NR212-D33B1C4B,2026-08-01,W3,科学技術指標2026,机构正式研究,C:\Users\WINDOWS\OneDrive\知识库\智库信息爬虫\国际主要科技智库观点演变_研判\03_证据底稿\网页文本\C-NISTEP-NR212-D33B1C4B.txt,C:\Users\WINDOWS\OneDrive\知识库\智库信息爬虫\国际主要科技智库观点演变_研判\03_证据底稿\网页文本\C-NISTEP-NR212-D33B1C4B.txt,http://hdl.handle.net/11035/0002000309,官方仓储PDF代理全文已保存
科技人才、博士与职业流动,科技创新政策与能力基线,C-NISTEP-NR212-D33B1C4B,2026-08-01,W3,科学技術指標2026,机构正式研究,C:\Users\WINDOWS\OneDrive\知识库\智库信息爬虫\国际主要科技智库观点演变_研判\03_证据底稿\网页文本\C-NISTEP-NR212-D33B1C4B.txt,C:\Users\WINDOWS\OneDrive\知识库\智库信息爬虫\国际主要科技智库观点演变_研判\03_证据底稿\网页文本\C-NISTEP-NR212-D33B1C4B.txt,http://hdl.handle.net/11035/0002000309,官方仓储PDF代理全文已保存
企业研发、创新与产学合作,科技创新政策与能力基线,C-NISTEP-NR212-D33B1C4B,2026-08-01,W3,科学技術指標2026,机构正式研究,C:\Users\WINDOWS\OneDrive\知识库\智库信息爬虫\国际主要科技智库观点演变_研判\03_证据底稿\网页文本\C-NISTEP-NR212-D33B1C4B.txt,C:\Users\WINDOWS\OneDrive\知识库\智库信息爬虫\国际主要科技智库观点演变_研判\03_证据底稿\网页文本\C-NISTEP-NR212-D33B1C4B.txt,http://hdl.handle.net/11035/0002000309,官方仓储PDF代理全文已保存
科技前瞻、新兴议题与社会,科技创新政策与能力基线,C-NISTEP-NR212-D33B1C4B,2026-08-01,W3,科学技術指標2026,机构正式研究,C:\Users\WINDOWS\OneDrive\知识库\智库信息爬虫\国际主要科技智库观点演变_研判\03_证据底稿\网页文本\C-NISTEP-NR212-D33B1C4B.txt,C:\Users\WINDOWS\OneDrive\知识库\智库信息爬虫\国际主要科技智库观点演变_研判\03_证据底稿\网页文本\C-NISTEP-NR212-D33B1C4B.txt,http://hdl.handle.net/11035/0002000309,官方仓储PDF代理全文已保存
开放科学、研究诚信与治理,科技创新政策与能力基线,C-NISTEP-NR212-D33B1C4B,2026-08-01,W3,科学技術指標2026,机构正式研究,C:\Users\WINDOWS\OneDrive\知识库\智库信息爬虫\国际主要科技智库观点演变_研判\03_证据底稿\网页文本\C-NISTEP-NR212-D33B1C4B.txt,C:\Users\WINDOWS\OneDrive\知识库\智库信息爬虫\国际主要科技智库观点演变_研判\03_证据底稿\网页文本\C-NISTEP-NR212-D33B1C4B.txt,http://hdl.handle.net/11035/0002000309,官方仓储PDF代理全文已保存
中国科技能力与国际比较,科技创新政策与能力基线,C-NISTEP-NR212-D33B1C4B,2026-08-01,W3,科学技術指標2026,机构正式研究,C:\Users\WINDOWS\OneDrive\知识库\智库信息爬虫\国际主要科技智库观点演变_研判\03_证据底稿\网页文本\C-NISTEP-NR212-D33B1C4B.txt,C:\Users\WINDOWS\OneDrive\知识库\智库信息爬虫\国际主要科技智库观点演变_研判\03_证据底稿\网页文本\C-NISTEP-NR212-D33B1C4B.txt,http://hdl.handle.net/11035/0002000309,官方仓储PDF代理全文已保存
人工智能、数据与数字技术,科技创新政策与能力基线,C-NISTEP-NR212-523DD3A1,2026-08-01,W3,地域イノベーションに関するヒアリング調査 ～北陸・中国・四国～,机构正式研究,C:\Users\WINDOWS\OneDrive\知识库\智库信息爬虫\国际主要科技智库观点演变_研判\03_证据底稿\网页文本\C-NISTEP-NR212-523DD3A1.txt,C:\Users\WINDOWS\OneDrive\知识库\智库信息爬虫\国际主要科技智库观点演变_研判\03_证据底稿\网页文本\C-NISTEP-NR212-523DD3A1.txt,http://hdl.handle.net/11035/0002000313,官方仓储PDF代理全文已保存
关键技术、专利与产业竞争力,科技创新政策与能力基线,C-NISTEP-NR212-523DD3A1,2026-08-01,W3,地域イノベーションに関するヒアリング調査 ～北陸・中国・四国～,机构正式研究,C:\Users\WINDOWS\OneDrive\知识库\智库信息爬虫\国际主要科技智库观点演变_研判\03_证据底稿\网页文本\C-NISTEP-NR212-523DD3A1.txt,C:\Users\WINDOWS\OneDrive\知识库\智库信息爬虫\国际主要科技智库观点演变_研判\03_证据底稿\网页文本\C-NISTEP-NR212-523DD3A1.txt,http://hdl.handle.net/11035/0002000313,官方仓储PDF代理全文已保存
科技指标、论文与国际比较,科技创新政策与能力基线,C-NISTEP-NR212-523DD3A1,2026-08-01,W3,地域イノベーションに関するヒアリング調査 ～北陸・中国・四国～,机构正式研究,C:\Users\WINDOWS\OneDrive\知识库\智库信息爬虫\国际主要科技智库观点演变_研判\03_证据底稿\网页文本\C-NISTEP-NR212-523DD3A1.txt,C:\Users\WINDOWS\OneDrive\知识库\智库信息爬虫\国际主要科技智库观点演变_研判\03_证据底稿\网页文本\C-NISTEP-NR212-523DD3A1.txt,http://hdl.handle.net/11035/0002000313,官方仓储PDF代理全文已保存
科研体系、资助与研究基础,科技创新政策与能力基线,C-NISTEP-NR212-523DD3A1,2026-08-01,W3,地域イノベーションに関するヒアリング調査 ～北陸・中国・四国～,机构正式研究,C:\Users\WINDOWS\OneDrive\知识库\智库信息爬虫\国际主要科技智库观点演变_研判\03_证据底稿\网页文本\C-NISTEP-NR212-523DD3A1.txt,C:\Users\WINDOWS\OneDrive\知识库\智库信息爬虫\国际主要科技智库观点演变_研判\03_证据底稿\网页文本\C-NISTEP-NR212-523DD3A1.txt,http://hdl.handle.net/11035/0002000313,官方仓储PDF代理全文已保存
科技人才、博士与职业流动,科技创新政策与能力基线,C-NISTEP-NR212-523DD3A1,2026-08-01,W3,地域イノベーションに関するヒアリング調査 ～北陸・中国・四国～,机构正式研究,C:\Users\WINDOWS\OneDrive\知识库\智库信息爬虫\国际主要科技智库观点演变_研判\03_证据底稿\网页文本\C-NISTEP-NR212-523DD3A1.txt,C:\Users\WINDOWS\OneDrive\知识库\智库信息爬虫\国际主要科技智库观点演变_研判\03_证据底稿\网页文本\C-NISTEP-NR212-523DD3A1.txt,http://hdl.handle.net/11035/0002000313,官方仓储PDF代理全文已保存
企业研发、创新与产学合作,科技创新政策与能力基线,C-NISTEP-NR212-523DD3A1,2026-08-01,W3,地域イノベーションに関するヒアリング調査 ～北陸・中国・四国～,机构正式研究,C:\Users\WINDOWS\OneDrive\知识库\智库信息爬虫\国际主要科技智库观点演变_研判\03_证据底稿\网页文本\C-NISTEP-NR212-523DD3A1.txt,C:\Users\WINDOWS\OneDrive\知识库\智库信息爬虫\国际主要科技智库观点演变_研判\03_证据底稿\网页文本\C-NISTEP-NR212-523DD3A1.txt,http://hdl.handle.net/11035/0002000313,官方仓储PDF代理全文已保存
开放科学、研究诚信与治理,科技创新政策与能力基线,C-NISTEP-NR212-523DD3A1,2026-08-01,W3,地域イノベーションに関するヒアリング調査 ～北陸・中国・四国～,机构正式研究,C:\Users\WINDOWS\OneDrive\知识库\智库信息爬虫\国际主要科技智库观点演变_研判\03_证据底稿\网页文本\C-NISTEP-NR212-523DD3A1.txt,C:\Users\WINDOWS\OneDrive\知识库\智库信息爬虫\国际主要科技智库观点演变_研判\03_证据底稿\网页文本\C-NISTEP-NR212-523DD3A1.txt,http://hdl.handle.net/11035/0002000313,官方仓储PDF代理全文已保存
中国科技能力与国际比较,科技创新政策与能力基线,C-NISTEP-NR212-523DD3A1,2026-08-01,W3,地域イノベーションに関するヒアリング調査 ～北陸・中国・四国～,机构正式研究,C:\Users\WINDOWS\OneDrive\知识库\智库信息爬虫\国际主要科技智库观点演变_研判\03_证据底稿\网页文本\C-NISTEP-NR212-523DD3A1.txt,C:\Users\WINDOWS\OneDrive\知识库\智库信息爬虫\国际主要科技智库观点演变_研判\03_证据底稿\网页文本\C-NISTEP-NR212-523DD3A1.txt,http://hdl.handle.net/11035/0002000313,官方仓储PDF代理全文已保存
