主题标签,科技关联层级,报告ID,发布日期,观察窗,报告名称,资料角色,本地原始资产,本地文本,官方落地页,本地状态
人工智能、数据与数字技术,核心科技直接材料,C-STEPI-A0204-10,2016-12-15,W1,"미래는 더 나아질 것인가 : 인공지능, 4차 산업혁명 그리고 인간의 미래",机构正式研究,C:\Users\WINDOWS\OneDrive\知识库\智库信息爬虫\国际主要科技智库观点演变_研判\03_证据底稿\原文PDF\C-STEPI-A0204-10.pdf,C:\Users\WINDOWS\OneDrive\知识库\智库信息爬虫\国际主要科技智库观点演变_研判\03_证据底稿\文本\C-STEPI-A0204-10.txt,https://www.stepi.re.kr/site/stepiko/report/View.do?reIdx=10,官方PDF已保存并校验
生命科学、生物技术与健康,核心科技直接材料,C-STEPI-A0204-10,2016-12-15,W1,"미래는 더 나아질 것인가 : 인공지능, 4차 산업혁명 그리고 인간의 미래",机构正式研究,C:\Users\WINDOWS\OneDrive\知识库\智库信息爬虫\国际主要科技智库观点演变_研判\03_证据底稿\原文PDF\C-STEPI-A0204-10.pdf,C:\Users\WINDOWS\OneDrive\知识库\智库信息爬虫\国际主要科技智库观点演变_研判\03_证据底稿\文本\C-STEPI-A0204-10.txt,https://www.stepi.re.kr/site/stepiko/report/View.do?reIdx=10,官方PDF已保存并校验
能源、气候与绿色转型,核心科技直接材料,C-STEPI-A0204-10,2016-12-15,W1,"미래는 더 나아질 것인가 : 인공지능, 4차 산업혁명 그리고 인간의 미래",机构正式研究,C:\Users\WINDOWS\OneDrive\知识库\智库信息爬虫\国际主要科技智库观点演变_研判\03_证据底稿\原文PDF\C-STEPI-A0204-10.pdf,C:\Users\WINDOWS\OneDrive\知识库\智库信息爬虫\国际主要科技智库观点演变_研判\03_证据底稿\文本\C-STEPI-A0204-10.txt,https://www.stepi.re.kr/site/stepiko/report/View.do?reIdx=10,官方PDF已保存并校验
科研体系、研发投入与评价,核心科技直接材料,C-STEPI-A0204-10,2016-12-15,W1,"미래는 더 나아질 것인가 : 인공지능, 4차 산업혁명 그리고 인간의 미래",机构正式研究,C:\Users\WINDOWS\OneDrive\知识库\智库信息爬虫\国际主要科技智库观点演变_研判\03_证据底稿\原文PDF\C-STEPI-A0204-10.pdf,C:\Users\WINDOWS\OneDrive\知识库\智库信息爬虫\国际主要科技智库观点演变_研判\03_证据底稿\文本\C-STEPI-A0204-10.txt,https://www.stepi.re.kr/site/stepiko/report/View.do?reIdx=10,官方PDF已保存并校验
科技人才、大学与知识流动,核心科技直接材料,C-STEPI-A0204-10,2016-12-15,W1,"미래는 더 나아질 것인가 : 인공지능, 4차 산업혁명 그리고 인간의 미래",机构正式研究,C:\Users\WINDOWS\OneDrive\知识库\智库信息爬虫\国际主要科技智库观点演变_研判\03_证据底稿\原文PDF\C-STEPI-A0204-10.pdf,C:\Users\WINDOWS\OneDrive\知识库\智库信息爬虫\国际主要科技智库观点演变_研判\03_证据底稿\文本\C-STEPI-A0204-10.txt,https://www.stepi.re.kr/site/stepiko/report/View.do?reIdx=10,官方PDF已保存并校验
产业创新、创业与区域体系,核心科技直接材料,C-STEPI-A0204-10,2016-12-15,W1,"미래는 더 나아질 것인가 : 인공지능, 4차 산업혁명 그리고 인간의 미래",机构正式研究,C:\Users\WINDOWS\OneDrive\知识库\智库信息爬虫\国际主要科技智库观点演变_研判\03_证据底稿\原文PDF\C-STEPI-A0204-10.pdf,C:\Users\WINDOWS\OneDrive\知识库\智库信息爬虫\国际主要科技智库观点演变_研判\03_证据底稿\文本\C-STEPI-A0204-10.txt,https://www.stepi.re.kr/site/stepiko/report/View.do?reIdx=10,官方PDF已保存并校验
技术安全、供应链与国际合作,核心科技直接材料,C-STEPI-A0204-10,2016-12-15,W1,"미래는 더 나아질 것인가 : 인공지능, 4차 산업혁명 그리고 인간의 미래",机构正式研究,C:\Users\WINDOWS\OneDrive\知识库\智库信息爬虫\国际主要科技智库观点演变_研判\03_证据底稿\原文PDF\C-STEPI-A0204-10.pdf,C:\Users\WINDOWS\OneDrive\知识库\智库信息爬虫\国际主要科技智库观点演变_研判\03_证据底稿\文本\C-STEPI-A0204-10.txt,https://www.stepi.re.kr/site/stepiko/report/View.do?reIdx=10,官方PDF已保存并校验
科技前瞻与未来社会,核心科技直接材料,C-STEPI-A0204-10,2016-12-15,W1,"미래는 더 나아질 것인가 : 인공지능, 4차 산업혁명 그리고 인간의 미래",机构正式研究,C:\Users\WINDOWS\OneDrive\知识库\智库信息爬虫\国际主要科技智库观点演变_研判\03_证据底稿\原文PDF\C-STEPI-A0204-10.pdf,C:\Users\WINDOWS\OneDrive\知识库\智库信息爬虫\国际主要科技智库观点演变_研判\03_证据底稿\文本\C-STEPI-A0204-10.txt,https://www.stepi.re.kr/site/stepiko/report/View.do?reIdx=10,官方PDF已保存并校验
生命科学、生物技术与健康,科技创新政策与能力基线,C-STEPI-A0204-11,2017-05-07,W1,[사례집] 한국의 Young Innovators,机构正式研究,C:\Users\WINDOWS\OneDrive\知识库\智库信息爬虫\国际主要科技智库观点演变_研判\03_证据底稿\原文PDF\C-STEPI-A0204-11.pdf,C:\Users\WINDOWS\OneDrive\知识库\智库信息爬虫\国际主要科技智库观点演变_研判\03_证据底稿\文本\C-STEPI-A0204-11.txt,https://www.stepi.re.kr/site/stepiko/report/View.do?reIdx=11,官方PDF已保存并校验
科研体系、研发投入与评价,科技创新政策与能力基线,C-STEPI-A0204-11,2017-05-07,W1,[사례집] 한국의 Young Innovators,机构正式研究,C:\Users\WINDOWS\OneDrive\知识库\智库信息爬虫\国际主要科技智库观点演变_研判\03_证据底稿\原文PDF\C-STEPI-A0204-11.pdf,C:\Users\WINDOWS\OneDrive\知识库\智库信息爬虫\国际主要科技智库观点演变_研判\03_证据底稿\文本\C-STEPI-A0204-11.txt,https://www.stepi.re.kr/site/stepiko/report/View.do?reIdx=11,官方PDF已保存并校验
产业创新、创业与区域体系,科技创新政策与能力基线,C-STEPI-A0204-11,2017-05-07,W1,[사례집] 한국의 Young Innovators,机构正式研究,C:\Users\WINDOWS\OneDrive\知识库\智库信息爬虫\国际主要科技智库观点演变_研判\03_证据底稿\原文PDF\C-STEPI-A0204-11.pdf,C:\Users\WINDOWS\OneDrive\知识库\智库信息爬虫\国际主要科技智库观点演变_研判\03_证据底稿\文本\C-STEPI-A0204-11.txt,https://www.stepi.re.kr/site/stepiko/report/View.do?reIdx=11,官方PDF已保存并校验
人工智能、数据与数字技术,科技创新政策与能力基线,C-STEPI-A0204-12,2017-07-10,W1,[STEPI 미래연구 시리즈 1] 우리는 어떤 미래를 원하는가,机构正式研究,C:\Users\WINDOWS\OneDrive\知识库\智库信息爬虫\国际主要科技智库观点演变_研判\03_证据底稿\原文PDF\C-STEPI-A0204-12.pdf,C:\Users\WINDOWS\OneDrive\知识库\智库信息爬虫\国际主要科技智库观点演变_研判\03_证据底稿\文本\C-STEPI-A0204-12.txt,https://www.stepi.re.kr/site/stepiko/report/View.do?reIdx=12,官方PDF已保存并校验
半导体、量子与战略技术,科技创新政策与能力基线,C-STEPI-A0204-12,2017-07-10,W1,[STEPI 미래연구 시리즈 1] 우리는 어떤 미래를 원하는가,机构正式研究,C:\Users\WINDOWS\OneDrive\知识库\智库信息爬虫\国际主要科技智库观点演变_研判\03_证据底稿\原文PDF\C-STEPI-A0204-12.pdf,C:\Users\WINDOWS\OneDrive\知识库\智库信息爬虫\国际主要科技智库观点演变_研判\03_证据底稿\文本\C-STEPI-A0204-12.txt,https://www.stepi.re.kr/site/stepiko/report/View.do?reIdx=12,官方PDF已保存并校验
生命科学、生物技术与健康,科技创新政策与能力基线,C-STEPI-A0204-12,2017-07-10,W1,[STEPI 미래연구 시리즈 1] 우리는 어떤 미래를 원하는가,机构正式研究,C:\Users\WINDOWS\OneDrive\知识库\智库信息爬虫\国际主要科技智库观点演变_研判\03_证据底稿\原文PDF\C-STEPI-A0204-12.pdf,C:\Users\WINDOWS\OneDrive\知识库\智库信息爬虫\国际主要科技智库观点演变_研判\03_证据底稿\文本\C-STEPI-A0204-12.txt,https://www.stepi.re.kr/site/stepiko/report/View.do?reIdx=12,官方PDF已保存并校验
能源、气候与绿色转型,科技创新政策与能力基线,C-STEPI-A0204-12,2017-07-10,W1,[STEPI 미래연구 시리즈 1] 우리는 어떤 미래를 원하는가,机构正式研究,C:\Users\WINDOWS\OneDrive\知识库\智库信息爬虫\国际主要科技智库观点演变_研判\03_证据底稿\原文PDF\C-STEPI-A0204-12.pdf,C:\Users\WINDOWS\OneDrive\知识库\智库信息爬虫\国际主要科技智库观点演变_研判\03_证据底稿\文本\C-STEPI-A0204-12.txt,https://www.stepi.re.kr/site/stepiko/report/View.do?reIdx=12,官方PDF已保存并校验
科研体系、研发投入与评价,科技创新政策与能力基线,C-STEPI-A0204-12,2017-07-10,W1,[STEPI 미래연구 시리즈 1] 우리는 어떤 미래를 원하는가,机构正式研究,C:\Users\WINDOWS\OneDrive\知识库\智库信息爬虫\国际主要科技智库观点演变_研判\03_证据底稿\原文PDF\C-STEPI-A0204-12.pdf,C:\Users\WINDOWS\OneDrive\知识库\智库信息爬虫\国际主要科技智库观点演变_研判\03_证据底稿\文本\C-STEPI-A0204-12.txt,https://www.stepi.re.kr/site/stepiko/report/View.do?reIdx=12,官方PDF已保存并校验
科技人才、大学与知识流动,科技创新政策与能力基线,C-STEPI-A0204-12,2017-07-10,W1,[STEPI 미래연구 시리즈 1] 우리는 어떤 미래를 원하는가,机构正式研究,C:\Users\WINDOWS\OneDrive\知识库\智库信息爬虫\国际主要科技智库观点演变_研判\03_证据底稿\原文PDF\C-STEPI-A0204-12.pdf,C:\Users\WINDOWS\OneDrive\知识库\智库信息爬虫\国际主要科技智库观点演变_研判\03_证据底稿\文本\C-STEPI-A0204-12.txt,https://www.stepi.re.kr/site/stepiko/report/View.do?reIdx=12,官方PDF已保存并校验
产业创新、创业与区域体系,科技创新政策与能力基线,C-STEPI-A0204-12,2017-07-10,W1,[STEPI 미래연구 시리즈 1] 우리는 어떤 미래를 원하는가,机构正式研究,C:\Users\WINDOWS\OneDrive\知识库\智库信息爬虫\国际主要科技智库观点演变_研判\03_证据底稿\原文PDF\C-STEPI-A0204-12.pdf,C:\Users\WINDOWS\OneDrive\知识库\智库信息爬虫\国际主要科技智库观点演变_研判\03_证据底稿\文本\C-STEPI-A0204-12.txt,https://www.stepi.re.kr/site/stepiko/report/View.do?reIdx=12,官方PDF已保存并校验
科技前瞻与未来社会,科技创新政策与能力基线,C-STEPI-A0204-12,2017-07-10,W1,[STEPI 미래연구 시리즈 1] 우리는 어떤 미래를 원하는가,机构正式研究,C:\Users\WINDOWS\OneDrive\知识库\智库信息爬虫\国际主要科技智库观点演变_研判\03_证据底稿\原文PDF\C-STEPI-A0204-12.pdf,C:\Users\WINDOWS\OneDrive\知识库\智库信息爬虫\国际主要科技智库观点演变_研判\03_证据底稿\文本\C-STEPI-A0204-12.txt,https://www.stepi.re.kr/site/stepiko/report/View.do?reIdx=12,官方PDF已保存并校验
科技前瞻与未来社会,科技创新政策与能力基线,C-STEPI-A0204-13,2017-07-10,W1,[STEPI 미래연구 시리즈 2] 사물지능 혁명,机构正式研究,C:\Users\WINDOWS\OneDrive\知识库\智库信息爬虫\国际主要科技智库观点演变_研判\03_证据底稿\原文PDF\C-STEPI-A0204-13.pdf,C:\Users\WINDOWS\OneDrive\知识库\智库信息爬虫\国际主要科技智库观点演变_研判\03_证据底稿\文本\C-STEPI-A0204-13.txt,https://www.stepi.re.kr/site/stepiko/report/View.do?reIdx=13,官方PDF已保存并校验
中国科技与国际比较,科技创新政策与能力基线,C-STEPI-A0204-14,2017-05-07,W1,과학기술정책연구원 30년사,机构正式研究,C:\Users\WINDOWS\OneDrive\知识库\智库信息爬虫\国际主要科技智库观点演变_研判\03_证据底稿\原文PDF\C-STEPI-A0204-14.pdf,C:\Users\WINDOWS\OneDrive\知识库\智库信息爬虫\国际主要科技智库观点演变_研判\03_证据底稿\文本\C-STEPI-A0204-14.txt,https://www.stepi.re.kr/site/stepiko/report/View.do?reIdx=14,官方PDF已保存并校验
能源、气候与绿色转型,科技创新政策与能力基线,C-STEPI-A0204-14,2017-05-07,W1,과학기술정책연구원 30년사,机构正式研究,C:\Users\WINDOWS\OneDrive\知识库\智库信息爬虫\国际主要科技智库观点演变_研判\03_证据底稿\原文PDF\C-STEPI-A0204-14.pdf,C:\Users\WINDOWS\OneDrive\知识库\智库信息爬虫\国际主要科技智库观点演变_研判\03_证据底稿\文本\C-STEPI-A0204-14.txt,https://www.stepi.re.kr/site/stepiko/report/View.do?reIdx=14,官方PDF已保存并校验
科研体系、研发投入与评价,科技创新政策与能力基线,C-STEPI-A0204-14,2017-05-07,W1,과학기술정책연구원 30년사,机构正式研究,C:\Users\WINDOWS\OneDrive\知识库\智库信息爬虫\国际主要科技智库观点演变_研判\03_证据底稿\原文PDF\C-STEPI-A0204-14.pdf,C:\Users\WINDOWS\OneDrive\知识库\智库信息爬虫\国际主要科技智库观点演变_研判\03_证据底稿\文本\C-STEPI-A0204-14.txt,https://www.stepi.re.kr/site/stepiko/report/View.do?reIdx=14,官方PDF已保存并校验
科技人才、大学与知识流动,科技创新政策与能力基线,C-STEPI-A0204-14,2017-05-07,W1,과학기술정책연구원 30년사,机构正式研究,C:\Users\WINDOWS\OneDrive\知识库\智库信息爬虫\国际主要科技智库观点演变_研判\03_证据底稿\原文PDF\C-STEPI-A0204-14.pdf,C:\Users\WINDOWS\OneDrive\知识库\智库信息爬虫\国际主要科技智库观点演变_研判\03_证据底稿\文本\C-STEPI-A0204-14.txt,https://www.stepi.re.kr/site/stepiko/report/View.do?reIdx=14,官方PDF已保存并校验
产业创新、创业与区域体系,科技创新政策与能力基线,C-STEPI-A0204-14,2017-05-07,W1,과학기술정책연구원 30년사,机构正式研究,C:\Users\WINDOWS\OneDrive\知识库\智库信息爬虫\国际主要科技智库观点演变_研判\03_证据底稿\原文PDF\C-STEPI-A0204-14.pdf,C:\Users\WINDOWS\OneDrive\知识库\智库信息爬虫\国际主要科技智库观点演变_研判\03_证据底稿\文本\C-STEPI-A0204-14.txt,https://www.stepi.re.kr/site/stepiko/report/View.do?reIdx=14,官方PDF已保存并校验
科技前瞻与未来社会,科技创新政策与能力基线,C-STEPI-A0204-14,2017-05-07,W1,과학기술정책연구원 30년사,机构正式研究,C:\Users\WINDOWS\OneDrive\知识库\智库信息爬虫\国际主要科技智库观点演变_研判\03_证据底稿\原文PDF\C-STEPI-A0204-14.pdf,C:\Users\WINDOWS\OneDrive\知识库\智库信息爬虫\国际主要科技智库观点演变_研判\03_证据底稿\文本\C-STEPI-A0204-14.txt,https://www.stepi.re.kr/site/stepiko/report/View.do?reIdx=14,官方PDF已保存并校验
科研体系、研发投入与评价,科技创新政策与能力基线,C-STEPI-A0204-15,2017-10-23,W1,[STEPI-UNESCAP 국제공동연구] Innovative Financing for Development in Asia and the Pacific,机构正式研究,C:\Users\WINDOWS\OneDrive\知识库\智库信息爬虫\国际主要科技智库观点演变_研判\03_证据底稿\原文PDF\C-STEPI-A0204-15.pdf,C:\Users\WINDOWS\OneDrive\知识库\智库信息爬虫\国际主要科技智库观点演变_研判\03_证据底稿\文本\C-STEPI-A0204-15.txt,https://www.stepi.re.kr/site/stepiko/report/View.do?reIdx=15,官方PDF已保存并校验
科技创新政策与研究体系,科技创新政策与能力基线,C-STEPI-A0204-16,2017-08-09,W1,과학기술 50년사,机构正式研究,,,https://www.stepi.re.kr/site/stepiko/report/View.do?reIdx=16,官方目录无PDF
人工智能、数据与数字技术,核心科技直接材料,C-STEPI-A0204-18,2018-12-30,W1,"[Fellowship] 빅데이터 분석을 활용한 여성과학기술인, 경력단절여성에 대한 특성 연구",机构正式研究,C:\Users\WINDOWS\OneDrive\知识库\智库信息爬虫\国际主要科技智库观点演变_研判\03_证据底稿\原文PDF\C-STEPI-A0204-18.pdf,C:\Users\WINDOWS\OneDrive\知识库\智库信息爬虫\国际主要科技智库观点演变_研判\03_证据底稿\文本\C-STEPI-A0204-18.txt,https://www.stepi.re.kr/site/stepiko/report/View.do?reIdx=18,官方PDF已保存并校验
科研体系、研发投入与评价,核心科技直接材料,C-STEPI-A0204-18,2018-12-30,W1,"[Fellowship] 빅데이터 분석을 활용한 여성과학기술인, 경력단절여성에 대한 특성 연구",机构正式研究,C:\Users\WINDOWS\OneDrive\知识库\智库信息爬虫\国际主要科技智库观点演变_研判\03_证据底稿\原文PDF\C-STEPI-A0204-18.pdf,C:\Users\WINDOWS\OneDrive\知识库\智库信息爬虫\国际主要科技智库观点演变_研判\03_证据底稿\文本\C-STEPI-A0204-18.txt,https://www.stepi.re.kr/site/stepiko/report/View.do?reIdx=18,官方PDF已保存并校验
科技人才、大学与知识流动,核心科技直接材料,C-STEPI-A0204-18,2018-12-30,W1,"[Fellowship] 빅데이터 분석을 활용한 여성과학기술인, 경력단절여성에 대한 특성 연구",机构正式研究,C:\Users\WINDOWS\OneDrive\知识库\智库信息爬虫\国际主要科技智库观点演变_研判\03_证据底稿\原文PDF\C-STEPI-A0204-18.pdf,C:\Users\WINDOWS\OneDrive\知识库\智库信息爬虫\国际主要科技智库观点演变_研判\03_证据底稿\文本\C-STEPI-A0204-18.txt,https://www.stepi.re.kr/site/stepiko/report/View.do?reIdx=18,官方PDF已保存并校验
产业创新、创业与区域体系,核心科技直接材料,C-STEPI-A0204-18,2018-12-30,W1,"[Fellowship] 빅데이터 분석을 활용한 여성과학기술인, 경력단절여성에 대한 특성 연구",机构正式研究,C:\Users\WINDOWS\OneDrive\知识库\智库信息爬虫\国际主要科技智库观点演变_研判\03_证据底稿\原文PDF\C-STEPI-A0204-18.pdf,C:\Users\WINDOWS\OneDrive\知识库\智库信息爬虫\国际主要科技智库观点演变_研判\03_证据底稿\文本\C-STEPI-A0204-18.txt,https://www.stepi.re.kr/site/stepiko/report/View.do?reIdx=18,官方PDF已保存并校验
科技前瞻与未来社会,核心科技直接材料,C-STEPI-A0204-18,2018-12-30,W1,"[Fellowship] 빅데이터 분석을 활용한 여성과학기술인, 경력단절여성에 대한 특성 연구",机构正式研究,C:\Users\WINDOWS\OneDrive\知识库\智库信息爬虫\国际主要科技智库观点演变_研判\03_证据底稿\原文PDF\C-STEPI-A0204-18.pdf,C:\Users\WINDOWS\OneDrive\知识库\智库信息爬虫\国际主要科技智库观点演变_研判\03_证据底稿\文本\C-STEPI-A0204-18.txt,https://www.stepi.re.kr/site/stepiko/report/View.do?reIdx=18,官方PDF已保存并校验
科研体系、研发投入与评价,科技创新政策与能力基线,C-STEPI-A0204-19,2018-12-30,W1,[Fellowship] 과학기술분야 공공기관 법제 현황과 발전방향,机构正式研究,C:\Users\WINDOWS\OneDrive\知识库\智库信息爬虫\国际主要科技智库观点演变_研判\03_证据底稿\原文PDF\C-STEPI-A0204-19.pdf,C:\Users\WINDOWS\OneDrive\知识库\智库信息爬虫\国际主要科技智库观点演变_研判\03_证据底稿\文本\C-STEPI-A0204-19.txt,https://www.stepi.re.kr/site/stepiko/report/View.do?reIdx=19,官方PDF已保存并校验
科技人才、大学与知识流动,科技创新政策与能力基线,C-STEPI-A0204-19,2018-12-30,W1,[Fellowship] 과학기술분야 공공기관 법제 현황과 발전방향,机构正式研究,C:\Users\WINDOWS\OneDrive\知识库\智库信息爬虫\国际主要科技智库观点演变_研判\03_证据底稿\原文PDF\C-STEPI-A0204-19.pdf,C:\Users\WINDOWS\OneDrive\知识库\智库信息爬虫\国际主要科技智库观点演变_研判\03_证据底稿\文本\C-STEPI-A0204-19.txt,https://www.stepi.re.kr/site/stepiko/report/View.do?reIdx=19,官方PDF已保存并校验
中国科技与国际比较,科技创新政策与能力基线,C-STEPI-A0204-20,2018-12-30,W1,"[Fellowship] 한국 자율주행차 산업의 글로벌 경쟁력 확보방안 연구 - 산업경쟁력, 시장확산, R&D 지식구조 분석을 중심으로 -",机构正式研究,C:\Users\WINDOWS\OneDrive\知识库\智库信息爬虫\国际主要科技智库观点演变_研判\03_证据底稿\原文PDF\C-STEPI-A0204-20.pdf,C:\Users\WINDOWS\OneDrive\知识库\智库信息爬虫\国际主要科技智库观点演变_研判\03_证据底稿\文本\C-STEPI-A0204-20.txt,https://www.stepi.re.kr/site/stepiko/report/View.do?reIdx=20,官方PDF已保存并校验
人工智能、数据与数字技术,科技创新政策与能力基线,C-STEPI-A0204-20,2018-12-30,W1,"[Fellowship] 한국 자율주행차 산업의 글로벌 경쟁력 확보방안 연구 - 산업경쟁력, 시장확산, R&D 지식구조 분석을 중심으로 -",机构正式研究,C:\Users\WINDOWS\OneDrive\知识库\智库信息爬虫\国际主要科技智库观点演变_研判\03_证据底稿\原文PDF\C-STEPI-A0204-20.pdf,C:\Users\WINDOWS\OneDrive\知识库\智库信息爬虫\国际主要科技智库观点演变_研判\03_证据底稿\文本\C-STEPI-A0204-20.txt,https://www.stepi.re.kr/site/stepiko/report/View.do?reIdx=20,官方PDF已保存并校验
能源、气候与绿色转型,科技创新政策与能力基线,C-STEPI-A0204-20,2018-12-30,W1,"[Fellowship] 한국 자율주행차 산업의 글로벌 경쟁력 확보방안 연구 - 산업경쟁력, 시장확산, R&D 지식구조 분석을 중심으로 -",机构正式研究,C:\Users\WINDOWS\OneDrive\知识库\智库信息爬虫\国际主要科技智库观点演变_研判\03_证据底稿\原文PDF\C-STEPI-A0204-20.pdf,C:\Users\WINDOWS\OneDrive\知识库\智库信息爬虫\国际主要科技智库观点演变_研判\03_证据底稿\文本\C-STEPI-A0204-20.txt,https://www.stepi.re.kr/site/stepiko/report/View.do?reIdx=20,官方PDF已保存并校验
科研体系、研发投入与评价,科技创新政策与能力基线,C-STEPI-A0204-20,2018-12-30,W1,"[Fellowship] 한국 자율주행차 산업의 글로벌 경쟁력 확보방안 연구 - 산업경쟁력, 시장확산, R&D 지식구조 분석을 중심으로 -",机构正式研究,C:\Users\WINDOWS\OneDrive\知识库\智库信息爬虫\国际主要科技智库观点演变_研判\03_证据底稿\原文PDF\C-STEPI-A0204-20.pdf,C:\Users\WINDOWS\OneDrive\知识库\智库信息爬虫\国际主要科技智库观点演变_研判\03_证据底稿\文本\C-STEPI-A0204-20.txt,https://www.stepi.re.kr/site/stepiko/report/View.do?reIdx=20,官方PDF已保存并校验
科技人才、大学与知识流动,科技创新政策与能力基线,C-STEPI-A0204-20,2018-12-30,W1,"[Fellowship] 한국 자율주행차 산업의 글로벌 경쟁력 확보방안 연구 - 산업경쟁력, 시장확산, R&D 지식구조 분석을 중심으로 -",机构正式研究,C:\Users\WINDOWS\OneDrive\知识库\智库信息爬虫\国际主要科技智库观点演变_研判\03_证据底稿\原文PDF\C-STEPI-A0204-20.pdf,C:\Users\WINDOWS\OneDrive\知识库\智库信息爬虫\国际主要科技智库观点演变_研判\03_证据底稿\文本\C-STEPI-A0204-20.txt,https://www.stepi.re.kr/site/stepiko/report/View.do?reIdx=20,官方PDF已保存并校验
产业创新、创业与区域体系,科技创新政策与能力基线,C-STEPI-A0204-20,2018-12-30,W1,"[Fellowship] 한국 자율주행차 산업의 글로벌 경쟁력 확보방안 연구 - 산업경쟁력, 시장확산, R&D 지식구조 분석을 중심으로 -",机构正式研究,C:\Users\WINDOWS\OneDrive\知识库\智库信息爬虫\国际主要科技智库观点演变_研判\03_证据底稿\原文PDF\C-STEPI-A0204-20.pdf,C:\Users\WINDOWS\OneDrive\知识库\智库信息爬虫\国际主要科技智库观点演变_研判\03_证据底稿\文本\C-STEPI-A0204-20.txt,https://www.stepi.re.kr/site/stepiko/report/View.do?reIdx=20,官方PDF已保存并校验
中国科技与国际比较,核心科技直接材料,C-STEPI-A0204-21,2018-12-30,W1,[Fellowship] 인공지능 알고리즘과 차별,机构正式研究,C:\Users\WINDOWS\OneDrive\知识库\智库信息爬虫\国际主要科技智库观点演变_研判\03_证据底稿\原文PDF\C-STEPI-A0204-21.pdf,C:\Users\WINDOWS\OneDrive\知识库\智库信息爬虫\国际主要科技智库观点演变_研判\03_证据底稿\文本\C-STEPI-A0204-21.txt,https://www.stepi.re.kr/site/stepiko/report/View.do?reIdx=21,官方PDF已保存并校验
人工智能、数据与数字技术,核心科技直接材料,C-STEPI-A0204-21,2018-12-30,W1,[Fellowship] 인공지능 알고리즘과 차별,机构正式研究,C:\Users\WINDOWS\OneDrive\知识库\智库信息爬虫\国际主要科技智库观点演变_研判\03_证据底稿\原文PDF\C-STEPI-A0204-21.pdf,C:\Users\WINDOWS\OneDrive\知识库\智库信息爬虫\国际主要科技智库观点演变_研判\03_证据底稿\文本\C-STEPI-A0204-21.txt,https://www.stepi.re.kr/site/stepiko/report/View.do?reIdx=21,官方PDF已保存并校验
生命科学、生物技术与健康,核心科技直接材料,C-STEPI-A0204-21,2018-12-30,W1,[Fellowship] 인공지능 알고리즘과 차별,机构正式研究,C:\Users\WINDOWS\OneDrive\知识库\智库信息爬虫\国际主要科技智库观点演变_研判\03_证据底稿\原文PDF\C-STEPI-A0204-21.pdf,C:\Users\WINDOWS\OneDrive\知识库\智库信息爬虫\国际主要科技智库观点演变_研判\03_证据底稿\文本\C-STEPI-A0204-21.txt,https://www.stepi.re.kr/site/stepiko/report/View.do?reIdx=21,官方PDF已保存并校验
科研体系、研发投入与评价,核心科技直接材料,C-STEPI-A0204-21,2018-12-30,W1,[Fellowship] 인공지능 알고리즘과 차별,机构正式研究,C:\Users\WINDOWS\OneDrive\知识库\智库信息爬虫\国际主要科技智库观点演变_研判\03_证据底稿\原文PDF\C-STEPI-A0204-21.pdf,C:\Users\WINDOWS\OneDrive\知识库\智库信息爬虫\国际主要科技智库观点演变_研判\03_证据底稿\文本\C-STEPI-A0204-21.txt,https://www.stepi.re.kr/site/stepiko/report/View.do?reIdx=21,官方PDF已保存并校验
科技人才、大学与知识流动,核心科技直接材料,C-STEPI-A0204-21,2018-12-30,W1,[Fellowship] 인공지능 알고리즘과 차별,机构正式研究,C:\Users\WINDOWS\OneDrive\知识库\智库信息爬虫\国际主要科技智库观点演变_研判\03_证据底稿\原文PDF\C-STEPI-A0204-21.pdf,C:\Users\WINDOWS\OneDrive\知识库\智库信息爬虫\国际主要科技智库观点演变_研判\03_证据底稿\文本\C-STEPI-A0204-21.txt,https://www.stepi.re.kr/site/stepiko/report/View.do?reIdx=21,官方PDF已保存并校验
产业创新、创业与区域体系,核心科技直接材料,C-STEPI-A0204-21,2018-12-30,W1,[Fellowship] 인공지능 알고리즘과 차별,机构正式研究,C:\Users\WINDOWS\OneDrive\知识库\智库信息爬虫\国际主要科技智库观点演变_研判\03_证据底稿\原文PDF\C-STEPI-A0204-21.pdf,C:\Users\WINDOWS\OneDrive\知识库\智库信息爬虫\国际主要科技智库观点演变_研判\03_证据底稿\文本\C-STEPI-A0204-21.txt,https://www.stepi.re.kr/site/stepiko/report/View.do?reIdx=21,官方PDF已保存并校验
科技前瞻与未来社会,核心科技直接材料,C-STEPI-A0204-21,2018-12-30,W1,[Fellowship] 인공지능 알고리즘과 차별,机构正式研究,C:\Users\WINDOWS\OneDrive\知识库\智库信息爬虫\国际主要科技智库观点演变_研判\03_证据底稿\原文PDF\C-STEPI-A0204-21.pdf,C:\Users\WINDOWS\OneDrive\知识库\智库信息爬虫\国际主要科技智库观点演变_研判\03_证据底稿\文本\C-STEPI-A0204-21.txt,https://www.stepi.re.kr/site/stepiko/report/View.do?reIdx=21,官方PDF已保存并校验
中国科技与国际比较,科技创新政策与能力基线,C-STEPI-A0204-22,2018-12-30,W1,[Fellowship] 융합지향 조직 구축을 위한 융합인재 측정 도구 개발 및 육성 정책,机构正式研究,C:\Users\WINDOWS\OneDrive\知识库\智库信息爬虫\国际主要科技智库观点演变_研判\03_证据底稿\原文PDF\C-STEPI-A0204-22.pdf,C:\Users\WINDOWS\OneDrive\知识库\智库信息爬虫\国际主要科技智库观点演变_研判\03_证据底稿\文本\C-STEPI-A0204-22.txt,https://www.stepi.re.kr/site/stepiko/report/View.do?reIdx=22,官方PDF已保存并校验
科研体系、研发投入与评价,科技创新政策与能力基线,C-STEPI-A0204-22,2018-12-30,W1,[Fellowship] 융합지향 조직 구축을 위한 융합인재 측정 도구 개발 및 육성 정책,机构正式研究,C:\Users\WINDOWS\OneDrive\知识库\智库信息爬虫\国际主要科技智库观点演变_研判\03_证据底稿\原文PDF\C-STEPI-A0204-22.pdf,C:\Users\WINDOWS\OneDrive\知识库\智库信息爬虫\国际主要科技智库观点演变_研判\03_证据底稿\文本\C-STEPI-A0204-22.txt,https://www.stepi.re.kr/site/stepiko/report/View.do?reIdx=22,官方PDF已保存并校验
科技人才、大学与知识流动,科技创新政策与能力基线,C-STEPI-A0204-22,2018-12-30,W1,[Fellowship] 융합지향 조직 구축을 위한 융합인재 측정 도구 개발 및 육성 정책,机构正式研究,C:\Users\WINDOWS\OneDrive\知识库\智库信息爬虫\国际主要科技智库观点演变_研判\03_证据底稿\原文PDF\C-STEPI-A0204-22.pdf,C:\Users\WINDOWS\OneDrive\知识库\智库信息爬虫\国际主要科技智库观点演变_研判\03_证据底稿\文本\C-STEPI-A0204-22.txt,https://www.stepi.re.kr/site/stepiko/report/View.do?reIdx=22,官方PDF已保存并校验
产业创新、创业与区域体系,科技创新政策与能力基线,C-STEPI-A0204-22,2018-12-30,W1,[Fellowship] 융합지향 조직 구축을 위한 융합인재 측정 도구 개발 및 육성 정책,机构正式研究,C:\Users\WINDOWS\OneDrive\知识库\智库信息爬虫\国际主要科技智库观点演变_研判\03_证据底稿\原文PDF\C-STEPI-A0204-22.pdf,C:\Users\WINDOWS\OneDrive\知识库\智库信息爬虫\国际主要科技智库观点演变_研判\03_证据底稿\文本\C-STEPI-A0204-22.txt,https://www.stepi.re.kr/site/stepiko/report/View.do?reIdx=22,官方PDF已保存并校验
科技前瞻与未来社会,科技创新政策与能力基线,C-STEPI-A0204-22,2018-12-30,W1,[Fellowship] 융합지향 조직 구축을 위한 융합인재 측정 도구 개발 및 육성 정책,机构正式研究,C:\Users\WINDOWS\OneDrive\知识库\智库信息爬虫\国际主要科技智库观点演变_研判\03_证据底稿\原文PDF\C-STEPI-A0204-22.pdf,C:\Users\WINDOWS\OneDrive\知识库\智库信息爬虫\国际主要科技智库观点演变_研判\03_证据底稿\文本\C-STEPI-A0204-22.txt,https://www.stepi.re.kr/site/stepiko/report/View.do?reIdx=22,官方PDF已保存并校验
中国科技与国际比较,科技创新政策与能力基线,C-STEPI-A0204-23,2018-12-30,W1,"[Fellowship] ICT 분야 기업 R&D에 대한 정부 지원의 효과성 분석 - 지원 수혜 여부, 지원 규모, 사업 참여 방식에 따른 경영 성과를 중심으로 -",机构正式研究,C:\Users\WINDOWS\OneDrive\知识库\智库信息爬虫\国际主要科技智库观点演变_研判\03_证据底稿\原文PDF\C-STEPI-A0204-23.pdf,C:\Users\WINDOWS\OneDrive\知识库\智库信息爬虫\国际主要科技智库观点演变_研判\03_证据底稿\文本\C-STEPI-A0204-23.txt,https://www.stepi.re.kr/site/stepiko/report/View.do?reIdx=23,官方PDF已保存并校验
人工智能、数据与数字技术,科技创新政策与能力基线,C-STEPI-A0204-23,2018-12-30,W1,"[Fellowship] ICT 분야 기업 R&D에 대한 정부 지원의 효과성 분석 - 지원 수혜 여부, 지원 규모, 사업 참여 방식에 따른 경영 성과를 중심으로 -",机构正式研究,C:\Users\WINDOWS\OneDrive\知识库\智库信息爬虫\国际主要科技智库观点演变_研判\03_证据底稿\原文PDF\C-STEPI-A0204-23.pdf,C:\Users\WINDOWS\OneDrive\知识库\智库信息爬虫\国际主要科技智库观点演变_研判\03_证据底稿\文本\C-STEPI-A0204-23.txt,https://www.stepi.re.kr/site/stepiko/report/View.do?reIdx=23,官方PDF已保存并校验
科研体系、研发投入与评价,科技创新政策与能力基线,C-STEPI-A0204-23,2018-12-30,W1,"[Fellowship] ICT 분야 기업 R&D에 대한 정부 지원의 효과성 분석 - 지원 수혜 여부, 지원 규모, 사업 참여 방식에 따른 경영 성과를 중심으로 -",机构正式研究,C:\Users\WINDOWS\OneDrive\知识库\智库信息爬虫\国际主要科技智库观点演变_研判\03_证据底稿\原文PDF\C-STEPI-A0204-23.pdf,C:\Users\WINDOWS\OneDrive\知识库\智库信息爬虫\国际主要科技智库观点演变_研判\03_证据底稿\文本\C-STEPI-A0204-23.txt,https://www.stepi.re.kr/site/stepiko/report/View.do?reIdx=23,官方PDF已保存并校验
科技人才、大学与知识流动,科技创新政策与能力基线,C-STEPI-A0204-23,2018-12-30,W1,"[Fellowship] ICT 분야 기업 R&D에 대한 정부 지원의 효과성 분석 - 지원 수혜 여부, 지원 규모, 사업 참여 방식에 따른 경영 성과를 중심으로 -",机构正式研究,C:\Users\WINDOWS\OneDrive\知识库\智库信息爬虫\国际主要科技智库观点演变_研判\03_证据底稿\原文PDF\C-STEPI-A0204-23.pdf,C:\Users\WINDOWS\OneDrive\知识库\智库信息爬虫\国际主要科技智库观点演变_研判\03_证据底稿\文本\C-STEPI-A0204-23.txt,https://www.stepi.re.kr/site/stepiko/report/View.do?reIdx=23,官方PDF已保存并校验
产业创新、创业与区域体系,科技创新政策与能力基线,C-STEPI-A0204-23,2018-12-30,W1,"[Fellowship] ICT 분야 기업 R&D에 대한 정부 지원의 효과성 분석 - 지원 수혜 여부, 지원 규모, 사업 참여 방식에 따른 경영 성과를 중심으로 -",机构正式研究,C:\Users\WINDOWS\OneDrive\知识库\智库信息爬虫\国际主要科技智库观点演变_研判\03_证据底稿\原文PDF\C-STEPI-A0204-23.pdf,C:\Users\WINDOWS\OneDrive\知识库\智库信息爬虫\国际主要科技智库观点演变_研判\03_证据底稿\文本\C-STEPI-A0204-23.txt,https://www.stepi.re.kr/site/stepiko/report/View.do?reIdx=23,官方PDF已保存并校验
科研体系、研发投入与评价,科技创新政策与能力基线,C-STEPI-A0204-24,2018-12-30,W1,[Fellowship] 기업가적 대학육성을 위한 정부 지원사업의 효과 분석 - 창업선도대학 육성사업을 중심으로 -,机构正式研究,C:\Users\WINDOWS\OneDrive\知识库\智库信息爬虫\国际主要科技智库观点演变_研判\03_证据底稿\原文PDF\C-STEPI-A0204-24.pdf,C:\Users\WINDOWS\OneDrive\知识库\智库信息爬虫\国际主要科技智库观点演变_研判\03_证据底稿\文本\C-STEPI-A0204-24.txt,https://www.stepi.re.kr/site/stepiko/report/View.do?reIdx=24,官方PDF已保存并校验
科技人才、大学与知识流动,科技创新政策与能力基线,C-STEPI-A0204-24,2018-12-30,W1,[Fellowship] 기업가적 대학육성을 위한 정부 지원사업의 효과 분석 - 창업선도대학 육성사업을 중심으로 -,机构正式研究,C:\Users\WINDOWS\OneDrive\知识库\智库信息爬虫\国际主要科技智库观点演变_研判\03_证据底稿\原文PDF\C-STEPI-A0204-24.pdf,C:\Users\WINDOWS\OneDrive\知识库\智库信息爬虫\国际主要科技智库观点演变_研判\03_证据底稿\文本\C-STEPI-A0204-24.txt,https://www.stepi.re.kr/site/stepiko/report/View.do?reIdx=24,官方PDF已保存并校验
产业创新、创业与区域体系,科技创新政策与能力基线,C-STEPI-A0204-24,2018-12-30,W1,[Fellowship] 기업가적 대학육성을 위한 정부 지원사업의 효과 분석 - 창업선도대학 육성사업을 중심으로 -,机构正式研究,C:\Users\WINDOWS\OneDrive\知识库\智库信息爬虫\国际主要科技智库观点演变_研判\03_证据底稿\原文PDF\C-STEPI-A0204-24.pdf,C:\Users\WINDOWS\OneDrive\知识库\智库信息爬虫\国际主要科技智库观点演变_研判\03_证据底稿\文本\C-STEPI-A0204-24.txt,https://www.stepi.re.kr/site/stepiko/report/View.do?reIdx=24,官方PDF已保存并校验
科技前瞻与未来社会,科技创新政策与能力基线,C-STEPI-A0204-24,2018-12-30,W1,[Fellowship] 기업가적 대학육성을 위한 정부 지원사업의 효과 분석 - 창업선도대학 육성사업을 중심으로 -,机构正式研究,C:\Users\WINDOWS\OneDrive\知识库\智库信息爬虫\国际主要科技智库观点演变_研判\03_证据底稿\原文PDF\C-STEPI-A0204-24.pdf,C:\Users\WINDOWS\OneDrive\知识库\智库信息爬虫\国际主要科技智库观点演变_研判\03_证据底稿\文本\C-STEPI-A0204-24.txt,https://www.stepi.re.kr/site/stepiko/report/View.do?reIdx=24,官方PDF已保存并校验
科研体系、研发投入与评价,科技创新政策与能力基线,C-STEPI-A0204-25,2018-12-30,W1,[Fellowship] R&D 투자와 인적자본 확충 통한 성장잠재력 확대 정책실험 연구,机构正式研究,C:\Users\WINDOWS\OneDrive\知识库\智库信息爬虫\国际主要科技智库观点演变_研判\03_证据底稿\原文PDF\C-STEPI-A0204-25.pdf,C:\Users\WINDOWS\OneDrive\知识库\智库信息爬虫\国际主要科技智库观点演变_研判\03_证据底稿\文本\C-STEPI-A0204-25.txt,https://www.stepi.re.kr/site/stepiko/report/View.do?reIdx=25,官方PDF已保存并校验
科技人才、大学与知识流动,科技创新政策与能力基线,C-STEPI-A0204-25,2018-12-30,W1,[Fellowship] R&D 투자와 인적자본 확충 통한 성장잠재력 확대 정책실험 연구,机构正式研究,C:\Users\WINDOWS\OneDrive\知识库\智库信息爬虫\国际主要科技智库观点演变_研判\03_证据底稿\原文PDF\C-STEPI-A0204-25.pdf,C:\Users\WINDOWS\OneDrive\知识库\智库信息爬虫\国际主要科技智库观点演变_研判\03_证据底稿\文本\C-STEPI-A0204-25.txt,https://www.stepi.re.kr/site/stepiko/report/View.do?reIdx=25,官方PDF已保存并校验
产业创新、创业与区域体系,科技创新政策与能力基线,C-STEPI-A0204-25,2018-12-30,W1,[Fellowship] R&D 투자와 인적자본 확충 통한 성장잠재력 확대 정책실험 연구,机构正式研究,C:\Users\WINDOWS\OneDrive\知识库\智库信息爬虫\国际主要科技智库观点演变_研判\03_证据底稿\原文PDF\C-STEPI-A0204-25.pdf,C:\Users\WINDOWS\OneDrive\知识库\智库信息爬虫\国际主要科技智库观点演变_研判\03_证据底稿\文本\C-STEPI-A0204-25.txt,https://www.stepi.re.kr/site/stepiko/report/View.do?reIdx=25,官方PDF已保存并校验
科技前瞻与未来社会,科技创新政策与能力基线,C-STEPI-A0204-25,2018-12-30,W1,[Fellowship] R&D 투자와 인적자본 확충 통한 성장잠재력 확대 정책실험 연구,机构正式研究,C:\Users\WINDOWS\OneDrive\知识库\智库信息爬虫\国际主要科技智库观点演变_研判\03_证据底稿\原文PDF\C-STEPI-A0204-25.pdf,C:\Users\WINDOWS\OneDrive\知识库\智库信息爬虫\国际主要科技智库观点演变_研判\03_证据底稿\文本\C-STEPI-A0204-25.txt,https://www.stepi.re.kr/site/stepiko/report/View.do?reIdx=25,官方PDF已保存并校验
人工智能、数据与数字技术,科技创新政策与能力基线,C-STEPI-A0204-27,2019-12-27,W2,[Fellowship] 과학기술 연구의 ‘이해 충돌’ 문제와 연구진실성 –가습기 살균제 독성실험 사례를 중심으로,机构正式研究,C:\Users\WINDOWS\OneDrive\知识库\智库信息爬虫\国际主要科技智库观点演变_研判\03_证据底稿\原文PDF\C-STEPI-A0204-27.pdf,C:\Users\WINDOWS\OneDrive\知识库\智库信息爬虫\国际主要科技智库观点演变_研判\03_证据底稿\文本\C-STEPI-A0204-27.txt,https://www.stepi.re.kr/site/stepiko/report/View.do?reIdx=27,官方PDF已保存并校验
生命科学、生物技术与健康,科技创新政策与能力基线,C-STEPI-A0204-27,2019-12-27,W2,[Fellowship] 과학기술 연구의 ‘이해 충돌’ 문제와 연구진실성 –가습기 살균제 독성실험 사례를 중심으로,机构正式研究,C:\Users\WINDOWS\OneDrive\知识库\智库信息爬虫\国际主要科技智库观点演变_研判\03_证据底稿\原文PDF\C-STEPI-A0204-27.pdf,C:\Users\WINDOWS\OneDrive\知识库\智库信息爬虫\国际主要科技智库观点演变_研判\03_证据底稿\文本\C-STEPI-A0204-27.txt,https://www.stepi.re.kr/site/stepiko/report/View.do?reIdx=27,官方PDF已保存并校验
科研体系、研发投入与评价,科技创新政策与能力基线,C-STEPI-A0204-27,2019-12-27,W2,[Fellowship] 과학기술 연구의 ‘이해 충돌’ 문제와 연구진실성 –가습기 살균제 독성실험 사례를 중심으로,机构正式研究,C:\Users\WINDOWS\OneDrive\知识库\智库信息爬虫\国际主要科技智库观点演变_研判\03_证据底稿\原文PDF\C-STEPI-A0204-27.pdf,C:\Users\WINDOWS\OneDrive\知识库\智库信息爬虫\国际主要科技智库观点演变_研判\03_证据底稿\文本\C-STEPI-A0204-27.txt,https://www.stepi.re.kr/site/stepiko/report/View.do?reIdx=27,官方PDF已保存并校验
科技人才、大学与知识流动,科技创新政策与能力基线,C-STEPI-A0204-27,2019-12-27,W2,[Fellowship] 과학기술 연구의 ‘이해 충돌’ 문제와 연구진실성 –가습기 살균제 독성실험 사례를 중심으로,机构正式研究,C:\Users\WINDOWS\OneDrive\知识库\智库信息爬虫\国际主要科技智库观点演变_研判\03_证据底稿\原文PDF\C-STEPI-A0204-27.pdf,C:\Users\WINDOWS\OneDrive\知识库\智库信息爬虫\国际主要科技智库观点演变_研判\03_证据底稿\文本\C-STEPI-A0204-27.txt,https://www.stepi.re.kr/site/stepiko/report/View.do?reIdx=27,官方PDF已保存并校验
产业创新、创业与区域体系,科技创新政策与能力基线,C-STEPI-A0204-27,2019-12-27,W2,[Fellowship] 과학기술 연구의 ‘이해 충돌’ 문제와 연구진실성 –가습기 살균제 독성실험 사례를 중심으로,机构正式研究,C:\Users\WINDOWS\OneDrive\知识库\智库信息爬虫\国际主要科技智库观点演变_研判\03_证据底稿\原文PDF\C-STEPI-A0204-27.pdf,C:\Users\WINDOWS\OneDrive\知识库\智库信息爬虫\国际主要科技智库观点演变_研判\03_证据底稿\文本\C-STEPI-A0204-27.txt,https://www.stepi.re.kr/site/stepiko/report/View.do?reIdx=27,官方PDF已保存并校验
人工智能、数据与数字技术,科技创新政策与能力基线,C-STEPI-A0204-28,2019-12-27,W2,[Fellowship] 분포관점에서 살펴본 국내 산업생태계의 진화양상 및 과학기술혁신정책의 역할 - 기업성장률 분포를 중심으로 -,机构正式研究,C:\Users\WINDOWS\OneDrive\知识库\智库信息爬虫\国际主要科技智库观点演变_研判\03_证据底稿\原文PDF\C-STEPI-A0204-28.pdf,C:\Users\WINDOWS\OneDrive\知识库\智库信息爬虫\国际主要科技智库观点演变_研判\03_证据底稿\文本\C-STEPI-A0204-28.txt,https://www.stepi.re.kr/site/stepiko/report/View.do?reIdx=28,官方PDF已保存并校验
科研体系、研发投入与评价,科技创新政策与能力基线,C-STEPI-A0204-28,2019-12-27,W2,[Fellowship] 분포관점에서 살펴본 국내 산업생태계의 진화양상 및 과학기술혁신정책의 역할 - 기업성장률 분포를 중심으로 -,机构正式研究,C:\Users\WINDOWS\OneDrive\知识库\智库信息爬虫\国际主要科技智库观点演变_研判\03_证据底稿\原文PDF\C-STEPI-A0204-28.pdf,C:\Users\WINDOWS\OneDrive\知识库\智库信息爬虫\国际主要科技智库观点演变_研判\03_证据底稿\文本\C-STEPI-A0204-28.txt,https://www.stepi.re.kr/site/stepiko/report/View.do?reIdx=28,官方PDF已保存并校验
科技人才、大学与知识流动,科技创新政策与能力基线,C-STEPI-A0204-28,2019-12-27,W2,[Fellowship] 분포관점에서 살펴본 국내 산업생태계의 진화양상 및 과학기술혁신정책의 역할 - 기업성장률 분포를 중심으로 -,机构正式研究,C:\Users\WINDOWS\OneDrive\知识库\智库信息爬虫\国际主要科技智库观点演变_研判\03_证据底稿\原文PDF\C-STEPI-A0204-28.pdf,C:\Users\WINDOWS\OneDrive\知识库\智库信息爬虫\国际主要科技智库观点演变_研判\03_证据底稿\文本\C-STEPI-A0204-28.txt,https://www.stepi.re.kr/site/stepiko/report/View.do?reIdx=28,官方PDF已保存并校验
产业创新、创业与区域体系,科技创新政策与能力基线,C-STEPI-A0204-28,2019-12-27,W2,[Fellowship] 분포관점에서 살펴본 국내 산업생태계의 진화양상 및 과학기술혁신정책의 역할 - 기업성장률 분포를 중심으로 -,机构正式研究,C:\Users\WINDOWS\OneDrive\知识库\智库信息爬虫\国际主要科技智库观点演变_研判\03_证据底稿\原文PDF\C-STEPI-A0204-28.pdf,C:\Users\WINDOWS\OneDrive\知识库\智库信息爬虫\国际主要科技智库观点演变_研判\03_证据底稿\文本\C-STEPI-A0204-28.txt,https://www.stepi.re.kr/site/stepiko/report/View.do?reIdx=28,官方PDF已保存并校验
科研体系、研发投入与评价,科技创新政策与能力基线,C-STEPI-A0204-29,2019-12-27,W2,[Fellowship] 공공기술 기반 창업 활성화를 위한 지원제도 개선방안 연구,机构正式研究,C:\Users\WINDOWS\OneDrive\知识库\智库信息爬虫\国际主要科技智库观点演变_研判\03_证据底稿\原文PDF\C-STEPI-A0204-29.pdf,C:\Users\WINDOWS\OneDrive\知识库\智库信息爬虫\国际主要科技智库观点演变_研判\03_证据底稿\文本\C-STEPI-A0204-29.txt,https://www.stepi.re.kr/site/stepiko/report/View.do?reIdx=29,官方PDF已保存并校验
科技人才、大学与知识流动,科技创新政策与能力基线,C-STEPI-A0204-29,2019-12-27,W2,[Fellowship] 공공기술 기반 창업 활성화를 위한 지원제도 개선방안 연구,机构正式研究,C:\Users\WINDOWS\OneDrive\知识库\智库信息爬虫\国际主要科技智库观点演变_研判\03_证据底稿\原文PDF\C-STEPI-A0204-29.pdf,C:\Users\WINDOWS\OneDrive\知识库\智库信息爬虫\国际主要科技智库观点演变_研判\03_证据底稿\文本\C-STEPI-A0204-29.txt,https://www.stepi.re.kr/site/stepiko/report/View.do?reIdx=29,官方PDF已保存并校验
产业创新、创业与区域体系,科技创新政策与能力基线,C-STEPI-A0204-29,2019-12-27,W2,[Fellowship] 공공기술 기반 창업 활성화를 위한 지원제도 개선방안 연구,机构正式研究,C:\Users\WINDOWS\OneDrive\知识库\智库信息爬虫\国际主要科技智库观点演变_研判\03_证据底稿\原文PDF\C-STEPI-A0204-29.pdf,C:\Users\WINDOWS\OneDrive\知识库\智库信息爬虫\国际主要科技智库观点演变_研判\03_证据底稿\文本\C-STEPI-A0204-29.txt,https://www.stepi.re.kr/site/stepiko/report/View.do?reIdx=29,官方PDF已保存并校验
人工智能、数据与数字技术,核心科技直接材料,C-STEPI-A0204-30,2019-12-27,W2,[Fellowship] 오픈 API를 활용한 디지털 사회혁신 거버넌스 사례에 관한 연구,机构正式研究,C:\Users\WINDOWS\OneDrive\知识库\智库信息爬虫\国际主要科技智库观点演变_研判\03_证据底稿\原文PDF\C-STEPI-A0204-30.pdf,C:\Users\WINDOWS\OneDrive\知识库\智库信息爬虫\国际主要科技智库观点演变_研判\03_证据底稿\文本\C-STEPI-A0204-30.txt,https://www.stepi.re.kr/site/stepiko/report/View.do?reIdx=30,官方PDF已保存并校验
生命科学、生物技术与健康,核心科技直接材料,C-STEPI-A0204-30,2019-12-27,W2,[Fellowship] 오픈 API를 활용한 디지털 사회혁신 거버넌스 사례에 관한 연구,机构正式研究,C:\Users\WINDOWS\OneDrive\知识库\智库信息爬虫\国际主要科技智库观点演变_研判\03_证据底稿\原文PDF\C-STEPI-A0204-30.pdf,C:\Users\WINDOWS\OneDrive\知识库\智库信息爬虫\国际主要科技智库观点演变_研判\03_证据底稿\文本\C-STEPI-A0204-30.txt,https://www.stepi.re.kr/site/stepiko/report/View.do?reIdx=30,官方PDF已保存并校验
科研体系、研发投入与评价,核心科技直接材料,C-STEPI-A0204-30,2019-12-27,W2,[Fellowship] 오픈 API를 활용한 디지털 사회혁신 거버넌스 사례에 관한 연구,机构正式研究,C:\Users\WINDOWS\OneDrive\知识库\智库信息爬虫\国际主要科技智库观点演变_研判\03_证据底稿\原文PDF\C-STEPI-A0204-30.pdf,C:\Users\WINDOWS\OneDrive\知识库\智库信息爬虫\国际主要科技智库观点演变_研判\03_证据底稿\文本\C-STEPI-A0204-30.txt,https://www.stepi.re.kr/site/stepiko/report/View.do?reIdx=30,官方PDF已保存并校验
科技人才、大学与知识流动,核心科技直接材料,C-STEPI-A0204-30,2019-12-27,W2,[Fellowship] 오픈 API를 활용한 디지털 사회혁신 거버넌스 사례에 관한 연구,机构正式研究,C:\Users\WINDOWS\OneDrive\知识库\智库信息爬虫\国际主要科技智库观点演变_研判\03_证据底稿\原文PDF\C-STEPI-A0204-30.pdf,C:\Users\WINDOWS\OneDrive\知识库\智库信息爬虫\国际主要科技智库观点演变_研判\03_证据底稿\文本\C-STEPI-A0204-30.txt,https://www.stepi.re.kr/site/stepiko/report/View.do?reIdx=30,官方PDF已保存并校验
产业创新、创业与区域体系,核心科技直接材料,C-STEPI-A0204-30,2019-12-27,W2,[Fellowship] 오픈 API를 활용한 디지털 사회혁신 거버넌스 사례에 관한 연구,机构正式研究,C:\Users\WINDOWS\OneDrive\知识库\智库信息爬虫\国际主要科技智库观点演变_研判\03_证据底稿\原文PDF\C-STEPI-A0204-30.pdf,C:\Users\WINDOWS\OneDrive\知识库\智库信息爬虫\国际主要科技智库观点演变_研判\03_证据底稿\文本\C-STEPI-A0204-30.txt,https://www.stepi.re.kr/site/stepiko/report/View.do?reIdx=30,官方PDF已保存并校验
人工智能、数据与数字技术,科技创新政策与能力基线,C-STEPI-A0204-31,2019-12-27,W2,[Fellowship] 드론의 사회적 가치 제고를 위한 활용 방안 - 개발도상국의 공간정보 격차 해소 사례연구 -,机构正式研究,C:\Users\WINDOWS\OneDrive\知识库\智库信息爬虫\国际主要科技智库观点演变_研判\03_证据底稿\原文PDF\C-STEPI-A0204-31.pdf,C:\Users\WINDOWS\OneDrive\知识库\智库信息爬虫\国际主要科技智库观点演变_研判\03_证据底稿\文本\C-STEPI-A0204-31.txt,https://www.stepi.re.kr/site/stepiko/report/View.do?reIdx=31,官方PDF已保存并校验
生命科学、生物技术与健康,科技创新政策与能力基线,C-STEPI-A0204-31,2019-12-27,W2,[Fellowship] 드론의 사회적 가치 제고를 위한 활용 방안 - 개발도상국의 공간정보 격차 해소 사례연구 -,机构正式研究,C:\Users\WINDOWS\OneDrive\知识库\智库信息爬虫\国际主要科技智库观点演变_研判\03_证据底稿\原文PDF\C-STEPI-A0204-31.pdf,C:\Users\WINDOWS\OneDrive\知识库\智库信息爬虫\国际主要科技智库观点演变_研判\03_证据底稿\文本\C-STEPI-A0204-31.txt,https://www.stepi.re.kr/site/stepiko/report/View.do?reIdx=31,官方PDF已保存并校验
科研体系、研发投入与评价,科技创新政策与能力基线,C-STEPI-A0204-31,2019-12-27,W2,[Fellowship] 드론의 사회적 가치 제고를 위한 활용 방안 - 개발도상국의 공간정보 격차 해소 사례연구 -,机构正式研究,C:\Users\WINDOWS\OneDrive\知识库\智库信息爬虫\国际主要科技智库观点演变_研判\03_证据底稿\原文PDF\C-STEPI-A0204-31.pdf,C:\Users\WINDOWS\OneDrive\知识库\智库信息爬虫\国际主要科技智库观点演变_研判\03_证据底稿\文本\C-STEPI-A0204-31.txt,https://www.stepi.re.kr/site/stepiko/report/View.do?reIdx=31,官方PDF已保存并校验
科技人才、大学与知识流动,科技创新政策与能力基线,C-STEPI-A0204-31,2019-12-27,W2,[Fellowship] 드론의 사회적 가치 제고를 위한 활용 방안 - 개발도상국의 공간정보 격차 해소 사례연구 -,机构正式研究,C:\Users\WINDOWS\OneDrive\知识库\智库信息爬虫\国际主要科技智库观点演变_研判\03_证据底稿\原文PDF\C-STEPI-A0204-31.pdf,C:\Users\WINDOWS\OneDrive\知识库\智库信息爬虫\国际主要科技智库观点演变_研判\03_证据底稿\文本\C-STEPI-A0204-31.txt,https://www.stepi.re.kr/site/stepiko/report/View.do?reIdx=31,官方PDF已保存并校验
产业创新、创业与区域体系,科技创新政策与能力基线,C-STEPI-A0204-31,2019-12-27,W2,[Fellowship] 드론의 사회적 가치 제고를 위한 활용 방안 - 개발도상국의 공간정보 격차 해소 사례연구 -,机构正式研究,C:\Users\WINDOWS\OneDrive\知识库\智库信息爬虫\国际主要科技智库观点演变_研判\03_证据底稿\原文PDF\C-STEPI-A0204-31.pdf,C:\Users\WINDOWS\OneDrive\知识库\智库信息爬虫\国际主要科技智库观点演变_研判\03_证据底稿\文本\C-STEPI-A0204-31.txt,https://www.stepi.re.kr/site/stepiko/report/View.do?reIdx=31,官方PDF已保存并校验
科技前瞻与未来社会,科技创新政策与能力基线,C-STEPI-A0204-31,2019-12-27,W2,[Fellowship] 드론의 사회적 가치 제고를 위한 활용 방안 - 개발도상국의 공간정보 격차 해소 사례연구 -,机构正式研究,C:\Users\WINDOWS\OneDrive\知识库\智库信息爬虫\国际主要科技智库观点演变_研判\03_证据底稿\原文PDF\C-STEPI-A0204-31.pdf,C:\Users\WINDOWS\OneDrive\知识库\智库信息爬虫\国际主要科技智库观点演变_研判\03_证据底稿\文本\C-STEPI-A0204-31.txt,https://www.stepi.re.kr/site/stepiko/report/View.do?reIdx=31,官方PDF已保存并校验
人工智能、数据与数字技术,科技创新政策与能力基线,C-STEPI-A0204-32,2019-12-27,W2,[Fellowship] R&D 협력과 기업의 기술혁신 유인 한국 제조업을 중심으로 - 경쟁자와의 R&D 협력과 무임승차 -,机构正式研究,C:\Users\WINDOWS\OneDrive\知识库\智库信息爬虫\国际主要科技智库观点演变_研判\03_证据底稿\原文PDF\C-STEPI-A0204-32.pdf,C:\Users\WINDOWS\OneDrive\知识库\智库信息爬虫\国际主要科技智库观点演变_研判\03_证据底稿\文本\C-STEPI-A0204-32.txt,https://www.stepi.re.kr/site/stepiko/report/View.do?reIdx=32,官方PDF已保存并校验
科研体系、研发投入与评价,科技创新政策与能力基线,C-STEPI-A0204-32,2019-12-27,W2,[Fellowship] R&D 협력과 기업의 기술혁신 유인 한국 제조업을 중심으로 - 경쟁자와의 R&D 협력과 무임승차 -,机构正式研究,C:\Users\WINDOWS\OneDrive\知识库\智库信息爬虫\国际主要科技智库观点演变_研判\03_证据底稿\原文PDF\C-STEPI-A0204-32.pdf,C:\Users\WINDOWS\OneDrive\知识库\智库信息爬虫\国际主要科技智库观点演变_研判\03_证据底稿\文本\C-STEPI-A0204-32.txt,https://www.stepi.re.kr/site/stepiko/report/View.do?reIdx=32,官方PDF已保存并校验
科技人才、大学与知识流动,科技创新政策与能力基线,C-STEPI-A0204-32,2019-12-27,W2,[Fellowship] R&D 협력과 기업의 기술혁신 유인 한국 제조업을 중심으로 - 경쟁자와의 R&D 협력과 무임승차 -,机构正式研究,C:\Users\WINDOWS\OneDrive\知识库\智库信息爬虫\国际主要科技智库观点演变_研判\03_证据底稿\原文PDF\C-STEPI-A0204-32.pdf,C:\Users\WINDOWS\OneDrive\知识库\智库信息爬虫\国际主要科技智库观点演变_研判\03_证据底稿\文本\C-STEPI-A0204-32.txt,https://www.stepi.re.kr/site/stepiko/report/View.do?reIdx=32,官方PDF已保存并校验
产业创新、创业与区域体系,科技创新政策与能力基线,C-STEPI-A0204-32,2019-12-27,W2,[Fellowship] R&D 협력과 기업의 기술혁신 유인 한국 제조업을 중심으로 - 경쟁자와의 R&D 협력과 무임승차 -,机构正式研究,C:\Users\WINDOWS\OneDrive\知识库\智库信息爬虫\国际主要科技智库观点演变_研判\03_证据底稿\原文PDF\C-STEPI-A0204-32.pdf,C:\Users\WINDOWS\OneDrive\知识库\智库信息爬虫\国际主要科技智库观点演变_研判\03_证据底稿\文本\C-STEPI-A0204-32.txt,https://www.stepi.re.kr/site/stepiko/report/View.do?reIdx=32,官方PDF已保存并校验
科技创新政策与研究体系,科技创新政策与能力基线,C-STEPI-A0204-33,2020-05-26,W2,[Korea Report] 한국의 코로나19 대응 현황과 주요 동인,机构正式研究,,,https://www.stepi.re.kr/site/stepiko/report/View.do?reIdx=33,官方目录无PDF
科研体系、研发投入与评价,科技创新政策与能力基线,C-STEPI-A0204-34,2020-12-15,W2,[Korea Report II]National Policy Transition in the COVID-19 Pandemic Era: Responding to Grand Challenges,机构正式研究,C:\Users\WINDOWS\OneDrive\知识库\智库信息爬虫\国际主要科技智库观点演变_研判\03_证据底稿\原文PDF\C-STEPI-A0204-34.pdf,C:\Users\WINDOWS\OneDrive\知识库\智库信息爬虫\国际主要科技智库观点演变_研判\03_证据底稿\文本\C-STEPI-A0204-34.txt,https://www.stepi.re.kr/site/stepiko/report/View.do?reIdx=34,官方PDF已保存并校验
产业创新、创业与区域体系,科技创新政策与能力基线,C-STEPI-A0204-36,2021-02-23,W2,한국의 혁신창업생태계 대시보드,机构正式研究,,,https://www.stepi.re.kr/site/stepiko/report/View.do?reIdx=36,官方目录无PDF
中国科技与国际比较,核心科技直接材料,C-STEPI-A0204-37,2020-12-31,W2,오슬로 매뉴얼 2018 (제4판): 혁신 관련 데이터의 수집ㆍ보고ㆍ활용을 위한 지침 - 과학ㆍ기술ㆍ혁신활동의 측정,机构正式研究,C:\Users\WINDOWS\OneDrive\知识库\智库信息爬虫\国际主要科技智库观点演变_研判\03_证据底稿\原文PDF\C-STEPI-A0204-37.pdf,C:\Users\WINDOWS\OneDrive\知识库\智库信息爬虫\国际主要科技智库观点演变_研判\03_证据底稿\文本\C-STEPI-A0204-37.txt,https://www.stepi.re.kr/site/stepiko/report/View.do?reIdx=37,官方PDF已保存并校验
人工智能、数据与数字技术,核心科技直接材料,C-STEPI-A0204-37,2020-12-31,W2,오슬로 매뉴얼 2018 (제4판): 혁신 관련 데이터의 수집ㆍ보고ㆍ활용을 위한 지침 - 과학ㆍ기술ㆍ혁신활동의 측정,机构正式研究,C:\Users\WINDOWS\OneDrive\知识库\智库信息爬虫\国际主要科技智库观点演变_研判\03_证据底稿\原文PDF\C-STEPI-A0204-37.pdf,C:\Users\WINDOWS\OneDrive\知识库\智库信息爬虫\国际主要科技智库观点演变_研判\03_证据底稿\文本\C-STEPI-A0204-37.txt,https://www.stepi.re.kr/site/stepiko/report/View.do?reIdx=37,官方PDF已保存并校验
科研体系、研发投入与评价,核心科技直接材料,C-STEPI-A0204-37,2020-12-31,W2,오슬로 매뉴얼 2018 (제4판): 혁신 관련 데이터의 수집ㆍ보고ㆍ활용을 위한 지침 - 과학ㆍ기술ㆍ혁신활동의 측정,机构正式研究,C:\Users\WINDOWS\OneDrive\知识库\智库信息爬虫\国际主要科技智库观点演变_研判\03_证据底稿\原文PDF\C-STEPI-A0204-37.pdf,C:\Users\WINDOWS\OneDrive\知识库\智库信息爬虫\国际主要科技智库观点演变_研判\03_证据底稿\文本\C-STEPI-A0204-37.txt,https://www.stepi.re.kr/site/stepiko/report/View.do?reIdx=37,官方PDF已保存并校验
科技人才、大学与知识流动,核心科技直接材料,C-STEPI-A0204-37,2020-12-31,W2,오슬로 매뉴얼 2018 (제4판): 혁신 관련 데이터의 수집ㆍ보고ㆍ활용을 위한 지침 - 과학ㆍ기술ㆍ혁신활동의 측정,机构正式研究,C:\Users\WINDOWS\OneDrive\知识库\智库信息爬虫\国际主要科技智库观点演变_研判\03_证据底稿\原文PDF\C-STEPI-A0204-37.pdf,C:\Users\WINDOWS\OneDrive\知识库\智库信息爬虫\国际主要科技智库观点演变_研判\03_证据底稿\文本\C-STEPI-A0204-37.txt,https://www.stepi.re.kr/site/stepiko/report/View.do?reIdx=37,官方PDF已保存并校验
产业创新、创业与区域体系,核心科技直接材料,C-STEPI-A0204-37,2020-12-31,W2,오슬로 매뉴얼 2018 (제4판): 혁신 관련 데이터의 수집ㆍ보고ㆍ활용을 위한 지침 - 과학ㆍ기술ㆍ혁신활동의 측정,机构正式研究,C:\Users\WINDOWS\OneDrive\知识库\智库信息爬虫\国际主要科技智库观点演变_研判\03_证据底稿\原文PDF\C-STEPI-A0204-37.pdf,C:\Users\WINDOWS\OneDrive\知识库\智库信息爬虫\国际主要科技智库观点演变_研判\03_证据底稿\文本\C-STEPI-A0204-37.txt,https://www.stepi.re.kr/site/stepiko/report/View.do?reIdx=37,官方PDF已保存并校验
技术安全、供应链与国际合作,核心科技直接材料,C-STEPI-A0204-37,2020-12-31,W2,오슬로 매뉴얼 2018 (제4판): 혁신 관련 데이터의 수집ㆍ보고ㆍ활용을 위한 지침 - 과학ㆍ기술ㆍ혁신활동의 측정,机构正式研究,C:\Users\WINDOWS\OneDrive\知识库\智库信息爬虫\国际主要科技智库观点演变_研判\03_证据底稿\原文PDF\C-STEPI-A0204-37.pdf,C:\Users\WINDOWS\OneDrive\知识库\智库信息爬虫\国际主要科技智库观点演变_研判\03_证据底稿\文本\C-STEPI-A0204-37.txt,https://www.stepi.re.kr/site/stepiko/report/View.do?reIdx=37,官方PDF已保存并校验
中国科技与国际比较,科技创新政策与能力基线,C-STEPI-A0204-38,2020-12-31,W2,(2020 STEPI Fellowship) 지식기반 스마트 특성화 - 동아시아의 신산업 창출 경로를 중심으로,机构正式研究,C:\Users\WINDOWS\OneDrive\知识库\智库信息爬虫\国际主要科技智库观点演变_研判\03_证据底稿\原文PDF\C-STEPI-A0204-38.pdf,C:\Users\WINDOWS\OneDrive\知识库\智库信息爬虫\国际主要科技智库观点演变_研判\03_证据底稿\文本\C-STEPI-A0204-38.txt,https://www.stepi.re.kr/site/stepiko/report/View.do?reIdx=38,官方PDF已保存并校验
人工智能、数据与数字技术,科技创新政策与能力基线,C-STEPI-A0204-38,2020-12-31,W2,(2020 STEPI Fellowship) 지식기반 스마트 특성화 - 동아시아의 신산업 창출 경로를 중심으로,机构正式研究,C:\Users\WINDOWS\OneDrive\知识库\智库信息爬虫\国际主要科技智库观点演变_研判\03_证据底稿\原文PDF\C-STEPI-A0204-38.pdf,C:\Users\WINDOWS\OneDrive\知识库\智库信息爬虫\国际主要科技智库观点演变_研判\03_证据底稿\文本\C-STEPI-A0204-38.txt,https://www.stepi.re.kr/site/stepiko/report/View.do?reIdx=38,官方PDF已保存并校验
能源、气候与绿色转型,科技创新政策与能力基线,C-STEPI-A0204-38,2020-12-31,W2,(2020 STEPI Fellowship) 지식기반 스마트 특성화 - 동아시아의 신산업 창출 경로를 중심으로,机构正式研究,C:\Users\WINDOWS\OneDrive\知识库\智库信息爬虫\国际主要科技智库观点演变_研判\03_证据底稿\原文PDF\C-STEPI-A0204-38.pdf,C:\Users\WINDOWS\OneDrive\知识库\智库信息爬虫\国际主要科技智库观点演变_研判\03_证据底稿\文本\C-STEPI-A0204-38.txt,https://www.stepi.re.kr/site/stepiko/report/View.do?reIdx=38,官方PDF已保存并校验
科研体系、研发投入与评价,科技创新政策与能力基线,C-STEPI-A0204-38,2020-12-31,W2,(2020 STEPI Fellowship) 지식기반 스마트 특성화 - 동아시아의 신산업 창출 경로를 중심으로,机构正式研究,C:\Users\WINDOWS\OneDrive\知识库\智库信息爬虫\国际主要科技智库观点演变_研判\03_证据底稿\原文PDF\C-STEPI-A0204-38.pdf,C:\Users\WINDOWS\OneDrive\知识库\智库信息爬虫\国际主要科技智库观点演变_研判\03_证据底稿\文本\C-STEPI-A0204-38.txt,https://www.stepi.re.kr/site/stepiko/report/View.do?reIdx=38,官方PDF已保存并校验
科技人才、大学与知识流动,科技创新政策与能力基线,C-STEPI-A0204-38,2020-12-31,W2,(2020 STEPI Fellowship) 지식기반 스마트 특성화 - 동아시아의 신산업 창출 경로를 중심으로,机构正式研究,C:\Users\WINDOWS\OneDrive\知识库\智库信息爬虫\国际主要科技智库观点演变_研判\03_证据底稿\原文PDF\C-STEPI-A0204-38.pdf,C:\Users\WINDOWS\OneDrive\知识库\智库信息爬虫\国际主要科技智库观点演变_研判\03_证据底稿\文本\C-STEPI-A0204-38.txt,https://www.stepi.re.kr/site/stepiko/report/View.do?reIdx=38,官方PDF已保存并校验
产业创新、创业与区域体系,科技创新政策与能力基线,C-STEPI-A0204-38,2020-12-31,W2,(2020 STEPI Fellowship) 지식기반 스마트 특성화 - 동아시아의 신산업 창출 경로를 중심으로,机构正式研究,C:\Users\WINDOWS\OneDrive\知识库\智库信息爬虫\国际主要科技智库观点演变_研判\03_证据底稿\原文PDF\C-STEPI-A0204-38.pdf,C:\Users\WINDOWS\OneDrive\知识库\智库信息爬虫\国际主要科技智库观点演变_研判\03_证据底稿\文本\C-STEPI-A0204-38.txt,https://www.stepi.re.kr/site/stepiko/report/View.do?reIdx=38,官方PDF已保存并校验
科技前瞻与未来社会,科技创新政策与能力基线,C-STEPI-A0204-38,2020-12-31,W2,(2020 STEPI Fellowship) 지식기반 스마트 특성화 - 동아시아의 신산업 창출 경로를 중심으로,机构正式研究,C:\Users\WINDOWS\OneDrive\知识库\智库信息爬虫\国际主要科技智库观点演变_研判\03_证据底稿\原文PDF\C-STEPI-A0204-38.pdf,C:\Users\WINDOWS\OneDrive\知识库\智库信息爬虫\国际主要科技智库观点演变_研判\03_证据底稿\文本\C-STEPI-A0204-38.txt,https://www.stepi.re.kr/site/stepiko/report/View.do?reIdx=38,官方PDF已保存并校验
人工智能、数据与数字技术,科技创新政策与能力基线,C-STEPI-A0204-39,2020-12-31,W2,(2020 STEPI Fellowship) 완전 자율주행차 상용화를 위한  국제규범과 국내법제도의 조화,机构正式研究,C:\Users\WINDOWS\OneDrive\知识库\智库信息爬虫\国际主要科技智库观点演变_研判\03_证据底稿\原文PDF\C-STEPI-A0204-39.pdf,C:\Users\WINDOWS\OneDrive\知识库\智库信息爬虫\国际主要科技智库观点演变_研判\03_证据底稿\文本\C-STEPI-A0204-39.txt,https://www.stepi.re.kr/site/stepiko/report/View.do?reIdx=39,官方PDF已保存并校验
科研体系、研发投入与评价,科技创新政策与能力基线,C-STEPI-A0204-39,2020-12-31,W2,(2020 STEPI Fellowship) 완전 자율주행차 상용화를 위한  국제규범과 국내법제도의 조화,机构正式研究,C:\Users\WINDOWS\OneDrive\知识库\智库信息爬虫\国际主要科技智库观点演变_研判\03_证据底稿\原文PDF\C-STEPI-A0204-39.pdf,C:\Users\WINDOWS\OneDrive\知识库\智库信息爬虫\国际主要科技智库观点演变_研判\03_证据底稿\文本\C-STEPI-A0204-39.txt,https://www.stepi.re.kr/site/stepiko/report/View.do?reIdx=39,官方PDF已保存并校验
科技人才、大学与知识流动,科技创新政策与能力基线,C-STEPI-A0204-39,2020-12-31,W2,(2020 STEPI Fellowship) 완전 자율주행차 상용화를 위한  국제규범과 국내법제도의 조화,机构正式研究,C:\Users\WINDOWS\OneDrive\知识库\智库信息爬虫\国际主要科技智库观点演变_研判\03_证据底稿\原文PDF\C-STEPI-A0204-39.pdf,C:\Users\WINDOWS\OneDrive\知识库\智库信息爬虫\国际主要科技智库观点演变_研判\03_证据底稿\文本\C-STEPI-A0204-39.txt,https://www.stepi.re.kr/site/stepiko/report/View.do?reIdx=39,官方PDF已保存并校验
产业创新、创业与区域体系,科技创新政策与能力基线,C-STEPI-A0204-39,2020-12-31,W2,(2020 STEPI Fellowship) 완전 자율주행차 상용화를 위한  국제규범과 국내법제도의 조화,机构正式研究,C:\Users\WINDOWS\OneDrive\知识库\智库信息爬虫\国际主要科技智库观点演变_研判\03_证据底稿\原文PDF\C-STEPI-A0204-39.pdf,C:\Users\WINDOWS\OneDrive\知识库\智库信息爬虫\国际主要科技智库观点演变_研判\03_证据底稿\文本\C-STEPI-A0204-39.txt,https://www.stepi.re.kr/site/stepiko/report/View.do?reIdx=39,官方PDF已保存并校验
技术安全、供应链与国际合作,科技创新政策与能力基线,C-STEPI-A0204-39,2020-12-31,W2,(2020 STEPI Fellowship) 완전 자율주행차 상용화를 위한  국제규범과 국내법제도의 조화,机构正式研究,C:\Users\WINDOWS\OneDrive\知识库\智库信息爬虫\国际主要科技智库观点演变_研判\03_证据底稿\原文PDF\C-STEPI-A0204-39.pdf,C:\Users\WINDOWS\OneDrive\知识库\智库信息爬虫\国际主要科技智库观点演变_研判\03_证据底稿\文本\C-STEPI-A0204-39.txt,https://www.stepi.re.kr/site/stepiko/report/View.do?reIdx=39,官方PDF已保存并校验
科技前瞻与未来社会,科技创新政策与能力基线,C-STEPI-A0204-39,2020-12-31,W2,(2020 STEPI Fellowship) 완전 자율주행차 상용화를 위한  국제규범과 국내법제도의 조화,机构正式研究,C:\Users\WINDOWS\OneDrive\知识库\智库信息爬虫\国际主要科技智库观点演变_研判\03_证据底稿\原文PDF\C-STEPI-A0204-39.pdf,C:\Users\WINDOWS\OneDrive\知识库\智库信息爬虫\国际主要科技智库观点演变_研判\03_证据底稿\文本\C-STEPI-A0204-39.txt,https://www.stepi.re.kr/site/stepiko/report/View.do?reIdx=39,官方PDF已保存并校验
人工智能、数据与数字技术,科技创新政策与能力基线,C-STEPI-A0204-40,2020-12-31,W2,(2020 STEPI Fellowship) 개발도상국의 경제발전에 ICT부문 ODA가 미치는 영향에 관한 연구,机构正式研究,C:\Users\WINDOWS\OneDrive\知识库\智库信息爬虫\国际主要科技智库观点演变_研判\03_证据底稿\原文PDF\C-STEPI-A0204-40.pdf,C:\Users\WINDOWS\OneDrive\知识库\智库信息爬虫\国际主要科技智库观点演变_研判\03_证据底稿\文本\C-STEPI-A0204-40.txt,https://www.stepi.re.kr/site/stepiko/report/View.do?reIdx=40,官方PDF已保存并校验
科研体系、研发投入与评价,科技创新政策与能力基线,C-STEPI-A0204-40,2020-12-31,W2,(2020 STEPI Fellowship) 개발도상국의 경제발전에 ICT부문 ODA가 미치는 영향에 관한 연구,机构正式研究,C:\Users\WINDOWS\OneDrive\知识库\智库信息爬虫\国际主要科技智库观点演变_研判\03_证据底稿\原文PDF\C-STEPI-A0204-40.pdf,C:\Users\WINDOWS\OneDrive\知识库\智库信息爬虫\国际主要科技智库观点演变_研判\03_证据底稿\文本\C-STEPI-A0204-40.txt,https://www.stepi.re.kr/site/stepiko/report/View.do?reIdx=40,官方PDF已保存并校验
科技人才、大学与知识流动,科技创新政策与能力基线,C-STEPI-A0204-40,2020-12-31,W2,(2020 STEPI Fellowship) 개발도상국의 경제발전에 ICT부문 ODA가 미치는 영향에 관한 연구,机构正式研究,C:\Users\WINDOWS\OneDrive\知识库\智库信息爬虫\国际主要科技智库观点演变_研判\03_证据底稿\原文PDF\C-STEPI-A0204-40.pdf,C:\Users\WINDOWS\OneDrive\知识库\智库信息爬虫\国际主要科技智库观点演变_研判\03_证据底稿\文本\C-STEPI-A0204-40.txt,https://www.stepi.re.kr/site/stepiko/report/View.do?reIdx=40,官方PDF已保存并校验
产业创新、创业与区域体系,科技创新政策与能力基线,C-STEPI-A0204-40,2020-12-31,W2,(2020 STEPI Fellowship) 개발도상국의 경제발전에 ICT부문 ODA가 미치는 영향에 관한 연구,机构正式研究,C:\Users\WINDOWS\OneDrive\知识库\智库信息爬虫\国际主要科技智库观点演变_研判\03_证据底稿\原文PDF\C-STEPI-A0204-40.pdf,C:\Users\WINDOWS\OneDrive\知识库\智库信息爬虫\国际主要科技智库观点演变_研判\03_证据底稿\文本\C-STEPI-A0204-40.txt,https://www.stepi.re.kr/site/stepiko/report/View.do?reIdx=40,官方PDF已保存并校验
人工智能、数据与数字技术,科技创新政策与能力基线,C-STEPI-A0204-41,2020-12-31,W2,(2020 STEPI Fellowship) 포스트코로나 시대에 대응하는 그린뉴딜 정책의 경제적 파급효과 -과학기술정책에 대한 시사점-,机构正式研究,C:\Users\WINDOWS\OneDrive\知识库\智库信息爬虫\国际主要科技智库观点演变_研判\03_证据底稿\原文PDF\C-STEPI-A0204-41.pdf,C:\Users\WINDOWS\OneDrive\知识库\智库信息爬虫\国际主要科技智库观点演变_研判\03_证据底稿\文本\C-STEPI-A0204-41.txt,https://www.stepi.re.kr/site/stepiko/report/View.do?reIdx=41,官方PDF已保存并校验
能源、气候与绿色转型,科技创新政策与能力基线,C-STEPI-A0204-41,2020-12-31,W2,(2020 STEPI Fellowship) 포스트코로나 시대에 대응하는 그린뉴딜 정책의 경제적 파급효과 -과학기술정책에 대한 시사점-,机构正式研究,C:\Users\WINDOWS\OneDrive\知识库\智库信息爬虫\国际主要科技智库观点演变_研判\03_证据底稿\原文PDF\C-STEPI-A0204-41.pdf,C:\Users\WINDOWS\OneDrive\知识库\智库信息爬虫\国际主要科技智库观点演变_研判\03_证据底稿\文本\C-STEPI-A0204-41.txt,https://www.stepi.re.kr/site/stepiko/report/View.do?reIdx=41,官方PDF已保存并校验
科研体系、研发投入与评价,科技创新政策与能力基线,C-STEPI-A0204-41,2020-12-31,W2,(2020 STEPI Fellowship) 포스트코로나 시대에 대응하는 그린뉴딜 정책의 경제적 파급효과 -과학기술정책에 대한 시사점-,机构正式研究,C:\Users\WINDOWS\OneDrive\知识库\智库信息爬虫\国际主要科技智库观点演变_研判\03_证据底稿\原文PDF\C-STEPI-A0204-41.pdf,C:\Users\WINDOWS\OneDrive\知识库\智库信息爬虫\国际主要科技智库观点演变_研判\03_证据底稿\文本\C-STEPI-A0204-41.txt,https://www.stepi.re.kr/site/stepiko/report/View.do?reIdx=41,官方PDF已保存并校验
科技人才、大学与知识流动,科技创新政策与能力基线,C-STEPI-A0204-41,2020-12-31,W2,(2020 STEPI Fellowship) 포스트코로나 시대에 대응하는 그린뉴딜 정책의 경제적 파급효과 -과학기술정책에 대한 시사점-,机构正式研究,C:\Users\WINDOWS\OneDrive\知识库\智库信息爬虫\国际主要科技智库观点演变_研判\03_证据底稿\原文PDF\C-STEPI-A0204-41.pdf,C:\Users\WINDOWS\OneDrive\知识库\智库信息爬虫\国际主要科技智库观点演变_研判\03_证据底稿\文本\C-STEPI-A0204-41.txt,https://www.stepi.re.kr/site/stepiko/report/View.do?reIdx=41,官方PDF已保存并校验
产业创新、创业与区域体系,科技创新政策与能力基线,C-STEPI-A0204-41,2020-12-31,W2,(2020 STEPI Fellowship) 포스트코로나 시대에 대응하는 그린뉴딜 정책의 경제적 파급효과 -과학기술정책에 대한 시사점-,机构正式研究,C:\Users\WINDOWS\OneDrive\知识库\智库信息爬虫\国际主要科技智库观点演变_研判\03_证据底稿\原文PDF\C-STEPI-A0204-41.pdf,C:\Users\WINDOWS\OneDrive\知识库\智库信息爬虫\国际主要科技智库观点演变_研判\03_证据底稿\文本\C-STEPI-A0204-41.txt,https://www.stepi.re.kr/site/stepiko/report/View.do?reIdx=41,官方PDF已保存并校验
技术安全、供应链与国际合作,科技创新政策与能力基线,C-STEPI-A0204-41,2020-12-31,W2,(2020 STEPI Fellowship) 포스트코로나 시대에 대응하는 그린뉴딜 정책의 경제적 파급효과 -과학기술정책에 대한 시사점-,机构正式研究,C:\Users\WINDOWS\OneDrive\知识库\智库信息爬虫\国际主要科技智库观点演变_研判\03_证据底稿\原文PDF\C-STEPI-A0204-41.pdf,C:\Users\WINDOWS\OneDrive\知识库\智库信息爬虫\国际主要科技智库观点演变_研判\03_证据底稿\文本\C-STEPI-A0204-41.txt,https://www.stepi.re.kr/site/stepiko/report/View.do?reIdx=41,官方PDF已保存并校验
科技前瞻与未来社会,科技创新政策与能力基线,C-STEPI-A0204-41,2020-12-31,W2,(2020 STEPI Fellowship) 포스트코로나 시대에 대응하는 그린뉴딜 정책의 경제적 파급효과 -과학기술정책에 대한 시사점-,机构正式研究,C:\Users\WINDOWS\OneDrive\知识库\智库信息爬虫\国际主要科技智库观点演变_研判\03_证据底稿\原文PDF\C-STEPI-A0204-41.pdf,C:\Users\WINDOWS\OneDrive\知识库\智库信息爬虫\国际主要科技智库观点演变_研判\03_证据底稿\文本\C-STEPI-A0204-41.txt,https://www.stepi.re.kr/site/stepiko/report/View.do?reIdx=41,官方PDF已保存并校验
能源、气候与绿色转型,科技创新政策与能力基线,C-STEPI-A0204-42,2020-12-31,W2,(2020 STEPI Fellowship) 김정은 시대 북한 ‘과학기술 중시 정책’과 남북 간 과학기술 교류협력,机构正式研究,C:\Users\WINDOWS\OneDrive\知识库\智库信息爬虫\国际主要科技智库观点演变_研判\03_证据底稿\原文PDF\C-STEPI-A0204-42.pdf,C:\Users\WINDOWS\OneDrive\知识库\智库信息爬虫\国际主要科技智库观点演变_研判\03_证据底稿\文本\C-STEPI-A0204-42.txt,https://www.stepi.re.kr/site/stepiko/report/View.do?reIdx=42,官方PDF已保存并校验
科研体系、研发投入与评价,科技创新政策与能力基线,C-STEPI-A0204-42,2020-12-31,W2,(2020 STEPI Fellowship) 김정은 시대 북한 ‘과학기술 중시 정책’과 남북 간 과학기술 교류협력,机构正式研究,C:\Users\WINDOWS\OneDrive\知识库\智库信息爬虫\国际主要科技智库观点演变_研判\03_证据底稿\原文PDF\C-STEPI-A0204-42.pdf,C:\Users\WINDOWS\OneDrive\知识库\智库信息爬虫\国际主要科技智库观点演变_研判\03_证据底稿\文本\C-STEPI-A0204-42.txt,https://www.stepi.re.kr/site/stepiko/report/View.do?reIdx=42,官方PDF已保存并校验
科技人才、大学与知识流动,科技创新政策与能力基线,C-STEPI-A0204-42,2020-12-31,W2,(2020 STEPI Fellowship) 김정은 시대 북한 ‘과학기술 중시 정책’과 남북 간 과학기술 교류협력,机构正式研究,C:\Users\WINDOWS\OneDrive\知识库\智库信息爬虫\国际主要科技智库观点演变_研判\03_证据底稿\原文PDF\C-STEPI-A0204-42.pdf,C:\Users\WINDOWS\OneDrive\知识库\智库信息爬虫\国际主要科技智库观点演变_研判\03_证据底稿\文本\C-STEPI-A0204-42.txt,https://www.stepi.re.kr/site/stepiko/report/View.do?reIdx=42,官方PDF已保存并校验
产业创新、创业与区域体系,科技创新政策与能力基线,C-STEPI-A0204-42,2020-12-31,W2,(2020 STEPI Fellowship) 김정은 시대 북한 ‘과학기술 중시 정책’과 남북 간 과학기술 교류협력,机构正式研究,C:\Users\WINDOWS\OneDrive\知识库\智库信息爬虫\国际主要科技智库观点演变_研判\03_证据底稿\原文PDF\C-STEPI-A0204-42.pdf,C:\Users\WINDOWS\OneDrive\知识库\智库信息爬虫\国际主要科技智库观点演变_研判\03_证据底稿\文本\C-STEPI-A0204-42.txt,https://www.stepi.re.kr/site/stepiko/report/View.do?reIdx=42,官方PDF已保存并校验
技术安全、供应链与国际合作,科技创新政策与能力基线,C-STEPI-A0204-42,2020-12-31,W2,(2020 STEPI Fellowship) 김정은 시대 북한 ‘과학기술 중시 정책’과 남북 간 과학기술 교류협력,机构正式研究,C:\Users\WINDOWS\OneDrive\知识库\智库信息爬虫\国际主要科技智库观点演变_研判\03_证据底稿\原文PDF\C-STEPI-A0204-42.pdf,C:\Users\WINDOWS\OneDrive\知识库\智库信息爬虫\国际主要科技智库观点演变_研判\03_证据底稿\文本\C-STEPI-A0204-42.txt,https://www.stepi.re.kr/site/stepiko/report/View.do?reIdx=42,官方PDF已保存并校验
中国科技与国际比较,核心科技直接材料,C-STEPI-A0204-43,2020-12-31,W2,"(2020 STEPI Fellowship) 미중기술패권 경쟁과 시사점 화웨이, 틱톡, 텐허 분쟁사례를 중심으로",机构正式研究,C:\Users\WINDOWS\OneDrive\知识库\智库信息爬虫\国际主要科技智库观点演变_研判\03_证据底稿\原文PDF\C-STEPI-A0204-43.pdf,C:\Users\WINDOWS\OneDrive\知识库\智库信息爬虫\国际主要科技智库观点演变_研判\03_证据底稿\文本\C-STEPI-A0204-43.txt,https://www.stepi.re.kr/site/stepiko/report/View.do?reIdx=43,官方PDF已保存并校验
人工智能、数据与数字技术,核心科技直接材料,C-STEPI-A0204-43,2020-12-31,W2,"(2020 STEPI Fellowship) 미중기술패권 경쟁과 시사점 화웨이, 틱톡, 텐허 분쟁사례를 중심으로",机构正式研究,C:\Users\WINDOWS\OneDrive\知识库\智库信息爬虫\国际主要科技智库观点演变_研判\03_证据底稿\原文PDF\C-STEPI-A0204-43.pdf,C:\Users\WINDOWS\OneDrive\知识库\智库信息爬虫\国际主要科技智库观点演变_研判\03_证据底稿\文本\C-STEPI-A0204-43.txt,https://www.stepi.re.kr/site/stepiko/report/View.do?reIdx=43,官方PDF已保存并校验
半导体、量子与战略技术,核心科技直接材料,C-STEPI-A0204-43,2020-12-31,W2,"(2020 STEPI Fellowship) 미중기술패권 경쟁과 시사점 화웨이, 틱톡, 텐허 분쟁사례를 중심으로",机构正式研究,C:\Users\WINDOWS\OneDrive\知识库\智库信息爬虫\国际主要科技智库观点演变_研判\03_证据底稿\原文PDF\C-STEPI-A0204-43.pdf,C:\Users\WINDOWS\OneDrive\知识库\智库信息爬虫\国际主要科技智库观点演变_研判\03_证据底稿\文本\C-STEPI-A0204-43.txt,https://www.stepi.re.kr/site/stepiko/report/View.do?reIdx=43,官方PDF已保存并校验
生命科学、生物技术与健康,核心科技直接材料,C-STEPI-A0204-43,2020-12-31,W2,"(2020 STEPI Fellowship) 미중기술패권 경쟁과 시사점 화웨이, 틱톡, 텐허 분쟁사례를 중심으로",机构正式研究,C:\Users\WINDOWS\OneDrive\知识库\智库信息爬虫\国际主要科技智库观点演变_研判\03_证据底稿\原文PDF\C-STEPI-A0204-43.pdf,C:\Users\WINDOWS\OneDrive\知识库\智库信息爬虫\国际主要科技智库观点演变_研判\03_证据底稿\文本\C-STEPI-A0204-43.txt,https://www.stepi.re.kr/site/stepiko/report/View.do?reIdx=43,官方PDF已保存并校验
能源、气候与绿色转型,核心科技直接材料,C-STEPI-A0204-43,2020-12-31,W2,"(2020 STEPI Fellowship) 미중기술패권 경쟁과 시사점 화웨이, 틱톡, 텐허 분쟁사례를 중심으로",机构正式研究,C:\Users\WINDOWS\OneDrive\知识库\智库信息爬虫\国际主要科技智库观点演变_研判\03_证据底稿\原文PDF\C-STEPI-A0204-43.pdf,C:\Users\WINDOWS\OneDrive\知识库\智库信息爬虫\国际主要科技智库观点演变_研判\03_证据底稿\文本\C-STEPI-A0204-43.txt,https://www.stepi.re.kr/site/stepiko/report/View.do?reIdx=43,官方PDF已保存并校验
科研体系、研发投入与评价,核心科技直接材料,C-STEPI-A0204-43,2020-12-31,W2,"(2020 STEPI Fellowship) 미중기술패권 경쟁과 시사점 화웨이, 틱톡, 텐허 분쟁사례를 중심으로",机构正式研究,C:\Users\WINDOWS\OneDrive\知识库\智库信息爬虫\国际主要科技智库观点演变_研判\03_证据底稿\原文PDF\C-STEPI-A0204-43.pdf,C:\Users\WINDOWS\OneDrive\知识库\智库信息爬虫\国际主要科技智库观点演变_研判\03_证据底稿\文本\C-STEPI-A0204-43.txt,https://www.stepi.re.kr/site/stepiko/report/View.do?reIdx=43,官方PDF已保存并校验
科技人才、大学与知识流动,核心科技直接材料,C-STEPI-A0204-43,2020-12-31,W2,"(2020 STEPI Fellowship) 미중기술패권 경쟁과 시사점 화웨이, 틱톡, 텐허 분쟁사례를 중심으로",机构正式研究,C:\Users\WINDOWS\OneDrive\知识库\智库信息爬虫\国际主要科技智库观点演变_研判\03_证据底稿\原文PDF\C-STEPI-A0204-43.pdf,C:\Users\WINDOWS\OneDrive\知识库\智库信息爬虫\国际主要科技智库观点演变_研判\03_证据底稿\文本\C-STEPI-A0204-43.txt,https://www.stepi.re.kr/site/stepiko/report/View.do?reIdx=43,官方PDF已保存并校验
产业创新、创业与区域体系,核心科技直接材料,C-STEPI-A0204-43,2020-12-31,W2,"(2020 STEPI Fellowship) 미중기술패권 경쟁과 시사점 화웨이, 틱톡, 텐허 분쟁사례를 중심으로",机构正式研究,C:\Users\WINDOWS\OneDrive\知识库\智库信息爬虫\国际主要科技智库观点演变_研判\03_证据底稿\原文PDF\C-STEPI-A0204-43.pdf,C:\Users\WINDOWS\OneDrive\知识库\智库信息爬虫\国际主要科技智库观点演变_研判\03_证据底稿\文本\C-STEPI-A0204-43.txt,https://www.stepi.re.kr/site/stepiko/report/View.do?reIdx=43,官方PDF已保存并校验
技术安全、供应链与国际合作,核心科技直接材料,C-STEPI-A0204-43,2020-12-31,W2,"(2020 STEPI Fellowship) 미중기술패권 경쟁과 시사점 화웨이, 틱톡, 텐허 분쟁사례를 중심으로",机构正式研究,C:\Users\WINDOWS\OneDrive\知识库\智库信息爬虫\国际主要科技智库观点演变_研判\03_证据底稿\原文PDF\C-STEPI-A0204-43.pdf,C:\Users\WINDOWS\OneDrive\知识库\智库信息爬虫\国际主要科技智库观点演变_研判\03_证据底稿\文本\C-STEPI-A0204-43.txt,https://www.stepi.re.kr/site/stepiko/report/View.do?reIdx=43,官方PDF已保存并校验
科技前瞻与未来社会,核心科技直接材料,C-STEPI-A0204-43,2020-12-31,W2,"(2020 STEPI Fellowship) 미중기술패권 경쟁과 시사점 화웨이, 틱톡, 텐허 분쟁사례를 중심으로",机构正式研究,C:\Users\WINDOWS\OneDrive\知识库\智库信息爬虫\国际主要科技智库观点演变_研判\03_证据底稿\原文PDF\C-STEPI-A0204-43.pdf,C:\Users\WINDOWS\OneDrive\知识库\智库信息爬虫\国际主要科技智库观点演变_研判\03_证据底稿\文本\C-STEPI-A0204-43.txt,https://www.stepi.re.kr/site/stepiko/report/View.do?reIdx=43,官方PDF已保存并校验
人工智能、数据与数字技术,科技创新政策与能力基线,C-STEPI-A0204-44,2020-12-31,W2,(2020 STEPI Fellowship) 연구인력 직무훈련이 기업의 기술적 지식 스톡과 연구 생산성의 관계에 미치는 영향 한국 제조업 기업을 중심으로,机构正式研究,C:\Users\WINDOWS\OneDrive\知识库\智库信息爬虫\国际主要科技智库观点演变_研判\03_证据底稿\原文PDF\C-STEPI-A0204-44.pdf,C:\Users\WINDOWS\OneDrive\知识库\智库信息爬虫\国际主要科技智库观点演变_研判\03_证据底稿\文本\C-STEPI-A0204-44.txt,https://www.stepi.re.kr/site/stepiko/report/View.do?reIdx=44,官方PDF已保存并校验
科研体系、研发投入与评价,科技创新政策与能力基线,C-STEPI-A0204-44,2020-12-31,W2,(2020 STEPI Fellowship) 연구인력 직무훈련이 기업의 기술적 지식 스톡과 연구 생산성의 관계에 미치는 영향 한국 제조업 기업을 중심으로,机构正式研究,C:\Users\WINDOWS\OneDrive\知识库\智库信息爬虫\国际主要科技智库观点演变_研判\03_证据底稿\原文PDF\C-STEPI-A0204-44.pdf,C:\Users\WINDOWS\OneDrive\知识库\智库信息爬虫\国际主要科技智库观点演变_研判\03_证据底稿\文本\C-STEPI-A0204-44.txt,https://www.stepi.re.kr/site/stepiko/report/View.do?reIdx=44,官方PDF已保存并校验
科技人才、大学与知识流动,科技创新政策与能力基线,C-STEPI-A0204-44,2020-12-31,W2,(2020 STEPI Fellowship) 연구인력 직무훈련이 기업의 기술적 지식 스톡과 연구 생산성의 관계에 미치는 영향 한국 제조업 기업을 중심으로,机构正式研究,C:\Users\WINDOWS\OneDrive\知识库\智库信息爬虫\国际主要科技智库观点演变_研判\03_证据底稿\原文PDF\C-STEPI-A0204-44.pdf,C:\Users\WINDOWS\OneDrive\知识库\智库信息爬虫\国际主要科技智库观点演变_研判\03_证据底稿\文本\C-STEPI-A0204-44.txt,https://www.stepi.re.kr/site/stepiko/report/View.do?reIdx=44,官方PDF已保存并校验
产业创新、创业与区域体系,科技创新政策与能力基线,C-STEPI-A0204-44,2020-12-31,W2,(2020 STEPI Fellowship) 연구인력 직무훈련이 기업의 기술적 지식 스톡과 연구 생산성의 관계에 미치는 영향 한국 제조업 기업을 중심으로,机构正式研究,C:\Users\WINDOWS\OneDrive\知识库\智库信息爬虫\国际主要科技智库观点演变_研判\03_证据底稿\原文PDF\C-STEPI-A0204-44.pdf,C:\Users\WINDOWS\OneDrive\知识库\智库信息爬虫\国际主要科技智库观点演变_研判\03_证据底稿\文本\C-STEPI-A0204-44.txt,https://www.stepi.re.kr/site/stepiko/report/View.do?reIdx=44,官方PDF已保存并校验
产业创新、创业与区域体系,科技创新政策与能力基线,C-STEPI-A0204-46,2021-06-30,W2,한국의 혁신창업생태계 대시보드(2021년 1분기),机构正式研究,C:\Users\WINDOWS\OneDrive\知识库\智库信息爬虫\国际主要科技智库观点演变_研判\03_证据底稿\原文PDF\C-STEPI-A0204-46.pdf,C:\Users\WINDOWS\OneDrive\知识库\智库信息爬虫\国际主要科技智库观点演变_研判\03_证据底稿\文本\C-STEPI-A0204-46.txt,https://www.stepi.re.kr/site/stepiko/report/View.do?reIdx=46,官方PDF已保存并校验
产业创新、创业与区域体系,科技创新政策与能力基线,C-STEPI-A0204-63,2021-08-18,W2,한국의 혁신창업생태계 대시보드(21년 2분기),机构正式研究,C:\Users\WINDOWS\OneDrive\知识库\智库信息爬虫\国际主要科技智库观点演变_研判\03_证据底稿\原文PDF\C-STEPI-A0204-63.pdf,C:\Users\WINDOWS\OneDrive\知识库\智库信息爬虫\国际主要科技智库观点演变_研判\03_证据底稿\文本\C-STEPI-A0204-63.txt,https://www.stepi.re.kr/site/stepiko/report/View.do?reIdx=63,官方PDF已保存并校验
中国科技与国际比较,科技创新政策与能力基线,C-STEPI-A0204-64,2021-10-29,W2,[국가별보고서 제1호] 일본의 스마트제조혁신 정책 분석 : 주요 현황과 시사점,机构正式研究,C:\Users\WINDOWS\OneDrive\知识库\智库信息爬虫\国际主要科技智库观点演变_研判\03_证据底稿\原文PDF\C-STEPI-A0204-64.pdf,C:\Users\WINDOWS\OneDrive\知识库\智库信息爬虫\国际主要科技智库观点演变_研判\03_证据底稿\文本\C-STEPI-A0204-64.txt,https://www.stepi.re.kr/site/stepiko/report/View.do?reIdx=64,官方PDF已保存并校验
人工智能、数据与数字技术,科技创新政策与能力基线,C-STEPI-A0204-64,2021-10-29,W2,[국가별보고서 제1호] 일본의 스마트제조혁신 정책 분석 : 주요 현황과 시사점,机构正式研究,C:\Users\WINDOWS\OneDrive\知识库\智库信息爬虫\国际主要科技智库观点演变_研判\03_证据底稿\原文PDF\C-STEPI-A0204-64.pdf,C:\Users\WINDOWS\OneDrive\知识库\智库信息爬虫\国际主要科技智库观点演变_研判\03_证据底稿\文本\C-STEPI-A0204-64.txt,https://www.stepi.re.kr/site/stepiko/report/View.do?reIdx=64,官方PDF已保存并校验
半导体、量子与战略技术,科技创新政策与能力基线,C-STEPI-A0204-64,2021-10-29,W2,[국가별보고서 제1호] 일본의 스마트제조혁신 정책 분석 : 주요 현황과 시사점,机构正式研究,C:\Users\WINDOWS\OneDrive\知识库\智库信息爬虫\国际主要科技智库观点演变_研判\03_证据底稿\原文PDF\C-STEPI-A0204-64.pdf,C:\Users\WINDOWS\OneDrive\知识库\智库信息爬虫\国际主要科技智库观点演变_研判\03_证据底稿\文本\C-STEPI-A0204-64.txt,https://www.stepi.re.kr/site/stepiko/report/View.do?reIdx=64,官方PDF已保存并校验
生命科学、生物技术与健康,科技创新政策与能力基线,C-STEPI-A0204-64,2021-10-29,W2,[국가별보고서 제1호] 일본의 스마트제조혁신 정책 분석 : 주요 현황과 시사점,机构正式研究,C:\Users\WINDOWS\OneDrive\知识库\智库信息爬虫\国际主要科技智库观点演变_研判\03_证据底稿\原文PDF\C-STEPI-A0204-64.pdf,C:\Users\WINDOWS\OneDrive\知识库\智库信息爬虫\国际主要科技智库观点演变_研判\03_证据底稿\文本\C-STEPI-A0204-64.txt,https://www.stepi.re.kr/site/stepiko/report/View.do?reIdx=64,官方PDF已保存并校验
能源、气候与绿色转型,科技创新政策与能力基线,C-STEPI-A0204-64,2021-10-29,W2,[국가별보고서 제1호] 일본의 스마트제조혁신 정책 분석 : 주요 현황과 시사점,机构正式研究,C:\Users\WINDOWS\OneDrive\知识库\智库信息爬虫\国际主要科技智库观点演变_研判\03_证据底稿\原文PDF\C-STEPI-A0204-64.pdf,C:\Users\WINDOWS\OneDrive\知识库\智库信息爬虫\国际主要科技智库观点演变_研判\03_证据底稿\文本\C-STEPI-A0204-64.txt,https://www.stepi.re.kr/site/stepiko/report/View.do?reIdx=64,官方PDF已保存并校验
科研体系、研发投入与评价,科技创新政策与能力基线,C-STEPI-A0204-64,2021-10-29,W2,[국가별보고서 제1호] 일본의 스마트제조혁신 정책 분석 : 주요 현황과 시사점,机构正式研究,C:\Users\WINDOWS\OneDrive\知识库\智库信息爬虫\国际主要科技智库观点演变_研判\03_证据底稿\原文PDF\C-STEPI-A0204-64.pdf,C:\Users\WINDOWS\OneDrive\知识库\智库信息爬虫\国际主要科技智库观点演变_研判\03_证据底稿\文本\C-STEPI-A0204-64.txt,https://www.stepi.re.kr/site/stepiko/report/View.do?reIdx=64,官方PDF已保存并校验
科技人才、大学与知识流动,科技创新政策与能力基线,C-STEPI-A0204-64,2021-10-29,W2,[국가별보고서 제1호] 일본의 스마트제조혁신 정책 분석 : 주요 현황과 시사점,机构正式研究,C:\Users\WINDOWS\OneDrive\知识库\智库信息爬虫\国际主要科技智库观点演变_研判\03_证据底稿\原文PDF\C-STEPI-A0204-64.pdf,C:\Users\WINDOWS\OneDrive\知识库\智库信息爬虫\国际主要科技智库观点演变_研判\03_证据底稿\文本\C-STEPI-A0204-64.txt,https://www.stepi.re.kr/site/stepiko/report/View.do?reIdx=64,官方PDF已保存并校验
产业创新、创业与区域体系,科技创新政策与能力基线,C-STEPI-A0204-64,2021-10-29,W2,[국가별보고서 제1호] 일본의 스마트제조혁신 정책 분석 : 주요 현황과 시사점,机构正式研究,C:\Users\WINDOWS\OneDrive\知识库\智库信息爬虫\国际主要科技智库观点演变_研判\03_证据底稿\原文PDF\C-STEPI-A0204-64.pdf,C:\Users\WINDOWS\OneDrive\知识库\智库信息爬虫\国际主要科技智库观点演变_研判\03_证据底稿\文本\C-STEPI-A0204-64.txt,https://www.stepi.re.kr/site/stepiko/report/View.do?reIdx=64,官方PDF已保存并校验
技术安全、供应链与国际合作,科技创新政策与能力基线,C-STEPI-A0204-64,2021-10-29,W2,[국가별보고서 제1호] 일본의 스마트제조혁신 정책 분석 : 주요 현황과 시사점,机构正式研究,C:\Users\WINDOWS\OneDrive\知识库\智库信息爬虫\国际主要科技智库观点演变_研判\03_证据底稿\原文PDF\C-STEPI-A0204-64.pdf,C:\Users\WINDOWS\OneDrive\知识库\智库信息爬虫\国际主要科技智库观点演变_研判\03_证据底稿\文本\C-STEPI-A0204-64.txt,https://www.stepi.re.kr/site/stepiko/report/View.do?reIdx=64,官方PDF已保存并校验
科技前瞻与未来社会,科技创新政策与能力基线,C-STEPI-A0204-64,2021-10-29,W2,[국가별보고서 제1호] 일본의 스마트제조혁신 정책 분석 : 주요 현황과 시사점,机构正式研究,C:\Users\WINDOWS\OneDrive\知识库\智库信息爬虫\国际主要科技智库观点演变_研判\03_证据底稿\原文PDF\C-STEPI-A0204-64.pdf,C:\Users\WINDOWS\OneDrive\知识库\智库信息爬虫\国际主要科技智库观点演变_研判\03_证据底稿\文本\C-STEPI-A0204-64.txt,https://www.stepi.re.kr/site/stepiko/report/View.do?reIdx=64,官方PDF已保存并校验
中国科技与国际比较,科技创新政策与能力基线,C-STEPI-A0204-65,2021-11-29,W2,[국가별보고서 제2호] 중국의 스마트제조혁신 정책 분석 : 주요 현황과 시사점,机构正式研究,C:\Users\WINDOWS\OneDrive\知识库\智库信息爬虫\国际主要科技智库观点演变_研判\03_证据底稿\原文PDF\C-STEPI-A0204-65.pdf,C:\Users\WINDOWS\OneDrive\知识库\智库信息爬虫\国际主要科技智库观点演变_研判\03_证据底稿\文本\C-STEPI-A0204-65.txt,https://www.stepi.re.kr/site/stepiko/report/View.do?reIdx=65,官方PDF已保存并校验
人工智能、数据与数字技术,科技创新政策与能力基线,C-STEPI-A0204-65,2021-11-29,W2,[국가별보고서 제2호] 중국의 스마트제조혁신 정책 분석 : 주요 현황과 시사점,机构正式研究,C:\Users\WINDOWS\OneDrive\知识库\智库信息爬虫\国际主要科技智库观点演变_研判\03_证据底稿\原文PDF\C-STEPI-A0204-65.pdf,C:\Users\WINDOWS\OneDrive\知识库\智库信息爬虫\国际主要科技智库观点演变_研判\03_证据底稿\文本\C-STEPI-A0204-65.txt,https://www.stepi.re.kr/site/stepiko/report/View.do?reIdx=65,官方PDF已保存并校验
半导体、量子与战略技术,科技创新政策与能力基线,C-STEPI-A0204-65,2021-11-29,W2,[국가별보고서 제2호] 중국의 스마트제조혁신 정책 분석 : 주요 현황과 시사점,机构正式研究,C:\Users\WINDOWS\OneDrive\知识库\智库信息爬虫\国际主要科技智库观点演变_研判\03_证据底稿\原文PDF\C-STEPI-A0204-65.pdf,C:\Users\WINDOWS\OneDrive\知识库\智库信息爬虫\国际主要科技智库观点演变_研判\03_证据底稿\文本\C-STEPI-A0204-65.txt,https://www.stepi.re.kr/site/stepiko/report/View.do?reIdx=65,官方PDF已保存并校验
能源、气候与绿色转型,科技创新政策与能力基线,C-STEPI-A0204-65,2021-11-29,W2,[국가별보고서 제2호] 중국의 스마트제조혁신 정책 분석 : 주요 현황과 시사점,机构正式研究,C:\Users\WINDOWS\OneDrive\知识库\智库信息爬虫\国际主要科技智库观点演变_研判\03_证据底稿\原文PDF\C-STEPI-A0204-65.pdf,C:\Users\WINDOWS\OneDrive\知识库\智库信息爬虫\国际主要科技智库观点演变_研判\03_证据底稿\文本\C-STEPI-A0204-65.txt,https://www.stepi.re.kr/site/stepiko/report/View.do?reIdx=65,官方PDF已保存并校验
科研体系、研发投入与评价,科技创新政策与能力基线,C-STEPI-A0204-65,2021-11-29,W2,[국가별보고서 제2호] 중국의 스마트제조혁신 정책 분석 : 주요 현황과 시사점,机构正式研究,C:\Users\WINDOWS\OneDrive\知识库\智库信息爬虫\国际主要科技智库观点演变_研判\03_证据底稿\原文PDF\C-STEPI-A0204-65.pdf,C:\Users\WINDOWS\OneDrive\知识库\智库信息爬虫\国际主要科技智库观点演变_研判\03_证据底稿\文本\C-STEPI-A0204-65.txt,https://www.stepi.re.kr/site/stepiko/report/View.do?reIdx=65,官方PDF已保存并校验
科技人才、大学与知识流动,科技创新政策与能力基线,C-STEPI-A0204-65,2021-11-29,W2,[국가별보고서 제2호] 중국의 스마트제조혁신 정책 분석 : 주요 현황과 시사점,机构正式研究,C:\Users\WINDOWS\OneDrive\知识库\智库信息爬虫\国际主要科技智库观点演变_研判\03_证据底稿\原文PDF\C-STEPI-A0204-65.pdf,C:\Users\WINDOWS\OneDrive\知识库\智库信息爬虫\国际主要科技智库观点演变_研判\03_证据底稿\文本\C-STEPI-A0204-65.txt,https://www.stepi.re.kr/site/stepiko/report/View.do?reIdx=65,官方PDF已保存并校验
产业创新、创业与区域体系,科技创新政策与能力基线,C-STEPI-A0204-65,2021-11-29,W2,[국가별보고서 제2호] 중국의 스마트제조혁신 정책 분석 : 주요 현황과 시사점,机构正式研究,C:\Users\WINDOWS\OneDrive\知识库\智库信息爬虫\国际主要科技智库观点演变_研判\03_证据底稿\原文PDF\C-STEPI-A0204-65.pdf,C:\Users\WINDOWS\OneDrive\知识库\智库信息爬虫\国际主要科技智库观点演变_研判\03_证据底稿\文本\C-STEPI-A0204-65.txt,https://www.stepi.re.kr/site/stepiko/report/View.do?reIdx=65,官方PDF已保存并校验
科技前瞻与未来社会,科技创新政策与能力基线,C-STEPI-A0204-65,2021-11-29,W2,[국가별보고서 제2호] 중국의 스마트제조혁신 정책 분석 : 주요 현황과 시사점,机构正式研究,C:\Users\WINDOWS\OneDrive\知识库\智库信息爬虫\国际主要科技智库观点演变_研判\03_证据底稿\原文PDF\C-STEPI-A0204-65.pdf,C:\Users\WINDOWS\OneDrive\知识库\智库信息爬虫\国际主要科技智库观点演变_研判\03_证据底稿\文本\C-STEPI-A0204-65.txt,https://www.stepi.re.kr/site/stepiko/report/View.do?reIdx=65,官方PDF已保存并校验
中国科技与国际比较,科技创新政策与能力基线,C-STEPI-A0204-66,2021-12-09,W2,한국의 혁신창업생태계 대시보드(21년 3분기),机构正式研究,C:\Users\WINDOWS\OneDrive\知识库\智库信息爬虫\国际主要科技智库观点演变_研判\03_证据底稿\原文PDF\C-STEPI-A0204-66.pdf,C:\Users\WINDOWS\OneDrive\知识库\智库信息爬虫\国际主要科技智库观点演变_研判\03_证据底稿\文本\C-STEPI-A0204-66.txt,https://www.stepi.re.kr/site/stepiko/report/View.do?reIdx=66,官方PDF已保存并校验
科研体系、研发投入与评价,科技创新政策与能力基线,C-STEPI-A0204-66,2021-12-09,W2,한국의 혁신창업생태계 대시보드(21년 3분기),机构正式研究,C:\Users\WINDOWS\OneDrive\知识库\智库信息爬虫\国际主要科技智库观点演变_研判\03_证据底稿\原文PDF\C-STEPI-A0204-66.pdf,C:\Users\WINDOWS\OneDrive\知识库\智库信息爬虫\国际主要科技智库观点演变_研判\03_证据底稿\文本\C-STEPI-A0204-66.txt,https://www.stepi.re.kr/site/stepiko/report/View.do?reIdx=66,官方PDF已保存并校验
科技人才、大学与知识流动,科技创新政策与能力基线,C-STEPI-A0204-66,2021-12-09,W2,한국의 혁신창업생태계 대시보드(21년 3분기),机构正式研究,C:\Users\WINDOWS\OneDrive\知识库\智库信息爬虫\国际主要科技智库观点演变_研判\03_证据底稿\原文PDF\C-STEPI-A0204-66.pdf,C:\Users\WINDOWS\OneDrive\知识库\智库信息爬虫\国际主要科技智库观点演变_研判\03_证据底稿\文本\C-STEPI-A0204-66.txt,https://www.stepi.re.kr/site/stepiko/report/View.do?reIdx=66,官方PDF已保存并校验
产业创新、创业与区域体系,科技创新政策与能力基线,C-STEPI-A0204-66,2021-12-09,W2,한국의 혁신창업생태계 대시보드(21년 3분기),机构正式研究,C:\Users\WINDOWS\OneDrive\知识库\智库信息爬虫\国际主要科技智库观点演变_研判\03_证据底稿\原文PDF\C-STEPI-A0204-66.pdf,C:\Users\WINDOWS\OneDrive\知识库\智库信息爬虫\国际主要科技智库观点演变_研判\03_证据底稿\文本\C-STEPI-A0204-66.txt,https://www.stepi.re.kr/site/stepiko/report/View.do?reIdx=66,官方PDF已保存并校验
中国科技与国际比较,科技创新政策与能力基线,C-STEPI-A0204-67,2021-12-03,W2,[국가별보고서 제3호] 독일의 스마트제조혁신 정책 분석 : 주요 현황과 시사점,机构正式研究,C:\Users\WINDOWS\OneDrive\知识库\智库信息爬虫\国际主要科技智库观点演变_研判\03_证据底稿\原文PDF\C-STEPI-A0204-67.pdf,C:\Users\WINDOWS\OneDrive\知识库\智库信息爬虫\国际主要科技智库观点演变_研判\03_证据底稿\文本\C-STEPI-A0204-67.txt,https://www.stepi.re.kr/site/stepiko/report/View.do?reIdx=67,官方PDF已保存并校验
人工智能、数据与数字技术,科技创新政策与能力基线,C-STEPI-A0204-67,2021-12-03,W2,[국가별보고서 제3호] 독일의 스마트제조혁신 정책 분석 : 주요 현황과 시사점,机构正式研究,C:\Users\WINDOWS\OneDrive\知识库\智库信息爬虫\国际主要科技智库观点演变_研判\03_证据底稿\原文PDF\C-STEPI-A0204-67.pdf,C:\Users\WINDOWS\OneDrive\知识库\智库信息爬虫\国际主要科技智库观点演变_研判\03_证据底稿\文本\C-STEPI-A0204-67.txt,https://www.stepi.re.kr/site/stepiko/report/View.do?reIdx=67,官方PDF已保存并校验
半导体、量子与战略技术,科技创新政策与能力基线,C-STEPI-A0204-67,2021-12-03,W2,[국가별보고서 제3호] 독일의 스마트제조혁신 정책 분석 : 주요 현황과 시사점,机构正式研究,C:\Users\WINDOWS\OneDrive\知识库\智库信息爬虫\国际主要科技智库观点演变_研判\03_证据底稿\原文PDF\C-STEPI-A0204-67.pdf,C:\Users\WINDOWS\OneDrive\知识库\智库信息爬虫\国际主要科技智库观点演变_研判\03_证据底稿\文本\C-STEPI-A0204-67.txt,https://www.stepi.re.kr/site/stepiko/report/View.do?reIdx=67,官方PDF已保存并校验
生命科学、生物技术与健康,科技创新政策与能力基线,C-STEPI-A0204-67,2021-12-03,W2,[국가별보고서 제3호] 독일의 스마트제조혁신 정책 분석 : 주요 현황과 시사점,机构正式研究,C:\Users\WINDOWS\OneDrive\知识库\智库信息爬虫\国际主要科技智库观点演变_研判\03_证据底稿\原文PDF\C-STEPI-A0204-67.pdf,C:\Users\WINDOWS\OneDrive\知识库\智库信息爬虫\国际主要科技智库观点演变_研判\03_证据底稿\文本\C-STEPI-A0204-67.txt,https://www.stepi.re.kr/site/stepiko/report/View.do?reIdx=67,官方PDF已保存并校验
能源、气候与绿色转型,科技创新政策与能力基线,C-STEPI-A0204-67,2021-12-03,W2,[국가별보고서 제3호] 독일의 스마트제조혁신 정책 분석 : 주요 현황과 시사점,机构正式研究,C:\Users\WINDOWS\OneDrive\知识库\智库信息爬虫\国际主要科技智库观点演变_研判\03_证据底稿\原文PDF\C-STEPI-A0204-67.pdf,C:\Users\WINDOWS\OneDrive\知识库\智库信息爬虫\国际主要科技智库观点演变_研判\03_证据底稿\文本\C-STEPI-A0204-67.txt,https://www.stepi.re.kr/site/stepiko/report/View.do?reIdx=67,官方PDF已保存并校验
科研体系、研发投入与评价,科技创新政策与能力基线,C-STEPI-A0204-67,2021-12-03,W2,[국가별보고서 제3호] 독일의 스마트제조혁신 정책 분석 : 주요 현황과 시사점,机构正式研究,C:\Users\WINDOWS\OneDrive\知识库\智库信息爬虫\国际主要科技智库观点演变_研判\03_证据底稿\原文PDF\C-STEPI-A0204-67.pdf,C:\Users\WINDOWS\OneDrive\知识库\智库信息爬虫\国际主要科技智库观点演变_研判\03_证据底稿\文本\C-STEPI-A0204-67.txt,https://www.stepi.re.kr/site/stepiko/report/View.do?reIdx=67,官方PDF已保存并校验
科技人才、大学与知识流动,科技创新政策与能力基线,C-STEPI-A0204-67,2021-12-03,W2,[국가별보고서 제3호] 독일의 스마트제조혁신 정책 분석 : 주요 현황과 시사점,机构正式研究,C:\Users\WINDOWS\OneDrive\知识库\智库信息爬虫\国际主要科技智库观点演变_研判\03_证据底稿\原文PDF\C-STEPI-A0204-67.pdf,C:\Users\WINDOWS\OneDrive\知识库\智库信息爬虫\国际主要科技智库观点演变_研判\03_证据底稿\文本\C-STEPI-A0204-67.txt,https://www.stepi.re.kr/site/stepiko/report/View.do?reIdx=67,官方PDF已保存并校验
产业创新、创业与区域体系,科技创新政策与能力基线,C-STEPI-A0204-67,2021-12-03,W2,[국가별보고서 제3호] 독일의 스마트제조혁신 정책 분석 : 주요 현황과 시사점,机构正式研究,C:\Users\WINDOWS\OneDrive\知识库\智库信息爬虫\国际主要科技智库观点演变_研判\03_证据底稿\原文PDF\C-STEPI-A0204-67.pdf,C:\Users\WINDOWS\OneDrive\知识库\智库信息爬虫\国际主要科技智库观点演变_研判\03_证据底稿\文本\C-STEPI-A0204-67.txt,https://www.stepi.re.kr/site/stepiko/report/View.do?reIdx=67,官方PDF已保存并校验
科技前瞻与未来社会,科技创新政策与能力基线,C-STEPI-A0204-67,2021-12-03,W2,[국가별보고서 제3호] 독일의 스마트제조혁신 정책 분석 : 주요 현황과 시사점,机构正式研究,C:\Users\WINDOWS\OneDrive\知识库\智库信息爬虫\国际主要科技智库观点演变_研判\03_证据底稿\原文PDF\C-STEPI-A0204-67.pdf,C:\Users\WINDOWS\OneDrive\知识库\智库信息爬虫\国际主要科技智库观点演变_研判\03_证据底稿\文本\C-STEPI-A0204-67.txt,https://www.stepi.re.kr/site/stepiko/report/View.do?reIdx=67,官方PDF已保存并校验
中国科技与国际比较,科技创新政策与能力基线,C-STEPI-A0204-69,2022-01-25,W3,한국의 혁신창업생태계 대시보드(21년 4분기),机构正式研究,C:\Users\WINDOWS\OneDrive\知识库\智库信息爬虫\国际主要科技智库观点演变_研判\03_证据底稿\原文PDF\C-STEPI-A0204-69.pdf,C:\Users\WINDOWS\OneDrive\知识库\智库信息爬虫\国际主要科技智库观点演变_研判\03_证据底稿\文本\C-STEPI-A0204-69.txt,https://www.stepi.re.kr/site/stepiko/report/View.do?reIdx=69,官方PDF已保存并校验
科研体系、研发投入与评价,科技创新政策与能力基线,C-STEPI-A0204-69,2022-01-25,W3,한국의 혁신창업생태계 대시보드(21년 4분기),机构正式研究,C:\Users\WINDOWS\OneDrive\知识库\智库信息爬虫\国际主要科技智库观点演变_研判\03_证据底稿\原文PDF\C-STEPI-A0204-69.pdf,C:\Users\WINDOWS\OneDrive\知识库\智库信息爬虫\国际主要科技智库观点演变_研判\03_证据底稿\文本\C-STEPI-A0204-69.txt,https://www.stepi.re.kr/site/stepiko/report/View.do?reIdx=69,官方PDF已保存并校验
科技人才、大学与知识流动,科技创新政策与能力基线,C-STEPI-A0204-69,2022-01-25,W3,한국의 혁신창업생태계 대시보드(21년 4분기),机构正式研究,C:\Users\WINDOWS\OneDrive\知识库\智库信息爬虫\国际主要科技智库观点演变_研判\03_证据底稿\原文PDF\C-STEPI-A0204-69.pdf,C:\Users\WINDOWS\OneDrive\知识库\智库信息爬虫\国际主要科技智库观点演变_研判\03_证据底稿\文本\C-STEPI-A0204-69.txt,https://www.stepi.re.kr/site/stepiko/report/View.do?reIdx=69,官方PDF已保存并校验
产业创新、创业与区域体系,科技创新政策与能力基线,C-STEPI-A0204-69,2022-01-25,W3,한국의 혁신창업생태계 대시보드(21년 4분기),机构正式研究,C:\Users\WINDOWS\OneDrive\知识库\智库信息爬虫\国际主要科技智库观点演变_研判\03_证据底稿\原文PDF\C-STEPI-A0204-69.pdf,C:\Users\WINDOWS\OneDrive\知识库\智库信息爬虫\国际主要科技智库观点演变_研判\03_证据底稿\文本\C-STEPI-A0204-69.txt,https://www.stepi.re.kr/site/stepiko/report/View.do?reIdx=69,官方PDF已保存并校验
人工智能、数据与数字技术,科技创新政策与能力基线,C-STEPI-A0204-70,2022-03-30,W3,2021 한국의 혁신창업생태계 대시보드,机构正式研究,C:\Users\WINDOWS\OneDrive\知识库\智库信息爬虫\国际主要科技智库观点演变_研判\03_证据底稿\原文PDF\C-STEPI-A0204-70.pdf,C:\Users\WINDOWS\OneDrive\知识库\智库信息爬虫\国际主要科技智库观点演变_研判\03_证据底稿\文本\C-STEPI-A0204-70.txt,https://www.stepi.re.kr/site/stepiko/report/View.do?reIdx=70,官方PDF已保存并校验
科研体系、研发投入与评价,科技创新政策与能力基线,C-STEPI-A0204-70,2022-03-30,W3,2021 한국의 혁신창업생태계 대시보드,机构正式研究,C:\Users\WINDOWS\OneDrive\知识库\智库信息爬虫\国际主要科技智库观点演变_研判\03_证据底稿\原文PDF\C-STEPI-A0204-70.pdf,C:\Users\WINDOWS\OneDrive\知识库\智库信息爬虫\国际主要科技智库观点演变_研判\03_证据底稿\文本\C-STEPI-A0204-70.txt,https://www.stepi.re.kr/site/stepiko/report/View.do?reIdx=70,官方PDF已保存并校验
科技人才、大学与知识流动,科技创新政策与能力基线,C-STEPI-A0204-70,2022-03-30,W3,2021 한국의 혁신창업생태계 대시보드,机构正式研究,C:\Users\WINDOWS\OneDrive\知识库\智库信息爬虫\国际主要科技智库观点演变_研判\03_证据底稿\原文PDF\C-STEPI-A0204-70.pdf,C:\Users\WINDOWS\OneDrive\知识库\智库信息爬虫\国际主要科技智库观点演变_研判\03_证据底稿\文本\C-STEPI-A0204-70.txt,https://www.stepi.re.kr/site/stepiko/report/View.do?reIdx=70,官方PDF已保存并校验
产业创新、创业与区域体系,科技创新政策与能力基线,C-STEPI-A0204-70,2022-03-30,W3,2021 한국의 혁신창업생태계 대시보드,机构正式研究,C:\Users\WINDOWS\OneDrive\知识库\智库信息爬虫\国际主要科技智库观点演变_研判\03_证据底稿\原文PDF\C-STEPI-A0204-70.pdf,C:\Users\WINDOWS\OneDrive\知识库\智库信息爬虫\国际主要科技智库观点演变_研判\03_证据底稿\文本\C-STEPI-A0204-70.txt,https://www.stepi.re.kr/site/stepiko/report/View.do?reIdx=70,官方PDF已保存并校验
科技前瞻与未来社会,科技创新政策与能力基线,C-STEPI-A0204-70,2022-03-30,W3,2021 한국의 혁신창업생태계 대시보드,机构正式研究,C:\Users\WINDOWS\OneDrive\知识库\智库信息爬虫\国际主要科技智库观点演变_研判\03_证据底稿\原文PDF\C-STEPI-A0204-70.pdf,C:\Users\WINDOWS\OneDrive\知识库\智库信息爬虫\国际主要科技智库观点演变_研判\03_证据底稿\文本\C-STEPI-A0204-70.txt,https://www.stepi.re.kr/site/stepiko/report/View.do?reIdx=70,官方PDF已保存并校验
中国科技与国际比较,科技创新政策与能力基线,C-STEPI-A0204-71,2022-03-31,W3,한국의 혁신창업생태계 대시보드(22년 1분기),机构正式研究,C:\Users\WINDOWS\OneDrive\知识库\智库信息爬虫\国际主要科技智库观点演变_研判\03_证据底稿\原文PDF\C-STEPI-A0204-71.pdf,C:\Users\WINDOWS\OneDrive\知识库\智库信息爬虫\国际主要科技智库观点演变_研判\03_证据底稿\文本\C-STEPI-A0204-71.txt,https://www.stepi.re.kr/site/stepiko/report/View.do?reIdx=71,官方PDF已保存并校验
科研体系、研发投入与评价,科技创新政策与能力基线,C-STEPI-A0204-71,2022-03-31,W3,한국의 혁신창업생태계 대시보드(22년 1분기),机构正式研究,C:\Users\WINDOWS\OneDrive\知识库\智库信息爬虫\国际主要科技智库观点演变_研判\03_证据底稿\原文PDF\C-STEPI-A0204-71.pdf,C:\Users\WINDOWS\OneDrive\知识库\智库信息爬虫\国际主要科技智库观点演变_研判\03_证据底稿\文本\C-STEPI-A0204-71.txt,https://www.stepi.re.kr/site/stepiko/report/View.do?reIdx=71,官方PDF已保存并校验
科技人才、大学与知识流动,科技创新政策与能力基线,C-STEPI-A0204-71,2022-03-31,W3,한국의 혁신창업생태계 대시보드(22년 1분기),机构正式研究,C:\Users\WINDOWS\OneDrive\知识库\智库信息爬虫\国际主要科技智库观点演变_研判\03_证据底稿\原文PDF\C-STEPI-A0204-71.pdf,C:\Users\WINDOWS\OneDrive\知识库\智库信息爬虫\国际主要科技智库观点演变_研判\03_证据底稿\文本\C-STEPI-A0204-71.txt,https://www.stepi.re.kr/site/stepiko/report/View.do?reIdx=71,官方PDF已保存并校验
产业创新、创业与区域体系,科技创新政策与能力基线,C-STEPI-A0204-71,2022-03-31,W3,한국의 혁신창업생태계 대시보드(22년 1분기),机构正式研究,C:\Users\WINDOWS\OneDrive\知识库\智库信息爬虫\国际主要科技智库观点演变_研判\03_证据底稿\原文PDF\C-STEPI-A0204-71.pdf,C:\Users\WINDOWS\OneDrive\知识库\智库信息爬虫\国际主要科技智库观点演变_研判\03_证据底稿\文本\C-STEPI-A0204-71.txt,https://www.stepi.re.kr/site/stepiko/report/View.do?reIdx=71,官方PDF已保存并校验
中国科技与国际比较,科技创新政策与能力基线,C-STEPI-A0204-72,2022-03-30,W3,[국가별보고서 제4호] 미국의 스마트제조혁신 정책 분석 : 주요 현황과 시사점,机构正式研究,C:\Users\WINDOWS\OneDrive\知识库\智库信息爬虫\国际主要科技智库观点演变_研判\03_证据底稿\原文PDF\C-STEPI-A0204-72.pdf,C:\Users\WINDOWS\OneDrive\知识库\智库信息爬虫\国际主要科技智库观点演变_研判\03_证据底稿\文本\C-STEPI-A0204-72.txt,https://www.stepi.re.kr/site/stepiko/report/View.do?reIdx=72,官方PDF已保存并校验
人工智能、数据与数字技术,科技创新政策与能力基线,C-STEPI-A0204-72,2022-03-30,W3,[국가별보고서 제4호] 미국의 스마트제조혁신 정책 분석 : 주요 현황과 시사점,机构正式研究,C:\Users\WINDOWS\OneDrive\知识库\智库信息爬虫\国际主要科技智库观点演变_研判\03_证据底稿\原文PDF\C-STEPI-A0204-72.pdf,C:\Users\WINDOWS\OneDrive\知识库\智库信息爬虫\国际主要科技智库观点演变_研判\03_证据底稿\文本\C-STEPI-A0204-72.txt,https://www.stepi.re.kr/site/stepiko/report/View.do?reIdx=72,官方PDF已保存并校验
半导体、量子与战略技术,科技创新政策与能力基线,C-STEPI-A0204-72,2022-03-30,W3,[국가별보고서 제4호] 미국의 스마트제조혁신 정책 분석 : 주요 현황과 시사점,机构正式研究,C:\Users\WINDOWS\OneDrive\知识库\智库信息爬虫\国际主要科技智库观点演变_研判\03_证据底稿\原文PDF\C-STEPI-A0204-72.pdf,C:\Users\WINDOWS\OneDrive\知识库\智库信息爬虫\国际主要科技智库观点演变_研判\03_证据底稿\文本\C-STEPI-A0204-72.txt,https://www.stepi.re.kr/site/stepiko/report/View.do?reIdx=72,官方PDF已保存并校验
能源、气候与绿色转型,科技创新政策与能力基线,C-STEPI-A0204-72,2022-03-30,W3,[국가별보고서 제4호] 미국의 스마트제조혁신 정책 분석 : 주요 현황과 시사점,机构正式研究,C:\Users\WINDOWS\OneDrive\知识库\智库信息爬虫\国际主要科技智库观点演变_研判\03_证据底稿\原文PDF\C-STEPI-A0204-72.pdf,C:\Users\WINDOWS\OneDrive\知识库\智库信息爬虫\国际主要科技智库观点演变_研判\03_证据底稿\文本\C-STEPI-A0204-72.txt,https://www.stepi.re.kr/site/stepiko/report/View.do?reIdx=72,官方PDF已保存并校验
科研体系、研发投入与评价,科技创新政策与能力基线,C-STEPI-A0204-72,2022-03-30,W3,[국가별보고서 제4호] 미국의 스마트제조혁신 정책 분석 : 주요 현황과 시사점,机构正式研究,C:\Users\WINDOWS\OneDrive\知识库\智库信息爬虫\国际主要科技智库观点演变_研判\03_证据底稿\原文PDF\C-STEPI-A0204-72.pdf,C:\Users\WINDOWS\OneDrive\知识库\智库信息爬虫\国际主要科技智库观点演变_研判\03_证据底稿\文本\C-STEPI-A0204-72.txt,https://www.stepi.re.kr/site/stepiko/report/View.do?reIdx=72,官方PDF已保存并校验
科技人才、大学与知识流动,科技创新政策与能力基线,C-STEPI-A0204-72,2022-03-30,W3,[국가별보고서 제4호] 미국의 스마트제조혁신 정책 분석 : 주요 현황과 시사점,机构正式研究,C:\Users\WINDOWS\OneDrive\知识库\智库信息爬虫\国际主要科技智库观点演变_研判\03_证据底稿\原文PDF\C-STEPI-A0204-72.pdf,C:\Users\WINDOWS\OneDrive\知识库\智库信息爬虫\国际主要科技智库观点演变_研判\03_证据底稿\文本\C-STEPI-A0204-72.txt,https://www.stepi.re.kr/site/stepiko/report/View.do?reIdx=72,官方PDF已保存并校验
产业创新、创业与区域体系,科技创新政策与能力基线,C-STEPI-A0204-72,2022-03-30,W3,[국가별보고서 제4호] 미국의 스마트제조혁신 정책 분석 : 주요 현황과 시사점,机构正式研究,C:\Users\WINDOWS\OneDrive\知识库\智库信息爬虫\国际主要科技智库观点演变_研判\03_证据底稿\原文PDF\C-STEPI-A0204-72.pdf,C:\Users\WINDOWS\OneDrive\知识库\智库信息爬虫\国际主要科技智库观点演变_研判\03_证据底稿\文本\C-STEPI-A0204-72.txt,https://www.stepi.re.kr/site/stepiko/report/View.do?reIdx=72,官方PDF已保存并校验
技术安全、供应链与国际合作,科技创新政策与能力基线,C-STEPI-A0204-72,2022-03-30,W3,[국가별보고서 제4호] 미국의 스마트제조혁신 정책 분석 : 주요 현황과 시사점,机构正式研究,C:\Users\WINDOWS\OneDrive\知识库\智库信息爬虫\国际主要科技智库观点演变_研判\03_证据底稿\原文PDF\C-STEPI-A0204-72.pdf,C:\Users\WINDOWS\OneDrive\知识库\智库信息爬虫\国际主要科技智库观点演变_研判\03_证据底稿\文本\C-STEPI-A0204-72.txt,https://www.stepi.re.kr/site/stepiko/report/View.do?reIdx=72,官方PDF已保存并校验
科技前瞻与未来社会,科技创新政策与能力基线,C-STEPI-A0204-72,2022-03-30,W3,[국가별보고서 제4호] 미국의 스마트제조혁신 정책 분석 : 주요 현황과 시사점,机构正式研究,C:\Users\WINDOWS\OneDrive\知识库\智库信息爬虫\国际主要科技智库观点演变_研判\03_证据底稿\原文PDF\C-STEPI-A0204-72.pdf,C:\Users\WINDOWS\OneDrive\知识库\智库信息爬虫\国际主要科技智库观点演变_研判\03_证据底稿\文本\C-STEPI-A0204-72.txt,https://www.stepi.re.kr/site/stepiko/report/View.do?reIdx=72,官方PDF已保存并校验
中国科技与国际比较,科技创新政策与能力基线,C-STEPI-A0204-73,2022-06-15,W3,[종합보고서] 주요국 스마트제조혁신 정책 비교와 한국에의 시사점,机构正式研究,C:\Users\WINDOWS\OneDrive\知识库\智库信息爬虫\国际主要科技智库观点演变_研判\03_证据底稿\原文PDF\C-STEPI-A0204-73.pdf,C:\Users\WINDOWS\OneDrive\知识库\智库信息爬虫\国际主要科技智库观点演变_研判\03_证据底稿\文本\C-STEPI-A0204-73.txt,https://www.stepi.re.kr/site/stepiko/report/View.do?reIdx=73,官方PDF已保存并校验
人工智能、数据与数字技术,科技创新政策与能力基线,C-STEPI-A0204-73,2022-06-15,W3,[종합보고서] 주요국 스마트제조혁신 정책 비교와 한국에의 시사점,机构正式研究,C:\Users\WINDOWS\OneDrive\知识库\智库信息爬虫\国际主要科技智库观点演变_研判\03_证据底稿\原文PDF\C-STEPI-A0204-73.pdf,C:\Users\WINDOWS\OneDrive\知识库\智库信息爬虫\国际主要科技智库观点演变_研判\03_证据底稿\文本\C-STEPI-A0204-73.txt,https://www.stepi.re.kr/site/stepiko/report/View.do?reIdx=73,官方PDF已保存并校验
半导体、量子与战略技术,科技创新政策与能力基线,C-STEPI-A0204-73,2022-06-15,W3,[종합보고서] 주요국 스마트제조혁신 정책 비교와 한국에의 시사점,机构正式研究,C:\Users\WINDOWS\OneDrive\知识库\智库信息爬虫\国际主要科技智库观点演变_研判\03_证据底稿\原文PDF\C-STEPI-A0204-73.pdf,C:\Users\WINDOWS\OneDrive\知识库\智库信息爬虫\国际主要科技智库观点演变_研判\03_证据底稿\文本\C-STEPI-A0204-73.txt,https://www.stepi.re.kr/site/stepiko/report/View.do?reIdx=73,官方PDF已保存并校验
科研体系、研发投入与评价,科技创新政策与能力基线,C-STEPI-A0204-73,2022-06-15,W3,[종합보고서] 주요국 스마트제조혁신 정책 비교와 한국에의 시사점,机构正式研究,C:\Users\WINDOWS\OneDrive\知识库\智库信息爬虫\国际主要科技智库观点演变_研判\03_证据底稿\原文PDF\C-STEPI-A0204-73.pdf,C:\Users\WINDOWS\OneDrive\知识库\智库信息爬虫\国际主要科技智库观点演变_研判\03_证据底稿\文本\C-STEPI-A0204-73.txt,https://www.stepi.re.kr/site/stepiko/report/View.do?reIdx=73,官方PDF已保存并校验
产业创新、创业与区域体系,科技创新政策与能力基线,C-STEPI-A0204-73,2022-06-15,W3,[종합보고서] 주요국 스마트제조혁신 정책 비교와 한국에의 시사점,机构正式研究,C:\Users\WINDOWS\OneDrive\知识库\智库信息爬虫\国际主要科技智库观点演变_研判\03_证据底稿\原文PDF\C-STEPI-A0204-73.pdf,C:\Users\WINDOWS\OneDrive\知识库\智库信息爬虫\国际主要科技智库观点演变_研判\03_证据底稿\文本\C-STEPI-A0204-73.txt,https://www.stepi.re.kr/site/stepiko/report/View.do?reIdx=73,官方PDF已保存并校验
技术安全、供应链与国际合作,科技创新政策与能力基线,C-STEPI-A0204-73,2022-06-15,W3,[종합보고서] 주요국 스마트제조혁신 정책 비교와 한국에의 시사점,机构正式研究,C:\Users\WINDOWS\OneDrive\知识库\智库信息爬虫\国际主要科技智库观点演变_研判\03_证据底稿\原文PDF\C-STEPI-A0204-73.pdf,C:\Users\WINDOWS\OneDrive\知识库\智库信息爬虫\国际主要科技智库观点演变_研判\03_证据底稿\文本\C-STEPI-A0204-73.txt,https://www.stepi.re.kr/site/stepiko/report/View.do?reIdx=73,官方PDF已保存并校验
科技前瞻与未来社会,科技创新政策与能力基线,C-STEPI-A0204-73,2022-06-15,W3,[종합보고서] 주요국 스마트제조혁신 정책 비교와 한국에의 시사점,机构正式研究,C:\Users\WINDOWS\OneDrive\知识库\智库信息爬虫\国际主要科技智库观点演变_研判\03_证据底稿\原文PDF\C-STEPI-A0204-73.pdf,C:\Users\WINDOWS\OneDrive\知识库\智库信息爬虫\国际主要科技智库观点演变_研判\03_证据底稿\文本\C-STEPI-A0204-73.txt,https://www.stepi.re.kr/site/stepiko/report/View.do?reIdx=73,官方PDF已保存并校验
中国科技与国际比较,科技创新政策与能力基线,C-STEPI-A0204-74,2022-07-29,W3,한국의 혁신창업생태계 대시보드(22년 2분기),机构正式研究,C:\Users\WINDOWS\OneDrive\知识库\智库信息爬虫\国际主要科技智库观点演变_研判\03_证据底稿\原文PDF\C-STEPI-A0204-74.pdf,C:\Users\WINDOWS\OneDrive\知识库\智库信息爬虫\国际主要科技智库观点演变_研判\03_证据底稿\文本\C-STEPI-A0204-74.txt,https://www.stepi.re.kr/site/stepiko/report/View.do?reIdx=74,官方PDF已保存并校验
科研体系、研发投入与评价,科技创新政策与能力基线,C-STEPI-A0204-74,2022-07-29,W3,한국의 혁신창업생태계 대시보드(22년 2분기),机构正式研究,C:\Users\WINDOWS\OneDrive\知识库\智库信息爬虫\国际主要科技智库观点演变_研判\03_证据底稿\原文PDF\C-STEPI-A0204-74.pdf,C:\Users\WINDOWS\OneDrive\知识库\智库信息爬虫\国际主要科技智库观点演变_研判\03_证据底稿\文本\C-STEPI-A0204-74.txt,https://www.stepi.re.kr/site/stepiko/report/View.do?reIdx=74,官方PDF已保存并校验
科技人才、大学与知识流动,科技创新政策与能力基线,C-STEPI-A0204-74,2022-07-29,W3,한국의 혁신창업생태계 대시보드(22년 2분기),机构正式研究,C:\Users\WINDOWS\OneDrive\知识库\智库信息爬虫\国际主要科技智库观点演变_研判\03_证据底稿\原文PDF\C-STEPI-A0204-74.pdf,C:\Users\WINDOWS\OneDrive\知识库\智库信息爬虫\国际主要科技智库观点演变_研判\03_证据底稿\文本\C-STEPI-A0204-74.txt,https://www.stepi.re.kr/site/stepiko/report/View.do?reIdx=74,官方PDF已保存并校验
产业创新、创业与区域体系,科技创新政策与能力基线,C-STEPI-A0204-74,2022-07-29,W3,한국의 혁신창업생태계 대시보드(22년 2분기),机构正式研究,C:\Users\WINDOWS\OneDrive\知识库\智库信息爬虫\国际主要科技智库观点演变_研判\03_证据底稿\原文PDF\C-STEPI-A0204-74.pdf,C:\Users\WINDOWS\OneDrive\知识库\智库信息爬虫\国际主要科技智库观点演变_研判\03_证据底稿\文本\C-STEPI-A0204-74.txt,https://www.stepi.re.kr/site/stepiko/report/View.do?reIdx=74,官方PDF已保存并校验
中国科技与国际比较,科技创新政策与能力基线,C-STEPI-A0204-75,2022-10-31,W3,한국의 혁신창업생태계 대시보드(22년 3분기),机构正式研究,C:\Users\WINDOWS\OneDrive\知识库\智库信息爬虫\国际主要科技智库观点演变_研判\03_证据底稿\原文PDF\C-STEPI-A0204-75.pdf,C:\Users\WINDOWS\OneDrive\知识库\智库信息爬虫\国际主要科技智库观点演变_研判\03_证据底稿\文本\C-STEPI-A0204-75.txt,https://www.stepi.re.kr/site/stepiko/report/View.do?reIdx=75,官方PDF已保存并校验
科研体系、研发投入与评价,科技创新政策与能力基线,C-STEPI-A0204-75,2022-10-31,W3,한국의 혁신창업생태계 대시보드(22년 3분기),机构正式研究,C:\Users\WINDOWS\OneDrive\知识库\智库信息爬虫\国际主要科技智库观点演变_研判\03_证据底稿\原文PDF\C-STEPI-A0204-75.pdf,C:\Users\WINDOWS\OneDrive\知识库\智库信息爬虫\国际主要科技智库观点演变_研判\03_证据底稿\文本\C-STEPI-A0204-75.txt,https://www.stepi.re.kr/site/stepiko/report/View.do?reIdx=75,官方PDF已保存并校验
科技人才、大学与知识流动,科技创新政策与能力基线,C-STEPI-A0204-75,2022-10-31,W3,한국의 혁신창업생태계 대시보드(22년 3분기),机构正式研究,C:\Users\WINDOWS\OneDrive\知识库\智库信息爬虫\国际主要科技智库观点演变_研判\03_证据底稿\原文PDF\C-STEPI-A0204-75.pdf,C:\Users\WINDOWS\OneDrive\知识库\智库信息爬虫\国际主要科技智库观点演变_研判\03_证据底稿\文本\C-STEPI-A0204-75.txt,https://www.stepi.re.kr/site/stepiko/report/View.do?reIdx=75,官方PDF已保存并校验
产业创新、创业与区域体系,科技创新政策与能力基线,C-STEPI-A0204-75,2022-10-31,W3,한국의 혁신창업생태계 대시보드(22년 3분기),机构正式研究,C:\Users\WINDOWS\OneDrive\知识库\智库信息爬虫\国际主要科技智库观点演变_研判\03_证据底稿\原文PDF\C-STEPI-A0204-75.pdf,C:\Users\WINDOWS\OneDrive\知识库\智库信息爬虫\国际主要科技智库观点演变_研判\03_证据底稿\文本\C-STEPI-A0204-75.txt,https://www.stepi.re.kr/site/stepiko/report/View.do?reIdx=75,官方PDF已保存并校验
产业创新、创业与区域体系,科技创新政策与能力基线,C-STEPI-A0204-76,2023-01-19,W3,한국의 혁신창업생태계 대시보드(22년 4분기),机构正式研究,C:\Users\WINDOWS\OneDrive\知识库\智库信息爬虫\国际主要科技智库观点演变_研判\03_证据底稿\原文PDF\C-STEPI-A0204-76.pdf,C:\Users\WINDOWS\OneDrive\知识库\智库信息爬虫\国际主要科技智库观点演变_研判\03_证据底稿\文本\C-STEPI-A0204-76.txt,https://www.stepi.re.kr/site/stepiko/report/View.do?reIdx=76,官方PDF已保存并校验
中国科技与国际比较,科技创新政策与能力基线,C-STEPI-A0204-77,2023-02-10,W3,제5차 과학기술기본계획(2023~2027),机构正式研究,C:\Users\WINDOWS\OneDrive\知识库\智库信息爬虫\国际主要科技智库观点演变_研判\03_证据底稿\原文PDF\C-STEPI-A0204-77.pdf,C:\Users\WINDOWS\OneDrive\知识库\智库信息爬虫\国际主要科技智库观点演变_研判\03_证据底稿\文本\C-STEPI-A0204-77.txt,https://www.stepi.re.kr/site/stepiko/report/View.do?reIdx=77,官方PDF已保存并校验
人工智能、数据与数字技术,科技创新政策与能力基线,C-STEPI-A0204-77,2023-02-10,W3,제5차 과학기술기본계획(2023~2027),机构正式研究,C:\Users\WINDOWS\OneDrive\知识库\智库信息爬虫\国际主要科技智库观点演变_研判\03_证据底稿\原文PDF\C-STEPI-A0204-77.pdf,C:\Users\WINDOWS\OneDrive\知识库\智库信息爬虫\国际主要科技智库观点演变_研判\03_证据底稿\文本\C-STEPI-A0204-77.txt,https://www.stepi.re.kr/site/stepiko/report/View.do?reIdx=77,官方PDF已保存并校验
半导体、量子与战略技术,科技创新政策与能力基线,C-STEPI-A0204-77,2023-02-10,W3,제5차 과학기술기본계획(2023~2027),机构正式研究,C:\Users\WINDOWS\OneDrive\知识库\智库信息爬虫\国际主要科技智库观点演变_研判\03_证据底稿\原文PDF\C-STEPI-A0204-77.pdf,C:\Users\WINDOWS\OneDrive\知识库\智库信息爬虫\国际主要科技智库观点演变_研判\03_证据底稿\文本\C-STEPI-A0204-77.txt,https://www.stepi.re.kr/site/stepiko/report/View.do?reIdx=77,官方PDF已保存并校验
生命科学、生物技术与健康,科技创新政策与能力基线,C-STEPI-A0204-77,2023-02-10,W3,제5차 과학기술기본계획(2023~2027),机构正式研究,C:\Users\WINDOWS\OneDrive\知识库\智库信息爬虫\国际主要科技智库观点演变_研判\03_证据底稿\原文PDF\C-STEPI-A0204-77.pdf,C:\Users\WINDOWS\OneDrive\知识库\智库信息爬虫\国际主要科技智库观点演变_研判\03_证据底稿\文本\C-STEPI-A0204-77.txt,https://www.stepi.re.kr/site/stepiko/report/View.do?reIdx=77,官方PDF已保存并校验
能源、气候与绿色转型,科技创新政策与能力基线,C-STEPI-A0204-77,2023-02-10,W3,제5차 과학기술기본계획(2023~2027),机构正式研究,C:\Users\WINDOWS\OneDrive\知识库\智库信息爬虫\国际主要科技智库观点演变_研判\03_证据底稿\原文PDF\C-STEPI-A0204-77.pdf,C:\Users\WINDOWS\OneDrive\知识库\智库信息爬虫\国际主要科技智库观点演变_研判\03_证据底稿\文本\C-STEPI-A0204-77.txt,https://www.stepi.re.kr/site/stepiko/report/View.do?reIdx=77,官方PDF已保存并校验
科研体系、研发投入与评价,科技创新政策与能力基线,C-STEPI-A0204-77,2023-02-10,W3,제5차 과학기술기본계획(2023~2027),机构正式研究,C:\Users\WINDOWS\OneDrive\知识库\智库信息爬虫\国际主要科技智库观点演变_研判\03_证据底稿\原文PDF\C-STEPI-A0204-77.pdf,C:\Users\WINDOWS\OneDrive\知识库\智库信息爬虫\国际主要科技智库观点演变_研判\03_证据底稿\文本\C-STEPI-A0204-77.txt,https://www.stepi.re.kr/site/stepiko/report/View.do?reIdx=77,官方PDF已保存并校验
科技人才、大学与知识流动,科技创新政策与能力基线,C-STEPI-A0204-77,2023-02-10,W3,제5차 과학기술기본계획(2023~2027),机构正式研究,C:\Users\WINDOWS\OneDrive\知识库\智库信息爬虫\国际主要科技智库观点演变_研判\03_证据底稿\原文PDF\C-STEPI-A0204-77.pdf,C:\Users\WINDOWS\OneDrive\知识库\智库信息爬虫\国际主要科技智库观点演变_研判\03_证据底稿\文本\C-STEPI-A0204-77.txt,https://www.stepi.re.kr/site/stepiko/report/View.do?reIdx=77,官方PDF已保存并校验
产业创新、创业与区域体系,科技创新政策与能力基线,C-STEPI-A0204-77,2023-02-10,W3,제5차 과학기술기본계획(2023~2027),机构正式研究,C:\Users\WINDOWS\OneDrive\知识库\智库信息爬虫\国际主要科技智库观点演变_研判\03_证据底稿\原文PDF\C-STEPI-A0204-77.pdf,C:\Users\WINDOWS\OneDrive\知识库\智库信息爬虫\国际主要科技智库观点演变_研判\03_证据底稿\文本\C-STEPI-A0204-77.txt,https://www.stepi.re.kr/site/stepiko/report/View.do?reIdx=77,官方PDF已保存并校验
技术安全、供应链与国际合作,科技创新政策与能力基线,C-STEPI-A0204-77,2023-02-10,W3,제5차 과학기술기본계획(2023~2027),机构正式研究,C:\Users\WINDOWS\OneDrive\知识库\智库信息爬虫\国际主要科技智库观点演变_研判\03_证据底稿\原文PDF\C-STEPI-A0204-77.pdf,C:\Users\WINDOWS\OneDrive\知识库\智库信息爬虫\国际主要科技智库观点演变_研判\03_证据底稿\文本\C-STEPI-A0204-77.txt,https://www.stepi.re.kr/site/stepiko/report/View.do?reIdx=77,官方PDF已保存并校验
科技前瞻与未来社会,科技创新政策与能力基线,C-STEPI-A0204-77,2023-02-10,W3,제5차 과학기술기본계획(2023~2027),机构正式研究,C:\Users\WINDOWS\OneDrive\知识库\智库信息爬虫\国际主要科技智库观点演变_研判\03_证据底稿\原文PDF\C-STEPI-A0204-77.pdf,C:\Users\WINDOWS\OneDrive\知识库\智库信息爬虫\国际主要科技智库观点演变_研判\03_证据底稿\文本\C-STEPI-A0204-77.txt,https://www.stepi.re.kr/site/stepiko/report/View.do?reIdx=77,官方PDF已保存并校验
中国科技与国际比较,科技创新政策与能力基线,C-STEPI-A0204-78,2023-11-06,W3,한국의 혁신창업생태계 대시보드(23년 3분기),机构正式研究,C:\Users\WINDOWS\OneDrive\知识库\智库信息爬虫\国际主要科技智库观点演变_研判\03_证据底稿\原文PDF\C-STEPI-A0204-78.pdf,C:\Users\WINDOWS\OneDrive\知识库\智库信息爬虫\国际主要科技智库观点演变_研判\03_证据底稿\文本\C-STEPI-A0204-78.txt,https://www.stepi.re.kr/site/stepiko/report/View.do?reIdx=78,官方PDF已保存并校验
科研体系、研发投入与评价,科技创新政策与能力基线,C-STEPI-A0204-78,2023-11-06,W3,한국의 혁신창업생태계 대시보드(23년 3분기),机构正式研究,C:\Users\WINDOWS\OneDrive\知识库\智库信息爬虫\国际主要科技智库观点演变_研判\03_证据底稿\原文PDF\C-STEPI-A0204-78.pdf,C:\Users\WINDOWS\OneDrive\知识库\智库信息爬虫\国际主要科技智库观点演变_研判\03_证据底稿\文本\C-STEPI-A0204-78.txt,https://www.stepi.re.kr/site/stepiko/report/View.do?reIdx=78,官方PDF已保存并校验
科技人才、大学与知识流动,科技创新政策与能力基线,C-STEPI-A0204-78,2023-11-06,W3,한국의 혁신창업생태계 대시보드(23년 3분기),机构正式研究,C:\Users\WINDOWS\OneDrive\知识库\智库信息爬虫\国际主要科技智库观点演变_研判\03_证据底稿\原文PDF\C-STEPI-A0204-78.pdf,C:\Users\WINDOWS\OneDrive\知识库\智库信息爬虫\国际主要科技智库观点演变_研判\03_证据底稿\文本\C-STEPI-A0204-78.txt,https://www.stepi.re.kr/site/stepiko/report/View.do?reIdx=78,官方PDF已保存并校验
产业创新、创业与区域体系,科技创新政策与能力基线,C-STEPI-A0204-78,2023-11-06,W3,한국의 혁신창업생태계 대시보드(23년 3분기),机构正式研究,C:\Users\WINDOWS\OneDrive\知识库\智库信息爬虫\国际主要科技智库观点演变_研判\03_证据底稿\原文PDF\C-STEPI-A0204-78.pdf,C:\Users\WINDOWS\OneDrive\知识库\智库信息爬虫\国际主要科技智库观点演变_研判\03_证据底稿\文本\C-STEPI-A0204-78.txt,https://www.stepi.re.kr/site/stepiko/report/View.do?reIdx=78,官方PDF已保存并校验
人工智能、数据与数字技术,科技创新政策与能力基线,C-STEPI-A0204-79,2024-07-29,W3,지역 창업생태계 리포트 (Vol.1) - 포항,机构正式研究,C:\Users\WINDOWS\OneDrive\知识库\智库信息爬虫\国际主要科技智库观点演变_研判\03_证据底稿\原文PDF\C-STEPI-A0204-79.pdf,C:\Users\WINDOWS\OneDrive\知识库\智库信息爬虫\国际主要科技智库观点演变_研判\03_证据底稿\文本\C-STEPI-A0204-79.txt,https://www.stepi.re.kr/site/stepiko/report/View.do?reIdx=79,官方PDF已保存并校验
半导体、量子与战略技术,科技创新政策与能力基线,C-STEPI-A0204-79,2024-07-29,W3,지역 창업생태계 리포트 (Vol.1) - 포항,机构正式研究,C:\Users\WINDOWS\OneDrive\知识库\智库信息爬虫\国际主要科技智库观点演变_研判\03_证据底稿\原文PDF\C-STEPI-A0204-79.pdf,C:\Users\WINDOWS\OneDrive\知识库\智库信息爬虫\国际主要科技智库观点演变_研判\03_证据底稿\文本\C-STEPI-A0204-79.txt,https://www.stepi.re.kr/site/stepiko/report/View.do?reIdx=79,官方PDF已保存并校验
生命科学、生物技术与健康,科技创新政策与能力基线,C-STEPI-A0204-79,2024-07-29,W3,지역 창업생태계 리포트 (Vol.1) - 포항,机构正式研究,C:\Users\WINDOWS\OneDrive\知识库\智库信息爬虫\国际主要科技智库观点演变_研判\03_证据底稿\原文PDF\C-STEPI-A0204-79.pdf,C:\Users\WINDOWS\OneDrive\知识库\智库信息爬虫\国际主要科技智库观点演变_研判\03_证据底稿\文本\C-STEPI-A0204-79.txt,https://www.stepi.re.kr/site/stepiko/report/View.do?reIdx=79,官方PDF已保存并校验
能源、气候与绿色转型,科技创新政策与能力基线,C-STEPI-A0204-79,2024-07-29,W3,지역 창업생태계 리포트 (Vol.1) - 포항,机构正式研究,C:\Users\WINDOWS\OneDrive\知识库\智库信息爬虫\国际主要科技智库观点演变_研判\03_证据底稿\原文PDF\C-STEPI-A0204-79.pdf,C:\Users\WINDOWS\OneDrive\知识库\智库信息爬虫\国际主要科技智库观点演变_研判\03_证据底稿\文本\C-STEPI-A0204-79.txt,https://www.stepi.re.kr/site/stepiko/report/View.do?reIdx=79,官方PDF已保存并校验
科研体系、研发投入与评价,科技创新政策与能力基线,C-STEPI-A0204-79,2024-07-29,W3,지역 창업생태계 리포트 (Vol.1) - 포항,机构正式研究,C:\Users\WINDOWS\OneDrive\知识库\智库信息爬虫\国际主要科技智库观点演变_研判\03_证据底稿\原文PDF\C-STEPI-A0204-79.pdf,C:\Users\WINDOWS\OneDrive\知识库\智库信息爬虫\国际主要科技智库观点演变_研判\03_证据底稿\文本\C-STEPI-A0204-79.txt,https://www.stepi.re.kr/site/stepiko/report/View.do?reIdx=79,官方PDF已保存并校验
科技人才、大学与知识流动,科技创新政策与能力基线,C-STEPI-A0204-79,2024-07-29,W3,지역 창업생태계 리포트 (Vol.1) - 포항,机构正式研究,C:\Users\WINDOWS\OneDrive\知识库\智库信息爬虫\国际主要科技智库观点演变_研判\03_证据底稿\原文PDF\C-STEPI-A0204-79.pdf,C:\Users\WINDOWS\OneDrive\知识库\智库信息爬虫\国际主要科技智库观点演变_研判\03_证据底稿\文本\C-STEPI-A0204-79.txt,https://www.stepi.re.kr/site/stepiko/report/View.do?reIdx=79,官方PDF已保存并校验
产业创新、创业与区域体系,科技创新政策与能力基线,C-STEPI-A0204-79,2024-07-29,W3,지역 창업생태계 리포트 (Vol.1) - 포항,机构正式研究,C:\Users\WINDOWS\OneDrive\知识库\智库信息爬虫\国际主要科技智库观点演变_研判\03_证据底稿\原文PDF\C-STEPI-A0204-79.pdf,C:\Users\WINDOWS\OneDrive\知识库\智库信息爬虫\国际主要科技智库观点演变_研判\03_证据底稿\文本\C-STEPI-A0204-79.txt,https://www.stepi.re.kr/site/stepiko/report/View.do?reIdx=79,官方PDF已保存并校验
技术安全、供应链与国际合作,科技创新政策与能力基线,C-STEPI-A0204-79,2024-07-29,W3,지역 창업생태계 리포트 (Vol.1) - 포항,机构正式研究,C:\Users\WINDOWS\OneDrive\知识库\智库信息爬虫\国际主要科技智库观点演变_研判\03_证据底稿\原文PDF\C-STEPI-A0204-79.pdf,C:\Users\WINDOWS\OneDrive\知识库\智库信息爬虫\国际主要科技智库观点演变_研判\03_证据底稿\文本\C-STEPI-A0204-79.txt,https://www.stepi.re.kr/site/stepiko/report/View.do?reIdx=79,官方PDF已保存并校验
科技前瞻与未来社会,科技创新政策与能力基线,C-STEPI-A0204-79,2024-07-29,W3,지역 창업생태계 리포트 (Vol.1) - 포항,机构正式研究,C:\Users\WINDOWS\OneDrive\知识库\智库信息爬虫\国际主要科技智库观点演变_研判\03_证据底稿\原文PDF\C-STEPI-A0204-79.pdf,C:\Users\WINDOWS\OneDrive\知识库\智库信息爬虫\国际主要科技智库观点演变_研判\03_证据底稿\文本\C-STEPI-A0204-79.txt,https://www.stepi.re.kr/site/stepiko/report/View.do?reIdx=79,官方PDF已保存并校验
人工智能、数据与数字技术,科技创新政策与能力基线,C-STEPI-A0204-80,2024-08-30,W3,지역 창업생태계 리포트 (Vol.2) - 오송,机构正式研究,C:\Users\WINDOWS\OneDrive\知识库\智库信息爬虫\国际主要科技智库观点演变_研判\03_证据底稿\原文PDF\C-STEPI-A0204-80.pdf,C:\Users\WINDOWS\OneDrive\知识库\智库信息爬虫\国际主要科技智库观点演变_研判\03_证据底稿\文本\C-STEPI-A0204-80.txt,https://www.stepi.re.kr/site/stepiko/report/View.do?reIdx=80,官方PDF已保存并校验
半导体、量子与战略技术,科技创新政策与能力基线,C-STEPI-A0204-80,2024-08-30,W3,지역 창업생태계 리포트 (Vol.2) - 오송,机构正式研究,C:\Users\WINDOWS\OneDrive\知识库\智库信息爬虫\国际主要科技智库观点演变_研判\03_证据底稿\原文PDF\C-STEPI-A0204-80.pdf,C:\Users\WINDOWS\OneDrive\知识库\智库信息爬虫\国际主要科技智库观点演变_研判\03_证据底稿\文本\C-STEPI-A0204-80.txt,https://www.stepi.re.kr/site/stepiko/report/View.do?reIdx=80,官方PDF已保存并校验
生命科学、生物技术与健康,科技创新政策与能力基线,C-STEPI-A0204-80,2024-08-30,W3,지역 창업생태계 리포트 (Vol.2) - 오송,机构正式研究,C:\Users\WINDOWS\OneDrive\知识库\智库信息爬虫\国际主要科技智库观点演变_研判\03_证据底稿\原文PDF\C-STEPI-A0204-80.pdf,C:\Users\WINDOWS\OneDrive\知识库\智库信息爬虫\国际主要科技智库观点演变_研判\03_证据底稿\文本\C-STEPI-A0204-80.txt,https://www.stepi.re.kr/site/stepiko/report/View.do?reIdx=80,官方PDF已保存并校验
科研体系、研发投入与评价,科技创新政策与能力基线,C-STEPI-A0204-80,2024-08-30,W3,지역 창업생태계 리포트 (Vol.2) - 오송,机构正式研究,C:\Users\WINDOWS\OneDrive\知识库\智库信息爬虫\国际主要科技智库观点演变_研判\03_证据底稿\原文PDF\C-STEPI-A0204-80.pdf,C:\Users\WINDOWS\OneDrive\知识库\智库信息爬虫\国际主要科技智库观点演变_研判\03_证据底稿\文本\C-STEPI-A0204-80.txt,https://www.stepi.re.kr/site/stepiko/report/View.do?reIdx=80,官方PDF已保存并校验
科技人才、大学与知识流动,科技创新政策与能力基线,C-STEPI-A0204-80,2024-08-30,W3,지역 창업생태계 리포트 (Vol.2) - 오송,机构正式研究,C:\Users\WINDOWS\OneDrive\知识库\智库信息爬虫\国际主要科技智库观点演变_研判\03_证据底稿\原文PDF\C-STEPI-A0204-80.pdf,C:\Users\WINDOWS\OneDrive\知识库\智库信息爬虫\国际主要科技智库观点演变_研判\03_证据底稿\文本\C-STEPI-A0204-80.txt,https://www.stepi.re.kr/site/stepiko/report/View.do?reIdx=80,官方PDF已保存并校验
产业创新、创业与区域体系,科技创新政策与能力基线,C-STEPI-A0204-80,2024-08-30,W3,지역 창업생태계 리포트 (Vol.2) - 오송,机构正式研究,C:\Users\WINDOWS\OneDrive\知识库\智库信息爬虫\国际主要科技智库观点演变_研判\03_证据底稿\原文PDF\C-STEPI-A0204-80.pdf,C:\Users\WINDOWS\OneDrive\知识库\智库信息爬虫\国际主要科技智库观点演变_研判\03_证据底稿\文本\C-STEPI-A0204-80.txt,https://www.stepi.re.kr/site/stepiko/report/View.do?reIdx=80,官方PDF已保存并校验
科技前瞻与未来社会,科技创新政策与能力基线,C-STEPI-A0204-80,2024-08-30,W3,지역 창업생태계 리포트 (Vol.2) - 오송,机构正式研究,C:\Users\WINDOWS\OneDrive\知识库\智库信息爬虫\国际主要科技智库观点演变_研判\03_证据底稿\原文PDF\C-STEPI-A0204-80.pdf,C:\Users\WINDOWS\OneDrive\知识库\智库信息爬虫\国际主要科技智库观点演变_研判\03_证据底稿\文本\C-STEPI-A0204-80.txt,https://www.stepi.re.kr/site/stepiko/report/View.do?reIdx=80,官方PDF已保存并校验
人工智能、数据与数字技术,科技创新政策与能力基线,C-STEPI-A0204-81,2024-10-08,W3,지역 창업생태계 리포트 (Vol.3) - 대구,机构正式研究,C:\Users\WINDOWS\OneDrive\知识库\智库信息爬虫\国际主要科技智库观点演变_研判\03_证据底稿\原文PDF\C-STEPI-A0204-81.pdf,C:\Users\WINDOWS\OneDrive\知识库\智库信息爬虫\国际主要科技智库观点演变_研判\03_证据底稿\文本\C-STEPI-A0204-81.txt,https://www.stepi.re.kr/site/stepiko/report/View.do?reIdx=81,官方PDF已保存并校验
半导体、量子与战略技术,科技创新政策与能力基线,C-STEPI-A0204-81,2024-10-08,W3,지역 창업생태계 리포트 (Vol.3) - 대구,机构正式研究,C:\Users\WINDOWS\OneDrive\知识库\智库信息爬虫\国际主要科技智库观点演变_研判\03_证据底稿\原文PDF\C-STEPI-A0204-81.pdf,C:\Users\WINDOWS\OneDrive\知识库\智库信息爬虫\国际主要科技智库观点演变_研判\03_证据底稿\文本\C-STEPI-A0204-81.txt,https://www.stepi.re.kr/site/stepiko/report/View.do?reIdx=81,官方PDF已保存并校验
生命科学、生物技术与健康,科技创新政策与能力基线,C-STEPI-A0204-81,2024-10-08,W3,지역 창업생태계 리포트 (Vol.3) - 대구,机构正式研究,C:\Users\WINDOWS\OneDrive\知识库\智库信息爬虫\国际主要科技智库观点演变_研判\03_证据底稿\原文PDF\C-STEPI-A0204-81.pdf,C:\Users\WINDOWS\OneDrive\知识库\智库信息爬虫\国际主要科技智库观点演变_研判\03_证据底稿\文本\C-STEPI-A0204-81.txt,https://www.stepi.re.kr/site/stepiko/report/View.do?reIdx=81,官方PDF已保存并校验
科研体系、研发投入与评价,科技创新政策与能力基线,C-STEPI-A0204-81,2024-10-08,W3,지역 창업생태계 리포트 (Vol.3) - 대구,机构正式研究,C:\Users\WINDOWS\OneDrive\知识库\智库信息爬虫\国际主要科技智库观点演变_研判\03_证据底稿\原文PDF\C-STEPI-A0204-81.pdf,C:\Users\WINDOWS\OneDrive\知识库\智库信息爬虫\国际主要科技智库观点演变_研判\03_证据底稿\文本\C-STEPI-A0204-81.txt,https://www.stepi.re.kr/site/stepiko/report/View.do?reIdx=81,官方PDF已保存并校验
科技人才、大学与知识流动,科技创新政策与能力基线,C-STEPI-A0204-81,2024-10-08,W3,지역 창업생태계 리포트 (Vol.3) - 대구,机构正式研究,C:\Users\WINDOWS\OneDrive\知识库\智库信息爬虫\国际主要科技智库观点演变_研判\03_证据底稿\原文PDF\C-STEPI-A0204-81.pdf,C:\Users\WINDOWS\OneDrive\知识库\智库信息爬虫\国际主要科技智库观点演变_研判\03_证据底稿\文本\C-STEPI-A0204-81.txt,https://www.stepi.re.kr/site/stepiko/report/View.do?reIdx=81,官方PDF已保存并校验
产业创新、创业与区域体系,科技创新政策与能力基线,C-STEPI-A0204-81,2024-10-08,W3,지역 창업생태계 리포트 (Vol.3) - 대구,机构正式研究,C:\Users\WINDOWS\OneDrive\知识库\智库信息爬虫\国际主要科技智库观点演变_研判\03_证据底稿\原文PDF\C-STEPI-A0204-81.pdf,C:\Users\WINDOWS\OneDrive\知识库\智库信息爬虫\国际主要科技智库观点演变_研判\03_证据底稿\文本\C-STEPI-A0204-81.txt,https://www.stepi.re.kr/site/stepiko/report/View.do?reIdx=81,官方PDF已保存并校验
科技前瞻与未来社会,科技创新政策与能力基线,C-STEPI-A0204-81,2024-10-08,W3,지역 창업생태계 리포트 (Vol.3) - 대구,机构正式研究,C:\Users\WINDOWS\OneDrive\知识库\智库信息爬虫\国际主要科技智库观点演变_研判\03_证据底稿\原文PDF\C-STEPI-A0204-81.pdf,C:\Users\WINDOWS\OneDrive\知识库\智库信息爬虫\国际主要科技智库观点演变_研判\03_证据底稿\文本\C-STEPI-A0204-81.txt,https://www.stepi.re.kr/site/stepiko/report/View.do?reIdx=81,官方PDF已保存并校验
人工智能、数据与数字技术,核心科技直接材料,C-STEPI-A0204-82,2024-07-31,W3,STEPI Square : AI,机构正式研究,C:\Users\WINDOWS\OneDrive\知识库\智库信息爬虫\国际主要科技智库观点演变_研判\03_证据底稿\原文PDF\C-STEPI-A0204-82.pdf,C:\Users\WINDOWS\OneDrive\知识库\智库信息爬虫\国际主要科技智库观点演变_研判\03_证据底稿\文本\C-STEPI-A0204-82.txt,https://www.stepi.re.kr/site/stepiko/report/View.do?reIdx=82,官方PDF已保存并校验
人工智能、数据与数字技术,科技创新政策与能力基线,C-STEPI-A0204-83,2024-11-18,W3,지역 창업생태계 리포트 (Vol.4) - 울산,机构正式研究,C:\Users\WINDOWS\OneDrive\知识库\智库信息爬虫\国际主要科技智库观点演变_研判\03_证据底稿\原文PDF\C-STEPI-A0204-83.pdf,C:\Users\WINDOWS\OneDrive\知识库\智库信息爬虫\国际主要科技智库观点演变_研判\03_证据底稿\文本\C-STEPI-A0204-83.txt,https://www.stepi.re.kr/site/stepiko/report/View.do?reIdx=83,官方PDF已保存并校验
能源、气候与绿色转型,科技创新政策与能力基线,C-STEPI-A0204-83,2024-11-18,W3,지역 창업생태계 리포트 (Vol.4) - 울산,机构正式研究,C:\Users\WINDOWS\OneDrive\知识库\智库信息爬虫\国际主要科技智库观点演变_研判\03_证据底稿\原文PDF\C-STEPI-A0204-83.pdf,C:\Users\WINDOWS\OneDrive\知识库\智库信息爬虫\国际主要科技智库观点演变_研判\03_证据底稿\文本\C-STEPI-A0204-83.txt,https://www.stepi.re.kr/site/stepiko/report/View.do?reIdx=83,官方PDF已保存并校验
科研体系、研发投入与评价,科技创新政策与能力基线,C-STEPI-A0204-83,2024-11-18,W3,지역 창업생태계 리포트 (Vol.4) - 울산,机构正式研究,C:\Users\WINDOWS\OneDrive\知识库\智库信息爬虫\国际主要科技智库观点演变_研判\03_证据底稿\原文PDF\C-STEPI-A0204-83.pdf,C:\Users\WINDOWS\OneDrive\知识库\智库信息爬虫\国际主要科技智库观点演变_研判\03_证据底稿\文本\C-STEPI-A0204-83.txt,https://www.stepi.re.kr/site/stepiko/report/View.do?reIdx=83,官方PDF已保存并校验
科技人才、大学与知识流动,科技创新政策与能力基线,C-STEPI-A0204-83,2024-11-18,W3,지역 창업생태계 리포트 (Vol.4) - 울산,机构正式研究,C:\Users\WINDOWS\OneDrive\知识库\智库信息爬虫\国际主要科技智库观点演变_研判\03_证据底稿\原文PDF\C-STEPI-A0204-83.pdf,C:\Users\WINDOWS\OneDrive\知识库\智库信息爬虫\国际主要科技智库观点演变_研判\03_证据底稿\文本\C-STEPI-A0204-83.txt,https://www.stepi.re.kr/site/stepiko/report/View.do?reIdx=83,官方PDF已保存并校验
产业创新、创业与区域体系,科技创新政策与能力基线,C-STEPI-A0204-83,2024-11-18,W3,지역 창업생태계 리포트 (Vol.4) - 울산,机构正式研究,C:\Users\WINDOWS\OneDrive\知识库\智库信息爬虫\国际主要科技智库观点演变_研判\03_证据底稿\原文PDF\C-STEPI-A0204-83.pdf,C:\Users\WINDOWS\OneDrive\知识库\智库信息爬虫\国际主要科技智库观点演变_研判\03_证据底稿\文本\C-STEPI-A0204-83.txt,https://www.stepi.re.kr/site/stepiko/report/View.do?reIdx=83,官方PDF已保存并校验
技术安全、供应链与国际合作,科技创新政策与能力基线,C-STEPI-A0204-83,2024-11-18,W3,지역 창업생태계 리포트 (Vol.4) - 울산,机构正式研究,C:\Users\WINDOWS\OneDrive\知识库\智库信息爬虫\国际主要科技智库观点演变_研判\03_证据底稿\原文PDF\C-STEPI-A0204-83.pdf,C:\Users\WINDOWS\OneDrive\知识库\智库信息爬虫\国际主要科技智库观点演变_研判\03_证据底稿\文本\C-STEPI-A0204-83.txt,https://www.stepi.re.kr/site/stepiko/report/View.do?reIdx=83,官方PDF已保存并校验
科技前瞻与未来社会,科技创新政策与能力基线,C-STEPI-A0204-83,2024-11-18,W3,지역 창업생태계 리포트 (Vol.4) - 울산,机构正式研究,C:\Users\WINDOWS\OneDrive\知识库\智库信息爬虫\国际主要科技智库观点演变_研判\03_证据底稿\原文PDF\C-STEPI-A0204-83.pdf,C:\Users\WINDOWS\OneDrive\知识库\智库信息爬虫\国际主要科技智库观点演变_研判\03_证据底稿\文本\C-STEPI-A0204-83.txt,https://www.stepi.re.kr/site/stepiko/report/View.do?reIdx=83,官方PDF已保存并校验
科研体系、研发投入与评价,科技创新政策与能力基线,C-STEPI-A0204-84,2024-11-29,W3,국내 스케일업 인포그래픽,机构正式研究,C:\Users\WINDOWS\OneDrive\知识库\智库信息爬虫\国际主要科技智库观点演变_研判\03_证据底稿\原文PDF\C-STEPI-A0204-84.pdf,C:\Users\WINDOWS\OneDrive\知识库\智库信息爬虫\国际主要科技智库观点演变_研判\03_证据底稿\文本\C-STEPI-A0204-84.txt,https://www.stepi.re.kr/site/stepiko/report/View.do?reIdx=84,官方PDF已保存并校验
产业创新、创业与区域体系,科技创新政策与能力基线,C-STEPI-A0204-84,2024-11-29,W3,국내 스케일업 인포그래픽,机构正式研究,C:\Users\WINDOWS\OneDrive\知识库\智库信息爬虫\国际主要科技智库观点演变_研判\03_证据底稿\原文PDF\C-STEPI-A0204-84.pdf,C:\Users\WINDOWS\OneDrive\知识库\智库信息爬虫\国际主要科技智库观点演变_研判\03_证据底稿\文本\C-STEPI-A0204-84.txt,https://www.stepi.re.kr/site/stepiko/report/View.do?reIdx=84,官方PDF已保存并校验
人工智能、数据与数字技术,科技创新政策与能力基线,C-STEPI-A0204-85,2024-12-05,W3,지역 창업생태계 리포트 - 종합편,机构正式研究,C:\Users\WINDOWS\OneDrive\知识库\智库信息爬虫\国际主要科技智库观点演变_研判\03_证据底稿\原文PDF\C-STEPI-A0204-85.pdf,C:\Users\WINDOWS\OneDrive\知识库\智库信息爬虫\国际主要科技智库观点演变_研判\03_证据底稿\文本\C-STEPI-A0204-85.txt,https://www.stepi.re.kr/site/stepiko/report/View.do?reIdx=85,官方PDF已保存并校验
半导体、量子与战略技术,科技创新政策与能力基线,C-STEPI-A0204-85,2024-12-05,W3,지역 창업생태계 리포트 - 종합편,机构正式研究,C:\Users\WINDOWS\OneDrive\知识库\智库信息爬虫\国际主要科技智库观点演变_研判\03_证据底稿\原文PDF\C-STEPI-A0204-85.pdf,C:\Users\WINDOWS\OneDrive\知识库\智库信息爬虫\国际主要科技智库观点演变_研判\03_证据底稿\文本\C-STEPI-A0204-85.txt,https://www.stepi.re.kr/site/stepiko/report/View.do?reIdx=85,官方PDF已保存并校验
生命科学、生物技术与健康,科技创新政策与能力基线,C-STEPI-A0204-85,2024-12-05,W3,지역 창업생태계 리포트 - 종합편,机构正式研究,C:\Users\WINDOWS\OneDrive\知识库\智库信息爬虫\国际主要科技智库观点演变_研判\03_证据底稿\原文PDF\C-STEPI-A0204-85.pdf,C:\Users\WINDOWS\OneDrive\知识库\智库信息爬虫\国际主要科技智库观点演变_研判\03_证据底稿\文本\C-STEPI-A0204-85.txt,https://www.stepi.re.kr/site/stepiko/report/View.do?reIdx=85,官方PDF已保存并校验
能源、气候与绿色转型,科技创新政策与能力基线,C-STEPI-A0204-85,2024-12-05,W3,지역 창업생태계 리포트 - 종합편,机构正式研究,C:\Users\WINDOWS\OneDrive\知识库\智库信息爬虫\国际主要科技智库观点演变_研判\03_证据底稿\原文PDF\C-STEPI-A0204-85.pdf,C:\Users\WINDOWS\OneDrive\知识库\智库信息爬虫\国际主要科技智库观点演变_研判\03_证据底稿\文本\C-STEPI-A0204-85.txt,https://www.stepi.re.kr/site/stepiko/report/View.do?reIdx=85,官方PDF已保存并校验
科研体系、研发投入与评价,科技创新政策与能力基线,C-STEPI-A0204-85,2024-12-05,W3,지역 창업생태계 리포트 - 종합편,机构正式研究,C:\Users\WINDOWS\OneDrive\知识库\智库信息爬虫\国际主要科技智库观点演变_研判\03_证据底稿\原文PDF\C-STEPI-A0204-85.pdf,C:\Users\WINDOWS\OneDrive\知识库\智库信息爬虫\国际主要科技智库观点演变_研判\03_证据底稿\文本\C-STEPI-A0204-85.txt,https://www.stepi.re.kr/site/stepiko/report/View.do?reIdx=85,官方PDF已保存并校验
科技人才、大学与知识流动,科技创新政策与能力基线,C-STEPI-A0204-85,2024-12-05,W3,지역 창업생태계 리포트 - 종합편,机构正式研究,C:\Users\WINDOWS\OneDrive\知识库\智库信息爬虫\国际主要科技智库观点演变_研判\03_证据底稿\原文PDF\C-STEPI-A0204-85.pdf,C:\Users\WINDOWS\OneDrive\知识库\智库信息爬虫\国际主要科技智库观点演变_研判\03_证据底稿\文本\C-STEPI-A0204-85.txt,https://www.stepi.re.kr/site/stepiko/report/View.do?reIdx=85,官方PDF已保存并校验
产业创新、创业与区域体系,科技创新政策与能力基线,C-STEPI-A0204-85,2024-12-05,W3,지역 창업생태계 리포트 - 종합편,机构正式研究,C:\Users\WINDOWS\OneDrive\知识库\智库信息爬虫\国际主要科技智库观点演变_研判\03_证据底稿\原文PDF\C-STEPI-A0204-85.pdf,C:\Users\WINDOWS\OneDrive\知识库\智库信息爬虫\国际主要科技智库观点演变_研判\03_证据底稿\文本\C-STEPI-A0204-85.txt,https://www.stepi.re.kr/site/stepiko/report/View.do?reIdx=85,官方PDF已保存并校验
科技前瞻与未来社会,科技创新政策与能力基线,C-STEPI-A0204-85,2024-12-05,W3,지역 창업생태계 리포트 - 종합편,机构正式研究,C:\Users\WINDOWS\OneDrive\知识库\智库信息爬虫\国际主要科技智库观点演变_研判\03_证据底稿\原文PDF\C-STEPI-A0204-85.pdf,C:\Users\WINDOWS\OneDrive\知识库\智库信息爬虫\国际主要科技智库观点演变_研判\03_证据底稿\文本\C-STEPI-A0204-85.txt,https://www.stepi.re.kr/site/stepiko/report/View.do?reIdx=85,官方PDF已保存并校验
人工智能、数据与数字技术,科技创新政策与能力基线,C-STEPI-A0204-86,2025-08-01,W3,지역 창업생태계 리포트 (Vol.5) - 제주,机构正式研究,C:\Users\WINDOWS\OneDrive\知识库\智库信息爬虫\国际主要科技智库观点演变_研判\03_证据底稿\原文PDF\C-STEPI-A0204-86.pdf,C:\Users\WINDOWS\OneDrive\知识库\智库信息爬虫\国际主要科技智库观点演变_研判\03_证据底稿\文本\C-STEPI-A0204-86.txt,https://www.stepi.re.kr/site/stepiko/report/View.do?reIdx=86,官方PDF已保存并校验
生命科学、生物技术与健康,科技创新政策与能力基线,C-STEPI-A0204-86,2025-08-01,W3,지역 창업생태계 리포트 (Vol.5) - 제주,机构正式研究,C:\Users\WINDOWS\OneDrive\知识库\智库信息爬虫\国际主要科技智库观点演变_研判\03_证据底稿\原文PDF\C-STEPI-A0204-86.pdf,C:\Users\WINDOWS\OneDrive\知识库\智库信息爬虫\国际主要科技智库观点演变_研判\03_证据底稿\文本\C-STEPI-A0204-86.txt,https://www.stepi.re.kr/site/stepiko/report/View.do?reIdx=86,官方PDF已保存并校验
能源、气候与绿色转型,科技创新政策与能力基线,C-STEPI-A0204-86,2025-08-01,W3,지역 창업생태계 리포트 (Vol.5) - 제주,机构正式研究,C:\Users\WINDOWS\OneDrive\知识库\智库信息爬虫\国际主要科技智库观点演变_研判\03_证据底稿\原文PDF\C-STEPI-A0204-86.pdf,C:\Users\WINDOWS\OneDrive\知识库\智库信息爬虫\国际主要科技智库观点演变_研判\03_证据底稿\文本\C-STEPI-A0204-86.txt,https://www.stepi.re.kr/site/stepiko/report/View.do?reIdx=86,官方PDF已保存并校验
科研体系、研发投入与评价,科技创新政策与能力基线,C-STEPI-A0204-86,2025-08-01,W3,지역 창업생태계 리포트 (Vol.5) - 제주,机构正式研究,C:\Users\WINDOWS\OneDrive\知识库\智库信息爬虫\国际主要科技智库观点演变_研判\03_证据底稿\原文PDF\C-STEPI-A0204-86.pdf,C:\Users\WINDOWS\OneDrive\知识库\智库信息爬虫\国际主要科技智库观点演变_研判\03_证据底稿\文本\C-STEPI-A0204-86.txt,https://www.stepi.re.kr/site/stepiko/report/View.do?reIdx=86,官方PDF已保存并校验
科技人才、大学与知识流动,科技创新政策与能力基线,C-STEPI-A0204-86,2025-08-01,W3,지역 창업생태계 리포트 (Vol.5) - 제주,机构正式研究,C:\Users\WINDOWS\OneDrive\知识库\智库信息爬虫\国际主要科技智库观点演变_研判\03_证据底稿\原文PDF\C-STEPI-A0204-86.pdf,C:\Users\WINDOWS\OneDrive\知识库\智库信息爬虫\国际主要科技智库观点演变_研判\03_证据底稿\文本\C-STEPI-A0204-86.txt,https://www.stepi.re.kr/site/stepiko/report/View.do?reIdx=86,官方PDF已保存并校验
产业创新、创业与区域体系,科技创新政策与能力基线,C-STEPI-A0204-86,2025-08-01,W3,지역 창업생태계 리포트 (Vol.5) - 제주,机构正式研究,C:\Users\WINDOWS\OneDrive\知识库\智库信息爬虫\国际主要科技智库观点演变_研判\03_证据底稿\原文PDF\C-STEPI-A0204-86.pdf,C:\Users\WINDOWS\OneDrive\知识库\智库信息爬虫\国际主要科技智库观点演变_研判\03_证据底稿\文本\C-STEPI-A0204-86.txt,https://www.stepi.re.kr/site/stepiko/report/View.do?reIdx=86,官方PDF已保存并校验
科技前瞻与未来社会,科技创新政策与能力基线,C-STEPI-A0204-86,2025-08-01,W3,지역 창업생태계 리포트 (Vol.5) - 제주,机构正式研究,C:\Users\WINDOWS\OneDrive\知识库\智库信息爬虫\国际主要科技智库观点演变_研判\03_证据底稿\原文PDF\C-STEPI-A0204-86.pdf,C:\Users\WINDOWS\OneDrive\知识库\智库信息爬虫\国际主要科技智库观点演变_研判\03_证据底稿\文本\C-STEPI-A0204-86.txt,https://www.stepi.re.kr/site/stepiko/report/View.do?reIdx=86,官方PDF已保存并校验
人工智能、数据与数字技术,科技创新政策与能力基线,C-STEPI-A0204-87,2025-08-01,W3,지역 창업생태계 리포트 (Vol.6) - 인천,机构正式研究,C:\Users\WINDOWS\OneDrive\知识库\智库信息爬虫\国际主要科技智库观点演变_研判\03_证据底稿\原文PDF\C-STEPI-A0204-87.pdf,C:\Users\WINDOWS\OneDrive\知识库\智库信息爬虫\国际主要科技智库观点演变_研判\03_证据底稿\文本\C-STEPI-A0204-87.txt,https://www.stepi.re.kr/site/stepiko/report/View.do?reIdx=87,官方PDF已保存并校验
半导体、量子与战略技术,科技创新政策与能力基线,C-STEPI-A0204-87,2025-08-01,W3,지역 창업생태계 리포트 (Vol.6) - 인천,机构正式研究,C:\Users\WINDOWS\OneDrive\知识库\智库信息爬虫\国际主要科技智库观点演变_研判\03_证据底稿\原文PDF\C-STEPI-A0204-87.pdf,C:\Users\WINDOWS\OneDrive\知识库\智库信息爬虫\国际主要科技智库观点演变_研判\03_证据底稿\文本\C-STEPI-A0204-87.txt,https://www.stepi.re.kr/site/stepiko/report/View.do?reIdx=87,官方PDF已保存并校验
生命科学、生物技术与健康,科技创新政策与能力基线,C-STEPI-A0204-87,2025-08-01,W3,지역 창업생태계 리포트 (Vol.6) - 인천,机构正式研究,C:\Users\WINDOWS\OneDrive\知识库\智库信息爬虫\国际主要科技智库观点演变_研判\03_证据底稿\原文PDF\C-STEPI-A0204-87.pdf,C:\Users\WINDOWS\OneDrive\知识库\智库信息爬虫\国际主要科技智库观点演变_研判\03_证据底稿\文本\C-STEPI-A0204-87.txt,https://www.stepi.re.kr/site/stepiko/report/View.do?reIdx=87,官方PDF已保存并校验
科研体系、研发投入与评价,科技创新政策与能力基线,C-STEPI-A0204-87,2025-08-01,W3,지역 창업생태계 리포트 (Vol.6) - 인천,机构正式研究,C:\Users\WINDOWS\OneDrive\知识库\智库信息爬虫\国际主要科技智库观点演变_研判\03_证据底稿\原文PDF\C-STEPI-A0204-87.pdf,C:\Users\WINDOWS\OneDrive\知识库\智库信息爬虫\国际主要科技智库观点演变_研判\03_证据底稿\文本\C-STEPI-A0204-87.txt,https://www.stepi.re.kr/site/stepiko/report/View.do?reIdx=87,官方PDF已保存并校验
科技人才、大学与知识流动,科技创新政策与能力基线,C-STEPI-A0204-87,2025-08-01,W3,지역 창업생태계 리포트 (Vol.6) - 인천,机构正式研究,C:\Users\WINDOWS\OneDrive\知识库\智库信息爬虫\国际主要科技智库观点演变_研判\03_证据底稿\原文PDF\C-STEPI-A0204-87.pdf,C:\Users\WINDOWS\OneDrive\知识库\智库信息爬虫\国际主要科技智库观点演变_研判\03_证据底稿\文本\C-STEPI-A0204-87.txt,https://www.stepi.re.kr/site/stepiko/report/View.do?reIdx=87,官方PDF已保存并校验
产业创新、创业与区域体系,科技创新政策与能力基线,C-STEPI-A0204-87,2025-08-01,W3,지역 창업생태계 리포트 (Vol.6) - 인천,机构正式研究,C:\Users\WINDOWS\OneDrive\知识库\智库信息爬虫\国际主要科技智库观点演变_研判\03_证据底稿\原文PDF\C-STEPI-A0204-87.pdf,C:\Users\WINDOWS\OneDrive\知识库\智库信息爬虫\国际主要科技智库观点演变_研判\03_证据底稿\文本\C-STEPI-A0204-87.txt,https://www.stepi.re.kr/site/stepiko/report/View.do?reIdx=87,官方PDF已保存并校验
科技前瞻与未来社会,科技创新政策与能力基线,C-STEPI-A0204-87,2025-08-01,W3,지역 창업생태계 리포트 (Vol.6) - 인천,机构正式研究,C:\Users\WINDOWS\OneDrive\知识库\智库信息爬虫\国际主要科技智库观点演变_研判\03_证据底稿\原文PDF\C-STEPI-A0204-87.pdf,C:\Users\WINDOWS\OneDrive\知识库\智库信息爬虫\国际主要科技智库观点演变_研判\03_证据底稿\文本\C-STEPI-A0204-87.txt,https://www.stepi.re.kr/site/stepiko/report/View.do?reIdx=87,官方PDF已保存并校验
人工智能、数据与数字技术,科技创新政策与能力基线,C-STEPI-A0204-88,2025-08-01,W3,지역 창업생태계 리포트 (Vol.7) - 춘천,机构正式研究,C:\Users\WINDOWS\OneDrive\知识库\智库信息爬虫\国际主要科技智库观点演变_研判\03_证据底稿\原文PDF\C-STEPI-A0204-88.pdf,C:\Users\WINDOWS\OneDrive\知识库\智库信息爬虫\国际主要科技智库观点演变_研判\03_证据底稿\文本\C-STEPI-A0204-88.txt,https://www.stepi.re.kr/site/stepiko/report/View.do?reIdx=88,官方PDF已保存并校验
生命科学、生物技术与健康,科技创新政策与能力基线,C-STEPI-A0204-88,2025-08-01,W3,지역 창업생태계 리포트 (Vol.7) - 춘천,机构正式研究,C:\Users\WINDOWS\OneDrive\知识库\智库信息爬虫\国际主要科技智库观点演变_研判\03_证据底稿\原文PDF\C-STEPI-A0204-88.pdf,C:\Users\WINDOWS\OneDrive\知识库\智库信息爬虫\国际主要科技智库观点演变_研判\03_证据底稿\文本\C-STEPI-A0204-88.txt,https://www.stepi.re.kr/site/stepiko/report/View.do?reIdx=88,官方PDF已保存并校验
科研体系、研发投入与评价,科技创新政策与能力基线,C-STEPI-A0204-88,2025-08-01,W3,지역 창업생태계 리포트 (Vol.7) - 춘천,机构正式研究,C:\Users\WINDOWS\OneDrive\知识库\智库信息爬虫\国际主要科技智库观点演变_研判\03_证据底稿\原文PDF\C-STEPI-A0204-88.pdf,C:\Users\WINDOWS\OneDrive\知识库\智库信息爬虫\国际主要科技智库观点演变_研判\03_证据底稿\文本\C-STEPI-A0204-88.txt,https://www.stepi.re.kr/site/stepiko/report/View.do?reIdx=88,官方PDF已保存并校验
科技人才、大学与知识流动,科技创新政策与能力基线,C-STEPI-A0204-88,2025-08-01,W3,지역 창업생태계 리포트 (Vol.7) - 춘천,机构正式研究,C:\Users\WINDOWS\OneDrive\知识库\智库信息爬虫\国际主要科技智库观点演变_研判\03_证据底稿\原文PDF\C-STEPI-A0204-88.pdf,C:\Users\WINDOWS\OneDrive\知识库\智库信息爬虫\国际主要科技智库观点演变_研判\03_证据底稿\文本\C-STEPI-A0204-88.txt,https://www.stepi.re.kr/site/stepiko/report/View.do?reIdx=88,官方PDF已保存并校验
产业创新、创业与区域体系,科技创新政策与能力基线,C-STEPI-A0204-88,2025-08-01,W3,지역 창업생태계 리포트 (Vol.7) - 춘천,机构正式研究,C:\Users\WINDOWS\OneDrive\知识库\智库信息爬虫\国际主要科技智库观点演变_研判\03_证据底稿\原文PDF\C-STEPI-A0204-88.pdf,C:\Users\WINDOWS\OneDrive\知识库\智库信息爬虫\国际主要科技智库观点演变_研判\03_证据底稿\文本\C-STEPI-A0204-88.txt,https://www.stepi.re.kr/site/stepiko/report/View.do?reIdx=88,官方PDF已保存并校验
科技前瞻与未来社会,科技创新政策与能力基线,C-STEPI-A0204-88,2025-08-01,W3,지역 창업생태계 리포트 (Vol.7) - 춘천,机构正式研究,C:\Users\WINDOWS\OneDrive\知识库\智库信息爬虫\国际主要科技智库观点演变_研判\03_证据底稿\原文PDF\C-STEPI-A0204-88.pdf,C:\Users\WINDOWS\OneDrive\知识库\智库信息爬虫\国际主要科技智库观点演变_研判\03_证据底稿\文本\C-STEPI-A0204-88.txt,https://www.stepi.re.kr/site/stepiko/report/View.do?reIdx=88,官方PDF已保存并校验
中国科技与国际比较,科技创新政策与能力基线,C-STEPI-A0204-90,2025-09-25,W3,한국의 혁신창업생태계 대시보드(2024년도),机构正式研究,C:\Users\WINDOWS\OneDrive\知识库\智库信息爬虫\国际主要科技智库观点演变_研判\03_证据底稿\原文PDF\C-STEPI-A0204-90.pdf,C:\Users\WINDOWS\OneDrive\知识库\智库信息爬虫\国际主要科技智库观点演变_研判\03_证据底稿\文本\C-STEPI-A0204-90.txt,https://www.stepi.re.kr/site/stepiko/report/View.do?reIdx=90,官方PDF已保存并校验
科研体系、研发投入与评价,科技创新政策与能力基线,C-STEPI-A0204-90,2025-09-25,W3,한국의 혁신창업생태계 대시보드(2024년도),机构正式研究,C:\Users\WINDOWS\OneDrive\知识库\智库信息爬虫\国际主要科技智库观点演变_研判\03_证据底稿\原文PDF\C-STEPI-A0204-90.pdf,C:\Users\WINDOWS\OneDrive\知识库\智库信息爬虫\国际主要科技智库观点演变_研判\03_证据底稿\文本\C-STEPI-A0204-90.txt,https://www.stepi.re.kr/site/stepiko/report/View.do?reIdx=90,官方PDF已保存并校验
科技人才、大学与知识流动,科技创新政策与能力基线,C-STEPI-A0204-90,2025-09-25,W3,한국의 혁신창업생태계 대시보드(2024년도),机构正式研究,C:\Users\WINDOWS\OneDrive\知识库\智库信息爬虫\国际主要科技智库观点演变_研判\03_证据底稿\原文PDF\C-STEPI-A0204-90.pdf,C:\Users\WINDOWS\OneDrive\知识库\智库信息爬虫\国际主要科技智库观点演变_研判\03_证据底稿\文本\C-STEPI-A0204-90.txt,https://www.stepi.re.kr/site/stepiko/report/View.do?reIdx=90,官方PDF已保存并校验
产业创新、创业与区域体系,科技创新政策与能力基线,C-STEPI-A0204-90,2025-09-25,W3,한국의 혁신창업생태계 대시보드(2024년도),机构正式研究,C:\Users\WINDOWS\OneDrive\知识库\智库信息爬虫\国际主要科技智库观点演变_研判\03_证据底稿\原文PDF\C-STEPI-A0204-90.pdf,C:\Users\WINDOWS\OneDrive\知识库\智库信息爬虫\国际主要科技智库观点演变_研判\03_证据底稿\文本\C-STEPI-A0204-90.txt,https://www.stepi.re.kr/site/stepiko/report/View.do?reIdx=90,官方PDF已保存并校验
中国科技与国际比较,科技创新政策与能力基线,C-STEPI-A0204-91,2025-10-31,W3,OECD 「STI Outlook 2025」 요약 및 시사점,机构正式研究,C:\Users\WINDOWS\OneDrive\知识库\智库信息爬虫\国际主要科技智库观点演变_研判\03_证据底稿\原文PDF\C-STEPI-A0204-91.pdf,C:\Users\WINDOWS\OneDrive\知识库\智库信息爬虫\国际主要科技智库观点演变_研判\03_证据底稿\文本\C-STEPI-A0204-91.txt,https://www.stepi.re.kr/site/stepiko/report/View.do?reIdx=91,官方PDF已保存并校验
人工智能、数据与数字技术,科技创新政策与能力基线,C-STEPI-A0204-91,2025-10-31,W3,OECD 「STI Outlook 2025」 요약 및 시사점,机构正式研究,C:\Users\WINDOWS\OneDrive\知识库\智库信息爬虫\国际主要科技智库观点演变_研判\03_证据底稿\原文PDF\C-STEPI-A0204-91.pdf,C:\Users\WINDOWS\OneDrive\知识库\智库信息爬虫\国际主要科技智库观点演变_研判\03_证据底稿\文本\C-STEPI-A0204-91.txt,https://www.stepi.re.kr/site/stepiko/report/View.do?reIdx=91,官方PDF已保存并校验
半导体、量子与战略技术,科技创新政策与能力基线,C-STEPI-A0204-91,2025-10-31,W3,OECD 「STI Outlook 2025」 요약 및 시사점,机构正式研究,C:\Users\WINDOWS\OneDrive\知识库\智库信息爬虫\国际主要科技智库观点演变_研判\03_证据底稿\原文PDF\C-STEPI-A0204-91.pdf,C:\Users\WINDOWS\OneDrive\知识库\智库信息爬虫\国际主要科技智库观点演变_研判\03_证据底稿\文本\C-STEPI-A0204-91.txt,https://www.stepi.re.kr/site/stepiko/report/View.do?reIdx=91,官方PDF已保存并校验
生命科学、生物技术与健康,科技创新政策与能力基线,C-STEPI-A0204-91,2025-10-31,W3,OECD 「STI Outlook 2025」 요약 및 시사점,机构正式研究,C:\Users\WINDOWS\OneDrive\知识库\智库信息爬虫\国际主要科技智库观点演变_研判\03_证据底稿\原文PDF\C-STEPI-A0204-91.pdf,C:\Users\WINDOWS\OneDrive\知识库\智库信息爬虫\国际主要科技智库观点演变_研判\03_证据底稿\文本\C-STEPI-A0204-91.txt,https://www.stepi.re.kr/site/stepiko/report/View.do?reIdx=91,官方PDF已保存并校验
能源、气候与绿色转型,科技创新政策与能力基线,C-STEPI-A0204-91,2025-10-31,W3,OECD 「STI Outlook 2025」 요약 및 시사점,机构正式研究,C:\Users\WINDOWS\OneDrive\知识库\智库信息爬虫\国际主要科技智库观点演变_研判\03_证据底稿\原文PDF\C-STEPI-A0204-91.pdf,C:\Users\WINDOWS\OneDrive\知识库\智库信息爬虫\国际主要科技智库观点演变_研判\03_证据底稿\文本\C-STEPI-A0204-91.txt,https://www.stepi.re.kr/site/stepiko/report/View.do?reIdx=91,官方PDF已保存并校验
科研体系、研发投入与评价,科技创新政策与能力基线,C-STEPI-A0204-91,2025-10-31,W3,OECD 「STI Outlook 2025」 요약 및 시사점,机构正式研究,C:\Users\WINDOWS\OneDrive\知识库\智库信息爬虫\国际主要科技智库观点演变_研判\03_证据底稿\原文PDF\C-STEPI-A0204-91.pdf,C:\Users\WINDOWS\OneDrive\知识库\智库信息爬虫\国际主要科技智库观点演变_研判\03_证据底稿\文本\C-STEPI-A0204-91.txt,https://www.stepi.re.kr/site/stepiko/report/View.do?reIdx=91,官方PDF已保存并校验
科技人才、大学与知识流动,科技创新政策与能力基线,C-STEPI-A0204-91,2025-10-31,W3,OECD 「STI Outlook 2025」 요약 및 시사점,机构正式研究,C:\Users\WINDOWS\OneDrive\知识库\智库信息爬虫\国际主要科技智库观点演变_研判\03_证据底稿\原文PDF\C-STEPI-A0204-91.pdf,C:\Users\WINDOWS\OneDrive\知识库\智库信息爬虫\国际主要科技智库观点演变_研判\03_证据底稿\文本\C-STEPI-A0204-91.txt,https://www.stepi.re.kr/site/stepiko/report/View.do?reIdx=91,官方PDF已保存并校验
产业创新、创业与区域体系,科技创新政策与能力基线,C-STEPI-A0204-91,2025-10-31,W3,OECD 「STI Outlook 2025」 요약 및 시사점,机构正式研究,C:\Users\WINDOWS\OneDrive\知识库\智库信息爬虫\国际主要科技智库观点演变_研判\03_证据底稿\原文PDF\C-STEPI-A0204-91.pdf,C:\Users\WINDOWS\OneDrive\知识库\智库信息爬虫\国际主要科技智库观点演变_研判\03_证据底稿\文本\C-STEPI-A0204-91.txt,https://www.stepi.re.kr/site/stepiko/report/View.do?reIdx=91,官方PDF已保存并校验
技术安全、供应链与国际合作,科技创新政策与能力基线,C-STEPI-A0204-91,2025-10-31,W3,OECD 「STI Outlook 2025」 요약 및 시사점,机构正式研究,C:\Users\WINDOWS\OneDrive\知识库\智库信息爬虫\国际主要科技智库观点演变_研判\03_证据底稿\原文PDF\C-STEPI-A0204-91.pdf,C:\Users\WINDOWS\OneDrive\知识库\智库信息爬虫\国际主要科技智库观点演变_研判\03_证据底稿\文本\C-STEPI-A0204-91.txt,https://www.stepi.re.kr/site/stepiko/report/View.do?reIdx=91,官方PDF已保存并校验
科技前瞻与未来社会,科技创新政策与能力基线,C-STEPI-A0204-91,2025-10-31,W3,OECD 「STI Outlook 2025」 요약 및 시사점,机构正式研究,C:\Users\WINDOWS\OneDrive\知识库\智库信息爬虫\国际主要科技智库观点演变_研判\03_证据底稿\原文PDF\C-STEPI-A0204-91.pdf,C:\Users\WINDOWS\OneDrive\知识库\智库信息爬虫\国际主要科技智库观点演变_研判\03_证据底稿\文本\C-STEPI-A0204-91.txt,https://www.stepi.re.kr/site/stepiko/report/View.do?reIdx=91,官方PDF已保存并校验
人工智能、数据与数字技术,科技创新政策与能力基线,C-STEPI-A0204-92,2025-11-30,W3,지역 창업생태계 리포트 (Vol.8) - 전주,机构正式研究,C:\Users\WINDOWS\OneDrive\知识库\智库信息爬虫\国际主要科技智库观点演变_研判\03_证据底稿\原文PDF\C-STEPI-A0204-92.pdf,C:\Users\WINDOWS\OneDrive\知识库\智库信息爬虫\国际主要科技智库观点演变_研判\03_证据底稿\文本\C-STEPI-A0204-92.txt,https://www.stepi.re.kr/site/stepiko/report/View.do?reIdx=92,官方PDF已保存并校验
半导体、量子与战略技术,科技创新政策与能力基线,C-STEPI-A0204-92,2025-11-30,W3,지역 창업생태계 리포트 (Vol.8) - 전주,机构正式研究,C:\Users\WINDOWS\OneDrive\知识库\智库信息爬虫\国际主要科技智库观点演变_研判\03_证据底稿\原文PDF\C-STEPI-A0204-92.pdf,C:\Users\WINDOWS\OneDrive\知识库\智库信息爬虫\国际主要科技智库观点演变_研判\03_证据底稿\文本\C-STEPI-A0204-92.txt,https://www.stepi.re.kr/site/stepiko/report/View.do?reIdx=92,官方PDF已保存并校验
生命科学、生物技术与健康,科技创新政策与能力基线,C-STEPI-A0204-92,2025-11-30,W3,지역 창업생태계 리포트 (Vol.8) - 전주,机构正式研究,C:\Users\WINDOWS\OneDrive\知识库\智库信息爬虫\国际主要科技智库观点演变_研判\03_证据底稿\原文PDF\C-STEPI-A0204-92.pdf,C:\Users\WINDOWS\OneDrive\知识库\智库信息爬虫\国际主要科技智库观点演变_研判\03_证据底稿\文本\C-STEPI-A0204-92.txt,https://www.stepi.re.kr/site/stepiko/report/View.do?reIdx=92,官方PDF已保存并校验
能源、气候与绿色转型,科技创新政策与能力基线,C-STEPI-A0204-92,2025-11-30,W3,지역 창업생태계 리포트 (Vol.8) - 전주,机构正式研究,C:\Users\WINDOWS\OneDrive\知识库\智库信息爬虫\国际主要科技智库观点演变_研判\03_证据底稿\原文PDF\C-STEPI-A0204-92.pdf,C:\Users\WINDOWS\OneDrive\知识库\智库信息爬虫\国际主要科技智库观点演变_研判\03_证据底稿\文本\C-STEPI-A0204-92.txt,https://www.stepi.re.kr/site/stepiko/report/View.do?reIdx=92,官方PDF已保存并校验
科研体系、研发投入与评价,科技创新政策与能力基线,C-STEPI-A0204-92,2025-11-30,W3,지역 창업생태계 리포트 (Vol.8) - 전주,机构正式研究,C:\Users\WINDOWS\OneDrive\知识库\智库信息爬虫\国际主要科技智库观点演变_研判\03_证据底稿\原文PDF\C-STEPI-A0204-92.pdf,C:\Users\WINDOWS\OneDrive\知识库\智库信息爬虫\国际主要科技智库观点演变_研判\03_证据底稿\文本\C-STEPI-A0204-92.txt,https://www.stepi.re.kr/site/stepiko/report/View.do?reIdx=92,官方PDF已保存并校验
科技人才、大学与知识流动,科技创新政策与能力基线,C-STEPI-A0204-92,2025-11-30,W3,지역 창업생태계 리포트 (Vol.8) - 전주,机构正式研究,C:\Users\WINDOWS\OneDrive\知识库\智库信息爬虫\国际主要科技智库观点演变_研判\03_证据底稿\原文PDF\C-STEPI-A0204-92.pdf,C:\Users\WINDOWS\OneDrive\知识库\智库信息爬虫\国际主要科技智库观点演变_研判\03_证据底稿\文本\C-STEPI-A0204-92.txt,https://www.stepi.re.kr/site/stepiko/report/View.do?reIdx=92,官方PDF已保存并校验
产业创新、创业与区域体系,科技创新政策与能力基线,C-STEPI-A0204-92,2025-11-30,W3,지역 창업생태계 리포트 (Vol.8) - 전주,机构正式研究,C:\Users\WINDOWS\OneDrive\知识库\智库信息爬虫\国际主要科技智库观点演变_研判\03_证据底稿\原文PDF\C-STEPI-A0204-92.pdf,C:\Users\WINDOWS\OneDrive\知识库\智库信息爬虫\国际主要科技智库观点演变_研判\03_证据底稿\文本\C-STEPI-A0204-92.txt,https://www.stepi.re.kr/site/stepiko/report/View.do?reIdx=92,官方PDF已保存并校验
科技前瞻与未来社会,科技创新政策与能力基线,C-STEPI-A0204-92,2025-11-30,W3,지역 창업생태계 리포트 (Vol.8) - 전주,机构正式研究,C:\Users\WINDOWS\OneDrive\知识库\智库信息爬虫\国际主要科技智库观点演变_研判\03_证据底稿\原文PDF\C-STEPI-A0204-92.pdf,C:\Users\WINDOWS\OneDrive\知识库\智库信息爬虫\国际主要科技智库观点演变_研判\03_证据底稿\文本\C-STEPI-A0204-92.txt,https://www.stepi.re.kr/site/stepiko/report/View.do?reIdx=92,官方PDF已保存并校验
人工智能、数据与数字技术,科技创新政策与能力基线,C-STEPI-A0204-93,2025-12-08,W3,지역 창업생태계 리포트 (Vol.9) - 대전,机构正式研究,C:\Users\WINDOWS\OneDrive\知识库\智库信息爬虫\国际主要科技智库观点演变_研判\03_证据底稿\原文PDF\C-STEPI-A0204-93.pdf,C:\Users\WINDOWS\OneDrive\知识库\智库信息爬虫\国际主要科技智库观点演变_研判\03_证据底稿\文本\C-STEPI-A0204-93.txt,https://www.stepi.re.kr/site/stepiko/report/View.do?reIdx=93,官方PDF已保存并校验
半导体、量子与战略技术,科技创新政策与能力基线,C-STEPI-A0204-93,2025-12-08,W3,지역 창업생태계 리포트 (Vol.9) - 대전,机构正式研究,C:\Users\WINDOWS\OneDrive\知识库\智库信息爬虫\国际主要科技智库观点演变_研判\03_证据底稿\原文PDF\C-STEPI-A0204-93.pdf,C:\Users\WINDOWS\OneDrive\知识库\智库信息爬虫\国际主要科技智库观点演变_研判\03_证据底稿\文本\C-STEPI-A0204-93.txt,https://www.stepi.re.kr/site/stepiko/report/View.do?reIdx=93,官方PDF已保存并校验
生命科学、生物技术与健康,科技创新政策与能力基线,C-STEPI-A0204-93,2025-12-08,W3,지역 창업생태계 리포트 (Vol.9) - 대전,机构正式研究,C:\Users\WINDOWS\OneDrive\知识库\智库信息爬虫\国际主要科技智库观点演变_研判\03_证据底稿\原文PDF\C-STEPI-A0204-93.pdf,C:\Users\WINDOWS\OneDrive\知识库\智库信息爬虫\国际主要科技智库观点演变_研判\03_证据底稿\文本\C-STEPI-A0204-93.txt,https://www.stepi.re.kr/site/stepiko/report/View.do?reIdx=93,官方PDF已保存并校验
能源、气候与绿色转型,科技创新政策与能力基线,C-STEPI-A0204-93,2025-12-08,W3,지역 창업생태계 리포트 (Vol.9) - 대전,机构正式研究,C:\Users\WINDOWS\OneDrive\知识库\智库信息爬虫\国际主要科技智库观点演变_研判\03_证据底稿\原文PDF\C-STEPI-A0204-93.pdf,C:\Users\WINDOWS\OneDrive\知识库\智库信息爬虫\国际主要科技智库观点演变_研判\03_证据底稿\文本\C-STEPI-A0204-93.txt,https://www.stepi.re.kr/site/stepiko/report/View.do?reIdx=93,官方PDF已保存并校验
科研体系、研发投入与评价,科技创新政策与能力基线,C-STEPI-A0204-93,2025-12-08,W3,지역 창업생태계 리포트 (Vol.9) - 대전,机构正式研究,C:\Users\WINDOWS\OneDrive\知识库\智库信息爬虫\国际主要科技智库观点演变_研判\03_证据底稿\原文PDF\C-STEPI-A0204-93.pdf,C:\Users\WINDOWS\OneDrive\知识库\智库信息爬虫\国际主要科技智库观点演变_研判\03_证据底稿\文本\C-STEPI-A0204-93.txt,https://www.stepi.re.kr/site/stepiko/report/View.do?reIdx=93,官方PDF已保存并校验
科技人才、大学与知识流动,科技创新政策与能力基线,C-STEPI-A0204-93,2025-12-08,W3,지역 창업생태계 리포트 (Vol.9) - 대전,机构正式研究,C:\Users\WINDOWS\OneDrive\知识库\智库信息爬虫\国际主要科技智库观点演变_研判\03_证据底稿\原文PDF\C-STEPI-A0204-93.pdf,C:\Users\WINDOWS\OneDrive\知识库\智库信息爬虫\国际主要科技智库观点演变_研判\03_证据底稿\文本\C-STEPI-A0204-93.txt,https://www.stepi.re.kr/site/stepiko/report/View.do?reIdx=93,官方PDF已保存并校验
产业创新、创业与区域体系,科技创新政策与能力基线,C-STEPI-A0204-93,2025-12-08,W3,지역 창업생태계 리포트 (Vol.9) - 대전,机构正式研究,C:\Users\WINDOWS\OneDrive\知识库\智库信息爬虫\国际主要科技智库观点演变_研判\03_证据底稿\原文PDF\C-STEPI-A0204-93.pdf,C:\Users\WINDOWS\OneDrive\知识库\智库信息爬虫\国际主要科技智库观点演变_研判\03_证据底稿\文本\C-STEPI-A0204-93.txt,https://www.stepi.re.kr/site/stepiko/report/View.do?reIdx=93,官方PDF已保存并校验
科技前瞻与未来社会,科技创新政策与能力基线,C-STEPI-A0204-93,2025-12-08,W3,지역 창업생태계 리포트 (Vol.9) - 대전,机构正式研究,C:\Users\WINDOWS\OneDrive\知识库\智库信息爬虫\国际主要科技智库观点演变_研判\03_证据底稿\原文PDF\C-STEPI-A0204-93.pdf,C:\Users\WINDOWS\OneDrive\知识库\智库信息爬虫\国际主要科技智库观点演变_研判\03_证据底稿\文本\C-STEPI-A0204-93.txt,https://www.stepi.re.kr/site/stepiko/report/View.do?reIdx=93,官方PDF已保存并校验
人工智能、数据与数字技术,科技创新政策与能力基线,C-STEPI-A0204-94,2025-10-31,W3,2025 한국의 혁신창업생태계 대시보드(소책자),机构正式研究,C:\Users\WINDOWS\OneDrive\知识库\智库信息爬虫\国际主要科技智库观点演变_研判\03_证据底稿\原文PDF\C-STEPI-A0204-94.pdf,C:\Users\WINDOWS\OneDrive\知识库\智库信息爬虫\国际主要科技智库观点演变_研判\03_证据底稿\文本\C-STEPI-A0204-94.txt,https://www.stepi.re.kr/site/stepiko/report/View.do?reIdx=94,官方PDF已保存并校验
生命科学、生物技术与健康,科技创新政策与能力基线,C-STEPI-A0204-94,2025-10-31,W3,2025 한국의 혁신창업생태계 대시보드(소책자),机构正式研究,C:\Users\WINDOWS\OneDrive\知识库\智库信息爬虫\国际主要科技智库观点演变_研判\03_证据底稿\原文PDF\C-STEPI-A0204-94.pdf,C:\Users\WINDOWS\OneDrive\知识库\智库信息爬虫\国际主要科技智库观点演变_研判\03_证据底稿\文本\C-STEPI-A0204-94.txt,https://www.stepi.re.kr/site/stepiko/report/View.do?reIdx=94,官方PDF已保存并校验
科研体系、研发投入与评价,科技创新政策与能力基线,C-STEPI-A0204-94,2025-10-31,W3,2025 한국의 혁신창업생태계 대시보드(소책자),机构正式研究,C:\Users\WINDOWS\OneDrive\知识库\智库信息爬虫\国际主要科技智库观点演变_研判\03_证据底稿\原文PDF\C-STEPI-A0204-94.pdf,C:\Users\WINDOWS\OneDrive\知识库\智库信息爬虫\国际主要科技智库观点演变_研判\03_证据底稿\文本\C-STEPI-A0204-94.txt,https://www.stepi.re.kr/site/stepiko/report/View.do?reIdx=94,官方PDF已保存并校验
科技人才、大学与知识流动,科技创新政策与能力基线,C-STEPI-A0204-94,2025-10-31,W3,2025 한국의 혁신창업생태계 대시보드(소책자),机构正式研究,C:\Users\WINDOWS\OneDrive\知识库\智库信息爬虫\国际主要科技智库观点演变_研判\03_证据底稿\原文PDF\C-STEPI-A0204-94.pdf,C:\Users\WINDOWS\OneDrive\知识库\智库信息爬虫\国际主要科技智库观点演变_研判\03_证据底稿\文本\C-STEPI-A0204-94.txt,https://www.stepi.re.kr/site/stepiko/report/View.do?reIdx=94,官方PDF已保存并校验
产业创新、创业与区域体系,科技创新政策与能力基线,C-STEPI-A0204-94,2025-10-31,W3,2025 한국의 혁신창업생태계 대시보드(소책자),机构正式研究,C:\Users\WINDOWS\OneDrive\知识库\智库信息爬虫\国际主要科技智库观点演变_研判\03_证据底稿\原文PDF\C-STEPI-A0204-94.pdf,C:\Users\WINDOWS\OneDrive\知识库\智库信息爬虫\国际主要科技智库观点演变_研判\03_证据底稿\文本\C-STEPI-A0204-94.txt,https://www.stepi.re.kr/site/stepiko/report/View.do?reIdx=94,官方PDF已保存并校验
人工智能、数据与数字技术,科技创新政策与能力基线,C-STEPI-A0204-95,2025-12-18,W3,지역 창업생태계 리포트 (Vol.10) - 광주,机构正式研究,C:\Users\WINDOWS\OneDrive\知识库\智库信息爬虫\国际主要科技智库观点演变_研判\03_证据底稿\原文PDF\C-STEPI-A0204-95.pdf,C:\Users\WINDOWS\OneDrive\知识库\智库信息爬虫\国际主要科技智库观点演变_研判\03_证据底稿\文本\C-STEPI-A0204-95.txt,https://www.stepi.re.kr/site/stepiko/report/View.do?reIdx=95,官方PDF已保存并校验
半导体、量子与战略技术,科技创新政策与能力基线,C-STEPI-A0204-95,2025-12-18,W3,지역 창업생태계 리포트 (Vol.10) - 광주,机构正式研究,C:\Users\WINDOWS\OneDrive\知识库\智库信息爬虫\国际主要科技智库观点演变_研判\03_证据底稿\原文PDF\C-STEPI-A0204-95.pdf,C:\Users\WINDOWS\OneDrive\知识库\智库信息爬虫\国际主要科技智库观点演变_研判\03_证据底稿\文本\C-STEPI-A0204-95.txt,https://www.stepi.re.kr/site/stepiko/report/View.do?reIdx=95,官方PDF已保存并校验
生命科学、生物技术与健康,科技创新政策与能力基线,C-STEPI-A0204-95,2025-12-18,W3,지역 창업생태계 리포트 (Vol.10) - 광주,机构正式研究,C:\Users\WINDOWS\OneDrive\知识库\智库信息爬虫\国际主要科技智库观点演变_研判\03_证据底稿\原文PDF\C-STEPI-A0204-95.pdf,C:\Users\WINDOWS\OneDrive\知识库\智库信息爬虫\国际主要科技智库观点演变_研判\03_证据底稿\文本\C-STEPI-A0204-95.txt,https://www.stepi.re.kr/site/stepiko/report/View.do?reIdx=95,官方PDF已保存并校验
能源、气候与绿色转型,科技创新政策与能力基线,C-STEPI-A0204-95,2025-12-18,W3,지역 창업생태계 리포트 (Vol.10) - 광주,机构正式研究,C:\Users\WINDOWS\OneDrive\知识库\智库信息爬虫\国际主要科技智库观点演变_研判\03_证据底稿\原文PDF\C-STEPI-A0204-95.pdf,C:\Users\WINDOWS\OneDrive\知识库\智库信息爬虫\国际主要科技智库观点演变_研判\03_证据底稿\文本\C-STEPI-A0204-95.txt,https://www.stepi.re.kr/site/stepiko/report/View.do?reIdx=95,官方PDF已保存并校验
科研体系、研发投入与评价,科技创新政策与能力基线,C-STEPI-A0204-95,2025-12-18,W3,지역 창업생태계 리포트 (Vol.10) - 광주,机构正式研究,C:\Users\WINDOWS\OneDrive\知识库\智库信息爬虫\国际主要科技智库观点演变_研判\03_证据底稿\原文PDF\C-STEPI-A0204-95.pdf,C:\Users\WINDOWS\OneDrive\知识库\智库信息爬虫\国际主要科技智库观点演变_研判\03_证据底稿\文本\C-STEPI-A0204-95.txt,https://www.stepi.re.kr/site/stepiko/report/View.do?reIdx=95,官方PDF已保存并校验
科技人才、大学与知识流动,科技创新政策与能力基线,C-STEPI-A0204-95,2025-12-18,W3,지역 창업생태계 리포트 (Vol.10) - 광주,机构正式研究,C:\Users\WINDOWS\OneDrive\知识库\智库信息爬虫\国际主要科技智库观点演变_研判\03_证据底稿\原文PDF\C-STEPI-A0204-95.pdf,C:\Users\WINDOWS\OneDrive\知识库\智库信息爬虫\国际主要科技智库观点演变_研判\03_证据底稿\文本\C-STEPI-A0204-95.txt,https://www.stepi.re.kr/site/stepiko/report/View.do?reIdx=95,官方PDF已保存并校验
产业创新、创业与区域体系,科技创新政策与能力基线,C-STEPI-A0204-95,2025-12-18,W3,지역 창업생태계 리포트 (Vol.10) - 광주,机构正式研究,C:\Users\WINDOWS\OneDrive\知识库\智库信息爬虫\国际主要科技智库观点演变_研判\03_证据底稿\原文PDF\C-STEPI-A0204-95.pdf,C:\Users\WINDOWS\OneDrive\知识库\智库信息爬虫\国际主要科技智库观点演变_研判\03_证据底稿\文本\C-STEPI-A0204-95.txt,https://www.stepi.re.kr/site/stepiko/report/View.do?reIdx=95,官方PDF已保存并校验
科技前瞻与未来社会,科技创新政策与能力基线,C-STEPI-A0204-95,2025-12-18,W3,지역 창업생태계 리포트 (Vol.10) - 광주,机构正式研究,C:\Users\WINDOWS\OneDrive\知识库\智库信息爬虫\国际主要科技智库观点演变_研判\03_证据底稿\原文PDF\C-STEPI-A0204-95.pdf,C:\Users\WINDOWS\OneDrive\知识库\智库信息爬虫\国际主要科技智库观点演变_研判\03_证据底稿\文本\C-STEPI-A0204-95.txt,https://www.stepi.re.kr/site/stepiko/report/View.do?reIdx=95,官方PDF已保存并校验
人工智能、数据与数字技术,科技创新政策与能力基线,C-STEPI-A0204-96,2025-12-31,W3,한국의 딥테크 스타트업 생태계 리포트(단행본),机构正式研究,C:\Users\WINDOWS\OneDrive\知识库\智库信息爬虫\国际主要科技智库观点演变_研判\03_证据底稿\原文PDF\C-STEPI-A0204-96.pdf,C:\Users\WINDOWS\OneDrive\知识库\智库信息爬虫\国际主要科技智库观点演变_研判\03_证据底稿\文本\C-STEPI-A0204-96.txt,https://www.stepi.re.kr/site/stepiko/report/View.do?reIdx=96,官方PDF已保存并校验
半导体、量子与战略技术,科技创新政策与能力基线,C-STEPI-A0204-96,2025-12-31,W3,한국의 딥테크 스타트업 생태계 리포트(단행본),机构正式研究,C:\Users\WINDOWS\OneDrive\知识库\智库信息爬虫\国际主要科技智库观点演变_研判\03_证据底稿\原文PDF\C-STEPI-A0204-96.pdf,C:\Users\WINDOWS\OneDrive\知识库\智库信息爬虫\国际主要科技智库观点演变_研判\03_证据底稿\文本\C-STEPI-A0204-96.txt,https://www.stepi.re.kr/site/stepiko/report/View.do?reIdx=96,官方PDF已保存并校验
生命科学、生物技术与健康,科技创新政策与能力基线,C-STEPI-A0204-96,2025-12-31,W3,한국의 딥테크 스타트업 생태계 리포트(단행본),机构正式研究,C:\Users\WINDOWS\OneDrive\知识库\智库信息爬虫\国际主要科技智库观点演变_研判\03_证据底稿\原文PDF\C-STEPI-A0204-96.pdf,C:\Users\WINDOWS\OneDrive\知识库\智库信息爬虫\国际主要科技智库观点演变_研判\03_证据底稿\文本\C-STEPI-A0204-96.txt,https://www.stepi.re.kr/site/stepiko/report/View.do?reIdx=96,官方PDF已保存并校验
能源、气候与绿色转型,科技创新政策与能力基线,C-STEPI-A0204-96,2025-12-31,W3,한국의 딥테크 스타트업 생태계 리포트(단행본),机构正式研究,C:\Users\WINDOWS\OneDrive\知识库\智库信息爬虫\国际主要科技智库观点演变_研判\03_证据底稿\原文PDF\C-STEPI-A0204-96.pdf,C:\Users\WINDOWS\OneDrive\知识库\智库信息爬虫\国际主要科技智库观点演变_研判\03_证据底稿\文本\C-STEPI-A0204-96.txt,https://www.stepi.re.kr/site/stepiko/report/View.do?reIdx=96,官方PDF已保存并校验
科研体系、研发投入与评价,科技创新政策与能力基线,C-STEPI-A0204-96,2025-12-31,W3,한국의 딥테크 스타트업 생태계 리포트(단행본),机构正式研究,C:\Users\WINDOWS\OneDrive\知识库\智库信息爬虫\国际主要科技智库观点演变_研判\03_证据底稿\原文PDF\C-STEPI-A0204-96.pdf,C:\Users\WINDOWS\OneDrive\知识库\智库信息爬虫\国际主要科技智库观点演变_研判\03_证据底稿\文本\C-STEPI-A0204-96.txt,https://www.stepi.re.kr/site/stepiko/report/View.do?reIdx=96,官方PDF已保存并校验
科技人才、大学与知识流动,科技创新政策与能力基线,C-STEPI-A0204-96,2025-12-31,W3,한국의 딥테크 스타트업 생태계 리포트(단행본),机构正式研究,C:\Users\WINDOWS\OneDrive\知识库\智库信息爬虫\国际主要科技智库观点演变_研判\03_证据底稿\原文PDF\C-STEPI-A0204-96.pdf,C:\Users\WINDOWS\OneDrive\知识库\智库信息爬虫\国际主要科技智库观点演变_研判\03_证据底稿\文本\C-STEPI-A0204-96.txt,https://www.stepi.re.kr/site/stepiko/report/View.do?reIdx=96,官方PDF已保存并校验
产业创新、创业与区域体系,科技创新政策与能力基线,C-STEPI-A0204-96,2025-12-31,W3,한국의 딥테크 스타트업 생태계 리포트(단행본),机构正式研究,C:\Users\WINDOWS\OneDrive\知识库\智库信息爬虫\国际主要科技智库观点演变_研判\03_证据底稿\原文PDF\C-STEPI-A0204-96.pdf,C:\Users\WINDOWS\OneDrive\知识库\智库信息爬虫\国际主要科技智库观点演变_研判\03_证据底稿\文本\C-STEPI-A0204-96.txt,https://www.stepi.re.kr/site/stepiko/report/View.do?reIdx=96,官方PDF已保存并校验
科技前瞻与未来社会,科技创新政策与能力基线,C-STEPI-A0204-96,2025-12-31,W3,한국의 딥테크 스타트업 생태계 리포트(단행본),机构正式研究,C:\Users\WINDOWS\OneDrive\知识库\智库信息爬虫\国际主要科技智库观点演变_研判\03_证据底稿\原文PDF\C-STEPI-A0204-96.pdf,C:\Users\WINDOWS\OneDrive\知识库\智库信息爬虫\国际主要科技智库观点演变_研判\03_证据底稿\文本\C-STEPI-A0204-96.txt,https://www.stepi.re.kr/site/stepiko/report/View.do?reIdx=96,官方PDF已保存并校验
科研体系、研发投入与评价,科技创新政策与能力基线,C-STEPI-A0204-97,2025-12-31,W3,국내 스케일업 인포그래픽,机构正式研究,C:\Users\WINDOWS\OneDrive\知识库\智库信息爬虫\国际主要科技智库观点演变_研判\03_证据底稿\原文PDF\C-STEPI-A0204-97.pdf,C:\Users\WINDOWS\OneDrive\知识库\智库信息爬虫\国际主要科技智库观点演变_研判\03_证据底稿\文本\C-STEPI-A0204-97.txt,https://www.stepi.re.kr/site/stepiko/report/View.do?reIdx=97,官方PDF已保存并校验
产业创新、创业与区域体系,科技创新政策与能力基线,C-STEPI-A0204-97,2025-12-31,W3,국내 스케일업 인포그래픽,机构正式研究,C:\Users\WINDOWS\OneDrive\知识库\智库信息爬虫\国际主要科技智库观点演变_研判\03_证据底稿\原文PDF\C-STEPI-A0204-97.pdf,C:\Users\WINDOWS\OneDrive\知识库\智库信息爬虫\国际主要科技智库观点演变_研判\03_证据底稿\文本\C-STEPI-A0204-97.txt,https://www.stepi.re.kr/site/stepiko/report/View.do?reIdx=97,官方PDF已保存并校验
人工智能、数据与数字技术,科技创新政策与能力基线,C-STEPI-A0204-98,2026-01-29,W3,2025년 지역 창업생태계 리포트_종합편,机构正式研究,C:\Users\WINDOWS\OneDrive\知识库\智库信息爬虫\国际主要科技智库观点演变_研判\03_证据底稿\原文PDF\C-STEPI-A0204-98.pdf,C:\Users\WINDOWS\OneDrive\知识库\智库信息爬虫\国际主要科技智库观点演变_研判\03_证据底稿\文本\C-STEPI-A0204-98.txt,https://www.stepi.re.kr/site/stepiko/report/View.do?reIdx=98,官方PDF已保存并校验
半导体、量子与战略技术,科技创新政策与能力基线,C-STEPI-A0204-98,2026-01-29,W3,2025년 지역 창업생태계 리포트_종합편,机构正式研究,C:\Users\WINDOWS\OneDrive\知识库\智库信息爬虫\国际主要科技智库观点演变_研判\03_证据底稿\原文PDF\C-STEPI-A0204-98.pdf,C:\Users\WINDOWS\OneDrive\知识库\智库信息爬虫\国际主要科技智库观点演变_研判\03_证据底稿\文本\C-STEPI-A0204-98.txt,https://www.stepi.re.kr/site/stepiko/report/View.do?reIdx=98,官方PDF已保存并校验
生命科学、生物技术与健康,科技创新政策与能力基线,C-STEPI-A0204-98,2026-01-29,W3,2025년 지역 창업생태계 리포트_종합편,机构正式研究,C:\Users\WINDOWS\OneDrive\知识库\智库信息爬虫\国际主要科技智库观点演变_研判\03_证据底稿\原文PDF\C-STEPI-A0204-98.pdf,C:\Users\WINDOWS\OneDrive\知识库\智库信息爬虫\国际主要科技智库观点演变_研判\03_证据底稿\文本\C-STEPI-A0204-98.txt,https://www.stepi.re.kr/site/stepiko/report/View.do?reIdx=98,官方PDF已保存并校验
能源、气候与绿色转型,科技创新政策与能力基线,C-STEPI-A0204-98,2026-01-29,W3,2025년 지역 창업생태계 리포트_종합편,机构正式研究,C:\Users\WINDOWS\OneDrive\知识库\智库信息爬虫\国际主要科技智库观点演变_研判\03_证据底稿\原文PDF\C-STEPI-A0204-98.pdf,C:\Users\WINDOWS\OneDrive\知识库\智库信息爬虫\国际主要科技智库观点演变_研判\03_证据底稿\文本\C-STEPI-A0204-98.txt,https://www.stepi.re.kr/site/stepiko/report/View.do?reIdx=98,官方PDF已保存并校验
科研体系、研发投入与评价,科技创新政策与能力基线,C-STEPI-A0204-98,2026-01-29,W3,2025년 지역 창업생태계 리포트_종합편,机构正式研究,C:\Users\WINDOWS\OneDrive\知识库\智库信息爬虫\国际主要科技智库观点演变_研判\03_证据底稿\原文PDF\C-STEPI-A0204-98.pdf,C:\Users\WINDOWS\OneDrive\知识库\智库信息爬虫\国际主要科技智库观点演变_研判\03_证据底稿\文本\C-STEPI-A0204-98.txt,https://www.stepi.re.kr/site/stepiko/report/View.do?reIdx=98,官方PDF已保存并校验
科技人才、大学与知识流动,科技创新政策与能力基线,C-STEPI-A0204-98,2026-01-29,W3,2025년 지역 창업생태계 리포트_종합편,机构正式研究,C:\Users\WINDOWS\OneDrive\知识库\智库信息爬虫\国际主要科技智库观点演变_研判\03_证据底稿\原文PDF\C-STEPI-A0204-98.pdf,C:\Users\WINDOWS\OneDrive\知识库\智库信息爬虫\国际主要科技智库观点演变_研判\03_证据底稿\文本\C-STEPI-A0204-98.txt,https://www.stepi.re.kr/site/stepiko/report/View.do?reIdx=98,官方PDF已保存并校验
产业创新、创业与区域体系,科技创新政策与能力基线,C-STEPI-A0204-98,2026-01-29,W3,2025년 지역 창업생태계 리포트_종합편,机构正式研究,C:\Users\WINDOWS\OneDrive\知识库\智库信息爬虫\国际主要科技智库观点演变_研判\03_证据底稿\原文PDF\C-STEPI-A0204-98.pdf,C:\Users\WINDOWS\OneDrive\知识库\智库信息爬虫\国际主要科技智库观点演变_研判\03_证据底稿\文本\C-STEPI-A0204-98.txt,https://www.stepi.re.kr/site/stepiko/report/View.do?reIdx=98,官方PDF已保存并校验
技术安全、供应链与国际合作,科技创新政策与能力基线,C-STEPI-A0204-98,2026-01-29,W3,2025년 지역 창업생태계 리포트_종합편,机构正式研究,C:\Users\WINDOWS\OneDrive\知识库\智库信息爬虫\国际主要科技智库观点演变_研判\03_证据底稿\原文PDF\C-STEPI-A0204-98.pdf,C:\Users\WINDOWS\OneDrive\知识库\智库信息爬虫\国际主要科技智库观点演变_研判\03_证据底稿\文本\C-STEPI-A0204-98.txt,https://www.stepi.re.kr/site/stepiko/report/View.do?reIdx=98,官方PDF已保存并校验
科技前瞻与未来社会,科技创新政策与能力基线,C-STEPI-A0204-98,2026-01-29,W3,2025년 지역 창업생태계 리포트_종합편,机构正式研究,C:\Users\WINDOWS\OneDrive\知识库\智库信息爬虫\国际主要科技智库观点演变_研判\03_证据底稿\原文PDF\C-STEPI-A0204-98.pdf,C:\Users\WINDOWS\OneDrive\知识库\智库信息爬虫\国际主要科技智库观点演变_研判\03_证据底稿\文本\C-STEPI-A0204-98.txt,https://www.stepi.re.kr/site/stepiko/report/View.do?reIdx=98,官方PDF已保存并校验
中国科技与国际比较,科技创新政策与能力基线,C-STEPI-A0203-181,2016-12-30,W1,전환기 과학기술정책 이슈와 대안 탐색,机构正式研究,C:\Users\WINDOWS\OneDrive\知识库\智库信息爬虫\国际主要科技智库观点演变_研判\03_证据底稿\原文PDF\C-STEPI-A0203-181.pdf,C:\Users\WINDOWS\OneDrive\知识库\智库信息爬虫\国际主要科技智库观点演变_研判\03_证据底稿\文本\C-STEPI-A0203-181.txt,https://www.stepi.re.kr/site/stepiko/report/View.do?reIdx=181,官方PDF已保存并校验
科研体系、研发投入与评价,科技创新政策与能力基线,C-STEPI-A0203-181,2016-12-30,W1,전환기 과학기술정책 이슈와 대안 탐색,机构正式研究,C:\Users\WINDOWS\OneDrive\知识库\智库信息爬虫\国际主要科技智库观点演变_研判\03_证据底稿\原文PDF\C-STEPI-A0203-181.pdf,C:\Users\WINDOWS\OneDrive\知识库\智库信息爬虫\国际主要科技智库观点演变_研判\03_证据底稿\文本\C-STEPI-A0203-181.txt,https://www.stepi.re.kr/site/stepiko/report/View.do?reIdx=181,官方PDF已保存并校验
科技人才、大学与知识流动,科技创新政策与能力基线,C-STEPI-A0203-181,2016-12-30,W1,전환기 과학기술정책 이슈와 대안 탐색,机构正式研究,C:\Users\WINDOWS\OneDrive\知识库\智库信息爬虫\国际主要科技智库观点演变_研判\03_证据底稿\原文PDF\C-STEPI-A0203-181.pdf,C:\Users\WINDOWS\OneDrive\知识库\智库信息爬虫\国际主要科技智库观点演变_研判\03_证据底稿\文本\C-STEPI-A0203-181.txt,https://www.stepi.re.kr/site/stepiko/report/View.do?reIdx=181,官方PDF已保存并校验
产业创新、创业与区域体系,科技创新政策与能力基线,C-STEPI-A0203-181,2016-12-30,W1,전환기 과학기술정책 이슈와 대안 탐색,机构正式研究,C:\Users\WINDOWS\OneDrive\知识库\智库信息爬虫\国际主要科技智库观点演变_研判\03_证据底稿\原文PDF\C-STEPI-A0203-181.pdf,C:\Users\WINDOWS\OneDrive\知识库\智库信息爬虫\国际主要科技智库观点演变_研判\03_证据底稿\文本\C-STEPI-A0203-181.txt,https://www.stepi.re.kr/site/stepiko/report/View.do?reIdx=181,官方PDF已保存并校验
科技前瞻与未来社会,科技创新政策与能力基线,C-STEPI-A0203-181,2016-12-30,W1,전환기 과학기술정책 이슈와 대안 탐색,机构正式研究,C:\Users\WINDOWS\OneDrive\知识库\智库信息爬虫\国际主要科技智库观点演变_研判\03_证据底稿\原文PDF\C-STEPI-A0203-181.pdf,C:\Users\WINDOWS\OneDrive\知识库\智库信息爬虫\国际主要科技智库观点演变_研判\03_证据底稿\文本\C-STEPI-A0203-181.txt,https://www.stepi.re.kr/site/stepiko/report/View.do?reIdx=181,官方PDF已保存并校验
人工智能、数据与数字技术,核心科技直接材料,C-STEPI-A0203-182,2016-12-30,W1,디지털 사회혁신의 활성화 전략 연구,机构正式研究,C:\Users\WINDOWS\OneDrive\知识库\智库信息爬虫\国际主要科技智库观点演变_研判\03_证据底稿\原文PDF\C-STEPI-A0203-182.pdf,C:\Users\WINDOWS\OneDrive\知识库\智库信息爬虫\国际主要科技智库观点演变_研判\03_证据底稿\文本\C-STEPI-A0203-182.txt,https://www.stepi.re.kr/site/stepiko/report/View.do?reIdx=182,官方PDF已保存并校验
能源、气候与绿色转型,核心科技直接材料,C-STEPI-A0203-182,2016-12-30,W1,디지털 사회혁신의 활성화 전략 연구,机构正式研究,C:\Users\WINDOWS\OneDrive\知识库\智库信息爬虫\国际主要科技智库观点演变_研判\03_证据底稿\原文PDF\C-STEPI-A0203-182.pdf,C:\Users\WINDOWS\OneDrive\知识库\智库信息爬虫\国际主要科技智库观点演变_研判\03_证据底稿\文本\C-STEPI-A0203-182.txt,https://www.stepi.re.kr/site/stepiko/report/View.do?reIdx=182,官方PDF已保存并校验
科研体系、研发投入与评价,核心科技直接材料,C-STEPI-A0203-182,2016-12-30,W1,디지털 사회혁신의 활성화 전략 연구,机构正式研究,C:\Users\WINDOWS\OneDrive\知识库\智库信息爬虫\国际主要科技智库观点演变_研判\03_证据底稿\原文PDF\C-STEPI-A0203-182.pdf,C:\Users\WINDOWS\OneDrive\知识库\智库信息爬虫\国际主要科技智库观点演变_研判\03_证据底稿\文本\C-STEPI-A0203-182.txt,https://www.stepi.re.kr/site/stepiko/report/View.do?reIdx=182,官方PDF已保存并校验
科技人才、大学与知识流动,核心科技直接材料,C-STEPI-A0203-182,2016-12-30,W1,디지털 사회혁신의 활성화 전략 연구,机构正式研究,C:\Users\WINDOWS\OneDrive\知识库\智库信息爬虫\国际主要科技智库观点演变_研判\03_证据底稿\原文PDF\C-STEPI-A0203-182.pdf,C:\Users\WINDOWS\OneDrive\知识库\智库信息爬虫\国际主要科技智库观点演变_研判\03_证据底稿\文本\C-STEPI-A0203-182.txt,https://www.stepi.re.kr/site/stepiko/report/View.do?reIdx=182,官方PDF已保存并校验
产业创新、创业与区域体系,核心科技直接材料,C-STEPI-A0203-182,2016-12-30,W1,디지털 사회혁신의 활성화 전략 연구,机构正式研究,C:\Users\WINDOWS\OneDrive\知识库\智库信息爬虫\国际主要科技智库观点演变_研判\03_证据底稿\原文PDF\C-STEPI-A0203-182.pdf,C:\Users\WINDOWS\OneDrive\知识库\智库信息爬虫\国际主要科技智库观点演变_研判\03_证据底稿\文本\C-STEPI-A0203-182.txt,https://www.stepi.re.kr/site/stepiko/report/View.do?reIdx=182,官方PDF已保存并校验
人工智能、数据与数字技术,科技创新政策与能力基线,C-STEPI-A0203-183,2016-12-30,W1,SDGs에 대응하는 과학기술 외교전략 -파리협정을 중심으로-,机构正式研究,C:\Users\WINDOWS\OneDrive\知识库\智库信息爬虫\国际主要科技智库观点演变_研判\03_证据底稿\原文PDF\C-STEPI-A0203-183.pdf,C:\Users\WINDOWS\OneDrive\知识库\智库信息爬虫\国际主要科技智库观点演变_研判\03_证据底稿\文本\C-STEPI-A0203-183.txt,https://www.stepi.re.kr/site/stepiko/report/View.do?reIdx=183,官方PDF已保存并校验
能源、气候与绿色转型,科技创新政策与能力基线,C-STEPI-A0203-183,2016-12-30,W1,SDGs에 대응하는 과학기술 외교전략 -파리협정을 중심으로-,机构正式研究,C:\Users\WINDOWS\OneDrive\知识库\智库信息爬虫\国际主要科技智库观点演变_研判\03_证据底稿\原文PDF\C-STEPI-A0203-183.pdf,C:\Users\WINDOWS\OneDrive\知识库\智库信息爬虫\国际主要科技智库观点演变_研判\03_证据底稿\文本\C-STEPI-A0203-183.txt,https://www.stepi.re.kr/site/stepiko/report/View.do?reIdx=183,官方PDF已保存并校验
科研体系、研发投入与评价,科技创新政策与能力基线,C-STEPI-A0203-183,2016-12-30,W1,SDGs에 대응하는 과학기술 외교전략 -파리협정을 중심으로-,机构正式研究,C:\Users\WINDOWS\OneDrive\知识库\智库信息爬虫\国际主要科技智库观点演变_研判\03_证据底稿\原文PDF\C-STEPI-A0203-183.pdf,C:\Users\WINDOWS\OneDrive\知识库\智库信息爬虫\国际主要科技智库观点演变_研判\03_证据底稿\文本\C-STEPI-A0203-183.txt,https://www.stepi.re.kr/site/stepiko/report/View.do?reIdx=183,官方PDF已保存并校验
科技人才、大学与知识流动,科技创新政策与能力基线,C-STEPI-A0203-183,2016-12-30,W1,SDGs에 대응하는 과학기술 외교전략 -파리협정을 중심으로-,机构正式研究,C:\Users\WINDOWS\OneDrive\知识库\智库信息爬虫\国际主要科技智库观点演变_研判\03_证据底稿\原文PDF\C-STEPI-A0203-183.pdf,C:\Users\WINDOWS\OneDrive\知识库\智库信息爬虫\国际主要科技智库观点演变_研判\03_证据底稿\文本\C-STEPI-A0203-183.txt,https://www.stepi.re.kr/site/stepiko/report/View.do?reIdx=183,官方PDF已保存并校验
产业创新、创业与区域体系,科技创新政策与能力基线,C-STEPI-A0203-183,2016-12-30,W1,SDGs에 대응하는 과학기술 외교전략 -파리협정을 중심으로-,机构正式研究,C:\Users\WINDOWS\OneDrive\知识库\智库信息爬虫\国际主要科技智库观点演变_研判\03_证据底稿\原文PDF\C-STEPI-A0203-183.pdf,C:\Users\WINDOWS\OneDrive\知识库\智库信息爬虫\国际主要科技智库观点演变_研判\03_证据底稿\文本\C-STEPI-A0203-183.txt,https://www.stepi.re.kr/site/stepiko/report/View.do?reIdx=183,官方PDF已保存并校验
技术安全、供应链与国际合作,科技创新政策与能力基线,C-STEPI-A0203-183,2016-12-30,W1,SDGs에 대응하는 과학기술 외교전략 -파리협정을 중심으로-,机构正式研究,C:\Users\WINDOWS\OneDrive\知识库\智库信息爬虫\国际主要科技智库观点演变_研判\03_证据底稿\原文PDF\C-STEPI-A0203-183.pdf,C:\Users\WINDOWS\OneDrive\知识库\智库信息爬虫\国际主要科技智库观点演变_研判\03_证据底稿\文本\C-STEPI-A0203-183.txt,https://www.stepi.re.kr/site/stepiko/report/View.do?reIdx=183,官方PDF已保存并校验
科技前瞻与未来社会,科技创新政策与能力基线,C-STEPI-A0203-183,2016-12-30,W1,SDGs에 대응하는 과학기술 외교전략 -파리협정을 중심으로-,机构正式研究,C:\Users\WINDOWS\OneDrive\知识库\智库信息爬虫\国际主要科技智库观点演变_研判\03_证据底稿\原文PDF\C-STEPI-A0203-183.pdf,C:\Users\WINDOWS\OneDrive\知识库\智库信息爬虫\国际主要科技智库观点演变_研判\03_证据底稿\文本\C-STEPI-A0203-183.txt,https://www.stepi.re.kr/site/stepiko/report/View.do?reIdx=183,官方PDF已保存并校验
科研体系、研发投入与评价,科技创新政策与能力基线,C-STEPI-A0203-184,2016-12-30,W1,"한국 과학기술 50년, 기획조사 연구 - 과학기술 50주년 성과 분석 및 확산에 관한 연구 -",机构正式研究,C:\Users\WINDOWS\OneDrive\知识库\智库信息爬虫\国际主要科技智库观点演变_研判\03_证据底稿\原文PDF\C-STEPI-A0203-184.pdf,C:\Users\WINDOWS\OneDrive\知识库\智库信息爬虫\国际主要科技智库观点演变_研判\03_证据底稿\文本\C-STEPI-A0203-184.txt,https://www.stepi.re.kr/site/stepiko/report/View.do?reIdx=184,官方PDF已保存并校验
科技人才、大学与知识流动,科技创新政策与能力基线,C-STEPI-A0203-184,2016-12-30,W1,"한국 과학기술 50년, 기획조사 연구 - 과학기술 50주년 성과 분석 및 확산에 관한 연구 -",机构正式研究,C:\Users\WINDOWS\OneDrive\知识库\智库信息爬虫\国际主要科技智库观点演变_研判\03_证据底稿\原文PDF\C-STEPI-A0203-184.pdf,C:\Users\WINDOWS\OneDrive\知识库\智库信息爬虫\国际主要科技智库观点演变_研判\03_证据底稿\文本\C-STEPI-A0203-184.txt,https://www.stepi.re.kr/site/stepiko/report/View.do?reIdx=184,官方PDF已保存并校验
产业创新、创业与区域体系,科技创新政策与能力基线,C-STEPI-A0203-184,2016-12-30,W1,"한국 과학기술 50년, 기획조사 연구 - 과학기술 50주년 성과 분석 및 확산에 관한 연구 -",机构正式研究,C:\Users\WINDOWS\OneDrive\知识库\智库信息爬虫\国际主要科技智库观点演变_研判\03_证据底稿\原文PDF\C-STEPI-A0203-184.pdf,C:\Users\WINDOWS\OneDrive\知识库\智库信息爬虫\国际主要科技智库观点演变_研判\03_证据底稿\文本\C-STEPI-A0203-184.txt,https://www.stepi.re.kr/site/stepiko/report/View.do?reIdx=184,官方PDF已保存并校验
科技前瞻与未来社会,科技创新政策与能力基线,C-STEPI-A0203-184,2016-12-30,W1,"한국 과학기술 50년, 기획조사 연구 - 과학기술 50주년 성과 분석 및 확산에 관한 연구 -",机构正式研究,C:\Users\WINDOWS\OneDrive\知识库\智库信息爬虫\国际主要科技智库观点演变_研判\03_证据底稿\原文PDF\C-STEPI-A0203-184.pdf,C:\Users\WINDOWS\OneDrive\知识库\智库信息爬虫\国际主要科技智库观点演变_研判\03_证据底稿\文本\C-STEPI-A0203-184.txt,https://www.stepi.re.kr/site/stepiko/report/View.do?reIdx=184,官方PDF已保存并校验
人工智能、数据与数字技术,科技创新政策与能力基线,C-STEPI-A0203-185,2016-12-30,W1,2016 글로벌 혁신 스코어보드,机构正式研究,C:\Users\WINDOWS\OneDrive\知识库\智库信息爬虫\国际主要科技智库观点演变_研判\03_证据底稿\原文PDF\C-STEPI-A0203-185.pdf,C:\Users\WINDOWS\OneDrive\知识库\智库信息爬虫\国际主要科技智库观点演变_研判\03_证据底稿\文本\C-STEPI-A0203-185.txt,https://www.stepi.re.kr/site/stepiko/report/View.do?reIdx=185,官方PDF已保存并校验
科研体系、研发投入与评价,科技创新政策与能力基线,C-STEPI-A0203-185,2016-12-30,W1,2016 글로벌 혁신 스코어보드,机构正式研究,C:\Users\WINDOWS\OneDrive\知识库\智库信息爬虫\国际主要科技智库观点演变_研判\03_证据底稿\原文PDF\C-STEPI-A0203-185.pdf,C:\Users\WINDOWS\OneDrive\知识库\智库信息爬虫\国际主要科技智库观点演变_研判\03_证据底稿\文本\C-STEPI-A0203-185.txt,https://www.stepi.re.kr/site/stepiko/report/View.do?reIdx=185,官方PDF已保存并校验
科技人才、大学与知识流动,科技创新政策与能力基线,C-STEPI-A0203-185,2016-12-30,W1,2016 글로벌 혁신 스코어보드,机构正式研究,C:\Users\WINDOWS\OneDrive\知识库\智库信息爬虫\国际主要科技智库观点演变_研判\03_证据底稿\原文PDF\C-STEPI-A0203-185.pdf,C:\Users\WINDOWS\OneDrive\知识库\智库信息爬虫\国际主要科技智库观点演变_研判\03_证据底稿\文本\C-STEPI-A0203-185.txt,https://www.stepi.re.kr/site/stepiko/report/View.do?reIdx=185,官方PDF已保存并校验
产业创新、创业与区域体系,科技创新政策与能力基线,C-STEPI-A0203-185,2016-12-30,W1,2016 글로벌 혁신 스코어보드,机构正式研究,C:\Users\WINDOWS\OneDrive\知识库\智库信息爬虫\国际主要科技智库观点演变_研判\03_证据底稿\原文PDF\C-STEPI-A0203-185.pdf,C:\Users\WINDOWS\OneDrive\知识库\智库信息爬虫\国际主要科技智库观点演变_研判\03_证据底稿\文本\C-STEPI-A0203-185.txt,https://www.stepi.re.kr/site/stepiko/report/View.do?reIdx=185,官方PDF已保存并校验
科技前瞻与未来社会,科技创新政策与能力基线,C-STEPI-A0203-185,2016-12-30,W1,2016 글로벌 혁신 스코어보드,机构正式研究,C:\Users\WINDOWS\OneDrive\知识库\智库信息爬虫\国际主要科技智库观点演变_研判\03_证据底稿\原文PDF\C-STEPI-A0203-185.pdf,C:\Users\WINDOWS\OneDrive\知识库\智库信息爬虫\国际主要科技智库观点演变_研判\03_证据底稿\文本\C-STEPI-A0203-185.txt,https://www.stepi.re.kr/site/stepiko/report/View.do?reIdx=185,官方PDF已保存并校验
人工智能、数据与数字技术,科技创新政策与能力基线,C-STEPI-A0203-186,2016-12-30,W1,2016년 과학기술인력 통계조사,机构正式研究,C:\Users\WINDOWS\OneDrive\知识库\智库信息爬虫\国际主要科技智库观点演变_研判\03_证据底稿\原文PDF\C-STEPI-A0203-186.pdf,C:\Users\WINDOWS\OneDrive\知识库\智库信息爬虫\国际主要科技智库观点演变_研判\03_证据底稿\文本\C-STEPI-A0203-186.txt,https://www.stepi.re.kr/site/stepiko/report/View.do?reIdx=186,官方PDF已保存并校验
生命科学、生物技术与健康,科技创新政策与能力基线,C-STEPI-A0203-186,2016-12-30,W1,2016년 과학기술인력 통계조사,机构正式研究,C:\Users\WINDOWS\OneDrive\知识库\智库信息爬虫\国际主要科技智库观点演变_研判\03_证据底稿\原文PDF\C-STEPI-A0203-186.pdf,C:\Users\WINDOWS\OneDrive\知识库\智库信息爬虫\国际主要科技智库观点演变_研判\03_证据底稿\文本\C-STEPI-A0203-186.txt,https://www.stepi.re.kr/site/stepiko/report/View.do?reIdx=186,官方PDF已保存并校验
科研体系、研发投入与评价,科技创新政策与能力基线,C-STEPI-A0203-186,2016-12-30,W1,2016년 과학기술인력 통계조사,机构正式研究,C:\Users\WINDOWS\OneDrive\知识库\智库信息爬虫\国际主要科技智库观点演变_研判\03_证据底稿\原文PDF\C-STEPI-A0203-186.pdf,C:\Users\WINDOWS\OneDrive\知识库\智库信息爬虫\国际主要科技智库观点演变_研判\03_证据底稿\文本\C-STEPI-A0203-186.txt,https://www.stepi.re.kr/site/stepiko/report/View.do?reIdx=186,官方PDF已保存并校验
科技人才、大学与知识流动,科技创新政策与能力基线,C-STEPI-A0203-186,2016-12-30,W1,2016년 과학기술인력 통계조사,机构正式研究,C:\Users\WINDOWS\OneDrive\知识库\智库信息爬虫\国际主要科技智库观点演变_研判\03_证据底稿\原文PDF\C-STEPI-A0203-186.pdf,C:\Users\WINDOWS\OneDrive\知识库\智库信息爬虫\国际主要科技智库观点演变_研判\03_证据底稿\文本\C-STEPI-A0203-186.txt,https://www.stepi.re.kr/site/stepiko/report/View.do?reIdx=186,官方PDF已保存并校验
产业创新、创业与区域体系,科技创新政策与能力基线,C-STEPI-A0203-186,2016-12-30,W1,2016년 과학기술인력 통계조사,机构正式研究,C:\Users\WINDOWS\OneDrive\知识库\智库信息爬虫\国际主要科技智库观点演变_研判\03_证据底稿\原文PDF\C-STEPI-A0203-186.pdf,C:\Users\WINDOWS\OneDrive\知识库\智库信息爬虫\国际主要科技智库观点演变_研判\03_证据底稿\文本\C-STEPI-A0203-186.txt,https://www.stepi.re.kr/site/stepiko/report/View.do?reIdx=186,官方PDF已保存并校验
科技前瞻与未来社会,科技创新政策与能力基线,C-STEPI-A0203-186,2016-12-30,W1,2016년 과학기술인력 통계조사,机构正式研究,C:\Users\WINDOWS\OneDrive\知识库\智库信息爬虫\国际主要科技智库观点演变_研判\03_证据底稿\原文PDF\C-STEPI-A0203-186.pdf,C:\Users\WINDOWS\OneDrive\知识库\智库信息爬虫\国际主要科技智库观点演变_研判\03_证据底稿\文本\C-STEPI-A0203-186.txt,https://www.stepi.re.kr/site/stepiko/report/View.do?reIdx=186,官方PDF已保存并校验
生命科学、生物技术与健康,科技创新政策与能力基线,C-STEPI-A0203-187,2016-12-30,W1,고령친화 R&D 동향분석,机构正式研究,C:\Users\WINDOWS\OneDrive\知识库\智库信息爬虫\国际主要科技智库观点演变_研判\03_证据底稿\原文PDF\C-STEPI-A0203-187.pdf,C:\Users\WINDOWS\OneDrive\知识库\智库信息爬虫\国际主要科技智库观点演变_研判\03_证据底稿\文本\C-STEPI-A0203-187.txt,https://www.stepi.re.kr/site/stepiko/report/View.do?reIdx=187,官方PDF已保存并校验
科研体系、研发投入与评价,科技创新政策与能力基线,C-STEPI-A0203-187,2016-12-30,W1,고령친화 R&D 동향분석,机构正式研究,C:\Users\WINDOWS\OneDrive\知识库\智库信息爬虫\国际主要科技智库观点演变_研判\03_证据底稿\原文PDF\C-STEPI-A0203-187.pdf,C:\Users\WINDOWS\OneDrive\知识库\智库信息爬虫\国际主要科技智库观点演变_研判\03_证据底稿\文本\C-STEPI-A0203-187.txt,https://www.stepi.re.kr/site/stepiko/report/View.do?reIdx=187,官方PDF已保存并校验
科技人才、大学与知识流动,科技创新政策与能力基线,C-STEPI-A0203-187,2016-12-30,W1,고령친화 R&D 동향분석,机构正式研究,C:\Users\WINDOWS\OneDrive\知识库\智库信息爬虫\国际主要科技智库观点演变_研判\03_证据底稿\原文PDF\C-STEPI-A0203-187.pdf,C:\Users\WINDOWS\OneDrive\知识库\智库信息爬虫\国际主要科技智库观点演变_研判\03_证据底稿\文本\C-STEPI-A0203-187.txt,https://www.stepi.re.kr/site/stepiko/report/View.do?reIdx=187,官方PDF已保存并校验
产业创新、创业与区域体系,科技创新政策与能力基线,C-STEPI-A0203-187,2016-12-30,W1,고령친화 R&D 동향분석,机构正式研究,C:\Users\WINDOWS\OneDrive\知识库\智库信息爬虫\国际主要科技智库观点演变_研判\03_证据底稿\原文PDF\C-STEPI-A0203-187.pdf,C:\Users\WINDOWS\OneDrive\知识库\智库信息爬虫\国际主要科技智库观点演变_研判\03_证据底稿\文本\C-STEPI-A0203-187.txt,https://www.stepi.re.kr/site/stepiko/report/View.do?reIdx=187,官方PDF已保存并校验
科技前瞻与未来社会,科技创新政策与能力基线,C-STEPI-A0203-187,2016-12-30,W1,고령친화 R&D 동향분석,机构正式研究,C:\Users\WINDOWS\OneDrive\知识库\智库信息爬虫\国际主要科技智库观点演变_研判\03_证据底稿\原文PDF\C-STEPI-A0203-187.pdf,C:\Users\WINDOWS\OneDrive\知识库\智库信息爬虫\国际主要科技智库观点演变_研判\03_证据底稿\文本\C-STEPI-A0203-187.txt,https://www.stepi.re.kr/site/stepiko/report/View.do?reIdx=187,官方PDF已保存并校验
科研体系、研发投入与评价,科技创新政策与能力基线,C-STEPI-A0203-188,2016-12-30,W1,2016년 기술혁신 성과지표 분석 및 DB 구축사업,机构正式研究,,,https://www.stepi.re.kr/site/stepiko/report/View.do?reIdx=188,官方目录无PDF
产业创新、创业与区域体系,科技创新政策与能力基线,C-STEPI-A0203-188,2016-12-30,W1,2016년 기술혁신 성과지표 분석 및 DB 구축사업,机构正式研究,,,https://www.stepi.re.kr/site/stepiko/report/View.do?reIdx=188,官方目录无PDF
科技前瞻与未来社会,科技创新政策与能力基线,C-STEPI-A0203-189,2016-12-30,W1,과학기술기반 미래연구사업 Ⅷ,机构正式研究,C:\Users\WINDOWS\OneDrive\知识库\智库信息爬虫\国际主要科技智库观点演变_研判\03_证据底稿\原文PDF\C-STEPI-A0203-189.pdf,C:\Users\WINDOWS\OneDrive\知识库\智库信息爬虫\国际主要科技智库观点演变_研判\03_证据底稿\文本\C-STEPI-A0203-189.txt,https://www.stepi.re.kr/site/stepiko/report/View.do?reIdx=189,官方PDF已保存并校验
人工智能、数据与数字技术,科技创新政策与能力基线,C-STEPI-A0203-190,2016-12-30,W1,중소기업 기술혁신 역량평가 및 글로벌 정책 분석 Ⅶ,机构正式研究,C:\Users\WINDOWS\OneDrive\知识库\智库信息爬虫\国际主要科技智库观点演变_研判\03_证据底稿\原文PDF\C-STEPI-A0203-190.pdf,C:\Users\WINDOWS\OneDrive\知识库\智库信息爬虫\国际主要科技智库观点演变_研判\03_证据底稿\文本\C-STEPI-A0203-190.txt,https://www.stepi.re.kr/site/stepiko/report/View.do?reIdx=190,官方PDF已保存并校验
科研体系、研发投入与评价,科技创新政策与能力基线,C-STEPI-A0203-190,2016-12-30,W1,중소기업 기술혁신 역량평가 및 글로벌 정책 분석 Ⅶ,机构正式研究,C:\Users\WINDOWS\OneDrive\知识库\智库信息爬虫\国际主要科技智库观点演变_研判\03_证据底稿\原文PDF\C-STEPI-A0203-190.pdf,C:\Users\WINDOWS\OneDrive\知识库\智库信息爬虫\国际主要科技智库观点演变_研判\03_证据底稿\文本\C-STEPI-A0203-190.txt,https://www.stepi.re.kr/site/stepiko/report/View.do?reIdx=190,官方PDF已保存并校验
科技人才、大学与知识流动,科技创新政策与能力基线,C-STEPI-A0203-190,2016-12-30,W1,중소기업 기술혁신 역량평가 및 글로벌 정책 분석 Ⅶ,机构正式研究,C:\Users\WINDOWS\OneDrive\知识库\智库信息爬虫\国际主要科技智库观点演变_研判\03_证据底稿\原文PDF\C-STEPI-A0203-190.pdf,C:\Users\WINDOWS\OneDrive\知识库\智库信息爬虫\国际主要科技智库观点演变_研判\03_证据底稿\文本\C-STEPI-A0203-190.txt,https://www.stepi.re.kr/site/stepiko/report/View.do?reIdx=190,官方PDF已保存并校验
产业创新、创业与区域体系,科技创新政策与能力基线,C-STEPI-A0203-190,2016-12-30,W1,중소기업 기술혁신 역량평가 및 글로벌 정책 분석 Ⅶ,机构正式研究,C:\Users\WINDOWS\OneDrive\知识库\智库信息爬虫\国际主要科技智库观点演变_研判\03_证据底稿\原文PDF\C-STEPI-A0203-190.pdf,C:\Users\WINDOWS\OneDrive\知识库\智库信息爬虫\国际主要科技智库观点演变_研判\03_证据底稿\文本\C-STEPI-A0203-190.txt,https://www.stepi.re.kr/site/stepiko/report/View.do?reIdx=190,官方PDF已保存并校验
中国科技与国际比较,核心科技直接材料,C-STEPI-A0203-191,2016-12-30,W1,중국(중화권) 첨단기술 모니터링 및 DB 구축사업: 환경기술 분야를 중심으로,机构正式研究,C:\Users\WINDOWS\OneDrive\知识库\智库信息爬虫\国际主要科技智库观点演变_研判\03_证据底稿\原文PDF\C-STEPI-A0203-191.pdf,C:\Users\WINDOWS\OneDrive\知识库\智库信息爬虫\国际主要科技智库观点演变_研判\03_证据底稿\文本\C-STEPI-A0203-191.txt,https://www.stepi.re.kr/site/stepiko/report/View.do?reIdx=191,官方PDF已保存并校验
人工智能、数据与数字技术,核心科技直接材料,C-STEPI-A0203-191,2016-12-30,W1,중국(중화권) 첨단기술 모니터링 및 DB 구축사업: 환경기술 분야를 중심으로,机构正式研究,C:\Users\WINDOWS\OneDrive\知识库\智库信息爬虫\国际主要科技智库观点演变_研判\03_证据底稿\原文PDF\C-STEPI-A0203-191.pdf,C:\Users\WINDOWS\OneDrive\知识库\智库信息爬虫\国际主要科技智库观点演变_研判\03_证据底稿\文本\C-STEPI-A0203-191.txt,https://www.stepi.re.kr/site/stepiko/report/View.do?reIdx=191,官方PDF已保存并校验
半导体、量子与战略技术,核心科技直接材料,C-STEPI-A0203-191,2016-12-30,W1,중국(중화권) 첨단기술 모니터링 및 DB 구축사업: 환경기술 분야를 중심으로,机构正式研究,C:\Users\WINDOWS\OneDrive\知识库\智库信息爬虫\国际主要科技智库观点演变_研判\03_证据底稿\原文PDF\C-STEPI-A0203-191.pdf,C:\Users\WINDOWS\OneDrive\知识库\智库信息爬虫\国际主要科技智库观点演变_研判\03_证据底稿\文本\C-STEPI-A0203-191.txt,https://www.stepi.re.kr/site/stepiko/report/View.do?reIdx=191,官方PDF已保存并校验
科研体系、研发投入与评价,核心科技直接材料,C-STEPI-A0203-191,2016-12-30,W1,중국(중화권) 첨단기술 모니터링 및 DB 구축사업: 환경기술 분야를 중심으로,机构正式研究,C:\Users\WINDOWS\OneDrive\知识库\智库信息爬虫\国际主要科技智库观点演变_研判\03_证据底稿\原文PDF\C-STEPI-A0203-191.pdf,C:\Users\WINDOWS\OneDrive\知识库\智库信息爬虫\国际主要科技智库观点演变_研判\03_证据底稿\文本\C-STEPI-A0203-191.txt,https://www.stepi.re.kr/site/stepiko/report/View.do?reIdx=191,官方PDF已保存并校验
科技人才、大学与知识流动,核心科技直接材料,C-STEPI-A0203-191,2016-12-30,W1,중국(중화권) 첨단기술 모니터링 및 DB 구축사업: 환경기술 분야를 중심으로,机构正式研究,C:\Users\WINDOWS\OneDrive\知识库\智库信息爬虫\国际主要科技智库观点演变_研判\03_证据底稿\原文PDF\C-STEPI-A0203-191.pdf,C:\Users\WINDOWS\OneDrive\知识库\智库信息爬虫\国际主要科技智库观点演变_研判\03_证据底稿\文本\C-STEPI-A0203-191.txt,https://www.stepi.re.kr/site/stepiko/report/View.do?reIdx=191,官方PDF已保存并校验
产业创新、创业与区域体系,核心科技直接材料,C-STEPI-A0203-191,2016-12-30,W1,중국(중화권) 첨단기술 모니터링 및 DB 구축사업: 환경기술 분야를 중심으로,机构正式研究,C:\Users\WINDOWS\OneDrive\知识库\智库信息爬虫\国际主要科技智库观点演变_研判\03_证据底稿\原文PDF\C-STEPI-A0203-191.pdf,C:\Users\WINDOWS\OneDrive\知识库\智库信息爬虫\国际主要科技智库观点演变_研判\03_证据底稿\文本\C-STEPI-A0203-191.txt,https://www.stepi.re.kr/site/stepiko/report/View.do?reIdx=191,官方PDF已保存并校验
科技前瞻与未来社会,核心科技直接材料,C-STEPI-A0203-191,2016-12-30,W1,중국(중화권) 첨단기술 모니터링 및 DB 구축사업: 환경기술 분야를 중심으로,机构正式研究,C:\Users\WINDOWS\OneDrive\知识库\智库信息爬虫\国际主要科技智库观点演变_研判\03_证据底稿\原文PDF\C-STEPI-A0203-191.pdf,C:\Users\WINDOWS\OneDrive\知识库\智库信息爬虫\国际主要科技智库观点演变_研判\03_证据底稿\文本\C-STEPI-A0203-191.txt,https://www.stepi.re.kr/site/stepiko/report/View.do?reIdx=191,官方PDF已保存并校验
生命科学、生物技术与健康,科技创新政策与能力基线,C-STEPI-A0203-192,2016-12-30,W1,사회·기술시스템 전환 전략 연구(2차년도) - 농업·농촌 사회·기술시스템 전환 연구 -,机构正式研究,C:\Users\WINDOWS\OneDrive\知识库\智库信息爬虫\国际主要科技智库观点演变_研判\03_证据底稿\原文PDF\C-STEPI-A0203-192.pdf,C:\Users\WINDOWS\OneDrive\知识库\智库信息爬虫\国际主要科技智库观点演变_研判\03_证据底稿\文本\C-STEPI-A0203-192.txt,https://www.stepi.re.kr/site/stepiko/report/View.do?reIdx=192,官方PDF已保存并校验
能源、气候与绿色转型,科技创新政策与能力基线,C-STEPI-A0203-192,2016-12-30,W1,사회·기술시스템 전환 전략 연구(2차년도) - 농업·농촌 사회·기술시스템 전환 연구 -,机构正式研究,C:\Users\WINDOWS\OneDrive\知识库\智库信息爬虫\国际主要科技智库观点演变_研判\03_证据底稿\原文PDF\C-STEPI-A0203-192.pdf,C:\Users\WINDOWS\OneDrive\知识库\智库信息爬虫\国际主要科技智库观点演变_研判\03_证据底稿\文本\C-STEPI-A0203-192.txt,https://www.stepi.re.kr/site/stepiko/report/View.do?reIdx=192,官方PDF已保存并校验
科研体系、研发投入与评价,科技创新政策与能力基线,C-STEPI-A0203-192,2016-12-30,W1,사회·기술시스템 전환 전략 연구(2차년도) - 농업·농촌 사회·기술시스템 전환 연구 -,机构正式研究,C:\Users\WINDOWS\OneDrive\知识库\智库信息爬虫\国际主要科技智库观点演变_研判\03_证据底稿\原文PDF\C-STEPI-A0203-192.pdf,C:\Users\WINDOWS\OneDrive\知识库\智库信息爬虫\国际主要科技智库观点演变_研判\03_证据底稿\文本\C-STEPI-A0203-192.txt,https://www.stepi.re.kr/site/stepiko/report/View.do?reIdx=192,官方PDF已保存并校验
科技人才、大学与知识流动,科技创新政策与能力基线,C-STEPI-A0203-192,2016-12-30,W1,사회·기술시스템 전환 전략 연구(2차년도) - 농업·농촌 사회·기술시스템 전환 연구 -,机构正式研究,C:\Users\WINDOWS\OneDrive\知识库\智库信息爬虫\国际主要科技智库观点演变_研判\03_证据底稿\原文PDF\C-STEPI-A0203-192.pdf,C:\Users\WINDOWS\OneDrive\知识库\智库信息爬虫\国际主要科技智库观点演变_研判\03_证据底稿\文本\C-STEPI-A0203-192.txt,https://www.stepi.re.kr/site/stepiko/report/View.do?reIdx=192,官方PDF已保存并校验
产业创新、创业与区域体系,科技创新政策与能力基线,C-STEPI-A0203-192,2016-12-30,W1,사회·기술시스템 전환 전략 연구(2차년도) - 농업·농촌 사회·기술시스템 전환 연구 -,机构正式研究,C:\Users\WINDOWS\OneDrive\知识库\智库信息爬虫\国际主要科技智库观点演变_研判\03_证据底稿\原文PDF\C-STEPI-A0203-192.pdf,C:\Users\WINDOWS\OneDrive\知识库\智库信息爬虫\国际主要科技智库观点演变_研判\03_证据底稿\文本\C-STEPI-A0203-192.txt,https://www.stepi.re.kr/site/stepiko/report/View.do?reIdx=192,官方PDF已保存并校验
科技前瞻与未来社会,科技创新政策与能力基线,C-STEPI-A0203-192,2016-12-30,W1,사회·기술시스템 전환 전략 연구(2차년도) - 농업·농촌 사회·기술시스템 전환 연구 -,机构正式研究,C:\Users\WINDOWS\OneDrive\知识库\智库信息爬虫\国际主要科技智库观点演变_研判\03_证据底稿\原文PDF\C-STEPI-A0203-192.pdf,C:\Users\WINDOWS\OneDrive\知识库\智库信息爬虫\国际主要科技智库观点演变_研判\03_证据底稿\文本\C-STEPI-A0203-192.txt,https://www.stepi.re.kr/site/stepiko/report/View.do?reIdx=192,官方PDF已保存并校验
产业创新、创业与区域体系,科技创新政策与能力基线,C-STEPI-A0203-193,2016-12-30,W1,2016년 기업가정신 모니터링 사업,机构正式研究,,,https://www.stepi.re.kr/site/stepiko/report/View.do?reIdx=193,官方目录无PDF
科研体系、研发投入与评价,科技创新政策与能力基线,C-STEPI-A0203-194,2016-12-30,W1,기술사 수급 안정화를 위한 노동시장 분석,机构正式研究,C:\Users\WINDOWS\OneDrive\知识库\智库信息爬虫\国际主要科技智库观点演变_研判\03_证据底稿\原文PDF\C-STEPI-A0203-194.pdf,C:\Users\WINDOWS\OneDrive\知识库\智库信息爬虫\国际主要科技智库观点演变_研判\03_证据底稿\文本\C-STEPI-A0203-194.txt,https://www.stepi.re.kr/site/stepiko/report/View.do?reIdx=194,官方PDF已保存并校验
科技人才、大学与知识流动,科技创新政策与能力基线,C-STEPI-A0203-194,2016-12-30,W1,기술사 수급 안정화를 위한 노동시장 분석,机构正式研究,C:\Users\WINDOWS\OneDrive\知识库\智库信息爬虫\国际主要科技智库观点演变_研判\03_证据底稿\原文PDF\C-STEPI-A0203-194.pdf,C:\Users\WINDOWS\OneDrive\知识库\智库信息爬虫\国际主要科技智库观点演变_研判\03_证据底稿\文本\C-STEPI-A0203-194.txt,https://www.stepi.re.kr/site/stepiko/report/View.do?reIdx=194,官方PDF已保存并校验
产业创新、创业与区域体系,科技创新政策与能力基线,C-STEPI-A0203-194,2016-12-30,W1,기술사 수급 안정화를 위한 노동시장 분석,机构正式研究,C:\Users\WINDOWS\OneDrive\知识库\智库信息爬虫\国际主要科技智库观点演变_研判\03_证据底稿\原文PDF\C-STEPI-A0203-194.pdf,C:\Users\WINDOWS\OneDrive\知识库\智库信息爬虫\国际主要科技智库观点演变_研判\03_证据底稿\文本\C-STEPI-A0203-194.txt,https://www.stepi.re.kr/site/stepiko/report/View.do?reIdx=194,官方PDF已保存并校验
科技前瞻与未来社会,科技创新政策与能力基线,C-STEPI-A0203-194,2016-12-30,W1,기술사 수급 안정화를 위한 노동시장 분석,机构正式研究,C:\Users\WINDOWS\OneDrive\知识库\智库信息爬虫\国际主要科技智库观点演变_研判\03_证据底稿\原文PDF\C-STEPI-A0203-194.pdf,C:\Users\WINDOWS\OneDrive\知识库\智库信息爬虫\国际主要科技智库观点演变_研判\03_证据底稿\文本\C-STEPI-A0203-194.txt,https://www.stepi.re.kr/site/stepiko/report/View.do?reIdx=194,官方PDF已保存并校验
产业创新、创业与区域体系,科技创新政策与能力基线,C-STEPI-A0203-195,2016-12-30,W1,2016년 한국기업혁신조사: 제조업 및 서비스업 부문,机构正式研究,,,https://www.stepi.re.kr/site/stepiko/report/View.do?reIdx=195,官方目录无PDF
中国科技与国际比较,科技创新政策与能力基线,C-STEPI-A0203-196,2017-12-30,W1,2017 글로벌혁신 스코어보드,机构正式研究,C:\Users\WINDOWS\OneDrive\知识库\智库信息爬虫\国际主要科技智库观点演变_研判\03_证据底稿\原文PDF\C-STEPI-A0203-196.pdf,C:\Users\WINDOWS\OneDrive\知识库\智库信息爬虫\国际主要科技智库观点演变_研判\03_证据底稿\文本\C-STEPI-A0203-196.txt,https://www.stepi.re.kr/site/stepiko/report/View.do?reIdx=196,官方PDF已保存并校验
人工智能、数据与数字技术,科技创新政策与能力基线,C-STEPI-A0203-196,2017-12-30,W1,2017 글로벌혁신 스코어보드,机构正式研究,C:\Users\WINDOWS\OneDrive\知识库\智库信息爬虫\国际主要科技智库观点演变_研判\03_证据底稿\原文PDF\C-STEPI-A0203-196.pdf,C:\Users\WINDOWS\OneDrive\知识库\智库信息爬虫\国际主要科技智库观点演变_研判\03_证据底稿\文本\C-STEPI-A0203-196.txt,https://www.stepi.re.kr/site/stepiko/report/View.do?reIdx=196,官方PDF已保存并校验
能源、气候与绿色转型,科技创新政策与能力基线,C-STEPI-A0203-196,2017-12-30,W1,2017 글로벌혁신 스코어보드,机构正式研究,C:\Users\WINDOWS\OneDrive\知识库\智库信息爬虫\国际主要科技智库观点演变_研判\03_证据底稿\原文PDF\C-STEPI-A0203-196.pdf,C:\Users\WINDOWS\OneDrive\知识库\智库信息爬虫\国际主要科技智库观点演变_研判\03_证据底稿\文本\C-STEPI-A0203-196.txt,https://www.stepi.re.kr/site/stepiko/report/View.do?reIdx=196,官方PDF已保存并校验
科研体系、研发投入与评价,科技创新政策与能力基线,C-STEPI-A0203-196,2017-12-30,W1,2017 글로벌혁신 스코어보드,机构正式研究,C:\Users\WINDOWS\OneDrive\知识库\智库信息爬虫\国际主要科技智库观点演变_研判\03_证据底稿\原文PDF\C-STEPI-A0203-196.pdf,C:\Users\WINDOWS\OneDrive\知识库\智库信息爬虫\国际主要科技智库观点演变_研判\03_证据底稿\文本\C-STEPI-A0203-196.txt,https://www.stepi.re.kr/site/stepiko/report/View.do?reIdx=196,官方PDF已保存并校验
科技人才、大学与知识流动,科技创新政策与能力基线,C-STEPI-A0203-196,2017-12-30,W1,2017 글로벌혁신 스코어보드,机构正式研究,C:\Users\WINDOWS\OneDrive\知识库\智库信息爬虫\国际主要科技智库观点演变_研判\03_证据底稿\原文PDF\C-STEPI-A0203-196.pdf,C:\Users\WINDOWS\OneDrive\知识库\智库信息爬虫\国际主要科技智库观点演变_研判\03_证据底稿\文本\C-STEPI-A0203-196.txt,https://www.stepi.re.kr/site/stepiko/report/View.do?reIdx=196,官方PDF已保存并校验
产业创新、创业与区域体系,科技创新政策与能力基线,C-STEPI-A0203-196,2017-12-30,W1,2017 글로벌혁신 스코어보드,机构正式研究,C:\Users\WINDOWS\OneDrive\知识库\智库信息爬虫\国际主要科技智库观点演变_研判\03_证据底稿\原文PDF\C-STEPI-A0203-196.pdf,C:\Users\WINDOWS\OneDrive\知识库\智库信息爬虫\国际主要科技智库观点演变_研判\03_证据底稿\文本\C-STEPI-A0203-196.txt,https://www.stepi.re.kr/site/stepiko/report/View.do?reIdx=196,官方PDF已保存并校验
科技前瞻与未来社会,科技创新政策与能力基线,C-STEPI-A0203-196,2017-12-30,W1,2017 글로벌혁신 스코어보드,机构正式研究,C:\Users\WINDOWS\OneDrive\知识库\智库信息爬虫\国际主要科技智库观点演变_研判\03_证据底稿\原文PDF\C-STEPI-A0203-196.pdf,C:\Users\WINDOWS\OneDrive\知识库\智库信息爬虫\国际主要科技智库观点演变_研判\03_证据底稿\文本\C-STEPI-A0203-196.txt,https://www.stepi.re.kr/site/stepiko/report/View.do?reIdx=196,官方PDF已保存并校验
人工智能、数据与数字技术,科技创新政策与能力基线,C-STEPI-A0203-197,2017-12-30,W1,2017년 과학기술인력통계조사 - 2016 박사인력활동조사 -,机构正式研究,C:\Users\WINDOWS\OneDrive\知识库\智库信息爬虫\国际主要科技智库观点演变_研判\03_证据底稿\原文PDF\C-STEPI-A0203-197.pdf,C:\Users\WINDOWS\OneDrive\知识库\智库信息爬虫\国际主要科技智库观点演变_研判\03_证据底稿\文本\C-STEPI-A0203-197.txt,https://www.stepi.re.kr/site/stepiko/report/View.do?reIdx=197,官方PDF已保存并校验
科研体系、研发投入与评价,科技创新政策与能力基线,C-STEPI-A0203-197,2017-12-30,W1,2017년 과학기술인력통계조사 - 2016 박사인력활동조사 -,机构正式研究,C:\Users\WINDOWS\OneDrive\知识库\智库信息爬虫\国际主要科技智库观点演变_研判\03_证据底稿\原文PDF\C-STEPI-A0203-197.pdf,C:\Users\WINDOWS\OneDrive\知识库\智库信息爬虫\国际主要科技智库观点演变_研判\03_证据底稿\文本\C-STEPI-A0203-197.txt,https://www.stepi.re.kr/site/stepiko/report/View.do?reIdx=197,官方PDF已保存并校验
科技人才、大学与知识流动,科技创新政策与能力基线,C-STEPI-A0203-197,2017-12-30,W1,2017년 과학기술인력통계조사 - 2016 박사인력활동조사 -,机构正式研究,C:\Users\WINDOWS\OneDrive\知识库\智库信息爬虫\国际主要科技智库观点演变_研判\03_证据底稿\原文PDF\C-STEPI-A0203-197.pdf,C:\Users\WINDOWS\OneDrive\知识库\智库信息爬虫\国际主要科技智库观点演变_研判\03_证据底稿\文本\C-STEPI-A0203-197.txt,https://www.stepi.re.kr/site/stepiko/report/View.do?reIdx=197,官方PDF已保存并校验
产业创新、创业与区域体系,科技创新政策与能力基线,C-STEPI-A0203-197,2017-12-30,W1,2017년 과학기술인력통계조사 - 2016 박사인력활동조사 -,机构正式研究,C:\Users\WINDOWS\OneDrive\知识库\智库信息爬虫\国际主要科技智库观点演变_研判\03_证据底稿\原文PDF\C-STEPI-A0203-197.pdf,C:\Users\WINDOWS\OneDrive\知识库\智库信息爬虫\国际主要科技智库观点演变_研判\03_证据底稿\文本\C-STEPI-A0203-197.txt,https://www.stepi.re.kr/site/stepiko/report/View.do?reIdx=197,官方PDF已保存并校验
科技前瞻与未来社会,科技创新政策与能力基线,C-STEPI-A0203-197,2017-12-30,W1,2017년 과학기술인력통계조사 - 2016 박사인력활동조사 -,机构正式研究,C:\Users\WINDOWS\OneDrive\知识库\智库信息爬虫\国际主要科技智库观点演变_研判\03_证据底稿\原文PDF\C-STEPI-A0203-197.pdf,C:\Users\WINDOWS\OneDrive\知识库\智库信息爬虫\国际主要科技智库观点演变_研判\03_证据底稿\文本\C-STEPI-A0203-197.txt,https://www.stepi.re.kr/site/stepiko/report/View.do?reIdx=197,官方PDF已保存并校验
人工智能、数据与数字技术,科技创新政策与能力基线,C-STEPI-A0203-198,2017-12-30,W1,2017년 한국기업혁신조사: 제조업 및 서비스업 부문 - 한국기업혁신조사의 동향과 활용 -,机构正式研究,C:\Users\WINDOWS\OneDrive\知识库\智库信息爬虫\国际主要科技智库观点演变_研判\03_证据底稿\原文PDF\C-STEPI-A0203-198.pdf,C:\Users\WINDOWS\OneDrive\知识库\智库信息爬虫\国际主要科技智库观点演变_研判\03_证据底稿\文本\C-STEPI-A0203-198.txt,https://www.stepi.re.kr/site/stepiko/report/View.do?reIdx=198,官方PDF已保存并校验
科研体系、研发投入与评价,科技创新政策与能力基线,C-STEPI-A0203-198,2017-12-30,W1,2017년 한국기업혁신조사: 제조업 및 서비스업 부문 - 한국기업혁신조사의 동향과 활용 -,机构正式研究,C:\Users\WINDOWS\OneDrive\知识库\智库信息爬虫\国际主要科技智库观点演变_研判\03_证据底稿\原文PDF\C-STEPI-A0203-198.pdf,C:\Users\WINDOWS\OneDrive\知识库\智库信息爬虫\国际主要科技智库观点演变_研判\03_证据底稿\文本\C-STEPI-A0203-198.txt,https://www.stepi.re.kr/site/stepiko/report/View.do?reIdx=198,官方PDF已保存并校验
科技人才、大学与知识流动,科技创新政策与能力基线,C-STEPI-A0203-198,2017-12-30,W1,2017년 한국기업혁신조사: 제조업 및 서비스업 부문 - 한국기업혁신조사의 동향과 활용 -,机构正式研究,C:\Users\WINDOWS\OneDrive\知识库\智库信息爬虫\国际主要科技智库观点演变_研判\03_证据底稿\原文PDF\C-STEPI-A0203-198.pdf,C:\Users\WINDOWS\OneDrive\知识库\智库信息爬虫\国际主要科技智库观点演变_研判\03_证据底稿\文本\C-STEPI-A0203-198.txt,https://www.stepi.re.kr/site/stepiko/report/View.do?reIdx=198,官方PDF已保存并校验
产业创新、创业与区域体系,科技创新政策与能力基线,C-STEPI-A0203-198,2017-12-30,W1,2017년 한국기업혁신조사: 제조업 및 서비스업 부문 - 한국기업혁신조사의 동향과 활용 -,机构正式研究,C:\Users\WINDOWS\OneDrive\知识库\智库信息爬虫\国际主要科技智库观点演变_研判\03_证据底稿\原文PDF\C-STEPI-A0203-198.pdf,C:\Users\WINDOWS\OneDrive\知识库\智库信息爬虫\国际主要科技智库观点演变_研判\03_证据底稿\文本\C-STEPI-A0203-198.txt,https://www.stepi.re.kr/site/stepiko/report/View.do?reIdx=198,官方PDF已保存并校验
科研体系、研发投入与评价,科技创新政策与能力基线,C-STEPI-A0203-199,2017-12-30,W1,2017년 기술혁신 성과지표 분석 및 DB 구축사업,机构正式研究,,,https://www.stepi.re.kr/site/stepiko/report/View.do?reIdx=199,官方目录无PDF
产业创新、创业与区域体系,科技创新政策与能力基线,C-STEPI-A0203-199,2017-12-30,W1,2017년 기술혁신 성과지표 분석 및 DB 구축사업,机构正式研究,,,https://www.stepi.re.kr/site/stepiko/report/View.do?reIdx=199,官方目录无PDF
科技前瞻与未来社会,科技创新政策与能力基线,C-STEPI-A0203-200,2017-12-30,W1,과학기술기반 미래연구사업Ⅸ,机构正式研究,,,https://www.stepi.re.kr/site/stepiko/report/View.do?reIdx=200,官方目录无PDF
中国科技与国际比较,科技创新政策与能力基线,C-STEPI-A0203-201,2017-12-30,W1,중소기업 기술혁신 역량 평가 및 글로벌 정책 분석(VIII),机构正式研究,C:\Users\WINDOWS\OneDrive\知识库\智库信息爬虫\国际主要科技智库观点演变_研判\03_证据底稿\原文PDF\C-STEPI-A0203-201.pdf,C:\Users\WINDOWS\OneDrive\知识库\智库信息爬虫\国际主要科技智库观点演变_研判\03_证据底稿\文本\C-STEPI-A0203-201.txt,https://www.stepi.re.kr/site/stepiko/report/View.do?reIdx=201,官方PDF已保存并校验
人工智能、数据与数字技术,科技创新政策与能力基线,C-STEPI-A0203-201,2017-12-30,W1,중소기업 기술혁신 역량 평가 및 글로벌 정책 분석(VIII),机构正式研究,C:\Users\WINDOWS\OneDrive\知识库\智库信息爬虫\国际主要科技智库观点演变_研判\03_证据底稿\原文PDF\C-STEPI-A0203-201.pdf,C:\Users\WINDOWS\OneDrive\知识库\智库信息爬虫\国际主要科技智库观点演变_研判\03_证据底稿\文本\C-STEPI-A0203-201.txt,https://www.stepi.re.kr/site/stepiko/report/View.do?reIdx=201,官方PDF已保存并校验
科研体系、研发投入与评价,科技创新政策与能力基线,C-STEPI-A0203-201,2017-12-30,W1,중소기업 기술혁신 역량 평가 및 글로벌 정책 분석(VIII),机构正式研究,C:\Users\WINDOWS\OneDrive\知识库\智库信息爬虫\国际主要科技智库观点演变_研判\03_证据底稿\原文PDF\C-STEPI-A0203-201.pdf,C:\Users\WINDOWS\OneDrive\知识库\智库信息爬虫\国际主要科技智库观点演变_研判\03_证据底稿\文本\C-STEPI-A0203-201.txt,https://www.stepi.re.kr/site/stepiko/report/View.do?reIdx=201,官方PDF已保存并校验
科技人才、大学与知识流动,科技创新政策与能力基线,C-STEPI-A0203-201,2017-12-30,W1,중소기업 기술혁신 역량 평가 및 글로벌 정책 분석(VIII),机构正式研究,C:\Users\WINDOWS\OneDrive\知识库\智库信息爬虫\国际主要科技智库观点演变_研判\03_证据底稿\原文PDF\C-STEPI-A0203-201.pdf,C:\Users\WINDOWS\OneDrive\知识库\智库信息爬虫\国际主要科技智库观点演变_研判\03_证据底稿\文本\C-STEPI-A0203-201.txt,https://www.stepi.re.kr/site/stepiko/report/View.do?reIdx=201,官方PDF已保存并校验
产业创新、创业与区域体系,科技创新政策与能力基线,C-STEPI-A0203-201,2017-12-30,W1,중소기업 기술혁신 역량 평가 및 글로벌 정책 분석(VIII),机构正式研究,C:\Users\WINDOWS\OneDrive\知识库\智库信息爬虫\国际主要科技智库观点演变_研判\03_证据底稿\原文PDF\C-STEPI-A0203-201.pdf,C:\Users\WINDOWS\OneDrive\知识库\智库信息爬虫\国际主要科技智库观点演变_研判\03_证据底稿\文本\C-STEPI-A0203-201.txt,https://www.stepi.re.kr/site/stepiko/report/View.do?reIdx=201,官方PDF已保存并校验
科技前瞻与未来社会,科技创新政策与能力基线,C-STEPI-A0203-201,2017-12-30,W1,중소기업 기술혁신 역량 평가 및 글로벌 정책 분석(VIII),机构正式研究,C:\Users\WINDOWS\OneDrive\知识库\智库信息爬虫\国际主要科技智库观点演变_研判\03_证据底稿\原文PDF\C-STEPI-A0203-201.pdf,C:\Users\WINDOWS\OneDrive\知识库\智库信息爬虫\国际主要科技智库观点演变_研判\03_证据底稿\文本\C-STEPI-A0203-201.txt,https://www.stepi.re.kr/site/stepiko/report/View.do?reIdx=201,官方PDF已保存并校验
中国科技与国际比较,核心科技直接材料,C-STEPI-A0203-202,2017-12-30,W1,중국(중화권) 첨단기술 모니터링 및 DB구축사업 : 우주개발 분야를 중심으로,机构正式研究,C:\Users\WINDOWS\OneDrive\知识库\智库信息爬虫\国际主要科技智库观点演变_研判\03_证据底稿\原文PDF\C-STEPI-A0203-202.pdf,C:\Users\WINDOWS\OneDrive\知识库\智库信息爬虫\国际主要科技智库观点演变_研判\03_证据底稿\文本\C-STEPI-A0203-202.txt,https://www.stepi.re.kr/site/stepiko/report/View.do?cateCont=A0203&reIdx=202,官方PDF已保存并校验
半导体、量子与战略技术,核心科技直接材料,C-STEPI-A0203-202,2017-12-30,W1,중국(중화권) 첨단기술 모니터링 및 DB구축사업 : 우주개발 분야를 중심으로,机构正式研究,C:\Users\WINDOWS\OneDrive\知识库\智库信息爬虫\国际主要科技智库观点演变_研判\03_证据底稿\原文PDF\C-STEPI-A0203-202.pdf,C:\Users\WINDOWS\OneDrive\知识库\智库信息爬虫\国际主要科技智库观点演变_研判\03_证据底稿\文本\C-STEPI-A0203-202.txt,https://www.stepi.re.kr/site/stepiko/report/View.do?cateCont=A0203&reIdx=202,官方PDF已保存并校验
能源、气候与绿色转型,科技创新政策与能力基线,C-STEPI-A0203-203,2017-12-30,W1,사회기술시스템 전환 전략 연구(3차년도): 시스템 전환과 지속가능한 산업형성,机构正式研究,C:\Users\WINDOWS\OneDrive\知识库\智库信息爬虫\国际主要科技智库观点演变_研判\03_证据底稿\原文PDF\C-STEPI-A0203-203.pdf,C:\Users\WINDOWS\OneDrive\知识库\智库信息爬虫\国际主要科技智库观点演变_研判\03_证据底稿\文本\C-STEPI-A0203-203.txt,https://www.stepi.re.kr/site/stepiko/report/View.do?reIdx=203,官方PDF已保存并校验
科研体系、研发投入与评价,科技创新政策与能力基线,C-STEPI-A0203-203,2017-12-30,W1,사회기술시스템 전환 전략 연구(3차년도): 시스템 전환과 지속가능한 산업형성,机构正式研究,C:\Users\WINDOWS\OneDrive\知识库\智库信息爬虫\国际主要科技智库观点演变_研判\03_证据底稿\原文PDF\C-STEPI-A0203-203.pdf,C:\Users\WINDOWS\OneDrive\知识库\智库信息爬虫\国际主要科技智库观点演变_研判\03_证据底稿\文本\C-STEPI-A0203-203.txt,https://www.stepi.re.kr/site/stepiko/report/View.do?reIdx=203,官方PDF已保存并校验
科技人才、大学与知识流动,科技创新政策与能力基线,C-STEPI-A0203-203,2017-12-30,W1,사회기술시스템 전환 전략 연구(3차년도): 시스템 전환과 지속가능한 산업형성,机构正式研究,C:\Users\WINDOWS\OneDrive\知识库\智库信息爬虫\国际主要科技智库观点演变_研判\03_证据底稿\原文PDF\C-STEPI-A0203-203.pdf,C:\Users\WINDOWS\OneDrive\知识库\智库信息爬虫\国际主要科技智库观点演变_研判\03_证据底稿\文本\C-STEPI-A0203-203.txt,https://www.stepi.re.kr/site/stepiko/report/View.do?reIdx=203,官方PDF已保存并校验
产业创新、创业与区域体系,科技创新政策与能力基线,C-STEPI-A0203-203,2017-12-30,W1,사회기술시스템 전환 전략 연구(3차년도): 시스템 전환과 지속가능한 산업형성,机构正式研究,C:\Users\WINDOWS\OneDrive\知识库\智库信息爬虫\国际主要科技智库观点演变_研判\03_证据底稿\原文PDF\C-STEPI-A0203-203.pdf,C:\Users\WINDOWS\OneDrive\知识库\智库信息爬虫\国际主要科技智库观点演变_研判\03_证据底稿\文本\C-STEPI-A0203-203.txt,https://www.stepi.re.kr/site/stepiko/report/View.do?reIdx=203,官方PDF已保存并校验
产业创新、创业与区域体系,科技创新政策与能力基线,C-STEPI-A0203-204,2017-12-30,W1,2017년 기업가정신 모니터링 사업,机构正式研究,,,https://www.stepi.re.kr/site/stepiko/report/View.do?reIdx=204,官方目录无PDF
科研体系、研发投入与评价,科技创新政策与能力基线,C-STEPI-A0203-205,2017-12-30,W1,기초원천연구 성과의 확산 경로 조사연구,机构正式研究,C:\Users\WINDOWS\OneDrive\知识库\智库信息爬虫\国际主要科技智库观点演变_研判\03_证据底稿\原文PDF\C-STEPI-A0203-205.pdf,C:\Users\WINDOWS\OneDrive\知识库\智库信息爬虫\国际主要科技智库观点演变_研判\03_证据底稿\文本\C-STEPI-A0203-205.txt,https://www.stepi.re.kr/site/stepiko/report/View.do?reIdx=205,官方PDF已保存并校验
科技人才、大学与知识流动,科技创新政策与能力基线,C-STEPI-A0203-205,2017-12-30,W1,기초원천연구 성과의 확산 경로 조사연구,机构正式研究,C:\Users\WINDOWS\OneDrive\知识库\智库信息爬虫\国际主要科技智库观点演变_研判\03_证据底稿\原文PDF\C-STEPI-A0203-205.pdf,C:\Users\WINDOWS\OneDrive\知识库\智库信息爬虫\国际主要科技智库观点演变_研判\03_证据底稿\文本\C-STEPI-A0203-205.txt,https://www.stepi.re.kr/site/stepiko/report/View.do?reIdx=205,官方PDF已保存并校验
产业创新、创业与区域体系,科技创新政策与能力基线,C-STEPI-A0203-205,2017-12-30,W1,기초원천연구 성과의 확산 경로 조사연구,机构正式研究,C:\Users\WINDOWS\OneDrive\知识库\智库信息爬虫\国际主要科技智库观点演变_研判\03_证据底稿\原文PDF\C-STEPI-A0203-205.pdf,C:\Users\WINDOWS\OneDrive\知识库\智库信息爬虫\国际主要科技智库观点演变_研判\03_证据底稿\文本\C-STEPI-A0203-205.txt,https://www.stepi.re.kr/site/stepiko/report/View.do?reIdx=205,官方PDF已保存并校验
科技前瞻与未来社会,科技创新政策与能力基线,C-STEPI-A0203-205,2017-12-30,W1,기초원천연구 성과의 확산 경로 조사연구,机构正式研究,C:\Users\WINDOWS\OneDrive\知识库\智库信息爬虫\国际主要科技智库观点演变_研判\03_证据底稿\原文PDF\C-STEPI-A0203-205.pdf,C:\Users\WINDOWS\OneDrive\知识库\智库信息爬虫\国际主要科技智库观点演变_研判\03_证据底稿\文本\C-STEPI-A0203-205.txt,https://www.stepi.re.kr/site/stepiko/report/View.do?reIdx=205,官方PDF已保存并校验
人工智能、数据与数字技术,科技创新政策与能力基线,C-STEPI-A0203-206,2017-12-30,W1,글로벌 포용적 혁신과 개도국 과학기술혁신 역량 - 진단 툴킷 개발을 위한 조사 연구 -,机构正式研究,C:\Users\WINDOWS\OneDrive\知识库\智库信息爬虫\国际主要科技智库观点演变_研判\03_证据底稿\原文PDF\C-STEPI-A0203-206.pdf,C:\Users\WINDOWS\OneDrive\知识库\智库信息爬虫\国际主要科技智库观点演变_研判\03_证据底稿\文本\C-STEPI-A0203-206.txt,https://www.stepi.re.kr/site/stepiko/report/View.do?reIdx=206,官方PDF已保存并校验
能源、气候与绿色转型,科技创新政策与能力基线,C-STEPI-A0203-206,2017-12-30,W1,글로벌 포용적 혁신과 개도국 과학기술혁신 역량 - 진단 툴킷 개발을 위한 조사 연구 -,机构正式研究,C:\Users\WINDOWS\OneDrive\知识库\智库信息爬虫\国际主要科技智库观点演变_研判\03_证据底稿\原文PDF\C-STEPI-A0203-206.pdf,C:\Users\WINDOWS\OneDrive\知识库\智库信息爬虫\国际主要科技智库观点演变_研判\03_证据底稿\文本\C-STEPI-A0203-206.txt,https://www.stepi.re.kr/site/stepiko/report/View.do?reIdx=206,官方PDF已保存并校验
科研体系、研发投入与评价,科技创新政策与能力基线,C-STEPI-A0203-206,2017-12-30,W1,글로벌 포용적 혁신과 개도국 과학기술혁신 역량 - 진단 툴킷 개발을 위한 조사 연구 -,机构正式研究,C:\Users\WINDOWS\OneDrive\知识库\智库信息爬虫\国际主要科技智库观点演变_研判\03_证据底稿\原文PDF\C-STEPI-A0203-206.pdf,C:\Users\WINDOWS\OneDrive\知识库\智库信息爬虫\国际主要科技智库观点演变_研判\03_证据底稿\文本\C-STEPI-A0203-206.txt,https://www.stepi.re.kr/site/stepiko/report/View.do?reIdx=206,官方PDF已保存并校验
科技人才、大学与知识流动,科技创新政策与能力基线,C-STEPI-A0203-206,2017-12-30,W1,글로벌 포용적 혁신과 개도국 과학기술혁신 역량 - 진단 툴킷 개발을 위한 조사 연구 -,机构正式研究,C:\Users\WINDOWS\OneDrive\知识库\智库信息爬虫\国际主要科技智库观点演变_研判\03_证据底稿\原文PDF\C-STEPI-A0203-206.pdf,C:\Users\WINDOWS\OneDrive\知识库\智库信息爬虫\国际主要科技智库观点演变_研判\03_证据底稿\文本\C-STEPI-A0203-206.txt,https://www.stepi.re.kr/site/stepiko/report/View.do?reIdx=206,官方PDF已保存并校验
产业创新、创业与区域体系,科技创新政策与能力基线,C-STEPI-A0203-206,2017-12-30,W1,글로벌 포용적 혁신과 개도국 과학기술혁신 역량 - 진단 툴킷 개발을 위한 조사 연구 -,机构正式研究,C:\Users\WINDOWS\OneDrive\知识库\智库信息爬虫\国际主要科技智库观点演变_研判\03_证据底稿\原文PDF\C-STEPI-A0203-206.pdf,C:\Users\WINDOWS\OneDrive\知识库\智库信息爬虫\国际主要科技智库观点演变_研判\03_证据底稿\文本\C-STEPI-A0203-206.txt,https://www.stepi.re.kr/site/stepiko/report/View.do?reIdx=206,官方PDF已保存并校验
科技前瞻与未来社会,科技创新政策与能力基线,C-STEPI-A0203-206,2017-12-30,W1,글로벌 포용적 혁신과 개도국 과학기술혁신 역량 - 진단 툴킷 개발을 위한 조사 연구 -,机构正式研究,C:\Users\WINDOWS\OneDrive\知识库\智库信息爬虫\国际主要科技智库观点演变_研判\03_证据底稿\原文PDF\C-STEPI-A0203-206.pdf,C:\Users\WINDOWS\OneDrive\知识库\智库信息爬虫\国际主要科技智库观点演变_研判\03_证据底稿\文本\C-STEPI-A0203-206.txt,https://www.stepi.re.kr/site/stepiko/report/View.do?reIdx=206,官方PDF已保存并校验
科研体系、研发投入与评价,科技创新政策与能力基线,C-STEPI-A0203-207,2018-12-30,W1,정부 R&D 시스템상 경쟁과 제한효과에 대한 제도적 재해석 및 대응방안,机构正式研究,C:\Users\WINDOWS\OneDrive\知识库\智库信息爬虫\国际主要科技智库观点演变_研判\03_证据底稿\原文PDF\C-STEPI-A0203-207.pdf,C:\Users\WINDOWS\OneDrive\知识库\智库信息爬虫\国际主要科技智库观点演变_研判\03_证据底稿\文本\C-STEPI-A0203-207.txt,https://www.stepi.re.kr/site/stepiko/report/View.do?reIdx=207,官方PDF已保存并校验
科技人才、大学与知识流动,科技创新政策与能力基线,C-STEPI-A0203-207,2018-12-30,W1,정부 R&D 시스템상 경쟁과 제한효과에 대한 제도적 재해석 및 대응방안,机构正式研究,C:\Users\WINDOWS\OneDrive\知识库\智库信息爬虫\国际主要科技智库观点演变_研判\03_证据底稿\原文PDF\C-STEPI-A0203-207.pdf,C:\Users\WINDOWS\OneDrive\知识库\智库信息爬虫\国际主要科技智库观点演变_研判\03_证据底稿\文本\C-STEPI-A0203-207.txt,https://www.stepi.re.kr/site/stepiko/report/View.do?reIdx=207,官方PDF已保存并校验
产业创新、创业与区域体系,科技创新政策与能力基线,C-STEPI-A0203-207,2018-12-30,W1,정부 R&D 시스템상 경쟁과 제한효과에 대한 제도적 재해석 및 대응방안,机构正式研究,C:\Users\WINDOWS\OneDrive\知识库\智库信息爬虫\国际主要科技智库观点演变_研判\03_证据底稿\原文PDF\C-STEPI-A0203-207.pdf,C:\Users\WINDOWS\OneDrive\知识库\智库信息爬虫\国际主要科技智库观点演变_研判\03_证据底稿\文本\C-STEPI-A0203-207.txt,https://www.stepi.re.kr/site/stepiko/report/View.do?reIdx=207,官方PDF已保存并校验
科技前瞻与未来社会,科技创新政策与能力基线,C-STEPI-A0203-207,2018-12-30,W1,정부 R&D 시스템상 경쟁과 제한효과에 대한 제도적 재해석 및 대응방안,机构正式研究,C:\Users\WINDOWS\OneDrive\知识库\智库信息爬虫\国际主要科技智库观点演变_研判\03_证据底稿\原文PDF\C-STEPI-A0203-207.pdf,C:\Users\WINDOWS\OneDrive\知识库\智库信息爬虫\国际主要科技智库观点演变_研判\03_证据底稿\文本\C-STEPI-A0203-207.txt,https://www.stepi.re.kr/site/stepiko/report/View.do?reIdx=207,官方PDF已保存并校验
半导体、量子与战略技术,科技创新政策与能力基线,C-STEPI-A0203-208,2018-12-30,W1,선도 연구자 분석을 통한 이머징 기술의 발아 및 발전 조건 연구,机构正式研究,C:\Users\WINDOWS\OneDrive\知识库\智库信息爬虫\国际主要科技智库观点演变_研判\03_证据底稿\原文PDF\C-STEPI-A0203-208.pdf,C:\Users\WINDOWS\OneDrive\知识库\智库信息爬虫\国际主要科技智库观点演变_研判\03_证据底稿\文本\C-STEPI-A0203-208.txt,https://www.stepi.re.kr/site/stepiko/report/View.do?reIdx=208,官方PDF已保存并校验
能源、气候与绿色转型,科技创新政策与能力基线,C-STEPI-A0203-208,2018-12-30,W1,선도 연구자 분석을 통한 이머징 기술의 발아 및 발전 조건 연구,机构正式研究,C:\Users\WINDOWS\OneDrive\知识库\智库信息爬虫\国际主要科技智库观点演变_研判\03_证据底稿\原文PDF\C-STEPI-A0203-208.pdf,C:\Users\WINDOWS\OneDrive\知识库\智库信息爬虫\国际主要科技智库观点演变_研判\03_证据底稿\文本\C-STEPI-A0203-208.txt,https://www.stepi.re.kr/site/stepiko/report/View.do?reIdx=208,官方PDF已保存并校验
科研体系、研发投入与评价,科技创新政策与能力基线,C-STEPI-A0203-208,2018-12-30,W1,선도 연구자 분석을 통한 이머징 기술의 발아 및 발전 조건 연구,机构正式研究,C:\Users\WINDOWS\OneDrive\知识库\智库信息爬虫\国际主要科技智库观点演变_研判\03_证据底稿\原文PDF\C-STEPI-A0203-208.pdf,C:\Users\WINDOWS\OneDrive\知识库\智库信息爬虫\国际主要科技智库观点演变_研判\03_证据底稿\文本\C-STEPI-A0203-208.txt,https://www.stepi.re.kr/site/stepiko/report/View.do?reIdx=208,官方PDF已保存并校验
科技人才、大学与知识流动,科技创新政策与能力基线,C-STEPI-A0203-208,2018-12-30,W1,선도 연구자 분석을 통한 이머징 기술의 발아 및 발전 조건 연구,机构正式研究,C:\Users\WINDOWS\OneDrive\知识库\智库信息爬虫\国际主要科技智库观点演变_研判\03_证据底稿\原文PDF\C-STEPI-A0203-208.pdf,C:\Users\WINDOWS\OneDrive\知识库\智库信息爬虫\国际主要科技智库观点演变_研判\03_证据底稿\文本\C-STEPI-A0203-208.txt,https://www.stepi.re.kr/site/stepiko/report/View.do?reIdx=208,官方PDF已保存并校验
产业创新、创业与区域体系,科技创新政策与能力基线,C-STEPI-A0203-208,2018-12-30,W1,선도 연구자 분석을 통한 이머징 기술의 발아 및 발전 조건 연구,机构正式研究,C:\Users\WINDOWS\OneDrive\知识库\智库信息爬虫\国际主要科技智库观点演变_研判\03_证据底稿\原文PDF\C-STEPI-A0203-208.pdf,C:\Users\WINDOWS\OneDrive\知识库\智库信息爬虫\国际主要科技智库观点演变_研判\03_证据底稿\文本\C-STEPI-A0203-208.txt,https://www.stepi.re.kr/site/stepiko/report/View.do?reIdx=208,官方PDF已保存并校验
科技前瞻与未来社会,科技创新政策与能力基线,C-STEPI-A0203-208,2018-12-30,W1,선도 연구자 분석을 통한 이머징 기술의 발아 및 발전 조건 연구,机构正式研究,C:\Users\WINDOWS\OneDrive\知识库\智库信息爬虫\国际主要科技智库观点演变_研判\03_证据底稿\原文PDF\C-STEPI-A0203-208.pdf,C:\Users\WINDOWS\OneDrive\知识库\智库信息爬虫\国际主要科技智库观点演变_研判\03_证据底稿\文本\C-STEPI-A0203-208.txt,https://www.stepi.re.kr/site/stepiko/report/View.do?reIdx=208,官方PDF已保存并校验
科研体系、研发投入与评价,科技创新政策与能力基线,C-STEPI-A0203-209,2018-12-30,W1,최적 R&D 포트폴리오 설계를 위한 이슈-기술 탐색 연구,机构正式研究,C:\Users\WINDOWS\OneDrive\知识库\智库信息爬虫\国际主要科技智库观点演变_研判\03_证据底稿\原文PDF\C-STEPI-A0203-209.pdf,C:\Users\WINDOWS\OneDrive\知识库\智库信息爬虫\国际主要科技智库观点演变_研判\03_证据底稿\文本\C-STEPI-A0203-209.txt,https://www.stepi.re.kr/site/stepiko/report/View.do?reIdx=209,官方PDF已保存并校验
产业创新、创业与区域体系,科技创新政策与能力基线,C-STEPI-A0203-209,2018-12-30,W1,최적 R&D 포트폴리오 설계를 위한 이슈-기술 탐색 연구,机构正式研究,C:\Users\WINDOWS\OneDrive\知识库\智库信息爬虫\国际主要科技智库观点演变_研判\03_证据底稿\原文PDF\C-STEPI-A0203-209.pdf,C:\Users\WINDOWS\OneDrive\知识库\智库信息爬虫\国际主要科技智库观点演变_研判\03_证据底稿\文本\C-STEPI-A0203-209.txt,https://www.stepi.re.kr/site/stepiko/report/View.do?reIdx=209,官方PDF已保存并校验
生命科学、生物技术与健康,科技创新政策与能力基线,C-STEPI-A0203-210,2018-12-30,W1,연구진실성 제고를 위한 사례조사 연구,机构正式研究,C:\Users\WINDOWS\OneDrive\知识库\智库信息爬虫\国际主要科技智库观点演变_研判\03_证据底稿\原文PDF\C-STEPI-A0203-210.pdf,C:\Users\WINDOWS\OneDrive\知识库\智库信息爬虫\国际主要科技智库观点演变_研判\03_证据底稿\文本\C-STEPI-A0203-210.txt,https://www.stepi.re.kr/site/stepiko/report/View.do?reIdx=210,官方PDF已保存并校验
科研体系、研发投入与评价,科技创新政策与能力基线,C-STEPI-A0203-210,2018-12-30,W1,연구진실성 제고를 위한 사례조사 연구,机构正式研究,C:\Users\WINDOWS\OneDrive\知识库\智库信息爬虫\国际主要科技智库观点演变_研判\03_证据底稿\原文PDF\C-STEPI-A0203-210.pdf,C:\Users\WINDOWS\OneDrive\知识库\智库信息爬虫\国际主要科技智库观点演变_研判\03_证据底稿\文本\C-STEPI-A0203-210.txt,https://www.stepi.re.kr/site/stepiko/report/View.do?reIdx=210,官方PDF已保存并校验
科技人才、大学与知识流动,科技创新政策与能力基线,C-STEPI-A0203-210,2018-12-30,W1,연구진실성 제고를 위한 사례조사 연구,机构正式研究,C:\Users\WINDOWS\OneDrive\知识库\智库信息爬虫\国际主要科技智库观点演变_研判\03_证据底稿\原文PDF\C-STEPI-A0203-210.pdf,C:\Users\WINDOWS\OneDrive\知识库\智库信息爬虫\国际主要科技智库观点演变_研判\03_证据底稿\文本\C-STEPI-A0203-210.txt,https://www.stepi.re.kr/site/stepiko/report/View.do?reIdx=210,官方PDF已保存并校验
科技前瞻与未来社会,科技创新政策与能力基线,C-STEPI-A0203-210,2018-12-30,W1,연구진실성 제고를 위한 사례조사 연구,机构正式研究,C:\Users\WINDOWS\OneDrive\知识库\智库信息爬虫\国际主要科技智库观点演变_研判\03_证据底稿\原文PDF\C-STEPI-A0203-210.pdf,C:\Users\WINDOWS\OneDrive\知识库\智库信息爬虫\国际主要科技智库观点演变_研判\03_证据底稿\文本\C-STEPI-A0203-210.txt,https://www.stepi.re.kr/site/stepiko/report/View.do?reIdx=210,官方PDF已保存并校验
人工智能、数据与数字技术,科技创新政策与能力基线,C-STEPI-A0203-211,2018-12-30,W1,2018년 과학기술인력 통계조사: 박사인력활동조사의 개선과 활용,机构正式研究,C:\Users\WINDOWS\OneDrive\知识库\智库信息爬虫\国际主要科技智库观点演变_研判\03_证据底稿\原文PDF\C-STEPI-A0203-211.pdf,C:\Users\WINDOWS\OneDrive\知识库\智库信息爬虫\国际主要科技智库观点演变_研判\03_证据底稿\文本\C-STEPI-A0203-211.txt,https://www.stepi.re.kr/site/stepiko/report/View.do?reIdx=211,官方PDF已保存并校验
科研体系、研发投入与评价,科技创新政策与能力基线,C-STEPI-A0203-211,2018-12-30,W1,2018년 과학기술인력 통계조사: 박사인력활동조사의 개선과 활용,机构正式研究,C:\Users\WINDOWS\OneDrive\知识库\智库信息爬虫\国际主要科技智库观点演变_研判\03_证据底稿\原文PDF\C-STEPI-A0203-211.pdf,C:\Users\WINDOWS\OneDrive\知识库\智库信息爬虫\国际主要科技智库观点演变_研判\03_证据底稿\文本\C-STEPI-A0203-211.txt,https://www.stepi.re.kr/site/stepiko/report/View.do?reIdx=211,官方PDF已保存并校验
科技人才、大学与知识流动,科技创新政策与能力基线,C-STEPI-A0203-211,2018-12-30,W1,2018년 과학기술인력 통계조사: 박사인력활동조사의 개선과 활용,机构正式研究,C:\Users\WINDOWS\OneDrive\知识库\智库信息爬虫\国际主要科技智库观点演变_研判\03_证据底稿\原文PDF\C-STEPI-A0203-211.pdf,C:\Users\WINDOWS\OneDrive\知识库\智库信息爬虫\国际主要科技智库观点演变_研判\03_证据底稿\文本\C-STEPI-A0203-211.txt,https://www.stepi.re.kr/site/stepiko/report/View.do?reIdx=211,官方PDF已保存并校验
产业创新、创业与区域体系,科技创新政策与能力基线,C-STEPI-A0203-212,2018-12-30,W1,2018년 한국기업혁신조사 : 제조업 및 서비스업 부문,机构正式研究,,,https://www.stepi.re.kr/site/stepiko/report/View.do?reIdx=212,官方目录无PDF
科研体系、研发投入与评价,科技创新政策与能力基线,C-STEPI-A0203-214,2018-12-30,W1,2018년 기술혁신 성과지표 분석 및 DB 구축사업,机构正式研究,,,https://www.stepi.re.kr/site/stepiko/report/View.do?reIdx=214,官方目录无PDF
产业创新、创业与区域体系,科技创新政策与能力基线,C-STEPI-A0203-214,2018-12-30,W1,2018년 기술혁신 성과지표 분석 및 DB 구축사업,机构正式研究,,,https://www.stepi.re.kr/site/stepiko/report/View.do?reIdx=214,官方目录无PDF
中国科技与国际比较,科技创新政策与能力基线,C-STEPI-A0203-217,2018-12-30,W1,과학기술기반 미래연구사업 Ⅹ,机构正式研究,C:\Users\WINDOWS\OneDrive\知识库\智库信息爬虫\国际主要科技智库观点演变_研判\03_证据底稿\原文PDF\C-STEPI-A0203-217.pdf,C:\Users\WINDOWS\OneDrive\知识库\智库信息爬虫\国际主要科技智库观点演变_研判\03_证据底稿\文本\C-STEPI-A0203-217.txt,https://www.stepi.re.kr/site/stepiko/report/View.do?reIdx=217,官方PDF已保存并校验
人工智能、数据与数字技术,科技创新政策与能力基线,C-STEPI-A0203-217,2018-12-30,W1,과학기술기반 미래연구사업 Ⅹ,机构正式研究,C:\Users\WINDOWS\OneDrive\知识库\智库信息爬虫\国际主要科技智库观点演变_研判\03_证据底稿\原文PDF\C-STEPI-A0203-217.pdf,C:\Users\WINDOWS\OneDrive\知识库\智库信息爬虫\国际主要科技智库观点演变_研判\03_证据底稿\文本\C-STEPI-A0203-217.txt,https://www.stepi.re.kr/site/stepiko/report/View.do?reIdx=217,官方PDF已保存并校验
生命科学、生物技术与健康,科技创新政策与能力基线,C-STEPI-A0203-217,2018-12-30,W1,과학기술기반 미래연구사업 Ⅹ,机构正式研究,C:\Users\WINDOWS\OneDrive\知识库\智库信息爬虫\国际主要科技智库观点演变_研判\03_证据底稿\原文PDF\C-STEPI-A0203-217.pdf,C:\Users\WINDOWS\OneDrive\知识库\智库信息爬虫\国际主要科技智库观点演变_研判\03_证据底稿\文本\C-STEPI-A0203-217.txt,https://www.stepi.re.kr/site/stepiko/report/View.do?reIdx=217,官方PDF已保存并校验
能源、气候与绿色转型,科技创新政策与能力基线,C-STEPI-A0203-217,2018-12-30,W1,과학기술기반 미래연구사업 Ⅹ,机构正式研究,C:\Users\WINDOWS\OneDrive\知识库\智库信息爬虫\国际主要科技智库观点演变_研判\03_证据底稿\原文PDF\C-STEPI-A0203-217.pdf,C:\Users\WINDOWS\OneDrive\知识库\智库信息爬虫\国际主要科技智库观点演变_研判\03_证据底稿\文本\C-STEPI-A0203-217.txt,https://www.stepi.re.kr/site/stepiko/report/View.do?reIdx=217,官方PDF已保存并校验
科研体系、研发投入与评价,科技创新政策与能力基线,C-STEPI-A0203-217,2018-12-30,W1,과학기술기반 미래연구사업 Ⅹ,机构正式研究,C:\Users\WINDOWS\OneDrive\知识库\智库信息爬虫\国际主要科技智库观点演变_研判\03_证据底稿\原文PDF\C-STEPI-A0203-217.pdf,C:\Users\WINDOWS\OneDrive\知识库\智库信息爬虫\国际主要科技智库观点演变_研判\03_证据底稿\文本\C-STEPI-A0203-217.txt,https://www.stepi.re.kr/site/stepiko/report/View.do?reIdx=217,官方PDF已保存并校验
科技人才、大学与知识流动,科技创新政策与能力基线,C-STEPI-A0203-217,2018-12-30,W1,과학기술기반 미래연구사업 Ⅹ,机构正式研究,C:\Users\WINDOWS\OneDrive\知识库\智库信息爬虫\国际主要科技智库观点演变_研判\03_证据底稿\原文PDF\C-STEPI-A0203-217.pdf,C:\Users\WINDOWS\OneDrive\知识库\智库信息爬虫\国际主要科技智库观点演变_研判\03_证据底稿\文本\C-STEPI-A0203-217.txt,https://www.stepi.re.kr/site/stepiko/report/View.do?reIdx=217,官方PDF已保存并校验
产业创新、创业与区域体系,科技创新政策与能力基线,C-STEPI-A0203-217,2018-12-30,W1,과학기술기반 미래연구사업 Ⅹ,机构正式研究,C:\Users\WINDOWS\OneDrive\知识库\智库信息爬虫\国际主要科技智库观点演变_研判\03_证据底稿\原文PDF\C-STEPI-A0203-217.pdf,C:\Users\WINDOWS\OneDrive\知识库\智库信息爬虫\国际主要科技智库观点演变_研判\03_证据底稿\文本\C-STEPI-A0203-217.txt,https://www.stepi.re.kr/site/stepiko/report/View.do?reIdx=217,官方PDF已保存并校验
科技前瞻与未来社会,科技创新政策与能力基线,C-STEPI-A0203-217,2018-12-30,W1,과학기술기반 미래연구사업 Ⅹ,机构正式研究,C:\Users\WINDOWS\OneDrive\知识库\智库信息爬虫\国际主要科技智库观点演变_研判\03_证据底稿\原文PDF\C-STEPI-A0203-217.pdf,C:\Users\WINDOWS\OneDrive\知识库\智库信息爬虫\国际主要科技智库观点演变_研判\03_证据底稿\文本\C-STEPI-A0203-217.txt,https://www.stepi.re.kr/site/stepiko/report/View.do?reIdx=217,官方PDF已保存并校验
中国科技与国际比较,核心科技直接材料,C-STEPI-A0203-218,2018-12-30,W1,2018년 중국(중화권) 첨단기술 모니터링 및 DB 구축 사업: 로봇·3D 프린팅·드론,机构正式研究,C:\Users\WINDOWS\OneDrive\知识库\智库信息爬虫\国际主要科技智库观点演变_研判\03_证据底稿\原文PDF\C-STEPI-A0203-218.pdf,C:\Users\WINDOWS\OneDrive\知识库\智库信息爬虫\国际主要科技智库观点演变_研判\03_证据底稿\文本\C-STEPI-A0203-218.txt,https://www.stepi.re.kr/site/stepiko/report/View.do?cateCont=A0203&reIdx=218,官方PDF已保存并校验
半导体、量子与战略技术,核心科技直接材料,C-STEPI-A0203-218,2018-12-30,W1,2018년 중국(중화권) 첨단기술 모니터링 및 DB 구축 사업: 로봇·3D 프린팅·드론,机构正式研究,C:\Users\WINDOWS\OneDrive\知识库\智库信息爬虫\国际主要科技智库观点演变_研判\03_证据底稿\原文PDF\C-STEPI-A0203-218.pdf,C:\Users\WINDOWS\OneDrive\知识库\智库信息爬虫\国际主要科技智库观点演变_研判\03_证据底稿\文本\C-STEPI-A0203-218.txt,https://www.stepi.re.kr/site/stepiko/report/View.do?cateCont=A0203&reIdx=218,官方PDF已保存并校验
科研体系、研发投入与评价,科技创新政策与能力基线,C-STEPI-A0203-219,2018-12-30,W1,2018년도 국제기술혁신협력사업,机构正式研究,C:\Users\WINDOWS\OneDrive\知识库\智库信息爬虫\国际主要科技智库观点演变_研判\03_证据底稿\原文PDF\C-STEPI-A0203-219.pdf,C:\Users\WINDOWS\OneDrive\知识库\智库信息爬虫\国际主要科技智库观点演变_研判\03_证据底稿\文本\C-STEPI-A0203-219.txt,https://www.stepi.re.kr/site/stepiko/report/View.do?reIdx=219,官方PDF已保存并校验
产业创新、创业与区域体系,科技创新政策与能力基线,C-STEPI-A0203-219,2018-12-30,W1,2018년도 국제기술혁신협력사업,机构正式研究,C:\Users\WINDOWS\OneDrive\知识库\智库信息爬虫\国际主要科技智库观点演变_研判\03_证据底稿\原文PDF\C-STEPI-A0203-219.pdf,C:\Users\WINDOWS\OneDrive\知识库\智库信息爬虫\国际主要科技智库观点演变_研判\03_证据底稿\文本\C-STEPI-A0203-219.txt,https://www.stepi.re.kr/site/stepiko/report/View.do?reIdx=219,官方PDF已保存并校验
科技前瞻与未来社会,科技创新政策与能力基线,C-STEPI-A0203-219,2018-12-30,W1,2018년도 국제기술혁신협력사업,机构正式研究,C:\Users\WINDOWS\OneDrive\知识库\智库信息爬虫\国际主要科技智库观点演变_研判\03_证据底稿\原文PDF\C-STEPI-A0203-219.pdf,C:\Users\WINDOWS\OneDrive\知识库\智库信息爬虫\国际主要科技智库观点演变_研判\03_证据底稿\文本\C-STEPI-A0203-219.txt,https://www.stepi.re.kr/site/stepiko/report/View.do?reIdx=219,官方PDF已保存并校验
科技创新政策与研究体系,科技创新政策与能力基线,C-STEPI-A0203-220,2018-12-30,W1,2018 K-Innovation ODA Program,机构正式研究,,,https://www.stepi.re.kr/site/stepiko/report/View.do?reIdx=220,官方目录无PDF
科研体系、研发投入与评价,科技创新政策与能力基线,C-STEPI-A0203-221,2019-12-30,W2,여성 청년연구원의 연구환경 실태분석 및 개선방안 도출 - 이공계 대학원생 중심으로 -,机构正式研究,C:\Users\WINDOWS\OneDrive\知识库\智库信息爬虫\国际主要科技智库观点演变_研判\03_证据底稿\原文PDF\C-STEPI-A0203-221.pdf,C:\Users\WINDOWS\OneDrive\知识库\智库信息爬虫\国际主要科技智库观点演变_研判\03_证据底稿\文本\C-STEPI-A0203-221.txt,https://www.stepi.re.kr/site/stepiko/report/View.do?reIdx=221,官方PDF已保存并校验
科技人才、大学与知识流动,科技创新政策与能力基线,C-STEPI-A0203-221,2019-12-30,W2,여성 청년연구원의 연구환경 실태분석 및 개선방안 도출 - 이공계 대학원생 중심으로 -,机构正式研究,C:\Users\WINDOWS\OneDrive\知识库\智库信息爬虫\国际主要科技智库观点演变_研判\03_证据底稿\原文PDF\C-STEPI-A0203-221.pdf,C:\Users\WINDOWS\OneDrive\知识库\智库信息爬虫\国际主要科技智库观点演变_研判\03_证据底稿\文本\C-STEPI-A0203-221.txt,https://www.stepi.re.kr/site/stepiko/report/View.do?reIdx=221,官方PDF已保存并校验
科技前瞻与未来社会,科技创新政策与能力基线,C-STEPI-A0203-221,2019-12-30,W2,여성 청년연구원의 연구환경 실태분석 및 개선방안 도출 - 이공계 대학원생 중심으로 -,机构正式研究,C:\Users\WINDOWS\OneDrive\知识库\智库信息爬虫\国际主要科技智库观点演变_研判\03_证据底稿\原文PDF\C-STEPI-A0203-221.pdf,C:\Users\WINDOWS\OneDrive\知识库\智库信息爬虫\国际主要科技智库观点演变_研判\03_证据底稿\文本\C-STEPI-A0203-221.txt,https://www.stepi.re.kr/site/stepiko/report/View.do?reIdx=221,官方PDF已保存并校验
中国科技与国际比较,科技创新政策与能力基线,C-STEPI-A0203-222,2019-12-30,W2,과학·기술·혁신 스코어보드 구축 방향,机构正式研究,C:\Users\WINDOWS\OneDrive\知识库\智库信息爬虫\国际主要科技智库观点演变_研判\03_证据底稿\原文PDF\C-STEPI-A0203-222.pdf,C:\Users\WINDOWS\OneDrive\知识库\智库信息爬虫\国际主要科技智库观点演变_研判\03_证据底稿\文本\C-STEPI-A0203-222.txt,https://www.stepi.re.kr/site/stepiko/report/View.do?reIdx=222,官方PDF已保存并校验
人工智能、数据与数字技术,科技创新政策与能力基线,C-STEPI-A0203-222,2019-12-30,W2,과학·기술·혁신 스코어보드 구축 방향,机构正式研究,C:\Users\WINDOWS\OneDrive\知识库\智库信息爬虫\国际主要科技智库观点演变_研判\03_证据底稿\原文PDF\C-STEPI-A0203-222.pdf,C:\Users\WINDOWS\OneDrive\知识库\智库信息爬虫\国际主要科技智库观点演变_研判\03_证据底稿\文本\C-STEPI-A0203-222.txt,https://www.stepi.re.kr/site/stepiko/report/View.do?reIdx=222,官方PDF已保存并校验
半导体、量子与战略技术,科技创新政策与能力基线,C-STEPI-A0203-222,2019-12-30,W2,과학·기술·혁신 스코어보드 구축 방향,机构正式研究,C:\Users\WINDOWS\OneDrive\知识库\智库信息爬虫\国际主要科技智库观点演变_研判\03_证据底稿\原文PDF\C-STEPI-A0203-222.pdf,C:\Users\WINDOWS\OneDrive\知识库\智库信息爬虫\国际主要科技智库观点演变_研判\03_证据底稿\文本\C-STEPI-A0203-222.txt,https://www.stepi.re.kr/site/stepiko/report/View.do?reIdx=222,官方PDF已保存并校验
科研体系、研发投入与评价,科技创新政策与能力基线,C-STEPI-A0203-222,2019-12-30,W2,과학·기술·혁신 스코어보드 구축 방향,机构正式研究,C:\Users\WINDOWS\OneDrive\知识库\智库信息爬虫\国际主要科技智库观点演变_研判\03_证据底稿\原文PDF\C-STEPI-A0203-222.pdf,C:\Users\WINDOWS\OneDrive\知识库\智库信息爬虫\国际主要科技智库观点演变_研判\03_证据底稿\文本\C-STEPI-A0203-222.txt,https://www.stepi.re.kr/site/stepiko/report/View.do?reIdx=222,官方PDF已保存并校验
科技人才、大学与知识流动,科技创新政策与能力基线,C-STEPI-A0203-222,2019-12-30,W2,과학·기술·혁신 스코어보드 구축 방향,机构正式研究,C:\Users\WINDOWS\OneDrive\知识库\智库信息爬虫\国际主要科技智库观点演变_研判\03_证据底稿\原文PDF\C-STEPI-A0203-222.pdf,C:\Users\WINDOWS\OneDrive\知识库\智库信息爬虫\国际主要科技智库观点演变_研判\03_证据底稿\文本\C-STEPI-A0203-222.txt,https://www.stepi.re.kr/site/stepiko/report/View.do?reIdx=222,官方PDF已保存并校验
产业创新、创业与区域体系,科技创新政策与能力基线,C-STEPI-A0203-222,2019-12-30,W2,과학·기술·혁신 스코어보드 구축 방향,机构正式研究,C:\Users\WINDOWS\OneDrive\知识库\智库信息爬虫\国际主要科技智库观点演变_研判\03_证据底稿\原文PDF\C-STEPI-A0203-222.pdf,C:\Users\WINDOWS\OneDrive\知识库\智库信息爬虫\国际主要科技智库观点演变_研判\03_证据底稿\文本\C-STEPI-A0203-222.txt,https://www.stepi.re.kr/site/stepiko/report/View.do?reIdx=222,官方PDF已保存并校验
科技前瞻与未来社会,科技创新政策与能力基线,C-STEPI-A0203-222,2019-12-30,W2,과학·기술·혁신 스코어보드 구축 방향,机构正式研究,C:\Users\WINDOWS\OneDrive\知识库\智库信息爬虫\国际主要科技智库观点演变_研判\03_证据底稿\原文PDF\C-STEPI-A0203-222.pdf,C:\Users\WINDOWS\OneDrive\知识库\智库信息爬虫\国际主要科技智库观点演变_研判\03_证据底稿\文本\C-STEPI-A0203-222.txt,https://www.stepi.re.kr/site/stepiko/report/View.do?reIdx=222,官方PDF已保存并校验
科研体系、研发投入与评价,科技创新政策与能力基线,C-STEPI-A0203-223,2019-12-30,W2,2019년 과학기술인력 통계조사: 신규 박사의 노동시장 진입경로 조사 기획,机构正式研究,C:\Users\WINDOWS\OneDrive\知识库\智库信息爬虫\国际主要科技智库观点演变_研判\03_证据底稿\原文PDF\C-STEPI-A0203-223.pdf,C:\Users\WINDOWS\OneDrive\知识库\智库信息爬虫\国际主要科技智库观点演变_研判\03_证据底稿\文本\C-STEPI-A0203-223.txt,https://www.stepi.re.kr/site/stepiko/report/View.do?reIdx=223,官方PDF已保存并校验
科技人才、大学与知识流动,科技创新政策与能力基线,C-STEPI-A0203-223,2019-12-30,W2,2019년 과학기술인력 통계조사: 신규 박사의 노동시장 진입경로 조사 기획,机构正式研究,C:\Users\WINDOWS\OneDrive\知识库\智库信息爬虫\国际主要科技智库观点演变_研判\03_证据底稿\原文PDF\C-STEPI-A0203-223.pdf,C:\Users\WINDOWS\OneDrive\知识库\智库信息爬虫\国际主要科技智库观点演变_研判\03_证据底稿\文本\C-STEPI-A0203-223.txt,https://www.stepi.re.kr/site/stepiko/report/View.do?reIdx=223,官方PDF已保存并校验
产业创新、创业与区域体系,科技创新政策与能力基线,C-STEPI-A0203-223,2019-12-30,W2,2019년 과학기술인력 통계조사: 신규 박사의 노동시장 진입경로 조사 기획,机构正式研究,C:\Users\WINDOWS\OneDrive\知识库\智库信息爬虫\国际主要科技智库观点演变_研判\03_证据底稿\原文PDF\C-STEPI-A0203-223.pdf,C:\Users\WINDOWS\OneDrive\知识库\智库信息爬虫\国际主要科技智库观点演变_研判\03_证据底稿\文本\C-STEPI-A0203-223.txt,https://www.stepi.re.kr/site/stepiko/report/View.do?reIdx=223,官方PDF已保存并校验
科研体系、研发投入与评价,科技创新政策与能力基线,C-STEPI-A0203-224,2019-12-30,W2,2019년 한국기업혁신조사: 제조업 및 서비스업 부문 - 한국기업혁신조사의 동향과 활용 -,机构正式研究,C:\Users\WINDOWS\OneDrive\知识库\智库信息爬虫\国际主要科技智库观点演变_研判\03_证据底稿\原文PDF\C-STEPI-A0203-224.pdf,C:\Users\WINDOWS\OneDrive\知识库\智库信息爬虫\国际主要科技智库观点演变_研判\03_证据底稿\文本\C-STEPI-A0203-224.txt,https://www.stepi.re.kr/site/stepiko/report/View.do?reIdx=224,官方PDF已保存并校验
科技人才、大学与知识流动,科技创新政策与能力基线,C-STEPI-A0203-224,2019-12-30,W2,2019년 한국기업혁신조사: 제조업 및 서비스업 부문 - 한국기업혁신조사의 동향과 활용 -,机构正式研究,C:\Users\WINDOWS\OneDrive\知识库\智库信息爬虫\国际主要科技智库观点演变_研判\03_证据底稿\原文PDF\C-STEPI-A0203-224.pdf,C:\Users\WINDOWS\OneDrive\知识库\智库信息爬虫\国际主要科技智库观点演变_研判\03_证据底稿\文本\C-STEPI-A0203-224.txt,https://www.stepi.re.kr/site/stepiko/report/View.do?reIdx=224,官方PDF已保存并校验
产业创新、创业与区域体系,科技创新政策与能力基线,C-STEPI-A0203-224,2019-12-30,W2,2019년 한국기업혁신조사: 제조업 및 서비스업 부문 - 한국기업혁신조사의 동향과 활용 -,机构正式研究,C:\Users\WINDOWS\OneDrive\知识库\智库信息爬虫\国际主要科技智库观点演变_研判\03_证据底稿\原文PDF\C-STEPI-A0203-224.pdf,C:\Users\WINDOWS\OneDrive\知识库\智库信息爬虫\国际主要科技智库观点演变_研判\03_证据底稿\文本\C-STEPI-A0203-224.txt,https://www.stepi.re.kr/site/stepiko/report/View.do?reIdx=224,官方PDF已保存并校验
科研体系、研发投入与评价,科技创新政策与能力基线,C-STEPI-A0203-225,2019-12-30,W2,2019년 기술혁신 성과지표 분석 및 DB 구축사업,机构正式研究,,,https://www.stepi.re.kr/site/stepiko/report/View.do?reIdx=225,官方目录无PDF
产业创新、创业与区域体系,科技创新政策与能力基线,C-STEPI-A0203-225,2019-12-30,W2,2019년 기술혁신 성과지표 분석 및 DB 구축사업,机构正式研究,,,https://www.stepi.re.kr/site/stepiko/report/View.do?reIdx=225,官方目录无PDF
科技前瞻与未来社会,科技创新政策与能力基线,C-STEPI-A0203-226,2019-12-30,W2,과학기술기반 미래연구사업 Ⅺ,机构正式研究,,,https://www.stepi.re.kr/site/stepiko/report/View.do?reIdx=226,官方目录无PDF
中国科技与国际比较,核心科技直接材料,C-STEPI-A0203-227,2019-12-30,W2,2019년 중국(중화권) 첨단기술 모니터링 및 DB 구축 사업: 스마트 모빌리티,机构正式研究,C:\Users\WINDOWS\OneDrive\知识库\智库信息爬虫\国际主要科技智库观点演变_研判\03_证据底稿\原文PDF\C-STEPI-A0203-227.pdf,C:\Users\WINDOWS\OneDrive\知识库\智库信息爬虫\国际主要科技智库观点演变_研判\03_证据底稿\文本\C-STEPI-A0203-227.txt,https://www.stepi.re.kr/site/stepiko/report/View.do?cateCont=A0203&reIdx=227,官方PDF已保存并校验
半导体、量子与战略技术,核心科技直接材料,C-STEPI-A0203-227,2019-12-30,W2,2019년 중국(중화권) 첨단기술 모니터링 및 DB 구축 사업: 스마트 모빌리티,机构正式研究,C:\Users\WINDOWS\OneDrive\知识库\智库信息爬虫\国际主要科技智库观点演变_研判\03_证据底稿\原文PDF\C-STEPI-A0203-227.pdf,C:\Users\WINDOWS\OneDrive\知识库\智库信息爬虫\国际主要科技智库观点演变_研判\03_证据底稿\文本\C-STEPI-A0203-227.txt,https://www.stepi.re.kr/site/stepiko/report/View.do?cateCont=A0203&reIdx=227,官方PDF已保存并校验
科研体系、研发投入与评价,科技创新政策与能力基线,C-STEPI-A0203-228,2019-12-30,W2,2019년도 국제기술혁신협력사업,机构正式研究,C:\Users\WINDOWS\OneDrive\知识库\智库信息爬虫\国际主要科技智库观点演变_研判\03_证据底稿\原文PDF\C-STEPI-A0203-228.pdf,C:\Users\WINDOWS\OneDrive\知识库\智库信息爬虫\国际主要科技智库观点演变_研判\03_证据底稿\文本\C-STEPI-A0203-228.txt,https://www.stepi.re.kr/site/stepiko/report/View.do?reIdx=228,官方PDF已保存并校验
产业创新、创业与区域体系,科技创新政策与能力基线,C-STEPI-A0203-228,2019-12-30,W2,2019년도 국제기술혁신협력사업,机构正式研究,C:\Users\WINDOWS\OneDrive\知识库\智库信息爬虫\国际主要科技智库观点演变_研判\03_证据底稿\原文PDF\C-STEPI-A0203-228.pdf,C:\Users\WINDOWS\OneDrive\知识库\智库信息爬虫\国际主要科技智库观点演变_研判\03_证据底稿\文本\C-STEPI-A0203-228.txt,https://www.stepi.re.kr/site/stepiko/report/View.do?reIdx=228,官方PDF已保存并校验
科技前瞻与未来社会,科技创新政策与能力基线,C-STEPI-A0203-228,2019-12-30,W2,2019년도 국제기술혁신협력사업,机构正式研究,C:\Users\WINDOWS\OneDrive\知识库\智库信息爬虫\国际主要科技智库观点演变_研判\03_证据底稿\原文PDF\C-STEPI-A0203-228.pdf,C:\Users\WINDOWS\OneDrive\知识库\智库信息爬虫\国际主要科技智库观点演变_研判\03_证据底稿\文本\C-STEPI-A0203-228.txt,https://www.stepi.re.kr/site/stepiko/report/View.do?reIdx=228,官方PDF已保存并校验
科技创新政策与研究体系,科技创新政策与能力基线,C-STEPI-A0203-230,2019-12-30,W2,2019 K-Innovation ODA Program,机构正式研究,,,https://www.stepi.re.kr/site/stepiko/report/View.do?reIdx=230,官方目录无PDF
科研体系、研发投入与评价,科技创新政策与能力基线,C-STEPI-A0203-240,2020-12-30,W2,2020년도 국제기술혁신협력사업,机构正式研究,C:\Users\WINDOWS\OneDrive\知识库\智库信息爬虫\国际主要科技智库观点演变_研判\03_证据底稿\原文PDF\C-STEPI-A0203-240.pdf,C:\Users\WINDOWS\OneDrive\知识库\智库信息爬虫\国际主要科技智库观点演变_研判\03_证据底稿\文本\C-STEPI-A0203-240.txt,https://www.stepi.re.kr/site/stepiko/report/View.do?reIdx=240,官方PDF已保存并校验
科技人才、大学与知识流动,科技创新政策与能力基线,C-STEPI-A0203-240,2020-12-30,W2,2020년도 국제기술혁신협력사업,机构正式研究,C:\Users\WINDOWS\OneDrive\知识库\智库信息爬虫\国际主要科技智库观点演变_研判\03_证据底稿\原文PDF\C-STEPI-A0203-240.pdf,C:\Users\WINDOWS\OneDrive\知识库\智库信息爬虫\国际主要科技智库观点演变_研判\03_证据底稿\文本\C-STEPI-A0203-240.txt,https://www.stepi.re.kr/site/stepiko/report/View.do?reIdx=240,官方PDF已保存并校验
产业创新、创业与区域体系,科技创新政策与能力基线,C-STEPI-A0203-240,2020-12-30,W2,2020년도 국제기술혁신협력사업,机构正式研究,C:\Users\WINDOWS\OneDrive\知识库\智库信息爬虫\国际主要科技智库观点演变_研判\03_证据底稿\原文PDF\C-STEPI-A0203-240.pdf,C:\Users\WINDOWS\OneDrive\知识库\智库信息爬虫\国际主要科技智库观点演变_研判\03_证据底稿\文本\C-STEPI-A0203-240.txt,https://www.stepi.re.kr/site/stepiko/report/View.do?reIdx=240,官方PDF已保存并校验
科技前瞻与未来社会,科技创新政策与能力基线,C-STEPI-A0203-240,2020-12-30,W2,2020년도 국제기술혁신협력사업,机构正式研究,C:\Users\WINDOWS\OneDrive\知识库\智库信息爬虫\国际主要科技智库观点演变_研判\03_证据底稿\原文PDF\C-STEPI-A0203-240.pdf,C:\Users\WINDOWS\OneDrive\知识库\智库信息爬虫\国际主要科技智库观点演变_研判\03_证据底稿\文本\C-STEPI-A0203-240.txt,https://www.stepi.re.kr/site/stepiko/report/View.do?reIdx=240,官方PDF已保存并校验
产业创新、创业与区域体系,科技创新政策与能力基线,C-STEPI-A0203-241,2020-12-30,W2,혁신창업 및 기업가정신 생태계 모니터링 사업(6차년도),机构正式研究,,,https://www.stepi.re.kr/site/stepiko/report/View.do?reIdx=241,官方目录无PDF
科研体系、研发投入与评价,科技创新政策与能力基线,C-STEPI-A0203-242,2020-12-30,W2,기술혁신 성과지표 분석 및 DB구축사업 (15차년도),机构正式研究,,,https://www.stepi.re.kr/site/stepiko/report/View.do?reIdx=242,官方目录无PDF
产业创新、创业与区域体系,科技创新政策与能力基线,C-STEPI-A0203-242,2020-12-30,W2,기술혁신 성과지표 분석 및 DB구축사업 (15차년도),机构正式研究,,,https://www.stepi.re.kr/site/stepiko/report/View.do?reIdx=242,官方目录无PDF
人工智能、数据与数字技术,科技创新政策与能力基线,C-STEPI-A0203-243,2020-12-30,W2,2020년 한국기업혁신조사 : 제조업 부문,机构正式研究,C:\Users\WINDOWS\OneDrive\知识库\智库信息爬虫\国际主要科技智库观点演变_研判\03_证据底稿\原文PDF\C-STEPI-A0203-243.pdf,C:\Users\WINDOWS\OneDrive\知识库\智库信息爬虫\国际主要科技智库观点演变_研判\03_证据底稿\文本\C-STEPI-A0203-243.txt,https://www.stepi.re.kr/site/stepiko/report/View.do?reIdx=243,官方PDF已保存并校验
科研体系、研发投入与评价,科技创新政策与能力基线,C-STEPI-A0203-243,2020-12-30,W2,2020년 한국기업혁신조사 : 제조업 부문,机构正式研究,C:\Users\WINDOWS\OneDrive\知识库\智库信息爬虫\国际主要科技智库观点演变_研判\03_证据底稿\原文PDF\C-STEPI-A0203-243.pdf,C:\Users\WINDOWS\OneDrive\知识库\智库信息爬虫\国际主要科技智库观点演变_研判\03_证据底稿\文本\C-STEPI-A0203-243.txt,https://www.stepi.re.kr/site/stepiko/report/View.do?reIdx=243,官方PDF已保存并校验
科技人才、大学与知识流动,科技创新政策与能力基线,C-STEPI-A0203-243,2020-12-30,W2,2020년 한국기업혁신조사 : 제조업 부문,机构正式研究,C:\Users\WINDOWS\OneDrive\知识库\智库信息爬虫\国际主要科技智库观点演变_研判\03_证据底稿\原文PDF\C-STEPI-A0203-243.pdf,C:\Users\WINDOWS\OneDrive\知识库\智库信息爬虫\国际主要科技智库观点演变_研判\03_证据底稿\文本\C-STEPI-A0203-243.txt,https://www.stepi.re.kr/site/stepiko/report/View.do?reIdx=243,官方PDF已保存并校验
产业创新、创业与区域体系,科技创新政策与能力基线,C-STEPI-A0203-243,2020-12-30,W2,2020년 한국기업혁신조사 : 제조업 부문,机构正式研究,C:\Users\WINDOWS\OneDrive\知识库\智库信息爬虫\国际主要科技智库观点演变_研判\03_证据底稿\原文PDF\C-STEPI-A0203-243.pdf,C:\Users\WINDOWS\OneDrive\知识库\智库信息爬虫\国际主要科技智库观点演变_研判\03_证据底稿\文本\C-STEPI-A0203-243.txt,https://www.stepi.re.kr/site/stepiko/report/View.do?reIdx=243,官方PDF已保存并校验
科技前瞻与未来社会,科技创新政策与能力基线,C-STEPI-A0203-243,2020-12-30,W2,2020년 한국기업혁신조사 : 제조업 부문,机构正式研究,C:\Users\WINDOWS\OneDrive\知识库\智库信息爬虫\国际主要科技智库观点演变_研判\03_证据底稿\原文PDF\C-STEPI-A0203-243.pdf,C:\Users\WINDOWS\OneDrive\知识库\智库信息爬虫\国际主要科技智库观点演变_研判\03_证据底稿\文本\C-STEPI-A0203-243.txt,https://www.stepi.re.kr/site/stepiko/report/View.do?reIdx=243,官方PDF已保存并校验
人工智能、数据与数字技术,科技创新政策与能力基线,C-STEPI-A0203-244,2020-12-30,W2,과학기술인력 정책수립을 위한 핵심 지표체계 설계 및 분석 연구,机构正式研究,C:\Users\WINDOWS\OneDrive\知识库\智库信息爬虫\国际主要科技智库观点演变_研判\03_证据底稿\原文PDF\C-STEPI-A0203-244.pdf,C:\Users\WINDOWS\OneDrive\知识库\智库信息爬虫\国际主要科技智库观点演变_研判\03_证据底稿\文本\C-STEPI-A0203-244.txt,https://www.stepi.re.kr/site/stepiko/report/View.do?reIdx=244,官方PDF已保存并校验
科研体系、研发投入与评价,科技创新政策与能力基线,C-STEPI-A0203-244,2020-12-30,W2,과학기술인력 정책수립을 위한 핵심 지표체계 설계 및 분석 연구,机构正式研究,C:\Users\WINDOWS\OneDrive\知识库\智库信息爬虫\国际主要科技智库观点演变_研判\03_证据底稿\原文PDF\C-STEPI-A0203-244.pdf,C:\Users\WINDOWS\OneDrive\知识库\智库信息爬虫\国际主要科技智库观点演变_研判\03_证据底稿\文本\C-STEPI-A0203-244.txt,https://www.stepi.re.kr/site/stepiko/report/View.do?reIdx=244,官方PDF已保存并校验
科技人才、大学与知识流动,科技创新政策与能力基线,C-STEPI-A0203-244,2020-12-30,W2,과학기술인력 정책수립을 위한 핵심 지표체계 설계 및 분석 연구,机构正式研究,C:\Users\WINDOWS\OneDrive\知识库\智库信息爬虫\国际主要科技智库观点演变_研判\03_证据底稿\原文PDF\C-STEPI-A0203-244.pdf,C:\Users\WINDOWS\OneDrive\知识库\智库信息爬虫\国际主要科技智库观点演变_研判\03_证据底稿\文本\C-STEPI-A0203-244.txt,https://www.stepi.re.kr/site/stepiko/report/View.do?reIdx=244,官方PDF已保存并校验
产业创新、创业与区域体系,科技创新政策与能力基线,C-STEPI-A0203-244,2020-12-30,W2,과학기술인력 정책수립을 위한 핵심 지표체계 설계 및 분석 연구,机构正式研究,C:\Users\WINDOWS\OneDrive\知识库\智库信息爬虫\国际主要科技智库观点演变_研判\03_证据底稿\原文PDF\C-STEPI-A0203-244.pdf,C:\Users\WINDOWS\OneDrive\知识库\智库信息爬虫\国际主要科技智库观点演变_研判\03_证据底稿\文本\C-STEPI-A0203-244.txt,https://www.stepi.re.kr/site/stepiko/report/View.do?reIdx=244,官方PDF已保存并校验
科技前瞻与未来社会,科技创新政策与能力基线,C-STEPI-A0203-244,2020-12-30,W2,과학기술인력 정책수립을 위한 핵심 지표체계 설계 및 분석 연구,机构正式研究,C:\Users\WINDOWS\OneDrive\知识库\智库信息爬虫\国际主要科技智库观点演变_研判\03_证据底稿\原文PDF\C-STEPI-A0203-244.pdf,C:\Users\WINDOWS\OneDrive\知识库\智库信息爬虫\国际主要科技智库观点演变_研判\03_证据底稿\文本\C-STEPI-A0203-244.txt,https://www.stepi.re.kr/site/stepiko/report/View.do?reIdx=244,官方PDF已保存并校验
科技创新政策与研究体系,科技创新政策与能力基线,C-STEPI-A0203-246,2020-12-30,W2,2020 K-Innovation ODA Program,机构正式研究,,,https://www.stepi.re.kr/site/stepiko/report/View.do?reIdx=246,官方目录无PDF
人工智能、数据与数字技术,核心科技直接材料,C-STEPI-A0203-247,2021-02-28,W2,한국기업혁신조사 패널데이터 구축 방안 연구,机构正式研究,C:\Users\WINDOWS\OneDrive\知识库\智库信息爬虫\国际主要科技智库观点演变_研判\03_证据底稿\原文PDF\C-STEPI-A0203-247.pdf,C:\Users\WINDOWS\OneDrive\知识库\智库信息爬虫\国际主要科技智库观点演变_研判\03_证据底稿\文本\C-STEPI-A0203-247.txt,https://www.stepi.re.kr/site/stepiko/report/View.do?reIdx=247,官方PDF已保存并校验
科研体系、研发投入与评价,核心科技直接材料,C-STEPI-A0203-247,2021-02-28,W2,한국기업혁신조사 패널데이터 구축 방안 연구,机构正式研究,C:\Users\WINDOWS\OneDrive\知识库\智库信息爬虫\国际主要科技智库观点演变_研判\03_证据底稿\原文PDF\C-STEPI-A0203-247.pdf,C:\Users\WINDOWS\OneDrive\知识库\智库信息爬虫\国际主要科技智库观点演变_研判\03_证据底稿\文本\C-STEPI-A0203-247.txt,https://www.stepi.re.kr/site/stepiko/report/View.do?reIdx=247,官方PDF已保存并校验
科技人才、大学与知识流动,核心科技直接材料,C-STEPI-A0203-247,2021-02-28,W2,한국기업혁신조사 패널데이터 구축 방안 연구,机构正式研究,C:\Users\WINDOWS\OneDrive\知识库\智库信息爬虫\国际主要科技智库观点演变_研判\03_证据底稿\原文PDF\C-STEPI-A0203-247.pdf,C:\Users\WINDOWS\OneDrive\知识库\智库信息爬虫\国际主要科技智库观点演变_研判\03_证据底稿\文本\C-STEPI-A0203-247.txt,https://www.stepi.re.kr/site/stepiko/report/View.do?reIdx=247,官方PDF已保存并校验
产业创新、创业与区域体系,核心科技直接材料,C-STEPI-A0203-247,2021-02-28,W2,한국기업혁신조사 패널데이터 구축 방안 연구,机构正式研究,C:\Users\WINDOWS\OneDrive\知识库\智库信息爬虫\国际主要科技智库观点演变_研判\03_证据底稿\原文PDF\C-STEPI-A0203-247.pdf,C:\Users\WINDOWS\OneDrive\知识库\智库信息爬虫\国际主要科技智库观点演变_研判\03_证据底稿\文本\C-STEPI-A0203-247.txt,https://www.stepi.re.kr/site/stepiko/report/View.do?reIdx=247,官方PDF已保存并校验
科技创新政策与研究体系,科技创新政策与能力基线,C-STEPI-A0203-248,2019-12-30,W2,2019 K-Innovation ODA Program with Tanzania,机构正式研究,C:\Users\WINDOWS\OneDrive\知识库\智库信息爬虫\国际主要科技智库观点演变_研判\03_证据底稿\原文PDF\C-STEPI-A0203-248.pdf,C:\Users\WINDOWS\OneDrive\知识库\智库信息爬虫\国际主要科技智库观点演变_研判\03_证据底稿\文本\C-STEPI-A0203-248.txt,https://www.stepi.re.kr/site/stepiko/report/View.do?reIdx=248,官方PDF已保存并校验
科研体系、研发投入与评价,科技创新政策与能力基线,C-STEPI-A0203-249,2019-12-30,W2,2019 K-Innovation ODA Program with Tunisia,机构正式研究,C:\Users\WINDOWS\OneDrive\知识库\智库信息爬虫\国际主要科技智库观点演变_研判\03_证据底稿\原文PDF\C-STEPI-A0203-249.pdf,C:\Users\WINDOWS\OneDrive\知识库\智库信息爬虫\国际主要科技智库观点演变_研判\03_证据底稿\文本\C-STEPI-A0203-249.txt,https://www.stepi.re.kr/site/stepiko/report/View.do?reIdx=249,官方PDF已保存并校验
科研体系、研发投入与评价,科技创新政策与能力基线,C-STEPI-A0203-250,2019-12-30,W2,2019 K-Innovation ODA Program with Uganda,机构正式研究,C:\Users\WINDOWS\OneDrive\知识库\智库信息爬虫\国际主要科技智库观点演变_研判\03_证据底稿\原文PDF\C-STEPI-A0203-250.pdf,C:\Users\WINDOWS\OneDrive\知识库\智库信息爬虫\国际主要科技智库观点演变_研判\03_证据底稿\文本\C-STEPI-A0203-250.txt,https://www.stepi.re.kr/site/stepiko/report/View.do?reIdx=250,官方PDF已保存并校验
科研体系、研发投入与评价,科技创新政策与能力基线,C-STEPI-A0203-251,2019-12-30,W2,2019 K-Innovation ODA Program with Indonesia,机构正式研究,C:\Users\WINDOWS\OneDrive\知识库\智库信息爬虫\国际主要科技智库观点演变_研判\03_证据底稿\原文PDF\C-STEPI-A0203-251.pdf,C:\Users\WINDOWS\OneDrive\知识库\智库信息爬虫\国际主要科技智库观点演变_研判\03_证据底稿\文本\C-STEPI-A0203-251.txt,https://www.stepi.re.kr/site/stepiko/report/View.do?reIdx=251,官方PDF已保存并校验
科研体系、研发投入与评价,科技创新政策与能力基线,C-STEPI-A0203-252,2019-12-30,W2,2019 K-Innovation ODA Program with Cambodia,机构正式研究,C:\Users\WINDOWS\OneDrive\知识库\智库信息爬虫\国际主要科技智库观点演变_研判\03_证据底稿\原文PDF\C-STEPI-A0203-252.pdf,C:\Users\WINDOWS\OneDrive\知识库\智库信息爬虫\国际主要科技智库观点演变_研判\03_证据底稿\文本\C-STEPI-A0203-252.txt,https://www.stepi.re.kr/site/stepiko/report/View.do?reIdx=252,官方PDF已保存并校验
科研体系、研发投入与评价,科技创新政策与能力基线,C-STEPI-A0203-253,2019-12-30,W2,2019 K-Innovation ODA Program with Sri Lanka,机构正式研究,C:\Users\WINDOWS\OneDrive\知识库\智库信息爬虫\国际主要科技智库观点演变_研判\03_证据底稿\原文PDF\C-STEPI-A0203-253.pdf,C:\Users\WINDOWS\OneDrive\知识库\智库信息爬虫\国际主要科技智库观点演变_研判\03_证据底稿\文本\C-STEPI-A0203-253.txt,https://www.stepi.re.kr/site/stepiko/report/View.do?reIdx=253,官方PDF已保存并校验
科研体系、研发投入与评价,科技创新政策与能力基线,C-STEPI-A0203-254,2019-12-30,W2,2019 K-Innovation ODA Program with Azerbaijan,机构正式研究,C:\Users\WINDOWS\OneDrive\知识库\智库信息爬虫\国际主要科技智库观点演变_研判\03_证据底稿\原文PDF\C-STEPI-A0203-254.pdf,C:\Users\WINDOWS\OneDrive\知识库\智库信息爬虫\国际主要科技智库观点演变_研判\03_证据底稿\文本\C-STEPI-A0203-254.txt,https://www.stepi.re.kr/site/stepiko/report/View.do?reIdx=254,官方PDF已保存并校验
科研体系、研发投入与评价,科技创新政策与能力基线,C-STEPI-A0203-255,2019-12-30,W2,2019 K-Innovation ODA Program with Vietnam,机构正式研究,C:\Users\WINDOWS\OneDrive\知识库\智库信息爬虫\国际主要科技智库观点演变_研判\03_证据底稿\原文PDF\C-STEPI-A0203-255.pdf,C:\Users\WINDOWS\OneDrive\知识库\智库信息爬虫\国际主要科技智库观点演变_研判\03_证据底稿\文本\C-STEPI-A0203-255.txt,https://www.stepi.re.kr/site/stepiko/report/View.do?reIdx=255,官方PDF已保存并校验
科技前瞻与未来社会,科技创新政策与能力基线,C-STEPI-A0203-255,2019-12-30,W2,2019 K-Innovation ODA Program with Vietnam,机构正式研究,C:\Users\WINDOWS\OneDrive\知识库\智库信息爬虫\国际主要科技智库观点演变_研判\03_证据底稿\原文PDF\C-STEPI-A0203-255.pdf,C:\Users\WINDOWS\OneDrive\知识库\智库信息爬虫\国际主要科技智库观点演变_研判\03_证据底稿\文本\C-STEPI-A0203-255.txt,https://www.stepi.re.kr/site/stepiko/report/View.do?reIdx=255,官方PDF已保存并校验
科研体系、研发投入与评价,科技创新政策与能力基线,C-STEPI-A0203-256,2020-12-30,W2,2020 K-Innovation ODA Program with Lao PDR,机构正式研究,C:\Users\WINDOWS\OneDrive\知识库\智库信息爬虫\国际主要科技智库观点演变_研判\03_证据底稿\原文PDF\C-STEPI-A0203-256.pdf,C:\Users\WINDOWS\OneDrive\知识库\智库信息爬虫\国际主要科技智库观点演变_研判\03_证据底稿\文本\C-STEPI-A0203-256.txt,https://www.stepi.re.kr/site/stepiko/report/View.do?reIdx=256,官方PDF已保存并校验
科技前瞻与未来社会,科技创新政策与能力基线,C-STEPI-A0203-256,2020-12-30,W2,2020 K-Innovation ODA Program with Lao PDR,机构正式研究,C:\Users\WINDOWS\OneDrive\知识库\智库信息爬虫\国际主要科技智库观点演变_研判\03_证据底稿\原文PDF\C-STEPI-A0203-256.pdf,C:\Users\WINDOWS\OneDrive\知识库\智库信息爬虫\国际主要科技智库观点演变_研判\03_证据底稿\文本\C-STEPI-A0203-256.txt,https://www.stepi.re.kr/site/stepiko/report/View.do?reIdx=256,官方PDF已保存并校验
科技前瞻与未来社会,科技创新政策与能力基线,C-STEPI-A0203-257,2020-12-30,W2,2020 K-Innovation ODA Program with Vietnam,机构正式研究,C:\Users\WINDOWS\OneDrive\知识库\智库信息爬虫\国际主要科技智库观点演变_研判\03_证据底稿\原文PDF\C-STEPI-A0203-257.pdf,C:\Users\WINDOWS\OneDrive\知识库\智库信息爬虫\国际主要科技智库观点演变_研判\03_证据底稿\文本\C-STEPI-A0203-257.txt,https://www.stepi.re.kr/site/stepiko/report/View.do?reIdx=257,官方PDF已保存并校验
科研体系、研发投入与评价,科技创新政策与能力基线,C-STEPI-A0203-258,2020-12-30,W2,2020 K-Innovation ODA Program with Sri Lanka,机构正式研究,C:\Users\WINDOWS\OneDrive\知识库\智库信息爬虫\国际主要科技智库观点演变_研判\03_证据底稿\原文PDF\C-STEPI-A0203-258.pdf,C:\Users\WINDOWS\OneDrive\知识库\智库信息爬虫\国际主要科技智库观点演变_研判\03_证据底稿\文本\C-STEPI-A0203-258.txt,https://www.stepi.re.kr/site/stepiko/report/View.do?reIdx=258,官方PDF已保存并校验
科技创新政策与研究体系,科技创新政策与能力基线,C-STEPI-A0203-259,2020-12-30,W2,2020 K-Innovation ODA Program with Azerbaijan,机构正式研究,C:\Users\WINDOWS\OneDrive\知识库\智库信息爬虫\国际主要科技智库观点演变_研判\03_证据底稿\原文PDF\C-STEPI-A0203-259.pdf,C:\Users\WINDOWS\OneDrive\知识库\智库信息爬虫\国际主要科技智库观点演变_研判\03_证据底稿\文本\C-STEPI-A0203-259.txt,https://www.stepi.re.kr/site/stepiko/report/View.do?reIdx=259,官方PDF已保存并校验
科研体系、研发投入与评价,科技创新政策与能力基线,C-STEPI-A0203-260,2020-12-30,W2,2020 K-Innovation ODA Program with Azerbaijan(Appendix),机构正式研究,C:\Users\WINDOWS\OneDrive\知识库\智库信息爬虫\国际主要科技智库观点演变_研判\03_证据底稿\原文PDF\C-STEPI-A0203-260.pdf,C:\Users\WINDOWS\OneDrive\知识库\智库信息爬虫\国际主要科技智库观点演变_研判\03_证据底稿\文本\C-STEPI-A0203-260.txt,https://www.stepi.re.kr/site/stepiko/report/View.do?reIdx=260,官方PDF已保存并校验
科研体系、研发投入与评价,科技创新政策与能力基线,C-STEPI-A0203-261,2020-12-30,W2,2020 K-Innovation ODA Program with Indonesia,机构正式研究,C:\Users\WINDOWS\OneDrive\知识库\智库信息爬虫\国际主要科技智库观点演变_研判\03_证据底稿\原文PDF\C-STEPI-A0203-261.pdf,C:\Users\WINDOWS\OneDrive\知识库\智库信息爬虫\国际主要科技智库观点演变_研判\03_证据底稿\文本\C-STEPI-A0203-261.txt,https://www.stepi.re.kr/site/stepiko/report/View.do?reIdx=261,官方PDF已保存并校验
科技创新政策与研究体系,科技创新政策与能力基线,C-STEPI-A0203-262,2020-12-30,W2,2020 K-Innovation ODA Program with Cambodia,机构正式研究,C:\Users\WINDOWS\OneDrive\知识库\智库信息爬虫\国际主要科技智库观点演变_研判\03_证据底稿\原文PDF\C-STEPI-A0203-262.pdf,C:\Users\WINDOWS\OneDrive\知识库\智库信息爬虫\国际主要科技智库观点演变_研判\03_证据底稿\文本\C-STEPI-A0203-262.txt,https://www.stepi.re.kr/site/stepiko/report/View.do?reIdx=262,官方PDF已保存并校验
科研体系、研发投入与评价,科技创新政策与能力基线,C-STEPI-A0203-264,2021-12-30,W2,2021년 한국기업혁신조사: 서비스업 부문,机构正式研究,C:\Users\WINDOWS\OneDrive\知识库\智库信息爬虫\国际主要科技智库观点演变_研判\03_证据底稿\原文PDF\C-STEPI-A0203-264.pdf,C:\Users\WINDOWS\OneDrive\知识库\智库信息爬虫\国际主要科技智库观点演变_研判\03_证据底稿\文本\C-STEPI-A0203-264.txt,https://www.stepi.re.kr/site/stepiko/report/View.do?reIdx=264,官方PDF已保存并校验
科技人才、大学与知识流动,科技创新政策与能力基线,C-STEPI-A0203-264,2021-12-30,W2,2021년 한국기업혁신조사: 서비스업 부문,机构正式研究,C:\Users\WINDOWS\OneDrive\知识库\智库信息爬虫\国际主要科技智库观点演变_研判\03_证据底稿\原文PDF\C-STEPI-A0203-264.pdf,C:\Users\WINDOWS\OneDrive\知识库\智库信息爬虫\国际主要科技智库观点演变_研判\03_证据底稿\文本\C-STEPI-A0203-264.txt,https://www.stepi.re.kr/site/stepiko/report/View.do?reIdx=264,官方PDF已保存并校验
产业创新、创业与区域体系,科技创新政策与能力基线,C-STEPI-A0203-264,2021-12-30,W2,2021년 한국기업혁신조사: 서비스업 부문,机构正式研究,C:\Users\WINDOWS\OneDrive\知识库\智库信息爬虫\国际主要科技智库观点演变_研判\03_证据底稿\原文PDF\C-STEPI-A0203-264.pdf,C:\Users\WINDOWS\OneDrive\知识库\智库信息爬虫\国际主要科技智库观点演变_研判\03_证据底稿\文本\C-STEPI-A0203-264.txt,https://www.stepi.re.kr/site/stepiko/report/View.do?reIdx=264,官方PDF已保存并校验
科研体系、研发投入与评价,科技创新政策与能力基线,C-STEPI-A0203-265,2021-12-30,W2,기술혁신 성과지표 분석 및 DB구축사업 (16차년도),机构正式研究,,,https://www.stepi.re.kr/site/stepiko/report/View.do?reIdx=265,官方目录无PDF
产业创新、创业与区域体系,科技创新政策与能力基线,C-STEPI-A0203-265,2021-12-30,W2,기술혁신 성과지표 분석 및 DB구축사업 (16차년도),机构正式研究,,,https://www.stepi.re.kr/site/stepiko/report/View.do?reIdx=265,官方目录无PDF
产业创新、创业与区域体系,科技创新政策与能力基线,C-STEPI-A0203-266,2021-12-30,W2,혁신창업 및 기업가정신 생태계 모니터링 사업 (7차년도),机构正式研究,,,https://www.stepi.re.kr/site/stepiko/report/View.do?reIdx=266,官方目录无PDF
人工智能、数据与数字技术,科技创新政策与能力基线,C-STEPI-A0203-267,2022-11-30,W3,민간주도 저탄소전환을 위한 혁신생태계 조성 방안 연구,机构正式研究,C:\Users\WINDOWS\OneDrive\知识库\智库信息爬虫\国际主要科技智库观点演变_研判\03_证据底稿\原文PDF\C-STEPI-A0203-267.pdf,C:\Users\WINDOWS\OneDrive\知识库\智库信息爬虫\国际主要科技智库观点演变_研判\03_证据底稿\文本\C-STEPI-A0203-267.txt,https://www.stepi.re.kr/site/stepiko/report/View.do?reIdx=267,官方PDF已保存并校验
能源、气候与绿色转型,科技创新政策与能力基线,C-STEPI-A0203-267,2022-11-30,W3,민간주도 저탄소전환을 위한 혁신생태계 조성 방안 연구,机构正式研究,C:\Users\WINDOWS\OneDrive\知识库\智库信息爬虫\国际主要科技智库观点演变_研判\03_证据底稿\原文PDF\C-STEPI-A0203-267.pdf,C:\Users\WINDOWS\OneDrive\知识库\智库信息爬虫\国际主要科技智库观点演变_研判\03_证据底稿\文本\C-STEPI-A0203-267.txt,https://www.stepi.re.kr/site/stepiko/report/View.do?reIdx=267,官方PDF已保存并校验
科研体系、研发投入与评价,科技创新政策与能力基线,C-STEPI-A0203-267,2022-11-30,W3,민간주도 저탄소전환을 위한 혁신생태계 조성 방안 연구,机构正式研究,C:\Users\WINDOWS\OneDrive\知识库\智库信息爬虫\国际主要科技智库观点演变_研判\03_证据底稿\原文PDF\C-STEPI-A0203-267.pdf,C:\Users\WINDOWS\OneDrive\知识库\智库信息爬虫\国际主要科技智库观点演变_研判\03_证据底稿\文本\C-STEPI-A0203-267.txt,https://www.stepi.re.kr/site/stepiko/report/View.do?reIdx=267,官方PDF已保存并校验
科技人才、大学与知识流动,科技创新政策与能力基线,C-STEPI-A0203-267,2022-11-30,W3,민간주도 저탄소전환을 위한 혁신생태계 조성 방안 연구,机构正式研究,C:\Users\WINDOWS\OneDrive\知识库\智库信息爬虫\国际主要科技智库观点演变_研判\03_证据底稿\原文PDF\C-STEPI-A0203-267.pdf,C:\Users\WINDOWS\OneDrive\知识库\智库信息爬虫\国际主要科技智库观点演变_研判\03_证据底稿\文本\C-STEPI-A0203-267.txt,https://www.stepi.re.kr/site/stepiko/report/View.do?reIdx=267,官方PDF已保存并校验
产业创新、创业与区域体系,科技创新政策与能力基线,C-STEPI-A0203-267,2022-11-30,W3,민간주도 저탄소전환을 위한 혁신생태계 조성 방안 연구,机构正式研究,C:\Users\WINDOWS\OneDrive\知识库\智库信息爬虫\国际主要科技智库观点演变_研判\03_证据底稿\原文PDF\C-STEPI-A0203-267.pdf,C:\Users\WINDOWS\OneDrive\知识库\智库信息爬虫\国际主要科技智库观点演变_研判\03_证据底稿\文本\C-STEPI-A0203-267.txt,https://www.stepi.re.kr/site/stepiko/report/View.do?reIdx=267,官方PDF已保存并校验
科技前瞻与未来社会,科技创新政策与能力基线,C-STEPI-A0203-267,2022-11-30,W3,민간주도 저탄소전환을 위한 혁신생태계 조성 방안 연구,机构正式研究,C:\Users\WINDOWS\OneDrive\知识库\智库信息爬虫\国际主要科技智库观点演变_研判\03_证据底稿\原文PDF\C-STEPI-A0203-267.pdf,C:\Users\WINDOWS\OneDrive\知识库\智库信息爬虫\国际主要科技智库观点演变_研判\03_证据底稿\文本\C-STEPI-A0203-267.txt,https://www.stepi.re.kr/site/stepiko/report/View.do?reIdx=267,官方PDF已保存并校验
人工智能、数据与数字技术,科技创新政策与能力基线,C-STEPI-A0203-268,2022-12-30,W3,기술혁신 성과지표 분석 및 DB구축사업 (17차년도)(1권: 2022 기업 R&D 투자·성과 및 고성장 기업의 혁신 특성),机构正式研究,C:\Users\WINDOWS\OneDrive\知识库\智库信息爬虫\国际主要科技智库观点演变_研判\03_证据底稿\原文PDF\C-STEPI-A0203-268.pdf,C:\Users\WINDOWS\OneDrive\知识库\智库信息爬虫\国际主要科技智库观点演变_研判\03_证据底稿\文本\C-STEPI-A0203-268.txt,https://www.stepi.re.kr/site/stepiko/report/View.do?reIdx=268,官方PDF已保存并校验
科研体系、研发投入与评价,科技创新政策与能力基线,C-STEPI-A0203-268,2022-12-30,W3,기술혁신 성과지표 분석 및 DB구축사업 (17차년도)(1권: 2022 기업 R&D 투자·성과 및 고성장 기업의 혁신 특성),机构正式研究,C:\Users\WINDOWS\OneDrive\知识库\智库信息爬虫\国际主要科技智库观点演变_研判\03_证据底稿\原文PDF\C-STEPI-A0203-268.pdf,C:\Users\WINDOWS\OneDrive\知识库\智库信息爬虫\国际主要科技智库观点演变_研判\03_证据底稿\文本\C-STEPI-A0203-268.txt,https://www.stepi.re.kr/site/stepiko/report/View.do?reIdx=268,官方PDF已保存并校验
产业创新、创业与区域体系,科技创新政策与能力基线,C-STEPI-A0203-268,2022-12-30,W3,기술혁신 성과지표 분석 및 DB구축사업 (17차년도)(1권: 2022 기업 R&D 투자·성과 및 고성장 기업의 혁신 특성),机构正式研究,C:\Users\WINDOWS\OneDrive\知识库\智库信息爬虫\国际主要科技智库观点演变_研判\03_证据底稿\原文PDF\C-STEPI-A0203-268.pdf,C:\Users\WINDOWS\OneDrive\知识库\智库信息爬虫\国际主要科技智库观点演变_研判\03_证据底稿\文本\C-STEPI-A0203-268.txt,https://www.stepi.re.kr/site/stepiko/report/View.do?reIdx=268,官方PDF已保存并校验
科技前瞻与未来社会,科技创新政策与能力基线,C-STEPI-A0203-268,2022-12-30,W3,기술혁신 성과지표 분석 및 DB구축사업 (17차년도)(1권: 2022 기업 R&D 투자·성과 및 고성장 기업의 혁신 특성),机构正式研究,C:\Users\WINDOWS\OneDrive\知识库\智库信息爬虫\国际主要科技智库观点演变_研判\03_证据底稿\原文PDF\C-STEPI-A0203-268.pdf,C:\Users\WINDOWS\OneDrive\知识库\智库信息爬虫\国际主要科技智库观点演变_研判\03_证据底稿\文本\C-STEPI-A0203-268.txt,https://www.stepi.re.kr/site/stepiko/report/View.do?reIdx=268,官方PDF已保存并校验
人工智能、数据与数字技术,科技创新政策与能力基线,C-STEPI-A0203-269,2022-12-30,W3,기술혁신 성과지표 분석 및 DB구축사업 (17차년도)(2권: 2022 글로벌 혁신스코어보드),机构正式研究,C:\Users\WINDOWS\OneDrive\知识库\智库信息爬虫\国际主要科技智库观点演变_研判\03_证据底稿\原文PDF\C-STEPI-A0203-269.pdf,C:\Users\WINDOWS\OneDrive\知识库\智库信息爬虫\国际主要科技智库观点演变_研判\03_证据底稿\文本\C-STEPI-A0203-269.txt,https://www.stepi.re.kr/site/stepiko/report/View.do?reIdx=269,官方PDF已保存并校验
科研体系、研发投入与评价,科技创新政策与能力基线,C-STEPI-A0203-269,2022-12-30,W3,기술혁신 성과지표 분석 및 DB구축사업 (17차년도)(2권: 2022 글로벌 혁신스코어보드),机构正式研究,C:\Users\WINDOWS\OneDrive\知识库\智库信息爬虫\国际主要科技智库观点演变_研判\03_证据底稿\原文PDF\C-STEPI-A0203-269.pdf,C:\Users\WINDOWS\OneDrive\知识库\智库信息爬虫\国际主要科技智库观点演变_研判\03_证据底稿\文本\C-STEPI-A0203-269.txt,https://www.stepi.re.kr/site/stepiko/report/View.do?reIdx=269,官方PDF已保存并校验
科技人才、大学与知识流动,科技创新政策与能力基线,C-STEPI-A0203-269,2022-12-30,W3,기술혁신 성과지표 분석 및 DB구축사업 (17차년도)(2권: 2022 글로벌 혁신스코어보드),机构正式研究,C:\Users\WINDOWS\OneDrive\知识库\智库信息爬虫\国际主要科技智库观点演变_研判\03_证据底稿\原文PDF\C-STEPI-A0203-269.pdf,C:\Users\WINDOWS\OneDrive\知识库\智库信息爬虫\国际主要科技智库观点演变_研判\03_证据底稿\文本\C-STEPI-A0203-269.txt,https://www.stepi.re.kr/site/stepiko/report/View.do?reIdx=269,官方PDF已保存并校验
产业创新、创业与区域体系,科技创新政策与能力基线,C-STEPI-A0203-269,2022-12-30,W3,기술혁신 성과지표 분석 및 DB구축사업 (17차년도)(2권: 2022 글로벌 혁신스코어보드),机构正式研究,C:\Users\WINDOWS\OneDrive\知识库\智库信息爬虫\国际主要科技智库观点演变_研判\03_证据底稿\原文PDF\C-STEPI-A0203-269.pdf,C:\Users\WINDOWS\OneDrive\知识库\智库信息爬虫\国际主要科技智库观点演变_研判\03_证据底稿\文本\C-STEPI-A0203-269.txt,https://www.stepi.re.kr/site/stepiko/report/View.do?reIdx=269,官方PDF已保存并校验
科技前瞻与未来社会,科技创新政策与能力基线,C-STEPI-A0203-269,2022-12-30,W3,기술혁신 성과지표 분석 및 DB구축사업 (17차년도)(2권: 2022 글로벌 혁신스코어보드),机构正式研究,C:\Users\WINDOWS\OneDrive\知识库\智库信息爬虫\国际主要科技智库观点演变_研判\03_证据底稿\原文PDF\C-STEPI-A0203-269.pdf,C:\Users\WINDOWS\OneDrive\知识库\智库信息爬虫\国际主要科技智库观点演变_研判\03_证据底稿\文本\C-STEPI-A0203-269.txt,https://www.stepi.re.kr/site/stepiko/report/View.do?reIdx=269,官方PDF已保存并校验
人工智能、数据与数字技术,科技创新政策与能力基线,C-STEPI-A0203-270,2022-12-30,W3,과학기술기반 미래연구사업 ⅩⅣ (1권: 총괄),机构正式研究,C:\Users\WINDOWS\OneDrive\知识库\智库信息爬虫\国际主要科技智库观点演变_研判\03_证据底稿\原文PDF\C-STEPI-A0203-270.pdf,C:\Users\WINDOWS\OneDrive\知识库\智库信息爬虫\国际主要科技智库观点演变_研判\03_证据底稿\文本\C-STEPI-A0203-270.txt,https://www.stepi.re.kr/site/stepiko/report/View.do?reIdx=270,官方PDF已保存并校验
能源、气候与绿色转型,科技创新政策与能力基线,C-STEPI-A0203-270,2022-12-30,W3,과학기술기반 미래연구사업 ⅩⅣ (1권: 총괄),机构正式研究,C:\Users\WINDOWS\OneDrive\知识库\智库信息爬虫\国际主要科技智库观点演变_研判\03_证据底稿\原文PDF\C-STEPI-A0203-270.pdf,C:\Users\WINDOWS\OneDrive\知识库\智库信息爬虫\国际主要科技智库观点演变_研判\03_证据底稿\文本\C-STEPI-A0203-270.txt,https://www.stepi.re.kr/site/stepiko/report/View.do?reIdx=270,官方PDF已保存并校验
科研体系、研发投入与评价,科技创新政策与能力基线,C-STEPI-A0203-270,2022-12-30,W3,과학기술기반 미래연구사업 ⅩⅣ (1권: 총괄),机构正式研究,C:\Users\WINDOWS\OneDrive\知识库\智库信息爬虫\国际主要科技智库观点演变_研判\03_证据底稿\原文PDF\C-STEPI-A0203-270.pdf,C:\Users\WINDOWS\OneDrive\知识库\智库信息爬虫\国际主要科技智库观点演变_研判\03_证据底稿\文本\C-STEPI-A0203-270.txt,https://www.stepi.re.kr/site/stepiko/report/View.do?reIdx=270,官方PDF已保存并校验
产业创新、创业与区域体系,科技创新政策与能力基线,C-STEPI-A0203-270,2022-12-30,W3,과학기술기반 미래연구사업 ⅩⅣ (1권: 총괄),机构正式研究,C:\Users\WINDOWS\OneDrive\知识库\智库信息爬虫\国际主要科技智库观点演变_研判\03_证据底稿\原文PDF\C-STEPI-A0203-270.pdf,C:\Users\WINDOWS\OneDrive\知识库\智库信息爬虫\国际主要科技智库观点演变_研判\03_证据底稿\文本\C-STEPI-A0203-270.txt,https://www.stepi.re.kr/site/stepiko/report/View.do?reIdx=270,官方PDF已保存并校验
技术安全、供应链与国际合作,科技创新政策与能力基线,C-STEPI-A0203-270,2022-12-30,W3,과학기술기반 미래연구사업 ⅩⅣ (1권: 총괄),机构正式研究,C:\Users\WINDOWS\OneDrive\知识库\智库信息爬虫\国际主要科技智库观点演变_研判\03_证据底稿\原文PDF\C-STEPI-A0203-270.pdf,C:\Users\WINDOWS\OneDrive\知识库\智库信息爬虫\国际主要科技智库观点演变_研判\03_证据底稿\文本\C-STEPI-A0203-270.txt,https://www.stepi.re.kr/site/stepiko/report/View.do?reIdx=270,官方PDF已保存并校验
科技前瞻与未来社会,科技创新政策与能力基线,C-STEPI-A0203-270,2022-12-30,W3,과학기술기반 미래연구사업 ⅩⅣ (1권: 총괄),机构正式研究,C:\Users\WINDOWS\OneDrive\知识库\智库信息爬虫\国际主要科技智库观点演变_研判\03_证据底稿\原文PDF\C-STEPI-A0203-270.pdf,C:\Users\WINDOWS\OneDrive\知识库\智库信息爬虫\国际主要科技智库观点演变_研判\03_证据底稿\文本\C-STEPI-A0203-270.txt,https://www.stepi.re.kr/site/stepiko/report/View.do?reIdx=270,官方PDF已保存并校验
人工智能、数据与数字技术,科技创新政策与能力基线,C-STEPI-A0203-271,2022-12-30,W3,과학기술기반 미래연구사업 ⅩⅣ (2권: 정책연구자를 위한 전략적 미래연구 워크북),机构正式研究,C:\Users\WINDOWS\OneDrive\知识库\智库信息爬虫\国际主要科技智库观点演变_研判\03_证据底稿\原文PDF\C-STEPI-A0203-271.pdf,C:\Users\WINDOWS\OneDrive\知识库\智库信息爬虫\国际主要科技智库观点演变_研判\03_证据底稿\文本\C-STEPI-A0203-271.txt,https://www.stepi.re.kr/site/stepiko/report/View.do?reIdx=271,官方PDF已保存并校验
能源、气候与绿色转型,科技创新政策与能力基线,C-STEPI-A0203-271,2022-12-30,W3,과학기술기반 미래연구사업 ⅩⅣ (2권: 정책연구자를 위한 전략적 미래연구 워크북),机构正式研究,C:\Users\WINDOWS\OneDrive\知识库\智库信息爬虫\国际主要科技智库观点演变_研判\03_证据底稿\原文PDF\C-STEPI-A0203-271.pdf,C:\Users\WINDOWS\OneDrive\知识库\智库信息爬虫\国际主要科技智库观点演变_研判\03_证据底稿\文本\C-STEPI-A0203-271.txt,https://www.stepi.re.kr/site/stepiko/report/View.do?reIdx=271,官方PDF已保存并校验
科研体系、研发投入与评价,科技创新政策与能力基线,C-STEPI-A0203-271,2022-12-30,W3,과학기술기반 미래연구사업 ⅩⅣ (2권: 정책연구자를 위한 전략적 미래연구 워크북),机构正式研究,C:\Users\WINDOWS\OneDrive\知识库\智库信息爬虫\国际主要科技智库观点演变_研判\03_证据底稿\原文PDF\C-STEPI-A0203-271.pdf,C:\Users\WINDOWS\OneDrive\知识库\智库信息爬虫\国际主要科技智库观点演变_研判\03_证据底稿\文本\C-STEPI-A0203-271.txt,https://www.stepi.re.kr/site/stepiko/report/View.do?reIdx=271,官方PDF已保存并校验
科技人才、大学与知识流动,科技创新政策与能力基线,C-STEPI-A0203-271,2022-12-30,W3,과학기술기반 미래연구사업 ⅩⅣ (2권: 정책연구자를 위한 전략적 미래연구 워크북),机构正式研究,C:\Users\WINDOWS\OneDrive\知识库\智库信息爬虫\国际主要科技智库观点演变_研判\03_证据底稿\原文PDF\C-STEPI-A0203-271.pdf,C:\Users\WINDOWS\OneDrive\知识库\智库信息爬虫\国际主要科技智库观点演变_研判\03_证据底稿\文本\C-STEPI-A0203-271.txt,https://www.stepi.re.kr/site/stepiko/report/View.do?reIdx=271,官方PDF已保存并校验
产业创新、创业与区域体系,科技创新政策与能力基线,C-STEPI-A0203-271,2022-12-30,W3,과학기술기반 미래연구사업 ⅩⅣ (2권: 정책연구자를 위한 전략적 미래연구 워크북),机构正式研究,C:\Users\WINDOWS\OneDrive\知识库\智库信息爬虫\国际主要科技智库观点演变_研判\03_证据底稿\原文PDF\C-STEPI-A0203-271.pdf,C:\Users\WINDOWS\OneDrive\知识库\智库信息爬虫\国际主要科技智库观点演变_研判\03_证据底稿\文本\C-STEPI-A0203-271.txt,https://www.stepi.re.kr/site/stepiko/report/View.do?reIdx=271,官方PDF已保存并校验
科技前瞻与未来社会,科技创新政策与能力基线,C-STEPI-A0203-271,2022-12-30,W3,과학기술기반 미래연구사업 ⅩⅣ (2권: 정책연구자를 위한 전략적 미래연구 워크북),机构正式研究,C:\Users\WINDOWS\OneDrive\知识库\智库信息爬虫\国际主要科技智库观点演变_研判\03_证据底稿\原文PDF\C-STEPI-A0203-271.pdf,C:\Users\WINDOWS\OneDrive\知识库\智库信息爬虫\国际主要科技智库观点演变_研判\03_证据底稿\文本\C-STEPI-A0203-271.txt,https://www.stepi.re.kr/site/stepiko/report/View.do?reIdx=271,官方PDF已保存并校验
人工智能、数据与数字技术,科技创新政策与能力基线,C-STEPI-A0203-272,2022-12-30,W3,과학기술기반 미래연구사업 ⅩⅣ (3권: 미래의 사회가치와 혁신정책 이슈),机构正式研究,C:\Users\WINDOWS\OneDrive\知识库\智库信息爬虫\国际主要科技智库观点演变_研判\03_证据底稿\原文PDF\C-STEPI-A0203-272.pdf,C:\Users\WINDOWS\OneDrive\知识库\智库信息爬虫\国际主要科技智库观点演变_研判\03_证据底稿\文本\C-STEPI-A0203-272.txt,https://www.stepi.re.kr/site/stepiko/report/View.do?reIdx=272,官方PDF已保存并校验
生命科学、生物技术与健康,科技创新政策与能力基线,C-STEPI-A0203-272,2022-12-30,W3,과학기술기반 미래연구사업 ⅩⅣ (3권: 미래의 사회가치와 혁신정책 이슈),机构正式研究,C:\Users\WINDOWS\OneDrive\知识库\智库信息爬虫\国际主要科技智库观点演变_研判\03_证据底稿\原文PDF\C-STEPI-A0203-272.pdf,C:\Users\WINDOWS\OneDrive\知识库\智库信息爬虫\国际主要科技智库观点演变_研判\03_证据底稿\文本\C-STEPI-A0203-272.txt,https://www.stepi.re.kr/site/stepiko/report/View.do?reIdx=272,官方PDF已保存并校验
科研体系、研发投入与评价,科技创新政策与能力基线,C-STEPI-A0203-272,2022-12-30,W3,과학기술기반 미래연구사업 ⅩⅣ (3권: 미래의 사회가치와 혁신정책 이슈),机构正式研究,C:\Users\WINDOWS\OneDrive\知识库\智库信息爬虫\国际主要科技智库观点演变_研判\03_证据底稿\原文PDF\C-STEPI-A0203-272.pdf,C:\Users\WINDOWS\OneDrive\知识库\智库信息爬虫\国际主要科技智库观点演变_研判\03_证据底稿\文本\C-STEPI-A0203-272.txt,https://www.stepi.re.kr/site/stepiko/report/View.do?reIdx=272,官方PDF已保存并校验
科技人才、大学与知识流动,科技创新政策与能力基线,C-STEPI-A0203-272,2022-12-30,W3,과학기술기반 미래연구사업 ⅩⅣ (3권: 미래의 사회가치와 혁신정책 이슈),机构正式研究,C:\Users\WINDOWS\OneDrive\知识库\智库信息爬虫\国际主要科技智库观点演变_研判\03_证据底稿\原文PDF\C-STEPI-A0203-272.pdf,C:\Users\WINDOWS\OneDrive\知识库\智库信息爬虫\国际主要科技智库观点演变_研判\03_证据底稿\文本\C-STEPI-A0203-272.txt,https://www.stepi.re.kr/site/stepiko/report/View.do?reIdx=272,官方PDF已保存并校验
产业创新、创业与区域体系,科技创新政策与能力基线,C-STEPI-A0203-272,2022-12-30,W3,과학기술기반 미래연구사업 ⅩⅣ (3권: 미래의 사회가치와 혁신정책 이슈),机构正式研究,C:\Users\WINDOWS\OneDrive\知识库\智库信息爬虫\国际主要科技智库观点演变_研判\03_证据底稿\原文PDF\C-STEPI-A0203-272.pdf,C:\Users\WINDOWS\OneDrive\知识库\智库信息爬虫\国际主要科技智库观点演变_研判\03_证据底稿\文本\C-STEPI-A0203-272.txt,https://www.stepi.re.kr/site/stepiko/report/View.do?reIdx=272,官方PDF已保存并校验
科技前瞻与未来社会,科技创新政策与能力基线,C-STEPI-A0203-272,2022-12-30,W3,과학기술기반 미래연구사업 ⅩⅣ (3권: 미래의 사회가치와 혁신정책 이슈),机构正式研究,C:\Users\WINDOWS\OneDrive\知识库\智库信息爬虫\国际主要科技智库观点演变_研判\03_证据底稿\原文PDF\C-STEPI-A0203-272.pdf,C:\Users\WINDOWS\OneDrive\知识库\智库信息爬虫\国际主要科技智库观点演变_研判\03_证据底稿\文本\C-STEPI-A0203-272.txt,https://www.stepi.re.kr/site/stepiko/report/View.do?reIdx=272,官方PDF已保存并校验
人工智能、数据与数字技术,科技创新政策与能力基线,C-STEPI-A0203-273,2022-12-30,W3,과학기술기반 미래연구사업 ⅩⅣ (4권: 과학기술 혁신성과의 사회전달체계 혁신방안 연구),机构正式研究,C:\Users\WINDOWS\OneDrive\知识库\智库信息爬虫\国际主要科技智库观点演变_研判\03_证据底稿\原文PDF\C-STEPI-A0203-273.pdf,C:\Users\WINDOWS\OneDrive\知识库\智库信息爬虫\国际主要科技智库观点演变_研判\03_证据底稿\文本\C-STEPI-A0203-273.txt,https://www.stepi.re.kr/site/stepiko/report/View.do?reIdx=273,官方PDF已保存并校验
生命科学、生物技术与健康,科技创新政策与能力基线,C-STEPI-A0203-273,2022-12-30,W3,과학기술기반 미래연구사업 ⅩⅣ (4권: 과학기술 혁신성과의 사회전달체계 혁신방안 연구),机构正式研究,C:\Users\WINDOWS\OneDrive\知识库\智库信息爬虫\国际主要科技智库观点演变_研判\03_证据底稿\原文PDF\C-STEPI-A0203-273.pdf,C:\Users\WINDOWS\OneDrive\知识库\智库信息爬虫\国际主要科技智库观点演变_研判\03_证据底稿\文本\C-STEPI-A0203-273.txt,https://www.stepi.re.kr/site/stepiko/report/View.do?reIdx=273,官方PDF已保存并校验
科研体系、研发投入与评价,科技创新政策与能力基线,C-STEPI-A0203-273,2022-12-30,W3,과학기술기반 미래연구사업 ⅩⅣ (4권: 과학기술 혁신성과의 사회전달체계 혁신방안 연구),机构正式研究,C:\Users\WINDOWS\OneDrive\知识库\智库信息爬虫\国际主要科技智库观点演变_研判\03_证据底稿\原文PDF\C-STEPI-A0203-273.pdf,C:\Users\WINDOWS\OneDrive\知识库\智库信息爬虫\国际主要科技智库观点演变_研判\03_证据底稿\文本\C-STEPI-A0203-273.txt,https://www.stepi.re.kr/site/stepiko/report/View.do?reIdx=273,官方PDF已保存并校验
产业创新、创业与区域体系,科技创新政策与能力基线,C-STEPI-A0203-273,2022-12-30,W3,과학기술기반 미래연구사업 ⅩⅣ (4권: 과학기술 혁신성과의 사회전달체계 혁신방안 연구),机构正式研究,C:\Users\WINDOWS\OneDrive\知识库\智库信息爬虫\国际主要科技智库观点演变_研判\03_证据底稿\原文PDF\C-STEPI-A0203-273.pdf,C:\Users\WINDOWS\OneDrive\知识库\智库信息爬虫\国际主要科技智库观点演变_研判\03_证据底稿\文本\C-STEPI-A0203-273.txt,https://www.stepi.re.kr/site/stepiko/report/View.do?reIdx=273,官方PDF已保存并校验
科技前瞻与未来社会,科技创新政策与能力基线,C-STEPI-A0203-273,2022-12-30,W3,과학기술기반 미래연구사업 ⅩⅣ (4권: 과학기술 혁신성과의 사회전달체계 혁신방안 연구),机构正式研究,C:\Users\WINDOWS\OneDrive\知识库\智库信息爬虫\国际主要科技智库观点演变_研判\03_证据底稿\原文PDF\C-STEPI-A0203-273.pdf,C:\Users\WINDOWS\OneDrive\知识库\智库信息爬虫\国际主要科技智库观点演变_研判\03_证据底稿\文本\C-STEPI-A0203-273.txt,https://www.stepi.re.kr/site/stepiko/report/View.do?reIdx=273,官方PDF已保存并校验
人工智能、数据与数字技术,科技创新政策与能力基线,C-STEPI-A0203-274,2022-12-30,W3,과학기술기반 미래연구사업 ⅩⅣ (5권: 기술과 사회적 문제가 야기하는 미래전망),机构正式研究,C:\Users\WINDOWS\OneDrive\知识库\智库信息爬虫\国际主要科技智库观点演变_研判\03_证据底稿\原文PDF\C-STEPI-A0203-274.pdf,C:\Users\WINDOWS\OneDrive\知识库\智库信息爬虫\国际主要科技智库观点演变_研判\03_证据底稿\文本\C-STEPI-A0203-274.txt,https://www.stepi.re.kr/site/stepiko/report/View.do?reIdx=274,官方PDF已保存并校验
能源、气候与绿色转型,科技创新政策与能力基线,C-STEPI-A0203-274,2022-12-30,W3,과학기술기반 미래연구사업 ⅩⅣ (5권: 기술과 사회적 문제가 야기하는 미래전망),机构正式研究,C:\Users\WINDOWS\OneDrive\知识库\智库信息爬虫\国际主要科技智库观点演变_研判\03_证据底稿\原文PDF\C-STEPI-A0203-274.pdf,C:\Users\WINDOWS\OneDrive\知识库\智库信息爬虫\国际主要科技智库观点演变_研判\03_证据底稿\文本\C-STEPI-A0203-274.txt,https://www.stepi.re.kr/site/stepiko/report/View.do?reIdx=274,官方PDF已保存并校验
科研体系、研发投入与评价,科技创新政策与能力基线,C-STEPI-A0203-274,2022-12-30,W3,과학기술기반 미래연구사업 ⅩⅣ (5권: 기술과 사회적 문제가 야기하는 미래전망),机构正式研究,C:\Users\WINDOWS\OneDrive\知识库\智库信息爬虫\国际主要科技智库观点演变_研判\03_证据底稿\原文PDF\C-STEPI-A0203-274.pdf,C:\Users\WINDOWS\OneDrive\知识库\智库信息爬虫\国际主要科技智库观点演变_研判\03_证据底稿\文本\C-STEPI-A0203-274.txt,https://www.stepi.re.kr/site/stepiko/report/View.do?reIdx=274,官方PDF已保存并校验
科技前瞻与未来社会,科技创新政策与能力基线,C-STEPI-A0203-274,2022-12-30,W3,과학기술기반 미래연구사업 ⅩⅣ (5권: 기술과 사회적 문제가 야기하는 미래전망),机构正式研究,C:\Users\WINDOWS\OneDrive\知识库\智库信息爬虫\国际主要科技智库观点演变_研判\03_证据底稿\原文PDF\C-STEPI-A0203-274.pdf,C:\Users\WINDOWS\OneDrive\知识库\智库信息爬虫\国际主要科技智库观点演变_研判\03_证据底稿\文本\C-STEPI-A0203-274.txt,https://www.stepi.re.kr/site/stepiko/report/View.do?reIdx=274,官方PDF已保存并校验
人工智能、数据与数字技术,核心科技直接材料,C-STEPI-A0203-275,2022-11-30,W3,증거기반 R&D 정책연구를 위한 STI 통합데이터 구축·관리·활용 연구,机构正式研究,C:\Users\WINDOWS\OneDrive\知识库\智库信息爬虫\国际主要科技智库观点演变_研判\03_证据底稿\原文PDF\C-STEPI-A0203-275.pdf,C:\Users\WINDOWS\OneDrive\知识库\智库信息爬虫\国际主要科技智库观点演变_研判\03_证据底稿\文本\C-STEPI-A0203-275.txt,https://www.stepi.re.kr/site/stepiko/report/View.do?reIdx=275,官方PDF已保存并校验
科研体系、研发投入与评价,核心科技直接材料,C-STEPI-A0203-275,2022-11-30,W3,증거기반 R&D 정책연구를 위한 STI 통합데이터 구축·관리·활용 연구,机构正式研究,C:\Users\WINDOWS\OneDrive\知识库\智库信息爬虫\国际主要科技智库观点演变_研判\03_证据底稿\原文PDF\C-STEPI-A0203-275.pdf,C:\Users\WINDOWS\OneDrive\知识库\智库信息爬虫\国际主要科技智库观点演变_研判\03_证据底稿\文本\C-STEPI-A0203-275.txt,https://www.stepi.re.kr/site/stepiko/report/View.do?reIdx=275,官方PDF已保存并校验
科技人才、大学与知识流动,核心科技直接材料,C-STEPI-A0203-275,2022-11-30,W3,증거기반 R&D 정책연구를 위한 STI 통합데이터 구축·관리·활용 연구,机构正式研究,C:\Users\WINDOWS\OneDrive\知识库\智库信息爬虫\国际主要科技智库观点演变_研判\03_证据底稿\原文PDF\C-STEPI-A0203-275.pdf,C:\Users\WINDOWS\OneDrive\知识库\智库信息爬虫\国际主要科技智库观点演变_研判\03_证据底稿\文本\C-STEPI-A0203-275.txt,https://www.stepi.re.kr/site/stepiko/report/View.do?reIdx=275,官方PDF已保存并校验
产业创新、创业与区域体系,核心科技直接材料,C-STEPI-A0203-275,2022-11-30,W3,증거기반 R&D 정책연구를 위한 STI 통합데이터 구축·관리·활용 연구,机构正式研究,C:\Users\WINDOWS\OneDrive\知识库\智库信息爬虫\国际主要科技智库观点演变_研判\03_证据底稿\原文PDF\C-STEPI-A0203-275.pdf,C:\Users\WINDOWS\OneDrive\知识库\智库信息爬虫\国际主要科技智库观点演变_研判\03_证据底稿\文本\C-STEPI-A0203-275.txt,https://www.stepi.re.kr/site/stepiko/report/View.do?reIdx=275,官方PDF已保存并校验
人工智能、数据与数字技术,科技创新政策与能力基线,C-STEPI-A0203-276,2022-11-30,W3,정부 R&D 지원의 임계규모와 역효과 분석: 수혜 기업 성과에 미치는 영향,机构正式研究,C:\Users\WINDOWS\OneDrive\知识库\智库信息爬虫\国际主要科技智库观点演变_研判\03_证据底稿\原文PDF\C-STEPI-A0203-276.pdf,C:\Users\WINDOWS\OneDrive\知识库\智库信息爬虫\国际主要科技智库观点演变_研判\03_证据底稿\文本\C-STEPI-A0203-276.txt,https://www.stepi.re.kr/site/stepiko/report/View.do?reIdx=276,官方PDF已保存并校验
半导体、量子与战略技术,科技创新政策与能力基线,C-STEPI-A0203-276,2022-11-30,W3,정부 R&D 지원의 임계규모와 역효과 분석: 수혜 기업 성과에 미치는 영향,机构正式研究,C:\Users\WINDOWS\OneDrive\知识库\智库信息爬虫\国际主要科技智库观点演变_研判\03_证据底稿\原文PDF\C-STEPI-A0203-276.pdf,C:\Users\WINDOWS\OneDrive\知识库\智库信息爬虫\国际主要科技智库观点演变_研判\03_证据底稿\文本\C-STEPI-A0203-276.txt,https://www.stepi.re.kr/site/stepiko/report/View.do?reIdx=276,官方PDF已保存并校验
科研体系、研发投入与评价,科技创新政策与能力基线,C-STEPI-A0203-276,2022-11-30,W3,정부 R&D 지원의 임계규모와 역효과 분석: 수혜 기업 성과에 미치는 영향,机构正式研究,C:\Users\WINDOWS\OneDrive\知识库\智库信息爬虫\国际主要科技智库观点演变_研判\03_证据底稿\原文PDF\C-STEPI-A0203-276.pdf,C:\Users\WINDOWS\OneDrive\知识库\智库信息爬虫\国际主要科技智库观点演变_研判\03_证据底稿\文本\C-STEPI-A0203-276.txt,https://www.stepi.re.kr/site/stepiko/report/View.do?reIdx=276,官方PDF已保存并校验
科技人才、大学与知识流动,科技创新政策与能力基线,C-STEPI-A0203-276,2022-11-30,W3,정부 R&D 지원의 임계규모와 역효과 분석: 수혜 기업 성과에 미치는 영향,机构正式研究,C:\Users\WINDOWS\OneDrive\知识库\智库信息爬虫\国际主要科技智库观点演变_研判\03_证据底稿\原文PDF\C-STEPI-A0203-276.pdf,C:\Users\WINDOWS\OneDrive\知识库\智库信息爬虫\国际主要科技智库观点演变_研判\03_证据底稿\文本\C-STEPI-A0203-276.txt,https://www.stepi.re.kr/site/stepiko/report/View.do?reIdx=276,官方PDF已保存并校验
产业创新、创业与区域体系,科技创新政策与能力基线,C-STEPI-A0203-276,2022-11-30,W3,정부 R&D 지원의 임계규모와 역효과 분석: 수혜 기업 성과에 미치는 영향,机构正式研究,C:\Users\WINDOWS\OneDrive\知识库\智库信息爬虫\国际主要科技智库观点演变_研判\03_证据底稿\原文PDF\C-STEPI-A0203-276.pdf,C:\Users\WINDOWS\OneDrive\知识库\智库信息爬虫\国际主要科技智库观点演变_研判\03_证据底稿\文本\C-STEPI-A0203-276.txt,https://www.stepi.re.kr/site/stepiko/report/View.do?reIdx=276,官方PDF已保存并校验
人工智能、数据与数字技术,科技创新政策与能力基线,C-STEPI-A0203-277,2022-11-30,W3,정부R&D 수행 이력 분석을 통한 대학 연구자 성장경로 모형 개발 연구,机构正式研究,C:\Users\WINDOWS\OneDrive\知识库\智库信息爬虫\国际主要科技智库观点演变_研判\03_证据底稿\原文PDF\C-STEPI-A0203-277.pdf,C:\Users\WINDOWS\OneDrive\知识库\智库信息爬虫\国际主要科技智库观点演变_研判\03_证据底稿\文本\C-STEPI-A0203-277.txt,https://www.stepi.re.kr/site/stepiko/report/View.do?reIdx=277,官方PDF已保存并校验
半导体、量子与战略技术,科技创新政策与能力基线,C-STEPI-A0203-277,2022-11-30,W3,정부R&D 수행 이력 분석을 통한 대학 연구자 성장경로 모형 개발 연구,机构正式研究,C:\Users\WINDOWS\OneDrive\知识库\智库信息爬虫\国际主要科技智库观点演变_研判\03_证据底稿\原文PDF\C-STEPI-A0203-277.pdf,C:\Users\WINDOWS\OneDrive\知识库\智库信息爬虫\国际主要科技智库观点演变_研判\03_证据底稿\文本\C-STEPI-A0203-277.txt,https://www.stepi.re.kr/site/stepiko/report/View.do?reIdx=277,官方PDF已保存并校验
科研体系、研发投入与评价,科技创新政策与能力基线,C-STEPI-A0203-277,2022-11-30,W3,정부R&D 수행 이력 분석을 통한 대학 연구자 성장경로 모형 개발 연구,机构正式研究,C:\Users\WINDOWS\OneDrive\知识库\智库信息爬虫\国际主要科技智库观点演变_研判\03_证据底稿\原文PDF\C-STEPI-A0203-277.pdf,C:\Users\WINDOWS\OneDrive\知识库\智库信息爬虫\国际主要科技智库观点演变_研判\03_证据底稿\文本\C-STEPI-A0203-277.txt,https://www.stepi.re.kr/site/stepiko/report/View.do?reIdx=277,官方PDF已保存并校验
科技人才、大学与知识流动,科技创新政策与能力基线,C-STEPI-A0203-277,2022-11-30,W3,정부R&D 수행 이력 분석을 통한 대학 연구자 성장경로 모형 개발 연구,机构正式研究,C:\Users\WINDOWS\OneDrive\知识库\智库信息爬虫\国际主要科技智库观点演变_研判\03_证据底稿\原文PDF\C-STEPI-A0203-277.pdf,C:\Users\WINDOWS\OneDrive\知识库\智库信息爬虫\国际主要科技智库观点演变_研判\03_证据底稿\文本\C-STEPI-A0203-277.txt,https://www.stepi.re.kr/site/stepiko/report/View.do?reIdx=277,官方PDF已保存并校验
科技前瞻与未来社会,科技创新政策与能力基线,C-STEPI-A0203-277,2022-11-30,W3,정부R&D 수행 이력 분석을 통한 대학 연구자 성장경로 모형 개발 연구,机构正式研究,C:\Users\WINDOWS\OneDrive\知识库\智库信息爬虫\国际主要科技智库观点演变_研判\03_证据底稿\原文PDF\C-STEPI-A0203-277.pdf,C:\Users\WINDOWS\OneDrive\知识库\智库信息爬虫\国际主要科技智库观点演变_研判\03_证据底稿\文本\C-STEPI-A0203-277.txt,https://www.stepi.re.kr/site/stepiko/report/View.do?reIdx=277,官方PDF已保存并校验
能源、气候与绿色转型,科技创新政策与能力基线,C-STEPI-A0203-278,2022-11-30,W3,"""문제해결""지향의 연구개발사업에서 나타나는 과학기술-인문사회 협업 실태고찰 및 개선방안 모색",机构正式研究,C:\Users\WINDOWS\OneDrive\知识库\智库信息爬虫\国际主要科技智库观点演变_研判\03_证据底稿\原文PDF\C-STEPI-A0203-278.pdf,C:\Users\WINDOWS\OneDrive\知识库\智库信息爬虫\国际主要科技智库观点演变_研判\03_证据底稿\文本\C-STEPI-A0203-278.txt,https://www.stepi.re.kr/site/stepiko/report/View.do?reIdx=278,官方PDF已保存并校验
科研体系、研发投入与评价,科技创新政策与能力基线,C-STEPI-A0203-278,2022-11-30,W3,"""문제해결""지향의 연구개발사업에서 나타나는 과학기술-인문사회 협업 실태고찰 및 개선방안 모색",机构正式研究,C:\Users\WINDOWS\OneDrive\知识库\智库信息爬虫\国际主要科技智库观点演变_研判\03_证据底稿\原文PDF\C-STEPI-A0203-278.pdf,C:\Users\WINDOWS\OneDrive\知识库\智库信息爬虫\国际主要科技智库观点演变_研判\03_证据底稿\文本\C-STEPI-A0203-278.txt,https://www.stepi.re.kr/site/stepiko/report/View.do?reIdx=278,官方PDF已保存并校验
科技人才、大学与知识流动,科技创新政策与能力基线,C-STEPI-A0203-278,2022-11-30,W3,"""문제해결""지향의 연구개발사업에서 나타나는 과학기술-인문사회 협업 실태고찰 및 개선방안 모색",机构正式研究,C:\Users\WINDOWS\OneDrive\知识库\智库信息爬虫\国际主要科技智库观点演变_研判\03_证据底稿\原文PDF\C-STEPI-A0203-278.pdf,C:\Users\WINDOWS\OneDrive\知识库\智库信息爬虫\国际主要科技智库观点演变_研判\03_证据底稿\文本\C-STEPI-A0203-278.txt,https://www.stepi.re.kr/site/stepiko/report/View.do?reIdx=278,官方PDF已保存并校验
产业创新、创业与区域体系,科技创新政策与能力基线,C-STEPI-A0203-278,2022-11-30,W3,"""문제해결""지향의 연구개발사업에서 나타나는 과학기술-인문사회 협업 실태고찰 및 개선방안 모색",机构正式研究,C:\Users\WINDOWS\OneDrive\知识库\智库信息爬虫\国际主要科技智库观点演变_研判\03_证据底稿\原文PDF\C-STEPI-A0203-278.pdf,C:\Users\WINDOWS\OneDrive\知识库\智库信息爬虫\国际主要科技智库观点演变_研判\03_证据底稿\文本\C-STEPI-A0203-278.txt,https://www.stepi.re.kr/site/stepiko/report/View.do?reIdx=278,官方PDF已保存并校验
科技前瞻与未来社会,科技创新政策与能力基线,C-STEPI-A0203-278,2022-11-30,W3,"""문제해결""지향의 연구개발사업에서 나타나는 과학기술-인문사회 협업 실태고찰 및 개선방안 모색",机构正式研究,C:\Users\WINDOWS\OneDrive\知识库\智库信息爬虫\国际主要科技智库观点演变_研判\03_证据底稿\原文PDF\C-STEPI-A0203-278.pdf,C:\Users\WINDOWS\OneDrive\知识库\智库信息爬虫\国际主要科技智库观点演变_研判\03_证据底稿\文本\C-STEPI-A0203-278.txt,https://www.stepi.re.kr/site/stepiko/report/View.do?reIdx=278,官方PDF已保存并校验
人工智能、数据与数字技术,科技创新政策与能力基线,C-STEPI-A0203-279,2022-11-30,W3,혁신에 대한 공간 영향분석과 활용방안 연구 - 사회적 인프라로서 창업 지원 공간과 커뮤니티의 효과 -,机构正式研究,C:\Users\WINDOWS\OneDrive\知识库\智库信息爬虫\国际主要科技智库观点演变_研判\03_证据底稿\原文PDF\C-STEPI-A0203-279.pdf,C:\Users\WINDOWS\OneDrive\知识库\智库信息爬虫\国际主要科技智库观点演变_研判\03_证据底稿\文本\C-STEPI-A0203-279.txt,https://www.stepi.re.kr/site/stepiko/report/View.do?reIdx=279,官方PDF已保存并校验
科研体系、研发投入与评价,科技创新政策与能力基线,C-STEPI-A0203-279,2022-11-30,W3,혁신에 대한 공간 영향분석과 활용방안 연구 - 사회적 인프라로서 창업 지원 공간과 커뮤니티의 효과 -,机构正式研究,C:\Users\WINDOWS\OneDrive\知识库\智库信息爬虫\国际主要科技智库观点演变_研判\03_证据底稿\原文PDF\C-STEPI-A0203-279.pdf,C:\Users\WINDOWS\OneDrive\知识库\智库信息爬虫\国际主要科技智库观点演变_研判\03_证据底稿\文本\C-STEPI-A0203-279.txt,https://www.stepi.re.kr/site/stepiko/report/View.do?reIdx=279,官方PDF已保存并校验
产业创新、创业与区域体系,科技创新政策与能力基线,C-STEPI-A0203-279,2022-11-30,W3,혁신에 대한 공간 영향분석과 활용방안 연구 - 사회적 인프라로서 창업 지원 공간과 커뮤니티의 효과 -,机构正式研究,C:\Users\WINDOWS\OneDrive\知识库\智库信息爬虫\国际主要科技智库观点演变_研判\03_证据底稿\原文PDF\C-STEPI-A0203-279.pdf,C:\Users\WINDOWS\OneDrive\知识库\智库信息爬虫\国际主要科技智库观点演变_研判\03_证据底稿\文本\C-STEPI-A0203-279.txt,https://www.stepi.re.kr/site/stepiko/report/View.do?reIdx=279,官方PDF已保存并校验
科技前瞻与未来社会,科技创新政策与能力基线,C-STEPI-A0203-279,2022-11-30,W3,혁신에 대한 공간 영향분석과 활용방안 연구 - 사회적 인프라로서 창업 지원 공간과 커뮤니티의 효과 -,机构正式研究,C:\Users\WINDOWS\OneDrive\知识库\智库信息爬虫\国际主要科技智库观点演变_研判\03_证据底稿\原文PDF\C-STEPI-A0203-279.pdf,C:\Users\WINDOWS\OneDrive\知识库\智库信息爬虫\国际主要科技智库观点演变_研判\03_证据底稿\文本\C-STEPI-A0203-279.txt,https://www.stepi.re.kr/site/stepiko/report/View.do?reIdx=279,官方PDF已保存并校验
中国科技与国际比较,科技创新政策与能力基线,C-STEPI-A0203-280,2022-11-30,W3,글로벌 연구생태계에서의 안보와 자율성 충돌 - 해외 사례 분석-,机构正式研究,C:\Users\WINDOWS\OneDrive\知识库\智库信息爬虫\国际主要科技智库观点演变_研判\03_证据底稿\原文PDF\C-STEPI-A0203-280.pdf,C:\Users\WINDOWS\OneDrive\知识库\智库信息爬虫\国际主要科技智库观点演变_研判\03_证据底稿\文本\C-STEPI-A0203-280.txt,https://www.stepi.re.kr/site/stepiko/report/View.do?reIdx=280,官方PDF已保存并校验
半导体、量子与战略技术,科技创新政策与能力基线,C-STEPI-A0203-280,2022-11-30,W3,글로벌 연구생태계에서의 안보와 자율성 충돌 - 해외 사례 분석-,机构正式研究,C:\Users\WINDOWS\OneDrive\知识库\智库信息爬虫\国际主要科技智库观点演变_研判\03_证据底稿\原文PDF\C-STEPI-A0203-280.pdf,C:\Users\WINDOWS\OneDrive\知识库\智库信息爬虫\国际主要科技智库观点演变_研判\03_证据底稿\文本\C-STEPI-A0203-280.txt,https://www.stepi.re.kr/site/stepiko/report/View.do?reIdx=280,官方PDF已保存并校验
科研体系、研发投入与评价,科技创新政策与能力基线,C-STEPI-A0203-280,2022-11-30,W3,글로벌 연구생태계에서의 안보와 자율성 충돌 - 해외 사례 분석-,机构正式研究,C:\Users\WINDOWS\OneDrive\知识库\智库信息爬虫\国际主要科技智库观点演变_研判\03_证据底稿\原文PDF\C-STEPI-A0203-280.pdf,C:\Users\WINDOWS\OneDrive\知识库\智库信息爬虫\国际主要科技智库观点演变_研判\03_证据底稿\文本\C-STEPI-A0203-280.txt,https://www.stepi.re.kr/site/stepiko/report/View.do?reIdx=280,官方PDF已保存并校验
科技人才、大学与知识流动,科技创新政策与能力基线,C-STEPI-A0203-280,2022-11-30,W3,글로벌 연구생태계에서의 안보와 자율성 충돌 - 해외 사례 분석-,机构正式研究,C:\Users\WINDOWS\OneDrive\知识库\智库信息爬虫\国际主要科技智库观点演变_研判\03_证据底稿\原文PDF\C-STEPI-A0203-280.pdf,C:\Users\WINDOWS\OneDrive\知识库\智库信息爬虫\国际主要科技智库观点演变_研判\03_证据底稿\文本\C-STEPI-A0203-280.txt,https://www.stepi.re.kr/site/stepiko/report/View.do?reIdx=280,官方PDF已保存并校验
技术安全、供应链与国际合作,科技创新政策与能力基线,C-STEPI-A0203-280,2022-11-30,W3,글로벌 연구생태계에서의 안보와 자율성 충돌 - 해외 사례 분석-,机构正式研究,C:\Users\WINDOWS\OneDrive\知识库\智库信息爬虫\国际主要科技智库观点演变_研判\03_证据底稿\原文PDF\C-STEPI-A0203-280.pdf,C:\Users\WINDOWS\OneDrive\知识库\智库信息爬虫\国际主要科技智库观点演变_研判\03_证据底稿\文本\C-STEPI-A0203-280.txt,https://www.stepi.re.kr/site/stepiko/report/View.do?reIdx=280,官方PDF已保存并校验
科技前瞻与未来社会,科技创新政策与能力基线,C-STEPI-A0203-280,2022-11-30,W3,글로벌 연구생태계에서의 안보와 자율성 충돌 - 해외 사례 분석-,机构正式研究,C:\Users\WINDOWS\OneDrive\知识库\智库信息爬虫\国际主要科技智库观点演变_研判\03_证据底稿\原文PDF\C-STEPI-A0203-280.pdf,C:\Users\WINDOWS\OneDrive\知识库\智库信息爬虫\国际主要科技智库观点演变_研判\03_证据底稿\文本\C-STEPI-A0203-280.txt,https://www.stepi.re.kr/site/stepiko/report/View.do?reIdx=280,官方PDF已保存并校验
人工智能、数据与数字技术,科技创新政策与能力基线,C-STEPI-A0203-281,2022-11-30,W3,청년과학자 초기경력 불안정성 진단과 대응,机构正式研究,C:\Users\WINDOWS\OneDrive\知识库\智库信息爬虫\国际主要科技智库观点演变_研判\03_证据底稿\原文PDF\C-STEPI-A0203-281.pdf,C:\Users\WINDOWS\OneDrive\知识库\智库信息爬虫\国际主要科技智库观点演变_研判\03_证据底稿\文本\C-STEPI-A0203-281.txt,https://www.stepi.re.kr/site/stepiko/report/View.do?reIdx=281,官方PDF已保存并校验
科研体系、研发投入与评价,科技创新政策与能力基线,C-STEPI-A0203-281,2022-11-30,W3,청년과학자 초기경력 불안정성 진단과 대응,机构正式研究,C:\Users\WINDOWS\OneDrive\知识库\智库信息爬虫\国际主要科技智库观点演变_研判\03_证据底稿\原文PDF\C-STEPI-A0203-281.pdf,C:\Users\WINDOWS\OneDrive\知识库\智库信息爬虫\国际主要科技智库观点演变_研判\03_证据底稿\文本\C-STEPI-A0203-281.txt,https://www.stepi.re.kr/site/stepiko/report/View.do?reIdx=281,官方PDF已保存并校验
科技人才、大学与知识流动,科技创新政策与能力基线,C-STEPI-A0203-281,2022-11-30,W3,청년과학자 초기경력 불안정성 진단과 대응,机构正式研究,C:\Users\WINDOWS\OneDrive\知识库\智库信息爬虫\国际主要科技智库观点演变_研判\03_证据底稿\原文PDF\C-STEPI-A0203-281.pdf,C:\Users\WINDOWS\OneDrive\知识库\智库信息爬虫\国际主要科技智库观点演变_研判\03_证据底稿\文本\C-STEPI-A0203-281.txt,https://www.stepi.re.kr/site/stepiko/report/View.do?reIdx=281,官方PDF已保存并校验
产业创新、创业与区域体系,科技创新政策与能力基线,C-STEPI-A0203-281,2022-11-30,W3,청년과학자 초기경력 불안정성 진단과 대응,机构正式研究,C:\Users\WINDOWS\OneDrive\知识库\智库信息爬虫\国际主要科技智库观点演变_研判\03_证据底稿\原文PDF\C-STEPI-A0203-281.pdf,C:\Users\WINDOWS\OneDrive\知识库\智库信息爬虫\国际主要科技智库观点演变_研判\03_证据底稿\文本\C-STEPI-A0203-281.txt,https://www.stepi.re.kr/site/stepiko/report/View.do?reIdx=281,官方PDF已保存并校验
科技前瞻与未来社会,科技创新政策与能力基线,C-STEPI-A0203-281,2022-11-30,W3,청년과학자 초기경력 불안정성 진단과 대응,机构正式研究,C:\Users\WINDOWS\OneDrive\知识库\智库信息爬虫\国际主要科技智库观点演变_研判\03_证据底稿\原文PDF\C-STEPI-A0203-281.pdf,C:\Users\WINDOWS\OneDrive\知识库\智库信息爬虫\国际主要科技智库观点演变_研判\03_证据底稿\文本\C-STEPI-A0203-281.txt,https://www.stepi.re.kr/site/stepiko/report/View.do?reIdx=281,官方PDF已保存并校验
科研体系、研发投入与评价,科技创新政策与能力基线,C-STEPI-A0203-283,2022-12-30,W3,혁신창업 및 기업가정신 생태계 모니터링 사업(8차년도)(1권: 2022년 혁신창업생태계 대시보드),机构正式研究,C:\Users\WINDOWS\OneDrive\知识库\智库信息爬虫\国际主要科技智库观点演变_研判\03_证据底稿\原文PDF\C-STEPI-A0203-283.pdf,C:\Users\WINDOWS\OneDrive\知识库\智库信息爬虫\国际主要科技智库观点演变_研判\03_证据底稿\文本\C-STEPI-A0203-283.txt,https://www.stepi.re.kr/site/stepiko/report/View.do?reIdx=283,官方PDF已保存并校验
科技人才、大学与知识流动,科技创新政策与能力基线,C-STEPI-A0203-283,2022-12-30,W3,혁신창업 및 기업가정신 생태계 모니터링 사업(8차년도)(1권: 2022년 혁신창업생태계 대시보드),机构正式研究,C:\Users\WINDOWS\OneDrive\知识库\智库信息爬虫\国际主要科技智库观点演变_研判\03_证据底稿\原文PDF\C-STEPI-A0203-283.pdf,C:\Users\WINDOWS\OneDrive\知识库\智库信息爬虫\国际主要科技智库观点演变_研判\03_证据底稿\文本\C-STEPI-A0203-283.txt,https://www.stepi.re.kr/site/stepiko/report/View.do?reIdx=283,官方PDF已保存并校验
产业创新、创业与区域体系,科技创新政策与能力基线,C-STEPI-A0203-283,2022-12-30,W3,혁신창업 및 기업가정신 생태계 모니터링 사업(8차년도)(1권: 2022년 혁신창업생태계 대시보드),机构正式研究,C:\Users\WINDOWS\OneDrive\知识库\智库信息爬虫\国际主要科技智库观点演变_研判\03_证据底稿\原文PDF\C-STEPI-A0203-283.pdf,C:\Users\WINDOWS\OneDrive\知识库\智库信息爬虫\国际主要科技智库观点演变_研判\03_证据底稿\文本\C-STEPI-A0203-283.txt,https://www.stepi.re.kr/site/stepiko/report/View.do?reIdx=283,官方PDF已保存并校验
人工智能、数据与数字技术,科技创新政策与能力基线,C-STEPI-A0203-284,2022-12-30,W3,혁신창업 및 기업가정신 생태계 모니터링 사업(8차년도)(2권: 혁신창업 활성화 및 창업생태계 발전방안),机构正式研究,C:\Users\WINDOWS\OneDrive\知识库\智库信息爬虫\国际主要科技智库观点演变_研判\03_证据底稿\原文PDF\C-STEPI-A0203-284.pdf,C:\Users\WINDOWS\OneDrive\知识库\智库信息爬虫\国际主要科技智库观点演变_研判\03_证据底稿\文本\C-STEPI-A0203-284.txt,https://www.stepi.re.kr/site/stepiko/report/View.do?reIdx=284,官方PDF已保存并校验
生命科学、生物技术与健康,科技创新政策与能力基线,C-STEPI-A0203-284,2022-12-30,W3,혁신창업 및 기업가정신 생태계 모니터링 사업(8차년도)(2권: 혁신창업 활성화 및 창업생태계 발전방안),机构正式研究,C:\Users\WINDOWS\OneDrive\知识库\智库信息爬虫\国际主要科技智库观点演变_研判\03_证据底稿\原文PDF\C-STEPI-A0203-284.pdf,C:\Users\WINDOWS\OneDrive\知识库\智库信息爬虫\国际主要科技智库观点演变_研判\03_证据底稿\文本\C-STEPI-A0203-284.txt,https://www.stepi.re.kr/site/stepiko/report/View.do?reIdx=284,官方PDF已保存并校验
科研体系、研发投入与评价,科技创新政策与能力基线,C-STEPI-A0203-284,2022-12-30,W3,혁신창업 및 기업가정신 생태계 모니터링 사업(8차년도)(2권: 혁신창업 활성화 및 창업생태계 발전방안),机构正式研究,C:\Users\WINDOWS\OneDrive\知识库\智库信息爬虫\国际主要科技智库观点演变_研判\03_证据底稿\原文PDF\C-STEPI-A0203-284.pdf,C:\Users\WINDOWS\OneDrive\知识库\智库信息爬虫\国际主要科技智库观点演变_研判\03_证据底稿\文本\C-STEPI-A0203-284.txt,https://www.stepi.re.kr/site/stepiko/report/View.do?reIdx=284,官方PDF已保存并校验
科技人才、大学与知识流动,科技创新政策与能力基线,C-STEPI-A0203-284,2022-12-30,W3,혁신창업 및 기업가정신 생태계 모니터링 사업(8차년도)(2권: 혁신창업 활성화 및 창업생태계 발전방안),机构正式研究,C:\Users\WINDOWS\OneDrive\知识库\智库信息爬虫\国际主要科技智库观点演变_研判\03_证据底稿\原文PDF\C-STEPI-A0203-284.pdf,C:\Users\WINDOWS\OneDrive\知识库\智库信息爬虫\国际主要科技智库观点演变_研判\03_证据底稿\文本\C-STEPI-A0203-284.txt,https://www.stepi.re.kr/site/stepiko/report/View.do?reIdx=284,官方PDF已保存并校验
产业创新、创业与区域体系,科技创新政策与能力基线,C-STEPI-A0203-284,2022-12-30,W3,혁신창업 및 기업가정신 생태계 모니터링 사업(8차년도)(2권: 혁신창업 활성화 및 창업생태계 발전방안),机构正式研究,C:\Users\WINDOWS\OneDrive\知识库\智库信息爬虫\国际主要科技智库观点演变_研判\03_证据底稿\原文PDF\C-STEPI-A0203-284.pdf,C:\Users\WINDOWS\OneDrive\知识库\智库信息爬虫\国际主要科技智库观点演变_研判\03_证据底稿\文本\C-STEPI-A0203-284.txt,https://www.stepi.re.kr/site/stepiko/report/View.do?reIdx=284,官方PDF已保存并校验
半导体、量子与战略技术,核心科技直接材料,C-STEPI-A0203-285,2022-12-30,W3,국가 기술안보 전략 연구: 미국의 기술패권 전략을 중심으로,机构正式研究,C:\Users\WINDOWS\OneDrive\知识库\智库信息爬虫\国际主要科技智库观点演变_研判\03_证据底稿\原文PDF\C-STEPI-A0203-285.pdf,C:\Users\WINDOWS\OneDrive\知识库\智库信息爬虫\国际主要科技智库观点演变_研判\03_证据底稿\文本\C-STEPI-A0203-285.txt,https://www.stepi.re.kr/site/stepiko/report/View.do?reIdx=285,官方PDF已保存并校验
能源、气候与绿色转型,核心科技直接材料,C-STEPI-A0203-285,2022-12-30,W3,국가 기술안보 전략 연구: 미국의 기술패권 전략을 중심으로,机构正式研究,C:\Users\WINDOWS\OneDrive\知识库\智库信息爬虫\国际主要科技智库观点演变_研判\03_证据底稿\原文PDF\C-STEPI-A0203-285.pdf,C:\Users\WINDOWS\OneDrive\知识库\智库信息爬虫\国际主要科技智库观点演变_研判\03_证据底稿\文本\C-STEPI-A0203-285.txt,https://www.stepi.re.kr/site/stepiko/report/View.do?reIdx=285,官方PDF已保存并校验
科研体系、研发投入与评价,核心科技直接材料,C-STEPI-A0203-285,2022-12-30,W3,국가 기술안보 전략 연구: 미국의 기술패권 전략을 중심으로,机构正式研究,C:\Users\WINDOWS\OneDrive\知识库\智库信息爬虫\国际主要科技智库观点演变_研判\03_证据底稿\原文PDF\C-STEPI-A0203-285.pdf,C:\Users\WINDOWS\OneDrive\知识库\智库信息爬虫\国际主要科技智库观点演变_研判\03_证据底稿\文本\C-STEPI-A0203-285.txt,https://www.stepi.re.kr/site/stepiko/report/View.do?reIdx=285,官方PDF已保存并校验
科技人才、大学与知识流动,核心科技直接材料,C-STEPI-A0203-285,2022-12-30,W3,국가 기술안보 전략 연구: 미국의 기술패권 전략을 중심으로,机构正式研究,C:\Users\WINDOWS\OneDrive\知识库\智库信息爬虫\国际主要科技智库观点演变_研判\03_证据底稿\原文PDF\C-STEPI-A0203-285.pdf,C:\Users\WINDOWS\OneDrive\知识库\智库信息爬虫\国际主要科技智库观点演变_研判\03_证据底稿\文本\C-STEPI-A0203-285.txt,https://www.stepi.re.kr/site/stepiko/report/View.do?reIdx=285,官方PDF已保存并校验
产业创新、创业与区域体系,核心科技直接材料,C-STEPI-A0203-285,2022-12-30,W3,국가 기술안보 전략 연구: 미국의 기술패권 전략을 중심으로,机构正式研究,C:\Users\WINDOWS\OneDrive\知识库\智库信息爬虫\国际主要科技智库观点演变_研判\03_证据底稿\原文PDF\C-STEPI-A0203-285.pdf,C:\Users\WINDOWS\OneDrive\知识库\智库信息爬虫\国际主要科技智库观点演变_研判\03_证据底稿\文本\C-STEPI-A0203-285.txt,https://www.stepi.re.kr/site/stepiko/report/View.do?reIdx=285,官方PDF已保存并校验
技术安全、供应链与国际合作,核心科技直接材料,C-STEPI-A0203-285,2022-12-30,W3,국가 기술안보 전략 연구: 미국의 기술패권 전략을 중심으로,机构正式研究,C:\Users\WINDOWS\OneDrive\知识库\智库信息爬虫\国际主要科技智库观点演变_研判\03_证据底稿\原文PDF\C-STEPI-A0203-285.pdf,C:\Users\WINDOWS\OneDrive\知识库\智库信息爬虫\国际主要科技智库观点演变_研判\03_证据底稿\文本\C-STEPI-A0203-285.txt,https://www.stepi.re.kr/site/stepiko/report/View.do?reIdx=285,官方PDF已保存并校验
科技前瞻与未来社会,核心科技直接材料,C-STEPI-A0203-285,2022-12-30,W3,국가 기술안보 전략 연구: 미국의 기술패권 전략을 중심으로,机构正式研究,C:\Users\WINDOWS\OneDrive\知识库\智库信息爬虫\国际主要科技智库观点演变_研判\03_证据底稿\原文PDF\C-STEPI-A0203-285.pdf,C:\Users\WINDOWS\OneDrive\知识库\智库信息爬虫\国际主要科技智库观点演变_研判\03_证据底稿\文本\C-STEPI-A0203-285.txt,https://www.stepi.re.kr/site/stepiko/report/View.do?reIdx=285,官方PDF已保存并校验
人工智能、数据与数字技术,科技创新政策与能力基线,C-STEPI-A0203-286,2022-12-30,W3,2022년 한국기업혁신조사: 제조업 부문,机构正式研究,C:\Users\WINDOWS\OneDrive\知识库\智库信息爬虫\国际主要科技智库观点演变_研判\03_证据底稿\原文PDF\C-STEPI-A0203-286.pdf,C:\Users\WINDOWS\OneDrive\知识库\智库信息爬虫\国际主要科技智库观点演变_研判\03_证据底稿\文本\C-STEPI-A0203-286.txt,https://www.stepi.re.kr/site/stepiko/report/View.do?reIdx=286,官方PDF已保存并校验
能源、气候与绿色转型,科技创新政策与能力基线,C-STEPI-A0203-286,2022-12-30,W3,2022년 한국기업혁신조사: 제조업 부문,机构正式研究,C:\Users\WINDOWS\OneDrive\知识库\智库信息爬虫\国际主要科技智库观点演变_研判\03_证据底稿\原文PDF\C-STEPI-A0203-286.pdf,C:\Users\WINDOWS\OneDrive\知识库\智库信息爬虫\国际主要科技智库观点演变_研判\03_证据底稿\文本\C-STEPI-A0203-286.txt,https://www.stepi.re.kr/site/stepiko/report/View.do?reIdx=286,官方PDF已保存并校验
科研体系、研发投入与评价,科技创新政策与能力基线,C-STEPI-A0203-286,2022-12-30,W3,2022년 한국기업혁신조사: 제조업 부문,机构正式研究,C:\Users\WINDOWS\OneDrive\知识库\智库信息爬虫\国际主要科技智库观点演变_研判\03_证据底稿\原文PDF\C-STEPI-A0203-286.pdf,C:\Users\WINDOWS\OneDrive\知识库\智库信息爬虫\国际主要科技智库观点演变_研判\03_证据底稿\文本\C-STEPI-A0203-286.txt,https://www.stepi.re.kr/site/stepiko/report/View.do?reIdx=286,官方PDF已保存并校验
科技人才、大学与知识流动,科技创新政策与能力基线,C-STEPI-A0203-286,2022-12-30,W3,2022년 한국기업혁신조사: 제조업 부문,机构正式研究,C:\Users\WINDOWS\OneDrive\知识库\智库信息爬虫\国际主要科技智库观点演变_研判\03_证据底稿\原文PDF\C-STEPI-A0203-286.pdf,C:\Users\WINDOWS\OneDrive\知识库\智库信息爬虫\国际主要科技智库观点演变_研判\03_证据底稿\文本\C-STEPI-A0203-286.txt,https://www.stepi.re.kr/site/stepiko/report/View.do?reIdx=286,官方PDF已保存并校验
产业创新、创业与区域体系,科技创新政策与能力基线,C-STEPI-A0203-286,2022-12-30,W3,2022년 한국기업혁신조사: 제조업 부문,机构正式研究,C:\Users\WINDOWS\OneDrive\知识库\智库信息爬虫\国际主要科技智库观点演变_研判\03_证据底稿\原文PDF\C-STEPI-A0203-286.pdf,C:\Users\WINDOWS\OneDrive\知识库\智库信息爬虫\国际主要科技智库观点演变_研判\03_证据底稿\文本\C-STEPI-A0203-286.txt,https://www.stepi.re.kr/site/stepiko/report/View.do?reIdx=286,官方PDF已保存并校验
科研体系、研发投入与评价,科技创新政策与能力基线,C-STEPI-A0203-299,2023-11-30,W3,코리아 R&D 패러독스에 관한 실증적 접근,机构正式研究,C:\Users\WINDOWS\OneDrive\知识库\智库信息爬虫\国际主要科技智库观点演变_研判\03_证据底稿\原文PDF\C-STEPI-A0203-299.pdf,C:\Users\WINDOWS\OneDrive\知识库\智库信息爬虫\国际主要科技智库观点演变_研判\03_证据底稿\文本\C-STEPI-A0203-299.txt,https://www.stepi.re.kr/site/stepiko/report/View.do?reIdx=299,官方PDF已保存并校验
科技人才、大学与知识流动,科技创新政策与能力基线,C-STEPI-A0203-299,2023-11-30,W3,코리아 R&D 패러독스에 관한 실증적 접근,机构正式研究,C:\Users\WINDOWS\OneDrive\知识库\智库信息爬虫\国际主要科技智库观点演变_研判\03_证据底稿\原文PDF\C-STEPI-A0203-299.pdf,C:\Users\WINDOWS\OneDrive\知识库\智库信息爬虫\国际主要科技智库观点演变_研判\03_证据底稿\文本\C-STEPI-A0203-299.txt,https://www.stepi.re.kr/site/stepiko/report/View.do?reIdx=299,官方PDF已保存并校验
产业创新、创业与区域体系,科技创新政策与能力基线,C-STEPI-A0203-299,2023-11-30,W3,코리아 R&D 패러독스에 관한 실증적 접근,机构正式研究,C:\Users\WINDOWS\OneDrive\知识库\智库信息爬虫\国际主要科技智库观点演变_研判\03_证据底稿\原文PDF\C-STEPI-A0203-299.pdf,C:\Users\WINDOWS\OneDrive\知识库\智库信息爬虫\国际主要科技智库观点演变_研判\03_证据底稿\文本\C-STEPI-A0203-299.txt,https://www.stepi.re.kr/site/stepiko/report/View.do?reIdx=299,官方PDF已保存并校验
科技前瞻与未来社会,科技创新政策与能力基线,C-STEPI-A0203-299,2023-11-30,W3,코리아 R&D 패러독스에 관한 실증적 접근,机构正式研究,C:\Users\WINDOWS\OneDrive\知识库\智库信息爬虫\国际主要科技智库观点演变_研判\03_证据底稿\原文PDF\C-STEPI-A0203-299.pdf,C:\Users\WINDOWS\OneDrive\知识库\智库信息爬虫\国际主要科技智库观点演变_研判\03_证据底稿\文本\C-STEPI-A0203-299.txt,https://www.stepi.re.kr/site/stepiko/report/View.do?reIdx=299,官方PDF已保存并校验
人工智能、数据与数字技术,科技创新政策与能力基线,C-STEPI-A0203-300,2023-11-30,W3,재정건전성을 고려한 국가연구개발 예산 대응방안 모색,机构正式研究,C:\Users\WINDOWS\OneDrive\知识库\智库信息爬虫\国际主要科技智库观点演变_研判\03_证据底稿\原文PDF\C-STEPI-A0203-300.pdf,C:\Users\WINDOWS\OneDrive\知识库\智库信息爬虫\国际主要科技智库观点演变_研判\03_证据底稿\文本\C-STEPI-A0203-300.txt,https://www.stepi.re.kr/site/stepiko/report/View.do?reIdx=300,官方PDF已保存并校验
科研体系、研发投入与评价,科技创新政策与能力基线,C-STEPI-A0203-300,2023-11-30,W3,재정건전성을 고려한 국가연구개발 예산 대응방안 모색,机构正式研究,C:\Users\WINDOWS\OneDrive\知识库\智库信息爬虫\国际主要科技智库观点演变_研判\03_证据底稿\原文PDF\C-STEPI-A0203-300.pdf,C:\Users\WINDOWS\OneDrive\知识库\智库信息爬虫\国际主要科技智库观点演变_研判\03_证据底稿\文本\C-STEPI-A0203-300.txt,https://www.stepi.re.kr/site/stepiko/report/View.do?reIdx=300,官方PDF已保存并校验
科技人才、大学与知识流动,科技创新政策与能力基线,C-STEPI-A0203-300,2023-11-30,W3,재정건전성을 고려한 국가연구개발 예산 대응방안 모색,机构正式研究,C:\Users\WINDOWS\OneDrive\知识库\智库信息爬虫\国际主要科技智库观点演变_研判\03_证据底稿\原文PDF\C-STEPI-A0203-300.pdf,C:\Users\WINDOWS\OneDrive\知识库\智库信息爬虫\国际主要科技智库观点演变_研判\03_证据底稿\文本\C-STEPI-A0203-300.txt,https://www.stepi.re.kr/site/stepiko/report/View.do?reIdx=300,官方PDF已保存并校验
产业创新、创业与区域体系,科技创新政策与能力基线,C-STEPI-A0203-300,2023-11-30,W3,재정건전성을 고려한 국가연구개발 예산 대응방안 모색,机构正式研究,C:\Users\WINDOWS\OneDrive\知识库\智库信息爬虫\国际主要科技智库观点演变_研判\03_证据底稿\原文PDF\C-STEPI-A0203-300.pdf,C:\Users\WINDOWS\OneDrive\知识库\智库信息爬虫\国际主要科技智库观点演变_研判\03_证据底稿\文本\C-STEPI-A0203-300.txt,https://www.stepi.re.kr/site/stepiko/report/View.do?reIdx=300,官方PDF已保存并校验
科技前瞻与未来社会,科技创新政策与能力基线,C-STEPI-A0203-300,2023-11-30,W3,재정건전성을 고려한 국가연구개발 예산 대응방안 모색,机构正式研究,C:\Users\WINDOWS\OneDrive\知识库\智库信息爬虫\国际主要科技智库观点演变_研判\03_证据底稿\原文PDF\C-STEPI-A0203-300.pdf,C:\Users\WINDOWS\OneDrive\知识库\智库信息爬虫\国际主要科技智库观点演变_研判\03_证据底稿\文本\C-STEPI-A0203-300.txt,https://www.stepi.re.kr/site/stepiko/report/View.do?reIdx=300,官方PDF已保存并校验
人工智能、数据与数字技术,科技创新政策与能力基线,C-STEPI-A0203-301,2023-11-30,W3,대학 이공계 연구조직의 현황 및 유형별 역할 모색,机构正式研究,C:\Users\WINDOWS\OneDrive\知识库\智库信息爬虫\国际主要科技智库观点演变_研判\03_证据底稿\原文PDF\C-STEPI-A0203-301.pdf,C:\Users\WINDOWS\OneDrive\知识库\智库信息爬虫\国际主要科技智库观点演变_研判\03_证据底稿\文本\C-STEPI-A0203-301.txt,https://www.stepi.re.kr/site/stepiko/report/View.do?reIdx=301,官方PDF已保存并校验
生命科学、生物技术与健康,科技创新政策与能力基线,C-STEPI-A0203-301,2023-11-30,W3,대학 이공계 연구조직의 현황 및 유형별 역할 모색,机构正式研究,C:\Users\WINDOWS\OneDrive\知识库\智库信息爬虫\国际主要科技智库观点演变_研判\03_证据底稿\原文PDF\C-STEPI-A0203-301.pdf,C:\Users\WINDOWS\OneDrive\知识库\智库信息爬虫\国际主要科技智库观点演变_研判\03_证据底稿\文本\C-STEPI-A0203-301.txt,https://www.stepi.re.kr/site/stepiko/report/View.do?reIdx=301,官方PDF已保存并校验
科研体系、研发投入与评价,科技创新政策与能力基线,C-STEPI-A0203-301,2023-11-30,W3,대학 이공계 연구조직의 현황 및 유형별 역할 모색,机构正式研究,C:\Users\WINDOWS\OneDrive\知识库\智库信息爬虫\国际主要科技智库观点演变_研判\03_证据底稿\原文PDF\C-STEPI-A0203-301.pdf,C:\Users\WINDOWS\OneDrive\知识库\智库信息爬虫\国际主要科技智库观点演变_研判\03_证据底稿\文本\C-STEPI-A0203-301.txt,https://www.stepi.re.kr/site/stepiko/report/View.do?reIdx=301,官方PDF已保存并校验
科技人才、大学与知识流动,科技创新政策与能力基线,C-STEPI-A0203-301,2023-11-30,W3,대학 이공계 연구조직의 현황 및 유형별 역할 모색,机构正式研究,C:\Users\WINDOWS\OneDrive\知识库\智库信息爬虫\国际主要科技智库观点演变_研判\03_证据底稿\原文PDF\C-STEPI-A0203-301.pdf,C:\Users\WINDOWS\OneDrive\知识库\智库信息爬虫\国际主要科技智库观点演变_研判\03_证据底稿\文本\C-STEPI-A0203-301.txt,https://www.stepi.re.kr/site/stepiko/report/View.do?reIdx=301,官方PDF已保存并校验
产业创新、创业与区域体系,科技创新政策与能力基线,C-STEPI-A0203-301,2023-11-30,W3,대학 이공계 연구조직의 현황 및 유형별 역할 모색,机构正式研究,C:\Users\WINDOWS\OneDrive\知识库\智库信息爬虫\国际主要科技智库观点演变_研判\03_证据底稿\原文PDF\C-STEPI-A0203-301.pdf,C:\Users\WINDOWS\OneDrive\知识库\智库信息爬虫\国际主要科技智库观点演变_研判\03_证据底稿\文本\C-STEPI-A0203-301.txt,https://www.stepi.re.kr/site/stepiko/report/View.do?reIdx=301,官方PDF已保存并校验
科技前瞻与未来社会,科技创新政策与能力基线,C-STEPI-A0203-301,2023-11-30,W3,대학 이공계 연구조직의 현황 및 유형별 역할 모색,机构正式研究,C:\Users\WINDOWS\OneDrive\知识库\智库信息爬虫\国际主要科技智库观点演变_研判\03_证据底稿\原文PDF\C-STEPI-A0203-301.pdf,C:\Users\WINDOWS\OneDrive\知识库\智库信息爬虫\国际主要科技智库观点演变_研判\03_证据底稿\文本\C-STEPI-A0203-301.txt,https://www.stepi.re.kr/site/stepiko/report/View.do?reIdx=301,官方PDF已保存并校验
人工智能、数据与数字技术,科技创新政策与能力基线,C-STEPI-A0203-302,2023-11-30,W3,민간주도 R&D 지원을 위한 석사연구원 양성 방향 연구,机构正式研究,C:\Users\WINDOWS\OneDrive\知识库\智库信息爬虫\国际主要科技智库观点演变_研判\03_证据底稿\原文PDF\C-STEPI-A0203-302.pdf,C:\Users\WINDOWS\OneDrive\知识库\智库信息爬虫\国际主要科技智库观点演变_研判\03_证据底稿\文本\C-STEPI-A0203-302.txt,https://www.stepi.re.kr/site/stepiko/report/View.do?reIdx=302,官方PDF已保存并校验
科研体系、研发投入与评价,科技创新政策与能力基线,C-STEPI-A0203-302,2023-11-30,W3,민간주도 R&D 지원을 위한 석사연구원 양성 방향 연구,机构正式研究,C:\Users\WINDOWS\OneDrive\知识库\智库信息爬虫\国际主要科技智库观点演变_研判\03_证据底稿\原文PDF\C-STEPI-A0203-302.pdf,C:\Users\WINDOWS\OneDrive\知识库\智库信息爬虫\国际主要科技智库观点演变_研判\03_证据底稿\文本\C-STEPI-A0203-302.txt,https://www.stepi.re.kr/site/stepiko/report/View.do?reIdx=302,官方PDF已保存并校验
科技人才、大学与知识流动,科技创新政策与能力基线,C-STEPI-A0203-302,2023-11-30,W3,민간주도 R&D 지원을 위한 석사연구원 양성 방향 연구,机构正式研究,C:\Users\WINDOWS\OneDrive\知识库\智库信息爬虫\国际主要科技智库观点演变_研判\03_证据底稿\原文PDF\C-STEPI-A0203-302.pdf,C:\Users\WINDOWS\OneDrive\知识库\智库信息爬虫\国际主要科技智库观点演变_研判\03_证据底稿\文本\C-STEPI-A0203-302.txt,https://www.stepi.re.kr/site/stepiko/report/View.do?reIdx=302,官方PDF已保存并校验
产业创新、创业与区域体系,科技创新政策与能力基线,C-STEPI-A0203-302,2023-11-30,W3,민간주도 R&D 지원을 위한 석사연구원 양성 방향 연구,机构正式研究,C:\Users\WINDOWS\OneDrive\知识库\智库信息爬虫\国际主要科技智库观点演变_研判\03_证据底稿\原文PDF\C-STEPI-A0203-302.pdf,C:\Users\WINDOWS\OneDrive\知识库\智库信息爬虫\国际主要科技智库观点演变_研判\03_证据底稿\文本\C-STEPI-A0203-302.txt,https://www.stepi.re.kr/site/stepiko/report/View.do?reIdx=302,官方PDF已保存并校验
科技前瞻与未来社会,科技创新政策与能力基线,C-STEPI-A0203-302,2023-11-30,W3,민간주도 R&D 지원을 위한 석사연구원 양성 방향 연구,机构正式研究,C:\Users\WINDOWS\OneDrive\知识库\智库信息爬虫\国际主要科技智库观点演变_研判\03_证据底稿\原文PDF\C-STEPI-A0203-302.pdf,C:\Users\WINDOWS\OneDrive\知识库\智库信息爬虫\国际主要科技智库观点演变_研判\03_证据底稿\文本\C-STEPI-A0203-302.txt,https://www.stepi.re.kr/site/stepiko/report/View.do?reIdx=302,官方PDF已保存并校验
人工智能、数据与数字技术,科技创新政策与能力基线,C-STEPI-A0203-303,2023-11-30,W3,R&D 투자가 노동 및 자본 생산성에 미치는 영향,机构正式研究,C:\Users\WINDOWS\OneDrive\知识库\智库信息爬虫\国际主要科技智库观点演变_研判\03_证据底稿\原文PDF\C-STEPI-A0203-303.pdf,C:\Users\WINDOWS\OneDrive\知识库\智库信息爬虫\国际主要科技智库观点演变_研判\03_证据底稿\文本\C-STEPI-A0203-303.txt,https://www.stepi.re.kr/site/stepiko/report/View.do?reIdx=303,官方PDF已保存并校验
科研体系、研发投入与评价,科技创新政策与能力基线,C-STEPI-A0203-303,2023-11-30,W3,R&D 투자가 노동 및 자본 생산성에 미치는 영향,机构正式研究,C:\Users\WINDOWS\OneDrive\知识库\智库信息爬虫\国际主要科技智库观点演变_研判\03_证据底稿\原文PDF\C-STEPI-A0203-303.pdf,C:\Users\WINDOWS\OneDrive\知识库\智库信息爬虫\国际主要科技智库观点演变_研判\03_证据底稿\文本\C-STEPI-A0203-303.txt,https://www.stepi.re.kr/site/stepiko/report/View.do?reIdx=303,官方PDF已保存并校验
科技人才、大学与知识流动,科技创新政策与能力基线,C-STEPI-A0203-303,2023-11-30,W3,R&D 투자가 노동 및 자본 생산성에 미치는 영향,机构正式研究,C:\Users\WINDOWS\OneDrive\知识库\智库信息爬虫\国际主要科技智库观点演变_研判\03_证据底稿\原文PDF\C-STEPI-A0203-303.pdf,C:\Users\WINDOWS\OneDrive\知识库\智库信息爬虫\国际主要科技智库观点演变_研判\03_证据底稿\文本\C-STEPI-A0203-303.txt,https://www.stepi.re.kr/site/stepiko/report/View.do?reIdx=303,官方PDF已保存并校验
产业创新、创业与区域体系,科技创新政策与能力基线,C-STEPI-A0203-303,2023-11-30,W3,R&D 투자가 노동 및 자본 생산성에 미치는 영향,机构正式研究,C:\Users\WINDOWS\OneDrive\知识库\智库信息爬虫\国际主要科技智库观点演变_研判\03_证据底稿\原文PDF\C-STEPI-A0203-303.pdf,C:\Users\WINDOWS\OneDrive\知识库\智库信息爬虫\国际主要科技智库观点演变_研判\03_证据底稿\文本\C-STEPI-A0203-303.txt,https://www.stepi.re.kr/site/stepiko/report/View.do?reIdx=303,官方PDF已保存并校验
半导体、量子与战略技术,科技创新政策与能力基线,C-STEPI-A0203-304,2023-11-30,W3,지역주도 과학기술혁신 기반 국가혁신성장 개념 연구,机构正式研究,C:\Users\WINDOWS\OneDrive\知识库\智库信息爬虫\国际主要科技智库观点演变_研判\03_证据底稿\原文PDF\C-STEPI-A0203-304.pdf,C:\Users\WINDOWS\OneDrive\知识库\智库信息爬虫\国际主要科技智库观点演变_研判\03_证据底稿\文本\C-STEPI-A0203-304.txt,https://www.stepi.re.kr/site/stepiko/report/View.do?reIdx=304,官方PDF已保存并校验
科研体系、研发投入与评价,科技创新政策与能力基线,C-STEPI-A0203-304,2023-11-30,W3,지역주도 과학기술혁신 기반 국가혁신성장 개념 연구,机构正式研究,C:\Users\WINDOWS\OneDrive\知识库\智库信息爬虫\国际主要科技智库观点演变_研判\03_证据底稿\原文PDF\C-STEPI-A0203-304.pdf,C:\Users\WINDOWS\OneDrive\知识库\智库信息爬虫\国际主要科技智库观点演变_研判\03_证据底稿\文本\C-STEPI-A0203-304.txt,https://www.stepi.re.kr/site/stepiko/report/View.do?reIdx=304,官方PDF已保存并校验
科技人才、大学与知识流动,科技创新政策与能力基线,C-STEPI-A0203-304,2023-11-30,W3,지역주도 과학기술혁신 기반 국가혁신성장 개념 연구,机构正式研究,C:\Users\WINDOWS\OneDrive\知识库\智库信息爬虫\国际主要科技智库观点演变_研判\03_证据底稿\原文PDF\C-STEPI-A0203-304.pdf,C:\Users\WINDOWS\OneDrive\知识库\智库信息爬虫\国际主要科技智库观点演变_研判\03_证据底稿\文本\C-STEPI-A0203-304.txt,https://www.stepi.re.kr/site/stepiko/report/View.do?reIdx=304,官方PDF已保存并校验
产业创新、创业与区域体系,科技创新政策与能力基线,C-STEPI-A0203-304,2023-11-30,W3,지역주도 과학기술혁신 기반 국가혁신성장 개념 연구,机构正式研究,C:\Users\WINDOWS\OneDrive\知识库\智库信息爬虫\国际主要科技智库观点演变_研判\03_证据底稿\原文PDF\C-STEPI-A0203-304.pdf,C:\Users\WINDOWS\OneDrive\知识库\智库信息爬虫\国际主要科技智库观点演变_研判\03_证据底稿\文本\C-STEPI-A0203-304.txt,https://www.stepi.re.kr/site/stepiko/report/View.do?reIdx=304,官方PDF已保存并校验
科技前瞻与未来社会,科技创新政策与能力基线,C-STEPI-A0203-304,2023-11-30,W3,지역주도 과학기술혁신 기반 국가혁신성장 개념 연구,机构正式研究,C:\Users\WINDOWS\OneDrive\知识库\智库信息爬虫\国际主要科技智库观点演变_研判\03_证据底稿\原文PDF\C-STEPI-A0203-304.pdf,C:\Users\WINDOWS\OneDrive\知识库\智库信息爬虫\国际主要科技智库观点演变_研判\03_证据底稿\文本\C-STEPI-A0203-304.txt,https://www.stepi.re.kr/site/stepiko/report/View.do?reIdx=304,官方PDF已保存并校验
科研体系、研发投入与评价,科技创新政策与能力基线,C-STEPI-A0203-305,2023-11-30,W3,한국의 과학기술혁신정책 특성과 개발협력 자문 가이드라인 모색,机构正式研究,C:\Users\WINDOWS\OneDrive\知识库\智库信息爬虫\国际主要科技智库观点演变_研判\03_证据底稿\原文PDF\C-STEPI-A0203-305.pdf,C:\Users\WINDOWS\OneDrive\知识库\智库信息爬虫\国际主要科技智库观点演变_研判\03_证据底稿\文本\C-STEPI-A0203-305.txt,https://www.stepi.re.kr/site/stepiko/report/View.do?reIdx=305,官方PDF已保存并校验
产业创新、创业与区域体系,科技创新政策与能力基线,C-STEPI-A0203-305,2023-11-30,W3,한국의 과학기술혁신정책 특성과 개발협력 자문 가이드라인 모색,机构正式研究,C:\Users\WINDOWS\OneDrive\知识库\智库信息爬虫\国际主要科技智库观点演变_研判\03_证据底稿\原文PDF\C-STEPI-A0203-305.pdf,C:\Users\WINDOWS\OneDrive\知识库\智库信息爬虫\国际主要科技智库观点演变_研判\03_证据底稿\文本\C-STEPI-A0203-305.txt,https://www.stepi.re.kr/site/stepiko/report/View.do?reIdx=305,官方PDF已保存并校验
科技前瞻与未来社会,科技创新政策与能力基线,C-STEPI-A0203-305,2023-11-30,W3,한국의 과학기술혁신정책 특성과 개발협력 자문 가이드라인 모색,机构正式研究,C:\Users\WINDOWS\OneDrive\知识库\智库信息爬虫\国际主要科技智库观点演变_研判\03_证据底稿\原文PDF\C-STEPI-A0203-305.pdf,C:\Users\WINDOWS\OneDrive\知识库\智库信息爬虫\国际主要科技智库观点演变_研判\03_证据底稿\文本\C-STEPI-A0203-305.txt,https://www.stepi.re.kr/site/stepiko/report/View.do?reIdx=305,官方PDF已保存并校验
人工智能、数据与数字技术,科技创新政策与能力基线,C-STEPI-A0203-306,2023-12-31,W3,2023년 한국기업혁신조사: 서비스업 부문,机构正式研究,C:\Users\WINDOWS\OneDrive\知识库\智库信息爬虫\国际主要科技智库观点演变_研判\03_证据底稿\原文PDF\C-STEPI-A0203-306.pdf,C:\Users\WINDOWS\OneDrive\知识库\智库信息爬虫\国际主要科技智库观点演变_研判\03_证据底稿\文本\C-STEPI-A0203-306.txt,https://www.stepi.re.kr/site/stepiko/report/View.do?reIdx=306,官方PDF已保存并校验
科研体系、研发投入与评价,科技创新政策与能力基线,C-STEPI-A0203-306,2023-12-31,W3,2023년 한국기업혁신조사: 서비스업 부문,机构正式研究,C:\Users\WINDOWS\OneDrive\知识库\智库信息爬虫\国际主要科技智库观点演变_研判\03_证据底稿\原文PDF\C-STEPI-A0203-306.pdf,C:\Users\WINDOWS\OneDrive\知识库\智库信息爬虫\国际主要科技智库观点演变_研判\03_证据底稿\文本\C-STEPI-A0203-306.txt,https://www.stepi.re.kr/site/stepiko/report/View.do?reIdx=306,官方PDF已保存并校验
科技人才、大学与知识流动,科技创新政策与能力基线,C-STEPI-A0203-306,2023-12-31,W3,2023년 한국기업혁신조사: 서비스업 부문,机构正式研究,C:\Users\WINDOWS\OneDrive\知识库\智库信息爬虫\国际主要科技智库观点演变_研判\03_证据底稿\原文PDF\C-STEPI-A0203-306.pdf,C:\Users\WINDOWS\OneDrive\知识库\智库信息爬虫\国际主要科技智库观点演变_研判\03_证据底稿\文本\C-STEPI-A0203-306.txt,https://www.stepi.re.kr/site/stepiko/report/View.do?reIdx=306,官方PDF已保存并校验
产业创新、创业与区域体系,科技创新政策与能力基线,C-STEPI-A0203-306,2023-12-31,W3,2023년 한국기업혁신조사: 서비스업 부문,机构正式研究,C:\Users\WINDOWS\OneDrive\知识库\智库信息爬虫\国际主要科技智库观点演变_研判\03_证据底稿\原文PDF\C-STEPI-A0203-306.pdf,C:\Users\WINDOWS\OneDrive\知识库\智库信息爬虫\国际主要科技智库观点演变_研判\03_证据底稿\文本\C-STEPI-A0203-306.txt,https://www.stepi.re.kr/site/stepiko/report/View.do?reIdx=306,官方PDF已保存并校验
科研体系、研发投入与评价,科技创新政策与能力基线,C-STEPI-A0203-307,2023-12-31,W3,기술혁신 성과지표 분석 및 DB구축사업(18차년도),机构正式研究,C:\Users\WINDOWS\OneDrive\知识库\智库信息爬虫\国际主要科技智库观点演变_研判\03_证据底稿\原文PDF\C-STEPI-A0203-307.pdf,C:\Users\WINDOWS\OneDrive\知识库\智库信息爬虫\国际主要科技智库观点演变_研判\03_证据底稿\文本\C-STEPI-A0203-307.txt,https://www.stepi.re.kr/site/stepiko/report/View.do?reIdx=307,官方PDF已保存并校验
科技人才、大学与知识流动,科技创新政策与能力基线,C-STEPI-A0203-307,2023-12-31,W3,기술혁신 성과지표 분석 및 DB구축사업(18차년도),机构正式研究,C:\Users\WINDOWS\OneDrive\知识库\智库信息爬虫\国际主要科技智库观点演变_研判\03_证据底稿\原文PDF\C-STEPI-A0203-307.pdf,C:\Users\WINDOWS\OneDrive\知识库\智库信息爬虫\国际主要科技智库观点演变_研判\03_证据底稿\文本\C-STEPI-A0203-307.txt,https://www.stepi.re.kr/site/stepiko/report/View.do?reIdx=307,官方PDF已保存并校验
产业创新、创业与区域体系,科技创新政策与能力基线,C-STEPI-A0203-307,2023-12-31,W3,기술혁신 성과지표 분석 및 DB구축사업(18차년도),机构正式研究,C:\Users\WINDOWS\OneDrive\知识库\智库信息爬虫\国际主要科技智库观点演变_研判\03_证据底稿\原文PDF\C-STEPI-A0203-307.pdf,C:\Users\WINDOWS\OneDrive\知识库\智库信息爬虫\国际主要科技智库观点演变_研判\03_证据底稿\文本\C-STEPI-A0203-307.txt,https://www.stepi.re.kr/site/stepiko/report/View.do?reIdx=307,官方PDF已保存并校验
科技前瞻与未来社会,科技创新政策与能力基线,C-STEPI-A0203-307,2023-12-31,W3,기술혁신 성과지표 분석 및 DB구축사업(18차년도),机构正式研究,C:\Users\WINDOWS\OneDrive\知识库\智库信息爬虫\国际主要科技智库观点演变_研判\03_证据底稿\原文PDF\C-STEPI-A0203-307.pdf,C:\Users\WINDOWS\OneDrive\知识库\智库信息爬虫\国际主要科技智库观点演变_研判\03_证据底稿\文本\C-STEPI-A0203-307.txt,https://www.stepi.re.kr/site/stepiko/report/View.do?reIdx=307,官方PDF已保存并校验
人工智能、数据与数字技术,科技创新政策与能力基线,C-STEPI-A0203-308,2023-12-31,W3,과학기술기반 미래연구사업 XV,机构正式研究,C:\Users\WINDOWS\OneDrive\知识库\智库信息爬虫\国际主要科技智库观点演变_研判\03_证据底稿\原文PDF\C-STEPI-A0203-308.pdf,C:\Users\WINDOWS\OneDrive\知识库\智库信息爬虫\国际主要科技智库观点演变_研判\03_证据底稿\文本\C-STEPI-A0203-308.txt,https://www.stepi.re.kr/site/stepiko/report/View.do?reIdx=308,官方PDF已保存并校验
半导体、量子与战略技术,科技创新政策与能力基线,C-STEPI-A0203-308,2023-12-31,W3,과학기술기반 미래연구사업 XV,机构正式研究,C:\Users\WINDOWS\OneDrive\知识库\智库信息爬虫\国际主要科技智库观点演变_研判\03_证据底稿\原文PDF\C-STEPI-A0203-308.pdf,C:\Users\WINDOWS\OneDrive\知识库\智库信息爬虫\国际主要科技智库观点演变_研判\03_证据底稿\文本\C-STEPI-A0203-308.txt,https://www.stepi.re.kr/site/stepiko/report/View.do?reIdx=308,官方PDF已保存并校验
科研体系、研发投入与评价,科技创新政策与能力基线,C-STEPI-A0203-308,2023-12-31,W3,과학기술기반 미래연구사업 XV,机构正式研究,C:\Users\WINDOWS\OneDrive\知识库\智库信息爬虫\国际主要科技智库观点演变_研判\03_证据底稿\原文PDF\C-STEPI-A0203-308.pdf,C:\Users\WINDOWS\OneDrive\知识库\智库信息爬虫\国际主要科技智库观点演变_研判\03_证据底稿\文本\C-STEPI-A0203-308.txt,https://www.stepi.re.kr/site/stepiko/report/View.do?reIdx=308,官方PDF已保存并校验
科技人才、大学与知识流动,科技创新政策与能力基线,C-STEPI-A0203-308,2023-12-31,W3,과학기술기반 미래연구사업 XV,机构正式研究,C:\Users\WINDOWS\OneDrive\知识库\智库信息爬虫\国际主要科技智库观点演变_研判\03_证据底稿\原文PDF\C-STEPI-A0203-308.pdf,C:\Users\WINDOWS\OneDrive\知识库\智库信息爬虫\国际主要科技智库观点演变_研判\03_证据底稿\文本\C-STEPI-A0203-308.txt,https://www.stepi.re.kr/site/stepiko/report/View.do?reIdx=308,官方PDF已保存并校验
产业创新、创业与区域体系,科技创新政策与能力基线,C-STEPI-A0203-308,2023-12-31,W3,과학기술기반 미래연구사업 XV,机构正式研究,C:\Users\WINDOWS\OneDrive\知识库\智库信息爬虫\国际主要科技智库观点演变_研判\03_证据底稿\原文PDF\C-STEPI-A0203-308.pdf,C:\Users\WINDOWS\OneDrive\知识库\智库信息爬虫\国际主要科技智库观点演变_研判\03_证据底稿\文本\C-STEPI-A0203-308.txt,https://www.stepi.re.kr/site/stepiko/report/View.do?reIdx=308,官方PDF已保存并校验
科技前瞻与未来社会,科技创新政策与能力基线,C-STEPI-A0203-308,2023-12-31,W3,과학기술기반 미래연구사업 XV,机构正式研究,C:\Users\WINDOWS\OneDrive\知识库\智库信息爬虫\国际主要科技智库观点演变_研判\03_证据底稿\原文PDF\C-STEPI-A0203-308.pdf,C:\Users\WINDOWS\OneDrive\知识库\智库信息爬虫\国际主要科技智库观点演变_研判\03_证据底稿\文本\C-STEPI-A0203-308.txt,https://www.stepi.re.kr/site/stepiko/report/View.do?reIdx=308,官方PDF已保存并校验
能源、气候与绿色转型,科技创新政策与能力基线,C-STEPI-A0203-311,2023-12-31,W3,국가 난제 해결을 위한 과학기술 관점의 경제·사회 시스템 혁신전략 연구(5차년도) (제1권: 총괄),机构正式研究,C:\Users\WINDOWS\OneDrive\知识库\智库信息爬虫\国际主要科技智库观点演变_研判\03_证据底稿\原文PDF\C-STEPI-A0203-311.pdf,C:\Users\WINDOWS\OneDrive\知识库\智库信息爬虫\国际主要科技智库观点演变_研判\03_证据底稿\文本\C-STEPI-A0203-311.txt,https://www.stepi.re.kr/site/stepiko/report/View.do?reIdx=311,官方PDF已保存并校验
科研体系、研发投入与评价,科技创新政策与能力基线,C-STEPI-A0203-311,2023-12-31,W3,국가 난제 해결을 위한 과학기술 관점의 경제·사회 시스템 혁신전략 연구(5차년도) (제1권: 총괄),机构正式研究,C:\Users\WINDOWS\OneDrive\知识库\智库信息爬虫\国际主要科技智库观点演变_研判\03_证据底稿\原文PDF\C-STEPI-A0203-311.pdf,C:\Users\WINDOWS\OneDrive\知识库\智库信息爬虫\国际主要科技智库观点演变_研判\03_证据底稿\文本\C-STEPI-A0203-311.txt,https://www.stepi.re.kr/site/stepiko/report/View.do?reIdx=311,官方PDF已保存并校验
科技人才、大学与知识流动,科技创新政策与能力基线,C-STEPI-A0203-311,2023-12-31,W3,국가 난제 해결을 위한 과학기술 관점의 경제·사회 시스템 혁신전략 연구(5차년도) (제1권: 총괄),机构正式研究,C:\Users\WINDOWS\OneDrive\知识库\智库信息爬虫\国际主要科技智库观点演变_研判\03_证据底稿\原文PDF\C-STEPI-A0203-311.pdf,C:\Users\WINDOWS\OneDrive\知识库\智库信息爬虫\国际主要科技智库观点演变_研判\03_证据底稿\文本\C-STEPI-A0203-311.txt,https://www.stepi.re.kr/site/stepiko/report/View.do?reIdx=311,官方PDF已保存并校验
产业创新、创业与区域体系,科技创新政策与能力基线,C-STEPI-A0203-311,2023-12-31,W3,국가 난제 해결을 위한 과학기술 관점의 경제·사회 시스템 혁신전략 연구(5차년도) (제1권: 총괄),机构正式研究,C:\Users\WINDOWS\OneDrive\知识库\智库信息爬虫\国际主要科技智库观点演变_研判\03_证据底稿\原文PDF\C-STEPI-A0203-311.pdf,C:\Users\WINDOWS\OneDrive\知识库\智库信息爬虫\国际主要科技智库观点演变_研判\03_证据底稿\文本\C-STEPI-A0203-311.txt,https://www.stepi.re.kr/site/stepiko/report/View.do?reIdx=311,官方PDF已保存并校验
技术安全、供应链与国际合作,科技创新政策与能力基线,C-STEPI-A0203-311,2023-12-31,W3,국가 난제 해결을 위한 과학기술 관점의 경제·사회 시스템 혁신전략 연구(5차년도) (제1권: 총괄),机构正式研究,C:\Users\WINDOWS\OneDrive\知识库\智库信息爬虫\国际主要科技智库观点演变_研判\03_证据底稿\原文PDF\C-STEPI-A0203-311.pdf,C:\Users\WINDOWS\OneDrive\知识库\智库信息爬虫\国际主要科技智库观点演变_研判\03_证据底稿\文本\C-STEPI-A0203-311.txt,https://www.stepi.re.kr/site/stepiko/report/View.do?reIdx=311,官方PDF已保存并校验
人工智能、数据与数字技术,科技创新政策与能力基线,C-STEPI-A0203-312,2023-12-31,W3,국가 난제 해결을 위한 과학기술 관점의 경제·사회 시스템 혁신전략 연구(5차년도) (제2권: 지역난제 해결을 위한 지역 수월성 프로그램 구상),机构正式研究,C:\Users\WINDOWS\OneDrive\知识库\智库信息爬虫\国际主要科技智库观点演变_研判\03_证据底稿\原文PDF\C-STEPI-A0203-312.pdf,C:\Users\WINDOWS\OneDrive\知识库\智库信息爬虫\国际主要科技智库观点演变_研判\03_证据底稿\文本\C-STEPI-A0203-312.txt,https://www.stepi.re.kr/site/stepiko/report/View.do?reIdx=312,官方PDF已保存并校验
能源、气候与绿色转型,科技创新政策与能力基线,C-STEPI-A0203-312,2023-12-31,W3,국가 난제 해결을 위한 과학기술 관점의 경제·사회 시스템 혁신전략 연구(5차년도) (제2권: 지역난제 해결을 위한 지역 수월성 프로그램 구상),机构正式研究,C:\Users\WINDOWS\OneDrive\知识库\智库信息爬虫\国际主要科技智库观点演变_研判\03_证据底稿\原文PDF\C-STEPI-A0203-312.pdf,C:\Users\WINDOWS\OneDrive\知识库\智库信息爬虫\国际主要科技智库观点演变_研判\03_证据底稿\文本\C-STEPI-A0203-312.txt,https://www.stepi.re.kr/site/stepiko/report/View.do?reIdx=312,官方PDF已保存并校验
科研体系、研发投入与评价,科技创新政策与能力基线,C-STEPI-A0203-312,2023-12-31,W3,국가 난제 해결을 위한 과학기술 관점의 경제·사회 시스템 혁신전략 연구(5차년도) (제2권: 지역난제 해결을 위한 지역 수월성 프로그램 구상),机构正式研究,C:\Users\WINDOWS\OneDrive\知识库\智库信息爬虫\国际主要科技智库观点演变_研判\03_证据底稿\原文PDF\C-STEPI-A0203-312.pdf,C:\Users\WINDOWS\OneDrive\知识库\智库信息爬虫\国际主要科技智库观点演变_研判\03_证据底稿\文本\C-STEPI-A0203-312.txt,https://www.stepi.re.kr/site/stepiko/report/View.do?reIdx=312,官方PDF已保存并校验
科技人才、大学与知识流动,科技创新政策与能力基线,C-STEPI-A0203-312,2023-12-31,W3,국가 난제 해결을 위한 과학기술 관점의 경제·사회 시스템 혁신전략 연구(5차년도) (제2권: 지역난제 해결을 위한 지역 수월성 프로그램 구상),机构正式研究,C:\Users\WINDOWS\OneDrive\知识库\智库信息爬虫\国际主要科技智库观点演变_研判\03_证据底稿\原文PDF\C-STEPI-A0203-312.pdf,C:\Users\WINDOWS\OneDrive\知识库\智库信息爬虫\国际主要科技智库观点演变_研判\03_证据底稿\文本\C-STEPI-A0203-312.txt,https://www.stepi.re.kr/site/stepiko/report/View.do?reIdx=312,官方PDF已保存并校验
产业创新、创业与区域体系,科技创新政策与能力基线,C-STEPI-A0203-312,2023-12-31,W3,국가 난제 해결을 위한 과학기술 관점의 경제·사회 시스템 혁신전략 연구(5차년도) (제2권: 지역난제 해결을 위한 지역 수월성 프로그램 구상),机构正式研究,C:\Users\WINDOWS\OneDrive\知识库\智库信息爬虫\国际主要科技智库观点演变_研判\03_证据底稿\原文PDF\C-STEPI-A0203-312.pdf,C:\Users\WINDOWS\OneDrive\知识库\智库信息爬虫\国际主要科技智库观点演变_研判\03_证据底稿\文本\C-STEPI-A0203-312.txt,https://www.stepi.re.kr/site/stepiko/report/View.do?reIdx=312,官方PDF已保存并校验
能源、气候与绿色转型,科技创新政策与能力基线,C-STEPI-A0203-313,2023-12-31,W3,국가 난제 해결을 위한 과학기술 관점의 경제·사회 시스템 혁신전략 연구(5차년도) (제3권: 재난안전 정부대응의 국가 난제 진단 연구),机构正式研究,C:\Users\WINDOWS\OneDrive\知识库\智库信息爬虫\国际主要科技智库观点演变_研判\03_证据底稿\原文PDF\C-STEPI-A0203-313.pdf,C:\Users\WINDOWS\OneDrive\知识库\智库信息爬虫\国际主要科技智库观点演变_研判\03_证据底稿\文本\C-STEPI-A0203-313.txt,https://www.stepi.re.kr/site/stepiko/report/View.do?reIdx=313,官方PDF已保存并校验
科研体系、研发投入与评价,科技创新政策与能力基线,C-STEPI-A0203-313,2023-12-31,W3,국가 난제 해결을 위한 과학기술 관점의 경제·사회 시스템 혁신전략 연구(5차년도) (제3권: 재난안전 정부대응의 국가 난제 진단 연구),机构正式研究,C:\Users\WINDOWS\OneDrive\知识库\智库信息爬虫\国际主要科技智库观点演变_研判\03_证据底稿\原文PDF\C-STEPI-A0203-313.pdf,C:\Users\WINDOWS\OneDrive\知识库\智库信息爬虫\国际主要科技智库观点演变_研判\03_证据底稿\文本\C-STEPI-A0203-313.txt,https://www.stepi.re.kr/site/stepiko/report/View.do?reIdx=313,官方PDF已保存并校验
科技人才、大学与知识流动,科技创新政策与能力基线,C-STEPI-A0203-313,2023-12-31,W3,국가 난제 해결을 위한 과학기술 관점의 경제·사회 시스템 혁신전략 연구(5차년도) (제3권: 재난안전 정부대응의 국가 난제 진단 연구),机构正式研究,C:\Users\WINDOWS\OneDrive\知识库\智库信息爬虫\国际主要科技智库观点演变_研判\03_证据底稿\原文PDF\C-STEPI-A0203-313.pdf,C:\Users\WINDOWS\OneDrive\知识库\智库信息爬虫\国际主要科技智库观点演变_研判\03_证据底稿\文本\C-STEPI-A0203-313.txt,https://www.stepi.re.kr/site/stepiko/report/View.do?reIdx=313,官方PDF已保存并校验
产业创新、创业与区域体系,科技创新政策与能力基线,C-STEPI-A0203-313,2023-12-31,W3,국가 난제 해결을 위한 과학기술 관점의 경제·사회 시스템 혁신전략 연구(5차년도) (제3권: 재난안전 정부대응의 국가 난제 진단 연구),机构正式研究,C:\Users\WINDOWS\OneDrive\知识库\智库信息爬虫\国际主要科技智库观点演变_研判\03_证据底稿\原文PDF\C-STEPI-A0203-313.pdf,C:\Users\WINDOWS\OneDrive\知识库\智库信息爬虫\国际主要科技智库观点演变_研判\03_证据底稿\文本\C-STEPI-A0203-313.txt,https://www.stepi.re.kr/site/stepiko/report/View.do?reIdx=313,官方PDF已保存并校验
能源、气候与绿色转型,科技创新政策与能力基线,C-STEPI-A0203-314,2023-12-31,W3,국가 난제 해결을 위한 과학기술 관점의 경제·사회 시스템 혁신전략 연구(5차년도) (제4권: 에너지 안보 및 전환 국가 난제 진단 연구),机构正式研究,C:\Users\WINDOWS\OneDrive\知识库\智库信息爬虫\国际主要科技智库观点演变_研判\03_证据底稿\原文PDF\C-STEPI-A0203-314.pdf,C:\Users\WINDOWS\OneDrive\知识库\智库信息爬虫\国际主要科技智库观点演变_研判\03_证据底稿\文本\C-STEPI-A0203-314.txt,https://www.stepi.re.kr/site/stepiko/report/View.do?reIdx=314,官方PDF已保存并校验
科研体系、研发投入与评价,科技创新政策与能力基线,C-STEPI-A0203-314,2023-12-31,W3,국가 난제 해결을 위한 과학기술 관점의 경제·사회 시스템 혁신전략 연구(5차년도) (제4권: 에너지 안보 및 전환 국가 난제 진단 연구),机构正式研究,C:\Users\WINDOWS\OneDrive\知识库\智库信息爬虫\国际主要科技智库观点演变_研判\03_证据底稿\原文PDF\C-STEPI-A0203-314.pdf,C:\Users\WINDOWS\OneDrive\知识库\智库信息爬虫\国际主要科技智库观点演变_研判\03_证据底稿\文本\C-STEPI-A0203-314.txt,https://www.stepi.re.kr/site/stepiko/report/View.do?reIdx=314,官方PDF已保存并校验
产业创新、创业与区域体系,科技创新政策与能力基线,C-STEPI-A0203-314,2023-12-31,W3,국가 난제 해결을 위한 과학기술 관점의 경제·사회 시스템 혁신전략 연구(5차년도) (제4권: 에너지 안보 및 전환 국가 난제 진단 연구),机构正式研究,C:\Users\WINDOWS\OneDrive\知识库\智库信息爬虫\国际主要科技智库观点演变_研判\03_证据底稿\原文PDF\C-STEPI-A0203-314.pdf,C:\Users\WINDOWS\OneDrive\知识库\智库信息爬虫\国际主要科技智库观点演变_研判\03_证据底稿\文本\C-STEPI-A0203-314.txt,https://www.stepi.re.kr/site/stepiko/report/View.do?reIdx=314,官方PDF已保存并校验
技术安全、供应链与国际合作,科技创新政策与能力基线,C-STEPI-A0203-314,2023-12-31,W3,국가 난제 해결을 위한 과학기술 관점의 경제·사회 시스템 혁신전략 연구(5차년도) (제4권: 에너지 안보 및 전환 국가 난제 진단 연구),机构正式研究,C:\Users\WINDOWS\OneDrive\知识库\智库信息爬虫\国际主要科技智库观点演变_研判\03_证据底稿\原文PDF\C-STEPI-A0203-314.pdf,C:\Users\WINDOWS\OneDrive\知识库\智库信息爬虫\国际主要科技智库观点演变_研判\03_证据底稿\文本\C-STEPI-A0203-314.txt,https://www.stepi.re.kr/site/stepiko/report/View.do?reIdx=314,官方PDF已保存并校验
半导体、量子与战略技术,科技创新政策与能力基线,C-STEPI-A0203-316,2023-12-31,W3,국가 난제 해결을 위한 과학기술 관점의 경제·사회 시스템 혁신전략 연구(5차년도) (제5권: 혁신 관점의 국가난제 거버넌스),机构正式研究,C:\Users\WINDOWS\OneDrive\知识库\智库信息爬虫\国际主要科技智库观点演变_研判\03_证据底稿\原文PDF\C-STEPI-A0203-316.pdf,C:\Users\WINDOWS\OneDrive\知识库\智库信息爬虫\国际主要科技智库观点演变_研判\03_证据底稿\文本\C-STEPI-A0203-316.txt,https://www.stepi.re.kr/site/stepiko/report/View.do?reIdx=316,官方PDF已保存并校验
能源、气候与绿色转型,科技创新政策与能力基线,C-STEPI-A0203-316,2023-12-31,W3,국가 난제 해결을 위한 과학기술 관점의 경제·사회 시스템 혁신전략 연구(5차년도) (제5권: 혁신 관점의 국가난제 거버넌스),机构正式研究,C:\Users\WINDOWS\OneDrive\知识库\智库信息爬虫\国际主要科技智库观点演变_研判\03_证据底稿\原文PDF\C-STEPI-A0203-316.pdf,C:\Users\WINDOWS\OneDrive\知识库\智库信息爬虫\国际主要科技智库观点演变_研判\03_证据底稿\文本\C-STEPI-A0203-316.txt,https://www.stepi.re.kr/site/stepiko/report/View.do?reIdx=316,官方PDF已保存并校验
科研体系、研发投入与评价,科技创新政策与能力基线,C-STEPI-A0203-316,2023-12-31,W3,국가 난제 해결을 위한 과학기술 관점의 경제·사회 시스템 혁신전략 연구(5차년도) (제5권: 혁신 관점의 국가난제 거버넌스),机构正式研究,C:\Users\WINDOWS\OneDrive\知识库\智库信息爬虫\国际主要科技智库观点演变_研判\03_证据底稿\原文PDF\C-STEPI-A0203-316.pdf,C:\Users\WINDOWS\OneDrive\知识库\智库信息爬虫\国际主要科技智库观点演变_研判\03_证据底稿\文本\C-STEPI-A0203-316.txt,https://www.stepi.re.kr/site/stepiko/report/View.do?reIdx=316,官方PDF已保存并校验
科技人才、大学与知识流动,科技创新政策与能力基线,C-STEPI-A0203-316,2023-12-31,W3,국가 난제 해결을 위한 과학기술 관점의 경제·사회 시스템 혁신전략 연구(5차년도) (제5권: 혁신 관점의 국가난제 거버넌스),机构正式研究,C:\Users\WINDOWS\OneDrive\知识库\智库信息爬虫\国际主要科技智库观点演变_研判\03_证据底稿\原文PDF\C-STEPI-A0203-316.pdf,C:\Users\WINDOWS\OneDrive\知识库\智库信息爬虫\国际主要科技智库观点演变_研判\03_证据底稿\文本\C-STEPI-A0203-316.txt,https://www.stepi.re.kr/site/stepiko/report/View.do?reIdx=316,官方PDF已保存并校验
产业创新、创业与区域体系,科技创新政策与能力基线,C-STEPI-A0203-316,2023-12-31,W3,국가 난제 해결을 위한 과학기술 관점의 경제·사회 시스템 혁신전략 연구(5차년도) (제5권: 혁신 관점의 국가난제 거버넌스),机构正式研究,C:\Users\WINDOWS\OneDrive\知识库\智库信息爬虫\国际主要科技智库观点演变_研判\03_证据底稿\原文PDF\C-STEPI-A0203-316.pdf,C:\Users\WINDOWS\OneDrive\知识库\智库信息爬虫\国际主要科技智库观点演变_研判\03_证据底稿\文本\C-STEPI-A0203-316.txt,https://www.stepi.re.kr/site/stepiko/report/View.do?reIdx=316,官方PDF已保存并校验
科技前瞻与未来社会,科技创新政策与能力基线,C-STEPI-A0203-316,2023-12-31,W3,국가 난제 해결을 위한 과학기술 관점의 경제·사회 시스템 혁신전략 연구(5차년도) (제5권: 혁신 관점의 국가난제 거버넌스),机构正式研究,C:\Users\WINDOWS\OneDrive\知识库\智库信息爬虫\国际主要科技智库观点演变_研判\03_证据底稿\原文PDF\C-STEPI-A0203-316.pdf,C:\Users\WINDOWS\OneDrive\知识库\智库信息爬虫\国际主要科技智库观点演变_研判\03_证据底稿\文本\C-STEPI-A0203-316.txt,https://www.stepi.re.kr/site/stepiko/report/View.do?reIdx=316,官方PDF已保存并校验
人工智能、数据与数字技术,科技创新政策与能力基线,C-STEPI-A0203-317,2023-12-31,W3,신산업 과학기술인력의 수요 변화 모니터링 및 민간 중심 수급 자율화를 위한 기반 구축 사업,机构正式研究,C:\Users\WINDOWS\OneDrive\知识库\智库信息爬虫\国际主要科技智库观点演变_研判\03_证据底稿\原文PDF\C-STEPI-A0203-317.pdf,C:\Users\WINDOWS\OneDrive\知识库\智库信息爬虫\国际主要科技智库观点演变_研判\03_证据底稿\文本\C-STEPI-A0203-317.txt,https://www.stepi.re.kr/site/stepiko/report/View.do?reIdx=317,官方PDF已保存并校验
半导体、量子与战略技术,科技创新政策与能力基线,C-STEPI-A0203-317,2023-12-31,W3,신산업 과학기술인력의 수요 변화 모니터링 및 민간 중심 수급 자율화를 위한 기반 구축 사업,机构正式研究,C:\Users\WINDOWS\OneDrive\知识库\智库信息爬虫\国际主要科技智库观点演变_研判\03_证据底稿\原文PDF\C-STEPI-A0203-317.pdf,C:\Users\WINDOWS\OneDrive\知识库\智库信息爬虫\国际主要科技智库观点演变_研判\03_证据底稿\文本\C-STEPI-A0203-317.txt,https://www.stepi.re.kr/site/stepiko/report/View.do?reIdx=317,官方PDF已保存并校验
科研体系、研发投入与评价,科技创新政策与能力基线,C-STEPI-A0203-317,2023-12-31,W3,신산업 과학기술인력의 수요 변화 모니터링 및 민간 중심 수급 자율화를 위한 기반 구축 사업,机构正式研究,C:\Users\WINDOWS\OneDrive\知识库\智库信息爬虫\国际主要科技智库观点演变_研判\03_证据底稿\原文PDF\C-STEPI-A0203-317.pdf,C:\Users\WINDOWS\OneDrive\知识库\智库信息爬虫\国际主要科技智库观点演变_研判\03_证据底稿\文本\C-STEPI-A0203-317.txt,https://www.stepi.re.kr/site/stepiko/report/View.do?reIdx=317,官方PDF已保存并校验
科技人才、大学与知识流动,科技创新政策与能力基线,C-STEPI-A0203-317,2023-12-31,W3,신산업 과학기술인력의 수요 변화 모니터링 및 민간 중심 수급 자율화를 위한 기반 구축 사업,机构正式研究,C:\Users\WINDOWS\OneDrive\知识库\智库信息爬虫\国际主要科技智库观点演变_研判\03_证据底稿\原文PDF\C-STEPI-A0203-317.pdf,C:\Users\WINDOWS\OneDrive\知识库\智库信息爬虫\国际主要科技智库观点演变_研判\03_证据底稿\文本\C-STEPI-A0203-317.txt,https://www.stepi.re.kr/site/stepiko/report/View.do?reIdx=317,官方PDF已保存并校验
产业创新、创业与区域体系,科技创新政策与能力基线,C-STEPI-A0203-317,2023-12-31,W3,신산업 과학기술인력의 수요 변화 모니터링 및 민간 중심 수급 자율화를 위한 기반 구축 사업,机构正式研究,C:\Users\WINDOWS\OneDrive\知识库\智库信息爬虫\国际主要科技智库观点演变_研判\03_证据底稿\原文PDF\C-STEPI-A0203-317.pdf,C:\Users\WINDOWS\OneDrive\知识库\智库信息爬虫\国际主要科技智库观点演变_研判\03_证据底稿\文本\C-STEPI-A0203-317.txt,https://www.stepi.re.kr/site/stepiko/report/View.do?reIdx=317,官方PDF已保存并校验
科技前瞻与未来社会,科技创新政策与能力基线,C-STEPI-A0203-317,2023-12-31,W3,신산업 과학기술인력의 수요 변화 모니터링 및 민간 중심 수급 자율화를 위한 기반 구축 사업,机构正式研究,C:\Users\WINDOWS\OneDrive\知识库\智库信息爬虫\国际主要科技智库观点演变_研判\03_证据底稿\原文PDF\C-STEPI-A0203-317.pdf,C:\Users\WINDOWS\OneDrive\知识库\智库信息爬虫\国际主要科技智库观点演变_研判\03_证据底稿\文本\C-STEPI-A0203-317.txt,https://www.stepi.re.kr/site/stepiko/report/View.do?reIdx=317,官方PDF已保存并校验
人工智能、数据与数字技术,科技创新政策与能力基线,C-STEPI-A0203-318,2023-12-31,W3,2023년 한국기업혁신조사 심층분석,机构正式研究,C:\Users\WINDOWS\OneDrive\知识库\智库信息爬虫\国际主要科技智库观点演变_研判\03_证据底稿\原文PDF\C-STEPI-A0203-318.pdf,C:\Users\WINDOWS\OneDrive\知识库\智库信息爬虫\国际主要科技智库观点演变_研判\03_证据底稿\文本\C-STEPI-A0203-318.txt,https://www.stepi.re.kr/site/stepiko/report/View.do?reIdx=318,官方PDF已保存并校验
科研体系、研发投入与评价,科技创新政策与能力基线,C-STEPI-A0203-318,2023-12-31,W3,2023년 한국기업혁신조사 심층분석,机构正式研究,C:\Users\WINDOWS\OneDrive\知识库\智库信息爬虫\国际主要科技智库观点演变_研判\03_证据底稿\原文PDF\C-STEPI-A0203-318.pdf,C:\Users\WINDOWS\OneDrive\知识库\智库信息爬虫\国际主要科技智库观点演变_研判\03_证据底稿\文本\C-STEPI-A0203-318.txt,https://www.stepi.re.kr/site/stepiko/report/View.do?reIdx=318,官方PDF已保存并校验
科技人才、大学与知识流动,科技创新政策与能力基线,C-STEPI-A0203-318,2023-12-31,W3,2023년 한국기업혁신조사 심층분석,机构正式研究,C:\Users\WINDOWS\OneDrive\知识库\智库信息爬虫\国际主要科技智库观点演变_研判\03_证据底稿\原文PDF\C-STEPI-A0203-318.pdf,C:\Users\WINDOWS\OneDrive\知识库\智库信息爬虫\国际主要科技智库观点演变_研判\03_证据底稿\文本\C-STEPI-A0203-318.txt,https://www.stepi.re.kr/site/stepiko/report/View.do?reIdx=318,官方PDF已保存并校验
产业创新、创业与区域体系,科技创新政策与能力基线,C-STEPI-A0203-318,2023-12-31,W3,2023년 한국기업혁신조사 심층분석,机构正式研究,C:\Users\WINDOWS\OneDrive\知识库\智库信息爬虫\国际主要科技智库观点演变_研判\03_证据底稿\原文PDF\C-STEPI-A0203-318.pdf,C:\Users\WINDOWS\OneDrive\知识库\智库信息爬虫\国际主要科技智库观点演变_研判\03_证据底稿\文本\C-STEPI-A0203-318.txt,https://www.stepi.re.kr/site/stepiko/report/View.do?reIdx=318,官方PDF已保存并校验
人工智能、数据与数字技术,科技创新政策与能力基线,C-STEPI-A0203-319,2023-12-31,W3,기업의 위기 대응·회복력 제고를 위한 정부의 민간 연구개발 지원의 역할,机构正式研究,C:\Users\WINDOWS\OneDrive\知识库\智库信息爬虫\国际主要科技智库观点演变_研判\03_证据底稿\原文PDF\C-STEPI-A0203-319.pdf,C:\Users\WINDOWS\OneDrive\知识库\智库信息爬虫\国际主要科技智库观点演变_研判\03_证据底稿\文本\C-STEPI-A0203-319.txt,https://www.stepi.re.kr/site/stepiko/report/View.do?reIdx=319,官方PDF已保存并校验
科研体系、研发投入与评价,科技创新政策与能力基线,C-STEPI-A0203-319,2023-12-31,W3,기업의 위기 대응·회복력 제고를 위한 정부의 민간 연구개발 지원의 역할,机构正式研究,C:\Users\WINDOWS\OneDrive\知识库\智库信息爬虫\国际主要科技智库观点演变_研判\03_证据底稿\原文PDF\C-STEPI-A0203-319.pdf,C:\Users\WINDOWS\OneDrive\知识库\智库信息爬虫\国际主要科技智库观点演变_研判\03_证据底稿\文本\C-STEPI-A0203-319.txt,https://www.stepi.re.kr/site/stepiko/report/View.do?reIdx=319,官方PDF已保存并校验
科技人才、大学与知识流动,科技创新政策与能力基线,C-STEPI-A0203-319,2023-12-31,W3,기업의 위기 대응·회복력 제고를 위한 정부의 민간 연구개발 지원의 역할,机构正式研究,C:\Users\WINDOWS\OneDrive\知识库\智库信息爬虫\国际主要科技智库观点演变_研判\03_证据底稿\原文PDF\C-STEPI-A0203-319.pdf,C:\Users\WINDOWS\OneDrive\知识库\智库信息爬虫\国际主要科技智库观点演变_研判\03_证据底稿\文本\C-STEPI-A0203-319.txt,https://www.stepi.re.kr/site/stepiko/report/View.do?reIdx=319,官方PDF已保存并校验
产业创新、创业与区域体系,科技创新政策与能力基线,C-STEPI-A0203-319,2023-12-31,W3,기업의 위기 대응·회복력 제고를 위한 정부의 민간 연구개발 지원의 역할,机构正式研究,C:\Users\WINDOWS\OneDrive\知识库\智库信息爬虫\国际主要科技智库观点演变_研判\03_证据底稿\原文PDF\C-STEPI-A0203-319.pdf,C:\Users\WINDOWS\OneDrive\知识库\智库信息爬虫\国际主要科技智库观点演变_研判\03_证据底稿\文本\C-STEPI-A0203-319.txt,https://www.stepi.re.kr/site/stepiko/report/View.do?reIdx=319,官方PDF已保存并校验
中国科技与国际比较,科技创新政策与能力基线,C-STEPI-A0203-320,2024-11-30,W3,한국 과학기술외교 우수사례 발굴 및 고도화 프레임 도출,机构正式研究,C:\Users\WINDOWS\OneDrive\知识库\智库信息爬虫\国际主要科技智库观点演变_研判\03_证据底稿\原文PDF\C-STEPI-A0203-320.pdf,C:\Users\WINDOWS\OneDrive\知识库\智库信息爬虫\国际主要科技智库观点演变_研判\03_证据底稿\文本\C-STEPI-A0203-320.txt,https://www.stepi.re.kr/site/stepiko/report/View.do?reIdx=320,官方PDF已保存并校验
人工智能、数据与数字技术,科技创新政策与能力基线,C-STEPI-A0203-320,2024-11-30,W3,한국 과학기술외교 우수사례 발굴 및 고도화 프레임 도출,机构正式研究,C:\Users\WINDOWS\OneDrive\知识库\智库信息爬虫\国际主要科技智库观点演变_研判\03_证据底稿\原文PDF\C-STEPI-A0203-320.pdf,C:\Users\WINDOWS\OneDrive\知识库\智库信息爬虫\国际主要科技智库观点演变_研判\03_证据底稿\文本\C-STEPI-A0203-320.txt,https://www.stepi.re.kr/site/stepiko/report/View.do?reIdx=320,官方PDF已保存并校验
科研体系、研发投入与评价,科技创新政策与能力基线,C-STEPI-A0203-320,2024-11-30,W3,한국 과학기술외교 우수사례 발굴 및 고도화 프레임 도출,机构正式研究,C:\Users\WINDOWS\OneDrive\知识库\智库信息爬虫\国际主要科技智库观点演变_研判\03_证据底稿\原文PDF\C-STEPI-A0203-320.pdf,C:\Users\WINDOWS\OneDrive\知识库\智库信息爬虫\国际主要科技智库观点演变_研判\03_证据底稿\文本\C-STEPI-A0203-320.txt,https://www.stepi.re.kr/site/stepiko/report/View.do?reIdx=320,官方PDF已保存并校验
产业创新、创业与区域体系,科技创新政策与能力基线,C-STEPI-A0203-320,2024-11-30,W3,한국 과학기술외교 우수사례 발굴 및 고도화 프레임 도출,机构正式研究,C:\Users\WINDOWS\OneDrive\知识库\智库信息爬虫\国际主要科技智库观点演变_研判\03_证据底稿\原文PDF\C-STEPI-A0203-320.pdf,C:\Users\WINDOWS\OneDrive\知识库\智库信息爬虫\国际主要科技智库观点演变_研判\03_证据底稿\文本\C-STEPI-A0203-320.txt,https://www.stepi.re.kr/site/stepiko/report/View.do?reIdx=320,官方PDF已保存并校验
技术安全、供应链与国际合作,科技创新政策与能力基线,C-STEPI-A0203-320,2024-11-30,W3,한국 과학기술외교 우수사례 발굴 및 고도화 프레임 도출,机构正式研究,C:\Users\WINDOWS\OneDrive\知识库\智库信息爬虫\国际主要科技智库观点演变_研判\03_证据底稿\原文PDF\C-STEPI-A0203-320.pdf,C:\Users\WINDOWS\OneDrive\知识库\智库信息爬虫\国际主要科技智库观点演变_研判\03_证据底稿\文本\C-STEPI-A0203-320.txt,https://www.stepi.re.kr/site/stepiko/report/View.do?reIdx=320,官方PDF已保存并校验
科技前瞻与未来社会,科技创新政策与能力基线,C-STEPI-A0203-320,2024-11-30,W3,한국 과학기술외교 우수사례 발굴 및 고도화 프레임 도출,机构正式研究,C:\Users\WINDOWS\OneDrive\知识库\智库信息爬虫\国际主要科技智库观点演变_研判\03_证据底稿\原文PDF\C-STEPI-A0203-320.pdf,C:\Users\WINDOWS\OneDrive\知识库\智库信息爬虫\国际主要科技智库观点演变_研判\03_证据底稿\文本\C-STEPI-A0203-320.txt,https://www.stepi.re.kr/site/stepiko/report/View.do?reIdx=320,官方PDF已保存并校验
中国科技与国际比较,科技创新政策与能力基线,C-STEPI-A0202-321,2016-12-30,W1,미래전 대응 국방연구개발시스템 발전방안,机构正式研究,C:\Users\WINDOWS\OneDrive\知识库\智库信息爬虫\国际主要科技智库观点演变_研判\03_证据底稿\原文PDF\C-STEPI-A0202-321.pdf,C:\Users\WINDOWS\OneDrive\知识库\智库信息爬虫\国际主要科技智库观点演变_研判\03_证据底稿\文本\C-STEPI-A0202-321.txt,https://www.stepi.re.kr/site/stepiko/report/View.do?reIdx=321,官方PDF已保存并校验
科研体系、研发投入与评价,科技创新政策与能力基线,C-STEPI-A0202-321,2016-12-30,W1,미래전 대응 국방연구개발시스템 발전방안,机构正式研究,C:\Users\WINDOWS\OneDrive\知识库\智库信息爬虫\国际主要科技智库观点演变_研判\03_证据底稿\原文PDF\C-STEPI-A0202-321.pdf,C:\Users\WINDOWS\OneDrive\知识库\智库信息爬虫\国际主要科技智库观点演变_研判\03_证据底稿\文本\C-STEPI-A0202-321.txt,https://www.stepi.re.kr/site/stepiko/report/View.do?reIdx=321,官方PDF已保存并校验
科技人才、大学与知识流动,科技创新政策与能力基线,C-STEPI-A0202-321,2016-12-30,W1,미래전 대응 국방연구개발시스템 발전방안,机构正式研究,C:\Users\WINDOWS\OneDrive\知识库\智库信息爬虫\国际主要科技智库观点演变_研判\03_证据底稿\原文PDF\C-STEPI-A0202-321.pdf,C:\Users\WINDOWS\OneDrive\知识库\智库信息爬虫\国际主要科技智库观点演变_研判\03_证据底稿\文本\C-STEPI-A0202-321.txt,https://www.stepi.re.kr/site/stepiko/report/View.do?reIdx=321,官方PDF已保存并校验
产业创新、创业与区域体系,科技创新政策与能力基线,C-STEPI-A0202-321,2016-12-30,W1,미래전 대응 국방연구개발시스템 발전방안,机构正式研究,C:\Users\WINDOWS\OneDrive\知识库\智库信息爬虫\国际主要科技智库观点演变_研判\03_证据底稿\原文PDF\C-STEPI-A0202-321.pdf,C:\Users\WINDOWS\OneDrive\知识库\智库信息爬虫\国际主要科技智库观点演变_研判\03_证据底稿\文本\C-STEPI-A0202-321.txt,https://www.stepi.re.kr/site/stepiko/report/View.do?reIdx=321,官方PDF已保存并校验
技术安全、供应链与国际合作,科技创新政策与能力基线,C-STEPI-A0202-321,2016-12-30,W1,미래전 대응 국방연구개발시스템 발전방안,机构正式研究,C:\Users\WINDOWS\OneDrive\知识库\智库信息爬虫\国际主要科技智库观点演变_研判\03_证据底稿\原文PDF\C-STEPI-A0202-321.pdf,C:\Users\WINDOWS\OneDrive\知识库\智库信息爬虫\国际主要科技智库观点演变_研判\03_证据底稿\文本\C-STEPI-A0202-321.txt,https://www.stepi.re.kr/site/stepiko/report/View.do?reIdx=321,官方PDF已保存并校验
科技前瞻与未来社会,科技创新政策与能力基线,C-STEPI-A0202-321,2016-12-30,W1,미래전 대응 국방연구개발시스템 발전방안,机构正式研究,C:\Users\WINDOWS\OneDrive\知识库\智库信息爬虫\国际主要科技智库观点演变_研判\03_证据底稿\原文PDF\C-STEPI-A0202-321.pdf,C:\Users\WINDOWS\OneDrive\知识库\智库信息爬虫\国际主要科技智库观点演变_研判\03_证据底稿\文本\C-STEPI-A0202-321.txt,https://www.stepi.re.kr/site/stepiko/report/View.do?reIdx=321,官方PDF已保存并校验
科研体系、研发投入与评价,科技创新政策与能力基线,C-STEPI-A0202-322,2016-12-30,W1,이공계 박사후과정연구원의 경력경로 다변화에 따른 새로운 지원 정책 모색방안,机构正式研究,C:\Users\WINDOWS\OneDrive\知识库\智库信息爬虫\国际主要科技智库观点演变_研判\03_证据底稿\原文PDF\C-STEPI-A0202-322.pdf,C:\Users\WINDOWS\OneDrive\知识库\智库信息爬虫\国际主要科技智库观点演变_研判\03_证据底稿\文本\C-STEPI-A0202-322.txt,https://www.stepi.re.kr/site/stepiko/report/View.do?reIdx=322,官方PDF已保存并校验
科技人才、大学与知识流动,科技创新政策与能力基线,C-STEPI-A0202-322,2016-12-30,W1,이공계 박사후과정연구원의 경력경로 다변화에 따른 새로운 지원 정책 모색방안,机构正式研究,C:\Users\WINDOWS\OneDrive\知识库\智库信息爬虫\国际主要科技智库观点演变_研判\03_证据底稿\原文PDF\C-STEPI-A0202-322.pdf,C:\Users\WINDOWS\OneDrive\知识库\智库信息爬虫\国际主要科技智库观点演变_研判\03_证据底稿\文本\C-STEPI-A0202-322.txt,https://www.stepi.re.kr/site/stepiko/report/View.do?reIdx=322,官方PDF已保存并校验
产业创新、创业与区域体系,科技创新政策与能力基线,C-STEPI-A0202-322,2016-12-30,W1,이공계 박사후과정연구원의 경력경로 다변화에 따른 새로운 지원 정책 모색방안,机构正式研究,C:\Users\WINDOWS\OneDrive\知识库\智库信息爬虫\国际主要科技智库观点演变_研判\03_证据底稿\原文PDF\C-STEPI-A0202-322.pdf,C:\Users\WINDOWS\OneDrive\知识库\智库信息爬虫\国际主要科技智库观点演变_研判\03_证据底稿\文本\C-STEPI-A0202-322.txt,https://www.stepi.re.kr/site/stepiko/report/View.do?reIdx=322,官方PDF已保存并校验
科技前瞻与未来社会,科技创新政策与能力基线,C-STEPI-A0202-322,2016-12-30,W1,이공계 박사후과정연구원의 경력경로 다변화에 따른 새로운 지원 정책 모색방안,机构正式研究,C:\Users\WINDOWS\OneDrive\知识库\智库信息爬虫\国际主要科技智库观点演变_研判\03_证据底稿\原文PDF\C-STEPI-A0202-322.pdf,C:\Users\WINDOWS\OneDrive\知识库\智库信息爬虫\国际主要科技智库观点演变_研判\03_证据底稿\文本\C-STEPI-A0202-322.txt,https://www.stepi.re.kr/site/stepiko/report/View.do?reIdx=322,官方PDF已保存并校验
中国科技与国际比较,科技创新政策与能力基线,C-STEPI-A0202-323,2016-12-30,W1,G20 정상회의와 과학기술혁신 아젠다 연구,机构正式研究,C:\Users\WINDOWS\OneDrive\知识库\智库信息爬虫\国际主要科技智库观点演变_研判\03_证据底稿\原文PDF\C-STEPI-A0202-323.pdf,C:\Users\WINDOWS\OneDrive\知识库\智库信息爬虫\国际主要科技智库观点演变_研判\03_证据底稿\文本\C-STEPI-A0202-323.txt,https://www.stepi.re.kr/site/stepiko/report/View.do?reIdx=323,官方PDF已保存并校验
人工智能、数据与数字技术,科技创新政策与能力基线,C-STEPI-A0202-323,2016-12-30,W1,G20 정상회의와 과학기술혁신 아젠다 연구,机构正式研究,C:\Users\WINDOWS\OneDrive\知识库\智库信息爬虫\国际主要科技智库观点演变_研判\03_证据底稿\原文PDF\C-STEPI-A0202-323.pdf,C:\Users\WINDOWS\OneDrive\知识库\智库信息爬虫\国际主要科技智库观点演变_研判\03_证据底稿\文本\C-STEPI-A0202-323.txt,https://www.stepi.re.kr/site/stepiko/report/View.do?reIdx=323,官方PDF已保存并校验
能源、气候与绿色转型,科技创新政策与能力基线,C-STEPI-A0202-323,2016-12-30,W1,G20 정상회의와 과학기술혁신 아젠다 연구,机构正式研究,C:\Users\WINDOWS\OneDrive\知识库\智库信息爬虫\国际主要科技智库观点演变_研判\03_证据底稿\原文PDF\C-STEPI-A0202-323.pdf,C:\Users\WINDOWS\OneDrive\知识库\智库信息爬虫\国际主要科技智库观点演变_研判\03_证据底稿\文本\C-STEPI-A0202-323.txt,https://www.stepi.re.kr/site/stepiko/report/View.do?reIdx=323,官方PDF已保存并校验
科研体系、研发投入与评价,科技创新政策与能力基线,C-STEPI-A0202-323,2016-12-30,W1,G20 정상회의와 과학기술혁신 아젠다 연구,机构正式研究,C:\Users\WINDOWS\OneDrive\知识库\智库信息爬虫\国际主要科技智库观点演变_研判\03_证据底稿\原文PDF\C-STEPI-A0202-323.pdf,C:\Users\WINDOWS\OneDrive\知识库\智库信息爬虫\国际主要科技智库观点演变_研判\03_证据底稿\文本\C-STEPI-A0202-323.txt,https://www.stepi.re.kr/site/stepiko/report/View.do?reIdx=323,官方PDF已保存并校验
科技人才、大学与知识流动,科技创新政策与能力基线,C-STEPI-A0202-323,2016-12-30,W1,G20 정상회의와 과학기술혁신 아젠다 연구,机构正式研究,C:\Users\WINDOWS\OneDrive\知识库\智库信息爬虫\国际主要科技智库观点演变_研判\03_证据底稿\原文PDF\C-STEPI-A0202-323.pdf,C:\Users\WINDOWS\OneDrive\知识库\智库信息爬虫\国际主要科技智库观点演变_研判\03_证据底稿\文本\C-STEPI-A0202-323.txt,https://www.stepi.re.kr/site/stepiko/report/View.do?reIdx=323,官方PDF已保存并校验
产业创新、创业与区域体系,科技创新政策与能力基线,C-STEPI-A0202-323,2016-12-30,W1,G20 정상회의와 과학기술혁신 아젠다 연구,机构正式研究,C:\Users\WINDOWS\OneDrive\知识库\智库信息爬虫\国际主要科技智库观点演变_研判\03_证据底稿\原文PDF\C-STEPI-A0202-323.pdf,C:\Users\WINDOWS\OneDrive\知识库\智库信息爬虫\国际主要科技智库观点演变_研判\03_证据底稿\文本\C-STEPI-A0202-323.txt,https://www.stepi.re.kr/site/stepiko/report/View.do?reIdx=323,官方PDF已保存并校验
技术安全、供应链与国际合作,科技创新政策与能力基线,C-STEPI-A0202-323,2016-12-30,W1,G20 정상회의와 과학기술혁신 아젠다 연구,机构正式研究,C:\Users\WINDOWS\OneDrive\知识库\智库信息爬虫\国际主要科技智库观点演变_研判\03_证据底稿\原文PDF\C-STEPI-A0202-323.pdf,C:\Users\WINDOWS\OneDrive\知识库\智库信息爬虫\国际主要科技智库观点演变_研判\03_证据底稿\文本\C-STEPI-A0202-323.txt,https://www.stepi.re.kr/site/stepiko/report/View.do?reIdx=323,官方PDF已保存并校验
科技前瞻与未来社会,科技创新政策与能力基线,C-STEPI-A0202-323,2016-12-30,W1,G20 정상회의와 과학기술혁신 아젠다 연구,机构正式研究,C:\Users\WINDOWS\OneDrive\知识库\智库信息爬虫\国际主要科技智库观点演变_研判\03_证据底稿\原文PDF\C-STEPI-A0202-323.pdf,C:\Users\WINDOWS\OneDrive\知识库\智库信息爬虫\国际主要科技智库观点演变_研判\03_证据底稿\文本\C-STEPI-A0202-323.txt,https://www.stepi.re.kr/site/stepiko/report/View.do?reIdx=323,官方PDF已保存并校验
人工智能、数据与数字技术,科技创新政策与能力基线,C-STEPI-A0202-324,2016-12-30,W1,연구개발서비스업 혁신역량 강화방안 기획연구,机构正式研究,C:\Users\WINDOWS\OneDrive\知识库\智库信息爬虫\国际主要科技智库观点演变_研判\03_证据底稿\原文PDF\C-STEPI-A0202-324.pdf,C:\Users\WINDOWS\OneDrive\知识库\智库信息爬虫\国际主要科技智库观点演变_研判\03_证据底稿\文本\C-STEPI-A0202-324.txt,https://www.stepi.re.kr/site/stepiko/report/View.do?reIdx=324,官方PDF已保存并校验
科研体系、研发投入与评价,科技创新政策与能力基线,C-STEPI-A0202-324,2016-12-30,W1,연구개발서비스업 혁신역량 강화방안 기획연구,机构正式研究,C:\Users\WINDOWS\OneDrive\知识库\智库信息爬虫\国际主要科技智库观点演变_研判\03_证据底稿\原文PDF\C-STEPI-A0202-324.pdf,C:\Users\WINDOWS\OneDrive\知识库\智库信息爬虫\国际主要科技智库观点演变_研判\03_证据底稿\文本\C-STEPI-A0202-324.txt,https://www.stepi.re.kr/site/stepiko/report/View.do?reIdx=324,官方PDF已保存并校验
科技人才、大学与知识流动,科技创新政策与能力基线,C-STEPI-A0202-324,2016-12-30,W1,연구개발서비스업 혁신역량 강화방안 기획연구,机构正式研究,C:\Users\WINDOWS\OneDrive\知识库\智库信息爬虫\国际主要科技智库观点演变_研判\03_证据底稿\原文PDF\C-STEPI-A0202-324.pdf,C:\Users\WINDOWS\OneDrive\知识库\智库信息爬虫\国际主要科技智库观点演变_研判\03_证据底稿\文本\C-STEPI-A0202-324.txt,https://www.stepi.re.kr/site/stepiko/report/View.do?reIdx=324,官方PDF已保存并校验
产业创新、创业与区域体系,科技创新政策与能力基线,C-STEPI-A0202-324,2016-12-30,W1,연구개발서비스업 혁신역량 강화방안 기획연구,机构正式研究,C:\Users\WINDOWS\OneDrive\知识库\智库信息爬虫\国际主要科技智库观点演变_研判\03_证据底稿\原文PDF\C-STEPI-A0202-324.pdf,C:\Users\WINDOWS\OneDrive\知识库\智库信息爬虫\国际主要科技智库观点演变_研判\03_证据底稿\文本\C-STEPI-A0202-324.txt,https://www.stepi.re.kr/site/stepiko/report/View.do?reIdx=324,官方PDF已保存并校验
技术安全、供应链与国际合作,科技创新政策与能力基线,C-STEPI-A0202-324,2016-12-30,W1,연구개발서비스업 혁신역량 강화방안 기획연구,机构正式研究,C:\Users\WINDOWS\OneDrive\知识库\智库信息爬虫\国际主要科技智库观点演变_研判\03_证据底稿\原文PDF\C-STEPI-A0202-324.pdf,C:\Users\WINDOWS\OneDrive\知识库\智库信息爬虫\国际主要科技智库观点演变_研判\03_证据底稿\文本\C-STEPI-A0202-324.txt,https://www.stepi.re.kr/site/stepiko/report/View.do?reIdx=324,官方PDF已保存并校验
科技前瞻与未来社会,科技创新政策与能力基线,C-STEPI-A0202-324,2016-12-30,W1,연구개발서비스업 혁신역량 강화방안 기획연구,机构正式研究,C:\Users\WINDOWS\OneDrive\知识库\智库信息爬虫\国际主要科技智库观点演变_研判\03_证据底稿\原文PDF\C-STEPI-A0202-324.pdf,C:\Users\WINDOWS\OneDrive\知识库\智库信息爬虫\国际主要科技智库观点演变_研判\03_证据底稿\文本\C-STEPI-A0202-324.txt,https://www.stepi.re.kr/site/stepiko/report/View.do?reIdx=324,官方PDF已保存并校验
中国科技与国际比较,科技创新政策与能力基线,C-STEPI-A0202-325,2016-12-30,W1,2016년도 국제기술혁신협력사업,机构正式研究,C:\Users\WINDOWS\OneDrive\知识库\智库信息爬虫\国际主要科技智库观点演变_研判\03_证据底稿\原文PDF\C-STEPI-A0202-325.pdf,C:\Users\WINDOWS\OneDrive\知识库\智库信息爬虫\国际主要科技智库观点演变_研判\03_证据底稿\文本\C-STEPI-A0202-325.txt,https://www.stepi.re.kr/site/stepiko/report/View.do?reIdx=325,官方PDF已保存并校验
能源、气候与绿色转型,科技创新政策与能力基线,C-STEPI-A0202-325,2016-12-30,W1,2016년도 국제기술혁신협력사업,机构正式研究,C:\Users\WINDOWS\OneDrive\知识库\智库信息爬虫\国际主要科技智库观点演变_研判\03_证据底稿\原文PDF\C-STEPI-A0202-325.pdf,C:\Users\WINDOWS\OneDrive\知识库\智库信息爬虫\国际主要科技智库观点演变_研判\03_证据底稿\文本\C-STEPI-A0202-325.txt,https://www.stepi.re.kr/site/stepiko/report/View.do?reIdx=325,官方PDF已保存并校验
科研体系、研发投入与评价,科技创新政策与能力基线,C-STEPI-A0202-325,2016-12-30,W1,2016년도 국제기술혁신협력사업,机构正式研究,C:\Users\WINDOWS\OneDrive\知识库\智库信息爬虫\国际主要科技智库观点演变_研判\03_证据底稿\原文PDF\C-STEPI-A0202-325.pdf,C:\Users\WINDOWS\OneDrive\知识库\智库信息爬虫\国际主要科技智库观点演变_研判\03_证据底稿\文本\C-STEPI-A0202-325.txt,https://www.stepi.re.kr/site/stepiko/report/View.do?reIdx=325,官方PDF已保存并校验
科技人才、大学与知识流动,科技创新政策与能力基线,C-STEPI-A0202-325,2016-12-30,W1,2016년도 국제기술혁신협력사업,机构正式研究,C:\Users\WINDOWS\OneDrive\知识库\智库信息爬虫\国际主要科技智库观点演变_研判\03_证据底稿\原文PDF\C-STEPI-A0202-325.pdf,C:\Users\WINDOWS\OneDrive\知识库\智库信息爬虫\国际主要科技智库观点演变_研判\03_证据底稿\文本\C-STEPI-A0202-325.txt,https://www.stepi.re.kr/site/stepiko/report/View.do?reIdx=325,官方PDF已保存并校验
产业创新、创业与区域体系,科技创新政策与能力基线,C-STEPI-A0202-325,2016-12-30,W1,2016년도 국제기술혁신협력사업,机构正式研究,C:\Users\WINDOWS\OneDrive\知识库\智库信息爬虫\国际主要科技智库观点演变_研判\03_证据底稿\原文PDF\C-STEPI-A0202-325.pdf,C:\Users\WINDOWS\OneDrive\知识库\智库信息爬虫\国际主要科技智库观点演变_研判\03_证据底稿\文本\C-STEPI-A0202-325.txt,https://www.stepi.re.kr/site/stepiko/report/View.do?reIdx=325,官方PDF已保存并校验
技术安全、供应链与国际合作,科技创新政策与能力基线,C-STEPI-A0202-325,2016-12-30,W1,2016년도 국제기술혁신협력사업,机构正式研究,C:\Users\WINDOWS\OneDrive\知识库\智库信息爬虫\国际主要科技智库观点演变_研判\03_证据底稿\原文PDF\C-STEPI-A0202-325.pdf,C:\Users\WINDOWS\OneDrive\知识库\智库信息爬虫\国际主要科技智库观点演变_研判\03_证据底稿\文本\C-STEPI-A0202-325.txt,https://www.stepi.re.kr/site/stepiko/report/View.do?reIdx=325,官方PDF已保存并校验
人工智能、数据与数字技术,科技创新政策与能力基线,C-STEPI-A0203-326,2024-12-31,W3,글로벌 중추국가 도약을 위한 포스트 2030 과학기술혁신 의제 연구(1차년도) (2권: 글로벌 과학기술 의제 심층 분석 및 글로벌 과학기술 의제선도 이론과 사례 연구),机构正式研究,C:\Users\WINDOWS\OneDrive\知识库\智库信息爬虫\国际主要科技智库观点演变_研判\03_证据底稿\原文PDF\C-STEPI-A0203-326.pdf,C:\Users\WINDOWS\OneDrive\知识库\智库信息爬虫\国际主要科技智库观点演变_研判\03_证据底稿\文本\C-STEPI-A0203-326.txt,https://www.stepi.re.kr/site/stepiko/report/View.do?reIdx=326,官方PDF已保存并校验
能源、气候与绿色转型,科技创新政策与能力基线,C-STEPI-A0203-326,2024-12-31,W3,글로벌 중추국가 도약을 위한 포스트 2030 과학기술혁신 의제 연구(1차년도) (2권: 글로벌 과학기술 의제 심층 분석 및 글로벌 과학기술 의제선도 이론과 사례 연구),机构正式研究,C:\Users\WINDOWS\OneDrive\知识库\智库信息爬虫\国际主要科技智库观点演变_研判\03_证据底稿\原文PDF\C-STEPI-A0203-326.pdf,C:\Users\WINDOWS\OneDrive\知识库\智库信息爬虫\国际主要科技智库观点演变_研判\03_证据底稿\文本\C-STEPI-A0203-326.txt,https://www.stepi.re.kr/site/stepiko/report/View.do?reIdx=326,官方PDF已保存并校验
科研体系、研发投入与评价,科技创新政策与能力基线,C-STEPI-A0203-326,2024-12-31,W3,글로벌 중추국가 도약을 위한 포스트 2030 과학기술혁신 의제 연구(1차년도) (2권: 글로벌 과학기술 의제 심층 분석 및 글로벌 과학기술 의제선도 이론과 사례 연구),机构正式研究,C:\Users\WINDOWS\OneDrive\知识库\智库信息爬虫\国际主要科技智库观点演变_研判\03_证据底稿\原文PDF\C-STEPI-A0203-326.pdf,C:\Users\WINDOWS\OneDrive\知识库\智库信息爬虫\国际主要科技智库观点演变_研判\03_证据底稿\文本\C-STEPI-A0203-326.txt,https://www.stepi.re.kr/site/stepiko/report/View.do?reIdx=326,官方PDF已保存并校验
科技人才、大学与知识流动,科技创新政策与能力基线,C-STEPI-A0203-326,2024-12-31,W3,글로벌 중추국가 도약을 위한 포스트 2030 과학기술혁신 의제 연구(1차년도) (2권: 글로벌 과학기술 의제 심층 분석 및 글로벌 과학기술 의제선도 이론과 사례 연구),机构正式研究,C:\Users\WINDOWS\OneDrive\知识库\智库信息爬虫\国际主要科技智库观点演变_研判\03_证据底稿\原文PDF\C-STEPI-A0203-326.pdf,C:\Users\WINDOWS\OneDrive\知识库\智库信息爬虫\国际主要科技智库观点演变_研判\03_证据底稿\文本\C-STEPI-A0203-326.txt,https://www.stepi.re.kr/site/stepiko/report/View.do?reIdx=326,官方PDF已保存并校验
产业创新、创业与区域体系,科技创新政策与能力基线,C-STEPI-A0203-326,2024-12-31,W3,글로벌 중추국가 도약을 위한 포스트 2030 과학기술혁신 의제 연구(1차년도) (2권: 글로벌 과학기술 의제 심층 분석 및 글로벌 과학기술 의제선도 이론과 사례 연구),机构正式研究,C:\Users\WINDOWS\OneDrive\知识库\智库信息爬虫\国际主要科技智库观点演变_研判\03_证据底稿\原文PDF\C-STEPI-A0203-326.pdf,C:\Users\WINDOWS\OneDrive\知识库\智库信息爬虫\国际主要科技智库观点演变_研判\03_证据底稿\文本\C-STEPI-A0203-326.txt,https://www.stepi.re.kr/site/stepiko/report/View.do?reIdx=326,官方PDF已保存并校验
技术安全、供应链与国际合作,科技创新政策与能力基线,C-STEPI-A0203-326,2024-12-31,W3,글로벌 중추국가 도약을 위한 포스트 2030 과학기술혁신 의제 연구(1차년도) (2권: 글로벌 과학기술 의제 심층 분석 및 글로벌 과학기술 의제선도 이론과 사례 연구),机构正式研究,C:\Users\WINDOWS\OneDrive\知识库\智库信息爬虫\国际主要科技智库观点演变_研判\03_证据底稿\原文PDF\C-STEPI-A0203-326.pdf,C:\Users\WINDOWS\OneDrive\知识库\智库信息爬虫\国际主要科技智库观点演变_研判\03_证据底稿\文本\C-STEPI-A0203-326.txt,https://www.stepi.re.kr/site/stepiko/report/View.do?reIdx=326,官方PDF已保存并校验
科技前瞻与未来社会,科技创新政策与能力基线,C-STEPI-A0203-326,2024-12-31,W3,글로벌 중추국가 도약을 위한 포스트 2030 과학기술혁신 의제 연구(1차년도) (2권: 글로벌 과학기술 의제 심층 분석 및 글로벌 과학기술 의제선도 이론과 사례 연구),机构正式研究,C:\Users\WINDOWS\OneDrive\知识库\智库信息爬虫\国际主要科技智库观点演变_研判\03_证据底稿\原文PDF\C-STEPI-A0203-326.pdf,C:\Users\WINDOWS\OneDrive\知识库\智库信息爬虫\国际主要科技智库观点演变_研判\03_证据底稿\文本\C-STEPI-A0203-326.txt,https://www.stepi.re.kr/site/stepiko/report/View.do?reIdx=326,官方PDF已保存并校验
科研体系、研发投入与评价,科技创新政策与能力基线,C-STEPI-A0202-327,2017-12-29,W1,과학기술정책 핵심의제 발굴 및 대안 모색,机构正式研究,C:\Users\WINDOWS\OneDrive\知识库\智库信息爬虫\国际主要科技智库观点演变_研判\03_证据底稿\原文PDF\C-STEPI-A0202-327.pdf,C:\Users\WINDOWS\OneDrive\知识库\智库信息爬虫\国际主要科技智库观点演变_研判\03_证据底稿\文本\C-STEPI-A0202-327.txt,https://www.stepi.re.kr/site/stepiko/report/View.do?reIdx=327,官方PDF已保存并校验
科技人才、大学与知识流动,科技创新政策与能力基线,C-STEPI-A0202-327,2017-12-29,W1,과학기술정책 핵심의제 발굴 및 대안 모색,机构正式研究,C:\Users\WINDOWS\OneDrive\知识库\智库信息爬虫\国际主要科技智库观点演变_研判\03_证据底稿\原文PDF\C-STEPI-A0202-327.pdf,C:\Users\WINDOWS\OneDrive\知识库\智库信息爬虫\国际主要科技智库观点演变_研判\03_证据底稿\文本\C-STEPI-A0202-327.txt,https://www.stepi.re.kr/site/stepiko/report/View.do?reIdx=327,官方PDF已保存并校验
产业创新、创业与区域体系,科技创新政策与能力基线,C-STEPI-A0202-327,2017-12-29,W1,과학기술정책 핵심의제 발굴 및 대안 모색,机构正式研究,C:\Users\WINDOWS\OneDrive\知识库\智库信息爬虫\国际主要科技智库观点演变_研判\03_证据底稿\原文PDF\C-STEPI-A0202-327.pdf,C:\Users\WINDOWS\OneDrive\知识库\智库信息爬虫\国际主要科技智库观点演变_研判\03_证据底稿\文本\C-STEPI-A0202-327.txt,https://www.stepi.re.kr/site/stepiko/report/View.do?reIdx=327,官方PDF已保存并校验
技术安全、供应链与国际合作,科技创新政策与能力基线,C-STEPI-A0202-327,2017-12-29,W1,과학기술정책 핵심의제 발굴 및 대안 모색,机构正式研究,C:\Users\WINDOWS\OneDrive\知识库\智库信息爬虫\国际主要科技智库观点演变_研判\03_证据底稿\原文PDF\C-STEPI-A0202-327.pdf,C:\Users\WINDOWS\OneDrive\知识库\智库信息爬虫\国际主要科技智库观点演变_研判\03_证据底稿\文本\C-STEPI-A0202-327.txt,https://www.stepi.re.kr/site/stepiko/report/View.do?reIdx=327,官方PDF已保存并校验
科技前瞻与未来社会,科技创新政策与能力基线,C-STEPI-A0202-327,2017-12-29,W1,과학기술정책 핵심의제 발굴 및 대안 모색,机构正式研究,C:\Users\WINDOWS\OneDrive\知识库\智库信息爬虫\国际主要科技智库观点演变_研判\03_证据底稿\原文PDF\C-STEPI-A0202-327.pdf,C:\Users\WINDOWS\OneDrive\知识库\智库信息爬虫\国际主要科技智库观点演变_研判\03_证据底稿\文本\C-STEPI-A0202-327.txt,https://www.stepi.re.kr/site/stepiko/report/View.do?reIdx=327,官方PDF已保存并校验
科研体系、研发投入与评价,科技创新政策与能力基线,C-STEPI-A0202-328,2017-12-30,W1,2017년도 국제기술혁신협력사업,机构正式研究,C:\Users\WINDOWS\OneDrive\知识库\智库信息爬虫\国际主要科技智库观点演变_研判\03_证据底稿\原文PDF\C-STEPI-A0202-328.pdf,C:\Users\WINDOWS\OneDrive\知识库\智库信息爬虫\国际主要科技智库观点演变_研判\03_证据底稿\文本\C-STEPI-A0202-328.txt,https://www.stepi.re.kr/site/stepiko/report/View.do?reIdx=328,官方PDF已保存并校验
科技人才、大学与知识流动,科技创新政策与能力基线,C-STEPI-A0202-328,2017-12-30,W1,2017년도 국제기술혁신협력사업,机构正式研究,C:\Users\WINDOWS\OneDrive\知识库\智库信息爬虫\国际主要科技智库观点演变_研判\03_证据底稿\原文PDF\C-STEPI-A0202-328.pdf,C:\Users\WINDOWS\OneDrive\知识库\智库信息爬虫\国际主要科技智库观点演变_研判\03_证据底稿\文本\C-STEPI-A0202-328.txt,https://www.stepi.re.kr/site/stepiko/report/View.do?reIdx=328,官方PDF已保存并校验
产业创新、创业与区域体系,科技创新政策与能力基线,C-STEPI-A0202-328,2017-12-30,W1,2017년도 국제기술혁신협력사업,机构正式研究,C:\Users\WINDOWS\OneDrive\知识库\智库信息爬虫\国际主要科技智库观点演变_研判\03_证据底稿\原文PDF\C-STEPI-A0202-328.pdf,C:\Users\WINDOWS\OneDrive\知识库\智库信息爬虫\国际主要科技智库观点演变_研判\03_证据底稿\文本\C-STEPI-A0202-328.txt,https://www.stepi.re.kr/site/stepiko/report/View.do?reIdx=328,官方PDF已保存并校验
科研体系、研发投入与评价,科技创新政策与能力基线,C-STEPI-A0202-329,2017-12-30,W1,과학기술 정책 역사 콘텐츠 축적 및 활용 방안 연구 - 『과학기술 50년사』 사업수행 백서 -,机构正式研究,C:\Users\WINDOWS\OneDrive\知识库\智库信息爬虫\国际主要科技智库观点演变_研判\03_证据底稿\原文PDF\C-STEPI-A0202-329.pdf,C:\Users\WINDOWS\OneDrive\知识库\智库信息爬虫\国际主要科技智库观点演变_研判\03_证据底稿\文本\C-STEPI-A0202-329.txt,https://www.stepi.re.kr/site/stepiko/report/View.do?reIdx=329,官方PDF已保存并校验
科技人才、大学与知识流动,科技创新政策与能力基线,C-STEPI-A0202-329,2017-12-30,W1,과학기술 정책 역사 콘텐츠 축적 및 활용 방안 연구 - 『과학기술 50년사』 사업수행 백서 -,机构正式研究,C:\Users\WINDOWS\OneDrive\知识库\智库信息爬虫\国际主要科技智库观点演变_研判\03_证据底稿\原文PDF\C-STEPI-A0202-329.pdf,C:\Users\WINDOWS\OneDrive\知识库\智库信息爬虫\国际主要科技智库观点演变_研判\03_证据底稿\文本\C-STEPI-A0202-329.txt,https://www.stepi.re.kr/site/stepiko/report/View.do?reIdx=329,官方PDF已保存并校验
产业创新、创业与区域体系,科技创新政策与能力基线,C-STEPI-A0202-329,2017-12-30,W1,과학기술 정책 역사 콘텐츠 축적 및 활용 방안 연구 - 『과학기술 50년사』 사업수행 백서 -,机构正式研究,C:\Users\WINDOWS\OneDrive\知识库\智库信息爬虫\国际主要科技智库观点演变_研判\03_证据底稿\原文PDF\C-STEPI-A0202-329.pdf,C:\Users\WINDOWS\OneDrive\知识库\智库信息爬虫\国际主要科技智库观点演变_研判\03_证据底稿\文本\C-STEPI-A0202-329.txt,https://www.stepi.re.kr/site/stepiko/report/View.do?reIdx=329,官方PDF已保存并校验
科技前瞻与未来社会,科技创新政策与能力基线,C-STEPI-A0202-329,2017-12-30,W1,과학기술 정책 역사 콘텐츠 축적 및 활용 방안 연구 - 『과학기술 50년사』 사업수행 백서 -,机构正式研究,C:\Users\WINDOWS\OneDrive\知识库\智库信息爬虫\国际主要科技智库观点演变_研判\03_证据底稿\原文PDF\C-STEPI-A0202-329.pdf,C:\Users\WINDOWS\OneDrive\知识库\智库信息爬虫\国际主要科技智库观点演变_研判\03_证据底稿\文本\C-STEPI-A0202-329.txt,https://www.stepi.re.kr/site/stepiko/report/View.do?reIdx=329,官方PDF已保存并校验
中国科技与国际比较,科技创新政策与能力基线,C-STEPI-A0202-330,2018-12-30,W1,국가기술혁신체계 역사적 사례 고찰과 우리의 발전과제,机构正式研究,C:\Users\WINDOWS\OneDrive\知识库\智库信息爬虫\国际主要科技智库观点演变_研判\03_证据底稿\原文PDF\C-STEPI-A0202-330.pdf,C:\Users\WINDOWS\OneDrive\知识库\智库信息爬虫\国际主要科技智库观点演变_研判\03_证据底稿\文本\C-STEPI-A0202-330.txt,https://www.stepi.re.kr/site/stepiko/report/View.do?reIdx=330,官方PDF已保存并校验
人工智能、数据与数字技术,科技创新政策与能力基线,C-STEPI-A0202-330,2018-12-30,W1,국가기술혁신체계 역사적 사례 고찰과 우리의 발전과제,机构正式研究,C:\Users\WINDOWS\OneDrive\知识库\智库信息爬虫\国际主要科技智库观点演变_研判\03_证据底稿\原文PDF\C-STEPI-A0202-330.pdf,C:\Users\WINDOWS\OneDrive\知识库\智库信息爬虫\国际主要科技智库观点演变_研判\03_证据底稿\文本\C-STEPI-A0202-330.txt,https://www.stepi.re.kr/site/stepiko/report/View.do?reIdx=330,官方PDF已保存并校验
生命科学、生物技术与健康,科技创新政策与能力基线,C-STEPI-A0202-330,2018-12-30,W1,국가기술혁신체계 역사적 사례 고찰과 우리의 발전과제,机构正式研究,C:\Users\WINDOWS\OneDrive\知识库\智库信息爬虫\国际主要科技智库观点演变_研判\03_证据底稿\原文PDF\C-STEPI-A0202-330.pdf,C:\Users\WINDOWS\OneDrive\知识库\智库信息爬虫\国际主要科技智库观点演变_研判\03_证据底稿\文本\C-STEPI-A0202-330.txt,https://www.stepi.re.kr/site/stepiko/report/View.do?reIdx=330,官方PDF已保存并校验
科研体系、研发投入与评价,科技创新政策与能力基线,C-STEPI-A0202-330,2018-12-30,W1,국가기술혁신체계 역사적 사례 고찰과 우리의 발전과제,机构正式研究,C:\Users\WINDOWS\OneDrive\知识库\智库信息爬虫\国际主要科技智库观点演变_研判\03_证据底稿\原文PDF\C-STEPI-A0202-330.pdf,C:\Users\WINDOWS\OneDrive\知识库\智库信息爬虫\国际主要科技智库观点演变_研判\03_证据底稿\文本\C-STEPI-A0202-330.txt,https://www.stepi.re.kr/site/stepiko/report/View.do?reIdx=330,官方PDF已保存并校验
科技人才、大学与知识流动,科技创新政策与能力基线,C-STEPI-A0202-330,2018-12-30,W1,국가기술혁신체계 역사적 사례 고찰과 우리의 발전과제,机构正式研究,C:\Users\WINDOWS\OneDrive\知识库\智库信息爬虫\国际主要科技智库观点演变_研判\03_证据底稿\原文PDF\C-STEPI-A0202-330.pdf,C:\Users\WINDOWS\OneDrive\知识库\智库信息爬虫\国际主要科技智库观点演变_研判\03_证据底稿\文本\C-STEPI-A0202-330.txt,https://www.stepi.re.kr/site/stepiko/report/View.do?reIdx=330,官方PDF已保存并校验
产业创新、创业与区域体系,科技创新政策与能力基线,C-STEPI-A0202-330,2018-12-30,W1,국가기술혁신체계 역사적 사례 고찰과 우리의 발전과제,机构正式研究,C:\Users\WINDOWS\OneDrive\知识库\智库信息爬虫\国际主要科技智库观点演变_研判\03_证据底稿\原文PDF\C-STEPI-A0202-330.pdf,C:\Users\WINDOWS\OneDrive\知识库\智库信息爬虫\国际主要科技智库观点演变_研判\03_证据底稿\文本\C-STEPI-A0202-330.txt,https://www.stepi.re.kr/site/stepiko/report/View.do?reIdx=330,官方PDF已保存并校验
技术安全、供应链与国际合作,科技创新政策与能力基线,C-STEPI-A0202-330,2018-12-30,W1,국가기술혁신체계 역사적 사례 고찰과 우리의 발전과제,机构正式研究,C:\Users\WINDOWS\OneDrive\知识库\智库信息爬虫\国际主要科技智库观点演变_研判\03_证据底稿\原文PDF\C-STEPI-A0202-330.pdf,C:\Users\WINDOWS\OneDrive\知识库\智库信息爬虫\国际主要科技智库观点演变_研判\03_证据底稿\文本\C-STEPI-A0202-330.txt,https://www.stepi.re.kr/site/stepiko/report/View.do?reIdx=330,官方PDF已保存并校验
科技前瞻与未来社会,科技创新政策与能力基线,C-STEPI-A0202-330,2018-12-30,W1,국가기술혁신체계 역사적 사례 고찰과 우리의 발전과제,机构正式研究,C:\Users\WINDOWS\OneDrive\知识库\智库信息爬虫\国际主要科技智库观点演变_研判\03_证据底稿\原文PDF\C-STEPI-A0202-330.pdf,C:\Users\WINDOWS\OneDrive\知识库\智库信息爬虫\国际主要科技智库观点演变_研判\03_证据底稿\文本\C-STEPI-A0202-330.txt,https://www.stepi.re.kr/site/stepiko/report/View.do?reIdx=330,官方PDF已保存并校验
中国科技与国际比较,科技创新政策与能力基线,C-STEPI-A0202-331,2018-12-30,W1,기술금융의 역할과 효율화 방안,机构正式研究,C:\Users\WINDOWS\OneDrive\知识库\智库信息爬虫\国际主要科技智库观点演变_研判\03_证据底稿\原文PDF\C-STEPI-A0202-331.pdf,C:\Users\WINDOWS\OneDrive\知识库\智库信息爬虫\国际主要科技智库观点演变_研判\03_证据底稿\文本\C-STEPI-A0202-331.txt,https://www.stepi.re.kr/site/stepiko/report/View.do?reIdx=331,官方PDF已保存并校验
科研体系、研发投入与评价,科技创新政策与能力基线,C-STEPI-A0202-331,2018-12-30,W1,기술금융의 역할과 효율화 방안,机构正式研究,C:\Users\WINDOWS\OneDrive\知识库\智库信息爬虫\国际主要科技智库观点演变_研判\03_证据底稿\原文PDF\C-STEPI-A0202-331.pdf,C:\Users\WINDOWS\OneDrive\知识库\智库信息爬虫\国际主要科技智库观点演变_研判\03_证据底稿\文本\C-STEPI-A0202-331.txt,https://www.stepi.re.kr/site/stepiko/report/View.do?reIdx=331,官方PDF已保存并校验
科技人才、大学与知识流动,科技创新政策与能力基线,C-STEPI-A0202-331,2018-12-30,W1,기술금융의 역할과 효율화 방안,机构正式研究,C:\Users\WINDOWS\OneDrive\知识库\智库信息爬虫\国际主要科技智库观点演变_研判\03_证据底稿\原文PDF\C-STEPI-A0202-331.pdf,C:\Users\WINDOWS\OneDrive\知识库\智库信息爬虫\国际主要科技智库观点演变_研判\03_证据底稿\文本\C-STEPI-A0202-331.txt,https://www.stepi.re.kr/site/stepiko/report/View.do?reIdx=331,官方PDF已保存并校验
产业创新、创业与区域体系,科技创新政策与能力基线,C-STEPI-A0202-331,2018-12-30,W1,기술금융의 역할과 효율화 방안,机构正式研究,C:\Users\WINDOWS\OneDrive\知识库\智库信息爬虫\国际主要科技智库观点演变_研判\03_证据底稿\原文PDF\C-STEPI-A0202-331.pdf,C:\Users\WINDOWS\OneDrive\知识库\智库信息爬虫\国际主要科技智库观点演变_研判\03_证据底稿\文本\C-STEPI-A0202-331.txt,https://www.stepi.re.kr/site/stepiko/report/View.do?reIdx=331,官方PDF已保存并校验
科技前瞻与未来社会,科技创新政策与能力基线,C-STEPI-A0202-331,2018-12-30,W1,기술금융의 역할과 효율화 방안,机构正式研究,C:\Users\WINDOWS\OneDrive\知识库\智库信息爬虫\国际主要科技智库观点演变_研判\03_证据底稿\原文PDF\C-STEPI-A0202-331.pdf,C:\Users\WINDOWS\OneDrive\知识库\智库信息爬虫\国际主要科技智库观点演变_研判\03_证据底稿\文本\C-STEPI-A0202-331.txt,https://www.stepi.re.kr/site/stepiko/report/View.do?reIdx=331,官方PDF已保存并校验
中国科技与国际比较,科技创新政策与能力基线,C-STEPI-A0202-332,2018-12-30,W1,과학기술 정책현안 분석 및 의제 발굴,机构正式研究,C:\Users\WINDOWS\OneDrive\知识库\智库信息爬虫\国际主要科技智库观点演变_研判\03_证据底稿\原文PDF\C-STEPI-A0202-332.pdf,C:\Users\WINDOWS\OneDrive\知识库\智库信息爬虫\国际主要科技智库观点演变_研判\03_证据底稿\文本\C-STEPI-A0202-332.txt,https://www.stepi.re.kr/site/stepiko/report/View.do?reIdx=332,官方PDF已保存并校验
人工智能、数据与数字技术,科技创新政策与能力基线,C-STEPI-A0202-332,2018-12-30,W1,과학기술 정책현안 분석 및 의제 발굴,机构正式研究,C:\Users\WINDOWS\OneDrive\知识库\智库信息爬虫\国际主要科技智库观点演变_研判\03_证据底稿\原文PDF\C-STEPI-A0202-332.pdf,C:\Users\WINDOWS\OneDrive\知识库\智库信息爬虫\国际主要科技智库观点演变_研判\03_证据底稿\文本\C-STEPI-A0202-332.txt,https://www.stepi.re.kr/site/stepiko/report/View.do?reIdx=332,官方PDF已保存并校验
科研体系、研发投入与评价,科技创新政策与能力基线,C-STEPI-A0202-332,2018-12-30,W1,과학기술 정책현안 분석 및 의제 발굴,机构正式研究,C:\Users\WINDOWS\OneDrive\知识库\智库信息爬虫\国际主要科技智库观点演变_研判\03_证据底稿\原文PDF\C-STEPI-A0202-332.pdf,C:\Users\WINDOWS\OneDrive\知识库\智库信息爬虫\国际主要科技智库观点演变_研判\03_证据底稿\文本\C-STEPI-A0202-332.txt,https://www.stepi.re.kr/site/stepiko/report/View.do?reIdx=332,官方PDF已保存并校验
科技人才、大学与知识流动,科技创新政策与能力基线,C-STEPI-A0202-332,2018-12-30,W1,과학기술 정책현안 분석 및 의제 발굴,机构正式研究,C:\Users\WINDOWS\OneDrive\知识库\智库信息爬虫\国际主要科技智库观点演变_研判\03_证据底稿\原文PDF\C-STEPI-A0202-332.pdf,C:\Users\WINDOWS\OneDrive\知识库\智库信息爬虫\国际主要科技智库观点演变_研判\03_证据底稿\文本\C-STEPI-A0202-332.txt,https://www.stepi.re.kr/site/stepiko/report/View.do?reIdx=332,官方PDF已保存并校验
产业创新、创业与区域体系,科技创新政策与能力基线,C-STEPI-A0202-332,2018-12-30,W1,과학기술 정책현안 분석 및 의제 발굴,机构正式研究,C:\Users\WINDOWS\OneDrive\知识库\智库信息爬虫\国际主要科技智库观点演变_研判\03_证据底稿\原文PDF\C-STEPI-A0202-332.pdf,C:\Users\WINDOWS\OneDrive\知识库\智库信息爬虫\国际主要科技智库观点演变_研判\03_证据底稿\文本\C-STEPI-A0202-332.txt,https://www.stepi.re.kr/site/stepiko/report/View.do?reIdx=332,官方PDF已保存并校验
技术安全、供应链与国际合作,科技创新政策与能力基线,C-STEPI-A0202-332,2018-12-30,W1,과학기술 정책현안 분석 및 의제 발굴,机构正式研究,C:\Users\WINDOWS\OneDrive\知识库\智库信息爬虫\国际主要科技智库观点演变_研判\03_证据底稿\原文PDF\C-STEPI-A0202-332.pdf,C:\Users\WINDOWS\OneDrive\知识库\智库信息爬虫\国际主要科技智库观点演变_研判\03_证据底稿\文本\C-STEPI-A0202-332.txt,https://www.stepi.re.kr/site/stepiko/report/View.do?reIdx=332,官方PDF已保存并校验
科技前瞻与未来社会,科技创新政策与能力基线,C-STEPI-A0202-332,2018-12-30,W1,과학기술 정책현안 분석 및 의제 발굴,机构正式研究,C:\Users\WINDOWS\OneDrive\知识库\智库信息爬虫\国际主要科技智库观点演变_研判\03_证据底稿\原文PDF\C-STEPI-A0202-332.pdf,C:\Users\WINDOWS\OneDrive\知识库\智库信息爬虫\国际主要科技智库观点演变_研判\03_证据底稿\文本\C-STEPI-A0202-332.txt,https://www.stepi.re.kr/site/stepiko/report/View.do?reIdx=332,官方PDF已保存并校验
中国科技与国际比较,科技创新政策与能力基线,C-STEPI-A0202-333,2018-12-30,W1,글로벌 서비스 R&D 정책 이슈분석과 서비스산업 혁신 방안,机构正式研究,C:\Users\WINDOWS\OneDrive\知识库\智库信息爬虫\国际主要科技智库观点演变_研判\03_证据底稿\原文PDF\C-STEPI-A0202-333.pdf,C:\Users\WINDOWS\OneDrive\知识库\智库信息爬虫\国际主要科技智库观点演变_研判\03_证据底稿\文本\C-STEPI-A0202-333.txt,https://www.stepi.re.kr/site/stepiko/report/View.do?reIdx=333,官方PDF已保存并校验
人工智能、数据与数字技术,科技创新政策与能力基线,C-STEPI-A0202-333,2018-12-30,W1,글로벌 서비스 R&D 정책 이슈분석과 서비스산업 혁신 방안,机构正式研究,C:\Users\WINDOWS\OneDrive\知识库\智库信息爬虫\国际主要科技智库观点演变_研判\03_证据底稿\原文PDF\C-STEPI-A0202-333.pdf,C:\Users\WINDOWS\OneDrive\知识库\智库信息爬虫\国际主要科技智库观点演变_研判\03_证据底稿\文本\C-STEPI-A0202-333.txt,https://www.stepi.re.kr/site/stepiko/report/View.do?reIdx=333,官方PDF已保存并校验
科研体系、研发投入与评价,科技创新政策与能力基线,C-STEPI-A0202-333,2018-12-30,W1,글로벌 서비스 R&D 정책 이슈분석과 서비스산업 혁신 방안,机构正式研究,C:\Users\WINDOWS\OneDrive\知识库\智库信息爬虫\国际主要科技智库观点演变_研判\03_证据底稿\原文PDF\C-STEPI-A0202-333.pdf,C:\Users\WINDOWS\OneDrive\知识库\智库信息爬虫\国际主要科技智库观点演变_研判\03_证据底稿\文本\C-STEPI-A0202-333.txt,https://www.stepi.re.kr/site/stepiko/report/View.do?reIdx=333,官方PDF已保存并校验
产业创新、创业与区域体系,科技创新政策与能力基线,C-STEPI-A0202-333,2018-12-30,W1,글로벌 서비스 R&D 정책 이슈분석과 서비스산업 혁신 방안,机构正式研究,C:\Users\WINDOWS\OneDrive\知识库\智库信息爬虫\国际主要科技智库观点演变_研判\03_证据底稿\原文PDF\C-STEPI-A0202-333.pdf,C:\Users\WINDOWS\OneDrive\知识库\智库信息爬虫\国际主要科技智库观点演变_研判\03_证据底稿\文本\C-STEPI-A0202-333.txt,https://www.stepi.re.kr/site/stepiko/report/View.do?reIdx=333,官方PDF已保存并校验
科技前瞻与未来社会,科技创新政策与能力基线,C-STEPI-A0202-333,2018-12-30,W1,글로벌 서비스 R&D 정책 이슈분석과 서비스산업 혁신 방안,机构正式研究,C:\Users\WINDOWS\OneDrive\知识库\智库信息爬虫\国际主要科技智库观点演变_研判\03_证据底稿\原文PDF\C-STEPI-A0202-333.pdf,C:\Users\WINDOWS\OneDrive\知识库\智库信息爬虫\国际主要科技智库观点演变_研判\03_证据底稿\文本\C-STEPI-A0202-333.txt,https://www.stepi.re.kr/site/stepiko/report/View.do?reIdx=333,官方PDF已保存并校验
科技创新政策与研究体系,科技创新政策与能力基线,C-STEPI-A0202-334,2018-12-30,W1,사회·기술시스템 전환 전략 연구사업(4차년도),机构正式研究,C:\Users\WINDOWS\OneDrive\知识库\智库信息爬虫\国际主要科技智库观点演变_研判\03_证据底稿\原文PDF\C-STEPI-A0202-334.pdf,C:\Users\WINDOWS\OneDrive\知识库\智库信息爬虫\国际主要科技智库观点演变_研判\03_证据底稿\文本\C-STEPI-A0202-334.txt,https://www.stepi.re.kr/site/stepiko/report/View.do?reIdx=334,官方PDF已保存并校验
产业创新、创业与区域体系,科技创新政策与能力基线,C-STEPI-A0202-335,2019-12-30,W2,글로벌 프론티어 과학기술혁신정책 조사 및 국내적용 방안 탐색,机构正式研究,,,https://www.stepi.re.kr/site/stepiko/report/View.do?reIdx=335,官方目录无PDF
人工智能、数据与数字技术,科技创新政策与能力基线,C-STEPI-A0203-336,2026-04-30,W3,한국 혁신체제의 제도적 전환 연구,机构正式研究,C:\Users\WINDOWS\OneDrive\知识库\智库信息爬虫\国际主要科技智库观点演变_研判\03_证据底稿\原文PDF\C-STEPI-A0203-336.pdf,C:\Users\WINDOWS\OneDrive\知识库\智库信息爬虫\国际主要科技智库观点演变_研判\03_证据底稿\文本\C-STEPI-A0203-336.txt,https://www.stepi.re.kr/site/stepiko/report/View.do?reIdx=336,官方PDF已保存并校验
生命科学、生物技术与健康,科技创新政策与能力基线,C-STEPI-A0203-336,2026-04-30,W3,한국 혁신체제의 제도적 전환 연구,机构正式研究,C:\Users\WINDOWS\OneDrive\知识库\智库信息爬虫\国际主要科技智库观点演变_研判\03_证据底稿\原文PDF\C-STEPI-A0203-336.pdf,C:\Users\WINDOWS\OneDrive\知识库\智库信息爬虫\国际主要科技智库观点演变_研判\03_证据底稿\文本\C-STEPI-A0203-336.txt,https://www.stepi.re.kr/site/stepiko/report/View.do?reIdx=336,官方PDF已保存并校验
科研体系、研发投入与评价,科技创新政策与能力基线,C-STEPI-A0203-336,2026-04-30,W3,한국 혁신체제의 제도적 전환 연구,机构正式研究,C:\Users\WINDOWS\OneDrive\知识库\智库信息爬虫\国际主要科技智库观点演变_研判\03_证据底稿\原文PDF\C-STEPI-A0203-336.pdf,C:\Users\WINDOWS\OneDrive\知识库\智库信息爬虫\国际主要科技智库观点演变_研判\03_证据底稿\文本\C-STEPI-A0203-336.txt,https://www.stepi.re.kr/site/stepiko/report/View.do?reIdx=336,官方PDF已保存并校验
产业创新、创业与区域体系,科技创新政策与能力基线,C-STEPI-A0203-336,2026-04-30,W3,한국 혁신체제의 제도적 전환 연구,机构正式研究,C:\Users\WINDOWS\OneDrive\知识库\智库信息爬虫\国际主要科技智库观点演变_研判\03_证据底稿\原文PDF\C-STEPI-A0203-336.pdf,C:\Users\WINDOWS\OneDrive\知识库\智库信息爬虫\国际主要科技智库观点演变_研判\03_证据底稿\文本\C-STEPI-A0203-336.txt,https://www.stepi.re.kr/site/stepiko/report/View.do?reIdx=336,官方PDF已保存并校验
科技前瞻与未来社会,科技创新政策与能力基线,C-STEPI-A0203-336,2026-04-30,W3,한국 혁신체제의 제도적 전환 연구,机构正式研究,C:\Users\WINDOWS\OneDrive\知识库\智库信息爬虫\国际主要科技智库观点演变_研判\03_证据底稿\原文PDF\C-STEPI-A0203-336.pdf,C:\Users\WINDOWS\OneDrive\知识库\智库信息爬虫\国际主要科技智库观点演变_研判\03_证据底稿\文本\C-STEPI-A0203-336.txt,https://www.stepi.re.kr/site/stepiko/report/View.do?reIdx=336,官方PDF已保存并校验
人工智能、数据与数字技术,科技创新政策与能力基线,C-STEPI-A0202-340,2019-12-30,W2,기술사업화 촉진을 위한 핵심 주체간 Co-creation 전략,机构正式研究,C:\Users\WINDOWS\OneDrive\知识库\智库信息爬虫\国际主要科技智库观点演变_研判\03_证据底稿\原文PDF\C-STEPI-A0202-340.pdf,C:\Users\WINDOWS\OneDrive\知识库\智库信息爬虫\国际主要科技智库观点演变_研判\03_证据底稿\文本\C-STEPI-A0202-340.txt,https://www.stepi.re.kr/site/stepiko/report/View.do?reIdx=340,官方PDF已保存并校验
能源、气候与绿色转型,科技创新政策与能力基线,C-STEPI-A0202-340,2019-12-30,W2,기술사업화 촉진을 위한 핵심 주체간 Co-creation 전략,机构正式研究,C:\Users\WINDOWS\OneDrive\知识库\智库信息爬虫\国际主要科技智库观点演变_研判\03_证据底稿\原文PDF\C-STEPI-A0202-340.pdf,C:\Users\WINDOWS\OneDrive\知识库\智库信息爬虫\国际主要科技智库观点演变_研判\03_证据底稿\文本\C-STEPI-A0202-340.txt,https://www.stepi.re.kr/site/stepiko/report/View.do?reIdx=340,官方PDF已保存并校验
科研体系、研发投入与评价,科技创新政策与能力基线,C-STEPI-A0202-340,2019-12-30,W2,기술사업화 촉진을 위한 핵심 주체간 Co-creation 전략,机构正式研究,C:\Users\WINDOWS\OneDrive\知识库\智库信息爬虫\国际主要科技智库观点演变_研判\03_证据底稿\原文PDF\C-STEPI-A0202-340.pdf,C:\Users\WINDOWS\OneDrive\知识库\智库信息爬虫\国际主要科技智库观点演变_研判\03_证据底稿\文本\C-STEPI-A0202-340.txt,https://www.stepi.re.kr/site/stepiko/report/View.do?reIdx=340,官方PDF已保存并校验
科技人才、大学与知识流动,科技创新政策与能力基线,C-STEPI-A0202-340,2019-12-30,W2,기술사업화 촉진을 위한 핵심 주체간 Co-creation 전략,机构正式研究,C:\Users\WINDOWS\OneDrive\知识库\智库信息爬虫\国际主要科技智库观点演变_研判\03_证据底稿\原文PDF\C-STEPI-A0202-340.pdf,C:\Users\WINDOWS\OneDrive\知识库\智库信息爬虫\国际主要科技智库观点演变_研判\03_证据底稿\文本\C-STEPI-A0202-340.txt,https://www.stepi.re.kr/site/stepiko/report/View.do?reIdx=340,官方PDF已保存并校验
产业创新、创业与区域体系,科技创新政策与能力基线,C-STEPI-A0202-340,2019-12-30,W2,기술사업화 촉진을 위한 핵심 주체간 Co-creation 전략,机构正式研究,C:\Users\WINDOWS\OneDrive\知识库\智库信息爬虫\国际主要科技智库观点演变_研判\03_证据底稿\原文PDF\C-STEPI-A0202-340.pdf,C:\Users\WINDOWS\OneDrive\知识库\智库信息爬虫\国际主要科技智库观点演变_研判\03_证据底稿\文本\C-STEPI-A0202-340.txt,https://www.stepi.re.kr/site/stepiko/report/View.do?reIdx=340,官方PDF已保存并校验
技术安全、供应链与国际合作,科技创新政策与能力基线,C-STEPI-A0202-340,2019-12-30,W2,기술사업화 촉진을 위한 핵심 주체간 Co-creation 전략,机构正式研究,C:\Users\WINDOWS\OneDrive\知识库\智库信息爬虫\国际主要科技智库观点演变_研判\03_证据底稿\原文PDF\C-STEPI-A0202-340.pdf,C:\Users\WINDOWS\OneDrive\知识库\智库信息爬虫\国际主要科技智库观点演变_研判\03_证据底稿\文本\C-STEPI-A0202-340.txt,https://www.stepi.re.kr/site/stepiko/report/View.do?reIdx=340,官方PDF已保存并校验
科技前瞻与未来社会,科技创新政策与能力基线,C-STEPI-A0202-340,2019-12-30,W2,기술사업화 촉진을 위한 핵심 주체간 Co-creation 전략,机构正式研究,C:\Users\WINDOWS\OneDrive\知识库\智库信息爬虫\国际主要科技智库观点演变_研判\03_证据底稿\原文PDF\C-STEPI-A0202-340.pdf,C:\Users\WINDOWS\OneDrive\知识库\智库信息爬虫\国际主要科技智库观点演变_研判\03_证据底稿\文本\C-STEPI-A0202-340.txt,https://www.stepi.re.kr/site/stepiko/report/View.do?reIdx=340,官方PDF已保存并校验
中国科技与国际比较,科技创新政策与能力基线,C-STEPI-A0202-341,2019-12-30,W2,실험실창업의 고용 창출 파급효과 분석,机构正式研究,C:\Users\WINDOWS\OneDrive\知识库\智库信息爬虫\国际主要科技智库观点演变_研判\03_证据底稿\原文PDF\C-STEPI-A0202-341.pdf,C:\Users\WINDOWS\OneDrive\知识库\智库信息爬虫\国际主要科技智库观点演变_研判\03_证据底稿\文本\C-STEPI-A0202-341.txt,https://www.stepi.re.kr/site/stepiko/report/View.do?reIdx=341,官方PDF已保存并校验
人工智能、数据与数字技术,科技创新政策与能力基线,C-STEPI-A0202-341,2019-12-30,W2,실험실창업의 고용 창출 파급효과 분석,机构正式研究,C:\Users\WINDOWS\OneDrive\知识库\智库信息爬虫\国际主要科技智库观点演变_研判\03_证据底稿\原文PDF\C-STEPI-A0202-341.pdf,C:\Users\WINDOWS\OneDrive\知识库\智库信息爬虫\国际主要科技智库观点演变_研判\03_证据底稿\文本\C-STEPI-A0202-341.txt,https://www.stepi.re.kr/site/stepiko/report/View.do?reIdx=341,官方PDF已保存并校验
科研体系、研发投入与评价,科技创新政策与能力基线,C-STEPI-A0202-341,2019-12-30,W2,실험실창업의 고용 창출 파급효과 분석,机构正式研究,C:\Users\WINDOWS\OneDrive\知识库\智库信息爬虫\国际主要科技智库观点演变_研判\03_证据底稿\原文PDF\C-STEPI-A0202-341.pdf,C:\Users\WINDOWS\OneDrive\知识库\智库信息爬虫\国际主要科技智库观点演变_研判\03_证据底稿\文本\C-STEPI-A0202-341.txt,https://www.stepi.re.kr/site/stepiko/report/View.do?reIdx=341,官方PDF已保存并校验
科技人才、大学与知识流动,科技创新政策与能力基线,C-STEPI-A0202-341,2019-12-30,W2,실험실창업의 고용 창출 파급효과 분석,机构正式研究,C:\Users\WINDOWS\OneDrive\知识库\智库信息爬虫\国际主要科技智库观点演变_研判\03_证据底稿\原文PDF\C-STEPI-A0202-341.pdf,C:\Users\WINDOWS\OneDrive\知识库\智库信息爬虫\国际主要科技智库观点演变_研判\03_证据底稿\文本\C-STEPI-A0202-341.txt,https://www.stepi.re.kr/site/stepiko/report/View.do?reIdx=341,官方PDF已保存并校验
产业创新、创业与区域体系,科技创新政策与能力基线,C-STEPI-A0202-341,2019-12-30,W2,실험실창업의 고용 창출 파급효과 분석,机构正式研究,C:\Users\WINDOWS\OneDrive\知识库\智库信息爬虫\国际主要科技智库观点演变_研判\03_证据底稿\原文PDF\C-STEPI-A0202-341.pdf,C:\Users\WINDOWS\OneDrive\知识库\智库信息爬虫\国际主要科技智库观点演变_研判\03_证据底稿\文本\C-STEPI-A0202-341.txt,https://www.stepi.re.kr/site/stepiko/report/View.do?reIdx=341,官方PDF已保存并校验
科技前瞻与未来社会,科技创新政策与能力基线,C-STEPI-A0202-341,2019-12-30,W2,실험실창업의 고용 창출 파급효과 분석,机构正式研究,C:\Users\WINDOWS\OneDrive\知识库\智库信息爬虫\国际主要科技智库观点演变_研判\03_证据底稿\原文PDF\C-STEPI-A0202-341.pdf,C:\Users\WINDOWS\OneDrive\知识库\智库信息爬虫\国际主要科技智库观点演变_研判\03_证据底稿\文本\C-STEPI-A0202-341.txt,https://www.stepi.re.kr/site/stepiko/report/View.do?reIdx=341,官方PDF已保存并校验
能源、气候与绿色转型,科技创新政策与能力基线,C-STEPI-A0202-342,2019-12-30,W2,사회·기술시스템 전환전략 연구사업(5차년도),机构正式研究,C:\Users\WINDOWS\OneDrive\知识库\智库信息爬虫\国际主要科技智库观点演变_研判\03_证据底稿\原文PDF\C-STEPI-A0202-342.pdf,C:\Users\WINDOWS\OneDrive\知识库\智库信息爬虫\国际主要科技智库观点演变_研判\03_证据底稿\文本\C-STEPI-A0202-342.txt,https://www.stepi.re.kr/site/stepiko/report/View.do?reIdx=342,官方PDF已保存并校验
科研体系、研发投入与评价,科技创新政策与能力基线,C-STEPI-A0202-342,2019-12-30,W2,사회·기술시스템 전환전략 연구사업(5차년도),机构正式研究,C:\Users\WINDOWS\OneDrive\知识库\智库信息爬虫\国际主要科技智库观点演变_研判\03_证据底稿\原文PDF\C-STEPI-A0202-342.pdf,C:\Users\WINDOWS\OneDrive\知识库\智库信息爬虫\国际主要科技智库观点演变_研判\03_证据底稿\文本\C-STEPI-A0202-342.txt,https://www.stepi.re.kr/site/stepiko/report/View.do?reIdx=342,官方PDF已保存并校验
科技人才、大学与知识流动,科技创新政策与能力基线,C-STEPI-A0202-342,2019-12-30,W2,사회·기술시스템 전환전략 연구사업(5차년도),机构正式研究,C:\Users\WINDOWS\OneDrive\知识库\智库信息爬虫\国际主要科技智库观点演变_研判\03_证据底稿\原文PDF\C-STEPI-A0202-342.pdf,C:\Users\WINDOWS\OneDrive\知识库\智库信息爬虫\国际主要科技智库观点演变_研判\03_证据底稿\文本\C-STEPI-A0202-342.txt,https://www.stepi.re.kr/site/stepiko/report/View.do?reIdx=342,官方PDF已保存并校验
产业创新、创业与区域体系,科技创新政策与能力基线,C-STEPI-A0202-342,2019-12-30,W2,사회·기술시스템 전환전략 연구사업(5차년도),机构正式研究,C:\Users\WINDOWS\OneDrive\知识库\智库信息爬虫\国际主要科技智库观点演变_研判\03_证据底稿\原文PDF\C-STEPI-A0202-342.pdf,C:\Users\WINDOWS\OneDrive\知识库\智库信息爬虫\国际主要科技智库观点演变_研判\03_证据底稿\文本\C-STEPI-A0202-342.txt,https://www.stepi.re.kr/site/stepiko/report/View.do?reIdx=342,官方PDF已保存并校验
科技前瞻与未来社会,科技创新政策与能力基线,C-STEPI-A0202-342,2019-12-30,W2,사회·기술시스템 전환전략 연구사업(5차년도),机构正式研究,C:\Users\WINDOWS\OneDrive\知识库\智库信息爬虫\国际主要科技智库观点演变_研判\03_证据底稿\原文PDF\C-STEPI-A0202-342.pdf,C:\Users\WINDOWS\OneDrive\知识库\智库信息爬虫\国际主要科技智库观点演变_研判\03_证据底稿\文本\C-STEPI-A0202-342.txt,https://www.stepi.re.kr/site/stepiko/report/View.do?reIdx=342,官方PDF已保存并校验
中国科技与国际比较,科技创新政策与能力基线,C-STEPI-A0202-347,2020-12-30,W2,Korea Report: 한국의 코로나19 대응 현황과 주요 동인,机构正式研究,C:\Users\WINDOWS\OneDrive\知识库\智库信息爬虫\国际主要科技智库观点演变_研判\03_证据底稿\原文PDF\C-STEPI-A0202-347.pdf,C:\Users\WINDOWS\OneDrive\知识库\智库信息爬虫\国际主要科技智库观点演变_研判\03_证据底稿\文本\C-STEPI-A0202-347.txt,https://www.stepi.re.kr/site/stepiko/report/View.do?reIdx=347,官方PDF已保存并校验
人工智能、数据与数字技术,科技创新政策与能力基线,C-STEPI-A0202-347,2020-12-30,W2,Korea Report: 한국의 코로나19 대응 현황과 주요 동인,机构正式研究,C:\Users\WINDOWS\OneDrive\知识库\智库信息爬虫\国际主要科技智库观点演变_研判\03_证据底稿\原文PDF\C-STEPI-A0202-347.pdf,C:\Users\WINDOWS\OneDrive\知识库\智库信息爬虫\国际主要科技智库观点演变_研判\03_证据底稿\文本\C-STEPI-A0202-347.txt,https://www.stepi.re.kr/site/stepiko/report/View.do?reIdx=347,官方PDF已保存并校验
生命科学、生物技术与健康,科技创新政策与能力基线,C-STEPI-A0202-347,2020-12-30,W2,Korea Report: 한국의 코로나19 대응 현황과 주요 동인,机构正式研究,C:\Users\WINDOWS\OneDrive\知识库\智库信息爬虫\国际主要科技智库观点演变_研判\03_证据底稿\原文PDF\C-STEPI-A0202-347.pdf,C:\Users\WINDOWS\OneDrive\知识库\智库信息爬虫\国际主要科技智库观点演变_研判\03_证据底稿\文本\C-STEPI-A0202-347.txt,https://www.stepi.re.kr/site/stepiko/report/View.do?reIdx=347,官方PDF已保存并校验
科研体系、研发投入与评价,科技创新政策与能力基线,C-STEPI-A0202-347,2020-12-30,W2,Korea Report: 한국의 코로나19 대응 현황과 주요 동인,机构正式研究,C:\Users\WINDOWS\OneDrive\知识库\智库信息爬虫\国际主要科技智库观点演变_研判\03_证据底稿\原文PDF\C-STEPI-A0202-347.pdf,C:\Users\WINDOWS\OneDrive\知识库\智库信息爬虫\国际主要科技智库观点演变_研判\03_证据底稿\文本\C-STEPI-A0202-347.txt,https://www.stepi.re.kr/site/stepiko/report/View.do?reIdx=347,官方PDF已保存并校验
科技人才、大学与知识流动,科技创新政策与能力基线,C-STEPI-A0202-347,2020-12-30,W2,Korea Report: 한국의 코로나19 대응 현황과 주요 동인,机构正式研究,C:\Users\WINDOWS\OneDrive\知识库\智库信息爬虫\国际主要科技智库观点演变_研判\03_证据底稿\原文PDF\C-STEPI-A0202-347.pdf,C:\Users\WINDOWS\OneDrive\知识库\智库信息爬虫\国际主要科技智库观点演变_研判\03_证据底稿\文本\C-STEPI-A0202-347.txt,https://www.stepi.re.kr/site/stepiko/report/View.do?reIdx=347,官方PDF已保存并校验
产业创新、创业与区域体系,科技创新政策与能力基线,C-STEPI-A0202-347,2020-12-30,W2,Korea Report: 한국의 코로나19 대응 현황과 주요 동인,机构正式研究,C:\Users\WINDOWS\OneDrive\知识库\智库信息爬虫\国际主要科技智库观点演变_研判\03_证据底稿\原文PDF\C-STEPI-A0202-347.pdf,C:\Users\WINDOWS\OneDrive\知识库\智库信息爬虫\国际主要科技智库观点演变_研判\03_证据底稿\文本\C-STEPI-A0202-347.txt,https://www.stepi.re.kr/site/stepiko/report/View.do?reIdx=347,官方PDF已保存并校验
技术安全、供应链与国际合作,科技创新政策与能力基线,C-STEPI-A0202-347,2020-12-30,W2,Korea Report: 한국의 코로나19 대응 현황과 주요 동인,机构正式研究,C:\Users\WINDOWS\OneDrive\知识库\智库信息爬虫\国际主要科技智库观点演变_研判\03_证据底稿\原文PDF\C-STEPI-A0202-347.pdf,C:\Users\WINDOWS\OneDrive\知识库\智库信息爬虫\国际主要科技智库观点演变_研判\03_证据底稿\文本\C-STEPI-A0202-347.txt,https://www.stepi.re.kr/site/stepiko/report/View.do?reIdx=347,官方PDF已保存并校验
科技前瞻与未来社会,科技创新政策与能力基线,C-STEPI-A0202-347,2020-12-30,W2,Korea Report: 한국의 코로나19 대응 현황과 주요 동인,机构正式研究,C:\Users\WINDOWS\OneDrive\知识库\智库信息爬虫\国际主要科技智库观点演变_研判\03_证据底稿\原文PDF\C-STEPI-A0202-347.pdf,C:\Users\WINDOWS\OneDrive\知识库\智库信息爬虫\国际主要科技智库观点演变_研判\03_证据底稿\文本\C-STEPI-A0202-347.txt,https://www.stepi.re.kr/site/stepiko/report/View.do?reIdx=347,官方PDF已保存并校验
人工智能、数据与数字技术,科技创新政策与能力基线,C-STEPI-A0202-348,2021-12-30,W2,전환적 혁신정책과 혁신정책의 재구성,机构正式研究,C:\Users\WINDOWS\OneDrive\知识库\智库信息爬虫\国际主要科技智库观点演变_研判\03_证据底稿\原文PDF\C-STEPI-A0202-348.pdf,C:\Users\WINDOWS\OneDrive\知识库\智库信息爬虫\国际主要科技智库观点演变_研判\03_证据底稿\文本\C-STEPI-A0202-348.txt,https://www.stepi.re.kr/site/stepiko/report/View.do?reIdx=348,官方PDF已保存并校验
半导体、量子与战略技术,科技创新政策与能力基线,C-STEPI-A0202-348,2021-12-30,W2,전환적 혁신정책과 혁신정책의 재구성,机构正式研究,C:\Users\WINDOWS\OneDrive\知识库\智库信息爬虫\国际主要科技智库观点演变_研判\03_证据底稿\原文PDF\C-STEPI-A0202-348.pdf,C:\Users\WINDOWS\OneDrive\知识库\智库信息爬虫\国际主要科技智库观点演变_研判\03_证据底稿\文本\C-STEPI-A0202-348.txt,https://www.stepi.re.kr/site/stepiko/report/View.do?reIdx=348,官方PDF已保存并校验
生命科学、生物技术与健康,科技创新政策与能力基线,C-STEPI-A0202-348,2021-12-30,W2,전환적 혁신정책과 혁신정책의 재구성,机构正式研究,C:\Users\WINDOWS\OneDrive\知识库\智库信息爬虫\国际主要科技智库观点演变_研判\03_证据底稿\原文PDF\C-STEPI-A0202-348.pdf,C:\Users\WINDOWS\OneDrive\知识库\智库信息爬虫\国际主要科技智库观点演变_研判\03_证据底稿\文本\C-STEPI-A0202-348.txt,https://www.stepi.re.kr/site/stepiko/report/View.do?reIdx=348,官方PDF已保存并校验
能源、气候与绿色转型,科技创新政策与能力基线,C-STEPI-A0202-348,2021-12-30,W2,전환적 혁신정책과 혁신정책의 재구성,机构正式研究,C:\Users\WINDOWS\OneDrive\知识库\智库信息爬虫\国际主要科技智库观点演变_研判\03_证据底稿\原文PDF\C-STEPI-A0202-348.pdf,C:\Users\WINDOWS\OneDrive\知识库\智库信息爬虫\国际主要科技智库观点演变_研判\03_证据底稿\文本\C-STEPI-A0202-348.txt,https://www.stepi.re.kr/site/stepiko/report/View.do?reIdx=348,官方PDF已保存并校验
科研体系、研发投入与评价,科技创新政策与能力基线,C-STEPI-A0202-348,2021-12-30,W2,전환적 혁신정책과 혁신정책의 재구성,机构正式研究,C:\Users\WINDOWS\OneDrive\知识库\智库信息爬虫\国际主要科技智库观点演变_研判\03_证据底稿\原文PDF\C-STEPI-A0202-348.pdf,C:\Users\WINDOWS\OneDrive\知识库\智库信息爬虫\国际主要科技智库观点演变_研判\03_证据底稿\文本\C-STEPI-A0202-348.txt,https://www.stepi.re.kr/site/stepiko/report/View.do?reIdx=348,官方PDF已保存并校验
科技人才、大学与知识流动,科技创新政策与能力基线,C-STEPI-A0202-348,2021-12-30,W2,전환적 혁신정책과 혁신정책의 재구성,机构正式研究,C:\Users\WINDOWS\OneDrive\知识库\智库信息爬虫\国际主要科技智库观点演变_研判\03_证据底稿\原文PDF\C-STEPI-A0202-348.pdf,C:\Users\WINDOWS\OneDrive\知识库\智库信息爬虫\国际主要科技智库观点演变_研判\03_证据底稿\文本\C-STEPI-A0202-348.txt,https://www.stepi.re.kr/site/stepiko/report/View.do?reIdx=348,官方PDF已保存并校验
产业创新、创业与区域体系,科技创新政策与能力基线,C-STEPI-A0202-348,2021-12-30,W2,전환적 혁신정책과 혁신정책의 재구성,机构正式研究,C:\Users\WINDOWS\OneDrive\知识库\智库信息爬虫\国际主要科技智库观点演变_研判\03_证据底稿\原文PDF\C-STEPI-A0202-348.pdf,C:\Users\WINDOWS\OneDrive\知识库\智库信息爬虫\国际主要科技智库观点演变_研判\03_证据底稿\文本\C-STEPI-A0202-348.txt,https://www.stepi.re.kr/site/stepiko/report/View.do?reIdx=348,官方PDF已保存并校验
科技前瞻与未来社会,科技创新政策与能力基线,C-STEPI-A0202-348,2021-12-30,W2,전환적 혁신정책과 혁신정책의 재구성,机构正式研究,C:\Users\WINDOWS\OneDrive\知识库\智库信息爬虫\国际主要科技智库观点演变_研判\03_证据底稿\原文PDF\C-STEPI-A0202-348.pdf,C:\Users\WINDOWS\OneDrive\知识库\智库信息爬虫\国际主要科技智库观点演变_研判\03_证据底稿\文本\C-STEPI-A0202-348.txt,https://www.stepi.re.kr/site/stepiko/report/View.do?reIdx=348,官方PDF已保存并校验
中国科技与国际比较,核心科技直接材料,C-STEPI-A0202-350,2022-11-15,W3,첨단기술기업 유치 지원 전략 연구,机构正式研究,C:\Users\WINDOWS\OneDrive\知识库\智库信息爬虫\国际主要科技智库观点演变_研判\03_证据底稿\原文PDF\C-STEPI-A0202-350.pdf,C:\Users\WINDOWS\OneDrive\知识库\智库信息爬虫\国际主要科技智库观点演变_研判\03_证据底稿\文本\C-STEPI-A0202-350.txt,https://www.stepi.re.kr/site/stepiko/report/View.do?reIdx=350,官方PDF已保存并校验
半导体、量子与战略技术,核心科技直接材料,C-STEPI-A0202-350,2022-11-15,W3,첨단기술기업 유치 지원 전략 연구,机构正式研究,C:\Users\WINDOWS\OneDrive\知识库\智库信息爬虫\国际主要科技智库观点演变_研判\03_证据底稿\原文PDF\C-STEPI-A0202-350.pdf,C:\Users\WINDOWS\OneDrive\知识库\智库信息爬虫\国际主要科技智库观点演变_研判\03_证据底稿\文本\C-STEPI-A0202-350.txt,https://www.stepi.re.kr/site/stepiko/report/View.do?reIdx=350,官方PDF已保存并校验
生命科学、生物技术与健康,核心科技直接材料,C-STEPI-A0202-350,2022-11-15,W3,첨단기술기업 유치 지원 전략 연구,机构正式研究,C:\Users\WINDOWS\OneDrive\知识库\智库信息爬虫\国际主要科技智库观点演变_研判\03_证据底稿\原文PDF\C-STEPI-A0202-350.pdf,C:\Users\WINDOWS\OneDrive\知识库\智库信息爬虫\国际主要科技智库观点演变_研判\03_证据底稿\文本\C-STEPI-A0202-350.txt,https://www.stepi.re.kr/site/stepiko/report/View.do?reIdx=350,官方PDF已保存并校验
能源、气候与绿色转型,核心科技直接材料,C-STEPI-A0202-350,2022-11-15,W3,첨단기술기업 유치 지원 전략 연구,机构正式研究,C:\Users\WINDOWS\OneDrive\知识库\智库信息爬虫\国际主要科技智库观点演变_研判\03_证据底稿\原文PDF\C-STEPI-A0202-350.pdf,C:\Users\WINDOWS\OneDrive\知识库\智库信息爬虫\国际主要科技智库观点演变_研判\03_证据底稿\文本\C-STEPI-A0202-350.txt,https://www.stepi.re.kr/site/stepiko/report/View.do?reIdx=350,官方PDF已保存并校验
科研体系、研发投入与评价,核心科技直接材料,C-STEPI-A0202-350,2022-11-15,W3,첨단기술기업 유치 지원 전략 연구,机构正式研究,C:\Users\WINDOWS\OneDrive\知识库\智库信息爬虫\国际主要科技智库观点演变_研判\03_证据底稿\原文PDF\C-STEPI-A0202-350.pdf,C:\Users\WINDOWS\OneDrive\知识库\智库信息爬虫\国际主要科技智库观点演变_研判\03_证据底稿\文本\C-STEPI-A0202-350.txt,https://www.stepi.re.kr/site/stepiko/report/View.do?reIdx=350,官方PDF已保存并校验
科技人才、大学与知识流动,核心科技直接材料,C-STEPI-A0202-350,2022-11-15,W3,첨단기술기업 유치 지원 전략 연구,机构正式研究,C:\Users\WINDOWS\OneDrive\知识库\智库信息爬虫\国际主要科技智库观点演变_研判\03_证据底稿\原文PDF\C-STEPI-A0202-350.pdf,C:\Users\WINDOWS\OneDrive\知识库\智库信息爬虫\国际主要科技智库观点演变_研判\03_证据底稿\文本\C-STEPI-A0202-350.txt,https://www.stepi.re.kr/site/stepiko/report/View.do?reIdx=350,官方PDF已保存并校验
产业创新、创业与区域体系,核心科技直接材料,C-STEPI-A0202-350,2022-11-15,W3,첨단기술기업 유치 지원 전략 연구,机构正式研究,C:\Users\WINDOWS\OneDrive\知识库\智库信息爬虫\国际主要科技智库观点演变_研判\03_证据底稿\原文PDF\C-STEPI-A0202-350.pdf,C:\Users\WINDOWS\OneDrive\知识库\智库信息爬虫\国际主要科技智库观点演变_研判\03_证据底稿\文本\C-STEPI-A0202-350.txt,https://www.stepi.re.kr/site/stepiko/report/View.do?reIdx=350,官方PDF已保存并校验
技术安全、供应链与国际合作,核心科技直接材料,C-STEPI-A0202-350,2022-11-15,W3,첨단기술기업 유치 지원 전략 연구,机构正式研究,C:\Users\WINDOWS\OneDrive\知识库\智库信息爬虫\国际主要科技智库观点演变_研判\03_证据底稿\原文PDF\C-STEPI-A0202-350.pdf,C:\Users\WINDOWS\OneDrive\知识库\智库信息爬虫\国际主要科技智库观点演变_研判\03_证据底稿\文本\C-STEPI-A0202-350.txt,https://www.stepi.re.kr/site/stepiko/report/View.do?reIdx=350,官方PDF已保存并校验
科技前瞻与未来社会,核心科技直接材料,C-STEPI-A0202-350,2022-11-15,W3,첨단기술기업 유치 지원 전략 연구,机构正式研究,C:\Users\WINDOWS\OneDrive\知识库\智库信息爬虫\国际主要科技智库观点演变_研判\03_证据底稿\原文PDF\C-STEPI-A0202-350.pdf,C:\Users\WINDOWS\OneDrive\知识库\智库信息爬虫\国际主要科技智库观点演变_研判\03_证据底稿\文本\C-STEPI-A0202-350.txt,https://www.stepi.re.kr/site/stepiko/report/View.do?reIdx=350,官方PDF已保存并校验
科研体系、研发投入与评价,科技创新政策与能力基线,C-STEPI-A0202-351,2022-12-23,W3,과학기술정책연구 환경변화에 대응하는 글로벌 네트워킹 강화 전략,机构正式研究,C:\Users\WINDOWS\OneDrive\知识库\智库信息爬虫\国际主要科技智库观点演变_研判\03_证据底稿\原文PDF\C-STEPI-A0202-351.pdf,C:\Users\WINDOWS\OneDrive\知识库\智库信息爬虫\国际主要科技智库观点演变_研判\03_证据底稿\文本\C-STEPI-A0202-351.txt,https://www.stepi.re.kr/site/stepiko/report/View.do?reIdx=351,官方PDF已保存并校验
科技人才、大学与知识流动,科技创新政策与能力基线,C-STEPI-A0202-351,2022-12-23,W3,과학기술정책연구 환경변화에 대응하는 글로벌 네트워킹 강화 전략,机构正式研究,C:\Users\WINDOWS\OneDrive\知识库\智库信息爬虫\国际主要科技智库观点演变_研判\03_证据底稿\原文PDF\C-STEPI-A0202-351.pdf,C:\Users\WINDOWS\OneDrive\知识库\智库信息爬虫\国际主要科技智库观点演变_研判\03_证据底稿\文本\C-STEPI-A0202-351.txt,https://www.stepi.re.kr/site/stepiko/report/View.do?reIdx=351,官方PDF已保存并校验
产业创新、创业与区域体系,科技创新政策与能力基线,C-STEPI-A0202-351,2022-12-23,W3,과학기술정책연구 환경변화에 대응하는 글로벌 네트워킹 강화 전략,机构正式研究,C:\Users\WINDOWS\OneDrive\知识库\智库信息爬虫\国际主要科技智库观点演变_研判\03_证据底稿\原文PDF\C-STEPI-A0202-351.pdf,C:\Users\WINDOWS\OneDrive\知识库\智库信息爬虫\国际主要科技智库观点演变_研判\03_证据底稿\文本\C-STEPI-A0202-351.txt,https://www.stepi.re.kr/site/stepiko/report/View.do?reIdx=351,官方PDF已保存并校验
技术安全、供应链与国际合作,科技创新政策与能力基线,C-STEPI-A0202-351,2022-12-23,W3,과학기술정책연구 환경변화에 대응하는 글로벌 네트워킹 강화 전략,机构正式研究,C:\Users\WINDOWS\OneDrive\知识库\智库信息爬虫\国际主要科技智库观点演变_研判\03_证据底稿\原文PDF\C-STEPI-A0202-351.pdf,C:\Users\WINDOWS\OneDrive\知识库\智库信息爬虫\国际主要科技智库观点演变_研判\03_证据底稿\文本\C-STEPI-A0202-351.txt,https://www.stepi.re.kr/site/stepiko/report/View.do?reIdx=351,官方PDF已保存并校验
科技前瞻与未来社会,科技创新政策与能力基线,C-STEPI-A0202-351,2022-12-23,W3,과학기술정책연구 환경변화에 대응하는 글로벌 네트워킹 강화 전략,机构正式研究,C:\Users\WINDOWS\OneDrive\知识库\智库信息爬虫\国际主要科技智库观点演变_研判\03_证据底稿\原文PDF\C-STEPI-A0202-351.pdf,C:\Users\WINDOWS\OneDrive\知识库\智库信息爬虫\国际主要科技智库观点演变_研判\03_证据底稿\文本\C-STEPI-A0202-351.txt,https://www.stepi.re.kr/site/stepiko/report/View.do?reIdx=351,官方PDF已保存并校验
科研体系、研发投入与评价,科技创新政策与能力基线,C-STEPI-A0201-843,2016-12-30,W1,연구개발투자에서 정부와 민간의 역할 분석 연구,机构正式研究,C:\Users\WINDOWS\OneDrive\知识库\智库信息爬虫\国际主要科技智库观点演变_研判\03_证据底稿\原文PDF\C-STEPI-A0201-843.pdf,C:\Users\WINDOWS\OneDrive\知识库\智库信息爬虫\国际主要科技智库观点演变_研判\03_证据底稿\文本\C-STEPI-A0201-843.txt,https://www.stepi.re.kr/site/stepiko/report/View.do?reIdx=843,官方PDF已保存并校验
科技人才、大学与知识流动,科技创新政策与能力基线,C-STEPI-A0201-843,2016-12-30,W1,연구개발투자에서 정부와 민간의 역할 분석 연구,机构正式研究,C:\Users\WINDOWS\OneDrive\知识库\智库信息爬虫\国际主要科技智库观点演变_研判\03_证据底稿\原文PDF\C-STEPI-A0201-843.pdf,C:\Users\WINDOWS\OneDrive\知识库\智库信息爬虫\国际主要科技智库观点演变_研判\03_证据底稿\文本\C-STEPI-A0201-843.txt,https://www.stepi.re.kr/site/stepiko/report/View.do?reIdx=843,官方PDF已保存并校验
产业创新、创业与区域体系,科技创新政策与能力基线,C-STEPI-A0201-843,2016-12-30,W1,연구개발투자에서 정부와 민간의 역할 분석 연구,机构正式研究,C:\Users\WINDOWS\OneDrive\知识库\智库信息爬虫\国际主要科技智库观点演变_研判\03_证据底稿\原文PDF\C-STEPI-A0201-843.pdf,C:\Users\WINDOWS\OneDrive\知识库\智库信息爬虫\国际主要科技智库观点演变_研判\03_证据底稿\文本\C-STEPI-A0201-843.txt,https://www.stepi.re.kr/site/stepiko/report/View.do?reIdx=843,官方PDF已保存并校验
科技前瞻与未来社会,科技创新政策与能力基线,C-STEPI-A0201-843,2016-12-30,W1,연구개발투자에서 정부와 민간의 역할 분석 연구,机构正式研究,C:\Users\WINDOWS\OneDrive\知识库\智库信息爬虫\国际主要科技智库观点演变_研判\03_证据底稿\原文PDF\C-STEPI-A0201-843.pdf,C:\Users\WINDOWS\OneDrive\知识库\智库信息爬虫\国际主要科技智库观点演变_研判\03_证据底稿\文本\C-STEPI-A0201-843.txt,https://www.stepi.re.kr/site/stepiko/report/View.do?reIdx=843,官方PDF已保存并校验
能源、气候与绿色转型,科技创新政策与能力基线,C-STEPI-A0201-844,2016-12-30,W1,과학기술인력의 연구환경 진단과 대응 -출연(연) 연구자를 중심으로-,机构正式研究,C:\Users\WINDOWS\OneDrive\知识库\智库信息爬虫\国际主要科技智库观点演变_研判\03_证据底稿\原文PDF\C-STEPI-A0201-844.pdf,C:\Users\WINDOWS\OneDrive\知识库\智库信息爬虫\国际主要科技智库观点演变_研判\03_证据底稿\文本\C-STEPI-A0201-844.txt,https://www.stepi.re.kr/site/stepiko/report/View.do?reIdx=844,官方PDF已保存并校验
科研体系、研发投入与评价,科技创新政策与能力基线,C-STEPI-A0201-844,2016-12-30,W1,과학기술인력의 연구환경 진단과 대응 -출연(연) 연구자를 중심으로-,机构正式研究,C:\Users\WINDOWS\OneDrive\知识库\智库信息爬虫\国际主要科技智库观点演变_研判\03_证据底稿\原文PDF\C-STEPI-A0201-844.pdf,C:\Users\WINDOWS\OneDrive\知识库\智库信息爬虫\国际主要科技智库观点演变_研判\03_证据底稿\文本\C-STEPI-A0201-844.txt,https://www.stepi.re.kr/site/stepiko/report/View.do?reIdx=844,官方PDF已保存并校验
科技人才、大学与知识流动,科技创新政策与能力基线,C-STEPI-A0201-844,2016-12-30,W1,과학기술인력의 연구환경 진단과 대응 -출연(연) 연구자를 중심으로-,机构正式研究,C:\Users\WINDOWS\OneDrive\知识库\智库信息爬虫\国际主要科技智库观点演变_研判\03_证据底稿\原文PDF\C-STEPI-A0201-844.pdf,C:\Users\WINDOWS\OneDrive\知识库\智库信息爬虫\国际主要科技智库观点演变_研判\03_证据底稿\文本\C-STEPI-A0201-844.txt,https://www.stepi.re.kr/site/stepiko/report/View.do?reIdx=844,官方PDF已保存并校验
产业创新、创业与区域体系,科技创新政策与能力基线,C-STEPI-A0201-844,2016-12-30,W1,과학기술인력의 연구환경 진단과 대응 -출연(연) 연구자를 중심으로-,机构正式研究,C:\Users\WINDOWS\OneDrive\知识库\智库信息爬虫\国际主要科技智库观点演变_研判\03_证据底稿\原文PDF\C-STEPI-A0201-844.pdf,C:\Users\WINDOWS\OneDrive\知识库\智库信息爬虫\国际主要科技智库观点演变_研判\03_证据底稿\文本\C-STEPI-A0201-844.txt,https://www.stepi.re.kr/site/stepiko/report/View.do?reIdx=844,官方PDF已保存并校验
科技前瞻与未来社会,科技创新政策与能力基线,C-STEPI-A0201-844,2016-12-30,W1,과학기술인력의 연구환경 진단과 대응 -출연(연) 연구자를 중심으로-,机构正式研究,C:\Users\WINDOWS\OneDrive\知识库\智库信息爬虫\国际主要科技智库观点演变_研判\03_证据底稿\原文PDF\C-STEPI-A0201-844.pdf,C:\Users\WINDOWS\OneDrive\知识库\智库信息爬虫\国际主要科技智库观点演变_研判\03_证据底稿\文本\C-STEPI-A0201-844.txt,https://www.stepi.re.kr/site/stepiko/report/View.do?reIdx=844,官方PDF已保存并校验
科研体系、研发投入与评价,科技创新政策与能力基线,C-STEPI-A0201-845,2016-12-30,W1,정부 R&D 전략과 추진체계 개선방안,机构正式研究,C:\Users\WINDOWS\OneDrive\知识库\智库信息爬虫\国际主要科技智库观点演变_研判\03_证据底稿\原文PDF\C-STEPI-A0201-845.pdf,C:\Users\WINDOWS\OneDrive\知识库\智库信息爬虫\国际主要科技智库观点演变_研判\03_证据底稿\文本\C-STEPI-A0201-845.txt,https://www.stepi.re.kr/site/stepiko/report/View.do?reIdx=845,官方PDF已保存并校验
产业创新、创业与区域体系,科技创新政策与能力基线,C-STEPI-A0201-845,2016-12-30,W1,정부 R&D 전략과 추진체계 개선방안,机构正式研究,C:\Users\WINDOWS\OneDrive\知识库\智库信息爬虫\国际主要科技智库观点演变_研判\03_证据底稿\原文PDF\C-STEPI-A0201-845.pdf,C:\Users\WINDOWS\OneDrive\知识库\智库信息爬虫\国际主要科技智库观点演变_研判\03_证据底稿\文本\C-STEPI-A0201-845.txt,https://www.stepi.re.kr/site/stepiko/report/View.do?reIdx=845,官方PDF已保存并校验
科技前瞻与未来社会,科技创新政策与能力基线,C-STEPI-A0201-845,2016-12-30,W1,정부 R&D 전략과 추진체계 개선방안,机构正式研究,C:\Users\WINDOWS\OneDrive\知识库\智库信息爬虫\国际主要科技智库观点演变_研判\03_证据底稿\原文PDF\C-STEPI-A0201-845.pdf,C:\Users\WINDOWS\OneDrive\知识库\智库信息爬虫\国际主要科技智库观点演变_研判\03_证据底稿\文本\C-STEPI-A0201-845.txt,https://www.stepi.re.kr/site/stepiko/report/View.do?reIdx=845,官方PDF已保存并校验
人工智能、数据与数字技术,科技创新政策与能力基线,C-STEPI-A0201-846,2016-12-30,W1,R&D 투자 영향평가 기반구축 및 시범분석(1차년도),机构正式研究,C:\Users\WINDOWS\OneDrive\知识库\智库信息爬虫\国际主要科技智库观点演变_研判\03_证据底稿\原文PDF\C-STEPI-A0201-846.pdf,C:\Users\WINDOWS\OneDrive\知识库\智库信息爬虫\国际主要科技智库观点演变_研判\03_证据底稿\文本\C-STEPI-A0201-846.txt,https://www.stepi.re.kr/site/stepiko/report/View.do?reIdx=846,官方PDF已保存并校验
生命科学、生物技术与健康,科技创新政策与能力基线,C-STEPI-A0201-846,2016-12-30,W1,R&D 투자 영향평가 기반구축 및 시범분석(1차년도),机构正式研究,C:\Users\WINDOWS\OneDrive\知识库\智库信息爬虫\国际主要科技智库观点演变_研判\03_证据底稿\原文PDF\C-STEPI-A0201-846.pdf,C:\Users\WINDOWS\OneDrive\知识库\智库信息爬虫\国际主要科技智库观点演变_研判\03_证据底稿\文本\C-STEPI-A0201-846.txt,https://www.stepi.re.kr/site/stepiko/report/View.do?reIdx=846,官方PDF已保存并校验
能源、气候与绿色转型,科技创新政策与能力基线,C-STEPI-A0201-846,2016-12-30,W1,R&D 투자 영향평가 기반구축 및 시범분석(1차년도),机构正式研究,C:\Users\WINDOWS\OneDrive\知识库\智库信息爬虫\国际主要科技智库观点演变_研判\03_证据底稿\原文PDF\C-STEPI-A0201-846.pdf,C:\Users\WINDOWS\OneDrive\知识库\智库信息爬虫\国际主要科技智库观点演变_研判\03_证据底稿\文本\C-STEPI-A0201-846.txt,https://www.stepi.re.kr/site/stepiko/report/View.do?reIdx=846,官方PDF已保存并校验
科研体系、研发投入与评价,科技创新政策与能力基线,C-STEPI-A0201-846,2016-12-30,W1,R&D 투자 영향평가 기반구축 및 시범분석(1차년도),机构正式研究,C:\Users\WINDOWS\OneDrive\知识库\智库信息爬虫\国际主要科技智库观点演变_研判\03_证据底稿\原文PDF\C-STEPI-A0201-846.pdf,C:\Users\WINDOWS\OneDrive\知识库\智库信息爬虫\国际主要科技智库观点演变_研判\03_证据底稿\文本\C-STEPI-A0201-846.txt,https://www.stepi.re.kr/site/stepiko/report/View.do?reIdx=846,官方PDF已保存并校验
科技人才、大学与知识流动,科技创新政策与能力基线,C-STEPI-A0201-846,2016-12-30,W1,R&D 투자 영향평가 기반구축 및 시범분석(1차년도),机构正式研究,C:\Users\WINDOWS\OneDrive\知识库\智库信息爬虫\国际主要科技智库观点演变_研判\03_证据底稿\原文PDF\C-STEPI-A0201-846.pdf,C:\Users\WINDOWS\OneDrive\知识库\智库信息爬虫\国际主要科技智库观点演变_研判\03_证据底稿\文本\C-STEPI-A0201-846.txt,https://www.stepi.re.kr/site/stepiko/report/View.do?reIdx=846,官方PDF已保存并校验
产业创新、创业与区域体系,科技创新政策与能力基线,C-STEPI-A0201-846,2016-12-30,W1,R&D 투자 영향평가 기반구축 및 시범분석(1차년도),机构正式研究,C:\Users\WINDOWS\OneDrive\知识库\智库信息爬虫\国际主要科技智库观点演变_研判\03_证据底稿\原文PDF\C-STEPI-A0201-846.pdf,C:\Users\WINDOWS\OneDrive\知识库\智库信息爬虫\国际主要科技智库观点演变_研判\03_证据底稿\文本\C-STEPI-A0201-846.txt,https://www.stepi.re.kr/site/stepiko/report/View.do?reIdx=846,官方PDF已保存并校验
科技前瞻与未来社会,科技创新政策与能力基线,C-STEPI-A0201-846,2016-12-30,W1,R&D 투자 영향평가 기반구축 및 시범분석(1차년도),机构正式研究,C:\Users\WINDOWS\OneDrive\知识库\智库信息爬虫\国际主要科技智库观点演变_研判\03_证据底稿\原文PDF\C-STEPI-A0201-846.pdf,C:\Users\WINDOWS\OneDrive\知识库\智库信息爬虫\国际主要科技智库观点演变_研判\03_证据底稿\文本\C-STEPI-A0201-846.txt,https://www.stepi.re.kr/site/stepiko/report/View.do?reIdx=846,官方PDF已保存并校验
科研体系、研发投入与评价,科技创新政策与能力基线,C-STEPI-A0201-847,2016-12-30,W1,지역 기반의 지식 트라이앵글에서 대학의 역할 강화 방안,机构正式研究,C:\Users\WINDOWS\OneDrive\知识库\智库信息爬虫\国际主要科技智库观点演变_研判\03_证据底稿\原文PDF\C-STEPI-A0201-847.pdf,C:\Users\WINDOWS\OneDrive\知识库\智库信息爬虫\国际主要科技智库观点演变_研判\03_证据底稿\文本\C-STEPI-A0201-847.txt,https://www.stepi.re.kr/site/stepiko/report/View.do?reIdx=847,官方PDF已保存并校验
科技人才、大学与知识流动,科技创新政策与能力基线,C-STEPI-A0201-847,2016-12-30,W1,지역 기반의 지식 트라이앵글에서 대학의 역할 강화 방안,机构正式研究,C:\Users\WINDOWS\OneDrive\知识库\智库信息爬虫\国际主要科技智库观点演变_研判\03_证据底稿\原文PDF\C-STEPI-A0201-847.pdf,C:\Users\WINDOWS\OneDrive\知识库\智库信息爬虫\国际主要科技智库观点演变_研判\03_证据底稿\文本\C-STEPI-A0201-847.txt,https://www.stepi.re.kr/site/stepiko/report/View.do?reIdx=847,官方PDF已保存并校验
产业创新、创业与区域体系,科技创新政策与能力基线,C-STEPI-A0201-847,2016-12-30,W1,지역 기반의 지식 트라이앵글에서 대학의 역할 강화 방안,机构正式研究,C:\Users\WINDOWS\OneDrive\知识库\智库信息爬虫\国际主要科技智库观点演变_研判\03_证据底稿\原文PDF\C-STEPI-A0201-847.pdf,C:\Users\WINDOWS\OneDrive\知识库\智库信息爬虫\国际主要科技智库观点演变_研判\03_证据底稿\文本\C-STEPI-A0201-847.txt,https://www.stepi.re.kr/site/stepiko/report/View.do?reIdx=847,官方PDF已保存并校验
科技前瞻与未来社会,科技创新政策与能力基线,C-STEPI-A0201-847,2016-12-30,W1,지역 기반의 지식 트라이앵글에서 대학의 역할 강화 방안,机构正式研究,C:\Users\WINDOWS\OneDrive\知识库\智库信息爬虫\国际主要科技智库观点演变_研判\03_证据底稿\原文PDF\C-STEPI-A0201-847.pdf,C:\Users\WINDOWS\OneDrive\知识库\智库信息爬虫\国际主要科技智库观点演变_研判\03_证据底稿\文本\C-STEPI-A0201-847.txt,https://www.stepi.re.kr/site/stepiko/report/View.do?reIdx=847,官方PDF已保存并校验
科研体系、研发投入与评价,科技创新政策与能力基线,C-STEPI-A0201-848,2016-12-30,W1,연구개발성과의 질적 평가체계 구축방안,机构正式研究,C:\Users\WINDOWS\OneDrive\知识库\智库信息爬虫\国际主要科技智库观点演变_研判\03_证据底稿\原文PDF\C-STEPI-A0201-848.pdf,C:\Users\WINDOWS\OneDrive\知识库\智库信息爬虫\国际主要科技智库观点演变_研判\03_证据底稿\文本\C-STEPI-A0201-848.txt,https://www.stepi.re.kr/site/stepiko/report/View.do?reIdx=848,官方PDF已保存并校验
科技人才、大学与知识流动,科技创新政策与能力基线,C-STEPI-A0201-848,2016-12-30,W1,연구개발성과의 질적 평가체계 구축방안,机构正式研究,C:\Users\WINDOWS\OneDrive\知识库\智库信息爬虫\国际主要科技智库观点演变_研判\03_证据底稿\原文PDF\C-STEPI-A0201-848.pdf,C:\Users\WINDOWS\OneDrive\知识库\智库信息爬虫\国际主要科技智库观点演变_研判\03_证据底稿\文本\C-STEPI-A0201-848.txt,https://www.stepi.re.kr/site/stepiko/report/View.do?reIdx=848,官方PDF已保存并校验
产业创新、创业与区域体系,科技创新政策与能力基线,C-STEPI-A0201-848,2016-12-30,W1,연구개발성과의 질적 평가체계 구축방안,机构正式研究,C:\Users\WINDOWS\OneDrive\知识库\智库信息爬虫\国际主要科技智库观点演变_研判\03_证据底稿\原文PDF\C-STEPI-A0201-848.pdf,C:\Users\WINDOWS\OneDrive\知识库\智库信息爬虫\国际主要科技智库观点演变_研判\03_证据底稿\文本\C-STEPI-A0201-848.txt,https://www.stepi.re.kr/site/stepiko/report/View.do?reIdx=848,官方PDF已保存并校验
生命科学、生物技术与健康,科技创新政策与能力基线,C-STEPI-A0201-849,2016-12-30,W1,공공부문 과학연구에서의 자율과 책임,机构正式研究,C:\Users\WINDOWS\OneDrive\知识库\智库信息爬虫\国际主要科技智库观点演变_研判\03_证据底稿\原文PDF\C-STEPI-A0201-849.pdf,C:\Users\WINDOWS\OneDrive\知识库\智库信息爬虫\国际主要科技智库观点演变_研判\03_证据底稿\文本\C-STEPI-A0201-849.txt,https://www.stepi.re.kr/site/stepiko/report/View.do?reIdx=849,官方PDF已保存并校验
科研体系、研发投入与评价,科技创新政策与能力基线,C-STEPI-A0201-849,2016-12-30,W1,공공부문 과학연구에서의 자율과 책임,机构正式研究,C:\Users\WINDOWS\OneDrive\知识库\智库信息爬虫\国际主要科技智库观点演变_研判\03_证据底稿\原文PDF\C-STEPI-A0201-849.pdf,C:\Users\WINDOWS\OneDrive\知识库\智库信息爬虫\国际主要科技智库观点演变_研判\03_证据底稿\文本\C-STEPI-A0201-849.txt,https://www.stepi.re.kr/site/stepiko/report/View.do?reIdx=849,官方PDF已保存并校验
科技人才、大学与知识流动,科技创新政策与能力基线,C-STEPI-A0201-849,2016-12-30,W1,공공부문 과학연구에서의 자율과 책임,机构正式研究,C:\Users\WINDOWS\OneDrive\知识库\智库信息爬虫\国际主要科技智库观点演变_研判\03_证据底稿\原文PDF\C-STEPI-A0201-849.pdf,C:\Users\WINDOWS\OneDrive\知识库\智库信息爬虫\国际主要科技智库观点演变_研判\03_证据底稿\文本\C-STEPI-A0201-849.txt,https://www.stepi.re.kr/site/stepiko/report/View.do?reIdx=849,官方PDF已保存并校验
产业创新、创业与区域体系,科技创新政策与能力基线,C-STEPI-A0201-849,2016-12-30,W1,공공부문 과학연구에서의 자율과 책임,机构正式研究,C:\Users\WINDOWS\OneDrive\知识库\智库信息爬虫\国际主要科技智库观点演变_研判\03_证据底稿\原文PDF\C-STEPI-A0201-849.pdf,C:\Users\WINDOWS\OneDrive\知识库\智库信息爬虫\国际主要科技智库观点演变_研判\03_证据底稿\文本\C-STEPI-A0201-849.txt,https://www.stepi.re.kr/site/stepiko/report/View.do?reIdx=849,官方PDF已保存并校验
人工智能、数据与数字技术,科技创新政策与能力基线,C-STEPI-A0201-850,2016-12-30,W1,오픈 사이언스를 위한 연구성과물 공개정책과 과제,机构正式研究,C:\Users\WINDOWS\OneDrive\知识库\智库信息爬虫\国际主要科技智库观点演变_研判\03_证据底稿\原文PDF\C-STEPI-A0201-850.pdf,C:\Users\WINDOWS\OneDrive\知识库\智库信息爬虫\国际主要科技智库观点演变_研判\03_证据底稿\文本\C-STEPI-A0201-850.txt,https://www.stepi.re.kr/site/stepiko/report/View.do?reIdx=850,官方PDF已保存并校验
科研体系、研发投入与评价,科技创新政策与能力基线,C-STEPI-A0201-850,2016-12-30,W1,오픈 사이언스를 위한 연구성과물 공개정책과 과제,机构正式研究,C:\Users\WINDOWS\OneDrive\知识库\智库信息爬虫\国际主要科技智库观点演变_研判\03_证据底稿\原文PDF\C-STEPI-A0201-850.pdf,C:\Users\WINDOWS\OneDrive\知识库\智库信息爬虫\国际主要科技智库观点演变_研判\03_证据底稿\文本\C-STEPI-A0201-850.txt,https://www.stepi.re.kr/site/stepiko/report/View.do?reIdx=850,官方PDF已保存并校验
科技人才、大学与知识流动,科技创新政策与能力基线,C-STEPI-A0201-850,2016-12-30,W1,오픈 사이언스를 위한 연구성과물 공개정책과 과제,机构正式研究,C:\Users\WINDOWS\OneDrive\知识库\智库信息爬虫\国际主要科技智库观点演变_研判\03_证据底稿\原文PDF\C-STEPI-A0201-850.pdf,C:\Users\WINDOWS\OneDrive\知识库\智库信息爬虫\国际主要科技智库观点演变_研判\03_证据底稿\文本\C-STEPI-A0201-850.txt,https://www.stepi.re.kr/site/stepiko/report/View.do?reIdx=850,官方PDF已保存并校验
科研体系、研发投入与评价,科技创新政策与能力基线,C-STEPI-A0201-851,2016-12-30,W1,융합이 기술혁신패턴에 미치는 영향과 대응전략 -자동차산업과 디스플레이산업을 중심으로-,机构正式研究,C:\Users\WINDOWS\OneDrive\知识库\智库信息爬虫\国际主要科技智库观点演变_研判\03_证据底稿\原文PDF\C-STEPI-A0201-851.pdf,C:\Users\WINDOWS\OneDrive\知识库\智库信息爬虫\国际主要科技智库观点演变_研判\03_证据底稿\文本\C-STEPI-A0201-851.txt,https://www.stepi.re.kr/site/stepiko/report/View.do?reIdx=851,官方PDF已保存并校验
科技人才、大学与知识流动,科技创新政策与能力基线,C-STEPI-A0201-851,2016-12-30,W1,융합이 기술혁신패턴에 미치는 영향과 대응전략 -자동차산업과 디스플레이산업을 중심으로-,机构正式研究,C:\Users\WINDOWS\OneDrive\知识库\智库信息爬虫\国际主要科技智库观点演变_研判\03_证据底稿\原文PDF\C-STEPI-A0201-851.pdf,C:\Users\WINDOWS\OneDrive\知识库\智库信息爬虫\国际主要科技智库观点演变_研判\03_证据底稿\文本\C-STEPI-A0201-851.txt,https://www.stepi.re.kr/site/stepiko/report/View.do?reIdx=851,官方PDF已保存并校验
产业创新、创业与区域体系,科技创新政策与能力基线,C-STEPI-A0201-851,2016-12-30,W1,융합이 기술혁신패턴에 미치는 영향과 대응전략 -자동차산업과 디스플레이산업을 중심으로-,机构正式研究,C:\Users\WINDOWS\OneDrive\知识库\智库信息爬虫\国际主要科技智库观点演变_研判\03_证据底稿\原文PDF\C-STEPI-A0201-851.pdf,C:\Users\WINDOWS\OneDrive\知识库\智库信息爬虫\国际主要科技智库观点演变_研判\03_证据底稿\文本\C-STEPI-A0201-851.txt,https://www.stepi.re.kr/site/stepiko/report/View.do?reIdx=851,官方PDF已保存并校验
科技前瞻与未来社会,科技创新政策与能力基线,C-STEPI-A0201-851,2016-12-30,W1,융합이 기술혁신패턴에 미치는 영향과 대응전략 -자동차산업과 디스플레이산업을 중심으로-,机构正式研究,C:\Users\WINDOWS\OneDrive\知识库\智库信息爬虫\国际主要科技智库观点演变_研判\03_证据底稿\原文PDF\C-STEPI-A0201-851.pdf,C:\Users\WINDOWS\OneDrive\知识库\智库信息爬虫\国际主要科技智库观点演变_研判\03_证据底稿\文本\C-STEPI-A0201-851.txt,https://www.stepi.re.kr/site/stepiko/report/View.do?reIdx=851,官方PDF已保存并校验
科研体系、研发投入与评价,科技创新政策与能力基线,C-STEPI-A0201-852,2016-12-30,W1,농업과학기술 혁신체계의 진화와 선택: 국가간 비교연구,机构正式研究,C:\Users\WINDOWS\OneDrive\知识库\智库信息爬虫\国际主要科技智库观点演变_研判\03_证据底稿\原文PDF\C-STEPI-A0201-852.pdf,C:\Users\WINDOWS\OneDrive\知识库\智库信息爬虫\国际主要科技智库观点演变_研判\03_证据底稿\文本\C-STEPI-A0201-852.txt,https://www.stepi.re.kr/site/stepiko/report/View.do?reIdx=852,官方PDF已保存并校验
科技人才、大学与知识流动,科技创新政策与能力基线,C-STEPI-A0201-852,2016-12-30,W1,농업과학기술 혁신체계의 진화와 선택: 국가간 비교연구,机构正式研究,C:\Users\WINDOWS\OneDrive\知识库\智库信息爬虫\国际主要科技智库观点演变_研判\03_证据底稿\原文PDF\C-STEPI-A0201-852.pdf,C:\Users\WINDOWS\OneDrive\知识库\智库信息爬虫\国际主要科技智库观点演变_研判\03_证据底稿\文本\C-STEPI-A0201-852.txt,https://www.stepi.re.kr/site/stepiko/report/View.do?reIdx=852,官方PDF已保存并校验
产业创新、创业与区域体系,科技创新政策与能力基线,C-STEPI-A0201-852,2016-12-30,W1,농업과학기술 혁신체계의 진화와 선택: 국가간 비교연구,机构正式研究,C:\Users\WINDOWS\OneDrive\知识库\智库信息爬虫\国际主要科技智库观点演变_研判\03_证据底稿\原文PDF\C-STEPI-A0201-852.pdf,C:\Users\WINDOWS\OneDrive\知识库\智库信息爬虫\国际主要科技智库观点演变_研判\03_证据底稿\文本\C-STEPI-A0201-852.txt,https://www.stepi.re.kr/site/stepiko/report/View.do?reIdx=852,官方PDF已保存并校验
科技前瞻与未来社会,科技创新政策与能力基线,C-STEPI-A0201-852,2016-12-30,W1,농업과학기술 혁신체계의 진화와 선택: 국가간 비교연구,机构正式研究,C:\Users\WINDOWS\OneDrive\知识库\智库信息爬虫\国际主要科技智库观点演变_研判\03_证据底稿\原文PDF\C-STEPI-A0201-852.pdf,C:\Users\WINDOWS\OneDrive\知识库\智库信息爬虫\国际主要科技智库观点演变_研判\03_证据底稿\文本\C-STEPI-A0201-852.txt,https://www.stepi.re.kr/site/stepiko/report/View.do?reIdx=852,官方PDF已保存并校验
生命科学、生物技术与健康,科技创新政策与能力基线,C-STEPI-A0201-853,2016-12-30,W1,혁신제품 확산효과의 예측모형 연구,机构正式研究,C:\Users\WINDOWS\OneDrive\知识库\智库信息爬虫\国际主要科技智库观点演变_研判\03_证据底稿\原文PDF\C-STEPI-A0201-853.pdf,C:\Users\WINDOWS\OneDrive\知识库\智库信息爬虫\国际主要科技智库观点演变_研判\03_证据底稿\文本\C-STEPI-A0201-853.txt,https://www.stepi.re.kr/site/stepiko/report/View.do?reIdx=853,官方PDF已保存并校验
科研体系、研发投入与评价,科技创新政策与能力基线,C-STEPI-A0201-853,2016-12-30,W1,혁신제품 확산효과의 예측모형 연구,机构正式研究,C:\Users\WINDOWS\OneDrive\知识库\智库信息爬虫\国际主要科技智库观点演变_研判\03_证据底稿\原文PDF\C-STEPI-A0201-853.pdf,C:\Users\WINDOWS\OneDrive\知识库\智库信息爬虫\国际主要科技智库观点演变_研判\03_证据底稿\文本\C-STEPI-A0201-853.txt,https://www.stepi.re.kr/site/stepiko/report/View.do?reIdx=853,官方PDF已保存并校验
科技人才、大学与知识流动,科技创新政策与能力基线,C-STEPI-A0201-853,2016-12-30,W1,혁신제품 확산효과의 예측모형 연구,机构正式研究,C:\Users\WINDOWS\OneDrive\知识库\智库信息爬虫\国际主要科技智库观点演变_研判\03_证据底稿\原文PDF\C-STEPI-A0201-853.pdf,C:\Users\WINDOWS\OneDrive\知识库\智库信息爬虫\国际主要科技智库观点演变_研判\03_证据底稿\文本\C-STEPI-A0201-853.txt,https://www.stepi.re.kr/site/stepiko/report/View.do?reIdx=853,官方PDF已保存并校验
产业创新、创业与区域体系,科技创新政策与能力基线,C-STEPI-A0201-853,2016-12-30,W1,혁신제품 확산효과의 예측모형 연구,机构正式研究,C:\Users\WINDOWS\OneDrive\知识库\智库信息爬虫\国际主要科技智库观点演变_研判\03_证据底稿\原文PDF\C-STEPI-A0201-853.pdf,C:\Users\WINDOWS\OneDrive\知识库\智库信息爬虫\国际主要科技智库观点演变_研判\03_证据底稿\文本\C-STEPI-A0201-853.txt,https://www.stepi.re.kr/site/stepiko/report/View.do?reIdx=853,官方PDF已保存并校验
科技前瞻与未来社会,科技创新政策与能力基线,C-STEPI-A0201-853,2016-12-30,W1,혁신제품 확산효과의 예측모형 연구,机构正式研究,C:\Users\WINDOWS\OneDrive\知识库\智库信息爬虫\国际主要科技智库观点演变_研判\03_证据底稿\原文PDF\C-STEPI-A0201-853.pdf,C:\Users\WINDOWS\OneDrive\知识库\智库信息爬虫\国际主要科技智库观点演变_研判\03_证据底稿\文本\C-STEPI-A0201-853.txt,https://www.stepi.re.kr/site/stepiko/report/View.do?reIdx=853,官方PDF已保存并校验
人工智能、数据与数字技术,科技创新政策与能力基线,C-STEPI-A0201-854,2016-12-30,W1,글로벌 주도권 확보를 위한 사물인터넷 플랫폼 전략(1차년도),机构正式研究,C:\Users\WINDOWS\OneDrive\知识库\智库信息爬虫\国际主要科技智库观点演变_研判\03_证据底稿\原文PDF\C-STEPI-A0201-854.pdf,C:\Users\WINDOWS\OneDrive\知识库\智库信息爬虫\国际主要科技智库观点演变_研判\03_证据底稿\文本\C-STEPI-A0201-854.txt,https://www.stepi.re.kr/site/stepiko/report/View.do?reIdx=854,官方PDF已保存并校验
生命科学、生物技术与健康,科技创新政策与能力基线,C-STEPI-A0201-854,2016-12-30,W1,글로벌 주도권 확보를 위한 사물인터넷 플랫폼 전략(1차년도),机构正式研究,C:\Users\WINDOWS\OneDrive\知识库\智库信息爬虫\国际主要科技智库观点演变_研判\03_证据底稿\原文PDF\C-STEPI-A0201-854.pdf,C:\Users\WINDOWS\OneDrive\知识库\智库信息爬虫\国际主要科技智库观点演变_研判\03_证据底稿\文本\C-STEPI-A0201-854.txt,https://www.stepi.re.kr/site/stepiko/report/View.do?reIdx=854,官方PDF已保存并校验
能源、气候与绿色转型,科技创新政策与能力基线,C-STEPI-A0201-854,2016-12-30,W1,글로벌 주도권 확보를 위한 사물인터넷 플랫폼 전략(1차년도),机构正式研究,C:\Users\WINDOWS\OneDrive\知识库\智库信息爬虫\国际主要科技智库观点演变_研判\03_证据底稿\原文PDF\C-STEPI-A0201-854.pdf,C:\Users\WINDOWS\OneDrive\知识库\智库信息爬虫\国际主要科技智库观点演变_研判\03_证据底稿\文本\C-STEPI-A0201-854.txt,https://www.stepi.re.kr/site/stepiko/report/View.do?reIdx=854,官方PDF已保存并校验
科研体系、研发投入与评价,科技创新政策与能力基线,C-STEPI-A0201-854,2016-12-30,W1,글로벌 주도권 확보를 위한 사물인터넷 플랫폼 전략(1차년도),机构正式研究,C:\Users\WINDOWS\OneDrive\知识库\智库信息爬虫\国际主要科技智库观点演变_研判\03_证据底稿\原文PDF\C-STEPI-A0201-854.pdf,C:\Users\WINDOWS\OneDrive\知识库\智库信息爬虫\国际主要科技智库观点演变_研判\03_证据底稿\文本\C-STEPI-A0201-854.txt,https://www.stepi.re.kr/site/stepiko/report/View.do?reIdx=854,官方PDF已保存并校验
科技人才、大学与知识流动,科技创新政策与能力基线,C-STEPI-A0201-854,2016-12-30,W1,글로벌 주도권 확보를 위한 사물인터넷 플랫폼 전략(1차년도),机构正式研究,C:\Users\WINDOWS\OneDrive\知识库\智库信息爬虫\国际主要科技智库观点演变_研判\03_证据底稿\原文PDF\C-STEPI-A0201-854.pdf,C:\Users\WINDOWS\OneDrive\知识库\智库信息爬虫\国际主要科技智库观点演变_研判\03_证据底稿\文本\C-STEPI-A0201-854.txt,https://www.stepi.re.kr/site/stepiko/report/View.do?reIdx=854,官方PDF已保存并校验
产业创新、创业与区域体系,科技创新政策与能力基线,C-STEPI-A0201-854,2016-12-30,W1,글로벌 주도권 확보를 위한 사물인터넷 플랫폼 전략(1차년도),机构正式研究,C:\Users\WINDOWS\OneDrive\知识库\智库信息爬虫\国际主要科技智库观点演变_研判\03_证据底稿\原文PDF\C-STEPI-A0201-854.pdf,C:\Users\WINDOWS\OneDrive\知识库\智库信息爬虫\国际主要科技智库观点演变_研判\03_证据底稿\文本\C-STEPI-A0201-854.txt,https://www.stepi.re.kr/site/stepiko/report/View.do?reIdx=854,官方PDF已保存并校验
科技前瞻与未来社会,科技创新政策与能力基线,C-STEPI-A0201-854,2016-12-30,W1,글로벌 주도권 확보를 위한 사물인터넷 플랫폼 전략(1차년도),机构正式研究,C:\Users\WINDOWS\OneDrive\知识库\智库信息爬虫\国际主要科技智库观点演变_研判\03_证据底稿\原文PDF\C-STEPI-A0201-854.pdf,C:\Users\WINDOWS\OneDrive\知识库\智库信息爬虫\国际主要科技智库观点演变_研判\03_证据底稿\文本\C-STEPI-A0201-854.txt,https://www.stepi.re.kr/site/stepiko/report/View.do?reIdx=854,官方PDF已保存并校验
人工智能、数据与数字技术,科技创新政策与能力基线,C-STEPI-A0201-855,2016-12-30,W1,기술혁신형 공공구매(K-PPI)체계 구축과 추진전략,机构正式研究,C:\Users\WINDOWS\OneDrive\知识库\智库信息爬虫\国际主要科技智库观点演变_研判\03_证据底稿\原文PDF\C-STEPI-A0201-855.pdf,C:\Users\WINDOWS\OneDrive\知识库\智库信息爬虫\国际主要科技智库观点演变_研判\03_证据底稿\文本\C-STEPI-A0201-855.txt,https://www.stepi.re.kr/site/stepiko/report/View.do?reIdx=855,官方PDF已保存并校验
半导体、量子与战略技术,科技创新政策与能力基线,C-STEPI-A0201-855,2016-12-30,W1,기술혁신형 공공구매(K-PPI)체계 구축과 추진전략,机构正式研究,C:\Users\WINDOWS\OneDrive\知识库\智库信息爬虫\国际主要科技智库观点演变_研判\03_证据底稿\原文PDF\C-STEPI-A0201-855.pdf,C:\Users\WINDOWS\OneDrive\知识库\智库信息爬虫\国际主要科技智库观点演变_研判\03_证据底稿\文本\C-STEPI-A0201-855.txt,https://www.stepi.re.kr/site/stepiko/report/View.do?reIdx=855,官方PDF已保存并校验
科研体系、研发投入与评价,科技创新政策与能力基线,C-STEPI-A0201-855,2016-12-30,W1,기술혁신형 공공구매(K-PPI)체계 구축과 추진전략,机构正式研究,C:\Users\WINDOWS\OneDrive\知识库\智库信息爬虫\国际主要科技智库观点演变_研判\03_证据底稿\原文PDF\C-STEPI-A0201-855.pdf,C:\Users\WINDOWS\OneDrive\知识库\智库信息爬虫\国际主要科技智库观点演变_研判\03_证据底稿\文本\C-STEPI-A0201-855.txt,https://www.stepi.re.kr/site/stepiko/report/View.do?reIdx=855,官方PDF已保存并校验
产业创新、创业与区域体系,科技创新政策与能力基线,C-STEPI-A0201-855,2016-12-30,W1,기술혁신형 공공구매(K-PPI)체계 구축과 추진전략,机构正式研究,C:\Users\WINDOWS\OneDrive\知识库\智库信息爬虫\国际主要科技智库观点演变_研判\03_证据底稿\原文PDF\C-STEPI-A0201-855.pdf,C:\Users\WINDOWS\OneDrive\知识库\智库信息爬虫\国际主要科技智库观点演变_研判\03_证据底稿\文本\C-STEPI-A0201-855.txt,https://www.stepi.re.kr/site/stepiko/report/View.do?reIdx=855,官方PDF已保存并校验
科技前瞻与未来社会,科技创新政策与能力基线,C-STEPI-A0201-855,2016-12-30,W1,기술혁신형 공공구매(K-PPI)체계 구축과 추진전략,机构正式研究,C:\Users\WINDOWS\OneDrive\知识库\智库信息爬虫\国际主要科技智库观点演变_研判\03_证据底稿\原文PDF\C-STEPI-A0201-855.pdf,C:\Users\WINDOWS\OneDrive\知识库\智库信息爬虫\国际主要科技智库观点演变_研判\03_证据底稿\文本\C-STEPI-A0201-855.txt,https://www.stepi.re.kr/site/stepiko/report/View.do?reIdx=855,官方PDF已保存并校验
中国科技与国际比较,科技创新政策与能力基线,C-STEPI-A0201-856,2016-12-30,W1,산업주도권 확보를 위한 경쟁과 협력(coopetition)의 혁신전략 -세계 디스플레이 산업구도 분석-,机构正式研究,C:\Users\WINDOWS\OneDrive\知识库\智库信息爬虫\国际主要科技智库观点演变_研判\03_证据底稿\原文PDF\C-STEPI-A0201-856.pdf,C:\Users\WINDOWS\OneDrive\知识库\智库信息爬虫\国际主要科技智库观点演变_研判\03_证据底稿\文本\C-STEPI-A0201-856.txt,https://www.stepi.re.kr/site/stepiko/report/View.do?reIdx=856,官方PDF已保存并校验
人工智能、数据与数字技术,科技创新政策与能力基线,C-STEPI-A0201-856,2016-12-30,W1,산업주도권 확보를 위한 경쟁과 협력(coopetition)의 혁신전략 -세계 디스플레이 산업구도 분석-,机构正式研究,C:\Users\WINDOWS\OneDrive\知识库\智库信息爬虫\国际主要科技智库观点演变_研判\03_证据底稿\原文PDF\C-STEPI-A0201-856.pdf,C:\Users\WINDOWS\OneDrive\知识库\智库信息爬虫\国际主要科技智库观点演变_研判\03_证据底稿\文本\C-STEPI-A0201-856.txt,https://www.stepi.re.kr/site/stepiko/report/View.do?reIdx=856,官方PDF已保存并校验
半导体、量子与战略技术,科技创新政策与能力基线,C-STEPI-A0201-856,2016-12-30,W1,산업주도권 확보를 위한 경쟁과 협력(coopetition)의 혁신전략 -세계 디스플레이 산업구도 분석-,机构正式研究,C:\Users\WINDOWS\OneDrive\知识库\智库信息爬虫\国际主要科技智库观点演变_研判\03_证据底稿\原文PDF\C-STEPI-A0201-856.pdf,C:\Users\WINDOWS\OneDrive\知识库\智库信息爬虫\国际主要科技智库观点演变_研判\03_证据底稿\文本\C-STEPI-A0201-856.txt,https://www.stepi.re.kr/site/stepiko/report/View.do?reIdx=856,官方PDF已保存并校验
科研体系、研发投入与评价,科技创新政策与能力基线,C-STEPI-A0201-856,2016-12-30,W1,산업주도권 확보를 위한 경쟁과 협력(coopetition)의 혁신전략 -세계 디스플레이 산업구도 분석-,机构正式研究,C:\Users\WINDOWS\OneDrive\知识库\智库信息爬虫\国际主要科技智库观点演变_研判\03_证据底稿\原文PDF\C-STEPI-A0201-856.pdf,C:\Users\WINDOWS\OneDrive\知识库\智库信息爬虫\国际主要科技智库观点演变_研判\03_证据底稿\文本\C-STEPI-A0201-856.txt,https://www.stepi.re.kr/site/stepiko/report/View.do?reIdx=856,官方PDF已保存并校验
科技人才、大学与知识流动,科技创新政策与能力基线,C-STEPI-A0201-856,2016-12-30,W1,산업주도권 확보를 위한 경쟁과 협력(coopetition)의 혁신전략 -세계 디스플레이 산업구도 분석-,机构正式研究,C:\Users\WINDOWS\OneDrive\知识库\智库信息爬虫\国际主要科技智库观点演变_研判\03_证据底稿\原文PDF\C-STEPI-A0201-856.pdf,C:\Users\WINDOWS\OneDrive\知识库\智库信息爬虫\国际主要科技智库观点演变_研判\03_证据底稿\文本\C-STEPI-A0201-856.txt,https://www.stepi.re.kr/site/stepiko/report/View.do?reIdx=856,官方PDF已保存并校验
产业创新、创业与区域体系,科技创新政策与能力基线,C-STEPI-A0201-856,2016-12-30,W1,산업주도권 확보를 위한 경쟁과 협력(coopetition)의 혁신전략 -세계 디스플레이 산업구도 분석-,机构正式研究,C:\Users\WINDOWS\OneDrive\知识库\智库信息爬虫\国际主要科技智库观点演变_研判\03_证据底稿\原文PDF\C-STEPI-A0201-856.pdf,C:\Users\WINDOWS\OneDrive\知识库\智库信息爬虫\国际主要科技智库观点演变_研判\03_证据底稿\文本\C-STEPI-A0201-856.txt,https://www.stepi.re.kr/site/stepiko/report/View.do?reIdx=856,官方PDF已保存并校验
科技前瞻与未来社会,科技创新政策与能力基线,C-STEPI-A0201-856,2016-12-30,W1,산업주도권 확보를 위한 경쟁과 협력(coopetition)의 혁신전략 -세계 디스플레이 산업구도 분석-,机构正式研究,C:\Users\WINDOWS\OneDrive\知识库\智库信息爬虫\国际主要科技智库观点演变_研判\03_证据底稿\原文PDF\C-STEPI-A0201-856.pdf,C:\Users\WINDOWS\OneDrive\知识库\智库信息爬虫\国际主要科技智库观点演变_研判\03_证据底稿\文本\C-STEPI-A0201-856.txt,https://www.stepi.re.kr/site/stepiko/report/View.do?reIdx=856,官方PDF已保存并校验
人工智能、数据与数字技术,核心科技直接材料,C-STEPI-A0201-857,2016-12-30,W1,데이터 기반 헬스케어 혁신의 부상과 대응전략,机构正式研究,C:\Users\WINDOWS\OneDrive\知识库\智库信息爬虫\国际主要科技智库观点演变_研判\03_证据底稿\原文PDF\C-STEPI-A0201-857.pdf,C:\Users\WINDOWS\OneDrive\知识库\智库信息爬虫\国际主要科技智库观点演变_研判\03_证据底稿\文本\C-STEPI-A0201-857.txt,https://www.stepi.re.kr/site/stepiko/report/View.do?reIdx=857,官方PDF已保存并校验
半导体、量子与战略技术,核心科技直接材料,C-STEPI-A0201-857,2016-12-30,W1,데이터 기반 헬스케어 혁신의 부상과 대응전략,机构正式研究,C:\Users\WINDOWS\OneDrive\知识库\智库信息爬虫\国际主要科技智库观点演变_研判\03_证据底稿\原文PDF\C-STEPI-A0201-857.pdf,C:\Users\WINDOWS\OneDrive\知识库\智库信息爬虫\国际主要科技智库观点演变_研判\03_证据底稿\文本\C-STEPI-A0201-857.txt,https://www.stepi.re.kr/site/stepiko/report/View.do?reIdx=857,官方PDF已保存并校验
生命科学、生物技术与健康,核心科技直接材料,C-STEPI-A0201-857,2016-12-30,W1,데이터 기반 헬스케어 혁신의 부상과 대응전략,机构正式研究,C:\Users\WINDOWS\OneDrive\知识库\智库信息爬虫\国际主要科技智库观点演变_研判\03_证据底稿\原文PDF\C-STEPI-A0201-857.pdf,C:\Users\WINDOWS\OneDrive\知识库\智库信息爬虫\国际主要科技智库观点演变_研判\03_证据底稿\文本\C-STEPI-A0201-857.txt,https://www.stepi.re.kr/site/stepiko/report/View.do?reIdx=857,官方PDF已保存并校验
科研体系、研发投入与评价,核心科技直接材料,C-STEPI-A0201-857,2016-12-30,W1,데이터 기반 헬스케어 혁신의 부상과 대응전략,机构正式研究,C:\Users\WINDOWS\OneDrive\知识库\智库信息爬虫\国际主要科技智库观点演变_研判\03_证据底稿\原文PDF\C-STEPI-A0201-857.pdf,C:\Users\WINDOWS\OneDrive\知识库\智库信息爬虫\国际主要科技智库观点演变_研判\03_证据底稿\文本\C-STEPI-A0201-857.txt,https://www.stepi.re.kr/site/stepiko/report/View.do?reIdx=857,官方PDF已保存并校验
科技人才、大学与知识流动,核心科技直接材料,C-STEPI-A0201-857,2016-12-30,W1,데이터 기반 헬스케어 혁신의 부상과 대응전략,机构正式研究,C:\Users\WINDOWS\OneDrive\知识库\智库信息爬虫\国际主要科技智库观点演变_研判\03_证据底稿\原文PDF\C-STEPI-A0201-857.pdf,C:\Users\WINDOWS\OneDrive\知识库\智库信息爬虫\国际主要科技智库观点演变_研判\03_证据底稿\文本\C-STEPI-A0201-857.txt,https://www.stepi.re.kr/site/stepiko/report/View.do?reIdx=857,官方PDF已保存并校验
产业创新、创业与区域体系,核心科技直接材料,C-STEPI-A0201-857,2016-12-30,W1,데이터 기반 헬스케어 혁신의 부상과 대응전략,机构正式研究,C:\Users\WINDOWS\OneDrive\知识库\智库信息爬虫\国际主要科技智库观点演变_研判\03_证据底稿\原文PDF\C-STEPI-A0201-857.pdf,C:\Users\WINDOWS\OneDrive\知识库\智库信息爬虫\国际主要科技智库观点演变_研判\03_证据底稿\文本\C-STEPI-A0201-857.txt,https://www.stepi.re.kr/site/stepiko/report/View.do?reIdx=857,官方PDF已保存并校验
科技前瞻与未来社会,核心科技直接材料,C-STEPI-A0201-857,2016-12-30,W1,데이터 기반 헬스케어 혁신의 부상과 대응전략,机构正式研究,C:\Users\WINDOWS\OneDrive\知识库\智库信息爬虫\国际主要科技智库观点演变_研判\03_证据底稿\原文PDF\C-STEPI-A0201-857.pdf,C:\Users\WINDOWS\OneDrive\知识库\智库信息爬虫\国际主要科技智库观点演变_研判\03_证据底稿\文本\C-STEPI-A0201-857.txt,https://www.stepi.re.kr/site/stepiko/report/View.do?reIdx=857,官方PDF已保存并校验
人工智能、数据与数字技术,科技创新政策与能力基线,C-STEPI-A0201-858,2016-12-30,W1,포용적 혁신과 글로벌 협력전략,机构正式研究,C:\Users\WINDOWS\OneDrive\知识库\智库信息爬虫\国际主要科技智库观点演变_研判\03_证据底稿\原文PDF\C-STEPI-A0201-858.pdf,C:\Users\WINDOWS\OneDrive\知识库\智库信息爬虫\国际主要科技智库观点演变_研判\03_证据底稿\文本\C-STEPI-A0201-858.txt,https://www.stepi.re.kr/site/stepiko/report/View.do?reIdx=858,官方PDF已保存并校验
科研体系、研发投入与评价,科技创新政策与能力基线,C-STEPI-A0201-858,2016-12-30,W1,포용적 혁신과 글로벌 협력전략,机构正式研究,C:\Users\WINDOWS\OneDrive\知识库\智库信息爬虫\国际主要科技智库观点演变_研判\03_证据底稿\原文PDF\C-STEPI-A0201-858.pdf,C:\Users\WINDOWS\OneDrive\知识库\智库信息爬虫\国际主要科技智库观点演变_研判\03_证据底稿\文本\C-STEPI-A0201-858.txt,https://www.stepi.re.kr/site/stepiko/report/View.do?reIdx=858,官方PDF已保存并校验
科技人才、大学与知识流动,科技创新政策与能力基线,C-STEPI-A0201-858,2016-12-30,W1,포용적 혁신과 글로벌 협력전략,机构正式研究,C:\Users\WINDOWS\OneDrive\知识库\智库信息爬虫\国际主要科技智库观点演变_研判\03_证据底稿\原文PDF\C-STEPI-A0201-858.pdf,C:\Users\WINDOWS\OneDrive\知识库\智库信息爬虫\国际主要科技智库观点演变_研判\03_证据底稿\文本\C-STEPI-A0201-858.txt,https://www.stepi.re.kr/site/stepiko/report/View.do?reIdx=858,官方PDF已保存并校验
产业创新、创业与区域体系,科技创新政策与能力基线,C-STEPI-A0201-858,2016-12-30,W1,포용적 혁신과 글로벌 협력전략,机构正式研究,C:\Users\WINDOWS\OneDrive\知识库\智库信息爬虫\国际主要科技智库观点演变_研判\03_证据底稿\原文PDF\C-STEPI-A0201-858.pdf,C:\Users\WINDOWS\OneDrive\知识库\智库信息爬虫\国际主要科技智库观点演变_研判\03_证据底稿\文本\C-STEPI-A0201-858.txt,https://www.stepi.re.kr/site/stepiko/report/View.do?reIdx=858,官方PDF已保存并校验
科技前瞻与未来社会,科技创新政策与能力基线,C-STEPI-A0201-858,2016-12-30,W1,포용적 혁신과 글로벌 협력전략,机构正式研究,C:\Users\WINDOWS\OneDrive\知识库\智库信息爬虫\国际主要科技智库观点演变_研判\03_证据底稿\原文PDF\C-STEPI-A0201-858.pdf,C:\Users\WINDOWS\OneDrive\知识库\智库信息爬虫\国际主要科技智库观点演变_研判\03_证据底稿\文本\C-STEPI-A0201-858.txt,https://www.stepi.re.kr/site/stepiko/report/View.do?reIdx=858,官方PDF已保存并校验
中国科技与国际比较,科技创新政策与能力基线,C-STEPI-A0201-859,2016-12-30,W1,북한의 과학기술인력 현황분석과 협력 과제,机构正式研究,C:\Users\WINDOWS\OneDrive\知识库\智库信息爬虫\国际主要科技智库观点演变_研判\03_证据底稿\原文PDF\C-STEPI-A0201-859.pdf,C:\Users\WINDOWS\OneDrive\知识库\智库信息爬虫\国际主要科技智库观点演变_研判\03_证据底稿\文本\C-STEPI-A0201-859.txt,https://www.stepi.re.kr/site/stepiko/report/View.do?reIdx=859,官方PDF已保存并校验
人工智能、数据与数字技术,科技创新政策与能力基线,C-STEPI-A0201-859,2016-12-30,W1,북한의 과학기술인력 현황분석과 협력 과제,机构正式研究,C:\Users\WINDOWS\OneDrive\知识库\智库信息爬虫\国际主要科技智库观点演变_研判\03_证据底稿\原文PDF\C-STEPI-A0201-859.pdf,C:\Users\WINDOWS\OneDrive\知识库\智库信息爬虫\国际主要科技智库观点演变_研判\03_证据底稿\文本\C-STEPI-A0201-859.txt,https://www.stepi.re.kr/site/stepiko/report/View.do?reIdx=859,官方PDF已保存并校验
半导体、量子与战略技术,科技创新政策与能力基线,C-STEPI-A0201-859,2016-12-30,W1,북한의 과학기술인력 현황분석과 협력 과제,机构正式研究,C:\Users\WINDOWS\OneDrive\知识库\智库信息爬虫\国际主要科技智库观点演变_研判\03_证据底稿\原文PDF\C-STEPI-A0201-859.pdf,C:\Users\WINDOWS\OneDrive\知识库\智库信息爬虫\国际主要科技智库观点演变_研判\03_证据底稿\文本\C-STEPI-A0201-859.txt,https://www.stepi.re.kr/site/stepiko/report/View.do?reIdx=859,官方PDF已保存并校验
科研体系、研发投入与评价,科技创新政策与能力基线,C-STEPI-A0201-859,2016-12-30,W1,북한의 과학기술인력 현황분석과 협력 과제,机构正式研究,C:\Users\WINDOWS\OneDrive\知识库\智库信息爬虫\国际主要科技智库观点演变_研判\03_证据底稿\原文PDF\C-STEPI-A0201-859.pdf,C:\Users\WINDOWS\OneDrive\知识库\智库信息爬虫\国际主要科技智库观点演变_研判\03_证据底稿\文本\C-STEPI-A0201-859.txt,https://www.stepi.re.kr/site/stepiko/report/View.do?reIdx=859,官方PDF已保存并校验
科技人才、大学与知识流动,科技创新政策与能力基线,C-STEPI-A0201-859,2016-12-30,W1,북한의 과학기술인력 현황분석과 협력 과제,机构正式研究,C:\Users\WINDOWS\OneDrive\知识库\智库信息爬虫\国际主要科技智库观点演变_研判\03_证据底稿\原文PDF\C-STEPI-A0201-859.pdf,C:\Users\WINDOWS\OneDrive\知识库\智库信息爬虫\国际主要科技智库观点演变_研判\03_证据底稿\文本\C-STEPI-A0201-859.txt,https://www.stepi.re.kr/site/stepiko/report/View.do?reIdx=859,官方PDF已保存并校验
产业创新、创业与区域体系,科技创新政策与能力基线,C-STEPI-A0201-859,2016-12-30,W1,북한의 과학기술인력 현황분석과 협력 과제,机构正式研究,C:\Users\WINDOWS\OneDrive\知识库\智库信息爬虫\国际主要科技智库观点演变_研判\03_证据底稿\原文PDF\C-STEPI-A0201-859.pdf,C:\Users\WINDOWS\OneDrive\知识库\智库信息爬虫\国际主要科技智库观点演变_研判\03_证据底稿\文本\C-STEPI-A0201-859.txt,https://www.stepi.re.kr/site/stepiko/report/View.do?reIdx=859,官方PDF已保存并校验
科技前瞻与未来社会,科技创新政策与能力基线,C-STEPI-A0201-859,2016-12-30,W1,북한의 과학기술인력 현황분석과 협력 과제,机构正式研究,C:\Users\WINDOWS\OneDrive\知识库\智库信息爬虫\国际主要科技智库观点演变_研判\03_证据底稿\原文PDF\C-STEPI-A0201-859.pdf,C:\Users\WINDOWS\OneDrive\知识库\智库信息爬虫\国际主要科技智库观点演变_研判\03_证据底稿\文本\C-STEPI-A0201-859.txt,https://www.stepi.re.kr/site/stepiko/report/View.do?reIdx=859,官方PDF已保存并校验
人工智能、数据与数字技术,科技创新政策与能力基线,C-STEPI-A0201-860,2016-12-30,W1,기술혁신의 패러다임 변화에 대응하는 국가과학기술혁신전략 탐색연구,机构正式研究,C:\Users\WINDOWS\OneDrive\知识库\智库信息爬虫\国际主要科技智库观点演变_研判\03_证据底稿\原文PDF\C-STEPI-A0201-860.pdf,C:\Users\WINDOWS\OneDrive\知识库\智库信息爬虫\国际主要科技智库观点演变_研判\03_证据底稿\文本\C-STEPI-A0201-860.txt,https://www.stepi.re.kr/site/stepiko/report/View.do?reIdx=860,官方PDF已保存并校验
生命科学、生物技术与健康,科技创新政策与能力基线,C-STEPI-A0201-860,2016-12-30,W1,기술혁신의 패러다임 변화에 대응하는 국가과학기술혁신전략 탐색연구,机构正式研究,C:\Users\WINDOWS\OneDrive\知识库\智库信息爬虫\国际主要科技智库观点演变_研判\03_证据底稿\原文PDF\C-STEPI-A0201-860.pdf,C:\Users\WINDOWS\OneDrive\知识库\智库信息爬虫\国际主要科技智库观点演变_研判\03_证据底稿\文本\C-STEPI-A0201-860.txt,https://www.stepi.re.kr/site/stepiko/report/View.do?reIdx=860,官方PDF已保存并校验
能源、气候与绿色转型,科技创新政策与能力基线,C-STEPI-A0201-860,2016-12-30,W1,기술혁신의 패러다임 변화에 대응하는 국가과학기술혁신전략 탐색연구,机构正式研究,C:\Users\WINDOWS\OneDrive\知识库\智库信息爬虫\国际主要科技智库观点演变_研判\03_证据底稿\原文PDF\C-STEPI-A0201-860.pdf,C:\Users\WINDOWS\OneDrive\知识库\智库信息爬虫\国际主要科技智库观点演变_研判\03_证据底稿\文本\C-STEPI-A0201-860.txt,https://www.stepi.re.kr/site/stepiko/report/View.do?reIdx=860,官方PDF已保存并校验
科研体系、研发投入与评价,科技创新政策与能力基线,C-STEPI-A0201-860,2016-12-30,W1,기술혁신의 패러다임 변화에 대응하는 국가과학기술혁신전략 탐색연구,机构正式研究,C:\Users\WINDOWS\OneDrive\知识库\智库信息爬虫\国际主要科技智库观点演变_研判\03_证据底稿\原文PDF\C-STEPI-A0201-860.pdf,C:\Users\WINDOWS\OneDrive\知识库\智库信息爬虫\国际主要科技智库观点演变_研判\03_证据底稿\文本\C-STEPI-A0201-860.txt,https://www.stepi.re.kr/site/stepiko/report/View.do?reIdx=860,官方PDF已保存并校验
科技人才、大学与知识流动,科技创新政策与能力基线,C-STEPI-A0201-860,2016-12-30,W1,기술혁신의 패러다임 변화에 대응하는 국가과학기술혁신전략 탐색연구,机构正式研究,C:\Users\WINDOWS\OneDrive\知识库\智库信息爬虫\国际主要科技智库观点演变_研判\03_证据底稿\原文PDF\C-STEPI-A0201-860.pdf,C:\Users\WINDOWS\OneDrive\知识库\智库信息爬虫\国际主要科技智库观点演变_研判\03_证据底稿\文本\C-STEPI-A0201-860.txt,https://www.stepi.re.kr/site/stepiko/report/View.do?reIdx=860,官方PDF已保存并校验
产业创新、创业与区域体系,科技创新政策与能力基线,C-STEPI-A0201-860,2016-12-30,W1,기술혁신의 패러다임 변화에 대응하는 국가과학기술혁신전략 탐색연구,机构正式研究,C:\Users\WINDOWS\OneDrive\知识库\智库信息爬虫\国际主要科技智库观点演变_研判\03_证据底稿\原文PDF\C-STEPI-A0201-860.pdf,C:\Users\WINDOWS\OneDrive\知识库\智库信息爬虫\国际主要科技智库观点演变_研判\03_证据底稿\文本\C-STEPI-A0201-860.txt,https://www.stepi.re.kr/site/stepiko/report/View.do?reIdx=860,官方PDF已保存并校验
科技前瞻与未来社会,科技创新政策与能力基线,C-STEPI-A0201-860,2016-12-30,W1,기술혁신의 패러다임 변화에 대응하는 국가과학기술혁신전략 탐색연구,机构正式研究,C:\Users\WINDOWS\OneDrive\知识库\智库信息爬虫\国际主要科技智库观点演变_研判\03_证据底稿\原文PDF\C-STEPI-A0201-860.pdf,C:\Users\WINDOWS\OneDrive\知识库\智库信息爬虫\国际主要科技智库观点演变_研判\03_证据底稿\文本\C-STEPI-A0201-860.txt,https://www.stepi.re.kr/site/stepiko/report/View.do?reIdx=860,官方PDF已保存并校验
人工智能、数据与数字技术,科技创新政策与能力基线,C-STEPI-A0201-861,2016-12-30,W1,트랜스휴머니즘 부상에 따른 과학기술 정책이슈의 탐색,机构正式研究,C:\Users\WINDOWS\OneDrive\知识库\智库信息爬虫\国际主要科技智库观点演变_研判\03_证据底稿\原文PDF\C-STEPI-A0201-861.pdf,C:\Users\WINDOWS\OneDrive\知识库\智库信息爬虫\国际主要科技智库观点演变_研判\03_证据底稿\文本\C-STEPI-A0201-861.txt,https://www.stepi.re.kr/site/stepiko/report/View.do?reIdx=861,官方PDF已保存并校验
生命科学、生物技术与健康,科技创新政策与能力基线,C-STEPI-A0201-861,2016-12-30,W1,트랜스휴머니즘 부상에 따른 과학기술 정책이슈의 탐색,机构正式研究,C:\Users\WINDOWS\OneDrive\知识库\智库信息爬虫\国际主要科技智库观点演变_研判\03_证据底稿\原文PDF\C-STEPI-A0201-861.pdf,C:\Users\WINDOWS\OneDrive\知识库\智库信息爬虫\国际主要科技智库观点演变_研判\03_证据底稿\文本\C-STEPI-A0201-861.txt,https://www.stepi.re.kr/site/stepiko/report/View.do?reIdx=861,官方PDF已保存并校验
科研体系、研发投入与评价,科技创新政策与能力基线,C-STEPI-A0201-861,2016-12-30,W1,트랜스휴머니즘 부상에 따른 과학기술 정책이슈의 탐색,机构正式研究,C:\Users\WINDOWS\OneDrive\知识库\智库信息爬虫\国际主要科技智库观点演变_研判\03_证据底稿\原文PDF\C-STEPI-A0201-861.pdf,C:\Users\WINDOWS\OneDrive\知识库\智库信息爬虫\国际主要科技智库观点演变_研判\03_证据底稿\文本\C-STEPI-A0201-861.txt,https://www.stepi.re.kr/site/stepiko/report/View.do?reIdx=861,官方PDF已保存并校验
科技人才、大学与知识流动,科技创新政策与能力基线,C-STEPI-A0201-861,2016-12-30,W1,트랜스휴머니즘 부상에 따른 과학기술 정책이슈의 탐색,机构正式研究,C:\Users\WINDOWS\OneDrive\知识库\智库信息爬虫\国际主要科技智库观点演变_研判\03_证据底稿\原文PDF\C-STEPI-A0201-861.pdf,C:\Users\WINDOWS\OneDrive\知识库\智库信息爬虫\国际主要科技智库观点演变_研判\03_证据底稿\文本\C-STEPI-A0201-861.txt,https://www.stepi.re.kr/site/stepiko/report/View.do?reIdx=861,官方PDF已保存并校验
产业创新、创业与区域体系,科技创新政策与能力基线,C-STEPI-A0201-861,2016-12-30,W1,트랜스휴머니즘 부상에 따른 과학기술 정책이슈의 탐색,机构正式研究,C:\Users\WINDOWS\OneDrive\知识库\智库信息爬虫\国际主要科技智库观点演变_研判\03_证据底稿\原文PDF\C-STEPI-A0201-861.pdf,C:\Users\WINDOWS\OneDrive\知识库\智库信息爬虫\国际主要科技智库观点演变_研判\03_证据底稿\文本\C-STEPI-A0201-861.txt,https://www.stepi.re.kr/site/stepiko/report/View.do?reIdx=861,官方PDF已保存并校验
科技前瞻与未来社会,科技创新政策与能力基线,C-STEPI-A0201-861,2016-12-30,W1,트랜스휴머니즘 부상에 따른 과학기술 정책이슈의 탐색,机构正式研究,C:\Users\WINDOWS\OneDrive\知识库\智库信息爬虫\国际主要科技智库观点演变_研判\03_证据底稿\原文PDF\C-STEPI-A0201-861.pdf,C:\Users\WINDOWS\OneDrive\知识库\智库信息爬虫\国际主要科技智库观点演变_研判\03_证据底稿\文本\C-STEPI-A0201-861.txt,https://www.stepi.re.kr/site/stepiko/report/View.do?reIdx=861,官方PDF已保存并校验
中国科技与国际比较,科技创新政策与能力基线,C-STEPI-A0201-862,2016-12-30,W1,차세대 생산혁명을 대비한 제조업 혁신정책과 도전과제,机构正式研究,C:\Users\WINDOWS\OneDrive\知识库\智库信息爬虫\国际主要科技智库观点演变_研判\03_证据底稿\原文PDF\C-STEPI-A0201-862.pdf,C:\Users\WINDOWS\OneDrive\知识库\智库信息爬虫\国际主要科技智库观点演变_研判\03_证据底稿\文本\C-STEPI-A0201-862.txt,https://www.stepi.re.kr/site/stepiko/report/View.do?reIdx=862,官方PDF已保存并校验
人工智能、数据与数字技术,科技创新政策与能力基线,C-STEPI-A0201-862,2016-12-30,W1,차세대 생산혁명을 대비한 제조업 혁신정책과 도전과제,机构正式研究,C:\Users\WINDOWS\OneDrive\知识库\智库信息爬虫\国际主要科技智库观点演变_研判\03_证据底稿\原文PDF\C-STEPI-A0201-862.pdf,C:\Users\WINDOWS\OneDrive\知识库\智库信息爬虫\国际主要科技智库观点演变_研判\03_证据底稿\文本\C-STEPI-A0201-862.txt,https://www.stepi.re.kr/site/stepiko/report/View.do?reIdx=862,官方PDF已保存并校验
半导体、量子与战略技术,科技创新政策与能力基线,C-STEPI-A0201-862,2016-12-30,W1,차세대 생산혁명을 대비한 제조업 혁신정책과 도전과제,机构正式研究,C:\Users\WINDOWS\OneDrive\知识库\智库信息爬虫\国际主要科技智库观点演变_研判\03_证据底稿\原文PDF\C-STEPI-A0201-862.pdf,C:\Users\WINDOWS\OneDrive\知识库\智库信息爬虫\国际主要科技智库观点演变_研判\03_证据底稿\文本\C-STEPI-A0201-862.txt,https://www.stepi.re.kr/site/stepiko/report/View.do?reIdx=862,官方PDF已保存并校验
生命科学、生物技术与健康,科技创新政策与能力基线,C-STEPI-A0201-862,2016-12-30,W1,차세대 생산혁명을 대비한 제조업 혁신정책과 도전과제,机构正式研究,C:\Users\WINDOWS\OneDrive\知识库\智库信息爬虫\国际主要科技智库观点演变_研判\03_证据底稿\原文PDF\C-STEPI-A0201-862.pdf,C:\Users\WINDOWS\OneDrive\知识库\智库信息爬虫\国际主要科技智库观点演变_研判\03_证据底稿\文本\C-STEPI-A0201-862.txt,https://www.stepi.re.kr/site/stepiko/report/View.do?reIdx=862,官方PDF已保存并校验
能源、气候与绿色转型,科技创新政策与能力基线,C-STEPI-A0201-862,2016-12-30,W1,차세대 생산혁명을 대비한 제조업 혁신정책과 도전과제,机构正式研究,C:\Users\WINDOWS\OneDrive\知识库\智库信息爬虫\国际主要科技智库观点演变_研判\03_证据底稿\原文PDF\C-STEPI-A0201-862.pdf,C:\Users\WINDOWS\OneDrive\知识库\智库信息爬虫\国际主要科技智库观点演变_研判\03_证据底稿\文本\C-STEPI-A0201-862.txt,https://www.stepi.re.kr/site/stepiko/report/View.do?reIdx=862,官方PDF已保存并校验
科研体系、研发投入与评价,科技创新政策与能力基线,C-STEPI-A0201-862,2016-12-30,W1,차세대 생산혁명을 대비한 제조업 혁신정책과 도전과제,机构正式研究,C:\Users\WINDOWS\OneDrive\知识库\智库信息爬虫\国际主要科技智库观点演变_研判\03_证据底稿\原文PDF\C-STEPI-A0201-862.pdf,C:\Users\WINDOWS\OneDrive\知识库\智库信息爬虫\国际主要科技智库观点演变_研判\03_证据底稿\文本\C-STEPI-A0201-862.txt,https://www.stepi.re.kr/site/stepiko/report/View.do?reIdx=862,官方PDF已保存并校验
科技人才、大学与知识流动,科技创新政策与能力基线,C-STEPI-A0201-862,2016-12-30,W1,차세대 생산혁명을 대비한 제조업 혁신정책과 도전과제,机构正式研究,C:\Users\WINDOWS\OneDrive\知识库\智库信息爬虫\国际主要科技智库观点演变_研判\03_证据底稿\原文PDF\C-STEPI-A0201-862.pdf,C:\Users\WINDOWS\OneDrive\知识库\智库信息爬虫\国际主要科技智库观点演变_研判\03_证据底稿\文本\C-STEPI-A0201-862.txt,https://www.stepi.re.kr/site/stepiko/report/View.do?reIdx=862,官方PDF已保存并校验
产业创新、创业与区域体系,科技创新政策与能力基线,C-STEPI-A0201-862,2016-12-30,W1,차세대 생산혁명을 대비한 제조업 혁신정책과 도전과제,机构正式研究,C:\Users\WINDOWS\OneDrive\知识库\智库信息爬虫\国际主要科技智库观点演变_研判\03_证据底稿\原文PDF\C-STEPI-A0201-862.pdf,C:\Users\WINDOWS\OneDrive\知识库\智库信息爬虫\国际主要科技智库观点演变_研判\03_证据底稿\文本\C-STEPI-A0201-862.txt,https://www.stepi.re.kr/site/stepiko/report/View.do?reIdx=862,官方PDF已保存并校验
科技前瞻与未来社会,科技创新政策与能力基线,C-STEPI-A0201-862,2016-12-30,W1,차세대 생산혁명을 대비한 제조업 혁신정책과 도전과제,机构正式研究,C:\Users\WINDOWS\OneDrive\知识库\智库信息爬虫\国际主要科技智库观点演变_研判\03_证据底稿\原文PDF\C-STEPI-A0201-862.pdf,C:\Users\WINDOWS\OneDrive\知识库\智库信息爬虫\国际主要科技智库观点演变_研判\03_证据底稿\文本\C-STEPI-A0201-862.txt,https://www.stepi.re.kr/site/stepiko/report/View.do?reIdx=862,官方PDF已保存并校验
人工智能、数据与数字技术,科技创新政策与能力基线,C-STEPI-A0201-863,2016-12-30,W1,미래산업·신산업 분야 인재기반 조성을 위한 인적자원 양성 및 취·창업 지원 방안 연구,机构正式研究,C:\Users\WINDOWS\OneDrive\知识库\智库信息爬虫\国际主要科技智库观点演变_研判\03_证据底稿\原文PDF\C-STEPI-A0201-863.pdf,C:\Users\WINDOWS\OneDrive\知识库\智库信息爬虫\国际主要科技智库观点演变_研判\03_证据底稿\文本\C-STEPI-A0201-863.txt,https://www.stepi.re.kr/site/stepiko/report/View.do?reIdx=863,官方PDF已保存并校验
科研体系、研发投入与评价,科技创新政策与能力基线,C-STEPI-A0201-863,2016-12-30,W1,미래산업·신산업 분야 인재기반 조성을 위한 인적자원 양성 및 취·창업 지원 방안 연구,机构正式研究,C:\Users\WINDOWS\OneDrive\知识库\智库信息爬虫\国际主要科技智库观点演变_研判\03_证据底稿\原文PDF\C-STEPI-A0201-863.pdf,C:\Users\WINDOWS\OneDrive\知识库\智库信息爬虫\国际主要科技智库观点演变_研判\03_证据底稿\文本\C-STEPI-A0201-863.txt,https://www.stepi.re.kr/site/stepiko/report/View.do?reIdx=863,官方PDF已保存并校验
科技人才、大学与知识流动,科技创新政策与能力基线,C-STEPI-A0201-863,2016-12-30,W1,미래산업·신산업 분야 인재기반 조성을 위한 인적자원 양성 및 취·창업 지원 방안 연구,机构正式研究,C:\Users\WINDOWS\OneDrive\知识库\智库信息爬虫\国际主要科技智库观点演变_研判\03_证据底稿\原文PDF\C-STEPI-A0201-863.pdf,C:\Users\WINDOWS\OneDrive\知识库\智库信息爬虫\国际主要科技智库观点演变_研判\03_证据底稿\文本\C-STEPI-A0201-863.txt,https://www.stepi.re.kr/site/stepiko/report/View.do?reIdx=863,官方PDF已保存并校验
产业创新、创业与区域体系,科技创新政策与能力基线,C-STEPI-A0201-863,2016-12-30,W1,미래산업·신산업 분야 인재기반 조성을 위한 인적자원 양성 및 취·창업 지원 방안 연구,机构正式研究,C:\Users\WINDOWS\OneDrive\知识库\智库信息爬虫\国际主要科技智库观点演变_研判\03_证据底稿\原文PDF\C-STEPI-A0201-863.pdf,C:\Users\WINDOWS\OneDrive\知识库\智库信息爬虫\国际主要科技智库观点演变_研判\03_证据底稿\文本\C-STEPI-A0201-863.txt,https://www.stepi.re.kr/site/stepiko/report/View.do?reIdx=863,官方PDF已保存并校验
科技前瞻与未来社会,科技创新政策与能力基线,C-STEPI-A0201-863,2016-12-30,W1,미래산업·신산업 분야 인재기반 조성을 위한 인적자원 양성 및 취·창업 지원 방안 연구,机构正式研究,C:\Users\WINDOWS\OneDrive\知识库\智库信息爬虫\国际主要科技智库观点演变_研判\03_证据底稿\原文PDF\C-STEPI-A0201-863.pdf,C:\Users\WINDOWS\OneDrive\知识库\智库信息爬虫\国际主要科技智库观点演变_研判\03_证据底稿\文本\C-STEPI-A0201-863.txt,https://www.stepi.re.kr/site/stepiko/report/View.do?reIdx=863,官方PDF已保存并校验
人工智能、数据与数字技术,科技创新政策与能力基线,C-STEPI-A0201-864,2016-12-30,W1,국가연구개발사업 공통적용 법률 제정방안,机构正式研究,C:\Users\WINDOWS\OneDrive\知识库\智库信息爬虫\国际主要科技智库观点演变_研判\03_证据底稿\原文PDF\C-STEPI-A0201-864.pdf,C:\Users\WINDOWS\OneDrive\知识库\智库信息爬虫\国际主要科技智库观点演变_研判\03_证据底稿\文本\C-STEPI-A0201-864.txt,https://www.stepi.re.kr/site/stepiko/report/View.do?reIdx=864,官方PDF已保存并校验
生命科学、生物技术与健康,科技创新政策与能力基线,C-STEPI-A0201-864,2016-12-30,W1,국가연구개발사업 공통적용 법률 제정방안,机构正式研究,C:\Users\WINDOWS\OneDrive\知识库\智库信息爬虫\国际主要科技智库观点演变_研判\03_证据底稿\原文PDF\C-STEPI-A0201-864.pdf,C:\Users\WINDOWS\OneDrive\知识库\智库信息爬虫\国际主要科技智库观点演变_研判\03_证据底稿\文本\C-STEPI-A0201-864.txt,https://www.stepi.re.kr/site/stepiko/report/View.do?reIdx=864,官方PDF已保存并校验
科研体系、研发投入与评价,科技创新政策与能力基线,C-STEPI-A0201-864,2016-12-30,W1,국가연구개발사업 공통적용 법률 제정방안,机构正式研究,C:\Users\WINDOWS\OneDrive\知识库\智库信息爬虫\国际主要科技智库观点演变_研判\03_证据底稿\原文PDF\C-STEPI-A0201-864.pdf,C:\Users\WINDOWS\OneDrive\知识库\智库信息爬虫\国际主要科技智库观点演变_研判\03_证据底稿\文本\C-STEPI-A0201-864.txt,https://www.stepi.re.kr/site/stepiko/report/View.do?reIdx=864,官方PDF已保存并校验
科技人才、大学与知识流动,科技创新政策与能力基线,C-STEPI-A0201-864,2016-12-30,W1,국가연구개발사업 공통적용 법률 제정방안,机构正式研究,C:\Users\WINDOWS\OneDrive\知识库\智库信息爬虫\国际主要科技智库观点演变_研判\03_证据底稿\原文PDF\C-STEPI-A0201-864.pdf,C:\Users\WINDOWS\OneDrive\知识库\智库信息爬虫\国际主要科技智库观点演变_研判\03_证据底稿\文本\C-STEPI-A0201-864.txt,https://www.stepi.re.kr/site/stepiko/report/View.do?reIdx=864,官方PDF已保存并校验
产业创新、创业与区域体系,科技创新政策与能力基线,C-STEPI-A0201-864,2016-12-30,W1,국가연구개발사업 공통적용 법률 제정방안,机构正式研究,C:\Users\WINDOWS\OneDrive\知识库\智库信息爬虫\国际主要科技智库观点演变_研判\03_证据底稿\原文PDF\C-STEPI-A0201-864.pdf,C:\Users\WINDOWS\OneDrive\知识库\智库信息爬虫\国际主要科技智库观点演变_研判\03_证据底稿\文本\C-STEPI-A0201-864.txt,https://www.stepi.re.kr/site/stepiko/report/View.do?reIdx=864,官方PDF已保存并校验
技术安全、供应链与国际合作,科技创新政策与能力基线,C-STEPI-A0201-864,2016-12-30,W1,국가연구개발사업 공통적용 법률 제정방안,机构正式研究,C:\Users\WINDOWS\OneDrive\知识库\智库信息爬虫\国际主要科技智库观点演变_研判\03_证据底稿\原文PDF\C-STEPI-A0201-864.pdf,C:\Users\WINDOWS\OneDrive\知识库\智库信息爬虫\国际主要科技智库观点演变_研判\03_证据底稿\文本\C-STEPI-A0201-864.txt,https://www.stepi.re.kr/site/stepiko/report/View.do?reIdx=864,官方PDF已保存并校验
科技前瞻与未来社会,科技创新政策与能力基线,C-STEPI-A0201-864,2016-12-30,W1,국가연구개발사업 공통적용 법률 제정방안,机构正式研究,C:\Users\WINDOWS\OneDrive\知识库\智库信息爬虫\国际主要科技智库观点演变_研判\03_证据底稿\原文PDF\C-STEPI-A0201-864.pdf,C:\Users\WINDOWS\OneDrive\知识库\智库信息爬虫\国际主要科技智库观点演变_研判\03_证据底稿\文本\C-STEPI-A0201-864.txt,https://www.stepi.re.kr/site/stepiko/report/View.do?reIdx=864,官方PDF已保存并校验
中国科技与国际比较,核心科技直接材料,C-STEPI-A0201-865,2016-12-30,W1,바이오경제시대 과학기술정책의제 연구사업(6차년도): 바이오헬스 혁신시스템 진단 및 정부의 역할,机构正式研究,C:\Users\WINDOWS\OneDrive\知识库\智库信息爬虫\国际主要科技智库观点演变_研判\03_证据底稿\原文PDF\C-STEPI-A0201-865.pdf,C:\Users\WINDOWS\OneDrive\知识库\智库信息爬虫\国际主要科技智库观点演变_研判\03_证据底稿\文本\C-STEPI-A0201-865.txt,https://www.stepi.re.kr/site/stepiko/report/View.do?reIdx=865,官方PDF已保存并校验
生命科学、生物技术与健康,核心科技直接材料,C-STEPI-A0201-865,2016-12-30,W1,바이오경제시대 과학기술정책의제 연구사업(6차년도): 바이오헬스 혁신시스템 진단 및 정부의 역할,机构正式研究,C:\Users\WINDOWS\OneDrive\知识库\智库信息爬虫\国际主要科技智库观点演变_研判\03_证据底稿\原文PDF\C-STEPI-A0201-865.pdf,C:\Users\WINDOWS\OneDrive\知识库\智库信息爬虫\国际主要科技智库观点演变_研判\03_证据底稿\文本\C-STEPI-A0201-865.txt,https://www.stepi.re.kr/site/stepiko/report/View.do?reIdx=865,官方PDF已保存并校验
科研体系、研发投入与评价,核心科技直接材料,C-STEPI-A0201-865,2016-12-30,W1,바이오경제시대 과학기술정책의제 연구사업(6차년도): 바이오헬스 혁신시스템 진단 및 정부의 역할,机构正式研究,C:\Users\WINDOWS\OneDrive\知识库\智库信息爬虫\国际主要科技智库观点演变_研判\03_证据底稿\原文PDF\C-STEPI-A0201-865.pdf,C:\Users\WINDOWS\OneDrive\知识库\智库信息爬虫\国际主要科技智库观点演变_研判\03_证据底稿\文本\C-STEPI-A0201-865.txt,https://www.stepi.re.kr/site/stepiko/report/View.do?reIdx=865,官方PDF已保存并校验
科技人才、大学与知识流动,核心科技直接材料,C-STEPI-A0201-865,2016-12-30,W1,바이오경제시대 과학기술정책의제 연구사업(6차년도): 바이오헬스 혁신시스템 진단 및 정부의 역할,机构正式研究,C:\Users\WINDOWS\OneDrive\知识库\智库信息爬虫\国际主要科技智库观点演变_研判\03_证据底稿\原文PDF\C-STEPI-A0201-865.pdf,C:\Users\WINDOWS\OneDrive\知识库\智库信息爬虫\国际主要科技智库观点演变_研判\03_证据底稿\文本\C-STEPI-A0201-865.txt,https://www.stepi.re.kr/site/stepiko/report/View.do?reIdx=865,官方PDF已保存并校验
产业创新、创业与区域体系,核心科技直接材料,C-STEPI-A0201-865,2016-12-30,W1,바이오경제시대 과학기술정책의제 연구사업(6차년도): 바이오헬스 혁신시스템 진단 및 정부의 역할,机构正式研究,C:\Users\WINDOWS\OneDrive\知识库\智库信息爬虫\国际主要科技智库观点演变_研判\03_证据底稿\原文PDF\C-STEPI-A0201-865.pdf,C:\Users\WINDOWS\OneDrive\知识库\智库信息爬虫\国际主要科技智库观点演变_研判\03_证据底稿\文本\C-STEPI-A0201-865.txt,https://www.stepi.re.kr/site/stepiko/report/View.do?reIdx=865,官方PDF已保存并校验
科技前瞻与未来社会,核心科技直接材料,C-STEPI-A0201-865,2016-12-30,W1,바이오경제시대 과학기술정책의제 연구사업(6차년도): 바이오헬스 혁신시스템 진단 및 정부의 역할,机构正式研究,C:\Users\WINDOWS\OneDrive\知识库\智库信息爬虫\国际主要科技智库观点演变_研判\03_证据底稿\原文PDF\C-STEPI-A0201-865.pdf,C:\Users\WINDOWS\OneDrive\知识库\智库信息爬虫\国际主要科技智库观点演变_研判\03_证据底稿\文本\C-STEPI-A0201-865.txt,https://www.stepi.re.kr/site/stepiko/report/View.do?reIdx=865,官方PDF已保存并校验
人工智能、数据与数字技术,科技创新政策与能力基线,C-STEPI-A0201-866,2016-12-30,W1,국민 과학마인드 제고 방안 수립,机构正式研究,C:\Users\WINDOWS\OneDrive\知识库\智库信息爬虫\国际主要科技智库观点演变_研判\03_证据底稿\原文PDF\C-STEPI-A0201-866.pdf,C:\Users\WINDOWS\OneDrive\知识库\智库信息爬虫\国际主要科技智库观点演变_研判\03_证据底稿\文本\C-STEPI-A0201-866.txt,https://www.stepi.re.kr/site/stepiko/report/View.do?reIdx=866,官方PDF已保存并校验
科研体系、研发投入与评价,科技创新政策与能力基线,C-STEPI-A0201-866,2016-12-30,W1,국민 과학마인드 제고 방안 수립,机构正式研究,C:\Users\WINDOWS\OneDrive\知识库\智库信息爬虫\国际主要科技智库观点演变_研判\03_证据底稿\原文PDF\C-STEPI-A0201-866.pdf,C:\Users\WINDOWS\OneDrive\知识库\智库信息爬虫\国际主要科技智库观点演变_研判\03_证据底稿\文本\C-STEPI-A0201-866.txt,https://www.stepi.re.kr/site/stepiko/report/View.do?reIdx=866,官方PDF已保存并校验
科技人才、大学与知识流动,科技创新政策与能力基线,C-STEPI-A0201-866,2016-12-30,W1,국민 과학마인드 제고 방안 수립,机构正式研究,C:\Users\WINDOWS\OneDrive\知识库\智库信息爬虫\国际主要科技智库观点演变_研判\03_证据底稿\原文PDF\C-STEPI-A0201-866.pdf,C:\Users\WINDOWS\OneDrive\知识库\智库信息爬虫\国际主要科技智库观点演变_研判\03_证据底稿\文本\C-STEPI-A0201-866.txt,https://www.stepi.re.kr/site/stepiko/report/View.do?reIdx=866,官方PDF已保存并校验
科技前瞻与未来社会,科技创新政策与能力基线,C-STEPI-A0201-866,2016-12-30,W1,국민 과학마인드 제고 방안 수립,机构正式研究,C:\Users\WINDOWS\OneDrive\知识库\智库信息爬虫\国际主要科技智库观点演变_研判\03_证据底稿\原文PDF\C-STEPI-A0201-866.pdf,C:\Users\WINDOWS\OneDrive\知识库\智库信息爬虫\国际主要科技智库观点演变_研判\03_证据底稿\文本\C-STEPI-A0201-866.txt,https://www.stepi.re.kr/site/stepiko/report/View.do?reIdx=866,官方PDF已保存并校验
人工智能、数据与数字技术,科技创新政策与能力基线,C-STEPI-A0201-867,2016-12-30,W1,글로벌 기초연구정책 이슈분석 및 플랫폼 구축방안,机构正式研究,C:\Users\WINDOWS\OneDrive\知识库\智库信息爬虫\国际主要科技智库观点演变_研判\03_证据底稿\原文PDF\C-STEPI-A0201-867.pdf,C:\Users\WINDOWS\OneDrive\知识库\智库信息爬虫\国际主要科技智库观点演变_研判\03_证据底稿\文本\C-STEPI-A0201-867.txt,https://www.stepi.re.kr/site/stepiko/report/View.do?reIdx=867,官方PDF已保存并校验
科研体系、研发投入与评价,科技创新政策与能力基线,C-STEPI-A0201-867,2016-12-30,W1,글로벌 기초연구정책 이슈분석 및 플랫폼 구축방안,机构正式研究,C:\Users\WINDOWS\OneDrive\知识库\智库信息爬虫\国际主要科技智库观点演变_研判\03_证据底稿\原文PDF\C-STEPI-A0201-867.pdf,C:\Users\WINDOWS\OneDrive\知识库\智库信息爬虫\国际主要科技智库观点演变_研判\03_证据底稿\文本\C-STEPI-A0201-867.txt,https://www.stepi.re.kr/site/stepiko/report/View.do?reIdx=867,官方PDF已保存并校验
科技人才、大学与知识流动,科技创新政策与能力基线,C-STEPI-A0201-867,2016-12-30,W1,글로벌 기초연구정책 이슈분석 및 플랫폼 구축방안,机构正式研究,C:\Users\WINDOWS\OneDrive\知识库\智库信息爬虫\国际主要科技智库观点演变_研判\03_证据底稿\原文PDF\C-STEPI-A0201-867.pdf,C:\Users\WINDOWS\OneDrive\知识库\智库信息爬虫\国际主要科技智库观点演变_研判\03_证据底稿\文本\C-STEPI-A0201-867.txt,https://www.stepi.re.kr/site/stepiko/report/View.do?reIdx=867,官方PDF已保存并校验
产业创新、创业与区域体系,科技创新政策与能力基线,C-STEPI-A0201-867,2016-12-30,W1,글로벌 기초연구정책 이슈분석 및 플랫폼 구축방안,机构正式研究,C:\Users\WINDOWS\OneDrive\知识库\智库信息爬虫\国际主要科技智库观点演变_研判\03_证据底稿\原文PDF\C-STEPI-A0201-867.pdf,C:\Users\WINDOWS\OneDrive\知识库\智库信息爬虫\国际主要科技智库观点演变_研判\03_证据底稿\文本\C-STEPI-A0201-867.txt,https://www.stepi.re.kr/site/stepiko/report/View.do?reIdx=867,官方PDF已保存并校验
科技前瞻与未来社会,科技创新政策与能力基线,C-STEPI-A0201-867,2016-12-30,W1,글로벌 기초연구정책 이슈분석 및 플랫폼 구축방안,机构正式研究,C:\Users\WINDOWS\OneDrive\知识库\智库信息爬虫\国际主要科技智库观点演变_研判\03_证据底稿\原文PDF\C-STEPI-A0201-867.pdf,C:\Users\WINDOWS\OneDrive\知识库\智库信息爬虫\国际主要科技智库观点演变_研判\03_证据底稿\文本\C-STEPI-A0201-867.txt,https://www.stepi.re.kr/site/stepiko/report/View.do?reIdx=867,官方PDF已保存并校验
半导体、量子与战略技术,科技创新政策与能力基线,C-STEPI-A0201-868,2017-12-30,W1,과학기술 기본계획 성과분석 체계 기반구축,机构正式研究,C:\Users\WINDOWS\OneDrive\知识库\智库信息爬虫\国际主要科技智库观点演变_研判\03_证据底稿\原文PDF\C-STEPI-A0201-868.pdf,C:\Users\WINDOWS\OneDrive\知识库\智库信息爬虫\国际主要科技智库观点演变_研判\03_证据底稿\文本\C-STEPI-A0201-868.txt,https://www.stepi.re.kr/site/stepiko/report/View.do?reIdx=868,官方PDF已保存并校验
科研体系、研发投入与评价,科技创新政策与能力基线,C-STEPI-A0201-868,2017-12-30,W1,과학기술 기본계획 성과분석 체계 기반구축,机构正式研究,C:\Users\WINDOWS\OneDrive\知识库\智库信息爬虫\国际主要科技智库观点演变_研判\03_证据底稿\原文PDF\C-STEPI-A0201-868.pdf,C:\Users\WINDOWS\OneDrive\知识库\智库信息爬虫\国际主要科技智库观点演变_研判\03_证据底稿\文本\C-STEPI-A0201-868.txt,https://www.stepi.re.kr/site/stepiko/report/View.do?reIdx=868,官方PDF已保存并校验
科技人才、大学与知识流动,科技创新政策与能力基线,C-STEPI-A0201-868,2017-12-30,W1,과학기술 기본계획 성과분석 체계 기반구축,机构正式研究,C:\Users\WINDOWS\OneDrive\知识库\智库信息爬虫\国际主要科技智库观点演变_研判\03_证据底稿\原文PDF\C-STEPI-A0201-868.pdf,C:\Users\WINDOWS\OneDrive\知识库\智库信息爬虫\国际主要科技智库观点演变_研判\03_证据底稿\文本\C-STEPI-A0201-868.txt,https://www.stepi.re.kr/site/stepiko/report/View.do?reIdx=868,官方PDF已保存并校验
产业创新、创业与区域体系,科技创新政策与能力基线,C-STEPI-A0201-868,2017-12-30,W1,과학기술 기본계획 성과분석 체계 기반구축,机构正式研究,C:\Users\WINDOWS\OneDrive\知识库\智库信息爬虫\国际主要科技智库观点演变_研判\03_证据底稿\原文PDF\C-STEPI-A0201-868.pdf,C:\Users\WINDOWS\OneDrive\知识库\智库信息爬虫\国际主要科技智库观点演变_研判\03_证据底稿\文本\C-STEPI-A0201-868.txt,https://www.stepi.re.kr/site/stepiko/report/View.do?reIdx=868,官方PDF已保存并校验
科技前瞻与未来社会,科技创新政策与能力基线,C-STEPI-A0201-868,2017-12-30,W1,과학기술 기본계획 성과분석 체계 기반구축,机构正式研究,C:\Users\WINDOWS\OneDrive\知识库\智库信息爬虫\国际主要科技智库观点演变_研判\03_证据底稿\原文PDF\C-STEPI-A0201-868.pdf,C:\Users\WINDOWS\OneDrive\知识库\智库信息爬虫\国际主要科技智库观点演变_研判\03_证据底稿\文本\C-STEPI-A0201-868.txt,https://www.stepi.re.kr/site/stepiko/report/View.do?reIdx=868,官方PDF已保存并校验
中国科技与国际比较,科技创新政策与能力基线,C-STEPI-A0201-869,2017-12-21,W1,한국 기술혁신연구의 현황과 과제,机构正式研究,C:\Users\WINDOWS\OneDrive\知识库\智库信息爬虫\国际主要科技智库观点演变_研判\03_证据底稿\原文PDF\C-STEPI-A0201-869.pdf,C:\Users\WINDOWS\OneDrive\知识库\智库信息爬虫\国际主要科技智库观点演变_研判\03_证据底稿\文本\C-STEPI-A0201-869.txt,https://www.stepi.re.kr/site/stepiko/report/View.do?reIdx=869,官方PDF已保存并校验
人工智能、数据与数字技术,科技创新政策与能力基线,C-STEPI-A0201-869,2017-12-21,W1,한국 기술혁신연구의 현황과 과제,机构正式研究,C:\Users\WINDOWS\OneDrive\知识库\智库信息爬虫\国际主要科技智库观点演变_研判\03_证据底稿\原文PDF\C-STEPI-A0201-869.pdf,C:\Users\WINDOWS\OneDrive\知识库\智库信息爬虫\国际主要科技智库观点演变_研判\03_证据底稿\文本\C-STEPI-A0201-869.txt,https://www.stepi.re.kr/site/stepiko/report/View.do?reIdx=869,官方PDF已保存并校验
能源、气候与绿色转型,科技创新政策与能力基线,C-STEPI-A0201-869,2017-12-21,W1,한국 기술혁신연구의 현황과 과제,机构正式研究,C:\Users\WINDOWS\OneDrive\知识库\智库信息爬虫\国际主要科技智库观点演变_研判\03_证据底稿\原文PDF\C-STEPI-A0201-869.pdf,C:\Users\WINDOWS\OneDrive\知识库\智库信息爬虫\国际主要科技智库观点演变_研判\03_证据底稿\文本\C-STEPI-A0201-869.txt,https://www.stepi.re.kr/site/stepiko/report/View.do?reIdx=869,官方PDF已保存并校验
科研体系、研发投入与评价,科技创新政策与能力基线,C-STEPI-A0201-869,2017-12-21,W1,한국 기술혁신연구의 현황과 과제,机构正式研究,C:\Users\WINDOWS\OneDrive\知识库\智库信息爬虫\国际主要科技智库观点演变_研判\03_证据底稿\原文PDF\C-STEPI-A0201-869.pdf,C:\Users\WINDOWS\OneDrive\知识库\智库信息爬虫\国际主要科技智库观点演变_研判\03_证据底稿\文本\C-STEPI-A0201-869.txt,https://www.stepi.re.kr/site/stepiko/report/View.do?reIdx=869,官方PDF已保存并校验
科技人才、大学与知识流动,科技创新政策与能力基线,C-STEPI-A0201-869,2017-12-21,W1,한국 기술혁신연구의 현황과 과제,机构正式研究,C:\Users\WINDOWS\OneDrive\知识库\智库信息爬虫\国际主要科技智库观点演变_研判\03_证据底稿\原文PDF\C-STEPI-A0201-869.pdf,C:\Users\WINDOWS\OneDrive\知识库\智库信息爬虫\国际主要科技智库观点演变_研判\03_证据底稿\文本\C-STEPI-A0201-869.txt,https://www.stepi.re.kr/site/stepiko/report/View.do?reIdx=869,官方PDF已保存并校验
产业创新、创业与区域体系,科技创新政策与能力基线,C-STEPI-A0201-869,2017-12-21,W1,한국 기술혁신연구의 현황과 과제,机构正式研究,C:\Users\WINDOWS\OneDrive\知识库\智库信息爬虫\国际主要科技智库观点演变_研判\03_证据底稿\原文PDF\C-STEPI-A0201-869.pdf,C:\Users\WINDOWS\OneDrive\知识库\智库信息爬虫\国际主要科技智库观点演变_研判\03_证据底稿\文本\C-STEPI-A0201-869.txt,https://www.stepi.re.kr/site/stepiko/report/View.do?reIdx=869,官方PDF已保存并校验
科技前瞻与未来社会,科技创新政策与能力基线,C-STEPI-A0201-869,2017-12-21,W1,한국 기술혁신연구의 현황과 과제,机构正式研究,C:\Users\WINDOWS\OneDrive\知识库\智库信息爬虫\国际主要科技智库观点演变_研判\03_证据底稿\原文PDF\C-STEPI-A0201-869.pdf,C:\Users\WINDOWS\OneDrive\知识库\智库信息爬虫\国际主要科技智库观点演变_研判\03_证据底稿\文本\C-STEPI-A0201-869.txt,https://www.stepi.re.kr/site/stepiko/report/View.do?reIdx=869,官方PDF已保存并校验
科研体系、研发投入与评价,科技创新政策与能力基线,C-STEPI-A0201-870,2017-12-30,W1,혁신 주체별 R&D 지원체계 개선방안,机构正式研究,C:\Users\WINDOWS\OneDrive\知识库\智库信息爬虫\国际主要科技智库观点演变_研判\03_证据底稿\原文PDF\C-STEPI-A0201-870.pdf,C:\Users\WINDOWS\OneDrive\知识库\智库信息爬虫\国际主要科技智库观点演变_研判\03_证据底稿\文本\C-STEPI-A0201-870.txt,https://www.stepi.re.kr/site/stepiko/report/View.do?reIdx=870,官方PDF已保存并校验
科技人才、大学与知识流动,科技创新政策与能力基线,C-STEPI-A0201-870,2017-12-30,W1,혁신 주체별 R&D 지원체계 개선방안,机构正式研究,C:\Users\WINDOWS\OneDrive\知识库\智库信息爬虫\国际主要科技智库观点演变_研判\03_证据底稿\原文PDF\C-STEPI-A0201-870.pdf,C:\Users\WINDOWS\OneDrive\知识库\智库信息爬虫\国际主要科技智库观点演变_研判\03_证据底稿\文本\C-STEPI-A0201-870.txt,https://www.stepi.re.kr/site/stepiko/report/View.do?reIdx=870,官方PDF已保存并校验
产业创新、创业与区域体系,科技创新政策与能力基线,C-STEPI-A0201-870,2017-12-30,W1,혁신 주체별 R&D 지원체계 개선방안,机构正式研究,C:\Users\WINDOWS\OneDrive\知识库\智库信息爬虫\国际主要科技智库观点演变_研判\03_证据底稿\原文PDF\C-STEPI-A0201-870.pdf,C:\Users\WINDOWS\OneDrive\知识库\智库信息爬虫\国际主要科技智库观点演变_研判\03_证据底稿\文本\C-STEPI-A0201-870.txt,https://www.stepi.re.kr/site/stepiko/report/View.do?reIdx=870,官方PDF已保存并校验
科技前瞻与未来社会,科技创新政策与能力基线,C-STEPI-A0201-870,2017-12-30,W1,혁신 주체별 R&D 지원체계 개선방안,机构正式研究,C:\Users\WINDOWS\OneDrive\知识库\智库信息爬虫\国际主要科技智库观点演变_研判\03_证据底稿\原文PDF\C-STEPI-A0201-870.pdf,C:\Users\WINDOWS\OneDrive\知识库\智库信息爬虫\国际主要科技智库观点演变_研判\03_证据底稿\文本\C-STEPI-A0201-870.txt,https://www.stepi.re.kr/site/stepiko/report/View.do?reIdx=870,官方PDF已保存并校验
科研体系、研发投入与评价,科技创新政策与能力基线,C-STEPI-A0201-871,2017-12-30,W1,R&D 투자영향평가 체계 구축(2차년도),机构正式研究,,,https://www.stepi.re.kr/site/stepiko/report/View.do?reIdx=871,官方目录无PDF
人工智能、数据与数字技术,科技创新政策与能力基线,C-STEPI-A0201-872,2017-12-30,W1,기술혁신에 따른 고용패러다임 변화와 과학기술인력 양성전략,机构正式研究,C:\Users\WINDOWS\OneDrive\知识库\智库信息爬虫\国际主要科技智库观点演变_研判\03_证据底稿\原文PDF\C-STEPI-A0201-872.pdf,C:\Users\WINDOWS\OneDrive\知识库\智库信息爬虫\国际主要科技智库观点演变_研判\03_证据底稿\文本\C-STEPI-A0201-872.txt,https://www.stepi.re.kr/site/stepiko/report/View.do?reIdx=872,官方PDF已保存并校验
科研体系、研发投入与评价,科技创新政策与能力基线,C-STEPI-A0201-872,2017-12-30,W1,기술혁신에 따른 고용패러다임 변화와 과학기술인력 양성전략,机构正式研究,C:\Users\WINDOWS\OneDrive\知识库\智库信息爬虫\国际主要科技智库观点演变_研判\03_证据底稿\原文PDF\C-STEPI-A0201-872.pdf,C:\Users\WINDOWS\OneDrive\知识库\智库信息爬虫\国际主要科技智库观点演变_研判\03_证据底稿\文本\C-STEPI-A0201-872.txt,https://www.stepi.re.kr/site/stepiko/report/View.do?reIdx=872,官方PDF已保存并校验
科技人才、大学与知识流动,科技创新政策与能力基线,C-STEPI-A0201-872,2017-12-30,W1,기술혁신에 따른 고용패러다임 변화와 과학기술인력 양성전략,机构正式研究,C:\Users\WINDOWS\OneDrive\知识库\智库信息爬虫\国际主要科技智库观点演变_研判\03_证据底稿\原文PDF\C-STEPI-A0201-872.pdf,C:\Users\WINDOWS\OneDrive\知识库\智库信息爬虫\国际主要科技智库观点演变_研判\03_证据底稿\文本\C-STEPI-A0201-872.txt,https://www.stepi.re.kr/site/stepiko/report/View.do?reIdx=872,官方PDF已保存并校验
产业创新、创业与区域体系,科技创新政策与能力基线,C-STEPI-A0201-872,2017-12-30,W1,기술혁신에 따른 고용패러다임 변화와 과학기술인력 양성전략,机构正式研究,C:\Users\WINDOWS\OneDrive\知识库\智库信息爬虫\国际主要科技智库观点演变_研判\03_证据底稿\原文PDF\C-STEPI-A0201-872.pdf,C:\Users\WINDOWS\OneDrive\知识库\智库信息爬虫\国际主要科技智库观点演变_研判\03_证据底稿\文本\C-STEPI-A0201-872.txt,https://www.stepi.re.kr/site/stepiko/report/View.do?reIdx=872,官方PDF已保存并校验
科技前瞻与未来社会,科技创新政策与能力基线,C-STEPI-A0201-872,2017-12-30,W1,기술혁신에 따른 고용패러다임 변화와 과학기술인력 양성전략,机构正式研究,C:\Users\WINDOWS\OneDrive\知识库\智库信息爬虫\国际主要科技智库观点演变_研判\03_证据底稿\原文PDF\C-STEPI-A0201-872.pdf,C:\Users\WINDOWS\OneDrive\知识库\智库信息爬虫\国际主要科技智库观点演变_研判\03_证据底稿\文本\C-STEPI-A0201-872.txt,https://www.stepi.re.kr/site/stepiko/report/View.do?reIdx=872,官方PDF已保存并校验
科研体系、研发投入与评价,科技创新政策与能力基线,C-STEPI-A0201-873,2017-12-30,W1,민간 부문 이공계 박사인력의 연구개발활동과 특성,机构正式研究,C:\Users\WINDOWS\OneDrive\知识库\智库信息爬虫\国际主要科技智库观点演变_研判\03_证据底稿\原文PDF\C-STEPI-A0201-873.pdf,C:\Users\WINDOWS\OneDrive\知识库\智库信息爬虫\国际主要科技智库观点演变_研判\03_证据底稿\文本\C-STEPI-A0201-873.txt,https://www.stepi.re.kr/site/stepiko/report/View.do?reIdx=873,官方PDF已保存并校验
科技人才、大学与知识流动,科技创新政策与能力基线,C-STEPI-A0201-873,2017-12-30,W1,민간 부문 이공계 박사인력의 연구개발활동과 특성,机构正式研究,C:\Users\WINDOWS\OneDrive\知识库\智库信息爬虫\国际主要科技智库观点演变_研判\03_证据底稿\原文PDF\C-STEPI-A0201-873.pdf,C:\Users\WINDOWS\OneDrive\知识库\智库信息爬虫\国际主要科技智库观点演变_研判\03_证据底稿\文本\C-STEPI-A0201-873.txt,https://www.stepi.re.kr/site/stepiko/report/View.do?reIdx=873,官方PDF已保存并校验
产业创新、创业与区域体系,科技创新政策与能力基线,C-STEPI-A0201-873,2017-12-30,W1,민간 부문 이공계 박사인력의 연구개발활동과 특성,机构正式研究,C:\Users\WINDOWS\OneDrive\知识库\智库信息爬虫\国际主要科技智库观点演变_研判\03_证据底稿\原文PDF\C-STEPI-A0201-873.pdf,C:\Users\WINDOWS\OneDrive\知识库\智库信息爬虫\国际主要科技智库观点演变_研判\03_证据底稿\文本\C-STEPI-A0201-873.txt,https://www.stepi.re.kr/site/stepiko/report/View.do?reIdx=873,官方PDF已保存并校验
人工智能、数据与数字技术,科技创新政策与能力基线,C-STEPI-A0201-874,2017-12-30,W1,혁신정책의 변인(變因) 수용과 과학기술 법제 간 정합성 제고방안,机构正式研究,C:\Users\WINDOWS\OneDrive\知识库\智库信息爬虫\国际主要科技智库观点演变_研判\03_证据底稿\原文PDF\C-STEPI-A0201-874.pdf,C:\Users\WINDOWS\OneDrive\知识库\智库信息爬虫\国际主要科技智库观点演变_研判\03_证据底稿\文本\C-STEPI-A0201-874.txt,https://www.stepi.re.kr/site/stepiko/report/View.do?reIdx=874,官方PDF已保存并校验
科研体系、研发投入与评价,科技创新政策与能力基线,C-STEPI-A0201-874,2017-12-30,W1,혁신정책의 변인(變因) 수용과 과학기술 법제 간 정합성 제고방안,机构正式研究,C:\Users\WINDOWS\OneDrive\知识库\智库信息爬虫\国际主要科技智库观点演变_研判\03_证据底稿\原文PDF\C-STEPI-A0201-874.pdf,C:\Users\WINDOWS\OneDrive\知识库\智库信息爬虫\国际主要科技智库观点演变_研判\03_证据底稿\文本\C-STEPI-A0201-874.txt,https://www.stepi.re.kr/site/stepiko/report/View.do?reIdx=874,官方PDF已保存并校验
科技人才、大学与知识流动,科技创新政策与能力基线,C-STEPI-A0201-874,2017-12-30,W1,혁신정책의 변인(變因) 수용과 과학기술 법제 간 정합성 제고방안,机构正式研究,C:\Users\WINDOWS\OneDrive\知识库\智库信息爬虫\国际主要科技智库观点演变_研判\03_证据底稿\原文PDF\C-STEPI-A0201-874.pdf,C:\Users\WINDOWS\OneDrive\知识库\智库信息爬虫\国际主要科技智库观点演变_研判\03_证据底稿\文本\C-STEPI-A0201-874.txt,https://www.stepi.re.kr/site/stepiko/report/View.do?reIdx=874,官方PDF已保存并校验
产业创新、创业与区域体系,科技创新政策与能力基线,C-STEPI-A0201-874,2017-12-30,W1,혁신정책의 변인(變因) 수용과 과학기술 법제 간 정합성 제고방안,机构正式研究,C:\Users\WINDOWS\OneDrive\知识库\智库信息爬虫\国际主要科技智库观点演变_研判\03_证据底稿\原文PDF\C-STEPI-A0201-874.pdf,C:\Users\WINDOWS\OneDrive\知识库\智库信息爬虫\国际主要科技智库观点演变_研判\03_证据底稿\文本\C-STEPI-A0201-874.txt,https://www.stepi.re.kr/site/stepiko/report/View.do?reIdx=874,官方PDF已保存并校验
科技前瞻与未来社会,科技创新政策与能力基线,C-STEPI-A0201-874,2017-12-30,W1,혁신정책의 변인(變因) 수용과 과학기술 법제 간 정합성 제고방안,机构正式研究,C:\Users\WINDOWS\OneDrive\知识库\智库信息爬虫\国际主要科技智库观点演变_研判\03_证据底稿\原文PDF\C-STEPI-A0201-874.pdf,C:\Users\WINDOWS\OneDrive\知识库\智库信息爬虫\国际主要科技智库观点演变_研判\03_证据底稿\文本\C-STEPI-A0201-874.txt,https://www.stepi.re.kr/site/stepiko/report/View.do?reIdx=874,官方PDF已保存并校验
人工智能、数据与数字技术,科技创新政策与能力基线,C-STEPI-A0201-875,2017-12-30,W1,오픈사이언스정책의 도입 및 추진 방안,机构正式研究,C:\Users\WINDOWS\OneDrive\知识库\智库信息爬虫\国际主要科技智库观点演变_研判\03_证据底稿\原文PDF\C-STEPI-A0201-875.pdf,C:\Users\WINDOWS\OneDrive\知识库\智库信息爬虫\国际主要科技智库观点演变_研判\03_证据底稿\文本\C-STEPI-A0201-875.txt,https://www.stepi.re.kr/site/stepiko/report/View.do?reIdx=875,官方PDF已保存并校验
科研体系、研发投入与评价,科技创新政策与能力基线,C-STEPI-A0201-875,2017-12-30,W1,오픈사이언스정책의 도입 및 추진 방안,机构正式研究,C:\Users\WINDOWS\OneDrive\知识库\智库信息爬虫\国际主要科技智库观点演变_研判\03_证据底稿\原文PDF\C-STEPI-A0201-875.pdf,C:\Users\WINDOWS\OneDrive\知识库\智库信息爬虫\国际主要科技智库观点演变_研判\03_证据底稿\文本\C-STEPI-A0201-875.txt,https://www.stepi.re.kr/site/stepiko/report/View.do?reIdx=875,官方PDF已保存并校验
科技人才、大学与知识流动,科技创新政策与能力基线,C-STEPI-A0201-875,2017-12-30,W1,오픈사이언스정책의 도입 및 추진 방안,机构正式研究,C:\Users\WINDOWS\OneDrive\知识库\智库信息爬虫\国际主要科技智库观点演变_研判\03_证据底稿\原文PDF\C-STEPI-A0201-875.pdf,C:\Users\WINDOWS\OneDrive\知识库\智库信息爬虫\国际主要科技智库观点演变_研判\03_证据底稿\文本\C-STEPI-A0201-875.txt,https://www.stepi.re.kr/site/stepiko/report/View.do?reIdx=875,官方PDF已保存并校验
产业创新、创业与区域体系,科技创新政策与能力基线,C-STEPI-A0201-875,2017-12-30,W1,오픈사이언스정책의 도입 및 추진 방안,机构正式研究,C:\Users\WINDOWS\OneDrive\知识库\智库信息爬虫\国际主要科技智库观点演变_研判\03_证据底稿\原文PDF\C-STEPI-A0201-875.pdf,C:\Users\WINDOWS\OneDrive\知识库\智库信息爬虫\国际主要科技智库观点演变_研判\03_证据底稿\文本\C-STEPI-A0201-875.txt,https://www.stepi.re.kr/site/stepiko/report/View.do?reIdx=875,官方PDF已保存并校验
能源、气候与绿色转型,科技创新政策与能力基线,C-STEPI-A0201-876,2017-12-30,W1,국내 리빙랩 현황 분석과 발전 방안 연구,机构正式研究,C:\Users\WINDOWS\OneDrive\知识库\智库信息爬虫\国际主要科技智库观点演变_研判\03_证据底稿\原文PDF\C-STEPI-A0201-876.pdf,C:\Users\WINDOWS\OneDrive\知识库\智库信息爬虫\国际主要科技智库观点演变_研判\03_证据底稿\文本\C-STEPI-A0201-876.txt,https://www.stepi.re.kr/site/stepiko/report/View.do?reIdx=876,官方PDF已保存并校验
科研体系、研发投入与评价,科技创新政策与能力基线,C-STEPI-A0201-876,2017-12-30,W1,국내 리빙랩 현황 분석과 발전 방안 연구,机构正式研究,C:\Users\WINDOWS\OneDrive\知识库\智库信息爬虫\国际主要科技智库观点演变_研判\03_证据底稿\原文PDF\C-STEPI-A0201-876.pdf,C:\Users\WINDOWS\OneDrive\知识库\智库信息爬虫\国际主要科技智库观点演变_研判\03_证据底稿\文本\C-STEPI-A0201-876.txt,https://www.stepi.re.kr/site/stepiko/report/View.do?reIdx=876,官方PDF已保存并校验
科技人才、大学与知识流动,科技创新政策与能力基线,C-STEPI-A0201-876,2017-12-30,W1,국내 리빙랩 현황 분석과 발전 방안 연구,机构正式研究,C:\Users\WINDOWS\OneDrive\知识库\智库信息爬虫\国际主要科技智库观点演变_研判\03_证据底稿\原文PDF\C-STEPI-A0201-876.pdf,C:\Users\WINDOWS\OneDrive\知识库\智库信息爬虫\国际主要科技智库观点演变_研判\03_证据底稿\文本\C-STEPI-A0201-876.txt,https://www.stepi.re.kr/site/stepiko/report/View.do?reIdx=876,官方PDF已保存并校验
产业创新、创业与区域体系,科技创新政策与能力基线,C-STEPI-A0201-876,2017-12-30,W1,국내 리빙랩 현황 분석과 발전 방안 연구,机构正式研究,C:\Users\WINDOWS\OneDrive\知识库\智库信息爬虫\国际主要科技智库观点演变_研判\03_证据底稿\原文PDF\C-STEPI-A0201-876.pdf,C:\Users\WINDOWS\OneDrive\知识库\智库信息爬虫\国际主要科技智库观点演变_研判\03_证据底稿\文本\C-STEPI-A0201-876.txt,https://www.stepi.re.kr/site/stepiko/report/View.do?reIdx=876,官方PDF已保存并校验
人工智能、数据与数字技术,科技创新政策与能力基线,C-STEPI-A0201-877,2017-12-30,W1,R&D 예산배분시스템 현황 및 문제점 진단,机构正式研究,C:\Users\WINDOWS\OneDrive\知识库\智库信息爬虫\国际主要科技智库观点演变_研判\03_证据底稿\原文PDF\C-STEPI-A0201-877.pdf,C:\Users\WINDOWS\OneDrive\知识库\智库信息爬虫\国际主要科技智库观点演变_研判\03_证据底稿\文本\C-STEPI-A0201-877.txt,https://www.stepi.re.kr/site/stepiko/report/View.do?reIdx=877,官方PDF已保存并校验
生命科学、生物技术与健康,科技创新政策与能力基线,C-STEPI-A0201-877,2017-12-30,W1,R&D 예산배분시스템 현황 및 문제점 진단,机构正式研究,C:\Users\WINDOWS\OneDrive\知识库\智库信息爬虫\国际主要科技智库观点演变_研判\03_证据底稿\原文PDF\C-STEPI-A0201-877.pdf,C:\Users\WINDOWS\OneDrive\知识库\智库信息爬虫\国际主要科技智库观点演变_研判\03_证据底稿\文本\C-STEPI-A0201-877.txt,https://www.stepi.re.kr/site/stepiko/report/View.do?reIdx=877,官方PDF已保存并校验
科研体系、研发投入与评价,科技创新政策与能力基线,C-STEPI-A0201-877,2017-12-30,W1,R&D 예산배분시스템 현황 및 문제점 진단,机构正式研究,C:\Users\WINDOWS\OneDrive\知识库\智库信息爬虫\国际主要科技智库观点演变_研判\03_证据底稿\原文PDF\C-STEPI-A0201-877.pdf,C:\Users\WINDOWS\OneDrive\知识库\智库信息爬虫\国际主要科技智库观点演变_研判\03_证据底稿\文本\C-STEPI-A0201-877.txt,https://www.stepi.re.kr/site/stepiko/report/View.do?reIdx=877,官方PDF已保存并校验
科技人才、大学与知识流动,科技创新政策与能力基线,C-STEPI-A0201-877,2017-12-30,W1,R&D 예산배분시스템 현황 및 문제점 진단,机构正式研究,C:\Users\WINDOWS\OneDrive\知识库\智库信息爬虫\国际主要科技智库观点演变_研判\03_证据底稿\原文PDF\C-STEPI-A0201-877.pdf,C:\Users\WINDOWS\OneDrive\知识库\智库信息爬虫\国际主要科技智库观点演变_研判\03_证据底稿\文本\C-STEPI-A0201-877.txt,https://www.stepi.re.kr/site/stepiko/report/View.do?reIdx=877,官方PDF已保存并校验
产业创新、创业与区域体系,科技创新政策与能力基线,C-STEPI-A0201-877,2017-12-30,W1,R&D 예산배분시스템 현황 및 문제점 진단,机构正式研究,C:\Users\WINDOWS\OneDrive\知识库\智库信息爬虫\国际主要科技智库观点演变_研判\03_证据底稿\原文PDF\C-STEPI-A0201-877.pdf,C:\Users\WINDOWS\OneDrive\知识库\智库信息爬虫\国际主要科技智库观点演变_研判\03_证据底稿\文本\C-STEPI-A0201-877.txt,https://www.stepi.re.kr/site/stepiko/report/View.do?reIdx=877,官方PDF已保存并校验
科技前瞻与未来社会,科技创新政策与能力基线,C-STEPI-A0201-877,2017-12-30,W1,R&D 예산배분시스템 현황 및 문제점 진단,机构正式研究,C:\Users\WINDOWS\OneDrive\知识库\智库信息爬虫\国际主要科技智库观点演变_研判\03_证据底稿\原文PDF\C-STEPI-A0201-877.pdf,C:\Users\WINDOWS\OneDrive\知识库\智库信息爬虫\国际主要科技智库观点演变_研判\03_证据底稿\文本\C-STEPI-A0201-877.txt,https://www.stepi.re.kr/site/stepiko/report/View.do?reIdx=877,官方PDF已保存并校验
科研体系、研发投入与评价,科技创新政策与能力基线,C-STEPI-A0201-878,2017-12-30,W1,창의적 혁신조직의 속성 연구,机构正式研究,C:\Users\WINDOWS\OneDrive\知识库\智库信息爬虫\国际主要科技智库观点演变_研判\03_证据底稿\原文PDF\C-STEPI-A0201-878.pdf,C:\Users\WINDOWS\OneDrive\知识库\智库信息爬虫\国际主要科技智库观点演变_研判\03_证据底稿\文本\C-STEPI-A0201-878.txt,https://www.stepi.re.kr/site/stepiko/report/View.do?reIdx=878,官方PDF已保存并校验
科技人才、大学与知识流动,科技创新政策与能力基线,C-STEPI-A0201-878,2017-12-30,W1,창의적 혁신조직의 속성 연구,机构正式研究,C:\Users\WINDOWS\OneDrive\知识库\智库信息爬虫\国际主要科技智库观点演变_研判\03_证据底稿\原文PDF\C-STEPI-A0201-878.pdf,C:\Users\WINDOWS\OneDrive\知识库\智库信息爬虫\国际主要科技智库观点演变_研判\03_证据底稿\文本\C-STEPI-A0201-878.txt,https://www.stepi.re.kr/site/stepiko/report/View.do?reIdx=878,官方PDF已保存并校验
产业创新、创业与区域体系,科技创新政策与能力基线,C-STEPI-A0201-878,2017-12-30,W1,창의적 혁신조직의 속성 연구,机构正式研究,C:\Users\WINDOWS\OneDrive\知识库\智库信息爬虫\国际主要科技智库观点演变_研判\03_证据底稿\原文PDF\C-STEPI-A0201-878.pdf,C:\Users\WINDOWS\OneDrive\知识库\智库信息爬虫\国际主要科技智库观点演变_研判\03_证据底稿\文本\C-STEPI-A0201-878.txt,https://www.stepi.re.kr/site/stepiko/report/View.do?reIdx=878,官方PDF已保存并校验
人工智能、数据与数字技术,科技创新政策与能力基线,C-STEPI-A0201-879,2017-12-30,W1,정부출연연구기관의 협력적 융합연구 촉진방안,机构正式研究,C:\Users\WINDOWS\OneDrive\知识库\智库信息爬虫\国际主要科技智库观点演变_研判\03_证据底稿\原文PDF\C-STEPI-A0201-879.pdf,C:\Users\WINDOWS\OneDrive\知识库\智库信息爬虫\国际主要科技智库观点演变_研判\03_证据底稿\文本\C-STEPI-A0201-879.txt,https://www.stepi.re.kr/site/stepiko/report/View.do?reIdx=879,官方PDF已保存并校验
科研体系、研发投入与评价,科技创新政策与能力基线,C-STEPI-A0201-879,2017-12-30,W1,정부출연연구기관의 협력적 융합연구 촉진방안,机构正式研究,C:\Users\WINDOWS\OneDrive\知识库\智库信息爬虫\国际主要科技智库观点演变_研判\03_证据底稿\原文PDF\C-STEPI-A0201-879.pdf,C:\Users\WINDOWS\OneDrive\知识库\智库信息爬虫\国际主要科技智库观点演变_研判\03_证据底稿\文本\C-STEPI-A0201-879.txt,https://www.stepi.re.kr/site/stepiko/report/View.do?reIdx=879,官方PDF已保存并校验
科技人才、大学与知识流动,科技创新政策与能力基线,C-STEPI-A0201-879,2017-12-30,W1,정부출연연구기관의 협력적 융합연구 촉진방안,机构正式研究,C:\Users\WINDOWS\OneDrive\知识库\智库信息爬虫\国际主要科技智库观点演变_研判\03_证据底稿\原文PDF\C-STEPI-A0201-879.pdf,C:\Users\WINDOWS\OneDrive\知识库\智库信息爬虫\国际主要科技智库观点演变_研判\03_证据底稿\文本\C-STEPI-A0201-879.txt,https://www.stepi.re.kr/site/stepiko/report/View.do?reIdx=879,官方PDF已保存并校验
产业创新、创业与区域体系,科技创新政策与能力基线,C-STEPI-A0201-879,2017-12-30,W1,정부출연연구기관의 협력적 융합연구 촉진방안,机构正式研究,C:\Users\WINDOWS\OneDrive\知识库\智库信息爬虫\国际主要科技智库观点演变_研判\03_证据底稿\原文PDF\C-STEPI-A0201-879.pdf,C:\Users\WINDOWS\OneDrive\知识库\智库信息爬虫\国际主要科技智库观点演变_研判\03_证据底稿\文本\C-STEPI-A0201-879.txt,https://www.stepi.re.kr/site/stepiko/report/View.do?reIdx=879,官方PDF已保存并校验
中国科技与国际比较,科技创新政策与能力基线,C-STEPI-A0201-880,2017-12-30,W1,4차 산업혁명의 기술 동인과 산업 파급 전망,机构正式研究,C:\Users\WINDOWS\OneDrive\知识库\智库信息爬虫\国际主要科技智库观点演变_研判\03_证据底稿\原文PDF\C-STEPI-A0201-880.pdf,C:\Users\WINDOWS\OneDrive\知识库\智库信息爬虫\国际主要科技智库观点演变_研判\03_证据底稿\文本\C-STEPI-A0201-880.txt,https://www.stepi.re.kr/site/stepiko/report/View.do?reIdx=880,官方PDF已保存并校验
人工智能、数据与数字技术,科技创新政策与能力基线,C-STEPI-A0201-880,2017-12-30,W1,4차 산업혁명의 기술 동인과 산업 파급 전망,机构正式研究,C:\Users\WINDOWS\OneDrive\知识库\智库信息爬虫\国际主要科技智库观点演变_研判\03_证据底稿\原文PDF\C-STEPI-A0201-880.pdf,C:\Users\WINDOWS\OneDrive\知识库\智库信息爬虫\国际主要科技智库观点演变_研判\03_证据底稿\文本\C-STEPI-A0201-880.txt,https://www.stepi.re.kr/site/stepiko/report/View.do?reIdx=880,官方PDF已保存并校验
生命科学、生物技术与健康,科技创新政策与能力基线,C-STEPI-A0201-880,2017-12-30,W1,4차 산업혁명의 기술 동인과 산업 파급 전망,机构正式研究,C:\Users\WINDOWS\OneDrive\知识库\智库信息爬虫\国际主要科技智库观点演变_研判\03_证据底稿\原文PDF\C-STEPI-A0201-880.pdf,C:\Users\WINDOWS\OneDrive\知识库\智库信息爬虫\国际主要科技智库观点演变_研判\03_证据底稿\文本\C-STEPI-A0201-880.txt,https://www.stepi.re.kr/site/stepiko/report/View.do?reIdx=880,官方PDF已保存并校验
能源、气候与绿色转型,科技创新政策与能力基线,C-STEPI-A0201-880,2017-12-30,W1,4차 산업혁명의 기술 동인과 산업 파급 전망,机构正式研究,C:\Users\WINDOWS\OneDrive\知识库\智库信息爬虫\国际主要科技智库观点演变_研判\03_证据底稿\原文PDF\C-STEPI-A0201-880.pdf,C:\Users\WINDOWS\OneDrive\知识库\智库信息爬虫\国际主要科技智库观点演变_研判\03_证据底稿\文本\C-STEPI-A0201-880.txt,https://www.stepi.re.kr/site/stepiko/report/View.do?reIdx=880,官方PDF已保存并校验
科研体系、研发投入与评价,科技创新政策与能力基线,C-STEPI-A0201-880,2017-12-30,W1,4차 산업혁명의 기술 동인과 산업 파급 전망,机构正式研究,C:\Users\WINDOWS\OneDrive\知识库\智库信息爬虫\国际主要科技智库观点演变_研判\03_证据底稿\原文PDF\C-STEPI-A0201-880.pdf,C:\Users\WINDOWS\OneDrive\知识库\智库信息爬虫\国际主要科技智库观点演变_研判\03_证据底稿\文本\C-STEPI-A0201-880.txt,https://www.stepi.re.kr/site/stepiko/report/View.do?reIdx=880,官方PDF已保存并校验
科技人才、大学与知识流动,科技创新政策与能力基线,C-STEPI-A0201-880,2017-12-30,W1,4차 산업혁명의 기술 동인과 산업 파급 전망,机构正式研究,C:\Users\WINDOWS\OneDrive\知识库\智库信息爬虫\国际主要科技智库观点演变_研判\03_证据底稿\原文PDF\C-STEPI-A0201-880.pdf,C:\Users\WINDOWS\OneDrive\知识库\智库信息爬虫\国际主要科技智库观点演变_研判\03_证据底稿\文本\C-STEPI-A0201-880.txt,https://www.stepi.re.kr/site/stepiko/report/View.do?reIdx=880,官方PDF已保存并校验
产业创新、创业与区域体系,科技创新政策与能力基线,C-STEPI-A0201-880,2017-12-30,W1,4차 산업혁명의 기술 동인과 산업 파급 전망,机构正式研究,C:\Users\WINDOWS\OneDrive\知识库\智库信息爬虫\国际主要科技智库观点演变_研判\03_证据底稿\原文PDF\C-STEPI-A0201-880.pdf,C:\Users\WINDOWS\OneDrive\知识库\智库信息爬虫\国际主要科技智库观点演变_研判\03_证据底稿\文本\C-STEPI-A0201-880.txt,https://www.stepi.re.kr/site/stepiko/report/View.do?reIdx=880,官方PDF已保存并校验
科技前瞻与未来社会,科技创新政策与能力基线,C-STEPI-A0201-880,2017-12-30,W1,4차 산업혁명의 기술 동인과 산업 파급 전망,机构正式研究,C:\Users\WINDOWS\OneDrive\知识库\智库信息爬虫\国际主要科技智库观点演变_研判\03_证据底稿\原文PDF\C-STEPI-A0201-880.pdf,C:\Users\WINDOWS\OneDrive\知识库\智库信息爬虫\国际主要科技智库观点演变_研判\03_证据底稿\文本\C-STEPI-A0201-880.txt,https://www.stepi.re.kr/site/stepiko/report/View.do?reIdx=880,官方PDF已保存并校验
人工智能、数据与数字技术,科技创新政策与能力基线,C-STEPI-A0201-881,2017-12-30,W1,글로벌 주도권 확보를 위한 사물인터넷 플랫폼 전략(2차년도),机构正式研究,C:\Users\WINDOWS\OneDrive\知识库\智库信息爬虫\国际主要科技智库观点演变_研判\03_证据底稿\原文PDF\C-STEPI-A0201-881.pdf,C:\Users\WINDOWS\OneDrive\知识库\智库信息爬虫\国际主要科技智库观点演变_研判\03_证据底稿\文本\C-STEPI-A0201-881.txt,https://www.stepi.re.kr/site/stepiko/report/View.do?reIdx=881,官方PDF已保存并校验
科研体系、研发投入与评价,科技创新政策与能力基线,C-STEPI-A0201-881,2017-12-30,W1,글로벌 주도권 확보를 위한 사물인터넷 플랫폼 전략(2차년도),机构正式研究,C:\Users\WINDOWS\OneDrive\知识库\智库信息爬虫\国际主要科技智库观点演变_研判\03_证据底稿\原文PDF\C-STEPI-A0201-881.pdf,C:\Users\WINDOWS\OneDrive\知识库\智库信息爬虫\国际主要科技智库观点演变_研判\03_证据底稿\文本\C-STEPI-A0201-881.txt,https://www.stepi.re.kr/site/stepiko/report/View.do?reIdx=881,官方PDF已保存并校验
产业创新、创业与区域体系,科技创新政策与能力基线,C-STEPI-A0201-881,2017-12-30,W1,글로벌 주도권 확보를 위한 사물인터넷 플랫폼 전략(2차년도),机构正式研究,C:\Users\WINDOWS\OneDrive\知识库\智库信息爬虫\国际主要科技智库观点演变_研判\03_证据底稿\原文PDF\C-STEPI-A0201-881.pdf,C:\Users\WINDOWS\OneDrive\知识库\智库信息爬虫\国际主要科技智库观点演变_研判\03_证据底稿\文本\C-STEPI-A0201-881.txt,https://www.stepi.re.kr/site/stepiko/report/View.do?reIdx=881,官方PDF已保存并校验
科技前瞻与未来社会,科技创新政策与能力基线,C-STEPI-A0201-881,2017-12-30,W1,글로벌 주도권 확보를 위한 사물인터넷 플랫폼 전략(2차년도),机构正式研究,C:\Users\WINDOWS\OneDrive\知识库\智库信息爬虫\国际主要科技智库观点演变_研判\03_证据底稿\原文PDF\C-STEPI-A0201-881.pdf,C:\Users\WINDOWS\OneDrive\知识库\智库信息爬虫\国际主要科技智库观点演变_研判\03_证据底稿\文本\C-STEPI-A0201-881.txt,https://www.stepi.re.kr/site/stepiko/report/View.do?reIdx=881,官方PDF已保存并校验
人工智能、数据与数字技术,核心科技直接材料,C-STEPI-A0201-882,2017-12-30,W1,지역혁신 활성화를 위한 도시기반 혁신정책의 전략과 방향: 도시형 혁신공간과 데이터 기반 도시혁신,机构正式研究,C:\Users\WINDOWS\OneDrive\知识库\智库信息爬虫\国际主要科技智库观点演变_研判\03_证据底稿\原文PDF\C-STEPI-A0201-882.pdf,C:\Users\WINDOWS\OneDrive\知识库\智库信息爬虫\国际主要科技智库观点演变_研判\03_证据底稿\文本\C-STEPI-A0201-882.txt,https://www.stepi.re.kr/site/stepiko/report/View.do?reIdx=882,官方PDF已保存并校验
半导体、量子与战略技术,核心科技直接材料,C-STEPI-A0201-882,2017-12-30,W1,지역혁신 활성화를 위한 도시기반 혁신정책의 전략과 방향: 도시형 혁신공간과 데이터 기반 도시혁신,机构正式研究,C:\Users\WINDOWS\OneDrive\知识库\智库信息爬虫\国际主要科技智库观点演变_研判\03_证据底稿\原文PDF\C-STEPI-A0201-882.pdf,C:\Users\WINDOWS\OneDrive\知识库\智库信息爬虫\国际主要科技智库观点演变_研判\03_证据底稿\文本\C-STEPI-A0201-882.txt,https://www.stepi.re.kr/site/stepiko/report/View.do?reIdx=882,官方PDF已保存并校验
科研体系、研发投入与评价,核心科技直接材料,C-STEPI-A0201-882,2017-12-30,W1,지역혁신 활성화를 위한 도시기반 혁신정책의 전략과 방향: 도시형 혁신공간과 데이터 기반 도시혁신,机构正式研究,C:\Users\WINDOWS\OneDrive\知识库\智库信息爬虫\国际主要科技智库观点演变_研判\03_证据底稿\原文PDF\C-STEPI-A0201-882.pdf,C:\Users\WINDOWS\OneDrive\知识库\智库信息爬虫\国际主要科技智库观点演变_研判\03_证据底稿\文本\C-STEPI-A0201-882.txt,https://www.stepi.re.kr/site/stepiko/report/View.do?reIdx=882,官方PDF已保存并校验
科技人才、大学与知识流动,核心科技直接材料,C-STEPI-A0201-882,2017-12-30,W1,지역혁신 활성화를 위한 도시기반 혁신정책의 전략과 방향: 도시형 혁신공간과 데이터 기반 도시혁신,机构正式研究,C:\Users\WINDOWS\OneDrive\知识库\智库信息爬虫\国际主要科技智库观点演变_研判\03_证据底稿\原文PDF\C-STEPI-A0201-882.pdf,C:\Users\WINDOWS\OneDrive\知识库\智库信息爬虫\国际主要科技智库观点演变_研判\03_证据底稿\文本\C-STEPI-A0201-882.txt,https://www.stepi.re.kr/site/stepiko/report/View.do?reIdx=882,官方PDF已保存并校验
产业创新、创业与区域体系,核心科技直接材料,C-STEPI-A0201-882,2017-12-30,W1,지역혁신 활성화를 위한 도시기반 혁신정책의 전략과 방향: 도시형 혁신공간과 데이터 기반 도시혁신,机构正式研究,C:\Users\WINDOWS\OneDrive\知识库\智库信息爬虫\国际主要科技智库观点演变_研判\03_证据底稿\原文PDF\C-STEPI-A0201-882.pdf,C:\Users\WINDOWS\OneDrive\知识库\智库信息爬虫\国际主要科技智库观点演变_研判\03_证据底稿\文本\C-STEPI-A0201-882.txt,https://www.stepi.re.kr/site/stepiko/report/View.do?reIdx=882,官方PDF已保存并校验
科研体系、研发投入与评价,科技创新政策与能力基线,C-STEPI-A0201-883,2017-12-30,W1,지역 산업기술지형의 변화 양태와 시사점,机构正式研究,C:\Users\WINDOWS\OneDrive\知识库\智库信息爬虫\国际主要科技智库观点演变_研判\03_证据底稿\原文PDF\C-STEPI-A0201-883.pdf,C:\Users\WINDOWS\OneDrive\知识库\智库信息爬虫\国际主要科技智库观点演变_研判\03_证据底稿\文本\C-STEPI-A0201-883.txt,https://www.stepi.re.kr/site/stepiko/report/View.do?reIdx=883,官方PDF已保存并校验
科技人才、大学与知识流动,科技创新政策与能力基线,C-STEPI-A0201-883,2017-12-30,W1,지역 산업기술지형의 변화 양태와 시사점,机构正式研究,C:\Users\WINDOWS\OneDrive\知识库\智库信息爬虫\国际主要科技智库观点演变_研判\03_证据底稿\原文PDF\C-STEPI-A0201-883.pdf,C:\Users\WINDOWS\OneDrive\知识库\智库信息爬虫\国际主要科技智库观点演变_研判\03_证据底稿\文本\C-STEPI-A0201-883.txt,https://www.stepi.re.kr/site/stepiko/report/View.do?reIdx=883,官方PDF已保存并校验
产业创新、创业与区域体系,科技创新政策与能力基线,C-STEPI-A0201-883,2017-12-30,W1,지역 산업기술지형의 변화 양태와 시사점,机构正式研究,C:\Users\WINDOWS\OneDrive\知识库\智库信息爬虫\国际主要科技智库观点演变_研判\03_证据底稿\原文PDF\C-STEPI-A0201-883.pdf,C:\Users\WINDOWS\OneDrive\知识库\智库信息爬虫\国际主要科技智库观点演变_研判\03_证据底稿\文本\C-STEPI-A0201-883.txt,https://www.stepi.re.kr/site/stepiko/report/View.do?reIdx=883,官方PDF已保存并校验
人工智能、数据与数字技术,科技创新政策与能力基线,C-STEPI-A0201-884,2017-12-30,W1,수요자 중심의 헬스케어 산업 전망과 대응전략,机构正式研究,C:\Users\WINDOWS\OneDrive\知识库\智库信息爬虫\国际主要科技智库观点演变_研判\03_证据底稿\原文PDF\C-STEPI-A0201-884.pdf,C:\Users\WINDOWS\OneDrive\知识库\智库信息爬虫\国际主要科技智库观点演变_研判\03_证据底稿\文本\C-STEPI-A0201-884.txt,https://www.stepi.re.kr/site/stepiko/report/View.do?reIdx=884,官方PDF已保存并校验
生命科学、生物技术与健康,科技创新政策与能力基线,C-STEPI-A0201-884,2017-12-30,W1,수요자 중심의 헬스케어 산업 전망과 대응전략,机构正式研究,C:\Users\WINDOWS\OneDrive\知识库\智库信息爬虫\国际主要科技智库观点演变_研判\03_证据底稿\原文PDF\C-STEPI-A0201-884.pdf,C:\Users\WINDOWS\OneDrive\知识库\智库信息爬虫\国际主要科技智库观点演变_研判\03_证据底稿\文本\C-STEPI-A0201-884.txt,https://www.stepi.re.kr/site/stepiko/report/View.do?reIdx=884,官方PDF已保存并校验
科研体系、研发投入与评价,科技创新政策与能力基线,C-STEPI-A0201-884,2017-12-30,W1,수요자 중심의 헬스케어 산업 전망과 대응전략,机构正式研究,C:\Users\WINDOWS\OneDrive\知识库\智库信息爬虫\国际主要科技智库观点演变_研判\03_证据底稿\原文PDF\C-STEPI-A0201-884.pdf,C:\Users\WINDOWS\OneDrive\知识库\智库信息爬虫\国际主要科技智库观点演变_研判\03_证据底稿\文本\C-STEPI-A0201-884.txt,https://www.stepi.re.kr/site/stepiko/report/View.do?reIdx=884,官方PDF已保存并校验
科技人才、大学与知识流动,科技创新政策与能力基线,C-STEPI-A0201-884,2017-12-30,W1,수요자 중심의 헬스케어 산업 전망과 대응전략,机构正式研究,C:\Users\WINDOWS\OneDrive\知识库\智库信息爬虫\国际主要科技智库观点演变_研判\03_证据底稿\原文PDF\C-STEPI-A0201-884.pdf,C:\Users\WINDOWS\OneDrive\知识库\智库信息爬虫\国际主要科技智库观点演变_研判\03_证据底稿\文本\C-STEPI-A0201-884.txt,https://www.stepi.re.kr/site/stepiko/report/View.do?reIdx=884,官方PDF已保存并校验
产业创新、创业与区域体系,科技创新政策与能力基线,C-STEPI-A0201-884,2017-12-30,W1,수요자 중심의 헬스케어 산업 전망과 대응전략,机构正式研究,C:\Users\WINDOWS\OneDrive\知识库\智库信息爬虫\国际主要科技智库观点演变_研判\03_证据底稿\原文PDF\C-STEPI-A0201-884.pdf,C:\Users\WINDOWS\OneDrive\知识库\智库信息爬虫\国际主要科技智库观点演变_研判\03_证据底稿\文本\C-STEPI-A0201-884.txt,https://www.stepi.re.kr/site/stepiko/report/View.do?reIdx=884,官方PDF已保存并校验
科技前瞻与未来社会,科技创新政策与能力基线,C-STEPI-A0201-884,2017-12-30,W1,수요자 중심의 헬스케어 산업 전망과 대응전략,机构正式研究,C:\Users\WINDOWS\OneDrive\知识库\智库信息爬虫\国际主要科技智库观点演变_研判\03_证据底稿\原文PDF\C-STEPI-A0201-884.pdf,C:\Users\WINDOWS\OneDrive\知识库\智库信息爬虫\国际主要科技智库观点演变_研判\03_证据底稿\文本\C-STEPI-A0201-884.txt,https://www.stepi.re.kr/site/stepiko/report/View.do?reIdx=884,官方PDF已保存并校验
人工智能、数据与数字技术,科技创新政策与能力基线,C-STEPI-A0201-885,2017-12-30,W1,온실가스 감축기술의 융합을 통한 산업적 성과 제고방안 - 건물부문의 기술융합 보급 활성화 방안 -,机构正式研究,C:\Users\WINDOWS\OneDrive\知识库\智库信息爬虫\国际主要科技智库观点演变_研判\03_证据底稿\原文PDF\C-STEPI-A0201-885.pdf,C:\Users\WINDOWS\OneDrive\知识库\智库信息爬虫\国际主要科技智库观点演变_研判\03_证据底稿\文本\C-STEPI-A0201-885.txt,https://www.stepi.re.kr/site/stepiko/report/View.do?reIdx=885,官方PDF已保存并校验
生命科学、生物技术与健康,科技创新政策与能力基线,C-STEPI-A0201-885,2017-12-30,W1,온실가스 감축기술의 융합을 통한 산업적 성과 제고방안 - 건물부문의 기술융합 보급 활성화 방안 -,机构正式研究,C:\Users\WINDOWS\OneDrive\知识库\智库信息爬虫\国际主要科技智库观点演变_研判\03_证据底稿\原文PDF\C-STEPI-A0201-885.pdf,C:\Users\WINDOWS\OneDrive\知识库\智库信息爬虫\国际主要科技智库观点演变_研判\03_证据底稿\文本\C-STEPI-A0201-885.txt,https://www.stepi.re.kr/site/stepiko/report/View.do?reIdx=885,官方PDF已保存并校验
能源、气候与绿色转型,科技创新政策与能力基线,C-STEPI-A0201-885,2017-12-30,W1,온실가스 감축기술의 융합을 통한 산업적 성과 제고방안 - 건물부문의 기술융합 보급 활성화 방안 -,机构正式研究,C:\Users\WINDOWS\OneDrive\知识库\智库信息爬虫\国际主要科技智库观点演变_研判\03_证据底稿\原文PDF\C-STEPI-A0201-885.pdf,C:\Users\WINDOWS\OneDrive\知识库\智库信息爬虫\国际主要科技智库观点演变_研判\03_证据底稿\文本\C-STEPI-A0201-885.txt,https://www.stepi.re.kr/site/stepiko/report/View.do?reIdx=885,官方PDF已保存并校验
科研体系、研发投入与评价,科技创新政策与能力基线,C-STEPI-A0201-885,2017-12-30,W1,온실가스 감축기술의 융합을 통한 산업적 성과 제고방안 - 건물부문의 기술융합 보급 활성화 방안 -,机构正式研究,C:\Users\WINDOWS\OneDrive\知识库\智库信息爬虫\国际主要科技智库观点演变_研判\03_证据底稿\原文PDF\C-STEPI-A0201-885.pdf,C:\Users\WINDOWS\OneDrive\知识库\智库信息爬虫\国际主要科技智库观点演变_研判\03_证据底稿\文本\C-STEPI-A0201-885.txt,https://www.stepi.re.kr/site/stepiko/report/View.do?reIdx=885,官方PDF已保存并校验
科技人才、大学与知识流动,科技创新政策与能力基线,C-STEPI-A0201-885,2017-12-30,W1,온실가스 감축기술의 융합을 통한 산업적 성과 제고방안 - 건물부문의 기술융합 보급 활성화 방안 -,机构正式研究,C:\Users\WINDOWS\OneDrive\知识库\智库信息爬虫\国际主要科技智库观点演变_研判\03_证据底稿\原文PDF\C-STEPI-A0201-885.pdf,C:\Users\WINDOWS\OneDrive\知识库\智库信息爬虫\国际主要科技智库观点演变_研判\03_证据底稿\文本\C-STEPI-A0201-885.txt,https://www.stepi.re.kr/site/stepiko/report/View.do?reIdx=885,官方PDF已保存并校验
产业创新、创业与区域体系,科技创新政策与能力基线,C-STEPI-A0201-885,2017-12-30,W1,온실가스 감축기술의 융합을 통한 산업적 성과 제고방안 - 건물부문의 기술융합 보급 활성화 방안 -,机构正式研究,C:\Users\WINDOWS\OneDrive\知识库\智库信息爬虫\国际主要科技智库观点演变_研判\03_证据底稿\原文PDF\C-STEPI-A0201-885.pdf,C:\Users\WINDOWS\OneDrive\知识库\智库信息爬虫\国际主要科技智库观点演变_研判\03_证据底稿\文本\C-STEPI-A0201-885.txt,https://www.stepi.re.kr/site/stepiko/report/View.do?reIdx=885,官方PDF已保存并校验
科技前瞻与未来社会,科技创新政策与能力基线,C-STEPI-A0201-885,2017-12-30,W1,온실가스 감축기술의 융합을 통한 산업적 성과 제고방안 - 건물부문의 기술융합 보급 활성화 방안 -,机构正式研究,C:\Users\WINDOWS\OneDrive\知识库\智库信息爬虫\国际主要科技智库观点演变_研判\03_证据底稿\原文PDF\C-STEPI-A0201-885.pdf,C:\Users\WINDOWS\OneDrive\知识库\智库信息爬虫\国际主要科技智库观点演变_研判\03_证据底稿\文本\C-STEPI-A0201-885.txt,https://www.stepi.re.kr/site/stepiko/report/View.do?reIdx=885,官方PDF已保存并校验
科研体系、研发投入与评价,科技创新政策与能力基线,C-STEPI-A0201-886,2017-12-30,W1,기술사업화 성과 제고를 위한 기술인큐베이션 경로 진단 및 효율화 방안,机构正式研究,C:\Users\WINDOWS\OneDrive\知识库\智库信息爬虫\国际主要科技智库观点演变_研判\03_证据底稿\原文PDF\C-STEPI-A0201-886.pdf,C:\Users\WINDOWS\OneDrive\知识库\智库信息爬虫\国际主要科技智库观点演变_研判\03_证据底稿\文本\C-STEPI-A0201-886.txt,https://www.stepi.re.kr/site/stepiko/report/View.do?reIdx=886,官方PDF已保存并校验
科技人才、大学与知识流动,科技创新政策与能力基线,C-STEPI-A0201-886,2017-12-30,W1,기술사업화 성과 제고를 위한 기술인큐베이션 경로 진단 및 효율화 방안,机构正式研究,C:\Users\WINDOWS\OneDrive\知识库\智库信息爬虫\国际主要科技智库观点演变_研判\03_证据底稿\原文PDF\C-STEPI-A0201-886.pdf,C:\Users\WINDOWS\OneDrive\知识库\智库信息爬虫\国际主要科技智库观点演变_研判\03_证据底稿\文本\C-STEPI-A0201-886.txt,https://www.stepi.re.kr/site/stepiko/report/View.do?reIdx=886,官方PDF已保存并校验
产业创新、创业与区域体系,科技创新政策与能力基线,C-STEPI-A0201-886,2017-12-30,W1,기술사업화 성과 제고를 위한 기술인큐베이션 경로 진단 및 효율화 방안,机构正式研究,C:\Users\WINDOWS\OneDrive\知识库\智库信息爬虫\国际主要科技智库观点演变_研判\03_证据底稿\原文PDF\C-STEPI-A0201-886.pdf,C:\Users\WINDOWS\OneDrive\知识库\智库信息爬虫\国际主要科技智库观点演变_研判\03_证据底稿\文本\C-STEPI-A0201-886.txt,https://www.stepi.re.kr/site/stepiko/report/View.do?reIdx=886,官方PDF已保存并校验
科技前瞻与未来社会,科技创新政策与能力基线,C-STEPI-A0201-886,2017-12-30,W1,기술사업화 성과 제고를 위한 기술인큐베이션 경로 진단 및 효율화 방안,机构正式研究,C:\Users\WINDOWS\OneDrive\知识库\智库信息爬虫\国际主要科技智库观点演变_研判\03_证据底稿\原文PDF\C-STEPI-A0201-886.pdf,C:\Users\WINDOWS\OneDrive\知识库\智库信息爬虫\国际主要科技智库观点演变_研判\03_证据底稿\文本\C-STEPI-A0201-886.txt,https://www.stepi.re.kr/site/stepiko/report/View.do?reIdx=886,官方PDF已保存并校验
中国科技与国际比较,科技创新政策与能力基线,C-STEPI-A0201-887,2017-12-30,W1,공공연구기관 및 중소기업의 해외 기술사업화 활성화 방안 - 기술수출을 중심으로 -,机构正式研究,C:\Users\WINDOWS\OneDrive\知识库\智库信息爬虫\国际主要科技智库观点演变_研判\03_证据底稿\原文PDF\C-STEPI-A0201-887.pdf,C:\Users\WINDOWS\OneDrive\知识库\智库信息爬虫\国际主要科技智库观点演变_研判\03_证据底稿\文本\C-STEPI-A0201-887.txt,https://www.stepi.re.kr/site/stepiko/report/View.do?reIdx=887,官方PDF已保存并校验
半导体、量子与战略技术,科技创新政策与能力基线,C-STEPI-A0201-887,2017-12-30,W1,공공연구기관 및 중소기업의 해외 기술사업화 활성화 방안 - 기술수출을 중심으로 -,机构正式研究,C:\Users\WINDOWS\OneDrive\知识库\智库信息爬虫\国际主要科技智库观点演变_研判\03_证据底稿\原文PDF\C-STEPI-A0201-887.pdf,C:\Users\WINDOWS\OneDrive\知识库\智库信息爬虫\国际主要科技智库观点演变_研判\03_证据底稿\文本\C-STEPI-A0201-887.txt,https://www.stepi.re.kr/site/stepiko/report/View.do?reIdx=887,官方PDF已保存并校验
能源、气候与绿色转型,科技创新政策与能力基线,C-STEPI-A0201-887,2017-12-30,W1,공공연구기관 및 중소기업의 해외 기술사업화 활성화 방안 - 기술수출을 중심으로 -,机构正式研究,C:\Users\WINDOWS\OneDrive\知识库\智库信息爬虫\国际主要科技智库观点演变_研判\03_证据底稿\原文PDF\C-STEPI-A0201-887.pdf,C:\Users\WINDOWS\OneDrive\知识库\智库信息爬虫\国际主要科技智库观点演变_研判\03_证据底稿\文本\C-STEPI-A0201-887.txt,https://www.stepi.re.kr/site/stepiko/report/View.do?reIdx=887,官方PDF已保存并校验
科研体系、研发投入与评价,科技创新政策与能力基线,C-STEPI-A0201-887,2017-12-30,W1,공공연구기관 및 중소기업의 해외 기술사업화 활성화 방안 - 기술수출을 중심으로 -,机构正式研究,C:\Users\WINDOWS\OneDrive\知识库\智库信息爬虫\国际主要科技智库观点演变_研判\03_证据底稿\原文PDF\C-STEPI-A0201-887.pdf,C:\Users\WINDOWS\OneDrive\知识库\智库信息爬虫\国际主要科技智库观点演变_研判\03_证据底稿\文本\C-STEPI-A0201-887.txt,https://www.stepi.re.kr/site/stepiko/report/View.do?reIdx=887,官方PDF已保存并校验
科技人才、大学与知识流动,科技创新政策与能力基线,C-STEPI-A0201-887,2017-12-30,W1,공공연구기관 및 중소기업의 해외 기술사업화 활성화 방안 - 기술수출을 중심으로 -,机构正式研究,C:\Users\WINDOWS\OneDrive\知识库\智库信息爬虫\国际主要科技智库观点演变_研判\03_证据底稿\原文PDF\C-STEPI-A0201-887.pdf,C:\Users\WINDOWS\OneDrive\知识库\智库信息爬虫\国际主要科技智库观点演变_研判\03_证据底稿\文本\C-STEPI-A0201-887.txt,https://www.stepi.re.kr/site/stepiko/report/View.do?reIdx=887,官方PDF已保存并校验
产业创新、创业与区域体系,科技创新政策与能力基线,C-STEPI-A0201-887,2017-12-30,W1,공공연구기관 및 중소기업의 해외 기술사업화 활성화 방안 - 기술수출을 중심으로 -,机构正式研究,C:\Users\WINDOWS\OneDrive\知识库\智库信息爬虫\国际主要科技智库观点演变_研判\03_证据底稿\原文PDF\C-STEPI-A0201-887.pdf,C:\Users\WINDOWS\OneDrive\知识库\智库信息爬虫\国际主要科技智库观点演变_研判\03_证据底稿\文本\C-STEPI-A0201-887.txt,https://www.stepi.re.kr/site/stepiko/report/View.do?reIdx=887,官方PDF已保存并校验
科技前瞻与未来社会,科技创新政策与能力基线,C-STEPI-A0201-887,2017-12-30,W1,공공연구기관 및 중소기업의 해외 기술사업화 활성화 방안 - 기술수출을 중심으로 -,机构正式研究,C:\Users\WINDOWS\OneDrive\知识库\智库信息爬虫\国际主要科技智库观点演变_研判\03_证据底稿\原文PDF\C-STEPI-A0201-887.pdf,C:\Users\WINDOWS\OneDrive\知识库\智库信息爬虫\国际主要科技智库观点演变_研判\03_证据底稿\文本\C-STEPI-A0201-887.txt,https://www.stepi.re.kr/site/stepiko/report/View.do?reIdx=887,官方PDF已保存并校验
人工智能、数据与数字技术,科技创新政策与能力基线,C-STEPI-A0201-888,2017-12-30,W1,트랜스휴먼 시대에 따른 미래직업세계 연구,机构正式研究,C:\Users\WINDOWS\OneDrive\知识库\智库信息爬虫\国际主要科技智库观点演变_研判\03_证据底稿\原文PDF\C-STEPI-A0201-888.pdf,C:\Users\WINDOWS\OneDrive\知识库\智库信息爬虫\国际主要科技智库观点演变_研判\03_证据底稿\文本\C-STEPI-A0201-888.txt,https://www.stepi.re.kr/site/stepiko/report/View.do?reIdx=888,官方PDF已保存并校验
生命科学、生物技术与健康,科技创新政策与能力基线,C-STEPI-A0201-888,2017-12-30,W1,트랜스휴먼 시대에 따른 미래직업세계 연구,机构正式研究,C:\Users\WINDOWS\OneDrive\知识库\智库信息爬虫\国际主要科技智库观点演变_研判\03_证据底稿\原文PDF\C-STEPI-A0201-888.pdf,C:\Users\WINDOWS\OneDrive\知识库\智库信息爬虫\国际主要科技智库观点演变_研判\03_证据底稿\文本\C-STEPI-A0201-888.txt,https://www.stepi.re.kr/site/stepiko/report/View.do?reIdx=888,官方PDF已保存并校验
能源、气候与绿色转型,科技创新政策与能力基线,C-STEPI-A0201-888,2017-12-30,W1,트랜스휴먼 시대에 따른 미래직업세계 연구,机构正式研究,C:\Users\WINDOWS\OneDrive\知识库\智库信息爬虫\国际主要科技智库观点演变_研判\03_证据底稿\原文PDF\C-STEPI-A0201-888.pdf,C:\Users\WINDOWS\OneDrive\知识库\智库信息爬虫\国际主要科技智库观点演变_研判\03_证据底稿\文本\C-STEPI-A0201-888.txt,https://www.stepi.re.kr/site/stepiko/report/View.do?reIdx=888,官方PDF已保存并校验
科研体系、研发投入与评价,科技创新政策与能力基线,C-STEPI-A0201-888,2017-12-30,W1,트랜스휴먼 시대에 따른 미래직업세계 연구,机构正式研究,C:\Users\WINDOWS\OneDrive\知识库\智库信息爬虫\国际主要科技智库观点演变_研判\03_证据底稿\原文PDF\C-STEPI-A0201-888.pdf,C:\Users\WINDOWS\OneDrive\知识库\智库信息爬虫\国际主要科技智库观点演变_研判\03_证据底稿\文本\C-STEPI-A0201-888.txt,https://www.stepi.re.kr/site/stepiko/report/View.do?reIdx=888,官方PDF已保存并校验
科技人才、大学与知识流动,科技创新政策与能力基线,C-STEPI-A0201-888,2017-12-30,W1,트랜스휴먼 시대에 따른 미래직업세계 연구,机构正式研究,C:\Users\WINDOWS\OneDrive\知识库\智库信息爬虫\国际主要科技智库观点演变_研判\03_证据底稿\原文PDF\C-STEPI-A0201-888.pdf,C:\Users\WINDOWS\OneDrive\知识库\智库信息爬虫\国际主要科技智库观点演变_研判\03_证据底稿\文本\C-STEPI-A0201-888.txt,https://www.stepi.re.kr/site/stepiko/report/View.do?reIdx=888,官方PDF已保存并校验
产业创新、创业与区域体系,科技创新政策与能力基线,C-STEPI-A0201-888,2017-12-30,W1,트랜스휴먼 시대에 따른 미래직업세계 연구,机构正式研究,C:\Users\WINDOWS\OneDrive\知识库\智库信息爬虫\国际主要科技智库观点演变_研判\03_证据底稿\原文PDF\C-STEPI-A0201-888.pdf,C:\Users\WINDOWS\OneDrive\知识库\智库信息爬虫\国际主要科技智库观点演变_研判\03_证据底稿\文本\C-STEPI-A0201-888.txt,https://www.stepi.re.kr/site/stepiko/report/View.do?reIdx=888,官方PDF已保存并校验
科技前瞻与未来社会,科技创新政策与能力基线,C-STEPI-A0201-888,2017-12-30,W1,트랜스휴먼 시대에 따른 미래직업세계 연구,机构正式研究,C:\Users\WINDOWS\OneDrive\知识库\智库信息爬虫\国际主要科技智库观点演变_研判\03_证据底稿\原文PDF\C-STEPI-A0201-888.pdf,C:\Users\WINDOWS\OneDrive\知识库\智库信息爬虫\国际主要科技智库观点演变_研判\03_证据底稿\文本\C-STEPI-A0201-888.txt,https://www.stepi.re.kr/site/stepiko/report/View.do?reIdx=888,官方PDF已保存并校验
生命科学、生物技术与健康,核心科技直接材料,C-STEPI-A0201-889,2017-12-30,W1,바이오경제시대 과학기술정책의제 연구사업(7차년도) - 농업과학기술이 주도하는 선진통상농업 구현전략 -,机构正式研究,,,https://www.stepi.re.kr/site/stepiko/report/View.do?reIdx=889,官方目录无PDF
科研体系、研发投入与评价,核心科技直接材料,C-STEPI-A0201-889,2017-12-30,W1,바이오경제시대 과학기술정책의제 연구사업(7차년도) - 농업과학기술이 주도하는 선진통상농업 구현전략 -,机构正式研究,,,https://www.stepi.re.kr/site/stepiko/report/View.do?reIdx=889,官方目录无PDF
科技创新政策与研究体系,科技创新政策与能力基线,C-STEPI-A0201-890,2017-12-30,W1,기술규제 개혁을 위한 의제설정 연구사업,机构正式研究,,,https://www.stepi.re.kr/site/stepiko/report/View.do?reIdx=890,官方目录无PDF
生命科学、生物技术与健康,科技创新政策与能力基线,C-STEPI-A0201-891,2017-12-30,W1,적정 녹색기후기술에 대한 해외수요 조사 및 국제협력 활성화 방안,机构正式研究,C:\Users\WINDOWS\OneDrive\知识库\智库信息爬虫\国际主要科技智库观点演变_研判\03_证据底稿\原文PDF\C-STEPI-A0201-891.pdf,C:\Users\WINDOWS\OneDrive\知识库\智库信息爬虫\国际主要科技智库观点演变_研判\03_证据底稿\文本\C-STEPI-A0201-891.txt,https://www.stepi.re.kr/site/stepiko/report/View.do?reIdx=891,官方PDF已保存并校验
能源、气候与绿色转型,科技创新政策与能力基线,C-STEPI-A0201-891,2017-12-30,W1,적정 녹색기후기술에 대한 해외수요 조사 및 국제협력 활성화 방안,机构正式研究,C:\Users\WINDOWS\OneDrive\知识库\智库信息爬虫\国际主要科技智库观点演变_研判\03_证据底稿\原文PDF\C-STEPI-A0201-891.pdf,C:\Users\WINDOWS\OneDrive\知识库\智库信息爬虫\国际主要科技智库观点演变_研判\03_证据底稿\文本\C-STEPI-A0201-891.txt,https://www.stepi.re.kr/site/stepiko/report/View.do?reIdx=891,官方PDF已保存并校验
科研体系、研发投入与评价,科技创新政策与能力基线,C-STEPI-A0201-891,2017-12-30,W1,적정 녹색기후기술에 대한 해외수요 조사 및 국제협력 활성화 방안,机构正式研究,C:\Users\WINDOWS\OneDrive\知识库\智库信息爬虫\国际主要科技智库观点演变_研判\03_证据底稿\原文PDF\C-STEPI-A0201-891.pdf,C:\Users\WINDOWS\OneDrive\知识库\智库信息爬虫\国际主要科技智库观点演变_研判\03_证据底稿\文本\C-STEPI-A0201-891.txt,https://www.stepi.re.kr/site/stepiko/report/View.do?reIdx=891,官方PDF已保存并校验
产业创新、创业与区域体系,科技创新政策与能力基线,C-STEPI-A0201-891,2017-12-30,W1,적정 녹색기후기술에 대한 해외수요 조사 및 국제협력 활성화 방안,机构正式研究,C:\Users\WINDOWS\OneDrive\知识库\智库信息爬虫\国际主要科技智库观点演变_研判\03_证据底稿\原文PDF\C-STEPI-A0201-891.pdf,C:\Users\WINDOWS\OneDrive\知识库\智库信息爬虫\国际主要科技智库观点演变_研判\03_证据底稿\文本\C-STEPI-A0201-891.txt,https://www.stepi.re.kr/site/stepiko/report/View.do?reIdx=891,官方PDF已保存并校验
技术安全、供应链与国际合作,科技创新政策与能力基线,C-STEPI-A0201-891,2017-12-30,W1,적정 녹색기후기술에 대한 해외수요 조사 및 국제협력 활성화 방안,机构正式研究,C:\Users\WINDOWS\OneDrive\知识库\智库信息爬虫\国际主要科技智库观点演变_研判\03_证据底稿\原文PDF\C-STEPI-A0201-891.pdf,C:\Users\WINDOWS\OneDrive\知识库\智库信息爬虫\国际主要科技智库观点演变_研判\03_证据底稿\文本\C-STEPI-A0201-891.txt,https://www.stepi.re.kr/site/stepiko/report/View.do?reIdx=891,官方PDF已保存并校验
科技前瞻与未来社会,科技创新政策与能力基线,C-STEPI-A0201-891,2017-12-30,W1,적정 녹색기후기술에 대한 해외수요 조사 및 국제협력 활성화 방안,机构正式研究,C:\Users\WINDOWS\OneDrive\知识库\智库信息爬虫\国际主要科技智库观点演变_研判\03_证据底稿\原文PDF\C-STEPI-A0201-891.pdf,C:\Users\WINDOWS\OneDrive\知识库\智库信息爬虫\国际主要科技智库观点演变_研判\03_证据底稿\文本\C-STEPI-A0201-891.txt,https://www.stepi.re.kr/site/stepiko/report/View.do?reIdx=891,官方PDF已保存并校验
科研体系、研发投入与评价,科技创新政策与能力基线,C-STEPI-A0201-892,2017-12-30,W1,신정부 과학기술정책 방향 모색,机构正式研究,C:\Users\WINDOWS\OneDrive\知识库\智库信息爬虫\国际主要科技智库观点演变_研判\03_证据底稿\原文PDF\C-STEPI-A0201-892.pdf,C:\Users\WINDOWS\OneDrive\知识库\智库信息爬虫\国际主要科技智库观点演变_研判\03_证据底稿\文本\C-STEPI-A0201-892.txt,https://www.stepi.re.kr/site/stepiko/report/View.do?reIdx=892,官方PDF已保存并校验
科技人才、大学与知识流动,科技创新政策与能力基线,C-STEPI-A0201-892,2017-12-30,W1,신정부 과학기술정책 방향 모색,机构正式研究,C:\Users\WINDOWS\OneDrive\知识库\智库信息爬虫\国际主要科技智库观点演变_研判\03_证据底稿\原文PDF\C-STEPI-A0201-892.pdf,C:\Users\WINDOWS\OneDrive\知识库\智库信息爬虫\国际主要科技智库观点演变_研判\03_证据底稿\文本\C-STEPI-A0201-892.txt,https://www.stepi.re.kr/site/stepiko/report/View.do?reIdx=892,官方PDF已保存并校验
产业创新、创业与区域体系,科技创新政策与能力基线,C-STEPI-A0201-892,2017-12-30,W1,신정부 과학기술정책 방향 모색,机构正式研究,C:\Users\WINDOWS\OneDrive\知识库\智库信息爬虫\国际主要科技智库观点演变_研判\03_证据底稿\原文PDF\C-STEPI-A0201-892.pdf,C:\Users\WINDOWS\OneDrive\知识库\智库信息爬虫\国际主要科技智库观点演变_研判\03_证据底稿\文本\C-STEPI-A0201-892.txt,https://www.stepi.re.kr/site/stepiko/report/View.do?reIdx=892,官方PDF已保存并校验
人工智能、数据与数字技术,科技创新政策与能力基线,C-STEPI-A0201-893,2017-12-30,W1,기술혁신과 중소기업 고용에 관한 사례 연구,机构正式研究,C:\Users\WINDOWS\OneDrive\知识库\智库信息爬虫\国际主要科技智库观点演变_研判\03_证据底稿\原文PDF\C-STEPI-A0201-893.pdf,C:\Users\WINDOWS\OneDrive\知识库\智库信息爬虫\国际主要科技智库观点演变_研判\03_证据底稿\文本\C-STEPI-A0201-893.txt,https://www.stepi.re.kr/site/stepiko/report/View.do?reIdx=893,官方PDF已保存并校验
科研体系、研发投入与评价,科技创新政策与能力基线,C-STEPI-A0201-893,2017-12-30,W1,기술혁신과 중소기업 고용에 관한 사례 연구,机构正式研究,C:\Users\WINDOWS\OneDrive\知识库\智库信息爬虫\国际主要科技智库观点演变_研判\03_证据底稿\原文PDF\C-STEPI-A0201-893.pdf,C:\Users\WINDOWS\OneDrive\知识库\智库信息爬虫\国际主要科技智库观点演变_研判\03_证据底稿\文本\C-STEPI-A0201-893.txt,https://www.stepi.re.kr/site/stepiko/report/View.do?reIdx=893,官方PDF已保存并校验
科技人才、大学与知识流动,科技创新政策与能力基线,C-STEPI-A0201-893,2017-12-30,W1,기술혁신과 중소기업 고용에 관한 사례 연구,机构正式研究,C:\Users\WINDOWS\OneDrive\知识库\智库信息爬虫\国际主要科技智库观点演变_研判\03_证据底稿\原文PDF\C-STEPI-A0201-893.pdf,C:\Users\WINDOWS\OneDrive\知识库\智库信息爬虫\国际主要科技智库观点演变_研判\03_证据底稿\文本\C-STEPI-A0201-893.txt,https://www.stepi.re.kr/site/stepiko/report/View.do?reIdx=893,官方PDF已保存并校验
产业创新、创业与区域体系,科技创新政策与能力基线,C-STEPI-A0201-893,2017-12-30,W1,기술혁신과 중소기업 고용에 관한 사례 연구,机构正式研究,C:\Users\WINDOWS\OneDrive\知识库\智库信息爬虫\国际主要科技智库观点演变_研判\03_证据底稿\原文PDF\C-STEPI-A0201-893.pdf,C:\Users\WINDOWS\OneDrive\知识库\智库信息爬虫\国际主要科技智库观点演变_研判\03_证据底稿\文本\C-STEPI-A0201-893.txt,https://www.stepi.re.kr/site/stepiko/report/View.do?reIdx=893,官方PDF已保存并校验
科技前瞻与未来社会,科技创新政策与能力基线,C-STEPI-A0201-893,2017-12-30,W1,기술혁신과 중소기업 고용에 관한 사례 연구,机构正式研究,C:\Users\WINDOWS\OneDrive\知识库\智库信息爬虫\国际主要科技智库观点演变_研判\03_证据底稿\原文PDF\C-STEPI-A0201-893.pdf,C:\Users\WINDOWS\OneDrive\知识库\智库信息爬虫\国际主要科技智库观点演变_研判\03_证据底稿\文本\C-STEPI-A0201-893.txt,https://www.stepi.re.kr/site/stepiko/report/View.do?reIdx=893,官方PDF已保存并校验
中国科技与国际比较,科技创新政策与能力基线,C-STEPI-A0201-894,2017-12-30,W1,과학기술 정책평가 모형 탐색,机构正式研究,C:\Users\WINDOWS\OneDrive\知识库\智库信息爬虫\国际主要科技智库观点演变_研判\03_证据底稿\原文PDF\C-STEPI-A0201-894.pdf,C:\Users\WINDOWS\OneDrive\知识库\智库信息爬虫\国际主要科技智库观点演变_研判\03_证据底稿\文本\C-STEPI-A0201-894.txt,https://www.stepi.re.kr/site/stepiko/report/View.do?reIdx=894,官方PDF已保存并校验
人工智能、数据与数字技术,科技创新政策与能力基线,C-STEPI-A0201-894,2017-12-30,W1,과학기술 정책평가 모형 탐색,机构正式研究,C:\Users\WINDOWS\OneDrive\知识库\智库信息爬虫\国际主要科技智库观点演变_研判\03_证据底稿\原文PDF\C-STEPI-A0201-894.pdf,C:\Users\WINDOWS\OneDrive\知识库\智库信息爬虫\国际主要科技智库观点演变_研判\03_证据底稿\文本\C-STEPI-A0201-894.txt,https://www.stepi.re.kr/site/stepiko/report/View.do?reIdx=894,官方PDF已保存并校验
生命科学、生物技术与健康,科技创新政策与能力基线,C-STEPI-A0201-894,2017-12-30,W1,과학기술 정책평가 모형 탐색,机构正式研究,C:\Users\WINDOWS\OneDrive\知识库\智库信息爬虫\国际主要科技智库观点演变_研判\03_证据底稿\原文PDF\C-STEPI-A0201-894.pdf,C:\Users\WINDOWS\OneDrive\知识库\智库信息爬虫\国际主要科技智库观点演变_研判\03_证据底稿\文本\C-STEPI-A0201-894.txt,https://www.stepi.re.kr/site/stepiko/report/View.do?reIdx=894,官方PDF已保存并校验
能源、气候与绿色转型,科技创新政策与能力基线,C-STEPI-A0201-894,2017-12-30,W1,과학기술 정책평가 모형 탐색,机构正式研究,C:\Users\WINDOWS\OneDrive\知识库\智库信息爬虫\国际主要科技智库观点演变_研判\03_证据底稿\原文PDF\C-STEPI-A0201-894.pdf,C:\Users\WINDOWS\OneDrive\知识库\智库信息爬虫\国际主要科技智库观点演变_研判\03_证据底稿\文本\C-STEPI-A0201-894.txt,https://www.stepi.re.kr/site/stepiko/report/View.do?reIdx=894,官方PDF已保存并校验
科研体系、研发投入与评价,科技创新政策与能力基线,C-STEPI-A0201-894,2017-12-30,W1,과학기술 정책평가 모형 탐색,机构正式研究,C:\Users\WINDOWS\OneDrive\知识库\智库信息爬虫\国际主要科技智库观点演变_研判\03_证据底稿\原文PDF\C-STEPI-A0201-894.pdf,C:\Users\WINDOWS\OneDrive\知识库\智库信息爬虫\国际主要科技智库观点演变_研判\03_证据底稿\文本\C-STEPI-A0201-894.txt,https://www.stepi.re.kr/site/stepiko/report/View.do?reIdx=894,官方PDF已保存并校验
科技人才、大学与知识流动,科技创新政策与能力基线,C-STEPI-A0201-894,2017-12-30,W1,과학기술 정책평가 모형 탐색,机构正式研究,C:\Users\WINDOWS\OneDrive\知识库\智库信息爬虫\国际主要科技智库观点演变_研判\03_证据底稿\原文PDF\C-STEPI-A0201-894.pdf,C:\Users\WINDOWS\OneDrive\知识库\智库信息爬虫\国际主要科技智库观点演变_研判\03_证据底稿\文本\C-STEPI-A0201-894.txt,https://www.stepi.re.kr/site/stepiko/report/View.do?reIdx=894,官方PDF已保存并校验
产业创新、创业与区域体系,科技创新政策与能力基线,C-STEPI-A0201-894,2017-12-30,W1,과학기술 정책평가 모형 탐색,机构正式研究,C:\Users\WINDOWS\OneDrive\知识库\智库信息爬虫\国际主要科技智库观点演变_研判\03_证据底稿\原文PDF\C-STEPI-A0201-894.pdf,C:\Users\WINDOWS\OneDrive\知识库\智库信息爬虫\国际主要科技智库观点演变_研判\03_证据底稿\文本\C-STEPI-A0201-894.txt,https://www.stepi.re.kr/site/stepiko/report/View.do?reIdx=894,官方PDF已保存并校验
科技前瞻与未来社会,科技创新政策与能力基线,C-STEPI-A0201-894,2017-12-30,W1,과학기술 정책평가 모형 탐색,机构正式研究,C:\Users\WINDOWS\OneDrive\知识库\智库信息爬虫\国际主要科技智库观点演变_研判\03_证据底稿\原文PDF\C-STEPI-A0201-894.pdf,C:\Users\WINDOWS\OneDrive\知识库\智库信息爬虫\国际主要科技智库观点演变_研判\03_证据底稿\文本\C-STEPI-A0201-894.txt,https://www.stepi.re.kr/site/stepiko/report/View.do?reIdx=894,官方PDF已保存并校验
科技人才、大学与知识流动,科技创新政策与能力基线,C-STEPI-A0201-895,2017-12-30,W1,북한의 핵무기 기술개발과 인력양성 체제,机构正式研究,,,https://www.stepi.re.kr/site/stepiko/report/View.do?reIdx=895,官方目录无PDF
科研体系、研发投入与评价,科技创新政策与能力基线,C-STEPI-A0201-896,2018-12-30,W1,과학기술분야 출연연시스템 진단과 혁신방안,机构正式研究,C:\Users\WINDOWS\OneDrive\知识库\智库信息爬虫\国际主要科技智库观点演变_研判\03_证据底稿\原文PDF\C-STEPI-A0201-896.pdf,C:\Users\WINDOWS\OneDrive\知识库\智库信息爬虫\国际主要科技智库观点演变_研判\03_证据底稿\文本\C-STEPI-A0201-896.txt,https://www.stepi.re.kr/site/stepiko/report/View.do?reIdx=896,官方PDF已保存并校验
科技人才、大学与知识流动,科技创新政策与能力基线,C-STEPI-A0201-896,2018-12-30,W1,과학기술분야 출연연시스템 진단과 혁신방안,机构正式研究,C:\Users\WINDOWS\OneDrive\知识库\智库信息爬虫\国际主要科技智库观点演变_研判\03_证据底稿\原文PDF\C-STEPI-A0201-896.pdf,C:\Users\WINDOWS\OneDrive\知识库\智库信息爬虫\国际主要科技智库观点演变_研判\03_证据底稿\文本\C-STEPI-A0201-896.txt,https://www.stepi.re.kr/site/stepiko/report/View.do?reIdx=896,官方PDF已保存并校验
产业创新、创业与区域体系,科技创新政策与能力基线,C-STEPI-A0201-896,2018-12-30,W1,과학기술분야 출연연시스템 진단과 혁신방안,机构正式研究,C:\Users\WINDOWS\OneDrive\知识库\智库信息爬虫\国际主要科技智库观点演变_研判\03_证据底稿\原文PDF\C-STEPI-A0201-896.pdf,C:\Users\WINDOWS\OneDrive\知识库\智库信息爬虫\国际主要科技智库观点演变_研判\03_证据底稿\文本\C-STEPI-A0201-896.txt,https://www.stepi.re.kr/site/stepiko/report/View.do?reIdx=896,官方PDF已保存并校验
科技前瞻与未来社会,科技创新政策与能力基线,C-STEPI-A0201-896,2018-12-30,W1,과학기술분야 출연연시스템 진단과 혁신방안,机构正式研究,C:\Users\WINDOWS\OneDrive\知识库\智库信息爬虫\国际主要科技智库观点演变_研判\03_证据底稿\原文PDF\C-STEPI-A0201-896.pdf,C:\Users\WINDOWS\OneDrive\知识库\智库信息爬虫\国际主要科技智库观点演变_研判\03_证据底稿\文本\C-STEPI-A0201-896.txt,https://www.stepi.re.kr/site/stepiko/report/View.do?reIdx=896,官方PDF已保存并校验
科研体系、研发投入与评价,科技创新政策与能力基线,C-STEPI-A0201-897,2018-12-30,W1,기초연구사업 확대에 따른 대학 R&D 정책 방향,机构正式研究,C:\Users\WINDOWS\OneDrive\知识库\智库信息爬虫\国际主要科技智库观点演变_研判\03_证据底稿\原文PDF\C-STEPI-A0201-897.pdf,C:\Users\WINDOWS\OneDrive\知识库\智库信息爬虫\国际主要科技智库观点演变_研判\03_证据底稿\文本\C-STEPI-A0201-897.txt,https://www.stepi.re.kr/site/stepiko/report/View.do?reIdx=897,官方PDF已保存并校验
科技人才、大学与知识流动,科技创新政策与能力基线,C-STEPI-A0201-897,2018-12-30,W1,기초연구사업 확대에 따른 대학 R&D 정책 방향,机构正式研究,C:\Users\WINDOWS\OneDrive\知识库\智库信息爬虫\国际主要科技智库观点演变_研判\03_证据底稿\原文PDF\C-STEPI-A0201-897.pdf,C:\Users\WINDOWS\OneDrive\知识库\智库信息爬虫\国际主要科技智库观点演变_研判\03_证据底稿\文本\C-STEPI-A0201-897.txt,https://www.stepi.re.kr/site/stepiko/report/View.do?reIdx=897,官方PDF已保存并校验
产业创新、创业与区域体系,科技创新政策与能力基线,C-STEPI-A0201-897,2018-12-30,W1,기초연구사업 확대에 따른 대학 R&D 정책 방향,机构正式研究,C:\Users\WINDOWS\OneDrive\知识库\智库信息爬虫\国际主要科技智库观点演变_研判\03_证据底稿\原文PDF\C-STEPI-A0201-897.pdf,C:\Users\WINDOWS\OneDrive\知识库\智库信息爬虫\国际主要科技智库观点演变_研判\03_证据底稿\文本\C-STEPI-A0201-897.txt,https://www.stepi.re.kr/site/stepiko/report/View.do?reIdx=897,官方PDF已保存并校验
科技前瞻与未来社会,科技创新政策与能力基线,C-STEPI-A0201-897,2018-12-30,W1,기초연구사업 확대에 따른 대학 R&D 정책 방향,机构正式研究,C:\Users\WINDOWS\OneDrive\知识库\智库信息爬虫\国际主要科技智库观点演变_研判\03_证据底稿\原文PDF\C-STEPI-A0201-897.pdf,C:\Users\WINDOWS\OneDrive\知识库\智库信息爬虫\国际主要科技智库观点演变_研判\03_证据底稿\文本\C-STEPI-A0201-897.txt,https://www.stepi.re.kr/site/stepiko/report/View.do?reIdx=897,官方PDF已保存并校验
科技人才、大学与知识流动,科技创新政策与能力基线,C-STEPI-A0201-898,2018-12-30,W1,과학기술 발전에 따른 기술인력 직무 변화 추세 진단과 대응방안,机构正式研究,C:\Users\WINDOWS\OneDrive\知识库\智库信息爬虫\国际主要科技智库观点演变_研判\03_证据底稿\原文PDF\C-STEPI-A0201-898.pdf,C:\Users\WINDOWS\OneDrive\知识库\智库信息爬虫\国际主要科技智库观点演变_研判\03_证据底稿\文本\C-STEPI-A0201-898.txt,https://www.stepi.re.kr/site/stepiko/report/View.do?reIdx=898,官方PDF已保存并校验
人工智能、数据与数字技术,科技创新政策与能力基线,C-STEPI-A0201-899,2018-12-30,W1,R&D 투자영향평가 체계 구축(3차년도),机构正式研究,C:\Users\WINDOWS\OneDrive\知识库\智库信息爬虫\国际主要科技智库观点演变_研判\03_证据底稿\原文PDF\C-STEPI-A0201-899.pdf,C:\Users\WINDOWS\OneDrive\知识库\智库信息爬虫\国际主要科技智库观点演变_研判\03_证据底稿\文本\C-STEPI-A0201-899.txt,https://www.stepi.re.kr/site/stepiko/report/View.do?reIdx=899,官方PDF已保存并校验
科研体系、研发投入与评价,科技创新政策与能力基线,C-STEPI-A0201-899,2018-12-30,W1,R&D 투자영향평가 체계 구축(3차년도),机构正式研究,C:\Users\WINDOWS\OneDrive\知识库\智库信息爬虫\国际主要科技智库观点演变_研判\03_证据底稿\原文PDF\C-STEPI-A0201-899.pdf,C:\Users\WINDOWS\OneDrive\知识库\智库信息爬虫\国际主要科技智库观点演变_研判\03_证据底稿\文本\C-STEPI-A0201-899.txt,https://www.stepi.re.kr/site/stepiko/report/View.do?reIdx=899,官方PDF已保存并校验
科技人才、大学与知识流动,科技创新政策与能力基线,C-STEPI-A0201-899,2018-12-30,W1,R&D 투자영향평가 체계 구축(3차년도),机构正式研究,C:\Users\WINDOWS\OneDrive\知识库\智库信息爬虫\国际主要科技智库观点演变_研判\03_证据底稿\原文PDF\C-STEPI-A0201-899.pdf,C:\Users\WINDOWS\OneDrive\知识库\智库信息爬虫\国际主要科技智库观点演变_研判\03_证据底稿\文本\C-STEPI-A0201-899.txt,https://www.stepi.re.kr/site/stepiko/report/View.do?reIdx=899,官方PDF已保存并校验
产业创新、创业与区域体系,科技创新政策与能力基线,C-STEPI-A0201-899,2018-12-30,W1,R&D 투자영향평가 체계 구축(3차년도),机构正式研究,C:\Users\WINDOWS\OneDrive\知识库\智库信息爬虫\国际主要科技智库观点演变_研判\03_证据底稿\原文PDF\C-STEPI-A0201-899.pdf,C:\Users\WINDOWS\OneDrive\知识库\智库信息爬虫\国际主要科技智库观点演变_研判\03_证据底稿\文本\C-STEPI-A0201-899.txt,https://www.stepi.re.kr/site/stepiko/report/View.do?reIdx=899,官方PDF已保存并校验
科技前瞻与未来社会,科技创新政策与能力基线,C-STEPI-A0201-899,2018-12-30,W1,R&D 투자영향평가 체계 구축(3차년도),机构正式研究,C:\Users\WINDOWS\OneDrive\知识库\智库信息爬虫\国际主要科技智库观点演变_研判\03_证据底稿\原文PDF\C-STEPI-A0201-899.pdf,C:\Users\WINDOWS\OneDrive\知识库\智库信息爬虫\国际主要科技智库观点演变_研判\03_证据底稿\文本\C-STEPI-A0201-899.txt,https://www.stepi.re.kr/site/stepiko/report/View.do?reIdx=899,官方PDF已保存并校验
人工智能、数据与数字技术,科技创新政策与能力基线,C-STEPI-A0201-900,2018-12-30,W1,오픈사이언스를 통한 공공연구 효과성 제고 방안,机构正式研究,C:\Users\WINDOWS\OneDrive\知识库\智库信息爬虫\国际主要科技智库观点演变_研判\03_证据底稿\原文PDF\C-STEPI-A0201-900.pdf,C:\Users\WINDOWS\OneDrive\知识库\智库信息爬虫\国际主要科技智库观点演变_研判\03_证据底稿\文本\C-STEPI-A0201-900.txt,https://www.stepi.re.kr/site/stepiko/report/View.do?reIdx=900,官方PDF已保存并校验
生命科学、生物技术与健康,科技创新政策与能力基线,C-STEPI-A0201-900,2018-12-30,W1,오픈사이언스를 통한 공공연구 효과성 제고 방안,机构正式研究,C:\Users\WINDOWS\OneDrive\知识库\智库信息爬虫\国际主要科技智库观点演变_研判\03_证据底稿\原文PDF\C-STEPI-A0201-900.pdf,C:\Users\WINDOWS\OneDrive\知识库\智库信息爬虫\国际主要科技智库观点演变_研判\03_证据底稿\文本\C-STEPI-A0201-900.txt,https://www.stepi.re.kr/site/stepiko/report/View.do?reIdx=900,官方PDF已保存并校验
科研体系、研发投入与评价,科技创新政策与能力基线,C-STEPI-A0201-900,2018-12-30,W1,오픈사이언스를 통한 공공연구 효과성 제고 방안,机构正式研究,C:\Users\WINDOWS\OneDrive\知识库\智库信息爬虫\国际主要科技智库观点演变_研判\03_证据底稿\原文PDF\C-STEPI-A0201-900.pdf,C:\Users\WINDOWS\OneDrive\知识库\智库信息爬虫\国际主要科技智库观点演变_研判\03_证据底稿\文本\C-STEPI-A0201-900.txt,https://www.stepi.re.kr/site/stepiko/report/View.do?reIdx=900,官方PDF已保存并校验
科技人才、大学与知识流动,科技创新政策与能力基线,C-STEPI-A0201-900,2018-12-30,W1,오픈사이언스를 통한 공공연구 효과성 제고 방안,机构正式研究,C:\Users\WINDOWS\OneDrive\知识库\智库信息爬虫\国际主要科技智库观点演变_研判\03_证据底稿\原文PDF\C-STEPI-A0201-900.pdf,C:\Users\WINDOWS\OneDrive\知识库\智库信息爬虫\国际主要科技智库观点演变_研判\03_证据底稿\文本\C-STEPI-A0201-900.txt,https://www.stepi.re.kr/site/stepiko/report/View.do?reIdx=900,官方PDF已保存并校验
科技前瞻与未来社会,科技创新政策与能力基线,C-STEPI-A0201-900,2018-12-30,W1,오픈사이언스를 통한 공공연구 효과성 제고 방안,机构正式研究,C:\Users\WINDOWS\OneDrive\知识库\智库信息爬虫\国际主要科技智库观点演变_研判\03_证据底稿\原文PDF\C-STEPI-A0201-900.pdf,C:\Users\WINDOWS\OneDrive\知识库\智库信息爬虫\国际主要科技智库观点演变_研判\03_证据底稿\文本\C-STEPI-A0201-900.txt,https://www.stepi.re.kr/site/stepiko/report/View.do?reIdx=900,官方PDF已保存并校验
生命科学、生物技术与健康,科技创新政策与能力基线,C-STEPI-A0201-901,2018-12-30,W1,정부 R&D 예산시스템의 진단과 개선방안,机构正式研究,C:\Users\WINDOWS\OneDrive\知识库\智库信息爬虫\国际主要科技智库观点演变_研判\03_证据底稿\原文PDF\C-STEPI-A0201-901.pdf,C:\Users\WINDOWS\OneDrive\知识库\智库信息爬虫\国际主要科技智库观点演变_研判\03_证据底稿\文本\C-STEPI-A0201-901.txt,https://www.stepi.re.kr/site/stepiko/report/View.do?reIdx=901,官方PDF已保存并校验
科研体系、研发投入与评价,科技创新政策与能力基线,C-STEPI-A0201-901,2018-12-30,W1,정부 R&D 예산시스템의 진단과 개선방안,机构正式研究,C:\Users\WINDOWS\OneDrive\知识库\智库信息爬虫\国际主要科技智库观点演变_研判\03_证据底稿\原文PDF\C-STEPI-A0201-901.pdf,C:\Users\WINDOWS\OneDrive\知识库\智库信息爬虫\国际主要科技智库观点演变_研判\03_证据底稿\文本\C-STEPI-A0201-901.txt,https://www.stepi.re.kr/site/stepiko/report/View.do?reIdx=901,官方PDF已保存并校验
科技人才、大学与知识流动,科技创新政策与能力基线,C-STEPI-A0201-901,2018-12-30,W1,정부 R&D 예산시스템의 진단과 개선방안,机构正式研究,C:\Users\WINDOWS\OneDrive\知识库\智库信息爬虫\国际主要科技智库观点演变_研判\03_证据底稿\原文PDF\C-STEPI-A0201-901.pdf,C:\Users\WINDOWS\OneDrive\知识库\智库信息爬虫\国际主要科技智库观点演变_研判\03_证据底稿\文本\C-STEPI-A0201-901.txt,https://www.stepi.re.kr/site/stepiko/report/View.do?reIdx=901,官方PDF已保存并校验
产业创新、创业与区域体系,科技创新政策与能力基线,C-STEPI-A0201-901,2018-12-30,W1,정부 R&D 예산시스템의 진단과 개선방안,机构正式研究,C:\Users\WINDOWS\OneDrive\知识库\智库信息爬虫\国际主要科技智库观点演变_研判\03_证据底稿\原文PDF\C-STEPI-A0201-901.pdf,C:\Users\WINDOWS\OneDrive\知识库\智库信息爬虫\国际主要科技智库观点演变_研判\03_证据底稿\文本\C-STEPI-A0201-901.txt,https://www.stepi.re.kr/site/stepiko/report/View.do?reIdx=901,官方PDF已保存并校验
科技前瞻与未来社会,科技创新政策与能力基线,C-STEPI-A0201-901,2018-12-30,W1,정부 R&D 예산시스템의 진단과 개선방안,机构正式研究,C:\Users\WINDOWS\OneDrive\知识库\智库信息爬虫\国际主要科技智库观点演变_研判\03_证据底稿\原文PDF\C-STEPI-A0201-901.pdf,C:\Users\WINDOWS\OneDrive\知识库\智库信息爬虫\国际主要科技智库观点演变_研判\03_证据底稿\文本\C-STEPI-A0201-901.txt,https://www.stepi.re.kr/site/stepiko/report/View.do?reIdx=901,官方PDF已保存并校验
人工智能、数据与数字技术,核心科技直接材料,C-STEPI-A0201-902,2018-12-30,W1,공공서비스의 지능화 혁신을 통한 첨단기술의 수요연계 R&D 추진방안,机构正式研究,C:\Users\WINDOWS\OneDrive\知识库\智库信息爬虫\国际主要科技智库观点演变_研判\03_证据底稿\原文PDF\C-STEPI-A0201-902.pdf,C:\Users\WINDOWS\OneDrive\知识库\智库信息爬虫\国际主要科技智库观点演变_研判\03_证据底稿\文本\C-STEPI-A0201-902.txt,https://www.stepi.re.kr/site/stepiko/report/View.do?reIdx=902,官方PDF已保存并校验
半导体、量子与战略技术,核心科技直接材料,C-STEPI-A0201-902,2018-12-30,W1,공공서비스의 지능화 혁신을 통한 첨단기술의 수요연계 R&D 추진방안,机构正式研究,C:\Users\WINDOWS\OneDrive\知识库\智库信息爬虫\国际主要科技智库观点演变_研判\03_证据底稿\原文PDF\C-STEPI-A0201-902.pdf,C:\Users\WINDOWS\OneDrive\知识库\智库信息爬虫\国际主要科技智库观点演变_研判\03_证据底稿\文本\C-STEPI-A0201-902.txt,https://www.stepi.re.kr/site/stepiko/report/View.do?reIdx=902,官方PDF已保存并校验
科研体系、研发投入与评价,核心科技直接材料,C-STEPI-A0201-902,2018-12-30,W1,공공서비스의 지능화 혁신을 통한 첨단기술의 수요연계 R&D 추진방안,机构正式研究,C:\Users\WINDOWS\OneDrive\知识库\智库信息爬虫\国际主要科技智库观点演变_研判\03_证据底稿\原文PDF\C-STEPI-A0201-902.pdf,C:\Users\WINDOWS\OneDrive\知识库\智库信息爬虫\国际主要科技智库观点演变_研判\03_证据底稿\文本\C-STEPI-A0201-902.txt,https://www.stepi.re.kr/site/stepiko/report/View.do?reIdx=902,官方PDF已保存并校验
科技人才、大学与知识流动,核心科技直接材料,C-STEPI-A0201-902,2018-12-30,W1,공공서비스의 지능화 혁신을 통한 첨단기술의 수요연계 R&D 추진방안,机构正式研究,C:\Users\WINDOWS\OneDrive\知识库\智库信息爬虫\国际主要科技智库观点演变_研判\03_证据底稿\原文PDF\C-STEPI-A0201-902.pdf,C:\Users\WINDOWS\OneDrive\知识库\智库信息爬虫\国际主要科技智库观点演变_研判\03_证据底稿\文本\C-STEPI-A0201-902.txt,https://www.stepi.re.kr/site/stepiko/report/View.do?reIdx=902,官方PDF已保存并校验
产业创新、创业与区域体系,核心科技直接材料,C-STEPI-A0201-902,2018-12-30,W1,공공서비스의 지능화 혁신을 통한 첨단기술의 수요연계 R&D 추진방안,机构正式研究,C:\Users\WINDOWS\OneDrive\知识库\智库信息爬虫\国际主要科技智库观点演变_研判\03_证据底稿\原文PDF\C-STEPI-A0201-902.pdf,C:\Users\WINDOWS\OneDrive\知识库\智库信息爬虫\国际主要科技智库观点演变_研判\03_证据底稿\文本\C-STEPI-A0201-902.txt,https://www.stepi.re.kr/site/stepiko/report/View.do?reIdx=902,官方PDF已保存并校验
人工智能、数据与数字技术,科技创新政策与能力基线,C-STEPI-A0201-903,2018-12-30,W1,중견기업 기술혁신과 성장을 위한 정책지원 방안 연구,机构正式研究,C:\Users\WINDOWS\OneDrive\知识库\智库信息爬虫\国际主要科技智库观点演变_研判\03_证据底稿\原文PDF\C-STEPI-A0201-903.pdf,C:\Users\WINDOWS\OneDrive\知识库\智库信息爬虫\国际主要科技智库观点演变_研判\03_证据底稿\文本\C-STEPI-A0201-903.txt,https://www.stepi.re.kr/site/stepiko/report/View.do?reIdx=903,官方PDF已保存并校验
科研体系、研发投入与评价,科技创新政策与能力基线,C-STEPI-A0201-903,2018-12-30,W1,중견기업 기술혁신과 성장을 위한 정책지원 방안 연구,机构正式研究,C:\Users\WINDOWS\OneDrive\知识库\智库信息爬虫\国际主要科技智库观点演变_研判\03_证据底稿\原文PDF\C-STEPI-A0201-903.pdf,C:\Users\WINDOWS\OneDrive\知识库\智库信息爬虫\国际主要科技智库观点演变_研判\03_证据底稿\文本\C-STEPI-A0201-903.txt,https://www.stepi.re.kr/site/stepiko/report/View.do?reIdx=903,官方PDF已保存并校验
科技人才、大学与知识流动,科技创新政策与能力基线,C-STEPI-A0201-903,2018-12-30,W1,중견기업 기술혁신과 성장을 위한 정책지원 방안 연구,机构正式研究,C:\Users\WINDOWS\OneDrive\知识库\智库信息爬虫\国际主要科技智库观点演变_研判\03_证据底稿\原文PDF\C-STEPI-A0201-903.pdf,C:\Users\WINDOWS\OneDrive\知识库\智库信息爬虫\国际主要科技智库观点演变_研判\03_证据底稿\文本\C-STEPI-A0201-903.txt,https://www.stepi.re.kr/site/stepiko/report/View.do?reIdx=903,官方PDF已保存并校验
产业创新、创业与区域体系,科技创新政策与能力基线,C-STEPI-A0201-903,2018-12-30,W1,중견기업 기술혁신과 성장을 위한 정책지원 방안 연구,机构正式研究,C:\Users\WINDOWS\OneDrive\知识库\智库信息爬虫\国际主要科技智库观点演变_研判\03_证据底稿\原文PDF\C-STEPI-A0201-903.pdf,C:\Users\WINDOWS\OneDrive\知识库\智库信息爬虫\国际主要科技智库观点演变_研判\03_证据底稿\文本\C-STEPI-A0201-903.txt,https://www.stepi.re.kr/site/stepiko/report/View.do?reIdx=903,官方PDF已保存并校验
科技前瞻与未来社会,科技创新政策与能力基线,C-STEPI-A0201-903,2018-12-30,W1,중견기업 기술혁신과 성장을 위한 정책지원 방안 연구,机构正式研究,C:\Users\WINDOWS\OneDrive\知识库\智库信息爬虫\国际主要科技智库观点演变_研判\03_证据底稿\原文PDF\C-STEPI-A0201-903.pdf,C:\Users\WINDOWS\OneDrive\知识库\智库信息爬虫\国际主要科技智库观点演变_研判\03_证据底稿\文本\C-STEPI-A0201-903.txt,https://www.stepi.re.kr/site/stepiko/report/View.do?reIdx=903,官方PDF已保存并校验
人工智能、数据与数字技术,核心科技直接材料,C-STEPI-A0201-904,2018-12-30,W1,디지털 전환시대 과학기술혁신공간 발전방안: 혁신기업의 공간분포 분석을 중심으로,机构正式研究,C:\Users\WINDOWS\OneDrive\知识库\智库信息爬虫\国际主要科技智库观点演变_研判\03_证据底稿\原文PDF\C-STEPI-A0201-904.pdf,C:\Users\WINDOWS\OneDrive\知识库\智库信息爬虫\国际主要科技智库观点演变_研判\03_证据底稿\文本\C-STEPI-A0201-904.txt,https://www.stepi.re.kr/site/stepiko/report/View.do?reIdx=904,官方PDF已保存并校验
生命科学、生物技术与健康,核心科技直接材料,C-STEPI-A0201-904,2018-12-30,W1,디지털 전환시대 과학기술혁신공간 발전방안: 혁신기업의 공간분포 분석을 중심으로,机构正式研究,C:\Users\WINDOWS\OneDrive\知识库\智库信息爬虫\国际主要科技智库观点演变_研判\03_证据底稿\原文PDF\C-STEPI-A0201-904.pdf,C:\Users\WINDOWS\OneDrive\知识库\智库信息爬虫\国际主要科技智库观点演变_研判\03_证据底稿\文本\C-STEPI-A0201-904.txt,https://www.stepi.re.kr/site/stepiko/report/View.do?reIdx=904,官方PDF已保存并校验
科研体系、研发投入与评价,核心科技直接材料,C-STEPI-A0201-904,2018-12-30,W1,디지털 전환시대 과학기술혁신공간 발전방안: 혁신기업의 공간분포 분석을 중심으로,机构正式研究,C:\Users\WINDOWS\OneDrive\知识库\智库信息爬虫\国际主要科技智库观点演变_研判\03_证据底稿\原文PDF\C-STEPI-A0201-904.pdf,C:\Users\WINDOWS\OneDrive\知识库\智库信息爬虫\国际主要科技智库观点演变_研判\03_证据底稿\文本\C-STEPI-A0201-904.txt,https://www.stepi.re.kr/site/stepiko/report/View.do?reIdx=904,官方PDF已保存并校验
产业创新、创业与区域体系,核心科技直接材料,C-STEPI-A0201-904,2018-12-30,W1,디지털 전환시대 과학기술혁신공간 발전방안: 혁신기업의 공간분포 분석을 중심으로,机构正式研究,C:\Users\WINDOWS\OneDrive\知识库\智库信息爬虫\国际主要科技智库观点演变_研判\03_证据底稿\原文PDF\C-STEPI-A0201-904.pdf,C:\Users\WINDOWS\OneDrive\知识库\智库信息爬虫\国际主要科技智库观点演变_研判\03_证据底稿\文本\C-STEPI-A0201-904.txt,https://www.stepi.re.kr/site/stepiko/report/View.do?reIdx=904,官方PDF已保存并校验
科技前瞻与未来社会,核心科技直接材料,C-STEPI-A0201-904,2018-12-30,W1,디지털 전환시대 과학기술혁신공간 발전방안: 혁신기업의 공간분포 분석을 중심으로,机构正式研究,C:\Users\WINDOWS\OneDrive\知识库\智库信息爬虫\国际主要科技智库观点演变_研判\03_证据底稿\原文PDF\C-STEPI-A0201-904.pdf,C:\Users\WINDOWS\OneDrive\知识库\智库信息爬虫\国际主要科技智库观点演变_研判\03_证据底稿\文本\C-STEPI-A0201-904.txt,https://www.stepi.re.kr/site/stepiko/report/View.do?reIdx=904,官方PDF已保存并校验
人工智能、数据与数字技术,科技创新政策与能力基线,C-STEPI-A0201-905,2018-12-30,W1,스마트농업 현장 착근을 위한 기술정책 제고방안,机构正式研究,C:\Users\WINDOWS\OneDrive\知识库\智库信息爬虫\国际主要科技智库观点演变_研判\03_证据底稿\原文PDF\C-STEPI-A0201-905.pdf,C:\Users\WINDOWS\OneDrive\知识库\智库信息爬虫\国际主要科技智库观点演变_研判\03_证据底稿\文本\C-STEPI-A0201-905.txt,https://www.stepi.re.kr/site/stepiko/report/View.do?reIdx=905,官方PDF已保存并校验
半导体、量子与战略技术,科技创新政策与能力基线,C-STEPI-A0201-905,2018-12-30,W1,스마트농업 현장 착근을 위한 기술정책 제고방안,机构正式研究,C:\Users\WINDOWS\OneDrive\知识库\智库信息爬虫\国际主要科技智库观点演变_研判\03_证据底稿\原文PDF\C-STEPI-A0201-905.pdf,C:\Users\WINDOWS\OneDrive\知识库\智库信息爬虫\国际主要科技智库观点演变_研判\03_证据底稿\文本\C-STEPI-A0201-905.txt,https://www.stepi.re.kr/site/stepiko/report/View.do?reIdx=905,官方PDF已保存并校验
科研体系、研发投入与评价,科技创新政策与能力基线,C-STEPI-A0201-905,2018-12-30,W1,스마트농업 현장 착근을 위한 기술정책 제고방안,机构正式研究,C:\Users\WINDOWS\OneDrive\知识库\智库信息爬虫\国际主要科技智库观点演变_研判\03_证据底稿\原文PDF\C-STEPI-A0201-905.pdf,C:\Users\WINDOWS\OneDrive\知识库\智库信息爬虫\国际主要科技智库观点演变_研判\03_证据底稿\文本\C-STEPI-A0201-905.txt,https://www.stepi.re.kr/site/stepiko/report/View.do?reIdx=905,官方PDF已保存并校验
科技人才、大学与知识流动,科技创新政策与能力基线,C-STEPI-A0201-905,2018-12-30,W1,스마트농업 현장 착근을 위한 기술정책 제고방안,机构正式研究,C:\Users\WINDOWS\OneDrive\知识库\智库信息爬虫\国际主要科技智库观点演变_研判\03_证据底稿\原文PDF\C-STEPI-A0201-905.pdf,C:\Users\WINDOWS\OneDrive\知识库\智库信息爬虫\国际主要科技智库观点演变_研判\03_证据底稿\文本\C-STEPI-A0201-905.txt,https://www.stepi.re.kr/site/stepiko/report/View.do?reIdx=905,官方PDF已保存并校验
产业创新、创业与区域体系,科技创新政策与能力基线,C-STEPI-A0201-905,2018-12-30,W1,스마트농업 현장 착근을 위한 기술정책 제고방안,机构正式研究,C:\Users\WINDOWS\OneDrive\知识库\智库信息爬虫\国际主要科技智库观点演变_研判\03_证据底稿\原文PDF\C-STEPI-A0201-905.pdf,C:\Users\WINDOWS\OneDrive\知识库\智库信息爬虫\国际主要科技智库观点演变_研判\03_证据底稿\文本\C-STEPI-A0201-905.txt,https://www.stepi.re.kr/site/stepiko/report/View.do?reIdx=905,官方PDF已保存并校验
科技前瞻与未来社会,科技创新政策与能力基线,C-STEPI-A0201-905,2018-12-30,W1,스마트농업 현장 착근을 위한 기술정책 제고방안,机构正式研究,C:\Users\WINDOWS\OneDrive\知识库\智库信息爬虫\国际主要科技智库观点演变_研判\03_证据底稿\原文PDF\C-STEPI-A0201-905.pdf,C:\Users\WINDOWS\OneDrive\知识库\智库信息爬虫\国际主要科技智库观点演变_研判\03_证据底稿\文本\C-STEPI-A0201-905.txt,https://www.stepi.re.kr/site/stepiko/report/View.do?reIdx=905,官方PDF已保存并校验
人工智能、数据与数字技术,核心科技直接材料,C-STEPI-A0201-906,2018-12-30,W1,디지털 전환에 따른 혁신생태계 변화 전망 - 여객·운송분야 모빌리티서비스를 중심으로 -,机构正式研究,C:\Users\WINDOWS\OneDrive\知识库\智库信息爬虫\国际主要科技智库观点演变_研判\03_证据底稿\原文PDF\C-STEPI-A0201-906.pdf,C:\Users\WINDOWS\OneDrive\知识库\智库信息爬虫\国际主要科技智库观点演变_研判\03_证据底稿\文本\C-STEPI-A0201-906.txt,https://www.stepi.re.kr/site/stepiko/report/View.do?reIdx=906,官方PDF已保存并校验
科研体系、研发投入与评价,核心科技直接材料,C-STEPI-A0201-906,2018-12-30,W1,디지털 전환에 따른 혁신생태계 변화 전망 - 여객·운송분야 모빌리티서비스를 중심으로 -,机构正式研究,C:\Users\WINDOWS\OneDrive\知识库\智库信息爬虫\国际主要科技智库观点演变_研判\03_证据底稿\原文PDF\C-STEPI-A0201-906.pdf,C:\Users\WINDOWS\OneDrive\知识库\智库信息爬虫\国际主要科技智库观点演变_研判\03_证据底稿\文本\C-STEPI-A0201-906.txt,https://www.stepi.re.kr/site/stepiko/report/View.do?reIdx=906,官方PDF已保存并校验
产业创新、创业与区域体系,核心科技直接材料,C-STEPI-A0201-906,2018-12-30,W1,디지털 전환에 따른 혁신생태계 변화 전망 - 여객·운송분야 모빌리티서비스를 중심으로 -,机构正式研究,C:\Users\WINDOWS\OneDrive\知识库\智库信息爬虫\国际主要科技智库观点演变_研判\03_证据底稿\原文PDF\C-STEPI-A0201-906.pdf,C:\Users\WINDOWS\OneDrive\知识库\智库信息爬虫\国际主要科技智库观点演变_研判\03_证据底稿\文本\C-STEPI-A0201-906.txt,https://www.stepi.re.kr/site/stepiko/report/View.do?reIdx=906,官方PDF已保存并校验
科技前瞻与未来社会,核心科技直接材料,C-STEPI-A0201-906,2018-12-30,W1,디지털 전환에 따른 혁신생태계 변화 전망 - 여객·운송분야 모빌리티서비스를 중심으로 -,机构正式研究,C:\Users\WINDOWS\OneDrive\知识库\智库信息爬虫\国际主要科技智库观点演变_研判\03_证据底稿\原文PDF\C-STEPI-A0201-906.pdf,C:\Users\WINDOWS\OneDrive\知识库\智库信息爬虫\国际主要科技智库观点演变_研判\03_证据底稿\文本\C-STEPI-A0201-906.txt,https://www.stepi.re.kr/site/stepiko/report/View.do?reIdx=906,官方PDF已保存并校验
科研体系、研发投入与评价,科技创新政策与能力基线,C-STEPI-A0201-907,2018-12-30,W1,국방과학기술 역량 제고를 위한 정부연구개발 연계 및 활용 방안,机构正式研究,C:\Users\WINDOWS\OneDrive\知识库\智库信息爬虫\国际主要科技智库观点演变_研判\03_证据底稿\原文PDF\C-STEPI-A0201-907.pdf,C:\Users\WINDOWS\OneDrive\知识库\智库信息爬虫\国际主要科技智库观点演变_研判\03_证据底稿\文本\C-STEPI-A0201-907.txt,https://www.stepi.re.kr/site/stepiko/report/View.do?reIdx=907,官方PDF已保存并校验
科技人才、大学与知识流动,科技创新政策与能力基线,C-STEPI-A0201-907,2018-12-30,W1,국방과학기술 역량 제고를 위한 정부연구개발 연계 및 활용 방안,机构正式研究,C:\Users\WINDOWS\OneDrive\知识库\智库信息爬虫\国际主要科技智库观点演变_研判\03_证据底稿\原文PDF\C-STEPI-A0201-907.pdf,C:\Users\WINDOWS\OneDrive\知识库\智库信息爬虫\国际主要科技智库观点演变_研判\03_证据底稿\文本\C-STEPI-A0201-907.txt,https://www.stepi.re.kr/site/stepiko/report/View.do?reIdx=907,官方PDF已保存并校验
产业创新、创业与区域体系,科技创新政策与能力基线,C-STEPI-A0201-907,2018-12-30,W1,국방과학기술 역량 제고를 위한 정부연구개발 연계 및 활용 방안,机构正式研究,C:\Users\WINDOWS\OneDrive\知识库\智库信息爬虫\国际主要科技智库观点演变_研判\03_证据底稿\原文PDF\C-STEPI-A0201-907.pdf,C:\Users\WINDOWS\OneDrive\知识库\智库信息爬虫\国际主要科技智库观点演变_研判\03_证据底稿\文本\C-STEPI-A0201-907.txt,https://www.stepi.re.kr/site/stepiko/report/View.do?reIdx=907,官方PDF已保存并校验
技术安全、供应链与国际合作,科技创新政策与能力基线,C-STEPI-A0201-907,2018-12-30,W1,국방과학기술 역량 제고를 위한 정부연구개발 연계 및 활용 방안,机构正式研究,C:\Users\WINDOWS\OneDrive\知识库\智库信息爬虫\国际主要科技智库观点演变_研判\03_证据底稿\原文PDF\C-STEPI-A0201-907.pdf,C:\Users\WINDOWS\OneDrive\知识库\智库信息爬虫\国际主要科技智库观点演变_研判\03_证据底稿\文本\C-STEPI-A0201-907.txt,https://www.stepi.re.kr/site/stepiko/report/View.do?reIdx=907,官方PDF已保存并校验
中国科技与国际比较,核心科技直接材料,C-STEPI-A0201-908,2018-12-30,W1,인공지능 기술 전망과 혁신정책 방향 - 국가 인공지능 R&D 정책 개선방안을 중심으로,机构正式研究,C:\Users\WINDOWS\OneDrive\知识库\智库信息爬虫\国际主要科技智库观点演变_研判\03_证据底稿\原文PDF\C-STEPI-A0201-908.pdf,C:\Users\WINDOWS\OneDrive\知识库\智库信息爬虫\国际主要科技智库观点演变_研判\03_证据底稿\文本\C-STEPI-A0201-908.txt,https://www.stepi.re.kr/site/stepiko/report/View.do?reIdx=908,官方PDF已保存并校验
人工智能、数据与数字技术,核心科技直接材料,C-STEPI-A0201-908,2018-12-30,W1,인공지능 기술 전망과 혁신정책 방향 - 국가 인공지능 R&D 정책 개선방안을 중심으로,机构正式研究,C:\Users\WINDOWS\OneDrive\知识库\智库信息爬虫\国际主要科技智库观点演变_研判\03_证据底稿\原文PDF\C-STEPI-A0201-908.pdf,C:\Users\WINDOWS\OneDrive\知识库\智库信息爬虫\国际主要科技智库观点演变_研判\03_证据底稿\文本\C-STEPI-A0201-908.txt,https://www.stepi.re.kr/site/stepiko/report/View.do?reIdx=908,官方PDF已保存并校验
生命科学、生物技术与健康,核心科技直接材料,C-STEPI-A0201-908,2018-12-30,W1,인공지능 기술 전망과 혁신정책 방향 - 국가 인공지능 R&D 정책 개선방안을 중심으로,机构正式研究,C:\Users\WINDOWS\OneDrive\知识库\智库信息爬虫\国际主要科技智库观点演变_研判\03_证据底稿\原文PDF\C-STEPI-A0201-908.pdf,C:\Users\WINDOWS\OneDrive\知识库\智库信息爬虫\国际主要科技智库观点演变_研判\03_证据底稿\文本\C-STEPI-A0201-908.txt,https://www.stepi.re.kr/site/stepiko/report/View.do?reIdx=908,官方PDF已保存并校验
科研体系、研发投入与评价,核心科技直接材料,C-STEPI-A0201-908,2018-12-30,W1,인공지능 기술 전망과 혁신정책 방향 - 국가 인공지능 R&D 정책 개선방안을 중심으로,机构正式研究,C:\Users\WINDOWS\OneDrive\知识库\智库信息爬虫\国际主要科技智库观点演变_研判\03_证据底稿\原文PDF\C-STEPI-A0201-908.pdf,C:\Users\WINDOWS\OneDrive\知识库\智库信息爬虫\国际主要科技智库观点演变_研判\03_证据底稿\文本\C-STEPI-A0201-908.txt,https://www.stepi.re.kr/site/stepiko/report/View.do?reIdx=908,官方PDF已保存并校验
科技人才、大学与知识流动,核心科技直接材料,C-STEPI-A0201-908,2018-12-30,W1,인공지능 기술 전망과 혁신정책 방향 - 국가 인공지능 R&D 정책 개선방안을 중심으로,机构正式研究,C:\Users\WINDOWS\OneDrive\知识库\智库信息爬虫\国际主要科技智库观点演变_研判\03_证据底稿\原文PDF\C-STEPI-A0201-908.pdf,C:\Users\WINDOWS\OneDrive\知识库\智库信息爬虫\国际主要科技智库观点演变_研判\03_证据底稿\文本\C-STEPI-A0201-908.txt,https://www.stepi.re.kr/site/stepiko/report/View.do?reIdx=908,官方PDF已保存并校验
产业创新、创业与区域体系,核心科技直接材料,C-STEPI-A0201-908,2018-12-30,W1,인공지능 기술 전망과 혁신정책 방향 - 국가 인공지능 R&D 정책 개선방안을 중심으로,机构正式研究,C:\Users\WINDOWS\OneDrive\知识库\智库信息爬虫\国际主要科技智库观点演变_研判\03_证据底稿\原文PDF\C-STEPI-A0201-908.pdf,C:\Users\WINDOWS\OneDrive\知识库\智库信息爬虫\国际主要科技智库观点演变_研判\03_证据底稿\文本\C-STEPI-A0201-908.txt,https://www.stepi.re.kr/site/stepiko/report/View.do?reIdx=908,官方PDF已保存并校验
科技前瞻与未来社会,核心科技直接材料,C-STEPI-A0201-908,2018-12-30,W1,인공지능 기술 전망과 혁신정책 방향 - 국가 인공지능 R&D 정책 개선방안을 중심으로,机构正式研究,C:\Users\WINDOWS\OneDrive\知识库\智库信息爬虫\国际主要科技智库观点演变_研判\03_证据底稿\原文PDF\C-STEPI-A0201-908.pdf,C:\Users\WINDOWS\OneDrive\知识库\智库信息爬虫\国际主要科技智库观点演变_研判\03_证据底稿\文本\C-STEPI-A0201-908.txt,https://www.stepi.re.kr/site/stepiko/report/View.do?reIdx=908,官方PDF已保存并校验
中国科技与国际比较,科技创新政策与能力基线,C-STEPI-A0201-909,2018-12-30,W1,우리나라 과학기술 국제화 정책 평가 - 과학기술 국제화 정책 진화과정 분석 -,机构正式研究,C:\Users\WINDOWS\OneDrive\知识库\智库信息爬虫\国际主要科技智库观点演变_研判\03_证据底稿\原文PDF\C-STEPI-A0201-909.pdf,C:\Users\WINDOWS\OneDrive\知识库\智库信息爬虫\国际主要科技智库观点演变_研判\03_证据底稿\文本\C-STEPI-A0201-909.txt,https://www.stepi.re.kr/site/stepiko/report/View.do?reIdx=909,官方PDF已保存并校验
科研体系、研发投入与评价,科技创新政策与能力基线,C-STEPI-A0201-909,2018-12-30,W1,우리나라 과학기술 국제화 정책 평가 - 과학기술 국제화 정책 진화과정 분석 -,机构正式研究,C:\Users\WINDOWS\OneDrive\知识库\智库信息爬虫\国际主要科技智库观点演变_研判\03_证据底稿\原文PDF\C-STEPI-A0201-909.pdf,C:\Users\WINDOWS\OneDrive\知识库\智库信息爬虫\国际主要科技智库观点演变_研判\03_证据底稿\文本\C-STEPI-A0201-909.txt,https://www.stepi.re.kr/site/stepiko/report/View.do?reIdx=909,官方PDF已保存并校验
科技人才、大学与知识流动,科技创新政策与能力基线,C-STEPI-A0201-909,2018-12-30,W1,우리나라 과학기술 국제화 정책 평가 - 과학기술 국제화 정책 진화과정 분석 -,机构正式研究,C:\Users\WINDOWS\OneDrive\知识库\智库信息爬虫\国际主要科技智库观点演变_研判\03_证据底稿\原文PDF\C-STEPI-A0201-909.pdf,C:\Users\WINDOWS\OneDrive\知识库\智库信息爬虫\国际主要科技智库观点演变_研判\03_证据底稿\文本\C-STEPI-A0201-909.txt,https://www.stepi.re.kr/site/stepiko/report/View.do?reIdx=909,官方PDF已保存并校验
产业创新、创业与区域体系,科技创新政策与能力基线,C-STEPI-A0201-909,2018-12-30,W1,우리나라 과학기술 국제화 정책 평가 - 과학기술 국제화 정책 진화과정 분석 -,机构正式研究,C:\Users\WINDOWS\OneDrive\知识库\智库信息爬虫\国际主要科技智库观点演变_研判\03_证据底稿\原文PDF\C-STEPI-A0201-909.pdf,C:\Users\WINDOWS\OneDrive\知识库\智库信息爬虫\国际主要科技智库观点演变_研判\03_证据底稿\文本\C-STEPI-A0201-909.txt,https://www.stepi.re.kr/site/stepiko/report/View.do?reIdx=909,官方PDF已保存并校验
技术安全、供应链与国际合作,科技创新政策与能力基线,C-STEPI-A0201-909,2018-12-30,W1,우리나라 과학기술 국제화 정책 평가 - 과학기술 국제화 정책 진화과정 분석 -,机构正式研究,C:\Users\WINDOWS\OneDrive\知识库\智库信息爬虫\国际主要科技智库观点演变_研判\03_证据底稿\原文PDF\C-STEPI-A0201-909.pdf,C:\Users\WINDOWS\OneDrive\知识库\智库信息爬虫\国际主要科技智库观点演变_研判\03_证据底稿\文本\C-STEPI-A0201-909.txt,https://www.stepi.re.kr/site/stepiko/report/View.do?reIdx=909,官方PDF已保存并校验
科技前瞻与未来社会,科技创新政策与能力基线,C-STEPI-A0201-909,2018-12-30,W1,우리나라 과학기술 국제화 정책 평가 - 과학기술 국제화 정책 진화과정 분석 -,机构正式研究,C:\Users\WINDOWS\OneDrive\知识库\智库信息爬虫\国际主要科技智库观点演变_研判\03_证据底稿\原文PDF\C-STEPI-A0201-909.pdf,C:\Users\WINDOWS\OneDrive\知识库\智库信息爬虫\国际主要科技智库观点演变_研判\03_证据底稿\文本\C-STEPI-A0201-909.txt,https://www.stepi.re.kr/site/stepiko/report/View.do?reIdx=909,官方PDF已保存并校验
中国科技与国际比较,科技创新政策与能力基线,C-STEPI-A0201-910,2018-12-30,W1,남북 과학기술분야 교류협력 20년의 성과와 향후 확대추진 방안,机构正式研究,C:\Users\WINDOWS\OneDrive\知识库\智库信息爬虫\国际主要科技智库观点演变_研判\03_证据底稿\原文PDF\C-STEPI-A0201-910.pdf,C:\Users\WINDOWS\OneDrive\知识库\智库信息爬虫\国际主要科技智库观点演变_研判\03_证据底稿\文本\C-STEPI-A0201-910.txt,https://www.stepi.re.kr/site/stepiko/report/View.do?reIdx=910,官方PDF已保存并校验
生命科学、生物技术与健康,科技创新政策与能力基线,C-STEPI-A0201-910,2018-12-30,W1,남북 과학기술분야 교류협력 20년의 성과와 향후 확대추진 방안,机构正式研究,C:\Users\WINDOWS\OneDrive\知识库\智库信息爬虫\国际主要科技智库观点演变_研判\03_证据底稿\原文PDF\C-STEPI-A0201-910.pdf,C:\Users\WINDOWS\OneDrive\知识库\智库信息爬虫\国际主要科技智库观点演变_研判\03_证据底稿\文本\C-STEPI-A0201-910.txt,https://www.stepi.re.kr/site/stepiko/report/View.do?reIdx=910,官方PDF已保存并校验
科研体系、研发投入与评价,科技创新政策与能力基线,C-STEPI-A0201-910,2018-12-30,W1,남북 과학기술분야 교류협력 20년의 성과와 향후 확대추진 방안,机构正式研究,C:\Users\WINDOWS\OneDrive\知识库\智库信息爬虫\国际主要科技智库观点演变_研判\03_证据底稿\原文PDF\C-STEPI-A0201-910.pdf,C:\Users\WINDOWS\OneDrive\知识库\智库信息爬虫\国际主要科技智库观点演变_研判\03_证据底稿\文本\C-STEPI-A0201-910.txt,https://www.stepi.re.kr/site/stepiko/report/View.do?reIdx=910,官方PDF已保存并校验
科技人才、大学与知识流动,科技创新政策与能力基线,C-STEPI-A0201-910,2018-12-30,W1,남북 과학기술분야 교류협력 20년의 성과와 향후 확대추진 방안,机构正式研究,C:\Users\WINDOWS\OneDrive\知识库\智库信息爬虫\国际主要科技智库观点演变_研判\03_证据底稿\原文PDF\C-STEPI-A0201-910.pdf,C:\Users\WINDOWS\OneDrive\知识库\智库信息爬虫\国际主要科技智库观点演变_研判\03_证据底稿\文本\C-STEPI-A0201-910.txt,https://www.stepi.re.kr/site/stepiko/report/View.do?reIdx=910,官方PDF已保存并校验
产业创新、创业与区域体系,科技创新政策与能力基线,C-STEPI-A0201-910,2018-12-30,W1,남북 과학기술분야 교류협력 20년의 성과와 향후 확대추진 방안,机构正式研究,C:\Users\WINDOWS\OneDrive\知识库\智库信息爬虫\国际主要科技智库观点演变_研判\03_证据底稿\原文PDF\C-STEPI-A0201-910.pdf,C:\Users\WINDOWS\OneDrive\知识库\智库信息爬虫\国际主要科技智库观点演变_研判\03_证据底稿\文本\C-STEPI-A0201-910.txt,https://www.stepi.re.kr/site/stepiko/report/View.do?reIdx=910,官方PDF已保存并校验
技术安全、供应链与国际合作,科技创新政策与能力基线,C-STEPI-A0201-910,2018-12-30,W1,남북 과학기술분야 교류협력 20년의 성과와 향후 확대추진 방안,机构正式研究,C:\Users\WINDOWS\OneDrive\知识库\智库信息爬虫\国际主要科技智库观点演变_研判\03_证据底稿\原文PDF\C-STEPI-A0201-910.pdf,C:\Users\WINDOWS\OneDrive\知识库\智库信息爬虫\国际主要科技智库观点演变_研判\03_证据底稿\文本\C-STEPI-A0201-910.txt,https://www.stepi.re.kr/site/stepiko/report/View.do?reIdx=910,官方PDF已保存并校验
科技前瞻与未来社会,科技创新政策与能力基线,C-STEPI-A0201-910,2018-12-30,W1,남북 과학기술분야 교류협력 20년의 성과와 향후 확대추진 방안,机构正式研究,C:\Users\WINDOWS\OneDrive\知识库\智库信息爬虫\国际主要科技智库观点演变_研判\03_证据底稿\原文PDF\C-STEPI-A0201-910.pdf,C:\Users\WINDOWS\OneDrive\知识库\智库信息爬虫\国际主要科技智库观点演变_研判\03_证据底稿\文本\C-STEPI-A0201-910.txt,https://www.stepi.re.kr/site/stepiko/report/View.do?reIdx=910,官方PDF已保存并校验
科研体系、研发投入与评价,科技创新政策与能力基线,C-STEPI-A0201-911,2018-12-30,W1,'국가 R&D 혁신 방안’ 모니터링을 위한 프레임워크 구축,机构正式研究,C:\Users\WINDOWS\OneDrive\知识库\智库信息爬虫\国际主要科技智库观点演变_研判\03_证据底稿\原文PDF\C-STEPI-A0201-911.pdf,C:\Users\WINDOWS\OneDrive\知识库\智库信息爬虫\国际主要科技智库观点演变_研判\03_证据底稿\文本\C-STEPI-A0201-911.txt,https://www.stepi.re.kr/site/stepiko/report/View.do?reIdx=911,官方PDF已保存并校验
科技人才、大学与知识流动,科技创新政策与能力基线,C-STEPI-A0201-911,2018-12-30,W1,'국가 R&D 혁신 방안’ 모니터링을 위한 프레임워크 구축,机构正式研究,C:\Users\WINDOWS\OneDrive\知识库\智库信息爬虫\国际主要科技智库观点演变_研判\03_证据底稿\原文PDF\C-STEPI-A0201-911.pdf,C:\Users\WINDOWS\OneDrive\知识库\智库信息爬虫\国际主要科技智库观点演变_研判\03_证据底稿\文本\C-STEPI-A0201-911.txt,https://www.stepi.re.kr/site/stepiko/report/View.do?reIdx=911,官方PDF已保存并校验
产业创新、创业与区域体系,科技创新政策与能力基线,C-STEPI-A0201-911,2018-12-30,W1,'국가 R&D 혁신 방안’ 모니터링을 위한 프레임워크 구축,机构正式研究,C:\Users\WINDOWS\OneDrive\知识库\智库信息爬虫\国际主要科技智库观点演变_研判\03_证据底稿\原文PDF\C-STEPI-A0201-911.pdf,C:\Users\WINDOWS\OneDrive\知识库\智库信息爬虫\国际主要科技智库观点演变_研判\03_证据底稿\文本\C-STEPI-A0201-911.txt,https://www.stepi.re.kr/site/stepiko/report/View.do?reIdx=911,官方PDF已保存并校验
科技前瞻与未来社会,科技创新政策与能力基线,C-STEPI-A0201-911,2018-12-30,W1,'국가 R&D 혁신 방안’ 모니터링을 위한 프레임워크 구축,机构正式研究,C:\Users\WINDOWS\OneDrive\知识库\智库信息爬虫\国际主要科技智库观点演变_研判\03_证据底稿\原文PDF\C-STEPI-A0201-911.pdf,C:\Users\WINDOWS\OneDrive\知识库\智库信息爬虫\国际主要科技智库观点演变_研判\03_证据底稿\文本\C-STEPI-A0201-911.txt,https://www.stepi.re.kr/site/stepiko/report/View.do?reIdx=911,官方PDF已保存并校验
人工智能、数据与数字技术,科技创新政策与能力基线,C-STEPI-A0201-912,2018-12-30,W1,과학기술계 정부출연연구기관 기술정책 기능 강화 방안,机构正式研究,C:\Users\WINDOWS\OneDrive\知识库\智库信息爬虫\国际主要科技智库观点演变_研判\03_证据底稿\原文PDF\C-STEPI-A0201-912.pdf,C:\Users\WINDOWS\OneDrive\知识库\智库信息爬虫\国际主要科技智库观点演变_研判\03_证据底稿\文本\C-STEPI-A0201-912.txt,https://www.stepi.re.kr/site/stepiko/report/View.do?reIdx=912,官方PDF已保存并校验
科研体系、研发投入与评价,科技创新政策与能力基线,C-STEPI-A0201-912,2018-12-30,W1,과학기술계 정부출연연구기관 기술정책 기능 강화 방안,机构正式研究,C:\Users\WINDOWS\OneDrive\知识库\智库信息爬虫\国际主要科技智库观点演变_研判\03_证据底稿\原文PDF\C-STEPI-A0201-912.pdf,C:\Users\WINDOWS\OneDrive\知识库\智库信息爬虫\国际主要科技智库观点演变_研判\03_证据底稿\文本\C-STEPI-A0201-912.txt,https://www.stepi.re.kr/site/stepiko/report/View.do?reIdx=912,官方PDF已保存并校验
科技人才、大学与知识流动,科技创新政策与能力基线,C-STEPI-A0201-912,2018-12-30,W1,과학기술계 정부출연연구기관 기술정책 기능 강화 방안,机构正式研究,C:\Users\WINDOWS\OneDrive\知识库\智库信息爬虫\国际主要科技智库观点演变_研判\03_证据底稿\原文PDF\C-STEPI-A0201-912.pdf,C:\Users\WINDOWS\OneDrive\知识库\智库信息爬虫\国际主要科技智库观点演变_研判\03_证据底稿\文本\C-STEPI-A0201-912.txt,https://www.stepi.re.kr/site/stepiko/report/View.do?reIdx=912,官方PDF已保存并校验
产业创新、创业与区域体系,科技创新政策与能力基线,C-STEPI-A0201-912,2018-12-30,W1,과학기술계 정부출연연구기관 기술정책 기능 강화 방안,机构正式研究,C:\Users\WINDOWS\OneDrive\知识库\智库信息爬虫\国际主要科技智库观点演变_研判\03_证据底稿\原文PDF\C-STEPI-A0201-912.pdf,C:\Users\WINDOWS\OneDrive\知识库\智库信息爬虫\国际主要科技智库观点演变_研判\03_证据底稿\文本\C-STEPI-A0201-912.txt,https://www.stepi.re.kr/site/stepiko/report/View.do?reIdx=912,官方PDF已保存并校验
科技前瞻与未来社会,科技创新政策与能力基线,C-STEPI-A0201-912,2018-12-30,W1,과학기술계 정부출연연구기관 기술정책 기능 강화 방안,机构正式研究,C:\Users\WINDOWS\OneDrive\知识库\智库信息爬虫\国际主要科技智库观点演变_研判\03_证据底稿\原文PDF\C-STEPI-A0201-912.pdf,C:\Users\WINDOWS\OneDrive\知识库\智库信息爬虫\国际主要科技智库观点演变_研判\03_证据底稿\文本\C-STEPI-A0201-912.txt,https://www.stepi.re.kr/site/stepiko/report/View.do?reIdx=912,官方PDF已保存并校验
中国科技与国际比较,科技创新政策与能力基线,C-STEPI-A0201-913,2018-12-30,W1,중소기업 기술혁신 역량평가 및 글로벌 정책분석사업(Ⅸ),机构正式研究,C:\Users\WINDOWS\OneDrive\知识库\智库信息爬虫\国际主要科技智库观点演变_研判\03_证据底稿\原文PDF\C-STEPI-A0201-913.pdf,C:\Users\WINDOWS\OneDrive\知识库\智库信息爬虫\国际主要科技智库观点演变_研判\03_证据底稿\文本\C-STEPI-A0201-913.txt,https://www.stepi.re.kr/site/stepiko/report/View.do?reIdx=913,官方PDF已保存并校验
人工智能、数据与数字技术,科技创新政策与能力基线,C-STEPI-A0201-913,2018-12-30,W1,중소기업 기술혁신 역량평가 및 글로벌 정책분석사업(Ⅸ),机构正式研究,C:\Users\WINDOWS\OneDrive\知识库\智库信息爬虫\国际主要科技智库观点演变_研判\03_证据底稿\原文PDF\C-STEPI-A0201-913.pdf,C:\Users\WINDOWS\OneDrive\知识库\智库信息爬虫\国际主要科技智库观点演变_研判\03_证据底稿\文本\C-STEPI-A0201-913.txt,https://www.stepi.re.kr/site/stepiko/report/View.do?reIdx=913,官方PDF已保存并校验
科研体系、研发投入与评价,科技创新政策与能力基线,C-STEPI-A0201-913,2018-12-30,W1,중소기업 기술혁신 역량평가 및 글로벌 정책분석사업(Ⅸ),机构正式研究,C:\Users\WINDOWS\OneDrive\知识库\智库信息爬虫\国际主要科技智库观点演变_研判\03_证据底稿\原文PDF\C-STEPI-A0201-913.pdf,C:\Users\WINDOWS\OneDrive\知识库\智库信息爬虫\国际主要科技智库观点演变_研判\03_证据底稿\文本\C-STEPI-A0201-913.txt,https://www.stepi.re.kr/site/stepiko/report/View.do?reIdx=913,官方PDF已保存并校验
科技人才、大学与知识流动,科技创新政策与能力基线,C-STEPI-A0201-913,2018-12-30,W1,중소기업 기술혁신 역량평가 및 글로벌 정책분석사업(Ⅸ),机构正式研究,C:\Users\WINDOWS\OneDrive\知识库\智库信息爬虫\国际主要科技智库观点演变_研判\03_证据底稿\原文PDF\C-STEPI-A0201-913.pdf,C:\Users\WINDOWS\OneDrive\知识库\智库信息爬虫\国际主要科技智库观点演变_研判\03_证据底稿\文本\C-STEPI-A0201-913.txt,https://www.stepi.re.kr/site/stepiko/report/View.do?reIdx=913,官方PDF已保存并校验
产业创新、创业与区域体系,科技创新政策与能力基线,C-STEPI-A0201-913,2018-12-30,W1,중소기업 기술혁신 역량평가 및 글로벌 정책분석사업(Ⅸ),机构正式研究,C:\Users\WINDOWS\OneDrive\知识库\智库信息爬虫\国际主要科技智库观点演变_研判\03_证据底稿\原文PDF\C-STEPI-A0201-913.pdf,C:\Users\WINDOWS\OneDrive\知识库\智库信息爬虫\国际主要科技智库观点演变_研判\03_证据底稿\文本\C-STEPI-A0201-913.txt,https://www.stepi.re.kr/site/stepiko/report/View.do?reIdx=913,官方PDF已保存并校验
生命科学、生物技术与健康,核心科技直接材料,C-STEPI-A0201-914,2018-12-30,W1,바이오경제시대 과학기술정책의제 연구사업(8차년도),机构正式研究,,,https://www.stepi.re.kr/site/stepiko/report/View.do?reIdx=914,官方目录无PDF
科研体系、研发投入与评价,核心科技直接材料,C-STEPI-A0201-914,2018-12-30,W1,바이오경제시대 과학기술정책의제 연구사업(8차년도),机构正式研究,,,https://www.stepi.re.kr/site/stepiko/report/View.do?reIdx=914,官方目录无PDF
人工智能、数据与数字技术,科技创新政策与能力基线,C-STEPI-A0201-917,2018-12-30,W1,2018년 기업가정신 모니터링 사업 : 혁신창업생태계 연구,机构正式研究,C:\Users\WINDOWS\OneDrive\知识库\智库信息爬虫\国际主要科技智库观点演变_研判\03_证据底稿\原文PDF\C-STEPI-A0201-917.pdf,C:\Users\WINDOWS\OneDrive\知识库\智库信息爬虫\国际主要科技智库观点演变_研判\03_证据底稿\文本\C-STEPI-A0201-917.txt,https://www.stepi.re.kr/site/stepiko/report/View.do?reIdx=917,官方PDF已保存并校验
科研体系、研发投入与评价,科技创新政策与能力基线,C-STEPI-A0201-917,2018-12-30,W1,2018년 기업가정신 모니터링 사업 : 혁신창업생태계 연구,机构正式研究,C:\Users\WINDOWS\OneDrive\知识库\智库信息爬虫\国际主要科技智库观点演变_研判\03_证据底稿\原文PDF\C-STEPI-A0201-917.pdf,C:\Users\WINDOWS\OneDrive\知识库\智库信息爬虫\国际主要科技智库观点演变_研判\03_证据底稿\文本\C-STEPI-A0201-917.txt,https://www.stepi.re.kr/site/stepiko/report/View.do?reIdx=917,官方PDF已保存并校验
科技人才、大学与知识流动,科技创新政策与能力基线,C-STEPI-A0201-917,2018-12-30,W1,2018년 기업가정신 모니터링 사업 : 혁신창업생태계 연구,机构正式研究,C:\Users\WINDOWS\OneDrive\知识库\智库信息爬虫\国际主要科技智库观点演变_研判\03_证据底稿\原文PDF\C-STEPI-A0201-917.pdf,C:\Users\WINDOWS\OneDrive\知识库\智库信息爬虫\国际主要科技智库观点演变_研判\03_证据底稿\文本\C-STEPI-A0201-917.txt,https://www.stepi.re.kr/site/stepiko/report/View.do?reIdx=917,官方PDF已保存并校验
产业创新、创业与区域体系,科技创新政策与能力基线,C-STEPI-A0201-917,2018-12-30,W1,2018년 기업가정신 모니터링 사업 : 혁신창업생태계 연구,机构正式研究,C:\Users\WINDOWS\OneDrive\知识库\智库信息爬虫\国际主要科技智库观点演变_研判\03_证据底稿\原文PDF\C-STEPI-A0201-917.pdf,C:\Users\WINDOWS\OneDrive\知识库\智库信息爬虫\国际主要科技智库观点演变_研判\03_证据底稿\文本\C-STEPI-A0201-917.txt,https://www.stepi.re.kr/site/stepiko/report/View.do?reIdx=917,官方PDF已保存并校验
科技前瞻与未来社会,科技创新政策与能力基线,C-STEPI-A0201-917,2018-12-30,W1,2018년 기업가정신 모니터링 사업 : 혁신창업생태계 연구,机构正式研究,C:\Users\WINDOWS\OneDrive\知识库\智库信息爬虫\国际主要科技智库观点演变_研判\03_证据底稿\原文PDF\C-STEPI-A0201-917.pdf,C:\Users\WINDOWS\OneDrive\知识库\智库信息爬虫\国际主要科技智库观点演变_研判\03_证据底稿\文本\C-STEPI-A0201-917.txt,https://www.stepi.re.kr/site/stepiko/report/View.do?reIdx=917,官方PDF已保存并校验
科技创新政策与研究体系,科技创新政策与能力基线,C-STEPI-A0201-919,2018-12-30,W1,기술규제 개혁을 위한 의제설정 연구사업(2차년도),机构正式研究,,,https://www.stepi.re.kr/site/stepiko/report/View.do?reIdx=919,官方目录无PDF
人工智能、数据与数字技术,科技创新政策与能力基线,C-STEPI-A0201-921,2019-12-30,W2,新국가혁신시스템 구축을 위한 방향과 과제 -정부 거버넌스를 중심으로-,机构正式研究,C:\Users\WINDOWS\OneDrive\知识库\智库信息爬虫\国际主要科技智库观点演变_研判\03_证据底稿\原文PDF\C-STEPI-A0201-921.pdf,C:\Users\WINDOWS\OneDrive\知识库\智库信息爬虫\国际主要科技智库观点演变_研判\03_证据底稿\文本\C-STEPI-A0201-921.txt,https://www.stepi.re.kr/site/stepiko/report/View.do?reIdx=921,官方PDF已保存并校验
半导体、量子与战略技术,科技创新政策与能力基线,C-STEPI-A0201-921,2019-12-30,W2,新국가혁신시스템 구축을 위한 방향과 과제 -정부 거버넌스를 중심으로-,机构正式研究,C:\Users\WINDOWS\OneDrive\知识库\智库信息爬虫\国际主要科技智库观点演变_研判\03_证据底稿\原文PDF\C-STEPI-A0201-921.pdf,C:\Users\WINDOWS\OneDrive\知识库\智库信息爬虫\国际主要科技智库观点演变_研判\03_证据底稿\文本\C-STEPI-A0201-921.txt,https://www.stepi.re.kr/site/stepiko/report/View.do?reIdx=921,官方PDF已保存并校验
生命科学、生物技术与健康,科技创新政策与能力基线,C-STEPI-A0201-921,2019-12-30,W2,新국가혁신시스템 구축을 위한 방향과 과제 -정부 거버넌스를 중심으로-,机构正式研究,C:\Users\WINDOWS\OneDrive\知识库\智库信息爬虫\国际主要科技智库观点演变_研判\03_证据底稿\原文PDF\C-STEPI-A0201-921.pdf,C:\Users\WINDOWS\OneDrive\知识库\智库信息爬虫\国际主要科技智库观点演变_研判\03_证据底稿\文本\C-STEPI-A0201-921.txt,https://www.stepi.re.kr/site/stepiko/report/View.do?reIdx=921,官方PDF已保存并校验
科研体系、研发投入与评价,科技创新政策与能力基线,C-STEPI-A0201-921,2019-12-30,W2,新국가혁신시스템 구축을 위한 방향과 과제 -정부 거버넌스를 중심으로-,机构正式研究,C:\Users\WINDOWS\OneDrive\知识库\智库信息爬虫\国际主要科技智库观点演变_研判\03_证据底稿\原文PDF\C-STEPI-A0201-921.pdf,C:\Users\WINDOWS\OneDrive\知识库\智库信息爬虫\国际主要科技智库观点演变_研判\03_证据底稿\文本\C-STEPI-A0201-921.txt,https://www.stepi.re.kr/site/stepiko/report/View.do?reIdx=921,官方PDF已保存并校验
科技人才、大学与知识流动,科技创新政策与能力基线,C-STEPI-A0201-921,2019-12-30,W2,新국가혁신시스템 구축을 위한 방향과 과제 -정부 거버넌스를 중심으로-,机构正式研究,C:\Users\WINDOWS\OneDrive\知识库\智库信息爬虫\国际主要科技智库观点演变_研判\03_证据底稿\原文PDF\C-STEPI-A0201-921.pdf,C:\Users\WINDOWS\OneDrive\知识库\智库信息爬虫\国际主要科技智库观点演变_研判\03_证据底稿\文本\C-STEPI-A0201-921.txt,https://www.stepi.re.kr/site/stepiko/report/View.do?reIdx=921,官方PDF已保存并校验
产业创新、创业与区域体系,科技创新政策与能力基线,C-STEPI-A0201-921,2019-12-30,W2,新국가혁신시스템 구축을 위한 방향과 과제 -정부 거버넌스를 중심으로-,机构正式研究,C:\Users\WINDOWS\OneDrive\知识库\智库信息爬虫\国际主要科技智库观点演变_研判\03_证据底稿\原文PDF\C-STEPI-A0201-921.pdf,C:\Users\WINDOWS\OneDrive\知识库\智库信息爬虫\国际主要科技智库观点演变_研判\03_证据底稿\文本\C-STEPI-A0201-921.txt,https://www.stepi.re.kr/site/stepiko/report/View.do?reIdx=921,官方PDF已保存并校验
人工智能、数据与数字技术,科技创新政策与能力基线,C-STEPI-A0201-922,2019-12-30,W2,과학기술의 일자리 영향 분석에 기반한 좋은 일자리 창출 전략,机构正式研究,C:\Users\WINDOWS\OneDrive\知识库\智库信息爬虫\国际主要科技智库观点演变_研判\03_证据底稿\原文PDF\C-STEPI-A0201-922.pdf,C:\Users\WINDOWS\OneDrive\知识库\智库信息爬虫\国际主要科技智库观点演变_研判\03_证据底稿\文本\C-STEPI-A0201-922.txt,https://www.stepi.re.kr/site/stepiko/report/View.do?reIdx=922,官方PDF已保存并校验
生命科学、生物技术与健康,科技创新政策与能力基线,C-STEPI-A0201-922,2019-12-30,W2,과학기술의 일자리 영향 분석에 기반한 좋은 일자리 창출 전략,机构正式研究,C:\Users\WINDOWS\OneDrive\知识库\智库信息爬虫\国际主要科技智库观点演变_研判\03_证据底稿\原文PDF\C-STEPI-A0201-922.pdf,C:\Users\WINDOWS\OneDrive\知识库\智库信息爬虫\国际主要科技智库观点演变_研判\03_证据底稿\文本\C-STEPI-A0201-922.txt,https://www.stepi.re.kr/site/stepiko/report/View.do?reIdx=922,官方PDF已保存并校验
科研体系、研发投入与评价,科技创新政策与能力基线,C-STEPI-A0201-922,2019-12-30,W2,과학기술의 일자리 영향 분석에 기반한 좋은 일자리 창출 전략,机构正式研究,C:\Users\WINDOWS\OneDrive\知识库\智库信息爬虫\国际主要科技智库观点演变_研判\03_证据底稿\原文PDF\C-STEPI-A0201-922.pdf,C:\Users\WINDOWS\OneDrive\知识库\智库信息爬虫\国际主要科技智库观点演变_研判\03_证据底稿\文本\C-STEPI-A0201-922.txt,https://www.stepi.re.kr/site/stepiko/report/View.do?reIdx=922,官方PDF已保存并校验
科技人才、大学与知识流动,科技创新政策与能力基线,C-STEPI-A0201-922,2019-12-30,W2,과학기술의 일자리 영향 분석에 기반한 좋은 일자리 창출 전략,机构正式研究,C:\Users\WINDOWS\OneDrive\知识库\智库信息爬虫\国际主要科技智库观点演变_研判\03_证据底稿\原文PDF\C-STEPI-A0201-922.pdf,C:\Users\WINDOWS\OneDrive\知识库\智库信息爬虫\国际主要科技智库观点演变_研判\03_证据底稿\文本\C-STEPI-A0201-922.txt,https://www.stepi.re.kr/site/stepiko/report/View.do?reIdx=922,官方PDF已保存并校验
产业创新、创业与区域体系,科技创新政策与能力基线,C-STEPI-A0201-922,2019-12-30,W2,과학기술의 일자리 영향 분석에 기반한 좋은 일자리 창출 전략,机构正式研究,C:\Users\WINDOWS\OneDrive\知识库\智库信息爬虫\国际主要科技智库观点演变_研判\03_证据底稿\原文PDF\C-STEPI-A0201-922.pdf,C:\Users\WINDOWS\OneDrive\知识库\智库信息爬虫\国际主要科技智库观点演变_研判\03_证据底稿\文本\C-STEPI-A0201-922.txt,https://www.stepi.re.kr/site/stepiko/report/View.do?reIdx=922,官方PDF已保存并校验
科技前瞻与未来社会,科技创新政策与能力基线,C-STEPI-A0201-922,2019-12-30,W2,과학기술의 일자리 영향 분석에 기반한 좋은 일자리 창출 전략,机构正式研究,C:\Users\WINDOWS\OneDrive\知识库\智库信息爬虫\国际主要科技智库观点演变_研判\03_证据底稿\原文PDF\C-STEPI-A0201-922.pdf,C:\Users\WINDOWS\OneDrive\知识库\智库信息爬虫\国际主要科技智库观点演变_研判\03_证据底稿\文本\C-STEPI-A0201-922.txt,https://www.stepi.re.kr/site/stepiko/report/View.do?reIdx=922,官方PDF已保存并校验
能源、气候与绿色转型,科技创新政策与能力基线,C-STEPI-A0201-923,2019-12-30,W2,신북방·신남방정책 기조하의 과학기술혁신(STI) 협력 전략: 클러스터 기반 협력을 중심으로,机构正式研究,C:\Users\WINDOWS\OneDrive\知识库\智库信息爬虫\国际主要科技智库观点演变_研判\03_证据底稿\原文PDF\C-STEPI-A0201-923.pdf,C:\Users\WINDOWS\OneDrive\知识库\智库信息爬虫\国际主要科技智库观点演变_研判\03_证据底稿\文本\C-STEPI-A0201-923.txt,https://www.stepi.re.kr/site/stepiko/report/View.do?reIdx=923,官方PDF已保存并校验
科研体系、研发投入与评价,科技创新政策与能力基线,C-STEPI-A0201-923,2019-12-30,W2,신북방·신남방정책 기조하의 과학기술혁신(STI) 협력 전략: 클러스터 기반 협력을 중심으로,机构正式研究,C:\Users\WINDOWS\OneDrive\知识库\智库信息爬虫\国际主要科技智库观点演变_研判\03_证据底稿\原文PDF\C-STEPI-A0201-923.pdf,C:\Users\WINDOWS\OneDrive\知识库\智库信息爬虫\国际主要科技智库观点演变_研判\03_证据底稿\文本\C-STEPI-A0201-923.txt,https://www.stepi.re.kr/site/stepiko/report/View.do?reIdx=923,官方PDF已保存并校验
产业创新、创业与区域体系,科技创新政策与能力基线,C-STEPI-A0201-923,2019-12-30,W2,신북방·신남방정책 기조하의 과학기술혁신(STI) 협력 전략: 클러스터 기반 협력을 중심으로,机构正式研究,C:\Users\WINDOWS\OneDrive\知识库\智库信息爬虫\国际主要科技智库观点演变_研判\03_证据底稿\原文PDF\C-STEPI-A0201-923.pdf,C:\Users\WINDOWS\OneDrive\知识库\智库信息爬虫\国际主要科技智库观点演变_研判\03_证据底稿\文本\C-STEPI-A0201-923.txt,https://www.stepi.re.kr/site/stepiko/report/View.do?reIdx=923,官方PDF已保存并校验
科技前瞻与未来社会,科技创新政策与能力基线,C-STEPI-A0201-923,2019-12-30,W2,신북방·신남방정책 기조하의 과학기술혁신(STI) 협력 전략: 클러스터 기반 협력을 중심으로,机构正式研究,C:\Users\WINDOWS\OneDrive\知识库\智库信息爬虫\国际主要科技智库观点演变_研判\03_证据底稿\原文PDF\C-STEPI-A0201-923.pdf,C:\Users\WINDOWS\OneDrive\知识库\智库信息爬虫\国际主要科技智库观点演变_研判\03_证据底稿\文本\C-STEPI-A0201-923.txt,https://www.stepi.re.kr/site/stepiko/report/View.do?reIdx=923,官方PDF已保存并校验
生命科学、生物技术与健康,科技创新政策与能力基线,C-STEPI-A0201-924,2019-12-30,W2,R&D 정책 시너지를 위한 부처 간 협력의 새로운 접근,机构正式研究,C:\Users\WINDOWS\OneDrive\知识库\智库信息爬虫\国际主要科技智库观点演变_研判\03_证据底稿\原文PDF\C-STEPI-A0201-924.pdf,C:\Users\WINDOWS\OneDrive\知识库\智库信息爬虫\国际主要科技智库观点演变_研判\03_证据底稿\文本\C-STEPI-A0201-924.txt,https://www.stepi.re.kr/site/stepiko/report/View.do?reIdx=924,官方PDF已保存并校验
科研体系、研发投入与评价,科技创新政策与能力基线,C-STEPI-A0201-924,2019-12-30,W2,R&D 정책 시너지를 위한 부처 간 협력의 새로운 접근,机构正式研究,C:\Users\WINDOWS\OneDrive\知识库\智库信息爬虫\国际主要科技智库观点演变_研判\03_证据底稿\原文PDF\C-STEPI-A0201-924.pdf,C:\Users\WINDOWS\OneDrive\知识库\智库信息爬虫\国际主要科技智库观点演变_研判\03_证据底稿\文本\C-STEPI-A0201-924.txt,https://www.stepi.re.kr/site/stepiko/report/View.do?reIdx=924,官方PDF已保存并校验
科技人才、大学与知识流动,科技创新政策与能力基线,C-STEPI-A0201-924,2019-12-30,W2,R&D 정책 시너지를 위한 부처 간 협력의 새로운 접근,机构正式研究,C:\Users\WINDOWS\OneDrive\知识库\智库信息爬虫\国际主要科技智库观点演变_研判\03_证据底稿\原文PDF\C-STEPI-A0201-924.pdf,C:\Users\WINDOWS\OneDrive\知识库\智库信息爬虫\国际主要科技智库观点演变_研判\03_证据底稿\文本\C-STEPI-A0201-924.txt,https://www.stepi.re.kr/site/stepiko/report/View.do?reIdx=924,官方PDF已保存并校验
技术安全、供应链与国际合作,科技创新政策与能力基线,C-STEPI-A0201-924,2019-12-30,W2,R&D 정책 시너지를 위한 부처 간 협력의 새로운 접근,机构正式研究,C:\Users\WINDOWS\OneDrive\知识库\智库信息爬虫\国际主要科技智库观点演变_研判\03_证据底稿\原文PDF\C-STEPI-A0201-924.pdf,C:\Users\WINDOWS\OneDrive\知识库\智库信息爬虫\国际主要科技智库观点演变_研判\03_证据底稿\文本\C-STEPI-A0201-924.txt,https://www.stepi.re.kr/site/stepiko/report/View.do?reIdx=924,官方PDF已保存并校验
科技前瞻与未来社会,科技创新政策与能力基线,C-STEPI-A0201-924,2019-12-30,W2,R&D 정책 시너지를 위한 부처 간 협력의 새로운 접근,机构正式研究,C:\Users\WINDOWS\OneDrive\知识库\智库信息爬虫\国际主要科技智库观点演变_研判\03_证据底稿\原文PDF\C-STEPI-A0201-924.pdf,C:\Users\WINDOWS\OneDrive\知识库\智库信息爬虫\国际主要科技智库观点演变_研判\03_证据底稿\文本\C-STEPI-A0201-924.txt,https://www.stepi.re.kr/site/stepiko/report/View.do?reIdx=924,官方PDF已保存并校验
人工智能、数据与数字技术,科技创新政策与能力基线,C-STEPI-A0201-925,2019-12-30,W2,국내외 혁신연구 동향 분석 및 제도혁신 전략 연구,机构正式研究,C:\Users\WINDOWS\OneDrive\知识库\智库信息爬虫\国际主要科技智库观点演变_研判\03_证据底稿\原文PDF\C-STEPI-A0201-925.pdf,C:\Users\WINDOWS\OneDrive\知识库\智库信息爬虫\国际主要科技智库观点演变_研判\03_证据底稿\文本\C-STEPI-A0201-925.txt,https://www.stepi.re.kr/site/stepiko/report/View.do?reIdx=925,官方PDF已保存并校验
生命科学、生物技术与健康,科技创新政策与能力基线,C-STEPI-A0201-925,2019-12-30,W2,국내외 혁신연구 동향 분석 및 제도혁신 전략 연구,机构正式研究,C:\Users\WINDOWS\OneDrive\知识库\智库信息爬虫\国际主要科技智库观点演变_研判\03_证据底稿\原文PDF\C-STEPI-A0201-925.pdf,C:\Users\WINDOWS\OneDrive\知识库\智库信息爬虫\国际主要科技智库观点演变_研判\03_证据底稿\文本\C-STEPI-A0201-925.txt,https://www.stepi.re.kr/site/stepiko/report/View.do?reIdx=925,官方PDF已保存并校验
科研体系、研发投入与评价,科技创新政策与能力基线,C-STEPI-A0201-925,2019-12-30,W2,국내외 혁신연구 동향 분석 및 제도혁신 전략 연구,机构正式研究,C:\Users\WINDOWS\OneDrive\知识库\智库信息爬虫\国际主要科技智库观点演变_研判\03_证据底稿\原文PDF\C-STEPI-A0201-925.pdf,C:\Users\WINDOWS\OneDrive\知识库\智库信息爬虫\国际主要科技智库观点演变_研判\03_证据底稿\文本\C-STEPI-A0201-925.txt,https://www.stepi.re.kr/site/stepiko/report/View.do?reIdx=925,官方PDF已保存并校验
产业创新、创业与区域体系,科技创新政策与能力基线,C-STEPI-A0201-925,2019-12-30,W2,국내외 혁신연구 동향 분석 및 제도혁신 전략 연구,机构正式研究,C:\Users\WINDOWS\OneDrive\知识库\智库信息爬虫\国际主要科技智库观点演变_研判\03_证据底稿\原文PDF\C-STEPI-A0201-925.pdf,C:\Users\WINDOWS\OneDrive\知识库\智库信息爬虫\国际主要科技智库观点演变_研判\03_证据底稿\文本\C-STEPI-A0201-925.txt,https://www.stepi.re.kr/site/stepiko/report/View.do?reIdx=925,官方PDF已保存并校验
科技前瞻与未来社会,科技创新政策与能力基线,C-STEPI-A0201-925,2019-12-30,W2,국내외 혁신연구 동향 분석 및 제도혁신 전략 연구,机构正式研究,C:\Users\WINDOWS\OneDrive\知识库\智库信息爬虫\国际主要科技智库观点演变_研判\03_证据底稿\原文PDF\C-STEPI-A0201-925.pdf,C:\Users\WINDOWS\OneDrive\知识库\智库信息爬虫\国际主要科技智库观点演变_研判\03_证据底稿\文本\C-STEPI-A0201-925.txt,https://www.stepi.re.kr/site/stepiko/report/View.do?reIdx=925,官方PDF已保存并校验
人工智能、数据与数字技术,科技创新政策与能力基线,C-STEPI-A0201-926,2019-12-30,W2,전환시대 지역혁신생태계 분석과 과제,机构正式研究,C:\Users\WINDOWS\OneDrive\知识库\智库信息爬虫\国际主要科技智库观点演变_研判\03_证据底稿\原文PDF\C-STEPI-A0201-926.pdf,C:\Users\WINDOWS\OneDrive\知识库\智库信息爬虫\国际主要科技智库观点演变_研判\03_证据底稿\文本\C-STEPI-A0201-926.txt,https://www.stepi.re.kr/site/stepiko/report/View.do?reIdx=926,官方PDF已保存并校验
能源、气候与绿色转型,科技创新政策与能力基线,C-STEPI-A0201-926,2019-12-30,W2,전환시대 지역혁신생태계 분석과 과제,机构正式研究,C:\Users\WINDOWS\OneDrive\知识库\智库信息爬虫\国际主要科技智库观点演变_研判\03_证据底稿\原文PDF\C-STEPI-A0201-926.pdf,C:\Users\WINDOWS\OneDrive\知识库\智库信息爬虫\国际主要科技智库观点演变_研判\03_证据底稿\文本\C-STEPI-A0201-926.txt,https://www.stepi.re.kr/site/stepiko/report/View.do?reIdx=926,官方PDF已保存并校验
科研体系、研发投入与评价,科技创新政策与能力基线,C-STEPI-A0201-926,2019-12-30,W2,전환시대 지역혁신생태계 분석과 과제,机构正式研究,C:\Users\WINDOWS\OneDrive\知识库\智库信息爬虫\国际主要科技智库观点演变_研判\03_证据底稿\原文PDF\C-STEPI-A0201-926.pdf,C:\Users\WINDOWS\OneDrive\知识库\智库信息爬虫\国际主要科技智库观点演变_研判\03_证据底稿\文本\C-STEPI-A0201-926.txt,https://www.stepi.re.kr/site/stepiko/report/View.do?reIdx=926,官方PDF已保存并校验
科技人才、大学与知识流动,科技创新政策与能力基线,C-STEPI-A0201-926,2019-12-30,W2,전환시대 지역혁신생태계 분석과 과제,机构正式研究,C:\Users\WINDOWS\OneDrive\知识库\智库信息爬虫\国际主要科技智库观点演变_研判\03_证据底稿\原文PDF\C-STEPI-A0201-926.pdf,C:\Users\WINDOWS\OneDrive\知识库\智库信息爬虫\国际主要科技智库观点演变_研判\03_证据底稿\文本\C-STEPI-A0201-926.txt,https://www.stepi.re.kr/site/stepiko/report/View.do?reIdx=926,官方PDF已保存并校验
产业创新、创业与区域体系,科技创新政策与能力基线,C-STEPI-A0201-926,2019-12-30,W2,전환시대 지역혁신생태계 분석과 과제,机构正式研究,C:\Users\WINDOWS\OneDrive\知识库\智库信息爬虫\国际主要科技智库观点演变_研判\03_证据底稿\原文PDF\C-STEPI-A0201-926.pdf,C:\Users\WINDOWS\OneDrive\知识库\智库信息爬虫\国际主要科技智库观点演变_研判\03_证据底稿\文本\C-STEPI-A0201-926.txt,https://www.stepi.re.kr/site/stepiko/report/View.do?reIdx=926,官方PDF已保存并校验
人工智能、数据与数字技术,科技创新政策与能力基线,C-STEPI-A0201-927,2019-12-30,W2,2019년도 글로벌 도전과제의 과학기술혁신협력에 관한 연구,机构正式研究,C:\Users\WINDOWS\OneDrive\知识库\智库信息爬虫\国际主要科技智库观点演变_研判\03_证据底稿\原文PDF\C-STEPI-A0201-927.pdf,C:\Users\WINDOWS\OneDrive\知识库\智库信息爬虫\国际主要科技智库观点演变_研判\03_证据底稿\文本\C-STEPI-A0201-927.txt,https://www.stepi.re.kr/site/stepiko/report/View.do?reIdx=927,官方PDF已保存并校验
生命科学、生物技术与健康,科技创新政策与能力基线,C-STEPI-A0201-927,2019-12-30,W2,2019년도 글로벌 도전과제의 과학기술혁신협력에 관한 연구,机构正式研究,C:\Users\WINDOWS\OneDrive\知识库\智库信息爬虫\国际主要科技智库观点演变_研判\03_证据底稿\原文PDF\C-STEPI-A0201-927.pdf,C:\Users\WINDOWS\OneDrive\知识库\智库信息爬虫\国际主要科技智库观点演变_研判\03_证据底稿\文本\C-STEPI-A0201-927.txt,https://www.stepi.re.kr/site/stepiko/report/View.do?reIdx=927,官方PDF已保存并校验
能源、气候与绿色转型,科技创新政策与能力基线,C-STEPI-A0201-927,2019-12-30,W2,2019년도 글로벌 도전과제의 과학기술혁신협력에 관한 연구,机构正式研究,C:\Users\WINDOWS\OneDrive\知识库\智库信息爬虫\国际主要科技智库观点演变_研判\03_证据底稿\原文PDF\C-STEPI-A0201-927.pdf,C:\Users\WINDOWS\OneDrive\知识库\智库信息爬虫\国际主要科技智库观点演变_研判\03_证据底稿\文本\C-STEPI-A0201-927.txt,https://www.stepi.re.kr/site/stepiko/report/View.do?reIdx=927,官方PDF已保存并校验
科研体系、研发投入与评价,科技创新政策与能力基线,C-STEPI-A0201-927,2019-12-30,W2,2019년도 글로벌 도전과제의 과학기술혁신협력에 관한 연구,机构正式研究,C:\Users\WINDOWS\OneDrive\知识库\智库信息爬虫\国际主要科技智库观点演变_研判\03_证据底稿\原文PDF\C-STEPI-A0201-927.pdf,C:\Users\WINDOWS\OneDrive\知识库\智库信息爬虫\国际主要科技智库观点演变_研判\03_证据底稿\文本\C-STEPI-A0201-927.txt,https://www.stepi.re.kr/site/stepiko/report/View.do?reIdx=927,官方PDF已保存并校验
科技人才、大学与知识流动,科技创新政策与能力基线,C-STEPI-A0201-927,2019-12-30,W2,2019년도 글로벌 도전과제의 과학기술혁신협력에 관한 연구,机构正式研究,C:\Users\WINDOWS\OneDrive\知识库\智库信息爬虫\国际主要科技智库观点演变_研判\03_证据底稿\原文PDF\C-STEPI-A0201-927.pdf,C:\Users\WINDOWS\OneDrive\知识库\智库信息爬虫\国际主要科技智库观点演变_研判\03_证据底稿\文本\C-STEPI-A0201-927.txt,https://www.stepi.re.kr/site/stepiko/report/View.do?reIdx=927,官方PDF已保存并校验
产业创新、创业与区域体系,科技创新政策与能力基线,C-STEPI-A0201-927,2019-12-30,W2,2019년도 글로벌 도전과제의 과학기술혁신협력에 관한 연구,机构正式研究,C:\Users\WINDOWS\OneDrive\知识库\智库信息爬虫\国际主要科技智库观点演变_研判\03_证据底稿\原文PDF\C-STEPI-A0201-927.pdf,C:\Users\WINDOWS\OneDrive\知识库\智库信息爬虫\国际主要科技智库观点演变_研判\03_证据底稿\文本\C-STEPI-A0201-927.txt,https://www.stepi.re.kr/site/stepiko/report/View.do?reIdx=927,官方PDF已保存并校验
技术安全、供应链与国际合作,科技创新政策与能力基线,C-STEPI-A0201-927,2019-12-30,W2,2019년도 글로벌 도전과제의 과학기술혁신협력에 관한 연구,机构正式研究,C:\Users\WINDOWS\OneDrive\知识库\智库信息爬虫\国际主要科技智库观点演变_研判\03_证据底稿\原文PDF\C-STEPI-A0201-927.pdf,C:\Users\WINDOWS\OneDrive\知识库\智库信息爬虫\国际主要科技智库观点演变_研判\03_证据底稿\文本\C-STEPI-A0201-927.txt,https://www.stepi.re.kr/site/stepiko/report/View.do?reIdx=927,官方PDF已保存并校验
科技前瞻与未来社会,科技创新政策与能力基线,C-STEPI-A0201-927,2019-12-30,W2,2019년도 글로벌 도전과제의 과학기술혁신협력에 관한 연구,机构正式研究,C:\Users\WINDOWS\OneDrive\知识库\智库信息爬虫\国际主要科技智库观点演变_研判\03_证据底稿\原文PDF\C-STEPI-A0201-927.pdf,C:\Users\WINDOWS\OneDrive\知识库\智库信息爬虫\国际主要科技智库观点演变_研判\03_证据底稿\文本\C-STEPI-A0201-927.txt,https://www.stepi.re.kr/site/stepiko/report/View.do?reIdx=927,官方PDF已保存并校验
科技创新政策与研究体系,科技创新政策与能力基线,C-STEPI-A0201-928,2019-12-30,W2,한국형 발전모델의 탐색과 성장동력 정책의 전환,机构正式研究,,,https://www.stepi.re.kr/site/stepiko/report/View.do?reIdx=928,官方目录无PDF
人工智能、数据与数字技术,科技创新政策与能力基线,C-STEPI-A0201-929,2019-12-30,W2,과학기술 ODA 실태분석 및 전략적 추진방향,机构正式研究,C:\Users\WINDOWS\OneDrive\知识库\智库信息爬虫\国际主要科技智库观点演变_研判\03_证据底稿\原文PDF\C-STEPI-A0201-929.pdf,C:\Users\WINDOWS\OneDrive\知识库\智库信息爬虫\国际主要科技智库观点演变_研判\03_证据底稿\文本\C-STEPI-A0201-929.txt,https://www.stepi.re.kr/site/stepiko/report/View.do?reIdx=929,官方PDF已保存并校验
科研体系、研发投入与评价,科技创新政策与能力基线,C-STEPI-A0201-929,2019-12-30,W2,과학기술 ODA 실태분석 및 전략적 추진방향,机构正式研究,C:\Users\WINDOWS\OneDrive\知识库\智库信息爬虫\国际主要科技智库观点演变_研判\03_证据底稿\原文PDF\C-STEPI-A0201-929.pdf,C:\Users\WINDOWS\OneDrive\知识库\智库信息爬虫\国际主要科技智库观点演变_研判\03_证据底稿\文本\C-STEPI-A0201-929.txt,https://www.stepi.re.kr/site/stepiko/report/View.do?reIdx=929,官方PDF已保存并校验
产业创新、创业与区域体系,科技创新政策与能力基线,C-STEPI-A0201-929,2019-12-30,W2,과학기술 ODA 실태분석 및 전략적 추진방향,机构正式研究,C:\Users\WINDOWS\OneDrive\知识库\智库信息爬虫\国际主要科技智库观点演变_研判\03_证据底稿\原文PDF\C-STEPI-A0201-929.pdf,C:\Users\WINDOWS\OneDrive\知识库\智库信息爬虫\国际主要科技智库观点演变_研判\03_证据底稿\文本\C-STEPI-A0201-929.txt,https://www.stepi.re.kr/site/stepiko/report/View.do?reIdx=929,官方PDF已保存并校验
科技前瞻与未来社会,科技创新政策与能力基线,C-STEPI-A0201-929,2019-12-30,W2,과학기술 ODA 실태분석 및 전략적 추진방향,机构正式研究,C:\Users\WINDOWS\OneDrive\知识库\智库信息爬虫\国际主要科技智库观点演变_研判\03_证据底稿\原文PDF\C-STEPI-A0201-929.pdf,C:\Users\WINDOWS\OneDrive\知识库\智库信息爬虫\国际主要科技智库观点演变_研判\03_证据底稿\文本\C-STEPI-A0201-929.txt,https://www.stepi.re.kr/site/stepiko/report/View.do?reIdx=929,官方PDF已保存并校验
人工智能、数据与数字技术,科技创新政策与能力基线,C-STEPI-A0201-930,2019-12-30,W2,국가사회문제 대응 공공R&D기관 연계협력을 위한 제도개선방안,机构正式研究,C:\Users\WINDOWS\OneDrive\知识库\智库信息爬虫\国际主要科技智库观点演变_研判\03_证据底稿\原文PDF\C-STEPI-A0201-930.pdf,C:\Users\WINDOWS\OneDrive\知识库\智库信息爬虫\国际主要科技智库观点演变_研判\03_证据底稿\文本\C-STEPI-A0201-930.txt,https://www.stepi.re.kr/site/stepiko/report/View.do?reIdx=930,官方PDF已保存并校验
生命科学、生物技术与健康,科技创新政策与能力基线,C-STEPI-A0201-930,2019-12-30,W2,국가사회문제 대응 공공R&D기관 연계협력을 위한 제도개선방안,机构正式研究,C:\Users\WINDOWS\OneDrive\知识库\智库信息爬虫\国际主要科技智库观点演变_研判\03_证据底稿\原文PDF\C-STEPI-A0201-930.pdf,C:\Users\WINDOWS\OneDrive\知识库\智库信息爬虫\国际主要科技智库观点演变_研判\03_证据底稿\文本\C-STEPI-A0201-930.txt,https://www.stepi.re.kr/site/stepiko/report/View.do?reIdx=930,官方PDF已保存并校验
能源、气候与绿色转型,科技创新政策与能力基线,C-STEPI-A0201-930,2019-12-30,W2,국가사회문제 대응 공공R&D기관 연계협력을 위한 제도개선방안,机构正式研究,C:\Users\WINDOWS\OneDrive\知识库\智库信息爬虫\国际主要科技智库观点演变_研判\03_证据底稿\原文PDF\C-STEPI-A0201-930.pdf,C:\Users\WINDOWS\OneDrive\知识库\智库信息爬虫\国际主要科技智库观点演变_研判\03_证据底稿\文本\C-STEPI-A0201-930.txt,https://www.stepi.re.kr/site/stepiko/report/View.do?reIdx=930,官方PDF已保存并校验
科研体系、研发投入与评价,科技创新政策与能力基线,C-STEPI-A0201-930,2019-12-30,W2,국가사회문제 대응 공공R&D기관 연계협력을 위한 제도개선방안,机构正式研究,C:\Users\WINDOWS\OneDrive\知识库\智库信息爬虫\国际主要科技智库观点演变_研判\03_证据底稿\原文PDF\C-STEPI-A0201-930.pdf,C:\Users\WINDOWS\OneDrive\知识库\智库信息爬虫\国际主要科技智库观点演变_研判\03_证据底稿\文本\C-STEPI-A0201-930.txt,https://www.stepi.re.kr/site/stepiko/report/View.do?reIdx=930,官方PDF已保存并校验
科技人才、大学与知识流动,科技创新政策与能力基线,C-STEPI-A0201-930,2019-12-30,W2,국가사회문제 대응 공공R&D기관 연계협력을 위한 제도개선방안,机构正式研究,C:\Users\WINDOWS\OneDrive\知识库\智库信息爬虫\国际主要科技智库观点演变_研判\03_证据底稿\原文PDF\C-STEPI-A0201-930.pdf,C:\Users\WINDOWS\OneDrive\知识库\智库信息爬虫\国际主要科技智库观点演变_研判\03_证据底稿\文本\C-STEPI-A0201-930.txt,https://www.stepi.re.kr/site/stepiko/report/View.do?reIdx=930,官方PDF已保存并校验
产业创新、创业与区域体系,科技创新政策与能力基线,C-STEPI-A0201-930,2019-12-30,W2,국가사회문제 대응 공공R&D기관 연계협력을 위한 제도개선방안,机构正式研究,C:\Users\WINDOWS\OneDrive\知识库\智库信息爬虫\国际主要科技智库观点演变_研判\03_证据底稿\原文PDF\C-STEPI-A0201-930.pdf,C:\Users\WINDOWS\OneDrive\知识库\智库信息爬虫\国际主要科技智库观点演变_研判\03_证据底稿\文本\C-STEPI-A0201-930.txt,https://www.stepi.re.kr/site/stepiko/report/View.do?reIdx=930,官方PDF已保存并校验
科技前瞻与未来社会,科技创新政策与能力基线,C-STEPI-A0201-930,2019-12-30,W2,국가사회문제 대응 공공R&D기관 연계협력을 위한 제도개선방안,机构正式研究,C:\Users\WINDOWS\OneDrive\知识库\智库信息爬虫\国际主要科技智库观点演变_研判\03_证据底稿\原文PDF\C-STEPI-A0201-930.pdf,C:\Users\WINDOWS\OneDrive\知识库\智库信息爬虫\国际主要科技智库观点演变_研判\03_证据底稿\文本\C-STEPI-A0201-930.txt,https://www.stepi.re.kr/site/stepiko/report/View.do?reIdx=930,官方PDF已保存并校验
人工智能、数据与数字技术,科技创新政策与能力基线,C-STEPI-A0201-931,2019-12-30,W2,과학기술계 출연(연) 사회적 가치 확대를 위한 R&D추진방안 연구,机构正式研究,C:\Users\WINDOWS\OneDrive\知识库\智库信息爬虫\国际主要科技智库观点演变_研判\03_证据底稿\原文PDF\C-STEPI-A0201-931.pdf,C:\Users\WINDOWS\OneDrive\知识库\智库信息爬虫\国际主要科技智库观点演变_研判\03_证据底稿\文本\C-STEPI-A0201-931.txt,https://www.stepi.re.kr/site/stepiko/report/View.do?reIdx=931,官方PDF已保存并校验
科研体系、研发投入与评价,科技创新政策与能力基线,C-STEPI-A0201-931,2019-12-30,W2,과학기술계 출연(연) 사회적 가치 확대를 위한 R&D추진방안 연구,机构正式研究,C:\Users\WINDOWS\OneDrive\知识库\智库信息爬虫\国际主要科技智库观点演变_研判\03_证据底稿\原文PDF\C-STEPI-A0201-931.pdf,C:\Users\WINDOWS\OneDrive\知识库\智库信息爬虫\国际主要科技智库观点演变_研判\03_证据底稿\文本\C-STEPI-A0201-931.txt,https://www.stepi.re.kr/site/stepiko/report/View.do?reIdx=931,官方PDF已保存并校验
产业创新、创业与区域体系,科技创新政策与能力基线,C-STEPI-A0201-931,2019-12-30,W2,과학기술계 출연(연) 사회적 가치 확대를 위한 R&D추진방안 연구,机构正式研究,C:\Users\WINDOWS\OneDrive\知识库\智库信息爬虫\国际主要科技智库观点演变_研判\03_证据底稿\原文PDF\C-STEPI-A0201-931.pdf,C:\Users\WINDOWS\OneDrive\知识库\智库信息爬虫\国际主要科技智库观点演变_研判\03_证据底稿\文本\C-STEPI-A0201-931.txt,https://www.stepi.re.kr/site/stepiko/report/View.do?reIdx=931,官方PDF已保存并校验
中国科技与国际比较,科技创新政策与能力基线,C-STEPI-A0201-932,2019-12-30,W2,실증 기반 기술사업화 효율성 제고 방안,机构正式研究,C:\Users\WINDOWS\OneDrive\知识库\智库信息爬虫\国际主要科技智库观点演变_研判\03_证据底稿\原文PDF\C-STEPI-A0201-932.pdf,C:\Users\WINDOWS\OneDrive\知识库\智库信息爬虫\国际主要科技智库观点演变_研判\03_证据底稿\文本\C-STEPI-A0201-932.txt,https://www.stepi.re.kr/site/stepiko/report/View.do?reIdx=932,官方PDF已保存并校验
人工智能、数据与数字技术,科技创新政策与能力基线,C-STEPI-A0201-932,2019-12-30,W2,실증 기반 기술사업화 효율성 제고 방안,机构正式研究,C:\Users\WINDOWS\OneDrive\知识库\智库信息爬虫\国际主要科技智库观点演变_研判\03_证据底稿\原文PDF\C-STEPI-A0201-932.pdf,C:\Users\WINDOWS\OneDrive\知识库\智库信息爬虫\国际主要科技智库观点演变_研判\03_证据底稿\文本\C-STEPI-A0201-932.txt,https://www.stepi.re.kr/site/stepiko/report/View.do?reIdx=932,官方PDF已保存并校验
能源、气候与绿色转型,科技创新政策与能力基线,C-STEPI-A0201-932,2019-12-30,W2,실증 기반 기술사업화 효율성 제고 방안,机构正式研究,C:\Users\WINDOWS\OneDrive\知识库\智库信息爬虫\国际主要科技智库观点演变_研判\03_证据底稿\原文PDF\C-STEPI-A0201-932.pdf,C:\Users\WINDOWS\OneDrive\知识库\智库信息爬虫\国际主要科技智库观点演变_研判\03_证据底稿\文本\C-STEPI-A0201-932.txt,https://www.stepi.re.kr/site/stepiko/report/View.do?reIdx=932,官方PDF已保存并校验
科研体系、研发投入与评价,科技创新政策与能力基线,C-STEPI-A0201-932,2019-12-30,W2,실증 기반 기술사업화 효율성 제고 방안,机构正式研究,C:\Users\WINDOWS\OneDrive\知识库\智库信息爬虫\国际主要科技智库观点演变_研判\03_证据底稿\原文PDF\C-STEPI-A0201-932.pdf,C:\Users\WINDOWS\OneDrive\知识库\智库信息爬虫\国际主要科技智库观点演变_研判\03_证据底稿\文本\C-STEPI-A0201-932.txt,https://www.stepi.re.kr/site/stepiko/report/View.do?reIdx=932,官方PDF已保存并校验
科技人才、大学与知识流动,科技创新政策与能力基线,C-STEPI-A0201-932,2019-12-30,W2,실증 기반 기술사업화 효율성 제고 방안,机构正式研究,C:\Users\WINDOWS\OneDrive\知识库\智库信息爬虫\国际主要科技智库观点演变_研判\03_证据底稿\原文PDF\C-STEPI-A0201-932.pdf,C:\Users\WINDOWS\OneDrive\知识库\智库信息爬虫\国际主要科技智库观点演变_研判\03_证据底稿\文本\C-STEPI-A0201-932.txt,https://www.stepi.re.kr/site/stepiko/report/View.do?reIdx=932,官方PDF已保存并校验
产业创新、创业与区域体系,科技创新政策与能力基线,C-STEPI-A0201-932,2019-12-30,W2,실증 기반 기술사업화 효율성 제고 방안,机构正式研究,C:\Users\WINDOWS\OneDrive\知识库\智库信息爬虫\国际主要科技智库观点演变_研判\03_证据底稿\原文PDF\C-STEPI-A0201-932.pdf,C:\Users\WINDOWS\OneDrive\知识库\智库信息爬虫\国际主要科技智库观点演变_研判\03_证据底稿\文本\C-STEPI-A0201-932.txt,https://www.stepi.re.kr/site/stepiko/report/View.do?reIdx=932,官方PDF已保存并校验
科技前瞻与未来社会,科技创新政策与能力基线,C-STEPI-A0201-932,2019-12-30,W2,실증 기반 기술사업화 효율성 제고 방안,机构正式研究,C:\Users\WINDOWS\OneDrive\知识库\智库信息爬虫\国际主要科技智库观点演变_研判\03_证据底稿\原文PDF\C-STEPI-A0201-932.pdf,C:\Users\WINDOWS\OneDrive\知识库\智库信息爬虫\国际主要科技智库观点演变_研判\03_证据底稿\文本\C-STEPI-A0201-932.txt,https://www.stepi.re.kr/site/stepiko/report/View.do?reIdx=932,官方PDF已保存并校验
中国科技与国际比较,核心科技直接材料,C-STEPI-A0201-933,2019-12-30,W2,인공지능 기술 전망과 혁신정책 방향(2차년도) - 안전하고 윤리적인 인공지능 R&D 및 활용을 위한 제도 개선 방안을 중심으로 -,机构正式研究,C:\Users\WINDOWS\OneDrive\知识库\智库信息爬虫\国际主要科技智库观点演变_研判\03_证据底稿\原文PDF\C-STEPI-A0201-933.pdf,C:\Users\WINDOWS\OneDrive\知识库\智库信息爬虫\国际主要科技智库观点演变_研判\03_证据底稿\文本\C-STEPI-A0201-933.txt,https://www.stepi.re.kr/site/stepiko/report/View.do?reIdx=933,官方PDF已保存并校验
人工智能、数据与数字技术,核心科技直接材料,C-STEPI-A0201-933,2019-12-30,W2,인공지능 기술 전망과 혁신정책 방향(2차년도) - 안전하고 윤리적인 인공지능 R&D 및 활용을 위한 제도 개선 방안을 중심으로 -,机构正式研究,C:\Users\WINDOWS\OneDrive\知识库\智库信息爬虫\国际主要科技智库观点演变_研判\03_证据底稿\原文PDF\C-STEPI-A0201-933.pdf,C:\Users\WINDOWS\OneDrive\知识库\智库信息爬虫\国际主要科技智库观点演变_研判\03_证据底稿\文本\C-STEPI-A0201-933.txt,https://www.stepi.re.kr/site/stepiko/report/View.do?reIdx=933,官方PDF已保存并校验
科研体系、研发投入与评价,核心科技直接材料,C-STEPI-A0201-933,2019-12-30,W2,인공지능 기술 전망과 혁신정책 방향(2차년도) - 안전하고 윤리적인 인공지능 R&D 및 활용을 위한 제도 개선 방안을 중심으로 -,机构正式研究,C:\Users\WINDOWS\OneDrive\知识库\智库信息爬虫\国际主要科技智库观点演变_研判\03_证据底稿\原文PDF\C-STEPI-A0201-933.pdf,C:\Users\WINDOWS\OneDrive\知识库\智库信息爬虫\国际主要科技智库观点演变_研判\03_证据底稿\文本\C-STEPI-A0201-933.txt,https://www.stepi.re.kr/site/stepiko/report/View.do?reIdx=933,官方PDF已保存并校验
科技人才、大学与知识流动,核心科技直接材料,C-STEPI-A0201-933,2019-12-30,W2,인공지능 기술 전망과 혁신정책 방향(2차년도) - 안전하고 윤리적인 인공지능 R&D 및 활용을 위한 제도 개선 방안을 중심으로 -,机构正式研究,C:\Users\WINDOWS\OneDrive\知识库\智库信息爬虫\国际主要科技智库观点演变_研判\03_证据底稿\原文PDF\C-STEPI-A0201-933.pdf,C:\Users\WINDOWS\OneDrive\知识库\智库信息爬虫\国际主要科技智库观点演变_研判\03_证据底稿\文本\C-STEPI-A0201-933.txt,https://www.stepi.re.kr/site/stepiko/report/View.do?reIdx=933,官方PDF已保存并校验
产业创新、创业与区域体系,核心科技直接材料,C-STEPI-A0201-933,2019-12-30,W2,인공지능 기술 전망과 혁신정책 방향(2차년도) - 안전하고 윤리적인 인공지능 R&D 및 활용을 위한 제도 개선 방안을 중심으로 -,机构正式研究,C:\Users\WINDOWS\OneDrive\知识库\智库信息爬虫\国际主要科技智库观点演变_研判\03_证据底稿\原文PDF\C-STEPI-A0201-933.pdf,C:\Users\WINDOWS\OneDrive\知识库\智库信息爬虫\国际主要科技智库观点演变_研判\03_证据底稿\文本\C-STEPI-A0201-933.txt,https://www.stepi.re.kr/site/stepiko/report/View.do?reIdx=933,官方PDF已保存并校验
科技前瞻与未来社会,核心科技直接材料,C-STEPI-A0201-933,2019-12-30,W2,인공지능 기술 전망과 혁신정책 방향(2차년도) - 안전하고 윤리적인 인공지능 R&D 및 활용을 위한 제도 개선 방안을 중심으로 -,机构正式研究,C:\Users\WINDOWS\OneDrive\知识库\智库信息爬虫\国际主要科技智库观点演变_研判\03_证据底稿\原文PDF\C-STEPI-A0201-933.pdf,C:\Users\WINDOWS\OneDrive\知识库\智库信息爬虫\国际主要科技智库观点演变_研判\03_证据底稿\文本\C-STEPI-A0201-933.txt,https://www.stepi.re.kr/site/stepiko/report/View.do?reIdx=933,官方PDF已保存并校验
中国科技与国际比较,科技创新政策与能力基线,C-STEPI-A0201-935,2019-12-30,W2,탄소자원화 기술의 경제성 평가 및 상업화 방안,机构正式研究,C:\Users\WINDOWS\OneDrive\知识库\智库信息爬虫\国际主要科技智库观点演变_研判\03_证据底稿\原文PDF\C-STEPI-A0201-935.pdf,C:\Users\WINDOWS\OneDrive\知识库\智库信息爬虫\国际主要科技智库观点演变_研判\03_证据底稿\文本\C-STEPI-A0201-935.txt,https://www.stepi.re.kr/site/stepiko/report/View.do?reIdx=935,官方PDF已保存并校验
人工智能、数据与数字技术,科技创新政策与能力基线,C-STEPI-A0201-935,2019-12-30,W2,탄소자원화 기술의 경제성 평가 및 상업화 방안,机构正式研究,C:\Users\WINDOWS\OneDrive\知识库\智库信息爬虫\国际主要科技智库观点演变_研判\03_证据底稿\原文PDF\C-STEPI-A0201-935.pdf,C:\Users\WINDOWS\OneDrive\知识库\智库信息爬虫\国际主要科技智库观点演变_研判\03_证据底稿\文本\C-STEPI-A0201-935.txt,https://www.stepi.re.kr/site/stepiko/report/View.do?reIdx=935,官方PDF已保存并校验
能源、气候与绿色转型,科技创新政策与能力基线,C-STEPI-A0201-935,2019-12-30,W2,탄소자원화 기술의 경제성 평가 및 상업화 방안,机构正式研究,C:\Users\WINDOWS\OneDrive\知识库\智库信息爬虫\国际主要科技智库观点演变_研判\03_证据底稿\原文PDF\C-STEPI-A0201-935.pdf,C:\Users\WINDOWS\OneDrive\知识库\智库信息爬虫\国际主要科技智库观点演变_研判\03_证据底稿\文本\C-STEPI-A0201-935.txt,https://www.stepi.re.kr/site/stepiko/report/View.do?reIdx=935,官方PDF已保存并校验
科研体系、研发投入与评价,科技创新政策与能力基线,C-STEPI-A0201-935,2019-12-30,W2,탄소자원화 기술의 경제성 평가 및 상업화 방안,机构正式研究,C:\Users\WINDOWS\OneDrive\知识库\智库信息爬虫\国际主要科技智库观点演变_研判\03_证据底稿\原文PDF\C-STEPI-A0201-935.pdf,C:\Users\WINDOWS\OneDrive\知识库\智库信息爬虫\国际主要科技智库观点演变_研判\03_证据底稿\文本\C-STEPI-A0201-935.txt,https://www.stepi.re.kr/site/stepiko/report/View.do?reIdx=935,官方PDF已保存并校验
产业创新、创业与区域体系,科技创新政策与能力基线,C-STEPI-A0201-935,2019-12-30,W2,탄소자원화 기술의 경제성 평가 및 상업화 방안,机构正式研究,C:\Users\WINDOWS\OneDrive\知识库\智库信息爬虫\国际主要科技智库观点演变_研判\03_证据底稿\原文PDF\C-STEPI-A0201-935.pdf,C:\Users\WINDOWS\OneDrive\知识库\智库信息爬虫\国际主要科技智库观点演变_研判\03_证据底稿\文本\C-STEPI-A0201-935.txt,https://www.stepi.re.kr/site/stepiko/report/View.do?reIdx=935,官方PDF已保存并校验
技术安全、供应链与国际合作,科技创新政策与能力基线,C-STEPI-A0201-935,2019-12-30,W2,탄소자원화 기술의 경제성 평가 및 상업화 방안,机构正式研究,C:\Users\WINDOWS\OneDrive\知识库\智库信息爬虫\国际主要科技智库观点演变_研判\03_证据底稿\原文PDF\C-STEPI-A0201-935.pdf,C:\Users\WINDOWS\OneDrive\知识库\智库信息爬虫\国际主要科技智库观点演变_研判\03_证据底稿\文本\C-STEPI-A0201-935.txt,https://www.stepi.re.kr/site/stepiko/report/View.do?reIdx=935,官方PDF已保存并校验
科技前瞻与未来社会,科技创新政策与能力基线,C-STEPI-A0201-935,2019-12-30,W2,탄소자원화 기술의 경제성 평가 및 상업화 방안,机构正式研究,C:\Users\WINDOWS\OneDrive\知识库\智库信息爬虫\国际主要科技智库观点演变_研判\03_证据底稿\原文PDF\C-STEPI-A0201-935.pdf,C:\Users\WINDOWS\OneDrive\知识库\智库信息爬虫\国际主要科技智库观点演变_研判\03_证据底稿\文本\C-STEPI-A0201-935.txt,https://www.stepi.re.kr/site/stepiko/report/View.do?reIdx=935,官方PDF已保存并校验
人工智能、数据与数字技术,核心科技直接材料,C-STEPI-A0201-936,2019-12-30,W2,공공부문 연구데이터의 소유·활용제도 개선방향,机构正式研究,C:\Users\WINDOWS\OneDrive\知识库\智库信息爬虫\国际主要科技智库观点演变_研判\03_证据底稿\原文PDF\C-STEPI-A0201-936.pdf,C:\Users\WINDOWS\OneDrive\知识库\智库信息爬虫\国际主要科技智库观点演变_研判\03_证据底稿\文本\C-STEPI-A0201-936.txt,https://www.stepi.re.kr/site/stepiko/report/View.do?reIdx=936,官方PDF已保存并校验
科研体系、研发投入与评价,核心科技直接材料,C-STEPI-A0201-936,2019-12-30,W2,공공부문 연구데이터의 소유·활용제도 개선방향,机构正式研究,C:\Users\WINDOWS\OneDrive\知识库\智库信息爬虫\国际主要科技智库观点演变_研判\03_证据底稿\原文PDF\C-STEPI-A0201-936.pdf,C:\Users\WINDOWS\OneDrive\知识库\智库信息爬虫\国际主要科技智库观点演变_研判\03_证据底稿\文本\C-STEPI-A0201-936.txt,https://www.stepi.re.kr/site/stepiko/report/View.do?reIdx=936,官方PDF已保存并校验
科技人才、大学与知识流动,核心科技直接材料,C-STEPI-A0201-936,2019-12-30,W2,공공부문 연구데이터의 소유·활용제도 개선방향,机构正式研究,C:\Users\WINDOWS\OneDrive\知识库\智库信息爬虫\国际主要科技智库观点演变_研判\03_证据底稿\原文PDF\C-STEPI-A0201-936.pdf,C:\Users\WINDOWS\OneDrive\知识库\智库信息爬虫\国际主要科技智库观点演变_研判\03_证据底稿\文本\C-STEPI-A0201-936.txt,https://www.stepi.re.kr/site/stepiko/report/View.do?reIdx=936,官方PDF已保存并校验
产业创新、创业与区域体系,核心科技直接材料,C-STEPI-A0201-936,2019-12-30,W2,공공부문 연구데이터의 소유·활용제도 개선방향,机构正式研究,C:\Users\WINDOWS\OneDrive\知识库\智库信息爬虫\国际主要科技智库观点演变_研判\03_证据底稿\原文PDF\C-STEPI-A0201-936.pdf,C:\Users\WINDOWS\OneDrive\知识库\智库信息爬虫\国际主要科技智库观点演变_研判\03_证据底稿\文本\C-STEPI-A0201-936.txt,https://www.stepi.re.kr/site/stepiko/report/View.do?reIdx=936,官方PDF已保存并校验
能源、气候与绿色转型,科技创新政策与能力基线,C-STEPI-A0201-937,2019-12-30,W2,서비스산업 발전을 위한 서비스 R&D 제도화 연구: 서비스산업발전기본법을 중심으로,机构正式研究,C:\Users\WINDOWS\OneDrive\知识库\智库信息爬虫\国际主要科技智库观点演变_研判\03_证据底稿\原文PDF\C-STEPI-A0201-937.pdf,C:\Users\WINDOWS\OneDrive\知识库\智库信息爬虫\国际主要科技智库观点演变_研判\03_证据底稿\文本\C-STEPI-A0201-937.txt,https://www.stepi.re.kr/site/stepiko/report/View.do?reIdx=937,官方PDF已保存并校验
科研体系、研发投入与评价,科技创新政策与能力基线,C-STEPI-A0201-937,2019-12-30,W2,서비스산업 발전을 위한 서비스 R&D 제도화 연구: 서비스산업발전기본법을 중심으로,机构正式研究,C:\Users\WINDOWS\OneDrive\知识库\智库信息爬虫\国际主要科技智库观点演变_研判\03_证据底稿\原文PDF\C-STEPI-A0201-937.pdf,C:\Users\WINDOWS\OneDrive\知识库\智库信息爬虫\国际主要科技智库观点演变_研判\03_证据底稿\文本\C-STEPI-A0201-937.txt,https://www.stepi.re.kr/site/stepiko/report/View.do?reIdx=937,官方PDF已保存并校验
科技人才、大学与知识流动,科技创新政策与能力基线,C-STEPI-A0201-937,2019-12-30,W2,서비스산업 발전을 위한 서비스 R&D 제도화 연구: 서비스산업발전기본법을 중심으로,机构正式研究,C:\Users\WINDOWS\OneDrive\知识库\智库信息爬虫\国际主要科技智库观点演变_研判\03_证据底稿\原文PDF\C-STEPI-A0201-937.pdf,C:\Users\WINDOWS\OneDrive\知识库\智库信息爬虫\国际主要科技智库观点演变_研判\03_证据底稿\文本\C-STEPI-A0201-937.txt,https://www.stepi.re.kr/site/stepiko/report/View.do?reIdx=937,官方PDF已保存并校验
产业创新、创业与区域体系,科技创新政策与能力基线,C-STEPI-A0201-937,2019-12-30,W2,서비스산업 발전을 위한 서비스 R&D 제도화 연구: 서비스산업발전기본법을 중심으로,机构正式研究,C:\Users\WINDOWS\OneDrive\知识库\智库信息爬虫\国际主要科技智库观点演变_研判\03_证据底稿\原文PDF\C-STEPI-A0201-937.pdf,C:\Users\WINDOWS\OneDrive\知识库\智库信息爬虫\国际主要科技智库观点演变_研判\03_证据底稿\文本\C-STEPI-A0201-937.txt,https://www.stepi.re.kr/site/stepiko/report/View.do?reIdx=937,官方PDF已保存并校验
技术安全、供应链与国际合作,科技创新政策与能力基线,C-STEPI-A0201-937,2019-12-30,W2,서비스산업 발전을 위한 서비스 R&D 제도화 연구: 서비스산업발전기본법을 중심으로,机构正式研究,C:\Users\WINDOWS\OneDrive\知识库\智库信息爬虫\国际主要科技智库观点演变_研判\03_证据底稿\原文PDF\C-STEPI-A0201-937.pdf,C:\Users\WINDOWS\OneDrive\知识库\智库信息爬虫\国际主要科技智库观点演变_研判\03_证据底稿\文本\C-STEPI-A0201-937.txt,https://www.stepi.re.kr/site/stepiko/report/View.do?reIdx=937,官方PDF已保存并校验
科技前瞻与未来社会,科技创新政策与能力基线,C-STEPI-A0201-937,2019-12-30,W2,서비스산업 발전을 위한 서비스 R&D 제도화 연구: 서비스산업발전기본법을 중심으로,机构正式研究,C:\Users\WINDOWS\OneDrive\知识库\智库信息爬虫\国际主要科技智库观点演变_研判\03_证据底稿\原文PDF\C-STEPI-A0201-937.pdf,C:\Users\WINDOWS\OneDrive\知识库\智库信息爬虫\国际主要科技智库观点演变_研判\03_证据底稿\文本\C-STEPI-A0201-937.txt,https://www.stepi.re.kr/site/stepiko/report/View.do?reIdx=937,官方PDF已保存并校验
中国科技与国际比较,核心科技直接材料,C-STEPI-A0201-938,2019-12-30,W2,디지털 기술을 통한 고부가 서비스업 발전 및 활용방안 연구,机构正式研究,C:\Users\WINDOWS\OneDrive\知识库\智库信息爬虫\国际主要科技智库观点演变_研判\03_证据底稿\原文PDF\C-STEPI-A0201-938.pdf,C:\Users\WINDOWS\OneDrive\知识库\智库信息爬虫\国际主要科技智库观点演变_研判\03_证据底稿\文本\C-STEPI-A0201-938.txt,https://www.stepi.re.kr/site/stepiko/report/View.do?reIdx=938,官方PDF已保存并校验
人工智能、数据与数字技术,核心科技直接材料,C-STEPI-A0201-938,2019-12-30,W2,디지털 기술을 통한 고부가 서비스업 발전 및 활용방안 연구,机构正式研究,C:\Users\WINDOWS\OneDrive\知识库\智库信息爬虫\国际主要科技智库观点演变_研判\03_证据底稿\原文PDF\C-STEPI-A0201-938.pdf,C:\Users\WINDOWS\OneDrive\知识库\智库信息爬虫\国际主要科技智库观点演变_研判\03_证据底稿\文本\C-STEPI-A0201-938.txt,https://www.stepi.re.kr/site/stepiko/report/View.do?reIdx=938,官方PDF已保存并校验
半导体、量子与战略技术,核心科技直接材料,C-STEPI-A0201-938,2019-12-30,W2,디지털 기술을 통한 고부가 서비스업 발전 및 활용방안 연구,机构正式研究,C:\Users\WINDOWS\OneDrive\知识库\智库信息爬虫\国际主要科技智库观点演变_研判\03_证据底稿\原文PDF\C-STEPI-A0201-938.pdf,C:\Users\WINDOWS\OneDrive\知识库\智库信息爬虫\国际主要科技智库观点演变_研判\03_证据底稿\文本\C-STEPI-A0201-938.txt,https://www.stepi.re.kr/site/stepiko/report/View.do?reIdx=938,官方PDF已保存并校验
科研体系、研发投入与评价,核心科技直接材料,C-STEPI-A0201-938,2019-12-30,W2,디지털 기술을 통한 고부가 서비스업 발전 및 활용방안 연구,机构正式研究,C:\Users\WINDOWS\OneDrive\知识库\智库信息爬虫\国际主要科技智库观点演变_研判\03_证据底稿\原文PDF\C-STEPI-A0201-938.pdf,C:\Users\WINDOWS\OneDrive\知识库\智库信息爬虫\国际主要科技智库观点演变_研判\03_证据底稿\文本\C-STEPI-A0201-938.txt,https://www.stepi.re.kr/site/stepiko/report/View.do?reIdx=938,官方PDF已保存并校验
科技人才、大学与知识流动,核心科技直接材料,C-STEPI-A0201-938,2019-12-30,W2,디지털 기술을 통한 고부가 서비스업 발전 및 활용방안 연구,机构正式研究,C:\Users\WINDOWS\OneDrive\知识库\智库信息爬虫\国际主要科技智库观点演变_研判\03_证据底稿\原文PDF\C-STEPI-A0201-938.pdf,C:\Users\WINDOWS\OneDrive\知识库\智库信息爬虫\国际主要科技智库观点演变_研判\03_证据底稿\文本\C-STEPI-A0201-938.txt,https://www.stepi.re.kr/site/stepiko/report/View.do?reIdx=938,官方PDF已保存并校验
产业创新、创业与区域体系,核心科技直接材料,C-STEPI-A0201-938,2019-12-30,W2,디지털 기술을 통한 고부가 서비스업 발전 및 활용방안 연구,机构正式研究,C:\Users\WINDOWS\OneDrive\知识库\智库信息爬虫\国际主要科技智库观点演变_研判\03_证据底稿\原文PDF\C-STEPI-A0201-938.pdf,C:\Users\WINDOWS\OneDrive\知识库\智库信息爬虫\国际主要科技智库观点演变_研判\03_证据底稿\文本\C-STEPI-A0201-938.txt,https://www.stepi.re.kr/site/stepiko/report/View.do?reIdx=938,官方PDF已保存并校验
技术安全、供应链与国际合作,核心科技直接材料,C-STEPI-A0201-938,2019-12-30,W2,디지털 기술을 통한 고부가 서비스업 발전 및 활용방안 연구,机构正式研究,C:\Users\WINDOWS\OneDrive\知识库\智库信息爬虫\国际主要科技智库观点演变_研判\03_证据底稿\原文PDF\C-STEPI-A0201-938.pdf,C:\Users\WINDOWS\OneDrive\知识库\智库信息爬虫\国际主要科技智库观点演变_研判\03_证据底稿\文本\C-STEPI-A0201-938.txt,https://www.stepi.re.kr/site/stepiko/report/View.do?reIdx=938,官方PDF已保存并校验
科技前瞻与未来社会,核心科技直接材料,C-STEPI-A0201-938,2019-12-30,W2,디지털 기술을 통한 고부가 서비스업 발전 및 활용방안 연구,机构正式研究,C:\Users\WINDOWS\OneDrive\知识库\智库信息爬虫\国际主要科技智库观点演变_研判\03_证据底稿\原文PDF\C-STEPI-A0201-938.pdf,C:\Users\WINDOWS\OneDrive\知识库\智库信息爬虫\国际主要科技智库观点演变_研判\03_证据底稿\文本\C-STEPI-A0201-938.txt,https://www.stepi.re.kr/site/stepiko/report/View.do?reIdx=938,官方PDF已保存并校验
人工智能、数据与数字技术,核心科技直接材料,C-STEPI-A0201-939,2019-12-30,W2,데이터 기반의 기업 R&D 선정평가모형 구축 및 도입방안 연구 :인공지능 방법론의 도입 및 활용 방안을 중심으로,机构正式研究,C:\Users\WINDOWS\OneDrive\知识库\智库信息爬虫\国际主要科技智库观点演变_研判\03_证据底稿\原文PDF\C-STEPI-A0201-939.pdf,C:\Users\WINDOWS\OneDrive\知识库\智库信息爬虫\国际主要科技智库观点演变_研判\03_证据底稿\文本\C-STEPI-A0201-939.txt,https://www.stepi.re.kr/site/stepiko/report/View.do?reIdx=939,官方PDF已保存并校验
科研体系、研发投入与评价,核心科技直接材料,C-STEPI-A0201-939,2019-12-30,W2,데이터 기반의 기업 R&D 선정평가모형 구축 및 도입방안 연구 :인공지능 방법론의 도입 및 활용 방안을 중심으로,机构正式研究,C:\Users\WINDOWS\OneDrive\知识库\智库信息爬虫\国际主要科技智库观点演变_研判\03_证据底稿\原文PDF\C-STEPI-A0201-939.pdf,C:\Users\WINDOWS\OneDrive\知识库\智库信息爬虫\国际主要科技智库观点演变_研判\03_证据底稿\文本\C-STEPI-A0201-939.txt,https://www.stepi.re.kr/site/stepiko/report/View.do?reIdx=939,官方PDF已保存并校验
科技人才、大学与知识流动,核心科技直接材料,C-STEPI-A0201-939,2019-12-30,W2,데이터 기반의 기업 R&D 선정평가모형 구축 및 도입방안 연구 :인공지능 방법론의 도입 및 활용 방안을 중심으로,机构正式研究,C:\Users\WINDOWS\OneDrive\知识库\智库信息爬虫\国际主要科技智库观点演变_研判\03_证据底稿\原文PDF\C-STEPI-A0201-939.pdf,C:\Users\WINDOWS\OneDrive\知识库\智库信息爬虫\国际主要科技智库观点演变_研判\03_证据底稿\文本\C-STEPI-A0201-939.txt,https://www.stepi.re.kr/site/stepiko/report/View.do?reIdx=939,官方PDF已保存并校验
产业创新、创业与区域体系,核心科技直接材料,C-STEPI-A0201-939,2019-12-30,W2,데이터 기반의 기업 R&D 선정평가모형 구축 및 도입방안 연구 :인공지능 방법론의 도입 및 활용 방안을 중심으로,机构正式研究,C:\Users\WINDOWS\OneDrive\知识库\智库信息爬虫\国际主要科技智库观点演变_研判\03_证据底稿\原文PDF\C-STEPI-A0201-939.pdf,C:\Users\WINDOWS\OneDrive\知识库\智库信息爬虫\国际主要科技智库观点演变_研判\03_证据底稿\文本\C-STEPI-A0201-939.txt,https://www.stepi.re.kr/site/stepiko/report/View.do?reIdx=939,官方PDF已保存并校验
科技前瞻与未来社会,核心科技直接材料,C-STEPI-A0201-939,2019-12-30,W2,데이터 기반의 기업 R&D 선정평가모형 구축 및 도입방안 연구 :인공지능 방법론의 도입 및 활용 방안을 중심으로,机构正式研究,C:\Users\WINDOWS\OneDrive\知识库\智库信息爬虫\国际主要科技智库观点演变_研判\03_证据底稿\原文PDF\C-STEPI-A0201-939.pdf,C:\Users\WINDOWS\OneDrive\知识库\智库信息爬虫\国际主要科技智库观点演变_研判\03_证据底稿\文本\C-STEPI-A0201-939.txt,https://www.stepi.re.kr/site/stepiko/report/View.do?reIdx=939,官方PDF已保存并校验
人工智能、数据与数字技术,核心科技直接材料,C-STEPI-A0201-940,2019-12-30,W2,"뉴스페이스(New Space) 시대, 국내우주산업 현황 진단과 정책대응",机构正式研究,C:\Users\WINDOWS\OneDrive\知识库\智库信息爬虫\国际主要科技智库观点演变_研判\03_证据底稿\原文PDF\C-STEPI-A0201-940.pdf,C:\Users\WINDOWS\OneDrive\知识库\智库信息爬虫\国际主要科技智库观点演变_研判\03_证据底稿\文本\C-STEPI-A0201-940.txt,https://www.stepi.re.kr/site/stepiko/report/View.do?reIdx=940,官方PDF已保存并校验
科研体系、研发投入与评价,核心科技直接材料,C-STEPI-A0201-940,2019-12-30,W2,"뉴스페이스(New Space) 시대, 국내우주산업 현황 진단과 정책대응",机构正式研究,C:\Users\WINDOWS\OneDrive\知识库\智库信息爬虫\国际主要科技智库观点演变_研判\03_证据底稿\原文PDF\C-STEPI-A0201-940.pdf,C:\Users\WINDOWS\OneDrive\知识库\智库信息爬虫\国际主要科技智库观点演变_研判\03_证据底稿\文本\C-STEPI-A0201-940.txt,https://www.stepi.re.kr/site/stepiko/report/View.do?reIdx=940,官方PDF已保存并校验
科技人才、大学与知识流动,核心科技直接材料,C-STEPI-A0201-940,2019-12-30,W2,"뉴스페이스(New Space) 시대, 국내우주산업 현황 진단과 정책대응",机构正式研究,C:\Users\WINDOWS\OneDrive\知识库\智库信息爬虫\国际主要科技智库观点演变_研判\03_证据底稿\原文PDF\C-STEPI-A0201-940.pdf,C:\Users\WINDOWS\OneDrive\知识库\智库信息爬虫\国际主要科技智库观点演变_研判\03_证据底稿\文本\C-STEPI-A0201-940.txt,https://www.stepi.re.kr/site/stepiko/report/View.do?reIdx=940,官方PDF已保存并校验
产业创新、创业与区域体系,核心科技直接材料,C-STEPI-A0201-940,2019-12-30,W2,"뉴스페이스(New Space) 시대, 국내우주산업 현황 진단과 정책대응",机构正式研究,C:\Users\WINDOWS\OneDrive\知识库\智库信息爬虫\国际主要科技智库观点演变_研判\03_证据底稿\原文PDF\C-STEPI-A0201-940.pdf,C:\Users\WINDOWS\OneDrive\知识库\智库信息爬虫\国际主要科技智库观点演变_研判\03_证据底稿\文本\C-STEPI-A0201-940.txt,https://www.stepi.re.kr/site/stepiko/report/View.do?reIdx=940,官方PDF已保存并校验
科技前瞻与未来社会,核心科技直接材料,C-STEPI-A0201-940,2019-12-30,W2,"뉴스페이스(New Space) 시대, 국내우주산업 현황 진단과 정책대응",机构正式研究,C:\Users\WINDOWS\OneDrive\知识库\智库信息爬虫\国际主要科技智库观点演变_研判\03_证据底稿\原文PDF\C-STEPI-A0201-940.pdf,C:\Users\WINDOWS\OneDrive\知识库\智库信息爬虫\国际主要科技智库观点演变_研判\03_证据底稿\文本\C-STEPI-A0201-940.txt,https://www.stepi.re.kr/site/stepiko/report/View.do?reIdx=940,官方PDF已保存并校验
中国科技与国际比较,科技创新政策与能力基线,C-STEPI-A0201-941,2019-12-30,W2,식량안보를 위한 과학기술기반 농업혁신 정책구상,机构正式研究,C:\Users\WINDOWS\OneDrive\知识库\智库信息爬虫\国际主要科技智库观点演变_研判\03_证据底稿\原文PDF\C-STEPI-A0201-941.pdf,C:\Users\WINDOWS\OneDrive\知识库\智库信息爬虫\国际主要科技智库观点演变_研判\03_证据底稿\文本\C-STEPI-A0201-941.txt,https://www.stepi.re.kr/site/stepiko/report/View.do?reIdx=941,官方PDF已保存并校验
人工智能、数据与数字技术,科技创新政策与能力基线,C-STEPI-A0201-941,2019-12-30,W2,식량안보를 위한 과학기술기반 농업혁신 정책구상,机构正式研究,C:\Users\WINDOWS\OneDrive\知识库\智库信息爬虫\国际主要科技智库观点演变_研判\03_证据底稿\原文PDF\C-STEPI-A0201-941.pdf,C:\Users\WINDOWS\OneDrive\知识库\智库信息爬虫\国际主要科技智库观点演变_研判\03_证据底稿\文本\C-STEPI-A0201-941.txt,https://www.stepi.re.kr/site/stepiko/report/View.do?reIdx=941,官方PDF已保存并校验
能源、气候与绿色转型,科技创新政策与能力基线,C-STEPI-A0201-941,2019-12-30,W2,식량안보를 위한 과학기술기반 농업혁신 정책구상,机构正式研究,C:\Users\WINDOWS\OneDrive\知识库\智库信息爬虫\国际主要科技智库观点演变_研判\03_证据底稿\原文PDF\C-STEPI-A0201-941.pdf,C:\Users\WINDOWS\OneDrive\知识库\智库信息爬虫\国际主要科技智库观点演变_研判\03_证据底稿\文本\C-STEPI-A0201-941.txt,https://www.stepi.re.kr/site/stepiko/report/View.do?reIdx=941,官方PDF已保存并校验
科研体系、研发投入与评价,科技创新政策与能力基线,C-STEPI-A0201-941,2019-12-30,W2,식량안보를 위한 과학기술기반 농업혁신 정책구상,机构正式研究,C:\Users\WINDOWS\OneDrive\知识库\智库信息爬虫\国际主要科技智库观点演变_研判\03_证据底稿\原文PDF\C-STEPI-A0201-941.pdf,C:\Users\WINDOWS\OneDrive\知识库\智库信息爬虫\国际主要科技智库观点演变_研判\03_证据底稿\文本\C-STEPI-A0201-941.txt,https://www.stepi.re.kr/site/stepiko/report/View.do?reIdx=941,官方PDF已保存并校验
产业创新、创业与区域体系,科技创新政策与能力基线,C-STEPI-A0201-941,2019-12-30,W2,식량안보를 위한 과학기술기반 농업혁신 정책구상,机构正式研究,C:\Users\WINDOWS\OneDrive\知识库\智库信息爬虫\国际主要科技智库观点演变_研判\03_证据底稿\原文PDF\C-STEPI-A0201-941.pdf,C:\Users\WINDOWS\OneDrive\知识库\智库信息爬虫\国际主要科技智库观点演变_研判\03_证据底稿\文本\C-STEPI-A0201-941.txt,https://www.stepi.re.kr/site/stepiko/report/View.do?reIdx=941,官方PDF已保存并校验
技术安全、供应链与国际合作,科技创新政策与能力基线,C-STEPI-A0201-941,2019-12-30,W2,식량안보를 위한 과학기술기반 농업혁신 정책구상,机构正式研究,C:\Users\WINDOWS\OneDrive\知识库\智库信息爬虫\国际主要科技智库观点演变_研判\03_证据底稿\原文PDF\C-STEPI-A0201-941.pdf,C:\Users\WINDOWS\OneDrive\知识库\智库信息爬虫\国际主要科技智库观点演变_研判\03_证据底稿\文本\C-STEPI-A0201-941.txt,https://www.stepi.re.kr/site/stepiko/report/View.do?reIdx=941,官方PDF已保存并校验
中国科技与国际比较,科技创新政策与能力基线,C-STEPI-A0201-942,2019-12-30,W2,글로벌 기술환경 변화에 따른 산업보안 생태계 구축 방안,机构正式研究,C:\Users\WINDOWS\OneDrive\知识库\智库信息爬虫\国际主要科技智库观点演变_研判\03_证据底稿\原文PDF\C-STEPI-A0201-942.pdf,C:\Users\WINDOWS\OneDrive\知识库\智库信息爬虫\国际主要科技智库观点演变_研判\03_证据底稿\文本\C-STEPI-A0201-942.txt,https://www.stepi.re.kr/site/stepiko/report/View.do?reIdx=942,官方PDF已保存并校验
人工智能、数据与数字技术,科技创新政策与能力基线,C-STEPI-A0201-942,2019-12-30,W2,글로벌 기술환경 변화에 따른 산업보안 생태계 구축 방안,机构正式研究,C:\Users\WINDOWS\OneDrive\知识库\智库信息爬虫\国际主要科技智库观点演变_研判\03_证据底稿\原文PDF\C-STEPI-A0201-942.pdf,C:\Users\WINDOWS\OneDrive\知识库\智库信息爬虫\国际主要科技智库观点演变_研判\03_证据底稿\文本\C-STEPI-A0201-942.txt,https://www.stepi.re.kr/site/stepiko/report/View.do?reIdx=942,官方PDF已保存并校验
科研体系、研发投入与评价,科技创新政策与能力基线,C-STEPI-A0201-942,2019-12-30,W2,글로벌 기술환경 변화에 따른 산업보안 생태계 구축 방안,机构正式研究,C:\Users\WINDOWS\OneDrive\知识库\智库信息爬虫\国际主要科技智库观点演变_研判\03_证据底稿\原文PDF\C-STEPI-A0201-942.pdf,C:\Users\WINDOWS\OneDrive\知识库\智库信息爬虫\国际主要科技智库观点演变_研判\03_证据底稿\文本\C-STEPI-A0201-942.txt,https://www.stepi.re.kr/site/stepiko/report/View.do?reIdx=942,官方PDF已保存并校验
科技人才、大学与知识流动,科技创新政策与能力基线,C-STEPI-A0201-942,2019-12-30,W2,글로벌 기술환경 변화에 따른 산업보안 생태계 구축 방안,机构正式研究,C:\Users\WINDOWS\OneDrive\知识库\智库信息爬虫\国际主要科技智库观点演变_研判\03_证据底稿\原文PDF\C-STEPI-A0201-942.pdf,C:\Users\WINDOWS\OneDrive\知识库\智库信息爬虫\国际主要科技智库观点演变_研判\03_证据底稿\文本\C-STEPI-A0201-942.txt,https://www.stepi.re.kr/site/stepiko/report/View.do?reIdx=942,官方PDF已保存并校验
产业创新、创业与区域体系,科技创新政策与能力基线,C-STEPI-A0201-942,2019-12-30,W2,글로벌 기술환경 변화에 따른 산업보안 생태계 구축 방안,机构正式研究,C:\Users\WINDOWS\OneDrive\知识库\智库信息爬虫\国际主要科技智库观点演变_研判\03_证据底稿\原文PDF\C-STEPI-A0201-942.pdf,C:\Users\WINDOWS\OneDrive\知识库\智库信息爬虫\国际主要科技智库观点演变_研判\03_证据底稿\文本\C-STEPI-A0201-942.txt,https://www.stepi.re.kr/site/stepiko/report/View.do?reIdx=942,官方PDF已保存并校验
技术安全、供应链与国际合作,科技创新政策与能力基线,C-STEPI-A0201-942,2019-12-30,W2,글로벌 기술환경 변화에 따른 산업보안 생태계 구축 방안,机构正式研究,C:\Users\WINDOWS\OneDrive\知识库\智库信息爬虫\国际主要科技智库观点演变_研判\03_证据底稿\原文PDF\C-STEPI-A0201-942.pdf,C:\Users\WINDOWS\OneDrive\知识库\智库信息爬虫\国际主要科技智库观点演变_研判\03_证据底稿\文本\C-STEPI-A0201-942.txt,https://www.stepi.re.kr/site/stepiko/report/View.do?reIdx=942,官方PDF已保存并校验
科技前瞻与未来社会,科技创新政策与能力基线,C-STEPI-A0201-942,2019-12-30,W2,글로벌 기술환경 변화에 따른 산업보안 생태계 구축 방안,机构正式研究,C:\Users\WINDOWS\OneDrive\知识库\智库信息爬虫\国际主要科技智库观点演变_研判\03_证据底稿\原文PDF\C-STEPI-A0201-942.pdf,C:\Users\WINDOWS\OneDrive\知识库\智库信息爬虫\国际主要科技智库观点演变_研判\03_证据底稿\文本\C-STEPI-A0201-942.txt,https://www.stepi.re.kr/site/stepiko/report/View.do?reIdx=942,官方PDF已保存并校验
中国科技与国际比较,科技创新政策与能力基线,C-STEPI-A0201-943,2019-12-30,W2,중소기업 기술혁신역량 평가 및 글로벌 정책분석사업(X),机构正式研究,C:\Users\WINDOWS\OneDrive\知识库\智库信息爬虫\国际主要科技智库观点演变_研判\03_证据底稿\原文PDF\C-STEPI-A0201-943.pdf,C:\Users\WINDOWS\OneDrive\知识库\智库信息爬虫\国际主要科技智库观点演变_研判\03_证据底稿\文本\C-STEPI-A0201-943.txt,https://www.stepi.re.kr/site/stepiko/report/View.do?reIdx=943,官方PDF已保存并校验
人工智能、数据与数字技术,科技创新政策与能力基线,C-STEPI-A0201-943,2019-12-30,W2,중소기업 기술혁신역량 평가 및 글로벌 정책분석사업(X),机构正式研究,C:\Users\WINDOWS\OneDrive\知识库\智库信息爬虫\国际主要科技智库观点演变_研判\03_证据底稿\原文PDF\C-STEPI-A0201-943.pdf,C:\Users\WINDOWS\OneDrive\知识库\智库信息爬虫\国际主要科技智库观点演变_研判\03_证据底稿\文本\C-STEPI-A0201-943.txt,https://www.stepi.re.kr/site/stepiko/report/View.do?reIdx=943,官方PDF已保存并校验
科研体系、研发投入与评价,科技创新政策与能力基线,C-STEPI-A0201-943,2019-12-30,W2,중소기업 기술혁신역량 평가 및 글로벌 정책분석사업(X),机构正式研究,C:\Users\WINDOWS\OneDrive\知识库\智库信息爬虫\国际主要科技智库观点演变_研判\03_证据底稿\原文PDF\C-STEPI-A0201-943.pdf,C:\Users\WINDOWS\OneDrive\知识库\智库信息爬虫\国际主要科技智库观点演变_研判\03_证据底稿\文本\C-STEPI-A0201-943.txt,https://www.stepi.re.kr/site/stepiko/report/View.do?reIdx=943,官方PDF已保存并校验
科技人才、大学与知识流动,科技创新政策与能力基线,C-STEPI-A0201-943,2019-12-30,W2,중소기업 기술혁신역량 평가 및 글로벌 정책분석사업(X),机构正式研究,C:\Users\WINDOWS\OneDrive\知识库\智库信息爬虫\国际主要科技智库观点演变_研判\03_证据底稿\原文PDF\C-STEPI-A0201-943.pdf,C:\Users\WINDOWS\OneDrive\知识库\智库信息爬虫\国际主要科技智库观点演变_研判\03_证据底稿\文本\C-STEPI-A0201-943.txt,https://www.stepi.re.kr/site/stepiko/report/View.do?reIdx=943,官方PDF已保存并校验
产业创新、创业与区域体系,科技创新政策与能力基线,C-STEPI-A0201-943,2019-12-30,W2,중소기업 기술혁신역량 평가 및 글로벌 정책분석사업(X),机构正式研究,C:\Users\WINDOWS\OneDrive\知识库\智库信息爬虫\国际主要科技智库观点演变_研判\03_证据底稿\原文PDF\C-STEPI-A0201-943.pdf,C:\Users\WINDOWS\OneDrive\知识库\智库信息爬虫\国际主要科技智库观点演变_研判\03_证据底稿\文本\C-STEPI-A0201-943.txt,https://www.stepi.re.kr/site/stepiko/report/View.do?reIdx=943,官方PDF已保存并校验
科技前瞻与未来社会,科技创新政策与能力基线,C-STEPI-A0201-943,2019-12-30,W2,중소기업 기술혁신역량 평가 및 글로벌 정책분석사업(X),机构正式研究,C:\Users\WINDOWS\OneDrive\知识库\智库信息爬虫\国际主要科技智库观点演变_研判\03_证据底稿\原文PDF\C-STEPI-A0201-943.pdf,C:\Users\WINDOWS\OneDrive\知识库\智库信息爬虫\国际主要科技智库观点演变_研判\03_证据底稿\文本\C-STEPI-A0201-943.txt,https://www.stepi.re.kr/site/stepiko/report/View.do?reIdx=943,官方PDF已保存并校验
人工智能、数据与数字技术,科技创新政策与能力基线,C-STEPI-A0201-944,2019-12-30,W2,혁신창업 및 기업가정신 생태계 모니터링 사업,机构正式研究,C:\Users\WINDOWS\OneDrive\知识库\智库信息爬虫\国际主要科技智库观点演变_研判\03_证据底稿\原文PDF\C-STEPI-A0201-944.pdf,C:\Users\WINDOWS\OneDrive\知识库\智库信息爬虫\国际主要科技智库观点演变_研判\03_证据底稿\文本\C-STEPI-A0201-944.txt,https://www.stepi.re.kr/site/stepiko/report/View.do?reIdx=944,官方PDF已保存并校验
生命科学、生物技术与健康,科技创新政策与能力基线,C-STEPI-A0201-944,2019-12-30,W2,혁신창업 및 기업가정신 생태계 모니터링 사업,机构正式研究,C:\Users\WINDOWS\OneDrive\知识库\智库信息爬虫\国际主要科技智库观点演变_研判\03_证据底稿\原文PDF\C-STEPI-A0201-944.pdf,C:\Users\WINDOWS\OneDrive\知识库\智库信息爬虫\国际主要科技智库观点演变_研判\03_证据底稿\文本\C-STEPI-A0201-944.txt,https://www.stepi.re.kr/site/stepiko/report/View.do?reIdx=944,官方PDF已保存并校验
科研体系、研发投入与评价,科技创新政策与能力基线,C-STEPI-A0201-944,2019-12-30,W2,혁신창업 및 기업가정신 생태계 모니터링 사업,机构正式研究,C:\Users\WINDOWS\OneDrive\知识库\智库信息爬虫\国际主要科技智库观点演变_研判\03_证据底稿\原文PDF\C-STEPI-A0201-944.pdf,C:\Users\WINDOWS\OneDrive\知识库\智库信息爬虫\国际主要科技智库观点演变_研判\03_证据底稿\文本\C-STEPI-A0201-944.txt,https://www.stepi.re.kr/site/stepiko/report/View.do?reIdx=944,官方PDF已保存并校验
科技人才、大学与知识流动,科技创新政策与能力基线,C-STEPI-A0201-944,2019-12-30,W2,혁신창업 및 기업가정신 생태계 모니터링 사업,机构正式研究,C:\Users\WINDOWS\OneDrive\知识库\智库信息爬虫\国际主要科技智库观点演变_研判\03_证据底稿\原文PDF\C-STEPI-A0201-944.pdf,C:\Users\WINDOWS\OneDrive\知识库\智库信息爬虫\国际主要科技智库观点演变_研判\03_证据底稿\文本\C-STEPI-A0201-944.txt,https://www.stepi.re.kr/site/stepiko/report/View.do?reIdx=944,官方PDF已保存并校验
产业创新、创业与区域体系,科技创新政策与能力基线,C-STEPI-A0201-944,2019-12-30,W2,혁신창업 및 기업가정신 생태계 모니터링 사업,机构正式研究,C:\Users\WINDOWS\OneDrive\知识库\智库信息爬虫\国际主要科技智库观点演变_研判\03_证据底稿\原文PDF\C-STEPI-A0201-944.pdf,C:\Users\WINDOWS\OneDrive\知识库\智库信息爬虫\国际主要科技智库观点演变_研判\03_证据底稿\文本\C-STEPI-A0201-944.txt,https://www.stepi.re.kr/site/stepiko/report/View.do?reIdx=944,官方PDF已保存并校验
科技前瞻与未来社会,科技创新政策与能力基线,C-STEPI-A0201-944,2019-12-30,W2,혁신창업 및 기업가정신 생태계 모니터링 사업,机构正式研究,C:\Users\WINDOWS\OneDrive\知识库\智库信息爬虫\国际主要科技智库观点演变_研判\03_证据底稿\原文PDF\C-STEPI-A0201-944.pdf,C:\Users\WINDOWS\OneDrive\知识库\智库信息爬虫\国际主要科技智库观点演变_研判\03_证据底稿\文本\C-STEPI-A0201-944.txt,https://www.stepi.re.kr/site/stepiko/report/View.do?reIdx=944,官方PDF已保存并校验
科技创新政策与研究体系,科技创新政策与能力基线,C-STEPI-A0201-945,2019-12-30,W2,기술규제 개혁을 위한 의제설정 연구사업(3차년도),机构正式研究,,,https://www.stepi.re.kr/site/stepiko/report/View.do?reIdx=945,官方目录无PDF
人工智能、数据与数字技术,科技创新政策与能力基线,C-STEPI-A0201-946,2019-12-30,W2,국가 난제 해결을 위한 과학기술 관점의 경제·사회 시스템 혁신전략 연구,机构正式研究,C:\Users\WINDOWS\OneDrive\知识库\智库信息爬虫\国际主要科技智库观点演变_研判\03_证据底稿\原文PDF\C-STEPI-A0201-946.pdf,C:\Users\WINDOWS\OneDrive\知识库\智库信息爬虫\国际主要科技智库观点演变_研判\03_证据底稿\文本\C-STEPI-A0201-946.txt,https://www.stepi.re.kr/site/stepiko/report/View.do?reIdx=946,官方PDF已保存并校验
生命科学、生物技术与健康,科技创新政策与能力基线,C-STEPI-A0201-946,2019-12-30,W2,국가 난제 해결을 위한 과학기술 관점의 경제·사회 시스템 혁신전략 연구,机构正式研究,C:\Users\WINDOWS\OneDrive\知识库\智库信息爬虫\国际主要科技智库观点演变_研判\03_证据底稿\原文PDF\C-STEPI-A0201-946.pdf,C:\Users\WINDOWS\OneDrive\知识库\智库信息爬虫\国际主要科技智库观点演变_研判\03_证据底稿\文本\C-STEPI-A0201-946.txt,https://www.stepi.re.kr/site/stepiko/report/View.do?reIdx=946,官方PDF已保存并校验
科研体系、研发投入与评价,科技创新政策与能力基线,C-STEPI-A0201-946,2019-12-30,W2,국가 난제 해결을 위한 과학기술 관점의 경제·사회 시스템 혁신전략 연구,机构正式研究,C:\Users\WINDOWS\OneDrive\知识库\智库信息爬虫\国际主要科技智库观点演变_研判\03_证据底稿\原文PDF\C-STEPI-A0201-946.pdf,C:\Users\WINDOWS\OneDrive\知识库\智库信息爬虫\国际主要科技智库观点演变_研判\03_证据底稿\文本\C-STEPI-A0201-946.txt,https://www.stepi.re.kr/site/stepiko/report/View.do?reIdx=946,官方PDF已保存并校验
科技人才、大学与知识流动,科技创新政策与能力基线,C-STEPI-A0201-946,2019-12-30,W2,국가 난제 해결을 위한 과학기술 관점의 경제·사회 시스템 혁신전략 연구,机构正式研究,C:\Users\WINDOWS\OneDrive\知识库\智库信息爬虫\国际主要科技智库观点演变_研判\03_证据底稿\原文PDF\C-STEPI-A0201-946.pdf,C:\Users\WINDOWS\OneDrive\知识库\智库信息爬虫\国际主要科技智库观点演变_研判\03_证据底稿\文本\C-STEPI-A0201-946.txt,https://www.stepi.re.kr/site/stepiko/report/View.do?reIdx=946,官方PDF已保存并校验
产业创新、创业与区域体系,科技创新政策与能力基线,C-STEPI-A0201-946,2019-12-30,W2,국가 난제 해결을 위한 과학기술 관점의 경제·사회 시스템 혁신전략 연구,机构正式研究,C:\Users\WINDOWS\OneDrive\知识库\智库信息爬虫\国际主要科技智库观点演变_研判\03_证据底稿\原文PDF\C-STEPI-A0201-946.pdf,C:\Users\WINDOWS\OneDrive\知识库\智库信息爬虫\国际主要科技智库观点演变_研判\03_证据底稿\文本\C-STEPI-A0201-946.txt,https://www.stepi.re.kr/site/stepiko/report/View.do?reIdx=946,官方PDF已保存并校验
技术安全、供应链与国际合作,科技创新政策与能力基线,C-STEPI-A0201-946,2019-12-30,W2,국가 난제 해결을 위한 과학기술 관점의 경제·사회 시스템 혁신전략 연구,机构正式研究,C:\Users\WINDOWS\OneDrive\知识库\智库信息爬虫\国际主要科技智库观点演变_研判\03_证据底稿\原文PDF\C-STEPI-A0201-946.pdf,C:\Users\WINDOWS\OneDrive\知识库\智库信息爬虫\国际主要科技智库观点演变_研判\03_证据底稿\文本\C-STEPI-A0201-946.txt,https://www.stepi.re.kr/site/stepiko/report/View.do?reIdx=946,官方PDF已保存并校验
科技前瞻与未来社会,科技创新政策与能力基线,C-STEPI-A0201-946,2019-12-30,W2,국가 난제 해결을 위한 과학기술 관점의 경제·사회 시스템 혁신전략 연구,机构正式研究,C:\Users\WINDOWS\OneDrive\知识库\智库信息爬虫\国际主要科技智库观点演变_研判\03_证据底稿\原文PDF\C-STEPI-A0201-946.pdf,C:\Users\WINDOWS\OneDrive\知识库\智库信息爬虫\国际主要科技智库观点演变_研判\03_证据底稿\文本\C-STEPI-A0201-946.txt,https://www.stepi.re.kr/site/stepiko/report/View.do?reIdx=946,官方PDF已保存并校验
产业创新、创业与区域体系,科技创新政策与能力基线,C-STEPI-A0201-959,2020-12-30,W2,스마트생산 열린혁신랩 운영 및 연구사업 (1차년도),机构正式研究,,,https://www.stepi.re.kr/site/stepiko/report/View.do?reIdx=959,官方目录无PDF
产业创新、创业与区域体系,科技创新政策与能力基线,C-STEPI-A0201-960,2020-12-30,W2,국가난제 해결을 위한 과학기술 관점의 경제·사회 시스템 혁신전략 연구(2차년도),机构正式研究,,,https://www.stepi.re.kr/site/stepiko/report/View.do?reIdx=960,官方目录无PDF
科技创新政策与研究体系,科技创新政策与能力基线,C-STEPI-A0201-961,2020-12-30,W2,기술규제 개혁을 위한 의제설정 연구사업(4차년도),机构正式研究,,,https://www.stepi.re.kr/site/stepiko/report/View.do?reIdx=961,官方目录无PDF
中国科技与国际比较,核心科技直接材料,C-STEPI-A0201-962,2020-12-30,W2,"2020년 중국(중화권) 첨단기술 모니터링 및 DB 구축사업: AI, 5G, 블록체인 (9차년도)",机构正式研究,C:\Users\WINDOWS\OneDrive\知识库\智库信息爬虫\国际主要科技智库观点演变_研判\03_证据底稿\原文PDF\C-STEPI-A0201-962.pdf,C:\Users\WINDOWS\OneDrive\知识库\智库信息爬虫\国际主要科技智库观点演变_研判\03_证据底稿\文本\C-STEPI-A0201-962.txt,https://www.stepi.re.kr/site/stepiko/report/View.do?cateCont=A0201&reIdx=962,官方PDF已保存并校验
人工智能、数据与数字技术,核心科技直接材料,C-STEPI-A0201-962,2020-12-30,W2,"2020년 중국(중화권) 첨단기술 모니터링 및 DB 구축사업: AI, 5G, 블록체인 (9차년도)",机构正式研究,C:\Users\WINDOWS\OneDrive\知识库\智库信息爬虫\国际主要科技智库观点演变_研判\03_证据底稿\原文PDF\C-STEPI-A0201-962.pdf,C:\Users\WINDOWS\OneDrive\知识库\智库信息爬虫\国际主要科技智库观点演变_研判\03_证据底稿\文本\C-STEPI-A0201-962.txt,https://www.stepi.re.kr/site/stepiko/report/View.do?cateCont=A0201&reIdx=962,官方PDF已保存并校验
半导体、量子与战略技术,核心科技直接材料,C-STEPI-A0201-962,2020-12-30,W2,"2020년 중국(중화권) 첨단기술 모니터링 및 DB 구축사업: AI, 5G, 블록체인 (9차년도)",机构正式研究,C:\Users\WINDOWS\OneDrive\知识库\智库信息爬虫\国际主要科技智库观点演变_研判\03_证据底稿\原文PDF\C-STEPI-A0201-962.pdf,C:\Users\WINDOWS\OneDrive\知识库\智库信息爬虫\国际主要科技智库观点演变_研判\03_证据底稿\文本\C-STEPI-A0201-962.txt,https://www.stepi.re.kr/site/stepiko/report/View.do?cateCont=A0201&reIdx=962,官方PDF已保存并校验
人工智能、数据与数字技术,科技创新政策与能力基线,C-STEPI-A0201-963,2020-12-30,W2,중소기업 기술혁신역량 평가 및 글로벌 정책분석 사업(Ⅺ),机构正式研究,C:\Users\WINDOWS\OneDrive\知识库\智库信息爬虫\国际主要科技智库观点演变_研判\03_证据底稿\原文PDF\C-STEPI-A0201-963.pdf,C:\Users\WINDOWS\OneDrive\知识库\智库信息爬虫\国际主要科技智库观点演变_研判\03_证据底稿\文本\C-STEPI-A0201-963.txt,https://www.stepi.re.kr/site/stepiko/report/View.do?reIdx=963,官方PDF已保存并校验
生命科学、生物技术与健康,科技创新政策与能力基线,C-STEPI-A0201-963,2020-12-30,W2,중소기업 기술혁신역량 평가 및 글로벌 정책분석 사업(Ⅺ),机构正式研究,C:\Users\WINDOWS\OneDrive\知识库\智库信息爬虫\国际主要科技智库观点演变_研判\03_证据底稿\原文PDF\C-STEPI-A0201-963.pdf,C:\Users\WINDOWS\OneDrive\知识库\智库信息爬虫\国际主要科技智库观点演变_研判\03_证据底稿\文本\C-STEPI-A0201-963.txt,https://www.stepi.re.kr/site/stepiko/report/View.do?reIdx=963,官方PDF已保存并校验
科研体系、研发投入与评价,科技创新政策与能力基线,C-STEPI-A0201-963,2020-12-30,W2,중소기업 기술혁신역량 평가 및 글로벌 정책분석 사업(Ⅺ),机构正式研究,C:\Users\WINDOWS\OneDrive\知识库\智库信息爬虫\国际主要科技智库观点演变_研判\03_证据底稿\原文PDF\C-STEPI-A0201-963.pdf,C:\Users\WINDOWS\OneDrive\知识库\智库信息爬虫\国际主要科技智库观点演变_研判\03_证据底稿\文本\C-STEPI-A0201-963.txt,https://www.stepi.re.kr/site/stepiko/report/View.do?reIdx=963,官方PDF已保存并校验
科技人才、大学与知识流动,科技创新政策与能力基线,C-STEPI-A0201-963,2020-12-30,W2,중소기업 기술혁신역량 평가 및 글로벌 정책분석 사업(Ⅺ),机构正式研究,C:\Users\WINDOWS\OneDrive\知识库\智库信息爬虫\国际主要科技智库观点演变_研判\03_证据底稿\原文PDF\C-STEPI-A0201-963.pdf,C:\Users\WINDOWS\OneDrive\知识库\智库信息爬虫\国际主要科技智库观点演变_研判\03_证据底稿\文本\C-STEPI-A0201-963.txt,https://www.stepi.re.kr/site/stepiko/report/View.do?reIdx=963,官方PDF已保存并校验
产业创新、创业与区域体系,科技创新政策与能力基线,C-STEPI-A0201-963,2020-12-30,W2,중소기업 기술혁신역량 평가 및 글로벌 정책분석 사업(Ⅺ),机构正式研究,C:\Users\WINDOWS\OneDrive\知识库\智库信息爬虫\国际主要科技智库观点演变_研判\03_证据底稿\原文PDF\C-STEPI-A0201-963.pdf,C:\Users\WINDOWS\OneDrive\知识库\智库信息爬虫\国际主要科技智库观点演变_研判\03_证据底稿\文本\C-STEPI-A0201-963.txt,https://www.stepi.re.kr/site/stepiko/report/View.do?reIdx=963,官方PDF已保存并校验
人工智能、数据与数字技术,科技创新政策与能力基线,C-STEPI-A0201-964,2020-12-30,W2,과학기술 기반 미래연구사업 Ⅻ,机构正式研究,C:\Users\WINDOWS\OneDrive\知识库\智库信息爬虫\国际主要科技智库观点演变_研判\03_证据底稿\原文PDF\C-STEPI-A0201-964.pdf,C:\Users\WINDOWS\OneDrive\知识库\智库信息爬虫\国际主要科技智库观点演变_研判\03_证据底稿\文本\C-STEPI-A0201-964.txt,https://www.stepi.re.kr/site/stepiko/report/View.do?reIdx=964,官方PDF已保存并校验
科研体系、研发投入与评价,科技创新政策与能力基线,C-STEPI-A0201-964,2020-12-30,W2,과학기술 기반 미래연구사업 Ⅻ,机构正式研究,C:\Users\WINDOWS\OneDrive\知识库\智库信息爬虫\国际主要科技智库观点演变_研判\03_证据底稿\原文PDF\C-STEPI-A0201-964.pdf,C:\Users\WINDOWS\OneDrive\知识库\智库信息爬虫\国际主要科技智库观点演变_研判\03_证据底稿\文本\C-STEPI-A0201-964.txt,https://www.stepi.re.kr/site/stepiko/report/View.do?reIdx=964,官方PDF已保存并校验
科技人才、大学与知识流动,科技创新政策与能力基线,C-STEPI-A0201-964,2020-12-30,W2,과학기술 기반 미래연구사업 Ⅻ,机构正式研究,C:\Users\WINDOWS\OneDrive\知识库\智库信息爬虫\国际主要科技智库观点演变_研判\03_证据底稿\原文PDF\C-STEPI-A0201-964.pdf,C:\Users\WINDOWS\OneDrive\知识库\智库信息爬虫\国际主要科技智库观点演变_研判\03_证据底稿\文本\C-STEPI-A0201-964.txt,https://www.stepi.re.kr/site/stepiko/report/View.do?reIdx=964,官方PDF已保存并校验
产业创新、创业与区域体系,科技创新政策与能力基线,C-STEPI-A0201-964,2020-12-30,W2,과학기술 기반 미래연구사업 Ⅻ,机构正式研究,C:\Users\WINDOWS\OneDrive\知识库\智库信息爬虫\国际主要科技智库观点演变_研判\03_证据底稿\原文PDF\C-STEPI-A0201-964.pdf,C:\Users\WINDOWS\OneDrive\知识库\智库信息爬虫\国际主要科技智库观点演变_研判\03_证据底稿\文本\C-STEPI-A0201-964.txt,https://www.stepi.re.kr/site/stepiko/report/View.do?reIdx=964,官方PDF已保存并校验
科技前瞻与未来社会,科技创新政策与能力基线,C-STEPI-A0201-964,2020-12-30,W2,과학기술 기반 미래연구사업 Ⅻ,机构正式研究,C:\Users\WINDOWS\OneDrive\知识库\智库信息爬虫\国际主要科技智库观点演变_研判\03_证据底稿\原文PDF\C-STEPI-A0201-964.pdf,C:\Users\WINDOWS\OneDrive\知识库\智库信息爬虫\国际主要科技智库观点演变_研判\03_证据底稿\文本\C-STEPI-A0201-964.txt,https://www.stepi.re.kr/site/stepiko/report/View.do?reIdx=964,官方PDF已保存并校验
人工智能、数据与数字技术,科技创新政策与能力基线,C-STEPI-A0201-965,2020-12-30,W2,한국-비세그라드(헝가리·체코·폴란드·슬로바키아) 과학기술 세부협력 방안 마련 및 의제발굴,机构正式研究,C:\Users\WINDOWS\OneDrive\知识库\智库信息爬虫\国际主要科技智库观点演变_研判\03_证据底稿\原文PDF\C-STEPI-A0201-965.pdf,C:\Users\WINDOWS\OneDrive\知识库\智库信息爬虫\国际主要科技智库观点演变_研判\03_证据底稿\文本\C-STEPI-A0201-965.txt,https://www.stepi.re.kr/site/stepiko/report/View.do?reIdx=965,官方PDF已保存并校验
半导体、量子与战略技术,科技创新政策与能力基线,C-STEPI-A0201-965,2020-12-30,W2,한국-비세그라드(헝가리·체코·폴란드·슬로바키아) 과학기술 세부협력 방안 마련 및 의제발굴,机构正式研究,C:\Users\WINDOWS\OneDrive\知识库\智库信息爬虫\国际主要科技智库观点演变_研判\03_证据底稿\原文PDF\C-STEPI-A0201-965.pdf,C:\Users\WINDOWS\OneDrive\知识库\智库信息爬虫\国际主要科技智库观点演变_研判\03_证据底稿\文本\C-STEPI-A0201-965.txt,https://www.stepi.re.kr/site/stepiko/report/View.do?reIdx=965,官方PDF已保存并校验
能源、气候与绿色转型,科技创新政策与能力基线,C-STEPI-A0201-965,2020-12-30,W2,한국-비세그라드(헝가리·체코·폴란드·슬로바키아) 과학기술 세부협력 방안 마련 및 의제발굴,机构正式研究,C:\Users\WINDOWS\OneDrive\知识库\智库信息爬虫\国际主要科技智库观点演变_研判\03_证据底稿\原文PDF\C-STEPI-A0201-965.pdf,C:\Users\WINDOWS\OneDrive\知识库\智库信息爬虫\国际主要科技智库观点演变_研判\03_证据底稿\文本\C-STEPI-A0201-965.txt,https://www.stepi.re.kr/site/stepiko/report/View.do?reIdx=965,官方PDF已保存并校验
科研体系、研发投入与评价,科技创新政策与能力基线,C-STEPI-A0201-965,2020-12-30,W2,한국-비세그라드(헝가리·체코·폴란드·슬로바키아) 과학기술 세부협력 방안 마련 및 의제발굴,机构正式研究,C:\Users\WINDOWS\OneDrive\知识库\智库信息爬虫\国际主要科技智库观点演变_研判\03_证据底稿\原文PDF\C-STEPI-A0201-965.pdf,C:\Users\WINDOWS\OneDrive\知识库\智库信息爬虫\国际主要科技智库观点演变_研判\03_证据底稿\文本\C-STEPI-A0201-965.txt,https://www.stepi.re.kr/site/stepiko/report/View.do?reIdx=965,官方PDF已保存并校验
科技人才、大学与知识流动,科技创新政策与能力基线,C-STEPI-A0201-965,2020-12-30,W2,한국-비세그라드(헝가리·체코·폴란드·슬로바키아) 과학기술 세부협력 방안 마련 및 의제발굴,机构正式研究,C:\Users\WINDOWS\OneDrive\知识库\智库信息爬虫\国际主要科技智库观点演变_研判\03_证据底稿\原文PDF\C-STEPI-A0201-965.pdf,C:\Users\WINDOWS\OneDrive\知识库\智库信息爬虫\国际主要科技智库观点演变_研判\03_证据底稿\文本\C-STEPI-A0201-965.txt,https://www.stepi.re.kr/site/stepiko/report/View.do?reIdx=965,官方PDF已保存并校验
产业创新、创业与区域体系,科技创新政策与能力基线,C-STEPI-A0201-965,2020-12-30,W2,한국-비세그라드(헝가리·체코·폴란드·슬로바키아) 과학기술 세부협력 방안 마련 및 의제발굴,机构正式研究,C:\Users\WINDOWS\OneDrive\知识库\智库信息爬虫\国际主要科技智库观点演变_研判\03_证据底稿\原文PDF\C-STEPI-A0201-965.pdf,C:\Users\WINDOWS\OneDrive\知识库\智库信息爬虫\国际主要科技智库观点演变_研判\03_证据底稿\文本\C-STEPI-A0201-965.txt,https://www.stepi.re.kr/site/stepiko/report/View.do?reIdx=965,官方PDF已保存并校验
技术安全、供应链与国际合作,科技创新政策与能力基线,C-STEPI-A0201-965,2020-12-30,W2,한국-비세그라드(헝가리·체코·폴란드·슬로바키아) 과학기술 세부협력 방안 마련 및 의제발굴,机构正式研究,C:\Users\WINDOWS\OneDrive\知识库\智库信息爬虫\国际主要科技智库观点演变_研判\03_证据底稿\原文PDF\C-STEPI-A0201-965.pdf,C:\Users\WINDOWS\OneDrive\知识库\智库信息爬虫\国际主要科技智库观点演变_研判\03_证据底稿\文本\C-STEPI-A0201-965.txt,https://www.stepi.re.kr/site/stepiko/report/View.do?reIdx=965,官方PDF已保存并校验
科技前瞻与未来社会,科技创新政策与能力基线,C-STEPI-A0201-965,2020-12-30,W2,한국-비세그라드(헝가리·체코·폴란드·슬로바키아) 과학기술 세부협력 방안 마련 및 의제발굴,机构正式研究,C:\Users\WINDOWS\OneDrive\知识库\智库信息爬虫\国际主要科技智库观点演变_研判\03_证据底稿\原文PDF\C-STEPI-A0201-965.pdf,C:\Users\WINDOWS\OneDrive\知识库\智库信息爬虫\国际主要科技智库观点演变_研判\03_证据底稿\文本\C-STEPI-A0201-965.txt,https://www.stepi.re.kr/site/stepiko/report/View.do?reIdx=965,官方PDF已保存并校验
人工智能、数据与数字技术,科技创新政策与能力基线,C-STEPI-A0201-966,2020-12-30,W2,공공기술 기반 창업 지원제도의 효과성 분석을 통한 입법화 방안 연구,机构正式研究,C:\Users\WINDOWS\OneDrive\知识库\智库信息爬虫\国际主要科技智库观点演变_研判\03_证据底稿\原文PDF\C-STEPI-A0201-966.pdf,C:\Users\WINDOWS\OneDrive\知识库\智库信息爬虫\国际主要科技智库观点演变_研判\03_证据底稿\文本\C-STEPI-A0201-966.txt,https://www.stepi.re.kr/site/stepiko/report/View.do?reIdx=966,官方PDF已保存并校验
半导体、量子与战略技术,科技创新政策与能力基线,C-STEPI-A0201-966,2020-12-30,W2,공공기술 기반 창업 지원제도의 효과성 분석을 통한 입법화 방안 연구,机构正式研究,C:\Users\WINDOWS\OneDrive\知识库\智库信息爬虫\国际主要科技智库观点演变_研判\03_证据底稿\原文PDF\C-STEPI-A0201-966.pdf,C:\Users\WINDOWS\OneDrive\知识库\智库信息爬虫\国际主要科技智库观点演变_研判\03_证据底稿\文本\C-STEPI-A0201-966.txt,https://www.stepi.re.kr/site/stepiko/report/View.do?reIdx=966,官方PDF已保存并校验
科研体系、研发投入与评价,科技创新政策与能力基线,C-STEPI-A0201-966,2020-12-30,W2,공공기술 기반 창업 지원제도의 효과성 분석을 통한 입법화 방안 연구,机构正式研究,C:\Users\WINDOWS\OneDrive\知识库\智库信息爬虫\国际主要科技智库观点演变_研判\03_证据底稿\原文PDF\C-STEPI-A0201-966.pdf,C:\Users\WINDOWS\OneDrive\知识库\智库信息爬虫\国际主要科技智库观点演变_研判\03_证据底稿\文本\C-STEPI-A0201-966.txt,https://www.stepi.re.kr/site/stepiko/report/View.do?reIdx=966,官方PDF已保存并校验
科技人才、大学与知识流动,科技创新政策与能力基线,C-STEPI-A0201-966,2020-12-30,W2,공공기술 기반 창업 지원제도의 효과성 분석을 통한 입법화 방안 연구,机构正式研究,C:\Users\WINDOWS\OneDrive\知识库\智库信息爬虫\国际主要科技智库观点演变_研判\03_证据底稿\原文PDF\C-STEPI-A0201-966.pdf,C:\Users\WINDOWS\OneDrive\知识库\智库信息爬虫\国际主要科技智库观点演变_研判\03_证据底稿\文本\C-STEPI-A0201-966.txt,https://www.stepi.re.kr/site/stepiko/report/View.do?reIdx=966,官方PDF已保存并校验
产业创新、创业与区域体系,科技创新政策与能力基线,C-STEPI-A0201-966,2020-12-30,W2,공공기술 기반 창업 지원제도의 효과성 분석을 통한 입법화 방안 연구,机构正式研究,C:\Users\WINDOWS\OneDrive\知识库\智库信息爬虫\国际主要科技智库观点演变_研判\03_证据底稿\原文PDF\C-STEPI-A0201-966.pdf,C:\Users\WINDOWS\OneDrive\知识库\智库信息爬虫\国际主要科技智库观点演变_研判\03_证据底稿\文本\C-STEPI-A0201-966.txt,https://www.stepi.re.kr/site/stepiko/report/View.do?reIdx=966,官方PDF已保存并校验
中国科技与国际比较,核心科技直接材料,C-STEPI-A0201-967,2020-12-30,W2,혁신 경쟁력 확충을 위한 디지털 뉴딜 전략 연구,机构正式研究,C:\Users\WINDOWS\OneDrive\知识库\智库信息爬虫\国际主要科技智库观点演变_研判\03_证据底稿\原文PDF\C-STEPI-A0201-967.pdf,C:\Users\WINDOWS\OneDrive\知识库\智库信息爬虫\国际主要科技智库观点演变_研判\03_证据底稿\文本\C-STEPI-A0201-967.txt,https://www.stepi.re.kr/site/stepiko/report/View.do?reIdx=967,官方PDF已保存并校验
人工智能、数据与数字技术,核心科技直接材料,C-STEPI-A0201-967,2020-12-30,W2,혁신 경쟁력 확충을 위한 디지털 뉴딜 전략 연구,机构正式研究,C:\Users\WINDOWS\OneDrive\知识库\智库信息爬虫\国际主要科技智库观点演变_研判\03_证据底稿\原文PDF\C-STEPI-A0201-967.pdf,C:\Users\WINDOWS\OneDrive\知识库\智库信息爬虫\国际主要科技智库观点演变_研判\03_证据底稿\文本\C-STEPI-A0201-967.txt,https://www.stepi.re.kr/site/stepiko/report/View.do?reIdx=967,官方PDF已保存并校验
半导体、量子与战略技术,核心科技直接材料,C-STEPI-A0201-967,2020-12-30,W2,혁신 경쟁력 확충을 위한 디지털 뉴딜 전략 연구,机构正式研究,C:\Users\WINDOWS\OneDrive\知识库\智库信息爬虫\国际主要科技智库观点演变_研判\03_证据底稿\原文PDF\C-STEPI-A0201-967.pdf,C:\Users\WINDOWS\OneDrive\知识库\智库信息爬虫\国际主要科技智库观点演变_研判\03_证据底稿\文本\C-STEPI-A0201-967.txt,https://www.stepi.re.kr/site/stepiko/report/View.do?reIdx=967,官方PDF已保存并校验
生命科学、生物技术与健康,核心科技直接材料,C-STEPI-A0201-967,2020-12-30,W2,혁신 경쟁력 확충을 위한 디지털 뉴딜 전략 연구,机构正式研究,C:\Users\WINDOWS\OneDrive\知识库\智库信息爬虫\国际主要科技智库观点演变_研判\03_证据底稿\原文PDF\C-STEPI-A0201-967.pdf,C:\Users\WINDOWS\OneDrive\知识库\智库信息爬虫\国际主要科技智库观点演变_研判\03_证据底稿\文本\C-STEPI-A0201-967.txt,https://www.stepi.re.kr/site/stepiko/report/View.do?reIdx=967,官方PDF已保存并校验
能源、气候与绿色转型,核心科技直接材料,C-STEPI-A0201-967,2020-12-30,W2,혁신 경쟁력 확충을 위한 디지털 뉴딜 전략 연구,机构正式研究,C:\Users\WINDOWS\OneDrive\知识库\智库信息爬虫\国际主要科技智库观点演变_研判\03_证据底稿\原文PDF\C-STEPI-A0201-967.pdf,C:\Users\WINDOWS\OneDrive\知识库\智库信息爬虫\国际主要科技智库观点演变_研判\03_证据底稿\文本\C-STEPI-A0201-967.txt,https://www.stepi.re.kr/site/stepiko/report/View.do?reIdx=967,官方PDF已保存并校验
科研体系、研发投入与评价,核心科技直接材料,C-STEPI-A0201-967,2020-12-30,W2,혁신 경쟁력 확충을 위한 디지털 뉴딜 전략 연구,机构正式研究,C:\Users\WINDOWS\OneDrive\知识库\智库信息爬虫\国际主要科技智库观点演变_研判\03_证据底稿\原文PDF\C-STEPI-A0201-967.pdf,C:\Users\WINDOWS\OneDrive\知识库\智库信息爬虫\国际主要科技智库观点演变_研判\03_证据底稿\文本\C-STEPI-A0201-967.txt,https://www.stepi.re.kr/site/stepiko/report/View.do?reIdx=967,官方PDF已保存并校验
产业创新、创业与区域体系,核心科技直接材料,C-STEPI-A0201-967,2020-12-30,W2,혁신 경쟁력 확충을 위한 디지털 뉴딜 전략 연구,机构正式研究,C:\Users\WINDOWS\OneDrive\知识库\智库信息爬虫\国际主要科技智库观点演变_研判\03_证据底稿\原文PDF\C-STEPI-A0201-967.pdf,C:\Users\WINDOWS\OneDrive\知识库\智库信息爬虫\国际主要科技智库观点演变_研判\03_证据底稿\文本\C-STEPI-A0201-967.txt,https://www.stepi.re.kr/site/stepiko/report/View.do?reIdx=967,官方PDF已保存并校验
技术安全、供应链与国际合作,核心科技直接材料,C-STEPI-A0201-967,2020-12-30,W2,혁신 경쟁력 확충을 위한 디지털 뉴딜 전략 연구,机构正式研究,C:\Users\WINDOWS\OneDrive\知识库\智库信息爬虫\国际主要科技智库观点演变_研判\03_证据底稿\原文PDF\C-STEPI-A0201-967.pdf,C:\Users\WINDOWS\OneDrive\知识库\智库信息爬虫\国际主要科技智库观点演变_研判\03_证据底稿\文本\C-STEPI-A0201-967.txt,https://www.stepi.re.kr/site/stepiko/report/View.do?reIdx=967,官方PDF已保存并校验
科技前瞻与未来社会,核心科技直接材料,C-STEPI-A0201-967,2020-12-30,W2,혁신 경쟁력 확충을 위한 디지털 뉴딜 전략 연구,机构正式研究,C:\Users\WINDOWS\OneDrive\知识库\智库信息爬虫\国际主要科技智库观点演变_研判\03_证据底稿\原文PDF\C-STEPI-A0201-967.pdf,C:\Users\WINDOWS\OneDrive\知识库\智库信息爬虫\国际主要科技智库观点演变_研判\03_证据底稿\文本\C-STEPI-A0201-967.txt,https://www.stepi.re.kr/site/stepiko/report/View.do?reIdx=967,官方PDF已保存并校验
人工智能、数据与数字技术,科技创新政策与能力基线,C-STEPI-A0201-968,2020-12-30,W2,SDGs시대 글로벌 STI 개발협력의 변화 추세 분석,机构正式研究,C:\Users\WINDOWS\OneDrive\知识库\智库信息爬虫\国际主要科技智库观点演变_研判\03_证据底稿\原文PDF\C-STEPI-A0201-968.pdf,C:\Users\WINDOWS\OneDrive\知识库\智库信息爬虫\国际主要科技智库观点演变_研判\03_证据底稿\文本\C-STEPI-A0201-968.txt,https://www.stepi.re.kr/site/stepiko/report/View.do?reIdx=968,官方PDF已保存并校验
生命科学、生物技术与健康,科技创新政策与能力基线,C-STEPI-A0201-968,2020-12-30,W2,SDGs시대 글로벌 STI 개발협력의 변화 추세 분석,机构正式研究,C:\Users\WINDOWS\OneDrive\知识库\智库信息爬虫\国际主要科技智库观点演变_研判\03_证据底稿\原文PDF\C-STEPI-A0201-968.pdf,C:\Users\WINDOWS\OneDrive\知识库\智库信息爬虫\国际主要科技智库观点演变_研判\03_证据底稿\文本\C-STEPI-A0201-968.txt,https://www.stepi.re.kr/site/stepiko/report/View.do?reIdx=968,官方PDF已保存并校验
科研体系、研发投入与评价,科技创新政策与能力基线,C-STEPI-A0201-968,2020-12-30,W2,SDGs시대 글로벌 STI 개발협력의 변화 추세 분석,机构正式研究,C:\Users\WINDOWS\OneDrive\知识库\智库信息爬虫\国际主要科技智库观点演变_研判\03_证据底稿\原文PDF\C-STEPI-A0201-968.pdf,C:\Users\WINDOWS\OneDrive\知识库\智库信息爬虫\国际主要科技智库观点演变_研判\03_证据底稿\文本\C-STEPI-A0201-968.txt,https://www.stepi.re.kr/site/stepiko/report/View.do?reIdx=968,官方PDF已保存并校验
科技人才、大学与知识流动,科技创新政策与能力基线,C-STEPI-A0201-968,2020-12-30,W2,SDGs시대 글로벌 STI 개발협력의 변화 추세 분석,机构正式研究,C:\Users\WINDOWS\OneDrive\知识库\智库信息爬虫\国际主要科技智库观点演变_研判\03_证据底稿\原文PDF\C-STEPI-A0201-968.pdf,C:\Users\WINDOWS\OneDrive\知识库\智库信息爬虫\国际主要科技智库观点演变_研判\03_证据底稿\文本\C-STEPI-A0201-968.txt,https://www.stepi.re.kr/site/stepiko/report/View.do?reIdx=968,官方PDF已保存并校验
产业创新、创业与区域体系,科技创新政策与能力基线,C-STEPI-A0201-968,2020-12-30,W2,SDGs시대 글로벌 STI 개발협력의 변화 추세 분석,机构正式研究,C:\Users\WINDOWS\OneDrive\知识库\智库信息爬虫\国际主要科技智库观点演变_研判\03_证据底稿\原文PDF\C-STEPI-A0201-968.pdf,C:\Users\WINDOWS\OneDrive\知识库\智库信息爬虫\国际主要科技智库观点演变_研判\03_证据底稿\文本\C-STEPI-A0201-968.txt,https://www.stepi.re.kr/site/stepiko/report/View.do?reIdx=968,官方PDF已保存并校验
技术安全、供应链与国际合作,科技创新政策与能力基线,C-STEPI-A0201-968,2020-12-30,W2,SDGs시대 글로벌 STI 개발협력의 변화 추세 분석,机构正式研究,C:\Users\WINDOWS\OneDrive\知识库\智库信息爬虫\国际主要科技智库观点演变_研判\03_证据底稿\原文PDF\C-STEPI-A0201-968.pdf,C:\Users\WINDOWS\OneDrive\知识库\智库信息爬虫\国际主要科技智库观点演变_研判\03_证据底稿\文本\C-STEPI-A0201-968.txt,https://www.stepi.re.kr/site/stepiko/report/View.do?reIdx=968,官方PDF已保存并校验
科技前瞻与未来社会,科技创新政策与能力基线,C-STEPI-A0201-968,2020-12-30,W2,SDGs시대 글로벌 STI 개발협력의 변화 추세 분석,机构正式研究,C:\Users\WINDOWS\OneDrive\知识库\智库信息爬虫\国际主要科技智库观点演变_研判\03_证据底稿\原文PDF\C-STEPI-A0201-968.pdf,C:\Users\WINDOWS\OneDrive\知识库\智库信息爬虫\国际主要科技智库观点演变_研判\03_证据底稿\文本\C-STEPI-A0201-968.txt,https://www.stepi.re.kr/site/stepiko/report/View.do?reIdx=968,官方PDF已保存并校验
中国科技与国际比较,科技创新政策与能力基线,C-STEPI-A0201-969,2020-12-30,W2,글로벌 데카콘 기업의 성장경로 분석 - 미국과 중국 사례를 중심으로 -,机构正式研究,C:\Users\WINDOWS\OneDrive\知识库\智库信息爬虫\国际主要科技智库观点演变_研判\03_证据底稿\原文PDF\C-STEPI-A0201-969.pdf,C:\Users\WINDOWS\OneDrive\知识库\智库信息爬虫\国际主要科技智库观点演变_研判\03_证据底稿\文本\C-STEPI-A0201-969.txt,https://www.stepi.re.kr/site/stepiko/report/View.do?reIdx=969,官方PDF已保存并校验
科研体系、研发投入与评价,科技创新政策与能力基线,C-STEPI-A0201-969,2020-12-30,W2,글로벌 데카콘 기업의 성장경로 분석 - 미국과 중국 사례를 중심으로 -,机构正式研究,C:\Users\WINDOWS\OneDrive\知识库\智库信息爬虫\国际主要科技智库观点演变_研判\03_证据底稿\原文PDF\C-STEPI-A0201-969.pdf,C:\Users\WINDOWS\OneDrive\知识库\智库信息爬虫\国际主要科技智库观点演变_研判\03_证据底稿\文本\C-STEPI-A0201-969.txt,https://www.stepi.re.kr/site/stepiko/report/View.do?reIdx=969,官方PDF已保存并校验
科技人才、大学与知识流动,科技创新政策与能力基线,C-STEPI-A0201-969,2020-12-30,W2,글로벌 데카콘 기업의 성장경로 분석 - 미국과 중국 사례를 중심으로 -,机构正式研究,C:\Users\WINDOWS\OneDrive\知识库\智库信息爬虫\国际主要科技智库观点演变_研判\03_证据底稿\原文PDF\C-STEPI-A0201-969.pdf,C:\Users\WINDOWS\OneDrive\知识库\智库信息爬虫\国际主要科技智库观点演变_研判\03_证据底稿\文本\C-STEPI-A0201-969.txt,https://www.stepi.re.kr/site/stepiko/report/View.do?reIdx=969,官方PDF已保存并校验
产业创新、创业与区域体系,科技创新政策与能力基线,C-STEPI-A0201-969,2020-12-30,W2,글로벌 데카콘 기업의 성장경로 분석 - 미국과 중국 사례를 중심으로 -,机构正式研究,C:\Users\WINDOWS\OneDrive\知识库\智库信息爬虫\国际主要科技智库观点演变_研判\03_证据底稿\原文PDF\C-STEPI-A0201-969.pdf,C:\Users\WINDOWS\OneDrive\知识库\智库信息爬虫\国际主要科技智库观点演变_研判\03_证据底稿\文本\C-STEPI-A0201-969.txt,https://www.stepi.re.kr/site/stepiko/report/View.do?reIdx=969,官方PDF已保存并校验
科技前瞻与未来社会,科技创新政策与能力基线,C-STEPI-A0201-969,2020-12-30,W2,글로벌 데카콘 기업의 성장경로 분석 - 미국과 중국 사례를 중심으로 -,机构正式研究,C:\Users\WINDOWS\OneDrive\知识库\智库信息爬虫\国际主要科技智库观点演变_研判\03_证据底稿\原文PDF\C-STEPI-A0201-969.pdf,C:\Users\WINDOWS\OneDrive\知识库\智库信息爬虫\国际主要科技智库观点演变_研判\03_证据底稿\文本\C-STEPI-A0201-969.txt,https://www.stepi.re.kr/site/stepiko/report/View.do?reIdx=969,官方PDF已保存并校验
科研体系、研发投入与评价,科技创新政策与能力基线,C-STEPI-A0201-970,2020-12-30,W2,포용적 개발협력 시대 우리나라 과학기술혁신 발전 경험이 개발도상국에 가지는 교훈 연구,机构正式研究,C:\Users\WINDOWS\OneDrive\知识库\智库信息爬虫\国际主要科技智库观点演变_研判\03_证据底稿\原文PDF\C-STEPI-A0201-970.pdf,C:\Users\WINDOWS\OneDrive\知识库\智库信息爬虫\国际主要科技智库观点演变_研判\03_证据底稿\文本\C-STEPI-A0201-970.txt,https://www.stepi.re.kr/site/stepiko/report/View.do?reIdx=970,官方PDF已保存并校验
科技人才、大学与知识流动,科技创新政策与能力基线,C-STEPI-A0201-970,2020-12-30,W2,포용적 개발협력 시대 우리나라 과학기술혁신 발전 경험이 개발도상국에 가지는 교훈 연구,机构正式研究,C:\Users\WINDOWS\OneDrive\知识库\智库信息爬虫\国际主要科技智库观点演变_研判\03_证据底稿\原文PDF\C-STEPI-A0201-970.pdf,C:\Users\WINDOWS\OneDrive\知识库\智库信息爬虫\国际主要科技智库观点演变_研判\03_证据底稿\文本\C-STEPI-A0201-970.txt,https://www.stepi.re.kr/site/stepiko/report/View.do?reIdx=970,官方PDF已保存并校验
产业创新、创业与区域体系,科技创新政策与能力基线,C-STEPI-A0201-970,2020-12-30,W2,포용적 개발협력 시대 우리나라 과학기술혁신 발전 경험이 개발도상국에 가지는 교훈 연구,机构正式研究,C:\Users\WINDOWS\OneDrive\知识库\智库信息爬虫\国际主要科技智库观点演变_研判\03_证据底稿\原文PDF\C-STEPI-A0201-970.pdf,C:\Users\WINDOWS\OneDrive\知识库\智库信息爬虫\国际主要科技智库观点演变_研判\03_证据底稿\文本\C-STEPI-A0201-970.txt,https://www.stepi.re.kr/site/stepiko/report/View.do?reIdx=970,官方PDF已保存并校验
科技前瞻与未来社会,科技创新政策与能力基线,C-STEPI-A0201-970,2020-12-30,W2,포용적 개발협력 시대 우리나라 과학기술혁신 발전 경험이 개발도상국에 가지는 교훈 연구,机构正式研究,C:\Users\WINDOWS\OneDrive\知识库\智库信息爬虫\国际主要科技智库观点演变_研判\03_证据底稿\原文PDF\C-STEPI-A0201-970.pdf,C:\Users\WINDOWS\OneDrive\知识库\智库信息爬虫\国际主要科技智库观点演变_研判\03_证据底稿\文本\C-STEPI-A0201-970.txt,https://www.stepi.re.kr/site/stepiko/report/View.do?reIdx=970,官方PDF已保存并校验
科研体系、研发投入与评价,科技创新政策与能力基线,C-STEPI-A0201-971,2020-12-30,W2,4차산업혁명 시대 연구중심대학의 경쟁력 확충 방안,机构正式研究,C:\Users\WINDOWS\OneDrive\知识库\智库信息爬虫\国际主要科技智库观点演变_研判\03_证据底稿\原文PDF\C-STEPI-A0201-971.pdf,C:\Users\WINDOWS\OneDrive\知识库\智库信息爬虫\国际主要科技智库观点演变_研判\03_证据底稿\文本\C-STEPI-A0201-971.txt,https://www.stepi.re.kr/site/stepiko/report/View.do?reIdx=971,官方PDF已保存并校验
科技人才、大学与知识流动,科技创新政策与能力基线,C-STEPI-A0201-971,2020-12-30,W2,4차산업혁명 시대 연구중심대학의 경쟁력 확충 방안,机构正式研究,C:\Users\WINDOWS\OneDrive\知识库\智库信息爬虫\国际主要科技智库观点演变_研判\03_证据底稿\原文PDF\C-STEPI-A0201-971.pdf,C:\Users\WINDOWS\OneDrive\知识库\智库信息爬虫\国际主要科技智库观点演变_研判\03_证据底稿\文本\C-STEPI-A0201-971.txt,https://www.stepi.re.kr/site/stepiko/report/View.do?reIdx=971,官方PDF已保存并校验
产业创新、创业与区域体系,科技创新政策与能力基线,C-STEPI-A0201-971,2020-12-30,W2,4차산업혁명 시대 연구중심대학의 경쟁력 확충 방안,机构正式研究,C:\Users\WINDOWS\OneDrive\知识库\智库信息爬虫\国际主要科技智库观点演变_研判\03_证据底稿\原文PDF\C-STEPI-A0201-971.pdf,C:\Users\WINDOWS\OneDrive\知识库\智库信息爬虫\国际主要科技智库观点演变_研判\03_证据底稿\文本\C-STEPI-A0201-971.txt,https://www.stepi.re.kr/site/stepiko/report/View.do?reIdx=971,官方PDF已保存并校验
技术安全、供应链与国际合作,科技创新政策与能力基线,C-STEPI-A0201-971,2020-12-30,W2,4차산업혁명 시대 연구중심대학의 경쟁력 확충 방안,机构正式研究,C:\Users\WINDOWS\OneDrive\知识库\智库信息爬虫\国际主要科技智库观点演变_研判\03_证据底稿\原文PDF\C-STEPI-A0201-971.pdf,C:\Users\WINDOWS\OneDrive\知识库\智库信息爬虫\国际主要科技智库观点演变_研判\03_证据底稿\文本\C-STEPI-A0201-971.txt,https://www.stepi.re.kr/site/stepiko/report/View.do?reIdx=971,官方PDF已保存并校验
科技前瞻与未来社会,科技创新政策与能力基线,C-STEPI-A0201-971,2020-12-30,W2,4차산업혁명 시대 연구중심대학의 경쟁력 확충 방안,机构正式研究,C:\Users\WINDOWS\OneDrive\知识库\智库信息爬虫\国际主要科技智库观点演变_研判\03_证据底稿\原文PDF\C-STEPI-A0201-971.pdf,C:\Users\WINDOWS\OneDrive\知识库\智库信息爬虫\国际主要科技智库观点演变_研判\03_证据底稿\文本\C-STEPI-A0201-971.txt,https://www.stepi.re.kr/site/stepiko/report/View.do?reIdx=971,官方PDF已保存并校验
人工智能、数据与数字技术,科技创新政策与能力基线,C-STEPI-A0201-972,2020-12-30,W2,사회문제 해결형 R&D사업에의 사회혁신조직 참여 활성화 방안,机构正式研究,C:\Users\WINDOWS\OneDrive\知识库\智库信息爬虫\国际主要科技智库观点演变_研判\03_证据底稿\原文PDF\C-STEPI-A0201-972.pdf,C:\Users\WINDOWS\OneDrive\知识库\智库信息爬虫\国际主要科技智库观点演变_研判\03_证据底稿\文本\C-STEPI-A0201-972.txt,https://www.stepi.re.kr/site/stepiko/report/View.do?reIdx=972,官方PDF已保存并校验
生命科学、生物技术与健康,科技创新政策与能力基线,C-STEPI-A0201-972,2020-12-30,W2,사회문제 해결형 R&D사업에의 사회혁신조직 참여 활성화 방안,机构正式研究,C:\Users\WINDOWS\OneDrive\知识库\智库信息爬虫\国际主要科技智库观点演变_研判\03_证据底稿\原文PDF\C-STEPI-A0201-972.pdf,C:\Users\WINDOWS\OneDrive\知识库\智库信息爬虫\国际主要科技智库观点演变_研判\03_证据底稿\文本\C-STEPI-A0201-972.txt,https://www.stepi.re.kr/site/stepiko/report/View.do?reIdx=972,官方PDF已保存并校验
能源、气候与绿色转型,科技创新政策与能力基线,C-STEPI-A0201-972,2020-12-30,W2,사회문제 해결형 R&D사업에의 사회혁신조직 참여 활성화 방안,机构正式研究,C:\Users\WINDOWS\OneDrive\知识库\智库信息爬虫\国际主要科技智库观点演变_研判\03_证据底稿\原文PDF\C-STEPI-A0201-972.pdf,C:\Users\WINDOWS\OneDrive\知识库\智库信息爬虫\国际主要科技智库观点演变_研判\03_证据底稿\文本\C-STEPI-A0201-972.txt,https://www.stepi.re.kr/site/stepiko/report/View.do?reIdx=972,官方PDF已保存并校验
科研体系、研发投入与评价,科技创新政策与能力基线,C-STEPI-A0201-972,2020-12-30,W2,사회문제 해결형 R&D사업에의 사회혁신조직 참여 활성화 방안,机构正式研究,C:\Users\WINDOWS\OneDrive\知识库\智库信息爬虫\国际主要科技智库观点演变_研判\03_证据底稿\原文PDF\C-STEPI-A0201-972.pdf,C:\Users\WINDOWS\OneDrive\知识库\智库信息爬虫\国际主要科技智库观点演变_研判\03_证据底稿\文本\C-STEPI-A0201-972.txt,https://www.stepi.re.kr/site/stepiko/report/View.do?reIdx=972,官方PDF已保存并校验
科技人才、大学与知识流动,科技创新政策与能力基线,C-STEPI-A0201-972,2020-12-30,W2,사회문제 해결형 R&D사업에의 사회혁신조직 참여 활성화 방안,机构正式研究,C:\Users\WINDOWS\OneDrive\知识库\智库信息爬虫\国际主要科技智库观点演变_研判\03_证据底稿\原文PDF\C-STEPI-A0201-972.pdf,C:\Users\WINDOWS\OneDrive\知识库\智库信息爬虫\国际主要科技智库观点演变_研判\03_证据底稿\文本\C-STEPI-A0201-972.txt,https://www.stepi.re.kr/site/stepiko/report/View.do?reIdx=972,官方PDF已保存并校验
产业创新、创业与区域体系,科技创新政策与能力基线,C-STEPI-A0201-972,2020-12-30,W2,사회문제 해결형 R&D사업에의 사회혁신조직 참여 활성화 방안,机构正式研究,C:\Users\WINDOWS\OneDrive\知识库\智库信息爬虫\国际主要科技智库观点演变_研判\03_证据底稿\原文PDF\C-STEPI-A0201-972.pdf,C:\Users\WINDOWS\OneDrive\知识库\智库信息爬虫\国际主要科技智库观点演变_研判\03_证据底稿\文本\C-STEPI-A0201-972.txt,https://www.stepi.re.kr/site/stepiko/report/View.do?reIdx=972,官方PDF已保存并校验
科技前瞻与未来社会,科技创新政策与能力基线,C-STEPI-A0201-972,2020-12-30,W2,사회문제 해결형 R&D사업에의 사회혁신조직 참여 활성화 방안,机构正式研究,C:\Users\WINDOWS\OneDrive\知识库\智库信息爬虫\国际主要科技智库观点演变_研判\03_证据底稿\原文PDF\C-STEPI-A0201-972.pdf,C:\Users\WINDOWS\OneDrive\知识库\智库信息爬虫\国际主要科技智库观点演变_研判\03_证据底稿\文本\C-STEPI-A0201-972.txt,https://www.stepi.re.kr/site/stepiko/report/View.do?reIdx=972,官方PDF已保存并校验
人工智能、数据与数字技术,核心科技直接材料,C-STEPI-A0201-973,2020-12-30,W2,과학기술 행정 혁신을 위한 인공지능 활용 방안,机构正式研究,C:\Users\WINDOWS\OneDrive\知识库\智库信息爬虫\国际主要科技智库观点演变_研判\03_证据底稿\原文PDF\C-STEPI-A0201-973.pdf,C:\Users\WINDOWS\OneDrive\知识库\智库信息爬虫\国际主要科技智库观点演变_研判\03_证据底稿\文本\C-STEPI-A0201-973.txt,https://www.stepi.re.kr/site/stepiko/report/View.do?reIdx=973,官方PDF已保存并校验
科研体系、研发投入与评价,核心科技直接材料,C-STEPI-A0201-973,2020-12-30,W2,과학기술 행정 혁신을 위한 인공지능 활용 방안,机构正式研究,C:\Users\WINDOWS\OneDrive\知识库\智库信息爬虫\国际主要科技智库观点演变_研判\03_证据底稿\原文PDF\C-STEPI-A0201-973.pdf,C:\Users\WINDOWS\OneDrive\知识库\智库信息爬虫\国际主要科技智库观点演变_研判\03_证据底稿\文本\C-STEPI-A0201-973.txt,https://www.stepi.re.kr/site/stepiko/report/View.do?reIdx=973,官方PDF已保存并校验
科技人才、大学与知识流动,核心科技直接材料,C-STEPI-A0201-973,2020-12-30,W2,과학기술 행정 혁신을 위한 인공지능 활용 방안,机构正式研究,C:\Users\WINDOWS\OneDrive\知识库\智库信息爬虫\国际主要科技智库观点演变_研判\03_证据底稿\原文PDF\C-STEPI-A0201-973.pdf,C:\Users\WINDOWS\OneDrive\知识库\智库信息爬虫\国际主要科技智库观点演变_研判\03_证据底稿\文本\C-STEPI-A0201-973.txt,https://www.stepi.re.kr/site/stepiko/report/View.do?reIdx=973,官方PDF已保存并校验
产业创新、创业与区域体系,核心科技直接材料,C-STEPI-A0201-973,2020-12-30,W2,과학기술 행정 혁신을 위한 인공지능 활용 방안,机构正式研究,C:\Users\WINDOWS\OneDrive\知识库\智库信息爬虫\国际主要科技智库观点演变_研判\03_证据底稿\原文PDF\C-STEPI-A0201-973.pdf,C:\Users\WINDOWS\OneDrive\知识库\智库信息爬虫\国际主要科技智库观点演变_研判\03_证据底稿\文本\C-STEPI-A0201-973.txt,https://www.stepi.re.kr/site/stepiko/report/View.do?reIdx=973,官方PDF已保存并校验
科技前瞻与未来社会,核心科技直接材料,C-STEPI-A0201-973,2020-12-30,W2,과학기술 행정 혁신을 위한 인공지능 활용 방안,机构正式研究,C:\Users\WINDOWS\OneDrive\知识库\智库信息爬虫\国际主要科技智库观点演变_研判\03_证据底稿\原文PDF\C-STEPI-A0201-973.pdf,C:\Users\WINDOWS\OneDrive\知识库\智库信息爬虫\国际主要科技智库观点演变_研判\03_证据底稿\文本\C-STEPI-A0201-973.txt,https://www.stepi.re.kr/site/stepiko/report/View.do?reIdx=973,官方PDF已保存并校验
中国科技与国际比较,科技创新政策与能力基线,C-STEPI-A0201-974,2020-12-30,W2,신한류의 혁신원천 분석: K-뷰티를 중심으로,机构正式研究,C:\Users\WINDOWS\OneDrive\知识库\智库信息爬虫\国际主要科技智库观点演变_研判\03_证据底稿\原文PDF\C-STEPI-A0201-974.pdf,C:\Users\WINDOWS\OneDrive\知识库\智库信息爬虫\国际主要科技智库观点演变_研判\03_证据底稿\文本\C-STEPI-A0201-974.txt,https://www.stepi.re.kr/site/stepiko/report/View.do?reIdx=974,官方PDF已保存并校验
科研体系、研发投入与评价,科技创新政策与能力基线,C-STEPI-A0201-974,2020-12-30,W2,신한류의 혁신원천 분석: K-뷰티를 중심으로,机构正式研究,C:\Users\WINDOWS\OneDrive\知识库\智库信息爬虫\国际主要科技智库观点演变_研判\03_证据底稿\原文PDF\C-STEPI-A0201-974.pdf,C:\Users\WINDOWS\OneDrive\知识库\智库信息爬虫\国际主要科技智库观点演变_研判\03_证据底稿\文本\C-STEPI-A0201-974.txt,https://www.stepi.re.kr/site/stepiko/report/View.do?reIdx=974,官方PDF已保存并校验
科技人才、大学与知识流动,科技创新政策与能力基线,C-STEPI-A0201-974,2020-12-30,W2,신한류의 혁신원천 분석: K-뷰티를 중심으로,机构正式研究,C:\Users\WINDOWS\OneDrive\知识库\智库信息爬虫\国际主要科技智库观点演变_研判\03_证据底稿\原文PDF\C-STEPI-A0201-974.pdf,C:\Users\WINDOWS\OneDrive\知识库\智库信息爬虫\国际主要科技智库观点演变_研判\03_证据底稿\文本\C-STEPI-A0201-974.txt,https://www.stepi.re.kr/site/stepiko/report/View.do?reIdx=974,官方PDF已保存并校验
产业创新、创业与区域体系,科技创新政策与能力基线,C-STEPI-A0201-974,2020-12-30,W2,신한류의 혁신원천 분석: K-뷰티를 중심으로,机构正式研究,C:\Users\WINDOWS\OneDrive\知识库\智库信息爬虫\国际主要科技智库观点演变_研判\03_证据底稿\原文PDF\C-STEPI-A0201-974.pdf,C:\Users\WINDOWS\OneDrive\知识库\智库信息爬虫\国际主要科技智库观点演变_研判\03_证据底稿\文本\C-STEPI-A0201-974.txt,https://www.stepi.re.kr/site/stepiko/report/View.do?reIdx=974,官方PDF已保存并校验
科技前瞻与未来社会,科技创新政策与能力基线,C-STEPI-A0201-974,2020-12-30,W2,신한류의 혁신원천 분석: K-뷰티를 중심으로,机构正式研究,C:\Users\WINDOWS\OneDrive\知识库\智库信息爬虫\国际主要科技智库观点演变_研判\03_证据底稿\原文PDF\C-STEPI-A0201-974.pdf,C:\Users\WINDOWS\OneDrive\知识库\智库信息爬虫\国际主要科技智库观点演变_研判\03_证据底稿\文本\C-STEPI-A0201-974.txt,https://www.stepi.re.kr/site/stepiko/report/View.do?reIdx=974,官方PDF已保存并校验
科研体系、研发投入与评价,科技创新政策与能力基线,C-STEPI-A0201-975,2020-12-30,W2,시스템 중심 혁신정책 평가체계 구축과 활용방안,机构正式研究,C:\Users\WINDOWS\OneDrive\知识库\智库信息爬虫\国际主要科技智库观点演变_研判\03_证据底稿\原文PDF\C-STEPI-A0201-975.pdf,C:\Users\WINDOWS\OneDrive\知识库\智库信息爬虫\国际主要科技智库观点演变_研判\03_证据底稿\文本\C-STEPI-A0201-975.txt,https://www.stepi.re.kr/site/stepiko/report/View.do?reIdx=975,官方PDF已保存并校验
产业创新、创业与区域体系,科技创新政策与能力基线,C-STEPI-A0201-975,2020-12-30,W2,시스템 중심 혁신정책 평가체계 구축과 활용방안,机构正式研究,C:\Users\WINDOWS\OneDrive\知识库\智库信息爬虫\国际主要科技智库观点演变_研判\03_证据底稿\原文PDF\C-STEPI-A0201-975.pdf,C:\Users\WINDOWS\OneDrive\知识库\智库信息爬虫\国际主要科技智库观点演变_研判\03_证据底稿\文本\C-STEPI-A0201-975.txt,https://www.stepi.re.kr/site/stepiko/report/View.do?reIdx=975,官方PDF已保存并校验
科技前瞻与未来社会,科技创新政策与能力基线,C-STEPI-A0201-975,2020-12-30,W2,시스템 중심 혁신정책 평가체계 구축과 활용방안,机构正式研究,C:\Users\WINDOWS\OneDrive\知识库\智库信息爬虫\国际主要科技智库观点演变_研判\03_证据底稿\原文PDF\C-STEPI-A0201-975.pdf,C:\Users\WINDOWS\OneDrive\知识库\智库信息爬虫\国际主要科技智库观点演变_研判\03_证据底稿\文本\C-STEPI-A0201-975.txt,https://www.stepi.re.kr/site/stepiko/report/View.do?reIdx=975,官方PDF已保存并校验
科研体系、研发投入与评价,科技创新政策与能力基线,C-STEPI-A0201-976,2020-12-30,W2,기술사업화 정책 20년의 진단과 새로운 전환,机构正式研究,C:\Users\WINDOWS\OneDrive\知识库\智库信息爬虫\国际主要科技智库观点演变_研判\03_证据底稿\原文PDF\C-STEPI-A0201-976.pdf,C:\Users\WINDOWS\OneDrive\知识库\智库信息爬虫\国际主要科技智库观点演变_研判\03_证据底稿\文本\C-STEPI-A0201-976.txt,https://www.stepi.re.kr/site/stepiko/report/View.do?reIdx=976,官方PDF已保存并校验
科技人才、大学与知识流动,科技创新政策与能力基线,C-STEPI-A0201-976,2020-12-30,W2,기술사업화 정책 20년의 진단과 새로운 전환,机构正式研究,C:\Users\WINDOWS\OneDrive\知识库\智库信息爬虫\国际主要科技智库观点演变_研判\03_证据底稿\原文PDF\C-STEPI-A0201-976.pdf,C:\Users\WINDOWS\OneDrive\知识库\智库信息爬虫\国际主要科技智库观点演变_研判\03_证据底稿\文本\C-STEPI-A0201-976.txt,https://www.stepi.re.kr/site/stepiko/report/View.do?reIdx=976,官方PDF已保存并校验
产业创新、创业与区域体系,科技创新政策与能力基线,C-STEPI-A0201-976,2020-12-30,W2,기술사업화 정책 20년의 진단과 새로운 전환,机构正式研究,C:\Users\WINDOWS\OneDrive\知识库\智库信息爬虫\国际主要科技智库观点演变_研判\03_证据底稿\原文PDF\C-STEPI-A0201-976.pdf,C:\Users\WINDOWS\OneDrive\知识库\智库信息爬虫\国际主要科技智库观点演变_研判\03_证据底稿\文本\C-STEPI-A0201-976.txt,https://www.stepi.re.kr/site/stepiko/report/View.do?reIdx=976,官方PDF已保存并校验
人工智能、数据与数字技术,核心科技直接材料,C-STEPI-A0201-977,2020-12-30,W2,블록체인 기반 연구데이터 플랫폼 구축 방안,机构正式研究,C:\Users\WINDOWS\OneDrive\知识库\智库信息爬虫\国际主要科技智库观点演变_研判\03_证据底稿\原文PDF\C-STEPI-A0201-977.pdf,C:\Users\WINDOWS\OneDrive\知识库\智库信息爬虫\国际主要科技智库观点演变_研判\03_证据底稿\文本\C-STEPI-A0201-977.txt,https://www.stepi.re.kr/site/stepiko/report/View.do?reIdx=977,官方PDF已保存并校验
生命科学、生物技术与健康,核心科技直接材料,C-STEPI-A0201-977,2020-12-30,W2,블록체인 기반 연구데이터 플랫폼 구축 방안,机构正式研究,C:\Users\WINDOWS\OneDrive\知识库\智库信息爬虫\国际主要科技智库观点演变_研判\03_证据底稿\原文PDF\C-STEPI-A0201-977.pdf,C:\Users\WINDOWS\OneDrive\知识库\智库信息爬虫\国际主要科技智库观点演变_研判\03_证据底稿\文本\C-STEPI-A0201-977.txt,https://www.stepi.re.kr/site/stepiko/report/View.do?reIdx=977,官方PDF已保存并校验
科研体系、研发投入与评价,核心科技直接材料,C-STEPI-A0201-977,2020-12-30,W2,블록체인 기반 연구데이터 플랫폼 구축 방안,机构正式研究,C:\Users\WINDOWS\OneDrive\知识库\智库信息爬虫\国际主要科技智库观点演变_研判\03_证据底稿\原文PDF\C-STEPI-A0201-977.pdf,C:\Users\WINDOWS\OneDrive\知识库\智库信息爬虫\国际主要科技智库观点演变_研判\03_证据底稿\文本\C-STEPI-A0201-977.txt,https://www.stepi.re.kr/site/stepiko/report/View.do?reIdx=977,官方PDF已保存并校验
科技人才、大学与知识流动,核心科技直接材料,C-STEPI-A0201-977,2020-12-30,W2,블록체인 기반 연구데이터 플랫폼 구축 방안,机构正式研究,C:\Users\WINDOWS\OneDrive\知识库\智库信息爬虫\国际主要科技智库观点演变_研判\03_证据底稿\原文PDF\C-STEPI-A0201-977.pdf,C:\Users\WINDOWS\OneDrive\知识库\智库信息爬虫\国际主要科技智库观点演变_研判\03_证据底稿\文本\C-STEPI-A0201-977.txt,https://www.stepi.re.kr/site/stepiko/report/View.do?reIdx=977,官方PDF已保存并校验
产业创新、创业与区域体系,核心科技直接材料,C-STEPI-A0201-977,2020-12-30,W2,블록체인 기반 연구데이터 플랫폼 구축 방안,机构正式研究,C:\Users\WINDOWS\OneDrive\知识库\智库信息爬虫\国际主要科技智库观点演变_研判\03_证据底稿\原文PDF\C-STEPI-A0201-977.pdf,C:\Users\WINDOWS\OneDrive\知识库\智库信息爬虫\国际主要科技智库观点演变_研判\03_证据底稿\文本\C-STEPI-A0201-977.txt,https://www.stepi.re.kr/site/stepiko/report/View.do?reIdx=977,官方PDF已保存并校验
科技前瞻与未来社会,核心科技直接材料,C-STEPI-A0201-977,2020-12-30,W2,블록체인 기반 연구데이터 플랫폼 구축 방안,机构正式研究,C:\Users\WINDOWS\OneDrive\知识库\智库信息爬虫\国际主要科技智库观点演变_研判\03_证据底稿\原文PDF\C-STEPI-A0201-977.pdf,C:\Users\WINDOWS\OneDrive\知识库\智库信息爬虫\国际主要科技智库观点演变_研判\03_证据底稿\文本\C-STEPI-A0201-977.txt,https://www.stepi.re.kr/site/stepiko/report/View.do?reIdx=977,官方PDF已保存并校验
人工智能、数据与数字技术,科技创新政策与能力基线,C-STEPI-A0201-978,2020-12-30,W2,기초연구사업 확대의 영향 진단과 정책 방향,机构正式研究,C:\Users\WINDOWS\OneDrive\知识库\智库信息爬虫\国际主要科技智库观点演变_研判\03_证据底稿\原文PDF\C-STEPI-A0201-978.pdf,C:\Users\WINDOWS\OneDrive\知识库\智库信息爬虫\国际主要科技智库观点演变_研判\03_证据底稿\文本\C-STEPI-A0201-978.txt,https://www.stepi.re.kr/site/stepiko/report/View.do?reIdx=978,官方PDF已保存并校验
科研体系、研发投入与评价,科技创新政策与能力基线,C-STEPI-A0201-978,2020-12-30,W2,기초연구사업 확대의 영향 진단과 정책 방향,机构正式研究,C:\Users\WINDOWS\OneDrive\知识库\智库信息爬虫\国际主要科技智库观点演变_研判\03_证据底稿\原文PDF\C-STEPI-A0201-978.pdf,C:\Users\WINDOWS\OneDrive\知识库\智库信息爬虫\国际主要科技智库观点演变_研判\03_证据底稿\文本\C-STEPI-A0201-978.txt,https://www.stepi.re.kr/site/stepiko/report/View.do?reIdx=978,官方PDF已保存并校验
科技人才、大学与知识流动,科技创新政策与能力基线,C-STEPI-A0201-978,2020-12-30,W2,기초연구사업 확대의 영향 진단과 정책 방향,机构正式研究,C:\Users\WINDOWS\OneDrive\知识库\智库信息爬虫\国际主要科技智库观点演变_研判\03_证据底稿\原文PDF\C-STEPI-A0201-978.pdf,C:\Users\WINDOWS\OneDrive\知识库\智库信息爬虫\国际主要科技智库观点演变_研判\03_证据底稿\文本\C-STEPI-A0201-978.txt,https://www.stepi.re.kr/site/stepiko/report/View.do?reIdx=978,官方PDF已保存并校验
产业创新、创业与区域体系,科技创新政策与能力基线,C-STEPI-A0201-978,2020-12-30,W2,기초연구사업 확대의 영향 진단과 정책 방향,机构正式研究,C:\Users\WINDOWS\OneDrive\知识库\智库信息爬虫\国际主要科技智库观点演变_研判\03_证据底稿\原文PDF\C-STEPI-A0201-978.pdf,C:\Users\WINDOWS\OneDrive\知识库\智库信息爬虫\国际主要科技智库观点演变_研判\03_证据底稿\文本\C-STEPI-A0201-978.txt,https://www.stepi.re.kr/site/stepiko/report/View.do?reIdx=978,官方PDF已保存并校验
科技前瞻与未来社会,科技创新政策与能力基线,C-STEPI-A0201-978,2020-12-30,W2,기초연구사업 확대의 영향 진단과 정책 방향,机构正式研究,C:\Users\WINDOWS\OneDrive\知识库\智库信息爬虫\国际主要科技智库观点演变_研判\03_证据底稿\原文PDF\C-STEPI-A0201-978.pdf,C:\Users\WINDOWS\OneDrive\知识库\智库信息爬虫\国际主要科技智库观点演变_研判\03_证据底稿\文本\C-STEPI-A0201-978.txt,https://www.stepi.re.kr/site/stepiko/report/View.do?reIdx=978,官方PDF已保存并校验
人工智能、数据与数字技术,科技创新政策与能力基线,C-STEPI-A0201-979,2020-12-30,W2,과학기술 ODA 융합 프로그램 기획연구,机构正式研究,C:\Users\WINDOWS\OneDrive\知识库\智库信息爬虫\国际主要科技智库观点演变_研判\03_证据底稿\原文PDF\C-STEPI-A0201-979.pdf,C:\Users\WINDOWS\OneDrive\知识库\智库信息爬虫\国际主要科技智库观点演变_研判\03_证据底稿\文本\C-STEPI-A0201-979.txt,https://www.stepi.re.kr/site/stepiko/report/View.do?reIdx=979,官方PDF已保存并校验
能源、气候与绿色转型,科技创新政策与能力基线,C-STEPI-A0201-979,2020-12-30,W2,과학기술 ODA 융합 프로그램 기획연구,机构正式研究,C:\Users\WINDOWS\OneDrive\知识库\智库信息爬虫\国际主要科技智库观点演变_研判\03_证据底稿\原文PDF\C-STEPI-A0201-979.pdf,C:\Users\WINDOWS\OneDrive\知识库\智库信息爬虫\国际主要科技智库观点演变_研判\03_证据底稿\文本\C-STEPI-A0201-979.txt,https://www.stepi.re.kr/site/stepiko/report/View.do?reIdx=979,官方PDF已保存并校验
科研体系、研发投入与评价,科技创新政策与能力基线,C-STEPI-A0201-979,2020-12-30,W2,과학기술 ODA 융합 프로그램 기획연구,机构正式研究,C:\Users\WINDOWS\OneDrive\知识库\智库信息爬虫\国际主要科技智库观点演变_研判\03_证据底稿\原文PDF\C-STEPI-A0201-979.pdf,C:\Users\WINDOWS\OneDrive\知识库\智库信息爬虫\国际主要科技智库观点演变_研判\03_证据底稿\文本\C-STEPI-A0201-979.txt,https://www.stepi.re.kr/site/stepiko/report/View.do?reIdx=979,官方PDF已保存并校验
科技人才、大学与知识流动,科技创新政策与能力基线,C-STEPI-A0201-979,2020-12-30,W2,과학기술 ODA 융합 프로그램 기획연구,机构正式研究,C:\Users\WINDOWS\OneDrive\知识库\智库信息爬虫\国际主要科技智库观点演变_研判\03_证据底稿\原文PDF\C-STEPI-A0201-979.pdf,C:\Users\WINDOWS\OneDrive\知识库\智库信息爬虫\国际主要科技智库观点演变_研判\03_证据底稿\文本\C-STEPI-A0201-979.txt,https://www.stepi.re.kr/site/stepiko/report/View.do?reIdx=979,官方PDF已保存并校验
产业创新、创业与区域体系,科技创新政策与能力基线,C-STEPI-A0201-979,2020-12-30,W2,과학기술 ODA 융합 프로그램 기획연구,机构正式研究,C:\Users\WINDOWS\OneDrive\知识库\智库信息爬虫\国际主要科技智库观点演变_研判\03_证据底稿\原文PDF\C-STEPI-A0201-979.pdf,C:\Users\WINDOWS\OneDrive\知识库\智库信息爬虫\国际主要科技智库观点演变_研判\03_证据底稿\文本\C-STEPI-A0201-979.txt,https://www.stepi.re.kr/site/stepiko/report/View.do?reIdx=979,官方PDF已保存并校验
技术安全、供应链与国际合作,科技创新政策与能力基线,C-STEPI-A0201-979,2020-12-30,W2,과학기술 ODA 융합 프로그램 기획연구,机构正式研究,C:\Users\WINDOWS\OneDrive\知识库\智库信息爬虫\国际主要科技智库观点演变_研判\03_证据底稿\原文PDF\C-STEPI-A0201-979.pdf,C:\Users\WINDOWS\OneDrive\知识库\智库信息爬虫\国际主要科技智库观点演变_研判\03_证据底稿\文本\C-STEPI-A0201-979.txt,https://www.stepi.re.kr/site/stepiko/report/View.do?reIdx=979,官方PDF已保存并校验
科技前瞻与未来社会,科技创新政策与能力基线,C-STEPI-A0201-979,2020-12-30,W2,과학기술 ODA 융합 프로그램 기획연구,机构正式研究,C:\Users\WINDOWS\OneDrive\知识库\智库信息爬虫\国际主要科技智库观点演变_研判\03_证据底稿\原文PDF\C-STEPI-A0201-979.pdf,C:\Users\WINDOWS\OneDrive\知识库\智库信息爬虫\国际主要科技智库观点演变_研判\03_证据底稿\文本\C-STEPI-A0201-979.txt,https://www.stepi.re.kr/site/stepiko/report/View.do?reIdx=979,官方PDF已保存并校验
能源、气候与绿色转型,科技创新政策与能力基线,C-STEPI-A0201-980,2020-12-30,W2,기후변화가 초래하는 글로벌 도전과제에 대한 STI 국제협력프로그램 기획,机构正式研究,,,https://www.stepi.re.kr/site/stepiko/report/View.do?reIdx=980,官方目录无PDF
技术安全、供应链与国际合作,科技创新政策与能力基线,C-STEPI-A0201-980,2020-12-30,W2,기후변화가 초래하는 글로벌 도전과제에 대한 STI 국제협력프로그램 기획,机构正式研究,,,https://www.stepi.re.kr/site/stepiko/report/View.do?reIdx=980,官方目录无PDF
人工智能、数据与数字技术,科技创新政策与能力基线,C-STEPI-A0201-981,2020-12-30,W2,전환시대 지역혁신생태계에서 선도기업의 역할과 기여,机构正式研究,C:\Users\WINDOWS\OneDrive\知识库\智库信息爬虫\国际主要科技智库观点演变_研判\03_证据底稿\原文PDF\C-STEPI-A0201-981.pdf,C:\Users\WINDOWS\OneDrive\知识库\智库信息爬虫\国际主要科技智库观点演变_研判\03_证据底稿\文本\C-STEPI-A0201-981.txt,https://www.stepi.re.kr/site/stepiko/report/View.do?reIdx=981,官方PDF已保存并校验
生命科学、生物技术与健康,科技创新政策与能力基线,C-STEPI-A0201-981,2020-12-30,W2,전환시대 지역혁신생태계에서 선도기업의 역할과 기여,机构正式研究,C:\Users\WINDOWS\OneDrive\知识库\智库信息爬虫\国际主要科技智库观点演变_研判\03_证据底稿\原文PDF\C-STEPI-A0201-981.pdf,C:\Users\WINDOWS\OneDrive\知识库\智库信息爬虫\国际主要科技智库观点演变_研判\03_证据底稿\文本\C-STEPI-A0201-981.txt,https://www.stepi.re.kr/site/stepiko/report/View.do?reIdx=981,官方PDF已保存并校验
科研体系、研发投入与评价,科技创新政策与能力基线,C-STEPI-A0201-981,2020-12-30,W2,전환시대 지역혁신생태계에서 선도기업의 역할과 기여,机构正式研究,C:\Users\WINDOWS\OneDrive\知识库\智库信息爬虫\国际主要科技智库观点演变_研判\03_证据底稿\原文PDF\C-STEPI-A0201-981.pdf,C:\Users\WINDOWS\OneDrive\知识库\智库信息爬虫\国际主要科技智库观点演变_研判\03_证据底稿\文本\C-STEPI-A0201-981.txt,https://www.stepi.re.kr/site/stepiko/report/View.do?reIdx=981,官方PDF已保存并校验
科技人才、大学与知识流动,科技创新政策与能力基线,C-STEPI-A0201-981,2020-12-30,W2,전환시대 지역혁신생태계에서 선도기업의 역할과 기여,机构正式研究,C:\Users\WINDOWS\OneDrive\知识库\智库信息爬虫\国际主要科技智库观点演变_研判\03_证据底稿\原文PDF\C-STEPI-A0201-981.pdf,C:\Users\WINDOWS\OneDrive\知识库\智库信息爬虫\国际主要科技智库观点演变_研判\03_证据底稿\文本\C-STEPI-A0201-981.txt,https://www.stepi.re.kr/site/stepiko/report/View.do?reIdx=981,官方PDF已保存并校验
产业创新、创业与区域体系,科技创新政策与能力基线,C-STEPI-A0201-981,2020-12-30,W2,전환시대 지역혁신생태계에서 선도기업의 역할과 기여,机构正式研究,C:\Users\WINDOWS\OneDrive\知识库\智库信息爬虫\国际主要科技智库观点演变_研判\03_证据底稿\原文PDF\C-STEPI-A0201-981.pdf,C:\Users\WINDOWS\OneDrive\知识库\智库信息爬虫\国际主要科技智库观点演变_研判\03_证据底稿\文本\C-STEPI-A0201-981.txt,https://www.stepi.re.kr/site/stepiko/report/View.do?reIdx=981,官方PDF已保存并校验
科技前瞻与未来社会,科技创新政策与能力基线,C-STEPI-A0201-981,2020-12-30,W2,전환시대 지역혁신생태계에서 선도기업의 역할과 기여,机构正式研究,C:\Users\WINDOWS\OneDrive\知识库\智库信息爬虫\国际主要科技智库观点演变_研判\03_证据底稿\原文PDF\C-STEPI-A0201-981.pdf,C:\Users\WINDOWS\OneDrive\知识库\智库信息爬虫\国际主要科技智库观点演变_研判\03_证据底稿\文本\C-STEPI-A0201-981.txt,https://www.stepi.re.kr/site/stepiko/report/View.do?reIdx=981,官方PDF已保存并校验
中国科技与国际比较,科技创新政策与能力基线,C-STEPI-A0201-982,2020-12-30,W2,글로벌 분업체계 변화에 대응하는 R&D 전략의 전환,机构正式研究,C:\Users\WINDOWS\OneDrive\知识库\智库信息爬虫\国际主要科技智库观点演变_研判\03_证据底稿\原文PDF\C-STEPI-A0201-982.pdf,C:\Users\WINDOWS\OneDrive\知识库\智库信息爬虫\国际主要科技智库观点演变_研判\03_证据底稿\文本\C-STEPI-A0201-982.txt,https://www.stepi.re.kr/site/stepiko/report/View.do?reIdx=982,官方PDF已保存并校验
科研体系、研发投入与评价,科技创新政策与能力基线,C-STEPI-A0201-982,2020-12-30,W2,글로벌 분업체계 변화에 대응하는 R&D 전략의 전환,机构正式研究,C:\Users\WINDOWS\OneDrive\知识库\智库信息爬虫\国际主要科技智库观点演变_研判\03_证据底稿\原文PDF\C-STEPI-A0201-982.pdf,C:\Users\WINDOWS\OneDrive\知识库\智库信息爬虫\国际主要科技智库观点演变_研判\03_证据底稿\文本\C-STEPI-A0201-982.txt,https://www.stepi.re.kr/site/stepiko/report/View.do?reIdx=982,官方PDF已保存并校验
产业创新、创业与区域体系,科技创新政策与能力基线,C-STEPI-A0201-982,2020-12-30,W2,글로벌 분업체계 변화에 대응하는 R&D 전략의 전환,机构正式研究,C:\Users\WINDOWS\OneDrive\知识库\智库信息爬虫\国际主要科技智库观点演变_研判\03_证据底稿\原文PDF\C-STEPI-A0201-982.pdf,C:\Users\WINDOWS\OneDrive\知识库\智库信息爬虫\国际主要科技智库观点演变_研判\03_证据底稿\文本\C-STEPI-A0201-982.txt,https://www.stepi.re.kr/site/stepiko/report/View.do?reIdx=982,官方PDF已保存并校验
科技前瞻与未来社会,科技创新政策与能力基线,C-STEPI-A0201-982,2020-12-30,W2,글로벌 분업체계 변화에 대응하는 R&D 전략의 전환,机构正式研究,C:\Users\WINDOWS\OneDrive\知识库\智库信息爬虫\国际主要科技智库观点演变_研判\03_证据底稿\原文PDF\C-STEPI-A0201-982.pdf,C:\Users\WINDOWS\OneDrive\知识库\智库信息爬虫\国际主要科技智库观点演变_研判\03_证据底稿\文本\C-STEPI-A0201-982.txt,https://www.stepi.re.kr/site/stepiko/report/View.do?reIdx=982,官方PDF已保存并校验
科研体系、研发投入与评价,科技创新政策与能力基线,C-STEPI-A0201-983,2020-12-30,W2,혁신성과 제고를 위한 정부 R&D제도 개선방안,机构正式研究,,,https://www.stepi.re.kr/site/stepiko/report/View.do?reIdx=983,官方目录无PDF
产业创新、创业与区域体系,科技创新政策与能力基线,C-STEPI-A0201-983,2020-12-30,W2,혁신성과 제고를 위한 정부 R&D제도 개선방안,机构正式研究,,,https://www.stepi.re.kr/site/stepiko/report/View.do?reIdx=983,官方目录无PDF
生命科学、生物技术与健康,核心科技直接材料,C-STEPI-A0201-984,2020-12-30,W2,정부 R&D 사업체계 진단 및 정책 대안: 바이오헬스 분야를 중심으로,机构正式研究,C:\Users\WINDOWS\OneDrive\知识库\智库信息爬虫\国际主要科技智库观点演变_研判\03_证据底稿\原文PDF\C-STEPI-A0201-984.pdf,C:\Users\WINDOWS\OneDrive\知识库\智库信息爬虫\国际主要科技智库观点演变_研判\03_证据底稿\文本\C-STEPI-A0201-984.txt,https://www.stepi.re.kr/site/stepiko/report/View.do?reIdx=984,官方PDF已保存并校验
科研体系、研发投入与评价,核心科技直接材料,C-STEPI-A0201-984,2020-12-30,W2,정부 R&D 사업체계 진단 및 정책 대안: 바이오헬스 분야를 중심으로,机构正式研究,C:\Users\WINDOWS\OneDrive\知识库\智库信息爬虫\国际主要科技智库观点演变_研判\03_证据底稿\原文PDF\C-STEPI-A0201-984.pdf,C:\Users\WINDOWS\OneDrive\知识库\智库信息爬虫\国际主要科技智库观点演变_研判\03_证据底稿\文本\C-STEPI-A0201-984.txt,https://www.stepi.re.kr/site/stepiko/report/View.do?reIdx=984,官方PDF已保存并校验
产业创新、创业与区域体系,核心科技直接材料,C-STEPI-A0201-984,2020-12-30,W2,정부 R&D 사업체계 진단 및 정책 대안: 바이오헬스 분야를 중심으로,机构正式研究,C:\Users\WINDOWS\OneDrive\知识库\智库信息爬虫\国际主要科技智库观点演变_研判\03_证据底稿\原文PDF\C-STEPI-A0201-984.pdf,C:\Users\WINDOWS\OneDrive\知识库\智库信息爬虫\国际主要科技智库观点演变_研判\03_证据底稿\文本\C-STEPI-A0201-984.txt,https://www.stepi.re.kr/site/stepiko/report/View.do?reIdx=984,官方PDF已保存并校验
科技前瞻与未来社会,核心科技直接材料,C-STEPI-A0201-984,2020-12-30,W2,정부 R&D 사업체계 진단 및 정책 대안: 바이오헬스 분야를 중심으로,机构正式研究,C:\Users\WINDOWS\OneDrive\知识库\智库信息爬虫\国际主要科技智库观点演变_研判\03_证据底稿\原文PDF\C-STEPI-A0201-984.pdf,C:\Users\WINDOWS\OneDrive\知识库\智库信息爬虫\国际主要科技智库观点演变_研判\03_证据底稿\文本\C-STEPI-A0201-984.txt,https://www.stepi.re.kr/site/stepiko/report/View.do?reIdx=984,官方PDF已保存并校验
人工智能、数据与数字技术,科技创新政策与能力基线,C-STEPI-A0201-985,2020-12-30,W2,전략자원의 글로벌 Tech-Knowledge 패권 경쟁과 한국의 경쟁력 확보,机构正式研究,C:\Users\WINDOWS\OneDrive\知识库\智库信息爬虫\国际主要科技智库观点演变_研判\03_证据底稿\原文PDF\C-STEPI-A0201-985.pdf,C:\Users\WINDOWS\OneDrive\知识库\智库信息爬虫\国际主要科技智库观点演变_研判\03_证据底稿\文本\C-STEPI-A0201-985.txt,https://www.stepi.re.kr/site/stepiko/report/View.do?reIdx=985,官方PDF已保存并校验
能源、气候与绿色转型,科技创新政策与能力基线,C-STEPI-A0201-985,2020-12-30,W2,전략자원의 글로벌 Tech-Knowledge 패권 경쟁과 한국의 경쟁력 확보,机构正式研究,C:\Users\WINDOWS\OneDrive\知识库\智库信息爬虫\国际主要科技智库观点演变_研判\03_证据底稿\原文PDF\C-STEPI-A0201-985.pdf,C:\Users\WINDOWS\OneDrive\知识库\智库信息爬虫\国际主要科技智库观点演变_研判\03_证据底稿\文本\C-STEPI-A0201-985.txt,https://www.stepi.re.kr/site/stepiko/report/View.do?reIdx=985,官方PDF已保存并校验
科研体系、研发投入与评价,科技创新政策与能力基线,C-STEPI-A0201-985,2020-12-30,W2,전략자원의 글로벌 Tech-Knowledge 패권 경쟁과 한국의 경쟁력 확보,机构正式研究,C:\Users\WINDOWS\OneDrive\知识库\智库信息爬虫\国际主要科技智库观点演变_研判\03_证据底稿\原文PDF\C-STEPI-A0201-985.pdf,C:\Users\WINDOWS\OneDrive\知识库\智库信息爬虫\国际主要科技智库观点演变_研判\03_证据底稿\文本\C-STEPI-A0201-985.txt,https://www.stepi.re.kr/site/stepiko/report/View.do?reIdx=985,官方PDF已保存并校验
科技人才、大学与知识流动,科技创新政策与能力基线,C-STEPI-A0201-985,2020-12-30,W2,전략자원의 글로벌 Tech-Knowledge 패권 경쟁과 한국의 경쟁력 확보,机构正式研究,C:\Users\WINDOWS\OneDrive\知识库\智库信息爬虫\国际主要科技智库观点演变_研判\03_证据底稿\原文PDF\C-STEPI-A0201-985.pdf,C:\Users\WINDOWS\OneDrive\知识库\智库信息爬虫\国际主要科技智库观点演变_研判\03_证据底稿\文本\C-STEPI-A0201-985.txt,https://www.stepi.re.kr/site/stepiko/report/View.do?reIdx=985,官方PDF已保存并校验
产业创新、创业与区域体系,科技创新政策与能力基线,C-STEPI-A0201-985,2020-12-30,W2,전략자원의 글로벌 Tech-Knowledge 패권 경쟁과 한국의 경쟁력 확보,机构正式研究,C:\Users\WINDOWS\OneDrive\知识库\智库信息爬虫\国际主要科技智库观点演变_研判\03_证据底稿\原文PDF\C-STEPI-A0201-985.pdf,C:\Users\WINDOWS\OneDrive\知识库\智库信息爬虫\国际主要科技智库观点演变_研判\03_证据底稿\文本\C-STEPI-A0201-985.txt,https://www.stepi.re.kr/site/stepiko/report/View.do?reIdx=985,官方PDF已保存并校验
科技前瞻与未来社会,科技创新政策与能力基线,C-STEPI-A0201-985,2020-12-30,W2,전략자원의 글로벌 Tech-Knowledge 패권 경쟁과 한국의 경쟁력 확보,机构正式研究,C:\Users\WINDOWS\OneDrive\知识库\智库信息爬虫\国际主要科技智库观点演变_研判\03_证据底稿\原文PDF\C-STEPI-A0201-985.pdf,C:\Users\WINDOWS\OneDrive\知识库\智库信息爬虫\国际主要科技智库观点演变_研判\03_证据底稿\文本\C-STEPI-A0201-985.txt,https://www.stepi.re.kr/site/stepiko/report/View.do?reIdx=985,官方PDF已保存并校验
人工智能、数据与数字技术,核心科技直接材料,C-STEPI-A0201-986,2020-12-30,W2,인공지능 기술 활용 강국을 향한 과학기술정책 제고 전략,机构正式研究,C:\Users\WINDOWS\OneDrive\知识库\智库信息爬虫\国际主要科技智库观点演变_研判\03_证据底稿\原文PDF\C-STEPI-A0201-986.pdf,C:\Users\WINDOWS\OneDrive\知识库\智库信息爬虫\国际主要科技智库观点演变_研判\03_证据底稿\文本\C-STEPI-A0201-986.txt,https://www.stepi.re.kr/site/stepiko/report/View.do?reIdx=986,官方PDF已保存并校验
科研体系、研发投入与评价,核心科技直接材料,C-STEPI-A0201-986,2020-12-30,W2,인공지능 기술 활용 강국을 향한 과학기술정책 제고 전략,机构正式研究,C:\Users\WINDOWS\OneDrive\知识库\智库信息爬虫\国际主要科技智库观点演变_研判\03_证据底稿\原文PDF\C-STEPI-A0201-986.pdf,C:\Users\WINDOWS\OneDrive\知识库\智库信息爬虫\国际主要科技智库观点演变_研判\03_证据底稿\文本\C-STEPI-A0201-986.txt,https://www.stepi.re.kr/site/stepiko/report/View.do?reIdx=986,官方PDF已保存并校验
科技人才、大学与知识流动,核心科技直接材料,C-STEPI-A0201-986,2020-12-30,W2,인공지능 기술 활용 강국을 향한 과학기술정책 제고 전략,机构正式研究,C:\Users\WINDOWS\OneDrive\知识库\智库信息爬虫\国际主要科技智库观点演变_研判\03_证据底稿\原文PDF\C-STEPI-A0201-986.pdf,C:\Users\WINDOWS\OneDrive\知识库\智库信息爬虫\国际主要科技智库观点演变_研判\03_证据底稿\文本\C-STEPI-A0201-986.txt,https://www.stepi.re.kr/site/stepiko/report/View.do?reIdx=986,官方PDF已保存并校验
产业创新、创业与区域体系,核心科技直接材料,C-STEPI-A0201-986,2020-12-30,W2,인공지능 기술 활용 강국을 향한 과학기술정책 제고 전략,机构正式研究,C:\Users\WINDOWS\OneDrive\知识库\智库信息爬虫\国际主要科技智库观点演变_研判\03_证据底稿\原文PDF\C-STEPI-A0201-986.pdf,C:\Users\WINDOWS\OneDrive\知识库\智库信息爬虫\国际主要科技智库观点演变_研判\03_证据底稿\文本\C-STEPI-A0201-986.txt,https://www.stepi.re.kr/site/stepiko/report/View.do?reIdx=986,官方PDF已保存并校验
技术安全、供应链与国际合作,核心科技直接材料,C-STEPI-A0201-986,2020-12-30,W2,인공지능 기술 활용 강국을 향한 과학기술정책 제고 전략,机构正式研究,C:\Users\WINDOWS\OneDrive\知识库\智库信息爬虫\国际主要科技智库观点演变_研判\03_证据底稿\原文PDF\C-STEPI-A0201-986.pdf,C:\Users\WINDOWS\OneDrive\知识库\智库信息爬虫\国际主要科技智库观点演变_研判\03_证据底稿\文本\C-STEPI-A0201-986.txt,https://www.stepi.re.kr/site/stepiko/report/View.do?reIdx=986,官方PDF已保存并校验
科技前瞻与未来社会,核心科技直接材料,C-STEPI-A0201-986,2020-12-30,W2,인공지능 기술 활용 강국을 향한 과학기술정책 제고 전략,机构正式研究,C:\Users\WINDOWS\OneDrive\知识库\智库信息爬虫\国际主要科技智库观点演变_研判\03_证据底稿\原文PDF\C-STEPI-A0201-986.pdf,C:\Users\WINDOWS\OneDrive\知识库\智库信息爬虫\国际主要科技智库观点演变_研判\03_证据底稿\文本\C-STEPI-A0201-986.txt,https://www.stepi.re.kr/site/stepiko/report/View.do?reIdx=986,官方PDF已保存并校验
人工智能、数据与数字技术,核心科技直接材料,C-STEPI-A0201-987,2020-12-30,W2,데이터 기반 연구개발 관리 혁신 방안,机构正式研究,C:\Users\WINDOWS\OneDrive\知识库\智库信息爬虫\国际主要科技智库观点演变_研判\03_证据底稿\原文PDF\C-STEPI-A0201-987.pdf,C:\Users\WINDOWS\OneDrive\知识库\智库信息爬虫\国际主要科技智库观点演变_研判\03_证据底稿\文本\C-STEPI-A0201-987.txt,https://www.stepi.re.kr/site/stepiko/report/View.do?reIdx=987,官方PDF已保存并校验
半导体、量子与战略技术,核心科技直接材料,C-STEPI-A0201-987,2020-12-30,W2,데이터 기반 연구개발 관리 혁신 방안,机构正式研究,C:\Users\WINDOWS\OneDrive\知识库\智库信息爬虫\国际主要科技智库观点演变_研判\03_证据底稿\原文PDF\C-STEPI-A0201-987.pdf,C:\Users\WINDOWS\OneDrive\知识库\智库信息爬虫\国际主要科技智库观点演变_研判\03_证据底稿\文本\C-STEPI-A0201-987.txt,https://www.stepi.re.kr/site/stepiko/report/View.do?reIdx=987,官方PDF已保存并校验
科研体系、研发投入与评价,核心科技直接材料,C-STEPI-A0201-987,2020-12-30,W2,데이터 기반 연구개발 관리 혁신 방안,机构正式研究,C:\Users\WINDOWS\OneDrive\知识库\智库信息爬虫\国际主要科技智库观点演变_研判\03_证据底稿\原文PDF\C-STEPI-A0201-987.pdf,C:\Users\WINDOWS\OneDrive\知识库\智库信息爬虫\国际主要科技智库观点演变_研判\03_证据底稿\文本\C-STEPI-A0201-987.txt,https://www.stepi.re.kr/site/stepiko/report/View.do?reIdx=987,官方PDF已保存并校验
科技人才、大学与知识流动,核心科技直接材料,C-STEPI-A0201-987,2020-12-30,W2,데이터 기반 연구개발 관리 혁신 방안,机构正式研究,C:\Users\WINDOWS\OneDrive\知识库\智库信息爬虫\国际主要科技智库观点演变_研判\03_证据底稿\原文PDF\C-STEPI-A0201-987.pdf,C:\Users\WINDOWS\OneDrive\知识库\智库信息爬虫\国际主要科技智库观点演变_研判\03_证据底稿\文本\C-STEPI-A0201-987.txt,https://www.stepi.re.kr/site/stepiko/report/View.do?reIdx=987,官方PDF已保存并校验
产业创新、创业与区域体系,核心科技直接材料,C-STEPI-A0201-987,2020-12-30,W2,데이터 기반 연구개발 관리 혁신 방안,机构正式研究,C:\Users\WINDOWS\OneDrive\知识库\智库信息爬虫\国际主要科技智库观点演变_研判\03_证据底稿\原文PDF\C-STEPI-A0201-987.pdf,C:\Users\WINDOWS\OneDrive\知识库\智库信息爬虫\国际主要科技智库观点演变_研判\03_证据底稿\文本\C-STEPI-A0201-987.txt,https://www.stepi.re.kr/site/stepiko/report/View.do?reIdx=987,官方PDF已保存并校验
科技前瞻与未来社会,核心科技直接材料,C-STEPI-A0201-987,2020-12-30,W2,데이터 기반 연구개발 관리 혁신 방안,机构正式研究,C:\Users\WINDOWS\OneDrive\知识库\智库信息爬虫\国际主要科技智库观点演变_研判\03_证据底稿\原文PDF\C-STEPI-A0201-987.pdf,C:\Users\WINDOWS\OneDrive\知识库\智库信息爬虫\国际主要科技智库观点演变_研判\03_证据底稿\文本\C-STEPI-A0201-987.txt,https://www.stepi.re.kr/site/stepiko/report/View.do?reIdx=987,官方PDF已保存并校验
人工智能、数据与数字技术,科技创新政策与能力基线,C-STEPI-A0201-989,2021-02-28,W2,한국의 기업 지형 분석과 중소기업 혁신정책 기획 연구,机构正式研究,C:\Users\WINDOWS\OneDrive\知识库\智库信息爬虫\国际主要科技智库观点演变_研判\03_证据底稿\原文PDF\C-STEPI-A0201-989.pdf,C:\Users\WINDOWS\OneDrive\知识库\智库信息爬虫\国际主要科技智库观点演变_研判\03_证据底稿\文本\C-STEPI-A0201-989.txt,https://www.stepi.re.kr/site/stepiko/report/View.do?reIdx=989,官方PDF已保存并校验
科研体系、研发投入与评价,科技创新政策与能力基线,C-STEPI-A0201-989,2021-02-28,W2,한국의 기업 지형 분석과 중소기업 혁신정책 기획 연구,机构正式研究,C:\Users\WINDOWS\OneDrive\知识库\智库信息爬虫\国际主要科技智库观点演变_研判\03_证据底稿\原文PDF\C-STEPI-A0201-989.pdf,C:\Users\WINDOWS\OneDrive\知识库\智库信息爬虫\国际主要科技智库观点演变_研判\03_证据底稿\文本\C-STEPI-A0201-989.txt,https://www.stepi.re.kr/site/stepiko/report/View.do?reIdx=989,官方PDF已保存并校验
产业创新、创业与区域体系,科技创新政策与能力基线,C-STEPI-A0201-989,2021-02-28,W2,한국의 기업 지형 분석과 중소기업 혁신정책 기획 연구,机构正式研究,C:\Users\WINDOWS\OneDrive\知识库\智库信息爬虫\国际主要科技智库观点演变_研判\03_证据底稿\原文PDF\C-STEPI-A0201-989.pdf,C:\Users\WINDOWS\OneDrive\知识库\智库信息爬虫\国际主要科技智库观点演变_研判\03_证据底稿\文本\C-STEPI-A0201-989.txt,https://www.stepi.re.kr/site/stepiko/report/View.do?reIdx=989,官方PDF已保存并校验
中国科技与国际比较,科技创新政策与能力基线,C-STEPI-A0201-990,2021-12-30,W2,변혁적 환경 대응을 위한 정부 R&D 역할과 시스템 혁신 전략  - 과학기술혁신정책 거버넌스 체계 중심으로-,机构正式研究,C:\Users\WINDOWS\OneDrive\知识库\智库信息爬虫\国际主要科技智库观点演变_研判\03_证据底稿\原文PDF\C-STEPI-A0201-990.pdf,C:\Users\WINDOWS\OneDrive\知识库\智库信息爬虫\国际主要科技智库观点演变_研判\03_证据底稿\文本\C-STEPI-A0201-990.txt,https://www.stepi.re.kr/site/stepiko/report/View.do?reIdx=990,官方PDF已保存并校验
人工智能、数据与数字技术,科技创新政策与能力基线,C-STEPI-A0201-990,2021-12-30,W2,변혁적 환경 대응을 위한 정부 R&D 역할과 시스템 혁신 전략  - 과학기술혁신정책 거버넌스 체계 중심으로-,机构正式研究,C:\Users\WINDOWS\OneDrive\知识库\智库信息爬虫\国际主要科技智库观点演变_研判\03_证据底稿\原文PDF\C-STEPI-A0201-990.pdf,C:\Users\WINDOWS\OneDrive\知识库\智库信息爬虫\国际主要科技智库观点演变_研判\03_证据底稿\文本\C-STEPI-A0201-990.txt,https://www.stepi.re.kr/site/stepiko/report/View.do?reIdx=990,官方PDF已保存并校验
半导体、量子与战略技术,科技创新政策与能力基线,C-STEPI-A0201-990,2021-12-30,W2,변혁적 환경 대응을 위한 정부 R&D 역할과 시스템 혁신 전략  - 과학기술혁신정책 거버넌스 체계 중심으로-,机构正式研究,C:\Users\WINDOWS\OneDrive\知识库\智库信息爬虫\国际主要科技智库观点演变_研判\03_证据底稿\原文PDF\C-STEPI-A0201-990.pdf,C:\Users\WINDOWS\OneDrive\知识库\智库信息爬虫\国际主要科技智库观点演变_研判\03_证据底稿\文本\C-STEPI-A0201-990.txt,https://www.stepi.re.kr/site/stepiko/report/View.do?reIdx=990,官方PDF已保存并校验
生命科学、生物技术与健康,科技创新政策与能力基线,C-STEPI-A0201-990,2021-12-30,W2,변혁적 환경 대응을 위한 정부 R&D 역할과 시스템 혁신 전략  - 과학기술혁신정책 거버넌스 체계 중심으로-,机构正式研究,C:\Users\WINDOWS\OneDrive\知识库\智库信息爬虫\国际主要科技智库观点演变_研判\03_证据底稿\原文PDF\C-STEPI-A0201-990.pdf,C:\Users\WINDOWS\OneDrive\知识库\智库信息爬虫\国际主要科技智库观点演变_研判\03_证据底稿\文本\C-STEPI-A0201-990.txt,https://www.stepi.re.kr/site/stepiko/report/View.do?reIdx=990,官方PDF已保存并校验
能源、气候与绿色转型,科技创新政策与能力基线,C-STEPI-A0201-990,2021-12-30,W2,변혁적 환경 대응을 위한 정부 R&D 역할과 시스템 혁신 전략  - 과학기술혁신정책 거버넌스 체계 중심으로-,机构正式研究,C:\Users\WINDOWS\OneDrive\知识库\智库信息爬虫\国际主要科技智库观点演变_研判\03_证据底稿\原文PDF\C-STEPI-A0201-990.pdf,C:\Users\WINDOWS\OneDrive\知识库\智库信息爬虫\国际主要科技智库观点演变_研判\03_证据底稿\文本\C-STEPI-A0201-990.txt,https://www.stepi.re.kr/site/stepiko/report/View.do?reIdx=990,官方PDF已保存并校验
科研体系、研发投入与评价,科技创新政策与能力基线,C-STEPI-A0201-990,2021-12-30,W2,변혁적 환경 대응을 위한 정부 R&D 역할과 시스템 혁신 전략  - 과학기술혁신정책 거버넌스 체계 중심으로-,机构正式研究,C:\Users\WINDOWS\OneDrive\知识库\智库信息爬虫\国际主要科技智库观点演变_研判\03_证据底稿\原文PDF\C-STEPI-A0201-990.pdf,C:\Users\WINDOWS\OneDrive\知识库\智库信息爬虫\国际主要科技智库观点演变_研判\03_证据底稿\文本\C-STEPI-A0201-990.txt,https://www.stepi.re.kr/site/stepiko/report/View.do?reIdx=990,官方PDF已保存并校验
科技人才、大学与知识流动,科技创新政策与能力基线,C-STEPI-A0201-990,2021-12-30,W2,변혁적 환경 대응을 위한 정부 R&D 역할과 시스템 혁신 전략  - 과학기술혁신정책 거버넌스 체계 중심으로-,机构正式研究,C:\Users\WINDOWS\OneDrive\知识库\智库信息爬虫\国际主要科技智库观点演变_研判\03_证据底稿\原文PDF\C-STEPI-A0201-990.pdf,C:\Users\WINDOWS\OneDrive\知识库\智库信息爬虫\国际主要科技智库观点演变_研判\03_证据底稿\文本\C-STEPI-A0201-990.txt,https://www.stepi.re.kr/site/stepiko/report/View.do?reIdx=990,官方PDF已保存并校验
产业创新、创业与区域体系,科技创新政策与能力基线,C-STEPI-A0201-990,2021-12-30,W2,변혁적 환경 대응을 위한 정부 R&D 역할과 시스템 혁신 전략  - 과학기술혁신정책 거버넌스 체계 중심으로-,机构正式研究,C:\Users\WINDOWS\OneDrive\知识库\智库信息爬虫\国际主要科技智库观点演变_研判\03_证据底稿\原文PDF\C-STEPI-A0201-990.pdf,C:\Users\WINDOWS\OneDrive\知识库\智库信息爬虫\国际主要科技智库观点演变_研判\03_证据底稿\文本\C-STEPI-A0201-990.txt,https://www.stepi.re.kr/site/stepiko/report/View.do?reIdx=990,官方PDF已保存并校验
科技前瞻与未来社会,科技创新政策与能力基线,C-STEPI-A0201-990,2021-12-30,W2,변혁적 환경 대응을 위한 정부 R&D 역할과 시스템 혁신 전략  - 과학기술혁신정책 거버넌스 체계 중심으로-,机构正式研究,C:\Users\WINDOWS\OneDrive\知识库\智库信息爬虫\国际主要科技智库观点演变_研判\03_证据底稿\原文PDF\C-STEPI-A0201-990.pdf,C:\Users\WINDOWS\OneDrive\知识库\智库信息爬虫\国际主要科技智库观点演变_研判\03_证据底稿\文本\C-STEPI-A0201-990.txt,https://www.stepi.re.kr/site/stepiko/report/View.do?reIdx=990,官方PDF已保存并校验
人工智能、数据与数字技术,科技创新政策与能力基线,C-STEPI-A0201-991,2021-12-30,W2,좋은 위기(Good Crisis)를 활용한 한국의 성장공식 혁신 전략,机构正式研究,C:\Users\WINDOWS\OneDrive\知识库\智库信息爬虫\国际主要科技智库观点演变_研判\03_证据底稿\原文PDF\C-STEPI-A0201-991.pdf,C:\Users\WINDOWS\OneDrive\知识库\智库信息爬虫\国际主要科技智库观点演变_研判\03_证据底稿\文本\C-STEPI-A0201-991.txt,https://www.stepi.re.kr/site/stepiko/report/View.do?reIdx=991,官方PDF已保存并校验
半导体、量子与战略技术,科技创新政策与能力基线,C-STEPI-A0201-991,2021-12-30,W2,좋은 위기(Good Crisis)를 활용한 한국의 성장공식 혁신 전략,机构正式研究,C:\Users\WINDOWS\OneDrive\知识库\智库信息爬虫\国际主要科技智库观点演变_研判\03_证据底稿\原文PDF\C-STEPI-A0201-991.pdf,C:\Users\WINDOWS\OneDrive\知识库\智库信息爬虫\国际主要科技智库观点演变_研判\03_证据底稿\文本\C-STEPI-A0201-991.txt,https://www.stepi.re.kr/site/stepiko/report/View.do?reIdx=991,官方PDF已保存并校验
生命科学、生物技术与健康,科技创新政策与能力基线,C-STEPI-A0201-991,2021-12-30,W2,좋은 위기(Good Crisis)를 활용한 한국의 성장공식 혁신 전략,机构正式研究,C:\Users\WINDOWS\OneDrive\知识库\智库信息爬虫\国际主要科技智库观点演变_研判\03_证据底稿\原文PDF\C-STEPI-A0201-991.pdf,C:\Users\WINDOWS\OneDrive\知识库\智库信息爬虫\国际主要科技智库观点演变_研判\03_证据底稿\文本\C-STEPI-A0201-991.txt,https://www.stepi.re.kr/site/stepiko/report/View.do?reIdx=991,官方PDF已保存并校验
能源、气候与绿色转型,科技创新政策与能力基线,C-STEPI-A0201-991,2021-12-30,W2,좋은 위기(Good Crisis)를 활용한 한국의 성장공식 혁신 전략,机构正式研究,C:\Users\WINDOWS\OneDrive\知识库\智库信息爬虫\国际主要科技智库观点演变_研判\03_证据底稿\原文PDF\C-STEPI-A0201-991.pdf,C:\Users\WINDOWS\OneDrive\知识库\智库信息爬虫\国际主要科技智库观点演变_研判\03_证据底稿\文本\C-STEPI-A0201-991.txt,https://www.stepi.re.kr/site/stepiko/report/View.do?reIdx=991,官方PDF已保存并校验
科研体系、研发投入与评价,科技创新政策与能力基线,C-STEPI-A0201-991,2021-12-30,W2,좋은 위기(Good Crisis)를 활용한 한국의 성장공식 혁신 전략,机构正式研究,C:\Users\WINDOWS\OneDrive\知识库\智库信息爬虫\国际主要科技智库观点演变_研判\03_证据底稿\原文PDF\C-STEPI-A0201-991.pdf,C:\Users\WINDOWS\OneDrive\知识库\智库信息爬虫\国际主要科技智库观点演变_研判\03_证据底稿\文本\C-STEPI-A0201-991.txt,https://www.stepi.re.kr/site/stepiko/report/View.do?reIdx=991,官方PDF已保存并校验
科技人才、大学与知识流动,科技创新政策与能力基线,C-STEPI-A0201-991,2021-12-30,W2,좋은 위기(Good Crisis)를 활용한 한국의 성장공식 혁신 전략,机构正式研究,C:\Users\WINDOWS\OneDrive\知识库\智库信息爬虫\国际主要科技智库观点演变_研判\03_证据底稿\原文PDF\C-STEPI-A0201-991.pdf,C:\Users\WINDOWS\OneDrive\知识库\智库信息爬虫\国际主要科技智库观点演变_研判\03_证据底稿\文本\C-STEPI-A0201-991.txt,https://www.stepi.re.kr/site/stepiko/report/View.do?reIdx=991,官方PDF已保存并校验
产业创新、创业与区域体系,科技创新政策与能力基线,C-STEPI-A0201-991,2021-12-30,W2,좋은 위기(Good Crisis)를 활용한 한국의 성장공식 혁신 전략,机构正式研究,C:\Users\WINDOWS\OneDrive\知识库\智库信息爬虫\国际主要科技智库观点演变_研判\03_证据底稿\原文PDF\C-STEPI-A0201-991.pdf,C:\Users\WINDOWS\OneDrive\知识库\智库信息爬虫\国际主要科技智库观点演变_研判\03_证据底稿\文本\C-STEPI-A0201-991.txt,https://www.stepi.re.kr/site/stepiko/report/View.do?reIdx=991,官方PDF已保存并校验
科技前瞻与未来社会,科技创新政策与能力基线,C-STEPI-A0201-991,2021-12-30,W2,좋은 위기(Good Crisis)를 활용한 한국의 성장공식 혁신 전략,机构正式研究,C:\Users\WINDOWS\OneDrive\知识库\智库信息爬虫\国际主要科技智库观点演变_研判\03_证据底稿\原文PDF\C-STEPI-A0201-991.pdf,C:\Users\WINDOWS\OneDrive\知识库\智库信息爬虫\国际主要科技智库观点演变_研判\03_证据底稿\文本\C-STEPI-A0201-991.txt,https://www.stepi.re.kr/site/stepiko/report/View.do?reIdx=991,官方PDF已保存并校验
中国科技与国际比较,科技创新政策与能力基线,C-STEPI-A0201-992,2021-12-30,W2,STI for SDGs 역량분석 및 글로벌 협력 전략 - 국가연구개발사업 분석 중심으로 -,机构正式研究,C:\Users\WINDOWS\OneDrive\知识库\智库信息爬虫\国际主要科技智库观点演变_研判\03_证据底稿\原文PDF\C-STEPI-A0201-992.pdf,C:\Users\WINDOWS\OneDrive\知识库\智库信息爬虫\国际主要科技智库观点演变_研判\03_证据底稿\文本\C-STEPI-A0201-992.txt,https://www.stepi.re.kr/site/stepiko/report/View.do?reIdx=992,官方PDF已保存并校验
生命科学、生物技术与健康,科技创新政策与能力基线,C-STEPI-A0201-992,2021-12-30,W2,STI for SDGs 역량분석 및 글로벌 협력 전략 - 국가연구개발사업 분석 중심으로 -,机构正式研究,C:\Users\WINDOWS\OneDrive\知识库\智库信息爬虫\国际主要科技智库观点演变_研判\03_证据底稿\原文PDF\C-STEPI-A0201-992.pdf,C:\Users\WINDOWS\OneDrive\知识库\智库信息爬虫\国际主要科技智库观点演变_研判\03_证据底稿\文本\C-STEPI-A0201-992.txt,https://www.stepi.re.kr/site/stepiko/report/View.do?reIdx=992,官方PDF已保存并校验
能源、气候与绿色转型,科技创新政策与能力基线,C-STEPI-A0201-992,2021-12-30,W2,STI for SDGs 역량분석 및 글로벌 협력 전략 - 국가연구개발사업 분석 중심으로 -,机构正式研究,C:\Users\WINDOWS\OneDrive\知识库\智库信息爬虫\国际主要科技智库观点演变_研判\03_证据底稿\原文PDF\C-STEPI-A0201-992.pdf,C:\Users\WINDOWS\OneDrive\知识库\智库信息爬虫\国际主要科技智库观点演变_研判\03_证据底稿\文本\C-STEPI-A0201-992.txt,https://www.stepi.re.kr/site/stepiko/report/View.do?reIdx=992,官方PDF已保存并校验
科研体系、研发投入与评价,科技创新政策与能力基线,C-STEPI-A0201-992,2021-12-30,W2,STI for SDGs 역량분석 및 글로벌 협력 전략 - 국가연구개발사업 분석 중심으로 -,机构正式研究,C:\Users\WINDOWS\OneDrive\知识库\智库信息爬虫\国际主要科技智库观点演变_研判\03_证据底稿\原文PDF\C-STEPI-A0201-992.pdf,C:\Users\WINDOWS\OneDrive\知识库\智库信息爬虫\国际主要科技智库观点演变_研判\03_证据底稿\文本\C-STEPI-A0201-992.txt,https://www.stepi.re.kr/site/stepiko/report/View.do?reIdx=992,官方PDF已保存并校验
科技人才、大学与知识流动,科技创新政策与能力基线,C-STEPI-A0201-992,2021-12-30,W2,STI for SDGs 역량분석 및 글로벌 협력 전략 - 국가연구개발사업 분석 중심으로 -,机构正式研究,C:\Users\WINDOWS\OneDrive\知识库\智库信息爬虫\国际主要科技智库观点演变_研判\03_证据底稿\原文PDF\C-STEPI-A0201-992.pdf,C:\Users\WINDOWS\OneDrive\知识库\智库信息爬虫\国际主要科技智库观点演变_研判\03_证据底稿\文本\C-STEPI-A0201-992.txt,https://www.stepi.re.kr/site/stepiko/report/View.do?reIdx=992,官方PDF已保存并校验
产业创新、创业与区域体系,科技创新政策与能力基线,C-STEPI-A0201-992,2021-12-30,W2,STI for SDGs 역량분석 및 글로벌 협력 전략 - 국가연구개발사업 분석 중심으로 -,机构正式研究,C:\Users\WINDOWS\OneDrive\知识库\智库信息爬虫\国际主要科技智库观点演变_研判\03_证据底稿\原文PDF\C-STEPI-A0201-992.pdf,C:\Users\WINDOWS\OneDrive\知识库\智库信息爬虫\国际主要科技智库观点演变_研判\03_证据底稿\文本\C-STEPI-A0201-992.txt,https://www.stepi.re.kr/site/stepiko/report/View.do?reIdx=992,官方PDF已保存并校验
技术安全、供应链与国际合作,科技创新政策与能力基线,C-STEPI-A0201-992,2021-12-30,W2,STI for SDGs 역량분석 및 글로벌 협력 전략 - 국가연구개발사업 분석 중심으로 -,机构正式研究,C:\Users\WINDOWS\OneDrive\知识库\智库信息爬虫\国际主要科技智库观点演变_研判\03_证据底稿\原文PDF\C-STEPI-A0201-992.pdf,C:\Users\WINDOWS\OneDrive\知识库\智库信息爬虫\国际主要科技智库观点演变_研判\03_证据底稿\文本\C-STEPI-A0201-992.txt,https://www.stepi.re.kr/site/stepiko/report/View.do?reIdx=992,官方PDF已保存并校验
科技前瞻与未来社会,科技创新政策与能力基线,C-STEPI-A0201-992,2021-12-30,W2,STI for SDGs 역량분석 및 글로벌 협력 전략 - 국가연구개발사업 분석 중심으로 -,机构正式研究,C:\Users\WINDOWS\OneDrive\知识库\智库信息爬虫\国际主要科技智库观点演变_研判\03_证据底稿\原文PDF\C-STEPI-A0201-992.pdf,C:\Users\WINDOWS\OneDrive\知识库\智库信息爬虫\国际主要科技智库观点演变_研判\03_证据底稿\文本\C-STEPI-A0201-992.txt,https://www.stepi.re.kr/site/stepiko/report/View.do?reIdx=992,官方PDF已保存并校验
科研体系、研发投入与评价,科技创新政策与能力基线,C-STEPI-A0201-993,2021-12-30,W2,과학기술혁신 정책진단 프레임워크 구축,机构正式研究,C:\Users\WINDOWS\OneDrive\知识库\智库信息爬虫\国际主要科技智库观点演变_研判\03_证据底稿\原文PDF\C-STEPI-A0201-993.pdf,C:\Users\WINDOWS\OneDrive\知识库\智库信息爬虫\国际主要科技智库观点演变_研判\03_证据底稿\文本\C-STEPI-A0201-993.txt,https://www.stepi.re.kr/site/stepiko/report/View.do?reIdx=993,官方PDF已保存并校验
科技人才、大学与知识流动,科技创新政策与能力基线,C-STEPI-A0201-993,2021-12-30,W2,과학기술혁신 정책진단 프레임워크 구축,机构正式研究,C:\Users\WINDOWS\OneDrive\知识库\智库信息爬虫\国际主要科技智库观点演变_研判\03_证据底稿\原文PDF\C-STEPI-A0201-993.pdf,C:\Users\WINDOWS\OneDrive\知识库\智库信息爬虫\国际主要科技智库观点演变_研判\03_证据底稿\文本\C-STEPI-A0201-993.txt,https://www.stepi.re.kr/site/stepiko/report/View.do?reIdx=993,官方PDF已保存并校验
产业创新、创业与区域体系,科技创新政策与能力基线,C-STEPI-A0201-993,2021-12-30,W2,과학기술혁신 정책진단 프레임워크 구축,机构正式研究,C:\Users\WINDOWS\OneDrive\知识库\智库信息爬虫\国际主要科技智库观点演变_研判\03_证据底稿\原文PDF\C-STEPI-A0201-993.pdf,C:\Users\WINDOWS\OneDrive\知识库\智库信息爬虫\国际主要科技智库观点演变_研判\03_证据底稿\文本\C-STEPI-A0201-993.txt,https://www.stepi.re.kr/site/stepiko/report/View.do?reIdx=993,官方PDF已保存并校验
科技前瞻与未来社会,科技创新政策与能力基线,C-STEPI-A0201-993,2021-12-30,W2,과학기술혁신 정책진단 프레임워크 구축,机构正式研究,C:\Users\WINDOWS\OneDrive\知识库\智库信息爬虫\国际主要科技智库观点演变_研判\03_证据底稿\原文PDF\C-STEPI-A0201-993.pdf,C:\Users\WINDOWS\OneDrive\知识库\智库信息爬虫\国际主要科技智库观点演变_研判\03_证据底稿\文本\C-STEPI-A0201-993.txt,https://www.stepi.re.kr/site/stepiko/report/View.do?reIdx=993,官方PDF已保存并校验
人工智能、数据与数字技术,科技创新政策与能力基线,C-STEPI-A0201-994,2021-12-30,W2,혁신환경 변화에 대응하는 국가연구개발 행정제도 개선 방향,机构正式研究,C:\Users\WINDOWS\OneDrive\知识库\智库信息爬虫\国际主要科技智库观点演变_研判\03_证据底稿\原文PDF\C-STEPI-A0201-994.pdf,C:\Users\WINDOWS\OneDrive\知识库\智库信息爬虫\国际主要科技智库观点演变_研判\03_证据底稿\文本\C-STEPI-A0201-994.txt,https://www.stepi.re.kr/site/stepiko/report/View.do?reIdx=994,官方PDF已保存并校验
科研体系、研发投入与评价,科技创新政策与能力基线,C-STEPI-A0201-994,2021-12-30,W2,혁신환경 변화에 대응하는 국가연구개발 행정제도 개선 방향,机构正式研究,C:\Users\WINDOWS\OneDrive\知识库\智库信息爬虫\国际主要科技智库观点演变_研判\03_证据底稿\原文PDF\C-STEPI-A0201-994.pdf,C:\Users\WINDOWS\OneDrive\知识库\智库信息爬虫\国际主要科技智库观点演变_研判\03_证据底稿\文本\C-STEPI-A0201-994.txt,https://www.stepi.re.kr/site/stepiko/report/View.do?reIdx=994,官方PDF已保存并校验
科技人才、大学与知识流动,科技创新政策与能力基线,C-STEPI-A0201-994,2021-12-30,W2,혁신환경 변화에 대응하는 국가연구개발 행정제도 개선 방향,机构正式研究,C:\Users\WINDOWS\OneDrive\知识库\智库信息爬虫\国际主要科技智库观点演变_研判\03_证据底稿\原文PDF\C-STEPI-A0201-994.pdf,C:\Users\WINDOWS\OneDrive\知识库\智库信息爬虫\国际主要科技智库观点演变_研判\03_证据底稿\文本\C-STEPI-A0201-994.txt,https://www.stepi.re.kr/site/stepiko/report/View.do?reIdx=994,官方PDF已保存并校验
产业创新、创业与区域体系,科技创新政策与能力基线,C-STEPI-A0201-994,2021-12-30,W2,혁신환경 변화에 대응하는 국가연구개발 행정제도 개선 방향,机构正式研究,C:\Users\WINDOWS\OneDrive\知识库\智库信息爬虫\国际主要科技智库观点演变_研判\03_证据底稿\原文PDF\C-STEPI-A0201-994.pdf,C:\Users\WINDOWS\OneDrive\知识库\智库信息爬虫\国际主要科技智库观点演变_研判\03_证据底稿\文本\C-STEPI-A0201-994.txt,https://www.stepi.re.kr/site/stepiko/report/View.do?reIdx=994,官方PDF已保存并校验
科技前瞻与未来社会,科技创新政策与能力基线,C-STEPI-A0201-994,2021-12-30,W2,혁신환경 변화에 대응하는 국가연구개발 행정제도 개선 방향,机构正式研究,C:\Users\WINDOWS\OneDrive\知识库\智库信息爬虫\国际主要科技智库观点演变_研判\03_证据底稿\原文PDF\C-STEPI-A0201-994.pdf,C:\Users\WINDOWS\OneDrive\知识库\智库信息爬虫\国际主要科技智库观点演变_研判\03_证据底稿\文本\C-STEPI-A0201-994.txt,https://www.stepi.re.kr/site/stepiko/report/View.do?reIdx=994,官方PDF已保存并校验
人工智能、数据与数字技术,科技创新政策与能力基线,C-STEPI-A0201-995,2021-12-30,W2,원격경제의 부상과 새로운 혁신전략의 모색,机构正式研究,C:\Users\WINDOWS\OneDrive\知识库\智库信息爬虫\国际主要科技智库观点演变_研判\03_证据底稿\原文PDF\C-STEPI-A0201-995.pdf,C:\Users\WINDOWS\OneDrive\知识库\智库信息爬虫\国际主要科技智库观点演变_研判\03_证据底稿\文本\C-STEPI-A0201-995.txt,https://www.stepi.re.kr/site/stepiko/report/View.do?reIdx=995,官方PDF已保存并校验
生命科学、生物技术与健康,科技创新政策与能力基线,C-STEPI-A0201-995,2021-12-30,W2,원격경제의 부상과 새로운 혁신전략의 모색,机构正式研究,C:\Users\WINDOWS\OneDrive\知识库\智库信息爬虫\国际主要科技智库观点演变_研判\03_证据底稿\原文PDF\C-STEPI-A0201-995.pdf,C:\Users\WINDOWS\OneDrive\知识库\智库信息爬虫\国际主要科技智库观点演变_研判\03_证据底稿\文本\C-STEPI-A0201-995.txt,https://www.stepi.re.kr/site/stepiko/report/View.do?reIdx=995,官方PDF已保存并校验
科研体系、研发投入与评价,科技创新政策与能力基线,C-STEPI-A0201-995,2021-12-30,W2,원격경제의 부상과 새로운 혁신전략의 모색,机构正式研究,C:\Users\WINDOWS\OneDrive\知识库\智库信息爬虫\国际主要科技智库观点演变_研判\03_证据底稿\原文PDF\C-STEPI-A0201-995.pdf,C:\Users\WINDOWS\OneDrive\知识库\智库信息爬虫\国际主要科技智库观点演变_研判\03_证据底稿\文本\C-STEPI-A0201-995.txt,https://www.stepi.re.kr/site/stepiko/report/View.do?reIdx=995,官方PDF已保存并校验
科技人才、大学与知识流动,科技创新政策与能力基线,C-STEPI-A0201-995,2021-12-30,W2,원격경제의 부상과 새로운 혁신전략의 모색,机构正式研究,C:\Users\WINDOWS\OneDrive\知识库\智库信息爬虫\国际主要科技智库观点演变_研判\03_证据底稿\原文PDF\C-STEPI-A0201-995.pdf,C:\Users\WINDOWS\OneDrive\知识库\智库信息爬虫\国际主要科技智库观点演变_研判\03_证据底稿\文本\C-STEPI-A0201-995.txt,https://www.stepi.re.kr/site/stepiko/report/View.do?reIdx=995,官方PDF已保存并校验
产业创新、创业与区域体系,科技创新政策与能力基线,C-STEPI-A0201-995,2021-12-30,W2,원격경제의 부상과 새로운 혁신전략의 모색,机构正式研究,C:\Users\WINDOWS\OneDrive\知识库\智库信息爬虫\国际主要科技智库观点演变_研判\03_证据底稿\原文PDF\C-STEPI-A0201-995.pdf,C:\Users\WINDOWS\OneDrive\知识库\智库信息爬虫\国际主要科技智库观点演变_研判\03_证据底稿\文本\C-STEPI-A0201-995.txt,https://www.stepi.re.kr/site/stepiko/report/View.do?reIdx=995,官方PDF已保存并校验
科技前瞻与未来社会,科技创新政策与能力基线,C-STEPI-A0201-995,2021-12-30,W2,원격경제의 부상과 새로운 혁신전략의 모색,机构正式研究,C:\Users\WINDOWS\OneDrive\知识库\智库信息爬虫\国际主要科技智库观点演变_研判\03_证据底稿\原文PDF\C-STEPI-A0201-995.pdf,C:\Users\WINDOWS\OneDrive\知识库\智库信息爬虫\国际主要科技智库观点演变_研判\03_证据底稿\文本\C-STEPI-A0201-995.txt,https://www.stepi.re.kr/site/stepiko/report/View.do?reIdx=995,官方PDF已保存并校验
人工智能、数据与数字技术,核心科技直接材料,C-STEPI-A0201-996,2021-12-30,W2,디지털전환기 기업혁신활동 변화와 대응전략,机构正式研究,C:\Users\WINDOWS\OneDrive\知识库\智库信息爬虫\国际主要科技智库观点演变_研判\03_证据底稿\原文PDF\C-STEPI-A0201-996.pdf,C:\Users\WINDOWS\OneDrive\知识库\智库信息爬虫\国际主要科技智库观点演变_研判\03_证据底稿\文本\C-STEPI-A0201-996.txt,https://www.stepi.re.kr/site/stepiko/report/View.do?reIdx=996,官方PDF已保存并校验
科研体系、研发投入与评价,核心科技直接材料,C-STEPI-A0201-996,2021-12-30,W2,디지털전환기 기업혁신활동 변화와 대응전략,机构正式研究,C:\Users\WINDOWS\OneDrive\知识库\智库信息爬虫\国际主要科技智库观点演变_研判\03_证据底稿\原文PDF\C-STEPI-A0201-996.pdf,C:\Users\WINDOWS\OneDrive\知识库\智库信息爬虫\国际主要科技智库观点演变_研判\03_证据底稿\文本\C-STEPI-A0201-996.txt,https://www.stepi.re.kr/site/stepiko/report/View.do?reIdx=996,官方PDF已保存并校验
产业创新、创业与区域体系,核心科技直接材料,C-STEPI-A0201-996,2021-12-30,W2,디지털전환기 기업혁신활동 변화와 대응전략,机构正式研究,C:\Users\WINDOWS\OneDrive\知识库\智库信息爬虫\国际主要科技智库观点演变_研判\03_证据底稿\原文PDF\C-STEPI-A0201-996.pdf,C:\Users\WINDOWS\OneDrive\知识库\智库信息爬虫\国际主要科技智库观点演变_研判\03_证据底稿\文本\C-STEPI-A0201-996.txt,https://www.stepi.re.kr/site/stepiko/report/View.do?reIdx=996,官方PDF已保存并校验
中国科技与国际比较,科技创新政策与能力基线,C-STEPI-A0201-997,2021-12-30,W2,글로벌 충격에 대응하는 과학기술 다자협력 전략 : 유엔시스템을 중심으로,机构正式研究,C:\Users\WINDOWS\OneDrive\知识库\智库信息爬虫\国际主要科技智库观点演变_研判\03_证据底稿\原文PDF\C-STEPI-A0201-997.pdf,C:\Users\WINDOWS\OneDrive\知识库\智库信息爬虫\国际主要科技智库观点演变_研判\03_证据底稿\文本\C-STEPI-A0201-997.txt,https://www.stepi.re.kr/site/stepiko/report/View.do?reIdx=997,官方PDF已保存并校验
能源、气候与绿色转型,科技创新政策与能力基线,C-STEPI-A0201-997,2021-12-30,W2,글로벌 충격에 대응하는 과학기술 다자협력 전략 : 유엔시스템을 중심으로,机构正式研究,C:\Users\WINDOWS\OneDrive\知识库\智库信息爬虫\国际主要科技智库观点演变_研判\03_证据底稿\原文PDF\C-STEPI-A0201-997.pdf,C:\Users\WINDOWS\OneDrive\知识库\智库信息爬虫\国际主要科技智库观点演变_研判\03_证据底稿\文本\C-STEPI-A0201-997.txt,https://www.stepi.re.kr/site/stepiko/report/View.do?reIdx=997,官方PDF已保存并校验
科研体系、研发投入与评价,科技创新政策与能力基线,C-STEPI-A0201-997,2021-12-30,W2,글로벌 충격에 대응하는 과학기술 다자협력 전략 : 유엔시스템을 중심으로,机构正式研究,C:\Users\WINDOWS\OneDrive\知识库\智库信息爬虫\国际主要科技智库观点演变_研判\03_证据底稿\原文PDF\C-STEPI-A0201-997.pdf,C:\Users\WINDOWS\OneDrive\知识库\智库信息爬虫\国际主要科技智库观点演变_研判\03_证据底稿\文本\C-STEPI-A0201-997.txt,https://www.stepi.re.kr/site/stepiko/report/View.do?reIdx=997,官方PDF已保存并校验
科技人才、大学与知识流动,科技创新政策与能力基线,C-STEPI-A0201-997,2021-12-30,W2,글로벌 충격에 대응하는 과학기술 다자협력 전략 : 유엔시스템을 중심으로,机构正式研究,C:\Users\WINDOWS\OneDrive\知识库\智库信息爬虫\国际主要科技智库观点演变_研判\03_证据底稿\原文PDF\C-STEPI-A0201-997.pdf,C:\Users\WINDOWS\OneDrive\知识库\智库信息爬虫\国际主要科技智库观点演变_研判\03_证据底稿\文本\C-STEPI-A0201-997.txt,https://www.stepi.re.kr/site/stepiko/report/View.do?reIdx=997,官方PDF已保存并校验
产业创新、创业与区域体系,科技创新政策与能力基线,C-STEPI-A0201-997,2021-12-30,W2,글로벌 충격에 대응하는 과학기술 다자협력 전략 : 유엔시스템을 중심으로,机构正式研究,C:\Users\WINDOWS\OneDrive\知识库\智库信息爬虫\国际主要科技智库观点演变_研判\03_证据底稿\原文PDF\C-STEPI-A0201-997.pdf,C:\Users\WINDOWS\OneDrive\知识库\智库信息爬虫\国际主要科技智库观点演变_研判\03_证据底稿\文本\C-STEPI-A0201-997.txt,https://www.stepi.re.kr/site/stepiko/report/View.do?reIdx=997,官方PDF已保存并校验
技术安全、供应链与国际合作,科技创新政策与能力基线,C-STEPI-A0201-997,2021-12-30,W2,글로벌 충격에 대응하는 과학기술 다자협력 전략 : 유엔시스템을 중심으로,机构正式研究,C:\Users\WINDOWS\OneDrive\知识库\智库信息爬虫\国际主要科技智库观点演变_研判\03_证据底稿\原文PDF\C-STEPI-A0201-997.pdf,C:\Users\WINDOWS\OneDrive\知识库\智库信息爬虫\国际主要科技智库观点演变_研判\03_证据底稿\文本\C-STEPI-A0201-997.txt,https://www.stepi.re.kr/site/stepiko/report/View.do?reIdx=997,官方PDF已保存并校验
科技前瞻与未来社会,科技创新政策与能力基线,C-STEPI-A0201-997,2021-12-30,W2,글로벌 충격에 대응하는 과학기술 다자협력 전략 : 유엔시스템을 중심으로,机构正式研究,C:\Users\WINDOWS\OneDrive\知识库\智库信息爬虫\国际主要科技智库观点演变_研判\03_证据底稿\原文PDF\C-STEPI-A0201-997.pdf,C:\Users\WINDOWS\OneDrive\知识库\智库信息爬虫\国际主要科技智库观点演变_研判\03_证据底稿\文本\C-STEPI-A0201-997.txt,https://www.stepi.re.kr/site/stepiko/report/View.do?reIdx=997,官方PDF已保存并校验
生命科学、生物技术与健康,科技创新政策与能力基线,C-STEPI-A0201-998,2021-12-30,W2,"호혜적 개발협력을 위한 주요 국가의 STI 시스템 분석 및 협력방향 -브라질, 인도를 중심으로 -",机构正式研究,C:\Users\WINDOWS\OneDrive\知识库\智库信息爬虫\国际主要科技智库观点演变_研判\03_证据底稿\原文PDF\C-STEPI-A0201-998.pdf,C:\Users\WINDOWS\OneDrive\知识库\智库信息爬虫\国际主要科技智库观点演变_研判\03_证据底稿\文本\C-STEPI-A0201-998.txt,https://www.stepi.re.kr/site/stepiko/report/View.do?reIdx=998,官方PDF已保存并校验
科研体系、研发投入与评价,科技创新政策与能力基线,C-STEPI-A0201-998,2021-12-30,W2,"호혜적 개발협력을 위한 주요 국가의 STI 시스템 분석 및 협력방향 -브라질, 인도를 중심으로 -",机构正式研究,C:\Users\WINDOWS\OneDrive\知识库\智库信息爬虫\国际主要科技智库观点演变_研判\03_证据底稿\原文PDF\C-STEPI-A0201-998.pdf,C:\Users\WINDOWS\OneDrive\知识库\智库信息爬虫\国际主要科技智库观点演变_研判\03_证据底稿\文本\C-STEPI-A0201-998.txt,https://www.stepi.re.kr/site/stepiko/report/View.do?reIdx=998,官方PDF已保存并校验
科技人才、大学与知识流动,科技创新政策与能力基线,C-STEPI-A0201-998,2021-12-30,W2,"호혜적 개발협력을 위한 주요 국가의 STI 시스템 분석 및 협력방향 -브라질, 인도를 중심으로 -",机构正式研究,C:\Users\WINDOWS\OneDrive\知识库\智库信息爬虫\国际主要科技智库观点演变_研判\03_证据底稿\原文PDF\C-STEPI-A0201-998.pdf,C:\Users\WINDOWS\OneDrive\知识库\智库信息爬虫\国际主要科技智库观点演变_研判\03_证据底稿\文本\C-STEPI-A0201-998.txt,https://www.stepi.re.kr/site/stepiko/report/View.do?reIdx=998,官方PDF已保存并校验
产业创新、创业与区域体系,科技创新政策与能力基线,C-STEPI-A0201-998,2021-12-30,W2,"호혜적 개발협력을 위한 주요 국가의 STI 시스템 분석 및 협력방향 -브라질, 인도를 중심으로 -",机构正式研究,C:\Users\WINDOWS\OneDrive\知识库\智库信息爬虫\国际主要科技智库观点演变_研判\03_证据底稿\原文PDF\C-STEPI-A0201-998.pdf,C:\Users\WINDOWS\OneDrive\知识库\智库信息爬虫\国际主要科技智库观点演变_研判\03_证据底稿\文本\C-STEPI-A0201-998.txt,https://www.stepi.re.kr/site/stepiko/report/View.do?reIdx=998,官方PDF已保存并校验
科技前瞻与未来社会,科技创新政策与能力基线,C-STEPI-A0201-998,2021-12-30,W2,"호혜적 개발협력을 위한 주요 국가의 STI 시스템 분석 및 협력방향 -브라질, 인도를 중심으로 -",机构正式研究,C:\Users\WINDOWS\OneDrive\知识库\智库信息爬虫\国际主要科技智库观点演变_研判\03_证据底稿\原文PDF\C-STEPI-A0201-998.pdf,C:\Users\WINDOWS\OneDrive\知识库\智库信息爬虫\国际主要科技智库观点演变_研判\03_证据底稿\文本\C-STEPI-A0201-998.txt,https://www.stepi.re.kr/site/stepiko/report/View.do?reIdx=998,官方PDF已保存并校验
人工智能、数据与数字技术,科技创新政策与能力基线,C-STEPI-A0201-999,2021-12-30,W2,첨단·신기술분야 고급 인력의 육성 및 성장 지원방안,机构正式研究,C:\Users\WINDOWS\OneDrive\知识库\智库信息爬虫\国际主要科技智库观点演变_研判\03_证据底稿\原文PDF\C-STEPI-A0201-999.pdf,C:\Users\WINDOWS\OneDrive\知识库\智库信息爬虫\国际主要科技智库观点演变_研判\03_证据底稿\文本\C-STEPI-A0201-999.txt,https://www.stepi.re.kr/site/stepiko/report/View.do?reIdx=999,官方PDF已保存并校验
半导体、量子与战略技术,科技创新政策与能力基线,C-STEPI-A0201-999,2021-12-30,W2,첨단·신기술분야 고급 인력의 육성 및 성장 지원방안,机构正式研究,C:\Users\WINDOWS\OneDrive\知识库\智库信息爬虫\国际主要科技智库观点演变_研判\03_证据底稿\原文PDF\C-STEPI-A0201-999.pdf,C:\Users\WINDOWS\OneDrive\知识库\智库信息爬虫\国际主要科技智库观点演变_研判\03_证据底稿\文本\C-STEPI-A0201-999.txt,https://www.stepi.re.kr/site/stepiko/report/View.do?reIdx=999,官方PDF已保存并校验
生命科学、生物技术与健康,科技创新政策与能力基线,C-STEPI-A0201-999,2021-12-30,W2,첨단·신기술분야 고급 인력의 육성 및 성장 지원방안,机构正式研究,C:\Users\WINDOWS\OneDrive\知识库\智库信息爬虫\国际主要科技智库观点演变_研判\03_证据底稿\原文PDF\C-STEPI-A0201-999.pdf,C:\Users\WINDOWS\OneDrive\知识库\智库信息爬虫\国际主要科技智库观点演变_研判\03_证据底稿\文本\C-STEPI-A0201-999.txt,https://www.stepi.re.kr/site/stepiko/report/View.do?reIdx=999,官方PDF已保存并校验
科研体系、研发投入与评价,科技创新政策与能力基线,C-STEPI-A0201-999,2021-12-30,W2,첨단·신기술분야 고급 인력의 육성 및 성장 지원방안,机构正式研究,C:\Users\WINDOWS\OneDrive\知识库\智库信息爬虫\国际主要科技智库观点演变_研判\03_证据底稿\原文PDF\C-STEPI-A0201-999.pdf,C:\Users\WINDOWS\OneDrive\知识库\智库信息爬虫\国际主要科技智库观点演变_研判\03_证据底稿\文本\C-STEPI-A0201-999.txt,https://www.stepi.re.kr/site/stepiko/report/View.do?reIdx=999,官方PDF已保存并校验
科技人才、大学与知识流动,科技创新政策与能力基线,C-STEPI-A0201-999,2021-12-30,W2,첨단·신기술분야 고급 인력의 육성 및 성장 지원방안,机构正式研究,C:\Users\WINDOWS\OneDrive\知识库\智库信息爬虫\国际主要科技智库观点演变_研判\03_证据底稿\原文PDF\C-STEPI-A0201-999.pdf,C:\Users\WINDOWS\OneDrive\知识库\智库信息爬虫\国际主要科技智库观点演变_研判\03_证据底稿\文本\C-STEPI-A0201-999.txt,https://www.stepi.re.kr/site/stepiko/report/View.do?reIdx=999,官方PDF已保存并校验
产业创新、创业与区域体系,科技创新政策与能力基线,C-STEPI-A0201-999,2021-12-30,W2,첨단·신기술분야 고급 인력의 육성 및 성장 지원방안,机构正式研究,C:\Users\WINDOWS\OneDrive\知识库\智库信息爬虫\国际主要科技智库观点演变_研判\03_证据底稿\原文PDF\C-STEPI-A0201-999.pdf,C:\Users\WINDOWS\OneDrive\知识库\智库信息爬虫\国际主要科技智库观点演变_研判\03_证据底稿\文本\C-STEPI-A0201-999.txt,https://www.stepi.re.kr/site/stepiko/report/View.do?reIdx=999,官方PDF已保存并校验
科技前瞻与未来社会,科技创新政策与能力基线,C-STEPI-A0201-999,2021-12-30,W2,첨단·신기술분야 고급 인력의 육성 및 성장 지원방안,机构正式研究,C:\Users\WINDOWS\OneDrive\知识库\智库信息爬虫\国际主要科技智库观点演变_研判\03_证据底稿\原文PDF\C-STEPI-A0201-999.pdf,C:\Users\WINDOWS\OneDrive\知识库\智库信息爬虫\国际主要科技智库观点演变_研判\03_证据底稿\文本\C-STEPI-A0201-999.txt,https://www.stepi.re.kr/site/stepiko/report/View.do?reIdx=999,官方PDF已保存并校验
能源、气候与绿色转型,科技创新政策与能力基线,C-STEPI-A0201-1000,2021-12-30,W2,신산업의 지역 뿌리내림 촉진방안 연구,机构正式研究,C:\Users\WINDOWS\OneDrive\知识库\智库信息爬虫\国际主要科技智库观点演变_研判\03_证据底稿\原文PDF\C-STEPI-A0201-1000.pdf,C:\Users\WINDOWS\OneDrive\知识库\智库信息爬虫\国际主要科技智库观点演变_研判\03_证据底稿\文本\C-STEPI-A0201-1000.txt,https://www.stepi.re.kr/site/stepiko/report/View.do?reIdx=1000,官方PDF已保存并校验
科研体系、研发投入与评价,科技创新政策与能力基线,C-STEPI-A0201-1000,2021-12-30,W2,신산업의 지역 뿌리내림 촉진방안 연구,机构正式研究,C:\Users\WINDOWS\OneDrive\知识库\智库信息爬虫\国际主要科技智库观点演变_研判\03_证据底稿\原文PDF\C-STEPI-A0201-1000.pdf,C:\Users\WINDOWS\OneDrive\知识库\智库信息爬虫\国际主要科技智库观点演变_研判\03_证据底稿\文本\C-STEPI-A0201-1000.txt,https://www.stepi.re.kr/site/stepiko/report/View.do?reIdx=1000,官方PDF已保存并校验
科技人才、大学与知识流动,科技创新政策与能力基线,C-STEPI-A0201-1000,2021-12-30,W2,신산업의 지역 뿌리내림 촉진방안 연구,机构正式研究,C:\Users\WINDOWS\OneDrive\知识库\智库信息爬虫\国际主要科技智库观点演变_研判\03_证据底稿\原文PDF\C-STEPI-A0201-1000.pdf,C:\Users\WINDOWS\OneDrive\知识库\智库信息爬虫\国际主要科技智库观点演变_研判\03_证据底稿\文本\C-STEPI-A0201-1000.txt,https://www.stepi.re.kr/site/stepiko/report/View.do?reIdx=1000,官方PDF已保存并校验
产业创新、创业与区域体系,科技创新政策与能力基线,C-STEPI-A0201-1000,2021-12-30,W2,신산업의 지역 뿌리내림 촉진방안 연구,机构正式研究,C:\Users\WINDOWS\OneDrive\知识库\智库信息爬虫\国际主要科技智库观点演变_研判\03_证据底稿\原文PDF\C-STEPI-A0201-1000.pdf,C:\Users\WINDOWS\OneDrive\知识库\智库信息爬虫\国际主要科技智库观点演变_研判\03_证据底稿\文本\C-STEPI-A0201-1000.txt,https://www.stepi.re.kr/site/stepiko/report/View.do?reIdx=1000,官方PDF已保存并校验
科技前瞻与未来社会,科技创新政策与能力基线,C-STEPI-A0201-1000,2021-12-30,W2,신산업의 지역 뿌리내림 촉진방안 연구,机构正式研究,C:\Users\WINDOWS\OneDrive\知识库\智库信息爬虫\国际主要科技智库观点演变_研判\03_证据底稿\原文PDF\C-STEPI-A0201-1000.pdf,C:\Users\WINDOWS\OneDrive\知识库\智库信息爬虫\国际主要科技智库观点演变_研判\03_证据底稿\文本\C-STEPI-A0201-1000.txt,https://www.stepi.re.kr/site/stepiko/report/View.do?reIdx=1000,官方PDF已保存并校验
科研体系、研发投入与评价,科技创新政策与能力基线,C-STEPI-A0201-1001,2021-12-30,W2,박사후연구원의 현황과 지원 방안,机构正式研究,C:\Users\WINDOWS\OneDrive\知识库\智库信息爬虫\国际主要科技智库观点演变_研判\03_证据底稿\原文PDF\C-STEPI-A0201-1001.pdf,C:\Users\WINDOWS\OneDrive\知识库\智库信息爬虫\国际主要科技智库观点演变_研判\03_证据底稿\文本\C-STEPI-A0201-1001.txt,https://www.stepi.re.kr/site/stepiko/report/View.do?reIdx=1001,官方PDF已保存并校验
科技人才、大学与知识流动,科技创新政策与能力基线,C-STEPI-A0201-1001,2021-12-30,W2,박사후연구원의 현황과 지원 방안,机构正式研究,C:\Users\WINDOWS\OneDrive\知识库\智库信息爬虫\国际主要科技智库观点演变_研判\03_证据底稿\原文PDF\C-STEPI-A0201-1001.pdf,C:\Users\WINDOWS\OneDrive\知识库\智库信息爬虫\国际主要科技智库观点演变_研判\03_证据底稿\文本\C-STEPI-A0201-1001.txt,https://www.stepi.re.kr/site/stepiko/report/View.do?reIdx=1001,官方PDF已保存并校验
人工智能、数据与数字技术,科技创新政策与能力基线,C-STEPI-A0201-1002,2021-12-30,W2,과학기술혁신 정보 분석을 통한 증거기반정책의 활용 기반 구축,机构正式研究,C:\Users\WINDOWS\OneDrive\知识库\智库信息爬虫\国际主要科技智库观点演变_研判\03_证据底稿\原文PDF\C-STEPI-A0201-1002.pdf,C:\Users\WINDOWS\OneDrive\知识库\智库信息爬虫\国际主要科技智库观点演变_研判\03_证据底稿\文本\C-STEPI-A0201-1002.txt,https://www.stepi.re.kr/site/stepiko/report/View.do?reIdx=1002,官方PDF已保存并校验
科研体系、研发投入与评价,科技创新政策与能力基线,C-STEPI-A0201-1002,2021-12-30,W2,과학기술혁신 정보 분석을 통한 증거기반정책의 활용 기반 구축,机构正式研究,C:\Users\WINDOWS\OneDrive\知识库\智库信息爬虫\国际主要科技智库观点演变_研判\03_证据底稿\原文PDF\C-STEPI-A0201-1002.pdf,C:\Users\WINDOWS\OneDrive\知识库\智库信息爬虫\国际主要科技智库观点演变_研判\03_证据底稿\文本\C-STEPI-A0201-1002.txt,https://www.stepi.re.kr/site/stepiko/report/View.do?reIdx=1002,官方PDF已保存并校验
科技人才、大学与知识流动,科技创新政策与能力基线,C-STEPI-A0201-1002,2021-12-30,W2,과학기술혁신 정보 분석을 통한 증거기반정책의 활용 기반 구축,机构正式研究,C:\Users\WINDOWS\OneDrive\知识库\智库信息爬虫\国际主要科技智库观点演变_研判\03_证据底稿\原文PDF\C-STEPI-A0201-1002.pdf,C:\Users\WINDOWS\OneDrive\知识库\智库信息爬虫\国际主要科技智库观点演变_研判\03_证据底稿\文本\C-STEPI-A0201-1002.txt,https://www.stepi.re.kr/site/stepiko/report/View.do?reIdx=1002,官方PDF已保存并校验
产业创新、创业与区域体系,科技创新政策与能力基线,C-STEPI-A0201-1002,2021-12-30,W2,과학기술혁신 정보 분석을 통한 증거기반정책의 활용 기반 구축,机构正式研究,C:\Users\WINDOWS\OneDrive\知识库\智库信息爬虫\国际主要科技智库观点演变_研判\03_证据底稿\原文PDF\C-STEPI-A0201-1002.pdf,C:\Users\WINDOWS\OneDrive\知识库\智库信息爬虫\国际主要科技智库观点演变_研判\03_证据底稿\文本\C-STEPI-A0201-1002.txt,https://www.stepi.re.kr/site/stepiko/report/View.do?reIdx=1002,官方PDF已保存并校验
科技前瞻与未来社会,科技创新政策与能力基线,C-STEPI-A0201-1002,2021-12-30,W2,과학기술혁신 정보 분석을 통한 증거기반정책의 활용 기반 구축,机构正式研究,C:\Users\WINDOWS\OneDrive\知识库\智库信息爬虫\国际主要科技智库观点演变_研判\03_证据底稿\原文PDF\C-STEPI-A0201-1002.pdf,C:\Users\WINDOWS\OneDrive\知识库\智库信息爬虫\国际主要科技智库观点演变_研判\03_证据底稿\文本\C-STEPI-A0201-1002.txt,https://www.stepi.re.kr/site/stepiko/report/View.do?reIdx=1002,官方PDF已保存并校验
人工智能、数据与数字技术,科技创新政策与能力基线,C-STEPI-A0201-1003,2021-12-30,W2,글로벌 기술사업화 역량 지수 비교분석 연구(1차년도),机构正式研究,C:\Users\WINDOWS\OneDrive\知识库\智库信息爬虫\国际主要科技智库观点演变_研判\03_证据底稿\原文PDF\C-STEPI-A0201-1003.pdf,C:\Users\WINDOWS\OneDrive\知识库\智库信息爬虫\国际主要科技智库观点演变_研判\03_证据底稿\文本\C-STEPI-A0201-1003.txt,https://www.stepi.re.kr/site/stepiko/report/View.do?reIdx=1003,官方PDF已保存并校验
科研体系、研发投入与评价,科技创新政策与能力基线,C-STEPI-A0201-1003,2021-12-30,W2,글로벌 기술사업화 역량 지수 비교분석 연구(1차년도),机构正式研究,C:\Users\WINDOWS\OneDrive\知识库\智库信息爬虫\国际主要科技智库观点演变_研判\03_证据底稿\原文PDF\C-STEPI-A0201-1003.pdf,C:\Users\WINDOWS\OneDrive\知识库\智库信息爬虫\国际主要科技智库观点演变_研判\03_证据底稿\文本\C-STEPI-A0201-1003.txt,https://www.stepi.re.kr/site/stepiko/report/View.do?reIdx=1003,官方PDF已保存并校验
科技人才、大学与知识流动,科技创新政策与能力基线,C-STEPI-A0201-1003,2021-12-30,W2,글로벌 기술사업화 역량 지수 비교분석 연구(1차년도),机构正式研究,C:\Users\WINDOWS\OneDrive\知识库\智库信息爬虫\国际主要科技智库观点演变_研判\03_证据底稿\原文PDF\C-STEPI-A0201-1003.pdf,C:\Users\WINDOWS\OneDrive\知识库\智库信息爬虫\国际主要科技智库观点演变_研判\03_证据底稿\文本\C-STEPI-A0201-1003.txt,https://www.stepi.re.kr/site/stepiko/report/View.do?reIdx=1003,官方PDF已保存并校验
产业创新、创业与区域体系,科技创新政策与能力基线,C-STEPI-A0201-1003,2021-12-30,W2,글로벌 기술사업화 역량 지수 비교분석 연구(1차년도),机构正式研究,C:\Users\WINDOWS\OneDrive\知识库\智库信息爬虫\国际主要科技智库观点演变_研判\03_证据底稿\原文PDF\C-STEPI-A0201-1003.pdf,C:\Users\WINDOWS\OneDrive\知识库\智库信息爬虫\国际主要科技智库观点演变_研判\03_证据底稿\文本\C-STEPI-A0201-1003.txt,https://www.stepi.re.kr/site/stepiko/report/View.do?reIdx=1003,官方PDF已保存并校验
科技前瞻与未来社会,科技创新政策与能力基线,C-STEPI-A0201-1003,2021-12-30,W2,글로벌 기술사업화 역량 지수 비교분석 연구(1차년도),机构正式研究,C:\Users\WINDOWS\OneDrive\知识库\智库信息爬虫\国际主要科技智库观点演变_研判\03_证据底稿\原文PDF\C-STEPI-A0201-1003.pdf,C:\Users\WINDOWS\OneDrive\知识库\智库信息爬虫\国际主要科技智库观点演变_研判\03_证据底稿\文本\C-STEPI-A0201-1003.txt,https://www.stepi.re.kr/site/stepiko/report/View.do?reIdx=1003,官方PDF已保存并校验
中国科技与国际比较,核心科技直接材料,C-STEPI-A0201-1004,2021-12-30,W2,우주강국 도약을 위한 국가우주개발체제 혁신 방안,机构正式研究,C:\Users\WINDOWS\OneDrive\知识库\智库信息爬虫\国际主要科技智库观点演变_研判\03_证据底稿\原文PDF\C-STEPI-A0201-1004.pdf,C:\Users\WINDOWS\OneDrive\知识库\智库信息爬虫\国际主要科技智库观点演变_研判\03_证据底稿\文本\C-STEPI-A0201-1004.txt,https://www.stepi.re.kr/site/stepiko/report/View.do?reIdx=1004,官方PDF已保存并校验
科研体系、研发投入与评价,核心科技直接材料,C-STEPI-A0201-1004,2021-12-30,W2,우주강국 도약을 위한 국가우주개발체제 혁신 방안,机构正式研究,C:\Users\WINDOWS\OneDrive\知识库\智库信息爬虫\国际主要科技智库观点演变_研判\03_证据底稿\原文PDF\C-STEPI-A0201-1004.pdf,C:\Users\WINDOWS\OneDrive\知识库\智库信息爬虫\国际主要科技智库观点演变_研判\03_证据底稿\文本\C-STEPI-A0201-1004.txt,https://www.stepi.re.kr/site/stepiko/report/View.do?reIdx=1004,官方PDF已保存并校验
科技人才、大学与知识流动,核心科技直接材料,C-STEPI-A0201-1004,2021-12-30,W2,우주강국 도약을 위한 국가우주개발체제 혁신 방안,机构正式研究,C:\Users\WINDOWS\OneDrive\知识库\智库信息爬虫\国际主要科技智库观点演变_研判\03_证据底稿\原文PDF\C-STEPI-A0201-1004.pdf,C:\Users\WINDOWS\OneDrive\知识库\智库信息爬虫\国际主要科技智库观点演变_研判\03_证据底稿\文本\C-STEPI-A0201-1004.txt,https://www.stepi.re.kr/site/stepiko/report/View.do?reIdx=1004,官方PDF已保存并校验
产业创新、创业与区域体系,核心科技直接材料,C-STEPI-A0201-1004,2021-12-30,W2,우주강국 도약을 위한 국가우주개발체제 혁신 방안,机构正式研究,C:\Users\WINDOWS\OneDrive\知识库\智库信息爬虫\国际主要科技智库观点演变_研判\03_证据底稿\原文PDF\C-STEPI-A0201-1004.pdf,C:\Users\WINDOWS\OneDrive\知识库\智库信息爬虫\国际主要科技智库观点演变_研判\03_证据底稿\文本\C-STEPI-A0201-1004.txt,https://www.stepi.re.kr/site/stepiko/report/View.do?reIdx=1004,官方PDF已保存并校验
人工智能、数据与数字技术,核心科技直接材料,C-STEPI-A0201-1005,2021-12-30,W2,헬스케어 데이터 공공 플랫폼의 활성화를 위한 통합적 전략 연구,机构正式研究,C:\Users\WINDOWS\OneDrive\知识库\智库信息爬虫\国际主要科技智库观点演变_研判\03_证据底稿\原文PDF\C-STEPI-A0201-1005.pdf,C:\Users\WINDOWS\OneDrive\知识库\智库信息爬虫\国际主要科技智库观点演变_研判\03_证据底稿\文本\C-STEPI-A0201-1005.txt,https://www.stepi.re.kr/site/stepiko/report/View.do?reIdx=1005,官方PDF已保存并校验
生命科学、生物技术与健康,核心科技直接材料,C-STEPI-A0201-1005,2021-12-30,W2,헬스케어 데이터 공공 플랫폼의 활성화를 위한 통합적 전략 연구,机构正式研究,C:\Users\WINDOWS\OneDrive\知识库\智库信息爬虫\国际主要科技智库观点演变_研判\03_证据底稿\原文PDF\C-STEPI-A0201-1005.pdf,C:\Users\WINDOWS\OneDrive\知识库\智库信息爬虫\国际主要科技智库观点演变_研判\03_证据底稿\文本\C-STEPI-A0201-1005.txt,https://www.stepi.re.kr/site/stepiko/report/View.do?reIdx=1005,官方PDF已保存并校验
科研体系、研发投入与评价,核心科技直接材料,C-STEPI-A0201-1005,2021-12-30,W2,헬스케어 데이터 공공 플랫폼의 활성화를 위한 통합적 전략 연구,机构正式研究,C:\Users\WINDOWS\OneDrive\知识库\智库信息爬虫\国际主要科技智库观点演变_研判\03_证据底稿\原文PDF\C-STEPI-A0201-1005.pdf,C:\Users\WINDOWS\OneDrive\知识库\智库信息爬虫\国际主要科技智库观点演变_研判\03_证据底稿\文本\C-STEPI-A0201-1005.txt,https://www.stepi.re.kr/site/stepiko/report/View.do?reIdx=1005,官方PDF已保存并校验
科技人才、大学与知识流动,核心科技直接材料,C-STEPI-A0201-1005,2021-12-30,W2,헬스케어 데이터 공공 플랫폼의 활성화를 위한 통합적 전략 연구,机构正式研究,C:\Users\WINDOWS\OneDrive\知识库\智库信息爬虫\国际主要科技智库观点演变_研判\03_证据底稿\原文PDF\C-STEPI-A0201-1005.pdf,C:\Users\WINDOWS\OneDrive\知识库\智库信息爬虫\国际主要科技智库观点演变_研判\03_证据底稿\文本\C-STEPI-A0201-1005.txt,https://www.stepi.re.kr/site/stepiko/report/View.do?reIdx=1005,官方PDF已保存并校验
产业创新、创业与区域体系,核心科技直接材料,C-STEPI-A0201-1005,2021-12-30,W2,헬스케어 데이터 공공 플랫폼의 활성화를 위한 통합적 전략 연구,机构正式研究,C:\Users\WINDOWS\OneDrive\知识库\智库信息爬虫\国际主要科技智库观点演变_研判\03_证据底稿\原文PDF\C-STEPI-A0201-1005.pdf,C:\Users\WINDOWS\OneDrive\知识库\智库信息爬虫\国际主要科技智库观点演变_研判\03_证据底稿\文本\C-STEPI-A0201-1005.txt,https://www.stepi.re.kr/site/stepiko/report/View.do?reIdx=1005,官方PDF已保存并校验
科技前瞻与未来社会,核心科技直接材料,C-STEPI-A0201-1005,2021-12-30,W2,헬스케어 데이터 공공 플랫폼의 활성화를 위한 통합적 전략 연구,机构正式研究,C:\Users\WINDOWS\OneDrive\知识库\智库信息爬虫\国际主要科技智库观点演变_研判\03_证据底稿\原文PDF\C-STEPI-A0201-1005.pdf,C:\Users\WINDOWS\OneDrive\知识库\智库信息爬虫\国际主要科技智库观点演变_研判\03_证据底稿\文本\C-STEPI-A0201-1005.txt,https://www.stepi.re.kr/site/stepiko/report/View.do?reIdx=1005,官方PDF已保存并校验
人工智能、数据与数字技术,科技创新政策与能力基线,C-STEPI-A0201-1006,2021-12-30,W2,혁신 창업가 특징 분석과 과제 - 유니콘기업 사례 중심으로,机构正式研究,C:\Users\WINDOWS\OneDrive\知识库\智库信息爬虫\国际主要科技智库观点演变_研判\03_证据底稿\原文PDF\C-STEPI-A0201-1006.pdf,C:\Users\WINDOWS\OneDrive\知识库\智库信息爬虫\国际主要科技智库观点演变_研判\03_证据底稿\文本\C-STEPI-A0201-1006.txt,https://www.stepi.re.kr/site/stepiko/report/View.do?reIdx=1006,官方PDF已保存并校验
科研体系、研发投入与评价,科技创新政策与能力基线,C-STEPI-A0201-1006,2021-12-30,W2,혁신 창업가 특징 분석과 과제 - 유니콘기업 사례 중심으로,机构正式研究,C:\Users\WINDOWS\OneDrive\知识库\智库信息爬虫\国际主要科技智库观点演变_研判\03_证据底稿\原文PDF\C-STEPI-A0201-1006.pdf,C:\Users\WINDOWS\OneDrive\知识库\智库信息爬虫\国际主要科技智库观点演变_研判\03_证据底稿\文本\C-STEPI-A0201-1006.txt,https://www.stepi.re.kr/site/stepiko/report/View.do?reIdx=1006,官方PDF已保存并校验
科技人才、大学与知识流动,科技创新政策与能力基线,C-STEPI-A0201-1006,2021-12-30,W2,혁신 창업가 특징 분석과 과제 - 유니콘기업 사례 중심으로,机构正式研究,C:\Users\WINDOWS\OneDrive\知识库\智库信息爬虫\国际主要科技智库观点演变_研判\03_证据底稿\原文PDF\C-STEPI-A0201-1006.pdf,C:\Users\WINDOWS\OneDrive\知识库\智库信息爬虫\国际主要科技智库观点演变_研判\03_证据底稿\文本\C-STEPI-A0201-1006.txt,https://www.stepi.re.kr/site/stepiko/report/View.do?reIdx=1006,官方PDF已保存并校验
产业创新、创业与区域体系,科技创新政策与能力基线,C-STEPI-A0201-1006,2021-12-30,W2,혁신 창업가 특징 분석과 과제 - 유니콘기업 사례 중심으로,机构正式研究,C:\Users\WINDOWS\OneDrive\知识库\智库信息爬虫\国际主要科技智库观点演变_研判\03_证据底稿\原文PDF\C-STEPI-A0201-1006.pdf,C:\Users\WINDOWS\OneDrive\知识库\智库信息爬虫\国际主要科技智库观点演变_研判\03_证据底稿\文本\C-STEPI-A0201-1006.txt,https://www.stepi.re.kr/site/stepiko/report/View.do?reIdx=1006,官方PDF已保存并校验
科技前瞻与未来社会,科技创新政策与能力基线,C-STEPI-A0201-1006,2021-12-30,W2,혁신 창업가 특징 분석과 과제 - 유니콘기업 사례 중심으로,机构正式研究,C:\Users\WINDOWS\OneDrive\知识库\智库信息爬虫\国际主要科技智库观点演变_研判\03_证据底稿\原文PDF\C-STEPI-A0201-1006.pdf,C:\Users\WINDOWS\OneDrive\知识库\智库信息爬虫\国际主要科技智库观点演变_研判\03_证据底稿\文本\C-STEPI-A0201-1006.txt,https://www.stepi.re.kr/site/stepiko/report/View.do?reIdx=1006,官方PDF已保存并校验
人工智能、数据与数字技术,科技创新政策与能力基线,C-STEPI-A0201-1007,2021-12-30,W2,혁신역량 관점에서 바라본 국내 한계기업의 진단과 시사점,机构正式研究,C:\Users\WINDOWS\OneDrive\知识库\智库信息爬虫\国际主要科技智库观点演变_研判\03_证据底稿\原文PDF\C-STEPI-A0201-1007.pdf,C:\Users\WINDOWS\OneDrive\知识库\智库信息爬虫\国际主要科技智库观点演变_研判\03_证据底稿\文本\C-STEPI-A0201-1007.txt,https://www.stepi.re.kr/site/stepiko/report/View.do?reIdx=1007,官方PDF已保存并校验
科研体系、研发投入与评价,科技创新政策与能力基线,C-STEPI-A0201-1007,2021-12-30,W2,혁신역량 관점에서 바라본 국내 한계기업의 진단과 시사점,机构正式研究,C:\Users\WINDOWS\OneDrive\知识库\智库信息爬虫\国际主要科技智库观点演变_研判\03_证据底稿\原文PDF\C-STEPI-A0201-1007.pdf,C:\Users\WINDOWS\OneDrive\知识库\智库信息爬虫\国际主要科技智库观点演变_研判\03_证据底稿\文本\C-STEPI-A0201-1007.txt,https://www.stepi.re.kr/site/stepiko/report/View.do?reIdx=1007,官方PDF已保存并校验
科技人才、大学与知识流动,科技创新政策与能力基线,C-STEPI-A0201-1007,2021-12-30,W2,혁신역량 관점에서 바라본 국내 한계기업의 진단과 시사점,机构正式研究,C:\Users\WINDOWS\OneDrive\知识库\智库信息爬虫\国际主要科技智库观点演变_研判\03_证据底稿\原文PDF\C-STEPI-A0201-1007.pdf,C:\Users\WINDOWS\OneDrive\知识库\智库信息爬虫\国际主要科技智库观点演变_研判\03_证据底稿\文本\C-STEPI-A0201-1007.txt,https://www.stepi.re.kr/site/stepiko/report/View.do?reIdx=1007,官方PDF已保存并校验
产业创新、创业与区域体系,科技创新政策与能力基线,C-STEPI-A0201-1007,2021-12-30,W2,혁신역량 관점에서 바라본 국내 한계기업의 진단과 시사점,机构正式研究,C:\Users\WINDOWS\OneDrive\知识库\智库信息爬虫\国际主要科技智库观点演变_研判\03_证据底稿\原文PDF\C-STEPI-A0201-1007.pdf,C:\Users\WINDOWS\OneDrive\知识库\智库信息爬虫\国际主要科技智库观点演变_研判\03_证据底稿\文本\C-STEPI-A0201-1007.txt,https://www.stepi.re.kr/site/stepiko/report/View.do?reIdx=1007,官方PDF已保存并校验
科技前瞻与未来社会,科技创新政策与能力基线,C-STEPI-A0201-1007,2021-12-30,W2,혁신역량 관점에서 바라본 국내 한계기업의 진단과 시사점,机构正式研究,C:\Users\WINDOWS\OneDrive\知识库\智库信息爬虫\国际主要科技智库观点演变_研判\03_证据底稿\原文PDF\C-STEPI-A0201-1007.pdf,C:\Users\WINDOWS\OneDrive\知识库\智库信息爬虫\国际主要科技智库观点演变_研判\03_证据底稿\文本\C-STEPI-A0201-1007.txt,https://www.stepi.re.kr/site/stepiko/report/View.do?reIdx=1007,官方PDF已保存并校验
人工智能、数据与数字技术,科技创新政策与能力基线,C-STEPI-A0201-1008,2021-12-30,W2,COVID-19 이후 중소·벤처기업 지원 정책의 전환과 설계,机构正式研究,C:\Users\WINDOWS\OneDrive\知识库\智库信息爬虫\国际主要科技智库观点演变_研判\03_证据底稿\原文PDF\C-STEPI-A0201-1008.pdf,C:\Users\WINDOWS\OneDrive\知识库\智库信息爬虫\国际主要科技智库观点演变_研判\03_证据底稿\文本\C-STEPI-A0201-1008.txt,https://www.stepi.re.kr/site/stepiko/report/View.do?reIdx=1008,官方PDF已保存并校验
科研体系、研发投入与评价,科技创新政策与能力基线,C-STEPI-A0201-1008,2021-12-30,W2,COVID-19 이후 중소·벤처기업 지원 정책의 전환과 설계,机构正式研究,C:\Users\WINDOWS\OneDrive\知识库\智库信息爬虫\国际主要科技智库观点演变_研判\03_证据底稿\原文PDF\C-STEPI-A0201-1008.pdf,C:\Users\WINDOWS\OneDrive\知识库\智库信息爬虫\国际主要科技智库观点演变_研判\03_证据底稿\文本\C-STEPI-A0201-1008.txt,https://www.stepi.re.kr/site/stepiko/report/View.do?reIdx=1008,官方PDF已保存并校验
科技人才、大学与知识流动,科技创新政策与能力基线,C-STEPI-A0201-1008,2021-12-30,W2,COVID-19 이후 중소·벤처기업 지원 정책의 전환과 설계,机构正式研究,C:\Users\WINDOWS\OneDrive\知识库\智库信息爬虫\国际主要科技智库观点演变_研判\03_证据底稿\原文PDF\C-STEPI-A0201-1008.pdf,C:\Users\WINDOWS\OneDrive\知识库\智库信息爬虫\国际主要科技智库观点演变_研判\03_证据底稿\文本\C-STEPI-A0201-1008.txt,https://www.stepi.re.kr/site/stepiko/report/View.do?reIdx=1008,官方PDF已保存并校验
产业创新、创业与区域体系,科技创新政策与能力基线,C-STEPI-A0201-1008,2021-12-30,W2,COVID-19 이후 중소·벤처기업 지원 정책의 전환과 설계,机构正式研究,C:\Users\WINDOWS\OneDrive\知识库\智库信息爬虫\国际主要科技智库观点演变_研判\03_证据底稿\原文PDF\C-STEPI-A0201-1008.pdf,C:\Users\WINDOWS\OneDrive\知识库\智库信息爬虫\国际主要科技智库观点演变_研判\03_证据底稿\文本\C-STEPI-A0201-1008.txt,https://www.stepi.re.kr/site/stepiko/report/View.do?reIdx=1008,官方PDF已保存并校验
能源、气候与绿色转型,科技创新政策与能力基线,C-STEPI-A0201-1009,2021-12-30,W2,신기후체제에서의 과학기술을 활용한 국제 탄소시장 참여전략 연구,机构正式研究,C:\Users\WINDOWS\OneDrive\知识库\智库信息爬虫\国际主要科技智库观点演变_研判\03_证据底稿\原文PDF\C-STEPI-A0201-1009.pdf,C:\Users\WINDOWS\OneDrive\知识库\智库信息爬虫\国际主要科技智库观点演变_研判\03_证据底稿\文本\C-STEPI-A0201-1009.txt,https://www.stepi.re.kr/site/stepiko/report/View.do?reIdx=1009,官方PDF已保存并校验
科研体系、研发投入与评价,科技创新政策与能力基线,C-STEPI-A0201-1009,2021-12-30,W2,신기후체제에서의 과학기술을 활용한 국제 탄소시장 참여전략 연구,机构正式研究,C:\Users\WINDOWS\OneDrive\知识库\智库信息爬虫\国际主要科技智库观点演变_研判\03_证据底稿\原文PDF\C-STEPI-A0201-1009.pdf,C:\Users\WINDOWS\OneDrive\知识库\智库信息爬虫\国际主要科技智库观点演变_研判\03_证据底稿\文本\C-STEPI-A0201-1009.txt,https://www.stepi.re.kr/site/stepiko/report/View.do?reIdx=1009,官方PDF已保存并校验
科技人才、大学与知识流动,科技创新政策与能力基线,C-STEPI-A0201-1009,2021-12-30,W2,신기후체제에서의 과학기술을 활용한 국제 탄소시장 참여전략 연구,机构正式研究,C:\Users\WINDOWS\OneDrive\知识库\智库信息爬虫\国际主要科技智库观点演变_研判\03_证据底稿\原文PDF\C-STEPI-A0201-1009.pdf,C:\Users\WINDOWS\OneDrive\知识库\智库信息爬虫\国际主要科技智库观点演变_研判\03_证据底稿\文本\C-STEPI-A0201-1009.txt,https://www.stepi.re.kr/site/stepiko/report/View.do?reIdx=1009,官方PDF已保存并校验
产业创新、创业与区域体系,科技创新政策与能力基线,C-STEPI-A0201-1009,2021-12-30,W2,신기후체제에서의 과학기술을 활용한 국제 탄소시장 참여전략 연구,机构正式研究,C:\Users\WINDOWS\OneDrive\知识库\智库信息爬虫\国际主要科技智库观点演变_研判\03_证据底稿\原文PDF\C-STEPI-A0201-1009.pdf,C:\Users\WINDOWS\OneDrive\知识库\智库信息爬虫\国际主要科技智库观点演变_研判\03_证据底稿\文本\C-STEPI-A0201-1009.txt,https://www.stepi.re.kr/site/stepiko/report/View.do?reIdx=1009,官方PDF已保存并校验
科技前瞻与未来社会,科技创新政策与能力基线,C-STEPI-A0201-1009,2021-12-30,W2,신기후체제에서의 과학기술을 활용한 국제 탄소시장 참여전략 연구,机构正式研究,C:\Users\WINDOWS\OneDrive\知识库\智库信息爬虫\国际主要科技智库观点演变_研判\03_证据底稿\原文PDF\C-STEPI-A0201-1009.pdf,C:\Users\WINDOWS\OneDrive\知识库\智库信息爬虫\国际主要科技智库观点演变_研判\03_证据底稿\文本\C-STEPI-A0201-1009.txt,https://www.stepi.re.kr/site/stepiko/report/View.do?reIdx=1009,官方PDF已保存并校验
人工智能、数据与数字技术,科技创新政策与能力基线,C-STEPI-A0201-1010,2021-12-30,W2,개발재원 행동분야로서 과학기술혁신의 부상과 국내 대응전략,机构正式研究,C:\Users\WINDOWS\OneDrive\知识库\智库信息爬虫\国际主要科技智库观点演变_研判\03_证据底稿\原文PDF\C-STEPI-A0201-1010.pdf,C:\Users\WINDOWS\OneDrive\知识库\智库信息爬虫\国际主要科技智库观点演变_研判\03_证据底稿\文本\C-STEPI-A0201-1010.txt,https://www.stepi.re.kr/site/stepiko/report/View.do?reIdx=1010,官方PDF已保存并校验
科研体系、研发投入与评价,科技创新政策与能力基线,C-STEPI-A0201-1010,2021-12-30,W2,개발재원 행동분야로서 과학기술혁신의 부상과 국내 대응전략,机构正式研究,C:\Users\WINDOWS\OneDrive\知识库\智库信息爬虫\国际主要科技智库观点演变_研判\03_证据底稿\原文PDF\C-STEPI-A0201-1010.pdf,C:\Users\WINDOWS\OneDrive\知识库\智库信息爬虫\国际主要科技智库观点演变_研判\03_证据底稿\文本\C-STEPI-A0201-1010.txt,https://www.stepi.re.kr/site/stepiko/report/View.do?reIdx=1010,官方PDF已保存并校验
产业创新、创业与区域体系,科技创新政策与能力基线,C-STEPI-A0201-1010,2021-12-30,W2,개발재원 행동분야로서 과학기술혁신의 부상과 국내 대응전략,机构正式研究,C:\Users\WINDOWS\OneDrive\知识库\智库信息爬虫\国际主要科技智库观点演变_研判\03_证据底稿\原文PDF\C-STEPI-A0201-1010.pdf,C:\Users\WINDOWS\OneDrive\知识库\智库信息爬虫\国际主要科技智库观点演变_研判\03_证据底稿\文本\C-STEPI-A0201-1010.txt,https://www.stepi.re.kr/site/stepiko/report/View.do?reIdx=1010,官方PDF已保存并校验
技术安全、供应链与国际合作,科技创新政策与能力基线,C-STEPI-A0201-1010,2021-12-30,W2,개발재원 행동분야로서 과학기술혁신의 부상과 국내 대응전략,机构正式研究,C:\Users\WINDOWS\OneDrive\知识库\智库信息爬虫\国际主要科技智库观点演变_研判\03_证据底稿\原文PDF\C-STEPI-A0201-1010.pdf,C:\Users\WINDOWS\OneDrive\知识库\智库信息爬虫\国际主要科技智库观点演变_研判\03_证据底稿\文本\C-STEPI-A0201-1010.txt,https://www.stepi.re.kr/site/stepiko/report/View.do?reIdx=1010,官方PDF已保存并校验
科技前瞻与未来社会,科技创新政策与能力基线,C-STEPI-A0201-1010,2021-12-30,W2,개발재원 행동분야로서 과학기술혁신의 부상과 국내 대응전략,机构正式研究,C:\Users\WINDOWS\OneDrive\知识库\智库信息爬虫\国际主要科技智库观点演变_研判\03_证据底稿\原文PDF\C-STEPI-A0201-1010.pdf,C:\Users\WINDOWS\OneDrive\知识库\智库信息爬虫\国际主要科技智库观点演变_研判\03_证据底稿\文本\C-STEPI-A0201-1010.txt,https://www.stepi.re.kr/site/stepiko/report/View.do?reIdx=1010,官方PDF已保存并校验
生命科学、生物技术与健康,科技创新政策与能力基线,C-STEPI-A0201-1011,2021-12-30,W2,혁신 활성화를 위한 리빙랩에서의 최종 사용자 조직화 모델 연구,机构正式研究,C:\Users\WINDOWS\OneDrive\知识库\智库信息爬虫\国际主要科技智库观点演变_研判\03_证据底稿\原文PDF\C-STEPI-A0201-1011.pdf,C:\Users\WINDOWS\OneDrive\知识库\智库信息爬虫\国际主要科技智库观点演变_研判\03_证据底稿\文本\C-STEPI-A0201-1011.txt,https://www.stepi.re.kr/site/stepiko/report/View.do?reIdx=1011,官方PDF已保存并校验
能源、气候与绿色转型,科技创新政策与能力基线,C-STEPI-A0201-1011,2021-12-30,W2,혁신 활성화를 위한 리빙랩에서의 최종 사용자 조직화 모델 연구,机构正式研究,C:\Users\WINDOWS\OneDrive\知识库\智库信息爬虫\国际主要科技智库观点演变_研判\03_证据底稿\原文PDF\C-STEPI-A0201-1011.pdf,C:\Users\WINDOWS\OneDrive\知识库\智库信息爬虫\国际主要科技智库观点演变_研判\03_证据底稿\文本\C-STEPI-A0201-1011.txt,https://www.stepi.re.kr/site/stepiko/report/View.do?reIdx=1011,官方PDF已保存并校验
科研体系、研发投入与评价,科技创新政策与能力基线,C-STEPI-A0201-1011,2021-12-30,W2,혁신 활성화를 위한 리빙랩에서의 최종 사용자 조직화 모델 연구,机构正式研究,C:\Users\WINDOWS\OneDrive\知识库\智库信息爬虫\国际主要科技智库观点演变_研判\03_证据底稿\原文PDF\C-STEPI-A0201-1011.pdf,C:\Users\WINDOWS\OneDrive\知识库\智库信息爬虫\国际主要科技智库观点演变_研判\03_证据底稿\文本\C-STEPI-A0201-1011.txt,https://www.stepi.re.kr/site/stepiko/report/View.do?reIdx=1011,官方PDF已保存并校验
科技人才、大学与知识流动,科技创新政策与能力基线,C-STEPI-A0201-1011,2021-12-30,W2,혁신 활성화를 위한 리빙랩에서의 최종 사용자 조직화 모델 연구,机构正式研究,C:\Users\WINDOWS\OneDrive\知识库\智库信息爬虫\国际主要科技智库观点演变_研判\03_证据底稿\原文PDF\C-STEPI-A0201-1011.pdf,C:\Users\WINDOWS\OneDrive\知识库\智库信息爬虫\国际主要科技智库观点演变_研判\03_证据底稿\文本\C-STEPI-A0201-1011.txt,https://www.stepi.re.kr/site/stepiko/report/View.do?reIdx=1011,官方PDF已保存并校验
产业创新、创业与区域体系,科技创新政策与能力基线,C-STEPI-A0201-1011,2021-12-30,W2,혁신 활성화를 위한 리빙랩에서의 최종 사용자 조직화 모델 연구,机构正式研究,C:\Users\WINDOWS\OneDrive\知识库\智库信息爬虫\国际主要科技智库观点演变_研判\03_证据底稿\原文PDF\C-STEPI-A0201-1011.pdf,C:\Users\WINDOWS\OneDrive\知识库\智库信息爬虫\国际主要科技智库观点演变_研判\03_证据底稿\文本\C-STEPI-A0201-1011.txt,https://www.stepi.re.kr/site/stepiko/report/View.do?reIdx=1011,官方PDF已保存并校验
科技前瞻与未来社会,科技创新政策与能力基线,C-STEPI-A0201-1011,2021-12-30,W2,혁신 활성화를 위한 리빙랩에서의 최종 사용자 조직화 모델 연구,机构正式研究,C:\Users\WINDOWS\OneDrive\知识库\智库信息爬虫\国际主要科技智库观点演变_研判\03_证据底稿\原文PDF\C-STEPI-A0201-1011.pdf,C:\Users\WINDOWS\OneDrive\知识库\智库信息爬虫\国际主要科技智库观点演变_研判\03_证据底稿\文本\C-STEPI-A0201-1011.txt,https://www.stepi.re.kr/site/stepiko/report/View.do?reIdx=1011,官方PDF已保存并校验
中国科技与国际比较,科技创新政策与能力基线,C-STEPI-A0201-1012,2021-12-30,W2,지속가능발전을 위한 산업·혁신정책 연계 아시아 사례 연구 -  중국·태국  -,机构正式研究,C:\Users\WINDOWS\OneDrive\知识库\智库信息爬虫\国际主要科技智库观点演变_研判\03_证据底稿\原文PDF\C-STEPI-A0201-1012.pdf,C:\Users\WINDOWS\OneDrive\知识库\智库信息爬虫\国际主要科技智库观点演变_研判\03_证据底稿\文本\C-STEPI-A0201-1012.txt,https://www.stepi.re.kr/site/stepiko/report/View.do?reIdx=1012,官方PDF已保存并校验
科研体系、研发投入与评价,科技创新政策与能力基线,C-STEPI-A0201-1012,2021-12-30,W2,지속가능발전을 위한 산업·혁신정책 연계 아시아 사례 연구 -  중국·태국  -,机构正式研究,C:\Users\WINDOWS\OneDrive\知识库\智库信息爬虫\国际主要科技智库观点演变_研判\03_证据底稿\原文PDF\C-STEPI-A0201-1012.pdf,C:\Users\WINDOWS\OneDrive\知识库\智库信息爬虫\国际主要科技智库观点演变_研判\03_证据底稿\文本\C-STEPI-A0201-1012.txt,https://www.stepi.re.kr/site/stepiko/report/View.do?reIdx=1012,官方PDF已保存并校验
产业创新、创业与区域体系,科技创新政策与能力基线,C-STEPI-A0201-1012,2021-12-30,W2,지속가능발전을 위한 산업·혁신정책 연계 아시아 사례 연구 -  중국·태국  -,机构正式研究,C:\Users\WINDOWS\OneDrive\知识库\智库信息爬虫\国际主要科技智库观点演变_研判\03_证据底稿\原文PDF\C-STEPI-A0201-1012.pdf,C:\Users\WINDOWS\OneDrive\知识库\智库信息爬虫\国际主要科技智库观点演变_研判\03_证据底稿\文本\C-STEPI-A0201-1012.txt,https://www.stepi.re.kr/site/stepiko/report/View.do?reIdx=1012,官方PDF已保存并校验
中国科技与国际比较,科技创新政策与能力基线,C-STEPI-A0201-1013,2021-12-30,W2,한국형 글로벌 인재 허브전략 수립을 위한 개념적 틀,机构正式研究,C:\Users\WINDOWS\OneDrive\知识库\智库信息爬虫\国际主要科技智库观点演变_研判\03_证据底稿\原文PDF\C-STEPI-A0201-1013.pdf,C:\Users\WINDOWS\OneDrive\知识库\智库信息爬虫\国际主要科技智库观点演变_研判\03_证据底稿\文本\C-STEPI-A0201-1013.txt,https://www.stepi.re.kr/site/stepiko/report/View.do?reIdx=1013,官方PDF已保存并校验
人工智能、数据与数字技术,科技创新政策与能力基线,C-STEPI-A0201-1013,2021-12-30,W2,한국형 글로벌 인재 허브전략 수립을 위한 개념적 틀,机构正式研究,C:\Users\WINDOWS\OneDrive\知识库\智库信息爬虫\国际主要科技智库观点演变_研判\03_证据底稿\原文PDF\C-STEPI-A0201-1013.pdf,C:\Users\WINDOWS\OneDrive\知识库\智库信息爬虫\国际主要科技智库观点演变_研判\03_证据底稿\文本\C-STEPI-A0201-1013.txt,https://www.stepi.re.kr/site/stepiko/report/View.do?reIdx=1013,官方PDF已保存并校验
科研体系、研发投入与评价,科技创新政策与能力基线,C-STEPI-A0201-1013,2021-12-30,W2,한국형 글로벌 인재 허브전략 수립을 위한 개념적 틀,机构正式研究,C:\Users\WINDOWS\OneDrive\知识库\智库信息爬虫\国际主要科技智库观点演变_研判\03_证据底稿\原文PDF\C-STEPI-A0201-1013.pdf,C:\Users\WINDOWS\OneDrive\知识库\智库信息爬虫\国际主要科技智库观点演变_研判\03_证据底稿\文本\C-STEPI-A0201-1013.txt,https://www.stepi.re.kr/site/stepiko/report/View.do?reIdx=1013,官方PDF已保存并校验
科技人才、大学与知识流动,科技创新政策与能力基线,C-STEPI-A0201-1013,2021-12-30,W2,한국형 글로벌 인재 허브전략 수립을 위한 개념적 틀,机构正式研究,C:\Users\WINDOWS\OneDrive\知识库\智库信息爬虫\国际主要科技智库观点演变_研判\03_证据底稿\原文PDF\C-STEPI-A0201-1013.pdf,C:\Users\WINDOWS\OneDrive\知识库\智库信息爬虫\国际主要科技智库观点演变_研判\03_证据底稿\文本\C-STEPI-A0201-1013.txt,https://www.stepi.re.kr/site/stepiko/report/View.do?reIdx=1013,官方PDF已保存并校验
产业创新、创业与区域体系,科技创新政策与能力基线,C-STEPI-A0201-1013,2021-12-30,W2,한국형 글로벌 인재 허브전략 수립을 위한 개념적 틀,机构正式研究,C:\Users\WINDOWS\OneDrive\知识库\智库信息爬虫\国际主要科技智库观点演变_研判\03_证据底稿\原文PDF\C-STEPI-A0201-1013.pdf,C:\Users\WINDOWS\OneDrive\知识库\智库信息爬虫\国际主要科技智库观点演变_研判\03_证据底稿\文本\C-STEPI-A0201-1013.txt,https://www.stepi.re.kr/site/stepiko/report/View.do?reIdx=1013,官方PDF已保存并校验
技术安全、供应链与国际合作,科技创新政策与能力基线,C-STEPI-A0201-1013,2021-12-30,W2,한국형 글로벌 인재 허브전략 수립을 위한 개념적 틀,机构正式研究,C:\Users\WINDOWS\OneDrive\知识库\智库信息爬虫\国际主要科技智库观点演变_研判\03_证据底稿\原文PDF\C-STEPI-A0201-1013.pdf,C:\Users\WINDOWS\OneDrive\知识库\智库信息爬虫\国际主要科技智库观点演变_研判\03_证据底稿\文本\C-STEPI-A0201-1013.txt,https://www.stepi.re.kr/site/stepiko/report/View.do?reIdx=1013,官方PDF已保存并校验
科技前瞻与未来社会,科技创新政策与能力基线,C-STEPI-A0201-1013,2021-12-30,W2,한국형 글로벌 인재 허브전략 수립을 위한 개념적 틀,机构正式研究,C:\Users\WINDOWS\OneDrive\知识库\智库信息爬虫\国际主要科技智库观点演变_研判\03_证据底稿\原文PDF\C-STEPI-A0201-1013.pdf,C:\Users\WINDOWS\OneDrive\知识库\智库信息爬虫\国际主要科技智库观点演变_研判\03_证据底稿\文本\C-STEPI-A0201-1013.txt,https://www.stepi.re.kr/site/stepiko/report/View.do?reIdx=1013,官方PDF已保存并校验
中国科技与国际比较,核心科技直接材料,C-STEPI-A0201-1014,2021-12-30,W2,모빌리티 산업의 경쟁 지형을 고려한 디지털 전환 추진 전략 연구,机构正式研究,C:\Users\WINDOWS\OneDrive\知识库\智库信息爬虫\国际主要科技智库观点演变_研判\03_证据底稿\原文PDF\C-STEPI-A0201-1014.pdf,C:\Users\WINDOWS\OneDrive\知识库\智库信息爬虫\国际主要科技智库观点演变_研判\03_证据底稿\文本\C-STEPI-A0201-1014.txt,https://www.stepi.re.kr/site/stepiko/report/View.do?reIdx=1014,官方PDF已保存并校验
人工智能、数据与数字技术,核心科技直接材料,C-STEPI-A0201-1014,2021-12-30,W2,모빌리티 산업의 경쟁 지형을 고려한 디지털 전환 추진 전략 연구,机构正式研究,C:\Users\WINDOWS\OneDrive\知识库\智库信息爬虫\国际主要科技智库观点演变_研判\03_证据底稿\原文PDF\C-STEPI-A0201-1014.pdf,C:\Users\WINDOWS\OneDrive\知识库\智库信息爬虫\国际主要科技智库观点演变_研判\03_证据底稿\文本\C-STEPI-A0201-1014.txt,https://www.stepi.re.kr/site/stepiko/report/View.do?reIdx=1014,官方PDF已保存并校验
能源、气候与绿色转型,核心科技直接材料,C-STEPI-A0201-1014,2021-12-30,W2,모빌리티 산업의 경쟁 지형을 고려한 디지털 전환 추진 전략 연구,机构正式研究,C:\Users\WINDOWS\OneDrive\知识库\智库信息爬虫\国际主要科技智库观点演变_研判\03_证据底稿\原文PDF\C-STEPI-A0201-1014.pdf,C:\Users\WINDOWS\OneDrive\知识库\智库信息爬虫\国际主要科技智库观点演变_研判\03_证据底稿\文本\C-STEPI-A0201-1014.txt,https://www.stepi.re.kr/site/stepiko/report/View.do?reIdx=1014,官方PDF已保存并校验
科研体系、研发投入与评价,核心科技直接材料,C-STEPI-A0201-1014,2021-12-30,W2,모빌리티 산업의 경쟁 지형을 고려한 디지털 전환 추진 전략 연구,机构正式研究,C:\Users\WINDOWS\OneDrive\知识库\智库信息爬虫\国际主要科技智库观点演变_研判\03_证据底稿\原文PDF\C-STEPI-A0201-1014.pdf,C:\Users\WINDOWS\OneDrive\知识库\智库信息爬虫\国际主要科技智库观点演变_研判\03_证据底稿\文本\C-STEPI-A0201-1014.txt,https://www.stepi.re.kr/site/stepiko/report/View.do?reIdx=1014,官方PDF已保存并校验
科技人才、大学与知识流动,核心科技直接材料,C-STEPI-A0201-1014,2021-12-30,W2,모빌리티 산업의 경쟁 지형을 고려한 디지털 전환 추진 전략 연구,机构正式研究,C:\Users\WINDOWS\OneDrive\知识库\智库信息爬虫\国际主要科技智库观点演变_研判\03_证据底稿\原文PDF\C-STEPI-A0201-1014.pdf,C:\Users\WINDOWS\OneDrive\知识库\智库信息爬虫\国际主要科技智库观点演变_研判\03_证据底稿\文本\C-STEPI-A0201-1014.txt,https://www.stepi.re.kr/site/stepiko/report/View.do?reIdx=1014,官方PDF已保存并校验
产业创新、创业与区域体系,核心科技直接材料,C-STEPI-A0201-1014,2021-12-30,W2,모빌리티 산업의 경쟁 지형을 고려한 디지털 전환 추진 전략 연구,机构正式研究,C:\Users\WINDOWS\OneDrive\知识库\智库信息爬虫\国际主要科技智库观点演变_研判\03_证据底稿\原文PDF\C-STEPI-A0201-1014.pdf,C:\Users\WINDOWS\OneDrive\知识库\智库信息爬虫\国际主要科技智库观点演变_研判\03_证据底稿\文本\C-STEPI-A0201-1014.txt,https://www.stepi.re.kr/site/stepiko/report/View.do?reIdx=1014,官方PDF已保存并校验
科技前瞻与未来社会,核心科技直接材料,C-STEPI-A0201-1014,2021-12-30,W2,모빌리티 산업의 경쟁 지형을 고려한 디지털 전환 추진 전략 연구,机构正式研究,C:\Users\WINDOWS\OneDrive\知识库\智库信息爬虫\国际主要科技智库观点演变_研判\03_证据底稿\原文PDF\C-STEPI-A0201-1014.pdf,C:\Users\WINDOWS\OneDrive\知识库\智库信息爬虫\国际主要科技智库观点演变_研判\03_证据底稿\文本\C-STEPI-A0201-1014.txt,https://www.stepi.re.kr/site/stepiko/report/View.do?reIdx=1014,官方PDF已保存并校验
科研体系、研发投入与评价,科技创新政策与能力基线,C-STEPI-A0201-1015,2021-12-30,W2,국가 R&D 체계 개선을 위한 제언,机构正式研究,C:\Users\WINDOWS\OneDrive\知识库\智库信息爬虫\国际主要科技智库观点演变_研判\03_证据底稿\原文PDF\C-STEPI-A0201-1015.pdf,C:\Users\WINDOWS\OneDrive\知识库\智库信息爬虫\国际主要科技智库观点演变_研判\03_证据底稿\文本\C-STEPI-A0201-1015.txt,https://www.stepi.re.kr/site/stepiko/report/View.do?reIdx=1015,官方PDF已保存并校验
科技人才、大学与知识流动,科技创新政策与能力基线,C-STEPI-A0201-1015,2021-12-30,W2,국가 R&D 체계 개선을 위한 제언,机构正式研究,C:\Users\WINDOWS\OneDrive\知识库\智库信息爬虫\国际主要科技智库观点演变_研判\03_证据底稿\原文PDF\C-STEPI-A0201-1015.pdf,C:\Users\WINDOWS\OneDrive\知识库\智库信息爬虫\国际主要科技智库观点演变_研判\03_证据底稿\文本\C-STEPI-A0201-1015.txt,https://www.stepi.re.kr/site/stepiko/report/View.do?reIdx=1015,官方PDF已保存并校验
产业创新、创业与区域体系,科技创新政策与能力基线,C-STEPI-A0201-1015,2021-12-30,W2,국가 R&D 체계 개선을 위한 제언,机构正式研究,C:\Users\WINDOWS\OneDrive\知识库\智库信息爬虫\国际主要科技智库观点演变_研判\03_证据底稿\原文PDF\C-STEPI-A0201-1015.pdf,C:\Users\WINDOWS\OneDrive\知识库\智库信息爬虫\国际主要科技智库观点演变_研判\03_证据底稿\文本\C-STEPI-A0201-1015.txt,https://www.stepi.re.kr/site/stepiko/report/View.do?reIdx=1015,官方PDF已保存并校验
科技前瞻与未来社会,科技创新政策与能力基线,C-STEPI-A0201-1015,2021-12-30,W2,국가 R&D 체계 개선을 위한 제언,机构正式研究,C:\Users\WINDOWS\OneDrive\知识库\智库信息爬虫\国际主要科技智库观点演变_研判\03_证据底稿\原文PDF\C-STEPI-A0201-1015.pdf,C:\Users\WINDOWS\OneDrive\知识库\智库信息爬虫\国际主要科技智库观点演变_研判\03_证据底稿\文本\C-STEPI-A0201-1015.txt,https://www.stepi.re.kr/site/stepiko/report/View.do?reIdx=1015,官方PDF已保存并校验
中国科技与国际比较,科技创新政策与能力基线,C-STEPI-A0201-1016,2021-12-30,W2,플랫폼 경제의 부상과 혁신적이고 공정한 산업 생태계 조성 방안,机构正式研究,C:\Users\WINDOWS\OneDrive\知识库\智库信息爬虫\国际主要科技智库观点演变_研判\03_证据底稿\原文PDF\C-STEPI-A0201-1016.pdf,C:\Users\WINDOWS\OneDrive\知识库\智库信息爬虫\国际主要科技智库观点演变_研判\03_证据底稿\文本\C-STEPI-A0201-1016.txt,https://www.stepi.re.kr/site/stepiko/report/View.do?reIdx=1016,官方PDF已保存并校验
人工智能、数据与数字技术,科技创新政策与能力基线,C-STEPI-A0201-1016,2021-12-30,W2,플랫폼 경제의 부상과 혁신적이고 공정한 산업 생태계 조성 방안,机构正式研究,C:\Users\WINDOWS\OneDrive\知识库\智库信息爬虫\国际主要科技智库观点演变_研判\03_证据底稿\原文PDF\C-STEPI-A0201-1016.pdf,C:\Users\WINDOWS\OneDrive\知识库\智库信息爬虫\国际主要科技智库观点演变_研判\03_证据底稿\文本\C-STEPI-A0201-1016.txt,https://www.stepi.re.kr/site/stepiko/report/View.do?reIdx=1016,官方PDF已保存并校验
生命科学、生物技术与健康,科技创新政策与能力基线,C-STEPI-A0201-1016,2021-12-30,W2,플랫폼 경제의 부상과 혁신적이고 공정한 산업 생태계 조성 방안,机构正式研究,C:\Users\WINDOWS\OneDrive\知识库\智库信息爬虫\国际主要科技智库观点演变_研判\03_证据底稿\原文PDF\C-STEPI-A0201-1016.pdf,C:\Users\WINDOWS\OneDrive\知识库\智库信息爬虫\国际主要科技智库观点演变_研判\03_证据底稿\文本\C-STEPI-A0201-1016.txt,https://www.stepi.re.kr/site/stepiko/report/View.do?reIdx=1016,官方PDF已保存并校验
科研体系、研发投入与评价,科技创新政策与能力基线,C-STEPI-A0201-1016,2021-12-30,W2,플랫폼 경제의 부상과 혁신적이고 공정한 산업 생태계 조성 방안,机构正式研究,C:\Users\WINDOWS\OneDrive\知识库\智库信息爬虫\国际主要科技智库观点演变_研判\03_证据底稿\原文PDF\C-STEPI-A0201-1016.pdf,C:\Users\WINDOWS\OneDrive\知识库\智库信息爬虫\国际主要科技智库观点演变_研判\03_证据底稿\文本\C-STEPI-A0201-1016.txt,https://www.stepi.re.kr/site/stepiko/report/View.do?reIdx=1016,官方PDF已保存并校验
科技人才、大学与知识流动,科技创新政策与能力基线,C-STEPI-A0201-1016,2021-12-30,W2,플랫폼 경제의 부상과 혁신적이고 공정한 산업 생태계 조성 방안,机构正式研究,C:\Users\WINDOWS\OneDrive\知识库\智库信息爬虫\国际主要科技智库观点演变_研判\03_证据底稿\原文PDF\C-STEPI-A0201-1016.pdf,C:\Users\WINDOWS\OneDrive\知识库\智库信息爬虫\国际主要科技智库观点演变_研判\03_证据底稿\文本\C-STEPI-A0201-1016.txt,https://www.stepi.re.kr/site/stepiko/report/View.do?reIdx=1016,官方PDF已保存并校验
产业创新、创业与区域体系,科技创新政策与能力基线,C-STEPI-A0201-1016,2021-12-30,W2,플랫폼 경제의 부상과 혁신적이고 공정한 산업 생태계 조성 방안,机构正式研究,C:\Users\WINDOWS\OneDrive\知识库\智库信息爬虫\国际主要科技智库观点演变_研判\03_证据底稿\原文PDF\C-STEPI-A0201-1016.pdf,C:\Users\WINDOWS\OneDrive\知识库\智库信息爬虫\国际主要科技智库观点演变_研判\03_证据底稿\文本\C-STEPI-A0201-1016.txt,https://www.stepi.re.kr/site/stepiko/report/View.do?reIdx=1016,官方PDF已保存并校验
科技前瞻与未来社会,科技创新政策与能力基线,C-STEPI-A0201-1016,2021-12-30,W2,플랫폼 경제의 부상과 혁신적이고 공정한 산업 생태계 조성 방안,机构正式研究,C:\Users\WINDOWS\OneDrive\知识库\智库信息爬虫\国际主要科技智库观点演变_研判\03_证据底稿\原文PDF\C-STEPI-A0201-1016.pdf,C:\Users\WINDOWS\OneDrive\知识库\智库信息爬虫\国际主要科技智库观点演变_研判\03_证据底稿\文本\C-STEPI-A0201-1016.txt,https://www.stepi.re.kr/site/stepiko/report/View.do?reIdx=1016,官方PDF已保存并校验
人工智能、数据与数字技术,科技创新政策与能力基线,C-STEPI-A0201-1017,2021-12-30,W2,정부 지역혁신계획의 체계성 제고 방안,机构正式研究,C:\Users\WINDOWS\OneDrive\知识库\智库信息爬虫\国际主要科技智库观点演变_研判\03_证据底稿\原文PDF\C-STEPI-A0201-1017.pdf,C:\Users\WINDOWS\OneDrive\知识库\智库信息爬虫\国际主要科技智库观点演变_研判\03_证据底稿\文本\C-STEPI-A0201-1017.txt,https://www.stepi.re.kr/site/stepiko/report/View.do?reIdx=1017,官方PDF已保存并校验
能源、气候与绿色转型,科技创新政策与能力基线,C-STEPI-A0201-1017,2021-12-30,W2,정부 지역혁신계획의 체계성 제고 방안,机构正式研究,C:\Users\WINDOWS\OneDrive\知识库\智库信息爬虫\国际主要科技智库观点演变_研判\03_证据底稿\原文PDF\C-STEPI-A0201-1017.pdf,C:\Users\WINDOWS\OneDrive\知识库\智库信息爬虫\国际主要科技智库观点演变_研判\03_证据底稿\文本\C-STEPI-A0201-1017.txt,https://www.stepi.re.kr/site/stepiko/report/View.do?reIdx=1017,官方PDF已保存并校验
科研体系、研发投入与评价,科技创新政策与能力基线,C-STEPI-A0201-1017,2021-12-30,W2,정부 지역혁신계획의 체계성 제고 방안,机构正式研究,C:\Users\WINDOWS\OneDrive\知识库\智库信息爬虫\国际主要科技智库观点演变_研判\03_证据底稿\原文PDF\C-STEPI-A0201-1017.pdf,C:\Users\WINDOWS\OneDrive\知识库\智库信息爬虫\国际主要科技智库观点演变_研判\03_证据底稿\文本\C-STEPI-A0201-1017.txt,https://www.stepi.re.kr/site/stepiko/report/View.do?reIdx=1017,官方PDF已保存并校验
科技人才、大学与知识流动,科技创新政策与能力基线,C-STEPI-A0201-1017,2021-12-30,W2,정부 지역혁신계획의 체계성 제고 방안,机构正式研究,C:\Users\WINDOWS\OneDrive\知识库\智库信息爬虫\国际主要科技智库观点演变_研判\03_证据底稿\原文PDF\C-STEPI-A0201-1017.pdf,C:\Users\WINDOWS\OneDrive\知识库\智库信息爬虫\国际主要科技智库观点演变_研判\03_证据底稿\文本\C-STEPI-A0201-1017.txt,https://www.stepi.re.kr/site/stepiko/report/View.do?reIdx=1017,官方PDF已保存并校验
产业创新、创业与区域体系,科技创新政策与能力基线,C-STEPI-A0201-1017,2021-12-30,W2,정부 지역혁신계획의 체계성 제고 방안,机构正式研究,C:\Users\WINDOWS\OneDrive\知识库\智库信息爬虫\国际主要科技智库观点演变_研判\03_证据底稿\原文PDF\C-STEPI-A0201-1017.pdf,C:\Users\WINDOWS\OneDrive\知识库\智库信息爬虫\国际主要科技智库观点演变_研判\03_证据底稿\文本\C-STEPI-A0201-1017.txt,https://www.stepi.re.kr/site/stepiko/report/View.do?reIdx=1017,官方PDF已保存并校验
科技前瞻与未来社会,科技创新政策与能力基线,C-STEPI-A0201-1017,2021-12-30,W2,정부 지역혁신계획의 체계성 제고 방안,机构正式研究,C:\Users\WINDOWS\OneDrive\知识库\智库信息爬虫\国际主要科技智库观点演变_研判\03_证据底稿\原文PDF\C-STEPI-A0201-1017.pdf,C:\Users\WINDOWS\OneDrive\知识库\智库信息爬虫\国际主要科技智库观点演变_研判\03_证据底稿\文本\C-STEPI-A0201-1017.txt,https://www.stepi.re.kr/site/stepiko/report/View.do?reIdx=1017,官方PDF已保存并校验
人工智能、数据与数字技术,科技创新政策与能力基线,C-STEPI-A0201-1018,2021-12-30,W2,과기외교 효과 분석 및 기반 구축 방안,机构正式研究,C:\Users\WINDOWS\OneDrive\知识库\智库信息爬虫\国际主要科技智库观点演变_研判\03_证据底稿\原文PDF\C-STEPI-A0201-1018.pdf,C:\Users\WINDOWS\OneDrive\知识库\智库信息爬虫\国际主要科技智库观点演变_研判\03_证据底稿\文本\C-STEPI-A0201-1018.txt,https://www.stepi.re.kr/site/stepiko/report/View.do?reIdx=1018,官方PDF已保存并校验
能源、气候与绿色转型,科技创新政策与能力基线,C-STEPI-A0201-1018,2021-12-30,W2,과기외교 효과 분석 및 기반 구축 방안,机构正式研究,C:\Users\WINDOWS\OneDrive\知识库\智库信息爬虫\国际主要科技智库观点演变_研判\03_证据底稿\原文PDF\C-STEPI-A0201-1018.pdf,C:\Users\WINDOWS\OneDrive\知识库\智库信息爬虫\国际主要科技智库观点演变_研判\03_证据底稿\文本\C-STEPI-A0201-1018.txt,https://www.stepi.re.kr/site/stepiko/report/View.do?reIdx=1018,官方PDF已保存并校验
科研体系、研发投入与评价,科技创新政策与能力基线,C-STEPI-A0201-1018,2021-12-30,W2,과기외교 효과 분석 및 기반 구축 방안,机构正式研究,C:\Users\WINDOWS\OneDrive\知识库\智库信息爬虫\国际主要科技智库观点演变_研判\03_证据底稿\原文PDF\C-STEPI-A0201-1018.pdf,C:\Users\WINDOWS\OneDrive\知识库\智库信息爬虫\国际主要科技智库观点演变_研判\03_证据底稿\文本\C-STEPI-A0201-1018.txt,https://www.stepi.re.kr/site/stepiko/report/View.do?reIdx=1018,官方PDF已保存并校验
科技人才、大学与知识流动,科技创新政策与能力基线,C-STEPI-A0201-1018,2021-12-30,W2,과기외교 효과 분석 및 기반 구축 방안,机构正式研究,C:\Users\WINDOWS\OneDrive\知识库\智库信息爬虫\国际主要科技智库观点演变_研判\03_证据底稿\原文PDF\C-STEPI-A0201-1018.pdf,C:\Users\WINDOWS\OneDrive\知识库\智库信息爬虫\国际主要科技智库观点演变_研判\03_证据底稿\文本\C-STEPI-A0201-1018.txt,https://www.stepi.re.kr/site/stepiko/report/View.do?reIdx=1018,官方PDF已保存并校验
产业创新、创业与区域体系,科技创新政策与能力基线,C-STEPI-A0201-1018,2021-12-30,W2,과기외교 효과 분석 및 기반 구축 방안,机构正式研究,C:\Users\WINDOWS\OneDrive\知识库\智库信息爬虫\国际主要科技智库观点演变_研判\03_证据底稿\原文PDF\C-STEPI-A0201-1018.pdf,C:\Users\WINDOWS\OneDrive\知识库\智库信息爬虫\国际主要科技智库观点演变_研判\03_证据底稿\文本\C-STEPI-A0201-1018.txt,https://www.stepi.re.kr/site/stepiko/report/View.do?reIdx=1018,官方PDF已保存并校验
技术安全、供应链与国际合作,科技创新政策与能力基线,C-STEPI-A0201-1018,2021-12-30,W2,과기외교 효과 분석 및 기반 구축 방안,机构正式研究,C:\Users\WINDOWS\OneDrive\知识库\智库信息爬虫\国际主要科技智库观点演变_研判\03_证据底稿\原文PDF\C-STEPI-A0201-1018.pdf,C:\Users\WINDOWS\OneDrive\知识库\智库信息爬虫\国际主要科技智库观点演变_研判\03_证据底稿\文本\C-STEPI-A0201-1018.txt,https://www.stepi.re.kr/site/stepiko/report/View.do?reIdx=1018,官方PDF已保存并校验
科技前瞻与未来社会,科技创新政策与能力基线,C-STEPI-A0201-1018,2021-12-30,W2,과기외교 효과 분석 및 기반 구축 방안,机构正式研究,C:\Users\WINDOWS\OneDrive\知识库\智库信息爬虫\国际主要科技智库观点演变_研判\03_证据底稿\原文PDF\C-STEPI-A0201-1018.pdf,C:\Users\WINDOWS\OneDrive\知识库\智库信息爬虫\国际主要科技智库观点演变_研判\03_证据底稿\文本\C-STEPI-A0201-1018.txt,https://www.stepi.re.kr/site/stepiko/report/View.do?reIdx=1018,官方PDF已保存并校验
科研体系、研发投入与评价,科技创新政策与能力基线,C-STEPI-A0201-1019,2021-12-30,W2,기업 연구개발 촉진을 위한 기술료 제도 변경의 주요내용과 개선과제,机构正式研究,C:\Users\WINDOWS\OneDrive\知识库\智库信息爬虫\国际主要科技智库观点演变_研判\03_证据底稿\原文PDF\C-STEPI-A0201-1019.pdf,C:\Users\WINDOWS\OneDrive\知识库\智库信息爬虫\国际主要科技智库观点演变_研判\03_证据底稿\文本\C-STEPI-A0201-1019.txt,https://www.stepi.re.kr/site/stepiko/report/View.do?reIdx=1019,官方PDF已保存并校验
科技人才、大学与知识流动,科技创新政策与能力基线,C-STEPI-A0201-1019,2021-12-30,W2,기업 연구개발 촉진을 위한 기술료 제도 변경의 주요내용과 개선과제,机构正式研究,C:\Users\WINDOWS\OneDrive\知识库\智库信息爬虫\国际主要科技智库观点演变_研判\03_证据底稿\原文PDF\C-STEPI-A0201-1019.pdf,C:\Users\WINDOWS\OneDrive\知识库\智库信息爬虫\国际主要科技智库观点演变_研判\03_证据底稿\文本\C-STEPI-A0201-1019.txt,https://www.stepi.re.kr/site/stepiko/report/View.do?reIdx=1019,官方PDF已保存并校验
产业创新、创业与区域体系,科技创新政策与能力基线,C-STEPI-A0201-1019,2021-12-30,W2,기업 연구개발 촉진을 위한 기술료 제도 변경의 주요내용과 개선과제,机构正式研究,C:\Users\WINDOWS\OneDrive\知识库\智库信息爬虫\国际主要科技智库观点演变_研判\03_证据底稿\原文PDF\C-STEPI-A0201-1019.pdf,C:\Users\WINDOWS\OneDrive\知识库\智库信息爬虫\国际主要科技智库观点演变_研判\03_证据底稿\文本\C-STEPI-A0201-1019.txt,https://www.stepi.re.kr/site/stepiko/report/View.do?reIdx=1019,官方PDF已保存并校验
科技前瞻与未来社会,科技创新政策与能力基线,C-STEPI-A0201-1019,2021-12-30,W2,기업 연구개발 촉진을 위한 기술료 제도 변경의 주요내용과 개선과제,机构正式研究,C:\Users\WINDOWS\OneDrive\知识库\智库信息爬虫\国际主要科技智库观点演变_研判\03_证据底稿\原文PDF\C-STEPI-A0201-1019.pdf,C:\Users\WINDOWS\OneDrive\知识库\智库信息爬虫\国际主要科技智库观点演变_研判\03_证据底稿\文本\C-STEPI-A0201-1019.txt,https://www.stepi.re.kr/site/stepiko/report/View.do?reIdx=1019,官方PDF已保存并校验
人工智能、数据与数字技术,科技创新政策与能力基线,C-STEPI-A0201-1020,2021-12-30,W2,과학기술기반 미래연구사업 (13차년도),机构正式研究,C:\Users\WINDOWS\OneDrive\知识库\智库信息爬虫\国际主要科技智库观点演变_研判\03_证据底稿\原文PDF\C-STEPI-A0201-1020.pdf,C:\Users\WINDOWS\OneDrive\知识库\智库信息爬虫\国际主要科技智库观点演变_研判\03_证据底稿\文本\C-STEPI-A0201-1020.txt,https://www.stepi.re.kr/site/stepiko/report/View.do?reIdx=1020,官方PDF已保存并校验
科研体系、研发投入与评价,科技创新政策与能力基线,C-STEPI-A0201-1020,2021-12-30,W2,과학기술기반 미래연구사업 (13차년도),机构正式研究,C:\Users\WINDOWS\OneDrive\知识库\智库信息爬虫\国际主要科技智库观点演变_研判\03_证据底稿\原文PDF\C-STEPI-A0201-1020.pdf,C:\Users\WINDOWS\OneDrive\知识库\智库信息爬虫\国际主要科技智库观点演变_研判\03_证据底稿\文本\C-STEPI-A0201-1020.txt,https://www.stepi.re.kr/site/stepiko/report/View.do?reIdx=1020,官方PDF已保存并校验
科技人才、大学与知识流动,科技创新政策与能力基线,C-STEPI-A0201-1020,2021-12-30,W2,과학기술기반 미래연구사업 (13차년도),机构正式研究,C:\Users\WINDOWS\OneDrive\知识库\智库信息爬虫\国际主要科技智库观点演变_研判\03_证据底稿\原文PDF\C-STEPI-A0201-1020.pdf,C:\Users\WINDOWS\OneDrive\知识库\智库信息爬虫\国际主要科技智库观点演变_研判\03_证据底稿\文本\C-STEPI-A0201-1020.txt,https://www.stepi.re.kr/site/stepiko/report/View.do?reIdx=1020,官方PDF已保存并校验
产业创新、创业与区域体系,科技创新政策与能力基线,C-STEPI-A0201-1020,2021-12-30,W2,과학기술기반 미래연구사업 (13차년도),机构正式研究,C:\Users\WINDOWS\OneDrive\知识库\智库信息爬虫\国际主要科技智库观点演变_研判\03_证据底稿\原文PDF\C-STEPI-A0201-1020.pdf,C:\Users\WINDOWS\OneDrive\知识库\智库信息爬虫\国际主要科技智库观点演变_研判\03_证据底稿\文本\C-STEPI-A0201-1020.txt,https://www.stepi.re.kr/site/stepiko/report/View.do?reIdx=1020,官方PDF已保存并校验
科技前瞻与未来社会,科技创新政策与能力基线,C-STEPI-A0201-1020,2021-12-30,W2,과학기술기반 미래연구사업 (13차년도),机构正式研究,C:\Users\WINDOWS\OneDrive\知识库\智库信息爬虫\国际主要科技智库观点演变_研判\03_证据底稿\原文PDF\C-STEPI-A0201-1020.pdf,C:\Users\WINDOWS\OneDrive\知识库\智库信息爬虫\国际主要科技智库观点演变_研判\03_证据底稿\文本\C-STEPI-A0201-1020.txt,https://www.stepi.re.kr/site/stepiko/report/View.do?reIdx=1020,官方PDF已保存并校验
中国科技与国际比较,核心科技直接材料,C-STEPI-A0201-1021,2021-12-30,W2,중국(중화권) 첨단기술 모니터링 및 DB 구축사업: 스마트 교육·디지털 헬스케어 (10차년도),机构正式研究,C:\Users\WINDOWS\OneDrive\知识库\智库信息爬虫\国际主要科技智库观点演变_研判\03_证据底稿\原文PDF\C-STEPI-A0201-1021.pdf,C:\Users\WINDOWS\OneDrive\知识库\智库信息爬虫\国际主要科技智库观点演变_研判\03_证据底稿\文本\C-STEPI-A0201-1021.txt,https://www.stepi.re.kr/site/stepiko/report/View.do?cateCont=A0201&reIdx=1021,官方PDF已保存并校验
人工智能、数据与数字技术,核心科技直接材料,C-STEPI-A0201-1021,2021-12-30,W2,중국(중화권) 첨단기술 모니터링 및 DB 구축사업: 스마트 교육·디지털 헬스케어 (10차년도),机构正式研究,C:\Users\WINDOWS\OneDrive\知识库\智库信息爬虫\国际主要科技智库观点演变_研判\03_证据底稿\原文PDF\C-STEPI-A0201-1021.pdf,C:\Users\WINDOWS\OneDrive\知识库\智库信息爬虫\国际主要科技智库观点演变_研判\03_证据底稿\文本\C-STEPI-A0201-1021.txt,https://www.stepi.re.kr/site/stepiko/report/View.do?cateCont=A0201&reIdx=1021,官方PDF已保存并校验
半导体、量子与战略技术,核心科技直接材料,C-STEPI-A0201-1021,2021-12-30,W2,중국(중화권) 첨단기술 모니터링 및 DB 구축사업: 스마트 교육·디지털 헬스케어 (10차년도),机构正式研究,C:\Users\WINDOWS\OneDrive\知识库\智库信息爬虫\国际主要科技智库观点演变_研判\03_证据底稿\原文PDF\C-STEPI-A0201-1021.pdf,C:\Users\WINDOWS\OneDrive\知识库\智库信息爬虫\国际主要科技智库观点演变_研判\03_证据底稿\文本\C-STEPI-A0201-1021.txt,https://www.stepi.re.kr/site/stepiko/report/View.do?cateCont=A0201&reIdx=1021,官方PDF已保存并校验
生命科学、生物技术与健康,核心科技直接材料,C-STEPI-A0201-1021,2021-12-30,W2,중국(중화권) 첨단기술 모니터링 및 DB 구축사업: 스마트 교육·디지털 헬스케어 (10차년도),机构正式研究,C:\Users\WINDOWS\OneDrive\知识库\智库信息爬虫\国际主要科技智库观点演变_研判\03_证据底稿\原文PDF\C-STEPI-A0201-1021.pdf,C:\Users\WINDOWS\OneDrive\知识库\智库信息爬虫\国际主要科技智库观点演变_研判\03_证据底稿\文本\C-STEPI-A0201-1021.txt,https://www.stepi.re.kr/site/stepiko/report/View.do?cateCont=A0201&reIdx=1021,官方PDF已保存并校验
科技创新政策与研究体系,科技创新政策与能力基线,C-STEPI-A0201-1022,2021-12-30,W2,기술규제 개혁을 위한 의제설정 연구사업 (5차년도),机构正式研究,,,https://www.stepi.re.kr/site/stepiko/report/View.do?reIdx=1022,官方目录无PDF
产业创新、创业与区域体系,科技创新政策与能力基线,C-STEPI-A0201-1023,2021-12-30,W2,국가 난제 해결을 위한 과학기술 관점의 경제·사회 시스템 혁신전략 연구 (3차년도),机构正式研究,,,https://www.stepi.re.kr/site/stepiko/report/View.do?reIdx=1023,官方目录无PDF
中国科技与国际比较,科技创新政策与能力基线,C-STEPI-A0201-1024,2021-12-30,W2,스마트생산 열린혁신랩 운영 및 연구사업 - 2차년도 -,机构正式研究,C:\Users\WINDOWS\OneDrive\知识库\智库信息爬虫\国际主要科技智库观点演变_研判\03_证据底稿\原文PDF\C-STEPI-A0201-1024.pdf,C:\Users\WINDOWS\OneDrive\知识库\智库信息爬虫\国际主要科技智库观点演变_研判\03_证据底稿\文本\C-STEPI-A0201-1024.txt,https://www.stepi.re.kr/site/stepiko/report/View.do?reIdx=1024,官方PDF已保存并校验
人工智能、数据与数字技术,科技创新政策与能力基线,C-STEPI-A0201-1024,2021-12-30,W2,스마트생산 열린혁신랩 운영 및 연구사업 - 2차년도 -,机构正式研究,C:\Users\WINDOWS\OneDrive\知识库\智库信息爬虫\国际主要科技智库观点演变_研判\03_证据底稿\原文PDF\C-STEPI-A0201-1024.pdf,C:\Users\WINDOWS\OneDrive\知识库\智库信息爬虫\国际主要科技智库观点演变_研判\03_证据底稿\文本\C-STEPI-A0201-1024.txt,https://www.stepi.re.kr/site/stepiko/report/View.do?reIdx=1024,官方PDF已保存并校验
科研体系、研发投入与评价,科技创新政策与能力基线,C-STEPI-A0201-1024,2021-12-30,W2,스마트생산 열린혁신랩 운영 및 연구사업 - 2차년도 -,机构正式研究,C:\Users\WINDOWS\OneDrive\知识库\智库信息爬虫\国际主要科技智库观点演变_研判\03_证据底稿\原文PDF\C-STEPI-A0201-1024.pdf,C:\Users\WINDOWS\OneDrive\知识库\智库信息爬虫\国际主要科技智库观点演变_研判\03_证据底稿\文本\C-STEPI-A0201-1024.txt,https://www.stepi.re.kr/site/stepiko/report/View.do?reIdx=1024,官方PDF已保存并校验
科技人才、大学与知识流动,科技创新政策与能力基线,C-STEPI-A0201-1024,2021-12-30,W2,스마트생산 열린혁신랩 운영 및 연구사업 - 2차년도 -,机构正式研究,C:\Users\WINDOWS\OneDrive\知识库\智库信息爬虫\国际主要科技智库观点演变_研判\03_证据底稿\原文PDF\C-STEPI-A0201-1024.pdf,C:\Users\WINDOWS\OneDrive\知识库\智库信息爬虫\国际主要科技智库观点演变_研判\03_证据底稿\文本\C-STEPI-A0201-1024.txt,https://www.stepi.re.kr/site/stepiko/report/View.do?reIdx=1024,官方PDF已保存并校验
产业创新、创业与区域体系,科技创新政策与能力基线,C-STEPI-A0201-1024,2021-12-30,W2,스마트생산 열린혁신랩 운영 및 연구사업 - 2차년도 -,机构正式研究,C:\Users\WINDOWS\OneDrive\知识库\智库信息爬虫\国际主要科技智库观点演变_研判\03_证据底稿\原文PDF\C-STEPI-A0201-1024.pdf,C:\Users\WINDOWS\OneDrive\知识库\智库信息爬虫\国际主要科技智库观点演变_研判\03_证据底稿\文本\C-STEPI-A0201-1024.txt,https://www.stepi.re.kr/site/stepiko/report/View.do?reIdx=1024,官方PDF已保存并校验
科技前瞻与未来社会,科技创新政策与能力基线,C-STEPI-A0201-1024,2021-12-30,W2,스마트생산 열린혁신랩 운영 및 연구사업 - 2차년도 -,机构正式研究,C:\Users\WINDOWS\OneDrive\知识库\智库信息爬虫\国际主要科技智库观点演变_研判\03_证据底稿\原文PDF\C-STEPI-A0201-1024.pdf,C:\Users\WINDOWS\OneDrive\知识库\智库信息爬虫\国际主要科技智库观点演变_研判\03_证据底稿\文本\C-STEPI-A0201-1024.txt,https://www.stepi.re.kr/site/stepiko/report/View.do?reIdx=1024,官方PDF已保存并校验
人工智能、数据与数字技术,科技创新政策与能力基线,C-STEPI-A0201-1025,2021-12-30,W2,글로벌 기술-통상 패러다임 변화에 따른 혁신정책 대응 전략(1차년도),机构正式研究,C:\Users\WINDOWS\OneDrive\知识库\智库信息爬虫\国际主要科技智库观点演变_研判\03_证据底稿\原文PDF\C-STEPI-A0201-1025.pdf,C:\Users\WINDOWS\OneDrive\知识库\智库信息爬虫\国际主要科技智库观点演变_研判\03_证据底稿\文本\C-STEPI-A0201-1025.txt,https://www.stepi.re.kr/site/stepiko/report/View.do?reIdx=1025,官方PDF已保存并校验
半导体、量子与战略技术,科技创新政策与能力基线,C-STEPI-A0201-1025,2021-12-30,W2,글로벌 기술-통상 패러다임 변화에 따른 혁신정책 대응 전략(1차년도),机构正式研究,C:\Users\WINDOWS\OneDrive\知识库\智库信息爬虫\国际主要科技智库观点演变_研判\03_证据底稿\原文PDF\C-STEPI-A0201-1025.pdf,C:\Users\WINDOWS\OneDrive\知识库\智库信息爬虫\国际主要科技智库观点演变_研判\03_证据底稿\文本\C-STEPI-A0201-1025.txt,https://www.stepi.re.kr/site/stepiko/report/View.do?reIdx=1025,官方PDF已保存并校验
能源、气候与绿色转型,科技创新政策与能力基线,C-STEPI-A0201-1025,2021-12-30,W2,글로벌 기술-통상 패러다임 변화에 따른 혁신정책 대응 전략(1차년도),机构正式研究,C:\Users\WINDOWS\OneDrive\知识库\智库信息爬虫\国际主要科技智库观点演变_研判\03_证据底稿\原文PDF\C-STEPI-A0201-1025.pdf,C:\Users\WINDOWS\OneDrive\知识库\智库信息爬虫\国际主要科技智库观点演变_研判\03_证据底稿\文本\C-STEPI-A0201-1025.txt,https://www.stepi.re.kr/site/stepiko/report/View.do?reIdx=1025,官方PDF已保存并校验
科研体系、研发投入与评价,科技创新政策与能力基线,C-STEPI-A0201-1025,2021-12-30,W2,글로벌 기술-통상 패러다임 변화에 따른 혁신정책 대응 전략(1차년도),机构正式研究,C:\Users\WINDOWS\OneDrive\知识库\智库信息爬虫\国际主要科技智库观点演变_研判\03_证据底稿\原文PDF\C-STEPI-A0201-1025.pdf,C:\Users\WINDOWS\OneDrive\知识库\智库信息爬虫\国际主要科技智库观点演变_研判\03_证据底稿\文本\C-STEPI-A0201-1025.txt,https://www.stepi.re.kr/site/stepiko/report/View.do?reIdx=1025,官方PDF已保存并校验
科技人才、大学与知识流动,科技创新政策与能力基线,C-STEPI-A0201-1025,2021-12-30,W2,글로벌 기술-통상 패러다임 변화에 따른 혁신정책 대응 전략(1차년도),机构正式研究,C:\Users\WINDOWS\OneDrive\知识库\智库信息爬虫\国际主要科技智库观点演变_研判\03_证据底稿\原文PDF\C-STEPI-A0201-1025.pdf,C:\Users\WINDOWS\OneDrive\知识库\智库信息爬虫\国际主要科技智库观点演变_研判\03_证据底稿\文本\C-STEPI-A0201-1025.txt,https://www.stepi.re.kr/site/stepiko/report/View.do?reIdx=1025,官方PDF已保存并校验
产业创新、创业与区域体系,科技创新政策与能力基线,C-STEPI-A0201-1025,2021-12-30,W2,글로벌 기술-통상 패러다임 변화에 따른 혁신정책 대응 전략(1차년도),机构正式研究,C:\Users\WINDOWS\OneDrive\知识库\智库信息爬虫\国际主要科技智库观点演变_研判\03_证据底稿\原文PDF\C-STEPI-A0201-1025.pdf,C:\Users\WINDOWS\OneDrive\知识库\智库信息爬虫\国际主要科技智库观点演变_研判\03_证据底稿\文本\C-STEPI-A0201-1025.txt,https://www.stepi.re.kr/site/stepiko/report/View.do?reIdx=1025,官方PDF已保存并校验
技术安全、供应链与国际合作,科技创新政策与能力基线,C-STEPI-A0201-1025,2021-12-30,W2,글로벌 기술-통상 패러다임 변화에 따른 혁신정책 대응 전략(1차년도),机构正式研究,C:\Users\WINDOWS\OneDrive\知识库\智库信息爬虫\国际主要科技智库观点演变_研判\03_证据底稿\原文PDF\C-STEPI-A0201-1025.pdf,C:\Users\WINDOWS\OneDrive\知识库\智库信息爬虫\国际主要科技智库观点演变_研判\03_证据底稿\文本\C-STEPI-A0201-1025.txt,https://www.stepi.re.kr/site/stepiko/report/View.do?reIdx=1025,官方PDF已保存并校验
科技前瞻与未来社会,科技创新政策与能力基线,C-STEPI-A0201-1025,2021-12-30,W2,글로벌 기술-통상 패러다임 변화에 따른 혁신정책 대응 전략(1차년도),机构正式研究,C:\Users\WINDOWS\OneDrive\知识库\智库信息爬虫\国际主要科技智库观点演变_研判\03_证据底稿\原文PDF\C-STEPI-A0201-1025.pdf,C:\Users\WINDOWS\OneDrive\知识库\智库信息爬虫\国际主要科技智库观点演变_研判\03_证据底稿\文本\C-STEPI-A0201-1025.txt,https://www.stepi.re.kr/site/stepiko/report/View.do?reIdx=1025,官方PDF已保存并校验
生命科学、生物技术与健康,科技创新政策与能力基线,C-STEPI-A0201-1026,2021-12-30,W2,‘도전과 혁신 중심’ 국가과학기술정책 이행점검체계 구축사업,机构正式研究,C:\Users\WINDOWS\OneDrive\知识库\智库信息爬虫\国际主要科技智库观点演变_研判\03_证据底稿\原文PDF\C-STEPI-A0201-1026.pdf,C:\Users\WINDOWS\OneDrive\知识库\智库信息爬虫\国际主要科技智库观点演变_研判\03_证据底稿\文本\C-STEPI-A0201-1026.txt,https://www.stepi.re.kr/site/stepiko/report/View.do?reIdx=1026,官方PDF已保存并校验
能源、气候与绿色转型,科技创新政策与能力基线,C-STEPI-A0201-1026,2021-12-30,W2,‘도전과 혁신 중심’ 국가과학기술정책 이행점검체계 구축사업,机构正式研究,C:\Users\WINDOWS\OneDrive\知识库\智库信息爬虫\国际主要科技智库观点演变_研判\03_证据底稿\原文PDF\C-STEPI-A0201-1026.pdf,C:\Users\WINDOWS\OneDrive\知识库\智库信息爬虫\国际主要科技智库观点演变_研判\03_证据底稿\文本\C-STEPI-A0201-1026.txt,https://www.stepi.re.kr/site/stepiko/report/View.do?reIdx=1026,官方PDF已保存并校验
科研体系、研发投入与评价,科技创新政策与能力基线,C-STEPI-A0201-1026,2021-12-30,W2,‘도전과 혁신 중심’ 국가과학기술정책 이행점검체계 구축사업,机构正式研究,C:\Users\WINDOWS\OneDrive\知识库\智库信息爬虫\国际主要科技智库观点演变_研判\03_证据底稿\原文PDF\C-STEPI-A0201-1026.pdf,C:\Users\WINDOWS\OneDrive\知识库\智库信息爬虫\国际主要科技智库观点演变_研判\03_证据底稿\文本\C-STEPI-A0201-1026.txt,https://www.stepi.re.kr/site/stepiko/report/View.do?reIdx=1026,官方PDF已保存并校验
科技人才、大学与知识流动,科技创新政策与能力基线,C-STEPI-A0201-1026,2021-12-30,W2,‘도전과 혁신 중심’ 국가과학기술정책 이행점검체계 구축사업,机构正式研究,C:\Users\WINDOWS\OneDrive\知识库\智库信息爬虫\国际主要科技智库观点演变_研判\03_证据底稿\原文PDF\C-STEPI-A0201-1026.pdf,C:\Users\WINDOWS\OneDrive\知识库\智库信息爬虫\国际主要科技智库观点演变_研判\03_证据底稿\文本\C-STEPI-A0201-1026.txt,https://www.stepi.re.kr/site/stepiko/report/View.do?reIdx=1026,官方PDF已保存并校验
产业创新、创业与区域体系,科技创新政策与能力基线,C-STEPI-A0201-1026,2021-12-30,W2,‘도전과 혁신 중심’ 국가과학기술정책 이행점검체계 구축사업,机构正式研究,C:\Users\WINDOWS\OneDrive\知识库\智库信息爬虫\国际主要科技智库观点演变_研判\03_证据底稿\原文PDF\C-STEPI-A0201-1026.pdf,C:\Users\WINDOWS\OneDrive\知识库\智库信息爬虫\国际主要科技智库观点演变_研判\03_证据底稿\文本\C-STEPI-A0201-1026.txt,https://www.stepi.re.kr/site/stepiko/report/View.do?reIdx=1026,官方PDF已保存并校验
科技前瞻与未来社会,科技创新政策与能力基线,C-STEPI-A0201-1026,2021-12-30,W2,‘도전과 혁신 중심’ 국가과학기술정책 이행점검체계 구축사업,机构正式研究,C:\Users\WINDOWS\OneDrive\知识库\智库信息爬虫\国际主要科技智库观点演变_研判\03_证据底稿\原文PDF\C-STEPI-A0201-1026.pdf,C:\Users\WINDOWS\OneDrive\知识库\智库信息爬虫\国际主要科技智库观点演变_研判\03_证据底稿\文本\C-STEPI-A0201-1026.txt,https://www.stepi.re.kr/site/stepiko/report/View.do?reIdx=1026,官方PDF已保存并校验
科研体系、研发投入与评价,科技创新政策与能力基线,C-STEPI-A0201-1027,2021-12-30,W2,2021년도 국제기술혁신협력사업,机构正式研究,C:\Users\WINDOWS\OneDrive\知识库\智库信息爬虫\国际主要科技智库观点演变_研判\03_证据底稿\原文PDF\C-STEPI-A0201-1027.pdf,C:\Users\WINDOWS\OneDrive\知识库\智库信息爬虫\国际主要科技智库观点演变_研判\03_证据底稿\文本\C-STEPI-A0201-1027.txt,https://www.stepi.re.kr/site/stepiko/report/View.do?reIdx=1027,官方PDF已保存并校验
产业创新、创业与区域体系,科技创新政策与能力基线,C-STEPI-A0201-1027,2021-12-30,W2,2021년도 국제기술혁신협력사업,机构正式研究,C:\Users\WINDOWS\OneDrive\知识库\智库信息爬虫\国际主要科技智库观点演变_研判\03_证据底稿\原文PDF\C-STEPI-A0201-1027.pdf,C:\Users\WINDOWS\OneDrive\知识库\智库信息爬虫\国际主要科技智库观点演变_研判\03_证据底稿\文本\C-STEPI-A0201-1027.txt,https://www.stepi.re.kr/site/stepiko/report/View.do?reIdx=1027,官方PDF已保存并校验
科技前瞻与未来社会,科技创新政策与能力基线,C-STEPI-A0201-1027,2021-12-30,W2,2021년도 국제기술혁신협력사업,机构正式研究,C:\Users\WINDOWS\OneDrive\知识库\智库信息爬虫\国际主要科技智库观点演变_研判\03_证据底稿\原文PDF\C-STEPI-A0201-1027.pdf,C:\Users\WINDOWS\OneDrive\知识库\智库信息爬虫\国际主要科技智库观点演变_研判\03_证据底稿\文本\C-STEPI-A0201-1027.txt,https://www.stepi.re.kr/site/stepiko/report/View.do?reIdx=1027,官方PDF已保存并校验
人工智能、数据与数字技术,科技创新政策与能力基线,C-STEPI-A0201-1028,2021-12-30,W2,한국기업혁신조사 심층분석,机构正式研究,C:\Users\WINDOWS\OneDrive\知识库\智库信息爬虫\国际主要科技智库观点演变_研判\03_证据底稿\原文PDF\C-STEPI-A0201-1028.pdf,C:\Users\WINDOWS\OneDrive\知识库\智库信息爬虫\国际主要科技智库观点演变_研判\03_证据底稿\文本\C-STEPI-A0201-1028.txt,https://www.stepi.re.kr/site/stepiko/report/View.do?reIdx=1028,官方PDF已保存并校验
科研体系、研发投入与评价,科技创新政策与能力基线,C-STEPI-A0201-1028,2021-12-30,W2,한국기업혁신조사 심층분석,机构正式研究,C:\Users\WINDOWS\OneDrive\知识库\智库信息爬虫\国际主要科技智库观点演变_研判\03_证据底稿\原文PDF\C-STEPI-A0201-1028.pdf,C:\Users\WINDOWS\OneDrive\知识库\智库信息爬虫\国际主要科技智库观点演变_研判\03_证据底稿\文本\C-STEPI-A0201-1028.txt,https://www.stepi.re.kr/site/stepiko/report/View.do?reIdx=1028,官方PDF已保存并校验
科技人才、大学与知识流动,科技创新政策与能力基线,C-STEPI-A0201-1028,2021-12-30,W2,한국기업혁신조사 심층분석,机构正式研究,C:\Users\WINDOWS\OneDrive\知识库\智库信息爬虫\国际主要科技智库观点演变_研判\03_证据底稿\原文PDF\C-STEPI-A0201-1028.pdf,C:\Users\WINDOWS\OneDrive\知识库\智库信息爬虫\国际主要科技智库观点演变_研判\03_证据底稿\文本\C-STEPI-A0201-1028.txt,https://www.stepi.re.kr/site/stepiko/report/View.do?reIdx=1028,官方PDF已保存并校验
产业创新、创业与区域体系,科技创新政策与能力基线,C-STEPI-A0201-1028,2021-12-30,W2,한국기업혁신조사 심층분석,机构正式研究,C:\Users\WINDOWS\OneDrive\知识库\智库信息爬虫\国际主要科技智库观点演变_研判\03_证据底稿\原文PDF\C-STEPI-A0201-1028.pdf,C:\Users\WINDOWS\OneDrive\知识库\智库信息爬虫\国际主要科技智库观点演变_研判\03_证据底稿\文本\C-STEPI-A0201-1028.txt,https://www.stepi.re.kr/site/stepiko/report/View.do?reIdx=1028,官方PDF已保存并校验
中国科技与国际比较,科技创新政策与能力基线,C-STEPI-A0201-1030,2021-12-30,W2,지역혁신형 규제샌드박스 제도의 실효성 제고를 위한 정책과제,机构正式研究,C:\Users\WINDOWS\OneDrive\知识库\智库信息爬虫\国际主要科技智库观点演变_研判\03_证据底稿\原文PDF\C-STEPI-A0201-1030.pdf,C:\Users\WINDOWS\OneDrive\知识库\智库信息爬虫\国际主要科技智库观点演变_研判\03_证据底稿\文本\C-STEPI-A0201-1030.txt,https://www.stepi.re.kr/site/stepiko/report/View.do?reIdx=1030,官方PDF已保存并校验
科研体系、研发投入与评价,科技创新政策与能力基线,C-STEPI-A0201-1030,2021-12-30,W2,지역혁신형 규제샌드박스 제도의 실효성 제고를 위한 정책과제,机构正式研究,C:\Users\WINDOWS\OneDrive\知识库\智库信息爬虫\国际主要科技智库观点演变_研判\03_证据底稿\原文PDF\C-STEPI-A0201-1030.pdf,C:\Users\WINDOWS\OneDrive\知识库\智库信息爬虫\国际主要科技智库观点演变_研判\03_证据底稿\文本\C-STEPI-A0201-1030.txt,https://www.stepi.re.kr/site/stepiko/report/View.do?reIdx=1030,官方PDF已保存并校验
科技人才、大学与知识流动,科技创新政策与能力基线,C-STEPI-A0201-1030,2021-12-30,W2,지역혁신형 규제샌드박스 제도의 실효성 제고를 위한 정책과제,机构正式研究,C:\Users\WINDOWS\OneDrive\知识库\智库信息爬虫\国际主要科技智库观点演变_研判\03_证据底稿\原文PDF\C-STEPI-A0201-1030.pdf,C:\Users\WINDOWS\OneDrive\知识库\智库信息爬虫\国际主要科技智库观点演变_研判\03_证据底稿\文本\C-STEPI-A0201-1030.txt,https://www.stepi.re.kr/site/stepiko/report/View.do?reIdx=1030,官方PDF已保存并校验
产业创新、创业与区域体系,科技创新政策与能力基线,C-STEPI-A0201-1030,2021-12-30,W2,지역혁신형 규제샌드박스 제도의 실효성 제고를 위한 정책과제,机构正式研究,C:\Users\WINDOWS\OneDrive\知识库\智库信息爬虫\国际主要科技智库观点演变_研判\03_证据底稿\原文PDF\C-STEPI-A0201-1030.pdf,C:\Users\WINDOWS\OneDrive\知识库\智库信息爬虫\国际主要科技智库观点演变_研判\03_证据底稿\文本\C-STEPI-A0201-1030.txt,https://www.stepi.re.kr/site/stepiko/report/View.do?reIdx=1030,官方PDF已保存并校验
科技前瞻与未来社会,科技创新政策与能力基线,C-STEPI-A0201-1030,2021-12-30,W2,지역혁신형 규제샌드박스 제도의 실효성 제고를 위한 정책과제,机构正式研究,C:\Users\WINDOWS\OneDrive\知识库\智库信息爬虫\国际主要科技智库观点演变_研判\03_证据底稿\原文PDF\C-STEPI-A0201-1030.pdf,C:\Users\WINDOWS\OneDrive\知识库\智库信息爬虫\国际主要科技智库观点演变_研判\03_证据底稿\文本\C-STEPI-A0201-1030.txt,https://www.stepi.re.kr/site/stepiko/report/View.do?reIdx=1030,官方PDF已保存并校验
半导体、量子与战略技术,科技创新政策与能力基线,C-STEPI-A0201-1031,2021-12-30,W2,한-EU 과학기술 국제협력 강화방안: Horizon Europe 협력전략을 중심으로,机构正式研究,C:\Users\WINDOWS\OneDrive\知识库\智库信息爬虫\国际主要科技智库观点演变_研判\03_证据底稿\原文PDF\C-STEPI-A0201-1031.pdf,C:\Users\WINDOWS\OneDrive\知识库\智库信息爬虫\国际主要科技智库观点演变_研判\03_证据底稿\文本\C-STEPI-A0201-1031.txt,https://www.stepi.re.kr/site/stepiko/report/View.do?reIdx=1031,官方PDF已保存并校验
科研体系、研发投入与评价,科技创新政策与能力基线,C-STEPI-A0201-1031,2021-12-30,W2,한-EU 과학기술 국제협력 강화방안: Horizon Europe 협력전략을 중심으로,机构正式研究,C:\Users\WINDOWS\OneDrive\知识库\智库信息爬虫\国际主要科技智库观点演变_研判\03_证据底稿\原文PDF\C-STEPI-A0201-1031.pdf,C:\Users\WINDOWS\OneDrive\知识库\智库信息爬虫\国际主要科技智库观点演变_研判\03_证据底稿\文本\C-STEPI-A0201-1031.txt,https://www.stepi.re.kr/site/stepiko/report/View.do?reIdx=1031,官方PDF已保存并校验
产业创新、创业与区域体系,科技创新政策与能力基线,C-STEPI-A0201-1031,2021-12-30,W2,한-EU 과학기술 국제협력 강화방안: Horizon Europe 협력전략을 중심으로,机构正式研究,C:\Users\WINDOWS\OneDrive\知识库\智库信息爬虫\国际主要科技智库观点演变_研判\03_证据底稿\原文PDF\C-STEPI-A0201-1031.pdf,C:\Users\WINDOWS\OneDrive\知识库\智库信息爬虫\国际主要科技智库观点演变_研判\03_证据底稿\文本\C-STEPI-A0201-1031.txt,https://www.stepi.re.kr/site/stepiko/report/View.do?reIdx=1031,官方PDF已保存并校验
技术安全、供应链与国际合作,科技创新政策与能力基线,C-STEPI-A0201-1031,2021-12-30,W2,한-EU 과학기술 국제협력 강화방안: Horizon Europe 협력전략을 중심으로,机构正式研究,C:\Users\WINDOWS\OneDrive\知识库\智库信息爬虫\国际主要科技智库观点演变_研判\03_证据底稿\原文PDF\C-STEPI-A0201-1031.pdf,C:\Users\WINDOWS\OneDrive\知识库\智库信息爬虫\国际主要科技智库观点演变_研判\03_证据底稿\文本\C-STEPI-A0201-1031.txt,https://www.stepi.re.kr/site/stepiko/report/View.do?reIdx=1031,官方PDF已保存并校验
科技前瞻与未来社会,科技创新政策与能力基线,C-STEPI-A0201-1031,2021-12-30,W2,한-EU 과학기술 국제협력 강화방안: Horizon Europe 협력전략을 중심으로,机构正式研究,C:\Users\WINDOWS\OneDrive\知识库\智库信息爬虫\国际主要科技智库观点演变_研判\03_证据底稿\原文PDF\C-STEPI-A0201-1031.pdf,C:\Users\WINDOWS\OneDrive\知识库\智库信息爬虫\国际主要科技智库观点演变_研判\03_证据底稿\文本\C-STEPI-A0201-1031.txt,https://www.stepi.re.kr/site/stepiko/report/View.do?reIdx=1031,官方PDF已保存并校验
生命科学、生物技术与健康,科技创新政策与能力基线,C-STEPI-A0201-1032,2021-12-30,W2,국가혁신정책 분야 핵심 선도의제 탐색적 발굴·분석,机构正式研究,C:\Users\WINDOWS\OneDrive\知识库\智库信息爬虫\国际主要科技智库观点演变_研判\03_证据底稿\原文PDF\C-STEPI-A0201-1032.pdf,C:\Users\WINDOWS\OneDrive\知识库\智库信息爬虫\国际主要科技智库观点演变_研判\03_证据底稿\文本\C-STEPI-A0201-1032.txt,https://www.stepi.re.kr/site/stepiko/report/View.do?reIdx=1032,官方PDF已保存并校验
能源、气候与绿色转型,科技创新政策与能力基线,C-STEPI-A0201-1032,2021-12-30,W2,국가혁신정책 분야 핵심 선도의제 탐색적 발굴·분석,机构正式研究,C:\Users\WINDOWS\OneDrive\知识库\智库信息爬虫\国际主要科技智库观点演变_研判\03_证据底稿\原文PDF\C-STEPI-A0201-1032.pdf,C:\Users\WINDOWS\OneDrive\知识库\智库信息爬虫\国际主要科技智库观点演变_研判\03_证据底稿\文本\C-STEPI-A0201-1032.txt,https://www.stepi.re.kr/site/stepiko/report/View.do?reIdx=1032,官方PDF已保存并校验
科研体系、研发投入与评价,科技创新政策与能力基线,C-STEPI-A0201-1032,2021-12-30,W2,국가혁신정책 분야 핵심 선도의제 탐색적 발굴·분석,机构正式研究,C:\Users\WINDOWS\OneDrive\知识库\智库信息爬虫\国际主要科技智库观点演变_研判\03_证据底稿\原文PDF\C-STEPI-A0201-1032.pdf,C:\Users\WINDOWS\OneDrive\知识库\智库信息爬虫\国际主要科技智库观点演变_研判\03_证据底稿\文本\C-STEPI-A0201-1032.txt,https://www.stepi.re.kr/site/stepiko/report/View.do?reIdx=1032,官方PDF已保存并校验
科技人才、大学与知识流动,科技创新政策与能力基线,C-STEPI-A0201-1032,2021-12-30,W2,국가혁신정책 분야 핵심 선도의제 탐색적 발굴·분석,机构正式研究,C:\Users\WINDOWS\OneDrive\知识库\智库信息爬虫\国际主要科技智库观点演变_研判\03_证据底稿\原文PDF\C-STEPI-A0201-1032.pdf,C:\Users\WINDOWS\OneDrive\知识库\智库信息爬虫\国际主要科技智库观点演变_研判\03_证据底稿\文本\C-STEPI-A0201-1032.txt,https://www.stepi.re.kr/site/stepiko/report/View.do?reIdx=1032,官方PDF已保存并校验
产业创新、创业与区域体系,科技创新政策与能力基线,C-STEPI-A0201-1032,2021-12-30,W2,국가혁신정책 분야 핵심 선도의제 탐색적 발굴·분석,机构正式研究,C:\Users\WINDOWS\OneDrive\知识库\智库信息爬虫\国际主要科技智库观点演变_研判\03_证据底稿\原文PDF\C-STEPI-A0201-1032.pdf,C:\Users\WINDOWS\OneDrive\知识库\智库信息爬虫\国际主要科技智库观点演变_研判\03_证据底稿\文本\C-STEPI-A0201-1032.txt,https://www.stepi.re.kr/site/stepiko/report/View.do?reIdx=1032,官方PDF已保存并校验
技术安全、供应链与国际合作,科技创新政策与能力基线,C-STEPI-A0201-1032,2021-12-30,W2,국가혁신정책 분야 핵심 선도의제 탐색적 발굴·분석,机构正式研究,C:\Users\WINDOWS\OneDrive\知识库\智库信息爬虫\国际主要科技智库观点演变_研判\03_证据底稿\原文PDF\C-STEPI-A0201-1032.pdf,C:\Users\WINDOWS\OneDrive\知识库\智库信息爬虫\国际主要科技智库观点演变_研判\03_证据底稿\文本\C-STEPI-A0201-1032.txt,https://www.stepi.re.kr/site/stepiko/report/View.do?reIdx=1032,官方PDF已保存并校验
科技前瞻与未来社会,科技创新政策与能力基线,C-STEPI-A0201-1032,2021-12-30,W2,국가혁신정책 분야 핵심 선도의제 탐색적 발굴·분석,机构正式研究,C:\Users\WINDOWS\OneDrive\知识库\智库信息爬虫\国际主要科技智库观点演变_研判\03_证据底稿\原文PDF\C-STEPI-A0201-1032.pdf,C:\Users\WINDOWS\OneDrive\知识库\智库信息爬虫\国际主要科技智库观点演变_研判\03_证据底稿\文本\C-STEPI-A0201-1032.txt,https://www.stepi.re.kr/site/stepiko/report/View.do?reIdx=1032,官方PDF已保存并校验
能源、气候与绿色转型,科技创新政策与能力基线,C-STEPI-A0201-1033,2021-12-30,W2,혁신생태계 관점에서 본 ‘기술기반 사회문제해결 정책사업’의 개선방향과 중점과제: 사회문제해결을 위한 정책사업의 프레임과 정책수단 탐색,机构正式研究,C:\Users\WINDOWS\OneDrive\知识库\智库信息爬虫\国际主要科技智库观点演变_研判\03_证据底稿\原文PDF\C-STEPI-A0201-1033.pdf,C:\Users\WINDOWS\OneDrive\知识库\智库信息爬虫\国际主要科技智库观点演变_研判\03_证据底稿\文本\C-STEPI-A0201-1033.txt,https://www.stepi.re.kr/site/stepiko/report/View.do?reIdx=1033,官方PDF已保存并校验
科研体系、研发投入与评价,科技创新政策与能力基线,C-STEPI-A0201-1033,2021-12-30,W2,혁신생태계 관점에서 본 ‘기술기반 사회문제해결 정책사업’의 개선방향과 중점과제: 사회문제해결을 위한 정책사업의 프레임과 정책수단 탐색,机构正式研究,C:\Users\WINDOWS\OneDrive\知识库\智库信息爬虫\国际主要科技智库观点演变_研判\03_证据底稿\原文PDF\C-STEPI-A0201-1033.pdf,C:\Users\WINDOWS\OneDrive\知识库\智库信息爬虫\国际主要科技智库观点演变_研判\03_证据底稿\文本\C-STEPI-A0201-1033.txt,https://www.stepi.re.kr/site/stepiko/report/View.do?reIdx=1033,官方PDF已保存并校验
科技人才、大学与知识流动,科技创新政策与能力基线,C-STEPI-A0201-1033,2021-12-30,W2,혁신생태계 관점에서 본 ‘기술기반 사회문제해결 정책사업’의 개선방향과 중점과제: 사회문제해결을 위한 정책사업의 프레임과 정책수단 탐색,机构正式研究,C:\Users\WINDOWS\OneDrive\知识库\智库信息爬虫\国际主要科技智库观点演变_研判\03_证据底稿\原文PDF\C-STEPI-A0201-1033.pdf,C:\Users\WINDOWS\OneDrive\知识库\智库信息爬虫\国际主要科技智库观点演变_研判\03_证据底稿\文本\C-STEPI-A0201-1033.txt,https://www.stepi.re.kr/site/stepiko/report/View.do?reIdx=1033,官方PDF已保存并校验
产业创新、创业与区域体系,科技创新政策与能力基线,C-STEPI-A0201-1033,2021-12-30,W2,혁신생태계 관점에서 본 ‘기술기반 사회문제해결 정책사업’의 개선방향과 중점과제: 사회문제해결을 위한 정책사업의 프레임과 정책수단 탐색,机构正式研究,C:\Users\WINDOWS\OneDrive\知识库\智库信息爬虫\国际主要科技智库观点演变_研判\03_证据底稿\原文PDF\C-STEPI-A0201-1033.pdf,C:\Users\WINDOWS\OneDrive\知识库\智库信息爬虫\国际主要科技智库观点演变_研判\03_证据底稿\文本\C-STEPI-A0201-1033.txt,https://www.stepi.re.kr/site/stepiko/report/View.do?reIdx=1033,官方PDF已保存并校验
科技前瞻与未来社会,科技创新政策与能力基线,C-STEPI-A0201-1033,2021-12-30,W2,혁신생태계 관점에서 본 ‘기술기반 사회문제해결 정책사업’의 개선방향과 중점과제: 사회문제해결을 위한 정책사업의 프레임과 정책수단 탐색,机构正式研究,C:\Users\WINDOWS\OneDrive\知识库\智库信息爬虫\国际主要科技智库观点演变_研判\03_证据底稿\原文PDF\C-STEPI-A0201-1033.pdf,C:\Users\WINDOWS\OneDrive\知识库\智库信息爬虫\国际主要科技智库观点演变_研判\03_证据底稿\文本\C-STEPI-A0201-1033.txt,https://www.stepi.re.kr/site/stepiko/report/View.do?reIdx=1033,官方PDF已保存并校验
科研体系、研发投入与评价,科技创新政策与能力基线,C-STEPI-A0201-1034,2021-12-30,W2,2021 K-Innovation ODA Program with Ghana,机构正式研究,C:\Users\WINDOWS\OneDrive\知识库\智库信息爬虫\国际主要科技智库观点演变_研判\03_证据底稿\原文PDF\C-STEPI-A0201-1034.pdf,C:\Users\WINDOWS\OneDrive\知识库\智库信息爬虫\国际主要科技智库观点演变_研判\03_证据底稿\文本\C-STEPI-A0201-1034.txt,https://www.stepi.re.kr/site/stepiko/report/View.do?reIdx=1034,官方PDF已保存并校验
科研体系、研发投入与评价,科技创新政策与能力基线,C-STEPI-A0201-1035,2021-12-30,W2,2021 K-Innovation Partnership Program with Lao PDR,机构正式研究,C:\Users\WINDOWS\OneDrive\知识库\智库信息爬虫\国际主要科技智库观点演变_研判\03_证据底稿\原文PDF\C-STEPI-A0201-1035.pdf,C:\Users\WINDOWS\OneDrive\知识库\智库信息爬虫\国际主要科技智库观点演变_研判\03_证据底稿\文本\C-STEPI-A0201-1035.txt,https://www.stepi.re.kr/site/stepiko/report/View.do?reIdx=1035,官方PDF已保存并校验
科研体系、研发投入与评价,科技创新政策与能力基线,C-STEPI-A0201-1036,2021-12-30,W2,2021 K-Innovation Partnership Program with Indonesia,机构正式研究,C:\Users\WINDOWS\OneDrive\知识库\智库信息爬虫\国际主要科技智库观点演变_研判\03_证据底稿\原文PDF\C-STEPI-A0201-1036.pdf,C:\Users\WINDOWS\OneDrive\知识库\智库信息爬虫\国际主要科技智库观点演变_研判\03_证据底稿\文本\C-STEPI-A0201-1036.txt,https://www.stepi.re.kr/site/stepiko/report/View.do?reIdx=1036,官方PDF已保存并校验
科技创新政策与研究体系,科技创新政策与能力基线,C-STEPI-A0201-1037,2021-12-30,W2,2021 K-Innovation ODA Program with Cambodia,机构正式研究,C:\Users\WINDOWS\OneDrive\知识库\智库信息爬虫\国际主要科技智库观点演变_研判\03_证据底稿\原文PDF\C-STEPI-A0201-1037.pdf,C:\Users\WINDOWS\OneDrive\知识库\智库信息爬虫\国际主要科技智库观点演变_研判\03_证据底稿\文本\C-STEPI-A0201-1037.txt,https://www.stepi.re.kr/site/stepiko/report/View.do?reIdx=1037,官方PDF已保存并校验
人工智能、数据与数字技术,核心科技直接材料,C-STEPI-A0202-1038,2022-07-22,W3,디지털플랫폼정부를 위한 포괄적 트러스트서비스제도 도입방안,机构正式研究,C:\Users\WINDOWS\OneDrive\知识库\智库信息爬虫\国际主要科技智库观点演变_研判\03_证据底稿\原文PDF\C-STEPI-A0202-1038.pdf,C:\Users\WINDOWS\OneDrive\知识库\智库信息爬虫\国际主要科技智库观点演变_研判\03_证据底稿\文本\C-STEPI-A0202-1038.txt,https://www.stepi.re.kr/site/stepiko/report/View.do?reIdx=1038,官方PDF已保存并校验
科研体系、研发投入与评价,核心科技直接材料,C-STEPI-A0202-1038,2022-07-22,W3,디지털플랫폼정부를 위한 포괄적 트러스트서비스제도 도입방안,机构正式研究,C:\Users\WINDOWS\OneDrive\知识库\智库信息爬虫\国际主要科技智库观点演变_研判\03_证据底稿\原文PDF\C-STEPI-A0202-1038.pdf,C:\Users\WINDOWS\OneDrive\知识库\智库信息爬虫\国际主要科技智库观点演变_研判\03_证据底稿\文本\C-STEPI-A0202-1038.txt,https://www.stepi.re.kr/site/stepiko/report/View.do?reIdx=1038,官方PDF已保存并校验
科技人才、大学与知识流动,核心科技直接材料,C-STEPI-A0202-1038,2022-07-22,W3,디지털플랫폼정부를 위한 포괄적 트러스트서비스제도 도입방안,机构正式研究,C:\Users\WINDOWS\OneDrive\知识库\智库信息爬虫\国际主要科技智库观点演变_研判\03_证据底稿\原文PDF\C-STEPI-A0202-1038.pdf,C:\Users\WINDOWS\OneDrive\知识库\智库信息爬虫\国际主要科技智库观点演变_研判\03_证据底稿\文本\C-STEPI-A0202-1038.txt,https://www.stepi.re.kr/site/stepiko/report/View.do?reIdx=1038,官方PDF已保存并校验
产业创新、创业与区域体系,核心科技直接材料,C-STEPI-A0202-1038,2022-07-22,W3,디지털플랫폼정부를 위한 포괄적 트러스트서비스제도 도입방안,机构正式研究,C:\Users\WINDOWS\OneDrive\知识库\智库信息爬虫\国际主要科技智库观点演变_研判\03_证据底稿\原文PDF\C-STEPI-A0202-1038.pdf,C:\Users\WINDOWS\OneDrive\知识库\智库信息爬虫\国际主要科技智库观点演变_研判\03_证据底稿\文本\C-STEPI-A0202-1038.txt,https://www.stepi.re.kr/site/stepiko/report/View.do?reIdx=1038,官方PDF已保存并校验
科技前瞻与未来社会,核心科技直接材料,C-STEPI-A0202-1038,2022-07-22,W3,디지털플랫폼정부를 위한 포괄적 트러스트서비스제도 도입방안,机构正式研究,C:\Users\WINDOWS\OneDrive\知识库\智库信息爬虫\国际主要科技智库观点演变_研判\03_证据底稿\原文PDF\C-STEPI-A0202-1038.pdf,C:\Users\WINDOWS\OneDrive\知识库\智库信息爬虫\国际主要科技智库观点演变_研判\03_证据底稿\文本\C-STEPI-A0202-1038.txt,https://www.stepi.re.kr/site/stepiko/report/View.do?reIdx=1038,官方PDF已保存并校验
半导体、量子与战略技术,科技创新政策与能力基线,C-STEPI-A0202-1039,2022-07-22,W3,혁신 및 안보 수요 기반 전략적 공공구매 추진방향 탐색,机构正式研究,C:\Users\WINDOWS\OneDrive\知识库\智库信息爬虫\国际主要科技智库观点演变_研判\03_证据底稿\原文PDF\C-STEPI-A0202-1039.pdf,C:\Users\WINDOWS\OneDrive\知识库\智库信息爬虫\国际主要科技智库观点演变_研判\03_证据底稿\文本\C-STEPI-A0202-1039.txt,https://www.stepi.re.kr/site/stepiko/report/View.do?reIdx=1039,官方PDF已保存并校验
生命科学、生物技术与健康,科技创新政策与能力基线,C-STEPI-A0202-1039,2022-07-22,W3,혁신 및 안보 수요 기반 전략적 공공구매 추진방향 탐색,机构正式研究,C:\Users\WINDOWS\OneDrive\知识库\智库信息爬虫\国际主要科技智库观点演变_研判\03_证据底稿\原文PDF\C-STEPI-A0202-1039.pdf,C:\Users\WINDOWS\OneDrive\知识库\智库信息爬虫\国际主要科技智库观点演变_研判\03_证据底稿\文本\C-STEPI-A0202-1039.txt,https://www.stepi.re.kr/site/stepiko/report/View.do?reIdx=1039,官方PDF已保存并校验
科研体系、研发投入与评价,科技创新政策与能力基线,C-STEPI-A0202-1039,2022-07-22,W3,혁신 및 안보 수요 기반 전략적 공공구매 추진방향 탐색,机构正式研究,C:\Users\WINDOWS\OneDrive\知识库\智库信息爬虫\国际主要科技智库观点演变_研判\03_证据底稿\原文PDF\C-STEPI-A0202-1039.pdf,C:\Users\WINDOWS\OneDrive\知识库\智库信息爬虫\国际主要科技智库观点演变_研判\03_证据底稿\文本\C-STEPI-A0202-1039.txt,https://www.stepi.re.kr/site/stepiko/report/View.do?reIdx=1039,官方PDF已保存并校验
科技人才、大学与知识流动,科技创新政策与能力基线,C-STEPI-A0202-1039,2022-07-22,W3,혁신 및 안보 수요 기반 전략적 공공구매 추진방향 탐색,机构正式研究,C:\Users\WINDOWS\OneDrive\知识库\智库信息爬虫\国际主要科技智库观点演变_研判\03_证据底稿\原文PDF\C-STEPI-A0202-1039.pdf,C:\Users\WINDOWS\OneDrive\知识库\智库信息爬虫\国际主要科技智库观点演变_研判\03_证据底稿\文本\C-STEPI-A0202-1039.txt,https://www.stepi.re.kr/site/stepiko/report/View.do?reIdx=1039,官方PDF已保存并校验
产业创新、创业与区域体系,科技创新政策与能力基线,C-STEPI-A0202-1039,2022-07-22,W3,혁신 및 안보 수요 기반 전략적 공공구매 추진방향 탐색,机构正式研究,C:\Users\WINDOWS\OneDrive\知识库\智库信息爬虫\国际主要科技智库观点演变_研判\03_证据底稿\原文PDF\C-STEPI-A0202-1039.pdf,C:\Users\WINDOWS\OneDrive\知识库\智库信息爬虫\国际主要科技智库观点演变_研判\03_证据底稿\文本\C-STEPI-A0202-1039.txt,https://www.stepi.re.kr/site/stepiko/report/View.do?reIdx=1039,官方PDF已保存并校验
技术安全、供应链与国际合作,科技创新政策与能力基线,C-STEPI-A0202-1039,2022-07-22,W3,혁신 및 안보 수요 기반 전략적 공공구매 추진방향 탐색,机构正式研究,C:\Users\WINDOWS\OneDrive\知识库\智库信息爬虫\国际主要科技智库观点演变_研判\03_证据底稿\原文PDF\C-STEPI-A0202-1039.pdf,C:\Users\WINDOWS\OneDrive\知识库\智库信息爬虫\国际主要科技智库观点演变_研判\03_证据底稿\文本\C-STEPI-A0202-1039.txt,https://www.stepi.re.kr/site/stepiko/report/View.do?reIdx=1039,官方PDF已保存并校验
科技前瞻与未来社会,科技创新政策与能力基线,C-STEPI-A0202-1039,2022-07-22,W3,혁신 및 안보 수요 기반 전략적 공공구매 추진방향 탐색,机构正式研究,C:\Users\WINDOWS\OneDrive\知识库\智库信息爬虫\国际主要科技智库观点演变_研判\03_证据底稿\原文PDF\C-STEPI-A0202-1039.pdf,C:\Users\WINDOWS\OneDrive\知识库\智库信息爬虫\国际主要科技智库观点演变_研判\03_证据底稿\文本\C-STEPI-A0202-1039.txt,https://www.stepi.re.kr/site/stepiko/report/View.do?reIdx=1039,官方PDF已保存并校验
人工智能、数据与数字技术,科技创新政策与能力基线,C-STEPI-A0202-1040,2022-07-22,W3,중소기업 기술혁신지원계획 (KOSBIR) 개선방안 연구,机构正式研究,C:\Users\WINDOWS\OneDrive\知识库\智库信息爬虫\国际主要科技智库观点演变_研判\03_证据底稿\原文PDF\C-STEPI-A0202-1040.pdf,C:\Users\WINDOWS\OneDrive\知识库\智库信息爬虫\国际主要科技智库观点演变_研判\03_证据底稿\文本\C-STEPI-A0202-1040.txt,https://www.stepi.re.kr/site/stepiko/report/View.do?reIdx=1040,官方PDF已保存并校验
科研体系、研发投入与评价,科技创新政策与能力基线,C-STEPI-A0202-1040,2022-07-22,W3,중소기업 기술혁신지원계획 (KOSBIR) 개선방안 연구,机构正式研究,C:\Users\WINDOWS\OneDrive\知识库\智库信息爬虫\国际主要科技智库观点演变_研判\03_证据底稿\原文PDF\C-STEPI-A0202-1040.pdf,C:\Users\WINDOWS\OneDrive\知识库\智库信息爬虫\国际主要科技智库观点演变_研判\03_证据底稿\文本\C-STEPI-A0202-1040.txt,https://www.stepi.re.kr/site/stepiko/report/View.do?reIdx=1040,官方PDF已保存并校验
产业创新、创业与区域体系,科技创新政策与能力基线,C-STEPI-A0202-1040,2022-07-22,W3,중소기업 기술혁신지원계획 (KOSBIR) 개선방안 연구,机构正式研究,C:\Users\WINDOWS\OneDrive\知识库\智库信息爬虫\国际主要科技智库观点演变_研判\03_证据底稿\原文PDF\C-STEPI-A0202-1040.pdf,C:\Users\WINDOWS\OneDrive\知识库\智库信息爬虫\国际主要科技智库观点演变_研判\03_证据底稿\文本\C-STEPI-A0202-1040.txt,https://www.stepi.re.kr/site/stepiko/report/View.do?reIdx=1040,官方PDF已保存并校验
人工智能、数据与数字技术,科技创新政策与能力基线,C-STEPI-A0202-1041,2022-07-22,W3,인구절벽시대에 대응한 이공계 대학원 지원방향 제언,机构正式研究,C:\Users\WINDOWS\OneDrive\知识库\智库信息爬虫\国际主要科技智库观点演变_研判\03_证据底稿\原文PDF\C-STEPI-A0202-1041.pdf,C:\Users\WINDOWS\OneDrive\知识库\智库信息爬虫\国际主要科技智库观点演变_研判\03_证据底稿\文本\C-STEPI-A0202-1041.txt,https://www.stepi.re.kr/site/stepiko/report/View.do?reIdx=1041,官方PDF已保存并校验
半导体、量子与战略技术,科技创新政策与能力基线,C-STEPI-A0202-1041,2022-07-22,W3,인구절벽시대에 대응한 이공계 대학원 지원방향 제언,机构正式研究,C:\Users\WINDOWS\OneDrive\知识库\智库信息爬虫\国际主要科技智库观点演变_研判\03_证据底稿\原文PDF\C-STEPI-A0202-1041.pdf,C:\Users\WINDOWS\OneDrive\知识库\智库信息爬虫\国际主要科技智库观点演变_研判\03_证据底稿\文本\C-STEPI-A0202-1041.txt,https://www.stepi.re.kr/site/stepiko/report/View.do?reIdx=1041,官方PDF已保存并校验
生命科学、生物技术与健康,科技创新政策与能力基线,C-STEPI-A0202-1041,2022-07-22,W3,인구절벽시대에 대응한 이공계 대학원 지원방향 제언,机构正式研究,C:\Users\WINDOWS\OneDrive\知识库\智库信息爬虫\国际主要科技智库观点演变_研判\03_证据底稿\原文PDF\C-STEPI-A0202-1041.pdf,C:\Users\WINDOWS\OneDrive\知识库\智库信息爬虫\国际主要科技智库观点演变_研判\03_证据底稿\文本\C-STEPI-A0202-1041.txt,https://www.stepi.re.kr/site/stepiko/report/View.do?reIdx=1041,官方PDF已保存并校验
科研体系、研发投入与评价,科技创新政策与能力基线,C-STEPI-A0202-1041,2022-07-22,W3,인구절벽시대에 대응한 이공계 대학원 지원방향 제언,机构正式研究,C:\Users\WINDOWS\OneDrive\知识库\智库信息爬虫\国际主要科技智库观点演变_研判\03_证据底稿\原文PDF\C-STEPI-A0202-1041.pdf,C:\Users\WINDOWS\OneDrive\知识库\智库信息爬虫\国际主要科技智库观点演变_研判\03_证据底稿\文本\C-STEPI-A0202-1041.txt,https://www.stepi.re.kr/site/stepiko/report/View.do?reIdx=1041,官方PDF已保存并校验
科技人才、大学与知识流动,科技创新政策与能力基线,C-STEPI-A0202-1041,2022-07-22,W3,인구절벽시대에 대응한 이공계 대학원 지원방향 제언,机构正式研究,C:\Users\WINDOWS\OneDrive\知识库\智库信息爬虫\国际主要科技智库观点演变_研判\03_证据底稿\原文PDF\C-STEPI-A0202-1041.pdf,C:\Users\WINDOWS\OneDrive\知识库\智库信息爬虫\国际主要科技智库观点演变_研判\03_证据底稿\文本\C-STEPI-A0202-1041.txt,https://www.stepi.re.kr/site/stepiko/report/View.do?reIdx=1041,官方PDF已保存并校验
产业创新、创业与区域体系,科技创新政策与能力基线,C-STEPI-A0202-1041,2022-07-22,W3,인구절벽시대에 대응한 이공계 대학원 지원방향 제언,机构正式研究,C:\Users\WINDOWS\OneDrive\知识库\智库信息爬虫\国际主要科技智库观点演变_研判\03_证据底稿\原文PDF\C-STEPI-A0202-1041.pdf,C:\Users\WINDOWS\OneDrive\知识库\智库信息爬虫\国际主要科技智库观点演变_研判\03_证据底稿\文本\C-STEPI-A0202-1041.txt,https://www.stepi.re.kr/site/stepiko/report/View.do?reIdx=1041,官方PDF已保存并校验
科技前瞻与未来社会,科技创新政策与能力基线,C-STEPI-A0202-1041,2022-07-22,W3,인구절벽시대에 대응한 이공계 대학원 지원방향 제언,机构正式研究,C:\Users\WINDOWS\OneDrive\知识库\智库信息爬虫\国际主要科技智库观点演变_研判\03_证据底稿\原文PDF\C-STEPI-A0202-1041.pdf,C:\Users\WINDOWS\OneDrive\知识库\智库信息爬虫\国际主要科技智库观点演变_研判\03_证据底稿\文本\C-STEPI-A0202-1041.txt,https://www.stepi.re.kr/site/stepiko/report/View.do?reIdx=1041,官方PDF已保存并校验
能源、气候与绿色转型,科技创新政策与能力基线,C-STEPI-A0201-1042,2022-11-30,W3,급진적 혁신에서 살아남기: 자동차 산업의 기술 패러다임 변화와 한국의 대응 전략,机构正式研究,C:\Users\WINDOWS\OneDrive\知识库\智库信息爬虫\国际主要科技智库观点演变_研判\03_证据底稿\原文PDF\C-STEPI-A0201-1042.pdf,C:\Users\WINDOWS\OneDrive\知识库\智库信息爬虫\国际主要科技智库观点演变_研判\03_证据底稿\文本\C-STEPI-A0201-1042.txt,https://www.stepi.re.kr/site/stepiko/report/View.do?reIdx=1042,官方PDF已保存并校验
科研体系、研发投入与评价,科技创新政策与能力基线,C-STEPI-A0201-1042,2022-11-30,W3,급진적 혁신에서 살아남기: 자동차 산업의 기술 패러다임 변화와 한국의 대응 전략,机构正式研究,C:\Users\WINDOWS\OneDrive\知识库\智库信息爬虫\国际主要科技智库观点演变_研判\03_证据底稿\原文PDF\C-STEPI-A0201-1042.pdf,C:\Users\WINDOWS\OneDrive\知识库\智库信息爬虫\国际主要科技智库观点演变_研判\03_证据底稿\文本\C-STEPI-A0201-1042.txt,https://www.stepi.re.kr/site/stepiko/report/View.do?reIdx=1042,官方PDF已保存并校验
科技人才、大学与知识流动,科技创新政策与能力基线,C-STEPI-A0201-1042,2022-11-30,W3,급진적 혁신에서 살아남기: 자동차 산업의 기술 패러다임 변화와 한국의 대응 전략,机构正式研究,C:\Users\WINDOWS\OneDrive\知识库\智库信息爬虫\国际主要科技智库观点演变_研判\03_证据底稿\原文PDF\C-STEPI-A0201-1042.pdf,C:\Users\WINDOWS\OneDrive\知识库\智库信息爬虫\国际主要科技智库观点演变_研判\03_证据底稿\文本\C-STEPI-A0201-1042.txt,https://www.stepi.re.kr/site/stepiko/report/View.do?reIdx=1042,官方PDF已保存并校验
产业创新、创业与区域体系,科技创新政策与能力基线,C-STEPI-A0201-1042,2022-11-30,W3,급진적 혁신에서 살아남기: 자동차 산업의 기술 패러다임 변화와 한국의 대응 전략,机构正式研究,C:\Users\WINDOWS\OneDrive\知识库\智库信息爬虫\国际主要科技智库观点演变_研判\03_证据底稿\原文PDF\C-STEPI-A0201-1042.pdf,C:\Users\WINDOWS\OneDrive\知识库\智库信息爬虫\国际主要科技智库观点演变_研判\03_证据底稿\文本\C-STEPI-A0201-1042.txt,https://www.stepi.re.kr/site/stepiko/report/View.do?reIdx=1042,官方PDF已保存并校验
科技前瞻与未来社会,科技创新政策与能力基线,C-STEPI-A0201-1042,2022-11-30,W3,급진적 혁신에서 살아남기: 자동차 산업의 기술 패러다임 변화와 한국의 대응 전략,机构正式研究,C:\Users\WINDOWS\OneDrive\知识库\智库信息爬虫\国际主要科技智库观点演变_研判\03_证据底稿\原文PDF\C-STEPI-A0201-1042.pdf,C:\Users\WINDOWS\OneDrive\知识库\智库信息爬虫\国际主要科技智库观点演变_研判\03_证据底稿\文本\C-STEPI-A0201-1042.txt,https://www.stepi.re.kr/site/stepiko/report/View.do?reIdx=1042,官方PDF已保存并校验
中国科技与国际比较,核心科技直接材料,C-STEPI-A0201-1043,2022-11-30,W3,기술주권 부상에 대응하는 과학기술외교 전략 연구,机构正式研究,C:\Users\WINDOWS\OneDrive\知识库\智库信息爬虫\国际主要科技智库观点演变_研判\03_证据底稿\原文PDF\C-STEPI-A0201-1043.pdf,C:\Users\WINDOWS\OneDrive\知识库\智库信息爬虫\国际主要科技智库观点演变_研判\03_证据底稿\文本\C-STEPI-A0201-1043.txt,https://www.stepi.re.kr/site/stepiko/report/View.do?reIdx=1043,官方PDF已保存并校验
人工智能、数据与数字技术,核心科技直接材料,C-STEPI-A0201-1043,2022-11-30,W3,기술주권 부상에 대응하는 과학기술외교 전략 연구,机构正式研究,C:\Users\WINDOWS\OneDrive\知识库\智库信息爬虫\国际主要科技智库观点演变_研判\03_证据底稿\原文PDF\C-STEPI-A0201-1043.pdf,C:\Users\WINDOWS\OneDrive\知识库\智库信息爬虫\国际主要科技智库观点演变_研判\03_证据底稿\文本\C-STEPI-A0201-1043.txt,https://www.stepi.re.kr/site/stepiko/report/View.do?reIdx=1043,官方PDF已保存并校验
半导体、量子与战略技术,核心科技直接材料,C-STEPI-A0201-1043,2022-11-30,W3,기술주권 부상에 대응하는 과학기술외교 전략 연구,机构正式研究,C:\Users\WINDOWS\OneDrive\知识库\智库信息爬虫\国际主要科技智库观点演变_研判\03_证据底稿\原文PDF\C-STEPI-A0201-1043.pdf,C:\Users\WINDOWS\OneDrive\知识库\智库信息爬虫\国际主要科技智库观点演变_研判\03_证据底稿\文本\C-STEPI-A0201-1043.txt,https://www.stepi.re.kr/site/stepiko/report/View.do?reIdx=1043,官方PDF已保存并校验
能源、气候与绿色转型,核心科技直接材料,C-STEPI-A0201-1043,2022-11-30,W3,기술주권 부상에 대응하는 과학기술외교 전략 연구,机构正式研究,C:\Users\WINDOWS\OneDrive\知识库\智库信息爬虫\国际主要科技智库观点演变_研判\03_证据底稿\原文PDF\C-STEPI-A0201-1043.pdf,C:\Users\WINDOWS\OneDrive\知识库\智库信息爬虫\国际主要科技智库观点演变_研判\03_证据底稿\文本\C-STEPI-A0201-1043.txt,https://www.stepi.re.kr/site/stepiko/report/View.do?reIdx=1043,官方PDF已保存并校验
科研体系、研发投入与评价,核心科技直接材料,C-STEPI-A0201-1043,2022-11-30,W3,기술주권 부상에 대응하는 과학기술외교 전략 연구,机构正式研究,C:\Users\WINDOWS\OneDrive\知识库\智库信息爬虫\国际主要科技智库观点演变_研判\03_证据底稿\原文PDF\C-STEPI-A0201-1043.pdf,C:\Users\WINDOWS\OneDrive\知识库\智库信息爬虫\国际主要科技智库观点演变_研判\03_证据底稿\文本\C-STEPI-A0201-1043.txt,https://www.stepi.re.kr/site/stepiko/report/View.do?reIdx=1043,官方PDF已保存并校验
科技人才、大学与知识流动,核心科技直接材料,C-STEPI-A0201-1043,2022-11-30,W3,기술주권 부상에 대응하는 과학기술외교 전략 연구,机构正式研究,C:\Users\WINDOWS\OneDrive\知识库\智库信息爬虫\国际主要科技智库观点演变_研判\03_证据底稿\原文PDF\C-STEPI-A0201-1043.pdf,C:\Users\WINDOWS\OneDrive\知识库\智库信息爬虫\国际主要科技智库观点演变_研判\03_证据底稿\文本\C-STEPI-A0201-1043.txt,https://www.stepi.re.kr/site/stepiko/report/View.do?reIdx=1043,官方PDF已保存并校验
技术安全、供应链与国际合作,核心科技直接材料,C-STEPI-A0201-1043,2022-11-30,W3,기술주권 부상에 대응하는 과학기술외교 전략 연구,机构正式研究,C:\Users\WINDOWS\OneDrive\知识库\智库信息爬虫\国际主要科技智库观点演变_研判\03_证据底稿\原文PDF\C-STEPI-A0201-1043.pdf,C:\Users\WINDOWS\OneDrive\知识库\智库信息爬虫\国际主要科技智库观点演变_研判\03_证据底稿\文本\C-STEPI-A0201-1043.txt,https://www.stepi.re.kr/site/stepiko/report/View.do?reIdx=1043,官方PDF已保存并校验
科技前瞻与未来社会,核心科技直接材料,C-STEPI-A0201-1043,2022-11-30,W3,기술주권 부상에 대응하는 과학기술외교 전략 연구,机构正式研究,C:\Users\WINDOWS\OneDrive\知识库\智库信息爬虫\国际主要科技智库观点演变_研判\03_证据底稿\原文PDF\C-STEPI-A0201-1043.pdf,C:\Users\WINDOWS\OneDrive\知识库\智库信息爬虫\国际主要科技智库观点演变_研判\03_证据底稿\文本\C-STEPI-A0201-1043.txt,https://www.stepi.re.kr/site/stepiko/report/View.do?reIdx=1043,官方PDF已保存并校验
半导体、量子与战略技术,科技创新政策与能力基线,C-STEPI-A0201-1044,2022-11-30,W3,과학기술인재 성장 기반 구축을 위한 연구개발과 인력정책 연계 방안,机构正式研究,C:\Users\WINDOWS\OneDrive\知识库\智库信息爬虫\国际主要科技智库观点演变_研判\03_证据底稿\原文PDF\C-STEPI-A0201-1044.pdf,C:\Users\WINDOWS\OneDrive\知识库\智库信息爬虫\国际主要科技智库观点演变_研判\03_证据底稿\文本\C-STEPI-A0201-1044.txt,https://www.stepi.re.kr/site/stepiko/report/View.do?reIdx=1044,官方PDF已保存并校验
科研体系、研发投入与评价,科技创新政策与能力基线,C-STEPI-A0201-1044,2022-11-30,W3,과학기술인재 성장 기반 구축을 위한 연구개발과 인력정책 연계 방안,机构正式研究,C:\Users\WINDOWS\OneDrive\知识库\智库信息爬虫\国际主要科技智库观点演变_研判\03_证据底稿\原文PDF\C-STEPI-A0201-1044.pdf,C:\Users\WINDOWS\OneDrive\知识库\智库信息爬虫\国际主要科技智库观点演变_研判\03_证据底稿\文本\C-STEPI-A0201-1044.txt,https://www.stepi.re.kr/site/stepiko/report/View.do?reIdx=1044,官方PDF已保存并校验
科技人才、大学与知识流动,科技创新政策与能力基线,C-STEPI-A0201-1044,2022-11-30,W3,과학기술인재 성장 기반 구축을 위한 연구개발과 인력정책 연계 방안,机构正式研究,C:\Users\WINDOWS\OneDrive\知识库\智库信息爬虫\国际主要科技智库观点演变_研判\03_证据底稿\原文PDF\C-STEPI-A0201-1044.pdf,C:\Users\WINDOWS\OneDrive\知识库\智库信息爬虫\国际主要科技智库观点演变_研判\03_证据底稿\文本\C-STEPI-A0201-1044.txt,https://www.stepi.re.kr/site/stepiko/report/View.do?reIdx=1044,官方PDF已保存并校验
科技前瞻与未来社会,科技创新政策与能力基线,C-STEPI-A0201-1044,2022-11-30,W3,과학기술인재 성장 기반 구축을 위한 연구개발과 인력정책 연계 방안,机构正式研究,C:\Users\WINDOWS\OneDrive\知识库\智库信息爬虫\国际主要科技智库观点演变_研判\03_证据底稿\原文PDF\C-STEPI-A0201-1044.pdf,C:\Users\WINDOWS\OneDrive\知识库\智库信息爬虫\国际主要科技智库观点演变_研判\03_证据底稿\文本\C-STEPI-A0201-1044.txt,https://www.stepi.re.kr/site/stepiko/report/View.do?reIdx=1044,官方PDF已保存并校验
生命科学、生物技术与健康,科技创新政策与能力基线,C-STEPI-A0201-1045,2022-11-30,W3,임무중심 국가과학기술혁신정책 전환방안 연구 Ⅰ,机构正式研究,C:\Users\WINDOWS\OneDrive\知识库\智库信息爬虫\国际主要科技智库观点演变_研判\03_证据底稿\原文PDF\C-STEPI-A0201-1045.pdf,C:\Users\WINDOWS\OneDrive\知识库\智库信息爬虫\国际主要科技智库观点演变_研判\03_证据底稿\文本\C-STEPI-A0201-1045.txt,https://www.stepi.re.kr/site/stepiko/report/View.do?reIdx=1045,官方PDF已保存并校验
能源、气候与绿色转型,科技创新政策与能力基线,C-STEPI-A0201-1045,2022-11-30,W3,임무중심 국가과학기술혁신정책 전환방안 연구 Ⅰ,机构正式研究,C:\Users\WINDOWS\OneDrive\知识库\智库信息爬虫\国际主要科技智库观点演变_研判\03_证据底稿\原文PDF\C-STEPI-A0201-1045.pdf,C:\Users\WINDOWS\OneDrive\知识库\智库信息爬虫\国际主要科技智库观点演变_研判\03_证据底稿\文本\C-STEPI-A0201-1045.txt,https://www.stepi.re.kr/site/stepiko/report/View.do?reIdx=1045,官方PDF已保存并校验
科研体系、研发投入与评价,科技创新政策与能力基线,C-STEPI-A0201-1045,2022-11-30,W3,임무중심 국가과학기술혁신정책 전환방안 연구 Ⅰ,机构正式研究,C:\Users\WINDOWS\OneDrive\知识库\智库信息爬虫\国际主要科技智库观点演变_研判\03_证据底稿\原文PDF\C-STEPI-A0201-1045.pdf,C:\Users\WINDOWS\OneDrive\知识库\智库信息爬虫\国际主要科技智库观点演变_研判\03_证据底稿\文本\C-STEPI-A0201-1045.txt,https://www.stepi.re.kr/site/stepiko/report/View.do?reIdx=1045,官方PDF已保存并校验
科技人才、大学与知识流动,科技创新政策与能力基线,C-STEPI-A0201-1045,2022-11-30,W3,임무중심 국가과학기술혁신정책 전환방안 연구 Ⅰ,机构正式研究,C:\Users\WINDOWS\OneDrive\知识库\智库信息爬虫\国际主要科技智库观点演变_研判\03_证据底稿\原文PDF\C-STEPI-A0201-1045.pdf,C:\Users\WINDOWS\OneDrive\知识库\智库信息爬虫\国际主要科技智库观点演变_研判\03_证据底稿\文本\C-STEPI-A0201-1045.txt,https://www.stepi.re.kr/site/stepiko/report/View.do?reIdx=1045,官方PDF已保存并校验
产业创新、创业与区域体系,科技创新政策与能力基线,C-STEPI-A0201-1045,2022-11-30,W3,임무중심 국가과학기술혁신정책 전환방안 연구 Ⅰ,机构正式研究,C:\Users\WINDOWS\OneDrive\知识库\智库信息爬虫\国际主要科技智库观点演变_研判\03_证据底稿\原文PDF\C-STEPI-A0201-1045.pdf,C:\Users\WINDOWS\OneDrive\知识库\智库信息爬虫\国际主要科技智库观点演变_研判\03_证据底稿\文本\C-STEPI-A0201-1045.txt,https://www.stepi.re.kr/site/stepiko/report/View.do?reIdx=1045,官方PDF已保存并校验
科技前瞻与未来社会,科技创新政策与能力基线,C-STEPI-A0201-1045,2022-11-30,W3,임무중심 국가과학기술혁신정책 전환방안 연구 Ⅰ,机构正式研究,C:\Users\WINDOWS\OneDrive\知识库\智库信息爬虫\国际主要科技智库观点演变_研判\03_证据底稿\原文PDF\C-STEPI-A0201-1045.pdf,C:\Users\WINDOWS\OneDrive\知识库\智库信息爬虫\国际主要科技智库观点演变_研判\03_证据底稿\文本\C-STEPI-A0201-1045.txt,https://www.stepi.re.kr/site/stepiko/report/View.do?reIdx=1045,官方PDF已保存并校验
中国科技与国际比较,科技创新政策与能力基线,C-STEPI-A0201-1046,2022-11-30,W3,신산업 분야 기업 혁신활동의 특성 분석 및 혁신경쟁력 강화 방안 연구,机构正式研究,C:\Users\WINDOWS\OneDrive\知识库\智库信息爬虫\国际主要科技智库观点演变_研判\03_证据底稿\原文PDF\C-STEPI-A0201-1046.pdf,C:\Users\WINDOWS\OneDrive\知识库\智库信息爬虫\国际主要科技智库观点演变_研判\03_证据底稿\文本\C-STEPI-A0201-1046.txt,https://www.stepi.re.kr/site/stepiko/report/View.do?reIdx=1046,官方PDF已保存并校验
人工智能、数据与数字技术,科技创新政策与能力基线,C-STEPI-A0201-1046,2022-11-30,W3,신산업 분야 기업 혁신활동의 특성 분석 및 혁신경쟁력 강화 방안 연구,机构正式研究,C:\Users\WINDOWS\OneDrive\知识库\智库信息爬虫\国际主要科技智库观点演变_研判\03_证据底稿\原文PDF\C-STEPI-A0201-1046.pdf,C:\Users\WINDOWS\OneDrive\知识库\智库信息爬虫\国际主要科技智库观点演变_研判\03_证据底稿\文本\C-STEPI-A0201-1046.txt,https://www.stepi.re.kr/site/stepiko/report/View.do?reIdx=1046,官方PDF已保存并校验
生命科学、生物技术与健康,科技创新政策与能力基线,C-STEPI-A0201-1046,2022-11-30,W3,신산업 분야 기업 혁신활동의 특성 분석 및 혁신경쟁력 강화 방안 연구,机构正式研究,C:\Users\WINDOWS\OneDrive\知识库\智库信息爬虫\国际主要科技智库观点演变_研判\03_证据底稿\原文PDF\C-STEPI-A0201-1046.pdf,C:\Users\WINDOWS\OneDrive\知识库\智库信息爬虫\国际主要科技智库观点演变_研判\03_证据底稿\文本\C-STEPI-A0201-1046.txt,https://www.stepi.re.kr/site/stepiko/report/View.do?reIdx=1046,官方PDF已保存并校验
科研体系、研发投入与评价,科技创新政策与能力基线,C-STEPI-A0201-1046,2022-11-30,W3,신산업 분야 기업 혁신활동의 특성 분석 및 혁신경쟁력 강화 방안 연구,机构正式研究,C:\Users\WINDOWS\OneDrive\知识库\智库信息爬虫\国际主要科技智库观点演变_研判\03_证据底稿\原文PDF\C-STEPI-A0201-1046.pdf,C:\Users\WINDOWS\OneDrive\知识库\智库信息爬虫\国际主要科技智库观点演变_研判\03_证据底稿\文本\C-STEPI-A0201-1046.txt,https://www.stepi.re.kr/site/stepiko/report/View.do?reIdx=1046,官方PDF已保存并校验
科技人才、大学与知识流动,科技创新政策与能力基线,C-STEPI-A0201-1046,2022-11-30,W3,신산업 분야 기업 혁신활동의 특성 분석 및 혁신경쟁력 강화 방안 연구,机构正式研究,C:\Users\WINDOWS\OneDrive\知识库\智库信息爬虫\国际主要科技智库观点演变_研判\03_证据底稿\原文PDF\C-STEPI-A0201-1046.pdf,C:\Users\WINDOWS\OneDrive\知识库\智库信息爬虫\国际主要科技智库观点演变_研判\03_证据底稿\文本\C-STEPI-A0201-1046.txt,https://www.stepi.re.kr/site/stepiko/report/View.do?reIdx=1046,官方PDF已保存并校验
产业创新、创业与区域体系,科技创新政策与能力基线,C-STEPI-A0201-1046,2022-11-30,W3,신산업 분야 기업 혁신활동의 특성 분석 및 혁신경쟁력 강화 방안 연구,机构正式研究,C:\Users\WINDOWS\OneDrive\知识库\智库信息爬虫\国际主要科技智库观点演变_研判\03_证据底稿\原文PDF\C-STEPI-A0201-1046.pdf,C:\Users\WINDOWS\OneDrive\知识库\智库信息爬虫\国际主要科技智库观点演变_研判\03_证据底稿\文本\C-STEPI-A0201-1046.txt,https://www.stepi.re.kr/site/stepiko/report/View.do?reIdx=1046,官方PDF已保存并校验
科技前瞻与未来社会,科技创新政策与能力基线,C-STEPI-A0201-1046,2022-11-30,W3,신산업 분야 기업 혁신활동의 특성 분석 및 혁신경쟁력 강화 방안 연구,机构正式研究,C:\Users\WINDOWS\OneDrive\知识库\智库信息爬虫\国际主要科技智库观点演变_研判\03_证据底稿\原文PDF\C-STEPI-A0201-1046.pdf,C:\Users\WINDOWS\OneDrive\知识库\智库信息爬虫\国际主要科技智库观点演变_研判\03_证据底稿\文本\C-STEPI-A0201-1046.txt,https://www.stepi.re.kr/site/stepiko/report/View.do?reIdx=1046,官方PDF已保存并校验
人工智能、数据与数字技术,核心科技直接材料,C-STEPI-A0201-1047,2022-11-30,W3,개도국 SDGs 이행 촉진을 위한 디지털 전환 지원전략 - 주요국 분석과 협력방안 -,机构正式研究,C:\Users\WINDOWS\OneDrive\知识库\智库信息爬虫\国际主要科技智库观点演变_研判\03_证据底稿\原文PDF\C-STEPI-A0201-1047.pdf,C:\Users\WINDOWS\OneDrive\知识库\智库信息爬虫\国际主要科技智库观点演变_研判\03_证据底稿\文本\C-STEPI-A0201-1047.txt,https://www.stepi.re.kr/site/stepiko/report/View.do?reIdx=1047,官方PDF已保存并校验
科研体系、研发投入与评价,核心科技直接材料,C-STEPI-A0201-1047,2022-11-30,W3,개도국 SDGs 이행 촉진을 위한 디지털 전환 지원전략 - 주요국 분석과 협력방안 -,机构正式研究,C:\Users\WINDOWS\OneDrive\知识库\智库信息爬虫\国际主要科技智库观点演变_研判\03_证据底稿\原文PDF\C-STEPI-A0201-1047.pdf,C:\Users\WINDOWS\OneDrive\知识库\智库信息爬虫\国际主要科技智库观点演变_研判\03_证据底稿\文本\C-STEPI-A0201-1047.txt,https://www.stepi.re.kr/site/stepiko/report/View.do?reIdx=1047,官方PDF已保存并校验
产业创新、创业与区域体系,核心科技直接材料,C-STEPI-A0201-1047,2022-11-30,W3,개도국 SDGs 이행 촉진을 위한 디지털 전환 지원전략 - 주요국 분석과 협력방안 -,机构正式研究,C:\Users\WINDOWS\OneDrive\知识库\智库信息爬虫\国际主要科技智库观点演变_研判\03_证据底稿\原文PDF\C-STEPI-A0201-1047.pdf,C:\Users\WINDOWS\OneDrive\知识库\智库信息爬虫\国际主要科技智库观点演变_研判\03_证据底稿\文本\C-STEPI-A0201-1047.txt,https://www.stepi.re.kr/site/stepiko/report/View.do?reIdx=1047,官方PDF已保存并校验
技术安全、供应链与国际合作,核心科技直接材料,C-STEPI-A0201-1047,2022-11-30,W3,개도국 SDGs 이행 촉진을 위한 디지털 전환 지원전략 - 주요국 분석과 협력방안 -,机构正式研究,C:\Users\WINDOWS\OneDrive\知识库\智库信息爬虫\国际主要科技智库观点演变_研判\03_证据底稿\原文PDF\C-STEPI-A0201-1047.pdf,C:\Users\WINDOWS\OneDrive\知识库\智库信息爬虫\国际主要科技智库观点演变_研判\03_证据底稿\文本\C-STEPI-A0201-1047.txt,https://www.stepi.re.kr/site/stepiko/report/View.do?reIdx=1047,官方PDF已保存并校验
科技前瞻与未来社会,核心科技直接材料,C-STEPI-A0201-1047,2022-11-30,W3,개도국 SDGs 이행 촉진을 위한 디지털 전환 지원전략 - 주요국 분석과 협력방안 -,机构正式研究,C:\Users\WINDOWS\OneDrive\知识库\智库信息爬虫\国际主要科技智库观点演变_研判\03_证据底稿\原文PDF\C-STEPI-A0201-1047.pdf,C:\Users\WINDOWS\OneDrive\知识库\智库信息爬虫\国际主要科技智库观点演变_研判\03_证据底稿\文本\C-STEPI-A0201-1047.txt,https://www.stepi.re.kr/site/stepiko/report/View.do?reIdx=1047,官方PDF已保存并校验
科研体系、研发投入与评价,科技创新政策与能力基线,C-STEPI-A0201-1048,2022-11-30,W3,글로벌 기술사업화 역량 지수 비교분석 연구 (2차년도) - 주요국 상위 공공연구기관의 기술사업화 환경 -,机构正式研究,C:\Users\WINDOWS\OneDrive\知识库\智库信息爬虫\国际主要科技智库观点演变_研判\03_证据底稿\原文PDF\C-STEPI-A0201-1048.pdf,C:\Users\WINDOWS\OneDrive\知识库\智库信息爬虫\国际主要科技智库观点演变_研判\03_证据底稿\文本\C-STEPI-A0201-1048.txt,https://www.stepi.re.kr/site/stepiko/report/View.do?reIdx=1048,官方PDF已保存并校验
科技人才、大学与知识流动,科技创新政策与能力基线,C-STEPI-A0201-1048,2022-11-30,W3,글로벌 기술사업화 역량 지수 비교분석 연구 (2차년도) - 주요국 상위 공공연구기관의 기술사업화 환경 -,机构正式研究,C:\Users\WINDOWS\OneDrive\知识库\智库信息爬虫\国际主要科技智库观点演变_研判\03_证据底稿\原文PDF\C-STEPI-A0201-1048.pdf,C:\Users\WINDOWS\OneDrive\知识库\智库信息爬虫\国际主要科技智库观点演变_研判\03_证据底稿\文本\C-STEPI-A0201-1048.txt,https://www.stepi.re.kr/site/stepiko/report/View.do?reIdx=1048,官方PDF已保存并校验
产业创新、创业与区域体系,科技创新政策与能力基线,C-STEPI-A0201-1048,2022-11-30,W3,글로벌 기술사업화 역량 지수 비교분석 연구 (2차년도) - 주요국 상위 공공연구기관의 기술사업화 환경 -,机构正式研究,C:\Users\WINDOWS\OneDrive\知识库\智库信息爬虫\国际主要科技智库观点演变_研判\03_证据底稿\原文PDF\C-STEPI-A0201-1048.pdf,C:\Users\WINDOWS\OneDrive\知识库\智库信息爬虫\国际主要科技智库观点演变_研判\03_证据底稿\文本\C-STEPI-A0201-1048.txt,https://www.stepi.re.kr/site/stepiko/report/View.do?reIdx=1048,官方PDF已保存并校验
技术安全、供应链与国际合作,科技创新政策与能力基线,C-STEPI-A0201-1048,2022-11-30,W3,글로벌 기술사업화 역량 지수 비교분석 연구 (2차년도) - 주요국 상위 공공연구기관의 기술사업화 환경 -,机构正式研究,C:\Users\WINDOWS\OneDrive\知识库\智库信息爬虫\国际主要科技智库观点演变_研判\03_证据底稿\原文PDF\C-STEPI-A0201-1048.pdf,C:\Users\WINDOWS\OneDrive\知识库\智库信息爬虫\国际主要科技智库观点演变_研判\03_证据底稿\文本\C-STEPI-A0201-1048.txt,https://www.stepi.re.kr/site/stepiko/report/View.do?reIdx=1048,官方PDF已保存并校验
科技前瞻与未来社会,科技创新政策与能力基线,C-STEPI-A0201-1048,2022-11-30,W3,글로벌 기술사업화 역량 지수 비교분석 연구 (2차년도) - 주요국 상위 공공연구기관의 기술사업화 환경 -,机构正式研究,C:\Users\WINDOWS\OneDrive\知识库\智库信息爬虫\国际主要科技智库观点演变_研判\03_证据底稿\原文PDF\C-STEPI-A0201-1048.pdf,C:\Users\WINDOWS\OneDrive\知识库\智库信息爬虫\国际主要科技智库观点演变_研判\03_证据底稿\文本\C-STEPI-A0201-1048.txt,https://www.stepi.re.kr/site/stepiko/report/View.do?reIdx=1048,官方PDF已保存并校验
生命科学、生物技术与健康,科技创新政策与能力基线,C-STEPI-A0201-1049,2022-11-30,W3,혁신환경 변화 대응 정부출연연구기관 역할 재정립 및 관리체계 개선방안,机构正式研究,C:\Users\WINDOWS\OneDrive\知识库\智库信息爬虫\国际主要科技智库观点演变_研判\03_证据底稿\原文PDF\C-STEPI-A0201-1049.pdf,C:\Users\WINDOWS\OneDrive\知识库\智库信息爬虫\国际主要科技智库观点演变_研判\03_证据底稿\文本\C-STEPI-A0201-1049.txt,https://www.stepi.re.kr/site/stepiko/report/View.do?reIdx=1049,官方PDF已保存并校验
科研体系、研发投入与评价,科技创新政策与能力基线,C-STEPI-A0201-1049,2022-11-30,W3,혁신환경 변화 대응 정부출연연구기관 역할 재정립 및 관리체계 개선방안,机构正式研究,C:\Users\WINDOWS\OneDrive\知识库\智库信息爬虫\国际主要科技智库观点演变_研判\03_证据底稿\原文PDF\C-STEPI-A0201-1049.pdf,C:\Users\WINDOWS\OneDrive\知识库\智库信息爬虫\国际主要科技智库观点演变_研判\03_证据底稿\文本\C-STEPI-A0201-1049.txt,https://www.stepi.re.kr/site/stepiko/report/View.do?reIdx=1049,官方PDF已保存并校验
科技人才、大学与知识流动,科技创新政策与能力基线,C-STEPI-A0201-1049,2022-11-30,W3,혁신환경 변화 대응 정부출연연구기관 역할 재정립 및 관리체계 개선방안,机构正式研究,C:\Users\WINDOWS\OneDrive\知识库\智库信息爬虫\国际主要科技智库观点演变_研判\03_证据底稿\原文PDF\C-STEPI-A0201-1049.pdf,C:\Users\WINDOWS\OneDrive\知识库\智库信息爬虫\国际主要科技智库观点演变_研判\03_证据底稿\文本\C-STEPI-A0201-1049.txt,https://www.stepi.re.kr/site/stepiko/report/View.do?reIdx=1049,官方PDF已保存并校验
产业创新、创业与区域体系,科技创新政策与能力基线,C-STEPI-A0201-1049,2022-11-30,W3,혁신환경 변화 대응 정부출연연구기관 역할 재정립 및 관리체계 개선방안,机构正式研究,C:\Users\WINDOWS\OneDrive\知识库\智库信息爬虫\国际主要科技智库观点演变_研判\03_证据底稿\原文PDF\C-STEPI-A0201-1049.pdf,C:\Users\WINDOWS\OneDrive\知识库\智库信息爬虫\国际主要科技智库观点演变_研判\03_证据底稿\文本\C-STEPI-A0201-1049.txt,https://www.stepi.re.kr/site/stepiko/report/View.do?reIdx=1049,官方PDF已保存并校验
科技前瞻与未来社会,科技创新政策与能力基线,C-STEPI-A0201-1049,2022-11-30,W3,혁신환경 변화 대응 정부출연연구기관 역할 재정립 및 관리체계 개선방안,机构正式研究,C:\Users\WINDOWS\OneDrive\知识库\智库信息爬虫\国际主要科技智库观点演变_研判\03_证据底稿\原文PDF\C-STEPI-A0201-1049.pdf,C:\Users\WINDOWS\OneDrive\知识库\智库信息爬虫\国际主要科技智库观点演变_研判\03_证据底稿\文本\C-STEPI-A0201-1049.txt,https://www.stepi.re.kr/site/stepiko/report/View.do?reIdx=1049,官方PDF已保存并校验
人工智能、数据与数字技术,科技创新政策与能力基线,C-STEPI-A0201-1050,2022-11-30,W3,기술발전과 사회변화를 고려한 국가 성장동력 선정 방식의 전환,机构正式研究,C:\Users\WINDOWS\OneDrive\知识库\智库信息爬虫\国际主要科技智库观点演变_研判\03_证据底稿\原文PDF\C-STEPI-A0201-1050.pdf,C:\Users\WINDOWS\OneDrive\知识库\智库信息爬虫\国际主要科技智库观点演变_研判\03_证据底稿\文本\C-STEPI-A0201-1050.txt,https://www.stepi.re.kr/site/stepiko/report/View.do?reIdx=1050,官方PDF已保存并校验
半导体、量子与战略技术,科技创新政策与能力基线,C-STEPI-A0201-1050,2022-11-30,W3,기술발전과 사회변화를 고려한 국가 성장동력 선정 방식의 전환,机构正式研究,C:\Users\WINDOWS\OneDrive\知识库\智库信息爬虫\国际主要科技智库观点演变_研判\03_证据底稿\原文PDF\C-STEPI-A0201-1050.pdf,C:\Users\WINDOWS\OneDrive\知识库\智库信息爬虫\国际主要科技智库观点演变_研判\03_证据底稿\文本\C-STEPI-A0201-1050.txt,https://www.stepi.re.kr/site/stepiko/report/View.do?reIdx=1050,官方PDF已保存并校验
科研体系、研发投入与评价,科技创新政策与能力基线,C-STEPI-A0201-1050,2022-11-30,W3,기술발전과 사회변화를 고려한 국가 성장동력 선정 방식의 전환,机构正式研究,C:\Users\WINDOWS\OneDrive\知识库\智库信息爬虫\国际主要科技智库观点演变_研判\03_证据底稿\原文PDF\C-STEPI-A0201-1050.pdf,C:\Users\WINDOWS\OneDrive\知识库\智库信息爬虫\国际主要科技智库观点演变_研判\03_证据底稿\文本\C-STEPI-A0201-1050.txt,https://www.stepi.re.kr/site/stepiko/report/View.do?reIdx=1050,官方PDF已保存并校验
科技人才、大学与知识流动,科技创新政策与能力基线,C-STEPI-A0201-1050,2022-11-30,W3,기술발전과 사회변화를 고려한 국가 성장동력 선정 방식의 전환,机构正式研究,C:\Users\WINDOWS\OneDrive\知识库\智库信息爬虫\国际主要科技智库观点演变_研判\03_证据底稿\原文PDF\C-STEPI-A0201-1050.pdf,C:\Users\WINDOWS\OneDrive\知识库\智库信息爬虫\国际主要科技智库观点演变_研判\03_证据底稿\文本\C-STEPI-A0201-1050.txt,https://www.stepi.re.kr/site/stepiko/report/View.do?reIdx=1050,官方PDF已保存并校验
产业创新、创业与区域体系,科技创新政策与能力基线,C-STEPI-A0201-1050,2022-11-30,W3,기술발전과 사회변화를 고려한 국가 성장동력 선정 방식의 전환,机构正式研究,C:\Users\WINDOWS\OneDrive\知识库\智库信息爬虫\国际主要科技智库观点演变_研判\03_证据底稿\原文PDF\C-STEPI-A0201-1050.pdf,C:\Users\WINDOWS\OneDrive\知识库\智库信息爬虫\国际主要科技智库观点演变_研判\03_证据底稿\文本\C-STEPI-A0201-1050.txt,https://www.stepi.re.kr/site/stepiko/report/View.do?reIdx=1050,官方PDF已保存并校验
科技前瞻与未来社会,科技创新政策与能力基线,C-STEPI-A0201-1050,2022-11-30,W3,기술발전과 사회변화를 고려한 국가 성장동력 선정 방식의 전환,机构正式研究,C:\Users\WINDOWS\OneDrive\知识库\智库信息爬虫\国际主要科技智库观点演变_研判\03_证据底稿\原文PDF\C-STEPI-A0201-1050.pdf,C:\Users\WINDOWS\OneDrive\知识库\智库信息爬虫\国际主要科技智库观点演变_研判\03_证据底稿\文本\C-STEPI-A0201-1050.txt,https://www.stepi.re.kr/site/stepiko/report/View.do?reIdx=1050,官方PDF已保存并校验
人工智能、数据与数字技术,科技创新政策与能力基线,C-STEPI-A0201-1051,2022-11-30,W3,농업 부문 규제과학 도입 및 활성화 방안 연구,机构正式研究,C:\Users\WINDOWS\OneDrive\知识库\智库信息爬虫\国际主要科技智库观点演变_研判\03_证据底稿\原文PDF\C-STEPI-A0201-1051.pdf,C:\Users\WINDOWS\OneDrive\知识库\智库信息爬虫\国际主要科技智库观点演变_研判\03_证据底稿\文本\C-STEPI-A0201-1051.txt,https://www.stepi.re.kr/site/stepiko/report/View.do?reIdx=1051,官方PDF已保存并校验
生命科学、生物技术与健康,科技创新政策与能力基线,C-STEPI-A0201-1051,2022-11-30,W3,농업 부문 규제과학 도입 및 활성화 방안 연구,机构正式研究,C:\Users\WINDOWS\OneDrive\知识库\智库信息爬虫\国际主要科技智库观点演变_研判\03_证据底稿\原文PDF\C-STEPI-A0201-1051.pdf,C:\Users\WINDOWS\OneDrive\知识库\智库信息爬虫\国际主要科技智库观点演变_研判\03_证据底稿\文本\C-STEPI-A0201-1051.txt,https://www.stepi.re.kr/site/stepiko/report/View.do?reIdx=1051,官方PDF已保存并校验
科研体系、研发投入与评价,科技创新政策与能力基线,C-STEPI-A0201-1051,2022-11-30,W3,농업 부문 규제과학 도입 및 활성화 방안 연구,机构正式研究,C:\Users\WINDOWS\OneDrive\知识库\智库信息爬虫\国际主要科技智库观点演变_研判\03_证据底稿\原文PDF\C-STEPI-A0201-1051.pdf,C:\Users\WINDOWS\OneDrive\知识库\智库信息爬虫\国际主要科技智库观点演变_研判\03_证据底稿\文本\C-STEPI-A0201-1051.txt,https://www.stepi.re.kr/site/stepiko/report/View.do?reIdx=1051,官方PDF已保存并校验
科技人才、大学与知识流动,科技创新政策与能力基线,C-STEPI-A0201-1051,2022-11-30,W3,농업 부문 규제과학 도입 및 활성화 방안 연구,机构正式研究,C:\Users\WINDOWS\OneDrive\知识库\智库信息爬虫\国际主要科技智库观点演变_研判\03_证据底稿\原文PDF\C-STEPI-A0201-1051.pdf,C:\Users\WINDOWS\OneDrive\知识库\智库信息爬虫\国际主要科技智库观点演变_研判\03_证据底稿\文本\C-STEPI-A0201-1051.txt,https://www.stepi.re.kr/site/stepiko/report/View.do?reIdx=1051,官方PDF已保存并校验
产业创新、创业与区域体系,科技创新政策与能力基线,C-STEPI-A0201-1051,2022-11-30,W3,농업 부문 규제과학 도입 및 활성화 방안 연구,机构正式研究,C:\Users\WINDOWS\OneDrive\知识库\智库信息爬虫\国际主要科技智库观点演变_研判\03_证据底稿\原文PDF\C-STEPI-A0201-1051.pdf,C:\Users\WINDOWS\OneDrive\知识库\智库信息爬虫\国际主要科技智库观点演变_研判\03_证据底稿\文本\C-STEPI-A0201-1051.txt,https://www.stepi.re.kr/site/stepiko/report/View.do?reIdx=1051,官方PDF已保存并校验
人工智能、数据与数字技术,核心科技直接材料,C-STEPI-A0201-1052,2022-11-30,W3,데이터 기반 보안 정책의 설계와 이행전략 연구 - 망분리 규제를 중심으로 -,机构正式研究,C:\Users\WINDOWS\OneDrive\知识库\智库信息爬虫\国际主要科技智库观点演变_研判\03_证据底稿\原文PDF\C-STEPI-A0201-1052.pdf,C:\Users\WINDOWS\OneDrive\知识库\智库信息爬虫\国际主要科技智库观点演变_研判\03_证据底稿\文本\C-STEPI-A0201-1052.txt,https://www.stepi.re.kr/site/stepiko/report/View.do?reIdx=1052,官方PDF已保存并校验
生命科学、生物技术与健康,核心科技直接材料,C-STEPI-A0201-1052,2022-11-30,W3,데이터 기반 보안 정책의 설계와 이행전략 연구 - 망분리 규제를 중심으로 -,机构正式研究,C:\Users\WINDOWS\OneDrive\知识库\智库信息爬虫\国际主要科技智库观点演变_研判\03_证据底稿\原文PDF\C-STEPI-A0201-1052.pdf,C:\Users\WINDOWS\OneDrive\知识库\智库信息爬虫\国际主要科技智库观点演变_研判\03_证据底稿\文本\C-STEPI-A0201-1052.txt,https://www.stepi.re.kr/site/stepiko/report/View.do?reIdx=1052,官方PDF已保存并校验
科研体系、研发投入与评价,核心科技直接材料,C-STEPI-A0201-1052,2022-11-30,W3,데이터 기반 보안 정책의 설계와 이행전략 연구 - 망분리 규제를 중심으로 -,机构正式研究,C:\Users\WINDOWS\OneDrive\知识库\智库信息爬虫\国际主要科技智库观点演变_研判\03_证据底稿\原文PDF\C-STEPI-A0201-1052.pdf,C:\Users\WINDOWS\OneDrive\知识库\智库信息爬虫\国际主要科技智库观点演变_研判\03_证据底稿\文本\C-STEPI-A0201-1052.txt,https://www.stepi.re.kr/site/stepiko/report/View.do?reIdx=1052,官方PDF已保存并校验
产业创新、创业与区域体系,核心科技直接材料,C-STEPI-A0201-1052,2022-11-30,W3,데이터 기반 보안 정책의 설계와 이행전략 연구 - 망분리 규제를 중심으로 -,机构正式研究,C:\Users\WINDOWS\OneDrive\知识库\智库信息爬虫\国际主要科技智库观点演变_研判\03_证据底稿\原文PDF\C-STEPI-A0201-1052.pdf,C:\Users\WINDOWS\OneDrive\知识库\智库信息爬虫\国际主要科技智库观点演变_研判\03_证据底稿\文本\C-STEPI-A0201-1052.txt,https://www.stepi.re.kr/site/stepiko/report/View.do?reIdx=1052,官方PDF已保存并校验
科技前瞻与未来社会,核心科技直接材料,C-STEPI-A0201-1052,2022-11-30,W3,데이터 기반 보안 정책의 설계와 이행전략 연구 - 망분리 규제를 중심으로 -,机构正式研究,C:\Users\WINDOWS\OneDrive\知识库\智库信息爬虫\国际主要科技智库观点演变_研判\03_证据底稿\原文PDF\C-STEPI-A0201-1052.pdf,C:\Users\WINDOWS\OneDrive\知识库\智库信息爬虫\国际主要科技智库观点演变_研判\03_证据底稿\文本\C-STEPI-A0201-1052.txt,https://www.stepi.re.kr/site/stepiko/report/View.do?reIdx=1052,官方PDF已保存并校验
人工智能、数据与数字技术,科技创新政策与能力基线,C-STEPI-A0201-1053,2022-11-30,W3,지역의 위기와 도전과제에 대응하는 ‘전환적 지역혁신정책’연구,机构正式研究,C:\Users\WINDOWS\OneDrive\知识库\智库信息爬虫\国际主要科技智库观点演变_研判\03_证据底稿\原文PDF\C-STEPI-A0201-1053.pdf,C:\Users\WINDOWS\OneDrive\知识库\智库信息爬虫\国际主要科技智库观点演变_研判\03_证据底稿\文本\C-STEPI-A0201-1053.txt,https://www.stepi.re.kr/site/stepiko/report/View.do?reIdx=1053,官方PDF已保存并校验
能源、气候与绿色转型,科技创新政策与能力基线,C-STEPI-A0201-1053,2022-11-30,W3,지역의 위기와 도전과제에 대응하는 ‘전환적 지역혁신정책’연구,机构正式研究,C:\Users\WINDOWS\OneDrive\知识库\智库信息爬虫\国际主要科技智库观点演变_研判\03_证据底稿\原文PDF\C-STEPI-A0201-1053.pdf,C:\Users\WINDOWS\OneDrive\知识库\智库信息爬虫\国际主要科技智库观点演变_研判\03_证据底稿\文本\C-STEPI-A0201-1053.txt,https://www.stepi.re.kr/site/stepiko/report/View.do?reIdx=1053,官方PDF已保存并校验
科研体系、研发投入与评价,科技创新政策与能力基线,C-STEPI-A0201-1053,2022-11-30,W3,지역의 위기와 도전과제에 대응하는 ‘전환적 지역혁신정책’연구,机构正式研究,C:\Users\WINDOWS\OneDrive\知识库\智库信息爬虫\国际主要科技智库观点演变_研判\03_证据底稿\原文PDF\C-STEPI-A0201-1053.pdf,C:\Users\WINDOWS\OneDrive\知识库\智库信息爬虫\国际主要科技智库观点演变_研判\03_证据底稿\文本\C-STEPI-A0201-1053.txt,https://www.stepi.re.kr/site/stepiko/report/View.do?reIdx=1053,官方PDF已保存并校验
科技人才、大学与知识流动,科技创新政策与能力基线,C-STEPI-A0201-1053,2022-11-30,W3,지역의 위기와 도전과제에 대응하는 ‘전환적 지역혁신정책’연구,机构正式研究,C:\Users\WINDOWS\OneDrive\知识库\智库信息爬虫\国际主要科技智库观点演变_研判\03_证据底稿\原文PDF\C-STEPI-A0201-1053.pdf,C:\Users\WINDOWS\OneDrive\知识库\智库信息爬虫\国际主要科技智库观点演变_研判\03_证据底稿\文本\C-STEPI-A0201-1053.txt,https://www.stepi.re.kr/site/stepiko/report/View.do?reIdx=1053,官方PDF已保存并校验
产业创新、创业与区域体系,科技创新政策与能力基线,C-STEPI-A0201-1053,2022-11-30,W3,지역의 위기와 도전과제에 대응하는 ‘전환적 지역혁신정책’연구,机构正式研究,C:\Users\WINDOWS\OneDrive\知识库\智库信息爬虫\国际主要科技智库观点演变_研判\03_证据底稿\原文PDF\C-STEPI-A0201-1053.pdf,C:\Users\WINDOWS\OneDrive\知识库\智库信息爬虫\国际主要科技智库观点演变_研判\03_证据底稿\文本\C-STEPI-A0201-1053.txt,https://www.stepi.re.kr/site/stepiko/report/View.do?reIdx=1053,官方PDF已保存并校验
科技前瞻与未来社会,科技创新政策与能力基线,C-STEPI-A0201-1053,2022-11-30,W3,지역의 위기와 도전과제에 대응하는 ‘전환적 지역혁신정책’연구,机构正式研究,C:\Users\WINDOWS\OneDrive\知识库\智库信息爬虫\国际主要科技智库观点演变_研判\03_证据底稿\原文PDF\C-STEPI-A0201-1053.pdf,C:\Users\WINDOWS\OneDrive\知识库\智库信息爬虫\国际主要科技智库观点演变_研判\03_证据底稿\文本\C-STEPI-A0201-1053.txt,https://www.stepi.re.kr/site/stepiko/report/View.do?reIdx=1053,官方PDF已保存并校验
科研体系、研发投入与评价,科技创新政策与能力基线,C-STEPI-A0201-1054,2022-11-30,W3,R&D 성과평가 정보 활용 실태 및 활성화 방안,机构正式研究,C:\Users\WINDOWS\OneDrive\知识库\智库信息爬虫\国际主要科技智库观点演变_研判\03_证据底稿\原文PDF\C-STEPI-A0201-1054.pdf,C:\Users\WINDOWS\OneDrive\知识库\智库信息爬虫\国际主要科技智库观点演变_研判\03_证据底稿\文本\C-STEPI-A0201-1054.txt,https://www.stepi.re.kr/site/stepiko/report/View.do?reIdx=1054,官方PDF已保存并校验
科研体系、研发投入与评价,科技创新政策与能力基线,C-STEPI-A0201-1056,2022-11-30,W3,대학 구조개혁과 이공계 대학원 혁신의 연계방안,机构正式研究,C:\Users\WINDOWS\OneDrive\知识库\智库信息爬虫\国际主要科技智库观点演变_研判\03_证据底稿\原文PDF\C-STEPI-A0201-1056.pdf,C:\Users\WINDOWS\OneDrive\知识库\智库信息爬虫\国际主要科技智库观点演变_研判\03_证据底稿\文本\C-STEPI-A0201-1056.txt,https://www.stepi.re.kr/site/stepiko/report/View.do?reIdx=1056,官方PDF已保存并校验
科技人才、大学与知识流动,科技创新政策与能力基线,C-STEPI-A0201-1056,2022-11-30,W3,대학 구조개혁과 이공계 대학원 혁신의 연계방안,机构正式研究,C:\Users\WINDOWS\OneDrive\知识库\智库信息爬虫\国际主要科技智库观点演变_研判\03_证据底稿\原文PDF\C-STEPI-A0201-1056.pdf,C:\Users\WINDOWS\OneDrive\知识库\智库信息爬虫\国际主要科技智库观点演变_研判\03_证据底稿\文本\C-STEPI-A0201-1056.txt,https://www.stepi.re.kr/site/stepiko/report/View.do?reIdx=1056,官方PDF已保存并校验
产业创新、创业与区域体系,科技创新政策与能力基线,C-STEPI-A0201-1056,2022-11-30,W3,대학 구조개혁과 이공계 대학원 혁신의 연계방안,机构正式研究,C:\Users\WINDOWS\OneDrive\知识库\智库信息爬虫\国际主要科技智库观点演变_研判\03_证据底稿\原文PDF\C-STEPI-A0201-1056.pdf,C:\Users\WINDOWS\OneDrive\知识库\智库信息爬虫\国际主要科技智库观点演变_研判\03_证据底稿\文本\C-STEPI-A0201-1056.txt,https://www.stepi.re.kr/site/stepiko/report/View.do?reIdx=1056,官方PDF已保存并校验
科技前瞻与未来社会,科技创新政策与能力基线,C-STEPI-A0201-1056,2022-11-30,W3,대학 구조개혁과 이공계 대학원 혁신의 연계방안,机构正式研究,C:\Users\WINDOWS\OneDrive\知识库\智库信息爬虫\国际主要科技智库观点演变_研判\03_证据底稿\原文PDF\C-STEPI-A0201-1056.pdf,C:\Users\WINDOWS\OneDrive\知识库\智库信息爬虫\国际主要科技智库观点演变_研判\03_证据底稿\文本\C-STEPI-A0201-1056.txt,https://www.stepi.re.kr/site/stepiko/report/View.do?reIdx=1056,官方PDF已保存并校验
半导体、量子与战略技术,科技创新政策与能力基线,C-STEPI-A0201-1057,2022-11-30,W3,기업성장을 위한 정부 재정지원제도 개선방안 연구 - 기업의 혁신 성장과 조세지원 제도 중점 -,机构正式研究,C:\Users\WINDOWS\OneDrive\知识库\智库信息爬虫\国际主要科技智库观点演变_研判\03_证据底稿\原文PDF\C-STEPI-A0201-1057.pdf,C:\Users\WINDOWS\OneDrive\知识库\智库信息爬虫\国际主要科技智库观点演变_研判\03_证据底稿\文本\C-STEPI-A0201-1057.txt,https://www.stepi.re.kr/site/stepiko/report/View.do?reIdx=1057,官方PDF已保存并校验
科研体系、研发投入与评价,科技创新政策与能力基线,C-STEPI-A0201-1057,2022-11-30,W3,기업성장을 위한 정부 재정지원제도 개선방안 연구 - 기업의 혁신 성장과 조세지원 제도 중점 -,机构正式研究,C:\Users\WINDOWS\OneDrive\知识库\智库信息爬虫\国际主要科技智库观点演变_研判\03_证据底稿\原文PDF\C-STEPI-A0201-1057.pdf,C:\Users\WINDOWS\OneDrive\知识库\智库信息爬虫\国际主要科技智库观点演变_研判\03_证据底稿\文本\C-STEPI-A0201-1057.txt,https://www.stepi.re.kr/site/stepiko/report/View.do?reIdx=1057,官方PDF已保存并校验
科技人才、大学与知识流动,科技创新政策与能力基线,C-STEPI-A0201-1057,2022-11-30,W3,기업성장을 위한 정부 재정지원제도 개선방안 연구 - 기업의 혁신 성장과 조세지원 제도 중점 -,机构正式研究,C:\Users\WINDOWS\OneDrive\知识库\智库信息爬虫\国际主要科技智库观点演变_研判\03_证据底稿\原文PDF\C-STEPI-A0201-1057.pdf,C:\Users\WINDOWS\OneDrive\知识库\智库信息爬虫\国际主要科技智库观点演变_研判\03_证据底稿\文本\C-STEPI-A0201-1057.txt,https://www.stepi.re.kr/site/stepiko/report/View.do?reIdx=1057,官方PDF已保存并校验
产业创新、创业与区域体系,科技创新政策与能力基线,C-STEPI-A0201-1057,2022-11-30,W3,기업성장을 위한 정부 재정지원제도 개선방안 연구 - 기업의 혁신 성장과 조세지원 제도 중점 -,机构正式研究,C:\Users\WINDOWS\OneDrive\知识库\智库信息爬虫\国际主要科技智库观点演变_研判\03_证据底稿\原文PDF\C-STEPI-A0201-1057.pdf,C:\Users\WINDOWS\OneDrive\知识库\智库信息爬虫\国际主要科技智库观点演变_研判\03_证据底稿\文本\C-STEPI-A0201-1057.txt,https://www.stepi.re.kr/site/stepiko/report/View.do?reIdx=1057,官方PDF已保存并校验
科技前瞻与未来社会,科技创新政策与能力基线,C-STEPI-A0201-1057,2022-11-30,W3,기업성장을 위한 정부 재정지원제도 개선방안 연구 - 기업의 혁신 성장과 조세지원 제도 중점 -,机构正式研究,C:\Users\WINDOWS\OneDrive\知识库\智库信息爬虫\国际主要科技智库观点演变_研判\03_证据底稿\原文PDF\C-STEPI-A0201-1057.pdf,C:\Users\WINDOWS\OneDrive\知识库\智库信息爬虫\国际主要科技智库观点演变_研判\03_证据底稿\文本\C-STEPI-A0201-1057.txt,https://www.stepi.re.kr/site/stepiko/report/View.do?reIdx=1057,官方PDF已保存并校验
人工智能、数据与数字技术,核心科技直接材料,C-STEPI-A0201-1058,2022-12-30,W3,기술규제 개혁을 위한 의제설정 연구사업(6차년도)(1권: 기술규제 분야 자율규제체계 구축 방안 : 기후변화대응과 인공지능 분야를 중심으로),机构正式研究,C:\Users\WINDOWS\OneDrive\知识库\智库信息爬虫\国际主要科技智库观点演变_研判\03_证据底稿\原文PDF\C-STEPI-A0201-1058.pdf,C:\Users\WINDOWS\OneDrive\知识库\智库信息爬虫\国际主要科技智库观点演变_研判\03_证据底稿\文本\C-STEPI-A0201-1058.txt,https://www.stepi.re.kr/site/stepiko/report/View.do?reIdx=1058,官方PDF已保存并校验
生命科学、生物技术与健康,核心科技直接材料,C-STEPI-A0201-1058,2022-12-30,W3,기술규제 개혁을 위한 의제설정 연구사업(6차년도)(1권: 기술규제 분야 자율규제체계 구축 방안 : 기후변화대응과 인공지능 분야를 중심으로),机构正式研究,C:\Users\WINDOWS\OneDrive\知识库\智库信息爬虫\国际主要科技智库观点演变_研判\03_证据底稿\原文PDF\C-STEPI-A0201-1058.pdf,C:\Users\WINDOWS\OneDrive\知识库\智库信息爬虫\国际主要科技智库观点演变_研判\03_证据底稿\文本\C-STEPI-A0201-1058.txt,https://www.stepi.re.kr/site/stepiko/report/View.do?reIdx=1058,官方PDF已保存并校验
能源、气候与绿色转型,核心科技直接材料,C-STEPI-A0201-1058,2022-12-30,W3,기술규제 개혁을 위한 의제설정 연구사업(6차년도)(1권: 기술규제 분야 자율규제체계 구축 방안 : 기후변화대응과 인공지능 분야를 중심으로),机构正式研究,C:\Users\WINDOWS\OneDrive\知识库\智库信息爬虫\国际主要科技智库观点演变_研判\03_证据底稿\原文PDF\C-STEPI-A0201-1058.pdf,C:\Users\WINDOWS\OneDrive\知识库\智库信息爬虫\国际主要科技智库观点演变_研判\03_证据底稿\文本\C-STEPI-A0201-1058.txt,https://www.stepi.re.kr/site/stepiko/report/View.do?reIdx=1058,官方PDF已保存并校验
科研体系、研发投入与评价,核心科技直接材料,C-STEPI-A0201-1058,2022-12-30,W3,기술규제 개혁을 위한 의제설정 연구사업(6차년도)(1권: 기술규제 분야 자율규제체계 구축 방안 : 기후변화대응과 인공지능 분야를 중심으로),机构正式研究,C:\Users\WINDOWS\OneDrive\知识库\智库信息爬虫\国际主要科技智库观点演变_研判\03_证据底稿\原文PDF\C-STEPI-A0201-1058.pdf,C:\Users\WINDOWS\OneDrive\知识库\智库信息爬虫\国际主要科技智库观点演变_研判\03_证据底稿\文本\C-STEPI-A0201-1058.txt,https://www.stepi.re.kr/site/stepiko/report/View.do?reIdx=1058,官方PDF已保存并校验
产业创新、创业与区域体系,核心科技直接材料,C-STEPI-A0201-1058,2022-12-30,W3,기술규제 개혁을 위한 의제설정 연구사업(6차년도)(1권: 기술규제 분야 자율규제체계 구축 방안 : 기후변화대응과 인공지능 분야를 중심으로),机构正式研究,C:\Users\WINDOWS\OneDrive\知识库\智库信息爬虫\国际主要科技智库观点演变_研判\03_证据底稿\原文PDF\C-STEPI-A0201-1058.pdf,C:\Users\WINDOWS\OneDrive\知识库\智库信息爬虫\国际主要科技智库观点演变_研判\03_证据底稿\文本\C-STEPI-A0201-1058.txt,https://www.stepi.re.kr/site/stepiko/report/View.do?reIdx=1058,官方PDF已保存并校验
科技前瞻与未来社会,核心科技直接材料,C-STEPI-A0201-1058,2022-12-30,W3,기술규제 개혁을 위한 의제설정 연구사업(6차년도)(1권: 기술규제 분야 자율규제체계 구축 방안 : 기후변화대응과 인공지능 분야를 중심으로),机构正式研究,C:\Users\WINDOWS\OneDrive\知识库\智库信息爬虫\国际主要科技智库观点演变_研判\03_证据底稿\原文PDF\C-STEPI-A0201-1058.pdf,C:\Users\WINDOWS\OneDrive\知识库\智库信息爬虫\国际主要科技智库观点演变_研判\03_证据底稿\文本\C-STEPI-A0201-1058.txt,https://www.stepi.re.kr/site/stepiko/report/View.do?reIdx=1058,官方PDF已保存并校验
人工智能、数据与数字技术,科技创新政策与能力基线,C-STEPI-A0201-1059,2022-12-30,W3,기술규제 개혁을 위한 의제설정 연구사업(6차년도)(2권: 기술규제 의제 재설정),机构正式研究,C:\Users\WINDOWS\OneDrive\知识库\智库信息爬虫\国际主要科技智库观点演变_研判\03_证据底稿\原文PDF\C-STEPI-A0201-1059.pdf,C:\Users\WINDOWS\OneDrive\知识库\智库信息爬虫\国际主要科技智库观点演变_研判\03_证据底稿\文本\C-STEPI-A0201-1059.txt,https://www.stepi.re.kr/site/stepiko/report/View.do?reIdx=1059,官方PDF已保存并校验
半导体、量子与战略技术,科技创新政策与能力基线,C-STEPI-A0201-1059,2022-12-30,W3,기술규제 개혁을 위한 의제설정 연구사업(6차년도)(2권: 기술규제 의제 재설정),机构正式研究,C:\Users\WINDOWS\OneDrive\知识库\智库信息爬虫\国际主要科技智库观点演变_研判\03_证据底稿\原文PDF\C-STEPI-A0201-1059.pdf,C:\Users\WINDOWS\OneDrive\知识库\智库信息爬虫\国际主要科技智库观点演变_研判\03_证据底稿\文本\C-STEPI-A0201-1059.txt,https://www.stepi.re.kr/site/stepiko/report/View.do?reIdx=1059,官方PDF已保存并校验
生命科学、生物技术与健康,科技创新政策与能力基线,C-STEPI-A0201-1059,2022-12-30,W3,기술규제 개혁을 위한 의제설정 연구사업(6차년도)(2권: 기술규제 의제 재설정),机构正式研究,C:\Users\WINDOWS\OneDrive\知识库\智库信息爬虫\国际主要科技智库观点演变_研判\03_证据底稿\原文PDF\C-STEPI-A0201-1059.pdf,C:\Users\WINDOWS\OneDrive\知识库\智库信息爬虫\国际主要科技智库观点演变_研判\03_证据底稿\文本\C-STEPI-A0201-1059.txt,https://www.stepi.re.kr/site/stepiko/report/View.do?reIdx=1059,官方PDF已保存并校验
能源、气候与绿色转型,科技创新政策与能力基线,C-STEPI-A0201-1059,2022-12-30,W3,기술규제 개혁을 위한 의제설정 연구사업(6차년도)(2권: 기술규제 의제 재설정),机构正式研究,C:\Users\WINDOWS\OneDrive\知识库\智库信息爬虫\国际主要科技智库观点演变_研判\03_证据底稿\原文PDF\C-STEPI-A0201-1059.pdf,C:\Users\WINDOWS\OneDrive\知识库\智库信息爬虫\国际主要科技智库观点演变_研判\03_证据底稿\文本\C-STEPI-A0201-1059.txt,https://www.stepi.re.kr/site/stepiko/report/View.do?reIdx=1059,官方PDF已保存并校验
科研体系、研发投入与评价,科技创新政策与能力基线,C-STEPI-A0201-1059,2022-12-30,W3,기술규제 개혁을 위한 의제설정 연구사업(6차년도)(2권: 기술규제 의제 재설정),机构正式研究,C:\Users\WINDOWS\OneDrive\知识库\智库信息爬虫\国际主要科技智库观点演变_研判\03_证据底稿\原文PDF\C-STEPI-A0201-1059.pdf,C:\Users\WINDOWS\OneDrive\知识库\智库信息爬虫\国际主要科技智库观点演变_研判\03_证据底稿\文本\C-STEPI-A0201-1059.txt,https://www.stepi.re.kr/site/stepiko/report/View.do?reIdx=1059,官方PDF已保存并校验
科技人才、大学与知识流动,科技创新政策与能力基线,C-STEPI-A0201-1059,2022-12-30,W3,기술규제 개혁을 위한 의제설정 연구사업(6차년도)(2권: 기술규제 의제 재설정),机构正式研究,C:\Users\WINDOWS\OneDrive\知识库\智库信息爬虫\国际主要科技智库观点演变_研判\03_证据底稿\原文PDF\C-STEPI-A0201-1059.pdf,C:\Users\WINDOWS\OneDrive\知识库\智库信息爬虫\国际主要科技智库观点演变_研判\03_证据底稿\文本\C-STEPI-A0201-1059.txt,https://www.stepi.re.kr/site/stepiko/report/View.do?reIdx=1059,官方PDF已保存并校验
产业创新、创业与区域体系,科技创新政策与能力基线,C-STEPI-A0201-1059,2022-12-30,W3,기술규제 개혁을 위한 의제설정 연구사업(6차년도)(2권: 기술규제 의제 재설정),机构正式研究,C:\Users\WINDOWS\OneDrive\知识库\智库信息爬虫\国际主要科技智库观点演变_研判\03_证据底稿\原文PDF\C-STEPI-A0201-1059.pdf,C:\Users\WINDOWS\OneDrive\知识库\智库信息爬虫\国际主要科技智库观点演变_研判\03_证据底稿\文本\C-STEPI-A0201-1059.txt,https://www.stepi.re.kr/site/stepiko/report/View.do?reIdx=1059,官方PDF已保存并校验
科技前瞻与未来社会,科技创新政策与能力基线,C-STEPI-A0201-1059,2022-12-30,W3,기술규제 개혁을 위한 의제설정 연구사업(6차년도)(2권: 기술규제 의제 재설정),机构正式研究,C:\Users\WINDOWS\OneDrive\知识库\智库信息爬虫\国际主要科技智库观点演变_研判\03_证据底稿\原文PDF\C-STEPI-A0201-1059.pdf,C:\Users\WINDOWS\OneDrive\知识库\智库信息爬虫\国际主要科技智库观点演变_研判\03_证据底稿\文本\C-STEPI-A0201-1059.txt,https://www.stepi.re.kr/site/stepiko/report/View.do?reIdx=1059,官方PDF已保存并校验
能源、气候与绿色转型,科技创新政策与能力基线,C-STEPI-A0201-1060,2022-12-30,W3,국가 난제 해결을 위한 과학기술 관점의 경제·사회 시스템 혁신전략 연구 (4차년도)(1권: 총괄),机构正式研究,C:\Users\WINDOWS\OneDrive\知识库\智库信息爬虫\国际主要科技智库观点演变_研判\03_证据底稿\原文PDF\C-STEPI-A0201-1060.pdf,C:\Users\WINDOWS\OneDrive\知识库\智库信息爬虫\国际主要科技智库观点演变_研判\03_证据底稿\文本\C-STEPI-A0201-1060.txt,https://www.stepi.re.kr/site/stepiko/report/View.do?reIdx=1060,官方PDF已保存并校验
科研体系、研发投入与评价,科技创新政策与能力基线,C-STEPI-A0201-1060,2022-12-30,W3,국가 난제 해결을 위한 과학기술 관점의 경제·사회 시스템 혁신전략 연구 (4차년도)(1권: 총괄),机构正式研究,C:\Users\WINDOWS\OneDrive\知识库\智库信息爬虫\国际主要科技智库观点演变_研判\03_证据底稿\原文PDF\C-STEPI-A0201-1060.pdf,C:\Users\WINDOWS\OneDrive\知识库\智库信息爬虫\国际主要科技智库观点演变_研判\03_证据底稿\文本\C-STEPI-A0201-1060.txt,https://www.stepi.re.kr/site/stepiko/report/View.do?reIdx=1060,官方PDF已保存并校验
科技人才、大学与知识流动,科技创新政策与能力基线,C-STEPI-A0201-1060,2022-12-30,W3,국가 난제 해결을 위한 과학기술 관점의 경제·사회 시스템 혁신전략 연구 (4차년도)(1권: 총괄),机构正式研究,C:\Users\WINDOWS\OneDrive\知识库\智库信息爬虫\国际主要科技智库观点演变_研判\03_证据底稿\原文PDF\C-STEPI-A0201-1060.pdf,C:\Users\WINDOWS\OneDrive\知识库\智库信息爬虫\国际主要科技智库观点演变_研判\03_证据底稿\文本\C-STEPI-A0201-1060.txt,https://www.stepi.re.kr/site/stepiko/report/View.do?reIdx=1060,官方PDF已保存并校验
产业创新、创业与区域体系,科技创新政策与能力基线,C-STEPI-A0201-1060,2022-12-30,W3,국가 난제 해결을 위한 과학기술 관점의 경제·사회 시스템 혁신전략 연구 (4차년도)(1권: 총괄),机构正式研究,C:\Users\WINDOWS\OneDrive\知识库\智库信息爬虫\国际主要科技智库观点演变_研判\03_证据底稿\原文PDF\C-STEPI-A0201-1060.pdf,C:\Users\WINDOWS\OneDrive\知识库\智库信息爬虫\国际主要科技智库观点演变_研判\03_证据底稿\文本\C-STEPI-A0201-1060.txt,https://www.stepi.re.kr/site/stepiko/report/View.do?reIdx=1060,官方PDF已保存并校验
半导体、量子与战略技术,科技创新政策与能力基线,C-STEPI-A0201-1061,2022-12-30,W3,국가 난제 해결을 위한 과학기술 관점의 경제·사회 시스템 혁신전략 연구(4차년도)(2권: 미래 국방혁신 생태계),机构正式研究,C:\Users\WINDOWS\OneDrive\知识库\智库信息爬虫\国际主要科技智库观点演变_研判\03_证据底稿\原文PDF\C-STEPI-A0201-1061.pdf,C:\Users\WINDOWS\OneDrive\知识库\智库信息爬虫\国际主要科技智库观点演变_研判\03_证据底稿\文本\C-STEPI-A0201-1061.txt,https://www.stepi.re.kr/site/stepiko/report/View.do?reIdx=1061,官方PDF已保存并校验
科研体系、研发投入与评价,科技创新政策与能力基线,C-STEPI-A0201-1061,2022-12-30,W3,국가 난제 해결을 위한 과학기술 관점의 경제·사회 시스템 혁신전략 연구(4차년도)(2권: 미래 국방혁신 생태계),机构正式研究,C:\Users\WINDOWS\OneDrive\知识库\智库信息爬虫\国际主要科技智库观点演变_研判\03_证据底稿\原文PDF\C-STEPI-A0201-1061.pdf,C:\Users\WINDOWS\OneDrive\知识库\智库信息爬虫\国际主要科技智库观点演变_研判\03_证据底稿\文本\C-STEPI-A0201-1061.txt,https://www.stepi.re.kr/site/stepiko/report/View.do?reIdx=1061,官方PDF已保存并校验
科技人才、大学与知识流动,科技创新政策与能力基线,C-STEPI-A0201-1061,2022-12-30,W3,국가 난제 해결을 위한 과학기술 관점의 경제·사회 시스템 혁신전략 연구(4차년도)(2권: 미래 국방혁신 생태계),机构正式研究,C:\Users\WINDOWS\OneDrive\知识库\智库信息爬虫\国际主要科技智库观点演变_研判\03_证据底稿\原文PDF\C-STEPI-A0201-1061.pdf,C:\Users\WINDOWS\OneDrive\知识库\智库信息爬虫\国际主要科技智库观点演变_研判\03_证据底稿\文本\C-STEPI-A0201-1061.txt,https://www.stepi.re.kr/site/stepiko/report/View.do?reIdx=1061,官方PDF已保存并校验
产业创新、创业与区域体系,科技创新政策与能力基线,C-STEPI-A0201-1061,2022-12-30,W3,국가 난제 해결을 위한 과학기술 관점의 경제·사회 시스템 혁신전략 연구(4차년도)(2권: 미래 국방혁신 생태계),机构正式研究,C:\Users\WINDOWS\OneDrive\知识库\智库信息爬虫\国际主要科技智库观点演变_研判\03_证据底稿\原文PDF\C-STEPI-A0201-1061.pdf,C:\Users\WINDOWS\OneDrive\知识库\智库信息爬虫\国际主要科技智库观点演变_研判\03_证据底稿\文本\C-STEPI-A0201-1061.txt,https://www.stepi.re.kr/site/stepiko/report/View.do?reIdx=1061,官方PDF已保存并校验
科技前瞻与未来社会,科技创新政策与能力基线,C-STEPI-A0201-1061,2022-12-30,W3,국가 난제 해결을 위한 과학기술 관점의 경제·사회 시스템 혁신전략 연구(4차년도)(2권: 미래 국방혁신 생태계),机构正式研究,C:\Users\WINDOWS\OneDrive\知识库\智库信息爬虫\国际主要科技智库观点演变_研判\03_证据底稿\原文PDF\C-STEPI-A0201-1061.pdf,C:\Users\WINDOWS\OneDrive\知识库\智库信息爬虫\国际主要科技智库观点演变_研判\03_证据底稿\文本\C-STEPI-A0201-1061.txt,https://www.stepi.re.kr/site/stepiko/report/View.do?reIdx=1061,官方PDF已保存并校验
人工智能、数据与数字技术,科技创新政策与能力基线,C-STEPI-A0201-1062,2022-12-30,W3,국가 난제 해결을 위한 과학기술 관점의 경제․사회 시스템 혁신전략 연구(4차년도)(3권:AI와 일자리),机构正式研究,C:\Users\WINDOWS\OneDrive\知识库\智库信息爬虫\国际主要科技智库观点演变_研判\03_证据底稿\原文PDF\C-STEPI-A0201-1062.pdf,C:\Users\WINDOWS\OneDrive\知识库\智库信息爬虫\国际主要科技智库观点演变_研判\03_证据底稿\文本\C-STEPI-A0201-1062.txt,https://www.stepi.re.kr/site/stepiko/report/View.do?reIdx=1062,官方PDF已保存并校验
能源、气候与绿色转型,科技创新政策与能力基线,C-STEPI-A0201-1062,2022-12-30,W3,국가 난제 해결을 위한 과학기술 관점의 경제․사회 시스템 혁신전략 연구(4차년도)(3권:AI와 일자리),机构正式研究,C:\Users\WINDOWS\OneDrive\知识库\智库信息爬虫\国际主要科技智库观点演变_研判\03_证据底稿\原文PDF\C-STEPI-A0201-1062.pdf,C:\Users\WINDOWS\OneDrive\知识库\智库信息爬虫\国际主要科技智库观点演变_研判\03_证据底稿\文本\C-STEPI-A0201-1062.txt,https://www.stepi.re.kr/site/stepiko/report/View.do?reIdx=1062,官方PDF已保存并校验
科研体系、研发投入与评价,科技创新政策与能力基线,C-STEPI-A0201-1062,2022-12-30,W3,국가 난제 해결을 위한 과학기술 관점의 경제․사회 시스템 혁신전략 연구(4차년도)(3권:AI와 일자리),机构正式研究,C:\Users\WINDOWS\OneDrive\知识库\智库信息爬虫\国际主要科技智库观点演变_研判\03_证据底稿\原文PDF\C-STEPI-A0201-1062.pdf,C:\Users\WINDOWS\OneDrive\知识库\智库信息爬虫\国际主要科技智库观点演变_研判\03_证据底稿\文本\C-STEPI-A0201-1062.txt,https://www.stepi.re.kr/site/stepiko/report/View.do?reIdx=1062,官方PDF已保存并校验
科技人才、大学与知识流动,科技创新政策与能力基线,C-STEPI-A0201-1062,2022-12-30,W3,국가 난제 해결을 위한 과학기술 관점의 경제․사회 시스템 혁신전략 연구(4차년도)(3권:AI와 일자리),机构正式研究,C:\Users\WINDOWS\OneDrive\知识库\智库信息爬虫\国际主要科技智库观点演变_研判\03_证据底稿\原文PDF\C-STEPI-A0201-1062.pdf,C:\Users\WINDOWS\OneDrive\知识库\智库信息爬虫\国际主要科技智库观点演变_研判\03_证据底稿\文本\C-STEPI-A0201-1062.txt,https://www.stepi.re.kr/site/stepiko/report/View.do?reIdx=1062,官方PDF已保存并校验
产业创新、创业与区域体系,科技创新政策与能力基线,C-STEPI-A0201-1062,2022-12-30,W3,국가 난제 해결을 위한 과학기술 관점의 경제․사회 시스템 혁신전략 연구(4차년도)(3권:AI와 일자리),机构正式研究,C:\Users\WINDOWS\OneDrive\知识库\智库信息爬虫\国际主要科技智库观点演变_研判\03_证据底稿\原文PDF\C-STEPI-A0201-1062.pdf,C:\Users\WINDOWS\OneDrive\知识库\智库信息爬虫\国际主要科技智库观点演变_研判\03_证据底稿\文本\C-STEPI-A0201-1062.txt,https://www.stepi.re.kr/site/stepiko/report/View.do?reIdx=1062,官方PDF已保存并校验
科技前瞻与未来社会,科技创新政策与能力基线,C-STEPI-A0201-1062,2022-12-30,W3,국가 난제 해결을 위한 과학기술 관점의 경제․사회 시스템 혁신전략 연구(4차년도)(3권:AI와 일자리),机构正式研究,C:\Users\WINDOWS\OneDrive\知识库\智库信息爬虫\国际主要科技智库观点演变_研判\03_证据底稿\原文PDF\C-STEPI-A0201-1062.pdf,C:\Users\WINDOWS\OneDrive\知识库\智库信息爬虫\国际主要科技智库观点演变_研判\03_证据底稿\文本\C-STEPI-A0201-1062.txt,https://www.stepi.re.kr/site/stepiko/report/View.do?reIdx=1062,官方PDF已保存并校验
人工智能、数据与数字技术,科技创新政策与能力基线,C-STEPI-A0201-1063,2022-12-30,W3,국가 난제 해결을 위한 과학기술 관점의 경제·사회 시스템 혁신전략 연구(4차년도)(4권: 기후에너지),机构正式研究,C:\Users\WINDOWS\OneDrive\知识库\智库信息爬虫\国际主要科技智库观点演变_研判\03_证据底稿\原文PDF\C-STEPI-A0201-1063.pdf,C:\Users\WINDOWS\OneDrive\知识库\智库信息爬虫\国际主要科技智库观点演变_研判\03_证据底稿\文本\C-STEPI-A0201-1063.txt,https://www.stepi.re.kr/site/stepiko/report/View.do?reIdx=1063,官方PDF已保存并校验
能源、气候与绿色转型,科技创新政策与能力基线,C-STEPI-A0201-1063,2022-12-30,W3,국가 난제 해결을 위한 과학기술 관점의 경제·사회 시스템 혁신전략 연구(4차년도)(4권: 기후에너지),机构正式研究,C:\Users\WINDOWS\OneDrive\知识库\智库信息爬虫\国际主要科技智库观点演变_研判\03_证据底稿\原文PDF\C-STEPI-A0201-1063.pdf,C:\Users\WINDOWS\OneDrive\知识库\智库信息爬虫\国际主要科技智库观点演变_研判\03_证据底稿\文本\C-STEPI-A0201-1063.txt,https://www.stepi.re.kr/site/stepiko/report/View.do?reIdx=1063,官方PDF已保存并校验
科研体系、研发投入与评价,科技创新政策与能力基线,C-STEPI-A0201-1063,2022-12-30,W3,국가 난제 해결을 위한 과학기술 관점의 경제·사회 시스템 혁신전략 연구(4차년도)(4권: 기후에너지),机构正式研究,C:\Users\WINDOWS\OneDrive\知识库\智库信息爬虫\国际主要科技智库观点演变_研判\03_证据底稿\原文PDF\C-STEPI-A0201-1063.pdf,C:\Users\WINDOWS\OneDrive\知识库\智库信息爬虫\国际主要科技智库观点演变_研判\03_证据底稿\文本\C-STEPI-A0201-1063.txt,https://www.stepi.re.kr/site/stepiko/report/View.do?reIdx=1063,官方PDF已保存并校验
科技人才、大学与知识流动,科技创新政策与能力基线,C-STEPI-A0201-1063,2022-12-30,W3,국가 난제 해결을 위한 과학기술 관점의 경제·사회 시스템 혁신전략 연구(4차년도)(4권: 기후에너지),机构正式研究,C:\Users\WINDOWS\OneDrive\知识库\智库信息爬虫\国际主要科技智库观点演变_研判\03_证据底稿\原文PDF\C-STEPI-A0201-1063.pdf,C:\Users\WINDOWS\OneDrive\知识库\智库信息爬虫\国际主要科技智库观点演变_研判\03_证据底稿\文本\C-STEPI-A0201-1063.txt,https://www.stepi.re.kr/site/stepiko/report/View.do?reIdx=1063,官方PDF已保存并校验
产业创新、创业与区域体系,科技创新政策与能力基线,C-STEPI-A0201-1063,2022-12-30,W3,국가 난제 해결을 위한 과학기술 관점의 경제·사회 시스템 혁신전략 연구(4차년도)(4권: 기후에너지),机构正式研究,C:\Users\WINDOWS\OneDrive\知识库\智库信息爬虫\国际主要科技智库观点演变_研判\03_证据底稿\原文PDF\C-STEPI-A0201-1063.pdf,C:\Users\WINDOWS\OneDrive\知识库\智库信息爬虫\国际主要科技智库观点演变_研判\03_证据底稿\文本\C-STEPI-A0201-1063.txt,https://www.stepi.re.kr/site/stepiko/report/View.do?reIdx=1063,官方PDF已保存并校验
技术安全、供应链与国际合作,科技创新政策与能力基线,C-STEPI-A0201-1063,2022-12-30,W3,국가 난제 해결을 위한 과학기술 관점의 경제·사회 시스템 혁신전략 연구(4차년도)(4권: 기후에너지),机构正式研究,C:\Users\WINDOWS\OneDrive\知识库\智库信息爬虫\国际主要科技智库观点演变_研判\03_证据底稿\原文PDF\C-STEPI-A0201-1063.pdf,C:\Users\WINDOWS\OneDrive\知识库\智库信息爬虫\国际主要科技智库观点演变_研判\03_证据底稿\文本\C-STEPI-A0201-1063.txt,https://www.stepi.re.kr/site/stepiko/report/View.do?reIdx=1063,官方PDF已保存并校验
人工智能、数据与数字技术,科技创新政策与能力基线,C-STEPI-A0201-1064,2022-12-30,W3,스마트생산 열린혁신랩 운영 및 연구사업 (3차년도),机构正式研究,C:\Users\WINDOWS\OneDrive\知识库\智库信息爬虫\国际主要科技智库观点演变_研判\03_证据底稿\原文PDF\C-STEPI-A0201-1064.pdf,C:\Users\WINDOWS\OneDrive\知识库\智库信息爬虫\国际主要科技智库观点演变_研判\03_证据底稿\文本\C-STEPI-A0201-1064.txt,https://www.stepi.re.kr/site/stepiko/report/View.do?reIdx=1064,官方PDF已保存并校验
科研体系、研发投入与评价,科技创新政策与能力基线,C-STEPI-A0201-1064,2022-12-30,W3,스마트생산 열린혁신랩 운영 및 연구사업 (3차년도),机构正式研究,C:\Users\WINDOWS\OneDrive\知识库\智库信息爬虫\国际主要科技智库观点演变_研判\03_证据底稿\原文PDF\C-STEPI-A0201-1064.pdf,C:\Users\WINDOWS\OneDrive\知识库\智库信息爬虫\国际主要科技智库观点演变_研判\03_证据底稿\文本\C-STEPI-A0201-1064.txt,https://www.stepi.re.kr/site/stepiko/report/View.do?reIdx=1064,官方PDF已保存并校验
产业创新、创业与区域体系,科技创新政策与能力基线,C-STEPI-A0201-1064,2022-12-30,W3,스마트생산 열린혁신랩 운영 및 연구사업 (3차년도),机构正式研究,C:\Users\WINDOWS\OneDrive\知识库\智库信息爬虫\国际主要科技智库观点演变_研判\03_证据底稿\原文PDF\C-STEPI-A0201-1064.pdf,C:\Users\WINDOWS\OneDrive\知识库\智库信息爬虫\国际主要科技智库观点演变_研判\03_证据底稿\文本\C-STEPI-A0201-1064.txt,https://www.stepi.re.kr/site/stepiko/report/View.do?reIdx=1064,官方PDF已保存并校验
科技前瞻与未来社会,科技创新政策与能力基线,C-STEPI-A0201-1064,2022-12-30,W3,스마트생산 열린혁신랩 운영 및 연구사업 (3차년도),机构正式研究,C:\Users\WINDOWS\OneDrive\知识库\智库信息爬虫\国际主要科技智库观点演变_研判\03_证据底稿\原文PDF\C-STEPI-A0201-1064.pdf,C:\Users\WINDOWS\OneDrive\知识库\智库信息爬虫\国际主要科技智库观点演变_研判\03_证据底稿\文本\C-STEPI-A0201-1064.txt,https://www.stepi.re.kr/site/stepiko/report/View.do?reIdx=1064,官方PDF已保存并校验
半导体、量子与战略技术,科技创新政策与能力基线,C-STEPI-A0201-1065,2022-12-30,W3,글로벌 기술-통상 패러다임 변화에 따른 혁신정책 대응 전략 (2차년도),机构正式研究,C:\Users\WINDOWS\OneDrive\知识库\智库信息爬虫\国际主要科技智库观点演变_研判\03_证据底稿\原文PDF\C-STEPI-A0201-1065.pdf,C:\Users\WINDOWS\OneDrive\知识库\智库信息爬虫\国际主要科技智库观点演变_研判\03_证据底稿\文本\C-STEPI-A0201-1065.txt,https://www.stepi.re.kr/site/stepiko/report/View.do?reIdx=1065,官方PDF已保存并校验
能源、气候与绿色转型,科技创新政策与能力基线,C-STEPI-A0201-1065,2022-12-30,W3,글로벌 기술-통상 패러다임 변화에 따른 혁신정책 대응 전략 (2차년도),机构正式研究,C:\Users\WINDOWS\OneDrive\知识库\智库信息爬虫\国际主要科技智库观点演变_研判\03_证据底稿\原文PDF\C-STEPI-A0201-1065.pdf,C:\Users\WINDOWS\OneDrive\知识库\智库信息爬虫\国际主要科技智库观点演变_研判\03_证据底稿\文本\C-STEPI-A0201-1065.txt,https://www.stepi.re.kr/site/stepiko/report/View.do?reIdx=1065,官方PDF已保存并校验
科研体系、研发投入与评价,科技创新政策与能力基线,C-STEPI-A0201-1065,2022-12-30,W3,글로벌 기술-통상 패러다임 변화에 따른 혁신정책 대응 전략 (2차년도),机构正式研究,C:\Users\WINDOWS\OneDrive\知识库\智库信息爬虫\国际主要科技智库观点演变_研判\03_证据底稿\原文PDF\C-STEPI-A0201-1065.pdf,C:\Users\WINDOWS\OneDrive\知识库\智库信息爬虫\国际主要科技智库观点演变_研判\03_证据底稿\文本\C-STEPI-A0201-1065.txt,https://www.stepi.re.kr/site/stepiko/report/View.do?reIdx=1065,官方PDF已保存并校验
科技人才、大学与知识流动,科技创新政策与能力基线,C-STEPI-A0201-1065,2022-12-30,W3,글로벌 기술-통상 패러다임 변화에 따른 혁신정책 대응 전략 (2차년도),机构正式研究,C:\Users\WINDOWS\OneDrive\知识库\智库信息爬虫\国际主要科技智库观点演变_研判\03_证据底稿\原文PDF\C-STEPI-A0201-1065.pdf,C:\Users\WINDOWS\OneDrive\知识库\智库信息爬虫\国际主要科技智库观点演变_研判\03_证据底稿\文本\C-STEPI-A0201-1065.txt,https://www.stepi.re.kr/site/stepiko/report/View.do?reIdx=1065,官方PDF已保存并校验
产业创新、创业与区域体系,科技创新政策与能力基线,C-STEPI-A0201-1065,2022-12-30,W3,글로벌 기술-통상 패러다임 변화에 따른 혁신정책 대응 전략 (2차년도),机构正式研究,C:\Users\WINDOWS\OneDrive\知识库\智库信息爬虫\国际主要科技智库观点演变_研判\03_证据底稿\原文PDF\C-STEPI-A0201-1065.pdf,C:\Users\WINDOWS\OneDrive\知识库\智库信息爬虫\国际主要科技智库观点演变_研判\03_证据底稿\文本\C-STEPI-A0201-1065.txt,https://www.stepi.re.kr/site/stepiko/report/View.do?reIdx=1065,官方PDF已保存并校验
技术安全、供应链与国际合作,科技创新政策与能力基线,C-STEPI-A0201-1065,2022-12-30,W3,글로벌 기술-통상 패러다임 변화에 따른 혁신정책 대응 전략 (2차년도),机构正式研究,C:\Users\WINDOWS\OneDrive\知识库\智库信息爬虫\国际主要科技智库观点演变_研判\03_证据底稿\原文PDF\C-STEPI-A0201-1065.pdf,C:\Users\WINDOWS\OneDrive\知识库\智库信息爬虫\国际主要科技智库观点演变_研判\03_证据底稿\文本\C-STEPI-A0201-1065.txt,https://www.stepi.re.kr/site/stepiko/report/View.do?reIdx=1065,官方PDF已保存并校验
科技前瞻与未来社会,科技创新政策与能力基线,C-STEPI-A0201-1065,2022-12-30,W3,글로벌 기술-통상 패러다임 변화에 따른 혁신정책 대응 전략 (2차년도),机构正式研究,C:\Users\WINDOWS\OneDrive\知识库\智库信息爬虫\国际主要科技智库观点演变_研判\03_证据底稿\原文PDF\C-STEPI-A0201-1065.pdf,C:\Users\WINDOWS\OneDrive\知识库\智库信息爬虫\国际主要科技智库观点演变_研判\03_证据底稿\文本\C-STEPI-A0201-1065.txt,https://www.stepi.re.kr/site/stepiko/report/View.do?reIdx=1065,官方PDF已保存并校验
科研体系、研发投入与评价,科技创新政策与能力基线,C-STEPI-A0201-1066,2022-12-30,W3,도전과 혁신 중심’ 국가과학기술정책 이행점검체계 구축사업 (2차년도),机构正式研究,C:\Users\WINDOWS\OneDrive\知识库\智库信息爬虫\国际主要科技智库观点演变_研判\03_证据底稿\原文PDF\C-STEPI-A0201-1066.pdf,C:\Users\WINDOWS\OneDrive\知识库\智库信息爬虫\国际主要科技智库观点演变_研判\03_证据底稿\文本\C-STEPI-A0201-1066.txt,https://www.stepi.re.kr/site/stepiko/report/View.do?reIdx=1066,官方PDF已保存并校验
科技人才、大学与知识流动,科技创新政策与能力基线,C-STEPI-A0201-1066,2022-12-30,W3,도전과 혁신 중심’ 국가과학기술정책 이행점검체계 구축사업 (2차년도),机构正式研究,C:\Users\WINDOWS\OneDrive\知识库\智库信息爬虫\国际主要科技智库观点演变_研判\03_证据底稿\原文PDF\C-STEPI-A0201-1066.pdf,C:\Users\WINDOWS\OneDrive\知识库\智库信息爬虫\国际主要科技智库观点演变_研判\03_证据底稿\文本\C-STEPI-A0201-1066.txt,https://www.stepi.re.kr/site/stepiko/report/View.do?reIdx=1066,官方PDF已保存并校验
产业创新、创业与区域体系,科技创新政策与能力基线,C-STEPI-A0201-1066,2022-12-30,W3,도전과 혁신 중심’ 국가과학기술정책 이행점검체계 구축사업 (2차년도),机构正式研究,C:\Users\WINDOWS\OneDrive\知识库\智库信息爬虫\国际主要科技智库观点演变_研判\03_证据底稿\原文PDF\C-STEPI-A0201-1066.pdf,C:\Users\WINDOWS\OneDrive\知识库\智库信息爬虫\国际主要科技智库观点演变_研判\03_证据底稿\文本\C-STEPI-A0201-1066.txt,https://www.stepi.re.kr/site/stepiko/report/View.do?reIdx=1066,官方PDF已保存并校验
科技前瞻与未来社会,科技创新政策与能力基线,C-STEPI-A0201-1066,2022-12-30,W3,도전과 혁신 중심’ 국가과학기술정책 이행점검체계 구축사업 (2차년도),机构正式研究,C:\Users\WINDOWS\OneDrive\知识库\智库信息爬虫\国际主要科技智库观点演变_研判\03_证据底稿\原文PDF\C-STEPI-A0201-1066.pdf,C:\Users\WINDOWS\OneDrive\知识库\智库信息爬虫\国际主要科技智库观点演变_研判\03_证据底稿\文本\C-STEPI-A0201-1066.txt,https://www.stepi.re.kr/site/stepiko/report/View.do?reIdx=1066,官方PDF已保存并校验
科研体系、研发投入与评价,科技创新政策与能力基线,C-STEPI-A0201-1067,2022-12-30,W3,국제기술혁신협력사업(K-Innovation Partnership Program) (9차년도),机构正式研究,C:\Users\WINDOWS\OneDrive\知识库\智库信息爬虫\国际主要科技智库观点演变_研判\03_证据底稿\原文PDF\C-STEPI-A0201-1067.pdf,C:\Users\WINDOWS\OneDrive\知识库\智库信息爬虫\国际主要科技智库观点演变_研判\03_证据底稿\文本\C-STEPI-A0201-1067.txt,https://www.stepi.re.kr/site/stepiko/report/View.do?reIdx=1067,官方PDF已保存并校验
科技人才、大学与知识流动,科技创新政策与能力基线,C-STEPI-A0201-1067,2022-12-30,W3,국제기술혁신협력사업(K-Innovation Partnership Program) (9차년도),机构正式研究,C:\Users\WINDOWS\OneDrive\知识库\智库信息爬虫\国际主要科技智库观点演变_研判\03_证据底稿\原文PDF\C-STEPI-A0201-1067.pdf,C:\Users\WINDOWS\OneDrive\知识库\智库信息爬虫\国际主要科技智库观点演变_研判\03_证据底稿\文本\C-STEPI-A0201-1067.txt,https://www.stepi.re.kr/site/stepiko/report/View.do?reIdx=1067,官方PDF已保存并校验
产业创新、创业与区域体系,科技创新政策与能力基线,C-STEPI-A0201-1067,2022-12-30,W3,국제기술혁신협력사업(K-Innovation Partnership Program) (9차년도),机构正式研究,C:\Users\WINDOWS\OneDrive\知识库\智库信息爬虫\国际主要科技智库观点演变_研判\03_证据底稿\原文PDF\C-STEPI-A0201-1067.pdf,C:\Users\WINDOWS\OneDrive\知识库\智库信息爬虫\国际主要科技智库观点演变_研判\03_证据底稿\文本\C-STEPI-A0201-1067.txt,https://www.stepi.re.kr/site/stepiko/report/View.do?reIdx=1067,官方PDF已保存并校验
科技前瞻与未来社会,科技创新政策与能力基线,C-STEPI-A0201-1067,2022-12-30,W3,국제기술혁신협력사업(K-Innovation Partnership Program) (9차년도),机构正式研究,C:\Users\WINDOWS\OneDrive\知识库\智库信息爬虫\国际主要科技智库观点演变_研判\03_证据底稿\原文PDF\C-STEPI-A0201-1067.pdf,C:\Users\WINDOWS\OneDrive\知识库\智库信息爬虫\国际主要科技智库观点演变_研判\03_证据底稿\文本\C-STEPI-A0201-1067.txt,https://www.stepi.re.kr/site/stepiko/report/View.do?reIdx=1067,官方PDF已保存并校验
人工智能、数据与数字技术,科技创新政策与能力基线,C-STEPI-A0201-1068,2022-12-30,W3,2022년 한국기업혁신조사 심층분석,机构正式研究,C:\Users\WINDOWS\OneDrive\知识库\智库信息爬虫\国际主要科技智库观点演变_研判\03_证据底稿\原文PDF\C-STEPI-A0201-1068.pdf,C:\Users\WINDOWS\OneDrive\知识库\智库信息爬虫\国际主要科技智库观点演变_研判\03_证据底稿\文本\C-STEPI-A0201-1068.txt,https://www.stepi.re.kr/site/stepiko/report/View.do?reIdx=1068,官方PDF已保存并校验
科研体系、研发投入与评价,科技创新政策与能力基线,C-STEPI-A0201-1068,2022-12-30,W3,2022년 한국기업혁신조사 심층분석,机构正式研究,C:\Users\WINDOWS\OneDrive\知识库\智库信息爬虫\国际主要科技智库观点演变_研判\03_证据底稿\原文PDF\C-STEPI-A0201-1068.pdf,C:\Users\WINDOWS\OneDrive\知识库\智库信息爬虫\国际主要科技智库观点演变_研判\03_证据底稿\文本\C-STEPI-A0201-1068.txt,https://www.stepi.re.kr/site/stepiko/report/View.do?reIdx=1068,官方PDF已保存并校验
科技人才、大学与知识流动,科技创新政策与能力基线,C-STEPI-A0201-1068,2022-12-30,W3,2022년 한국기업혁신조사 심층분석,机构正式研究,C:\Users\WINDOWS\OneDrive\知识库\智库信息爬虫\国际主要科技智库观点演变_研判\03_证据底稿\原文PDF\C-STEPI-A0201-1068.pdf,C:\Users\WINDOWS\OneDrive\知识库\智库信息爬虫\国际主要科技智库观点演变_研判\03_证据底稿\文本\C-STEPI-A0201-1068.txt,https://www.stepi.re.kr/site/stepiko/report/View.do?reIdx=1068,官方PDF已保存并校验
产业创新、创业与区域体系,科技创新政策与能力基线,C-STEPI-A0201-1068,2022-12-30,W3,2022년 한국기업혁신조사 심층분석,机构正式研究,C:\Users\WINDOWS\OneDrive\知识库\智库信息爬虫\国际主要科技智库观点演变_研判\03_证据底稿\原文PDF\C-STEPI-A0201-1068.pdf,C:\Users\WINDOWS\OneDrive\知识库\智库信息爬虫\国际主要科技智库观点演变_研判\03_证据底稿\文本\C-STEPI-A0201-1068.txt,https://www.stepi.re.kr/site/stepiko/report/View.do?reIdx=1068,官方PDF已保存并校验
科技前瞻与未来社会,科技创新政策与能力基线,C-STEPI-A0201-1068,2022-12-30,W3,2022년 한국기업혁신조사 심층분석,机构正式研究,C:\Users\WINDOWS\OneDrive\知识库\智库信息爬虫\国际主要科技智库观点演变_研判\03_证据底稿\原文PDF\C-STEPI-A0201-1068.pdf,C:\Users\WINDOWS\OneDrive\知识库\智库信息爬虫\国际主要科技智库观点演变_研判\03_证据底稿\文本\C-STEPI-A0201-1068.txt,https://www.stepi.re.kr/site/stepiko/report/View.do?reIdx=1068,官方PDF已保存并校验
中国科技与国际比较,核心科技直接材料,C-STEPI-A0201-1069,2022-12-30,W3,우주개발 확대에 따른 국가우주개발 거버넌스 개편 방안,机构正式研究,C:\Users\WINDOWS\OneDrive\知识库\智库信息爬虫\国际主要科技智库观点演变_研判\03_证据底稿\原文PDF\C-STEPI-A0201-1069.pdf,C:\Users\WINDOWS\OneDrive\知识库\智库信息爬虫\国际主要科技智库观点演变_研判\03_证据底稿\文本\C-STEPI-A0201-1069.txt,https://www.stepi.re.kr/site/stepiko/report/View.do?reIdx=1069,官方PDF已保存并校验
人工智能、数据与数字技术,核心科技直接材料,C-STEPI-A0201-1069,2022-12-30,W3,우주개발 확대에 따른 국가우주개발 거버넌스 개편 방안,机构正式研究,C:\Users\WINDOWS\OneDrive\知识库\智库信息爬虫\国际主要科技智库观点演变_研判\03_证据底稿\原文PDF\C-STEPI-A0201-1069.pdf,C:\Users\WINDOWS\OneDrive\知识库\智库信息爬虫\国际主要科技智库观点演变_研判\03_证据底稿\文本\C-STEPI-A0201-1069.txt,https://www.stepi.re.kr/site/stepiko/report/View.do?reIdx=1069,官方PDF已保存并校验
科研体系、研发投入与评价,核心科技直接材料,C-STEPI-A0201-1069,2022-12-30,W3,우주개발 확대에 따른 국가우주개발 거버넌스 개편 방안,机构正式研究,C:\Users\WINDOWS\OneDrive\知识库\智库信息爬虫\国际主要科技智库观点演变_研判\03_证据底稿\原文PDF\C-STEPI-A0201-1069.pdf,C:\Users\WINDOWS\OneDrive\知识库\智库信息爬虫\国际主要科技智库观点演变_研判\03_证据底稿\文本\C-STEPI-A0201-1069.txt,https://www.stepi.re.kr/site/stepiko/report/View.do?reIdx=1069,官方PDF已保存并校验
产业创新、创业与区域体系,核心科技直接材料,C-STEPI-A0201-1069,2022-12-30,W3,우주개발 확대에 따른 국가우주개발 거버넌스 개편 방안,机构正式研究,C:\Users\WINDOWS\OneDrive\知识库\智库信息爬虫\国际主要科技智库观点演变_研判\03_证据底稿\原文PDF\C-STEPI-A0201-1069.pdf,C:\Users\WINDOWS\OneDrive\知识库\智库信息爬虫\国际主要科技智库观点演变_研判\03_证据底稿\文本\C-STEPI-A0201-1069.txt,https://www.stepi.re.kr/site/stepiko/report/View.do?reIdx=1069,官方PDF已保存并校验
技术安全、供应链与国际合作,核心科技直接材料,C-STEPI-A0201-1069,2022-12-30,W3,우주개발 확대에 따른 국가우주개발 거버넌스 개편 방안,机构正式研究,C:\Users\WINDOWS\OneDrive\知识库\智库信息爬虫\国际主要科技智库观点演变_研判\03_证据底稿\原文PDF\C-STEPI-A0201-1069.pdf,C:\Users\WINDOWS\OneDrive\知识库\智库信息爬虫\国际主要科技智库观点演变_研判\03_证据底稿\文本\C-STEPI-A0201-1069.txt,https://www.stepi.re.kr/site/stepiko/report/View.do?reIdx=1069,官方PDF已保存并校验
科技前瞻与未来社会,核心科技直接材料,C-STEPI-A0201-1069,2022-12-30,W3,우주개발 확대에 따른 국가우주개발 거버넌스 개편 방안,机构正式研究,C:\Users\WINDOWS\OneDrive\知识库\智库信息爬虫\国际主要科技智库观点演变_研判\03_证据底稿\原文PDF\C-STEPI-A0201-1069.pdf,C:\Users\WINDOWS\OneDrive\知识库\智库信息爬虫\国际主要科技智库观点演变_研判\03_证据底稿\文本\C-STEPI-A0201-1069.txt,https://www.stepi.re.kr/site/stepiko/report/View.do?reIdx=1069,官方PDF已保存并校验
中国科技与国际比较,科技创新政策与能力基线,C-STEPI-A0201-1070,2022-12-30,W3,남북 그린데탕트 구현을 위한  과학기술협력 전략 모색,机构正式研究,C:\Users\WINDOWS\OneDrive\知识库\智库信息爬虫\国际主要科技智库观点演变_研判\03_证据底稿\原文PDF\C-STEPI-A0201-1070.pdf,C:\Users\WINDOWS\OneDrive\知识库\智库信息爬虫\国际主要科技智库观点演变_研判\03_证据底稿\文本\C-STEPI-A0201-1070.txt,https://www.stepi.re.kr/site/stepiko/report/View.do?reIdx=1070,官方PDF已保存并校验
能源、气候与绿色转型,科技创新政策与能力基线,C-STEPI-A0201-1070,2022-12-30,W3,남북 그린데탕트 구현을 위한  과학기술협력 전략 모색,机构正式研究,C:\Users\WINDOWS\OneDrive\知识库\智库信息爬虫\国际主要科技智库观点演变_研判\03_证据底稿\原文PDF\C-STEPI-A0201-1070.pdf,C:\Users\WINDOWS\OneDrive\知识库\智库信息爬虫\国际主要科技智库观点演变_研判\03_证据底稿\文本\C-STEPI-A0201-1070.txt,https://www.stepi.re.kr/site/stepiko/report/View.do?reIdx=1070,官方PDF已保存并校验
科研体系、研发投入与评价,科技创新政策与能力基线,C-STEPI-A0201-1070,2022-12-30,W3,남북 그린데탕트 구현을 위한  과학기술협력 전략 모색,机构正式研究,C:\Users\WINDOWS\OneDrive\知识库\智库信息爬虫\国际主要科技智库观点演变_研判\03_证据底稿\原文PDF\C-STEPI-A0201-1070.pdf,C:\Users\WINDOWS\OneDrive\知识库\智库信息爬虫\国际主要科技智库观点演变_研判\03_证据底稿\文本\C-STEPI-A0201-1070.txt,https://www.stepi.re.kr/site/stepiko/report/View.do?reIdx=1070,官方PDF已保存并校验
技术安全、供应链与国际合作,科技创新政策与能力基线,C-STEPI-A0201-1070,2022-12-30,W3,남북 그린데탕트 구현을 위한  과학기술협력 전략 모색,机构正式研究,C:\Users\WINDOWS\OneDrive\知识库\智库信息爬虫\国际主要科技智库观点演变_研判\03_证据底稿\原文PDF\C-STEPI-A0201-1070.pdf,C:\Users\WINDOWS\OneDrive\知识库\智库信息爬虫\国际主要科技智库观点演变_研判\03_证据底稿\文本\C-STEPI-A0201-1070.txt,https://www.stepi.re.kr/site/stepiko/report/View.do?reIdx=1070,官方PDF已保存并校验
科技前瞻与未来社会,科技创新政策与能力基线,C-STEPI-A0201-1070,2022-12-30,W3,남북 그린데탕트 구현을 위한  과학기술협력 전략 모색,机构正式研究,C:\Users\WINDOWS\OneDrive\知识库\智库信息爬虫\国际主要科技智库观点演变_研判\03_证据底稿\原文PDF\C-STEPI-A0201-1070.pdf,C:\Users\WINDOWS\OneDrive\知识库\智库信息爬虫\国际主要科技智库观点演变_研判\03_证据底稿\文本\C-STEPI-A0201-1070.txt,https://www.stepi.re.kr/site/stepiko/report/View.do?reIdx=1070,官方PDF已保存并校验
中国科技与国际比较,核心科技直接材料,C-STEPI-A0201-1071,2022-11-30,W3,글로벌 과학기술패권경쟁과 첨단산업 초격차 전략,机构正式研究,C:\Users\WINDOWS\OneDrive\知识库\智库信息爬虫\国际主要科技智库观点演变_研判\03_证据底稿\原文PDF\C-STEPI-A0201-1071.pdf,C:\Users\WINDOWS\OneDrive\知识库\智库信息爬虫\国际主要科技智库观点演变_研判\03_证据底稿\文本\C-STEPI-A0201-1071.txt,https://www.stepi.re.kr/site/stepiko/report/View.do?reIdx=1071,官方PDF已保存并校验
人工智能、数据与数字技术,核心科技直接材料,C-STEPI-A0201-1071,2022-11-30,W3,글로벌 과학기술패권경쟁과 첨단산업 초격차 전략,机构正式研究,C:\Users\WINDOWS\OneDrive\知识库\智库信息爬虫\国际主要科技智库观点演变_研判\03_证据底稿\原文PDF\C-STEPI-A0201-1071.pdf,C:\Users\WINDOWS\OneDrive\知识库\智库信息爬虫\国际主要科技智库观点演变_研判\03_证据底稿\文本\C-STEPI-A0201-1071.txt,https://www.stepi.re.kr/site/stepiko/report/View.do?reIdx=1071,官方PDF已保存并校验
半导体、量子与战略技术,核心科技直接材料,C-STEPI-A0201-1071,2022-11-30,W3,글로벌 과학기술패권경쟁과 첨단산업 초격차 전략,机构正式研究,C:\Users\WINDOWS\OneDrive\知识库\智库信息爬虫\国际主要科技智库观点演变_研判\03_证据底稿\原文PDF\C-STEPI-A0201-1071.pdf,C:\Users\WINDOWS\OneDrive\知识库\智库信息爬虫\国际主要科技智库观点演变_研判\03_证据底稿\文本\C-STEPI-A0201-1071.txt,https://www.stepi.re.kr/site/stepiko/report/View.do?reIdx=1071,官方PDF已保存并校验
能源、气候与绿色转型,核心科技直接材料,C-STEPI-A0201-1071,2022-11-30,W3,글로벌 과학기술패권경쟁과 첨단산업 초격차 전략,机构正式研究,C:\Users\WINDOWS\OneDrive\知识库\智库信息爬虫\国际主要科技智库观点演变_研判\03_证据底稿\原文PDF\C-STEPI-A0201-1071.pdf,C:\Users\WINDOWS\OneDrive\知识库\智库信息爬虫\国际主要科技智库观点演变_研判\03_证据底稿\文本\C-STEPI-A0201-1071.txt,https://www.stepi.re.kr/site/stepiko/report/View.do?reIdx=1071,官方PDF已保存并校验
科研体系、研发投入与评价,核心科技直接材料,C-STEPI-A0201-1071,2022-11-30,W3,글로벌 과학기술패권경쟁과 첨단산업 초격차 전략,机构正式研究,C:\Users\WINDOWS\OneDrive\知识库\智库信息爬虫\国际主要科技智库观点演变_研判\03_证据底稿\原文PDF\C-STEPI-A0201-1071.pdf,C:\Users\WINDOWS\OneDrive\知识库\智库信息爬虫\国际主要科技智库观点演变_研判\03_证据底稿\文本\C-STEPI-A0201-1071.txt,https://www.stepi.re.kr/site/stepiko/report/View.do?reIdx=1071,官方PDF已保存并校验
科技人才、大学与知识流动,核心科技直接材料,C-STEPI-A0201-1071,2022-11-30,W3,글로벌 과학기술패권경쟁과 첨단산업 초격차 전략,机构正式研究,C:\Users\WINDOWS\OneDrive\知识库\智库信息爬虫\国际主要科技智库观点演变_研判\03_证据底稿\原文PDF\C-STEPI-A0201-1071.pdf,C:\Users\WINDOWS\OneDrive\知识库\智库信息爬虫\国际主要科技智库观点演变_研判\03_证据底稿\文本\C-STEPI-A0201-1071.txt,https://www.stepi.re.kr/site/stepiko/report/View.do?reIdx=1071,官方PDF已保存并校验
产业创新、创业与区域体系,核心科技直接材料,C-STEPI-A0201-1071,2022-11-30,W3,글로벌 과학기술패권경쟁과 첨단산업 초격차 전략,机构正式研究,C:\Users\WINDOWS\OneDrive\知识库\智库信息爬虫\国际主要科技智库观点演变_研判\03_证据底稿\原文PDF\C-STEPI-A0201-1071.pdf,C:\Users\WINDOWS\OneDrive\知识库\智库信息爬虫\国际主要科技智库观点演变_研判\03_证据底稿\文本\C-STEPI-A0201-1071.txt,https://www.stepi.re.kr/site/stepiko/report/View.do?reIdx=1071,官方PDF已保存并校验
技术安全、供应链与国际合作,核心科技直接材料,C-STEPI-A0201-1071,2022-11-30,W3,글로벌 과학기술패권경쟁과 첨단산업 초격차 전략,机构正式研究,C:\Users\WINDOWS\OneDrive\知识库\智库信息爬虫\国际主要科技智库观点演变_研判\03_证据底稿\原文PDF\C-STEPI-A0201-1071.pdf,C:\Users\WINDOWS\OneDrive\知识库\智库信息爬虫\国际主要科技智库观点演变_研判\03_证据底稿\文本\C-STEPI-A0201-1071.txt,https://www.stepi.re.kr/site/stepiko/report/View.do?reIdx=1071,官方PDF已保存并校验
科技前瞻与未来社会,核心科技直接材料,C-STEPI-A0201-1071,2022-11-30,W3,글로벌 과학기술패권경쟁과 첨단산업 초격차 전략,机构正式研究,C:\Users\WINDOWS\OneDrive\知识库\智库信息爬虫\国际主要科技智库观点演变_研判\03_证据底稿\原文PDF\C-STEPI-A0201-1071.pdf,C:\Users\WINDOWS\OneDrive\知识库\智库信息爬虫\国际主要科技智库观点演变_研判\03_证据底稿\文本\C-STEPI-A0201-1071.txt,https://www.stepi.re.kr/site/stepiko/report/View.do?reIdx=1071,官方PDF已保存并校验
科技创新政策与研究体系,科技创新政策与能力基线,C-STEPI-A0201-1072,2022-12-30,W3,2022 K-Innovation Partnership Program with Ghana,机构正式研究,,,https://www.stepi.re.kr/site/stepiko/report/View.do?reIdx=1072,官方目录无PDF
科研体系、研发投入与评价,科技创新政策与能力基线,C-STEPI-A0201-1073,2022-12-30,W3,2022 K-Innovation Partnership Program with Lao PDR,机构正式研究,C:\Users\WINDOWS\OneDrive\知识库\智库信息爬虫\国际主要科技智库观点演变_研判\03_证据底稿\原文PDF\C-STEPI-A0201-1073.pdf,C:\Users\WINDOWS\OneDrive\知识库\智库信息爬虫\国际主要科技智库观点演变_研判\03_证据底稿\文本\C-STEPI-A0201-1073.txt,https://www.stepi.re.kr/site/stepiko/report/View.do?reIdx=1073,官方PDF已保存并校验
科技创新政策与研究体系,科技创新政策与能力基线,C-STEPI-A0201-1074,2022-12-30,W3,2022 K-Innovation Partnership Program with Azerbaijan,机构正式研究,C:\Users\WINDOWS\OneDrive\知识库\智库信息爬虫\国际主要科技智库观点演变_研判\03_证据底稿\原文PDF\C-STEPI-A0201-1074.pdf,C:\Users\WINDOWS\OneDrive\知识库\智库信息爬虫\国际主要科技智库观点演变_研判\03_证据底稿\文本\C-STEPI-A0201-1074.txt,https://www.stepi.re.kr/site/stepiko/report/View.do?reIdx=1074,官方PDF已保存并校验
科研体系、研发投入与评价,科技创新政策与能力基线,C-STEPI-A0201-1075,2022-12-30,W3,2022 K-Innovation Partnership Program with Indonesia,机构正式研究,C:\Users\WINDOWS\OneDrive\知识库\智库信息爬虫\国际主要科技智库观点演变_研判\03_证据底稿\原文PDF\C-STEPI-A0201-1075.pdf,C:\Users\WINDOWS\OneDrive\知识库\智库信息爬虫\国际主要科技智库观点演变_研判\03_证据底稿\文本\C-STEPI-A0201-1075.txt,https://www.stepi.re.kr/site/stepiko/report/View.do?reIdx=1075,官方PDF已保存并校验
科技创新政策与研究体系,科技创新政策与能力基线,C-STEPI-A0201-1076,2022-12-30,W3,2022 K-Innovation Partnership Program with Cambodia,机构正式研究,C:\Users\WINDOWS\OneDrive\知识库\智库信息爬虫\国际主要科技智库观点演变_研判\03_证据底稿\原文PDF\C-STEPI-A0201-1076.pdf,C:\Users\WINDOWS\OneDrive\知识库\智库信息爬虫\国际主要科技智库观点演变_研判\03_证据底稿\文本\C-STEPI-A0201-1076.txt,https://www.stepi.re.kr/site/stepiko/report/View.do?reIdx=1076,官方PDF已保存并校验
科研体系、研发投入与评价,科技创新政策与能力基线,C-STEPI-A0201-1077,2022-12-30,W3,2022 K-Innovation Partnership Program with Perú,机构正式研究,C:\Users\WINDOWS\OneDrive\知识库\智库信息爬虫\国际主要科技智库观点演变_研判\03_证据底稿\原文PDF\C-STEPI-A0201-1077.pdf,C:\Users\WINDOWS\OneDrive\知识库\智库信息爬虫\国际主要科技智库观点演变_研判\03_证据底稿\文本\C-STEPI-A0201-1077.txt,https://www.stepi.re.kr/site/stepiko/report/View.do?reIdx=1077,官方PDF已保存并校验
科技前瞻与未来社会,科技创新政策与能力基线,C-STEPI-A0201-1077,2022-12-30,W3,2022 K-Innovation Partnership Program with Perú,机构正式研究,C:\Users\WINDOWS\OneDrive\知识库\智库信息爬虫\国际主要科技智库观点演变_研判\03_证据底稿\原文PDF\C-STEPI-A0201-1077.pdf,C:\Users\WINDOWS\OneDrive\知识库\智库信息爬虫\国际主要科技智库观点演变_研判\03_证据底稿\文本\C-STEPI-A0201-1077.txt,https://www.stepi.re.kr/site/stepiko/report/View.do?reIdx=1077,官方PDF已保存并校验
中国科技与国际比较,科技创新政策与能力基线,C-STEPI-A0201-1078,2023-11-30,W3,기술보호·기술동맹주의에 대응하는 과학기술 국제협력전략,机构正式研究,C:\Users\WINDOWS\OneDrive\知识库\智库信息爬虫\国际主要科技智库观点演变_研判\03_证据底稿\原文PDF\C-STEPI-A0201-1078.pdf,C:\Users\WINDOWS\OneDrive\知识库\智库信息爬虫\国际主要科技智库观点演变_研判\03_证据底稿\文本\C-STEPI-A0201-1078.txt,https://www.stepi.re.kr/site/stepiko/report/View.do?reIdx=1078,官方PDF已保存并校验
半导体、量子与战略技术,科技创新政策与能力基线,C-STEPI-A0201-1078,2023-11-30,W3,기술보호·기술동맹주의에 대응하는 과학기술 국제협력전략,机构正式研究,C:\Users\WINDOWS\OneDrive\知识库\智库信息爬虫\国际主要科技智库观点演变_研判\03_证据底稿\原文PDF\C-STEPI-A0201-1078.pdf,C:\Users\WINDOWS\OneDrive\知识库\智库信息爬虫\国际主要科技智库观点演变_研判\03_证据底稿\文本\C-STEPI-A0201-1078.txt,https://www.stepi.re.kr/site/stepiko/report/View.do?reIdx=1078,官方PDF已保存并校验
科研体系、研发投入与评价,科技创新政策与能力基线,C-STEPI-A0201-1078,2023-11-30,W3,기술보호·기술동맹주의에 대응하는 과학기술 국제협력전략,机构正式研究,C:\Users\WINDOWS\OneDrive\知识库\智库信息爬虫\国际主要科技智库观点演变_研判\03_证据底稿\原文PDF\C-STEPI-A0201-1078.pdf,C:\Users\WINDOWS\OneDrive\知识库\智库信息爬虫\国际主要科技智库观点演变_研判\03_证据底稿\文本\C-STEPI-A0201-1078.txt,https://www.stepi.re.kr/site/stepiko/report/View.do?reIdx=1078,官方PDF已保存并校验
科技人才、大学与知识流动,科技创新政策与能力基线,C-STEPI-A0201-1078,2023-11-30,W3,기술보호·기술동맹주의에 대응하는 과학기술 국제협력전략,机构正式研究,C:\Users\WINDOWS\OneDrive\知识库\智库信息爬虫\国际主要科技智库观点演变_研判\03_证据底稿\原文PDF\C-STEPI-A0201-1078.pdf,C:\Users\WINDOWS\OneDrive\知识库\智库信息爬虫\国际主要科技智库观点演变_研判\03_证据底稿\文本\C-STEPI-A0201-1078.txt,https://www.stepi.re.kr/site/stepiko/report/View.do?reIdx=1078,官方PDF已保存并校验
产业创新、创业与区域体系,科技创新政策与能力基线,C-STEPI-A0201-1078,2023-11-30,W3,기술보호·기술동맹주의에 대응하는 과학기술 국제협력전략,机构正式研究,C:\Users\WINDOWS\OneDrive\知识库\智库信息爬虫\国际主要科技智库观点演变_研判\03_证据底稿\原文PDF\C-STEPI-A0201-1078.pdf,C:\Users\WINDOWS\OneDrive\知识库\智库信息爬虫\国际主要科技智库观点演变_研判\03_证据底稿\文本\C-STEPI-A0201-1078.txt,https://www.stepi.re.kr/site/stepiko/report/View.do?reIdx=1078,官方PDF已保存并校验
技术安全、供应链与国际合作,科技创新政策与能力基线,C-STEPI-A0201-1078,2023-11-30,W3,기술보호·기술동맹주의에 대응하는 과학기술 국제협력전략,机构正式研究,C:\Users\WINDOWS\OneDrive\知识库\智库信息爬虫\国际主要科技智库观点演变_研判\03_证据底稿\原文PDF\C-STEPI-A0201-1078.pdf,C:\Users\WINDOWS\OneDrive\知识库\智库信息爬虫\国际主要科技智库观点演变_研判\03_证据底稿\文本\C-STEPI-A0201-1078.txt,https://www.stepi.re.kr/site/stepiko/report/View.do?reIdx=1078,官方PDF已保存并校验
科技前瞻与未来社会,科技创新政策与能力基线,C-STEPI-A0201-1078,2023-11-30,W3,기술보호·기술동맹주의에 대응하는 과학기술 국제협력전략,机构正式研究,C:\Users\WINDOWS\OneDrive\知识库\智库信息爬虫\国际主要科技智库观点演变_研判\03_证据底稿\原文PDF\C-STEPI-A0201-1078.pdf,C:\Users\WINDOWS\OneDrive\知识库\智库信息爬虫\国际主要科技智库观点演变_研判\03_证据底稿\文本\C-STEPI-A0201-1078.txt,https://www.stepi.re.kr/site/stepiko/report/View.do?reIdx=1078,官方PDF已保存并校验
科研体系、研发投入与评价,科技创新政策与能力基线,C-STEPI-A0201-1079,2023-11-30,W3,임무중심 국가과학기술혁신정책 전환방안 연구Ⅱ,机构正式研究,C:\Users\WINDOWS\OneDrive\知识库\智库信息爬虫\国际主要科技智库观点演变_研判\03_证据底稿\原文PDF\C-STEPI-A0201-1079.pdf,C:\Users\WINDOWS\OneDrive\知识库\智库信息爬虫\国际主要科技智库观点演变_研判\03_证据底稿\文本\C-STEPI-A0201-1079.txt,https://www.stepi.re.kr/site/stepiko/report/View.do?reIdx=1079,官方PDF已保存并校验
科技人才、大学与知识流动,科技创新政策与能力基线,C-STEPI-A0201-1079,2023-11-30,W3,임무중심 국가과학기술혁신정책 전환방안 연구Ⅱ,机构正式研究,C:\Users\WINDOWS\OneDrive\知识库\智库信息爬虫\国际主要科技智库观点演变_研判\03_证据底稿\原文PDF\C-STEPI-A0201-1079.pdf,C:\Users\WINDOWS\OneDrive\知识库\智库信息爬虫\国际主要科技智库观点演变_研判\03_证据底稿\文本\C-STEPI-A0201-1079.txt,https://www.stepi.re.kr/site/stepiko/report/View.do?reIdx=1079,官方PDF已保存并校验
产业创新、创业与区域体系,科技创新政策与能力基线,C-STEPI-A0201-1079,2023-11-30,W3,임무중심 국가과학기술혁신정책 전환방안 연구Ⅱ,机构正式研究,C:\Users\WINDOWS\OneDrive\知识库\智库信息爬虫\国际主要科技智库观点演变_研判\03_证据底稿\原文PDF\C-STEPI-A0201-1079.pdf,C:\Users\WINDOWS\OneDrive\知识库\智库信息爬虫\国际主要科技智库观点演变_研判\03_证据底稿\文本\C-STEPI-A0201-1079.txt,https://www.stepi.re.kr/site/stepiko/report/View.do?reIdx=1079,官方PDF已保存并校验
科技前瞻与未来社会,科技创新政策与能力基线,C-STEPI-A0201-1079,2023-11-30,W3,임무중심 국가과학기술혁신정책 전환방안 연구Ⅱ,机构正式研究,C:\Users\WINDOWS\OneDrive\知识库\智库信息爬虫\国际主要科技智库观点演变_研判\03_证据底稿\原文PDF\C-STEPI-A0201-1079.pdf,C:\Users\WINDOWS\OneDrive\知识库\智库信息爬虫\国际主要科技智库观点演变_研判\03_证据底稿\文本\C-STEPI-A0201-1079.txt,https://www.stepi.re.kr/site/stepiko/report/View.do?reIdx=1079,官方PDF已保存并校验
人工智能、数据与数字技术,科技创新政策与能力基线,C-STEPI-A0201-1080,2023-11-30,W3,민간 중심의 정부 R&D 지원방식 다양화에 관한 연구,机构正式研究,C:\Users\WINDOWS\OneDrive\知识库\智库信息爬虫\国际主要科技智库观点演变_研判\03_证据底稿\原文PDF\C-STEPI-A0201-1080.pdf,C:\Users\WINDOWS\OneDrive\知识库\智库信息爬虫\国际主要科技智库观点演变_研判\03_证据底稿\文本\C-STEPI-A0201-1080.txt,https://www.stepi.re.kr/site/stepiko/report/View.do?reIdx=1080,官方PDF已保存并校验
科研体系、研发投入与评价,科技创新政策与能力基线,C-STEPI-A0201-1080,2023-11-30,W3,민간 중심의 정부 R&D 지원방식 다양화에 관한 연구,机构正式研究,C:\Users\WINDOWS\OneDrive\知识库\智库信息爬虫\国际主要科技智库观点演变_研判\03_证据底稿\原文PDF\C-STEPI-A0201-1080.pdf,C:\Users\WINDOWS\OneDrive\知识库\智库信息爬虫\国际主要科技智库观点演变_研判\03_证据底稿\文本\C-STEPI-A0201-1080.txt,https://www.stepi.re.kr/site/stepiko/report/View.do?reIdx=1080,官方PDF已保存并校验
科技人才、大学与知识流动,科技创新政策与能力基线,C-STEPI-A0201-1080,2023-11-30,W3,민간 중심의 정부 R&D 지원방식 다양화에 관한 연구,机构正式研究,C:\Users\WINDOWS\OneDrive\知识库\智库信息爬虫\国际主要科技智库观点演变_研判\03_证据底稿\原文PDF\C-STEPI-A0201-1080.pdf,C:\Users\WINDOWS\OneDrive\知识库\智库信息爬虫\国际主要科技智库观点演变_研判\03_证据底稿\文本\C-STEPI-A0201-1080.txt,https://www.stepi.re.kr/site/stepiko/report/View.do?reIdx=1080,官方PDF已保存并校验
产业创新、创业与区域体系,科技创新政策与能力基线,C-STEPI-A0201-1080,2023-11-30,W3,민간 중심의 정부 R&D 지원방식 다양화에 관한 연구,机构正式研究,C:\Users\WINDOWS\OneDrive\知识库\智库信息爬虫\国际主要科技智库观点演变_研判\03_证据底稿\原文PDF\C-STEPI-A0201-1080.pdf,C:\Users\WINDOWS\OneDrive\知识库\智库信息爬虫\国际主要科技智库观点演变_研判\03_证据底稿\文本\C-STEPI-A0201-1080.txt,https://www.stepi.re.kr/site/stepiko/report/View.do?reIdx=1080,官方PDF已保存并校验
人工智能、数据与数字技术,科技创新政策与能力基线,C-STEPI-A0201-1081,2023-11-30,W3,혁신수용성을 고려한 기술-사회 혁신생태계 조성방안 연구,机构正式研究,C:\Users\WINDOWS\OneDrive\知识库\智库信息爬虫\国际主要科技智库观点演变_研判\03_证据底稿\原文PDF\C-STEPI-A0201-1081.pdf,C:\Users\WINDOWS\OneDrive\知识库\智库信息爬虫\国际主要科技智库观点演变_研判\03_证据底稿\文本\C-STEPI-A0201-1081.txt,https://www.stepi.re.kr/site/stepiko/report/View.do?reIdx=1081,官方PDF已保存并校验
生命科学、生物技术与健康,科技创新政策与能力基线,C-STEPI-A0201-1081,2023-11-30,W3,혁신수용성을 고려한 기술-사회 혁신생태계 조성방안 연구,机构正式研究,C:\Users\WINDOWS\OneDrive\知识库\智库信息爬虫\国际主要科技智库观点演变_研判\03_证据底稿\原文PDF\C-STEPI-A0201-1081.pdf,C:\Users\WINDOWS\OneDrive\知识库\智库信息爬虫\国际主要科技智库观点演变_研判\03_证据底稿\文本\C-STEPI-A0201-1081.txt,https://www.stepi.re.kr/site/stepiko/report/View.do?reIdx=1081,官方PDF已保存并校验
科研体系、研发投入与评价,科技创新政策与能力基线,C-STEPI-A0201-1081,2023-11-30,W3,혁신수용성을 고려한 기술-사회 혁신생태계 조성방안 연구,机构正式研究,C:\Users\WINDOWS\OneDrive\知识库\智库信息爬虫\国际主要科技智库观点演变_研判\03_证据底稿\原文PDF\C-STEPI-A0201-1081.pdf,C:\Users\WINDOWS\OneDrive\知识库\智库信息爬虫\国际主要科技智库观点演变_研判\03_证据底稿\文本\C-STEPI-A0201-1081.txt,https://www.stepi.re.kr/site/stepiko/report/View.do?reIdx=1081,官方PDF已保存并校验
产业创新、创业与区域体系,科技创新政策与能力基线,C-STEPI-A0201-1081,2023-11-30,W3,혁신수용성을 고려한 기술-사회 혁신생태계 조성방안 연구,机构正式研究,C:\Users\WINDOWS\OneDrive\知识库\智库信息爬虫\国际主要科技智库观点演变_研判\03_证据底稿\原文PDF\C-STEPI-A0201-1081.pdf,C:\Users\WINDOWS\OneDrive\知识库\智库信息爬虫\国际主要科技智库观点演变_研判\03_证据底稿\文本\C-STEPI-A0201-1081.txt,https://www.stepi.re.kr/site/stepiko/report/View.do?reIdx=1081,官方PDF已保存并校验
科技前瞻与未来社会,科技创新政策与能力基线,C-STEPI-A0201-1081,2023-11-30,W3,혁신수용성을 고려한 기술-사회 혁신생태계 조성방안 연구,机构正式研究,C:\Users\WINDOWS\OneDrive\知识库\智库信息爬虫\国际主要科技智库观点演变_研判\03_证据底稿\原文PDF\C-STEPI-A0201-1081.pdf,C:\Users\WINDOWS\OneDrive\知识库\智库信息爬虫\国际主要科技智库观点演变_研判\03_证据底稿\文本\C-STEPI-A0201-1081.txt,https://www.stepi.re.kr/site/stepiko/report/View.do?reIdx=1081,官方PDF已保存并校验
人工智能、数据与数字技术,核心科技直接材料,C-STEPI-A0201-1083,2023-11-30,W3,데이터 플랫폼 정책 진단과 생태계 구축을 위한 고도화 전략,机构正式研究,C:\Users\WINDOWS\OneDrive\知识库\智库信息爬虫\国际主要科技智库观点演变_研判\03_证据底稿\原文PDF\C-STEPI-A0201-1083.pdf,C:\Users\WINDOWS\OneDrive\知识库\智库信息爬虫\国际主要科技智库观点演变_研判\03_证据底稿\文本\C-STEPI-A0201-1083.txt,https://www.stepi.re.kr/site/stepiko/report/View.do?reIdx=1083,官方PDF已保存并校验
科研体系、研发投入与评价,核心科技直接材料,C-STEPI-A0201-1083,2023-11-30,W3,데이터 플랫폼 정책 진단과 생태계 구축을 위한 고도화 전략,机构正式研究,C:\Users\WINDOWS\OneDrive\知识库\智库信息爬虫\国际主要科技智库观点演变_研判\03_证据底稿\原文PDF\C-STEPI-A0201-1083.pdf,C:\Users\WINDOWS\OneDrive\知识库\智库信息爬虫\国际主要科技智库观点演变_研判\03_证据底稿\文本\C-STEPI-A0201-1083.txt,https://www.stepi.re.kr/site/stepiko/report/View.do?reIdx=1083,官方PDF已保存并校验
产业创新、创业与区域体系,核心科技直接材料,C-STEPI-A0201-1083,2023-11-30,W3,데이터 플랫폼 정책 진단과 생태계 구축을 위한 고도화 전략,机构正式研究,C:\Users\WINDOWS\OneDrive\知识库\智库信息爬虫\国际主要科技智库观点演变_研判\03_证据底稿\原文PDF\C-STEPI-A0201-1083.pdf,C:\Users\WINDOWS\OneDrive\知识库\智库信息爬虫\国际主要科技智库观点演变_研判\03_证据底稿\文本\C-STEPI-A0201-1083.txt,https://www.stepi.re.kr/site/stepiko/report/View.do?reIdx=1083,官方PDF已保存并校验
科技前瞻与未来社会,核心科技直接材料,C-STEPI-A0201-1083,2023-11-30,W3,데이터 플랫폼 정책 진단과 생태계 구축을 위한 고도화 전략,机构正式研究,C:\Users\WINDOWS\OneDrive\知识库\智库信息爬虫\国际主要科技智库观点演变_研判\03_证据底稿\原文PDF\C-STEPI-A0201-1083.pdf,C:\Users\WINDOWS\OneDrive\知识库\智库信息爬虫\国际主要科技智库观点演变_研判\03_证据底稿\文本\C-STEPI-A0201-1083.txt,https://www.stepi.re.kr/site/stepiko/report/View.do?reIdx=1083,官方PDF已保存并校验
中国科技与国际比较,科技创新政策与能力基线,C-STEPI-A0201-1084,2023-12-31,W3,탄소중립 대응을 위한 국가 혁신정책 진단과 개선방안 연구,机构正式研究,C:\Users\WINDOWS\OneDrive\知识库\智库信息爬虫\国际主要科技智库观点演变_研判\03_证据底稿\原文PDF\C-STEPI-A0201-1084.pdf,C:\Users\WINDOWS\OneDrive\知识库\智库信息爬虫\国际主要科技智库观点演变_研判\03_证据底稿\文本\C-STEPI-A0201-1084.txt,https://www.stepi.re.kr/site/stepiko/report/View.do?reIdx=1084,官方PDF已保存并校验
能源、气候与绿色转型,科技创新政策与能力基线,C-STEPI-A0201-1084,2023-12-31,W3,탄소중립 대응을 위한 국가 혁신정책 진단과 개선방안 연구,机构正式研究,C:\Users\WINDOWS\OneDrive\知识库\智库信息爬虫\国际主要科技智库观点演变_研判\03_证据底稿\原文PDF\C-STEPI-A0201-1084.pdf,C:\Users\WINDOWS\OneDrive\知识库\智库信息爬虫\国际主要科技智库观点演变_研判\03_证据底稿\文本\C-STEPI-A0201-1084.txt,https://www.stepi.re.kr/site/stepiko/report/View.do?reIdx=1084,官方PDF已保存并校验
科研体系、研发投入与评价,科技创新政策与能力基线,C-STEPI-A0201-1084,2023-12-31,W3,탄소중립 대응을 위한 국가 혁신정책 진단과 개선방안 연구,机构正式研究,C:\Users\WINDOWS\OneDrive\知识库\智库信息爬虫\国际主要科技智库观点演变_研判\03_证据底稿\原文PDF\C-STEPI-A0201-1084.pdf,C:\Users\WINDOWS\OneDrive\知识库\智库信息爬虫\国际主要科技智库观点演变_研判\03_证据底稿\文本\C-STEPI-A0201-1084.txt,https://www.stepi.re.kr/site/stepiko/report/View.do?reIdx=1084,官方PDF已保存并校验
科技人才、大学与知识流动,科技创新政策与能力基线,C-STEPI-A0201-1084,2023-12-31,W3,탄소중립 대응을 위한 국가 혁신정책 진단과 개선방안 연구,机构正式研究,C:\Users\WINDOWS\OneDrive\知识库\智库信息爬虫\国际主要科技智库观点演变_研判\03_证据底稿\原文PDF\C-STEPI-A0201-1084.pdf,C:\Users\WINDOWS\OneDrive\知识库\智库信息爬虫\国际主要科技智库观点演变_研判\03_证据底稿\文本\C-STEPI-A0201-1084.txt,https://www.stepi.re.kr/site/stepiko/report/View.do?reIdx=1084,官方PDF已保存并校验
产业创新、创业与区域体系,科技创新政策与能力基线,C-STEPI-A0201-1084,2023-12-31,W3,탄소중립 대응을 위한 국가 혁신정책 진단과 개선방안 연구,机构正式研究,C:\Users\WINDOWS\OneDrive\知识库\智库信息爬虫\国际主要科技智库观点演变_研判\03_证据底稿\原文PDF\C-STEPI-A0201-1084.pdf,C:\Users\WINDOWS\OneDrive\知识库\智库信息爬虫\国际主要科技智库观点演变_研判\03_证据底稿\文本\C-STEPI-A0201-1084.txt,https://www.stepi.re.kr/site/stepiko/report/View.do?reIdx=1084,官方PDF已保存并校验
技术安全、供应链与国际合作,科技创新政策与能力基线,C-STEPI-A0201-1084,2023-12-31,W3,탄소중립 대응을 위한 국가 혁신정책 진단과 개선방안 연구,机构正式研究,C:\Users\WINDOWS\OneDrive\知识库\智库信息爬虫\国际主要科技智库观点演变_研判\03_证据底稿\原文PDF\C-STEPI-A0201-1084.pdf,C:\Users\WINDOWS\OneDrive\知识库\智库信息爬虫\国际主要科技智库观点演变_研判\03_证据底稿\文本\C-STEPI-A0201-1084.txt,https://www.stepi.re.kr/site/stepiko/report/View.do?reIdx=1084,官方PDF已保存并校验
科技前瞻与未来社会,科技创新政策与能力基线,C-STEPI-A0201-1084,2023-12-31,W3,탄소중립 대응을 위한 국가 혁신정책 진단과 개선방안 연구,机构正式研究,C:\Users\WINDOWS\OneDrive\知识库\智库信息爬虫\国际主要科技智库观点演变_研判\03_证据底稿\原文PDF\C-STEPI-A0201-1084.pdf,C:\Users\WINDOWS\OneDrive\知识库\智库信息爬虫\国际主要科技智库观点演变_研判\03_证据底稿\文本\C-STEPI-A0201-1084.txt,https://www.stepi.re.kr/site/stepiko/report/View.do?reIdx=1084,官方PDF已保存并校验
科研体系、研发投入与评价,科技创新政策与能力基线,C-STEPI-A0201-1085,2023-11-30,W3,공공연구기관 기술스케일업(Scale-up) 펀드 도입에 관한 연구,机构正式研究,C:\Users\WINDOWS\OneDrive\知识库\智库信息爬虫\国际主要科技智库观点演变_研判\03_证据底稿\原文PDF\C-STEPI-A0201-1085.pdf,C:\Users\WINDOWS\OneDrive\知识库\智库信息爬虫\国际主要科技智库观点演变_研判\03_证据底稿\文本\C-STEPI-A0201-1085.txt,https://www.stepi.re.kr/site/stepiko/report/View.do?reIdx=1085,官方PDF已保存并校验
科技人才、大学与知识流动,科技创新政策与能力基线,C-STEPI-A0201-1085,2023-11-30,W3,공공연구기관 기술스케일업(Scale-up) 펀드 도입에 관한 연구,机构正式研究,C:\Users\WINDOWS\OneDrive\知识库\智库信息爬虫\国际主要科技智库观点演变_研判\03_证据底稿\原文PDF\C-STEPI-A0201-1085.pdf,C:\Users\WINDOWS\OneDrive\知识库\智库信息爬虫\国际主要科技智库观点演变_研判\03_证据底稿\文本\C-STEPI-A0201-1085.txt,https://www.stepi.re.kr/site/stepiko/report/View.do?reIdx=1085,官方PDF已保存并校验
产业创新、创业与区域体系,科技创新政策与能力基线,C-STEPI-A0201-1085,2023-11-30,W3,공공연구기관 기술스케일업(Scale-up) 펀드 도입에 관한 연구,机构正式研究,C:\Users\WINDOWS\OneDrive\知识库\智库信息爬虫\国际主要科技智库观点演变_研判\03_证据底稿\原文PDF\C-STEPI-A0201-1085.pdf,C:\Users\WINDOWS\OneDrive\知识库\智库信息爬虫\国际主要科技智库观点演变_研判\03_证据底稿\文本\C-STEPI-A0201-1085.txt,https://www.stepi.re.kr/site/stepiko/report/View.do?reIdx=1085,官方PDF已保存并校验
科技前瞻与未来社会,科技创新政策与能力基线,C-STEPI-A0201-1085,2023-11-30,W3,공공연구기관 기술스케일업(Scale-up) 펀드 도입에 관한 연구,机构正式研究,C:\Users\WINDOWS\OneDrive\知识库\智库信息爬虫\国际主要科技智库观点演变_研判\03_证据底稿\原文PDF\C-STEPI-A0201-1085.pdf,C:\Users\WINDOWS\OneDrive\知识库\智库信息爬虫\国际主要科技智库观点演变_研判\03_证据底稿\文本\C-STEPI-A0201-1085.txt,https://www.stepi.re.kr/site/stepiko/report/View.do?reIdx=1085,官方PDF已保存并校验
科研体系、研发投入与评价,科技创新政策与能力基线,C-STEPI-A0201-1086,2023-11-30,W3,혁신적 성과 창출 중심의 산학연 협력체계 구축 및 제도 개선방안,机构正式研究,C:\Users\WINDOWS\OneDrive\知识库\智库信息爬虫\国际主要科技智库观点演变_研判\03_证据底稿\原文PDF\C-STEPI-A0201-1086.pdf,C:\Users\WINDOWS\OneDrive\知识库\智库信息爬虫\国际主要科技智库观点演变_研判\03_证据底稿\文本\C-STEPI-A0201-1086.txt,https://www.stepi.re.kr/site/stepiko/report/View.do?reIdx=1086,官方PDF已保存并校验
科技人才、大学与知识流动,科技创新政策与能力基线,C-STEPI-A0201-1086,2023-11-30,W3,혁신적 성과 창출 중심의 산학연 협력체계 구축 및 제도 개선방안,机构正式研究,C:\Users\WINDOWS\OneDrive\知识库\智库信息爬虫\国际主要科技智库观点演变_研判\03_证据底稿\原文PDF\C-STEPI-A0201-1086.pdf,C:\Users\WINDOWS\OneDrive\知识库\智库信息爬虫\国际主要科技智库观点演变_研判\03_证据底稿\文本\C-STEPI-A0201-1086.txt,https://www.stepi.re.kr/site/stepiko/report/View.do?reIdx=1086,官方PDF已保存并校验
产业创新、创业与区域体系,科技创新政策与能力基线,C-STEPI-A0201-1086,2023-11-30,W3,혁신적 성과 창출 중심의 산학연 협력체계 구축 및 제도 개선방안,机构正式研究,C:\Users\WINDOWS\OneDrive\知识库\智库信息爬虫\国际主要科技智库观点演变_研判\03_证据底稿\原文PDF\C-STEPI-A0201-1086.pdf,C:\Users\WINDOWS\OneDrive\知识库\智库信息爬虫\国际主要科技智库观点演变_研判\03_证据底稿\文本\C-STEPI-A0201-1086.txt,https://www.stepi.re.kr/site/stepiko/report/View.do?reIdx=1086,官方PDF已保存并校验
科技前瞻与未来社会,科技创新政策与能力基线,C-STEPI-A0201-1086,2023-11-30,W3,혁신적 성과 창출 중심의 산학연 협력체계 구축 및 제도 개선방안,机构正式研究,C:\Users\WINDOWS\OneDrive\知识库\智库信息爬虫\国际主要科技智库观点演变_研判\03_证据底稿\原文PDF\C-STEPI-A0201-1086.pdf,C:\Users\WINDOWS\OneDrive\知识库\智库信息爬虫\国际主要科技智库观点演变_研判\03_证据底稿\文本\C-STEPI-A0201-1086.txt,https://www.stepi.re.kr/site/stepiko/report/View.do?reIdx=1086,官方PDF已保存并校验
人工智能、数据与数字技术,科技创新政策与能力基线,C-STEPI-A0201-1087,2023-11-30,W3,초고령사회 대응을 위한 ‘과학기술‧사회혁신 융합형 돌봄혁신’ 방안,机构正式研究,C:\Users\WINDOWS\OneDrive\知识库\智库信息爬虫\国际主要科技智库观点演变_研判\03_证据底稿\原文PDF\C-STEPI-A0201-1087.pdf,C:\Users\WINDOWS\OneDrive\知识库\智库信息爬虫\国际主要科技智库观点演变_研判\03_证据底稿\文本\C-STEPI-A0201-1087.txt,https://www.stepi.re.kr/site/stepiko/report/View.do?reIdx=1087,官方PDF已保存并校验
生命科学、生物技术与健康,科技创新政策与能力基线,C-STEPI-A0201-1087,2023-11-30,W3,초고령사회 대응을 위한 ‘과학기술‧사회혁신 융합형 돌봄혁신’ 방안,机构正式研究,C:\Users\WINDOWS\OneDrive\知识库\智库信息爬虫\国际主要科技智库观点演变_研判\03_证据底稿\原文PDF\C-STEPI-A0201-1087.pdf,C:\Users\WINDOWS\OneDrive\知识库\智库信息爬虫\国际主要科技智库观点演变_研判\03_证据底稿\文本\C-STEPI-A0201-1087.txt,https://www.stepi.re.kr/site/stepiko/report/View.do?reIdx=1087,官方PDF已保存并校验
科研体系、研发投入与评价,科技创新政策与能力基线,C-STEPI-A0201-1087,2023-11-30,W3,초고령사회 대응을 위한 ‘과학기술‧사회혁신 융합형 돌봄혁신’ 방안,机构正式研究,C:\Users\WINDOWS\OneDrive\知识库\智库信息爬虫\国际主要科技智库观点演变_研判\03_证据底稿\原文PDF\C-STEPI-A0201-1087.pdf,C:\Users\WINDOWS\OneDrive\知识库\智库信息爬虫\国际主要科技智库观点演变_研判\03_证据底稿\文本\C-STEPI-A0201-1087.txt,https://www.stepi.re.kr/site/stepiko/report/View.do?reIdx=1087,官方PDF已保存并校验
科技人才、大学与知识流动,科技创新政策与能力基线,C-STEPI-A0201-1087,2023-11-30,W3,초고령사회 대응을 위한 ‘과학기술‧사회혁신 융합형 돌봄혁신’ 방안,机构正式研究,C:\Users\WINDOWS\OneDrive\知识库\智库信息爬虫\国际主要科技智库观点演变_研判\03_证据底稿\原文PDF\C-STEPI-A0201-1087.pdf,C:\Users\WINDOWS\OneDrive\知识库\智库信息爬虫\国际主要科技智库观点演变_研判\03_证据底稿\文本\C-STEPI-A0201-1087.txt,https://www.stepi.re.kr/site/stepiko/report/View.do?reIdx=1087,官方PDF已保存并校验
产业创新、创业与区域体系,科技创新政策与能力基线,C-STEPI-A0201-1087,2023-11-30,W3,초고령사회 대응을 위한 ‘과학기술‧사회혁신 융합형 돌봄혁신’ 방안,机构正式研究,C:\Users\WINDOWS\OneDrive\知识库\智库信息爬虫\国际主要科技智库观点演变_研判\03_证据底稿\原文PDF\C-STEPI-A0201-1087.pdf,C:\Users\WINDOWS\OneDrive\知识库\智库信息爬虫\国际主要科技智库观点演变_研判\03_证据底稿\文本\C-STEPI-A0201-1087.txt,https://www.stepi.re.kr/site/stepiko/report/View.do?reIdx=1087,官方PDF已保存并校验
科技前瞻与未来社会,科技创新政策与能力基线,C-STEPI-A0201-1087,2023-11-30,W3,초고령사회 대응을 위한 ‘과학기술‧사회혁신 융합형 돌봄혁신’ 방안,机构正式研究,C:\Users\WINDOWS\OneDrive\知识库\智库信息爬虫\国际主要科技智库观点演变_研判\03_证据底稿\原文PDF\C-STEPI-A0201-1087.pdf,C:\Users\WINDOWS\OneDrive\知识库\智库信息爬虫\国际主要科技智库观点演变_研判\03_证据底稿\文本\C-STEPI-A0201-1087.txt,https://www.stepi.re.kr/site/stepiko/report/View.do?reIdx=1087,官方PDF已保存并校验
中国科技与国际比较,科技创新政策与能力基线,C-STEPI-A0201-1089,2023-11-30,W3,남북공동경제발전계획 수립을 위한 과학기술 전략 모색,机构正式研究,C:\Users\WINDOWS\OneDrive\知识库\智库信息爬虫\国际主要科技智库观点演变_研判\03_证据底稿\原文PDF\C-STEPI-A0201-1089.pdf,C:\Users\WINDOWS\OneDrive\知识库\智库信息爬虫\国际主要科技智库观点演变_研判\03_证据底稿\文本\C-STEPI-A0201-1089.txt,https://www.stepi.re.kr/site/stepiko/report/View.do?reIdx=1089,官方PDF已保存并校验
人工智能、数据与数字技术,科技创新政策与能力基线,C-STEPI-A0201-1089,2023-11-30,W3,남북공동경제발전계획 수립을 위한 과학기술 전략 모색,机构正式研究,C:\Users\WINDOWS\OneDrive\知识库\智库信息爬虫\国际主要科技智库观点演变_研判\03_证据底稿\原文PDF\C-STEPI-A0201-1089.pdf,C:\Users\WINDOWS\OneDrive\知识库\智库信息爬虫\国际主要科技智库观点演变_研判\03_证据底稿\文本\C-STEPI-A0201-1089.txt,https://www.stepi.re.kr/site/stepiko/report/View.do?reIdx=1089,官方PDF已保存并校验
科研体系、研发投入与评价,科技创新政策与能力基线,C-STEPI-A0201-1089,2023-11-30,W3,남북공동경제발전계획 수립을 위한 과학기술 전략 모색,机构正式研究,C:\Users\WINDOWS\OneDrive\知识库\智库信息爬虫\国际主要科技智库观点演变_研判\03_证据底稿\原文PDF\C-STEPI-A0201-1089.pdf,C:\Users\WINDOWS\OneDrive\知识库\智库信息爬虫\国际主要科技智库观点演变_研判\03_证据底稿\文本\C-STEPI-A0201-1089.txt,https://www.stepi.re.kr/site/stepiko/report/View.do?reIdx=1089,官方PDF已保存并校验
科技人才、大学与知识流动,科技创新政策与能力基线,C-STEPI-A0201-1089,2023-11-30,W3,남북공동경제발전계획 수립을 위한 과학기술 전략 모색,机构正式研究,C:\Users\WINDOWS\OneDrive\知识库\智库信息爬虫\国际主要科技智库观点演变_研判\03_证据底稿\原文PDF\C-STEPI-A0201-1089.pdf,C:\Users\WINDOWS\OneDrive\知识库\智库信息爬虫\国际主要科技智库观点演变_研判\03_证据底稿\文本\C-STEPI-A0201-1089.txt,https://www.stepi.re.kr/site/stepiko/report/View.do?reIdx=1089,官方PDF已保存并校验
产业创新、创业与区域体系,科技创新政策与能力基线,C-STEPI-A0201-1089,2023-11-30,W3,남북공동경제발전계획 수립을 위한 과학기술 전략 모색,机构正式研究,C:\Users\WINDOWS\OneDrive\知识库\智库信息爬虫\国际主要科技智库观点演变_研判\03_证据底稿\原文PDF\C-STEPI-A0201-1089.pdf,C:\Users\WINDOWS\OneDrive\知识库\智库信息爬虫\国际主要科技智库观点演变_研判\03_证据底稿\文本\C-STEPI-A0201-1089.txt,https://www.stepi.re.kr/site/stepiko/report/View.do?reIdx=1089,官方PDF已保存并校验
科技前瞻与未来社会,科技创新政策与能力基线,C-STEPI-A0201-1089,2023-11-30,W3,남북공동경제발전계획 수립을 위한 과학기술 전략 모색,机构正式研究,C:\Users\WINDOWS\OneDrive\知识库\智库信息爬虫\国际主要科技智库观点演变_研判\03_证据底稿\原文PDF\C-STEPI-A0201-1089.pdf,C:\Users\WINDOWS\OneDrive\知识库\智库信息爬虫\国际主要科技智库观点演变_研判\03_证据底稿\文本\C-STEPI-A0201-1089.txt,https://www.stepi.re.kr/site/stepiko/report/View.do?reIdx=1089,官方PDF已保存并校验
人工智能、数据与数字技术,科技创新政策与能力基线,C-STEPI-A0201-1090,2023-11-30,W3,한-미 전략적 경제·기술 파트너십 구축을 위한 협력 방안 연구,机构正式研究,C:\Users\WINDOWS\OneDrive\知识库\智库信息爬虫\国际主要科技智库观点演变_研判\03_证据底稿\原文PDF\C-STEPI-A0201-1090.pdf,C:\Users\WINDOWS\OneDrive\知识库\智库信息爬虫\国际主要科技智库观点演变_研判\03_证据底稿\文本\C-STEPI-A0201-1090.txt,https://www.stepi.re.kr/site/stepiko/report/View.do?reIdx=1090,官方PDF已保存并校验
半导体、量子与战略技术,科技创新政策与能力基线,C-STEPI-A0201-1090,2023-11-30,W3,한-미 전략적 경제·기술 파트너십 구축을 위한 협력 방안 연구,机构正式研究,C:\Users\WINDOWS\OneDrive\知识库\智库信息爬虫\国际主要科技智库观点演变_研判\03_证据底稿\原文PDF\C-STEPI-A0201-1090.pdf,C:\Users\WINDOWS\OneDrive\知识库\智库信息爬虫\国际主要科技智库观点演变_研判\03_证据底稿\文本\C-STEPI-A0201-1090.txt,https://www.stepi.re.kr/site/stepiko/report/View.do?reIdx=1090,官方PDF已保存并校验
科研体系、研发投入与评价,科技创新政策与能力基线,C-STEPI-A0201-1090,2023-11-30,W3,한-미 전략적 경제·기술 파트너십 구축을 위한 협력 방안 연구,机构正式研究,C:\Users\WINDOWS\OneDrive\知识库\智库信息爬虫\国际主要科技智库观点演变_研判\03_证据底稿\原文PDF\C-STEPI-A0201-1090.pdf,C:\Users\WINDOWS\OneDrive\知识库\智库信息爬虫\国际主要科技智库观点演变_研判\03_证据底稿\文本\C-STEPI-A0201-1090.txt,https://www.stepi.re.kr/site/stepiko/report/View.do?reIdx=1090,官方PDF已保存并校验
技术安全、供应链与国际合作,科技创新政策与能力基线,C-STEPI-A0201-1090,2023-11-30,W3,한-미 전략적 경제·기술 파트너십 구축을 위한 협력 방안 연구,机构正式研究,C:\Users\WINDOWS\OneDrive\知识库\智库信息爬虫\国际主要科技智库观点演变_研判\03_证据底稿\原文PDF\C-STEPI-A0201-1090.pdf,C:\Users\WINDOWS\OneDrive\知识库\智库信息爬虫\国际主要科技智库观点演变_研判\03_证据底稿\文本\C-STEPI-A0201-1090.txt,https://www.stepi.re.kr/site/stepiko/report/View.do?reIdx=1090,官方PDF已保存并校验
中国科技与国际比较,科技创新政策与能力基线,C-STEPI-A0201-1091,2023-11-30,W3,신산업분야 안전성 검증체계 고도화 방안,机构正式研究,C:\Users\WINDOWS\OneDrive\知识库\智库信息爬虫\国际主要科技智库观点演变_研判\03_证据底稿\原文PDF\C-STEPI-A0201-1091.pdf,C:\Users\WINDOWS\OneDrive\知识库\智库信息爬虫\国际主要科技智库观点演变_研判\03_证据底稿\文本\C-STEPI-A0201-1091.txt,https://www.stepi.re.kr/site/stepiko/report/View.do?reIdx=1091,官方PDF已保存并校验
能源、气候与绿色转型,科技创新政策与能力基线,C-STEPI-A0201-1091,2023-11-30,W3,신산업분야 안전성 검증체계 고도화 방안,机构正式研究,C:\Users\WINDOWS\OneDrive\知识库\智库信息爬虫\国际主要科技智库观点演变_研判\03_证据底稿\原文PDF\C-STEPI-A0201-1091.pdf,C:\Users\WINDOWS\OneDrive\知识库\智库信息爬虫\国际主要科技智库观点演变_研判\03_证据底稿\文本\C-STEPI-A0201-1091.txt,https://www.stepi.re.kr/site/stepiko/report/View.do?reIdx=1091,官方PDF已保存并校验
科研体系、研发投入与评价,科技创新政策与能力基线,C-STEPI-A0201-1091,2023-11-30,W3,신산업분야 안전성 검증체계 고도화 방안,机构正式研究,C:\Users\WINDOWS\OneDrive\知识库\智库信息爬虫\国际主要科技智库观点演变_研判\03_证据底稿\原文PDF\C-STEPI-A0201-1091.pdf,C:\Users\WINDOWS\OneDrive\知识库\智库信息爬虫\国际主要科技智库观点演变_研判\03_证据底稿\文本\C-STEPI-A0201-1091.txt,https://www.stepi.re.kr/site/stepiko/report/View.do?reIdx=1091,官方PDF已保存并校验
科技人才、大学与知识流动,科技创新政策与能力基线,C-STEPI-A0201-1091,2023-11-30,W3,신산업분야 안전성 검증체계 고도화 방안,机构正式研究,C:\Users\WINDOWS\OneDrive\知识库\智库信息爬虫\国际主要科技智库观点演变_研判\03_证据底稿\原文PDF\C-STEPI-A0201-1091.pdf,C:\Users\WINDOWS\OneDrive\知识库\智库信息爬虫\国际主要科技智库观点演变_研判\03_证据底稿\文本\C-STEPI-A0201-1091.txt,https://www.stepi.re.kr/site/stepiko/report/View.do?reIdx=1091,官方PDF已保存并校验
产业创新、创业与区域体系,科技创新政策与能力基线,C-STEPI-A0201-1091,2023-11-30,W3,신산업분야 안전성 검증체계 고도화 방안,机构正式研究,C:\Users\WINDOWS\OneDrive\知识库\智库信息爬虫\国际主要科技智库观点演变_研判\03_证据底稿\原文PDF\C-STEPI-A0201-1091.pdf,C:\Users\WINDOWS\OneDrive\知识库\智库信息爬虫\国际主要科技智库观点演变_研判\03_证据底稿\文本\C-STEPI-A0201-1091.txt,https://www.stepi.re.kr/site/stepiko/report/View.do?reIdx=1091,官方PDF已保存并校验
科技前瞻与未来社会,科技创新政策与能力基线,C-STEPI-A0201-1091,2023-11-30,W3,신산업분야 안전성 검증체계 고도화 방안,机构正式研究,C:\Users\WINDOWS\OneDrive\知识库\智库信息爬虫\国际主要科技智库观点演变_研判\03_证据底稿\原文PDF\C-STEPI-A0201-1091.pdf,C:\Users\WINDOWS\OneDrive\知识库\智库信息爬虫\国际主要科技智库观点演变_研判\03_证据底稿\文本\C-STEPI-A0201-1091.txt,https://www.stepi.re.kr/site/stepiko/report/View.do?reIdx=1091,官方PDF已保存并校验
中国科技与国际比较,科技创新政策与能力基线,C-STEPI-A0201-1092,2023-11-30,W3,연구안보에 관한 주요국 정책 비교분석과 국내 대응 방향 연구,机构正式研究,C:\Users\WINDOWS\OneDrive\知识库\智库信息爬虫\国际主要科技智库观点演变_研判\03_证据底稿\原文PDF\C-STEPI-A0201-1092.pdf,C:\Users\WINDOWS\OneDrive\知识库\智库信息爬虫\国际主要科技智库观点演变_研判\03_证据底稿\文本\C-STEPI-A0201-1092.txt,https://www.stepi.re.kr/site/stepiko/report/View.do?reIdx=1092,官方PDF已保存并校验
科研体系、研发投入与评价,科技创新政策与能力基线,C-STEPI-A0201-1092,2023-11-30,W3,연구안보에 관한 주요국 정책 비교분석과 국내 대응 방향 연구,机构正式研究,C:\Users\WINDOWS\OneDrive\知识库\智库信息爬虫\国际主要科技智库观点演变_研判\03_证据底稿\原文PDF\C-STEPI-A0201-1092.pdf,C:\Users\WINDOWS\OneDrive\知识库\智库信息爬虫\国际主要科技智库观点演变_研判\03_证据底稿\文本\C-STEPI-A0201-1092.txt,https://www.stepi.re.kr/site/stepiko/report/View.do?reIdx=1092,官方PDF已保存并校验
科技人才、大学与知识流动,科技创新政策与能力基线,C-STEPI-A0201-1092,2023-11-30,W3,연구안보에 관한 주요국 정책 비교분석과 국내 대응 방향 연구,机构正式研究,C:\Users\WINDOWS\OneDrive\知识库\智库信息爬虫\国际主要科技智库观点演变_研判\03_证据底稿\原文PDF\C-STEPI-A0201-1092.pdf,C:\Users\WINDOWS\OneDrive\知识库\智库信息爬虫\国际主要科技智库观点演变_研判\03_证据底稿\文本\C-STEPI-A0201-1092.txt,https://www.stepi.re.kr/site/stepiko/report/View.do?reIdx=1092,官方PDF已保存并校验
产业创新、创业与区域体系,科技创新政策与能力基线,C-STEPI-A0201-1092,2023-11-30,W3,연구안보에 관한 주요국 정책 비교분석과 국내 대응 방향 연구,机构正式研究,C:\Users\WINDOWS\OneDrive\知识库\智库信息爬虫\国际主要科技智库观点演变_研判\03_证据底稿\原文PDF\C-STEPI-A0201-1092.pdf,C:\Users\WINDOWS\OneDrive\知识库\智库信息爬虫\国际主要科技智库观点演变_研判\03_证据底稿\文本\C-STEPI-A0201-1092.txt,https://www.stepi.re.kr/site/stepiko/report/View.do?reIdx=1092,官方PDF已保存并校验
技术安全、供应链与国际合作,科技创新政策与能力基线,C-STEPI-A0201-1092,2023-11-30,W3,연구안보에 관한 주요국 정책 비교분석과 국내 대응 방향 연구,机构正式研究,C:\Users\WINDOWS\OneDrive\知识库\智库信息爬虫\国际主要科技智库观点演变_研判\03_证据底稿\原文PDF\C-STEPI-A0201-1092.pdf,C:\Users\WINDOWS\OneDrive\知识库\智库信息爬虫\国际主要科技智库观点演变_研判\03_证据底稿\文本\C-STEPI-A0201-1092.txt,https://www.stepi.re.kr/site/stepiko/report/View.do?reIdx=1092,官方PDF已保存并校验
科技前瞻与未来社会,科技创新政策与能力基线,C-STEPI-A0201-1092,2023-11-30,W3,연구안보에 관한 주요국 정책 비교분석과 국내 대응 방향 연구,机构正式研究,C:\Users\WINDOWS\OneDrive\知识库\智库信息爬虫\国际主要科技智库观点演变_研判\03_证据底稿\原文PDF\C-STEPI-A0201-1092.pdf,C:\Users\WINDOWS\OneDrive\知识库\智库信息爬虫\国际主要科技智库观点演变_研判\03_证据底稿\文本\C-STEPI-A0201-1092.txt,https://www.stepi.re.kr/site/stepiko/report/View.do?reIdx=1092,官方PDF已保存并校验
中国科技与国际比较,科技创新政策与能力基线,C-STEPI-A0201-1093,2023-11-30,W3,유니콥스(Unicorpse: 일명 죽은 유니콘) 사례연구 및 시사점,机构正式研究,C:\Users\WINDOWS\OneDrive\知识库\智库信息爬虫\国际主要科技智库观点演变_研判\03_证据底稿\原文PDF\C-STEPI-A0201-1093.pdf,C:\Users\WINDOWS\OneDrive\知识库\智库信息爬虫\国际主要科技智库观点演变_研判\03_证据底稿\文本\C-STEPI-A0201-1093.txt,https://www.stepi.re.kr/site/stepiko/report/View.do?reIdx=1093,官方PDF已保存并校验
科研体系、研发投入与评价,科技创新政策与能力基线,C-STEPI-A0201-1093,2023-11-30,W3,유니콥스(Unicorpse: 일명 죽은 유니콘) 사례연구 및 시사점,机构正式研究,C:\Users\WINDOWS\OneDrive\知识库\智库信息爬虫\国际主要科技智库观点演变_研判\03_证据底稿\原文PDF\C-STEPI-A0201-1093.pdf,C:\Users\WINDOWS\OneDrive\知识库\智库信息爬虫\国际主要科技智库观点演变_研判\03_证据底稿\文本\C-STEPI-A0201-1093.txt,https://www.stepi.re.kr/site/stepiko/report/View.do?reIdx=1093,官方PDF已保存并校验
科技人才、大学与知识流动,科技创新政策与能力基线,C-STEPI-A0201-1093,2023-11-30,W3,유니콥스(Unicorpse: 일명 죽은 유니콘) 사례연구 및 시사점,机构正式研究,C:\Users\WINDOWS\OneDrive\知识库\智库信息爬虫\国际主要科技智库观点演变_研判\03_证据底稿\原文PDF\C-STEPI-A0201-1093.pdf,C:\Users\WINDOWS\OneDrive\知识库\智库信息爬虫\国际主要科技智库观点演变_研判\03_证据底稿\文本\C-STEPI-A0201-1093.txt,https://www.stepi.re.kr/site/stepiko/report/View.do?reIdx=1093,官方PDF已保存并校验
产业创新、创业与区域体系,科技创新政策与能力基线,C-STEPI-A0201-1093,2023-11-30,W3,유니콥스(Unicorpse: 일명 죽은 유니콘) 사례연구 및 시사점,机构正式研究,C:\Users\WINDOWS\OneDrive\知识库\智库信息爬虫\国际主要科技智库观点演变_研判\03_证据底稿\原文PDF\C-STEPI-A0201-1093.pdf,C:\Users\WINDOWS\OneDrive\知识库\智库信息爬虫\国际主要科技智库观点演变_研判\03_证据底稿\文本\C-STEPI-A0201-1093.txt,https://www.stepi.re.kr/site/stepiko/report/View.do?reIdx=1093,官方PDF已保存并校验
技术安全、供应链与国际合作,科技创新政策与能力基线,C-STEPI-A0201-1093,2023-11-30,W3,유니콥스(Unicorpse: 일명 죽은 유니콘) 사례연구 및 시사점,机构正式研究,C:\Users\WINDOWS\OneDrive\知识库\智库信息爬虫\国际主要科技智库观点演变_研判\03_证据底稿\原文PDF\C-STEPI-A0201-1093.pdf,C:\Users\WINDOWS\OneDrive\知识库\智库信息爬虫\国际主要科技智库观点演变_研判\03_证据底稿\文本\C-STEPI-A0201-1093.txt,https://www.stepi.re.kr/site/stepiko/report/View.do?reIdx=1093,官方PDF已保存并校验
科技前瞻与未来社会,科技创新政策与能力基线,C-STEPI-A0201-1093,2023-11-30,W3,유니콥스(Unicorpse: 일명 죽은 유니콘) 사례연구 및 시사점,机构正式研究,C:\Users\WINDOWS\OneDrive\知识库\智库信息爬虫\国际主要科技智库观点演变_研判\03_证据底稿\原文PDF\C-STEPI-A0201-1093.pdf,C:\Users\WINDOWS\OneDrive\知识库\智库信息爬虫\国际主要科技智库观点演变_研判\03_证据底稿\文本\C-STEPI-A0201-1093.txt,https://www.stepi.re.kr/site/stepiko/report/View.do?reIdx=1093,官方PDF已保存并校验
人工智能、数据与数字技术,科技创新政策与能力基线,C-STEPI-A0201-1094,2023-12-31,W3,혁신창업 및 기업가정신 생태계 모니터링 사업(9차년도) (제2권 혁신 스타트업의 성장 특성 분석),机构正式研究,C:\Users\WINDOWS\OneDrive\知识库\智库信息爬虫\国际主要科技智库观点演变_研判\03_证据底稿\原文PDF\C-STEPI-A0201-1094.pdf,C:\Users\WINDOWS\OneDrive\知识库\智库信息爬虫\国际主要科技智库观点演变_研判\03_证据底稿\文本\C-STEPI-A0201-1094.txt,https://www.stepi.re.kr/site/stepiko/report/View.do?reIdx=1094,官方PDF已保存并校验
科研体系、研发投入与评价,科技创新政策与能力基线,C-STEPI-A0201-1094,2023-12-31,W3,혁신창업 및 기업가정신 생태계 모니터링 사업(9차년도) (제2권 혁신 스타트업의 성장 특성 분석),机构正式研究,C:\Users\WINDOWS\OneDrive\知识库\智库信息爬虫\国际主要科技智库观点演变_研判\03_证据底稿\原文PDF\C-STEPI-A0201-1094.pdf,C:\Users\WINDOWS\OneDrive\知识库\智库信息爬虫\国际主要科技智库观点演变_研判\03_证据底稿\文本\C-STEPI-A0201-1094.txt,https://www.stepi.re.kr/site/stepiko/report/View.do?reIdx=1094,官方PDF已保存并校验
产业创新、创业与区域体系,科技创新政策与能力基线,C-STEPI-A0201-1094,2023-12-31,W3,혁신창업 및 기업가정신 생태계 모니터링 사업(9차년도) (제2권 혁신 스타트업의 성장 특성 분석),机构正式研究,C:\Users\WINDOWS\OneDrive\知识库\智库信息爬虫\国际主要科技智库观点演变_研判\03_证据底稿\原文PDF\C-STEPI-A0201-1094.pdf,C:\Users\WINDOWS\OneDrive\知识库\智库信息爬虫\国际主要科技智库观点演变_研判\03_证据底稿\文本\C-STEPI-A0201-1094.txt,https://www.stepi.re.kr/site/stepiko/report/View.do?reIdx=1094,官方PDF已保存并校验
人工智能、数据与数字技术,科技创新政策与能力基线,C-STEPI-A0201-1095,2023-12-31,W3,혁신창업 및 기업가정신 생태계 모니터링 사업(9차년도) (제1권 지역 혁신창업생태계 진단 및 분석),机构正式研究,C:\Users\WINDOWS\OneDrive\知识库\智库信息爬虫\国际主要科技智库观点演变_研判\03_证据底稿\原文PDF\C-STEPI-A0201-1095.pdf,C:\Users\WINDOWS\OneDrive\知识库\智库信息爬虫\国际主要科技智库观点演变_研判\03_证据底稿\文本\C-STEPI-A0201-1095.txt,https://www.stepi.re.kr/site/stepiko/report/View.do?reIdx=1095,官方PDF已保存并校验
科研体系、研发投入与评价,科技创新政策与能力基线,C-STEPI-A0201-1095,2023-12-31,W3,혁신창업 및 기업가정신 생태계 모니터링 사업(9차년도) (제1권 지역 혁신창업생태계 진단 및 분석),机构正式研究,C:\Users\WINDOWS\OneDrive\知识库\智库信息爬虫\国际主要科技智库观点演变_研判\03_证据底稿\原文PDF\C-STEPI-A0201-1095.pdf,C:\Users\WINDOWS\OneDrive\知识库\智库信息爬虫\国际主要科技智库观点演变_研判\03_证据底稿\文本\C-STEPI-A0201-1095.txt,https://www.stepi.re.kr/site/stepiko/report/View.do?reIdx=1095,官方PDF已保存并校验
产业创新、创业与区域体系,科技创新政策与能力基线,C-STEPI-A0201-1095,2023-12-31,W3,혁신창업 및 기업가정신 생태계 모니터링 사업(9차년도) (제1권 지역 혁신창업생태계 진단 및 분석),机构正式研究,C:\Users\WINDOWS\OneDrive\知识库\智库信息爬虫\国际主要科技智库观点演变_研判\03_证据底稿\原文PDF\C-STEPI-A0201-1095.pdf,C:\Users\WINDOWS\OneDrive\知识库\智库信息爬虫\国际主要科技智库观点演变_研判\03_证据底稿\文本\C-STEPI-A0201-1095.txt,https://www.stepi.re.kr/site/stepiko/report/View.do?reIdx=1095,官方PDF已保存并校验
能源、气候与绿色转型,科技创新政策与能力基线,C-STEPI-A0201-1096,2023-12-31,W3,기술규제 개혁을 위한 의제설정 연구사업(7차년도),机构正式研究,C:\Users\WINDOWS\OneDrive\知识库\智库信息爬虫\国际主要科技智库观点演变_研判\03_证据底稿\原文PDF\C-STEPI-A0201-1096.pdf,C:\Users\WINDOWS\OneDrive\知识库\智库信息爬虫\国际主要科技智库观点演变_研判\03_证据底稿\文本\C-STEPI-A0201-1096.txt,https://www.stepi.re.kr/site/stepiko/report/View.do?reIdx=1096,官方PDF已保存并校验
科研体系、研发投入与评价,科技创新政策与能力基线,C-STEPI-A0201-1096,2023-12-31,W3,기술규제 개혁을 위한 의제설정 연구사업(7차년도),机构正式研究,C:\Users\WINDOWS\OneDrive\知识库\智库信息爬虫\国际主要科技智库观点演变_研判\03_证据底稿\原文PDF\C-STEPI-A0201-1096.pdf,C:\Users\WINDOWS\OneDrive\知识库\智库信息爬虫\国际主要科技智库观点演变_研判\03_证据底稿\文本\C-STEPI-A0201-1096.txt,https://www.stepi.re.kr/site/stepiko/report/View.do?reIdx=1096,官方PDF已保存并校验
产业创新、创业与区域体系,科技创新政策与能力基线,C-STEPI-A0201-1096,2023-12-31,W3,기술규제 개혁을 위한 의제설정 연구사업(7차년도),机构正式研究,C:\Users\WINDOWS\OneDrive\知识库\智库信息爬虫\国际主要科技智库观点演变_研判\03_证据底稿\原文PDF\C-STEPI-A0201-1096.pdf,C:\Users\WINDOWS\OneDrive\知识库\智库信息爬虫\国际主要科技智库观点演变_研判\03_证据底稿\文本\C-STEPI-A0201-1096.txt,https://www.stepi.re.kr/site/stepiko/report/View.do?reIdx=1096,官方PDF已保存并校验
科技前瞻与未来社会,科技创新政策与能力基线,C-STEPI-A0201-1096,2023-12-31,W3,기술규제 개혁을 위한 의제설정 연구사업(7차년도),机构正式研究,C:\Users\WINDOWS\OneDrive\知识库\智库信息爬虫\国际主要科技智库观点演变_研判\03_证据底稿\原文PDF\C-STEPI-A0201-1096.pdf,C:\Users\WINDOWS\OneDrive\知识库\智库信息爬虫\国际主要科技智库观点演变_研判\03_证据底稿\文本\C-STEPI-A0201-1096.txt,https://www.stepi.re.kr/site/stepiko/report/View.do?reIdx=1096,官方PDF已保存并校验
人工智能、数据与数字技术,科技创新政策与能力基线,C-STEPI-A0201-1097,2023-12-31,W3,스마트 생산 열린혁신랩 운영 및 연구사업(4차년도),机构正式研究,C:\Users\WINDOWS\OneDrive\知识库\智库信息爬虫\国际主要科技智库观点演变_研判\03_证据底稿\原文PDF\C-STEPI-A0201-1097.pdf,C:\Users\WINDOWS\OneDrive\知识库\智库信息爬虫\国际主要科技智库观点演变_研判\03_证据底稿\文本\C-STEPI-A0201-1097.txt,https://www.stepi.re.kr/site/stepiko/report/View.do?reIdx=1097,官方PDF已保存并校验
科研体系、研发投入与评价,科技创新政策与能力基线,C-STEPI-A0201-1097,2023-12-31,W3,스마트 생산 열린혁신랩 운영 및 연구사업(4차년도),机构正式研究,C:\Users\WINDOWS\OneDrive\知识库\智库信息爬虫\国际主要科技智库观点演变_研判\03_证据底稿\原文PDF\C-STEPI-A0201-1097.pdf,C:\Users\WINDOWS\OneDrive\知识库\智库信息爬虫\国际主要科技智库观点演变_研判\03_证据底稿\文本\C-STEPI-A0201-1097.txt,https://www.stepi.re.kr/site/stepiko/report/View.do?reIdx=1097,官方PDF已保存并校验
科技人才、大学与知识流动,科技创新政策与能力基线,C-STEPI-A0201-1097,2023-12-31,W3,스마트 생산 열린혁신랩 운영 및 연구사업(4차년도),机构正式研究,C:\Users\WINDOWS\OneDrive\知识库\智库信息爬虫\国际主要科技智库观点演变_研判\03_证据底稿\原文PDF\C-STEPI-A0201-1097.pdf,C:\Users\WINDOWS\OneDrive\知识库\智库信息爬虫\国际主要科技智库观点演变_研判\03_证据底稿\文本\C-STEPI-A0201-1097.txt,https://www.stepi.re.kr/site/stepiko/report/View.do?reIdx=1097,官方PDF已保存并校验
产业创新、创业与区域体系,科技创新政策与能力基线,C-STEPI-A0201-1097,2023-12-31,W3,스마트 생산 열린혁신랩 운영 및 연구사업(4차년도),机构正式研究,C:\Users\WINDOWS\OneDrive\知识库\智库信息爬虫\国际主要科技智库观点演变_研判\03_证据底稿\原文PDF\C-STEPI-A0201-1097.pdf,C:\Users\WINDOWS\OneDrive\知识库\智库信息爬虫\国际主要科技智库观点演变_研判\03_证据底稿\文本\C-STEPI-A0201-1097.txt,https://www.stepi.re.kr/site/stepiko/report/View.do?reIdx=1097,官方PDF已保存并校验
科技前瞻与未来社会,科技创新政策与能力基线,C-STEPI-A0201-1097,2023-12-31,W3,스마트 생산 열린혁신랩 운영 및 연구사업(4차년도),机构正式研究,C:\Users\WINDOWS\OneDrive\知识库\智库信息爬虫\国际主要科技智库观点演变_研判\03_证据底稿\原文PDF\C-STEPI-A0201-1097.pdf,C:\Users\WINDOWS\OneDrive\知识库\智库信息爬虫\国际主要科技智库观点演变_研判\03_证据底稿\文本\C-STEPI-A0201-1097.txt,https://www.stepi.re.kr/site/stepiko/report/View.do?reIdx=1097,官方PDF已保存并校验
人工智能、数据与数字技术,科技创新政策与能力基线,C-STEPI-A0201-1098,2023-12-31,W3,스마트 생산 열린혁신랩 운영 및 연구사업(4차년도 활동보고서),机构正式研究,C:\Users\WINDOWS\OneDrive\知识库\智库信息爬虫\国际主要科技智库观点演变_研判\03_证据底稿\原文PDF\C-STEPI-A0201-1098.pdf,C:\Users\WINDOWS\OneDrive\知识库\智库信息爬虫\国际主要科技智库观点演变_研判\03_证据底稿\文本\C-STEPI-A0201-1098.txt,https://www.stepi.re.kr/site/stepiko/report/View.do?reIdx=1098,官方PDF已保存并校验
能源、气候与绿色转型,科技创新政策与能力基线,C-STEPI-A0201-1098,2023-12-31,W3,스마트 생산 열린혁신랩 운영 및 연구사업(4차년도 활동보고서),机构正式研究,C:\Users\WINDOWS\OneDrive\知识库\智库信息爬虫\国际主要科技智库观点演变_研判\03_证据底稿\原文PDF\C-STEPI-A0201-1098.pdf,C:\Users\WINDOWS\OneDrive\知识库\智库信息爬虫\国际主要科技智库观点演变_研判\03_证据底稿\文本\C-STEPI-A0201-1098.txt,https://www.stepi.re.kr/site/stepiko/report/View.do?reIdx=1098,官方PDF已保存并校验
科研体系、研发投入与评价,科技创新政策与能力基线,C-STEPI-A0201-1098,2023-12-31,W3,스마트 생산 열린혁신랩 운영 및 연구사업(4차년도 활동보고서),机构正式研究,C:\Users\WINDOWS\OneDrive\知识库\智库信息爬虫\国际主要科技智库观点演变_研判\03_证据底稿\原文PDF\C-STEPI-A0201-1098.pdf,C:\Users\WINDOWS\OneDrive\知识库\智库信息爬虫\国际主要科技智库观点演变_研判\03_证据底稿\文本\C-STEPI-A0201-1098.txt,https://www.stepi.re.kr/site/stepiko/report/View.do?reIdx=1098,官方PDF已保存并校验
科技人才、大学与知识流动,科技创新政策与能力基线,C-STEPI-A0201-1098,2023-12-31,W3,스마트 생산 열린혁신랩 운영 및 연구사업(4차년도 활동보고서),机构正式研究,C:\Users\WINDOWS\OneDrive\知识库\智库信息爬虫\国际主要科技智库观点演变_研判\03_证据底稿\原文PDF\C-STEPI-A0201-1098.pdf,C:\Users\WINDOWS\OneDrive\知识库\智库信息爬虫\国际主要科技智库观点演变_研判\03_证据底稿\文本\C-STEPI-A0201-1098.txt,https://www.stepi.re.kr/site/stepiko/report/View.do?reIdx=1098,官方PDF已保存并校验
产业创新、创业与区域体系,科技创新政策与能力基线,C-STEPI-A0201-1098,2023-12-31,W3,스마트 생산 열린혁신랩 운영 및 연구사업(4차년도 활동보고서),机构正式研究,C:\Users\WINDOWS\OneDrive\知识库\智库信息爬虫\国际主要科技智库观点演变_研判\03_证据底稿\原文PDF\C-STEPI-A0201-1098.pdf,C:\Users\WINDOWS\OneDrive\知识库\智库信息爬虫\国际主要科技智库观点演变_研判\03_证据底稿\文本\C-STEPI-A0201-1098.txt,https://www.stepi.re.kr/site/stepiko/report/View.do?reIdx=1098,官方PDF已保存并校验
技术安全、供应链与国际合作,科技创新政策与能力基线,C-STEPI-A0201-1098,2023-12-31,W3,스마트 생산 열린혁신랩 운영 및 연구사업(4차년도 활동보고서),机构正式研究,C:\Users\WINDOWS\OneDrive\知识库\智库信息爬虫\国际主要科技智库观点演变_研判\03_证据底稿\原文PDF\C-STEPI-A0201-1098.pdf,C:\Users\WINDOWS\OneDrive\知识库\智库信息爬虫\国际主要科技智库观点演变_研判\03_证据底稿\文本\C-STEPI-A0201-1098.txt,https://www.stepi.re.kr/site/stepiko/report/View.do?reIdx=1098,官方PDF已保存并校验
科技前瞻与未来社会,科技创新政策与能力基线,C-STEPI-A0201-1098,2023-12-31,W3,스마트 생산 열린혁신랩 운영 및 연구사업(4차년도 활동보고서),机构正式研究,C:\Users\WINDOWS\OneDrive\知识库\智库信息爬虫\国际主要科技智库观点演变_研判\03_证据底稿\原文PDF\C-STEPI-A0201-1098.pdf,C:\Users\WINDOWS\OneDrive\知识库\智库信息爬虫\国际主要科技智库观点演变_研判\03_证据底稿\文本\C-STEPI-A0201-1098.txt,https://www.stepi.re.kr/site/stepiko/report/View.do?reIdx=1098,官方PDF已保存并校验
人工智能、数据与数字技术,科技创新政策与能力基线,C-STEPI-A0201-1099,2023-12-31,W3,글로벌 기술-통상 패러다임 변화에 따른 혁신정책 대응 전략(3차년도),机构正式研究,C:\Users\WINDOWS\OneDrive\知识库\智库信息爬虫\国际主要科技智库观点演变_研判\03_证据底稿\原文PDF\C-STEPI-A0201-1099.pdf,C:\Users\WINDOWS\OneDrive\知识库\智库信息爬虫\国际主要科技智库观点演变_研判\03_证据底稿\文本\C-STEPI-A0201-1099.txt,https://www.stepi.re.kr/site/stepiko/report/View.do?reIdx=1099,官方PDF已保存并校验
半导体、量子与战略技术,科技创新政策与能力基线,C-STEPI-A0201-1099,2023-12-31,W3,글로벌 기술-통상 패러다임 변화에 따른 혁신정책 대응 전략(3차년도),机构正式研究,C:\Users\WINDOWS\OneDrive\知识库\智库信息爬虫\国际主要科技智库观点演变_研判\03_证据底稿\原文PDF\C-STEPI-A0201-1099.pdf,C:\Users\WINDOWS\OneDrive\知识库\智库信息爬虫\国际主要科技智库观点演变_研判\03_证据底稿\文本\C-STEPI-A0201-1099.txt,https://www.stepi.re.kr/site/stepiko/report/View.do?reIdx=1099,官方PDF已保存并校验
能源、气候与绿色转型,科技创新政策与能力基线,C-STEPI-A0201-1099,2023-12-31,W3,글로벌 기술-통상 패러다임 변화에 따른 혁신정책 대응 전략(3차년도),机构正式研究,C:\Users\WINDOWS\OneDrive\知识库\智库信息爬虫\国际主要科技智库观点演变_研判\03_证据底稿\原文PDF\C-STEPI-A0201-1099.pdf,C:\Users\WINDOWS\OneDrive\知识库\智库信息爬虫\国际主要科技智库观点演变_研判\03_证据底稿\文本\C-STEPI-A0201-1099.txt,https://www.stepi.re.kr/site/stepiko/report/View.do?reIdx=1099,官方PDF已保存并校验
科研体系、研发投入与评价,科技创新政策与能力基线,C-STEPI-A0201-1099,2023-12-31,W3,글로벌 기술-통상 패러다임 변화에 따른 혁신정책 대응 전략(3차년도),机构正式研究,C:\Users\WINDOWS\OneDrive\知识库\智库信息爬虫\国际主要科技智库观点演变_研判\03_证据底稿\原文PDF\C-STEPI-A0201-1099.pdf,C:\Users\WINDOWS\OneDrive\知识库\智库信息爬虫\国际主要科技智库观点演变_研判\03_证据底稿\文本\C-STEPI-A0201-1099.txt,https://www.stepi.re.kr/site/stepiko/report/View.do?reIdx=1099,官方PDF已保存并校验
科技人才、大学与知识流动,科技创新政策与能力基线,C-STEPI-A0201-1099,2023-12-31,W3,글로벌 기술-통상 패러다임 변화에 따른 혁신정책 대응 전략(3차년도),机构正式研究,C:\Users\WINDOWS\OneDrive\知识库\智库信息爬虫\国际主要科技智库观点演变_研判\03_证据底稿\原文PDF\C-STEPI-A0201-1099.pdf,C:\Users\WINDOWS\OneDrive\知识库\智库信息爬虫\国际主要科技智库观点演变_研判\03_证据底稿\文本\C-STEPI-A0201-1099.txt,https://www.stepi.re.kr/site/stepiko/report/View.do?reIdx=1099,官方PDF已保存并校验
产业创新、创业与区域体系,科技创新政策与能力基线,C-STEPI-A0201-1099,2023-12-31,W3,글로벌 기술-통상 패러다임 변화에 따른 혁신정책 대응 전략(3차년도),机构正式研究,C:\Users\WINDOWS\OneDrive\知识库\智库信息爬虫\国际主要科技智库观点演变_研判\03_证据底稿\原文PDF\C-STEPI-A0201-1099.pdf,C:\Users\WINDOWS\OneDrive\知识库\智库信息爬虫\国际主要科技智库观点演变_研判\03_证据底稿\文本\C-STEPI-A0201-1099.txt,https://www.stepi.re.kr/site/stepiko/report/View.do?reIdx=1099,官方PDF已保存并校验
技术安全、供应链与国际合作,科技创新政策与能力基线,C-STEPI-A0201-1099,2023-12-31,W3,글로벌 기술-통상 패러다임 변화에 따른 혁신정책 대응 전략(3차년도),机构正式研究,C:\Users\WINDOWS\OneDrive\知识库\智库信息爬虫\国际主要科技智库观点演变_研判\03_证据底稿\原文PDF\C-STEPI-A0201-1099.pdf,C:\Users\WINDOWS\OneDrive\知识库\智库信息爬虫\国际主要科技智库观点演变_研判\03_证据底稿\文本\C-STEPI-A0201-1099.txt,https://www.stepi.re.kr/site/stepiko/report/View.do?reIdx=1099,官方PDF已保存并校验
科技前瞻与未来社会,科技创新政策与能力基线,C-STEPI-A0201-1099,2023-12-31,W3,글로벌 기술-통상 패러다임 변화에 따른 혁신정책 대응 전략(3차년도),机构正式研究,C:\Users\WINDOWS\OneDrive\知识库\智库信息爬虫\国际主要科技智库观点演变_研判\03_证据底稿\原文PDF\C-STEPI-A0201-1099.pdf,C:\Users\WINDOWS\OneDrive\知识库\智库信息爬虫\国际主要科技智库观点演变_研判\03_证据底稿\文本\C-STEPI-A0201-1099.txt,https://www.stepi.re.kr/site/stepiko/report/View.do?reIdx=1099,官方PDF已保存并校验
科研体系、研发投入与评价,科技创新政策与能力基线,C-STEPI-A0201-1100,2023-12-31,W3,‘도전과 혁신 중심’ 국가과학기술정책 이행점검체계 구축사업(3차년도),机构正式研究,C:\Users\WINDOWS\OneDrive\知识库\智库信息爬虫\国际主要科技智库观点演变_研判\03_证据底稿\原文PDF\C-STEPI-A0201-1100.pdf,C:\Users\WINDOWS\OneDrive\知识库\智库信息爬虫\国际主要科技智库观点演变_研判\03_证据底稿\文本\C-STEPI-A0201-1100.txt,https://www.stepi.re.kr/site/stepiko/report/View.do?reIdx=1100,官方PDF已保存并校验
科技人才、大学与知识流动,科技创新政策与能力基线,C-STEPI-A0201-1100,2023-12-31,W3,‘도전과 혁신 중심’ 국가과학기술정책 이행점검체계 구축사업(3차년도),机构正式研究,C:\Users\WINDOWS\OneDrive\知识库\智库信息爬虫\国际主要科技智库观点演变_研判\03_证据底稿\原文PDF\C-STEPI-A0201-1100.pdf,C:\Users\WINDOWS\OneDrive\知识库\智库信息爬虫\国际主要科技智库观点演变_研判\03_证据底稿\文本\C-STEPI-A0201-1100.txt,https://www.stepi.re.kr/site/stepiko/report/View.do?reIdx=1100,官方PDF已保存并校验
产业创新、创业与区域体系,科技创新政策与能力基线,C-STEPI-A0201-1100,2023-12-31,W3,‘도전과 혁신 중심’ 국가과학기술정책 이행점검체계 구축사업(3차년도),机构正式研究,C:\Users\WINDOWS\OneDrive\知识库\智库信息爬虫\国际主要科技智库观点演变_研判\03_证据底稿\原文PDF\C-STEPI-A0201-1100.pdf,C:\Users\WINDOWS\OneDrive\知识库\智库信息爬虫\国际主要科技智库观点演变_研判\03_证据底稿\文本\C-STEPI-A0201-1100.txt,https://www.stepi.re.kr/site/stepiko/report/View.do?reIdx=1100,官方PDF已保存并校验
科技前瞻与未来社会,科技创新政策与能力基线,C-STEPI-A0201-1100,2023-12-31,W3,‘도전과 혁신 중심’ 국가과학기술정책 이행점검체계 구축사업(3차년도),机构正式研究,C:\Users\WINDOWS\OneDrive\知识库\智库信息爬虫\国际主要科技智库观点演变_研判\03_证据底稿\原文PDF\C-STEPI-A0201-1100.pdf,C:\Users\WINDOWS\OneDrive\知识库\智库信息爬虫\国际主要科技智库观点演变_研判\03_证据底稿\文本\C-STEPI-A0201-1100.txt,https://www.stepi.re.kr/site/stepiko/report/View.do?reIdx=1100,官方PDF已保存并校验
中国科技与国际比较,核心科技直接材料,C-STEPI-A0201-1101,2023-12-31,W3,新안보시대 전략기술 진단·분석체계 연구,机构正式研究,C:\Users\WINDOWS\OneDrive\知识库\智库信息爬虫\国际主要科技智库观点演变_研判\03_证据底稿\原文PDF\C-STEPI-A0201-1101.pdf,C:\Users\WINDOWS\OneDrive\知识库\智库信息爬虫\国际主要科技智库观点演变_研判\03_证据底稿\文本\C-STEPI-A0201-1101.txt,https://www.stepi.re.kr/site/stepiko/report/View.do?reIdx=1101,官方PDF已保存并校验
人工智能、数据与数字技术,核心科技直接材料,C-STEPI-A0201-1101,2023-12-31,W3,新안보시대 전략기술 진단·분석체계 연구,机构正式研究,C:\Users\WINDOWS\OneDrive\知识库\智库信息爬虫\国际主要科技智库观点演变_研判\03_证据底稿\原文PDF\C-STEPI-A0201-1101.pdf,C:\Users\WINDOWS\OneDrive\知识库\智库信息爬虫\国际主要科技智库观点演变_研判\03_证据底稿\文本\C-STEPI-A0201-1101.txt,https://www.stepi.re.kr/site/stepiko/report/View.do?reIdx=1101,官方PDF已保存并校验
半导体、量子与战略技术,核心科技直接材料,C-STEPI-A0201-1101,2023-12-31,W3,新안보시대 전략기술 진단·분석체계 연구,机构正式研究,C:\Users\WINDOWS\OneDrive\知识库\智库信息爬虫\国际主要科技智库观点演变_研判\03_证据底稿\原文PDF\C-STEPI-A0201-1101.pdf,C:\Users\WINDOWS\OneDrive\知识库\智库信息爬虫\国际主要科技智库观点演变_研判\03_证据底稿\文本\C-STEPI-A0201-1101.txt,https://www.stepi.re.kr/site/stepiko/report/View.do?reIdx=1101,官方PDF已保存并校验
生命科学、生物技术与健康,核心科技直接材料,C-STEPI-A0201-1101,2023-12-31,W3,新안보시대 전략기술 진단·분석체계 연구,机构正式研究,C:\Users\WINDOWS\OneDrive\知识库\智库信息爬虫\国际主要科技智库观点演变_研判\03_证据底稿\原文PDF\C-STEPI-A0201-1101.pdf,C:\Users\WINDOWS\OneDrive\知识库\智库信息爬虫\国际主要科技智库观点演变_研判\03_证据底稿\文本\C-STEPI-A0201-1101.txt,https://www.stepi.re.kr/site/stepiko/report/View.do?reIdx=1101,官方PDF已保存并校验
科研体系、研发投入与评价,核心科技直接材料,C-STEPI-A0201-1101,2023-12-31,W3,新안보시대 전략기술 진단·분석체계 연구,机构正式研究,C:\Users\WINDOWS\OneDrive\知识库\智库信息爬虫\国际主要科技智库观点演变_研判\03_证据底稿\原文PDF\C-STEPI-A0201-1101.pdf,C:\Users\WINDOWS\OneDrive\知识库\智库信息爬虫\国际主要科技智库观点演变_研判\03_证据底稿\文本\C-STEPI-A0201-1101.txt,https://www.stepi.re.kr/site/stepiko/report/View.do?reIdx=1101,官方PDF已保存并校验
产业创新、创业与区域体系,核心科技直接材料,C-STEPI-A0201-1101,2023-12-31,W3,新안보시대 전략기술 진단·분석체계 연구,机构正式研究,C:\Users\WINDOWS\OneDrive\知识库\智库信息爬虫\国际主要科技智库观点演变_研判\03_证据底稿\原文PDF\C-STEPI-A0201-1101.pdf,C:\Users\WINDOWS\OneDrive\知识库\智库信息爬虫\国际主要科技智库观点演变_研判\03_证据底稿\文本\C-STEPI-A0201-1101.txt,https://www.stepi.re.kr/site/stepiko/report/View.do?reIdx=1101,官方PDF已保存并校验
技术安全、供应链与国际合作,核心科技直接材料,C-STEPI-A0201-1101,2023-12-31,W3,新안보시대 전략기술 진단·분석체계 연구,机构正式研究,C:\Users\WINDOWS\OneDrive\知识库\智库信息爬虫\国际主要科技智库观点演变_研判\03_证据底稿\原文PDF\C-STEPI-A0201-1101.pdf,C:\Users\WINDOWS\OneDrive\知识库\智库信息爬虫\国际主要科技智库观点演变_研判\03_证据底稿\文本\C-STEPI-A0201-1101.txt,https://www.stepi.re.kr/site/stepiko/report/View.do?reIdx=1101,官方PDF已保存并校验
科技前瞻与未来社会,核心科技直接材料,C-STEPI-A0201-1101,2023-12-31,W3,新안보시대 전략기술 진단·분석체계 연구,机构正式研究,C:\Users\WINDOWS\OneDrive\知识库\智库信息爬虫\国际主要科技智库观点演变_研判\03_证据底稿\原文PDF\C-STEPI-A0201-1101.pdf,C:\Users\WINDOWS\OneDrive\知识库\智库信息爬虫\国际主要科技智库观点演变_研判\03_证据底稿\文本\C-STEPI-A0201-1101.txt,https://www.stepi.re.kr/site/stepiko/report/View.do?reIdx=1101,官方PDF已保存并校验
科研体系、研发投入与评价,科技创新政策与能力基线,C-STEPI-A0201-1102,2023-12-31,W3,2023년도 국제기술혁신협력사업 (K-Innovation Partnership Program),机构正式研究,C:\Users\WINDOWS\OneDrive\知识库\智库信息爬虫\国际主要科技智库观点演变_研判\03_证据底稿\原文PDF\C-STEPI-A0201-1102.pdf,C:\Users\WINDOWS\OneDrive\知识库\智库信息爬虫\国际主要科技智库观点演变_研判\03_证据底稿\文本\C-STEPI-A0201-1102.txt,https://www.stepi.re.kr/site/stepiko/report/View.do?reIdx=1102,官方PDF已保存并校验
产业创新、创业与区域体系,科技创新政策与能力基线,C-STEPI-A0201-1102,2023-12-31,W3,2023년도 국제기술혁신협력사업 (K-Innovation Partnership Program),机构正式研究,C:\Users\WINDOWS\OneDrive\知识库\智库信息爬虫\国际主要科技智库观点演变_研判\03_证据底稿\原文PDF\C-STEPI-A0201-1102.pdf,C:\Users\WINDOWS\OneDrive\知识库\智库信息爬虫\国际主要科技智库观点演变_研判\03_证据底稿\文本\C-STEPI-A0201-1102.txt,https://www.stepi.re.kr/site/stepiko/report/View.do?reIdx=1102,官方PDF已保存并校验
科技前瞻与未来社会,科技创新政策与能力基线,C-STEPI-A0201-1102,2023-12-31,W3,2023년도 국제기술혁신협력사업 (K-Innovation Partnership Program),机构正式研究,C:\Users\WINDOWS\OneDrive\知识库\智库信息爬虫\国际主要科技智库观点演变_研判\03_证据底稿\原文PDF\C-STEPI-A0201-1102.pdf,C:\Users\WINDOWS\OneDrive\知识库\智库信息爬虫\国际主要科技智库观点演变_研判\03_证据底稿\文本\C-STEPI-A0201-1102.txt,https://www.stepi.re.kr/site/stepiko/report/View.do?reIdx=1102,官方PDF已保存并校验
中国科技与国际比较,核心科技直接材料,C-STEPI-A0201-1103,2023-12-31,W3,합성생물학 산업생태계 형성과 기술 거버넌스 연구,机构正式研究,C:\Users\WINDOWS\OneDrive\知识库\智库信息爬虫\国际主要科技智库观点演变_研判\03_证据底稿\原文PDF\C-STEPI-A0201-1103.pdf,C:\Users\WINDOWS\OneDrive\知识库\智库信息爬虫\国际主要科技智库观点演变_研判\03_证据底稿\文本\C-STEPI-A0201-1103.txt,https://www.stepi.re.kr/site/stepiko/report/View.do?reIdx=1103,官方PDF已保存并校验
生命科学、生物技术与健康,核心科技直接材料,C-STEPI-A0201-1103,2023-12-31,W3,합성생물학 산업생태계 형성과 기술 거버넌스 연구,机构正式研究,C:\Users\WINDOWS\OneDrive\知识库\智库信息爬虫\国际主要科技智库观点演变_研判\03_证据底稿\原文PDF\C-STEPI-A0201-1103.pdf,C:\Users\WINDOWS\OneDrive\知识库\智库信息爬虫\国际主要科技智库观点演变_研判\03_证据底稿\文本\C-STEPI-A0201-1103.txt,https://www.stepi.re.kr/site/stepiko/report/View.do?reIdx=1103,官方PDF已保存并校验
科研体系、研发投入与评价,核心科技直接材料,C-STEPI-A0201-1103,2023-12-31,W3,합성생물학 산업생태계 형성과 기술 거버넌스 연구,机构正式研究,C:\Users\WINDOWS\OneDrive\知识库\智库信息爬虫\国际主要科技智库观点演变_研判\03_证据底稿\原文PDF\C-STEPI-A0201-1103.pdf,C:\Users\WINDOWS\OneDrive\知识库\智库信息爬虫\国际主要科技智库观点演变_研判\03_证据底稿\文本\C-STEPI-A0201-1103.txt,https://www.stepi.re.kr/site/stepiko/report/View.do?reIdx=1103,官方PDF已保存并校验
产业创新、创业与区域体系,核心科技直接材料,C-STEPI-A0201-1103,2023-12-31,W3,합성생물학 산업생태계 형성과 기술 거버넌스 연구,机构正式研究,C:\Users\WINDOWS\OneDrive\知识库\智库信息爬虫\国际主要科技智库观点演变_研判\03_证据底稿\原文PDF\C-STEPI-A0201-1103.pdf,C:\Users\WINDOWS\OneDrive\知识库\智库信息爬虫\国际主要科技智库观点演变_研判\03_证据底稿\文本\C-STEPI-A0201-1103.txt,https://www.stepi.re.kr/site/stepiko/report/View.do?reIdx=1103,官方PDF已保存并校验
技术安全、供应链与国际合作,核心科技直接材料,C-STEPI-A0201-1103,2023-12-31,W3,합성생물학 산업생태계 형성과 기술 거버넌스 연구,机构正式研究,C:\Users\WINDOWS\OneDrive\知识库\智库信息爬虫\国际主要科技智库观点演变_研判\03_证据底稿\原文PDF\C-STEPI-A0201-1103.pdf,C:\Users\WINDOWS\OneDrive\知识库\智库信息爬虫\国际主要科技智库观点演变_研判\03_证据底稿\文本\C-STEPI-A0201-1103.txt,https://www.stepi.re.kr/site/stepiko/report/View.do?reIdx=1103,官方PDF已保存并校验
科技前瞻与未来社会,核心科技直接材料,C-STEPI-A0201-1103,2023-12-31,W3,합성생물학 산업생태계 형성과 기술 거버넌스 연구,机构正式研究,C:\Users\WINDOWS\OneDrive\知识库\智库信息爬虫\国际主要科技智库观点演变_研判\03_证据底稿\原文PDF\C-STEPI-A0201-1103.pdf,C:\Users\WINDOWS\OneDrive\知识库\智库信息爬虫\国际主要科技智库观点演变_研判\03_证据底稿\文本\C-STEPI-A0201-1103.txt,https://www.stepi.re.kr/site/stepiko/report/View.do?reIdx=1103,官方PDF已保存并校验
中国科技与国际比较,核心科技直接材料,C-STEPI-A0201-1104,2023-12-31,W3,우주경제 실현을 위한 민간주도 우주개발 가속화 방안,机构正式研究,C:\Users\WINDOWS\OneDrive\知识库\智库信息爬虫\国际主要科技智库观点演变_研判\03_证据底稿\原文PDF\C-STEPI-A0201-1104.pdf,C:\Users\WINDOWS\OneDrive\知识库\智库信息爬虫\国际主要科技智库观点演变_研判\03_证据底稿\文本\C-STEPI-A0201-1104.txt,https://www.stepi.re.kr/site/stepiko/report/View.do?reIdx=1104,官方PDF已保存并校验
科研体系、研发投入与评价,核心科技直接材料,C-STEPI-A0201-1104,2023-12-31,W3,우주경제 실현을 위한 민간주도 우주개발 가속화 방안,机构正式研究,C:\Users\WINDOWS\OneDrive\知识库\智库信息爬虫\国际主要科技智库观点演变_研判\03_证据底稿\原文PDF\C-STEPI-A0201-1104.pdf,C:\Users\WINDOWS\OneDrive\知识库\智库信息爬虫\国际主要科技智库观点演变_研判\03_证据底稿\文本\C-STEPI-A0201-1104.txt,https://www.stepi.re.kr/site/stepiko/report/View.do?reIdx=1104,官方PDF已保存并校验
产业创新、创业与区域体系,核心科技直接材料,C-STEPI-A0201-1104,2023-12-31,W3,우주경제 실현을 위한 민간주도 우주개발 가속화 방안,机构正式研究,C:\Users\WINDOWS\OneDrive\知识库\智库信息爬虫\国际主要科技智库观点演变_研判\03_证据底稿\原文PDF\C-STEPI-A0201-1104.pdf,C:\Users\WINDOWS\OneDrive\知识库\智库信息爬虫\国际主要科技智库观点演变_研判\03_证据底稿\文本\C-STEPI-A0201-1104.txt,https://www.stepi.re.kr/site/stepiko/report/View.do?reIdx=1104,官方PDF已保存并校验
技术安全、供应链与国际合作,核心科技直接材料,C-STEPI-A0201-1104,2023-12-31,W3,우주경제 실현을 위한 민간주도 우주개발 가속화 방안,机构正式研究,C:\Users\WINDOWS\OneDrive\知识库\智库信息爬虫\国际主要科技智库观点演变_研判\03_证据底稿\原文PDF\C-STEPI-A0201-1104.pdf,C:\Users\WINDOWS\OneDrive\知识库\智库信息爬虫\国际主要科技智库观点演变_研判\03_证据底稿\文本\C-STEPI-A0201-1104.txt,https://www.stepi.re.kr/site/stepiko/report/View.do?reIdx=1104,官方PDF已保存并校验
科研体系、研发投入与评价,科技创新政策与能力基线,C-STEPI-A0201-1105,2023-12-31,W3,산업체 여성과학기술인력 누수현황 분석 및 지원방향 도출,机构正式研究,C:\Users\WINDOWS\OneDrive\知识库\智库信息爬虫\国际主要科技智库观点演变_研判\03_证据底稿\原文PDF\C-STEPI-A0201-1105.pdf,C:\Users\WINDOWS\OneDrive\知识库\智库信息爬虫\国际主要科技智库观点演变_研判\03_证据底稿\文本\C-STEPI-A0201-1105.txt,https://www.stepi.re.kr/site/stepiko/report/View.do?reIdx=1105,官方PDF已保存并校验
科技人才、大学与知识流动,科技创新政策与能力基线,C-STEPI-A0201-1105,2023-12-31,W3,산업체 여성과학기술인력 누수현황 분석 및 지원방향 도출,机构正式研究,C:\Users\WINDOWS\OneDrive\知识库\智库信息爬虫\国际主要科技智库观点演变_研判\03_证据底稿\原文PDF\C-STEPI-A0201-1105.pdf,C:\Users\WINDOWS\OneDrive\知识库\智库信息爬虫\国际主要科技智库观点演变_研判\03_证据底稿\文本\C-STEPI-A0201-1105.txt,https://www.stepi.re.kr/site/stepiko/report/View.do?reIdx=1105,官方PDF已保存并校验
产业创新、创业与区域体系,科技创新政策与能力基线,C-STEPI-A0201-1105,2023-12-31,W3,산업체 여성과학기술인력 누수현황 분석 및 지원방향 도출,机构正式研究,C:\Users\WINDOWS\OneDrive\知识库\智库信息爬虫\国际主要科技智库观点演变_研判\03_证据底稿\原文PDF\C-STEPI-A0201-1105.pdf,C:\Users\WINDOWS\OneDrive\知识库\智库信息爬虫\国际主要科技智库观点演变_研判\03_证据底稿\文本\C-STEPI-A0201-1105.txt,https://www.stepi.re.kr/site/stepiko/report/View.do?reIdx=1105,官方PDF已保存并校验
科技前瞻与未来社会,科技创新政策与能力基线,C-STEPI-A0201-1105,2023-12-31,W3,산업체 여성과학기술인력 누수현황 분석 및 지원방향 도출,机构正式研究,C:\Users\WINDOWS\OneDrive\知识库\智库信息爬虫\国际主要科技智库观点演变_研判\03_证据底稿\原文PDF\C-STEPI-A0201-1105.pdf,C:\Users\WINDOWS\OneDrive\知识库\智库信息爬虫\国际主要科技智库观点演变_研判\03_证据底稿\文本\C-STEPI-A0201-1105.txt,https://www.stepi.re.kr/site/stepiko/report/View.do?reIdx=1105,官方PDF已保存并校验
科研体系、研发投入与评价,科技创新政策与能力基线,C-STEPI-A0201-1106,2023-12-31,W3,푸드테크 산업의 혁신 패턴 분석 및 정책적 이슈 발굴,机构正式研究,C:\Users\WINDOWS\OneDrive\知识库\智库信息爬虫\国际主要科技智库观点演变_研判\03_证据底稿\原文PDF\C-STEPI-A0201-1106.pdf,C:\Users\WINDOWS\OneDrive\知识库\智库信息爬虫\国际主要科技智库观点演变_研判\03_证据底稿\文本\C-STEPI-A0201-1106.txt,https://www.stepi.re.kr/site/stepiko/report/View.do?reIdx=1106,官方PDF已保存并校验
产业创新、创业与区域体系,科技创新政策与能力基线,C-STEPI-A0201-1106,2023-12-31,W3,푸드테크 산업의 혁신 패턴 분석 및 정책적 이슈 발굴,机构正式研究,C:\Users\WINDOWS\OneDrive\知识库\智库信息爬虫\国际主要科技智库观点演变_研判\03_证据底稿\原文PDF\C-STEPI-A0201-1106.pdf,C:\Users\WINDOWS\OneDrive\知识库\智库信息爬虫\国际主要科技智库观点演变_研判\03_证据底稿\文本\C-STEPI-A0201-1106.txt,https://www.stepi.re.kr/site/stepiko/report/View.do?reIdx=1106,官方PDF已保存并校验
科技前瞻与未来社会,科技创新政策与能力基线,C-STEPI-A0201-1106,2023-12-31,W3,푸드테크 산업의 혁신 패턴 분석 및 정책적 이슈 발굴,机构正式研究,C:\Users\WINDOWS\OneDrive\知识库\智库信息爬虫\国际主要科技智库观点演变_研判\03_证据底稿\原文PDF\C-STEPI-A0201-1106.pdf,C:\Users\WINDOWS\OneDrive\知识库\智库信息爬虫\国际主要科技智库观点演变_研判\03_证据底稿\文本\C-STEPI-A0201-1106.txt,https://www.stepi.re.kr/site/stepiko/report/View.do?reIdx=1106,官方PDF已保存并校验
科研体系、研发投入与评价,科技创新政策与能力基线,C-STEPI-A0201-1107,2023-11-30,W3,과학기술인력정책의 주요 전환과제 설정 및 과제별 현황진단,机构正式研究,C:\Users\WINDOWS\OneDrive\知识库\智库信息爬虫\国际主要科技智库观点演变_研判\03_证据底稿\原文PDF\C-STEPI-A0201-1107.pdf,C:\Users\WINDOWS\OneDrive\知识库\智库信息爬虫\国际主要科技智库观点演变_研判\03_证据底稿\文本\C-STEPI-A0201-1107.txt,https://www.stepi.re.kr/site/stepiko/report/View.do?reIdx=1107,官方PDF已保存并校验
科技人才、大学与知识流动,科技创新政策与能力基线,C-STEPI-A0201-1107,2023-11-30,W3,과학기술인력정책의 주요 전환과제 설정 및 과제별 현황진단,机构正式研究,C:\Users\WINDOWS\OneDrive\知识库\智库信息爬虫\国际主要科技智库观点演变_研判\03_证据底稿\原文PDF\C-STEPI-A0201-1107.pdf,C:\Users\WINDOWS\OneDrive\知识库\智库信息爬虫\国际主要科技智库观点演变_研判\03_证据底稿\文本\C-STEPI-A0201-1107.txt,https://www.stepi.re.kr/site/stepiko/report/View.do?reIdx=1107,官方PDF已保存并校验
产业创新、创业与区域体系,科技创新政策与能力基线,C-STEPI-A0201-1107,2023-11-30,W3,과학기술인력정책의 주요 전환과제 설정 및 과제별 현황진단,机构正式研究,C:\Users\WINDOWS\OneDrive\知识库\智库信息爬虫\国际主要科技智库观点演变_研判\03_证据底稿\原文PDF\C-STEPI-A0201-1107.pdf,C:\Users\WINDOWS\OneDrive\知识库\智库信息爬虫\国际主要科技智库观点演变_研判\03_证据底稿\文本\C-STEPI-A0201-1107.txt,https://www.stepi.re.kr/site/stepiko/report/View.do?reIdx=1107,官方PDF已保存并校验
科研体系、研发投入与评价,科技创新政策与能力基线,C-STEPI-A0201-1108,2023-12-31,W3,2023 K-Innovation Partnership Program with Ghana,机构正式研究,C:\Users\WINDOWS\OneDrive\知识库\智库信息爬虫\国际主要科技智库观点演变_研判\03_证据底稿\原文PDF\C-STEPI-A0201-1108.pdf,C:\Users\WINDOWS\OneDrive\知识库\智库信息爬虫\国际主要科技智库观点演变_研判\03_证据底稿\文本\C-STEPI-A0201-1108.txt,https://www.stepi.re.kr/site/stepiko/report/View.do?reIdx=1108,官方PDF已保存并校验
科研体系、研发投入与评价,科技创新政策与能力基线,C-STEPI-A0201-1109,2023-12-31,W3,2023 K-Innovation Partnership Program with Cambodia,机构正式研究,C:\Users\WINDOWS\OneDrive\知识库\智库信息爬虫\国际主要科技智库观点演变_研判\03_证据底稿\原文PDF\C-STEPI-A0201-1109.pdf,C:\Users\WINDOWS\OneDrive\知识库\智库信息爬虫\国际主要科技智库观点演变_研判\03_证据底稿\文本\C-STEPI-A0201-1109.txt,https://www.stepi.re.kr/site/stepiko/report/View.do?reIdx=1109,官方PDF已保存并校验
中国科技与国际比较,科技创新政策与能力基线,C-STEPI-A0201-1110,2023-12-31,W3,2023 K-Innovation Partnership Program with Azerbaijan,机构正式研究,C:\Users\WINDOWS\OneDrive\知识库\智库信息爬虫\国际主要科技智库观点演变_研判\03_证据底稿\原文PDF\C-STEPI-A0201-1110.pdf,C:\Users\WINDOWS\OneDrive\知识库\智库信息爬虫\国际主要科技智库观点演变_研判\03_证据底稿\文本\C-STEPI-A0201-1110.txt,https://www.stepi.re.kr/site/stepiko/report/View.do?reIdx=1110,官方PDF已保存并校验
科研体系、研发投入与评价,科技创新政策与能力基线,C-STEPI-A0201-1111,2023-12-31,W3,2023 K-Innovation Partnership Program with Indonesia,机构正式研究,C:\Users\WINDOWS\OneDrive\知识库\智库信息爬虫\国际主要科技智库观点演变_研判\03_证据底稿\原文PDF\C-STEPI-A0201-1111.pdf,C:\Users\WINDOWS\OneDrive\知识库\智库信息爬虫\国际主要科技智库观点演变_研判\03_证据底稿\文本\C-STEPI-A0201-1111.txt,https://www.stepi.re.kr/site/stepiko/report/View.do?reIdx=1111,官方PDF已保存并校验
科研体系、研发投入与评价,科技创新政策与能力基线,C-STEPI-A0201-1112,2023-12-31,W3,2023 K-Innovation Partnership Program with Peru,机构正式研究,C:\Users\WINDOWS\OneDrive\知识库\智库信息爬虫\国际主要科技智库观点演变_研判\03_证据底稿\原文PDF\C-STEPI-A0201-1112.pdf,C:\Users\WINDOWS\OneDrive\知识库\智库信息爬虫\国际主要科技智库观点演变_研判\03_证据底稿\文本\C-STEPI-A0201-1112.txt,https://www.stepi.re.kr/site/stepiko/report/View.do?reIdx=1112,官方PDF已保存并校验
科技前瞻与未来社会,科技创新政策与能力基线,C-STEPI-A0201-1112,2023-12-31,W3,2023 K-Innovation Partnership Program with Peru,机构正式研究,C:\Users\WINDOWS\OneDrive\知识库\智库信息爬虫\国际主要科技智库观点演变_研判\03_证据底稿\原文PDF\C-STEPI-A0201-1112.pdf,C:\Users\WINDOWS\OneDrive\知识库\智库信息爬虫\国际主要科技智库观点演变_研判\03_证据底稿\文本\C-STEPI-A0201-1112.txt,https://www.stepi.re.kr/site/stepiko/report/View.do?reIdx=1112,官方PDF已保存并校验
科研体系、研发投入与评价,科技创新政策与能力基线,C-STEPI-A0201-1113,2024-11-30,W3,NIS 개편 방안 연구 I : 국가과학기술혁신정책 조정체계의 구조적 재설계,机构正式研究,C:\Users\WINDOWS\OneDrive\知识库\智库信息爬虫\国际主要科技智库观点演变_研判\03_证据底稿\原文PDF\C-STEPI-A0201-1113.pdf,C:\Users\WINDOWS\OneDrive\知识库\智库信息爬虫\国际主要科技智库观点演变_研判\03_证据底稿\文本\C-STEPI-A0201-1113.txt,https://www.stepi.re.kr/site/stepiko/report/View.do?reIdx=1113,官方PDF已保存并校验
产业创新、创业与区域体系,科技创新政策与能力基线,C-STEPI-A0201-1113,2024-11-30,W3,NIS 개편 방안 연구 I : 국가과학기술혁신정책 조정체계의 구조적 재설계,机构正式研究,C:\Users\WINDOWS\OneDrive\知识库\智库信息爬虫\国际主要科技智库观点演变_研判\03_证据底稿\原文PDF\C-STEPI-A0201-1113.pdf,C:\Users\WINDOWS\OneDrive\知识库\智库信息爬虫\国际主要科技智库观点演变_研判\03_证据底稿\文本\C-STEPI-A0201-1113.txt,https://www.stepi.re.kr/site/stepiko/report/View.do?reIdx=1113,官方PDF已保存并校验
科技前瞻与未来社会,科技创新政策与能力基线,C-STEPI-A0201-1113,2024-11-30,W3,NIS 개편 방안 연구 I : 국가과학기술혁신정책 조정체계의 구조적 재설계,机构正式研究,C:\Users\WINDOWS\OneDrive\知识库\智库信息爬虫\国际主要科技智库观点演变_研判\03_证据底稿\原文PDF\C-STEPI-A0201-1113.pdf,C:\Users\WINDOWS\OneDrive\知识库\智库信息爬虫\国际主要科技智库观点演变_研判\03_证据底稿\文本\C-STEPI-A0201-1113.txt,https://www.stepi.re.kr/site/stepiko/report/View.do?reIdx=1113,官方PDF已保存并校验
人工智能、数据与数字技术,核心科技直接材料,C-STEPI-A0201-1114,2024-11-30,W3,데이터 주도 혁신의 정책 현안과 산업별 전략- 제조 및 헬스케어  분야를 중심으로,机构正式研究,C:\Users\WINDOWS\OneDrive\知识库\智库信息爬虫\国际主要科技智库观点演变_研判\03_证据底稿\原文PDF\C-STEPI-A0201-1114.pdf,C:\Users\WINDOWS\OneDrive\知识库\智库信息爬虫\国际主要科技智库观点演变_研判\03_证据底稿\文本\C-STEPI-A0201-1114.txt,https://www.stepi.re.kr/site/stepiko/report/View.do?reIdx=1114,官方PDF已保存并校验
生命科学、生物技术与健康,核心科技直接材料,C-STEPI-A0201-1114,2024-11-30,W3,데이터 주도 혁신의 정책 현안과 산업별 전략- 제조 및 헬스케어  분야를 중심으로,机构正式研究,C:\Users\WINDOWS\OneDrive\知识库\智库信息爬虫\国际主要科技智库观点演变_研判\03_证据底稿\原文PDF\C-STEPI-A0201-1114.pdf,C:\Users\WINDOWS\OneDrive\知识库\智库信息爬虫\国际主要科技智库观点演变_研判\03_证据底稿\文本\C-STEPI-A0201-1114.txt,https://www.stepi.re.kr/site/stepiko/report/View.do?reIdx=1114,官方PDF已保存并校验
科研体系、研发投入与评价,核心科技直接材料,C-STEPI-A0201-1114,2024-11-30,W3,데이터 주도 혁신의 정책 현안과 산업별 전략- 제조 및 헬스케어  분야를 중심으로,机构正式研究,C:\Users\WINDOWS\OneDrive\知识库\智库信息爬虫\国际主要科技智库观点演变_研判\03_证据底稿\原文PDF\C-STEPI-A0201-1114.pdf,C:\Users\WINDOWS\OneDrive\知识库\智库信息爬虫\国际主要科技智库观点演变_研判\03_证据底稿\文本\C-STEPI-A0201-1114.txt,https://www.stepi.re.kr/site/stepiko/report/View.do?reIdx=1114,官方PDF已保存并校验
产业创新、创业与区域体系,核心科技直接材料,C-STEPI-A0201-1114,2024-11-30,W3,데이터 주도 혁신의 정책 현안과 산업별 전략- 제조 및 헬스케어  분야를 중심으로,机构正式研究,C:\Users\WINDOWS\OneDrive\知识库\智库信息爬虫\国际主要科技智库观点演变_研判\03_证据底稿\原文PDF\C-STEPI-A0201-1114.pdf,C:\Users\WINDOWS\OneDrive\知识库\智库信息爬虫\国际主要科技智库观点演变_研判\03_证据底稿\文本\C-STEPI-A0201-1114.txt,https://www.stepi.re.kr/site/stepiko/report/View.do?reIdx=1114,官方PDF已保存并校验
科技前瞻与未来社会,核心科技直接材料,C-STEPI-A0201-1114,2024-11-30,W3,데이터 주도 혁신의 정책 현안과 산업별 전략- 제조 및 헬스케어  분야를 중심으로,机构正式研究,C:\Users\WINDOWS\OneDrive\知识库\智库信息爬虫\国际主要科技智库观点演变_研判\03_证据底稿\原文PDF\C-STEPI-A0201-1114.pdf,C:\Users\WINDOWS\OneDrive\知识库\智库信息爬虫\国际主要科技智库观点演变_研判\03_证据底稿\文本\C-STEPI-A0201-1114.txt,https://www.stepi.re.kr/site/stepiko/report/View.do?reIdx=1114,官方PDF已保存并校验
人工智能、数据与数字技术,核心科技直接材料,C-STEPI-A0201-1115,2024-11-30,W3,"한국의 인도·태평양 전략 이행을 위한 과학기술·디지털 협력방안 연구 - 오세아니아, 아프리카, 남아시아를 중심으로",机构正式研究,C:\Users\WINDOWS\OneDrive\知识库\智库信息爬虫\国际主要科技智库观点演变_研判\03_证据底稿\原文PDF\C-STEPI-A0201-1115.pdf,C:\Users\WINDOWS\OneDrive\知识库\智库信息爬虫\国际主要科技智库观点演变_研判\03_证据底稿\文本\C-STEPI-A0201-1115.txt,https://www.stepi.re.kr/site/stepiko/report/View.do?reIdx=1115,官方PDF已保存并校验
科研体系、研发投入与评价,核心科技直接材料,C-STEPI-A0201-1115,2024-11-30,W3,"한국의 인도·태평양 전략 이행을 위한 과학기술·디지털 협력방안 연구 - 오세아니아, 아프리카, 남아시아를 중심으로",机构正式研究,C:\Users\WINDOWS\OneDrive\知识库\智库信息爬虫\国际主要科技智库观点演变_研判\03_证据底稿\原文PDF\C-STEPI-A0201-1115.pdf,C:\Users\WINDOWS\OneDrive\知识库\智库信息爬虫\国际主要科技智库观点演变_研判\03_证据底稿\文本\C-STEPI-A0201-1115.txt,https://www.stepi.re.kr/site/stepiko/report/View.do?reIdx=1115,官方PDF已保存并校验
科技人才、大学与知识流动,核心科技直接材料,C-STEPI-A0201-1115,2024-11-30,W3,"한국의 인도·태평양 전략 이행을 위한 과학기술·디지털 협력방안 연구 - 오세아니아, 아프리카, 남아시아를 중심으로",机构正式研究,C:\Users\WINDOWS\OneDrive\知识库\智库信息爬虫\国际主要科技智库观点演变_研判\03_证据底稿\原文PDF\C-STEPI-A0201-1115.pdf,C:\Users\WINDOWS\OneDrive\知识库\智库信息爬虫\国际主要科技智库观点演变_研判\03_证据底稿\文本\C-STEPI-A0201-1115.txt,https://www.stepi.re.kr/site/stepiko/report/View.do?reIdx=1115,官方PDF已保存并校验
产业创新、创业与区域体系,核心科技直接材料,C-STEPI-A0201-1115,2024-11-30,W3,"한국의 인도·태평양 전략 이행을 위한 과학기술·디지털 협력방안 연구 - 오세아니아, 아프리카, 남아시아를 중심으로",机构正式研究,C:\Users\WINDOWS\OneDrive\知识库\智库信息爬虫\国际主要科技智库观点演变_研判\03_证据底稿\原文PDF\C-STEPI-A0201-1115.pdf,C:\Users\WINDOWS\OneDrive\知识库\智库信息爬虫\国际主要科技智库观点演变_研判\03_证据底稿\文本\C-STEPI-A0201-1115.txt,https://www.stepi.re.kr/site/stepiko/report/View.do?reIdx=1115,官方PDF已保存并校验
科技前瞻与未来社会,核心科技直接材料,C-STEPI-A0201-1115,2024-11-30,W3,"한국의 인도·태평양 전략 이행을 위한 과학기술·디지털 협력방안 연구 - 오세아니아, 아프리카, 남아시아를 중심으로",机构正式研究,C:\Users\WINDOWS\OneDrive\知识库\智库信息爬虫\国际主要科技智库观点演变_研判\03_证据底稿\原文PDF\C-STEPI-A0201-1115.pdf,C:\Users\WINDOWS\OneDrive\知识库\智库信息爬虫\国际主要科技智库观点演变_研判\03_证据底稿\文本\C-STEPI-A0201-1115.txt,https://www.stepi.re.kr/site/stepiko/report/View.do?reIdx=1115,官方PDF已保存并校验
科研体系、研发投入与评价,科技创新政策与能力基线,C-STEPI-A0201-1116,2024-11-30,W3,Horizon Europe 준회원국 가입에 대비한 국제공동연구 활성화 전략,机构正式研究,C:\Users\WINDOWS\OneDrive\知识库\智库信息爬虫\国际主要科技智库观点演变_研判\03_证据底稿\原文PDF\C-STEPI-A0201-1116.pdf,C:\Users\WINDOWS\OneDrive\知识库\智库信息爬虫\国际主要科技智库观点演变_研判\03_证据底稿\文本\C-STEPI-A0201-1116.txt,https://www.stepi.re.kr/site/stepiko/report/View.do?reIdx=1116,官方PDF已保存并校验
科技人才、大学与知识流动,科技创新政策与能力基线,C-STEPI-A0201-1116,2024-11-30,W3,Horizon Europe 준회원국 가입에 대비한 국제공동연구 활성화 전략,机构正式研究,C:\Users\WINDOWS\OneDrive\知识库\智库信息爬虫\国际主要科技智库观点演变_研判\03_证据底稿\原文PDF\C-STEPI-A0201-1116.pdf,C:\Users\WINDOWS\OneDrive\知识库\智库信息爬虫\国际主要科技智库观点演变_研判\03_证据底稿\文本\C-STEPI-A0201-1116.txt,https://www.stepi.re.kr/site/stepiko/report/View.do?reIdx=1116,官方PDF已保存并校验
产业创新、创业与区域体系,科技创新政策与能力基线,C-STEPI-A0201-1116,2024-11-30,W3,Horizon Europe 준회원국 가입에 대비한 국제공동연구 활성화 전략,机构正式研究,C:\Users\WINDOWS\OneDrive\知识库\智库信息爬虫\国际主要科技智库观点演变_研判\03_证据底稿\原文PDF\C-STEPI-A0201-1116.pdf,C:\Users\WINDOWS\OneDrive\知识库\智库信息爬虫\国际主要科技智库观点演变_研判\03_证据底稿\文本\C-STEPI-A0201-1116.txt,https://www.stepi.re.kr/site/stepiko/report/View.do?reIdx=1116,官方PDF已保存并校验
科技前瞻与未来社会,科技创新政策与能力基线,C-STEPI-A0201-1116,2024-11-30,W3,Horizon Europe 준회원국 가입에 대비한 국제공동연구 활성화 전략,机构正式研究,C:\Users\WINDOWS\OneDrive\知识库\智库信息爬虫\国际主要科技智库观点演变_研判\03_证据底稿\原文PDF\C-STEPI-A0201-1116.pdf,C:\Users\WINDOWS\OneDrive\知识库\智库信息爬虫\国际主要科技智库观点演变_研判\03_证据底稿\文本\C-STEPI-A0201-1116.txt,https://www.stepi.re.kr/site/stepiko/report/View.do?reIdx=1116,官方PDF已保存并校验
科研体系、研发投入与评价,科技创新政策与能力基线,C-STEPI-A0201-1117,2024-11-30,W3,중소기업의 성장 촉진을 위한 혁신정책의 재설계,机构正式研究,C:\Users\WINDOWS\OneDrive\知识库\智库信息爬虫\国际主要科技智库观点演变_研判\03_证据底稿\原文PDF\C-STEPI-A0201-1117.pdf,C:\Users\WINDOWS\OneDrive\知识库\智库信息爬虫\国际主要科技智库观点演变_研判\03_证据底稿\文本\C-STEPI-A0201-1117.txt,https://www.stepi.re.kr/site/stepiko/report/View.do?reIdx=1117,官方PDF已保存并校验
科技人才、大学与知识流动,科技创新政策与能力基线,C-STEPI-A0201-1117,2024-11-30,W3,중소기업의 성장 촉진을 위한 혁신정책의 재설계,机构正式研究,C:\Users\WINDOWS\OneDrive\知识库\智库信息爬虫\国际主要科技智库观点演变_研判\03_证据底稿\原文PDF\C-STEPI-A0201-1117.pdf,C:\Users\WINDOWS\OneDrive\知识库\智库信息爬虫\国际主要科技智库观点演变_研判\03_证据底稿\文本\C-STEPI-A0201-1117.txt,https://www.stepi.re.kr/site/stepiko/report/View.do?reIdx=1117,官方PDF已保存并校验
产业创新、创业与区域体系,科技创新政策与能力基线,C-STEPI-A0201-1117,2024-11-30,W3,중소기업의 성장 촉진을 위한 혁신정책의 재설계,机构正式研究,C:\Users\WINDOWS\OneDrive\知识库\智库信息爬虫\国际主要科技智库观点演变_研判\03_证据底稿\原文PDF\C-STEPI-A0201-1117.pdf,C:\Users\WINDOWS\OneDrive\知识库\智库信息爬虫\国际主要科技智库观点演变_研判\03_证据底稿\文本\C-STEPI-A0201-1117.txt,https://www.stepi.re.kr/site/stepiko/report/View.do?reIdx=1117,官方PDF已保存并校验
科技前瞻与未来社会,科技创新政策与能力基线,C-STEPI-A0201-1117,2024-11-30,W3,중소기업의 성장 촉진을 위한 혁신정책의 재설계,机构正式研究,C:\Users\WINDOWS\OneDrive\知识库\智库信息爬虫\国际主要科技智库观点演变_研判\03_证据底稿\原文PDF\C-STEPI-A0201-1117.pdf,C:\Users\WINDOWS\OneDrive\知识库\智库信息爬虫\国际主要科技智库观点演变_研判\03_证据底稿\文本\C-STEPI-A0201-1117.txt,https://www.stepi.re.kr/site/stepiko/report/View.do?reIdx=1117,官方PDF已保存并校验
科研体系、研发投入与评价,科技创新政策与能力基线,C-STEPI-A0201-1118,2024-11-30,W3,과학기술분야 정부지원 연구기관의 연구조직 운영현황과 개선방안,机构正式研究,C:\Users\WINDOWS\OneDrive\知识库\智库信息爬虫\国际主要科技智库观点演变_研判\03_证据底稿\原文PDF\C-STEPI-A0201-1118.pdf,C:\Users\WINDOWS\OneDrive\知识库\智库信息爬虫\国际主要科技智库观点演变_研判\03_证据底稿\文本\C-STEPI-A0201-1118.txt,https://www.stepi.re.kr/site/stepiko/report/View.do?reIdx=1118,官方PDF已保存并校验
科技人才、大学与知识流动,科技创新政策与能力基线,C-STEPI-A0201-1118,2024-11-30,W3,과학기술분야 정부지원 연구기관의 연구조직 운영현황과 개선방안,机构正式研究,C:\Users\WINDOWS\OneDrive\知识库\智库信息爬虫\国际主要科技智库观点演变_研判\03_证据底稿\原文PDF\C-STEPI-A0201-1118.pdf,C:\Users\WINDOWS\OneDrive\知识库\智库信息爬虫\国际主要科技智库观点演变_研判\03_证据底稿\文本\C-STEPI-A0201-1118.txt,https://www.stepi.re.kr/site/stepiko/report/View.do?reIdx=1118,官方PDF已保存并校验
科技前瞻与未来社会,科技创新政策与能力基线,C-STEPI-A0201-1118,2024-11-30,W3,과학기술분야 정부지원 연구기관의 연구조직 운영현황과 개선방안,机构正式研究,C:\Users\WINDOWS\OneDrive\知识库\智库信息爬虫\国际主要科技智库观点演变_研判\03_证据底稿\原文PDF\C-STEPI-A0201-1118.pdf,C:\Users\WINDOWS\OneDrive\知识库\智库信息爬虫\国际主要科技智库观点演变_研判\03_证据底稿\文本\C-STEPI-A0201-1118.txt,https://www.stepi.re.kr/site/stepiko/report/View.do?reIdx=1118,官方PDF已保存并校验
中国科技与国际比较,科技创新政策与能力基线,C-STEPI-A0201-1119,2024-11-30,W3,혁신환경 변화에 따른 지식재산 제도의 재정립 방안 연구,机构正式研究,C:\Users\WINDOWS\OneDrive\知识库\智库信息爬虫\国际主要科技智库观点演变_研判\03_证据底稿\原文PDF\C-STEPI-A0201-1119.pdf,C:\Users\WINDOWS\OneDrive\知识库\智库信息爬虫\国际主要科技智库观点演变_研判\03_证据底稿\文本\C-STEPI-A0201-1119.txt,https://www.stepi.re.kr/site/stepiko/report/View.do?reIdx=1119,官方PDF已保存并校验
人工智能、数据与数字技术,科技创新政策与能力基线,C-STEPI-A0201-1119,2024-11-30,W3,혁신환경 변화에 따른 지식재산 제도의 재정립 방안 연구,机构正式研究,C:\Users\WINDOWS\OneDrive\知识库\智库信息爬虫\国际主要科技智库观点演变_研判\03_证据底稿\原文PDF\C-STEPI-A0201-1119.pdf,C:\Users\WINDOWS\OneDrive\知识库\智库信息爬虫\国际主要科技智库观点演变_研判\03_证据底稿\文本\C-STEPI-A0201-1119.txt,https://www.stepi.re.kr/site/stepiko/report/View.do?reIdx=1119,官方PDF已保存并校验
科研体系、研发投入与评价,科技创新政策与能力基线,C-STEPI-A0201-1119,2024-11-30,W3,혁신환경 변화에 따른 지식재산 제도의 재정립 방안 연구,机构正式研究,C:\Users\WINDOWS\OneDrive\知识库\智库信息爬虫\国际主要科技智库观点演变_研判\03_证据底稿\原文PDF\C-STEPI-A0201-1119.pdf,C:\Users\WINDOWS\OneDrive\知识库\智库信息爬虫\国际主要科技智库观点演变_研判\03_证据底稿\文本\C-STEPI-A0201-1119.txt,https://www.stepi.re.kr/site/stepiko/report/View.do?reIdx=1119,官方PDF已保存并校验
科技人才、大学与知识流动,科技创新政策与能力基线,C-STEPI-A0201-1119,2024-11-30,W3,혁신환경 변화에 따른 지식재산 제도의 재정립 방안 연구,机构正式研究,C:\Users\WINDOWS\OneDrive\知识库\智库信息爬虫\国际主要科技智库观点演变_研判\03_证据底稿\原文PDF\C-STEPI-A0201-1119.pdf,C:\Users\WINDOWS\OneDrive\知识库\智库信息爬虫\国际主要科技智库观点演变_研判\03_证据底稿\文本\C-STEPI-A0201-1119.txt,https://www.stepi.re.kr/site/stepiko/report/View.do?reIdx=1119,官方PDF已保存并校验
产业创新、创业与区域体系,科技创新政策与能力基线,C-STEPI-A0201-1119,2024-11-30,W3,혁신환경 변화에 따른 지식재산 제도의 재정립 방안 연구,机构正式研究,C:\Users\WINDOWS\OneDrive\知识库\智库信息爬虫\国际主要科技智库观点演变_研判\03_证据底稿\原文PDF\C-STEPI-A0201-1119.pdf,C:\Users\WINDOWS\OneDrive\知识库\智库信息爬虫\国际主要科技智库观点演变_研判\03_证据底稿\文本\C-STEPI-A0201-1119.txt,https://www.stepi.re.kr/site/stepiko/report/View.do?reIdx=1119,官方PDF已保存并校验
技术安全、供应链与国际合作,科技创新政策与能力基线,C-STEPI-A0201-1119,2024-11-30,W3,혁신환경 변화에 따른 지식재산 제도의 재정립 방안 연구,机构正式研究,C:\Users\WINDOWS\OneDrive\知识库\智库信息爬虫\国际主要科技智库观点演变_研判\03_证据底稿\原文PDF\C-STEPI-A0201-1119.pdf,C:\Users\WINDOWS\OneDrive\知识库\智库信息爬虫\国际主要科技智库观点演变_研判\03_证据底稿\文本\C-STEPI-A0201-1119.txt,https://www.stepi.re.kr/site/stepiko/report/View.do?reIdx=1119,官方PDF已保存并校验
科技前瞻与未来社会,科技创新政策与能力基线,C-STEPI-A0201-1119,2024-11-30,W3,혁신환경 변화에 따른 지식재산 제도의 재정립 방안 연구,机构正式研究,C:\Users\WINDOWS\OneDrive\知识库\智库信息爬虫\国际主要科技智库观点演变_研判\03_证据底稿\原文PDF\C-STEPI-A0201-1119.pdf,C:\Users\WINDOWS\OneDrive\知识库\智库信息爬虫\国际主要科技智库观点演变_研判\03_证据底稿\文本\C-STEPI-A0201-1119.txt,https://www.stepi.re.kr/site/stepiko/report/View.do?reIdx=1119,官方PDF已保存并校验
人工智能、数据与数字技术,核心科技直接材料,C-STEPI-A0201-1120,2024-11-30,W3,신기술 분야 정부 가이드라인의 실효성 제고 방안-바이오헬스 사례를 중심으로,机构正式研究,C:\Users\WINDOWS\OneDrive\知识库\智库信息爬虫\国际主要科技智库观点演变_研判\03_证据底稿\原文PDF\C-STEPI-A0201-1120.pdf,C:\Users\WINDOWS\OneDrive\知识库\智库信息爬虫\国际主要科技智库观点演变_研判\03_证据底稿\文本\C-STEPI-A0201-1120.txt,https://www.stepi.re.kr/site/stepiko/report/View.do?reIdx=1120,官方PDF已保存并校验
生命科学、生物技术与健康,核心科技直接材料,C-STEPI-A0201-1120,2024-11-30,W3,신기술 분야 정부 가이드라인의 실효성 제고 방안-바이오헬스 사례를 중심으로,机构正式研究,C:\Users\WINDOWS\OneDrive\知识库\智库信息爬虫\国际主要科技智库观点演变_研判\03_证据底稿\原文PDF\C-STEPI-A0201-1120.pdf,C:\Users\WINDOWS\OneDrive\知识库\智库信息爬虫\国际主要科技智库观点演变_研判\03_证据底稿\文本\C-STEPI-A0201-1120.txt,https://www.stepi.re.kr/site/stepiko/report/View.do?reIdx=1120,官方PDF已保存并校验
科研体系、研发投入与评价,核心科技直接材料,C-STEPI-A0201-1120,2024-11-30,W3,신기술 분야 정부 가이드라인의 실효성 제고 방안-바이오헬스 사례를 중심으로,机构正式研究,C:\Users\WINDOWS\OneDrive\知识库\智库信息爬虫\国际主要科技智库观点演变_研判\03_证据底稿\原文PDF\C-STEPI-A0201-1120.pdf,C:\Users\WINDOWS\OneDrive\知识库\智库信息爬虫\国际主要科技智库观点演变_研判\03_证据底稿\文本\C-STEPI-A0201-1120.txt,https://www.stepi.re.kr/site/stepiko/report/View.do?reIdx=1120,官方PDF已保存并校验
科技人才、大学与知识流动,核心科技直接材料,C-STEPI-A0201-1120,2024-11-30,W3,신기술 분야 정부 가이드라인의 실효성 제고 방안-바이오헬스 사례를 중심으로,机构正式研究,C:\Users\WINDOWS\OneDrive\知识库\智库信息爬虫\国际主要科技智库观点演变_研判\03_证据底稿\原文PDF\C-STEPI-A0201-1120.pdf,C:\Users\WINDOWS\OneDrive\知识库\智库信息爬虫\国际主要科技智库观点演变_研判\03_证据底稿\文本\C-STEPI-A0201-1120.txt,https://www.stepi.re.kr/site/stepiko/report/View.do?reIdx=1120,官方PDF已保存并校验
中国科技与国际比较,核心科技直接材料,C-STEPI-A0201-1121,2024-11-30,W3,국내 AI반도체 기업의 성장 요인분석을 통한 지원·육성 방안 연구,机构正式研究,C:\Users\WINDOWS\OneDrive\知识库\智库信息爬虫\国际主要科技智库观点演变_研判\03_证据底稿\原文PDF\C-STEPI-A0201-1121.pdf,C:\Users\WINDOWS\OneDrive\知识库\智库信息爬虫\国际主要科技智库观点演变_研判\03_证据底稿\文本\C-STEPI-A0201-1121.txt,https://www.stepi.re.kr/site/stepiko/report/View.do?reIdx=1121,官方PDF已保存并校验
人工智能、数据与数字技术,核心科技直接材料,C-STEPI-A0201-1121,2024-11-30,W3,국내 AI반도체 기업의 성장 요인분석을 통한 지원·육성 방안 연구,机构正式研究,C:\Users\WINDOWS\OneDrive\知识库\智库信息爬虫\国际主要科技智库观点演变_研判\03_证据底稿\原文PDF\C-STEPI-A0201-1121.pdf,C:\Users\WINDOWS\OneDrive\知识库\智库信息爬虫\国际主要科技智库观点演变_研判\03_证据底稿\文本\C-STEPI-A0201-1121.txt,https://www.stepi.re.kr/site/stepiko/report/View.do?reIdx=1121,官方PDF已保存并校验
半导体、量子与战略技术,核心科技直接材料,C-STEPI-A0201-1121,2024-11-30,W3,국내 AI반도체 기업의 성장 요인분석을 통한 지원·육성 방안 연구,机构正式研究,C:\Users\WINDOWS\OneDrive\知识库\智库信息爬虫\国际主要科技智库观点演变_研判\03_证据底稿\原文PDF\C-STEPI-A0201-1121.pdf,C:\Users\WINDOWS\OneDrive\知识库\智库信息爬虫\国际主要科技智库观点演变_研判\03_证据底稿\文本\C-STEPI-A0201-1121.txt,https://www.stepi.re.kr/site/stepiko/report/View.do?reIdx=1121,官方PDF已保存并校验
科研体系、研发投入与评价,核心科技直接材料,C-STEPI-A0201-1121,2024-11-30,W3,국내 AI반도체 기업의 성장 요인분석을 통한 지원·육성 방안 연구,机构正式研究,C:\Users\WINDOWS\OneDrive\知识库\智库信息爬虫\国际主要科技智库观点演变_研判\03_证据底稿\原文PDF\C-STEPI-A0201-1121.pdf,C:\Users\WINDOWS\OneDrive\知识库\智库信息爬虫\国际主要科技智库观点演变_研判\03_证据底稿\文本\C-STEPI-A0201-1121.txt,https://www.stepi.re.kr/site/stepiko/report/View.do?reIdx=1121,官方PDF已保存并校验
科技人才、大学与知识流动,核心科技直接材料,C-STEPI-A0201-1121,2024-11-30,W3,국내 AI반도체 기업의 성장 요인분석을 통한 지원·육성 방안 연구,机构正式研究,C:\Users\WINDOWS\OneDrive\知识库\智库信息爬虫\国际主要科技智库观点演变_研判\03_证据底稿\原文PDF\C-STEPI-A0201-1121.pdf,C:\Users\WINDOWS\OneDrive\知识库\智库信息爬虫\国际主要科技智库观点演变_研判\03_证据底稿\文本\C-STEPI-A0201-1121.txt,https://www.stepi.re.kr/site/stepiko/report/View.do?reIdx=1121,官方PDF已保存并校验
产业创新、创业与区域体系,核心科技直接材料,C-STEPI-A0201-1121,2024-11-30,W3,국내 AI반도체 기업의 성장 요인분석을 통한 지원·육성 방안 연구,机构正式研究,C:\Users\WINDOWS\OneDrive\知识库\智库信息爬虫\国际主要科技智库观点演变_研判\03_证据底稿\原文PDF\C-STEPI-A0201-1121.pdf,C:\Users\WINDOWS\OneDrive\知识库\智库信息爬虫\国际主要科技智库观点演变_研判\03_证据底稿\文本\C-STEPI-A0201-1121.txt,https://www.stepi.re.kr/site/stepiko/report/View.do?reIdx=1121,官方PDF已保存并校验
科技前瞻与未来社会,核心科技直接材料,C-STEPI-A0201-1121,2024-11-30,W3,국내 AI반도체 기업의 성장 요인분석을 통한 지원·육성 방안 연구,机构正式研究,C:\Users\WINDOWS\OneDrive\知识库\智库信息爬虫\国际主要科技智库观点演变_研判\03_证据底稿\原文PDF\C-STEPI-A0201-1121.pdf,C:\Users\WINDOWS\OneDrive\知识库\智库信息爬虫\国际主要科技智库观点演变_研判\03_证据底稿\文本\C-STEPI-A0201-1121.txt,https://www.stepi.re.kr/site/stepiko/report/View.do?reIdx=1121,官方PDF已保存并校验
科研体系、研发投入与评价,科技创新政策与能力基线,C-STEPI-A0201-1122,2024-11-30,W3,과학후속세대를 위한 한국 과학기술의 글로벌 소프트파워 제고 방안 : 스타과학자를 중심으로,机构正式研究,C:\Users\WINDOWS\OneDrive\知识库\智库信息爬虫\国际主要科技智库观点演变_研判\03_证据底稿\原文PDF\C-STEPI-A0201-1122.pdf,C:\Users\WINDOWS\OneDrive\知识库\智库信息爬虫\国际主要科技智库观点演变_研判\03_证据底稿\文本\C-STEPI-A0201-1122.txt,https://www.stepi.re.kr/site/stepiko/report/View.do?reIdx=1122,官方PDF已保存并校验
科技人才、大学与知识流动,科技创新政策与能力基线,C-STEPI-A0201-1122,2024-11-30,W3,과학후속세대를 위한 한국 과학기술의 글로벌 소프트파워 제고 방안 : 스타과학자를 중심으로,机构正式研究,C:\Users\WINDOWS\OneDrive\知识库\智库信息爬虫\国际主要科技智库观点演变_研判\03_证据底稿\原文PDF\C-STEPI-A0201-1122.pdf,C:\Users\WINDOWS\OneDrive\知识库\智库信息爬虫\国际主要科技智库观点演变_研判\03_证据底稿\文本\C-STEPI-A0201-1122.txt,https://www.stepi.re.kr/site/stepiko/report/View.do?reIdx=1122,官方PDF已保存并校验
产业创新、创业与区域体系,科技创新政策与能力基线,C-STEPI-A0201-1122,2024-11-30,W3,과학후속세대를 위한 한국 과학기술의 글로벌 소프트파워 제고 방안 : 스타과학자를 중심으로,机构正式研究,C:\Users\WINDOWS\OneDrive\知识库\智库信息爬虫\国际主要科技智库观点演变_研判\03_证据底稿\原文PDF\C-STEPI-A0201-1122.pdf,C:\Users\WINDOWS\OneDrive\知识库\智库信息爬虫\国际主要科技智库观点演变_研判\03_证据底稿\文本\C-STEPI-A0201-1122.txt,https://www.stepi.re.kr/site/stepiko/report/View.do?reIdx=1122,官方PDF已保存并校验
科技前瞻与未来社会,科技创新政策与能力基线,C-STEPI-A0201-1122,2024-11-30,W3,과학후속세대를 위한 한국 과학기술의 글로벌 소프트파워 제고 방안 : 스타과학자를 중심으로,机构正式研究,C:\Users\WINDOWS\OneDrive\知识库\智库信息爬虫\国际主要科技智库观点演变_研判\03_证据底稿\原文PDF\C-STEPI-A0201-1122.pdf,C:\Users\WINDOWS\OneDrive\知识库\智库信息爬虫\国际主要科技智库观点演变_研判\03_证据底稿\文本\C-STEPI-A0201-1122.txt,https://www.stepi.re.kr/site/stepiko/report/View.do?reIdx=1122,官方PDF已保存并校验
半导体、量子与战略技术,科技创新政策与能力基线,C-STEPI-A0201-1123,2024-11-30,W3,과학기술 기반 국제농업협력 발전전략 연구,机构正式研究,C:\Users\WINDOWS\OneDrive\知识库\智库信息爬虫\国际主要科技智库观点演变_研判\03_证据底稿\原文PDF\C-STEPI-A0201-1123.pdf,C:\Users\WINDOWS\OneDrive\知识库\智库信息爬虫\国际主要科技智库观点演变_研判\03_证据底稿\文本\C-STEPI-A0201-1123.txt,https://www.stepi.re.kr/site/stepiko/report/View.do?reIdx=1123,官方PDF已保存并校验
科研体系、研发投入与评价,科技创新政策与能力基线,C-STEPI-A0201-1123,2024-11-30,W3,과학기술 기반 국제농업협력 발전전략 연구,机构正式研究,C:\Users\WINDOWS\OneDrive\知识库\智库信息爬虫\国际主要科技智库观点演变_研判\03_证据底稿\原文PDF\C-STEPI-A0201-1123.pdf,C:\Users\WINDOWS\OneDrive\知识库\智库信息爬虫\国际主要科技智库观点演变_研判\03_证据底稿\文本\C-STEPI-A0201-1123.txt,https://www.stepi.re.kr/site/stepiko/report/View.do?reIdx=1123,官方PDF已保存并校验
产业创新、创业与区域体系,科技创新政策与能力基线,C-STEPI-A0201-1123,2024-11-30,W3,과학기술 기반 국제농업협력 발전전략 연구,机构正式研究,C:\Users\WINDOWS\OneDrive\知识库\智库信息爬虫\国际主要科技智库观点演变_研判\03_证据底稿\原文PDF\C-STEPI-A0201-1123.pdf,C:\Users\WINDOWS\OneDrive\知识库\智库信息爬虫\国际主要科技智库观点演变_研判\03_证据底稿\文本\C-STEPI-A0201-1123.txt,https://www.stepi.re.kr/site/stepiko/report/View.do?reIdx=1123,官方PDF已保存并校验
技术安全、供应链与国际合作,科技创新政策与能力基线,C-STEPI-A0201-1123,2024-11-30,W3,과학기술 기반 국제농업협력 발전전략 연구,机构正式研究,C:\Users\WINDOWS\OneDrive\知识库\智库信息爬虫\国际主要科技智库观点演变_研判\03_证据底稿\原文PDF\C-STEPI-A0201-1123.pdf,C:\Users\WINDOWS\OneDrive\知识库\智库信息爬虫\国际主要科技智库观点演变_研判\03_证据底稿\文本\C-STEPI-A0201-1123.txt,https://www.stepi.re.kr/site/stepiko/report/View.do?reIdx=1123,官方PDF已保存并校验
科研体系、研发投入与评价,科技创新政策与能力基线,C-STEPI-A0201-1124,2024-12-31,W3,혁신창업 및 기업가정신 생태계 모니터링 사업 (10차년도) (1권: 지역 혁신창업생태계 현황과 과제),机构正式研究,C:\Users\WINDOWS\OneDrive\知识库\智库信息爬虫\国际主要科技智库观点演变_研判\03_证据底稿\原文PDF\C-STEPI-A0201-1124.pdf,C:\Users\WINDOWS\OneDrive\知识库\智库信息爬虫\国际主要科技智库观点演变_研判\03_证据底稿\文本\C-STEPI-A0201-1124.txt,https://www.stepi.re.kr/site/stepiko/report/View.do?reIdx=1124,官方PDF已保存并校验
科技人才、大学与知识流动,科技创新政策与能力基线,C-STEPI-A0201-1124,2024-12-31,W3,혁신창업 및 기업가정신 생태계 모니터링 사업 (10차년도) (1권: 지역 혁신창업생태계 현황과 과제),机构正式研究,C:\Users\WINDOWS\OneDrive\知识库\智库信息爬虫\国际主要科技智库观点演变_研判\03_证据底稿\原文PDF\C-STEPI-A0201-1124.pdf,C:\Users\WINDOWS\OneDrive\知识库\智库信息爬虫\国际主要科技智库观点演变_研判\03_证据底稿\文本\C-STEPI-A0201-1124.txt,https://www.stepi.re.kr/site/stepiko/report/View.do?reIdx=1124,官方PDF已保存并校验
产业创新、创业与区域体系,科技创新政策与能力基线,C-STEPI-A0201-1124,2024-12-31,W3,혁신창업 및 기업가정신 생태계 모니터링 사업 (10차년도) (1권: 지역 혁신창업생태계 현황과 과제),机构正式研究,C:\Users\WINDOWS\OneDrive\知识库\智库信息爬虫\国际主要科技智库观点演变_研判\03_证据底稿\原文PDF\C-STEPI-A0201-1124.pdf,C:\Users\WINDOWS\OneDrive\知识库\智库信息爬虫\国际主要科技智库观点演变_研判\03_证据底稿\文本\C-STEPI-A0201-1124.txt,https://www.stepi.re.kr/site/stepiko/report/View.do?reIdx=1124,官方PDF已保存并校验
科技前瞻与未来社会,科技创新政策与能力基线,C-STEPI-A0201-1124,2024-12-31,W3,혁신창업 및 기업가정신 생태계 모니터링 사업 (10차년도) (1권: 지역 혁신창업생태계 현황과 과제),机构正式研究,C:\Users\WINDOWS\OneDrive\知识库\智库信息爬虫\国际主要科技智库观点演变_研判\03_证据底稿\原文PDF\C-STEPI-A0201-1124.pdf,C:\Users\WINDOWS\OneDrive\知识库\智库信息爬虫\国际主要科技智库观点演变_研判\03_证据底稿\文本\C-STEPI-A0201-1124.txt,https://www.stepi.re.kr/site/stepiko/report/View.do?reIdx=1124,官方PDF已保存并校验
人工智能、数据与数字技术,科技创新政策与能力基线,C-STEPI-A0201-1125,2024-12-31,W3,혁신창업 및 기업가정신 생태계 모니터링 사업 (10차년도) (2권: 딥테크 스타트업 생태계 현황 분석 및 진단),机构正式研究,C:\Users\WINDOWS\OneDrive\知识库\智库信息爬虫\国际主要科技智库观点演变_研判\03_证据底稿\原文PDF\C-STEPI-A0201-1125.pdf,C:\Users\WINDOWS\OneDrive\知识库\智库信息爬虫\国际主要科技智库观点演变_研判\03_证据底稿\文本\C-STEPI-A0201-1125.txt,https://www.stepi.re.kr/site/stepiko/report/View.do?reIdx=1125,官方PDF已保存并校验
半导体、量子与战略技术,科技创新政策与能力基线,C-STEPI-A0201-1125,2024-12-31,W3,혁신창업 및 기업가정신 생태계 모니터링 사업 (10차년도) (2권: 딥테크 스타트업 생태계 현황 분석 및 진단),机构正式研究,C:\Users\WINDOWS\OneDrive\知识库\智库信息爬虫\国际主要科技智库观点演变_研判\03_证据底稿\原文PDF\C-STEPI-A0201-1125.pdf,C:\Users\WINDOWS\OneDrive\知识库\智库信息爬虫\国际主要科技智库观点演变_研判\03_证据底稿\文本\C-STEPI-A0201-1125.txt,https://www.stepi.re.kr/site/stepiko/report/View.do?reIdx=1125,官方PDF已保存并校验
生命科学、生物技术与健康,科技创新政策与能力基线,C-STEPI-A0201-1125,2024-12-31,W3,혁신창업 및 기업가정신 생태계 모니터링 사업 (10차년도) (2권: 딥테크 스타트업 생태계 현황 분석 및 진단),机构正式研究,C:\Users\WINDOWS\OneDrive\知识库\智库信息爬虫\国际主要科技智库观点演变_研判\03_证据底稿\原文PDF\C-STEPI-A0201-1125.pdf,C:\Users\WINDOWS\OneDrive\知识库\智库信息爬虫\国际主要科技智库观点演变_研判\03_证据底稿\文本\C-STEPI-A0201-1125.txt,https://www.stepi.re.kr/site/stepiko/report/View.do?reIdx=1125,官方PDF已保存并校验
能源、气候与绿色转型,科技创新政策与能力基线,C-STEPI-A0201-1125,2024-12-31,W3,혁신창업 및 기업가정신 생태계 모니터링 사업 (10차년도) (2권: 딥테크 스타트업 생태계 현황 분석 및 진단),机构正式研究,C:\Users\WINDOWS\OneDrive\知识库\智库信息爬虫\国际主要科技智库观点演变_研判\03_证据底稿\原文PDF\C-STEPI-A0201-1125.pdf,C:\Users\WINDOWS\OneDrive\知识库\智库信息爬虫\国际主要科技智库观点演变_研判\03_证据底稿\文本\C-STEPI-A0201-1125.txt,https://www.stepi.re.kr/site/stepiko/report/View.do?reIdx=1125,官方PDF已保存并校验
科研体系、研发投入与评价,科技创新政策与能力基线,C-STEPI-A0201-1125,2024-12-31,W3,혁신창업 및 기업가정신 생태계 모니터링 사업 (10차년도) (2권: 딥테크 스타트업 생태계 현황 분석 및 진단),机构正式研究,C:\Users\WINDOWS\OneDrive\知识库\智库信息爬虫\国际主要科技智库观点演变_研判\03_证据底稿\原文PDF\C-STEPI-A0201-1125.pdf,C:\Users\WINDOWS\OneDrive\知识库\智库信息爬虫\国际主要科技智库观点演变_研判\03_证据底稿\文本\C-STEPI-A0201-1125.txt,https://www.stepi.re.kr/site/stepiko/report/View.do?reIdx=1125,官方PDF已保存并校验
科技人才、大学与知识流动,科技创新政策与能力基线,C-STEPI-A0201-1125,2024-12-31,W3,혁신창업 및 기업가정신 생태계 모니터링 사업 (10차년도) (2권: 딥테크 스타트업 생태계 현황 분석 및 진단),机构正式研究,C:\Users\WINDOWS\OneDrive\知识库\智库信息爬虫\国际主要科技智库观点演变_研判\03_证据底稿\原文PDF\C-STEPI-A0201-1125.pdf,C:\Users\WINDOWS\OneDrive\知识库\智库信息爬虫\国际主要科技智库观点演变_研判\03_证据底稿\文本\C-STEPI-A0201-1125.txt,https://www.stepi.re.kr/site/stepiko/report/View.do?reIdx=1125,官方PDF已保存并校验
产业创新、创业与区域体系,科技创新政策与能力基线,C-STEPI-A0201-1125,2024-12-31,W3,혁신창업 및 기업가정신 생태계 모니터링 사업 (10차년도) (2권: 딥테크 스타트업 생태계 현황 분석 및 진단),机构正式研究,C:\Users\WINDOWS\OneDrive\知识库\智库信息爬虫\国际主要科技智库观点演变_研判\03_证据底稿\原文PDF\C-STEPI-A0201-1125.pdf,C:\Users\WINDOWS\OneDrive\知识库\智库信息爬虫\国际主要科技智库观点演变_研判\03_证据底稿\文本\C-STEPI-A0201-1125.txt,https://www.stepi.re.kr/site/stepiko/report/View.do?reIdx=1125,官方PDF已保存并校验
科技前瞻与未来社会,科技创新政策与能力基线,C-STEPI-A0201-1125,2024-12-31,W3,혁신창업 및 기업가정신 생태계 모니터링 사업 (10차년도) (2권: 딥테크 스타트업 생태계 현황 분석 및 진단),机构正式研究,C:\Users\WINDOWS\OneDrive\知识库\智库信息爬虫\国际主要科技智库观点演变_研判\03_证据底稿\原文PDF\C-STEPI-A0201-1125.pdf,C:\Users\WINDOWS\OneDrive\知识库\智库信息爬虫\国际主要科技智库观点演变_研判\03_证据底稿\文本\C-STEPI-A0201-1125.txt,https://www.stepi.re.kr/site/stepiko/report/View.do?reIdx=1125,官方PDF已保存并校验
人工智能、数据与数字技术,核心科技直接材料,C-STEPI-A0201-1127,2024-12-31,W3,기술규제 개혁을 위한 의제설정 연구사업(8차년도)-디지털 전환 대응 진입규제 개선방안,机构正式研究,C:\Users\WINDOWS\OneDrive\知识库\智库信息爬虫\国际主要科技智库观点演变_研判\03_证据底稿\原文PDF\C-STEPI-A0201-1127.pdf,C:\Users\WINDOWS\OneDrive\知识库\智库信息爬虫\国际主要科技智库观点演变_研判\03_证据底稿\文本\C-STEPI-A0201-1127.txt,https://www.stepi.re.kr/site/stepiko/report/View.do?reIdx=1127,官方PDF已保存并校验
科研体系、研发投入与评价,核心科技直接材料,C-STEPI-A0201-1127,2024-12-31,W3,기술규제 개혁을 위한 의제설정 연구사업(8차년도)-디지털 전환 대응 진입규제 개선방안,机构正式研究,C:\Users\WINDOWS\OneDrive\知识库\智库信息爬虫\国际主要科技智库观点演变_研判\03_证据底稿\原文PDF\C-STEPI-A0201-1127.pdf,C:\Users\WINDOWS\OneDrive\知识库\智库信息爬虫\国际主要科技智库观点演变_研判\03_证据底稿\文本\C-STEPI-A0201-1127.txt,https://www.stepi.re.kr/site/stepiko/report/View.do?reIdx=1127,官方PDF已保存并校验
产业创新、创业与区域体系,核心科技直接材料,C-STEPI-A0201-1127,2024-12-31,W3,기술규제 개혁을 위한 의제설정 연구사업(8차년도)-디지털 전환 대응 진입규제 개선방안,机构正式研究,C:\Users\WINDOWS\OneDrive\知识库\智库信息爬虫\国际主要科技智库观点演变_研判\03_证据底稿\原文PDF\C-STEPI-A0201-1127.pdf,C:\Users\WINDOWS\OneDrive\知识库\智库信息爬虫\国际主要科技智库观点演变_研判\03_证据底稿\文本\C-STEPI-A0201-1127.txt,https://www.stepi.re.kr/site/stepiko/report/View.do?reIdx=1127,官方PDF已保存并校验
科技前瞻与未来社会,核心科技直接材料,C-STEPI-A0201-1127,2024-12-31,W3,기술규제 개혁을 위한 의제설정 연구사업(8차년도)-디지털 전환 대응 진입규제 개선방안,机构正式研究,C:\Users\WINDOWS\OneDrive\知识库\智库信息爬虫\国际主要科技智库观点演变_研判\03_证据底稿\原文PDF\C-STEPI-A0201-1127.pdf,C:\Users\WINDOWS\OneDrive\知识库\智库信息爬虫\国际主要科技智库观点演变_研判\03_证据底稿\文本\C-STEPI-A0201-1127.txt,https://www.stepi.re.kr/site/stepiko/report/View.do?reIdx=1127,官方PDF已保存并校验
能源、气候与绿色转型,科技创新政策与能力基线,C-STEPI-A0201-1128,2024-12-31,W3,국가난제 혁신전략 연구 2024 (1권 : 국가난제를 다룰 정책 접근과 분석),机构正式研究,C:\Users\WINDOWS\OneDrive\知识库\智库信息爬虫\国际主要科技智库观点演变_研判\03_证据底稿\原文PDF\C-STEPI-A0201-1128.pdf,C:\Users\WINDOWS\OneDrive\知识库\智库信息爬虫\国际主要科技智库观点演变_研判\03_证据底稿\文本\C-STEPI-A0201-1128.txt,https://www.stepi.re.kr/site/stepiko/report/View.do?reIdx=1128,官方PDF已保存并校验
科研体系、研发投入与评价,科技创新政策与能力基线,C-STEPI-A0201-1128,2024-12-31,W3,국가난제 혁신전략 연구 2024 (1권 : 국가난제를 다룰 정책 접근과 분석),机构正式研究,C:\Users\WINDOWS\OneDrive\知识库\智库信息爬虫\国际主要科技智库观点演变_研判\03_证据底稿\原文PDF\C-STEPI-A0201-1128.pdf,C:\Users\WINDOWS\OneDrive\知识库\智库信息爬虫\国际主要科技智库观点演变_研判\03_证据底稿\文本\C-STEPI-A0201-1128.txt,https://www.stepi.re.kr/site/stepiko/report/View.do?reIdx=1128,官方PDF已保存并校验
科技人才、大学与知识流动,科技创新政策与能力基线,C-STEPI-A0201-1128,2024-12-31,W3,국가난제 혁신전략 연구 2024 (1권 : 국가난제를 다룰 정책 접근과 분석),机构正式研究,C:\Users\WINDOWS\OneDrive\知识库\智库信息爬虫\国际主要科技智库观点演变_研判\03_证据底稿\原文PDF\C-STEPI-A0201-1128.pdf,C:\Users\WINDOWS\OneDrive\知识库\智库信息爬虫\国际主要科技智库观点演变_研判\03_证据底稿\文本\C-STEPI-A0201-1128.txt,https://www.stepi.re.kr/site/stepiko/report/View.do?reIdx=1128,官方PDF已保存并校验
产业创新、创业与区域体系,科技创新政策与能力基线,C-STEPI-A0201-1128,2024-12-31,W3,국가난제 혁신전략 연구 2024 (1권 : 국가난제를 다룰 정책 접근과 분석),机构正式研究,C:\Users\WINDOWS\OneDrive\知识库\智库信息爬虫\国际主要科技智库观点演变_研判\03_证据底稿\原文PDF\C-STEPI-A0201-1128.pdf,C:\Users\WINDOWS\OneDrive\知识库\智库信息爬虫\国际主要科技智库观点演变_研判\03_证据底稿\文本\C-STEPI-A0201-1128.txt,https://www.stepi.re.kr/site/stepiko/report/View.do?reIdx=1128,官方PDF已保存并校验
能源、气候与绿色转型,科技创新政策与能力基线,C-STEPI-A0201-1129,2024-12-31,W3,국가난제 혁신전략 연구 2024 (2권 :  역동적 혁신생태계 구축을 위한 한계기업 난제 진단 연구 ),机构正式研究,C:\Users\WINDOWS\OneDrive\知识库\智库信息爬虫\国际主要科技智库观点演变_研判\03_证据底稿\原文PDF\C-STEPI-A0201-1129.pdf,C:\Users\WINDOWS\OneDrive\知识库\智库信息爬虫\国际主要科技智库观点演变_研判\03_证据底稿\文本\C-STEPI-A0201-1129.txt,https://www.stepi.re.kr/site/stepiko/report/View.do?reIdx=1129,官方PDF已保存并校验
科研体系、研发投入与评价,科技创新政策与能力基线,C-STEPI-A0201-1129,2024-12-31,W3,국가난제 혁신전략 연구 2024 (2권 :  역동적 혁신생태계 구축을 위한 한계기업 난제 진단 연구 ),机构正式研究,C:\Users\WINDOWS\OneDrive\知识库\智库信息爬虫\国际主要科技智库观点演变_研判\03_证据底稿\原文PDF\C-STEPI-A0201-1129.pdf,C:\Users\WINDOWS\OneDrive\知识库\智库信息爬虫\国际主要科技智库观点演变_研判\03_证据底稿\文本\C-STEPI-A0201-1129.txt,https://www.stepi.re.kr/site/stepiko/report/View.do?reIdx=1129,官方PDF已保存并校验
科技人才、大学与知识流动,科技创新政策与能力基线,C-STEPI-A0201-1129,2024-12-31,W3,국가난제 혁신전략 연구 2024 (2권 :  역동적 혁신생태계 구축을 위한 한계기업 난제 진단 연구 ),机构正式研究,C:\Users\WINDOWS\OneDrive\知识库\智库信息爬虫\国际主要科技智库观点演变_研判\03_证据底稿\原文PDF\C-STEPI-A0201-1129.pdf,C:\Users\WINDOWS\OneDrive\知识库\智库信息爬虫\国际主要科技智库观点演变_研判\03_证据底稿\文本\C-STEPI-A0201-1129.txt,https://www.stepi.re.kr/site/stepiko/report/View.do?reIdx=1129,官方PDF已保存并校验
产业创新、创业与区域体系,科技创新政策与能力基线,C-STEPI-A0201-1129,2024-12-31,W3,국가난제 혁신전략 연구 2024 (2권 :  역동적 혁신생태계 구축을 위한 한계기업 난제 진단 연구 ),机构正式研究,C:\Users\WINDOWS\OneDrive\知识库\智库信息爬虫\国际主要科技智库观点演变_研判\03_证据底稿\原文PDF\C-STEPI-A0201-1129.pdf,C:\Users\WINDOWS\OneDrive\知识库\智库信息爬虫\国际主要科技智库观点演变_研判\03_证据底稿\文本\C-STEPI-A0201-1129.txt,https://www.stepi.re.kr/site/stepiko/report/View.do?reIdx=1129,官方PDF已保存并校验
科技前瞻与未来社会,科技创新政策与能力基线,C-STEPI-A0201-1129,2024-12-31,W3,국가난제 혁신전략 연구 2024 (2권 :  역동적 혁신생태계 구축을 위한 한계기업 난제 진단 연구 ),机构正式研究,C:\Users\WINDOWS\OneDrive\知识库\智库信息爬虫\国际主要科技智库观点演变_研判\03_证据底稿\原文PDF\C-STEPI-A0201-1129.pdf,C:\Users\WINDOWS\OneDrive\知识库\智库信息爬虫\国际主要科技智库观点演变_研判\03_证据底稿\文本\C-STEPI-A0201-1129.txt,https://www.stepi.re.kr/site/stepiko/report/View.do?reIdx=1129,官方PDF已保存并校验
半导体、量子与战略技术,科技创新政策与能力基线,C-STEPI-A0201-1130,2024-12-31,W3,국가난제 혁신전략 연구 2024 (3권 : 에너지 국가난제 대안 탐색 프레임웍 연구 및 대안으로서의 독립 에너지 위원회),机构正式研究,C:\Users\WINDOWS\OneDrive\知识库\智库信息爬虫\国际主要科技智库观点演变_研判\03_证据底稿\原文PDF\C-STEPI-A0201-1130.pdf,C:\Users\WINDOWS\OneDrive\知识库\智库信息爬虫\国际主要科技智库观点演变_研判\03_证据底稿\文本\C-STEPI-A0201-1130.txt,https://www.stepi.re.kr/site/stepiko/report/View.do?reIdx=1130,官方PDF已保存并校验
能源、气候与绿色转型,科技创新政策与能力基线,C-STEPI-A0201-1130,2024-12-31,W3,국가난제 혁신전략 연구 2024 (3권 : 에너지 국가난제 대안 탐색 프레임웍 연구 및 대안으로서의 독립 에너지 위원회),机构正式研究,C:\Users\WINDOWS\OneDrive\知识库\智库信息爬虫\国际主要科技智库观点演变_研判\03_证据底稿\原文PDF\C-STEPI-A0201-1130.pdf,C:\Users\WINDOWS\OneDrive\知识库\智库信息爬虫\国际主要科技智库观点演变_研判\03_证据底稿\文本\C-STEPI-A0201-1130.txt,https://www.stepi.re.kr/site/stepiko/report/View.do?reIdx=1130,官方PDF已保存并校验
科研体系、研发投入与评价,科技创新政策与能力基线,C-STEPI-A0201-1130,2024-12-31,W3,국가난제 혁신전략 연구 2024 (3권 : 에너지 국가난제 대안 탐색 프레임웍 연구 및 대안으로서의 독립 에너지 위원회),机构正式研究,C:\Users\WINDOWS\OneDrive\知识库\智库信息爬虫\国际主要科技智库观点演变_研判\03_证据底稿\原文PDF\C-STEPI-A0201-1130.pdf,C:\Users\WINDOWS\OneDrive\知识库\智库信息爬虫\国际主要科技智库观点演变_研判\03_证据底稿\文本\C-STEPI-A0201-1130.txt,https://www.stepi.re.kr/site/stepiko/report/View.do?reIdx=1130,官方PDF已保存并校验
科技人才、大学与知识流动,科技创新政策与能力基线,C-STEPI-A0201-1130,2024-12-31,W3,국가난제 혁신전략 연구 2024 (3권 : 에너지 국가난제 대안 탐색 프레임웍 연구 및 대안으로서의 독립 에너지 위원회),机构正式研究,C:\Users\WINDOWS\OneDrive\知识库\智库信息爬虫\国际主要科技智库观点演变_研判\03_证据底稿\原文PDF\C-STEPI-A0201-1130.pdf,C:\Users\WINDOWS\OneDrive\知识库\智库信息爬虫\国际主要科技智库观点演变_研判\03_证据底稿\文本\C-STEPI-A0201-1130.txt,https://www.stepi.re.kr/site/stepiko/report/View.do?reIdx=1130,官方PDF已保存并校验
产业创新、创业与区域体系,科技创新政策与能力基线,C-STEPI-A0201-1130,2024-12-31,W3,국가난제 혁신전략 연구 2024 (3권 : 에너지 국가난제 대안 탐색 프레임웍 연구 및 대안으로서의 독립 에너지 위원회),机构正式研究,C:\Users\WINDOWS\OneDrive\知识库\智库信息爬虫\国际主要科技智库观点演变_研判\03_证据底稿\原文PDF\C-STEPI-A0201-1130.pdf,C:\Users\WINDOWS\OneDrive\知识库\智库信息爬虫\国际主要科技智库观点演变_研判\03_证据底稿\文本\C-STEPI-A0201-1130.txt,https://www.stepi.re.kr/site/stepiko/report/View.do?reIdx=1130,官方PDF已保存并校验
技术安全、供应链与国际合作,科技创新政策与能力基线,C-STEPI-A0201-1130,2024-12-31,W3,국가난제 혁신전략 연구 2024 (3권 : 에너지 국가난제 대안 탐색 프레임웍 연구 및 대안으로서의 독립 에너지 위원회),机构正式研究,C:\Users\WINDOWS\OneDrive\知识库\智库信息爬虫\国际主要科技智库观点演变_研判\03_证据底稿\原文PDF\C-STEPI-A0201-1130.pdf,C:\Users\WINDOWS\OneDrive\知识库\智库信息爬虫\国际主要科技智库观点演变_研判\03_证据底稿\文本\C-STEPI-A0201-1130.txt,https://www.stepi.re.kr/site/stepiko/report/View.do?reIdx=1130,官方PDF已保存并校验
人工智能、数据与数字技术,科技创新政策与能力基线,C-STEPI-A0201-1131,2024-12-31,W3,스마트생산 열린혁신랩 운영 및 연구사업(5차년도),机构正式研究,C:\Users\WINDOWS\OneDrive\知识库\智库信息爬虫\国际主要科技智库观点演变_研判\03_证据底稿\原文PDF\C-STEPI-A0201-1131.pdf,C:\Users\WINDOWS\OneDrive\知识库\智库信息爬虫\国际主要科技智库观点演变_研判\03_证据底稿\文本\C-STEPI-A0201-1131.txt,https://www.stepi.re.kr/site/stepiko/report/View.do?reIdx=1131,官方PDF已保存并校验
科研体系、研发投入与评价,科技创新政策与能力基线,C-STEPI-A0201-1131,2024-12-31,W3,스마트생산 열린혁신랩 운영 및 연구사업(5차년도),机构正式研究,C:\Users\WINDOWS\OneDrive\知识库\智库信息爬虫\国际主要科技智库观点演变_研判\03_证据底稿\原文PDF\C-STEPI-A0201-1131.pdf,C:\Users\WINDOWS\OneDrive\知识库\智库信息爬虫\国际主要科技智库观点演变_研判\03_证据底稿\文本\C-STEPI-A0201-1131.txt,https://www.stepi.re.kr/site/stepiko/report/View.do?reIdx=1131,官方PDF已保存并校验
产业创新、创业与区域体系,科技创新政策与能力基线,C-STEPI-A0201-1131,2024-12-31,W3,스마트생산 열린혁신랩 운영 및 연구사업(5차년도),机构正式研究,C:\Users\WINDOWS\OneDrive\知识库\智库信息爬虫\国际主要科技智库观点演变_研判\03_证据底稿\原文PDF\C-STEPI-A0201-1131.pdf,C:\Users\WINDOWS\OneDrive\知识库\智库信息爬虫\国际主要科技智库观点演变_研判\03_证据底稿\文本\C-STEPI-A0201-1131.txt,https://www.stepi.re.kr/site/stepiko/report/View.do?reIdx=1131,官方PDF已保存并校验
中国科技与国际比较,核心科技直接材料,C-STEPI-A0201-1132,2024-12-31,W3,新안보시대 전략기술 진단·분석체계 연구(2차년도),机构正式研究,C:\Users\WINDOWS\OneDrive\知识库\智库信息爬虫\国际主要科技智库观点演变_研判\03_证据底稿\原文PDF\C-STEPI-A0201-1132.pdf,C:\Users\WINDOWS\OneDrive\知识库\智库信息爬虫\国际主要科技智库观点演变_研判\03_证据底稿\文本\C-STEPI-A0201-1132.txt,https://www.stepi.re.kr/site/stepiko/report/View.do?reIdx=1132,官方PDF已保存并校验
人工智能、数据与数字技术,核心科技直接材料,C-STEPI-A0201-1132,2024-12-31,W3,新안보시대 전략기술 진단·분석체계 연구(2차년도),机构正式研究,C:\Users\WINDOWS\OneDrive\知识库\智库信息爬虫\国际主要科技智库观点演变_研判\03_证据底稿\原文PDF\C-STEPI-A0201-1132.pdf,C:\Users\WINDOWS\OneDrive\知识库\智库信息爬虫\国际主要科技智库观点演变_研判\03_证据底稿\文本\C-STEPI-A0201-1132.txt,https://www.stepi.re.kr/site/stepiko/report/View.do?reIdx=1132,官方PDF已保存并校验
半导体、量子与战略技术,核心科技直接材料,C-STEPI-A0201-1132,2024-12-31,W3,新안보시대 전략기술 진단·분석체계 연구(2차년도),机构正式研究,C:\Users\WINDOWS\OneDrive\知识库\智库信息爬虫\国际主要科技智库观点演变_研判\03_证据底稿\原文PDF\C-STEPI-A0201-1132.pdf,C:\Users\WINDOWS\OneDrive\知识库\智库信息爬虫\国际主要科技智库观点演变_研判\03_证据底稿\文本\C-STEPI-A0201-1132.txt,https://www.stepi.re.kr/site/stepiko/report/View.do?reIdx=1132,官方PDF已保存并校验
能源、气候与绿色转型,核心科技直接材料,C-STEPI-A0201-1132,2024-12-31,W3,新안보시대 전략기술 진단·분석체계 연구(2차년도),机构正式研究,C:\Users\WINDOWS\OneDrive\知识库\智库信息爬虫\国际主要科技智库观点演变_研判\03_证据底稿\原文PDF\C-STEPI-A0201-1132.pdf,C:\Users\WINDOWS\OneDrive\知识库\智库信息爬虫\国际主要科技智库观点演变_研判\03_证据底稿\文本\C-STEPI-A0201-1132.txt,https://www.stepi.re.kr/site/stepiko/report/View.do?reIdx=1132,官方PDF已保存并校验
科研体系、研发投入与评价,核心科技直接材料,C-STEPI-A0201-1132,2024-12-31,W3,新안보시대 전략기술 진단·분석체계 연구(2차년도),机构正式研究,C:\Users\WINDOWS\OneDrive\知识库\智库信息爬虫\国际主要科技智库观点演变_研判\03_证据底稿\原文PDF\C-STEPI-A0201-1132.pdf,C:\Users\WINDOWS\OneDrive\知识库\智库信息爬虫\国际主要科技智库观点演变_研判\03_证据底稿\文本\C-STEPI-A0201-1132.txt,https://www.stepi.re.kr/site/stepiko/report/View.do?reIdx=1132,官方PDF已保存并校验
科技人才、大学与知识流动,核心科技直接材料,C-STEPI-A0201-1132,2024-12-31,W3,新안보시대 전략기술 진단·분석체계 연구(2차년도),机构正式研究,C:\Users\WINDOWS\OneDrive\知识库\智库信息爬虫\国际主要科技智库观点演变_研判\03_证据底稿\原文PDF\C-STEPI-A0201-1132.pdf,C:\Users\WINDOWS\OneDrive\知识库\智库信息爬虫\国际主要科技智库观点演变_研判\03_证据底稿\文本\C-STEPI-A0201-1132.txt,https://www.stepi.re.kr/site/stepiko/report/View.do?reIdx=1132,官方PDF已保存并校验
产业创新、创业与区域体系,核心科技直接材料,C-STEPI-A0201-1132,2024-12-31,W3,新안보시대 전략기술 진단·분석체계 연구(2차년도),机构正式研究,C:\Users\WINDOWS\OneDrive\知识库\智库信息爬虫\国际主要科技智库观点演变_研判\03_证据底稿\原文PDF\C-STEPI-A0201-1132.pdf,C:\Users\WINDOWS\OneDrive\知识库\智库信息爬虫\国际主要科技智库观点演变_研判\03_证据底稿\文本\C-STEPI-A0201-1132.txt,https://www.stepi.re.kr/site/stepiko/report/View.do?reIdx=1132,官方PDF已保存并校验
技术安全、供应链与国际合作,核心科技直接材料,C-STEPI-A0201-1132,2024-12-31,W3,新안보시대 전략기술 진단·분석체계 연구(2차년도),机构正式研究,C:\Users\WINDOWS\OneDrive\知识库\智库信息爬虫\国际主要科技智库观点演变_研判\03_证据底稿\原文PDF\C-STEPI-A0201-1132.pdf,C:\Users\WINDOWS\OneDrive\知识库\智库信息爬虫\国际主要科技智库观点演变_研判\03_证据底稿\文本\C-STEPI-A0201-1132.txt,https://www.stepi.re.kr/site/stepiko/report/View.do?reIdx=1132,官方PDF已保存并校验
科技前瞻与未来社会,核心科技直接材料,C-STEPI-A0201-1132,2024-12-31,W3,新안보시대 전략기술 진단·분석체계 연구(2차년도),机构正式研究,C:\Users\WINDOWS\OneDrive\知识库\智库信息爬虫\国际主要科技智库观点演变_研判\03_证据底稿\原文PDF\C-STEPI-A0201-1132.pdf,C:\Users\WINDOWS\OneDrive\知识库\智库信息爬虫\国际主要科技智库观点演变_研判\03_证据底稿\文本\C-STEPI-A0201-1132.txt,https://www.stepi.re.kr/site/stepiko/report/View.do?reIdx=1132,官方PDF已保存并校验
人工智能、数据与数字技术,科技创新政策与能力基线,C-STEPI-A0201-1133,2024-12-31,W3,신산업 과학기술인력의 수요 변화 모니터링 및 민간 중심 수급 자율화를 위한 기반 구축 사업(2차년도),机构正式研究,C:\Users\WINDOWS\OneDrive\知识库\智库信息爬虫\国际主要科技智库观点演变_研判\03_证据底稿\原文PDF\C-STEPI-A0201-1133.pdf,C:\Users\WINDOWS\OneDrive\知识库\智库信息爬虫\国际主要科技智库观点演变_研判\03_证据底稿\文本\C-STEPI-A0201-1133.txt,https://www.stepi.re.kr/site/stepiko/report/View.do?reIdx=1133,官方PDF已保存并校验
科研体系、研发投入与评价,科技创新政策与能力基线,C-STEPI-A0201-1133,2024-12-31,W3,신산업 과학기술인력의 수요 변화 모니터링 및 민간 중심 수급 자율화를 위한 기반 구축 사업(2차년도),机构正式研究,C:\Users\WINDOWS\OneDrive\知识库\智库信息爬虫\国际主要科技智库观点演变_研判\03_证据底稿\原文PDF\C-STEPI-A0201-1133.pdf,C:\Users\WINDOWS\OneDrive\知识库\智库信息爬虫\国际主要科技智库观点演变_研判\03_证据底稿\文本\C-STEPI-A0201-1133.txt,https://www.stepi.re.kr/site/stepiko/report/View.do?reIdx=1133,官方PDF已保存并校验
科技人才、大学与知识流动,科技创新政策与能力基线,C-STEPI-A0201-1133,2024-12-31,W3,신산업 과학기술인력의 수요 변화 모니터링 및 민간 중심 수급 자율화를 위한 기반 구축 사업(2차년도),机构正式研究,C:\Users\WINDOWS\OneDrive\知识库\智库信息爬虫\国际主要科技智库观点演变_研判\03_证据底稿\原文PDF\C-STEPI-A0201-1133.pdf,C:\Users\WINDOWS\OneDrive\知识库\智库信息爬虫\国际主要科技智库观点演变_研判\03_证据底稿\文本\C-STEPI-A0201-1133.txt,https://www.stepi.re.kr/site/stepiko/report/View.do?reIdx=1133,官方PDF已保存并校验
产业创新、创业与区域体系,科技创新政策与能力基线,C-STEPI-A0201-1133,2024-12-31,W3,신산업 과학기술인력의 수요 변화 모니터링 및 민간 중심 수급 자율화를 위한 기반 구축 사업(2차년도),机构正式研究,C:\Users\WINDOWS\OneDrive\知识库\智库信息爬虫\国际主要科技智库观点演变_研判\03_证据底稿\原文PDF\C-STEPI-A0201-1133.pdf,C:\Users\WINDOWS\OneDrive\知识库\智库信息爬虫\国际主要科技智库观点演变_研判\03_证据底稿\文本\C-STEPI-A0201-1133.txt,https://www.stepi.re.kr/site/stepiko/report/View.do?reIdx=1133,官方PDF已保存并校验
科研体系、研发投入与评价,科技创新政策与能力基线,C-STEPI-A0201-1134,2024-12-31,W3,2024년도 국제기술혁신협력사업(K-Innovation Partership Program),机构正式研究,C:\Users\WINDOWS\OneDrive\知识库\智库信息爬虫\国际主要科技智库观点演变_研判\03_证据底稿\原文PDF\C-STEPI-A0201-1134.pdf,C:\Users\WINDOWS\OneDrive\知识库\智库信息爬虫\国际主要科技智库观点演变_研判\03_证据底稿\文本\C-STEPI-A0201-1134.txt,https://www.stepi.re.kr/site/stepiko/report/View.do?reIdx=1134,官方PDF已保存并校验
科技人才、大学与知识流动,科技创新政策与能力基线,C-STEPI-A0201-1134,2024-12-31,W3,2024년도 국제기술혁신협력사업(K-Innovation Partership Program),机构正式研究,C:\Users\WINDOWS\OneDrive\知识库\智库信息爬虫\国际主要科技智库观点演变_研判\03_证据底稿\原文PDF\C-STEPI-A0201-1134.pdf,C:\Users\WINDOWS\OneDrive\知识库\智库信息爬虫\国际主要科技智库观点演变_研判\03_证据底稿\文本\C-STEPI-A0201-1134.txt,https://www.stepi.re.kr/site/stepiko/report/View.do?reIdx=1134,官方PDF已保存并校验
产业创新、创业与区域体系,科技创新政策与能力基线,C-STEPI-A0201-1134,2024-12-31,W3,2024년도 국제기술혁신협력사업(K-Innovation Partership Program),机构正式研究,C:\Users\WINDOWS\OneDrive\知识库\智库信息爬虫\国际主要科技智库观点演变_研判\03_证据底稿\原文PDF\C-STEPI-A0201-1134.pdf,C:\Users\WINDOWS\OneDrive\知识库\智库信息爬虫\国际主要科技智库观点演变_研判\03_证据底稿\文本\C-STEPI-A0201-1134.txt,https://www.stepi.re.kr/site/stepiko/report/View.do?reIdx=1134,官方PDF已保存并校验
科技前瞻与未来社会,科技创新政策与能力基线,C-STEPI-A0201-1134,2024-12-31,W3,2024년도 국제기술혁신협력사업(K-Innovation Partership Program),机构正式研究,C:\Users\WINDOWS\OneDrive\知识库\智库信息爬虫\国际主要科技智库观点演变_研判\03_证据底稿\原文PDF\C-STEPI-A0201-1134.pdf,C:\Users\WINDOWS\OneDrive\知识库\智库信息爬虫\国际主要科技智库观点演变_研判\03_证据底稿\文本\C-STEPI-A0201-1134.txt,https://www.stepi.re.kr/site/stepiko/report/View.do?reIdx=1134,官方PDF已保存并校验
人工智能、数据与数字技术,核心科技直接材料,C-STEPI-A0201-1135,2024-11-30,W3,비교행정관점의 과학기술강국(G5)  연구데이터 제도 분석 및 개선방안,机构正式研究,C:\Users\WINDOWS\OneDrive\知识库\智库信息爬虫\国际主要科技智库观点演变_研判\03_证据底稿\原文PDF\C-STEPI-A0201-1135.pdf,C:\Users\WINDOWS\OneDrive\知识库\智库信息爬虫\国际主要科技智库观点演变_研判\03_证据底稿\文本\C-STEPI-A0201-1135.txt,https://www.stepi.re.kr/site/stepiko/report/View.do?reIdx=1135,官方PDF已保存并校验
科研体系、研发投入与评价,核心科技直接材料,C-STEPI-A0201-1135,2024-11-30,W3,비교행정관점의 과학기술강국(G5)  연구데이터 제도 분석 및 개선방안,机构正式研究,C:\Users\WINDOWS\OneDrive\知识库\智库信息爬虫\国际主要科技智库观点演变_研判\03_证据底稿\原文PDF\C-STEPI-A0201-1135.pdf,C:\Users\WINDOWS\OneDrive\知识库\智库信息爬虫\国际主要科技智库观点演变_研判\03_证据底稿\文本\C-STEPI-A0201-1135.txt,https://www.stepi.re.kr/site/stepiko/report/View.do?reIdx=1135,官方PDF已保存并校验
科技前瞻与未来社会,核心科技直接材料,C-STEPI-A0201-1135,2024-11-30,W3,비교행정관점의 과학기술강국(G5)  연구데이터 제도 분석 및 개선방안,机构正式研究,C:\Users\WINDOWS\OneDrive\知识库\智库信息爬虫\国际主要科技智库观点演变_研判\03_证据底稿\原文PDF\C-STEPI-A0201-1135.pdf,C:\Users\WINDOWS\OneDrive\知识库\智库信息爬虫\国际主要科技智库观点演变_研判\03_证据底稿\文本\C-STEPI-A0201-1135.txt,https://www.stepi.re.kr/site/stepiko/report/View.do?reIdx=1135,官方PDF已保存并校验
科研体系、研发投入与评价,科技创新政策与能力基线,C-STEPI-A0201-1137,2024-11-30,W3,혁신 클러스터의 네트워크 구조 및 정책 개선방안 연구,机构正式研究,C:\Users\WINDOWS\OneDrive\知识库\智库信息爬虫\国际主要科技智库观点演变_研判\03_证据底稿\原文PDF\C-STEPI-A0201-1137.pdf,C:\Users\WINDOWS\OneDrive\知识库\智库信息爬虫\国际主要科技智库观点演变_研判\03_证据底稿\文本\C-STEPI-A0201-1137.txt,https://www.stepi.re.kr/site/stepiko/report/View.do?reIdx=1137,官方PDF已保存并校验
科技人才、大学与知识流动,科技创新政策与能力基线,C-STEPI-A0201-1137,2024-11-30,W3,혁신 클러스터의 네트워크 구조 및 정책 개선방안 연구,机构正式研究,C:\Users\WINDOWS\OneDrive\知识库\智库信息爬虫\国际主要科技智库观点演变_研判\03_证据底稿\原文PDF\C-STEPI-A0201-1137.pdf,C:\Users\WINDOWS\OneDrive\知识库\智库信息爬虫\国际主要科技智库观点演变_研判\03_证据底稿\文本\C-STEPI-A0201-1137.txt,https://www.stepi.re.kr/site/stepiko/report/View.do?reIdx=1137,官方PDF已保存并校验
产业创新、创业与区域体系,科技创新政策与能力基线,C-STEPI-A0201-1137,2024-11-30,W3,혁신 클러스터의 네트워크 구조 및 정책 개선방안 연구,机构正式研究,C:\Users\WINDOWS\OneDrive\知识库\智库信息爬虫\国际主要科技智库观点演变_研判\03_证据底稿\原文PDF\C-STEPI-A0201-1137.pdf,C:\Users\WINDOWS\OneDrive\知识库\智库信息爬虫\国际主要科技智库观点演变_研判\03_证据底稿\文本\C-STEPI-A0201-1137.txt,https://www.stepi.re.kr/site/stepiko/report/View.do?reIdx=1137,官方PDF已保存并校验
科技前瞻与未来社会,科技创新政策与能力基线,C-STEPI-A0201-1137,2024-11-30,W3,혁신 클러스터의 네트워크 구조 및 정책 개선방안 연구,机构正式研究,C:\Users\WINDOWS\OneDrive\知识库\智库信息爬虫\国际主要科技智库观点演变_研判\03_证据底稿\原文PDF\C-STEPI-A0201-1137.pdf,C:\Users\WINDOWS\OneDrive\知识库\智库信息爬虫\国际主要科技智库观点演变_研判\03_证据底稿\文本\C-STEPI-A0201-1137.txt,https://www.stepi.re.kr/site/stepiko/report/View.do?reIdx=1137,官方PDF已保存并校验
能源、气候与绿色转型,科技创新政策与能力基线,C-STEPI-A0201-1138,2024-11-30,W3,R&D재정사업 성과평가체계 문제점 진단 및 개선방안 연구,机构正式研究,C:\Users\WINDOWS\OneDrive\知识库\智库信息爬虫\国际主要科技智库观点演变_研判\03_证据底稿\原文PDF\C-STEPI-A0201-1138.pdf,C:\Users\WINDOWS\OneDrive\知识库\智库信息爬虫\国际主要科技智库观点演变_研判\03_证据底稿\文本\C-STEPI-A0201-1138.txt,https://www.stepi.re.kr/site/stepiko/report/View.do?reIdx=1138,官方PDF已保存并校验
科研体系、研发投入与评价,科技创新政策与能力基线,C-STEPI-A0201-1138,2024-11-30,W3,R&D재정사업 성과평가체계 문제점 진단 및 개선방안 연구,机构正式研究,C:\Users\WINDOWS\OneDrive\知识库\智库信息爬虫\国际主要科技智库观点演变_研判\03_证据底稿\原文PDF\C-STEPI-A0201-1138.pdf,C:\Users\WINDOWS\OneDrive\知识库\智库信息爬虫\国际主要科技智库观点演变_研判\03_证据底稿\文本\C-STEPI-A0201-1138.txt,https://www.stepi.re.kr/site/stepiko/report/View.do?reIdx=1138,官方PDF已保存并校验
科技前瞻与未来社会,科技创新政策与能力基线,C-STEPI-A0201-1138,2024-11-30,W3,R&D재정사업 성과평가체계 문제점 진단 및 개선방안 연구,机构正式研究,C:\Users\WINDOWS\OneDrive\知识库\智库信息爬虫\国际主要科技智库观点演变_研判\03_证据底稿\原文PDF\C-STEPI-A0201-1138.pdf,C:\Users\WINDOWS\OneDrive\知识库\智库信息爬虫\国际主要科技智库观点演变_研判\03_证据底稿\文本\C-STEPI-A0201-1138.txt,https://www.stepi.re.kr/site/stepiko/report/View.do?reIdx=1138,官方PDF已保存并校验
科研体系、研发投入与评价,科技创新政策与能力基线,C-STEPI-A0201-1139,2024-11-30,W3,도전·혁신형 국가R&D를 위한 평가체계 및 성과지표 개선방안 연구,机构正式研究,C:\Users\WINDOWS\OneDrive\知识库\智库信息爬虫\国际主要科技智库观点演变_研判\03_证据底稿\原文PDF\C-STEPI-A0201-1139.pdf,C:\Users\WINDOWS\OneDrive\知识库\智库信息爬虫\国际主要科技智库观点演变_研判\03_证据底稿\文本\C-STEPI-A0201-1139.txt,https://www.stepi.re.kr/site/stepiko/report/View.do?reIdx=1139,官方PDF已保存并校验
产业创新、创业与区域体系,科技创新政策与能力基线,C-STEPI-A0201-1139,2024-11-30,W3,도전·혁신형 국가R&D를 위한 평가체계 및 성과지표 개선방안 연구,机构正式研究,C:\Users\WINDOWS\OneDrive\知识库\智库信息爬虫\国际主要科技智库观点演变_研判\03_证据底稿\原文PDF\C-STEPI-A0201-1139.pdf,C:\Users\WINDOWS\OneDrive\知识库\智库信息爬虫\国际主要科技智库观点演变_研判\03_证据底稿\文本\C-STEPI-A0201-1139.txt,https://www.stepi.re.kr/site/stepiko/report/View.do?reIdx=1139,官方PDF已保存并校验
科技前瞻与未来社会,科技创新政策与能力基线,C-STEPI-A0201-1139,2024-11-30,W3,도전·혁신형 국가R&D를 위한 평가체계 및 성과지표 개선방안 연구,机构正式研究,C:\Users\WINDOWS\OneDrive\知识库\智库信息爬虫\国际主要科技智库观点演变_研判\03_证据底稿\原文PDF\C-STEPI-A0201-1139.pdf,C:\Users\WINDOWS\OneDrive\知识库\智库信息爬虫\国际主要科技智库观点演变_研判\03_证据底稿\文本\C-STEPI-A0201-1139.txt,https://www.stepi.re.kr/site/stepiko/report/View.do?reIdx=1139,官方PDF已保存并校验
人工智能、数据与数字技术,核心科技直接材料,C-STEPI-A0201-1140,2024-11-30,W3,글로벌 핵심·신흥기술(CET) 협력 전략 연구 - 인도-태평양을 중심으로 -,机构正式研究,C:\Users\WINDOWS\OneDrive\知识库\智库信息爬虫\国际主要科技智库观点演变_研判\03_证据底稿\原文PDF\C-STEPI-A0201-1140.pdf,C:\Users\WINDOWS\OneDrive\知识库\智库信息爬虫\国际主要科技智库观点演变_研判\03_证据底稿\文本\C-STEPI-A0201-1140.txt,https://www.stepi.re.kr/site/stepiko/report/View.do?reIdx=1140,官方PDF已保存并校验
半导体、量子与战略技术,核心科技直接材料,C-STEPI-A0201-1140,2024-11-30,W3,글로벌 핵심·신흥기술(CET) 협력 전략 연구 - 인도-태평양을 중심으로 -,机构正式研究,C:\Users\WINDOWS\OneDrive\知识库\智库信息爬虫\国际主要科技智库观点演变_研判\03_证据底稿\原文PDF\C-STEPI-A0201-1140.pdf,C:\Users\WINDOWS\OneDrive\知识库\智库信息爬虫\国际主要科技智库观点演变_研判\03_证据底稿\文本\C-STEPI-A0201-1140.txt,https://www.stepi.re.kr/site/stepiko/report/View.do?reIdx=1140,官方PDF已保存并校验
科研体系、研发投入与评价,核心科技直接材料,C-STEPI-A0201-1140,2024-11-30,W3,글로벌 핵심·신흥기술(CET) 협력 전략 연구 - 인도-태평양을 중심으로 -,机构正式研究,C:\Users\WINDOWS\OneDrive\知识库\智库信息爬虫\国际主要科技智库观点演变_研判\03_证据底稿\原文PDF\C-STEPI-A0201-1140.pdf,C:\Users\WINDOWS\OneDrive\知识库\智库信息爬虫\国际主要科技智库观点演变_研判\03_证据底稿\文本\C-STEPI-A0201-1140.txt,https://www.stepi.re.kr/site/stepiko/report/View.do?reIdx=1140,官方PDF已保存并校验
科技人才、大学与知识流动,核心科技直接材料,C-STEPI-A0201-1140,2024-11-30,W3,글로벌 핵심·신흥기술(CET) 협력 전략 연구 - 인도-태평양을 중심으로 -,机构正式研究,C:\Users\WINDOWS\OneDrive\知识库\智库信息爬虫\国际主要科技智库观点演变_研判\03_证据底稿\原文PDF\C-STEPI-A0201-1140.pdf,C:\Users\WINDOWS\OneDrive\知识库\智库信息爬虫\国际主要科技智库观点演变_研判\03_证据底稿\文本\C-STEPI-A0201-1140.txt,https://www.stepi.re.kr/site/stepiko/report/View.do?reIdx=1140,官方PDF已保存并校验
产业创新、创业与区域体系,核心科技直接材料,C-STEPI-A0201-1140,2024-11-30,W3,글로벌 핵심·신흥기술(CET) 협력 전략 연구 - 인도-태평양을 중심으로 -,机构正式研究,C:\Users\WINDOWS\OneDrive\知识库\智库信息爬虫\国际主要科技智库观点演变_研判\03_证据底稿\原文PDF\C-STEPI-A0201-1140.pdf,C:\Users\WINDOWS\OneDrive\知识库\智库信息爬虫\国际主要科技智库观点演变_研判\03_证据底稿\文本\C-STEPI-A0201-1140.txt,https://www.stepi.re.kr/site/stepiko/report/View.do?reIdx=1140,官方PDF已保存并校验
科技前瞻与未来社会,核心科技直接材料,C-STEPI-A0201-1140,2024-11-30,W3,글로벌 핵심·신흥기술(CET) 협력 전략 연구 - 인도-태평양을 중심으로 -,机构正式研究,C:\Users\WINDOWS\OneDrive\知识库\智库信息爬虫\国际主要科技智库观点演变_研判\03_证据底稿\原文PDF\C-STEPI-A0201-1140.pdf,C:\Users\WINDOWS\OneDrive\知识库\智库信息爬虫\国际主要科技智库观点演变_研判\03_证据底稿\文本\C-STEPI-A0201-1140.txt,https://www.stepi.re.kr/site/stepiko/report/View.do?reIdx=1140,官方PDF已保存并校验
人工智能、数据与数字技术,科技创新政策与能力基线,C-STEPI-A0201-1141,2024-11-30,W3,국가R&D 고성과 창출경로 분석 및 성과 제고 전략 연구,机构正式研究,C:\Users\WINDOWS\OneDrive\知识库\智库信息爬虫\国际主要科技智库观点演变_研判\03_证据底稿\原文PDF\C-STEPI-A0201-1141.pdf,C:\Users\WINDOWS\OneDrive\知识库\智库信息爬虫\国际主要科技智库观点演变_研判\03_证据底稿\文本\C-STEPI-A0201-1141.txt,https://www.stepi.re.kr/site/stepiko/report/View.do?reIdx=1141,官方PDF已保存并校验
科研体系、研发投入与评价,科技创新政策与能力基线,C-STEPI-A0201-1141,2024-11-30,W3,국가R&D 고성과 창출경로 분석 및 성과 제고 전략 연구,机构正式研究,C:\Users\WINDOWS\OneDrive\知识库\智库信息爬虫\国际主要科技智库观点演变_研判\03_证据底稿\原文PDF\C-STEPI-A0201-1141.pdf,C:\Users\WINDOWS\OneDrive\知识库\智库信息爬虫\国际主要科技智库观点演变_研判\03_证据底稿\文本\C-STEPI-A0201-1141.txt,https://www.stepi.re.kr/site/stepiko/report/View.do?reIdx=1141,官方PDF已保存并校验
科技人才、大学与知识流动,科技创新政策与能力基线,C-STEPI-A0201-1141,2024-11-30,W3,국가R&D 고성과 창출경로 분석 및 성과 제고 전략 연구,机构正式研究,C:\Users\WINDOWS\OneDrive\知识库\智库信息爬虫\国际主要科技智库观点演变_研判\03_证据底稿\原文PDF\C-STEPI-A0201-1141.pdf,C:\Users\WINDOWS\OneDrive\知识库\智库信息爬虫\国际主要科技智库观点演变_研判\03_证据底稿\文本\C-STEPI-A0201-1141.txt,https://www.stepi.re.kr/site/stepiko/report/View.do?reIdx=1141,官方PDF已保存并校验
产业创新、创业与区域体系,科技创新政策与能力基线,C-STEPI-A0201-1141,2024-11-30,W3,국가R&D 고성과 창출경로 분석 및 성과 제고 전략 연구,机构正式研究,C:\Users\WINDOWS\OneDrive\知识库\智库信息爬虫\国际主要科技智库观点演变_研判\03_证据底稿\原文PDF\C-STEPI-A0201-1141.pdf,C:\Users\WINDOWS\OneDrive\知识库\智库信息爬虫\国际主要科技智库观点演变_研判\03_证据底稿\文本\C-STEPI-A0201-1141.txt,https://www.stepi.re.kr/site/stepiko/report/View.do?reIdx=1141,官方PDF已保存并校验
科技前瞻与未来社会,科技创新政策与能力基线,C-STEPI-A0201-1141,2024-11-30,W3,국가R&D 고성과 창출경로 분석 및 성과 제고 전략 연구,机构正式研究,C:\Users\WINDOWS\OneDrive\知识库\智库信息爬虫\国际主要科技智库观点演变_研判\03_证据底稿\原文PDF\C-STEPI-A0201-1141.pdf,C:\Users\WINDOWS\OneDrive\知识库\智库信息爬虫\国际主要科技智库观点演变_研判\03_证据底稿\文本\C-STEPI-A0201-1141.txt,https://www.stepi.re.kr/site/stepiko/report/View.do?reIdx=1141,官方PDF已保存并校验
人工智能、数据与数字技术,科技创新政策与能力基线,C-STEPI-A0201-1142,2024-11-30,W3,기후변화 대응을 위한 NBI(Nature-Balanced Innovation) 활성화 방안,机构正式研究,C:\Users\WINDOWS\OneDrive\知识库\智库信息爬虫\国际主要科技智库观点演变_研判\03_证据底稿\原文PDF\C-STEPI-A0201-1142.pdf,C:\Users\WINDOWS\OneDrive\知识库\智库信息爬虫\国际主要科技智库观点演变_研判\03_证据底稿\文本\C-STEPI-A0201-1142.txt,https://www.stepi.re.kr/site/stepiko/report/View.do?reIdx=1142,官方PDF已保存并校验
能源、气候与绿色转型,科技创新政策与能力基线,C-STEPI-A0201-1142,2024-11-30,W3,기후변화 대응을 위한 NBI(Nature-Balanced Innovation) 활성화 방안,机构正式研究,C:\Users\WINDOWS\OneDrive\知识库\智库信息爬虫\国际主要科技智库观点演变_研判\03_证据底稿\原文PDF\C-STEPI-A0201-1142.pdf,C:\Users\WINDOWS\OneDrive\知识库\智库信息爬虫\国际主要科技智库观点演变_研判\03_证据底稿\文本\C-STEPI-A0201-1142.txt,https://www.stepi.re.kr/site/stepiko/report/View.do?reIdx=1142,官方PDF已保存并校验
科研体系、研发投入与评价,科技创新政策与能力基线,C-STEPI-A0201-1142,2024-11-30,W3,기후변화 대응을 위한 NBI(Nature-Balanced Innovation) 활성화 방안,机构正式研究,C:\Users\WINDOWS\OneDrive\知识库\智库信息爬虫\国际主要科技智库观点演变_研判\03_证据底稿\原文PDF\C-STEPI-A0201-1142.pdf,C:\Users\WINDOWS\OneDrive\知识库\智库信息爬虫\国际主要科技智库观点演变_研判\03_证据底稿\文本\C-STEPI-A0201-1142.txt,https://www.stepi.re.kr/site/stepiko/report/View.do?reIdx=1142,官方PDF已保存并校验
科技人才、大学与知识流动,科技创新政策与能力基线,C-STEPI-A0201-1142,2024-11-30,W3,기후변화 대응을 위한 NBI(Nature-Balanced Innovation) 활성화 방안,机构正式研究,C:\Users\WINDOWS\OneDrive\知识库\智库信息爬虫\国际主要科技智库观点演变_研判\03_证据底稿\原文PDF\C-STEPI-A0201-1142.pdf,C:\Users\WINDOWS\OneDrive\知识库\智库信息爬虫\国际主要科技智库观点演变_研判\03_证据底稿\文本\C-STEPI-A0201-1142.txt,https://www.stepi.re.kr/site/stepiko/report/View.do?reIdx=1142,官方PDF已保存并校验
产业创新、创业与区域体系,科技创新政策与能力基线,C-STEPI-A0201-1142,2024-11-30,W3,기후변화 대응을 위한 NBI(Nature-Balanced Innovation) 활성화 방안,机构正式研究,C:\Users\WINDOWS\OneDrive\知识库\智库信息爬虫\国际主要科技智库观点演变_研判\03_证据底稿\原文PDF\C-STEPI-A0201-1142.pdf,C:\Users\WINDOWS\OneDrive\知识库\智库信息爬虫\国际主要科技智库观点演变_研判\03_证据底稿\文本\C-STEPI-A0201-1142.txt,https://www.stepi.re.kr/site/stepiko/report/View.do?reIdx=1142,官方PDF已保存并校验
科技前瞻与未来社会,科技创新政策与能力基线,C-STEPI-A0201-1142,2024-11-30,W3,기후변화 대응을 위한 NBI(Nature-Balanced Innovation) 활성화 방안,机构正式研究,C:\Users\WINDOWS\OneDrive\知识库\智库信息爬虫\国际主要科技智库观点演变_研判\03_证据底稿\原文PDF\C-STEPI-A0201-1142.pdf,C:\Users\WINDOWS\OneDrive\知识库\智库信息爬虫\国际主要科技智库观点演变_研判\03_证据底稿\文本\C-STEPI-A0201-1142.txt,https://www.stepi.re.kr/site/stepiko/report/View.do?reIdx=1142,官方PDF已保存并校验
科研体系、研发投入与评价,科技创新政策与能力基线,C-STEPI-A0201-1143,2024-11-30,W3,창업생태계 고도화를 위한 창업기획자(액셀러레이터) 질적 향상 방안,机构正式研究,C:\Users\WINDOWS\OneDrive\知识库\智库信息爬虫\国际主要科技智库观点演变_研判\03_证据底稿\原文PDF\C-STEPI-A0201-1143.pdf,C:\Users\WINDOWS\OneDrive\知识库\智库信息爬虫\国际主要科技智库观点演变_研判\03_证据底稿\文本\C-STEPI-A0201-1143.txt,https://www.stepi.re.kr/site/stepiko/report/View.do?reIdx=1143,官方PDF已保存并校验
产业创新、创业与区域体系,科技创新政策与能力基线,C-STEPI-A0201-1143,2024-11-30,W3,창업생태계 고도화를 위한 창업기획자(액셀러레이터) 질적 향상 방안,机构正式研究,C:\Users\WINDOWS\OneDrive\知识库\智库信息爬虫\国际主要科技智库观点演变_研判\03_证据底稿\原文PDF\C-STEPI-A0201-1143.pdf,C:\Users\WINDOWS\OneDrive\知识库\智库信息爬虫\国际主要科技智库观点演变_研判\03_证据底稿\文本\C-STEPI-A0201-1143.txt,https://www.stepi.re.kr/site/stepiko/report/View.do?reIdx=1143,官方PDF已保存并校验
科研体系、研发投入与评价,科技创新政策与能力基线,C-STEPI-A0201-1144,2024-11-30,W3,지방시대 실현을 위한 통합형 지역혁신시스템 구성 방안 연구,机构正式研究,C:\Users\WINDOWS\OneDrive\知识库\智库信息爬虫\国际主要科技智库观点演变_研判\03_证据底稿\原文PDF\C-STEPI-A0201-1144.pdf,C:\Users\WINDOWS\OneDrive\知识库\智库信息爬虫\国际主要科技智库观点演变_研判\03_证据底稿\文本\C-STEPI-A0201-1144.txt,https://www.stepi.re.kr/site/stepiko/report/View.do?reIdx=1144,官方PDF已保存并校验
科技人才、大学与知识流动,科技创新政策与能力基线,C-STEPI-A0201-1144,2024-11-30,W3,지방시대 실현을 위한 통합형 지역혁신시스템 구성 방안 연구,机构正式研究,C:\Users\WINDOWS\OneDrive\知识库\智库信息爬虫\国际主要科技智库观点演变_研判\03_证据底稿\原文PDF\C-STEPI-A0201-1144.pdf,C:\Users\WINDOWS\OneDrive\知识库\智库信息爬虫\国际主要科技智库观点演变_研判\03_证据底稿\文本\C-STEPI-A0201-1144.txt,https://www.stepi.re.kr/site/stepiko/report/View.do?reIdx=1144,官方PDF已保存并校验
产业创新、创业与区域体系,科技创新政策与能力基线,C-STEPI-A0201-1144,2024-11-30,W3,지방시대 실현을 위한 통합형 지역혁신시스템 구성 방안 연구,机构正式研究,C:\Users\WINDOWS\OneDrive\知识库\智库信息爬虫\国际主要科技智库观点演变_研判\03_证据底稿\原文PDF\C-STEPI-A0201-1144.pdf,C:\Users\WINDOWS\OneDrive\知识库\智库信息爬虫\国际主要科技智库观点演变_研判\03_证据底稿\文本\C-STEPI-A0201-1144.txt,https://www.stepi.re.kr/site/stepiko/report/View.do?reIdx=1144,官方PDF已保存并校验
科技前瞻与未来社会,科技创新政策与能力基线,C-STEPI-A0201-1144,2024-11-30,W3,지방시대 실현을 위한 통합형 지역혁신시스템 구성 방안 연구,机构正式研究,C:\Users\WINDOWS\OneDrive\知识库\智库信息爬虫\国际主要科技智库观点演变_研判\03_证据底稿\原文PDF\C-STEPI-A0201-1144.pdf,C:\Users\WINDOWS\OneDrive\知识库\智库信息爬虫\国际主要科技智库观点演变_研判\03_证据底稿\文本\C-STEPI-A0201-1144.txt,https://www.stepi.re.kr/site/stepiko/report/View.do?reIdx=1144,官方PDF已保存并校验
科研体系、研发投入与评价,科技创新政策与能力基线,C-STEPI-A0201-1145,2024-11-30,W3,"과학기술인력 인재풀 확보 및 관리체제, 정책진단과 개선방향",机构正式研究,C:\Users\WINDOWS\OneDrive\知识库\智库信息爬虫\国际主要科技智库观点演变_研判\03_证据底稿\原文PDF\C-STEPI-A0201-1145.pdf,C:\Users\WINDOWS\OneDrive\知识库\智库信息爬虫\国际主要科技智库观点演变_研判\03_证据底稿\文本\C-STEPI-A0201-1145.txt,https://www.stepi.re.kr/site/stepiko/report/View.do?reIdx=1145,官方PDF已保存并校验
科技人才、大学与知识流动,科技创新政策与能力基线,C-STEPI-A0201-1145,2024-11-30,W3,"과학기술인력 인재풀 확보 및 관리체제, 정책진단과 개선방향",机构正式研究,C:\Users\WINDOWS\OneDrive\知识库\智库信息爬虫\国际主要科技智库观点演变_研判\03_证据底稿\原文PDF\C-STEPI-A0201-1145.pdf,C:\Users\WINDOWS\OneDrive\知识库\智库信息爬虫\国际主要科技智库观点演变_研判\03_证据底稿\文本\C-STEPI-A0201-1145.txt,https://www.stepi.re.kr/site/stepiko/report/View.do?reIdx=1145,官方PDF已保存并校验
产业创新、创业与区域体系,科技创新政策与能力基线,C-STEPI-A0201-1145,2024-11-30,W3,"과학기술인력 인재풀 확보 및 관리체제, 정책진단과 개선방향",机构正式研究,C:\Users\WINDOWS\OneDrive\知识库\智库信息爬虫\国际主要科技智库观点演变_研判\03_证据底稿\原文PDF\C-STEPI-A0201-1145.pdf,C:\Users\WINDOWS\OneDrive\知识库\智库信息爬虫\国际主要科技智库观点演变_研判\03_证据底稿\文本\C-STEPI-A0201-1145.txt,https://www.stepi.re.kr/site/stepiko/report/View.do?reIdx=1145,官方PDF已保存并校验
科技前瞻与未来社会,科技创新政策与能力基线,C-STEPI-A0201-1145,2024-11-30,W3,"과학기술인력 인재풀 확보 및 관리체제, 정책진단과 개선방향",机构正式研究,C:\Users\WINDOWS\OneDrive\知识库\智库信息爬虫\国际主要科技智库观点演变_研判\03_证据底稿\原文PDF\C-STEPI-A0201-1145.pdf,C:\Users\WINDOWS\OneDrive\知识库\智库信息爬虫\国际主要科技智库观点演变_研判\03_证据底稿\文本\C-STEPI-A0201-1145.txt,https://www.stepi.re.kr/site/stepiko/report/View.do?reIdx=1145,官方PDF已保存并校验
能源、气候与绿色转型,科技创新政策与能力基线,C-STEPI-A0201-1147,2025-11-30,W3,글로벌 수월성 제고를 위한  과학기술혁신시스템 개선 방안 연구,机构正式研究,C:\Users\WINDOWS\OneDrive\知识库\智库信息爬虫\国际主要科技智库观点演变_研判\03_证据底稿\原文PDF\C-STEPI-A0201-1147.pdf,C:\Users\WINDOWS\OneDrive\知识库\智库信息爬虫\国际主要科技智库观点演变_研判\03_证据底稿\文本\C-STEPI-A0201-1147.txt,https://www.stepi.re.kr/site/stepiko/report/View.do?reIdx=1147,官方PDF已保存并校验
科研体系、研发投入与评价,科技创新政策与能力基线,C-STEPI-A0201-1147,2025-11-30,W3,글로벌 수월성 제고를 위한  과학기술혁신시스템 개선 방안 연구,机构正式研究,C:\Users\WINDOWS\OneDrive\知识库\智库信息爬虫\国际主要科技智库观点演变_研判\03_证据底稿\原文PDF\C-STEPI-A0201-1147.pdf,C:\Users\WINDOWS\OneDrive\知识库\智库信息爬虫\国际主要科技智库观点演变_研判\03_证据底稿\文本\C-STEPI-A0201-1147.txt,https://www.stepi.re.kr/site/stepiko/report/View.do?reIdx=1147,官方PDF已保存并校验
科技人才、大学与知识流动,科技创新政策与能力基线,C-STEPI-A0201-1147,2025-11-30,W3,글로벌 수월성 제고를 위한  과학기술혁신시스템 개선 방안 연구,机构正式研究,C:\Users\WINDOWS\OneDrive\知识库\智库信息爬虫\国际主要科技智库观点演变_研判\03_证据底稿\原文PDF\C-STEPI-A0201-1147.pdf,C:\Users\WINDOWS\OneDrive\知识库\智库信息爬虫\国际主要科技智库观点演变_研判\03_证据底稿\文本\C-STEPI-A0201-1147.txt,https://www.stepi.re.kr/site/stepiko/report/View.do?reIdx=1147,官方PDF已保存并校验
产业创新、创业与区域体系,科技创新政策与能力基线,C-STEPI-A0201-1147,2025-11-30,W3,글로벌 수월성 제고를 위한  과학기술혁신시스템 개선 방안 연구,机构正式研究,C:\Users\WINDOWS\OneDrive\知识库\智库信息爬虫\国际主要科技智库观点演变_研判\03_证据底稿\原文PDF\C-STEPI-A0201-1147.pdf,C:\Users\WINDOWS\OneDrive\知识库\智库信息爬虫\国际主要科技智库观点演变_研判\03_证据底稿\文本\C-STEPI-A0201-1147.txt,https://www.stepi.re.kr/site/stepiko/report/View.do?reIdx=1147,官方PDF已保存并校验
技术安全、供应链与国际合作,科技创新政策与能力基线,C-STEPI-A0201-1147,2025-11-30,W3,글로벌 수월성 제고를 위한  과학기술혁신시스템 개선 방안 연구,机构正式研究,C:\Users\WINDOWS\OneDrive\知识库\智库信息爬虫\国际主要科技智库观点演变_研判\03_证据底稿\原文PDF\C-STEPI-A0201-1147.pdf,C:\Users\WINDOWS\OneDrive\知识库\智库信息爬虫\国际主要科技智库观点演变_研判\03_证据底稿\文本\C-STEPI-A0201-1147.txt,https://www.stepi.re.kr/site/stepiko/report/View.do?reIdx=1147,官方PDF已保存并校验
科技前瞻与未来社会,科技创新政策与能力基线,C-STEPI-A0201-1147,2025-11-30,W3,글로벌 수월성 제고를 위한  과학기술혁신시스템 개선 방안 연구,机构正式研究,C:\Users\WINDOWS\OneDrive\知识库\智库信息爬虫\国际主要科技智库观点演变_研判\03_证据底稿\原文PDF\C-STEPI-A0201-1147.pdf,C:\Users\WINDOWS\OneDrive\知识库\智库信息爬虫\国际主要科技智库观点演变_研判\03_证据底稿\文本\C-STEPI-A0201-1147.txt,https://www.stepi.re.kr/site/stepiko/report/View.do?reIdx=1147,官方PDF已保存并校验
生命科学、生物技术与健康,科技创新政策与能力基线,C-STEPI-A0201-1148,2025-11-30,W3,미래 선도형 국가로의 도약을 위한 신산업 전략연구,机构正式研究,C:\Users\WINDOWS\OneDrive\知识库\智库信息爬虫\国际主要科技智库观点演变_研判\03_证据底稿\原文PDF\C-STEPI-A0201-1148.pdf,C:\Users\WINDOWS\OneDrive\知识库\智库信息爬虫\国际主要科技智库观点演变_研判\03_证据底稿\文本\C-STEPI-A0201-1148.txt,https://www.stepi.re.kr/site/stepiko/report/View.do?reIdx=1148,官方PDF已保存并校验
能源、气候与绿色转型,科技创新政策与能力基线,C-STEPI-A0201-1148,2025-11-30,W3,미래 선도형 국가로의 도약을 위한 신산업 전략연구,机构正式研究,C:\Users\WINDOWS\OneDrive\知识库\智库信息爬虫\国际主要科技智库观点演变_研判\03_证据底稿\原文PDF\C-STEPI-A0201-1148.pdf,C:\Users\WINDOWS\OneDrive\知识库\智库信息爬虫\国际主要科技智库观点演变_研判\03_证据底稿\文本\C-STEPI-A0201-1148.txt,https://www.stepi.re.kr/site/stepiko/report/View.do?reIdx=1148,官方PDF已保存并校验
科研体系、研发投入与评价,科技创新政策与能力基线,C-STEPI-A0201-1148,2025-11-30,W3,미래 선도형 국가로의 도약을 위한 신산업 전략연구,机构正式研究,C:\Users\WINDOWS\OneDrive\知识库\智库信息爬虫\国际主要科技智库观点演变_研判\03_证据底稿\原文PDF\C-STEPI-A0201-1148.pdf,C:\Users\WINDOWS\OneDrive\知识库\智库信息爬虫\国际主要科技智库观点演变_研判\03_证据底稿\文本\C-STEPI-A0201-1148.txt,https://www.stepi.re.kr/site/stepiko/report/View.do?reIdx=1148,官方PDF已保存并校验
产业创新、创业与区域体系,科技创新政策与能力基线,C-STEPI-A0201-1148,2025-11-30,W3,미래 선도형 국가로의 도약을 위한 신산업 전략연구,机构正式研究,C:\Users\WINDOWS\OneDrive\知识库\智库信息爬虫\国际主要科技智库观点演变_研判\03_证据底稿\原文PDF\C-STEPI-A0201-1148.pdf,C:\Users\WINDOWS\OneDrive\知识库\智库信息爬虫\国际主要科技智库观点演变_研判\03_证据底稿\文本\C-STEPI-A0201-1148.txt,https://www.stepi.re.kr/site/stepiko/report/View.do?reIdx=1148,官方PDF已保存并校验
技术安全、供应链与国际合作,科技创新政策与能力基线,C-STEPI-A0201-1148,2025-11-30,W3,미래 선도형 국가로의 도약을 위한 신산업 전략연구,机构正式研究,C:\Users\WINDOWS\OneDrive\知识库\智库信息爬虫\国际主要科技智库观点演变_研判\03_证据底稿\原文PDF\C-STEPI-A0201-1148.pdf,C:\Users\WINDOWS\OneDrive\知识库\智库信息爬虫\国际主要科技智库观点演变_研判\03_证据底稿\文本\C-STEPI-A0201-1148.txt,https://www.stepi.re.kr/site/stepiko/report/View.do?reIdx=1148,官方PDF已保存并校验
科技前瞻与未来社会,科技创新政策与能力基线,C-STEPI-A0201-1148,2025-11-30,W3,미래 선도형 국가로의 도약을 위한 신산업 전략연구,机构正式研究,C:\Users\WINDOWS\OneDrive\知识库\智库信息爬虫\国际主要科技智库观点演变_研判\03_证据底稿\原文PDF\C-STEPI-A0201-1148.pdf,C:\Users\WINDOWS\OneDrive\知识库\智库信息爬虫\国际主要科技智库观点演变_研判\03_证据底稿\文本\C-STEPI-A0201-1148.txt,https://www.stepi.re.kr/site/stepiko/report/View.do?reIdx=1148,官方PDF已保存并校验
中国科技与国际比较,科技创新政策与能力基线,C-STEPI-A0201-1149,2025-11-30,W3,"변혁적 시기, 지속가능한 한중일 및 글로벌 사우스 과기협력전략 연구",机构正式研究,C:\Users\WINDOWS\OneDrive\知识库\智库信息爬虫\国际主要科技智库观点演变_研判\03_证据底稿\原文PDF\C-STEPI-A0201-1149.pdf,C:\Users\WINDOWS\OneDrive\知识库\智库信息爬虫\国际主要科技智库观点演变_研判\03_证据底稿\文本\C-STEPI-A0201-1149.txt,https://www.stepi.re.kr/site/stepiko/report/View.do?reIdx=1149,官方PDF已保存并校验
科研体系、研发投入与评价,科技创新政策与能力基线,C-STEPI-A0201-1149,2025-11-30,W3,"변혁적 시기, 지속가능한 한중일 및 글로벌 사우스 과기협력전략 연구",机构正式研究,C:\Users\WINDOWS\OneDrive\知识库\智库信息爬虫\国际主要科技智库观点演变_研判\03_证据底稿\原文PDF\C-STEPI-A0201-1149.pdf,C:\Users\WINDOWS\OneDrive\知识库\智库信息爬虫\国际主要科技智库观点演变_研判\03_证据底稿\文本\C-STEPI-A0201-1149.txt,https://www.stepi.re.kr/site/stepiko/report/View.do?reIdx=1149,官方PDF已保存并校验
产业创新、创业与区域体系,科技创新政策与能力基线,C-STEPI-A0201-1149,2025-11-30,W3,"변혁적 시기, 지속가능한 한중일 및 글로벌 사우스 과기협력전략 연구",机构正式研究,C:\Users\WINDOWS\OneDrive\知识库\智库信息爬虫\国际主要科技智库观点演变_研判\03_证据底稿\原文PDF\C-STEPI-A0201-1149.pdf,C:\Users\WINDOWS\OneDrive\知识库\智库信息爬虫\国际主要科技智库观点演变_研判\03_证据底稿\文本\C-STEPI-A0201-1149.txt,https://www.stepi.re.kr/site/stepiko/report/View.do?reIdx=1149,官方PDF已保存并校验
科技前瞻与未来社会,科技创新政策与能力基线,C-STEPI-A0201-1149,2025-11-30,W3,"변혁적 시기, 지속가능한 한중일 및 글로벌 사우스 과기협력전략 연구",机构正式研究,C:\Users\WINDOWS\OneDrive\知识库\智库信息爬虫\国际主要科技智库观点演变_研判\03_证据底稿\原文PDF\C-STEPI-A0201-1149.pdf,C:\Users\WINDOWS\OneDrive\知识库\智库信息爬虫\国际主要科技智库观点演变_研判\03_证据底稿\文本\C-STEPI-A0201-1149.txt,https://www.stepi.re.kr/site/stepiko/report/View.do?reIdx=1149,官方PDF已保存并校验
人工智能、数据与数字技术,科技创新政策与能力基线,C-STEPI-A0201-1150,2025-11-30,W3,기업의 R&D 활동 변화와 정부 R&D 지원 방향에 관한 연구,机构正式研究,C:\Users\WINDOWS\OneDrive\知识库\智库信息爬虫\国际主要科技智库观点演变_研判\03_证据底稿\原文PDF\C-STEPI-A0201-1150.pdf,C:\Users\WINDOWS\OneDrive\知识库\智库信息爬虫\国际主要科技智库观点演变_研判\03_证据底稿\文本\C-STEPI-A0201-1150.txt,https://www.stepi.re.kr/site/stepiko/report/View.do?reIdx=1150,官方PDF已保存并校验
科研体系、研发投入与评价,科技创新政策与能力基线,C-STEPI-A0201-1150,2025-11-30,W3,기업의 R&D 활동 변화와 정부 R&D 지원 방향에 관한 연구,机构正式研究,C:\Users\WINDOWS\OneDrive\知识库\智库信息爬虫\国际主要科技智库观点演变_研判\03_证据底稿\原文PDF\C-STEPI-A0201-1150.pdf,C:\Users\WINDOWS\OneDrive\知识库\智库信息爬虫\国际主要科技智库观点演变_研判\03_证据底稿\文本\C-STEPI-A0201-1150.txt,https://www.stepi.re.kr/site/stepiko/report/View.do?reIdx=1150,官方PDF已保存并校验
科技人才、大学与知识流动,科技创新政策与能力基线,C-STEPI-A0201-1150,2025-11-30,W3,기업의 R&D 활동 변화와 정부 R&D 지원 방향에 관한 연구,机构正式研究,C:\Users\WINDOWS\OneDrive\知识库\智库信息爬虫\国际主要科技智库观点演变_研判\03_证据底稿\原文PDF\C-STEPI-A0201-1150.pdf,C:\Users\WINDOWS\OneDrive\知识库\智库信息爬虫\国际主要科技智库观点演变_研判\03_证据底稿\文本\C-STEPI-A0201-1150.txt,https://www.stepi.re.kr/site/stepiko/report/View.do?reIdx=1150,官方PDF已保存并校验
产业创新、创业与区域体系,科技创新政策与能力基线,C-STEPI-A0201-1150,2025-11-30,W3,기업의 R&D 활동 변화와 정부 R&D 지원 방향에 관한 연구,机构正式研究,C:\Users\WINDOWS\OneDrive\知识库\智库信息爬虫\国际主要科技智库观点演变_研判\03_证据底稿\原文PDF\C-STEPI-A0201-1150.pdf,C:\Users\WINDOWS\OneDrive\知识库\智库信息爬虫\国际主要科技智库观点演变_研判\03_证据底稿\文本\C-STEPI-A0201-1150.txt,https://www.stepi.re.kr/site/stepiko/report/View.do?reIdx=1150,官方PDF已保存并校验
人工智能、数据与数字技术,科技创新政策与能力基线,C-STEPI-A0201-1151,2025-11-30,W3,과학기술인력의 공급체계 변화 진단과  양성정책 개선방안 연구,机构正式研究,C:\Users\WINDOWS\OneDrive\知识库\智库信息爬虫\国际主要科技智库观点演变_研判\03_证据底稿\原文PDF\C-STEPI-A0201-1151.pdf,C:\Users\WINDOWS\OneDrive\知识库\智库信息爬虫\国际主要科技智库观点演变_研判\03_证据底稿\文本\C-STEPI-A0201-1151.txt,https://www.stepi.re.kr/site/stepiko/report/View.do?reIdx=1151,官方PDF已保存并校验
科研体系、研发投入与评价,科技创新政策与能力基线,C-STEPI-A0201-1151,2025-11-30,W3,과학기술인력의 공급체계 변화 진단과  양성정책 개선방안 연구,机构正式研究,C:\Users\WINDOWS\OneDrive\知识库\智库信息爬虫\国际主要科技智库观点演变_研判\03_证据底稿\原文PDF\C-STEPI-A0201-1151.pdf,C:\Users\WINDOWS\OneDrive\知识库\智库信息爬虫\国际主要科技智库观点演变_研判\03_证据底稿\文本\C-STEPI-A0201-1151.txt,https://www.stepi.re.kr/site/stepiko/report/View.do?reIdx=1151,官方PDF已保存并校验
科技人才、大学与知识流动,科技创新政策与能力基线,C-STEPI-A0201-1151,2025-11-30,W3,과학기술인력의 공급체계 변화 진단과  양성정책 개선방안 연구,机构正式研究,C:\Users\WINDOWS\OneDrive\知识库\智库信息爬虫\国际主要科技智库观点演变_研判\03_证据底稿\原文PDF\C-STEPI-A0201-1151.pdf,C:\Users\WINDOWS\OneDrive\知识库\智库信息爬虫\国际主要科技智库观点演变_研判\03_证据底稿\文本\C-STEPI-A0201-1151.txt,https://www.stepi.re.kr/site/stepiko/report/View.do?reIdx=1151,官方PDF已保存并校验
产业创新、创业与区域体系,科技创新政策与能力基线,C-STEPI-A0201-1151,2025-11-30,W3,과학기술인력의 공급체계 변화 진단과  양성정책 개선방안 연구,机构正式研究,C:\Users\WINDOWS\OneDrive\知识库\智库信息爬虫\国际主要科技智库观点演变_研判\03_证据底稿\原文PDF\C-STEPI-A0201-1151.pdf,C:\Users\WINDOWS\OneDrive\知识库\智库信息爬虫\国际主要科技智库观点演变_研判\03_证据底稿\文本\C-STEPI-A0201-1151.txt,https://www.stepi.re.kr/site/stepiko/report/View.do?reIdx=1151,官方PDF已保存并校验
科技前瞻与未来社会,科技创新政策与能力基线,C-STEPI-A0201-1151,2025-11-30,W3,과학기술인력의 공급체계 변화 진단과  양성정책 개선방안 연구,机构正式研究,C:\Users\WINDOWS\OneDrive\知识库\智库信息爬虫\国际主要科技智库观点演变_研判\03_证据底稿\原文PDF\C-STEPI-A0201-1151.pdf,C:\Users\WINDOWS\OneDrive\知识库\智库信息爬虫\国际主要科技智库观点演变_研判\03_证据底稿\文本\C-STEPI-A0201-1151.txt,https://www.stepi.re.kr/site/stepiko/report/View.do?reIdx=1151,官方PDF已保存并校验
人工智能、数据与数字技术,科技创新政策与能力基线,C-STEPI-A0201-1152,2025-11-30,W3,대형 신규 국가연구개발사업 효율적 투자 및 관리체계 개선방안 연구,机构正式研究,C:\Users\WINDOWS\OneDrive\知识库\智库信息爬虫\国际主要科技智库观点演变_研判\03_证据底稿\原文PDF\C-STEPI-A0201-1152.pdf,C:\Users\WINDOWS\OneDrive\知识库\智库信息爬虫\国际主要科技智库观点演变_研判\03_证据底稿\文本\C-STEPI-A0201-1152.txt,https://www.stepi.re.kr/site/stepiko/report/View.do?reIdx=1152,官方PDF已保存并校验
科研体系、研发投入与评价,科技创新政策与能力基线,C-STEPI-A0201-1152,2025-11-30,W3,대형 신규 국가연구개발사업 효율적 투자 및 관리체계 개선방안 연구,机构正式研究,C:\Users\WINDOWS\OneDrive\知识库\智库信息爬虫\国际主要科技智库观点演变_研判\03_证据底稿\原文PDF\C-STEPI-A0201-1152.pdf,C:\Users\WINDOWS\OneDrive\知识库\智库信息爬虫\国际主要科技智库观点演变_研判\03_证据底稿\文本\C-STEPI-A0201-1152.txt,https://www.stepi.re.kr/site/stepiko/report/View.do?reIdx=1152,官方PDF已保存并校验
科技人才、大学与知识流动,科技创新政策与能力基线,C-STEPI-A0201-1152,2025-11-30,W3,대형 신규 국가연구개발사업 효율적 투자 및 관리체계 개선방안 연구,机构正式研究,C:\Users\WINDOWS\OneDrive\知识库\智库信息爬虫\国际主要科技智库观点演变_研判\03_证据底稿\原文PDF\C-STEPI-A0201-1152.pdf,C:\Users\WINDOWS\OneDrive\知识库\智库信息爬虫\国际主要科技智库观点演变_研判\03_证据底稿\文本\C-STEPI-A0201-1152.txt,https://www.stepi.re.kr/site/stepiko/report/View.do?reIdx=1152,官方PDF已保存并校验
产业创新、创业与区域体系,科技创新政策与能力基线,C-STEPI-A0201-1152,2025-11-30,W3,대형 신규 국가연구개발사업 효율적 투자 및 관리체계 개선방안 연구,机构正式研究,C:\Users\WINDOWS\OneDrive\知识库\智库信息爬虫\国际主要科技智库观点演变_研判\03_证据底稿\原文PDF\C-STEPI-A0201-1152.pdf,C:\Users\WINDOWS\OneDrive\知识库\智库信息爬虫\国际主要科技智库观点演变_研判\03_证据底稿\文本\C-STEPI-A0201-1152.txt,https://www.stepi.re.kr/site/stepiko/report/View.do?reIdx=1152,官方PDF已保存并校验
科研体系、研发投入与评价,科技创新政策与能力基线,C-STEPI-A0201-1153,2025-11-30,W3,R&D분야 전략적 지출검토 제도화 방안 연구,机构正式研究,C:\Users\WINDOWS\OneDrive\知识库\智库信息爬虫\国际主要科技智库观点演变_研判\03_证据底稿\原文PDF\C-STEPI-A0201-1153.pdf,C:\Users\WINDOWS\OneDrive\知识库\智库信息爬虫\国际主要科技智库观点演变_研判\03_证据底稿\文本\C-STEPI-A0201-1153.txt,https://www.stepi.re.kr/site/stepiko/report/View.do?reIdx=1153,官方PDF已保存并校验
中国科技与国际比较,核心科技直接材料,C-STEPI-A0201-1154,2025-11-30,W3,5대 우주강국 진입을 위한 국가 우주혁신시스템 구축 전략,机构正式研究,C:\Users\WINDOWS\OneDrive\知识库\智库信息爬虫\国际主要科技智库观点演变_研判\03_证据底稿\原文PDF\C-STEPI-A0201-1154.pdf,C:\Users\WINDOWS\OneDrive\知识库\智库信息爬虫\国际主要科技智库观点演变_研判\03_证据底稿\文本\C-STEPI-A0201-1154.txt,https://www.stepi.re.kr/site/stepiko/report/View.do?reIdx=1154,官方PDF已保存并校验
人工智能、数据与数字技术,核心科技直接材料,C-STEPI-A0201-1154,2025-11-30,W3,5대 우주강국 진입을 위한 국가 우주혁신시스템 구축 전략,机构正式研究,C:\Users\WINDOWS\OneDrive\知识库\智库信息爬虫\国际主要科技智库观点演变_研判\03_证据底稿\原文PDF\C-STEPI-A0201-1154.pdf,C:\Users\WINDOWS\OneDrive\知识库\智库信息爬虫\国际主要科技智库观点演变_研判\03_证据底稿\文本\C-STEPI-A0201-1154.txt,https://www.stepi.re.kr/site/stepiko/report/View.do?reIdx=1154,官方PDF已保存并校验
半导体、量子与战略技术,核心科技直接材料,C-STEPI-A0201-1154,2025-11-30,W3,5대 우주강국 진입을 위한 국가 우주혁신시스템 구축 전략,机构正式研究,C:\Users\WINDOWS\OneDrive\知识库\智库信息爬虫\国际主要科技智库观点演变_研判\03_证据底稿\原文PDF\C-STEPI-A0201-1154.pdf,C:\Users\WINDOWS\OneDrive\知识库\智库信息爬虫\国际主要科技智库观点演变_研判\03_证据底稿\文本\C-STEPI-A0201-1154.txt,https://www.stepi.re.kr/site/stepiko/report/View.do?reIdx=1154,官方PDF已保存并校验
科研体系、研发投入与评价,核心科技直接材料,C-STEPI-A0201-1154,2025-11-30,W3,5대 우주강국 진입을 위한 국가 우주혁신시스템 구축 전략,机构正式研究,C:\Users\WINDOWS\OneDrive\知识库\智库信息爬虫\国际主要科技智库观点演变_研判\03_证据底稿\原文PDF\C-STEPI-A0201-1154.pdf,C:\Users\WINDOWS\OneDrive\知识库\智库信息爬虫\国际主要科技智库观点演变_研判\03_证据底稿\文本\C-STEPI-A0201-1154.txt,https://www.stepi.re.kr/site/stepiko/report/View.do?reIdx=1154,官方PDF已保存并校验
科技人才、大学与知识流动,核心科技直接材料,C-STEPI-A0201-1154,2025-11-30,W3,5대 우주강국 진입을 위한 국가 우주혁신시스템 구축 전략,机构正式研究,C:\Users\WINDOWS\OneDrive\知识库\智库信息爬虫\国际主要科技智库观点演变_研判\03_证据底稿\原文PDF\C-STEPI-A0201-1154.pdf,C:\Users\WINDOWS\OneDrive\知识库\智库信息爬虫\国际主要科技智库观点演变_研判\03_证据底稿\文本\C-STEPI-A0201-1154.txt,https://www.stepi.re.kr/site/stepiko/report/View.do?reIdx=1154,官方PDF已保存并校验
产业创新、创业与区域体系,核心科技直接材料,C-STEPI-A0201-1154,2025-11-30,W3,5대 우주강국 진입을 위한 국가 우주혁신시스템 구축 전략,机构正式研究,C:\Users\WINDOWS\OneDrive\知识库\智库信息爬虫\国际主要科技智库观点演变_研判\03_证据底稿\原文PDF\C-STEPI-A0201-1154.pdf,C:\Users\WINDOWS\OneDrive\知识库\智库信息爬虫\国际主要科技智库观点演变_研判\03_证据底稿\文本\C-STEPI-A0201-1154.txt,https://www.stepi.re.kr/site/stepiko/report/View.do?reIdx=1154,官方PDF已保存并校验
技术安全、供应链与国际合作,核心科技直接材料,C-STEPI-A0201-1154,2025-11-30,W3,5대 우주강국 진입을 위한 국가 우주혁신시스템 구축 전략,机构正式研究,C:\Users\WINDOWS\OneDrive\知识库\智库信息爬虫\国际主要科技智库观点演变_研判\03_证据底稿\原文PDF\C-STEPI-A0201-1154.pdf,C:\Users\WINDOWS\OneDrive\知识库\智库信息爬虫\国际主要科技智库观点演变_研判\03_证据底稿\文本\C-STEPI-A0201-1154.txt,https://www.stepi.re.kr/site/stepiko/report/View.do?reIdx=1154,官方PDF已保存并校验
人工智能、数据与数字技术,科技创新政策与能力基线,C-STEPI-A0201-1155,2025-11-30,W3,축소사회 대응을 위한 지역과학기술혁신 방안,机构正式研究,C:\Users\WINDOWS\OneDrive\知识库\智库信息爬虫\国际主要科技智库观点演变_研判\03_证据底稿\原文PDF\C-STEPI-A0201-1155.pdf,C:\Users\WINDOWS\OneDrive\知识库\智库信息爬虫\国际主要科技智库观点演变_研判\03_证据底稿\文本\C-STEPI-A0201-1155.txt,https://www.stepi.re.kr/site/stepiko/report/View.do?reIdx=1155,官方PDF已保存并校验
半导体、量子与战略技术,科技创新政策与能力基线,C-STEPI-A0201-1155,2025-11-30,W3,축소사회 대응을 위한 지역과학기술혁신 방안,机构正式研究,C:\Users\WINDOWS\OneDrive\知识库\智库信息爬虫\国际主要科技智库观点演变_研判\03_证据底稿\原文PDF\C-STEPI-A0201-1155.pdf,C:\Users\WINDOWS\OneDrive\知识库\智库信息爬虫\国际主要科技智库观点演变_研判\03_证据底稿\文本\C-STEPI-A0201-1155.txt,https://www.stepi.re.kr/site/stepiko/report/View.do?reIdx=1155,官方PDF已保存并校验
科研体系、研发投入与评价,科技创新政策与能力基线,C-STEPI-A0201-1155,2025-11-30,W3,축소사회 대응을 위한 지역과학기술혁신 방안,机构正式研究,C:\Users\WINDOWS\OneDrive\知识库\智库信息爬虫\国际主要科技智库观点演变_研判\03_证据底稿\原文PDF\C-STEPI-A0201-1155.pdf,C:\Users\WINDOWS\OneDrive\知识库\智库信息爬虫\国际主要科技智库观点演变_研判\03_证据底稿\文本\C-STEPI-A0201-1155.txt,https://www.stepi.re.kr/site/stepiko/report/View.do?reIdx=1155,官方PDF已保存并校验
科技人才、大学与知识流动,科技创新政策与能力基线,C-STEPI-A0201-1155,2025-11-30,W3,축소사회 대응을 위한 지역과학기술혁신 방안,机构正式研究,C:\Users\WINDOWS\OneDrive\知识库\智库信息爬虫\国际主要科技智库观点演变_研判\03_证据底稿\原文PDF\C-STEPI-A0201-1155.pdf,C:\Users\WINDOWS\OneDrive\知识库\智库信息爬虫\国际主要科技智库观点演变_研判\03_证据底稿\文本\C-STEPI-A0201-1155.txt,https://www.stepi.re.kr/site/stepiko/report/View.do?reIdx=1155,官方PDF已保存并校验
产业创新、创业与区域体系,科技创新政策与能力基线,C-STEPI-A0201-1155,2025-11-30,W3,축소사회 대응을 위한 지역과학기술혁신 방안,机构正式研究,C:\Users\WINDOWS\OneDrive\知识库\智库信息爬虫\国际主要科技智库观点演变_研判\03_证据底稿\原文PDF\C-STEPI-A0201-1155.pdf,C:\Users\WINDOWS\OneDrive\知识库\智库信息爬虫\国际主要科技智库观点演变_研判\03_证据底稿\文本\C-STEPI-A0201-1155.txt,https://www.stepi.re.kr/site/stepiko/report/View.do?reIdx=1155,官方PDF已保存并校验
科技前瞻与未来社会,科技创新政策与能力基线,C-STEPI-A0201-1155,2025-11-30,W3,축소사회 대응을 위한 지역과학기술혁신 방안,机构正式研究,C:\Users\WINDOWS\OneDrive\知识库\智库信息爬虫\国际主要科技智库观点演变_研判\03_证据底稿\原文PDF\C-STEPI-A0201-1155.pdf,C:\Users\WINDOWS\OneDrive\知识库\智库信息爬虫\国际主要科技智库观点演变_研判\03_证据底稿\文本\C-STEPI-A0201-1155.txt,https://www.stepi.re.kr/site/stepiko/report/View.do?reIdx=1155,官方PDF已保存并校验
中国科技与国际比较,核心科技直接材料,C-STEPI-A0201-1156,2025-11-30,W3,AI 산업 성장에 대응하는 탄소중립 혁신 이슈 탐색 연구,机构正式研究,C:\Users\WINDOWS\OneDrive\知识库\智库信息爬虫\国际主要科技智库观点演变_研判\03_证据底稿\原文PDF\C-STEPI-A0201-1156.pdf,C:\Users\WINDOWS\OneDrive\知识库\智库信息爬虫\国际主要科技智库观点演变_研判\03_证据底稿\文本\C-STEPI-A0201-1156.txt,https://www.stepi.re.kr/site/stepiko/report/View.do?reIdx=1156,官方PDF已保存并校验
人工智能、数据与数字技术,核心科技直接材料,C-STEPI-A0201-1156,2025-11-30,W3,AI 산업 성장에 대응하는 탄소중립 혁신 이슈 탐색 연구,机构正式研究,C:\Users\WINDOWS\OneDrive\知识库\智库信息爬虫\国际主要科技智库观点演变_研判\03_证据底稿\原文PDF\C-STEPI-A0201-1156.pdf,C:\Users\WINDOWS\OneDrive\知识库\智库信息爬虫\国际主要科技智库观点演变_研判\03_证据底稿\文本\C-STEPI-A0201-1156.txt,https://www.stepi.re.kr/site/stepiko/report/View.do?reIdx=1156,官方PDF已保存并校验
半导体、量子与战略技术,核心科技直接材料,C-STEPI-A0201-1156,2025-11-30,W3,AI 산업 성장에 대응하는 탄소중립 혁신 이슈 탐색 연구,机构正式研究,C:\Users\WINDOWS\OneDrive\知识库\智库信息爬虫\国际主要科技智库观点演变_研判\03_证据底稿\原文PDF\C-STEPI-A0201-1156.pdf,C:\Users\WINDOWS\OneDrive\知识库\智库信息爬虫\国际主要科技智库观点演变_研判\03_证据底稿\文本\C-STEPI-A0201-1156.txt,https://www.stepi.re.kr/site/stepiko/report/View.do?reIdx=1156,官方PDF已保存并校验
能源、气候与绿色转型,核心科技直接材料,C-STEPI-A0201-1156,2025-11-30,W3,AI 산업 성장에 대응하는 탄소중립 혁신 이슈 탐색 연구,机构正式研究,C:\Users\WINDOWS\OneDrive\知识库\智库信息爬虫\国际主要科技智库观点演变_研判\03_证据底稿\原文PDF\C-STEPI-A0201-1156.pdf,C:\Users\WINDOWS\OneDrive\知识库\智库信息爬虫\国际主要科技智库观点演变_研判\03_证据底稿\文本\C-STEPI-A0201-1156.txt,https://www.stepi.re.kr/site/stepiko/report/View.do?reIdx=1156,官方PDF已保存并校验
科研体系、研发投入与评价,核心科技直接材料,C-STEPI-A0201-1156,2025-11-30,W3,AI 산업 성장에 대응하는 탄소중립 혁신 이슈 탐색 연구,机构正式研究,C:\Users\WINDOWS\OneDrive\知识库\智库信息爬虫\国际主要科技智库观点演变_研判\03_证据底稿\原文PDF\C-STEPI-A0201-1156.pdf,C:\Users\WINDOWS\OneDrive\知识库\智库信息爬虫\国际主要科技智库观点演变_研判\03_证据底稿\文本\C-STEPI-A0201-1156.txt,https://www.stepi.re.kr/site/stepiko/report/View.do?reIdx=1156,官方PDF已保存并校验
科技人才、大学与知识流动,核心科技直接材料,C-STEPI-A0201-1156,2025-11-30,W3,AI 산업 성장에 대응하는 탄소중립 혁신 이슈 탐색 연구,机构正式研究,C:\Users\WINDOWS\OneDrive\知识库\智库信息爬虫\国际主要科技智库观点演变_研判\03_证据底稿\原文PDF\C-STEPI-A0201-1156.pdf,C:\Users\WINDOWS\OneDrive\知识库\智库信息爬虫\国际主要科技智库观点演变_研判\03_证据底稿\文本\C-STEPI-A0201-1156.txt,https://www.stepi.re.kr/site/stepiko/report/View.do?reIdx=1156,官方PDF已保存并校验
产业创新、创业与区域体系,核心科技直接材料,C-STEPI-A0201-1156,2025-11-30,W3,AI 산업 성장에 대응하는 탄소중립 혁신 이슈 탐색 연구,机构正式研究,C:\Users\WINDOWS\OneDrive\知识库\智库信息爬虫\国际主要科技智库观点演变_研判\03_证据底稿\原文PDF\C-STEPI-A0201-1156.pdf,C:\Users\WINDOWS\OneDrive\知识库\智库信息爬虫\国际主要科技智库观点演变_研判\03_证据底稿\文本\C-STEPI-A0201-1156.txt,https://www.stepi.re.kr/site/stepiko/report/View.do?reIdx=1156,官方PDF已保存并校验
科技前瞻与未来社会,核心科技直接材料,C-STEPI-A0201-1156,2025-11-30,W3,AI 산업 성장에 대응하는 탄소중립 혁신 이슈 탐색 연구,机构正式研究,C:\Users\WINDOWS\OneDrive\知识库\智库信息爬虫\国际主要科技智库观点演变_研判\03_证据底稿\原文PDF\C-STEPI-A0201-1156.pdf,C:\Users\WINDOWS\OneDrive\知识库\智库信息爬虫\国际主要科技智库观点演变_研判\03_证据底稿\文本\C-STEPI-A0201-1156.txt,https://www.stepi.re.kr/site/stepiko/report/View.do?reIdx=1156,官方PDF已保存并校验
科研体系、研发投入与评价,科技创新政策与能力基线,C-STEPI-A0201-1157,2025-12-31,W3,혁신창업 및 기업가정신 생태계 모니터링 사업 (11차년도) (1권 : 지역 혁신창업생태계 현황과 과제),机构正式研究,C:\Users\WINDOWS\OneDrive\知识库\智库信息爬虫\国际主要科技智库观点演变_研判\03_证据底稿\原文PDF\C-STEPI-A0201-1157.pdf,C:\Users\WINDOWS\OneDrive\知识库\智库信息爬虫\国际主要科技智库观点演变_研判\03_证据底稿\文本\C-STEPI-A0201-1157.txt,https://www.stepi.re.kr/site/stepiko/report/View.do?reIdx=1157,官方PDF已保存并校验
产业创新、创业与区域体系,科技创新政策与能力基线,C-STEPI-A0201-1157,2025-12-31,W3,혁신창업 및 기업가정신 생태계 모니터링 사업 (11차년도) (1권 : 지역 혁신창업생태계 현황과 과제),机构正式研究,C:\Users\WINDOWS\OneDrive\知识库\智库信息爬虫\国际主要科技智库观点演变_研判\03_证据底稿\原文PDF\C-STEPI-A0201-1157.pdf,C:\Users\WINDOWS\OneDrive\知识库\智库信息爬虫\国际主要科技智库观点演变_研判\03_证据底稿\文本\C-STEPI-A0201-1157.txt,https://www.stepi.re.kr/site/stepiko/report/View.do?reIdx=1157,官方PDF已保存并校验
人工智能、数据与数字技术,科技创新政策与能力基线,C-STEPI-A0201-1158,2025-12-31,W3,혁신창업 및 기업가정신 생태계 모니터링 사업 (11차년도) (2권 : 딥테크 스타트업 생태계 현황 분석 및 진단),机构正式研究,C:\Users\WINDOWS\OneDrive\知识库\智库信息爬虫\国际主要科技智库观点演变_研判\03_证据底稿\原文PDF\C-STEPI-A0201-1158.pdf,C:\Users\WINDOWS\OneDrive\知识库\智库信息爬虫\国际主要科技智库观点演变_研判\03_证据底稿\文本\C-STEPI-A0201-1158.txt,https://www.stepi.re.kr/site/stepiko/report/View.do?reIdx=1158,官方PDF已保存并校验
半导体、量子与战略技术,科技创新政策与能力基线,C-STEPI-A0201-1158,2025-12-31,W3,혁신창업 및 기업가정신 생태계 모니터링 사업 (11차년도) (2권 : 딥테크 스타트업 생태계 현황 분석 및 진단),机构正式研究,C:\Users\WINDOWS\OneDrive\知识库\智库信息爬虫\国际主要科技智库观点演变_研判\03_证据底稿\原文PDF\C-STEPI-A0201-1158.pdf,C:\Users\WINDOWS\OneDrive\知识库\智库信息爬虫\国际主要科技智库观点演变_研判\03_证据底稿\文本\C-STEPI-A0201-1158.txt,https://www.stepi.re.kr/site/stepiko/report/View.do?reIdx=1158,官方PDF已保存并校验
能源、气候与绿色转型,科技创新政策与能力基线,C-STEPI-A0201-1158,2025-12-31,W3,혁신창업 및 기업가정신 생태계 모니터링 사업 (11차년도) (2권 : 딥테크 스타트업 생태계 현황 분석 및 진단),机构正式研究,C:\Users\WINDOWS\OneDrive\知识库\智库信息爬虫\国际主要科技智库观点演变_研判\03_证据底稿\原文PDF\C-STEPI-A0201-1158.pdf,C:\Users\WINDOWS\OneDrive\知识库\智库信息爬虫\国际主要科技智库观点演变_研判\03_证据底稿\文本\C-STEPI-A0201-1158.txt,https://www.stepi.re.kr/site/stepiko/report/View.do?reIdx=1158,官方PDF已保存并校验
科研体系、研发投入与评价,科技创新政策与能力基线,C-STEPI-A0201-1158,2025-12-31,W3,혁신창업 및 기업가정신 생태계 모니터링 사업 (11차년도) (2권 : 딥테크 스타트업 생태계 현황 분석 및 진단),机构正式研究,C:\Users\WINDOWS\OneDrive\知识库\智库信息爬虫\国际主要科技智库观点演变_研判\03_证据底稿\原文PDF\C-STEPI-A0201-1158.pdf,C:\Users\WINDOWS\OneDrive\知识库\智库信息爬虫\国际主要科技智库观点演变_研判\03_证据底稿\文本\C-STEPI-A0201-1158.txt,https://www.stepi.re.kr/site/stepiko/report/View.do?reIdx=1158,官方PDF已保存并校验
科技人才、大学与知识流动,科技创新政策与能力基线,C-STEPI-A0201-1158,2025-12-31,W3,혁신창업 및 기업가정신 생태계 모니터링 사업 (11차년도) (2권 : 딥테크 스타트업 생태계 현황 분석 및 진단),机构正式研究,C:\Users\WINDOWS\OneDrive\知识库\智库信息爬虫\国际主要科技智库观点演变_研判\03_证据底稿\原文PDF\C-STEPI-A0201-1158.pdf,C:\Users\WINDOWS\OneDrive\知识库\智库信息爬虫\国际主要科技智库观点演变_研判\03_证据底稿\文本\C-STEPI-A0201-1158.txt,https://www.stepi.re.kr/site/stepiko/report/View.do?reIdx=1158,官方PDF已保存并校验
产业创新、创业与区域体系,科技创新政策与能力基线,C-STEPI-A0201-1158,2025-12-31,W3,혁신창업 및 기업가정신 생태계 모니터링 사업 (11차년도) (2권 : 딥테크 스타트업 생태계 현황 분석 및 진단),机构正式研究,C:\Users\WINDOWS\OneDrive\知识库\智库信息爬虫\国际主要科技智库观点演变_研判\03_证据底稿\原文PDF\C-STEPI-A0201-1158.pdf,C:\Users\WINDOWS\OneDrive\知识库\智库信息爬虫\国际主要科技智库观点演变_研判\03_证据底稿\文本\C-STEPI-A0201-1158.txt,https://www.stepi.re.kr/site/stepiko/report/View.do?reIdx=1158,官方PDF已保存并校验
技术安全、供应链与国际合作,科技创新政策与能力基线,C-STEPI-A0201-1158,2025-12-31,W3,혁신창업 및 기업가정신 생태계 모니터링 사업 (11차년도) (2권 : 딥테크 스타트업 생태계 현황 분석 및 진단),机构正式研究,C:\Users\WINDOWS\OneDrive\知识库\智库信息爬虫\国际主要科技智库观点演变_研判\03_证据底稿\原文PDF\C-STEPI-A0201-1158.pdf,C:\Users\WINDOWS\OneDrive\知识库\智库信息爬虫\国际主要科技智库观点演变_研判\03_证据底稿\文本\C-STEPI-A0201-1158.txt,https://www.stepi.re.kr/site/stepiko/report/View.do?reIdx=1158,官方PDF已保存并校验
科技前瞻与未来社会,科技创新政策与能力基线,C-STEPI-A0201-1158,2025-12-31,W3,혁신창업 및 기업가정신 생태계 모니터링 사업 (11차년도) (2권 : 딥테크 스타트업 생태계 현황 분석 및 진단),机构正式研究,C:\Users\WINDOWS\OneDrive\知识库\智库信息爬虫\国际主要科技智库观点演变_研判\03_证据底稿\原文PDF\C-STEPI-A0201-1158.pdf,C:\Users\WINDOWS\OneDrive\知识库\智库信息爬虫\国际主要科技智库观点演变_研判\03_证据底稿\文本\C-STEPI-A0201-1158.txt,https://www.stepi.re.kr/site/stepiko/report/View.do?reIdx=1158,官方PDF已保存并校验
人工智能、数据与数字技术,科技创新政策与能力基线,C-STEPI-A0201-1159,2025-12-31,W3,기술규제 개혁을 위한 의제설정 연구사업(9차년도) - 기업의 기술규제 대응역량 제고 방안 -,机构正式研究,C:\Users\WINDOWS\OneDrive\知识库\智库信息爬虫\国际主要科技智库观点演变_研判\03_证据底稿\原文PDF\C-STEPI-A0201-1159.pdf,C:\Users\WINDOWS\OneDrive\知识库\智库信息爬虫\国际主要科技智库观点演变_研判\03_证据底稿\文本\C-STEPI-A0201-1159.txt,https://www.stepi.re.kr/site/stepiko/report/View.do?reIdx=1159,官方PDF已保存并校验
能源、气候与绿色转型,科技创新政策与能力基线,C-STEPI-A0201-1159,2025-12-31,W3,기술규제 개혁을 위한 의제설정 연구사업(9차년도) - 기업의 기술규제 대응역량 제고 방안 -,机构正式研究,C:\Users\WINDOWS\OneDrive\知识库\智库信息爬虫\国际主要科技智库观点演变_研判\03_证据底稿\原文PDF\C-STEPI-A0201-1159.pdf,C:\Users\WINDOWS\OneDrive\知识库\智库信息爬虫\国际主要科技智库观点演变_研判\03_证据底稿\文本\C-STEPI-A0201-1159.txt,https://www.stepi.re.kr/site/stepiko/report/View.do?reIdx=1159,官方PDF已保存并校验
科研体系、研发投入与评价,科技创新政策与能力基线,C-STEPI-A0201-1159,2025-12-31,W3,기술규제 개혁을 위한 의제설정 연구사업(9차년도) - 기업의 기술규제 대응역량 제고 방안 -,机构正式研究,C:\Users\WINDOWS\OneDrive\知识库\智库信息爬虫\国际主要科技智库观点演变_研判\03_证据底稿\原文PDF\C-STEPI-A0201-1159.pdf,C:\Users\WINDOWS\OneDrive\知识库\智库信息爬虫\国际主要科技智库观点演变_研判\03_证据底稿\文本\C-STEPI-A0201-1159.txt,https://www.stepi.re.kr/site/stepiko/report/View.do?reIdx=1159,官方PDF已保存并校验
产业创新、创业与区域体系,科技创新政策与能力基线,C-STEPI-A0201-1159,2025-12-31,W3,기술규제 개혁을 위한 의제설정 연구사업(9차년도) - 기업의 기술규제 대응역량 제고 방안 -,机构正式研究,C:\Users\WINDOWS\OneDrive\知识库\智库信息爬虫\国际主要科技智库观点演变_研判\03_证据底稿\原文PDF\C-STEPI-A0201-1159.pdf,C:\Users\WINDOWS\OneDrive\知识库\智库信息爬虫\国际主要科技智库观点演变_研判\03_证据底稿\文本\C-STEPI-A0201-1159.txt,https://www.stepi.re.kr/site/stepiko/report/View.do?reIdx=1159,官方PDF已保存并校验
中国科技与国际比较,科技创新政策与能力基线,C-STEPI-A0201-1161,2025-12-31,W3,국가난제 혁신전략 연구 2025 (제1권 : 국가난제에 대한 국민 인식 분석 및 총괄 운영 보고서),机构正式研究,C:\Users\WINDOWS\OneDrive\知识库\智库信息爬虫\国际主要科技智库观点演变_研判\03_证据底稿\原文PDF\C-STEPI-A0201-1161.pdf,C:\Users\WINDOWS\OneDrive\知识库\智库信息爬虫\国际主要科技智库观点演变_研判\03_证据底稿\文本\C-STEPI-A0201-1161.txt,https://www.stepi.re.kr/site/stepiko/report/View.do?reIdx=1161,官方PDF已保存并校验
人工智能、数据与数字技术,科技创新政策与能力基线,C-STEPI-A0201-1161,2025-12-31,W3,국가난제 혁신전략 연구 2025 (제1권 : 국가난제에 대한 국민 인식 분석 및 총괄 운영 보고서),机构正式研究,C:\Users\WINDOWS\OneDrive\知识库\智库信息爬虫\国际主要科技智库观点演变_研判\03_证据底稿\原文PDF\C-STEPI-A0201-1161.pdf,C:\Users\WINDOWS\OneDrive\知识库\智库信息爬虫\国际主要科技智库观点演变_研判\03_证据底稿\文本\C-STEPI-A0201-1161.txt,https://www.stepi.re.kr/site/stepiko/report/View.do?reIdx=1161,官方PDF已保存并校验
生命科学、生物技术与健康,科技创新政策与能力基线,C-STEPI-A0201-1161,2025-12-31,W3,국가난제 혁신전략 연구 2025 (제1권 : 국가난제에 대한 국민 인식 분석 및 총괄 운영 보고서),机构正式研究,C:\Users\WINDOWS\OneDrive\知识库\智库信息爬虫\国际主要科技智库观点演变_研判\03_证据底稿\原文PDF\C-STEPI-A0201-1161.pdf,C:\Users\WINDOWS\OneDrive\知识库\智库信息爬虫\国际主要科技智库观点演变_研判\03_证据底稿\文本\C-STEPI-A0201-1161.txt,https://www.stepi.re.kr/site/stepiko/report/View.do?reIdx=1161,官方PDF已保存并校验
能源、气候与绿色转型,科技创新政策与能力基线,C-STEPI-A0201-1161,2025-12-31,W3,국가난제 혁신전략 연구 2025 (제1권 : 국가난제에 대한 국민 인식 분석 및 총괄 운영 보고서),机构正式研究,C:\Users\WINDOWS\OneDrive\知识库\智库信息爬虫\国际主要科技智库观点演变_研判\03_证据底稿\原文PDF\C-STEPI-A0201-1161.pdf,C:\Users\WINDOWS\OneDrive\知识库\智库信息爬虫\国际主要科技智库观点演变_研判\03_证据底稿\文本\C-STEPI-A0201-1161.txt,https://www.stepi.re.kr/site/stepiko/report/View.do?reIdx=1161,官方PDF已保存并校验
科研体系、研发投入与评价,科技创新政策与能力基线,C-STEPI-A0201-1161,2025-12-31,W3,국가난제 혁신전략 연구 2025 (제1권 : 국가난제에 대한 국민 인식 분석 및 총괄 운영 보고서),机构正式研究,C:\Users\WINDOWS\OneDrive\知识库\智库信息爬虫\国际主要科技智库观点演变_研判\03_证据底稿\原文PDF\C-STEPI-A0201-1161.pdf,C:\Users\WINDOWS\OneDrive\知识库\智库信息爬虫\国际主要科技智库观点演变_研判\03_证据底稿\文本\C-STEPI-A0201-1161.txt,https://www.stepi.re.kr/site/stepiko/report/View.do?reIdx=1161,官方PDF已保存并校验
产业创新、创业与区域体系,科技创新政策与能力基线,C-STEPI-A0201-1161,2025-12-31,W3,국가난제 혁신전략 연구 2025 (제1권 : 국가난제에 대한 국민 인식 분석 및 총괄 운영 보고서),机构正式研究,C:\Users\WINDOWS\OneDrive\知识库\智库信息爬虫\国际主要科技智库观点演变_研判\03_证据底稿\原文PDF\C-STEPI-A0201-1161.pdf,C:\Users\WINDOWS\OneDrive\知识库\智库信息爬虫\国际主要科技智库观点演变_研判\03_证据底稿\文本\C-STEPI-A0201-1161.txt,https://www.stepi.re.kr/site/stepiko/report/View.do?reIdx=1161,官方PDF已保存并校验
技术安全、供应链与国际合作,科技创新政策与能力基线,C-STEPI-A0201-1161,2025-12-31,W3,국가난제 혁신전략 연구 2025 (제1권 : 국가난제에 대한 국민 인식 분석 및 총괄 운영 보고서),机构正式研究,C:\Users\WINDOWS\OneDrive\知识库\智库信息爬虫\国际主要科技智库观点演变_研判\03_证据底稿\原文PDF\C-STEPI-A0201-1161.pdf,C:\Users\WINDOWS\OneDrive\知识库\智库信息爬虫\国际主要科技智库观点演变_研判\03_证据底稿\文本\C-STEPI-A0201-1161.txt,https://www.stepi.re.kr/site/stepiko/report/View.do?reIdx=1161,官方PDF已保存并校验
科技前瞻与未来社会,科技创新政策与能力基线,C-STEPI-A0201-1161,2025-12-31,W3,국가난제 혁신전략 연구 2025 (제1권 : 국가난제에 대한 국민 인식 분석 및 총괄 운영 보고서),机构正式研究,C:\Users\WINDOWS\OneDrive\知识库\智库信息爬虫\国际主要科技智库观点演变_研判\03_证据底稿\原文PDF\C-STEPI-A0201-1161.pdf,C:\Users\WINDOWS\OneDrive\知识库\智库信息爬虫\国际主要科技智库观点演变_研判\03_证据底稿\文本\C-STEPI-A0201-1161.txt,https://www.stepi.re.kr/site/stepiko/report/View.do?reIdx=1161,官方PDF已保存并校验
能源、气候与绿色转型,科技创新政策与能力基线,C-STEPI-A0201-1162,2025-12-31,W3,국가난제 혁신전략 연구 2025 (제2권 : 지속가능한 순환경제 실현을 위한 국가난제 진단 연구),机构正式研究,C:\Users\WINDOWS\OneDrive\知识库\智库信息爬虫\国际主要科技智库观点演变_研判\03_证据底稿\原文PDF\C-STEPI-A0201-1162.pdf,C:\Users\WINDOWS\OneDrive\知识库\智库信息爬虫\国际主要科技智库观点演变_研判\03_证据底稿\文本\C-STEPI-A0201-1162.txt,https://www.stepi.re.kr/site/stepiko/report/View.do?reIdx=1162,官方PDF已保存并校验
科研体系、研发投入与评价,科技创新政策与能力基线,C-STEPI-A0201-1162,2025-12-31,W3,국가난제 혁신전략 연구 2025 (제2권 : 지속가능한 순환경제 실현을 위한 국가난제 진단 연구),机构正式研究,C:\Users\WINDOWS\OneDrive\知识库\智库信息爬虫\国际主要科技智库观点演变_研判\03_证据底稿\原文PDF\C-STEPI-A0201-1162.pdf,C:\Users\WINDOWS\OneDrive\知识库\智库信息爬虫\国际主要科技智库观点演变_研判\03_证据底稿\文本\C-STEPI-A0201-1162.txt,https://www.stepi.re.kr/site/stepiko/report/View.do?reIdx=1162,官方PDF已保存并校验
科技人才、大学与知识流动,科技创新政策与能力基线,C-STEPI-A0201-1162,2025-12-31,W3,국가난제 혁신전략 연구 2025 (제2권 : 지속가능한 순환경제 실현을 위한 국가난제 진단 연구),机构正式研究,C:\Users\WINDOWS\OneDrive\知识库\智库信息爬虫\国际主要科技智库观点演变_研判\03_证据底稿\原文PDF\C-STEPI-A0201-1162.pdf,C:\Users\WINDOWS\OneDrive\知识库\智库信息爬虫\国际主要科技智库观点演变_研判\03_证据底稿\文本\C-STEPI-A0201-1162.txt,https://www.stepi.re.kr/site/stepiko/report/View.do?reIdx=1162,官方PDF已保存并校验
产业创新、创业与区域体系,科技创新政策与能力基线,C-STEPI-A0201-1162,2025-12-31,W3,국가난제 혁신전략 연구 2025 (제2권 : 지속가능한 순환경제 실현을 위한 국가난제 진단 연구),机构正式研究,C:\Users\WINDOWS\OneDrive\知识库\智库信息爬虫\国际主要科技智库观点演变_研判\03_证据底稿\原文PDF\C-STEPI-A0201-1162.pdf,C:\Users\WINDOWS\OneDrive\知识库\智库信息爬虫\国际主要科技智库观点演变_研判\03_证据底稿\文本\C-STEPI-A0201-1162.txt,https://www.stepi.re.kr/site/stepiko/report/View.do?reIdx=1162,官方PDF已保存并校验
科技前瞻与未来社会,科技创新政策与能力基线,C-STEPI-A0201-1162,2025-12-31,W3,국가난제 혁신전략 연구 2025 (제2권 : 지속가능한 순환경제 실현을 위한 국가난제 진단 연구),机构正式研究,C:\Users\WINDOWS\OneDrive\知识库\智库信息爬虫\国际主要科技智库观点演变_研判\03_证据底稿\原文PDF\C-STEPI-A0201-1162.pdf,C:\Users\WINDOWS\OneDrive\知识库\智库信息爬虫\国际主要科技智库观点演变_研判\03_证据底稿\文本\C-STEPI-A0201-1162.txt,https://www.stepi.re.kr/site/stepiko/report/View.do?reIdx=1162,官方PDF已保存并校验
人工智能、数据与数字技术,核心科技直接材料,C-STEPI-A0201-1163,2025-12-31,W3,국가난제 혁신전략 연구 2025 (제3권 : 사이버경제안보 관점 공급망 난제 요인 분석 연구),机构正式研究,C:\Users\WINDOWS\OneDrive\知识库\智库信息爬虫\国际主要科技智库观点演变_研判\03_证据底稿\原文PDF\C-STEPI-A0201-1163.pdf,C:\Users\WINDOWS\OneDrive\知识库\智库信息爬虫\国际主要科技智库观点演变_研判\03_证据底稿\文本\C-STEPI-A0201-1163.txt,https://www.stepi.re.kr/site/stepiko/report/View.do?reIdx=1163,官方PDF已保存并校验
能源、气候与绿色转型,核心科技直接材料,C-STEPI-A0201-1163,2025-12-31,W3,국가난제 혁신전략 연구 2025 (제3권 : 사이버경제안보 관점 공급망 난제 요인 분석 연구),机构正式研究,C:\Users\WINDOWS\OneDrive\知识库\智库信息爬虫\国际主要科技智库观点演变_研判\03_证据底稿\原文PDF\C-STEPI-A0201-1163.pdf,C:\Users\WINDOWS\OneDrive\知识库\智库信息爬虫\国际主要科技智库观点演变_研判\03_证据底稿\文本\C-STEPI-A0201-1163.txt,https://www.stepi.re.kr/site/stepiko/report/View.do?reIdx=1163,官方PDF已保存并校验
科研体系、研发投入与评价,核心科技直接材料,C-STEPI-A0201-1163,2025-12-31,W3,국가난제 혁신전략 연구 2025 (제3권 : 사이버경제안보 관점 공급망 난제 요인 분석 연구),机构正式研究,C:\Users\WINDOWS\OneDrive\知识库\智库信息爬虫\国际主要科技智库观点演变_研判\03_证据底稿\原文PDF\C-STEPI-A0201-1163.pdf,C:\Users\WINDOWS\OneDrive\知识库\智库信息爬虫\国际主要科技智库观点演变_研判\03_证据底稿\文本\C-STEPI-A0201-1163.txt,https://www.stepi.re.kr/site/stepiko/report/View.do?reIdx=1163,官方PDF已保存并校验
科技人才、大学与知识流动,核心科技直接材料,C-STEPI-A0201-1163,2025-12-31,W3,국가난제 혁신전략 연구 2025 (제3권 : 사이버경제안보 관점 공급망 난제 요인 분석 연구),机构正式研究,C:\Users\WINDOWS\OneDrive\知识库\智库信息爬虫\国际主要科技智库观点演变_研判\03_证据底稿\原文PDF\C-STEPI-A0201-1163.pdf,C:\Users\WINDOWS\OneDrive\知识库\智库信息爬虫\国际主要科技智库观点演变_研判\03_证据底稿\文本\C-STEPI-A0201-1163.txt,https://www.stepi.re.kr/site/stepiko/report/View.do?reIdx=1163,官方PDF已保存并校验
产业创新、创业与区域体系,核心科技直接材料,C-STEPI-A0201-1163,2025-12-31,W3,국가난제 혁신전략 연구 2025 (제3권 : 사이버경제안보 관점 공급망 난제 요인 분석 연구),机构正式研究,C:\Users\WINDOWS\OneDrive\知识库\智库信息爬虫\国际主要科技智库观点演变_研判\03_证据底稿\原文PDF\C-STEPI-A0201-1163.pdf,C:\Users\WINDOWS\OneDrive\知识库\智库信息爬虫\国际主要科技智库观点演变_研判\03_证据底稿\文本\C-STEPI-A0201-1163.txt,https://www.stepi.re.kr/site/stepiko/report/View.do?reIdx=1163,官方PDF已保存并校验
技术安全、供应链与国际合作,核心科技直接材料,C-STEPI-A0201-1163,2025-12-31,W3,국가난제 혁신전략 연구 2025 (제3권 : 사이버경제안보 관점 공급망 난제 요인 분석 연구),机构正式研究,C:\Users\WINDOWS\OneDrive\知识库\智库信息爬虫\国际主要科技智库观点演变_研判\03_证据底稿\原文PDF\C-STEPI-A0201-1163.pdf,C:\Users\WINDOWS\OneDrive\知识库\智库信息爬虫\国际主要科技智库观点演变_研判\03_证据底稿\文本\C-STEPI-A0201-1163.txt,https://www.stepi.re.kr/site/stepiko/report/View.do?reIdx=1163,官方PDF已保存并校验
人工智能、数据与数字技术,科技创新政策与能力基线,C-STEPI-A0202-1164,2023-07-21,W3,서비스기반 혁신적 의료기기 산업 활성화를 위한 지원방향,机构正式研究,C:\Users\WINDOWS\OneDrive\知识库\智库信息爬虫\国际主要科技智库观点演变_研判\03_证据底稿\原文PDF\C-STEPI-A0202-1164.pdf,C:\Users\WINDOWS\OneDrive\知识库\智库信息爬虫\国际主要科技智库观点演变_研判\03_证据底稿\文本\C-STEPI-A0202-1164.txt,https://www.stepi.re.kr/site/stepiko/report/View.do?reIdx=1164,官方PDF已保存并校验
生命科学、生物技术与健康,科技创新政策与能力基线,C-STEPI-A0202-1164,2023-07-21,W3,서비스기반 혁신적 의료기기 산업 활성화를 위한 지원방향,机构正式研究,C:\Users\WINDOWS\OneDrive\知识库\智库信息爬虫\国际主要科技智库观点演变_研判\03_证据底稿\原文PDF\C-STEPI-A0202-1164.pdf,C:\Users\WINDOWS\OneDrive\知识库\智库信息爬虫\国际主要科技智库观点演变_研判\03_证据底稿\文本\C-STEPI-A0202-1164.txt,https://www.stepi.re.kr/site/stepiko/report/View.do?reIdx=1164,官方PDF已保存并校验
科研体系、研发投入与评价,科技创新政策与能力基线,C-STEPI-A0202-1164,2023-07-21,W3,서비스기반 혁신적 의료기기 산업 활성화를 위한 지원방향,机构正式研究,C:\Users\WINDOWS\OneDrive\知识库\智库信息爬虫\国际主要科技智库观点演变_研判\03_证据底稿\原文PDF\C-STEPI-A0202-1164.pdf,C:\Users\WINDOWS\OneDrive\知识库\智库信息爬虫\国际主要科技智库观点演变_研判\03_证据底稿\文本\C-STEPI-A0202-1164.txt,https://www.stepi.re.kr/site/stepiko/report/View.do?reIdx=1164,官方PDF已保存并校验
产业创新、创业与区域体系,科技创新政策与能力基线,C-STEPI-A0202-1164,2023-07-21,W3,서비스기반 혁신적 의료기기 산업 활성화를 위한 지원방향,机构正式研究,C:\Users\WINDOWS\OneDrive\知识库\智库信息爬虫\国际主要科技智库观点演变_研判\03_证据底稿\原文PDF\C-STEPI-A0202-1164.pdf,C:\Users\WINDOWS\OneDrive\知识库\智库信息爬虫\国际主要科技智库观点演变_研判\03_证据底稿\文本\C-STEPI-A0202-1164.txt,https://www.stepi.re.kr/site/stepiko/report/View.do?reIdx=1164,官方PDF已保存并校验
科技前瞻与未来社会,科技创新政策与能力基线,C-STEPI-A0202-1164,2023-07-21,W3,서비스기반 혁신적 의료기기 산업 활성화를 위한 지원방향,机构正式研究,C:\Users\WINDOWS\OneDrive\知识库\智库信息爬虫\国际主要科技智库观点演变_研判\03_证据底稿\原文PDF\C-STEPI-A0202-1164.pdf,C:\Users\WINDOWS\OneDrive\知识库\智库信息爬虫\国际主要科技智库观点演变_研判\03_证据底稿\文本\C-STEPI-A0202-1164.txt,https://www.stepi.re.kr/site/stepiko/report/View.do?reIdx=1164,官方PDF已保存并校验
半导体、量子与战略技术,科技创新政策与能力基线,C-STEPI-A0202-1165,2023-07-21,W3,정부지원연구개발비 부담기준 개선방안 연구,机构正式研究,C:\Users\WINDOWS\OneDrive\知识库\智库信息爬虫\国际主要科技智库观点演变_研判\03_证据底稿\原文PDF\C-STEPI-A0202-1165.pdf,C:\Users\WINDOWS\OneDrive\知识库\智库信息爬虫\国际主要科技智库观点演变_研判\03_证据底稿\文本\C-STEPI-A0202-1165.txt,https://www.stepi.re.kr/site/stepiko/report/View.do?reIdx=1165,官方PDF已保存并校验
科研体系、研发投入与评价,科技创新政策与能力基线,C-STEPI-A0202-1165,2023-07-21,W3,정부지원연구개발비 부담기준 개선방안 연구,机构正式研究,C:\Users\WINDOWS\OneDrive\知识库\智库信息爬虫\国际主要科技智库观点演变_研判\03_证据底稿\原文PDF\C-STEPI-A0202-1165.pdf,C:\Users\WINDOWS\OneDrive\知识库\智库信息爬虫\国际主要科技智库观点演变_研判\03_证据底稿\文本\C-STEPI-A0202-1165.txt,https://www.stepi.re.kr/site/stepiko/report/View.do?reIdx=1165,官方PDF已保存并校验
科技人才、大学与知识流动,科技创新政策与能力基线,C-STEPI-A0202-1165,2023-07-21,W3,정부지원연구개발비 부담기준 개선방안 연구,机构正式研究,C:\Users\WINDOWS\OneDrive\知识库\智库信息爬虫\国际主要科技智库观点演变_研判\03_证据底稿\原文PDF\C-STEPI-A0202-1165.pdf,C:\Users\WINDOWS\OneDrive\知识库\智库信息爬虫\国际主要科技智库观点演变_研判\03_证据底稿\文本\C-STEPI-A0202-1165.txt,https://www.stepi.re.kr/site/stepiko/report/View.do?reIdx=1165,官方PDF已保存并校验
产业创新、创业与区域体系,科技创新政策与能力基线,C-STEPI-A0202-1165,2023-07-21,W3,정부지원연구개발비 부담기준 개선방안 연구,机构正式研究,C:\Users\WINDOWS\OneDrive\知识库\智库信息爬虫\国际主要科技智库观点演变_研判\03_证据底稿\原文PDF\C-STEPI-A0202-1165.pdf,C:\Users\WINDOWS\OneDrive\知识库\智库信息爬虫\国际主要科技智库观点演变_研判\03_证据底稿\文本\C-STEPI-A0202-1165.txt,https://www.stepi.re.kr/site/stepiko/report/View.do?reIdx=1165,官方PDF已保存并校验
技术安全、供应链与国际合作,科技创新政策与能力基线,C-STEPI-A0202-1165,2023-07-21,W3,정부지원연구개발비 부담기준 개선방안 연구,机构正式研究,C:\Users\WINDOWS\OneDrive\知识库\智库信息爬虫\国际主要科技智库观点演变_研判\03_证据底稿\原文PDF\C-STEPI-A0202-1165.pdf,C:\Users\WINDOWS\OneDrive\知识库\智库信息爬虫\国际主要科技智库观点演变_研判\03_证据底稿\文本\C-STEPI-A0202-1165.txt,https://www.stepi.re.kr/site/stepiko/report/View.do?reIdx=1165,官方PDF已保存并校验
科技前瞻与未来社会,科技创新政策与能力基线,C-STEPI-A0202-1165,2023-07-21,W3,정부지원연구개발비 부담기준 개선방안 연구,机构正式研究,C:\Users\WINDOWS\OneDrive\知识库\智库信息爬虫\国际主要科技智库观点演变_研判\03_证据底稿\原文PDF\C-STEPI-A0202-1165.pdf,C:\Users\WINDOWS\OneDrive\知识库\智库信息爬虫\国际主要科技智库观点演变_研判\03_证据底稿\文本\C-STEPI-A0202-1165.txt,https://www.stepi.re.kr/site/stepiko/report/View.do?reIdx=1165,官方PDF已保存并校验
人工智能、数据与数字技术,科技创新政策与能力基线,C-STEPI-A0202-1166,2023-07-21,W3,특정기술 대상 조세지원 국내외 비교 및 시사점,机构正式研究,C:\Users\WINDOWS\OneDrive\知识库\智库信息爬虫\国际主要科技智库观点演变_研判\03_证据底稿\原文PDF\C-STEPI-A0202-1166.pdf,C:\Users\WINDOWS\OneDrive\知识库\智库信息爬虫\国际主要科技智库观点演变_研判\03_证据底稿\文本\C-STEPI-A0202-1166.txt,https://www.stepi.re.kr/site/stepiko/report/View.do?reIdx=1166,官方PDF已保存并校验
半导体、量子与战略技术,科技创新政策与能力基线,C-STEPI-A0202-1166,2023-07-21,W3,특정기술 대상 조세지원 국내외 비교 및 시사점,机构正式研究,C:\Users\WINDOWS\OneDrive\知识库\智库信息爬虫\国际主要科技智库观点演变_研判\03_证据底稿\原文PDF\C-STEPI-A0202-1166.pdf,C:\Users\WINDOWS\OneDrive\知识库\智库信息爬虫\国际主要科技智库观点演变_研判\03_证据底稿\文本\C-STEPI-A0202-1166.txt,https://www.stepi.re.kr/site/stepiko/report/View.do?reIdx=1166,官方PDF已保存并校验
能源、气候与绿色转型,科技创新政策与能力基线,C-STEPI-A0202-1166,2023-07-21,W3,특정기술 대상 조세지원 국내외 비교 및 시사점,机构正式研究,C:\Users\WINDOWS\OneDrive\知识库\智库信息爬虫\国际主要科技智库观点演变_研判\03_证据底稿\原文PDF\C-STEPI-A0202-1166.pdf,C:\Users\WINDOWS\OneDrive\知识库\智库信息爬虫\国际主要科技智库观点演变_研判\03_证据底稿\文本\C-STEPI-A0202-1166.txt,https://www.stepi.re.kr/site/stepiko/report/View.do?reIdx=1166,官方PDF已保存并校验
科研体系、研发投入与评价,科技创新政策与能力基线,C-STEPI-A0202-1166,2023-07-21,W3,특정기술 대상 조세지원 국내외 비교 및 시사점,机构正式研究,C:\Users\WINDOWS\OneDrive\知识库\智库信息爬虫\国际主要科技智库观点演变_研判\03_证据底稿\原文PDF\C-STEPI-A0202-1166.pdf,C:\Users\WINDOWS\OneDrive\知识库\智库信息爬虫\国际主要科技智库观点演变_研判\03_证据底稿\文本\C-STEPI-A0202-1166.txt,https://www.stepi.re.kr/site/stepiko/report/View.do?reIdx=1166,官方PDF已保存并校验
科技人才、大学与知识流动,科技创新政策与能力基线,C-STEPI-A0202-1166,2023-07-21,W3,특정기술 대상 조세지원 국내외 비교 및 시사점,机构正式研究,C:\Users\WINDOWS\OneDrive\知识库\智库信息爬虫\国际主要科技智库观点演变_研判\03_证据底稿\原文PDF\C-STEPI-A0202-1166.pdf,C:\Users\WINDOWS\OneDrive\知识库\智库信息爬虫\国际主要科技智库观点演变_研判\03_证据底稿\文本\C-STEPI-A0202-1166.txt,https://www.stepi.re.kr/site/stepiko/report/View.do?reIdx=1166,官方PDF已保存并校验
产业创新、创业与区域体系,科技创新政策与能力基线,C-STEPI-A0202-1166,2023-07-21,W3,특정기술 대상 조세지원 국내외 비교 및 시사점,机构正式研究,C:\Users\WINDOWS\OneDrive\知识库\智库信息爬虫\国际主要科技智库观点演变_研判\03_证据底稿\原文PDF\C-STEPI-A0202-1166.pdf,C:\Users\WINDOWS\OneDrive\知识库\智库信息爬虫\国际主要科技智库观点演变_研判\03_证据底稿\文本\C-STEPI-A0202-1166.txt,https://www.stepi.re.kr/site/stepiko/report/View.do?reIdx=1166,官方PDF已保存并校验
技术安全、供应链与国际合作,科技创新政策与能力基线,C-STEPI-A0202-1166,2023-07-21,W3,특정기술 대상 조세지원 국내외 비교 및 시사점,机构正式研究,C:\Users\WINDOWS\OneDrive\知识库\智库信息爬虫\国际主要科技智库观点演变_研判\03_证据底稿\原文PDF\C-STEPI-A0202-1166.pdf,C:\Users\WINDOWS\OneDrive\知识库\智库信息爬虫\国际主要科技智库观点演变_研判\03_证据底稿\文本\C-STEPI-A0202-1166.txt,https://www.stepi.re.kr/site/stepiko/report/View.do?reIdx=1166,官方PDF已保存并校验
科技前瞻与未来社会,科技创新政策与能力基线,C-STEPI-A0202-1166,2023-07-21,W3,특정기술 대상 조세지원 국내외 비교 및 시사점,机构正式研究,C:\Users\WINDOWS\OneDrive\知识库\智库信息爬虫\国际主要科技智库观点演变_研判\03_证据底稿\原文PDF\C-STEPI-A0202-1166.pdf,C:\Users\WINDOWS\OneDrive\知识库\智库信息爬虫\国际主要科技智库观点演变_研判\03_证据底稿\文本\C-STEPI-A0202-1166.txt,https://www.stepi.re.kr/site/stepiko/report/View.do?reIdx=1166,官方PDF已保存并校验
科研体系、研发投入与评价,科技创新政策与能力基线,C-STEPI-A0202-1167,2023-11-17,W3,연구발명 사기 진작을 위한 직무발명보상금 소득세제 개선방안 연구,机构正式研究,C:\Users\WINDOWS\OneDrive\知识库\智库信息爬虫\国际主要科技智库观点演变_研判\03_证据底稿\原文PDF\C-STEPI-A0202-1167.pdf,C:\Users\WINDOWS\OneDrive\知识库\智库信息爬虫\国际主要科技智库观点演变_研判\03_证据底稿\文本\C-STEPI-A0202-1167.txt,https://www.stepi.re.kr/site/stepiko/report/View.do?reIdx=1167,官方PDF已保存并校验
科技人才、大学与知识流动,科技创新政策与能力基线,C-STEPI-A0202-1167,2023-11-17,W3,연구발명 사기 진작을 위한 직무발명보상금 소득세제 개선방안 연구,机构正式研究,C:\Users\WINDOWS\OneDrive\知识库\智库信息爬虫\国际主要科技智库观点演变_研判\03_证据底稿\原文PDF\C-STEPI-A0202-1167.pdf,C:\Users\WINDOWS\OneDrive\知识库\智库信息爬虫\国际主要科技智库观点演变_研判\03_证据底稿\文本\C-STEPI-A0202-1167.txt,https://www.stepi.re.kr/site/stepiko/report/View.do?reIdx=1167,官方PDF已保存并校验
科研体系、研发投入与评价,科技创新政策与能力基线,C-STEPI-A0202-1168,2023-11-17,W3,기업 참여 과학기술인력양성체계 구축을 위한 정책방안 연구,机构正式研究,C:\Users\WINDOWS\OneDrive\知识库\智库信息爬虫\国际主要科技智库观点演变_研判\03_证据底稿\原文PDF\C-STEPI-A0202-1168.pdf,C:\Users\WINDOWS\OneDrive\知识库\智库信息爬虫\国际主要科技智库观点演变_研判\03_证据底稿\文本\C-STEPI-A0202-1168.txt,https://www.stepi.re.kr/site/stepiko/report/View.do?reIdx=1168,官方PDF已保存并校验
科技人才、大学与知识流动,科技创新政策与能力基线,C-STEPI-A0202-1168,2023-11-17,W3,기업 참여 과학기술인력양성체계 구축을 위한 정책방안 연구,机构正式研究,C:\Users\WINDOWS\OneDrive\知识库\智库信息爬虫\国际主要科技智库观点演变_研判\03_证据底稿\原文PDF\C-STEPI-A0202-1168.pdf,C:\Users\WINDOWS\OneDrive\知识库\智库信息爬虫\国际主要科技智库观点演变_研判\03_证据底稿\文本\C-STEPI-A0202-1168.txt,https://www.stepi.re.kr/site/stepiko/report/View.do?reIdx=1168,官方PDF已保存并校验
产业创新、创业与区域体系,科技创新政策与能力基线,C-STEPI-A0202-1168,2023-11-17,W3,기업 참여 과학기술인력양성체계 구축을 위한 정책방안 연구,机构正式研究,C:\Users\WINDOWS\OneDrive\知识库\智库信息爬虫\国际主要科技智库观点演变_研判\03_证据底稿\原文PDF\C-STEPI-A0202-1168.pdf,C:\Users\WINDOWS\OneDrive\知识库\智库信息爬虫\国际主要科技智库观点演变_研判\03_证据底稿\文本\C-STEPI-A0202-1168.txt,https://www.stepi.re.kr/site/stepiko/report/View.do?reIdx=1168,官方PDF已保存并校验
科技前瞻与未来社会,科技创新政策与能力基线,C-STEPI-A0202-1168,2023-11-17,W3,기업 참여 과학기술인력양성체계 구축을 위한 정책방안 연구,机构正式研究,C:\Users\WINDOWS\OneDrive\知识库\智库信息爬虫\国际主要科技智库观点演变_研判\03_证据底稿\原文PDF\C-STEPI-A0202-1168.pdf,C:\Users\WINDOWS\OneDrive\知识库\智库信息爬虫\国际主要科技智库观点演变_研判\03_证据底稿\文本\C-STEPI-A0202-1168.txt,https://www.stepi.re.kr/site/stepiko/report/View.do?reIdx=1168,官方PDF已保存并校验
科研体系、研发投入与评价,科技创新政策与能力基线,C-STEPI-A0202-1169,2023-11-17,W3,국가연구개발사업 사업단 추진방식의 현황 분석 및 적용 가능 영역 탐색,机构正式研究,C:\Users\WINDOWS\OneDrive\知识库\智库信息爬虫\国际主要科技智库观点演变_研判\03_证据底稿\原文PDF\C-STEPI-A0202-1169.pdf,C:\Users\WINDOWS\OneDrive\知识库\智库信息爬虫\国际主要科技智库观点演变_研判\03_证据底稿\文本\C-STEPI-A0202-1169.txt,https://www.stepi.re.kr/site/stepiko/report/View.do?reIdx=1169,官方PDF已保存并校验
科技人才、大学与知识流动,科技创新政策与能力基线,C-STEPI-A0202-1169,2023-11-17,W3,국가연구개발사업 사업단 추진방식의 현황 분석 및 적용 가능 영역 탐색,机构正式研究,C:\Users\WINDOWS\OneDrive\知识库\智库信息爬虫\国际主要科技智库观点演变_研判\03_证据底稿\原文PDF\C-STEPI-A0202-1169.pdf,C:\Users\WINDOWS\OneDrive\知识库\智库信息爬虫\国际主要科技智库观点演变_研判\03_证据底稿\文本\C-STEPI-A0202-1169.txt,https://www.stepi.re.kr/site/stepiko/report/View.do?reIdx=1169,官方PDF已保存并校验
人工智能、数据与数字技术,科技创新政策与能力基线,C-STEPI-A0201-1170,2025-12-31,W3,정부R&D 성과의 경제․사회적 확산 경로가 갖는 영향 분석:  주요 사례의 역추적(Reverse Traces) 중심으로,机构正式研究,C:\Users\WINDOWS\OneDrive\知识库\智库信息爬虫\国际主要科技智库观点演变_研判\03_证据底稿\原文PDF\C-STEPI-A0201-1170.pdf,C:\Users\WINDOWS\OneDrive\知识库\智库信息爬虫\国际主要科技智库观点演变_研判\03_证据底稿\文本\C-STEPI-A0201-1170.txt,https://www.stepi.re.kr/site/stepiko/report/View.do?reIdx=1170,官方PDF已保存并校验
科研体系、研发投入与评价,科技创新政策与能力基线,C-STEPI-A0201-1170,2025-12-31,W3,정부R&D 성과의 경제․사회적 확산 경로가 갖는 영향 분석:  주요 사례의 역추적(Reverse Traces) 중심으로,机构正式研究,C:\Users\WINDOWS\OneDrive\知识库\智库信息爬虫\国际主要科技智库观点演变_研判\03_证据底稿\原文PDF\C-STEPI-A0201-1170.pdf,C:\Users\WINDOWS\OneDrive\知识库\智库信息爬虫\国际主要科技智库观点演变_研判\03_证据底稿\文本\C-STEPI-A0201-1170.txt,https://www.stepi.re.kr/site/stepiko/report/View.do?reIdx=1170,官方PDF已保存并校验
科技人才、大学与知识流动,科技创新政策与能力基线,C-STEPI-A0201-1170,2025-12-31,W3,정부R&D 성과의 경제․사회적 확산 경로가 갖는 영향 분석:  주요 사례의 역추적(Reverse Traces) 중심으로,机构正式研究,C:\Users\WINDOWS\OneDrive\知识库\智库信息爬虫\国际主要科技智库观点演变_研判\03_证据底稿\原文PDF\C-STEPI-A0201-1170.pdf,C:\Users\WINDOWS\OneDrive\知识库\智库信息爬虫\国际主要科技智库观点演变_研判\03_证据底稿\文本\C-STEPI-A0201-1170.txt,https://www.stepi.re.kr/site/stepiko/report/View.do?reIdx=1170,官方PDF已保存并校验
产业创新、创业与区域体系,科技创新政策与能力基线,C-STEPI-A0201-1170,2025-12-31,W3,정부R&D 성과의 경제․사회적 확산 경로가 갖는 영향 분석:  주요 사례의 역추적(Reverse Traces) 중심으로,机构正式研究,C:\Users\WINDOWS\OneDrive\知识库\智库信息爬虫\国际主要科技智库观点演变_研判\03_证据底稿\原文PDF\C-STEPI-A0201-1170.pdf,C:\Users\WINDOWS\OneDrive\知识库\智库信息爬虫\国际主要科技智库观点演变_研判\03_证据底稿\文本\C-STEPI-A0201-1170.txt,https://www.stepi.re.kr/site/stepiko/report/View.do?reIdx=1170,官方PDF已保存并校验
科技前瞻与未来社会,科技创新政策与能力基线,C-STEPI-A0201-1170,2025-12-31,W3,정부R&D 성과의 경제․사회적 확산 경로가 갖는 영향 분석:  주요 사례의 역추적(Reverse Traces) 중심으로,机构正式研究,C:\Users\WINDOWS\OneDrive\知识库\智库信息爬虫\国际主要科技智库观点演变_研判\03_证据底稿\原文PDF\C-STEPI-A0201-1170.pdf,C:\Users\WINDOWS\OneDrive\知识库\智库信息爬虫\国际主要科技智库观点演变_研判\03_证据底稿\文本\C-STEPI-A0201-1170.txt,https://www.stepi.re.kr/site/stepiko/report/View.do?reIdx=1170,官方PDF已保存并校验
人工智能、数据与数字技术,科技创新政策与能力基线,C-STEPI-A0202-1171,2024-07-31,W3,중소기업 기술혁신 지원제도 개선을 위한 성과분석 고도화 방안 탐색 연구,机构正式研究,C:\Users\WINDOWS\OneDrive\知识库\智库信息爬虫\国际主要科技智库观点演变_研判\03_证据底稿\原文PDF\C-STEPI-A0202-1171.pdf,C:\Users\WINDOWS\OneDrive\知识库\智库信息爬虫\国际主要科技智库观点演变_研判\03_证据底稿\文本\C-STEPI-A0202-1171.txt,https://www.stepi.re.kr/site/stepiko/report/View.do?reIdx=1171,官方PDF已保存并校验
科研体系、研发投入与评价,科技创新政策与能力基线,C-STEPI-A0202-1171,2024-07-31,W3,중소기업 기술혁신 지원제도 개선을 위한 성과분석 고도화 방안 탐색 연구,机构正式研究,C:\Users\WINDOWS\OneDrive\知识库\智库信息爬虫\国际主要科技智库观点演变_研判\03_证据底稿\原文PDF\C-STEPI-A0202-1171.pdf,C:\Users\WINDOWS\OneDrive\知识库\智库信息爬虫\国际主要科技智库观点演变_研判\03_证据底稿\文本\C-STEPI-A0202-1171.txt,https://www.stepi.re.kr/site/stepiko/report/View.do?reIdx=1171,官方PDF已保存并校验
产业创新、创业与区域体系,科技创新政策与能力基线,C-STEPI-A0202-1171,2024-07-31,W3,중소기업 기술혁신 지원제도 개선을 위한 성과분석 고도화 방안 탐색 연구,机构正式研究,C:\Users\WINDOWS\OneDrive\知识库\智库信息爬虫\国际主要科技智库观点演变_研判\03_证据底稿\原文PDF\C-STEPI-A0202-1171.pdf,C:\Users\WINDOWS\OneDrive\知识库\智库信息爬虫\国际主要科技智库观点演变_研判\03_证据底稿\文本\C-STEPI-A0202-1171.txt,https://www.stepi.re.kr/site/stepiko/report/View.do?reIdx=1171,官方PDF已保存并校验
人工智能、数据与数字技术,科技创新政策与能力基线,C-STEPI-A0202-1172,2021-12-31,W2,OTT 플랫폼 경쟁력 강화를 위한 규제 혁신 방안,机构正式研究,C:\Users\WINDOWS\OneDrive\知识库\智库信息爬虫\国际主要科技智库观点演变_研判\03_证据底稿\原文PDF\C-STEPI-A0202-1172.pdf,C:\Users\WINDOWS\OneDrive\知识库\智库信息爬虫\国际主要科技智库观点演变_研判\03_证据底稿\文本\C-STEPI-A0202-1172.txt,https://www.stepi.re.kr/site/stepiko/report/View.do?reIdx=1172,官方PDF已保存并校验
科研体系、研发投入与评价,科技创新政策与能力基线,C-STEPI-A0202-1172,2021-12-31,W2,OTT 플랫폼 경쟁력 강화를 위한 규제 혁신 방안,机构正式研究,C:\Users\WINDOWS\OneDrive\知识库\智库信息爬虫\国际主要科技智库观点演变_研判\03_证据底稿\原文PDF\C-STEPI-A0202-1172.pdf,C:\Users\WINDOWS\OneDrive\知识库\智库信息爬虫\国际主要科技智库观点演变_研判\03_证据底稿\文本\C-STEPI-A0202-1172.txt,https://www.stepi.re.kr/site/stepiko/report/View.do?reIdx=1172,官方PDF已保存并校验
科技人才、大学与知识流动,科技创新政策与能力基线,C-STEPI-A0202-1172,2021-12-31,W2,OTT 플랫폼 경쟁력 강화를 위한 규제 혁신 방안,机构正式研究,C:\Users\WINDOWS\OneDrive\知识库\智库信息爬虫\国际主要科技智库观点演变_研判\03_证据底稿\原文PDF\C-STEPI-A0202-1172.pdf,C:\Users\WINDOWS\OneDrive\知识库\智库信息爬虫\国际主要科技智库观点演变_研判\03_证据底稿\文本\C-STEPI-A0202-1172.txt,https://www.stepi.re.kr/site/stepiko/report/View.do?reIdx=1172,官方PDF已保存并校验
产业创新、创业与区域体系,科技创新政策与能力基线,C-STEPI-A0202-1172,2021-12-31,W2,OTT 플랫폼 경쟁력 강화를 위한 규제 혁신 방안,机构正式研究,C:\Users\WINDOWS\OneDrive\知识库\智库信息爬虫\国际主要科技智库观点演变_研判\03_证据底稿\原文PDF\C-STEPI-A0202-1172.pdf,C:\Users\WINDOWS\OneDrive\知识库\智库信息爬虫\国际主要科技智库观点演变_研判\03_证据底稿\文本\C-STEPI-A0202-1172.txt,https://www.stepi.re.kr/site/stepiko/report/View.do?reIdx=1172,官方PDF已保存并校验
科技前瞻与未来社会,科技创新政策与能力基线,C-STEPI-A0202-1172,2021-12-31,W2,OTT 플랫폼 경쟁력 강화를 위한 규제 혁신 방안,机构正式研究,C:\Users\WINDOWS\OneDrive\知识库\智库信息爬虫\国际主要科技智库观点演变_研判\03_证据底稿\原文PDF\C-STEPI-A0202-1172.pdf,C:\Users\WINDOWS\OneDrive\知识库\智库信息爬虫\国际主要科技智库观点演变_研判\03_证据底稿\文本\C-STEPI-A0202-1172.txt,https://www.stepi.re.kr/site/stepiko/report/View.do?reIdx=1172,官方PDF已保存并校验
科技创新政策与研究体系,科技创新政策与能力基线,C-STEPI-A0201-1173,2024-12-31,W3,2024 K-Innovation Partnership Program with Azerbaijan,机构正式研究,C:\Users\WINDOWS\OneDrive\知识库\智库信息爬虫\国际主要科技智库观点演变_研判\03_证据底稿\原文PDF\C-STEPI-A0201-1173.pdf,C:\Users\WINDOWS\OneDrive\知识库\智库信息爬虫\国际主要科技智库观点演变_研判\03_证据底稿\文本\C-STEPI-A0201-1173.txt,https://www.stepi.re.kr/site/stepiko/report/View.do?reIdx=1173,官方PDF已保存并校验
科研体系、研发投入与评价,科技创新政策与能力基线,C-STEPI-A0201-1174,2024-12-31,W3,2024 K-Innovation Partnership Program with Indonesia,机构正式研究,C:\Users\WINDOWS\OneDrive\知识库\智库信息爬虫\国际主要科技智库观点演变_研判\03_证据底稿\原文PDF\C-STEPI-A0201-1174.pdf,C:\Users\WINDOWS\OneDrive\知识库\智库信息爬虫\国际主要科技智库观点演变_研判\03_证据底稿\文本\C-STEPI-A0201-1174.txt,https://www.stepi.re.kr/site/stepiko/report/View.do?reIdx=1174,官方PDF已保存并校验
科研体系、研发投入与评价,科技创新政策与能力基线,C-STEPI-A0201-1175,2024-12-31,W3,2024 K-Innovation Partnership Program with Cambodia,机构正式研究,C:\Users\WINDOWS\OneDrive\知识库\智库信息爬虫\国际主要科技智库观点演变_研判\03_证据底稿\原文PDF\C-STEPI-A0201-1175.pdf,C:\Users\WINDOWS\OneDrive\知识库\智库信息爬虫\国际主要科技智库观点演变_研判\03_证据底稿\文本\C-STEPI-A0201-1175.txt,https://www.stepi.re.kr/site/stepiko/report/View.do?reIdx=1175,官方PDF已保存并校验
科研体系、研发投入与评价,科技创新政策与能力基线,C-STEPI-A0201-1176,2024-12-31,W3,2024 K-Innovation Partnership Program with Peru,机构正式研究,C:\Users\WINDOWS\OneDrive\知识库\智库信息爬虫\国际主要科技智库观点演变_研判\03_证据底稿\原文PDF\C-STEPI-A0201-1176.pdf,C:\Users\WINDOWS\OneDrive\知识库\智库信息爬虫\国际主要科技智库观点演变_研判\03_证据底稿\文本\C-STEPI-A0201-1176.txt,https://www.stepi.re.kr/site/stepiko/report/View.do?reIdx=1176,官方PDF已保存并校验
科技前瞻与未来社会,科技创新政策与能力基线,C-STEPI-A0201-1176,2024-12-31,W3,2024 K-Innovation Partnership Program with Peru,机构正式研究,C:\Users\WINDOWS\OneDrive\知识库\智库信息爬虫\国际主要科技智库观点演变_研判\03_证据底稿\原文PDF\C-STEPI-A0201-1176.pdf,C:\Users\WINDOWS\OneDrive\知识库\智库信息爬虫\国际主要科技智库观点演变_研判\03_证据底稿\文本\C-STEPI-A0201-1176.txt,https://www.stepi.re.kr/site/stepiko/report/View.do?reIdx=1176,官方PDF已保存并校验
科研体系、研发投入与评价,科技创新政策与能力基线,C-STEPI-A0202-1177,2024-12-06,W3,실험실창업 생태계 분석을 위한 패널조사 체계 구축 및 활용방안 연구,机构正式研究,C:\Users\WINDOWS\OneDrive\知识库\智库信息爬虫\国际主要科技智库观点演变_研判\03_证据底稿\原文PDF\C-STEPI-A0202-1177.pdf,C:\Users\WINDOWS\OneDrive\知识库\智库信息爬虫\国际主要科技智库观点演变_研判\03_证据底稿\文本\C-STEPI-A0202-1177.txt,https://www.stepi.re.kr/site/stepiko/report/View.do?reIdx=1177,官方PDF已保存并校验
科技人才、大学与知识流动,科技创新政策与能力基线,C-STEPI-A0202-1177,2024-12-06,W3,실험실창업 생태계 분석을 위한 패널조사 체계 구축 및 활용방안 연구,机构正式研究,C:\Users\WINDOWS\OneDrive\知识库\智库信息爬虫\国际主要科技智库观点演变_研判\03_证据底稿\原文PDF\C-STEPI-A0202-1177.pdf,C:\Users\WINDOWS\OneDrive\知识库\智库信息爬虫\国际主要科技智库观点演变_研判\03_证据底稿\文本\C-STEPI-A0202-1177.txt,https://www.stepi.re.kr/site/stepiko/report/View.do?reIdx=1177,官方PDF已保存并校验
产业创新、创业与区域体系,科技创新政策与能力基线,C-STEPI-A0202-1177,2024-12-06,W3,실험실창업 생태계 분석을 위한 패널조사 체계 구축 및 활용방안 연구,机构正式研究,C:\Users\WINDOWS\OneDrive\知识库\智库信息爬虫\国际主要科技智库观点演变_研判\03_证据底稿\原文PDF\C-STEPI-A0202-1177.pdf,C:\Users\WINDOWS\OneDrive\知识库\智库信息爬虫\国际主要科技智库观点演变_研判\03_证据底稿\文本\C-STEPI-A0202-1177.txt,https://www.stepi.re.kr/site/stepiko/report/View.do?reIdx=1177,官方PDF已保存并校验
科技前瞻与未来社会,科技创新政策与能力基线,C-STEPI-A0202-1177,2024-12-06,W3,실험실창업 생태계 분석을 위한 패널조사 체계 구축 및 활용방안 연구,机构正式研究,C:\Users\WINDOWS\OneDrive\知识库\智库信息爬虫\国际主要科技智库观点演变_研判\03_证据底稿\原文PDF\C-STEPI-A0202-1177.pdf,C:\Users\WINDOWS\OneDrive\知识库\智库信息爬虫\国际主要科技智库观点演变_研判\03_证据底稿\文本\C-STEPI-A0202-1177.txt,https://www.stepi.re.kr/site/stepiko/report/View.do?reIdx=1177,官方PDF已保存并校验
中国科技与国际比较,科技创新政策与能力基线,C-STEPI-A0202-1178,2024-12-06,W3,신흥안보 분야 법제 분석 기반 글로벌 협력-경쟁 전략-정보보호 이슈를 중심으로,机构正式研究,C:\Users\WINDOWS\OneDrive\知识库\智库信息爬虫\国际主要科技智库观点演变_研判\03_证据底稿\原文PDF\C-STEPI-A0202-1178.pdf,C:\Users\WINDOWS\OneDrive\知识库\智库信息爬虫\国际主要科技智库观点演变_研判\03_证据底稿\文本\C-STEPI-A0202-1178.txt,https://www.stepi.re.kr/site/stepiko/report/View.do?reIdx=1178,官方PDF已保存并校验
人工智能、数据与数字技术,科技创新政策与能力基线,C-STEPI-A0202-1178,2024-12-06,W3,신흥안보 분야 법제 분석 기반 글로벌 협력-경쟁 전략-정보보호 이슈를 중심으로,机构正式研究,C:\Users\WINDOWS\OneDrive\知识库\智库信息爬虫\国际主要科技智库观点演变_研判\03_证据底稿\原文PDF\C-STEPI-A0202-1178.pdf,C:\Users\WINDOWS\OneDrive\知识库\智库信息爬虫\国际主要科技智库观点演变_研判\03_证据底稿\文本\C-STEPI-A0202-1178.txt,https://www.stepi.re.kr/site/stepiko/report/View.do?reIdx=1178,官方PDF已保存并校验
半导体、量子与战略技术,科技创新政策与能力基线,C-STEPI-A0202-1178,2024-12-06,W3,신흥안보 분야 법제 분석 기반 글로벌 협력-경쟁 전략-정보보호 이슈를 중심으로,机构正式研究,C:\Users\WINDOWS\OneDrive\知识库\智库信息爬虫\国际主要科技智库观点演变_研判\03_证据底稿\原文PDF\C-STEPI-A0202-1178.pdf,C:\Users\WINDOWS\OneDrive\知识库\智库信息爬虫\国际主要科技智库观点演变_研判\03_证据底稿\文本\C-STEPI-A0202-1178.txt,https://www.stepi.re.kr/site/stepiko/report/View.do?reIdx=1178,官方PDF已保存并校验
科研体系、研发投入与评价,科技创新政策与能力基线,C-STEPI-A0202-1178,2024-12-06,W3,신흥안보 분야 법제 분석 기반 글로벌 협력-경쟁 전략-정보보호 이슈를 중심으로,机构正式研究,C:\Users\WINDOWS\OneDrive\知识库\智库信息爬虫\国际主要科技智库观点演变_研判\03_证据底稿\原文PDF\C-STEPI-A0202-1178.pdf,C:\Users\WINDOWS\OneDrive\知识库\智库信息爬虫\国际主要科技智库观点演变_研判\03_证据底稿\文本\C-STEPI-A0202-1178.txt,https://www.stepi.re.kr/site/stepiko/report/View.do?reIdx=1178,官方PDF已保存并校验
科技人才、大学与知识流动,科技创新政策与能力基线,C-STEPI-A0202-1178,2024-12-06,W3,신흥안보 분야 법제 분석 기반 글로벌 협력-경쟁 전략-정보보호 이슈를 중심으로,机构正式研究,C:\Users\WINDOWS\OneDrive\知识库\智库信息爬虫\国际主要科技智库观点演变_研判\03_证据底稿\原文PDF\C-STEPI-A0202-1178.pdf,C:\Users\WINDOWS\OneDrive\知识库\智库信息爬虫\国际主要科技智库观点演变_研判\03_证据底稿\文本\C-STEPI-A0202-1178.txt,https://www.stepi.re.kr/site/stepiko/report/View.do?reIdx=1178,官方PDF已保存并校验
产业创新、创业与区域体系,科技创新政策与能力基线,C-STEPI-A0202-1178,2024-12-06,W3,신흥안보 분야 법제 분석 기반 글로벌 협력-경쟁 전략-정보보호 이슈를 중심으로,机构正式研究,C:\Users\WINDOWS\OneDrive\知识库\智库信息爬虫\国际主要科技智库观点演变_研判\03_证据底稿\原文PDF\C-STEPI-A0202-1178.pdf,C:\Users\WINDOWS\OneDrive\知识库\智库信息爬虫\国际主要科技智库观点演变_研判\03_证据底稿\文本\C-STEPI-A0202-1178.txt,https://www.stepi.re.kr/site/stepiko/report/View.do?reIdx=1178,官方PDF已保存并校验
技术安全、供应链与国际合作,科技创新政策与能力基线,C-STEPI-A0202-1178,2024-12-06,W3,신흥안보 분야 법제 분석 기반 글로벌 협력-경쟁 전략-정보보호 이슈를 중심으로,机构正式研究,C:\Users\WINDOWS\OneDrive\知识库\智库信息爬虫\国际主要科技智库观点演变_研判\03_证据底稿\原文PDF\C-STEPI-A0202-1178.pdf,C:\Users\WINDOWS\OneDrive\知识库\智库信息爬虫\国际主要科技智库观点演变_研判\03_证据底稿\文本\C-STEPI-A0202-1178.txt,https://www.stepi.re.kr/site/stepiko/report/View.do?reIdx=1178,官方PDF已保存并校验
科技前瞻与未来社会,科技创新政策与能力基线,C-STEPI-A0202-1178,2024-12-06,W3,신흥안보 분야 법제 분석 기반 글로벌 협력-경쟁 전략-정보보호 이슈를 중심으로,机构正式研究,C:\Users\WINDOWS\OneDrive\知识库\智库信息爬虫\国际主要科技智库观点演变_研判\03_证据底稿\原文PDF\C-STEPI-A0202-1178.pdf,C:\Users\WINDOWS\OneDrive\知识库\智库信息爬虫\国际主要科技智库观点演变_研判\03_证据底稿\文本\C-STEPI-A0202-1178.txt,https://www.stepi.re.kr/site/stepiko/report/View.do?reIdx=1178,官方PDF已保存并校验
人工智能、数据与数字技术,科技创新政策与能力基线,C-STEPI-A0202-1179,2024-12-06,W3,한-아세안 과학기술 공동연구  프로그램 수립 연구,机构正式研究,C:\Users\WINDOWS\OneDrive\知识库\智库信息爬虫\国际主要科技智库观点演变_研判\03_证据底稿\原文PDF\C-STEPI-A0202-1179.pdf,C:\Users\WINDOWS\OneDrive\知识库\智库信息爬虫\国际主要科技智库观点演变_研判\03_证据底稿\文本\C-STEPI-A0202-1179.txt,https://www.stepi.re.kr/site/stepiko/report/View.do?reIdx=1179,官方PDF已保存并校验
生命科学、生物技术与健康,科技创新政策与能力基线,C-STEPI-A0202-1179,2024-12-06,W3,한-아세안 과학기술 공동연구  프로그램 수립 연구,机构正式研究,C:\Users\WINDOWS\OneDrive\知识库\智库信息爬虫\国际主要科技智库观点演变_研判\03_证据底稿\原文PDF\C-STEPI-A0202-1179.pdf,C:\Users\WINDOWS\OneDrive\知识库\智库信息爬虫\国际主要科技智库观点演变_研判\03_证据底稿\文本\C-STEPI-A0202-1179.txt,https://www.stepi.re.kr/site/stepiko/report/View.do?reIdx=1179,官方PDF已保存并校验
能源、气候与绿色转型,科技创新政策与能力基线,C-STEPI-A0202-1179,2024-12-06,W3,한-아세안 과학기술 공동연구  프로그램 수립 연구,机构正式研究,C:\Users\WINDOWS\OneDrive\知识库\智库信息爬虫\国际主要科技智库观点演变_研判\03_证据底稿\原文PDF\C-STEPI-A0202-1179.pdf,C:\Users\WINDOWS\OneDrive\知识库\智库信息爬虫\国际主要科技智库观点演变_研判\03_证据底稿\文本\C-STEPI-A0202-1179.txt,https://www.stepi.re.kr/site/stepiko/report/View.do?reIdx=1179,官方PDF已保存并校验
科研体系、研发投入与评价,科技创新政策与能力基线,C-STEPI-A0202-1179,2024-12-06,W3,한-아세안 과학기술 공동연구  프로그램 수립 연구,机构正式研究,C:\Users\WINDOWS\OneDrive\知识库\智库信息爬虫\国际主要科技智库观点演变_研判\03_证据底稿\原文PDF\C-STEPI-A0202-1179.pdf,C:\Users\WINDOWS\OneDrive\知识库\智库信息爬虫\国际主要科技智库观点演变_研判\03_证据底稿\文本\C-STEPI-A0202-1179.txt,https://www.stepi.re.kr/site/stepiko/report/View.do?reIdx=1179,官方PDF已保存并校验
科技人才、大学与知识流动,科技创新政策与能力基线,C-STEPI-A0202-1179,2024-12-06,W3,한-아세안 과학기술 공동연구  프로그램 수립 연구,机构正式研究,C:\Users\WINDOWS\OneDrive\知识库\智库信息爬虫\国际主要科技智库观点演变_研判\03_证据底稿\原文PDF\C-STEPI-A0202-1179.pdf,C:\Users\WINDOWS\OneDrive\知识库\智库信息爬虫\国际主要科技智库观点演变_研判\03_证据底稿\文本\C-STEPI-A0202-1179.txt,https://www.stepi.re.kr/site/stepiko/report/View.do?reIdx=1179,官方PDF已保存并校验
产业创新、创业与区域体系,科技创新政策与能力基线,C-STEPI-A0202-1179,2024-12-06,W3,한-아세안 과학기술 공동연구  프로그램 수립 연구,机构正式研究,C:\Users\WINDOWS\OneDrive\知识库\智库信息爬虫\国际主要科技智库观点演变_研判\03_证据底稿\原文PDF\C-STEPI-A0202-1179.pdf,C:\Users\WINDOWS\OneDrive\知识库\智库信息爬虫\国际主要科技智库观点演变_研判\03_证据底稿\文本\C-STEPI-A0202-1179.txt,https://www.stepi.re.kr/site/stepiko/report/View.do?reIdx=1179,官方PDF已保存并校验
技术安全、供应链与国际合作,科技创新政策与能力基线,C-STEPI-A0202-1179,2024-12-06,W3,한-아세안 과학기술 공동연구  프로그램 수립 연구,机构正式研究,C:\Users\WINDOWS\OneDrive\知识库\智库信息爬虫\国际主要科技智库观点演变_研判\03_证据底稿\原文PDF\C-STEPI-A0202-1179.pdf,C:\Users\WINDOWS\OneDrive\知识库\智库信息爬虫\国际主要科技智库观点演变_研判\03_证据底稿\文本\C-STEPI-A0202-1179.txt,https://www.stepi.re.kr/site/stepiko/report/View.do?reIdx=1179,官方PDF已保存并校验
科技前瞻与未来社会,科技创新政策与能力基线,C-STEPI-A0202-1179,2024-12-06,W3,한-아세안 과학기술 공동연구  프로그램 수립 연구,机构正式研究,C:\Users\WINDOWS\OneDrive\知识库\智库信息爬虫\国际主要科技智库观点演变_研判\03_证据底稿\原文PDF\C-STEPI-A0202-1179.pdf,C:\Users\WINDOWS\OneDrive\知识库\智库信息爬虫\国际主要科技智库观点演变_研判\03_证据底稿\文本\C-STEPI-A0202-1179.txt,https://www.stepi.re.kr/site/stepiko/report/View.do?reIdx=1179,官方PDF已保存并校验
中国科技与国际比较,核心科技直接材料,C-STEPI-A0202-1180,2024-12-06,W3,AI 초격차 전략 수립 연구,机构正式研究,C:\Users\WINDOWS\OneDrive\知识库\智库信息爬虫\国际主要科技智库观点演变_研判\03_证据底稿\原文PDF\C-STEPI-A0202-1180.pdf,C:\Users\WINDOWS\OneDrive\知识库\智库信息爬虫\国际主要科技智库观点演变_研判\03_证据底稿\文本\C-STEPI-A0202-1180.txt,https://www.stepi.re.kr/site/stepiko/report/View.do?reIdx=1180,官方PDF已保存并校验
人工智能、数据与数字技术,核心科技直接材料,C-STEPI-A0202-1180,2024-12-06,W3,AI 초격차 전략 수립 연구,机构正式研究,C:\Users\WINDOWS\OneDrive\知识库\智库信息爬虫\国际主要科技智库观点演变_研判\03_证据底稿\原文PDF\C-STEPI-A0202-1180.pdf,C:\Users\WINDOWS\OneDrive\知识库\智库信息爬虫\国际主要科技智库观点演变_研判\03_证据底稿\文本\C-STEPI-A0202-1180.txt,https://www.stepi.re.kr/site/stepiko/report/View.do?reIdx=1180,官方PDF已保存并校验
半导体、量子与战略技术,核心科技直接材料,C-STEPI-A0202-1180,2024-12-06,W3,AI 초격차 전략 수립 연구,机构正式研究,C:\Users\WINDOWS\OneDrive\知识库\智库信息爬虫\国际主要科技智库观点演变_研判\03_证据底稿\原文PDF\C-STEPI-A0202-1180.pdf,C:\Users\WINDOWS\OneDrive\知识库\智库信息爬虫\国际主要科技智库观点演变_研判\03_证据底稿\文本\C-STEPI-A0202-1180.txt,https://www.stepi.re.kr/site/stepiko/report/View.do?reIdx=1180,官方PDF已保存并校验
生命科学、生物技术与健康,核心科技直接材料,C-STEPI-A0202-1180,2024-12-06,W3,AI 초격차 전략 수립 연구,机构正式研究,C:\Users\WINDOWS\OneDrive\知识库\智库信息爬虫\国际主要科技智库观点演变_研判\03_证据底稿\原文PDF\C-STEPI-A0202-1180.pdf,C:\Users\WINDOWS\OneDrive\知识库\智库信息爬虫\国际主要科技智库观点演变_研判\03_证据底稿\文本\C-STEPI-A0202-1180.txt,https://www.stepi.re.kr/site/stepiko/report/View.do?reIdx=1180,官方PDF已保存并校验
科研体系、研发投入与评价,核心科技直接材料,C-STEPI-A0202-1180,2024-12-06,W3,AI 초격차 전략 수립 연구,机构正式研究,C:\Users\WINDOWS\OneDrive\知识库\智库信息爬虫\国际主要科技智库观点演变_研判\03_证据底稿\原文PDF\C-STEPI-A0202-1180.pdf,C:\Users\WINDOWS\OneDrive\知识库\智库信息爬虫\国际主要科技智库观点演变_研判\03_证据底稿\文本\C-STEPI-A0202-1180.txt,https://www.stepi.re.kr/site/stepiko/report/View.do?reIdx=1180,官方PDF已保存并校验
产业创新、创业与区域体系,核心科技直接材料,C-STEPI-A0202-1180,2024-12-06,W3,AI 초격차 전략 수립 연구,机构正式研究,C:\Users\WINDOWS\OneDrive\知识库\智库信息爬虫\国际主要科技智库观点演变_研判\03_证据底稿\原文PDF\C-STEPI-A0202-1180.pdf,C:\Users\WINDOWS\OneDrive\知识库\智库信息爬虫\国际主要科技智库观点演变_研判\03_证据底稿\文本\C-STEPI-A0202-1180.txt,https://www.stepi.re.kr/site/stepiko/report/View.do?reIdx=1180,官方PDF已保存并校验
技术安全、供应链与国际合作,核心科技直接材料,C-STEPI-A0202-1180,2024-12-06,W3,AI 초격차 전략 수립 연구,机构正式研究,C:\Users\WINDOWS\OneDrive\知识库\智库信息爬虫\国际主要科技智库观点演变_研判\03_证据底稿\原文PDF\C-STEPI-A0202-1180.pdf,C:\Users\WINDOWS\OneDrive\知识库\智库信息爬虫\国际主要科技智库观点演变_研判\03_证据底稿\文本\C-STEPI-A0202-1180.txt,https://www.stepi.re.kr/site/stepiko/report/View.do?reIdx=1180,官方PDF已保存并校验
科技前瞻与未来社会,核心科技直接材料,C-STEPI-A0202-1180,2024-12-06,W3,AI 초격차 전략 수립 연구,机构正式研究,C:\Users\WINDOWS\OneDrive\知识库\智库信息爬虫\国际主要科技智库观点演变_研判\03_证据底稿\原文PDF\C-STEPI-A0202-1180.pdf,C:\Users\WINDOWS\OneDrive\知识库\智库信息爬虫\国际主要科技智库观点演变_研判\03_证据底稿\文本\C-STEPI-A0202-1180.txt,https://www.stepi.re.kr/site/stepiko/report/View.do?reIdx=1180,官方PDF已保存并校验
科研体系、研发投入与评价,科技创新政策与能力基线,C-STEPI-A0202-1181,2025-07-31,W3,지역 R&D 및 대학 지원체계 연계 방안,机构正式研究,C:\Users\WINDOWS\OneDrive\知识库\智库信息爬虫\国际主要科技智库观点演变_研判\03_证据底稿\原文PDF\C-STEPI-A0202-1181.pdf,C:\Users\WINDOWS\OneDrive\知识库\智库信息爬虫\国际主要科技智库观点演变_研判\03_证据底稿\文本\C-STEPI-A0202-1181.txt,https://www.stepi.re.kr/site/stepiko/report/View.do?reIdx=1181,官方PDF已保存并校验
科技人才、大学与知识流动,科技创新政策与能力基线,C-STEPI-A0202-1181,2025-07-31,W3,지역 R&D 및 대학 지원체계 연계 방안,机构正式研究,C:\Users\WINDOWS\OneDrive\知识库\智库信息爬虫\国际主要科技智库观点演变_研判\03_证据底稿\原文PDF\C-STEPI-A0202-1181.pdf,C:\Users\WINDOWS\OneDrive\知识库\智库信息爬虫\国际主要科技智库观点演变_研判\03_证据底稿\文本\C-STEPI-A0202-1181.txt,https://www.stepi.re.kr/site/stepiko/report/View.do?reIdx=1181,官方PDF已保存并校验
产业创新、创业与区域体系,科技创新政策与能力基线,C-STEPI-A0202-1181,2025-07-31,W3,지역 R&D 및 대학 지원체계 연계 방안,机构正式研究,C:\Users\WINDOWS\OneDrive\知识库\智库信息爬虫\国际主要科技智库观点演变_研判\03_证据底稿\原文PDF\C-STEPI-A0202-1181.pdf,C:\Users\WINDOWS\OneDrive\知识库\智库信息爬虫\国际主要科技智库观点演变_研判\03_证据底稿\文本\C-STEPI-A0202-1181.txt,https://www.stepi.re.kr/site/stepiko/report/View.do?reIdx=1181,官方PDF已保存并校验
人工智能、数据与数字技术,科技创新政策与能力基线,C-STEPI-A0202-1182,2025-06-30,W3,민간 R&D 촉진을 위한 조세지원 제도 현황 및 수혜 결정요인 분석 연구,机构正式研究,C:\Users\WINDOWS\OneDrive\知识库\智库信息爬虫\国际主要科技智库观点演变_研判\03_证据底稿\原文PDF\C-STEPI-A0202-1182.pdf,C:\Users\WINDOWS\OneDrive\知识库\智库信息爬虫\国际主要科技智库观点演变_研判\03_证据底稿\文本\C-STEPI-A0202-1182.txt,https://www.stepi.re.kr/site/stepiko/report/View.do?reIdx=1182,官方PDF已保存并校验
生命科学、生物技术与健康,科技创新政策与能力基线,C-STEPI-A0202-1182,2025-06-30,W3,민간 R&D 촉진을 위한 조세지원 제도 현황 및 수혜 결정요인 분석 연구,机构正式研究,C:\Users\WINDOWS\OneDrive\知识库\智库信息爬虫\国际主要科技智库观点演变_研判\03_证据底稿\原文PDF\C-STEPI-A0202-1182.pdf,C:\Users\WINDOWS\OneDrive\知识库\智库信息爬虫\国际主要科技智库观点演变_研判\03_证据底稿\文本\C-STEPI-A0202-1182.txt,https://www.stepi.re.kr/site/stepiko/report/View.do?reIdx=1182,官方PDF已保存并校验
科研体系、研发投入与评价,科技创新政策与能力基线,C-STEPI-A0202-1182,2025-06-30,W3,민간 R&D 촉진을 위한 조세지원 제도 현황 및 수혜 결정요인 분석 연구,机构正式研究,C:\Users\WINDOWS\OneDrive\知识库\智库信息爬虫\国际主要科技智库观点演变_研判\03_证据底稿\原文PDF\C-STEPI-A0202-1182.pdf,C:\Users\WINDOWS\OneDrive\知识库\智库信息爬虫\国际主要科技智库观点演变_研判\03_证据底稿\文本\C-STEPI-A0202-1182.txt,https://www.stepi.re.kr/site/stepiko/report/View.do?reIdx=1182,官方PDF已保存并校验
科技人才、大学与知识流动,科技创新政策与能力基线,C-STEPI-A0202-1182,2025-06-30,W3,민간 R&D 촉진을 위한 조세지원 제도 현황 및 수혜 결정요인 분석 연구,机构正式研究,C:\Users\WINDOWS\OneDrive\知识库\智库信息爬虫\国际主要科技智库观点演变_研判\03_证据底稿\原文PDF\C-STEPI-A0202-1182.pdf,C:\Users\WINDOWS\OneDrive\知识库\智库信息爬虫\国际主要科技智库观点演变_研判\03_证据底稿\文本\C-STEPI-A0202-1182.txt,https://www.stepi.re.kr/site/stepiko/report/View.do?reIdx=1182,官方PDF已保存并校验
产业创新、创业与区域体系,科技创新政策与能力基线,C-STEPI-A0202-1182,2025-06-30,W3,민간 R&D 촉진을 위한 조세지원 제도 현황 및 수혜 결정요인 분석 연구,机构正式研究,C:\Users\WINDOWS\OneDrive\知识库\智库信息爬虫\国际主要科技智库观点演变_研判\03_证据底稿\原文PDF\C-STEPI-A0202-1182.pdf,C:\Users\WINDOWS\OneDrive\知识库\智库信息爬虫\国际主要科技智库观点演变_研判\03_证据底稿\文本\C-STEPI-A0202-1182.txt,https://www.stepi.re.kr/site/stepiko/report/View.do?reIdx=1182,官方PDF已保存并校验
半导体、量子与战略技术,科技创新政策与能力基线,C-STEPI-A0202-1183,2025-10-31,W3,혁신도전 연구개발 확산을 위한 출연연 연구환경 및 제도 개선 연구,机构正式研究,C:\Users\WINDOWS\OneDrive\知识库\智库信息爬虫\国际主要科技智库观点演变_研判\03_证据底稿\原文PDF\C-STEPI-A0202-1183.pdf,C:\Users\WINDOWS\OneDrive\知识库\智库信息爬虫\国际主要科技智库观点演变_研判\03_证据底稿\文本\C-STEPI-A0202-1183.txt,https://www.stepi.re.kr/site/stepiko/report/View.do?reIdx=1183,官方PDF已保存并校验
能源、气候与绿色转型,科技创新政策与能力基线,C-STEPI-A0202-1183,2025-10-31,W3,혁신도전 연구개발 확산을 위한 출연연 연구환경 및 제도 개선 연구,机构正式研究,C:\Users\WINDOWS\OneDrive\知识库\智库信息爬虫\国际主要科技智库观点演变_研判\03_证据底稿\原文PDF\C-STEPI-A0202-1183.pdf,C:\Users\WINDOWS\OneDrive\知识库\智库信息爬虫\国际主要科技智库观点演变_研判\03_证据底稿\文本\C-STEPI-A0202-1183.txt,https://www.stepi.re.kr/site/stepiko/report/View.do?reIdx=1183,官方PDF已保存并校验
科研体系、研发投入与评价,科技创新政策与能力基线,C-STEPI-A0202-1183,2025-10-31,W3,혁신도전 연구개발 확산을 위한 출연연 연구환경 및 제도 개선 연구,机构正式研究,C:\Users\WINDOWS\OneDrive\知识库\智库信息爬虫\国际主要科技智库观点演变_研判\03_证据底稿\原文PDF\C-STEPI-A0202-1183.pdf,C:\Users\WINDOWS\OneDrive\知识库\智库信息爬虫\国际主要科技智库观点演变_研判\03_证据底稿\文本\C-STEPI-A0202-1183.txt,https://www.stepi.re.kr/site/stepiko/report/View.do?reIdx=1183,官方PDF已保存并校验
科技人才、大学与知识流动,科技创新政策与能力基线,C-STEPI-A0202-1183,2025-10-31,W3,혁신도전 연구개발 확산을 위한 출연연 연구환경 및 제도 개선 연구,机构正式研究,C:\Users\WINDOWS\OneDrive\知识库\智库信息爬虫\国际主要科技智库观点演变_研判\03_证据底稿\原文PDF\C-STEPI-A0202-1183.pdf,C:\Users\WINDOWS\OneDrive\知识库\智库信息爬虫\国际主要科技智库观点演变_研判\03_证据底稿\文本\C-STEPI-A0202-1183.txt,https://www.stepi.re.kr/site/stepiko/report/View.do?reIdx=1183,官方PDF已保存并校验
产业创新、创业与区域体系,科技创新政策与能力基线,C-STEPI-A0202-1183,2025-10-31,W3,혁신도전 연구개발 확산을 위한 출연연 연구환경 및 제도 개선 연구,机构正式研究,C:\Users\WINDOWS\OneDrive\知识库\智库信息爬虫\国际主要科技智库观点演变_研判\03_证据底稿\原文PDF\C-STEPI-A0202-1183.pdf,C:\Users\WINDOWS\OneDrive\知识库\智库信息爬虫\国际主要科技智库观点演变_研判\03_证据底稿\文本\C-STEPI-A0202-1183.txt,https://www.stepi.re.kr/site/stepiko/report/View.do?reIdx=1183,官方PDF已保存并校验
科技前瞻与未来社会,科技创新政策与能力基线,C-STEPI-A0202-1183,2025-10-31,W3,혁신도전 연구개발 확산을 위한 출연연 연구환경 및 제도 개선 연구,机构正式研究,C:\Users\WINDOWS\OneDrive\知识库\智库信息爬虫\国际主要科技智库观点演变_研判\03_证据底稿\原文PDF\C-STEPI-A0202-1183.pdf,C:\Users\WINDOWS\OneDrive\知识库\智库信息爬虫\国际主要科技智库观点演变_研判\03_证据底稿\文本\C-STEPI-A0202-1183.txt,https://www.stepi.re.kr/site/stepiko/report/View.do?reIdx=1183,官方PDF已保存并校验
中国科技与国际比较,科技创新政策与能力基线,C-STEPI-A0202-1185,2025-11-28,W3,국가중요시설 방호용 드론대응기술의 제도적 기반구축 연구,机构正式研究,C:\Users\WINDOWS\OneDrive\知识库\智库信息爬虫\国际主要科技智库观点演变_研判\03_证据底稿\原文PDF\C-STEPI-A0202-1185.pdf,C:\Users\WINDOWS\OneDrive\知识库\智库信息爬虫\国际主要科技智库观点演变_研判\03_证据底稿\文本\C-STEPI-A0202-1185.txt,https://www.stepi.re.kr/site/stepiko/report/View.do?reIdx=1185,官方PDF已保存并校验
半导体、量子与战略技术,科技创新政策与能力基线,C-STEPI-A0202-1185,2025-11-28,W3,국가중요시설 방호용 드론대응기술의 제도적 기반구축 연구,机构正式研究,C:\Users\WINDOWS\OneDrive\知识库\智库信息爬虫\国际主要科技智库观点演变_研判\03_证据底稿\原文PDF\C-STEPI-A0202-1185.pdf,C:\Users\WINDOWS\OneDrive\知识库\智库信息爬虫\国际主要科技智库观点演变_研判\03_证据底稿\文本\C-STEPI-A0202-1185.txt,https://www.stepi.re.kr/site/stepiko/report/View.do?reIdx=1185,官方PDF已保存并校验
科研体系、研发投入与评价,科技创新政策与能力基线,C-STEPI-A0202-1185,2025-11-28,W3,국가중요시설 방호용 드론대응기술의 제도적 기반구축 연구,机构正式研究,C:\Users\WINDOWS\OneDrive\知识库\智库信息爬虫\国际主要科技智库观点演变_研判\03_证据底稿\原文PDF\C-STEPI-A0202-1185.pdf,C:\Users\WINDOWS\OneDrive\知识库\智库信息爬虫\国际主要科技智库观点演变_研判\03_证据底稿\文本\C-STEPI-A0202-1185.txt,https://www.stepi.re.kr/site/stepiko/report/View.do?reIdx=1185,官方PDF已保存并校验
科技人才、大学与知识流动,科技创新政策与能力基线,C-STEPI-A0202-1185,2025-11-28,W3,국가중요시설 방호용 드론대응기술의 제도적 기반구축 연구,机构正式研究,C:\Users\WINDOWS\OneDrive\知识库\智库信息爬虫\国际主要科技智库观点演变_研判\03_证据底稿\原文PDF\C-STEPI-A0202-1185.pdf,C:\Users\WINDOWS\OneDrive\知识库\智库信息爬虫\国际主要科技智库观点演变_研判\03_证据底稿\文本\C-STEPI-A0202-1185.txt,https://www.stepi.re.kr/site/stepiko/report/View.do?reIdx=1185,官方PDF已保存并校验
产业创新、创业与区域体系,科技创新政策与能力基线,C-STEPI-A0202-1185,2025-11-28,W3,국가중요시설 방호용 드론대응기술의 제도적 기반구축 연구,机构正式研究,C:\Users\WINDOWS\OneDrive\知识库\智库信息爬虫\国际主要科技智库观点演变_研判\03_证据底稿\原文PDF\C-STEPI-A0202-1185.pdf,C:\Users\WINDOWS\OneDrive\知识库\智库信息爬虫\国际主要科技智库观点演变_研判\03_证据底稿\文本\C-STEPI-A0202-1185.txt,https://www.stepi.re.kr/site/stepiko/report/View.do?reIdx=1185,官方PDF已保存并校验
科技前瞻与未来社会,科技创新政策与能力基线,C-STEPI-A0202-1185,2025-11-28,W3,국가중요시설 방호용 드론대응기술의 제도적 기반구축 연구,机构正式研究,C:\Users\WINDOWS\OneDrive\知识库\智库信息爬虫\国际主要科技智库观点演变_研判\03_证据底稿\原文PDF\C-STEPI-A0202-1185.pdf,C:\Users\WINDOWS\OneDrive\知识库\智库信息爬虫\国际主要科技智库观点演变_研判\03_证据底稿\文本\C-STEPI-A0202-1185.txt,https://www.stepi.re.kr/site/stepiko/report/View.do?reIdx=1185,官方PDF已保存并校验
人工智能、数据与数字技术,科技创新政策与能力基线,C-STEPI-A0202-1186,2025-11-28,W3,중소기업 R&D사업 유형화를 위한 기초연구 : 클러스터링 기법을 중심으로,机构正式研究,C:\Users\WINDOWS\OneDrive\知识库\智库信息爬虫\国际主要科技智库观点演变_研判\03_证据底稿\原文PDF\C-STEPI-A0202-1186.pdf,C:\Users\WINDOWS\OneDrive\知识库\智库信息爬虫\国际主要科技智库观点演变_研判\03_证据底稿\文本\C-STEPI-A0202-1186.txt,https://www.stepi.re.kr/site/stepiko/report/View.do?reIdx=1186,官方PDF已保存并校验
半导体、量子与战略技术,科技创新政策与能力基线,C-STEPI-A0202-1186,2025-11-28,W3,중소기업 R&D사업 유형화를 위한 기초연구 : 클러스터링 기법을 중심으로,机构正式研究,C:\Users\WINDOWS\OneDrive\知识库\智库信息爬虫\国际主要科技智库观点演变_研判\03_证据底稿\原文PDF\C-STEPI-A0202-1186.pdf,C:\Users\WINDOWS\OneDrive\知识库\智库信息爬虫\国际主要科技智库观点演变_研判\03_证据底稿\文本\C-STEPI-A0202-1186.txt,https://www.stepi.re.kr/site/stepiko/report/View.do?reIdx=1186,官方PDF已保存并校验
生命科学、生物技术与健康,科技创新政策与能力基线,C-STEPI-A0202-1186,2025-11-28,W3,중소기업 R&D사업 유형화를 위한 기초연구 : 클러스터링 기법을 중심으로,机构正式研究,C:\Users\WINDOWS\OneDrive\知识库\智库信息爬虫\国际主要科技智库观点演变_研判\03_证据底稿\原文PDF\C-STEPI-A0202-1186.pdf,C:\Users\WINDOWS\OneDrive\知识库\智库信息爬虫\国际主要科技智库观点演变_研判\03_证据底稿\文本\C-STEPI-A0202-1186.txt,https://www.stepi.re.kr/site/stepiko/report/View.do?reIdx=1186,官方PDF已保存并校验
能源、气候与绿色转型,科技创新政策与能力基线,C-STEPI-A0202-1186,2025-11-28,W3,중소기업 R&D사업 유형화를 위한 기초연구 : 클러스터링 기법을 중심으로,机构正式研究,C:\Users\WINDOWS\OneDrive\知识库\智库信息爬虫\国际主要科技智库观点演变_研判\03_证据底稿\原文PDF\C-STEPI-A0202-1186.pdf,C:\Users\WINDOWS\OneDrive\知识库\智库信息爬虫\国际主要科技智库观点演变_研判\03_证据底稿\文本\C-STEPI-A0202-1186.txt,https://www.stepi.re.kr/site/stepiko/report/View.do?reIdx=1186,官方PDF已保存并校验
科研体系、研发投入与评价,科技创新政策与能力基线,C-STEPI-A0202-1186,2025-11-28,W3,중소기업 R&D사업 유형화를 위한 기초연구 : 클러스터링 기법을 중심으로,机构正式研究,C:\Users\WINDOWS\OneDrive\知识库\智库信息爬虫\国际主要科技智库观点演变_研判\03_证据底稿\原文PDF\C-STEPI-A0202-1186.pdf,C:\Users\WINDOWS\OneDrive\知识库\智库信息爬虫\国际主要科技智库观点演变_研判\03_证据底稿\文本\C-STEPI-A0202-1186.txt,https://www.stepi.re.kr/site/stepiko/report/View.do?reIdx=1186,官方PDF已保存并校验
产业创新、创业与区域体系,科技创新政策与能力基线,C-STEPI-A0202-1186,2025-11-28,W3,중소기업 R&D사업 유형화를 위한 기초연구 : 클러스터링 기법을 중심으로,机构正式研究,C:\Users\WINDOWS\OneDrive\知识库\智库信息爬虫\国际主要科技智库观点演变_研判\03_证据底稿\原文PDF\C-STEPI-A0202-1186.pdf,C:\Users\WINDOWS\OneDrive\知识库\智库信息爬虫\国际主要科技智库观点演变_研判\03_证据底稿\文本\C-STEPI-A0202-1186.txt,https://www.stepi.re.kr/site/stepiko/report/View.do?reIdx=1186,官方PDF已保存并校验
中国科技与国际比较,核心科技直接材料,C-STEPI-A0202-1187,2025-11-28,W3,첨단전략기술의 경제-안보-혁신 전략 연구-국가 반도체 - AI Action Plan 수립에 관한 제언을 중심으로 -,机构正式研究,C:\Users\WINDOWS\OneDrive\知识库\智库信息爬虫\国际主要科技智库观点演变_研判\03_证据底稿\原文PDF\C-STEPI-A0202-1187.pdf,C:\Users\WINDOWS\OneDrive\知识库\智库信息爬虫\国际主要科技智库观点演变_研判\03_证据底稿\文本\C-STEPI-A0202-1187.txt,https://www.stepi.re.kr/site/stepiko/report/View.do?reIdx=1187,官方PDF已保存并校验
人工智能、数据与数字技术,核心科技直接材料,C-STEPI-A0202-1187,2025-11-28,W3,첨단전략기술의 경제-안보-혁신 전략 연구-국가 반도체 - AI Action Plan 수립에 관한 제언을 중심으로 -,机构正式研究,C:\Users\WINDOWS\OneDrive\知识库\智库信息爬虫\国际主要科技智库观点演变_研判\03_证据底稿\原文PDF\C-STEPI-A0202-1187.pdf,C:\Users\WINDOWS\OneDrive\知识库\智库信息爬虫\国际主要科技智库观点演变_研判\03_证据底稿\文本\C-STEPI-A0202-1187.txt,https://www.stepi.re.kr/site/stepiko/report/View.do?reIdx=1187,官方PDF已保存并校验
半导体、量子与战略技术,核心科技直接材料,C-STEPI-A0202-1187,2025-11-28,W3,첨단전략기술의 경제-안보-혁신 전략 연구-국가 반도체 - AI Action Plan 수립에 관한 제언을 중심으로 -,机构正式研究,C:\Users\WINDOWS\OneDrive\知识库\智库信息爬虫\国际主要科技智库观点演变_研判\03_证据底稿\原文PDF\C-STEPI-A0202-1187.pdf,C:\Users\WINDOWS\OneDrive\知识库\智库信息爬虫\国际主要科技智库观点演变_研判\03_证据底稿\文本\C-STEPI-A0202-1187.txt,https://www.stepi.re.kr/site/stepiko/report/View.do?reIdx=1187,官方PDF已保存并校验
科研体系、研发投入与评价,核心科技直接材料,C-STEPI-A0202-1187,2025-11-28,W3,첨단전략기술의 경제-안보-혁신 전략 연구-국가 반도체 - AI Action Plan 수립에 관한 제언을 중심으로 -,机构正式研究,C:\Users\WINDOWS\OneDrive\知识库\智库信息爬虫\国际主要科技智库观点演变_研判\03_证据底稿\原文PDF\C-STEPI-A0202-1187.pdf,C:\Users\WINDOWS\OneDrive\知识库\智库信息爬虫\国际主要科技智库观点演变_研判\03_证据底稿\文本\C-STEPI-A0202-1187.txt,https://www.stepi.re.kr/site/stepiko/report/View.do?reIdx=1187,官方PDF已保存并校验
科技人才、大学与知识流动,核心科技直接材料,C-STEPI-A0202-1187,2025-11-28,W3,첨단전략기술의 경제-안보-혁신 전략 연구-국가 반도체 - AI Action Plan 수립에 관한 제언을 중심으로 -,机构正式研究,C:\Users\WINDOWS\OneDrive\知识库\智库信息爬虫\国际主要科技智库观点演变_研判\03_证据底稿\原文PDF\C-STEPI-A0202-1187.pdf,C:\Users\WINDOWS\OneDrive\知识库\智库信息爬虫\国际主要科技智库观点演变_研判\03_证据底稿\文本\C-STEPI-A0202-1187.txt,https://www.stepi.re.kr/site/stepiko/report/View.do?reIdx=1187,官方PDF已保存并校验
产业创新、创业与区域体系,核心科技直接材料,C-STEPI-A0202-1187,2025-11-28,W3,첨단전략기술의 경제-안보-혁신 전략 연구-국가 반도체 - AI Action Plan 수립에 관한 제언을 중심으로 -,机构正式研究,C:\Users\WINDOWS\OneDrive\知识库\智库信息爬虫\国际主要科技智库观点演变_研判\03_证据底稿\原文PDF\C-STEPI-A0202-1187.pdf,C:\Users\WINDOWS\OneDrive\知识库\智库信息爬虫\国际主要科技智库观点演变_研判\03_证据底稿\文本\C-STEPI-A0202-1187.txt,https://www.stepi.re.kr/site/stepiko/report/View.do?reIdx=1187,官方PDF已保存并校验
技术安全、供应链与国际合作,核心科技直接材料,C-STEPI-A0202-1187,2025-11-28,W3,첨단전략기술의 경제-안보-혁신 전략 연구-국가 반도체 - AI Action Plan 수립에 관한 제언을 중심으로 -,机构正式研究,C:\Users\WINDOWS\OneDrive\知识库\智库信息爬虫\国际主要科技智库观点演变_研判\03_证据底稿\原文PDF\C-STEPI-A0202-1187.pdf,C:\Users\WINDOWS\OneDrive\知识库\智库信息爬虫\国际主要科技智库观点演变_研判\03_证据底稿\文本\C-STEPI-A0202-1187.txt,https://www.stepi.re.kr/site/stepiko/report/View.do?reIdx=1187,官方PDF已保存并校验
科技前瞻与未来社会,核心科技直接材料,C-STEPI-A0202-1187,2025-11-28,W3,첨단전략기술의 경제-안보-혁신 전략 연구-국가 반도체 - AI Action Plan 수립에 관한 제언을 중심으로 -,机构正式研究,C:\Users\WINDOWS\OneDrive\知识库\智库信息爬虫\国际主要科技智库观点演变_研判\03_证据底稿\原文PDF\C-STEPI-A0202-1187.pdf,C:\Users\WINDOWS\OneDrive\知识库\智库信息爬虫\国际主要科技智库观点演变_研判\03_证据底稿\文本\C-STEPI-A0202-1187.txt,https://www.stepi.re.kr/site/stepiko/report/View.do?reIdx=1187,官方PDF已保存并校验
科研体系、研发投入与评价,科技创新政策与能力基线,C-STEPI-A0202-1188,2025-11-28,W3,과학관 설립 및 운영의 사회경제적 효과 추정 연구,机构正式研究,C:\Users\WINDOWS\OneDrive\知识库\智库信息爬虫\国际主要科技智库观点演变_研判\03_证据底稿\原文PDF\C-STEPI-A0202-1188.pdf,C:\Users\WINDOWS\OneDrive\知识库\智库信息爬虫\国际主要科技智库观点演变_研判\03_证据底稿\文本\C-STEPI-A0202-1188.txt,https://www.stepi.re.kr/site/stepiko/report/View.do?reIdx=1188,官方PDF已保存并校验
科技人才、大学与知识流动,科技创新政策与能力基线,C-STEPI-A0202-1188,2025-11-28,W3,과학관 설립 및 운영의 사회경제적 효과 추정 연구,机构正式研究,C:\Users\WINDOWS\OneDrive\知识库\智库信息爬虫\国际主要科技智库观点演变_研判\03_证据底稿\原文PDF\C-STEPI-A0202-1188.pdf,C:\Users\WINDOWS\OneDrive\知识库\智库信息爬虫\国际主要科技智库观点演变_研判\03_证据底稿\文本\C-STEPI-A0202-1188.txt,https://www.stepi.re.kr/site/stepiko/report/View.do?reIdx=1188,官方PDF已保存并校验
产业创新、创业与区域体系,科技创新政策与能力基线,C-STEPI-A0202-1188,2025-11-28,W3,과학관 설립 및 운영의 사회경제적 효과 추정 연구,机构正式研究,C:\Users\WINDOWS\OneDrive\知识库\智库信息爬虫\国际主要科技智库观点演变_研判\03_证据底稿\原文PDF\C-STEPI-A0202-1188.pdf,C:\Users\WINDOWS\OneDrive\知识库\智库信息爬虫\国际主要科技智库观点演变_研判\03_证据底稿\文本\C-STEPI-A0202-1188.txt,https://www.stepi.re.kr/site/stepiko/report/View.do?reIdx=1188,官方PDF已保存并校验
