报告ID,官方记录ID,官方分类代码,韩文报告类型,发布日期,观察窗,韩文题名,作者,官方关键词,语言,资料角色,科技关联层级,主题标签,下载优先级,官方落地页,官方附件,本地原始资产,本地文本,本地切片,字节数,SHA256,PDF页数,提取文本字符数,文本质量,本地状态,错误,获取日期
C-KISTEP-RES0220180211,RES0220180211,831-003,예비타당성조사,2018-05-28,W1,환자중심 의료기술 최적화 연구사업 예비타당성조사,이흥권(재정투자분석본부),"보건의료체계, 비용효과성, 임상시험, 환자중심, 효과성",韩文,机构正式研究,科技创新政策与能力基线,生命科学、生物技术与健康；科研体系、研发投入与评价,P2-STI-baseline,https://www.kistep.re.kr/reportAllDetail.es?mid=a10305010000&rpt_no=RES0220180211&rpt_tp=831-003,https://www.kistep.re.kr/reportDownload.es?rpt_no=RES0220180211&seq=res_0026P@2,,,,0,,0,0,官方目录无本地正文,官方目录元数据，附件未列入本批,,2026-08-22
C-KISTEP-RES0220180212,RES0220180212,831-003,예비타당성조사,2018-05-28,W1,안전보호 융복합제품산업 육성사업,이흥권(재정투자분석본부),"산업안전, 산업용섬유, 보호복, 보호장구, 표준인증, 융복합",韩文,机构正式研究,科技创新政策与能力基线,产业创新、创业与区域体系,P2-STI-baseline,https://www.kistep.re.kr/reportAllDetail.es?mid=a10305010000&rpt_no=RES0220180212&rpt_tp=831-003,https://www.kistep.re.kr/reportDownload.es?rpt_no=RES0220180212&seq=res_0026P@2,,,,0,,0,0,官方目录无本地正文,官方目录元数据，附件未列入本批,,2026-08-22
C-KISTEP-RES0220180213,RES0220180213,831-003,예비타당성조사,2018-05-31,W1,자율주행 산업융합 혁신사업,이흥권(재정투자분석본부),"자율주행, 인프라, 테스트베드, 융합신기술, 융합서비스",韩文,机构正式研究,核心科技直接材料,产业创新、创业与区域体系,P0-core-tech,https://www.kistep.re.kr/reportAllDetail.es?mid=a10305010000&rpt_no=RES0220180213&rpt_tp=831-003,https://www.kistep.re.kr/reportDownload.es?rpt_no=RES0220180213&seq=res_0026P@2,,,,0,,0,0,官方目录无本地正文,官方目录元数据，附件未列入本批,,2026-08-22
C-KISTEP-RES0220180215,RES0220180215,831-003,예비타당성조사,2018-05-31,W1,양자정보통신 중장기기술개발사업 예비타당성조사 보고서,이흥권(재정투자분석본부),"양자암호통신, 양자시뮬레이터, 양자컴퓨터, 양자센서, 양자정보학",韩文,机构正式研究,核心科技直接材料,半导体、量子与战略技术；科研体系、研发投入与评价,P0-core-tech,https://www.kistep.re.kr/reportAllDetail.es?mid=a10305010000&rpt_no=RES0220180215&rpt_tp=831-003,https://www.kistep.re.kr/reportDownload.es?rpt_no=RES0220180215&seq=res_0026P@2,C:\Users\WINDOWS\OneDrive\知识库\智库信息爬虫\国际主要科技智库观点演变_研判\03_证据底稿\原文PDF\C-KISTEP-RES0220180215.pdf,C:\Users\WINDOWS\OneDrive\知识库\智库信息爬虫\国际主要科技智库观点演变_研判\03_证据底稿\文本\C-KISTEP-RES0220180215.txt,C:\Users\WINDOWS\OneDrive\知识库\智库信息爬虫\国际主要科技智库观点演变_研判\03_证据底稿\切片\C-KISTEP-RES0220180215.md,5085185,73994aac29d75f61261780fd59fd9214cd43fdaba7902960b3f8259c2e943f5b,285,236331,可检索文本,官方PDF已保存并校验,,2026-08-22
C-KISTEP-RES0220180219,RES0220180219,831-001,조사평가,2018-06-28,W1,2018년도 국가연구개발사업 특정평가 (상반기),박정일(R&D평가센터),"특정평가, 효과성, 효율성, 적절성, 사업평가",韩文,机构正式研究,科技创新政策与能力基线,科研体系、研发投入与评价,P2-STI-baseline,https://www.kistep.re.kr/reportAllDetail.es?mid=a10305010000&rpt_no=RES0220180219&rpt_tp=831-001,https://www.kistep.re.kr/reportDownload.es?rpt_no=RES0220180219&seq=res_0026P@13,,,,0,,0,0,官方目录无本地正文,官方目录元数据，附件未列入本批,,2026-08-22
C-KISTEP-RES0220180221,RES0220180221,831-003,예비타당성조사,2018-07-19,W1,2016년도 예비타당성조사 보고서 지하 라이프라인 연구개발사업,이흥권(재정투자분석본부),"지하, 매설 배관, 시공, 비개착, 유지보수 ",韩文,机构正式研究,科技创新政策与能力基线,科研体系、研发投入与评价,P2-STI-baseline,https://www.kistep.re.kr/reportAllDetail.es?mid=a10305010000&rpt_no=RES0220180221&rpt_tp=831-003,https://www.kistep.re.kr/reportDownload.es?rpt_no=RES0220180221&seq=res_0026P@2,,,,0,,0,0,官方目录无本地正文,官方目录元数据，附件未列入本批,,2026-08-22
C-KISTEP-RES0220180222,RES0220180222,831-003,예비타당성조사,2018-07-19,W1,2015년도 예비타당성조사 보고서 제2쇄빙연구선 건조사업,이흥권(재정투자분석본부),"쇄빙연구선, 쇄빙선, 극지연구, 북극, 북극권",韩文,机构正式研究,科技创新政策与能力基线,科研体系、研发投入与评价,P2-STI-baseline,https://www.kistep.re.kr/reportAllDetail.es?mid=a10305010000&rpt_no=RES0220180222&rpt_tp=831-003,https://www.kistep.re.kr/reportDownload.es?rpt_no=RES0220180222&seq=res_0026P@2,,,,0,,0,0,官方目录无本地正文,官方目录元数据，附件未列入本批,,2026-08-22
C-KISTEP-RES0220180223,RES0220180223,831-001,조사평가,2018-07-19,W1,IMD 2018 세계경쟁력연감 분석 : 과학 및 기술인프라 중심,정민우(혁신정보분석센터),"국가경쟁력, 과학기술지표",韩文,机构正式研究,科技创新政策与能力基线,科技创新政策与研究体系,P1-global-STI,https://www.kistep.re.kr/reportAllDetail.es?mid=a10305010000&rpt_no=RES0220180223&rpt_tp=831-001,https://www.kistep.re.kr/reportDownload.es?rpt_no=RES0220180223&seq=res_0026P@2,,,,0,,0,0,官方目录无本地正文,官方目录元数据，附件未列入本批,,2026-08-22
C-KISTEP-PRG0720180043,PRG0720180043,831-007,위탁/협동/공동연구보고서,2018-07-30,W1,제2차 과학기술기반 사회문제해결 종합계획의 중점추진과제 후보군 현황조사 및 이슈분석지원 연구,김자현(너비의깊이(주)),2차 사회문제해결 종합실천계획 과학기술기반국민생활문제해결  종합실천계획 중점추진과제 범부처 종합계획 1차계획 성과분석 국내외 사례조사,韩文,机构正式研究,科技创新政策与能力基线,科研体系、研发投入与评价,P2-STI-baseline,https://www.kistep.re.kr/reportAllDetail.es?mid=a10305010000&rpt_no=PRG0720180043&rpt_tp=831-007,https://www.kistep.re.kr/reportDownload.es?rpt_no=PRG0720180043&seq=prg_0071P@3,,,,0,,0,0,官方目录无本地正文,官方目录元数据，附件未列入本批,,2026-08-22
C-KISTEP-PRG0720180044,PRG0720180044,831-007,위탁/협동/공동연구보고서,2018-07-30,W1,"R&SBD개념을 접목한 다부처 사회문제해결형 R&D 사
업 시범과제 발굴 및 예비기획연구",양현모(전략컨설팅집현(주)),사회문제해결 과학기술 비즈니스모델 다부처,韩文,机构正式研究,科技创新政策与能力基线,科研体系、研发投入与评价,P2-STI-baseline,https://www.kistep.re.kr/reportAllDetail.es?mid=a10305010000&rpt_no=PRG0720180044&rpt_tp=831-007,https://www.kistep.re.kr/reportDownload.es?rpt_no=PRG0720180044&seq=prg_0071P@3,,,,0,,0,0,官方目录无本地正文,官方目录元数据，附件未列入本批,,2026-08-22
C-KISTEP-RES0220180225,RES0220180225,831-003,예비타당성조사,2018-08-27,W1,2017년도 예비타당성조사 보고서 한의약 혁신기술 개발사업,이흥권(재정투자분석본부),"임상연구, 비교효과연구, 한약제제, 한의의료기기, 의료정보 표준화",韩文,机构正式研究,科技创新政策与能力基线,生命科学、生物技术与健康；科研体系、研发投入与评价；产业创新、创业与区域体系,P2-STI-baseline,https://www.kistep.re.kr/reportAllDetail.es?mid=a10305010000&rpt_no=RES0220180225&rpt_tp=831-003,https://www.kistep.re.kr/reportDownload.es?rpt_no=RES0220180225&seq=res_0026P@2,,,,0,,0,0,官方目录无本地正文,官方目录元数据，附件未列入本批,,2026-08-22
C-KISTEP-RES0220180226,RES0220180226,831-003,예비타당성조사,2018-08-27,W1,2017년도 예비타당성조사 보고서 상하수도 혁신 기술개발사업,이흥권(재정투자분석본부),"상수, 하수, 지능형, 기자재, 오염",韩文,机构正式研究,科技创新政策与能力基线,科研体系、研发投入与评价；产业创新、创业与区域体系,P2-STI-baseline,https://www.kistep.re.kr/reportAllDetail.es?mid=a10305010000&rpt_no=RES0220180226&rpt_tp=831-003,https://www.kistep.re.kr/reportDownload.es?rpt_no=RES0220180226&seq=res_0026P@2,,,,0,,0,0,官方目录无本地正文,官方目录元数据，附件未列入本批,,2026-08-22
C-KISTEP-RES0220180228,RES0220180228,831-003,예비타당성조사,2018-08-28,W1,2017년도 예비타당성조사 보고서 국가 신약 파이프라인 발굴 확보 사업,이흥권(재정투자분석본부),"신약개발, 신약파이프라인, 물질발굴, 후보물질, 신약개발플랫폼",韩文,机构正式研究,科技创新政策与能力基线,科研体系、研发投入与评价,P2-STI-baseline,https://www.kistep.re.kr/reportAllDetail.es?mid=a10305010000&rpt_no=RES0220180228&rpt_tp=831-003,https://www.kistep.re.kr/reportDownload.es?rpt_no=RES0220180228&seq=res_0026P@2,,,,0,,0,0,官方目录无本地正文,官方目录元数据，附件未列入本批,,2026-08-22
C-KISTEP-PRG0720180046,PRG0720180046,831-007,위탁/협동/공동연구보고서,2018-09-27,W1,불확실성(Uncertainty)을 고려한 공모형 사업의 편익추정방안 연구 : 불확실성 기반 컨조인트 분석(Conjoint analysis) 방법론을 중심으로,신정우(경희대학교 산학협력단),"예비타당성조사, 가치평가방법, 컨조인트 분석, 불확실성, 진술선호, 공모형 사업",韩文,机构正式研究,科技创新政策与能力基线,科研体系、研发投入与评价,P2-STI-baseline,https://www.kistep.re.kr/reportAllDetail.es?mid=a10305010000&rpt_no=PRG0720180046&rpt_tp=831-007,https://www.kistep.re.kr/reportDownload.es?rpt_no=PRG0720180046&seq=prg_0071P@2,,,,0,,0,0,官方目录无本地正文,官方目录元数据，附件未列入本批,,2026-08-22
C-KISTEP-PRG0720180111,PRG0720180111,831-007,위탁/협동/공동연구보고서,2018-09-28,W1,자유공모형 사업의 사업계획서 필수요건 및 예비타당성 조사방법론 연구,김소영(한국과학기술원),"연구개발, 사업, 예비타당성 기초연구, 논리모형",韩文,机构正式研究,科技创新政策与能力基线,科研体系、研发投入与评价,P2-STI-baseline,https://www.kistep.re.kr/reportAllDetail.es?mid=a10305010000&rpt_no=PRG0720180111&rpt_tp=831-007,https://www.kistep.re.kr/reportDownload.es?rpt_no=PRG0720180111&seq=prg_0071P@2,,,,0,,0,0,官方目录无本地正文,官方目录元数据，附件未列入本批,,2026-08-22
C-KISTEP-PRG0720180088,PRG0720180088,831-007,위탁/협동/공동연구보고서,2018-09-30,W1,R&D 분야 예비타당성 조사시 고려할 정책적 타당성에 대한 연구(정책적 타당성에 대한 메타평가와 대안),정태현(한양대학교 산학협력단),"연구개발, 평가, 예비타당성, 과학기술정책, 정책성",韩文,机构正式研究,科技创新政策与能力基线,科研体系、研发投入与评价,P2-STI-baseline,https://www.kistep.re.kr/reportAllDetail.es?mid=a10305010000&rpt_no=PRG0720180088&rpt_tp=831-007,https://www.kistep.re.kr/reportDownload.es?rpt_no=PRG0720180088&seq=prg_0071P@4,,,,0,,0,0,官方目录无本地正文,官方目录元数据，附件未列入本批,,2026-08-22
C-KISTEP-RES0220180231,RES0220180231,831-001,조사평가,2018-10-01,W1,2017년도 국가연구개발사업 조사분석 보고서,이현익(혁신정보분석센터),"조사분석, 정부, 연구개발, 투자, 통계",韩文,机构正式研究,科技创新政策与能力基线,科研体系、研发投入与评价,P2-STI-baseline,https://www.kistep.re.kr/reportAllDetail.es?mid=a10305010000&rpt_no=RES0220180231&rpt_tp=831-001,https://www.kistep.re.kr/reportDownload.es?rpt_no=RES0220180231&seq=res_0026P@3,,,,0,,0,0,官方目录无本地正文,官方目录元数据，附件未列入本批,,2026-08-22
C-KISTEP-RES0220180235,RES0220180235,831-003,예비타당성조사,2018-10-11,W1,2017년도 예비타당성조사 보고서 중소기업 네트워크형 기술개발사업,이흥권(재정투자분석본부),"산-산 협력, 개방형 혁신, 네트워크, 중소기업",韩文,机构正式研究,科技创新政策与能力基线,科研体系、研发投入与评价；产业创新、创业与区域体系,P1-global-STI,https://www.kistep.re.kr/reportAllDetail.es?mid=a10305010000&rpt_no=RES0220180235&rpt_tp=831-003,https://www.kistep.re.kr/reportDownload.es?rpt_no=RES0220180235&seq=res_0026P@2,,,,0,,0,0,官方目录无本地正文,官方目录元数据，附件未列入本批,,2026-08-22
C-KISTEP-RES0220180236,RES0220180236,831-003,예비타당성조사,2018-10-15,W1,2017년도 예비타당성조사 보고서 산학연 Collabo R&D사업,이흥권(재정투자분석본부),"중소기업, 산학, 산연, 협력 R&D, 예비연구",韩文,机构正式研究,科技创新政策与能力基线,科研体系、研发投入与评价；产业创新、创业与区域体系,P1-global-STI,https://www.kistep.re.kr/reportAllDetail.es?mid=a10305010000&rpt_no=RES0220180236&rpt_tp=831-003,https://www.kistep.re.kr/reportDownload.es?rpt_no=RES0220180236&seq=res_0026P@2,,,,0,,0,0,官方目录无本地正文,官方目录元数据，附件未列入本批,,2026-08-22
C-KISTEP-RES0220180239,RES0220180239,831-004,성과확산,2018-10-30,W1,2018 국가연구개발 우수성과,김남희(성과확산센터),"국가연구개발 우수성과, 100선, 우수기관, 사례집, 국가연구개발사업 ",韩文,机构正式研究,科技创新政策与能力基线,科研体系、研发投入与评价,P2-STI-baseline,https://www.kistep.re.kr/reportAllDetail.es?mid=a10305010000&rpt_no=RES0220180239&rpt_tp=831-004,https://www.kistep.re.kr/reportDownload.es?rpt_no=RES0220180239&seq=res_0026P@1,,,,0,,0,0,官方目录无本地正文,官方目录元数据，附件未列入本批,,2026-08-22
C-KISTEP-PRG0720180096,PRG0720180096,831-007,위탁/협동/공동연구보고서,2018-11-14,W1,연구관리전문기관 사업관리의 전문성·공정성 제고방안 연구,윤지웅((사)한국행정학회),"연구관리, 공정성, 전문성, 전문기관",韩文,机构正式研究,科技创新政策与能力基线,科技创新政策与研究体系,P2-STI-baseline,https://www.kistep.re.kr/reportAllDetail.es?mid=a10305010000&rpt_no=PRG0720180096&rpt_tp=831-007,https://www.kistep.re.kr/reportDownload.es?rpt_no=PRG0720180096&seq=prg_0071P@4,,,,0,,0,0,官方目录无本地正文,官方目录元数据，附件未列入本批,,2026-08-22
C-KISTEP-RES0220180242,RES0220180242,831-001,조사평가,2018-11-20,W1,2018년도 국가연구개발사업 상위평가보고서,박정일(R&D평가센터),"국가연구개발사업, 중간평가, 자체평가, 상위평가",韩文,机构正式研究,科技创新政策与能力基线,科研体系、研发投入与评价,P2-STI-baseline,https://www.kistep.re.kr/reportAllDetail.es?mid=a10305010000&rpt_no=RES0220180242&rpt_tp=831-001,https://www.kistep.re.kr/reportDownload.es?rpt_no=RES0220180242&seq=res_0026P@2,,,,0,,0,0,官方目录无本地正文,官方目录元数据，附件未列入本批,,2026-08-22
C-KISTEP-PRG0720180116,PRG0720180116,831-007,위탁/협동/공동연구보고서,2018-11-30,W1,연구관리 전문기관 평가체계 및 매뉴얼 마련에 관한 연구,홍형득(한국정책학회),연구관리 연구관리전문기관  평가,韩文,机构正式研究,科技创新政策与能力基线,科研体系、研发投入与评价,P2-STI-baseline,https://www.kistep.re.kr/reportAllDetail.es?mid=a10305010000&rpt_no=PRG0720180116&rpt_tp=831-007,https://www.kistep.re.kr/reportDownload.es?rpt_no=PRG0720180116&seq=prg_0071P@4,,,,0,,0,0,官方目录无本地正文,官方目录元数据，附件未列入本批,,2026-08-22
C-KISTEP-PRG0720180122,PRG0720180122,831-007,위탁/협동/공동연구보고서,2018-11-30,W1,주요국의 기관평가 조사 분석을 통한 임무중심형 평가제도 개선방안 연구,봉선학(주식회사 티비앤에이),,韩文,机构正式研究,科技创新政策与能力基线,科研体系、研发投入与评价,P2-STI-baseline,https://www.kistep.re.kr/reportAllDetail.es?mid=a10305010000&rpt_no=PRG0720180122&rpt_tp=831-007,https://www.kistep.re.kr/reportDownload.es?rpt_no=PRG0720180122&seq=prg_0071P@2,,,,0,,0,0,官方目录无本地正文,官方目录元数据，附件未列入本批,,2026-08-22
C-KISTEP-RES0220180245,RES0220180245,831-001,조사평가,2018-12-11,W1,세계경제포럼(WEF)의 세계경쟁력 보고서 2018분석-과학기술 관련 부문 중심으로,정민우(혁신정보분석센터),"세계경제포럼, 국가경쟁력, 과학기술지표, ICT보급, 혁신역량",韩文,机构正式研究,科技创新政策与能力基线,产业创新、创业与区域体系,P1-global-STI,https://www.kistep.re.kr/reportAllDetail.es?mid=a10305010000&rpt_no=RES0220180245&rpt_tp=831-001,https://www.kistep.re.kr/reportDownload.es?rpt_no=RES0220180245&seq=res_0026P@2,,,,0,,0,0,官方目录无本地正文,官方目录元数据，附件未列入本批,,2026-08-22
C-KISTEP-RES0220180246,RES0220180246,831-003,예비타당성조사,2018-12-11,W1,2017년도 예비타당성조사 보고서-중소기업글로벌혁신기술개발사업,이흥권(재정투자분석본부),"중소기업, 글로벌혁신, 글로벌전략품목, 혁신형기업, 글로벌강소기업",韩文,机构正式研究,科技创新政策与能力基线,科研体系、研发投入与评价；产业创新、创业与区域体系,P1-global-STI,https://www.kistep.re.kr/reportAllDetail.es?mid=a10305010000&rpt_no=RES0220180246&rpt_tp=831-003,https://www.kistep.re.kr/reportDownload.es?rpt_no=RES0220180246&seq=res_0026P@2,C:\Users\WINDOWS\OneDrive\知识库\智库信息爬虫\国际主要科技智库观点演变_研判\03_证据底稿\原文PDF\C-KISTEP-RES0220180246.pdf,C:\Users\WINDOWS\OneDrive\知识库\智库信息爬虫\国际主要科技智库观点演变_研判\03_证据底稿\文本\C-KISTEP-RES0220180246.txt,C:\Users\WINDOWS\OneDrive\知识库\智库信息爬虫\国际主要科技智库观点演变_研判\03_证据底稿\切片\C-KISTEP-RES0220180246.md,5723216,a40cee0b0a83b8fccd26475a93d34fb366323443eeb515d77f4d0d7c38b0c834,230,211491,可检索文本,官方PDF已保存并校验,,2026-08-22
C-KISTEP-RES0220180248,RES0220180248,831-003,예비타당성조사,2018-12-11,W1,2017년도 예비타당성조사 보고서-차세대 농작물 신육종기술 개발사업,이흥권(재정투자분석본부),"신육종기술, 유전자가위기술, 유전체교정, 육종소재, 재분화조절기술",韩文,机构正式研究,科技创新政策与能力基线,生命科学、生物技术与健康；科研体系、研发投入与评价,P2-STI-baseline,https://www.kistep.re.kr/reportAllDetail.es?mid=a10305010000&rpt_no=RES0220180248&rpt_tp=831-003,https://www.kistep.re.kr/reportDownload.es?rpt_no=RES0220180248&seq=res_0026P@2,,,,0,,0,0,官方目录无本地正文,官方目录元数据，附件未列入本批,,2026-08-22
C-KISTEP-RES0220180249,RES0220180249,831-003,예비타당성조사,2018-12-11,W1,2018년도 예비타당성조사 보고서-디스플레이 혁신공정 플랫폼 구축사업,이흥권(재정투자분석본부),"디스플레이, 자발광, 플렉서블, 비진공, 용액 공정",韩文,机构正式研究,科技创新政策与能力基线,科研体系、研发投入与评价；产业创新、创业与区域体系,P2-STI-baseline,https://www.kistep.re.kr/reportAllDetail.es?mid=a10305010000&rpt_no=RES0220180249&rpt_tp=831-003,https://www.kistep.re.kr/reportDownload.es?rpt_no=RES0220180249&seq=res_0026P@2,,,,0,,0,0,官方目录无本地正文,官方目录元数据，附件未列入本批,,2026-08-22
C-KISTEP-RES0220180250,RES0220180250,831-003,예비타당성조사,2018-12-11,W1,2017년도 예비타당성조사 보고서-농생명소재산업화 기술개발사업,이흥권(재정투자분석본부),"임상연구, 비교효과연구, 한약제제, 한의의료기기, 의료정보 표준화",韩文,机构正式研究,科技创新政策与能力基线,生命科学、生物技术与健康；科研体系、研发投入与评价；产业创新、创业与区域体系,P2-STI-baseline,https://www.kistep.re.kr/reportAllDetail.es?mid=a10305010000&rpt_no=RES0220180250&rpt_tp=831-003,https://www.kistep.re.kr/reportDownload.es?rpt_no=RES0220180250&seq=res_0026P@2,,,,0,,0,0,官方目录无本地正文,官方目录元数据，附件未列入本批,,2026-08-22
C-KISTEP-RES0220180251,RES0220180251,831-003,예비타당성조사,2018-12-11,W1,2018년도 예비타당성조사 보고서-무인이동체 원천기술개발사업,이흥권(재정투자분석본부),"무인이동체, 공통기술, 항공무인이동체, 육상무인이동체, 테스트베드",韩文,机构正式研究,科技创新政策与能力基线,科研体系、研发投入与评价；航天、核能与大型技术系统,P2-STI-baseline,https://www.kistep.re.kr/reportAllDetail.es?mid=a10305010000&rpt_no=RES0220180251&rpt_tp=831-003,https://www.kistep.re.kr/reportDownload.es?rpt_no=RES0220180251&seq=res_0026P@2,,,,0,,0,0,官方目录无本地正文,官方目录元数据，附件未列入本批,,2026-08-22
C-KISTEP-PRG0720180121,PRG0720180121,831-007,위탁/협동/공동연구보고서,2018-12-13,W1,바이오의료 분야 R&D 투자방향 및 혁신방안 연구,유승준(사단법인한국바이오협회),"R&D투자, 전략적투자, 신약개발, 의료기기, 유전체",韩文,机构正式研究,核心科技直接材料,生命科学、生物技术与健康；科研体系、研发投入与评价；产业创新、创业与区域体系,P0-core-tech,https://www.kistep.re.kr/reportAllDetail.es?mid=a10305010000&rpt_no=PRG0720180121&rpt_tp=831-007,https://www.kistep.re.kr/reportDownload.es?rpt_no=PRG0720180121&seq=prg_0071P@2,C:\Users\WINDOWS\OneDrive\知识库\智库信息爬虫\国际主要科技智库观点演变_研判\03_证据底稿\原文PDF\C-KISTEP-PRG0720180121.pdf,C:\Users\WINDOWS\OneDrive\知识库\智库信息爬虫\国际主要科技智库观点演变_研判\03_证据底稿\文本\C-KISTEP-PRG0720180121.txt,C:\Users\WINDOWS\OneDrive\知识库\智库信息爬虫\国际主要科技智库观点演变_研判\03_证据底稿\切片\C-KISTEP-PRG0720180121.md,4262778,b92188ffb45023bb99b58f03e2437e4782cf5475541a7508b90041eee6077561,158,122613,可检索文本,官方PDF已保存并校验,,2026-08-22
C-KISTEP-RES0220180256,RES0220180256,831-001,조사평가,2018-12-21,W1,2018년 지역과학기술산업 Scoreboard 구축과 발간,"천세봉, 김윤종(정책기획본부)","지역 과학기술, 혁신역량, 지역 과학기술혁신역량지수, 스코어보드 ",韩文,机构正式研究,科技创新政策与能力基线,产业创新、创业与区域体系,P2-STI-baseline,https://www.kistep.re.kr/reportAllDetail.es?mid=a10305010000&rpt_no=RES0220180256&rpt_tp=831-001,https://www.kistep.re.kr/reportDownload.es?rpt_no=RES0220180256&seq=res_0026P@3,,,,0,,0,0,官方目录无本地正文,官方目录元数据，附件未列入本批,,2026-08-22
C-KISTEP-RES0220180258,RES0220180258,831-001,조사평가,2018-12-28,W1,2018년도 국가연구개발사업 상위평가 보고서[추적평가],박정일(R&D평가센터),"국가연구개발사업, 추적평가, 상위평가",韩文,机构正式研究,科技创新政策与能力基线,科研体系、研发投入与评价,P2-STI-baseline,https://www.kistep.re.kr/reportAllDetail.es?mid=a10305010000&rpt_no=RES0220180258&rpt_tp=831-001,https://www.kistep.re.kr/reportDownload.es?rpt_no=RES0220180258&seq=res_0026P@2,,,,0,,0,0,官方目录无本地正文,官方目录元数据，附件未列入本批,,2026-08-22
C-KISTEP-RES0220180260,RES0220180260,831-004,성과확산,2018-12-28,W1,국가연구개발 연구성과 관리 활용 실태조사,정동덕(성과확산센터),"연구성과, 성과활용, 국가연구개발사업",韩文,机构正式研究,科技创新政策与能力基线,科研体系、研发投入与评价,P2-STI-baseline,https://www.kistep.re.kr/reportAllDetail.es?mid=a10305010000&rpt_no=RES0220180260&rpt_tp=831-004,https://www.kistep.re.kr/reportDownload.es?rpt_no=RES0220180260&seq=res_0026P@4,,,,0,,0,0,官方目录无本地正文,官方目录元数据，附件未列入本批,,2026-08-22
C-KISTEP-PRG0720190004,PRG0720190004,831-007,위탁/협동/공동연구보고서,2018-12-31,W1,대학의 연구개발 관리 현황 분석 및 개선방안 연구,박상욱(서울대학교 산학협력단),대학 연구개발 산학협력단 연구관리,韩文,机构正式研究,科技创新政策与能力基线,科研体系、研发投入与评价；科技人才、大学与知识流动,P1-global-STI,https://www.kistep.re.kr/reportAllDetail.es?mid=a10305010000&rpt_no=PRG0720190004&rpt_tp=831-007,https://www.kistep.re.kr/reportDownload.es?rpt_no=PRG0720190004&seq=prg_0071P@3,C:\Users\WINDOWS\OneDrive\知识库\智库信息爬虫\国际主要科技智库观点演变_研判\03_证据底稿\原文PDF\C-KISTEP-PRG0720190004.pdf,C:\Users\WINDOWS\OneDrive\知识库\智库信息爬虫\国际主要科技智库观点演变_研判\03_证据底稿\文本\C-KISTEP-PRG0720190004.txt,C:\Users\WINDOWS\OneDrive\知识库\智库信息爬虫\国际主要科技智库观点演变_研判\03_证据底稿\切片\C-KISTEP-PRG0720190004.md,2446996,ade6c33ae33449dc01b9392f9d38764cda0f70a5b1784edf96b665f2d742bbfb,134,111014,可检索文本,官方PDF已保存并校验,,2026-08-22
C-KISTEP-PRG0720190005,PRG0720190005,831-007,위탁/협동/공동연구보고서,2018-12-31,W1,혁신성장동력 신규분야 발굴을 위한 산업화 여건 분석 연구,분리보관(산업연구원),"혁신성장동력,산업화 여건,신산업 창출",韩文,机构正式研究,科技创新政策与能力基线,产业创新、创业与区域体系,P2-STI-baseline,https://www.kistep.re.kr/reportAllDetail.es?mid=a10305010000&rpt_no=PRG0720190005&rpt_tp=831-007,https://www.kistep.re.kr/reportDownload.es?rpt_no=PRG0720190005&seq=prg_0071P@4,,,,0,,0,0,官方目录无本地正文,官方目录元数据，附件未列入本批,,2026-08-22
C-KISTEP-RES0220180262,RES0220180262,831-004,성과확산,2019-01-04,W2,R&D 성과 관리 및 활용 정책의 조망과 효과 분석,조현정(성과확산센터),"정부RnD, RnD성과, RnD성과정책, RnD성과관리, RnD성과확산",韩文,机构正式研究,科技创新政策与能力基线,科研体系、研发投入与评价,P2-STI-baseline,https://www.kistep.re.kr/reportAllDetail.es?mid=a10305010000&rpt_no=RES0220180262&rpt_tp=831-004,https://www.kistep.re.kr/reportDownload.es?rpt_no=RES0220180262&seq=res_0026P@1,,,,0,,0,0,官方目录无本地正文,官方目录元数据，附件未列入本批,,2026-08-22
C-KISTEP-RES0220190002,RES0220190002,831-001,조사평가,2019-01-04,W2,과학기술 분야 R&D 제도 혁신 기반 연구,허기영(제도혁신센터),"자율과 책임,
연구개발
과제수,
연구비 집행 및 관리,
연구비 상한제,
규제비용
분석",韩文,机构正式研究,科技创新政策与能力基线,科研体系、研发投入与评价；产业创新、创业与区域体系,P2-STI-baseline,https://www.kistep.re.kr/reportAllDetail.es?mid=a10305010000&rpt_no=RES0220190002&rpt_tp=831-001,https://www.kistep.re.kr/reportDownload.es?rpt_no=RES0220190002&seq=res_0026P@2,,,,0,,0,0,官方目录无本地正文,官方目录元数据，附件未列入本批,,2026-08-22
C-KISTEP-RES0220190003,RES0220190003,831-002,정책기획,2019-01-08,W2,연구자의 아이디어 보호 및 활용에 관한 법제 개선 연구,이재훈(제도혁신센터),"아이디어, 아이디어 보호, 아이디어 창출, 아이디어 활용, 법제 개선",韩文,机构正式研究,科技创新政策与能力基线,科技人才、大学与知识流动,P2-STI-baseline,https://www.kistep.re.kr/reportAllDetail.es?mid=a10305010000&rpt_no=RES0220190003&rpt_tp=831-002,https://www.kistep.re.kr/reportDownload.es?rpt_no=RES0220190003&seq=res_0026P@2,,,,0,,0,0,官方目录无本地正文,官方目录元数据，附件未列入本批,,2026-08-22
C-KISTEP-RES0220180257,RES0220180257,831-001,조사평가,2019-01-09,W2,2018년 국가과학기술혁신역량평가,안지혜(혁신정보분석센터)," 혁신역량, 과학기술, 복합지표  ",韩文,机构正式研究,科技创新政策与能力基线,科研体系、研发投入与评价；产业创新、创业与区域体系,P2-STI-baseline,https://www.kistep.re.kr/reportAllDetail.es?mid=a10305010000&rpt_no=RES0220180257&rpt_tp=831-001,https://www.kistep.re.kr/reportDownload.es?rpt_no=RES0220180257&seq=res_0026P@4,,,,0,,0,0,官方目录无本地正文,官方目录元数据，附件未列入本批,,2026-08-22
C-KISTEP-RES0220190006,RES0220190006,831-002,정책기획,2019-01-09,W2,감사 시스템 및 사례 분석을 통한 R&D 제도 개선에 관한 연구,이재훈(제도혁신센터),"감사, R&D감사, 연구개발사업, 법제연구, R&D사업",韩文,机构正式研究,科技创新政策与能力基线,科研体系、研发投入与评价,P2-STI-baseline,https://www.kistep.re.kr/reportAllDetail.es?mid=a10305010000&rpt_no=RES0220190006&rpt_tp=831-002,https://www.kistep.re.kr/reportDownload.es?rpt_no=RES0220190006&seq=res_0026P@2,,,,0,,0,0,官方目录无本地正文,官方目录元数据，附件未列入本批,,2026-08-22
C-KISTEP-RES0220180261,RES0220180261,831-002,정책기획,2019-01-10,W2,국가연구개발사업 간접비 제도 운영에 관한 연구,황명구(제도혁신센터),"국가연구개발사업, 비영리법인, 간접비 비율",韩文,机构正式研究,科技创新政策与能力基线,科研体系、研发投入与评价,P2-STI-baseline,https://www.kistep.re.kr/reportAllDetail.es?mid=a10305010000&rpt_no=RES0220180261&rpt_tp=831-002,https://www.kistep.re.kr/reportDownload.es?rpt_no=RES0220180261&seq=res_0026P@2,,,,0,,0,0,官方目录无本地正文,官方目录元数据，附件未列入本批,,2026-08-22
C-KISTEP-RES0220190009,RES0220190009,831-006,미래예측,2019-01-14,W2,2019년 KISTEP 미래유망기술 선정에 관한 연구,임현(기술예측센터),"기술예측, 약한 신호, 미래유망기술, R&D기획, 평가",韩文,机构正式研究,科技创新政策与能力基线,科研体系、研发投入与评价；科技前瞻与未来社会,P2-STI-baseline,https://www.kistep.re.kr/reportAllDetail.es?mid=a10305010000&rpt_no=RES0220190009&rpt_tp=831-006,https://www.kistep.re.kr/reportDownload.es?rpt_no=RES0220190009&seq=res_0026P@3,,,,0,,0,0,官方目录无本地正文,官方目录元数据，附件未列入本批,,2026-08-22
C-KISTEP-RES0220190012,RES0220190012,831-002,정책기획,2019-01-17,W2,2018년 과학기술분야 중장기계획 조사분석,한민규(혁신경제정책센터),"중장기계획, 연계맵, 과학, 기술",韩文,机构正式研究,科技创新政策与能力基线,科技创新政策与研究体系,P2-STI-baseline,https://www.kistep.re.kr/reportAllDetail.es?mid=a10305010000&rpt_no=RES0220190012&rpt_tp=831-002,https://www.kistep.re.kr/reportDownload.es?rpt_no=RES0220190012&seq=res_0026P@2,,,,0,,0,0,官方目录无本地正文,官方目录元数据，附件未列入本批,,2026-08-22
C-KISTEP-RES0220190013,RES0220190013,831-005,사업조정,2019-01-17,W2,텍스트 마이닝 분석을 활용한 예산배분조정 전략과 예산의 연계성에 관한 연구,강문상(사업총괄조정센터),"연구개발전략, 예산배분조정, 일관성, 연계성, 텍스트네트워크 분석",韩文,机构正式研究,科技创新政策与能力基线,科研体系、研发投入与评价,P2-STI-baseline,https://www.kistep.re.kr/reportAllDetail.es?mid=a10305010000&rpt_no=RES0220190013&rpt_tp=831-005,https://www.kistep.re.kr/reportDownload.es?rpt_no=RES0220190013&seq=res_0026P@2,,,,0,,0,0,官方目录无本地正文,官方目录元数据，附件未列入本批,,2026-08-22
C-KISTEP-RES0220190014,RES0220190014,831-006,미래예측,2019-01-17,W2,제3회 과학기술예측조사 결과의 실현도 평가,안상진(기술예측센터),"기술예측, 예측조사의 평가, 실현율, 유사도, 기술기획",韩文,机构正式研究,科技创新政策与能力基线,科研体系、研发投入与评价；科技前瞻与未来社会,P2-STI-baseline,https://www.kistep.re.kr/reportAllDetail.es?mid=a10305010000&rpt_no=RES0220190014&rpt_tp=831-006,https://www.kistep.re.kr/reportDownload.es?rpt_no=RES0220190014&seq=res_0026P@2,,,,0,,0,0,官方目录无本地正文,官方目录元数据，附件未列入本批,,2026-08-22
C-KISTEP-RES0220190015,RES0220190015,831-002,정책기획,2019-01-18,W2,2018년 민간혁신 스코어보드 구축 및 발간,이호(혁신경제정책센터),"국가혁신체계, 민간혁신체계, 민간기업, 스코어보드",韩文,机构正式研究,科技创新政策与能力基线,产业创新、创业与区域体系,P2-STI-baseline,https://www.kistep.re.kr/reportAllDetail.es?mid=a10305010000&rpt_no=RES0220190015&rpt_tp=831-002,https://www.kistep.re.kr/reportDownload.es?rpt_no=RES0220190015&seq=res_0026P@2,,,,0,,0,0,官方目录无本地正文,官方目录元数据，附件未列入本批,,2026-08-22
C-KISTEP-RES0220190017,RES0220190017,831-001,조사평가,2019-01-23,W2,2017년도 국가연구개발사업 성과분석 보고서,김행미(혁신정보분석센터),"국가연구개발사업, 성과분석, ",韩文,机构正式研究,科技创新政策与能力基线,科研体系、研发投入与评价,P2-STI-baseline,https://www.kistep.re.kr/reportAllDetail.es?mid=a10305010000&rpt_no=RES0220190017&rpt_tp=831-001,https://www.kistep.re.kr/reportDownload.es?rpt_no=RES0220190017&seq=res_0026P@2,,,,0,,0,0,官方目录无本地正文,官方目录元数据，附件未列入本批,,2026-08-22
C-KISTEP-RES0220190018,RES0220190018,831-001,조사평가,2019-01-23,W2,국가연구개발사업 평가제도의 성과분석 및 고도화방안 연구,고용수(R&D평가센터),"국가연구개발사업, 성과평가, 사업평가, 성과정보",韩文,机构正式研究,科技创新政策与能力基线,科研体系、研发投入与评价,P2-STI-baseline,https://www.kistep.re.kr/reportAllDetail.es?mid=a10305010000&rpt_no=RES0220190018&rpt_tp=831-001,https://www.kistep.re.kr/reportDownload.es?rpt_no=RES0220190018&seq=res_0026P@2,,,,0,,0,0,官方目录无本地正文,官方目录元数据，附件未列入本批,,2026-08-22
C-KISTEP-RES0220190007,RES0220190007,831-002,정책기획,2019-01-28,W2,과학기술기반 사회혁신지수 개발을 위한 기초연구,용태석(사회혁신전략센터),"사회혁신, 지수, 과학기술",韩文,机构正式研究,科技创新政策与能力基线,产业创新、创业与区域体系,P2-STI-baseline,https://www.kistep.re.kr/reportAllDetail.es?mid=a10305010000&rpt_no=RES0220190007&rpt_tp=831-002,https://www.kistep.re.kr/reportDownload.es?rpt_no=RES0220190007&seq=res_0026P@4,,,,0,,0,0,官方目录无本地正文,官方目录元数据，附件未列入本批,,2026-08-22
C-KISTEP-RES0220190021,RES0220190021,831-002,정책기획,2019-01-28,W2,2018 지방과학기술연감,이충현(혁신기반센터),"지역, 과학기술, 지방 과학기술, 지역 연구개발",韩文,机构正式研究,科技创新政策与能力基线,科研体系、研发投入与评价；产业创新、创业与区域体系,P2-STI-baseline,https://www.kistep.re.kr/reportAllDetail.es?mid=a10305010000&rpt_no=RES0220190021&rpt_tp=831-002,https://www.kistep.re.kr/reportDownload.es?rpt_no=RES0220190021&seq=res_0026P@2,,,,0,,0,0,官方目录无本地正文,官方目录元数据，附件未列入本批,,2026-08-22
C-KISTEP-RES0220190022,RES0220190022,831-003,예비타당성조사,2019-01-28,W2,국가연구개발사업 예비타당성조사 분석방법론 개선방향 탐색 연구,조성호(예비타당성조사1센터),"예비타당성조사, R&D사업유형, 맞춤형조사, 분석체계개선, 분석적계층화법",韩文,机构正式研究,科技创新政策与能力基线,科研体系、研发投入与评价,P2-STI-baseline,https://www.kistep.re.kr/reportAllDetail.es?mid=a10305010000&rpt_no=RES0220190022&rpt_tp=831-003,https://www.kistep.re.kr/reportDownload.es?rpt_no=RES0220190022&seq=res_0026P@2,,,,0,,0,0,官方目录无本地正文,官方目录元数据，附件未列入本批,,2026-08-22
C-KISTEP-RES0220190023,RES0220190023,831-003,예비타당성조사,2019-01-28,W2,시스템/체계개발 유형사업에 대한 타당성조사 방법론 연구,이태근(예비타당성조사2센터),"(예비)타당성조사, 시스템/체계개발 사업, 기술준비도, 비용분석, 비용효과 분석",韩文,机构正式研究,科技创新政策与能力基线,科技创新政策与研究体系,P2-STI-baseline,https://www.kistep.re.kr/reportAllDetail.es?mid=a10305010000&rpt_no=RES0220190023&rpt_tp=831-003,https://www.kistep.re.kr/reportDownload.es?rpt_no=RES0220190023&seq=res_0026P@2,,,,0,,0,0,官方目录无本地正文,官方目录元数据，附件未列入本批,,2026-08-22
C-KISTEP-RES0220190025,RES0220190025,831-005,사업조정,2019-01-28,W2,정부 연구개발 실증사업의 현황 분석 및 투자 전략 수립에 관한 연구,김선재(성장동력사업센터),"실증, 투자전략, 기술 사업화, 성과 제고, 정책 제안",韩文,机构正式研究,科技创新政策与能力基线,科研体系、研发投入与评价；产业创新、创业与区域体系,P2-STI-baseline,https://www.kistep.re.kr/reportAllDetail.es?mid=a10305010000&rpt_no=RES0220190025&rpt_tp=831-005,https://www.kistep.re.kr/reportDownload.es?rpt_no=RES0220190025&seq=res_0026P@4,,,,0,,0,0,官方目录无本地正文,官方目录元数据，附件未列入本批,,2026-08-22
C-KISTEP-RES0220190026,RES0220190026,831-002,정책기획,2019-01-28,W2,학생인건비 통합관리제 기획 및 운영,허기영(제도혁신센터),"학생인건비 통합관리, 학생연구원, 학생인건비, 투명성, 효율성",韩文,机构正式研究,科技创新政策与能力基线,科技创新政策与研究体系,P2-STI-baseline,https://www.kistep.re.kr/reportAllDetail.es?mid=a10305010000&rpt_no=RES0220190026&rpt_tp=831-002,https://www.kistep.re.kr/reportDownload.es?rpt_no=RES0220190026&seq=res_0026P@8,,,,0,,0,0,官方目录无本地正文,官方目录元数据，附件未列入本批,,2026-08-22
C-KISTEP-RES0220190028,RES0220190028,831-002,정책기획,2019-01-28,W2,글로벌 리스크 대응을 위한 메타 거버넌스 연구 : 과학기술 안보적 관점을 중심으로,한성구(혁신경제정책센터),"글로벌 리스크, 과학기술, 메타 거버넌스, 바이오안보, 바이오 리스크",韩文,机构正式研究,核心科技直接材料,生命科学、生物技术与健康；技术安全、供应链与国际合作,P0-core-tech,https://www.kistep.re.kr/reportAllDetail.es?mid=a10305010000&rpt_no=RES0220190028&rpt_tp=831-002,https://www.kistep.re.kr/reportDownload.es?rpt_no=RES0220190028&seq=res_0026P@2,,,,0,,0,0,官方目录无本地正文,官方目录元数据，附件未列入本批,,2026-08-22
C-KISTEP-RES0220190030,RES0220190030,831-004,성과확산,2019-01-28,W2,K2Base 지식자산의 활용방안 연구 - 신약개발 분야를 중심으로 -,엄익천(혁신정보분석센터),"과학기술정책통합지원서비스, 지식자산, 서비스, 활용방안, 신약개발",韩文,机构正式研究,科技创新政策与能力基线,科研体系、研发投入与评价；科技人才、大学与知识流动,P2-STI-baseline,https://www.kistep.re.kr/reportAllDetail.es?mid=a10305010000&rpt_no=RES0220190030&rpt_tp=831-004,https://www.kistep.re.kr/reportDownload.es?rpt_no=RES0220190030&seq=res_0026P@2,,,,0,,0,0,官方目录无本地正文,官方目录元数据，附件未列入本批,,2026-08-22
C-KISTEP-RES0220190031,RES0220190031,831-001,조사평가,2019-01-28,W2,2018년도 예비타당성조사 요구 국가연구개발사업 기술성평가,박정일(R&D평가센터),"국가연구개발사업, 기술성평가, 예비타당성조사",韩文,机构正式研究,科技创新政策与能力基线,科研体系、研发投入与评价,P2-STI-baseline,https://www.kistep.re.kr/reportAllDetail.es?mid=a10305010000&rpt_no=RES0220190031&rpt_tp=831-001,https://www.kistep.re.kr/reportDownload.es?rpt_no=RES0220190031&seq=res_0026P@3,,,,0,,0,0,官方目录无本地正文,官方目录元数据，附件未列入本批,,2026-08-22
C-KISTEP-RES0220190032,RES0220190032,831-001,조사평가,2019-01-28,W2,2018년 과학기술통계 분석과 통계백서 발간,김윤종(혁신정보분석센터),"과학기술, 통계, 지표, 백서, 추세",韩文,机构正式研究,科技创新政策与能力基线,科技创新政策与研究体系,P2-STI-baseline,https://www.kistep.re.kr/reportAllDetail.es?mid=a10305010000&rpt_no=RES0220190032&rpt_tp=831-001,https://www.kistep.re.kr/reportDownload.es?rpt_no=RES0220190032&seq=res_0026P@3,,,,0,,0,0,官方目录无本地正文,官方目录元数据，附件未列入本批,,2026-08-22
C-KISTEP-RES0220190033,RES0220190033,831-001,조사평가,2019-01-28,W2,빅데이터 기반의 연구혁신 정책의사결정 지원 체계 정립 연구,이윤빈(혁신정보분석센터),"연구혁신정책, 데이터 흐름, 의사결정, 통계, 마이크로데이터",韩文,机构正式研究,核心科技直接材料,人工智能、数据与数字技术；产业创新、创业与区域体系,P0-core-tech,https://www.kistep.re.kr/reportAllDetail.es?mid=a10305010000&rpt_no=RES0220190033&rpt_tp=831-001,https://www.kistep.re.kr/reportDownload.es?rpt_no=RES0220190033&seq=res_0026P@4,,,,0,,0,0,官方目录无本地正文,官方目录元数据，附件未列入本批,,2026-08-22
C-KISTEP-RES0220190036,RES0220190036,831-001,조사평가,2019-01-28,W2,KISTEP 통계브리프,정민우(혁신정보분석센터),"과학기술통계, 국가연구개발투자, 국가연구개발성과, 경쟁력",韩文,机构正式研究,科技创新政策与能力基线,科研体系、研发投入与评价,P1-global-STI,https://www.kistep.re.kr/reportAllDetail.es?mid=a10305010000&rpt_no=RES0220190036&rpt_tp=831-001,https://www.kistep.re.kr/reportDownload.es?rpt_no=RES0220190036&seq=res_0026P@2,,,,0,,0,0,官方目录无本地正文,官方目录元数据，附件未列入本批,,2026-08-22
C-KISTEP-RES0220190038,RES0220190038,831-001,조사평가,2019-01-28,W2,국가R&D 기획·관리 지원서비스 구축,김윤종(혁신정보분석센터),"국가과학기술지식정보서비스, R&D사업관리, 국가연구개발사업 조사‧분석, 예산정보, 정책정보, 전주기 정보, 과학기술통계, 성과평가",韩文,机构正式研究,科技创新政策与能力基线,科研体系、研发投入与评价；科技人才、大学与知识流动,P2-STI-baseline,https://www.kistep.re.kr/reportAllDetail.es?mid=a10305010000&rpt_no=RES0220190038&rpt_tp=831-001,https://www.kistep.re.kr/reportDownload.es?rpt_no=RES0220190038&seq=res_0026P@3,,,,0,,0,0,官方目录无本地正文,官方目录元数据，附件未列入本批,,2026-08-22
C-KISTEP-RES0220190010,RES0220190010,831-002,정책기획,2019-01-29,W2,기술기반 고성장 기업 육성을 위한 정책 방안 연구,조길수(미래성장전략센터),고성장기업; 기술기반 스타트업; 혁신 정책; 혁신 성장; 혁신 조달,韩文,机构正式研究,科技创新政策与能力基线,产业创新、创业与区域体系,P2-STI-baseline,https://www.kistep.re.kr/reportAllDetail.es?mid=a10305010000&rpt_no=RES0220190010&rpt_tp=831-002,https://www.kistep.re.kr/reportDownload.es?rpt_no=RES0220190010&seq=res_0026P@2,,,,0,,0,0,官方目录无本地正文,官方目录元数据，附件未列入本批,,2026-08-22
C-KISTEP-RES0220190024,RES0220190024,831-005,사업조정,2019-01-29,W2,무역환경 선도형 소재·부품 확보를 위한 정부R&D 투자전략,조나현(사업총괄조정센터),"소재부품,R&D 분류체계,무역적자,네트워크,R&D투자",韩文,机构正式研究,科技创新政策与能力基线,科研体系、研发投入与评价,P2-STI-baseline,https://www.kistep.re.kr/reportAllDetail.es?mid=a10305010000&rpt_no=RES0220190024&rpt_tp=831-005,https://www.kistep.re.kr/reportDownload.es?rpt_no=RES0220190024&seq=res_0026P@2,,,,0,,0,0,官方目录无本地正文,官方目录元数据，附件未列入本批,,2026-08-22
C-KISTEP-RES0220190029,RES0220190029,831-005,사업조정,2019-01-29,W2,"R&D-산업생태계 분석을 통한 재생에너지 투자전략 수립 : 태양광, 풍력 중심으로",김기봉(거대공공사업센터),"태양광, 풍력, 투자전략, R&D생태계, 산업생태계",韩文,机构正式研究,科技创新政策与能力基线,能源、气候与绿色转型；科研体系、研发投入与评价；产业创新、创业与区域体系,P2-STI-baseline,https://www.kistep.re.kr/reportAllDetail.es?mid=a10305010000&rpt_no=RES0220190029&rpt_tp=831-005,https://www.kistep.re.kr/reportDownload.es?rpt_no=RES0220190029&seq=res_0026P@2,,,,0,,0,0,官方目录无本地正文,官方目录元数据，附件未列入本批,,2026-08-22
C-KISTEP-RES0220190035,RES0220190035,831-002,정책기획,2019-01-29,W2,2018년도 Creative KISTEP Fellowship Program 운영 및 정책이슈 분석,손병호(재정관리실),"산학연 협력연구, Creative KISTEP Fellowship Program, 과학기술정책 이슈 발굴",韩文,机构正式研究,科技创新政策与能力基线,科研体系、研发投入与评价,P1-global-STI,https://www.kistep.re.kr/reportAllDetail.es?mid=a10305010000&rpt_no=RES0220190035&rpt_tp=831-002,https://www.kistep.re.kr/reportDownload.es?rpt_no=RES0220190035&seq=res_0026P@2,,,,0,,0,0,官方目录无本地正文,官方目录元数据，附件未列入本批,,2026-08-22
C-KISTEP-RES0220190037,RES0220190037,831-001,조사평가,2019-01-29,W2,국방분야 과학기술 성과현황 분석 및 발전방안 연구,안광수(사업총괄조정센터),"국방과학기술, 연구개발성과, 투자전략, 정책제안",韩文,机构正式研究,科技创新政策与能力基线,科研体系、研发投入与评价,P2-STI-baseline,https://www.kistep.re.kr/reportAllDetail.es?mid=a10305010000&rpt_no=RES0220190037&rpt_tp=831-001,https://www.kistep.re.kr/reportDownload.es?rpt_no=RES0220190037&seq=res_0026P@2,,,,0,,0,0,官方目录无本地正文,官方目录元数据，附件未列入本批,,2026-08-22
C-KISTEP-RES0220190041,RES0220190041,831-005,사업조정,2019-01-29,W2,시민참여형 미세먼지 대응 정부 R&D 투자방향 수립 연구,박노언(거대공공사업센터),"미세먼지, 투자방향, 시민",韩文,机构正式研究,科技创新政策与能力基线,科研体系、研发投入与评价,P2-STI-baseline,https://www.kistep.re.kr/reportAllDetail.es?mid=a10305010000&rpt_no=RES0220190041&rpt_tp=831-005,https://www.kistep.re.kr/reportDownload.es?rpt_no=RES0220190041&seq=res_0026P@2,,,,0,,0,0,官方目录无本地正文,官方目录元数据，附件未列入本批,,2026-08-22
C-KISTEP-RES0220190043,RES0220190043,831-002,정책기획,2019-01-29,W2,국내 혁신 생태계의 경쟁력 강화를 위한 연구산업 활성화 정책 연구,최동혁(혁신경제정책센터),"연구산업, 개방형 혁신, 혁신시스템, 산업정책, 일자리 창출",韩文,机构正式研究,科技创新政策与能力基线,产业创新、创业与区域体系,P1-global-STI,https://www.kistep.re.kr/reportAllDetail.es?mid=a10305010000&rpt_no=RES0220190043&rpt_tp=831-002,https://www.kistep.re.kr/reportDownload.es?rpt_no=RES0220190043&seq=res_0026P@2,,,,0,,0,0,官方目录无本地正文,官方目录元数据，附件未列入本批,,2026-08-22
C-KISTEP-RES0220190046,RES0220190046,831-005,사업조정,2019-01-29,W2,정부 연구개발 투자의 생산성 측정에 관한 연구 (I),진영현(R&D예산정책센터),"연구개발 생산성, 생산성 개념, 생산성 측정",韩文,机构正式研究,科技创新政策与能力基线,科研体系、研发投入与评价,P2-STI-baseline,https://www.kistep.re.kr/reportAllDetail.es?mid=a10305010000&rpt_no=RES0220190046&rpt_tp=831-005,https://www.kistep.re.kr/reportDownload.es?rpt_no=RES0220190046&seq=res_0026P@2,,,,0,,0,0,官方目录无本地正文,官方目录元数据，附件未列入本批,,2026-08-22
C-KISTEP-RES0220190047,RES0220190047,831-005,사업조정,2019-01-29,W2,정부R&D 최적 예산배분안 도출 프로세스 연구 : 공공우주 분야를 중심으로,송화연(거대공공사업센터),"예산배분최적화, 유전알고리즘, 투자포트폴리오, 정책제안",韩文,机构正式研究,核心科技直接材料,科研体系、研发投入与评价；航天、核能与大型技术系统,P0-core-tech,https://www.kistep.re.kr/reportAllDetail.es?mid=a10305010000&rpt_no=RES0220190047&rpt_tp=831-005,https://www.kistep.re.kr/reportDownload.es?rpt_no=RES0220190047&seq=res_0026P@2,,,,0,,0,0,官方目录无本地正文,官方目录元数据，附件未列入本批,,2026-08-22
C-KISTEP-RES0220190040,RES0220190040,831-001,조사평가,2019-01-30,W2,2018년도 국가연구개발사업 상위평가 보고서 [종료평가],박정일(R&D평가센터),"종료, 후속, 상위, 자체, 효율성, 최종 목표",韩文,机构正式研究,科技创新政策与能力基线,科研体系、研发投入与评价,P2-STI-baseline,https://www.kistep.re.kr/reportAllDetail.es?mid=a10305010000&rpt_no=RES0220190040&rpt_tp=831-001,https://www.kistep.re.kr/reportDownload.es?rpt_no=RES0220190040&seq=res_0026P@3,,,,0,,0,0,官方目录无本地正文,官方目录元数据，附件未列入本批,,2026-08-22
C-KISTEP-RES0220190045,RES0220190045,831-004,성과확산,2019-01-30,W2,2018년도 과학기술정책의 과학화 기반구축 사업,김윤종(혁신정보분석센터),"과학기술정책의 과학화, 증거기반, 방법론 개발, 의사결정지원, 과학기술정책지원서비스",韩文,机构正式研究,科技创新政策与能力基线,科研体系、研发投入与评价,P2-STI-baseline,https://www.kistep.re.kr/reportAllDetail.es?mid=a10305010000&rpt_no=RES0220190045&rpt_tp=831-004,https://www.kistep.re.kr/reportDownload.es?rpt_no=RES0220190045&seq=res_0026P@10,,,,0,,0,0,官方目录无本地正文,官方目录元数据，附件未列入本批,,2026-08-22
C-KISTEP-RES0220190048,RES0220190048,831-002,정책기획,2019-01-30,W2,2018년 과학기술 기획·조정·평가 국제 네트워크 구축 연구,김진하(국제협력실),국제협력 / 글로벌 / 네트워크 / 과학기술혁신 / 개도국,韩文,机构正式研究,科技创新政策与能力基线,科研体系、研发投入与评价；产业创新、创业与区域体系；技术安全、供应链与国际合作,P1-global-STI,https://www.kistep.re.kr/reportAllDetail.es?mid=a10305010000&rpt_no=RES0220190048&rpt_tp=831-002,https://www.kistep.re.kr/reportDownload.es?rpt_no=RES0220190048&seq=res_0026P@2,,,,0,,0,0,官方目录无本地正文,官方目录元数据，附件未列入本批,,2026-08-22
C-KISTEP-RES0220190049,RES0220190049,831-002,정책기획,2019-01-30,W2,2018년도 과학기술 & ICT 정책·기술 동향 분석,서행아(혁신경제정책센터),"글로벌, 과학기술, 정보통신기술, 혁신정책, 동향",韩文,机构正式研究,科技创新政策与能力基线,产业创新、创业与区域体系,P1-global-STI,https://www.kistep.re.kr/reportAllDetail.es?mid=a10305010000&rpt_no=RES0220190049&rpt_tp=831-002,https://www.kistep.re.kr/reportDownload.es?rpt_no=RES0220190049&seq=res_0026P@4,,,,0,,0,0,官方目录无本地正文,官方目录元数据，附件未列入本批,,2026-08-22
C-KISTEP-RES0220190052,RES0220190052,831-004,성과확산,2019-01-30,W2,2018년 창의적 연구성과 창출을 위한 연구사업관리 개선방안 연구,손병호(재정관리실)," 연구사업관리, 연구성과, 연구생산성",韩文,机构正式研究,科技创新政策与能力基线,科研体系、研发投入与评价,P2-STI-baseline,https://www.kistep.re.kr/reportAllDetail.es?mid=a10305010000&rpt_no=RES0220190052&rpt_tp=831-004,https://www.kistep.re.kr/reportDownload.es?rpt_no=RES0220190052&seq=res_0026P@2,,,,0,,0,0,官方目录无本地正文,官方目录元数据，附件未列入本批,,2026-08-22
C-KISTEP-RES0220190054,RES0220190054,831-002,정책기획,2019-01-30,W2,미래변화 대응을 위한 전문가 네트워크 및 포럼 운영,이승규(미래성장전략센터),"KISTEP 미래포럼, 사회변화, 네트워크, 사회이슈, 시스템혁신",韩文,机构正式研究,科技创新政策与能力基线,产业创新、创业与区域体系；科技前瞻与未来社会,P2-STI-baseline,https://www.kistep.re.kr/reportAllDetail.es?mid=a10305010000&rpt_no=RES0220190054&rpt_tp=831-002,https://www.kistep.re.kr/reportDownload.es?rpt_no=RES0220190054&seq=res_0026P@2,,,,0,,0,0,官方目录无本地正文,官方目录元数据，附件未列入本批,,2026-08-22
C-KISTEP-RES0220180259,RES0220180259,831-003,예비타당성조사,2019-01-31,W2,2018년 국가R&D사업 사전분석 전문 네트워크 구축 및 역량 강화,김정권(예비타당성조사2센터),"예비타당성조사, 국가연구개발사업, R&D 사전분석 콜로키움, 예비타당성조사 교육, 전문가세미나",韩文,机构正式研究,科技创新政策与能力基线,科研体系、研发投入与评价,P2-STI-baseline,https://www.kistep.re.kr/reportAllDetail.es?mid=a10305010000&rpt_no=RES0220180259&rpt_tp=831-003,https://www.kistep.re.kr/reportDownload.es?rpt_no=RES0220180259&seq=res_0026P@2,,,,0,,0,0,官方目录无本地正文,官方目录元数据，附件未列入本批,,2026-08-22
C-KISTEP-RES0220190039,RES0220190039,831-001,조사평가,2019-01-31,W2,범부처 R&D 관리시스템 발전 방안 연구,김윤종(혁신정보분석센터),"연구개발, 과제, 과제관리시스템, 표준화, 혁신",韩文,机构正式研究,科技创新政策与能力基线,科研体系、研发投入与评价；产业创新、创业与区域体系,P2-STI-baseline,https://www.kistep.re.kr/reportAllDetail.es?mid=a10305010000&rpt_no=RES0220190039&rpt_tp=831-001,https://www.kistep.re.kr/reportDownload.es?rpt_no=RES0220190039&seq=res_0026P@2,,,,0,,0,0,官方目录无本地正文,官方目录元数据，附件未列入本批,,2026-08-22
C-KISTEP-RES0220190044,RES0220190044,831-001,조사평가,2019-01-31,W2,2017년도(조사대상년도) 연구개발활동조사보고서,이성용(혁신정보분석센터),"연구개발비, 연구인력, 공공부문 연구개발, 민간부문 연구개발, 통계",韩文,机构正式研究,科技创新政策与能力基线,科研体系、研发投入与评价；科技人才、大学与知识流动,P2-STI-baseline,https://www.kistep.re.kr/reportAllDetail.es?mid=a10305010000&rpt_no=RES0220190044&rpt_tp=831-001,https://www.kistep.re.kr/reportDownload.es?rpt_no=RES0220190044&seq=res_0026P@10,,,,0,,0,0,官方目录无本地正文,官方目录元数据，附件未列入本批,,2026-08-22
C-KISTEP-RES0220190050,RES0220190050,831-005,사업조정,2019-01-31,W2,2018년 개방형 포럼 방식을 활용한 과학기술정책 이슈연구,이길우(생명기초사업센터),"핵심과학기술, 국가과학기술 혁신, 사회문제해결기술, 창의적 인재양성, 과학기술을 통한 국격제고 ",韩文,机构正式研究,科技创新政策与能力基线,科研体系、研发投入与评价；科技人才、大学与知识流动；产业创新、创业与区域体系,P2-STI-baseline,https://www.kistep.re.kr/reportAllDetail.es?mid=a10305010000&rpt_no=RES0220190050&rpt_tp=831-005,https://www.kistep.re.kr/reportDownload.es?rpt_no=RES0220190050&seq=res_0026P@2,,,,0,,0,0,官方目录无本地正文,官方目录元数据，附件未列入本批,,2026-08-22
C-KISTEP-RES0220190051,RES0220190051,831-006,미래예측,2019-01-31,W2,기술발전으로 변화될 스타트업 생태계의 미래,임현(기술예측센터),"예측, 4차 산업혁명, 스타트업 생태계, 국제협력, 설문조사",韩文,机构正式研究,科技创新政策与能力基线,产业创新、创业与区域体系；技术安全、供应链与国际合作；科技前瞻与未来社会,P1-global-STI,https://www.kistep.re.kr/reportAllDetail.es?mid=a10305010000&rpt_no=RES0220190051&rpt_tp=831-006,https://www.kistep.re.kr/reportDownload.es?rpt_no=RES0220190051&seq=res_0026P@2,,,,0,,0,0,官方目录无本地正文,官方目录元数据，附件未列入本批,,2026-08-22
C-KISTEP-RES0220190053,RES0220190053,831-002,정책기획,2019-01-31,W2,2018년 전략적 R&D예산 배분 및 편성을 위한 정책기반 구축에 관한 연구,이흥권(R&D예산정책센터),"정부정책, R&D예산, 예산배분, 투자효율화, 네트워크",韩文,机构正式研究,科技创新政策与能力基线,科研体系、研发投入与评价,P2-STI-baseline,https://www.kistep.re.kr/reportAllDetail.es?mid=a10305010000&rpt_no=RES0220190053&rpt_tp=831-002,https://www.kistep.re.kr/reportDownload.es?rpt_no=RES0220190053&seq=res_0026P@1,,,,0,,0,0,官方目录无本地正文,官方目录元数据，附件未列入本批,,2026-08-22
C-KISTEP-RES0220190056,RES0220190056,831-005,사업조정,2019-01-31,W2,2018년도 글로벌 R&D 투자동향 분석,김홍영(사업총괄조정센터),"연구개발예산, 연구개발투자, 과학기술정책, 인력양성, 창업·사업화",韩文,机构正式研究,科技创新政策与能力基线,科研体系、研发投入与评价；科技人才、大学与知识流动；产业创新、创业与区域体系,P1-global-STI,https://www.kistep.re.kr/reportAllDetail.es?mid=a10305010000&rpt_no=RES0220190056&rpt_tp=831-005,https://www.kistep.re.kr/reportDownload.es?rpt_no=RES0220190056&seq=res_0026P@2,,,,0,,0,0,官方目录无本地正文,官方目录元数据，附件未列入本批,,2026-08-22
C-KISTEP-RES0220190058,RES0220190058,831-003,예비타당성조사,2019-01-31,W2,2018년 R&D사업 예비타당성조사 일관성 제고를 위한 조사 체계 개선 방향 연구,이흥권(재정투자분석본부),"예비타당성조사, 연구개발사업, 과학기술적 타당성, 정책적 타당성, 경제적 타당성",韩文,机构正式研究,科技创新政策与能力基线,科研体系、研发投入与评价,P2-STI-baseline,https://www.kistep.re.kr/reportAllDetail.es?mid=a10305010000&rpt_no=RES0220190058&rpt_tp=831-003,https://www.kistep.re.kr/reportDownload.es?rpt_no=RES0220190058&seq=res_0026P@2,,,,0,,0,0,官方目录无本地正文,官方目录元数据，附件未列入本批,,2026-08-22
C-KISTEP-RES0220190060,RES0220190060,831-004,성과확산,2019-01-31,W2,KISTEP 정책네트워킹 추진 및 기관성과 확산을 위한 연구,박소희(정책네트워크실),정책네트워크 / 연구성과 / 사업성과 / 홍보 / 중장기 발전방안,韩文,机构正式研究,科技创新政策与能力基线,科研体系、研发投入与评价,P2-STI-baseline,https://www.kistep.re.kr/reportAllDetail.es?mid=a10305010000&rpt_no=RES0220190060&rpt_tp=831-004,https://www.kistep.re.kr/reportDownload.es?rpt_no=RES0220190060&seq=res_0026P@4,,,,0,,0,0,官方目录无本地正文,官方目录元数据，附件未列入本批,,2026-08-22
C-KISTEP-RES0220190062,RES0220190062,831-006,미래예측,2019-01-31,W2,2018년 기술영향평가(블록체인 기술),안지현(기술예측센터),"기술영향평가, 블록체인, 미래기술, 미래예측, 기술예측",韩文,机构正式研究,核心科技直接材料,人工智能、数据与数字技术；科研体系、研发投入与评价；科技前瞻与未来社会,P0-core-tech,https://www.kistep.re.kr/reportAllDetail.es?mid=a10305010000&rpt_no=RES0220190062&rpt_tp=831-006,https://www.kistep.re.kr/reportDownload.es?rpt_no=RES0220190062&seq=res_0026P@6,,,,0,,0,0,官方目录无本地正文,官方目录元数据，附件未列入本批,,2026-08-22
C-KISTEP-RES0220190059,RES0220190059,831-006,미래예측,2019-02-07,W2,2018년 기술혁신관점에서 한국 주력산업의 미래위험 예측: 자동차 산업의 패러다임 변화와 중국의 추격을 중심으로,안상진(미래예측본부),"위기분석, 시나리오 플래닝, 기술혁신, 한국 주력산업, 중국의 위협",韩文,机构正式研究,科技创新政策与能力基线,中国科技与国际比较；人工智能、数据与数字技术；半导体、量子与战略技术；能源、气候与绿色转型；科研体系、研发投入与评价；科技人才、大学与知识流动；产业创新、创业与区域体系；科技前瞻与未来社会,P0-China-tech,https://www.kistep.re.kr/reportAllDetail.es?mid=a10305010000&rpt_no=RES0220190059&rpt_tp=831-006,https://www.kistep.re.kr/reportDownload.es?rpt_no=RES0220190059&seq=res_0026P@2,C:\Users\WINDOWS\OneDrive\知识库\智库信息爬虫\国际主要科技智库观点演变_研判\03_证据底稿\原文PDF\C-KISTEP-RES0220190059.pdf,C:\Users\WINDOWS\OneDrive\知识库\智库信息爬虫\国际主要科技智库观点演变_研判\03_证据底稿\文本\C-KISTEP-RES0220190059.txt,C:\Users\WINDOWS\OneDrive\知识库\智库信息爬虫\国际主要科技智库观点演变_研判\03_证据底稿\切片\C-KISTEP-RES0220190059.md,8814801,f595d9626baed5cfeeb94ab73deff5ec315a8409b3377d969d904357a371478e,232,203220,可检索文本,官方PDF已保存并校验,,2026-08-22
C-KISTEP-RES0220190061,RES0220190061,831-006,미래예측,2019-02-07,W2,2018년 과학기술혁신 및 사회이슈 분석을 위한 예측기반연구,최문정(기술예측센터),"미래이슈, 핵심기술, 인식조사, 네트워크 분석",韩文,机构正式研究,科技创新政策与能力基线,产业创新、创业与区域体系；科技前瞻与未来社会,P2-STI-baseline,https://www.kistep.re.kr/reportAllDetail.es?mid=a10305010000&rpt_no=RES0220190061&rpt_tp=831-006,https://www.kistep.re.kr/reportDownload.es?rpt_no=RES0220190061&seq=res_0026P@2,,,,0,,0,0,官方目录无本地正文,官方目录元数据，附件未列入本批,,2026-08-22
C-KISTEP-RES0220190064,RES0220190064,831-002,정책기획,2019-02-07,W2,미래 환경변화에 대응하는 과학기술 혁신 아젠다 도출·분석 연구,손석호(전략연구실),"과학기술혁신정책, 국가적 아젠다, 전략기획, 트렌드분석, 미래혁신",韩文,机构正式研究,科技创新政策与能力基线,产业创新、创业与区域体系；科技前瞻与未来社会,P2-STI-baseline,https://www.kistep.re.kr/reportAllDetail.es?mid=a10305010000&rpt_no=RES0220190064&rpt_tp=831-002,https://www.kistep.re.kr/reportDownload.es?rpt_no=RES0220190064&seq=res_0026P@2,,,,0,,0,0,官方目录无本地正文,官方目录元数据，附件未列入本批,,2026-08-22
C-KISTEP-RES0220190065,RES0220190065,831-002,정책기획,2019-02-07,W2,2018년 KISTEP 이슈 위클리,차두원(전략연구실),"한국과학기술기획평가원, 정기간행물, 과학기술정책",韩文,机构正式研究,科技创新政策与能力基线,科研体系、研发投入与评价,P2-STI-baseline,https://www.kistep.re.kr/reportAllDetail.es?mid=a10305010000&rpt_no=RES0220190065&rpt_tp=831-002,https://www.kistep.re.kr/reportDownload.es?rpt_no=RES0220190065&seq=res_0026P@2,,,,0,,0,0,官方目录无本地正文,官方目录元数据，附件未列入本批,,2026-08-22
C-KISTEP-RES0220190069,RES0220190069,831-005,사업조정,2019-02-07,W2,2018 미래사회 대응 기술혁신 아젠다 발굴 및 R&D투자전략 수립,이길우(성장동력사업센터),"미래 사회, 혁신 아젠다, 투자 전략, 투자 포트폴리오, 정책 제안",韩文,机构正式研究,科技创新政策与能力基线,科研体系、研发投入与评价；产业创新、创业与区域体系；科技前瞻与未来社会,P2-STI-baseline,https://www.kistep.re.kr/reportAllDetail.es?mid=a10305010000&rpt_no=RES0220190069&rpt_tp=831-005,https://www.kistep.re.kr/reportDownload.es?rpt_no=RES0220190069&seq=res_0026P@2,,,,0,,0,0,官方目录无本地正文,官方目录元数据，附件未列入本批,,2026-08-22
C-KISTEP-RES0220190020,RES0220190020,831-002,정책기획,2019-02-08,W2,2018년 과학기술혁신정책 Scoreboard,변순천(정책기획본부)," 과학기술혁신정책, 스코어보드, 과학기술인력, 지역과학기술산업, 민간기술혁신, 산학연협력, 인식조사",韩文,机构正式研究,科技创新政策与能力基线,科技人才、大学与知识流动；产业创新、创业与区域体系,P1-global-STI,https://www.kistep.re.kr/reportAllDetail.es?mid=a10305010000&rpt_no=RES0220190020&rpt_tp=831-002,https://www.kistep.re.kr/reportDownload.es?rpt_no=RES0220190020&seq=res_0026P@4,,,,0,,0,0,官方目录无本地正文,官方目录元数据，附件未列入本批,,2026-08-22
C-KISTEP-RES0220190055,RES0220190055,831-004,성과확산,2019-02-08,W2,KISTEP 성과확산을 위한 글로벌 교류기반 강화 연구,유나리(국제협력실),과학기술 / 정책 / 글로벌 / 네트워크 / 성과확산,韩文,机构正式研究,科技创新政策与能力基线,科研体系、研发投入与评价,P1-global-STI,https://www.kistep.re.kr/reportAllDetail.es?mid=a10305010000&rpt_no=RES0220190055&rpt_tp=831-004,https://www.kistep.re.kr/reportDownload.es?rpt_no=RES0220190055&seq=res_0026P@2,,,,0,,0,0,官方目录无本地正文,官方目录元数据，附件未列入本批,,2026-08-22
C-KISTEP-RES0220190067,RES0220190067,831-002,정책기획,2019-02-08,W2,2018년 산학연협력 스코어보드 연구,김이경(혁신경제정책센터),"산학연 협력, 스코어보드, 사회연결망 분석",韩文,机构正式研究,科技创新政策与能力基线,科技创新政策与研究体系,P1-global-STI,https://www.kistep.re.kr/reportAllDetail.es?mid=a10305010000&rpt_no=RES0220190067&rpt_tp=831-002,https://www.kistep.re.kr/reportDownload.es?rpt_no=RES0220190067&seq=res_0026P@1,,,,0,,0,0,官方目录无本地正文,官方目录元数据，附件未列入本批,,2026-08-22
C-KISTEP-RES0220190068,RES0220190068,831-002,정책기획,2019-02-08,W2,2018년도 과학기술정보통신부 직할 출연(연) 평가 - 기관평가 및 평가제도개선에 관한 연구,서지현(제도혁신센터),"국가평가체제, 정부출연연구기관, 성과지표, 기관평가",韩文,机构正式研究,科技创新政策与能力基线,科研体系、研发投入与评价,P2-STI-baseline,https://www.kistep.re.kr/reportAllDetail.es?mid=a10305010000&rpt_no=RES0220190068&rpt_tp=831-002,https://www.kistep.re.kr/reportDownload.es?rpt_no=RES0220190068&seq=res_0026P@5,,,,0,,0,0,官方目录无本地正文,官方目录元数据，附件未列入本批,,2026-08-22
C-KISTEP-RES0220190070,RES0220190070,831-004,성과확산,2019-02-08,W2,2018년 국가연구개발 성과 관리·활용체계 고도화 방안 연구,이종선(성과확산센터),"국가연구개발, 성과, 활용, 확산, 기본계획, 실시계획",韩文,机构正式研究,科技创新政策与能力基线,科研体系、研发投入与评价,P2-STI-baseline,https://www.kistep.re.kr/reportAllDetail.es?mid=a10305010000&rpt_no=RES0220190070&rpt_tp=831-004,https://www.kistep.re.kr/reportDownload.es?rpt_no=RES0220190070&seq=res_0026P@3,,,,0,,0,0,官方目录无本地正文,官方目录元数据，附件未列入本批,,2026-08-22
C-KISTEP-RES0220190071,RES0220190071,831-002,정책기획,2019-02-11,W2,동북아시아 과학기술 혁신 정책기관과의 실효적 협력의제 도출,박세인(국제협력실),중국 / 일본 / 혁신 정책기관 / 국제협력 / 의제,韩文,机构正式研究,科技创新政策与能力基线,中国科技与国际比较；半导体、量子与战略技术；科研体系、研发投入与评价；科技人才、大学与知识流动；产业创新、创业与区域体系；技术安全、供应链与国际合作；科技前瞻与未来社会,P0-China-tech,https://www.kistep.re.kr/reportAllDetail.es?mid=a10305010000&rpt_no=RES0220190071&rpt_tp=831-002,https://www.kistep.re.kr/reportDownload.es?rpt_no=RES0220190071&seq=res_0026P@4,C:\Users\WINDOWS\OneDrive\知识库\智库信息爬虫\国际主要科技智库观点演变_研判\03_证据底稿\原文PDF\C-KISTEP-RES0220190071.pdf,C:\Users\WINDOWS\OneDrive\知识库\智库信息爬虫\国际主要科技智库观点演变_研判\03_证据底稿\文本\C-KISTEP-RES0220190071.txt,C:\Users\WINDOWS\OneDrive\知识库\智库信息爬虫\国际主要科技智库观点演变_研判\03_证据底稿\切片\C-KISTEP-RES0220190071.md,3526185,f7c750026ff215503afaa00fe53c9cce474fb72118e1d40481d82183e78b0124,157,163941,可检索文本,官方PDF已保存并校验,,2026-08-22
C-KISTEP-RES0220190075,RES0220190075,831-002,정책기획,2019-02-15,W2,혁신성장동력분야 주요경쟁국 정책 모니터링 및 심층분석,김수연(미래성장전략센터),"혁신성장, 동향분석, 모니터링체계 ",韩文,机构正式研究,科技创新政策与能力基线,产业创新、创业与区域体系,P1-global-STI,https://www.kistep.re.kr/reportAllDetail.es?mid=a10305010000&rpt_no=RES0220190075&rpt_tp=831-002,https://www.kistep.re.kr/reportDownload.es?rpt_no=RES0220190075&seq=res_0026P@2,,,,0,,0,0,官方目录无本地正文,官方目录元数据，附件未列入本批,,2026-08-22
C-KISTEP-RES0220190066,RES0220190066,831-002,정책기획,2019-02-18,W2,2018년 지역과학기술산업 Scoreboard 구축과 발간,"천세봉, 김윤종(정책기획본부)","복합지수, 지역, 혁신역량, 평가, 현황판",韩文,机构正式研究,科技创新政策与能力基线,科研体系、研发投入与评价；产业创新、创业与区域体系,P2-STI-baseline,https://www.kistep.re.kr/reportAllDetail.es?mid=a10305010000&rpt_no=RES0220190066&rpt_tp=831-002,https://www.kistep.re.kr/reportDownload.es?rpt_no=RES0220190066&seq=res_0026P@2,,,,0,,0,0,官方目录无本地正文,官方目录元数据，附件未列入本批,,2026-08-22
C-KISTEP-RES0220190083,RES0220190083,831-002,정책기획,2019-02-20,W2,연구현장 중심의 국가연구개발사업 제도개선에 관한 연구,김현민(제도혁신센터),"공동관리규정, 연구비관리 표준매뉴얼, 국가R&D 제재조치, R&D도우미센터,혁신도약형ㆍ경쟁형 R&D, 기술료, 고객 만족도 조사",韩文,机构正式研究,科技创新政策与能力基线,科研体系、研发投入与评价；产业创新、创业与区域体系；技术安全、供应链与国际合作,P1-global-STI,https://www.kistep.re.kr/reportAllDetail.es?mid=a10305010000&rpt_no=RES0220190083&rpt_tp=831-002,https://www.kistep.re.kr/reportDownload.es?rpt_no=RES0220190083&seq=res_0026P@2,,,,0,,0,0,官方目录无本地正文,官方目录元数据，附件未列入本批,,2026-08-22
C-KISTEP-RES0220190084,RES0220190084,831-002,정책기획,2019-02-20,W2,제2차 과학기술기반 국민생활·사회문제 해결 종합계획 수립 및 문제해결형 R&D사업 활성화 지원 연구,황기하(사회혁신전략센터),"과학기술 기반 사회문제해결, 사회문제해결형 R&D사업, 국민생활문제, 종합계획, 삶의 질, 국민 행복",韩文,机构正式研究,科技创新政策与能力基线,科技创新政策与研究体系,P2-STI-baseline,https://www.kistep.re.kr/reportAllDetail.es?mid=a10305010000&rpt_no=RES0220190084&rpt_tp=831-002,https://www.kistep.re.kr/reportDownload.es?rpt_no=RES0220190084&seq=res_0026P@3,,,,0,,0,0,官方目录无本地正文,官方目录元数据，附件未列入本批,,2026-08-22
C-KISTEP-RES0220190085,RES0220190085,831-005,사업조정,2019-02-20,W2,정부 R&D 투자 이슈와 정책 과제 : 오래된 쟁점에 대한 새로운 논쟁,권명화(R&D예산정책센터),"정부R&D예산, 연구과제중심연구비지원시스템, 직접지원/간접지원, 중소기업 R&D, 지역혁신체제, 부처 협력",韩文,机构正式研究,科技创新政策与能力基线,科研体系、研发投入与评价；产业创新、创业与区域体系,P1-global-STI,https://www.kistep.re.kr/reportAllDetail.es?mid=a10305010000&rpt_no=RES0220190085&rpt_tp=831-005,https://www.kistep.re.kr/reportDownload.es?rpt_no=RES0220190085&seq=res_0026P@11,,,,0,,0,0,官方目录无本地正文,官方目录元数据，附件未列入本批,,2026-08-22
C-KISTEP-RES0220190087,RES0220190087,831-005,사업조정,2019-02-22,W2,바이오산업의 혁신 성장을 위한 유망분야 협력 현황 진단과 혁신생태계 구축 방안에 관한 연구,박지현(생명기초사업센터),"바이오산업, 혁신생태계, 정부 R&D, 벤처기업, 혁신네트워크",韩文,机构正式研究,核心科技直接材料,生命科学、生物技术与健康；科研体系、研发投入与评价；产业创新、创业与区域体系,P0-core-tech,https://www.kistep.re.kr/reportAllDetail.es?mid=a10305010000&rpt_no=RES0220190087&rpt_tp=831-005,https://www.kistep.re.kr/reportDownload.es?rpt_no=RES0220190087&seq=res_0026P@2,,,,0,,0,0,官方目录无本地正文,官方目录元数据，附件未列入本批,,2026-08-22
C-KISTEP-RES0220190078,RES0220190078,831-006,미래예측,2019-02-25,W2,2018년 국가과학기술표준분류체계의 개선 및 활용기반 구축,김진용(기술예측센터),"과학기술, 표준분류체계, 개정수요, 개정가이드라인, 융합연구",韩文,机构正式研究,科技创新政策与能力基线,科技创新政策与研究体系,P2-STI-baseline,https://www.kistep.re.kr/reportAllDetail.es?mid=a10305010000&rpt_no=RES0220190078&rpt_tp=831-006,https://www.kistep.re.kr/reportDownload.es?rpt_no=RES0220190078&seq=res_0026P@3,,,,0,,0,0,官方目录无本地正文,官方目录元数据，附件未列入本批,,2026-08-22
C-KISTEP-RES0220190082,RES0220190082,831-003,예비타당성조사,2019-02-25,W2,2018년도 예비타당성조사 보고서 미래에너지산업 창의융합 인재육성사업,황지호(예비타당성조사1센터),"미래, 에너지, 인력양성, 연구개발, 예비타당성조사",韩文,机构正式研究,科技创新政策与能力基线,能源、气候与绿色转型；科研体系、研发投入与评价；科技人才、大学与知识流动；产业创新、创业与区域体系；科技前瞻与未来社会,P2-STI-baseline,https://www.kistep.re.kr/reportAllDetail.es?mid=a10305010000&rpt_no=RES0220190082&rpt_tp=831-003,https://www.kistep.re.kr/reportDownload.es?rpt_no=RES0220190082&seq=res_0026P@2,,,,0,,0,0,官方目录无本地正文,官方目录元数据，附件未列入本批,,2026-08-22
C-KISTEP-RES0220190086,RES0220190086,831-005,사업조정,2019-02-25,W2,기계학습 기반 바이오의료분야 과학기술정보데이터 분석활용 모형 고도화,김한해(생명기초사업센터),"과학기술지식정보, 관계성 분석, 바이오 연구과제 분류, 기계학습, 펍메드",韩文,机构正式研究,核心科技直接材料,人工智能、数据与数字技术；生命科学、生物技术与健康；科技人才、大学与知识流动,P0-core-tech,https://www.kistep.re.kr/reportAllDetail.es?mid=a10305010000&rpt_no=RES0220190086&rpt_tp=831-005,https://www.kistep.re.kr/reportDownload.es?rpt_no=RES0220190086&seq=res_0026P@8,,,,0,,0,0,官方目录无本地正文,官方目录元数据，附件未列入本批,,2026-08-22
C-KISTEP-RES0220190088,RES0220190088,831-001,조사평가,2019-02-25,W2,2018년도 과학기술분야 출연연구기관 상위평가 보고서,박정일(R&D평가센터),"출연연구기관, 자체평가, 상위평가",韩文,机构正式研究,科技创新政策与能力基线,科研体系、研发投入与评价,P2-STI-baseline,https://www.kistep.re.kr/reportAllDetail.es?mid=a10305010000&rpt_no=RES0220190088&rpt_tp=831-001,https://www.kistep.re.kr/reportDownload.es?rpt_no=RES0220190088&seq=res_0026P@2,,,,0,,0,0,官方目录无本地正文,官方目录元数据，附件未列入本批,,2026-08-22
C-KISTEP-RES0220190090,RES0220190090,831-001,조사평가,2019-02-25,W2,2018년 국가연구개발 성과평가 정책 수립 및 평가 실시,박정일(R&D평가센터),"성과평가 정책 수립, 특정평가, 종료평가, 추적평가, 기술성평가",韩文,机构正式研究,科技创新政策与能力基线,科研体系、研发投入与评价,P2-STI-baseline,https://www.kistep.re.kr/reportAllDetail.es?mid=a10305010000&rpt_no=RES0220190090&rpt_tp=831-001,https://www.kistep.re.kr/reportDownload.es?rpt_no=RES0220190090&seq=res_0026P@3,,,,0,,0,0,官方目录无本地正文,官方目录元数据，附件未列入本批,,2026-08-22
C-KISTEP-RES0220190091,RES0220190091,831-001,조사평가,2019-02-25,W2,공공연구기관 R&D 활성화 방안 연구 - 기관평가체계 개편 중심으로,정지훈(R&D평가센터),"정부출연연구기관, 출연(연) 기관평가, 연구우수성 평가",韩文,机构正式研究,科技创新政策与能力基线,科研体系、研发投入与评价,P2-STI-baseline,https://www.kistep.re.kr/reportAllDetail.es?mid=a10305010000&rpt_no=RES0220190091&rpt_tp=831-001,https://www.kistep.re.kr/reportDownload.es?rpt_no=RES0220190091&seq=res_0026P@5,,,,0,,0,0,官方目录无本地正文,官方目录元数据，附件未列入本批,,2026-08-22
C-KISTEP-RES0220190093,RES0220190093,831-003,예비타당성조사,2019-02-25,W2,2018년도 예비타당성조사 보고서-수생태계 건강성 확보 기술개발사업,황지호(예비타당성조사1센터),"수생태계, 유해물질, 모니터링, 저감, 건강성 평가",韩文,机构正式研究,科技创新政策与能力基线,科研体系、研发投入与评价,P2-STI-baseline,https://www.kistep.re.kr/reportAllDetail.es?mid=a10305010000&rpt_no=RES0220190093&rpt_tp=831-003,https://www.kistep.re.kr/reportDownload.es?rpt_no=RES0220190093&seq=res_0026P@2,,,,0,,0,0,官方目录无本地正文,官方目录元数据，附件未列入本批,,2026-08-22
C-KISTEP-RES0220190080,RES0220190080,831-002,정책기획,2019-02-26,W2,R&D투자효율화와 연구자 중심의 연구환경 구현을 위한 연구관리전문기관 체계 개선방안 연구,황병용(제도혁신센터),"연구관리전문기관, R&D 투자효율화, 체계 개선, R&D 전주기",韩文,机构正式研究,科技创新政策与能力基线,科研体系、研发投入与评价；科技人才、大学与知识流动,P2-STI-baseline,https://www.kistep.re.kr/reportAllDetail.es?mid=a10305010000&rpt_no=RES0220190080&rpt_tp=831-002,https://www.kistep.re.kr/reportDownload.es?rpt_no=RES0220190080&seq=res_0026P@2,,,,0,,0,0,官方目录无本地正文,官方目录元数据，附件未列入本批,,2026-08-22
C-KISTEP-RES0220190081,RES0220190081,831-002,정책기획,2019-02-26,W2,국가과학기술심의회 전문기관효율화 특별위원회 운영,황병용(제도혁신센터),"연구관리전문기관, 특별위원회, 전문기관 효율화",韩文,机构正式研究,科技创新政策与能力基线,科技创新政策与研究体系,P2-STI-baseline,https://www.kistep.re.kr/reportAllDetail.es?mid=a10305010000&rpt_no=RES0220190081&rpt_tp=831-002,https://www.kistep.re.kr/reportDownload.es?rpt_no=RES0220190081&seq=res_0026P@2,,,,0,,0,0,官方目录无本地正文,官方目录元数据，附件未列入本批,,2026-08-22
C-KISTEP-RES0220190094,RES0220190094,831-003,예비타당성조사,2019-02-27,W2,2018년도 예비타당성조사 보고서-블록체인 중장기기술개발 사업,황지호(예비타당성조사1센터),"블록체인 핵심원천기술, 블록체인 신뢰성 평가, 블록체인 서비스, 스마트 계약, 예비타당성조사 ",韩文,机构正式研究,核心科技直接材料,人工智能、数据与数字技术；科研体系、研发投入与评价,P0-core-tech,https://www.kistep.re.kr/reportAllDetail.es?mid=a10305010000&rpt_no=RES0220190094&rpt_tp=831-003,https://www.kistep.re.kr/reportDownload.es?rpt_no=RES0220190094&seq=res_0026P@2,,,,0,,0,0,官方目录无本地正文,官方目录元数据，附件未列入本批,,2026-08-22
C-KISTEP-RES0220190095,RES0220190095,831-006,미래예측,2019-02-27,W2,국가과학기술표준분류체계 개정 프로세스 개선 및 전면 개정을 위한 기획 연구,김진용(기술예측센터),"과학기술, 표준분류체계, 기술분류체계, 개정수요, 개정프로세스",韩文,机构正式研究,科技创新政策与能力基线,科技创新政策与研究体系,P2-STI-baseline,https://www.kistep.re.kr/reportAllDetail.es?mid=a10305010000&rpt_no=RES0220190095&rpt_tp=831-006,https://www.kistep.re.kr/reportDownload.es?rpt_no=RES0220190095&seq=res_0026P@4,,,,0,,0,0,官方目录无本地正文,官方目录元数据，附件未列入本批,,2026-08-22
C-KISTEP-RES0220190096,RES0220190096,831-002,정책기획,2019-02-27,W2,국가과학기술심의회의 과학기술정책 종합조정기능 효율화 방안 연구 - 2018년도 국가과학기술자문회의 심의회의(舊 국가과학기술심의회) 활동 자료 -,임성민(혁신경제정책센터),"국가과학기술자문회의, 운영위원회, 정책조정전문위원회",韩文,机构正式研究,科技创新政策与能力基线,科研体系、研发投入与评价,P2-STI-baseline,https://www.kistep.re.kr/reportAllDetail.es?mid=a10305010000&rpt_no=RES0220190096&rpt_tp=831-002,https://www.kistep.re.kr/reportDownload.es?rpt_no=RES0220190096&seq=res_0026P@2,,,,0,,0,0,官方目录无本地正文,官方目录元数据，附件未列入本批,,2026-08-22
C-KISTEP-RES0220190101,RES0220190101,831-002,정책기획,2019-02-27,W2,중소기업전문위원회 운영 및 정책이슈 발굴·조정 지원방안 연구,이도형(미래성장전략센터),"국가과학기술심의회, 중소기업전문위원회, 중소기업 R&D, 중소기업 정책 이슈, 스케일업",韩文,机构正式研究,科技创新政策与能力基线,科研体系、研发投入与评价；产业创新、创业与区域体系,P2-STI-baseline,https://www.kistep.re.kr/reportAllDetail.es?mid=a10305010000&rpt_no=RES0220190101&rpt_tp=831-002,https://www.kistep.re.kr/reportDownload.es?rpt_no=RES0220190101&seq=res_0026P@1,,,,0,,0,0,官方目录无本地正文,官方目录元数据，附件未列入本批,,2026-08-22
C-KISTEP-RES0220190099,RES0220190099,831-005,사업조정,2019-03-04,W2,패키지형 R&D 예산배분·조정 활용방안 연구,조재혁(성장동력사업센터),"패키지형 R&D, 투자전략, 예산배분, 투자분석, 패키지형 투자플랫폼, 투자 및 평가",韩文,机构正式研究,科技创新政策与能力基线,科研体系、研发投入与评价,P2-STI-baseline,https://www.kistep.re.kr/reportAllDetail.es?mid=a10305010000&rpt_no=RES0220190099&rpt_tp=831-005,https://www.kistep.re.kr/reportDownload.es?rpt_no=RES0220190099&seq=res_0026P@3,,,,0,,0,0,官方目录无本地正文,官方目录元数据，附件未列入本批,,2026-08-22
C-KISTEP-RES0220190103,RES0220190103,831-002,정책기획,2019-03-06,W2,4차 산업시대 전략적 해외 과학기술 인재유치 및 활용 종합계획 수립 연구,이원홍(혁신기반센터),"해외 인재, 유치, 활용, 과학기술, 종합계획",韩文,机构正式研究,科技创新政策与能力基线,科技人才、大学与知识流动；产业创新、创业与区域体系,P1-global-STI,https://www.kistep.re.kr/reportAllDetail.es?mid=a10305010000&rpt_no=RES0220190103&rpt_tp=831-002,https://www.kistep.re.kr/reportDownload.es?rpt_no=RES0220190103&seq=res_0026P@3,,,,0,,0,0,官方目录无本地正文,官方目录元数据，附件未列入本批,,2026-08-22
C-KISTEP-RES0220190104,RES0220190104,831-002,정책기획,2019-03-06,W2,과학기술관계장관회의의 효율적 정착 및 발전방안,한민규(과학기술정책센터),"과학기술관계장관회의,과학기술 정책 조정",韩文,机构正式研究,科技创新政策与能力基线,科技创新政策与研究体系,P2-STI-baseline,https://www.kistep.re.kr/reportAllDetail.es?mid=a10305010000&rpt_no=RES0220190104&rpt_tp=831-002,https://www.kistep.re.kr/reportDownload.es?rpt_no=RES0220190104&seq=res_0026P@2,,,,0,,0,0,官方目录无本地正文,官方目录元数据，附件未列入本批,,2026-08-22
C-KISTEP-RES0220190108,RES0220190108,831-002,정책기획,2019-03-06,W2,혁신성장동력 전주기 관리체계 구축,신동평(미래성장전략센터),"혁신성장동력, 관리체계, 신규분야, 추진체계, 평가 가이드라인",韩文,机构正式研究,科技创新政策与能力基线,科研体系、研发投入与评价；产业创新、创业与区域体系,P2-STI-baseline,https://www.kistep.re.kr/reportAllDetail.es?mid=a10305010000&rpt_no=RES0220190108&rpt_tp=831-002,https://www.kistep.re.kr/reportDownload.es?rpt_no=RES0220190108&seq=res_0026P@2,,,,0,,0,0,官方目录无本地正文,官方目录元数据，附件未列入本批,,2026-08-22
C-KISTEP-RES0220190109,RES0220190109,831-002,정책기획,2019-03-08,W2,지방과학기술진흥협의회 운영 효율화,천세봉(혁신기반센터),"지방과학기술진흥협의회, 지방R&D정책, 지방R&D예산",韩文,机构正式研究,科技创新政策与能力基线,科技创新政策与研究体系,P2-STI-baseline,https://www.kistep.re.kr/reportAllDetail.es?mid=a10305010000&rpt_no=RES0220190109&rpt_tp=831-002,https://www.kistep.re.kr/reportDownload.es?rpt_no=RES0220190109&seq=res_0026P@2,,,,0,,0,0,官方目录无本地正文,官方目录元数据，附件未列入本批,,2026-08-22
C-KISTEP-RES0220190111,RES0220190111,831-002,정책기획,2019-03-11,W2,정책환경변화에 따른 지역과학기술혁신 실천방안 연구,천세봉(혁신기반센터),"지역과학기술혁신역량, 지방R&D투자, 지역경제발전",韩文,机构正式研究,科技创新政策与能力基线,科研体系、研发投入与评价；产业创新、创业与区域体系,P2-STI-baseline,https://www.kistep.re.kr/reportAllDetail.es?mid=a10305010000&rpt_no=RES0220190111&rpt_tp=831-002,https://www.kistep.re.kr/reportDownload.es?rpt_no=RES0220190111&seq=res_0026P@2,,,,0,,0,0,官方目录无本地正文,官方目录元数据，附件未列入本批,,2026-08-22
C-KISTEP-RES0220190117,RES0220190117,831-002,정책기획,2019-03-18,W2,(가칭)이공계인재특별위원회 운영 지원,김인자(혁신기반센터),"창의·융합형 인재, 이공계 교육,  미래인재, 특별위원회",韩文,机构正式研究,科技创新政策与能力基线,科技人才、大学与知识流动；科技前瞻与未来社会,P2-STI-baseline,https://www.kistep.re.kr/reportAllDetail.es?mid=a10305010000&rpt_no=RES0220190117&rpt_tp=831-002,https://www.kistep.re.kr/reportDownload.es?rpt_no=RES0220190117&seq=res_0026P@3,,,,0,,0,0,官方目录无本地正文,官方目录元数据，附件未列入本批,,2026-08-22
C-KISTEP-RES0220190118,RES0220190118,831-002,정책기획,2019-03-20,W2,2018년 다부처공동기술협력 특위 운영,김수연(미래성장전략센터),"다부처, 특별위원회, 운영 효율화, 부처 협력",韩文,机构正式研究,科技创新政策与能力基线,科技创新政策与研究体系,P1-global-STI,https://www.kistep.re.kr/reportAllDetail.es?mid=a10305010000&rpt_no=RES0220190118&rpt_tp=831-002,https://www.kistep.re.kr/reportDownload.es?rpt_no=RES0220190118&seq=res_0026P@3,,,,0,,0,0,官方目录无本地正文,官方目录元数据，附件未列入本批,,2026-08-22
C-KISTEP-RES0220190119,RES0220190119,831-002,정책기획,2019-03-22,W2,2018년도 다부처공동기획 활성화 기반 연구,김수연(미래성장전략센터),"다부처, 기획연구, 상향식, 하향식, 부처협력 ",韩文,机构正式研究,科技创新政策与能力基线,科技创新政策与研究体系,P1-global-STI,https://www.kistep.re.kr/reportAllDetail.es?mid=a10305010000&rpt_no=RES0220190119&rpt_tp=831-002,https://www.kistep.re.kr/reportDownload.es?rpt_no=RES0220190119&seq=res_0026P@5,,,,0,,0,0,官方目录无本地正文,官方目录元数据，附件未列入本批,,2026-08-22
C-KISTEP-RES0220190122,RES0220190122,831-001,조사평가,2019-03-29,W2,2018년 지역 R&D체계 발전 방향에 관한 연구,김성진(혁신기반센터),"지역 혁신체제, 지역 R&D 정책, 지역 R&D 실태조사, 주요국 정책동향, 지역 R&D투자 진단",韩文,机构正式研究,科技创新政策与能力基线,科研体系、研发投入与评价；产业创新、创业与区域体系,P2-STI-baseline,https://www.kistep.re.kr/reportAllDetail.es?mid=a10305010000&rpt_no=RES0220190122&rpt_tp=831-001,https://www.kistep.re.kr/reportDownload.es?rpt_no=RES0220190122&seq=res_0026P@2,,,,0,,0,0,官方目录无本地正文,官方目录元数据，附件未列入本批,,2026-08-22
C-KISTEP-RES0220190128,RES0220190128,831-002,정책기획,2019-04-01,W2,2018년 서비스R&D특별위원회 운영,진영현(성장동력사업센터),"서비스R&D, 서비스산업, 범부처 종합조정, 4차 산업혁명",韩文,机构正式研究,科技创新政策与能力基线,产业创新、创业与区域体系,P2-STI-baseline,https://www.kistep.re.kr/reportAllDetail.es?mid=a10305010000&rpt_no=RES0220190128&rpt_tp=831-002,https://www.kistep.re.kr/reportDownload.es?rpt_no=RES0220190128&seq=res_0026P@2,,,,0,,0,0,官方目录无本地正文,官方目录元数据，附件未列入本批,,2026-08-22
C-KISTEP-RES0220190132,RES0220190132,831-002,정책기획,2019-04-01,W2,국가연구개발 통합 법제 연구,이재훈(제도혁신센터),"국가연구개발 혁신을 위한 특별법, 국가연구개발, R&D, 4차 산업 혁명, 과학기술, 규제개혁, 규제정책",韩文,机构正式研究,科技创新政策与能力基线,科研体系、研发投入与评价；产业创新、创业与区域体系,P2-STI-baseline,https://www.kistep.re.kr/reportAllDetail.es?mid=a10305010000&rpt_no=RES0220190132&rpt_tp=831-002,https://www.kistep.re.kr/reportDownload.es?rpt_no=RES0220190132&seq=res_0026P@2,,,,0,,0,0,官方目录无本地正文,官方目录元数据，附件未列入本批,,2026-08-22
C-KISTEP-RES0220190133,RES0220190133,831-005,사업조정,2019-04-01,W2,R&D사업 고용영향평가 제도 고도화를 위한 연구,윤희정(사업총괄조정센터),"정부연구개발예산, 일자리창출, 연구개발인력, 정책관련연구, 평가 가이드라인",韩文,机构正式研究,科技创新政策与能力基线,科研体系、研发投入与评价；科技人才、大学与知识流动,P2-STI-baseline,https://www.kistep.re.kr/reportAllDetail.es?mid=a10305010000&rpt_no=RES0220190133&rpt_tp=831-005,https://www.kistep.re.kr/reportDownload.es?rpt_no=RES0220190133&seq=res_0026P@2,,,,0,,0,0,官方目录无本地正文,官方目录元数据，附件未列入本批,,2026-08-22
C-KISTEP-RES0220190134,RES0220190134,831-005,사업조정,2019-04-01,W2,제2차 정부R&D 중장기 투자전략(2019~2023) 수립,김은정(생명기초사업센터),"정부R&D투자, 중장기 투자전략, R&D 예산, 투자 우선순위",韩文,机构正式研究,科技创新政策与能力基线,科研体系、研发投入与评价,P2-STI-baseline,https://www.kistep.re.kr/reportAllDetail.es?mid=a10305010000&rpt_no=RES0220190134&rpt_tp=831-005,https://www.kistep.re.kr/reportDownload.es?rpt_no=RES0220190134&seq=res_0026P@3,,,,0,,0,0,官方目录无本地正文,官方目录元数据，附件未列入本批,,2026-08-22
C-KISTEP-RES0220190135,RES0220190135,831-002,정책기획,2019-04-02,W2,제4차 여성과학기술인 육성·지원 기본계획('19~'23) 수립 및 생애주기별 지원체계 구축을 위한 연구,김인자(혁신기반센터),"여성과학기술인, 경력개발, 여성과학기술인 육성.지원 기본계획, 일-가정 양립",韩文,机构正式研究,科技创新政策与能力基线,科研体系、研发投入与评价,P2-STI-baseline,https://www.kistep.re.kr/reportAllDetail.es?mid=a10305010000&rpt_no=RES0220190135&rpt_tp=831-002,https://www.kistep.re.kr/reportDownload.es?rpt_no=RES0220190135&seq=res_0026P@3,,,,0,,0,0,官方目录无本地正文,官方目录元数据，附件未列入本批,,2026-08-22
C-KISTEP-RES0220190136,RES0220190136,831-002,정책기획,2019-04-05,W2,연구관리 프로세스 표준화를 통한 범부처 연구관리 통합 매뉴얼 마련,김현민(제도혁신센터),"범부처, 국가연구개발사업, 연구관리매뉴얼",韩文,机构正式研究,科技创新政策与能力基线,科研体系、研发投入与评价,P2-STI-baseline,https://www.kistep.re.kr/reportAllDetail.es?mid=a10305010000&rpt_no=RES0220190136&rpt_tp=831-002,https://www.kistep.re.kr/reportDownload.es?rpt_no=RES0220190136&seq=res_0026P@2,,,,0,,0,0,官方目录无本地正文,官方目录元数据，附件未列入本批,,2026-08-22
C-KISTEP-RES0220190138,RES0220190138,831-003,예비타당성조사,2019-04-09,W2,국가연구개발사업 예비타당성조사 2018 연차보고서,황지호(예비타당성조사1센터),"예비타당성조사, 연구개발사업, 예산, 한국과학기술기획평가원, 연차보고서",韩文,机构正式研究,科技创新政策与能力基线,科研体系、研发投入与评价,P2-STI-baseline,https://www.kistep.re.kr/reportAllDetail.es?mid=a10305010000&rpt_no=RES0220190138&rpt_tp=831-003,https://www.kistep.re.kr/reportDownload.es?rpt_no=RES0220190138&seq=res_0026P@2,,,,0,,0,0,官方目录无本地正文,官方目录元数据，附件未列入本批,,2026-08-22
C-KISTEP-RES0220190139,RES0220190139,831-002,정책기획,2019-04-10,W2,2018년도 국가 과학기술 현황 종합 인식조사에 대한 연구,임성민(혁신경제정책센터),"종합 인식조사, 국가 과학기술, 인식지표",韩文,机构正式研究,科技创新政策与能力基线,科技创新政策与研究体系,P2-STI-baseline,https://www.kistep.re.kr/reportAllDetail.es?mid=a10305010000&rpt_no=RES0220190139&rpt_tp=831-002,https://www.kistep.re.kr/reportDownload.es?rpt_no=RES0220190139&seq=res_0026P@2,,,,0,,0,0,官方目录无本地正文,官方目录元数据，附件未列入本批,,2026-08-22
C-KISTEP-RES0220190140,RES0220190140,831-002,정책기획,2019-04-10,W2,과학기술기본계획 시행계획 추진실적 점검,최창택(혁신경제정책센터),"과학기술기본계획, 과학기술정책, 시행계획, 연구개발, 정책방향",韩文,机构正式研究,科技创新政策与能力基线,科研体系、研发投入与评价,P2-STI-baseline,https://www.kistep.re.kr/reportAllDetail.es?mid=a10305010000&rpt_no=RES0220190140&rpt_tp=831-002,https://www.kistep.re.kr/reportDownload.es?rpt_no=RES0220190140&seq=res_0026P@2,,,,0,,0,0,官方目录无本地正文,官方目录元数据，附件未列入本批,,2026-08-22
C-KISTEP-RES0220190141,RES0220190141,831-002,정책기획,2019-04-11,W2,국가R&D시스템 혁신 및 이행체계 수립·추진 연구,최동혁(혁신경제정책센터),"혁신시스템, 혁신정책, 연구개발",韩文,机构正式研究,科技创新政策与能力基线,科研体系、研发投入与评价；产业创新、创业与区域体系,P2-STI-baseline,https://www.kistep.re.kr/reportAllDetail.es?mid=a10305010000&rpt_no=RES0220190141&rpt_tp=831-002,https://www.kistep.re.kr/reportDownload.es?rpt_no=RES0220190141&seq=res_0026P@2,,,,0,,0,0,官方目录无本地正文,官方目录元数据，附件未列入本批,,2026-08-22
C-KISTEP-RES0220190142,RES0220190142,831-002,정책기획,2019-04-17,W2,2018년 기초연구진흥협의회 운영 지원,최동혁(혁신경제정책센터),"기초연구, 정책, 투자",韩文,机构正式研究,科技创新政策与能力基线,科研体系、研发投入与评价,P2-STI-baseline,https://www.kistep.re.kr/reportAllDetail.es?mid=a10305010000&rpt_no=RES0220190142&rpt_tp=831-002,https://www.kistep.re.kr/reportDownload.es?rpt_no=RES0220190142&seq=res_0026P@2,,,,0,,0,0,官方目录无本地正文,官方目录元数据，附件未列入本批,,2026-08-22
C-KISTEP-RES0220190143,RES0220190143,831-001,조사평가,2019-04-23,W2,2018년도 연구개발지원단 육성지원사업,김성진(혁신기반센터),"연구개발지원단, 지역 R&D, 지역 R&D 조사분석, R&D 기반혁신 시스템, 지역 R&D 효율성 제고",韩文,机构正式研究,科技创新政策与能力基线,科研体系、研发投入与评价；产业创新、创业与区域体系,P2-STI-baseline,https://www.kistep.re.kr/reportAllDetail.es?mid=a10305010000&rpt_no=RES0220190143&rpt_tp=831-001,https://www.kistep.re.kr/reportDownload.es?rpt_no=RES0220190143&seq=res_0026P@2,,,,0,,0,0,官方目录无本地正文,官方目录元数据，附件未列入本批,,2026-08-22
C-KISTEP-RES0220190146,RES0220190146,831-006,미래예측,2019-05-08,W2,2018년 기술수준평가,한종민(기술예측센터),"기술수준평가, 국가중점과학기술",韩文,机构正式研究,科技创新政策与能力基线,科研体系、研发投入与评价,P2-STI-baseline,https://www.kistep.re.kr/reportAllDetail.es?mid=a10305010000&rpt_no=RES0220190146&rpt_tp=831-006,https://www.kistep.re.kr/reportDownload.es?rpt_no=RES0220190146&seq=res_0026P@2,,,,0,,0,0,官方目录无本地正文,官方目录元数据，附件未列入本批,,2026-08-22
C-KISTEP-RES0220190153,RES0220190153,831-003,예비타당성조사,2019-05-22,W2,2018년도 예비타당성조사 보고서 생활화학제품 안전관리 기술개발사업,황지호(예비타당성조사1센터),"생활화학제품, 독성평가, 위해성평가, 노출평가, 대체물질 ",韩文,机构正式研究,科技创新政策与能力基线,科研体系、研发投入与评价,P2-STI-baseline,https://www.kistep.re.kr/reportAllDetail.es?mid=a10305010000&rpt_no=RES0220190153&rpt_tp=831-003,https://www.kistep.re.kr/reportDownload.es?rpt_no=RES0220190153&seq=res_0026P@2,,,,0,,0,0,官方目录无本地正文,官方目录元数据，附件未列入本批,,2026-08-22
C-KISTEP-RES0220190154,RES0220190154,831-003,예비타당성조사,2019-05-27,W2,2018년도 예비타당성조사 보고서 감염병 예방 치료기술개발사업,황지호(예비타당성조사1센터),"감염병, 백신, 진단, 치료제, 예방, 치료",韩文,机构正式研究,科技创新政策与能力基线,生命科学、生物技术与健康；科研体系、研发投入与评价,P2-STI-baseline,https://www.kistep.re.kr/reportAllDetail.es?mid=a10305010000&rpt_no=RES0220190154&rpt_tp=831-003,https://www.kistep.re.kr/reportDownload.es?rpt_no=RES0220190154&seq=res_0026P@2,,,,0,,0,0,官方目录无本地正文,官方目录元数据，附件未列入本批,,2026-08-22
C-KISTEP-RES0220190155,RES0220190155,831-003,예비타당성조사,2019-05-27,W2,2018년도 예비타당성조사 보고서 우수기업연구소육성사업,황지호(예비타당성조사1센터),"기업부설연구소, 중소·중견기업, 개방형 혁신, 산학연 협력, 글로벌 컨소시엄",韩文,机构正式研究,科技创新政策与能力基线,科研体系、研发投入与评价；产业创新、创业与区域体系,P1-global-STI,https://www.kistep.re.kr/reportAllDetail.es?mid=a10305010000&rpt_no=RES0220190155&rpt_tp=831-003,https://www.kistep.re.kr/reportDownload.es?rpt_no=RES0220190155&seq=res_0026P@2,,,,0,,0,0,官方目录无本地正文,官方目录元数据，附件未列入本批,,2026-08-22
C-KISTEP-RES0220190157,RES0220190157,831-003,예비타당성조사,2019-05-27,W2,2018년도 예비타당성조사 보고서 신농업기후변화대응체계구축사업,황지호(예비타당성조사1센터),"농업, 기후변화, 예측, 적응, 완화",韩文,机构正式研究,科技创新政策与能力基线,能源、气候与绿色转型；科研体系、研发投入与评价；科技前瞻与未来社会,P2-STI-baseline,https://www.kistep.re.kr/reportAllDetail.es?mid=a10305010000&rpt_no=RES0220190157&rpt_tp=831-003,https://www.kistep.re.kr/reportDownload.es?rpt_no=RES0220190157&seq=res_0026P@2,,,,0,,0,0,官方目录无本地正文,官方目录元数据，附件未列入本批,,2026-08-22
C-KISTEP-RES0220190158,RES0220190158,831-002,정책기획,2019-05-27,W2,과학기술분야 유망 신직업 발굴 및 진로지원 가이드라인 개발,이정재(혁신기반센터),"과학기술분야 유망 신직업, 과학기술분야 직업 진로지원, 핵심역량, 미래사회 이슈, 스마트소사이어티",韩文,机构正式研究,科技创新政策与能力基线,科技前瞻与未来社会,P2-STI-baseline,https://www.kistep.re.kr/reportAllDetail.es?mid=a10305010000&rpt_no=RES0220190158&rpt_tp=831-002,https://www.kistep.re.kr/reportDownload.es?rpt_no=RES0220190158&seq=res_0026P@2,,,,0,,0,0,官方目录无本地正文,官方目录元数据，附件未列入本批,,2026-08-22
C-KISTEP-RES0220190159,RES0220190159,831-003,예비타당성조사,2019-05-27,W2,2018년도 예비타당성조사 보고서 ECC 2030 사업,황지호(예비타당성조사1센터),"이산화탄소, 포집기술, 전환기술, 온실가스 감축, 신재생에너지",韩文,机构正式研究,科技创新政策与能力基线,能源、气候与绿色转型；科研体系、研发投入与评价,P2-STI-baseline,https://www.kistep.re.kr/reportAllDetail.es?mid=a10305010000&rpt_no=RES0220190159&rpt_tp=831-003,https://www.kistep.re.kr/reportDownload.es?rpt_no=RES0220190159&seq=res_0026P@2,,,,0,,0,0,官方目录无本地正文,官方目录元数据，附件未列入本批,,2026-08-22
C-KISTEP-RES0220190156,RES0220190156,831-003,예비타당성조사,2019-05-28,W2,2018년도 예비타당성조사 보고서 시장자립형 3세대 xEV 산업육성 사업,황지호(예비타당성조사1센터),"전기자동차, 수소연료전지자동차, 하이브리드자동차, 플러그인하이브리드자동차, 예비타당성조사 ",韩文,机构正式研究,核心科技直接材料,能源、气候与绿色转型；科研体系、研发投入与评价；产业创新、创业与区域体系,P0-core-tech,https://www.kistep.re.kr/reportAllDetail.es?mid=a10305010000&rpt_no=RES0220190156&rpt_tp=831-003,https://www.kistep.re.kr/reportDownload.es?rpt_no=RES0220190156&seq=res_0026P@2,,,,0,,0,0,官方目录无本地正文,官方目录元数据，附件未列入本批,,2026-08-22
C-KISTEP-RES0220190160,RES0220190160,831-003,예비타당성조사,2019-05-28,W2,2018년도 예비타당성조사 보고서 철도차량 부품개발사업,황지호(예비타당성조사1센터),"철도차량, 거대장치산업, 관련부품개발, 성능검증, 현차시험",韩文,机构正式研究,科技创新政策与能力基线,科研体系、研发投入与评价；产业创新、创业与区域体系,P2-STI-baseline,https://www.kistep.re.kr/reportAllDetail.es?mid=a10305010000&rpt_no=RES0220190160&rpt_tp=831-003,https://www.kistep.re.kr/reportDownload.es?rpt_no=RES0220190160&seq=res_0026P@2,,,,0,,0,0,官方目录无本地正文,官方目录元数据，附件未列入本批,,2026-08-22
C-KISTEP-RES0220190161,RES0220190161,831-003,예비타당성조사,2019-05-28,W2,2018년도 예비타당성조사 보고서 개방형 바이오 IP 기술사업화 사업,황지호(예비타당성조사1센터),"개방형 혁신, 바이오기술, 지식재산권, 기술이전, 사업화",韩文,机构正式研究,核心科技直接材料,生命科学、生物技术与健康；科研体系、研发投入与评价；科技人才、大学与知识流动；产业创新、创业与区域体系,P0-core-tech,https://www.kistep.re.kr/reportAllDetail.es?mid=a10305010000&rpt_no=RES0220190161&rpt_tp=831-003,https://www.kistep.re.kr/reportDownload.es?rpt_no=RES0220190161&seq=res_0026P@2,,,,0,,0,0,官方目录无本地正文,官方目录元数据，附件未列入本批,,2026-08-22
C-KISTEP-RES0220190162,RES0220190162,831-002,정책기획,2019-05-29,W2,과학기술인력양성 추진체계 구축 운영,이정재(혁신기반센터),"과학기술인력, 시행계획, 이공계인력 실태조사, 수급전망, 종합정보시스템",韩文,机构正式研究,科技创新政策与能力基线,科技人才、大学与知识流动；科技前瞻与未来社会,P2-STI-baseline,https://www.kistep.re.kr/reportAllDetail.es?mid=a10305010000&rpt_no=RES0220190162&rpt_tp=831-002,https://www.kistep.re.kr/reportDownload.es?rpt_no=RES0220190162&seq=res_0026P@2,,,,0,,0,0,官方目录无本地正文,官方目录元数据，附件未列入本批,,2026-08-22
C-KISTEP-RES0220190164,RES0220190164,831-002,정책기획,2019-06-03,W2,기술혁신과 고용창출 효과의 성 격차 분석,심정민(혁신기반센터),"기술혁신, 고용, 성 격차, 여성 일자리, 과학기술 일자리",韩文,机构正式研究,科技创新政策与能力基线,产业创新、创业与区域体系,P2-STI-baseline,https://www.kistep.re.kr/reportAllDetail.es?mid=a10305010000&rpt_no=RES0220190164&rpt_tp=831-002,https://www.kistep.re.kr/reportDownload.es?rpt_no=RES0220190164&seq=res_0026P@2,,,,0,,0,0,官方目录无本地正文,官方目录元数据，附件未列入本批,,2026-08-22
C-KISTEP-RES0220190165,RES0220190165,831-003,예비타당성조사,2019-06-04,W2,2018년도 사업계획 적정성 재검토 보고서 중이온가속기 장치구축사업,황지호(예비타당성조사1센터),"라온, 중이온가속기, 실험장치, 가속장치, RI생성장치",韩文,机构正式研究,科技创新政策与能力基线,科技创新政策与研究体系,P2-STI-baseline,https://www.kistep.re.kr/reportAllDetail.es?mid=a10305010000&rpt_no=RES0220190165&rpt_tp=831-003,https://www.kistep.re.kr/reportDownload.es?rpt_no=RES0220190165&seq=res_0026P@2,,,,0,,0,0,官方目录无本地正文,官方目录元数据，附件未列入本批,,2026-08-22
C-KISTEP-RES0220190166,RES0220190166,831-001,조사평가,2019-06-13,W2,2018년도 과학기술정보통신부 직할 출연(연) 및 국가과학기술연구회 기관평가,김이경(제도혁신센터),"국가평가체제, 정부출연연구기관, 성과지표, 기관평가",韩文,机构正式研究,科技创新政策与能力基线,科研体系、研发投入与评价,P2-STI-baseline,https://www.kistep.re.kr/reportAllDetail.es?mid=a10305010000&rpt_no=RES0220190166&rpt_tp=831-001,https://www.kistep.re.kr/reportDownload.es?rpt_no=RES0220190166&seq=res_0026P@3,,,,0,,0,0,官方目录无本地正文,官方目录元数据，附件未列入本批,,2026-08-22
C-KISTEP-RES0220190167,RES0220190167,831-003,예비타당성조사,2019-06-21,W2,2018년도 예비타당성조사 보고서 범부처 전주기 의료기기 연구개발 사업,황지호(예비타당성조사1센터),"의료기기, 진단, 치료, 재활, 임상",韩文,机构正式研究,科技创新政策与能力基线,生命科学、生物技术与健康；科研体系、研发投入与评价,P2-STI-baseline,https://www.kistep.re.kr/reportAllDetail.es?mid=a10305010000&rpt_no=RES0220190167&rpt_tp=831-003,https://www.kistep.re.kr/reportDownload.es?rpt_no=RES0220190167&seq=res_0026P@2,,,,0,,0,0,官方目录无本地正文,官方目录元数据，附件未列入本批,,2026-08-22
C-KISTEP-RES0220190168,RES0220190168,831-003,예비타당성조사,2019-06-24,W2,2018년도 예비타당성조사 보고서 치매극복 연구개발사업,황지호(예비타당성조사1센터),"치매, 예측, 진단, 예방, 치료",韩文,机构正式研究,科技创新政策与能力基线,科研体系、研发投入与评价；科技前瞻与未来社会,P2-STI-baseline,https://www.kistep.re.kr/reportAllDetail.es?mid=a10305010000&rpt_no=RES0220190168&rpt_tp=831-003,https://www.kistep.re.kr/reportDownload.es?rpt_no=RES0220190168&seq=res_0026P@2,,,,0,,0,0,官方目录无本地正文,官方目录元数据，附件未列入本批,,2026-08-22
C-KISTEP-RES0220190170,RES0220190170,831-002,정책기획,2019-06-24,W2,2018년 과학기술기반 지역수요맞춤형 R&D지원사업 정책연구 및 컨설팅 지원,이충현(혁신기반센터),지역수요맞춤형 R&D 컨설팅,韩文,机构正式研究,科技创新政策与能力基线,科研体系、研发投入与评价；产业创新、创业与区域体系,P2-STI-baseline,https://www.kistep.re.kr/reportAllDetail.es?mid=a10305010000&rpt_no=RES0220190170&rpt_tp=831-002,https://www.kistep.re.kr/reportDownload.es?rpt_no=RES0220190170&seq=res_0026P@3,,,,0,,0,0,官方目录无本地正文,官方目录元数据，附件未列入本批,,2026-08-22
C-KISTEP-PRG0720190047,PRG0720190047,831-007,위탁/협동/공동연구보고서,2019-06-26,W2,연구행정 지원역량 평가 도입 방안 연구,박문수(한국뉴욕주립대학교),연구비 연구행정 지원역량 연구자 평가지표,韩文,机构正式研究,科技创新政策与能力基线,科研体系、研发投入与评价；科技人才、大学与知识流动,P2-STI-baseline,https://www.kistep.re.kr/reportAllDetail.es?mid=a10305010000&rpt_no=PRG0720190047&rpt_tp=831-007,https://www.kistep.re.kr/reportDownload.es?rpt_no=PRG0720190047&seq=prg_0071P@5,,,,0,,0,0,官方目录无本地正文,官方目录元数据，附件未列入本批,,2026-08-22
C-KISTEP-RES0220190169,RES0220190169,831-003,예비타당성조사,2019-06-26,W2,2018년도 예비타당성조사 보고서 차세대지능형반도체 기술개발사업,황지호(예비타당성조사1센터),"반도체, 시스템반도체, 반도체 소자, 반도체 설계, 반도체 제조 ",韩文,机构正式研究,核心科技直接材料,半导体、量子与战略技术；科研体系、研发投入与评价,P0-core-tech,https://www.kistep.re.kr/reportAllDetail.es?mid=a10305010000&rpt_no=RES0220190169&rpt_tp=831-003,https://www.kistep.re.kr/reportDownload.es?rpt_no=RES0220190169&seq=res_0026P@2,,,,0,,0,0,官方目录无本地正文,官方目录元数据，附件未列入本批,,2026-08-22
C-KISTEP-RES0220190171,RES0220190171,831-003,예비타당성조사,2019-07-08,W2,2019년도 사업계획 적정성 검토 보고서 지역특화산업육성+,황지호(예비타당성조사1센터),"지역경제, 지역특화, 지역균형, 지역주력산업, 지역스타기업",韩文,机构正式研究,科技创新政策与能力基线,产业创新、创业与区域体系,P2-STI-baseline,https://www.kistep.re.kr/reportAllDetail.es?mid=a10305010000&rpt_no=RES0220190171&rpt_tp=831-003,https://www.kistep.re.kr/reportDownload.es?rpt_no=RES0220190171&seq=res_0026P@2,,,,0,,0,0,官方目录无本地正文,官方目录元数据，附件未列入本批,,2026-08-22
C-KISTEP-RES0220190173,RES0220190173,831-003,예비타당성조사,2019-07-19,W2,2018년도 예비타당성조사 보고서 무인이동체 원천기술개발 사업,황지호(예비타당성조사1센터),"무인이동체, 공통원천기술, 통합운용 기술실증기, 무인항공기, 무인지상차량, 무인수상정, 자율형 무인잠수정",韩文,机构正式研究,科技创新政策与能力基线,科研体系、研发投入与评价；航天、核能与大型技术系统,P2-STI-baseline,https://www.kistep.re.kr/reportAllDetail.es?mid=a10305010000&rpt_no=RES0220190173&rpt_tp=831-003,https://www.kistep.re.kr/reportDownload.es?rpt_no=RES0220190173&seq=res_0026P@2,,,,0,,0,0,官方目录无本地正文,官方目录元数据，附件未列入本批,,2026-08-22
C-KISTEP-RES0220190172,RES0220190172,831-001,조사평가,2019-07-22,W2,2018년도 국가연구개발사업 특정평가(하반기),오현환(R&D평가센터),"특정평가, 효과성, 효율성, 적절성, 사업평가",韩文,机构正式研究,科技创新政策与能力基线,科研体系、研发投入与评价,P2-STI-baseline,https://www.kistep.re.kr/reportAllDetail.es?mid=a10305010000&rpt_no=RES0220190172&rpt_tp=831-001,https://www.kistep.re.kr/reportDownload.es?rpt_no=RES0220190172&seq=res_0026P@5,,,,0,,0,0,官方目录无本地正文,官方目录元数据，附件未列入本批,,2026-08-22
C-KISTEP-RES0220190175,RES0220190175,831-004,성과확산,2019-07-26,W2,한-UN ESCAP 과학기술협력 기반구축,강진원(R&D평가센터),"아태지역, 과학기술혁신, 과학기술혁신위원회, UN　ESCAP(유엔 아태경제사회이사회), APCTT(아태기술이전센터)",韩文,机构正式研究,科技创新政策与能力基线,产业创新、创业与区域体系,P1-global-STI,https://www.kistep.re.kr/reportAllDetail.es?mid=a10305010000&rpt_no=RES0220190175&rpt_tp=831-004,https://www.kistep.re.kr/reportDownload.es?rpt_no=RES0220190175&seq=res_0026P@2,,,,0,,0,0,官方目录无本地正文,官方目录元数据，附件未列入本批,,2026-08-22
C-KISTEP-RES0220190176,RES0220190176,831-003,예비타당성조사,2019-07-29,W2,2018년도 예비타당성조사 보고서 한의약 혁신 기술개발사업,황지호(예비타당성조사1센터),"한의약, 한의과학, 임상진료지침, 임상연구, 중개연구",韩文,机构正式研究,科技创新政策与能力基线,科研体系、研发投入与评价；产业创新、创业与区域体系,P2-STI-baseline,https://www.kistep.re.kr/reportAllDetail.es?mid=a10305010000&rpt_no=RES0220190176&rpt_tp=831-003,https://www.kistep.re.kr/reportDownload.es?rpt_no=RES0220190176&seq=res_0026P@2,,,,0,,0,0,官方目录无本地正文,官方目录元数据，附件未列入本批,,2026-08-22
C-KISTEP-RES0220190180,RES0220190180,831-003,예비타당성조사,2019-08-21,W2,2019년도 사업계획 적정성검토 보고서 상용차산업 혁신성장 및 미래형 산업생태계 구축사업,황지호(예비타당성조사1센터),"사업계획 적정성 검토, 상용차, 기반구축사업, 부품 개발, 에너지효율 향상",韩文,机构正式研究,科技创新政策与能力基线,能源、气候与绿色转型；产业创新、创业与区域体系；科技前瞻与未来社会,P2-STI-baseline,https://www.kistep.re.kr/reportAllDetail.es?mid=a10305010000&rpt_no=RES0220190180&rpt_tp=831-003,https://www.kistep.re.kr/reportDownload.es?rpt_no=RES0220190180&seq=res_0026P@2,,,,0,,0,0,官方目录无本地正文,官方目录元数据，附件未列入本批,,2026-08-22
C-KISTEP-RES0220190182,RES0220190182,831-003,예비타당성조사,2019-08-21,W2,2018년도 예비타당성조사 보고서 뇌연구 고도화 사업,황지호(예비타당성조사1센터),"Basic research, Brain development, Brain recognition, Brain aging, Brain science methodology",韩文,机构正式研究,科技创新政策与能力基线,科研体系、研发投入与评价,P2-STI-baseline,https://www.kistep.re.kr/reportAllDetail.es?mid=a10305010000&rpt_no=RES0220190182&rpt_tp=831-003,https://www.kistep.re.kr/reportDownload.es?rpt_no=RES0220190182&seq=res_0026P@2,,,,0,,0,0,官方目录无本地正文,官方目录元数据，附件未列入本批,,2026-08-22
C-KISTEP-RES0220190177,RES0220190177,831-003,예비타당성조사,2019-08-22,W2,2018년도 예비타당성조사 보고서 항공기 기내시스템 인증기술개발사업,황지호(예비타당성조사1센터),"항공기, 기내시스템, 부가형식증명, 기술표준품승인, 항공기정비",韩文,机构正式研究,科技创新政策与能力基线,科研体系、研发投入与评价；航天、核能与大型技术系统,P2-STI-baseline,https://www.kistep.re.kr/reportAllDetail.es?mid=a10305010000&rpt_no=RES0220190177&rpt_tp=831-003,https://www.kistep.re.kr/reportDownload.es?rpt_no=RES0220190177&seq=res_0026P@2,,,,0,,0,0,官方目录无本地正文,官方目录元数据，附件未列入本批,,2026-08-22
C-KISTEP-RES0220190178,RES0220190178,831-003,예비타당성조사,2019-08-22,W2,2018년도 예비타당성조사 보고서 스마트 건설기술 개발사업,황지호(예비타당성조사1센터),"스마트 건설, 도로 구조물, 테스트베드, 공사비용 저감, 피해 저감",韩文,机构正式研究,科技创新政策与能力基线,科研体系、研发投入与评价,P2-STI-baseline,https://www.kistep.re.kr/reportAllDetail.es?mid=a10305010000&rpt_no=RES0220190178&rpt_tp=831-003,https://www.kistep.re.kr/reportDownload.es?rpt_no=RES0220190178&seq=res_0026P@1,,,,0,,0,0,官方目录无本地正文,官方目录元数据，附件未列入本批,,2026-08-22
C-KISTEP-RES0220190179,RES0220190179,831-003,예비타당성조사,2019-08-22,W2,2019년도 예비타당성조사 보고서 사용후핵연료 관리 표준화 시스템 개발,황지호(예비타당성조사1센터),"사용후핵연료, 운반, 저장, 처분, 표준화시스템 ",韩文,机构正式研究,科技创新政策与能力基线,科研体系、研发投入与评价,P2-STI-baseline,https://www.kistep.re.kr/reportAllDetail.es?mid=a10305010000&rpt_no=RES0220190179&rpt_tp=831-003,https://www.kistep.re.kr/reportDownload.es?rpt_no=RES0220190179&seq=res_0026P@2,,,,0,,0,0,官方目录无本地正文,官方目录元数据，附件未列入本批,,2026-08-22
C-KISTEP-RES0220190181,RES0220190181,831-003,예비타당성조사,2019-08-22,W2,2018년도 예비타당성조사 보고서 극한지 오일생산 플랜트건설 핵심기술 개발사업,황지호(예비타당성조사1센터),"극한지, 오일샌드, 실증플랜트, 규제, 경제적 타당성",韩文,机构正式研究,科技创新政策与能力基线,科研体系、研发投入与评价,P2-STI-baseline,https://www.kistep.re.kr/reportAllDetail.es?mid=a10305010000&rpt_no=RES0220190181&rpt_tp=831-003,https://www.kistep.re.kr/reportDownload.es?rpt_no=RES0220190181&seq=res_0026P@2,,,,0,,0,0,官方目录无本地正文,官方目录元数据，附件未列入本批,,2026-08-22
C-KISTEP-RES0220190183,RES0220190183,831-003,예비타당성조사,2019-08-22,W2,2018년도 예비타당성조사 보고서 제조혁신 기반인 Next 뿌리기술개발사업,황지호(예비타당성조사1센터),"뿌리기술, 제조업, 공정기술, 소재가공, 부품",韩文,机构正式研究,科技创新政策与能力基线,科研体系、研发投入与评价；产业创新、创业与区域体系,P2-STI-baseline,https://www.kistep.re.kr/reportAllDetail.es?mid=a10305010000&rpt_no=RES0220190183&rpt_tp=831-003,https://www.kistep.re.kr/reportDownload.es?rpt_no=RES0220190183&seq=res_0026P@2,,,,0,,0,0,官方目录无本地正文,官方目录元数据，附件未列入本批,,2026-08-22
C-KISTEP-PRG0720190048,PRG0720190048,831-007,위탁/협동/공동연구보고서,2019-08-23,W2,2019년 국가연구개발사업 예비타당성조사,정장훈(과학기술정책연구원),"국가연구개발사업, 예비타당성조사",韩文,机构正式研究,科技创新政策与能力基线,科研体系、研发投入与评价,P2-STI-baseline,https://www.kistep.re.kr/reportAllDetail.es?mid=a10305010000&rpt_no=PRG0720190048&rpt_tp=831-007,https://www.kistep.re.kr/reportDownload.es?rpt_no=PRG0720190048&seq=prg_0071P@2,,,,0,,0,0,官方目录无本地正文,官方目录元数据，附件未列入本批,,2026-08-22
C-KISTEP-RES0220190184,RES0220190184,831-003,예비타당성조사,2019-08-23,W2,2018년도 예비타당성조사 보고서 비즈니스 창출형 서비스 로봇시스템 개발 사업,황지호(예비타당성조사1센터),"서비스 로봇, 물류 로봇, 수술 로봇, 생활지원 로봇, 웨어러블 로봇",韩文,机构正式研究,核心科技直接材料,科研体系、研发投入与评价,P0-core-tech,https://www.kistep.re.kr/reportAllDetail.es?mid=a10305010000&rpt_no=RES0220190184&rpt_tp=831-003,https://www.kistep.re.kr/reportDownload.es?rpt_no=RES0220190184&seq=res_0026P@2,,,,0,,0,0,官方目录无本地正文,官方目录元数据，附件未列入本批,,2026-08-22
C-KISTEP-RES0220190185,RES0220190185,831-003,예비타당성조사,2019-08-26,W2,2018년도 예비타당성조사 보고서 나노미래소재원천기술개발사업,황지호(예비타당성조사1센터),"나노, 미래소재, 나노기술, 소재기술, 원천기술",韩文,机构正式研究,科技创新政策与能力基线,科研体系、研发投入与评价；科技前瞻与未来社会,P2-STI-baseline,https://www.kistep.re.kr/reportAllDetail.es?mid=a10305010000&rpt_no=RES0220190185&rpt_tp=831-003,https://www.kistep.re.kr/reportDownload.es?rpt_no=RES0220190185&seq=res_0026P@2,,,,0,,0,0,官方目录无本地正文,官方目录元数据，附件未列入本批,,2026-08-22
C-KISTEP-RES0220190186,RES0220190186,831-003,예비타당성조사,2019-08-26,W2,2018년도 예비타당성조사 보고서 부유식 해상풍력기술 실증 프로젝트,황지호(예비타당성조사1센터),"부유식, 풍력발전, 해상, 연구개발, 예비타당성조사",韩文,机构正式研究,科技创新政策与能力基线,科研体系、研发投入与评价,P2-STI-baseline,https://www.kistep.re.kr/reportAllDetail.es?mid=a10305010000&rpt_no=RES0220190186&rpt_tp=831-003,https://www.kistep.re.kr/reportDownload.es?rpt_no=RES0220190186&seq=res_0026P@2,,,,0,,0,0,官方目录无本地正文,官方目录元数据，附件未列入本批,,2026-08-22
C-KISTEP-RES0220190187,RES0220190187,831-003,예비타당성조사,2019-08-27,W2,2018년도 예비타당성조사 보고서 디지털 라이프 서비스 실현을 위한 홀로그램 기술개발 사업,황지호(예비타당성조사1센터),"디지털 홀로그램, 홀로그래피, 디지털 콘텐츠, 실증, HOE",韩文,机构正式研究,核心科技直接材料,人工智能、数据与数字技术；科研体系、研发投入与评价,P0-core-tech,https://www.kistep.re.kr/reportAllDetail.es?mid=a10305010000&rpt_no=RES0220190187&rpt_tp=831-003,https://www.kistep.re.kr/reportDownload.es?rpt_no=RES0220190187&seq=res_0026P@2,,,,0,,0,0,官方目录无本地正文,官方目录元数据，附件未列入本批,,2026-08-22
C-KISTEP-RES0220190188,RES0220190188,831-003,예비타당성조사,2019-08-27,W2,2019년도 사업계획 적정성 검토 인공지능 중심 산업융합 집적단지 조성사업(R&D),황지호(예비타당성조사1센터),"인공지능, 연구개발, 산업, 융합, 집적단지",韩文,机构正式研究,核心科技直接材料,人工智能、数据与数字技术；科研体系、研发投入与评价；产业创新、创业与区域体系,P0-core-tech,https://www.kistep.re.kr/reportAllDetail.es?mid=a10305010000&rpt_no=RES0220190188&rpt_tp=831-003,https://www.kistep.re.kr/reportDownload.es?rpt_no=RES0220190188&seq=res_0026P@2,,,,0,,0,0,官方目录无本地正文,官方目录元数据，附件未列入本批,,2026-08-22
C-KISTEP-PRG0720190101,PRG0720190101,831-007,위탁/협동/공동연구보고서,2019-08-29,W2,“자율운항선박” 혁신성장동력 신규분야 세부기획연구,장화섭((사)한국선급),자율운항선박 스마트 해상물류 친환경 추진시스템 표준화 시운전센터 인력양성 ,韩文,机构正式研究,科技创新政策与能力基线,科技人才、大学与知识流动；产业创新、创业与区域体系,P2-STI-baseline,https://www.kistep.re.kr/reportAllDetail.es?mid=a10305010000&rpt_no=PRG0720190101&rpt_tp=831-007,https://www.kistep.re.kr/reportDownload.es?rpt_no=PRG0720190101&seq=prg_0071P@4,,,,0,,0,0,官方目录无本地正文,官方目录元数据，附件未列入本批,,2026-08-22
C-KISTEP-PRG0720190102,PRG0720190102,831-007,위탁/협동/공동연구보고서,2019-08-29,W2,스마트공장 혁신성장동력 신규분야 세부기획 연구,null(한국산업기술평가관리원),스마트공장 스마트제조,韩文,机构正式研究,科技创新政策与能力基线,产业创新、创业与区域体系,P2-STI-baseline,https://www.kistep.re.kr/reportAllDetail.es?mid=a10305010000&rpt_no=PRG0720190102&rpt_tp=831-007,https://www.kistep.re.kr/reportDownload.es?rpt_no=PRG0720190102&seq=prg_0071P@4,,,,0,,0,0,官方目录无本地正文,官方目录元数据，附件未列入本批,,2026-08-22
C-KISTEP-PRG0720190106,PRG0720190106,831-007,위탁/협동/공동연구보고서,2019-08-30,W2,혁신형디스플레이 성장동력 신규분야 세부기획 연구,박영호(한국산업기술평가관리원),마이크로 LED 디스플레이 완전입체 디스플레이 플렉서블 디스플레이,韩文,机构正式研究,科技创新政策与能力基线,产业创新、创业与区域体系,P2-STI-baseline,https://www.kistep.re.kr/reportAllDetail.es?mid=a10305010000&rpt_no=PRG0720190106&rpt_tp=831-007,https://www.kistep.re.kr/reportDownload.es?rpt_no=PRG0720190106&seq=prg_0071P@4,,,,0,,0,0,官方目录无本地正文,官方目录元数据，附件未列入本批,,2026-08-22
C-KISTEP-RES0220190189,RES0220190189,831-001,조사평가,2019-09-04,W2,2018년 국가연구개발사업 조사분석,이현익(혁신정보분석센터),"조사분석, 정부, 연구개발, 투자, 통계",韩文,机构正式研究,科技创新政策与能力基线,科研体系、研发投入与评价,P2-STI-baseline,https://www.kistep.re.kr/reportAllDetail.es?mid=a10305010000&rpt_no=RES0220190189&rpt_tp=831-001,https://www.kistep.re.kr/reportDownload.es?rpt_no=RES0220190189&seq=res_0026P@3,,,,0,,0,0,官方目录无本地正文,官方目录元数据，附件未列入本批,,2026-08-22
C-KISTEP-RES0220190191,RES0220190191,831-003,예비타당성조사,2019-09-24,W2,2018년도 예비타당성조사 보고서 산업기술국제협력2025 사업,황지호(예비타당성조사1센터),"산업기술국제협력, 기술사업화, 국제연구개발협력, 양자펀딩, 다자간R&D협력사업",韩文,机构正式研究,核心科技直接材料,半导体、量子与战略技术；科研体系、研发投入与评价；产业创新、创业与区域体系；技术安全、供应链与国际合作,P0-core-tech,https://www.kistep.re.kr/reportAllDetail.es?mid=a10305010000&rpt_no=RES0220190191&rpt_tp=831-003,https://www.kistep.re.kr/reportDownload.es?rpt_no=RES0220190191&seq=res_0026P@2,,,,0,,0,0,官方目录无本地正文,官方目录元数据，附件未列入本批,,2026-08-22
C-KISTEP-RES0220190192,RES0220190192,831-003,예비타당성조사,2019-09-27,W2,2018년도 예비타당성조사 보고서 패러다임 전환에 대응한 스마트 건설기계 개발사업,황지호(예비타당성조사1센터),"스마트 굴삭기, 지능형 건설기계, 플릿 운영, 실증, 가치창출",韩文,机构正式研究,科技创新政策与能力基线,科研体系、研发投入与评价,P2-STI-baseline,https://www.kistep.re.kr/reportAllDetail.es?mid=a10305010000&rpt_no=RES0220190192&rpt_tp=831-003,https://www.kistep.re.kr/reportDownload.es?rpt_no=RES0220190192&seq=res_0026P@2,,,,0,,0,0,官方目录无本地正文,官方目录元数据，附件未列入本批,,2026-08-22
C-KISTEP-RES0220190193,RES0220190193,831-003,예비타당성조사,2019-09-30,W2,2019년도 사업계획 적정성 검토보고서 스마트특성화 기반구축사업(R&D),황지호(예비타당성조사1센터),"지역산업, 기반구축, 연구장비, 지역발전, 기업경쟁력 ",韩文,机构正式研究,科技创新政策与能力基线,科研体系、研发投入与评价；产业创新、创业与区域体系,P1-global-STI,https://www.kistep.re.kr/reportAllDetail.es?mid=a10305010000&rpt_no=RES0220190193&rpt_tp=831-003,https://www.kistep.re.kr/reportDownload.es?rpt_no=RES0220190193&seq=res_0026P@2,,,,0,,0,0,官方目录无本地正文,官方目录元数据，附件未列入本批,,2026-08-22
C-KISTEP-RES0220190197,RES0220190197,831-004,성과확산,2019-10-28,W2,2019 국가연구개발 우수성과 100,김남희(성과확산센터),"국가연구개발 우수성과, 100선, 사례집, 국가연구개발사업 ",韩文,机构正式研究,科技创新政策与能力基线,科研体系、研发投入与评价,P2-STI-baseline,https://www.kistep.re.kr/reportAllDetail.es?mid=a10305010000&rpt_no=RES0220190197&rpt_tp=831-004,https://www.kistep.re.kr/reportDownload.es?rpt_no=RES0220190197&seq=res_0026P@5,,,,0,,0,0,官方目录无本地正文,官方目录元数据，附件未列入本批,,2026-08-22
C-KISTEP-RES0220190198,RES0220190198,831-001,조사평가,2019-11-12,W2,2019년도 1차 국가연구개발사업 특정평가,오현환(R&D평가센터),"특정평가, 효과성, 효율성, 적절성, 사업평가",韩文,机构正式研究,科技创新政策与能力基线,科研体系、研发投入与评价,P2-STI-baseline,https://www.kistep.re.kr/reportAllDetail.es?mid=a10305010000&rpt_no=RES0220190198&rpt_tp=831-001,https://www.kistep.re.kr/reportDownload.es?rpt_no=RES0220190198&seq=res_0026P@4,,,,0,,0,0,官方目录无本地正文,官方目录元数据，附件未列入本批,,2026-08-22
C-KISTEP-PRG0720190108,PRG0720190108,831-007,위탁/협동/공동연구보고서,2019-11-13,W2,혁신성장 선도 고급연구인재육성지원 사업 기획을 위한 전문가 의견 조사 연구,김태영(포항공과대학교 산학협력단),"혁신성장 선도 고급연구인재 육성, 연구중심대학, 공과대학",韩文,机构正式研究,科技创新政策与能力基线,科技人才、大学与知识流动；产业创新、创业与区域体系,P2-STI-baseline,https://www.kistep.re.kr/reportAllDetail.es?mid=a10305010000&rpt_no=PRG0720190108&rpt_tp=831-007,https://www.kistep.re.kr/reportDownload.es?rpt_no=PRG0720190108&seq=prg_0071P@4,,,,0,,0,0,官方目录无本地正文,官方目录元数据，附件未列入本批,,2026-08-22
C-KISTEP-RES0220190201,RES0220190201,831-003,예비타당성조사,2019-11-20,W2,2019년도 예비타당성조사 보고서 자율형 사물인터넷 핵심기술개발사업,황지호(예비타당성조사1센터),"사물인터넷, 에지, 분산, 컴퓨팅, 소프트웨어",韩文,机构正式研究,科技创新政策与能力基线,人工智能、数据与数字技术；科研体系、研发投入与评价,P2-STI-baseline,https://www.kistep.re.kr/reportAllDetail.es?mid=a10305010000&rpt_no=RES0220190201&rpt_tp=831-003,https://www.kistep.re.kr/reportDownload.es?rpt_no=RES0220190201&seq=res_0026P@2,,,,0,,0,0,官方目录无本地正文,官方目录元数据，附件未列入本批,,2026-08-22
C-KISTEP-RES0220190202,RES0220190202,831-003,예비타당성조사,2019-11-26,W2,2019년 국가연구개발사업 예비타당성조사 보고서 질환극복을 위한 임상현장 기반 중개연구 가속화 사업,황지호(예비타당성조사1센터),"중개연구, 임상현장 미충족 의료수요, 질환, 임상적 유용성, 기초-임상 양방향적 연구",韩文,机构正式研究,科技创新政策与能力基线,生命科学、生物技术与健康；科研体系、研发投入与评价,P2-STI-baseline,https://www.kistep.re.kr/reportAllDetail.es?mid=a10305010000&rpt_no=RES0220190202&rpt_tp=831-003,https://www.kistep.re.kr/reportDownload.es?rpt_no=RES0220190202&seq=res_0026P@2,,,,0,,0,0,官方目录无本地正文,官方目录元数据，附件未列入本批,,2026-08-22
C-KISTEP-RES0220190203,RES0220190203,831-003,예비타당성조사,2019-11-27,W2,2019년도 예비타당성조사 보고서 나노융합 혁신제품 기술개발사업,황지호(예비타당성조사1센터),"나노융합, 혁신제품, 기업수요",韩文,机构正式研究,科技创新政策与能力基线,科研体系、研发投入与评价；产业创新、创业与区域体系,P2-STI-baseline,https://www.kistep.re.kr/reportAllDetail.es?mid=a10305010000&rpt_no=RES0220190203&rpt_tp=831-003,https://www.kistep.re.kr/reportDownload.es?rpt_no=RES0220190203&seq=res_0026P@4,,,,0,,0,0,官方目录无本地正文,官方目录元数据，附件未列入本批,,2026-08-22
C-KISTEP-PRG0720190114,PRG0720190114,831-007,위탁/협동/공동연구보고서,2019-11-29,W2,정부연구개발비 지원제도 발전방안 연구,조성표(경북대학교),"국가연구개발, 연구비 지원방식, 연구보조금, 연구개발 생산성, 현상공모",韩文,机构正式研究,科技创新政策与能力基线,科研体系、研发投入与评价,P2-STI-baseline,https://www.kistep.re.kr/reportAllDetail.es?mid=a10305010000&rpt_no=PRG0720190114&rpt_tp=831-007,https://www.kistep.re.kr/reportDownload.es?rpt_no=PRG0720190114&seq=prg_0071P@2,,,,0,,0,0,官方目录无本地正文,官方目录元数据，附件未列入本批,,2026-08-22
C-KISTEP-PRG0720190115,PRG0720190115,831-007,위탁/협동/공동연구보고서,2019-11-29,W2,국가연구개발사업이 기업의 연구개발 및 혁신에 미치는 영향 분석,분리보관(과학기술정책연구원),"국가연구개발사업, 기업 연구개발활동, 혁신활동, 영향분석",韩文,机构正式研究,科技创新政策与能力基线,科研体系、研发投入与评价；产业创新、创业与区域体系,P2-STI-baseline,https://www.kistep.re.kr/reportAllDetail.es?mid=a10305010000&rpt_no=PRG0720190115&rpt_tp=831-007,https://www.kistep.re.kr/reportDownload.es?rpt_no=PRG0720190115&seq=prg_0071P@3,,,,0,,0,0,官方目录无本地正文,官方目录元数据，附件未列入本批,,2026-08-22
C-KISTEP-RES0220190210,RES0220190210,831-004,성과확산,2019-12-13,W2,국가연구개발 연구성과 관리 활용 실태조사,정동덕(성과확산센터),"연구성과, 성과활용, 국가연구개발사업",韩文,机构正式研究,科技创新政策与能力基线,科研体系、研发投入与评价,P2-STI-baseline,https://www.kistep.re.kr/reportAllDetail.es?mid=a10305010000&rpt_no=RES0220190210&rpt_tp=831-004,https://www.kistep.re.kr/reportDownload.es?rpt_no=RES0220190210&seq=res_0026P@5,,,,0,,0,0,官方目录无本地正文,官方目录元数据，附件未列入本批,,2026-08-22
C-KISTEP-RES0220190211,RES0220190211,831-001,조사평가,2019-12-13,W2,2019년도 국가연구개발사업 상위평가보고서(중간평가),오현환(R&D평가센터),"국가연구개발사업, 중간평가, 자체평가, 상위평가",韩文,机构正式研究,科技创新政策与能力基线,科研体系、研发投入与评价,P2-STI-baseline,https://www.kistep.re.kr/reportAllDetail.es?mid=a10305010000&rpt_no=RES0220190211&rpt_tp=831-001,https://www.kistep.re.kr/reportDownload.es?rpt_no=RES0220190211&seq=res_0026P@2,,,,0,,0,0,官方目录无本地正文,官方目录元数据，附件未列入本批,,2026-08-22
C-KISTEP-RES0220190212,RES0220190212,831-001,조사평가,2019-12-13,W2,국가R&D 기획·관리 지원서비스 구축,이윤빈(NTIS팀),"국가과학기술지식정보서비스, R&D 사업관리, 국가연구개발사업 조사·분석, 예산정보, 정책정보, 전주기정보, 과학기술통계, 성과평가",韩文,机构正式研究,科技创新政策与能力基线,科研体系、研发投入与评价；科技人才、大学与知识流动,P2-STI-baseline,https://www.kistep.re.kr/reportAllDetail.es?mid=a10305010000&rpt_no=RES0220190212&rpt_tp=831-001,https://www.kistep.re.kr/reportDownload.es?rpt_no=RES0220190212&seq=res_0026P@3,,,,0,,0,0,官方目录无本地正文,官方目录元数据，附件未列入本批,,2026-08-22
C-KISTEP-RES0220190207,RES0220190207,831-001,조사평가,2019-12-16,W2,2019년 국가 과학기술혁신역량평가 연구,안지혜(혁신정보분석센터),"혁신역량, 복합지수, OECD",韩文,机构正式研究,科技创新政策与能力基线,科研体系、研发投入与评价；产业创新、创业与区域体系,P2-STI-baseline,https://www.kistep.re.kr/reportAllDetail.es?mid=a10305010000&rpt_no=RES0220190207&rpt_tp=831-001,https://www.kistep.re.kr/reportDownload.es?rpt_no=RES0220190207&seq=res_0026P@2,,,,0,,0,0,官方目录无本地正文,官方目录元数据，附件未列入本批,,2026-08-22
C-KISTEP-RES0220190214,RES0220190214,831-002,정책기획,2019-12-17,W2,2018년도 과학기술분야 중장기계획 조사·분석,김민기(과학기술정책센터),"중장기계획, 정책, 심층분석",韩文,机构正式研究,科技创新政策与能力基线,科技创新政策与研究体系,P2-STI-baseline,https://www.kistep.re.kr/reportAllDetail.es?mid=a10305010000&rpt_no=RES0220190214&rpt_tp=831-002,https://www.kistep.re.kr/reportDownload.es?rpt_no=RES0220190214&seq=res_0026P@2,,,,0,,0,0,官方目录无本地正文,官方目录元数据，附件未列入本批,,2026-08-22
C-KISTEP-RES0220190216,RES0220190216,831-003,예비타당성조사,2019-12-20,W2,2019년도 예비타당성조사 보고서 ICT R&D 혁신 바우처 지원사업,황지호(예비타당성조사1센터),"정보통신기술, 바우처 지원 프로그램, 중소기업, 혁신성장, 오픈 이노베이션",韩文,机构正式研究,科技创新政策与能力基线,科研体系、研发投入与评价；产业创新、创业与区域体系,P2-STI-baseline,https://www.kistep.re.kr/reportAllDetail.es?mid=a10305010000&rpt_no=RES0220190216&rpt_tp=831-003,https://www.kistep.re.kr/reportDownload.es?rpt_no=RES0220190216&seq=res_0026P@2,,,,0,,0,0,官方目录无本地正文,官方目录元数据，附件未列入本批,,2026-08-22
C-KISTEP-RES0220190219,RES0220190219,831-003,예비타당성조사,2019-12-24,W2,2019년도 예비타당성조사 보고서 스마트팜 다부처 패키지 혁신기술개발,황지호(예비타당성조사1센터),"스마트팜, 시설원예, 축산, 인공지능, 빅데이터",韩文,机构正式研究,核心科技直接材料,人工智能、数据与数字技术；科研体系、研发投入与评价；产业创新、创业与区域体系,P0-core-tech,https://www.kistep.re.kr/reportAllDetail.es?mid=a10305010000&rpt_no=RES0220190219&rpt_tp=831-003,https://www.kistep.re.kr/reportDownload.es?rpt_no=RES0220190219&seq=res_0026P@2,,,,0,,0,0,官方目录无本地正文,官方目录元数据，附件未列入本批,,2026-08-22
C-KISTEP-PRG0720200015,PRG0720200015,831-007,위탁/협동/공동연구보고서,2019-12-31,W2,혁신성장동력 정책 개선안 도출을 위한 맞춤형 헬스케어 분야 이슈 분석,박성호(한국보건산업진흥원),,韩文,机构正式研究,科技创新政策与能力基线,生命科学、生物技术与健康；产业创新、创业与区域体系,P2-STI-baseline,https://www.kistep.re.kr/reportAllDetail.es?mid=a10305010000&rpt_no=PRG0720200015&rpt_tp=831-007,https://www.kistep.re.kr/reportDownload.es?rpt_no=PRG0720200015&seq=prg_0071P@3,,,,0,,0,0,官方目录无本地正文,官方目录元数据，附件未列入本批,,2026-08-22
C-KISTEP-PRG0720200016,PRG0720200016,831-007,위탁/협동/공동연구보고서,2019-12-31,W2,혁신성장동력 정책 개선안 도출을 위한 신재생에너지 분야 이슈 분석에 관한 연구,분리보관(한국에너지기술평가원),,韩文,机构正式研究,科技创新政策与能力基线,能源、气候与绿色转型；产业创新、创业与区域体系,P2-STI-baseline,https://www.kistep.re.kr/reportAllDetail.es?mid=a10305010000&rpt_no=PRG0720200016&rpt_tp=831-007,https://www.kistep.re.kr/reportDownload.es?rpt_no=PRG0720200016&seq=prg_0071P@3,,,,0,,0,0,官方目录无本地正文,官方目录元数据，附件未列入本批,,2026-08-22
C-KISTEP-PRG0720200017,PRG0720200017,831-007,위탁/협동/공동연구보고서,2019-12-31,W2,사회문제 해결형 R&D 활성화를 위한 리빙랩 확산 방안 연구,성지은(과학기술정책연구원),사회문제 해결형 R&D 리빙랩  리빙랩 길잡이 교육 및 컨설팅 범부처 확산 수행부처 및 연구관리기관 대상,韩文,机构正式研究,科技创新政策与能力基线,科研体系、研发投入与评价,P2-STI-baseline,https://www.kistep.re.kr/reportAllDetail.es?mid=a10305010000&rpt_no=PRG0720200017&rpt_tp=831-007,https://www.kistep.re.kr/reportDownload.es?rpt_no=PRG0720200017&seq=prg_0071P@4,,,,0,,0,0,官方目录无本地正文,官方目录元数据，附件未列入本批,,2026-08-22
C-KISTEP-PRG0720200018,PRG0720200018,831-007,위탁/협동/공동연구보고서,2019-12-31,W2,2019년 국가연구개발사업 예비타당성조사('19년 1차/3차),정장훈(과학기술정책연구원),"국가연구개발사업,  예비타당성조사",韩文,机构正式研究,科技创新政策与能力基线,科研体系、研发投入与评价,P2-STI-baseline,https://www.kistep.re.kr/reportAllDetail.es?mid=a10305010000&rpt_no=PRG0720200018&rpt_tp=831-007,https://www.kistep.re.kr/reportDownload.es?rpt_no=PRG0720200018&seq=prg_0071P@3,,,,0,,0,0,官方目录无本地正文,官方目录元数据，附件未列入本批,,2026-08-22
C-KISTEP-PRG0720200021,PRG0720200021,831-007,위탁/협동/공동연구보고서,2019-12-31,W2,혁신성장동력 정책 진단 및 개선방안 연구,정은미(산업연구원),,韩文,机构正式研究,科技创新政策与能力基线,产业创新、创业与区域体系,P2-STI-baseline,https://www.kistep.re.kr/reportAllDetail.es?mid=a10305010000&rpt_no=PRG0720200021&rpt_tp=831-007,https://www.kistep.re.kr/reportDownload.es?rpt_no=PRG0720200021&seq=prg_0071P@3,,,,0,,0,0,官方目录无本地正文,官方目录元数据，附件未列入本批,,2026-08-22
C-KISTEP-RES0220190221,RES0220190221,831-001,조사평가,2020-01-02,W2,학생인건비 통합관리제 기획 및 운영,허기영(제도혁신센터),"학생인건비 통합관리, 학생연구원, 학생인건비, 연구기관 단위, 연구책임자 단위",韩文,机构正式研究,科技创新政策与能力基线,科技创新政策与研究体系,P2-STI-baseline,https://www.kistep.re.kr/reportAllDetail.es?mid=a10305010000&rpt_no=RES0220190221&rpt_tp=831-001,https://www.kistep.re.kr/reportDownload.es?rpt_no=RES0220190221&seq=res_0026P@4,,,,0,,0,0,官方目录无本地正文,官方目录元数据，附件未列入本批,,2026-08-22
C-KISTEP-RES0220200001,RES0220200001,831-002,정책기획,2020-01-08,W2,제도·규정 분석을 통한 국내 규제 샌드박스 법제 개선 연구,이재훈(제도혁신센터),"규제 샌드박스, 시범사업, 규제특례, 규제개선, 법제개선",韩文,机构正式研究,科技创新政策与能力基线,科技创新政策与研究体系,P2-STI-baseline,https://www.kistep.re.kr/reportAllDetail.es?mid=a10305010000&rpt_no=RES0220200001&rpt_tp=831-002,https://www.kistep.re.kr/reportDownload.es?rpt_no=RES0220200001&seq=res_0026P@2,,,,0,,0,0,官方目录无本地正文,官方目录元数据，附件未列入本批,,2026-08-22
C-KISTEP-RES0220200004,RES0220200004,831-006,미래예측,2020-01-14,W2,디지털기술 발전이 초래하는지속가능성장의 미래예측 연구 -에너지 소비의 미래-,임현(기술예측센터),"예측, 디지털 기술, 지속가능한 성장, 국제협력, 시나리오",韩文,机构正式研究,核心科技直接材料,人工智能、数据与数字技术；能源、气候与绿色转型；技术安全、供应链与国际合作；科技前瞻与未来社会,P0-core-tech,https://www.kistep.re.kr/reportAllDetail.es?mid=a10305010000&rpt_no=RES0220200004&rpt_tp=831-006,https://www.kistep.re.kr/reportDownload.es?rpt_no=RES0220200004&seq=res_0026P@2,,,,0,,0,0,官方目录无本地正文,官方目录元数据，附件未列入本批,,2026-08-22
C-KISTEP-RES0220200005,RES0220200005,831-001,조사평가,2020-01-14,W2,중소기업 R&D 성과에 관한 메타분석: 정부지원과 기술혁신을 중심으로,배용국(R&D예산정책센터),"중소기업, 기술혁신, 메타분석, 경영성과, 연구개발",韩文,机构正式研究,科技创新政策与能力基线,科研体系、研发投入与评价；产业创新、创业与区域体系,P2-STI-baseline,https://www.kistep.re.kr/reportAllDetail.es?mid=a10305010000&rpt_no=RES0220200005&rpt_tp=831-001,https://www.kistep.re.kr/reportDownload.es?rpt_no=RES0220200005&seq=res_0026P@2,,,,0,,0,0,官方目录无本地正文,官方目录元数据，附件未列入本批,,2026-08-22
C-KISTEP-RES0220200007,RES0220200007,831-002,정책기획,2020-01-16,W2,성과기반의 연구환경 요인에 관한 연구,강문상(R&D예산정책센터),"연구환경, 연구수월성, 국가연구개발 우수성과, 중요도-만족도 분석, 사회심리적 요인",韩文,机构正式研究,科技创新政策与能力基线,科研体系、研发投入与评价,P2-STI-baseline,https://www.kistep.re.kr/reportAllDetail.es?mid=a10305010000&rpt_no=RES0220200007&rpt_tp=831-002,https://www.kistep.re.kr/reportDownload.es?rpt_no=RES0220200007&seq=res_0026P@2,,,,0,,0,0,官方目录无本地正文,官方目录元数据，附件未列入本批,,2026-08-22
C-KISTEP-PRG0720200001,PRG0720200001,831-007,위탁/협동/공동연구보고서,2020-01-17,W2,신규 성장동력 발굴을 위한 미래 유망 기술·산업·정책동향 조사·분석 연구,봉선학(주식회사 티비앤에이),"리뉴어블 플라스틱, 차세대 진단, e-케미컬(신재생화학공정), 유전자 편집기술, 차세대 배터리, 휴먼증강 슈트, 오가노이드(미니 장기), 스마트 공간정보, 양자정보컴퓨팅, 바이오푸드, 마이크로바이옴, 스마트공장, 자율운항 선박, 혁신형 디스플레이",韩文,机构正式研究,核心科技直接材料,半导体、量子与战略技术；生命科学、生物技术与健康；能源、气候与绿色转型；产业创新、创业与区域体系；科技前瞻与未来社会,P0-core-tech,https://www.kistep.re.kr/reportAllDetail.es?mid=a10305010000&rpt_no=PRG0720200001&rpt_tp=831-007,https://www.kistep.re.kr/reportDownload.es?rpt_no=PRG0720200001&seq=prg_0071P@4,,,,0,,0,0,官方目录无本地正文,官方目录元数据，附件未列入本批,,2026-08-22
C-KISTEP-RES0220200008,RES0220200008,831-001,조사평가,2020-01-17,W2,2019년도 국가연구개발사업 상위평가 보고서(추적평가),오현환(R&D평가센터),"국가연구개발사업, 추적평가, 상위평가",韩文,机构正式研究,科技创新政策与能力基线,科研体系、研发投入与评价,P2-STI-baseline,https://www.kistep.re.kr/reportAllDetail.es?mid=a10305010000&rpt_no=RES0220200008&rpt_tp=831-001,https://www.kistep.re.kr/reportDownload.es?rpt_no=RES0220200008&seq=res_0026P@2,,,,0,,0,0,官方目录无本地正文,官方目录元数据，附件未列入本批,,2026-08-22
C-KISTEP-RES0220200010,RES0220200010,831-006,미래예측,2020-01-20,W2,스마트 혁신 시대의 미래전망 및 과학기술 혁신정책 연구(Ⅰ) : 인공지능을 중심으로,최문정(기술예측센터),"스마트혁신, 인공지능, 정책연구",韩文,机构正式研究,核心科技直接材料,人工智能、数据与数字技术；产业创新、创业与区域体系；科技前瞻与未来社会,P0-core-tech,https://www.kistep.re.kr/reportAllDetail.es?mid=a10305010000&rpt_no=RES0220200010&rpt_tp=831-006,https://www.kistep.re.kr/reportDownload.es?rpt_no=RES0220200010&seq=res_0026P@2,,,,0,,0,0,官方目录无本地正文,官方目录元数据，附件未列入本批,,2026-08-22
C-KISTEP-RES0220200003,RES0220200003,831-004,성과확산,2020-01-22,W2,KISTEP 정책네트워크 구축 및 기관성과 확산을 통한 기관 이미지 제고 방안 연구,박소희(대외협력실),"정책네트워크, 연구성과, 사업성과, 홍보, 중장기 발전방안",韩文,机构正式研究,科技创新政策与能力基线,科研体系、研发投入与评价,P2-STI-baseline,https://www.kistep.re.kr/reportAllDetail.es?mid=a10305010000&rpt_no=RES0220200003&rpt_tp=831-004,https://www.kistep.re.kr/reportDownload.es?rpt_no=RES0220200003&seq=res_0026P@2,,,,0,,0,0,官方目录无本地正文,官方目录元数据，附件未列入本批,,2026-08-22
C-KISTEP-RES0220200013,RES0220200013,831-003,예비타당성조사,2020-01-23,W2,2019년 국가 R&D사업 사전분석 전문 네트워크 구축 및 역량 강화,이태근(예비타당성조사2센터),"예비타당성조사, 국가연구개발사업, 사전분석 콜로키움, 예비타당성조사 교육, 전문가세미나",韩文,机构正式研究,科技创新政策与能力基线,科研体系、研发投入与评价,P2-STI-baseline,https://www.kistep.re.kr/reportAllDetail.es?mid=a10305010000&rpt_no=RES0220200013&rpt_tp=831-003,https://www.kistep.re.kr/reportDownload.es?rpt_no=RES0220200013&seq=res_0026P@2,,,,0,,0,0,官方目录无本地正文,官方目录元数据，附件未列入本批,,2026-08-22
C-KISTEP-RES0220200015,RES0220200015,831-002,정책기획,2020-01-28,W2,2019년 ‘KISTEP 이슈 페이퍼’ 발간을 통한 정책역량 강화방안 연구,정동덕(혁신전략연구소),"한국과학기술기획평가원, 정기간행물, 과학기술정책, 이슈페이퍼",韩文,机构正式研究,科技创新政策与能力基线,科研体系、研发投入与评价,P2-STI-baseline,https://www.kistep.re.kr/reportAllDetail.es?mid=a10305010000&rpt_no=RES0220200015&rpt_tp=831-002,https://www.kistep.re.kr/reportDownload.es?rpt_no=RES0220200015&seq=res_0026P@2,,,,0,,0,0,官方目录无本地正文,官方目录元数据，附件未列入本批,,2026-08-22
C-KISTEP-RES0220200017,RES0220200017,831-002,정책기획,2020-01-29,W2,혁신성장동력 분야별 현황분석 및 정책고도화 방안 연구,구본진(정책기획본부),"혁신성장동력, 신산업정책, 정책수요, 혁신생태계",韩文,机构正式研究,科技创新政策与能力基线,产业创新、创业与区域体系,P2-STI-baseline,https://www.kistep.re.kr/reportAllDetail.es?mid=a10305010000&rpt_no=RES0220200017&rpt_tp=831-002,https://www.kistep.re.kr/reportDownload.es?rpt_no=RES0220200017&seq=res_0026P@2,,,,0,,0,0,官方目录无本地正文,官方目录元数据，附件未列入本批,,2026-08-22
C-KISTEP-RES0220200018,RES0220200018,831-005,사업조정,2020-01-29,W2,지역 제조업 활성화를 위한 정부 R&D 지원방안 : 대구경북 중심으로,조나현(성장동력사업센터),"지역R&D, 중소중견기업, 네트워크, 산업거래, 정부R&D",韩文,机构正式研究,科技创新政策与能力基线,科研体系、研发投入与评价；产业创新、创业与区域体系,P2-STI-baseline,https://www.kistep.re.kr/reportAllDetail.es?mid=a10305010000&rpt_no=RES0220200018&rpt_tp=831-005,https://www.kistep.re.kr/reportDownload.es?rpt_no=RES0220200018&seq=res_0026P@2,,,,0,,0,0,官方目录无本地正文,官方目录元数据，附件未列入本批,,2026-08-22
C-KISTEP-RES0220200020,RES0220200020,831-001,조사평가,2020-01-29,W2,국가연구개발사업 평가제도 개선 방안 연구-상위평가 및 특정평가를 중심으로,오현환(R&D평가센터),"국가연구개발사업, 평가제도, 사업평가, 특정평가, 특정평가지침",韩文,机构正式研究,科技创新政策与能力基线,科研体系、研发投入与评价,P2-STI-baseline,https://www.kistep.re.kr/reportAllDetail.es?mid=a10305010000&rpt_no=RES0220200020&rpt_tp=831-001,https://www.kistep.re.kr/reportDownload.es?rpt_no=RES0220200020&seq=res_0026P@5,,,,0,,0,0,官方目录无本地正文,官方目录元数据，附件未列入本批,,2026-08-22
C-KISTEP-RES0220200022,RES0220200022,831-002,정책기획,2020-01-29,W2,2019년 과학기술 & ICT 정책·기술 동향 분석,서행아(과학기술정책센터),"글로벌, 과학기술, 정보통신기술, 혁신정책, 동향",韩文,机构正式研究,科技创新政策与能力基线,产业创新、创业与区域体系,P1-global-STI,https://www.kistep.re.kr/reportAllDetail.es?mid=a10305010000&rpt_no=RES0220200022&rpt_tp=831-002,https://www.kistep.re.kr/reportDownload.es?rpt_no=RES0220200022&seq=res_0026P@2,,,,0,,0,0,官方目录无本地正文,官方目录元数据，附件未列入本批,,2026-08-22
C-KISTEP-PRG0720200019,PRG0720200019,831-007,위탁/협동/공동연구보고서,2020-01-31,W2,지역 사회문제 해결을 위한 ‘문제기획 리빙랩’ 운영 방안 기획,전호일(국가과학기술연구회),문제기획 리빙랩 지역 사회문제 이해당사자간 소통,韩文,机构正式研究,科技创新政策与能力基线,产业创新、创业与区域体系,P2-STI-baseline,https://www.kistep.re.kr/reportAllDetail.es?mid=a10305010000&rpt_no=PRG0720200019&rpt_tp=831-007,https://www.kistep.re.kr/reportDownload.es?rpt_no=PRG0720200019&seq=prg_0071P@4,,,,0,,0,0,官方目录无本地正文,官方目录元数据，附件未列入本批,,2026-08-22
C-KISTEP-PRG0720200022,PRG0720200022,831-007,위탁/협동/공동연구보고서,2020-01-31,W2,국가연구개발사업 공동관리규정 체계보완연구,분리보관((사)기술과법 연구소),"공동관리규정, 용역, 제도개선",韩文,机构正式研究,科技创新政策与能力基线,科研体系、研发投入与评价,P2-STI-baseline,https://www.kistep.re.kr/reportAllDetail.es?mid=a10305010000&rpt_no=PRG0720200022&rpt_tp=831-007,https://www.kistep.re.kr/reportDownload.es?rpt_no=PRG0720200022&seq=prg_0071P@5,,,,0,,0,0,官方目录无本地正文,官方目录元数据，附件未列入本批,,2026-08-22
C-KISTEP-RES0220200107,RES0220200107,831-005,사업조정,2020-01-31,W2,정부R&D 20조원 시대의 전략과 혁신주체별 역할 및 생태계 조성 방안 연구(Ⅰ),"이장재, 엄익천(혁신전략연구소)","국가기술혁신체계와 연구개발투자, 과학기술, 혁신주체",韩文,机构正式研究,科技创新政策与能力基线,科研体系、研发投入与评价；产业创新、创业与区域体系,P2-STI-baseline,https://www.kistep.re.kr/reportAllDetail.es?mid=a10305010000&rpt_no=RES0220200107&rpt_tp=831-005,https://www.kistep.re.kr/reportDownload.es?rpt_no=RES0220200107&seq=res_0026P@5,,,,0,,0,0,官方目录无本地正文,官方目录元数据，附件未列入本批,,2026-08-22
C-KISTEP-RES0220200026,RES0220200026,831-003,예비타당성조사,2020-02-03,W2,2019년 R&D사업 예비타당성조사 일관성 제고를 위한 조사 체계 개선 방향 연구,황지호(예비타당성조사1센터),"예비타당성조사, 연구개발사업, 과학기술적 타당성, 정책적 타당성, 경제적 타당성",韩文,机构正式研究,科技创新政策与能力基线,科研体系、研发投入与评价,P2-STI-baseline,https://www.kistep.re.kr/reportAllDetail.es?mid=a10305010000&rpt_no=RES0220200026&rpt_tp=831-003,https://www.kistep.re.kr/reportDownload.es?rpt_no=RES0220200026&seq=res_0026P@2,,,,0,,0,0,官方目录无本地正文,官方目录元数据，附件未列入本批,,2026-08-22
C-KISTEP-RES0220200029,RES0220200029,831-001,조사평가,2020-02-03,W2,KISTEP 통계브리프,이윤빈(혁신정보분석센터),"과학기술통계, 국가연구개발투자, 국가연구개발성과, 경쟁력",韩文,机构正式研究,科技创新政策与能力基线,科研体系、研发投入与评价,P1-global-STI,https://www.kistep.re.kr/reportAllDetail.es?mid=a10305010000&rpt_no=RES0220200029&rpt_tp=831-001,https://www.kistep.re.kr/reportDownload.es?rpt_no=RES0220200029&seq=res_0026P@1,,,,0,,0,0,官方目录无本地正文,官方目录元数据，附件未列入本批,,2026-08-22
C-KISTEP-RES0220200031,RES0220200031,831-002,정책기획,2020-02-03,W2,과학기술 분야 R&D 제도 혁신 기반 연구,"김현민, 서지현(제도혁신센터)","국가연구개발제도, R&D관리, R&D제도, 제도개선, 개정이력",韩文,机构正式研究,科技创新政策与能力基线,科研体系、研发投入与评价；产业创新、创业与区域体系,P2-STI-baseline,https://www.kistep.re.kr/reportAllDetail.es?mid=a10305010000&rpt_no=RES0220200031&rpt_tp=831-002,https://www.kistep.re.kr/reportDownload.es?rpt_no=RES0220200031&seq=res_0026P@2,,,,0,,0,0,官方目录无本地正文,官方目录元数据，附件未列入本批,,2026-08-22
C-KISTEP-RES0220200032,RES0220200032,831-005,사업조정,2020-02-03,W2,수소경제 연계형 주력산업 연구개발 투자전략 연구,김선재(성장동력사업센터),"정부 연구개발,수소,연료전지,제조업,예산심의",韩文,机构正式研究,核心科技直接材料,能源、气候与绿色转型；科研体系、研发投入与评价；产业创新、创业与区域体系,P0-core-tech,https://www.kistep.re.kr/reportAllDetail.es?mid=a10305010000&rpt_no=RES0220200032&rpt_tp=831-005,https://www.kistep.re.kr/reportDownload.es?rpt_no=RES0220200032&seq=res_0026P@2,,,,0,,0,0,官方目录无本地正文,官方目录元数据，附件未列入本批,,2026-08-22
C-KISTEP-RES0220200036,RES0220200036,831-005,사업조정,2020-02-03,W2,2019년도 글로벌 R&D 투자동향 분석,김홍영(사업조정전략센터),"연구개발예산, 투자동향, 과학기술정책, 삶의질",韩文,机构正式研究,科技创新政策与能力基线,科研体系、研发投入与评价,P1-global-STI,https://www.kistep.re.kr/reportAllDetail.es?mid=a10305010000&rpt_no=RES0220200036&rpt_tp=831-005,https://www.kistep.re.kr/reportDownload.es?rpt_no=RES0220200036&seq=res_0026P@4,,,,0,,0,0,官方目录无本地正文,官方目录元数据，附件未列入本批,,2026-08-22
C-KISTEP-RES0220200037,RES0220200037,831-005,사업조정,2020-02-03,W2,정부R&D사업 예산구조 및 예산배분조정 체계 개선방안 연구,김홍영(사업조정전략센터),"정부R&D예산, 정부R&D사업, 예산배분·조정 체계, R&D 예산구조, 정책 제안",韩文,机构正式研究,科技创新政策与能力基线,科研体系、研发投入与评价,P2-STI-baseline,https://www.kistep.re.kr/reportAllDetail.es?mid=a10305010000&rpt_no=RES0220200037&rpt_tp=831-005,https://www.kistep.re.kr/reportDownload.es?rpt_no=RES0220200037&seq=res_0026P@2,,,,0,,0,0,官方目录无本地正文,官方目录元数据，附件未列入本批,,2026-08-22
C-KISTEP-RES0220200038,RES0220200038,831-004,성과확산,2020-02-03,W2,공공R&D 성과실용화 제고를 위한 정책이슈 발굴 및 분석 연구,조현정(성과확산센터),"성과, 실용화, 기술이전, 사업화, 죽음의계곡, 다윈의바다, 공공R&D, 연구자창업",韩文,机构正式研究,科技创新政策与能力基线,科研体系、研发投入与评价；科技人才、大学与知识流动；产业创新、创业与区域体系,P2-STI-baseline,https://www.kistep.re.kr/reportAllDetail.es?mid=a10305010000&rpt_no=RES0220200038&rpt_tp=831-004,https://www.kistep.re.kr/reportDownload.es?rpt_no=RES0220200038&seq=res_0026P@2,,,,0,,0,0,官方目录无本地正文,官方目录元数据，附件未列入本批,,2026-08-22
C-KISTEP-RES0220200023,RES0220200023,831-006,미래예측,2020-02-04,W2,2019년 기술영향평가(소셜 로봇 기술),조아라(기술예측센터)," 기술영향평가, 유망기술, 소셜 로봇, 기술예측, 미래예측",韩文,机构正式研究,核心科技直接材料,科研体系、研发投入与评价；科技前瞻与未来社会,P0-core-tech,https://www.kistep.re.kr/reportAllDetail.es?mid=a10305010000&rpt_no=RES0220200023&rpt_tp=831-006,https://www.kistep.re.kr/reportDownload.es?rpt_no=RES0220200023&seq=res_0026P@4,,,,0,,0,0,官方目录无本地正文,官方目录元数据，附件未列入本批,,2026-08-22
C-KISTEP-RES0220200030,RES0220200030,831-002,정책기획,2020-02-04,W2,2019년 전략적 R&D예산 배분 및 편성을 위한 정책기반 구축에 관한 연구,황지호(R&D예산정책센터),"정부정책, R&D예산, 예산배분, 투자효율화, 네트워크",韩文,机构正式研究,科技创新政策与能力基线,科研体系、研发投入与评价,P2-STI-baseline,https://www.kistep.re.kr/reportAllDetail.es?mid=a10305010000&rpt_no=RES0220200030&rpt_tp=831-002,https://www.kistep.re.kr/reportDownload.es?rpt_no=RES0220200030&seq=res_0026P@2,,,,0,,0,0,官方目录无本地正文,官方目录元数据，附件未列入本批,,2026-08-22
C-KISTEP-RES0220200033,RES0220200033,831-005,사업조정,2020-02-04,W2,국방연구개발 사업 중·장기 계획과 예산 요구의 실효성 확보를 위한 개선방안 연구,안광수(투자기획조정팀),"국방연구개발, 예산편성,성투자 절차, 중·장기 전략, 정책제안",韩文,机构正式研究,科技创新政策与能力基线,科研体系、研发投入与评价,P2-STI-baseline,https://www.kistep.re.kr/reportAllDetail.es?mid=a10305010000&rpt_no=RES0220200033&rpt_tp=831-005,https://www.kistep.re.kr/reportDownload.es?rpt_no=RES0220200033&seq=res_0026P@2,,,,0,,0,0,官方目录无本地正文,官方目录元数据，附件未列入本批,,2026-08-22
C-KISTEP-RES0220200039,RES0220200039,831-001,조사평가,2020-02-04,W2,2019년도 과학기술정책의 과학화 기반구축 연구,이윤빈(혁신정보분석센터),"과학기술정책의 과학화, 증거기반, 방법론 개발, 의사결정 지원, 과학기술정책지원서비스",韩文,机构正式研究,科技创新政策与能力基线,科研体系、研发投入与评价,P2-STI-baseline,https://www.kistep.re.kr/reportAllDetail.es?mid=a10305010000&rpt_no=RES0220200039&rpt_tp=831-001,https://www.kistep.re.kr/reportDownload.es?rpt_no=RES0220200039&seq=res_0026P@2,,,,0,,0,0,官方目录无本地正文,官方目录元数据，附件未列入本批,,2026-08-22
C-KISTEP-RES0220200041,RES0220200041,831-001,조사평가,2020-02-04,W2,연구혁신데이터 구조 및 연계분석을 통한 정책의사결정 활용도 제고방안 연구,이윤빈(혁신정보분석센터)," 연구혁신정책, 데이터, 의사결정, 통계, 마이크로 데이터",韩文,机构正式研究,核心科技直接材料,人工智能、数据与数字技术；产业创新、创业与区域体系,P0-core-tech,https://www.kistep.re.kr/reportAllDetail.es?mid=a10305010000&rpt_no=RES0220200041&rpt_tp=831-001,https://www.kistep.re.kr/reportDownload.es?rpt_no=RES0220200041&seq=res_0026P@2,,,,0,,0,0,官方目录无本地正文,官方目录元数据，附件未列入本批,,2026-08-22
C-KISTEP-RES0220200028,RES0220200028,831-002,정책기획,2020-02-05,W2,2019년 과학기술 기획·조정·평가 국제 네트워크 구축 연구,김진하(국제협력팀),"국제협력, 글로벌, 네트워크, 과학기술혁신, 개도국",韩文,机构正式研究,科技创新政策与能力基线,科研体系、研发投入与评价；产业创新、创业与区域体系；技术安全、供应链与国际合作,P1-global-STI,https://www.kistep.re.kr/reportAllDetail.es?mid=a10305010000&rpt_no=RES0220200028&rpt_tp=831-002,https://www.kistep.re.kr/reportDownload.es?rpt_no=RES0220200028&seq=res_0026P@2,,,,0,,0,0,官方目录无本地正文,官方目录元数据，附件未列入本批,,2026-08-22
C-KISTEP-RES0220200034,RES0220200034,831-005,사업조정,2020-02-05,W2,2019년 기술혁신 아젠다 발굴 및 R&D 투자전략 수립 연구,이길우(성장동력사업센터),"기획역량, 예산배분, 투자전략, 과학기술, 정책 제안",韩文,机构正式研究,科技创新政策与能力基线,科研体系、研发投入与评价；产业创新、创业与区域体系,P2-STI-baseline,https://www.kistep.re.kr/reportAllDetail.es?mid=a10305010000&rpt_no=RES0220200034&rpt_tp=831-005,https://www.kistep.re.kr/reportDownload.es?rpt_no=RES0220200034&seq=res_0026P@3,,,,0,,0,0,官方目录无本地正文,官方目录元数据，附件未列入本批,,2026-08-22
C-KISTEP-RES0220200046,RES0220200046,831-001,조사평가,2020-02-05,W2,2019 과학기술통계백서,이윤빈(혁신정보분석센터),"과학기술, 통계, 지표, 백서, 추세",韩文,机构正式研究,科技创新政策与能力基线,科技创新政策与研究体系,P2-STI-baseline,https://www.kistep.re.kr/reportAllDetail.es?mid=a10305010000&rpt_no=RES0220200046&rpt_tp=831-001,https://www.kistep.re.kr/reportDownload.es?rpt_no=RES0220200046&seq=res_0026P@2,,,,0,,0,0,官方目录无本地正文,官方目录元数据，附件未列入本批,,2026-08-22
C-KISTEP-RES0220200047,RES0220200047,831-001,조사평가,2020-02-05,W2,2019년 지역 과학기술혁신역량평가,"이윤빈, 박정일(혁신정보분석센터)","복합지수, 지역, 혁신역량, 평가, 현황판",韩文,机构正式研究,科技创新政策与能力基线,科研体系、研发投入与评价；产业创新、创业与区域体系,P2-STI-baseline,https://www.kistep.re.kr/reportAllDetail.es?mid=a10305010000&rpt_no=RES0220200047&rpt_tp=831-001,https://www.kistep.re.kr/reportDownload.es?rpt_no=RES0220200047&seq=res_0026P@3,,,,0,,0,0,官方目录无本地正文,官方目录元数据，附件未列入本批,,2026-08-22
C-KISTEP-RES0220200049,RES0220200049,831-005,사업조정,2020-02-07,W2,바이오·의료분야 지능형 연구개발정보데이터 분석시스템의 예산배분·조정 활용기법 연구,유거송(생명기초사업센터),"기계학습, 워드임베딩, 연구개발동향분석, 주제군집화, 데이터사이언스",韩文,机构正式研究,核心科技直接材料,人工智能、数据与数字技术；生命科学、生物技术与健康；科研体系、研发投入与评价,P0-core-tech,https://www.kistep.re.kr/reportAllDetail.es?mid=a10305010000&rpt_no=RES0220200049&rpt_tp=831-005,https://www.kistep.re.kr/reportDownload.es?rpt_no=RES0220200049&seq=res_0026P@1,,,,0,,0,0,官方目录无本地正文,官方目录元数据，附件未列入本批,,2026-08-22
C-KISTEP-RES0220200056,RES0220200056,831-005,사업조정,2020-02-07,W2,공공기관 R&D 투자권고 제도의 실효성 분석 연구,송화연(투자기획조정팀),"공공기관, R&D투자, 권고안, 실효성, 정책제언",韩文,机构正式研究,科技创新政策与能力基线,科研体系、研发投入与评价,P2-STI-baseline,https://www.kistep.re.kr/reportAllDetail.es?mid=a10305010000&rpt_no=RES0220200056&rpt_tp=831-005,https://www.kistep.re.kr/reportDownload.es?rpt_no=RES0220200056&seq=res_0026P@2,,,,0,,0,0,官方目录无本地正文,官方目录元数据，附件未列入本批,,2026-08-22
C-KISTEP-RES0220200011,RES0220200011,831-006,미래예측,2020-02-10,W2,2019년 기술수준평가 -기술수준평가 방법론 개선 연구,안지현(기술예측센터),"기술수준평가, 국가전략기술, 델파이 설문조사, 정량적 분석, 특허 분석",韩文,机构正式研究,核心科技直接材料,半导体、量子与战略技术；科研体系、研发投入与评价,P0-core-tech,https://www.kistep.re.kr/reportAllDetail.es?mid=a10305010000&rpt_no=RES0220200011&rpt_tp=831-006,https://www.kistep.re.kr/reportDownload.es?rpt_no=RES0220200011&seq=res_0026P@4,,,,0,,0,0,官方目录无本地正文,官方目录元数据，附件未列入本批,,2026-08-22
C-KISTEP-RES0220200024,RES0220200024,831-001,조사평가,2020-02-10,W2,2018년도 연구개발활동조사보고서,정민우(NTIS팀),"연구개발비, 연구인력, 공공부문 연구개발, 민간부문 연구개발, 통계",韩文,机构正式研究,科技创新政策与能力基线,科研体系、研发投入与评价；科技人才、大学与知识流动,P2-STI-baseline,https://www.kistep.re.kr/reportAllDetail.es?mid=a10305010000&rpt_no=RES0220200024&rpt_tp=831-001,https://www.kistep.re.kr/reportDownload.es?rpt_no=RES0220200024&seq=res_0026P@4,,,,0,,0,0,官方目录无本地正文,官方目录元数据，附件未列入本批,,2026-08-22
C-KISTEP-RES0220200042,RES0220200042,831-002,정책기획,2020-02-10,W2,2019년 과학기술기반 사회혁신 스코어보드 구축 및 발간 연구,용태석(사회혁신정책센터),"사회혁신, 과학기술, 스코어보드, 지표",韩文,机构正式研究,科技创新政策与能力基线,产业创新、创业与区域体系,P2-STI-baseline,https://www.kistep.re.kr/reportAllDetail.es?mid=a10305010000&rpt_no=RES0220200042&rpt_tp=831-002,https://www.kistep.re.kr/reportDownload.es?rpt_no=RES0220200042&seq=res_0026P@2,,,,0,,0,0,官方目录无本地正文,官方目录元数据，附件未列入本批,,2026-08-22
C-KISTEP-RES0220200045,RES0220200045,831-005,사업조정,2020-02-10,W2,지방대학 연구역량 강화를 위한 정부 대학지원 R&D 사업 개선방안 연구,박석종(R&D예산정책센터),"대학 R&D 지원, 지방 대학, R&D사업 효과, 대학 R&D 역량",韩文,机构正式研究,科技创新政策与能力基线,科研体系、研发投入与评价；科技人才、大学与知识流动,P2-STI-baseline,https://www.kistep.re.kr/reportAllDetail.es?mid=a10305010000&rpt_no=RES0220200045&rpt_tp=831-005,https://www.kistep.re.kr/reportDownload.es?rpt_no=RES0220200045&seq=res_0026P@2,,,,0,,0,0,官方目录无本地正文,官方目录元数据，附件未列入本批,,2026-08-22
C-KISTEP-RES0220200050,RES0220200050,831-002,정책기획,2020-02-10,W2,2019년 지역과학기술산업 스코어보드 구축 및 발간 연구,"이윤빈, 박정일(혁신정보분석센터)","복합지수, 지역, 혁신역량, 평가, 현황판",韩文,机构正式研究,科技创新政策与能力基线,科研体系、研发投入与评价；产业创新、创业与区域体系,P2-STI-baseline,https://www.kistep.re.kr/reportAllDetail.es?mid=a10305010000&rpt_no=RES0220200050&rpt_tp=831-002,https://www.kistep.re.kr/reportDownload.es?rpt_no=RES0220200050&seq=res_0026P@4,,,,0,,0,0,官方目录无本地正文,官方目录元数据，附件未列入本批,,2026-08-22
C-KISTEP-RES0220200051,RES0220200051,831-004,성과확산,2020-02-10,W2,과학기술정책 저널 발간을 통한 KISTEP 전문성 강화 연구,유나리(국제협력팀),"과학기술, 정책, 글로벌, 네트워크, 발간",韩文,机构正式研究,科技创新政策与能力基线,科研体系、研发投入与评价,P1-global-STI,https://www.kistep.re.kr/reportAllDetail.es?mid=a10305010000&rpt_no=RES0220200051&rpt_tp=831-004,https://www.kistep.re.kr/reportDownload.es?rpt_no=RES0220200051&seq=res_0026P@2,,,,0,,0,0,官方目录无本地正文,官方目录元数据，附件未列入本批,,2026-08-22
C-KISTEP-RES0220200053,RES0220200053,831-002,정책기획,2020-02-10,W2,한국형 국가기술혁신체계(NIS) 진단 및 구축방안 연구(I),"이장재, 안승구(혁신전략연구소)","국가기술혁신체계, 기술혁신, 기술혁신 전략, 연구개발 지원 체계, 한국형 국가기술 혁신체계",韩文,机构正式研究,科技创新政策与能力基线,科研体系、研发投入与评价；产业创新、创业与区域体系,P2-STI-baseline,https://www.kistep.re.kr/reportAllDetail.es?mid=a10305010000&rpt_no=RES0220200053&rpt_tp=831-002,https://www.kistep.re.kr/reportDownload.es?rpt_no=RES0220200053&seq=res_0026P@2,,,,0,,0,0,官方目录无本地正文,官方目录元数据，附件未列入本批,,2026-08-22
C-KISTEP-RES0220200054,RES0220200054,831-001,조사평가,2020-02-10,W2,2019년도 국가연구개발사업 상위평가 보고서(종료평가),오현환(R&D평가센터),"종료, 후속, 상위, 자체, 효율성, 최종목표",韩文,机构正式研究,科技创新政策与能力基线,科研体系、研发投入与评价,P2-STI-baseline,https://www.kistep.re.kr/reportAllDetail.es?mid=a10305010000&rpt_no=RES0220200054&rpt_tp=831-001,https://www.kistep.re.kr/reportDownload.es?rpt_no=RES0220200054&seq=res_0026P@3,,,,0,,0,0,官方目录无本地正文,官方目录元数据，附件未列入本批,,2026-08-22
C-KISTEP-RES0220200055,RES0220200055,831-001,조사평가,2020-02-10,W2,선도형 R&D에 적합한 R&D평가제도 개선방안 연구,정지훈(R&D평가센터),"사업평가,기관평가,과제평가,제 4차 국가연구개발 성과평가 기본계획",韩文,机构正式研究,科技创新政策与能力基线,科研体系、研发投入与评价,P2-STI-baseline,https://www.kistep.re.kr/reportAllDetail.es?mid=a10305010000&rpt_no=RES0220200055&rpt_tp=831-001,https://www.kistep.re.kr/reportDownload.es?rpt_no=RES0220200055&seq=res_0026P@3,,,,0,,0,0,官方目录无本地正文,官方目录元数据，附件未列入本批,,2026-08-22
C-KISTEP-RES0220200057,RES0220200057,831-002,정책기획,2020-02-10,W2,2019년 민간혁신스코어보드 구축 및 발간 연구,고윤미(과학기술정책센터),"스코어보드, 지표",韩文,机构正式研究,科技创新政策与能力基线,产业创新、创业与区域体系,P2-STI-baseline,https://www.kistep.re.kr/reportAllDetail.es?mid=a10305010000&rpt_no=RES0220200057&rpt_tp=831-002,https://www.kistep.re.kr/reportDownload.es?rpt_no=RES0220200057&seq=res_0026P@4,,,,0,,0,0,官方目录无本地正文,官方目录元数据，附件未列入本批,,2026-08-22
C-KISTEP-RES0220200058,RES0220200058,831-006,미래예측,2020-02-10,W2,제6회 과학기술예측조사를 위한 사전기획 연구,정의진(기술예측센터),"제6회 과학기술예측조사, 기술예측, 사전기획, 미래기술, 트렌드 분석",韩文,机构正式研究,科技创新政策与能力基线,科技前瞻与未来社会,P2-STI-baseline,https://www.kistep.re.kr/reportAllDetail.es?mid=a10305010000&rpt_no=RES0220200058&rpt_tp=831-006,https://www.kistep.re.kr/reportDownload.es?rpt_no=RES0220200058&seq=res_0026P@2,,,,0,,0,0,官方目录无本地正文,官方目录元数据，附件未列入本批,,2026-08-22
C-KISTEP-RES0220200062,RES0220200062,831-002,정책기획,2020-02-10,W2,국방R&D 진단과 한국형 DARPA 추진방안 연구 (I),"황지호, 손석호(혁신전략연구소)","국방 연구개발,기술혁신,진화적 획득,한국형 DARPA,최첨단 연구개발",韩文,机构正式研究,科技创新政策与能力基线,科研体系、研发投入与评价；产业创新、创业与区域体系,P2-STI-baseline,https://www.kistep.re.kr/reportAllDetail.es?mid=a10305010000&rpt_no=RES0220200062&rpt_tp=831-002,https://www.kistep.re.kr/reportDownload.es?rpt_no=RES0220200062&seq=res_0026P@6,,,,0,,0,0,官方目录无本地正文,官方目录元数据，附件未列入本批,,2026-08-22
C-KISTEP-RES0220200063,RES0220200063,831-004,성과확산,2020-02-10,W2,연구개발투자의 파급효과와 성과평가체계 종합분석 연구(Ⅰ),류영수(혁신전략연구소),"연구개발, 투자, 파급효과, 평가체계, 종합분석",韩文,机构正式研究,科技创新政策与能力基线,科研体系、研发投入与评价,P2-STI-baseline,https://www.kistep.re.kr/reportAllDetail.es?mid=a10305010000&rpt_no=RES0220200063&rpt_tp=831-004,https://www.kistep.re.kr/reportDownload.es?rpt_no=RES0220200063&seq=res_0026P@2,,,,0,,0,0,官方目录无本地正文,官方目录元数据，附件未列入本批,,2026-08-22
C-KISTEP-RES0220200064,RES0220200064,831-001,조사평가,2020-02-10,W2,2019년도 과학기술정보통신부 직할 출연(연) 평가- 기관평가 및 평가제도개선에 관한 연구,김선교(기관평가팀)," 국가평가체제, 정부출연연구기관, 성과지표, 기관평가",韩文,机构正式研究,科技创新政策与能力基线,科研体系、研发投入与评价,P2-STI-baseline,https://www.kistep.re.kr/reportAllDetail.es?mid=a10305010000&rpt_no=RES0220200064&rpt_tp=831-001,https://www.kistep.re.kr/reportDownload.es?rpt_no=RES0220200064&seq=res_0026P@10,,,,0,,0,0,官方目录无本地正文,官方目录元数据，附件未列入本批,,2026-08-22
C-KISTEP-RES0220200048,RES0220200048,831-001,조사평가,2020-02-11,W2,2020년 국가 과학기술혁신역량평가 연구,김선경(혁신정보분석센터),"혁신역량, 과학기술, 복합지표",韩文,机构正式研究,科技创新政策与能力基线,科研体系、研发投入与评价；产业创新、创业与区域体系,P2-STI-baseline,https://www.kistep.re.kr/reportAllDetail.es?mid=a10305010000&rpt_no=RES0220200048&rpt_tp=831-001,https://www.kistep.re.kr/reportDownload.es?rpt_no=RES0220200048&seq=res_0026P@2,,,,0,,0,0,官方目录无本地正文,官方目录元数据，附件未列入本批,,2026-08-22
C-KISTEP-RES0220200052,RES0220200052,831-004,성과확산,2020-02-11,W2,국가연구개발 성과 관리·활용체계 고도화 방안 연구,이종선(성과확산센터),"연구성과, 성과관리활용, 전담기관",韩文,机构正式研究,科技创新政策与能力基线,科研体系、研发投入与评价,P2-STI-baseline,https://www.kistep.re.kr/reportAllDetail.es?mid=a10305010000&rpt_no=RES0220200052&rpt_tp=831-004,https://www.kistep.re.kr/reportDownload.es?rpt_no=RES0220200052&seq=res_0026P@3,,,,0,,0,0,官方目录无本地正文,官方目录元数据，附件未列入本批,,2026-08-22
C-KISTEP-PRG0720210020,PRG0720210020,831-007,위탁/협동/공동연구보고서,2020-02-14,W2,과기정통부 기관평가 제도 개편에 따른 평가 적용 방안 연구,박상욱(서울대학교 산학협력단),,韩文,机构正式研究,科技创新政策与能力基线,科研体系、研发投入与评价,P2-STI-baseline,https://www.kistep.re.kr/reportAllDetail.es?mid=a10305010000&rpt_no=PRG0720210020&rpt_tp=831-007,https://www.kistep.re.kr/reportDownload.es?rpt_no=PRG0720210020&seq=prg_0071P@4,,,,0,,0,0,官方目录无本地正文,官方目录元数据，附件未列入本批,,2026-08-22
C-KISTEP-RES0220200061,RES0220200061,831-002,정책기획,2020-02-14,W2,고령사회의 과기인력 확보 방안 연구: 잠재인력의 활용을 중심으로,주혜정(인재정책센터),"과학기술 인력, 인구 고령화, 여성 인재, 해외 인재, 평생교육",韩文,机构正式研究,科技创新政策与能力基线,科技人才、大学与知识流动,P1-global-STI,https://www.kistep.re.kr/reportAllDetail.es?mid=a10305010000&rpt_no=RES0220200061&rpt_tp=831-002,https://www.kistep.re.kr/reportDownload.es?rpt_no=RES0220200061&seq=res_0026P@2,,,,0,,0,0,官方目录无本地正文,官方目录元数据，附件未列入本批,,2026-08-22
C-KISTEP-RES0220200067,RES0220200067,831-001,조사평가,2020-02-14,W2,2019년도 예비타당성조사 요구 국가연구개발사업 예타 대상선정(기술성평가),오현환(R&D평가센터),"국가연구개발사업, 기술성평가, 예비타당성조사",韩文,机构正式研究,科技创新政策与能力基线,科研体系、研发投入与评价,P2-STI-baseline,https://www.kistep.re.kr/reportAllDetail.es?mid=a10305010000&rpt_no=RES0220200067&rpt_tp=831-001,https://www.kistep.re.kr/reportDownload.es?rpt_no=RES0220200067&seq=res_0026P@5,,,,0,,0,0,官方目录无本地正文,官方目录元数据，附件未列入本批,,2026-08-22
C-KISTEP-RES0220200068,RES0220200068,831-001,조사평가,2020-02-14,W2,2018년도 국가연구개발사업 성과분석,김행미(혁신정보분석센터),"국가연구개발사업, 성과분석, SCIE논문분석",韩文,机构正式研究,科技创新政策与能力基线,科研体系、研发投入与评价,P2-STI-baseline,https://www.kistep.re.kr/reportAllDetail.es?mid=a10305010000&rpt_no=RES0220200068&rpt_tp=831-001,https://www.kistep.re.kr/reportDownload.es?rpt_no=RES0220200068&seq=res_0026P@8,,,,0,,0,0,官方目录无本地正文,官方目录元数据，附件未列入本批,,2026-08-22
C-KISTEP-RES0220200070,RES0220200070,831-002,정책기획,2020-02-14,W2,과학기술혁신정책 핵심이슈 발굴 및 인텔리전스 기능 강화 연구,변순천(과학기술정책센터),"과학기술혁신, 혁신정책, 인텔리전스, 혁신, 아젠다",韩文,机构正式研究,科技创新政策与能力基线,产业创新、创业与区域体系,P2-STI-baseline,https://www.kistep.re.kr/reportAllDetail.es?mid=a10305010000&rpt_no=RES0220200070&rpt_tp=831-002,https://www.kistep.re.kr/reportDownload.es?rpt_no=RES0220200070&seq=res_0026P@2,,,,0,,0,0,官方目录无本地正文,官方目录元数据，附件未列入本批,,2026-08-22
C-KISTEP-RES0220200071,RES0220200071,831-006,미래예측,2020-02-14,W2,과학기술기획 및 혁신정책 활용도 제고를 위한 KISTEP 미래예측 역할 재정립 연구,최문정(기술예측센터),"과학기술기획, 과학기술예측조사, 기술영향평가, 기술수준평가, 국가과학기술표준분류체계",韩文,机构正式研究,科技创新政策与能力基线,科研体系、研发投入与评价；产业创新、创业与区域体系；科技前瞻与未来社会,P2-STI-baseline,https://www.kistep.re.kr/reportAllDetail.es?mid=a10305010000&rpt_no=RES0220200071&rpt_tp=831-006,https://www.kistep.re.kr/reportDownload.es?rpt_no=RES0220200071&seq=res_0026P@2,,,,0,,0,0,官方目录无本地正文,官方目录元数据，附件未列入本批,,2026-08-22
C-KISTEP-RES0220200076,RES0220200076,831-002,정책기획,2020-02-18,W2,2019년도 혁신성장동력 실증기획지원사업,정선민(미래성장정책센터),"혁신성장동력, 실증기획, 과제기획",韩文,机构正式研究,科技创新政策与能力基线,产业创新、创业与区域体系,P2-STI-baseline,https://www.kistep.re.kr/reportAllDetail.es?mid=a10305010000&rpt_no=RES0220200076&rpt_tp=831-002,https://www.kistep.re.kr/reportDownload.es?rpt_no=RES0220200076&seq=res_0026P@2,,,,0,,0,0,官方目录无本地正文,官方目录元数据，附件未列入本批,,2026-08-22
C-KISTEP-RES0220200066,RES0220200066,831-005,사업조정,2020-02-19,W2,정부 R&D 투자전략 수립 연구: 소재·부품·장비 분야 중심으로,유종태(투자기획조정팀),"소재·부품·장비, 정부 R&D 투자, 투자 전략, 투자 기획, R&D 예산",韩文,机构正式研究,科技创新政策与能力基线,科研体系、研发投入与评价,P2-STI-baseline,https://www.kistep.re.kr/reportAllDetail.es?mid=a10305010000&rpt_no=RES0220200066&rpt_tp=831-005,https://www.kistep.re.kr/reportDownload.es?rpt_no=RES0220200066&seq=res_0026P@3,,,,0,,0,0,官方目录无本地正文,官方目录元数据，附件未列入本批,,2026-08-22
C-KISTEP-RES0220200077,RES0220200077,831-001,조사평가,2020-02-19,W2,2019년 국가연구개발 성과평가 정책 수립 및 평가 실시,오현환(R&D평가센터),"성과평가 정책 수립, 특정평가, 종료평가, 추적평가, 기술성평가",韩文,机构正式研究,科技创新政策与能力基线,科研体系、研发投入与评价,P2-STI-baseline,https://www.kistep.re.kr/reportAllDetail.es?mid=a10305010000&rpt_no=RES0220200077&rpt_tp=831-001,https://www.kistep.re.kr/reportDownload.es?rpt_no=RES0220200077&seq=res_0026P@3,,,,0,,0,0,官方目录无本地正文,官方目录元数据，附件未列入本批,,2026-08-22
C-KISTEP-RES0220200073,RES0220200073,831-002,정책기획,2020-02-20,W2,2019년 과학기술인력(HRST) 스코어보드,김지홍(인재정책센터),"과학기술인력, 스코어보드, 지표, 지수",韩文,机构正式研究,科技创新政策与能力基线,科技人才、大学与知识流动,P2-STI-baseline,https://www.kistep.re.kr/reportAllDetail.es?mid=a10305010000&rpt_no=RES0220200073&rpt_tp=831-002,https://www.kistep.re.kr/reportDownload.es?rpt_no=RES0220200073&seq=res_0026P@4,,,,0,,0,0,官方目录无本地正文,官方目录元数据，附件未列入本批,,2026-08-22
C-KISTEP-RES0220200060,RES0220200060,831-002,정책기획,2020-02-24,W2,제2차 과학기술기반 국민생활(사회)문제해결 종합계획의 추진과제 이행 및 사회문제해결 기반 고도화 연구,이승규(사회혁신정책센터),"과학기술 기반 사회문제 해결, 사회문제해결형 R&D사업, 삶의 질, 국민행복, 종합계획",韩文,机构正式研究,科技创新政策与能力基线,科技创新政策与研究体系,P2-STI-baseline,https://www.kistep.re.kr/reportAllDetail.es?mid=a10305010000&rpt_no=RES0220200060&rpt_tp=831-002,https://www.kistep.re.kr/reportDownload.es?rpt_no=RES0220200060&seq=res_0026P@4,,,,0,,0,0,官方目录无本地正文,官方目录元数据，附件未列入本批,,2026-08-22
C-KISTEP-RES0220200089,RES0220200089,831-002,정책기획,2020-02-24,W2,2019년 지방과학기술통계 조사,김동현(지역정책팀),"지역, 지역혁신체계, 지방과학기술, 지역 연구개발, 지역R&D실태조사",韩文,机构正式研究,科技创新政策与能力基线,科研体系、研发投入与评价；产业创新、创业与区域体系,P2-STI-baseline,https://www.kistep.re.kr/reportAllDetail.es?mid=a10305010000&rpt_no=RES0220200089&rpt_tp=831-002,https://www.kistep.re.kr/reportDownload.es?rpt_no=RES0220200089&seq=res_0026P@4,,,,0,,0,0,官方目录无本地正文,官方目录元数据，附件未列入本批,,2026-08-22
C-KISTEP-RES0220200012,RES0220200012,831-006,미래예측,2020-02-27,W2,2020년 KISTEP 미래유망기술 선정에 관한 연구,안지현(기술예측센터),"기술예측, 유망기술, 미래기술, 미래사회, 과학기술",韩文,机构正式研究,科技创新政策与能力基线,科技前瞻与未来社会,P2-STI-baseline,https://www.kistep.re.kr/reportAllDetail.es?mid=a10305010000&rpt_no=RES0220200012&rpt_tp=831-006,https://www.kistep.re.kr/reportDownload.es?rpt_no=RES0220200012&seq=res_0026P@2,,,,0,,0,0,官方目录无本地正文,官方目录元数据，附件未列入本批,,2026-08-22
C-KISTEP-RES0220200094,RES0220200094,831-003,예비타당성조사,2020-02-27,W2,2019년도 예비타당성조사 보고서 제조장비시스템 스마트 이노베이션 기술개발사업,황지호(예비타당성조사1센터),"제조장비, 글로벌가치사슬, 전방산업, 스마트화, 장비경쟁력",韩文,机构正式研究,科技创新政策与能力基线,科研体系、研发投入与评价；产业创新、创业与区域体系,P1-global-STI,https://www.kistep.re.kr/reportAllDetail.es?mid=a10305010000&rpt_no=RES0220200094&rpt_tp=831-003,https://www.kistep.re.kr/reportDownload.es?rpt_no=RES0220200094&seq=res_0026P@2,,,,0,,0,0,官方目录无本地正文,官方目录元数据，附件未列入本批,,2026-08-22
C-KISTEP-RES0220200096,RES0220200096,831-003,예비타당성조사,2020-02-27,W2,2019년도 예비타당성조사 보고서 차세대 쇄빙연구선 건조사업,황지호(예비타당성조사1센터),"쇄빙연구선, 극지연구, 선박설계, 기후변화, 아라온호",韩文,机构正式研究,科技创新政策与能力基线,能源、气候与绿色转型；科研体系、研发投入与评价,P2-STI-baseline,https://www.kistep.re.kr/reportAllDetail.es?mid=a10305010000&rpt_no=RES0220200096&rpt_tp=831-003,https://www.kistep.re.kr/reportDownload.es?rpt_no=RES0220200096&seq=res_0026P@2,,,,0,,0,0,官方目录无本地正文,官方目录元数据，附件未列入本批,,2026-08-22
C-KISTEP-RES0220200097,RES0220200097,831-002,정책기획,2020-02-27,W2,2019년도 예비타당성조사 보고서 환경성질환 예방관리 핵심 기술개발사업,황지호(예비타당성조사1센터),"환경성질환, 환경유해인자, 상관성규명, 추적평가기술, 예방관리기술",韩文,机构正式研究,科技创新政策与能力基线,科研体系、研发投入与评价,P2-STI-baseline,https://www.kistep.re.kr/reportAllDetail.es?mid=a10305010000&rpt_no=RES0220200097&rpt_tp=831-002,https://www.kistep.re.kr/reportDownload.es?rpt_no=RES0220200097&seq=res_0026P@2,,,,0,,0,0,官方目录无本地正文,官方目录元数据，附件未列入本批,,2026-08-22
C-KISTEP-RES0220200103,RES0220200103,831-005,사업조정,2020-02-27,W2,농림식품 R&D 전략분야 도출 및 투자 우선순위 설정에 관한 연구,박지현(생명기초사업센터),"정부 연구개발, 농림식품, 연구개발 포트폴리오, 우선순위, 연구개발 투자전략",韩文,机构正式研究,科技创新政策与能力基线,科研体系、研发投入与评价,P2-STI-baseline,https://www.kistep.re.kr/reportAllDetail.es?mid=a10305010000&rpt_no=RES0220200103&rpt_tp=831-005,https://www.kistep.re.kr/reportDownload.es?rpt_no=RES0220200103&seq=res_0026P@2,,,,0,,0,0,官方目录无本地正文,官方目录元数据，附件未列入本批,,2026-08-22
C-KISTEP-PRG0720200040,PRG0720200040,831-007,위탁/협동/공동연구보고서,2020-02-28,W2,이공계지원 특별법 개정 방안 연구,분리보관((사)한국지역정보화학회),,韩文,机构正式研究,科技创新政策与能力基线,科技创新政策与研究体系,P2-STI-baseline,https://www.kistep.re.kr/reportAllDetail.es?mid=a10305010000&rpt_no=PRG0720200040&rpt_tp=831-007,https://www.kistep.re.kr/reportDownload.es?rpt_no=PRG0720200040&seq=prg_0071P@5,,,,0,,0,0,官方目录无本地正文,官方目录元数据，附件未列入本批,,2026-08-22
C-KISTEP-RES0220200105,RES0220200105,831-002,정책기획,2020-02-28,W2,과학기술 정책 인큐베이팅 및 정책포럼 구성 운영,최창택(과학기술정책센터),"정책, 포럼, 정책 인큐베이팅, 연구개발사업, 출연연구소",韩文,机构正式研究,科技创新政策与能力基线,科研体系、研发投入与评价,P2-STI-baseline,https://www.kistep.re.kr/reportAllDetail.es?mid=a10305010000&rpt_no=RES0220200105&rpt_tp=831-002,https://www.kistep.re.kr/reportDownload.es?rpt_no=RES0220200105&seq=res_0026P@3,,,,0,,0,0,官方目录无本地正文,官方目录元数据，附件未列入本批,,2026-08-22
C-KISTEP-RES0220200106,RES0220200106,831-006,미래예측,2020-02-28,W2,2019년 국가과학기술표준분류체계의 개선 및 활용기반 구축,이상남(기술예측센터),"과학기술, 표준분류체계, 개정수요, 적합성 평가, 융합연구",韩文,机构正式研究,科技创新政策与能力基线,科研体系、研发投入与评价,P2-STI-baseline,https://www.kistep.re.kr/reportAllDetail.es?mid=a10305010000&rpt_no=RES0220200106&rpt_tp=831-006,https://www.kistep.re.kr/reportDownload.es?rpt_no=RES0220200106&seq=res_0026P@2,,,,0,,0,0,官方目录无本地正文,官方目录元数据，附件未列入本批,,2026-08-22
C-KISTEP-RES0220200108,RES0220200108,831-001,조사평가,2020-03-03,W2,국가연구개발사업 간접비 산출 및 제도 운영에 관한 연구,구명회(제도혁신센터),"국가연구개발사업, 비영리법인, 간접비 비율산출",韩文,机构正式研究,科技创新政策与能力基线,科研体系、研发投入与评价,P2-STI-baseline,https://www.kistep.re.kr/reportAllDetail.es?mid=a10305010000&rpt_no=RES0220200108&rpt_tp=831-001,https://www.kistep.re.kr/reportDownload.es?rpt_no=RES0220200108&seq=res_0026P@3,,,,0,,0,0,官方目录无本地正文,官方目录元数据，附件未列入本批,,2026-08-22
C-KISTEP-RES0220200109,RES0220200109,831-001,조사평가,2020-03-03,W2,2019년도 과학기술분야 출연연구기관 상위평가 보고서,오현환(R&D평가센터),"출연연구기관, 자체평가, 상위평가",韩文,机构正式研究,科技创新政策与能力基线,科研体系、研发投入与评价,P2-STI-baseline,https://www.kistep.re.kr/reportAllDetail.es?mid=a10305010000&rpt_no=RES0220200109&rpt_tp=831-001,https://www.kistep.re.kr/reportDownload.es?rpt_no=RES0220200109&seq=res_0026P@4,,,,0,,0,0,官方目录无本地正文,官方目录元数据，附件未列入本批,,2026-08-22
C-KISTEP-RES0220200110,RES0220200110,831-002,정책기획,2020-03-03,W2,연구현장중심의 국가연구개발사업 제도개선에 관한 연구,김현민(제도혁신센터),"공동관리규정, 국가R&D 제재조치, R&D도우미센터, 기술료, 연구활동 지원역량평가",韩文,机构正式研究,科技创新政策与能力基线,科研体系、研发投入与评价；技术安全、供应链与国际合作,P2-STI-baseline,https://www.kistep.re.kr/reportAllDetail.es?mid=a10305010000&rpt_no=RES0220200110&rpt_tp=831-002,https://www.kistep.re.kr/reportDownload.es?rpt_no=RES0220200110&seq=res_0026P@3,,,,0,,0,0,官方目录无本地正文,官方目录元数据，附件未列入本批,,2026-08-22
C-KISTEP-RES0220200113,RES0220200113,831-002,정책기획,2020-03-05,W2,미래인재특별위원회 운영 지원,이원홍(인재정책센터),"미래인재, 교육, 과학기술, 혁신, 인력정책",韩文,机构正式研究,科技创新政策与能力基线,科技人才、大学与知识流动；产业创新、创业与区域体系；科技前瞻与未来社会,P2-STI-baseline,https://www.kistep.re.kr/reportAllDetail.es?mid=a10305010000&rpt_no=RES0220200113&rpt_tp=831-002,https://www.kistep.re.kr/reportDownload.es?rpt_no=RES0220200113&seq=res_0026P@3,,,,0,,0,0,官方目录无本地正文,官方目录元数据，附件未列入本批,,2026-08-22
C-KISTEP-RES0220200114,RES0220200114,831-002,정책기획,2020-03-06,W2,2019년도 혁신성장동력 기획·관리 및 운영,신동평(미래성장정책센터),"혁신성장동력, 시행계획, 성과분석, 성과활용·확산, 추진체계 운영",韩文,机构正式研究,科技创新政策与能力基线,科研体系、研发投入与评价；产业创新、创业与区域体系,P2-STI-baseline,https://www.kistep.re.kr/reportAllDetail.es?mid=a10305010000&rpt_no=RES0220200114&rpt_tp=831-002,https://www.kistep.re.kr/reportDownload.es?rpt_no=RES0220200114&seq=res_0026P@3,,,,0,,0,0,官方目录无本地正文,官方目录元数据，附件未列入本批,,2026-08-22
C-KISTEP-RES0220200025,RES0220200025,831-002,정책기획,2020-03-09,W2,2019년 다부처협력특위 운영,김수연(미래성장정책센터),"다부처, 특별위원회, 부처 협력",韩文,机构正式研究,科技创新政策与能力基线,科技创新政策与研究体系,P1-global-STI,https://www.kistep.re.kr/reportAllDetail.es?mid=a10305010000&rpt_no=RES0220200025&rpt_tp=831-002,https://www.kistep.re.kr/reportDownload.es?rpt_no=RES0220200025&seq=res_0026P@3,,,,0,,0,0,官方目录无本地正文,官方目录元数据，附件未列入本批,,2026-08-22
C-KISTEP-RES0220200127,RES0220200127,831-006,미래예측,2020-03-09,W2,국가과학기술표준분류체계와 유관기술분류체계 연계 기반 구축,이상남(기술예측센터),"과학기술, 표준분류체계, 연계 방안 검토, 유관기술분류체계",韩文,机构正式研究,科技创新政策与能力基线,科技创新政策与研究体系,P2-STI-baseline,https://www.kistep.re.kr/reportAllDetail.es?mid=a10305010000&rpt_no=RES0220200127&rpt_tp=831-006,https://www.kistep.re.kr/reportDownload.es?rpt_no=RES0220200127&seq=res_0026P@3,,,,0,,0,0,官方目录无本地正文,官方目录元数据，附件未列入本批,,2026-08-22
C-KISTEP-RES0220200126,RES0220200126,831-002,정책기획,2020-03-11,W2,지방과학기술진흥협의회 운영 효율화,김동현(지역정책팀),"지방과학기술진흥협의회, 지방R&D정책, 지방R&D예산, 지역R&D 체계, 지자체 R&D역량",韩文,机构正式研究,科技创新政策与能力基线,产业创新、创业与区域体系,P2-STI-baseline,https://www.kistep.re.kr/reportAllDetail.es?mid=a10305010000&rpt_no=RES0220200126&rpt_tp=831-002,https://www.kistep.re.kr/reportDownload.es?rpt_no=RES0220200126&seq=res_0026P@1,,,,0,,0,0,官方目录无本地正文,官方目录元数据，附件未列入本批,,2026-08-22
C-KISTEP-RES0220200128,RES0220200128,831-002,정책기획,2020-03-11,W2,국가연구개발 통합 법제 연구,이재훈(제도혁신센터),"국가연구개발사업, 연구개발과제, 과학기술기본법, 공동관리규정, 국가연구개발사업 관리 등에 관한 규정, 제도개선, 특별법, 연구개발특별법",韩文,机构正式研究,科技创新政策与能力基线,科研体系、研发投入与评价,P2-STI-baseline,https://www.kistep.re.kr/reportAllDetail.es?mid=a10305010000&rpt_no=RES0220200128&rpt_tp=831-002,https://www.kistep.re.kr/reportDownload.es?rpt_no=RES0220200128&seq=res_0026P@2,,,,0,,0,0,官方目录无本地正文,官方目录元数据，附件未列入本批,,2026-08-22
C-KISTEP-RES0220200131,RES0220200131,831-001,조사평가,2020-03-11,W2,연구관리전문기관 체계 개선방안 연구,김현민(제도혁신센터),"연구관리전문기관, R&D 투자 효율화, 전문기관 효율화 특별위원회",韩文,机构正式研究,科技创新政策与能力基线,科研体系、研发投入与评价,P2-STI-baseline,https://www.kistep.re.kr/reportAllDetail.es?mid=a10305010000&rpt_no=RES0220200131&rpt_tp=831-001,https://www.kistep.re.kr/reportDownload.es?rpt_no=RES0220200131&seq=res_0026P@5,,,,0,,0,0,官方目录无本地正文,官方目录元数据，附件未列入本批,,2026-08-22
C-KISTEP-RES0220200129,RES0220200129,831-002,정책기획,2020-03-13,W2,2019년 과학기술정책 Scoreboard,변순천(과학기술정책센터),"과학기술정책, 과학기술혁신정책, 인식조사, 스코어보드, 지표",韩文,机构正式研究,科技创新政策与能力基线,科研体系、研发投入与评价；产业创新、创业与区域体系,P2-STI-baseline,https://www.kistep.re.kr/reportAllDetail.es?mid=a10305010000&rpt_no=RES0220200129&rpt_tp=831-002,https://www.kistep.re.kr/reportDownload.es?rpt_no=RES0220200129&seq=res_0026P@2,,,,0,,0,0,官方目录无本地正文,官方目录元数据，附件未列入本批,,2026-08-22
C-KISTEP-RES0220200132,RES0220200132,831-002,정책기획,2020-03-13,W2,2019년 산학연협력 스코어보드,김진용(미래성장정책센터),"산학연, 협력, 스코어보드",韩文,机构正式研究,科技创新政策与能力基线,科技创新政策与研究体系,P1-global-STI,https://www.kistep.re.kr/reportAllDetail.es?mid=a10305010000&rpt_no=RES0220200132&rpt_tp=831-002,https://www.kistep.re.kr/reportDownload.es?rpt_no=RES0220200132&seq=res_0026P@2,,,,0,,0,0,官方目录无本地正文,官方目录元数据，附件未列入本批,,2026-08-22
C-KISTEP-RES0220200065,RES0220200065,831-002,정책기획,2020-03-16,W2,국가연구개발(R&D) 연구윤리 재정립 및 제도개선에 관한 연구,서지현(제도혁신센터),"연구윤리, 국가R&D, 제도개선, 과학기술",韩文,机构正式研究,科技创新政策与能力基线,科研体系、研发投入与评价,P2-STI-baseline,https://www.kistep.re.kr/reportAllDetail.es?mid=a10305010000&rpt_no=RES0220200065&rpt_tp=831-002,https://www.kistep.re.kr/reportDownload.es?rpt_no=RES0220200065&seq=res_0026P@5,,,,0,,0,0,官方目录无本地正文,官方目录元数据，附件未列入本批,,2026-08-22
C-KISTEP-RES0220200134,RES0220200134,831-002,정책기획,2020-03-16,W2,2019년 국가 과학기술 현황 종합 인식조사에 대한 연구,김승태(과학기술정책센터),"종합 인식조사, 국가 과학기술, 인식지표, 과학기술 정책, 과학기술 기본계획",韩文,机构正式研究,科技创新政策与能力基线,科技创新政策与研究体系,P2-STI-baseline,https://www.kistep.re.kr/reportAllDetail.es?mid=a10305010000&rpt_no=RES0220200134&rpt_tp=831-002,https://www.kistep.re.kr/reportDownload.es?rpt_no=RES0220200134&seq=res_0026P@2,,,,0,,0,0,官方目录无本地正文,官方目录元数据，附件未列入本批,,2026-08-22
C-KISTEP-RES0220200135,RES0220200135,831-002,정책기획,2020-03-18,W2,국가과학기술자문회의 심의회의 과학기술분야 종합조정기능 강화 방안,고윤미(과학기술정책센터),"국가과학기술자문회의 심의회의, 운영위원회, 정책조정전문위원회, 중소기업전문위원회, 소재･부품･장비 기술 특별위원회, 소재･부품･장비 정책제도 실무위원회",韩文,机构正式研究,科技创新政策与能力基线,产业创新、创业与区域体系,P2-STI-baseline,https://www.kistep.re.kr/reportAllDetail.es?mid=a10305010000&rpt_no=RES0220200135&rpt_tp=831-002,https://www.kistep.re.kr/reportDownload.es?rpt_no=RES0220200135&seq=res_0026P@2,,,,0,,0,0,官方目录无本地正文,官方目录元数据，附件未列入本批,,2026-08-22
C-KISTEP-RES0220200136,RES0220200136,831-001,조사평가,2020-03-23,W2,2019년 지역 R&D체계 발전 방향에 관한 연구,김성진(지역정책팀),"지역혁신체제, 지역R&D정책, 지역연구개발, 주요국 정책동향, 지방과학기술",韩文,机构正式研究,科技创新政策与能力基线,科研体系、研发投入与评价；产业创新、创业与区域体系,P2-STI-baseline,https://www.kistep.re.kr/reportAllDetail.es?mid=a10305010000&rpt_no=RES0220200136&rpt_tp=831-001,https://www.kistep.re.kr/reportDownload.es?rpt_no=RES0220200136&seq=res_0026P@2,,,,0,,0,0,官方目录无本地正文,官方目录元数据，附件未列入本批,,2026-08-22
C-KISTEP-RES0220200138,RES0220200138,831-001,조사평가,2020-03-23,W2,범부처 R&D 관리 규정·지침 표준화 방안 마련,김현민(제도혁신센터),"범부처, 국가연구개발사업, 연구관리매뉴얼",韩文,机构正式研究,科技创新政策与能力基线,科研体系、研发投入与评价,P2-STI-baseline,https://www.kistep.re.kr/reportAllDetail.es?mid=a10305010000&rpt_no=RES0220200138&rpt_tp=831-001,https://www.kistep.re.kr/reportDownload.es?rpt_no=RES0220200138&seq=res_0026P@3,,,,0,,0,0,官方目录无本地正文,官方目录元数据，附件未列入本批,,2026-08-22
C-KISTEP-RES0220200140,RES0220200140,831-002,정책기획,2020-03-24,W2,2019년 기초연구진흥협의회 운영 지원,고윤미(과학기술정책센터),"기초연구, 정책, 투자",韩文,机构正式研究,科技创新政策与能力基线,科研体系、研发投入与评价,P2-STI-baseline,https://www.kistep.re.kr/reportAllDetail.es?mid=a10305010000&rpt_no=RES0220200140&rpt_tp=831-002,https://www.kistep.re.kr/reportDownload.es?rpt_no=RES0220200140&seq=res_0026P@2,C:\Users\WINDOWS\OneDrive\知识库\智库信息爬虫\国际主要科技智库观点演变_研判\03_证据底稿\原文PDF\C-KISTEP-RES0220200140.pdf,C:\Users\WINDOWS\OneDrive\知识库\智库信息爬虫\国际主要科技智库观点演变_研判\03_证据底稿\文本\C-KISTEP-RES0220200140.txt,C:\Users\WINDOWS\OneDrive\知识库\智库信息爬虫\国际主要科技智库观点演变_研判\03_证据底稿\切片\C-KISTEP-RES0220200140.md,56839488,6ffbe94cbdfbdb43a3e0be3c60ed216c0c3df48224223e1ca7db808c78e949b9,124,79653,韩文OCR可检索文本,官方PDF已保存并完成韩文OCR,,2026-08-22
C-KISTEP-RES0220200139,RES0220200139,831-002,정책기획,2020-03-26,W2,혁신성장동력 전주기 관리체계 고도화 연구,조길수(미래성장정책센터),혁신성장동력; 관리체계; 신규분야; 추진체계; 평가 가이드라인,韩文,机构正式研究,科技创新政策与能力基线,科研体系、研发投入与评价；产业创新、创业与区域体系,P2-STI-baseline,https://www.kistep.re.kr/reportAllDetail.es?mid=a10305010000&rpt_no=RES0220200139&rpt_tp=831-002,https://www.kistep.re.kr/reportDownload.es?rpt_no=RES0220200139&seq=res_0026P@2,,,,0,,0,0,官方目录无本地正文,官方目录元数据，附件未列入本批,,2026-08-22
C-KISTEP-RES0220200141,RES0220200141,831-002,정책기획,2020-03-26,W2,이공계 인력의 국내외 유출입 수지와 실태,유준우(인재정책센터),"유출입 수지, 이공계 인력, 실태, 두뇌유출, 두뇌유입",韩文,机构正式研究,科技创新政策与能力基线,科技人才、大学与知识流动,P2-STI-baseline,https://www.kistep.re.kr/reportAllDetail.es?mid=a10305010000&rpt_no=RES0220200141&rpt_tp=831-002,https://www.kistep.re.kr/reportDownload.es?rpt_no=RES0220200141&seq=res_0026P@2,,,,0,,0,0,官方目录无本地正文,官方目录元数据，附件未列入本批,,2026-08-22
C-KISTEP-RES0220200146,RES0220200146,831-002,정책기획,2020-03-30,W2,과학기술기본계획 시행계획 수립 및 국가R&D 혁신 실행력 제고 연구,최동혁(과학기술정책센터),"과학기술, 기본계획, 시행계획, 실적점검",韩文,机构正式研究,科技创新政策与能力基线,产业创新、创业与区域体系,P2-STI-baseline,https://www.kistep.re.kr/reportAllDetail.es?mid=a10305010000&rpt_no=RES0220200146&rpt_tp=831-002,https://www.kistep.re.kr/reportDownload.es?rpt_no=RES0220200146&seq=res_0026P@2,,,,0,,0,0,官方目录无本地正文,官方目录元数据，附件未列入本批,,2026-08-22
C-KISTEP-RES0220200148,RES0220200148,831-002,정책기획,2020-03-31,W2,LA 공기질 관리 시스템 및 국내 이슈 분석을 통한 미세먼지 문제 해결 시스템 혁신 방향 연구,이승규(사회혁신정책센터)," 사회문제해결, 시스템혁신, 문제맵, 커넥팅토론회, LA, 캘리포니아",韩文,机构正式研究,科技创新政策与能力基线,产业创新、创业与区域体系,P2-STI-baseline,https://www.kistep.re.kr/reportAllDetail.es?mid=a10305010000&rpt_no=RES0220200148&rpt_tp=831-002,https://www.kistep.re.kr/reportDownload.es?rpt_no=RES0220200148&seq=res_0026P@2,,,,0,,0,0,官方目录无本地正文,官方目录元数据，附件未列入本批,,2026-08-22
C-KISTEP-RES0220200121,RES0220200121,831-002,정책기획,2020-04-02,W2,2019년도 다부처공동기획 활성화 기반 연구,김수연(미래성장정책센터),"다부처, 기획연구, 부처협력, 상향식, 하향식",韩文,机构正式研究,科技创新政策与能力基线,科技创新政策与研究体系,P1-global-STI,https://www.kistep.re.kr/reportAllDetail.es?mid=a10305010000&rpt_no=RES0220200121&rpt_tp=831-002,https://www.kistep.re.kr/reportDownload.es?rpt_no=RES0220200121&seq=res_0026P@3,,,,0,,0,0,官方目录无本地正文,官方目录元数据，附件未列入本批,,2026-08-22
C-KISTEP-RES0220200150,RES0220200150,831-002,정책기획,2020-04-02,W2,한·중 연구소기업 창업 생태계 연구,서행아(과학기술정책센터),"공공 연구소기업, 창업, 생태계, 지주회사",韩文,机构正式研究,科技创新政策与能力基线,产业创新、创业与区域体系,P2-STI-baseline,https://www.kistep.re.kr/reportAllDetail.es?mid=a10305010000&rpt_no=RES0220200150&rpt_tp=831-002,https://www.kistep.re.kr/reportDownload.es?rpt_no=RES0220200150&seq=res_0026P@4,,,,0,,0,0,官方目录无本地正文,官方目录元数据，附件未列入本批,,2026-08-22
C-KISTEP-RES0220200151,RES0220200151,831-002,정책기획,2020-04-02,W2,연구개발서비스 수요와 공급 간의 상호작용 분석을 통한 혁신정책 방안 도출 연구,최동혁(과학기술정책센터),"연구개발서비스, 개방형 혁신, 혁신시스템, 혁신정책, 상호작용",韩文,机构正式研究,科技创新政策与能力基线,科研体系、研发投入与评价；产业创新、创业与区域体系,P2-STI-baseline,https://www.kistep.re.kr/reportAllDetail.es?mid=a10305010000&rpt_no=RES0220200151&rpt_tp=831-002,https://www.kistep.re.kr/reportDownload.es?rpt_no=RES0220200151&seq=res_0026P@2,,,,0,,0,0,官方目录无本地正文,官方目录元数据，附件未列入本批,,2026-08-22
C-KISTEP-RES0220200154,RES0220200154,831-005,사업조정,2020-04-02,W2,정부 중소기업 R&D 지원의 효과성 분석 연구: 기업 TFP 측정을 중심으로,진영현(성장동력사업센터),"기업 생산성, 중소기업 연구개발, 연구개발 효과성 ",韩文,机构正式研究,科技创新政策与能力基线,科研体系、研发投入与评价；产业创新、创业与区域体系,P2-STI-baseline,https://www.kistep.re.kr/reportAllDetail.es?mid=a10305010000&rpt_no=RES0220200154&rpt_tp=831-005,https://www.kistep.re.kr/reportDownload.es?rpt_no=RES0220200154&seq=res_0026P@2,,,,0,,0,0,官方目录无本地正文,官方目录元数据，附件未列入本批,,2026-08-22
C-KISTEP-RES0220200144,RES0220200144,831-002,정책기획,2020-04-07,W2,소비자 선호분석에 기반한 공유경제시대의 교통수단 이용행태 변화 및 사회경제적 파급효과 예측 연구,문형빈(사회혁신정책센터),"교통정책, 공유경제, 차량 공유서비스, 승차 공유서비스, 소비자 행동 분석",韩文,机构正式研究,科技创新政策与能力基线,科技前瞻与未来社会,P2-STI-baseline,https://www.kistep.re.kr/reportAllDetail.es?mid=a10305010000&rpt_no=RES0220200144&rpt_tp=831-002,https://www.kistep.re.kr/reportDownload.es?rpt_no=RES0220200144&seq=res_0026P@2,,,,0,,0,0,官方目录无本地正文,官方目录元数据，附件未列入本批,,2026-08-22
C-KISTEP-RES0220200155,RES0220200155,831-002,정책기획,2020-04-08,W2,지방분권형 지역 R&D 혁신역량 강화방안 연구,김성진(지역정책팀),"지역 과학기술혁신역량, 지방 R&D 투자, 지역경제발전",韩文,机构正式研究,科技创新政策与能力基线,科研体系、研发投入与评价；产业创新、创业与区域体系,P2-STI-baseline,https://www.kistep.re.kr/reportAllDetail.es?mid=a10305010000&rpt_no=RES0220200155&rpt_tp=831-002,https://www.kistep.re.kr/reportDownload.es?rpt_no=RES0220200155&seq=res_0026P@2,,,,0,,0,0,官方目录无本地正文,官方目录元数据，附件未列入本批,,2026-08-22
C-KISTEP-RES0220200157,RES0220200157,831-002,정책기획,2020-04-08,W2,과학기술관계장관회의의 효율적 정착 및 발전방안,홍세호(과학기술정책센터),"과학기술관계장관회의, 과학기술 정책조정",韩文,机构正式研究,科技创新政策与能力基线,科技创新政策与研究体系,P2-STI-baseline,https://www.kistep.re.kr/reportAllDetail.es?mid=a10305010000&rpt_no=RES0220200157&rpt_tp=831-002,https://www.kistep.re.kr/reportDownload.es?rpt_no=RES0220200157&seq=res_0026P@3,,,,0,,0,0,官方目录无本地正文,官方目录元数据，附件未列入本批,,2026-08-22
C-KISTEP-RES0220200161,RES0220200161,831-002,정책기획,2020-04-20,W2,"국가 R&D 혁신정책 아젠다 발굴,대응 활성화를 위한 전문가 포럼 구성,운영",홍세호(과학기술정책센터),"과학기술정책, 포럼, 정책 인큐베이팅, 과학기술기본계획",韩文,机构正式研究,科技创新政策与能力基线,科研体系、研发投入与评价；产业创新、创业与区域体系,P2-STI-baseline,https://www.kistep.re.kr/reportAllDetail.es?mid=a10305010000&rpt_no=RES0220200161&rpt_tp=831-002,https://www.kistep.re.kr/reportDownload.es?rpt_no=RES0220200161&seq=res_0026P@3,,,,0,,0,0,官方目录无本地正文,官方目录元数据，附件未列入本批,,2026-08-22
C-KISTEP-RES0220200160,RES0220200160,831-002,정책기획,2020-04-22,W2,2019년도 연구개발지원단 육성지원사업,이충현(지역정책팀),"연구개발지원단, 지역 R&D, 지역 R&D 조사분석, R&D 기반혁신 시스템, 지역 R&D 효율성 제고",韩文,机构正式研究,科技创新政策与能力基线,科研体系、研发投入与评价；产业创新、创业与区域体系,P2-STI-baseline,https://www.kistep.re.kr/reportAllDetail.es?mid=a10305010000&rpt_no=RES0220200160&rpt_tp=831-002,https://www.kistep.re.kr/reportDownload.es?rpt_no=RES0220200160&seq=res_0026P@2,,,,0,,0,0,官方目录无本地正文,官方目录元数据，附件未列入本批,,2026-08-22
C-KISTEP-RES0220200162,RES0220200162,831-005,사업조정,2020-04-28,W2,2020년도 정부연구개발예산 현황분석,한웅용(R&D예산정책센터),"정부연구개발예산, 정부R&D예산, 과학기술투자, 정부재정, 기금",韩文,机构正式研究,科技创新政策与能力基线,科研体系、研发投入与评价,P2-STI-baseline,https://www.kistep.re.kr/reportAllDetail.es?mid=a10305010000&rpt_no=RES0220200162&rpt_tp=831-005,https://www.kistep.re.kr/reportDownload.es?rpt_no=RES0220200162&seq=res_0026P@2,,,,0,,0,0,官方目录无本地正文,官方目录元数据，附件未列入本批,,2026-08-22
C-KISTEP-RES0220200163,RES0220200163,831-002,정책기획,2020-05-13,W2,연구지원시스템 통합 구축을 위한 업무재설계(BPR) 및 정보화전략계획(ISP) 수립,신문봉(기획제도팀),"과제지원시스템, 연구비, 연구자정보, 연구관리전문기관",韩文,机构正式研究,科技创新政策与能力基线,科研体系、研发投入与评价；科技人才、大学与知识流动,P2-STI-baseline,https://www.kistep.re.kr/reportAllDetail.es?mid=a10305010000&rpt_no=RES0220200163&rpt_tp=831-002,https://www.kistep.re.kr/reportDownload.es?rpt_no=RES0220200163&seq=res_0026P@9,,,,0,,0,0,官方目录无本地正文,官方目录元数据，附件未列入本批,,2026-08-22
C-KISTEP-RES0220200164,RES0220200164,831-001,조사평가,2020-05-20,W2,2019년도 과학기술정보통신부 직할 출연(연) 및 국가과학기술연구회 기관평가,김이경(기관평가팀),"국가평가체제, 정부출연연구기관, 성과목표, 기관평가",韩文,机构正式研究,科技创新政策与能力基线,科研体系、研发投入与评价,P2-STI-baseline,https://www.kistep.re.kr/reportAllDetail.es?mid=a10305010000&rpt_no=RES0220200164&rpt_tp=831-001,https://www.kistep.re.kr/reportDownload.es?rpt_no=RES0220200164&seq=res_0026P@3,,,,0,,0,0,官方目录无本地正文,官方目录元数据，附件未列入本批,,2026-08-22
C-KISTEP-PRG0720200041,PRG0720200041,831-007,위탁/협동/공동연구보고서,2020-05-24,W2,지식재산을 활용한 과학기술 ODA 신규사업 발굴,null(한국발명진흥회),"타당성조사, 공적개발원조, 몽골, 베트남, 에티오피아",韩文,机构正式研究,科技创新政策与能力基线,科技人才、大学与知识流动,P2-STI-baseline,https://www.kistep.re.kr/reportAllDetail.es?mid=a10305010000&rpt_no=PRG0720200041&rpt_tp=831-007,https://www.kistep.re.kr/reportDownload.es?rpt_no=PRG0720200041&seq=prg_0071P@5,,,,0,,0,0,官方目录无本地正文,官方目录元数据，附件未列入本批,,2026-08-22
C-KISTEP-RES0220200166,RES0220200166,831-001,조사평가,2020-05-29,W2,분야별 이질성을 고려한 기초과학분야 정부R&D 투자의 생산성 분석 연구,양은진(R&D예산정책센터),"생산성, 효율성, 연구개발, 기초과학, 분야별 이질성",韩文,机构正式研究,科技创新政策与能力基线,科研体系、研发投入与评价,P2-STI-baseline,https://www.kistep.re.kr/reportAllDetail.es?mid=a10305010000&rpt_no=RES0220200166&rpt_tp=831-001,https://www.kistep.re.kr/reportDownload.es?rpt_no=RES0220200166&seq=res_0026P@4,,,,0,,0,0,官方目录无本地正文,官方目录元数据，附件未列入本批,,2026-08-22
C-KISTEP-RES0220200168,RES0220200168,831-002,정책기획,2020-06-09,W2,미션 중심 도전적 R&D 프로그램 기획 연구,이도형(과학기술정책센터),"미션기반정책, 혁신도전, 파괴적혁신, 문제해결형R&D",韩文,机构正式研究,科技创新政策与能力基线,科研体系、研发投入与评价；产业创新、创业与区域体系,P2-STI-baseline,https://www.kistep.re.kr/reportAllDetail.es?mid=a10305010000&rpt_no=RES0220200168&rpt_tp=831-002,https://www.kistep.re.kr/reportDownload.es?rpt_no=RES0220200168&seq=res_0026P@3,,,,0,,0,0,官方目录无本地正文,官方目录元数据，附件未列入本批,,2026-08-22
C-KISTEP-RES0220200170,RES0220200170,831-003,예비타당성조사,2020-06-23,W2,2019년도 예비타당성조사 보고서 6G 핵심기술개발사업,황지호(예비타당성조사1센터),"이동통신, 네트워크, 액세스망, 코어망, 6G",韩文,机构正式研究,核心科技直接材料,人工智能、数据与数字技术；科研体系、研发投入与评价,P0-core-tech,https://www.kistep.re.kr/reportAllDetail.es?mid=a10305010000&rpt_no=RES0220200170&rpt_tp=831-003,https://www.kistep.re.kr/reportDownload.es?rpt_no=RES0220200170&seq=res_0026P@2,,,,0,,0,0,官方目录无本地正文,官方目录元数据，附件未列入本批,,2026-08-22
C-KISTEP-RES0220200171,RES0220200171,831-003,예비타당성조사,2020-06-25,W2,2019년도 에비타당성조사 보고서 스페이스 파이오니어사업,황지호(예비타당성조사1센터),"소형발사체, 인공위성, 우주탐사, 우주부품 국산화, 우주부품 수입대체",韩文,机构正式研究,核心科技直接材料,航天、核能与大型技术系统,P0-core-tech,https://www.kistep.re.kr/reportAllDetail.es?mid=a10305010000&rpt_no=RES0220200171&rpt_tp=831-003,https://www.kistep.re.kr/reportDownload.es?rpt_no=RES0220200171&seq=res_0026P@2,,,,0,,0,0,官方目录无本地正文,官方目录元数据，附件未列入本批,,2026-08-22
C-KISTEP-RES0220200172,RES0220200172,831-003,예비타당성조사,2020-06-25,W2,2019년도 예비타당성조사 보고서 농생명소재산업화기술 개발사업,황지호(예비타당성조사1센터),"생물농약, 생물비료, 사료첨가제, 천연화장품, 천연물의약품",韩文,机构正式研究,科技创新政策与能力基线,科研体系、研发投入与评价；产业创新、创业与区域体系,P2-STI-baseline,https://www.kistep.re.kr/reportAllDetail.es?mid=a10305010000&rpt_no=RES0220200172&rpt_tp=831-003,https://www.kistep.re.kr/reportDownload.es?rpt_no=RES0220200172&seq=res_0026P@2,,,,0,,0,0,官方目录无本地正文,官方目录元数据，附件未列入本批,,2026-08-22
C-KISTEP-RES0220200173,RES0220200173,831-003,예비타당성조사,2020-06-25,W2,2019년도 예비타당성조사 보고서 자율주행 기술개발 혁신사업,황지호(예비타당성조사1센터),"자율주행, 차량, 정보통신, 도로교통, 서비스, 생태계, 융합",韩文,机构正式研究,核心科技直接材料,科研体系、研发投入与评价；产业创新、创业与区域体系,P0-core-tech,https://www.kistep.re.kr/reportAllDetail.es?mid=a10305010000&rpt_no=RES0220200173&rpt_tp=831-003,https://www.kistep.re.kr/reportDownload.es?rpt_no=RES0220200173&seq=res_0026P@2,,,,0,,0,0,官方目录无本地正文,官方目录元数据，附件未列入本批,,2026-08-22
C-KISTEP-RES0220200175,RES0220200175,831-003,예비타당성조사,2020-06-25,W2,2019년도 예비타당서조사 보고서 지역특화작목 육성 및 활성화 사업,황지호(예비타당성조사1센터),"연구개발, 지역, 특화작목, 기반조성, 농업 ",韩文,机构正式研究,科技创新政策与能力基线,科研体系、研发投入与评价；产业创新、创业与区域体系,P2-STI-baseline,https://www.kistep.re.kr/reportAllDetail.es?mid=a10305010000&rpt_no=RES0220200175&rpt_tp=831-003,https://www.kistep.re.kr/reportDownload.es?rpt_no=RES0220200175&seq=res_0026P@2,,,,0,,0,0,官方目录无本地正文,官方目录元数据，附件未列入本批,,2026-08-22
C-KISTEP-RES0220200176,RES0220200176,831-002,정책기획,2020-07-01,W2,지역수요맞춤형 R&D지원사업 기획․관리․평가,박정일(지역정책팀),"지역수요맞춤형 R&D지원사업, 지역수요맞춤형 R&D지원사업 기획․관리․평가",韩文,机构正式研究,科技创新政策与能力基线,科研体系、研发投入与评价；产业创新、创业与区域体系,P2-STI-baseline,https://www.kistep.re.kr/reportAllDetail.es?mid=a10305010000&rpt_no=RES0220200176&rpt_tp=831-002,https://www.kistep.re.kr/reportDownload.es?rpt_no=RES0220200176&seq=res_0026P@2,,,,0,,0,0,官方目录无本地正文,官方目录元数据，附件未列入本批,,2026-08-22
C-KISTEP-RES0220200177,RES0220200177,831-001,조사평가,2020-08-03,W2,2019년도 2차 국가연구개발사업 특정평가,오현환(R&D평가센터),"특정평가, 인공위성개발, 미세먼지, 가축질병, 사업평가",韩文,机构正式研究,核心科技直接材料,科研体系、研发投入与评价；航天、核能与大型技术系统,P0-core-tech,https://www.kistep.re.kr/reportAllDetail.es?mid=a10305010000&rpt_no=RES0220200177&rpt_tp=831-001,https://www.kistep.re.kr/reportDownload.es?rpt_no=RES0220200177&seq=res_0026P@4,,,,0,,0,0,官方目录无本地正文,官方目录元数据，附件未列入本批,,2026-08-22
C-KISTEP-RES0220200178,RES0220200178,831-002,정책기획,2020-08-03,W2,과학벨트 중장기 사업추진 마스터플랜 수립,김성진(지역정책팀),"국제과학비즈니스벨트, 기초과학사업화, 기술이전 및 사업화 활성화 방안, 마스터플랜 수립",韩文,机构正式研究,科技创新政策与能力基线,产业创新、创业与区域体系,P1-global-STI,https://www.kistep.re.kr/reportAllDetail.es?mid=a10305010000&rpt_no=RES0220200178&rpt_tp=831-002,https://www.kistep.re.kr/reportDownload.es?rpt_no=RES0220200178&seq=res_0026P@3,,,,0,,0,0,官方目录无本地正文,官方目录元数据，附件未列入本批,,2026-08-22
C-KISTEP-RES0220200181,RES0220200181,831-003,예비타당성조사,2020-08-20,W2,2019년도 예비타당성조사 보고서 국가신약개발사업,황지호(예비타당성조사1센터),"신약, 전주기, 오픈이노베이션, 기술이전, 블록버스터",韩文,机构正式研究,科技创新政策与能力基线,科研体系、研发投入与评价；产业创新、创业与区域体系,P2-STI-baseline,https://www.kistep.re.kr/reportAllDetail.es?mid=a10305010000&rpt_no=RES0220200181&rpt_tp=831-003,https://www.kistep.re.kr/reportDownload.es?rpt_no=RES0220200181&seq=res_0026P@2,,,,0,,0,0,官方目录无本地正文,官方目录元数据，附件未列入本批,,2026-08-22
C-KISTEP-RES0220200183,RES0220200183,831-003,예비타당성조사,2020-08-20,W2,2019년도 예비타당성조사 보고서 철강산업 재도약 기술개발사업,황지호(예비타당성조사1센터),"철강산업, 부품소재, 고강도, 친환경, 기술사업화연계",韩文,机构正式研究,科技创新政策与能力基线,科研体系、研发投入与评价；产业创新、创业与区域体系,P2-STI-baseline,https://www.kistep.re.kr/reportAllDetail.es?mid=a10305010000&rpt_no=RES0220200183&rpt_tp=831-003,https://www.kistep.re.kr/reportDownload.es?rpt_no=RES0220200183&seq=res_0026P@2,,,,0,,0,0,官方目录无本地正文,官方目录元数据，附件未列入本批,,2026-08-22
C-KISTEP-RES0220200184,RES0220200184,831-003,예비타당성조사,2020-08-20,W2,2019년도 예비타당성조사 보고서 사용후핵연료 저장‧처분 안전성 확보를 위한 핵심기술개발 사업,황지호(예비타당성조사1센터),"사용후핵연료, 중간저장, 처분 시스템, 실증, 종합안전성 입증",韩文,机构正式研究,科技创新政策与能力基线,科研体系、研发投入与评价,P2-STI-baseline,https://www.kistep.re.kr/reportAllDetail.es?mid=a10305010000&rpt_no=RES0220200184&rpt_tp=831-003,https://www.kistep.re.kr/reportDownload.es?rpt_no=RES0220200184&seq=res_0026P@2,,,,0,,0,0,官方目录无本地正文,官方目录元数据，附件未列入本批,,2026-08-22
C-KISTEP-RES0220200179,RES0220200179,831-003,예비타당성조사,2020-08-24,W2,2019년도 예비타당성조사 보고서 자원순환성 제고 폐기물 재활용 기술개발사업,황지호(예비타당성조사1센터),"자원순환, 물질재활용, 사업장폐기물, 생활폐기물, 폐기물처리",韩文,机构正式研究,科技创新政策与能力基线,科研体系、研发投入与评价,P2-STI-baseline,https://www.kistep.re.kr/reportAllDetail.es?mid=a10305010000&rpt_no=RES0220200179&rpt_tp=831-003,https://www.kistep.re.kr/reportDownload.es?rpt_no=RES0220200179&seq=res_0026P@2,,,,0,,0,0,官方目录无本地正文,官方目录元数据，附件未列入本批,,2026-08-22
C-KISTEP-RES0220200180,RES0220200180,831-003,예비타당성조사,2020-08-24,W2,2019년도 예비타당성조사 보고서 정지궤도 공공복합통신위성 개발사업,황지호(예비타당성조사1센터),"정지궤도위성, 재난재해, 주파수, 국산화, 활용도",韩文,机构正式研究,核心科技直接材料,科研体系、研发投入与评价；航天、核能与大型技术系统,P0-core-tech,https://www.kistep.re.kr/reportAllDetail.es?mid=a10305010000&rpt_no=RES0220200180&rpt_tp=831-003,https://www.kistep.re.kr/reportDownload.es?rpt_no=RES0220200180&seq=res_0026P@2,,,,0,,0,0,官方目录无本地正文,官方目录元数据，附件未列入本批,,2026-08-22
C-KISTEP-RES0220200185,RES0220200185,831-003,예비타당성조사,2020-08-24,W2,2019년도 예비타당성조사 보고서 범부처 재생의료기술개발사업,황지호(예비타당성조사1센터),"재생의료, 바이오의약품, 첨단재생바이오법, 첨단재생의료 임상연구, 줄기세포",韩文,机构正式研究,核心科技直接材料,生命科学、生物技术与健康；科研体系、研发投入与评价,P0-core-tech,https://www.kistep.re.kr/reportAllDetail.es?mid=a10305010000&rpt_no=RES0220200185&rpt_tp=831-003,https://www.kistep.re.kr/reportDownload.es?rpt_no=RES0220200185&seq=res_0026P@4,,,,0,,0,0,官方目录无本地正文,官方目录元数据，附件未列入本批,,2026-08-22
C-KISTEP-RES0220200187,RES0220200187,831-003,예비타당성조사,2020-08-24,W2,2019년도 예비타당성조사 보고서 데이터경제를 위한 블록체인 기술개발사업,황지호(예비타당성조사1센터),"블록체인, 데이터경제, 원천핵심기술개발, 인프라구축, 비용-편익분석",韩文,机构正式研究,核心科技直接材料,人工智能、数据与数字技术；科研体系、研发投入与评价,P0-core-tech,https://www.kistep.re.kr/reportAllDetail.es?mid=a10305010000&rpt_no=RES0220200187&rpt_tp=831-003,https://www.kistep.re.kr/reportDownload.es?rpt_no=RES0220200187&seq=res_0026P@2,,,,0,,0,0,官方目录无本地正文,官方目录元数据，附件未列入本批,,2026-08-22
C-KISTEP-RES0220200186,RES0220200186,831-003,예비타당성조사,2020-08-25,W2,2019년도 예비타당성조사 보고서 원자력 안전규제 검증기술 고도화 사업,황지호(예비타당성조사1센터),"원자력안전, 방사선안전, 핵비확산/핵안보, 안전규제R&D, 규제검증",韩文,机构正式研究,核心科技直接材料,能源、气候与绿色转型；科研体系、研发投入与评价；技术安全、供应链与国际合作；航天、核能与大型技术系统,P0-core-tech,https://www.kistep.re.kr/reportAllDetail.es?mid=a10305010000&rpt_no=RES0220200186&rpt_tp=831-003,https://www.kistep.re.kr/reportDownload.es?rpt_no=RES0220200186&seq=res_0026P@2,,,,0,,0,0,官方目录无本地正文,官方目录元数据，附件未列入本批,,2026-08-22
C-KISTEP-RES0220200188,RES0220200188,831-003,예비타당성조사,2020-08-25,W2,2019년도 예비타당성조사 보고서 고부가가치 융복합 물류 배송·인프라 혁신 기술개발사업,황지호(예비타당성조사1센터),"물류, 배송, 인프라, 스마트 물류센터, 연구개발",韩文,机构正式研究,科技创新政策与能力基线,科研体系、研发投入与评价；产业创新、创业与区域体系,P2-STI-baseline,https://www.kistep.re.kr/reportAllDetail.es?mid=a10305010000&rpt_no=RES0220200188&rpt_tp=831-003,https://www.kistep.re.kr/reportDownload.es?rpt_no=RES0220200188&seq=res_0026P@2,,,,0,,0,0,官方目录无本地正文,官方目录元数据，附件未列入本批,,2026-08-22
C-KISTEP-PRG0720200049,PRG0720200049,831-007,위탁/협동/공동연구보고서,2020-08-31,W2,2020년 국가연구개발사업 예비타당성조사,정장훈(과학기술정책연구원),"국가연구개발사업, 예비타당성조사",韩文,机构正式研究,科技创新政策与能力基线,科研体系、研发投入与评价,P2-STI-baseline,https://www.kistep.re.kr/reportAllDetail.es?mid=a10305010000&rpt_no=PRG0720200049&rpt_tp=831-007,https://www.kistep.re.kr/reportDownload.es?rpt_no=PRG0720200049&seq=prg_0071P@2,,,,0,,0,0,官方目录无本地正文,官方目录元数据，附件未列入本批,,2026-08-22
C-KISTEP-PRG0720200050,PRG0720200050,831-007,위탁/협동/공동연구보고서,2020-08-31,W2,혁신성장동력 분야별 기술·산업·정책 동향 조사,최미옥(주식회사 티비앤에이),"혁신성장동력, 기술 동향, 산업 동향, 정책 동향, 국가연구개발",韩文,机构正式研究,科技创新政策与能力基线,科研体系、研发投入与评价；产业创新、创业与区域体系,P2-STI-baseline,https://www.kistep.re.kr/reportAllDetail.es?mid=a10305010000&rpt_no=PRG0720200050&rpt_tp=831-007,https://www.kistep.re.kr/reportDownload.es?rpt_no=PRG0720200050&seq=prg_0071P@9,,,,0,,0,0,官方目录无本地正文,官方目录元数据，附件未列入本批,,2026-08-22
C-KISTEP-RES0220200182,RES0220200182,831-002,정책기획,2020-09-01,W2,연구자중심 R&D 활성화를 위한 과제공모형태별 사업 특성 분석 연구,홍슬기(R&D예산정책센터),"상향식 연구개발, 하향식 연구개발, 정부연구개발투자, 기술진화, 기술역진화",韩文,机构正式研究,科技创新政策与能力基线,科研体系、研发投入与评价；科技人才、大学与知识流动,P2-STI-baseline,https://www.kistep.re.kr/reportAllDetail.es?mid=a10305010000&rpt_no=RES0220200182&rpt_tp=831-002,https://www.kistep.re.kr/reportDownload.es?rpt_no=RES0220200182&seq=res_0026P@2,,,,0,,0,0,官方目录无本地正文,官方目录元数据，附件未列入本批,,2026-08-22
C-KISTEP-RES0220200189,RES0220200189,831-001,조사평가,2020-09-04,W2,2020년 국가연구개발사업 조사⋅분석,이현익(혁신정보분석센터),"조사분석, 정부, 연구개발, 투자, 통계",韩文,机构正式研究,科技创新政策与能力基线,科研体系、研发投入与评价,P2-STI-baseline,https://www.kistep.re.kr/reportAllDetail.es?mid=a10305010000&rpt_no=RES0220200189&rpt_tp=831-001,https://www.kistep.re.kr/reportDownload.es?rpt_no=RES0220200189&seq=res_0026P@2,,,,0,,0,0,官方目录无本地正文,官方目录元数据，附件未列入本批,,2026-08-22
C-KISTEP-PRG0720200051,PRG0720200051,831-007,위탁/협동/공동연구보고서,2020-09-29,W2,국내 소재-부품-장비산업의 대-중소기업 간 상생협력 유형과 특성 분석,문혜선(㈜한국혁신경제연구소),"소재부품장비 산업, 상생협력, 기업간 협력",韩文,机构正式研究,科技创新政策与能力基线,产业创新、创业与区域体系,P1-global-STI,https://www.kistep.re.kr/reportAllDetail.es?mid=a10305010000&rpt_no=PRG0720200051&rpt_tp=831-007,https://www.kistep.re.kr/reportDownload.es?rpt_no=PRG0720200051&seq=prg_0071P@9,,,,0,,0,0,官方目录无本地正文,官方目录元数据，附件未列入本批,,2026-08-22
C-KISTEP-RES0220200194,RES0220200194,831-002,정책기획,2020-10-19,W2,바이오헬스 분야 규제가 혁신기술과 R&D생태계에 미치는 영향에 관한 국가간 비교연구,김지연(R&D예산정책센터),"바이오헬스, 규제, 혁신, 특허, 연구개발",韩文,机构正式研究,核心科技直接材料,生命科学、生物技术与健康；科研体系、研发投入与评价；产业创新、创业与区域体系,P0-core-tech,https://www.kistep.re.kr/reportAllDetail.es?mid=a10305010000&rpt_no=RES0220200194&rpt_tp=831-002,https://www.kistep.re.kr/reportDownload.es?rpt_no=RES0220200194&seq=res_0026P@1,,,,0,,0,0,官方目录无本地正文,官方目录元数据，附件未列入本批,,2026-08-22
C-KISTEP-RES0220200195,RES0220200195,831-003,예비타당성조사,2020-10-21,W2,2020년도 사업계획 적정성 재검토 보고서 인공지능핵심고급인재양성 사업,황지호(예비타당성조사1센터),"인공지능, 인재, 양성, 대학원, 예비타당성조사",韩文,机构正式研究,核心科技直接材料,人工智能、数据与数字技术；科研体系、研发投入与评价；科技人才、大学与知识流动,P0-core-tech,https://www.kistep.re.kr/reportAllDetail.es?mid=a10305010000&rpt_no=RES0220200195&rpt_tp=831-003,https://www.kistep.re.kr/reportDownload.es?rpt_no=RES0220200195&seq=res_0026P@2,,,,0,,0,0,官方目录无本地正文,官方目录元数据，附件未列入本批,,2026-08-22
C-KISTEP-PRG0720200056,PRG0720200056,831-007,위탁/협동/공동연구보고서,2020-10-29,W2,연구개발투자의 경기변동성 분석과 재정준칙 수립방안 연구,김태봉(아주대학교 산학협력단),"연구개발투자, 경기변동, 재정정책",韩文,机构正式研究,科技创新政策与能力基线,科研体系、研发投入与评价,P2-STI-baseline,https://www.kistep.re.kr/reportAllDetail.es?mid=a10305010000&rpt_no=PRG0720200056&rpt_tp=831-007,https://www.kistep.re.kr/reportDownload.es?rpt_no=PRG0720200056&seq=prg_0071P@7,,,,0,,0,0,官方目录无本地正文,官方目录元数据，附件未列入本批,,2026-08-22
C-KISTEP-PRG0720200054,PRG0720200054,831-007,위탁/협동/공동연구보고서,2020-10-30,W2,R&D 예비타당성조사 비용효과분석 방법론 탐색연구,분리보관(서울대학교 산학협력단),R&D 예비타당성조사 비용효과분석 방법론 탐색연구,韩文,机构正式研究,科技创新政策与能力基线,科研体系、研发投入与评价,P2-STI-baseline,https://www.kistep.re.kr/reportAllDetail.es?mid=a10305010000&rpt_no=PRG0720200054&rpt_tp=831-007,https://www.kistep.re.kr/reportDownload.es?rpt_no=PRG0720200054&seq=prg_0071P@9,,,,0,,0,0,官方目录无本地正文,官方目录元数据，附件未列入本批,,2026-08-22
C-KISTEP-PRG0720200055,PRG0720200055,831-007,위탁/협동/공동연구보고서,2020-10-30,W2,과학기술 R&D의 사회적 가치와 평가에 관한 연구,이정욱(연세대학교 산학협력단),"과학기술 R&D, 사회적 가치와 평가 ",韩文,机构正式研究,科技创新政策与能力基线,科研体系、研发投入与评价,P2-STI-baseline,https://www.kistep.re.kr/reportAllDetail.es?mid=a10305010000&rpt_no=PRG0720200055&rpt_tp=831-007,https://www.kistep.re.kr/reportDownload.es?rpt_no=PRG0720200055&seq=prg_0071P@9,,,,0,,0,0,官方目录无本地正文,官方目录元数据，附件未列入本批,,2026-08-22
C-KISTEP-PRG0720200052,PRG0720200052,831-007,위탁/협동/공동연구보고서,2020-10-31,W2,과학기술R&D예산적절성분석과체제개선방안,박지영(뮤레파코리아),"예산 적절성,  예산체제, 포용성, 형평성 ",韩文,机构正式研究,科技创新政策与能力基线,科技创新政策与研究体系,P2-STI-baseline,https://www.kistep.re.kr/reportAllDetail.es?mid=a10305010000&rpt_no=PRG0720200052&rpt_tp=831-007,https://www.kistep.re.kr/reportDownload.es?rpt_no=PRG0720200052&seq=prg_0071P@9,,,,0,,0,0,官方目录无本地正文,官方目录元数据，附件未列入本批,,2026-08-22
C-KISTEP-RES0220200200,RES0220200200,831-004,성과확산,2020-11-09,W2,2020년 국가연구개발 우수성과 100,"김남희, 이종선(성과확산센터)","국가연구개발 우수성과, 100선, 사례집, 국가연구개발사업",韩文,机构正式研究,科技创新政策与能力基线,科研体系、研发投入与评价,P2-STI-baseline,https://www.kistep.re.kr/reportAllDetail.es?mid=a10305010000&rpt_no=RES0220200200&rpt_tp=831-004,https://www.kistep.re.kr/reportDownload.es?rpt_no=RES0220200200&seq=res_0026P@3,,,,0,,0,0,官方目录无本地正文,官方目录元数据，附件未列入本批,,2026-08-22
C-KISTEP-PRG0720200053,PRG0720200053,831-007,위탁/협동/공동연구보고서,2020-11-13,W2,전문기관 기획평가비 효율화 개선방안 연구,백철우(사단법인 한국혁신학회),연구관리전문기관 기획평가비 예산효율화,韩文,机构正式研究,科技创新政策与能力基线,科研体系、研发投入与评价,P2-STI-baseline,https://www.kistep.re.kr/reportAllDetail.es?mid=a10305010000&rpt_no=PRG0720200053&rpt_tp=831-007,https://www.kistep.re.kr/reportDownload.es?rpt_no=PRG0720200053&seq=prg_0071P@6,,,,0,,0,0,官方目录无本地正文,官方目录元数据，附件未列入本批,,2026-08-22
C-KISTEP-RES0220200201,RES0220200201,831-001,조사평가,2020-11-19,W2,2019년도 3차 국가연구개발사업 특정평가,오현환(R&D평가센터),"특정평가, 공공연구성과사업화, 자동차핵심기술, 외래생물관리기술, 사업평가",韩文,机构正式研究,科技创新政策与能力基线,科研体系、研发投入与评价；产业创新、创业与区域体系,P2-STI-baseline,https://www.kistep.re.kr/reportAllDetail.es?mid=a10305010000&rpt_no=RES0220200201&rpt_tp=831-001,https://www.kistep.re.kr/reportDownload.es?rpt_no=RES0220200201&seq=res_0026P@4,,,,0,,0,0,官方目录无本地正文,官方目录元数据，附件未列入本批,,2026-08-22
C-KISTEP-PRG0720200057,PRG0720200057,831-007,위탁/협동/공동연구보고서,2020-11-30,W2,과학기술 논문성과 분석연구(2005-2019),소민호(한국과학기술원),"과학논문인용색인, 인용분석, 계량서시지표, 평가, 과학기술정책, 연구역량",韩文,机构正式研究,科技创新政策与能力基线,科研体系、研发投入与评价,P2-STI-baseline,https://www.kistep.re.kr/reportAllDetail.es?mid=a10305010000&rpt_no=PRG0720200057&rpt_tp=831-007,https://www.kistep.re.kr/reportDownload.es?rpt_no=PRG0720200057&seq=prg_0071P@9,,,,0,,0,0,官方目录无本地正文,官方目录元数据，附件未列入本批,,2026-08-22
C-KISTEP-PRG0720200058,PRG0720200058,831-007,위탁/협동/공동연구보고서,2020-11-30,W2,과학기술정책의 과학화 기반구축 사업계획 수립을 위한 시장 현황과 수요조사,홍성표(와이젠글로벌(주)),"과학기술 중장기 계획, 과학정책을 위한 과학, K2Base, 의사결정지원, 증거기반. 혁신정책",韩文,机构正式研究,科技创新政策与能力基线,科研体系、研发投入与评价；产业创新、创业与区域体系,P2-STI-baseline,https://www.kistep.re.kr/reportAllDetail.es?mid=a10305010000&rpt_no=PRG0720200058&rpt_tp=831-007,https://www.kistep.re.kr/reportDownload.es?rpt_no=PRG0720200058&seq=prg_0071P@7,,,,0,,0,0,官方目录无本地正文,官方目录元数据，附件未列入本批,,2026-08-22
C-KISTEP-PRG0720200061,PRG0720200061,831-007,위탁/협동/공동연구보고서,2020-11-30,W2,연구개발투자의 수익률 추정 연구,오동현(인하대학교 산학협력단),"연구개발 투자, 수익률",韩文,机构正式研究,科技创新政策与能力基线,科研体系、研发投入与评价,P2-STI-baseline,https://www.kistep.re.kr/reportAllDetail.es?mid=a10305010000&rpt_no=PRG0720200061&rpt_tp=831-007,https://www.kistep.re.kr/reportDownload.es?rpt_no=PRG0720200061&seq=prg_0071P@10,,,,0,,0,0,官方目录无本地正文,官方目录元数据，附件未列入本批,,2026-08-22
C-KISTEP-PRG0720200062,PRG0720200062,831-007,위탁/협동/공동연구보고서,2020-11-30,W2,연구개발투자와 일자리 창출 사이의 상관관계 분석,양현석(위노베이트),"연구개발 투자, 일자리 창출",韩文,机构正式研究,科技创新政策与能力基线,科研体系、研发投入与评价,P2-STI-baseline,https://www.kistep.re.kr/reportAllDetail.es?mid=a10305010000&rpt_no=PRG0720200062&rpt_tp=831-007,https://www.kistep.re.kr/reportDownload.es?rpt_no=PRG0720200062&seq=prg_0071P@10,,,,0,,0,0,官方目录无本地正文,官方目录元数据，附件未列入本批,,2026-08-22
C-KISTEP-PRG0720200060,PRG0720200060,831-007,위탁/협동/공동연구보고서,2020-12-14,W2,전문기관 실태조사분석 지침 마련 연구,양현모(전략컨설팅집현(주)),연구관리 전문기관 R&D 관리역량 역량진단 지표 조사ㆍ분석 체계,韩文,机构正式研究,科技创新政策与能力基线,科研体系、研发投入与评价,P2-STI-baseline,https://www.kistep.re.kr/reportAllDetail.es?mid=a10305010000&rpt_no=PRG0720200060&rpt_tp=831-007,https://www.kistep.re.kr/reportDownload.es?rpt_no=PRG0720200060&seq=prg_0071P@6,,,,0,,0,0,官方目录无本地正文,官方目录元数据，附件未列入本批,,2026-08-22
C-KISTEP-RES0220200205,RES0220200205,831-001,조사평가,2020-12-14,W2,국가R&D 기획·관리 지원서비스 구축,김용희(NTIS팀),"국가과학기술지식정보서비스, R&D 사업관리, 국가연구개발사업 조사·분석, 예산정보, 정책정보, 전주기정보, 과학기술통계, 성과평가",韩文,机构正式研究,科技创新政策与能力基线,科研体系、研发投入与评价；科技人才、大学与知识流动,P2-STI-baseline,https://www.kistep.re.kr/reportAllDetail.es?mid=a10305010000&rpt_no=RES0220200205&rpt_tp=831-001,https://www.kistep.re.kr/reportDownload.es?rpt_no=RES0220200205&seq=res_0026P@3,,,,0,,0,0,官方目录无本地正文,官方目录元数据，附件未列入本批,,2026-08-22
C-KISTEP-RES0220200206,RES0220200206,831-005,사업조정,2020-12-21,W2,국방전략기술 확보를 위한 정부R&D 전략 연구 - 무인기의 유무인 복합 전투수행을 중심으로 -,임승혁(투자기획조정센터)," 국방R&D, 국방전략기술, 투자전략, R&D투자, 정책제안",韩文,机构正式研究,核心科技直接材料,半导体、量子与战略技术；科研体系、研发投入与评价,P0-core-tech,https://www.kistep.re.kr/reportAllDetail.es?mid=a10305010000&rpt_no=RES0220200206&rpt_tp=831-005,https://www.kistep.re.kr/reportDownload.es?rpt_no=RES0220200206&seq=res_0026P@2,,,,0,,0,0,官方目录无本地正文,官方目录元数据，附件未列入本批,,2026-08-22
C-KISTEP-PRG0720200063,PRG0720200063,831-007,위탁/협동/공동연구보고서,2020-12-23,W2,범부처 연구지원통합시스템 운영 방안 및 표준운영 절차에 관한 연구,이동백(주식회사 제이앤제이컨설팅파트너),"운영조직, 체계 수립, 표준운영절차, 연구지원통합시스템, 대응절차, 규정 정비",韩文,机构正式研究,科技创新政策与能力基线,科技创新政策与研究体系,P2-STI-baseline,https://www.kistep.re.kr/reportAllDetail.es?mid=a10305010000&rpt_no=PRG0720200063&rpt_tp=831-007,https://www.kistep.re.kr/reportDownload.es?rpt_no=PRG0720200063&seq=prg_0071P@4,,,,0,,0,0,官方目录无本地正文,官方目录元数据，附件未列入本批,,2026-08-22
C-KISTEP-RES0220200207,RES0220200207,831-001,조사평가,2020-12-23,W2,2020년도 국가연구개발사업 상위평가보고서(중간평가),오현환(R&D평가센터),"국가연구개발사업, 중간평가, 자체평가, 상위평가",韩文,机构正式研究,科技创新政策与能力基线,科研体系、研发投入与评价,P2-STI-baseline,https://www.kistep.re.kr/reportAllDetail.es?mid=a10305010000&rpt_no=RES0220200207&rpt_tp=831-001,https://www.kistep.re.kr/reportDownload.es?rpt_no=RES0220200207&seq=res_0026P@2,,,,0,,0,0,官方目录无本地正文,官方目录元数据，附件未列入本批,,2026-08-22
C-KISTEP-RES0220200208,RES0220200208,831-005,사업조정,2020-12-29,W2,R&R 기반의 출연연 사업 효율·연계화 연구: 소재·부품·장비 분야를 중심으로,유종태(투자기획조정센터),"정부출연연구소, 출연금, 역할과 책임, 연계성, 소재·부품·장비",韩文,机构正式研究,科技创新政策与能力基线,科技创新政策与研究体系,P2-STI-baseline,https://www.kistep.re.kr/reportAllDetail.es?mid=a10305010000&rpt_no=RES0220200208&rpt_tp=831-005,https://www.kistep.re.kr/reportDownload.es?rpt_no=RES0220200208&seq=res_0026P@2,,,,0,,0,0,官方目录无本地正文,官方目录元数据，附件未列入本批,,2026-08-22
C-KISTEP-RES0220200209,RES0220200209,831-003,예비타당성조사,2020-12-29,W2,2020년도 사업계획 적정성 재검토 보고서 달 탐사 사업,황지호(예비타당성조사1센터),"달탐사, 달 궤도선, 탑재체, 심우주지상국, 예비타당성조사",韩文,机构正式研究,核心科技直接材料,科研体系、研发投入与评价；航天、核能与大型技术系统,P0-core-tech,https://www.kistep.re.kr/reportAllDetail.es?mid=a10305010000&rpt_no=RES0220200209&rpt_tp=831-003,https://www.kistep.re.kr/reportDownload.es?rpt_no=RES0220200209&seq=res_0026P@2,,,,0,,0,0,官方目录无本地正文,官方目录元数据，附件未列入本批,,2026-08-22
C-KISTEP-PRG0720200064,PRG0720200064,831-007,위탁/협동/공동연구보고서,2020-12-31,W2,SDGs 달성을 위한 글로벌 논의참여기반 구축,선인경(과학기술정책연구원),"지속가능발전목표를 위한 과학기술혁신, 유엔 과학기술혁신 포럼, 고위급정치포럼, SDGs 어젠다, SDGs",韩文,机构正式研究,科技创新政策与能力基线,产业创新、创业与区域体系,P1-global-STI,https://www.kistep.re.kr/reportAllDetail.es?mid=a10305010000&rpt_no=PRG0720200064&rpt_tp=831-007,https://www.kistep.re.kr/reportDownload.es?rpt_no=PRG0720200064&seq=prg_0071P@7,,,,0,,0,0,官方目录无本地正文,官方目录元数据，附件未列入本批,,2026-08-22
C-KISTEP-PRG0720210016,PRG0720210016,831-007,위탁/협동/공동연구보고서,2020-12-31,W2,범부처 연구지원시스템 운영을 위한 교육체계 구축 및 콘텐츠 개발 계획 수립 연구 최종보고서,이재민(시앤피컨설팅 주식회사),"교육체계 구축, 콘텐츠 기획",韩文,机构正式研究,科技创新政策与能力基线,科技创新政策与研究体系,P2-STI-baseline,https://www.kistep.re.kr/reportAllDetail.es?mid=a10305010000&rpt_no=PRG0720210016&rpt_tp=831-007,https://www.kistep.re.kr/reportDownload.es?rpt_no=PRG0720210016&seq=prg_0071P@7,,,,0,,0,0,官方目录无本地正文,官方目录元数据，附件未列入本批,,2026-08-22
C-KISTEP-PRG0720210026,PRG0720210026,831-007,위탁/협동/공동연구보고서,2020-12-31,W2,이공계지원 특별법 개정(안) 마련 연구,이소영(법무법인(유한) 지평),"이공계지원 특별법, 이공계인력의 범위, 핵심인재의 보호 및 활용, 창업, 평생학습체계 ",韩文,机构正式研究,科技创新政策与能力基线,科技人才、大学与知识流动；产业创新、创业与区域体系,P2-STI-baseline,https://www.kistep.re.kr/reportAllDetail.es?mid=a10305010000&rpt_no=PRG0720210026&rpt_tp=831-007,https://www.kistep.re.kr/reportDownload.es?rpt_no=PRG0720210026&seq=prg_0071P@3,,,,0,,0,0,官方目录无本地正文,官方目录元数据，附件未列入本批,,2026-08-22
C-KISTEP-RES0220210003,RES0220210003,831-003,예비타당성조사,2021-01-05,W2,2020년도 예비타당성조사 보고서 스마트 제조혁신 기술개발사업,황지호(예비타당성조사1센터),"스마트제조, 스마트공장, 디지털 전환, 플랫폼, 예비타당성조사",韩文,机构正式研究,核心科技直接材料,人工智能、数据与数字技术；科研体系、研发投入与评价；产业创新、创业与区域体系,P0-core-tech,https://www.kistep.re.kr/reportAllDetail.es?mid=a10305010000&rpt_no=RES0220210003&rpt_tp=831-003,https://www.kistep.re.kr/reportDownload.es?rpt_no=RES0220210003&seq=res_0026P@4,,,,0,,0,0,官方目录无本地正文,官方目录元数据，附件未列入本批,,2026-08-22
C-KISTEP-RES0220210004,RES0220210004,831-003,예비타당성조사,2021-01-05,W2,2020년도 예비타당성조사 보고서 아쿠아팜 4.0 혁신기술 개발사업,황지호(예비타당성조사1센터),"아쿠아팜 4.0, 스마트 양식, 육상 양식 시스템, 양식산업, 예비타당성조사",韩文,机构正式研究,科技创新政策与能力基线,科研体系、研发投入与评价；产业创新、创业与区域体系,P2-STI-baseline,https://www.kistep.re.kr/reportAllDetail.es?mid=a10305010000&rpt_no=RES0220210004&rpt_tp=831-003,https://www.kistep.re.kr/reportDownload.es?rpt_no=RES0220210004&seq=res_0026P@2,,,,0,,0,0,官方目录无本地正文,官方目录元数据，附件未列入本批,,2026-08-22
C-KISTEP-RES0220210006,RES0220210006,831-003,예비타당성조사,2021-01-05,W2,2020년도 예비타당성조사 보고서 비전통오일 생산플랜트 건설 핵심기술 개발사업,황지호(예비타당성조사1센터),"비전통오일, 플랜트 엔지니어링, FEED, 건설, 예비타당성조사",韩文,机构正式研究,科技创新政策与能力基线,科研体系、研发投入与评价,P2-STI-baseline,https://www.kistep.re.kr/reportAllDetail.es?mid=a10305010000&rpt_no=RES0220210006&rpt_tp=831-003,https://www.kistep.re.kr/reportDownload.es?rpt_no=RES0220210006&seq=res_0026P@2,,,,0,,0,0,官方目录无本地正文,官方目录元数据，附件未列入本批,,2026-08-22
C-KISTEP-RES0220210008,RES0220210008,831-003,예비타당성조사,2021-01-05,W2,2020년도 예비타당성조사 보고서 산업·생활환경 공기질 개선을 위한 실증기반 상용화 기술개발사업,황지호(예비타당성조사1센터),"공기산업, 실내공기질 개선, 대기오염물질 배출저감, 예비타당성조사",韩文,机构正式研究,科技创新政策与能力基线,科研体系、研发投入与评价；产业创新、创业与区域体系,P2-STI-baseline,https://www.kistep.re.kr/reportAllDetail.es?mid=a10305010000&rpt_no=RES0220210008&rpt_tp=831-003,https://www.kistep.re.kr/reportDownload.es?rpt_no=RES0220210008&seq=res_0026P@2,,,,0,,0,0,官方目录无本地正文,官方目录元数据，附件未列入本批,,2026-08-22
C-KISTEP-RES0220210001,RES0220210001,831-003,예비타당성조사,2021-01-06,W2,2020년도 예비타당성조사 보고서 디지털 엔지니어링 미래선도 기술개발사업,황지호(예비타당성조사1센터),"엔지니어링, 엔지니어링 빅데이터, 설계 자동화, 프로젝트관리 및 운영/유지보수, 예비타당성조사",韩文,机构正式研究,核心科技直接材料,人工智能、数据与数字技术；科研体系、研发投入与评价；科技前瞻与未来社会,P0-core-tech,https://www.kistep.re.kr/reportAllDetail.es?mid=a10305010000&rpt_no=RES0220210001&rpt_tp=831-003,https://www.kistep.re.kr/reportDownload.es?rpt_no=RES0220210001&seq=res_0026P@2,,,,0,,0,0,官方目录无本地正文,官方目录元数据，附件未列入本批,,2026-08-22
C-KISTEP-RES0220210011,RES0220210011,831-003,예비타당성조사,2021-01-06,W2,2020년도 예비타당성조사 보고서 국립축산과학원 축산자원개발부 이전사업,황지호(예비타당성조사1센터),"축산자원개발부, 이전, 가축, 전염병, 연구개발 시설",韩文,机构正式研究,科技创新政策与能力基线,科研体系、研发投入与评价,P2-STI-baseline,https://www.kistep.re.kr/reportAllDetail.es?mid=a10305010000&rpt_no=RES0220210011&rpt_tp=831-003,https://www.kistep.re.kr/reportDownload.es?rpt_no=RES0220210011&seq=res_0026P@2,,,,0,,0,0,官方目录无本地正文,官方目录元数据，附件未列入本批,,2026-08-22
C-KISTEP-RES0220210012,RES0220210012,831-002,정책기획,2021-01-06,W2,과학기술정책 간행물 발간을 통한 국제협력 활성화 연구,유나리(국제협력팀),"과학기술, 정책, 글로벌, 네트워크, 발간",韩文,机构正式研究,科技创新政策与能力基线,科研体系、研发投入与评价；技术安全、供应链与国际合作,P1-global-STI,https://www.kistep.re.kr/reportAllDetail.es?mid=a10305010000&rpt_no=RES0220210012&rpt_tp=831-002,https://www.kistep.re.kr/reportDownload.es?rpt_no=RES0220210012&seq=res_0026P@2,,,,0,,0,0,官方目录无本地正文,官方目录元数据，附件未列入本批,,2026-08-22
C-KISTEP-RES0220210013,RES0220210013,831-002,정책기획,2021-01-07,W2,과학기술혁신 글로벌 플랫폼 구축 연구,김진하(국제협력팀),"국제협력, 글로벌, 네트워크, 과학기술혁신, 개도국",韩文,机构正式研究,科技创新政策与能力基线,产业创新、创业与区域体系；技术安全、供应链与国际合作,P1-global-STI,https://www.kistep.re.kr/reportAllDetail.es?mid=a10305010000&rpt_no=RES0220210013&rpt_tp=831-002,https://www.kistep.re.kr/reportDownload.es?rpt_no=RES0220210013&seq=res_0026P@2,,,,0,,0,0,官方目录无本地正文,官方目录元数据，附件未列入本批,,2026-08-22
C-KISTEP-RES0220210014,RES0220210014,831-006,미래예측,2021-01-08,W2,스마트 혁신 시대의 미래전망 및 과학기술 혁신정책 연구 (II) : 인공지능 기반 사회 중심,박창현(기술예측센터),"스마트 혁신, 인공지능, 혁신정책 전략, 정책연구",韩文,机构正式研究,核心科技直接材料,人工智能、数据与数字技术；产业创新、创业与区域体系；科技前瞻与未来社会,P0-core-tech,https://www.kistep.re.kr/reportAllDetail.es?mid=a10305010000&rpt_no=RES0220210014&rpt_tp=831-006,https://www.kistep.re.kr/reportDownload.es?rpt_no=RES0220210014&seq=res_0026P@2,,,,0,,0,0,官方目录无本地正文,官方目录元数据，附件未列入本批,,2026-08-22
C-KISTEP-RES0220210009,RES0220210009,831-006,미래예측,2021-01-11,W2,디지털기술 발전이 초래하는 지속가능성장의 미래예측 연구 (II) -헬스케어 데이터경제의 미래-,임현(기술예측센터),"예측, 지속가능한 성장, 데이터, 헬스케어, 형태분석",韩文,机构正式研究,核心科技直接材料,人工智能、数据与数字技术；生命科学、生物技术与健康；科技前瞻与未来社会,P0-core-tech,https://www.kistep.re.kr/reportAllDetail.es?mid=a10305010000&rpt_no=RES0220210009&rpt_tp=831-006,https://www.kistep.re.kr/reportDownload.es?rpt_no=RES0220210009&seq=res_0026P@2,,,,0,,0,0,官方目录无本地正文,官方目录元数据，附件未列入本批,,2026-08-22
C-KISTEP-RES0220210010,RES0220210010,831-006,미래예측,2021-01-11,W2,미래 불확실성에 대응하는 환경변화 탐색 및 대응방안 연구 (I),임현(기술예측센터),"예측, 불확실성, 미래이슈, 환경 스캐닝, 협력",韩文,机构正式研究,科技创新政策与能力基线,科技前瞻与未来社会,P1-global-STI,https://www.kistep.re.kr/reportAllDetail.es?mid=a10305010000&rpt_no=RES0220210010&rpt_tp=831-006,https://www.kistep.re.kr/reportDownload.es?rpt_no=RES0220210010&seq=res_0026P@2,,,,0,,0,0,官方目录无本地正文,官方目录元数据，附件未列入本批,,2026-08-22
C-KISTEP-RES0220210015,RES0220210015,831-002,정책기획,2021-01-11,W2,규제자유특구 분석을 통한 제도·법제 개선 연구,이재훈(제도혁신센터),"규제자유특구, 규제 샌드박스, 테스트베드, 규제개선, 규제혁신",韩文,机构正式研究,科技创新政策与能力基线,产业创新、创业与区域体系,P2-STI-baseline,https://www.kistep.re.kr/reportAllDetail.es?mid=a10305010000&rpt_no=RES0220210015&rpt_tp=831-002,https://www.kistep.re.kr/reportDownload.es?rpt_no=RES0220210015&seq=res_0026P@4,,,,0,,0,0,官方目录无本地正文,官方目录元数据，附件未列入本批,,2026-08-22
C-KISTEP-RES0220210017,RES0220210017,831-003,예비타당성조사,2021-01-11,W2,2020년 국가R&D사업 사전분석 전문 네트워크 구축 및 역량 강화,이태근(예비타당성조사2센터),"예비타당성조사, 국가연구개발사업, R&D사전분석 콜로키움, 예비타당성조사 교육, 전문가세미나",韩文,机构正式研究,科技创新政策与能力基线,科研体系、研发投入与评价,P2-STI-baseline,https://www.kistep.re.kr/reportAllDetail.es?mid=a10305010000&rpt_no=RES0220210017&rpt_tp=831-003,https://www.kistep.re.kr/reportDownload.es?rpt_no=RES0220210017&seq=res_0026P@2,,,,0,,0,0,官方目录无本地正文,官方目录元数据，附件未列入本批,,2026-08-22
C-KISTEP-RES0220210018,RES0220210018,831-006,미래예측,2021-01-12,W2,2020년 기술영향평가(정밀의료 기술),조아라(기술예측센터),"기술영향평가, 유망기술, 시민참여, 기술예측, 정밀의료",韩文,机构正式研究,科技创新政策与能力基线,生命科学、生物技术与健康；科研体系、研发投入与评价；科技前瞻与未来社会,P2-STI-baseline,https://www.kistep.re.kr/reportAllDetail.es?mid=a10305010000&rpt_no=RES0220210018&rpt_tp=831-006,https://www.kistep.re.kr/reportDownload.es?rpt_no=RES0220210018&seq=res_0026P@2,,,,0,,0,0,官方目录无本地正文,官方目录元数据，附件未列入本批,,2026-08-22
C-KISTEP-RES0220210020,RES0220210020,831-002,정책기획,2021-01-12,W2,R&D예산제도 및 거버넌스의 효율화 방안에 관한 연구(Ⅰ),"강문상, 길부종(R&D예산정책센터)","연구개발, 예산이론,  재정법령, 예산제도, 예산과정",韩文,机构正式研究,科技创新政策与能力基线,科研体系、研发投入与评价,P2-STI-baseline,https://www.kistep.re.kr/reportAllDetail.es?mid=a10305010000&rpt_no=RES0220210020&rpt_tp=831-002,https://www.kistep.re.kr/reportDownload.es?rpt_no=RES0220210020&seq=res_0026P@2,,,,0,,0,0,官方目录无本地正文,官方目录元数据，附件未列入本批,,2026-08-22
C-KISTEP-RES0220210023,RES0220210023,831-003,예비타당성조사,2021-01-12,W2,연구자 집단에 대한 진술선호분석을 활용한 연구개발사업의 경제성 분석 방법 탐색 연구,정정규(예비타당성조사2센터),"예비타당성조사, 경제성 분석, 편익, 진술선호, 컨조인트",韩文,机构正式研究,科技创新政策与能力基线,科研体系、研发投入与评价；科技人才、大学与知识流动,P2-STI-baseline,https://www.kistep.re.kr/reportAllDetail.es?mid=a10305010000&rpt_no=RES0220210023&rpt_tp=831-003,https://www.kistep.re.kr/reportDownload.es?rpt_no=RES0220210023&seq=res_0026P@2,,,,0,,0,0,官方目录无本地正文,官方目录元数据，附件未列入本批,,2026-08-22
C-KISTEP-RES0220210024,RES0220210024,831-005,사업조정,2021-01-12,W2,바이오헬스 산업 성장가속화를 위한 정부R&D 예산배분 전략 연구,홍미영(생명기초사업센터),"혁신성장, 바이오 혁신생태계, 바이오헬스 산업, 정부R&D 투자, 예산배분조정",韩文,机构正式研究,核心科技直接材料,生命科学、生物技术与健康；科研体系、研发投入与评价；产业创新、创业与区域体系,P0-core-tech,https://www.kistep.re.kr/reportAllDetail.es?mid=a10305010000&rpt_no=RES0220210024&rpt_tp=831-005,https://www.kistep.re.kr/reportDownload.es?rpt_no=RES0220210024&seq=res_0026P@2,,,,0,,0,0,官方目录无本地正文,官方目录元数据，附件未列入本批,,2026-08-22
C-KISTEP-RES0220210016,RES0220210016,831-005,사업조정,2021-01-13,W2,2020년 개방형 포럼 방식을 활용한 과학기술정책 이슈연구,이길우(생명기초사업센터),"혁신성장동력, 국가R&D혁신, 사회문제해결, 과학기술포럼",韩文,机构正式研究,科技创新政策与能力基线,科研体系、研发投入与评价；产业创新、创业与区域体系,P2-STI-baseline,https://www.kistep.re.kr/reportAllDetail.es?mid=a10305010000&rpt_no=RES0220210016&rpt_tp=831-005,https://www.kistep.re.kr/reportDownload.es?rpt_no=RES0220210016&seq=res_0026P@2,,,,0,,0,0,官方目录无本地正文,官方目录元数据，附件未列入本批,,2026-08-22
C-KISTEP-PRG0720210021,PRG0720210021,831-007,위탁/협동/공동연구보고서,2021-01-14,W2,국가연구개발사업 연구지원 기준 제정 방안연구 최종보고서,박문수(단국대학교 산학협력단),국가연구개발사업 연구지원 연구개발비 연구개발성과관리 업무 표준,韩文,机构正式研究,科技创新政策与能力基线,科研体系、研发投入与评价,P2-STI-baseline,https://www.kistep.re.kr/reportAllDetail.es?mid=a10305010000&rpt_no=PRG0720210021&rpt_tp=831-007,https://www.kistep.re.kr/reportDownload.es?rpt_no=PRG0720210021&seq=prg_0071P@7,,,,0,,0,0,官方目录无本地正文,官方目录元数据，附件未列入本批,,2026-08-22
C-KISTEP-PRG0720210022,PRG0720210022,831-007,위탁/협동/공동연구보고서,2021-01-14,W2,과기 직할 출연연 기관평가 정성평가 체계 개편 연구,윤지웅(경희대학교산학협력단),"과학기술정보통신부, 직할기관평가, 정성평가, 도전성, 임무유형, 점검편람",韩文,机构正式研究,科技创新政策与能力基线,科研体系、研发投入与评价,P2-STI-baseline,https://www.kistep.re.kr/reportAllDetail.es?mid=a10305010000&rpt_no=PRG0720210022&rpt_tp=831-007,https://www.kistep.re.kr/reportDownload.es?rpt_no=PRG0720210022&seq=prg_0071P@4,,,,0,,0,0,官方目录无本地正文,官方目录元数据，附件未列入本批,,2026-08-22
C-KISTEP-PRG0720210027,PRG0720210027,831-007,위탁/협동/공동연구보고서,2021-01-14,W2,이공계 스마트인재양성 체계 구축을 위한 기획 연구,김길희(공주대학교 산학협력단),"온라인 교육, 교육 컨텐츠, 인재양성, 이공계, 교육 혁신, 기획위원회",韩文,机构正式研究,科技创新政策与能力基线,科技人才、大学与知识流动；产业创新、创业与区域体系,P2-STI-baseline,https://www.kistep.re.kr/reportAllDetail.es?mid=a10305010000&rpt_no=PRG0720210027&rpt_tp=831-007,https://www.kistep.re.kr/reportDownload.es?rpt_no=PRG0720210027&seq=prg_0071P@3,,,,0,,0,0,官方目录无本地正文,官方目录元数据，附件未列入本批,,2026-08-22
C-KISTEP-RES0220210026,RES0220210026,831-006,미래예측,2021-01-14,W2,2021년 KISTEP 미래유망기술 선정에 관한 연구 - 비대면사회의 미래유망기술 -,박노언(기술예측센터),"기술예측, 유망기술, 미래기술, 미래사회",韩文,机构正式研究,科技创新政策与能力基线,科技前瞻与未来社会,P2-STI-baseline,https://www.kistep.re.kr/reportAllDetail.es?mid=a10305010000&rpt_no=RES0220210026&rpt_tp=831-006,https://www.kistep.re.kr/reportDownload.es?rpt_no=RES0220210026&seq=res_0026P@4,,,,0,,0,0,官方目录无本地正文,官方目录元数据，附件未列入本批,,2026-08-22
C-KISTEP-RES0220210029,RES0220210029,831-005,사업조정,2021-01-18,W2,투자 효율성 제고를 위한 기술분야별 개방형 혁신전략 수립 연구 : 지식흐름 분석을 바탕으로,배용국(R&D예산정책센터),"지식흐름, 특허, 효율성, 성과",韩文,机构正式研究,科技创新政策与能力基线,科研体系、研发投入与评价；科技人才、大学与知识流动；产业创新、创业与区域体系,P2-STI-baseline,https://www.kistep.re.kr/reportAllDetail.es?mid=a10305010000&rpt_no=RES0220210029&rpt_tp=831-005,https://www.kistep.re.kr/reportDownload.es?rpt_no=RES0220210029&seq=res_0026P@2,,,,0,,0,0,官方目录无本地正文,官方目录元数据，附件未列入本批,,2026-08-22
C-KISTEP-RES0220210030,RES0220210030,831-002,정책기획,2021-01-18,W2,2020년 전략적 R&D예산배분 및 편성을 위한 정책기반 구축에 관한 연구,황지호(R&D예산정책센터),"정부정책, R&D예산, 예산배분, 투자효율화, 네트워크",韩文,机构正式研究,科技创新政策与能力基线,科研体系、研发投入与评价,P2-STI-baseline,https://www.kistep.re.kr/reportAllDetail.es?mid=a10305010000&rpt_no=RES0220210030&rpt_tp=831-002,https://www.kistep.re.kr/reportDownload.es?rpt_no=RES0220210030&seq=res_0026P@2,,,,0,,0,0,官方目录无本地正文,官方目录元数据，附件未列入本批,,2026-08-22
C-KISTEP-PRG0720210023,PRG0720210023,831-007,위탁/협동/공동연구보고서,2021-01-19,W2,청년과학기술인 인건비 제도 개선방안 연구,김소영(한국과학기술원),청년과학기술인 대학원생 인건비 과학기술인력 연구개발 경력경로,韩文,机构正式研究,科技创新政策与能力基线,科研体系、研发投入与评价；科技人才、大学与知识流动,P2-STI-baseline,https://www.kistep.re.kr/reportAllDetail.es?mid=a10305010000&rpt_no=PRG0720210023&rpt_tp=831-007,https://www.kistep.re.kr/reportDownload.es?rpt_no=PRG0720210023&seq=prg_0071P@10,,,,0,,0,0,官方目录无本地正文,官方目录元数据，附件未列入本批,,2026-08-22
C-KISTEP-RES0220210035,RES0220210035,831-003,예비타당성조사,2021-01-20,W2,2020년 R&D사업 예비타당성조사 일관성 제고를 위한 조사 체계 개선 방향 연구,황지호(예비타당성조사1센터),"예비타당성조사, 연구개발사업, 과학기술적 타당성, 정책적 타당성, 경제적 타당성",韩文,机构正式研究,科技创新政策与能力基线,科研体系、研发投入与评价,P2-STI-baseline,https://www.kistep.re.kr/reportAllDetail.es?mid=a10305010000&rpt_no=RES0220210035&rpt_tp=831-003,https://www.kistep.re.kr/reportDownload.es?rpt_no=RES0220210035&seq=res_0026P@4,,,,0,,0,0,官方目录无本地正文,官方目录元数据，附件未列入本批,,2026-08-22
C-KISTEP-RES0220210039,RES0220210039,831-002,정책기획,2021-01-20,W2,일몰혁신제도의 효율적 운영을 위한 R&D사업 전략적 관리 방안 연구,이주희(R&D예산정책센터),"일몰혁신, 사업미션, 성과분석, R&D효율성, R&D효과성",韩文,机构正式研究,科技创新政策与能力基线,科研体系、研发投入与评价；产业创新、创业与区域体系,P2-STI-baseline,https://www.kistep.re.kr/reportAllDetail.es?mid=a10305010000&rpt_no=RES0220210039&rpt_tp=831-002,https://www.kistep.re.kr/reportDownload.es?rpt_no=RES0220210039&seq=res_0026P@2,,,,0,,0,0,官方目录无本地正文,官方目录元数据，附件未列入本批,,2026-08-22
C-KISTEP-RES0220210033,RES0220210033,831-001,조사평가,2021-01-25,W2,2020년 지역 과학기술혁신 역량평가,"김동현, 안지혜(혁신정보분석센터)","복합지표, 지역, 혁신역량, 평가, 현황판",韩文,机构正式研究,科技创新政策与能力基线,科研体系、研发投入与评价；产业创新、创业与区域体系,P2-STI-baseline,https://www.kistep.re.kr/reportAllDetail.es?mid=a10305010000&rpt_no=RES0220210033&rpt_tp=831-001,https://www.kistep.re.kr/reportDownload.es?rpt_no=RES0220210033&seq=res_0026P@4,,,,0,,0,0,官方目录无本地正文,官方目录元数据，附件未列入本批,,2026-08-22
C-KISTEP-RES0220210040,RES0220210040,831-005,사업조정,2021-01-25,W2,기초연구 유형별 중장기 지원 전략 연구,윤수진(생명기초사업센터),"기초연구, 연구자 주도 기초연구, 대형연구시설·장비, 학문후속세대, 정부R&D",韩文,机构正式研究,科技创新政策与能力基线,科技人才、大学与知识流动；航天、核能与大型技术系统,P2-STI-baseline,https://www.kistep.re.kr/reportAllDetail.es?mid=a10305010000&rpt_no=RES0220210040&rpt_tp=831-005,https://www.kistep.re.kr/reportDownload.es?rpt_no=RES0220210040&seq=res_0026P@2,,,,0,,0,0,官方目录无本地正文,官方目录元数据，附件未列入本批,,2026-08-22
C-KISTEP-RES0220210043,RES0220210043,831-002,정책기획,2021-01-25,W2,2020년 민간혁신스코어보드 구축 및 발간 연구,김다은(과학기술정책센터),"스코어보드, 지표, 과학기술정책, NIS, RIS",韩文,机构正式研究,科技创新政策与能力基线,科研体系、研发投入与评价；产业创新、创业与区域体系,P2-STI-baseline,https://www.kistep.re.kr/reportAllDetail.es?mid=a10305010000&rpt_no=RES0220210043&rpt_tp=831-002,https://www.kistep.re.kr/reportDownload.es?rpt_no=RES0220210043&seq=res_0026P@2,,,,0,,0,0,官方目录无本地正文,官方目录元数据，附件未列入本批,,2026-08-22
C-KISTEP-RES0220210044,RES0220210044,831-003,예비타당성조사,2021-01-25,W2,2020년도 사업계획 적정성 재검토 보고서 코로나19 치료제 임상지원사업,황지호(예비타당성조사1센터),"코로나19, 치료제, 임상시험, 감염병, 타당성조사",韩文,机构正式研究,科技创新政策与能力基线,科技创新政策与研究体系,P2-STI-baseline,https://www.kistep.re.kr/reportAllDetail.es?mid=a10305010000&rpt_no=RES0220210044&rpt_tp=831-003,https://www.kistep.re.kr/reportDownload.es?rpt_no=RES0220210044&seq=res_0026P@2,,,,0,,0,0,官方目录无本地正文,官方目录元数据，附件未列入本批,,2026-08-22
C-KISTEP-RES0220210045,RES0220210045,831-003,예비타당성조사,2021-01-25,W2,2020년도 사업계획 적정성 재검토 보고서 코로나19 백신 임상지원사업,황지호(예비타당성조사1센터),"코로나19, 백신, 임상시험, 감염병, 타당성조사",韩文,机构正式研究,科技创新政策与能力基线,生命科学、生物技术与健康,P2-STI-baseline,https://www.kistep.re.kr/reportAllDetail.es?mid=a10305010000&rpt_no=RES0220210045&rpt_tp=831-003,https://www.kistep.re.kr/reportDownload.es?rpt_no=RES0220210045&seq=res_0026P@2,,,,0,,0,0,官方目录无本地正文,官方目录元数据，附件未列入本批,,2026-08-22
C-KISTEP-RES0220210027,RES0220210027,831-005,사업조정,2021-01-26,W2,2020년도 글로벌 R&D 투자동향 분석,전승수(사업조정전략센터),"글로벌 과학기술 이슈, 예산 추이, 혁신 역량, 성장동력, 삶의 질",韩文,机构正式研究,科技创新政策与能力基线,科研体系、研发投入与评价；产业创新、创业与区域体系,P1-global-STI,https://www.kistep.re.kr/reportAllDetail.es?mid=a10305010000&rpt_no=RES0220210027&rpt_tp=831-005,https://www.kistep.re.kr/reportDownload.es?rpt_no=RES0220210027&seq=res_0026P@2,,,,0,,0,0,官方目录无本地正文,官方目录元数据，附件未列入本批,,2026-08-22
C-KISTEP-RES0220210028,RES0220210028,831-005,사업조정,2021-01-26,W2,2020년 기술혁신 아젠다 발굴 및 R&D 투자전략 수립 연구,이길우(거대공공사업센터),"기획역량, 예산배분, 투자전략, 과학기술, 정책제안",韩文,机构正式研究,科技创新政策与能力基线,科研体系、研发投入与评价；产业创新、创业与区域体系,P2-STI-baseline,https://www.kistep.re.kr/reportAllDetail.es?mid=a10305010000&rpt_no=RES0220210028&rpt_tp=831-005,https://www.kistep.re.kr/reportDownload.es?rpt_no=RES0220210028&seq=res_0026P@2,,,,0,,0,0,官方目录无本地正文,官方目录元数据，附件未列入本批,,2026-08-22
C-KISTEP-RES0220210032,RES0220210032,831-001,조사평가,2021-01-26,W2,연구활동 지원역량평가,황병용(제도혁신센터),"국가연구개발,연구관리,지원역량,비영리기관,",韩文,机构正式研究,科技创新政策与能力基线,科研体系、研发投入与评价,P2-STI-baseline,https://www.kistep.re.kr/reportAllDetail.es?mid=a10305010000&rpt_no=RES0220210032&rpt_tp=831-001,https://www.kistep.re.kr/reportDownload.es?rpt_no=RES0220210032&seq=res_0026P@5,,,,0,,0,0,官方目录无本地正文,官方目录元数据，附件未列入本批,,2026-08-22
C-KISTEP-RES0220210034,RES0220210034,831-005,사업조정,2021-01-26,W2,인공지능 기반 국내외 바이오헬스 기술개발 동향 비교분석 연구,유거송(생명기초사업센터),"기계학습, 인공지능, 연구개발 동향분석, 자연어처리, 바이오헬스",韩文,机构正式研究,核心科技直接材料,人工智能、数据与数字技术；生命科学、生物技术与健康；科研体系、研发投入与评价,P0-core-tech,https://www.kistep.re.kr/reportAllDetail.es?mid=a10305010000&rpt_no=RES0220210034&rpt_tp=831-005,https://www.kistep.re.kr/reportDownload.es?rpt_no=RES0220210034&seq=res_0026P@2,,,,0,,0,0,官方目录无本地正文,官方目录元数据，附件未列入本批,,2026-08-22
C-KISTEP-RES0220210041,RES0220210041,831-002,정책기획,2021-01-26,W2,2019년도 과학기술분야 중장기계획 조사·분석,심정민(과학기술정책센터),"중장기계획, 연계맵, 과학, 기술, 조사분석",韩文,机构正式研究,科技创新政策与能力基线,科技创新政策与研究体系,P2-STI-baseline,https://www.kistep.re.kr/reportAllDetail.es?mid=a10305010000&rpt_no=RES0220210041&rpt_tp=831-002,https://www.kistep.re.kr/reportDownload.es?rpt_no=RES0220210041&seq=res_0026P@2,,,,0,,0,0,官方目录无本地正文,官方目录元数据，附件未列入本批,,2026-08-22
C-KISTEP-RES0220210042,RES0220210042,831-002,정책기획,2021-01-26,W2,2020년 과학기술 & ICT 정책·기술 동향 분석,서행아(과학기술정책센터),"혁신전략, 미래기술, 신성장동력, 국가혁신시스템, 지역혁신시스템",韩文,机构正式研究,科技创新政策与能力基线,产业创新、创业与区域体系；科技前瞻与未来社会,P2-STI-baseline,https://www.kistep.re.kr/reportAllDetail.es?mid=a10305010000&rpt_no=RES0220210042&rpt_tp=831-002,https://www.kistep.re.kr/reportDownload.es?rpt_no=RES0220210042&seq=res_0026P@2,,,,0,,0,0,官方目录无本地正文,官方目录元数据，附件未列入本批,,2026-08-22
C-KISTEP-RES0220210046,RES0220210046,831-002,정책기획,2021-01-26,W2,Post 코로나 과학기술외교·국제협력 전략 연구,김진하(국제협력정책센터),"포스트 코로나, 과학기술외교, 국제협력, 국제공동연구",韩文,机构正式研究,科技创新政策与能力基线,技术安全、供应链与国际合作,P1-global-STI,https://www.kistep.re.kr/reportAllDetail.es?mid=a10305010000&rpt_no=RES0220210046&rpt_tp=831-002,https://www.kistep.re.kr/reportDownload.es?rpt_no=RES0220210046&seq=res_0026P@3,,,,0,,0,0,官方目录无本地正文,官方目录元数据，附件未列入本批,,2026-08-22
C-KISTEP-RES0220210047,RES0220210047,831-002,정책기획,2021-01-26,W2,정부 R&D투자의 전략성 제고를 위한 경제적 효과 예측모형 구축 연구 (I),홍찬영(R&D예산정책센터),"연구개발 단계, 거시경제 모형, 경제사회적 효과, 정책분석, 사전평가",韩文,机构正式研究,科技创新政策与能力基线,科研体系、研发投入与评价；科技前瞻与未来社会,P2-STI-baseline,https://www.kistep.re.kr/reportAllDetail.es?mid=a10305010000&rpt_no=RES0220210047&rpt_tp=831-002,https://www.kistep.re.kr/reportDownload.es?rpt_no=RES0220210047&seq=res_0026P@4,,,,0,,0,0,官方目录无本地正文,官方目录元数据，附件未列入本批,,2026-08-22
C-KISTEP-RES0220210048,RES0220210048,831-004,성과확산,2021-01-26,W2,2020년 ‘KISTEP 이슈 페이퍼’ 발간을 통한 정책역량 강화방안 연구,정동덕(혁신전략연구소),"한국과학기술기획평가원,정기간행물, 과학기술정책, 이슈페이퍼",韩文,机构正式研究,科技创新政策与能力基线,科研体系、研发投入与评价,P2-STI-baseline,https://www.kistep.re.kr/reportAllDetail.es?mid=a10305010000&rpt_no=RES0220210048&rpt_tp=831-004,https://www.kistep.re.kr/reportDownload.es?rpt_no=RES0220210048&seq=res_0026P@2,,,,0,,0,0,官方目录无本地正文,官方目录元数据，附件未列入本批,,2026-08-22
C-KISTEP-RES0220210049,RES0220210049,831-006,미래예측,2021-01-26,W2,2020년 국가과학기술표준분류체계의 개선 및 활용기반 구축,이상남(기술예측센터),"과학기술, 표준분류체계, 개정수요, 적합성 평가, 융합연구",韩文,机构正式研究,科技创新政策与能力基线,科研体系、研发投入与评价,P2-STI-baseline,https://www.kistep.re.kr/reportAllDetail.es?mid=a10305010000&rpt_no=RES0220210049&rpt_tp=831-006,https://www.kistep.re.kr/reportDownload.es?rpt_no=RES0220210049&seq=res_0026P@2,,,,0,,0,0,官方目录无本地正文,官方目录元数据，附件未列入本批,,2026-08-22
C-KISTEP-RES0220210053,RES0220210053,831-002,정책기획,2021-01-26,W2,과학기술인력 육성·성장 체계의 미래(I) - 출연연 과학기술인력 재교육 체계를 중심으로-,이정재(혁신전략연구소),"과학기술인력 육성-성장 체계 미래, 과학기술 혁신정책, 체계 혁신, 인력개발 ",韩文,机构正式研究,科技创新政策与能力基线,科技人才、大学与知识流动；产业创新、创业与区域体系；科技前瞻与未来社会,P2-STI-baseline,https://www.kistep.re.kr/reportAllDetail.es?mid=a10305010000&rpt_no=RES0220210053&rpt_tp=831-002,https://www.kistep.re.kr/reportDownload.es?rpt_no=RES0220210053&seq=res_0026P@4,,,,0,,0,0,官方目录无本地正文,官方目录元数据，附件未列入本批,,2026-08-22
C-KISTEP-RES0220210055,RES0220210055,831-003,예비타당성조사,2021-01-26,W2,2020년도 예비타당성조사 요구 국가연구개발사업 예타 대상선정(기술성평가),안상진(예비타당성조사3센터),"예타 대상선정, 기술성평가",韩文,机构正式研究,科技创新政策与能力基线,科研体系、研发投入与评价,P2-STI-baseline,https://www.kistep.re.kr/reportAllDetail.es?mid=a10305010000&rpt_no=RES0220210055&rpt_tp=831-003,https://www.kistep.re.kr/reportDownload.es?rpt_no=RES0220210055&seq=res_0026P@2,,,,0,,0,0,官方目录无本地正文,官方目录元数据，附件未列入本批,,2026-08-22
C-KISTEP-RES0220210057,RES0220210057,831-002,정책기획,2021-01-26,W2,2020년 과학기술혁신정책 Scoreboard,변순천(과학기술정책센터),"과학기술정책, 과학기술혁신정책, 인식조사, 스코어보드, 지표",韩文,机构正式研究,科技创新政策与能力基线,科研体系、研发投入与评价；产业创新、创业与区域体系,P2-STI-baseline,https://www.kistep.re.kr/reportAllDetail.es?mid=a10305010000&rpt_no=RES0220210057&rpt_tp=831-002,https://www.kistep.re.kr/reportDownload.es?rpt_no=RES0220210057&seq=res_0026P@2,,,,0,,0,0,官方目录无本地正文,官方目录元数据，附件未列入本批,,2026-08-22
C-KISTEP-RES0220210058,RES0220210058,831-001,조사평가,2021-01-26,W2,학생인건비 통합관리제 기획 및 운영,박일주(제도혁신센터),"학생인건비, 학생연구원",韩文,机构正式研究,科技创新政策与能力基线,科技创新政策与研究体系,P2-STI-baseline,https://www.kistep.re.kr/reportAllDetail.es?mid=a10305010000&rpt_no=RES0220210058&rpt_tp=831-001,https://www.kistep.re.kr/reportDownload.es?rpt_no=RES0220210058&seq=res_0026P@9,,,,0,,0,0,官方目录无本地正文,官方目录元数据，附件未列入本批,,2026-08-22
C-KISTEP-RES0220210060,RES0220210060,831-002,정책기획,2021-01-26,W2,2020년 과학기술인력(HRST) 스코어보드,김지홍(인재정책센터),"과학기술인력, 스코어보드, 지표, 지수",韩文,机构正式研究,科技创新政策与能力基线,科技人才、大学与知识流动,P2-STI-baseline,https://www.kistep.re.kr/reportAllDetail.es?mid=a10305010000&rpt_no=RES0220210060&rpt_tp=831-002,https://www.kistep.re.kr/reportDownload.es?rpt_no=RES0220210060&seq=res_0026P@2,,,,0,,0,0,官方目录无本地正文,官方目录元数据，附件未列入本批,,2026-08-22
C-KISTEP-RES0220210031,RES0220210031,831-004,성과확산,2021-01-27,W2,정부R&D 성과관리 및 활용 촉진을 위한 정책 기반 연구,최광희(성과확산센터),"정부R&D, R&D성과, R&D성과정책, R&D성과관리, R&D성과활용",韩文,机构正式研究,科技创新政策与能力基线,科研体系、研发投入与评价,P2-STI-baseline,https://www.kistep.re.kr/reportAllDetail.es?mid=a10305010000&rpt_no=RES0220210031&rpt_tp=831-004,https://www.kistep.re.kr/reportDownload.es?rpt_no=RES0220210031&seq=res_0026P@2,,,,0,,0,0,官方目录无本地正文,官方目录元数据，附件未列入本批,,2026-08-22
C-KISTEP-RES0220210054,RES0220210054,831-002,정책기획,2021-01-27,W2,2020년 산학연협력 스코어보드 연구,정선민(미래성장정책센터),"산학연, 협력, 스코어보드",韩文,机构正式研究,科技创新政策与能力基线,科技创新政策与研究体系,P1-global-STI,https://www.kistep.re.kr/reportAllDetail.es?mid=a10305010000&rpt_no=RES0220210054&rpt_tp=831-002,https://www.kistep.re.kr/reportDownload.es?rpt_no=RES0220210054&seq=res_0026P@2,,,,0,,0,0,官方目录无本地正文,官方目录元数据，附件未列入本批,,2026-08-22
C-KISTEP-RES0220210056,RES0220210056,831-002,정책기획,2021-01-27,W2,"2020년 지방과학기술연감, 2020년 지역 R&D 실태조사",오서연(지역정책팀),"지역, 지역혁신체계, 지방과학기술, 지역 연구개발, 지역 R&D 실태조사",韩文,机构正式研究,科技创新政策与能力基线,科研体系、研发投入与评价；产业创新、创业与区域体系,P2-STI-baseline,https://www.kistep.re.kr/reportAllDetail.es?mid=a10305010000&rpt_no=RES0220210056&rpt_tp=831-002,https://www.kistep.re.kr/reportDownload.es?rpt_no=RES0220210056&seq=res_0026P@6,,,,0,,0,0,官方目录无本地正文,官方目录元数据，附件未列入本批,,2026-08-22
C-KISTEP-RES0220210052,RES0220210052,831-006,미래예측,2021-01-28,W2,제6회 과학기술예측조사 연구(1차년도),정의진(기술예측센터),"6회 과학기술예측조사, 기술예측, 트렌드 조사, 미래 이슈",韩文,机构正式研究,科技创新政策与能力基线,科技前瞻与未来社会,P2-STI-baseline,https://www.kistep.re.kr/reportAllDetail.es?mid=a10305010000&rpt_no=RES0220210052&rpt_tp=831-006,https://www.kistep.re.kr/reportDownload.es?rpt_no=RES0220210052&seq=res_0026P@3,,,,0,,0,0,官方目录无本地正文,官方目录元数据，附件未列入本批,,2026-08-22
C-KISTEP-RES0220210059,RES0220210059,831-002,정책기획,2021-01-28,W2,2020년 과학기술·사회혁신 스코어보드 구축 및 발간 연구,이승규(사회혁신정책센터),"사회문제, 과학기술, 스코어보드, 지표, 인식조사",韩文,机构正式研究,科技创新政策与能力基线,产业创新、创业与区域体系,P2-STI-baseline,https://www.kistep.re.kr/reportAllDetail.es?mid=a10305010000&rpt_no=RES0220210059&rpt_tp=831-002,https://www.kistep.re.kr/reportDownload.es?rpt_no=RES0220210059&seq=res_0026P@2,,,,0,,0,0,官方目录无本地正文,官方目录元数据，附件未列入本批,,2026-08-22
C-KISTEP-PRG0720210051,PRG0720210051,831-007,위탁/협동/공동연구보고서,2021-01-31,W2,연구중심대학 혁신성장을 위한 대학 내 연구소 발전방안 연구,장대진(계명대학교),"연구중심대학, 대학내연구소, 이학분야 선도연구센터(SRC), 기초의과학분야 선도연구센터(MRC), 공학분야 선도연구센터(ERC)",韩文,机构正式研究,科技创新政策与能力基线,科技人才、大学与知识流动；产业创新、创业与区域体系,P2-STI-baseline,https://www.kistep.re.kr/reportAllDetail.es?mid=a10305010000&rpt_no=PRG0720210051&rpt_tp=831-007,https://www.kistep.re.kr/reportDownload.es?rpt_no=PRG0720210051&seq=prg_0071P@3,,,,0,,0,0,官方目录无本地正文,官方目录元数据，附件未列入本批,,2026-08-22
C-KISTEP-RES0220210064,RES0220210064,831-005,사업조정,2021-02-01,W2,효율성 분석에 기초한 지역 R&D 사업 개선방향에 관한 연구 : 기술개발 사업을 중심으로,박석종(R&D예산정책센터),"연구개발 효율성, 지역 R&D, 자료포락분석",韩文,机构正式研究,科技创新政策与能力基线,科研体系、研发投入与评价；产业创新、创业与区域体系,P2-STI-baseline,https://www.kistep.re.kr/reportAllDetail.es?mid=a10305010000&rpt_no=RES0220210064&rpt_tp=831-005,https://www.kistep.re.kr/reportDownload.es?rpt_no=RES0220210064&seq=res_0026P@2,,,,0,,0,0,官方目录无本地正文,官方目录元数据，附件未列入本批,,2026-08-22
C-KISTEP-RES0220210065,RES0220210065,831-005,사업조정,2021-02-01,W2,기술-산업 연계 강화를 위한 R&D 인프라의 플랫폼화 방안 연구,"김선재, 유형정(성장동력사업센터)","정부 연구개발, 인프라, 플랫폼, 기술-산업 연계, 예산심의",韩文,机构正式研究,科技创新政策与能力基线,科研体系、研发投入与评价；产业创新、创业与区域体系,P2-STI-baseline,https://www.kistep.re.kr/reportAllDetail.es?mid=a10305010000&rpt_no=RES0220210065&rpt_tp=831-005,https://www.kistep.re.kr/reportDownload.es?rpt_no=RES0220210065&seq=res_0026P@2,,,,0,,0,0,官方目录无本地正文,官方目录元数据，附件未列入本批,,2026-08-22
C-KISTEP-RES0220210066,RES0220210066,831-001,조사평가,2021-02-01,W2,국가연구개발사업 유형별 성과분석평가방법 개발 연구,오현환(R&D평가센터),"국가연구개발사업, 성과평가방법, 사업유형, 상위평가",韩文,机构正式研究,科技创新政策与能力基线,科研体系、研发投入与评价,P2-STI-baseline,https://www.kistep.re.kr/reportAllDetail.es?mid=a10305010000&rpt_no=RES0220210066&rpt_tp=831-001,https://www.kistep.re.kr/reportDownload.es?rpt_no=RES0220210066&seq=res_0026P@1,,,,0,,0,0,官方目录无本地正文,官方目录元数据，附件未列入本批,,2026-08-22
C-KISTEP-RES0220210067,RES0220210067,831-002,정책기획,2021-02-01,W2,2020년 과학기술혁신정책 핵심이슈 발굴 및 인텔리전스 기능 강화 연구,변순천(과학기술정책센터),"과학기술혁신, 과학기술혁신 정책, 인텔리전스, 혁신, 아젠다",韩文,机构正式研究,科技创新政策与能力基线,产业创新、创业与区域体系,P2-STI-baseline,https://www.kistep.re.kr/reportAllDetail.es?mid=a10305010000&rpt_no=RES0220210067&rpt_tp=831-002,https://www.kistep.re.kr/reportDownload.es?rpt_no=RES0220210067&seq=res_0026P@2,,,,0,,0,0,官方目录无本地正文,官方目录元数据，附件未列入本批,,2026-08-22
C-KISTEP-RES0220210068,RES0220210068,831-002,정책기획,2021-02-01,W2,과학기술의 사회·경제적 파급효과 분석방안 연구,"엄익천, 황인영(혁신전략연구소)","과학기술, 사회·경제적 파급효과, 연산가능일반균형모형, 행위자기반모델링, 자료포락분석",韩文,机构正式研究,科技创新政策与能力基线,科技创新政策与研究体系,P2-STI-baseline,https://www.kistep.re.kr/reportAllDetail.es?mid=a10305010000&rpt_no=RES0220210068&rpt_tp=831-002,https://www.kistep.re.kr/reportDownload.es?rpt_no=RES0220210068&seq=res_0026P@4,,,,0,,0,0,官方目录无本地正文,官方目录元数据，附件未列入本批,,2026-08-22
C-KISTEP-RES0220210069,RES0220210069,831-002,정책기획,2021-02-01,W2,2020년 지역과학기술산업 스코어보드,"김동현, 안지혜(혁신정보분석센터)","복합지수, 지역, 혁신역량, 평가, 현황판",韩文,机构正式研究,科技创新政策与能力基线,科研体系、研发投入与评价；产业创新、创业与区域体系,P2-STI-baseline,https://www.kistep.re.kr/reportAllDetail.es?mid=a10305010000&rpt_no=RES0220210069&rpt_tp=831-002,https://www.kistep.re.kr/reportDownload.es?rpt_no=RES0220210069&seq=res_0026P@2,,,,0,,0,0,官方目录无本地正文,官方目录元数据，附件未列入本批,,2026-08-22
C-KISTEP-RES0220210072,RES0220210072,831-001,조사평가,2021-02-02,W2,국가연구개발사업 간접비 제도 운영에 관한 연구,구명회(제도혁신센터),"국가연구개발사업, 비영리법인, 간접비 비율산출",韩文,机构正式研究,科技创新政策与能力基线,科研体系、研发投入与评价,P2-STI-baseline,https://www.kistep.re.kr/reportAllDetail.es?mid=a10305010000&rpt_no=RES0220210072&rpt_tp=831-001,https://www.kistep.re.kr/reportDownload.es?rpt_no=RES0220210072&seq=res_0026P@2,,,,0,,0,0,官方目录无本地正文,官方目录元数据，附件未列入本批,,2026-08-22
C-KISTEP-RES0220210075,RES0220210075,831-001,조사평가,2021-02-02,W2,2020년도 국가연구개발사업 상위평가 보고서(종료평가),오현환(R&D평가센터),"종료, 후속, 상위, 자체, 효율성, 최종목표",韩文,机构正式研究,科技创新政策与能力基线,科研体系、研发投入与评价,P2-STI-baseline,https://www.kistep.re.kr/reportAllDetail.es?mid=a10305010000&rpt_no=RES0220210075&rpt_tp=831-001,https://www.kistep.re.kr/reportDownload.es?rpt_no=RES0220210075&seq=res_0026P@2,,,,0,,0,0,官方目录无本地正文,官方目录元数据，附件未列入本批,,2026-08-22
C-KISTEP-RES0220210073,RES0220210073,831-004,성과확산,2021-02-03,W2,국가연구개발 연구성과 관리·활용 실태조사,"김남희, 이종선(성과확산센터)","연구성과, 성과활용, 국가연구개발사업, 실태조사",韩文,机构正式研究,科技创新政策与能力基线,科研体系、研发投入与评价,P2-STI-baseline,https://www.kistep.re.kr/reportAllDetail.es?mid=a10305010000&rpt_no=RES0220210073&rpt_tp=831-004,https://www.kistep.re.kr/reportDownload.es?rpt_no=RES0220210073&seq=res_0026P@3,,,,0,,0,0,官方目录无本地正文,官方目录元数据，附件未列入本批,,2026-08-22
C-KISTEP-RES0220210074,RES0220210074,831-004,성과확산,2021-02-03,W2,연구성과 관리·유통 전담기관 제도 운영,"김남희, 이종선(성과확산센터)","연구성과, 성과관리활용, 연구성과 관리유통 전담기관, 역량강화",韩文,机构正式研究,科技创新政策与能力基线,科研体系、研发投入与评价,P2-STI-baseline,https://www.kistep.re.kr/reportAllDetail.es?mid=a10305010000&rpt_no=RES0220210074&rpt_tp=831-004,https://www.kistep.re.kr/reportDownload.es?rpt_no=RES0220210074&seq=res_0026P@3,,,,0,,0,0,官方目录无本地正文,官方目录元数据，附件未列入本批,,2026-08-22
C-KISTEP-RES0220210070,RES0220210070,831-005,사업조정,2021-02-05,W2,우주 분야 이머징 기술의 트렌드 분석을 통한 국내 연구개발 장기 투자 대응방안 도출 연구,이재민(거대공공사업센터),"우주개발, 이머징 기술, 트렌드 분석, 기술 예측, 시나리오 플래닝",韩文,机构正式研究,核心科技直接材料,科研体系、研发投入与评价；科技前瞻与未来社会；航天、核能与大型技术系统,P0-core-tech,https://www.kistep.re.kr/reportAllDetail.es?mid=a10305010000&rpt_no=RES0220210070&rpt_tp=831-005,https://www.kistep.re.kr/reportDownload.es?rpt_no=RES0220210070&seq=res_0026P@2,,,,0,,0,0,官方目录无本地正文,官方目录元数据，附件未列入本批,,2026-08-22
C-KISTEP-RES0220210076,RES0220210076,831-002,정책기획,2021-02-05,W2,범부처 사회문제해결 기반 구축,이승규(사회혁신정책센터),"과학기술기반 사회문제해결, 사회문제해결형 R&D사업, 삶의 질, 국민 행복, 종합계획",韩文,机构正式研究,科技创新政策与能力基线,科技创新政策与研究体系,P2-STI-baseline,https://www.kistep.re.kr/reportAllDetail.es?mid=a10305010000&rpt_no=RES0220210076&rpt_tp=831-002,https://www.kistep.re.kr/reportDownload.es?rpt_no=RES0220210076&seq=res_0026P@5,,,,0,,0,0,官方目录无本地正文,官方目录元数据，附件未列入本批,,2026-08-22
C-KISTEP-RES0220210071,RES0220210071,831-002,정책기획,2021-02-08,W2,정부 R&D 연구지원통합시스템 개발 및 구축(1단계),신문봉(표준화기획센터),"과제지원시스템, 연구비, 연구자정보, 연구관리전문기관",韩文,机构正式研究,科技创新政策与能力基线,科研体系、研发投入与评价；科技人才、大学与知识流动,P2-STI-baseline,https://www.kistep.re.kr/reportAllDetail.es?mid=a10305010000&rpt_no=RES0220210071&rpt_tp=831-002,https://www.kistep.re.kr/reportDownload.es?rpt_no=RES0220210071&seq=res_0026P@5,,,,0,,0,0,官方目录无本地正文,官方目录元数据，附件未列入本批,,2026-08-22
C-KISTEP-PRG0720210024,PRG0720210024,831-007,위탁/협동/공동연구보고서,2021-02-09,W2,이해충돌의 관리를 위한 가이드라인 작성에 관한 연구,노환진(한국과학기술단체총연합회),연구윤리 이해의 충돌 직무의 충돌 재정적 이해의 충돌,韩文,机构正式研究,科技创新政策与能力基线,科技创新政策与研究体系,P2-STI-baseline,https://www.kistep.re.kr/reportAllDetail.es?mid=a10305010000&rpt_no=PRG0720210024&rpt_tp=831-007,https://www.kistep.re.kr/reportDownload.es?rpt_no=PRG0720210024&seq=prg_0071P@7,,,,0,,0,0,官方目录无本地正文,官方目录元数据，附件未列入本批,,2026-08-22
C-KISTEP-RES0220210078,RES0220210078,831-001,조사평가,2021-02-10,W2,2020년 연구관리전문기관 체계 개선방안 연구,황병용(제도혁신센터)," 국가혁신체제, 연구관리전문기관, R&D 전주기적 관점, 연구 성과",韩文,机构正式研究,科技创新政策与能力基线,科研体系、研发投入与评价；产业创新、创业与区域体系,P2-STI-baseline,https://www.kistep.re.kr/reportAllDetail.es?mid=a10305010000&rpt_no=RES0220210078&rpt_tp=831-001,https://www.kistep.re.kr/reportDownload.es?rpt_no=RES0220210078&seq=res_0026P@3,,,,0,,0,0,官方目录无本地正文,官方目录元数据，附件未列入本批,,2026-08-22
C-KISTEP-RES0220210050,RES0220210050,831-001,조사평가,2021-02-15,W2,2019년도 연구개발활동조사,정민우(혁신정보분석센터),"연구개발비, 연구인력, 공공부문 연구개발, 민간부문 연구개발, 통계",韩文,机构正式研究,科技创新政策与能力基线,科研体系、研发投入与评价；科技人才、大学与知识流动,P2-STI-baseline,https://www.kistep.re.kr/reportAllDetail.es?mid=a10305010000&rpt_no=RES0220210050&rpt_tp=831-001,https://www.kistep.re.kr/reportDownload.es?rpt_no=RES0220210050&seq=res_0026P@4,,,,0,,0,0,官方目录无本地正文,官方目录元数据，附件未列入本批,,2026-08-22
C-KISTEP-RES0220210079,RES0220210079,831-001,조사평가,2021-02-15,W2,2019년도 국가연구개발사업 성과분석,이현익(혁신정보분석센터),"국가연구개발사업, 성과분석, SCIE분석",韩文,机构正式研究,科技创新政策与能力基线,科研体系、研发投入与评价,P2-STI-baseline,https://www.kistep.re.kr/reportAllDetail.es?mid=a10305010000&rpt_no=RES0220210079&rpt_tp=831-001,https://www.kistep.re.kr/reportDownload.es?rpt_no=RES0220210079&seq=res_0026P@2,,,,0,,0,0,官方目录无本地正文,官方目录元数据，附件未列入本批,,2026-08-22
C-KISTEP-RES0220210081,RES0220210081,831-002,정책기획,2021-02-15,W2,과학기술외교 추진전략 및 체계기반 구축연구,김진하(국제협력정책센터),"과학기술외교, 과학기술 국제협력, 로드맵, 공적개발원조, 과학기술외교 인재",韩文,机构正式研究,科技创新政策与能力基线,科技人才、大学与知识流动；技术安全、供应链与国际合作,P1-global-STI,https://www.kistep.re.kr/reportAllDetail.es?mid=a10305010000&rpt_no=RES0220210081&rpt_tp=831-002,https://www.kistep.re.kr/reportDownload.es?rpt_no=RES0220210081&seq=res_0026P@5,,,,0,,0,0,官方目录无本地正文,官方目录元数据，附件未列入本批,,2026-08-22
C-KISTEP-RES0220210082,RES0220210082,831-002,정책기획,2021-02-15,W2,국가연구개발 혁신을 위한 법제 연구,이재훈(제도혁신센터),"국가연구개발사업, 국가연구개발혁신법, 연구개발 법제 개선, 연구개발 제도개선, 연구개발 규제개선",韩文,机构正式研究,科技创新政策与能力基线,科研体系、研发投入与评价；产业创新、创业与区域体系,P2-STI-baseline,https://www.kistep.re.kr/reportAllDetail.es?mid=a10305010000&rpt_no=RES0220210082&rpt_tp=831-002,https://www.kistep.re.kr/reportDownload.es?rpt_no=RES0220210082&seq=res_0026P@3,,,,0,,0,0,官方目录无本地正文,官方目录元数据，附件未列入本批,,2026-08-22
C-KISTEP-RES0220210083,RES0220210083,831-001,조사평가,2021-02-19,W2,2020년 국가연구개발 성과평가 정책수립 및 성과평가 실시,오현환(R&D평가센터),성과평가정책수립; 특정평가; 종료평가; 추적평가; 기술성평가,韩文,机构正式研究,科技创新政策与能力基线,科研体系、研发投入与评价,P2-STI-baseline,https://www.kistep.re.kr/reportAllDetail.es?mid=a10305010000&rpt_no=RES0220210083&rpt_tp=831-001,https://www.kistep.re.kr/reportDownload.es?rpt_no=RES0220210083&seq=res_0026P@3,,,,0,,0,0,官方目录无本地正文,官方目录元数据，附件未列入本批,,2026-08-22
C-KISTEP-RES0220210086,RES0220210086,831-001,조사평가,2021-02-19,W2,2020년도 과학기술분야 출연연구기관 상위평가보고서,오현환(R&D평가센터),"정부출연연구기관, 자체평가, 상위평가",韩文,机构正式研究,科技创新政策与能力基线,科研体系、研发投入与评价,P2-STI-baseline,https://www.kistep.re.kr/reportAllDetail.es?mid=a10305010000&rpt_no=RES0220210086&rpt_tp=831-001,https://www.kistep.re.kr/reportDownload.es?rpt_no=RES0220210086&seq=res_0026P@2,,,,0,,0,0,官方目录无本地正文,官方目录元数据，附件未列入本批,,2026-08-22
C-KISTEP-RES0220210087,RES0220210087,831-001,조사평가,2021-02-24,W2,공공부문 연구혁신 진단을 위한 다출처 자료 연계 및 활용 방안 연구,이윤빈(혁신정보분석센터)," 연구혁신 정책, 다출처, 자료 연계, 공공부문, 마이크로 데이터",韩文,机构正式研究,核心科技直接材料,人工智能、数据与数字技术；产业创新、创业与区域体系,P0-core-tech,https://www.kistep.re.kr/reportAllDetail.es?mid=a10305010000&rpt_no=RES0220210087&rpt_tp=831-001,https://www.kistep.re.kr/reportDownload.es?rpt_no=RES0220210087&seq=res_0026P@2,,,,0,,0,0,官方目录无本地正文,官方目录元数据，附件未列入本批,,2026-08-22
C-KISTEP-RES0220210090,RES0220210090,831-001,조사평가,2021-02-24,W2,2020 과학기술 통계백서,김행미(혁신정보분석센터),"과학기술, 통계, 지표, 백서, 추제",韩文,机构正式研究,科技创新政策与能力基线,科技创新政策与研究体系,P2-STI-baseline,https://www.kistep.re.kr/reportAllDetail.es?mid=a10305010000&rpt_no=RES0220210090&rpt_tp=831-001,https://www.kistep.re.kr/reportDownload.es?rpt_no=RES0220210090&seq=res_0026P@2,,,,0,,0,0,官方目录无本地正文,官方目录元数据，附件未列入本批,,2026-08-22
C-KISTEP-RES0220210091,RES0220210091,831-001,조사평가,2021-02-24,W2,2020년도 과학기술 정책의 과학화 기반구축 연구,이윤빈(혁신정보분석센터),"과학기술정책의과학화, 증거기반, 방법론 개발, 정책의사결정, 과학기술정책지원서비스",韩文,机构正式研究,科技创新政策与能力基线,科研体系、研发投入与评价,P2-STI-baseline,https://www.kistep.re.kr/reportAllDetail.es?mid=a10305010000&rpt_no=RES0220210091&rpt_tp=831-001,https://www.kistep.re.kr/reportDownload.es?rpt_no=RES0220210091&seq=res_0026P@4,,,,0,,0,0,官方目录无本地正文,官方目录元数据，附件未列入本批,,2026-08-22
C-KISTEP-RES0220210092,RES0220210092,831-002,정책기획,2021-02-24,W2,과학기술혁신 추진 기반 영역의 주요 정책 아젠다 발굴을 위한 연구,이도형(과학기술정책센터),"과학기술혁신, 과학기술기본계획, R&D 혁신, 과학기술정책아젠다, 연구기술혁신",韩文,机构正式研究,科技创新政策与能力基线,科研体系、研发投入与评价；产业创新、创业与区域体系,P2-STI-baseline,https://www.kistep.re.kr/reportAllDetail.es?mid=a10305010000&rpt_no=RES0220210092&rpt_tp=831-002,https://www.kistep.re.kr/reportDownload.es?rpt_no=RES0220210092&seq=res_0026P@2,,,,0,,0,0,官方目录无本地正文,官方目录元数据，附件未列入本批,,2026-08-22
C-KISTEP-RES0220210093,RES0220210093,831-001,조사평가,2021-02-24,W2,2020년 국가 과학기술혁신역량평가,김선경(혁신정보분석센터),"혁신역량, OECD 과학기술, 복합지수",韩文,机构正式研究,科技创新政策与能力基线,科研体系、研发投入与评价；产业创新、创业与区域体系,P2-STI-baseline,https://www.kistep.re.kr/reportAllDetail.es?mid=a10305010000&rpt_no=RES0220210093&rpt_tp=831-001,https://www.kistep.re.kr/reportDownload.es?rpt_no=RES0220210093&seq=res_0026P@4,,,,0,,0,0,官方目录无本地正文,官方目录元数据，附件未列入本批,,2026-08-22
C-KISTEP-RES0220210088,RES0220210088,831-001,조사평가,2021-02-26,W2,2020년도 국가연구개발사업 상위평가 보고서 추적평가,오현환(R&D평가센터),"국가연구개발사업, 추적평가, 상위평가",韩文,机构正式研究,科技创新政策与能力基线,科研体系、研发投入与评价,P2-STI-baseline,https://www.kistep.re.kr/reportAllDetail.es?mid=a10305010000&rpt_no=RES0220210088&rpt_tp=831-001,https://www.kistep.re.kr/reportDownload.es?rpt_no=RES0220210088&seq=res_0026P@2,,,,0,,0,0,官方目录无本地正文,官方目录元数据，附件未列入本批,,2026-08-22
C-KISTEP-RES0220210096,RES0220210096,831-002,정책기획,2021-02-26,W2,정부R&D 20조원 시대의 전략과 혁신주체별 역할 및 생태계 조성방안 연구(Ⅱ),"이장재, 엄익천(혁신전략연구소)","국가혁신체계, 연구개발투자, 혁신주체, 협력, 연구개발 효율성",韩文,机构正式研究,科技创新政策与能力基线,科研体系、研发投入与评价；产业创新、创业与区域体系,P1-global-STI,https://www.kistep.re.kr/reportAllDetail.es?mid=a10305010000&rpt_no=RES0220210096&rpt_tp=831-002,https://www.kistep.re.kr/reportDownload.es?rpt_no=RES0220210096&seq=res_0026P@4,,,,0,,0,0,官方目录无本地正文,官方目录元数据，附件未列入本批,,2026-08-22
C-KISTEP-RES0220210099,RES0220210099,831-002,정책기획,2021-02-26,W2,한국형 국가기술혁신체계(NIS) 진단 및 구축방안 연구(II),"이장재, 도계훈(혁신전략연구소)","국가혁신체계, 개방형 혁신, 기술혁신 전략, 글로벌 가치사슬, 글로벌 혁신체계",韩文,机构正式研究,科技创新政策与能力基线,产业创新、创业与区域体系,P1-global-STI,https://www.kistep.re.kr/reportAllDetail.es?mid=a10305010000&rpt_no=RES0220210099&rpt_tp=831-002,https://www.kistep.re.kr/reportDownload.es?rpt_no=RES0220210099&seq=res_0026P@2,,,,0,,0,0,官方目录无本地正文,官方目录元数据，附件未列入本批,,2026-08-22
C-KISTEP-RES0220210097,RES0220210097,831-002,정책기획,2021-03-02,W2,2020년 지역 R&D혁신체계 발전 방향에 관한 연구,김성진(지역정책팀),"지역혁신체제, 지역 R&D 정책, 지역 연구개발, 주요국 정책동향, 지방과학기술",韩文,机构正式研究,科技创新政策与能力基线,科研体系、研发投入与评价；产业创新、创业与区域体系,P2-STI-baseline,https://www.kistep.re.kr/reportAllDetail.es?mid=a10305010000&rpt_no=RES0220210097&rpt_tp=831-002,https://www.kistep.re.kr/reportDownload.es?rpt_no=RES0220210097&seq=res_0026P@2,,,,0,,0,0,官方目录无本地正文,官方目录元数据，附件未列入本批,,2026-08-22
C-KISTEP-RES0220200211,RES0220200211,831-002,정책기획,2021-03-03,W2,2020년 과학기술 분야 R&D 제도 혁신 기반 연구,"최대승, 서지현(제도혁신센터)","국가R&D, 자율성, 책임성, R&D제도, 공동관리규정, 혁신법 ",韩文,机构正式研究,科技创新政策与能力基线,科研体系、研发投入与评价；产业创新、创业与区域体系,P2-STI-baseline,https://www.kistep.re.kr/reportAllDetail.es?mid=a10305010000&rpt_no=RES0220200211&rpt_tp=831-002,https://www.kistep.re.kr/reportDownload.es?rpt_no=RES0220200211&seq=res_0026P@2,,,,0,,0,0,官方目录无本地正文,官方目录元数据，附件未列入本批,,2026-08-22
C-KISTEP-RES0220210105,RES0220210105,831-001,조사평가,2021-03-03,W2,"COVID19 이후, 과학기술 R&D 성과분석, 확산, 제도 수립 및 평가 대응력 강화를 위한 연구",김선교(기관평가팀),"COVID19, R&D 평가, R&D 성과확산, R&D 제도,재난/재해 대응",韩文,机构正式研究,科技创新政策与能力基线,科研体系、研发投入与评价,P2-STI-baseline,https://www.kistep.re.kr/reportAllDetail.es?mid=a10305010000&rpt_no=RES0220210105&rpt_tp=831-001,https://www.kistep.re.kr/reportDownload.es?rpt_no=RES0220210105&seq=res_0026P@2,,,,0,,0,0,官方目录无本地正文,官方目录元数据，附件未列入本批,,2026-08-22
C-KISTEP-RES0220210107,RES0220210107,831-001,조사평가,2021-03-03,W2,연구현장 의견 수렴을 통한 과기정통부 기관평가 제도 현안 이슈 발굴 및 개선방안 연구,김선교(기관평가팀),"국가평가체계, 정부출연연구기관, 평가제도, 기관평가, 평가제도 개선",韩文,机构正式研究,科技创新政策与能力基线,科研体系、研发投入与评价,P2-STI-baseline,https://www.kistep.re.kr/reportAllDetail.es?mid=a10305010000&rpt_no=RES0220210107&rpt_tp=831-001,https://www.kistep.re.kr/reportDownload.es?rpt_no=RES0220210107&seq=res_0026P@2,,,,0,,0,0,官方目录无本地正文,官方目录元数据，附件未列入本批,,2026-08-22
C-KISTEP-RES0220210095,RES0220210095,831-002,정책기획,2021-03-04,W2,국가과학기술자문회의 심의회의 과학기술혁신 정책조정 기능 강화 방안,심정민(과학기술정책센터),"중소기업전문위원회, 소재․부품․장비 기술 특별위원회, 중장기계획 조사･분석, 과학기술 정책 조정",韩文,机构正式研究,科技创新政策与能力基线,产业创新、创业与区域体系,P2-STI-baseline,https://www.kistep.re.kr/reportAllDetail.es?mid=a10305010000&rpt_no=RES0220210095&rpt_tp=831-002,https://www.kistep.re.kr/reportDownload.es?rpt_no=RES0220210095&seq=res_0026P@2,,,,0,,0,0,官方目录无本地正文,官方目录元数据，附件未列入本批,,2026-08-22
C-KISTEP-RES0220210108,RES0220210108,831-005,사업조정,2021-03-04,W2,전략성 연계 중심의 정부R&D 예산배분조정 지원체계에 대한 연구,김승균(사업조정전략센터),"전략적 연계 투자, 우선순위 설정, 예산배분․조정 체계, 정부R&D예산, 정부R&D사업",韩文,机构正式研究,科技创新政策与能力基线,科研体系、研发投入与评价,P2-STI-baseline,https://www.kistep.re.kr/reportAllDetail.es?mid=a10305010000&rpt_no=RES0220210108&rpt_tp=831-005,https://www.kistep.re.kr/reportDownload.es?rpt_no=RES0220210108&seq=res_0026P@1,,,,0,,0,0,官方目录无本地正文,官方目录元数据，附件未列入本批,,2026-08-22
C-KISTEP-RES0220210114,RES0220210114,831-005,사업조정,2021-03-11,W2,맞춤형 중소기업 R&D 지원전략 수립을 위한 기업혁신역량 측정 및 유형화에 관한 연구,"진영현, 조나현(성장동력사업센터)","중소기업, R&D지원, 기술혁신역량, 기술사업화 역량, 설문조사",韩文,机构正式研究,科技创新政策与能力基线,科研体系、研发投入与评价；产业创新、创业与区域体系,P2-STI-baseline,https://www.kistep.re.kr/reportAllDetail.es?mid=a10305010000&rpt_no=RES0220210114&rpt_tp=831-005,https://www.kistep.re.kr/reportDownload.es?rpt_no=RES0220210114&seq=res_0026P@2,,,,0,,0,0,官方目录无本地正文,官方目录元数据，附件未列入本批,,2026-08-22
C-KISTEP-RES0220210115,RES0220210115,831-002,정책기획,2021-03-15,W2,혁신성장동력분야별 현황분석 및 정책고도화 방안 연구(II),김진용(미래성장정책센터),"성장동력, 혁신정책",韩文,机构正式研究,科技创新政策与能力基线,产业创新、创业与区域体系,P2-STI-baseline,https://www.kistep.re.kr/reportAllDetail.es?mid=a10305010000&rpt_no=RES0220210115&rpt_tp=831-002,https://www.kistep.re.kr/reportDownload.es?rpt_no=RES0220210115&seq=res_0026P@2,,,,0,,0,0,官方目录无本地正文,官方目录元数据，附件未列入本批,,2026-08-22
C-KISTEP-RES0220210119,RES0220210119,831-005,사업조정,2021-03-15,W2,정부 R&D 기반구축 연구: 소재·부품·장비 분야 중심으로,강현규(투자기획조정센터),"소재·부품·장비, 정부 R&D 투자, 국가 지정, 정책 제안",韩文,机构正式研究,科技创新政策与能力基线,科研体系、研发投入与评价,P2-STI-baseline,https://www.kistep.re.kr/reportAllDetail.es?mid=a10305010000&rpt_no=RES0220210119&rpt_tp=831-005,https://www.kistep.re.kr/reportDownload.es?rpt_no=RES0220210119&seq=res_0026P@3,,,,0,,0,0,官方目录无本地正文,官方目录元数据，附件未列入本批,,2026-08-22
C-KISTEP-RES0220210109,RES0220210109,831-002,정책기획,2021-03-16,W2,미래인재특별위원회 운영 지원,박수빈(인재정책센터),"미래인재, 교육, 과학기술, 혁신, 인력정책",韩文,机构正式研究,科技创新政策与能力基线,科技人才、大学与知识流动；产业创新、创业与区域体系；科技前瞻与未来社会,P2-STI-baseline,https://www.kistep.re.kr/reportAllDetail.es?mid=a10305010000&rpt_no=RES0220210109&rpt_tp=831-002,https://www.kistep.re.kr/reportDownload.es?rpt_no=RES0220210109&seq=res_0026P@5,,,,0,,0,0,官方目录无本地正文,官方目录元数据，附件未列入本批,,2026-08-22
C-KISTEP-RES0220210121,RES0220210121,831-002,정책기획,2021-03-17,W2,국가혁신체계 고도화를 위한 의제 탐색연구,이경재(혁신전략연구소),"과학기술혁신정책, 국가혁신체계, 국가혁신의제, 지속가능성, 대응성",韩文,机构正式研究,科技创新政策与能力基线,产业创新、创业与区域体系,P2-STI-baseline,https://www.kistep.re.kr/reportAllDetail.es?mid=a10305010000&rpt_no=RES0220210121&rpt_tp=831-002,https://www.kistep.re.kr/reportDownload.es?rpt_no=RES0220210121&seq=res_0026P@5,,,,0,,0,0,官方目录无本地正文,官方目录元数据，附件未列入本批,,2026-08-22
C-KISTEP-RES0220210122,RES0220210122,831-001,조사평가,2021-03-18,W2,연구개발활동조사 심층분석,이윤빈(혁신정보분석센터),"연구개발활동조사, 심층분석, 로드맵, 데이터, 증거 기반",韩文,机构正式研究,核心科技直接材料,人工智能、数据与数字技术；科研体系、研发投入与评价,P0-core-tech,https://www.kistep.re.kr/reportAllDetail.es?mid=a10305010000&rpt_no=RES0220210122&rpt_tp=831-001,https://www.kistep.re.kr/reportDownload.es?rpt_no=RES0220210122&seq=res_0026P@3,,,,0,,0,0,官方目录无本地正文,官方目录元数据，附件未列入本批,,2026-08-22
C-KISTEP-RES0220210124,RES0220210124,831-002,정책기획,2021-03-18,W2,과학기술정책인큐베이팅 및 정책포럼 구성·운영,고윤미(과학기술정책센터),"과학기술정책, 포럼, 정책 인큐베이팅, 과학기술기본계획",韩文,机构正式研究,科技创新政策与能力基线,科研体系、研发投入与评价,P2-STI-baseline,https://www.kistep.re.kr/reportAllDetail.es?mid=a10305010000&rpt_no=RES0220210124&rpt_tp=831-002,https://www.kistep.re.kr/reportDownload.es?rpt_no=RES0220210124&seq=res_0026P@2,,,,0,,0,0,官方目录无本地正文,官方目录元数据，附件未列入本批,,2026-08-22
C-KISTEP-RES0220210125,RES0220210125,831-004,성과확산,2021-03-19,W2,R&D 우수성과 범부처 이어달리기 추진방안 수립지원,최광희(성과확산센터),"국가R&D, 범부처, 우수성과, 이어달리기",韩文,机构正式研究,科技创新政策与能力基线,科研体系、研发投入与评价,P2-STI-baseline,https://www.kistep.re.kr/reportAllDetail.es?mid=a10305010000&rpt_no=RES0220210125&rpt_tp=831-004,https://www.kistep.re.kr/reportDownload.es?rpt_no=RES0220210125&seq=res_0026P@3,,,,0,,0,0,官方目录无本地正文,官方目录元数据，附件未列入本批,,2026-08-22
C-KISTEP-RES0220210103,RES0220210103,831-002,정책기획,2021-03-23,W2,2020년 다부처협력특위 운영,이미화(미래성장정책센터),"다부처, 특별위원회, 부처 협력",韩文,机构正式研究,科技创新政策与能力基线,科技创新政策与研究体系,P1-global-STI,https://www.kistep.re.kr/reportAllDetail.es?mid=a10305010000&rpt_no=RES0220210103&rpt_tp=831-002,https://www.kistep.re.kr/reportDownload.es?rpt_no=RES0220210103&seq=res_0026P@3,,,,0,,0,0,官方目录无本地正文,官方目录元数据，附件未列入本批,,2026-08-22
C-KISTEP-RES0220210110,RES0220210110,831-003,예비타당성조사,2021-03-23,W2,국가연구개발사업 예비타당성조사 2020 연차보고서,임현(예비타당성조사1센터),"예비타당성조사, 연구개발사업, 예산, 한국과학기술기획평가원, 연차보고서",韩文,机构正式研究,科技创新政策与能力基线,科研体系、研发投入与评价,P2-STI-baseline,https://www.kistep.re.kr/reportAllDetail.es?mid=a10305010000&rpt_no=RES0220210110&rpt_tp=831-003,https://www.kistep.re.kr/reportDownload.es?rpt_no=RES0220210110&seq=res_0026P@2,,,,0,,0,0,官方目录无本地正文,官方目录元数据，附件未列入本批,,2026-08-22
C-KISTEP-RES0220210080,RES0220210080,831-002,정책기획,2021-03-24,W2,"연구성과 관리·활용 기본계획/실시계획 수립 및 우수성과 추적조사, 성과평가포럼 운영",최광희(성과확산센터),"연구성과 관리·활용 기본계획, 연구성과 관리·활용 실시계획, 국가연구개발사업 우수성과",韩文,机构正式研究,科技创新政策与能力基线,科研体系、研发投入与评价,P2-STI-baseline,https://www.kistep.re.kr/reportAllDetail.es?mid=a10305010000&rpt_no=RES0220210080&rpt_tp=831-002,https://www.kistep.re.kr/reportDownload.es?rpt_no=RES0220210080&seq=res_0026P@3,,,,0,,0,0,官方目录无本地正文,官方目录元数据，附件未列入本批,,2026-08-22
C-KISTEP-RES0220210123,RES0220210123,831-002,정책기획,2021-03-24,W2,혁신성장동력 기획관리 및 운영,김수연(미래성장정책센터),"혁신성장동력, 정책 기획 및 점검, 특허 및 기술 분석, 추진체계 운영",韩文,机构正式研究,科技创新政策与能力基线,产业创新、创业与区域体系,P2-STI-baseline,https://www.kistep.re.kr/reportAllDetail.es?mid=a10305010000&rpt_no=RES0220210123&rpt_tp=831-002,https://www.kistep.re.kr/reportDownload.es?rpt_no=RES0220210123&seq=res_0026P@3,,,,0,,0,0,官方目录无本地正文,官方目录元数据，附件未列入本批,,2026-08-22
C-KISTEP-RES0220210130,RES0220210130,831-003,예비타당성조사,2021-03-24,W2,2020년도 예비타당성조사 보고서 원전해체핵심 기술개발사업,임현(예비타당성조사1센터),"원자력발전소, 해체, 제염, 방사성폐기물, 예비타당성조사",韩文,机构正式研究,核心科技直接材料,能源、气候与绿色转型；科研体系、研发投入与评价；航天、核能与大型技术系统,P0-core-tech,https://www.kistep.re.kr/reportAllDetail.es?mid=a10305010000&rpt_no=RES0220210130&rpt_tp=831-003,https://www.kistep.re.kr/reportDownload.es?rpt_no=RES0220210130&seq=res_0026P@2,,,,0,,0,0,官方目录无本地正文,官方目录元数据，附件未列入本批,,2026-08-22
C-KISTEP-RES0220210131,RES0220210131,831-002,정책기획,2021-03-24,W2,연구현장중심의 국가연구개발사업 제도개선에 관한 연구,최대승(제도혁신센터),"공동관리규정, 국가R&D 제재조치, R&D도우미센터, 연구지원기준 제정",韩文,机构正式研究,科技创新政策与能力基线,科研体系、研发投入与评价；技术安全、供应链与国际合作,P2-STI-baseline,https://www.kistep.re.kr/reportAllDetail.es?mid=a10305010000&rpt_no=RES0220210131&rpt_tp=831-002,https://www.kistep.re.kr/reportDownload.es?rpt_no=RES0220210131&seq=res_0026P@3,,,,0,,0,0,官方目录无本地正文,官方目录元数据，附件未列入本批,,2026-08-22
C-KISTEP-RES0220210132,RES0220210132,831-005,사업조정,2021-03-24,W2,국가연구개발 중장기 투자전략 수립방향 연구,강현규(투자기획조정센터),"과학기술, 연구개발, 투자전략, 연구개발예산, 투자기획",韩文,机构正式研究,科技创新政策与能力基线,科研体系、研发投入与评价,P2-STI-baseline,https://www.kistep.re.kr/reportAllDetail.es?mid=a10305010000&rpt_no=RES0220210132&rpt_tp=831-005,https://www.kistep.re.kr/reportDownload.es?rpt_no=RES0220210132&seq=res_0026P@3,,,,0,,0,0,官方目录无本地正文,官方目录元数据，附件未列入本批,,2026-08-22
C-KISTEP-RES0220210133,RES0220210133,831-003,예비타당성조사,2021-03-24,W2,2020년도 예비타당성조사 보고서 (지속가능한 통합물관리 기술개발사업),임현(예비타당성조사1센터),"통합물관리, 물정보, 물기술, 물순환, 예비타당성조사",韩文,机构正式研究,科技创新政策与能力基线,科研体系、研发投入与评价,P2-STI-baseline,https://www.kistep.re.kr/reportAllDetail.es?mid=a10305010000&rpt_no=RES0220210133&rpt_tp=831-003,https://www.kistep.re.kr/reportDownload.es?rpt_no=RES0220210133&seq=res_0026P@2,,,,0,,0,0,官方目录无本地正文,官方目录元数据，附件未列入本批,,2026-08-22
C-KISTEP-RES0220210134,RES0220210134,831-002,정책기획,2021-03-24,W2,소재·부품·장비 분야 인력양성 현황 분석 및 확보전략 연구,김지홍(인재정책센터),"소재･부품･장비산업 실태, 소재･부품･장비 연구인력, 산학협력, 핵심연구인력 ",韩文,机构正式研究,科技创新政策与能力基线,科技人才、大学与知识流动；产业创新、创业与区域体系,P1-global-STI,https://www.kistep.re.kr/reportAllDetail.es?mid=a10305010000&rpt_no=RES0220210134&rpt_tp=831-002,https://www.kistep.re.kr/reportDownload.es?rpt_no=RES0220210134&seq=res_0026P@2,,,,0,,0,0,官方目录无本地正文,官方目录元数据，附件未列入本批,,2026-08-22
C-KISTEP-RES0220210136,RES0220210136,831-002,정책기획,2021-03-26,W2,과학기술기본계획 시행계획 수립 및 국가R&D 혁신 실행력 제고 연구,최창택(과학기술정책센터),"과학기술기본계획, 국가R&D 혁신방안, 시행계획",韩文,机构正式研究,科技创新政策与能力基线,产业创新、创业与区域体系,P2-STI-baseline,https://www.kistep.re.kr/reportAllDetail.es?mid=a10305010000&rpt_no=RES0220210136&rpt_tp=831-002,https://www.kistep.re.kr/reportDownload.es?rpt_no=RES0220210136&seq=res_0026P@2,,,,0,,0,0,官方目录无本地正文,官方目录元数据，附件未列入本批,,2026-08-22
C-KISTEP-RES0220210129,RES0220210129,831-002,정책기획,2021-03-29,W2,지방과학기술진흥협의회 운영 효율화,천세봉(지역정책팀),"지방과학기술진흥협의회, 지방R&D정책, 지방R&D예산, 지역R&D 체계, 지자체 R&D역량",韩文,机构正式研究,科技创新政策与能力基线,产业创新、创业与区域体系,P2-STI-baseline,https://www.kistep.re.kr/reportAllDetail.es?mid=a10305010000&rpt_no=RES0220210129&rpt_tp=831-002,https://www.kistep.re.kr/reportDownload.es?rpt_no=RES0220210129&seq=res_0026P@2,,,,0,,0,0,官方目录无本地正文,官方目录元数据，附件未列入本批,,2026-08-22
C-KISTEP-RES0220210135,RES0220210135,831-003,예비타당성조사,2021-03-29,W2,2020년도 예비타당성조사 보고서 (디지털 라이브 국토정보 기술개발사업),임현(예비타당성조사1센터),"공간정보, 지리정보시스템, 지형공간정보체계, 예비타당성조사",韩文,机构正式研究,核心科技直接材料,人工智能、数据与数字技术；科研体系、研发投入与评价,P0-core-tech,https://www.kistep.re.kr/reportAllDetail.es?mid=a10305010000&rpt_no=RES0220210135&rpt_tp=831-003,https://www.kistep.re.kr/reportDownload.es?rpt_no=RES0220210135&seq=res_0026P@2,,,,0,,0,0,官方目录无本地正文,官方目录元数据，附件未列入本批,,2026-08-22
C-KISTEP-RES0220210137,RES0220210137,831-003,예비타당성조사,2021-03-29,W2,2020년도 예비타당성조사 보고서 첨단 산림생명공학기술개발사업,임현(예비타당성조사1센터),"산림, 산림생명자원, 생명공학, 신소재, 예비타당성조사",韩文,机构正式研究,科技创新政策与能力基线,科研体系、研发投入与评价,P2-STI-baseline,https://www.kistep.re.kr/reportAllDetail.es?mid=a10305010000&rpt_no=RES0220210137&rpt_tp=831-003,https://www.kistep.re.kr/reportDownload.es?rpt_no=RES0220210137&seq=res_0026P@2,,,,0,,0,0,官方目录无本地正文,官方目录元数据，附件未列入本批,,2026-08-22
C-KISTEP-RES0220210138,RES0220210138,831-002,정책기획,2021-03-29,W2,국가연구개발사업 연구윤리 제도 재정립 및 제재 제도개선 연구,서지현(제도혁신센터),"연구윤리, 국가연구개발, 연구부정행위, 제재제도, 이해충돌",韩文,机构正式研究,科技创新政策与能力基线,科研体系、研发投入与评价；技术安全、供应链与国际合作,P2-STI-baseline,https://www.kistep.re.kr/reportAllDetail.es?mid=a10305010000&rpt_no=RES0220210138&rpt_tp=831-002,https://www.kistep.re.kr/reportDownload.es?rpt_no=RES0220210138&seq=res_0026P@3,,,,0,,0,0,官方目录无本地正文,官方目录元数据，附件未列入本批,,2026-08-22
C-KISTEP-RES0220210139,RES0220210139,831-003,예비타당성조사,2021-03-29,W2,2020년도 예비타당성조사 보고서 건축물 안전 예측 및 대응 기술개발 사업,임현(예비타당성조사1센터),"건축물 안전, 위험예측, 성능개선, 통합관리, 예비타당성조사",韩文,机构正式研究,科技创新政策与能力基线,科研体系、研发投入与评价；科技前瞻与未来社会,P2-STI-baseline,https://www.kistep.re.kr/reportAllDetail.es?mid=a10305010000&rpt_no=RES0220210139&rpt_tp=831-003,https://www.kistep.re.kr/reportDownload.es?rpt_no=RES0220210139&seq=res_0026P@2,,,,0,,0,0,官方目录无本地正文,官方目录元数据，附件未列入本批,,2026-08-22
C-KISTEP-RES0220210141,RES0220210141,831-002,정책기획,2021-03-30,W2,공공연구기관 R&D 혁신을 위한 현황조사·분석 및 발전방안 도출에 관한 연구 (3단계),홍정석(과학기술정책센터),"혁신정책, 공공연구기관, 국립연구기관, 전문생산기술연구소",韩文,机构正式研究,科技创新政策与能力基线,科研体系、研发投入与评价；产业创新、创业与区域体系,P2-STI-baseline,https://www.kistep.re.kr/reportAllDetail.es?mid=a10305010000&rpt_no=RES0220210141&rpt_tp=831-002,https://www.kistep.re.kr/reportDownload.es?rpt_no=RES0220210141&seq=res_0026P@4,,,,0,,0,0,官方目录无本地正文,官方目录元数据，附件未列入本批,,2026-08-22
C-KISTEP-PRG0720210052,PRG0720210052,831-007,위탁/협동/공동연구보고서,2021-03-31,W2,국가 과학기술 경쟁력 제고를 위한 과학기술 석학기관의 발전 방안,임덕순(과학기술정책연구원),"한국과학기술한림원, 과학기술경쟁력, 정책지원",韩文,机构正式研究,科技创新政策与能力基线,科技创新政策与研究体系,P1-global-STI,https://www.kistep.re.kr/reportAllDetail.es?mid=a10305010000&rpt_no=PRG0720210052&rpt_tp=831-007,https://www.kistep.re.kr/reportDownload.es?rpt_no=PRG0720210052&seq=prg_0071P@3,,,,0,,0,0,官方目录无本地正文,官方目录元数据，附件未列入本批,,2026-08-22
C-KISTEP-RES0220210143,RES0220210143,831-002,정책기획,2021-03-31,W2,2020년 국가 과학기술 현황 종합 인식조사에 대한 연구,이희창(과학기술정책센터),"종합 인식조사, 국가 과학기술, 인식지표, 과학기술정책, 과학기술기본계획",韩文,机构正式研究,科技创新政策与能力基线,科研体系、研发投入与评价,P2-STI-baseline,https://www.kistep.re.kr/reportAllDetail.es?mid=a10305010000&rpt_no=RES0220210143&rpt_tp=831-002,https://www.kistep.re.kr/reportDownload.es?rpt_no=RES0220210143&seq=res_0026P@2,,,,0,,0,0,官方目录无本地正文,官方目录元数据，附件未列入本批,,2026-08-22
C-KISTEP-RES0220210140,RES0220210140,831-005,사업조정,2021-04-02,W2,정부R&D 재정사업 유형화를 통한 예산프로세스 개선방안 연구,김주희(사업조정전략센터),"정부연구개발, 예산, 유형화, 예산배분, R&D사업관리",韩文,机构正式研究,科技创新政策与能力基线,科研体系、研发投入与评价,P2-STI-baseline,https://www.kistep.re.kr/reportAllDetail.es?mid=a10305010000&rpt_no=RES0220210140&rpt_tp=831-005,https://www.kistep.re.kr/reportDownload.es?rpt_no=RES0220210140&seq=res_0026P@2,,,,0,,0,0,官方目录无本地正文,官方目录元数据，附件未列入本批,,2026-08-22
C-KISTEP-RES0220210142,RES0220210142,831-002,정책기획,2021-04-02,W2,2020년 기초연구진흥협의회 운영 지원,이희창(과학기술정책센터),"기초연구, 정책, 투자",韩文,机构正式研究,科技创新政策与能力基线,科研体系、研发投入与评价,P2-STI-baseline,https://www.kistep.re.kr/reportAllDetail.es?mid=a10305010000&rpt_no=RES0220210142&rpt_tp=831-002,https://www.kistep.re.kr/reportDownload.es?rpt_no=RES0220210142&seq=res_0026P@3,C:\Users\WINDOWS\OneDrive\知识库\智库信息爬虫\国际主要科技智库观点演变_研判\03_证据底稿\原文PDF\C-KISTEP-RES0220210142.pdf,C:\Users\WINDOWS\OneDrive\知识库\智库信息爬虫\国际主要科技智库观点演变_研判\03_证据底稿\文本\C-KISTEP-RES0220210142.txt,C:\Users\WINDOWS\OneDrive\知识库\智库信息爬虫\国际主要科技智库观点演变_研判\03_证据底稿\切片\C-KISTEP-RES0220210142.md,5719561,de0f828fe71c87cccbf7da1dd5791ffb0e989b5bca319c14b16a3deb46bb6383,273,206090,可检索文本,官方PDF已保存并校验,,2026-08-22
C-KISTEP-RES0220210144,RES0220210144,831-002,정책기획,2021-04-02,W2,과학기술관계장관회의의 안정적 운영 및 효율화 방안,홍세호(과학기술정책센터),"과학기술관계장관회의, 과학기술 정책조정, 의제 발굴",韩文,机构正式研究,科技创新政策与能力基线,科技创新政策与研究体系,P2-STI-baseline,https://www.kistep.re.kr/reportAllDetail.es?mid=a10305010000&rpt_no=RES0220210144&rpt_tp=831-002,https://www.kistep.re.kr/reportDownload.es?rpt_no=RES0220210144&seq=res_0026P@3,,,,0,,0,0,官方目录无本地正文,官方目录元数据，附件未列入本批,,2026-08-22
C-KISTEP-RES0220210145,RES0220210145,831-002,정책기획,2021-04-06,W2,성장동력 정책 체계 비교 연구,신동평(미래성장정책센터),"성장동력, 정책 체계, 비교 연구",韩文,机构正式研究,科技创新政策与能力基线,科技创新政策与研究体系,P2-STI-baseline,https://www.kistep.re.kr/reportAllDetail.es?mid=a10305010000&rpt_no=RES0220210145&rpt_tp=831-002,https://www.kistep.re.kr/reportDownload.es?rpt_no=RES0220210145&seq=res_0026P@3,,,,0,,0,0,官方目录无本地正文,官方目录元数据，附件未列入本批,,2026-08-22
C-KISTEP-RES0220210146,RES0220210146,831-002,정책기획,2021-04-12,W2,2020년도 연구개발지원단 육성지원사업,천세봉(지역정책팀),"연구개발지원단, 지역 R&D, 지역 R&D 조사분석, R&D 기반혁신 시스템, 지역 R&D 효율성 제고",韩文,机构正式研究,科技创新政策与能力基线,科研体系、研发投入与评价；产业创新、创业与区域体系,P2-STI-baseline,https://www.kistep.re.kr/reportAllDetail.es?mid=a10305010000&rpt_no=RES0220210146&rpt_tp=831-002,https://www.kistep.re.kr/reportDownload.es?rpt_no=RES0220210146&seq=res_0026P@3,,,,0,,0,0,官方目录无本地正文,官方目录元数据，附件未列入本批,,2026-08-22
C-KISTEP-RES0220210120,RES0220210120,831-006,미래예측,2021-04-14,W2,2020년 기술수준평가,안지현(기술예측센터)," 기술수준평가, 국가전략기술, 국가중점과학기술, 델파이 설문조사, 정량적 분석",韩文,机构正式研究,核心科技直接材料,半导体、量子与战略技术；科研体系、研发投入与评价,P0-core-tech,https://www.kistep.re.kr/reportAllDetail.es?mid=a10305010000&rpt_no=RES0220210120&rpt_tp=831-006,https://www.kistep.re.kr/reportDownload.es?rpt_no=RES0220210120&seq=res_0026P@2,,,,0,,0,0,官方目录无本地正文,官方目录元数据，附件未列入本批,,2026-08-22
C-KISTEP-RES0220210147,RES0220210147,831-001,조사평가,2021-04-19,W2,2020년도 과학기술정보통신부 직할 출연(연) 및 국가과학기술연구회 기관평가,김이경(기관평가팀),"국가평가체제,정부출연,연구기관,성과 목표,기관평가",韩文,机构正式研究,科技创新政策与能力基线,科研体系、研发投入与评价,P2-STI-baseline,https://www.kistep.re.kr/reportAllDetail.es?mid=a10305010000&rpt_no=RES0220210147&rpt_tp=831-001,https://www.kistep.re.kr/reportDownload.es?rpt_no=RES0220210147&seq=res_0026P@3,,,,0,,0,0,官方目录无本地正文,官方目录元数据，附件未列入本批,,2026-08-22
C-KISTEP-RES0220210148,RES0220210148,831-002,정책기획,2021-04-19,W2,2020년도 다부처공동기획 활성화 기반 연구,이미화(미래성장정책센터),"다부처, 기획연구, 부처 협력, 상향식, 하향식",韩文,机构正式研究,科技创新政策与能力基线,科技创新政策与研究体系,P1-global-STI,https://www.kistep.re.kr/reportAllDetail.es?mid=a10305010000&rpt_no=RES0220210148&rpt_tp=831-002,https://www.kistep.re.kr/reportDownload.es?rpt_no=RES0220210148&seq=res_0026P@3,,,,0,,0,0,官方目录无本地正文,官方目录元数据，附件未列入本批,,2026-08-22
C-KISTEP-RES0220210149,RES0220210149,831-002,정책기획,2021-04-22,W2,2020년 혁신도전프로젝트 사업 지원,정민형(과학기술정책센터),"혁신도전, R&D 혁신, 연구개발사업, 미션기반정책, 파괴적혁신",韩文,机构正式研究,科技创新政策与能力基线,科研体系、研发投入与评价；产业创新、创业与区域体系,P2-STI-baseline,https://www.kistep.re.kr/reportAllDetail.es?mid=a10305010000&rpt_no=RES0220210149&rpt_tp=831-002,https://www.kistep.re.kr/reportDownload.es?rpt_no=RES0220210149&seq=res_0026P@3,,,,0,,0,0,官方目录无本地正文,官方目录元数据，附件未列入本批,,2026-08-22
C-KISTEP-RES0220210150,RES0220210150,831-002,정책기획,2021-05-10,W2,2020 과학기술연감,홍세호(과학기술정책센터),"과학기술, 연감, 2020",韩文,机构正式研究,科技创新政策与能力基线,科技创新政策与研究体系,P2-STI-baseline,https://www.kistep.re.kr/reportAllDetail.es?mid=a10305010000&rpt_no=RES0220210150&rpt_tp=831-002,https://www.kistep.re.kr/reportDownload.es?rpt_no=RES0220210150&seq=res_0026P@3,,,,0,,0,0,官方目录无本地正文,官方目录元数据，附件未列入本批,,2026-08-22
C-KISTEP-RES0220210154,RES0220210154,831-003,예비타당성조사,2021-06-24,W2,2020년도 예비타당성조사 보고서 디지털육종기반 종자산업 혁신기술개발사업,임현(예비타당성조사1센터),"디지털육종, 종자산업, 육종기술, 신품종, 예비타당성조사",韩文,机构正式研究,核心科技直接材料,人工智能、数据与数字技术；科研体系、研发投入与评价；产业创新、创业与区域体系,P0-core-tech,https://www.kistep.re.kr/reportAllDetail.es?mid=a10305010000&rpt_no=RES0220210154&rpt_tp=831-003,https://www.kistep.re.kr/reportDownload.es?rpt_no=RES0220210154&seq=res_0026P@2,,,,0,,0,0,官方目录无本地正文,官方目录元数据，附件未列入本批,,2026-08-22
C-KISTEP-RES0220210155,RES0220210155,831-003,예비타당성조사,2021-06-29,W2,2020년도 예비타당성조사 보고서 사람 중심 AI 강국 실현을 위한 차세대 인공지능 핵심원천기술개발사업,임현(예비타당성조사1센터),"인공지능, 데이터, 딥러닝, 디지털 전환, 예비타당성조사",韩文,机构正式研究,核心科技直接材料,人工智能、数据与数字技术；科研体系、研发投入与评价,P0-core-tech,https://www.kistep.re.kr/reportAllDetail.es?mid=a10305010000&rpt_no=RES0220210155&rpt_tp=831-003,https://www.kistep.re.kr/reportDownload.es?rpt_no=RES0220210155&seq=res_0026P@4,,,,0,,0,0,官方目录无本地正文,官方目录元数据，附件未列入本批,,2026-08-22
C-KISTEP-RES0220210156,RES0220210156,831-003,예비타당성조사,2021-06-29,W2,2020년도 사업계획 적정성 재검토 보고서 글로벌헬스기술연구기금(라이트펀드)사업,임현(예비타당성조사3센터),"보건의료 ODA, 개발도상국 감염병, 백신 및 치료제, 진단 및 디지털헬스, 예비타당성조사",韩文,机构正式研究,核心科技直接材料,人工智能、数据与数字技术；生命科学、生物技术与健康；科研体系、研发投入与评价,P0-core-tech,https://www.kistep.re.kr/reportAllDetail.es?mid=a10305010000&rpt_no=RES0220210156&rpt_tp=831-003,https://www.kistep.re.kr/reportDownload.es?rpt_no=RES0220210156&seq=res_0026P@5,C:\Users\WINDOWS\OneDrive\知识库\智库信息爬虫\国际主要科技智库观点演变_研判\03_证据底稿\原文PDF\C-KISTEP-RES0220210156.pdf,C:\Users\WINDOWS\OneDrive\知识库\智库信息爬虫\国际主要科技智库观点演变_研判\03_证据底稿\文本\C-KISTEP-RES0220210156.txt,C:\Users\WINDOWS\OneDrive\知识库\智库信息爬虫\国际主要科技智库观点演变_研判\03_证据底稿\切片\C-KISTEP-RES0220210156.md,105741284,587e0439430de8f4876c95e3354027f774e4da860b2e5149bf2ddab3f54d3a61,185,4886,图像型PDF，OCR待补,官方PDF已保存并校验,,2026-08-22
C-KISTEP-RES0220210157,RES0220210157,831-003,예비타당성조사,2021-06-29,W2,2020년도 예비타당성조사 보고서 신기후체제 대응 환경기술개발사업,임현(예비타당성조사1센터),"신기후체제, 기후변화 완화, 기후변화 적응, 환경기술, 예비타당성조사",韩文,机构正式研究,科技创新政策与能力基线,能源、气候与绿色转型；科研体系、研发投入与评价,P2-STI-baseline,https://www.kistep.re.kr/reportAllDetail.es?mid=a10305010000&rpt_no=RES0220210157&rpt_tp=831-003,https://www.kistep.re.kr/reportDownload.es?rpt_no=RES0220210157&seq=res_0026P@2,,,,0,,0,0,官方目录无本地正文,官方目录元数据，附件未列入本批,,2026-08-22
C-KISTEP-RES0220210158,RES0220210158,831-003,예비타당성조사,2021-06-29,W2,2020년도 예비타당성조사 보고서 스마트 해양예측 기술개발사업,임현(예비타당성조사1센터),"스마트, 해양예측, 해양관측, 해양정보, 예비타당성조사",韩文,机构正式研究,科技创新政策与能力基线,科研体系、研发投入与评价；科技前瞻与未来社会,P2-STI-baseline,https://www.kistep.re.kr/reportAllDetail.es?mid=a10305010000&rpt_no=RES0220210158&rpt_tp=831-003,https://www.kistep.re.kr/reportDownload.es?rpt_no=RES0220210158&seq=res_0026P@2,,,,0,,0,0,官方目录无本地正文,官方目录元数据，附件未列入本批,,2026-08-22
C-KISTEP-RES0220210159,RES0220210159,831-003,예비타당성조사,2021-06-30,W2,2020년도 예비타당성조사 보고서 휴먼마이크로바이옴 상용화제품기술개발사업,임현(예비타당성조사1센터),"휴먼마이크로바이옴, 미생물 기반 의약품, 프로바이오틱스, 진단제품, 마이크로바이옴 생산시설, 예비타당성조사",韩文,机构正式研究,核心科技直接材料,生命科学、生物技术与健康；科研体系、研发投入与评价,P0-core-tech,https://www.kistep.re.kr/reportAllDetail.es?mid=a10305010000&rpt_no=RES0220210159&rpt_tp=831-003,https://www.kistep.re.kr/reportDownload.es?rpt_no=RES0220210159&seq=res_0026P@2,,,,0,,0,0,官方目录无本地正文,官方目录元数据，附件未列入本批,,2026-08-22
C-KISTEP-RES0220210161,RES0220210161,831-003,예비타당성조사,2021-06-30,W2,2020년 예비타당성조사 보고서 다목적 방사광가속기 구축사업,임현(예비타당성조사1센터),"다목적 방사광가속기, 가속장치, 빔라인, 기반시설, 예비타당성조사",韩文,机构正式研究,科技创新政策与能力基线,科研体系、研发投入与评价,P2-STI-baseline,https://www.kistep.re.kr/reportAllDetail.es?mid=a10305010000&rpt_no=RES0220210161&rpt_tp=831-003,https://www.kistep.re.kr/reportDownload.es?rpt_no=RES0220210161&seq=res_0026P@6,,,,0,,0,0,官方目录无本地正文,官方目录元数据，附件未列入本批,,2026-08-22
C-KISTEP-RES0220210164,RES0220210164,831-002,정책기획,2021-08-17,W2,과학기술의 사회적 역할 강화를 위한 정책 이슈 분석 및 방법론 연구,이승규(사회혁신정책센터),"과학기술의 사회적 역할,과학기술의 사회적 책임, 사회적 참여",韩文,机构正式研究,科技创新政策与能力基线,科技创新政策与研究体系,P2-STI-baseline,https://www.kistep.re.kr/reportAllDetail.es?mid=a10305010000&rpt_no=RES0220210164&rpt_tp=831-002,https://www.kistep.re.kr/reportDownload.es?rpt_no=RES0220210164&seq=res_0026P@2,,,,0,,0,0,官方目录无本地正文,官方目录元数据，附件未列入本批,,2026-08-22
C-KISTEP-RES0220210166,RES0220210166,831-001,조사평가,2021-08-19,W2,2021년 국가연구개발 자체·상위평가,오현환(R&D평가센터),"국가연구개발사업, 중간평가, 자체평가, 상위평가",韩文,机构正式研究,科技创新政策与能力基线,科研体系、研发投入与评价,P2-STI-baseline,https://www.kistep.re.kr/reportAllDetail.es?mid=a10305010000&rpt_no=RES0220210166&rpt_tp=831-001,https://www.kistep.re.kr/reportDownload.es?rpt_no=RES0220210166&seq=res_0026P@2,,,,0,,0,0,官方目录无本地正文,官方目录元数据，附件未列入本批,,2026-08-22
C-KISTEP-RES0220210167,RES0220210167,831-003,예비타당성조사,2021-08-23,W2,2020년도 예비타당성조사 보고서 차세대 쇄빙연구선 건조사업,임현(예비타당성조사1센터),"극지, 북극, 북극공해, 쇄빙연구선, 예비타당성조사",韩文,机构正式研究,科技创新政策与能力基线,科研体系、研发投入与评价,P2-STI-baseline,https://www.kistep.re.kr/reportAllDetail.es?mid=a10305010000&rpt_no=RES0220210167&rpt_tp=831-003,https://www.kistep.re.kr/reportDownload.es?rpt_no=RES0220210167&seq=res_0026P@4,,,,0,,0,0,官方目录无本地正文,官方目录元数据，附件未列入本批,,2026-08-22
C-KISTEP-RES0220210168,RES0220210168,831-003,예비타당성조사,2021-08-23,W2,2020년도 예비타당성조사 보고서 데이터기반 스마트 철도안전관리 기술개발사업,임현(예비타당성조사1센터),"철도, 안전, 스마트, 데이터 기반, 예비타당성조사",韩文,机构正式研究,核心科技直接材料,人工智能、数据与数字技术；科研体系、研发投入与评价,P0-core-tech,https://www.kistep.re.kr/reportAllDetail.es?mid=a10305010000&rpt_no=RES0220210168&rpt_tp=831-003,https://www.kistep.re.kr/reportDownload.es?rpt_no=RES0220210168&seq=res_0026P@2,,,,0,,0,0,官方目录无本地正文,官方目录元数据，附件未列入本批,,2026-08-22
C-KISTEP-RES0220210169,RES0220210169,831-003,예비타당성조사,2021-08-23,W2,2020년도 예비타당성조사 보고서 한국형 스마트야드(K-Yard) 핵심기술개발사업,임현(예비타당성조사1센터),"스마트야드, 조선산업, 선박생산기술, 기술표준화, 예비타당성조사",韩文,机构正式研究,科技创新政策与能力基线,科研体系、研发投入与评价；产业创新、创业与区域体系,P2-STI-baseline,https://www.kistep.re.kr/reportAllDetail.es?mid=a10305010000&rpt_no=RES0220210169&rpt_tp=831-003,https://www.kistep.re.kr/reportDownload.es?rpt_no=RES0220210169&seq=res_0026P@2,,,,0,,0,0,官方目录无本地正文,官方目录元数据，附件未列入本批,,2026-08-22
C-KISTEP-RES0220210170,RES0220210170,831-003,예비타당성조사,2021-08-23,W2,2020년도 예비타당성조사 보고서 한국형발사체 고도화 사업,임현(예비타당성조사1센터),"한국형발사체, 개량형 한국형발사체, 우주, 기술이전, 예비타당성조사",韩文,机构正式研究,核心科技直接材料,科研体系、研发投入与评价；产业创新、创业与区域体系；航天、核能与大型技术系统,P0-core-tech,https://www.kistep.re.kr/reportAllDetail.es?mid=a10305010000&rpt_no=RES0220210170&rpt_tp=831-003,https://www.kistep.re.kr/reportDownload.es?rpt_no=RES0220210170&seq=res_0026P@2,,,,0,,0,0,官方目录无本地正文,官方目录元数据，附件未列入本批,,2026-08-22
C-KISTEP-RES0220210171,RES0220210171,831-003,예비타당성조사,2021-08-23,W2,2020년도 예비타당성조사 보고서 가동원전 안전성 향상 핵심기술개발사업,임현(예비타당성조사1센터),"원자력발전소, 원자력발전, 노심손상중대사고 발생빈도, 방사성물질 대량조기방출빈도, 예비타당성조사",韩文,机构正式研究,核心科技直接材料,能源、气候与绿色转型；科研体系、研发投入与评价；航天、核能与大型技术系统,P0-core-tech,https://www.kistep.re.kr/reportAllDetail.es?mid=a10305010000&rpt_no=RES0220210171&rpt_tp=831-003,https://www.kistep.re.kr/reportDownload.es?rpt_no=RES0220210171&seq=res_0026P@4,,,,0,,0,0,官方目录无本地正文,官方目录元数据，附件未列入本批,,2026-08-22
C-KISTEP-RES0220210172,RES0220210172,831-003,예비타당성조사,2021-08-23,W2,2020년도 예비타당성조사 보고서 재생에너지 변동성 대응 유연발전 가스터빈 기술개발사업,임현(예비타당성조사1센터),"재생에너지, 가스터빈, 전력계통 유연성, 변동성, 예비타당성조사",韩文,机构正式研究,科技创新政策与能力基线,能源、气候与绿色转型；科研体系、研发投入与评价,P2-STI-baseline,https://www.kistep.re.kr/reportAllDetail.es?mid=a10305010000&rpt_no=RES0220210172&rpt_tp=831-003,https://www.kistep.re.kr/reportDownload.es?rpt_no=RES0220210172&seq=res_0026P@2,,,,0,,0,0,官方目录无本地正文,官方目录元数据，附件未列入本批,,2026-08-22
C-KISTEP-RES0220210173,RES0220210173,831-003,예비타당성조사,2021-08-23,W2,2020년도 예비타당성조사 보고서 기반시설 첨단관리(Total care) 기술개발사업,임현(예비타당성조사1센터),"기반시설 유지관리, 안전 진단점검, 지상 및 지하시설 모니터링, 보수보강, 예비타당성조사",韩文,机构正式研究,科技创新政策与能力基线,科研体系、研发投入与评价,P2-STI-baseline,https://www.kistep.re.kr/reportAllDetail.es?mid=a10305010000&rpt_no=RES0220210173&rpt_tp=831-003,https://www.kistep.re.kr/reportDownload.es?rpt_no=RES0220210173&seq=res_0026P@2,,,,0,,0,0,官方目录无本地正文,官方目录元数据，附件未列入本批,,2026-08-22
C-KISTEP-RES0220210174,RES0220210174,831-003,예비타당성조사,2021-08-23,W2,2020년도 예비타당성조사 보고서 PIM 인공지능 반도체 핵심기술개발사업,임현(예비타당성조사1센터),"PIM 반도체, 인공지능, 데이터 병목현상, 차세대 메모리, 예비타당성조사",韩文,机构正式研究,核心科技直接材料,人工智能、数据与数字技术；半导体、量子与战略技术；科研体系、研发投入与评价,P0-core-tech,https://www.kistep.re.kr/reportAllDetail.es?mid=a10305010000&rpt_no=RES0220210174&rpt_tp=831-003,https://www.kistep.re.kr/reportDownload.es?rpt_no=RES0220210174&seq=res_0026P@2,,,,0,,0,0,官方目录无本地正文,官方目录元数据，附件未列入本批,,2026-08-22
C-KISTEP-RES0220210175,RES0220210175,831-003,예비타당성조사,2021-08-25,W2,2020년도 예비타당성조사 보고서 친환경 선박 전주기 혁신기술개발 사업,임현(예비타당성조사1센터),"친환경선박, 국제해사기구, 규제, 온실가스, 예비타당성조사",韩文,机构正式研究,科技创新政策与能力基线,科研体系、研发投入与评价；产业创新、创业与区域体系,P1-global-STI,https://www.kistep.re.kr/reportAllDetail.es?mid=a10305010000&rpt_no=RES0220210175&rpt_tp=831-003,https://www.kistep.re.kr/reportDownload.es?rpt_no=RES0220210175&seq=res_0026P@2,,,,0,,0,0,官方目录无本地正文,官方目录元数据，附件未列入本批,,2026-08-22
C-KISTEP-RES0220210176,RES0220210176,831-003,예비타당성조사,2021-08-26,W2,2020년도 예비타당성조사 보고서 한국형 위성항법시스템(KPS) 개발사업,임현(예비타당성조사1센터),"위성항법, 기반기술, 인프라, 국산화, 예비타당성조사",韩文,机构正式研究,核心科技直接材料,科研体系、研发投入与评价；航天、核能与大型技术系统,P0-core-tech,https://www.kistep.re.kr/reportAllDetail.es?mid=a10305010000&rpt_no=RES0220210176&rpt_tp=831-003,https://www.kistep.re.kr/reportDownload.es?rpt_no=RES0220210176&seq=res_0026P@9,,,,0,,0,0,官方目录无本地正文,官方目录元数据，附件未列入本批,,2026-08-22
C-KISTEP-RES0220210177,RES0220210177,831-001,조사평가,2021-08-26,W2,2020년도 국가연구개발사업 조사·분석보고서,이현익(혁신정보분석센터),"조사분석, 정부, 연구개발, 투자, 통계",韩文,机构正式研究,科技创新政策与能力基线,科研体系、研发投入与评价,P2-STI-baseline,https://www.kistep.re.kr/reportAllDetail.es?mid=a10305010000&rpt_no=RES0220210177&rpt_tp=831-001,https://www.kistep.re.kr/reportDownload.es?rpt_no=RES0220210177&seq=res_0026P@2,,,,0,,0,0,官方目录无本地正文,官方目录元数据，附件未列入本批,,2026-08-22
C-KISTEP-PRG0720210054,PRG0720210054,831-007,위탁/협동/공동연구보고서,2021-08-31,W2,수요기반 혁신강화를 위한 공공수요연계 R&D 생태계 구축 전략 연구,최종화(과학기술정책연구원),"혁신조달연계, 공공수요, R&D생태계",韩文,机构正式研究,科技创新政策与能力基线,科研体系、研发投入与评价；产业创新、创业与区域体系,P2-STI-baseline,https://www.kistep.re.kr/reportAllDetail.es?mid=a10305010000&rpt_no=PRG0720210054&rpt_tp=831-007,https://www.kistep.re.kr/reportDownload.es?rpt_no=PRG0720210054&seq=prg_0071P@6,,,,0,,0,0,官方目录无本地正文,官方目录元数据，附件未列入本批,,2026-08-22
C-KISTEP-PRG0720210055,PRG0720210055,831-007,위탁/협동/공동연구보고서,2021-08-31,W2,R&D사업관리체계 개선연구: 일몰관리혁신 대상 사업 관리 운영방안을 중심으로,분리보관(과학기술정책연구원),국가연구개발사업 관리운영체계 사업관리 일몰 효율성 효과성,韩文,机构正式研究,科技创新政策与能力基线,科研体系、研发投入与评价；产业创新、创业与区域体系,P2-STI-baseline,https://www.kistep.re.kr/reportAllDetail.es?mid=a10305010000&rpt_no=PRG0720210055&rpt_tp=831-007,https://www.kistep.re.kr/reportDownload.es?rpt_no=PRG0720210055&seq=prg_0071P@6,,,,0,,0,0,官方目录无本地正文,官方目录元数据，附件未列入本批,,2026-08-22
C-KISTEP-PRG0720210059,PRG0720210059,831-007,위탁/협동/공동연구보고서,2021-09-15,W2,국가R&D 전담은행제도 도입에 관한 연구,정의영(아인혁신컨설팅 주식회사),R&D 전담은행제도 국가연구개발비 집,韩文,机构正式研究,科技创新政策与能力基线,科研体系、研发投入与评价,P2-STI-baseline,https://www.kistep.re.kr/reportAllDetail.es?mid=a10305010000&rpt_no=PRG0720210059&rpt_tp=831-007,https://www.kistep.re.kr/reportDownload.es?rpt_no=PRG0720210059&seq=prg_0071P@7,,,,0,,0,0,官方目录无本地正文,官方目录元数据，附件未列入本批,,2026-08-22
C-KISTEP-RES0220210182,RES0220210182,831-003,예비타당성조사,2021-10-12,W2,2020년도 예비타당성조사 보고서 시장 선도를 위한 한국 주도형 K-Sensor 기술개발사업,임현(예비타당성조사1센터),"센서, 미세전자기계시스템, 센서 신뢰성, 실증인프라, 예비타당성조사",韩文,机构正式研究,科技创新政策与能力基线,科研体系、研发投入与评价,P2-STI-baseline,https://www.kistep.re.kr/reportAllDetail.es?mid=a10305010000&rpt_no=RES0220210182&rpt_tp=831-003,https://www.kistep.re.kr/reportDownload.es?rpt_no=RES0220210182&seq=res_0026P@4,,,,0,,0,0,官方目录无本地正文,官方目录元数据，附件未列入本批,,2026-08-22
C-KISTEP-RES0220210183,RES0220210183,831-003,예비타당성조사,2021-10-19,W2,2021년도 사업계획 적정성 재검토 보고서 코로나19백신 임상지원 사업,임현(예비타당성조사3센터),"코로나19, 백신, 임상시험, 사업계획적정성재검토",韩文,机构正式研究,科技创新政策与能力基线,生命科学、生物技术与健康,P2-STI-baseline,https://www.kistep.re.kr/reportAllDetail.es?mid=a10305010000&rpt_no=RES0220210183&rpt_tp=831-003,https://www.kistep.re.kr/reportDownload.es?rpt_no=RES0220210183&seq=res_0026P@2,,,,0,,0,0,官方目录无本地正文,官方目录元数据，附件未列入本批,,2026-08-22
C-KISTEP-RES0220210185,RES0220210185,831-003,예비타당성조사,2021-10-22,W2,2021년도 사업계획 적정성재검토 보고서 수출용 신형연구로 개발 및 실증,임현(예비타당성조사3센터),"수출용 연구로, 핵연료, 방사성동위원소, 중성자핵변환도핑, 사업계획 적정성 재검토",韩文,机构正式研究,科技创新政策与能力基线,科技创新政策与研究体系,P2-STI-baseline,https://www.kistep.re.kr/reportAllDetail.es?mid=a10305010000&rpt_no=RES0220210185&rpt_tp=831-003,https://www.kistep.re.kr/reportDownload.es?rpt_no=RES0220210185&seq=res_0026P@4,,,,0,,0,0,官方目录无本地正文,官方目录元数据，附件未列入本批,,2026-08-22
C-KISTEP-PRG0720210060,PRG0720210060,831-007,위탁/협동/공동연구보고서,2021-10-25,W2,R&D 사업의 사회적가치 평가 방안 연구,신정우(경희대학교 산학협력단),"사회적 가치, 사회적 편익, 예비타당성 조사, R&D 사업, 연구 로드맵, 가치평가방법",韩文,机构正式研究,科技创新政策与能力基线,科研体系、研发投入与评价,P2-STI-baseline,https://www.kistep.re.kr/reportAllDetail.es?mid=a10305010000&rpt_no=PRG0720210060&rpt_tp=831-007,https://www.kistep.re.kr/reportDownload.es?rpt_no=PRG0720210060&seq=prg_0071P@1,,,,0,,0,0,官方目录无本地正文,官方目录元数据，附件未列入本批,,2026-08-22
C-KISTEP-RES0220210184,RES0220210184,831-003,예비타당성조사,2021-10-25,W2,2020년 사업계획 적정성 재검토 보고서 강소특구 사업화 지원사업,임현(예비타당성조사3센터),"연구개발특구, 혁신클러스터, 기술이전사업화, 연구소기업, 예비타당성조사",韩文,机构正式研究,科技创新政策与能力基线,科研体系、研发投入与评价；产业创新、创业与区域体系,P2-STI-baseline,https://www.kistep.re.kr/reportAllDetail.es?mid=a10305010000&rpt_no=RES0220210184&rpt_tp=831-003,https://www.kistep.re.kr/reportDownload.es?rpt_no=RES0220210184&seq=res_0026P@2,,,,0,,0,0,官方目录无本地正文,官方目录元数据，附件未列入本批,,2026-08-22
C-KISTEP-PRG0720210061,PRG0720210061,831-007,위탁/협동/공동연구보고서,2021-10-31,W2,해외 주요국 성과확산 정책 및 기술료 제도 조사,정태현(한양대학교 산학협력단),"국가연구개발, 기술사업화, 연구성과 확산, 혁신정책",韩文,机构正式研究,科技创新政策与能力基线,科研体系、研发投入与评价；产业创新、创业与区域体系,P1-global-STI,https://www.kistep.re.kr/reportAllDetail.es?mid=a10305010000&rpt_no=PRG0720210061&rpt_tp=831-007,https://www.kistep.re.kr/reportDownload.es?rpt_no=PRG0720210061&seq=prg_0071P@7,,,,0,,0,0,官方目录无本地正文,官方目录元数据，附件未列入本批,,2026-08-22
C-KISTEP-PRG0720210066,PRG0720210066,831-007,위탁/협동/공동연구보고서,2021-10-31,W2,우리나라 과학기술행정체제 이력 분석 연구,이삼열((사)한국행정학회),"과학기술행정거버넌스, 혁신정책, 거버넌스 설계",韩文,机构正式研究,科技创新政策与能力基线,产业创新、创业与区域体系,P2-STI-baseline,https://www.kistep.re.kr/reportAllDetail.es?mid=a10305010000&rpt_no=PRG0720210066&rpt_tp=831-007,https://www.kistep.re.kr/reportDownload.es?rpt_no=PRG0720210066&seq=prg_0071P@6,,,,0,,0,0,官方目录无本地正文,官方目录元数据，附件未列入本批,,2026-08-22
C-KISTEP-RES0220210186,RES0220210186,831-004,성과확산,2021-11-15,W2,2021년 국가연구개발 우수성과 100,"김남희, 김준희(성과확산센터)","국가연구개발 우수성과, 100선, 사례집, 국가연구개발사업",韩文,机构正式研究,科技创新政策与能力基线,科研体系、研发投入与评价,P2-STI-baseline,https://www.kistep.re.kr/reportAllDetail.es?mid=a10305010000&rpt_no=RES0220210186&rpt_tp=831-004,https://www.kistep.re.kr/reportDownload.es?rpt_no=RES0220210186&seq=res_0026P@2,,,,0,,0,0,官方目录无本地正文,官方目录元数据，附件未列入本批,,2026-08-22
C-KISTEP-PRG0720210065,PRG0720210065,831-007,위탁/협동/공동연구보고서,2021-11-23,W2,학문분야별 기초연구 지원체계의 현장 적용을 위한 가이드라인 수립 연구,고도경(광주과학기술원),"기초연구사업, 학문분야별 지원체계, 연구자 주도, 현장적용 가이드라인",韩文,机构正式研究,科技创新政策与能力基线,科技人才、大学与知识流动,P2-STI-baseline,https://www.kistep.re.kr/reportAllDetail.es?mid=a10305010000&rpt_no=PRG0720210065&rpt_tp=831-007,https://www.kistep.re.kr/reportDownload.es?rpt_no=PRG0720210065&seq=prg_0071P@5,C:\Users\WINDOWS\OneDrive\知识库\智库信息爬虫\国际主要科技智库观点演变_研判\03_证据底稿\原文PDF\C-KISTEP-PRG0720210065.pdf,C:\Users\WINDOWS\OneDrive\知识库\智库信息爬虫\国际主要科技智库观点演变_研判\03_证据底稿\文本\C-KISTEP-PRG0720210065.txt,C:\Users\WINDOWS\OneDrive\知识库\智库信息爬虫\国际主要科技智库观点演变_研判\03_证据底稿\切片\C-KISTEP-PRG0720210065.md,16822417,f803519947c9fd992d18ee5c6b0b139163b27805eceab18870c8bbd2f9d5b277,112,84517,可检索文本,官方PDF已保存并校验,,2026-08-22
C-KISTEP-RES0220210187,RES0220210187,831-002,정책기획,2021-11-23,W2,2020년 과학기술기반 지역수요맞춤형 R&D지원사업 수행결과보고서,김성진(지역정책팀),"연구기획, 연구관리, R&D 컨설팅",韩文,机构正式研究,科技创新政策与能力基线,科研体系、研发投入与评价；产业创新、创业与区域体系,P2-STI-baseline,https://www.kistep.re.kr/reportAllDetail.es?mid=a10305010000&rpt_no=RES0220210187&rpt_tp=831-002,https://www.kistep.re.kr/reportDownload.es?rpt_no=RES0220210187&seq=res_0026P@3,,,,0,,0,0,官方目录无本地正文,官方目录元数据，附件未列入本批,,2026-08-22
C-KISTEP-PRG0720210063,PRG0720210063,831-007,위탁/협동/공동연구보고서,2021-11-24,W2,연구기관의 지원역량 제고 촉진을 위한 지표 개선 연구,박문수(단국대학교 산학협력단),"연구지원 체계,체계 평가, R&D 평가 지표",韩文,机构正式研究,科技创新政策与能力基线,科研体系、研发投入与评价,P2-STI-baseline,https://www.kistep.re.kr/reportAllDetail.es?mid=a10305010000&rpt_no=PRG0720210063&rpt_tp=831-007,https://www.kistep.re.kr/reportDownload.es?rpt_no=PRG0720210063&seq=prg_0071P@6,,,,0,,0,0,官方目录无本地正文,官方目录元数据，附件未列入本批,,2026-08-22
C-KISTEP-PRG0720210062,PRG0720210062,831-007,위탁/협동/공동연구보고서,2021-11-30,W2,국가기술전략 Think Tank 설치에 관한 사전 연구,임홍탁((사)한국기술혁신학회),"기술전략센터, 기술분야, 중간지원조직, 지식집약서비스, 중재",韩文,机构正式研究,科技创新政策与能力基线,科技人才、大学与知识流动,P2-STI-baseline,https://www.kistep.re.kr/reportAllDetail.es?mid=a10305010000&rpt_no=PRG0720210062&rpt_tp=831-007,https://www.kistep.re.kr/reportDownload.es?rpt_no=PRG0720210062&seq=prg_0071P@9,,,,0,,0,0,官方目录无本地正文,官方目录元数据，附件未列入本批,,2026-08-22
C-KISTEP-PRG0720210064,PRG0720210064,831-007,위탁/협동/공동연구보고서,2021-11-30,W2,체계형태 사업의 비용 타당성분석 방안 연구,서윤원(단국대학교천안캠퍼스산학협력단),"사업타당성조사, 비용분석, 공학적추정, 모수추정, 비용분석 방법론, 원가요소",韩文,机构正式研究,科技创新政策与能力基线,科技创新政策与研究体系,P2-STI-baseline,https://www.kistep.re.kr/reportAllDetail.es?mid=a10305010000&rpt_no=PRG0720210064&rpt_tp=831-007,https://www.kistep.re.kr/reportDownload.es?rpt_no=PRG0720210064&seq=prg_0071P@5,,,,0,,0,0,官方目录无本地正文,官方目录元数据，附件未列入本批,,2026-08-22
C-KISTEP-PRG0720210067,PRG0720210067,831-007,위탁/협동/공동연구보고서,2021-11-30,W2,탄소중립 대응 주요국 R&D  동향조사 및 분석,전은진(국가녹색기술연구소),"탄소중립, 기후변화, R&D투자, 혁신 기술, 심층 탈탄소화, 장기저탄소발전전략",韩文,机构正式研究,科技创新政策与能力基线,能源、气候与绿色转型；科研体系、研发投入与评价；产业创新、创业与区域体系,P2-STI-baseline,https://www.kistep.re.kr/reportAllDetail.es?mid=a10305010000&rpt_no=PRG0720210067&rpt_tp=831-007,https://www.kistep.re.kr/reportDownload.es?rpt_no=PRG0720210067&seq=prg_0071P@5,,,,0,,0,0,官方目录无本地正文,官方目录元数据，附件未列入本批,,2026-08-22
C-KISTEP-PRG0720210068,PRG0720210068,831-007,위탁/협동/공동연구보고서,2021-11-30,W2,정부 데이터 관련 샤업 현황 분석 및 유형 체계화 연구 보고서,배진우((주)테크디엔에이),"산업데이터, 빅데이터, 데이터플랫폼, 인공지능",韩文,机构正式研究,核心科技直接材料,人工智能、数据与数字技术；产业创新、创业与区域体系,P0-core-tech,https://www.kistep.re.kr/reportAllDetail.es?mid=a10305010000&rpt_no=PRG0720210068&rpt_tp=831-007,https://www.kistep.re.kr/reportDownload.es?rpt_no=PRG0720210068&seq=prg_0071P@5,,,,0,,0,0,官方目录无本地正文,官方目录元数据，附件未列入本批,,2026-08-22
C-KISTEP-PRG0720210069,PRG0720210069,831-007,위탁/협동/공동연구보고서,2021-11-30,W2,과학기술 논문성과 분석연구(2011-2020),강일신(시공아이피씨),"과학기술 논문분석, 국가별 논문성과 분석, 분야별 논문성과 분석, 한국의 연구기관별 논문성과 분석, 한국의 지역별 논문성과 분석, 한국의 학술지별 논문성과 분석",韩文,机构正式研究,科技创新政策与能力基线,科研体系、研发投入与评价；产业创新、创业与区域体系,P2-STI-baseline,https://www.kistep.re.kr/reportAllDetail.es?mid=a10305010000&rpt_no=PRG0720210069&rpt_tp=831-007,https://www.kistep.re.kr/reportDownload.es?rpt_no=PRG0720210069&seq=prg_0071P@13,,,,0,,0,0,官方目录无本地正文,官方目录元数据，附件未列入本批,,2026-08-22
C-KISTEP-PRG0720220004,PRG0720220004,831-007,위탁/협동/공동연구보고서,2021-12-16,W2,과학기술분야 출연연 특성별 기관평가방법론 개발 연구,홍형득(한국정책학회),"정부출연연구기관, 기관평가, 기관유형, 평가방법",韩文,机构正式研究,科技创新政策与能力基线,科研体系、研发投入与评价,P2-STI-baseline,https://www.kistep.re.kr/reportAllDetail.es?mid=a10305010000&rpt_no=PRG0720220004&rpt_tp=831-007,https://www.kistep.re.kr/reportDownload.es?rpt_no=PRG0720220004&seq=prg_0071P@6,,,,0,,0,0,官方目录无本地正文,官方目录元数据，附件未列入本批,,2026-08-22
C-KISTEP-RES0220210194,RES0220210194,831-007,위탁/협동/공동연구보고서,2021-12-20,W2,국가R&D 기획·관리 지원서비스 구축,정정규(NTIS팀),"국가과학기술지식정보서비스, R&D 사업관리, 국가연구개발사업 조사·분석, 예산정보, 정책정보, 전주기정보, 과학기술통계, 성과평가",韩文,机构正式研究,科技创新政策与能力基线,科研体系、研发投入与评价；科技人才、大学与知识流动,P2-STI-baseline,https://www.kistep.re.kr/reportAllDetail.es?mid=a10305010000&rpt_no=RES0220210194&rpt_tp=831-007,https://www.kistep.re.kr/reportDownload.es?rpt_no=RES0220210194&seq=res_0026P@2,,,,0,,0,0,官方目录无本地正文,官方目录元数据，附件未列入本批,,2026-08-22
C-KISTEP-RES0220210200,RES0220210200,831-003,예비타당성조사,2021-12-23,W2,2021년도 사업계획 적정성 재검토 보고서 바이오 연구 데이터 활용 기반 조성사업,임현(예비타당성조사3센터),"바이오 연구 데이터, 국가바이오데이터스테이션, 데이터댐, 데이터품질관리, 예비타당성조사",韩文,机构正式研究,核心科技直接材料,人工智能、数据与数字技术；生命科学、生物技术与健康；科研体系、研发投入与评价,P0-core-tech,https://www.kistep.re.kr/reportAllDetail.es?mid=a10305010000&rpt_no=RES0220210200&rpt_tp=831-003,https://www.kistep.re.kr/reportDownload.es?rpt_no=RES0220210200&seq=res_0026P@2,,,,0,,0,0,官方目录无本地正文,官方目录元数据，附件未列入本批,,2026-08-22
C-KISTEP-PRG0720210071,PRG0720210071,831-007,위탁/협동/공동연구보고서,2021-12-24,W2,과학기술 기반 SDGs 달성지원 전략 연구,선인경(과학기술정책연구원),"지속가능발전목표를 위한 과학기술혁신, 유엔과학기술혁신 포럼, 고위급정치포럼, UN 총회, SDGs 어젠다, 코로나 바이러스, 한국형 뉴딜, 탄소중립",韩文,机构正式研究,科技创新政策与能力基线,能源、气候与绿色转型；产业创新、创业与区域体系,P2-STI-baseline,https://www.kistep.re.kr/reportAllDetail.es?mid=a10305010000&rpt_no=PRG0720210071&rpt_tp=831-007,https://www.kistep.re.kr/reportDownload.es?rpt_no=PRG0720210071&seq=prg_0071P@2,,,,0,,0,0,官方目录无本地正文,官方目录元数据，附件未列入本批,,2026-08-22
C-KISTEP-RES0220210201,RES0220210201,831-001,조사평가,2021-12-28,W2,R&I(연구혁신) 정책 및 연구성과물 데이터 생태계 구축방안 연구,이윤빈(혁신정보분석센터),"연구혁신, 데이터, 정책, 의사결정, 생태계",韩文,机构正式研究,核心科技直接材料,人工智能、数据与数字技术；科研体系、研发投入与评价；产业创新、创业与区域体系,P0-core-tech,https://www.kistep.re.kr/reportAllDetail.es?mid=a10305010000&rpt_no=RES0220210201&rpt_tp=831-001,https://www.kistep.re.kr/reportDownload.es?rpt_no=RES0220210201&seq=res_0026P@2,,,,0,,0,0,官方目录无本地正文,官方目录元数据，附件未列入本批,,2026-08-22
C-KISTEP-RES0220210203,RES0220210203,831-003,예비타당성조사,2021-12-29,W2,2021년도 예비타당성조사 보고서 동물감염병 대응기술개발사업,임현(예비타당성조사1센터),"아프리카돼지열병, 구제역, 조류독감, 동물감염병 대응, 예비타당성조사",韩文,机构正式研究,科技创新政策与能力基线,科研体系、研发投入与评价,P2-STI-baseline,https://www.kistep.re.kr/reportAllDetail.es?mid=a10305010000&rpt_no=RES0220210203&rpt_tp=831-003,https://www.kistep.re.kr/reportDownload.es?rpt_no=RES0220210203&seq=res_0026P@2,,,,0,,0,0,官方目录无本地正文,官方目录元数据，附件未列入本批,,2026-08-22
C-KISTEP-PRG0720210072,PRG0720210072,831-007,위탁/협동/공동연구보고서,2021-12-30,W2,한국형 글로벌 인재허브 기획 : 국가과기핵심인재 순환·관리전략,분리보관(주식회사 임팩트매니지먼트코리아),"인재허브, 해외인재, 유치, 활용, 과학기술",韩文,机构正式研究,科技创新政策与能力基线,科技人才、大学与知识流动,P1-global-STI,https://www.kistep.re.kr/reportAllDetail.es?mid=a10305010000&rpt_no=PRG0720210072&rpt_tp=831-007,https://www.kistep.re.kr/reportDownload.es?rpt_no=PRG0720210072&seq=prg_0071P@3,,,,0,,0,0,官方目录无本地正文,官方目录元数据，附件未列入本批,,2026-08-22
C-KISTEP-PRG0720220001,PRG0720220001,831-007,위탁/협동/공동연구보고서,2021-12-31,W2,과학기술 혁신인재 양성을 위한 국가R&D 중장기 투자전략 수립 연구,홍성민(과학기술정책연구원),"과학기술 혁신인재, 교육생태계, 연구생태계, 국가R&D, 중장기투자",韩文,机构正式研究,科技创新政策与能力基线,科研体系、研发投入与评价；科技人才、大学与知识流动；产业创新、创业与区域体系,P2-STI-baseline,https://www.kistep.re.kr/reportAllDetail.es?mid=a10305010000&rpt_no=PRG0720220001&rpt_tp=831-007,https://www.kistep.re.kr/reportDownload.es?rpt_no=PRG0720220001&seq=prg_0071P@6,,,,0,,0,0,官方目录无本地正文,官方目录元数据，附件未列入本批,,2026-08-22
C-KISTEP-PRG0720220002,PRG0720220002,831-007,위탁/협동/공동연구보고서,2021-12-31,W2,글로벌 기술패권경쟁 대응을 위한 국가R&D 중장기 투자전략 수립 연구,분리보관(산업연구원),"기술패권경쟁, 주력산업, 신산업(성장동력), 국가R&D, 투자전략",韩文,机构正式研究,核心科技直接材料,半导体、量子与战略技术；科研体系、研发投入与评价；产业创新、创业与区域体系；技术安全、供应链与国际合作,P0-core-tech,https://www.kistep.re.kr/reportAllDetail.es?mid=a10305010000&rpt_no=PRG0720220002&rpt_tp=831-007,https://www.kistep.re.kr/reportDownload.es?rpt_no=PRG0720220002&seq=prg_0071P@6,,,,0,,0,0,官方目录无本地正文,官方目录元数据，附件未列入本批,,2026-08-22
C-KISTEP-PRG0720220003,PRG0720220003,831-007,위탁/협동/공동연구보고서,2021-12-31,W2,바이오·헬스 분야 중장기 R&D 투자전략 수립 연구,김흥열(한국생명공학연구원),"바이오·헬스, 바이오경제, 투자전략, 전문가 그룹",韩文,机构正式研究,核心科技直接材料,生命科学、生物技术与健康；科研体系、研发投入与评价,P0-core-tech,https://www.kistep.re.kr/reportAllDetail.es?mid=a10305010000&rpt_no=PRG0720220003&rpt_tp=831-007,https://www.kistep.re.kr/reportDownload.es?rpt_no=PRG0720220003&seq=prg_0071P@5,,,,0,,0,0,官方目录无本地正文,官方目录元数据，附件未列入本批,,2026-08-22
C-KISTEP-PRG0720220012,PRG0720220012,831-007,위탁/협동/공동연구보고서,2021-12-31,W2,출연연 발전과 역량강화를 위한 기관평가제도 재설계 방안 연구,분리보관((사)한국정책학회),"과기 출연연, 기관평가, 성과제고, 연구 성과, 연구 역량",韩文,机构正式研究,科技创新政策与能力基线,科研体系、研发投入与评价,P2-STI-baseline,https://www.kistep.re.kr/reportAllDetail.es?mid=a10305010000&rpt_no=PRG0720220012&rpt_tp=831-007,https://www.kistep.re.kr/reportDownload.es?rpt_no=PRG0720220012&seq=prg_0071P@17,,,,0,,0,0,官方目录无本地正文,官方目录元数据，附件未列入本批,,2026-08-22
C-KISTEP-PRG0720220050,PRG0720220050,831-007,위탁/협동/공동연구보고서,2021-12-31,W2,(최종) 위탁연구과제 결과보고서_범부처 통합 연구지원시스템 운영을 위한 사용자 교육 콘텐츠 및 온·오프라인 통합 학습 플랫폼 지원 연구,김부현(국가과학기술인력개발원),"사용자 교육 콘텐츠, R&D업무포털 사용법",韩文,机构正式研究,科技创新政策与能力基线,科技创新政策与研究体系,P2-STI-baseline,https://www.kistep.re.kr/reportAllDetail.es?mid=a10305010000&rpt_no=PRG0720220050&rpt_tp=831-007,https://www.kistep.re.kr/reportDownload.es?rpt_no=PRG0720220050&seq=prg_0071P@2,,,,0,,0,0,官方目录无本地正文,官方目录元数据，附件未列入本批,,2026-08-22
C-KISTEP-RES0220210205,RES0220210205,831-002,정책기획,2022-01-03,W3,디지털·비대면 분야 유망 신직업 중점 발굴 및 활성화 방안 연구,유준우(인재정책센터),"과학기술분야 직업동향, 과학기술분야 유망 신직업, 과학기술분야 일자리 지원, 재교육",韩文,机构正式研究,核心科技直接材料,人工智能、数据与数字技术,P0-core-tech,https://www.kistep.re.kr/reportAllDetail.es?mid=a10305010000&rpt_no=RES0220210205&rpt_tp=831-002,https://www.kistep.re.kr/reportDownload.es?rpt_no=RES0220210205&seq=res_0026P@1,,,,0,,0,0,官方目录无本地正文,官方目录元数据，附件未列入本批,,2026-08-22
C-KISTEP-RES0220220001,RES0220220001,831-005,사업조정,2022-01-06,W3,대·중소기업 간 상생·협력을 위한 정부 R&D 지원 방안,진영현(성장동력사업센터),"R&D협력, 중소기업, 동반성장, 포커스그룹인터뷰, 개방형혁신",韩文,机构正式研究,科技创新政策与能力基线,科研体系、研发投入与评价；产业创新、创业与区域体系,P1-global-STI,https://www.kistep.re.kr/reportAllDetail.es?mid=a10305010000&rpt_no=RES0220220001&rpt_tp=831-005,https://www.kistep.re.kr/reportDownload.es?rpt_no=RES0220220001&seq=res_0026P@2,,,,0,,0,0,官方目录无本地正文,官方目录元数据，附件未列入本批,,2026-08-22
C-KISTEP-PRG0720210070,PRG0720210070,831-007,위탁/협동/공동연구보고서,2022-01-10,W3,국가R&D 중장기투자전략 수립을 위한 미래전망연구,허경무(한국과학기술원),"미래전망, 미래이슈, 중장기 국가R&D 투자전략, 미래예측방법, 시나리오",韩文,机构正式研究,科技创新政策与能力基线,科研体系、研发投入与评价；科技前瞻与未来社会,P2-STI-baseline,https://www.kistep.re.kr/reportAllDetail.es?mid=a10305010000&rpt_no=PRG0720210070&rpt_tp=831-007,https://www.kistep.re.kr/reportDownload.es?rpt_no=PRG0720210070&seq=prg_0071P@5,,,,0,,0,0,官方目录无本地正文,官方目录元数据，附件未列入本批,,2026-08-22
C-KISTEP-RES0220210202,RES0220210202,831-005,사업조정,2022-01-10,W3,부처 간 R&D 협업 체계화를 위한 정부R&D시스템 개선 연구,강현규(투자기획조정센터),"부처 간 R&D 협업, 정부R&D시스템, R&D 전주기, 다부처협력특별위원회, 협업유형",韩文,机构正式研究,科技创新政策与能力基线,科研体系、研发投入与评价,P1-global-STI,https://www.kistep.re.kr/reportAllDetail.es?mid=a10305010000&rpt_no=RES0220210202&rpt_tp=831-005,https://www.kistep.re.kr/reportDownload.es?rpt_no=RES0220210202&seq=res_0026P@2,,,,0,,0,0,官方目录无本地正文,官方目录元数据，附件未列入本批,,2026-08-22
C-KISTEP-RES0220220002,RES0220220002,831-006,미래예측,2022-01-10,W3,2021년 기술수준평가 -기술수준평가 방법론 개선 연구-,박창현(기술예측센터),"기술수준평가, 국가전략기술, 델파이설문조사, 정량적 분석, 특허분석",韩文,机构正式研究,核心科技直接材料,半导体、量子与战略技术；科研体系、研发投入与评价,P0-core-tech,https://www.kistep.re.kr/reportAllDetail.es?mid=a10305010000&rpt_no=RES0220220002&rpt_tp=831-006,https://www.kistep.re.kr/reportDownload.es?rpt_no=RES0220220002&seq=res_0026P@2,,,,0,,0,0,官方目录无本地正文,官方目录元数据，附件未列入本批,,2026-08-22
C-KISTEP-RES0220220003,RES0220220003,831-006,미래예측,2022-01-10,W3,제6회 과학기술예측조사 연구(2차년도),박창현(기술예측센터),"6회 과학기술예측조사, 기술예측, 미래 기술, 중장기 전략, 델파이 조사",韩文,机构正式研究,科技创新政策与能力基线,科技前瞻与未来社会,P2-STI-baseline,https://www.kistep.re.kr/reportAllDetail.es?mid=a10305010000&rpt_no=RES0220220003&rpt_tp=831-006,https://www.kistep.re.kr/reportDownload.es?rpt_no=RES0220220003&seq=res_0026P@5,,,,0,,0,0,官方目录无本地正文,官方目录元数据，附件未列入本批,,2026-08-22
C-KISTEP-RES0220220004,RES0220220004,831-006,미래예측,2022-01-10,W3,2021년 국가과학기술표준분류체계의 개선 및 활용기반 구축,이상남(기술예측센터),"과학기술, 표준분류체계, 임시분류 모니터링, 융합연구, 개선방안",韩文,机构正式研究,科技创新政策与能力基线,科技创新政策与研究体系,P2-STI-baseline,https://www.kistep.re.kr/reportAllDetail.es?mid=a10305010000&rpt_no=RES0220220004&rpt_tp=831-006,https://www.kistep.re.kr/reportDownload.es?rpt_no=RES0220220004&seq=res_0026P@1,,,,0,,0,0,官方目录无本地正文,官方目录元数据，附件未列入本批,,2026-08-22
C-KISTEP-RES0220220005,RES0220220005,831-002,정책기획,2022-01-10,W3,규제특례제도 분석을 통한 R&D 분야 법제 개선 연구,이재훈(제도혁신센터),"규제자유특구, 규제샌드박스, 규제특례, 규제개선, 법제개선",韩文,机构正式研究,科技创新政策与能力基线,科研体系、研发投入与评价,P2-STI-baseline,https://www.kistep.re.kr/reportAllDetail.es?mid=a10305010000&rpt_no=RES0220220005&rpt_tp=831-002,https://www.kistep.re.kr/reportDownload.es?rpt_no=RES0220220005&seq=res_0026P@2,,,,0,,0,0,官方目录无本地正文,官方目录元数据，附件未列入本批,,2026-08-22
C-KISTEP-PRG0720220005,PRG0720220005,831-007,위탁/협동/공동연구보고서,2022-01-14,W3,전문기관 지정·운영 실태조사 조사항목 지표 개선 연구,양현모(전략컨설팅집현(주)),"연구관리 전문기관, 실태조사, 지표 개선",韩文,机构正式研究,科技创新政策与能力基线,科技创新政策与研究体系,P2-STI-baseline,https://www.kistep.re.kr/reportAllDetail.es?mid=a10305010000&rpt_no=PRG0720220005&rpt_tp=831-007,https://www.kistep.re.kr/reportDownload.es?rpt_no=PRG0720220005&seq=prg_0071P@5,,,,0,,0,0,官方目录无本地正文,官方目录元数据，附件未列入本批,,2026-08-22
C-KISTEP-RES0220220009,RES0220220009,831-005,사업조정,2022-01-18,W3,2021년 개방형 포럼 방식을 활용한 과학기술 이슈 연구,류영수(투자기획조정센터),"혁신성장, 과학기술혁신, 디지털 뉴딜, 그린 뉴딜, 소재･부품･장비",韩文,机构正式研究,核心科技直接材料,人工智能、数据与数字技术；产业创新、创业与区域体系,P0-core-tech,https://www.kistep.re.kr/reportAllDetail.es?mid=a10305010000&rpt_no=RES0220220009&rpt_tp=831-005,https://www.kistep.re.kr/reportDownload.es?rpt_no=RES0220220009&seq=res_0026P@2,,,,0,,0,0,官方目录无本地正文,官方目录元数据，附件未列入本批,,2026-08-22
C-KISTEP-RES0220220006,RES0220220006,831-004,성과확산,2022-01-20,W3,NIS 관점에서의 국가 R&D 기술사업화 촉진 연구,황인영(혁신전략연구소),"기술사업화, 국가 R&D, 퍼지셋분석, IPA분석, 행위자기반모델링",韩文,机构正式研究,科技创新政策与能力基线,科研体系、研发投入与评价；产业创新、创业与区域体系,P2-STI-baseline,https://www.kistep.re.kr/reportAllDetail.es?mid=a10305010000&rpt_no=RES0220220006&rpt_tp=831-004,https://www.kistep.re.kr/reportDownload.es?rpt_no=RES0220220006&seq=res_0026P@4,,,,0,,0,0,官方目录无本地正文,官方目录元数据，附件未列入本批,,2026-08-22
C-KISTEP-RES0220220007,RES0220220007,831-001,조사평가,2022-01-20,W3,데이터 연계 및 비식별 방안을 통한 연구혁신 데이터 확산 활용 방안 연구,한혁(혁신정보분석센터),"비식별, 가명화, 빅데이터, 연구개발, 혁신",韩文,机构正式研究,核心科技直接材料,人工智能、数据与数字技术；科研体系、研发投入与评价；产业创新、创业与区域体系,P0-core-tech,https://www.kistep.re.kr/reportAllDetail.es?mid=a10305010000&rpt_no=RES0220220007&rpt_tp=831-001,https://www.kistep.re.kr/reportDownload.es?rpt_no=RES0220220007&seq=res_0026P@2,,,,0,,0,0,官方目录无本地正文,官方目录元数据，附件未列入本批,,2026-08-22
C-KISTEP-RES0220220010,RES0220220010,831-001,조사평가,2022-01-20,W3,2021년 과학기술정책의 과학화 기반구축 연구,김용희(혁신정보분석센터),"과학기술 정책의 과학화, 증거기반, 방법론 개발, 정책의사 결정, 과학기술 정책지원 서비스",韩文,机构正式研究,科技创新政策与能力基线,科研体系、研发投入与评价,P2-STI-baseline,https://www.kistep.re.kr/reportAllDetail.es?mid=a10305010000&rpt_no=RES0220220010&rpt_tp=831-001,https://www.kistep.re.kr/reportDownload.es?rpt_no=RES0220220010&seq=res_0026P@2,,,,0,,0,0,官方目录无本地正文,官方目录元数据，附件未列入本批,,2026-08-22
C-KISTEP-PRG0720220007,PRG0720220007,831-007,위탁/협동/공동연구보고서,2022-01-24,W3,혁신선도형 국가혁신시스템 고도화를 위한 전문가 포럼 최종보고서,홍형득((사)한국정책학회),혁신선도형 국가혁신시스템 고도화를 위한 전문가 포럼,韩文,机构正式研究,科技创新政策与能力基线,产业创新、创业与区域体系,P2-STI-baseline,https://www.kistep.re.kr/reportAllDetail.es?mid=a10305010000&rpt_no=PRG0720220007&rpt_tp=831-007,https://www.kistep.re.kr/reportDownload.es?rpt_no=PRG0720220007&seq=prg_0071P@8,,,,0,,0,0,官方目录无本地正文,官方目录元数据，附件未列入本批,,2026-08-22
C-KISTEP-RES0220220011,RES0220220011,831-005,사업조정,2022-01-25,W3,감염병 위기 대응을 위한 핵심기술 도출 및 정부 R&D 지원방안 수립 연구,"홍미영, 김주원(생명기초사업센터)"," 감염병 위기, 코로나19, 국제협력, 신변종 감염병",韩文,机构正式研究,科技创新政策与能力基线,科研体系、研发投入与评价；技术安全、供应链与国际合作,P1-global-STI,https://www.kistep.re.kr/reportAllDetail.es?mid=a10305010000&rpt_no=RES0220220011&rpt_tp=831-005,https://www.kistep.re.kr/reportDownload.es?rpt_no=RES0220220011&seq=res_0026P@2,,,,0,,0,0,官方目录无本地正文,官方目录元数据，附件未列入本批,,2026-08-22
C-KISTEP-RES0220220012,RES0220220012,831-004,성과확산,2022-01-25,W3,과학기술혁신정책 글로벌 역량 및 전문성 강화 연구,유나리(국제협력정책센터),"과학기술, 정책, 글로벌, 네트워크, 발간",韩文,机构正式研究,科技创新政策与能力基线,产业创新、创业与区域体系,P1-global-STI,https://www.kistep.re.kr/reportAllDetail.es?mid=a10305010000&rpt_no=RES0220220012&rpt_tp=831-004,https://www.kistep.re.kr/reportDownload.es?rpt_no=RES0220220012&seq=res_0026P@2,,,,0,,0,0,官方目录无本地正文,官方目录元数据，附件未列入本批,,2026-08-22
C-KISTEP-RES0220220015,RES0220220015,831-003,예비타당성조사,2022-01-25,W3,2021년도 사업계획 적정성 재검토 보고서 재생에너지 디지털트윈 및 친환경교통 실증연구 기반구축 사업,임현(예비타당성조사3센터),"재생에너지, 디지털트윈, 친환경교통, 분산에너지, 타당성조사",韩文,机构正式研究,核心科技直接材料,人工智能、数据与数字技术；能源、气候与绿色转型,P0-core-tech,https://www.kistep.re.kr/reportAllDetail.es?mid=a10305010000&rpt_no=RES0220220015&rpt_tp=831-003,https://www.kistep.re.kr/reportDownload.es?rpt_no=RES0220220015&seq=res_0026P@2,,,,0,,0,0,官方目录无本地正文,官方目录元数据，附件未列入本批,,2026-08-22
C-KISTEP-RES0220220008,RES0220220008,831-002,정책기획,2022-01-27,W3,2021년 과학기술혁신 글로벌 플랫폼 구축 연구,김혜나(국제협력정책센터),"국제협력, 글로벌, 네트워크, 과학기술혁신, 개도국",韩文,机构正式研究,科技创新政策与能力基线,产业创新、创业与区域体系；技术安全、供应链与国际合作,P1-global-STI,https://www.kistep.re.kr/reportAllDetail.es?mid=a10305010000&rpt_no=RES0220220008&rpt_tp=831-002,https://www.kistep.re.kr/reportDownload.es?rpt_no=RES0220220008&seq=res_0026P@2,,,,0,,0,0,官方目录无本地正文,官方目录元数据，附件未列入本批,,2026-08-22
C-KISTEP-RES0220220017,RES0220220017,831-002,정책기획,2022-01-27,W3,국가혁신체계의 개방성 제고 방안 연구 : 혁신요소의 유동성 제고방안을 중심으로,정동덕(혁신전략연구소),"글로벌 환경, 국가혁신체계, 혁신요소, 유동성(개방성), 산학연협력",韩文,机构正式研究,科技创新政策与能力基线,产业创新、创业与区域体系,P1-global-STI,https://www.kistep.re.kr/reportAllDetail.es?mid=a10305010000&rpt_no=RES0220220017&rpt_tp=831-002,https://www.kistep.re.kr/reportDownload.es?rpt_no=RES0220220017&seq=res_0026P@2,,,,0,,0,0,官方目录无本地正文,官方目录元数据，附件未列入本批,,2026-08-22
C-KISTEP-PRG0720220006,PRG0720220006,831-007,위탁/협동/공동연구보고서,2022-01-31,W3,국가연구개발사업 제재처분 관련 판례 조사 분석 -구 과학기술기본법 상 규정 위반사례 유형분류를 중심으로-,이소영(법무법인(유한) 지평),"국가연구개발사업, 참여제한, 제제부가금",韩文,机构正式研究,科技创新政策与能力基线,科研体系、研发投入与评价；技术安全、供应链与国际合作,P2-STI-baseline,https://www.kistep.re.kr/reportAllDetail.es?mid=a10305010000&rpt_no=PRG0720220006&rpt_tp=831-007,https://www.kistep.re.kr/reportDownload.es?rpt_no=PRG0720220006&seq=prg_0071P@5,,,,0,,0,0,官方目录无本地正文,官方目录元数据，附件未列入本批,,2026-08-22
C-KISTEP-PRG0720220008,PRG0720220008,831-007,위탁/협동/공동연구보고서,2022-01-31,W3,제5차 과학기술기본계획 핵심 Agenda 분석,박항식(을지대학교 산학협력단),"과학기술,기본계획,과학기술 정책,코로나 19 이후,비대면",韩文,机构正式研究,科技创新政策与能力基线,科技创新政策与研究体系,P2-STI-baseline,https://www.kistep.re.kr/reportAllDetail.es?mid=a10305010000&rpt_no=PRG0720220008&rpt_tp=831-007,https://www.kistep.re.kr/reportDownload.es?rpt_no=PRG0720220008&seq=prg_0071P@3,,,,0,,0,0,官方目录无本地正文,官方目录元数据，附件未列入本批,,2026-08-22
C-KISTEP-RES0220220014,RES0220220014,831-002,정책기획,2022-02-04,W3,2021년 KISTEP 이슈페이퍼,"손병호, 손석호(혁신전략연구소)","과학기술혁신, KISTEP 이슈페이퍼, KISTEP 정책브리프, NIS 정책 콜로키엄",韩文,机构正式研究,科技创新政策与能力基线,产业创新、创业与区域体系,P2-STI-baseline,https://www.kistep.re.kr/reportAllDetail.es?mid=a10305010000&rpt_no=RES0220220014&rpt_tp=831-002,https://www.kistep.re.kr/reportDownload.es?rpt_no=RES0220220014&seq=res_0026P@3,,,,0,,0,0,官方目录无本地正文,官方目录元数据，附件未列入本批,,2026-08-22
C-KISTEP-RES0220220018,RES0220220018,831-005,사업조정,2022-02-04,W3,출연연구기관 예산 체계 고도화 방안 연구 (1/2) 연차보고서,윤수진(R&D예산정책센터),"정부R&D, 예산, 출연연, 연구기관, 예산제도",韩文,机构正式研究,科技创新政策与能力基线,科技创新政策与研究体系,P2-STI-baseline,https://www.kistep.re.kr/reportAllDetail.es?mid=a10305010000&rpt_no=RES0220220018&rpt_tp=831-005,https://www.kistep.re.kr/reportDownload.es?rpt_no=RES0220220018&seq=res_0026P@2,,,,0,,0,0,官方目录无本地正文,官方目录元数据，附件未列入本批,,2026-08-22
C-KISTEP-RES0220220028,RES0220220028,831-003,예비타당성조사,2022-02-07,W3,2021년 국가R&D사업 사전분석 전문 네트워크 구축 및 역량 강화,이태근(예비타당성조사2센터),"예비타당성조사, 국가연구 개발사업, R&D사전분석 콜로키움, 예비타당성조사 교육, 전문가 세미나",韩文,机构正式研究,科技创新政策与能力基线,科研体系、研发投入与评价,P2-STI-baseline,https://www.kistep.re.kr/reportAllDetail.es?mid=a10305010000&rpt_no=RES0220220028&rpt_tp=831-003,https://www.kistep.re.kr/reportDownload.es?rpt_no=RES0220220028&seq=res_0026P@2,,,,0,,0,0,官方目录无本地正文,官方目录元数据，附件未列入本批,,2026-08-22
C-KISTEP-RES0220220029,RES0220220029,831-005,사업조정,2022-02-08,W3,2021년 기술혁신 아젠다 발굴 및 R&D 투자전략 수립 연구,류영수(생명기초사업센터),"기획역량, 예산배분, 투자전략, 과학기술, 정책제안",韩文,机构正式研究,科技创新政策与能力基线,科研体系、研发投入与评价；产业创新、创业与区域体系,P2-STI-baseline,https://www.kistep.re.kr/reportAllDetail.es?mid=a10305010000&rpt_no=RES0220220029&rpt_tp=831-005,https://www.kistep.re.kr/reportDownload.es?rpt_no=RES0220220029&seq=res_0026P@4,,,,0,,0,0,官方目录无本地正文,官方目录元数据，附件未列入本批,,2026-08-22
C-KISTEP-RES0220220032,RES0220220032,831-003,예비타당성조사,2022-02-08,W3,2021년도 예비타당성조사 요구 국가연구개발사업 예타 대상선정(기술성평가),안상진(예비타당성조사3센터),"예타 대상선정, 기술성평가",韩文,机构正式研究,科技创新政策与能力基线,科研体系、研发投入与评价,P2-STI-baseline,https://www.kistep.re.kr/reportAllDetail.es?mid=a10305010000&rpt_no=RES0220220032&rpt_tp=831-003,https://www.kistep.re.kr/reportDownload.es?rpt_no=RES0220220032&seq=res_0026P@2,,,,0,,0,0,官方目录无本地正文,官方目录元数据，附件未列入本批,,2026-08-22
C-KISTEP-RES0220220033,RES0220220033,831-002,정책기획,2022-02-08,W3,기후변화 적응 공공R&D 유망분야 도출 연구,성민규(R&D예산정책센터),"기후 적응, 서지분석, 키워드 분석, 예산편성, R&D 투자",韩文,机构正式研究,科技创新政策与能力基线,能源、气候与绿色转型；科研体系、研发投入与评价,P2-STI-baseline,https://www.kistep.re.kr/reportAllDetail.es?mid=a10305010000&rpt_no=RES0220220033&rpt_tp=831-002,https://www.kistep.re.kr/reportDownload.es?rpt_no=RES0220220033&seq=res_0026P@4,,,,0,,0,0,官方目录无本地正文,官方目录元数据，附件未列入本批,,2026-08-22
C-KISTEP-RES0220210199,RES0220210199,831-002,정책기획,2022-02-09,W3,과학기술외교 및 국제협력 기반 연구,김진하(국제협력정책센터),"과학기술외교, 국제협력, 거버넌스, 스코어보드, 과학기술정책",韩文,机构正式研究,科技创新政策与能力基线,科研体系、研发投入与评价；技术安全、供应链与国际合作,P1-global-STI,https://www.kistep.re.kr/reportAllDetail.es?mid=a10305010000&rpt_no=RES0220210199&rpt_tp=831-002,https://www.kistep.re.kr/reportDownload.es?rpt_no=RES0220210199&seq=res_0026P@2,,,,0,,0,0,官方目录无本地正文,官方目录元数据，附件未列入本批,,2026-08-22
C-KISTEP-RES0220220019,RES0220220019,831-002,정책기획,2022-02-09,W3,과학기술외교 추진전략 및 체계기반 구축연구,김진하(국제협력정책센터),"과학기술외교, 과학기술 국제협력, 국제협력전략, 공적개발원조, 교육･훈련체계",韩文,机构正式研究,科技创新政策与能力基线,技术安全、供应链与国际合作,P1-global-STI,https://www.kistep.re.kr/reportAllDetail.es?mid=a10305010000&rpt_no=RES0220220019&rpt_tp=831-002,https://www.kistep.re.kr/reportDownload.es?rpt_no=RES0220220019&seq=res_0026P@2,,,,0,,0,0,官方目录无本地正文,官方目录元数据，附件未列入本批,,2026-08-22
C-KISTEP-RES0220220034,RES0220220034,831-002,정책기획,2022-02-09,W3,기후변화 대응 과학기술외교‧국제협력 아젠다 및 전략 발굴 연구,김혜나(국제협력정책센터),"기후변화, 탄소중립, 지구 온난화, 과학기술외교, 국제협력",韩文,机构正式研究,科技创新政策与能力基线,能源、气候与绿色转型；技术安全、供应链与国际合作,P1-global-STI,https://www.kistep.re.kr/reportAllDetail.es?mid=a10305010000&rpt_no=RES0220220034&rpt_tp=831-002,https://www.kistep.re.kr/reportDownload.es?rpt_no=RES0220220034&seq=res_0026P@2,,,,0,,0,0,官方目录无本地正文,官方目录元数据，附件未列入本批,,2026-08-22
C-KISTEP-RES0220220036,RES0220220036,831-001,조사평가,2022-02-09,W3,학생인건비 통합관리제 기획 및 운영,박일주(제도혁신센터),"학생인건비, 학생연구자",韩文,机构正式研究,科技创新政策与能力基线,科技人才、大学与知识流动,P2-STI-baseline,https://www.kistep.re.kr/reportAllDetail.es?mid=a10305010000&rpt_no=RES0220220036&rpt_tp=831-001,https://www.kistep.re.kr/reportDownload.es?rpt_no=RES0220220036&seq=res_0026P@5,,,,0,,0,0,官方目录无本地正文,官方目录元数据，附件未列入本批,,2026-08-22
C-KISTEP-RES0220220013,RES0220220013,831-002,정책기획,2022-02-10,W3,2022년 국가 과학기술혁신 및 R&D 발전전략을 위한 ‘KISTEP Think 2022’ 핵심 아젠다 발굴 연구,"손병호, 손석호(혁신전략연구소)","과학기술혁신 정책, 국가R&D 전략, 국가기술혁신체계, 씽크 탱크, 핵심 아젠다",韩文,机构正式研究,科技创新政策与能力基线,科研体系、研发投入与评价；产业创新、创业与区域体系,P2-STI-baseline,https://www.kistep.re.kr/reportAllDetail.es?mid=a10305010000&rpt_no=RES0220220013&rpt_tp=831-002,https://www.kistep.re.kr/reportDownload.es?rpt_no=RES0220220013&seq=res_0026P@2,,,,0,,0,0,官方目录无本地正文,官方目录元数据，附件未列入本批,,2026-08-22
C-KISTEP-RES0220220030,RES0220220030,831-003,예비타당성조사,2022-02-10,W3,2021년 R&D사업 예비타당성조사 일관성 제고를 위한 조사 체계 개선 방향 연구,임현(예비타당성조사1센터),"예비타당성조사, 연구개발사업, 과학기술적 타당성, 정책적 타당성, 경제적 타당성",韩文,机构正式研究,科技创新政策与能力基线,科研体系、研发投入与评价,P2-STI-baseline,https://www.kistep.re.kr/reportAllDetail.es?mid=a10305010000&rpt_no=RES0220220030&rpt_tp=831-003,https://www.kistep.re.kr/reportDownload.es?rpt_no=RES0220220030&seq=res_0026P@2,,,,0,,0,0,官方目录无本地正文,官方目录元数据，附件未列入本批,,2026-08-22
C-KISTEP-RES0220220037,RES0220220037,831-002,정책기획,2022-02-10,W3,도전적·혁신적 R&D 촉진을 위한 법제 개선 연구,이재훈(제도혁신센터),"도전적 R&D, 혁신적 R&D, 과학기술기본법, 제도개선, R&D모델",韩文,机构正式研究,科技创新政策与能力基线,科研体系、研发投入与评价；产业创新、创业与区域体系,P2-STI-baseline,https://www.kistep.re.kr/reportAllDetail.es?mid=a10305010000&rpt_no=RES0220220037&rpt_tp=831-002,https://www.kistep.re.kr/reportDownload.es?rpt_no=RES0220220037&seq=res_0026P@2,,,,0,,0,0,官方目录无本地正文,官方目录元数据，附件未列入本批,,2026-08-22
C-KISTEP-RES0220220022,RES0220220022,831-001,조사평가,2022-02-11,W3,2021 과학기술 통계백서,김용희(혁신정보분석센터),"과학기술, 통계, 지표, 백서, 추세",韩文,机构正式研究,科技创新政策与能力基线,科技创新政策与研究体系,P2-STI-baseline,https://www.kistep.re.kr/reportAllDetail.es?mid=a10305010000&rpt_no=RES0220220022&rpt_tp=831-001,https://www.kistep.re.kr/reportDownload.es?rpt_no=RES0220220022&seq=res_0026P@2,,,,0,,0,0,官方目录无本地正文,官方目录元数据，附件未列入本批,,2026-08-22
C-KISTEP-RES0220220031,RES0220220031,831-001,조사평가,2022-02-11,W3,2020년도 연구개발활동조사,김한울(혁신정보분석센터),"연구개발비, 연구인력, 공공부문 연구개발, 민간부문 연구개발, 통계",韩文,机构正式研究,科技创新政策与能力基线,科研体系、研发投入与评价；科技人才、大学与知识流动,P2-STI-baseline,https://www.kistep.re.kr/reportAllDetail.es?mid=a10305010000&rpt_no=RES0220220031&rpt_tp=831-001,https://www.kistep.re.kr/reportDownload.es?rpt_no=RES0220220031&seq=res_0026P@10,,,,0,,0,0,官方目录无本地正文,官方目录元数据，附件未列入本批,,2026-08-22
C-KISTEP-RES0220220035,RES0220220035,831-001,조사평가,2022-02-11,W3,2020년도 국가연구개발사업 성과분석,이현익(혁신정보분석센터),"국가연구개발사업, 성과분석, SCIE 분석",韩文,机构正式研究,科技创新政策与能力基线,科研体系、研发投入与评价,P2-STI-baseline,https://www.kistep.re.kr/reportAllDetail.es?mid=a10305010000&rpt_no=RES0220220035&rpt_tp=831-001,https://www.kistep.re.kr/reportDownload.es?rpt_no=RES0220220035&seq=res_0026P@2,,,,0,,0,0,官方目录无本地正文,官方目录元数据，附件未列入本批,,2026-08-22
C-KISTEP-RES0220220038,RES0220220038,831-002,정책기획,2022-02-11,W3,2021년 과학기술혁신정책 핵심이슈 발굴 및 인텔리전스 기능강화 연구,변순천(과학기술정책센터),"과학기술혁신, 혁신정책, 인텔리전스, 아젠다",韩文,机构正式研究,科技创新政策与能力基线,产业创新、创业与区域体系,P2-STI-baseline,https://www.kistep.re.kr/reportAllDetail.es?mid=a10305010000&rpt_no=RES0220220038&rpt_tp=831-002,https://www.kistep.re.kr/reportDownload.es?rpt_no=RES0220220038&seq=res_0026P@2,,,,0,,0,0,官方目录无本地正文,官方目录元数据，附件未列入本批,,2026-08-22
C-KISTEP-RES0220220039,RES0220220039,831-002,정책기획,2022-02-16,W3,"2021 지방과학기술연감, 2021년 지역 R&D 실태조사",오서연(지역정책팀),"지역, 지역혁신체계, 지방과학기술, 지역 연구개발, 지역R&D실태조사",韩文,机构正式研究,科技创新政策与能力基线,科研体系、研发投入与评价；产业创新、创业与区域体系,P2-STI-baseline,https://www.kistep.re.kr/reportAllDetail.es?mid=a10305010000&rpt_no=RES0220220039&rpt_tp=831-002,https://www.kistep.re.kr/reportDownload.es?rpt_no=RES0220220039&seq=res_0026P@2,,,,0,,0,0,官方目录无本地正文,官方目录元数据，附件未列入本批,,2026-08-22
C-KISTEP-RES0220220044,RES0220220044,831-002,정책기획,2022-02-16,W3,2021년 과학기술혁신정책 Scoreboard,변순천(인재정책센터),"스코어보드, 과학기술인력, 지역, 혁신역량, 산학연",韩文,机构正式研究,科技创新政策与能力基线,科技人才、大学与知识流动；产业创新、创业与区域体系,P2-STI-baseline,https://www.kistep.re.kr/reportAllDetail.es?mid=a10305010000&rpt_no=RES0220220044&rpt_tp=831-002,https://www.kistep.re.kr/reportDownload.es?rpt_no=RES0220220044&seq=res_0026P@4,,,,0,,0,0,官方目录无本地正文,官方目录元数据，附件未列入本批,,2026-08-22
C-KISTEP-RES0220220046,RES0220220046,831-006,미래예측,2022-02-16,W3,미래 불확실성에 대응하는 환경변화 탐색 및 대응방안 연구(II),최문정(기술예측센터),"예측, 불확실성, 미래이슈, 환경스캐닝, 협력",韩文,机构正式研究,科技创新政策与能力基线,科技前瞻与未来社会,P1-global-STI,https://www.kistep.re.kr/reportAllDetail.es?mid=a10305010000&rpt_no=RES0220220046&rpt_tp=831-006,https://www.kistep.re.kr/reportDownload.es?rpt_no=RES0220220046&seq=res_0026P@2,,,,0,,0,0,官方目录无本地正文,官方目录元数据，附件未列入本批,,2026-08-22
C-KISTEP-RES0220220020,RES0220220020,831-007,위탁/협동/공동연구보고서,2022-02-17,W3,연구지원 체계평가 운영에 관한 연구,황병용(제도혁신센터),"국가연구개발, 연구관리, 연구지원체계",韩文,机构正式研究,科技创新政策与能力基线,科研体系、研发投入与评价,P2-STI-baseline,https://www.kistep.re.kr/reportAllDetail.es?mid=a10305010000&rpt_no=RES0220220020&rpt_tp=831-007,https://www.kistep.re.kr/reportDownload.es?rpt_no=RES0220220020&seq=res_0026P@3,,,,0,,0,0,官方目录无本地正文,官方目录元数据，附件未列入本批,,2026-08-22
C-KISTEP-RES0220220042,RES0220220042,831-002,정책기획,2022-02-17,W3,R&D예산제도 효율화 방안에 관한 연구(Ⅱ),"김덕용, 정민우(R&D예산정책센터)","재정체계, 연구개발, 해외사례조사, 전략적 지출, 예산정책",韩文,机构正式研究,科技创新政策与能力基线,科研体系、研发投入与评价,P1-global-STI,https://www.kistep.re.kr/reportAllDetail.es?mid=a10305010000&rpt_no=RES0220220042&rpt_tp=831-002,https://www.kistep.re.kr/reportDownload.es?rpt_no=RES0220220042&seq=res_0026P@2,,,,0,,0,0,官方目录无本地正文,官方目录元数据，附件未列入本批,,2026-08-22
C-KISTEP-RES0220220043,RES0220220043,831-001,조사평가,2022-02-17,W3,2021년 과학기술 분야 R&D 제도 혁신 기반 연구,최대승(제도혁신센터),"만족도 조사, 법제포럼, 국가연구개발혁신법, R&D 제도개선",韩文,机构正式研究,科技创新政策与能力基线,科研体系、研发投入与评价；产业创新、创业与区域体系,P2-STI-baseline,https://www.kistep.re.kr/reportAllDetail.es?mid=a10305010000&rpt_no=RES0220220043&rpt_tp=831-001,https://www.kistep.re.kr/reportDownload.es?rpt_no=RES0220220043&seq=res_0026P@4,,,,0,,0,0,官方目录无本地正文,官方目录元数据，附件未列入本批,,2026-08-22
C-KISTEP-RES0220220045,RES0220220045,831-002,정책기획,2022-02-17,W3,디지털 전환에 따른 미래사회 위험이슈 발굴 및 대응 전략 연구,구본진(미래성장정책센터),"디지털 전환, 디지털 전환의 역기능, 인공지능, 디지털 전환의 위험",韩文,机构正式研究,核心科技直接材料,人工智能、数据与数字技术；科技前瞻与未来社会,P0-core-tech,https://www.kistep.re.kr/reportAllDetail.es?mid=a10305010000&rpt_no=RES0220220045&rpt_tp=831-002,https://www.kistep.re.kr/reportDownload.es?rpt_no=RES0220220045&seq=res_0026P@2,,,,0,,0,0,官方目录无本地正文,官方目录元数据，附件未列入本批,,2026-08-22
C-KISTEP-RES0220220048,RES0220220048,831-005,사업조정,2022-02-17,W3,그린뉴딜 연계 그린바이오·화이트바이오 핵심분야 도출 및 정부R&D 지원방향 수립 연구,박지현(생명기초사업센터),"그린뉴딜, 그린바이오, 화이트바이오, 정부R&D 투자, 탄소중립 ",韩文,机构正式研究,核心科技直接材料,生命科学、生物技术与健康；能源、气候与绿色转型；科研体系、研发投入与评价,P0-core-tech,https://www.kistep.re.kr/reportAllDetail.es?mid=a10305010000&rpt_no=RES0220220048&rpt_tp=831-005,https://www.kistep.re.kr/reportDownload.es?rpt_no=RES0220220048&seq=res_0026P@2,,,,0,,0,0,官方目录无本地正文,官方目录元数据，附件未列入本批,,2026-08-22
C-KISTEP-RES0220220051,RES0220220051,831-005,사업조정,2022-02-21,W3,2021년 데이터 기반 R&D예산배분조정 지원체계 구축 연구,이일환(거대공공사업센터),"예산배분조정, 증거기반, 데이터기반, 재난안전, 의사결정 지원",韩文,机构正式研究,核心科技直接材料,人工智能、数据与数字技术,P0-core-tech,https://www.kistep.re.kr/reportAllDetail.es?mid=a10305010000&rpt_no=RES0220220051&rpt_tp=831-005,https://www.kistep.re.kr/reportDownload.es?rpt_no=RES0220220051&seq=res_0026P@2,,,,0,,0,0,官方目录无本地正文,官方目录元数据，附件未列入本批,,2026-08-22
C-KISTEP-RES0220220054,RES0220220054,831-002,정책기획,2022-02-21,W3,2021년 과학기술 & ICT 정책기술 동향분석,홍정석(과학기술정책센터),"혁신전략, 미래기술, 신성장동력, 국가혁신시스템, 지역혁신시스템",韩文,机构正式研究,科技创新政策与能力基线,产业创新、创业与区域体系；科技前瞻与未来社会,P2-STI-baseline,https://www.kistep.re.kr/reportAllDetail.es?mid=a10305010000&rpt_no=RES0220220054&rpt_tp=831-002,https://www.kistep.re.kr/reportDownload.es?rpt_no=RES0220220054&seq=res_0026P@2,,,,0,,0,0,官方目录无本地正文,官方目录元数据，附件未列入本批,,2026-08-22
C-KISTEP-RES0220220055,RES0220220055,831-002,정책기획,2022-02-22,W3,성장동력포털 기획 연구,허정(미래성장정책센터),"성장동력, 혁신정책, 정보포털",韩文,机构正式研究,科技创新政策与能力基线,产业创新、创业与区域体系,P2-STI-baseline,https://www.kistep.re.kr/reportAllDetail.es?mid=a10305010000&rpt_no=RES0220220055&rpt_tp=831-002,https://www.kistep.re.kr/reportDownload.es?rpt_no=RES0220220055&seq=res_0026P@2,,,,0,,0,0,官方目录无本地正文,官方目录元数据，附件未列入本批,,2026-08-22
C-KISTEP-RES0220220057,RES0220220057,831-001,조사평가,2022-02-22,W3,2021년 국가 과학기술혁신역량평가,김선경(혁신정보분석센터),"혁신역량, OECD 과학기술, 복합지수",韩文,机构正式研究,科技创新政策与能力基线,科研体系、研发投入与评价；产业创新、创业与区域体系,P2-STI-baseline,https://www.kistep.re.kr/reportAllDetail.es?mid=a10305010000&rpt_no=RES0220220057&rpt_tp=831-001,https://www.kistep.re.kr/reportDownload.es?rpt_no=RES0220220057&seq=res_0026P@2,,,,0,,0,0,官方目录无本地正文,官方目录元数据，附件未列入本批,,2026-08-22
C-KISTEP-RES0220220061,RES0220220061,831-001,조사평가,2022-02-22,W3,국가연구개발사업 간접비 산출 및 제도 운영에 관한 연구,구명회(제도혁신센터),"비영리기관, 간접비고시비율",韩文,机构正式研究,科技创新政策与能力基线,科研体系、研发投入与评价,P2-STI-baseline,https://www.kistep.re.kr/reportAllDetail.es?mid=a10305010000&rpt_no=RES0220220061&rpt_tp=831-001,https://www.kistep.re.kr/reportDownload.es?rpt_no=RES0220220061&seq=res_0026P@3,,,,0,,0,0,官方目录无本地正文,官方目录元数据，附件未列入本批,,2026-08-22
C-KISTEP-RES0220220062,RES0220220062,831-002,정책기획,2022-02-22,W3,정부 지역 R&D의 협력유형별 추진효과 비교연구,박석종(R&D예산정책센터),"지역 R&D, 협력 R&D, 정부 R&D 효과",韩文,机构正式研究,科技创新政策与能力基线,科研体系、研发投入与评价；产业创新、创业与区域体系,P1-global-STI,https://www.kistep.re.kr/reportAllDetail.es?mid=a10305010000&rpt_no=RES0220220062&rpt_tp=831-002,https://www.kistep.re.kr/reportDownload.es?rpt_no=RES0220220062&seq=res_0026P@2,,,,0,,0,0,官方目录无本地正文,官方目录元数据，附件未列入本批,,2026-08-22
C-KISTEP-RES0220220063,RES0220220063,831-002,정책기획,2022-02-22,W3,2021년도 국가 과학기술 현황 종합 인식조사에 대한 연구,홍세호(과학기술정책센터),"종합인식조사, 국가과학기술, 인식지표, 과학기술정책, 과학기술기본계획",韩文,机构正式研究,科技创新政策与能力基线,科研体系、研发投入与评价,P2-STI-baseline,https://www.kistep.re.kr/reportAllDetail.es?mid=a10305010000&rpt_no=RES0220220063&rpt_tp=831-002,https://www.kistep.re.kr/reportDownload.es?rpt_no=RES0220220063&seq=res_0026P@2,,,,0,,0,0,官方目录无本地正文,官方目录元数据，附件未列入本批,,2026-08-22
C-KISTEP-RES0220220064,RES0220220064,831-002,정책기획,2022-02-22,W3,신산업 분야 소재부품장비 미래선도품목별 육성 정책 및 추진과제,김진용(미래성장정책센터),"소재부품장비, 미래선도품목, 글로벌 공급망, 기술적 난제",韩文,机构正式研究,核心科技直接材料,产业创新、创业与区域体系；技术安全、供应链与国际合作；科技前瞻与未来社会,P0-core-tech,https://www.kistep.re.kr/reportAllDetail.es?mid=a10305010000&rpt_no=RES0220220064&rpt_tp=831-002,https://www.kistep.re.kr/reportDownload.es?rpt_no=RES0220220064&seq=res_0026P@3,,,,0,,0,0,官方目录无本地正文,官方目录元数据，附件未列入本批,,2026-08-22
C-KISTEP-RES0220220049,RES0220220049,831-005,사업조정,2022-02-24,W3,디지털 뉴딜 연계 국가R&D 추진전략 연구,진영현(성장동력사업센터),"한국형뉴딜, 디지털뉴딜, ICT, R&D전략, 코로나이후",韩文,机构正式研究,核心科技直接材料,人工智能、数据与数字技术,P0-core-tech,https://www.kistep.re.kr/reportAllDetail.es?mid=a10305010000&rpt_no=RES0220220049&rpt_tp=831-005,https://www.kistep.re.kr/reportDownload.es?rpt_no=RES0220220049&seq=res_0026P@2,,,,0,,0,0,官方目录无本地正文,官方目录元数据，附件未列入本批,,2026-08-22
C-KISTEP-RES0220220060,RES0220220060,831-002,정책기획,2022-02-24,W3,범부처 사회문제해결 기반 구축,이희권(사회혁신정책센터),"과학기술기반 사회문제해결, 삶의 질, 사회문제, 종합계획",韩文,机构正式研究,科技创新政策与能力基线,科技创新政策与研究体系,P2-STI-baseline,https://www.kistep.re.kr/reportAllDetail.es?mid=a10305010000&rpt_no=RES0220220060&rpt_tp=831-002,https://www.kistep.re.kr/reportDownload.es?rpt_no=RES0220220060&seq=res_0026P@1,,,,0,,0,0,官方目录无本地正文,官方目录元数据，附件未列入本批,,2026-08-22
C-KISTEP-RES0220220065,RES0220220065,831-002,정책기획,2022-02-24,W3,2020년도 과학기술분야 중장기계획 조사·분석,심정민(과학기술정책센터),"중장기계획, 연계맵, 과학, 기술, 조사분석",韩文,机构正式研究,科技创新政策与能力基线,科技创新政策与研究体系,P2-STI-baseline,https://www.kistep.re.kr/reportAllDetail.es?mid=a10305010000&rpt_no=RES0220220065&rpt_tp=831-002,https://www.kistep.re.kr/reportDownload.es?rpt_no=RES0220220065&seq=res_0026P@2,,,,0,,0,0,官方目录无本地正文,官方目录元数据，附件未列入本批,,2026-08-22
C-KISTEP-RES0220220067,RES0220220067,831-002,정책기획,2022-02-24,W3,2021년도 지역 R&D체계 발전 방향에 관한 연구,김성진(지역정책팀),"지역혁신체제, 지역R&D정책, 지역연구개발, 지역과학기술, 주요국 정책동향",韩文,机构正式研究,科技创新政策与能力基线,科研体系、研发投入与评价；产业创新、创业与区域体系,P2-STI-baseline,https://www.kistep.re.kr/reportAllDetail.es?mid=a10305010000&rpt_no=RES0220220067&rpt_tp=831-002,https://www.kistep.re.kr/reportDownload.es?rpt_no=RES0220220067&seq=res_0026P@2,,,,0,,0,0,官方目录无本地正文,官方目录元数据，附件未列入本批,,2026-08-22
C-KISTEP-RES0220220068,RES0220220068,831-002,정책기획,2022-02-24,W3,한국판 뉴딜 성공적 추진을 위한 지역주도 지역R&D 혁신전략 연구,김성진(지역정책팀),"한국판 뉴딜, 지역균형 뉴딜, 지역혁신 거버넌스 개편",韩文,机构正式研究,科技创新政策与能力基线,产业创新、创业与区域体系,P2-STI-baseline,https://www.kistep.re.kr/reportAllDetail.es?mid=a10305010000&rpt_no=RES0220220068&rpt_tp=831-002,https://www.kistep.re.kr/reportDownload.es?rpt_no=RES0220220068&seq=res_0026P@2,,,,0,,0,0,官方目录无本地正文,官方目录元数据，附件未列入本批,,2026-08-22
C-KISTEP-RES0220220069,RES0220220069,831-001,조사평가,2022-02-24,W3,2021년 국가연구개발 성과평가 정책 수립 및 성과평가 실시,오현환(R&D평가센터),"국가연구개발사업평가, 특정평가, 예타 대상선정(기술성평가), 종료평가, 추적평가",韩文,机构正式研究,科技创新政策与能力基线,科研体系、研发投入与评价,P2-STI-baseline,https://www.kistep.re.kr/reportAllDetail.es?mid=a10305010000&rpt_no=RES0220220069&rpt_tp=831-001,https://www.kistep.re.kr/reportDownload.es?rpt_no=RES0220220069&seq=res_0026P@3,,,,0,,0,0,官方目录无本地正文,官方目录元数据，附件未列入本批,,2026-08-22
C-KISTEP-RES0220220070,RES0220220070,831-006,미래예측,2022-02-24,W3,2021년 기술영향평가,이동기(기술예측센터),"기술영향평가, 유망기술, 시민참여, 미래예측",韩文,机构正式研究,科技创新政策与能力基线,科研体系、研发投入与评价；科技前瞻与未来社会,P2-STI-baseline,https://www.kistep.re.kr/reportAllDetail.es?mid=a10305010000&rpt_no=RES0220220070&rpt_tp=831-006,https://www.kistep.re.kr/reportDownload.es?rpt_no=RES0220220070&seq=res_0026P@4,,,,0,,0,0,官方目录无本地正文,官方目录元数据，附件未列入本批,,2026-08-22
C-KISTEP-RES0220220071,RES0220220071,831-002,정책기획,2022-02-24,W3,과학기술행정체제의 현황 진단과 발전방안 연구,이정재(혁신전략연구소),"과학기술행정체계, 과학기술혁신, 디지털전환, 정부연구개발 투자",韩文,机构正式研究,核心科技直接材料,人工智能、数据与数字技术；科研体系、研发投入与评价；产业创新、创业与区域体系,P0-core-tech,https://www.kistep.re.kr/reportAllDetail.es?mid=a10305010000&rpt_no=RES0220220071&rpt_tp=831-002,https://www.kistep.re.kr/reportDownload.es?rpt_no=RES0220220071&seq=res_0026P@4,,,,0,,0,0,官方目录无本地正文,官方目录元数据，附件未列入本批,,2026-08-22
C-KISTEP-RES0220220072,RES0220220072,831-001,조사평가,2022-02-24,W3,“공공기술개발” 유형 국가연구개발사업 성과평가 방법 및 성과지표 개선 연구: 중간평가와 표준성과지표를 중심으로,기지훈(R&D평가센터),"공공기술개발, 국가연구개발사업, 사업평가, 성과평가, 성과지표",韩文,机构正式研究,科技创新政策与能力基线,科研体系、研发投入与评价,P2-STI-baseline,https://www.kistep.re.kr/reportAllDetail.es?mid=a10305010000&rpt_no=RES0220220072&rpt_tp=831-001,https://www.kistep.re.kr/reportDownload.es?rpt_no=RES0220220072&seq=res_0026P@2,,,,0,,0,0,官方目录无本地正文,官方目录元数据，附件未列入本批,,2026-08-22
C-KISTEP-RES0220220073,RES0220220073,831-001,조사평가,2022-02-24,W3,2021년 국가연구개발사업 상위평가 보고서(추적평가),오현환(R&D평가센터),"연구성과, 적절성 점검, 평가",韩文,机构正式研究,科技创新政策与能力基线,科研体系、研发投入与评价,P2-STI-baseline,https://www.kistep.re.kr/reportAllDetail.es?mid=a10305010000&rpt_no=RES0220220073&rpt_tp=831-001,https://www.kistep.re.kr/reportDownload.es?rpt_no=RES0220220073&seq=res_0026P@3,,,,0,,0,0,官方目录无本地正文,官方目录元数据，附件未列入本批,,2026-08-22
C-KISTEP-RES0220220074,RES0220220074,831-005,사업조정,2022-02-24,W3,국가 거대과학 R&D 정책단계별 이슈 진단 및 개선방안,여준석(거대공공사업센터),"거대과학, 대형연구시설, 투자 효율성",韩文,机构正式研究,科技创新政策与能力基线,科研体系、研发投入与评价；航天、核能与大型技术系统,P2-STI-baseline,https://www.kistep.re.kr/reportAllDetail.es?mid=a10305010000&rpt_no=RES0220220074&rpt_tp=831-005,https://www.kistep.re.kr/reportDownload.es?rpt_no=RES0220220074&seq=res_0026P@2,,,,0,,0,0,官方目录无本地正文,官方目录元数据，附件未列入本批,,2026-08-22
C-KISTEP-RES0220220075,RES0220220075,831-006,미래예측,2022-02-24,W3,2022년 KISTEP 미래유망기술 선정에 관한 연구,이동기(기술예측센터),"기술예측, 유망기술, 미래기술, 과학기술",韩文,机构正式研究,科技创新政策与能力基线,科技前瞻与未来社会,P2-STI-baseline,https://www.kistep.re.kr/reportAllDetail.es?mid=a10305010000&rpt_no=RES0220220075&rpt_tp=831-006,https://www.kistep.re.kr/reportDownload.es?rpt_no=RES0220220075&seq=res_0026P@2,,,,0,,0,0,官方目录无本地正文,官方目录元数据，附件未列入本批,,2026-08-22
C-KISTEP-RES0220220076,RES0220220076,831-005,사업조정,2022-02-24,W3,혁신성장분야 혁신요소 도출 및 성과제고를 위한 예산편성 전략 연구,이주희(R&D예산정책센터),"성장동력, 혁신, 혁신성장, 정책성과, R&D예산정책",韩文,机构正式研究,科技创新政策与能力基线,科研体系、研发投入与评价；产业创新、创业与区域体系,P2-STI-baseline,https://www.kistep.re.kr/reportAllDetail.es?mid=a10305010000&rpt_no=RES0220220076&rpt_tp=831-005,https://www.kistep.re.kr/reportDownload.es?rpt_no=RES0220220076&seq=res_0026P@2,,,,0,,0,0,官方目录无本地正文,官方目录元数据，附件未列入本批,,2026-08-22
C-KISTEP-RES0220220078,RES0220220078,831-004,성과확산,2022-02-24,W3,정부R&D 등록·기탁 성과물 심층분석 연구,김홍영(성과확산센터),"정부R&D, R&D 성과, R&D 성과정책, R&D 성과관리·활용, R&D 성과 등록·기탁물",韩文,机构正式研究,科技创新政策与能力基线,科研体系、研发投入与评价,P2-STI-baseline,https://www.kistep.re.kr/reportAllDetail.es?mid=a10305010000&rpt_no=RES0220220078&rpt_tp=831-004,https://www.kistep.re.kr/reportDownload.es?rpt_no=RES0220220078&seq=res_0026P@2,,,,0,,0,0,官方目录无本地正文,官方目录元数据，附件未列入本批,,2026-08-22
C-KISTEP-RES0220220080,RES0220220080,831-001,조사평가,2022-02-24,W3,2021년도 과학기술분야 출연연구기관 상위평가 보고서,오현환(R&D평가센터),"국가연구개발사업, 기관평가, 연구개발 효율성, 연구개발 성과",韩文,机构正式研究,科技创新政策与能力基线,科研体系、研发投入与评价,P2-STI-baseline,https://www.kistep.re.kr/reportAllDetail.es?mid=a10305010000&rpt_no=RES0220220080&rpt_tp=831-001,https://www.kistep.re.kr/reportDownload.es?rpt_no=RES0220220080&seq=res_0026P@2,,,,0,,0,0,官方目录无本地正文,官方目录元数据，附件未列入本批,,2026-08-22
C-KISTEP-RES0220220081,RES0220220081,831-002,정책기획,2022-02-24,W3,국가혁신체계 고도화를 위한 혁신의제 심화연구,이경재(혁신전략연구소),"과학기술혁신정책, 국가혁신체계, 선도의제, 지속가능성, 대응성",韩文,机构正式研究,科技创新政策与能力基线,产业创新、创业与区域体系,P2-STI-baseline,https://www.kistep.re.kr/reportAllDetail.es?mid=a10305010000&rpt_no=RES0220220081&rpt_tp=831-002,https://www.kistep.re.kr/reportDownload.es?rpt_no=RES0220220081&seq=res_0026P@3,,,,0,,0,0,官方目录无本地正文,官方目录元数据，附件未列入本批,,2026-08-22
C-KISTEP-RES0220220083,RES0220220083,831-002,정책기획,2022-02-24,W3,국민체감도 제고를 위한 사회문제해결형R&D 성과창출 방안 연구,이희권(사회혁신정책센터),"사회문제해결, 우수성과 발굴, 현장 적용, 성과 확산, 시장 창출",韩文,机构正式研究,科技创新政策与能力基线,科研体系、研发投入与评价,P2-STI-baseline,https://www.kistep.re.kr/reportAllDetail.es?mid=a10305010000&rpt_no=RES0220220083&rpt_tp=831-002,https://www.kistep.re.kr/reportDownload.es?rpt_no=RES0220220083&seq=res_0026P@2,,,,0,,0,0,官方目录无本地正文,官方目录元数据，附件未列入本批,,2026-08-22
C-KISTEP-RES0220220084,RES0220220084,831-004,성과확산,2022-02-25,W3,국가연구개발 연구성과 관리·활용 실태조사 최종보고서,"김남희, 김준희(성과확산센터)","연구성과, 성과활용, 국가연구개발사업, 실태조사",韩文,机构正式研究,科技创新政策与能力基线,科研体系、研发投入与评价,P2-STI-baseline,https://www.kistep.re.kr/reportAllDetail.es?mid=a10305010000&rpt_no=RES0220220084&rpt_tp=831-004,https://www.kistep.re.kr/reportDownload.es?rpt_no=RES0220220084&seq=res_0026P@3,,,,0,,0,0,官方目录无本地正文,官方目录元数据，附件未列入本批,,2026-08-22
C-KISTEP-RES0220220085,RES0220220085,831-004,성과확산,2022-02-25,W3,2021년 연구성과 관리활용 및 운영지원,"김남희, 김준희(성과확산센터)","연구성과 관리, 연구성과 활용, 연구관리전문기관, 실태조사‧분석, R&D 전주기",韩文,机构正式研究,科技创新政策与能力基线,科研体系、研发投入与评价,P2-STI-baseline,https://www.kistep.re.kr/reportAllDetail.es?mid=a10305010000&rpt_no=RES0220220085&rpt_tp=831-004,https://www.kistep.re.kr/reportDownload.es?rpt_no=RES0220220085&seq=res_0026P@3,,,,0,,0,0,官方目录无本地正文,官方目录元数据，附件未列入本批,,2026-08-22
C-KISTEP-RES0220220079,RES0220220079,831-001,조사평가,2022-02-28,W3,과기 출연연 기관평가의 새로운 접근법 탐색 연구,김이경(기관평가팀),"기관평가, 평가모형, 출연연 성과, 새로운 접근법, 정부출연연구기관",韩文,机构正式研究,科技创新政策与能力基线,科研体系、研发投入与评价,P2-STI-baseline,https://www.kistep.re.kr/reportAllDetail.es?mid=a10305010000&rpt_no=RES0220220079&rpt_tp=831-001,https://www.kistep.re.kr/reportDownload.es?rpt_no=RES0220220079&seq=res_0026P@6,,,,0,,0,0,官方目录无本地正文,官方目录元数据，附件未列入本批,,2026-08-22
C-KISTEP-RES0220220082,RES0220220082,831-005,사업조정,2022-02-28,W3,2021년도 글로벌 R&D 투자동향 분석,전승수(사업조정전략센터),"글로벌 과학기술 이슈 모니터링, 예산 추이 분석, 국가 혁신역량, 미래 성장동력, 삶의 질",韩文,机构正式研究,科技创新政策与能力基线,科研体系、研发投入与评价；产业创新、创业与区域体系；科技前瞻与未来社会,P1-global-STI,https://www.kistep.re.kr/reportAllDetail.es?mid=a10305010000&rpt_no=RES0220220082&rpt_tp=831-005,https://www.kistep.re.kr/reportDownload.es?rpt_no=RES0220220082&seq=res_0026P@2,,,,0,,0,0,官方目录无本地正文,官方目录元数据，附件未列入本批,,2026-08-22
C-KISTEP-RES0220220086,RES0220220086,831-002,정책기획,2022-02-28,W3,성장동력의 공공-민간 파트너십 강화를 위한 정책 추진체계 연구,신동평(미래성장정책센터),"성장동력 정책, 공공-민간 파트너십, 추진체계(거버넌스)",韩文,机构正式研究,科技创新政策与能力基线,科技创新政策与研究体系,P2-STI-baseline,https://www.kistep.re.kr/reportAllDetail.es?mid=a10305010000&rpt_no=RES0220220086&rpt_tp=831-002,https://www.kistep.re.kr/reportDownload.es?rpt_no=RES0220220086&seq=res_0026P@4,,,,0,,0,0,官方目录无本地正文,官方目录元数据，附件未列入本批,,2026-08-22
C-KISTEP-RES0220220088,RES0220220088,831-005,사업조정,2022-02-28,W3,정부 R&D 투자시스템의 전략성 진단 및 개선에 관한 연구,"전승수, 김승균(사업조정전략센터)","R&D 투자시스템, 투자 성숙도 관리, 총체적 투자, 목적 중심 성과, 사업 조정",韩文,机构正式研究,科技创新政策与能力基线,科研体系、研发投入与评价,P2-STI-baseline,https://www.kistep.re.kr/reportAllDetail.es?mid=a10305010000&rpt_no=RES0220220088&rpt_tp=831-005,https://www.kistep.re.kr/reportDownload.es?rpt_no=RES0220220088&seq=res_0026P@6,,,,0,,0,0,官方目录无本地正文,官方目录元数据，附件未列入本批,,2026-08-22
C-KISTEP-RES0220220091,RES0220220091,831-005,사업조정,2022-03-02,W3,2021년 전략적 R&D예산 배분 및 편성을 위한 정책기반 구축에 관한 연구,임현(R&D예산정책센터),"정부정책, R&D예산, 예산배분, 투자효율화, 네트워크",韩文,机构正式研究,科技创新政策与能力基线,科研体系、研发投入与评价,P2-STI-baseline,https://www.kistep.re.kr/reportAllDetail.es?mid=a10305010000&rpt_no=RES0220220091&rpt_tp=831-005,https://www.kistep.re.kr/reportDownload.es?rpt_no=RES0220220091&seq=res_0026P@2,,,,0,,0,0,官方目录无本地正文,官方目录元数据，附件未列入本批,,2026-08-22
C-KISTEP-RES0220220093,RES0220220093,831-002,정책기획,2022-03-07,W3,2021년 미래인재특별위원회 운영 지원,박수빈(인재정책센터),"미래인재, 교육, 과학기술, 혁신, 인력정책",韩文,机构正式研究,科技创新政策与能力基线,科技人才、大学与知识流动；产业创新、创业与区域体系；科技前瞻与未来社会,P2-STI-baseline,https://www.kistep.re.kr/reportAllDetail.es?mid=a10305010000&rpt_no=RES0220220093&rpt_tp=831-002,https://www.kistep.re.kr/reportDownload.es?rpt_no=RES0220220093&seq=res_0026P@3,,,,0,,0,0,官方目录无本地正文,官方目录元数据，附件未列入本批,,2026-08-22
C-KISTEP-RES0220220094,RES0220220094,831-005,사업조정,2022-03-08,W3,정부 R&D투자의 전략성 제고를 위한 경제적 효과 예측모형 구축 연구 (Ⅱ),손영주(R&D예산정책센터)," 연구개발 기술분야, 거시경제모형, 경제사회적 효과, 정책분석, 사전평가",韩文,机构正式研究,科技创新政策与能力基线,科研体系、研发投入与评价；科技前瞻与未来社会,P2-STI-baseline,https://www.kistep.re.kr/reportAllDetail.es?mid=a10305010000&rpt_no=RES0220220094&rpt_tp=831-005,https://www.kistep.re.kr/reportDownload.es?rpt_no=RES0220220094&seq=res_0026P@2,,,,0,,0,0,官方目录无本地正文,官方目录元数据，附件未列入本批,,2026-08-22
C-KISTEP-RES0220220096,RES0220220096,831-005,사업조정,2022-03-08,W3,정부R&D사업 기획평가관리비의 전략적 편성 방안 연구,김주희(사업조정전략센터),"정부 R&D, 기획평가관리비, 전략적 예산, 예산편성, 사업관리",韩文,机构正式研究,科技创新政策与能力基线,科研体系、研发投入与评价,P2-STI-baseline,https://www.kistep.re.kr/reportAllDetail.es?mid=a10305010000&rpt_no=RES0220220096&rpt_tp=831-005,https://www.kistep.re.kr/reportDownload.es?rpt_no=RES0220220096&seq=res_0026P@2,,,,0,,0,0,官方目录无本地正文,官方目录元数据，附件未列入本批,,2026-08-22
C-KISTEP-RES0220220095,RES0220220095,831-002,정책기획,2022-03-10,W3,연구자권익보호위원회 운영 지원 및 체계 개선방안,조성식(제도혁신센터),"연구자권익보호, 위원회, 운영지원, 재검토",韩文,机构正式研究,科技创新政策与能力基线,科技人才、大学与知识流动,P2-STI-baseline,https://www.kistep.re.kr/reportAllDetail.es?mid=a10305010000&rpt_no=RES0220220095&rpt_tp=831-002,https://www.kistep.re.kr/reportDownload.es?rpt_no=RES0220220095&seq=res_0026P@3,,,,0,,0,0,官方目录无本地正文,官方目录元数据，附件未列入本批,,2026-08-22
C-KISTEP-RES0220220097,RES0220220097,831-003,예비타당성조사,2022-03-10,W3,국가연구개발사업 예비타당성조사 2021 연차보고서,류영수(예비타당성조사1센터),"예비타당성조사, 연구개발사업, 예산, 한국과학기술기획평가원, 연차보고서",韩文,机构正式研究,科技创新政策与能力基线,科研体系、研发投入与评价,P2-STI-baseline,https://www.kistep.re.kr/reportAllDetail.es?mid=a10305010000&rpt_no=RES0220220097&rpt_tp=831-003,https://www.kistep.re.kr/reportDownload.es?rpt_no=RES0220220097&seq=res_0026P@2,,,,0,,0,0,官方目录无本地正文,官方目录元数据，附件未列入本批,,2026-08-22
C-KISTEP-RES0220220092,RES0220220092,831-007,위탁/협동/공동연구보고서,2022-03-17,W3,2021년 연구관리전문기관 체계 개선방안 연구,황병용(성과확산센터),"국가혁신체제, 연구관리전문기관, R&D 전주기적 관점, 연구 성과",韩文,机构正式研究,科技创新政策与能力基线,科研体系、研发投入与评价；产业创新、创业与区域体系,P2-STI-baseline,https://www.kistep.re.kr/reportAllDetail.es?mid=a10305010000&rpt_no=RES0220220092&rpt_tp=831-007,https://www.kistep.re.kr/reportDownload.es?rpt_no=RES0220220092&seq=res_0026P@3,,,,0,,0,0,官方目录无本地正文,官方目录元数据，附件未列入本批,,2026-08-22
C-KISTEP-RES0220220100,RES0220220100,831-005,사업조정,2022-03-17,W3,제1차 국가연구개발 중장기투자전략(’23~’27) 수립 연구,강현규(투자기획조정센터),"연구개발, 투자전략, 과학기술정책, 연구개발예산",韩文,机构正式研究,科技创新政策与能力基线,科研体系、研发投入与评价,P2-STI-baseline,https://www.kistep.re.kr/reportAllDetail.es?mid=a10305010000&rpt_no=RES0220220100&rpt_tp=831-005,https://www.kistep.re.kr/reportDownload.es?rpt_no=RES0220220100&seq=res_0026P@3,,,,0,,0,0,官方目录无本地正文,官方目录元数据，附件未列入本批,,2026-08-22
C-KISTEP-RES0220220101,RES0220220101,831-001,조사평가,2022-03-18,W3,혁신성장을 위한 정부R&D 지원 방식 다양성 제고 방안 연구(Ⅰ),심정민(과학기술정책센터),"혁신적·도전적 R&D, R&D혁신방안, DARPA, 그랜트, 국가R&D 도전성 강화",韩文,机构正式研究,科技创新政策与能力基线,科研体系、研发投入与评价；产业创新、创业与区域体系,P2-STI-baseline,https://www.kistep.re.kr/reportAllDetail.es?mid=a10305010000&rpt_no=RES0220220101&rpt_tp=831-001,https://www.kistep.re.kr/reportDownload.es?rpt_no=RES0220220101&seq=res_0026P@2,,,,0,,0,0,官方目录无本地正文,官方目录元数据，附件未列入本批,,2026-08-22
C-KISTEP-RES0220220104,RES0220220104,831-004,성과확산,2022-03-24,W3,연구성과평가 정책수립 및 제도 운영,김홍영(성과확산센터),"성과관리 활용계획, 우수성과 이어달리기, 연구성과 관리·유통 전담기관, 기술료 제도, 성과활용·확산 정책 자문단",韩文,机构正式研究,科技创新政策与能力基线,科研体系、研发投入与评价,P2-STI-baseline,https://www.kistep.re.kr/reportAllDetail.es?mid=a10305010000&rpt_no=RES0220220104&rpt_tp=831-004,https://www.kistep.re.kr/reportDownload.es?rpt_no=RES0220220104&seq=res_0026P@3,,,,0,,0,0,官方目录无本地正文,官方目录元数据，附件未列入本批,,2026-08-22
C-KISTEP-PRG0720220031,PRG0720220031,831-007,위탁/협동/공동연구보고서,2022-03-25,W3,미래 국가 전략 기술분야 선도를 위한 연구거점대학 추진 방안,최병호(고려대학교 산학협력단),"연구거점대학, 기초원천연구, 학제간연구, 미래기술, 기업수요",韩文,机构正式研究,科技创新政策与能力基线,科技人才、大学与知识流动；产业创新、创业与区域体系；科技前瞻与未来社会,P2-STI-baseline,https://www.kistep.re.kr/reportAllDetail.es?mid=a10305010000&rpt_no=PRG0720220031&rpt_tp=831-007,https://www.kistep.re.kr/reportDownload.es?rpt_no=PRG0720220031&seq=prg_0071P@6,,,,0,,0,0,官方目录无本地正文,官方目录元数据，附件未列入本批,,2026-08-22
C-KISTEP-RES0220220105,RES0220220105,831-002,정책기획,2022-03-25,W3,국가연구개발사업 연구윤리 제도 재정립 및 제재 제도개선 연구,서지현(제도혁신센터),"연구윤리, 국가연구개발, 연구부정행위, 제재제도, 이해충돌",韩文,机构正式研究,科技创新政策与能力基线,科研体系、研发投入与评价；技术安全、供应链与国际合作,P2-STI-baseline,https://www.kistep.re.kr/reportAllDetail.es?mid=a10305010000&rpt_no=RES0220220105&rpt_tp=831-002,https://www.kistep.re.kr/reportDownload.es?rpt_no=RES0220220105&seq=res_0026P@3,,,,0,,0,0,官方目录无本地正文,官方目录元数据，附件未列入本批,,2026-08-22
C-KISTEP-RES0220220106,RES0220220106,831-002,정책기획,2022-03-29,W3,2021년도 다부처공동기획 활성화 기반 연구,이미화(미래성장정책센터),"다부처,기획연구,부처협력",韩文,机构正式研究,科技创新政策与能力基线,科技创新政策与研究体系,P1-global-STI,https://www.kistep.re.kr/reportAllDetail.es?mid=a10305010000&rpt_no=RES0220220106&rpt_tp=831-002,https://www.kistep.re.kr/reportDownload.es?rpt_no=RES0220220106&seq=res_0026P@2,,,,0,,0,0,官方目录无本地正文,官方目录元数据，附件未列入本批,,2026-08-22
C-KISTEP-RES0220220107,RES0220220107,831-002,정책기획,2022-03-29,W3,연구현장 중심의 국가연구개발사업제도개선에 관한 연구,최대승(제도혁신센터),"국가연구개발혁신법, 국가연구개발혁신법 매뉴얼, R&D 행정 제도개선, R&D 제도문의, 학생인건비 ",韩文,机构正式研究,科技创新政策与能力基线,科研体系、研发投入与评价；产业创新、创业与区域体系,P2-STI-baseline,https://www.kistep.re.kr/reportAllDetail.es?mid=a10305010000&rpt_no=RES0220220107&rpt_tp=831-002,https://www.kistep.re.kr/reportDownload.es?rpt_no=RES0220220107&seq=res_0026P@3,,,,0,,0,0,官方目录无本地正文,官方目录元数据，附件未列入本批,,2026-08-22
C-KISTEP-RES0220220108,RES0220220108,831-002,정책기획,2022-03-29,W3,심화하는 기술패권주의 대응을 위한 국가R&D 전략 연구 : 미ㆍ중 기술패권경쟁을 중심으로,도계훈(혁신전략연구소),"기술패권, 주력산업, 보호무역주의, R&D 전략, 글보벌 밸류체인",韩文,机构正式研究,核心科技直接材料,半导体、量子与战略技术；科研体系、研发投入与评价；产业创新、创业与区域体系；技术安全、供应链与国际合作,P0-core-tech,https://www.kistep.re.kr/reportAllDetail.es?mid=a10305010000&rpt_no=RES0220220108&rpt_tp=831-002,https://www.kistep.re.kr/reportDownload.es?rpt_no=RES0220220108&seq=res_0026P@2,,,,0,,0,0,官方目录无本地正文,官方目录元数据，附件未列入本批,,2026-08-22
C-KISTEP-RES0220220098,RES0220220098,831-007,위탁/협동/공동연구보고서,2022-03-31,W3,국가과학기술자문회의 심의회의 과학기술혁신 정책조정 기능 강화 방안,이도형(과학기술정책센터),"국가과학기술심의회의, 다부처협력 특별위원회, 소재․부품․장비 기술특별위원회, 중장기계획 조사･분석, 과학기술 정책조정",韩文,机构正式研究,科技创新政策与能力基线,产业创新、创业与区域体系,P1-global-STI,https://www.kistep.re.kr/reportAllDetail.es?mid=a10305010000&rpt_no=RES0220220098&rpt_tp=831-007,https://www.kistep.re.kr/reportDownload.es?rpt_no=RES0220220098&seq=res_0026P@2,,,,0,,0,0,官方目录无本地正文,官方目录元数据，附件未列入本批,,2026-08-22
C-KISTEP-RES0220220112,RES0220220112,831-001,조사평가,2022-04-01,W3,연구개발활동조사 심층분석,정유진(혁신정보분석센터),"연구개발, 조사, 분석, 데이터, 로드맵",韩文,机构正式研究,核心科技直接材料,人工智能、数据与数字技术；科研体系、研发投入与评价,P0-core-tech,https://www.kistep.re.kr/reportAllDetail.es?mid=a10305010000&rpt_no=RES0220220112&rpt_tp=831-001,https://www.kistep.re.kr/reportDownload.es?rpt_no=RES0220220112&seq=res_0026P@3,,,,0,,0,0,官方目录无本地正文,官方目录元数据，附件未列入本批,,2026-08-22
C-KISTEP-RES0220220111,RES0220220111,831-002,정책기획,2022-04-04,W3,지방과학기술사업 효율화 및 지역과학기술혁신 플랫폼 구축,이충현(지역정책팀),"지방과학기술진흥협의회, 지방R&D정책, 지방R&D예산, 지역R&D체계, 지자체 R&D역량",韩文,机构正式研究,科技创新政策与能力基线,产业创新、创业与区域体系,P2-STI-baseline,https://www.kistep.re.kr/reportAllDetail.es?mid=a10305010000&rpt_no=RES0220220111&rpt_tp=831-002,https://www.kistep.re.kr/reportDownload.es?rpt_no=RES0220220111&seq=res_0026P@2,,,,0,,0,0,官方目录无本地正文,官方目录元数据，附件未列入本批,,2026-08-22
C-KISTEP-RES0220220113,RES0220220113,831-002,정책기획,2022-04-04,W3,2021년 기초연구진흥협의회 운영 지원,이도형(과학기술정책센터),"기초연구, 정책, 투자",韩文,机构正式研究,科技创新政策与能力基线,科研体系、研发投入与评价,P2-STI-baseline,https://www.kistep.re.kr/reportAllDetail.es?mid=a10305010000&rpt_no=RES0220220113&rpt_tp=831-002,https://www.kistep.re.kr/reportDownload.es?rpt_no=RES0220220113&seq=res_0026P@3,C:\Users\WINDOWS\OneDrive\知识库\智库信息爬虫\国际主要科技智库观点演变_研判\03_证据底稿\原文PDF\C-KISTEP-RES0220220113.pdf,C:\Users\WINDOWS\OneDrive\知识库\智库信息爬虫\国际主要科技智库观点演变_研判\03_证据底稿\文本\C-KISTEP-RES0220220113.txt,C:\Users\WINDOWS\OneDrive\知识库\智库信息爬虫\国际主要科技智库观点演变_研判\03_证据底稿\切片\C-KISTEP-RES0220220113.md,4696996,5796dd4a519fbd897f487abeaa305a7d299ca050093c41bb454b8cb7a3995cc6,259,201423,可检索文本,官方PDF已保存并校验,,2026-08-22
C-KISTEP-RES0220220114,RES0220220114,831-002,정책기획,2022-04-04,W3,과학기술정책 운영 및 현안 대응,변순천(과학기술정책센터),"과학기술정책, 과학기술기본계획, R&D혁신방안, 과학기술현안",韩文,机构正式研究,科技创新政策与能力基线,科研体系、研发投入与评价；产业创新、创业与区域体系,P2-STI-baseline,https://www.kistep.re.kr/reportAllDetail.es?mid=a10305010000&rpt_no=RES0220220114&rpt_tp=831-002,https://www.kistep.re.kr/reportDownload.es?rpt_no=RES0220220114&seq=res_0026P@2,,,,0,,0,0,官方目录无本地正文,官方目录元数据，附件未列入本批,,2026-08-22
C-KISTEP-RES0220220110,RES0220220110,831-002,정책기획,2022-04-05,W3,차기 성장동력 발굴·선정 방법론 연구,구본진(미래성장정책센터),"성장동력 정책, 방법론 연구, 주제 발굴, 차기 성장동력",韩文,机构正式研究,科技创新政策与能力基线,科技创新政策与研究体系,P2-STI-baseline,https://www.kistep.re.kr/reportAllDetail.es?mid=a10305010000&rpt_no=RES0220220110&rpt_tp=831-002,https://www.kistep.re.kr/reportDownload.es?rpt_no=RES0220220110&seq=res_0026P@4,,,,0,,0,0,官方目录无本地正文,官方目录元数据，附件未列入本批,,2026-08-22
C-KISTEP-RES0220220115,RES0220220115,831-002,정책기획,2022-04-05,W3,과학기술혁신정책 조정 활성화를 위한 과학기술관계장관회의 및 정책포럼 구성·운영,이도형(과학기술정책센터),"과학기술관계장관회의, 과학기술 정책조정, 과학기술 정책, 포럼, 정책 인큐베이팅",韩文,机构正式研究,科技创新政策与能力基线,产业创新、创业与区域体系,P2-STI-baseline,https://www.kistep.re.kr/reportAllDetail.es?mid=a10305010000&rpt_no=RES0220220115&rpt_tp=831-002,https://www.kistep.re.kr/reportDownload.es?rpt_no=RES0220220115&seq=res_0026P@2,,,,0,,0,0,官方目录无本地正文,官方目录元数据，附件未列入本批,,2026-08-22
C-KISTEP-RES0220220109,RES0220220109,831-002,정책기획,2022-04-07,W3,2021년 연구개발지원단 육성지원사업 최종보고서,박석종(지역정책팀),"연구개발지원단, 지역 R&D, R&D 기반 혁신 시스템, 지역 R&D 효율성 제고, 지역 R&D 조사 분석",韩文,机构正式研究,科技创新政策与能力基线,科研体系、研发投入与评价；产业创新、创业与区域体系,P2-STI-baseline,https://www.kistep.re.kr/reportAllDetail.es?mid=a10305010000&rpt_no=RES0220220109&rpt_tp=831-002,https://www.kistep.re.kr/reportDownload.es?rpt_no=RES0220220109&seq=res_0026P@3,,,,0,,0,0,官方目录无本地正文,官方目录元数据，附件未列入本批,,2026-08-22
C-KISTEP-RES0220220117,RES0220220117,831-002,정책기획,2022-04-12,W3,2021년도 성장동력 기획관리 및 운영,신동평(미래성장정책센터),"성장동력, 정책 기획 및 점검, 민관 협의체계",韩文,机构正式研究,科技创新政策与能力基线,科技创新政策与研究体系,P2-STI-baseline,https://www.kistep.re.kr/reportAllDetail.es?mid=a10305010000&rpt_no=RES0220220117&rpt_tp=831-002,https://www.kistep.re.kr/reportDownload.es?rpt_no=RES0220220117&seq=res_0026P@3,,,,0,,0,0,官方目录无本地正文,官方目录元数据，附件未列入本批,,2026-08-22
C-KISTEP-RES0220220119,RES0220220119,831-002,정책기획,2022-04-13,W3,2021 과학기술연감,배용국(과학기술정책센터),"과학기술, 연감, 2021",韩文,机构正式研究,科技创新政策与能力基线,科技创新政策与研究体系,P2-STI-baseline,https://www.kistep.re.kr/reportAllDetail.es?mid=a10305010000&rpt_no=RES0220220119&rpt_tp=831-002,https://www.kistep.re.kr/reportDownload.es?rpt_no=RES0220220119&seq=res_0026P@1,,,,0,,0,0,官方目录无本地正文,官方目录元数据，附件未列入本批,,2026-08-22
C-KISTEP-RES0220220120,RES0220220120,831-002,정책기획,2022-04-15,W3,2021년 혁신도전프로젝트 사업 지원,정민형(사업지원팀),"혁신도전, R&D 혁신, 연구개발사업, 미션기반정책, 파괴적혁신",韩文,机构正式研究,科技创新政策与能力基线,科研体系、研发投入与评价；产业创新、创业与区域体系,P2-STI-baseline,https://www.kistep.re.kr/reportAllDetail.es?mid=a10305010000&rpt_no=RES0220220120&rpt_tp=831-002,https://www.kistep.re.kr/reportDownload.es?rpt_no=RES0220220120&seq=res_0026P@5,,,,0,,0,0,官方目录无本地正文,官方目录元数据，附件未列入本批,,2026-08-22
C-KISTEP-RES0220220122,RES0220220122,831-003,예비타당성조사,2022-05-26,W3,2021년도 예비타당성조사 보고서 국가 통합 바이오 빅데이터 구축 사업,류영수(예비타당성조사1센터),"바이오 빅데이터, 정밀의료, 유전체, 데이터 표준화, 예비타당성조사",韩文,机构正式研究,核心科技直接材料,人工智能、数据与数字技术；生命科学、生物技术与健康；科研体系、研发投入与评价,P0-core-tech,https://www.kistep.re.kr/reportAllDetail.es?mid=a10305010000&rpt_no=RES0220220122&rpt_tp=831-003,https://www.kistep.re.kr/reportDownload.es?rpt_no=RES0220220122&seq=res_0026P@2,,,,0,,0,0,官方目录无本地正文,官方目录元数据，附件未列入本批,,2026-08-22
C-KISTEP-RES0220220124,RES0220220124,831-003,예비타당성조사,2022-05-30,W3,2021년도 예비타당성조사 보고서 (미래국방 가교기술 개발사업),류영수(예비타당성조사1센터),"미래국방, 국방R&D, 국방기초, 국방기술, 예비타당성조사",韩文,机构正式研究,科技创新政策与能力基线,科研体系、研发投入与评价；科技前瞻与未来社会,P2-STI-baseline,https://www.kistep.re.kr/reportAllDetail.es?mid=a10305010000&rpt_no=RES0220220124&rpt_tp=831-003,https://www.kistep.re.kr/reportDownload.es?rpt_no=RES0220220124&seq=res_0026P@2,,,,0,,0,0,官方目录无本地正文,官方目录元数据，附件未列入本批,,2026-08-22
C-KISTEP-PRG0720220053,PRG0720220053,831-007,위탁/협동/공동연구보고서,2022-05-31,W3,과학기술분야 연구자 이해충돌 관리 안내서 제정 연구 - 국가연구개발혁신법 시행에 따른 「국가연구개발 연구윤리 길잡이」포함용,최지선(로앤사이언스 주식회사),"과학기술혁신, 과학기술기본법, 법제고도화, 국가연구개발혁신법, 과학기술정보통신부",韩文,机构正式研究,科技创新政策与能力基线,科研体系、研发投入与评价；科技人才、大学与知识流动；产业创新、创业与区域体系,P2-STI-baseline,https://www.kistep.re.kr/reportAllDetail.es?mid=a10305010000&rpt_no=PRG0720220053&rpt_tp=831-007,https://www.kistep.re.kr/reportDownload.es?rpt_no=PRG0720220053&seq=prg_0071P@7,,,,0,,0,0,官方目录无本地正文,官方目录元数据，附件未列入本批,,2026-08-22
C-KISTEP-RES0220220123,RES0220220123,831-002,정책기획,2022-05-31,W3,과학기술인력양성 추진체계 구축·운영,주혜정(인재정책센터),"과학기술인력, 시행계획, 정책기획, 인력 통계, 종합정보시스템",韩文,机构正式研究,科技创新政策与能力基线,科技人才、大学与知识流动,P2-STI-baseline,https://www.kistep.re.kr/reportAllDetail.es?mid=a10305010000&rpt_no=RES0220220123&rpt_tp=831-002,https://www.kistep.re.kr/reportDownload.es?rpt_no=RES0220220123&seq=res_0026P@2,,,,0,,0,0,官方目录无本地正文,官方目录元数据，附件未列入本批,,2026-08-22
C-KISTEP-RES0220220125,RES0220220125,831-003,예비타당성조사,2022-06-02,W3,2021년도 예비타당성조사 보고서 중견중소기업 상생형 혁신도약사업,류영수(예비타당성조사1센터),"중견중소기업 상생, 신산업 글로벌가치사슬, 성과공유제, 혁신도약, 예비타당성조사",韩文,机构正式研究,科技创新政策与能力基线,科研体系、研发投入与评价；产业创新、创业与区域体系,P1-global-STI,https://www.kistep.re.kr/reportAllDetail.es?mid=a10305010000&rpt_no=RES0220220125&rpt_tp=831-003,https://www.kistep.re.kr/reportDownload.es?rpt_no=RES0220220125&seq=res_0026P@4,,,,0,,0,0,官方目录无本地正文,官方目录元数据，附件未列入本批,,2026-08-22
C-KISTEP-RES0220220127,RES0220220127,831-003,예비타당성조사,2022-06-03,W3,2021년도 국가연구개발사업 예비타당성조사 보고서 고성능 차세대 이차전지 상용화 기술개발 사업,류영수(예비타당성조사1센터),"이차전지, 리튬전지, 상용화, 전고체, 예비타당성조사",韩文,机构正式研究,核心科技直接材料,能源、气候与绿色转型；科研体系、研发投入与评价,P0-core-tech,https://www.kistep.re.kr/reportAllDetail.es?mid=a10305010000&rpt_no=RES0220220127&rpt_tp=831-003,https://www.kistep.re.kr/reportDownload.es?rpt_no=RES0220220127&seq=res_0026P@4,,,,0,,0,0,官方目录无本地正文,官方目录元数据，附件未列入本批,,2026-08-22
C-KISTEP-RES0220220131,RES0220220131,831-003,예비타당성조사,2022-07-28,W3,2021년도 예비타당성조사 보고서 혁신형 소형모듈원자로(i-SMR) 기술개발사업,류영수(예비타당성조사1센터),"소형모듈원자로, 완전피동안전계통, 모듈화, 부하추종운전, 예비타당성조사",韩文,机构正式研究,科技创新政策与能力基线,科研体系、研发投入与评价；产业创新、创业与区域体系；航天、核能与大型技术系统,P2-STI-baseline,https://www.kistep.re.kr/reportAllDetail.es?mid=a10305010000&rpt_no=RES0220220131&rpt_tp=831-003,https://www.kistep.re.kr/reportDownload.es?rpt_no=RES0220220131&seq=res_0026P@2,,,,0,,0,0,官方目录无本地正文,官方目录元数据，附件未列入本批,,2026-08-22
C-KISTEP-RES0220220133,RES0220220133,831-003,예비타당성조사,2022-08-01,W3,2021년도 예비타당성조사 보고서 정지궤도 기상·우주기상 위성시스템 개발사업,류영수(예비타당성조사1센터),"인공위성, 정지궤도, 기상탑재체, 기상예보, 예비타당성조사",韩文,机构正式研究,核心科技直接材料,科研体系、研发投入与评价；航天、核能与大型技术系统,P0-core-tech,https://www.kistep.re.kr/reportAllDetail.es?mid=a10305010000&rpt_no=RES0220220133&rpt_tp=831-003,https://www.kistep.re.kr/reportDownload.es?rpt_no=RES0220220133&seq=res_0026P@8,,,,0,,0,0,官方目录无本地正文,官方目录元数据，附件未列入本批,,2026-08-22
C-KISTEP-RES0220220132,RES0220220132,831-003,예비타당성조사,2022-08-03,W3,2021년도 예비타당성조사 보고서 원전해체 경쟁력 강화 기술개발사업,류영수(예비타당성조사1센터),"해체, 원자력발전소, 제염, 핵종분석, 예비타당성조사",韩文,机构正式研究,核心科技直接材料,能源、气候与绿色转型；科研体系、研发投入与评价；航天、核能与大型技术系统,P0-core-tech,https://www.kistep.re.kr/reportAllDetail.es?mid=a10305010000&rpt_no=RES0220220132&rpt_tp=831-003,https://www.kistep.re.kr/reportDownload.es?rpt_no=RES0220220132&seq=res_0026P@2,,,,0,,0,0,官方目录无本地正文,官方目录元数据，附件未列入本批,,2026-08-22
C-KISTEP-RES0220220134,RES0220220134,831-003,예비타당성조사,2022-08-03,W3,2021년도 예비타당성조사 보고서 국가 마이크로바이옴 이니셔티브 사업,류영수(예비타당성조사1센터),"마이크로바이옴, 연구기반, 신산업 창출, 미래이슈 대비, 예비타당성조사",韩文,机构正式研究,科技创新政策与能力基线,科研体系、研发投入与评价；产业创新、创业与区域体系；科技前瞻与未来社会,P2-STI-baseline,https://www.kistep.re.kr/reportAllDetail.es?mid=a10305010000&rpt_no=RES0220220134&rpt_tp=831-003,https://www.kistep.re.kr/reportDownload.es?rpt_no=RES0220220134&seq=res_0026P@2,,,,0,,0,0,官方目录无本地正文,官方目录元数据，附件未列入本批,,2026-08-22
C-KISTEP-RES0220220135,RES0220220135,831-003,예비타당성조사,2022-08-03,W3,2021년도 예비타당성조사 보고서 나노융합2030사업,류영수(예비타당성조사1센터),"나노, 나노기술, 스케일업, 기술사업화, 예비타당성조사",韩文,机构正式研究,科技创新政策与能力基线,科研体系、研发投入与评价；产业创新、创业与区域体系,P2-STI-baseline,https://www.kistep.re.kr/reportAllDetail.es?mid=a10305010000&rpt_no=RES0220220135&rpt_tp=831-003,https://www.kistep.re.kr/reportDownload.es?rpt_no=RES0220220135&seq=res_0026P@2,,,,0,,0,0,官方目录无本地正文,官方目录元数据，附件未列入本批,,2026-08-22
C-KISTEP-RES0220220137,RES0220220137,831-001,조사평가,2022-09-01,W3,2021년도 국가연구개발사업 조사‧분석 보고서,한혁(혁신정보분석센터),"조사분석, 정부, 연구개발, 투자, 통계",韩文,机构正式研究,科技创新政策与能力基线,科研体系、研发投入与评价,P2-STI-baseline,https://www.kistep.re.kr/reportAllDetail.es?mid=a10305010000&rpt_no=RES0220220137&rpt_tp=831-001,https://www.kistep.re.kr/reportDownload.es?rpt_no=RES0220220137&seq=res_0026P@2,,,,0,,0,0,官方目录无本地正文,官方目录元数据，附件未列入本批,,2026-08-22
C-KISTEP-RES0220220138,RES0220220138,831-002,정책기획,2022-09-28,W3,정부 R&D 연구지원통합시스템 개발 및 구축 (1단계),신문봉(표준화기획센터),"과제지원시스템, 연구자정보, 전문기관, 국가연구개발사업",韩文,机构正式研究,科技创新政策与能力基线,科研体系、研发投入与评价；科技人才、大学与知识流动,P2-STI-baseline,https://www.kistep.re.kr/reportAllDetail.es?mid=a10305010000&rpt_no=RES0220220138&rpt_tp=831-002,https://www.kistep.re.kr/reportDownload.es?rpt_no=RES0220220138&seq=res_0026P@4,,,,0,,0,0,官方目录无本地正文,官方目录元数据，附件未列入本批,,2026-08-22
C-KISTEP-PRG0720220074,PRG0720220074,831-007,위탁/협동/공동연구보고서,2022-09-30,W3,간접비비율 산출 관리시스템 개발 구축 전략 수립,박기호((주)나은미래플랫폼),"정보시스템, 서비스모델, 프로세스 개선, 간접비, 효율성",韩文,机构正式研究,科技创新政策与能力基线,科技创新政策与研究体系,P2-STI-baseline,https://www.kistep.re.kr/reportAllDetail.es?mid=a10305010000&rpt_no=PRG0720220074&rpt_tp=831-007,https://www.kistep.re.kr/reportDownload.es?rpt_no=PRG0720220074&seq=prg_0071P@5,,,,0,,0,0,官方目录无本地正文,官方目录元数据，附件未列入本批,,2026-08-22
C-KISTEP-RES0220220139,RES0220220139,831-003,예비타당성조사,2022-10-12,W3,2021년도 예비타당성조사 보고서 국가로봇테스트필드 사업,류영수(예비타당성조사1센터),"예비타당성조사, 서비스로봇, 로봇테스트필드, 실증, 표준화",韩文,机构正式研究,核心科技直接材料,科研体系、研发投入与评价,P0-core-tech,https://www.kistep.re.kr/reportAllDetail.es?mid=a10305010000&rpt_no=RES0220220139&rpt_tp=831-003,https://www.kistep.re.kr/reportDownload.es?rpt_no=RES0220220139&seq=res_0026P@4,,,,0,,0,0,官方目录无本地正文,官方目录元数据，附件未列入本批,,2026-08-22
C-KISTEP-PRG0720220056,PRG0720220056,831-007,위탁/협동/공동연구보고서,2022-10-14,W3,미래예측 방법론을 활용한 디지털 융복합 신산업 도출,정의영(아인혁신컨설팅 주식회사),"과학기술정책, 디지털경제, 신산업, 미래예측",韩文,机构正式研究,核心科技直接材料,人工智能、数据与数字技术；科研体系、研发投入与评价；产业创新、创业与区域体系；科技前瞻与未来社会,P0-core-tech,https://www.kistep.re.kr/reportAllDetail.es?mid=a10305010000&rpt_no=PRG0720220056&rpt_tp=831-007,https://www.kistep.re.kr/reportDownload.es?rpt_no=PRG0720220056&seq=prg_0071P@5,,,,0,,0,0,官方目录无本地正文,官方目录元数据，附件未列入本批,,2026-08-22
C-KISTEP-RES0220220140,RES0220220140,831-003,예비타당성조사,2022-10-14,W3,2021년도 예비타당성조사 보고서 시스템반도체 첨단패키징 플랫폼 구축사업,류영수(예비타당성조사1센터),"시스템반도체, 첨단패키징, 시제제작, 플랫폼, 예비타당성조사",韩文,机构正式研究,核心科技直接材料,半导体、量子与战略技术；科研体系、研发投入与评价,P0-core-tech,https://www.kistep.re.kr/reportAllDetail.es?mid=a10305010000&rpt_no=RES0220220140&rpt_tp=831-003,https://www.kistep.re.kr/reportDownload.es?rpt_no=RES0220220140&seq=res_0026P@2,,,,0,,0,0,官方目录无本地正文,官方目录元数据，附件未列入本批,,2026-08-22
C-KISTEP-RES0220220142,RES0220220142,831-003,예비타당성조사,2022-10-17,W3,2021년도 예비타당성조사 보고서 실내공기질 관리ㆍ개선 기술개발사업,류영수(예비타당성조사1센터),"실내공기질, 다중이용시설, 예비타당성조사",韩文,机构正式研究,科技创新政策与能力基线,科研体系、研发投入与评价,P2-STI-baseline,https://www.kistep.re.kr/reportAllDetail.es?mid=a10305010000&rpt_no=RES0220220142&rpt_tp=831-003,https://www.kistep.re.kr/reportDownload.es?rpt_no=RES0220220142&seq=res_0026P@2,,,,0,,0,0,官方目录无本地正文,官方目录元数据，附件未列入本批,,2026-08-22
C-KISTEP-RES0220220141,RES0220220141,831-003,예비타당성조사,2022-10-19,W3,2021년도 예비타당성조사 보고서 미래대응 섬유 고부가 전략기술 개발사업,류영수(예비타당성조사1센터),"섬유, 생분해 소재, 친환경, 디지털 전환, 예비타당성조사",韩文,机构正式研究,核心科技直接材料,人工智能、数据与数字技术；半导体、量子与战略技术；科研体系、研发投入与评价；科技前瞻与未来社会,P0-core-tech,https://www.kistep.re.kr/reportAllDetail.es?mid=a10305010000&rpt_no=RES0220220141&rpt_tp=831-003,https://www.kistep.re.kr/reportDownload.es?rpt_no=RES0220220141&seq=res_0026P@2,,,,0,,0,0,官方目录无本地正文,官方目录元数据，附件未列入本批,,2026-08-22
C-KISTEP-RES0220220145,RES0220220145,831-003,예비타당성조사,2022-10-19,W3,2022년도 사업계획 적정성 재검토 보고서 바이오 연구 소재 활용기반 조성 사업,류영수(예비타당성조사3센터),"생명연구자원, 소재자원은행, 생물자원, 연구인프라, 사업계획적정성재검토",韩文,机构正式研究,核心科技直接材料,生命科学、生物技术与健康；科技人才、大学与知识流动,P0-core-tech,https://www.kistep.re.kr/reportAllDetail.es?mid=a10305010000&rpt_no=RES0220220145&rpt_tp=831-003,https://www.kistep.re.kr/reportDownload.es?rpt_no=RES0220220145&seq=res_0026P@2,C:\Users\WINDOWS\OneDrive\知识库\智库信息爬虫\国际主要科技智库观点演变_研判\03_证据底稿\原文PDF\C-KISTEP-RES0220220145.pdf,C:\Users\WINDOWS\OneDrive\知识库\智库信息爬虫\国际主要科技智库观点演变_研判\03_证据底稿\文本\C-KISTEP-RES0220220145.txt,C:\Users\WINDOWS\OneDrive\知识库\智库信息爬虫\国际主要科技智库观点演变_研判\03_证据底稿\切片\C-KISTEP-RES0220220145.md,2883797,ea3535b28774b45a20169df9e5d99b11bbdac06f5ab7b2f1181f1e22f897df79,155,141434,可检索文本,官方PDF已保存并校验,,2026-08-22
C-KISTEP-RES0220220146,RES0220220146,831-003,예비타당성조사,2022-10-19,W3,2021년도 예비타당성조사 보고서 바이오파운드리 구축 및 활용기술개발사업,류영수(예비타당성조사1센터),"바이오파운드리, 합성생물학, 첨단바이오, 바이오제조, 예비타당성조사",韩文,机构正式研究,核心科技直接材料,生命科学、生物技术与健康；科研体系、研发投入与评价,P0-core-tech,https://www.kistep.re.kr/reportAllDetail.es?mid=a10305010000&rpt_no=RES0220220146&rpt_tp=831-003,https://www.kistep.re.kr/reportDownload.es?rpt_no=RES0220220146&seq=res_0026P@2,C:\Users\WINDOWS\OneDrive\知识库\智库信息爬虫\国际主要科技智库观点演变_研判\03_证据底稿\原文PDF\C-KISTEP-RES0220220146.pdf,C:\Users\WINDOWS\OneDrive\知识库\智库信息爬虫\国际主要科技智库观点演变_研判\03_证据底稿\文本\C-KISTEP-RES0220220146.txt,C:\Users\WINDOWS\OneDrive\知识库\智库信息爬虫\国际主要科技智库观点演变_研判\03_证据底稿\切片\C-KISTEP-RES0220220146.md,6141900,026e790a5fc8869d9d574705f76acd051e6a03acd04861eb35ab7401078dae35,240,235534,可检索文本,官方PDF已保存并校验,,2026-08-22
C-KISTEP-RES0220220147,RES0220220147,831-003,예비타당성조사,2022-10-20,W3,2021년도 예비타당성조사 보고서 극한소재 실증연구 기반조성 사업,류영수(예비타당성조사1센터),"극한소재, 인프라, 실증연구, 소재·부품·장비, 예비타당성조사",韩文,机构正式研究,科技创新政策与能力基线,科研体系、研发投入与评价,P2-STI-baseline,https://www.kistep.re.kr/reportAllDetail.es?mid=a10305010000&rpt_no=RES0220220147&rpt_tp=831-003,https://www.kistep.re.kr/reportDownload.es?rpt_no=RES0220220147&seq=res_0026P@4,,,,0,,0,0,官方目录无本地正文,官方目录元数据，附件未列入本批,,2026-08-22
C-KISTEP-RES0220220148,RES0220220148,831-003,예비타당성조사,2022-10-21,W3,2021년도 예비타당성조사 보고서 탄소중립혁신기술개발사업,류영수(예비타당성조사1센터),"탄소중립, 혁신기술, 탄소중립 로드맵, 온실가스 감축 기여도, 예비타당성조사",韩文,机构正式研究,科技创新政策与能力基线,能源、气候与绿色转型；科研体系、研发投入与评价；产业创新、创业与区域体系,P2-STI-baseline,https://www.kistep.re.kr/reportAllDetail.es?mid=a10305010000&rpt_no=RES0220220148&rpt_tp=831-003,https://www.kistep.re.kr/reportDownload.es?rpt_no=RES0220220148&seq=res_0026P@2,,,,0,,0,0,官方目录无本地正文,官方目录元数据，附件未列入本批,,2026-08-22
C-KISTEP-RES0220220149,RES0220220149,831-003,예비타당성조사,2022-10-25,W3,2021년도 예비타당성조사 보고서 국가 플래그십 초고성능컴퓨팅 인프라 고도화 사업,류영수(예비타당성조사1센터),"초고성능컴퓨터, 고성능컴퓨팅, 국가슈퍼컴퓨팅센터, 계산과학공학, 예비타당성조사",韩文,机构正式研究,科技创新政策与能力基线,科研体系、研发投入与评价,P2-STI-baseline,https://www.kistep.re.kr/reportAllDetail.es?mid=a10305010000&rpt_no=RES0220220149&rpt_tp=831-003,https://www.kistep.re.kr/reportDownload.es?rpt_no=RES0220220149&seq=res_0026P@2,,,,0,,0,0,官方目录无本地正文,官方目录元数据，附件未列入本批,,2026-08-22
C-KISTEP-PRG0720220057,PRG0720220057,831-007,위탁/협동/공동연구보고서,2022-10-31,W3,핵심기술별 R&D 투자의 사회·경제적 파급효과 분석,황원식(사단법인 한국혁신학회),"핵심기술, 연구개발투자, 파급효과, 연산일반균형",韩文,机构正式研究,科技创新政策与能力基线,科研体系、研发投入与评价,P2-STI-baseline,https://www.kistep.re.kr/reportAllDetail.es?mid=a10305010000&rpt_no=PRG0720220057&rpt_tp=831-007,https://www.kistep.re.kr/reportDownload.es?rpt_no=PRG0720220057&seq=prg_0071P@2,,,,0,,0,0,官方目录无本地正文,官方目录元数据，附件未列入本批,,2026-08-22
C-KISTEP-PRG0720220058,PRG0720220058,831-007,위탁/협동/공동연구보고서,2022-10-31,W3,중소기업의 디지털 전환 지원정책 재설계를 위한 기업 R&D 활동 빅데이터 실증분석 연구,오승환(경상국립대학교 산학협력단),"중소기업, 연구개발, 유인효과, 경영성과, DID",韩文,机构正式研究,核心科技直接材料,人工智能、数据与数字技术；科研体系、研发投入与评价；产业创新、创业与区域体系,P0-core-tech,https://www.kistep.re.kr/reportAllDetail.es?mid=a10305010000&rpt_no=PRG0720220058&rpt_tp=831-007,https://www.kistep.re.kr/reportDownload.es?rpt_no=PRG0720220058&seq=prg_0071P@10,C:\Users\WINDOWS\OneDrive\知识库\智库信息爬虫\国际主要科技智库观点演变_研判\03_证据底稿\原文PDF\C-KISTEP-PRG0720220058.pdf,C:\Users\WINDOWS\OneDrive\知识库\智库信息爬虫\国际主要科技智库观点演变_研判\03_证据底稿\文本\C-KISTEP-PRG0720220058.txt,C:\Users\WINDOWS\OneDrive\知识库\智库信息爬虫\国际主要科技智库观点演变_研判\03_证据底稿\切片\C-KISTEP-PRG0720220058.md,755893,8a709f808d364d1950db8c175fee870a0a102ac8ee6af80a5732edcb7baf78ac,52,41788,可检索文本,官方PDF已保存并校验,,2026-08-22
C-KISTEP-PRG0720220063,PRG0720220063,831-007,위탁/협동/공동연구보고서,2022-10-31,W3,과학기술외교･국제협력 R&D 성과분석체계 기반 구축 연구,김기만(중소벤처기업연구원),"과학기술외교, 국제협력, 성과평가, 성과분석",韩文,机构正式研究,科技创新政策与能力基线,科研体系、研发投入与评价；技术安全、供应链与国际合作,P1-global-STI,https://www.kistep.re.kr/reportAllDetail.es?mid=a10305010000&rpt_no=PRG0720220063&rpt_tp=831-007,https://www.kistep.re.kr/reportDownload.es?rpt_no=PRG0720220063&seq=prg_0071P@6,,,,0,,0,0,官方目录无本地正文,官方目录元数据，附件未列入本批,,2026-08-22
C-KISTEP-PRG0720230001,PRG0720230001,831-007,위탁/협동/공동연구보고서,2022-10-31,W3,2022년 과학기술외교 아카데미 구축·운영,김리원(국가과학기술인력개발원),"과학기술외교, 과학기술외교인재, 과학기술외교역량, 교육훈련",韩文,机构正式研究,科技创新政策与能力基线,科技人才、大学与知识流动；技术安全、供应链与国际合作,P2-STI-baseline,https://www.kistep.re.kr/reportAllDetail.es?mid=a10305010000&rpt_no=PRG0720230001&rpt_tp=831-007,https://www.kistep.re.kr/reportDownload.es?rpt_no=PRG0720230001&seq=prg_0071P@15,C:\Users\WINDOWS\OneDrive\知识库\智库信息爬虫\国际主要科技智库观点演变_研判\03_证据底稿\原文PDF\C-KISTEP-PRG0720230001.pdf,C:\Users\WINDOWS\OneDrive\知识库\智库信息爬虫\国际主要科技智库观点演变_研判\03_证据底稿\文本\C-KISTEP-PRG0720230001.txt,C:\Users\WINDOWS\OneDrive\知识库\智库信息爬虫\国际主要科技智库观点演变_研判\03_证据底稿\切片\C-KISTEP-PRG0720230001.md,6083965,6f9cc3f281b60c8d281e44a422feaa79ed0c0d9e369c756aca17e7bd7593b392,17,11724,可检索文本,官方PDF已保存并校验,,2026-08-22
C-KISTEP-RES0220220151,RES0220220151,831-004,성과확산,2022-11-12,W3,2022년 국가연구개발 우수성과 100선,"김남희, 김준희(성과확산센터)","국가연구개발 우수성과, 100선, 사례집, 국가연구개발사업",韩文,机构正式研究,科技创新政策与能力基线,科研体系、研发投入与评价,P2-STI-baseline,https://www.kistep.re.kr/reportAllDetail.es?mid=a10305010000&rpt_no=RES0220220151&rpt_tp=831-004,https://www.kistep.re.kr/reportDownload.es?rpt_no=RES0220220151&seq=res_0026P@2,,,,0,,0,0,官方目录无本地正文,官方目录元数据，附件未列入本批,,2026-08-22
C-KISTEP-PRG0720220060,PRG0720220060,831-007,위탁/협동/공동연구보고서,2022-11-15,W3,과학기술혁신정책 패러다임의 변화를 반영한 정부 부처 R&D 사업 분석 틀 개발 및 적용에 관한 연구,임홍탁(서울대학교 산학협력단),,韩文,机构正式研究,科技创新政策与能力基线,科研体系、研发投入与评价；产业创新、创业与区域体系,P2-STI-baseline,https://www.kistep.re.kr/reportAllDetail.es?mid=a10305010000&rpt_no=PRG0720220060&rpt_tp=831-007,https://www.kistep.re.kr/reportDownload.es?rpt_no=PRG0720220060&seq=prg_0071P@5,,,,0,,0,0,官方目录无本地正文,官方目录元数据，附件未列入本批,,2026-08-22
C-KISTEP-PRG0720220061,PRG0720220061,831-007,위탁/협동/공동연구보고서,2022-11-15,W3,R&D 투자가 지역 성장에 미치는 효과 : 5+2 광역경제권을 중심으로,남은영((사)한국행정학회),,韩文,机构正式研究,科技创新政策与能力基线,科研体系、研发投入与评价；产业创新、创业与区域体系,P2-STI-baseline,https://www.kistep.re.kr/reportAllDetail.es?mid=a10305010000&rpt_no=PRG0720220061&rpt_tp=831-007,https://www.kistep.re.kr/reportDownload.es?rpt_no=PRG0720220061&seq=prg_0071P@5,,,,0,,0,0,官方目录无本地正文,官方目录元数据，附件未列入本批,,2026-08-22
C-KISTEP-PRG0720220062,PRG0720220062,831-007,위탁/협동/공동연구보고서,2022-11-15,W3,대학연구소의 바람직한 역할 정립 및 활성화 방안 연구,박갑동(과학기술연합대학원대학교)," 대학연구소, 단위연구조직, 인재 양성, 융합연구, 블록펀딩",韩文,机构正式研究,科技创新政策与能力基线,科技人才、大学与知识流动,P2-STI-baseline,https://www.kistep.re.kr/reportAllDetail.es?mid=a10305010000&rpt_no=PRG0720220062&rpt_tp=831-007,https://www.kistep.re.kr/reportDownload.es?rpt_no=PRG0720220062&seq=prg_0071P@7,,,,0,,0,0,官方目录无本地正文,官方目录元数据，附件未列入本批,,2026-08-22
C-KISTEP-PRG0720220071,PRG0720220071,831-007,위탁/협동/공동연구보고서,2022-11-17,W3,디지털 혁신전략 추진 방향 연구,김정언(정보통신정책연구원),"디지털, 혁신전략, 디지털 전환 아젠다, 추진 정책과제 ",韩文,机构正式研究,核心科技直接材料,人工智能、数据与数字技术；产业创新、创业与区域体系,P0-core-tech,https://www.kistep.re.kr/reportAllDetail.es?mid=a10305010000&rpt_no=PRG0720220071&rpt_tp=831-007,https://www.kistep.re.kr/reportDownload.es?rpt_no=PRG0720220071&seq=prg_0071P@5,,,,0,,0,0,官方目录无本地正文,官方目录元数据，附件未列入本批,,2026-08-22
C-KISTEP-PRG0720220067,PRG0720220067,831-007,위탁/협동/공동연구보고서,2022-11-28,W3,개도국 과학기술정책 교육훈련 수요 발굴 연구,이우성(아이에스티아이 미래전략연구소),"과학기술정책, 교육 프로그램, 훈련 프로그램, 과학기술혁신",韩文,机构正式研究,科技创新政策与能力基线,科研体系、研发投入与评价；产业创新、创业与区域体系,P2-STI-baseline,https://www.kistep.re.kr/reportAllDetail.es?mid=a10305010000&rpt_no=PRG0720220067&rpt_tp=831-007,https://www.kistep.re.kr/reportDownload.es?rpt_no=PRG0720220067&seq=prg_0071P@5,,,,0,,0,0,官方目录无本地正文,官方目录元数据，附件未列入本批,,2026-08-22
C-KISTEP-PRG0720220059,PRG0720220059,831-007,위탁/협동/공동연구보고서,2022-11-29,W3,좌초자산 개념을 활용한 R&D사업의 경제성평가,조홍종(사)한국자원경제학회),"좌초자산, 화력발전, 균등화 발전비용, 사회적 비용, 예비타당성조사",韩文,机构正式研究,科技创新政策与能力基线,科研体系、研发投入与评价,P2-STI-baseline,https://www.kistep.re.kr/reportAllDetail.es?mid=a10305010000&rpt_no=PRG0720220059&rpt_tp=831-007,https://www.kistep.re.kr/reportDownload.es?rpt_no=PRG0720220059&seq=prg_0071P@8,,,,0,,0,0,官方目录无本地正文,官方目录元数据，附件未列入本批,,2026-08-22
C-KISTEP-PRG0720220065,PRG0720220065,831-007,위탁/협동/공동연구보고서,2022-11-29,W3,과학기술 논문성과 분석연구(2012-2021),김선태(전북대학교산학협력단),"과학기술 논문분석, 국가별 논문성과 분석, 분야별 논문성과 분석, 한국의 지역별 논문성과 분석, 한국의 연구기관별 논문성과 분석",韩文,机构正式研究,科技创新政策与能力基线,科研体系、研发投入与评价；产业创新、创业与区域体系,P2-STI-baseline,https://www.kistep.re.kr/reportAllDetail.es?mid=a10305010000&rpt_no=PRG0720220065&rpt_tp=831-007,https://www.kistep.re.kr/reportDownload.es?rpt_no=PRG0720220065&seq=prg_0071P@7,,,,0,,0,0,官方目录无本地正文,官方目录元数据，附件未列入本批,,2026-08-22
C-KISTEP-PRG0720220064,PRG0720220064,831-007,위탁/협동/공동연구보고서,2022-11-30,W3,정부 R&D 투자의 지능형 분석 및 탐색에 대한 모형 연구,이형주((주)코난테크놀로지),,韩文,机构正式研究,科技创新政策与能力基线,科研体系、研发投入与评价,P2-STI-baseline,https://www.kistep.re.kr/reportAllDetail.es?mid=a10305010000&rpt_no=PRG0720220064&rpt_tp=831-007,https://www.kistep.re.kr/reportDownload.es?rpt_no=PRG0720220064&seq=prg_0071P@15,,,,0,,0,0,官方目录无本地正文,官方目录元数据，附件未列入本批,,2026-08-22
C-KISTEP-PRG0720220066,PRG0720220066,831-007,위탁/협동/공동연구보고서,2022-11-30,W3,정부와 민간의 역할 분담 관점에서의 R&D 투자전략,최일엽((주)리코컨설트),,韩文,机构正式研究,科技创新政策与能力基线,科研体系、研发投入与评价,P2-STI-baseline,https://www.kistep.re.kr/reportAllDetail.es?mid=a10305010000&rpt_no=PRG0720220066&rpt_tp=831-007,https://www.kistep.re.kr/reportDownload.es?rpt_no=PRG0720220066&seq=prg_0071P@5,,,,0,,0,0,官方目录无本地正文,官方目录元数据，附件未列入本批,,2026-08-22
C-KISTEP-PRG0720220068,PRG0720220068,831-007,위탁/협동/공동연구보고서,2022-11-30,W3,과학기술 기반의 사회문제 스코어보드 지표체계 탐색연구,고일원(한국자원경제연구소 주식회사),,韩文,机构正式研究,科技创新政策与能力基线,科技创新政策与研究体系,P2-STI-baseline,https://www.kistep.re.kr/reportAllDetail.es?mid=a10305010000&rpt_no=PRG0720220068&rpt_tp=831-007,https://www.kistep.re.kr/reportDownload.es?rpt_no=PRG0720220068&seq=prg_0071P@5,,,,0,,0,0,官方目录无本地正文,官方目录元数据，附件未列入本批,,2026-08-22
C-KISTEP-PRG0720220072,PRG0720220072,831-007,위탁/협동/공동연구보고서,2022-11-30,W3,한국형 국가기술혁신체계(NIS) 고도화를 위한 정책방안 연구,권기석((사)한국기술혁신학회)," 국가혁신체계, 기술혁신정책, 분석모델, 국가혁신체계모형, 한국형 국가 혁신체계",韩文,机构正式研究,科技创新政策与能力基线,产业创新、创业与区域体系,P2-STI-baseline,https://www.kistep.re.kr/reportAllDetail.es?mid=a10305010000&rpt_no=PRG0720220072&rpt_tp=831-007,https://www.kistep.re.kr/reportDownload.es?rpt_no=PRG0720220072&seq=prg_0071P@5,,,,0,,0,0,官方目录无本地正文,官方目录元数据，附件未列入本批,,2026-08-22
C-KISTEP-PRG0720230002,PRG0720230002,831-007,위탁/협동/공동연구보고서,2022-11-30,W3,주요국 및 국제기구 동향 분석,문정환(KIC 워싱턴센터),"과학기술외교, 국제협력, 과학기술전략, 과학기술정책",韩文,机构正式研究,科技创新政策与能力基线,科研体系、研发投入与评价；技术安全、供应链与国际合作,P1-global-STI,https://www.kistep.re.kr/reportAllDetail.es?mid=a10305010000&rpt_no=PRG0720230002&rpt_tp=831-007,https://www.kistep.re.kr/reportDownload.es?rpt_no=PRG0720230002&seq=prg_0071P@5,,,,0,,0,0,官方目录无本地正文,官方目录元数据，附件未列入本批,,2026-08-22
C-KISTEP-PRG0720230003,PRG0720230003,831-007,위탁/협동/공동연구보고서,2022-11-30,W3,독일/EU 과학기술혁신 동향 수집·분석 연구,(KIC 유럽센터),"유럽연합, 과기정책, 네트워크, 벤치마킹, 프로그램, 전략, 과기공동위, 의제",韩文,机构正式研究,科技创新政策与能力基线,产业创新、创业与区域体系,P1-global-STI,https://www.kistep.re.kr/reportAllDetail.es?mid=a10305010000&rpt_no=PRG0720230003&rpt_tp=831-007,https://www.kistep.re.kr/reportDownload.es?rpt_no=PRG0720230003&seq=prg_0071P@5,,,,0,,0,0,官方目录无本地正文,官方目录元数据，附件未列入本批,,2026-08-22
C-KISTEP-PRG0720220070,PRG0720220070,831-007,위탁/협동/공동연구보고서,2022-12-06,W3,성장동력 정책평가 개념 연구 및 개선과제 도출,정태현(한양대학교 산학협력단),"성장동력, 정책평가, 혁신정책",韩文,机构正式研究,科技创新政策与能力基线,科研体系、研发投入与评价；产业创新、创业与区域体系,P2-STI-baseline,https://www.kistep.re.kr/reportAllDetail.es?mid=a10305010000&rpt_no=PRG0720220070&rpt_tp=831-007,https://www.kistep.re.kr/reportDownload.es?rpt_no=PRG0720220070&seq=prg_0071P@6,,,,0,,0,0,官方目录无本地正文,官方目录元数据，附件未列入本批,,2026-08-22
C-KISTEP-PRG0720220069,PRG0720220069,831-007,위탁/협동/공동연구보고서,2022-12-15,W3,국가연구개발사업 표준성과지표 6차 개정을 위한 탐색 연구 최종보고서,박건철(재단법인 차세대융합기술연구원 ),"국가연구개발사업, 표준성과지표, 임무지향형R&D, 연구영향력평가, 국가연구개발성과평가",韩文,机构正式研究,科技创新政策与能力基线,科研体系、研发投入与评价,P2-STI-baseline,https://www.kistep.re.kr/reportAllDetail.es?mid=a10305010000&rpt_no=PRG0720220069&rpt_tp=831-007,https://www.kistep.re.kr/reportDownload.es?rpt_no=PRG0720220069&seq=prg_0071P@5,,,,0,,0,0,官方目录无本地正文,官方目录元数据，附件未列入本批,,2026-08-22
C-KISTEP-RES0220220153,RES0220220153,831-007,위탁/협동/공동연구보고서,2022-12-19,W3,국가R&D 기획·관리 지원서비스 구축,정정규(NTIS팀),"국가과학기술지식정보서비스, R&D 사업관리, 국가연구개발사업 조사·분석, 예산정보, 정책정보, 전주기정보, 과학기술통계, 성과평가",韩文,机构正式研究,科技创新政策与能力基线,科研体系、研发投入与评价；科技人才、大学与知识流动,P2-STI-baseline,https://www.kistep.re.kr/reportAllDetail.es?mid=a10305010000&rpt_no=RES0220220153&rpt_tp=831-007,https://www.kistep.re.kr/reportDownload.es?rpt_no=RES0220220153&seq=res_0026P@3,,,,0,,0,0,官方目录无本地正文,官方目录元数据，附件未列入本批,,2026-08-22
C-KISTEP-PRG0720230010,PRG0720230010,831-007,위탁/협동/공동연구보고서,2022-12-21,W3,출연(연) 임무지향 혁신체계 구축을 위한 기관평가제도 개편방안 연구,홍형득((사)한국정책학회)," 출연연, 기관평가, 임무지향, 평가체계",韩文,机构正式研究,科技创新政策与能力基线,科研体系、研发投入与评价；产业创新、创业与区域体系,P2-STI-baseline,https://www.kistep.re.kr/reportAllDetail.es?mid=a10305010000&rpt_no=PRG0720230010&rpt_tp=831-007,https://www.kistep.re.kr/reportDownload.es?rpt_no=PRG0720230010&seq=prg_0071P@15,,,,0,,0,0,官方目录无本地正文,官方目录元数据，附件未列入本批,,2026-08-22
C-KISTEP-RES0220220157,RES0220220157,831-003,예비타당성조사,2022-12-22,W3,2021년도 예비타당성조사 보고서 탄소중립 산업핵심기술개발사업,류영수(예비타당성조사1센터),"탄소중립, 원료대체, 공정배출저감, 설비전환, 예비타당성조사",韩文,机构正式研究,科技创新政策与能力基线,能源、气候与绿色转型；科研体系、研发投入与评价；产业创新、创业与区域体系,P2-STI-baseline,https://www.kistep.re.kr/reportAllDetail.es?mid=a10305010000&rpt_no=RES0220220157&rpt_tp=831-003,https://www.kistep.re.kr/reportDownload.es?rpt_no=RES0220220157&seq=res_0026P@6,,,,0,,0,0,官方目录无本地正文,官方目录元数据，附件未列入本批,,2026-08-22
C-KISTEP-RES0220220158,RES0220220158,831-004,성과확산,2022-12-26,W3,2021 연구개발 성과연감,김홍영(성과확산센터),"연구개발, 성과연감",韩文,机构正式研究,科技创新政策与能力基线,科研体系、研发投入与评价,P2-STI-baseline,https://www.kistep.re.kr/reportAllDetail.es?mid=a10305010000&rpt_no=RES0220220158&rpt_tp=831-004,https://www.kistep.re.kr/reportDownload.es?rpt_no=RES0220220158&seq=res_0026P@3,,,,0,,0,0,官方目录无本地正文,官方目录元数据，附件未列入本批,,2026-08-22
C-KISTEP-PRG0720230011,PRG0720230011,831-007,위탁/협동/공동연구보고서,2022-12-30,W3,범부처 연구지원시스템 운영을 위한 사용자 온오프라인 교육 및 학습 플랫폼 지원_최종보고서,분리보관(국가과학기술인력개발원),"범부처 통합  연구지원시스템, 사용자 교육  개발, 연구관리 전문기관",韩文,机构正式研究,科技创新政策与能力基线,科技创新政策与研究体系,P2-STI-baseline,https://www.kistep.re.kr/reportAllDetail.es?mid=a10305010000&rpt_no=PRG0720230011&rpt_tp=831-007,https://www.kistep.re.kr/reportDownload.es?rpt_no=PRG0720230011&seq=prg_0071P@6,,,,0,,0,0,官方目录无本地正文,官方目录元数据，附件未列入本批,,2026-08-22
C-KISTEP-PRG0720230009,PRG0720230009,831-007,위탁/협동/공동연구보고서,2022-12-31,W3,뉴노멀 시대의 과학기술인력 확보 및 효율적 육성을 위한 제도개선 방안 연구,오영균((사)한국행정학회),"과학기술인력, 박사후연구원, 국가연구개발사업, 국가연구개발혁신법, 과학기술정보통신부",韩文,机构正式研究,科技创新政策与能力基线,科研体系、研发投入与评价；科技人才、大学与知识流动；产业创新、创业与区域体系,P2-STI-baseline,https://www.kistep.re.kr/reportAllDetail.es?mid=a10305010000&rpt_no=PRG0720230009&rpt_tp=831-007,https://www.kistep.re.kr/reportDownload.es?rpt_no=PRG0720230009&seq=prg_0071P@5,,,,0,,0,0,官方目录无本地正文,官方目录元数据，附件未列入本批,,2026-08-22
C-KISTEP-RES0220220159,RES0220220159,831-006,미래예측,2023-01-02,W3,제6회 과학기술예측조사 결과물 확산 연구(3차년도),박창현(기술예측센터),"6회 과학기술예측조사, 기술예측, 미래 기술, 중장기 전략, 홍보",韩文,机构正式研究,科技创新政策与能力基线,科技前瞻与未来社会,P2-STI-baseline,https://www.kistep.re.kr/reportAllDetail.es?mid=a10305010000&rpt_no=RES0220220159&rpt_tp=831-006,https://www.kistep.re.kr/reportDownload.es?rpt_no=RES0220220159&seq=res_0026P@2,,,,0,,0,0,官方目录无本地正文,官方目录元数据，附件未列入本批,,2026-08-22
C-KISTEP-RES0220220161,RES0220220161,831-006,미래예측,2023-01-02,W3,2022년 기술수준평가(2차년도),이희권(기술예측센터),"기술수준평가, 국가전략기술, 델파이 설문조사, 정량적 분석, 특허 분석",韩文,机构正式研究,核心科技直接材料,半导体、量子与战略技术；科研体系、研发投入与评价,P0-core-tech,https://www.kistep.re.kr/reportAllDetail.es?mid=a10305010000&rpt_no=RES0220220161&rpt_tp=831-006,https://www.kistep.re.kr/reportDownload.es?rpt_no=RES0220220161&seq=res_0026P@2,,,,0,,0,0,官方目录无本地正文,官方目录元数据，附件未列入本批,,2026-08-22
C-KISTEP-PRG0720230004,PRG0720230004,831-007,위탁/협동/공동연구보고서,2023-01-10,W3,국가연구개발사업 간접비 활동기준원가계산 도입을 위한 실증연구,조성표(경북대학교 산학협력단),"연구활동원가, 교육활동원가, 활동기준원가계산, 국가연구개발사업, 간접비율",韩文,机构正式研究,科技创新政策与能力基线,科研体系、研发投入与评价,P2-STI-baseline,https://www.kistep.re.kr/reportAllDetail.es?mid=a10305010000&rpt_no=PRG0720230004&rpt_tp=831-007,https://www.kistep.re.kr/reportDownload.es?rpt_no=PRG0720230004&seq=prg_0071P@7,,,,0,,0,0,官方目录无本地正文,官方目录元数据，附件未列入本批,,2026-08-22
C-KISTEP-RES0220230001,RES0220230001,831-003,예비타당성조사,2023-01-10,W3,2022년 국가R&D사업 사전분석 전문 네트워크 구축 및 역량 강화,이태근(예비타당성조사2센터),"예비타당성조사, 국가연구개발사업, R&D사전분석 콜로키움, 예비타당성조사 교육, 전문가 세미나",韩文,机构正式研究,科技创新政策与能力基线,科研体系、研发投入与评价,P2-STI-baseline,https://www.kistep.re.kr/reportAllDetail.es?mid=a10305010000&rpt_no=RES0220230001&rpt_tp=831-003,https://www.kistep.re.kr/reportDownload.es?rpt_no=RES0220230001&seq=res_0026P@2,,,,0,,0,0,官方目录无本地正文,官方目录元数据，附件未列入本批,,2026-08-22
C-KISTEP-RES0220230002,RES0220230002,831-006,미래예측,2023-01-19,W3,2022년 미래 불확실성에 대응하는 환경변화 탐색 및 대응방안 연구,임현(기술예측센터),"예측, 불확실성, 미래이슈, 환경스캐닝, 협력",韩文,机构正式研究,科技创新政策与能力基线,科技前瞻与未来社会,P1-global-STI,https://www.kistep.re.kr/reportAllDetail.es?mid=a10305010000&rpt_no=RES0220230002&rpt_tp=831-006,https://www.kistep.re.kr/reportDownload.es?rpt_no=RES0220230002&seq=res_0026P@4,,,,0,,0,0,官方目录无本地正文,官方目录元数据，附件未列入本批,,2026-08-22
C-KISTEP-RES0220230008,RES0220230008,831-006,미래예측,2023-01-19,W3,2023년 KISTEP 미래유망기술 선정에 관한 연구,박창현(기술예측센터),"기술예측, 유망기술, 미래기술, 과학기술",韩文,机构正式研究,科技创新政策与能力基线,科技前瞻与未来社会,P2-STI-baseline,https://www.kistep.re.kr/reportAllDetail.es?mid=a10305010000&rpt_no=RES0220230008&rpt_tp=831-006,https://www.kistep.re.kr/reportDownload.es?rpt_no=RES0220230008&seq=res_0026P@2,,,,0,,0,0,官方目录无本地正文,官方目录元数据，附件未列入本批,,2026-08-22
C-KISTEP-RES0220230010,RES0220230010,831-005,사업조정,2023-01-19,W3,디지털 전환 시대의 과학기술혁신정책: 산업 고도화와 융복합 신산업 창출을 위한 10대 정책과제,진영현(성장동력사업센터),"디지털전환, 제조업, 인공지능, 정보통신기술, 과학기술혁신정책",韩文,机构正式研究,核心科技直接材料,人工智能、数据与数字技术；产业创新、创业与区域体系,P0-core-tech,https://www.kistep.re.kr/reportAllDetail.es?mid=a10305010000&rpt_no=RES0220230010&rpt_tp=831-005,https://www.kistep.re.kr/reportDownload.es?rpt_no=RES0220230010&seq=res_0026P@2,,,,0,,0,0,官方目录无本地正文,官方目录元数据，附件未列入本批,,2026-08-22
C-KISTEP-PRG0720230014,PRG0720230014,831-007,위탁/협동/공동연구보고서,2023-01-25,W3,과기 출연연 기관평가 전략컨설팅 방법 개발 연구,임정희((주)날리지웍스),"전략컨설팅, 기관평가, 정성평가, 과기 출연연, 평가결과 환류",韩文,机构正式研究,科技创新政策与能力基线,科研体系、研发投入与评价,P2-STI-baseline,https://www.kistep.re.kr/reportAllDetail.es?mid=a10305010000&rpt_no=PRG0720230014&rpt_tp=831-007,https://www.kistep.re.kr/reportDownload.es?rpt_no=PRG0720230014&seq=prg_0071P@6,,,,0,,0,0,官方目录无本地正文,官方目录元数据，附件未列入本批,,2026-08-22
C-KISTEP-RES0220230004,RES0220230004,831-002,정책기획,2023-01-25,W3,과학기술외교·국제협력 스코어보드 및 성과평가체계기반 구축 연구,문태석(국제협력정책센터),"과학기술외교, 과학기술 국제협력, 스코어보드, 통계, 과학기술정책",韩文,机构正式研究,科技创新政策与能力基线,科研体系、研发投入与评价；技术安全、供应链与国际合作,P1-global-STI,https://www.kistep.re.kr/reportAllDetail.es?mid=a10305010000&rpt_no=RES0220230004&rpt_tp=831-002,https://www.kistep.re.kr/reportDownload.es?rpt_no=RES0220230004&seq=res_0026P@4,,,,0,,0,0,官方目录无本地正文,官方目录元数据，附件未列入本批,,2026-08-22
C-KISTEP-PRG0720230008,PRG0720230008,831-007,위탁/협동/공동연구보고서,2023-01-27,W3,국가연구개발사업(과제) 추천 알고리즘 연구,박봉경((주) 일루넥스),"자연어분석, 추천시스템, 연구과제, 인공지능",韩文,机构正式研究,核心科技直接材料,人工智能、数据与数字技术；科研体系、研发投入与评价,P0-core-tech,https://www.kistep.re.kr/reportAllDetail.es?mid=a10305010000&rpt_no=PRG0720230008&rpt_tp=831-007,https://www.kistep.re.kr/reportDownload.es?rpt_no=PRG0720230008&seq=prg_0071P@5,,,,0,,0,0,官方目录无本地正文,官方目录元数据，附件未列入本批,,2026-08-22
C-KISTEP-RES0220230013,RES0220230013,831-003,예비타당성조사,2023-01-27,W3,2022년도 예비타당성조사 보고서 차세대 발사체 개발사업,류영수(예비타당성조사1센터),"발사체, 우주탐사, 우주기술, 위성발사, 예비타당성조사",韩文,机构正式研究,核心科技直接材料,科研体系、研发投入与评价；航天、核能与大型技术系统,P0-core-tech,https://www.kistep.re.kr/reportAllDetail.es?mid=a10305010000&rpt_no=RES0220230013&rpt_tp=831-003,https://www.kistep.re.kr/reportDownload.es?rpt_no=RES0220230013&seq=res_0026P@2,,,,0,,0,0,官方目录无本地正文,官方目录元数据，附件未列入本批,,2026-08-22
C-KISTEP-RES0220230015,RES0220230015,831-001,조사평가,2023-01-30,W3,국가연구개발사업 특정평가 체계화 방안 연구,고용수(R&D평가센터),"특정평가, 정책이슈, 사업평가, 성과평가, 정성적 방법론",韩文,机构正式研究,科技创新政策与能力基线,科研体系、研发投入与评价,P2-STI-baseline,https://www.kistep.re.kr/reportAllDetail.es?mid=a10305010000&rpt_no=RES0220230015&rpt_tp=831-001,https://www.kistep.re.kr/reportDownload.es?rpt_no=RES0220230015&seq=res_0026P@2,,,,0,,0,0,官方目录无本地正文,官方目录元数据，附件未列入本批,,2026-08-22
C-KISTEP-RES0220230017,RES0220230017,831-002,정책기획,2023-01-30,W3,2023년 국가 과학기술혁신 및 R&D 발전전략을 위한 ‘KISTEP Think 2023’ 핵심 아젠다 발굴 연구,"최대승, 강현규(혁신전략연구소)"," 과학기술혁신 정책, KISTEP 펠로우십 프로그램, 국가R&D혁신전략, Think 2023 핵심 아젠다, 씽크 탱크",韩文,机构正式研究,科技创新政策与能力基线,科研体系、研发投入与评价；产业创新、创业与区域体系,P2-STI-baseline,https://www.kistep.re.kr/reportAllDetail.es?mid=a10305010000&rpt_no=RES0220230017&rpt_tp=831-002,https://www.kistep.re.kr/reportDownload.es?rpt_no=RES0220230017&seq=res_0026P@2,,,,0,,0,0,官方目录无本地正文,官方目录元数据，附件未列入本批,,2026-08-22
C-KISTEP-PRG0720230006,PRG0720230006,831-007,위탁/협동/공동연구보고서,2023-01-31,W3,태양광 분야의 탄소중립 기술혁신 전략로드맵 수립 연구,박철호(국가녹색기술연구소),,韩文,机构正式研究,科技创新政策与能力基线,能源、气候与绿色转型；产业创新、创业与区域体系,P2-STI-baseline,https://www.kistep.re.kr/reportAllDetail.es?mid=a10305010000&rpt_no=PRG0720230006&rpt_tp=831-007,https://www.kistep.re.kr/reportDownload.es?rpt_no=PRG0720230006&seq=prg_0071P@5,,,,0,,0,0,官方目录无本地正文,官方目录元数据，附件未列入本批,,2026-08-22
C-KISTEP-PRG0720230007,PRG0720230007,831-007,위탁/협동/공동연구보고서,2023-01-31,W3,국가전략기술 프로젝트 운영지침(안) 수립에 관한 연구,김종천(한국법제연구원),"국가전략기술, 프로젝트, 반도체, 이차전지, 차세대 원자력",韩文,机构正式研究,核心科技直接材料,半导体、量子与战略技术；能源、气候与绿色转型；航天、核能与大型技术系统,P0-core-tech,https://www.kistep.re.kr/reportAllDetail.es?mid=a10305010000&rpt_no=PRG0720230007&rpt_tp=831-007,https://www.kistep.re.kr/reportDownload.es?rpt_no=PRG0720230007&seq=prg_0071P@6,,,,0,,0,0,官方目录无本地正文,官方目录元数据，附件未列入本批,,2026-08-22
C-KISTEP-RES0220230003,RES0220230003,831-002,정책기획,2023-02-01,W3,근거기반 과학기술협력 아젠다 발굴 방법론 및 실증 연구,조규하(국제협력정책센터),"과학기술혁신, 국제협력, 근거기반 방법론, 아젠다 발굴, 정성·정량분석",韩文,机构正式研究,科技创新政策与能力基线,产业创新、创业与区域体系；技术安全、供应链与国际合作,P1-global-STI,https://www.kistep.re.kr/reportAllDetail.es?mid=a10305010000&rpt_no=RES0220230003&rpt_tp=831-002,https://www.kistep.re.kr/reportDownload.es?rpt_no=RES0220230003&seq=res_0026P@4,,,,0,,0,0,官方目录无本地正文,官方目录元数据，附件未列入本批,,2026-08-22
C-KISTEP-RES0220230011,RES0220230011,831-004,성과확산,2023-02-01,W3,과학기술혁신정책 글로벌 역량 및 전문성 강화 연구,강진원(국제협력정책센터),"과학기술, 정책, 글로벌, 네트워크, 발간",韩文,机构正式研究,科技创新政策与能力基线,产业创新、创业与区域体系,P1-global-STI,https://www.kistep.re.kr/reportAllDetail.es?mid=a10305010000&rpt_no=RES0220230011&rpt_tp=831-004,https://www.kistep.re.kr/reportDownload.es?rpt_no=RES0220230011&seq=res_0026P@2,,,,0,,0,0,官方目录无本地正文,官方目录元数据，附件未列入本批,,2026-08-22
C-KISTEP-RES0220230012,RES0220230012,831-002,정책기획,2023-02-01,W3,미·중 기술패권 경쟁시대 대응을 위한  과학기술외교 방향 탐색 연구,강진원(국제협력정책센터),"과학기술외교, 과기외교 플랫폼, 범주화, 기술패권, 탐색연구",韩文,机构正式研究,核心科技直接材料,半导体、量子与战略技术；技术安全、供应链与国际合作,P0-core-tech,https://www.kistep.re.kr/reportAllDetail.es?mid=a10305010000&rpt_no=RES0220230012&rpt_tp=831-002,https://www.kistep.re.kr/reportDownload.es?rpt_no=RES0220230012&seq=res_0026P@2,,,,0,,0,0,官方目录无本地正文,官方目录元数据，附件未列入本批,,2026-08-22
C-KISTEP-RES0220230016,RES0220230016,831-006,미래예측,2023-02-01,W3,2022년 국가과학기술표준분류체계의 개선 및 활용기반 구축,정의진(기술예측센터),"과학기술, 표준분류체계, 개정수요, 개정타당성 평가, 융합연구",韩文,机构正式研究,科技创新政策与能力基线,科研体系、研发投入与评价,P2-STI-baseline,https://www.kistep.re.kr/reportAllDetail.es?mid=a10305010000&rpt_no=RES0220230016&rpt_tp=831-006,https://www.kistep.re.kr/reportDownload.es?rpt_no=RES0220230016&seq=res_0026P@2,,,,0,,0,0,官方目录无本地正文,官方目录元数据，附件未列入本批,,2026-08-22
C-KISTEP-RES0220230022,RES0220230022,831-005,사업조정,2023-02-06,W3,2022년도 글로벌 R&D 투자동향 분석,홍미영(사업조정전략센터),"글로벌 과학기술 이슈 모니터링, 예산 추이 분석, 연구역량, 국가 성장동력, 삶의 질",韩文,机构正式研究,科技创新政策与能力基线,科研体系、研发投入与评价,P1-global-STI,https://www.kistep.re.kr/reportAllDetail.es?mid=a10305010000&rpt_no=RES0220230022&rpt_tp=831-005,https://www.kistep.re.kr/reportDownload.es?rpt_no=RES0220230022&seq=res_0026P@4,,,,0,,0,0,官方目录无本地正文,官方目录元数据，附件未列入本批,,2026-08-22
C-KISTEP-RES0220220156,RES0220220156,831-005,사업조정,2023-02-07,W3,국방R&D 효과성 제고를 위한 예산체계 개선방안 연구 -국방기술개발 및 전력지원체계 사업을 중심으로 -,임승혁(투자기획조정센터),"국방R&D, 국방혁신, 예산배분조정, 국방기술개발, 전력지원체계",韩文,机构正式研究,科技创新政策与能力基线,产业创新、创业与区域体系,P2-STI-baseline,https://www.kistep.re.kr/reportAllDetail.es?mid=a10305010000&rpt_no=RES0220220156&rpt_tp=831-005,https://www.kistep.re.kr/reportDownload.es?rpt_no=RES0220220156&seq=res_0026P@4,,,,0,,0,0,官方目录无本地正文,官方目录元数据，附件未列入本批,,2026-08-22
C-KISTEP-RES0220230014,RES0220230014,831-001,조사평가,2023-02-08,W3,연구지원 체계평가 운영에 관한 연구,황병용(제도혁신센터),"국가연구개발사업, 연구지원역량, 만족도, 비영리기관",韩文,机构正式研究,科技创新政策与能力基线,科研体系、研发投入与评价,P2-STI-baseline,https://www.kistep.re.kr/reportAllDetail.es?mid=a10305010000&rpt_no=RES0220230014&rpt_tp=831-001,https://www.kistep.re.kr/reportDownload.es?rpt_no=RES0220230014&seq=res_0026P@3,,,,0,,0,0,官方目录无本地正文,官方目录元数据，附件未列入本批,,2026-08-22
C-KISTEP-RES0220230023,RES0220230023,831-002,정책기획,2023-02-08,W3,2022년 KISTEP 이슈페이퍼 및 정책브리프,강현규(혁신전략연구소),"과학기술혁신, KISTEP 이슈페이퍼, KISTEP 정책브리프, 첨단기술혁신정책포럼",韩文,机构正式研究,核心科技直接材料,半导体、量子与战略技术；产业创新、创业与区域体系,P0-core-tech,https://www.kistep.re.kr/reportAllDetail.es?mid=a10305010000&rpt_no=RES0220230023&rpt_tp=831-002,https://www.kistep.re.kr/reportDownload.es?rpt_no=RES0220230023&seq=res_0026P@4,,,,0,,0,0,官方目录无本地正文,官方目录元数据，附件未列入本批,,2026-08-22
C-KISTEP-RES0220230027,RES0220230027,831-005,사업조정,2023-02-08,W3,미래폐기물 자원순환 생태계 활성화를 위한 정부지원 방안 : 전기차 사용후 배터리를 중심으로,"여준석, 이승필(거대공공사업센터)","미래폐기물, 물질흐름, 자원순환, 배터리, 재사용/재활용",韩文,机构正式研究,核心科技直接材料,能源、气候与绿色转型；科技前瞻与未来社会,P0-core-tech,https://www.kistep.re.kr/reportAllDetail.es?mid=a10305010000&rpt_no=RES0220230027&rpt_tp=831-005,https://www.kistep.re.kr/reportDownload.es?rpt_no=RES0220230027&seq=res_0026P@2,,,,0,,0,0,官方目录无本地正文,官方目录元数据，附件未列入本批,,2026-08-22
C-KISTEP-RES0220230028,RES0220230028,831-005,사업조정,2023-02-08,W3,2022년 개방형 포럼 방식을 활용한 과학기술 이슈 연구,전승수(성장동력사업센터),"혁신성장, 과학기술혁신, 디지털뉴딜, 그린뉴딜, 소재부품장비",韩文,机构正式研究,核心科技直接材料,人工智能、数据与数字技术；产业创新、创业与区域体系,P0-core-tech,https://www.kistep.re.kr/reportAllDetail.es?mid=a10305010000&rpt_no=RES0220230028&rpt_tp=831-005,https://www.kistep.re.kr/reportDownload.es?rpt_no=RES0220230028&seq=res_0026P@2,,,,0,,0,0,官方目录无本地正文,官方目录元数据，附件未列入本批,,2026-08-22
C-KISTEP-RES0220230009,RES0220230009,831-001,조사평가,2023-02-09,W3,학생인건비통합관리제 기획 및 운영,박일주(제도혁신센터),"학생인건비, 학생연구자",韩文,机构正式研究,科技创新政策与能力基线,科技人才、大学与知识流动,P2-STI-baseline,https://www.kistep.re.kr/reportAllDetail.es?mid=a10305010000&rpt_no=RES0220230009&rpt_tp=831-001,https://www.kistep.re.kr/reportDownload.es?rpt_no=RES0220230009&seq=res_0026P@3,,,,0,,0,0,官方目录无本地正文,官方目录元数据，附件未列入本批,,2026-08-22
C-KISTEP-RES0220230029,RES0220230029,831-001,조사평가,2023-02-09,W3,2022년도 국가연구개발사업 상위평가 보고서(중간평가),김상일(R&D평가센터),"국가연구개발사업, 중간평가, 자체평가, 상위평가",韩文,机构正式研究,科技创新政策与能力基线,科研体系、研发投入与评价,P2-STI-baseline,https://www.kistep.re.kr/reportAllDetail.es?mid=a10305010000&rpt_no=RES0220230029&rpt_tp=831-001,https://www.kistep.re.kr/reportDownload.es?rpt_no=RES0220230029&seq=res_0026P@2,,,,0,,0,0,官方目录无本地正文,官方目录元数据，附件未列入本批,,2026-08-22
C-KISTEP-RES0220230020,RES0220230020,831-001,조사평가,2023-02-10,W3,2022년 과학기술정책의 과학화 기반구축 연구,김은정(혁신정보분석센터)," 과학기술 정책의 과학화, 증거기반, 방법론 개발, 정책의사 결정, 과학기술 정책지원 서비스",韩文,机构正式研究,科技创新政策与能力基线,科研体系、研发投入与评价,P2-STI-baseline,https://www.kistep.re.kr/reportAllDetail.es?mid=a10305010000&rpt_no=RES0220230020&rpt_tp=831-001,https://www.kistep.re.kr/reportDownload.es?rpt_no=RES0220230020&seq=res_0026P@3,,,,0,,0,0,官方目录无本地正文,官方目录元数据，附件未列入本批,,2026-08-22
C-KISTEP-RES0220230025,RES0220230025,831-002,정책기획,2023-02-13,W3,연구개발지원단 육성지원사업(정책컨설팅) 최종보고서,박석종(지역정책팀),"연구개발지원단, 지역 R&D, R&D 기반 혁신 시스템, 지역 R&D 효율성 제고, 지역 R&D 조사 분석",韩文,机构正式研究,科技创新政策与能力基线,科研体系、研发投入与评价；产业创新、创业与区域体系,P2-STI-baseline,https://www.kistep.re.kr/reportAllDetail.es?mid=a10305010000&rpt_no=RES0220230025&rpt_tp=831-002,https://www.kistep.re.kr/reportDownload.es?rpt_no=RES0220230025&seq=res_0026P@6,,,,0,,0,0,官方目录无本地正文,官方目录元数据，附件未列入本批,,2026-08-22
C-KISTEP-RES0220230031,RES0220230031,831-002,정책기획,2023-02-13,W3,지역 성장잠재력 확충을 위한 지역과학기술혁신역량 고도화 방안 연구,박석종(지역정책팀),"지역과학기술혁신역량, 지역기술창업 정책, 정책 중요도-성취도 분석",韩文,机构正式研究,科技创新政策与能力基线,产业创新、创业与区域体系,P2-STI-baseline,https://www.kistep.re.kr/reportAllDetail.es?mid=a10305010000&rpt_no=RES0220230031&rpt_tp=831-002,https://www.kistep.re.kr/reportDownload.es?rpt_no=RES0220230031&seq=res_0026P@2,,,,0,,0,0,官方目录无本地正文,官方目录元数据，附件未列入本批,,2026-08-22
C-KISTEP-RES0220230032,RES0220230032,831-005,사업조정,2023-02-13,W3,바이오헬스 산업의 주력산업화를 위한 생태계 구축,"홍미영, 김주원(사업조정전략센터)"," 바이오헬스, 주력산업화, 정부지원 모델, 정부역할, 생태계",韩文,机构正式研究,核心科技直接材料,生命科学、生物技术与健康；产业创新、创业与区域体系,P0-core-tech,https://www.kistep.re.kr/reportAllDetail.es?mid=a10305010000&rpt_no=RES0220230032&rpt_tp=831-005,https://www.kistep.re.kr/reportDownload.es?rpt_no=RES0220230032&seq=res_0026P@2,,,,0,,0,0,官方目录无本地正文,官方目录元数据，附件未列入本批,,2026-08-22
C-KISTEP-RES0220230034,RES0220230034,831-001,조사평가,2023-02-15,W3,2021년도 하반기 국가연구개발사업 특정평가(빅데이터 분야),김상일(R&D평가센터),"특정평가, 빅데이터, 사업평가",韩文,机构正式研究,核心科技直接材料,人工智能、数据与数字技术；科研体系、研发投入与评价,P0-core-tech,https://www.kistep.re.kr/reportAllDetail.es?mid=a10305010000&rpt_no=RES0220230034&rpt_tp=831-001,https://www.kistep.re.kr/reportDownload.es?rpt_no=RES0220230034&seq=res_0026P@2,,,,0,,0,0,官方目录无本地正文,官方目录元数据，附件未列入本批,,2026-08-22
C-KISTEP-RES0220230030,RES0220230030,831-003,예비타당성조사,2023-02-16,W3,2022년 R&D사업 예비타당성조사 일관성 제고를 위한 조사 체계 개선 방향 연구,류영수(예비타당성조사1센터),"예비타당성조사, 연구개발사업, 과학기술적 타당성, 정책적 타당성, 경제적 타당성",韩文,机构正式研究,科技创新政策与能力基线,科研体系、研发投入与评价,P2-STI-baseline,https://www.kistep.re.kr/reportAllDetail.es?mid=a10305010000&rpt_no=RES0220230030&rpt_tp=831-003,https://www.kistep.re.kr/reportDownload.es?rpt_no=RES0220230030&seq=res_0026P@2,,,,0,,0,0,官方目录无本地正文,官方目录元数据，附件未列入本批,,2026-08-22
C-KISTEP-RES0220230033,RES0220230033,831-006,미래예측,2023-02-16,W3,2022년 기술영향평가,이동기(기술예측센터),"기술영향평가, 유망기술, 시민참여, 미래예측",韩文,机构正式研究,科技创新政策与能力基线,科研体系、研发投入与评价；科技前瞻与未来社会,P2-STI-baseline,https://www.kistep.re.kr/reportAllDetail.es?mid=a10305010000&rpt_no=RES0220230033&rpt_tp=831-006,https://www.kistep.re.kr/reportDownload.es?rpt_no=RES0220230033&seq=res_0026P@2,,,,0,,0,0,官方目录无本地正文,官方目录元数据，附件未列入本批,,2026-08-22
C-KISTEP-RES0220230024,RES0220230024,831-001,조사평가,2023-02-20,W3,2022 과학기술통계백서,한웅용(혁신정보분석센터),"과학기술, 통계, 지표, 지수, 백서, 추세",韩文,机构正式研究,科技创新政策与能力基线,科技创新政策与研究体系,P2-STI-baseline,https://www.kistep.re.kr/reportAllDetail.es?mid=a10305010000&rpt_no=RES0220230024&rpt_tp=831-001,https://www.kistep.re.kr/reportDownload.es?rpt_no=RES0220230024&seq=res_0026P@1,,,,0,,0,0,官方目录无本地正文,官方目录元数据，附件未列入本批,,2026-08-22
C-KISTEP-RES0220230026,RES0220230026,831-001,조사평가,2023-02-20,W3,2022년도 과학기술분야 출연연구기관 상위평가 보고서,김상일(R&D평가센터),"국가연구개발사업, 기관평가, 연구개발 효율성, 연구개발 성과, 과학기술",韩文,机构正式研究,科技创新政策与能力基线,科研体系、研发投入与评价,P2-STI-baseline,https://www.kistep.re.kr/reportAllDetail.es?mid=a10305010000&rpt_no=RES0220230026&rpt_tp=831-001,https://www.kistep.re.kr/reportDownload.es?rpt_no=RES0220230026&seq=res_0026P@2,,,,0,,0,0,官方目录无本地正文,官方目录元数据，附件未列入本批,,2026-08-22
C-KISTEP-RES0220230036,RES0220230036,831-002,정책기획,2023-02-20,W3,2022년 과학기술혁신정책 스코어보드 개발 연구,변순천(인재정책센터),"스코어보드, 과학기술인력, 지역, 혁신역량, 사회문제",韩文,机构正式研究,科技创新政策与能力基线,科技人才、大学与知识流动；产业创新、创业与区域体系,P2-STI-baseline,https://www.kistep.re.kr/reportAllDetail.es?mid=a10305010000&rpt_no=RES0220230036&rpt_tp=831-002,https://www.kistep.re.kr/reportDownload.es?rpt_no=RES0220230036&seq=res_0026P@10,,,,0,,0,0,官方目录无本地正文,官方目录元数据，附件未列入本批,,2026-08-22
C-KISTEP-RES0220230042,RES0220230042,831-001,조사평가,2023-02-20,W3,2022년 국가연구개발 성과평가 정책 수립 및 성과평가 실시,김상일(R&D평가센터)," 국가연구개발사업평가, 특정평가, 성과평가 실시계획, 사업 전략계획서, 성과평가정보시스템",韩文,机构正式研究,科技创新政策与能力基线,科研体系、研发投入与评价,P2-STI-baseline,https://www.kistep.re.kr/reportAllDetail.es?mid=a10305010000&rpt_no=RES0220230042&rpt_tp=831-001,https://www.kistep.re.kr/reportDownload.es?rpt_no=RES0220230042&seq=res_0026P@4,,,,0,,0,0,官方目录无本地正文,官方目录元数据，附件未列入本批,,2026-08-22
C-KISTEP-RES0220230037,RES0220230037,831-005,사업조정,2023-02-21,W3,연구개발분야의 거시 투자전략 수립을 위한 이슈 발굴 연구,"한민규, 이현경(투자기획조정센터)","투자전략, 거시, 이슈, 연구개발, 과학기술",韩文,机构正式研究,科技创新政策与能力基线,科研体系、研发投入与评价,P2-STI-baseline,https://www.kistep.re.kr/reportAllDetail.es?mid=a10305010000&rpt_no=RES0220230037&rpt_tp=831-005,https://www.kistep.re.kr/reportDownload.es?rpt_no=RES0220230037&seq=res_0026P@2,,,,0,,0,0,官方目录无本地正文,官方目录元数据，附件未列入本批,,2026-08-22
C-KISTEP-RES0220230044,RES0220230044,831-001,조사평가,2023-02-21,W3,2022년 국가 과학기술혁신역량 평가,김선경(혁신정보분석센터),"혁신역량, OECD 과학기술, 복합지수",韩文,机构正式研究,科技创新政策与能力基线,科研体系、研发投入与评价；产业创新、创业与区域体系,P2-STI-baseline,https://www.kistep.re.kr/reportAllDetail.es?mid=a10305010000&rpt_no=RES0220230044&rpt_tp=831-001,https://www.kistep.re.kr/reportDownload.es?rpt_no=RES0220230044&seq=res_0026P@4,,,,0,,0,0,官方目录无本地正文,官方目录元数据，附件未列入本批,,2026-08-22
C-KISTEP-RES0220230047,RES0220230047,831-002,정책기획,2023-02-21,W3,"2022 지방과학기술연감, 2022년 지역 R&D 실태조사",이충현(지역정책팀),"지역, 지역혁신체계, 지방과학기술, 지역연구개발, 지역R&D실태조사",韩文,机构正式研究,科技创新政策与能力基线,科研体系、研发投入与评价；产业创新、创业与区域体系,P2-STI-baseline,https://www.kistep.re.kr/reportAllDetail.es?mid=a10305010000&rpt_no=RES0220230047&rpt_tp=831-002,https://www.kistep.re.kr/reportDownload.es?rpt_no=RES0220230047&seq=res_0026P@2,,,,0,,0,0,官方目录无本地正文,官方目录元数据，附件未列入本批,,2026-08-22
C-KISTEP-RES0220230048,RES0220230048,831-002,정책기획,2023-02-21,W3,제6차 지방과학기술진흥종합계획 수립 연구,이충현(지역정책팀),"제6차 지방과학기술 진흥종합계획, 지방R&D정책, 지방R&D예산, 지역R&D체계, 지자체 R&D 역량",韩文,机构正式研究,科技创新政策与能力基线,科研体系、研发投入与评价；产业创新、创业与区域体系,P2-STI-baseline,https://www.kistep.re.kr/reportAllDetail.es?mid=a10305010000&rpt_no=RES0220230048&rpt_tp=831-002,https://www.kistep.re.kr/reportDownload.es?rpt_no=RES0220230048&seq=res_0026P@4,,,,0,,0,0,官方目录无本地正文,官方目录元数据，附件未列入本批,,2026-08-22
C-KISTEP-RES0220230005,RES0220230005,831-002,정책기획,2023-02-22,W3,과학기술외교 추진전략 및 체계기반 구축연구,김진하(국제협력정책센터),"과학기술외교, 과학기술협력 전략, 공적개발원조, 과학기술외교 교육･훈련, 과학기술협력, 통계체계",韩文,机构正式研究,科技创新政策与能力基线,技术安全、供应链与国际合作,P1-global-STI,https://www.kistep.re.kr/reportAllDetail.es?mid=a10305010000&rpt_no=RES0220230005&rpt_tp=831-002,https://www.kistep.re.kr/reportDownload.es?rpt_no=RES0220230005&seq=res_0026P@2,,,,0,,0,0,官方目录无本地正文,官方目录元数据，附件未列入本批,,2026-08-22
C-KISTEP-RES0220230038,RES0220230038,831-002,정책기획,2023-02-22,W3,국가전략기술 발굴˙심층분석 및 성장동력 전략 개선방안 도출 연구,황지호(미래기술기획센터),"미래기술, 필수전략기술, 심층분석, 성장동력, 연구개발사업",韩文,机构正式研究,核心科技直接材料,半导体、量子与战略技术；科研体系、研发投入与评价；科技前瞻与未来社会,P0-core-tech,https://www.kistep.re.kr/reportAllDetail.es?mid=a10305010000&rpt_no=RES0220230038&rpt_tp=831-002,https://www.kistep.re.kr/reportDownload.es?rpt_no=RES0220230038&seq=res_0026P@4,,,,0,,0,0,官方目录无本地正文,官方目录元数据，附件未列入本批,,2026-08-22
C-KISTEP-RES0220230040,RES0220230040,831-002,정책기획,2023-02-22,W3,"바이오, 디스플레이 분야 소재 부품 장비 미래선도품목 기술난제 극복전략 연구",김진용(미래성장전략센터),"소재부품장비, 미래선도품목연구, 개발전략, 신산업, 기술경쟁력",韩文,机构正式研究,核心科技直接材料,生命科学、生物技术与健康；产业创新、创业与区域体系；科技前瞻与未来社会,P0-core-tech,https://www.kistep.re.kr/reportAllDetail.es?mid=a10305010000&rpt_no=RES0220230040&rpt_tp=831-002,https://www.kistep.re.kr/reportDownload.es?rpt_no=RES0220230040&seq=res_0026P@8,,,,0,,0,0,官方目录无本地正文,官方目录元数据，附件未列入本批,,2026-08-22
C-KISTEP-RES0220230046,RES0220230046,831-002,정책기획,2023-02-22,W3,기업 혁신활동 제고를 위한 R&D 조세 지원 정책 연구: 국가전략기술 연구개발 기업을 중심으로,구본진(미래성장전략센터)," 연구개발 조세, 연구개발 촉진 정책, 기업 혁신활동, 국가전략기술",韩文,机构正式研究,核心科技直接材料,半导体、量子与战略技术；科研体系、研发投入与评价；产业创新、创业与区域体系,P0-core-tech,https://www.kistep.re.kr/reportAllDetail.es?mid=a10305010000&rpt_no=RES0220230046&rpt_tp=831-002,https://www.kistep.re.kr/reportDownload.es?rpt_no=RES0220230046&seq=res_0026P@2,,,,0,,0,0,官方目录无本地正文,官方目录元数据，附件未列入本批,,2026-08-22
C-KISTEP-RES0220230049,RES0220230049,831-007,위탁/협동/공동연구보고서,2023-02-22,W3,2022년 연구자권익보호위원회 운영,조성식(제도혁신센터),"연구자, 권익보호, 위원회, 운영, 재검토",韩文,机构正式研究,科技创新政策与能力基线,科技人才、大学与知识流动,P2-STI-baseline,https://www.kistep.re.kr/reportAllDetail.es?mid=a10305010000&rpt_no=RES0220230049&rpt_tp=831-007,https://www.kistep.re.kr/reportDownload.es?rpt_no=RES0220230049&seq=res_0026P@3,,,,0,,0,0,官方目录无本地正文,官方目录元数据，附件未列入本批,,2026-08-22
C-KISTEP-RES0220230051,RES0220230051,831-002,정책기획,2023-02-24,W3,2022년도 과학기술혁신정책 핵심이슈 발굴 및 인텔리전스 기능강화 연구,변순천(과학기술정책센터),"과학기술혁신정책, 인텔리전스, 확산, KISTEP 이슈페이퍼, KISTEP 정책브리프",韩文,机构正式研究,科技创新政策与能力基线,产业创新、创业与区域体系,P2-STI-baseline,https://www.kistep.re.kr/reportAllDetail.es?mid=a10305010000&rpt_no=RES0220230051&rpt_tp=831-002,https://www.kistep.re.kr/reportDownload.es?rpt_no=RES0220230051&seq=res_0026P@4,,,,0,,0,0,官方目录无本地正文,官方目录元数据，附件未列入本批,,2026-08-22
C-KISTEP-RES0220230054,RES0220230054,831-001,조사평가,2023-02-24,W3,정부R&D 등록·기탁 성과물 심층분석 연구,김준희(성과확산센터)," 정부R&D, R&D성과, R&D 성과정책, R&D 성과관리·활용, R&D 성과 등록·기탁물",韩文,机构正式研究,科技创新政策与能力基线,科研体系、研发投入与评价,P2-STI-baseline,https://www.kistep.re.kr/reportAllDetail.es?mid=a10305010000&rpt_no=RES0220230054&rpt_tp=831-001,https://www.kistep.re.kr/reportDownload.es?rpt_no=RES0220230054&seq=res_0026P@2,,,,0,,0,0,官方目录无本地正文,官方目录元数据，附件未列入本批,,2026-08-22
C-KISTEP-RES0220230055,RES0220230055,831-002,정책기획,2023-02-24,W3,2022년도 지역 R&D체계 발전 방향에 관한 연구,김성진(지역정책팀),"지역혁신체제, 지역R&D정책, 지역연구개발, 지역과학기술, 주요국 정책동향",韩文,机构正式研究,科技创新政策与能力基线,科研体系、研发投入与评价；产业创新、创业与区域体系,P2-STI-baseline,https://www.kistep.re.kr/reportAllDetail.es?mid=a10305010000&rpt_no=RES0220230055&rpt_tp=831-002,https://www.kistep.re.kr/reportDownload.es?rpt_no=RES0220230055&seq=res_0026P@3,,,,0,,0,0,官方目录无本地正文,官方目录元数据，附件未列入本批,,2026-08-22
C-KISTEP-RES0220230058,RES0220230058,831-004,성과확산,2023-02-24,W3,성과정보 전주기 기반 성과관리체계 효율화 연구,김행미(성과확산센터),"성과정보, 성과관리, 성과정보 전주기, 가치사슬",韩文,机构正式研究,科技创新政策与能力基线,科研体系、研发投入与评价,P2-STI-baseline,https://www.kistep.re.kr/reportAllDetail.es?mid=a10305010000&rpt_no=RES0220230058&rpt_tp=831-004,https://www.kistep.re.kr/reportDownload.es?rpt_no=RES0220230058&seq=res_0026P@3,,,,0,,0,0,官方目录无本地正文,官方目录元数据，附件未列入本批,,2026-08-22
C-KISTEP-RES0220230041,RES0220230041,831-002,정책기획,2023-02-27,W3,과학기술분야 미래 신직업에 대응한 교육 혁신 방안 연구,유준우(인재정책센터),"미래 신직업, 직무 역량, 교육 혁신, 일자리 창출",韩文,机构正式研究,科技创新政策与能力基线,产业创新、创业与区域体系；科技前瞻与未来社会,P2-STI-baseline,https://www.kistep.re.kr/reportAllDetail.es?mid=a10305010000&rpt_no=RES0220230041&rpt_tp=831-002,https://www.kistep.re.kr/reportDownload.es?rpt_no=RES0220230041&seq=res_0026P@2,,,,0,,0,0,官方目录无本地正文,官方目录元数据，附件未列入本批,,2026-08-22
C-KISTEP-RES0220230043,RES0220230043,831-005,사업조정,2023-02-27,W3,2022년 데이터 기반 R&D예산배분조정 지원체계 구축 연구,이일환(거대공공사업센터),"예산배분조정, 증거기반, 데이터기반, 재난·안전, 의사결정 지원",韩文,机构正式研究,核心科技直接材料,人工智能、数据与数字技术,P0-core-tech,https://www.kistep.re.kr/reportAllDetail.es?mid=a10305010000&rpt_no=RES0220230043&rpt_tp=831-005,https://www.kistep.re.kr/reportDownload.es?rpt_no=RES0220230043&seq=res_0026P@2,,,,0,,0,0,官方目录无本地正文,官方目录元数据，附件未列入本批,,2026-08-22
C-KISTEP-RES0220230050,RES0220230050,831-002,정책기획,2023-02-27,W3,임무지향형 사회문제해결 R&D 전주기 프로세스 설계 연구,박노언(사회혁신정책센터),"사회문제해결, 임무 지향 R&D 거버넌스, 사회문제해결형 혁신",韩文,机构正式研究,科技创新政策与能力基线,科研体系、研发投入与评价；产业创新、创业与区域体系,P2-STI-baseline,https://www.kistep.re.kr/reportAllDetail.es?mid=a10305010000&rpt_no=RES0220230050&rpt_tp=831-002,https://www.kistep.re.kr/reportDownload.es?rpt_no=RES0220230050&seq=res_0026P@2,,,,0,,0,0,官方目录无本地正文,官方目录元数据，附件未列入本批,,2026-08-22
C-KISTEP-RES0220230052,RES0220230052,831-002,정책기획,2023-02-27,W3,2022년 글로벌 과학기술 & ICT 정책 기술 동향 분석,홍정석(과학기술정책센터),"혁신전략, 미래기술, 신성장동력, 국가혁신시스템, 지역혁신시스템",韩文,机构正式研究,科技创新政策与能力基线,产业创新、创业与区域体系；科技前瞻与未来社会,P1-global-STI,https://www.kistep.re.kr/reportAllDetail.es?mid=a10305010000&rpt_no=RES0220230052&rpt_tp=831-002,https://www.kistep.re.kr/reportDownload.es?rpt_no=RES0220230052&seq=res_0026P@2,,,,0,,0,0,官方目录无本地正文,官方目录元数据，附件未列入本批,,2026-08-22
C-KISTEP-RES0220230053,RES0220230053,831-002,정책기획,2023-02-27,W3,국가전략기술 연계 중심의 출연(연) 사업 개선 연구,이강수(투자기획조정센터),"정부출연연구소, 국가전략기술, 역할과 책임, 공공수요, 협업연구",韩文,机构正式研究,核心科技直接材料,半导体、量子与战略技术,P0-core-tech,https://www.kistep.re.kr/reportAllDetail.es?mid=a10305010000&rpt_no=RES0220230053&rpt_tp=831-002,https://www.kistep.re.kr/reportDownload.es?rpt_no=RES0220230053&seq=res_0026P@2,,,,0,,0,0,官方目录无本地正文,官方目录元数据，附件未列入本批,,2026-08-22
C-KISTEP-RES0220230056,RES0220230056,831-002,정책기획,2023-02-27,W3,디지털 전환 가속화를 위한 규제혁신 방안 연구,조길수(미래성장전략센터),규제혁신; 규제수단; 규제거버넌스; 디지털전환,韩文,机构正式研究,核心科技直接材料,人工智能、数据与数字技术；产业创新、创业与区域体系,P0-core-tech,https://www.kistep.re.kr/reportAllDetail.es?mid=a10305010000&rpt_no=RES0220230056&rpt_tp=831-002,https://www.kistep.re.kr/reportDownload.es?rpt_no=RES0220230056&seq=res_0026P@2,,,,0,,0,0,官方目录无本地正文,官方目录元数据，附件未列入本批,,2026-08-22
C-KISTEP-RES0220230057,RES0220230057,831-002,정책기획,2023-02-27,W3,에너지전환 시장 활성화를 위한 정책 연구,"김선교, 조길수(미래기술기획센터)",에너지전환; 탄소중립; 시장활성화,韩文,机构正式研究,科技创新政策与能力基线,能源、气候与绿色转型,P2-STI-baseline,https://www.kistep.re.kr/reportAllDetail.es?mid=a10305010000&rpt_no=RES0220230057&rpt_tp=831-002,https://www.kistep.re.kr/reportDownload.es?rpt_no=RES0220230057&seq=res_0026P@2,,,,0,,0,0,官方目录无本地正文,官方目录元数据，附件未列入本批,,2026-08-22
C-KISTEP-RES0220230059,RES0220230059,831-002,정책기획,2023-02-27,W3,범부처 사회문제해결 기반구축,박노언(사회혁신정책센터),"과학기술 기반 사회문제해결, 삶의 질, 사회문제, 종합계획, 플랫폼",韩文,机构正式研究,科技创新政策与能力基线,科技创新政策与研究体系,P2-STI-baseline,https://www.kistep.re.kr/reportAllDetail.es?mid=a10305010000&rpt_no=RES0220230059&rpt_tp=831-002,https://www.kistep.re.kr/reportDownload.es?rpt_no=RES0220230059&seq=res_0026P@6,,,,0,,0,0,官方目录无本地正文,官方目录元数据，附件未列入本批,,2026-08-22
C-KISTEP-RES0220230060,RES0220230060,831-005,사업조정,2023-02-27,W3,2022년 전략적 R&D예산 배분 및 편성을 위한 정책기반 구축에 관한 연구,류영수(R&D예산정책센터),"특허분석, 텍스트분석, R&D 설문조사, R&D 정책, 투자효율화",韩文,机构正式研究,科技创新政策与能力基线,科研体系、研发投入与评价,P2-STI-baseline,https://www.kistep.re.kr/reportAllDetail.es?mid=a10305010000&rpt_no=RES0220230060&rpt_tp=831-005,https://www.kistep.re.kr/reportDownload.es?rpt_no=RES0220230060&seq=res_0026P@1,,,,0,,0,0,官方目录无本地正文,官方目录元数据，附件未列入本批,,2026-08-22
C-KISTEP-RES0220230062,RES0220230062,831-002,정책기획,2023-02-27,W3,한국형 국가기술혁신체계(NIS) 진단 및 구축방안 연구(Ⅲ),"최대승, 강현규(전략기획센터)"," 국가기술 혁신체계, 기술혁신, 기술혁신 전략, 연구개발  지원 체계, 한국형 국가기술 혁신체계",韩文,机构正式研究,科技创新政策与能力基线,科研体系、研发投入与评价；产业创新、创业与区域体系,P2-STI-baseline,https://www.kistep.re.kr/reportAllDetail.es?mid=a10305010000&rpt_no=RES0220230062&rpt_tp=831-002,https://www.kistep.re.kr/reportDownload.es?rpt_no=RES0220230062&seq=res_0026P@2,,,,0,,0,0,官方目录无本地正文,官方目录元数据，附件未列入本批,,2026-08-22
C-KISTEP-RES0220230063,RES0220230063,831-003,예비타당성조사,2023-02-27,W3,2022년도 예비타당성조사 요구 국가연구개발사업 예타 대상선정,안병민(예비타당성조사3센터),"예타 대상선정, 기술성평가",韩文,机构正式研究,科技创新政策与能力基线,科研体系、研发投入与评价,P2-STI-baseline,https://www.kistep.re.kr/reportAllDetail.es?mid=a10305010000&rpt_no=RES0220230063&rpt_tp=831-003,https://www.kistep.re.kr/reportDownload.es?rpt_no=RES0220230063&seq=res_0026P@2,,,,0,,0,0,官方目录无本地正文,官方目录元数据，附件未列入本批,,2026-08-22
C-KISTEP-RES0220230065,RES0220230065,831-002,정책기획,2023-02-27,W3,지역 경쟁력과 R&D 성과제고를 위한 연구기반구축사업 예산지원방안 연구,"박소희, 박창대(R&D예산정책센터)","지역R&D, 연구기반구축, R&D예산, 지역산업연관분석, 제도개선",韩文,机构正式研究,科技创新政策与能力基线,科研体系、研发投入与评价；产业创新、创业与区域体系,P1-global-STI,https://www.kistep.re.kr/reportAllDetail.es?mid=a10305010000&rpt_no=RES0220230065&rpt_tp=831-002,https://www.kistep.re.kr/reportDownload.es?rpt_no=RES0220230065&seq=res_0026P@4,,,,0,,0,0,官方目录无本地正文,官方目录元数据，附件未列入本批,,2026-08-22
C-KISTEP-RES0220230066,RES0220230066,831-004,성과확산,2023-02-27,W3,핵심기술 R&D 투자의 성과 종합분석 연구 (2022년),엄익천(성과확산센터),"R&D 투자, 핵심기술, 사회‧경제적  파급효과, 책무성, 효과성 분석",韩文,机构正式研究,科技创新政策与能力基线,科研体系、研发投入与评价,P2-STI-baseline,https://www.kistep.re.kr/reportAllDetail.es?mid=a10305010000&rpt_no=RES0220230066&rpt_tp=831-004,https://www.kistep.re.kr/reportDownload.es?rpt_no=RES0220230066&seq=res_0026P@4,,,,0,,0,0,官方目录无本地正文,官方目录元数据，附件未列入本批,,2026-08-22
C-KISTEP-RES0220230068,RES0220230068,831-002,정책기획,2023-02-27,W3,정책 조합 관점에서 정부와 민간 R&D 지원의 최적화 방안 탐색,이현익(R&D예산정책센터),"정부R&D예산정책, 정부R&D지원율, 정책조합, 조세감면, 금융지원",韩文,机构正式研究,科技创新政策与能力基线,科研体系、研发投入与评价,P2-STI-baseline,https://www.kistep.re.kr/reportAllDetail.es?mid=a10305010000&rpt_no=RES0220230068&rpt_tp=831-002,https://www.kistep.re.kr/reportDownload.es?rpt_no=RES0220230068&seq=res_0026P@2,,,,0,,0,0,官方目录无本地正文,官方目录元数据，附件未列入本批,,2026-08-22
C-KISTEP-RES0220230069,RES0220230069,831-005,사업조정,2023-02-27,W3,포스트 코로나 시대 정부R&D 예산편성 전략 연구 - 바이오헬스 분야 미래 시나리오를 중심으로,장정화(R&D예산정책센터),"포스트 코로나, 시나리오 플래닝, 감염병 R&D 예산편성, R&D 포트폴리오, R&D 전략",韩文,机构正式研究,核心科技直接材料,生命科学、生物技术与健康；科研体系、研发投入与评价；科技前瞻与未来社会,P0-core-tech,https://www.kistep.re.kr/reportAllDetail.es?mid=a10305010000&rpt_no=RES0220230069&rpt_tp=831-005,https://www.kistep.re.kr/reportDownload.es?rpt_no=RES0220230069&seq=res_0026P@2,,,,0,,0,0,官方目录无本地正文,官方目录元数据，附件未列入本批,,2026-08-22
C-KISTEP-RES0220230070,RES0220230070,831-002,정책기획,2023-02-27,W3,R&D예산제도 효율화 방안에 관한 연구(Ⅲ),김덕용(R&D예산정책센터),"재정체계, 정부 R&D, 거버넌스, 전략적 지출, 제도개선",韩文,机构正式研究,科技创新政策与能力基线,科研体系、研发投入与评价,P2-STI-baseline,https://www.kistep.re.kr/reportAllDetail.es?mid=a10305010000&rpt_no=RES0220230070&rpt_tp=831-002,https://www.kistep.re.kr/reportDownload.es?rpt_no=RES0220230070&seq=res_0026P@4,,,,0,,0,0,官方目录无本地正文,官方目录元数据，附件未列入本批,,2026-08-22
C-KISTEP-RES0220230071,RES0220230071,831-002,정책기획,2023-02-27,W3,시스템반도체 투자 현황 분석 및 개선방안 연구,김정우(R&D예산정책센터),"시스템반도체, 정부 R&D, 혁신성장, R&D 예산정책, R&D 포트폴리오",韩文,机构正式研究,核心科技直接材料,半导体、量子与战略技术；科研体系、研发投入与评价；产业创新、创业与区域体系,P0-core-tech,https://www.kistep.re.kr/reportAllDetail.es?mid=a10305010000&rpt_no=RES0220230071&rpt_tp=831-002,https://www.kistep.re.kr/reportDownload.es?rpt_no=RES0220230071&seq=res_0026P@2,,,,0,,0,0,官方目录无本地正文,官方目录元数据，附件未列入本批,,2026-08-22
C-KISTEP-RES0220230072,RES0220230072,831-002,정책기획,2023-02-27,W3,2021년도 과학기술분야 중장기계획 조사·분석 및 과학·기술·혁신(STI) 정책 분석,홍정석(과학기술정책센터),"중장기계획, 연계맵, 과학·기술·혁신 정책, 정책분석, 조사·분석",韩文,机构正式研究,科技创新政策与能力基线,产业创新、创业与区域体系,P2-STI-baseline,https://www.kistep.re.kr/reportAllDetail.es?mid=a10305010000&rpt_no=RES0220230072&rpt_tp=831-002,https://www.kistep.re.kr/reportDownload.es?rpt_no=RES0220230072&seq=res_0026P@2,,,,0,,0,0,官方目录无本地正文,官方目录元数据，附件未列入本批,,2026-08-22
C-KISTEP-RES0220230074,RES0220230074,831-002,정책기획,2023-02-27,W3,미래 일자리 변화에 대응한 과학기술인재 역량강화를 위한 재교육 혁신방안 연구 : 중소기업 연구개발인력 대상으로,김인자(인재정책센터),"직무역량, 교육혁신, 재교육, 중소기업, 과학기술인력, R&D인력 ",韩文,机构正式研究,科技创新政策与能力基线,科研体系、研发投入与评价；科技人才、大学与知识流动；产业创新、创业与区域体系；科技前瞻与未来社会,P2-STI-baseline,https://www.kistep.re.kr/reportAllDetail.es?mid=a10305010000&rpt_no=RES0220230074&rpt_tp=831-002,https://www.kistep.re.kr/reportDownload.es?rpt_no=RES0220230074&seq=res_0026P@2,,,,0,,0,0,官方目录无本地正文,官方目录元数据，附件未列入本批,,2026-08-22
C-KISTEP-RES0220230077,RES0220230077,831-005,사업조정,2023-02-27,W3,출연연구기관 예산 체계 고도화 방안 연구,정민우(R&D예산정책센터),"정부, 예산, 출연연, 연구기관, 제언",韩文,机构正式研究,科技创新政策与能力基线,科技创新政策与研究体系,P2-STI-baseline,https://www.kistep.re.kr/reportAllDetail.es?mid=a10305010000&rpt_no=RES0220230077&rpt_tp=831-005,https://www.kistep.re.kr/reportDownload.es?rpt_no=RES0220230077&seq=res_0026P@2,,,,0,,0,0,官方目录无本地正文,官方目录元数据，附件未列入本批,,2026-08-22
C-KISTEP-RES0220230084,RES0220230084,831-005,사업조정,2023-02-27,W3,2022년 정부 R&D 투자시스템의 전략성 진단 및 개선에 관한 연구,"전승수, 김승균(사업조정전략센터)"," R&D 투자시스템, 임무중심 R&D, R&D 투자효율화, R&D 투자 전략, 사업 조정",韩文,机构正式研究,科技创新政策与能力基线,科研体系、研发投入与评价,P2-STI-baseline,https://www.kistep.re.kr/reportAllDetail.es?mid=a10305010000&rpt_no=RES0220230084&rpt_tp=831-005,https://www.kistep.re.kr/reportDownload.es?rpt_no=RES0220230084&seq=res_0026P@8,,,,0,,0,0,官方目录无本地正文,官方目录元数据，附件未列入本批,,2026-08-22
C-KISTEP-RES0220230039,RES0220230039,831-001,조사평가,2023-02-28,W3,국가연구개발사업 간접비 산출 및 제도 운영에 관한 연구,구명회(제도혁신센터),"비영리기관, 간접비고시비율",韩文,机构正式研究,科技创新政策与能力基线,科研体系、研发投入与评价,P2-STI-baseline,https://www.kistep.re.kr/reportAllDetail.es?mid=a10305010000&rpt_no=RES0220230039&rpt_tp=831-001,https://www.kistep.re.kr/reportDownload.es?rpt_no=RES0220230039&seq=res_0026P@3,,,,0,,0,0,官方目录无本地正文,官方目录元数据，附件未列入本批,,2026-08-22
C-KISTEP-RES0220230061,RES0220230061,831-002,정책기획,2023-02-28,W3,2022년 기술혁신 아젠다 발굴 및 R&D 투자전략 수립 연구,전승수(투자기획조정센터),"기획역량, 예산배분, 투자전략, 과학기술, 정책제안",韩文,机构正式研究,科技创新政策与能力基线,科研体系、研发投入与评价；产业创新、创业与区域体系,P2-STI-baseline,https://www.kistep.re.kr/reportAllDetail.es?mid=a10305010000&rpt_no=RES0220230061&rpt_tp=831-002,https://www.kistep.re.kr/reportDownload.es?rpt_no=RES0220230061&seq=res_0026P@3,,,,0,,0,0,官方目录无本地正文,官方目录元数据，附件未列入本批,,2026-08-22
C-KISTEP-RES0220230073,RES0220230073,831-001,조사평가,2023-02-28,W3,과학기술 빅데이터 구축 및 심층분석 연구,"김은정, 유현지(혁신정보분석센터)","국가연구개발사업, 연구개발활동조사, 심층분석, 과학기술, 빅데이터",韩文,机构正式研究,核心科技直接材料,人工智能、数据与数字技术；科研体系、研发投入与评价,P0-core-tech,https://www.kistep.re.kr/reportAllDetail.es?mid=a10305010000&rpt_no=RES0220230073&rpt_tp=831-001,https://www.kistep.re.kr/reportDownload.es?rpt_no=RES0220230073&seq=res_0026P@2,,,,0,,0,0,官方目录无本地正文,官方目录元数据，附件未列入本批,,2026-08-22
C-KISTEP-RES0220230075,RES0220230075,831-005,사업조정,2023-02-28,W3,R&D 투자 의사결정 지원을 위한 인공지능 기반 지능형 분석 모델 개발 시범 연구,김은정(혁신정보분석센터),"인공지능, 지능형 분석, 증거기반, R&D 투자, 의사결정 지원",韩文,机构正式研究,核心科技直接材料,人工智能、数据与数字技术；科研体系、研发投入与评价,P0-core-tech,https://www.kistep.re.kr/reportAllDetail.es?mid=a10305010000&rpt_no=RES0220230075&rpt_tp=831-005,https://www.kistep.re.kr/reportDownload.es?rpt_no=RES0220230075&seq=res_0026P@2,,,,0,,0,0,官方目录无本地正文,官方目录元数据，附件未列入本批,,2026-08-22
C-KISTEP-RES0220230076,RES0220230076,831-004,성과확산,2023-02-28,W3,국가연구개발 연구성과 관리·활용 실태조사 최종보고서,"김남희, 김준희(성과확산센터)","연구성과, 성과활용, 국가연구개발사업, 실태조사",韩文,机构正式研究,科技创新政策与能力基线,科研体系、研发投入与评价,P2-STI-baseline,https://www.kistep.re.kr/reportAllDetail.es?mid=a10305010000&rpt_no=RES0220230076&rpt_tp=831-004,https://www.kistep.re.kr/reportDownload.es?rpt_no=RES0220230076&seq=res_0026P@3,,,,0,,0,0,官方目录无本地正文,官方目录元数据，附件未列入本批,,2026-08-22
C-KISTEP-RES0220230078,RES0220230078,831-005,사업조정,2023-02-28,W3,정부 R&D투자의 전략성 제고를 위한 경제적 효과 예측모형 구축 연구 (III),손영주(R&D예산정책센터),"연구개발 기술분야, 거시경제모형, 경제사회적 효과, 정책분석, 연산가능일반균형",韩文,机构正式研究,科技创新政策与能力基线,科研体系、研发投入与评价；科技前瞻与未来社会,P2-STI-baseline,https://www.kistep.re.kr/reportAllDetail.es?mid=a10305010000&rpt_no=RES0220230078&rpt_tp=831-005,https://www.kistep.re.kr/reportDownload.es?rpt_no=RES0220230078&seq=res_0026P@2,,,,0,,0,0,官方目录无本地正文,官方目录元数据，附件未列入本批,,2026-08-22
C-KISTEP-RES0220230080,RES0220230080,831-004,성과확산,2023-02-28,W3,2022년 연구성과 관리·활용 및 운영지원,"김남희, 김준희(성과확산센터)","연구성과 관리, 연구성과 활용, 연구관리전문기관, 실태조사‧분석, R&D 전주기",韩文,机构正式研究,科技创新政策与能力基线,科研体系、研发投入与评价,P2-STI-baseline,https://www.kistep.re.kr/reportAllDetail.es?mid=a10305010000&rpt_no=RES0220230080&rpt_tp=831-004,https://www.kistep.re.kr/reportDownload.es?rpt_no=RES0220230080&seq=res_0026P@3,,,,0,,0,0,官方目录无本地正文,官方目录元数据，附件未列入本批,,2026-08-22
C-KISTEP-RES0220230081,RES0220230081,831-005,사업조정,2023-02-28,W3,그린바이오 3대 유망 분야별 기술 특성을 고려한 신산업 육성 방안,박지현(생명기초사업센터),"그린바이오, 유망 분야, 기술경쟁력, 신산업, 산업생태계 ",韩文,机构正式研究,核心科技直接材料,生命科学、生物技术与健康；产业创新、创业与区域体系,P0-core-tech,https://www.kistep.re.kr/reportAllDetail.es?mid=a10305010000&rpt_no=RES0220230081&rpt_tp=831-005,https://www.kistep.re.kr/reportDownload.es?rpt_no=RES0220230081&seq=res_0026P@2,,,,0,,0,0,官方目录无本地正文,官方目录元数据，附件未列入本批,,2026-08-22
C-KISTEP-RES0220230083,RES0220230083,831-002,정책기획,2023-02-28,W3,과학기술기본계획 실적점검체계 고도화 방안 연구,양은진(과학기술정책센터),"과학기술기본계획, 성과점검체계, 시행계획 수립지침, 정책 효과성 제고, 정책 간 연계성",韩文,机构正式研究,科技创新政策与能力基线,科研体系、研发投入与评价,P2-STI-baseline,https://www.kistep.re.kr/reportAllDetail.es?mid=a10305010000&rpt_no=RES0220230083&rpt_tp=831-002,https://www.kistep.re.kr/reportDownload.es?rpt_no=RES0220230083&seq=res_0026P@2,,,,0,,0,0,官方目录无本地正文,官方目录元数据，附件未列入本批,,2026-08-22
C-KISTEP-RES0220230087,RES0220230087,831-006,미래예측,2023-02-28,W3,미래 우주전 무기체계 개발을 위한 핵심기술 도출 연구,최충현(투자기획조정센터)," 우주전, 우주력, 우주무기체계, 국방R&D, 기술예측",韩文,机构正式研究,核心科技直接材料,科技前瞻与未来社会；航天、核能与大型技术系统,P0-core-tech,https://www.kistep.re.kr/reportAllDetail.es?mid=a10305010000&rpt_no=RES0220230087&rpt_tp=831-006,https://www.kistep.re.kr/reportDownload.es?rpt_no=RES0220230087&seq=res_0026P@2,,,,0,,0,0,官方目录无本地正文,官方目录元数据，附件未列入本批,,2026-08-22
C-KISTEP-RES0220230088,RES0220230088,831-001,조사평가,2023-02-28,W3,2021년도 연구개발활동조사,김한울(혁신정보분석센터),"연구개발비, 연구개발인력, 공공부문 연구개발, 민간부문 연구개발, 통계",韩文,机构正式研究,科技创新政策与能力基线,科研体系、研发投入与评价；科技人才、大学与知识流动,P2-STI-baseline,https://www.kistep.re.kr/reportAllDetail.es?mid=a10305010000&rpt_no=RES0220230088&rpt_tp=831-001,https://www.kistep.re.kr/reportDownload.es?rpt_no=RES0220230088&seq=res_0026P@10,,,,0,,0,0,官方目录无本地正文,官方目录元数据，附件未列入本批,,2026-08-22
C-KISTEP-RES0220230089,RES0220230089,831-002,정책기획,2023-02-28,W3,혁신성장을 위한 정부R&D 지원 방식 다양성 제고 방안 연구(Ⅱ),심정민(과학기술정책센터),"R&D 지원방식, DARPA, R&D혁신방안, 그랜트, 국가R&D 도전성 강화",韩文,机构正式研究,科技创新政策与能力基线,科研体系、研发投入与评价；产业创新、创业与区域体系,P2-STI-baseline,https://www.kistep.re.kr/reportAllDetail.es?mid=a10305010000&rpt_no=RES0220230089&rpt_tp=831-002,https://www.kistep.re.kr/reportDownload.es?rpt_no=RES0220230089&seq=res_0026P@2,,,,0,,0,0,官方目录无本地正文,官方目录元数据，附件未列入本批,,2026-08-22
C-KISTEP-RES0220230090,RES0220230090,831-002,정책기획,2023-02-28,W3,2022년도 국가 과학기술현황 종합인식조사에 대한 연구,홍세호(과학기술정책센터),"과학기술 정책, 인식, 변화, 연구자, 근거기반",韩文,机构正式研究,科技创新政策与能力基线,科技人才、大学与知识流动,P2-STI-baseline,https://www.kistep.re.kr/reportAllDetail.es?mid=a10305010000&rpt_no=RES0220230090&rpt_tp=831-002,https://www.kistep.re.kr/reportDownload.es?rpt_no=RES0220230090&seq=res_0026P@2,,,,0,,0,0,官方目录无本地正文,官方目录元数据，附件未列入本批,,2026-08-22
C-KISTEP-RES0220230091,RES0220230091,831-001,조사평가,2023-02-28,W3,2021년도 국가연구개발사업 성과분석,정유진(혁신정보분석센터),"국가연구개발사업, 성과분석, SCIE분석",韩文,机构正式研究,科技创新政策与能力基线,科研体系、研发投入与评价,P2-STI-baseline,https://www.kistep.re.kr/reportAllDetail.es?mid=a10305010000&rpt_no=RES0220230091&rpt_tp=831-001,https://www.kistep.re.kr/reportDownload.es?rpt_no=RES0220230091&seq=res_0026P@6,,,,0,,0,0,官方目录无本地正文,官方目录元数据，附件未列入本批,,2026-08-22
C-KISTEP-RES0220230092,RES0220230092,831-002,정책기획,2023-02-28,W3,과학기술기반 경제사회시스템 전환을 위한 임무지향혁신정책 해외사례 분석 및 국정과제를 활용한 정책모형 연구,이승규(R&D예산정책센터),"전환적 혁신 정책, 시스템 혁신, 예산편성,  임무지향혁신정책, 임무지향산업혁신전략, 캔서문샷, 바이오기술 및 바이오제조 행정명령,  아르파에이치",韩文,机构正式研究,核心科技直接材料,生命科学、生物技术与健康；产业创新、创业与区域体系,P0-core-tech,https://www.kistep.re.kr/reportAllDetail.es?mid=a10305010000&rpt_no=RES0220230092&rpt_tp=831-002,https://www.kistep.re.kr/reportDownload.es?rpt_no=RES0220230092&seq=res_0026P@2,,,,0,,0,0,官方目录无本地正文,官方目录元数据，附件未列入本批,,2026-08-22
C-KISTEP-RES0220230006,RES0220230006,831-005,사업조정,2023-03-02,W3,기초연구 R&D 학문분야별 지원현황 분석 및 중장기 개선방안 연구,"안지현, 윤성용(생명기초사업센터)","국가 R&D, 기초연구, 연구자 주도 기초연구, 학문분야별 지원체계",韩文,机构正式研究,科技创新政策与能力基线,科研体系、研发投入与评价；科技人才、大学与知识流动,P2-STI-baseline,https://www.kistep.re.kr/reportAllDetail.es?mid=a10305010000&rpt_no=RES0220230006&rpt_tp=831-005,https://www.kistep.re.kr/reportDownload.es?rpt_no=RES0220230006&seq=res_0026P@2,,,,0,,0,0,官方目录无本地正文,官方目录元数据，附件未列入本批,,2026-08-22
C-KISTEP-RES0220230067,RES0220230067,831-002,정책기획,2023-03-02,W3,지방과학기술정책 발굴 및 이행을 위한 협의체계 개편‧운영,김성진(지역정책팀),"지방과학기술진흥협의회, 지역R&D체계, 지역R&D거버넌스, 지역혁신정책, 지역혁신플랫폼",韩文,机构正式研究,科技创新政策与能力基线,科研体系、研发投入与评价；产业创新、创业与区域体系,P2-STI-baseline,https://www.kistep.re.kr/reportAllDetail.es?mid=a10305010000&rpt_no=RES0220230067&rpt_tp=831-002,https://www.kistep.re.kr/reportDownload.es?rpt_no=RES0220230067&seq=res_0026P@2,,,,0,,0,0,官方目录无本地正文,官方目录元数据，附件未列入本批,,2026-08-22
C-KISTEP-RES0220230093,RES0220230093,831-002,정책기획,2023-03-13,W3,2022년 미래인재특별위원회 운영 지원,박수빈(인재정책센터),"미래인재, 교육, 과학기술, 혁신, 인력정책",韩文,机构正式研究,科技创新政策与能力基线,科技人才、大学与知识流动；产业创新、创业与区域体系；科技前瞻与未来社会,P2-STI-baseline,https://www.kistep.re.kr/reportAllDetail.es?mid=a10305010000&rpt_no=RES0220230093&rpt_tp=831-002,https://www.kistep.re.kr/reportDownload.es?rpt_no=RES0220230093&seq=res_0026P@5,,,,0,,0,0,官方目录无本地正文,官方目录元数据，附件未列入本批,,2026-08-22
C-KISTEP-RES0220230097,RES0220230097,831-001,조사평가,2023-03-13,W3,2021년도 하반기 국가연구개발사업 특정평가(지역R&D 인프라구축 분야),김상일(R&D평가센터),"특정평가, 지역R&D, 사업평가",韩文,机构正式研究,科技创新政策与能力基线,科研体系、研发投入与评价；产业创新、创业与区域体系,P2-STI-baseline,https://www.kistep.re.kr/reportAllDetail.es?mid=a10305010000&rpt_no=RES0220230097&rpt_tp=831-001,https://www.kistep.re.kr/reportDownload.es?rpt_no=RES0220230097&seq=res_0026P@2,,,,0,,0,0,官方目录无本地正文,官方目录元数据，附件未列入本批,,2026-08-22
C-KISTEP-RES0220230095,RES0220230095,831-003,예비타당성조사,2023-03-14,W3,2022년도 예비타당성조사 보고서 순환경제 이행 핵심 기술개발사업,류영수(예비타당성조사1센터),"순환경제, 탄소중립, 자원재활용, 폐기물 감량, 예비타당성조사",韩文,机构正式研究,科技创新政策与能力基线,能源、气候与绿色转型；科研体系、研发投入与评价,P2-STI-baseline,https://www.kistep.re.kr/reportAllDetail.es?mid=a10305010000&rpt_no=RES0220230095&rpt_tp=831-003,https://www.kistep.re.kr/reportDownload.es?rpt_no=RES0220230095&seq=res_0026P@2,,,,0,,0,0,官方目录无本地正文,官方目录元数据，附件未列入本批,,2026-08-22
C-KISTEP-RES0220230096,RES0220230096,831-003,예비타당성조사,2023-03-14,W3,국가연구개발사업 예비타당성조사 2022 연차보고서,류영수(예비타당성조사1센터),"예비타당성조사, 연구개발사업, 예산, 한국과학기술기획평가원, 연차보고서",韩文,机构正式研究,科技创新政策与能力基线,科研体系、研发投入与评价,P2-STI-baseline,https://www.kistep.re.kr/reportAllDetail.es?mid=a10305010000&rpt_no=RES0220230096&rpt_tp=831-003,https://www.kistep.re.kr/reportDownload.es?rpt_no=RES0220230096&seq=res_0026P@4,,,,0,,0,0,官方目录无本地正文,官方目录元数据，附件未列入本批,,2026-08-22
C-KISTEP-RES0220230098,RES0220230098,831-005,사업조정,2023-03-15,W3,제1차 국가연구개발 중장기투자전략(2023~2027),한민규(투자기획조정센터),"과학기술정책, 정부R&D, R&D투자, 투자전략",韩文,机构正式研究,科技创新政策与能力基线,科研体系、研发投入与评价,P2-STI-baseline,https://www.kistep.re.kr/reportAllDetail.es?mid=a10305010000&rpt_no=RES0220230098&rpt_tp=831-005,https://www.kistep.re.kr/reportDownload.es?rpt_no=RES0220230098&seq=res_0026P@2,,,,0,,0,0,官方目录无本地正文,官方目录元数据，附件未列入本批,,2026-08-22
C-KISTEP-RES0220230099,RES0220230099,831-001,조사평가,2023-03-15,W3,과기 출연연 기관평가 전략컨설팅 추진방안에 대한 연구,"우기쁨, 정수현(기관평가팀)","기관평가, 정부출연연구기관, 역할 & 책임, 임무 지향형혁신 정책, 전략컨설팅",韩文,机构正式研究,科技创新政策与能力基线,科研体系、研发投入与评价；产业创新、创业与区域体系,P2-STI-baseline,https://www.kistep.re.kr/reportAllDetail.es?mid=a10305010000&rpt_no=RES0220230099&rpt_tp=831-001,https://www.kistep.re.kr/reportDownload.es?rpt_no=RES0220230099&seq=res_0026P@2,,,,0,,0,0,官方目录无本地正文,官方目录元数据，附件未列入本批,,2026-08-22
C-KISTEP-RES0220230102,RES0220230102,831-002,정책기획,2023-03-20,W3,국가연구개발사업 연구윤리 제도 재정립 및 제재 제도개선 연구,이경재(제도혁신센터),"연구윤리, 국가연구개발, 연구부정행위, 우수사례, 연구문화",韩文,机构正式研究,科技创新政策与能力基线,科研体系、研发投入与评价；技术安全、供应链与国际合作,P2-STI-baseline,https://www.kistep.re.kr/reportAllDetail.es?mid=a10305010000&rpt_no=RES0220230102&rpt_tp=831-002,https://www.kistep.re.kr/reportDownload.es?rpt_no=RES0220230102&seq=res_0026P@3,,,,0,,0,0,官方目录无本地正文,官方目录元数据，附件未列入本批,,2026-08-22
C-KISTEP-RES0220230101,RES0220230101,831-003,예비타당성조사,2023-03-22,W3,2022년도 예비타당성조사 보고서 K-Carbon 플래그십 기술개발사업,류영수(예비타당성조사1센터),"탄소소재, 협력연구개발, 예비타당성조사",韩文,机构正式研究,科技创新政策与能力基线,能源、气候与绿色转型；科研体系、研发投入与评价,P1-global-STI,https://www.kistep.re.kr/reportAllDetail.es?mid=a10305010000&rpt_no=RES0220230101&rpt_tp=831-003,https://www.kistep.re.kr/reportDownload.es?rpt_no=RES0220230101&seq=res_0026P@2,,,,0,,0,0,官方目录无本地正文,官方目录元数据，附件未列入本批,,2026-08-22
C-KISTEP-RES0220230100,RES0220230100,831-006,미래예측,2023-03-23,W3,임무지향적 탄소중립 기술혁신 전략로드맵 수립 연구,조길수(미래기술기획센터),전략로드맵; 탄소중립; 임무지향; 에너지정책; R&D전략,韩文,机构正式研究,科技创新政策与能力基线,能源、气候与绿色转型；产业创新、创业与区域体系,P2-STI-baseline,https://www.kistep.re.kr/reportAllDetail.es?mid=a10305010000&rpt_no=RES0220230100&rpt_tp=831-006,https://www.kistep.re.kr/reportDownload.es?rpt_no=RES0220230100&seq=res_0026P@3,,,,0,,0,0,官方目录无本地正文,官方目录元数据，附件未列入本批,,2026-08-22
C-KISTEP-RES0220230079,RES0220230079,831-002,정책기획,2023-03-24,W3,범부처 통합연구지원시스템 구축 및 운영 지원,신문봉(표준화기획센터),"과제지원시스템, 연구비, 국가연구자정보, 연구관리전문기관, 범부처통합연구지원시스템",韩文,机构正式研究,科技创新政策与能力基线,科研体系、研发投入与评价；科技人才、大学与知识流动,P2-STI-baseline,https://www.kistep.re.kr/reportAllDetail.es?mid=a10305010000&rpt_no=RES0220230079&rpt_tp=831-002,https://www.kistep.re.kr/reportDownload.es?rpt_no=RES0220230079&seq=res_0026P@1,,,,0,,0,0,官方目录无本地正文,官方目录元数据，附件未列入本批,,2026-08-22
C-KISTEP-RES0220230105,RES0220230105,831-002,정책기획,2023-03-27,W3,탄소중립기술특위 운영지원,정선민(미래기술기획센터),"탄소중립, 로드맵, 온실가스, 장기 저탄소 발전 전략, 투자",韩文,机构正式研究,科技创新政策与能力基线,能源、气候与绿色转型；科研体系、研发投入与评价,P2-STI-baseline,https://www.kistep.re.kr/reportAllDetail.es?mid=a10305010000&rpt_no=RES0220230105&rpt_tp=831-002,https://www.kistep.re.kr/reportDownload.es?rpt_no=RES0220230105&seq=res_0026P@3,,,,0,,0,0,官方目录无本地正文,官方目录元数据，附件未列入本批,,2026-08-22
C-KISTEP-RES0220230106,RES0220230106,831-002,정책기획,2023-03-27,W3,연구현장 중심의 국가연구개발사업제도개선에 관한 연구,이경재(제도혁신센터),"국가연구개발혁신법, 국가연구개발혁신법 매뉴얼, R&D 행정 제도개선, R&D 제도문의, 학생인건비, 활동기준원가계산(ABC) ",韩文,机构正式研究,科技创新政策与能力基线,科研体系、研发投入与评价；产业创新、创业与区域体系,P2-STI-baseline,https://www.kistep.re.kr/reportAllDetail.es?mid=a10305010000&rpt_no=RES0220230106&rpt_tp=831-002,https://www.kistep.re.kr/reportDownload.es?rpt_no=RES0220230106&seq=res_0026P@3,,,,0,,0,0,官方目录无本地正文,官方目录元数据，附件未列入本批,,2026-08-22
C-KISTEP-RES0220230107,RES0220230107,831-002,정책기획,2023-03-27,W3,제5차 과학기술기본계획 (2023~2027),심정민(과학기술정책센터),과학기술; 기본계획; 연구개발,韩文,机构正式研究,科技创新政策与能力基线,科研体系、研发投入与评价,P2-STI-baseline,https://www.kistep.re.kr/reportAllDetail.es?mid=a10305010000&rpt_no=RES0220230107&rpt_tp=831-002,https://www.kistep.re.kr/reportDownload.es?rpt_no=RES0220230107&seq=res_0026P@3,,,,0,,0,0,官方目录无本地正文,官方目录元数据，附件未列入本批,,2026-08-22
C-KISTEP-RES0220230109,RES0220230109,831-002,정책기획,2023-03-30,W3,2022년 혁신도전프로젝트 사업 지원,정민형(사업지원팀),"혁신도전, R&D 혁신, 연구개발사업, 미션기반정책, 파괴적혁신",韩文,机构正式研究,科技创新政策与能力基线,科研体系、研发投入与评价；产业创新、创业与区域体系,P2-STI-baseline,https://www.kistep.re.kr/reportAllDetail.es?mid=a10305010000&rpt_no=RES0220230109&rpt_tp=831-002,https://www.kistep.re.kr/reportDownload.es?rpt_no=RES0220230109&seq=res_0026P@3,,,,0,,0,0,官方目录无本地正文,官方目录元数据，附件未列入本批,,2026-08-22
C-KISTEP-RES0220230111,RES0220230111,831-002,정책기획,2023-03-30,W3,임무지향 R&D 평가를 위한 AI 활용 및 신규 평가방법 연구,김현민(R&D평가센터),"임무지향 R&D, 국가연구개발사업평가, 인공지능",韩文,机构正式研究,核心科技直接材料,人工智能、数据与数字技术；科研体系、研发投入与评价,P0-core-tech,https://www.kistep.re.kr/reportAllDetail.es?mid=a10305010000&rpt_no=RES0220230111&rpt_tp=831-002,https://www.kistep.re.kr/reportDownload.es?rpt_no=RES0220230111&seq=res_0026P@3,,,,0,,0,0,官方目录无本地正文,官方目录元数据，附件未列入本批,,2026-08-22
C-KISTEP-RES0220230108,RES0220230108,831-004,성과확산,2023-03-31,W3,2022년 연구성과 확산 정책 수립 및 제도 운영,김홍영(성과확산센터),"연구성과 관리ㆍ활용 실시계획, 성과연감, 효과성 분석, 기술료, 통합성과활용 플랫폼",韩文,机构正式研究,科技创新政策与能力基线,科研体系、研发投入与评价,P2-STI-baseline,https://www.kistep.re.kr/reportAllDetail.es?mid=a10305010000&rpt_no=RES0220230108&rpt_tp=831-004,https://www.kistep.re.kr/reportDownload.es?rpt_no=RES0220230108&seq=res_0026P@3,,,,0,,0,0,官方目录无本地正文,官方目录元数据，附件未列入本批,,2026-08-22
C-KISTEP-RES0220230110,RES0220230110,831-004,성과확산,2023-03-31,W3,2022년 연구관리 전문기관 효율화 개선 연구,김홍영(성과확산센터),연구관리 전문기관; 효율화; 서비스 만족도 조사; 기획·평가·성과관리,韩文,机构正式研究,科技创新政策与能力基线,科研体系、研发投入与评价,P2-STI-baseline,https://www.kistep.re.kr/reportAllDetail.es?mid=a10305010000&rpt_no=RES0220230110&rpt_tp=831-004,https://www.kistep.re.kr/reportDownload.es?rpt_no=RES0220230110&seq=res_0026P@3,,,,0,,0,0,官方目录无本地正文,官方目录元数据，附件未列入本批,,2026-08-22
C-KISTEP-RES0220230113,RES0220230113,831-002,정책기획,2023-03-31,W3,2022년도 성장동력 기획·관리 및 운영,황지호(미래성장전략센터),"성장동력, 정책기획 및 점검, 유망기술 조사분석, 산업 생태계",韩文,机构正式研究,科技创新政策与能力基线,产业创新、创业与区域体系,P2-STI-baseline,https://www.kistep.re.kr/reportAllDetail.es?mid=a10305010000&rpt_no=RES0220230113&rpt_tp=831-002,https://www.kistep.re.kr/reportDownload.es?rpt_no=RES0220230113&seq=res_0026P@2,,,,0,,0,0,官方目录无本地正文,官方目录元数据，附件未列入本批,,2026-08-22
C-KISTEP-RES0220230112,RES0220230112,831-001,조사평가,2023-04-04,W3,국가과학기술자문회의심의회의 및 과학기술관계장관회의를 통한 과학기술혁신 종합조정기능 강화 방안 연구,심정민(과학기술정책센터),"과학기술관계 장관회의, 국가과학기술심의회의, 다부처공동기획사업추진위원회, 소재․부품․장비 기술특별위원회, 중장기계획  조사･분석",韩文,机构正式研究,科技创新政策与能力基线,产业创新、创业与区域体系,P2-STI-baseline,https://www.kistep.re.kr/reportAllDetail.es?mid=a10305010000&rpt_no=RES0220230112&rpt_tp=831-001,https://www.kistep.re.kr/reportDownload.es?rpt_no=RES0220230112&seq=res_0026P@3,,,,0,,0,0,官方目录无本地正文,官方目录元数据，附件未列入本批,,2026-08-22
C-KISTEP-RES0220230115,RES0220230115,831-002,정책기획,2023-04-05,W3,과학기술정책 운영 및 현안 대응,변순천(과학기술정책센터),"과학기술정책, 과학기술기본계획, 정책 부합성, 과학기술현안",韩文,机构正式研究,科技创新政策与能力基线,科研体系、研发投入与评价,P2-STI-baseline,https://www.kistep.re.kr/reportAllDetail.es?mid=a10305010000&rpt_no=RES0220230115&rpt_tp=831-002,https://www.kistep.re.kr/reportDownload.es?rpt_no=RES0220230115&seq=res_0026P@3,,,,0,,0,0,官方目录无本地正文,官方目录元数据，附件未列入本批,,2026-08-22
C-KISTEP-RES0220230116,RES0220230116,831-002,정책기획,2023-04-05,W3,국가필수전략기술 육성보호 종합전략 수립연구①,"황지호, 손석호(미래기술기획센터)","국가필수전략기술, 국가전략기술, 첨단전략기술, 국가전략기술특별법",韩文,机构正式研究,核心科技直接材料,半导体、量子与战略技术,P0-core-tech,https://www.kistep.re.kr/reportAllDetail.es?mid=a10305010000&rpt_no=RES0220230116&rpt_tp=831-002,https://www.kistep.re.kr/reportDownload.es?rpt_no=RES0220230116&seq=res_0026P@3,,,,0,,0,0,官方目录无本地正文,官方目录元数据，附件未列入本批,,2026-08-22
C-KISTEP-RES0220230114,RES0220230114,831-003,예비타당성조사,2023-04-11,W3,국가연구개발사업 예비타당성조사 수행 세부지침(23년 3월),류영수(예비타당성조사1센터),"국가연구개발사업, 예비타당성조사, 세부지침, 개정판, 한국과학기술기획평가원",韩文,机构正式研究,科技创新政策与能力基线,科研体系、研发投入与评价,P2-STI-baseline,https://www.kistep.re.kr/reportAllDetail.es?mid=a10305010000&rpt_no=RES0220230114&rpt_tp=831-003,https://www.kistep.re.kr/reportDownload.es?rpt_no=RES0220230114&seq=res_0026P@4,,,,0,,0,0,官方目录无本地正文,官方目录元数据，附件未列入本批,,2026-08-22
C-KISTEP-RES0220230117,RES0220230117,831-002,정책기획,2023-04-25,W3,국가전략기술 프로젝트 추진체계 구축 및 지원,구본진(미래성장전략센터),"전략기술, 민관협력, 추진체계",韩文,机构正式研究,核心科技直接材料,半导体、量子与战略技术,P0-core-tech,https://www.kistep.re.kr/reportAllDetail.es?mid=a10305010000&rpt_no=RES0220230117&rpt_tp=831-002,https://www.kistep.re.kr/reportDownload.es?rpt_no=RES0220230117&seq=res_0026P@3,,,,0,,0,0,官方目录无本地正文,官方目录元数据，附件未列入本批,,2026-08-22
C-KISTEP-RES0220230118,RES0220230118,831-002,정책기획,2023-04-26,W3,2022 과학기술연감,이미화(과학기술정책센터),"과학기술, 연감, 2022",韩文,机构正式研究,科技创新政策与能力基线,科技创新政策与研究体系,P2-STI-baseline,https://www.kistep.re.kr/reportAllDetail.es?mid=a10305010000&rpt_no=RES0220230118&rpt_tp=831-002,https://www.kistep.re.kr/reportDownload.es?rpt_no=RES0220230118&seq=res_0026P@5,,,,0,,0,0,官方目录无本地正文,官方目录元数据，附件未列入本批,,2026-08-22
C-KISTEP-RES0220230119,RES0220230119,831-003,예비타당성조사,2023-05-04,W3,2022년도 예비타당성조사 보고서 노지농업 디지털 전환 기술개발 사업,류영수(예비타당성조사1센터),"노지농업, 디지털 전환, 스마트농업, 영농서비스, 예비타당성조사",韩文,机构正式研究,核心科技直接材料,人工智能、数据与数字技术；科研体系、研发投入与评价,P0-core-tech,https://www.kistep.re.kr/reportAllDetail.es?mid=a10305010000&rpt_no=RES0220230119&rpt_tp=831-003,https://www.kistep.re.kr/reportDownload.es?rpt_no=RES0220230119&seq=res_0026P@2,,,,0,,0,0,官方目录无本地正文,官方目录元数据，附件未列入本批,,2026-08-22
C-KISTEP-RES0220230121,RES0220230121,831-002,정책기획,2023-05-22,W3,2022년 기초연구진흥협의회 운영 지원,심정민(과학기술정책센터),"기초연구, 정책, 투자",韩文,机构正式研究,科技创新政策与能力基线,科研体系、研发投入与评价,P2-STI-baseline,https://www.kistep.re.kr/reportAllDetail.es?mid=a10305010000&rpt_no=RES0220230121&rpt_tp=831-002,https://www.kistep.re.kr/reportDownload.es?rpt_no=RES0220230121&seq=res_0026P@3,,,,0,,0,0,官方目录无本地正文,官方目录元数据，附件未列入本批,,2026-08-22
C-KISTEP-RES0220230123,RES0220230123,831-002,정책기획,2023-05-24,W3,고경력 과학기술인 인적자원 활용 극대화,김인자(인재정책센터),"고경력 과학기술인,  생애 업적기반 연구개발, 중소기업, 기술경쟁력",韩文,机构正式研究,科技创新政策与能力基线,科研体系、研发投入与评价；产业创新、创业与区域体系,P1-global-STI,https://www.kistep.re.kr/reportAllDetail.es?mid=a10305010000&rpt_no=RES0220230123&rpt_tp=831-002,https://www.kistep.re.kr/reportDownload.es?rpt_no=RES0220230123&seq=res_0026P@3,,,,0,,0,0,官方目录无本地正文,官方目录元数据，附件未列入本批,,2026-08-22
C-KISTEP-RES0220230124,RES0220230124,831-002,정책기획,2023-05-24,W3,과학기술인력양성 추진체계 구축·운영,이원홍(인재정책센터),"과학기술인력, 시행계획, 종합정보시스템, 정책이슈",韩文,机构正式研究,科技创新政策与能力基线,科技人才、大学与知识流动,P2-STI-baseline,https://www.kistep.re.kr/reportAllDetail.es?mid=a10305010000&rpt_no=RES0220230124&rpt_tp=831-002,https://www.kistep.re.kr/reportDownload.es?rpt_no=RES0220230124&seq=res_0026P@2,,,,0,,0,0,官方目录无本地正文,官方目录元数据，附件未列入本批,,2026-08-22
C-KISTEP-RES0220230122,RES0220230122,831-001,조사평가,2023-05-25,W3,2022년도 과학기술정보통신부 직할 출연(연) 및 국가과학기술연구회 기관평가,서지현(기관평가팀),"국가평가체제, 정부출연 연구기관, 성과 목표, 기관평가",韩文,机构正式研究,科技创新政策与能力基线,科研体系、研发投入与评价,P2-STI-baseline,https://www.kistep.re.kr/reportAllDetail.es?mid=a10305010000&rpt_no=RES0220230122&rpt_tp=831-001,https://www.kistep.re.kr/reportDownload.es?rpt_no=RES0220230122&seq=res_0026P@3,,,,0,,0,0,官方目录无本地正文,官方目录元数据，附件未列入本批,,2026-08-22
C-KISTEP-RES0220230125,RES0220230125,831-007,위탁/협동/공동연구보고서,2023-06-29,W3,2022년도 다부처공동기획 활성화 기반 연구,허정(미래성장정책센터),"다부처, 기획 연구, 부처 협력",韩文,机构正式研究,科技创新政策与能力基线,科技创新政策与研究体系,P1-global-STI,https://www.kistep.re.kr/reportAllDetail.es?mid=a10305010000&rpt_no=RES0220230125&rpt_tp=831-007,https://www.kistep.re.kr/reportDownload.es?rpt_no=RES0220230125&seq=res_0026P@3,,,,0,,0,0,官方目录无本地正文,官方目录元数据，附件未列入本批,,2026-08-22
C-KISTEP-RES0220230126,RES0220230126,831-002,정책기획,2023-07-12,W3,국가전략기술 R&D 인력 실태조사,이원홍(인재정책센터),"과학기술인력, 이공계 실태조사, 인력 통계, 국가전략기술",韩文,机构正式研究,核心科技直接材料,半导体、量子与战略技术；科研体系、研发投入与评价；科技人才、大学与知识流动,P0-core-tech,https://www.kistep.re.kr/reportAllDetail.es?mid=a10305010000&rpt_no=RES0220230126&rpt_tp=831-002,https://www.kistep.re.kr/reportDownload.es?rpt_no=RES0220230126&seq=res_0026P@2,,,,0,,0,0,官方目录无本地正文,官方目录元数据，附件未列入本批,,2026-08-22
C-KISTEP-RES0220230127,RES0220230127,831-003,예비타당성조사,2023-07-27,W3,2022년도 예비타당성조사 보고서 핵심전략산업 대응 탄성소재 재도약 사업,류영수(예비타당성조사1센터),"탄성소재, 범용소재, 컴파운딩, 핵심전략산업, 예비타당성조사",韩文,机构正式研究,科技创新政策与能力基线,科研体系、研发投入与评价；产业创新、创业与区域体系,P2-STI-baseline,https://www.kistep.re.kr/reportAllDetail.es?mid=a10305010000&rpt_no=RES0220230127&rpt_tp=831-003,https://www.kistep.re.kr/reportDownload.es?rpt_no=RES0220230127&seq=res_0026P@2,,,,0,,0,0,官方目录无本地正文,官方目录元数据，附件未列入本批,,2026-08-22
C-KISTEP-PRG0720230030,PRG0720230030,831-007,위탁/협동/공동연구보고서,2023-07-31,W3,연구보안관리 실태조사 및 개선방안 연구,장항배(사단법인한국전자거래학회),"국가 연구개발사업, 연구보안, 보안관리 제도, 보안관리 요구사항, 보안관리제도 개선",韩文,机构正式研究,科技创新政策与能力基线,科研体系、研发投入与评价,P2-STI-baseline,https://www.kistep.re.kr/reportAllDetail.es?mid=a10305010000&rpt_no=PRG0720230030&rpt_tp=831-007,https://www.kistep.re.kr/reportDownload.es?rpt_no=PRG0720230030&seq=prg_0071P@8,,,,0,,0,0,官方目录无本地正文,官方目录元数据，附件未列入本批,,2026-08-22
C-KISTEP-RES0220230132,RES0220230132,831-003,예비타당성조사,2023-08-28,W3,2022년도 예비타당성조사 보고서 국가 통합 바이오 빅데이터 구축 사업,류영수(예비타당성조사1센터),"보건의료데이터, 정밀의료, 빅데이터, 인프라, 예비타당성조사",韩文,机构正式研究,核心科技直接材料,人工智能、数据与数字技术；生命科学、生物技术与健康；科研体系、研发投入与评价,P0-core-tech,https://www.kistep.re.kr/reportAllDetail.es?mid=a10305010000&rpt_no=RES0220230132&rpt_tp=831-003,https://www.kistep.re.kr/reportDownload.es?rpt_no=RES0220230132&seq=res_0026P@6,,,,0,,0,0,官方目录无本地正文,官方目录元数据，附件未列入本批,,2026-08-22
C-KISTEP-RES0220230133,RES0220230133,831-001,조사평가,2023-08-28,W3,인체 감염병(진단·백신·치료제) 사업군,이일환(R&D평가센터),"특정평가, 감염병, 연구개발, 국가연구개발사업",韩文,机构正式研究,科技创新政策与能力基线,生命科学、生物技术与健康；科研体系、研发投入与评价,P2-STI-baseline,https://www.kistep.re.kr/reportAllDetail.es?mid=a10305010000&rpt_no=RES0220230133&rpt_tp=831-001,https://www.kistep.re.kr/reportDownload.es?rpt_no=RES0220230133&seq=res_0026P@2,,,,0,,0,0,官方目录无本地正文,官方目录元数据，附件未列入本批,,2026-08-22
C-KISTEP-RES0220230139,RES0220230139,831-003,예비타당성조사,2023-09-12,W3,2022년도 예비타당성조사 보고서 화합물 전력반도체 고도화 기술개발사업,류영수(예비타당성조사1센터),"화합물 반도체, 전력 모듈, 소자 제조 공정, 패키지소재, 예비타당성조사",韩文,机构正式研究,核心科技直接材料,半导体、量子与战略技术；科研体系、研发投入与评价,P0-core-tech,https://www.kistep.re.kr/reportAllDetail.es?mid=a10305010000&rpt_no=RES0220230139&rpt_tp=831-003,https://www.kistep.re.kr/reportDownload.es?rpt_no=RES0220230139&seq=res_0026P@2,,,,0,,0,0,官方目录无本地正文,官方目录元数据，附件未列入本批,,2026-08-22
C-KISTEP-PRG0720230035,PRG0720230035,831-007,위탁/협동/공동연구보고서,2023-09-23,W3,인공지능 기반 R&D 투자 아젠다 발굴 프로세스 정립 연구,김동한((주)어노테이션에이아이),,韩文,机构正式研究,核心科技直接材料,人工智能、数据与数字技术；科研体系、研发投入与评价,P0-core-tech,https://www.kistep.re.kr/reportAllDetail.es?mid=a10305010000&rpt_no=PRG0720230035&rpt_tp=831-007,https://www.kistep.re.kr/reportDownload.es?rpt_no=PRG0720230035&seq=prg_0071P@8,,,,0,,0,0,官方目录无本地正文,官方目录元数据，附件未列入本批,,2026-08-22
C-KISTEP-PRG0720230037,PRG0720230037,831-007,위탁/협동/공동연구보고서,2023-09-25,W3,지역중소기업 R&D 수행실태 분석을 통한 지역별 혁신생태계 제고방안,분리보관((사)한국정책학회),"연구개발, 지역성장, 지역 혁신역량, 중소기업, 지역 위기 극복",韩文,机构正式研究,科技创新政策与能力基线,科研体系、研发投入与评价；产业创新、创业与区域体系,P2-STI-baseline,https://www.kistep.re.kr/reportAllDetail.es?mid=a10305010000&rpt_no=PRG0720230037&rpt_tp=831-007,https://www.kistep.re.kr/reportDownload.es?rpt_no=PRG0720230037&seq=prg_0071P@17,,,,0,,0,0,官方目录无本地正文,官方目录元数据，附件未列入本批,,2026-08-22
C-KISTEP-PRG0720230036,PRG0720230036,831-007,위탁/협동/공동연구보고서,2023-09-30,W3,원자력 우주항공분야 R&D 투자의 사회경제적 파급효과 분석,오인하(사단법인 한국혁신학회),,韩文,机构正式研究,核心科技直接材料,能源、气候与绿色转型；科研体系、研发投入与评价；航天、核能与大型技术系统,P0-core-tech,https://www.kistep.re.kr/reportAllDetail.es?mid=a10305010000&rpt_no=PRG0720230036&rpt_tp=831-007,https://www.kistep.re.kr/reportDownload.es?rpt_no=PRG0720230036&seq=prg_0071P@10,,,,0,,0,0,官方目录无本地正文,官方目录元数据，附件未列入本批,,2026-08-22
C-KISTEP-RES0220230140,RES0220230140,831-003,예비타당성조사,2023-10-19,W3,2022년도 예비타당성조사 보고서 국가로봇테스트필드 구축 사업,류영수(예비타당성조사1센터),"로봇, 테스트필드, 테스트베드, 실증, 예비타당성조사",韩文,机构正式研究,核心科技直接材料,科研体系、研发投入与评价,P0-core-tech,https://www.kistep.re.kr/reportAllDetail.es?mid=a10305010000&rpt_no=RES0220230140&rpt_tp=831-003,https://www.kistep.re.kr/reportDownload.es?rpt_no=RES0220230140&seq=res_0026P@2,,,,0,,0,0,官方目录无本地正文,官方目录元数据，附件未列入本批,,2026-08-22
C-KISTEP-RES0220230141,RES0220230141,831-003,예비타당성조사,2023-10-20,W3,2022년도 예비타당성조사 보고서 한국형 연안재해 대응체계 구축(K-Ocean Watch) 기술개발사업,류영수(예비타당성조사1센터),"연안재해, 대응체계, 위험성 평가, 피해저감, 예비타당성조사",韩文,机构正式研究,科技创新政策与能力基线,科研体系、研发投入与评价,P2-STI-baseline,https://www.kistep.re.kr/reportAllDetail.es?mid=a10305010000&rpt_no=RES0220230141&rpt_tp=831-003,https://www.kistep.re.kr/reportDownload.es?rpt_no=RES0220230141&seq=res_0026P@2,,,,0,,0,0,官方目录无本地正文,官方目录元数据，附件未列入本批,,2026-08-22
C-KISTEP-RES0220230142,RES0220230142,831-003,예비타당성조사,2023-10-23,W3,2022년도 예비타당성조사 보고서 차세대 네트워크(6G) 산업 기술개발사업,류영수(예비타당성조사1센터),"6G, 차세대 통신망, 표준화, 무선통신, 예비타당성조사",韩文,机构正式研究,核心科技直接材料,人工智能、数据与数字技术；科研体系、研发投入与评价；产业创新、创业与区域体系,P0-core-tech,https://www.kistep.re.kr/reportAllDetail.es?mid=a10305010000&rpt_no=RES0220230142&rpt_tp=831-003,https://www.kistep.re.kr/reportDownload.es?rpt_no=RES0220230142&seq=res_0026P@2,,,,0,,0,0,官方目录无本地正文,官方目录元数据，附件未列入本批,,2026-08-22
C-KISTEP-RES0220230143,RES0220230143,831-003,예비타당성조사,2023-10-26,W3,2023년도 예비타당성조사 보고서 한국형 도심항공교통(K-UAM) 안전운용체계 핵심기술개발사업,류영수(예비타당성조사1센터),"한국형 도심항공교통, 안전운용체계, 인증체계, 버티포트, 항공기상, 예비타당성조사",韩文,机构正式研究,科技创新政策与能力基线,科研体系、研发投入与评价；航天、核能与大型技术系统,P2-STI-baseline,https://www.kistep.re.kr/reportAllDetail.es?mid=a10305010000&rpt_no=RES0220230143&rpt_tp=831-003,https://www.kistep.re.kr/reportDownload.es?rpt_no=RES0220230143&seq=res_0026P@2,,,,0,,0,0,官方目录无本地正文,官方目录元数据，附件未列入本批,,2026-08-22
C-KISTEP-PRG0720240032,PRG0720240032,831-007,위탁/협동/공동연구보고서,2023-10-31,W3,2023년 과학기술외교 아카데미 구축·운영,분리보관(국가과학기술인력개발원),"과학기술외교, 과학기술외교인재, 과학기술외교역량, 교육훈련",韩文,机构正式研究,科技创新政策与能力基线,科技人才、大学与知识流动；技术安全、供应链与国际合作,P2-STI-baseline,https://www.kistep.re.kr/reportAllDetail.es?mid=a10305010000&rpt_no=PRG0720240032&rpt_tp=831-007,https://www.kistep.re.kr/reportDownload.es?rpt_no=PRG0720240032&seq=prg_0071P@6,,,,0,,0,0,官方目录无本地正文,官方目录元数据，附件未列入本批,,2026-08-22
C-KISTEP-RES0220230144,RES0220230144,831-001,조사평가,2023-11-13,W3,2022년 국가연구개발사업 조사‧분석 보고서,김한울(혁신정보분석센터),"조사분석, 정부, 연구개발, 투자, 통계",韩文,机构正式研究,科技创新政策与能力基线,科研体系、研发投入与评价,P2-STI-baseline,https://www.kistep.re.kr/reportAllDetail.es?mid=a10305010000&rpt_no=RES0220230144&rpt_tp=831-001,https://www.kistep.re.kr/reportDownload.es?rpt_no=RES0220230144&seq=res_0026P@5,,,,0,,0,0,官方目录无本地正文,官方目录元数据，附件未列入本批,,2026-08-22
C-KISTEP-PRG0720230038,PRG0720230038,831-007,위탁/협동/공동연구보고서,2023-11-15,W3,기술패권 경쟁 대응 국가전략기술 선정 방법론 고도화 연구,이정동(서울대학교 산학협력단)," 국가전략기술, 기술주권, 기술 전망 및 예측, 기술혁신정책",韩文,机构正式研究,核心科技直接材料,半导体、量子与战略技术；产业创新、创业与区域体系；技术安全、供应链与国际合作；科技前瞻与未来社会,P0-core-tech,https://www.kistep.re.kr/reportAllDetail.es?mid=a10305010000&rpt_no=PRG0720230038&rpt_tp=831-007,https://www.kistep.re.kr/reportDownload.es?rpt_no=PRG0720230038&seq=prg_0071P@5,,,,0,,0,0,官方目录无本地正文,官方目录元数据，附件未列入本批,,2026-08-22
C-KISTEP-PRG0720230040,PRG0720230040,831-007,위탁/협동/공동연구보고서,2023-11-21,W3,과학기술 논문성과 분석연구(2008-2022),김선태(전북대학교산학협력단),"논문, 인용, 클라리베이트, 과학기술, 저널",韩文,机构正式研究,科技创新政策与能力基线,科研体系、研发投入与评价,P2-STI-baseline,https://www.kistep.re.kr/reportAllDetail.es?mid=a10305010000&rpt_no=PRG0720230040&rpt_tp=831-007,https://www.kistep.re.kr/reportDownload.es?rpt_no=PRG0720230040&seq=prg_0071P@9,,,,0,,0,0,官方目录无本地正文,官方目录元数据，附件未列入本批,,2026-08-22
C-KISTEP-PRG0720230043,PRG0720230043,831-007,위탁/협동/공동연구보고서,2023-11-28,W3,국가연구개발사업 대학 간접비제도 백서 발간 연구,송완흡((사)바른과학기술사회실현을위한),,韩文,机构正式研究,科技创新政策与能力基线,科研体系、研发投入与评价；科技人才、大学与知识流动,P2-STI-baseline,https://www.kistep.re.kr/reportAllDetail.es?mid=a10305010000&rpt_no=PRG0720230043&rpt_tp=831-007,https://www.kistep.re.kr/reportDownload.es?rpt_no=PRG0720230043&seq=prg_0071P@7,,,,0,,0,0,官方目录无本地正文,官方目录元数据，附件未列入本批,,2026-08-22
C-KISTEP-PRG0720230041,PRG0720230041,831-007,위탁/협동/공동연구보고서,2023-11-30,W3,예비타당성조사 경제성 분석 고도화 연구,백철우(사단법인 한국혁신학회),"예비타당성조사, 경제성, 비용편익분석",韩文,机构正式研究,科技创新政策与能力基线,科研体系、研发投入与评价,P2-STI-baseline,https://www.kistep.re.kr/reportAllDetail.es?mid=a10305010000&rpt_no=PRG0720230041&rpt_tp=831-007,https://www.kistep.re.kr/reportDownload.es?rpt_no=PRG0720230041&seq=prg_0071P@6,,,,0,,0,0,官方目录无本地正文,官方目录元数据，附件未列入本批,,2026-08-22
C-KISTEP-PRG0720230042,PRG0720230042,831-007,위탁/협동/공동연구보고서,2023-11-30,W3,출연연 R&D 성과 제고를 위한 출연연 예산 체계 기반 연구,이준영(충북대학교 산학협력단),"정부 R&D, 예산 제도, 전략적 지출, 성과 분석",韩文,机构正式研究,科技创新政策与能力基线,科研体系、研发投入与评价,P2-STI-baseline,https://www.kistep.re.kr/reportAllDetail.es?mid=a10305010000&rpt_no=PRG0720230042&rpt_tp=831-007,https://www.kistep.re.kr/reportDownload.es?rpt_no=PRG0720230042&seq=prg_0071P@5,,,,0,,0,0,官方目录无本地正文,官方目录元数据，附件未列入本批,,2026-08-22
C-KISTEP-PRG0720230044,PRG0720230044,831-007,위탁/협동/공동연구보고서,2023-11-30,W3,국가기술혁신체계(NIS) 진단·구축을 통한 혁신고도화 방안 연구,이태준((사)한국기술혁신학회),"국가혁신체계, 분석모델, 기술혁신정책, 사례분석",韩文,机构正式研究,科技创新政策与能力基线,产业创新、创业与区域体系,P2-STI-baseline,https://www.kistep.re.kr/reportAllDetail.es?mid=a10305010000&rpt_no=PRG0720230044&rpt_tp=831-007,https://www.kistep.re.kr/reportDownload.es?rpt_no=PRG0720230044&seq=prg_0071P@5,,,,0,,0,0,官方目录无本地正文,官方目录元数据，附件未列入本批,,2026-08-22
C-KISTEP-PRG0720240008,PRG0720240008,831-007,위탁/협동/공동연구보고서,2023-12-22,W3,범부처 연구지원시스템 운영을 위한 사용자 온·오프라인 교육 및 학습 플랫폼 지원_최종보고서,분리보관(국가과학기술인력개발원),"범부처 통합  연구지원시스템,사용자 교육 개발, 연구관리 전문기관",韩文,机构正式研究,科技创新政策与能力基线,科技创新政策与研究体系,P2-STI-baseline,https://www.kistep.re.kr/reportAllDetail.es?mid=a10305010000&rpt_no=PRG0720240008&rpt_tp=831-007,https://www.kistep.re.kr/reportDownload.es?rpt_no=PRG0720240008&seq=prg_0071P@6,,,,0,,0,0,官方目录无本地正文,官方目录元数据，附件未列入本批,,2026-08-22
C-KISTEP-RES0220230154,RES0220230154,831-003,예비타당성조사,2023-12-26,W3,2022년도 예비타당성조사 보고서 달 탐사 2단계(달 착륙선 개발)사업,류영수(예비타당성조사1센터),"달 탐사, 우주, 착륙선, 추진체, 예비타당성조사",韩文,机构正式研究,核心科技直接材料,科研体系、研发投入与评价；航天、核能与大型技术系统,P0-core-tech,https://www.kistep.re.kr/reportAllDetail.es?mid=a10305010000&rpt_no=RES0220230154&rpt_tp=831-003,https://www.kistep.re.kr/reportDownload.es?rpt_no=RES0220230154&seq=res_0026P@5,,,,0,,0,0,官方目录无本地正文,官方目录元数据，附件未列入本批,,2026-08-22
C-KISTEP-RES0220230156,RES0220230156,831-006,미래예측,2023-12-28,W3,과학기술예측조사 실현도 평가를 통한 예측방법론 고도화 연구,조아라(기술예측센터),"과학기술예측, 실현도, 미래기술, 과학기술기본계획",韩文,机构正式研究,科技创新政策与能力基线,科研体系、研发投入与评价；科技前瞻与未来社会,P2-STI-baseline,https://www.kistep.re.kr/reportAllDetail.es?mid=a10305010000&rpt_no=RES0220230156&rpt_tp=831-006,https://www.kistep.re.kr/reportDownload.es?rpt_no=RES0220230156&seq=res_0026P@2,,,,0,,0,0,官方目录无本地正文,官方目录元数据，附件未列入本批,,2026-08-22
C-KISTEP-PRG0720240004,PRG0720240004,831-007,위탁/협동/공동연구보고서,2023-12-31,W3,지역의 국가전략기술 R&D 역량 조사·분석 연구,이방래(한국과학기술정보연구원),,韩文,机构正式研究,核心科技直接材料,半导体、量子与战略技术；科研体系、研发投入与评价；产业创新、创业与区域体系,P0-core-tech,https://www.kistep.re.kr/reportAllDetail.es?mid=a10305010000&rpt_no=PRG0720240004&rpt_tp=831-007,https://www.kistep.re.kr/reportDownload.es?rpt_no=PRG0720240004&seq=prg_0071P@7,,,,0,,0,0,官方目录无本地正文,官方目录元数据，附件未列入本批,,2026-08-22
C-KISTEP-RES0220230157,RES0220230157,831-006,미래예측,2024-01-03,W3,2023년 국가과학기술표준분류체계의 개선 및 활용기반 구축,이상남(기술예측센터),"과학기술, 표준분류체계, 개정수요, 융합연구, 개선",韩文,机构正式研究,科技创新政策与能力基线,科技创新政策与研究体系,P2-STI-baseline,https://www.kistep.re.kr/reportAllDetail.es?mid=a10305010000&rpt_no=RES0220230157&rpt_tp=831-006,https://www.kistep.re.kr/reportDownload.es?rpt_no=RES0220230157&seq=res_0026P@2,,,,0,,0,0,官方目录无本地正文,官方目录元数据，附件未列入本批,,2026-08-22
C-KISTEP-RES0220240001,RES0220240001,831-003,예비타당성조사,2024-01-04,W3,2023년 국가R&D사업 사전분석 전문 네트워크 구축 및 역량 강화,안상진(예비타당성조사2센터),"예비타당성조사, 국가연구 개발사업, R&D 사전분석 콜로키움, 예비타당성조사 교육, 전문가 세미나",韩文,机构正式研究,科技创新政策与能力基线,科研体系、研发投入与评价,P2-STI-baseline,https://www.kistep.re.kr/reportAllDetail.es?mid=a10305010000&rpt_no=RES0220240001&rpt_tp=831-003,https://www.kistep.re.kr/reportDownload.es?rpt_no=RES0220240001&seq=res_0026P@2,,,,0,,0,0,官方目录无本地正文,官方目录元数据，附件未列入本批,,2026-08-22
C-KISTEP-PRG0720240005,PRG0720240005,831-007,위탁/협동/공동연구보고서,2024-01-05,W3,국가연구개발사업 간접비 활동기준원가계산(ABC)을 위한 매뉴얼  제정 연구,조성표(경북대학교 산학협력단)," 연구활동원가, 활동기준원가산출, 국가연구개발사업, 간접비율, 매뉴얼",韩文,机构正式研究,科技创新政策与能力基线,科研体系、研发投入与评价,P2-STI-baseline,https://www.kistep.re.kr/reportAllDetail.es?mid=a10305010000&rpt_no=PRG0720240005&rpt_tp=831-007,https://www.kistep.re.kr/reportDownload.es?rpt_no=PRG0720240005&seq=prg_0071P@7,,,,0,,0,0,官方目录无本地正文,官方目录元数据，附件未列入本批,,2026-08-22
C-KISTEP-RES0220240008,RES0220240008,831-005,사업조정,2024-01-09,W3,근거 기반의 R&D예산 배분조정 체계 구축 - R&D투자 전략 수립 지원,"홍미영, 오건웅(사업조정전략센터)","근거기반, 투자플랫폼, 임무지향R&D, 투자전략 수립, 전략적 예산 배분 조정",韩文,机构正式研究,科技创新政策与能力基线,科研体系、研发投入与评价,P2-STI-baseline,https://www.kistep.re.kr/reportAllDetail.es?mid=a10305010000&rpt_no=RES0220240008&rpt_tp=831-005,https://www.kistep.re.kr/reportDownload.es?rpt_no=RES0220240008&seq=res_0026P@2,,,,0,,0,0,官方目录无本地正文,官方目录元数据，附件未列入本批,,2026-08-22
C-KISTEP-RES0220240004,RES0220240004,831-004,성과확산,2024-01-10,W3,2023년도 과학기술분야 R&D 제도 혁신 기반 연구,정동덕(제도혁신센터),"주요국 R&D제도, 규정, 혁신법, R&D제도 개선",韩文,机构正式研究,科技创新政策与能力基线,科研体系、研发投入与评价；产业创新、创业与区域体系,P2-STI-baseline,https://www.kistep.re.kr/reportAllDetail.es?mid=a10305010000&rpt_no=RES0220240004&rpt_tp=831-004,https://www.kistep.re.kr/reportDownload.es?rpt_no=RES0220240004&seq=res_0026P@2,,,,0,,0,0,官方目录无本地正文,官方目录元数据，附件未列入本批,,2026-08-22
C-KISTEP-RES0220240007,RES0220240007,831-005,사업조정,2024-01-10,W3,소재부품장비 투자전략 고도화를 위한 경제안보 기반의 글로벌 공급망 분석 연구,이승필(성장동력사업센터),"글로벌 공급망, 소재, 부품, 장비, 경제안보",韩文,机构正式研究,核心科技直接材料,科研体系、研发投入与评价；技术安全、供应链与国际合作,P0-core-tech,https://www.kistep.re.kr/reportAllDetail.es?mid=a10305010000&rpt_no=RES0220240007&rpt_tp=831-005,https://www.kistep.re.kr/reportDownload.es?rpt_no=RES0220240007&seq=res_0026P@2,,,,0,,0,0,官方目录无本地正文,官方目录元数据，附件未列入本批,,2026-08-22
C-KISTEP-RES0220240003,RES0220240003,831-003,예비타당성조사,2024-01-12,W3,2023년 R&D사업 예비타당성조사 일관성 제고를 위한 조사 체계 개선 방향 연구,류영수(예비타당성조사1센터),"예비타당성조사, 연구개발 사업, 과학기술적 타당성, 정책적 타당성, 경제적 타당성",韩文,机构正式研究,科技创新政策与能力基线,科研体系、研发投入与评价,P2-STI-baseline,https://www.kistep.re.kr/reportAllDetail.es?mid=a10305010000&rpt_no=RES0220240003&rpt_tp=831-003,https://www.kistep.re.kr/reportDownload.es?rpt_no=RES0220240003&seq=res_0026P@2,,,,0,,0,0,官方目录无本地正文,官方目录元数据，附件未列入本批,,2026-08-22
C-KISTEP-RES0220240010,RES0220240010,831-006,미래예측,2024-01-12,W3,2024년 KISTEP 미래유망기술 선정에 관한 연구,박창현(기술예측센터),"기술예측, 유망기술, 미래기술, 과학기술",韩文,机构正式研究,科技创新政策与能力基线,科技前瞻与未来社会,P2-STI-baseline,https://www.kistep.re.kr/reportAllDetail.es?mid=a10305010000&rpt_no=RES0220240010&rpt_tp=831-006,https://www.kistep.re.kr/reportDownload.es?rpt_no=RES0220240010&seq=res_0026P@2,,,,0,,0,0,官方目录无本地正文,官方目录元数据，附件未列入本批,,2026-08-22
C-KISTEP-RES0220240011,RES0220240011,831-002,정책기획,2024-01-15,W3,2024년 국가 과학기술혁신 및 R&D 발전전략을 위한 'KISTEP Think 2024' 핵심 아젠다 발굴 연구,"강현규, 이민정(전략기획센터)","과학기술혁신정책, 연구개발전략, 핵심 아젠다, 씽크 탱크",韩文,机构正式研究,科技创新政策与能力基线,科研体系、研发投入与评价；产业创新、创业与区域体系,P2-STI-baseline,https://www.kistep.re.kr/reportAllDetail.es?mid=a10305010000&rpt_no=RES0220240011&rpt_tp=831-002,https://www.kistep.re.kr/reportDownload.es?rpt_no=RES0220240011&seq=res_0026P@2,,,,0,,0,0,官方目录无本地正文,官方目录元数据，附件未列入本批,,2026-08-22
C-KISTEP-RES0220240009,RES0220240009,831-007,위탁/협동/공동연구보고서,2024-01-16,W3,국가R&D 기획‧관리 지원서비스 구축,조성식(NTIS팀),"국가과학기술지식정보서비스, R&D 사업관리, 국가연구개발사업 조사·분석, 예산정보, 정책정보, 전주기정보, 과학기술통계, 성과평가",韩文,机构正式研究,科技创新政策与能力基线,科研体系、研发投入与评价；科技人才、大学与知识流动,P2-STI-baseline,https://www.kistep.re.kr/reportAllDetail.es?mid=a10305010000&rpt_no=RES0220240009&rpt_tp=831-007,https://www.kistep.re.kr/reportDownload.es?rpt_no=RES0220240009&seq=res_0026P@2,,,,0,,0,0,官方目录无本地正文,官方目录元数据，附件未列入本批,,2026-08-22
C-KISTEP-RES0220240013,RES0220240013,831-005,사업조정,2024-01-18,W3,2023년도 글로벌 R&D 투자동향 분석,홍미영(사업조정전략센터),"R&D예산, R&D정택, R&D 예산제도, 정부R&D투자방향, 투자 전략성",韩文,机构正式研究,科技创新政策与能力基线,科研体系、研发投入与评价,P1-global-STI,https://www.kistep.re.kr/reportAllDetail.es?mid=a10305010000&rpt_no=RES0220240013&rpt_tp=831-005,https://www.kistep.re.kr/reportDownload.es?rpt_no=RES0220240013&seq=res_0026P@2,,,,0,,0,0,官方目录无本地正文,官方目录元数据，附件未列入本批,,2026-08-22
C-KISTEP-RES0220240014,RES0220240014,831-002,정책기획,2024-01-19,W3,국가전략기술 분야별 주요 이슈 감지 방법론 연구: 인공지능 기술 활용을 중심으로,구본진(미래기술기획센터)," 국가전략기술, 이슈 감지, 이슈 감지 방법론",韩文,机构正式研究,核心科技直接材料,人工智能、数据与数字技术；半导体、量子与战略技术,P0-core-tech,https://www.kistep.re.kr/reportAllDetail.es?mid=a10305010000&rpt_no=RES0220240014&rpt_tp=831-002,https://www.kistep.re.kr/reportDownload.es?rpt_no=RES0220240014&seq=res_0026P@2,,,,0,,0,0,官方目录无本地正文,官方目录元数据，附件未列入本批,,2026-08-22
C-KISTEP-RES0220230148,RES0220230148,831-002,정책기획,2024-01-25,W3,근거기반 과학기술협력 아젠다 발굴 고도화 연구,조하나(국제협력정책센터),"과학기술외교, 국제협력, 근거기반 방법론, 아젠다 발굴, 정성·정량분석",韩文,机构正式研究,科技创新政策与能力基线,技术安全、供应链与国际合作,P1-global-STI,https://www.kistep.re.kr/reportAllDetail.es?mid=a10305010000&rpt_no=RES0220230148&rpt_tp=831-002,https://www.kistep.re.kr/reportDownload.es?rpt_no=RES0220230148&seq=res_0026P@2,,,,0,,0,0,官方目录无本地正文,官方目录元数据，附件未列入本批,,2026-08-22
C-KISTEP-RES0220240006,RES0220240006,831-002,정책기획,2024-01-25,W3,2023년 과학기술외교·국제협력 스코어보드 구축 연구,문태석(국제협력정책센터),"과학기술외교, 과학기술 국제협력, 스코어보드, 지표, 통계",韩文,机构正式研究,科技创新政策与能力基线,技术安全、供应链与国际合作,P1-global-STI,https://www.kistep.re.kr/reportAllDetail.es?mid=a10305010000&rpt_no=RES0220240006&rpt_tp=831-002,https://www.kistep.re.kr/reportDownload.es?rpt_no=RES0220240006&seq=res_0026P@4,,,,0,,0,0,官方目录无本地正文,官方目录元数据，附件未列入本批,,2026-08-22
C-KISTEP-RES0220240012,RES0220240012,831-005,사업조정,2024-01-27,W3,출연(연) 사업의 국가전략기술 연계 현황 분석 및 시사점 도출,이현경(투자기획조정센터),"정부출연연구소, 국가전략기술, 역할과 책임, 공공수요, 협업연구",韩文,机构正式研究,核心科技直接材料,半导体、量子与战略技术,P0-core-tech,https://www.kistep.re.kr/reportAllDetail.es?mid=a10305010000&rpt_no=RES0220240012&rpt_tp=831-005,https://www.kistep.re.kr/reportDownload.es?rpt_no=RES0220240012&seq=res_0026P@2,,,,0,,0,0,官方目录无本地正文,官方目录元数据，附件未列入本批,,2026-08-22
C-KISTEP-RES0220240016,RES0220240016,831-006,미래예측,2024-01-29,W3,2023년 미래 불확실성에 대응하는 환경변화 탐색 및 대응방안 연구,임현(기술예측센터),"예측, 불확실성, 미래이슈, 환경 스캐닝, 협력",韩文,机构正式研究,科技创新政策与能力基线,科技前瞻与未来社会,P1-global-STI,https://www.kistep.re.kr/reportAllDetail.es?mid=a10305010000&rpt_no=RES0220240016&rpt_tp=831-006,https://www.kistep.re.kr/reportDownload.es?rpt_no=RES0220240016&seq=res_0026P@2,,,,0,,0,0,官方目录无本地正文,官方目录元数据，附件未列入本批,,2026-08-22
C-KISTEP-RES0220240015,RES0220240015,831-004,성과확산,2024-01-30,W3,핵심기술 R&D 투자의 성과 종합분석 연구 (2023년),박정일(성과확산센터),"성과분석, 핵심기술, 사회경제적 파급효과, 책무성, 사업화",韩文,机构正式研究,科技创新政策与能力基线,科研体系、研发投入与评价；产业创新、创业与区域体系,P2-STI-baseline,https://www.kistep.re.kr/reportAllDetail.es?mid=a10305010000&rpt_no=RES0220240015&rpt_tp=831-004,https://www.kistep.re.kr/reportDownload.es?rpt_no=RES0220240015&seq=res_0026P@2,,,,0,,0,0,官方目录无本地正文,官方目录元数据，附件未列入本批,,2026-08-22
C-KISTEP-RES0220240020,RES0220240020,831-002,정책기획,2024-01-31,W3,범부처 사회문제해결 기반구축사업,박노언(사회혁신정책센터),"과학기술 기반 사회문제해결, 고령화, 사이버범죄, 협력, 플랫폼",韩文,机构正式研究,核心科技直接材料,人工智能、数据与数字技术,P0-core-tech,https://www.kistep.re.kr/reportAllDetail.es?mid=a10305010000&rpt_no=RES0220240020&rpt_tp=831-002,https://www.kistep.re.kr/reportDownload.es?rpt_no=RES0220240020&seq=res_0026P@2,,,,0,,0,0,官方目录无本地正文,官方目录元数据，附件未列入本批,,2026-08-22
C-KISTEP-RES0220240021,RES0220240021,831-004,성과확산,2024-01-31,W3,글로벌 과학기술혁신 역량 및 전문성 제고,강진원(국제협력정책센터),"과학기술혁신, 과학기술외교, 글로벌 네트워크, 성과 확산, 영문 출판",韩文,机构正式研究,科技创新政策与能力基线,科研体系、研发投入与评价；产业创新、创业与区域体系；技术安全、供应链与国际合作,P1-global-STI,https://www.kistep.re.kr/reportAllDetail.es?mid=a10305010000&rpt_no=RES0220240021&rpt_tp=831-004,https://www.kistep.re.kr/reportDownload.es?rpt_no=RES0220240021&seq=res_0026P@2,,,,0,,0,0,官方目录无本地正文,官方目录元数据，附件未列入本批,,2026-08-22
C-KISTEP-RES0220240022,RES0220240022,831-003,예비타당성조사,2024-01-31,W3,2023년도 예비타당성조사 보고서 신산업 대응 차세대 공통·핵심 뿌리기술개발 사업,강현규(예비타당성조사1센터),"뿌리(공정)기술, 협력연구개발, 예비타당성조사",韩文,机构正式研究,科技创新政策与能力基线,科研体系、研发投入与评价；产业创新、创业与区域体系,P1-global-STI,https://www.kistep.re.kr/reportAllDetail.es?mid=a10305010000&rpt_no=RES0220240022&rpt_tp=831-003,https://www.kistep.re.kr/reportDownload.es?rpt_no=RES0220240022&seq=res_0026P@2,,,,0,,0,0,官方目录无本地正文,官方目录元数据，附件未列入本批,,2026-08-22
C-KISTEP-RES0220240025,RES0220240025,831-002,정책기획,2024-01-31,W3,이슈페이퍼 및 정책브리프 발간을 통한 정책역량 강화방안 연구,강현규(전략기획센터),"과학기술혁신, KISTEP 이슈페이퍼, KISTEP 정책브리프",韩文,机构正式研究,科技创新政策与能力基线,产业创新、创业与区域体系,P2-STI-baseline,https://www.kistep.re.kr/reportAllDetail.es?mid=a10305010000&rpt_no=RES0220240025&rpt_tp=831-002,https://www.kistep.re.kr/reportDownload.es?rpt_no=RES0220240025&seq=res_0026P@2,,,,0,,0,0,官方目录无本地正文,官方目录元数据，附件未列入本批,,2026-08-22
C-KISTEP-RES0220240026,RES0220240026,831-002,정책기획,2024-02-05,W3,2023년 과학기술 국제협력 네트워크 구축 및 강화 연구,김혜나(국제협력정책센터),"과학기술혁신, 국제협력, 네트워크, 개도국, 교육훈련 프로그램",韩文,机构正式研究,科技创新政策与能力基线,产业创新、创业与区域体系；技术安全、供应链与国际合作,P1-global-STI,https://www.kistep.re.kr/reportAllDetail.es?mid=a10305010000&rpt_no=RES0220240026&rpt_tp=831-002,https://www.kistep.re.kr/reportDownload.es?rpt_no=RES0220240026&seq=res_0026P@2,,,,0,,0,0,官方目录无本地正文,官方目录元数据，附件未列入本批,,2026-08-22
C-KISTEP-RES0220240023,RES0220240023,831-002,정책기획,2024-02-07,W3,연구개발지원단 육성지원사업(정책연구센터),권명화(지역혁신정책센터),"연구개발지원단, 지역 R&D, R&D 기반 혁신 시스템, 지역 R&D 효율성 제고, 지역 R&D 조사·분석 ",韩文,机构正式研究,科技创新政策与能力基线,科研体系、研发投入与评价；产业创新、创业与区域体系,P2-STI-baseline,https://www.kistep.re.kr/reportAllDetail.es?mid=a10305010000&rpt_no=RES0220240023&rpt_tp=831-002,https://www.kistep.re.kr/reportDownload.es?rpt_no=RES0220240023&seq=res_0026P@2,,,,0,,0,0,官方目录无本地正文,官方目录元数据，附件未列入本批,,2026-08-22
C-KISTEP-RES0220240029,RES0220240029,831-006,미래예측,2024-02-07,W3,2023년 기술영향평가,정의진(기술예측센터),"기술영향평가, 유망기술, 시민참여, 미래예측",韩文,机构正式研究,科技创新政策与能力基线,科研体系、研发投入与评价；科技前瞻与未来社会,P2-STI-baseline,https://www.kistep.re.kr/reportAllDetail.es?mid=a10305010000&rpt_no=RES0220240029&rpt_tp=831-006,https://www.kistep.re.kr/reportDownload.es?rpt_no=RES0220240029&seq=res_0026P@2,,,,0,,0,0,官方目录无本地正文,官方目录元数据，附件未列入本批,,2026-08-22
C-KISTEP-RES0220240034,RES0220240034,831-005,사업조정,2024-02-13,W3,이해관계자의 정책가치를 고려한 중소기업 기술혁신지원정책 고도화 방안 연구,"진영현, 김주일(성장동력사업센터)","중소기업, 기술혁신정책, 정책가치, 이해관계자, 포커스그룹인터뷰",韩文,机构正式研究,科技创新政策与能力基线,产业创新、创业与区域体系,P2-STI-baseline,https://www.kistep.re.kr/reportAllDetail.es?mid=a10305010000&rpt_no=RES0220240034&rpt_tp=831-005,https://www.kistep.re.kr/reportDownload.es?rpt_no=RES0220240034&seq=res_0026P@2,,,,0,,0,0,官方目录无本地正文,官方目录元数据，附件未列入本批,,2026-08-22
C-KISTEP-RES0220240032,RES0220240032,831-002,정책기획,2024-02-14,W3,글로벌 기술패권 경쟁 대응 기술주권 주요 이슈 심층분석 및 전략수립 방법론 고도화 연구,황지호(미래기술기획센터),"미래기술, 전략기술, 기술주권, 심층분석, 연구개발사업",韩文,机构正式研究,核心科技直接材料,半导体、量子与战略技术；科研体系、研发投入与评价；技术安全、供应链与国际合作；科技前瞻与未来社会,P0-core-tech,https://www.kistep.re.kr/reportAllDetail.es?mid=a10305010000&rpt_no=RES0220240032&rpt_tp=831-002,https://www.kistep.re.kr/reportDownload.es?rpt_no=RES0220240032&seq=res_0026P@2,,,,0,,0,0,官方目录无本地正文,官方目录元数据，附件未列入本批,,2026-08-22
C-KISTEP-RES0220240028,RES0220240028,831-002,정책기획,2024-02-15,W3,탄소중립 기술특위 운영지원,정선민(기술예측센터),"탄소중립, 로드맵, 온실가스, 장기 저탄소 발전 전략, 투자",韩文,机构正式研究,科技创新政策与能力基线,能源、气候与绿色转型；科研体系、研发投入与评价,P2-STI-baseline,https://www.kistep.re.kr/reportAllDetail.es?mid=a10305010000&rpt_no=RES0220240028&rpt_tp=831-002,https://www.kistep.re.kr/reportDownload.es?rpt_no=RES0220240028&seq=res_0026P@3,,,,0,,0,0,官方目录无本地正文,官方目录元数据，附件未列入本批,,2026-08-22
C-KISTEP-RES0220240030,RES0220240030,831-006,미래예측,2024-02-15,W3,탄소중립 기술혁신 전략고도화 및 정책 기반 조성 연구,조길수(기술예측센터),탄소중립; 에너지 전환; 핵심기술; 전략로드맵; 임무지향,韩文,机构正式研究,科技创新政策与能力基线,能源、气候与绿色转型；产业创新、创业与区域体系,P2-STI-baseline,https://www.kistep.re.kr/reportAllDetail.es?mid=a10305010000&rpt_no=RES0220240030&rpt_tp=831-006,https://www.kistep.re.kr/reportDownload.es?rpt_no=RES0220240030&seq=res_0026P@2,,,,0,,0,0,官方目录无本地正文,官方目录元数据，附件未列入本批,,2026-08-22
C-KISTEP-RES0220240035,RES0220240035,831-001,조사평가,2024-02-15,W3,2023년도 국가연구개발사업 상위점검 보고서(중간평가),이일환(R&D평가센터),"국가연구개발사업, 중간평가, 자체평가, 상위점검",韩文,机构正式研究,科技创新政策与能力基线,科研体系、研发投入与评价,P2-STI-baseline,https://www.kistep.re.kr/reportAllDetail.es?mid=a10305010000&rpt_no=RES0220240035&rpt_tp=831-001,https://www.kistep.re.kr/reportDownload.es?rpt_no=RES0220240035&seq=res_0026P@2,,,,0,,0,0,官方目录无本地正文,官方目录元数据，附件未列入本批,,2026-08-22
C-KISTEP-RES0220240036,RES0220240036,831-004,성과확산,2024-02-15,W3,전문기관-전담기관의 국가연구개발 성과관리 역할 재정립 연구,"강문상, 김행미(성과확산센터)"," 성과정보,성과관리, 성과관리 가치사슬, 전문기관, 전담기관",韩文,机构正式研究,科技创新政策与能力基线,科研体系、研发投入与评价,P2-STI-baseline,https://www.kistep.re.kr/reportAllDetail.es?mid=a10305010000&rpt_no=RES0220240036&rpt_tp=831-004,https://www.kistep.re.kr/reportDownload.es?rpt_no=RES0220240036&seq=res_0026P@2,,,,0,,0,0,官方目录无本地正文,官方目录元数据，附件未列入本批,,2026-08-22
C-KISTEP-RES0220240037,RES0220240037,831-001,조사평가,2024-02-15,W3,정부R&D 등록·기탁 성과물 심층분석 연구,김준희(성과확산센터),"정부R&D, R&D성과, R&D 성과정책, R&D 성과관리·활용, R&D 등록·기탁 성과물",韩文,机构正式研究,科技创新政策与能力基线,科研体系、研发投入与评价,P2-STI-baseline,https://www.kistep.re.kr/reportAllDetail.es?mid=a10305010000&rpt_no=RES0220240037&rpt_tp=831-001,https://www.kistep.re.kr/reportDownload.es?rpt_no=RES0220240037&seq=res_0026P@2,,,,0,,0,0,官方目录无本地正文,官方目录元数据，附件未列入本批,,2026-08-22
C-KISTEP-RES0220240018,RES0220240018,831-001,조사평가,2024-02-19,W3,학생인건비통합관리제 기획 및 운영,박일주(제도혁신센터),"학생인건비, 학생연구자",韩文,机构正式研究,科技创新政策与能力基线,科技人才、大学与知识流动,P2-STI-baseline,https://www.kistep.re.kr/reportAllDetail.es?mid=a10305010000&rpt_no=RES0220240018&rpt_tp=831-001,https://www.kistep.re.kr/reportDownload.es?rpt_no=RES0220240018&seq=res_0026P@7,,,,0,,0,0,官方目录无本地正文,官方目录元数据，附件未列入本批,,2026-08-22
C-KISTEP-RES0220240042,RES0220240042,831-004,성과확산,2024-02-19,W3,연구지원 체계평가 운영에 관한 연구,황병용(제도혁신센터),"국가연구개발, 연구지원역량, 연구지원체계, 대학",韩文,机构正式研究,科技创新政策与能力基线,科研体系、研发投入与评价；科技人才、大学与知识流动,P2-STI-baseline,https://www.kistep.re.kr/reportAllDetail.es?mid=a10305010000&rpt_no=RES0220240042&rpt_tp=831-004,https://www.kistep.re.kr/reportDownload.es?rpt_no=RES0220240042&seq=res_0026P@3,,,,0,,0,0,官方目录无本地正文,官方目录元数据，附件未列入本批,,2026-08-22
C-KISTEP-RES0220240047,RES0220240047,831-002,정책기획,2024-02-19,W3,한국형 국가기술혁신체계(NIS) 진단 및 구축방안 연구(Ⅳ),"최대승, 강현규(전략기획센터)"," 국가기술 혁신체계, 기술혁신, 기술혁신 전략, NIS 분석 체계, 한국형 국가기술 혁신체계",韩文,机构正式研究,科技创新政策与能力基线,产业创新、创业与区域体系,P2-STI-baseline,https://www.kistep.re.kr/reportAllDetail.es?mid=a10305010000&rpt_no=RES0220240047&rpt_tp=831-002,https://www.kistep.re.kr/reportDownload.es?rpt_no=RES0220240047&seq=res_0026P@2,,,,0,,0,0,官方目录无本地正文,官方目录元数据，附件未列入本批,,2026-08-22
C-KISTEP-RES0220240027,RES0220240027,831-001,조사평가,2024-02-22,W3,2023년 과학기술통계 분석 및 백서 발간,한웅용(혁신정보분석센터),"과학기술, 통계, 지표, 지수, 백서, 추세",韩文,机构正式研究,科技创新政策与能力基线,科技创新政策与研究体系,P2-STI-baseline,https://www.kistep.re.kr/reportAllDetail.es?mid=a10305010000&rpt_no=RES0220240027&rpt_tp=831-001,https://www.kistep.re.kr/reportDownload.es?rpt_no=RES0220240027&seq=res_0026P@2,,,,0,,0,0,官方目录无本地正文,官方目录元数据，附件未列入本批,,2026-08-22
C-KISTEP-RES0220240031,RES0220240031,831-001,조사평가,2024-02-22,W3,2023년 국가 과학기술혁신역량평가 연구,"김은정, 변영호(혁신정보분석센터)",과학기술 혁신역량 혁신역량 지수 OECD 과학기술 국가혁신역량,韩文,机构正式研究,科技创新政策与能力基线,科研体系、研发投入与评价；产业创新、创业与区域体系,P2-STI-baseline,https://www.kistep.re.kr/reportAllDetail.es?mid=a10305010000&rpt_no=RES0220240031&rpt_tp=831-001,https://www.kistep.re.kr/reportDownload.es?rpt_no=RES0220240031&seq=res_0026P@4,,,,0,,0,0,官方目录无本地正文,官方目录元数据，附件未列入本批,,2026-08-22
C-KISTEP-RES0220240039,RES0220240039,831-001,조사평가,2024-02-22,W3,2023년도 과학기술분야 출연연구기관 상위평가 보고서,이일환(R&D평가센터),"국가연구개발사업, 기관평가, 연구개발 효율성, 연구개발 성과, 과학기술",韩文,机构正式研究,科技创新政策与能力基线,科研体系、研发投入与评价,P2-STI-baseline,https://www.kistep.re.kr/reportAllDetail.es?mid=a10305010000&rpt_no=RES0220240039&rpt_tp=831-001,https://www.kistep.re.kr/reportDownload.es?rpt_no=RES0220240039&seq=res_0026P@2,,,,0,,0,0,官方目录无本地正文,官方目录元数据，附件未列入本批,,2026-08-22
C-KISTEP-RES0220240048,RES0220240048,831-001,조사평가,2024-02-22,W3,2023년 과학기술정책의 과학화 기반구축 연구,김은정(혁신정보분석센터),"증거 기반 의사결정 지원, 빅데이터, 인공지능, 심층·지능형 분석, 디지털 플랫폼",韩文,机构正式研究,核心科技直接材料,人工智能、数据与数字技术；科研体系、研发投入与评价,P0-core-tech,https://www.kistep.re.kr/reportAllDetail.es?mid=a10305010000&rpt_no=RES0220240048&rpt_tp=831-001,https://www.kistep.re.kr/reportDownload.es?rpt_no=RES0220240048&seq=res_0026P@2,,,,0,,0,0,官方目录无本地正文,官方目录元数据，附件未列入本批,,2026-08-22
C-KISTEP-RES0220240051,RES0220240051,831-007,위탁/협동/공동연구보고서,2024-02-22,W3,2023년 연구자권익보호위원회 운영,이경재(제도혁신센터),"연구자, 권익보호, 위원회, 운영, 재검토",韩文,机构正式研究,科技创新政策与能力基线,科技人才、大学与知识流动,P2-STI-baseline,https://www.kistep.re.kr/reportAllDetail.es?mid=a10305010000&rpt_no=RES0220240051&rpt_tp=831-007,https://www.kistep.re.kr/reportDownload.es?rpt_no=RES0220240051&seq=res_0026P@3,,,,0,,0,0,官方目录无本地正文,官方目录元数据，附件未列入本批,,2026-08-22
C-KISTEP-RES0220240054,RES0220240054,831-001,조사평가,2024-02-22,W3,2022년도 연구개발활동조사,이새롬(혁신정보분석센터),"연구개발비, 연구개발인력, 공공부문연구개발, 민간부문연구개발, 통계",韩文,机构正式研究,科技创新政策与能力基线,科研体系、研发投入与评价；科技人才、大学与知识流动,P2-STI-baseline,https://www.kistep.re.kr/reportAllDetail.es?mid=a10305010000&rpt_no=RES0220240054&rpt_tp=831-001,https://www.kistep.re.kr/reportDownload.es?rpt_no=RES0220240054&seq=res_0026P@4,,,,0,,0,0,官方目录无本地正文,官方目录元数据，附件未列入本批,,2026-08-22
C-KISTEP-RES0220240057,RES0220240057,831-001,조사평가,2024-02-22,W3,국가연구개발사업 간접비 산출 및 제도 운영에 관한 연구,구명회(제도혁신센터),"국가연구개발사업, 비영리기관, 간접비고시비율",韩文,机构正式研究,科技创新政策与能力基线,科研体系、研发投入与评价,P2-STI-baseline,https://www.kistep.re.kr/reportAllDetail.es?mid=a10305010000&rpt_no=RES0220240057&rpt_tp=831-001,https://www.kistep.re.kr/reportDownload.es?rpt_no=RES0220240057&seq=res_0026P@3,,,,0,,0,0,官方目录无本地正文,官方目录元数据，附件未列入本批,,2026-08-22
C-KISTEP-RES0220240058,RES0220240058,831-004,성과확산,2024-02-22,W3,R&D 기술사업화 지원조직의 협력 제고 방안 연구,"김주희, 김소라(성과확산센터)","공공부문, 기술사업화, 협업 관리, 협업 유형, 사업화 역량",韩文,机构正式研究,科技创新政策与能力基线,科研体系、研发投入与评价；产业创新、创业与区域体系,P1-global-STI,https://www.kistep.re.kr/reportAllDetail.es?mid=a10305010000&rpt_no=RES0220240058&rpt_tp=831-004,https://www.kistep.re.kr/reportDownload.es?rpt_no=RES0220240058&seq=res_0026P@2,,,,0,,0,0,官方目录无本地正文,官方目录元数据，附件未列入本批,,2026-08-22
C-KISTEP-RES0220240060,RES0220240060,831-001,조사평가,2024-02-22,W3,과기정통부 직할 기관평가 개선방안 연구 - 연구기관 특성을 고려한 연구결과 영향력 평가 기준 도출,우기쁨(기관평가팀),"기관평가, 정부출연연구기관, 임무 지향형 혁신 정책,연구성과 파급효과, 영향력 평가",韩文,机构正式研究,科技创新政策与能力基线,科研体系、研发投入与评价；产业创新、创业与区域体系,P2-STI-baseline,https://www.kistep.re.kr/reportAllDetail.es?mid=a10305010000&rpt_no=RES0220240060&rpt_tp=831-001,https://www.kistep.re.kr/reportDownload.es?rpt_no=RES0220240060&seq=res_0026P@2,,,,0,,0,0,官方目录无本地正文,官方目录元数据，附件未列入本批,,2026-08-22
C-KISTEP-RES0220240063,RES0220240063,831-002,정책기획,2024-02-22,W3,임무지향형 사회문제해결 R&D 전주기 프로세스 고도화 연구,"박노언, 김지홍(사회혁신정책센터)","임무지향, 현장실증, 사회문제해결, 과학기술",韩文,机构正式研究,科技创新政策与能力基线,科研体系、研发投入与评价,P2-STI-baseline,https://www.kistep.re.kr/reportAllDetail.es?mid=a10305010000&rpt_no=RES0220240063&rpt_tp=831-002,https://www.kistep.re.kr/reportDownload.es?rpt_no=RES0220240063&seq=res_0026P@2,,,,0,,0,0,官方目录无本地正文,官方目录元数据，附件未列入本批,,2026-08-22
C-KISTEP-RES0220240064,RES0220240064,831-001,조사평가,2024-02-22,W3,2023년 성과평가 정책수립·운영 및 성과평가 실시,이일환(R&D평가센터),"국가연구개발사업평가, 특정평가, 성과평가 포럼, 실시계획, 전략계획서",韩文,机构正式研究,科技创新政策与能力基线,科研体系、研发投入与评价,P2-STI-baseline,https://www.kistep.re.kr/reportAllDetail.es?mid=a10305010000&rpt_no=RES0220240064&rpt_tp=831-001,https://www.kistep.re.kr/reportDownload.es?rpt_no=RES0220240064&seq=res_0026P@3,,,,0,,0,0,官方目录无本地正文,官方目录元数据，附件未列入本批,,2026-08-22
C-KISTEP-PRG0720240024,PRG0720240024,831-007,위탁/협동/공동연구보고서,2024-02-26,W3,국내 대학원 연구환경 분석 및 개선 방향 도출,길준석(과학기술경제연구소 주식회사),"대학원 연구실, 대학원생 처우, 과학·기술 인재, 연구 환경, 대학원 교육",韩文,机构正式研究,科技创新政策与能力基线,科技人才、大学与知识流动,P2-STI-baseline,https://www.kistep.re.kr/reportAllDetail.es?mid=a10305010000&rpt_no=PRG0720240024&rpt_tp=831-007,https://www.kistep.re.kr/reportDownload.es?rpt_no=PRG0720240024&seq=prg_0071P@5,,,,0,,0,0,官方目录无本地正文,官方目录元数据，附件未列入本批,,2026-08-22
C-KISTEP-RES0220230153,RES0220230153,831-001,조사평가,2024-02-26,W3,국가연구개발사업 특정평가 운용 및 수행 방안 표준화 연구,이준환(R&D평가센터),"특정평가, 사업평가, 성과평가, 개선적 평가, 정성적 방법",韩文,机构正式研究,科技创新政策与能力基线,科研体系、研发投入与评价,P2-STI-baseline,https://www.kistep.re.kr/reportAllDetail.es?mid=a10305010000&rpt_no=RES0220230153&rpt_tp=831-001,https://www.kistep.re.kr/reportDownload.es?rpt_no=RES0220230153&seq=res_0026P@2,,,,0,,0,0,官方目录无本地正文,官方目录元数据，附件未列入本批,,2026-08-22
C-KISTEP-RES0220240043,RES0220240043,831-005,사업조정,2024-02-26,W3,2023년 데이터 기반 R&D예산배분조정 지원체계 구축 연구,이일환(거대공공사업센터),"재난·안전, 증거기반, 데이터기반, 예산배분조정, 의사결정 지원",韩文,机构正式研究,核心科技直接材料,人工智能、数据与数字技术,P0-core-tech,https://www.kistep.re.kr/reportAllDetail.es?mid=a10305010000&rpt_no=RES0220240043&rpt_tp=831-005,https://www.kistep.re.kr/reportDownload.es?rpt_no=RES0220240043&seq=res_0026P@2,,,,0,,0,0,官方目录无本地正文,官方目录元数据，附件未列入本批,,2026-08-22
C-KISTEP-RES0220240044,RES0220240044,831-005,사업조정,2024-02-26,W3,국방R&D의 민간 참여 확대를 위한 제도 개선 방안 연구,최충현(투자기획조정센터),"국방R&D, 민군기술협력, R&D 정책, 정부연구개발",韩文,机构正式研究,科技创新政策与能力基线,科研体系、研发投入与评价,P1-global-STI,https://www.kistep.re.kr/reportAllDetail.es?mid=a10305010000&rpt_no=RES0220240044&rpt_tp=831-005,https://www.kistep.re.kr/reportDownload.es?rpt_no=RES0220240044&seq=res_0026P@2,,,,0,,0,0,官方目录无本地正文,官方目录元数据，附件未列入本批,,2026-08-22
C-KISTEP-RES0220240050,RES0220240050,831-002,정책기획,2024-02-26,W3,2023년 과학기술혁신정책 스코어보드 개발 연구,오현환(인재정책센터),"스코어보드, 과학기술인력, 지역, 혁신역량, 사회문제",韩文,机构正式研究,科技创新政策与能力基线,科技人才、大学与知识流动；产业创新、创业与区域体系,P2-STI-baseline,https://www.kistep.re.kr/reportAllDetail.es?mid=a10305010000&rpt_no=RES0220240050&rpt_tp=831-002,https://www.kistep.re.kr/reportDownload.es?rpt_no=RES0220240050&seq=res_0026P@28,,,,0,,0,0,官方目录无本地正文,官方目录元数据，附件未列入本批,,2026-08-22
C-KISTEP-RES0220240059,RES0220240059,831-005,사업조정,2024-02-26,W3,정부의 기업 R&D 재정지원 전략성 강화를 위한 정책 연계 방안 탐색 연구,윤수진(R&D예산정책센터)," 정부R&D예산정책, 정부R&D 투자전략성 강화, 정책연계, 기업R&D, 금융지원",韩文,机构正式研究,科技创新政策与能力基线,科研体系、研发投入与评价；产业创新、创业与区域体系,P2-STI-baseline,https://www.kistep.re.kr/reportAllDetail.es?mid=a10305010000&rpt_no=RES0220240059&rpt_tp=831-005,https://www.kistep.re.kr/reportDownload.es?rpt_no=RES0220240059&seq=res_0026P@2,,,,0,,0,0,官方目录无本地正文,官方目录元数据，附件未列入本批,,2026-08-22
C-KISTEP-RES0220240066,RES0220240066,831-003,예비타당성조사,2024-02-26,W3,2023년도 국가연구개발사업 예비타당성조사 대상선정,안병민(예비타당성조사3센터),"예타 대상선정, 기술성평가",韩文,机构正式研究,科技创新政策与能力基线,科研体系、研发投入与评价,P2-STI-baseline,https://www.kistep.re.kr/reportAllDetail.es?mid=a10305010000&rpt_no=RES0220240066&rpt_tp=831-003,https://www.kistep.re.kr/reportDownload.es?rpt_no=RES0220240066&seq=res_0026P@4,,,,0,,0,0,官方目录无本地正文,官方目录元数据，附件未列入本批,,2026-08-22
C-KISTEP-RES0220240067,RES0220240067,831-001,조사평가,2024-02-26,W3,2022년도 국가연구개발사업 성과분석 보고서,정유진(혁신정보분석센터),"국가연구개발사업, 성과분석, SCIE분석",韩文,机构正式研究,科技创新政策与能力基线,科研体系、研发投入与评价,P2-STI-baseline,https://www.kistep.re.kr/reportAllDetail.es?mid=a10305010000&rpt_no=RES0220240067&rpt_tp=831-001,https://www.kistep.re.kr/reportDownload.es?rpt_no=RES0220240067&seq=res_0026P@4,,,,0,,0,0,官方目录无本地正文,官方目录元数据，附件未列入本批,,2026-08-22
C-KISTEP-RES0220240068,RES0220240068,831-005,사업조정,2024-02-26,W3,연구자 주도 기초연구의 전략성 제고 방안 연구 - 국가전략기술 지원 중심으로 -,김기백(생명기초사업센터),"국가연구개발, 연구자 주도 기초연구, 국가전략기술, 증거 기반 정책 수립, 정책대안",韩文,机构正式研究,核心科技直接材料,半导体、量子与战略技术；科研体系、研发投入与评价；科技人才、大学与知识流动,P0-core-tech,https://www.kistep.re.kr/reportAllDetail.es?mid=a10305010000&rpt_no=RES0220240068&rpt_tp=831-005,https://www.kistep.re.kr/reportDownload.es?rpt_no=RES0220240068&seq=res_0026P@3,,,,0,,0,0,官方目录无本地正文,官方目录元数据，附件未列入本批,,2026-08-22
C-KISTEP-RES0220240070,RES0220240070,831-005,사업조정,2024-02-26,W3,근거 기반 민-관 R&D 협업체계 고도화 방안 연구 - 반도체 산업을 중심으로,채명식(성장동력사업센터),"반도체 산업, R&D전략, 정부R&D, 민-관역할분담, 역량지표",韩文,机构正式研究,核心科技直接材料,半导体、量子与战略技术；科研体系、研发投入与评价；产业创新、创业与区域体系,P0-core-tech,https://www.kistep.re.kr/reportAllDetail.es?mid=a10305010000&rpt_no=RES0220240070&rpt_tp=831-005,https://www.kistep.re.kr/reportDownload.es?rpt_no=RES0220240070&seq=res_0026P@2,,,,0,,0,0,官方目录无本地正文,官方目录元数据，附件未列入本批,,2026-08-22
C-KISTEP-RES0220240074,RES0220240074,831-005,사업조정,2024-02-26,W3,바이오 클러스터 운영체계 개선을 통한 효율화 방안 연구,"김주원, 김종란(생명기초사업센터)","바이오 클러스터, 산업클러스터, 수준진단 지표, 지역균형발전",韩文,机构正式研究,核心科技直接材料,生命科学、生物技术与健康；产业创新、创业与区域体系,P0-core-tech,https://www.kistep.re.kr/reportAllDetail.es?mid=a10305010000&rpt_no=RES0220240074&rpt_tp=831-005,https://www.kistep.re.kr/reportDownload.es?rpt_no=RES0220240074&seq=res_0026P@4,,,,0,,0,0,官方目录无本地正文,官方目录元数据，附件未列入本批,,2026-08-22
C-KISTEP-RES0220240075,RES0220240075,831-005,사업조정,2024-02-26,W3,2023년 개방형 포럼 방식을 활용한 과학기술 이슈 연구,전승수(거대공공사업센터),"혁신성장, 과학기술혁신, 개방형 포럼, 민관 협력, 정책 대안 ",韩文,机构正式研究,科技创新政策与能力基线,产业创新、创业与区域体系,P1-global-STI,https://www.kistep.re.kr/reportAllDetail.es?mid=a10305010000&rpt_no=RES0220240075&rpt_tp=831-005,https://www.kistep.re.kr/reportDownload.es?rpt_no=RES0220240075&seq=res_0026P@2,,,,0,,0,0,官方目录无本地正文,官方目录元数据，附件未列入本批,,2026-08-22
C-KISTEP-RES0220240005,RES0220240005,831-002,정책기획,2024-02-27,W3,민간혁신 활성화를 위한 기술혁신 및 ESG 활동과 기업성과 간의 영향에 대한 실증연구,"배용국, 김유신(과학기술정책센터)","민간, 혁신, 연구개발, ESG, 성과",韩文,机构正式研究,科技创新政策与能力基线,科研体系、研发投入与评价；产业创新、创业与区域体系,P2-STI-baseline,https://www.kistep.re.kr/reportAllDetail.es?mid=a10305010000&rpt_no=RES0220240005&rpt_tp=831-002,https://www.kistep.re.kr/reportDownload.es?rpt_no=RES0220240005&seq=res_0026P@2,,,,0,,0,0,官方目录无本地正文,官方目录元数据，附件未列入本批,,2026-08-22
C-KISTEP-RES0220240038,RES0220240038,831-005,사업조정,2024-02-27,W3,2023년 전략적 R&D예산 배분 및 편성을 위한 정책기반 구축에 관한 연구,류영수(R&D예산정책센터)," R&D예산, R&D정책, 예산배분, 정부연구개발, 투자효율화",韩文,机构正式研究,科技创新政策与能力基线,科研体系、研发投入与评价,P2-STI-baseline,https://www.kistep.re.kr/reportAllDetail.es?mid=a10305010000&rpt_no=RES0220240038&rpt_tp=831-005,https://www.kistep.re.kr/reportDownload.es?rpt_no=RES0220240038&seq=res_0026P@2,,,,0,,0,0,官方目录无本地正文,官方目录元数据，附件未列入本批,,2026-08-22
C-KISTEP-RES0220240040,RES0220240040,831-004,성과확산,2024-02-27,W3,2023년 연구성과 관리활용 및 운영지원,"김주희, 김준희(성과확산센터)","연구성과 관리, 연구성과 활용, 연구관리전문기관, 실태조사‧분석, 연구성과 관리·유통 전담기관",韩文,机构正式研究,科技创新政策与能力基线,科研体系、研发投入与评价,P2-STI-baseline,https://www.kistep.re.kr/reportAllDetail.es?mid=a10305010000&rpt_no=RES0220240040&rpt_tp=831-004,https://www.kistep.re.kr/reportDownload.es?rpt_no=RES0220240040&seq=res_0026P@5,,,,0,,0,0,官方目录无本地正文,官方目录元数据，附件未列入本批,,2026-08-22
C-KISTEP-RES0220240046,RES0220240046,831-001,조사평가,2024-02-27,W3,2023년 지방과학기술연감,안소희(지역혁신정책센터),"지역, 지역혁신체계, 지방과학기술, 지역 연구개발, 지역R&D 실태조사",韩文,机构正式研究,科技创新政策与能力基线,科研体系、研发投入与评价；产业创新、创业与区域体系,P2-STI-baseline,https://www.kistep.re.kr/reportAllDetail.es?mid=a10305010000&rpt_no=RES0220240046&rpt_tp=831-001,https://www.kistep.re.kr/reportDownload.es?rpt_no=RES0220240046&seq=res_0026P@2,,,,0,,0,0,官方目录无本地正文,官方目录元数据，附件未列入本批,,2026-08-22
C-KISTEP-RES0220240055,RES0220240055,831-004,성과확산,2024-02-27,W3,국가연구개발 연구성과 관리·활용 실태조사,"김주희, 김준희(성과확산센터)","연구성과, 성과활용, 국가연구개발사업, 실태조사",韩文,机构正式研究,科技创新政策与能力基线,科研体系、研发投入与评价,P2-STI-baseline,https://www.kistep.re.kr/reportAllDetail.es?mid=a10305010000&rpt_no=RES0220240055&rpt_tp=831-004,https://www.kistep.re.kr/reportDownload.es?rpt_no=RES0220240055&seq=res_0026P@5,,,,0,,0,0,官方目录无本地正文,官方目录元数据，附件未列入本批,,2026-08-22
C-KISTEP-RES0220240056,RES0220240056,831-005,사업조정,2024-02-27,W3,2023년 기술혁신 아젠다 발굴 및 R&D 투자전략 수립 연구,전승수(성장동력사업센터)," 기획역량, 예산배분, 투자전략, 과학기술, 정책제안",韩文,机构正式研究,科技创新政策与能力基线,科研体系、研发投入与评价；产业创新、创业与区域体系,P2-STI-baseline,https://www.kistep.re.kr/reportAllDetail.es?mid=a10305010000&rpt_no=RES0220240056&rpt_tp=831-005,https://www.kistep.re.kr/reportDownload.es?rpt_no=RES0220240056&seq=res_0026P@4,,,,0,,0,0,官方目录无本地正文,官方目录元数据，附件未列入本批,,2026-08-22
C-KISTEP-RES0220240061,RES0220240061,831-002,정책기획,2024-02-27,W3,2023년 글로벌 과학기술 & ICT 정책 기술 동향 분석,이미화(과학기술정책센터),"혁신전략, 미래기술, 신성장동력, 국가혁신시스템, 지역혁신시스템",韩文,机构正式研究,科技创新政策与能力基线,产业创新、创业与区域体系；科技前瞻与未来社会,P1-global-STI,https://www.kistep.re.kr/reportAllDetail.es?mid=a10305010000&rpt_no=RES0220240061&rpt_tp=831-002,https://www.kistep.re.kr/reportDownload.es?rpt_no=RES0220240061&seq=res_0026P@2,,,,0,,0,0,官方目录无本地正文,官方目录元数据，附件未列入本批,,2026-08-22
C-KISTEP-RES0220240062,RES0220240062,831-005,사업조정,2024-02-27,W3,「新성장 4.0 전략」 이행력 제고를 위한  정부 R&D 투자전략 탐색 연구,장정화(R&D예산정책센터),"○ 신성장4.0 전략, 성장동력, 정부R&D, R&D투자전략, R&D포트폴리오",韩文,机构正式研究,科技创新政策与能力基线,科研体系、研发投入与评价,P2-STI-baseline,https://www.kistep.re.kr/reportAllDetail.es?mid=a10305010000&rpt_no=RES0220240062&rpt_tp=831-005,https://www.kistep.re.kr/reportDownload.es?rpt_no=RES0220240062&seq=res_0026P@2,,,,0,,0,0,官方目录无本地正文,官方目录元数据，附件未列入本批,,2026-08-22
C-KISTEP-RES0220240069,RES0220240069,831-005,사업조정,2024-02-27,W3,TLO 역할을 중심으로 한 기술사업화 성과제고 및 스케일업 방안 연구,손영주(R&D예산정책센터)," 정부R&D정책, 기술사업화, 기술이전사무소, 신호 게임, 호텔링 모형",韩文,机构正式研究,科技创新政策与能力基线,科研体系、研发投入与评价；产业创新、创业与区域体系,P2-STI-baseline,https://www.kistep.re.kr/reportAllDetail.es?mid=a10305010000&rpt_no=RES0220240069&rpt_tp=831-005,https://www.kistep.re.kr/reportDownload.es?rpt_no=RES0220240069&seq=res_0026P@2,,,,0,,0,0,官方目录无本地正文,官方目录元数据，附件未列入本批,,2026-08-22
C-KISTEP-RES0220240073,RES0220240073,831-001,조사평가,2024-02-27,W3,2023년 지역R&D 실태조사,안소희(지역혁신정책센터),"지역, 지역혁신체계, 지방과학기술, 지역 연구개발, 지역R&D 실태조사",韩文,机构正式研究,科技创新政策与能力基线,科研体系、研发投入与评价；产业创新、创业与区域体系,P2-STI-baseline,https://www.kistep.re.kr/reportAllDetail.es?mid=a10305010000&rpt_no=RES0220240073&rpt_tp=831-001,https://www.kistep.re.kr/reportDownload.es?rpt_no=RES0220240073&seq=res_0026P@2,,,,0,,0,0,官方目录无本地正文,官方目录元数据，附件未列入本批,,2026-08-22
C-KISTEP-RES0220240002,RES0220240002,831-002,정책기획,2024-02-28,W3,과학기술외교 추진전략 및 체계기반 구축 연구,김혜나(국제협력정책센터),"과학기술외교, 과학기술협력 전략, 과학기술협력, 통계체계, 과학기술외교 포럼, 과학기술외교 교육･훈련",韩文,机构正式研究,科技创新政策与能力基线,技术安全、供应链与国际合作,P1-global-STI,https://www.kistep.re.kr/reportAllDetail.es?mid=a10305010000&rpt_no=RES0220240002&rpt_tp=831-002,https://www.kistep.re.kr/reportDownload.es?rpt_no=RES0220240002&seq=res_0026P@2,,,,0,,0,0,官方目录无本地正文,官方目录元数据，附件未列入本批,,2026-08-22
C-KISTEP-RES0220240076,RES0220240076,831-002,정책기획,2024-02-28,W3,2022년도 과학기술분야 중장기계획 조사·분석,홍정석(과학기술정책센터),"중장기계획, 연계맵, 과학·기술·혁신 정책, 정책분석, 조사·분석",韩文,机构正式研究,科技创新政策与能力基线,产业创新、创业与区域体系,P2-STI-baseline,https://www.kistep.re.kr/reportAllDetail.es?mid=a10305010000&rpt_no=RES0220240076&rpt_tp=831-002,https://www.kistep.re.kr/reportDownload.es?rpt_no=RES0220240076&seq=res_0026P@2,,,,0,,0,0,官方目录无本地正文,官方目录元数据，附件未列入本批,,2026-08-22
C-KISTEP-RES0220240079,RES0220240079,831-006,미래예측,2024-02-28,W3,2022년 기술수준평가,이희권(기술예측센터),"기술수준평가, 국가전략기술, 델파이 설문조사, 정량적 분석, 특허 분석",韩文,机构正式研究,核心科技直接材料,半导体、量子与战略技术；科研体系、研发投入与评价,P0-core-tech,https://www.kistep.re.kr/reportAllDetail.es?mid=a10305010000&rpt_no=RES0220240079&rpt_tp=831-006,https://www.kistep.re.kr/reportDownload.es?rpt_no=RES0220240079&seq=res_0026P@3,,,,0,,0,0,官方目录无本地正文,官方目录元数据，附件未列入本批,,2026-08-22
C-KISTEP-RES0220240080,RES0220240080,831-002,정책기획,2024-02-28,W3,2023년도 과학기술분야 정책점검 체계 구축 및  국가과학기술현황 종합인식조사 연구,최창택(과학기술정책센터),"정책점검, 정책과정, 과학기술 기본계획, 종합 인식조사, 인식지표",韩文,机构正式研究,科技创新政策与能力基线,科技创新政策与研究体系,P2-STI-baseline,https://www.kistep.re.kr/reportAllDetail.es?mid=a10305010000&rpt_no=RES0220240080&rpt_tp=831-002,https://www.kistep.re.kr/reportDownload.es?rpt_no=RES0220240080&seq=res_0026P@5,,,,0,,0,0,官方目录无本地正文,官方目录元数据，附件未列入本批,,2026-08-22
C-KISTEP-RES0220240045,RES0220240045,831-002,정책기획,2024-02-29,W3,인구구조 변화 대응을 위한 과학기술혁신 정책 방향,오현환(과학기술정책센터)," 과학기술혁신정책, 인텔리전스, 확산, KISTEP 이슈페이퍼, KISTEP 정책브리프",韩文,机构正式研究,科技创新政策与能力基线,产业创新、创业与区域体系,P2-STI-baseline,https://www.kistep.re.kr/reportAllDetail.es?mid=a10305010000&rpt_no=RES0220240045&rpt_tp=831-002,https://www.kistep.re.kr/reportDownload.es?rpt_no=RES0220240045&seq=res_0026P@4,,,,0,,0,0,官方目录无本地正文,官方目录元数据，附件未列入本批,,2026-08-22
C-KISTEP-RES0220240083,RES0220240083,831-002,정책기획,2024-02-29,W3,사회문제해결 과학기술혁신정책과 국가연구개발사업의 임무 지향성 변화 분석,기지훈(사회혁신정책센터)," 사회문제해결, 종합 계획, 국가연구개발사업, 성과 관리, 임무 지향 혁신 정책",韩文,机构正式研究,科技创新政策与能力基线,科研体系、研发投入与评价；产业创新、创业与区域体系,P2-STI-baseline,https://www.kistep.re.kr/reportAllDetail.es?mid=a10305010000&rpt_no=RES0220240083&rpt_tp=831-002,https://www.kistep.re.kr/reportDownload.es?rpt_no=RES0220240083&seq=res_0026P@4,,,,0,,0,0,官方目录无本地正文,官方目录元数据，附件未列入本批,,2026-08-22
C-KISTEP-RES0220240081,RES0220240081,831-002,정책기획,2024-03-04,W3,2023년 지역 R&D 체계 발전 방향에 관한 연구,김동현(지역혁신정책센터),"지역혁신체제, 지역 연구개발 정책, 지역 허브, 주요국 정책동향, 지방과학기술",韩文,机构正式研究,科技创新政策与能力基线,科研体系、研发投入与评价；产业创新、创业与区域体系,P2-STI-baseline,https://www.kistep.re.kr/reportAllDetail.es?mid=a10305010000&rpt_no=RES0220240081&rpt_tp=831-002,https://www.kistep.re.kr/reportDownload.es?rpt_no=RES0220240081&seq=res_0026P@5,,,,0,,0,0,官方目录无本地正文,官方目录元数据，附件未列入本批,,2026-08-22
C-KISTEP-RES0220240084,RES0220240084,831-005,사업조정,2024-03-04,W3,반도체 초격차 기술 확보를 위한 공공Fab 기능 고도화 방안 연구,정두엽(성장동력사업센터),"반도체 기술, 공공Fab, 기능 고도화, 해외사례, 운영요소",韩文,机构正式研究,核心科技直接材料,半导体、量子与战略技术,P0-core-tech,https://www.kistep.re.kr/reportAllDetail.es?mid=a10305010000&rpt_no=RES0220240084&rpt_tp=831-005,https://www.kistep.re.kr/reportDownload.es?rpt_no=RES0220240084&seq=res_0026P@2,,,,0,,0,0,官方目录无本地正文,官方目录元数据，附件未列入本批,,2026-08-22
C-KISTEP-RES0220240077,RES0220240077,831-002,정책기획,2024-03-05,W3,제6차 지방과학기술진흥종합계획의 효율적 이행을 위한 지역과학기술 혁신제도 구축 및 협업과제 발굴,이충현(지역혁신정책센터),"제6차 지방과학기술 진흥종합계획, 지방R&D정책, 지방R&D예산, 지역과학기술혁신계획, 지역 R&D 기획역량",韩文,机构正式研究,科技创新政策与能力基线,科研体系、研发投入与评价；产业创新、创业与区域体系,P2-STI-baseline,https://www.kistep.re.kr/reportAllDetail.es?mid=a10305010000&rpt_no=RES0220240077&rpt_tp=831-002,https://www.kistep.re.kr/reportDownload.es?rpt_no=RES0220240077&seq=res_0026P@2,,,,0,,0,0,官方目录无本地正文,官方目录元数据，附件未列入本批,,2026-08-22
C-KISTEP-RES0220240078,RES0220240078,831-002,정책기획,2024-03-05,W3,지방과학기술진흥협의회 운영 및 지역 혁신정책 아젠다 발굴,이충현(지역혁신정책센터),"지방과학기술진흥협의회, 지역R&D체계, 지역R&D거버넌스, 지역혁신정책",韩文,机构正式研究,科技创新政策与能力基线,产业创新、创业与区域体系,P2-STI-baseline,https://www.kistep.re.kr/reportAllDetail.es?mid=a10305010000&rpt_no=RES0220240078&rpt_tp=831-002,https://www.kistep.re.kr/reportDownload.es?rpt_no=RES0220240078&seq=res_0026P@2,,,,0,,0,0,官方目录无本地正文,官方目录元数据，附件未列入本批,,2026-08-22
C-KISTEP-RES0220240086,RES0220240086,831-003,예비타당성조사,2024-03-12,W3,2022년도 예비타당성조사 보고서 바이오파운드리 인프라 및 활용기반 구축 사업,강현규(예비타당성조사1센터),"바이오파운드리, 합성생물학, 설계-구축-시험-해석, 바이오제조, 예비타당성조사",韩文,机构正式研究,核心科技直接材料,生命科学、生物技术与健康；科研体系、研发投入与评价,P0-core-tech,https://www.kistep.re.kr/reportAllDetail.es?mid=a10305010000&rpt_no=RES0220240086&rpt_tp=831-003,https://www.kistep.re.kr/reportDownload.es?rpt_no=RES0220240086&seq=res_0026P@2,,,,0,,0,0,官方目录无本地正文,官方目录元数据，附件未列入本批,,2026-08-22
C-KISTEP-RES0220240085,RES0220240085,831-003,예비타당성조사,2024-03-13,W3,국가연구개발사업 예비타당성조사 2023 연차보고서,강현규(예비타당성조사1센터),"예비타당성조사, 연구개발사업, 예산, 한국과학기술기획평가원, 연차보고서",韩文,机构正式研究,科技创新政策与能力基线,科研体系、研发投入与评价,P2-STI-baseline,https://www.kistep.re.kr/reportAllDetail.es?mid=a10305010000&rpt_no=RES0220240085&rpt_tp=831-003,https://www.kistep.re.kr/reportDownload.es?rpt_no=RES0220240085&seq=res_0026P@2,,,,0,,0,0,官方目录无本地正文,官方目录元数据，附件未列入本批,,2026-08-22
C-KISTEP-RES0220240087,RES0220240087,831-002,정책기획,2024-03-13,W3,국가연구개발사업 연구윤리 제도 재정립 및 제재 제도개선 연구(2023),정동덕(제도혁신센터),"연구윤리, 국가연구개발, 연구부정행위, 우수사례, 연구문화",韩文,机构正式研究,科技创新政策与能力基线,科研体系、研发投入与评价；技术安全、供应链与国际合作,P2-STI-baseline,https://www.kistep.re.kr/reportAllDetail.es?mid=a10305010000&rpt_no=RES0220240087&rpt_tp=831-002,https://www.kistep.re.kr/reportDownload.es?rpt_no=RES0220240087&seq=res_0026P@3,,,,0,,0,0,官方目录无本地正文,官方目录元数据，附件未列入本批,,2026-08-22
C-KISTEP-RES0220240089,RES0220240089,831-002,정책기획,2024-03-25,W3,국가전략기술 핵심인력 양성 종합전략 수립 연구,유준우(인재정책센터),"국가필수전략기술, 인재양성 전략, 인력정보 분석, 미래인재, R&D 디지털화",韩文,机构正式研究,核心科技直接材料,人工智能、数据与数字技术；半导体、量子与战略技术；科研体系、研发投入与评价；科技人才、大学与知识流动；科技前瞻与未来社会,P0-core-tech,https://www.kistep.re.kr/reportAllDetail.es?mid=a10305010000&rpt_no=RES0220240089&rpt_tp=831-002,https://www.kistep.re.kr/reportDownload.es?rpt_no=RES0220240089&seq=res_0026P@3,,,,0,,0,0,官方目录无本地正文,官方目录元数据，附件未列入本批,,2026-08-22
C-KISTEP-RES0220240090,RES0220240090,831-003,예비타당성조사,2024-03-25,W3,2023년도 예비타당성조사 보고서 친환경 모빌리티용 고성능 차세대 배터리 기술개발사업,강현규(예비타당성조사1센터),"차세대 배터리, 전고체전지, 리튬메탈전지, 리튬이온전지, 리튬황전지, 친환경 모빌리티, 예비타당성조사",韩文,机构正式研究,核心科技直接材料,能源、气候与绿色转型；科研体系、研发投入与评价,P0-core-tech,https://www.kistep.re.kr/reportAllDetail.es?mid=a10305010000&rpt_no=RES0220240090&rpt_tp=831-003,https://www.kistep.re.kr/reportDownload.es?rpt_no=RES0220240090&seq=res_0026P@6,,,,0,,0,0,官方目录无本地正文,官方目录元数据，附件未列入本批,,2026-08-22
C-KISTEP-RES0220240092,RES0220240092,831-001,조사평가,2024-03-28,W3,AI 기반 국가연구개발사업 평가지원체계 구축방안 연구,유지은(R&D평가센터),"국가연구개발 사업평가, 인공지능, 성과지표, 전략계획서 , 성과평가정보시스템",韩文,机构正式研究,核心科技直接材料,人工智能、数据与数字技术；科研体系、研发投入与评价,P0-core-tech,https://www.kistep.re.kr/reportAllDetail.es?mid=a10305010000&rpt_no=RES0220240092&rpt_tp=831-001,https://www.kistep.re.kr/reportDownload.es?rpt_no=RES0220240092&seq=res_0026P@3,,,,0,,0,0,官方目录无本地正文,官方目录元数据，附件未列入本批,,2026-08-22
C-KISTEP-RES0220240093,RES0220240093,831-002,정책기획,2024-03-28,W3,국가R&D 보안정책 설계를 위한 기초연구,정정규(연구자산보호팀),"연구보안, 국제공동연구, 기술패권, 국가안보 ",韩文,机构正式研究,核心科技直接材料,半导体、量子与战略技术；技术安全、供应链与国际合作,P0-core-tech,https://www.kistep.re.kr/reportAllDetail.es?mid=a10305010000&rpt_no=RES0220240093&rpt_tp=831-002,https://www.kistep.re.kr/reportDownload.es?rpt_no=RES0220240093&seq=res_0026P@4,,,,0,,0,0,官方目录无本地正文,官方目录元数据，附件未列入本批,,2026-08-22
C-KISTEP-RES0220240091,RES0220240091,831-004,성과확산,2024-04-01,W3,2023년 연구성과 확산 정책 수립 및 제도 운영,김홍영(성과확산센터),"연구성과, 연구성과 관리·활용 실시계획, 성과연감, 효과성 분석, 기술료",韩文,机构正式研究,科技创新政策与能力基线,科研体系、研发投入与评价,P2-STI-baseline,https://www.kistep.re.kr/reportAllDetail.es?mid=a10305010000&rpt_no=RES0220240091&rpt_tp=831-004,https://www.kistep.re.kr/reportDownload.es?rpt_no=RES0220240091&seq=res_0026P@3,,,,0,,0,0,官方目录无本地正文,官方目录元数据，附件未列入本批,,2026-08-22
C-KISTEP-RES0220240094,RES0220240094,831-002,정책기획,2024-04-01,W3,연구현장 중심의 국가연구개발사업 제도개선에 관한 연구,이경재(제도혁신센터),"국가연구개발혁신법, 국가연구개발혁신법 매뉴얼, R&D 행정 제도개선, 연구보안, 학생인건비, 활동기준원가계산(ABC)",韩文,机构正式研究,科技创新政策与能力基线,科研体系、研发投入与评价；产业创新、创业与区域体系,P2-STI-baseline,https://www.kistep.re.kr/reportAllDetail.es?mid=a10305010000&rpt_no=RES0220240094&rpt_tp=831-002,https://www.kistep.re.kr/reportDownload.es?rpt_no=RES0220240094&seq=res_0026P@3,,,,0,,0,0,官方目录无本地正文,官方目录元数据，附件未列入本批,,2026-08-22
C-KISTEP-RES0220240095,RES0220240095,831-004,성과확산,2024-04-01,W3,2023년 연구관리 전문기관 효율화 개선 연구,김홍영(성과확산센터),"연구관리 전문기관, 효율화. 서비스 만족도 조사, 기획평가성과관리",韩文,机构正式研究,科技创新政策与能力基线,科研体系、研发投入与评价,P2-STI-baseline,https://www.kistep.re.kr/reportAllDetail.es?mid=a10305010000&rpt_no=RES0220240095&rpt_tp=831-004,https://www.kistep.re.kr/reportDownload.es?rpt_no=RES0220240095&seq=res_0026P@3,,,,0,,0,0,官方目录无本地正文,官方目录元数据，附件未列入本批,,2026-08-22
C-KISTEP-RES0220240097,RES0220240097,831-002,정책기획,2024-04-01,W3,국가첨단전략기술 지정에 관한 연구,김기봉(미래기술기획센터),"국가첨단전략기술, 국가전략기술, 수출통제, 기술주권, 기술확인",韩文,机构正式研究,核心科技直接材料,半导体、量子与战略技术；技术安全、供应链与国际合作,P0-core-tech,https://www.kistep.re.kr/reportAllDetail.es?mid=a10305010000&rpt_no=RES0220240097&rpt_tp=831-002,https://www.kistep.re.kr/reportDownload.es?rpt_no=RES0220240097&seq=res_0026P@3,,,,0,,0,0,官方目录无本地正文,官方目录元数据，附件未列入本批,,2026-08-22
C-KISTEP-RES0220240098,RES0220240098,831-002,정책기획,2024-04-01,W3,2023년도 과학기술정책 운영 및 현안 대응,오현환(과학기술정책센터),"과학기술정책, 과학기술기본계획, 과학기술현안, 정책의제, 정책 부합성",韩文,机构正式研究,科技创新政策与能力基线,科研体系、研发投入与评价,P2-STI-baseline,https://www.kistep.re.kr/reportAllDetail.es?mid=a10305010000&rpt_no=RES0220240098&rpt_tp=831-002,https://www.kistep.re.kr/reportDownload.es?rpt_no=RES0220240098&seq=res_0026P@3,,,,0,,0,0,官方目录无本地正文,官方目录元数据，附件未列入本批,,2026-08-22
C-KISTEP-RES0220240099,RES0220240099,831-002,정책기획,2024-04-01,W3,2023년도 성장동력 기획·관리 및 운영,손석호(미래기술기획센터),"국가전략기술, 기술패권, 전략로드맵, 임무지향, R&D전략",韩文,机构正式研究,核心科技直接材料,半导体、量子与战略技术；技术安全、供应链与国际合作,P0-core-tech,https://www.kistep.re.kr/reportAllDetail.es?mid=a10305010000&rpt_no=RES0220240099&rpt_tp=831-002,https://www.kistep.re.kr/reportDownload.es?rpt_no=RES0220240099&seq=res_0026P@3,,,,0,,0,0,官方目录无本地正文,官方目录元数据，附件未列入本批,,2026-08-22
C-KISTEP-RES0220240100,RES0220240100,831-002,정책기획,2024-04-04,W3,국가전략기술 국제협력 전략 수립 연구,최동혁(국제협력정책센터),"국가전략기술, 국제협력, 협력전략, 협력 아젠다, 협력지도",韩文,机构正式研究,核心科技直接材料,半导体、量子与战略技术；技术安全、供应链与国际合作,P0-core-tech,https://www.kistep.re.kr/reportAllDetail.es?mid=a10305010000&rpt_no=RES0220240100&rpt_tp=831-002,https://www.kistep.re.kr/reportDownload.es?rpt_no=RES0220240100&seq=res_0026P@3,,,,0,,0,0,官方目录无本地正文,官方目录元数据，附件未列入本批,,2026-08-22
C-KISTEP-RES0220240101,RES0220240101,831-002,정책기획,2024-04-05,W3,국가과학기술자문회의심의회의를 통한 과학기술혁신 종합조정기능 강화 방안 연구,최창택(과학기술정책센터),"국가과학기술자문회의 심의회의의, 운영위원회, 소재·부품·장비, 과학기술정책 조정, 중장기계획 조사·분석",韩文,机构正式研究,科技创新政策与能力基线,科研体系、研发投入与评价；产业创新、创业与区域体系,P2-STI-baseline,https://www.kistep.re.kr/reportAllDetail.es?mid=a10305010000&rpt_no=RES0220240101&rpt_tp=831-002,https://www.kistep.re.kr/reportDownload.es?rpt_no=RES0220240101&seq=res_0026P@3,,,,0,,0,0,官方目录无本地正文,官方目录元数据，附件未列入本批,,2026-08-22
C-KISTEP-RES0220240102,RES0220240102,831-002,정책기획,2024-04-05,W3,2023년 기초연구진흥협의회 운영 및 기초연구 지원정책 고도화 연구,최창택(과학기술정책센터),"기초연구, 정책, 투자",韩文,机构正式研究,科技创新政策与能力基线,科研体系、研发投入与评价,P2-STI-baseline,https://www.kistep.re.kr/reportAllDetail.es?mid=a10305010000&rpt_no=RES0220240102&rpt_tp=831-002,https://www.kistep.re.kr/reportDownload.es?rpt_no=RES0220240102&seq=res_0026P@3,,,,0,,0,0,官方目录无本地正文,官方目录元数据，附件未列入本批,,2026-08-22
C-KISTEP-RES0220240103,RES0220240103,831-007,위탁/협동/공동연구보고서,2024-04-18,W3,기초연구활동 통계 조사·분석,고윤미(과학기술정책센터),"기초연구, 스코어보드, 실태조사",韩文,机构正式研究,科技创新政策与能力基线,科技创新政策与研究体系,P2-STI-baseline,https://www.kistep.re.kr/reportAllDetail.es?mid=a10305010000&rpt_no=RES0220240103&rpt_tp=831-007,https://www.kistep.re.kr/reportDownload.es?rpt_no=RES0220240103&seq=res_0026P@2,,,,0,,0,0,官方目录无本地正文,官方目录元数据，附件未列入本批,,2026-08-22
C-KISTEP-RES0220240104,RES0220240104,831-002,정책기획,2024-04-22,W3,2023년 혁신도전프로젝트 사업 지원,정민형(사업지원팀),"혁신도전, R&D 혁신, 연구개발사업, 미션기반정책, 파괴적혁신",韩文,机构正式研究,科技创新政策与能力基线,科研体系、研发投入与评价；产业创新、创业与区域体系,P2-STI-baseline,https://www.kistep.re.kr/reportAllDetail.es?mid=a10305010000&rpt_no=RES0220240104&rpt_tp=831-002,https://www.kistep.re.kr/reportDownload.es?rpt_no=RES0220240104&seq=res_0026P@3,,,,0,,0,0,官方目录无本地正文,官方目录元数据，附件未列入本批,,2026-08-22
C-KISTEP-RES0220240109,RES0220240109,831-002,정책기획,2024-05-23,W3,과학기술인력양성 추진체계 구축·운영,이원홍(인재정책센터),"과학기술인력, 시행계획, 종합정보시스템, 정책이슈",韩文,机构正式研究,科技创新政策与能力基线,科技人才、大学与知识流动,P2-STI-baseline,https://www.kistep.re.kr/reportAllDetail.es?mid=a10305010000&rpt_no=RES0220240109&rpt_tp=831-002,https://www.kistep.re.kr/reportDownload.es?rpt_no=RES0220240109&seq=res_0026P@4,,,,0,,0,0,官方目录无本地正文,官方目录元数据，附件未列入本批,,2026-08-22
C-KISTEP-RES0220240113,RES0220240113,831-002,정책기획,2024-06-24,W3,2023 과학기술연감,주혜정(과학기술정책센터),"과학기술, 연감, 2023",韩文,机构正式研究,科技创新政策与能力基线,科技创新政策与研究体系,P2-STI-baseline,https://www.kistep.re.kr/reportAllDetail.es?mid=a10305010000&rpt_no=RES0220240113&rpt_tp=831-002,https://www.kistep.re.kr/reportDownload.es?rpt_no=RES0220240113&seq=res_0026P@6,,,,0,,0,0,官方目录无本地正文,官方目录元数据，附件未列入本批,,2026-08-22
C-KISTEP-RES0220240114,RES0220240114,831-003,예비타당성조사,2024-06-26,W3,2023년도 사업계획 적정성 검토 보고서 KAIST 부설 AI BIO 영재학교 신설사업,강현규(예비타당성조사1센터),"영재학교, 인공지능, 교육시설, 과학영재, 예비타당성조사",韩文,机构正式研究,核心科技直接材料,人工智能、数据与数字技术；科研体系、研发投入与评价,P0-core-tech,https://www.kistep.re.kr/reportAllDetail.es?mid=a10305010000&rpt_no=RES0220240114&rpt_tp=831-003,https://www.kistep.re.kr/reportDownload.es?rpt_no=RES0220240114&seq=res_0026P@2,,,,0,,0,0,官方目录无本地正文,官方目录元数据，附件未列入本批,,2026-08-22
C-KISTEP-RES0220240111,RES0220240111,831-001,조사평가,2024-07-01,W3,2023년도 다부처공동기획 활성화 기반 연구,허정(미래기술기획센터),"다부처, 기획 연구, 부처 협력",韩文,机构正式研究,科技创新政策与能力基线,科技创新政策与研究体系,P1-global-STI,https://www.kistep.re.kr/reportAllDetail.es?mid=a10305010000&rpt_no=RES0220240111&rpt_tp=831-001,https://www.kistep.re.kr/reportDownload.es?rpt_no=RES0220240111&seq=res_0026P@3,,,,0,,0,0,官方目录无本地正文,官方目录元数据，附件未列入本批,,2026-08-22
C-KISTEP-RES0220240117,RES0220240117,831-001,조사평가,2024-07-17,W3,2023년도 과학기술정보통신부 직할 출연(연) 및 국가과학기술연구회 기관평가,조현정(기관평가팀),"국가평가체제, 정부출연 연구기관, 성과 목표, 기관평가",韩文,机构正式研究,科技创新政策与能力基线,科研体系、研发投入与评价,P2-STI-baseline,https://www.kistep.re.kr/reportAllDetail.es?mid=a10305010000&rpt_no=RES0220240117&rpt_tp=831-001,https://www.kistep.re.kr/reportDownload.es?rpt_no=RES0220240117&seq=res_0026P@3,,,,0,,0,0,官方目录无本地正文,官方目录元数据，附件未列入本批,,2026-08-22
C-KISTEP-RES0220240119,RES0220240119,831-002,정책기획,2024-07-25,W3,국가전략기술 R&D 인력 실태조사,김지홍(인재정책센터),"과학기술인력, 이공계 실태조사, 인력 통계, 국가전략기술",韩文,机构正式研究,核心科技直接材料,半导体、量子与战略技术；科研体系、研发投入与评价；科技人才、大学与知识流动,P0-core-tech,https://www.kistep.re.kr/reportAllDetail.es?mid=a10305010000&rpt_no=RES0220240119&rpt_tp=831-002,https://www.kistep.re.kr/reportDownload.es?rpt_no=RES0220240119&seq=res_0026P@4,,,,0,,0,0,官方目录无本地正文,官方目录元数据，附件未列入本批,,2026-08-22
C-KISTEP-RES0220240120,RES0220240120,831-003,예비타당성조사,2024-07-26,W3,국가연구개발사업 예비타당성조사 수행 세부지침(24년 7월),강현규(예비타당성조사1센터),"국가연구개발사업, 예비타당성조사, 세부지침, 개정판, 한국과학기술기획평가원",韩文,机构正式研究,科技创新政策与能力基线,科研体系、研发投入与评价,P2-STI-baseline,https://www.kistep.re.kr/reportAllDetail.es?mid=a10305010000&rpt_no=RES0220240120&rpt_tp=831-003,https://www.kistep.re.kr/reportDownload.es?rpt_no=RES0220240120&seq=res_0026P@2,,,,0,,0,0,官方目录无本地正文,官方目录元数据，附件未列入本批,,2026-08-22
C-KISTEP-RES0220240121,RES0220240121,831-003,예비타당성조사,2024-07-26,W3,2023년도 예비타당성조사 보고서 저궤도 위성통신 산업경쟁력 확보를 위한 기술개발 사업,강현규(예비타당성조사1센터),"저궤도, 위성, 통신, 6G, 예비타당성조사",韩文,机构正式研究,核心科技直接材料,人工智能、数据与数字技术；科研体系、研发投入与评价；科技人才、大学与知识流动；产业创新、创业与区域体系；科技前瞻与未来社会；航天、核能与大型技术系统,P0-core-tech,https://www.kistep.re.kr/reportAllDetail.es?mid=a10305010000&rpt_no=RES0220240121&rpt_tp=831-003,https://www.kistep.re.kr/reportDownload.es?rpt_no=RES0220240121&seq=res_0026P@2,C:\Users\WINDOWS\OneDrive\知识库\智库信息爬虫\国际主要科技智库观点演变_研判\03_证据底稿\原文PDF\C-KISTEP-RES0220240121.pdf,C:\Users\WINDOWS\OneDrive\知识库\智库信息爬虫\国际主要科技智库观点演变_研判\03_证据底稿\文本\C-KISTEP-RES0220240121.txt,C:\Users\WINDOWS\OneDrive\知识库\智库信息爬虫\国际主要科技智库观点演变_研判\03_证据底稿\切片\C-KISTEP-RES0220240121.md,5101192,1d34380ad920aa0c3e4fd266ac578d9b36df654a8ffe55b0b5616e19865c88cc,251,208612,可检索文本,官方PDF已保存并校验,,2026-08-22
C-KISTEP-RES0220240122,RES0220240122,831-003,예비타당성조사,2024-07-30,W3,2023년도 예비타당성조사 보고서 무기발광 디스플레이 기술개발 및 생태계 구축사업,강현규(예비타당성조사1센터),"무기발광디스플레이, 무기발광엘이디, 마이크로엘이디, 나노엘이디, 예비타당성조사",韩文,机构正式研究,科技创新政策与能力基线,科研体系、研发投入与评价,P2-STI-baseline,https://www.kistep.re.kr/reportAllDetail.es?mid=a10305010000&rpt_no=RES0220240122&rpt_tp=831-003,https://www.kistep.re.kr/reportDownload.es?rpt_no=RES0220240122&seq=res_0026P@2,,,,0,,0,0,官方目录无本地正文,官方目录元数据，附件未列入本批,,2026-08-22
C-KISTEP-RES0220240123,RES0220240123,831-003,예비타당성조사,2024-07-30,W3,2023년도 예비타당성조사 보고서 탄소중립기술 온실가스 감축 잠재량 평가·관리 기술개발사업,강현규(예비타당성조사1센터),"탄소중립, 온실가스 감축 잠재량, 국가 온실가스 감축목표, 기후변화 영향평가, 예비타당성조사",韩文,机构正式研究,科技创新政策与能力基线,能源、气候与绿色转型；科研体系、研发投入与评价,P2-STI-baseline,https://www.kistep.re.kr/reportAllDetail.es?mid=a10305010000&rpt_no=RES0220240123&rpt_tp=831-003,https://www.kistep.re.kr/reportDownload.es?rpt_no=RES0220240123&seq=res_0026P@2,,,,0,,0,0,官方目录无本地正文,官方目录元数据，附件未列入本批,,2026-08-22
C-KISTEP-RES0220240118,RES0220240118,831-003,예비타당성조사,2024-07-31,W3,2023년도 예비타당성조사 보고서 정지궤도 기상·우주기상 위성(천리안위성 5호) 개발 사업,강현규(예비타당성조사1센터),"정지궤도위성, 기상위성, 우주개발, 체계개발, 예비타당성조사",韩文,机构正式研究,核心科技直接材料,中国科技与国际比较；科研体系、研发投入与评价；科技人才、大学与知识流动；产业创新、创业与区域体系；航天、核能与大型技术系统,P0-core-tech,https://www.kistep.re.kr/reportAllDetail.es?mid=a10305010000&rpt_no=RES0220240118&rpt_tp=831-003,https://www.kistep.re.kr/reportDownload.es?rpt_no=RES0220240118&seq=res_0026P@2,C:\Users\WINDOWS\OneDrive\知识库\智库信息爬虫\国际主要科技智库观点演变_研判\03_证据底稿\原文PDF\C-KISTEP-RES0220240118.pdf,C:\Users\WINDOWS\OneDrive\知识库\智库信息爬虫\国际主要科技智库观点演变_研判\03_证据底稿\文本\C-KISTEP-RES0220240118.txt,C:\Users\WINDOWS\OneDrive\知识库\智库信息爬虫\国际主要科技智库观点演变_研判\03_证据底稿\切片\C-KISTEP-RES0220240118.md,4473521,3ede4af3cd8d8dfd4db57633d5791ddc5e984a3c8cbe708e6606224f3a74ea66,304,287212,可检索文本,官方PDF已保存并校验,,2026-08-22
C-KISTEP-RES0220240125,RES0220240125,831-003,예비타당성조사,2024-07-31,W3,2023년도 예비타당성조사 보고서 반도체 첨단패키징 선도 기술개발사업,강현규(예비타당성조사1센터),"반도체, 시스템반도체, 첨단패키징, 후공정, 예비타당성조사",韩文,机构正式研究,核心科技直接材料,中国科技与国际比较；人工智能、数据与数字技术；半导体、量子与战略技术；科研体系、研发投入与评价；科技人才、大学与知识流动；产业创新、创业与区域体系；技术安全、供应链与国际合作；科技前瞻与未来社会,P0-core-tech,https://www.kistep.re.kr/reportAllDetail.es?mid=a10305010000&rpt_no=RES0220240125&rpt_tp=831-003,https://www.kistep.re.kr/reportDownload.es?rpt_no=RES0220240125&seq=res_0026P@6,C:\Users\WINDOWS\OneDrive\知识库\智库信息爬虫\国际主要科技智库观点演变_研判\03_证据底稿\原文PDF\C-KISTEP-RES0220240125.pdf,C:\Users\WINDOWS\OneDrive\知识库\智库信息爬虫\国际主要科技智库观点演变_研判\03_证据底稿\文本\C-KISTEP-RES0220240125.txt,C:\Users\WINDOWS\OneDrive\知识库\智库信息爬虫\国际主要科技智库观点演变_研判\03_证据底稿\切片\C-KISTEP-RES0220240125.md,617714,5ae41e34df857402c7f63b2cfe79f0a22420da1b5b7f6e18d27e98607e436268,54,45275,可检索文本,官方PDF已保存并校验,,2026-08-22
C-KISTEP-RES0220240126,RES0220240126,831-003,예비타당성조사,2024-08-05,W3,2023년도 예비타당성조사 보고서 AI반도체를 활용한 K-클라우드 기술개발사업,강현규(예비타당성조사1센터),"반도체, 인공지능, 클라우드, 소프트웨어, 예비타당성조사",韩文,机构正式研究,核心科技直接材料,人工智能、数据与数字技术；半导体、量子与战略技术；科研体系、研发投入与评价,P0-core-tech,https://www.kistep.re.kr/reportAllDetail.es?mid=a10305010000&rpt_no=RES0220240126&rpt_tp=831-003,https://www.kistep.re.kr/reportDownload.es?rpt_no=RES0220240126&seq=res_0026P@12,C:\Users\WINDOWS\OneDrive\知识库\智库信息爬虫\国际主要科技智库观点演变_研判\03_证据底稿\原文PDF\C-KISTEP-RES0220240126.pdf,C:\Users\WINDOWS\OneDrive\知识库\智库信息爬虫\国际主要科技智库观点演变_研判\03_证据底稿\文本\C-KISTEP-RES0220240126.txt,C:\Users\WINDOWS\OneDrive\知识库\智库信息爬虫\国际主要科技智库观点演变_研判\03_证据底稿\切片\C-KISTEP-RES0220240126.md,79442088,cd0528c969bf83e3ee9170a49d01d0b3e7e6e7e106c907a5c8025da19fc2adb4,302,273515,韩文OCR可检索文本,官方PDF已保存并完成韩文OCR,,2026-08-22
C-KISTEP-RES0220240127,RES0220240127,831-002,정책기획,2024-08-19,W3,국제공동연구 수행·관리 지원을 위한 매뉴얼 마련 및 제도 연구,김진희(제도혁신센터),"국가연구개발 혁신법, 국제공동연구, 국제협력, 제도개선, 연구개발성과 지식재산권",韩文,机构正式研究,科技创新政策与能力基线,科研体系、研发投入与评价；科技人才、大学与知识流动；产业创新、创业与区域体系；技术安全、供应链与国际合作,P1-global-STI,https://www.kistep.re.kr/reportAllDetail.es?mid=a10305010000&rpt_no=RES0220240127&rpt_tp=831-002,https://www.kistep.re.kr/reportDownload.es?rpt_no=RES0220240127&seq=res_0026P@3,,,,0,,0,0,官方目录无本地正文,官方目录元数据，附件未列入本批,,2026-08-22
C-KISTEP-RES0220240128,RES0220240128,831-002,정책기획,2024-08-28,W3,기술육성 로드맵 수립 및 프로젝트 선정 방안 연구,김진용(전략기술정책단),기술전략 / 기술패권 / 전략로드맵 / 프로젝트 / R&D전략,韩文,机构正式研究,核心科技直接材料,中国科技与国际比较；人工智能、数据与数字技术；半导体、量子与战略技术；生命科学、生物技术与健康；能源、气候与绿色转型；科研体系、研发投入与评价；科技人才、大学与知识流动；产业创新、创业与区域体系；技术安全、供应链与国际合作；科技前瞻与未来社会；航天、核能与大型技术系统,P0-core-tech,https://www.kistep.re.kr/reportAllDetail.es?mid=a10305010000&rpt_no=RES0220240128&rpt_tp=831-002,https://www.kistep.re.kr/reportDownload.es?rpt_no=RES0220240128&seq=res_0026P@3,C:\Users\WINDOWS\OneDrive\知识库\智库信息爬虫\国际主要科技智库观点演变_研判\03_证据底稿\原文PDF\C-KISTEP-RES0220240128.pdf,C:\Users\WINDOWS\OneDrive\知识库\智库信息爬虫\国际主要科技智库观点演变_研判\03_证据底稿\文本\C-KISTEP-RES0220240128.txt,C:\Users\WINDOWS\OneDrive\知识库\智库信息爬虫\国际主要科技智库观点演变_研判\03_证据底稿\切片\C-KISTEP-RES0220240128.md,4161350,b8b0c30c7361b0dd8a1f434ec072ca7f3b60cf435fa1a8a8bc7bb0061c82fda8,152,142003,可检索文本,官方PDF已保存并校验,,2026-08-22
C-KISTEP-RES0220240132,RES0220240132,831-002,정책기획,2024-08-29,W3,글로벌 R&D 분야 종합조정 기능 강화를 위한 정책과제 도출 연구,홍세호(전략기술글로벌분석센터),"기술패권, 국가전략기술, 글로벌 R&D 협력, 협력전략, 정책조정",韩文,机构正式研究,核心科技直接材料,中国科技与国际比较；半导体、量子与战略技术；能源、气候与绿色转型；科研体系、研发投入与评价；科技人才、大学与知识流动；产业创新、创业与区域体系；技术安全、供应链与国际合作,P0-core-tech,https://www.kistep.re.kr/reportAllDetail.es?mid=a10305010000&rpt_no=RES0220240132&rpt_tp=831-002,https://www.kistep.re.kr/reportDownload.es?rpt_no=RES0220240132&seq=res_0026P@5,C:\Users\WINDOWS\OneDrive\知识库\智库信息爬虫\国际主要科技智库观点演变_研判\03_证据底稿\原文PDF\C-KISTEP-RES0220240132.pdf,C:\Users\WINDOWS\OneDrive\知识库\智库信息爬虫\国际主要科技智库观点演变_研判\03_证据底稿\文本\C-KISTEP-RES0220240132.txt,C:\Users\WINDOWS\OneDrive\知识库\智库信息爬虫\国际主要科技智库观点演变_研判\03_证据底稿\切片\C-KISTEP-RES0220240132.md,5886380,cc34362d5a7c1528f934580eecef497c6231c4e065b707f5b3a07a428ea06486,114,62488,可检索文本,官方PDF已保存并校验,,2026-08-22
C-KISTEP-RES0220240135,RES0220240135,831-003,예비타당성조사,2024-09-25,W3,2023년도 사업계획 적정성 검토 보고서 우주산업 클러스터 삼각체제 구축사업,강현규(예비타당성조사1센터),"뉴스페이스, 우주산업, 발사장, 우주환경시험, 예비타당성조사",韩文,机构正式研究,核心科技直接材料,科研体系、研发投入与评价；科技人才、大学与知识流动；产业创新、创业与区域体系；科技前瞻与未来社会；航天、核能与大型技术系统,P0-core-tech,https://www.kistep.re.kr/reportAllDetail.es?mid=a10305010000&rpt_no=RES0220240135&rpt_tp=831-003,https://www.kistep.re.kr/reportDownload.es?rpt_no=RES0220240135&seq=res_0026P@2,C:\Users\WINDOWS\OneDrive\知识库\智库信息爬虫\国际主要科技智库观点演变_研判\03_证据底稿\原文PDF\C-KISTEP-RES0220240135.pdf,C:\Users\WINDOWS\OneDrive\知识库\智库信息爬虫\国际主要科技智库观点演变_研判\03_证据底稿\文本\C-KISTEP-RES0220240135.txt,C:\Users\WINDOWS\OneDrive\知识库\智库信息爬虫\国际主要科技智库观点演变_研判\03_证据底稿\切片\C-KISTEP-RES0220240135.md,11609146,ae0f3da00061449af1379707548c29af3670cd49e12023ff664aa4565d4a541f,290,258210,可检索文本,官方PDF已保存并校验,,2026-08-22
C-KISTEP-PRG0720240044,PRG0720240044,831-007,위탁/협동/공동연구보고서,2024-10-25,W3,우리나라 기초연구 전략성 제고를 위한 예산 정책방향 탐색 연구,정원희((사)한국정책학회)," 기초연구, 예산정책, 연구개발투자, 효율화, 성과 제고",韩文,机构正式研究,科技创新政策与能力基线,科研体系、研发投入与评价,P2-STI-baseline,https://www.kistep.re.kr/reportAllDetail.es?mid=a10305010000&rpt_no=PRG0720240044&rpt_tp=831-007,https://www.kistep.re.kr/reportDownload.es?rpt_no=PRG0720240044&seq=prg_0071P@21,,,,0,,0,0,官方目录无本地正文,官方目录元数据，附件未列入本批,,2026-08-22
C-KISTEP-PRG0720240043,PRG0720240043,831-007,위탁/협동/공동연구보고서,2024-10-31,W3,2024년 과학기술외교 아카데미 구축·운영,최숙정(국가과학기술인력개발원),"과학기술외교, 과학기술외교인재, 과학기술외교역량, 교육훈련",韩文,机构正式研究,科技创新政策与能力基线,科技人才、大学与知识流动；技术安全、供应链与国际合作,P2-STI-baseline,https://www.kistep.re.kr/reportAllDetail.es?mid=a10305010000&rpt_no=PRG0720240043&rpt_tp=831-007,https://www.kistep.re.kr/reportDownload.es?rpt_no=PRG0720240043&seq=prg_0071P@6,,,,0,,0,0,官方目录无本地正文,官方目录元数据，附件未列入本批,,2026-08-22
C-KISTEP-PRG0720240045,PRG0720240045,831-007,위탁/협동/공동연구보고서,2024-10-31,W3,국제공동연구 연구윤리위반 제재처분 해외사례 연구,이소영(법무법인(유한) 지평),"국제공동연구, 국가연구개발혁신법, 제도개선, 행정제재",韩文,机构正式研究,科技创新政策与能力基线,科研体系、研发投入与评价；产业创新、创业与区域体系；技术安全、供应链与国际合作,P1-global-STI,https://www.kistep.re.kr/reportAllDetail.es?mid=a10305010000&rpt_no=PRG0720240045&rpt_tp=831-007,https://www.kistep.re.kr/reportDownload.es?rpt_no=PRG0720240045&seq=prg_0071P@7,,,,0,,0,0,官方目录无本地正文,官方目录元数据，附件未列入本批,,2026-08-22
C-KISTEP-PRG0720240049,PRG0720240049,831-007,위탁/협동/공동연구보고서,2024-11-08,W3,과학기술 논문성과 분석연구(2009-2023),김선태(전북대학교산학협력단),"과학논문인용색인, 인용분석, 계량서지지표, 과학기술정책, 연구역량",韩文,机构正式研究,科技创新政策与能力基线,科研体系、研发投入与评价,P2-STI-baseline,https://www.kistep.re.kr/reportAllDetail.es?mid=a10305010000&rpt_no=PRG0720240049&rpt_tp=831-007,https://www.kistep.re.kr/reportDownload.es?rpt_no=PRG0720240049&seq=prg_0071P@5,,,,0,,0,0,官方目录无本地正文,官方目录元数据，附件未列入本批,,2026-08-22
C-KISTEP-PRG0720240048,PRG0720240048,831-007,위탁/협동/공동연구보고서,2024-11-22,W3,정부R&D 예산 변화에 따른 사업운영 실태조사 및 개선방안,이주영(한국과학기술정책플랫폼협동조합)," 정부 R&D, 국가연구개발사업, 예산 편성, 예산 효율화, R&D 전략 ",韩文,机构正式研究,科技创新政策与能力基线,科研体系、研发投入与评价,P2-STI-baseline,https://www.kistep.re.kr/reportAllDetail.es?mid=a10305010000&rpt_no=PRG0720240048&rpt_tp=831-007,https://www.kistep.re.kr/reportDownload.es?rpt_no=PRG0720240048&seq=prg_0071P@9,,,,0,,0,0,官方目录无本地正文,官方目录元数据，附件未列入本批,,2026-08-22
C-KISTEP-PRG0720240047,PRG0720240047,831-007,위탁/협동/공동연구보고서,2024-11-27,W3,전환적 혁신정책 관점에서의 임무주도형 국가연구개발사업 추진방안에 관한 연구,정유한(단국대학교 산학협력단)," 전환적 혁신정책, 임무중심형, 과학기술혁신, 국가연구개발사업, R&D예산배분",韩文,机构正式研究,科技创新政策与能力基线,科研体系、研发投入与评价；产业创新、创业与区域体系,P2-STI-baseline,https://www.kistep.re.kr/reportAllDetail.es?mid=a10305010000&rpt_no=PRG0720240047&rpt_tp=831-007,https://www.kistep.re.kr/reportDownload.es?rpt_no=PRG0720240047&seq=prg_0071P@8,,,,0,,0,0,官方目录无本地正文,官方目录元数据，附件未列入本批,,2026-08-22
C-KISTEP-PRG0720240046,PRG0720240046,831-007,위탁/협동/공동연구보고서,2024-11-28,W3,정형 R&D 사업 관리체계 마련을 위한 방안 연구,허종완(인천대학교 산학협력단),"정형 연구개발, 연구개발 관리체계, 성과 중심 관리, 위험 관리 체계, 독립적 평가 시스템",韩文,机构正式研究,科技创新政策与能力基线,科研体系、研发投入与评价,P2-STI-baseline,https://www.kistep.re.kr/reportAllDetail.es?mid=a10305010000&rpt_no=PRG0720240046&rpt_tp=831-007,https://www.kistep.re.kr/reportDownload.es?rpt_no=PRG0720240046&seq=prg_0071P@6,,,,0,,0,0,官方目录无本地正文,官方目录元数据，附件未列入本批,,2026-08-22
C-KISTEP-PRG0720240050,PRG0720240050,831-007,위탁/협동/공동연구보고서,2024-11-30,W3,사회문제해결 R&D의 사회적 가치 시범 측정,신현상(주식회사 임팩트리서치랩),"사회성과 측정, 공통 지표 체계, 종합 지표 체계, 화폐가치화",韩文,机构正式研究,科技创新政策与能力基线,科研体系、研发投入与评价,P2-STI-baseline,https://www.kistep.re.kr/reportAllDetail.es?mid=a10305010000&rpt_no=PRG0720240050&rpt_tp=831-007,https://www.kistep.re.kr/reportDownload.es?rpt_no=PRG0720240050&seq=prg_0071P@8,,,,0,,0,0,官方目录无本地正文,官方目录元数据，附件未列入本批,,2026-08-22
C-KISTEP-PRG0720240051,PRG0720240051,831-007,위탁/협동/공동연구보고서,2024-12-13,W3,학생인건비 제도개선을 위한 실태조사,유경만(과학기술전략연구소),"학생인건비, 제도개선, 실태조사, 의견수렴, 공청회",韩文,机构正式研究,科技创新政策与能力基线,科技创新政策与研究体系,P2-STI-baseline,https://www.kistep.re.kr/reportAllDetail.es?mid=a10305010000&rpt_no=PRG0720240051&rpt_tp=831-007,https://www.kistep.re.kr/reportDownload.es?rpt_no=PRG0720240051&seq=prg_0071P@14,,,,0,,0,0,官方目录无本地正文,官方目录元数据，附件未列入本批,,2026-08-22
C-KISTEP-RES0220240143,RES0220240143,831-001,조사평가,2024-12-23,W3,2023년도 국가연구개발사업 조사·분석 보고서,김한울(혁신정보분석센터),"조사분석, 정부, 연구개발, 투자, 통계",韩文,机构正式研究,科技创新政策与能力基线,科研体系、研发投入与评价,P2-STI-baseline,https://www.kistep.re.kr/reportAllDetail.es?mid=a10305010000&rpt_no=RES0220240143&rpt_tp=831-001,https://www.kistep.re.kr/reportDownload.es?rpt_no=RES0220240143&seq=res_0026P@3,,,,0,,0,0,官方目录无本地正文,官方目录元数据，附件未列入本批,,2026-08-22
C-KISTEP-PRG0720250003,PRG0720250003,831-007,위탁/협동/공동연구보고서,2024-12-26,W3,범부처 연구지원시스템 운영을 위한 사용자 온·오프라인 교육 및 학습 플랫폼 지원_최종보고서,조무관(국가과학기술인력개발원),"범부처 통합  연구지원시스템, 사용자 교육  개발, 연구관리 전문기관",韩文,机构正式研究,科技创新政策与能力基线,科技创新政策与研究体系,P2-STI-baseline,https://www.kistep.re.kr/reportAllDetail.es?mid=a10305010000&rpt_no=PRG0720250003&rpt_tp=831-007,https://www.kistep.re.kr/reportDownload.es?rpt_no=PRG0720250003&seq=prg_0071P@8,,,,0,,0,0,官方目录无本地正文,官方目录元数据，附件未列入本批,,2026-08-22
C-KISTEP-PRG0720250002,PRG0720250002,831-007,위탁/협동/공동연구보고서,2024-12-31,W3,연구보안 전문인력 양성 특화과정 개발,장항배(사단법인한국전자거래학회),"연구보안, 연구보안 체계 내실화, 연구보안 특화 교육, 연구보안 전문인력 양성, 신뢰가능한 연구환경",韩文,机构正式研究,科技创新政策与能力基线,科技人才、大学与知识流动,P2-STI-baseline,https://www.kistep.re.kr/reportAllDetail.es?mid=a10305010000&rpt_no=PRG0720250002&rpt_tp=831-007,https://www.kistep.re.kr/reportDownload.es?rpt_no=PRG0720250002&seq=prg_0071P@12,,,,0,,0,0,官方目录无本地正文,官方目录元数据，附件未列入本批,,2026-08-22
C-KISTEP-RES0220240151,RES0220240151,831-003,예비타당성조사,2024-12-31,W3,2024년도 사업계획 적정성 재검토 보고서 국가 플래그십 초고성능컴퓨팅 인프라 고도화 사업,강현규(예비타당성조사2센터),"초고성능컴퓨팅, 슈퍼컴퓨터, 6호기, 플래그십, 예비타당성조사",韩文,机构正式研究,科技创新政策与能力基线,科研体系、研发投入与评价,P2-STI-baseline,https://www.kistep.re.kr/reportAllDetail.es?mid=a10305010000&rpt_no=RES0220240151&rpt_tp=831-003,https://www.kistep.re.kr/reportDownload.es?rpt_no=RES0220240151&seq=res_0026P@6,,,,0,,0,0,官方目录无本地正文,官方目录元数据，附件未列入本批,,2026-08-22
C-KISTEP-RES0220240147,RES0220240147,831-006,미래예측,2025-01-02,W3,2024년 기술수준평가,정의진(기술예측센터)," 기술수준평가, 기술격차, 국가전략기술, 정량분석, 정성분석",韩文,机构正式研究,核心科技直接材料,半导体、量子与战略技术；科研体系、研发投入与评价,P0-core-tech,https://www.kistep.re.kr/reportAllDetail.es?mid=a10305010000&rpt_no=RES0220240147&rpt_tp=831-006,https://www.kistep.re.kr/reportDownload.es?rpt_no=RES0220240147&seq=res_0026P@8,,,,0,,0,0,官方目录无本地正文,官方目录元数据，附件未列入本批,,2026-08-22
C-KISTEP-RES0220240152,RES0220240152,831-006,미래예측,2025-01-02,W3,2024년 국가과학기술표준분류체계의 개선 및 활용기반 구축,이희권(기술예측센터),"과학기술, 표준분류체계, 개선",韩文,机构正式研究,科技创新政策与能力基线,科技创新政策与研究体系,P2-STI-baseline,https://www.kistep.re.kr/reportAllDetail.es?mid=a10305010000&rpt_no=RES0220240152&rpt_tp=831-006,https://www.kistep.re.kr/reportDownload.es?rpt_no=RES0220240152&seq=res_0026P@4,,,,0,,0,0,官方目录无本地正文,官方目录元数据，附件未列入本批,,2026-08-22
C-KISTEP-RES0220240154,RES0220240154,831-002,정책기획,2025-01-02,W3,글로벌 인재 허브 실현을 위한 해외 우수 과학기술 인재 유치 방안 연구,김인자(인재정책센터),"해외 우수 과학기술인재, 외국인 이공계 유학생, 인구감소, 인재 부족",韩文,机构正式研究,科技创新政策与能力基线,科技人才、大学与知识流动,P1-global-STI,https://www.kistep.re.kr/reportAllDetail.es?mid=a10305010000&rpt_no=RES0220240154&rpt_tp=831-002,https://www.kistep.re.kr/reportDownload.es?rpt_no=RES0220240154&seq=res_0026P@3,,,,0,,0,0,官方目录无本地正文,官方目录元数据，附件未列入本批,,2026-08-22
C-KISTEP-RES0220250002,RES0220250002,831-006,미래예측,2025-01-13,W3,기술주권 관점에서의 데이터 기반 국제협력 전략 수립 방법론 연구 : 배터리 분야 실증,"이승필, 조규하(전략기술글로벌분석센터)","국제공동, 무역, 특허, 논문, 인공지능",韩文,机构正式研究,核心科技直接材料,人工智能、数据与数字技术；半导体、量子与战略技术；能源、气候与绿色转型；技术安全、供应链与国际合作,P0-core-tech,https://www.kistep.re.kr/reportAllDetail.es?mid=a10305010000&rpt_no=RES0220250002&rpt_tp=831-006,https://www.kistep.re.kr/reportDownload.es?rpt_no=RES0220250002&seq=res_0026P@2,C:\Users\WINDOWS\OneDrive\知识库\智库信息爬虫\国际主要科技智库观点演变_研判\03_证据底稿\原文PDF\C-KISTEP-RES0220250002.pdf,C:\Users\WINDOWS\OneDrive\知识库\智库信息爬虫\国际主要科技智库观点演变_研判\03_证据底稿\文本\C-KISTEP-RES0220250002.txt,C:\Users\WINDOWS\OneDrive\知识库\智库信息爬虫\国际主要科技智库观点演变_研判\03_证据底稿\切片\C-KISTEP-RES0220250002.md,314356,5ce1f1aa3c25303fe6d6b04c2038b2e027371d728f1f73dbc9b2dc468c486ccc,1,246,可检索文本,官方PDF已保存并校验,,2026-08-22
C-KISTEP-RES0220250003,RES0220250003,831-003,예비타당성조사,2025-01-14,W3,2024년 국가R&D사업 사전분석 전문 네트워크 구축 및 역량 강화,안상진(예비타당성조사1센터),"예비타당성조사, 국가연구개발사업, R&D 사전분석 콜로키움, 예비타당성조사 교육, 전문가 세미나",韩文,机构正式研究,科技创新政策与能力基线,科研体系、研发投入与评价,P2-STI-baseline,https://www.kistep.re.kr/reportAllDetail.es?mid=a10305010000&rpt_no=RES0220250003&rpt_tp=831-003,https://www.kistep.re.kr/reportDownload.es?rpt_no=RES0220250003&seq=res_0026P@2,,,,0,,0,0,官方目录无本地正文,官方目录元数据，附件未列入本批,,2026-08-22
C-KISTEP-RES0220250008,RES0220250008,831-002,정책기획,2025-02-03,W3,연구개발지원단 육성지원사업(정책연구센터),권명화(지역혁신정책센터),"연구개발지원단, 지역 R&D, R&D 기반 혁신 시스템, 지역 R&D 효율성 제고, 지역 R&D 조사 분석",韩文,机构正式研究,科技创新政策与能力基线,科研体系、研发投入与评价；产业创新、创业与区域体系,P2-STI-baseline,https://www.kistep.re.kr/reportAllDetail.es?mid=a10305010000&rpt_no=RES0220250008&rpt_tp=831-002,https://www.kistep.re.kr/reportDownload.es?rpt_no=RES0220250008&seq=res_0026P@4,,,,0,,0,0,官方目录无本地正文,官方目录元数据，附件未列入本批,,2026-08-22
C-KISTEP-RES0220250009,RES0220250009,831-003,예비타당성조사,2025-02-03,W3,2024년 R&D사업 예비타당성조사 일관성 제고를 위한 조사 체계 개선 방향 연구,강현규(예비타당성조사1센터),"예비타당성조사, 연구개발사업, 과학기술적 타당성, 정책적 타당성, 경제적 타당성",韩文,机构正式研究,科技创新政策与能力基线,科研体系、研发投入与评价,P2-STI-baseline,https://www.kistep.re.kr/reportAllDetail.es?mid=a10305010000&rpt_no=RES0220250009&rpt_tp=831-003,https://www.kistep.re.kr/reportDownload.es?rpt_no=RES0220250009&seq=res_0026P@1,,,,0,,0,0,官方目录无本地正文,官方目录元数据，附件未列入本批,,2026-08-22
C-KISTEP-RES0220250013,RES0220250013,831-002,정책기획,2025-02-03,W3,과학기술외교 추진전략 및 체계기반 구축연구,김혜나(글로벌R&D협력센터),"과학기술외교, 과학기술 국제협력, 국제협력전략, 과학기술협력 아젠다",韩文,机构正式研究,科技创新政策与能力基线,技术安全、供应链与国际合作,P1-global-STI,https://www.kistep.re.kr/reportAllDetail.es?mid=a10305010000&rpt_no=RES0220250013&rpt_tp=831-002,https://www.kistep.re.kr/reportDownload.es?rpt_no=RES0220250013&seq=res_0026P@4,,,,0,,0,0,官方目录无本地正文,官方目录元数据，附件未列入本批,,2026-08-22
C-KISTEP-RES0220250010,RES0220250010,831-007,위탁/협동/공동연구보고서,2025-02-04,W3,국가R&D 기획‧관리 지원서비스 구축,배상태(NTIS팀),"국가과학기술지식정보서비스, R&D 사업관리, 국가연구개발사업 조사‧분석, 연구개발활동조사, 예산정보, 정책정보, 과학기술통계, 성과평가, 심층분석",韩文,机构正式研究,科技创新政策与能力基线,科研体系、研发投入与评价；科技人才、大学与知识流动,P2-STI-baseline,https://www.kistep.re.kr/reportAllDetail.es?mid=a10305010000&rpt_no=RES0220250010&rpt_tp=831-007,https://www.kistep.re.kr/reportDownload.es?rpt_no=RES0220250010&seq=res_0026P@2,,,,0,,0,0,官方目录无本地正文,官方目录元数据，附件未列入本批,,2026-08-22
C-KISTEP-RES0220250014,RES0220250014,831-002,정책기획,2025-02-04,W3,2024년 과학기술 국제협력 네트워크 구축 및 강화 연구,도계훈(전략기술기획본부),"과학기술혁신, 국제협력, 네트워크, 개도국, 교육훈련 프로그램",韩文,机构正式研究,科技创新政策与能力基线,产业创新、创业与区域体系；技术安全、供应链与国际合作,P1-global-STI,https://www.kistep.re.kr/reportAllDetail.es?mid=a10305010000&rpt_no=RES0220250014&rpt_tp=831-002,https://www.kistep.re.kr/reportDownload.es?rpt_no=RES0220250014&seq=res_0026P@2,,,,0,,0,0,官方目录无本地正文,官方目录元数据，附件未列入本批,,2026-08-22
C-KISTEP-RES0220250016,RES0220250016,831-004,성과확산,2025-02-04,W3,2024년 주한공관 과학기술 국제협력 네트워크 기반 마련,김혜나(글로벌R&D협력센터),"과학기술ICT정책, 과학기술 네트워크, 국제협력, 주한공관 ",韩文,机构正式研究,科技创新政策与能力基线,技术安全、供应链与国际合作,P1-global-STI,https://www.kistep.re.kr/reportAllDetail.es?mid=a10305010000&rpt_no=RES0220250016&rpt_tp=831-004,https://www.kistep.re.kr/reportDownload.es?rpt_no=RES0220250016&seq=res_0026P@2,,,,0,,0,0,官方目录无本地正文,官方目录元数据，附件未列入本批,,2026-08-22
C-KISTEP-RES0220250018,RES0220250018,831-003,예비타당성조사,2025-02-05,W3,2023년도 예비타당성조사 보고서 첨단반도체 양산연계형 미니팹 기반구축사업,강현규(예비타당성조사1센터),"반도체, 양산, 소부장, 팹, 예비타당성조사",韩文,机构正式研究,核心科技直接材料,半导体、量子与战略技术；科研体系、研发投入与评价；科技人才、大学与知识流动；产业创新、创业与区域体系；技术安全、供应链与国际合作；科技前瞻与未来社会；航天、核能与大型技术系统,P0-core-tech,https://www.kistep.re.kr/reportAllDetail.es?mid=a10305010000&rpt_no=RES0220250018&rpt_tp=831-003,https://www.kistep.re.kr/reportDownload.es?rpt_no=RES0220250018&seq=res_0026P@7,C:\Users\WINDOWS\OneDrive\知识库\智库信息爬虫\国际主要科技智库观点演变_研判\03_证据底稿\原文PDF\C-KISTEP-RES0220250018.pdf,C:\Users\WINDOWS\OneDrive\知识库\智库信息爬虫\国际主要科技智库观点演变_研判\03_证据底稿\文本\C-KISTEP-RES0220250018.txt,C:\Users\WINDOWS\OneDrive\知识库\智库信息爬虫\国际主要科技智库观点演变_研判\03_证据底稿\切片\C-KISTEP-RES0220250018.md,597683,905352533ea10c415562ab802df68e62aff911a32d4aca69d486d9872d7e5e18,51,37955,可检索文本,官方PDF已保存并校验,,2026-08-22
C-KISTEP-RES0220250019,RES0220250019,831-002,정책기획,2025-02-05,W3,미중 기술패권 경쟁시대 대응을 위한 국가 간 과학기술 협력전략 탐색 연구,"강진원, 조하나(국제협력정책센터)","과학기술 국제협력, 국가 간 협력전략, 정형화, 기술패권, 근거기반  방법론",韩文,机构正式研究,核心科技直接材料,中国科技与国际比较；半导体、量子与战略技术；技术安全、供应链与国际合作,P0-China-tech,https://www.kistep.re.kr/reportAllDetail.es?mid=a10305010000&rpt_no=RES0220250019&rpt_tp=831-002,https://www.kistep.re.kr/reportDownload.es?rpt_no=RES0220250019&seq=res_0026P@3,C:\Users\WINDOWS\OneDrive\知识库\智库信息爬虫\国际主要科技智库观点演变_研判\03_证据底稿\原文PDF\C-KISTEP-RES0220250019.pdf,C:\Users\WINDOWS\OneDrive\知识库\智库信息爬虫\国际主要科技智库观点演变_研判\03_证据底稿\文本\C-KISTEP-RES0220250019.txt,C:\Users\WINDOWS\OneDrive\知识库\智库信息爬虫\国际主要科技智库观点演变_研判\03_证据底稿\切片\C-KISTEP-RES0220250019.md,276491,acf3208a66cf8b5f5434c5128dd336c5e2535885570e4c2e0dcda734df51ecaf,1,244,可检索文本,官方PDF已保存并校验,,2026-08-22
C-KISTEP-RES0220250020,RES0220250020,831-002,정책기획,2025-02-05,W3,2024년 과학기술혁신정책·전략 네트워크 강화 연구,최대승(전략기획센터)," 정책 네트워크, KISTEP 펠로우십 프로그램, 혁신정책 콜로키움, 과학기술 혁신정책, 신진연구자 풀뿌리 과제",韩文,机构正式研究,科技创新政策与能力基线,科技人才、大学与知识流动；产业创新、创业与区域体系,P2-STI-baseline,https://www.kistep.re.kr/reportAllDetail.es?mid=a10305010000&rpt_no=RES0220250020&rpt_tp=831-002,https://www.kistep.re.kr/reportDownload.es?rpt_no=RES0220250020&seq=res_0026P@2,,,,0,,0,0,官方目录无本地正文,官方目录元数据，附件未列入本批,,2026-08-22
C-KISTEP-RES0220250023,RES0220250023,831-004,성과확산,2025-02-10,W3,R&D 투자의 성과 종합분석 연구(2024년),최광희(성과확산센터),"성과분석, 사회‧경제적 파급효과, 책무성, 사업화",韩文,机构正式研究,科技创新政策与能力基线,科研体系、研发投入与评价；产业创新、创业与区域体系,P2-STI-baseline,https://www.kistep.re.kr/reportAllDetail.es?mid=a10305010000&rpt_no=RES0220250023&rpt_tp=831-004,https://www.kistep.re.kr/reportDownload.es?rpt_no=RES0220250023&seq=res_0026P@2,,,,0,,0,0,官方目录无本地正文,官方目录元数据，附件未列入本批,,2026-08-22
C-KISTEP-RES0220250026,RES0220250026,831-005,사업조정,2025-02-11,W3,2024년 글로벌 R&D 투자동향 분석,홍미영(사업조정전략센터)," R&D 예산, R&D 정책, 정부R&D 투자방향, 투자 전략성",韩文,机构正式研究,科技创新政策与能力基线,科研体系、研发投入与评价,P1-global-STI,https://www.kistep.re.kr/reportAllDetail.es?mid=a10305010000&rpt_no=RES0220250026&rpt_tp=831-005,https://www.kistep.re.kr/reportDownload.es?rpt_no=RES0220250026&seq=res_0026P@2,,,,0,,0,0,官方目录无本地正文,官方目录元数据，附件未列入本批,,2026-08-22
C-KISTEP-RES0220250027,RES0220250027,831-005,사업조정,2025-02-11,W3,근거 기반 R&D예산 배분조정 지원 및 투자전략 연구,"홍미영, 성민규(사업조정전략센터)"," 투자전략 수립, 근거 기반, 투자플랫폼, 평가-예산 연계, 임무지향 R&D",韩文,机构正式研究,科技创新政策与能力基线,科研体系、研发投入与评价,P2-STI-baseline,https://www.kistep.re.kr/reportAllDetail.es?mid=a10305010000&rpt_no=RES0220250027&rpt_tp=831-005,https://www.kistep.re.kr/reportDownload.es?rpt_no=RES0220250027&seq=res_0026P@7,,,,0,,0,0,官方目录无本地正文,官方目录元数据，附件未列入本批,,2026-08-22
C-KISTEP-RES0220250028,RES0220250028,831-004,성과확산,2025-02-13,W3,제5차 국가연구개발 성과관리·활용 기본계획 수립을 위한 정책과제 발굴 연구,박정일(성과확산센터),"성과관리, 성과활용, 기본계획, 성과분석, 성과확산",韩文,机构正式研究,科技创新政策与能力基线,科研体系、研发投入与评价,P2-STI-baseline,https://www.kistep.re.kr/reportAllDetail.es?mid=a10305010000&rpt_no=RES0220250028&rpt_tp=831-004,https://www.kistep.re.kr/reportDownload.es?rpt_no=RES0220250028&seq=res_0026P@2,,,,0,,0,0,官方目录无本地正文,官方目录元数据，附件未列入本批,,2026-08-22
C-KISTEP-RES0220250034,RES0220250034,831-002,정책기획,2025-02-17,W3,2024년 이슈페이퍼 및 정책브리프 발간을 통한 정책역량 강화방안 연구,황지호(전략기획센터),"과학기술혁신정책, KISTEP 이슈페이퍼, KISTEP 정책브리프",韩文,机构正式研究,科技创新政策与能力基线,产业创新、创业与区域体系,P2-STI-baseline,https://www.kistep.re.kr/reportAllDetail.es?mid=a10305010000&rpt_no=RES0220250034&rpt_tp=831-002,https://www.kistep.re.kr/reportDownload.es?rpt_no=RES0220250034&seq=res_0026P@4,,,,0,,0,0,官方目录无本地正文,官方目录元数据，附件未列入本批,,2026-08-22
C-KISTEP-RES0220250036,RES0220250036,831-001,조사평가,2025-02-17,W3,국가연구개발사업 간접비 산출 및 제도 운영에 관한 연구,구명회(제도혁신센터)," 국가연구개발사업, 비영리기관, 간접비고시비율",韩文,机构正式研究,科技创新政策与能力基线,科研体系、研发投入与评价,P2-STI-baseline,https://www.kistep.re.kr/reportAllDetail.es?mid=a10305010000&rpt_no=RES0220250036&rpt_tp=831-001,https://www.kistep.re.kr/reportDownload.es?rpt_no=RES0220250036&seq=res_0026P@3,,,,0,,0,0,官方目录无本地正文,官方目录元数据，附件未列入本批,,2026-08-22
C-KISTEP-RES0220250038,RES0220250038,831-004,성과확산,2025-02-18,W3,국가연구개발사업 연구윤리 고도화 방안 연구,김주호(제도혁신센터),"연구윤리, 권익보호, 제재제도, 문화확산 ",韩文,机构正式研究,科技创新政策与能力基线,科研体系、研发投入与评价；技术安全、供应链与国际合作,P2-STI-baseline,https://www.kistep.re.kr/reportAllDetail.es?mid=a10305010000&rpt_no=RES0220250038&rpt_tp=831-004,https://www.kistep.re.kr/reportDownload.es?rpt_no=RES0220250038&seq=res_0026P@2,,,,0,,0,0,官方目录无本地正文,官方目录元数据，附件未列入本批,,2026-08-22
C-KISTEP-RES0220250039,RES0220250039,831-001,조사평가,2025-02-18,W3,2023년도 연구개발활동조사,한웅용(혁신정보분석센터),"연구개발비, 연구개발인력, 공공부문연구개발, 민간부문연구개발, 통계",韩文,机构正式研究,科技创新政策与能力基线,科研体系、研发投入与评价；科技人才、大学与知识流动,P2-STI-baseline,https://www.kistep.re.kr/reportAllDetail.es?mid=a10305010000&rpt_no=RES0220250039&rpt_tp=831-001,https://www.kistep.re.kr/reportDownload.es?rpt_no=RES0220250039&seq=res_0026P@16,,,,0,,0,0,官方目录无本地正文,官方目录元数据，附件未列入本批,,2026-08-22
C-KISTEP-RES0220250042,RES0220250042,831-001,조사평가,2025-02-18,W3,2024년 과학기술정책의 과학화 기반구축 연구,송화연(혁신정보분석센터)," 과학기술  정책의  과학화,  증거기반, 정책 의사결정,  빅데이터  플랫폼,  생성형  인공지능",韩文,机构正式研究,核心科技直接材料,人工智能、数据与数字技术；科研体系、研发投入与评价；科技人才、大学与知识流动；产业创新、创业与区域体系,P0-core-tech,https://www.kistep.re.kr/reportAllDetail.es?mid=a10305010000&rpt_no=RES0220250042&rpt_tp=831-001,https://www.kistep.re.kr/reportDownload.es?rpt_no=RES0220250042&seq=res_0026P@2,C:\Users\WINDOWS\OneDrive\知识库\智库信息爬虫\国际主要科技智库观点演变_研判\03_证据底稿\原文PDF\C-KISTEP-RES0220250042.pdf,C:\Users\WINDOWS\OneDrive\知识库\智库信息爬虫\国际主要科技智库观点演变_研判\03_证据底稿\文本\C-KISTEP-RES0220250042.txt,C:\Users\WINDOWS\OneDrive\知识库\智库信息爬虫\国际主要科技智库观点演变_研判\03_证据底稿\切片\C-KISTEP-RES0220250042.md,19487202,dd8bcbc2373be93bd2f4d82b3ca7ecc232220163229780f8e0f220e5bbd86e2d,254,191902,可检索文本,官方PDF已保存并校验,,2026-08-22
C-KISTEP-RES0220250024,RES0220250024,831-002,정책기획,2025-02-19,W3,2024년도 연구보안 체계 내실화 연구,정정규(연구자산보호팀)," 연구보안, 연구자산, 기술패권, 보안등급분류",韩文,机构正式研究,核心科技直接材料,中国科技与国际比较；半导体、量子与战略技术；科研体系、研发投入与评价；科技人才、大学与知识流动；产业创新、创业与区域体系；技术安全、供应链与国际合作；科技前瞻与未来社会,P0-core-tech,https://www.kistep.re.kr/reportAllDetail.es?mid=a10305010000&rpt_no=RES0220250024&rpt_tp=831-002,https://www.kistep.re.kr/reportDownload.es?rpt_no=RES0220250024&seq=res_0026P@3,C:\Users\WINDOWS\OneDrive\知识库\智库信息爬虫\国际主要科技智库观点演变_研判\03_证据底稿\原文PDF\C-KISTEP-RES0220250024.pdf,C:\Users\WINDOWS\OneDrive\知识库\智库信息爬虫\国际主要科技智库观点演变_研判\03_证据底稿\文本\C-KISTEP-RES0220250024.txt,C:\Users\WINDOWS\OneDrive\知识库\智库信息爬虫\国际主要科技智库观点演变_研判\03_证据底稿\切片\C-KISTEP-RES0220250024.md,7458168,775335fa288dc50ad74b17cc2d842e6df857ede37874b290c898f8d9dde8fa07,142,122992,可检索文本,官方PDF已保存并校验,,2026-08-22
C-KISTEP-RES0220250029,RES0220250029,831-005,사업조정,2025-02-19,W3,2024년 개방형 포럼 방식을 활용한 과학기술 이슈 연구,전승수(생명기초사업센터),"혁신성장, 과학기술혁신, 개방형 포럼, 민관 협력, 정책대안",韩文,机构正式研究,科技创新政策与能力基线,产业创新、创业与区域体系,P1-global-STI,https://www.kistep.re.kr/reportAllDetail.es?mid=a10305010000&rpt_no=RES0220250029&rpt_tp=831-005,https://www.kistep.re.kr/reportDownload.es?rpt_no=RES0220250029&seq=res_0026P@2,,,,0,,0,0,官方目录无本地正文,官方目录元数据，附件未列入本批,,2026-08-22
C-KISTEP-RES0220250040,RES0220250040,831-002,정책기획,2025-02-19,W3,2024년도 과학기술혁신정책 핵심이슈 발굴 및 인텔리전스 기능강화 연구,오현환(과학기술정책센터),"과학기술혁신정책, 인텔리전스, 확산, KISTEP 이슈페이퍼, KISTEP 정책브리프",韩文,机构正式研究,科技创新政策与能力基线,产业创新、创业与区域体系,P2-STI-baseline,https://www.kistep.re.kr/reportAllDetail.es?mid=a10305010000&rpt_no=RES0220250040&rpt_tp=831-002,https://www.kistep.re.kr/reportDownload.es?rpt_no=RES0220250040&seq=res_0026P@6,,,,0,,0,0,官方目录无本地正文,官方目录元数据，附件未列入本批,,2026-08-22
C-KISTEP-RES0220250043,RES0220250043,831-004,성과확산,2025-02-19,W3,2024년도 국가연구개발 통합성과활용플랫폼 구축,박정일(성과확산센터),"연구개발 성과물, 연구개발 성과전담기관, 연구개발 성과 활용, 연구개발 성과 관리",韩文,机构正式研究,科技创新政策与能力基线,科研体系、研发投入与评价,P2-STI-baseline,https://www.kistep.re.kr/reportAllDetail.es?mid=a10305010000&rpt_no=RES0220250043&rpt_tp=831-004,https://www.kistep.re.kr/reportDownload.es?rpt_no=RES0220250043&seq=res_0026P@7,,,,0,,0,0,官方目录无本地正文,官方目录元数据，附件未列入本批,,2026-08-22
C-KISTEP-RES0220250045,RES0220250045,831-002,정책기획,2025-02-20,W3,KISTEP Think 2025 과학기술혁신정책 아젠다 발굴 연구,"이경재, 황지호(전략기획센터)","과학기술혁신정책, 연구개발전략, 핵심 아젠다, 씽크탱크, 정책홍보",韩文,机构正式研究,科技创新政策与能力基线,科研体系、研发投入与评价；产业创新、创业与区域体系,P2-STI-baseline,https://www.kistep.re.kr/reportAllDetail.es?mid=a10305010000&rpt_no=RES0220250045&rpt_tp=831-002,https://www.kistep.re.kr/reportDownload.es?rpt_no=RES0220250045&seq=res_0026P@2,,,,0,,0,0,官方目录无本地正文,官方目录元数据，附件未列入本批,,2026-08-22
C-KISTEP-RES0220250041,RES0220250041,831-001,조사평가,2025-02-21,W3,2024년 과학기술통계 분석과 통계백서,이새롬(혁신정보분석센터),"과학기술, 통계, 지표/지수, 백서, 추세",韩文,机构正式研究,科技创新政策与能力基线,科技创新政策与研究体系,P2-STI-baseline,https://www.kistep.re.kr/reportAllDetail.es?mid=a10305010000&rpt_no=RES0220250041&rpt_tp=831-001,https://www.kistep.re.kr/reportDownload.es?rpt_no=RES0220250041&seq=res_0026P@2,,,,0,,0,0,官方目录无本地正文,官方目录元数据，附件未列入本批,,2026-08-22
C-KISTEP-RES0220250050,RES0220250050,831-004,성과확산,2025-02-21,W3,국가연구개발 연구성과 관리·활용 실태조사,김주희(성과확산센터),"연구성과, 성과활용, 국가연구개발사업, 실태조사",韩文,机构正式研究,科技创新政策与能力基线,科研体系、研发投入与评价,P2-STI-baseline,https://www.kistep.re.kr/reportAllDetail.es?mid=a10305010000&rpt_no=RES0220250050&rpt_tp=831-004,https://www.kistep.re.kr/reportDownload.es?rpt_no=RES0220250050&seq=res_0026P@4,,,,0,,0,0,官方目录无本地正文,官方目录元数据，附件未列入本批,,2026-08-22
C-KISTEP-RES0220250030,RES0220250030,831-001,조사평가,2025-02-24,W3,학생인건비통합관리제 기획 및 운영,박일주(제도혁신센터),"학생인건비, 학생연구자",韩文,机构正式研究,科技创新政策与能力基线,科技人才、大学与知识流动,P2-STI-baseline,https://www.kistep.re.kr/reportAllDetail.es?mid=a10305010000&rpt_no=RES0220250030&rpt_tp=831-001,https://www.kistep.re.kr/reportDownload.es?rpt_no=RES0220250030&seq=res_0026P@5,,,,0,,0,0,官方目录无本地正文,官方目录元数据，附件未列入本批,,2026-08-22
C-KISTEP-RES0220250032,RES0220250032,831-005,사업조정,2025-02-24,W3,무기체계의 효과적인 확보를 위한 국방R&D 투자전략 연구 - 유도무기체계를 중심으로 -,"전수용, 김상준(투자기획조정센터)"," 국방R&D, 무기체계획득, 방위산업, 정부연구개발, 공백기술",韩文,机构正式研究,科技创新政策与能力基线,科研体系、研发投入与评价；产业创新、创业与区域体系,P2-STI-baseline,https://www.kistep.re.kr/reportAllDetail.es?mid=a10305010000&rpt_no=RES0220250032&rpt_tp=831-005,https://www.kistep.re.kr/reportDownload.es?rpt_no=RES0220250032&seq=res_0026P@2,,,,0,,0,0,官方目录无本地正文,官方目录元数据，附件未列入本批,,2026-08-22
C-KISTEP-RES0220250046,RES0220250046,831-004,성과확산,2025-02-24,W3,정부R&D 등록·기탁 성과물 심층분석 연구,강경탁(성과확산센터),"정부R&D, R&D성과, R&D성과정책, R&D성과관리·활용, R&D 등록·기탁 성과물",韩文,机构正式研究,科技创新政策与能力基线,科研体系、研发投入与评价,P2-STI-baseline,https://www.kistep.re.kr/reportAllDetail.es?mid=a10305010000&rpt_no=RES0220250046&rpt_tp=831-004,https://www.kistep.re.kr/reportDownload.es?rpt_no=RES0220250046&seq=res_0026P@2,,,,0,,0,0,官方目录无本地正文,官方目录元数据，附件未列入本批,,2026-08-22
C-KISTEP-RES0220250047,RES0220250047,831-001,조사평가,2025-02-24,W3,연구지원 체계평가 운영에 관한 연구 최종보고서,황병용(제도혁신센터),"국가연구개발, 연구지원역량, 연구지원체계, 만족도, 비영리기관",韩文,机构正式研究,科技创新政策与能力基线,科研体系、研发投入与评价,P2-STI-baseline,https://www.kistep.re.kr/reportAllDetail.es?mid=a10305010000&rpt_no=RES0220250047&rpt_tp=831-001,https://www.kistep.re.kr/reportDownload.es?rpt_no=RES0220250047&seq=res_0026P@3,,,,0,,0,0,官方目录无本地正文,官方目录元数据，附件未列入本批,,2026-08-22
C-KISTEP-RES0220250051,RES0220250051,831-003,예비타당성조사,2025-02-24,W3,2024년도 국가연구개발사업 예비타당성조사 대상선정,안병민(예비타당성조사2센터),"예타 대상선정, 기술성평가",韩文,机构正式研究,科技创新政策与能力基线,科研体系、研发投入与评价,P2-STI-baseline,https://www.kistep.re.kr/reportAllDetail.es?mid=a10305010000&rpt_no=RES0220250051&rpt_tp=831-003,https://www.kistep.re.kr/reportDownload.es?rpt_no=RES0220250051&seq=res_0026P@2,,,,0,,0,0,官方目录无本地正文,官方目录元数据，附件未列入本批,,2026-08-22
C-KISTEP-RES0220250053,RES0220250053,831-001,조사평가,2025-02-24,W3,2024년도 과학기술분야 출연연구기관 상위평가보고서,이일환(R&D평가센터),"국가연구개발사업, 기관평가, 연구개발 효율성, 연구개발 성과, 과학기술",韩文,机构正式研究,科技创新政策与能力基线,科研体系、研发投入与评价,P2-STI-baseline,https://www.kistep.re.kr/reportAllDetail.es?mid=a10305010000&rpt_no=RES0220250053&rpt_tp=831-001,https://www.kistep.re.kr/reportDownload.es?rpt_no=RES0220250053&seq=res_0026P@2,,,,0,,0,0,官方目录无本地正文,官方目录元数据，附件未列入本批,,2026-08-22
C-KISTEP-RES0220250054,RES0220250054,831-001,조사평가,2025-02-24,W3,2024년 국가연구개발사업 상위점검 및 연구기관 상위평가,이일환(R&D평가센터),"국가연구개발사업, 중간평가, 자체평가, 상위점검",韩文,机构正式研究,科技创新政策与能力基线,科研体系、研发投入与评价,P2-STI-baseline,https://www.kistep.re.kr/reportAllDetail.es?mid=a10305010000&rpt_no=RES0220250054&rpt_tp=831-001,https://www.kistep.re.kr/reportDownload.es?rpt_no=RES0220250054&seq=res_0026P@2,,,,0,,0,0,官方目录无本地正文,官方目录元数据，附件未列入本批,,2026-08-22
C-KISTEP-RES0220250055,RES0220250055,831-005,사업조정,2025-02-24,W3,2024년 데이터 기반 R&D예산배분조정 지원체계 구축 연구,정지훈(거대공공사업센터),"재난·안전, 증거기반, 데이터기반, 예산배분조정, 의사결정 지원",韩文,机构正式研究,核心科技直接材料,人工智能、数据与数字技术；能源、气候与绿色转型；科研体系、研发投入与评价；科技人才、大学与知识流动；产业创新、创业与区域体系；科技前瞻与未来社会；航天、核能与大型技术系统,P0-core-tech,https://www.kistep.re.kr/reportAllDetail.es?mid=a10305010000&rpt_no=RES0220250055&rpt_tp=831-005,https://www.kistep.re.kr/reportDownload.es?rpt_no=RES0220250055&seq=res_0026P@2,C:\Users\WINDOWS\OneDrive\知识库\智库信息爬虫\国际主要科技智库观点演变_研判\03_证据底稿\原文PDF\C-KISTEP-RES0220250055.pdf,C:\Users\WINDOWS\OneDrive\知识库\智库信息爬虫\国际主要科技智库观点演变_研判\03_证据底稿\文本\C-KISTEP-RES0220250055.txt,C:\Users\WINDOWS\OneDrive\知识库\智库信息爬虫\国际主要科技智库观点演变_研判\03_证据底稿\切片\C-KISTEP-RES0220250055.md,6990448,ea8495c478e7debf49406cc5ce1fd178d8a950544b392f17ecdb4f95cd1d5545,194,195916,可检索文本,官方PDF已保存并校验,,2026-08-22
C-KISTEP-RES0220250057,RES0220250057,831-001,조사평가,2025-02-24,W3,2024년 국가 과학기술혁신역량평가 연구,"송화연, 변영호(혁신정보분석센터)",과학기술 혁신역량 혁신역량 지수 OECD 과학기술 국가혁신역량,韩文,机构正式研究,科技创新政策与能力基线,科研体系、研发投入与评价；产业创新、创业与区域体系,P2-STI-baseline,https://www.kistep.re.kr/reportAllDetail.es?mid=a10305010000&rpt_no=RES0220250057&rpt_tp=831-001,https://www.kistep.re.kr/reportDownload.es?rpt_no=RES0220250057&seq=res_0026P@2,,,,0,,0,0,官方目录无本地正文,官方目录元数据，附件未列入本批,,2026-08-22
C-KISTEP-RES0220250058,RES0220250058,831-005,사업조정,2025-02-24,W3,2024년 기술혁신 동향 분석 및 R&D투자 아젠다 발굴 연구,전승수(거대공공사업센터),"기획역량, 예산배분, R&D 투자 아젠다, 과학기술, 정책제안",韩文,机构正式研究,科技创新政策与能力基线,科研体系、研发投入与评价；产业创新、创业与区域体系,P2-STI-baseline,https://www.kistep.re.kr/reportAllDetail.es?mid=a10305010000&rpt_no=RES0220250058&rpt_tp=831-005,https://www.kistep.re.kr/reportDownload.es?rpt_no=RES0220250058&seq=res_0026P@3,,,,0,,0,0,官方目录无本地正文,官方目录元数据，附件未列入本批,,2026-08-22
C-KISTEP-RES0220250052,RES0220250052,831-004,성과확산,2025-02-25,W3,2024년 과학기술 분야 R&D 제도 혁신 기반 연구,김주호(제도혁신센터),"주요R&D제도, 규정, 혁신법, R&D제도개선",韩文,机构正式研究,科技创新政策与能力基线,科研体系、研发投入与评价；产业创新、创业与区域体系,P2-STI-baseline,https://www.kistep.re.kr/reportAllDetail.es?mid=a10305010000&rpt_no=RES0220250052&rpt_tp=831-004,https://www.kistep.re.kr/reportDownload.es?rpt_no=RES0220250052&seq=res_0026P@4,,,,0,,0,0,官方目录无本地正文,官方目录元数据，附件未列入本批,,2026-08-22
C-KISTEP-RES0220250059,RES0220250059,831-002,정책기획,2025-02-25,W3,글로벌 R&D 전략성 강화를 위한 전문가 인식 조사 연구,최동혁(글로벌R&D혁신센터),"글로벌 R&D, 국가전략기술, 델파이 조사",韩文,机构正式研究,核心科技直接材料,人工智能、数据与数字技术；半导体、量子与战略技术；生命科学、生物技术与健康；能源、气候与绿色转型；科研体系、研发投入与评价；产业创新、创业与区域体系；技术安全、供应链与国际合作；航天、核能与大型技术系统,P0-core-tech,https://www.kistep.re.kr/reportAllDetail.es?mid=a10305010000&rpt_no=RES0220250059&rpt_tp=831-002,https://www.kistep.re.kr/reportDownload.es?rpt_no=RES0220250059&seq=res_0026P@5,C:\Users\WINDOWS\OneDrive\知识库\智库信息爬虫\国际主要科技智库观点演变_研判\03_证据底稿\原文PDF\C-KISTEP-RES0220250059.pdf,C:\Users\WINDOWS\OneDrive\知识库\智库信息爬虫\国际主要科技智库观点演变_研判\03_证据底稿\文本\C-KISTEP-RES0220250059.txt,C:\Users\WINDOWS\OneDrive\知识库\智库信息爬虫\国际主要科技智库观点演变_研判\03_证据底稿\切片\C-KISTEP-RES0220250059.md,9903491,6e0355bf073487176ca0232965a8799beaacb3f62337b60aeeedc8f540b9ad18,389,293892,可检索文本,官方PDF已保存并校验,,2026-08-22
C-KISTEP-RES0220250064,RES0220250064,831-002,정책기획,2025-02-25,W3,연구자권익보호위원회 운영,정정규(제도혁신센터),"연구자, 권익보호, 위원회 , 운영, 재검토",韩文,机构正式研究,科技创新政策与能力基线,科技人才、大学与知识流动,P2-STI-baseline,https://www.kistep.re.kr/reportAllDetail.es?mid=a10305010000&rpt_no=RES0220250064&rpt_tp=831-002,https://www.kistep.re.kr/reportDownload.es?rpt_no=RES0220250064&seq=res_0026P@3,,,,0,,0,0,官方目录无本地正文,官方目录元数据，附件未列入本批,,2026-08-22
C-KISTEP-RES0220250065,RES0220250065,831-004,성과확산,2025-02-25,W3,연구관리 전문기관 효율화 개선 연구,유지연(성과확산센터),"연구관리, 전문기관, 효율화, 만족도 조사, 기획평가성과관리, 정부 R&D",韩文,机构正式研究,科技创新政策与能力基线,科研体系、研发投入与评价,P2-STI-baseline,https://www.kistep.re.kr/reportAllDetail.es?mid=a10305010000&rpt_no=RES0220250065&rpt_tp=831-004,https://www.kistep.re.kr/reportDownload.es?rpt_no=RES0220250065&seq=res_0026P@2,,,,0,,0,0,官方目录无本地正文,官方目录元数据，附件未列入本批,,2026-08-22
C-KISTEP-RES0220250067,RES0220250067,831-005,사업조정,2025-02-25,W3,주력산업의 기술주권유지와 공급망리스크 완화를 위한 정부R&D 투자전략 수립 연구,"조성호, 채명식(성장동력사업센터)","공급망리스크, 기술주권, 주력산업, 정부R&D전략",韩文,机构正式研究,核心科技直接材料,中国科技与国际比较；人工智能、数据与数字技术；半导体、量子与战略技术；生命科学、生物技术与健康；能源、气候与绿色转型；科研体系、研发投入与评价；科技人才、大学与知识流动；产业创新、创业与区域体系；技术安全、供应链与国际合作；科技前瞻与未来社会；航天、核能与大型技术系统,P0-core-tech,https://www.kistep.re.kr/reportAllDetail.es?mid=a10305010000&rpt_no=RES0220250067&rpt_tp=831-005,https://www.kistep.re.kr/reportDownload.es?rpt_no=RES0220250067&seq=res_0026P@2,C:\Users\WINDOWS\OneDrive\知识库\智库信息爬虫\国际主要科技智库观点演变_研判\03_证据底稿\原文PDF\C-KISTEP-RES0220250067.pdf,C:\Users\WINDOWS\OneDrive\知识库\智库信息爬虫\国际主要科技智库观点演变_研判\03_证据底稿\文本\C-KISTEP-RES0220250067.txt,C:\Users\WINDOWS\OneDrive\知识库\智库信息爬虫\国际主要科技智库观点演变_研判\03_证据底稿\切片\C-KISTEP-RES0220250067.md,9492466,ff6f0c4d0fad3d817d292f97ba33e55a4d326a5cfc89e4b265875bd3af00ef11,367,350197,可检索文本,官方PDF已保存并校验,,2026-08-22
C-KISTEP-RES0220250021,RES0220250021,831-005,사업조정,2025-02-26,W3,2024년 전략적 R&D예산 배분 및 편성을 위한 정책기반 구축에 관한 연구,강현규(R&D예산정책센터)," R&D 투자, 특허분석, R&D 예산 정책, 이슈 분석, 투자 효율화",韩文,机构正式研究,科技创新政策与能力基线,科研体系、研发投入与评价,P2-STI-baseline,https://www.kistep.re.kr/reportAllDetail.es?mid=a10305010000&rpt_no=RES0220250021&rpt_tp=831-005,https://www.kistep.re.kr/reportDownload.es?rpt_no=RES0220250021&seq=res_0026P@4,,,,0,,0,0,官方目录无本地正文,官方目录元数据，附件未列入本批,,2026-08-22
C-KISTEP-RES0220250044,RES0220250044,831-002,정책기획,2025-02-26,W3,2024년 지역 R&D 실태조사,김승태(지역혁신정책센터)," 지역혁신체계, 지방과학기술, 지역 연구개발, 지역R&D 실태조사, 주요국 정책동향",韩文,机构正式研究,科技创新政策与能力基线,科研体系、研发投入与评价；产业创新、创业与区域体系,P2-STI-baseline,https://www.kistep.re.kr/reportAllDetail.es?mid=a10305010000&rpt_no=RES0220250044&rpt_tp=831-002,https://www.kistep.re.kr/reportDownload.es?rpt_no=RES0220250044&seq=res_0026P@2,,,,0,,0,0,官方目录无本地正文,官方目录元数据，附件未列入本批,,2026-08-22
C-KISTEP-RES0220250048,RES0220250048,831-002,정책기획,2025-02-26,W3,2024년 과학기술혁신정책 스코어보드 개발 연구,오현환(인재정책센터),스코어보드; 과학기술인력; 지역; 혁신역량; 사회문제,韩文,机构正式研究,科技创新政策与能力基线,科技人才、大学与知识流动；产业创新、创业与区域体系,P2-STI-baseline,https://www.kistep.re.kr/reportAllDetail.es?mid=a10305010000&rpt_no=RES0220250048&rpt_tp=831-002,https://www.kistep.re.kr/reportDownload.es?rpt_no=RES0220250048&seq=res_0026P@17,,,,0,,0,0,官方目录无本地正文,官方目录元数据，附件未列入本批,,2026-08-22
C-KISTEP-RES0220250061,RES0220250061,831-002,정책기획,2025-02-26,W3,"과학기술정책 특위·협의회 운영지원(인재특위, 기초·지역협의회)",오현환(과학기술정책센터),"미래인재, 기초연구, 지역혁신정책, 연구개발 투자, 정책조정",韩文,机构正式研究,科技创新政策与能力基线,科研体系、研发投入与评价；科技人才、大学与知识流动；产业创新、创业与区域体系；科技前瞻与未来社会,P2-STI-baseline,https://www.kistep.re.kr/reportAllDetail.es?mid=a10305010000&rpt_no=RES0220250061&rpt_tp=831-002,https://www.kistep.re.kr/reportDownload.es?rpt_no=RES0220250061&seq=res_0026P@6,,,,0,,0,0,官方目录无本地正文,官方目录元数据，附件未列入本批,,2026-08-22
C-KISTEP-RES0220250063,RES0220250063,831-002,정책기획,2025-02-26,W3,2023년도 과학기술분야 중장기계획 조사·분석,홍정석(과학기술정책센터),"중장기계획, 연계 맵, 과학·기술·혁신 정책, 정책분석, 조사·분석",韩文,机构正式研究,科技创新政策与能力基线,产业创新、创业与区域体系,P2-STI-baseline,https://www.kistep.re.kr/reportAllDetail.es?mid=a10305010000&rpt_no=RES0220250063&rpt_tp=831-002,https://www.kistep.re.kr/reportDownload.es?rpt_no=RES0220250063&seq=res_0026P@4,,,,0,,0,0,官方目录无本地正文,官方目录元数据，附件未列入本批,,2026-08-22
C-KISTEP-RES0220250066,RES0220250066,831-005,사업조정,2025-02-26,W3,직·간접 지원 정책 연계를 통한 기업 R&D 재정지원의 효과성 제고 방안 연구,"윤수진, 손영주(R&D예산정책센터)","기업 R&D, 정부 R&D 지원, 정책 조합, 세제지원, 기업 R&D 직접지원",韩文,机构正式研究,科技创新政策与能力基线,科研体系、研发投入与评价；产业创新、创业与区域体系,P2-STI-baseline,https://www.kistep.re.kr/reportAllDetail.es?mid=a10305010000&rpt_no=RES0220250066&rpt_tp=831-005,https://www.kistep.re.kr/reportDownload.es?rpt_no=RES0220250066&seq=res_0026P@2,,,,0,,0,0,官方目录无本地正文,官方目录元数据，附件未列入本批,,2026-08-22
C-KISTEP-RES0220250068,RES0220250068,831-002,정책기획,2025-02-26,W3,2024년 지방과학기술 연감,김승태(지역혁신정책센터),"지역, 지역혁신체계, 지방과학기술, 지역 연구개발, 지역R&D 실태조사",韩文,机构正式研究,科技创新政策与能力基线,科研体系、研发投入与评价；产业创新、创业与区域体系,P2-STI-baseline,https://www.kistep.re.kr/reportAllDetail.es?mid=a10305010000&rpt_no=RES0220250068&rpt_tp=831-002,https://www.kistep.re.kr/reportDownload.es?rpt_no=RES0220250068&seq=res_0026P@2,,,,0,,0,0,官方目录无本地正文,官方目录元数据，附件未列入本批,,2026-08-22
C-KISTEP-RES0220250069,RES0220250069,831-002,정책기획,2025-02-26,W3,혁신도전형 사회난제 대응 R&D 개념 정립 및 적용모델 연구,이승규(사회혁신정책팀),"사회적 난제, 혁신도전형 R&D, 문제해결, 시스템 혁신, 국가연구개발",韩文,机构正式研究,科技创新政策与能力基线,科研体系、研发投入与评价；产业创新、创业与区域体系,P2-STI-baseline,https://www.kistep.re.kr/reportAllDetail.es?mid=a10305010000&rpt_no=RES0220250069&rpt_tp=831-002,https://www.kistep.re.kr/reportDownload.es?rpt_no=RES0220250069&seq=res_0026P@2,,,,0,,0,0,官方目录无本地正文,官方目录元数据，附件未列入本批,,2026-08-22
C-KISTEP-RES0220250070,RES0220250070,831-002,정책기획,2025-02-26,W3,2024년 글로벌 과학기술 & ICT 정책·기술 동향 분석,송원아(과학기술정책센터),"과학기술혁신, 혁신전략, 미래기술, 신성장동력, 국가혁신시스템",韩文,机构正式研究,科技创新政策与能力基线,产业创新、创业与区域体系；科技前瞻与未来社会,P1-global-STI,https://www.kistep.re.kr/reportAllDetail.es?mid=a10305010000&rpt_no=RES0220250070&rpt_tp=831-002,https://www.kistep.re.kr/reportDownload.es?rpt_no=RES0220250070&seq=res_0026P@2,,,,0,,0,0,官方目录无本地正文,官方目录元数据，附件未列入本批,,2026-08-22
C-KISTEP-RES0220250072,RES0220250072,831-002,정책기획,2025-02-26,W3,미래 성장역량 강화를 위한 글로벌 R&D 전략 기반 구축 연구,최동혁(전략기술정책단),"글로벌, 범부처, 추진체계, 플래그십, 거점센터",韩文,机构正式研究,科技创新政策与能力基线,科研体系、研发投入与评价；科技前瞻与未来社会,P1-global-STI,https://www.kistep.re.kr/reportAllDetail.es?mid=a10305010000&rpt_no=RES0220250072&rpt_tp=831-002,https://www.kistep.re.kr/reportDownload.es?rpt_no=RES0220250072&seq=res_0026P@3,,,,0,,0,0,官方目录无本地正文,官方目录元数据，附件未列入本批,,2026-08-22
C-KISTEP-RES0220250005,RES0220250005,831-004,성과확산,2025-02-27,W3,2024년 연구성과 관리‧활용 및 운영지원,김주희(성과확산센터),"연구성과 관리, 연구성과 활용, 연구관리전문기관, 우수성과 100선, 연구성과 관리‧유통 전담기관",韩文,机构正式研究,科技创新政策与能力基线,科研体系、研发投入与评价,P2-STI-baseline,https://www.kistep.re.kr/reportAllDetail.es?mid=a10305010000&rpt_no=RES0220250005&rpt_tp=831-004,https://www.kistep.re.kr/reportDownload.es?rpt_no=RES0220250005&seq=res_0026P@3,,,,0,,0,0,官方目录无本地正文,官方目录元数据，附件未列入本批,,2026-08-22
C-KISTEP-RES0220250056,RES0220250056,831-001,조사평가,2025-02-27,W3,2023년도 국가연구개발사업 성과분석,정유진(혁신정보분석센터),"국가연구개발사업, 성과분석, SCIE분석",韩文,机构正式研究,科技创新政策与能力基线,科研体系、研发投入与评价,P2-STI-baseline,https://www.kistep.re.kr/reportAllDetail.es?mid=a10305010000&rpt_no=RES0220250056&rpt_tp=831-001,https://www.kistep.re.kr/reportDownload.es?rpt_no=RES0220250056&seq=res_0026P@2,,,,0,,0,0,官方目录无本地正文,官方目录元数据，附件未列入本批,,2026-08-22
C-KISTEP-RES0220250060,RES0220250060,831-002,정책기획,2025-02-27,W3,2024년도 과학기술분야 정책점검 체계 구축 및 국가과학기술현황 종합인식조사 연구,"이미화, 송창현(과학기술정책센터)","정책점검,정책과정,과학기술기본계획,종합 인식조사,인식지표",韩文,机构正式研究,科技创新政策与能力基线,科技创新政策与研究体系,P2-STI-baseline,https://www.kistep.re.kr/reportAllDetail.es?mid=a10305010000&rpt_no=RES0220250060&rpt_tp=831-002,https://www.kistep.re.kr/reportDownload.es?rpt_no=RES0220250060&seq=res_0026P@2,,,,0,,0,0,官方目录无本地正文,官方目录元数据，附件未列入本批,,2026-08-22
C-KISTEP-RES0220250062,RES0220250062,831-005,사업조정,2025-02-27,W3,지역 R&D 성과데이터 연계를 통한 정부R&D 투자 효과성 분석 및 이슈발굴 연구,"조성호, 정두엽(성장동력사업센터)","지역 R&D, 지역자강, 효과성 분석, 추진체계, 투자전략",韩文,机构正式研究,核心科技直接材料,中国科技与国际比较；人工智能、数据与数字技术；科研体系、研发投入与评价；科技人才、大学与知识流动；产业创新、创业与区域体系；技术安全、供应链与国际合作,P0-core-tech,https://www.kistep.re.kr/reportAllDetail.es?mid=a10305010000&rpt_no=RES0220250062&rpt_tp=831-005,https://www.kistep.re.kr/reportDownload.es?rpt_no=RES0220250062&seq=res_0026P@2,C:\Users\WINDOWS\OneDrive\知识库\智库信息爬虫\国际主要科技智库观点演变_研判\03_证据底稿\原文PDF\C-KISTEP-RES0220250062.pdf,C:\Users\WINDOWS\OneDrive\知识库\智库信息爬虫\国际主要科技智库观点演变_研判\03_证据底稿\文本\C-KISTEP-RES0220250062.txt,C:\Users\WINDOWS\OneDrive\知识库\智库信息爬虫\国际主要科技智库观点演变_研判\03_证据底稿\切片\C-KISTEP-RES0220250062.md,30975068,23d0827773fe1b0aa8b578c9cf5db4c5ab9ad83b2e0341ab9433e9c45d0883ae,299,245086,可检索文本,官方PDF已保存并校验,,2026-08-22
C-KISTEP-RES0220250073,RES0220250073,831-005,사업조정,2025-02-27,W3,농림수산식품 분야 국가R&D 정책연계 및 전략성 강화를 위한 체계개선 방안 연구,"박지현, 김주원(생명기초사업센터)","농림수산식품, 정부R&D사업, 정책 연계성 및 전략성 강화, 정부R&D 체계 개선, 그린, 블루 바이오",韩文,机构正式研究,核心科技直接材料,中国科技与国际比较；人工智能、数据与数字技术；生命科学、生物技术与健康；能源、气候与绿色转型；科研体系、研发投入与评价；科技人才、大学与知识流动；产业创新、创业与区域体系；技术安全、供应链与国际合作；科技前瞻与未来社会,P0-core-tech,https://www.kistep.re.kr/reportAllDetail.es?mid=a10305010000&rpt_no=RES0220250073&rpt_tp=831-005,https://www.kistep.re.kr/reportDownload.es?rpt_no=RES0220250073&seq=res_0026P@4,C:\Users\WINDOWS\OneDrive\知识库\智库信息爬虫\国际主要科技智库观点演变_研判\03_证据底稿\原文PDF\C-KISTEP-RES0220250073.pdf,C:\Users\WINDOWS\OneDrive\知识库\智库信息爬虫\国际主要科技智库观点演变_研判\03_证据底稿\文本\C-KISTEP-RES0220250073.txt,C:\Users\WINDOWS\OneDrive\知识库\智库信息爬虫\国际主要科技智库观点演变_研判\03_证据底稿\切片\C-KISTEP-RES0220250073.md,24003021,b32fb8d188ca51455a5bffa66070185d928ba6b02b69ccbd8d6dd2d46602b222,970,704768,可检索文本,官方PDF已保存并校验,,2026-08-22
C-KISTEP-RES0220250049,RES0220250049,831-005,사업조정,2025-02-28,W3,2025년도 정부 R&D 예산의 전략적 편성에 관한 연구,김이경(R&D예산정책센터),"국가연구개발사업, 예산 편성, 투자 전략, 투자 효율화, 예산제도 개선",韩文,机构正式研究,科技创新政策与能力基线,科研体系、研发投入与评价,P2-STI-baseline,https://www.kistep.re.kr/reportAllDetail.es?mid=a10305010000&rpt_no=RES0220250049&rpt_tp=831-005,https://www.kistep.re.kr/reportDownload.es?rpt_no=RES0220250049&seq=res_0026P@4,,,,0,,0,0,官方目录无本地正文,官方目录元数据，附件未列入本批,,2026-08-22
C-KISTEP-RES0220250071,RES0220250071,831-005,사업조정,2025-02-28,W3,출연연 주요 이슈와 R&D 성과에 대한 탐색 연구,"정민우, 박창대(R&D예산정책센터)","출연연, 주요 이슈, 성과, 지표, 제언",韩文,机构正式研究,科技创新政策与能力基线,科研体系、研发投入与评价,P2-STI-baseline,https://www.kistep.re.kr/reportAllDetail.es?mid=a10305010000&rpt_no=RES0220250071&rpt_tp=831-005,https://www.kistep.re.kr/reportDownload.es?rpt_no=RES0220250071&seq=res_0026P@2,,,,0,,0,0,官方目录无本地正文,官方目录元数据，附件未列入本批,,2026-08-22
C-KISTEP-RES0220250074,RES0220250074,831-001,조사평가,2025-02-28,W3,2024년 성과평가 정책수립·운영 및 평가실시,이일환(R&D평가센터),"국가연구개발사업평가, 특정평가, 실시계획, 전략계획서",韩文,机构正式研究,科技创新政策与能力基线,科研体系、研发投入与评价,P2-STI-baseline,https://www.kistep.re.kr/reportAllDetail.es?mid=a10305010000&rpt_no=RES0220250074&rpt_tp=831-001,https://www.kistep.re.kr/reportDownload.es?rpt_no=RES0220250074&seq=res_0026P@3,,,,0,,0,0,官方目录无本地正文,官方目录元数据，附件未列入本批,,2026-08-22
C-KISTEP-RES0220250075,RES0220250075,831-002,정책기획,2025-02-28,W3,사회문제해결 R&D의 사회적 가치  평가체계 개발 및 제도화 방안 연구: 시범 적용 사례를 중심으로,기지훈(사회혁신정책팀),"사회문제 해결, 사회적 가치, 사회적 성과, 성과 평가, 국가연구개발",韩文,机构正式研究,科技创新政策与能力基线,科研体系、研发投入与评价,P2-STI-baseline,https://www.kistep.re.kr/reportAllDetail.es?mid=a10305010000&rpt_no=RES0220250075&rpt_tp=831-002,https://www.kistep.re.kr/reportDownload.es?rpt_no=RES0220250075&seq=res_0026P@2,,,,0,,0,0,官方目录无本地正文,官方目录元数据，附件未列入本批,,2026-08-22
C-KISTEP-RES0220240140,RES0220240140,831-006,미래예측,2025-03-04,W3,제6회 과학기술예측조사 연구(5차년도): 제7회 과학기술예측조사를 위한 사전기획 연구,조길수(기술예측센터),과학기술예측; 정량분석; 미래기술; 과학기술기본계획,韩文,机构正式研究,科技创新政策与能力基线,科技前瞻与未来社会,P2-STI-baseline,https://www.kistep.re.kr/reportAllDetail.es?mid=a10305010000&rpt_no=RES0220240140&rpt_tp=831-006,https://www.kistep.re.kr/reportDownload.es?rpt_no=RES0220240140&seq=res_0026P@2,,,,0,,0,0,官方目录无本地正文,官方目录元数据，附件未列入本批,,2026-08-22
C-KISTEP-RES0220250011,RES0220250011,831-002,정책기획,2025-03-04,W3,혁신적·도전적 R&D 육성 정책 기반 연구,오현환(혁신도전프로젝트추진단),"혁신도전 R&D, 혁신도전 제도개선, 혁신도전 거버넌스, 혁신도전 성과 홍보",韩文,机构正式研究,科技创新政策与能力基线,科研体系、研发投入与评价；产业创新、创业与区域体系,P2-STI-baseline,https://www.kistep.re.kr/reportAllDetail.es?mid=a10305010000&rpt_no=RES0220250011&rpt_tp=831-002,https://www.kistep.re.kr/reportDownload.es?rpt_no=RES0220250011&seq=res_0026P@4,,,,0,,0,0,官方目录无本地正文,官方目录元数据，附件未列入本批,,2026-08-22
C-KISTEP-RES0220250077,RES0220250077,831-003,예비타당성조사,2025-03-05,W3,국가연구개발사업 예비타당성조사 2024 연차보고서,강현규(예비타당성조사1센터),"예비타당성조사, 연구개발사업, 예산, 한국과학기술기획평가원, 연차보고서",韩文,机构正式研究,科技创新政策与能力基线,科研体系、研发投入与评价,P2-STI-baseline,https://www.kistep.re.kr/reportAllDetail.es?mid=a10305010000&rpt_no=RES0220250077&rpt_tp=831-003,https://www.kistep.re.kr/reportDownload.es?rpt_no=RES0220250077&seq=res_0026P@2,,,,0,,0,0,官方目录无本地正文,官方目录元数据，附件未列入本批,,2026-08-22
C-KISTEP-RES0220250078,RES0220250078,831-002,정책기획,2025-03-10,W3,미래 전략기술 경쟁력 강화 및 거버넌스 운영에 관한 연구,손석호(전략기술정책센터),"전략기술, 기술주권, 심층분석, 탄소중립, 바이오",韩文,机构正式研究,核心科技直接材料,人工智能、数据与数字技术；半导体、量子与战略技术；生命科学、生物技术与健康；能源、气候与绿色转型；科研体系、研发投入与评价；科技人才、大学与知识流动；产业创新、创业与区域体系；技术安全、供应链与国际合作；科技前瞻与未来社会；航天、核能与大型技术系统,P0-core-tech,https://www.kistep.re.kr/reportAllDetail.es?mid=a10305010000&rpt_no=RES0220250078&rpt_tp=831-002,https://www.kistep.re.kr/reportDownload.es?rpt_no=RES0220250078&seq=res_0026P@2,C:\Users\WINDOWS\OneDrive\知识库\智库信息爬虫\国际主要科技智库观点演变_研判\03_证据底稿\原文PDF\C-KISTEP-RES0220250078.pdf,C:\Users\WINDOWS\OneDrive\知识库\智库信息爬虫\国际主要科技智库观点演变_研判\03_证据底稿\文本\C-KISTEP-RES0220250078.txt,C:\Users\WINDOWS\OneDrive\知识库\智库信息爬虫\国际主要科技智库观点演变_研判\03_证据底稿\切片\C-KISTEP-RES0220250078.md,22768156,99fdafe83c60f719fccd653a7653198b9dc4d81e05c65791457575666dc881c1,452,413917,可检索文本,官方PDF已保存并校验,,2026-08-22
C-KISTEP-RES0220250080,RES0220250080,831-002,정책기획,2025-03-10,W3,국가전략기술 조기 분석‧예측 시스템 및 융복합 성과창출 방안 연구,김진용(전략기술정책단)," 국가전략기술, 기술패권, 모니터링 체계, 융복합 기술",韩文,机构正式研究,核心科技直接材料,中国科技与国际比较；人工智能、数据与数字技术；半导体、量子与战略技术；生命科学、生物技术与健康；能源、气候与绿色转型；科研体系、研发投入与评价；科技人才、大学与知识流动；产业创新、创业与区域体系；技术安全、供应链与国际合作；科技前瞻与未来社会；航天、核能与大型技术系统,P0-core-tech,https://www.kistep.re.kr/reportAllDetail.es?mid=a10305010000&rpt_no=RES0220250080&rpt_tp=831-002,https://www.kistep.re.kr/reportDownload.es?rpt_no=RES0220250080&seq=res_0026P@2,C:\Users\WINDOWS\OneDrive\知识库\智库信息爬虫\国际主要科技智库观点演变_研判\03_证据底稿\原文PDF\C-KISTEP-RES0220250080.pdf,C:\Users\WINDOWS\OneDrive\知识库\智库信息爬虫\国际主要科技智库观点演变_研判\03_证据底稿\文本\C-KISTEP-RES0220250080.txt,C:\Users\WINDOWS\OneDrive\知识库\智库信息爬虫\国际主要科技智库观点演变_研判\03_证据底稿\切片\C-KISTEP-RES0220250080.md,10122716,16f8a75375ab1e26f7ba6b7f78101026e976e774270414a4e4585d9581fc45b5,114,83596,可检索文本,官方PDF已保存并校验,,2026-08-22
C-KISTEP-RES0220250084,RES0220250084,831-006,미래예측,2025-03-17,W3,2024년 기술영향평가,이희권(기술예측센터),"기술영향평가, 유망기술, 시민참여, 미래예측",韩文,机构正式研究,科技创新政策与能力基线,科研体系、研发投入与评价；科技前瞻与未来社会,P2-STI-baseline,https://www.kistep.re.kr/reportAllDetail.es?mid=a10305010000&rpt_no=RES0220250084&rpt_tp=831-006,https://www.kistep.re.kr/reportDownload.es?rpt_no=RES0220250084&seq=res_0026P@7,,,,0,,0,0,官方目录无本地正文,官方目录元数据，附件未列入本批,,2026-08-22
C-KISTEP-RES0220250081,RES0220250081,831-001,조사평가,2025-03-18,W3,인공지능 기반 성과지표설정지원 서비스 기획 연구,한혁(R&D평가센터),"국가연구개발사업, 인공지능, 성과지표, 전략계획서, 성과평가정보시스템",韩文,机构正式研究,核心科技直接材料,人工智能、数据与数字技术；科研体系、研发投入与评价；科技人才、大学与知识流动；产业创新、创业与区域体系；技术安全、供应链与国际合作,P0-core-tech,https://www.kistep.re.kr/reportAllDetail.es?mid=a10305010000&rpt_no=RES0220250081&rpt_tp=831-001,https://www.kistep.re.kr/reportDownload.es?rpt_no=RES0220250081&seq=res_0026P@3,C:\Users\WINDOWS\OneDrive\知识库\智库信息爬虫\国际主要科技智库观点演变_研判\03_证据底稿\原文PDF\C-KISTEP-RES0220250081.pdf,C:\Users\WINDOWS\OneDrive\知识库\智库信息爬虫\国际主要科技智库观点演变_研判\03_证据底稿\文本\C-KISTEP-RES0220250081.txt,C:\Users\WINDOWS\OneDrive\知识库\智库信息爬虫\国际主要科技智库观点演变_研判\03_证据底稿\切片\C-KISTEP-RES0220250081.md,5654610,72fd8460b795ab12b1fce7204d49f2107b29f1e7bee231d96e73321fb712a336,110,101658,可检索文本,官方PDF已保存并校验,,2026-08-22
C-KISTEP-RES0220250090,RES0220250090,831-002,정책기획,2025-03-21,W3,2024년도 과학기술정책 운영 및 현안 대응,오현환(과학기술정책센터),과학기술정책; 과학기술기본계획; 정책의제,韩文,机构正式研究,科技创新政策与能力基线,科研体系、研发投入与评价,P2-STI-baseline,https://www.kistep.re.kr/reportAllDetail.es?mid=a10305010000&rpt_no=RES0220250090&rpt_tp=831-002,https://www.kistep.re.kr/reportDownload.es?rpt_no=RES0220250090&seq=res_0026P@3,,,,0,,0,0,官方目录无本地正文,官方目录元数据，附件未列入本批,,2026-08-22
C-KISTEP-RES0220250083,RES0220250083,831-005,사업조정,2025-03-24,W3,정부R&D 최적 포트폴리오 투자를 위한 탐색 연구 : 연구개발 가치와 리스크를 중심으로,이준환(R&D예산정책센터),"최적 포트폴리오, 예산 편성, 국가연구개발, 연구개발 리스크, 전략성 강화",韩文,机构正式研究,科技创新政策与能力基线,科研体系、研发投入与评价,P2-STI-baseline,https://www.kistep.re.kr/reportAllDetail.es?mid=a10305010000&rpt_no=RES0220250083&rpt_tp=831-005,https://www.kistep.re.kr/reportDownload.es?rpt_no=RES0220250083&seq=res_0026P@4,,,,0,,0,0,官方目录无本地正文,官方目录元数据，附件未列入本批,,2026-08-22
C-KISTEP-RES0220250085,RES0220250085,831-002,정책기획,2025-03-26,W3,지역과학기술 혁신을 위한 정책과제 발굴‧기획 및 제도 구축‧활성화 방안 연구,안소희(지역혁신정책센터),"지역과학기술, 지역R&D, 지역과학기술혁신법, 지역혁신정책, 지역과학기술혁신계획",韩文,机构正式研究,科技创新政策与能力基线,产业创新、创业与区域体系,P2-STI-baseline,https://www.kistep.re.kr/reportAllDetail.es?mid=a10305010000&rpt_no=RES0220250085&rpt_tp=831-002,https://www.kistep.re.kr/reportDownload.es?rpt_no=RES0220250085&seq=res_0026P@6,,,,0,,0,0,官方目录无本地正文,官方目录元数据，附件未列入本批,,2026-08-22
C-KISTEP-RES0220250091,RES0220250091,831-007,위탁/협동/공동연구보고서,2025-03-26,W3,연구현장의 연구보안 적용방안 수립 연구,정정규(연구윤리자산보호센터),"연구보안, 내실화 방안, 적용방안, 시범운영, 제도개선",韩文,机构正式研究,科技创新政策与能力基线,科技创新政策与研究体系,P2-STI-baseline,https://www.kistep.re.kr/reportAllDetail.es?mid=a10305010000&rpt_no=RES0220250091&rpt_tp=831-007,https://www.kistep.re.kr/reportDownload.es?rpt_no=RES0220250091&seq=res_0026P@3,,,,0,,0,0,官方目录无本地正文,官方目录元数据，附件未列入本批,,2026-08-22
C-KISTEP-RES0220250093,RES0220250093,831-004,성과확산,2025-03-26,W3,2024년 연구성과 확산 정책 수립 및 제도 운영,박정일(성과확산센터),"연구성과, 연구성과 관리･ 활용 실시계획, 상위점검, 효과성 분석, 기술료",韩文,机构正式研究,科技创新政策与能力基线,科研体系、研发投入与评价,P2-STI-baseline,https://www.kistep.re.kr/reportAllDetail.es?mid=a10305010000&rpt_no=RES0220250093&rpt_tp=831-004,https://www.kistep.re.kr/reportDownload.es?rpt_no=RES0220250093&seq=res_0026P@3,,,,0,,0,0,官方目录无本地正文,官方目录元数据，附件未列入本批,,2026-08-22
C-KISTEP-RES0220250089,RES0220250089,831-002,정책기획,2025-03-27,W3,국가과학기술자문회의심의회의를 통한 과학기술혁신 종합조정기능 강화 방안 연구,최창택(과학기술정책센터),"과학기술정책조정,국가과학기술심의회의,운영위원회,소재․부품․장비,중장기계획 조사･분석",韩文,机构正式研究,科技创新政策与能力基线,科研体系、研发投入与评价；产业创新、创业与区域体系,P2-STI-baseline,https://www.kistep.re.kr/reportAllDetail.es?mid=a10305010000&rpt_no=RES0220250089&rpt_tp=831-002,https://www.kistep.re.kr/reportDownload.es?rpt_no=RES0220250089&seq=res_0026P@3,,,,0,,0,0,官方目录无本地正文,官方目录元数据，附件未列入本批,,2026-08-22
C-KISTEP-RES0220250095,RES0220250095,831-001,조사평가,2025-03-27,W3,연구현장 중심의 국가연구개발사업 제도개선에 관한 연구,김주호(제도혁신센터),"국가연구개발혁신법, 국가연구개발혁신법 매뉴얼, R&D 행정 제도개선, 학생인건비, 간접비 지출내역서 분석 및 검증지침",韩文,机构正式研究,科技创新政策与能力基线,科研体系、研发投入与评价；产业创新、创业与区域体系,P2-STI-baseline,https://www.kistep.re.kr/reportAllDetail.es?mid=a10305010000&rpt_no=RES0220250095&rpt_tp=831-001,https://www.kistep.re.kr/reportDownload.es?rpt_no=RES0220250095&seq=res_0026P@5,,,,0,,0,0,官方目录无本地正文,官方目录元数据，附件未列入本批,,2026-08-22
C-KISTEP-RES0220250025,RES0220250025,831-006,미래예측,2025-03-28,W3,탄소중립 기술혁신 정책 고도화 연구,신동평(기술예측센터),탄소중립; 에너지 전환; 핵심기술; 전략로드맵; 임무지향,韩文,机构正式研究,科技创新政策与能力基线,能源、气候与绿色转型；产业创新、创业与区域体系,P2-STI-baseline,https://www.kistep.re.kr/reportAllDetail.es?mid=a10305010000&rpt_no=RES0220250025&rpt_tp=831-006,https://www.kistep.re.kr/reportDownload.es?rpt_no=RES0220250025&seq=res_0026P@5,,,,0,,0,0,官方目录无本地正文,官方目录元数据，附件未列入本批,,2026-08-22
C-KISTEP-RES0220250097,RES0220250097,831-002,정책기획,2025-05-12,W3,과학기술인력양성 추진체계 구축·운영,이정재(인재정책센터)," 과학기술인력, 과학기술인력 통계정보, 과학기술인력 정책정보, 종합정보시스템",韩文,机构正式研究,科技创新政策与能力基线,科技人才、大学与知识流动,P2-STI-baseline,https://www.kistep.re.kr/reportAllDetail.es?mid=a10305010000&rpt_no=RES0220250097&rpt_tp=831-002,https://www.kistep.re.kr/reportDownload.es?rpt_no=RES0220250097&seq=res_0026P@2,,,,0,,0,0,官方目录无本地正文,官方目录元数据，附件未列入本批,,2026-08-22
C-KISTEP-RES0220250100,RES0220250100,831-003,예비타당성조사,2025-05-22,W3,2024년도 사업계획 적정성 검토 보고서 팬데믹 대비 mRNA 백신 개발 지원사업,강현규(예비타당성조사1센터),"mRNA 백신, 임상 시험, 사업계획 적정성 검토",韩文,机构正式研究,科技创新政策与能力基线,生命科学、生物技术与健康,P2-STI-baseline,https://www.kistep.re.kr/reportAllDetail.es?mid=a10305010000&rpt_no=RES0220250100&rpt_tp=831-003,https://www.kistep.re.kr/reportDownload.es?rpt_no=RES0220250100&seq=res_0026P@9,,,,0,,0,0,官方目录无本地正文,官方目录元数据，附件未列入本批,,2026-08-22
C-KISTEP-RES0220250099,RES0220250099,831-002,정책기획,2025-05-27,W3,혁신도전프로젝트 사업 지원,오현환(사업지원팀),"혁신도전, R&D 혁신, 연구개발사업, 미션기반정책, 파괴적혁신",韩文,机构正式研究,科技创新政策与能力基线,科研体系、研发投入与评价；产业创新、创业与区域体系,P2-STI-baseline,https://www.kistep.re.kr/reportAllDetail.es?mid=a10305010000&rpt_no=RES0220250099&rpt_tp=831-002,https://www.kistep.re.kr/reportDownload.es?rpt_no=RES0220250099&seq=res_0026P@5,,,,0,,0,0,官方目录无本地正文,官方目录元数据，附件未列入本批,,2026-08-22
C-KISTEP-RES0220250101,RES0220250101,831-002,정책기획,2025-06-04,W3,2024 과학기술연감,홍정석(과학기술정책센터),과학 기술 연감 2024 연구,韩文,机构正式研究,科技创新政策与能力基线,科技创新政策与研究体系,P2-STI-baseline,https://www.kistep.re.kr/reportAllDetail.es?mid=a10305010000&rpt_no=RES0220250101&rpt_tp=831-002,https://www.kistep.re.kr/reportDownload.es?rpt_no=RES0220250101&seq=res_0026P@6,,,,0,,0,0,官方目录无本地正文,官方目录元数据，附件未列入本批,,2026-08-22
C-KISTEP-RES0220250102,RES0220250102,831-002,정책기획,2025-07-07,W3,제4차 과학기술인재 육성‧지원 기본계획(‘21~’25) ‘25년 시행계획 수립 및 제5차 기본계획 수립 사전 연구,김인자(인재정책센터),"과학기술인력, 기본계획, 과학기술인력 육성‧지원 전략,  인재생태계,  성장환경 조성",韩文,机构正式研究,科技创新政策与能力基线,科技人才、大学与知识流动,P2-STI-baseline,https://www.kistep.re.kr/reportAllDetail.es?mid=a10305010000&rpt_no=RES0220250102&rpt_tp=831-002,https://www.kistep.re.kr/reportDownload.es?rpt_no=RES0220250102&seq=res_0026P@3,,,,0,,0,0,官方目录无本地正文,官方目录元数据，附件未列入本批,,2026-08-22
C-KISTEP-RES0220250104,RES0220250104,831-001,조사평가,2025-07-08,W3,2024년도 과학기술정보통신부 직할 출연(연) 및 국가과학기술연구회 기관평가,조현정(기관평가팀),"국가평가체제, 정부출연 연구기관, 성과 목표, 기관평가",韩文,机构正式研究,科技创新政策与能力基线,科研体系、研发投入与评价,P2-STI-baseline,https://www.kistep.re.kr/reportAllDetail.es?mid=a10305010000&rpt_no=RES0220250104&rpt_tp=831-001,https://www.kistep.re.kr/reportDownload.es?rpt_no=RES0220250104&seq=res_0026P@2,,,,0,,0,0,官方目录无本地正文,官方目录元数据，附件未列入本批,,2026-08-22
C-KISTEP-RES0220250105,RES0220250105,831-001,조사평가,2025-07-08,W3,2025년 국가연구개발사업 상위점검 및 연구기관 상위평가,이일환(R&D평가센터),"국가연구개발사업, 국가연구개발사업 상위평가, 기관평가, 연구개발 효율성, 연구개발 성과 ",韩文,机构正式研究,科技创新政策与能力基线,科研体系、研发投入与评价,P2-STI-baseline,https://www.kistep.re.kr/reportAllDetail.es?mid=a10305010000&rpt_no=RES0220250105&rpt_tp=831-001,https://www.kistep.re.kr/reportDownload.es?rpt_no=RES0220250105&seq=res_0026P@2,,,,0,,0,0,官方目录无本地正文,官方目录元数据，附件未列入本批,,2026-08-22
C-KISTEP-RES0220250103,RES0220250103,831-002,정책기획,2025-07-10,W3,기술 육성‧보호 체계 고도화 및 혁신플랫폼 구축 방안 연구,김기봉(전략기술정책센터),"기술 육성, 기술 보호, 연구사업 지정, 정보보호, 성과확산",韩文,机构正式研究,科技创新政策与能力基线,科研体系、研发投入与评价；产业创新、创业与区域体系,P2-STI-baseline,https://www.kistep.re.kr/reportAllDetail.es?mid=a10305010000&rpt_no=RES0220250103&rpt_tp=831-002,https://www.kistep.re.kr/reportDownload.es?rpt_no=RES0220250103&seq=res_0026P@5,,,,0,,0,0,官方目录无本地正文,官方目录元数据，附件未列入本批,,2026-08-22
C-KISTEP-RES0220250107,RES0220250107,831-002,정책기획,2025-07-10,W3,지역 R&D 연계∙체계화 방안 마련 연구,김덕용(지역혁신정책센터),"지역과학기술, 지역R&D, 중앙정부-지자체 협업, 지역R&D 연계",韩文,机构正式研究,科技创新政策与能力基线,科研体系、研发投入与评价；产业创新、创业与区域体系,P2-STI-baseline,https://www.kistep.re.kr/reportAllDetail.es?mid=a10305010000&rpt_no=RES0220250107&rpt_tp=831-002,https://www.kistep.re.kr/reportDownload.es?rpt_no=RES0220250107&seq=res_0026P@5,,,,0,,0,0,官方目录无本地正文,官方目录元数据，附件未列入本批,,2026-08-22
C-KISTEP-RES0220250108,RES0220250108,831-003,예비타당성조사,2025-07-10,W3,2024년도 사업계획 적정성 검토 보고서 광주 GIST 부설 AI영재학교 신설사업,강현규(예비타당성조사1센터),"영재학교, 인공지능, 교육시설, 과학시설, 사업계획 적정성 검토",韩文,机构正式研究,核心科技直接材料,中国科技与国际比较；人工智能、数据与数字技术；半导体、量子与战略技术；科研体系、研发投入与评价；科技人才、大学与知识流动；产业创新、创业与区域体系；科技前瞻与未来社会,P0-core-tech,https://www.kistep.re.kr/reportAllDetail.es?mid=a10305010000&rpt_no=RES0220250108&rpt_tp=831-003,https://www.kistep.re.kr/reportDownload.es?rpt_no=RES0220250108&seq=res_0026P@2,C:\Users\WINDOWS\OneDrive\知识库\智库信息爬虫\国际主要科技智库观点演变_研判\03_证据底稿\原文PDF\C-KISTEP-RES0220250108.pdf,C:\Users\WINDOWS\OneDrive\知识库\智库信息爬虫\国际主要科技智库观点演变_研判\03_证据底稿\文本\C-KISTEP-RES0220250108.txt,C:\Users\WINDOWS\OneDrive\知识库\智库信息爬虫\国际主要科技智库观点演变_研判\03_证据底稿\切片\C-KISTEP-RES0220250108.md,4474737,4556e877dea5b4e7cc27b58003e91b90b0e1a49f48c70e6ad912935334d394d1,150,141741,可检索文本,官方PDF已保存并校验,,2026-08-22
C-KISTEP-RES0220250110,RES0220250110,831-002,정책기획,2025-07-14,W3,혁신도전형 R&D 정책 기반 고도화,오현환(혁신도전프로젝트추진단),"혁신도전, R&D혁신, 연구개발사업",韩文,机构正式研究,科技创新政策与能力基线,科研体系、研发投入与评价；产业创新、创业与区域体系,P2-STI-baseline,https://www.kistep.re.kr/reportAllDetail.es?mid=a10305010000&rpt_no=RES0220250110&rpt_tp=831-002,https://www.kistep.re.kr/reportDownload.es?rpt_no=RES0220250110&seq=res_0026P@5,,,,0,,0,0,官方目录无本地正文,官方目录元数据，附件未列入本批,,2026-08-22
C-KISTEP-RES0220250112,RES0220250112,831-001,조사평가,2025-08-01,W3,2024년 하반기 국가연구개발사업 특정평가 보고서 인력양성 사업군,이일환(R&D평가센터),"국가연구개발사업, 특정평가, 인력양성 사업군",韩文,机构正式研究,科技创新政策与能力基线,科研体系、研发投入与评价；科技人才、大学与知识流动,P2-STI-baseline,https://www.kistep.re.kr/reportAllDetail.es?mid=a10305010000&rpt_no=RES0220250112&rpt_tp=831-001,https://www.kistep.re.kr/reportDownload.es?rpt_no=RES0220250112&seq=res_0026P@2,,,,0,,0,0,官方目录无本地正文,官方目录元数据，附件未列入本批,,2026-08-22
C-KISTEP-RES0220250111,RES0220250111,831-001,조사평가,2025-08-06,W3,2024년 하반기 국가연구개발사업 특정평가 보고서 다부처 공동추진 사업군,이일환(R&D평가센터),"국가연구개발사업, 특정평가, 2024년 다부처 공동추진 사업군",韩文,机构正式研究,科技创新政策与能力基线,科研体系、研发投入与评价,P2-STI-baseline,https://www.kistep.re.kr/reportAllDetail.es?mid=a10305010000&rpt_no=RES0220250111&rpt_tp=831-001,https://www.kistep.re.kr/reportDownload.es?rpt_no=RES0220250111&seq=res_0026P@2,,,,0,,0,0,官方目录无本地正文,官方目录元数据，附件未列入本批,,2026-08-22
C-KISTEP-RES0220250115,RES0220250115,831-003,예비타당성조사,2025-08-28,W3,2024년도 예비타당성조사 보고서 건설 전주기 안전혁신 기술개발 사업,강현규(예비타당성조사1센터),"부처 고유임무형 계속사업, 건설 전주기 안전관리, 건설 안전, 시설물 유지관리 효율, 예비타당성조사",韩文,机构正式研究,科技创新政策与能力基线,科研体系、研发投入与评价；产业创新、创业与区域体系,P2-STI-baseline,https://www.kistep.re.kr/reportAllDetail.es?mid=a10305010000&rpt_no=RES0220250115&rpt_tp=831-003,https://www.kistep.re.kr/reportDownload.es?rpt_no=RES0220250115&seq=res_0026P@2,,,,0,,0,0,官方目录无本地正文,官方目录元数据，附件未列入本批,,2026-08-22
C-KISTEP-RES0220250116,RES0220250116,831-003,예비타당성조사,2025-08-28,W3,2024년도 예비타당성조사 보고서 디지털미디어 이노베이션 기술개발사업,강현규(예비타당성조사1센터),"디지털미디어, 몰입형미디어, 미디어인프라, 부처고유임무형, 예비타당성조사",韩文,机构正式研究,核心科技直接材料,人工智能、数据与数字技术；科研体系、研发投入与评价；科技人才、大学与知识流动；产业创新、创业与区域体系；科技前瞻与未来社会,P0-core-tech,https://www.kistep.re.kr/reportAllDetail.es?mid=a10305010000&rpt_no=RES0220250116&rpt_tp=831-003,https://www.kistep.re.kr/reportDownload.es?rpt_no=RES0220250116&seq=res_0026P@6,C:\Users\WINDOWS\OneDrive\知识库\智库信息爬虫\国际主要科技智库观点演变_研判\03_证据底稿\原文PDF\C-KISTEP-RES0220250116.pdf,C:\Users\WINDOWS\OneDrive\知识库\智库信息爬虫\国际主要科技智库观点演变_研判\03_证据底稿\文本\C-KISTEP-RES0220250116.txt,C:\Users\WINDOWS\OneDrive\知识库\智库信息爬虫\国际主要科技智库观点演变_研判\03_证据底稿\切片\C-KISTEP-RES0220250116.md,6299224,a66c427a18906106f6557b853fe129047524f31bf9c3b8d15a83511f5700f2ef,166,149044,可检索文本,官方PDF已保存并校验,,2026-08-22
C-KISTEP-RES0220250117,RES0220250117,831-003,예비타당성조사,2025-08-28,W3,2024년도 예비타당성조사 보고서 반도체첨단산업기술개발사업,강현규(예비타당성조사1센터),"반도체, 시스템반도체, 반도체 제조 장비, 반도체 제조 공정, 예비타당성조사",韩文,机构正式研究,核心科技直接材料,中国科技与国际比较；人工智能、数据与数字技术；半导体、量子与战略技术；科研体系、研发投入与评价；科技人才、大学与知识流动；产业创新、创业与区域体系；技术安全、供应链与国际合作；科技前瞻与未来社会；航天、核能与大型技术系统,P0-core-tech,https://www.kistep.re.kr/reportAllDetail.es?mid=a10305010000&rpt_no=RES0220250117&rpt_tp=831-003,https://www.kistep.re.kr/reportDownload.es?rpt_no=RES0220250117&seq=res_0026P@2,C:\Users\WINDOWS\OneDrive\知识库\智库信息爬虫\国际主要科技智库观点演变_研判\03_证据底稿\原文PDF\C-KISTEP-RES0220250117.pdf,C:\Users\WINDOWS\OneDrive\知识库\智库信息爬虫\国际主要科技智库观点演变_研判\03_证据底稿\文本\C-KISTEP-RES0220250117.txt,C:\Users\WINDOWS\OneDrive\知识库\智库信息爬虫\国际主要科技智库观点演变_研判\03_证据底稿\切片\C-KISTEP-RES0220250117.md,4141244,ddfb9c57314639fb13bce726c34b8866fce93fb49e39ae6e7f3e42f95bcb3fad,168,153080,可检索文本,官方PDF已保存并校验,,2026-08-22
C-KISTEP-RES0220250118,RES0220250118,831-003,예비타당성조사,2025-08-28,W3,2024년도 예비타당성조사 보고서 Clean-Air 기술개발사업,강현규(예비타당성조사1센터),"오존 및 초미세먼지 전구물질, 관측기기 개발, 저감장치 개발, 예비타당성조사",韩文,机构正式研究,科技创新政策与能力基线,科研体系、研发投入与评价,P2-STI-baseline,https://www.kistep.re.kr/reportAllDetail.es?mid=a10305010000&rpt_no=RES0220250118&rpt_tp=831-003,https://www.kistep.re.kr/reportDownload.es?rpt_no=RES0220250118&seq=res_0026P@2,,,,0,,0,0,官方目录无本地正文,官方目录元数据，附件未列入本批,,2026-08-22
C-KISTEP-RES0220250119,RES0220250119,831-003,예비타당성조사,2025-08-28,W3,2024년도 예비타당성조사 보고서 기후변화 적응 수재해 관리 기술개발사업,강현규(예비타당성조사1센터),"기후변화, 수재해, 가뭄 대응 기술, 홍수 대응 기술, 예비타당성조사",韩文,机构正式研究,科技创新政策与能力基线,能源、气候与绿色转型；科研体系、研发投入与评价,P2-STI-baseline,https://www.kistep.re.kr/reportAllDetail.es?mid=a10305010000&rpt_no=RES0220250119&rpt_tp=831-003,https://www.kistep.re.kr/reportDownload.es?rpt_no=RES0220250119&seq=res_0026P@4,,,,0,,0,0,官方目录无本地正文,官方目录元数据，附件未列入本批,,2026-08-22
C-KISTEP-RES0220250120,RES0220250120,831-003,예비타당성조사,2025-08-28,W3,2024년도 예비타당성조사 보고서 재난 및 안전관리 연구개발사업,강현규(예비타당성조사1센터),"재난안전, 자연재난, 사회재난, 안전사고, 예비타당성조사",韩文,机构正式研究,科技创新政策与能力基线,科研体系、研发投入与评价,P2-STI-baseline,https://www.kistep.re.kr/reportAllDetail.es?mid=a10305010000&rpt_no=RES0220250120&rpt_tp=831-003,https://www.kistep.re.kr/reportDownload.es?rpt_no=RES0220250120&seq=res_0026P@2,,,,0,,0,0,官方目录无本地正文,官方目录元数据，附件未列入本批,,2026-08-22
C-KISTEP-RES0220250121,RES0220250121,831-003,예비타당성조사,2025-08-28,W3,2024년도 예비타당성조사 보고서 한국형 수소환원제철 실증기술개발사업,강현규(예비타당성조사1센터),"탄소중립, 수소환원제철, 고로-전로, 철강산업, 예비타당성조사",韩文,机构正式研究,核心科技直接材料,能源、气候与绿色转型；科研体系、研发投入与评价；科技人才、大学与知识流动；产业创新、创业与区域体系；科技前瞻与未来社会,P0-core-tech,https://www.kistep.re.kr/reportAllDetail.es?mid=a10305010000&rpt_no=RES0220250121&rpt_tp=831-003,https://www.kistep.re.kr/reportDownload.es?rpt_no=RES0220250121&seq=res_0026P@6,C:\Users\WINDOWS\OneDrive\知识库\智库信息爬虫\国际主要科技智库观点演变_研判\03_证据底稿\原文PDF\C-KISTEP-RES0220250121.pdf,C:\Users\WINDOWS\OneDrive\知识库\智库信息爬虫\国际主要科技智库观点演变_研判\03_证据底稿\文本\C-KISTEP-RES0220250121.txt,C:\Users\WINDOWS\OneDrive\知识库\智库信息爬虫\国际主要科技智库观点演变_研判\03_证据底稿\切片\C-KISTEP-RES0220250121.md,8809901,4f193f9a182c44e3dd3247c732e89bdeaa60de73ecb8326a72064d24c29227cd,315,307639,可检索文本,官方PDF已保存并校验,,2026-08-22
C-KISTEP-RES0220250124,RES0220250124,831-003,예비타당성조사,2025-09-01,W3,2024년도 사업계획 적정성 검토 보고서 양자과학기술 플래그십 프로젝트 사업,강현규(예비타당성조사1센터),"양자과학기술, 양자컴퓨팅, 양자통신, 양자센싱, 예비타당성조사",韩文,机构正式研究,核心科技直接材料,中国科技与国际比较；人工智能、数据与数字技术；半导体、量子与战略技术；生命科学、生物技术与健康；科研体系、研发投入与评价；科技人才、大学与知识流动；产业创新、创业与区域体系；技术安全、供应链与国际合作；科技前瞻与未来社会；航天、核能与大型技术系统,P0-core-tech,https://www.kistep.re.kr/reportAllDetail.es?mid=a10305010000&rpt_no=RES0220250124&rpt_tp=831-003,https://www.kistep.re.kr/reportDownload.es?rpt_no=RES0220250124&seq=res_0026P@8,C:\Users\WINDOWS\OneDrive\知识库\智库信息爬虫\国际主要科技智库观点演变_研判\03_证据底稿\原文PDF\C-KISTEP-RES0220250124.pdf,C:\Users\WINDOWS\OneDrive\知识库\智库信息爬虫\国际主要科技智库观点演变_研判\03_证据底稿\文本\C-KISTEP-RES0220250124.txt,C:\Users\WINDOWS\OneDrive\知识库\智库信息爬虫\国际主要科技智库观点演变_研判\03_证据底稿\切片\C-KISTEP-RES0220250124.md,416820,a96de32e003e50abd6a903a59b3ebc89ab4154fbd1435cf4458f78773bd3aa36,40,31535,可检索文本,官方PDF已保存并校验,,2026-08-22
C-KISTEP-RES0220250125,RES0220250125,831-003,예비타당성조사,2025-09-01,W3,2024년도 사업계획 적정성 재검토 보고서 한미혁신성과창출R&D 사업,강현규(예비타당성조사2센터),"연구중심병원, 보건의료, 국제공동연구, 연구플랫폼(유닛), 예비타당성조사",韩文,机构正式研究,科技创新政策与能力基线,生命科学、生物技术与健康；科研体系、研发投入与评价；产业创新、创业与区域体系,P1-global-STI,https://www.kistep.re.kr/reportAllDetail.es?mid=a10305010000&rpt_no=RES0220250125&rpt_tp=831-003,https://www.kistep.re.kr/reportDownload.es?rpt_no=RES0220250125&seq=res_0026P@4,,,,0,,0,0,官方目录无本地正文,官方目录元数据，附件未列入本批,,2026-08-22
C-KISTEP-RES0220250122,RES0220250122,831-001,조사평가,2025-09-08,W3,기술사업화 사업군 특정평가 보고서,이일환(R&D평가센터),"기술사업화, 사업군 평가, 효과성 분석",韩文,机构正式研究,科技创新政策与能力基线,科研体系、研发投入与评价；产业创新、创业与区域体系,P2-STI-baseline,https://www.kistep.re.kr/reportAllDetail.es?mid=a10305010000&rpt_no=RES0220250122&rpt_tp=831-001,https://www.kistep.re.kr/reportDownload.es?rpt_no=RES0220250122&seq=res_0026P@1,,,,0,,0,0,官方目录无本地正文,官方目录元数据，附件未列入本批,,2026-08-22
C-KISTEP-RES0220250126,RES0220250126,831-003,예비타당성조사,2025-09-08,W3,2024년도 사업계획 적정성 재검토 보고서 글로벌 의사과학자 양성사업,강현규(예비타당성조사2센터),"의사과학자, 중개연구, 인력양성, 국제공동연구, 사업계획 적정성 재검토",韩文,机构正式研究,科技创新政策与能力基线,科技人才、大学与知识流动,P1-global-STI,https://www.kistep.re.kr/reportAllDetail.es?mid=a10305010000&rpt_no=RES0220250126&rpt_tp=831-003,https://www.kistep.re.kr/reportDownload.es?rpt_no=RES0220250126&seq=res_0026P@2,,,,0,,0,0,官方目录无本地正文,官方目录元数据，附件未列入本批,,2026-08-22
C-KISTEP-PRG0720250038,PRG0720250038,831-007,위탁/협동/공동연구보고서,2025-09-30,W3,기술 스케일업과 사업화 촉진을 위한 기술금융 모델 및 운영방안 연구,오동훈(와이젠글로벌(주)),,韩文,机构正式研究,科技创新政策与能力基线,产业创新、创业与区域体系,P2-STI-baseline,https://www.kistep.re.kr/reportAllDetail.es?mid=a10305010000&rpt_no=PRG0720250038&rpt_tp=831-007,https://www.kistep.re.kr/reportDownload.es?rpt_no=PRG0720250038&seq=prg_0071P@11,,,,0,,0,0,官方目录无本地正文,官方目录元数据，附件未列入本批,,2026-08-22
C-KISTEP-RES0220250128,RES0220250128,831-003,예비타당성조사,2025-10-10,W3,2024년도 사업계획 적정성 재검토 보고서 국가전략기술(첨단바이오) 특화연구소 육성·지원사업,강현규(예비타당성조사2센터),"첨단바이오, 디지털데이터분석활용, 글로벌 협력, 국제공동연구, 예비타당성조사",韩文,机构正式研究,核心科技直接材料,中国科技与国际比较；人工智能、数据与数字技术；半导体、量子与战略技术；生命科学、生物技术与健康；科研体系、研发投入与评价；科技人才、大学与知识流动；产业创新、创业与区域体系；技术安全、供应链与国际合作；科技前瞻与未来社会,P0-core-tech,https://www.kistep.re.kr/reportAllDetail.es?mid=a10305010000&rpt_no=RES0220250128&rpt_tp=831-003,https://www.kistep.re.kr/reportDownload.es?rpt_no=RES0220250128&seq=res_0026P@2,C:\Users\WINDOWS\OneDrive\知识库\智库信息爬虫\国际主要科技智库观点演变_研判\03_证据底稿\原文PDF\C-KISTEP-RES0220250128.pdf,C:\Users\WINDOWS\OneDrive\知识库\智库信息爬虫\国际主要科技智库观点演变_研判\03_证据底稿\文本\C-KISTEP-RES0220250128.txt,C:\Users\WINDOWS\OneDrive\知识库\智库信息爬虫\国际主要科技智库观点演变_研判\03_证据底稿\切片\C-KISTEP-RES0220250128.md,2609937,acd96013f37dae6039bed12f8b8a378a56cea80a41d98eeb7fcf6fb487a4f6a1,118,114552,可检索文本,官方PDF已保存并校验,,2026-08-22
C-KISTEP-RES0220250129,RES0220250129,831-001,조사평가,2025-10-21,W3,2025년 국가연구개발사업 상위점검 및 연구기관 상위평가,이일환(R&D평가센터),"국가연구개발사업, 국가연구개발사업 상위평가, 기관평가, 연구개발 효율성, 연구개발 성과 ",韩文,机构正式研究,科技创新政策与能力基线,科研体系、研发投入与评价,P2-STI-baseline,https://www.kistep.re.kr/reportAllDetail.es?mid=a10305010000&rpt_no=RES0220250129&rpt_tp=831-001,https://www.kistep.re.kr/reportDownload.es?rpt_no=RES0220250129&seq=res_0026P@2,,,,0,,0,0,官方目录无本地正文,官方目录元数据，附件未列入本批,,2026-08-22
C-KISTEP-PRG0720250039,PRG0720250039,831-007,위탁/협동/공동연구보고서,2025-10-23,W3,기술패권경쟁 대응을 위한 과학기술혁신정책 기능 검토 연구,이삼열((사)한국행정학회),"과학기술정책, 글로벌기술 패권경쟁, 스마트한 3등전략, 추진체계, 과학기술 혁신본부",韩文,机构正式研究,核心科技直接材料,中国科技与国际比较；人工智能、数据与数字技术；半导体、量子与战略技术；生命科学、生物技术与健康；能源、气候与绿色转型；科研体系、研发投入与评价；科技人才、大学与知识流动；产业创新、创业与区域体系；技术安全、供应链与国际合作；航天、核能与大型技术系统,P0-core-tech,https://www.kistep.re.kr/reportAllDetail.es?mid=a10305010000&rpt_no=PRG0720250039&rpt_tp=831-007,https://www.kistep.re.kr/reportDownload.es?rpt_no=PRG0720250039&seq=prg_0071P@13,C:\Users\WINDOWS\OneDrive\知识库\智库信息爬虫\国际主要科技智库观点演变_研判\03_证据底稿\原文PDF\C-KISTEP-PRG0720250039.pdf,C:\Users\WINDOWS\OneDrive\知识库\智库信息爬虫\国际主要科技智库观点演变_研判\03_证据底稿\文本\C-KISTEP-PRG0720250039.txt,C:\Users\WINDOWS\OneDrive\知识库\智库信息爬虫\国际主要科技智库观点演变_研判\03_证据底稿\切片\C-KISTEP-PRG0720250039.md,3772041,14649416a7aa9732245e2e8a9bca9a73a25a43cd022228cd82aece03775f2887,205,215919,可检索文本,官方PDF已保存并校验,,2026-08-22
C-KISTEP-RES0220250130,RES0220250130,831-002,정책기획,2025-10-28,W3,2025년도 과학기술분야 중장기계획 편람,홍정석(과학기술정책센터),"중장기계획, 연계맵, 과학, 기술, 조사‧분석 ",韩文,机构正式研究,科技创新政策与能力基线,科技创新政策与研究体系,P2-STI-baseline,https://www.kistep.re.kr/reportAllDetail.es?mid=a10305010000&rpt_no=RES0220250130&rpt_tp=831-002,https://www.kistep.re.kr/reportDownload.es?rpt_no=RES0220250130&seq=res_0026P@4,,,,0,,0,0,官方目录无本地正文,官方目录元数据，附件未列入本批,,2026-08-22
C-KISTEP-RES0220250132,RES0220250132,831-002,정책기획,2025-10-30,W3,데이터 기반의 해외 우수연구자 탐색 및 네트워킹 지원체계 구축,김상일(글로벌R&D협력센터),"데이터 기반, 해외 연구자, 탐색, 네트워킹, 지원체계",韩文,机构正式研究,核心科技直接材料,人工智能、数据与数字技术；半导体、量子与战略技术；科研体系、研发投入与评价；科技人才、大学与知识流动；产业创新、创业与区域体系；技术安全、供应链与国际合作,P0-core-tech,https://www.kistep.re.kr/reportAllDetail.es?mid=a10305010000&rpt_no=RES0220250132&rpt_tp=831-002,https://www.kistep.re.kr/reportDownload.es?rpt_no=RES0220250132&seq=res_0026P@3,C:\Users\WINDOWS\OneDrive\知识库\智库信息爬虫\国际主要科技智库观点演变_研判\03_证据底稿\原文PDF\C-KISTEP-RES0220250132.pdf,C:\Users\WINDOWS\OneDrive\知识库\智库信息爬虫\国际主要科技智库观点演变_研判\03_证据底稿\文本\C-KISTEP-RES0220250132.txt,C:\Users\WINDOWS\OneDrive\知识库\智库信息爬虫\国际主要科技智库观点演变_研判\03_证据底稿\切片\C-KISTEP-RES0220250132.md,15939370,8ad784f54531fc1eabd51c4994481c8e76ac0e51050b50bbd4db66e8f5d132f4,166,148107,可检索文本,官方PDF已保存并校验,,2026-08-22
C-KISTEP-PRG0720250051,PRG0720250051,831-007,위탁/협동/공동연구보고서,2025-11-19,W3,임무중심형 혁신정책(MOIP) 적용을 통한 정부 R&D 예산 운영의 효율화 전략 연구: 로봇 분야 사례 분석,봉선학(주식회사 티비앤에이),"임무중심형 혁신정책, 전략기술, 전략적 R&D, R&D효율성, 기술주권",韩文,机构正式研究,核心科技直接材料,半导体、量子与战略技术；科研体系、研发投入与评价；产业创新、创业与区域体系；科技前瞻与未来社会；航天、核能与大型技术系统,P0-core-tech,https://www.kistep.re.kr/reportAllDetail.es?mid=a10305010000&rpt_no=PRG0720250051&rpt_tp=831-007,https://www.kistep.re.kr/reportDownload.es?rpt_no=PRG0720250051&seq=prg_0071P@10,C:\Users\WINDOWS\OneDrive\知识库\智库信息爬虫\国际主要科技智库观点演变_研判\03_证据底稿\原文PDF\C-KISTEP-PRG0720250051.pdf,C:\Users\WINDOWS\OneDrive\知识库\智库信息爬虫\国际主要科技智库观点演变_研判\03_证据底稿\文本\C-KISTEP-PRG0720250051.txt,C:\Users\WINDOWS\OneDrive\知识库\智库信息爬虫\国际主要科技智库观点演变_研判\03_证据底稿\切片\C-KISTEP-PRG0720250051.md,6631074,8e8b72017a888d5ecb53990c4c3039f8b56f5bd297e98a4154bda02c0bcacb4d,108,112178,可检索文本,官方PDF已保存并校验,,2026-08-22
C-KISTEP-PRG0720250047,PRG0720250047,831-007,위탁/협동/공동연구보고서,2025-11-27,W3,구축형R&D 조사체계 고도화를 위한 임무적절성 검토기준 및  방안 마련 연구,문혜선(㈜한국혁신경제연구소),,韩文,机构正式研究,科技创新政策与能力基线,科技创新政策与研究体系,P2-STI-baseline,https://www.kistep.re.kr/reportAllDetail.es?mid=a10305010000&rpt_no=PRG0720250047&rpt_tp=831-007,https://www.kistep.re.kr/reportDownload.es?rpt_no=PRG0720250047&seq=prg_0071P@5,,,,0,,0,0,官方目录无本地正文,官方目录元数据，附件未列入本批,,2026-08-22
C-KISTEP-PRG0720250048,PRG0720250048,831-007,위탁/협동/공동연구보고서,2025-11-28,W3,예비타당성조사 체계 개선안을 반영한 법령 개정안 마련 연구,이세정(한국법제연구원),,韩文,机构正式研究,科技创新政策与能力基线,科研体系、研发投入与评价,P2-STI-baseline,https://www.kistep.re.kr/reportAllDetail.es?mid=a10305010000&rpt_no=PRG0720250048&rpt_tp=831-007,https://www.kistep.re.kr/reportDownload.es?rpt_no=PRG0720250048&seq=prg_0071P@5,,,,0,,0,0,官方目录无本地正文,官方目录元数据，附件未列入本批,,2026-08-22
C-KISTEP-PRG0720250049,PRG0720250049,831-007,위탁/협동/공동연구보고서,2025-11-28,W3,과학기술 논문성과 분석연구(2010-2024),김선태(전북대학교산학협력단),,韩文,机构正式研究,科技创新政策与能力基线,科研体系、研发投入与评价,P2-STI-baseline,https://www.kistep.re.kr/reportAllDetail.es?mid=a10305010000&rpt_no=PRG0720250049&rpt_tp=831-007,https://www.kistep.re.kr/reportDownload.es?rpt_no=PRG0720250049&seq=prg_0071P@5,,,,0,,0,0,官方目录无本地正文,官方目录元数据，附件未列入本批,,2026-08-22
C-KISTEP-PRG0720250050,PRG0720250050,831-007,위탁/협동/공동연구보고서,2025-11-28,W3,동시수행 연구개발과제 수 제한(3책5공) 제도개선 연구,봉선학(주식회사 티비앤에이),,韩文,机构正式研究,科技创新政策与能力基线,科研体系、研发投入与评价,P2-STI-baseline,https://www.kistep.re.kr/reportAllDetail.es?mid=a10305010000&rpt_no=PRG0720250050&rpt_tp=831-007,https://www.kistep.re.kr/reportDownload.es?rpt_no=PRG0720250050&seq=prg_0071P@8,,,,0,,0,0,官方目录无本地正文,官方目录元数据，附件未列入本批,,2026-08-22
C-KISTEP-RES0220250134,RES0220250134,831-003,예비타당성조사,2025-12-02,W3,2025년도 사업계획 적정성 재검토 보고서 해외우수연구기관 협력허브구축사업,강현규(예비타당성조사2센터),"국제공동연구, 협력 플랫폼, 해외우수연구기관, 국제협력, 적정성 재검토",韩文,机构正式研究,科技创新政策与能力基线,技术安全、供应链与国际合作,P1-global-STI,https://www.kistep.re.kr/reportAllDetail.es?mid=a10305010000&rpt_no=RES0220250134&rpt_tp=831-003,https://www.kistep.re.kr/reportDownload.es?rpt_no=RES0220250134&seq=res_0026P@2,,,,0,,0,0,官方目录无本地正文,官方目录元数据，附件未列入本批,,2026-08-22
C-KISTEP-PRG0720250052,PRG0720250052,831-007,위탁/협동/공동연구보고서,2025-12-17,W3,2025년 과학기술외교 아카데미 구축·운영,최숙정(국가과학기술인력개발원),"과학기술외교, 과학기술외교인재, 과학기술외교역량, 교육훈련",韩文,机构正式研究,科技创新政策与能力基线,科技人才、大学与知识流动；技术安全、供应链与国际合作,P2-STI-baseline,https://www.kistep.re.kr/reportAllDetail.es?mid=a10305010000&rpt_no=PRG0720250052&rpt_tp=831-007,https://www.kistep.re.kr/reportDownload.es?rpt_no=PRG0720250052&seq=prg_0071P@9,,,,0,,0,0,官方目录无本地正文,官方目录元数据，附件未列入本批,,2026-08-22
C-KISTEP-PRG0720250053,PRG0720250053,831-007,위탁/협동/공동연구보고서,2025-12-19,W3,지역 자율 R&D 정책방향 수립을 위한 정책 연구,배정회(주식회사 혁신경영),,韩文,机构正式研究,科技创新政策与能力基线,科研体系、研发投入与评价；产业创新、创业与区域体系,P2-STI-baseline,https://www.kistep.re.kr/reportAllDetail.es?mid=a10305010000&rpt_no=PRG0720250053&rpt_tp=831-007,https://www.kistep.re.kr/reportDownload.es?rpt_no=PRG0720250053&seq=prg_0071P@8,,,,0,,0,0,官方目录无本地正文,官方目录元数据，附件未列入本批,,2026-08-22
C-KISTEP-PRG0720260002,PRG0720260002,831-007,위탁/협동/공동연구보고서,2025-12-29,W3,글로벌 R&D 성과지표 개발 활용,박철호(국가녹색기술연구소),"글로벌 R&D, 성과지표, R&D 평가, 국제공동연구, 국제협력",韩文,机构正式研究,科技创新政策与能力基线,科研体系、研发投入与评价；技术安全、供应链与国际合作,P1-global-STI,https://www.kistep.re.kr/reportAllDetail.es?mid=a10305010000&rpt_no=PRG0720260002&rpt_tp=831-007,https://www.kistep.re.kr/reportDownload.es?rpt_no=PRG0720260002&seq=prg_0071P@5,,,,0,,0,0,官方目录无本地正文,官方目录元数据，附件未列入本批,,2026-08-22
C-KISTEP-PRG0720260003,PRG0720260003,831-007,위탁/협동/공동연구보고서,2025-12-31,W3,연구보안 전문인력 양성 교과과정 개발,장항배(중앙대학교 산학협력단),"연구보안, 신뢰가능한 연구환경, 연구보안 내실화, 연구보안 교육, 연구보안 전문인력 양성",韩文,机构正式研究,科技创新政策与能力基线,科技人才、大学与知识流动,P2-STI-baseline,https://www.kistep.re.kr/reportAllDetail.es?mid=a10305010000&rpt_no=PRG0720260003&rpt_tp=831-007,https://www.kistep.re.kr/reportDownload.es?rpt_no=PRG0720260003&seq=prg_0071P@6,,,,0,,0,0,官方目录无本地正文,官方目录元数据，附件未列入本批,,2026-08-22
C-KISTEP-PRG0720260004,PRG0720260004,831-007,위탁/협동/공동연구보고서,2025-12-31,W3,연구보안 실무 전문인력 양성 교육과정 운영에 관한 연구,조용민(국가과학기술인력개발원)," 연구보안, 연구보안교육, 연구보안 전문인력, 교육운영",韩文,机构正式研究,科技创新政策与能力基线,科技人才、大学与知识流动,P2-STI-baseline,https://www.kistep.re.kr/reportAllDetail.es?mid=a10305010000&rpt_no=PRG0720260004&rpt_tp=831-007,https://www.kistep.re.kr/reportDownload.es?rpt_no=PRG0720260004&seq=prg_0071P@6,,,,0,,0,0,官方目录无本地正文,官方目录元数据，附件未列入本批,,2026-08-22
C-KISTEP-PRG0720260021,PRG0720260021,831-007,위탁/협동/공동연구보고서,2025-12-31,W3,범부처 연구지원시스템 운영을 위한 사용자 온·오프라인 교육 및 학습 플랫폼 지원_최종보고서,조무관(국가과학기술인력개발원),"범부처 통합  연구지원시스템, 사용자 교육  개발, 연구관리 전문기관",韩文,机构正式研究,科技创新政策与能力基线,科技创新政策与研究体系,P2-STI-baseline,https://www.kistep.re.kr/reportAllDetail.es?mid=a10305010000&rpt_no=PRG0720260021&rpt_tp=831-007,https://www.kistep.re.kr/reportDownload.es?rpt_no=PRG0720260021&seq=prg_0071P@7,,,,0,,0,0,官方目录无本地正文,官方目录元数据，附件未列入本批,,2026-08-22
C-KISTEP-RES0220260001,RES0220260001,831-002,정책기획,2026-01-06,W3,기술패권경쟁 시대 리스크 대응을 위한 글로벌 공급망 분석 연구_firm-level data 분석을 중심으로,이승필(글로벌R&D혁신센터),"기업 데이터, 글로벌공급망, 미중패권경쟁, 수출통제, 이머징 산업‧기술",韩文,机构正式研究,核心科技直接材料,中国科技与国际比较；人工智能、数据与数字技术；半导体、量子与战略技术；产业创新、创业与区域体系；技术安全、供应链与国际合作,P0-China-tech,https://www.kistep.re.kr/reportAllDetail.es?mid=a10305010000&rpt_no=RES0220260001&rpt_tp=831-002,https://www.kistep.re.kr/reportDownload.es?rpt_no=RES0220260001&seq=res_0026P@3,C:\Users\WINDOWS\OneDrive\知识库\智库信息爬虫\国际主要科技智库观点演变_研判\03_证据底稿\原文PDF\C-KISTEP-RES0220260001.pdf,C:\Users\WINDOWS\OneDrive\知识库\智库信息爬虫\国际主要科技智库观点演变_研判\03_证据底稿\文本\C-KISTEP-RES0220260001.txt,C:\Users\WINDOWS\OneDrive\知识库\智库信息爬虫\国际主要科技智库观点演变_研判\03_证据底稿\切片\C-KISTEP-RES0220260001.md,315964,9ae1340c0b775158d7fd8ba67a9a81ce75ed9b61a864711bb3063f7a339e726f,1,279,可检索文本,官方PDF已保存并校验,,2026-08-22
C-KISTEP-RES0220260002,RES0220260002,831-003,예비타당성조사,2026-01-06,W3,2024년도 사업계획 적정성 검토 미래 판기술 프로젝트 사업,강현규(예비타당성조사1센터),"혁신·도전, 알키미스트, 경쟁형 자유공모, 총괄형지원, 사업계획 적정성 검토",韩文,机构正式研究,科技创新政策与能力基线,产业创新、创业与区域体系；科技前瞻与未来社会,P1-global-STI,https://www.kistep.re.kr/reportAllDetail.es?mid=a10305010000&rpt_no=RES0220260002&rpt_tp=831-003,https://www.kistep.re.kr/reportDownload.es?rpt_no=RES0220260002&seq=res_0026P@2,,,,0,,0,0,官方目录无本地正文,官方目录元数据，附件未列入本批,,2026-08-22
C-KISTEP-RES0220260003,RES0220260003,831-005,사업조정,2026-01-06,W3,AI 분야 유망 분야 탐색을 통한 R&D 예산 투자 효율화 연구,박창현(R&D예산정책센터),"AI 분야, R&D예산, R&D정책, 예산배분, 정부연구개발",韩文,机构正式研究,核心科技直接材料,中国科技与国际比较；人工智能、数据与数字技术；半导体、量子与战略技术；生命科学、生物技术与健康；能源、气候与绿色转型；科研体系、研发投入与评价；科技人才、大学与知识流动；产业创新、创业与区域体系；科技前瞻与未来社会,P0-core-tech,https://www.kistep.re.kr/reportAllDetail.es?mid=a10305010000&rpt_no=RES0220260003&rpt_tp=831-005,https://www.kistep.re.kr/reportDownload.es?rpt_no=RES0220260003&seq=res_0026P@2,C:\Users\WINDOWS\OneDrive\知识库\智库信息爬虫\国际主要科技智库观点演变_研判\03_证据底稿\原文PDF\C-KISTEP-RES0220260003.pdf,C:\Users\WINDOWS\OneDrive\知识库\智库信息爬虫\国际主要科技智库观点演变_研判\03_证据底稿\文本\C-KISTEP-RES0220260003.txt,C:\Users\WINDOWS\OneDrive\知识库\智库信息爬虫\国际主要科技智库观点演变_研判\03_证据底稿\切片\C-KISTEP-RES0220260003.md,18167400,92c34393b790596950bab663ce5de59d6e38a5d057e7d82fd340c0a6a1708fa7,312,301385,可检索文本,官方PDF已保存并校验,,2026-08-22
C-KISTEP-RES0220260008,RES0220260008,831-002,정책기획,2026-01-19,W3,2025년 과학기술 국제협력 네트워크 구축 및 강화 연구,진영현(글로벌R&D협력센터),"과학기술혁신, 국제협력, 네트워크, 개도국, 교육훈련 프로그램 ",韩文,机构正式研究,科技创新政策与能力基线,产业创新、创业与区域体系；技术安全、供应链与国际合作,P1-global-STI,https://www.kistep.re.kr/reportAllDetail.es?mid=a10305010000&rpt_no=RES0220260008&rpt_tp=831-002,https://www.kistep.re.kr/reportDownload.es?rpt_no=RES0220260008&seq=res_0026P@1,,,,0,,0,0,官方目录无本地正文,官方目录元数据，附件未列入本批,,2026-08-22
C-KISTEP-RES0220260010,RES0220260010,831-007,위탁/협동/공동연구보고서,2026-01-22,W3,국가R&D 기획∙관리 지원서비스 구축,이혁성(표준화기획센터),"국가과학기술지식정보서비스, R&D 사업관리, 국가연구개발사업 조사‧분석, 연구개발활동조사, 예산정보, 정책정보, 과학기술통계, 성과평가, 심층분석",韩文,机构正式研究,科技创新政策与能力基线,科研体系、研发投入与评价；科技人才、大学与知识流动,P2-STI-baseline,https://www.kistep.re.kr/reportAllDetail.es?mid=a10305010000&rpt_no=RES0220260010&rpt_tp=831-007,https://www.kistep.re.kr/reportDownload.es?rpt_no=RES0220260010&seq=res_0026P@4,,,,0,,0,0,官方目录无本地正文,官方目录元数据，附件未列入本批,,2026-08-22
C-KISTEP-RES0220260012,RES0220260012,831-005,사업조정,2026-01-22,W3,2025년 전략적 R&D예산 배분 및 편성을 위한 정책기반 구축에 관한 연구,강현규(R&D예산정책센터)," R&D 투자, 기술동향분석, R&D 예산 정책, 이슈 분석, 투자 효율화",韩文,机构正式研究,科技创新政策与能力基线,科研体系、研发投入与评价,P2-STI-baseline,https://www.kistep.re.kr/reportAllDetail.es?mid=a10305010000&rpt_no=RES0220260012&rpt_tp=831-005,https://www.kistep.re.kr/reportDownload.es?rpt_no=RES0220260012&seq=res_0026P@5,,,,0,,0,0,官方目录无本地正文,官方目录元数据，附件未列入本批,,2026-08-22
C-KISTEP-RES0220260013,RES0220260013,831-002,정책기획,2026-01-23,W3,연구자권익보호위원회 운영,서지현(연구윤리자산보호센터),"제재처분, 행정처분, 연구자권익보호, 재검토위원회, 연구부정행위",韩文,机构正式研究,科技创新政策与能力基线,科技人才、大学与知识流动；技术安全、供应链与国际合作,P2-STI-baseline,https://www.kistep.re.kr/reportAllDetail.es?mid=a10305010000&rpt_no=RES0220260013&rpt_tp=831-002,https://www.kistep.re.kr/reportDownload.es?rpt_no=RES0220260013&seq=res_0026P@3,,,,0,,0,0,官方目录无本地正文,官方目录元数据，附件未列入本批,,2026-08-22
C-KISTEP-RES0220260017,RES0220260017,831-003,예비타당성조사,2026-01-26,W3,2025년도 사업계획 적정성 재검토 보고서 보스턴 코리아 공동연구 지원사업,강현규(예비타당성조사2센터),"국제협력R&D, 첨단바이오, 보스턴-코리아 프로젝트, 사업계획 적정성 재검토",韩文,机构正式研究,核心科技直接材料,生命科学、生物技术与健康；技术安全、供应链与国际合作,P0-core-tech,https://www.kistep.re.kr/reportAllDetail.es?mid=a10305010000&rpt_no=RES0220260017&rpt_tp=831-003,https://www.kistep.re.kr/reportDownload.es?rpt_no=RES0220260017&seq=res_0026P@2,C:\Users\WINDOWS\OneDrive\知识库\智库信息爬虫\国际主要科技智库观点演变_研判\03_证据底稿\原文PDF\C-KISTEP-RES0220260017.pdf,C:\Users\WINDOWS\OneDrive\知识库\智库信息爬虫\国际主要科技智库观点演变_研判\03_证据底稿\文本\C-KISTEP-RES0220260017.txt,C:\Users\WINDOWS\OneDrive\知识库\智库信息爬虫\国际主要科技智库观点演变_研判\03_证据底稿\切片\C-KISTEP-RES0220260017.md,94456969,ec957e4697cc77a52acf37bed526b458e15d43dcaa9a064ec0b2ca94f00f3870,172,4535,图像型PDF，OCR待补,官方PDF已保存并校验,,2026-08-22
C-KISTEP-RES0220260009,RES0220260009,831-002,정책기획,2026-01-27,W3,KISTEP Think 2026 과학기술혁신정책 아젠다 발굴 연구,"이경재, 황지호(전략기획센터)","과학기술혁신정책, 연구개발전략, 핵심 아젠다, 전략과제, 정책홍보",韩文,机构正式研究,科技创新政策与能力基线,科研体系、研发投入与评价；产业创新、创业与区域体系,P2-STI-baseline,https://www.kistep.re.kr/reportAllDetail.es?mid=a10305010000&rpt_no=RES0220260009&rpt_tp=831-002,https://www.kistep.re.kr/reportDownload.es?rpt_no=RES0220260009&seq=res_0026P@2,,,,0,,0,0,官方目录无本地正文,官方目录元数据，附件未列入本批,,2026-08-22
C-KISTEP-RES0220260015,RES0220260015,831-002,정책기획,2026-01-27,W3,혁신도전형 R&D 육성을 위한 정책 고도화 기반 연구,오현환(혁신도전R&D정책센터),"혁신도전형 R&D, 제도 고도화, 정책 기반 연구, 민관 협력 생태계, 글로벌 네트워크 구축",韩文,机构正式研究,科技创新政策与能力基线,科研体系、研发投入与评价；产业创新、创业与区域体系,P1-global-STI,https://www.kistep.re.kr/reportAllDetail.es?mid=a10305010000&rpt_no=RES0220260015&rpt_tp=831-002,https://www.kistep.re.kr/reportDownload.es?rpt_no=RES0220260015&seq=res_0026P@4,,,,0,,0,0,官方目录无本地正文,官方目录元数据，附件未列入本批,,2026-08-22
C-KISTEP-RES0220260016,RES0220260016,831-005,사업조정,2026-01-27,W3,2025년도 글로벌 R&D 투자동향 분석,홍미영(사업조정전략센터),"R&D 예산, R&D 정책, 정부R&D 투자방향, 투자 전략성",韩文,机构正式研究,科技创新政策与能力基线,科研体系、研发投入与评价,P1-global-STI,https://www.kistep.re.kr/reportAllDetail.es?mid=a10305010000&rpt_no=RES0220260016&rpt_tp=831-005,https://www.kistep.re.kr/reportDownload.es?rpt_no=RES0220260016&seq=res_0026P@4,,,,0,,0,0,官方目录无本地正文,官方目录元数据，附件未列入本批,,2026-08-22
C-KISTEP-RES0220260014,RES0220260014,831-005,사업조정,2026-01-29,W3,2025년도 R&D 예산  배분·조정 지원전략 수립 연구,전승수(사업조정전략센터)," 예산배분, R&D 투자 포트폴리오, R&D 투자 전략, 과학기술, 심의지원체계",韩文,机构正式研究,科技创新政策与能力基线,科研体系、研发投入与评价,P2-STI-baseline,https://www.kistep.re.kr/reportAllDetail.es?mid=a10305010000&rpt_no=RES0220260014&rpt_tp=831-005,https://www.kistep.re.kr/reportDownload.es?rpt_no=RES0220260014&seq=res_0026P@4,,,,0,,0,0,官方目录无本地正文,官方目录元数据，附件未列入本批,,2026-08-22
C-KISTEP-RES0220260019,RES0220260019,831-002,정책기획,2026-01-29,W3,과학기술외교 추진전략 및 체계기반 구축 연구,진영현(글로벌R&D협력센터),"과학기술외교, 과학기술협력 전략,외교전략, 과학기술외교 포럼, 과학기술외교 교육･훈련",韩文,机构正式研究,科技创新政策与能力基线,技术安全、供应链与国际合作,P1-global-STI,https://www.kistep.re.kr/reportAllDetail.es?mid=a10305010000&rpt_no=RES0220260019&rpt_tp=831-002,https://www.kistep.re.kr/reportDownload.es?rpt_no=RES0220260019&seq=res_0026P@1,,,,0,,0,0,官方目录无本地正文,官方目录元数据，附件未列入本批,,2026-08-22
C-KISTEP-RES0220260021,RES0220260021,831-001,조사평가,2026-01-29,W3,2024년도 연구개발활동조사보고서,한웅용(혁신정보분석센터),"연구개발비, 연구개발인력, 공공부문연구개발, 민간부문연구개발, 통계",韩文,机构正式研究,科技创新政策与能力基线,科研体系、研发投入与评价；科技人才、大学与知识流动,P2-STI-baseline,https://www.kistep.re.kr/reportAllDetail.es?mid=a10305010000&rpt_no=RES0220260021&rpt_tp=831-001,https://www.kistep.re.kr/reportDownload.es?rpt_no=RES0220260021&seq=res_0026P@5,,,,0,,0,0,官方目录无本地正文,官方目录元数据，附件未列入本批,,2026-08-22
C-KISTEP-RES0220260022,RES0220260022,831-001,조사평가,2026-01-29,W3,국가연구개발사업 간접비 산출 및 제도 운영에 관한 연구,구명회(제도혁신센터),"국가연구개발사업, 대학, 간접비고시비율",韩文,机构正式研究,科技创新政策与能力基线,科研体系、研发投入与评价；科技人才、大学与知识流动,P2-STI-baseline,https://www.kistep.re.kr/reportAllDetail.es?mid=a10305010000&rpt_no=RES0220260022&rpt_tp=831-001,https://www.kistep.re.kr/reportDownload.es?rpt_no=RES0220260022&seq=res_0026P@3,,,,0,,0,0,官方目录无本地正文,官方目录元数据，附件未列入本批,,2026-08-22
C-KISTEP-RES0220260024,RES0220260024,831-003,예비타당성조사,2026-02-02,W3,2024년도 예비타당성조사 보고서 CCU 메가프로젝트,홍미영(연구개발타당성분석1센터),"CCU, 발전, 석유·정유화확, 철강·시멘트, 예비타당성조사",韩文,机构正式研究,科技创新政策与能力基线,科研体系、研发投入与评价,P2-STI-baseline,https://www.kistep.re.kr/reportAllDetail.es?mid=a10305010000&rpt_no=RES0220260024&rpt_tp=831-003,https://www.kistep.re.kr/reportDownload.es?rpt_no=RES0220260024&seq=res_0026P@3,,,,0,,0,0,官方目录无本地正文,官方目录元数据，附件未列入本批,,2026-08-22
C-KISTEP-RES0220260026,RES0220260026,831-002,정책기획,2026-02-02,W3,미래이슈 발굴 및 유망기술 모니터링 분석 연구,손석호(기술예측센터),"미래 이슈, 유망기술, 예측·전략 네트워크, 예측 방법론, 탄소중립",韩文,机构正式研究,科技创新政策与能力基线,能源、气候与绿色转型；科技前瞻与未来社会,P2-STI-baseline,https://www.kistep.re.kr/reportAllDetail.es?mid=a10305010000&rpt_no=RES0220260026&rpt_tp=831-002,https://www.kistep.re.kr/reportDownload.es?rpt_no=RES0220260026&seq=res_0026P@4,,,,0,,0,0,官方目录无本地正文,官方目录元数据，附件未列入本批,,2026-08-22
C-KISTEP-RES0220260029,RES0220260029,831-006,미래예측,2026-02-04,W3,2025년 기술영향평가,오건웅(기술예측센터),"기술영향평가, 유망기술, 시민참여, 미래예측",韩文,机构正式研究,科技创新政策与能力基线,科研体系、研发投入与评价；科技前瞻与未来社会,P2-STI-baseline,https://www.kistep.re.kr/reportAllDetail.es?mid=a10305010000&rpt_no=RES0220260029&rpt_tp=831-006,https://www.kistep.re.kr/reportDownload.es?rpt_no=RES0220260029&seq=res_0026P@2,,,,0,,0,0,官方目录无本地正文,官方目录元数据，附件未列入本批,,2026-08-22
C-KISTEP-RES0220260030,RES0220260030,831-006,미래예측,2026-02-04,W3,2025국가과학기술표준분류 체계의 개선 및 활용기반 구축,황병용(기술예측센터),"과학기술, 표준분류체계, 개선",韩文,机构正式研究,科技创新政策与能力基线,科技创新政策与研究体系,P2-STI-baseline,https://www.kistep.re.kr/reportAllDetail.es?mid=a10305010000&rpt_no=RES0220260030&rpt_tp=831-006,https://www.kistep.re.kr/reportDownload.es?rpt_no=RES0220260030&seq=res_0026P@2,,,,0,,0,0,官方目录无本地正文,官方目录元数据，附件未列入本批,,2026-08-22
C-KISTEP-RES0220260033,RES0220260033,831-006,미래예측,2026-02-05,W3,2025년 기술수준평가(2차년도),정의진(기술예측센터),"기술수준평가, 기술격차, 국가전략기술, 델파이 설문조사, 정성분석",韩文,机构正式研究,核心科技直接材料,半导体、量子与战略技术；科研体系、研发投入与评价,P0-core-tech,https://www.kistep.re.kr/reportAllDetail.es?mid=a10305010000&rpt_no=RES0220260033&rpt_tp=831-006,https://www.kistep.re.kr/reportDownload.es?rpt_no=RES0220260033&seq=res_0026P@22,,,,0,,0,0,官方目录无本地正文,官方目录元数据，附件未列入本批,,2026-08-22
C-KISTEP-RES0220260035,RES0220260035,831-005,사업조정,2026-02-05,W3,2025년 데이터 기반 R&D예산배분조정 지원체계 구축 연구,정지훈(거대공공사업센터),"예산배분조정, 증거기반, 데이터기반, 재난·안전, 의사결정 지원",韩文,机构正式研究,核心科技直接材料,人工智能、数据与数字技术；能源、气候与绿色转型；科研体系、研发投入与评价；科技人才、大学与知识流动；产业创新、创业与区域体系；科技前瞻与未来社会；航天、核能与大型技术系统,P0-core-tech,https://www.kistep.re.kr/reportAllDetail.es?mid=a10305010000&rpt_no=RES0220260035&rpt_tp=831-005,https://www.kistep.re.kr/reportDownload.es?rpt_no=RES0220260035&seq=res_0026P@2,C:\Users\WINDOWS\OneDrive\知识库\智库信息爬虫\国际主要科技智库观点演变_研判\03_证据底稿\原文PDF\C-KISTEP-RES0220260035.pdf,C:\Users\WINDOWS\OneDrive\知识库\智库信息爬虫\国际主要科技智库观点演变_研判\03_证据底稿\文本\C-KISTEP-RES0220260035.txt,C:\Users\WINDOWS\OneDrive\知识库\智库信息爬虫\国际主要科技智库观点演变_研判\03_证据底稿\切片\C-KISTEP-RES0220260035.md,12693880,24953759dbf1cf3ce17e4d9350b271a2ef38b86b157b276d69359c615f0439f0,200,192813,可检索文本,官方PDF已保存并校验,,2026-08-22
C-KISTEP-RES0220260032,RES0220260032,831-002,정책기획,2026-02-06,W3,2025년 이슈페이퍼 및 정책브리프 발간을 통한  정책역량 강화방안 연구,황지호(전략기획센터),"이슈페이퍼, 정책브리프, 리서치브리프, 발간, 만족도 조사  ",韩文,机构正式研究,科技创新政策与能力基线,科技创新政策与研究体系,P2-STI-baseline,https://www.kistep.re.kr/reportAllDetail.es?mid=a10305010000&rpt_no=RES0220260032&rpt_tp=831-002,https://www.kistep.re.kr/reportDownload.es?rpt_no=RES0220260032&seq=res_0026P@2,,,,0,,0,0,官方目录无本地正文,官方目录元数据，附件未列入本批,,2026-08-22
C-KISTEP-RES0220260034,RES0220260034,831-004,성과확산,2026-02-06,W3,2025년  과학기술혁신정책·전략 네트워크 강화 연구,최대승(부원장실)," 정책 네트워크, KISTEP 펠로우십 프로그램, 혁신정책 콜로키움, 과학기술 혁신정책, 신진연구자 풀뿌리 과제",韩文,机构正式研究,科技创新政策与能力基线,科技人才、大学与知识流动；产业创新、创业与区域体系,P2-STI-baseline,https://www.kistep.re.kr/reportAllDetail.es?mid=a10305010000&rpt_no=RES0220260034&rpt_tp=831-004,https://www.kistep.re.kr/reportDownload.es?rpt_no=RES0220260034&seq=res_0026P@2,,,,0,,0,0,官方目录无本地正文,官方目录元数据，附件未列入本批,,2026-08-22
C-KISTEP-RES0220260004,RES0220260004,831-001,조사평가,2026-02-08,W3,2025년 과학기술정책의 과학화 기반구축 연구,송화연(혁신정보분석센터),"과학기술 정책의 과학화, 증거기반, 정책 의사결정, 빅데이터 플랫폼, 생성형 인공지능",韩文,机构正式研究,核心科技直接材料,人工智能、数据与数字技术；科研体系、研发投入与评价,P0-core-tech,https://www.kistep.re.kr/reportAllDetail.es?mid=a10305010000&rpt_no=RES0220260004&rpt_tp=831-001,https://www.kistep.re.kr/reportDownload.es?rpt_no=RES0220260004&seq=res_0026P@2,C:\Users\WINDOWS\OneDrive\知识库\智库信息爬虫\国际主要科技智库观点演变_研判\03_证据底稿\原文PDF\C-KISTEP-RES0220260004.pdf,C:\Users\WINDOWS\OneDrive\知识库\智库信息爬虫\国际主要科技智库观点演变_研判\03_证据底稿\文本\C-KISTEP-RES0220260004.txt,C:\Users\WINDOWS\OneDrive\知识库\智库信息爬虫\国际主要科技智库观点演变_研判\03_证据底稿\切片\C-KISTEP-RES0220260004.md,73211304,23a7ad4f0c1a07280c4e4a26011a3606c9a32c7adc57c5e1547d51a1cf39cc49,322,214552,韩文OCR可检索文本,官方PDF已保存并完成韩文OCR,,2026-08-22
C-KISTEP-RES0220260036,RES0220260036,831-001,조사평가,2026-02-08,W3,2024년 국가연구개발사업 조사·분석,김한울(혁신정보분석센터),"조사분석, 정부, 연구개발, 투자, 통계",韩文,机构正式研究,科技创新政策与能力基线,科研体系、研发投入与评价,P2-STI-baseline,https://www.kistep.re.kr/reportAllDetail.es?mid=a10305010000&rpt_no=RES0220260036&rpt_tp=831-001,https://www.kistep.re.kr/reportDownload.es?rpt_no=RES0220260036&seq=res_0026P@3,,,,0,,0,0,官方目录无本地正文,官方目录元数据，附件未列入本批,,2026-08-22
C-KISTEP-RES0220260037,RES0220260037,831-003,예비타당성조사,2026-02-08,W3,2025년 R&D사업 예비타당성조사 일관성 제고를 위한  조사체계 개선방향 연구,강현규(예비타당성조사1센터),"예비타당성조사, 연구개발사업, 과학기술적 타당성, 정책적 타당성, 경제적 타당성",韩文,机构正式研究,科技创新政策与能力基线,科研体系、研发投入与评价,P2-STI-baseline,https://www.kistep.re.kr/reportAllDetail.es?mid=a10305010000&rpt_no=RES0220260037&rpt_tp=831-003,https://www.kistep.re.kr/reportDownload.es?rpt_no=RES0220260037&seq=res_0026P@2,,,,0,,0,0,官方目录无本地正文,官方目录元数据，附件未列入本批,,2026-08-22
C-KISTEP-RES0220260005,RES0220260005,831-001,조사평가,2026-02-09,W3,2025년도 국가연구개발사업 중간평가 상위점검 보고서,이일환(R&D평가센터),"국가연구개발사업, 국가연구개발사업 상위점검, 중간평가, 연구개발 효율성, 연구개발 성과",韩文,机构正式研究,科技创新政策与能力基线,科研体系、研发投入与评价,P2-STI-baseline,https://www.kistep.re.kr/reportAllDetail.es?mid=a10305010000&rpt_no=RES0220260005&rpt_tp=831-001,https://www.kistep.re.kr/reportDownload.es?rpt_no=RES0220260005&seq=res_0026P@2,,,,0,,0,0,官方目录无本地正文,官方目录元数据，附件未列入本批,,2026-08-22
C-KISTEP-PRG0720260005,PRG0720260005,831-007,위탁/협동/공동연구보고서,2026-02-10,W3,범부처 기술 육성 보호체계 정비 방안에 관한 연구,서용석(한국과학기술원),,韩文,机构正式研究,科技创新政策与能力基线,科技创新政策与研究体系,P2-STI-baseline,https://www.kistep.re.kr/reportAllDetail.es?mid=a10305010000&rpt_no=PRG0720260005&rpt_tp=831-007,https://www.kistep.re.kr/reportDownload.es?rpt_no=PRG0720260005&seq=prg_0071P@5,,,,0,,0,0,官方目录无本地正文,官方目录元数据，附件未列入本批,,2026-08-22
C-KISTEP-RES0220250135,RES0220250135,831-004,성과확산,2026-02-10,W3,2025년 과학기술 분야 R&D 제도 혁신 기반 연구,김주호(제도혁신센터),"R&D 관리 제도, 국가연구개발혁신법, 국제공동연구",韩文,机构正式研究,科技创新政策与能力基线,科研体系、研发投入与评价；产业创新、创业与区域体系,P1-global-STI,https://www.kistep.re.kr/reportAllDetail.es?mid=a10305010000&rpt_no=RES0220250135&rpt_tp=831-004,https://www.kistep.re.kr/reportDownload.es?rpt_no=RES0220250135&seq=res_0026P@2,,,,0,,0,0,官方目录无本地正文,官方目录元数据，附件未列入本批,,2026-08-22
C-KISTEP-RES0220260041,RES0220260041,831-003,예비타당성조사,2026-02-10,W3,2025년 국가R&D사업 사전분석 전문 네트워크 구축 및 역량 강화,안상진(예비타당성조사1센터),"예비타당성조사, 국가연구개발사업, R&D사전분석콜로키움, 예비타당성조사 교육, 전문가 세미나",韩文,机构正式研究,科技创新政策与能力基线,科研体系、研发投入与评价,P2-STI-baseline,https://www.kistep.re.kr/reportAllDetail.es?mid=a10305010000&rpt_no=RES0220260041&rpt_tp=831-003,https://www.kistep.re.kr/reportDownload.es?rpt_no=RES0220260041&seq=res_0026P@2,,,,0,,0,0,官方目录无本地正文,官方目录元数据，附件未列入本批,,2026-08-22
C-KISTEP-RES0220260011,RES0220260011,831-005,사업조정,2026-02-11,W3,2025년 국가연구개발 투자 핵심이슈 발굴 및 아젠다 수립 연구,전승수(생명기초사업센터),"근거 기반 R&D, 글로벌 기술 동향, 혁신정책, 정부R&D 투자, 핵심 전략기술",韩文,机构正式研究,核心科技直接材料,中国科技与国际比较；人工智能、数据与数字技术；半导体、量子与战略技术；生命科学、生物技术与健康；能源、气候与绿色转型；科研体系、研发投入与评价；科技人才、大学与知识流动；产业创新、创业与区域体系；技术安全、供应链与国际合作；科技前瞻与未来社会；航天、核能与大型技术系统,P0-core-tech,https://www.kistep.re.kr/reportAllDetail.es?mid=a10305010000&rpt_no=RES0220260011&rpt_tp=831-005,https://www.kistep.re.kr/reportDownload.es?rpt_no=RES0220260011&seq=res_0026P@6,C:\Users\WINDOWS\OneDrive\知识库\智库信息爬虫\国际主要科技智库观点演变_研判\03_证据底稿\原文PDF\C-KISTEP-RES0220260011.pdf,C:\Users\WINDOWS\OneDrive\知识库\智库信息爬虫\国际主要科技智库观点演变_研判\03_证据底稿\文本\C-KISTEP-RES0220260011.txt,C:\Users\WINDOWS\OneDrive\知识库\智库信息爬虫\国际主要科技智库观点演变_研判\03_证据底稿\切片\C-KISTEP-RES0220260011.md,37794581,3c66b57e374c364c38e5d9478e2c7e235634d5693cebdb9dcada9abe609a00fe,470,485330,可检索文本,官方PDF已保存并校验,,2026-08-22
C-KISTEP-RES0220260038,RES0220260038,831-005,사업조정,2026-02-11,W3,주요국의 대형 연구형 R&D사업의 사전검토 체계 분석 연구,이광현(사업조정전략센터),"R&D 사전평가, 사전평가-예산 연계, 도전혁신 R&D, 사전평가 체계개선",韩文,机构正式研究,科技创新政策与能力基线,科研体系、研发投入与评价；产业创新、创业与区域体系,P2-STI-baseline,https://www.kistep.re.kr/reportAllDetail.es?mid=a10305010000&rpt_no=RES0220260038&rpt_tp=831-005,https://www.kistep.re.kr/reportDownload.es?rpt_no=RES0220260038&seq=res_0026P@2,,,,0,,0,0,官方目录无本地正文,官方目录元数据，附件未列入本批,,2026-08-22
C-KISTEP-RES0220260027,RES0220260027,831-004,성과확산,2026-02-18,W3,정부R&D 등록·기탁 성과물 심층분석 연구,강경탁(성과확산센터)," 정부R&D, R&D성과, R&D 성과정책, R&D 성과관리·활용, R&D 등록·기탁 성과물",韩文,机构正式研究,科技创新政策与能力基线,科研体系、研发投入与评价,P2-STI-baseline,https://www.kistep.re.kr/reportAllDetail.es?mid=a10305010000&rpt_no=RES0220260027&rpt_tp=831-004,https://www.kistep.re.kr/reportDownload.es?rpt_no=RES0220260027&seq=res_0026P@2,,,,0,,0,0,官方目录无本地正文,官方目录元数据，附件未列入本批,,2026-08-22
C-KISTEP-RES0220260039,RES0220260039,831-005,사업조정,2026-02-18,W3,원헬스 구현을 위한 정부 지원전략 연구 - R&D부문의 역할과 체계를 중심으로 -,"박지현, 김종란(생명기초사업센터)","원헬스, 질병-X,  팬데믹, 인수공통감염병, 항생제 내성",韩文,机构正式研究,科技创新政策与能力基线,生命科学、生物技术与健康,P2-STI-baseline,https://www.kistep.re.kr/reportAllDetail.es?mid=a10305010000&rpt_no=RES0220260039&rpt_tp=831-005,https://www.kistep.re.kr/reportDownload.es?rpt_no=RES0220260039&seq=res_0026P@4,,,,0,,0,0,官方目录无本地正文,官方目录元数据，附件未列入本批,,2026-08-22
C-KISTEP-RES0220260042,RES0220260042,831-003,예비타당성조사,2026-02-18,W3,2025년도 사업계획 적정성 재검토 보고서 차세대발사체개발사업,강현규(예비타당성조사2센터),"발사체, 재사용발사체, 우주개발, 우주수송, 사업계획 적정성 재검토 ",韩文,机构正式研究,核心科技直接材料,半导体、量子与战略技术；科研体系、研发投入与评价；科技人才、大学与知识流动；产业创新、创业与区域体系；技术安全、供应链与国际合作；航天、核能与大型技术系统,P0-core-tech,https://www.kistep.re.kr/reportAllDetail.es?mid=a10305010000&rpt_no=RES0220260042&rpt_tp=831-003,https://www.kistep.re.kr/reportDownload.es?rpt_no=RES0220260042&seq=res_0026P@6,C:\Users\WINDOWS\OneDrive\知识库\智库信息爬虫\国际主要科技智库观点演变_研判\03_证据底稿\原文PDF\C-KISTEP-RES0220260042.pdf,C:\Users\WINDOWS\OneDrive\知识库\智库信息爬虫\国际主要科技智库观点演变_研判\03_证据底稿\文本\C-KISTEP-RES0220260042.txt,C:\Users\WINDOWS\OneDrive\知识库\智库信息爬虫\国际主要科技智库观点演变_研判\03_证据底稿\切片\C-KISTEP-RES0220260042.md,1232198,e2372de92577dc7347156b2a562e007eb06d498b044e0f598afc6ff84a10bb97,56,45301,可检索文本,官方PDF已保存并校验,,2026-08-22
C-KISTEP-RES0220260006,RES0220260006,831-001,조사평가,2026-02-19,W3,학생인건비통합관리제 기획 및 운영,박일주(제도혁신센터),"학생인건비, 학생인건비통합관리, 학생연구자",韩文,机构正式研究,科技创新政策与能力基线,科技人才、大学与知识流动,P2-STI-baseline,https://www.kistep.re.kr/reportAllDetail.es?mid=a10305010000&rpt_no=RES0220260006&rpt_tp=831-001,https://www.kistep.re.kr/reportDownload.es?rpt_no=RES0220260006&seq=res_0026P@3,,,,0,,0,0,官方目录无本地正文,官方目录元数据，附件未列入本批,,2026-08-22
C-KISTEP-RES0220260047,RES0220260047,831-001,조사평가,2026-02-19,W3,2025년 국가연구개발사업 상위점검 및 연구기관 상위평가,이일환(R&D평가센터),"국가연구개발사업, 국가연구개발사업 상위평가, 기관평가, 연구개발 효율성, 연구개발 성과 ",韩文,机构正式研究,科技创新政策与能力基线,科研体系、研发投入与评价,P2-STI-baseline,https://www.kistep.re.kr/reportAllDetail.es?mid=a10305010000&rpt_no=RES0220260047&rpt_tp=831-001,https://www.kistep.re.kr/reportDownload.es?rpt_no=RES0220260047&seq=res_0026P@2,,,,0,,0,0,官方目录无本地正文,官方目录元数据，附件未列入本批,,2026-08-22
C-KISTEP-RES0220260045,RES0220260045,831-002,정책기획,2026-02-21,W3,과학기술정책 특위·협의회 운영지원 연구,오현환(과학기술정책센터)," 미래인재, 기초연구, 지역혁신정책, 연구개발 투자, 정책조정",韩文,机构正式研究,科技创新政策与能力基线,科研体系、研发投入与评价；科技人才、大学与知识流动；产业创新、创业与区域体系；科技前瞻与未来社会,P2-STI-baseline,https://www.kistep.re.kr/reportAllDetail.es?mid=a10305010000&rpt_no=RES0220260045&rpt_tp=831-002,https://www.kistep.re.kr/reportDownload.es?rpt_no=RES0220260045&seq=res_0026P@4,,,,0,,0,0,官方目录无本地正文,官方目录元数据，附件未列入本批,,2026-08-22
C-KISTEP-RES0220260044,RES0220260044,831-002,정책기획,2026-02-23,W3,연구개발지원단 육성지원사업(정책연구센터),권명화(지역혁신정책센터),"연구개발지원단, 지역 R&D, R&D기반 혁신 시스템, 지역 R&D효율성 제고, 지역 R&D 조사 분석",韩文,机构正式研究,科技创新政策与能力基线,科研体系、研发投入与评价；产业创新、创业与区域体系,P2-STI-baseline,https://www.kistep.re.kr/reportAllDetail.es?mid=a10305010000&rpt_no=RES0220260044&rpt_tp=831-002,https://www.kistep.re.kr/reportDownload.es?rpt_no=RES0220260044&seq=res_0026P@2,,,,0,,0,0,官方目录无本地正文,官方目录元数据，附件未列入本批,,2026-08-22
C-KISTEP-RES0220260049,RES0220260049,831-001,조사평가,2026-02-23,W3,연구지원 체계평가 운영에 관한 연구,안병민(제도혁신센터),"국가연구개발, 연구지원역량, 연구지원체계, 대학",韩文,机构正式研究,科技创新政策与能力基线,科研体系、研发投入与评价；科技人才、大学与知识流动,P2-STI-baseline,https://www.kistep.re.kr/reportAllDetail.es?mid=a10305010000&rpt_no=RES0220260049&rpt_tp=831-001,https://www.kistep.re.kr/reportDownload.es?rpt_no=RES0220260049&seq=res_0026P@2,,,,0,,0,0,官方目录无本地正文,官方目录元数据，附件未列入本批,,2026-08-22
C-KISTEP-RES0220260056,RES0220260056,831-002,정책기획,2026-02-23,W3,과학기술 분야 해외센터 정보 접근성 개선 시범 연구,최동혁(글로벌R&D혁신센터),"해외 R&D 센터, 동적 3D 시각화",韩文,机构正式研究,科技创新政策与能力基线,科研体系、研发投入与评价,P1-global-STI,https://www.kistep.re.kr/reportAllDetail.es?mid=a10305010000&rpt_no=RES0220260056&rpt_tp=831-002,https://www.kistep.re.kr/reportDownload.es?rpt_no=RES0220260056&seq=res_0026P@2,,,,0,,0,0,官方目录无本地正文,官方目录元数据，附件未列入本批,,2026-08-22
C-KISTEP-RES0220260057,RES0220260057,831-002,정책기획,2026-02-23,W3,지역 혁신생태계 활성화를 위한 대학과 출연(연) 역할 강화 방안 연구,권명화(지역혁신정책센터),"지역혁신생태계, 혁신자원분석, 생태계기반 정책설계, 지역혁신역량진단",韩文,机构正式研究,科技创新政策与能力基线,科技人才、大学与知识流动；产业创新、创业与区域体系,P2-STI-baseline,https://www.kistep.re.kr/reportAllDetail.es?mid=a10305010000&rpt_no=RES0220260057&rpt_tp=831-002,https://www.kistep.re.kr/reportDownload.es?rpt_no=RES0220260057&seq=res_0026P@2,,,,0,,0,0,官方目录无本地正文,官方目录元数据，附件未列入本批,,2026-08-22
C-KISTEP-RES0220260062,RES0220260062,831-003,예비타당성조사,2026-02-23,W3,2025년도 국가연구개발사업 예비타당성조사 대상선정,정정규(예비타당성조사2센터),"예타 대상선정, 기술성평가",韩文,机构正式研究,科技创新政策与能力基线,科研体系、研发投入与评价,P2-STI-baseline,https://www.kistep.re.kr/reportAllDetail.es?mid=a10305010000&rpt_no=RES0220260062&rpt_tp=831-003,https://www.kistep.re.kr/reportDownload.es?rpt_no=RES0220260062&seq=res_0026P@2,,,,0,,0,0,官方目录无本地正文,官方目录元数据，附件未列入本批,,2026-08-22
C-KISTEP-RES0220260051,RES0220260051,831-001,조사평가,2026-02-24,W3,전략적·도전적 R&D 맞춤형 특정평가 방법론 개발,김동영(R&D평가센터),"특정평가, 성과평가, 사업평가, 맞춤형 평가, 평가 전략",韩文,机构正式研究,科技创新政策与能力基线,科研体系、研发投入与评价,P2-STI-baseline,https://www.kistep.re.kr/reportAllDetail.es?mid=a10305010000&rpt_no=RES0220260051&rpt_tp=831-001,https://www.kistep.re.kr/reportDownload.es?rpt_no=RES0220260051&seq=res_0026P@2,,,,0,,0,0,官方目录无本地正文,官方目录元数据，附件未列入本批,,2026-08-22
C-KISTEP-RES0220260053,RES0220260053,831-004,성과확산,2026-02-24,W3,국가연구개발 연구성과 관리‧활용 실태조사 최종보고서,김주희(성과확산센터),"연구성과, 성과활용, 국가연구개발사업, 실태조사, 성과관리",韩文,机构正式研究,科技创新政策与能力基线,科研体系、研发投入与评价,P2-STI-baseline,https://www.kistep.re.kr/reportAllDetail.es?mid=a10305010000&rpt_no=RES0220260053&rpt_tp=831-004,https://www.kistep.re.kr/reportDownload.es?rpt_no=RES0220260053&seq=res_0026P@2,,,,0,,0,0,官方目录无本地正文,官方目录元数据，附件未列入本批,,2026-08-22
C-KISTEP-RES0220260054,RES0220260054,831-004,성과확산,2026-02-24,W3,국가연구개발사업 연구윤리 고도화 방안 연구,서지현(연구윤리자산보호센터),"연구윤리, 국가연구개발사업, 권익보호, 행정처분, 연구진실성",韩文,机构正式研究,科技创新政策与能力基线,科研体系、研发投入与评价,P2-STI-baseline,https://www.kistep.re.kr/reportAllDetail.es?mid=a10305010000&rpt_no=RES0220260054&rpt_tp=831-004,https://www.kistep.re.kr/reportDownload.es?rpt_no=RES0220260054&seq=res_0026P@2,,,,0,,0,0,官方目录无本地正文,官方目录元数据，附件未列入本批,,2026-08-22
C-KISTEP-RES0220260059,RES0220260059,831-002,정책기획,2026-02-24,W3,국가전략기술 테크인텔리전스 구축·운영 및 정책 고도화 연구,"김진용, 윤희정(전략기술정책센터)","국가전략기술, 테크인텔리전스, 기술패권, 기술주권, 인공지능",韩文,机构正式研究,核心科技直接材料,中国科技与国际比较；人工智能、数据与数字技术；半导体、量子与战略技术；生命科学、生物技术与健康；能源、气候与绿色转型；科研体系、研发投入与评价；科技人才、大学与知识流动；产业创新、创业与区域体系；技术安全、供应链与国际合作；科技前瞻与未来社会,P0-core-tech,https://www.kistep.re.kr/reportAllDetail.es?mid=a10305010000&rpt_no=RES0220260059&rpt_tp=831-002,https://www.kistep.re.kr/reportDownload.es?rpt_no=RES0220260059&seq=res_0026P@2,C:\Users\WINDOWS\OneDrive\知识库\智库信息爬虫\国际主要科技智库观点演变_研判\03_证据底稿\原文PDF\C-KISTEP-RES0220260059.pdf,C:\Users\WINDOWS\OneDrive\知识库\智库信息爬虫\国际主要科技智库观点演变_研判\03_证据底稿\文本\C-KISTEP-RES0220260059.txt,C:\Users\WINDOWS\OneDrive\知识库\智库信息爬虫\国际主要科技智库观点演变_研判\03_证据底稿\切片\C-KISTEP-RES0220260059.md,15210640,fee0f7fa649a4b643496960f5035071246c639cf76d66d8a81a723ad533546b1,140,110898,可检索文本,官方PDF已保存并校验,,2026-08-22
C-KISTEP-RES0220260061,RES0220260061,831-002,정책기획,2026-02-24,W3,과학기술 국제기구 및 다자협력 강화 방안 연구,강진원(글로벌R&D협력센터),"다자협력, 국제기구, 다자협력체, 분류, 유사도 분석",韩文,机构正式研究,科技创新政策与能力基线,科技创新政策与研究体系,P1-global-STI,https://www.kistep.re.kr/reportAllDetail.es?mid=a10305010000&rpt_no=RES0220260061&rpt_tp=831-002,https://www.kistep.re.kr/reportDownload.es?rpt_no=RES0220260061&seq=res_0026P@6,,,,0,,0,0,官方目录无本地正文,官方目录元数据，附件未列入本批,,2026-08-22
C-KISTEP-RES0220260063,RES0220260063,831-005,사업조정,2026-02-24,W3,출연연의 합리적 예산 배분‧조정을 위한 기관 가치 기준 탐색 연구,"전수용, 황덕규(투자기획조정센터)","출연연, 연구기관 성과, 연구기관 가치, 예산배분조정",韩文,机构正式研究,科技创新政策与能力基线,科研体系、研发投入与评价,P2-STI-baseline,https://www.kistep.re.kr/reportAllDetail.es?mid=a10305010000&rpt_no=RES0220260063&rpt_tp=831-005,https://www.kistep.re.kr/reportDownload.es?rpt_no=RES0220260063&seq=res_0026P@2,,,,0,,0,0,官方目录无本地正文,官方目录元数据，附件未列入本批,,2026-08-22
C-KISTEP-RES0220260028,RES0220260028,831-002,정책기획,2026-02-25,W3,2025년 과학기술혁신정책 스코어보드 개발 연구,오현환(인재정책센터),스코어보드; 과학기술인력; 지역; 혁신역량; 사회문제,韩文,机构正式研究,科技创新政策与能力基线,科技人才、大学与知识流动；产业创新、创业与区域体系,P2-STI-baseline,https://www.kistep.re.kr/reportAllDetail.es?mid=a10305010000&rpt_no=RES0220260028&rpt_tp=831-002,https://www.kistep.re.kr/reportDownload.es?rpt_no=RES0220260028&seq=res_0026P@10,,,,0,,0,0,官方目录无本地正文,官方目录元数据，附件未列入本批,,2026-08-22
C-KISTEP-RES0220260046,RES0220260046,831-002,정책기획,2026-02-25,W3,2025년도 과학기술혁신정책 핵심이슈 발굴 및 인텔리전스 기능강화 연구,오현환(과학기술정책센터),"과학기술혁신정책, 인텔리전스, 확산, KISTEP 이슈페이퍼, KISTEP 정책브리프",韩文,机构正式研究,科技创新政策与能力基线,产业创新、创业与区域体系,P2-STI-baseline,https://www.kistep.re.kr/reportAllDetail.es?mid=a10305010000&rpt_no=RES0220260046&rpt_tp=831-002,https://www.kistep.re.kr/reportDownload.es?rpt_no=RES0220260046&seq=res_0026P@4,,,,0,,0,0,官方目录无本地正文,官方目录元数据，附件未列入本批,,2026-08-22
C-KISTEP-RES0220260048,RES0220260048,831-002,정책기획,2026-02-25,W3,2024년도 과학기술분야 중장기계획 조사·분석,홍정석(과학기술정책센터),"중장기계획, 연계 맵, 과학·기술·혁신 정책, 정책분석, 조사·분석",韩文,机构正式研究,科技创新政策与能力基线,产业创新、创业与区域体系,P2-STI-baseline,https://www.kistep.re.kr/reportAllDetail.es?mid=a10305010000&rpt_no=RES0220260048&rpt_tp=831-002,https://www.kistep.re.kr/reportDownload.es?rpt_no=RES0220260048&seq=res_0026P@4,,,,0,,0,0,官方目录无本地正文,官方目录元数据，附件未列入本批,,2026-08-22
C-KISTEP-RES0220260058,RES0220260058,831-004,성과확산,2026-02-25,W3,2025년 연구성과 관리‧활용 및 운영지원,김주희(성과확산센터),"연구성과 관리, 연구성과 활용, 연구관리전문기관, 우수성과 100선, 연구성과 관리‧유통 전담기관",韩文,机构正式研究,科技创新政策与能力基线,科研体系、研发投入与评价,P2-STI-baseline,https://www.kistep.re.kr/reportAllDetail.es?mid=a10305010000&rpt_no=RES0220260058&rpt_tp=831-004,https://www.kistep.re.kr/reportDownload.es?rpt_no=RES0220260058&seq=res_0026P@2,,,,0,,0,0,官方目录无本地正文,官方目录元数据，附件未列入本批,,2026-08-22
C-KISTEP-RES0220260060,RES0220260060,831-001,조사평가,2026-02-25,W3,2025년 성과평가 정책수립·운영 및 평가실시,이일환(R&D평가센터),"국가연구개발사업평가, 특정평가, 성과평가 체계 선진화, 성과평가 기본계획, 전략계획서",韩文,机构正式研究,科技创新政策与能力基线,科研体系、研发投入与评价,P2-STI-baseline,https://www.kistep.re.kr/reportAllDetail.es?mid=a10305010000&rpt_no=RES0220260060&rpt_tp=831-001,https://www.kistep.re.kr/reportDownload.es?rpt_no=RES0220260060&seq=res_0026P@4,,,,0,,0,0,官方目录无本地正文,官方目录元数据，附件未列入本批,,2026-08-22
C-KISTEP-RES0220260065,RES0220260065,831-001,조사평가,2026-02-25,W3,2025년 과학기술통계 분석과 통계백서,정하선(혁신정보분석센터),"과학기술, 통계, 지표/지수, 백서, 추세",韩文,机构正式研究,科技创新政策与能力基线,科技创新政策与研究体系,P2-STI-baseline,https://www.kistep.re.kr/reportAllDetail.es?mid=a10305010000&rpt_no=RES0220260065&rpt_tp=831-001,https://www.kistep.re.kr/reportDownload.es?rpt_no=RES0220260065&seq=res_0026P@8,,,,0,,0,0,官方目录无本地正文,官方目录元数据，附件未列入本批,,2026-08-22
C-KISTEP-RES0220260068,RES0220260068,831-001,조사평가,2026-02-25,W3,2025년 국가 과학기술혁신역량평가 연구,변영호(혁신정보분석센터),과학기술 혁신역량 혁신역량 지수 OECD 과학기술 국가혁신역량,韩文,机构正式研究,科技创新政策与能力基线,科研体系、研发投入与评价；产业创新、创业与区域体系,P2-STI-baseline,https://www.kistep.re.kr/reportAllDetail.es?mid=a10305010000&rpt_no=RES0220260068&rpt_tp=831-001,https://www.kistep.re.kr/reportDownload.es?rpt_no=RES0220260068&seq=res_0026P@4,,,,0,,0,0,官方目录无本地正文,官方目录元数据，附件未列入本批,,2026-08-22
C-KISTEP-RES0220260070,RES0220260070,831-004,성과확산,2026-02-25,W3,2025년 R&D 투자의 성과 활성화 정책이슈 분석 연구,엄익천(성과확산센터),"R&D 성과, 효율성, 기술이전사업화, 정책이, 정책이슈",韩文,机构正式研究,科技创新政策与能力基线,科研体系、研发投入与评价；产业创新、创业与区域体系,P2-STI-baseline,https://www.kistep.re.kr/reportAllDetail.es?mid=a10305010000&rpt_no=RES0220260070&rpt_tp=831-004,https://www.kistep.re.kr/reportDownload.es?rpt_no=RES0220260070&seq=res_0026P@4,,,,0,,0,0,官方目录无本地正文,官方目录元数据，附件未列入本批,,2026-08-22
C-KISTEP-RES0220260069,RES0220260069,831-002,정책기획,2026-02-26,W3,바이오기술 사업화 촉진 방안 연구 - 산·학·연·병 협력 및 민간 자본 유입을 중심으로 -,유나리(R&D예산정책센터),"보건산업정책, 바이오R&D예산, 바이오산업, 산·학·연·병, 바이오기술 사업화",韩文,机构正式研究,核心科技直接材料,半导体、量子与战略技术；生命科学、生物技术与健康；科研体系、研发投入与评价；科技人才、大学与知识流动；产业创新、创业与区域体系,P0-core-tech,https://www.kistep.re.kr/reportAllDetail.es?mid=a10305010000&rpt_no=RES0220260069&rpt_tp=831-002,https://www.kistep.re.kr/reportDownload.es?rpt_no=RES0220260069&seq=res_0026P@4,C:\Users\WINDOWS\OneDrive\知识库\智库信息爬虫\国际主要科技智库观点演变_研判\03_证据底稿\原文PDF\C-KISTEP-RES0220260069.pdf,C:\Users\WINDOWS\OneDrive\知识库\智库信息爬虫\国际主要科技智库观点演变_研判\03_证据底稿\文本\C-KISTEP-RES0220260069.txt,C:\Users\WINDOWS\OneDrive\知识库\智库信息爬虫\国际主要科技智库观点演变_研判\03_证据底稿\切片\C-KISTEP-RES0220260069.md,81301859,b5ebd2cb4623d95232be5730ff24e91febeff4b6808680ad61a6cc5c7d5635c2,297,159411,可检索文本,官方PDF已保存并校验,,2026-08-22
C-KISTEP-RES0220260071,RES0220260071,831-004,성과확산,2026-02-26,W3,연구관리 전문기관 효율화 개선 연구,유지연(성과확산센터),"정부R&D, 연구관리 전문기관, 효율화, 서비스 만족도 조사, 기획평가성과관리 ",韩文,机构正式研究,科技创新政策与能力基线,科研体系、研发投入与评价,P2-STI-baseline,https://www.kistep.re.kr/reportAllDetail.es?mid=a10305010000&rpt_no=RES0220260071&rpt_tp=831-004,https://www.kistep.re.kr/reportDownload.es?rpt_no=RES0220260071&seq=res_0026P@2,,,,0,,0,0,官方目录无本地正文,官方目录元数据，附件未列入本批,,2026-08-22
C-KISTEP-RES0220260050,RES0220260050,831-002,정책기획,2026-02-27,W3,문제해결 R&D 포트폴리오 및 AI 기반 사회적 가치 측정 표준 프로세스 연구,김현오(사회혁신정책팀),"사회문제 해결, 투자 추세, 표준 프로세스, 사회적 가치, 고령화",韩文,机构正式研究,核心科技直接材料,人工智能、数据与数字技术；生命科学、生物技术与健康；科研体系、研发投入与评价；科技人才、大学与知识流动；产业创新、创业与区域体系；技术安全、供应链与国际合作；科技前瞻与未来社会,P0-core-tech,https://www.kistep.re.kr/reportAllDetail.es?mid=a10305010000&rpt_no=RES0220260050&rpt_tp=831-002,https://www.kistep.re.kr/reportDownload.es?rpt_no=RES0220260050&seq=res_0026P@2,C:\Users\WINDOWS\OneDrive\知识库\智库信息爬虫\国际主要科技智库观点演变_研判\03_证据底稿\原文PDF\C-KISTEP-RES0220260050.pdf,C:\Users\WINDOWS\OneDrive\知识库\智库信息爬虫\国际主要科技智库观点演变_研判\03_证据底稿\文本\C-KISTEP-RES0220260050.txt,C:\Users\WINDOWS\OneDrive\知识库\智库信息爬虫\国际主要科技智库观点演变_研判\03_证据底稿\切片\C-KISTEP-RES0220260050.md,2247229,a02282b5579894d7f66b3a53ed73932428cbb1a404476491e351a2334cbfdb3d,228,187228,可检索文本,官方PDF已保存并校验,,2026-08-22
C-KISTEP-RES0220260066,RES0220260066,831-002,정책기획,2026-02-27,W3,2025년 글로벌 과학기술 & ICT 정책·기술 동향 분석,송원아(과학기술정책센터),"과학기술혁신, 혁신전략, 미래기술, 신성장동력, 국가혁신시스템",韩文,机构正式研究,科技创新政策与能力基线,产业创新、创业与区域体系；科技前瞻与未来社会,P1-global-STI,https://www.kistep.re.kr/reportAllDetail.es?mid=a10305010000&rpt_no=RES0220260066&rpt_tp=831-002,https://www.kistep.re.kr/reportDownload.es?rpt_no=RES0220260066&seq=res_0026P@4,,,,0,,0,0,官方目录无本地正文,官方目录元数据，附件未列入本批,,2026-08-22
C-KISTEP-RES0220260067,RES0220260067,831-005,사업조정,2026-02-27,W3,국방분야 민간 첨단기술의 신속적용을 위한 투자전략 탐색연구,"전수용, 김상준(투자기획조정센터)"," 신속연구, 민군협력, 국방R&D, 단기실증",韩文,机构正式研究,核心科技直接材料,人工智能、数据与数字技术；半导体、量子与战略技术；生命科学、生物技术与健康；科研体系、研发投入与评价；科技人才、大学与知识流动；产业创新、创业与区域体系；科技前瞻与未来社会；航天、核能与大型技术系统,P0-core-tech,https://www.kistep.re.kr/reportAllDetail.es?mid=a10305010000&rpt_no=RES0220260067&rpt_tp=831-005,https://www.kistep.re.kr/reportDownload.es?rpt_no=RES0220260067&seq=res_0026P@2,C:\Users\WINDOWS\OneDrive\知识库\智库信息爬虫\国际主要科技智库观点演变_研判\03_证据底稿\原文PDF\C-KISTEP-RES0220260067.pdf,C:\Users\WINDOWS\OneDrive\知识库\智库信息爬虫\国际主要科技智库观点演变_研判\03_证据底稿\文本\C-KISTEP-RES0220260067.txt,C:\Users\WINDOWS\OneDrive\知识库\智库信息爬虫\国际主要科技智库观点演变_研判\03_证据底稿\切片\C-KISTEP-RES0220260067.md,3085824,e10703bcfb22665187a5f1e44cd21fdfc7c972631682e258e33c7155a787f5bf,176,147239,可检索文本,官方PDF已保存并校验,,2026-08-22
C-KISTEP-RES0220260072,RES0220260072,831-002,정책기획,2026-02-27,W3,양자분야 유망기술 도출 및 투자 효율성 제고를 위한 정책 지원 방안 연구,이주희(R&D예산정책센터),"양자유망기술, 글로벌 양자 생태계, 투자 효율성, 기업 성장 전략, 정책 지원 방안",韩文,机构正式研究,核心科技直接材料,中国科技与国际比较；人工智能、数据与数字技术；半导体、量子与战略技术；能源、气候与绿色转型；科研体系、研发投入与评价；科技人才、大学与知识流动；产业创新、创业与区域体系；技术安全、供应链与国际合作；科技前瞻与未来社会；航天、核能与大型技术系统,P0-core-tech,https://www.kistep.re.kr/reportAllDetail.es?mid=a10305010000&rpt_no=RES0220260072&rpt_tp=831-002,https://www.kistep.re.kr/reportDownload.es?rpt_no=RES0220260072&seq=res_0026P@2,C:\Users\WINDOWS\OneDrive\知识库\智库信息爬虫\国际主要科技智库观点演变_研判\03_证据底稿\原文PDF\C-KISTEP-RES0220260072.pdf,C:\Users\WINDOWS\OneDrive\知识库\智库信息爬虫\国际主要科技智库观点演变_研判\03_证据底稿\文本\C-KISTEP-RES0220260072.txt,C:\Users\WINDOWS\OneDrive\知识库\智库信息爬虫\国际主要科技智库观点演变_研判\03_证据底稿\切片\C-KISTEP-RES0220260072.md,9095984,a093be99fb3c2f6de27ac3e676def93615ec097ad00f2c22ef21c22a290cb8e0,317,281697,可检索文本,官方PDF已保存并校验,,2026-08-22
C-KISTEP-RES0220260073,RES0220260073,831-005,사업조정,2026-02-27,W3,"인공지능과 소프트웨어가 정의하는 산업기술 분야 정부R&D 투자전략 탐색 연구(자동차, 로봇, 제조혁신을 중심으로)","조성호, 김준희(성장동력사업센터)","소프트웨어 정의, 인공지능, 제조업 경쟁력, 자율제조, 정부 R&D 투자 전략",韩文,机构正式研究,核心科技直接材料,中国科技与国际比较；人工智能、数据与数字技术；半导体、量子与战略技术；科研体系、研发投入与评价；科技人才、大学与知识流动；产业创新、创业与区域体系；技术安全、供应链与国际合作；科技前瞻与未来社会,P0-core-tech,https://www.kistep.re.kr/reportAllDetail.es?mid=a10305010000&rpt_no=RES0220260073&rpt_tp=831-005,https://www.kistep.re.kr/reportDownload.es?rpt_no=RES0220260073&seq=res_0026P@6,C:\Users\WINDOWS\OneDrive\知识库\智库信息爬虫\国际主要科技智库观点演变_研判\03_证据底稿\原文PDF\C-KISTEP-RES0220260073.pdf,C:\Users\WINDOWS\OneDrive\知识库\智库信息爬虫\国际主要科技智库观点演变_研判\03_证据底稿\文本\C-KISTEP-RES0220260073.txt,C:\Users\WINDOWS\OneDrive\知识库\智库信息爬虫\国际主要科技智库观点演变_研判\03_证据底稿\切片\C-KISTEP-RES0220260073.md,20607126,418859cbefbea319cf9ce4354efc3c1cbb2af04b87e4b44b0e3254e9c7909ff3,168,161280,可检索文本,官方PDF已保存并校验,,2026-08-22
C-KISTEP-RES0220260076,RES0220260076,831-006,미래예측,2026-02-27,W3,제7회 과학기술예측조사 연구(1차년도),신동평(기술예측센터),"과학기술예측, 기술예측, 트렌드 조사, 미래 이슈, 중장기 전략",韩文,机构正式研究,科技创新政策与能力基线,科技前瞻与未来社会,P2-STI-baseline,https://www.kistep.re.kr/reportAllDetail.es?mid=a10305010000&rpt_no=RES0220260076&rpt_tp=831-006,https://www.kistep.re.kr/reportDownload.es?rpt_no=RES0220260076&seq=res_0026P@16,,,,0,,0,0,官方目录无本地正文,官方目录元数据，附件未列入本批,,2026-08-22
C-KISTEP-RES0220260075,RES0220260075,831-002,정책기획,2026-02-28,W3,2025년도 과학기술분야 정책점검 추진 및 국가과학기술현황 종합인식조사 연구,"주혜정, 송창현(과학기술정책센터)","정책점검, 정책과정, 과학기술기본계획, 종합인식조사, 인식지표",韩文,机构正式研究,科技创新政策与能力基线,科技创新政策与研究体系,P2-STI-baseline,https://www.kistep.re.kr/reportAllDetail.es?mid=a10305010000&rpt_no=RES0220260075&rpt_tp=831-002,https://www.kistep.re.kr/reportDownload.es?rpt_no=RES0220260075&seq=res_0026P@2,,,,0,,0,0,官方目录无本地正文,官方目录元数据，附件未列入本批,,2026-08-22
C-KISTEP-RES0220260077,RES0220260077,831-002,정책기획,2026-02-28,W3,중국 첨단기술 자립전략 분석과 대응방안 연구,서행아(글로벌R&D혁신센터),"중국, 기술자립, 공급망, 병목기술, 혁신사슬",韩文,机构正式研究,核心科技直接材料,中国科技与国际比较；人工智能、数据与数字技术；半导体、量子与战略技术；生命科学、生物技术与健康；科研体系、研发投入与评价；科技人才、大学与知识流动；产业创新、创业与区域体系；技术安全、供应链与国际合作,P0-China-tech,https://www.kistep.re.kr/reportAllDetail.es?mid=a10305010000&rpt_no=RES0220260077&rpt_tp=831-002,https://www.kistep.re.kr/reportDownload.es?rpt_no=RES0220260077&seq=res_0026P@4,C:\Users\WINDOWS\OneDrive\知识库\智库信息爬虫\国际主要科技智库观点演变_研判\03_证据底稿\原文PDF\C-KISTEP-RES0220260077.pdf,C:\Users\WINDOWS\OneDrive\知识库\智库信息爬虫\国际主要科技智库观点演变_研判\03_证据底稿\文本\C-KISTEP-RES0220260077.txt,C:\Users\WINDOWS\OneDrive\知识库\智库信息爬虫\国际主要科技智库观点演变_研判\03_证据底稿\切片\C-KISTEP-RES0220260077.md,3696817,a5b2fd2faf312f857b91a3cfa35ebe59038aa57a0ff04e1a2a63541ff21ed370,129,128873,可检索文本,官方PDF已保存并校验,,2026-08-22
C-KISTEP-RES0220260080,RES0220260080,831-002,정책기획,2026-03-08,W3,2025년 지방과학기술연감,김승태(지역혁신정책센터),"지역, 지역혁신체계, 지방과학기술, 지역 연구개발, 지역R&D 실태조사",韩文,机构正式研究,科技创新政策与能力基线,科研体系、研发投入与评价；产业创新、创业与区域体系,P2-STI-baseline,https://www.kistep.re.kr/reportAllDetail.es?mid=a10305010000&rpt_no=RES0220260080&rpt_tp=831-002,https://www.kistep.re.kr/reportDownload.es?rpt_no=RES0220260080&seq=res_0026P@2,,,,0,,0,0,官方目录无本地正文,官方目录元数据，附件未列入本批,,2026-08-22
C-KISTEP-RES0220260081,RES0220260081,831-001,조사평가,2026-03-08,W3,기관평가의 실효성 제고를 위한 제도개선 연구,"우기쁨, 허아람(기관평가팀)","기관평가, 정부출연연구기관, 임무 지향형 혁신 정책, 연구성과 파급효과, 출연연 성과",韩文,机构正式研究,科技创新政策与能力基线,科研体系、研发投入与评价；产业创新、创业与区域体系,P2-STI-baseline,https://www.kistep.re.kr/reportAllDetail.es?mid=a10305010000&rpt_no=RES0220260081&rpt_tp=831-001,https://www.kistep.re.kr/reportDownload.es?rpt_no=RES0220260081&seq=res_0026P@6,,,,0,,0,0,官方目录无本地正文,官方目录元数据，附件未列入本批,,2026-08-22
C-KISTEP-RES0220260079,RES0220260079,831-002,정책기획,2026-03-09,W3,지역과학기술 혁신을 위한 정책과제 발굴‧기획 및 제도 구축‧활성화 방안 연구 최종보고서,안소희(지역혁신정책센터),"지역과학기술, 지역R&D, 지역과학기술혁신법, 지역혁신정책, 지역과학기술혁신계획",韩文,机构正式研究,科技创新政策与能力基线,产业创新、创业与区域体系,P2-STI-baseline,https://www.kistep.re.kr/reportAllDetail.es?mid=a10305010000&rpt_no=RES0220260079&rpt_tp=831-002,https://www.kistep.re.kr/reportDownload.es?rpt_no=RES0220260079&seq=res_0026P@3,,,,0,,0,0,官方目录无本地正文,官方目录元数据，附件未列入本批,,2026-08-22
C-KISTEP-RES0220260082,RES0220260082,831-002,정책기획,2026-03-09,W3,2025년 지역 R&D 실태조사,김승태(지역혁신정책센터),지역혁신체계 지방과학기술 지역연구개발 지역R&D실태조사 지방과학기술연감,韩文,机构正式研究,科技创新政策与能力基线,科研体系、研发投入与评价；产业创新、创业与区域体系,P2-STI-baseline,https://www.kistep.re.kr/reportAllDetail.es?mid=a10305010000&rpt_no=RES0220260082&rpt_tp=831-002,https://www.kistep.re.kr/reportDownload.es?rpt_no=RES0220260082&seq=res_0026P@2,,,,0,,0,0,官方目录无本地正文,官方目录元数据，附件未列入本批,,2026-08-22
C-KISTEP-RES0220260087,RES0220260087,831-002,정책기획,2026-03-12,W3,사회문제해결 R&D 성과 제고‧확산을 위한 민‧관 협력 방안 기획 연구,김지홍(사회혁신정책팀),"사회문제해결R&D, 민‧관 협력",韩文,机构正式研究,科技创新政策与能力基线,科研体系、研发投入与评价,P1-global-STI,https://www.kistep.re.kr/reportAllDetail.es?mid=a10305010000&rpt_no=RES0220260087&rpt_tp=831-002,https://www.kistep.re.kr/reportDownload.es?rpt_no=RES0220260087&seq=res_0026P@2,,,,0,,0,0,官方目录无本地正文,官方目录元数据，附件未列入本批,,2026-08-22
C-KISTEP-RES0220260089,RES0220260089,831-001,조사평가,2026-03-18,W3,2024년도 국가연구개발사업 성과분석,정유진(혁신정보분석센터),"국가연구개발사업, 성과분석, SCIE분석",韩文,机构正式研究,科技创新政策与能力基线,科研体系、研发投入与评价,P2-STI-baseline,https://www.kistep.re.kr/reportAllDetail.es?mid=a10305010000&rpt_no=RES0220260089&rpt_tp=831-001,https://www.kistep.re.kr/reportDownload.es?rpt_no=RES0220260089&seq=res_0026P@10,,,,0,,0,0,官方目录无本地正文,官方目录元数据，附件未列入本批,,2026-08-22
C-KISTEP-RES0220260088,RES0220260088,831-002,정책기획,2026-03-24,W3,혁신도전형 R&D 전담 지능형 독립기관 설립방안 마련 연구,오현환(혁신도전R&D정책센터)," 혁신도전형 R&D, 기관설립연구, 지능형 연구관리기관, R&D 지원, R&D 생태계",韩文,机构正式研究,科技创新政策与能力基线,科研体系、研发投入与评价；产业创新、创业与区域体系,P2-STI-baseline,https://www.kistep.re.kr/reportAllDetail.es?mid=a10305010000&rpt_no=RES0220260088&rpt_tp=831-002,https://www.kistep.re.kr/reportDownload.es?rpt_no=RES0220260088&seq=res_0026P@2,,,,0,,0,0,官方目录无本地正文,官方目录元数据，附件未列入本批,,2026-08-22
C-KISTEP-RES0220260091,RES0220260091,831-002,정책기획,2026-03-24,W3,2025년도 과학기술정책 운영 및 현안 대응,오현환(과학기술정책센터),"과학기술정책, 과학기술기본계획, 과학기술현안, 정책의제, 정책 부합성",韩文,机构正式研究,科技创新政策与能力基线,科研体系、研发投入与评价,P2-STI-baseline,https://www.kistep.re.kr/reportAllDetail.es?mid=a10305010000&rpt_no=RES0220260091&rpt_tp=831-002,https://www.kistep.re.kr/reportDownload.es?rpt_no=RES0220260091&seq=res_0026P@3,,,,0,,0,0,官方目录无本地正文,官方目录元数据，附件未列入本批,,2026-08-22
C-KISTEP-RES0220260093,RES0220260093,831-003,예비타당성조사,2026-03-26,W3,국가연구개발사업 예비타당성조사 2025 연차보고서,홍미영(연구개발타당성분석1센터),"예비타당성조사, 연구개발사업, 예산, 한국과학기술기획평가원, 연차보고서",韩文,机构正式研究,科技创新政策与能力基线,科研体系、研发投入与评价,P2-STI-baseline,https://www.kistep.re.kr/reportAllDetail.es?mid=a10305010000&rpt_no=RES0220260093&rpt_tp=831-003,https://www.kistep.re.kr/reportDownload.es?rpt_no=RES0220260093&seq=res_0026P@2,,,,0,,0,0,官方目录无本地正文,官方目录元数据，附件未列入本批,,2026-08-22
C-KISTEP-RES0220260040,RES0220260040,831-002,정책기획,2026-03-27,W3,국가과학기술자문회의심의회의를 통한 과학기술혁신 종합조정기능 강화 방안 연구,최창택(과학기술정책센터),"과학기술정책 조정, 국가과학기술 심의회의, 운영위원회, 소재･부품･장비, 중장기계획 조사･분석",韩文,机构正式研究,科技创新政策与能力基线,科研体系、研发投入与评价；产业创新、创业与区域体系,P2-STI-baseline,https://www.kistep.re.kr/reportAllDetail.es?mid=a10305010000&rpt_no=RES0220260040&rpt_tp=831-002,https://www.kistep.re.kr/reportDownload.es?rpt_no=RES0220260040&seq=res_0026P@3,,,,0,,0,0,官方目录无本地正文,官方目录元数据，附件未列入本批,,2026-08-22
C-KISTEP-RES0220260094,RES0220260094,831-002,정책기획,2026-03-28,W3,2025년 혁신도전형 앞으로(APRO) R&D 육성,오현환(혁신도전R&D정책센터)," 혁신도전 R&D, 혁신도전 제도개선, 혁신도전 협의체, R&D 지원, R&D 생태계",韩文,机构正式研究,科技创新政策与能力基线,科研体系、研发投入与评价；产业创新、创业与区域体系,P2-STI-baseline,https://www.kistep.re.kr/reportAllDetail.es?mid=a10305010000&rpt_no=RES0220260094&rpt_tp=831-002,https://www.kistep.re.kr/reportDownload.es?rpt_no=RES0220260094&seq=res_0026P@3,,,,0,,0,0,官方目录无本地正文,官方目录元数据，附件未列入本批,,2026-08-22
C-KISTEP-RES0220260092,RES0220260092,831-002,정책기획,2026-03-30,W3,신흥기술 정책 고도화 및 성과확산 연구,김진용(전략기술정책센터),"국가전략기술, 혁신포럼, 기술관리체계, 정보보호, 임무중심",韩文,机构正式研究,核心科技直接材料,人工智能、数据与数字技术；半导体、量子与战略技术；能源、气候与绿色转型；科研体系、研发投入与评价；科技人才、大学与知识流动；产业创新、创业与区域体系；技术安全、供应链与国际合作；科技前瞻与未来社会；航天、核能与大型技术系统,P0-core-tech,https://www.kistep.re.kr/reportAllDetail.es?mid=a10305010000&rpt_no=RES0220260092&rpt_tp=831-002,https://www.kistep.re.kr/reportDownload.es?rpt_no=RES0220260092&seq=res_0026P@3,C:\Users\WINDOWS\OneDrive\知识库\智库信息爬虫\国际主要科技智库观点演变_研判\03_证据底稿\原文PDF\C-KISTEP-RES0220260092.pdf,C:\Users\WINDOWS\OneDrive\知识库\智库信息爬虫\国际主要科技智库观点演变_研判\03_证据底稿\文本\C-KISTEP-RES0220260092.txt,C:\Users\WINDOWS\OneDrive\知识库\智库信息爬虫\国际主要科技智库观点演变_研判\03_证据底稿\切片\C-KISTEP-RES0220260092.md,32483121,4b80916692711f3efdac2b2af5f4f8ceb0834253cde051e2bc54c52ee1900e91,208,146553,可检索文本,官方PDF已保存并校验,,2026-08-22
C-KISTEP-RES0220260095,RES0220260095,831-004,성과확산,2026-03-30,W3,2025년 연구성과 확산 정책 수립 및 제도 운영,이태근(성과확산센터),"연구성과, 연구성과 관리활용 기본계획, 상위점검, 효과성분석, 기술료",韩文,机构正式研究,科技创新政策与能力基线,科研体系、研发投入与评价,P2-STI-baseline,https://www.kistep.re.kr/reportAllDetail.es?mid=a10305010000&rpt_no=RES0220260095&rpt_tp=831-004,https://www.kistep.re.kr/reportDownload.es?rpt_no=RES0220260095&seq=res_0026P@3,,,,0,,0,0,官方目录无本地正文,官方目录元数据，附件未列入本批,,2026-08-22
C-KISTEP-RES0220260096,RES0220260096,831-002,정책기획,2026-03-31,W3,연구현장 중심의 국가연구개발사업 제도개선에 관한 연구,김주호(제도혁신센터),"국가연구개발혁신법, 혁신법 매뉴얼, 국가연구개발 행정제도 개선, 국제공동연구, 학생인건비, 간접비 지출내역서 분석 및 활용방안, 연구지원체계평가",韩文,机构正式研究,科技创新政策与能力基线,科研体系、研发投入与评价；产业创新、创业与区域体系,P1-global-STI,https://www.kistep.re.kr/reportAllDetail.es?mid=a10305010000&rpt_no=RES0220260096&rpt_tp=831-002,https://www.kistep.re.kr/reportDownload.es?rpt_no=RES0220260096&seq=res_0026P@3,,,,0,,0,0,官方目录无本地正文,官方目录元数据，附件未列入本批,,2026-08-22
C-KISTEP-RES0220260084,RES0220260084,831-001,조사평가,2026-04-01,W3,2025년 하반기 국가연구개발사업 특정평가 보고서 혁신·도전형R&D 사업군,이도형(연구개발평가센터),"국가연구개발사업, 특정평가, 혁신·도전형R&D 사업군",韩文,机构正式研究,科技创新政策与能力基线,科研体系、研发投入与评价；产业创新、创业与区域体系,P2-STI-baseline,https://www.kistep.re.kr/reportAllDetail.es?mid=a10305010000&rpt_no=RES0220260084&rpt_tp=831-001,https://www.kistep.re.kr/reportDownload.es?rpt_no=RES0220260084&seq=res_0026P@2,,,,0,,0,0,官方目录无本地正文,官方目录元数据，附件未列入本批,,2026-08-22
C-KISTEP-RES0220260097,RES0220260097,831-002,정책기획,2026-04-01,W3,글로벌 R&D 내실화 및 전략성 강화 방안 연구,최동혁(글로벌R&D혁신센터),"국제협력, 협력전략, 법률지원, 범부처 현황 관리, 플래그십 프로젝트 지원",韩文,机构正式研究,科技创新政策与能力基线,科研体系、研发投入与评价；技术安全、供应链与国际合作,P1-global-STI,https://www.kistep.re.kr/reportAllDetail.es?mid=a10305010000&rpt_no=RES0220260097&rpt_tp=831-002,https://www.kistep.re.kr/reportDownload.es?rpt_no=RES0220260097&seq=res_0026P@2,,,,0,,0,0,官方目录无本地正文,官方目录元数据，附件未列入本批,,2026-08-22
C-KISTEP-RES0220260098,RES0220260098,831-001,조사평가,2026-04-20,W3,2025년도 하반기 국가연구개발사업 특정평가 보고서 글로벌 R&D 사업군,이도형(연구개발평가센터),"국가연구개발사업, 특정평가, 글로벌 R&D 사업군",韩文,机构正式研究,科技创新政策与能力基线,科研体系、研发投入与评价,P1-global-STI,https://www.kistep.re.kr/reportAllDetail.es?mid=a10305010000&rpt_no=RES0220260098&rpt_tp=831-001,https://www.kistep.re.kr/reportDownload.es?rpt_no=RES0220260098&seq=res_0026P@2,,,,0,,0,0,官方目录无本地正文,官方目录元数据，附件未列入本批,,2026-08-22
C-KISTEP-PRG0720260018,PRG0720260018,831-007,위탁/협동/공동연구보고서,2026-04-30,W3,과기정통부 직할 출연(연) 특성을 고려한 평가 방안 연구,유경만(과학기술전략연구소),"평가제도, 정부출연(연), 평가지표, 임무유형, R&R",韩文,机构正式研究,科技创新政策与能力基线,科研体系、研发投入与评价,P2-STI-baseline,https://www.kistep.re.kr/reportAllDetail.es?mid=a10305010000&rpt_no=PRG0720260018&rpt_tp=831-007,https://www.kistep.re.kr/reportDownload.es?rpt_no=PRG0720260018&seq=prg_0071P@5,,,,0,,0,0,官方目录无本地正文,官方目录元数据，附件未列入本批,,2026-08-22
C-KISTEP-PRG0720260022,PRG0720260022,831-007,위탁/협동/공동연구보고서,2026-04-30,W3,R&D평가 국정철학을 반영한 기관평가 제도개선 및 환류 방안 연구,유민수(코라 공공컨설팅&솔루션),"연구과제중심제도, 미션중심형, 전환형 혁신, 연구과제 성과평가, 기관성과평가",韩文,机构正式研究,科技创新政策与能力基线,科研体系、研发投入与评价；产业创新、创业与区域体系,P2-STI-baseline,https://www.kistep.re.kr/reportAllDetail.es?mid=a10305010000&rpt_no=PRG0720260022&rpt_tp=831-007,https://www.kistep.re.kr/reportDownload.es?rpt_no=PRG0720260022&seq=prg_0071P@5,,,,0,,0,0,官方目录无本地正文,官方目录元数据，附件未列入本批,,2026-08-22
C-KISTEP-RES0220260103,RES0220260103,831-003,예비타당성조사,2026-05-11,W3,2025년도 예비타당성조사 보고서 K-순환경제 리본(Reborn) 프로젝트,홍미영(연구개발타당성분석1센터),"순환경제, 폐자원, 재활용, 순환원료, 예비타당성조사",韩文,机构正式研究,科技创新政策与能力基线,科研体系、研发投入与评价,P2-STI-baseline,https://www.kistep.re.kr/reportAllDetail.es?mid=a10305010000&rpt_no=RES0220260103&rpt_tp=831-003,https://www.kistep.re.kr/reportDownload.es?rpt_no=RES0220260103&seq=res_0026P@2,,,,0,,0,0,官方目录无本地正文,官方目录元数据，附件未列入本批,,2026-08-22
C-KISTEP-RES0220260105,RES0220260105,831-002,정책기획,2026-05-16,W3,과학기술인력양성 추진체계 구축·운영,이정재(인재정책센터),"과학기술인력, 과학기술인력 통계정보, 과학기술인력 정책정보, 종합정보시스템",韩文,机构正式研究,科技创新政策与能力基线,科技人才、大学与知识流动,P2-STI-baseline,https://www.kistep.re.kr/reportAllDetail.es?mid=a10305010000&rpt_no=RES0220260105&rpt_tp=831-002,https://www.kistep.re.kr/reportDownload.es?rpt_no=RES0220260105&seq=res_0026P@2,,,,0,,0,0,官方目录无本地正文,官方目录元数据，附件未列入本批,,2026-08-22
C-KISTEP-RES0220260107,RES0220260107,831-001,조사평가,2026-05-18,W3,2025년도 과학기술분야 출연연구기관 상위평가보고서(25-3차-재평가),이도형(연구개발평가센터),"국가연구개발사업, 국가연구개발사업 상위평가, 기관평가, 연구개발 효율성, 연구개발 성과",韩文,机构正式研究,科技创新政策与能力基线,科研体系、研发投入与评价,P2-STI-baseline,https://www.kistep.re.kr/reportAllDetail.es?mid=a10305010000&rpt_no=RES0220260107&rpt_tp=831-001,https://www.kistep.re.kr/reportDownload.es?rpt_no=RES0220260107&seq=res_0026P@4,,,,0,,0,0,官方目录无本地正文,官方目录元数据，附件未列入本批,,2026-08-22
C-KISTEP-RES0220260108,RES0220260108,831-003,예비타당성조사,2026-05-18,W3,2025년도 사업계획 적정성 검토 해양연구선(온누리호) 대체 건조 사업,홍미영(연구개발타당성분석1센터),"해양연구선, 친환경선박, 친환경 관련 규정, 선박 추진기관, 사업계획 적정성 검토",韩文,机构正式研究,科技创新政策与能力基线,科技创新政策与研究体系,P2-STI-baseline,https://www.kistep.re.kr/reportAllDetail.es?mid=a10305010000&rpt_no=RES0220260108&rpt_tp=831-003,https://www.kistep.re.kr/reportDownload.es?rpt_no=RES0220260108&seq=res_0026P@6,,,,0,,0,0,官方目录无本地正文,官方目录元数据，附件未列入本批,,2026-08-22
C-KISTEP-RES0220260109,RES0220260109,831-002,정책기획,2026-05-20,W3,과학기술‧인공지능 분야 정책 아젠다 도출 및 이슈 발굴 연구,배용국(과학기술정책센터),"과학기술, 인공지능, 정책, 아젠다, 범부처협력",韩文,机构正式研究,核心科技直接材料,人工智能、数据与数字技术,P0-core-tech,https://www.kistep.re.kr/reportAllDetail.es?mid=a10305010000&rpt_no=RES0220260109&rpt_tp=831-002,https://www.kistep.re.kr/reportDownload.es?rpt_no=RES0220260109&seq=res_0026P@3,C:\Users\WINDOWS\OneDrive\知识库\智库信息爬虫\国际主要科技智库观点演变_研判\03_证据底稿\原文PDF\C-KISTEP-RES0220260109.pdf,C:\Users\WINDOWS\OneDrive\知识库\智库信息爬虫\国际主要科技智库观点演变_研判\03_证据底稿\文本\C-KISTEP-RES0220260109.txt,C:\Users\WINDOWS\OneDrive\知识库\智库信息爬虫\国际主要科技智库观点演变_研判\03_证据底稿\切片\C-KISTEP-RES0220260109.md,86728440,e3850b6844a592981fae443ab3e17833707947ee86737db765578348f3932d85,158,152216,韩文OCR可检索文本,官方PDF已保存并完成韩文OCR,,2026-08-22
C-KISTEP-RES0220260110,RES0220260110,831-002,정책기획,2026-06-15,W3,민간 기술혁신 활성화 방안 기획 연구,정경진(전략기술정책센터),"심사제도, 기술신용평가, 전주기지원, 인수창업, 기술사업화 ",韩文,机构正式研究,科技创新政策与能力基线,科研体系、研发投入与评价；产业创新、创业与区域体系,P2-STI-baseline,https://www.kistep.re.kr/reportAllDetail.es?mid=a10305010000&rpt_no=RES0220260110&rpt_tp=831-002,https://www.kistep.re.kr/reportDownload.es?rpt_no=RES0220260110&seq=res_0026P@5,,,,0,,0,0,官方目录无本地正文,官方目录元数据，附件未列入本批,,2026-08-22
C-KISTEP-RES0220260111,RES0220260111,831-002,정책기획,2026-06-18,W3,2025 과학기술연감,최창택(과학기술정책센터),"과학, 기술, 2025, 연감, 연구",韩文,机构正式研究,科技创新政策与能力基线,科技创新政策与研究体系,P2-STI-baseline,https://www.kistep.re.kr/reportAllDetail.es?mid=a10305010000&rpt_no=RES0220260111&rpt_tp=831-002,https://www.kistep.re.kr/reportDownload.es?rpt_no=RES0220260111&seq=res_0026P@19,,,,0,,0,0,官方目录无本地正文,官方目录元数据，附件未列入本批,,2026-08-22
C-KISTEP-RES0220260113,RES0220260113,831-002,정책기획,2026-06-18,W3,제6차 과학기술기본계획 수립 연구,최창택(과학기술정책센터),"과학, 기술, 기본계획, 2026-2030, 연구개발",韩文,机构正式研究,科技创新政策与能力基线,科研体系、研发投入与评价,P2-STI-baseline,https://www.kistep.re.kr/reportAllDetail.es?mid=a10305010000&rpt_no=RES0220260113&rpt_tp=831-002,https://www.kistep.re.kr/reportDownload.es?rpt_no=RES0220260113&seq=res_0026P@3,,,,0,,0,0,官方目录无本地正文,官方目录元数据，附件未列入本批,,2026-08-22
C-KISTEP-RES0220260114,RES0220260114,831-001,조사평가,2026-06-23,W3,2026년도 과학기술분야 출연연구기관 상위평가보고서(26년-1차),이도형(연구개발평가센터),"국가연구개발사업, 국가연구개발사업 상위평가, 기관평가, 연구개발 효율성, 연구개발 성과",韩文,机构正式研究,科技创新政策与能力基线,科研体系、研发投入与评价,P2-STI-baseline,https://www.kistep.re.kr/reportAllDetail.es?mid=a10305010000&rpt_no=RES0220260114&rpt_tp=831-001,https://www.kistep.re.kr/reportDownload.es?rpt_no=RES0220260114&seq=res_0026P@4,,,,0,,0,0,官方目录无本地正文,官方目录元数据，附件未列入本批,,2026-08-22
C-KISTEP-RES0220260115,RES0220260115,831-001,조사평가,2026-06-24,W3,2025년도 과학기술정보통신부 직할 출연(연) 및 국가과학기술연구회 기관평가,조현정(기관평가팀),"국가평가체제, 정부출연연구기관, 성과 목표, 기관평가 ",韩文,机构正式研究,科技创新政策与能力基线,科研体系、研发投入与评价,P2-STI-baseline,https://www.kistep.re.kr/reportAllDetail.es?mid=a10305010000&rpt_no=RES0220260115&rpt_tp=831-001,https://www.kistep.re.kr/reportDownload.es?rpt_no=RES0220260115&seq=res_0026P@3,,,,0,,0,0,官方目录无本地正文,官方目录元数据，附件未列入本批,,2026-08-22
C-KISTEP-RES0220260116,RES0220260116,831-002,정책기획,2026-06-29,W3,한･일 과학기술 협력 전략 수립 및 어젠다 발굴 연구,도계훈(글로벌R&D협력센터),"한일 수교 60주년, 한일 과학기술 협력, 한일 정상회담 어젠다, 한일 장관급회담 어젠다, 한일 연구기관 협력",韩文,机构正式研究,科技创新政策与能力基线,科技创新政策与研究体系,P1-global-STI,https://www.kistep.re.kr/reportAllDetail.es?mid=a10305010000&rpt_no=RES0220260116&rpt_tp=831-002,https://www.kistep.re.kr/reportDownload.es?rpt_no=RES0220260116&seq=res_0026P@2,,,,0,,0,0,官方目录无本地正文,官方目录元数据，附件未列入本批,,2026-08-22
C-KISTEP-RES0220260118,RES0220260118,831-003,예비타당성조사,2026-07-29,W3,2025년도 사업계획 적정성 검토 보고서 SMR 혁신제조 국산화 기술개발사업,홍미영(연구개발타당성분석1센터),"소형모듈원자로, 분말야금열간등압성형, 전자빔 용접, 적층제조, 사업계획 적정성 검토",韩文,机构正式研究,科技创新政策与能力基线,产业创新、创业与区域体系；航天、核能与大型技术系统,P2-STI-baseline,https://www.kistep.re.kr/reportAllDetail.es?mid=a10305010000&rpt_no=RES0220260118&rpt_tp=831-003,https://www.kistep.re.kr/reportDownload.es?rpt_no=RES0220260118&seq=res_0026P@10,,,,0,,0,0,官方目录无本地正文,官方目录元数据，附件未列入本批,,2026-08-22
C-KISTEP-RES0220260119,RES0220260119,831-003,예비타당성조사,2026-08-05,W3,2025년도 사업계획 적정성 검토 보고서 K-온디바이스 AI반도체 기술개발 사업,홍미영(연구개발타당성분석1센터),"온디바이스, AI 반도체, 팹리스, 사업계획 적정성 검토",韩文,机构正式研究,核心科技直接材料,人工智能、数据与数字技术；半导体、量子与战略技术；科研体系、研发投入与评价；科技人才、大学与知识流动；产业创新、创业与区域体系；技术安全、供应链与国际合作；科技前瞻与未来社会,P0-core-tech,https://www.kistep.re.kr/reportAllDetail.es?mid=a10305010000&rpt_no=RES0220260119&rpt_tp=831-003,https://www.kistep.re.kr/reportDownload.es?rpt_no=RES0220260119&seq=res_0026P@6,C:\Users\WINDOWS\OneDrive\知识库\智库信息爬虫\国际主要科技智库观点演变_研判\03_证据底稿\原文PDF\C-KISTEP-RES0220260119.pdf,C:\Users\WINDOWS\OneDrive\知识库\智库信息爬虫\国际主要科技智库观点演变_研判\03_证据底稿\文本\C-KISTEP-RES0220260119.txt,C:\Users\WINDOWS\OneDrive\知识库\智库信息爬虫\国际主要科技智库观点演变_研判\03_证据底稿\切片\C-KISTEP-RES0220260119.md,16396951,199cca126d82c6562047ffb3349f28dc10cb20219f4c7498b80a0e39dd2c8653,254,178787,可检索文本,官方PDF已保存并校验,,2026-08-22
