主题标签,科技关联层级,报告ID,发布日期,观察窗,报告名称,资料角色,本地原始资产,本地文本,官方落地页,本地状态
生命科学、生物技术与健康,科技创新政策与能力基线,C-KISTEP-RES0220180211,2018-05-28,W1,환자중심 의료기술 최적화 연구사업 예비타당성조사,机构正式研究,,,https://www.kistep.re.kr/reportAllDetail.es?mid=a10305010000&rpt_no=RES0220180211&rpt_tp=831-003,官方目录元数据，附件未列入本批
科研体系、研发投入与评价,科技创新政策与能力基线,C-KISTEP-RES0220180211,2018-05-28,W1,환자중심 의료기술 최적화 연구사업 예비타당성조사,机构正式研究,,,https://www.kistep.re.kr/reportAllDetail.es?mid=a10305010000&rpt_no=RES0220180211&rpt_tp=831-003,官方目录元数据，附件未列入本批
产业创新、创业与区域体系,科技创新政策与能力基线,C-KISTEP-RES0220180212,2018-05-28,W1,안전보호 융복합제품산업 육성사업,机构正式研究,,,https://www.kistep.re.kr/reportAllDetail.es?mid=a10305010000&rpt_no=RES0220180212&rpt_tp=831-003,官方目录元数据，附件未列入本批
产业创新、创业与区域体系,核心科技直接材料,C-KISTEP-RES0220180213,2018-05-31,W1,자율주행 산업융합 혁신사업,机构正式研究,,,https://www.kistep.re.kr/reportAllDetail.es?mid=a10305010000&rpt_no=RES0220180213&rpt_tp=831-003,官方目录元数据，附件未列入本批
半导体、量子与战略技术,核心科技直接材料,C-KISTEP-RES0220180215,2018-05-31,W1,양자정보통신 중장기기술개발사업 예비타당성조사 보고서,机构正式研究,,,https://www.kistep.re.kr/reportAllDetail.es?mid=a10305010000&rpt_no=RES0220180215&rpt_tp=831-003,官方目录元数据，附件未列入本批
科研体系、研发投入与评价,核心科技直接材料,C-KISTEP-RES0220180215,2018-05-31,W1,양자정보통신 중장기기술개발사업 예비타당성조사 보고서,机构正式研究,,,https://www.kistep.re.kr/reportAllDetail.es?mid=a10305010000&rpt_no=RES0220180215&rpt_tp=831-003,官方目录元数据，附件未列入本批
科研体系、研发投入与评价,科技创新政策与能力基线,C-KISTEP-RES0220180219,2018-06-28,W1,2018년도 국가연구개발사업 특정평가 (상반기),机构正式研究,,,https://www.kistep.re.kr/reportAllDetail.es?mid=a10305010000&rpt_no=RES0220180219&rpt_tp=831-001,官方目录元数据，附件未列入本批
科研体系、研发投入与评价,科技创新政策与能力基线,C-KISTEP-RES0220180221,2018-07-19,W1,2016년도 예비타당성조사 보고서 지하 라이프라인 연구개발사업,机构正式研究,,,https://www.kistep.re.kr/reportAllDetail.es?mid=a10305010000&rpt_no=RES0220180221&rpt_tp=831-003,官方目录元数据，附件未列入本批
科研体系、研发投入与评价,科技创新政策与能力基线,C-KISTEP-RES0220180222,2018-07-19,W1,2015년도 예비타당성조사 보고서 제2쇄빙연구선 건조사업,机构正式研究,,,https://www.kistep.re.kr/reportAllDetail.es?mid=a10305010000&rpt_no=RES0220180222&rpt_tp=831-003,官方目录元数据，附件未列入本批
科技创新政策与研究体系,科技创新政策与能力基线,C-KISTEP-RES0220180223,2018-07-19,W1,IMD 2018 세계경쟁력연감 분석 : 과학 및 기술인프라 중심,机构正式研究,,,https://www.kistep.re.kr/reportAllDetail.es?mid=a10305010000&rpt_no=RES0220180223&rpt_tp=831-001,官方目录元数据，附件未列入本批
科研体系、研发投入与评价,科技创新政策与能力基线,C-KISTEP-PRG0720180043,2018-07-30,W1,제2차 과학기술기반 사회문제해결 종합계획의 중점추진과제 후보군 현황조사 및 이슈분석지원 연구,机构正式研究,,,https://www.kistep.re.kr/reportAllDetail.es?mid=a10305010000&rpt_no=PRG0720180043&rpt_tp=831-007,官方目录元数据，附件未列入本批
科研体系、研发投入与评价,科技创新政策与能力基线,C-KISTEP-PRG0720180044,2018-07-30,W1,"R&SBD개념을 접목한 다부처 사회문제해결형 R&D 사
업 시범과제 발굴 및 예비기획연구",机构正式研究,,,https://www.kistep.re.kr/reportAllDetail.es?mid=a10305010000&rpt_no=PRG0720180044&rpt_tp=831-007,官方目录元数据，附件未列入本批
生命科学、生物技术与健康,科技创新政策与能力基线,C-KISTEP-RES0220180225,2018-08-27,W1,2017년도 예비타당성조사 보고서 한의약 혁신기술 개발사업,机构正式研究,,,https://www.kistep.re.kr/reportAllDetail.es?mid=a10305010000&rpt_no=RES0220180225&rpt_tp=831-003,官方目录元数据，附件未列入本批
科研体系、研发投入与评价,科技创新政策与能力基线,C-KISTEP-RES0220180225,2018-08-27,W1,2017년도 예비타당성조사 보고서 한의약 혁신기술 개발사업,机构正式研究,,,https://www.kistep.re.kr/reportAllDetail.es?mid=a10305010000&rpt_no=RES0220180225&rpt_tp=831-003,官方目录元数据，附件未列入本批
产业创新、创业与区域体系,科技创新政策与能力基线,C-KISTEP-RES0220180225,2018-08-27,W1,2017년도 예비타당성조사 보고서 한의약 혁신기술 개발사업,机构正式研究,,,https://www.kistep.re.kr/reportAllDetail.es?mid=a10305010000&rpt_no=RES0220180225&rpt_tp=831-003,官方目录元数据，附件未列入本批
科研体系、研发投入与评价,科技创新政策与能力基线,C-KISTEP-RES0220180226,2018-08-27,W1,2017년도 예비타당성조사 보고서 상하수도 혁신 기술개발사업,机构正式研究,,,https://www.kistep.re.kr/reportAllDetail.es?mid=a10305010000&rpt_no=RES0220180226&rpt_tp=831-003,官方目录元数据，附件未列入本批
产业创新、创业与区域体系,科技创新政策与能力基线,C-KISTEP-RES0220180226,2018-08-27,W1,2017년도 예비타당성조사 보고서 상하수도 혁신 기술개발사업,机构正式研究,,,https://www.kistep.re.kr/reportAllDetail.es?mid=a10305010000&rpt_no=RES0220180226&rpt_tp=831-003,官方目录元数据，附件未列入本批
科研体系、研发投入与评价,科技创新政策与能力基线,C-KISTEP-RES0220180228,2018-08-28,W1,2017년도 예비타당성조사 보고서 국가 신약 파이프라인 발굴 확보 사업,机构正式研究,,,https://www.kistep.re.kr/reportAllDetail.es?mid=a10305010000&rpt_no=RES0220180228&rpt_tp=831-003,官方目录元数据，附件未列入本批
科研体系、研发投入与评价,科技创新政策与能力基线,C-KISTEP-PRG0720180046,2018-09-27,W1,불확실성(Uncertainty)을 고려한 공모형 사업의 편익추정방안 연구 : 불확실성 기반 컨조인트 분석(Conjoint analysis) 방법론을 중심으로,机构正式研究,,,https://www.kistep.re.kr/reportAllDetail.es?mid=a10305010000&rpt_no=PRG0720180046&rpt_tp=831-007,官方目录元数据，附件未列入本批
科研体系、研发投入与评价,科技创新政策与能力基线,C-KISTEP-PRG0720180111,2018-09-28,W1,자유공모형 사업의 사업계획서 필수요건 및 예비타당성 조사방법론 연구,机构正式研究,,,https://www.kistep.re.kr/reportAllDetail.es?mid=a10305010000&rpt_no=PRG0720180111&rpt_tp=831-007,官方目录元数据，附件未列入本批
科研体系、研发投入与评价,科技创新政策与能力基线,C-KISTEP-PRG0720180088,2018-09-30,W1,R&D 분야 예비타당성 조사시 고려할 정책적 타당성에 대한 연구(정책적 타당성에 대한 메타평가와 대안),机构正式研究,,,https://www.kistep.re.kr/reportAllDetail.es?mid=a10305010000&rpt_no=PRG0720180088&rpt_tp=831-007,官方目录元数据，附件未列入本批
科研体系、研发投入与评价,科技创新政策与能力基线,C-KISTEP-RES0220180231,2018-10-01,W1,2017년도 국가연구개발사업 조사분석 보고서,机构正式研究,,,https://www.kistep.re.kr/reportAllDetail.es?mid=a10305010000&rpt_no=RES0220180231&rpt_tp=831-001,官方目录元数据，附件未列入本批
科研体系、研发投入与评价,科技创新政策与能力基线,C-KISTEP-RES0220180235,2018-10-11,W1,2017년도 예비타당성조사 보고서 중소기업 네트워크형 기술개발사업,机构正式研究,,,https://www.kistep.re.kr/reportAllDetail.es?mid=a10305010000&rpt_no=RES0220180235&rpt_tp=831-003,官方目录元数据，附件未列入本批
产业创新、创业与区域体系,科技创新政策与能力基线,C-KISTEP-RES0220180235,2018-10-11,W1,2017년도 예비타당성조사 보고서 중소기업 네트워크형 기술개발사업,机构正式研究,,,https://www.kistep.re.kr/reportAllDetail.es?mid=a10305010000&rpt_no=RES0220180235&rpt_tp=831-003,官方目录元数据，附件未列入本批
科研体系、研发投入与评价,科技创新政策与能力基线,C-KISTEP-RES0220180236,2018-10-15,W1,2017년도 예비타당성조사 보고서 산학연 Collabo R&D사업,机构正式研究,,,https://www.kistep.re.kr/reportAllDetail.es?mid=a10305010000&rpt_no=RES0220180236&rpt_tp=831-003,官方目录元数据，附件未列入本批
产业创新、创业与区域体系,科技创新政策与能力基线,C-KISTEP-RES0220180236,2018-10-15,W1,2017년도 예비타당성조사 보고서 산학연 Collabo R&D사업,机构正式研究,,,https://www.kistep.re.kr/reportAllDetail.es?mid=a10305010000&rpt_no=RES0220180236&rpt_tp=831-003,官方目录元数据，附件未列入本批
科研体系、研发投入与评价,科技创新政策与能力基线,C-KISTEP-RES0220180239,2018-10-30,W1,2018 국가연구개발 우수성과,机构正式研究,,,https://www.kistep.re.kr/reportAllDetail.es?mid=a10305010000&rpt_no=RES0220180239&rpt_tp=831-004,官方目录元数据，附件未列入本批
科技创新政策与研究体系,科技创新政策与能力基线,C-KISTEP-PRG0720180096,2018-11-14,W1,연구관리전문기관 사업관리의 전문성·공정성 제고방안 연구,机构正式研究,,,https://www.kistep.re.kr/reportAllDetail.es?mid=a10305010000&rpt_no=PRG0720180096&rpt_tp=831-007,官方目录元数据，附件未列入本批
科研体系、研发投入与评价,科技创新政策与能力基线,C-KISTEP-RES0220180242,2018-11-20,W1,2018년도 국가연구개발사업 상위평가보고서,机构正式研究,,,https://www.kistep.re.kr/reportAllDetail.es?mid=a10305010000&rpt_no=RES0220180242&rpt_tp=831-001,官方目录元数据，附件未列入本批
科研体系、研发投入与评价,科技创新政策与能力基线,C-KISTEP-PRG0720180116,2018-11-30,W1,연구관리 전문기관 평가체계 및 매뉴얼 마련에 관한 연구,机构正式研究,,,https://www.kistep.re.kr/reportAllDetail.es?mid=a10305010000&rpt_no=PRG0720180116&rpt_tp=831-007,官方目录元数据，附件未列入本批
科研体系、研发投入与评价,科技创新政策与能力基线,C-KISTEP-PRG0720180122,2018-11-30,W1,주요국의 기관평가 조사 분석을 통한 임무중심형 평가제도 개선방안 연구,机构正式研究,,,https://www.kistep.re.kr/reportAllDetail.es?mid=a10305010000&rpt_no=PRG0720180122&rpt_tp=831-007,官方目录元数据，附件未列入本批
产业创新、创业与区域体系,科技创新政策与能力基线,C-KISTEP-RES0220180245,2018-12-11,W1,세계경제포럼(WEF)의 세계경쟁력 보고서 2018분석-과학기술 관련 부문 중심으로,机构正式研究,,,https://www.kistep.re.kr/reportAllDetail.es?mid=a10305010000&rpt_no=RES0220180245&rpt_tp=831-001,官方目录元数据，附件未列入本批
科研体系、研发投入与评价,科技创新政策与能力基线,C-KISTEP-RES0220180246,2018-12-11,W1,2017년도 예비타당성조사 보고서-중소기업글로벌혁신기술개발사업,机构正式研究,,,https://www.kistep.re.kr/reportAllDetail.es?mid=a10305010000&rpt_no=RES0220180246&rpt_tp=831-003,官方目录元数据，附件未列入本批
产业创新、创业与区域体系,科技创新政策与能力基线,C-KISTEP-RES0220180246,2018-12-11,W1,2017년도 예비타당성조사 보고서-중소기업글로벌혁신기술개발사업,机构正式研究,,,https://www.kistep.re.kr/reportAllDetail.es?mid=a10305010000&rpt_no=RES0220180246&rpt_tp=831-003,官方目录元数据，附件未列入本批
生命科学、生物技术与健康,科技创新政策与能力基线,C-KISTEP-RES0220180248,2018-12-11,W1,2017년도 예비타당성조사 보고서-차세대 농작물 신육종기술 개발사업,机构正式研究,,,https://www.kistep.re.kr/reportAllDetail.es?mid=a10305010000&rpt_no=RES0220180248&rpt_tp=831-003,官方目录元数据，附件未列入本批
科研体系、研发投入与评价,科技创新政策与能力基线,C-KISTEP-RES0220180248,2018-12-11,W1,2017년도 예비타당성조사 보고서-차세대 농작물 신육종기술 개발사업,机构正式研究,,,https://www.kistep.re.kr/reportAllDetail.es?mid=a10305010000&rpt_no=RES0220180248&rpt_tp=831-003,官方目录元数据，附件未列入本批
科研体系、研发投入与评价,科技创新政策与能力基线,C-KISTEP-RES0220180249,2018-12-11,W1,2018년도 예비타당성조사 보고서-디스플레이 혁신공정 플랫폼 구축사업,机构正式研究,,,https://www.kistep.re.kr/reportAllDetail.es?mid=a10305010000&rpt_no=RES0220180249&rpt_tp=831-003,官方目录元数据，附件未列入本批
产业创新、创业与区域体系,科技创新政策与能力基线,C-KISTEP-RES0220180249,2018-12-11,W1,2018년도 예비타당성조사 보고서-디스플레이 혁신공정 플랫폼 구축사업,机构正式研究,,,https://www.kistep.re.kr/reportAllDetail.es?mid=a10305010000&rpt_no=RES0220180249&rpt_tp=831-003,官方目录元数据，附件未列入本批
生命科学、生物技术与健康,科技创新政策与能力基线,C-KISTEP-RES0220180250,2018-12-11,W1,2017년도 예비타당성조사 보고서-농생명소재산업화 기술개발사업,机构正式研究,,,https://www.kistep.re.kr/reportAllDetail.es?mid=a10305010000&rpt_no=RES0220180250&rpt_tp=831-003,官方目录元数据，附件未列入本批
科研体系、研发投入与评价,科技创新政策与能力基线,C-KISTEP-RES0220180250,2018-12-11,W1,2017년도 예비타당성조사 보고서-농생명소재산업화 기술개발사업,机构正式研究,,,https://www.kistep.re.kr/reportAllDetail.es?mid=a10305010000&rpt_no=RES0220180250&rpt_tp=831-003,官方目录元数据，附件未列入本批
产业创新、创业与区域体系,科技创新政策与能力基线,C-KISTEP-RES0220180250,2018-12-11,W1,2017년도 예비타당성조사 보고서-농생명소재산업화 기술개발사업,机构正式研究,,,https://www.kistep.re.kr/reportAllDetail.es?mid=a10305010000&rpt_no=RES0220180250&rpt_tp=831-003,官方目录元数据，附件未列入本批
科研体系、研发投入与评价,科技创新政策与能力基线,C-KISTEP-RES0220180251,2018-12-11,W1,2018년도 예비타당성조사 보고서-무인이동체 원천기술개발사업,机构正式研究,,,https://www.kistep.re.kr/reportAllDetail.es?mid=a10305010000&rpt_no=RES0220180251&rpt_tp=831-003,官方目录元数据，附件未列入本批
航天、核能与大型技术系统,科技创新政策与能力基线,C-KISTEP-RES0220180251,2018-12-11,W1,2018년도 예비타당성조사 보고서-무인이동체 원천기술개발사업,机构正式研究,,,https://www.kistep.re.kr/reportAllDetail.es?mid=a10305010000&rpt_no=RES0220180251&rpt_tp=831-003,官方目录元数据，附件未列入本批
生命科学、生物技术与健康,核心科技直接材料,C-KISTEP-PRG0720180121,2018-12-13,W1,바이오의료 분야 R&D 투자방향 및 혁신방안 연구,机构正式研究,,,https://www.kistep.re.kr/reportAllDetail.es?mid=a10305010000&rpt_no=PRG0720180121&rpt_tp=831-007,官方目录元数据，附件未列入本批
科研体系、研发投入与评价,核心科技直接材料,C-KISTEP-PRG0720180121,2018-12-13,W1,바이오의료 분야 R&D 투자방향 및 혁신방안 연구,机构正式研究,,,https://www.kistep.re.kr/reportAllDetail.es?mid=a10305010000&rpt_no=PRG0720180121&rpt_tp=831-007,官方目录元数据，附件未列入本批
产业创新、创业与区域体系,核心科技直接材料,C-KISTEP-PRG0720180121,2018-12-13,W1,바이오의료 분야 R&D 투자방향 및 혁신방안 연구,机构正式研究,,,https://www.kistep.re.kr/reportAllDetail.es?mid=a10305010000&rpt_no=PRG0720180121&rpt_tp=831-007,官方目录元数据，附件未列入本批
产业创新、创业与区域体系,科技创新政策与能力基线,C-KISTEP-RES0220180256,2018-12-21,W1,2018년 지역과학기술산업 Scoreboard 구축과 발간,机构正式研究,,,https://www.kistep.re.kr/reportAllDetail.es?mid=a10305010000&rpt_no=RES0220180256&rpt_tp=831-001,官方目录元数据，附件未列入本批
科研体系、研发投入与评价,科技创新政策与能力基线,C-KISTEP-RES0220180258,2018-12-28,W1,2018년도 국가연구개발사업 상위평가 보고서[추적평가],机构正式研究,,,https://www.kistep.re.kr/reportAllDetail.es?mid=a10305010000&rpt_no=RES0220180258&rpt_tp=831-001,官方目录元数据，附件未列入本批
科研体系、研发投入与评价,科技创新政策与能力基线,C-KISTEP-RES0220180260,2018-12-28,W1,국가연구개발 연구성과 관리 활용 실태조사,机构正式研究,,,https://www.kistep.re.kr/reportAllDetail.es?mid=a10305010000&rpt_no=RES0220180260&rpt_tp=831-004,官方目录元数据，附件未列入本批
科研体系、研发投入与评价,科技创新政策与能力基线,C-KISTEP-PRG0720190004,2018-12-31,W1,대학의 연구개발 관리 현황 분석 및 개선방안 연구,机构正式研究,,,https://www.kistep.re.kr/reportAllDetail.es?mid=a10305010000&rpt_no=PRG0720190004&rpt_tp=831-007,官方目录元数据，附件未列入本批
科技人才、大学与知识流动,科技创新政策与能力基线,C-KISTEP-PRG0720190004,2018-12-31,W1,대학의 연구개발 관리 현황 분석 및 개선방안 연구,机构正式研究,,,https://www.kistep.re.kr/reportAllDetail.es?mid=a10305010000&rpt_no=PRG0720190004&rpt_tp=831-007,官方目录元数据，附件未列入本批
产业创新、创业与区域体系,科技创新政策与能力基线,C-KISTEP-PRG0720190005,2018-12-31,W1,혁신성장동력 신규분야 발굴을 위한 산업화 여건 분석 연구,机构正式研究,,,https://www.kistep.re.kr/reportAllDetail.es?mid=a10305010000&rpt_no=PRG0720190005&rpt_tp=831-007,官方目录元数据，附件未列入本批
科研体系、研发投入与评价,科技创新政策与能力基线,C-KISTEP-RES0220180262,2019-01-04,W2,R&D 성과 관리 및 활용 정책의 조망과 효과 분석,机构正式研究,,,https://www.kistep.re.kr/reportAllDetail.es?mid=a10305010000&rpt_no=RES0220180262&rpt_tp=831-004,官方目录元数据，附件未列入本批
科研体系、研发投入与评价,科技创新政策与能力基线,C-KISTEP-RES0220190002,2019-01-04,W2,과학기술 분야 R&D 제도 혁신 기반 연구,机构正式研究,,,https://www.kistep.re.kr/reportAllDetail.es?mid=a10305010000&rpt_no=RES0220190002&rpt_tp=831-001,官方目录元数据，附件未列入本批
产业创新、创业与区域体系,科技创新政策与能力基线,C-KISTEP-RES0220190002,2019-01-04,W2,과학기술 분야 R&D 제도 혁신 기반 연구,机构正式研究,,,https://www.kistep.re.kr/reportAllDetail.es?mid=a10305010000&rpt_no=RES0220190002&rpt_tp=831-001,官方目录元数据，附件未列入本批
科技人才、大学与知识流动,科技创新政策与能力基线,C-KISTEP-RES0220190003,2019-01-08,W2,연구자의 아이디어 보호 및 활용에 관한 법제 개선 연구,机构正式研究,,,https://www.kistep.re.kr/reportAllDetail.es?mid=a10305010000&rpt_no=RES0220190003&rpt_tp=831-002,官方目录元数据，附件未列入本批
科研体系、研发投入与评价,科技创新政策与能力基线,C-KISTEP-RES0220180257,2019-01-09,W2,2018년 국가과학기술혁신역량평가,机构正式研究,,,https://www.kistep.re.kr/reportAllDetail.es?mid=a10305010000&rpt_no=RES0220180257&rpt_tp=831-001,官方目录元数据，附件未列入本批
产业创新、创业与区域体系,科技创新政策与能力基线,C-KISTEP-RES0220180257,2019-01-09,W2,2018년 국가과학기술혁신역량평가,机构正式研究,,,https://www.kistep.re.kr/reportAllDetail.es?mid=a10305010000&rpt_no=RES0220180257&rpt_tp=831-001,官方目录元数据，附件未列入本批
科研体系、研发投入与评价,科技创新政策与能力基线,C-KISTEP-RES0220190006,2019-01-09,W2,감사 시스템 및 사례 분석을 통한 R&D 제도 개선에 관한 연구,机构正式研究,,,https://www.kistep.re.kr/reportAllDetail.es?mid=a10305010000&rpt_no=RES0220190006&rpt_tp=831-002,官方目录元数据，附件未列入本批
科研体系、研发投入与评价,科技创新政策与能力基线,C-KISTEP-RES0220180261,2019-01-10,W2,국가연구개발사업 간접비 제도 운영에 관한 연구,机构正式研究,,,https://www.kistep.re.kr/reportAllDetail.es?mid=a10305010000&rpt_no=RES0220180261&rpt_tp=831-002,官方目录元数据，附件未列入本批
科研体系、研发投入与评价,科技创新政策与能力基线,C-KISTEP-RES0220190009,2019-01-14,W2,2019년 KISTEP 미래유망기술 선정에 관한 연구,机构正式研究,,,https://www.kistep.re.kr/reportAllDetail.es?mid=a10305010000&rpt_no=RES0220190009&rpt_tp=831-006,官方目录元数据，附件未列入本批
科技前瞻与未来社会,科技创新政策与能力基线,C-KISTEP-RES0220190009,2019-01-14,W2,2019년 KISTEP 미래유망기술 선정에 관한 연구,机构正式研究,,,https://www.kistep.re.kr/reportAllDetail.es?mid=a10305010000&rpt_no=RES0220190009&rpt_tp=831-006,官方目录元数据，附件未列入本批
科技创新政策与研究体系,科技创新政策与能力基线,C-KISTEP-RES0220190012,2019-01-17,W2,2018년 과학기술분야 중장기계획 조사분석,机构正式研究,,,https://www.kistep.re.kr/reportAllDetail.es?mid=a10305010000&rpt_no=RES0220190012&rpt_tp=831-002,官方目录元数据，附件未列入本批
科研体系、研发投入与评价,科技创新政策与能力基线,C-KISTEP-RES0220190013,2019-01-17,W2,텍스트 마이닝 분석을 활용한 예산배분조정 전략과 예산의 연계성에 관한 연구,机构正式研究,,,https://www.kistep.re.kr/reportAllDetail.es?mid=a10305010000&rpt_no=RES0220190013&rpt_tp=831-005,官方目录元数据，附件未列入本批
科研体系、研发投入与评价,科技创新政策与能力基线,C-KISTEP-RES0220190014,2019-01-17,W2,제3회 과학기술예측조사 결과의 실현도 평가,机构正式研究,,,https://www.kistep.re.kr/reportAllDetail.es?mid=a10305010000&rpt_no=RES0220190014&rpt_tp=831-006,官方目录元数据，附件未列入本批
科技前瞻与未来社会,科技创新政策与能力基线,C-KISTEP-RES0220190014,2019-01-17,W2,제3회 과학기술예측조사 결과의 실현도 평가,机构正式研究,,,https://www.kistep.re.kr/reportAllDetail.es?mid=a10305010000&rpt_no=RES0220190014&rpt_tp=831-006,官方目录元数据，附件未列入本批
产业创新、创业与区域体系,科技创新政策与能力基线,C-KISTEP-RES0220190015,2019-01-18,W2,2018년 민간혁신 스코어보드 구축 및 발간,机构正式研究,,,https://www.kistep.re.kr/reportAllDetail.es?mid=a10305010000&rpt_no=RES0220190015&rpt_tp=831-002,官方目录元数据，附件未列入本批
科研体系、研发投入与评价,科技创新政策与能力基线,C-KISTEP-RES0220190017,2019-01-23,W2,2017년도 국가연구개발사업 성과분석 보고서,机构正式研究,,,https://www.kistep.re.kr/reportAllDetail.es?mid=a10305010000&rpt_no=RES0220190017&rpt_tp=831-001,官方目录元数据，附件未列入本批
科研体系、研发投入与评价,科技创新政策与能力基线,C-KISTEP-RES0220190018,2019-01-23,W2,국가연구개발사업 평가제도의 성과분석 및 고도화방안 연구,机构正式研究,,,https://www.kistep.re.kr/reportAllDetail.es?mid=a10305010000&rpt_no=RES0220190018&rpt_tp=831-001,官方目录元数据，附件未列入本批
产业创新、创业与区域体系,科技创新政策与能力基线,C-KISTEP-RES0220190007,2019-01-28,W2,과학기술기반 사회혁신지수 개발을 위한 기초연구,机构正式研究,,,https://www.kistep.re.kr/reportAllDetail.es?mid=a10305010000&rpt_no=RES0220190007&rpt_tp=831-002,官方目录元数据，附件未列入本批
科研体系、研发投入与评价,科技创新政策与能力基线,C-KISTEP-RES0220190021,2019-01-28,W2,2018 지방과학기술연감,机构正式研究,,,https://www.kistep.re.kr/reportAllDetail.es?mid=a10305010000&rpt_no=RES0220190021&rpt_tp=831-002,官方目录元数据，附件未列入本批
产业创新、创业与区域体系,科技创新政策与能力基线,C-KISTEP-RES0220190021,2019-01-28,W2,2018 지방과학기술연감,机构正式研究,,,https://www.kistep.re.kr/reportAllDetail.es?mid=a10305010000&rpt_no=RES0220190021&rpt_tp=831-002,官方目录元数据，附件未列入本批
科研体系、研发投入与评价,科技创新政策与能力基线,C-KISTEP-RES0220190022,2019-01-28,W2,국가연구개발사업 예비타당성조사 분석방법론 개선방향 탐색 연구,机构正式研究,,,https://www.kistep.re.kr/reportAllDetail.es?mid=a10305010000&rpt_no=RES0220190022&rpt_tp=831-003,官方目录元数据，附件未列入本批
科技创新政策与研究体系,科技创新政策与能力基线,C-KISTEP-RES0220190023,2019-01-28,W2,시스템/체계개발 유형사업에 대한 타당성조사 방법론 연구,机构正式研究,,,https://www.kistep.re.kr/reportAllDetail.es?mid=a10305010000&rpt_no=RES0220190023&rpt_tp=831-003,官方目录元数据，附件未列入本批
科研体系、研发投入与评价,科技创新政策与能力基线,C-KISTEP-RES0220190025,2019-01-28,W2,정부 연구개발 실증사업의 현황 분석 및 투자 전략 수립에 관한 연구,机构正式研究,,,https://www.kistep.re.kr/reportAllDetail.es?mid=a10305010000&rpt_no=RES0220190025&rpt_tp=831-005,官方目录元数据，附件未列入本批
产业创新、创业与区域体系,科技创新政策与能力基线,C-KISTEP-RES0220190025,2019-01-28,W2,정부 연구개발 실증사업의 현황 분석 및 투자 전략 수립에 관한 연구,机构正式研究,,,https://www.kistep.re.kr/reportAllDetail.es?mid=a10305010000&rpt_no=RES0220190025&rpt_tp=831-005,官方目录元数据，附件未列入本批
科技创新政策与研究体系,科技创新政策与能力基线,C-KISTEP-RES0220190026,2019-01-28,W2,학생인건비 통합관리제 기획 및 운영,机构正式研究,,,https://www.kistep.re.kr/reportAllDetail.es?mid=a10305010000&rpt_no=RES0220190026&rpt_tp=831-002,官方目录元数据，附件未列入本批
生命科学、生物技术与健康,核心科技直接材料,C-KISTEP-RES0220190028,2019-01-28,W2,글로벌 리스크 대응을 위한 메타 거버넌스 연구 : 과학기술 안보적 관점을 중심으로,机构正式研究,,,https://www.kistep.re.kr/reportAllDetail.es?mid=a10305010000&rpt_no=RES0220190028&rpt_tp=831-002,官方目录元数据，附件未列入本批
技术安全、供应链与国际合作,核心科技直接材料,C-KISTEP-RES0220190028,2019-01-28,W2,글로벌 리스크 대응을 위한 메타 거버넌스 연구 : 과학기술 안보적 관점을 중심으로,机构正式研究,,,https://www.kistep.re.kr/reportAllDetail.es?mid=a10305010000&rpt_no=RES0220190028&rpt_tp=831-002,官方目录元数据，附件未列入本批
科研体系、研发投入与评价,科技创新政策与能力基线,C-KISTEP-RES0220190030,2019-01-28,W2,K2Base 지식자산의 활용방안 연구 - 신약개발 분야를 중심으로 -,机构正式研究,,,https://www.kistep.re.kr/reportAllDetail.es?mid=a10305010000&rpt_no=RES0220190030&rpt_tp=831-004,官方目录元数据，附件未列入本批
科技人才、大学与知识流动,科技创新政策与能力基线,C-KISTEP-RES0220190030,2019-01-28,W2,K2Base 지식자산의 활용방안 연구 - 신약개발 분야를 중심으로 -,机构正式研究,,,https://www.kistep.re.kr/reportAllDetail.es?mid=a10305010000&rpt_no=RES0220190030&rpt_tp=831-004,官方目录元数据，附件未列入本批
科研体系、研发投入与评价,科技创新政策与能力基线,C-KISTEP-RES0220190031,2019-01-28,W2,2018년도 예비타당성조사 요구 국가연구개발사업 기술성평가,机构正式研究,,,https://www.kistep.re.kr/reportAllDetail.es?mid=a10305010000&rpt_no=RES0220190031&rpt_tp=831-001,官方目录元数据，附件未列入本批
科技创新政策与研究体系,科技创新政策与能力基线,C-KISTEP-RES0220190032,2019-01-28,W2,2018년 과학기술통계 분석과 통계백서 발간,机构正式研究,,,https://www.kistep.re.kr/reportAllDetail.es?mid=a10305010000&rpt_no=RES0220190032&rpt_tp=831-001,官方目录元数据，附件未列入本批
人工智能、数据与数字技术,核心科技直接材料,C-KISTEP-RES0220190033,2019-01-28,W2,빅데이터 기반의 연구혁신 정책의사결정 지원 체계 정립 연구,机构正式研究,,,https://www.kistep.re.kr/reportAllDetail.es?mid=a10305010000&rpt_no=RES0220190033&rpt_tp=831-001,官方目录元数据，附件未列入本批
产业创新、创业与区域体系,核心科技直接材料,C-KISTEP-RES0220190033,2019-01-28,W2,빅데이터 기반의 연구혁신 정책의사결정 지원 체계 정립 연구,机构正式研究,,,https://www.kistep.re.kr/reportAllDetail.es?mid=a10305010000&rpt_no=RES0220190033&rpt_tp=831-001,官方目录元数据，附件未列入本批
科研体系、研发投入与评价,科技创新政策与能力基线,C-KISTEP-RES0220190036,2019-01-28,W2,KISTEP 통계브리프,机构正式研究,,,https://www.kistep.re.kr/reportAllDetail.es?mid=a10305010000&rpt_no=RES0220190036&rpt_tp=831-001,官方目录元数据，附件未列入本批
科研体系、研发投入与评价,科技创新政策与能力基线,C-KISTEP-RES0220190038,2019-01-28,W2,국가R&D 기획·관리 지원서비스 구축,机构正式研究,,,https://www.kistep.re.kr/reportAllDetail.es?mid=a10305010000&rpt_no=RES0220190038&rpt_tp=831-001,官方目录元数据，附件未列入本批
科技人才、大学与知识流动,科技创新政策与能力基线,C-KISTEP-RES0220190038,2019-01-28,W2,국가R&D 기획·관리 지원서비스 구축,机构正式研究,,,https://www.kistep.re.kr/reportAllDetail.es?mid=a10305010000&rpt_no=RES0220190038&rpt_tp=831-001,官方目录元数据，附件未列入本批
产业创新、创业与区域体系,科技创新政策与能力基线,C-KISTEP-RES0220190010,2019-01-29,W2,기술기반 고성장 기업 육성을 위한 정책 방안 연구,机构正式研究,,,https://www.kistep.re.kr/reportAllDetail.es?mid=a10305010000&rpt_no=RES0220190010&rpt_tp=831-002,官方目录元数据，附件未列入本批
科研体系、研发投入与评价,科技创新政策与能力基线,C-KISTEP-RES0220190024,2019-01-29,W2,무역환경 선도형 소재·부품 확보를 위한 정부R&D 투자전략,机构正式研究,,,https://www.kistep.re.kr/reportAllDetail.es?mid=a10305010000&rpt_no=RES0220190024&rpt_tp=831-005,官方目录元数据，附件未列入本批
能源、气候与绿色转型,科技创新政策与能力基线,C-KISTEP-RES0220190029,2019-01-29,W2,"R&D-산업생태계 분석을 통한 재생에너지 투자전략 수립 : 태양광, 풍력 중심으로",机构正式研究,,,https://www.kistep.re.kr/reportAllDetail.es?mid=a10305010000&rpt_no=RES0220190029&rpt_tp=831-005,官方目录元数据，附件未列入本批
科研体系、研发投入与评价,科技创新政策与能力基线,C-KISTEP-RES0220190029,2019-01-29,W2,"R&D-산업생태계 분석을 통한 재생에너지 투자전략 수립 : 태양광, 풍력 중심으로",机构正式研究,,,https://www.kistep.re.kr/reportAllDetail.es?mid=a10305010000&rpt_no=RES0220190029&rpt_tp=831-005,官方目录元数据，附件未列入本批
产业创新、创业与区域体系,科技创新政策与能力基线,C-KISTEP-RES0220190029,2019-01-29,W2,"R&D-산업생태계 분석을 통한 재생에너지 투자전략 수립 : 태양광, 풍력 중심으로",机构正式研究,,,https://www.kistep.re.kr/reportAllDetail.es?mid=a10305010000&rpt_no=RES0220190029&rpt_tp=831-005,官方目录元数据，附件未列入本批
科研体系、研发投入与评价,科技创新政策与能力基线,C-KISTEP-RES0220190035,2019-01-29,W2,2018년도 Creative KISTEP Fellowship Program 운영 및 정책이슈 분석,机构正式研究,,,https://www.kistep.re.kr/reportAllDetail.es?mid=a10305010000&rpt_no=RES0220190035&rpt_tp=831-002,官方目录元数据，附件未列入本批
科研体系、研发投入与评价,科技创新政策与能力基线,C-KISTEP-RES0220190037,2019-01-29,W2,국방분야 과학기술 성과현황 분석 및 발전방안 연구,机构正式研究,,,https://www.kistep.re.kr/reportAllDetail.es?mid=a10305010000&rpt_no=RES0220190037&rpt_tp=831-001,官方目录元数据，附件未列入本批
科研体系、研发投入与评价,科技创新政策与能力基线,C-KISTEP-RES0220190041,2019-01-29,W2,시민참여형 미세먼지 대응 정부 R&D 투자방향 수립 연구,机构正式研究,,,https://www.kistep.re.kr/reportAllDetail.es?mid=a10305010000&rpt_no=RES0220190041&rpt_tp=831-005,官方目录元数据，附件未列入本批
产业创新、创业与区域体系,科技创新政策与能力基线,C-KISTEP-RES0220190043,2019-01-29,W2,국내 혁신 생태계의 경쟁력 강화를 위한 연구산업 활성화 정책 연구,机构正式研究,,,https://www.kistep.re.kr/reportAllDetail.es?mid=a10305010000&rpt_no=RES0220190043&rpt_tp=831-002,官方目录元数据，附件未列入本批
科研体系、研发投入与评价,科技创新政策与能力基线,C-KISTEP-RES0220190046,2019-01-29,W2,정부 연구개발 투자의 생산성 측정에 관한 연구 (I),机构正式研究,,,https://www.kistep.re.kr/reportAllDetail.es?mid=a10305010000&rpt_no=RES0220190046&rpt_tp=831-005,官方目录元数据，附件未列入本批
科研体系、研发投入与评价,核心科技直接材料,C-KISTEP-RES0220190047,2019-01-29,W2,정부R&D 최적 예산배분안 도출 프로세스 연구 : 공공우주 분야를 중심으로,机构正式研究,,,https://www.kistep.re.kr/reportAllDetail.es?mid=a10305010000&rpt_no=RES0220190047&rpt_tp=831-005,官方目录元数据，附件未列入本批
航天、核能与大型技术系统,核心科技直接材料,C-KISTEP-RES0220190047,2019-01-29,W2,정부R&D 최적 예산배분안 도출 프로세스 연구 : 공공우주 분야를 중심으로,机构正式研究,,,https://www.kistep.re.kr/reportAllDetail.es?mid=a10305010000&rpt_no=RES0220190047&rpt_tp=831-005,官方目录元数据，附件未列入本批
科研体系、研发投入与评价,科技创新政策与能力基线,C-KISTEP-RES0220190040,2019-01-30,W2,2018년도 국가연구개발사업 상위평가 보고서 [종료평가],机构正式研究,,,https://www.kistep.re.kr/reportAllDetail.es?mid=a10305010000&rpt_no=RES0220190040&rpt_tp=831-001,官方目录元数据，附件未列入本批
科研体系、研发投入与评价,科技创新政策与能力基线,C-KISTEP-RES0220190045,2019-01-30,W2,2018년도 과학기술정책의 과학화 기반구축 사업,机构正式研究,,,https://www.kistep.re.kr/reportAllDetail.es?mid=a10305010000&rpt_no=RES0220190045&rpt_tp=831-004,官方目录元数据，附件未列入本批
科研体系、研发投入与评价,科技创新政策与能力基线,C-KISTEP-RES0220190048,2019-01-30,W2,2018년 과학기술 기획·조정·평가 국제 네트워크 구축 연구,机构正式研究,,,https://www.kistep.re.kr/reportAllDetail.es?mid=a10305010000&rpt_no=RES0220190048&rpt_tp=831-002,官方目录元数据，附件未列入本批
产业创新、创业与区域体系,科技创新政策与能力基线,C-KISTEP-RES0220190048,2019-01-30,W2,2018년 과학기술 기획·조정·평가 국제 네트워크 구축 연구,机构正式研究,,,https://www.kistep.re.kr/reportAllDetail.es?mid=a10305010000&rpt_no=RES0220190048&rpt_tp=831-002,官方目录元数据，附件未列入本批
技术安全、供应链与国际合作,科技创新政策与能力基线,C-KISTEP-RES0220190048,2019-01-30,W2,2018년 과학기술 기획·조정·평가 국제 네트워크 구축 연구,机构正式研究,,,https://www.kistep.re.kr/reportAllDetail.es?mid=a10305010000&rpt_no=RES0220190048&rpt_tp=831-002,官方目录元数据，附件未列入本批
产业创新、创业与区域体系,科技创新政策与能力基线,C-KISTEP-RES0220190049,2019-01-30,W2,2018년도 과학기술 & ICT 정책·기술 동향 분석,机构正式研究,,,https://www.kistep.re.kr/reportAllDetail.es?mid=a10305010000&rpt_no=RES0220190049&rpt_tp=831-002,官方目录元数据，附件未列入本批
科研体系、研发投入与评价,科技创新政策与能力基线,C-KISTEP-RES0220190052,2019-01-30,W2,2018년 창의적 연구성과 창출을 위한 연구사업관리 개선방안 연구,机构正式研究,,,https://www.kistep.re.kr/reportAllDetail.es?mid=a10305010000&rpt_no=RES0220190052&rpt_tp=831-004,官方目录元数据，附件未列入本批
产业创新、创业与区域体系,科技创新政策与能力基线,C-KISTEP-RES0220190054,2019-01-30,W2,미래변화 대응을 위한 전문가 네트워크 및 포럼 운영,机构正式研究,,,https://www.kistep.re.kr/reportAllDetail.es?mid=a10305010000&rpt_no=RES0220190054&rpt_tp=831-002,官方目录元数据，附件未列入本批
科技前瞻与未来社会,科技创新政策与能力基线,C-KISTEP-RES0220190054,2019-01-30,W2,미래변화 대응을 위한 전문가 네트워크 및 포럼 운영,机构正式研究,,,https://www.kistep.re.kr/reportAllDetail.es?mid=a10305010000&rpt_no=RES0220190054&rpt_tp=831-002,官方目录元数据，附件未列入本批
科研体系、研发投入与评价,科技创新政策与能力基线,C-KISTEP-RES0220180259,2019-01-31,W2,2018년 국가R&D사업 사전분석 전문 네트워크 구축 및 역량 강화,机构正式研究,,,https://www.kistep.re.kr/reportAllDetail.es?mid=a10305010000&rpt_no=RES0220180259&rpt_tp=831-003,官方目录元数据，附件未列入本批
科研体系、研发投入与评价,科技创新政策与能力基线,C-KISTEP-RES0220190039,2019-01-31,W2,범부처 R&D 관리시스템 발전 방안 연구,机构正式研究,,,https://www.kistep.re.kr/reportAllDetail.es?mid=a10305010000&rpt_no=RES0220190039&rpt_tp=831-001,官方目录元数据，附件未列入本批
产业创新、创业与区域体系,科技创新政策与能力基线,C-KISTEP-RES0220190039,2019-01-31,W2,범부처 R&D 관리시스템 발전 방안 연구,机构正式研究,,,https://www.kistep.re.kr/reportAllDetail.es?mid=a10305010000&rpt_no=RES0220190039&rpt_tp=831-001,官方目录元数据，附件未列入本批
科研体系、研发投入与评价,科技创新政策与能力基线,C-KISTEP-RES0220190044,2019-01-31,W2,2017년도(조사대상년도) 연구개발활동조사보고서,机构正式研究,,,https://www.kistep.re.kr/reportAllDetail.es?mid=a10305010000&rpt_no=RES0220190044&rpt_tp=831-001,官方目录元数据，附件未列入本批
科技人才、大学与知识流动,科技创新政策与能力基线,C-KISTEP-RES0220190044,2019-01-31,W2,2017년도(조사대상년도) 연구개발활동조사보고서,机构正式研究,,,https://www.kistep.re.kr/reportAllDetail.es?mid=a10305010000&rpt_no=RES0220190044&rpt_tp=831-001,官方目录元数据，附件未列入本批
科研体系、研发投入与评价,科技创新政策与能力基线,C-KISTEP-RES0220190050,2019-01-31,W2,2018년 개방형 포럼 방식을 활용한 과학기술정책 이슈연구,机构正式研究,,,https://www.kistep.re.kr/reportAllDetail.es?mid=a10305010000&rpt_no=RES0220190050&rpt_tp=831-005,官方目录元数据，附件未列入本批
科技人才、大学与知识流动,科技创新政策与能力基线,C-KISTEP-RES0220190050,2019-01-31,W2,2018년 개방형 포럼 방식을 활용한 과학기술정책 이슈연구,机构正式研究,,,https://www.kistep.re.kr/reportAllDetail.es?mid=a10305010000&rpt_no=RES0220190050&rpt_tp=831-005,官方目录元数据，附件未列入本批
产业创新、创业与区域体系,科技创新政策与能力基线,C-KISTEP-RES0220190050,2019-01-31,W2,2018년 개방형 포럼 방식을 활용한 과학기술정책 이슈연구,机构正式研究,,,https://www.kistep.re.kr/reportAllDetail.es?mid=a10305010000&rpt_no=RES0220190050&rpt_tp=831-005,官方目录元数据，附件未列入本批
产业创新、创业与区域体系,科技创新政策与能力基线,C-KISTEP-RES0220190051,2019-01-31,W2,기술발전으로 변화될 스타트업 생태계의 미래,机构正式研究,,,https://www.kistep.re.kr/reportAllDetail.es?mid=a10305010000&rpt_no=RES0220190051&rpt_tp=831-006,官方目录元数据，附件未列入本批
技术安全、供应链与国际合作,科技创新政策与能力基线,C-KISTEP-RES0220190051,2019-01-31,W2,기술발전으로 변화될 스타트업 생태계의 미래,机构正式研究,,,https://www.kistep.re.kr/reportAllDetail.es?mid=a10305010000&rpt_no=RES0220190051&rpt_tp=831-006,官方目录元数据，附件未列入本批
科技前瞻与未来社会,科技创新政策与能力基线,C-KISTEP-RES0220190051,2019-01-31,W2,기술발전으로 변화될 스타트업 생태계의 미래,机构正式研究,,,https://www.kistep.re.kr/reportAllDetail.es?mid=a10305010000&rpt_no=RES0220190051&rpt_tp=831-006,官方目录元数据，附件未列入本批
科研体系、研发投入与评价,科技创新政策与能力基线,C-KISTEP-RES0220190053,2019-01-31,W2,2018년 전략적 R&D예산 배분 및 편성을 위한 정책기반 구축에 관한 연구,机构正式研究,,,https://www.kistep.re.kr/reportAllDetail.es?mid=a10305010000&rpt_no=RES0220190053&rpt_tp=831-002,官方目录元数据，附件未列入本批
科研体系、研发投入与评价,科技创新政策与能力基线,C-KISTEP-RES0220190056,2019-01-31,W2,2018년도 글로벌 R&D 투자동향 분석,机构正式研究,,,https://www.kistep.re.kr/reportAllDetail.es?mid=a10305010000&rpt_no=RES0220190056&rpt_tp=831-005,官方目录元数据，附件未列入本批
科技人才、大学与知识流动,科技创新政策与能力基线,C-KISTEP-RES0220190056,2019-01-31,W2,2018년도 글로벌 R&D 투자동향 분석,机构正式研究,,,https://www.kistep.re.kr/reportAllDetail.es?mid=a10305010000&rpt_no=RES0220190056&rpt_tp=831-005,官方目录元数据，附件未列入本批
产业创新、创业与区域体系,科技创新政策与能力基线,C-KISTEP-RES0220190056,2019-01-31,W2,2018년도 글로벌 R&D 투자동향 분석,机构正式研究,,,https://www.kistep.re.kr/reportAllDetail.es?mid=a10305010000&rpt_no=RES0220190056&rpt_tp=831-005,官方目录元数据，附件未列入本批
科研体系、研发投入与评价,科技创新政策与能力基线,C-KISTEP-RES0220190058,2019-01-31,W2,2018년 R&D사업 예비타당성조사 일관성 제고를 위한 조사 체계 개선 방향 연구,机构正式研究,,,https://www.kistep.re.kr/reportAllDetail.es?mid=a10305010000&rpt_no=RES0220190058&rpt_tp=831-003,官方目录元数据，附件未列入本批
科研体系、研发投入与评价,科技创新政策与能力基线,C-KISTEP-RES0220190060,2019-01-31,W2,KISTEP 정책네트워킹 추진 및 기관성과 확산을 위한 연구,机构正式研究,,,https://www.kistep.re.kr/reportAllDetail.es?mid=a10305010000&rpt_no=RES0220190060&rpt_tp=831-004,官方目录元数据，附件未列入本批
人工智能、数据与数字技术,核心科技直接材料,C-KISTEP-RES0220190062,2019-01-31,W2,2018년 기술영향평가(블록체인 기술),机构正式研究,,,https://www.kistep.re.kr/reportAllDetail.es?mid=a10305010000&rpt_no=RES0220190062&rpt_tp=831-006,官方目录元数据，附件未列入本批
科研体系、研发投入与评价,核心科技直接材料,C-KISTEP-RES0220190062,2019-01-31,W2,2018년 기술영향평가(블록체인 기술),机构正式研究,,,https://www.kistep.re.kr/reportAllDetail.es?mid=a10305010000&rpt_no=RES0220190062&rpt_tp=831-006,官方目录元数据，附件未列入本批
科技前瞻与未来社会,核心科技直接材料,C-KISTEP-RES0220190062,2019-01-31,W2,2018년 기술영향평가(블록체인 기술),机构正式研究,,,https://www.kistep.re.kr/reportAllDetail.es?mid=a10305010000&rpt_no=RES0220190062&rpt_tp=831-006,官方目录元数据，附件未列入本批
中国科技与国际比较,科技创新政策与能力基线,C-KISTEP-RES0220190059,2019-02-07,W2,2018년 기술혁신관점에서 한국 주력산업의 미래위험 예측: 자동차 산업의 패러다임 변화와 중국의 추격을 중심으로,机构正式研究,C:\Users\WINDOWS\OneDrive\知识库\智库信息爬虫\国际主要科技智库观点演变_研判\03_证据底稿\原文PDF\C-KISTEP-RES0220190059.pdf,C:\Users\WINDOWS\OneDrive\知识库\智库信息爬虫\国际主要科技智库观点演变_研判\03_证据底稿\文本\C-KISTEP-RES0220190059.txt,https://www.kistep.re.kr/reportAllDetail.es?mid=a10305010000&rpt_no=RES0220190059&rpt_tp=831-006,官方PDF已保存并校验
人工智能、数据与数字技术,科技创新政策与能力基线,C-KISTEP-RES0220190059,2019-02-07,W2,2018년 기술혁신관점에서 한국 주력산업의 미래위험 예측: 자동차 산업의 패러다임 변화와 중국의 추격을 중심으로,机构正式研究,C:\Users\WINDOWS\OneDrive\知识库\智库信息爬虫\国际主要科技智库观点演变_研判\03_证据底稿\原文PDF\C-KISTEP-RES0220190059.pdf,C:\Users\WINDOWS\OneDrive\知识库\智库信息爬虫\国际主要科技智库观点演变_研判\03_证据底稿\文本\C-KISTEP-RES0220190059.txt,https://www.kistep.re.kr/reportAllDetail.es?mid=a10305010000&rpt_no=RES0220190059&rpt_tp=831-006,官方PDF已保存并校验
半导体、量子与战略技术,科技创新政策与能力基线,C-KISTEP-RES0220190059,2019-02-07,W2,2018년 기술혁신관점에서 한국 주력산업의 미래위험 예측: 자동차 산업의 패러다임 변화와 중국의 추격을 중심으로,机构正式研究,C:\Users\WINDOWS\OneDrive\知识库\智库信息爬虫\国际主要科技智库观点演变_研判\03_证据底稿\原文PDF\C-KISTEP-RES0220190059.pdf,C:\Users\WINDOWS\OneDrive\知识库\智库信息爬虫\国际主要科技智库观点演变_研判\03_证据底稿\文本\C-KISTEP-RES0220190059.txt,https://www.kistep.re.kr/reportAllDetail.es?mid=a10305010000&rpt_no=RES0220190059&rpt_tp=831-006,官方PDF已保存并校验
能源、气候与绿色转型,科技创新政策与能力基线,C-KISTEP-RES0220190059,2019-02-07,W2,2018년 기술혁신관점에서 한국 주력산업의 미래위험 예측: 자동차 산업의 패러다임 변화와 중국의 추격을 중심으로,机构正式研究,C:\Users\WINDOWS\OneDrive\知识库\智库信息爬虫\国际主要科技智库观点演变_研判\03_证据底稿\原文PDF\C-KISTEP-RES0220190059.pdf,C:\Users\WINDOWS\OneDrive\知识库\智库信息爬虫\国际主要科技智库观点演变_研判\03_证据底稿\文本\C-KISTEP-RES0220190059.txt,https://www.kistep.re.kr/reportAllDetail.es?mid=a10305010000&rpt_no=RES0220190059&rpt_tp=831-006,官方PDF已保存并校验
科研体系、研发投入与评价,科技创新政策与能力基线,C-KISTEP-RES0220190059,2019-02-07,W2,2018년 기술혁신관점에서 한국 주력산업의 미래위험 예측: 자동차 산업의 패러다임 변화와 중국의 추격을 중심으로,机构正式研究,C:\Users\WINDOWS\OneDrive\知识库\智库信息爬虫\国际主要科技智库观点演变_研判\03_证据底稿\原文PDF\C-KISTEP-RES0220190059.pdf,C:\Users\WINDOWS\OneDrive\知识库\智库信息爬虫\国际主要科技智库观点演变_研判\03_证据底稿\文本\C-KISTEP-RES0220190059.txt,https://www.kistep.re.kr/reportAllDetail.es?mid=a10305010000&rpt_no=RES0220190059&rpt_tp=831-006,官方PDF已保存并校验
科技人才、大学与知识流动,科技创新政策与能力基线,C-KISTEP-RES0220190059,2019-02-07,W2,2018년 기술혁신관점에서 한국 주력산업의 미래위험 예측: 자동차 산업의 패러다임 변화와 중국의 추격을 중심으로,机构正式研究,C:\Users\WINDOWS\OneDrive\知识库\智库信息爬虫\国际主要科技智库观点演变_研判\03_证据底稿\原文PDF\C-KISTEP-RES0220190059.pdf,C:\Users\WINDOWS\OneDrive\知识库\智库信息爬虫\国际主要科技智库观点演变_研判\03_证据底稿\文本\C-KISTEP-RES0220190059.txt,https://www.kistep.re.kr/reportAllDetail.es?mid=a10305010000&rpt_no=RES0220190059&rpt_tp=831-006,官方PDF已保存并校验
产业创新、创业与区域体系,科技创新政策与能力基线,C-KISTEP-RES0220190059,2019-02-07,W2,2018년 기술혁신관점에서 한국 주력산업의 미래위험 예측: 자동차 산업의 패러다임 변화와 중국의 추격을 중심으로,机构正式研究,C:\Users\WINDOWS\OneDrive\知识库\智库信息爬虫\国际主要科技智库观点演变_研判\03_证据底稿\原文PDF\C-KISTEP-RES0220190059.pdf,C:\Users\WINDOWS\OneDrive\知识库\智库信息爬虫\国际主要科技智库观点演变_研判\03_证据底稿\文本\C-KISTEP-RES0220190059.txt,https://www.kistep.re.kr/reportAllDetail.es?mid=a10305010000&rpt_no=RES0220190059&rpt_tp=831-006,官方PDF已保存并校验
科技前瞻与未来社会,科技创新政策与能力基线,C-KISTEP-RES0220190059,2019-02-07,W2,2018년 기술혁신관점에서 한국 주력산업의 미래위험 예측: 자동차 산업의 패러다임 변화와 중국의 추격을 중심으로,机构正式研究,C:\Users\WINDOWS\OneDrive\知识库\智库信息爬虫\国际主要科技智库观点演变_研判\03_证据底稿\原文PDF\C-KISTEP-RES0220190059.pdf,C:\Users\WINDOWS\OneDrive\知识库\智库信息爬虫\国际主要科技智库观点演变_研判\03_证据底稿\文本\C-KISTEP-RES0220190059.txt,https://www.kistep.re.kr/reportAllDetail.es?mid=a10305010000&rpt_no=RES0220190059&rpt_tp=831-006,官方PDF已保存并校验
产业创新、创业与区域体系,科技创新政策与能力基线,C-KISTEP-RES0220190061,2019-02-07,W2,2018년 과학기술혁신 및 사회이슈 분석을 위한 예측기반연구,机构正式研究,,,https://www.kistep.re.kr/reportAllDetail.es?mid=a10305010000&rpt_no=RES0220190061&rpt_tp=831-006,官方目录元数据，附件未列入本批
科技前瞻与未来社会,科技创新政策与能力基线,C-KISTEP-RES0220190061,2019-02-07,W2,2018년 과학기술혁신 및 사회이슈 분석을 위한 예측기반연구,机构正式研究,,,https://www.kistep.re.kr/reportAllDetail.es?mid=a10305010000&rpt_no=RES0220190061&rpt_tp=831-006,官方目录元数据，附件未列入本批
产业创新、创业与区域体系,科技创新政策与能力基线,C-KISTEP-RES0220190064,2019-02-07,W2,미래 환경변화에 대응하는 과학기술 혁신 아젠다 도출·분석 연구,机构正式研究,,,https://www.kistep.re.kr/reportAllDetail.es?mid=a10305010000&rpt_no=RES0220190064&rpt_tp=831-002,官方目录元数据，附件未列入本批
科技前瞻与未来社会,科技创新政策与能力基线,C-KISTEP-RES0220190064,2019-02-07,W2,미래 환경변화에 대응하는 과학기술 혁신 아젠다 도출·분석 연구,机构正式研究,,,https://www.kistep.re.kr/reportAllDetail.es?mid=a10305010000&rpt_no=RES0220190064&rpt_tp=831-002,官方目录元数据，附件未列入本批
科研体系、研发投入与评价,科技创新政策与能力基线,C-KISTEP-RES0220190065,2019-02-07,W2,2018년 KISTEP 이슈 위클리,机构正式研究,,,https://www.kistep.re.kr/reportAllDetail.es?mid=a10305010000&rpt_no=RES0220190065&rpt_tp=831-002,官方目录元数据，附件未列入本批
科研体系、研发投入与评价,科技创新政策与能力基线,C-KISTEP-RES0220190069,2019-02-07,W2,2018 미래사회 대응 기술혁신 아젠다 발굴 및 R&D투자전략 수립,机构正式研究,,,https://www.kistep.re.kr/reportAllDetail.es?mid=a10305010000&rpt_no=RES0220190069&rpt_tp=831-005,官方目录元数据，附件未列入本批
产业创新、创业与区域体系,科技创新政策与能力基线,C-KISTEP-RES0220190069,2019-02-07,W2,2018 미래사회 대응 기술혁신 아젠다 발굴 및 R&D투자전략 수립,机构正式研究,,,https://www.kistep.re.kr/reportAllDetail.es?mid=a10305010000&rpt_no=RES0220190069&rpt_tp=831-005,官方目录元数据，附件未列入本批
科技前瞻与未来社会,科技创新政策与能力基线,C-KISTEP-RES0220190069,2019-02-07,W2,2018 미래사회 대응 기술혁신 아젠다 발굴 및 R&D투자전략 수립,机构正式研究,,,https://www.kistep.re.kr/reportAllDetail.es?mid=a10305010000&rpt_no=RES0220190069&rpt_tp=831-005,官方目录元数据，附件未列入本批
科技人才、大学与知识流动,科技创新政策与能力基线,C-KISTEP-RES0220190020,2019-02-08,W2,2018년 과학기술혁신정책 Scoreboard,机构正式研究,,,https://www.kistep.re.kr/reportAllDetail.es?mid=a10305010000&rpt_no=RES0220190020&rpt_tp=831-002,官方目录元数据，附件未列入本批
产业创新、创业与区域体系,科技创新政策与能力基线,C-KISTEP-RES0220190020,2019-02-08,W2,2018년 과학기술혁신정책 Scoreboard,机构正式研究,,,https://www.kistep.re.kr/reportAllDetail.es?mid=a10305010000&rpt_no=RES0220190020&rpt_tp=831-002,官方目录元数据，附件未列入本批
科研体系、研发投入与评价,科技创新政策与能力基线,C-KISTEP-RES0220190055,2019-02-08,W2,KISTEP 성과확산을 위한 글로벌 교류기반 강화 연구,机构正式研究,,,https://www.kistep.re.kr/reportAllDetail.es?mid=a10305010000&rpt_no=RES0220190055&rpt_tp=831-004,官方目录元数据，附件未列入本批
科技创新政策与研究体系,科技创新政策与能力基线,C-KISTEP-RES0220190067,2019-02-08,W2,2018년 산학연협력 스코어보드 연구,机构正式研究,,,https://www.kistep.re.kr/reportAllDetail.es?mid=a10305010000&rpt_no=RES0220190067&rpt_tp=831-002,官方目录元数据，附件未列入本批
科研体系、研发投入与评价,科技创新政策与能力基线,C-KISTEP-RES0220190068,2019-02-08,W2,2018년도 과학기술정보통신부 직할 출연(연) 평가 - 기관평가 및 평가제도개선에 관한 연구,机构正式研究,,,https://www.kistep.re.kr/reportAllDetail.es?mid=a10305010000&rpt_no=RES0220190068&rpt_tp=831-002,官方目录元数据，附件未列入本批
科研体系、研发投入与评价,科技创新政策与能力基线,C-KISTEP-RES0220190070,2019-02-08,W2,2018년 국가연구개발 성과 관리·활용체계 고도화 방안 연구,机构正式研究,,,https://www.kistep.re.kr/reportAllDetail.es?mid=a10305010000&rpt_no=RES0220190070&rpt_tp=831-004,官方目录元数据，附件未列入本批
中国科技与国际比较,科技创新政策与能力基线,C-KISTEP-RES0220190071,2019-02-11,W2,동북아시아 과학기술 혁신 정책기관과의 실효적 협력의제 도출,机构正式研究,C:\Users\WINDOWS\OneDrive\知识库\智库信息爬虫\国际主要科技智库观点演变_研判\03_证据底稿\原文PDF\C-KISTEP-RES0220190071.pdf,C:\Users\WINDOWS\OneDrive\知识库\智库信息爬虫\国际主要科技智库观点演变_研判\03_证据底稿\文本\C-KISTEP-RES0220190071.txt,https://www.kistep.re.kr/reportAllDetail.es?mid=a10305010000&rpt_no=RES0220190071&rpt_tp=831-002,官方PDF已保存并校验
半导体、量子与战略技术,科技创新政策与能力基线,C-KISTEP-RES0220190071,2019-02-11,W2,동북아시아 과학기술 혁신 정책기관과의 실효적 협력의제 도출,机构正式研究,C:\Users\WINDOWS\OneDrive\知识库\智库信息爬虫\国际主要科技智库观点演变_研判\03_证据底稿\原文PDF\C-KISTEP-RES0220190071.pdf,C:\Users\WINDOWS\OneDrive\知识库\智库信息爬虫\国际主要科技智库观点演变_研判\03_证据底稿\文本\C-KISTEP-RES0220190071.txt,https://www.kistep.re.kr/reportAllDetail.es?mid=a10305010000&rpt_no=RES0220190071&rpt_tp=831-002,官方PDF已保存并校验
科研体系、研发投入与评价,科技创新政策与能力基线,C-KISTEP-RES0220190071,2019-02-11,W2,동북아시아 과학기술 혁신 정책기관과의 실효적 협력의제 도출,机构正式研究,C:\Users\WINDOWS\OneDrive\知识库\智库信息爬虫\国际主要科技智库观点演变_研判\03_证据底稿\原文PDF\C-KISTEP-RES0220190071.pdf,C:\Users\WINDOWS\OneDrive\知识库\智库信息爬虫\国际主要科技智库观点演变_研判\03_证据底稿\文本\C-KISTEP-RES0220190071.txt,https://www.kistep.re.kr/reportAllDetail.es?mid=a10305010000&rpt_no=RES0220190071&rpt_tp=831-002,官方PDF已保存并校验
科技人才、大学与知识流动,科技创新政策与能力基线,C-KISTEP-RES0220190071,2019-02-11,W2,동북아시아 과학기술 혁신 정책기관과의 실효적 협력의제 도출,机构正式研究,C:\Users\WINDOWS\OneDrive\知识库\智库信息爬虫\国际主要科技智库观点演变_研判\03_证据底稿\原文PDF\C-KISTEP-RES0220190071.pdf,C:\Users\WINDOWS\OneDrive\知识库\智库信息爬虫\国际主要科技智库观点演变_研判\03_证据底稿\文本\C-KISTEP-RES0220190071.txt,https://www.kistep.re.kr/reportAllDetail.es?mid=a10305010000&rpt_no=RES0220190071&rpt_tp=831-002,官方PDF已保存并校验
产业创新、创业与区域体系,科技创新政策与能力基线,C-KISTEP-RES0220190071,2019-02-11,W2,동북아시아 과학기술 혁신 정책기관과의 실효적 협력의제 도출,机构正式研究,C:\Users\WINDOWS\OneDrive\知识库\智库信息爬虫\国际主要科技智库观点演变_研判\03_证据底稿\原文PDF\C-KISTEP-RES0220190071.pdf,C:\Users\WINDOWS\OneDrive\知识库\智库信息爬虫\国际主要科技智库观点演变_研判\03_证据底稿\文本\C-KISTEP-RES0220190071.txt,https://www.kistep.re.kr/reportAllDetail.es?mid=a10305010000&rpt_no=RES0220190071&rpt_tp=831-002,官方PDF已保存并校验
技术安全、供应链与国际合作,科技创新政策与能力基线,C-KISTEP-RES0220190071,2019-02-11,W2,동북아시아 과학기술 혁신 정책기관과의 실효적 협력의제 도출,机构正式研究,C:\Users\WINDOWS\OneDrive\知识库\智库信息爬虫\国际主要科技智库观点演变_研判\03_证据底稿\原文PDF\C-KISTEP-RES0220190071.pdf,C:\Users\WINDOWS\OneDrive\知识库\智库信息爬虫\国际主要科技智库观点演变_研判\03_证据底稿\文本\C-KISTEP-RES0220190071.txt,https://www.kistep.re.kr/reportAllDetail.es?mid=a10305010000&rpt_no=RES0220190071&rpt_tp=831-002,官方PDF已保存并校验
科技前瞻与未来社会,科技创新政策与能力基线,C-KISTEP-RES0220190071,2019-02-11,W2,동북아시아 과학기술 혁신 정책기관과의 실효적 협력의제 도출,机构正式研究,C:\Users\WINDOWS\OneDrive\知识库\智库信息爬虫\国际主要科技智库观点演变_研判\03_证据底稿\原文PDF\C-KISTEP-RES0220190071.pdf,C:\Users\WINDOWS\OneDrive\知识库\智库信息爬虫\国际主要科技智库观点演变_研判\03_证据底稿\文本\C-KISTEP-RES0220190071.txt,https://www.kistep.re.kr/reportAllDetail.es?mid=a10305010000&rpt_no=RES0220190071&rpt_tp=831-002,官方PDF已保存并校验
产业创新、创业与区域体系,科技创新政策与能力基线,C-KISTEP-RES0220190075,2019-02-15,W2,혁신성장동력분야 주요경쟁국 정책 모니터링 및 심층분석,机构正式研究,,,https://www.kistep.re.kr/reportAllDetail.es?mid=a10305010000&rpt_no=RES0220190075&rpt_tp=831-002,官方目录元数据，附件未列入本批
科研体系、研发投入与评价,科技创新政策与能力基线,C-KISTEP-RES0220190066,2019-02-18,W2,2018년 지역과학기술산업 Scoreboard 구축과 발간,机构正式研究,,,https://www.kistep.re.kr/reportAllDetail.es?mid=a10305010000&rpt_no=RES0220190066&rpt_tp=831-002,官方目录元数据，附件未列入本批
产业创新、创业与区域体系,科技创新政策与能力基线,C-KISTEP-RES0220190066,2019-02-18,W2,2018년 지역과학기술산업 Scoreboard 구축과 발간,机构正式研究,,,https://www.kistep.re.kr/reportAllDetail.es?mid=a10305010000&rpt_no=RES0220190066&rpt_tp=831-002,官方目录元数据，附件未列入本批
科研体系、研发投入与评价,科技创新政策与能力基线,C-KISTEP-RES0220190083,2019-02-20,W2,연구현장 중심의 국가연구개발사업 제도개선에 관한 연구,机构正式研究,,,https://www.kistep.re.kr/reportAllDetail.es?mid=a10305010000&rpt_no=RES0220190083&rpt_tp=831-002,官方目录元数据，附件未列入本批
产业创新、创业与区域体系,科技创新政策与能力基线,C-KISTEP-RES0220190083,2019-02-20,W2,연구현장 중심의 국가연구개발사업 제도개선에 관한 연구,机构正式研究,,,https://www.kistep.re.kr/reportAllDetail.es?mid=a10305010000&rpt_no=RES0220190083&rpt_tp=831-002,官方目录元数据，附件未列入本批
技术安全、供应链与国际合作,科技创新政策与能力基线,C-KISTEP-RES0220190083,2019-02-20,W2,연구현장 중심의 국가연구개발사업 제도개선에 관한 연구,机构正式研究,,,https://www.kistep.re.kr/reportAllDetail.es?mid=a10305010000&rpt_no=RES0220190083&rpt_tp=831-002,官方目录元数据，附件未列入本批
科技创新政策与研究体系,科技创新政策与能力基线,C-KISTEP-RES0220190084,2019-02-20,W2,제2차 과학기술기반 국민생활·사회문제 해결 종합계획 수립 및 문제해결형 R&D사업 활성화 지원 연구,机构正式研究,,,https://www.kistep.re.kr/reportAllDetail.es?mid=a10305010000&rpt_no=RES0220190084&rpt_tp=831-002,官方目录元数据，附件未列入本批
科研体系、研发投入与评价,科技创新政策与能力基线,C-KISTEP-RES0220190085,2019-02-20,W2,정부 R&D 투자 이슈와 정책 과제 : 오래된 쟁점에 대한 새로운 논쟁,机构正式研究,,,https://www.kistep.re.kr/reportAllDetail.es?mid=a10305010000&rpt_no=RES0220190085&rpt_tp=831-005,官方目录元数据，附件未列入本批
产业创新、创业与区域体系,科技创新政策与能力基线,C-KISTEP-RES0220190085,2019-02-20,W2,정부 R&D 투자 이슈와 정책 과제 : 오래된 쟁점에 대한 새로운 논쟁,机构正式研究,,,https://www.kistep.re.kr/reportAllDetail.es?mid=a10305010000&rpt_no=RES0220190085&rpt_tp=831-005,官方目录元数据，附件未列入本批
生命科学、生物技术与健康,核心科技直接材料,C-KISTEP-RES0220190087,2019-02-22,W2,바이오산업의 혁신 성장을 위한 유망분야 협력 현황 진단과 혁신생태계 구축 방안에 관한 연구,机构正式研究,,,https://www.kistep.re.kr/reportAllDetail.es?mid=a10305010000&rpt_no=RES0220190087&rpt_tp=831-005,官方目录元数据，附件未列入本批
科研体系、研发投入与评价,核心科技直接材料,C-KISTEP-RES0220190087,2019-02-22,W2,바이오산업의 혁신 성장을 위한 유망분야 협력 현황 진단과 혁신생태계 구축 방안에 관한 연구,机构正式研究,,,https://www.kistep.re.kr/reportAllDetail.es?mid=a10305010000&rpt_no=RES0220190087&rpt_tp=831-005,官方目录元数据，附件未列入本批
产业创新、创业与区域体系,核心科技直接材料,C-KISTEP-RES0220190087,2019-02-22,W2,바이오산업의 혁신 성장을 위한 유망분야 협력 현황 진단과 혁신생태계 구축 방안에 관한 연구,机构正式研究,,,https://www.kistep.re.kr/reportAllDetail.es?mid=a10305010000&rpt_no=RES0220190087&rpt_tp=831-005,官方目录元数据，附件未列入本批
科技创新政策与研究体系,科技创新政策与能力基线,C-KISTEP-RES0220190078,2019-02-25,W2,2018년 국가과학기술표준분류체계의 개선 및 활용기반 구축,机构正式研究,,,https://www.kistep.re.kr/reportAllDetail.es?mid=a10305010000&rpt_no=RES0220190078&rpt_tp=831-006,官方目录元数据，附件未列入本批
能源、气候与绿色转型,科技创新政策与能力基线,C-KISTEP-RES0220190082,2019-02-25,W2,2018년도 예비타당성조사 보고서 미래에너지산업 창의융합 인재육성사업,机构正式研究,,,https://www.kistep.re.kr/reportAllDetail.es?mid=a10305010000&rpt_no=RES0220190082&rpt_tp=831-003,官方目录元数据，附件未列入本批
科研体系、研发投入与评价,科技创新政策与能力基线,C-KISTEP-RES0220190082,2019-02-25,W2,2018년도 예비타당성조사 보고서 미래에너지산업 창의융합 인재육성사업,机构正式研究,,,https://www.kistep.re.kr/reportAllDetail.es?mid=a10305010000&rpt_no=RES0220190082&rpt_tp=831-003,官方目录元数据，附件未列入本批
科技人才、大学与知识流动,科技创新政策与能力基线,C-KISTEP-RES0220190082,2019-02-25,W2,2018년도 예비타당성조사 보고서 미래에너지산업 창의융합 인재육성사업,机构正式研究,,,https://www.kistep.re.kr/reportAllDetail.es?mid=a10305010000&rpt_no=RES0220190082&rpt_tp=831-003,官方目录元数据，附件未列入本批
产业创新、创业与区域体系,科技创新政策与能力基线,C-KISTEP-RES0220190082,2019-02-25,W2,2018년도 예비타당성조사 보고서 미래에너지산업 창의융합 인재육성사업,机构正式研究,,,https://www.kistep.re.kr/reportAllDetail.es?mid=a10305010000&rpt_no=RES0220190082&rpt_tp=831-003,官方目录元数据，附件未列入本批
科技前瞻与未来社会,科技创新政策与能力基线,C-KISTEP-RES0220190082,2019-02-25,W2,2018년도 예비타당성조사 보고서 미래에너지산업 창의융합 인재육성사업,机构正式研究,,,https://www.kistep.re.kr/reportAllDetail.es?mid=a10305010000&rpt_no=RES0220190082&rpt_tp=831-003,官方目录元数据，附件未列入本批
人工智能、数据与数字技术,核心科技直接材料,C-KISTEP-RES0220190086,2019-02-25,W2,기계학습 기반 바이오의료분야 과학기술정보데이터 분석활용 모형 고도화,机构正式研究,,,https://www.kistep.re.kr/reportAllDetail.es?mid=a10305010000&rpt_no=RES0220190086&rpt_tp=831-005,官方目录元数据，附件未列入本批
生命科学、生物技术与健康,核心科技直接材料,C-KISTEP-RES0220190086,2019-02-25,W2,기계학습 기반 바이오의료분야 과학기술정보데이터 분석활용 모형 고도화,机构正式研究,,,https://www.kistep.re.kr/reportAllDetail.es?mid=a10305010000&rpt_no=RES0220190086&rpt_tp=831-005,官方目录元数据，附件未列入本批
科技人才、大学与知识流动,核心科技直接材料,C-KISTEP-RES0220190086,2019-02-25,W2,기계학습 기반 바이오의료분야 과학기술정보데이터 분석활용 모형 고도화,机构正式研究,,,https://www.kistep.re.kr/reportAllDetail.es?mid=a10305010000&rpt_no=RES0220190086&rpt_tp=831-005,官方目录元数据，附件未列入本批
科研体系、研发投入与评价,科技创新政策与能力基线,C-KISTEP-RES0220190088,2019-02-25,W2,2018년도 과학기술분야 출연연구기관 상위평가 보고서,机构正式研究,,,https://www.kistep.re.kr/reportAllDetail.es?mid=a10305010000&rpt_no=RES0220190088&rpt_tp=831-001,官方目录元数据，附件未列入本批
科研体系、研发投入与评价,科技创新政策与能力基线,C-KISTEP-RES0220190090,2019-02-25,W2,2018년 국가연구개발 성과평가 정책 수립 및 평가 실시,机构正式研究,,,https://www.kistep.re.kr/reportAllDetail.es?mid=a10305010000&rpt_no=RES0220190090&rpt_tp=831-001,官方目录元数据，附件未列入本批
科研体系、研发投入与评价,科技创新政策与能力基线,C-KISTEP-RES0220190091,2019-02-25,W2,공공연구기관 R&D 활성화 방안 연구 - 기관평가체계 개편 중심으로,机构正式研究,,,https://www.kistep.re.kr/reportAllDetail.es?mid=a10305010000&rpt_no=RES0220190091&rpt_tp=831-001,官方目录元数据，附件未列入本批
科研体系、研发投入与评价,科技创新政策与能力基线,C-KISTEP-RES0220190093,2019-02-25,W2,2018년도 예비타당성조사 보고서-수생태계 건강성 확보 기술개발사업,机构正式研究,,,https://www.kistep.re.kr/reportAllDetail.es?mid=a10305010000&rpt_no=RES0220190093&rpt_tp=831-003,官方目录元数据，附件未列入本批
科研体系、研发投入与评价,科技创新政策与能力基线,C-KISTEP-RES0220190080,2019-02-26,W2,R&D투자효율화와 연구자 중심의 연구환경 구현을 위한 연구관리전문기관 체계 개선방안 연구,机构正式研究,,,https://www.kistep.re.kr/reportAllDetail.es?mid=a10305010000&rpt_no=RES0220190080&rpt_tp=831-002,官方目录元数据，附件未列入本批
科技人才、大学与知识流动,科技创新政策与能力基线,C-KISTEP-RES0220190080,2019-02-26,W2,R&D투자효율화와 연구자 중심의 연구환경 구현을 위한 연구관리전문기관 체계 개선방안 연구,机构正式研究,,,https://www.kistep.re.kr/reportAllDetail.es?mid=a10305010000&rpt_no=RES0220190080&rpt_tp=831-002,官方目录元数据，附件未列入本批
科技创新政策与研究体系,科技创新政策与能力基线,C-KISTEP-RES0220190081,2019-02-26,W2,국가과학기술심의회 전문기관효율화 특별위원회 운영,机构正式研究,,,https://www.kistep.re.kr/reportAllDetail.es?mid=a10305010000&rpt_no=RES0220190081&rpt_tp=831-002,官方目录元数据，附件未列入本批
人工智能、数据与数字技术,核心科技直接材料,C-KISTEP-RES0220190094,2019-02-27,W2,2018년도 예비타당성조사 보고서-블록체인 중장기기술개발 사업,机构正式研究,,,https://www.kistep.re.kr/reportAllDetail.es?mid=a10305010000&rpt_no=RES0220190094&rpt_tp=831-003,官方目录元数据，附件未列入本批
科研体系、研发投入与评价,核心科技直接材料,C-KISTEP-RES0220190094,2019-02-27,W2,2018년도 예비타당성조사 보고서-블록체인 중장기기술개발 사업,机构正式研究,,,https://www.kistep.re.kr/reportAllDetail.es?mid=a10305010000&rpt_no=RES0220190094&rpt_tp=831-003,官方目录元数据，附件未列入本批
科技创新政策与研究体系,科技创新政策与能力基线,C-KISTEP-RES0220190095,2019-02-27,W2,국가과학기술표준분류체계 개정 프로세스 개선 및 전면 개정을 위한 기획 연구,机构正式研究,,,https://www.kistep.re.kr/reportAllDetail.es?mid=a10305010000&rpt_no=RES0220190095&rpt_tp=831-006,官方目录元数据，附件未列入本批
科研体系、研发投入与评价,科技创新政策与能力基线,C-KISTEP-RES0220190096,2019-02-27,W2,국가과학기술심의회의 과학기술정책 종합조정기능 효율화 방안 연구 - 2018년도 국가과학기술자문회의 심의회의(舊 국가과학기술심의회) 활동 자료 -,机构正式研究,,,https://www.kistep.re.kr/reportAllDetail.es?mid=a10305010000&rpt_no=RES0220190096&rpt_tp=831-002,官方目录元数据，附件未列入本批
科研体系、研发投入与评价,科技创新政策与能力基线,C-KISTEP-RES0220190101,2019-02-27,W2,중소기업전문위원회 운영 및 정책이슈 발굴·조정 지원방안 연구,机构正式研究,,,https://www.kistep.re.kr/reportAllDetail.es?mid=a10305010000&rpt_no=RES0220190101&rpt_tp=831-002,官方目录元数据，附件未列入本批
产业创新、创业与区域体系,科技创新政策与能力基线,C-KISTEP-RES0220190101,2019-02-27,W2,중소기업전문위원회 운영 및 정책이슈 발굴·조정 지원방안 연구,机构正式研究,,,https://www.kistep.re.kr/reportAllDetail.es?mid=a10305010000&rpt_no=RES0220190101&rpt_tp=831-002,官方目录元数据，附件未列入本批
科研体系、研发投入与评价,科技创新政策与能力基线,C-KISTEP-RES0220190099,2019-03-04,W2,패키지형 R&D 예산배분·조정 활용방안 연구,机构正式研究,,,https://www.kistep.re.kr/reportAllDetail.es?mid=a10305010000&rpt_no=RES0220190099&rpt_tp=831-005,官方目录元数据，附件未列入本批
科技人才、大学与知识流动,科技创新政策与能力基线,C-KISTEP-RES0220190103,2019-03-06,W2,4차 산업시대 전략적 해외 과학기술 인재유치 및 활용 종합계획 수립 연구,机构正式研究,,,https://www.kistep.re.kr/reportAllDetail.es?mid=a10305010000&rpt_no=RES0220190103&rpt_tp=831-002,官方目录元数据，附件未列入本批
产业创新、创业与区域体系,科技创新政策与能力基线,C-KISTEP-RES0220190103,2019-03-06,W2,4차 산업시대 전략적 해외 과학기술 인재유치 및 활용 종합계획 수립 연구,机构正式研究,,,https://www.kistep.re.kr/reportAllDetail.es?mid=a10305010000&rpt_no=RES0220190103&rpt_tp=831-002,官方目录元数据，附件未列入本批
科技创新政策与研究体系,科技创新政策与能力基线,C-KISTEP-RES0220190104,2019-03-06,W2,과학기술관계장관회의의 효율적 정착 및 발전방안,机构正式研究,,,https://www.kistep.re.kr/reportAllDetail.es?mid=a10305010000&rpt_no=RES0220190104&rpt_tp=831-002,官方目录元数据，附件未列入本批
科研体系、研发投入与评价,科技创新政策与能力基线,C-KISTEP-RES0220190108,2019-03-06,W2,혁신성장동력 전주기 관리체계 구축,机构正式研究,,,https://www.kistep.re.kr/reportAllDetail.es?mid=a10305010000&rpt_no=RES0220190108&rpt_tp=831-002,官方目录元数据，附件未列入本批
产业创新、创业与区域体系,科技创新政策与能力基线,C-KISTEP-RES0220190108,2019-03-06,W2,혁신성장동력 전주기 관리체계 구축,机构正式研究,,,https://www.kistep.re.kr/reportAllDetail.es?mid=a10305010000&rpt_no=RES0220190108&rpt_tp=831-002,官方目录元数据，附件未列入本批
科技创新政策与研究体系,科技创新政策与能力基线,C-KISTEP-RES0220190109,2019-03-08,W2,지방과학기술진흥협의회 운영 효율화,机构正式研究,,,https://www.kistep.re.kr/reportAllDetail.es?mid=a10305010000&rpt_no=RES0220190109&rpt_tp=831-002,官方目录元数据，附件未列入本批
科研体系、研发投入与评价,科技创新政策与能力基线,C-KISTEP-RES0220190111,2019-03-11,W2,정책환경변화에 따른 지역과학기술혁신 실천방안 연구,机构正式研究,,,https://www.kistep.re.kr/reportAllDetail.es?mid=a10305010000&rpt_no=RES0220190111&rpt_tp=831-002,官方目录元数据，附件未列入本批
产业创新、创业与区域体系,科技创新政策与能力基线,C-KISTEP-RES0220190111,2019-03-11,W2,정책환경변화에 따른 지역과학기술혁신 실천방안 연구,机构正式研究,,,https://www.kistep.re.kr/reportAllDetail.es?mid=a10305010000&rpt_no=RES0220190111&rpt_tp=831-002,官方目录元数据，附件未列入本批
科技人才、大学与知识流动,科技创新政策与能力基线,C-KISTEP-RES0220190117,2019-03-18,W2,(가칭)이공계인재특별위원회 운영 지원,机构正式研究,,,https://www.kistep.re.kr/reportAllDetail.es?mid=a10305010000&rpt_no=RES0220190117&rpt_tp=831-002,官方目录元数据，附件未列入本批
科技前瞻与未来社会,科技创新政策与能力基线,C-KISTEP-RES0220190117,2019-03-18,W2,(가칭)이공계인재특별위원회 운영 지원,机构正式研究,,,https://www.kistep.re.kr/reportAllDetail.es?mid=a10305010000&rpt_no=RES0220190117&rpt_tp=831-002,官方目录元数据，附件未列入本批
科技创新政策与研究体系,科技创新政策与能力基线,C-KISTEP-RES0220190118,2019-03-20,W2,2018년 다부처공동기술협력 특위 운영,机构正式研究,,,https://www.kistep.re.kr/reportAllDetail.es?mid=a10305010000&rpt_no=RES0220190118&rpt_tp=831-002,官方目录元数据，附件未列入本批
科技创新政策与研究体系,科技创新政策与能力基线,C-KISTEP-RES0220190119,2019-03-22,W2,2018년도 다부처공동기획 활성화 기반 연구,机构正式研究,,,https://www.kistep.re.kr/reportAllDetail.es?mid=a10305010000&rpt_no=RES0220190119&rpt_tp=831-002,官方目录元数据，附件未列入本批
科研体系、研发投入与评价,科技创新政策与能力基线,C-KISTEP-RES0220190122,2019-03-29,W2,2018년 지역 R&D체계 발전 방향에 관한 연구,机构正式研究,,,https://www.kistep.re.kr/reportAllDetail.es?mid=a10305010000&rpt_no=RES0220190122&rpt_tp=831-001,官方目录元数据，附件未列入本批
产业创新、创业与区域体系,科技创新政策与能力基线,C-KISTEP-RES0220190122,2019-03-29,W2,2018년 지역 R&D체계 발전 방향에 관한 연구,机构正式研究,,,https://www.kistep.re.kr/reportAllDetail.es?mid=a10305010000&rpt_no=RES0220190122&rpt_tp=831-001,官方目录元数据，附件未列入本批
产业创新、创业与区域体系,科技创新政策与能力基线,C-KISTEP-RES0220190128,2019-04-01,W2,2018년 서비스R&D특별위원회 운영,机构正式研究,,,https://www.kistep.re.kr/reportAllDetail.es?mid=a10305010000&rpt_no=RES0220190128&rpt_tp=831-002,官方目录元数据，附件未列入本批
科研体系、研发投入与评价,科技创新政策与能力基线,C-KISTEP-RES0220190132,2019-04-01,W2,국가연구개발 통합 법제 연구,机构正式研究,,,https://www.kistep.re.kr/reportAllDetail.es?mid=a10305010000&rpt_no=RES0220190132&rpt_tp=831-002,官方目录元数据，附件未列入本批
产业创新、创业与区域体系,科技创新政策与能力基线,C-KISTEP-RES0220190132,2019-04-01,W2,국가연구개발 통합 법제 연구,机构正式研究,,,https://www.kistep.re.kr/reportAllDetail.es?mid=a10305010000&rpt_no=RES0220190132&rpt_tp=831-002,官方目录元数据，附件未列入本批
科研体系、研发投入与评价,科技创新政策与能力基线,C-KISTEP-RES0220190133,2019-04-01,W2,R&D사업 고용영향평가 제도 고도화를 위한 연구,机构正式研究,,,https://www.kistep.re.kr/reportAllDetail.es?mid=a10305010000&rpt_no=RES0220190133&rpt_tp=831-005,官方目录元数据，附件未列入本批
科技人才、大学与知识流动,科技创新政策与能力基线,C-KISTEP-RES0220190133,2019-04-01,W2,R&D사업 고용영향평가 제도 고도화를 위한 연구,机构正式研究,,,https://www.kistep.re.kr/reportAllDetail.es?mid=a10305010000&rpt_no=RES0220190133&rpt_tp=831-005,官方目录元数据，附件未列入本批
科研体系、研发投入与评价,科技创新政策与能力基线,C-KISTEP-RES0220190134,2019-04-01,W2,제2차 정부R&D 중장기 투자전략(2019~2023) 수립,机构正式研究,,,https://www.kistep.re.kr/reportAllDetail.es?mid=a10305010000&rpt_no=RES0220190134&rpt_tp=831-005,官方目录元数据，附件未列入本批
科研体系、研发投入与评价,科技创新政策与能力基线,C-KISTEP-RES0220190135,2019-04-02,W2,제4차 여성과학기술인 육성·지원 기본계획('19~'23) 수립 및 생애주기별 지원체계 구축을 위한 연구,机构正式研究,,,https://www.kistep.re.kr/reportAllDetail.es?mid=a10305010000&rpt_no=RES0220190135&rpt_tp=831-002,官方目录元数据，附件未列入本批
科研体系、研发投入与评价,科技创新政策与能力基线,C-KISTEP-RES0220190136,2019-04-05,W2,연구관리 프로세스 표준화를 통한 범부처 연구관리 통합 매뉴얼 마련,机构正式研究,,,https://www.kistep.re.kr/reportAllDetail.es?mid=a10305010000&rpt_no=RES0220190136&rpt_tp=831-002,官方目录元数据，附件未列入本批
科研体系、研发投入与评价,科技创新政策与能力基线,C-KISTEP-RES0220190138,2019-04-09,W2,국가연구개발사업 예비타당성조사 2018 연차보고서,机构正式研究,,,https://www.kistep.re.kr/reportAllDetail.es?mid=a10305010000&rpt_no=RES0220190138&rpt_tp=831-003,官方目录元数据，附件未列入本批
科技创新政策与研究体系,科技创新政策与能力基线,C-KISTEP-RES0220190139,2019-04-10,W2,2018년도 국가 과학기술 현황 종합 인식조사에 대한 연구,机构正式研究,,,https://www.kistep.re.kr/reportAllDetail.es?mid=a10305010000&rpt_no=RES0220190139&rpt_tp=831-002,官方目录元数据，附件未列入本批
科研体系、研发投入与评价,科技创新政策与能力基线,C-KISTEP-RES0220190140,2019-04-10,W2,과학기술기본계획 시행계획 추진실적 점검,机构正式研究,,,https://www.kistep.re.kr/reportAllDetail.es?mid=a10305010000&rpt_no=RES0220190140&rpt_tp=831-002,官方目录元数据，附件未列入本批
科研体系、研发投入与评价,科技创新政策与能力基线,C-KISTEP-RES0220190141,2019-04-11,W2,국가R&D시스템 혁신 및 이행체계 수립·추진 연구,机构正式研究,,,https://www.kistep.re.kr/reportAllDetail.es?mid=a10305010000&rpt_no=RES0220190141&rpt_tp=831-002,官方目录元数据，附件未列入本批
产业创新、创业与区域体系,科技创新政策与能力基线,C-KISTEP-RES0220190141,2019-04-11,W2,국가R&D시스템 혁신 및 이행체계 수립·추진 연구,机构正式研究,,,https://www.kistep.re.kr/reportAllDetail.es?mid=a10305010000&rpt_no=RES0220190141&rpt_tp=831-002,官方目录元数据，附件未列入本批
科研体系、研发投入与评价,科技创新政策与能力基线,C-KISTEP-RES0220190142,2019-04-17,W2,2018년 기초연구진흥협의회 운영 지원,机构正式研究,,,https://www.kistep.re.kr/reportAllDetail.es?mid=a10305010000&rpt_no=RES0220190142&rpt_tp=831-002,官方目录元数据，附件未列入本批
科研体系、研发投入与评价,科技创新政策与能力基线,C-KISTEP-RES0220190143,2019-04-23,W2,2018년도 연구개발지원단 육성지원사업,机构正式研究,,,https://www.kistep.re.kr/reportAllDetail.es?mid=a10305010000&rpt_no=RES0220190143&rpt_tp=831-001,官方目录元数据，附件未列入本批
产业创新、创业与区域体系,科技创新政策与能力基线,C-KISTEP-RES0220190143,2019-04-23,W2,2018년도 연구개발지원단 육성지원사업,机构正式研究,,,https://www.kistep.re.kr/reportAllDetail.es?mid=a10305010000&rpt_no=RES0220190143&rpt_tp=831-001,官方目录元数据，附件未列入本批
科研体系、研发投入与评价,科技创新政策与能力基线,C-KISTEP-RES0220190146,2019-05-08,W2,2018년 기술수준평가,机构正式研究,,,https://www.kistep.re.kr/reportAllDetail.es?mid=a10305010000&rpt_no=RES0220190146&rpt_tp=831-006,官方目录元数据，附件未列入本批
科研体系、研发投入与评价,科技创新政策与能力基线,C-KISTEP-RES0220190153,2019-05-22,W2,2018년도 예비타당성조사 보고서 생활화학제품 안전관리 기술개발사업,机构正式研究,,,https://www.kistep.re.kr/reportAllDetail.es?mid=a10305010000&rpt_no=RES0220190153&rpt_tp=831-003,官方目录元数据，附件未列入本批
生命科学、生物技术与健康,科技创新政策与能力基线,C-KISTEP-RES0220190154,2019-05-27,W2,2018년도 예비타당성조사 보고서 감염병 예방 치료기술개발사업,机构正式研究,,,https://www.kistep.re.kr/reportAllDetail.es?mid=a10305010000&rpt_no=RES0220190154&rpt_tp=831-003,官方目录元数据，附件未列入本批
科研体系、研发投入与评价,科技创新政策与能力基线,C-KISTEP-RES0220190154,2019-05-27,W2,2018년도 예비타당성조사 보고서 감염병 예방 치료기술개발사업,机构正式研究,,,https://www.kistep.re.kr/reportAllDetail.es?mid=a10305010000&rpt_no=RES0220190154&rpt_tp=831-003,官方目录元数据，附件未列入本批
科研体系、研发投入与评价,科技创新政策与能力基线,C-KISTEP-RES0220190155,2019-05-27,W2,2018년도 예비타당성조사 보고서 우수기업연구소육성사업,机构正式研究,,,https://www.kistep.re.kr/reportAllDetail.es?mid=a10305010000&rpt_no=RES0220190155&rpt_tp=831-003,官方目录元数据，附件未列入本批
产业创新、创业与区域体系,科技创新政策与能力基线,C-KISTEP-RES0220190155,2019-05-27,W2,2018년도 예비타당성조사 보고서 우수기업연구소육성사업,机构正式研究,,,https://www.kistep.re.kr/reportAllDetail.es?mid=a10305010000&rpt_no=RES0220190155&rpt_tp=831-003,官方目录元数据，附件未列入本批
能源、气候与绿色转型,科技创新政策与能力基线,C-KISTEP-RES0220190157,2019-05-27,W2,2018년도 예비타당성조사 보고서 신농업기후변화대응체계구축사업,机构正式研究,,,https://www.kistep.re.kr/reportAllDetail.es?mid=a10305010000&rpt_no=RES0220190157&rpt_tp=831-003,官方目录元数据，附件未列入本批
科研体系、研发投入与评价,科技创新政策与能力基线,C-KISTEP-RES0220190157,2019-05-27,W2,2018년도 예비타당성조사 보고서 신농업기후변화대응체계구축사업,机构正式研究,,,https://www.kistep.re.kr/reportAllDetail.es?mid=a10305010000&rpt_no=RES0220190157&rpt_tp=831-003,官方目录元数据，附件未列入本批
科技前瞻与未来社会,科技创新政策与能力基线,C-KISTEP-RES0220190157,2019-05-27,W2,2018년도 예비타당성조사 보고서 신농업기후변화대응체계구축사업,机构正式研究,,,https://www.kistep.re.kr/reportAllDetail.es?mid=a10305010000&rpt_no=RES0220190157&rpt_tp=831-003,官方目录元数据，附件未列入本批
科技前瞻与未来社会,科技创新政策与能力基线,C-KISTEP-RES0220190158,2019-05-27,W2,과학기술분야 유망 신직업 발굴 및 진로지원 가이드라인 개발,机构正式研究,,,https://www.kistep.re.kr/reportAllDetail.es?mid=a10305010000&rpt_no=RES0220190158&rpt_tp=831-002,官方目录元数据，附件未列入本批
能源、气候与绿色转型,科技创新政策与能力基线,C-KISTEP-RES0220190159,2019-05-27,W2,2018년도 예비타당성조사 보고서 ECC 2030 사업,机构正式研究,,,https://www.kistep.re.kr/reportAllDetail.es?mid=a10305010000&rpt_no=RES0220190159&rpt_tp=831-003,官方目录元数据，附件未列入本批
科研体系、研发投入与评价,科技创新政策与能力基线,C-KISTEP-RES0220190159,2019-05-27,W2,2018년도 예비타당성조사 보고서 ECC 2030 사업,机构正式研究,,,https://www.kistep.re.kr/reportAllDetail.es?mid=a10305010000&rpt_no=RES0220190159&rpt_tp=831-003,官方目录元数据，附件未列入本批
能源、气候与绿色转型,核心科技直接材料,C-KISTEP-RES0220190156,2019-05-28,W2,2018년도 예비타당성조사 보고서 시장자립형 3세대 xEV 산업육성 사업,机构正式研究,,,https://www.kistep.re.kr/reportAllDetail.es?mid=a10305010000&rpt_no=RES0220190156&rpt_tp=831-003,官方目录元数据，附件未列入本批
科研体系、研发投入与评价,核心科技直接材料,C-KISTEP-RES0220190156,2019-05-28,W2,2018년도 예비타당성조사 보고서 시장자립형 3세대 xEV 산업육성 사업,机构正式研究,,,https://www.kistep.re.kr/reportAllDetail.es?mid=a10305010000&rpt_no=RES0220190156&rpt_tp=831-003,官方目录元数据，附件未列入本批
产业创新、创业与区域体系,核心科技直接材料,C-KISTEP-RES0220190156,2019-05-28,W2,2018년도 예비타당성조사 보고서 시장자립형 3세대 xEV 산업육성 사업,机构正式研究,,,https://www.kistep.re.kr/reportAllDetail.es?mid=a10305010000&rpt_no=RES0220190156&rpt_tp=831-003,官方目录元数据，附件未列入本批
科研体系、研发投入与评价,科技创新政策与能力基线,C-KISTEP-RES0220190160,2019-05-28,W2,2018년도 예비타당성조사 보고서 철도차량 부품개발사업,机构正式研究,,,https://www.kistep.re.kr/reportAllDetail.es?mid=a10305010000&rpt_no=RES0220190160&rpt_tp=831-003,官方目录元数据，附件未列入本批
产业创新、创业与区域体系,科技创新政策与能力基线,C-KISTEP-RES0220190160,2019-05-28,W2,2018년도 예비타당성조사 보고서 철도차량 부품개발사업,机构正式研究,,,https://www.kistep.re.kr/reportAllDetail.es?mid=a10305010000&rpt_no=RES0220190160&rpt_tp=831-003,官方目录元数据，附件未列入本批
生命科学、生物技术与健康,核心科技直接材料,C-KISTEP-RES0220190161,2019-05-28,W2,2018년도 예비타당성조사 보고서 개방형 바이오 IP 기술사업화 사업,机构正式研究,,,https://www.kistep.re.kr/reportAllDetail.es?mid=a10305010000&rpt_no=RES0220190161&rpt_tp=831-003,官方目录元数据，附件未列入本批
科研体系、研发投入与评价,核心科技直接材料,C-KISTEP-RES0220190161,2019-05-28,W2,2018년도 예비타당성조사 보고서 개방형 바이오 IP 기술사업화 사업,机构正式研究,,,https://www.kistep.re.kr/reportAllDetail.es?mid=a10305010000&rpt_no=RES0220190161&rpt_tp=831-003,官方目录元数据，附件未列入本批
科技人才、大学与知识流动,核心科技直接材料,C-KISTEP-RES0220190161,2019-05-28,W2,2018년도 예비타당성조사 보고서 개방형 바이오 IP 기술사업화 사업,机构正式研究,,,https://www.kistep.re.kr/reportAllDetail.es?mid=a10305010000&rpt_no=RES0220190161&rpt_tp=831-003,官方目录元数据，附件未列入本批
产业创新、创业与区域体系,核心科技直接材料,C-KISTEP-RES0220190161,2019-05-28,W2,2018년도 예비타당성조사 보고서 개방형 바이오 IP 기술사업화 사업,机构正式研究,,,https://www.kistep.re.kr/reportAllDetail.es?mid=a10305010000&rpt_no=RES0220190161&rpt_tp=831-003,官方目录元数据，附件未列入本批
科技人才、大学与知识流动,科技创新政策与能力基线,C-KISTEP-RES0220190162,2019-05-29,W2,과학기술인력양성 추진체계 구축 운영,机构正式研究,,,https://www.kistep.re.kr/reportAllDetail.es?mid=a10305010000&rpt_no=RES0220190162&rpt_tp=831-002,官方目录元数据，附件未列入本批
科技前瞻与未来社会,科技创新政策与能力基线,C-KISTEP-RES0220190162,2019-05-29,W2,과학기술인력양성 추진체계 구축 운영,机构正式研究,,,https://www.kistep.re.kr/reportAllDetail.es?mid=a10305010000&rpt_no=RES0220190162&rpt_tp=831-002,官方目录元数据，附件未列入本批
产业创新、创业与区域体系,科技创新政策与能力基线,C-KISTEP-RES0220190164,2019-06-03,W2,기술혁신과 고용창출 효과의 성 격차 분석,机构正式研究,,,https://www.kistep.re.kr/reportAllDetail.es?mid=a10305010000&rpt_no=RES0220190164&rpt_tp=831-002,官方目录元数据，附件未列入本批
科技创新政策与研究体系,科技创新政策与能力基线,C-KISTEP-RES0220190165,2019-06-04,W2,2018년도 사업계획 적정성 재검토 보고서 중이온가속기 장치구축사업,机构正式研究,,,https://www.kistep.re.kr/reportAllDetail.es?mid=a10305010000&rpt_no=RES0220190165&rpt_tp=831-003,官方目录元数据，附件未列入本批
科研体系、研发投入与评价,科技创新政策与能力基线,C-KISTEP-RES0220190166,2019-06-13,W2,2018년도 과학기술정보통신부 직할 출연(연) 및 국가과학기술연구회 기관평가,机构正式研究,,,https://www.kistep.re.kr/reportAllDetail.es?mid=a10305010000&rpt_no=RES0220190166&rpt_tp=831-001,官方目录元数据，附件未列入本批
生命科学、生物技术与健康,科技创新政策与能力基线,C-KISTEP-RES0220190167,2019-06-21,W2,2018년도 예비타당성조사 보고서 범부처 전주기 의료기기 연구개발 사업,机构正式研究,,,https://www.kistep.re.kr/reportAllDetail.es?mid=a10305010000&rpt_no=RES0220190167&rpt_tp=831-003,官方目录元数据，附件未列入本批
科研体系、研发投入与评价,科技创新政策与能力基线,C-KISTEP-RES0220190167,2019-06-21,W2,2018년도 예비타당성조사 보고서 범부처 전주기 의료기기 연구개발 사업,机构正式研究,,,https://www.kistep.re.kr/reportAllDetail.es?mid=a10305010000&rpt_no=RES0220190167&rpt_tp=831-003,官方目录元数据，附件未列入本批
科研体系、研发投入与评价,科技创新政策与能力基线,C-KISTEP-RES0220190168,2019-06-24,W2,2018년도 예비타당성조사 보고서 치매극복 연구개발사업,机构正式研究,,,https://www.kistep.re.kr/reportAllDetail.es?mid=a10305010000&rpt_no=RES0220190168&rpt_tp=831-003,官方目录元数据，附件未列入本批
科技前瞻与未来社会,科技创新政策与能力基线,C-KISTEP-RES0220190168,2019-06-24,W2,2018년도 예비타당성조사 보고서 치매극복 연구개발사업,机构正式研究,,,https://www.kistep.re.kr/reportAllDetail.es?mid=a10305010000&rpt_no=RES0220190168&rpt_tp=831-003,官方目录元数据，附件未列入本批
科研体系、研发投入与评价,科技创新政策与能力基线,C-KISTEP-RES0220190170,2019-06-24,W2,2018년 과학기술기반 지역수요맞춤형 R&D지원사업 정책연구 및 컨설팅 지원,机构正式研究,,,https://www.kistep.re.kr/reportAllDetail.es?mid=a10305010000&rpt_no=RES0220190170&rpt_tp=831-002,官方目录元数据，附件未列入本批
产业创新、创业与区域体系,科技创新政策与能力基线,C-KISTEP-RES0220190170,2019-06-24,W2,2018년 과학기술기반 지역수요맞춤형 R&D지원사업 정책연구 및 컨설팅 지원,机构正式研究,,,https://www.kistep.re.kr/reportAllDetail.es?mid=a10305010000&rpt_no=RES0220190170&rpt_tp=831-002,官方目录元数据，附件未列入本批
科研体系、研发投入与评价,科技创新政策与能力基线,C-KISTEP-PRG0720190047,2019-06-26,W2,연구행정 지원역량 평가 도입 방안 연구,机构正式研究,,,https://www.kistep.re.kr/reportAllDetail.es?mid=a10305010000&rpt_no=PRG0720190047&rpt_tp=831-007,官方目录元数据，附件未列入本批
科技人才、大学与知识流动,科技创新政策与能力基线,C-KISTEP-PRG0720190047,2019-06-26,W2,연구행정 지원역량 평가 도입 방안 연구,机构正式研究,,,https://www.kistep.re.kr/reportAllDetail.es?mid=a10305010000&rpt_no=PRG0720190047&rpt_tp=831-007,官方目录元数据，附件未列入本批
半导体、量子与战略技术,核心科技直接材料,C-KISTEP-RES0220190169,2019-06-26,W2,2018년도 예비타당성조사 보고서 차세대지능형반도체 기술개발사업,机构正式研究,,,https://www.kistep.re.kr/reportAllDetail.es?mid=a10305010000&rpt_no=RES0220190169&rpt_tp=831-003,官方目录元数据，附件未列入本批
科研体系、研发投入与评价,核心科技直接材料,C-KISTEP-RES0220190169,2019-06-26,W2,2018년도 예비타당성조사 보고서 차세대지능형반도체 기술개발사업,机构正式研究,,,https://www.kistep.re.kr/reportAllDetail.es?mid=a10305010000&rpt_no=RES0220190169&rpt_tp=831-003,官方目录元数据，附件未列入本批
产业创新、创业与区域体系,科技创新政策与能力基线,C-KISTEP-RES0220190171,2019-07-08,W2,2019년도 사업계획 적정성 검토 보고서 지역특화산업육성+,机构正式研究,,,https://www.kistep.re.kr/reportAllDetail.es?mid=a10305010000&rpt_no=RES0220190171&rpt_tp=831-003,官方目录元数据，附件未列入本批
科研体系、研发投入与评价,科技创新政策与能力基线,C-KISTEP-RES0220190173,2019-07-19,W2,2018년도 예비타당성조사 보고서 무인이동체 원천기술개발 사업,机构正式研究,,,https://www.kistep.re.kr/reportAllDetail.es?mid=a10305010000&rpt_no=RES0220190173&rpt_tp=831-003,官方目录元数据，附件未列入本批
航天、核能与大型技术系统,科技创新政策与能力基线,C-KISTEP-RES0220190173,2019-07-19,W2,2018년도 예비타당성조사 보고서 무인이동체 원천기술개발 사업,机构正式研究,,,https://www.kistep.re.kr/reportAllDetail.es?mid=a10305010000&rpt_no=RES0220190173&rpt_tp=831-003,官方目录元数据，附件未列入本批
科研体系、研发投入与评价,科技创新政策与能力基线,C-KISTEP-RES0220190172,2019-07-22,W2,2018년도 국가연구개발사업 특정평가(하반기),机构正式研究,,,https://www.kistep.re.kr/reportAllDetail.es?mid=a10305010000&rpt_no=RES0220190172&rpt_tp=831-001,官方目录元数据，附件未列入本批
产业创新、创业与区域体系,科技创新政策与能力基线,C-KISTEP-RES0220190175,2019-07-26,W2,한-UN ESCAP 과학기술협력 기반구축,机构正式研究,,,https://www.kistep.re.kr/reportAllDetail.es?mid=a10305010000&rpt_no=RES0220190175&rpt_tp=831-004,官方目录元数据，附件未列入本批
科研体系、研发投入与评价,科技创新政策与能力基线,C-KISTEP-RES0220190176,2019-07-29,W2,2018년도 예비타당성조사 보고서 한의약 혁신 기술개발사업,机构正式研究,,,https://www.kistep.re.kr/reportAllDetail.es?mid=a10305010000&rpt_no=RES0220190176&rpt_tp=831-003,官方目录元数据，附件未列入本批
产业创新、创业与区域体系,科技创新政策与能力基线,C-KISTEP-RES0220190176,2019-07-29,W2,2018년도 예비타당성조사 보고서 한의약 혁신 기술개발사업,机构正式研究,,,https://www.kistep.re.kr/reportAllDetail.es?mid=a10305010000&rpt_no=RES0220190176&rpt_tp=831-003,官方目录元数据，附件未列入本批
能源、气候与绿色转型,科技创新政策与能力基线,C-KISTEP-RES0220190180,2019-08-21,W2,2019년도 사업계획 적정성검토 보고서 상용차산업 혁신성장 및 미래형 산업생태계 구축사업,机构正式研究,,,https://www.kistep.re.kr/reportAllDetail.es?mid=a10305010000&rpt_no=RES0220190180&rpt_tp=831-003,官方目录元数据，附件未列入本批
产业创新、创业与区域体系,科技创新政策与能力基线,C-KISTEP-RES0220190180,2019-08-21,W2,2019년도 사업계획 적정성검토 보고서 상용차산업 혁신성장 및 미래형 산업생태계 구축사업,机构正式研究,,,https://www.kistep.re.kr/reportAllDetail.es?mid=a10305010000&rpt_no=RES0220190180&rpt_tp=831-003,官方目录元数据，附件未列入本批
科技前瞻与未来社会,科技创新政策与能力基线,C-KISTEP-RES0220190180,2019-08-21,W2,2019년도 사업계획 적정성검토 보고서 상용차산업 혁신성장 및 미래형 산업생태계 구축사업,机构正式研究,,,https://www.kistep.re.kr/reportAllDetail.es?mid=a10305010000&rpt_no=RES0220190180&rpt_tp=831-003,官方目录元数据，附件未列入本批
科研体系、研发投入与评价,科技创新政策与能力基线,C-KISTEP-RES0220190182,2019-08-21,W2,2018년도 예비타당성조사 보고서 뇌연구 고도화 사업,机构正式研究,,,https://www.kistep.re.kr/reportAllDetail.es?mid=a10305010000&rpt_no=RES0220190182&rpt_tp=831-003,官方目录元数据，附件未列入本批
科研体系、研发投入与评价,科技创新政策与能力基线,C-KISTEP-RES0220190177,2019-08-22,W2,2018년도 예비타당성조사 보고서 항공기 기내시스템 인증기술개발사업,机构正式研究,,,https://www.kistep.re.kr/reportAllDetail.es?mid=a10305010000&rpt_no=RES0220190177&rpt_tp=831-003,官方目录元数据，附件未列入本批
航天、核能与大型技术系统,科技创新政策与能力基线,C-KISTEP-RES0220190177,2019-08-22,W2,2018년도 예비타당성조사 보고서 항공기 기내시스템 인증기술개발사업,机构正式研究,,,https://www.kistep.re.kr/reportAllDetail.es?mid=a10305010000&rpt_no=RES0220190177&rpt_tp=831-003,官方目录元数据，附件未列入本批
科研体系、研发投入与评价,科技创新政策与能力基线,C-KISTEP-RES0220190178,2019-08-22,W2,2018년도 예비타당성조사 보고서 스마트 건설기술 개발사업,机构正式研究,,,https://www.kistep.re.kr/reportAllDetail.es?mid=a10305010000&rpt_no=RES0220190178&rpt_tp=831-003,官方目录元数据，附件未列入本批
科研体系、研发投入与评价,科技创新政策与能力基线,C-KISTEP-RES0220190179,2019-08-22,W2,2019년도 예비타당성조사 보고서 사용후핵연료 관리 표준화 시스템 개발,机构正式研究,,,https://www.kistep.re.kr/reportAllDetail.es?mid=a10305010000&rpt_no=RES0220190179&rpt_tp=831-003,官方目录元数据，附件未列入本批
科研体系、研发投入与评价,科技创新政策与能力基线,C-KISTEP-RES0220190181,2019-08-22,W2,2018년도 예비타당성조사 보고서 극한지 오일생산 플랜트건설 핵심기술 개발사업,机构正式研究,,,https://www.kistep.re.kr/reportAllDetail.es?mid=a10305010000&rpt_no=RES0220190181&rpt_tp=831-003,官方目录元数据，附件未列入本批
科研体系、研发投入与评价,科技创新政策与能力基线,C-KISTEP-RES0220190183,2019-08-22,W2,2018년도 예비타당성조사 보고서 제조혁신 기반인 Next 뿌리기술개발사업,机构正式研究,,,https://www.kistep.re.kr/reportAllDetail.es?mid=a10305010000&rpt_no=RES0220190183&rpt_tp=831-003,官方目录元数据，附件未列入本批
产业创新、创业与区域体系,科技创新政策与能力基线,C-KISTEP-RES0220190183,2019-08-22,W2,2018년도 예비타당성조사 보고서 제조혁신 기반인 Next 뿌리기술개발사업,机构正式研究,,,https://www.kistep.re.kr/reportAllDetail.es?mid=a10305010000&rpt_no=RES0220190183&rpt_tp=831-003,官方目录元数据，附件未列入本批
科研体系、研发投入与评价,科技创新政策与能力基线,C-KISTEP-PRG0720190048,2019-08-23,W2,2019년 국가연구개발사업 예비타당성조사,机构正式研究,,,https://www.kistep.re.kr/reportAllDetail.es?mid=a10305010000&rpt_no=PRG0720190048&rpt_tp=831-007,官方目录元数据，附件未列入本批
科研体系、研发投入与评价,核心科技直接材料,C-KISTEP-RES0220190184,2019-08-23,W2,2018년도 예비타당성조사 보고서 비즈니스 창출형 서비스 로봇시스템 개발 사업,机构正式研究,,,https://www.kistep.re.kr/reportAllDetail.es?mid=a10305010000&rpt_no=RES0220190184&rpt_tp=831-003,官方目录元数据，附件未列入本批
科研体系、研发投入与评价,科技创新政策与能力基线,C-KISTEP-RES0220190185,2019-08-26,W2,2018년도 예비타당성조사 보고서 나노미래소재원천기술개발사업,机构正式研究,,,https://www.kistep.re.kr/reportAllDetail.es?mid=a10305010000&rpt_no=RES0220190185&rpt_tp=831-003,官方目录元数据，附件未列入本批
科技前瞻与未来社会,科技创新政策与能力基线,C-KISTEP-RES0220190185,2019-08-26,W2,2018년도 예비타당성조사 보고서 나노미래소재원천기술개발사업,机构正式研究,,,https://www.kistep.re.kr/reportAllDetail.es?mid=a10305010000&rpt_no=RES0220190185&rpt_tp=831-003,官方目录元数据，附件未列入本批
科研体系、研发投入与评价,科技创新政策与能力基线,C-KISTEP-RES0220190186,2019-08-26,W2,2018년도 예비타당성조사 보고서 부유식 해상풍력기술 실증 프로젝트,机构正式研究,,,https://www.kistep.re.kr/reportAllDetail.es?mid=a10305010000&rpt_no=RES0220190186&rpt_tp=831-003,官方目录元数据，附件未列入本批
人工智能、数据与数字技术,核心科技直接材料,C-KISTEP-RES0220190187,2019-08-27,W2,2018년도 예비타당성조사 보고서 디지털 라이프 서비스 실현을 위한 홀로그램 기술개발 사업,机构正式研究,,,https://www.kistep.re.kr/reportAllDetail.es?mid=a10305010000&rpt_no=RES0220190187&rpt_tp=831-003,官方目录元数据，附件未列入本批
科研体系、研发投入与评价,核心科技直接材料,C-KISTEP-RES0220190187,2019-08-27,W2,2018년도 예비타당성조사 보고서 디지털 라이프 서비스 실현을 위한 홀로그램 기술개발 사업,机构正式研究,,,https://www.kistep.re.kr/reportAllDetail.es?mid=a10305010000&rpt_no=RES0220190187&rpt_tp=831-003,官方目录元数据，附件未列入本批
人工智能、数据与数字技术,核心科技直接材料,C-KISTEP-RES0220190188,2019-08-27,W2,2019년도 사업계획 적정성 검토 인공지능 중심 산업융합 집적단지 조성사업(R&D),机构正式研究,,,https://www.kistep.re.kr/reportAllDetail.es?mid=a10305010000&rpt_no=RES0220190188&rpt_tp=831-003,官方目录元数据，附件未列入本批
科研体系、研发投入与评价,核心科技直接材料,C-KISTEP-RES0220190188,2019-08-27,W2,2019년도 사업계획 적정성 검토 인공지능 중심 산업융합 집적단지 조성사업(R&D),机构正式研究,,,https://www.kistep.re.kr/reportAllDetail.es?mid=a10305010000&rpt_no=RES0220190188&rpt_tp=831-003,官方目录元数据，附件未列入本批
产业创新、创业与区域体系,核心科技直接材料,C-KISTEP-RES0220190188,2019-08-27,W2,2019년도 사업계획 적정성 검토 인공지능 중심 산업융합 집적단지 조성사업(R&D),机构正式研究,,,https://www.kistep.re.kr/reportAllDetail.es?mid=a10305010000&rpt_no=RES0220190188&rpt_tp=831-003,官方目录元数据，附件未列入本批
科技人才、大学与知识流动,科技创新政策与能力基线,C-KISTEP-PRG0720190101,2019-08-29,W2,“자율운항선박” 혁신성장동력 신규분야 세부기획연구,机构正式研究,,,https://www.kistep.re.kr/reportAllDetail.es?mid=a10305010000&rpt_no=PRG0720190101&rpt_tp=831-007,官方目录元数据，附件未列入本批
产业创新、创业与区域体系,科技创新政策与能力基线,C-KISTEP-PRG0720190101,2019-08-29,W2,“자율운항선박” 혁신성장동력 신규분야 세부기획연구,机构正式研究,,,https://www.kistep.re.kr/reportAllDetail.es?mid=a10305010000&rpt_no=PRG0720190101&rpt_tp=831-007,官方目录元数据，附件未列入本批
产业创新、创业与区域体系,科技创新政策与能力基线,C-KISTEP-PRG0720190102,2019-08-29,W2,스마트공장 혁신성장동력 신규분야 세부기획 연구,机构正式研究,,,https://www.kistep.re.kr/reportAllDetail.es?mid=a10305010000&rpt_no=PRG0720190102&rpt_tp=831-007,官方目录元数据，附件未列入本批
产业创新、创业与区域体系,科技创新政策与能力基线,C-KISTEP-PRG0720190106,2019-08-30,W2,혁신형디스플레이 성장동력 신규분야 세부기획 연구,机构正式研究,,,https://www.kistep.re.kr/reportAllDetail.es?mid=a10305010000&rpt_no=PRG0720190106&rpt_tp=831-007,官方目录元数据，附件未列入本批
科研体系、研发投入与评价,科技创新政策与能力基线,C-KISTEP-RES0220190189,2019-09-04,W2,2018년 국가연구개발사업 조사분석,机构正式研究,,,https://www.kistep.re.kr/reportAllDetail.es?mid=a10305010000&rpt_no=RES0220190189&rpt_tp=831-001,官方目录元数据，附件未列入本批
半导体、量子与战略技术,核心科技直接材料,C-KISTEP-RES0220190191,2019-09-24,W2,2018년도 예비타당성조사 보고서 산업기술국제협력2025 사업,机构正式研究,,,https://www.kistep.re.kr/reportAllDetail.es?mid=a10305010000&rpt_no=RES0220190191&rpt_tp=831-003,官方目录元数据，附件未列入本批
科研体系、研发投入与评价,核心科技直接材料,C-KISTEP-RES0220190191,2019-09-24,W2,2018년도 예비타당성조사 보고서 산업기술국제협력2025 사업,机构正式研究,,,https://www.kistep.re.kr/reportAllDetail.es?mid=a10305010000&rpt_no=RES0220190191&rpt_tp=831-003,官方目录元数据，附件未列入本批
产业创新、创业与区域体系,核心科技直接材料,C-KISTEP-RES0220190191,2019-09-24,W2,2018년도 예비타당성조사 보고서 산업기술국제협력2025 사업,机构正式研究,,,https://www.kistep.re.kr/reportAllDetail.es?mid=a10305010000&rpt_no=RES0220190191&rpt_tp=831-003,官方目录元数据，附件未列入本批
技术安全、供应链与国际合作,核心科技直接材料,C-KISTEP-RES0220190191,2019-09-24,W2,2018년도 예비타당성조사 보고서 산업기술국제협력2025 사업,机构正式研究,,,https://www.kistep.re.kr/reportAllDetail.es?mid=a10305010000&rpt_no=RES0220190191&rpt_tp=831-003,官方目录元数据，附件未列入本批
科研体系、研发投入与评价,科技创新政策与能力基线,C-KISTEP-RES0220190192,2019-09-27,W2,2018년도 예비타당성조사 보고서 패러다임 전환에 대응한 스마트 건설기계 개발사업,机构正式研究,,,https://www.kistep.re.kr/reportAllDetail.es?mid=a10305010000&rpt_no=RES0220190192&rpt_tp=831-003,官方目录元数据，附件未列入本批
科研体系、研发投入与评价,科技创新政策与能力基线,C-KISTEP-RES0220190193,2019-09-30,W2,2019년도 사업계획 적정성 검토보고서 스마트특성화 기반구축사업(R&D),机构正式研究,,,https://www.kistep.re.kr/reportAllDetail.es?mid=a10305010000&rpt_no=RES0220190193&rpt_tp=831-003,官方目录元数据，附件未列入本批
产业创新、创业与区域体系,科技创新政策与能力基线,C-KISTEP-RES0220190193,2019-09-30,W2,2019년도 사업계획 적정성 검토보고서 스마트특성화 기반구축사업(R&D),机构正式研究,,,https://www.kistep.re.kr/reportAllDetail.es?mid=a10305010000&rpt_no=RES0220190193&rpt_tp=831-003,官方目录元数据，附件未列入本批
科研体系、研发投入与评价,科技创新政策与能力基线,C-KISTEP-RES0220190197,2019-10-28,W2,2019 국가연구개발 우수성과 100,机构正式研究,,,https://www.kistep.re.kr/reportAllDetail.es?mid=a10305010000&rpt_no=RES0220190197&rpt_tp=831-004,官方目录元数据，附件未列入本批
科研体系、研发投入与评价,科技创新政策与能力基线,C-KISTEP-RES0220190198,2019-11-12,W2,2019년도 1차 국가연구개발사업 특정평가,机构正式研究,,,https://www.kistep.re.kr/reportAllDetail.es?mid=a10305010000&rpt_no=RES0220190198&rpt_tp=831-001,官方目录元数据，附件未列入本批
科技人才、大学与知识流动,科技创新政策与能力基线,C-KISTEP-PRG0720190108,2019-11-13,W2,혁신성장 선도 고급연구인재육성지원 사업 기획을 위한 전문가 의견 조사 연구,机构正式研究,,,https://www.kistep.re.kr/reportAllDetail.es?mid=a10305010000&rpt_no=PRG0720190108&rpt_tp=831-007,官方目录元数据，附件未列入本批
产业创新、创业与区域体系,科技创新政策与能力基线,C-KISTEP-PRG0720190108,2019-11-13,W2,혁신성장 선도 고급연구인재육성지원 사업 기획을 위한 전문가 의견 조사 연구,机构正式研究,,,https://www.kistep.re.kr/reportAllDetail.es?mid=a10305010000&rpt_no=PRG0720190108&rpt_tp=831-007,官方目录元数据，附件未列入本批
人工智能、数据与数字技术,科技创新政策与能力基线,C-KISTEP-RES0220190201,2019-11-20,W2,2019년도 예비타당성조사 보고서 자율형 사물인터넷 핵심기술개발사업,机构正式研究,,,https://www.kistep.re.kr/reportAllDetail.es?mid=a10305010000&rpt_no=RES0220190201&rpt_tp=831-003,官方目录元数据，附件未列入本批
科研体系、研发投入与评价,科技创新政策与能力基线,C-KISTEP-RES0220190201,2019-11-20,W2,2019년도 예비타당성조사 보고서 자율형 사물인터넷 핵심기술개발사업,机构正式研究,,,https://www.kistep.re.kr/reportAllDetail.es?mid=a10305010000&rpt_no=RES0220190201&rpt_tp=831-003,官方目录元数据，附件未列入本批
生命科学、生物技术与健康,科技创新政策与能力基线,C-KISTEP-RES0220190202,2019-11-26,W2,2019년 국가연구개발사업 예비타당성조사 보고서 질환극복을 위한 임상현장 기반 중개연구 가속화 사업,机构正式研究,,,https://www.kistep.re.kr/reportAllDetail.es?mid=a10305010000&rpt_no=RES0220190202&rpt_tp=831-003,官方目录元数据，附件未列入本批
科研体系、研发投入与评价,科技创新政策与能力基线,C-KISTEP-RES0220190202,2019-11-26,W2,2019년 국가연구개발사업 예비타당성조사 보고서 질환극복을 위한 임상현장 기반 중개연구 가속화 사업,机构正式研究,,,https://www.kistep.re.kr/reportAllDetail.es?mid=a10305010000&rpt_no=RES0220190202&rpt_tp=831-003,官方目录元数据，附件未列入本批
科研体系、研发投入与评价,科技创新政策与能力基线,C-KISTEP-RES0220190203,2019-11-27,W2,2019년도 예비타당성조사 보고서 나노융합 혁신제품 기술개발사업,机构正式研究,,,https://www.kistep.re.kr/reportAllDetail.es?mid=a10305010000&rpt_no=RES0220190203&rpt_tp=831-003,官方目录元数据，附件未列入本批
产业创新、创业与区域体系,科技创新政策与能力基线,C-KISTEP-RES0220190203,2019-11-27,W2,2019년도 예비타당성조사 보고서 나노융합 혁신제품 기술개발사업,机构正式研究,,,https://www.kistep.re.kr/reportAllDetail.es?mid=a10305010000&rpt_no=RES0220190203&rpt_tp=831-003,官方目录元数据，附件未列入本批
科研体系、研发投入与评价,科技创新政策与能力基线,C-KISTEP-PRG0720190114,2019-11-29,W2,정부연구개발비 지원제도 발전방안 연구,机构正式研究,,,https://www.kistep.re.kr/reportAllDetail.es?mid=a10305010000&rpt_no=PRG0720190114&rpt_tp=831-007,官方目录元数据，附件未列入本批
科研体系、研发投入与评价,科技创新政策与能力基线,C-KISTEP-PRG0720190115,2019-11-29,W2,국가연구개발사업이 기업의 연구개발 및 혁신에 미치는 영향 분석,机构正式研究,,,https://www.kistep.re.kr/reportAllDetail.es?mid=a10305010000&rpt_no=PRG0720190115&rpt_tp=831-007,官方目录元数据，附件未列入本批
产业创新、创业与区域体系,科技创新政策与能力基线,C-KISTEP-PRG0720190115,2019-11-29,W2,국가연구개발사업이 기업의 연구개발 및 혁신에 미치는 영향 분석,机构正式研究,,,https://www.kistep.re.kr/reportAllDetail.es?mid=a10305010000&rpt_no=PRG0720190115&rpt_tp=831-007,官方目录元数据，附件未列入本批
科研体系、研发投入与评价,科技创新政策与能力基线,C-KISTEP-RES0220190210,2019-12-13,W2,국가연구개발 연구성과 관리 활용 실태조사,机构正式研究,,,https://www.kistep.re.kr/reportAllDetail.es?mid=a10305010000&rpt_no=RES0220190210&rpt_tp=831-004,官方目录元数据，附件未列入本批
科研体系、研发投入与评价,科技创新政策与能力基线,C-KISTEP-RES0220190211,2019-12-13,W2,2019년도 국가연구개발사업 상위평가보고서(중간평가),机构正式研究,,,https://www.kistep.re.kr/reportAllDetail.es?mid=a10305010000&rpt_no=RES0220190211&rpt_tp=831-001,官方目录元数据，附件未列入本批
科研体系、研发投入与评价,科技创新政策与能力基线,C-KISTEP-RES0220190212,2019-12-13,W2,국가R&D 기획·관리 지원서비스 구축,机构正式研究,,,https://www.kistep.re.kr/reportAllDetail.es?mid=a10305010000&rpt_no=RES0220190212&rpt_tp=831-001,官方目录元数据，附件未列入本批
科技人才、大学与知识流动,科技创新政策与能力基线,C-KISTEP-RES0220190212,2019-12-13,W2,국가R&D 기획·관리 지원서비스 구축,机构正式研究,,,https://www.kistep.re.kr/reportAllDetail.es?mid=a10305010000&rpt_no=RES0220190212&rpt_tp=831-001,官方目录元数据，附件未列入本批
科研体系、研发投入与评价,科技创新政策与能力基线,C-KISTEP-RES0220190207,2019-12-16,W2,2019년 국가 과학기술혁신역량평가 연구,机构正式研究,,,https://www.kistep.re.kr/reportAllDetail.es?mid=a10305010000&rpt_no=RES0220190207&rpt_tp=831-001,官方目录元数据，附件未列入本批
产业创新、创业与区域体系,科技创新政策与能力基线,C-KISTEP-RES0220190207,2019-12-16,W2,2019년 국가 과학기술혁신역량평가 연구,机构正式研究,,,https://www.kistep.re.kr/reportAllDetail.es?mid=a10305010000&rpt_no=RES0220190207&rpt_tp=831-001,官方目录元数据，附件未列入本批
科技创新政策与研究体系,科技创新政策与能力基线,C-KISTEP-RES0220190214,2019-12-17,W2,2018년도 과학기술분야 중장기계획 조사·분석,机构正式研究,,,https://www.kistep.re.kr/reportAllDetail.es?mid=a10305010000&rpt_no=RES0220190214&rpt_tp=831-002,官方目录元数据，附件未列入本批
科研体系、研发投入与评价,科技创新政策与能力基线,C-KISTEP-RES0220190216,2019-12-20,W2,2019년도 예비타당성조사 보고서 ICT R&D 혁신 바우처 지원사업,机构正式研究,,,https://www.kistep.re.kr/reportAllDetail.es?mid=a10305010000&rpt_no=RES0220190216&rpt_tp=831-003,官方目录元数据，附件未列入本批
产业创新、创业与区域体系,科技创新政策与能力基线,C-KISTEP-RES0220190216,2019-12-20,W2,2019년도 예비타당성조사 보고서 ICT R&D 혁신 바우처 지원사업,机构正式研究,,,https://www.kistep.re.kr/reportAllDetail.es?mid=a10305010000&rpt_no=RES0220190216&rpt_tp=831-003,官方目录元数据，附件未列入本批
人工智能、数据与数字技术,核心科技直接材料,C-KISTEP-RES0220190219,2019-12-24,W2,2019년도 예비타당성조사 보고서 스마트팜 다부처 패키지 혁신기술개발,机构正式研究,,,https://www.kistep.re.kr/reportAllDetail.es?mid=a10305010000&rpt_no=RES0220190219&rpt_tp=831-003,官方目录元数据，附件未列入本批
科研体系、研发投入与评价,核心科技直接材料,C-KISTEP-RES0220190219,2019-12-24,W2,2019년도 예비타당성조사 보고서 스마트팜 다부처 패키지 혁신기술개발,机构正式研究,,,https://www.kistep.re.kr/reportAllDetail.es?mid=a10305010000&rpt_no=RES0220190219&rpt_tp=831-003,官方目录元数据，附件未列入本批
产业创新、创业与区域体系,核心科技直接材料,C-KISTEP-RES0220190219,2019-12-24,W2,2019년도 예비타당성조사 보고서 스마트팜 다부처 패키지 혁신기술개발,机构正式研究,,,https://www.kistep.re.kr/reportAllDetail.es?mid=a10305010000&rpt_no=RES0220190219&rpt_tp=831-003,官方目录元数据，附件未列入本批
生命科学、生物技术与健康,科技创新政策与能力基线,C-KISTEP-PRG0720200015,2019-12-31,W2,혁신성장동력 정책 개선안 도출을 위한 맞춤형 헬스케어 분야 이슈 분석,机构正式研究,,,https://www.kistep.re.kr/reportAllDetail.es?mid=a10305010000&rpt_no=PRG0720200015&rpt_tp=831-007,官方目录元数据，附件未列入本批
产业创新、创业与区域体系,科技创新政策与能力基线,C-KISTEP-PRG0720200015,2019-12-31,W2,혁신성장동력 정책 개선안 도출을 위한 맞춤형 헬스케어 분야 이슈 분석,机构正式研究,,,https://www.kistep.re.kr/reportAllDetail.es?mid=a10305010000&rpt_no=PRG0720200015&rpt_tp=831-007,官方目录元数据，附件未列入本批
能源、气候与绿色转型,科技创新政策与能力基线,C-KISTEP-PRG0720200016,2019-12-31,W2,혁신성장동력 정책 개선안 도출을 위한 신재생에너지 분야 이슈 분석에 관한 연구,机构正式研究,,,https://www.kistep.re.kr/reportAllDetail.es?mid=a10305010000&rpt_no=PRG0720200016&rpt_tp=831-007,官方目录元数据，附件未列入本批
产业创新、创业与区域体系,科技创新政策与能力基线,C-KISTEP-PRG0720200016,2019-12-31,W2,혁신성장동력 정책 개선안 도출을 위한 신재생에너지 분야 이슈 분석에 관한 연구,机构正式研究,,,https://www.kistep.re.kr/reportAllDetail.es?mid=a10305010000&rpt_no=PRG0720200016&rpt_tp=831-007,官方目录元数据，附件未列入本批
科研体系、研发投入与评价,科技创新政策与能力基线,C-KISTEP-PRG0720200017,2019-12-31,W2,사회문제 해결형 R&D 활성화를 위한 리빙랩 확산 방안 연구,机构正式研究,,,https://www.kistep.re.kr/reportAllDetail.es?mid=a10305010000&rpt_no=PRG0720200017&rpt_tp=831-007,官方目录元数据，附件未列入本批
科研体系、研发投入与评价,科技创新政策与能力基线,C-KISTEP-PRG0720200018,2019-12-31,W2,2019년 국가연구개발사업 예비타당성조사('19년 1차/3차),机构正式研究,,,https://www.kistep.re.kr/reportAllDetail.es?mid=a10305010000&rpt_no=PRG0720200018&rpt_tp=831-007,官方目录元数据，附件未列入本批
产业创新、创业与区域体系,科技创新政策与能力基线,C-KISTEP-PRG0720200021,2019-12-31,W2,혁신성장동력 정책 진단 및 개선방안 연구,机构正式研究,,,https://www.kistep.re.kr/reportAllDetail.es?mid=a10305010000&rpt_no=PRG0720200021&rpt_tp=831-007,官方目录元数据，附件未列入本批
科技创新政策与研究体系,科技创新政策与能力基线,C-KISTEP-RES0220190221,2020-01-02,W2,학생인건비 통합관리제 기획 및 운영,机构正式研究,,,https://www.kistep.re.kr/reportAllDetail.es?mid=a10305010000&rpt_no=RES0220190221&rpt_tp=831-001,官方目录元数据，附件未列入本批
科技创新政策与研究体系,科技创新政策与能力基线,C-KISTEP-RES0220200001,2020-01-08,W2,제도·규정 분석을 통한 국내 규제 샌드박스 법제 개선 연구,机构正式研究,,,https://www.kistep.re.kr/reportAllDetail.es?mid=a10305010000&rpt_no=RES0220200001&rpt_tp=831-002,官方目录元数据，附件未列入本批
人工智能、数据与数字技术,核心科技直接材料,C-KISTEP-RES0220200004,2020-01-14,W2,디지털기술 발전이 초래하는지속가능성장의 미래예측 연구 -에너지 소비의 미래-,机构正式研究,,,https://www.kistep.re.kr/reportAllDetail.es?mid=a10305010000&rpt_no=RES0220200004&rpt_tp=831-006,官方目录元数据，附件未列入本批
能源、气候与绿色转型,核心科技直接材料,C-KISTEP-RES0220200004,2020-01-14,W2,디지털기술 발전이 초래하는지속가능성장의 미래예측 연구 -에너지 소비의 미래-,机构正式研究,,,https://www.kistep.re.kr/reportAllDetail.es?mid=a10305010000&rpt_no=RES0220200004&rpt_tp=831-006,官方目录元数据，附件未列入本批
技术安全、供应链与国际合作,核心科技直接材料,C-KISTEP-RES0220200004,2020-01-14,W2,디지털기술 발전이 초래하는지속가능성장의 미래예측 연구 -에너지 소비의 미래-,机构正式研究,,,https://www.kistep.re.kr/reportAllDetail.es?mid=a10305010000&rpt_no=RES0220200004&rpt_tp=831-006,官方目录元数据，附件未列入本批
科技前瞻与未来社会,核心科技直接材料,C-KISTEP-RES0220200004,2020-01-14,W2,디지털기술 발전이 초래하는지속가능성장의 미래예측 연구 -에너지 소비의 미래-,机构正式研究,,,https://www.kistep.re.kr/reportAllDetail.es?mid=a10305010000&rpt_no=RES0220200004&rpt_tp=831-006,官方目录元数据，附件未列入本批
科研体系、研发投入与评价,科技创新政策与能力基线,C-KISTEP-RES0220200005,2020-01-14,W2,중소기업 R&D 성과에 관한 메타분석: 정부지원과 기술혁신을 중심으로,机构正式研究,,,https://www.kistep.re.kr/reportAllDetail.es?mid=a10305010000&rpt_no=RES0220200005&rpt_tp=831-001,官方目录元数据，附件未列入本批
产业创新、创业与区域体系,科技创新政策与能力基线,C-KISTEP-RES0220200005,2020-01-14,W2,중소기업 R&D 성과에 관한 메타분석: 정부지원과 기술혁신을 중심으로,机构正式研究,,,https://www.kistep.re.kr/reportAllDetail.es?mid=a10305010000&rpt_no=RES0220200005&rpt_tp=831-001,官方目录元数据，附件未列入本批
科研体系、研发投入与评价,科技创新政策与能力基线,C-KISTEP-RES0220200007,2020-01-16,W2,성과기반의 연구환경 요인에 관한 연구,机构正式研究,,,https://www.kistep.re.kr/reportAllDetail.es?mid=a10305010000&rpt_no=RES0220200007&rpt_tp=831-002,官方目录元数据，附件未列入本批
半导体、量子与战略技术,核心科技直接材料,C-KISTEP-PRG0720200001,2020-01-17,W2,신규 성장동력 발굴을 위한 미래 유망 기술·산업·정책동향 조사·분석 연구,机构正式研究,,,https://www.kistep.re.kr/reportAllDetail.es?mid=a10305010000&rpt_no=PRG0720200001&rpt_tp=831-007,官方目录元数据，附件未列入本批
生命科学、生物技术与健康,核心科技直接材料,C-KISTEP-PRG0720200001,2020-01-17,W2,신규 성장동력 발굴을 위한 미래 유망 기술·산업·정책동향 조사·분석 연구,机构正式研究,,,https://www.kistep.re.kr/reportAllDetail.es?mid=a10305010000&rpt_no=PRG0720200001&rpt_tp=831-007,官方目录元数据，附件未列入本批
能源、气候与绿色转型,核心科技直接材料,C-KISTEP-PRG0720200001,2020-01-17,W2,신규 성장동력 발굴을 위한 미래 유망 기술·산업·정책동향 조사·분석 연구,机构正式研究,,,https://www.kistep.re.kr/reportAllDetail.es?mid=a10305010000&rpt_no=PRG0720200001&rpt_tp=831-007,官方目录元数据，附件未列入本批
产业创新、创业与区域体系,核心科技直接材料,C-KISTEP-PRG0720200001,2020-01-17,W2,신규 성장동력 발굴을 위한 미래 유망 기술·산업·정책동향 조사·분석 연구,机构正式研究,,,https://www.kistep.re.kr/reportAllDetail.es?mid=a10305010000&rpt_no=PRG0720200001&rpt_tp=831-007,官方目录元数据，附件未列入本批
科技前瞻与未来社会,核心科技直接材料,C-KISTEP-PRG0720200001,2020-01-17,W2,신규 성장동력 발굴을 위한 미래 유망 기술·산업·정책동향 조사·분석 연구,机构正式研究,,,https://www.kistep.re.kr/reportAllDetail.es?mid=a10305010000&rpt_no=PRG0720200001&rpt_tp=831-007,官方目录元数据，附件未列入本批
科研体系、研发投入与评价,科技创新政策与能力基线,C-KISTEP-RES0220200008,2020-01-17,W2,2019년도 국가연구개발사업 상위평가 보고서(추적평가),机构正式研究,,,https://www.kistep.re.kr/reportAllDetail.es?mid=a10305010000&rpt_no=RES0220200008&rpt_tp=831-001,官方目录元数据，附件未列入本批
人工智能、数据与数字技术,核心科技直接材料,C-KISTEP-RES0220200010,2020-01-20,W2,스마트 혁신 시대의 미래전망 및 과학기술 혁신정책 연구(Ⅰ) : 인공지능을 중심으로,机构正式研究,,,https://www.kistep.re.kr/reportAllDetail.es?mid=a10305010000&rpt_no=RES0220200010&rpt_tp=831-006,官方目录元数据，附件未列入本批
产业创新、创业与区域体系,核心科技直接材料,C-KISTEP-RES0220200010,2020-01-20,W2,스마트 혁신 시대의 미래전망 및 과학기술 혁신정책 연구(Ⅰ) : 인공지능을 중심으로,机构正式研究,,,https://www.kistep.re.kr/reportAllDetail.es?mid=a10305010000&rpt_no=RES0220200010&rpt_tp=831-006,官方目录元数据，附件未列入本批
科技前瞻与未来社会,核心科技直接材料,C-KISTEP-RES0220200010,2020-01-20,W2,스마트 혁신 시대의 미래전망 및 과학기술 혁신정책 연구(Ⅰ) : 인공지능을 중심으로,机构正式研究,,,https://www.kistep.re.kr/reportAllDetail.es?mid=a10305010000&rpt_no=RES0220200010&rpt_tp=831-006,官方目录元数据，附件未列入本批
科研体系、研发投入与评价,科技创新政策与能力基线,C-KISTEP-RES0220200003,2020-01-22,W2,KISTEP 정책네트워크 구축 및 기관성과 확산을 통한 기관 이미지 제고 방안 연구,机构正式研究,,,https://www.kistep.re.kr/reportAllDetail.es?mid=a10305010000&rpt_no=RES0220200003&rpt_tp=831-004,官方目录元数据，附件未列入本批
科研体系、研发投入与评价,科技创新政策与能力基线,C-KISTEP-RES0220200013,2020-01-23,W2,2019년 국가 R&D사업 사전분석 전문 네트워크 구축 및 역량 강화,机构正式研究,,,https://www.kistep.re.kr/reportAllDetail.es?mid=a10305010000&rpt_no=RES0220200013&rpt_tp=831-003,官方目录元数据，附件未列入本批
科研体系、研发投入与评价,科技创新政策与能力基线,C-KISTEP-RES0220200015,2020-01-28,W2,2019년 ‘KISTEP 이슈 페이퍼’ 발간을 통한 정책역량 강화방안 연구,机构正式研究,,,https://www.kistep.re.kr/reportAllDetail.es?mid=a10305010000&rpt_no=RES0220200015&rpt_tp=831-002,官方目录元数据，附件未列入本批
产业创新、创业与区域体系,科技创新政策与能力基线,C-KISTEP-RES0220200017,2020-01-29,W2,혁신성장동력 분야별 현황분석 및 정책고도화 방안 연구,机构正式研究,,,https://www.kistep.re.kr/reportAllDetail.es?mid=a10305010000&rpt_no=RES0220200017&rpt_tp=831-002,官方目录元数据，附件未列入本批
科研体系、研发投入与评价,科技创新政策与能力基线,C-KISTEP-RES0220200018,2020-01-29,W2,지역 제조업 활성화를 위한 정부 R&D 지원방안 : 대구경북 중심으로,机构正式研究,,,https://www.kistep.re.kr/reportAllDetail.es?mid=a10305010000&rpt_no=RES0220200018&rpt_tp=831-005,官方目录元数据，附件未列入本批
产业创新、创业与区域体系,科技创新政策与能力基线,C-KISTEP-RES0220200018,2020-01-29,W2,지역 제조업 활성화를 위한 정부 R&D 지원방안 : 대구경북 중심으로,机构正式研究,,,https://www.kistep.re.kr/reportAllDetail.es?mid=a10305010000&rpt_no=RES0220200018&rpt_tp=831-005,官方目录元数据，附件未列入本批
科研体系、研发投入与评价,科技创新政策与能力基线,C-KISTEP-RES0220200020,2020-01-29,W2,국가연구개발사업 평가제도 개선 방안 연구-상위평가 및 특정평가를 중심으로,机构正式研究,,,https://www.kistep.re.kr/reportAllDetail.es?mid=a10305010000&rpt_no=RES0220200020&rpt_tp=831-001,官方目录元数据，附件未列入本批
产业创新、创业与区域体系,科技创新政策与能力基线,C-KISTEP-RES0220200022,2020-01-29,W2,2019년 과학기술 & ICT 정책·기술 동향 분석,机构正式研究,,,https://www.kistep.re.kr/reportAllDetail.es?mid=a10305010000&rpt_no=RES0220200022&rpt_tp=831-002,官方目录元数据，附件未列入本批
产业创新、创业与区域体系,科技创新政策与能力基线,C-KISTEP-PRG0720200019,2020-01-31,W2,지역 사회문제 해결을 위한 ‘문제기획 리빙랩’ 운영 방안 기획,机构正式研究,,,https://www.kistep.re.kr/reportAllDetail.es?mid=a10305010000&rpt_no=PRG0720200019&rpt_tp=831-007,官方目录元数据，附件未列入本批
科研体系、研发投入与评价,科技创新政策与能力基线,C-KISTEP-PRG0720200022,2020-01-31,W2,국가연구개발사업 공동관리규정 체계보완연구,机构正式研究,,,https://www.kistep.re.kr/reportAllDetail.es?mid=a10305010000&rpt_no=PRG0720200022&rpt_tp=831-007,官方目录元数据，附件未列入本批
科研体系、研发投入与评价,科技创新政策与能力基线,C-KISTEP-RES0220200107,2020-01-31,W2,정부R&D 20조원 시대의 전략과 혁신주체별 역할 및 생태계 조성 방안 연구(Ⅰ),机构正式研究,,,https://www.kistep.re.kr/reportAllDetail.es?mid=a10305010000&rpt_no=RES0220200107&rpt_tp=831-005,官方目录元数据，附件未列入本批
产业创新、创业与区域体系,科技创新政策与能力基线,C-KISTEP-RES0220200107,2020-01-31,W2,정부R&D 20조원 시대의 전략과 혁신주체별 역할 및 생태계 조성 방안 연구(Ⅰ),机构正式研究,,,https://www.kistep.re.kr/reportAllDetail.es?mid=a10305010000&rpt_no=RES0220200107&rpt_tp=831-005,官方目录元数据，附件未列入本批
科研体系、研发投入与评价,科技创新政策与能力基线,C-KISTEP-RES0220200026,2020-02-03,W2,2019년 R&D사업 예비타당성조사 일관성 제고를 위한 조사 체계 개선 방향 연구,机构正式研究,,,https://www.kistep.re.kr/reportAllDetail.es?mid=a10305010000&rpt_no=RES0220200026&rpt_tp=831-003,官方目录元数据，附件未列入本批
科研体系、研发投入与评价,科技创新政策与能力基线,C-KISTEP-RES0220200029,2020-02-03,W2,KISTEP 통계브리프,机构正式研究,,,https://www.kistep.re.kr/reportAllDetail.es?mid=a10305010000&rpt_no=RES0220200029&rpt_tp=831-001,官方目录元数据，附件未列入本批
科研体系、研发投入与评价,科技创新政策与能力基线,C-KISTEP-RES0220200031,2020-02-03,W2,과학기술 분야 R&D 제도 혁신 기반 연구,机构正式研究,,,https://www.kistep.re.kr/reportAllDetail.es?mid=a10305010000&rpt_no=RES0220200031&rpt_tp=831-002,官方目录元数据，附件未列入本批
产业创新、创业与区域体系,科技创新政策与能力基线,C-KISTEP-RES0220200031,2020-02-03,W2,과학기술 분야 R&D 제도 혁신 기반 연구,机构正式研究,,,https://www.kistep.re.kr/reportAllDetail.es?mid=a10305010000&rpt_no=RES0220200031&rpt_tp=831-002,官方目录元数据，附件未列入本批
能源、气候与绿色转型,核心科技直接材料,C-KISTEP-RES0220200032,2020-02-03,W2,수소경제 연계형 주력산업 연구개발 투자전략 연구,机构正式研究,,,https://www.kistep.re.kr/reportAllDetail.es?mid=a10305010000&rpt_no=RES0220200032&rpt_tp=831-005,官方目录元数据，附件未列入本批
科研体系、研发投入与评价,核心科技直接材料,C-KISTEP-RES0220200032,2020-02-03,W2,수소경제 연계형 주력산업 연구개발 투자전략 연구,机构正式研究,,,https://www.kistep.re.kr/reportAllDetail.es?mid=a10305010000&rpt_no=RES0220200032&rpt_tp=831-005,官方目录元数据，附件未列入本批
产业创新、创业与区域体系,核心科技直接材料,C-KISTEP-RES0220200032,2020-02-03,W2,수소경제 연계형 주력산업 연구개발 투자전략 연구,机构正式研究,,,https://www.kistep.re.kr/reportAllDetail.es?mid=a10305010000&rpt_no=RES0220200032&rpt_tp=831-005,官方目录元数据，附件未列入本批
科研体系、研发投入与评价,科技创新政策与能力基线,C-KISTEP-RES0220200036,2020-02-03,W2,2019년도 글로벌 R&D 투자동향 분석,机构正式研究,,,https://www.kistep.re.kr/reportAllDetail.es?mid=a10305010000&rpt_no=RES0220200036&rpt_tp=831-005,官方目录元数据，附件未列入本批
科研体系、研发投入与评价,科技创新政策与能力基线,C-KISTEP-RES0220200037,2020-02-03,W2,정부R&D사업 예산구조 및 예산배분조정 체계 개선방안 연구,机构正式研究,,,https://www.kistep.re.kr/reportAllDetail.es?mid=a10305010000&rpt_no=RES0220200037&rpt_tp=831-005,官方目录元数据，附件未列入本批
科研体系、研发投入与评价,科技创新政策与能力基线,C-KISTEP-RES0220200038,2020-02-03,W2,공공R&D 성과실용화 제고를 위한 정책이슈 발굴 및 분석 연구,机构正式研究,,,https://www.kistep.re.kr/reportAllDetail.es?mid=a10305010000&rpt_no=RES0220200038&rpt_tp=831-004,官方目录元数据，附件未列入本批
科技人才、大学与知识流动,科技创新政策与能力基线,C-KISTEP-RES0220200038,2020-02-03,W2,공공R&D 성과실용화 제고를 위한 정책이슈 발굴 및 분석 연구,机构正式研究,,,https://www.kistep.re.kr/reportAllDetail.es?mid=a10305010000&rpt_no=RES0220200038&rpt_tp=831-004,官方目录元数据，附件未列入本批
产业创新、创业与区域体系,科技创新政策与能力基线,C-KISTEP-RES0220200038,2020-02-03,W2,공공R&D 성과실용화 제고를 위한 정책이슈 발굴 및 분석 연구,机构正式研究,,,https://www.kistep.re.kr/reportAllDetail.es?mid=a10305010000&rpt_no=RES0220200038&rpt_tp=831-004,官方目录元数据，附件未列入本批
科研体系、研发投入与评价,核心科技直接材料,C-KISTEP-RES0220200023,2020-02-04,W2,2019년 기술영향평가(소셜 로봇 기술),机构正式研究,,,https://www.kistep.re.kr/reportAllDetail.es?mid=a10305010000&rpt_no=RES0220200023&rpt_tp=831-006,官方目录元数据，附件未列入本批
科技前瞻与未来社会,核心科技直接材料,C-KISTEP-RES0220200023,2020-02-04,W2,2019년 기술영향평가(소셜 로봇 기술),机构正式研究,,,https://www.kistep.re.kr/reportAllDetail.es?mid=a10305010000&rpt_no=RES0220200023&rpt_tp=831-006,官方目录元数据，附件未列入本批
科研体系、研发投入与评价,科技创新政策与能力基线,C-KISTEP-RES0220200030,2020-02-04,W2,2019년 전략적 R&D예산 배분 및 편성을 위한 정책기반 구축에 관한 연구,机构正式研究,,,https://www.kistep.re.kr/reportAllDetail.es?mid=a10305010000&rpt_no=RES0220200030&rpt_tp=831-002,官方目录元数据，附件未列入本批
科研体系、研发投入与评价,科技创新政策与能力基线,C-KISTEP-RES0220200033,2020-02-04,W2,국방연구개발 사업 중·장기 계획과 예산 요구의 실효성 확보를 위한 개선방안 연구,机构正式研究,,,https://www.kistep.re.kr/reportAllDetail.es?mid=a10305010000&rpt_no=RES0220200033&rpt_tp=831-005,官方目录元数据，附件未列入本批
科研体系、研发投入与评价,科技创新政策与能力基线,C-KISTEP-RES0220200039,2020-02-04,W2,2019년도 과학기술정책의 과학화 기반구축 연구,机构正式研究,,,https://www.kistep.re.kr/reportAllDetail.es?mid=a10305010000&rpt_no=RES0220200039&rpt_tp=831-001,官方目录元数据，附件未列入本批
人工智能、数据与数字技术,核心科技直接材料,C-KISTEP-RES0220200041,2020-02-04,W2,연구혁신데이터 구조 및 연계분석을 통한 정책의사결정 활용도 제고방안 연구,机构正式研究,,,https://www.kistep.re.kr/reportAllDetail.es?mid=a10305010000&rpt_no=RES0220200041&rpt_tp=831-001,官方目录元数据，附件未列入本批
产业创新、创业与区域体系,核心科技直接材料,C-KISTEP-RES0220200041,2020-02-04,W2,연구혁신데이터 구조 및 연계분석을 통한 정책의사결정 활용도 제고방안 연구,机构正式研究,,,https://www.kistep.re.kr/reportAllDetail.es?mid=a10305010000&rpt_no=RES0220200041&rpt_tp=831-001,官方目录元数据，附件未列入本批
科研体系、研发投入与评价,科技创新政策与能力基线,C-KISTEP-RES0220200028,2020-02-05,W2,2019년 과학기술 기획·조정·평가 국제 네트워크 구축 연구,机构正式研究,,,https://www.kistep.re.kr/reportAllDetail.es?mid=a10305010000&rpt_no=RES0220200028&rpt_tp=831-002,官方目录元数据，附件未列入本批
产业创新、创业与区域体系,科技创新政策与能力基线,C-KISTEP-RES0220200028,2020-02-05,W2,2019년 과학기술 기획·조정·평가 국제 네트워크 구축 연구,机构正式研究,,,https://www.kistep.re.kr/reportAllDetail.es?mid=a10305010000&rpt_no=RES0220200028&rpt_tp=831-002,官方目录元数据，附件未列入本批
技术安全、供应链与国际合作,科技创新政策与能力基线,C-KISTEP-RES0220200028,2020-02-05,W2,2019년 과학기술 기획·조정·평가 국제 네트워크 구축 연구,机构正式研究,,,https://www.kistep.re.kr/reportAllDetail.es?mid=a10305010000&rpt_no=RES0220200028&rpt_tp=831-002,官方目录元数据，附件未列入本批
科研体系、研发投入与评价,科技创新政策与能力基线,C-KISTEP-RES0220200034,2020-02-05,W2,2019년 기술혁신 아젠다 발굴 및 R&D 투자전략 수립 연구,机构正式研究,,,https://www.kistep.re.kr/reportAllDetail.es?mid=a10305010000&rpt_no=RES0220200034&rpt_tp=831-005,官方目录元数据，附件未列入本批
产业创新、创业与区域体系,科技创新政策与能力基线,C-KISTEP-RES0220200034,2020-02-05,W2,2019년 기술혁신 아젠다 발굴 및 R&D 투자전략 수립 연구,机构正式研究,,,https://www.kistep.re.kr/reportAllDetail.es?mid=a10305010000&rpt_no=RES0220200034&rpt_tp=831-005,官方目录元数据，附件未列入本批
科技创新政策与研究体系,科技创新政策与能力基线,C-KISTEP-RES0220200046,2020-02-05,W2,2019 과학기술통계백서,机构正式研究,,,https://www.kistep.re.kr/reportAllDetail.es?mid=a10305010000&rpt_no=RES0220200046&rpt_tp=831-001,官方目录元数据，附件未列入本批
科研体系、研发投入与评价,科技创新政策与能力基线,C-KISTEP-RES0220200047,2020-02-05,W2,2019년 지역 과학기술혁신역량평가,机构正式研究,,,https://www.kistep.re.kr/reportAllDetail.es?mid=a10305010000&rpt_no=RES0220200047&rpt_tp=831-001,官方目录元数据，附件未列入本批
产业创新、创业与区域体系,科技创新政策与能力基线,C-KISTEP-RES0220200047,2020-02-05,W2,2019년 지역 과학기술혁신역량평가,机构正式研究,,,https://www.kistep.re.kr/reportAllDetail.es?mid=a10305010000&rpt_no=RES0220200047&rpt_tp=831-001,官方目录元数据，附件未列入本批
人工智能、数据与数字技术,核心科技直接材料,C-KISTEP-RES0220200049,2020-02-07,W2,바이오·의료분야 지능형 연구개발정보데이터 분석시스템의 예산배분·조정 활용기법 연구,机构正式研究,,,https://www.kistep.re.kr/reportAllDetail.es?mid=a10305010000&rpt_no=RES0220200049&rpt_tp=831-005,官方目录元数据，附件未列入本批
生命科学、生物技术与健康,核心科技直接材料,C-KISTEP-RES0220200049,2020-02-07,W2,바이오·의료분야 지능형 연구개발정보데이터 분석시스템의 예산배분·조정 활용기법 연구,机构正式研究,,,https://www.kistep.re.kr/reportAllDetail.es?mid=a10305010000&rpt_no=RES0220200049&rpt_tp=831-005,官方目录元数据，附件未列入本批
科研体系、研发投入与评价,核心科技直接材料,C-KISTEP-RES0220200049,2020-02-07,W2,바이오·의료분야 지능형 연구개발정보데이터 분석시스템의 예산배분·조정 활용기법 연구,机构正式研究,,,https://www.kistep.re.kr/reportAllDetail.es?mid=a10305010000&rpt_no=RES0220200049&rpt_tp=831-005,官方目录元数据，附件未列入本批
科研体系、研发投入与评价,科技创新政策与能力基线,C-KISTEP-RES0220200056,2020-02-07,W2,공공기관 R&D 투자권고 제도의 실효성 분석 연구,机构正式研究,,,https://www.kistep.re.kr/reportAllDetail.es?mid=a10305010000&rpt_no=RES0220200056&rpt_tp=831-005,官方目录元数据，附件未列入本批
半导体、量子与战略技术,核心科技直接材料,C-KISTEP-RES0220200011,2020-02-10,W2,2019년 기술수준평가 -기술수준평가 방법론 개선 연구,机构正式研究,,,https://www.kistep.re.kr/reportAllDetail.es?mid=a10305010000&rpt_no=RES0220200011&rpt_tp=831-006,官方目录元数据，附件未列入本批
科研体系、研发投入与评价,核心科技直接材料,C-KISTEP-RES0220200011,2020-02-10,W2,2019년 기술수준평가 -기술수준평가 방법론 개선 연구,机构正式研究,,,https://www.kistep.re.kr/reportAllDetail.es?mid=a10305010000&rpt_no=RES0220200011&rpt_tp=831-006,官方目录元数据，附件未列入本批
科研体系、研发投入与评价,科技创新政策与能力基线,C-KISTEP-RES0220200024,2020-02-10,W2,2018년도 연구개발활동조사보고서,机构正式研究,,,https://www.kistep.re.kr/reportAllDetail.es?mid=a10305010000&rpt_no=RES0220200024&rpt_tp=831-001,官方目录元数据，附件未列入本批
科技人才、大学与知识流动,科技创新政策与能力基线,C-KISTEP-RES0220200024,2020-02-10,W2,2018년도 연구개발활동조사보고서,机构正式研究,,,https://www.kistep.re.kr/reportAllDetail.es?mid=a10305010000&rpt_no=RES0220200024&rpt_tp=831-001,官方目录元数据，附件未列入本批
产业创新、创业与区域体系,科技创新政策与能力基线,C-KISTEP-RES0220200042,2020-02-10,W2,2019년 과학기술기반 사회혁신 스코어보드 구축 및 발간 연구,机构正式研究,,,https://www.kistep.re.kr/reportAllDetail.es?mid=a10305010000&rpt_no=RES0220200042&rpt_tp=831-002,官方目录元数据，附件未列入本批
科研体系、研发投入与评价,科技创新政策与能力基线,C-KISTEP-RES0220200045,2020-02-10,W2,지방대학 연구역량 강화를 위한 정부 대학지원 R&D 사업 개선방안 연구,机构正式研究,,,https://www.kistep.re.kr/reportAllDetail.es?mid=a10305010000&rpt_no=RES0220200045&rpt_tp=831-005,官方目录元数据，附件未列入本批
科技人才、大学与知识流动,科技创新政策与能力基线,C-KISTEP-RES0220200045,2020-02-10,W2,지방대학 연구역량 강화를 위한 정부 대학지원 R&D 사업 개선방안 연구,机构正式研究,,,https://www.kistep.re.kr/reportAllDetail.es?mid=a10305010000&rpt_no=RES0220200045&rpt_tp=831-005,官方目录元数据，附件未列入本批
科研体系、研发投入与评价,科技创新政策与能力基线,C-KISTEP-RES0220200050,2020-02-10,W2,2019년 지역과학기술산업 스코어보드 구축 및 발간 연구,机构正式研究,,,https://www.kistep.re.kr/reportAllDetail.es?mid=a10305010000&rpt_no=RES0220200050&rpt_tp=831-002,官方目录元数据，附件未列入本批
产业创新、创业与区域体系,科技创新政策与能力基线,C-KISTEP-RES0220200050,2020-02-10,W2,2019년 지역과학기술산업 스코어보드 구축 및 발간 연구,机构正式研究,,,https://www.kistep.re.kr/reportAllDetail.es?mid=a10305010000&rpt_no=RES0220200050&rpt_tp=831-002,官方目录元数据，附件未列入本批
科研体系、研发投入与评价,科技创新政策与能力基线,C-KISTEP-RES0220200051,2020-02-10,W2,과학기술정책 저널 발간을 통한 KISTEP 전문성 강화 연구,机构正式研究,,,https://www.kistep.re.kr/reportAllDetail.es?mid=a10305010000&rpt_no=RES0220200051&rpt_tp=831-004,官方目录元数据，附件未列入本批
科研体系、研发投入与评价,科技创新政策与能力基线,C-KISTEP-RES0220200053,2020-02-10,W2,한국형 국가기술혁신체계(NIS) 진단 및 구축방안 연구(I),机构正式研究,,,https://www.kistep.re.kr/reportAllDetail.es?mid=a10305010000&rpt_no=RES0220200053&rpt_tp=831-002,官方目录元数据，附件未列入本批
产业创新、创业与区域体系,科技创新政策与能力基线,C-KISTEP-RES0220200053,2020-02-10,W2,한국형 국가기술혁신체계(NIS) 진단 및 구축방안 연구(I),机构正式研究,,,https://www.kistep.re.kr/reportAllDetail.es?mid=a10305010000&rpt_no=RES0220200053&rpt_tp=831-002,官方目录元数据，附件未列入本批
科研体系、研发投入与评价,科技创新政策与能力基线,C-KISTEP-RES0220200054,2020-02-10,W2,2019년도 국가연구개발사업 상위평가 보고서(종료평가),机构正式研究,,,https://www.kistep.re.kr/reportAllDetail.es?mid=a10305010000&rpt_no=RES0220200054&rpt_tp=831-001,官方目录元数据，附件未列入本批
科研体系、研发投入与评价,科技创新政策与能力基线,C-KISTEP-RES0220200055,2020-02-10,W2,선도형 R&D에 적합한 R&D평가제도 개선방안 연구,机构正式研究,,,https://www.kistep.re.kr/reportAllDetail.es?mid=a10305010000&rpt_no=RES0220200055&rpt_tp=831-001,官方目录元数据，附件未列入本批
产业创新、创业与区域体系,科技创新政策与能力基线,C-KISTEP-RES0220200057,2020-02-10,W2,2019년 민간혁신스코어보드 구축 및 발간 연구,机构正式研究,,,https://www.kistep.re.kr/reportAllDetail.es?mid=a10305010000&rpt_no=RES0220200057&rpt_tp=831-002,官方目录元数据，附件未列入本批
科技前瞻与未来社会,科技创新政策与能力基线,C-KISTEP-RES0220200058,2020-02-10,W2,제6회 과학기술예측조사를 위한 사전기획 연구,机构正式研究,,,https://www.kistep.re.kr/reportAllDetail.es?mid=a10305010000&rpt_no=RES0220200058&rpt_tp=831-006,官方目录元数据，附件未列入本批
科研体系、研发投入与评价,科技创新政策与能力基线,C-KISTEP-RES0220200062,2020-02-10,W2,국방R&D 진단과 한국형 DARPA 추진방안 연구 (I),机构正式研究,,,https://www.kistep.re.kr/reportAllDetail.es?mid=a10305010000&rpt_no=RES0220200062&rpt_tp=831-002,官方目录元数据，附件未列入本批
产业创新、创业与区域体系,科技创新政策与能力基线,C-KISTEP-RES0220200062,2020-02-10,W2,국방R&D 진단과 한국형 DARPA 추진방안 연구 (I),机构正式研究,,,https://www.kistep.re.kr/reportAllDetail.es?mid=a10305010000&rpt_no=RES0220200062&rpt_tp=831-002,官方目录元数据，附件未列入本批
科研体系、研发投入与评价,科技创新政策与能力基线,C-KISTEP-RES0220200063,2020-02-10,W2,연구개발투자의 파급효과와 성과평가체계 종합분석 연구(Ⅰ),机构正式研究,,,https://www.kistep.re.kr/reportAllDetail.es?mid=a10305010000&rpt_no=RES0220200063&rpt_tp=831-004,官方目录元数据，附件未列入本批
科研体系、研发投入与评价,科技创新政策与能力基线,C-KISTEP-RES0220200064,2020-02-10,W2,2019년도 과학기술정보통신부 직할 출연(연) 평가- 기관평가 및 평가제도개선에 관한 연구,机构正式研究,,,https://www.kistep.re.kr/reportAllDetail.es?mid=a10305010000&rpt_no=RES0220200064&rpt_tp=831-001,官方目录元数据，附件未列入本批
科研体系、研发投入与评价,科技创新政策与能力基线,C-KISTEP-RES0220200048,2020-02-11,W2,2020년 국가 과학기술혁신역량평가 연구,机构正式研究,,,https://www.kistep.re.kr/reportAllDetail.es?mid=a10305010000&rpt_no=RES0220200048&rpt_tp=831-001,官方目录元数据，附件未列入本批
产业创新、创业与区域体系,科技创新政策与能力基线,C-KISTEP-RES0220200048,2020-02-11,W2,2020년 국가 과학기술혁신역량평가 연구,机构正式研究,,,https://www.kistep.re.kr/reportAllDetail.es?mid=a10305010000&rpt_no=RES0220200048&rpt_tp=831-001,官方目录元数据，附件未列入本批
科研体系、研发投入与评价,科技创新政策与能力基线,C-KISTEP-RES0220200052,2020-02-11,W2,국가연구개발 성과 관리·활용체계 고도화 방안 연구,机构正式研究,,,https://www.kistep.re.kr/reportAllDetail.es?mid=a10305010000&rpt_no=RES0220200052&rpt_tp=831-004,官方目录元数据，附件未列入本批
科研体系、研发投入与评价,科技创新政策与能力基线,C-KISTEP-PRG0720210020,2020-02-14,W2,과기정통부 기관평가 제도 개편에 따른 평가 적용 방안 연구,机构正式研究,,,https://www.kistep.re.kr/reportAllDetail.es?mid=a10305010000&rpt_no=PRG0720210020&rpt_tp=831-007,官方目录元数据，附件未列入本批
科技人才、大学与知识流动,科技创新政策与能力基线,C-KISTEP-RES0220200061,2020-02-14,W2,고령사회의 과기인력 확보 방안 연구: 잠재인력의 활용을 중심으로,机构正式研究,,,https://www.kistep.re.kr/reportAllDetail.es?mid=a10305010000&rpt_no=RES0220200061&rpt_tp=831-002,官方目录元数据，附件未列入本批
科研体系、研发投入与评价,科技创新政策与能力基线,C-KISTEP-RES0220200067,2020-02-14,W2,2019년도 예비타당성조사 요구 국가연구개발사업 예타 대상선정(기술성평가),机构正式研究,,,https://www.kistep.re.kr/reportAllDetail.es?mid=a10305010000&rpt_no=RES0220200067&rpt_tp=831-001,官方目录元数据，附件未列入本批
科研体系、研发投入与评价,科技创新政策与能力基线,C-KISTEP-RES0220200068,2020-02-14,W2,2018년도 국가연구개발사업 성과분석,机构正式研究,,,https://www.kistep.re.kr/reportAllDetail.es?mid=a10305010000&rpt_no=RES0220200068&rpt_tp=831-001,官方目录元数据，附件未列入本批
产业创新、创业与区域体系,科技创新政策与能力基线,C-KISTEP-RES0220200070,2020-02-14,W2,과학기술혁신정책 핵심이슈 발굴 및 인텔리전스 기능 강화 연구,机构正式研究,,,https://www.kistep.re.kr/reportAllDetail.es?mid=a10305010000&rpt_no=RES0220200070&rpt_tp=831-002,官方目录元数据，附件未列入本批
科研体系、研发投入与评价,科技创新政策与能力基线,C-KISTEP-RES0220200071,2020-02-14,W2,과학기술기획 및 혁신정책 활용도 제고를 위한 KISTEP 미래예측 역할 재정립 연구,机构正式研究,,,https://www.kistep.re.kr/reportAllDetail.es?mid=a10305010000&rpt_no=RES0220200071&rpt_tp=831-006,官方目录元数据，附件未列入本批
产业创新、创业与区域体系,科技创新政策与能力基线,C-KISTEP-RES0220200071,2020-02-14,W2,과학기술기획 및 혁신정책 활용도 제고를 위한 KISTEP 미래예측 역할 재정립 연구,机构正式研究,,,https://www.kistep.re.kr/reportAllDetail.es?mid=a10305010000&rpt_no=RES0220200071&rpt_tp=831-006,官方目录元数据，附件未列入本批
科技前瞻与未来社会,科技创新政策与能力基线,C-KISTEP-RES0220200071,2020-02-14,W2,과학기술기획 및 혁신정책 활용도 제고를 위한 KISTEP 미래예측 역할 재정립 연구,机构正式研究,,,https://www.kistep.re.kr/reportAllDetail.es?mid=a10305010000&rpt_no=RES0220200071&rpt_tp=831-006,官方目录元数据，附件未列入本批
产业创新、创业与区域体系,科技创新政策与能力基线,C-KISTEP-RES0220200076,2020-02-18,W2,2019년도 혁신성장동력 실증기획지원사업,机构正式研究,,,https://www.kistep.re.kr/reportAllDetail.es?mid=a10305010000&rpt_no=RES0220200076&rpt_tp=831-002,官方目录元数据，附件未列入本批
科研体系、研发投入与评价,科技创新政策与能力基线,C-KISTEP-RES0220200066,2020-02-19,W2,정부 R&D 투자전략 수립 연구: 소재·부품·장비 분야 중심으로,机构正式研究,,,https://www.kistep.re.kr/reportAllDetail.es?mid=a10305010000&rpt_no=RES0220200066&rpt_tp=831-005,官方目录元数据，附件未列入本批
科研体系、研发投入与评价,科技创新政策与能力基线,C-KISTEP-RES0220200077,2020-02-19,W2,2019년 국가연구개발 성과평가 정책 수립 및 평가 실시,机构正式研究,,,https://www.kistep.re.kr/reportAllDetail.es?mid=a10305010000&rpt_no=RES0220200077&rpt_tp=831-001,官方目录元数据，附件未列入本批
科技人才、大学与知识流动,科技创新政策与能力基线,C-KISTEP-RES0220200073,2020-02-20,W2,2019년 과학기술인력(HRST) 스코어보드,机构正式研究,,,https://www.kistep.re.kr/reportAllDetail.es?mid=a10305010000&rpt_no=RES0220200073&rpt_tp=831-002,官方目录元数据，附件未列入本批
科技创新政策与研究体系,科技创新政策与能力基线,C-KISTEP-RES0220200060,2020-02-24,W2,제2차 과학기술기반 국민생활(사회)문제해결 종합계획의 추진과제 이행 및 사회문제해결 기반 고도화 연구,机构正式研究,,,https://www.kistep.re.kr/reportAllDetail.es?mid=a10305010000&rpt_no=RES0220200060&rpt_tp=831-002,官方目录元数据，附件未列入本批
科研体系、研发投入与评价,科技创新政策与能力基线,C-KISTEP-RES0220200089,2020-02-24,W2,2019년 지방과학기술통계 조사,机构正式研究,,,https://www.kistep.re.kr/reportAllDetail.es?mid=a10305010000&rpt_no=RES0220200089&rpt_tp=831-002,官方目录元数据，附件未列入本批
产业创新、创业与区域体系,科技创新政策与能力基线,C-KISTEP-RES0220200089,2020-02-24,W2,2019년 지방과학기술통계 조사,机构正式研究,,,https://www.kistep.re.kr/reportAllDetail.es?mid=a10305010000&rpt_no=RES0220200089&rpt_tp=831-002,官方目录元数据，附件未列入本批
科技前瞻与未来社会,科技创新政策与能力基线,C-KISTEP-RES0220200012,2020-02-27,W2,2020년 KISTEP 미래유망기술 선정에 관한 연구,机构正式研究,,,https://www.kistep.re.kr/reportAllDetail.es?mid=a10305010000&rpt_no=RES0220200012&rpt_tp=831-006,官方目录元数据，附件未列入本批
科研体系、研发投入与评价,科技创新政策与能力基线,C-KISTEP-RES0220200094,2020-02-27,W2,2019년도 예비타당성조사 보고서 제조장비시스템 스마트 이노베이션 기술개발사업,机构正式研究,,,https://www.kistep.re.kr/reportAllDetail.es?mid=a10305010000&rpt_no=RES0220200094&rpt_tp=831-003,官方目录元数据，附件未列入本批
产业创新、创业与区域体系,科技创新政策与能力基线,C-KISTEP-RES0220200094,2020-02-27,W2,2019년도 예비타당성조사 보고서 제조장비시스템 스마트 이노베이션 기술개발사업,机构正式研究,,,https://www.kistep.re.kr/reportAllDetail.es?mid=a10305010000&rpt_no=RES0220200094&rpt_tp=831-003,官方目录元数据，附件未列入本批
能源、气候与绿色转型,科技创新政策与能力基线,C-KISTEP-RES0220200096,2020-02-27,W2,2019년도 예비타당성조사 보고서 차세대 쇄빙연구선 건조사업,机构正式研究,,,https://www.kistep.re.kr/reportAllDetail.es?mid=a10305010000&rpt_no=RES0220200096&rpt_tp=831-003,官方目录元数据，附件未列入本批
科研体系、研发投入与评价,科技创新政策与能力基线,C-KISTEP-RES0220200096,2020-02-27,W2,2019년도 예비타당성조사 보고서 차세대 쇄빙연구선 건조사업,机构正式研究,,,https://www.kistep.re.kr/reportAllDetail.es?mid=a10305010000&rpt_no=RES0220200096&rpt_tp=831-003,官方目录元数据，附件未列入本批
科研体系、研发投入与评价,科技创新政策与能力基线,C-KISTEP-RES0220200097,2020-02-27,W2,2019년도 예비타당성조사 보고서 환경성질환 예방관리 핵심 기술개발사업,机构正式研究,,,https://www.kistep.re.kr/reportAllDetail.es?mid=a10305010000&rpt_no=RES0220200097&rpt_tp=831-002,官方目录元数据，附件未列入本批
科研体系、研发投入与评价,科技创新政策与能力基线,C-KISTEP-RES0220200103,2020-02-27,W2,농림식품 R&D 전략분야 도출 및 투자 우선순위 설정에 관한 연구,机构正式研究,,,https://www.kistep.re.kr/reportAllDetail.es?mid=a10305010000&rpt_no=RES0220200103&rpt_tp=831-005,官方目录元数据，附件未列入本批
科技创新政策与研究体系,科技创新政策与能力基线,C-KISTEP-PRG0720200040,2020-02-28,W2,이공계지원 특별법 개정 방안 연구,机构正式研究,,,https://www.kistep.re.kr/reportAllDetail.es?mid=a10305010000&rpt_no=PRG0720200040&rpt_tp=831-007,官方目录元数据，附件未列入本批
科研体系、研发投入与评价,科技创新政策与能力基线,C-KISTEP-RES0220200105,2020-02-28,W2,과학기술 정책 인큐베이팅 및 정책포럼 구성 운영,机构正式研究,,,https://www.kistep.re.kr/reportAllDetail.es?mid=a10305010000&rpt_no=RES0220200105&rpt_tp=831-002,官方目录元数据，附件未列入本批
科研体系、研发投入与评价,科技创新政策与能力基线,C-KISTEP-RES0220200106,2020-02-28,W2,2019년 국가과학기술표준분류체계의 개선 및 활용기반 구축,机构正式研究,,,https://www.kistep.re.kr/reportAllDetail.es?mid=a10305010000&rpt_no=RES0220200106&rpt_tp=831-006,官方目录元数据，附件未列入本批
科研体系、研发投入与评价,科技创新政策与能力基线,C-KISTEP-RES0220200108,2020-03-03,W2,국가연구개발사업 간접비 산출 및 제도 운영에 관한 연구,机构正式研究,,,https://www.kistep.re.kr/reportAllDetail.es?mid=a10305010000&rpt_no=RES0220200108&rpt_tp=831-001,官方目录元数据，附件未列入本批
科研体系、研发投入与评价,科技创新政策与能力基线,C-KISTEP-RES0220200109,2020-03-03,W2,2019년도 과학기술분야 출연연구기관 상위평가 보고서,机构正式研究,,,https://www.kistep.re.kr/reportAllDetail.es?mid=a10305010000&rpt_no=RES0220200109&rpt_tp=831-001,官方目录元数据，附件未列入本批
科研体系、研发投入与评价,科技创新政策与能力基线,C-KISTEP-RES0220200110,2020-03-03,W2,연구현장중심의 국가연구개발사업 제도개선에 관한 연구,机构正式研究,,,https://www.kistep.re.kr/reportAllDetail.es?mid=a10305010000&rpt_no=RES0220200110&rpt_tp=831-002,官方目录元数据，附件未列入本批
技术安全、供应链与国际合作,科技创新政策与能力基线,C-KISTEP-RES0220200110,2020-03-03,W2,연구현장중심의 국가연구개발사업 제도개선에 관한 연구,机构正式研究,,,https://www.kistep.re.kr/reportAllDetail.es?mid=a10305010000&rpt_no=RES0220200110&rpt_tp=831-002,官方目录元数据，附件未列入本批
科技人才、大学与知识流动,科技创新政策与能力基线,C-KISTEP-RES0220200113,2020-03-05,W2,미래인재특별위원회 운영 지원,机构正式研究,,,https://www.kistep.re.kr/reportAllDetail.es?mid=a10305010000&rpt_no=RES0220200113&rpt_tp=831-002,官方目录元数据，附件未列入本批
产业创新、创业与区域体系,科技创新政策与能力基线,C-KISTEP-RES0220200113,2020-03-05,W2,미래인재특별위원회 운영 지원,机构正式研究,,,https://www.kistep.re.kr/reportAllDetail.es?mid=a10305010000&rpt_no=RES0220200113&rpt_tp=831-002,官方目录元数据，附件未列入本批
科技前瞻与未来社会,科技创新政策与能力基线,C-KISTEP-RES0220200113,2020-03-05,W2,미래인재특별위원회 운영 지원,机构正式研究,,,https://www.kistep.re.kr/reportAllDetail.es?mid=a10305010000&rpt_no=RES0220200113&rpt_tp=831-002,官方目录元数据，附件未列入本批
科研体系、研发投入与评价,科技创新政策与能力基线,C-KISTEP-RES0220200114,2020-03-06,W2,2019년도 혁신성장동력 기획·관리 및 운영,机构正式研究,,,https://www.kistep.re.kr/reportAllDetail.es?mid=a10305010000&rpt_no=RES0220200114&rpt_tp=831-002,官方目录元数据，附件未列入本批
产业创新、创业与区域体系,科技创新政策与能力基线,C-KISTEP-RES0220200114,2020-03-06,W2,2019년도 혁신성장동력 기획·관리 및 운영,机构正式研究,,,https://www.kistep.re.kr/reportAllDetail.es?mid=a10305010000&rpt_no=RES0220200114&rpt_tp=831-002,官方目录元数据，附件未列入本批
科技创新政策与研究体系,科技创新政策与能力基线,C-KISTEP-RES0220200025,2020-03-09,W2,2019년 다부처협력특위 운영,机构正式研究,,,https://www.kistep.re.kr/reportAllDetail.es?mid=a10305010000&rpt_no=RES0220200025&rpt_tp=831-002,官方目录元数据，附件未列入本批
科技创新政策与研究体系,科技创新政策与能力基线,C-KISTEP-RES0220200127,2020-03-09,W2,국가과학기술표준분류체계와 유관기술분류체계 연계 기반 구축,机构正式研究,,,https://www.kistep.re.kr/reportAllDetail.es?mid=a10305010000&rpt_no=RES0220200127&rpt_tp=831-006,官方目录元数据，附件未列入本批
产业创新、创业与区域体系,科技创新政策与能力基线,C-KISTEP-RES0220200126,2020-03-11,W2,지방과학기술진흥협의회 운영 효율화,机构正式研究,,,https://www.kistep.re.kr/reportAllDetail.es?mid=a10305010000&rpt_no=RES0220200126&rpt_tp=831-002,官方目录元数据，附件未列入本批
科研体系、研发投入与评价,科技创新政策与能力基线,C-KISTEP-RES0220200128,2020-03-11,W2,국가연구개발 통합 법제 연구,机构正式研究,,,https://www.kistep.re.kr/reportAllDetail.es?mid=a10305010000&rpt_no=RES0220200128&rpt_tp=831-002,官方目录元数据，附件未列入本批
科研体系、研发投入与评价,科技创新政策与能力基线,C-KISTEP-RES0220200131,2020-03-11,W2,연구관리전문기관 체계 개선방안 연구,机构正式研究,,,https://www.kistep.re.kr/reportAllDetail.es?mid=a10305010000&rpt_no=RES0220200131&rpt_tp=831-001,官方目录元数据，附件未列入本批
科研体系、研发投入与评价,科技创新政策与能力基线,C-KISTEP-RES0220200129,2020-03-13,W2,2019년 과학기술정책 Scoreboard,机构正式研究,,,https://www.kistep.re.kr/reportAllDetail.es?mid=a10305010000&rpt_no=RES0220200129&rpt_tp=831-002,官方目录元数据，附件未列入本批
产业创新、创业与区域体系,科技创新政策与能力基线,C-KISTEP-RES0220200129,2020-03-13,W2,2019년 과학기술정책 Scoreboard,机构正式研究,,,https://www.kistep.re.kr/reportAllDetail.es?mid=a10305010000&rpt_no=RES0220200129&rpt_tp=831-002,官方目录元数据，附件未列入本批
科技创新政策与研究体系,科技创新政策与能力基线,C-KISTEP-RES0220200132,2020-03-13,W2,2019년 산학연협력 스코어보드,机构正式研究,,,https://www.kistep.re.kr/reportAllDetail.es?mid=a10305010000&rpt_no=RES0220200132&rpt_tp=831-002,官方目录元数据，附件未列入本批
科研体系、研发投入与评价,科技创新政策与能力基线,C-KISTEP-RES0220200065,2020-03-16,W2,국가연구개발(R&D) 연구윤리 재정립 및 제도개선에 관한 연구,机构正式研究,,,https://www.kistep.re.kr/reportAllDetail.es?mid=a10305010000&rpt_no=RES0220200065&rpt_tp=831-002,官方目录元数据，附件未列入本批
科技创新政策与研究体系,科技创新政策与能力基线,C-KISTEP-RES0220200134,2020-03-16,W2,2019년 국가 과학기술 현황 종합 인식조사에 대한 연구,机构正式研究,,,https://www.kistep.re.kr/reportAllDetail.es?mid=a10305010000&rpt_no=RES0220200134&rpt_tp=831-002,官方目录元数据，附件未列入本批
产业创新、创业与区域体系,科技创新政策与能力基线,C-KISTEP-RES0220200135,2020-03-18,W2,국가과학기술자문회의 심의회의 과학기술분야 종합조정기능 강화 방안,机构正式研究,,,https://www.kistep.re.kr/reportAllDetail.es?mid=a10305010000&rpt_no=RES0220200135&rpt_tp=831-002,官方目录元数据，附件未列入本批
科研体系、研发投入与评价,科技创新政策与能力基线,C-KISTEP-RES0220200136,2020-03-23,W2,2019년 지역 R&D체계 발전 방향에 관한 연구,机构正式研究,,,https://www.kistep.re.kr/reportAllDetail.es?mid=a10305010000&rpt_no=RES0220200136&rpt_tp=831-001,官方目录元数据，附件未列入本批
产业创新、创业与区域体系,科技创新政策与能力基线,C-KISTEP-RES0220200136,2020-03-23,W2,2019년 지역 R&D체계 발전 방향에 관한 연구,机构正式研究,,,https://www.kistep.re.kr/reportAllDetail.es?mid=a10305010000&rpt_no=RES0220200136&rpt_tp=831-001,官方目录元数据，附件未列入本批
科研体系、研发投入与评价,科技创新政策与能力基线,C-KISTEP-RES0220200138,2020-03-23,W2,범부처 R&D 관리 규정·지침 표준화 방안 마련,机构正式研究,,,https://www.kistep.re.kr/reportAllDetail.es?mid=a10305010000&rpt_no=RES0220200138&rpt_tp=831-001,官方目录元数据，附件未列入本批
科研体系、研发投入与评价,科技创新政策与能力基线,C-KISTEP-RES0220200140,2020-03-24,W2,2019년 기초연구진흥협의회 운영 지원,机构正式研究,,,https://www.kistep.re.kr/reportAllDetail.es?mid=a10305010000&rpt_no=RES0220200140&rpt_tp=831-002,官方目录元数据，附件未列入本批
科研体系、研发投入与评价,科技创新政策与能力基线,C-KISTEP-RES0220200139,2020-03-26,W2,혁신성장동력 전주기 관리체계 고도화 연구,机构正式研究,,,https://www.kistep.re.kr/reportAllDetail.es?mid=a10305010000&rpt_no=RES0220200139&rpt_tp=831-002,官方目录元数据，附件未列入本批
产业创新、创业与区域体系,科技创新政策与能力基线,C-KISTEP-RES0220200139,2020-03-26,W2,혁신성장동력 전주기 관리체계 고도화 연구,机构正式研究,,,https://www.kistep.re.kr/reportAllDetail.es?mid=a10305010000&rpt_no=RES0220200139&rpt_tp=831-002,官方目录元数据，附件未列入本批
科技人才、大学与知识流动,科技创新政策与能力基线,C-KISTEP-RES0220200141,2020-03-26,W2,이공계 인력의 국내외 유출입 수지와 실태,机构正式研究,,,https://www.kistep.re.kr/reportAllDetail.es?mid=a10305010000&rpt_no=RES0220200141&rpt_tp=831-002,官方目录元数据，附件未列入本批
产业创新、创业与区域体系,科技创新政策与能力基线,C-KISTEP-RES0220200146,2020-03-30,W2,과학기술기본계획 시행계획 수립 및 국가R&D 혁신 실행력 제고 연구,机构正式研究,,,https://www.kistep.re.kr/reportAllDetail.es?mid=a10305010000&rpt_no=RES0220200146&rpt_tp=831-002,官方目录元数据，附件未列入本批
产业创新、创业与区域体系,科技创新政策与能力基线,C-KISTEP-RES0220200148,2020-03-31,W2,LA 공기질 관리 시스템 및 국내 이슈 분석을 통한 미세먼지 문제 해결 시스템 혁신 방향 연구,机构正式研究,,,https://www.kistep.re.kr/reportAllDetail.es?mid=a10305010000&rpt_no=RES0220200148&rpt_tp=831-002,官方目录元数据，附件未列入本批
科技创新政策与研究体系,科技创新政策与能力基线,C-KISTEP-RES0220200121,2020-04-02,W2,2019년도 다부처공동기획 활성화 기반 연구,机构正式研究,,,https://www.kistep.re.kr/reportAllDetail.es?mid=a10305010000&rpt_no=RES0220200121&rpt_tp=831-002,官方目录元数据，附件未列入本批
产业创新、创业与区域体系,科技创新政策与能力基线,C-KISTEP-RES0220200150,2020-04-02,W2,한·중 연구소기업 창업 생태계 연구,机构正式研究,,,https://www.kistep.re.kr/reportAllDetail.es?mid=a10305010000&rpt_no=RES0220200150&rpt_tp=831-002,官方目录元数据，附件未列入本批
科研体系、研发投入与评价,科技创新政策与能力基线,C-KISTEP-RES0220200151,2020-04-02,W2,연구개발서비스 수요와 공급 간의 상호작용 분석을 통한 혁신정책 방안 도출 연구,机构正式研究,,,https://www.kistep.re.kr/reportAllDetail.es?mid=a10305010000&rpt_no=RES0220200151&rpt_tp=831-002,官方目录元数据，附件未列入本批
产业创新、创业与区域体系,科技创新政策与能力基线,C-KISTEP-RES0220200151,2020-04-02,W2,연구개발서비스 수요와 공급 간의 상호작용 분석을 통한 혁신정책 방안 도출 연구,机构正式研究,,,https://www.kistep.re.kr/reportAllDetail.es?mid=a10305010000&rpt_no=RES0220200151&rpt_tp=831-002,官方目录元数据，附件未列入本批
科研体系、研发投入与评价,科技创新政策与能力基线,C-KISTEP-RES0220200154,2020-04-02,W2,정부 중소기업 R&D 지원의 효과성 분석 연구: 기업 TFP 측정을 중심으로,机构正式研究,,,https://www.kistep.re.kr/reportAllDetail.es?mid=a10305010000&rpt_no=RES0220200154&rpt_tp=831-005,官方目录元数据，附件未列入本批
产业创新、创业与区域体系,科技创新政策与能力基线,C-KISTEP-RES0220200154,2020-04-02,W2,정부 중소기업 R&D 지원의 효과성 분석 연구: 기업 TFP 측정을 중심으로,机构正式研究,,,https://www.kistep.re.kr/reportAllDetail.es?mid=a10305010000&rpt_no=RES0220200154&rpt_tp=831-005,官方目录元数据，附件未列入本批
科技前瞻与未来社会,科技创新政策与能力基线,C-KISTEP-RES0220200144,2020-04-07,W2,소비자 선호분석에 기반한 공유경제시대의 교통수단 이용행태 변화 및 사회경제적 파급효과 예측 연구,机构正式研究,,,https://www.kistep.re.kr/reportAllDetail.es?mid=a10305010000&rpt_no=RES0220200144&rpt_tp=831-002,官方目录元数据，附件未列入本批
科研体系、研发投入与评价,科技创新政策与能力基线,C-KISTEP-RES0220200155,2020-04-08,W2,지방분권형 지역 R&D 혁신역량 강화방안 연구,机构正式研究,,,https://www.kistep.re.kr/reportAllDetail.es?mid=a10305010000&rpt_no=RES0220200155&rpt_tp=831-002,官方目录元数据，附件未列入本批
产业创新、创业与区域体系,科技创新政策与能力基线,C-KISTEP-RES0220200155,2020-04-08,W2,지방분권형 지역 R&D 혁신역량 강화방안 연구,机构正式研究,,,https://www.kistep.re.kr/reportAllDetail.es?mid=a10305010000&rpt_no=RES0220200155&rpt_tp=831-002,官方目录元数据，附件未列入本批
科技创新政策与研究体系,科技创新政策与能力基线,C-KISTEP-RES0220200157,2020-04-08,W2,과학기술관계장관회의의 효율적 정착 및 발전방안,机构正式研究,,,https://www.kistep.re.kr/reportAllDetail.es?mid=a10305010000&rpt_no=RES0220200157&rpt_tp=831-002,官方目录元数据，附件未列入本批
科研体系、研发投入与评价,科技创新政策与能力基线,C-KISTEP-RES0220200161,2020-04-20,W2,"국가 R&D 혁신정책 아젠다 발굴,대응 활성화를 위한 전문가 포럼 구성,운영",机构正式研究,,,https://www.kistep.re.kr/reportAllDetail.es?mid=a10305010000&rpt_no=RES0220200161&rpt_tp=831-002,官方目录元数据，附件未列入本批
产业创新、创业与区域体系,科技创新政策与能力基线,C-KISTEP-RES0220200161,2020-04-20,W2,"국가 R&D 혁신정책 아젠다 발굴,대응 활성화를 위한 전문가 포럼 구성,운영",机构正式研究,,,https://www.kistep.re.kr/reportAllDetail.es?mid=a10305010000&rpt_no=RES0220200161&rpt_tp=831-002,官方目录元数据，附件未列入本批
科研体系、研发投入与评价,科技创新政策与能力基线,C-KISTEP-RES0220200160,2020-04-22,W2,2019년도 연구개발지원단 육성지원사업,机构正式研究,,,https://www.kistep.re.kr/reportAllDetail.es?mid=a10305010000&rpt_no=RES0220200160&rpt_tp=831-002,官方目录元数据，附件未列入本批
产业创新、创业与区域体系,科技创新政策与能力基线,C-KISTEP-RES0220200160,2020-04-22,W2,2019년도 연구개발지원단 육성지원사업,机构正式研究,,,https://www.kistep.re.kr/reportAllDetail.es?mid=a10305010000&rpt_no=RES0220200160&rpt_tp=831-002,官方目录元数据，附件未列入本批
科研体系、研发投入与评价,科技创新政策与能力基线,C-KISTEP-RES0220200162,2020-04-28,W2,2020년도 정부연구개발예산 현황분석,机构正式研究,,,https://www.kistep.re.kr/reportAllDetail.es?mid=a10305010000&rpt_no=RES0220200162&rpt_tp=831-005,官方目录元数据，附件未列入本批
科研体系、研发投入与评价,科技创新政策与能力基线,C-KISTEP-RES0220200163,2020-05-13,W2,연구지원시스템 통합 구축을 위한 업무재설계(BPR) 및 정보화전략계획(ISP) 수립,机构正式研究,,,https://www.kistep.re.kr/reportAllDetail.es?mid=a10305010000&rpt_no=RES0220200163&rpt_tp=831-002,官方目录元数据，附件未列入本批
科技人才、大学与知识流动,科技创新政策与能力基线,C-KISTEP-RES0220200163,2020-05-13,W2,연구지원시스템 통합 구축을 위한 업무재설계(BPR) 및 정보화전략계획(ISP) 수립,机构正式研究,,,https://www.kistep.re.kr/reportAllDetail.es?mid=a10305010000&rpt_no=RES0220200163&rpt_tp=831-002,官方目录元数据，附件未列入本批
科研体系、研发投入与评价,科技创新政策与能力基线,C-KISTEP-RES0220200164,2020-05-20,W2,2019년도 과학기술정보통신부 직할 출연(연) 및 국가과학기술연구회 기관평가,机构正式研究,,,https://www.kistep.re.kr/reportAllDetail.es?mid=a10305010000&rpt_no=RES0220200164&rpt_tp=831-001,官方目录元数据，附件未列入本批
科技人才、大学与知识流动,科技创新政策与能力基线,C-KISTEP-PRG0720200041,2020-05-24,W2,지식재산을 활용한 과학기술 ODA 신규사업 발굴,机构正式研究,,,https://www.kistep.re.kr/reportAllDetail.es?mid=a10305010000&rpt_no=PRG0720200041&rpt_tp=831-007,官方目录元数据，附件未列入本批
科研体系、研发投入与评价,科技创新政策与能力基线,C-KISTEP-RES0220200166,2020-05-29,W2,분야별 이질성을 고려한 기초과학분야 정부R&D 투자의 생산성 분석 연구,机构正式研究,,,https://www.kistep.re.kr/reportAllDetail.es?mid=a10305010000&rpt_no=RES0220200166&rpt_tp=831-001,官方目录元数据，附件未列入本批
科研体系、研发投入与评价,科技创新政策与能力基线,C-KISTEP-RES0220200168,2020-06-09,W2,미션 중심 도전적 R&D 프로그램 기획 연구,机构正式研究,,,https://www.kistep.re.kr/reportAllDetail.es?mid=a10305010000&rpt_no=RES0220200168&rpt_tp=831-002,官方目录元数据，附件未列入本批
产业创新、创业与区域体系,科技创新政策与能力基线,C-KISTEP-RES0220200168,2020-06-09,W2,미션 중심 도전적 R&D 프로그램 기획 연구,机构正式研究,,,https://www.kistep.re.kr/reportAllDetail.es?mid=a10305010000&rpt_no=RES0220200168&rpt_tp=831-002,官方目录元数据，附件未列入本批
人工智能、数据与数字技术,核心科技直接材料,C-KISTEP-RES0220200170,2020-06-23,W2,2019년도 예비타당성조사 보고서 6G 핵심기술개발사업,机构正式研究,,,https://www.kistep.re.kr/reportAllDetail.es?mid=a10305010000&rpt_no=RES0220200170&rpt_tp=831-003,官方目录元数据，附件未列入本批
科研体系、研发投入与评价,核心科技直接材料,C-KISTEP-RES0220200170,2020-06-23,W2,2019년도 예비타당성조사 보고서 6G 핵심기술개발사업,机构正式研究,,,https://www.kistep.re.kr/reportAllDetail.es?mid=a10305010000&rpt_no=RES0220200170&rpt_tp=831-003,官方目录元数据，附件未列入本批
航天、核能与大型技术系统,核心科技直接材料,C-KISTEP-RES0220200171,2020-06-25,W2,2019년도 에비타당성조사 보고서 스페이스 파이오니어사업,机构正式研究,,,https://www.kistep.re.kr/reportAllDetail.es?mid=a10305010000&rpt_no=RES0220200171&rpt_tp=831-003,官方目录元数据，附件未列入本批
科研体系、研发投入与评价,科技创新政策与能力基线,C-KISTEP-RES0220200172,2020-06-25,W2,2019년도 예비타당성조사 보고서 농생명소재산업화기술 개발사업,机构正式研究,,,https://www.kistep.re.kr/reportAllDetail.es?mid=a10305010000&rpt_no=RES0220200172&rpt_tp=831-003,官方目录元数据，附件未列入本批
产业创新、创业与区域体系,科技创新政策与能力基线,C-KISTEP-RES0220200172,2020-06-25,W2,2019년도 예비타당성조사 보고서 농생명소재산업화기술 개발사업,机构正式研究,,,https://www.kistep.re.kr/reportAllDetail.es?mid=a10305010000&rpt_no=RES0220200172&rpt_tp=831-003,官方目录元数据，附件未列入本批
科研体系、研发投入与评价,核心科技直接材料,C-KISTEP-RES0220200173,2020-06-25,W2,2019년도 예비타당성조사 보고서 자율주행 기술개발 혁신사업,机构正式研究,,,https://www.kistep.re.kr/reportAllDetail.es?mid=a10305010000&rpt_no=RES0220200173&rpt_tp=831-003,官方目录元数据，附件未列入本批
产业创新、创业与区域体系,核心科技直接材料,C-KISTEP-RES0220200173,2020-06-25,W2,2019년도 예비타당성조사 보고서 자율주행 기술개발 혁신사업,机构正式研究,,,https://www.kistep.re.kr/reportAllDetail.es?mid=a10305010000&rpt_no=RES0220200173&rpt_tp=831-003,官方目录元数据，附件未列入本批
科研体系、研发投入与评价,科技创新政策与能力基线,C-KISTEP-RES0220200175,2020-06-25,W2,2019년도 예비타당서조사 보고서 지역특화작목 육성 및 활성화 사업,机构正式研究,,,https://www.kistep.re.kr/reportAllDetail.es?mid=a10305010000&rpt_no=RES0220200175&rpt_tp=831-003,官方目录元数据，附件未列入本批
产业创新、创业与区域体系,科技创新政策与能力基线,C-KISTEP-RES0220200175,2020-06-25,W2,2019년도 예비타당서조사 보고서 지역특화작목 육성 및 활성화 사업,机构正式研究,,,https://www.kistep.re.kr/reportAllDetail.es?mid=a10305010000&rpt_no=RES0220200175&rpt_tp=831-003,官方目录元数据，附件未列入本批
科研体系、研发投入与评价,科技创新政策与能力基线,C-KISTEP-RES0220200176,2020-07-01,W2,지역수요맞춤형 R&D지원사업 기획․관리․평가,机构正式研究,,,https://www.kistep.re.kr/reportAllDetail.es?mid=a10305010000&rpt_no=RES0220200176&rpt_tp=831-002,官方目录元数据，附件未列入本批
产业创新、创业与区域体系,科技创新政策与能力基线,C-KISTEP-RES0220200176,2020-07-01,W2,지역수요맞춤형 R&D지원사업 기획․관리․평가,机构正式研究,,,https://www.kistep.re.kr/reportAllDetail.es?mid=a10305010000&rpt_no=RES0220200176&rpt_tp=831-002,官方目录元数据，附件未列入本批
科研体系、研发投入与评价,核心科技直接材料,C-KISTEP-RES0220200177,2020-08-03,W2,2019년도 2차 국가연구개발사업 특정평가,机构正式研究,,,https://www.kistep.re.kr/reportAllDetail.es?mid=a10305010000&rpt_no=RES0220200177&rpt_tp=831-001,官方目录元数据，附件未列入本批
航天、核能与大型技术系统,核心科技直接材料,C-KISTEP-RES0220200177,2020-08-03,W2,2019년도 2차 국가연구개발사업 특정평가,机构正式研究,,,https://www.kistep.re.kr/reportAllDetail.es?mid=a10305010000&rpt_no=RES0220200177&rpt_tp=831-001,官方目录元数据，附件未列入本批
产业创新、创业与区域体系,科技创新政策与能力基线,C-KISTEP-RES0220200178,2020-08-03,W2,과학벨트 중장기 사업추진 마스터플랜 수립,机构正式研究,,,https://www.kistep.re.kr/reportAllDetail.es?mid=a10305010000&rpt_no=RES0220200178&rpt_tp=831-002,官方目录元数据，附件未列入本批
科研体系、研发投入与评价,科技创新政策与能力基线,C-KISTEP-RES0220200181,2020-08-20,W2,2019년도 예비타당성조사 보고서 국가신약개발사업,机构正式研究,,,https://www.kistep.re.kr/reportAllDetail.es?mid=a10305010000&rpt_no=RES0220200181&rpt_tp=831-003,官方目录元数据，附件未列入本批
产业创新、创业与区域体系,科技创新政策与能力基线,C-KISTEP-RES0220200181,2020-08-20,W2,2019년도 예비타당성조사 보고서 국가신약개발사업,机构正式研究,,,https://www.kistep.re.kr/reportAllDetail.es?mid=a10305010000&rpt_no=RES0220200181&rpt_tp=831-003,官方目录元数据，附件未列入本批
科研体系、研发投入与评价,科技创新政策与能力基线,C-KISTEP-RES0220200183,2020-08-20,W2,2019년도 예비타당성조사 보고서 철강산업 재도약 기술개발사업,机构正式研究,,,https://www.kistep.re.kr/reportAllDetail.es?mid=a10305010000&rpt_no=RES0220200183&rpt_tp=831-003,官方目录元数据，附件未列入本批
产业创新、创业与区域体系,科技创新政策与能力基线,C-KISTEP-RES0220200183,2020-08-20,W2,2019년도 예비타당성조사 보고서 철강산업 재도약 기술개발사업,机构正式研究,,,https://www.kistep.re.kr/reportAllDetail.es?mid=a10305010000&rpt_no=RES0220200183&rpt_tp=831-003,官方目录元数据，附件未列入本批
科研体系、研发投入与评价,科技创新政策与能力基线,C-KISTEP-RES0220200184,2020-08-20,W2,2019년도 예비타당성조사 보고서 사용후핵연료 저장‧처분 안전성 확보를 위한 핵심기술개발 사업,机构正式研究,,,https://www.kistep.re.kr/reportAllDetail.es?mid=a10305010000&rpt_no=RES0220200184&rpt_tp=831-003,官方目录元数据，附件未列入本批
科研体系、研发投入与评价,科技创新政策与能力基线,C-KISTEP-RES0220200179,2020-08-24,W2,2019년도 예비타당성조사 보고서 자원순환성 제고 폐기물 재활용 기술개발사업,机构正式研究,,,https://www.kistep.re.kr/reportAllDetail.es?mid=a10305010000&rpt_no=RES0220200179&rpt_tp=831-003,官方目录元数据，附件未列入本批
科研体系、研发投入与评价,核心科技直接材料,C-KISTEP-RES0220200180,2020-08-24,W2,2019년도 예비타당성조사 보고서 정지궤도 공공복합통신위성 개발사업,机构正式研究,,,https://www.kistep.re.kr/reportAllDetail.es?mid=a10305010000&rpt_no=RES0220200180&rpt_tp=831-003,官方目录元数据，附件未列入本批
航天、核能与大型技术系统,核心科技直接材料,C-KISTEP-RES0220200180,2020-08-24,W2,2019년도 예비타당성조사 보고서 정지궤도 공공복합통신위성 개발사업,机构正式研究,,,https://www.kistep.re.kr/reportAllDetail.es?mid=a10305010000&rpt_no=RES0220200180&rpt_tp=831-003,官方目录元数据，附件未列入本批
生命科学、生物技术与健康,核心科技直接材料,C-KISTEP-RES0220200185,2020-08-24,W2,2019년도 예비타당성조사 보고서 범부처 재생의료기술개발사업,机构正式研究,,,https://www.kistep.re.kr/reportAllDetail.es?mid=a10305010000&rpt_no=RES0220200185&rpt_tp=831-003,官方目录元数据，附件未列入本批
科研体系、研发投入与评价,核心科技直接材料,C-KISTEP-RES0220200185,2020-08-24,W2,2019년도 예비타당성조사 보고서 범부처 재생의료기술개발사업,机构正式研究,,,https://www.kistep.re.kr/reportAllDetail.es?mid=a10305010000&rpt_no=RES0220200185&rpt_tp=831-003,官方目录元数据，附件未列入本批
人工智能、数据与数字技术,核心科技直接材料,C-KISTEP-RES0220200187,2020-08-24,W2,2019년도 예비타당성조사 보고서 데이터경제를 위한 블록체인 기술개발사업,机构正式研究,,,https://www.kistep.re.kr/reportAllDetail.es?mid=a10305010000&rpt_no=RES0220200187&rpt_tp=831-003,官方目录元数据，附件未列入本批
科研体系、研发投入与评价,核心科技直接材料,C-KISTEP-RES0220200187,2020-08-24,W2,2019년도 예비타당성조사 보고서 데이터경제를 위한 블록체인 기술개발사업,机构正式研究,,,https://www.kistep.re.kr/reportAllDetail.es?mid=a10305010000&rpt_no=RES0220200187&rpt_tp=831-003,官方目录元数据，附件未列入本批
能源、气候与绿色转型,核心科技直接材料,C-KISTEP-RES0220200186,2020-08-25,W2,2019년도 예비타당성조사 보고서 원자력 안전규제 검증기술 고도화 사업,机构正式研究,,,https://www.kistep.re.kr/reportAllDetail.es?mid=a10305010000&rpt_no=RES0220200186&rpt_tp=831-003,官方目录元数据，附件未列入本批
科研体系、研发投入与评价,核心科技直接材料,C-KISTEP-RES0220200186,2020-08-25,W2,2019년도 예비타당성조사 보고서 원자력 안전규제 검증기술 고도화 사업,机构正式研究,,,https://www.kistep.re.kr/reportAllDetail.es?mid=a10305010000&rpt_no=RES0220200186&rpt_tp=831-003,官方目录元数据，附件未列入本批
技术安全、供应链与国际合作,核心科技直接材料,C-KISTEP-RES0220200186,2020-08-25,W2,2019년도 예비타당성조사 보고서 원자력 안전규제 검증기술 고도화 사업,机构正式研究,,,https://www.kistep.re.kr/reportAllDetail.es?mid=a10305010000&rpt_no=RES0220200186&rpt_tp=831-003,官方目录元数据，附件未列入本批
航天、核能与大型技术系统,核心科技直接材料,C-KISTEP-RES0220200186,2020-08-25,W2,2019년도 예비타당성조사 보고서 원자력 안전규제 검증기술 고도화 사업,机构正式研究,,,https://www.kistep.re.kr/reportAllDetail.es?mid=a10305010000&rpt_no=RES0220200186&rpt_tp=831-003,官方目录元数据，附件未列入本批
科研体系、研发投入与评价,科技创新政策与能力基线,C-KISTEP-RES0220200188,2020-08-25,W2,2019년도 예비타당성조사 보고서 고부가가치 융복합 물류 배송·인프라 혁신 기술개발사업,机构正式研究,,,https://www.kistep.re.kr/reportAllDetail.es?mid=a10305010000&rpt_no=RES0220200188&rpt_tp=831-003,官方目录元数据，附件未列入本批
产业创新、创业与区域体系,科技创新政策与能力基线,C-KISTEP-RES0220200188,2020-08-25,W2,2019년도 예비타당성조사 보고서 고부가가치 융복합 물류 배송·인프라 혁신 기술개발사업,机构正式研究,,,https://www.kistep.re.kr/reportAllDetail.es?mid=a10305010000&rpt_no=RES0220200188&rpt_tp=831-003,官方目录元数据，附件未列入本批
科研体系、研发投入与评价,科技创新政策与能力基线,C-KISTEP-PRG0720200049,2020-08-31,W2,2020년 국가연구개발사업 예비타당성조사,机构正式研究,,,https://www.kistep.re.kr/reportAllDetail.es?mid=a10305010000&rpt_no=PRG0720200049&rpt_tp=831-007,官方目录元数据，附件未列入本批
科研体系、研发投入与评价,科技创新政策与能力基线,C-KISTEP-PRG0720200050,2020-08-31,W2,혁신성장동력 분야별 기술·산업·정책 동향 조사,机构正式研究,,,https://www.kistep.re.kr/reportAllDetail.es?mid=a10305010000&rpt_no=PRG0720200050&rpt_tp=831-007,官方目录元数据，附件未列入本批
产业创新、创业与区域体系,科技创新政策与能力基线,C-KISTEP-PRG0720200050,2020-08-31,W2,혁신성장동력 분야별 기술·산업·정책 동향 조사,机构正式研究,,,https://www.kistep.re.kr/reportAllDetail.es?mid=a10305010000&rpt_no=PRG0720200050&rpt_tp=831-007,官方目录元数据，附件未列入本批
科研体系、研发投入与评价,科技创新政策与能力基线,C-KISTEP-RES0220200182,2020-09-01,W2,연구자중심 R&D 활성화를 위한 과제공모형태별 사업 특성 분석 연구,机构正式研究,,,https://www.kistep.re.kr/reportAllDetail.es?mid=a10305010000&rpt_no=RES0220200182&rpt_tp=831-002,官方目录元数据，附件未列入本批
科技人才、大学与知识流动,科技创新政策与能力基线,C-KISTEP-RES0220200182,2020-09-01,W2,연구자중심 R&D 활성화를 위한 과제공모형태별 사업 특성 분석 연구,机构正式研究,,,https://www.kistep.re.kr/reportAllDetail.es?mid=a10305010000&rpt_no=RES0220200182&rpt_tp=831-002,官方目录元数据，附件未列入本批
科研体系、研发投入与评价,科技创新政策与能力基线,C-KISTEP-RES0220200189,2020-09-04,W2,2020년 국가연구개발사업 조사⋅분석,机构正式研究,,,https://www.kistep.re.kr/reportAllDetail.es?mid=a10305010000&rpt_no=RES0220200189&rpt_tp=831-001,官方目录元数据，附件未列入本批
产业创新、创业与区域体系,科技创新政策与能力基线,C-KISTEP-PRG0720200051,2020-09-29,W2,국내 소재-부품-장비산업의 대-중소기업 간 상생협력 유형과 특성 분석,机构正式研究,,,https://www.kistep.re.kr/reportAllDetail.es?mid=a10305010000&rpt_no=PRG0720200051&rpt_tp=831-007,官方目录元数据，附件未列入本批
生命科学、生物技术与健康,核心科技直接材料,C-KISTEP-RES0220200194,2020-10-19,W2,바이오헬스 분야 규제가 혁신기술과 R&D생태계에 미치는 영향에 관한 국가간 비교연구,机构正式研究,,,https://www.kistep.re.kr/reportAllDetail.es?mid=a10305010000&rpt_no=RES0220200194&rpt_tp=831-002,官方目录元数据，附件未列入本批
科研体系、研发投入与评价,核心科技直接材料,C-KISTEP-RES0220200194,2020-10-19,W2,바이오헬스 분야 규제가 혁신기술과 R&D생태계에 미치는 영향에 관한 국가간 비교연구,机构正式研究,,,https://www.kistep.re.kr/reportAllDetail.es?mid=a10305010000&rpt_no=RES0220200194&rpt_tp=831-002,官方目录元数据，附件未列入本批
产业创新、创业与区域体系,核心科技直接材料,C-KISTEP-RES0220200194,2020-10-19,W2,바이오헬스 분야 규제가 혁신기술과 R&D생태계에 미치는 영향에 관한 국가간 비교연구,机构正式研究,,,https://www.kistep.re.kr/reportAllDetail.es?mid=a10305010000&rpt_no=RES0220200194&rpt_tp=831-002,官方目录元数据，附件未列入本批
人工智能、数据与数字技术,核心科技直接材料,C-KISTEP-RES0220200195,2020-10-21,W2,2020년도 사업계획 적정성 재검토 보고서 인공지능핵심고급인재양성 사업,机构正式研究,,,https://www.kistep.re.kr/reportAllDetail.es?mid=a10305010000&rpt_no=RES0220200195&rpt_tp=831-003,官方目录元数据，附件未列入本批
科研体系、研发投入与评价,核心科技直接材料,C-KISTEP-RES0220200195,2020-10-21,W2,2020년도 사업계획 적정성 재검토 보고서 인공지능핵심고급인재양성 사업,机构正式研究,,,https://www.kistep.re.kr/reportAllDetail.es?mid=a10305010000&rpt_no=RES0220200195&rpt_tp=831-003,官方目录元数据，附件未列入本批
科技人才、大学与知识流动,核心科技直接材料,C-KISTEP-RES0220200195,2020-10-21,W2,2020년도 사업계획 적정성 재검토 보고서 인공지능핵심고급인재양성 사업,机构正式研究,,,https://www.kistep.re.kr/reportAllDetail.es?mid=a10305010000&rpt_no=RES0220200195&rpt_tp=831-003,官方目录元数据，附件未列入本批
科研体系、研发投入与评价,科技创新政策与能力基线,C-KISTEP-PRG0720200056,2020-10-29,W2,연구개발투자의 경기변동성 분석과 재정준칙 수립방안 연구,机构正式研究,,,https://www.kistep.re.kr/reportAllDetail.es?mid=a10305010000&rpt_no=PRG0720200056&rpt_tp=831-007,官方目录元数据，附件未列入本批
科研体系、研发投入与评价,科技创新政策与能力基线,C-KISTEP-PRG0720200054,2020-10-30,W2,R&D 예비타당성조사 비용효과분석 방법론 탐색연구,机构正式研究,,,https://www.kistep.re.kr/reportAllDetail.es?mid=a10305010000&rpt_no=PRG0720200054&rpt_tp=831-007,官方目录元数据，附件未列入本批
科研体系、研发投入与评价,科技创新政策与能力基线,C-KISTEP-PRG0720200055,2020-10-30,W2,과학기술 R&D의 사회적 가치와 평가에 관한 연구,机构正式研究,,,https://www.kistep.re.kr/reportAllDetail.es?mid=a10305010000&rpt_no=PRG0720200055&rpt_tp=831-007,官方目录元数据，附件未列入本批
科技创新政策与研究体系,科技创新政策与能力基线,C-KISTEP-PRG0720200052,2020-10-31,W2,과학기술R&D예산적절성분석과체제개선방안,机构正式研究,,,https://www.kistep.re.kr/reportAllDetail.es?mid=a10305010000&rpt_no=PRG0720200052&rpt_tp=831-007,官方目录元数据，附件未列入本批
科研体系、研发投入与评价,科技创新政策与能力基线,C-KISTEP-RES0220200200,2020-11-09,W2,2020년 국가연구개발 우수성과 100,机构正式研究,,,https://www.kistep.re.kr/reportAllDetail.es?mid=a10305010000&rpt_no=RES0220200200&rpt_tp=831-004,官方目录元数据，附件未列入本批
科研体系、研发投入与评价,科技创新政策与能力基线,C-KISTEP-PRG0720200053,2020-11-13,W2,전문기관 기획평가비 효율화 개선방안 연구,机构正式研究,,,https://www.kistep.re.kr/reportAllDetail.es?mid=a10305010000&rpt_no=PRG0720200053&rpt_tp=831-007,官方目录元数据，附件未列入本批
科研体系、研发投入与评价,科技创新政策与能力基线,C-KISTEP-RES0220200201,2020-11-19,W2,2019년도 3차 국가연구개발사업 특정평가,机构正式研究,,,https://www.kistep.re.kr/reportAllDetail.es?mid=a10305010000&rpt_no=RES0220200201&rpt_tp=831-001,官方目录元数据，附件未列入本批
产业创新、创业与区域体系,科技创新政策与能力基线,C-KISTEP-RES0220200201,2020-11-19,W2,2019년도 3차 국가연구개발사업 특정평가,机构正式研究,,,https://www.kistep.re.kr/reportAllDetail.es?mid=a10305010000&rpt_no=RES0220200201&rpt_tp=831-001,官方目录元数据，附件未列入本批
科研体系、研发投入与评价,科技创新政策与能力基线,C-KISTEP-PRG0720200057,2020-11-30,W2,과학기술 논문성과 분석연구(2005-2019),机构正式研究,,,https://www.kistep.re.kr/reportAllDetail.es?mid=a10305010000&rpt_no=PRG0720200057&rpt_tp=831-007,官方目录元数据，附件未列入本批
科研体系、研发投入与评价,科技创新政策与能力基线,C-KISTEP-PRG0720200058,2020-11-30,W2,과학기술정책의 과학화 기반구축 사업계획 수립을 위한 시장 현황과 수요조사,机构正式研究,,,https://www.kistep.re.kr/reportAllDetail.es?mid=a10305010000&rpt_no=PRG0720200058&rpt_tp=831-007,官方目录元数据，附件未列入本批
产业创新、创业与区域体系,科技创新政策与能力基线,C-KISTEP-PRG0720200058,2020-11-30,W2,과학기술정책의 과학화 기반구축 사업계획 수립을 위한 시장 현황과 수요조사,机构正式研究,,,https://www.kistep.re.kr/reportAllDetail.es?mid=a10305010000&rpt_no=PRG0720200058&rpt_tp=831-007,官方目录元数据，附件未列入本批
科研体系、研发投入与评价,科技创新政策与能力基线,C-KISTEP-PRG0720200061,2020-11-30,W2,연구개발투자의 수익률 추정 연구,机构正式研究,,,https://www.kistep.re.kr/reportAllDetail.es?mid=a10305010000&rpt_no=PRG0720200061&rpt_tp=831-007,官方目录元数据，附件未列入本批
科研体系、研发投入与评价,科技创新政策与能力基线,C-KISTEP-PRG0720200062,2020-11-30,W2,연구개발투자와 일자리 창출 사이의 상관관계 분석,机构正式研究,,,https://www.kistep.re.kr/reportAllDetail.es?mid=a10305010000&rpt_no=PRG0720200062&rpt_tp=831-007,官方目录元数据，附件未列入本批
科研体系、研发投入与评价,科技创新政策与能力基线,C-KISTEP-PRG0720200060,2020-12-14,W2,전문기관 실태조사분석 지침 마련 연구,机构正式研究,,,https://www.kistep.re.kr/reportAllDetail.es?mid=a10305010000&rpt_no=PRG0720200060&rpt_tp=831-007,官方目录元数据，附件未列入本批
科研体系、研发投入与评价,科技创新政策与能力基线,C-KISTEP-RES0220200205,2020-12-14,W2,국가R&D 기획·관리 지원서비스 구축,机构正式研究,,,https://www.kistep.re.kr/reportAllDetail.es?mid=a10305010000&rpt_no=RES0220200205&rpt_tp=831-001,官方目录元数据，附件未列入本批
科技人才、大学与知识流动,科技创新政策与能力基线,C-KISTEP-RES0220200205,2020-12-14,W2,국가R&D 기획·관리 지원서비스 구축,机构正式研究,,,https://www.kistep.re.kr/reportAllDetail.es?mid=a10305010000&rpt_no=RES0220200205&rpt_tp=831-001,官方目录元数据，附件未列入本批
半导体、量子与战略技术,核心科技直接材料,C-KISTEP-RES0220200206,2020-12-21,W2,국방전략기술 확보를 위한 정부R&D 전략 연구 - 무인기의 유무인 복합 전투수행을 중심으로 -,机构正式研究,,,https://www.kistep.re.kr/reportAllDetail.es?mid=a10305010000&rpt_no=RES0220200206&rpt_tp=831-005,官方目录元数据，附件未列入本批
科研体系、研发投入与评价,核心科技直接材料,C-KISTEP-RES0220200206,2020-12-21,W2,국방전략기술 확보를 위한 정부R&D 전략 연구 - 무인기의 유무인 복합 전투수행을 중심으로 -,机构正式研究,,,https://www.kistep.re.kr/reportAllDetail.es?mid=a10305010000&rpt_no=RES0220200206&rpt_tp=831-005,官方目录元数据，附件未列入本批
科技创新政策与研究体系,科技创新政策与能力基线,C-KISTEP-PRG0720200063,2020-12-23,W2,범부처 연구지원통합시스템 운영 방안 및 표준운영 절차에 관한 연구,机构正式研究,,,https://www.kistep.re.kr/reportAllDetail.es?mid=a10305010000&rpt_no=PRG0720200063&rpt_tp=831-007,官方目录元数据，附件未列入本批
科研体系、研发投入与评价,科技创新政策与能力基线,C-KISTEP-RES0220200207,2020-12-23,W2,2020년도 국가연구개발사업 상위평가보고서(중간평가),机构正式研究,,,https://www.kistep.re.kr/reportAllDetail.es?mid=a10305010000&rpt_no=RES0220200207&rpt_tp=831-001,官方目录元数据，附件未列入本批
科技创新政策与研究体系,科技创新政策与能力基线,C-KISTEP-RES0220200208,2020-12-29,W2,R&R 기반의 출연연 사업 효율·연계화 연구: 소재·부품·장비 분야를 중심으로,机构正式研究,,,https://www.kistep.re.kr/reportAllDetail.es?mid=a10305010000&rpt_no=RES0220200208&rpt_tp=831-005,官方目录元数据，附件未列入本批
科研体系、研发投入与评价,核心科技直接材料,C-KISTEP-RES0220200209,2020-12-29,W2,2020년도 사업계획 적정성 재검토 보고서 달 탐사 사업,机构正式研究,,,https://www.kistep.re.kr/reportAllDetail.es?mid=a10305010000&rpt_no=RES0220200209&rpt_tp=831-003,官方目录元数据，附件未列入本批
航天、核能与大型技术系统,核心科技直接材料,C-KISTEP-RES0220200209,2020-12-29,W2,2020년도 사업계획 적정성 재검토 보고서 달 탐사 사업,机构正式研究,,,https://www.kistep.re.kr/reportAllDetail.es?mid=a10305010000&rpt_no=RES0220200209&rpt_tp=831-003,官方目录元数据，附件未列入本批
产业创新、创业与区域体系,科技创新政策与能力基线,C-KISTEP-PRG0720200064,2020-12-31,W2,SDGs 달성을 위한 글로벌 논의참여기반 구축,机构正式研究,,,https://www.kistep.re.kr/reportAllDetail.es?mid=a10305010000&rpt_no=PRG0720200064&rpt_tp=831-007,官方目录元数据，附件未列入本批
科技创新政策与研究体系,科技创新政策与能力基线,C-KISTEP-PRG0720210016,2020-12-31,W2,범부처 연구지원시스템 운영을 위한 교육체계 구축 및 콘텐츠 개발 계획 수립 연구 최종보고서,机构正式研究,,,https://www.kistep.re.kr/reportAllDetail.es?mid=a10305010000&rpt_no=PRG0720210016&rpt_tp=831-007,官方目录元数据，附件未列入本批
科技人才、大学与知识流动,科技创新政策与能力基线,C-KISTEP-PRG0720210026,2020-12-31,W2,이공계지원 특별법 개정(안) 마련 연구,机构正式研究,,,https://www.kistep.re.kr/reportAllDetail.es?mid=a10305010000&rpt_no=PRG0720210026&rpt_tp=831-007,官方目录元数据，附件未列入本批
产业创新、创业与区域体系,科技创新政策与能力基线,C-KISTEP-PRG0720210026,2020-12-31,W2,이공계지원 특별법 개정(안) 마련 연구,机构正式研究,,,https://www.kistep.re.kr/reportAllDetail.es?mid=a10305010000&rpt_no=PRG0720210026&rpt_tp=831-007,官方目录元数据，附件未列入本批
人工智能、数据与数字技术,核心科技直接材料,C-KISTEP-RES0220210003,2021-01-05,W2,2020년도 예비타당성조사 보고서 스마트 제조혁신 기술개발사업,机构正式研究,,,https://www.kistep.re.kr/reportAllDetail.es?mid=a10305010000&rpt_no=RES0220210003&rpt_tp=831-003,官方目录元数据，附件未列入本批
科研体系、研发投入与评价,核心科技直接材料,C-KISTEP-RES0220210003,2021-01-05,W2,2020년도 예비타당성조사 보고서 스마트 제조혁신 기술개발사업,机构正式研究,,,https://www.kistep.re.kr/reportAllDetail.es?mid=a10305010000&rpt_no=RES0220210003&rpt_tp=831-003,官方目录元数据，附件未列入本批
产业创新、创业与区域体系,核心科技直接材料,C-KISTEP-RES0220210003,2021-01-05,W2,2020년도 예비타당성조사 보고서 스마트 제조혁신 기술개발사업,机构正式研究,,,https://www.kistep.re.kr/reportAllDetail.es?mid=a10305010000&rpt_no=RES0220210003&rpt_tp=831-003,官方目录元数据，附件未列入本批
科研体系、研发投入与评价,科技创新政策与能力基线,C-KISTEP-RES0220210004,2021-01-05,W2,2020년도 예비타당성조사 보고서 아쿠아팜 4.0 혁신기술 개발사업,机构正式研究,,,https://www.kistep.re.kr/reportAllDetail.es?mid=a10305010000&rpt_no=RES0220210004&rpt_tp=831-003,官方目录元数据，附件未列入本批
产业创新、创业与区域体系,科技创新政策与能力基线,C-KISTEP-RES0220210004,2021-01-05,W2,2020년도 예비타당성조사 보고서 아쿠아팜 4.0 혁신기술 개발사업,机构正式研究,,,https://www.kistep.re.kr/reportAllDetail.es?mid=a10305010000&rpt_no=RES0220210004&rpt_tp=831-003,官方目录元数据，附件未列入本批
科研体系、研发投入与评价,科技创新政策与能力基线,C-KISTEP-RES0220210006,2021-01-05,W2,2020년도 예비타당성조사 보고서 비전통오일 생산플랜트 건설 핵심기술 개발사업,机构正式研究,,,https://www.kistep.re.kr/reportAllDetail.es?mid=a10305010000&rpt_no=RES0220210006&rpt_tp=831-003,官方目录元数据，附件未列入本批
科研体系、研发投入与评价,科技创新政策与能力基线,C-KISTEP-RES0220210008,2021-01-05,W2,2020년도 예비타당성조사 보고서 산업·생활환경 공기질 개선을 위한 실증기반 상용화 기술개발사업,机构正式研究,,,https://www.kistep.re.kr/reportAllDetail.es?mid=a10305010000&rpt_no=RES0220210008&rpt_tp=831-003,官方目录元数据，附件未列入本批
产业创新、创业与区域体系,科技创新政策与能力基线,C-KISTEP-RES0220210008,2021-01-05,W2,2020년도 예비타당성조사 보고서 산업·생활환경 공기질 개선을 위한 실증기반 상용화 기술개발사업,机构正式研究,,,https://www.kistep.re.kr/reportAllDetail.es?mid=a10305010000&rpt_no=RES0220210008&rpt_tp=831-003,官方目录元数据，附件未列入本批
人工智能、数据与数字技术,核心科技直接材料,C-KISTEP-RES0220210001,2021-01-06,W2,2020년도 예비타당성조사 보고서 디지털 엔지니어링 미래선도 기술개발사업,机构正式研究,,,https://www.kistep.re.kr/reportAllDetail.es?mid=a10305010000&rpt_no=RES0220210001&rpt_tp=831-003,官方目录元数据，附件未列入本批
科研体系、研发投入与评价,核心科技直接材料,C-KISTEP-RES0220210001,2021-01-06,W2,2020년도 예비타당성조사 보고서 디지털 엔지니어링 미래선도 기술개발사업,机构正式研究,,,https://www.kistep.re.kr/reportAllDetail.es?mid=a10305010000&rpt_no=RES0220210001&rpt_tp=831-003,官方目录元数据，附件未列入本批
科技前瞻与未来社会,核心科技直接材料,C-KISTEP-RES0220210001,2021-01-06,W2,2020년도 예비타당성조사 보고서 디지털 엔지니어링 미래선도 기술개발사업,机构正式研究,,,https://www.kistep.re.kr/reportAllDetail.es?mid=a10305010000&rpt_no=RES0220210001&rpt_tp=831-003,官方目录元数据，附件未列入本批
科研体系、研发投入与评价,科技创新政策与能力基线,C-KISTEP-RES0220210011,2021-01-06,W2,2020년도 예비타당성조사 보고서 국립축산과학원 축산자원개발부 이전사업,机构正式研究,,,https://www.kistep.re.kr/reportAllDetail.es?mid=a10305010000&rpt_no=RES0220210011&rpt_tp=831-003,官方目录元数据，附件未列入本批
科研体系、研发投入与评价,科技创新政策与能力基线,C-KISTEP-RES0220210012,2021-01-06,W2,과학기술정책 간행물 발간을 통한 국제협력 활성화 연구,机构正式研究,,,https://www.kistep.re.kr/reportAllDetail.es?mid=a10305010000&rpt_no=RES0220210012&rpt_tp=831-002,官方目录元数据，附件未列入本批
技术安全、供应链与国际合作,科技创新政策与能力基线,C-KISTEP-RES0220210012,2021-01-06,W2,과학기술정책 간행물 발간을 통한 국제협력 활성화 연구,机构正式研究,,,https://www.kistep.re.kr/reportAllDetail.es?mid=a10305010000&rpt_no=RES0220210012&rpt_tp=831-002,官方目录元数据，附件未列入本批
产业创新、创业与区域体系,科技创新政策与能力基线,C-KISTEP-RES0220210013,2021-01-07,W2,과학기술혁신 글로벌 플랫폼 구축 연구,机构正式研究,,,https://www.kistep.re.kr/reportAllDetail.es?mid=a10305010000&rpt_no=RES0220210013&rpt_tp=831-002,官方目录元数据，附件未列入本批
技术安全、供应链与国际合作,科技创新政策与能力基线,C-KISTEP-RES0220210013,2021-01-07,W2,과학기술혁신 글로벌 플랫폼 구축 연구,机构正式研究,,,https://www.kistep.re.kr/reportAllDetail.es?mid=a10305010000&rpt_no=RES0220210013&rpt_tp=831-002,官方目录元数据，附件未列入本批
人工智能、数据与数字技术,核心科技直接材料,C-KISTEP-RES0220210014,2021-01-08,W2,스마트 혁신 시대의 미래전망 및 과학기술 혁신정책 연구 (II) : 인공지능 기반 사회 중심,机构正式研究,,,https://www.kistep.re.kr/reportAllDetail.es?mid=a10305010000&rpt_no=RES0220210014&rpt_tp=831-006,官方目录元数据，附件未列入本批
产业创新、创业与区域体系,核心科技直接材料,C-KISTEP-RES0220210014,2021-01-08,W2,스마트 혁신 시대의 미래전망 및 과학기술 혁신정책 연구 (II) : 인공지능 기반 사회 중심,机构正式研究,,,https://www.kistep.re.kr/reportAllDetail.es?mid=a10305010000&rpt_no=RES0220210014&rpt_tp=831-006,官方目录元数据，附件未列入本批
科技前瞻与未来社会,核心科技直接材料,C-KISTEP-RES0220210014,2021-01-08,W2,스마트 혁신 시대의 미래전망 및 과학기술 혁신정책 연구 (II) : 인공지능 기반 사회 중심,机构正式研究,,,https://www.kistep.re.kr/reportAllDetail.es?mid=a10305010000&rpt_no=RES0220210014&rpt_tp=831-006,官方目录元数据，附件未列入本批
人工智能、数据与数字技术,核心科技直接材料,C-KISTEP-RES0220210009,2021-01-11,W2,디지털기술 발전이 초래하는 지속가능성장의 미래예측 연구 (II) -헬스케어 데이터경제의 미래-,机构正式研究,,,https://www.kistep.re.kr/reportAllDetail.es?mid=a10305010000&rpt_no=RES0220210009&rpt_tp=831-006,官方目录元数据，附件未列入本批
生命科学、生物技术与健康,核心科技直接材料,C-KISTEP-RES0220210009,2021-01-11,W2,디지털기술 발전이 초래하는 지속가능성장의 미래예측 연구 (II) -헬스케어 데이터경제의 미래-,机构正式研究,,,https://www.kistep.re.kr/reportAllDetail.es?mid=a10305010000&rpt_no=RES0220210009&rpt_tp=831-006,官方目录元数据，附件未列入本批
科技前瞻与未来社会,核心科技直接材料,C-KISTEP-RES0220210009,2021-01-11,W2,디지털기술 발전이 초래하는 지속가능성장의 미래예측 연구 (II) -헬스케어 데이터경제의 미래-,机构正式研究,,,https://www.kistep.re.kr/reportAllDetail.es?mid=a10305010000&rpt_no=RES0220210009&rpt_tp=831-006,官方目录元数据，附件未列入本批
科技前瞻与未来社会,科技创新政策与能力基线,C-KISTEP-RES0220210010,2021-01-11,W2,미래 불확실성에 대응하는 환경변화 탐색 및 대응방안 연구 (I),机构正式研究,,,https://www.kistep.re.kr/reportAllDetail.es?mid=a10305010000&rpt_no=RES0220210010&rpt_tp=831-006,官方目录元数据，附件未列入本批
产业创新、创业与区域体系,科技创新政策与能力基线,C-KISTEP-RES0220210015,2021-01-11,W2,규제자유특구 분석을 통한 제도·법제 개선 연구,机构正式研究,,,https://www.kistep.re.kr/reportAllDetail.es?mid=a10305010000&rpt_no=RES0220210015&rpt_tp=831-002,官方目录元数据，附件未列入本批
科研体系、研发投入与评价,科技创新政策与能力基线,C-KISTEP-RES0220210017,2021-01-11,W2,2020년 국가R&D사업 사전분석 전문 네트워크 구축 및 역량 강화,机构正式研究,,,https://www.kistep.re.kr/reportAllDetail.es?mid=a10305010000&rpt_no=RES0220210017&rpt_tp=831-003,官方目录元数据，附件未列入本批
生命科学、生物技术与健康,科技创新政策与能力基线,C-KISTEP-RES0220210018,2021-01-12,W2,2020년 기술영향평가(정밀의료 기술),机构正式研究,,,https://www.kistep.re.kr/reportAllDetail.es?mid=a10305010000&rpt_no=RES0220210018&rpt_tp=831-006,官方目录元数据，附件未列入本批
科研体系、研发投入与评价,科技创新政策与能力基线,C-KISTEP-RES0220210018,2021-01-12,W2,2020년 기술영향평가(정밀의료 기술),机构正式研究,,,https://www.kistep.re.kr/reportAllDetail.es?mid=a10305010000&rpt_no=RES0220210018&rpt_tp=831-006,官方目录元数据，附件未列入本批
科技前瞻与未来社会,科技创新政策与能力基线,C-KISTEP-RES0220210018,2021-01-12,W2,2020년 기술영향평가(정밀의료 기술),机构正式研究,,,https://www.kistep.re.kr/reportAllDetail.es?mid=a10305010000&rpt_no=RES0220210018&rpt_tp=831-006,官方目录元数据，附件未列入本批
科研体系、研发投入与评价,科技创新政策与能力基线,C-KISTEP-RES0220210020,2021-01-12,W2,R&D예산제도 및 거버넌스의 효율화 방안에 관한 연구(Ⅰ),机构正式研究,,,https://www.kistep.re.kr/reportAllDetail.es?mid=a10305010000&rpt_no=RES0220210020&rpt_tp=831-002,官方目录元数据，附件未列入本批
科研体系、研发投入与评价,科技创新政策与能力基线,C-KISTEP-RES0220210023,2021-01-12,W2,연구자 집단에 대한 진술선호분석을 활용한 연구개발사업의 경제성 분석 방법 탐색 연구,机构正式研究,,,https://www.kistep.re.kr/reportAllDetail.es?mid=a10305010000&rpt_no=RES0220210023&rpt_tp=831-003,官方目录元数据，附件未列入本批
科技人才、大学与知识流动,科技创新政策与能力基线,C-KISTEP-RES0220210023,2021-01-12,W2,연구자 집단에 대한 진술선호분석을 활용한 연구개발사업의 경제성 분석 방법 탐색 연구,机构正式研究,,,https://www.kistep.re.kr/reportAllDetail.es?mid=a10305010000&rpt_no=RES0220210023&rpt_tp=831-003,官方目录元数据，附件未列入本批
生命科学、生物技术与健康,核心科技直接材料,C-KISTEP-RES0220210024,2021-01-12,W2,바이오헬스 산업 성장가속화를 위한 정부R&D 예산배분 전략 연구,机构正式研究,,,https://www.kistep.re.kr/reportAllDetail.es?mid=a10305010000&rpt_no=RES0220210024&rpt_tp=831-005,官方目录元数据，附件未列入本批
科研体系、研发投入与评价,核心科技直接材料,C-KISTEP-RES0220210024,2021-01-12,W2,바이오헬스 산업 성장가속화를 위한 정부R&D 예산배분 전략 연구,机构正式研究,,,https://www.kistep.re.kr/reportAllDetail.es?mid=a10305010000&rpt_no=RES0220210024&rpt_tp=831-005,官方目录元数据，附件未列入本批
产业创新、创业与区域体系,核心科技直接材料,C-KISTEP-RES0220210024,2021-01-12,W2,바이오헬스 산업 성장가속화를 위한 정부R&D 예산배분 전략 연구,机构正式研究,,,https://www.kistep.re.kr/reportAllDetail.es?mid=a10305010000&rpt_no=RES0220210024&rpt_tp=831-005,官方目录元数据，附件未列入本批
科研体系、研发投入与评价,科技创新政策与能力基线,C-KISTEP-RES0220210016,2021-01-13,W2,2020년 개방형 포럼 방식을 활용한 과학기술정책 이슈연구,机构正式研究,,,https://www.kistep.re.kr/reportAllDetail.es?mid=a10305010000&rpt_no=RES0220210016&rpt_tp=831-005,官方目录元数据，附件未列入本批
产业创新、创业与区域体系,科技创新政策与能力基线,C-KISTEP-RES0220210016,2021-01-13,W2,2020년 개방형 포럼 방식을 활용한 과학기술정책 이슈연구,机构正式研究,,,https://www.kistep.re.kr/reportAllDetail.es?mid=a10305010000&rpt_no=RES0220210016&rpt_tp=831-005,官方目录元数据，附件未列入本批
科研体系、研发投入与评价,科技创新政策与能力基线,C-KISTEP-PRG0720210021,2021-01-14,W2,국가연구개발사업 연구지원 기준 제정 방안연구 최종보고서,机构正式研究,,,https://www.kistep.re.kr/reportAllDetail.es?mid=a10305010000&rpt_no=PRG0720210021&rpt_tp=831-007,官方目录元数据，附件未列入本批
科研体系、研发投入与评价,科技创新政策与能力基线,C-KISTEP-PRG0720210022,2021-01-14,W2,과기 직할 출연연 기관평가 정성평가 체계 개편 연구,机构正式研究,,,https://www.kistep.re.kr/reportAllDetail.es?mid=a10305010000&rpt_no=PRG0720210022&rpt_tp=831-007,官方目录元数据，附件未列入本批
科技人才、大学与知识流动,科技创新政策与能力基线,C-KISTEP-PRG0720210027,2021-01-14,W2,이공계 스마트인재양성 체계 구축을 위한 기획 연구,机构正式研究,,,https://www.kistep.re.kr/reportAllDetail.es?mid=a10305010000&rpt_no=PRG0720210027&rpt_tp=831-007,官方目录元数据，附件未列入本批
产业创新、创业与区域体系,科技创新政策与能力基线,C-KISTEP-PRG0720210027,2021-01-14,W2,이공계 스마트인재양성 체계 구축을 위한 기획 연구,机构正式研究,,,https://www.kistep.re.kr/reportAllDetail.es?mid=a10305010000&rpt_no=PRG0720210027&rpt_tp=831-007,官方目录元数据，附件未列入本批
科技前瞻与未来社会,科技创新政策与能力基线,C-KISTEP-RES0220210026,2021-01-14,W2,2021년 KISTEP 미래유망기술 선정에 관한 연구 - 비대면사회의 미래유망기술 -,机构正式研究,,,https://www.kistep.re.kr/reportAllDetail.es?mid=a10305010000&rpt_no=RES0220210026&rpt_tp=831-006,官方目录元数据，附件未列入本批
科研体系、研发投入与评价,科技创新政策与能力基线,C-KISTEP-RES0220210029,2021-01-18,W2,투자 효율성 제고를 위한 기술분야별 개방형 혁신전략 수립 연구 : 지식흐름 분석을 바탕으로,机构正式研究,,,https://www.kistep.re.kr/reportAllDetail.es?mid=a10305010000&rpt_no=RES0220210029&rpt_tp=831-005,官方目录元数据，附件未列入本批
科技人才、大学与知识流动,科技创新政策与能力基线,C-KISTEP-RES0220210029,2021-01-18,W2,투자 효율성 제고를 위한 기술분야별 개방형 혁신전략 수립 연구 : 지식흐름 분석을 바탕으로,机构正式研究,,,https://www.kistep.re.kr/reportAllDetail.es?mid=a10305010000&rpt_no=RES0220210029&rpt_tp=831-005,官方目录元数据，附件未列入本批
产业创新、创业与区域体系,科技创新政策与能力基线,C-KISTEP-RES0220210029,2021-01-18,W2,투자 효율성 제고를 위한 기술분야별 개방형 혁신전략 수립 연구 : 지식흐름 분석을 바탕으로,机构正式研究,,,https://www.kistep.re.kr/reportAllDetail.es?mid=a10305010000&rpt_no=RES0220210029&rpt_tp=831-005,官方目录元数据，附件未列入本批
科研体系、研发投入与评价,科技创新政策与能力基线,C-KISTEP-RES0220210030,2021-01-18,W2,2020년 전략적 R&D예산배분 및 편성을 위한 정책기반 구축에 관한 연구,机构正式研究,,,https://www.kistep.re.kr/reportAllDetail.es?mid=a10305010000&rpt_no=RES0220210030&rpt_tp=831-002,官方目录元数据，附件未列入本批
科研体系、研发投入与评价,科技创新政策与能力基线,C-KISTEP-PRG0720210023,2021-01-19,W2,청년과학기술인 인건비 제도 개선방안 연구,机构正式研究,,,https://www.kistep.re.kr/reportAllDetail.es?mid=a10305010000&rpt_no=PRG0720210023&rpt_tp=831-007,官方目录元数据，附件未列入本批
科技人才、大学与知识流动,科技创新政策与能力基线,C-KISTEP-PRG0720210023,2021-01-19,W2,청년과학기술인 인건비 제도 개선방안 연구,机构正式研究,,,https://www.kistep.re.kr/reportAllDetail.es?mid=a10305010000&rpt_no=PRG0720210023&rpt_tp=831-007,官方目录元数据，附件未列入本批
科研体系、研发投入与评价,科技创新政策与能力基线,C-KISTEP-RES0220210035,2021-01-20,W2,2020년 R&D사업 예비타당성조사 일관성 제고를 위한 조사 체계 개선 방향 연구,机构正式研究,,,https://www.kistep.re.kr/reportAllDetail.es?mid=a10305010000&rpt_no=RES0220210035&rpt_tp=831-003,官方目录元数据，附件未列入本批
科研体系、研发投入与评价,科技创新政策与能力基线,C-KISTEP-RES0220210039,2021-01-20,W2,일몰혁신제도의 효율적 운영을 위한 R&D사업 전략적 관리 방안 연구,机构正式研究,,,https://www.kistep.re.kr/reportAllDetail.es?mid=a10305010000&rpt_no=RES0220210039&rpt_tp=831-002,官方目录元数据，附件未列入本批
产业创新、创业与区域体系,科技创新政策与能力基线,C-KISTEP-RES0220210039,2021-01-20,W2,일몰혁신제도의 효율적 운영을 위한 R&D사업 전략적 관리 방안 연구,机构正式研究,,,https://www.kistep.re.kr/reportAllDetail.es?mid=a10305010000&rpt_no=RES0220210039&rpt_tp=831-002,官方目录元数据，附件未列入本批
科研体系、研发投入与评价,科技创新政策与能力基线,C-KISTEP-RES0220210033,2021-01-25,W2,2020년 지역 과학기술혁신 역량평가,机构正式研究,,,https://www.kistep.re.kr/reportAllDetail.es?mid=a10305010000&rpt_no=RES0220210033&rpt_tp=831-001,官方目录元数据，附件未列入本批
产业创新、创业与区域体系,科技创新政策与能力基线,C-KISTEP-RES0220210033,2021-01-25,W2,2020년 지역 과학기술혁신 역량평가,机构正式研究,,,https://www.kistep.re.kr/reportAllDetail.es?mid=a10305010000&rpt_no=RES0220210033&rpt_tp=831-001,官方目录元数据，附件未列入本批
科技人才、大学与知识流动,科技创新政策与能力基线,C-KISTEP-RES0220210040,2021-01-25,W2,기초연구 유형별 중장기 지원 전략 연구,机构正式研究,,,https://www.kistep.re.kr/reportAllDetail.es?mid=a10305010000&rpt_no=RES0220210040&rpt_tp=831-005,官方目录元数据，附件未列入本批
航天、核能与大型技术系统,科技创新政策与能力基线,C-KISTEP-RES0220210040,2021-01-25,W2,기초연구 유형별 중장기 지원 전략 연구,机构正式研究,,,https://www.kistep.re.kr/reportAllDetail.es?mid=a10305010000&rpt_no=RES0220210040&rpt_tp=831-005,官方目录元数据，附件未列入本批
科研体系、研发投入与评价,科技创新政策与能力基线,C-KISTEP-RES0220210043,2021-01-25,W2,2020년 민간혁신스코어보드 구축 및 발간 연구,机构正式研究,,,https://www.kistep.re.kr/reportAllDetail.es?mid=a10305010000&rpt_no=RES0220210043&rpt_tp=831-002,官方目录元数据，附件未列入本批
产业创新、创业与区域体系,科技创新政策与能力基线,C-KISTEP-RES0220210043,2021-01-25,W2,2020년 민간혁신스코어보드 구축 및 발간 연구,机构正式研究,,,https://www.kistep.re.kr/reportAllDetail.es?mid=a10305010000&rpt_no=RES0220210043&rpt_tp=831-002,官方目录元数据，附件未列入本批
科技创新政策与研究体系,科技创新政策与能力基线,C-KISTEP-RES0220210044,2021-01-25,W2,2020년도 사업계획 적정성 재검토 보고서 코로나19 치료제 임상지원사업,机构正式研究,,,https://www.kistep.re.kr/reportAllDetail.es?mid=a10305010000&rpt_no=RES0220210044&rpt_tp=831-003,官方目录元数据，附件未列入本批
生命科学、生物技术与健康,科技创新政策与能力基线,C-KISTEP-RES0220210045,2021-01-25,W2,2020년도 사업계획 적정성 재검토 보고서 코로나19 백신 임상지원사업,机构正式研究,,,https://www.kistep.re.kr/reportAllDetail.es?mid=a10305010000&rpt_no=RES0220210045&rpt_tp=831-003,官方目录元数据，附件未列入本批
科研体系、研发投入与评价,科技创新政策与能力基线,C-KISTEP-RES0220210027,2021-01-26,W2,2020년도 글로벌 R&D 투자동향 분석,机构正式研究,,,https://www.kistep.re.kr/reportAllDetail.es?mid=a10305010000&rpt_no=RES0220210027&rpt_tp=831-005,官方目录元数据，附件未列入本批
产业创新、创业与区域体系,科技创新政策与能力基线,C-KISTEP-RES0220210027,2021-01-26,W2,2020년도 글로벌 R&D 투자동향 분석,机构正式研究,,,https://www.kistep.re.kr/reportAllDetail.es?mid=a10305010000&rpt_no=RES0220210027&rpt_tp=831-005,官方目录元数据，附件未列入本批
科研体系、研发投入与评价,科技创新政策与能力基线,C-KISTEP-RES0220210028,2021-01-26,W2,2020년 기술혁신 아젠다 발굴 및 R&D 투자전략 수립 연구,机构正式研究,,,https://www.kistep.re.kr/reportAllDetail.es?mid=a10305010000&rpt_no=RES0220210028&rpt_tp=831-005,官方目录元数据，附件未列入本批
产业创新、创业与区域体系,科技创新政策与能力基线,C-KISTEP-RES0220210028,2021-01-26,W2,2020년 기술혁신 아젠다 발굴 및 R&D 투자전략 수립 연구,机构正式研究,,,https://www.kistep.re.kr/reportAllDetail.es?mid=a10305010000&rpt_no=RES0220210028&rpt_tp=831-005,官方目录元数据，附件未列入本批
科研体系、研发投入与评价,科技创新政策与能力基线,C-KISTEP-RES0220210032,2021-01-26,W2,연구활동 지원역량평가,机构正式研究,,,https://www.kistep.re.kr/reportAllDetail.es?mid=a10305010000&rpt_no=RES0220210032&rpt_tp=831-001,官方目录元数据，附件未列入本批
人工智能、数据与数字技术,核心科技直接材料,C-KISTEP-RES0220210034,2021-01-26,W2,인공지능 기반 국내외 바이오헬스 기술개발 동향 비교분석 연구,机构正式研究,,,https://www.kistep.re.kr/reportAllDetail.es?mid=a10305010000&rpt_no=RES0220210034&rpt_tp=831-005,官方目录元数据，附件未列入本批
生命科学、生物技术与健康,核心科技直接材料,C-KISTEP-RES0220210034,2021-01-26,W2,인공지능 기반 국내외 바이오헬스 기술개발 동향 비교분석 연구,机构正式研究,,,https://www.kistep.re.kr/reportAllDetail.es?mid=a10305010000&rpt_no=RES0220210034&rpt_tp=831-005,官方目录元数据，附件未列入本批
科研体系、研发投入与评价,核心科技直接材料,C-KISTEP-RES0220210034,2021-01-26,W2,인공지능 기반 국내외 바이오헬스 기술개발 동향 비교분석 연구,机构正式研究,,,https://www.kistep.re.kr/reportAllDetail.es?mid=a10305010000&rpt_no=RES0220210034&rpt_tp=831-005,官方目录元数据，附件未列入本批
科技创新政策与研究体系,科技创新政策与能力基线,C-KISTEP-RES0220210041,2021-01-26,W2,2019년도 과학기술분야 중장기계획 조사·분석,机构正式研究,,,https://www.kistep.re.kr/reportAllDetail.es?mid=a10305010000&rpt_no=RES0220210041&rpt_tp=831-002,官方目录元数据，附件未列入本批
产业创新、创业与区域体系,科技创新政策与能力基线,C-KISTEP-RES0220210042,2021-01-26,W2,2020년 과학기술 & ICT 정책·기술 동향 분석,机构正式研究,,,https://www.kistep.re.kr/reportAllDetail.es?mid=a10305010000&rpt_no=RES0220210042&rpt_tp=831-002,官方目录元数据，附件未列入本批
科技前瞻与未来社会,科技创新政策与能力基线,C-KISTEP-RES0220210042,2021-01-26,W2,2020년 과학기술 & ICT 정책·기술 동향 분석,机构正式研究,,,https://www.kistep.re.kr/reportAllDetail.es?mid=a10305010000&rpt_no=RES0220210042&rpt_tp=831-002,官方目录元数据，附件未列入本批
技术安全、供应链与国际合作,科技创新政策与能力基线,C-KISTEP-RES0220210046,2021-01-26,W2,Post 코로나 과학기술외교·국제협력 전략 연구,机构正式研究,,,https://www.kistep.re.kr/reportAllDetail.es?mid=a10305010000&rpt_no=RES0220210046&rpt_tp=831-002,官方目录元数据，附件未列入本批
科研体系、研发投入与评价,科技创新政策与能力基线,C-KISTEP-RES0220210047,2021-01-26,W2,정부 R&D투자의 전략성 제고를 위한 경제적 효과 예측모형 구축 연구 (I),机构正式研究,,,https://www.kistep.re.kr/reportAllDetail.es?mid=a10305010000&rpt_no=RES0220210047&rpt_tp=831-002,官方目录元数据，附件未列入本批
科技前瞻与未来社会,科技创新政策与能力基线,C-KISTEP-RES0220210047,2021-01-26,W2,정부 R&D투자의 전략성 제고를 위한 경제적 효과 예측모형 구축 연구 (I),机构正式研究,,,https://www.kistep.re.kr/reportAllDetail.es?mid=a10305010000&rpt_no=RES0220210047&rpt_tp=831-002,官方目录元数据，附件未列入本批
科研体系、研发投入与评价,科技创新政策与能力基线,C-KISTEP-RES0220210048,2021-01-26,W2,2020년 ‘KISTEP 이슈 페이퍼’ 발간을 통한 정책역량 강화방안 연구,机构正式研究,,,https://www.kistep.re.kr/reportAllDetail.es?mid=a10305010000&rpt_no=RES0220210048&rpt_tp=831-004,官方目录元数据，附件未列入本批
科研体系、研发投入与评价,科技创新政策与能力基线,C-KISTEP-RES0220210049,2021-01-26,W2,2020년 국가과학기술표준분류체계의 개선 및 활용기반 구축,机构正式研究,,,https://www.kistep.re.kr/reportAllDetail.es?mid=a10305010000&rpt_no=RES0220210049&rpt_tp=831-006,官方目录元数据，附件未列入本批
科技人才、大学与知识流动,科技创新政策与能力基线,C-KISTEP-RES0220210053,2021-01-26,W2,과학기술인력 육성·성장 체계의 미래(I) - 출연연 과학기술인력 재교육 체계를 중심으로-,机构正式研究,,,https://www.kistep.re.kr/reportAllDetail.es?mid=a10305010000&rpt_no=RES0220210053&rpt_tp=831-002,官方目录元数据，附件未列入本批
产业创新、创业与区域体系,科技创新政策与能力基线,C-KISTEP-RES0220210053,2021-01-26,W2,과학기술인력 육성·성장 체계의 미래(I) - 출연연 과학기술인력 재교육 체계를 중심으로-,机构正式研究,,,https://www.kistep.re.kr/reportAllDetail.es?mid=a10305010000&rpt_no=RES0220210053&rpt_tp=831-002,官方目录元数据，附件未列入本批
科技前瞻与未来社会,科技创新政策与能力基线,C-KISTEP-RES0220210053,2021-01-26,W2,과학기술인력 육성·성장 체계의 미래(I) - 출연연 과학기술인력 재교육 체계를 중심으로-,机构正式研究,,,https://www.kistep.re.kr/reportAllDetail.es?mid=a10305010000&rpt_no=RES0220210053&rpt_tp=831-002,官方目录元数据，附件未列入本批
科研体系、研发投入与评价,科技创新政策与能力基线,C-KISTEP-RES0220210055,2021-01-26,W2,2020년도 예비타당성조사 요구 국가연구개발사업 예타 대상선정(기술성평가),机构正式研究,,,https://www.kistep.re.kr/reportAllDetail.es?mid=a10305010000&rpt_no=RES0220210055&rpt_tp=831-003,官方目录元数据，附件未列入本批
科研体系、研发投入与评价,科技创新政策与能力基线,C-KISTEP-RES0220210057,2021-01-26,W2,2020년 과학기술혁신정책 Scoreboard,机构正式研究,,,https://www.kistep.re.kr/reportAllDetail.es?mid=a10305010000&rpt_no=RES0220210057&rpt_tp=831-002,官方目录元数据，附件未列入本批
产业创新、创业与区域体系,科技创新政策与能力基线,C-KISTEP-RES0220210057,2021-01-26,W2,2020년 과학기술혁신정책 Scoreboard,机构正式研究,,,https://www.kistep.re.kr/reportAllDetail.es?mid=a10305010000&rpt_no=RES0220210057&rpt_tp=831-002,官方目录元数据，附件未列入本批
科技创新政策与研究体系,科技创新政策与能力基线,C-KISTEP-RES0220210058,2021-01-26,W2,학생인건비 통합관리제 기획 및 운영,机构正式研究,,,https://www.kistep.re.kr/reportAllDetail.es?mid=a10305010000&rpt_no=RES0220210058&rpt_tp=831-001,官方目录元数据，附件未列入本批
科技人才、大学与知识流动,科技创新政策与能力基线,C-KISTEP-RES0220210060,2021-01-26,W2,2020년 과학기술인력(HRST) 스코어보드,机构正式研究,,,https://www.kistep.re.kr/reportAllDetail.es?mid=a10305010000&rpt_no=RES0220210060&rpt_tp=831-002,官方目录元数据，附件未列入本批
科研体系、研发投入与评价,科技创新政策与能力基线,C-KISTEP-RES0220210031,2021-01-27,W2,정부R&D 성과관리 및 활용 촉진을 위한 정책 기반 연구,机构正式研究,,,https://www.kistep.re.kr/reportAllDetail.es?mid=a10305010000&rpt_no=RES0220210031&rpt_tp=831-004,官方目录元数据，附件未列入本批
科技创新政策与研究体系,科技创新政策与能力基线,C-KISTEP-RES0220210054,2021-01-27,W2,2020년 산학연협력 스코어보드 연구,机构正式研究,,,https://www.kistep.re.kr/reportAllDetail.es?mid=a10305010000&rpt_no=RES0220210054&rpt_tp=831-002,官方目录元数据，附件未列入本批
科研体系、研发投入与评价,科技创新政策与能力基线,C-KISTEP-RES0220210056,2021-01-27,W2,"2020년 지방과학기술연감, 2020년 지역 R&D 실태조사",机构正式研究,,,https://www.kistep.re.kr/reportAllDetail.es?mid=a10305010000&rpt_no=RES0220210056&rpt_tp=831-002,官方目录元数据，附件未列入本批
产业创新、创业与区域体系,科技创新政策与能力基线,C-KISTEP-RES0220210056,2021-01-27,W2,"2020년 지방과학기술연감, 2020년 지역 R&D 실태조사",机构正式研究,,,https://www.kistep.re.kr/reportAllDetail.es?mid=a10305010000&rpt_no=RES0220210056&rpt_tp=831-002,官方目录元数据，附件未列入本批
科技前瞻与未来社会,科技创新政策与能力基线,C-KISTEP-RES0220210052,2021-01-28,W2,제6회 과학기술예측조사 연구(1차년도),机构正式研究,,,https://www.kistep.re.kr/reportAllDetail.es?mid=a10305010000&rpt_no=RES0220210052&rpt_tp=831-006,官方目录元数据，附件未列入本批
产业创新、创业与区域体系,科技创新政策与能力基线,C-KISTEP-RES0220210059,2021-01-28,W2,2020년 과학기술·사회혁신 스코어보드 구축 및 발간 연구,机构正式研究,,,https://www.kistep.re.kr/reportAllDetail.es?mid=a10305010000&rpt_no=RES0220210059&rpt_tp=831-002,官方目录元数据，附件未列入本批
科技人才、大学与知识流动,科技创新政策与能力基线,C-KISTEP-PRG0720210051,2021-01-31,W2,연구중심대학 혁신성장을 위한 대학 내 연구소 발전방안 연구,机构正式研究,,,https://www.kistep.re.kr/reportAllDetail.es?mid=a10305010000&rpt_no=PRG0720210051&rpt_tp=831-007,官方目录元数据，附件未列入本批
产业创新、创业与区域体系,科技创新政策与能力基线,C-KISTEP-PRG0720210051,2021-01-31,W2,연구중심대학 혁신성장을 위한 대학 내 연구소 발전방안 연구,机构正式研究,,,https://www.kistep.re.kr/reportAllDetail.es?mid=a10305010000&rpt_no=PRG0720210051&rpt_tp=831-007,官方目录元数据，附件未列入本批
科研体系、研发投入与评价,科技创新政策与能力基线,C-KISTEP-RES0220210064,2021-02-01,W2,효율성 분석에 기초한 지역 R&D 사업 개선방향에 관한 연구 : 기술개발 사업을 중심으로,机构正式研究,,,https://www.kistep.re.kr/reportAllDetail.es?mid=a10305010000&rpt_no=RES0220210064&rpt_tp=831-005,官方目录元数据，附件未列入本批
产业创新、创业与区域体系,科技创新政策与能力基线,C-KISTEP-RES0220210064,2021-02-01,W2,효율성 분석에 기초한 지역 R&D 사업 개선방향에 관한 연구 : 기술개발 사업을 중심으로,机构正式研究,,,https://www.kistep.re.kr/reportAllDetail.es?mid=a10305010000&rpt_no=RES0220210064&rpt_tp=831-005,官方目录元数据，附件未列入本批
科研体系、研发投入与评价,科技创新政策与能力基线,C-KISTEP-RES0220210065,2021-02-01,W2,기술-산업 연계 강화를 위한 R&D 인프라의 플랫폼화 방안 연구,机构正式研究,,,https://www.kistep.re.kr/reportAllDetail.es?mid=a10305010000&rpt_no=RES0220210065&rpt_tp=831-005,官方目录元数据，附件未列入本批
产业创新、创业与区域体系,科技创新政策与能力基线,C-KISTEP-RES0220210065,2021-02-01,W2,기술-산업 연계 강화를 위한 R&D 인프라의 플랫폼화 방안 연구,机构正式研究,,,https://www.kistep.re.kr/reportAllDetail.es?mid=a10305010000&rpt_no=RES0220210065&rpt_tp=831-005,官方目录元数据，附件未列入本批
科研体系、研发投入与评价,科技创新政策与能力基线,C-KISTEP-RES0220210066,2021-02-01,W2,국가연구개발사업 유형별 성과분석평가방법 개발 연구,机构正式研究,,,https://www.kistep.re.kr/reportAllDetail.es?mid=a10305010000&rpt_no=RES0220210066&rpt_tp=831-001,官方目录元数据，附件未列入本批
产业创新、创业与区域体系,科技创新政策与能力基线,C-KISTEP-RES0220210067,2021-02-01,W2,2020년 과학기술혁신정책 핵심이슈 발굴 및 인텔리전스 기능 강화 연구,机构正式研究,,,https://www.kistep.re.kr/reportAllDetail.es?mid=a10305010000&rpt_no=RES0220210067&rpt_tp=831-002,官方目录元数据，附件未列入本批
科技创新政策与研究体系,科技创新政策与能力基线,C-KISTEP-RES0220210068,2021-02-01,W2,과학기술의 사회·경제적 파급효과 분석방안 연구,机构正式研究,,,https://www.kistep.re.kr/reportAllDetail.es?mid=a10305010000&rpt_no=RES0220210068&rpt_tp=831-002,官方目录元数据，附件未列入本批
科研体系、研发投入与评价,科技创新政策与能力基线,C-KISTEP-RES0220210069,2021-02-01,W2,2020년 지역과학기술산업 스코어보드,机构正式研究,,,https://www.kistep.re.kr/reportAllDetail.es?mid=a10305010000&rpt_no=RES0220210069&rpt_tp=831-002,官方目录元数据，附件未列入本批
产业创新、创业与区域体系,科技创新政策与能力基线,C-KISTEP-RES0220210069,2021-02-01,W2,2020년 지역과학기술산업 스코어보드,机构正式研究,,,https://www.kistep.re.kr/reportAllDetail.es?mid=a10305010000&rpt_no=RES0220210069&rpt_tp=831-002,官方目录元数据，附件未列入本批
科研体系、研发投入与评价,科技创新政策与能力基线,C-KISTEP-RES0220210072,2021-02-02,W2,국가연구개발사업 간접비 제도 운영에 관한 연구,机构正式研究,,,https://www.kistep.re.kr/reportAllDetail.es?mid=a10305010000&rpt_no=RES0220210072&rpt_tp=831-001,官方目录元数据，附件未列入本批
科研体系、研发投入与评价,科技创新政策与能力基线,C-KISTEP-RES0220210075,2021-02-02,W2,2020년도 국가연구개발사업 상위평가 보고서(종료평가),机构正式研究,,,https://www.kistep.re.kr/reportAllDetail.es?mid=a10305010000&rpt_no=RES0220210075&rpt_tp=831-001,官方目录元数据，附件未列入本批
科研体系、研发投入与评价,科技创新政策与能力基线,C-KISTEP-RES0220210073,2021-02-03,W2,국가연구개발 연구성과 관리·활용 실태조사,机构正式研究,,,https://www.kistep.re.kr/reportAllDetail.es?mid=a10305010000&rpt_no=RES0220210073&rpt_tp=831-004,官方目录元数据，附件未列入本批
科研体系、研发投入与评价,科技创新政策与能力基线,C-KISTEP-RES0220210074,2021-02-03,W2,연구성과 관리·유통 전담기관 제도 운영,机构正式研究,,,https://www.kistep.re.kr/reportAllDetail.es?mid=a10305010000&rpt_no=RES0220210074&rpt_tp=831-004,官方目录元数据，附件未列入本批
科研体系、研发投入与评价,核心科技直接材料,C-KISTEP-RES0220210070,2021-02-05,W2,우주 분야 이머징 기술의 트렌드 분석을 통한 국내 연구개발 장기 투자 대응방안 도출 연구,机构正式研究,,,https://www.kistep.re.kr/reportAllDetail.es?mid=a10305010000&rpt_no=RES0220210070&rpt_tp=831-005,官方目录元数据，附件未列入本批
科技前瞻与未来社会,核心科技直接材料,C-KISTEP-RES0220210070,2021-02-05,W2,우주 분야 이머징 기술의 트렌드 분석을 통한 국내 연구개발 장기 투자 대응방안 도출 연구,机构正式研究,,,https://www.kistep.re.kr/reportAllDetail.es?mid=a10305010000&rpt_no=RES0220210070&rpt_tp=831-005,官方目录元数据，附件未列入本批
航天、核能与大型技术系统,核心科技直接材料,C-KISTEP-RES0220210070,2021-02-05,W2,우주 분야 이머징 기술의 트렌드 분석을 통한 국내 연구개발 장기 투자 대응방안 도출 연구,机构正式研究,,,https://www.kistep.re.kr/reportAllDetail.es?mid=a10305010000&rpt_no=RES0220210070&rpt_tp=831-005,官方目录元数据，附件未列入本批
科技创新政策与研究体系,科技创新政策与能力基线,C-KISTEP-RES0220210076,2021-02-05,W2,범부처 사회문제해결 기반 구축,机构正式研究,,,https://www.kistep.re.kr/reportAllDetail.es?mid=a10305010000&rpt_no=RES0220210076&rpt_tp=831-002,官方目录元数据，附件未列入本批
科研体系、研发投入与评价,科技创新政策与能力基线,C-KISTEP-RES0220210071,2021-02-08,W2,정부 R&D 연구지원통합시스템 개발 및 구축(1단계),机构正式研究,,,https://www.kistep.re.kr/reportAllDetail.es?mid=a10305010000&rpt_no=RES0220210071&rpt_tp=831-002,官方目录元数据，附件未列入本批
科技人才、大学与知识流动,科技创新政策与能力基线,C-KISTEP-RES0220210071,2021-02-08,W2,정부 R&D 연구지원통합시스템 개발 및 구축(1단계),机构正式研究,,,https://www.kistep.re.kr/reportAllDetail.es?mid=a10305010000&rpt_no=RES0220210071&rpt_tp=831-002,官方目录元数据，附件未列入本批
科技创新政策与研究体系,科技创新政策与能力基线,C-KISTEP-PRG0720210024,2021-02-09,W2,이해충돌의 관리를 위한 가이드라인 작성에 관한 연구,机构正式研究,,,https://www.kistep.re.kr/reportAllDetail.es?mid=a10305010000&rpt_no=PRG0720210024&rpt_tp=831-007,官方目录元数据，附件未列入本批
科研体系、研发投入与评价,科技创新政策与能力基线,C-KISTEP-RES0220210078,2021-02-10,W2,2020년 연구관리전문기관 체계 개선방안 연구,机构正式研究,,,https://www.kistep.re.kr/reportAllDetail.es?mid=a10305010000&rpt_no=RES0220210078&rpt_tp=831-001,官方目录元数据，附件未列入本批
产业创新、创业与区域体系,科技创新政策与能力基线,C-KISTEP-RES0220210078,2021-02-10,W2,2020년 연구관리전문기관 체계 개선방안 연구,机构正式研究,,,https://www.kistep.re.kr/reportAllDetail.es?mid=a10305010000&rpt_no=RES0220210078&rpt_tp=831-001,官方目录元数据，附件未列入本批
科研体系、研发投入与评价,科技创新政策与能力基线,C-KISTEP-RES0220210050,2021-02-15,W2,2019년도 연구개발활동조사,机构正式研究,,,https://www.kistep.re.kr/reportAllDetail.es?mid=a10305010000&rpt_no=RES0220210050&rpt_tp=831-001,官方目录元数据，附件未列入本批
科技人才、大学与知识流动,科技创新政策与能力基线,C-KISTEP-RES0220210050,2021-02-15,W2,2019년도 연구개발활동조사,机构正式研究,,,https://www.kistep.re.kr/reportAllDetail.es?mid=a10305010000&rpt_no=RES0220210050&rpt_tp=831-001,官方目录元数据，附件未列入本批
科研体系、研发投入与评价,科技创新政策与能力基线,C-KISTEP-RES0220210079,2021-02-15,W2,2019년도 국가연구개발사업 성과분석,机构正式研究,,,https://www.kistep.re.kr/reportAllDetail.es?mid=a10305010000&rpt_no=RES0220210079&rpt_tp=831-001,官方目录元数据，附件未列入本批
科技人才、大学与知识流动,科技创新政策与能力基线,C-KISTEP-RES0220210081,2021-02-15,W2,과학기술외교 추진전략 및 체계기반 구축연구,机构正式研究,,,https://www.kistep.re.kr/reportAllDetail.es?mid=a10305010000&rpt_no=RES0220210081&rpt_tp=831-002,官方目录元数据，附件未列入本批
技术安全、供应链与国际合作,科技创新政策与能力基线,C-KISTEP-RES0220210081,2021-02-15,W2,과학기술외교 추진전략 및 체계기반 구축연구,机构正式研究,,,https://www.kistep.re.kr/reportAllDetail.es?mid=a10305010000&rpt_no=RES0220210081&rpt_tp=831-002,官方目录元数据，附件未列入本批
科研体系、研发投入与评价,科技创新政策与能力基线,C-KISTEP-RES0220210082,2021-02-15,W2,국가연구개발 혁신을 위한 법제 연구,机构正式研究,,,https://www.kistep.re.kr/reportAllDetail.es?mid=a10305010000&rpt_no=RES0220210082&rpt_tp=831-002,官方目录元数据，附件未列入本批
产业创新、创业与区域体系,科技创新政策与能力基线,C-KISTEP-RES0220210082,2021-02-15,W2,국가연구개발 혁신을 위한 법제 연구,机构正式研究,,,https://www.kistep.re.kr/reportAllDetail.es?mid=a10305010000&rpt_no=RES0220210082&rpt_tp=831-002,官方目录元数据，附件未列入本批
科研体系、研发投入与评价,科技创新政策与能力基线,C-KISTEP-RES0220210083,2021-02-19,W2,2020년 국가연구개발 성과평가 정책수립 및 성과평가 실시,机构正式研究,,,https://www.kistep.re.kr/reportAllDetail.es?mid=a10305010000&rpt_no=RES0220210083&rpt_tp=831-001,官方目录元数据，附件未列入本批
科研体系、研发投入与评价,科技创新政策与能力基线,C-KISTEP-RES0220210086,2021-02-19,W2,2020년도 과학기술분야 출연연구기관 상위평가보고서,机构正式研究,,,https://www.kistep.re.kr/reportAllDetail.es?mid=a10305010000&rpt_no=RES0220210086&rpt_tp=831-001,官方目录元数据，附件未列入本批
人工智能、数据与数字技术,核心科技直接材料,C-KISTEP-RES0220210087,2021-02-24,W2,공공부문 연구혁신 진단을 위한 다출처 자료 연계 및 활용 방안 연구,机构正式研究,,,https://www.kistep.re.kr/reportAllDetail.es?mid=a10305010000&rpt_no=RES0220210087&rpt_tp=831-001,官方目录元数据，附件未列入本批
产业创新、创业与区域体系,核心科技直接材料,C-KISTEP-RES0220210087,2021-02-24,W2,공공부문 연구혁신 진단을 위한 다출처 자료 연계 및 활용 방안 연구,机构正式研究,,,https://www.kistep.re.kr/reportAllDetail.es?mid=a10305010000&rpt_no=RES0220210087&rpt_tp=831-001,官方目录元数据，附件未列入本批
科技创新政策与研究体系,科技创新政策与能力基线,C-KISTEP-RES0220210090,2021-02-24,W2,2020 과학기술 통계백서,机构正式研究,,,https://www.kistep.re.kr/reportAllDetail.es?mid=a10305010000&rpt_no=RES0220210090&rpt_tp=831-001,官方目录元数据，附件未列入本批
科研体系、研发投入与评价,科技创新政策与能力基线,C-KISTEP-RES0220210091,2021-02-24,W2,2020년도 과학기술 정책의 과학화 기반구축 연구,机构正式研究,,,https://www.kistep.re.kr/reportAllDetail.es?mid=a10305010000&rpt_no=RES0220210091&rpt_tp=831-001,官方目录元数据，附件未列入本批
科研体系、研发投入与评价,科技创新政策与能力基线,C-KISTEP-RES0220210092,2021-02-24,W2,과학기술혁신 추진 기반 영역의 주요 정책 아젠다 발굴을 위한 연구,机构正式研究,,,https://www.kistep.re.kr/reportAllDetail.es?mid=a10305010000&rpt_no=RES0220210092&rpt_tp=831-002,官方目录元数据，附件未列入本批
产业创新、创业与区域体系,科技创新政策与能力基线,C-KISTEP-RES0220210092,2021-02-24,W2,과학기술혁신 추진 기반 영역의 주요 정책 아젠다 발굴을 위한 연구,机构正式研究,,,https://www.kistep.re.kr/reportAllDetail.es?mid=a10305010000&rpt_no=RES0220210092&rpt_tp=831-002,官方目录元数据，附件未列入本批
科研体系、研发投入与评价,科技创新政策与能力基线,C-KISTEP-RES0220210093,2021-02-24,W2,2020년 국가 과학기술혁신역량평가,机构正式研究,,,https://www.kistep.re.kr/reportAllDetail.es?mid=a10305010000&rpt_no=RES0220210093&rpt_tp=831-001,官方目录元数据，附件未列入本批
产业创新、创业与区域体系,科技创新政策与能力基线,C-KISTEP-RES0220210093,2021-02-24,W2,2020년 국가 과학기술혁신역량평가,机构正式研究,,,https://www.kistep.re.kr/reportAllDetail.es?mid=a10305010000&rpt_no=RES0220210093&rpt_tp=831-001,官方目录元数据，附件未列入本批
科研体系、研发投入与评价,科技创新政策与能力基线,C-KISTEP-RES0220210088,2021-02-26,W2,2020년도 국가연구개발사업 상위평가 보고서 추적평가,机构正式研究,,,https://www.kistep.re.kr/reportAllDetail.es?mid=a10305010000&rpt_no=RES0220210088&rpt_tp=831-001,官方目录元数据，附件未列入本批
科研体系、研发投入与评价,科技创新政策与能力基线,C-KISTEP-RES0220210096,2021-02-26,W2,정부R&D 20조원 시대의 전략과 혁신주체별 역할 및 생태계 조성방안 연구(Ⅱ),机构正式研究,,,https://www.kistep.re.kr/reportAllDetail.es?mid=a10305010000&rpt_no=RES0220210096&rpt_tp=831-002,官方目录元数据，附件未列入本批
产业创新、创业与区域体系,科技创新政策与能力基线,C-KISTEP-RES0220210096,2021-02-26,W2,정부R&D 20조원 시대의 전략과 혁신주체별 역할 및 생태계 조성방안 연구(Ⅱ),机构正式研究,,,https://www.kistep.re.kr/reportAllDetail.es?mid=a10305010000&rpt_no=RES0220210096&rpt_tp=831-002,官方目录元数据，附件未列入本批
产业创新、创业与区域体系,科技创新政策与能力基线,C-KISTEP-RES0220210099,2021-02-26,W2,한국형 국가기술혁신체계(NIS) 진단 및 구축방안 연구(II),机构正式研究,,,https://www.kistep.re.kr/reportAllDetail.es?mid=a10305010000&rpt_no=RES0220210099&rpt_tp=831-002,官方目录元数据，附件未列入本批
科研体系、研发投入与评价,科技创新政策与能力基线,C-KISTEP-RES0220210097,2021-03-02,W2,2020년 지역 R&D혁신체계 발전 방향에 관한 연구,机构正式研究,,,https://www.kistep.re.kr/reportAllDetail.es?mid=a10305010000&rpt_no=RES0220210097&rpt_tp=831-002,官方目录元数据，附件未列入本批
产业创新、创业与区域体系,科技创新政策与能力基线,C-KISTEP-RES0220210097,2021-03-02,W2,2020년 지역 R&D혁신체계 발전 방향에 관한 연구,机构正式研究,,,https://www.kistep.re.kr/reportAllDetail.es?mid=a10305010000&rpt_no=RES0220210097&rpt_tp=831-002,官方目录元数据，附件未列入本批
科研体系、研发投入与评价,科技创新政策与能力基线,C-KISTEP-RES0220200211,2021-03-03,W2,2020년 과학기술 분야 R&D 제도 혁신 기반 연구,机构正式研究,,,https://www.kistep.re.kr/reportAllDetail.es?mid=a10305010000&rpt_no=RES0220200211&rpt_tp=831-002,官方目录元数据，附件未列入本批
产业创新、创业与区域体系,科技创新政策与能力基线,C-KISTEP-RES0220200211,2021-03-03,W2,2020년 과학기술 분야 R&D 제도 혁신 기반 연구,机构正式研究,,,https://www.kistep.re.kr/reportAllDetail.es?mid=a10305010000&rpt_no=RES0220200211&rpt_tp=831-002,官方目录元数据，附件未列入本批
科研体系、研发投入与评价,科技创新政策与能力基线,C-KISTEP-RES0220210105,2021-03-03,W2,"COVID19 이후, 과학기술 R&D 성과분석, 확산, 제도 수립 및 평가 대응력 강화를 위한 연구",机构正式研究,,,https://www.kistep.re.kr/reportAllDetail.es?mid=a10305010000&rpt_no=RES0220210105&rpt_tp=831-001,官方目录元数据，附件未列入本批
科研体系、研发投入与评价,科技创新政策与能力基线,C-KISTEP-RES0220210107,2021-03-03,W2,연구현장 의견 수렴을 통한 과기정통부 기관평가 제도 현안 이슈 발굴 및 개선방안 연구,机构正式研究,,,https://www.kistep.re.kr/reportAllDetail.es?mid=a10305010000&rpt_no=RES0220210107&rpt_tp=831-001,官方目录元数据，附件未列入本批
产业创新、创业与区域体系,科技创新政策与能力基线,C-KISTEP-RES0220210095,2021-03-04,W2,국가과학기술자문회의 심의회의 과학기술혁신 정책조정 기능 강화 방안,机构正式研究,,,https://www.kistep.re.kr/reportAllDetail.es?mid=a10305010000&rpt_no=RES0220210095&rpt_tp=831-002,官方目录元数据，附件未列入本批
科研体系、研发投入与评价,科技创新政策与能力基线,C-KISTEP-RES0220210108,2021-03-04,W2,전략성 연계 중심의 정부R&D 예산배분조정 지원체계에 대한 연구,机构正式研究,,,https://www.kistep.re.kr/reportAllDetail.es?mid=a10305010000&rpt_no=RES0220210108&rpt_tp=831-005,官方目录元数据，附件未列入本批
科研体系、研发投入与评价,科技创新政策与能力基线,C-KISTEP-RES0220210114,2021-03-11,W2,맞춤형 중소기업 R&D 지원전략 수립을 위한 기업혁신역량 측정 및 유형화에 관한 연구,机构正式研究,,,https://www.kistep.re.kr/reportAllDetail.es?mid=a10305010000&rpt_no=RES0220210114&rpt_tp=831-005,官方目录元数据，附件未列入本批
产业创新、创业与区域体系,科技创新政策与能力基线,C-KISTEP-RES0220210114,2021-03-11,W2,맞춤형 중소기업 R&D 지원전략 수립을 위한 기업혁신역량 측정 및 유형화에 관한 연구,机构正式研究,,,https://www.kistep.re.kr/reportAllDetail.es?mid=a10305010000&rpt_no=RES0220210114&rpt_tp=831-005,官方目录元数据，附件未列入本批
产业创新、创业与区域体系,科技创新政策与能力基线,C-KISTEP-RES0220210115,2021-03-15,W2,혁신성장동력분야별 현황분석 및 정책고도화 방안 연구(II),机构正式研究,,,https://www.kistep.re.kr/reportAllDetail.es?mid=a10305010000&rpt_no=RES0220210115&rpt_tp=831-002,官方目录元数据，附件未列入本批
科研体系、研发投入与评价,科技创新政策与能力基线,C-KISTEP-RES0220210119,2021-03-15,W2,정부 R&D 기반구축 연구: 소재·부품·장비 분야 중심으로,机构正式研究,,,https://www.kistep.re.kr/reportAllDetail.es?mid=a10305010000&rpt_no=RES0220210119&rpt_tp=831-005,官方目录元数据，附件未列入本批
科技人才、大学与知识流动,科技创新政策与能力基线,C-KISTEP-RES0220210109,2021-03-16,W2,미래인재특별위원회 운영 지원,机构正式研究,,,https://www.kistep.re.kr/reportAllDetail.es?mid=a10305010000&rpt_no=RES0220210109&rpt_tp=831-002,官方目录元数据，附件未列入本批
产业创新、创业与区域体系,科技创新政策与能力基线,C-KISTEP-RES0220210109,2021-03-16,W2,미래인재특별위원회 운영 지원,机构正式研究,,,https://www.kistep.re.kr/reportAllDetail.es?mid=a10305010000&rpt_no=RES0220210109&rpt_tp=831-002,官方目录元数据，附件未列入本批
科技前瞻与未来社会,科技创新政策与能力基线,C-KISTEP-RES0220210109,2021-03-16,W2,미래인재특별위원회 운영 지원,机构正式研究,,,https://www.kistep.re.kr/reportAllDetail.es?mid=a10305010000&rpt_no=RES0220210109&rpt_tp=831-002,官方目录元数据，附件未列入本批
产业创新、创业与区域体系,科技创新政策与能力基线,C-KISTEP-RES0220210121,2021-03-17,W2,국가혁신체계 고도화를 위한 의제 탐색연구,机构正式研究,,,https://www.kistep.re.kr/reportAllDetail.es?mid=a10305010000&rpt_no=RES0220210121&rpt_tp=831-002,官方目录元数据，附件未列入本批
人工智能、数据与数字技术,核心科技直接材料,C-KISTEP-RES0220210122,2021-03-18,W2,연구개발활동조사 심층분석,机构正式研究,,,https://www.kistep.re.kr/reportAllDetail.es?mid=a10305010000&rpt_no=RES0220210122&rpt_tp=831-001,官方目录元数据，附件未列入本批
科研体系、研发投入与评价,核心科技直接材料,C-KISTEP-RES0220210122,2021-03-18,W2,연구개발활동조사 심층분석,机构正式研究,,,https://www.kistep.re.kr/reportAllDetail.es?mid=a10305010000&rpt_no=RES0220210122&rpt_tp=831-001,官方目录元数据，附件未列入本批
科研体系、研发投入与评价,科技创新政策与能力基线,C-KISTEP-RES0220210124,2021-03-18,W2,과학기술정책인큐베이팅 및 정책포럼 구성·운영,机构正式研究,,,https://www.kistep.re.kr/reportAllDetail.es?mid=a10305010000&rpt_no=RES0220210124&rpt_tp=831-002,官方目录元数据，附件未列入本批
科研体系、研发投入与评价,科技创新政策与能力基线,C-KISTEP-RES0220210125,2021-03-19,W2,R&D 우수성과 범부처 이어달리기 추진방안 수립지원,机构正式研究,,,https://www.kistep.re.kr/reportAllDetail.es?mid=a10305010000&rpt_no=RES0220210125&rpt_tp=831-004,官方目录元数据，附件未列入本批
科技创新政策与研究体系,科技创新政策与能力基线,C-KISTEP-RES0220210103,2021-03-23,W2,2020년 다부처협력특위 운영,机构正式研究,,,https://www.kistep.re.kr/reportAllDetail.es?mid=a10305010000&rpt_no=RES0220210103&rpt_tp=831-002,官方目录元数据，附件未列入本批
科研体系、研发投入与评价,科技创新政策与能力基线,C-KISTEP-RES0220210110,2021-03-23,W2,국가연구개발사업 예비타당성조사 2020 연차보고서,机构正式研究,,,https://www.kistep.re.kr/reportAllDetail.es?mid=a10305010000&rpt_no=RES0220210110&rpt_tp=831-003,官方目录元数据，附件未列入本批
科研体系、研发投入与评价,科技创新政策与能力基线,C-KISTEP-RES0220210080,2021-03-24,W2,"연구성과 관리·활용 기본계획/실시계획 수립 및 우수성과 추적조사, 성과평가포럼 운영",机构正式研究,,,https://www.kistep.re.kr/reportAllDetail.es?mid=a10305010000&rpt_no=RES0220210080&rpt_tp=831-002,官方目录元数据，附件未列入本批
产业创新、创业与区域体系,科技创新政策与能力基线,C-KISTEP-RES0220210123,2021-03-24,W2,혁신성장동력 기획관리 및 운영,机构正式研究,,,https://www.kistep.re.kr/reportAllDetail.es?mid=a10305010000&rpt_no=RES0220210123&rpt_tp=831-002,官方目录元数据，附件未列入本批
能源、气候与绿色转型,核心科技直接材料,C-KISTEP-RES0220210130,2021-03-24,W2,2020년도 예비타당성조사 보고서 원전해체핵심 기술개발사업,机构正式研究,,,https://www.kistep.re.kr/reportAllDetail.es?mid=a10305010000&rpt_no=RES0220210130&rpt_tp=831-003,官方目录元数据，附件未列入本批
科研体系、研发投入与评价,核心科技直接材料,C-KISTEP-RES0220210130,2021-03-24,W2,2020년도 예비타당성조사 보고서 원전해체핵심 기술개발사업,机构正式研究,,,https://www.kistep.re.kr/reportAllDetail.es?mid=a10305010000&rpt_no=RES0220210130&rpt_tp=831-003,官方目录元数据，附件未列入本批
航天、核能与大型技术系统,核心科技直接材料,C-KISTEP-RES0220210130,2021-03-24,W2,2020년도 예비타당성조사 보고서 원전해체핵심 기술개발사업,机构正式研究,,,https://www.kistep.re.kr/reportAllDetail.es?mid=a10305010000&rpt_no=RES0220210130&rpt_tp=831-003,官方目录元数据，附件未列入本批
科研体系、研发投入与评价,科技创新政策与能力基线,C-KISTEP-RES0220210131,2021-03-24,W2,연구현장중심의 국가연구개발사업 제도개선에 관한 연구,机构正式研究,,,https://www.kistep.re.kr/reportAllDetail.es?mid=a10305010000&rpt_no=RES0220210131&rpt_tp=831-002,官方目录元数据，附件未列入本批
技术安全、供应链与国际合作,科技创新政策与能力基线,C-KISTEP-RES0220210131,2021-03-24,W2,연구현장중심의 국가연구개발사업 제도개선에 관한 연구,机构正式研究,,,https://www.kistep.re.kr/reportAllDetail.es?mid=a10305010000&rpt_no=RES0220210131&rpt_tp=831-002,官方目录元数据，附件未列入本批
科研体系、研发投入与评价,科技创新政策与能力基线,C-KISTEP-RES0220210132,2021-03-24,W2,국가연구개발 중장기 투자전략 수립방향 연구,机构正式研究,,,https://www.kistep.re.kr/reportAllDetail.es?mid=a10305010000&rpt_no=RES0220210132&rpt_tp=831-005,官方目录元数据，附件未列入本批
科研体系、研发投入与评价,科技创新政策与能力基线,C-KISTEP-RES0220210133,2021-03-24,W2,2020년도 예비타당성조사 보고서 (지속가능한 통합물관리 기술개발사업),机构正式研究,,,https://www.kistep.re.kr/reportAllDetail.es?mid=a10305010000&rpt_no=RES0220210133&rpt_tp=831-003,官方目录元数据，附件未列入本批
科技人才、大学与知识流动,科技创新政策与能力基线,C-KISTEP-RES0220210134,2021-03-24,W2,소재·부품·장비 분야 인력양성 현황 분석 및 확보전략 연구,机构正式研究,,,https://www.kistep.re.kr/reportAllDetail.es?mid=a10305010000&rpt_no=RES0220210134&rpt_tp=831-002,官方目录元数据，附件未列入本批
产业创新、创业与区域体系,科技创新政策与能力基线,C-KISTEP-RES0220210134,2021-03-24,W2,소재·부품·장비 분야 인력양성 현황 분석 및 확보전략 연구,机构正式研究,,,https://www.kistep.re.kr/reportAllDetail.es?mid=a10305010000&rpt_no=RES0220210134&rpt_tp=831-002,官方目录元数据，附件未列入本批
产业创新、创业与区域体系,科技创新政策与能力基线,C-KISTEP-RES0220210136,2021-03-26,W2,과학기술기본계획 시행계획 수립 및 국가R&D 혁신 실행력 제고 연구,机构正式研究,,,https://www.kistep.re.kr/reportAllDetail.es?mid=a10305010000&rpt_no=RES0220210136&rpt_tp=831-002,官方目录元数据，附件未列入本批
产业创新、创业与区域体系,科技创新政策与能力基线,C-KISTEP-RES0220210129,2021-03-29,W2,지방과학기술진흥협의회 운영 효율화,机构正式研究,,,https://www.kistep.re.kr/reportAllDetail.es?mid=a10305010000&rpt_no=RES0220210129&rpt_tp=831-002,官方目录元数据，附件未列入本批
人工智能、数据与数字技术,核心科技直接材料,C-KISTEP-RES0220210135,2021-03-29,W2,2020년도 예비타당성조사 보고서 (디지털 라이브 국토정보 기술개발사업),机构正式研究,,,https://www.kistep.re.kr/reportAllDetail.es?mid=a10305010000&rpt_no=RES0220210135&rpt_tp=831-003,官方目录元数据，附件未列入本批
科研体系、研发投入与评价,核心科技直接材料,C-KISTEP-RES0220210135,2021-03-29,W2,2020년도 예비타당성조사 보고서 (디지털 라이브 국토정보 기술개발사업),机构正式研究,,,https://www.kistep.re.kr/reportAllDetail.es?mid=a10305010000&rpt_no=RES0220210135&rpt_tp=831-003,官方目录元数据，附件未列入本批
科研体系、研发投入与评价,科技创新政策与能力基线,C-KISTEP-RES0220210137,2021-03-29,W2,2020년도 예비타당성조사 보고서 첨단 산림생명공학기술개발사업,机构正式研究,,,https://www.kistep.re.kr/reportAllDetail.es?mid=a10305010000&rpt_no=RES0220210137&rpt_tp=831-003,官方目录元数据，附件未列入本批
科研体系、研发投入与评价,科技创新政策与能力基线,C-KISTEP-RES0220210138,2021-03-29,W2,국가연구개발사업 연구윤리 제도 재정립 및 제재 제도개선 연구,机构正式研究,,,https://www.kistep.re.kr/reportAllDetail.es?mid=a10305010000&rpt_no=RES0220210138&rpt_tp=831-002,官方目录元数据，附件未列入本批
技术安全、供应链与国际合作,科技创新政策与能力基线,C-KISTEP-RES0220210138,2021-03-29,W2,국가연구개발사업 연구윤리 제도 재정립 및 제재 제도개선 연구,机构正式研究,,,https://www.kistep.re.kr/reportAllDetail.es?mid=a10305010000&rpt_no=RES0220210138&rpt_tp=831-002,官方目录元数据，附件未列入本批
科研体系、研发投入与评价,科技创新政策与能力基线,C-KISTEP-RES0220210139,2021-03-29,W2,2020년도 예비타당성조사 보고서 건축물 안전 예측 및 대응 기술개발 사업,机构正式研究,,,https://www.kistep.re.kr/reportAllDetail.es?mid=a10305010000&rpt_no=RES0220210139&rpt_tp=831-003,官方目录元数据，附件未列入本批
科技前瞻与未来社会,科技创新政策与能力基线,C-KISTEP-RES0220210139,2021-03-29,W2,2020년도 예비타당성조사 보고서 건축물 안전 예측 및 대응 기술개발 사업,机构正式研究,,,https://www.kistep.re.kr/reportAllDetail.es?mid=a10305010000&rpt_no=RES0220210139&rpt_tp=831-003,官方目录元数据，附件未列入本批
科研体系、研发投入与评价,科技创新政策与能力基线,C-KISTEP-RES0220210141,2021-03-30,W2,공공연구기관 R&D 혁신을 위한 현황조사·분석 및 발전방안 도출에 관한 연구 (3단계),机构正式研究,,,https://www.kistep.re.kr/reportAllDetail.es?mid=a10305010000&rpt_no=RES0220210141&rpt_tp=831-002,官方目录元数据，附件未列入本批
产业创新、创业与区域体系,科技创新政策与能力基线,C-KISTEP-RES0220210141,2021-03-30,W2,공공연구기관 R&D 혁신을 위한 현황조사·분석 및 발전방안 도출에 관한 연구 (3단계),机构正式研究,,,https://www.kistep.re.kr/reportAllDetail.es?mid=a10305010000&rpt_no=RES0220210141&rpt_tp=831-002,官方目录元数据，附件未列入本批
科技创新政策与研究体系,科技创新政策与能力基线,C-KISTEP-PRG0720210052,2021-03-31,W2,국가 과학기술 경쟁력 제고를 위한 과학기술 석학기관의 발전 방안,机构正式研究,,,https://www.kistep.re.kr/reportAllDetail.es?mid=a10305010000&rpt_no=PRG0720210052&rpt_tp=831-007,官方目录元数据，附件未列入本批
科研体系、研发投入与评价,科技创新政策与能力基线,C-KISTEP-RES0220210143,2021-03-31,W2,2020년 국가 과학기술 현황 종합 인식조사에 대한 연구,机构正式研究,,,https://www.kistep.re.kr/reportAllDetail.es?mid=a10305010000&rpt_no=RES0220210143&rpt_tp=831-002,官方目录元数据，附件未列入本批
科研体系、研发投入与评价,科技创新政策与能力基线,C-KISTEP-RES0220210140,2021-04-02,W2,정부R&D 재정사업 유형화를 통한 예산프로세스 개선방안 연구,机构正式研究,,,https://www.kistep.re.kr/reportAllDetail.es?mid=a10305010000&rpt_no=RES0220210140&rpt_tp=831-005,官方目录元数据，附件未列入本批
科研体系、研发投入与评价,科技创新政策与能力基线,C-KISTEP-RES0220210142,2021-04-02,W2,2020년 기초연구진흥협의회 운영 지원,机构正式研究,,,https://www.kistep.re.kr/reportAllDetail.es?mid=a10305010000&rpt_no=RES0220210142&rpt_tp=831-002,官方目录元数据，附件未列入本批
科技创新政策与研究体系,科技创新政策与能力基线,C-KISTEP-RES0220210144,2021-04-02,W2,과학기술관계장관회의의 안정적 운영 및 효율화 방안,机构正式研究,,,https://www.kistep.re.kr/reportAllDetail.es?mid=a10305010000&rpt_no=RES0220210144&rpt_tp=831-002,官方目录元数据，附件未列入本批
科技创新政策与研究体系,科技创新政策与能力基线,C-KISTEP-RES0220210145,2021-04-06,W2,성장동력 정책 체계 비교 연구,机构正式研究,,,https://www.kistep.re.kr/reportAllDetail.es?mid=a10305010000&rpt_no=RES0220210145&rpt_tp=831-002,官方目录元数据，附件未列入本批
科研体系、研发投入与评价,科技创新政策与能力基线,C-KISTEP-RES0220210146,2021-04-12,W2,2020년도 연구개발지원단 육성지원사업,机构正式研究,,,https://www.kistep.re.kr/reportAllDetail.es?mid=a10305010000&rpt_no=RES0220210146&rpt_tp=831-002,官方目录元数据，附件未列入本批
产业创新、创业与区域体系,科技创新政策与能力基线,C-KISTEP-RES0220210146,2021-04-12,W2,2020년도 연구개발지원단 육성지원사업,机构正式研究,,,https://www.kistep.re.kr/reportAllDetail.es?mid=a10305010000&rpt_no=RES0220210146&rpt_tp=831-002,官方目录元数据，附件未列入本批
半导体、量子与战略技术,核心科技直接材料,C-KISTEP-RES0220210120,2021-04-14,W2,2020년 기술수준평가,机构正式研究,,,https://www.kistep.re.kr/reportAllDetail.es?mid=a10305010000&rpt_no=RES0220210120&rpt_tp=831-006,官方目录元数据，附件未列入本批
科研体系、研发投入与评价,核心科技直接材料,C-KISTEP-RES0220210120,2021-04-14,W2,2020년 기술수준평가,机构正式研究,,,https://www.kistep.re.kr/reportAllDetail.es?mid=a10305010000&rpt_no=RES0220210120&rpt_tp=831-006,官方目录元数据，附件未列入本批
科研体系、研发投入与评价,科技创新政策与能力基线,C-KISTEP-RES0220210147,2021-04-19,W2,2020년도 과학기술정보통신부 직할 출연(연) 및 국가과학기술연구회 기관평가,机构正式研究,,,https://www.kistep.re.kr/reportAllDetail.es?mid=a10305010000&rpt_no=RES0220210147&rpt_tp=831-001,官方目录元数据，附件未列入本批
科技创新政策与研究体系,科技创新政策与能力基线,C-KISTEP-RES0220210148,2021-04-19,W2,2020년도 다부처공동기획 활성화 기반 연구,机构正式研究,,,https://www.kistep.re.kr/reportAllDetail.es?mid=a10305010000&rpt_no=RES0220210148&rpt_tp=831-002,官方目录元数据，附件未列入本批
科研体系、研发投入与评价,科技创新政策与能力基线,C-KISTEP-RES0220210149,2021-04-22,W2,2020년 혁신도전프로젝트 사업 지원,机构正式研究,,,https://www.kistep.re.kr/reportAllDetail.es?mid=a10305010000&rpt_no=RES0220210149&rpt_tp=831-002,官方目录元数据，附件未列入本批
产业创新、创业与区域体系,科技创新政策与能力基线,C-KISTEP-RES0220210149,2021-04-22,W2,2020년 혁신도전프로젝트 사업 지원,机构正式研究,,,https://www.kistep.re.kr/reportAllDetail.es?mid=a10305010000&rpt_no=RES0220210149&rpt_tp=831-002,官方目录元数据，附件未列入本批
科技创新政策与研究体系,科技创新政策与能力基线,C-KISTEP-RES0220210150,2021-05-10,W2,2020 과학기술연감,机构正式研究,,,https://www.kistep.re.kr/reportAllDetail.es?mid=a10305010000&rpt_no=RES0220210150&rpt_tp=831-002,官方目录元数据，附件未列入本批
人工智能、数据与数字技术,核心科技直接材料,C-KISTEP-RES0220210154,2021-06-24,W2,2020년도 예비타당성조사 보고서 디지털육종기반 종자산업 혁신기술개발사업,机构正式研究,,,https://www.kistep.re.kr/reportAllDetail.es?mid=a10305010000&rpt_no=RES0220210154&rpt_tp=831-003,官方目录元数据，附件未列入本批
科研体系、研发投入与评价,核心科技直接材料,C-KISTEP-RES0220210154,2021-06-24,W2,2020년도 예비타당성조사 보고서 디지털육종기반 종자산업 혁신기술개발사업,机构正式研究,,,https://www.kistep.re.kr/reportAllDetail.es?mid=a10305010000&rpt_no=RES0220210154&rpt_tp=831-003,官方目录元数据，附件未列入本批
产业创新、创业与区域体系,核心科技直接材料,C-KISTEP-RES0220210154,2021-06-24,W2,2020년도 예비타당성조사 보고서 디지털육종기반 종자산업 혁신기술개발사업,机构正式研究,,,https://www.kistep.re.kr/reportAllDetail.es?mid=a10305010000&rpt_no=RES0220210154&rpt_tp=831-003,官方目录元数据，附件未列入本批
人工智能、数据与数字技术,核心科技直接材料,C-KISTEP-RES0220210155,2021-06-29,W2,2020년도 예비타당성조사 보고서 사람 중심 AI 강국 실현을 위한 차세대 인공지능 핵심원천기술개발사업,机构正式研究,,,https://www.kistep.re.kr/reportAllDetail.es?mid=a10305010000&rpt_no=RES0220210155&rpt_tp=831-003,官方目录元数据，附件未列入本批
科研体系、研发投入与评价,核心科技直接材料,C-KISTEP-RES0220210155,2021-06-29,W2,2020년도 예비타당성조사 보고서 사람 중심 AI 강국 실현을 위한 차세대 인공지능 핵심원천기술개발사업,机构正式研究,,,https://www.kistep.re.kr/reportAllDetail.es?mid=a10305010000&rpt_no=RES0220210155&rpt_tp=831-003,官方目录元数据，附件未列入本批
人工智能、数据与数字技术,核心科技直接材料,C-KISTEP-RES0220210156,2021-06-29,W2,2020년도 사업계획 적정성 재검토 보고서 글로벌헬스기술연구기금(라이트펀드)사업,机构正式研究,,,https://www.kistep.re.kr/reportAllDetail.es?mid=a10305010000&rpt_no=RES0220210156&rpt_tp=831-003,官方目录元数据，附件未列入本批
生命科学、生物技术与健康,核心科技直接材料,C-KISTEP-RES0220210156,2021-06-29,W2,2020년도 사업계획 적정성 재검토 보고서 글로벌헬스기술연구기금(라이트펀드)사업,机构正式研究,,,https://www.kistep.re.kr/reportAllDetail.es?mid=a10305010000&rpt_no=RES0220210156&rpt_tp=831-003,官方目录元数据，附件未列入本批
科研体系、研发投入与评价,核心科技直接材料,C-KISTEP-RES0220210156,2021-06-29,W2,2020년도 사업계획 적정성 재검토 보고서 글로벌헬스기술연구기금(라이트펀드)사업,机构正式研究,,,https://www.kistep.re.kr/reportAllDetail.es?mid=a10305010000&rpt_no=RES0220210156&rpt_tp=831-003,官方目录元数据，附件未列入本批
能源、气候与绿色转型,科技创新政策与能力基线,C-KISTEP-RES0220210157,2021-06-29,W2,2020년도 예비타당성조사 보고서 신기후체제 대응 환경기술개발사업,机构正式研究,,,https://www.kistep.re.kr/reportAllDetail.es?mid=a10305010000&rpt_no=RES0220210157&rpt_tp=831-003,官方目录元数据，附件未列入本批
科研体系、研发投入与评价,科技创新政策与能力基线,C-KISTEP-RES0220210157,2021-06-29,W2,2020년도 예비타당성조사 보고서 신기후체제 대응 환경기술개발사업,机构正式研究,,,https://www.kistep.re.kr/reportAllDetail.es?mid=a10305010000&rpt_no=RES0220210157&rpt_tp=831-003,官方目录元数据，附件未列入本批
科研体系、研发投入与评价,科技创新政策与能力基线,C-KISTEP-RES0220210158,2021-06-29,W2,2020년도 예비타당성조사 보고서 스마트 해양예측 기술개발사업,机构正式研究,,,https://www.kistep.re.kr/reportAllDetail.es?mid=a10305010000&rpt_no=RES0220210158&rpt_tp=831-003,官方目录元数据，附件未列入本批
科技前瞻与未来社会,科技创新政策与能力基线,C-KISTEP-RES0220210158,2021-06-29,W2,2020년도 예비타당성조사 보고서 스마트 해양예측 기술개발사업,机构正式研究,,,https://www.kistep.re.kr/reportAllDetail.es?mid=a10305010000&rpt_no=RES0220210158&rpt_tp=831-003,官方目录元数据，附件未列入本批
生命科学、生物技术与健康,核心科技直接材料,C-KISTEP-RES0220210159,2021-06-30,W2,2020년도 예비타당성조사 보고서 휴먼마이크로바이옴 상용화제품기술개발사업,机构正式研究,,,https://www.kistep.re.kr/reportAllDetail.es?mid=a10305010000&rpt_no=RES0220210159&rpt_tp=831-003,官方目录元数据，附件未列入本批
科研体系、研发投入与评价,核心科技直接材料,C-KISTEP-RES0220210159,2021-06-30,W2,2020년도 예비타당성조사 보고서 휴먼마이크로바이옴 상용화제품기술개발사업,机构正式研究,,,https://www.kistep.re.kr/reportAllDetail.es?mid=a10305010000&rpt_no=RES0220210159&rpt_tp=831-003,官方目录元数据，附件未列入本批
科研体系、研发投入与评价,科技创新政策与能力基线,C-KISTEP-RES0220210161,2021-06-30,W2,2020년 예비타당성조사 보고서 다목적 방사광가속기 구축사업,机构正式研究,,,https://www.kistep.re.kr/reportAllDetail.es?mid=a10305010000&rpt_no=RES0220210161&rpt_tp=831-003,官方目录元数据，附件未列入本批
科技创新政策与研究体系,科技创新政策与能力基线,C-KISTEP-RES0220210164,2021-08-17,W2,과학기술의 사회적 역할 강화를 위한 정책 이슈 분석 및 방법론 연구,机构正式研究,,,https://www.kistep.re.kr/reportAllDetail.es?mid=a10305010000&rpt_no=RES0220210164&rpt_tp=831-002,官方目录元数据，附件未列入本批
科研体系、研发投入与评价,科技创新政策与能力基线,C-KISTEP-RES0220210166,2021-08-19,W2,2021년 국가연구개발 자체·상위평가,机构正式研究,,,https://www.kistep.re.kr/reportAllDetail.es?mid=a10305010000&rpt_no=RES0220210166&rpt_tp=831-001,官方目录元数据，附件未列入本批
科研体系、研发投入与评价,科技创新政策与能力基线,C-KISTEP-RES0220210167,2021-08-23,W2,2020년도 예비타당성조사 보고서 차세대 쇄빙연구선 건조사업,机构正式研究,,,https://www.kistep.re.kr/reportAllDetail.es?mid=a10305010000&rpt_no=RES0220210167&rpt_tp=831-003,官方目录元数据，附件未列入本批
人工智能、数据与数字技术,核心科技直接材料,C-KISTEP-RES0220210168,2021-08-23,W2,2020년도 예비타당성조사 보고서 데이터기반 스마트 철도안전관리 기술개발사업,机构正式研究,,,https://www.kistep.re.kr/reportAllDetail.es?mid=a10305010000&rpt_no=RES0220210168&rpt_tp=831-003,官方目录元数据，附件未列入本批
科研体系、研发投入与评价,核心科技直接材料,C-KISTEP-RES0220210168,2021-08-23,W2,2020년도 예비타당성조사 보고서 데이터기반 스마트 철도안전관리 기술개발사업,机构正式研究,,,https://www.kistep.re.kr/reportAllDetail.es?mid=a10305010000&rpt_no=RES0220210168&rpt_tp=831-003,官方目录元数据，附件未列入本批
科研体系、研发投入与评价,科技创新政策与能力基线,C-KISTEP-RES0220210169,2021-08-23,W2,2020년도 예비타당성조사 보고서 한국형 스마트야드(K-Yard) 핵심기술개발사업,机构正式研究,,,https://www.kistep.re.kr/reportAllDetail.es?mid=a10305010000&rpt_no=RES0220210169&rpt_tp=831-003,官方目录元数据，附件未列入本批
产业创新、创业与区域体系,科技创新政策与能力基线,C-KISTEP-RES0220210169,2021-08-23,W2,2020년도 예비타당성조사 보고서 한국형 스마트야드(K-Yard) 핵심기술개발사업,机构正式研究,,,https://www.kistep.re.kr/reportAllDetail.es?mid=a10305010000&rpt_no=RES0220210169&rpt_tp=831-003,官方目录元数据，附件未列入本批
科研体系、研发投入与评价,核心科技直接材料,C-KISTEP-RES0220210170,2021-08-23,W2,2020년도 예비타당성조사 보고서 한국형발사체 고도화 사업,机构正式研究,,,https://www.kistep.re.kr/reportAllDetail.es?mid=a10305010000&rpt_no=RES0220210170&rpt_tp=831-003,官方目录元数据，附件未列入本批
产业创新、创业与区域体系,核心科技直接材料,C-KISTEP-RES0220210170,2021-08-23,W2,2020년도 예비타당성조사 보고서 한국형발사체 고도화 사업,机构正式研究,,,https://www.kistep.re.kr/reportAllDetail.es?mid=a10305010000&rpt_no=RES0220210170&rpt_tp=831-003,官方目录元数据，附件未列入本批
航天、核能与大型技术系统,核心科技直接材料,C-KISTEP-RES0220210170,2021-08-23,W2,2020년도 예비타당성조사 보고서 한국형발사체 고도화 사업,机构正式研究,,,https://www.kistep.re.kr/reportAllDetail.es?mid=a10305010000&rpt_no=RES0220210170&rpt_tp=831-003,官方目录元数据，附件未列入本批
能源、气候与绿色转型,核心科技直接材料,C-KISTEP-RES0220210171,2021-08-23,W2,2020년도 예비타당성조사 보고서 가동원전 안전성 향상 핵심기술개발사업,机构正式研究,,,https://www.kistep.re.kr/reportAllDetail.es?mid=a10305010000&rpt_no=RES0220210171&rpt_tp=831-003,官方目录元数据，附件未列入本批
科研体系、研发投入与评价,核心科技直接材料,C-KISTEP-RES0220210171,2021-08-23,W2,2020년도 예비타당성조사 보고서 가동원전 안전성 향상 핵심기술개발사업,机构正式研究,,,https://www.kistep.re.kr/reportAllDetail.es?mid=a10305010000&rpt_no=RES0220210171&rpt_tp=831-003,官方目录元数据，附件未列入本批
航天、核能与大型技术系统,核心科技直接材料,C-KISTEP-RES0220210171,2021-08-23,W2,2020년도 예비타당성조사 보고서 가동원전 안전성 향상 핵심기술개발사업,机构正式研究,,,https://www.kistep.re.kr/reportAllDetail.es?mid=a10305010000&rpt_no=RES0220210171&rpt_tp=831-003,官方目录元数据，附件未列入本批
能源、气候与绿色转型,科技创新政策与能力基线,C-KISTEP-RES0220210172,2021-08-23,W2,2020년도 예비타당성조사 보고서 재생에너지 변동성 대응 유연발전 가스터빈 기술개발사업,机构正式研究,,,https://www.kistep.re.kr/reportAllDetail.es?mid=a10305010000&rpt_no=RES0220210172&rpt_tp=831-003,官方目录元数据，附件未列入本批
科研体系、研发投入与评价,科技创新政策与能力基线,C-KISTEP-RES0220210172,2021-08-23,W2,2020년도 예비타당성조사 보고서 재생에너지 변동성 대응 유연발전 가스터빈 기술개발사업,机构正式研究,,,https://www.kistep.re.kr/reportAllDetail.es?mid=a10305010000&rpt_no=RES0220210172&rpt_tp=831-003,官方目录元数据，附件未列入本批
科研体系、研发投入与评价,科技创新政策与能力基线,C-KISTEP-RES0220210173,2021-08-23,W2,2020년도 예비타당성조사 보고서 기반시설 첨단관리(Total care) 기술개발사업,机构正式研究,,,https://www.kistep.re.kr/reportAllDetail.es?mid=a10305010000&rpt_no=RES0220210173&rpt_tp=831-003,官方目录元数据，附件未列入本批
人工智能、数据与数字技术,核心科技直接材料,C-KISTEP-RES0220210174,2021-08-23,W2,2020년도 예비타당성조사 보고서 PIM 인공지능 반도체 핵심기술개발사업,机构正式研究,,,https://www.kistep.re.kr/reportAllDetail.es?mid=a10305010000&rpt_no=RES0220210174&rpt_tp=831-003,官方目录元数据，附件未列入本批
半导体、量子与战略技术,核心科技直接材料,C-KISTEP-RES0220210174,2021-08-23,W2,2020년도 예비타당성조사 보고서 PIM 인공지능 반도체 핵심기술개발사업,机构正式研究,,,https://www.kistep.re.kr/reportAllDetail.es?mid=a10305010000&rpt_no=RES0220210174&rpt_tp=831-003,官方目录元数据，附件未列入本批
科研体系、研发投入与评价,核心科技直接材料,C-KISTEP-RES0220210174,2021-08-23,W2,2020년도 예비타당성조사 보고서 PIM 인공지능 반도체 핵심기술개발사업,机构正式研究,,,https://www.kistep.re.kr/reportAllDetail.es?mid=a10305010000&rpt_no=RES0220210174&rpt_tp=831-003,官方目录元数据，附件未列入本批
科研体系、研发投入与评价,科技创新政策与能力基线,C-KISTEP-RES0220210175,2021-08-25,W2,2020년도 예비타당성조사 보고서 친환경 선박 전주기 혁신기술개발 사업,机构正式研究,,,https://www.kistep.re.kr/reportAllDetail.es?mid=a10305010000&rpt_no=RES0220210175&rpt_tp=831-003,官方目录元数据，附件未列入本批
产业创新、创业与区域体系,科技创新政策与能力基线,C-KISTEP-RES0220210175,2021-08-25,W2,2020년도 예비타당성조사 보고서 친환경 선박 전주기 혁신기술개발 사업,机构正式研究,,,https://www.kistep.re.kr/reportAllDetail.es?mid=a10305010000&rpt_no=RES0220210175&rpt_tp=831-003,官方目录元数据，附件未列入本批
科研体系、研发投入与评价,核心科技直接材料,C-KISTEP-RES0220210176,2021-08-26,W2,2020년도 예비타당성조사 보고서 한국형 위성항법시스템(KPS) 개발사업,机构正式研究,,,https://www.kistep.re.kr/reportAllDetail.es?mid=a10305010000&rpt_no=RES0220210176&rpt_tp=831-003,官方目录元数据，附件未列入本批
航天、核能与大型技术系统,核心科技直接材料,C-KISTEP-RES0220210176,2021-08-26,W2,2020년도 예비타당성조사 보고서 한국형 위성항법시스템(KPS) 개발사업,机构正式研究,,,https://www.kistep.re.kr/reportAllDetail.es?mid=a10305010000&rpt_no=RES0220210176&rpt_tp=831-003,官方目录元数据，附件未列入本批
科研体系、研发投入与评价,科技创新政策与能力基线,C-KISTEP-RES0220210177,2021-08-26,W2,2020년도 국가연구개발사업 조사·분석보고서,机构正式研究,,,https://www.kistep.re.kr/reportAllDetail.es?mid=a10305010000&rpt_no=RES0220210177&rpt_tp=831-001,官方目录元数据，附件未列入本批
科研体系、研发投入与评价,科技创新政策与能力基线,C-KISTEP-PRG0720210054,2021-08-31,W2,수요기반 혁신강화를 위한 공공수요연계 R&D 생태계 구축 전략 연구,机构正式研究,,,https://www.kistep.re.kr/reportAllDetail.es?mid=a10305010000&rpt_no=PRG0720210054&rpt_tp=831-007,官方目录元数据，附件未列入本批
产业创新、创业与区域体系,科技创新政策与能力基线,C-KISTEP-PRG0720210054,2021-08-31,W2,수요기반 혁신강화를 위한 공공수요연계 R&D 생태계 구축 전략 연구,机构正式研究,,,https://www.kistep.re.kr/reportAllDetail.es?mid=a10305010000&rpt_no=PRG0720210054&rpt_tp=831-007,官方目录元数据，附件未列入本批
科研体系、研发投入与评价,科技创新政策与能力基线,C-KISTEP-PRG0720210055,2021-08-31,W2,R&D사업관리체계 개선연구: 일몰관리혁신 대상 사업 관리 운영방안을 중심으로,机构正式研究,,,https://www.kistep.re.kr/reportAllDetail.es?mid=a10305010000&rpt_no=PRG0720210055&rpt_tp=831-007,官方目录元数据，附件未列入本批
产业创新、创业与区域体系,科技创新政策与能力基线,C-KISTEP-PRG0720210055,2021-08-31,W2,R&D사업관리체계 개선연구: 일몰관리혁신 대상 사업 관리 운영방안을 중심으로,机构正式研究,,,https://www.kistep.re.kr/reportAllDetail.es?mid=a10305010000&rpt_no=PRG0720210055&rpt_tp=831-007,官方目录元数据，附件未列入本批
科研体系、研发投入与评价,科技创新政策与能力基线,C-KISTEP-PRG0720210059,2021-09-15,W2,국가R&D 전담은행제도 도입에 관한 연구,机构正式研究,,,https://www.kistep.re.kr/reportAllDetail.es?mid=a10305010000&rpt_no=PRG0720210059&rpt_tp=831-007,官方目录元数据，附件未列入本批
科研体系、研发投入与评价,科技创新政策与能力基线,C-KISTEP-RES0220210182,2021-10-12,W2,2020년도 예비타당성조사 보고서 시장 선도를 위한 한국 주도형 K-Sensor 기술개발사업,机构正式研究,,,https://www.kistep.re.kr/reportAllDetail.es?mid=a10305010000&rpt_no=RES0220210182&rpt_tp=831-003,官方目录元数据，附件未列入本批
生命科学、生物技术与健康,科技创新政策与能力基线,C-KISTEP-RES0220210183,2021-10-19,W2,2021년도 사업계획 적정성 재검토 보고서 코로나19백신 임상지원 사업,机构正式研究,,,https://www.kistep.re.kr/reportAllDetail.es?mid=a10305010000&rpt_no=RES0220210183&rpt_tp=831-003,官方目录元数据，附件未列入本批
科技创新政策与研究体系,科技创新政策与能力基线,C-KISTEP-RES0220210185,2021-10-22,W2,2021년도 사업계획 적정성재검토 보고서 수출용 신형연구로 개발 및 실증,机构正式研究,,,https://www.kistep.re.kr/reportAllDetail.es?mid=a10305010000&rpt_no=RES0220210185&rpt_tp=831-003,官方目录元数据，附件未列入本批
科研体系、研发投入与评价,科技创新政策与能力基线,C-KISTEP-PRG0720210060,2021-10-25,W2,R&D 사업의 사회적가치 평가 방안 연구,机构正式研究,,,https://www.kistep.re.kr/reportAllDetail.es?mid=a10305010000&rpt_no=PRG0720210060&rpt_tp=831-007,官方目录元数据，附件未列入本批
科研体系、研发投入与评价,科技创新政策与能力基线,C-KISTEP-RES0220210184,2021-10-25,W2,2020년 사업계획 적정성 재검토 보고서 강소특구 사업화 지원사업,机构正式研究,,,https://www.kistep.re.kr/reportAllDetail.es?mid=a10305010000&rpt_no=RES0220210184&rpt_tp=831-003,官方目录元数据，附件未列入本批
产业创新、创业与区域体系,科技创新政策与能力基线,C-KISTEP-RES0220210184,2021-10-25,W2,2020년 사업계획 적정성 재검토 보고서 강소특구 사업화 지원사업,机构正式研究,,,https://www.kistep.re.kr/reportAllDetail.es?mid=a10305010000&rpt_no=RES0220210184&rpt_tp=831-003,官方目录元数据，附件未列入本批
科研体系、研发投入与评价,科技创新政策与能力基线,C-KISTEP-PRG0720210061,2021-10-31,W2,해외 주요국 성과확산 정책 및 기술료 제도 조사,机构正式研究,,,https://www.kistep.re.kr/reportAllDetail.es?mid=a10305010000&rpt_no=PRG0720210061&rpt_tp=831-007,官方目录元数据，附件未列入本批
产业创新、创业与区域体系,科技创新政策与能力基线,C-KISTEP-PRG0720210061,2021-10-31,W2,해외 주요국 성과확산 정책 및 기술료 제도 조사,机构正式研究,,,https://www.kistep.re.kr/reportAllDetail.es?mid=a10305010000&rpt_no=PRG0720210061&rpt_tp=831-007,官方目录元数据，附件未列入本批
产业创新、创业与区域体系,科技创新政策与能力基线,C-KISTEP-PRG0720210066,2021-10-31,W2,우리나라 과학기술행정체제 이력 분석 연구,机构正式研究,,,https://www.kistep.re.kr/reportAllDetail.es?mid=a10305010000&rpt_no=PRG0720210066&rpt_tp=831-007,官方目录元数据，附件未列入本批
科研体系、研发投入与评价,科技创新政策与能力基线,C-KISTEP-RES0220210186,2021-11-15,W2,2021년 국가연구개발 우수성과 100,机构正式研究,,,https://www.kistep.re.kr/reportAllDetail.es?mid=a10305010000&rpt_no=RES0220210186&rpt_tp=831-004,官方目录元数据，附件未列入本批
科技人才、大学与知识流动,科技创新政策与能力基线,C-KISTEP-PRG0720210065,2021-11-23,W2,학문분야별 기초연구 지원체계의 현장 적용을 위한 가이드라인 수립 연구,机构正式研究,,,https://www.kistep.re.kr/reportAllDetail.es?mid=a10305010000&rpt_no=PRG0720210065&rpt_tp=831-007,官方目录元数据，附件未列入本批
科研体系、研发投入与评价,科技创新政策与能力基线,C-KISTEP-RES0220210187,2021-11-23,W2,2020년 과학기술기반 지역수요맞춤형 R&D지원사업 수행결과보고서,机构正式研究,,,https://www.kistep.re.kr/reportAllDetail.es?mid=a10305010000&rpt_no=RES0220210187&rpt_tp=831-002,官方目录元数据，附件未列入本批
产业创新、创业与区域体系,科技创新政策与能力基线,C-KISTEP-RES0220210187,2021-11-23,W2,2020년 과학기술기반 지역수요맞춤형 R&D지원사업 수행결과보고서,机构正式研究,,,https://www.kistep.re.kr/reportAllDetail.es?mid=a10305010000&rpt_no=RES0220210187&rpt_tp=831-002,官方目录元数据，附件未列入本批
科研体系、研发投入与评价,科技创新政策与能力基线,C-KISTEP-PRG0720210063,2021-11-24,W2,연구기관의 지원역량 제고 촉진을 위한 지표 개선 연구,机构正式研究,,,https://www.kistep.re.kr/reportAllDetail.es?mid=a10305010000&rpt_no=PRG0720210063&rpt_tp=831-007,官方目录元数据，附件未列入本批
科技人才、大学与知识流动,科技创新政策与能力基线,C-KISTEP-PRG0720210062,2021-11-30,W2,국가기술전략 Think Tank 설치에 관한 사전 연구,机构正式研究,,,https://www.kistep.re.kr/reportAllDetail.es?mid=a10305010000&rpt_no=PRG0720210062&rpt_tp=831-007,官方目录元数据，附件未列入本批
科技创新政策与研究体系,科技创新政策与能力基线,C-KISTEP-PRG0720210064,2021-11-30,W2,체계형태 사업의 비용 타당성분석 방안 연구,机构正式研究,,,https://www.kistep.re.kr/reportAllDetail.es?mid=a10305010000&rpt_no=PRG0720210064&rpt_tp=831-007,官方目录元数据，附件未列入本批
能源、气候与绿色转型,科技创新政策与能力基线,C-KISTEP-PRG0720210067,2021-11-30,W2,탄소중립 대응 주요국 R&D  동향조사 및 분석,机构正式研究,,,https://www.kistep.re.kr/reportAllDetail.es?mid=a10305010000&rpt_no=PRG0720210067&rpt_tp=831-007,官方目录元数据，附件未列入本批
科研体系、研发投入与评价,科技创新政策与能力基线,C-KISTEP-PRG0720210067,2021-11-30,W2,탄소중립 대응 주요국 R&D  동향조사 및 분석,机构正式研究,,,https://www.kistep.re.kr/reportAllDetail.es?mid=a10305010000&rpt_no=PRG0720210067&rpt_tp=831-007,官方目录元数据，附件未列入本批
产业创新、创业与区域体系,科技创新政策与能力基线,C-KISTEP-PRG0720210067,2021-11-30,W2,탄소중립 대응 주요국 R&D  동향조사 및 분석,机构正式研究,,,https://www.kistep.re.kr/reportAllDetail.es?mid=a10305010000&rpt_no=PRG0720210067&rpt_tp=831-007,官方目录元数据，附件未列入本批
人工智能、数据与数字技术,核心科技直接材料,C-KISTEP-PRG0720210068,2021-11-30,W2,정부 데이터 관련 샤업 현황 분석 및 유형 체계화 연구 보고서,机构正式研究,,,https://www.kistep.re.kr/reportAllDetail.es?mid=a10305010000&rpt_no=PRG0720210068&rpt_tp=831-007,官方目录元数据，附件未列入本批
产业创新、创业与区域体系,核心科技直接材料,C-KISTEP-PRG0720210068,2021-11-30,W2,정부 데이터 관련 샤업 현황 분석 및 유형 체계화 연구 보고서,机构正式研究,,,https://www.kistep.re.kr/reportAllDetail.es?mid=a10305010000&rpt_no=PRG0720210068&rpt_tp=831-007,官方目录元数据，附件未列入本批
科研体系、研发投入与评价,科技创新政策与能力基线,C-KISTEP-PRG0720210069,2021-11-30,W2,과학기술 논문성과 분석연구(2011-2020),机构正式研究,,,https://www.kistep.re.kr/reportAllDetail.es?mid=a10305010000&rpt_no=PRG0720210069&rpt_tp=831-007,官方目录元数据，附件未列入本批
产业创新、创业与区域体系,科技创新政策与能力基线,C-KISTEP-PRG0720210069,2021-11-30,W2,과학기술 논문성과 분석연구(2011-2020),机构正式研究,,,https://www.kistep.re.kr/reportAllDetail.es?mid=a10305010000&rpt_no=PRG0720210069&rpt_tp=831-007,官方目录元数据，附件未列入本批
科研体系、研发投入与评价,科技创新政策与能力基线,C-KISTEP-PRG0720220004,2021-12-16,W2,과학기술분야 출연연 특성별 기관평가방법론 개발 연구,机构正式研究,,,https://www.kistep.re.kr/reportAllDetail.es?mid=a10305010000&rpt_no=PRG0720220004&rpt_tp=831-007,官方目录元数据，附件未列入本批
科研体系、研发投入与评价,科技创新政策与能力基线,C-KISTEP-RES0220210194,2021-12-20,W2,국가R&D 기획·관리 지원서비스 구축,机构正式研究,,,https://www.kistep.re.kr/reportAllDetail.es?mid=a10305010000&rpt_no=RES0220210194&rpt_tp=831-007,官方目录元数据，附件未列入本批
科技人才、大学与知识流动,科技创新政策与能力基线,C-KISTEP-RES0220210194,2021-12-20,W2,국가R&D 기획·관리 지원서비스 구축,机构正式研究,,,https://www.kistep.re.kr/reportAllDetail.es?mid=a10305010000&rpt_no=RES0220210194&rpt_tp=831-007,官方目录元数据，附件未列入本批
人工智能、数据与数字技术,核心科技直接材料,C-KISTEP-RES0220210200,2021-12-23,W2,2021년도 사업계획 적정성 재검토 보고서 바이오 연구 데이터 활용 기반 조성사업,机构正式研究,,,https://www.kistep.re.kr/reportAllDetail.es?mid=a10305010000&rpt_no=RES0220210200&rpt_tp=831-003,官方目录元数据，附件未列入本批
生命科学、生物技术与健康,核心科技直接材料,C-KISTEP-RES0220210200,2021-12-23,W2,2021년도 사업계획 적정성 재검토 보고서 바이오 연구 데이터 활용 기반 조성사업,机构正式研究,,,https://www.kistep.re.kr/reportAllDetail.es?mid=a10305010000&rpt_no=RES0220210200&rpt_tp=831-003,官方目录元数据，附件未列入本批
科研体系、研发投入与评价,核心科技直接材料,C-KISTEP-RES0220210200,2021-12-23,W2,2021년도 사업계획 적정성 재검토 보고서 바이오 연구 데이터 활용 기반 조성사업,机构正式研究,,,https://www.kistep.re.kr/reportAllDetail.es?mid=a10305010000&rpt_no=RES0220210200&rpt_tp=831-003,官方目录元数据，附件未列入本批
能源、气候与绿色转型,科技创新政策与能力基线,C-KISTEP-PRG0720210071,2021-12-24,W2,과학기술 기반 SDGs 달성지원 전략 연구,机构正式研究,,,https://www.kistep.re.kr/reportAllDetail.es?mid=a10305010000&rpt_no=PRG0720210071&rpt_tp=831-007,官方目录元数据，附件未列入本批
产业创新、创业与区域体系,科技创新政策与能力基线,C-KISTEP-PRG0720210071,2021-12-24,W2,과학기술 기반 SDGs 달성지원 전략 연구,机构正式研究,,,https://www.kistep.re.kr/reportAllDetail.es?mid=a10305010000&rpt_no=PRG0720210071&rpt_tp=831-007,官方目录元数据，附件未列入本批
人工智能、数据与数字技术,核心科技直接材料,C-KISTEP-RES0220210201,2021-12-28,W2,R&I(연구혁신) 정책 및 연구성과물 데이터 생태계 구축방안 연구,机构正式研究,,,https://www.kistep.re.kr/reportAllDetail.es?mid=a10305010000&rpt_no=RES0220210201&rpt_tp=831-001,官方目录元数据，附件未列入本批
科研体系、研发投入与评价,核心科技直接材料,C-KISTEP-RES0220210201,2021-12-28,W2,R&I(연구혁신) 정책 및 연구성과물 데이터 생태계 구축방안 연구,机构正式研究,,,https://www.kistep.re.kr/reportAllDetail.es?mid=a10305010000&rpt_no=RES0220210201&rpt_tp=831-001,官方目录元数据，附件未列入本批
产业创新、创业与区域体系,核心科技直接材料,C-KISTEP-RES0220210201,2021-12-28,W2,R&I(연구혁신) 정책 및 연구성과물 데이터 생태계 구축방안 연구,机构正式研究,,,https://www.kistep.re.kr/reportAllDetail.es?mid=a10305010000&rpt_no=RES0220210201&rpt_tp=831-001,官方目录元数据，附件未列入本批
科研体系、研发投入与评价,科技创新政策与能力基线,C-KISTEP-RES0220210203,2021-12-29,W2,2021년도 예비타당성조사 보고서 동물감염병 대응기술개발사업,机构正式研究,,,https://www.kistep.re.kr/reportAllDetail.es?mid=a10305010000&rpt_no=RES0220210203&rpt_tp=831-003,官方目录元数据，附件未列入本批
科技人才、大学与知识流动,科技创新政策与能力基线,C-KISTEP-PRG0720210072,2021-12-30,W2,한국형 글로벌 인재허브 기획 : 국가과기핵심인재 순환·관리전략,机构正式研究,,,https://www.kistep.re.kr/reportAllDetail.es?mid=a10305010000&rpt_no=PRG0720210072&rpt_tp=831-007,官方目录元数据，附件未列入本批
科研体系、研发投入与评价,科技创新政策与能力基线,C-KISTEP-PRG0720220001,2021-12-31,W2,과학기술 혁신인재 양성을 위한 국가R&D 중장기 투자전략 수립 연구,机构正式研究,,,https://www.kistep.re.kr/reportAllDetail.es?mid=a10305010000&rpt_no=PRG0720220001&rpt_tp=831-007,官方目录元数据，附件未列入本批
科技人才、大学与知识流动,科技创新政策与能力基线,C-KISTEP-PRG0720220001,2021-12-31,W2,과학기술 혁신인재 양성을 위한 국가R&D 중장기 투자전략 수립 연구,机构正式研究,,,https://www.kistep.re.kr/reportAllDetail.es?mid=a10305010000&rpt_no=PRG0720220001&rpt_tp=831-007,官方目录元数据，附件未列入本批
产业创新、创业与区域体系,科技创新政策与能力基线,C-KISTEP-PRG0720220001,2021-12-31,W2,과학기술 혁신인재 양성을 위한 국가R&D 중장기 투자전략 수립 연구,机构正式研究,,,https://www.kistep.re.kr/reportAllDetail.es?mid=a10305010000&rpt_no=PRG0720220001&rpt_tp=831-007,官方目录元数据，附件未列入本批
半导体、量子与战略技术,核心科技直接材料,C-KISTEP-PRG0720220002,2021-12-31,W2,글로벌 기술패권경쟁 대응을 위한 국가R&D 중장기 투자전략 수립 연구,机构正式研究,,,https://www.kistep.re.kr/reportAllDetail.es?mid=a10305010000&rpt_no=PRG0720220002&rpt_tp=831-007,官方目录元数据，附件未列入本批
科研体系、研发投入与评价,核心科技直接材料,C-KISTEP-PRG0720220002,2021-12-31,W2,글로벌 기술패권경쟁 대응을 위한 국가R&D 중장기 투자전략 수립 연구,机构正式研究,,,https://www.kistep.re.kr/reportAllDetail.es?mid=a10305010000&rpt_no=PRG0720220002&rpt_tp=831-007,官方目录元数据，附件未列入本批
产业创新、创业与区域体系,核心科技直接材料,C-KISTEP-PRG0720220002,2021-12-31,W2,글로벌 기술패권경쟁 대응을 위한 국가R&D 중장기 투자전략 수립 연구,机构正式研究,,,https://www.kistep.re.kr/reportAllDetail.es?mid=a10305010000&rpt_no=PRG0720220002&rpt_tp=831-007,官方目录元数据，附件未列入本批
技术安全、供应链与国际合作,核心科技直接材料,C-KISTEP-PRG0720220002,2021-12-31,W2,글로벌 기술패권경쟁 대응을 위한 국가R&D 중장기 투자전략 수립 연구,机构正式研究,,,https://www.kistep.re.kr/reportAllDetail.es?mid=a10305010000&rpt_no=PRG0720220002&rpt_tp=831-007,官方目录元数据，附件未列入本批
生命科学、生物技术与健康,核心科技直接材料,C-KISTEP-PRG0720220003,2021-12-31,W2,바이오·헬스 분야 중장기 R&D 투자전략 수립 연구,机构正式研究,,,https://www.kistep.re.kr/reportAllDetail.es?mid=a10305010000&rpt_no=PRG0720220003&rpt_tp=831-007,官方目录元数据，附件未列入本批
科研体系、研发投入与评价,核心科技直接材料,C-KISTEP-PRG0720220003,2021-12-31,W2,바이오·헬스 분야 중장기 R&D 투자전략 수립 연구,机构正式研究,,,https://www.kistep.re.kr/reportAllDetail.es?mid=a10305010000&rpt_no=PRG0720220003&rpt_tp=831-007,官方目录元数据，附件未列入本批
科研体系、研发投入与评价,科技创新政策与能力基线,C-KISTEP-PRG0720220012,2021-12-31,W2,출연연 발전과 역량강화를 위한 기관평가제도 재설계 방안 연구,机构正式研究,,,https://www.kistep.re.kr/reportAllDetail.es?mid=a10305010000&rpt_no=PRG0720220012&rpt_tp=831-007,官方目录元数据，附件未列入本批
科技创新政策与研究体系,科技创新政策与能力基线,C-KISTEP-PRG0720220050,2021-12-31,W2,(최종) 위탁연구과제 결과보고서_범부처 통합 연구지원시스템 운영을 위한 사용자 교육 콘텐츠 및 온·오프라인 통합 학습 플랫폼 지원 연구,机构正式研究,,,https://www.kistep.re.kr/reportAllDetail.es?mid=a10305010000&rpt_no=PRG0720220050&rpt_tp=831-007,官方目录元数据，附件未列入本批
人工智能、数据与数字技术,核心科技直接材料,C-KISTEP-RES0220210205,2022-01-03,W3,디지털·비대면 분야 유망 신직업 중점 발굴 및 활성화 방안 연구,机构正式研究,,,https://www.kistep.re.kr/reportAllDetail.es?mid=a10305010000&rpt_no=RES0220210205&rpt_tp=831-002,官方目录元数据，附件未列入本批
科研体系、研发投入与评价,科技创新政策与能力基线,C-KISTEP-RES0220220001,2022-01-06,W3,대·중소기업 간 상생·협력을 위한 정부 R&D 지원 방안,机构正式研究,,,https://www.kistep.re.kr/reportAllDetail.es?mid=a10305010000&rpt_no=RES0220220001&rpt_tp=831-005,官方目录元数据，附件未列入本批
产业创新、创业与区域体系,科技创新政策与能力基线,C-KISTEP-RES0220220001,2022-01-06,W3,대·중소기업 간 상생·협력을 위한 정부 R&D 지원 방안,机构正式研究,,,https://www.kistep.re.kr/reportAllDetail.es?mid=a10305010000&rpt_no=RES0220220001&rpt_tp=831-005,官方目录元数据，附件未列入本批
科研体系、研发投入与评价,科技创新政策与能力基线,C-KISTEP-PRG0720210070,2022-01-10,W3,국가R&D 중장기투자전략 수립을 위한 미래전망연구,机构正式研究,,,https://www.kistep.re.kr/reportAllDetail.es?mid=a10305010000&rpt_no=PRG0720210070&rpt_tp=831-007,官方目录元数据，附件未列入本批
科技前瞻与未来社会,科技创新政策与能力基线,C-KISTEP-PRG0720210070,2022-01-10,W3,국가R&D 중장기투자전략 수립을 위한 미래전망연구,机构正式研究,,,https://www.kistep.re.kr/reportAllDetail.es?mid=a10305010000&rpt_no=PRG0720210070&rpt_tp=831-007,官方目录元数据，附件未列入本批
科研体系、研发投入与评价,科技创新政策与能力基线,C-KISTEP-RES0220210202,2022-01-10,W3,부처 간 R&D 협업 체계화를 위한 정부R&D시스템 개선 연구,机构正式研究,,,https://www.kistep.re.kr/reportAllDetail.es?mid=a10305010000&rpt_no=RES0220210202&rpt_tp=831-005,官方目录元数据，附件未列入本批
半导体、量子与战略技术,核心科技直接材料,C-KISTEP-RES0220220002,2022-01-10,W3,2021년 기술수준평가 -기술수준평가 방법론 개선 연구-,机构正式研究,,,https://www.kistep.re.kr/reportAllDetail.es?mid=a10305010000&rpt_no=RES0220220002&rpt_tp=831-006,官方目录元数据，附件未列入本批
科研体系、研发投入与评价,核心科技直接材料,C-KISTEP-RES0220220002,2022-01-10,W3,2021년 기술수준평가 -기술수준평가 방법론 개선 연구-,机构正式研究,,,https://www.kistep.re.kr/reportAllDetail.es?mid=a10305010000&rpt_no=RES0220220002&rpt_tp=831-006,官方目录元数据，附件未列入本批
科技前瞻与未来社会,科技创新政策与能力基线,C-KISTEP-RES0220220003,2022-01-10,W3,제6회 과학기술예측조사 연구(2차년도),机构正式研究,,,https://www.kistep.re.kr/reportAllDetail.es?mid=a10305010000&rpt_no=RES0220220003&rpt_tp=831-006,官方目录元数据，附件未列入本批
科技创新政策与研究体系,科技创新政策与能力基线,C-KISTEP-RES0220220004,2022-01-10,W3,2021년 국가과학기술표준분류체계의 개선 및 활용기반 구축,机构正式研究,,,https://www.kistep.re.kr/reportAllDetail.es?mid=a10305010000&rpt_no=RES0220220004&rpt_tp=831-006,官方目录元数据，附件未列入本批
科研体系、研发投入与评价,科技创新政策与能力基线,C-KISTEP-RES0220220005,2022-01-10,W3,규제특례제도 분석을 통한 R&D 분야 법제 개선 연구,机构正式研究,,,https://www.kistep.re.kr/reportAllDetail.es?mid=a10305010000&rpt_no=RES0220220005&rpt_tp=831-002,官方目录元数据，附件未列入本批
科技创新政策与研究体系,科技创新政策与能力基线,C-KISTEP-PRG0720220005,2022-01-14,W3,전문기관 지정·운영 실태조사 조사항목 지표 개선 연구,机构正式研究,,,https://www.kistep.re.kr/reportAllDetail.es?mid=a10305010000&rpt_no=PRG0720220005&rpt_tp=831-007,官方目录元数据，附件未列入本批
人工智能、数据与数字技术,核心科技直接材料,C-KISTEP-RES0220220009,2022-01-18,W3,2021년 개방형 포럼 방식을 활용한 과학기술 이슈 연구,机构正式研究,,,https://www.kistep.re.kr/reportAllDetail.es?mid=a10305010000&rpt_no=RES0220220009&rpt_tp=831-005,官方目录元数据，附件未列入本批
产业创新、创业与区域体系,核心科技直接材料,C-KISTEP-RES0220220009,2022-01-18,W3,2021년 개방형 포럼 방식을 활용한 과학기술 이슈 연구,机构正式研究,,,https://www.kistep.re.kr/reportAllDetail.es?mid=a10305010000&rpt_no=RES0220220009&rpt_tp=831-005,官方目录元数据，附件未列入本批
科研体系、研发投入与评价,科技创新政策与能力基线,C-KISTEP-RES0220220006,2022-01-20,W3,NIS 관점에서의 국가 R&D 기술사업화 촉진 연구,机构正式研究,,,https://www.kistep.re.kr/reportAllDetail.es?mid=a10305010000&rpt_no=RES0220220006&rpt_tp=831-004,官方目录元数据，附件未列入本批
产业创新、创业与区域体系,科技创新政策与能力基线,C-KISTEP-RES0220220006,2022-01-20,W3,NIS 관점에서의 국가 R&D 기술사업화 촉진 연구,机构正式研究,,,https://www.kistep.re.kr/reportAllDetail.es?mid=a10305010000&rpt_no=RES0220220006&rpt_tp=831-004,官方目录元数据，附件未列入本批
人工智能、数据与数字技术,核心科技直接材料,C-KISTEP-RES0220220007,2022-01-20,W3,데이터 연계 및 비식별 방안을 통한 연구혁신 데이터 확산 활용 방안 연구,机构正式研究,,,https://www.kistep.re.kr/reportAllDetail.es?mid=a10305010000&rpt_no=RES0220220007&rpt_tp=831-001,官方目录元数据，附件未列入本批
科研体系、研发投入与评价,核心科技直接材料,C-KISTEP-RES0220220007,2022-01-20,W3,데이터 연계 및 비식별 방안을 통한 연구혁신 데이터 확산 활용 방안 연구,机构正式研究,,,https://www.kistep.re.kr/reportAllDetail.es?mid=a10305010000&rpt_no=RES0220220007&rpt_tp=831-001,官方目录元数据，附件未列入本批
产业创新、创业与区域体系,核心科技直接材料,C-KISTEP-RES0220220007,2022-01-20,W3,데이터 연계 및 비식별 방안을 통한 연구혁신 데이터 확산 활용 방안 연구,机构正式研究,,,https://www.kistep.re.kr/reportAllDetail.es?mid=a10305010000&rpt_no=RES0220220007&rpt_tp=831-001,官方目录元数据，附件未列入本批
科研体系、研发投入与评价,科技创新政策与能力基线,C-KISTEP-RES0220220010,2022-01-20,W3,2021년 과학기술정책의 과학화 기반구축 연구,机构正式研究,,,https://www.kistep.re.kr/reportAllDetail.es?mid=a10305010000&rpt_no=RES0220220010&rpt_tp=831-001,官方目录元数据，附件未列入本批
产业创新、创业与区域体系,科技创新政策与能力基线,C-KISTEP-PRG0720220007,2022-01-24,W3,혁신선도형 국가혁신시스템 고도화를 위한 전문가 포럼 최종보고서,机构正式研究,,,https://www.kistep.re.kr/reportAllDetail.es?mid=a10305010000&rpt_no=PRG0720220007&rpt_tp=831-007,官方目录元数据，附件未列入本批
科研体系、研发投入与评价,科技创新政策与能力基线,C-KISTEP-RES0220220011,2022-01-25,W3,감염병 위기 대응을 위한 핵심기술 도출 및 정부 R&D 지원방안 수립 연구,机构正式研究,,,https://www.kistep.re.kr/reportAllDetail.es?mid=a10305010000&rpt_no=RES0220220011&rpt_tp=831-005,官方目录元数据，附件未列入本批
技术安全、供应链与国际合作,科技创新政策与能力基线,C-KISTEP-RES0220220011,2022-01-25,W3,감염병 위기 대응을 위한 핵심기술 도출 및 정부 R&D 지원방안 수립 연구,机构正式研究,,,https://www.kistep.re.kr/reportAllDetail.es?mid=a10305010000&rpt_no=RES0220220011&rpt_tp=831-005,官方目录元数据，附件未列入本批
产业创新、创业与区域体系,科技创新政策与能力基线,C-KISTEP-RES0220220012,2022-01-25,W3,과학기술혁신정책 글로벌 역량 및 전문성 강화 연구,机构正式研究,,,https://www.kistep.re.kr/reportAllDetail.es?mid=a10305010000&rpt_no=RES0220220012&rpt_tp=831-004,官方目录元数据，附件未列入本批
人工智能、数据与数字技术,核心科技直接材料,C-KISTEP-RES0220220015,2022-01-25,W3,2021년도 사업계획 적정성 재검토 보고서 재생에너지 디지털트윈 및 친환경교통 실증연구 기반구축 사업,机构正式研究,,,https://www.kistep.re.kr/reportAllDetail.es?mid=a10305010000&rpt_no=RES0220220015&rpt_tp=831-003,官方目录元数据，附件未列入本批
能源、气候与绿色转型,核心科技直接材料,C-KISTEP-RES0220220015,2022-01-25,W3,2021년도 사업계획 적정성 재검토 보고서 재생에너지 디지털트윈 및 친환경교통 실증연구 기반구축 사업,机构正式研究,,,https://www.kistep.re.kr/reportAllDetail.es?mid=a10305010000&rpt_no=RES0220220015&rpt_tp=831-003,官方目录元数据，附件未列入本批
产业创新、创业与区域体系,科技创新政策与能力基线,C-KISTEP-RES0220220008,2022-01-27,W3,2021년 과학기술혁신 글로벌 플랫폼 구축 연구,机构正式研究,,,https://www.kistep.re.kr/reportAllDetail.es?mid=a10305010000&rpt_no=RES0220220008&rpt_tp=831-002,官方目录元数据，附件未列入本批
技术安全、供应链与国际合作,科技创新政策与能力基线,C-KISTEP-RES0220220008,2022-01-27,W3,2021년 과학기술혁신 글로벌 플랫폼 구축 연구,机构正式研究,,,https://www.kistep.re.kr/reportAllDetail.es?mid=a10305010000&rpt_no=RES0220220008&rpt_tp=831-002,官方目录元数据，附件未列入本批
产业创新、创业与区域体系,科技创新政策与能力基线,C-KISTEP-RES0220220017,2022-01-27,W3,국가혁신체계의 개방성 제고 방안 연구 : 혁신요소의 유동성 제고방안을 중심으로,机构正式研究,,,https://www.kistep.re.kr/reportAllDetail.es?mid=a10305010000&rpt_no=RES0220220017&rpt_tp=831-002,官方目录元数据，附件未列入本批
科研体系、研发投入与评价,科技创新政策与能力基线,C-KISTEP-PRG0720220006,2022-01-31,W3,국가연구개발사업 제재처분 관련 판례 조사 분석 -구 과학기술기본법 상 규정 위반사례 유형분류를 중심으로-,机构正式研究,,,https://www.kistep.re.kr/reportAllDetail.es?mid=a10305010000&rpt_no=PRG0720220006&rpt_tp=831-007,官方目录元数据，附件未列入本批
技术安全、供应链与国际合作,科技创新政策与能力基线,C-KISTEP-PRG0720220006,2022-01-31,W3,국가연구개발사업 제재처분 관련 판례 조사 분석 -구 과학기술기본법 상 규정 위반사례 유형분류를 중심으로-,机构正式研究,,,https://www.kistep.re.kr/reportAllDetail.es?mid=a10305010000&rpt_no=PRG0720220006&rpt_tp=831-007,官方目录元数据，附件未列入本批
科技创新政策与研究体系,科技创新政策与能力基线,C-KISTEP-PRG0720220008,2022-01-31,W3,제5차 과학기술기본계획 핵심 Agenda 분석,机构正式研究,,,https://www.kistep.re.kr/reportAllDetail.es?mid=a10305010000&rpt_no=PRG0720220008&rpt_tp=831-007,官方目录元数据，附件未列入本批
产业创新、创业与区域体系,科技创新政策与能力基线,C-KISTEP-RES0220220014,2022-02-04,W3,2021년 KISTEP 이슈페이퍼,机构正式研究,,,https://www.kistep.re.kr/reportAllDetail.es?mid=a10305010000&rpt_no=RES0220220014&rpt_tp=831-002,官方目录元数据，附件未列入本批
科技创新政策与研究体系,科技创新政策与能力基线,C-KISTEP-RES0220220018,2022-02-04,W3,출연연구기관 예산 체계 고도화 방안 연구 (1/2) 연차보고서,机构正式研究,,,https://www.kistep.re.kr/reportAllDetail.es?mid=a10305010000&rpt_no=RES0220220018&rpt_tp=831-005,官方目录元数据，附件未列入本批
科研体系、研发投入与评价,科技创新政策与能力基线,C-KISTEP-RES0220220028,2022-02-07,W3,2021년 국가R&D사업 사전분석 전문 네트워크 구축 및 역량 강화,机构正式研究,,,https://www.kistep.re.kr/reportAllDetail.es?mid=a10305010000&rpt_no=RES0220220028&rpt_tp=831-003,官方目录元数据，附件未列入本批
科研体系、研发投入与评价,科技创新政策与能力基线,C-KISTEP-RES0220220029,2022-02-08,W3,2021년 기술혁신 아젠다 발굴 및 R&D 투자전략 수립 연구,机构正式研究,,,https://www.kistep.re.kr/reportAllDetail.es?mid=a10305010000&rpt_no=RES0220220029&rpt_tp=831-005,官方目录元数据，附件未列入本批
产业创新、创业与区域体系,科技创新政策与能力基线,C-KISTEP-RES0220220029,2022-02-08,W3,2021년 기술혁신 아젠다 발굴 및 R&D 투자전략 수립 연구,机构正式研究,,,https://www.kistep.re.kr/reportAllDetail.es?mid=a10305010000&rpt_no=RES0220220029&rpt_tp=831-005,官方目录元数据，附件未列入本批
科研体系、研发投入与评价,科技创新政策与能力基线,C-KISTEP-RES0220220032,2022-02-08,W3,2021년도 예비타당성조사 요구 국가연구개발사업 예타 대상선정(기술성평가),机构正式研究,,,https://www.kistep.re.kr/reportAllDetail.es?mid=a10305010000&rpt_no=RES0220220032&rpt_tp=831-003,官方目录元数据，附件未列入本批
能源、气候与绿色转型,科技创新政策与能力基线,C-KISTEP-RES0220220033,2022-02-08,W3,기후변화 적응 공공R&D 유망분야 도출 연구,机构正式研究,,,https://www.kistep.re.kr/reportAllDetail.es?mid=a10305010000&rpt_no=RES0220220033&rpt_tp=831-002,官方目录元数据，附件未列入本批
科研体系、研发投入与评价,科技创新政策与能力基线,C-KISTEP-RES0220220033,2022-02-08,W3,기후변화 적응 공공R&D 유망분야 도출 연구,机构正式研究,,,https://www.kistep.re.kr/reportAllDetail.es?mid=a10305010000&rpt_no=RES0220220033&rpt_tp=831-002,官方目录元数据，附件未列入本批
科研体系、研发投入与评价,科技创新政策与能力基线,C-KISTEP-RES0220210199,2022-02-09,W3,과학기술외교 및 국제협력 기반 연구,机构正式研究,,,https://www.kistep.re.kr/reportAllDetail.es?mid=a10305010000&rpt_no=RES0220210199&rpt_tp=831-002,官方目录元数据，附件未列入本批
技术安全、供应链与国际合作,科技创新政策与能力基线,C-KISTEP-RES0220210199,2022-02-09,W3,과학기술외교 및 국제협력 기반 연구,机构正式研究,,,https://www.kistep.re.kr/reportAllDetail.es?mid=a10305010000&rpt_no=RES0220210199&rpt_tp=831-002,官方目录元数据，附件未列入本批
技术安全、供应链与国际合作,科技创新政策与能力基线,C-KISTEP-RES0220220019,2022-02-09,W3,과학기술외교 추진전략 및 체계기반 구축연구,机构正式研究,,,https://www.kistep.re.kr/reportAllDetail.es?mid=a10305010000&rpt_no=RES0220220019&rpt_tp=831-002,官方目录元数据，附件未列入本批
能源、气候与绿色转型,科技创新政策与能力基线,C-KISTEP-RES0220220034,2022-02-09,W3,기후변화 대응 과학기술외교‧국제협력 아젠다 및 전략 발굴 연구,机构正式研究,,,https://www.kistep.re.kr/reportAllDetail.es?mid=a10305010000&rpt_no=RES0220220034&rpt_tp=831-002,官方目录元数据，附件未列入本批
技术安全、供应链与国际合作,科技创新政策与能力基线,C-KISTEP-RES0220220034,2022-02-09,W3,기후변화 대응 과학기술외교‧국제협력 아젠다 및 전략 발굴 연구,机构正式研究,,,https://www.kistep.re.kr/reportAllDetail.es?mid=a10305010000&rpt_no=RES0220220034&rpt_tp=831-002,官方目录元数据，附件未列入本批
科技人才、大学与知识流动,科技创新政策与能力基线,C-KISTEP-RES0220220036,2022-02-09,W3,학생인건비 통합관리제 기획 및 운영,机构正式研究,,,https://www.kistep.re.kr/reportAllDetail.es?mid=a10305010000&rpt_no=RES0220220036&rpt_tp=831-001,官方目录元数据，附件未列入本批
科研体系、研发投入与评价,科技创新政策与能力基线,C-KISTEP-RES0220220013,2022-02-10,W3,2022년 국가 과학기술혁신 및 R&D 발전전략을 위한 ‘KISTEP Think 2022’ 핵심 아젠다 발굴 연구,机构正式研究,,,https://www.kistep.re.kr/reportAllDetail.es?mid=a10305010000&rpt_no=RES0220220013&rpt_tp=831-002,官方目录元数据，附件未列入本批
产业创新、创业与区域体系,科技创新政策与能力基线,C-KISTEP-RES0220220013,2022-02-10,W3,2022년 국가 과학기술혁신 및 R&D 발전전략을 위한 ‘KISTEP Think 2022’ 핵심 아젠다 발굴 연구,机构正式研究,,,https://www.kistep.re.kr/reportAllDetail.es?mid=a10305010000&rpt_no=RES0220220013&rpt_tp=831-002,官方目录元数据，附件未列入本批
科研体系、研发投入与评价,科技创新政策与能力基线,C-KISTEP-RES0220220030,2022-02-10,W3,2021년 R&D사업 예비타당성조사 일관성 제고를 위한 조사 체계 개선 방향 연구,机构正式研究,,,https://www.kistep.re.kr/reportAllDetail.es?mid=a10305010000&rpt_no=RES0220220030&rpt_tp=831-003,官方目录元数据，附件未列入本批
科研体系、研发投入与评价,科技创新政策与能力基线,C-KISTEP-RES0220220037,2022-02-10,W3,도전적·혁신적 R&D 촉진을 위한 법제 개선 연구,机构正式研究,,,https://www.kistep.re.kr/reportAllDetail.es?mid=a10305010000&rpt_no=RES0220220037&rpt_tp=831-002,官方目录元数据，附件未列入本批
产业创新、创业与区域体系,科技创新政策与能力基线,C-KISTEP-RES0220220037,2022-02-10,W3,도전적·혁신적 R&D 촉진을 위한 법제 개선 연구,机构正式研究,,,https://www.kistep.re.kr/reportAllDetail.es?mid=a10305010000&rpt_no=RES0220220037&rpt_tp=831-002,官方目录元数据，附件未列入本批
科技创新政策与研究体系,科技创新政策与能力基线,C-KISTEP-RES0220220022,2022-02-11,W3,2021 과학기술 통계백서,机构正式研究,,,https://www.kistep.re.kr/reportAllDetail.es?mid=a10305010000&rpt_no=RES0220220022&rpt_tp=831-001,官方目录元数据，附件未列入本批
科研体系、研发投入与评价,科技创新政策与能力基线,C-KISTEP-RES0220220031,2022-02-11,W3,2020년도 연구개발활동조사,机构正式研究,,,https://www.kistep.re.kr/reportAllDetail.es?mid=a10305010000&rpt_no=RES0220220031&rpt_tp=831-001,官方目录元数据，附件未列入本批
科技人才、大学与知识流动,科技创新政策与能力基线,C-KISTEP-RES0220220031,2022-02-11,W3,2020년도 연구개발활동조사,机构正式研究,,,https://www.kistep.re.kr/reportAllDetail.es?mid=a10305010000&rpt_no=RES0220220031&rpt_tp=831-001,官方目录元数据，附件未列入本批
科研体系、研发投入与评价,科技创新政策与能力基线,C-KISTEP-RES0220220035,2022-02-11,W3,2020년도 국가연구개발사업 성과분석,机构正式研究,,,https://www.kistep.re.kr/reportAllDetail.es?mid=a10305010000&rpt_no=RES0220220035&rpt_tp=831-001,官方目录元数据，附件未列入本批
产业创新、创业与区域体系,科技创新政策与能力基线,C-KISTEP-RES0220220038,2022-02-11,W3,2021년 과학기술혁신정책 핵심이슈 발굴 및 인텔리전스 기능강화 연구,机构正式研究,,,https://www.kistep.re.kr/reportAllDetail.es?mid=a10305010000&rpt_no=RES0220220038&rpt_tp=831-002,官方目录元数据，附件未列入本批
科研体系、研发投入与评价,科技创新政策与能力基线,C-KISTEP-RES0220220039,2022-02-16,W3,"2021 지방과학기술연감, 2021년 지역 R&D 실태조사",机构正式研究,,,https://www.kistep.re.kr/reportAllDetail.es?mid=a10305010000&rpt_no=RES0220220039&rpt_tp=831-002,官方目录元数据，附件未列入本批
产业创新、创业与区域体系,科技创新政策与能力基线,C-KISTEP-RES0220220039,2022-02-16,W3,"2021 지방과학기술연감, 2021년 지역 R&D 실태조사",机构正式研究,,,https://www.kistep.re.kr/reportAllDetail.es?mid=a10305010000&rpt_no=RES0220220039&rpt_tp=831-002,官方目录元数据，附件未列入本批
科技人才、大学与知识流动,科技创新政策与能力基线,C-KISTEP-RES0220220044,2022-02-16,W3,2021년 과학기술혁신정책 Scoreboard,机构正式研究,,,https://www.kistep.re.kr/reportAllDetail.es?mid=a10305010000&rpt_no=RES0220220044&rpt_tp=831-002,官方目录元数据，附件未列入本批
产业创新、创业与区域体系,科技创新政策与能力基线,C-KISTEP-RES0220220044,2022-02-16,W3,2021년 과학기술혁신정책 Scoreboard,机构正式研究,,,https://www.kistep.re.kr/reportAllDetail.es?mid=a10305010000&rpt_no=RES0220220044&rpt_tp=831-002,官方目录元数据，附件未列入本批
科技前瞻与未来社会,科技创新政策与能力基线,C-KISTEP-RES0220220046,2022-02-16,W3,미래 불확실성에 대응하는 환경변화 탐색 및 대응방안 연구(II),机构正式研究,,,https://www.kistep.re.kr/reportAllDetail.es?mid=a10305010000&rpt_no=RES0220220046&rpt_tp=831-006,官方目录元数据，附件未列入本批
科研体系、研发投入与评价,科技创新政策与能力基线,C-KISTEP-RES0220220020,2022-02-17,W3,연구지원 체계평가 운영에 관한 연구,机构正式研究,,,https://www.kistep.re.kr/reportAllDetail.es?mid=a10305010000&rpt_no=RES0220220020&rpt_tp=831-007,官方目录元数据，附件未列入本批
科研体系、研发投入与评价,科技创新政策与能力基线,C-KISTEP-RES0220220042,2022-02-17,W3,R&D예산제도 효율화 방안에 관한 연구(Ⅱ),机构正式研究,,,https://www.kistep.re.kr/reportAllDetail.es?mid=a10305010000&rpt_no=RES0220220042&rpt_tp=831-002,官方目录元数据，附件未列入本批
科研体系、研发投入与评价,科技创新政策与能力基线,C-KISTEP-RES0220220043,2022-02-17,W3,2021년 과학기술 분야 R&D 제도 혁신 기반 연구,机构正式研究,,,https://www.kistep.re.kr/reportAllDetail.es?mid=a10305010000&rpt_no=RES0220220043&rpt_tp=831-001,官方目录元数据，附件未列入本批
产业创新、创业与区域体系,科技创新政策与能力基线,C-KISTEP-RES0220220043,2022-02-17,W3,2021년 과학기술 분야 R&D 제도 혁신 기반 연구,机构正式研究,,,https://www.kistep.re.kr/reportAllDetail.es?mid=a10305010000&rpt_no=RES0220220043&rpt_tp=831-001,官方目录元数据，附件未列入本批
人工智能、数据与数字技术,核心科技直接材料,C-KISTEP-RES0220220045,2022-02-17,W3,디지털 전환에 따른 미래사회 위험이슈 발굴 및 대응 전략 연구,机构正式研究,,,https://www.kistep.re.kr/reportAllDetail.es?mid=a10305010000&rpt_no=RES0220220045&rpt_tp=831-002,官方目录元数据，附件未列入本批
科技前瞻与未来社会,核心科技直接材料,C-KISTEP-RES0220220045,2022-02-17,W3,디지털 전환에 따른 미래사회 위험이슈 발굴 및 대응 전략 연구,机构正式研究,,,https://www.kistep.re.kr/reportAllDetail.es?mid=a10305010000&rpt_no=RES0220220045&rpt_tp=831-002,官方目录元数据，附件未列入本批
生命科学、生物技术与健康,核心科技直接材料,C-KISTEP-RES0220220048,2022-02-17,W3,그린뉴딜 연계 그린바이오·화이트바이오 핵심분야 도출 및 정부R&D 지원방향 수립 연구,机构正式研究,,,https://www.kistep.re.kr/reportAllDetail.es?mid=a10305010000&rpt_no=RES0220220048&rpt_tp=831-005,官方目录元数据，附件未列入本批
能源、气候与绿色转型,核心科技直接材料,C-KISTEP-RES0220220048,2022-02-17,W3,그린뉴딜 연계 그린바이오·화이트바이오 핵심분야 도출 및 정부R&D 지원방향 수립 연구,机构正式研究,,,https://www.kistep.re.kr/reportAllDetail.es?mid=a10305010000&rpt_no=RES0220220048&rpt_tp=831-005,官方目录元数据，附件未列入本批
科研体系、研发投入与评价,核心科技直接材料,C-KISTEP-RES0220220048,2022-02-17,W3,그린뉴딜 연계 그린바이오·화이트바이오 핵심분야 도출 및 정부R&D 지원방향 수립 연구,机构正式研究,,,https://www.kistep.re.kr/reportAllDetail.es?mid=a10305010000&rpt_no=RES0220220048&rpt_tp=831-005,官方目录元数据，附件未列入本批
人工智能、数据与数字技术,核心科技直接材料,C-KISTEP-RES0220220051,2022-02-21,W3,2021년 데이터 기반 R&D예산배분조정 지원체계 구축 연구,机构正式研究,,,https://www.kistep.re.kr/reportAllDetail.es?mid=a10305010000&rpt_no=RES0220220051&rpt_tp=831-005,官方目录元数据，附件未列入本批
产业创新、创业与区域体系,科技创新政策与能力基线,C-KISTEP-RES0220220054,2022-02-21,W3,2021년 과학기술 & ICT 정책기술 동향분석,机构正式研究,,,https://www.kistep.re.kr/reportAllDetail.es?mid=a10305010000&rpt_no=RES0220220054&rpt_tp=831-002,官方目录元数据，附件未列入本批
科技前瞻与未来社会,科技创新政策与能力基线,C-KISTEP-RES0220220054,2022-02-21,W3,2021년 과학기술 & ICT 정책기술 동향분석,机构正式研究,,,https://www.kistep.re.kr/reportAllDetail.es?mid=a10305010000&rpt_no=RES0220220054&rpt_tp=831-002,官方目录元数据，附件未列入本批
产业创新、创业与区域体系,科技创新政策与能力基线,C-KISTEP-RES0220220055,2022-02-22,W3,성장동력포털 기획 연구,机构正式研究,,,https://www.kistep.re.kr/reportAllDetail.es?mid=a10305010000&rpt_no=RES0220220055&rpt_tp=831-002,官方目录元数据，附件未列入本批
科研体系、研发投入与评价,科技创新政策与能力基线,C-KISTEP-RES0220220057,2022-02-22,W3,2021년 국가 과학기술혁신역량평가,机构正式研究,,,https://www.kistep.re.kr/reportAllDetail.es?mid=a10305010000&rpt_no=RES0220220057&rpt_tp=831-001,官方目录元数据，附件未列入本批
产业创新、创业与区域体系,科技创新政策与能力基线,C-KISTEP-RES0220220057,2022-02-22,W3,2021년 국가 과학기술혁신역량평가,机构正式研究,,,https://www.kistep.re.kr/reportAllDetail.es?mid=a10305010000&rpt_no=RES0220220057&rpt_tp=831-001,官方目录元数据，附件未列入本批
科研体系、研发投入与评价,科技创新政策与能力基线,C-KISTEP-RES0220220061,2022-02-22,W3,국가연구개발사업 간접비 산출 및 제도 운영에 관한 연구,机构正式研究,,,https://www.kistep.re.kr/reportAllDetail.es?mid=a10305010000&rpt_no=RES0220220061&rpt_tp=831-001,官方目录元数据，附件未列入本批
科研体系、研发投入与评价,科技创新政策与能力基线,C-KISTEP-RES0220220062,2022-02-22,W3,정부 지역 R&D의 협력유형별 추진효과 비교연구,机构正式研究,,,https://www.kistep.re.kr/reportAllDetail.es?mid=a10305010000&rpt_no=RES0220220062&rpt_tp=831-002,官方目录元数据，附件未列入本批
产业创新、创业与区域体系,科技创新政策与能力基线,C-KISTEP-RES0220220062,2022-02-22,W3,정부 지역 R&D의 협력유형별 추진효과 비교연구,机构正式研究,,,https://www.kistep.re.kr/reportAllDetail.es?mid=a10305010000&rpt_no=RES0220220062&rpt_tp=831-002,官方目录元数据，附件未列入本批
科研体系、研发投入与评价,科技创新政策与能力基线,C-KISTEP-RES0220220063,2022-02-22,W3,2021년도 국가 과학기술 현황 종합 인식조사에 대한 연구,机构正式研究,,,https://www.kistep.re.kr/reportAllDetail.es?mid=a10305010000&rpt_no=RES0220220063&rpt_tp=831-002,官方目录元数据，附件未列入本批
产业创新、创业与区域体系,核心科技直接材料,C-KISTEP-RES0220220064,2022-02-22,W3,신산업 분야 소재부품장비 미래선도품목별 육성 정책 및 추진과제,机构正式研究,,,https://www.kistep.re.kr/reportAllDetail.es?mid=a10305010000&rpt_no=RES0220220064&rpt_tp=831-002,官方目录元数据，附件未列入本批
技术安全、供应链与国际合作,核心科技直接材料,C-KISTEP-RES0220220064,2022-02-22,W3,신산업 분야 소재부품장비 미래선도품목별 육성 정책 및 추진과제,机构正式研究,,,https://www.kistep.re.kr/reportAllDetail.es?mid=a10305010000&rpt_no=RES0220220064&rpt_tp=831-002,官方目录元数据，附件未列入本批
科技前瞻与未来社会,核心科技直接材料,C-KISTEP-RES0220220064,2022-02-22,W3,신산업 분야 소재부품장비 미래선도품목별 육성 정책 및 추진과제,机构正式研究,,,https://www.kistep.re.kr/reportAllDetail.es?mid=a10305010000&rpt_no=RES0220220064&rpt_tp=831-002,官方目录元数据，附件未列入本批
人工智能、数据与数字技术,核心科技直接材料,C-KISTEP-RES0220220049,2022-02-24,W3,디지털 뉴딜 연계 국가R&D 추진전략 연구,机构正式研究,,,https://www.kistep.re.kr/reportAllDetail.es?mid=a10305010000&rpt_no=RES0220220049&rpt_tp=831-005,官方目录元数据，附件未列入本批
科技创新政策与研究体系,科技创新政策与能力基线,C-KISTEP-RES0220220060,2022-02-24,W3,범부처 사회문제해결 기반 구축,机构正式研究,,,https://www.kistep.re.kr/reportAllDetail.es?mid=a10305010000&rpt_no=RES0220220060&rpt_tp=831-002,官方目录元数据，附件未列入本批
科技创新政策与研究体系,科技创新政策与能力基线,C-KISTEP-RES0220220065,2022-02-24,W3,2020년도 과학기술분야 중장기계획 조사·분석,机构正式研究,,,https://www.kistep.re.kr/reportAllDetail.es?mid=a10305010000&rpt_no=RES0220220065&rpt_tp=831-002,官方目录元数据，附件未列入本批
科研体系、研发投入与评价,科技创新政策与能力基线,C-KISTEP-RES0220220067,2022-02-24,W3,2021년도 지역 R&D체계 발전 방향에 관한 연구,机构正式研究,,,https://www.kistep.re.kr/reportAllDetail.es?mid=a10305010000&rpt_no=RES0220220067&rpt_tp=831-002,官方目录元数据，附件未列入本批
产业创新、创业与区域体系,科技创新政策与能力基线,C-KISTEP-RES0220220067,2022-02-24,W3,2021년도 지역 R&D체계 발전 방향에 관한 연구,机构正式研究,,,https://www.kistep.re.kr/reportAllDetail.es?mid=a10305010000&rpt_no=RES0220220067&rpt_tp=831-002,官方目录元数据，附件未列入本批
产业创新、创业与区域体系,科技创新政策与能力基线,C-KISTEP-RES0220220068,2022-02-24,W3,한국판 뉴딜 성공적 추진을 위한 지역주도 지역R&D 혁신전략 연구,机构正式研究,,,https://www.kistep.re.kr/reportAllDetail.es?mid=a10305010000&rpt_no=RES0220220068&rpt_tp=831-002,官方目录元数据，附件未列入本批
科研体系、研发投入与评价,科技创新政策与能力基线,C-KISTEP-RES0220220069,2022-02-24,W3,2021년 국가연구개발 성과평가 정책 수립 및 성과평가 실시,机构正式研究,,,https://www.kistep.re.kr/reportAllDetail.es?mid=a10305010000&rpt_no=RES0220220069&rpt_tp=831-001,官方目录元数据，附件未列入本批
科研体系、研发投入与评价,科技创新政策与能力基线,C-KISTEP-RES0220220070,2022-02-24,W3,2021년 기술영향평가,机构正式研究,,,https://www.kistep.re.kr/reportAllDetail.es?mid=a10305010000&rpt_no=RES0220220070&rpt_tp=831-006,官方目录元数据，附件未列入本批
科技前瞻与未来社会,科技创新政策与能力基线,C-KISTEP-RES0220220070,2022-02-24,W3,2021년 기술영향평가,机构正式研究,,,https://www.kistep.re.kr/reportAllDetail.es?mid=a10305010000&rpt_no=RES0220220070&rpt_tp=831-006,官方目录元数据，附件未列入本批
人工智能、数据与数字技术,核心科技直接材料,C-KISTEP-RES0220220071,2022-02-24,W3,과학기술행정체제의 현황 진단과 발전방안 연구,机构正式研究,,,https://www.kistep.re.kr/reportAllDetail.es?mid=a10305010000&rpt_no=RES0220220071&rpt_tp=831-002,官方目录元数据，附件未列入本批
科研体系、研发投入与评价,核心科技直接材料,C-KISTEP-RES0220220071,2022-02-24,W3,과학기술행정체제의 현황 진단과 발전방안 연구,机构正式研究,,,https://www.kistep.re.kr/reportAllDetail.es?mid=a10305010000&rpt_no=RES0220220071&rpt_tp=831-002,官方目录元数据，附件未列入本批
产业创新、创业与区域体系,核心科技直接材料,C-KISTEP-RES0220220071,2022-02-24,W3,과학기술행정체제의 현황 진단과 발전방안 연구,机构正式研究,,,https://www.kistep.re.kr/reportAllDetail.es?mid=a10305010000&rpt_no=RES0220220071&rpt_tp=831-002,官方目录元数据，附件未列入本批
科研体系、研发投入与评价,科技创新政策与能力基线,C-KISTEP-RES0220220072,2022-02-24,W3,“공공기술개발” 유형 국가연구개발사업 성과평가 방법 및 성과지표 개선 연구: 중간평가와 표준성과지표를 중심으로,机构正式研究,,,https://www.kistep.re.kr/reportAllDetail.es?mid=a10305010000&rpt_no=RES0220220072&rpt_tp=831-001,官方目录元数据，附件未列入本批
科研体系、研发投入与评价,科技创新政策与能力基线,C-KISTEP-RES0220220073,2022-02-24,W3,2021년 국가연구개발사업 상위평가 보고서(추적평가),机构正式研究,,,https://www.kistep.re.kr/reportAllDetail.es?mid=a10305010000&rpt_no=RES0220220073&rpt_tp=831-001,官方目录元数据，附件未列入本批
科研体系、研发投入与评价,科技创新政策与能力基线,C-KISTEP-RES0220220074,2022-02-24,W3,국가 거대과학 R&D 정책단계별 이슈 진단 및 개선방안,机构正式研究,,,https://www.kistep.re.kr/reportAllDetail.es?mid=a10305010000&rpt_no=RES0220220074&rpt_tp=831-005,官方目录元数据，附件未列入本批
航天、核能与大型技术系统,科技创新政策与能力基线,C-KISTEP-RES0220220074,2022-02-24,W3,국가 거대과학 R&D 정책단계별 이슈 진단 및 개선방안,机构正式研究,,,https://www.kistep.re.kr/reportAllDetail.es?mid=a10305010000&rpt_no=RES0220220074&rpt_tp=831-005,官方目录元数据，附件未列入本批
科技前瞻与未来社会,科技创新政策与能力基线,C-KISTEP-RES0220220075,2022-02-24,W3,2022년 KISTEP 미래유망기술 선정에 관한 연구,机构正式研究,,,https://www.kistep.re.kr/reportAllDetail.es?mid=a10305010000&rpt_no=RES0220220075&rpt_tp=831-006,官方目录元数据，附件未列入本批
科研体系、研发投入与评价,科技创新政策与能力基线,C-KISTEP-RES0220220076,2022-02-24,W3,혁신성장분야 혁신요소 도출 및 성과제고를 위한 예산편성 전략 연구,机构正式研究,,,https://www.kistep.re.kr/reportAllDetail.es?mid=a10305010000&rpt_no=RES0220220076&rpt_tp=831-005,官方目录元数据，附件未列入本批
产业创新、创业与区域体系,科技创新政策与能力基线,C-KISTEP-RES0220220076,2022-02-24,W3,혁신성장분야 혁신요소 도출 및 성과제고를 위한 예산편성 전략 연구,机构正式研究,,,https://www.kistep.re.kr/reportAllDetail.es?mid=a10305010000&rpt_no=RES0220220076&rpt_tp=831-005,官方目录元数据，附件未列入本批
科研体系、研发投入与评价,科技创新政策与能力基线,C-KISTEP-RES0220220078,2022-02-24,W3,정부R&D 등록·기탁 성과물 심층분석 연구,机构正式研究,,,https://www.kistep.re.kr/reportAllDetail.es?mid=a10305010000&rpt_no=RES0220220078&rpt_tp=831-004,官方目录元数据，附件未列入本批
科研体系、研发投入与评价,科技创新政策与能力基线,C-KISTEP-RES0220220080,2022-02-24,W3,2021년도 과학기술분야 출연연구기관 상위평가 보고서,机构正式研究,,,https://www.kistep.re.kr/reportAllDetail.es?mid=a10305010000&rpt_no=RES0220220080&rpt_tp=831-001,官方目录元数据，附件未列入本批
产业创新、创业与区域体系,科技创新政策与能力基线,C-KISTEP-RES0220220081,2022-02-24,W3,국가혁신체계 고도화를 위한 혁신의제 심화연구,机构正式研究,,,https://www.kistep.re.kr/reportAllDetail.es?mid=a10305010000&rpt_no=RES0220220081&rpt_tp=831-002,官方目录元数据，附件未列入本批
科研体系、研发投入与评价,科技创新政策与能力基线,C-KISTEP-RES0220220083,2022-02-24,W3,국민체감도 제고를 위한 사회문제해결형R&D 성과창출 방안 연구,机构正式研究,,,https://www.kistep.re.kr/reportAllDetail.es?mid=a10305010000&rpt_no=RES0220220083&rpt_tp=831-002,官方目录元数据，附件未列入本批
科研体系、研发投入与评价,科技创新政策与能力基线,C-KISTEP-RES0220220084,2022-02-25,W3,국가연구개발 연구성과 관리·활용 실태조사 최종보고서,机构正式研究,,,https://www.kistep.re.kr/reportAllDetail.es?mid=a10305010000&rpt_no=RES0220220084&rpt_tp=831-004,官方目录元数据，附件未列入本批
科研体系、研发投入与评价,科技创新政策与能力基线,C-KISTEP-RES0220220085,2022-02-25,W3,2021년 연구성과 관리활용 및 운영지원,机构正式研究,,,https://www.kistep.re.kr/reportAllDetail.es?mid=a10305010000&rpt_no=RES0220220085&rpt_tp=831-004,官方目录元数据，附件未列入本批
科研体系、研发投入与评价,科技创新政策与能力基线,C-KISTEP-RES0220220079,2022-02-28,W3,과기 출연연 기관평가의 새로운 접근법 탐색 연구,机构正式研究,,,https://www.kistep.re.kr/reportAllDetail.es?mid=a10305010000&rpt_no=RES0220220079&rpt_tp=831-001,官方目录元数据，附件未列入本批
科研体系、研发投入与评价,科技创新政策与能力基线,C-KISTEP-RES0220220082,2022-02-28,W3,2021년도 글로벌 R&D 투자동향 분석,机构正式研究,,,https://www.kistep.re.kr/reportAllDetail.es?mid=a10305010000&rpt_no=RES0220220082&rpt_tp=831-005,官方目录元数据，附件未列入本批
产业创新、创业与区域体系,科技创新政策与能力基线,C-KISTEP-RES0220220082,2022-02-28,W3,2021년도 글로벌 R&D 투자동향 분석,机构正式研究,,,https://www.kistep.re.kr/reportAllDetail.es?mid=a10305010000&rpt_no=RES0220220082&rpt_tp=831-005,官方目录元数据，附件未列入本批
科技前瞻与未来社会,科技创新政策与能力基线,C-KISTEP-RES0220220082,2022-02-28,W3,2021년도 글로벌 R&D 투자동향 분석,机构正式研究,,,https://www.kistep.re.kr/reportAllDetail.es?mid=a10305010000&rpt_no=RES0220220082&rpt_tp=831-005,官方目录元数据，附件未列入本批
科技创新政策与研究体系,科技创新政策与能力基线,C-KISTEP-RES0220220086,2022-02-28,W3,성장동력의 공공-민간 파트너십 강화를 위한 정책 추진체계 연구,机构正式研究,,,https://www.kistep.re.kr/reportAllDetail.es?mid=a10305010000&rpt_no=RES0220220086&rpt_tp=831-002,官方目录元数据，附件未列入本批
科研体系、研发投入与评价,科技创新政策与能力基线,C-KISTEP-RES0220220088,2022-02-28,W3,정부 R&D 투자시스템의 전략성 진단 및 개선에 관한 연구,机构正式研究,,,https://www.kistep.re.kr/reportAllDetail.es?mid=a10305010000&rpt_no=RES0220220088&rpt_tp=831-005,官方目录元数据，附件未列入本批
科研体系、研发投入与评价,科技创新政策与能力基线,C-KISTEP-RES0220220091,2022-03-02,W3,2021년 전략적 R&D예산 배분 및 편성을 위한 정책기반 구축에 관한 연구,机构正式研究,,,https://www.kistep.re.kr/reportAllDetail.es?mid=a10305010000&rpt_no=RES0220220091&rpt_tp=831-005,官方目录元数据，附件未列入本批
科技人才、大学与知识流动,科技创新政策与能力基线,C-KISTEP-RES0220220093,2022-03-07,W3,2021년 미래인재특별위원회 운영 지원,机构正式研究,,,https://www.kistep.re.kr/reportAllDetail.es?mid=a10305010000&rpt_no=RES0220220093&rpt_tp=831-002,官方目录元数据，附件未列入本批
产业创新、创业与区域体系,科技创新政策与能力基线,C-KISTEP-RES0220220093,2022-03-07,W3,2021년 미래인재특별위원회 운영 지원,机构正式研究,,,https://www.kistep.re.kr/reportAllDetail.es?mid=a10305010000&rpt_no=RES0220220093&rpt_tp=831-002,官方目录元数据，附件未列入本批
科技前瞻与未来社会,科技创新政策与能力基线,C-KISTEP-RES0220220093,2022-03-07,W3,2021년 미래인재특별위원회 운영 지원,机构正式研究,,,https://www.kistep.re.kr/reportAllDetail.es?mid=a10305010000&rpt_no=RES0220220093&rpt_tp=831-002,官方目录元数据，附件未列入本批
科研体系、研发投入与评价,科技创新政策与能力基线,C-KISTEP-RES0220220094,2022-03-08,W3,정부 R&D투자의 전략성 제고를 위한 경제적 효과 예측모형 구축 연구 (Ⅱ),机构正式研究,,,https://www.kistep.re.kr/reportAllDetail.es?mid=a10305010000&rpt_no=RES0220220094&rpt_tp=831-005,官方目录元数据，附件未列入本批
科技前瞻与未来社会,科技创新政策与能力基线,C-KISTEP-RES0220220094,2022-03-08,W3,정부 R&D투자의 전략성 제고를 위한 경제적 효과 예측모형 구축 연구 (Ⅱ),机构正式研究,,,https://www.kistep.re.kr/reportAllDetail.es?mid=a10305010000&rpt_no=RES0220220094&rpt_tp=831-005,官方目录元数据，附件未列入本批
科研体系、研发投入与评价,科技创新政策与能力基线,C-KISTEP-RES0220220096,2022-03-08,W3,정부R&D사업 기획평가관리비의 전략적 편성 방안 연구,机构正式研究,,,https://www.kistep.re.kr/reportAllDetail.es?mid=a10305010000&rpt_no=RES0220220096&rpt_tp=831-005,官方目录元数据，附件未列入本批
科技人才、大学与知识流动,科技创新政策与能力基线,C-KISTEP-RES0220220095,2022-03-10,W3,연구자권익보호위원회 운영 지원 및 체계 개선방안,机构正式研究,,,https://www.kistep.re.kr/reportAllDetail.es?mid=a10305010000&rpt_no=RES0220220095&rpt_tp=831-002,官方目录元数据，附件未列入本批
科研体系、研发投入与评价,科技创新政策与能力基线,C-KISTEP-RES0220220097,2022-03-10,W3,국가연구개발사업 예비타당성조사 2021 연차보고서,机构正式研究,,,https://www.kistep.re.kr/reportAllDetail.es?mid=a10305010000&rpt_no=RES0220220097&rpt_tp=831-003,官方目录元数据，附件未列入本批
科研体系、研发投入与评价,科技创新政策与能力基线,C-KISTEP-RES0220220092,2022-03-17,W3,2021년 연구관리전문기관 체계 개선방안 연구,机构正式研究,,,https://www.kistep.re.kr/reportAllDetail.es?mid=a10305010000&rpt_no=RES0220220092&rpt_tp=831-007,官方目录元数据，附件未列入本批
产业创新、创业与区域体系,科技创新政策与能力基线,C-KISTEP-RES0220220092,2022-03-17,W3,2021년 연구관리전문기관 체계 개선방안 연구,机构正式研究,,,https://www.kistep.re.kr/reportAllDetail.es?mid=a10305010000&rpt_no=RES0220220092&rpt_tp=831-007,官方目录元数据，附件未列入本批
科研体系、研发投入与评价,科技创新政策与能力基线,C-KISTEP-RES0220220100,2022-03-17,W3,제1차 국가연구개발 중장기투자전략(’23~’27) 수립 연구,机构正式研究,,,https://www.kistep.re.kr/reportAllDetail.es?mid=a10305010000&rpt_no=RES0220220100&rpt_tp=831-005,官方目录元数据，附件未列入本批
科研体系、研发投入与评价,科技创新政策与能力基线,C-KISTEP-RES0220220101,2022-03-18,W3,혁신성장을 위한 정부R&D 지원 방식 다양성 제고 방안 연구(Ⅰ),机构正式研究,,,https://www.kistep.re.kr/reportAllDetail.es?mid=a10305010000&rpt_no=RES0220220101&rpt_tp=831-001,官方目录元数据，附件未列入本批
产业创新、创业与区域体系,科技创新政策与能力基线,C-KISTEP-RES0220220101,2022-03-18,W3,혁신성장을 위한 정부R&D 지원 방식 다양성 제고 방안 연구(Ⅰ),机构正式研究,,,https://www.kistep.re.kr/reportAllDetail.es?mid=a10305010000&rpt_no=RES0220220101&rpt_tp=831-001,官方目录元数据，附件未列入本批
科研体系、研发投入与评价,科技创新政策与能力基线,C-KISTEP-RES0220220104,2022-03-24,W3,연구성과평가 정책수립 및 제도 운영,机构正式研究,,,https://www.kistep.re.kr/reportAllDetail.es?mid=a10305010000&rpt_no=RES0220220104&rpt_tp=831-004,官方目录元数据，附件未列入本批
科技人才、大学与知识流动,科技创新政策与能力基线,C-KISTEP-PRG0720220031,2022-03-25,W3,미래 국가 전략 기술분야 선도를 위한 연구거점대학 추진 방안,机构正式研究,,,https://www.kistep.re.kr/reportAllDetail.es?mid=a10305010000&rpt_no=PRG0720220031&rpt_tp=831-007,官方目录元数据，附件未列入本批
产业创新、创业与区域体系,科技创新政策与能力基线,C-KISTEP-PRG0720220031,2022-03-25,W3,미래 국가 전략 기술분야 선도를 위한 연구거점대학 추진 방안,机构正式研究,,,https://www.kistep.re.kr/reportAllDetail.es?mid=a10305010000&rpt_no=PRG0720220031&rpt_tp=831-007,官方目录元数据，附件未列入本批
科技前瞻与未来社会,科技创新政策与能力基线,C-KISTEP-PRG0720220031,2022-03-25,W3,미래 국가 전략 기술분야 선도를 위한 연구거점대학 추진 방안,机构正式研究,,,https://www.kistep.re.kr/reportAllDetail.es?mid=a10305010000&rpt_no=PRG0720220031&rpt_tp=831-007,官方目录元数据，附件未列入本批
科研体系、研发投入与评价,科技创新政策与能力基线,C-KISTEP-RES0220220105,2022-03-25,W3,국가연구개발사업 연구윤리 제도 재정립 및 제재 제도개선 연구,机构正式研究,,,https://www.kistep.re.kr/reportAllDetail.es?mid=a10305010000&rpt_no=RES0220220105&rpt_tp=831-002,官方目录元数据，附件未列入本批
技术安全、供应链与国际合作,科技创新政策与能力基线,C-KISTEP-RES0220220105,2022-03-25,W3,국가연구개발사업 연구윤리 제도 재정립 및 제재 제도개선 연구,机构正式研究,,,https://www.kistep.re.kr/reportAllDetail.es?mid=a10305010000&rpt_no=RES0220220105&rpt_tp=831-002,官方目录元数据，附件未列入本批
科技创新政策与研究体系,科技创新政策与能力基线,C-KISTEP-RES0220220106,2022-03-29,W3,2021년도 다부처공동기획 활성화 기반 연구,机构正式研究,,,https://www.kistep.re.kr/reportAllDetail.es?mid=a10305010000&rpt_no=RES0220220106&rpt_tp=831-002,官方目录元数据，附件未列入本批
科研体系、研发投入与评价,科技创新政策与能力基线,C-KISTEP-RES0220220107,2022-03-29,W3,연구현장 중심의 국가연구개발사업제도개선에 관한 연구,机构正式研究,,,https://www.kistep.re.kr/reportAllDetail.es?mid=a10305010000&rpt_no=RES0220220107&rpt_tp=831-002,官方目录元数据，附件未列入本批
产业创新、创业与区域体系,科技创新政策与能力基线,C-KISTEP-RES0220220107,2022-03-29,W3,연구현장 중심의 국가연구개발사업제도개선에 관한 연구,机构正式研究,,,https://www.kistep.re.kr/reportAllDetail.es?mid=a10305010000&rpt_no=RES0220220107&rpt_tp=831-002,官方目录元数据，附件未列入本批
半导体、量子与战略技术,核心科技直接材料,C-KISTEP-RES0220220108,2022-03-29,W3,심화하는 기술패권주의 대응을 위한 국가R&D 전략 연구 : 미ㆍ중 기술패권경쟁을 중심으로,机构正式研究,,,https://www.kistep.re.kr/reportAllDetail.es?mid=a10305010000&rpt_no=RES0220220108&rpt_tp=831-002,官方目录元数据，附件未列入本批
科研体系、研发投入与评价,核心科技直接材料,C-KISTEP-RES0220220108,2022-03-29,W3,심화하는 기술패권주의 대응을 위한 국가R&D 전략 연구 : 미ㆍ중 기술패권경쟁을 중심으로,机构正式研究,,,https://www.kistep.re.kr/reportAllDetail.es?mid=a10305010000&rpt_no=RES0220220108&rpt_tp=831-002,官方目录元数据，附件未列入本批
产业创新、创业与区域体系,核心科技直接材料,C-KISTEP-RES0220220108,2022-03-29,W3,심화하는 기술패권주의 대응을 위한 국가R&D 전략 연구 : 미ㆍ중 기술패권경쟁을 중심으로,机构正式研究,,,https://www.kistep.re.kr/reportAllDetail.es?mid=a10305010000&rpt_no=RES0220220108&rpt_tp=831-002,官方目录元数据，附件未列入本批
技术安全、供应链与国际合作,核心科技直接材料,C-KISTEP-RES0220220108,2022-03-29,W3,심화하는 기술패권주의 대응을 위한 국가R&D 전략 연구 : 미ㆍ중 기술패권경쟁을 중심으로,机构正式研究,,,https://www.kistep.re.kr/reportAllDetail.es?mid=a10305010000&rpt_no=RES0220220108&rpt_tp=831-002,官方目录元数据，附件未列入本批
产业创新、创业与区域体系,科技创新政策与能力基线,C-KISTEP-RES0220220098,2022-03-31,W3,국가과학기술자문회의 심의회의 과학기술혁신 정책조정 기능 강화 방안,机构正式研究,,,https://www.kistep.re.kr/reportAllDetail.es?mid=a10305010000&rpt_no=RES0220220098&rpt_tp=831-007,官方目录元数据，附件未列入本批
人工智能、数据与数字技术,核心科技直接材料,C-KISTEP-RES0220220112,2022-04-01,W3,연구개발활동조사 심층분석,机构正式研究,,,https://www.kistep.re.kr/reportAllDetail.es?mid=a10305010000&rpt_no=RES0220220112&rpt_tp=831-001,官方目录元数据，附件未列入本批
科研体系、研发投入与评价,核心科技直接材料,C-KISTEP-RES0220220112,2022-04-01,W3,연구개발활동조사 심층분석,机构正式研究,,,https://www.kistep.re.kr/reportAllDetail.es?mid=a10305010000&rpt_no=RES0220220112&rpt_tp=831-001,官方目录元数据，附件未列入本批
产业创新、创业与区域体系,科技创新政策与能力基线,C-KISTEP-RES0220220111,2022-04-04,W3,지방과학기술사업 효율화 및 지역과학기술혁신 플랫폼 구축,机构正式研究,,,https://www.kistep.re.kr/reportAllDetail.es?mid=a10305010000&rpt_no=RES0220220111&rpt_tp=831-002,官方目录元数据，附件未列入本批
科研体系、研发投入与评价,科技创新政策与能力基线,C-KISTEP-RES0220220113,2022-04-04,W3,2021년 기초연구진흥협의회 운영 지원,机构正式研究,,,https://www.kistep.re.kr/reportAllDetail.es?mid=a10305010000&rpt_no=RES0220220113&rpt_tp=831-002,官方目录元数据，附件未列入本批
科研体系、研发投入与评价,科技创新政策与能力基线,C-KISTEP-RES0220220114,2022-04-04,W3,과학기술정책 운영 및 현안 대응,机构正式研究,,,https://www.kistep.re.kr/reportAllDetail.es?mid=a10305010000&rpt_no=RES0220220114&rpt_tp=831-002,官方目录元数据，附件未列入本批
产业创新、创业与区域体系,科技创新政策与能力基线,C-KISTEP-RES0220220114,2022-04-04,W3,과학기술정책 운영 및 현안 대응,机构正式研究,,,https://www.kistep.re.kr/reportAllDetail.es?mid=a10305010000&rpt_no=RES0220220114&rpt_tp=831-002,官方目录元数据，附件未列入本批
科技创新政策与研究体系,科技创新政策与能力基线,C-KISTEP-RES0220220110,2022-04-05,W3,차기 성장동력 발굴·선정 방법론 연구,机构正式研究,,,https://www.kistep.re.kr/reportAllDetail.es?mid=a10305010000&rpt_no=RES0220220110&rpt_tp=831-002,官方目录元数据，附件未列入本批
产业创新、创业与区域体系,科技创新政策与能力基线,C-KISTEP-RES0220220115,2022-04-05,W3,과학기술혁신정책 조정 활성화를 위한 과학기술관계장관회의 및 정책포럼 구성·운영,机构正式研究,,,https://www.kistep.re.kr/reportAllDetail.es?mid=a10305010000&rpt_no=RES0220220115&rpt_tp=831-002,官方目录元数据，附件未列入本批
科研体系、研发投入与评价,科技创新政策与能力基线,C-KISTEP-RES0220220109,2022-04-07,W3,2021년 연구개발지원단 육성지원사업 최종보고서,机构正式研究,,,https://www.kistep.re.kr/reportAllDetail.es?mid=a10305010000&rpt_no=RES0220220109&rpt_tp=831-002,官方目录元数据，附件未列入本批
产业创新、创业与区域体系,科技创新政策与能力基线,C-KISTEP-RES0220220109,2022-04-07,W3,2021년 연구개발지원단 육성지원사업 최종보고서,机构正式研究,,,https://www.kistep.re.kr/reportAllDetail.es?mid=a10305010000&rpt_no=RES0220220109&rpt_tp=831-002,官方目录元数据，附件未列入本批
科技创新政策与研究体系,科技创新政策与能力基线,C-KISTEP-RES0220220117,2022-04-12,W3,2021년도 성장동력 기획관리 및 운영,机构正式研究,,,https://www.kistep.re.kr/reportAllDetail.es?mid=a10305010000&rpt_no=RES0220220117&rpt_tp=831-002,官方目录元数据，附件未列入本批
科技创新政策与研究体系,科技创新政策与能力基线,C-KISTEP-RES0220220119,2022-04-13,W3,2021 과학기술연감,机构正式研究,,,https://www.kistep.re.kr/reportAllDetail.es?mid=a10305010000&rpt_no=RES0220220119&rpt_tp=831-002,官方目录元数据，附件未列入本批
科研体系、研发投入与评价,科技创新政策与能力基线,C-KISTEP-RES0220220120,2022-04-15,W3,2021년 혁신도전프로젝트 사업 지원,机构正式研究,,,https://www.kistep.re.kr/reportAllDetail.es?mid=a10305010000&rpt_no=RES0220220120&rpt_tp=831-002,官方目录元数据，附件未列入本批
产业创新、创业与区域体系,科技创新政策与能力基线,C-KISTEP-RES0220220120,2022-04-15,W3,2021년 혁신도전프로젝트 사업 지원,机构正式研究,,,https://www.kistep.re.kr/reportAllDetail.es?mid=a10305010000&rpt_no=RES0220220120&rpt_tp=831-002,官方目录元数据，附件未列入本批
人工智能、数据与数字技术,核心科技直接材料,C-KISTEP-RES0220220122,2022-05-26,W3,2021년도 예비타당성조사 보고서 국가 통합 바이오 빅데이터 구축 사업,机构正式研究,,,https://www.kistep.re.kr/reportAllDetail.es?mid=a10305010000&rpt_no=RES0220220122&rpt_tp=831-003,官方目录元数据，附件未列入本批
生命科学、生物技术与健康,核心科技直接材料,C-KISTEP-RES0220220122,2022-05-26,W3,2021년도 예비타당성조사 보고서 국가 통합 바이오 빅데이터 구축 사업,机构正式研究,,,https://www.kistep.re.kr/reportAllDetail.es?mid=a10305010000&rpt_no=RES0220220122&rpt_tp=831-003,官方目录元数据，附件未列入本批
科研体系、研发投入与评价,核心科技直接材料,C-KISTEP-RES0220220122,2022-05-26,W3,2021년도 예비타당성조사 보고서 국가 통합 바이오 빅데이터 구축 사업,机构正式研究,,,https://www.kistep.re.kr/reportAllDetail.es?mid=a10305010000&rpt_no=RES0220220122&rpt_tp=831-003,官方目录元数据，附件未列入本批
科研体系、研发投入与评价,科技创新政策与能力基线,C-KISTEP-RES0220220124,2022-05-30,W3,2021년도 예비타당성조사 보고서 (미래국방 가교기술 개발사업),机构正式研究,,,https://www.kistep.re.kr/reportAllDetail.es?mid=a10305010000&rpt_no=RES0220220124&rpt_tp=831-003,官方目录元数据，附件未列入本批
科技前瞻与未来社会,科技创新政策与能力基线,C-KISTEP-RES0220220124,2022-05-30,W3,2021년도 예비타당성조사 보고서 (미래국방 가교기술 개발사업),机构正式研究,,,https://www.kistep.re.kr/reportAllDetail.es?mid=a10305010000&rpt_no=RES0220220124&rpt_tp=831-003,官方目录元数据，附件未列入本批
科研体系、研发投入与评价,科技创新政策与能力基线,C-KISTEP-PRG0720220053,2022-05-31,W3,과학기술분야 연구자 이해충돌 관리 안내서 제정 연구 - 국가연구개발혁신법 시행에 따른 「국가연구개발 연구윤리 길잡이」포함용,机构正式研究,,,https://www.kistep.re.kr/reportAllDetail.es?mid=a10305010000&rpt_no=PRG0720220053&rpt_tp=831-007,官方目录元数据，附件未列入本批
科技人才、大学与知识流动,科技创新政策与能力基线,C-KISTEP-PRG0720220053,2022-05-31,W3,과학기술분야 연구자 이해충돌 관리 안내서 제정 연구 - 국가연구개발혁신법 시행에 따른 「국가연구개발 연구윤리 길잡이」포함용,机构正式研究,,,https://www.kistep.re.kr/reportAllDetail.es?mid=a10305010000&rpt_no=PRG0720220053&rpt_tp=831-007,官方目录元数据，附件未列入本批
产业创新、创业与区域体系,科技创新政策与能力基线,C-KISTEP-PRG0720220053,2022-05-31,W3,과학기술분야 연구자 이해충돌 관리 안내서 제정 연구 - 국가연구개발혁신법 시행에 따른 「국가연구개발 연구윤리 길잡이」포함용,机构正式研究,,,https://www.kistep.re.kr/reportAllDetail.es?mid=a10305010000&rpt_no=PRG0720220053&rpt_tp=831-007,官方目录元数据，附件未列入本批
科技人才、大学与知识流动,科技创新政策与能力基线,C-KISTEP-RES0220220123,2022-05-31,W3,과학기술인력양성 추진체계 구축·운영,机构正式研究,,,https://www.kistep.re.kr/reportAllDetail.es?mid=a10305010000&rpt_no=RES0220220123&rpt_tp=831-002,官方目录元数据，附件未列入本批
科研体系、研发投入与评价,科技创新政策与能力基线,C-KISTEP-RES0220220125,2022-06-02,W3,2021년도 예비타당성조사 보고서 중견중소기업 상생형 혁신도약사업,机构正式研究,,,https://www.kistep.re.kr/reportAllDetail.es?mid=a10305010000&rpt_no=RES0220220125&rpt_tp=831-003,官方目录元数据，附件未列入本批
产业创新、创业与区域体系,科技创新政策与能力基线,C-KISTEP-RES0220220125,2022-06-02,W3,2021년도 예비타당성조사 보고서 중견중소기업 상생형 혁신도약사업,机构正式研究,,,https://www.kistep.re.kr/reportAllDetail.es?mid=a10305010000&rpt_no=RES0220220125&rpt_tp=831-003,官方目录元数据，附件未列入本批
能源、气候与绿色转型,核心科技直接材料,C-KISTEP-RES0220220127,2022-06-03,W3,2021년도 국가연구개발사업 예비타당성조사 보고서 고성능 차세대 이차전지 상용화 기술개발 사업,机构正式研究,,,https://www.kistep.re.kr/reportAllDetail.es?mid=a10305010000&rpt_no=RES0220220127&rpt_tp=831-003,官方目录元数据，附件未列入本批
科研体系、研发投入与评价,核心科技直接材料,C-KISTEP-RES0220220127,2022-06-03,W3,2021년도 국가연구개발사업 예비타당성조사 보고서 고성능 차세대 이차전지 상용화 기술개발 사업,机构正式研究,,,https://www.kistep.re.kr/reportAllDetail.es?mid=a10305010000&rpt_no=RES0220220127&rpt_tp=831-003,官方目录元数据，附件未列入本批
科研体系、研发投入与评价,科技创新政策与能力基线,C-KISTEP-RES0220220131,2022-07-28,W3,2021년도 예비타당성조사 보고서 혁신형 소형모듈원자로(i-SMR) 기술개발사업,机构正式研究,,,https://www.kistep.re.kr/reportAllDetail.es?mid=a10305010000&rpt_no=RES0220220131&rpt_tp=831-003,官方目录元数据，附件未列入本批
产业创新、创业与区域体系,科技创新政策与能力基线,C-KISTEP-RES0220220131,2022-07-28,W3,2021년도 예비타당성조사 보고서 혁신형 소형모듈원자로(i-SMR) 기술개발사업,机构正式研究,,,https://www.kistep.re.kr/reportAllDetail.es?mid=a10305010000&rpt_no=RES0220220131&rpt_tp=831-003,官方目录元数据，附件未列入本批
航天、核能与大型技术系统,科技创新政策与能力基线,C-KISTEP-RES0220220131,2022-07-28,W3,2021년도 예비타당성조사 보고서 혁신형 소형모듈원자로(i-SMR) 기술개발사업,机构正式研究,,,https://www.kistep.re.kr/reportAllDetail.es?mid=a10305010000&rpt_no=RES0220220131&rpt_tp=831-003,官方目录元数据，附件未列入本批
科研体系、研发投入与评价,核心科技直接材料,C-KISTEP-RES0220220133,2022-08-01,W3,2021년도 예비타당성조사 보고서 정지궤도 기상·우주기상 위성시스템 개발사업,机构正式研究,,,https://www.kistep.re.kr/reportAllDetail.es?mid=a10305010000&rpt_no=RES0220220133&rpt_tp=831-003,官方目录元数据，附件未列入本批
航天、核能与大型技术系统,核心科技直接材料,C-KISTEP-RES0220220133,2022-08-01,W3,2021년도 예비타당성조사 보고서 정지궤도 기상·우주기상 위성시스템 개발사업,机构正式研究,,,https://www.kistep.re.kr/reportAllDetail.es?mid=a10305010000&rpt_no=RES0220220133&rpt_tp=831-003,官方目录元数据，附件未列入本批
能源、气候与绿色转型,核心科技直接材料,C-KISTEP-RES0220220132,2022-08-03,W3,2021년도 예비타당성조사 보고서 원전해체 경쟁력 강화 기술개발사업,机构正式研究,,,https://www.kistep.re.kr/reportAllDetail.es?mid=a10305010000&rpt_no=RES0220220132&rpt_tp=831-003,官方目录元数据，附件未列入本批
科研体系、研发投入与评价,核心科技直接材料,C-KISTEP-RES0220220132,2022-08-03,W3,2021년도 예비타당성조사 보고서 원전해체 경쟁력 강화 기술개발사업,机构正式研究,,,https://www.kistep.re.kr/reportAllDetail.es?mid=a10305010000&rpt_no=RES0220220132&rpt_tp=831-003,官方目录元数据，附件未列入本批
航天、核能与大型技术系统,核心科技直接材料,C-KISTEP-RES0220220132,2022-08-03,W3,2021년도 예비타당성조사 보고서 원전해체 경쟁력 강화 기술개발사업,机构正式研究,,,https://www.kistep.re.kr/reportAllDetail.es?mid=a10305010000&rpt_no=RES0220220132&rpt_tp=831-003,官方目录元数据，附件未列入本批
科研体系、研发投入与评价,科技创新政策与能力基线,C-KISTEP-RES0220220134,2022-08-03,W3,2021년도 예비타당성조사 보고서 국가 마이크로바이옴 이니셔티브 사업,机构正式研究,,,https://www.kistep.re.kr/reportAllDetail.es?mid=a10305010000&rpt_no=RES0220220134&rpt_tp=831-003,官方目录元数据，附件未列入本批
产业创新、创业与区域体系,科技创新政策与能力基线,C-KISTEP-RES0220220134,2022-08-03,W3,2021년도 예비타당성조사 보고서 국가 마이크로바이옴 이니셔티브 사업,机构正式研究,,,https://www.kistep.re.kr/reportAllDetail.es?mid=a10305010000&rpt_no=RES0220220134&rpt_tp=831-003,官方目录元数据，附件未列入本批
科技前瞻与未来社会,科技创新政策与能力基线,C-KISTEP-RES0220220134,2022-08-03,W3,2021년도 예비타당성조사 보고서 국가 마이크로바이옴 이니셔티브 사업,机构正式研究,,,https://www.kistep.re.kr/reportAllDetail.es?mid=a10305010000&rpt_no=RES0220220134&rpt_tp=831-003,官方目录元数据，附件未列入本批
科研体系、研发投入与评价,科技创新政策与能力基线,C-KISTEP-RES0220220135,2022-08-03,W3,2021년도 예비타당성조사 보고서 나노융합2030사업,机构正式研究,,,https://www.kistep.re.kr/reportAllDetail.es?mid=a10305010000&rpt_no=RES0220220135&rpt_tp=831-003,官方目录元数据，附件未列入本批
产业创新、创业与区域体系,科技创新政策与能力基线,C-KISTEP-RES0220220135,2022-08-03,W3,2021년도 예비타당성조사 보고서 나노융합2030사업,机构正式研究,,,https://www.kistep.re.kr/reportAllDetail.es?mid=a10305010000&rpt_no=RES0220220135&rpt_tp=831-003,官方目录元数据，附件未列入本批
科研体系、研发投入与评价,科技创新政策与能力基线,C-KISTEP-RES0220220137,2022-09-01,W3,2021년도 국가연구개발사업 조사‧분석 보고서,机构正式研究,,,https://www.kistep.re.kr/reportAllDetail.es?mid=a10305010000&rpt_no=RES0220220137&rpt_tp=831-001,官方目录元数据，附件未列入本批
科研体系、研发投入与评价,科技创新政策与能力基线,C-KISTEP-RES0220220138,2022-09-28,W3,정부 R&D 연구지원통합시스템 개발 및 구축 (1단계),机构正式研究,,,https://www.kistep.re.kr/reportAllDetail.es?mid=a10305010000&rpt_no=RES0220220138&rpt_tp=831-002,官方目录元数据，附件未列入本批
科技人才、大学与知识流动,科技创新政策与能力基线,C-KISTEP-RES0220220138,2022-09-28,W3,정부 R&D 연구지원통합시스템 개발 및 구축 (1단계),机构正式研究,,,https://www.kistep.re.kr/reportAllDetail.es?mid=a10305010000&rpt_no=RES0220220138&rpt_tp=831-002,官方目录元数据，附件未列入本批
科技创新政策与研究体系,科技创新政策与能力基线,C-KISTEP-PRG0720220074,2022-09-30,W3,간접비비율 산출 관리시스템 개발 구축 전략 수립,机构正式研究,,,https://www.kistep.re.kr/reportAllDetail.es?mid=a10305010000&rpt_no=PRG0720220074&rpt_tp=831-007,官方目录元数据，附件未列入本批
科研体系、研发投入与评价,核心科技直接材料,C-KISTEP-RES0220220139,2022-10-12,W3,2021년도 예비타당성조사 보고서 국가로봇테스트필드 사업,机构正式研究,,,https://www.kistep.re.kr/reportAllDetail.es?mid=a10305010000&rpt_no=RES0220220139&rpt_tp=831-003,官方目录元数据，附件未列入本批
人工智能、数据与数字技术,核心科技直接材料,C-KISTEP-PRG0720220056,2022-10-14,W3,미래예측 방법론을 활용한 디지털 융복합 신산업 도출,机构正式研究,,,https://www.kistep.re.kr/reportAllDetail.es?mid=a10305010000&rpt_no=PRG0720220056&rpt_tp=831-007,官方目录元数据，附件未列入本批
科研体系、研发投入与评价,核心科技直接材料,C-KISTEP-PRG0720220056,2022-10-14,W3,미래예측 방법론을 활용한 디지털 융복합 신산업 도출,机构正式研究,,,https://www.kistep.re.kr/reportAllDetail.es?mid=a10305010000&rpt_no=PRG0720220056&rpt_tp=831-007,官方目录元数据，附件未列入本批
产业创新、创业与区域体系,核心科技直接材料,C-KISTEP-PRG0720220056,2022-10-14,W3,미래예측 방법론을 활용한 디지털 융복합 신산업 도출,机构正式研究,,,https://www.kistep.re.kr/reportAllDetail.es?mid=a10305010000&rpt_no=PRG0720220056&rpt_tp=831-007,官方目录元数据，附件未列入本批
科技前瞻与未来社会,核心科技直接材料,C-KISTEP-PRG0720220056,2022-10-14,W3,미래예측 방법론을 활용한 디지털 융복합 신산업 도출,机构正式研究,,,https://www.kistep.re.kr/reportAllDetail.es?mid=a10305010000&rpt_no=PRG0720220056&rpt_tp=831-007,官方目录元数据，附件未列入本批
半导体、量子与战略技术,核心科技直接材料,C-KISTEP-RES0220220140,2022-10-14,W3,2021년도 예비타당성조사 보고서 시스템반도체 첨단패키징 플랫폼 구축사업,机构正式研究,,,https://www.kistep.re.kr/reportAllDetail.es?mid=a10305010000&rpt_no=RES0220220140&rpt_tp=831-003,官方目录元数据，附件未列入本批
科研体系、研发投入与评价,核心科技直接材料,C-KISTEP-RES0220220140,2022-10-14,W3,2021년도 예비타당성조사 보고서 시스템반도체 첨단패키징 플랫폼 구축사업,机构正式研究,,,https://www.kistep.re.kr/reportAllDetail.es?mid=a10305010000&rpt_no=RES0220220140&rpt_tp=831-003,官方目录元数据，附件未列入本批
科研体系、研发投入与评价,科技创新政策与能力基线,C-KISTEP-RES0220220142,2022-10-17,W3,2021년도 예비타당성조사 보고서 실내공기질 관리ㆍ개선 기술개발사업,机构正式研究,,,https://www.kistep.re.kr/reportAllDetail.es?mid=a10305010000&rpt_no=RES0220220142&rpt_tp=831-003,官方目录元数据，附件未列入本批
人工智能、数据与数字技术,核心科技直接材料,C-KISTEP-RES0220220141,2022-10-19,W3,2021년도 예비타당성조사 보고서 미래대응 섬유 고부가 전략기술 개발사업,机构正式研究,,,https://www.kistep.re.kr/reportAllDetail.es?mid=a10305010000&rpt_no=RES0220220141&rpt_tp=831-003,官方目录元数据，附件未列入本批
半导体、量子与战略技术,核心科技直接材料,C-KISTEP-RES0220220141,2022-10-19,W3,2021년도 예비타당성조사 보고서 미래대응 섬유 고부가 전략기술 개발사업,机构正式研究,,,https://www.kistep.re.kr/reportAllDetail.es?mid=a10305010000&rpt_no=RES0220220141&rpt_tp=831-003,官方目录元数据，附件未列入本批
科研体系、研发投入与评价,核心科技直接材料,C-KISTEP-RES0220220141,2022-10-19,W3,2021년도 예비타당성조사 보고서 미래대응 섬유 고부가 전략기술 개발사업,机构正式研究,,,https://www.kistep.re.kr/reportAllDetail.es?mid=a10305010000&rpt_no=RES0220220141&rpt_tp=831-003,官方目录元数据，附件未列入本批
科技前瞻与未来社会,核心科技直接材料,C-KISTEP-RES0220220141,2022-10-19,W3,2021년도 예비타당성조사 보고서 미래대응 섬유 고부가 전략기술 개발사업,机构正式研究,,,https://www.kistep.re.kr/reportAllDetail.es?mid=a10305010000&rpt_no=RES0220220141&rpt_tp=831-003,官方目录元数据，附件未列入本批
生命科学、生物技术与健康,核心科技直接材料,C-KISTEP-RES0220220145,2022-10-19,W3,2022년도 사업계획 적정성 재검토 보고서 바이오 연구 소재 활용기반 조성 사업,机构正式研究,,,https://www.kistep.re.kr/reportAllDetail.es?mid=a10305010000&rpt_no=RES0220220145&rpt_tp=831-003,官方目录元数据，附件未列入本批
科技人才、大学与知识流动,核心科技直接材料,C-KISTEP-RES0220220145,2022-10-19,W3,2022년도 사업계획 적정성 재검토 보고서 바이오 연구 소재 활용기반 조성 사업,机构正式研究,,,https://www.kistep.re.kr/reportAllDetail.es?mid=a10305010000&rpt_no=RES0220220145&rpt_tp=831-003,官方目录元数据，附件未列入本批
生命科学、生物技术与健康,核心科技直接材料,C-KISTEP-RES0220220146,2022-10-19,W3,2021년도 예비타당성조사 보고서 바이오파운드리 구축 및 활용기술개발사업,机构正式研究,,,https://www.kistep.re.kr/reportAllDetail.es?mid=a10305010000&rpt_no=RES0220220146&rpt_tp=831-003,官方目录元数据，附件未列入本批
科研体系、研发投入与评价,核心科技直接材料,C-KISTEP-RES0220220146,2022-10-19,W3,2021년도 예비타당성조사 보고서 바이오파운드리 구축 및 활용기술개발사업,机构正式研究,,,https://www.kistep.re.kr/reportAllDetail.es?mid=a10305010000&rpt_no=RES0220220146&rpt_tp=831-003,官方目录元数据，附件未列入本批
科研体系、研发投入与评价,科技创新政策与能力基线,C-KISTEP-RES0220220147,2022-10-20,W3,2021년도 예비타당성조사 보고서 극한소재 실증연구 기반조성 사업,机构正式研究,,,https://www.kistep.re.kr/reportAllDetail.es?mid=a10305010000&rpt_no=RES0220220147&rpt_tp=831-003,官方目录元数据，附件未列入本批
能源、气候与绿色转型,科技创新政策与能力基线,C-KISTEP-RES0220220148,2022-10-21,W3,2021년도 예비타당성조사 보고서 탄소중립혁신기술개발사업,机构正式研究,,,https://www.kistep.re.kr/reportAllDetail.es?mid=a10305010000&rpt_no=RES0220220148&rpt_tp=831-003,官方目录元数据，附件未列入本批
科研体系、研发投入与评价,科技创新政策与能力基线,C-KISTEP-RES0220220148,2022-10-21,W3,2021년도 예비타당성조사 보고서 탄소중립혁신기술개발사업,机构正式研究,,,https://www.kistep.re.kr/reportAllDetail.es?mid=a10305010000&rpt_no=RES0220220148&rpt_tp=831-003,官方目录元数据，附件未列入本批
产业创新、创业与区域体系,科技创新政策与能力基线,C-KISTEP-RES0220220148,2022-10-21,W3,2021년도 예비타당성조사 보고서 탄소중립혁신기술개발사업,机构正式研究,,,https://www.kistep.re.kr/reportAllDetail.es?mid=a10305010000&rpt_no=RES0220220148&rpt_tp=831-003,官方目录元数据，附件未列入本批
科研体系、研发投入与评价,科技创新政策与能力基线,C-KISTEP-RES0220220149,2022-10-25,W3,2021년도 예비타당성조사 보고서 국가 플래그십 초고성능컴퓨팅 인프라 고도화 사업,机构正式研究,,,https://www.kistep.re.kr/reportAllDetail.es?mid=a10305010000&rpt_no=RES0220220149&rpt_tp=831-003,官方目录元数据，附件未列入本批
科研体系、研发投入与评价,科技创新政策与能力基线,C-KISTEP-PRG0720220057,2022-10-31,W3,핵심기술별 R&D 투자의 사회·경제적 파급효과 분석,机构正式研究,,,https://www.kistep.re.kr/reportAllDetail.es?mid=a10305010000&rpt_no=PRG0720220057&rpt_tp=831-007,官方目录元数据，附件未列入本批
人工智能、数据与数字技术,核心科技直接材料,C-KISTEP-PRG0720220058,2022-10-31,W3,중소기업의 디지털 전환 지원정책 재설계를 위한 기업 R&D 활동 빅데이터 실증분석 연구,机构正式研究,,,https://www.kistep.re.kr/reportAllDetail.es?mid=a10305010000&rpt_no=PRG0720220058&rpt_tp=831-007,官方目录元数据，附件未列入本批
科研体系、研发投入与评价,核心科技直接材料,C-KISTEP-PRG0720220058,2022-10-31,W3,중소기업의 디지털 전환 지원정책 재설계를 위한 기업 R&D 활동 빅데이터 실증분석 연구,机构正式研究,,,https://www.kistep.re.kr/reportAllDetail.es?mid=a10305010000&rpt_no=PRG0720220058&rpt_tp=831-007,官方目录元数据，附件未列入本批
产业创新、创业与区域体系,核心科技直接材料,C-KISTEP-PRG0720220058,2022-10-31,W3,중소기업의 디지털 전환 지원정책 재설계를 위한 기업 R&D 활동 빅데이터 실증분석 연구,机构正式研究,,,https://www.kistep.re.kr/reportAllDetail.es?mid=a10305010000&rpt_no=PRG0720220058&rpt_tp=831-007,官方目录元数据，附件未列入本批
科研体系、研发投入与评价,科技创新政策与能力基线,C-KISTEP-PRG0720220063,2022-10-31,W3,과학기술외교･국제협력 R&D 성과분석체계 기반 구축 연구,机构正式研究,,,https://www.kistep.re.kr/reportAllDetail.es?mid=a10305010000&rpt_no=PRG0720220063&rpt_tp=831-007,官方目录元数据，附件未列入本批
技术安全、供应链与国际合作,科技创新政策与能力基线,C-KISTEP-PRG0720220063,2022-10-31,W3,과학기술외교･국제협력 R&D 성과분석체계 기반 구축 연구,机构正式研究,,,https://www.kistep.re.kr/reportAllDetail.es?mid=a10305010000&rpt_no=PRG0720220063&rpt_tp=831-007,官方目录元数据，附件未列入本批
科技人才、大学与知识流动,科技创新政策与能力基线,C-KISTEP-PRG0720230001,2022-10-31,W3,2022년 과학기술외교 아카데미 구축·운영,机构正式研究,,,https://www.kistep.re.kr/reportAllDetail.es?mid=a10305010000&rpt_no=PRG0720230001&rpt_tp=831-007,官方目录元数据，附件未列入本批
技术安全、供应链与国际合作,科技创新政策与能力基线,C-KISTEP-PRG0720230001,2022-10-31,W3,2022년 과학기술외교 아카데미 구축·운영,机构正式研究,,,https://www.kistep.re.kr/reportAllDetail.es?mid=a10305010000&rpt_no=PRG0720230001&rpt_tp=831-007,官方目录元数据，附件未列入本批
科研体系、研发投入与评价,科技创新政策与能力基线,C-KISTEP-RES0220220151,2022-11-12,W3,2022년 국가연구개발 우수성과 100선,机构正式研究,,,https://www.kistep.re.kr/reportAllDetail.es?mid=a10305010000&rpt_no=RES0220220151&rpt_tp=831-004,官方目录元数据，附件未列入本批
科研体系、研发投入与评价,科技创新政策与能力基线,C-KISTEP-PRG0720220060,2022-11-15,W3,과학기술혁신정책 패러다임의 변화를 반영한 정부 부처 R&D 사업 분석 틀 개발 및 적용에 관한 연구,机构正式研究,,,https://www.kistep.re.kr/reportAllDetail.es?mid=a10305010000&rpt_no=PRG0720220060&rpt_tp=831-007,官方目录元数据，附件未列入本批
产业创新、创业与区域体系,科技创新政策与能力基线,C-KISTEP-PRG0720220060,2022-11-15,W3,과학기술혁신정책 패러다임의 변화를 반영한 정부 부처 R&D 사업 분석 틀 개발 및 적용에 관한 연구,机构正式研究,,,https://www.kistep.re.kr/reportAllDetail.es?mid=a10305010000&rpt_no=PRG0720220060&rpt_tp=831-007,官方目录元数据，附件未列入本批
科研体系、研发投入与评价,科技创新政策与能力基线,C-KISTEP-PRG0720220061,2022-11-15,W3,R&D 투자가 지역 성장에 미치는 효과 : 5+2 광역경제권을 중심으로,机构正式研究,,,https://www.kistep.re.kr/reportAllDetail.es?mid=a10305010000&rpt_no=PRG0720220061&rpt_tp=831-007,官方目录元数据，附件未列入本批
产业创新、创业与区域体系,科技创新政策与能力基线,C-KISTEP-PRG0720220061,2022-11-15,W3,R&D 투자가 지역 성장에 미치는 효과 : 5+2 광역경제권을 중심으로,机构正式研究,,,https://www.kistep.re.kr/reportAllDetail.es?mid=a10305010000&rpt_no=PRG0720220061&rpt_tp=831-007,官方目录元数据，附件未列入本批
科技人才、大学与知识流动,科技创新政策与能力基线,C-KISTEP-PRG0720220062,2022-11-15,W3,대학연구소의 바람직한 역할 정립 및 활성화 방안 연구,机构正式研究,,,https://www.kistep.re.kr/reportAllDetail.es?mid=a10305010000&rpt_no=PRG0720220062&rpt_tp=831-007,官方目录元数据，附件未列入本批
人工智能、数据与数字技术,核心科技直接材料,C-KISTEP-PRG0720220071,2022-11-17,W3,디지털 혁신전략 추진 방향 연구,机构正式研究,,,https://www.kistep.re.kr/reportAllDetail.es?mid=a10305010000&rpt_no=PRG0720220071&rpt_tp=831-007,官方目录元数据，附件未列入本批
产业创新、创业与区域体系,核心科技直接材料,C-KISTEP-PRG0720220071,2022-11-17,W3,디지털 혁신전략 추진 방향 연구,机构正式研究,,,https://www.kistep.re.kr/reportAllDetail.es?mid=a10305010000&rpt_no=PRG0720220071&rpt_tp=831-007,官方目录元数据，附件未列入本批
科研体系、研发投入与评价,科技创新政策与能力基线,C-KISTEP-PRG0720220067,2022-11-28,W3,개도국 과학기술정책 교육훈련 수요 발굴 연구,机构正式研究,,,https://www.kistep.re.kr/reportAllDetail.es?mid=a10305010000&rpt_no=PRG0720220067&rpt_tp=831-007,官方目录元数据，附件未列入本批
产业创新、创业与区域体系,科技创新政策与能力基线,C-KISTEP-PRG0720220067,2022-11-28,W3,개도국 과학기술정책 교육훈련 수요 발굴 연구,机构正式研究,,,https://www.kistep.re.kr/reportAllDetail.es?mid=a10305010000&rpt_no=PRG0720220067&rpt_tp=831-007,官方目录元数据，附件未列入本批
科研体系、研发投入与评价,科技创新政策与能力基线,C-KISTEP-PRG0720220059,2022-11-29,W3,좌초자산 개념을 활용한 R&D사업의 경제성평가,机构正式研究,,,https://www.kistep.re.kr/reportAllDetail.es?mid=a10305010000&rpt_no=PRG0720220059&rpt_tp=831-007,官方目录元数据，附件未列入本批
科研体系、研发投入与评价,科技创新政策与能力基线,C-KISTEP-PRG0720220065,2022-11-29,W3,과학기술 논문성과 분석연구(2012-2021),机构正式研究,,,https://www.kistep.re.kr/reportAllDetail.es?mid=a10305010000&rpt_no=PRG0720220065&rpt_tp=831-007,官方目录元数据，附件未列入本批
产业创新、创业与区域体系,科技创新政策与能力基线,C-KISTEP-PRG0720220065,2022-11-29,W3,과학기술 논문성과 분석연구(2012-2021),机构正式研究,,,https://www.kistep.re.kr/reportAllDetail.es?mid=a10305010000&rpt_no=PRG0720220065&rpt_tp=831-007,官方目录元数据，附件未列入本批
科研体系、研发投入与评价,科技创新政策与能力基线,C-KISTEP-PRG0720220064,2022-11-30,W3,정부 R&D 투자의 지능형 분석 및 탐색에 대한 모형 연구,机构正式研究,,,https://www.kistep.re.kr/reportAllDetail.es?mid=a10305010000&rpt_no=PRG0720220064&rpt_tp=831-007,官方目录元数据，附件未列入本批
科研体系、研发投入与评价,科技创新政策与能力基线,C-KISTEP-PRG0720220066,2022-11-30,W3,정부와 민간의 역할 분담 관점에서의 R&D 투자전략,机构正式研究,,,https://www.kistep.re.kr/reportAllDetail.es?mid=a10305010000&rpt_no=PRG0720220066&rpt_tp=831-007,官方目录元数据，附件未列入本批
科技创新政策与研究体系,科技创新政策与能力基线,C-KISTEP-PRG0720220068,2022-11-30,W3,과학기술 기반의 사회문제 스코어보드 지표체계 탐색연구,机构正式研究,,,https://www.kistep.re.kr/reportAllDetail.es?mid=a10305010000&rpt_no=PRG0720220068&rpt_tp=831-007,官方目录元数据，附件未列入本批
产业创新、创业与区域体系,科技创新政策与能力基线,C-KISTEP-PRG0720220072,2022-11-30,W3,한국형 국가기술혁신체계(NIS) 고도화를 위한 정책방안 연구,机构正式研究,,,https://www.kistep.re.kr/reportAllDetail.es?mid=a10305010000&rpt_no=PRG0720220072&rpt_tp=831-007,官方目录元数据，附件未列入本批
科研体系、研发投入与评价,科技创新政策与能力基线,C-KISTEP-PRG0720230002,2022-11-30,W3,주요국 및 국제기구 동향 분석,机构正式研究,,,https://www.kistep.re.kr/reportAllDetail.es?mid=a10305010000&rpt_no=PRG0720230002&rpt_tp=831-007,官方目录元数据，附件未列入本批
技术安全、供应链与国际合作,科技创新政策与能力基线,C-KISTEP-PRG0720230002,2022-11-30,W3,주요국 및 국제기구 동향 분석,机构正式研究,,,https://www.kistep.re.kr/reportAllDetail.es?mid=a10305010000&rpt_no=PRG0720230002&rpt_tp=831-007,官方目录元数据，附件未列入本批
产业创新、创业与区域体系,科技创新政策与能力基线,C-KISTEP-PRG0720230003,2022-11-30,W3,독일/EU 과학기술혁신 동향 수집·분석 연구,机构正式研究,,,https://www.kistep.re.kr/reportAllDetail.es?mid=a10305010000&rpt_no=PRG0720230003&rpt_tp=831-007,官方目录元数据，附件未列入本批
科研体系、研发投入与评价,科技创新政策与能力基线,C-KISTEP-PRG0720220070,2022-12-06,W3,성장동력 정책평가 개념 연구 및 개선과제 도출,机构正式研究,,,https://www.kistep.re.kr/reportAllDetail.es?mid=a10305010000&rpt_no=PRG0720220070&rpt_tp=831-007,官方目录元数据，附件未列入本批
产业创新、创业与区域体系,科技创新政策与能力基线,C-KISTEP-PRG0720220070,2022-12-06,W3,성장동력 정책평가 개념 연구 및 개선과제 도출,机构正式研究,,,https://www.kistep.re.kr/reportAllDetail.es?mid=a10305010000&rpt_no=PRG0720220070&rpt_tp=831-007,官方目录元数据，附件未列入本批
科研体系、研发投入与评价,科技创新政策与能力基线,C-KISTEP-PRG0720220069,2022-12-15,W3,국가연구개발사업 표준성과지표 6차 개정을 위한 탐색 연구 최종보고서,机构正式研究,,,https://www.kistep.re.kr/reportAllDetail.es?mid=a10305010000&rpt_no=PRG0720220069&rpt_tp=831-007,官方目录元数据，附件未列入本批
科研体系、研发投入与评价,科技创新政策与能力基线,C-KISTEP-RES0220220153,2022-12-19,W3,국가R&D 기획·관리 지원서비스 구축,机构正式研究,,,https://www.kistep.re.kr/reportAllDetail.es?mid=a10305010000&rpt_no=RES0220220153&rpt_tp=831-007,官方目录元数据，附件未列入本批
科技人才、大学与知识流动,科技创新政策与能力基线,C-KISTEP-RES0220220153,2022-12-19,W3,국가R&D 기획·관리 지원서비스 구축,机构正式研究,,,https://www.kistep.re.kr/reportAllDetail.es?mid=a10305010000&rpt_no=RES0220220153&rpt_tp=831-007,官方目录元数据，附件未列入本批
科研体系、研发投入与评价,科技创新政策与能力基线,C-KISTEP-PRG0720230010,2022-12-21,W3,출연(연) 임무지향 혁신체계 구축을 위한 기관평가제도 개편방안 연구,机构正式研究,,,https://www.kistep.re.kr/reportAllDetail.es?mid=a10305010000&rpt_no=PRG0720230010&rpt_tp=831-007,官方目录元数据，附件未列入本批
产业创新、创业与区域体系,科技创新政策与能力基线,C-KISTEP-PRG0720230010,2022-12-21,W3,출연(연) 임무지향 혁신체계 구축을 위한 기관평가제도 개편방안 연구,机构正式研究,,,https://www.kistep.re.kr/reportAllDetail.es?mid=a10305010000&rpt_no=PRG0720230010&rpt_tp=831-007,官方目录元数据，附件未列入本批
能源、气候与绿色转型,科技创新政策与能力基线,C-KISTEP-RES0220220157,2022-12-22,W3,2021년도 예비타당성조사 보고서 탄소중립 산업핵심기술개발사업,机构正式研究,,,https://www.kistep.re.kr/reportAllDetail.es?mid=a10305010000&rpt_no=RES0220220157&rpt_tp=831-003,官方目录元数据，附件未列入本批
科研体系、研发投入与评价,科技创新政策与能力基线,C-KISTEP-RES0220220157,2022-12-22,W3,2021년도 예비타당성조사 보고서 탄소중립 산업핵심기술개발사업,机构正式研究,,,https://www.kistep.re.kr/reportAllDetail.es?mid=a10305010000&rpt_no=RES0220220157&rpt_tp=831-003,官方目录元数据，附件未列入本批
产业创新、创业与区域体系,科技创新政策与能力基线,C-KISTEP-RES0220220157,2022-12-22,W3,2021년도 예비타당성조사 보고서 탄소중립 산업핵심기술개발사업,机构正式研究,,,https://www.kistep.re.kr/reportAllDetail.es?mid=a10305010000&rpt_no=RES0220220157&rpt_tp=831-003,官方目录元数据，附件未列入本批
科研体系、研发投入与评价,科技创新政策与能力基线,C-KISTEP-RES0220220158,2022-12-26,W3,2021 연구개발 성과연감,机构正式研究,,,https://www.kistep.re.kr/reportAllDetail.es?mid=a10305010000&rpt_no=RES0220220158&rpt_tp=831-004,官方目录元数据，附件未列入本批
科技创新政策与研究体系,科技创新政策与能力基线,C-KISTEP-PRG0720230011,2022-12-30,W3,범부처 연구지원시스템 운영을 위한 사용자 온오프라인 교육 및 학습 플랫폼 지원_최종보고서,机构正式研究,,,https://www.kistep.re.kr/reportAllDetail.es?mid=a10305010000&rpt_no=PRG0720230011&rpt_tp=831-007,官方目录元数据，附件未列入本批
科研体系、研发投入与评价,科技创新政策与能力基线,C-KISTEP-PRG0720230009,2022-12-31,W3,뉴노멀 시대의 과학기술인력 확보 및 효율적 육성을 위한 제도개선 방안 연구,机构正式研究,,,https://www.kistep.re.kr/reportAllDetail.es?mid=a10305010000&rpt_no=PRG0720230009&rpt_tp=831-007,官方目录元数据，附件未列入本批
科技人才、大学与知识流动,科技创新政策与能力基线,C-KISTEP-PRG0720230009,2022-12-31,W3,뉴노멀 시대의 과학기술인력 확보 및 효율적 육성을 위한 제도개선 방안 연구,机构正式研究,,,https://www.kistep.re.kr/reportAllDetail.es?mid=a10305010000&rpt_no=PRG0720230009&rpt_tp=831-007,官方目录元数据，附件未列入本批
产业创新、创业与区域体系,科技创新政策与能力基线,C-KISTEP-PRG0720230009,2022-12-31,W3,뉴노멀 시대의 과학기술인력 확보 및 효율적 육성을 위한 제도개선 방안 연구,机构正式研究,,,https://www.kistep.re.kr/reportAllDetail.es?mid=a10305010000&rpt_no=PRG0720230009&rpt_tp=831-007,官方目录元数据，附件未列入本批
科技前瞻与未来社会,科技创新政策与能力基线,C-KISTEP-RES0220220159,2023-01-02,W3,제6회 과학기술예측조사 결과물 확산 연구(3차년도),机构正式研究,,,https://www.kistep.re.kr/reportAllDetail.es?mid=a10305010000&rpt_no=RES0220220159&rpt_tp=831-006,官方目录元数据，附件未列入本批
半导体、量子与战略技术,核心科技直接材料,C-KISTEP-RES0220220161,2023-01-02,W3,2022년 기술수준평가(2차년도),机构正式研究,,,https://www.kistep.re.kr/reportAllDetail.es?mid=a10305010000&rpt_no=RES0220220161&rpt_tp=831-006,官方目录元数据，附件未列入本批
科研体系、研发投入与评价,核心科技直接材料,C-KISTEP-RES0220220161,2023-01-02,W3,2022년 기술수준평가(2차년도),机构正式研究,,,https://www.kistep.re.kr/reportAllDetail.es?mid=a10305010000&rpt_no=RES0220220161&rpt_tp=831-006,官方目录元数据，附件未列入本批
科研体系、研发投入与评价,科技创新政策与能力基线,C-KISTEP-PRG0720230004,2023-01-10,W3,국가연구개발사업 간접비 활동기준원가계산 도입을 위한 실증연구,机构正式研究,,,https://www.kistep.re.kr/reportAllDetail.es?mid=a10305010000&rpt_no=PRG0720230004&rpt_tp=831-007,官方目录元数据，附件未列入本批
科研体系、研发投入与评价,科技创新政策与能力基线,C-KISTEP-RES0220230001,2023-01-10,W3,2022년 국가R&D사업 사전분석 전문 네트워크 구축 및 역량 강화,机构正式研究,,,https://www.kistep.re.kr/reportAllDetail.es?mid=a10305010000&rpt_no=RES0220230001&rpt_tp=831-003,官方目录元数据，附件未列入本批
科技前瞻与未来社会,科技创新政策与能力基线,C-KISTEP-RES0220230002,2023-01-19,W3,2022년 미래 불확실성에 대응하는 환경변화 탐색 및 대응방안 연구,机构正式研究,,,https://www.kistep.re.kr/reportAllDetail.es?mid=a10305010000&rpt_no=RES0220230002&rpt_tp=831-006,官方目录元数据，附件未列入本批
科技前瞻与未来社会,科技创新政策与能力基线,C-KISTEP-RES0220230008,2023-01-19,W3,2023년 KISTEP 미래유망기술 선정에 관한 연구,机构正式研究,,,https://www.kistep.re.kr/reportAllDetail.es?mid=a10305010000&rpt_no=RES0220230008&rpt_tp=831-006,官方目录元数据，附件未列入本批
人工智能、数据与数字技术,核心科技直接材料,C-KISTEP-RES0220230010,2023-01-19,W3,디지털 전환 시대의 과학기술혁신정책: 산업 고도화와 융복합 신산업 창출을 위한 10대 정책과제,机构正式研究,,,https://www.kistep.re.kr/reportAllDetail.es?mid=a10305010000&rpt_no=RES0220230010&rpt_tp=831-005,官方目录元数据，附件未列入本批
产业创新、创业与区域体系,核心科技直接材料,C-KISTEP-RES0220230010,2023-01-19,W3,디지털 전환 시대의 과학기술혁신정책: 산업 고도화와 융복합 신산업 창출을 위한 10대 정책과제,机构正式研究,,,https://www.kistep.re.kr/reportAllDetail.es?mid=a10305010000&rpt_no=RES0220230010&rpt_tp=831-005,官方目录元数据，附件未列入本批
科研体系、研发投入与评价,科技创新政策与能力基线,C-KISTEP-PRG0720230014,2023-01-25,W3,과기 출연연 기관평가 전략컨설팅 방법 개발 연구,机构正式研究,,,https://www.kistep.re.kr/reportAllDetail.es?mid=a10305010000&rpt_no=PRG0720230014&rpt_tp=831-007,官方目录元数据，附件未列入本批
科研体系、研发投入与评价,科技创新政策与能力基线,C-KISTEP-RES0220230004,2023-01-25,W3,과학기술외교·국제협력 스코어보드 및 성과평가체계기반 구축 연구,机构正式研究,,,https://www.kistep.re.kr/reportAllDetail.es?mid=a10305010000&rpt_no=RES0220230004&rpt_tp=831-002,官方目录元数据，附件未列入本批
技术安全、供应链与国际合作,科技创新政策与能力基线,C-KISTEP-RES0220230004,2023-01-25,W3,과학기술외교·국제협력 스코어보드 및 성과평가체계기반 구축 연구,机构正式研究,,,https://www.kistep.re.kr/reportAllDetail.es?mid=a10305010000&rpt_no=RES0220230004&rpt_tp=831-002,官方目录元数据，附件未列入本批
人工智能、数据与数字技术,核心科技直接材料,C-KISTEP-PRG0720230008,2023-01-27,W3,국가연구개발사업(과제) 추천 알고리즘 연구,机构正式研究,,,https://www.kistep.re.kr/reportAllDetail.es?mid=a10305010000&rpt_no=PRG0720230008&rpt_tp=831-007,官方目录元数据，附件未列入本批
科研体系、研发投入与评价,核心科技直接材料,C-KISTEP-PRG0720230008,2023-01-27,W3,국가연구개발사업(과제) 추천 알고리즘 연구,机构正式研究,,,https://www.kistep.re.kr/reportAllDetail.es?mid=a10305010000&rpt_no=PRG0720230008&rpt_tp=831-007,官方目录元数据，附件未列入本批
科研体系、研发投入与评价,核心科技直接材料,C-KISTEP-RES0220230013,2023-01-27,W3,2022년도 예비타당성조사 보고서 차세대 발사체 개발사업,机构正式研究,,,https://www.kistep.re.kr/reportAllDetail.es?mid=a10305010000&rpt_no=RES0220230013&rpt_tp=831-003,官方目录元数据，附件未列入本批
航天、核能与大型技术系统,核心科技直接材料,C-KISTEP-RES0220230013,2023-01-27,W3,2022년도 예비타당성조사 보고서 차세대 발사체 개발사업,机构正式研究,,,https://www.kistep.re.kr/reportAllDetail.es?mid=a10305010000&rpt_no=RES0220230013&rpt_tp=831-003,官方目录元数据，附件未列入本批
科研体系、研发投入与评价,科技创新政策与能力基线,C-KISTEP-RES0220230015,2023-01-30,W3,국가연구개발사업 특정평가 체계화 방안 연구,机构正式研究,,,https://www.kistep.re.kr/reportAllDetail.es?mid=a10305010000&rpt_no=RES0220230015&rpt_tp=831-001,官方目录元数据，附件未列入本批
科研体系、研发投入与评价,科技创新政策与能力基线,C-KISTEP-RES0220230017,2023-01-30,W3,2023년 국가 과학기술혁신 및 R&D 발전전략을 위한 ‘KISTEP Think 2023’ 핵심 아젠다 발굴 연구,机构正式研究,,,https://www.kistep.re.kr/reportAllDetail.es?mid=a10305010000&rpt_no=RES0220230017&rpt_tp=831-002,官方目录元数据，附件未列入本批
产业创新、创业与区域体系,科技创新政策与能力基线,C-KISTEP-RES0220230017,2023-01-30,W3,2023년 국가 과학기술혁신 및 R&D 발전전략을 위한 ‘KISTEP Think 2023’ 핵심 아젠다 발굴 연구,机构正式研究,,,https://www.kistep.re.kr/reportAllDetail.es?mid=a10305010000&rpt_no=RES0220230017&rpt_tp=831-002,官方目录元数据，附件未列入本批
能源、气候与绿色转型,科技创新政策与能力基线,C-KISTEP-PRG0720230006,2023-01-31,W3,태양광 분야의 탄소중립 기술혁신 전략로드맵 수립 연구,机构正式研究,,,https://www.kistep.re.kr/reportAllDetail.es?mid=a10305010000&rpt_no=PRG0720230006&rpt_tp=831-007,官方目录元数据，附件未列入本批
产业创新、创业与区域体系,科技创新政策与能力基线,C-KISTEP-PRG0720230006,2023-01-31,W3,태양광 분야의 탄소중립 기술혁신 전략로드맵 수립 연구,机构正式研究,,,https://www.kistep.re.kr/reportAllDetail.es?mid=a10305010000&rpt_no=PRG0720230006&rpt_tp=831-007,官方目录元数据，附件未列入本批
半导体、量子与战略技术,核心科技直接材料,C-KISTEP-PRG0720230007,2023-01-31,W3,국가전략기술 프로젝트 운영지침(안) 수립에 관한 연구,机构正式研究,,,https://www.kistep.re.kr/reportAllDetail.es?mid=a10305010000&rpt_no=PRG0720230007&rpt_tp=831-007,官方目录元数据，附件未列入本批
能源、气候与绿色转型,核心科技直接材料,C-KISTEP-PRG0720230007,2023-01-31,W3,국가전략기술 프로젝트 운영지침(안) 수립에 관한 연구,机构正式研究,,,https://www.kistep.re.kr/reportAllDetail.es?mid=a10305010000&rpt_no=PRG0720230007&rpt_tp=831-007,官方目录元数据，附件未列入本批
航天、核能与大型技术系统,核心科技直接材料,C-KISTEP-PRG0720230007,2023-01-31,W3,국가전략기술 프로젝트 운영지침(안) 수립에 관한 연구,机构正式研究,,,https://www.kistep.re.kr/reportAllDetail.es?mid=a10305010000&rpt_no=PRG0720230007&rpt_tp=831-007,官方目录元数据，附件未列入本批
产业创新、创业与区域体系,科技创新政策与能力基线,C-KISTEP-RES0220230003,2023-02-01,W3,근거기반 과학기술협력 아젠다 발굴 방법론 및 실증 연구,机构正式研究,,,https://www.kistep.re.kr/reportAllDetail.es?mid=a10305010000&rpt_no=RES0220230003&rpt_tp=831-002,官方目录元数据，附件未列入本批
技术安全、供应链与国际合作,科技创新政策与能力基线,C-KISTEP-RES0220230003,2023-02-01,W3,근거기반 과학기술협력 아젠다 발굴 방법론 및 실증 연구,机构正式研究,,,https://www.kistep.re.kr/reportAllDetail.es?mid=a10305010000&rpt_no=RES0220230003&rpt_tp=831-002,官方目录元数据，附件未列入本批
产业创新、创业与区域体系,科技创新政策与能力基线,C-KISTEP-RES0220230011,2023-02-01,W3,과학기술혁신정책 글로벌 역량 및 전문성 강화 연구,机构正式研究,,,https://www.kistep.re.kr/reportAllDetail.es?mid=a10305010000&rpt_no=RES0220230011&rpt_tp=831-004,官方目录元数据，附件未列入本批
半导体、量子与战略技术,核心科技直接材料,C-KISTEP-RES0220230012,2023-02-01,W3,미·중 기술패권 경쟁시대 대응을 위한  과학기술외교 방향 탐색 연구,机构正式研究,,,https://www.kistep.re.kr/reportAllDetail.es?mid=a10305010000&rpt_no=RES0220230012&rpt_tp=831-002,官方目录元数据，附件未列入本批
技术安全、供应链与国际合作,核心科技直接材料,C-KISTEP-RES0220230012,2023-02-01,W3,미·중 기술패권 경쟁시대 대응을 위한  과학기술외교 방향 탐색 연구,机构正式研究,,,https://www.kistep.re.kr/reportAllDetail.es?mid=a10305010000&rpt_no=RES0220230012&rpt_tp=831-002,官方目录元数据，附件未列入本批
科研体系、研发投入与评价,科技创新政策与能力基线,C-KISTEP-RES0220230016,2023-02-01,W3,2022년 국가과학기술표준분류체계의 개선 및 활용기반 구축,机构正式研究,,,https://www.kistep.re.kr/reportAllDetail.es?mid=a10305010000&rpt_no=RES0220230016&rpt_tp=831-006,官方目录元数据，附件未列入本批
科研体系、研发投入与评价,科技创新政策与能力基线,C-KISTEP-RES0220230022,2023-02-06,W3,2022년도 글로벌 R&D 투자동향 분석,机构正式研究,,,https://www.kistep.re.kr/reportAllDetail.es?mid=a10305010000&rpt_no=RES0220230022&rpt_tp=831-005,官方目录元数据，附件未列入本批
产业创新、创业与区域体系,科技创新政策与能力基线,C-KISTEP-RES0220220156,2023-02-07,W3,국방R&D 효과성 제고를 위한 예산체계 개선방안 연구 -국방기술개발 및 전력지원체계 사업을 중심으로 -,机构正式研究,,,https://www.kistep.re.kr/reportAllDetail.es?mid=a10305010000&rpt_no=RES0220220156&rpt_tp=831-005,官方目录元数据，附件未列入本批
科研体系、研发投入与评价,科技创新政策与能力基线,C-KISTEP-RES0220230014,2023-02-08,W3,연구지원 체계평가 운영에 관한 연구,机构正式研究,,,https://www.kistep.re.kr/reportAllDetail.es?mid=a10305010000&rpt_no=RES0220230014&rpt_tp=831-001,官方目录元数据，附件未列入本批
半导体、量子与战略技术,核心科技直接材料,C-KISTEP-RES0220230023,2023-02-08,W3,2022년 KISTEP 이슈페이퍼 및 정책브리프,机构正式研究,,,https://www.kistep.re.kr/reportAllDetail.es?mid=a10305010000&rpt_no=RES0220230023&rpt_tp=831-002,官方目录元数据，附件未列入本批
产业创新、创业与区域体系,核心科技直接材料,C-KISTEP-RES0220230023,2023-02-08,W3,2022년 KISTEP 이슈페이퍼 및 정책브리프,机构正式研究,,,https://www.kistep.re.kr/reportAllDetail.es?mid=a10305010000&rpt_no=RES0220230023&rpt_tp=831-002,官方目录元数据，附件未列入本批
能源、气候与绿色转型,核心科技直接材料,C-KISTEP-RES0220230027,2023-02-08,W3,미래폐기물 자원순환 생태계 활성화를 위한 정부지원 방안 : 전기차 사용후 배터리를 중심으로,机构正式研究,,,https://www.kistep.re.kr/reportAllDetail.es?mid=a10305010000&rpt_no=RES0220230027&rpt_tp=831-005,官方目录元数据，附件未列入本批
科技前瞻与未来社会,核心科技直接材料,C-KISTEP-RES0220230027,2023-02-08,W3,미래폐기물 자원순환 생태계 활성화를 위한 정부지원 방안 : 전기차 사용후 배터리를 중심으로,机构正式研究,,,https://www.kistep.re.kr/reportAllDetail.es?mid=a10305010000&rpt_no=RES0220230027&rpt_tp=831-005,官方目录元数据，附件未列入本批
人工智能、数据与数字技术,核心科技直接材料,C-KISTEP-RES0220230028,2023-02-08,W3,2022년 개방형 포럼 방식을 활용한 과학기술 이슈 연구,机构正式研究,,,https://www.kistep.re.kr/reportAllDetail.es?mid=a10305010000&rpt_no=RES0220230028&rpt_tp=831-005,官方目录元数据，附件未列入本批
产业创新、创业与区域体系,核心科技直接材料,C-KISTEP-RES0220230028,2023-02-08,W3,2022년 개방형 포럼 방식을 활용한 과학기술 이슈 연구,机构正式研究,,,https://www.kistep.re.kr/reportAllDetail.es?mid=a10305010000&rpt_no=RES0220230028&rpt_tp=831-005,官方目录元数据，附件未列入本批
科技人才、大学与知识流动,科技创新政策与能力基线,C-KISTEP-RES0220230009,2023-02-09,W3,학생인건비통합관리제 기획 및 운영,机构正式研究,,,https://www.kistep.re.kr/reportAllDetail.es?mid=a10305010000&rpt_no=RES0220230009&rpt_tp=831-001,官方目录元数据，附件未列入本批
科研体系、研发投入与评价,科技创新政策与能力基线,C-KISTEP-RES0220230029,2023-02-09,W3,2022년도 국가연구개발사업 상위평가 보고서(중간평가),机构正式研究,,,https://www.kistep.re.kr/reportAllDetail.es?mid=a10305010000&rpt_no=RES0220230029&rpt_tp=831-001,官方目录元数据，附件未列入本批
科研体系、研发投入与评价,科技创新政策与能力基线,C-KISTEP-RES0220230020,2023-02-10,W3,2022년 과학기술정책의 과학화 기반구축 연구,机构正式研究,,,https://www.kistep.re.kr/reportAllDetail.es?mid=a10305010000&rpt_no=RES0220230020&rpt_tp=831-001,官方目录元数据，附件未列入本批
科研体系、研发投入与评价,科技创新政策与能力基线,C-KISTEP-RES0220230025,2023-02-13,W3,연구개발지원단 육성지원사업(정책컨설팅) 최종보고서,机构正式研究,,,https://www.kistep.re.kr/reportAllDetail.es?mid=a10305010000&rpt_no=RES0220230025&rpt_tp=831-002,官方目录元数据，附件未列入本批
产业创新、创业与区域体系,科技创新政策与能力基线,C-KISTEP-RES0220230025,2023-02-13,W3,연구개발지원단 육성지원사업(정책컨설팅) 최종보고서,机构正式研究,,,https://www.kistep.re.kr/reportAllDetail.es?mid=a10305010000&rpt_no=RES0220230025&rpt_tp=831-002,官方目录元数据，附件未列入本批
产业创新、创业与区域体系,科技创新政策与能力基线,C-KISTEP-RES0220230031,2023-02-13,W3,지역 성장잠재력 확충을 위한 지역과학기술혁신역량 고도화 방안 연구,机构正式研究,,,https://www.kistep.re.kr/reportAllDetail.es?mid=a10305010000&rpt_no=RES0220230031&rpt_tp=831-002,官方目录元数据，附件未列入本批
生命科学、生物技术与健康,核心科技直接材料,C-KISTEP-RES0220230032,2023-02-13,W3,바이오헬스 산업의 주력산업화를 위한 생태계 구축,机构正式研究,,,https://www.kistep.re.kr/reportAllDetail.es?mid=a10305010000&rpt_no=RES0220230032&rpt_tp=831-005,官方目录元数据，附件未列入本批
产业创新、创业与区域体系,核心科技直接材料,C-KISTEP-RES0220230032,2023-02-13,W3,바이오헬스 산업의 주력산업화를 위한 생태계 구축,机构正式研究,,,https://www.kistep.re.kr/reportAllDetail.es?mid=a10305010000&rpt_no=RES0220230032&rpt_tp=831-005,官方目录元数据，附件未列入本批
人工智能、数据与数字技术,核心科技直接材料,C-KISTEP-RES0220230034,2023-02-15,W3,2021년도 하반기 국가연구개발사업 특정평가(빅데이터 분야),机构正式研究,,,https://www.kistep.re.kr/reportAllDetail.es?mid=a10305010000&rpt_no=RES0220230034&rpt_tp=831-001,官方目录元数据，附件未列入本批
科研体系、研发投入与评价,核心科技直接材料,C-KISTEP-RES0220230034,2023-02-15,W3,2021년도 하반기 국가연구개발사업 특정평가(빅데이터 분야),机构正式研究,,,https://www.kistep.re.kr/reportAllDetail.es?mid=a10305010000&rpt_no=RES0220230034&rpt_tp=831-001,官方目录元数据，附件未列入本批
科研体系、研发投入与评价,科技创新政策与能力基线,C-KISTEP-RES0220230030,2023-02-16,W3,2022년 R&D사업 예비타당성조사 일관성 제고를 위한 조사 체계 개선 방향 연구,机构正式研究,,,https://www.kistep.re.kr/reportAllDetail.es?mid=a10305010000&rpt_no=RES0220230030&rpt_tp=831-003,官方目录元数据，附件未列入本批
科研体系、研发投入与评价,科技创新政策与能力基线,C-KISTEP-RES0220230033,2023-02-16,W3,2022년 기술영향평가,机构正式研究,,,https://www.kistep.re.kr/reportAllDetail.es?mid=a10305010000&rpt_no=RES0220230033&rpt_tp=831-006,官方目录元数据，附件未列入本批
科技前瞻与未来社会,科技创新政策与能力基线,C-KISTEP-RES0220230033,2023-02-16,W3,2022년 기술영향평가,机构正式研究,,,https://www.kistep.re.kr/reportAllDetail.es?mid=a10305010000&rpt_no=RES0220230033&rpt_tp=831-006,官方目录元数据，附件未列入本批
科技创新政策与研究体系,科技创新政策与能力基线,C-KISTEP-RES0220230024,2023-02-20,W3,2022 과학기술통계백서,机构正式研究,,,https://www.kistep.re.kr/reportAllDetail.es?mid=a10305010000&rpt_no=RES0220230024&rpt_tp=831-001,官方目录元数据，附件未列入本批
科研体系、研发投入与评价,科技创新政策与能力基线,C-KISTEP-RES0220230026,2023-02-20,W3,2022년도 과학기술분야 출연연구기관 상위평가 보고서,机构正式研究,,,https://www.kistep.re.kr/reportAllDetail.es?mid=a10305010000&rpt_no=RES0220230026&rpt_tp=831-001,官方目录元数据，附件未列入本批
科技人才、大学与知识流动,科技创新政策与能力基线,C-KISTEP-RES0220230036,2023-02-20,W3,2022년 과학기술혁신정책 스코어보드 개발 연구,机构正式研究,,,https://www.kistep.re.kr/reportAllDetail.es?mid=a10305010000&rpt_no=RES0220230036&rpt_tp=831-002,官方目录元数据，附件未列入本批
产业创新、创业与区域体系,科技创新政策与能力基线,C-KISTEP-RES0220230036,2023-02-20,W3,2022년 과학기술혁신정책 스코어보드 개발 연구,机构正式研究,,,https://www.kistep.re.kr/reportAllDetail.es?mid=a10305010000&rpt_no=RES0220230036&rpt_tp=831-002,官方目录元数据，附件未列入本批
科研体系、研发投入与评价,科技创新政策与能力基线,C-KISTEP-RES0220230042,2023-02-20,W3,2022년 국가연구개발 성과평가 정책 수립 및 성과평가 실시,机构正式研究,,,https://www.kistep.re.kr/reportAllDetail.es?mid=a10305010000&rpt_no=RES0220230042&rpt_tp=831-001,官方目录元数据，附件未列入本批
科研体系、研发投入与评价,科技创新政策与能力基线,C-KISTEP-RES0220230037,2023-02-21,W3,연구개발분야의 거시 투자전략 수립을 위한 이슈 발굴 연구,机构正式研究,,,https://www.kistep.re.kr/reportAllDetail.es?mid=a10305010000&rpt_no=RES0220230037&rpt_tp=831-005,官方目录元数据，附件未列入本批
科研体系、研发投入与评价,科技创新政策与能力基线,C-KISTEP-RES0220230044,2023-02-21,W3,2022년 국가 과학기술혁신역량 평가,机构正式研究,,,https://www.kistep.re.kr/reportAllDetail.es?mid=a10305010000&rpt_no=RES0220230044&rpt_tp=831-001,官方目录元数据，附件未列入本批
产业创新、创业与区域体系,科技创新政策与能力基线,C-KISTEP-RES0220230044,2023-02-21,W3,2022년 국가 과학기술혁신역량 평가,机构正式研究,,,https://www.kistep.re.kr/reportAllDetail.es?mid=a10305010000&rpt_no=RES0220230044&rpt_tp=831-001,官方目录元数据，附件未列入本批
科研体系、研发投入与评价,科技创新政策与能力基线,C-KISTEP-RES0220230047,2023-02-21,W3,"2022 지방과학기술연감, 2022년 지역 R&D 실태조사",机构正式研究,,,https://www.kistep.re.kr/reportAllDetail.es?mid=a10305010000&rpt_no=RES0220230047&rpt_tp=831-002,官方目录元数据，附件未列入本批
产业创新、创业与区域体系,科技创新政策与能力基线,C-KISTEP-RES0220230047,2023-02-21,W3,"2022 지방과학기술연감, 2022년 지역 R&D 실태조사",机构正式研究,,,https://www.kistep.re.kr/reportAllDetail.es?mid=a10305010000&rpt_no=RES0220230047&rpt_tp=831-002,官方目录元数据，附件未列入本批
科研体系、研发投入与评价,科技创新政策与能力基线,C-KISTEP-RES0220230048,2023-02-21,W3,제6차 지방과학기술진흥종합계획 수립 연구,机构正式研究,,,https://www.kistep.re.kr/reportAllDetail.es?mid=a10305010000&rpt_no=RES0220230048&rpt_tp=831-002,官方目录元数据，附件未列入本批
产业创新、创业与区域体系,科技创新政策与能力基线,C-KISTEP-RES0220230048,2023-02-21,W3,제6차 지방과학기술진흥종합계획 수립 연구,机构正式研究,,,https://www.kistep.re.kr/reportAllDetail.es?mid=a10305010000&rpt_no=RES0220230048&rpt_tp=831-002,官方目录元数据，附件未列入本批
技术安全、供应链与国际合作,科技创新政策与能力基线,C-KISTEP-RES0220230005,2023-02-22,W3,과학기술외교 추진전략 및 체계기반 구축연구,机构正式研究,,,https://www.kistep.re.kr/reportAllDetail.es?mid=a10305010000&rpt_no=RES0220230005&rpt_tp=831-002,官方目录元数据，附件未列入本批
半导体、量子与战略技术,核心科技直接材料,C-KISTEP-RES0220230038,2023-02-22,W3,국가전략기술 발굴˙심층분석 및 성장동력 전략 개선방안 도출 연구,机构正式研究,,,https://www.kistep.re.kr/reportAllDetail.es?mid=a10305010000&rpt_no=RES0220230038&rpt_tp=831-002,官方目录元数据，附件未列入本批
科研体系、研发投入与评价,核心科技直接材料,C-KISTEP-RES0220230038,2023-02-22,W3,국가전략기술 발굴˙심층분석 및 성장동력 전략 개선방안 도출 연구,机构正式研究,,,https://www.kistep.re.kr/reportAllDetail.es?mid=a10305010000&rpt_no=RES0220230038&rpt_tp=831-002,官方目录元数据，附件未列入本批
科技前瞻与未来社会,核心科技直接材料,C-KISTEP-RES0220230038,2023-02-22,W3,국가전략기술 발굴˙심층분석 및 성장동력 전략 개선방안 도출 연구,机构正式研究,,,https://www.kistep.re.kr/reportAllDetail.es?mid=a10305010000&rpt_no=RES0220230038&rpt_tp=831-002,官方目录元数据，附件未列入本批
生命科学、生物技术与健康,核心科技直接材料,C-KISTEP-RES0220230040,2023-02-22,W3,"바이오, 디스플레이 분야 소재 부품 장비 미래선도품목 기술난제 극복전략 연구",机构正式研究,,,https://www.kistep.re.kr/reportAllDetail.es?mid=a10305010000&rpt_no=RES0220230040&rpt_tp=831-002,官方目录元数据，附件未列入本批
产业创新、创业与区域体系,核心科技直接材料,C-KISTEP-RES0220230040,2023-02-22,W3,"바이오, 디스플레이 분야 소재 부품 장비 미래선도품목 기술난제 극복전략 연구",机构正式研究,,,https://www.kistep.re.kr/reportAllDetail.es?mid=a10305010000&rpt_no=RES0220230040&rpt_tp=831-002,官方目录元数据，附件未列入本批
科技前瞻与未来社会,核心科技直接材料,C-KISTEP-RES0220230040,2023-02-22,W3,"바이오, 디스플레이 분야 소재 부품 장비 미래선도품목 기술난제 극복전략 연구",机构正式研究,,,https://www.kistep.re.kr/reportAllDetail.es?mid=a10305010000&rpt_no=RES0220230040&rpt_tp=831-002,官方目录元数据，附件未列入本批
半导体、量子与战略技术,核心科技直接材料,C-KISTEP-RES0220230046,2023-02-22,W3,기업 혁신활동 제고를 위한 R&D 조세 지원 정책 연구: 국가전략기술 연구개발 기업을 중심으로,机构正式研究,,,https://www.kistep.re.kr/reportAllDetail.es?mid=a10305010000&rpt_no=RES0220230046&rpt_tp=831-002,官方目录元数据，附件未列入本批
科研体系、研发投入与评价,核心科技直接材料,C-KISTEP-RES0220230046,2023-02-22,W3,기업 혁신활동 제고를 위한 R&D 조세 지원 정책 연구: 국가전략기술 연구개발 기업을 중심으로,机构正式研究,,,https://www.kistep.re.kr/reportAllDetail.es?mid=a10305010000&rpt_no=RES0220230046&rpt_tp=831-002,官方目录元数据，附件未列入本批
产业创新、创业与区域体系,核心科技直接材料,C-KISTEP-RES0220230046,2023-02-22,W3,기업 혁신활동 제고를 위한 R&D 조세 지원 정책 연구: 국가전략기술 연구개발 기업을 중심으로,机构正式研究,,,https://www.kistep.re.kr/reportAllDetail.es?mid=a10305010000&rpt_no=RES0220230046&rpt_tp=831-002,官方目录元数据，附件未列入本批
科技人才、大学与知识流动,科技创新政策与能力基线,C-KISTEP-RES0220230049,2023-02-22,W3,2022년 연구자권익보호위원회 운영,机构正式研究,,,https://www.kistep.re.kr/reportAllDetail.es?mid=a10305010000&rpt_no=RES0220230049&rpt_tp=831-007,官方目录元数据，附件未列入本批
产业创新、创业与区域体系,科技创新政策与能力基线,C-KISTEP-RES0220230051,2023-02-24,W3,2022년도 과학기술혁신정책 핵심이슈 발굴 및 인텔리전스 기능강화 연구,机构正式研究,,,https://www.kistep.re.kr/reportAllDetail.es?mid=a10305010000&rpt_no=RES0220230051&rpt_tp=831-002,官方目录元数据，附件未列入本批
科研体系、研发投入与评价,科技创新政策与能力基线,C-KISTEP-RES0220230054,2023-02-24,W3,정부R&D 등록·기탁 성과물 심층분석 연구,机构正式研究,,,https://www.kistep.re.kr/reportAllDetail.es?mid=a10305010000&rpt_no=RES0220230054&rpt_tp=831-001,官方目录元数据，附件未列入本批
科研体系、研发投入与评价,科技创新政策与能力基线,C-KISTEP-RES0220230055,2023-02-24,W3,2022년도 지역 R&D체계 발전 방향에 관한 연구,机构正式研究,,,https://www.kistep.re.kr/reportAllDetail.es?mid=a10305010000&rpt_no=RES0220230055&rpt_tp=831-002,官方目录元数据，附件未列入本批
产业创新、创业与区域体系,科技创新政策与能力基线,C-KISTEP-RES0220230055,2023-02-24,W3,2022년도 지역 R&D체계 발전 방향에 관한 연구,机构正式研究,,,https://www.kistep.re.kr/reportAllDetail.es?mid=a10305010000&rpt_no=RES0220230055&rpt_tp=831-002,官方目录元数据，附件未列入本批
科研体系、研发投入与评价,科技创新政策与能力基线,C-KISTEP-RES0220230058,2023-02-24,W3,성과정보 전주기 기반 성과관리체계 효율화 연구,机构正式研究,,,https://www.kistep.re.kr/reportAllDetail.es?mid=a10305010000&rpt_no=RES0220230058&rpt_tp=831-004,官方目录元数据，附件未列入本批
产业创新、创业与区域体系,科技创新政策与能力基线,C-KISTEP-RES0220230041,2023-02-27,W3,과학기술분야 미래 신직업에 대응한 교육 혁신 방안 연구,机构正式研究,,,https://www.kistep.re.kr/reportAllDetail.es?mid=a10305010000&rpt_no=RES0220230041&rpt_tp=831-002,官方目录元数据，附件未列入本批
科技前瞻与未来社会,科技创新政策与能力基线,C-KISTEP-RES0220230041,2023-02-27,W3,과학기술분야 미래 신직업에 대응한 교육 혁신 방안 연구,机构正式研究,,,https://www.kistep.re.kr/reportAllDetail.es?mid=a10305010000&rpt_no=RES0220230041&rpt_tp=831-002,官方目录元数据，附件未列入本批
人工智能、数据与数字技术,核心科技直接材料,C-KISTEP-RES0220230043,2023-02-27,W3,2022년 데이터 기반 R&D예산배분조정 지원체계 구축 연구,机构正式研究,,,https://www.kistep.re.kr/reportAllDetail.es?mid=a10305010000&rpt_no=RES0220230043&rpt_tp=831-005,官方目录元数据，附件未列入本批
科研体系、研发投入与评价,科技创新政策与能力基线,C-KISTEP-RES0220230050,2023-02-27,W3,임무지향형 사회문제해결 R&D 전주기 프로세스 설계 연구,机构正式研究,,,https://www.kistep.re.kr/reportAllDetail.es?mid=a10305010000&rpt_no=RES0220230050&rpt_tp=831-002,官方目录元数据，附件未列入本批
产业创新、创业与区域体系,科技创新政策与能力基线,C-KISTEP-RES0220230050,2023-02-27,W3,임무지향형 사회문제해결 R&D 전주기 프로세스 설계 연구,机构正式研究,,,https://www.kistep.re.kr/reportAllDetail.es?mid=a10305010000&rpt_no=RES0220230050&rpt_tp=831-002,官方目录元数据，附件未列入本批
产业创新、创业与区域体系,科技创新政策与能力基线,C-KISTEP-RES0220230052,2023-02-27,W3,2022년 글로벌 과학기술 & ICT 정책 기술 동향 분석,机构正式研究,,,https://www.kistep.re.kr/reportAllDetail.es?mid=a10305010000&rpt_no=RES0220230052&rpt_tp=831-002,官方目录元数据，附件未列入本批
科技前瞻与未来社会,科技创新政策与能力基线,C-KISTEP-RES0220230052,2023-02-27,W3,2022년 글로벌 과학기술 & ICT 정책 기술 동향 분석,机构正式研究,,,https://www.kistep.re.kr/reportAllDetail.es?mid=a10305010000&rpt_no=RES0220230052&rpt_tp=831-002,官方目录元数据，附件未列入本批
半导体、量子与战略技术,核心科技直接材料,C-KISTEP-RES0220230053,2023-02-27,W3,국가전략기술 연계 중심의 출연(연) 사업 개선 연구,机构正式研究,,,https://www.kistep.re.kr/reportAllDetail.es?mid=a10305010000&rpt_no=RES0220230053&rpt_tp=831-002,官方目录元数据，附件未列入本批
人工智能、数据与数字技术,核心科技直接材料,C-KISTEP-RES0220230056,2023-02-27,W3,디지털 전환 가속화를 위한 규제혁신 방안 연구,机构正式研究,,,https://www.kistep.re.kr/reportAllDetail.es?mid=a10305010000&rpt_no=RES0220230056&rpt_tp=831-002,官方目录元数据，附件未列入本批
产业创新、创业与区域体系,核心科技直接材料,C-KISTEP-RES0220230056,2023-02-27,W3,디지털 전환 가속화를 위한 규제혁신 방안 연구,机构正式研究,,,https://www.kistep.re.kr/reportAllDetail.es?mid=a10305010000&rpt_no=RES0220230056&rpt_tp=831-002,官方目录元数据，附件未列入本批
能源、气候与绿色转型,科技创新政策与能力基线,C-KISTEP-RES0220230057,2023-02-27,W3,에너지전환 시장 활성화를 위한 정책 연구,机构正式研究,,,https://www.kistep.re.kr/reportAllDetail.es?mid=a10305010000&rpt_no=RES0220230057&rpt_tp=831-002,官方目录元数据，附件未列入本批
科技创新政策与研究体系,科技创新政策与能力基线,C-KISTEP-RES0220230059,2023-02-27,W3,범부처 사회문제해결 기반구축,机构正式研究,,,https://www.kistep.re.kr/reportAllDetail.es?mid=a10305010000&rpt_no=RES0220230059&rpt_tp=831-002,官方目录元数据，附件未列入本批
科研体系、研发投入与评价,科技创新政策与能力基线,C-KISTEP-RES0220230060,2023-02-27,W3,2022년 전략적 R&D예산 배분 및 편성을 위한 정책기반 구축에 관한 연구,机构正式研究,,,https://www.kistep.re.kr/reportAllDetail.es?mid=a10305010000&rpt_no=RES0220230060&rpt_tp=831-005,官方目录元数据，附件未列入本批
科研体系、研发投入与评价,科技创新政策与能力基线,C-KISTEP-RES0220230062,2023-02-27,W3,한국형 국가기술혁신체계(NIS) 진단 및 구축방안 연구(Ⅲ),机构正式研究,,,https://www.kistep.re.kr/reportAllDetail.es?mid=a10305010000&rpt_no=RES0220230062&rpt_tp=831-002,官方目录元数据，附件未列入本批
产业创新、创业与区域体系,科技创新政策与能力基线,C-KISTEP-RES0220230062,2023-02-27,W3,한국형 국가기술혁신체계(NIS) 진단 및 구축방안 연구(Ⅲ),机构正式研究,,,https://www.kistep.re.kr/reportAllDetail.es?mid=a10305010000&rpt_no=RES0220230062&rpt_tp=831-002,官方目录元数据，附件未列入本批
科研体系、研发投入与评价,科技创新政策与能力基线,C-KISTEP-RES0220230063,2023-02-27,W3,2022년도 예비타당성조사 요구 국가연구개발사업 예타 대상선정,机构正式研究,,,https://www.kistep.re.kr/reportAllDetail.es?mid=a10305010000&rpt_no=RES0220230063&rpt_tp=831-003,官方目录元数据，附件未列入本批
科研体系、研发投入与评价,科技创新政策与能力基线,C-KISTEP-RES0220230065,2023-02-27,W3,지역 경쟁력과 R&D 성과제고를 위한 연구기반구축사업 예산지원방안 연구,机构正式研究,,,https://www.kistep.re.kr/reportAllDetail.es?mid=a10305010000&rpt_no=RES0220230065&rpt_tp=831-002,官方目录元数据，附件未列入本批
产业创新、创业与区域体系,科技创新政策与能力基线,C-KISTEP-RES0220230065,2023-02-27,W3,지역 경쟁력과 R&D 성과제고를 위한 연구기반구축사업 예산지원방안 연구,机构正式研究,,,https://www.kistep.re.kr/reportAllDetail.es?mid=a10305010000&rpt_no=RES0220230065&rpt_tp=831-002,官方目录元数据，附件未列入本批
科研体系、研发投入与评价,科技创新政策与能力基线,C-KISTEP-RES0220230066,2023-02-27,W3,핵심기술 R&D 투자의 성과 종합분석 연구 (2022년),机构正式研究,,,https://www.kistep.re.kr/reportAllDetail.es?mid=a10305010000&rpt_no=RES0220230066&rpt_tp=831-004,官方目录元数据，附件未列入本批
科研体系、研发投入与评价,科技创新政策与能力基线,C-KISTEP-RES0220230068,2023-02-27,W3,정책 조합 관점에서 정부와 민간 R&D 지원의 최적화 방안 탐색,机构正式研究,,,https://www.kistep.re.kr/reportAllDetail.es?mid=a10305010000&rpt_no=RES0220230068&rpt_tp=831-002,官方目录元数据，附件未列入本批
生命科学、生物技术与健康,核心科技直接材料,C-KISTEP-RES0220230069,2023-02-27,W3,포스트 코로나 시대 정부R&D 예산편성 전략 연구 - 바이오헬스 분야 미래 시나리오를 중심으로,机构正式研究,,,https://www.kistep.re.kr/reportAllDetail.es?mid=a10305010000&rpt_no=RES0220230069&rpt_tp=831-005,官方目录元数据，附件未列入本批
科研体系、研发投入与评价,核心科技直接材料,C-KISTEP-RES0220230069,2023-02-27,W3,포스트 코로나 시대 정부R&D 예산편성 전략 연구 - 바이오헬스 분야 미래 시나리오를 중심으로,机构正式研究,,,https://www.kistep.re.kr/reportAllDetail.es?mid=a10305010000&rpt_no=RES0220230069&rpt_tp=831-005,官方目录元数据，附件未列入本批
科技前瞻与未来社会,核心科技直接材料,C-KISTEP-RES0220230069,2023-02-27,W3,포스트 코로나 시대 정부R&D 예산편성 전략 연구 - 바이오헬스 분야 미래 시나리오를 중심으로,机构正式研究,,,https://www.kistep.re.kr/reportAllDetail.es?mid=a10305010000&rpt_no=RES0220230069&rpt_tp=831-005,官方目录元数据，附件未列入本批
科研体系、研发投入与评价,科技创新政策与能力基线,C-KISTEP-RES0220230070,2023-02-27,W3,R&D예산제도 효율화 방안에 관한 연구(Ⅲ),机构正式研究,,,https://www.kistep.re.kr/reportAllDetail.es?mid=a10305010000&rpt_no=RES0220230070&rpt_tp=831-002,官方目录元数据，附件未列入本批
半导体、量子与战略技术,核心科技直接材料,C-KISTEP-RES0220230071,2023-02-27,W3,시스템반도체 투자 현황 분석 및 개선방안 연구,机构正式研究,,,https://www.kistep.re.kr/reportAllDetail.es?mid=a10305010000&rpt_no=RES0220230071&rpt_tp=831-002,官方目录元数据，附件未列入本批
科研体系、研发投入与评价,核心科技直接材料,C-KISTEP-RES0220230071,2023-02-27,W3,시스템반도체 투자 현황 분석 및 개선방안 연구,机构正式研究,,,https://www.kistep.re.kr/reportAllDetail.es?mid=a10305010000&rpt_no=RES0220230071&rpt_tp=831-002,官方目录元数据，附件未列入本批
产业创新、创业与区域体系,核心科技直接材料,C-KISTEP-RES0220230071,2023-02-27,W3,시스템반도체 투자 현황 분석 및 개선방안 연구,机构正式研究,,,https://www.kistep.re.kr/reportAllDetail.es?mid=a10305010000&rpt_no=RES0220230071&rpt_tp=831-002,官方目录元数据，附件未列入本批
产业创新、创业与区域体系,科技创新政策与能力基线,C-KISTEP-RES0220230072,2023-02-27,W3,2021년도 과학기술분야 중장기계획 조사·분석 및 과학·기술·혁신(STI) 정책 분석,机构正式研究,,,https://www.kistep.re.kr/reportAllDetail.es?mid=a10305010000&rpt_no=RES0220230072&rpt_tp=831-002,官方目录元数据，附件未列入本批
科研体系、研发投入与评价,科技创新政策与能力基线,C-KISTEP-RES0220230074,2023-02-27,W3,미래 일자리 변화에 대응한 과학기술인재 역량강화를 위한 재교육 혁신방안 연구 : 중소기업 연구개발인력 대상으로,机构正式研究,,,https://www.kistep.re.kr/reportAllDetail.es?mid=a10305010000&rpt_no=RES0220230074&rpt_tp=831-002,官方目录元数据，附件未列入本批
科技人才、大学与知识流动,科技创新政策与能力基线,C-KISTEP-RES0220230074,2023-02-27,W3,미래 일자리 변화에 대응한 과학기술인재 역량강화를 위한 재교육 혁신방안 연구 : 중소기업 연구개발인력 대상으로,机构正式研究,,,https://www.kistep.re.kr/reportAllDetail.es?mid=a10305010000&rpt_no=RES0220230074&rpt_tp=831-002,官方目录元数据，附件未列入本批
产业创新、创业与区域体系,科技创新政策与能力基线,C-KISTEP-RES0220230074,2023-02-27,W3,미래 일자리 변화에 대응한 과학기술인재 역량강화를 위한 재교육 혁신방안 연구 : 중소기업 연구개발인력 대상으로,机构正式研究,,,https://www.kistep.re.kr/reportAllDetail.es?mid=a10305010000&rpt_no=RES0220230074&rpt_tp=831-002,官方目录元数据，附件未列入本批
科技前瞻与未来社会,科技创新政策与能力基线,C-KISTEP-RES0220230074,2023-02-27,W3,미래 일자리 변화에 대응한 과학기술인재 역량강화를 위한 재교육 혁신방안 연구 : 중소기업 연구개발인력 대상으로,机构正式研究,,,https://www.kistep.re.kr/reportAllDetail.es?mid=a10305010000&rpt_no=RES0220230074&rpt_tp=831-002,官方目录元数据，附件未列入本批
科技创新政策与研究体系,科技创新政策与能力基线,C-KISTEP-RES0220230077,2023-02-27,W3,출연연구기관 예산 체계 고도화 방안 연구,机构正式研究,,,https://www.kistep.re.kr/reportAllDetail.es?mid=a10305010000&rpt_no=RES0220230077&rpt_tp=831-005,官方目录元数据，附件未列入本批
科研体系、研发投入与评价,科技创新政策与能力基线,C-KISTEP-RES0220230084,2023-02-27,W3,2022년 정부 R&D 투자시스템의 전략성 진단 및 개선에 관한 연구,机构正式研究,,,https://www.kistep.re.kr/reportAllDetail.es?mid=a10305010000&rpt_no=RES0220230084&rpt_tp=831-005,官方目录元数据，附件未列入本批
科研体系、研发投入与评价,科技创新政策与能力基线,C-KISTEP-RES0220230039,2023-02-28,W3,국가연구개발사업 간접비 산출 및 제도 운영에 관한 연구,机构正式研究,,,https://www.kistep.re.kr/reportAllDetail.es?mid=a10305010000&rpt_no=RES0220230039&rpt_tp=831-001,官方目录元数据，附件未列入本批
科研体系、研发投入与评价,科技创新政策与能力基线,C-KISTEP-RES0220230061,2023-02-28,W3,2022년 기술혁신 아젠다 발굴 및 R&D 투자전략 수립 연구,机构正式研究,,,https://www.kistep.re.kr/reportAllDetail.es?mid=a10305010000&rpt_no=RES0220230061&rpt_tp=831-002,官方目录元数据，附件未列入本批
产业创新、创业与区域体系,科技创新政策与能力基线,C-KISTEP-RES0220230061,2023-02-28,W3,2022년 기술혁신 아젠다 발굴 및 R&D 투자전략 수립 연구,机构正式研究,,,https://www.kistep.re.kr/reportAllDetail.es?mid=a10305010000&rpt_no=RES0220230061&rpt_tp=831-002,官方目录元数据，附件未列入本批
人工智能、数据与数字技术,核心科技直接材料,C-KISTEP-RES0220230073,2023-02-28,W3,과학기술 빅데이터 구축 및 심층분석 연구,机构正式研究,,,https://www.kistep.re.kr/reportAllDetail.es?mid=a10305010000&rpt_no=RES0220230073&rpt_tp=831-001,官方目录元数据，附件未列入本批
科研体系、研发投入与评价,核心科技直接材料,C-KISTEP-RES0220230073,2023-02-28,W3,과학기술 빅데이터 구축 및 심층분석 연구,机构正式研究,,,https://www.kistep.re.kr/reportAllDetail.es?mid=a10305010000&rpt_no=RES0220230073&rpt_tp=831-001,官方目录元数据，附件未列入本批
人工智能、数据与数字技术,核心科技直接材料,C-KISTEP-RES0220230075,2023-02-28,W3,R&D 투자 의사결정 지원을 위한 인공지능 기반 지능형 분석 모델 개발 시범 연구,机构正式研究,,,https://www.kistep.re.kr/reportAllDetail.es?mid=a10305010000&rpt_no=RES0220230075&rpt_tp=831-005,官方目录元数据，附件未列入本批
科研体系、研发投入与评价,核心科技直接材料,C-KISTEP-RES0220230075,2023-02-28,W3,R&D 투자 의사결정 지원을 위한 인공지능 기반 지능형 분석 모델 개발 시범 연구,机构正式研究,,,https://www.kistep.re.kr/reportAllDetail.es?mid=a10305010000&rpt_no=RES0220230075&rpt_tp=831-005,官方目录元数据，附件未列入本批
科研体系、研发投入与评价,科技创新政策与能力基线,C-KISTEP-RES0220230076,2023-02-28,W3,국가연구개발 연구성과 관리·활용 실태조사 최종보고서,机构正式研究,,,https://www.kistep.re.kr/reportAllDetail.es?mid=a10305010000&rpt_no=RES0220230076&rpt_tp=831-004,官方目录元数据，附件未列入本批
科研体系、研发投入与评价,科技创新政策与能力基线,C-KISTEP-RES0220230078,2023-02-28,W3,정부 R&D투자의 전략성 제고를 위한 경제적 효과 예측모형 구축 연구 (III),机构正式研究,,,https://www.kistep.re.kr/reportAllDetail.es?mid=a10305010000&rpt_no=RES0220230078&rpt_tp=831-005,官方目录元数据，附件未列入本批
科技前瞻与未来社会,科技创新政策与能力基线,C-KISTEP-RES0220230078,2023-02-28,W3,정부 R&D투자의 전략성 제고를 위한 경제적 효과 예측모형 구축 연구 (III),机构正式研究,,,https://www.kistep.re.kr/reportAllDetail.es?mid=a10305010000&rpt_no=RES0220230078&rpt_tp=831-005,官方目录元数据，附件未列入本批
科研体系、研发投入与评价,科技创新政策与能力基线,C-KISTEP-RES0220230080,2023-02-28,W3,2022년 연구성과 관리·활용 및 운영지원,机构正式研究,,,https://www.kistep.re.kr/reportAllDetail.es?mid=a10305010000&rpt_no=RES0220230080&rpt_tp=831-004,官方目录元数据，附件未列入本批
生命科学、生物技术与健康,核心科技直接材料,C-KISTEP-RES0220230081,2023-02-28,W3,그린바이오 3대 유망 분야별 기술 특성을 고려한 신산업 육성 방안,机构正式研究,,,https://www.kistep.re.kr/reportAllDetail.es?mid=a10305010000&rpt_no=RES0220230081&rpt_tp=831-005,官方目录元数据，附件未列入本批
产业创新、创业与区域体系,核心科技直接材料,C-KISTEP-RES0220230081,2023-02-28,W3,그린바이오 3대 유망 분야별 기술 특성을 고려한 신산업 육성 방안,机构正式研究,,,https://www.kistep.re.kr/reportAllDetail.es?mid=a10305010000&rpt_no=RES0220230081&rpt_tp=831-005,官方目录元数据，附件未列入本批
科研体系、研发投入与评价,科技创新政策与能力基线,C-KISTEP-RES0220230083,2023-02-28,W3,과학기술기본계획 실적점검체계 고도화 방안 연구,机构正式研究,,,https://www.kistep.re.kr/reportAllDetail.es?mid=a10305010000&rpt_no=RES0220230083&rpt_tp=831-002,官方目录元数据，附件未列入本批
科技前瞻与未来社会,核心科技直接材料,C-KISTEP-RES0220230087,2023-02-28,W3,미래 우주전 무기체계 개발을 위한 핵심기술 도출 연구,机构正式研究,,,https://www.kistep.re.kr/reportAllDetail.es?mid=a10305010000&rpt_no=RES0220230087&rpt_tp=831-006,官方目录元数据，附件未列入本批
航天、核能与大型技术系统,核心科技直接材料,C-KISTEP-RES0220230087,2023-02-28,W3,미래 우주전 무기체계 개발을 위한 핵심기술 도출 연구,机构正式研究,,,https://www.kistep.re.kr/reportAllDetail.es?mid=a10305010000&rpt_no=RES0220230087&rpt_tp=831-006,官方目录元数据，附件未列入本批
科研体系、研发投入与评价,科技创新政策与能力基线,C-KISTEP-RES0220230088,2023-02-28,W3,2021년도 연구개발활동조사,机构正式研究,,,https://www.kistep.re.kr/reportAllDetail.es?mid=a10305010000&rpt_no=RES0220230088&rpt_tp=831-001,官方目录元数据，附件未列入本批
科技人才、大学与知识流动,科技创新政策与能力基线,C-KISTEP-RES0220230088,2023-02-28,W3,2021년도 연구개발활동조사,机构正式研究,,,https://www.kistep.re.kr/reportAllDetail.es?mid=a10305010000&rpt_no=RES0220230088&rpt_tp=831-001,官方目录元数据，附件未列入本批
科研体系、研发投入与评价,科技创新政策与能力基线,C-KISTEP-RES0220230089,2023-02-28,W3,혁신성장을 위한 정부R&D 지원 방식 다양성 제고 방안 연구(Ⅱ),机构正式研究,,,https://www.kistep.re.kr/reportAllDetail.es?mid=a10305010000&rpt_no=RES0220230089&rpt_tp=831-002,官方目录元数据，附件未列入本批
产业创新、创业与区域体系,科技创新政策与能力基线,C-KISTEP-RES0220230089,2023-02-28,W3,혁신성장을 위한 정부R&D 지원 방식 다양성 제고 방안 연구(Ⅱ),机构正式研究,,,https://www.kistep.re.kr/reportAllDetail.es?mid=a10305010000&rpt_no=RES0220230089&rpt_tp=831-002,官方目录元数据，附件未列入本批
科技人才、大学与知识流动,科技创新政策与能力基线,C-KISTEP-RES0220230090,2023-02-28,W3,2022년도 국가 과학기술현황 종합인식조사에 대한 연구,机构正式研究,,,https://www.kistep.re.kr/reportAllDetail.es?mid=a10305010000&rpt_no=RES0220230090&rpt_tp=831-002,官方目录元数据，附件未列入本批
科研体系、研发投入与评价,科技创新政策与能力基线,C-KISTEP-RES0220230091,2023-02-28,W3,2021년도 국가연구개발사업 성과분석,机构正式研究,,,https://www.kistep.re.kr/reportAllDetail.es?mid=a10305010000&rpt_no=RES0220230091&rpt_tp=831-001,官方目录元数据，附件未列入本批
生命科学、生物技术与健康,核心科技直接材料,C-KISTEP-RES0220230092,2023-02-28,W3,과학기술기반 경제사회시스템 전환을 위한 임무지향혁신정책 해외사례 분석 및 국정과제를 활용한 정책모형 연구,机构正式研究,,,https://www.kistep.re.kr/reportAllDetail.es?mid=a10305010000&rpt_no=RES0220230092&rpt_tp=831-002,官方目录元数据，附件未列入本批
产业创新、创业与区域体系,核心科技直接材料,C-KISTEP-RES0220230092,2023-02-28,W3,과학기술기반 경제사회시스템 전환을 위한 임무지향혁신정책 해외사례 분석 및 국정과제를 활용한 정책모형 연구,机构正式研究,,,https://www.kistep.re.kr/reportAllDetail.es?mid=a10305010000&rpt_no=RES0220230092&rpt_tp=831-002,官方目录元数据，附件未列入本批
科研体系、研发投入与评价,科技创新政策与能力基线,C-KISTEP-RES0220230006,2023-03-02,W3,기초연구 R&D 학문분야별 지원현황 분석 및 중장기 개선방안 연구,机构正式研究,,,https://www.kistep.re.kr/reportAllDetail.es?mid=a10305010000&rpt_no=RES0220230006&rpt_tp=831-005,官方目录元数据，附件未列入本批
科技人才、大学与知识流动,科技创新政策与能力基线,C-KISTEP-RES0220230006,2023-03-02,W3,기초연구 R&D 학문분야별 지원현황 분석 및 중장기 개선방안 연구,机构正式研究,,,https://www.kistep.re.kr/reportAllDetail.es?mid=a10305010000&rpt_no=RES0220230006&rpt_tp=831-005,官方目录元数据，附件未列入本批
科研体系、研发投入与评价,科技创新政策与能力基线,C-KISTEP-RES0220230067,2023-03-02,W3,지방과학기술정책 발굴 및 이행을 위한 협의체계 개편‧운영,机构正式研究,,,https://www.kistep.re.kr/reportAllDetail.es?mid=a10305010000&rpt_no=RES0220230067&rpt_tp=831-002,官方目录元数据，附件未列入本批
产业创新、创业与区域体系,科技创新政策与能力基线,C-KISTEP-RES0220230067,2023-03-02,W3,지방과학기술정책 발굴 및 이행을 위한 협의체계 개편‧운영,机构正式研究,,,https://www.kistep.re.kr/reportAllDetail.es?mid=a10305010000&rpt_no=RES0220230067&rpt_tp=831-002,官方目录元数据，附件未列入本批
科技人才、大学与知识流动,科技创新政策与能力基线,C-KISTEP-RES0220230093,2023-03-13,W3,2022년 미래인재특별위원회 운영 지원,机构正式研究,,,https://www.kistep.re.kr/reportAllDetail.es?mid=a10305010000&rpt_no=RES0220230093&rpt_tp=831-002,官方目录元数据，附件未列入本批
产业创新、创业与区域体系,科技创新政策与能力基线,C-KISTEP-RES0220230093,2023-03-13,W3,2022년 미래인재특별위원회 운영 지원,机构正式研究,,,https://www.kistep.re.kr/reportAllDetail.es?mid=a10305010000&rpt_no=RES0220230093&rpt_tp=831-002,官方目录元数据，附件未列入本批
科技前瞻与未来社会,科技创新政策与能力基线,C-KISTEP-RES0220230093,2023-03-13,W3,2022년 미래인재특별위원회 운영 지원,机构正式研究,,,https://www.kistep.re.kr/reportAllDetail.es?mid=a10305010000&rpt_no=RES0220230093&rpt_tp=831-002,官方目录元数据，附件未列入本批
科研体系、研发投入与评价,科技创新政策与能力基线,C-KISTEP-RES0220230097,2023-03-13,W3,2021년도 하반기 국가연구개발사업 특정평가(지역R&D 인프라구축 분야),机构正式研究,,,https://www.kistep.re.kr/reportAllDetail.es?mid=a10305010000&rpt_no=RES0220230097&rpt_tp=831-001,官方目录元数据，附件未列入本批
产业创新、创业与区域体系,科技创新政策与能力基线,C-KISTEP-RES0220230097,2023-03-13,W3,2021년도 하반기 국가연구개발사업 특정평가(지역R&D 인프라구축 분야),机构正式研究,,,https://www.kistep.re.kr/reportAllDetail.es?mid=a10305010000&rpt_no=RES0220230097&rpt_tp=831-001,官方目录元数据，附件未列入本批
能源、气候与绿色转型,科技创新政策与能力基线,C-KISTEP-RES0220230095,2023-03-14,W3,2022년도 예비타당성조사 보고서 순환경제 이행 핵심 기술개발사업,机构正式研究,,,https://www.kistep.re.kr/reportAllDetail.es?mid=a10305010000&rpt_no=RES0220230095&rpt_tp=831-003,官方目录元数据，附件未列入本批
科研体系、研发投入与评价,科技创新政策与能力基线,C-KISTEP-RES0220230095,2023-03-14,W3,2022년도 예비타당성조사 보고서 순환경제 이행 핵심 기술개발사업,机构正式研究,,,https://www.kistep.re.kr/reportAllDetail.es?mid=a10305010000&rpt_no=RES0220230095&rpt_tp=831-003,官方目录元数据，附件未列入本批
科研体系、研发投入与评价,科技创新政策与能力基线,C-KISTEP-RES0220230096,2023-03-14,W3,국가연구개발사업 예비타당성조사 2022 연차보고서,机构正式研究,,,https://www.kistep.re.kr/reportAllDetail.es?mid=a10305010000&rpt_no=RES0220230096&rpt_tp=831-003,官方目录元数据，附件未列入本批
科研体系、研发投入与评价,科技创新政策与能力基线,C-KISTEP-RES0220230098,2023-03-15,W3,제1차 국가연구개발 중장기투자전략(2023~2027),机构正式研究,,,https://www.kistep.re.kr/reportAllDetail.es?mid=a10305010000&rpt_no=RES0220230098&rpt_tp=831-005,官方目录元数据，附件未列入本批
科研体系、研发投入与评价,科技创新政策与能力基线,C-KISTEP-RES0220230099,2023-03-15,W3,과기 출연연 기관평가 전략컨설팅 추진방안에 대한 연구,机构正式研究,,,https://www.kistep.re.kr/reportAllDetail.es?mid=a10305010000&rpt_no=RES0220230099&rpt_tp=831-001,官方目录元数据，附件未列入本批
产业创新、创业与区域体系,科技创新政策与能力基线,C-KISTEP-RES0220230099,2023-03-15,W3,과기 출연연 기관평가 전략컨설팅 추진방안에 대한 연구,机构正式研究,,,https://www.kistep.re.kr/reportAllDetail.es?mid=a10305010000&rpt_no=RES0220230099&rpt_tp=831-001,官方目录元数据，附件未列入本批
科研体系、研发投入与评价,科技创新政策与能力基线,C-KISTEP-RES0220230102,2023-03-20,W3,국가연구개발사업 연구윤리 제도 재정립 및 제재 제도개선 연구,机构正式研究,,,https://www.kistep.re.kr/reportAllDetail.es?mid=a10305010000&rpt_no=RES0220230102&rpt_tp=831-002,官方目录元数据，附件未列入本批
技术安全、供应链与国际合作,科技创新政策与能力基线,C-KISTEP-RES0220230102,2023-03-20,W3,국가연구개발사업 연구윤리 제도 재정립 및 제재 제도개선 연구,机构正式研究,,,https://www.kistep.re.kr/reportAllDetail.es?mid=a10305010000&rpt_no=RES0220230102&rpt_tp=831-002,官方目录元数据，附件未列入本批
能源、气候与绿色转型,科技创新政策与能力基线,C-KISTEP-RES0220230101,2023-03-22,W3,2022년도 예비타당성조사 보고서 K-Carbon 플래그십 기술개발사업,机构正式研究,,,https://www.kistep.re.kr/reportAllDetail.es?mid=a10305010000&rpt_no=RES0220230101&rpt_tp=831-003,官方目录元数据，附件未列入本批
科研体系、研发投入与评价,科技创新政策与能力基线,C-KISTEP-RES0220230101,2023-03-22,W3,2022년도 예비타당성조사 보고서 K-Carbon 플래그십 기술개발사업,机构正式研究,,,https://www.kistep.re.kr/reportAllDetail.es?mid=a10305010000&rpt_no=RES0220230101&rpt_tp=831-003,官方目录元数据，附件未列入本批
能源、气候与绿色转型,科技创新政策与能力基线,C-KISTEP-RES0220230100,2023-03-23,W3,임무지향적 탄소중립 기술혁신 전략로드맵 수립 연구,机构正式研究,,,https://www.kistep.re.kr/reportAllDetail.es?mid=a10305010000&rpt_no=RES0220230100&rpt_tp=831-006,官方目录元数据，附件未列入本批
产业创新、创业与区域体系,科技创新政策与能力基线,C-KISTEP-RES0220230100,2023-03-23,W3,임무지향적 탄소중립 기술혁신 전략로드맵 수립 연구,机构正式研究,,,https://www.kistep.re.kr/reportAllDetail.es?mid=a10305010000&rpt_no=RES0220230100&rpt_tp=831-006,官方目录元数据，附件未列入本批
科研体系、研发投入与评价,科技创新政策与能力基线,C-KISTEP-RES0220230079,2023-03-24,W3,범부처 통합연구지원시스템 구축 및 운영 지원,机构正式研究,,,https://www.kistep.re.kr/reportAllDetail.es?mid=a10305010000&rpt_no=RES0220230079&rpt_tp=831-002,官方目录元数据，附件未列入本批
科技人才、大学与知识流动,科技创新政策与能力基线,C-KISTEP-RES0220230079,2023-03-24,W3,범부처 통합연구지원시스템 구축 및 운영 지원,机构正式研究,,,https://www.kistep.re.kr/reportAllDetail.es?mid=a10305010000&rpt_no=RES0220230079&rpt_tp=831-002,官方目录元数据，附件未列入本批
能源、气候与绿色转型,科技创新政策与能力基线,C-KISTEP-RES0220230105,2023-03-27,W3,탄소중립기술특위 운영지원,机构正式研究,,,https://www.kistep.re.kr/reportAllDetail.es?mid=a10305010000&rpt_no=RES0220230105&rpt_tp=831-002,官方目录元数据，附件未列入本批
科研体系、研发投入与评价,科技创新政策与能力基线,C-KISTEP-RES0220230105,2023-03-27,W3,탄소중립기술특위 운영지원,机构正式研究,,,https://www.kistep.re.kr/reportAllDetail.es?mid=a10305010000&rpt_no=RES0220230105&rpt_tp=831-002,官方目录元数据，附件未列入本批
科研体系、研发投入与评价,科技创新政策与能力基线,C-KISTEP-RES0220230106,2023-03-27,W3,연구현장 중심의 국가연구개발사업제도개선에 관한 연구,机构正式研究,,,https://www.kistep.re.kr/reportAllDetail.es?mid=a10305010000&rpt_no=RES0220230106&rpt_tp=831-002,官方目录元数据，附件未列入本批
产业创新、创业与区域体系,科技创新政策与能力基线,C-KISTEP-RES0220230106,2023-03-27,W3,연구현장 중심의 국가연구개발사업제도개선에 관한 연구,机构正式研究,,,https://www.kistep.re.kr/reportAllDetail.es?mid=a10305010000&rpt_no=RES0220230106&rpt_tp=831-002,官方目录元数据，附件未列入本批
科研体系、研发投入与评价,科技创新政策与能力基线,C-KISTEP-RES0220230107,2023-03-27,W3,제5차 과학기술기본계획 (2023~2027),机构正式研究,,,https://www.kistep.re.kr/reportAllDetail.es?mid=a10305010000&rpt_no=RES0220230107&rpt_tp=831-002,官方目录元数据，附件未列入本批
科研体系、研发投入与评价,科技创新政策与能力基线,C-KISTEP-RES0220230109,2023-03-30,W3,2022년 혁신도전프로젝트 사업 지원,机构正式研究,,,https://www.kistep.re.kr/reportAllDetail.es?mid=a10305010000&rpt_no=RES0220230109&rpt_tp=831-002,官方目录元数据，附件未列入本批
产业创新、创业与区域体系,科技创新政策与能力基线,C-KISTEP-RES0220230109,2023-03-30,W3,2022년 혁신도전프로젝트 사업 지원,机构正式研究,,,https://www.kistep.re.kr/reportAllDetail.es?mid=a10305010000&rpt_no=RES0220230109&rpt_tp=831-002,官方目录元数据，附件未列入本批
人工智能、数据与数字技术,核心科技直接材料,C-KISTEP-RES0220230111,2023-03-30,W3,임무지향 R&D 평가를 위한 AI 활용 및 신규 평가방법 연구,机构正式研究,,,https://www.kistep.re.kr/reportAllDetail.es?mid=a10305010000&rpt_no=RES0220230111&rpt_tp=831-002,官方目录元数据，附件未列入本批
科研体系、研发投入与评价,核心科技直接材料,C-KISTEP-RES0220230111,2023-03-30,W3,임무지향 R&D 평가를 위한 AI 활용 및 신규 평가방법 연구,机构正式研究,,,https://www.kistep.re.kr/reportAllDetail.es?mid=a10305010000&rpt_no=RES0220230111&rpt_tp=831-002,官方目录元数据，附件未列入本批
科研体系、研发投入与评价,科技创新政策与能力基线,C-KISTEP-RES0220230108,2023-03-31,W3,2022년 연구성과 확산 정책 수립 및 제도 운영,机构正式研究,,,https://www.kistep.re.kr/reportAllDetail.es?mid=a10305010000&rpt_no=RES0220230108&rpt_tp=831-004,官方目录元数据，附件未列入本批
科研体系、研发投入与评价,科技创新政策与能力基线,C-KISTEP-RES0220230110,2023-03-31,W3,2022년 연구관리 전문기관 효율화 개선 연구,机构正式研究,,,https://www.kistep.re.kr/reportAllDetail.es?mid=a10305010000&rpt_no=RES0220230110&rpt_tp=831-004,官方目录元数据，附件未列入本批
产业创新、创业与区域体系,科技创新政策与能力基线,C-KISTEP-RES0220230113,2023-03-31,W3,2022년도 성장동력 기획·관리 및 운영,机构正式研究,,,https://www.kistep.re.kr/reportAllDetail.es?mid=a10305010000&rpt_no=RES0220230113&rpt_tp=831-002,官方目录元数据，附件未列入本批
产业创新、创业与区域体系,科技创新政策与能力基线,C-KISTEP-RES0220230112,2023-04-04,W3,국가과학기술자문회의심의회의 및 과학기술관계장관회의를 통한 과학기술혁신 종합조정기능 강화 방안 연구,机构正式研究,,,https://www.kistep.re.kr/reportAllDetail.es?mid=a10305010000&rpt_no=RES0220230112&rpt_tp=831-001,官方目录元数据，附件未列入本批
科研体系、研发投入与评价,科技创新政策与能力基线,C-KISTEP-RES0220230115,2023-04-05,W3,과학기술정책 운영 및 현안 대응,机构正式研究,,,https://www.kistep.re.kr/reportAllDetail.es?mid=a10305010000&rpt_no=RES0220230115&rpt_tp=831-002,官方目录元数据，附件未列入本批
半导体、量子与战略技术,核心科技直接材料,C-KISTEP-RES0220230116,2023-04-05,W3,국가필수전략기술 육성보호 종합전략 수립연구①,机构正式研究,,,https://www.kistep.re.kr/reportAllDetail.es?mid=a10305010000&rpt_no=RES0220230116&rpt_tp=831-002,官方目录元数据，附件未列入本批
科研体系、研发投入与评价,科技创新政策与能力基线,C-KISTEP-RES0220230114,2023-04-11,W3,국가연구개발사업 예비타당성조사 수행 세부지침(23년 3월),机构正式研究,,,https://www.kistep.re.kr/reportAllDetail.es?mid=a10305010000&rpt_no=RES0220230114&rpt_tp=831-003,官方目录元数据，附件未列入本批
半导体、量子与战略技术,核心科技直接材料,C-KISTEP-RES0220230117,2023-04-25,W3,국가전략기술 프로젝트 추진체계 구축 및 지원,机构正式研究,,,https://www.kistep.re.kr/reportAllDetail.es?mid=a10305010000&rpt_no=RES0220230117&rpt_tp=831-002,官方目录元数据，附件未列入本批
科技创新政策与研究体系,科技创新政策与能力基线,C-KISTEP-RES0220230118,2023-04-26,W3,2022 과학기술연감,机构正式研究,,,https://www.kistep.re.kr/reportAllDetail.es?mid=a10305010000&rpt_no=RES0220230118&rpt_tp=831-002,官方目录元数据，附件未列入本批
人工智能、数据与数字技术,核心科技直接材料,C-KISTEP-RES0220230119,2023-05-04,W3,2022년도 예비타당성조사 보고서 노지농업 디지털 전환 기술개발 사업,机构正式研究,,,https://www.kistep.re.kr/reportAllDetail.es?mid=a10305010000&rpt_no=RES0220230119&rpt_tp=831-003,官方目录元数据，附件未列入本批
科研体系、研发投入与评价,核心科技直接材料,C-KISTEP-RES0220230119,2023-05-04,W3,2022년도 예비타당성조사 보고서 노지농업 디지털 전환 기술개발 사업,机构正式研究,,,https://www.kistep.re.kr/reportAllDetail.es?mid=a10305010000&rpt_no=RES0220230119&rpt_tp=831-003,官方目录元数据，附件未列入本批
科研体系、研发投入与评价,科技创新政策与能力基线,C-KISTEP-RES0220230121,2023-05-22,W3,2022년 기초연구진흥협의회 운영 지원,机构正式研究,,,https://www.kistep.re.kr/reportAllDetail.es?mid=a10305010000&rpt_no=RES0220230121&rpt_tp=831-002,官方目录元数据，附件未列入本批
科研体系、研发投入与评价,科技创新政策与能力基线,C-KISTEP-RES0220230123,2023-05-24,W3,고경력 과학기술인 인적자원 활용 극대화,机构正式研究,,,https://www.kistep.re.kr/reportAllDetail.es?mid=a10305010000&rpt_no=RES0220230123&rpt_tp=831-002,官方目录元数据，附件未列入本批
产业创新、创业与区域体系,科技创新政策与能力基线,C-KISTEP-RES0220230123,2023-05-24,W3,고경력 과학기술인 인적자원 활용 극대화,机构正式研究,,,https://www.kistep.re.kr/reportAllDetail.es?mid=a10305010000&rpt_no=RES0220230123&rpt_tp=831-002,官方目录元数据，附件未列入本批
科技人才、大学与知识流动,科技创新政策与能力基线,C-KISTEP-RES0220230124,2023-05-24,W3,과학기술인력양성 추진체계 구축·운영,机构正式研究,,,https://www.kistep.re.kr/reportAllDetail.es?mid=a10305010000&rpt_no=RES0220230124&rpt_tp=831-002,官方目录元数据，附件未列入本批
科研体系、研发投入与评价,科技创新政策与能力基线,C-KISTEP-RES0220230122,2023-05-25,W3,2022년도 과학기술정보통신부 직할 출연(연) 및 국가과학기술연구회 기관평가,机构正式研究,,,https://www.kistep.re.kr/reportAllDetail.es?mid=a10305010000&rpt_no=RES0220230122&rpt_tp=831-001,官方目录元数据，附件未列入本批
科技创新政策与研究体系,科技创新政策与能力基线,C-KISTEP-RES0220230125,2023-06-29,W3,2022년도 다부처공동기획 활성화 기반 연구,机构正式研究,,,https://www.kistep.re.kr/reportAllDetail.es?mid=a10305010000&rpt_no=RES0220230125&rpt_tp=831-007,官方目录元数据，附件未列入本批
半导体、量子与战略技术,核心科技直接材料,C-KISTEP-RES0220230126,2023-07-12,W3,국가전략기술 R&D 인력 실태조사,机构正式研究,,,https://www.kistep.re.kr/reportAllDetail.es?mid=a10305010000&rpt_no=RES0220230126&rpt_tp=831-002,官方目录元数据，附件未列入本批
科研体系、研发投入与评价,核心科技直接材料,C-KISTEP-RES0220230126,2023-07-12,W3,국가전략기술 R&D 인력 실태조사,机构正式研究,,,https://www.kistep.re.kr/reportAllDetail.es?mid=a10305010000&rpt_no=RES0220230126&rpt_tp=831-002,官方目录元数据，附件未列入本批
科技人才、大学与知识流动,核心科技直接材料,C-KISTEP-RES0220230126,2023-07-12,W3,국가전략기술 R&D 인력 실태조사,机构正式研究,,,https://www.kistep.re.kr/reportAllDetail.es?mid=a10305010000&rpt_no=RES0220230126&rpt_tp=831-002,官方目录元数据，附件未列入本批
科研体系、研发投入与评价,科技创新政策与能力基线,C-KISTEP-RES0220230127,2023-07-27,W3,2022년도 예비타당성조사 보고서 핵심전략산업 대응 탄성소재 재도약 사업,机构正式研究,,,https://www.kistep.re.kr/reportAllDetail.es?mid=a10305010000&rpt_no=RES0220230127&rpt_tp=831-003,官方目录元数据，附件未列入本批
产业创新、创业与区域体系,科技创新政策与能力基线,C-KISTEP-RES0220230127,2023-07-27,W3,2022년도 예비타당성조사 보고서 핵심전략산업 대응 탄성소재 재도약 사업,机构正式研究,,,https://www.kistep.re.kr/reportAllDetail.es?mid=a10305010000&rpt_no=RES0220230127&rpt_tp=831-003,官方目录元数据，附件未列入本批
科研体系、研发投入与评价,科技创新政策与能力基线,C-KISTEP-PRG0720230030,2023-07-31,W3,연구보안관리 실태조사 및 개선방안 연구,机构正式研究,,,https://www.kistep.re.kr/reportAllDetail.es?mid=a10305010000&rpt_no=PRG0720230030&rpt_tp=831-007,官方目录元数据，附件未列入本批
人工智能、数据与数字技术,核心科技直接材料,C-KISTEP-RES0220230132,2023-08-28,W3,2022년도 예비타당성조사 보고서 국가 통합 바이오 빅데이터 구축 사업,机构正式研究,,,https://www.kistep.re.kr/reportAllDetail.es?mid=a10305010000&rpt_no=RES0220230132&rpt_tp=831-003,官方目录元数据，附件未列入本批
生命科学、生物技术与健康,核心科技直接材料,C-KISTEP-RES0220230132,2023-08-28,W3,2022년도 예비타당성조사 보고서 국가 통합 바이오 빅데이터 구축 사업,机构正式研究,,,https://www.kistep.re.kr/reportAllDetail.es?mid=a10305010000&rpt_no=RES0220230132&rpt_tp=831-003,官方目录元数据，附件未列入本批
科研体系、研发投入与评价,核心科技直接材料,C-KISTEP-RES0220230132,2023-08-28,W3,2022년도 예비타당성조사 보고서 국가 통합 바이오 빅데이터 구축 사업,机构正式研究,,,https://www.kistep.re.kr/reportAllDetail.es?mid=a10305010000&rpt_no=RES0220230132&rpt_tp=831-003,官方目录元数据，附件未列入本批
生命科学、生物技术与健康,科技创新政策与能力基线,C-KISTEP-RES0220230133,2023-08-28,W3,인체 감염병(진단·백신·치료제) 사업군,机构正式研究,,,https://www.kistep.re.kr/reportAllDetail.es?mid=a10305010000&rpt_no=RES0220230133&rpt_tp=831-001,官方目录元数据，附件未列入本批
科研体系、研发投入与评价,科技创新政策与能力基线,C-KISTEP-RES0220230133,2023-08-28,W3,인체 감염병(진단·백신·치료제) 사업군,机构正式研究,,,https://www.kistep.re.kr/reportAllDetail.es?mid=a10305010000&rpt_no=RES0220230133&rpt_tp=831-001,官方目录元数据，附件未列入本批
半导体、量子与战略技术,核心科技直接材料,C-KISTEP-RES0220230139,2023-09-12,W3,2022년도 예비타당성조사 보고서 화합물 전력반도체 고도화 기술개발사업,机构正式研究,,,https://www.kistep.re.kr/reportAllDetail.es?mid=a10305010000&rpt_no=RES0220230139&rpt_tp=831-003,官方目录元数据，附件未列入本批
科研体系、研发投入与评价,核心科技直接材料,C-KISTEP-RES0220230139,2023-09-12,W3,2022년도 예비타당성조사 보고서 화합물 전력반도체 고도화 기술개발사업,机构正式研究,,,https://www.kistep.re.kr/reportAllDetail.es?mid=a10305010000&rpt_no=RES0220230139&rpt_tp=831-003,官方目录元数据，附件未列入本批
人工智能、数据与数字技术,核心科技直接材料,C-KISTEP-PRG0720230035,2023-09-23,W3,인공지능 기반 R&D 투자 아젠다 발굴 프로세스 정립 연구,机构正式研究,,,https://www.kistep.re.kr/reportAllDetail.es?mid=a10305010000&rpt_no=PRG0720230035&rpt_tp=831-007,官方目录元数据，附件未列入本批
科研体系、研发投入与评价,核心科技直接材料,C-KISTEP-PRG0720230035,2023-09-23,W3,인공지능 기반 R&D 투자 아젠다 발굴 프로세스 정립 연구,机构正式研究,,,https://www.kistep.re.kr/reportAllDetail.es?mid=a10305010000&rpt_no=PRG0720230035&rpt_tp=831-007,官方目录元数据，附件未列入本批
科研体系、研发投入与评价,科技创新政策与能力基线,C-KISTEP-PRG0720230037,2023-09-25,W3,지역중소기업 R&D 수행실태 분석을 통한 지역별 혁신생태계 제고방안,机构正式研究,,,https://www.kistep.re.kr/reportAllDetail.es?mid=a10305010000&rpt_no=PRG0720230037&rpt_tp=831-007,官方目录元数据，附件未列入本批
产业创新、创业与区域体系,科技创新政策与能力基线,C-KISTEP-PRG0720230037,2023-09-25,W3,지역중소기업 R&D 수행실태 분석을 통한 지역별 혁신생태계 제고방안,机构正式研究,,,https://www.kistep.re.kr/reportAllDetail.es?mid=a10305010000&rpt_no=PRG0720230037&rpt_tp=831-007,官方目录元数据，附件未列入本批
能源、气候与绿色转型,核心科技直接材料,C-KISTEP-PRG0720230036,2023-09-30,W3,원자력 우주항공분야 R&D 투자의 사회경제적 파급효과 분석,机构正式研究,,,https://www.kistep.re.kr/reportAllDetail.es?mid=a10305010000&rpt_no=PRG0720230036&rpt_tp=831-007,官方目录元数据，附件未列入本批
科研体系、研发投入与评价,核心科技直接材料,C-KISTEP-PRG0720230036,2023-09-30,W3,원자력 우주항공분야 R&D 투자의 사회경제적 파급효과 분석,机构正式研究,,,https://www.kistep.re.kr/reportAllDetail.es?mid=a10305010000&rpt_no=PRG0720230036&rpt_tp=831-007,官方目录元数据，附件未列入本批
航天、核能与大型技术系统,核心科技直接材料,C-KISTEP-PRG0720230036,2023-09-30,W3,원자력 우주항공분야 R&D 투자의 사회경제적 파급효과 분석,机构正式研究,,,https://www.kistep.re.kr/reportAllDetail.es?mid=a10305010000&rpt_no=PRG0720230036&rpt_tp=831-007,官方目录元数据，附件未列入本批
科研体系、研发投入与评价,核心科技直接材料,C-KISTEP-RES0220230140,2023-10-19,W3,2022년도 예비타당성조사 보고서 국가로봇테스트필드 구축 사업,机构正式研究,,,https://www.kistep.re.kr/reportAllDetail.es?mid=a10305010000&rpt_no=RES0220230140&rpt_tp=831-003,官方目录元数据，附件未列入本批
科研体系、研发投入与评价,科技创新政策与能力基线,C-KISTEP-RES0220230141,2023-10-20,W3,2022년도 예비타당성조사 보고서 한국형 연안재해 대응체계 구축(K-Ocean Watch) 기술개발사업,机构正式研究,,,https://www.kistep.re.kr/reportAllDetail.es?mid=a10305010000&rpt_no=RES0220230141&rpt_tp=831-003,官方目录元数据，附件未列入本批
人工智能、数据与数字技术,核心科技直接材料,C-KISTEP-RES0220230142,2023-10-23,W3,2022년도 예비타당성조사 보고서 차세대 네트워크(6G) 산업 기술개발사업,机构正式研究,,,https://www.kistep.re.kr/reportAllDetail.es?mid=a10305010000&rpt_no=RES0220230142&rpt_tp=831-003,官方目录元数据，附件未列入本批
科研体系、研发投入与评价,核心科技直接材料,C-KISTEP-RES0220230142,2023-10-23,W3,2022년도 예비타당성조사 보고서 차세대 네트워크(6G) 산업 기술개발사업,机构正式研究,,,https://www.kistep.re.kr/reportAllDetail.es?mid=a10305010000&rpt_no=RES0220230142&rpt_tp=831-003,官方目录元数据，附件未列入本批
产业创新、创业与区域体系,核心科技直接材料,C-KISTEP-RES0220230142,2023-10-23,W3,2022년도 예비타당성조사 보고서 차세대 네트워크(6G) 산업 기술개발사업,机构正式研究,,,https://www.kistep.re.kr/reportAllDetail.es?mid=a10305010000&rpt_no=RES0220230142&rpt_tp=831-003,官方目录元数据，附件未列入本批
科研体系、研发投入与评价,科技创新政策与能力基线,C-KISTEP-RES0220230143,2023-10-26,W3,2023년도 예비타당성조사 보고서 한국형 도심항공교통(K-UAM) 안전운용체계 핵심기술개발사업,机构正式研究,,,https://www.kistep.re.kr/reportAllDetail.es?mid=a10305010000&rpt_no=RES0220230143&rpt_tp=831-003,官方目录元数据，附件未列入本批
航天、核能与大型技术系统,科技创新政策与能力基线,C-KISTEP-RES0220230143,2023-10-26,W3,2023년도 예비타당성조사 보고서 한국형 도심항공교통(K-UAM) 안전운용체계 핵심기술개발사업,机构正式研究,,,https://www.kistep.re.kr/reportAllDetail.es?mid=a10305010000&rpt_no=RES0220230143&rpt_tp=831-003,官方目录元数据，附件未列入本批
科技人才、大学与知识流动,科技创新政策与能力基线,C-KISTEP-PRG0720240032,2023-10-31,W3,2023년 과학기술외교 아카데미 구축·운영,机构正式研究,,,https://www.kistep.re.kr/reportAllDetail.es?mid=a10305010000&rpt_no=PRG0720240032&rpt_tp=831-007,官方目录元数据，附件未列入本批
技术安全、供应链与国际合作,科技创新政策与能力基线,C-KISTEP-PRG0720240032,2023-10-31,W3,2023년 과학기술외교 아카데미 구축·운영,机构正式研究,,,https://www.kistep.re.kr/reportAllDetail.es?mid=a10305010000&rpt_no=PRG0720240032&rpt_tp=831-007,官方目录元数据，附件未列入本批
科研体系、研发投入与评价,科技创新政策与能力基线,C-KISTEP-RES0220230144,2023-11-13,W3,2022년 국가연구개발사업 조사‧분석 보고서,机构正式研究,,,https://www.kistep.re.kr/reportAllDetail.es?mid=a10305010000&rpt_no=RES0220230144&rpt_tp=831-001,官方目录元数据，附件未列入本批
半导体、量子与战略技术,核心科技直接材料,C-KISTEP-PRG0720230038,2023-11-15,W3,기술패권 경쟁 대응 국가전략기술 선정 방법론 고도화 연구,机构正式研究,,,https://www.kistep.re.kr/reportAllDetail.es?mid=a10305010000&rpt_no=PRG0720230038&rpt_tp=831-007,官方目录元数据，附件未列入本批
产业创新、创业与区域体系,核心科技直接材料,C-KISTEP-PRG0720230038,2023-11-15,W3,기술패권 경쟁 대응 국가전략기술 선정 방법론 고도화 연구,机构正式研究,,,https://www.kistep.re.kr/reportAllDetail.es?mid=a10305010000&rpt_no=PRG0720230038&rpt_tp=831-007,官方目录元数据，附件未列入本批
技术安全、供应链与国际合作,核心科技直接材料,C-KISTEP-PRG0720230038,2023-11-15,W3,기술패권 경쟁 대응 국가전략기술 선정 방법론 고도화 연구,机构正式研究,,,https://www.kistep.re.kr/reportAllDetail.es?mid=a10305010000&rpt_no=PRG0720230038&rpt_tp=831-007,官方目录元数据，附件未列入本批
科技前瞻与未来社会,核心科技直接材料,C-KISTEP-PRG0720230038,2023-11-15,W3,기술패권 경쟁 대응 국가전략기술 선정 방법론 고도화 연구,机构正式研究,,,https://www.kistep.re.kr/reportAllDetail.es?mid=a10305010000&rpt_no=PRG0720230038&rpt_tp=831-007,官方目录元数据，附件未列入本批
科研体系、研发投入与评价,科技创新政策与能力基线,C-KISTEP-PRG0720230040,2023-11-21,W3,과학기술 논문성과 분석연구(2008-2022),机构正式研究,,,https://www.kistep.re.kr/reportAllDetail.es?mid=a10305010000&rpt_no=PRG0720230040&rpt_tp=831-007,官方目录元数据，附件未列入本批
科研体系、研发投入与评价,科技创新政策与能力基线,C-KISTEP-PRG0720230043,2023-11-28,W3,국가연구개발사업 대학 간접비제도 백서 발간 연구,机构正式研究,,,https://www.kistep.re.kr/reportAllDetail.es?mid=a10305010000&rpt_no=PRG0720230043&rpt_tp=831-007,官方目录元数据，附件未列入本批
科技人才、大学与知识流动,科技创新政策与能力基线,C-KISTEP-PRG0720230043,2023-11-28,W3,국가연구개발사업 대학 간접비제도 백서 발간 연구,机构正式研究,,,https://www.kistep.re.kr/reportAllDetail.es?mid=a10305010000&rpt_no=PRG0720230043&rpt_tp=831-007,官方目录元数据，附件未列入本批
科研体系、研发投入与评价,科技创新政策与能力基线,C-KISTEP-PRG0720230041,2023-11-30,W3,예비타당성조사 경제성 분석 고도화 연구,机构正式研究,,,https://www.kistep.re.kr/reportAllDetail.es?mid=a10305010000&rpt_no=PRG0720230041&rpt_tp=831-007,官方目录元数据，附件未列入本批
科研体系、研发投入与评价,科技创新政策与能力基线,C-KISTEP-PRG0720230042,2023-11-30,W3,출연연 R&D 성과 제고를 위한 출연연 예산 체계 기반 연구,机构正式研究,,,https://www.kistep.re.kr/reportAllDetail.es?mid=a10305010000&rpt_no=PRG0720230042&rpt_tp=831-007,官方目录元数据，附件未列入本批
产业创新、创业与区域体系,科技创新政策与能力基线,C-KISTEP-PRG0720230044,2023-11-30,W3,국가기술혁신체계(NIS) 진단·구축을 통한 혁신고도화 방안 연구,机构正式研究,,,https://www.kistep.re.kr/reportAllDetail.es?mid=a10305010000&rpt_no=PRG0720230044&rpt_tp=831-007,官方目录元数据，附件未列入本批
科技创新政策与研究体系,科技创新政策与能力基线,C-KISTEP-PRG0720240008,2023-12-22,W3,범부처 연구지원시스템 운영을 위한 사용자 온·오프라인 교육 및 학습 플랫폼 지원_최종보고서,机构正式研究,,,https://www.kistep.re.kr/reportAllDetail.es?mid=a10305010000&rpt_no=PRG0720240008&rpt_tp=831-007,官方目录元数据，附件未列入本批
科研体系、研发投入与评价,核心科技直接材料,C-KISTEP-RES0220230154,2023-12-26,W3,2022년도 예비타당성조사 보고서 달 탐사 2단계(달 착륙선 개발)사업,机构正式研究,,,https://www.kistep.re.kr/reportAllDetail.es?mid=a10305010000&rpt_no=RES0220230154&rpt_tp=831-003,官方目录元数据，附件未列入本批
航天、核能与大型技术系统,核心科技直接材料,C-KISTEP-RES0220230154,2023-12-26,W3,2022년도 예비타당성조사 보고서 달 탐사 2단계(달 착륙선 개발)사업,机构正式研究,,,https://www.kistep.re.kr/reportAllDetail.es?mid=a10305010000&rpt_no=RES0220230154&rpt_tp=831-003,官方目录元数据，附件未列入本批
科研体系、研发投入与评价,科技创新政策与能力基线,C-KISTEP-RES0220230156,2023-12-28,W3,과학기술예측조사 실현도 평가를 통한 예측방법론 고도화 연구,机构正式研究,,,https://www.kistep.re.kr/reportAllDetail.es?mid=a10305010000&rpt_no=RES0220230156&rpt_tp=831-006,官方目录元数据，附件未列入本批
科技前瞻与未来社会,科技创新政策与能力基线,C-KISTEP-RES0220230156,2023-12-28,W3,과학기술예측조사 실현도 평가를 통한 예측방법론 고도화 연구,机构正式研究,,,https://www.kistep.re.kr/reportAllDetail.es?mid=a10305010000&rpt_no=RES0220230156&rpt_tp=831-006,官方目录元数据，附件未列入本批
半导体、量子与战略技术,核心科技直接材料,C-KISTEP-PRG0720240004,2023-12-31,W3,지역의 국가전략기술 R&D 역량 조사·분석 연구,机构正式研究,,,https://www.kistep.re.kr/reportAllDetail.es?mid=a10305010000&rpt_no=PRG0720240004&rpt_tp=831-007,官方目录元数据，附件未列入本批
科研体系、研发投入与评价,核心科技直接材料,C-KISTEP-PRG0720240004,2023-12-31,W3,지역의 국가전략기술 R&D 역량 조사·분석 연구,机构正式研究,,,https://www.kistep.re.kr/reportAllDetail.es?mid=a10305010000&rpt_no=PRG0720240004&rpt_tp=831-007,官方目录元数据，附件未列入本批
产业创新、创业与区域体系,核心科技直接材料,C-KISTEP-PRG0720240004,2023-12-31,W3,지역의 국가전략기술 R&D 역량 조사·분석 연구,机构正式研究,,,https://www.kistep.re.kr/reportAllDetail.es?mid=a10305010000&rpt_no=PRG0720240004&rpt_tp=831-007,官方目录元数据，附件未列入本批
科技创新政策与研究体系,科技创新政策与能力基线,C-KISTEP-RES0220230157,2024-01-03,W3,2023년 국가과학기술표준분류체계의 개선 및 활용기반 구축,机构正式研究,,,https://www.kistep.re.kr/reportAllDetail.es?mid=a10305010000&rpt_no=RES0220230157&rpt_tp=831-006,官方目录元数据，附件未列入本批
科研体系、研发投入与评价,科技创新政策与能力基线,C-KISTEP-RES0220240001,2024-01-04,W3,2023년 국가R&D사업 사전분석 전문 네트워크 구축 및 역량 강화,机构正式研究,,,https://www.kistep.re.kr/reportAllDetail.es?mid=a10305010000&rpt_no=RES0220240001&rpt_tp=831-003,官方目录元数据，附件未列入本批
科研体系、研发投入与评价,科技创新政策与能力基线,C-KISTEP-PRG0720240005,2024-01-05,W3,국가연구개발사업 간접비 활동기준원가계산(ABC)을 위한 매뉴얼  제정 연구,机构正式研究,,,https://www.kistep.re.kr/reportAllDetail.es?mid=a10305010000&rpt_no=PRG0720240005&rpt_tp=831-007,官方目录元数据，附件未列入本批
科研体系、研发投入与评价,科技创新政策与能力基线,C-KISTEP-RES0220240008,2024-01-09,W3,근거 기반의 R&D예산 배분조정 체계 구축 - R&D투자 전략 수립 지원,机构正式研究,,,https://www.kistep.re.kr/reportAllDetail.es?mid=a10305010000&rpt_no=RES0220240008&rpt_tp=831-005,官方目录元数据，附件未列入本批
科研体系、研发投入与评价,科技创新政策与能力基线,C-KISTEP-RES0220240004,2024-01-10,W3,2023년도 과학기술분야 R&D 제도 혁신 기반 연구,机构正式研究,,,https://www.kistep.re.kr/reportAllDetail.es?mid=a10305010000&rpt_no=RES0220240004&rpt_tp=831-004,官方目录元数据，附件未列入本批
产业创新、创业与区域体系,科技创新政策与能力基线,C-KISTEP-RES0220240004,2024-01-10,W3,2023년도 과학기술분야 R&D 제도 혁신 기반 연구,机构正式研究,,,https://www.kistep.re.kr/reportAllDetail.es?mid=a10305010000&rpt_no=RES0220240004&rpt_tp=831-004,官方目录元数据，附件未列入本批
科研体系、研发投入与评价,核心科技直接材料,C-KISTEP-RES0220240007,2024-01-10,W3,소재부품장비 투자전략 고도화를 위한 경제안보 기반의 글로벌 공급망 분석 연구,机构正式研究,,,https://www.kistep.re.kr/reportAllDetail.es?mid=a10305010000&rpt_no=RES0220240007&rpt_tp=831-005,官方目录元数据，附件未列入本批
技术安全、供应链与国际合作,核心科技直接材料,C-KISTEP-RES0220240007,2024-01-10,W3,소재부품장비 투자전략 고도화를 위한 경제안보 기반의 글로벌 공급망 분석 연구,机构正式研究,,,https://www.kistep.re.kr/reportAllDetail.es?mid=a10305010000&rpt_no=RES0220240007&rpt_tp=831-005,官方目录元数据，附件未列入本批
科研体系、研发投入与评价,科技创新政策与能力基线,C-KISTEP-RES0220240003,2024-01-12,W3,2023년 R&D사업 예비타당성조사 일관성 제고를 위한 조사 체계 개선 방향 연구,机构正式研究,,,https://www.kistep.re.kr/reportAllDetail.es?mid=a10305010000&rpt_no=RES0220240003&rpt_tp=831-003,官方目录元数据，附件未列入本批
科技前瞻与未来社会,科技创新政策与能力基线,C-KISTEP-RES0220240010,2024-01-12,W3,2024년 KISTEP 미래유망기술 선정에 관한 연구,机构正式研究,,,https://www.kistep.re.kr/reportAllDetail.es?mid=a10305010000&rpt_no=RES0220240010&rpt_tp=831-006,官方目录元数据，附件未列入本批
科研体系、研发投入与评价,科技创新政策与能力基线,C-KISTEP-RES0220240011,2024-01-15,W3,2024년 국가 과학기술혁신 및 R&D 발전전략을 위한 'KISTEP Think 2024' 핵심 아젠다 발굴 연구,机构正式研究,,,https://www.kistep.re.kr/reportAllDetail.es?mid=a10305010000&rpt_no=RES0220240011&rpt_tp=831-002,官方目录元数据，附件未列入本批
产业创新、创业与区域体系,科技创新政策与能力基线,C-KISTEP-RES0220240011,2024-01-15,W3,2024년 국가 과학기술혁신 및 R&D 발전전략을 위한 'KISTEP Think 2024' 핵심 아젠다 발굴 연구,机构正式研究,,,https://www.kistep.re.kr/reportAllDetail.es?mid=a10305010000&rpt_no=RES0220240011&rpt_tp=831-002,官方目录元数据，附件未列入本批
科研体系、研发投入与评价,科技创新政策与能力基线,C-KISTEP-RES0220240009,2024-01-16,W3,국가R&D 기획‧관리 지원서비스 구축,机构正式研究,,,https://www.kistep.re.kr/reportAllDetail.es?mid=a10305010000&rpt_no=RES0220240009&rpt_tp=831-007,官方目录元数据，附件未列入本批
科技人才、大学与知识流动,科技创新政策与能力基线,C-KISTEP-RES0220240009,2024-01-16,W3,국가R&D 기획‧관리 지원서비스 구축,机构正式研究,,,https://www.kistep.re.kr/reportAllDetail.es?mid=a10305010000&rpt_no=RES0220240009&rpt_tp=831-007,官方目录元数据，附件未列入本批
科研体系、研发投入与评价,科技创新政策与能力基线,C-KISTEP-RES0220240013,2024-01-18,W3,2023년도 글로벌 R&D 투자동향 분석,机构正式研究,,,https://www.kistep.re.kr/reportAllDetail.es?mid=a10305010000&rpt_no=RES0220240013&rpt_tp=831-005,官方目录元数据，附件未列入本批
人工智能、数据与数字技术,核心科技直接材料,C-KISTEP-RES0220240014,2024-01-19,W3,국가전략기술 분야별 주요 이슈 감지 방법론 연구: 인공지능 기술 활용을 중심으로,机构正式研究,,,https://www.kistep.re.kr/reportAllDetail.es?mid=a10305010000&rpt_no=RES0220240014&rpt_tp=831-002,官方目录元数据，附件未列入本批
半导体、量子与战略技术,核心科技直接材料,C-KISTEP-RES0220240014,2024-01-19,W3,국가전략기술 분야별 주요 이슈 감지 방법론 연구: 인공지능 기술 활용을 중심으로,机构正式研究,,,https://www.kistep.re.kr/reportAllDetail.es?mid=a10305010000&rpt_no=RES0220240014&rpt_tp=831-002,官方目录元数据，附件未列入本批
技术安全、供应链与国际合作,科技创新政策与能力基线,C-KISTEP-RES0220230148,2024-01-25,W3,근거기반 과학기술협력 아젠다 발굴 고도화 연구,机构正式研究,,,https://www.kistep.re.kr/reportAllDetail.es?mid=a10305010000&rpt_no=RES0220230148&rpt_tp=831-002,官方目录元数据，附件未列入本批
技术安全、供应链与国际合作,科技创新政策与能力基线,C-KISTEP-RES0220240006,2024-01-25,W3,2023년 과학기술외교·국제협력 스코어보드 구축 연구,机构正式研究,,,https://www.kistep.re.kr/reportAllDetail.es?mid=a10305010000&rpt_no=RES0220240006&rpt_tp=831-002,官方目录元数据，附件未列入本批
半导体、量子与战略技术,核心科技直接材料,C-KISTEP-RES0220240012,2024-01-27,W3,출연(연) 사업의 국가전략기술 연계 현황 분석 및 시사점 도출,机构正式研究,,,https://www.kistep.re.kr/reportAllDetail.es?mid=a10305010000&rpt_no=RES0220240012&rpt_tp=831-005,官方目录元数据，附件未列入本批
科技前瞻与未来社会,科技创新政策与能力基线,C-KISTEP-RES0220240016,2024-01-29,W3,2023년 미래 불확실성에 대응하는 환경변화 탐색 및 대응방안 연구,机构正式研究,,,https://www.kistep.re.kr/reportAllDetail.es?mid=a10305010000&rpt_no=RES0220240016&rpt_tp=831-006,官方目录元数据，附件未列入本批
科研体系、研发投入与评价,科技创新政策与能力基线,C-KISTEP-RES0220240015,2024-01-30,W3,핵심기술 R&D 투자의 성과 종합분석 연구 (2023년),机构正式研究,,,https://www.kistep.re.kr/reportAllDetail.es?mid=a10305010000&rpt_no=RES0220240015&rpt_tp=831-004,官方目录元数据，附件未列入本批
产业创新、创业与区域体系,科技创新政策与能力基线,C-KISTEP-RES0220240015,2024-01-30,W3,핵심기술 R&D 투자의 성과 종합분석 연구 (2023년),机构正式研究,,,https://www.kistep.re.kr/reportAllDetail.es?mid=a10305010000&rpt_no=RES0220240015&rpt_tp=831-004,官方目录元数据，附件未列入本批
人工智能、数据与数字技术,核心科技直接材料,C-KISTEP-RES0220240020,2024-01-31,W3,범부처 사회문제해결 기반구축사업,机构正式研究,,,https://www.kistep.re.kr/reportAllDetail.es?mid=a10305010000&rpt_no=RES0220240020&rpt_tp=831-002,官方目录元数据，附件未列入本批
科研体系、研发投入与评价,科技创新政策与能力基线,C-KISTEP-RES0220240021,2024-01-31,W3,글로벌 과학기술혁신 역량 및 전문성 제고,机构正式研究,,,https://www.kistep.re.kr/reportAllDetail.es?mid=a10305010000&rpt_no=RES0220240021&rpt_tp=831-004,官方目录元数据，附件未列入本批
产业创新、创业与区域体系,科技创新政策与能力基线,C-KISTEP-RES0220240021,2024-01-31,W3,글로벌 과학기술혁신 역량 및 전문성 제고,机构正式研究,,,https://www.kistep.re.kr/reportAllDetail.es?mid=a10305010000&rpt_no=RES0220240021&rpt_tp=831-004,官方目录元数据，附件未列入本批
技术安全、供应链与国际合作,科技创新政策与能力基线,C-KISTEP-RES0220240021,2024-01-31,W3,글로벌 과학기술혁신 역량 및 전문성 제고,机构正式研究,,,https://www.kistep.re.kr/reportAllDetail.es?mid=a10305010000&rpt_no=RES0220240021&rpt_tp=831-004,官方目录元数据，附件未列入本批
科研体系、研发投入与评价,科技创新政策与能力基线,C-KISTEP-RES0220240022,2024-01-31,W3,2023년도 예비타당성조사 보고서 신산업 대응 차세대 공통·핵심 뿌리기술개발 사업,机构正式研究,,,https://www.kistep.re.kr/reportAllDetail.es?mid=a10305010000&rpt_no=RES0220240022&rpt_tp=831-003,官方目录元数据，附件未列入本批
产业创新、创业与区域体系,科技创新政策与能力基线,C-KISTEP-RES0220240022,2024-01-31,W3,2023년도 예비타당성조사 보고서 신산업 대응 차세대 공통·핵심 뿌리기술개발 사업,机构正式研究,,,https://www.kistep.re.kr/reportAllDetail.es?mid=a10305010000&rpt_no=RES0220240022&rpt_tp=831-003,官方目录元数据，附件未列入本批
产业创新、创业与区域体系,科技创新政策与能力基线,C-KISTEP-RES0220240025,2024-01-31,W3,이슈페이퍼 및 정책브리프 발간을 통한 정책역량 강화방안 연구,机构正式研究,,,https://www.kistep.re.kr/reportAllDetail.es?mid=a10305010000&rpt_no=RES0220240025&rpt_tp=831-002,官方目录元数据，附件未列入本批
产业创新、创业与区域体系,科技创新政策与能力基线,C-KISTEP-RES0220240026,2024-02-05,W3,2023년 과학기술 국제협력 네트워크 구축 및 강화 연구,机构正式研究,,,https://www.kistep.re.kr/reportAllDetail.es?mid=a10305010000&rpt_no=RES0220240026&rpt_tp=831-002,官方目录元数据，附件未列入本批
技术安全、供应链与国际合作,科技创新政策与能力基线,C-KISTEP-RES0220240026,2024-02-05,W3,2023년 과학기술 국제협력 네트워크 구축 및 강화 연구,机构正式研究,,,https://www.kistep.re.kr/reportAllDetail.es?mid=a10305010000&rpt_no=RES0220240026&rpt_tp=831-002,官方目录元数据，附件未列入本批
科研体系、研发投入与评价,科技创新政策与能力基线,C-KISTEP-RES0220240023,2024-02-07,W3,연구개발지원단 육성지원사업(정책연구센터),机构正式研究,,,https://www.kistep.re.kr/reportAllDetail.es?mid=a10305010000&rpt_no=RES0220240023&rpt_tp=831-002,官方目录元数据，附件未列入本批
产业创新、创业与区域体系,科技创新政策与能力基线,C-KISTEP-RES0220240023,2024-02-07,W3,연구개발지원단 육성지원사업(정책연구센터),机构正式研究,,,https://www.kistep.re.kr/reportAllDetail.es?mid=a10305010000&rpt_no=RES0220240023&rpt_tp=831-002,官方目录元数据，附件未列入本批
科研体系、研发投入与评价,科技创新政策与能力基线,C-KISTEP-RES0220240029,2024-02-07,W3,2023년 기술영향평가,机构正式研究,,,https://www.kistep.re.kr/reportAllDetail.es?mid=a10305010000&rpt_no=RES0220240029&rpt_tp=831-006,官方目录元数据，附件未列入本批
科技前瞻与未来社会,科技创新政策与能力基线,C-KISTEP-RES0220240029,2024-02-07,W3,2023년 기술영향평가,机构正式研究,,,https://www.kistep.re.kr/reportAllDetail.es?mid=a10305010000&rpt_no=RES0220240029&rpt_tp=831-006,官方目录元数据，附件未列入本批
产业创新、创业与区域体系,科技创新政策与能力基线,C-KISTEP-RES0220240034,2024-02-13,W3,이해관계자의 정책가치를 고려한 중소기업 기술혁신지원정책 고도화 방안 연구,机构正式研究,,,https://www.kistep.re.kr/reportAllDetail.es?mid=a10305010000&rpt_no=RES0220240034&rpt_tp=831-005,官方目录元数据，附件未列入本批
半导体、量子与战略技术,核心科技直接材料,C-KISTEP-RES0220240032,2024-02-14,W3,글로벌 기술패권 경쟁 대응 기술주권 주요 이슈 심층분석 및 전략수립 방법론 고도화 연구,机构正式研究,,,https://www.kistep.re.kr/reportAllDetail.es?mid=a10305010000&rpt_no=RES0220240032&rpt_tp=831-002,官方目录元数据，附件未列入本批
科研体系、研发投入与评价,核心科技直接材料,C-KISTEP-RES0220240032,2024-02-14,W3,글로벌 기술패권 경쟁 대응 기술주권 주요 이슈 심층분석 및 전략수립 방법론 고도화 연구,机构正式研究,,,https://www.kistep.re.kr/reportAllDetail.es?mid=a10305010000&rpt_no=RES0220240032&rpt_tp=831-002,官方目录元数据，附件未列入本批
技术安全、供应链与国际合作,核心科技直接材料,C-KISTEP-RES0220240032,2024-02-14,W3,글로벌 기술패권 경쟁 대응 기술주권 주요 이슈 심층분석 및 전략수립 방법론 고도화 연구,机构正式研究,,,https://www.kistep.re.kr/reportAllDetail.es?mid=a10305010000&rpt_no=RES0220240032&rpt_tp=831-002,官方目录元数据，附件未列入本批
科技前瞻与未来社会,核心科技直接材料,C-KISTEP-RES0220240032,2024-02-14,W3,글로벌 기술패권 경쟁 대응 기술주권 주요 이슈 심층분석 및 전략수립 방법론 고도화 연구,机构正式研究,,,https://www.kistep.re.kr/reportAllDetail.es?mid=a10305010000&rpt_no=RES0220240032&rpt_tp=831-002,官方目录元数据，附件未列入本批
能源、气候与绿色转型,科技创新政策与能力基线,C-KISTEP-RES0220240028,2024-02-15,W3,탄소중립 기술특위 운영지원,机构正式研究,,,https://www.kistep.re.kr/reportAllDetail.es?mid=a10305010000&rpt_no=RES0220240028&rpt_tp=831-002,官方目录元数据，附件未列入本批
科研体系、研发投入与评价,科技创新政策与能力基线,C-KISTEP-RES0220240028,2024-02-15,W3,탄소중립 기술특위 운영지원,机构正式研究,,,https://www.kistep.re.kr/reportAllDetail.es?mid=a10305010000&rpt_no=RES0220240028&rpt_tp=831-002,官方目录元数据，附件未列入本批
能源、气候与绿色转型,科技创新政策与能力基线,C-KISTEP-RES0220240030,2024-02-15,W3,탄소중립 기술혁신 전략고도화 및 정책 기반 조성 연구,机构正式研究,,,https://www.kistep.re.kr/reportAllDetail.es?mid=a10305010000&rpt_no=RES0220240030&rpt_tp=831-006,官方目录元数据，附件未列入本批
产业创新、创业与区域体系,科技创新政策与能力基线,C-KISTEP-RES0220240030,2024-02-15,W3,탄소중립 기술혁신 전략고도화 및 정책 기반 조성 연구,机构正式研究,,,https://www.kistep.re.kr/reportAllDetail.es?mid=a10305010000&rpt_no=RES0220240030&rpt_tp=831-006,官方目录元数据，附件未列入本批
科研体系、研发投入与评价,科技创新政策与能力基线,C-KISTEP-RES0220240035,2024-02-15,W3,2023년도 국가연구개발사업 상위점검 보고서(중간평가),机构正式研究,,,https://www.kistep.re.kr/reportAllDetail.es?mid=a10305010000&rpt_no=RES0220240035&rpt_tp=831-001,官方目录元数据，附件未列入本批
科研体系、研发投入与评价,科技创新政策与能力基线,C-KISTEP-RES0220240036,2024-02-15,W3,전문기관-전담기관의 국가연구개발 성과관리 역할 재정립 연구,机构正式研究,,,https://www.kistep.re.kr/reportAllDetail.es?mid=a10305010000&rpt_no=RES0220240036&rpt_tp=831-004,官方目录元数据，附件未列入本批
科研体系、研发投入与评价,科技创新政策与能力基线,C-KISTEP-RES0220240037,2024-02-15,W3,정부R&D 등록·기탁 성과물 심층분석 연구,机构正式研究,,,https://www.kistep.re.kr/reportAllDetail.es?mid=a10305010000&rpt_no=RES0220240037&rpt_tp=831-001,官方目录元数据，附件未列入本批
科技人才、大学与知识流动,科技创新政策与能力基线,C-KISTEP-RES0220240018,2024-02-19,W3,학생인건비통합관리제 기획 및 운영,机构正式研究,,,https://www.kistep.re.kr/reportAllDetail.es?mid=a10305010000&rpt_no=RES0220240018&rpt_tp=831-001,官方目录元数据，附件未列入本批
科研体系、研发投入与评价,科技创新政策与能力基线,C-KISTEP-RES0220240042,2024-02-19,W3,연구지원 체계평가 운영에 관한 연구,机构正式研究,,,https://www.kistep.re.kr/reportAllDetail.es?mid=a10305010000&rpt_no=RES0220240042&rpt_tp=831-004,官方目录元数据，附件未列入本批
科技人才、大学与知识流动,科技创新政策与能力基线,C-KISTEP-RES0220240042,2024-02-19,W3,연구지원 체계평가 운영에 관한 연구,机构正式研究,,,https://www.kistep.re.kr/reportAllDetail.es?mid=a10305010000&rpt_no=RES0220240042&rpt_tp=831-004,官方目录元数据，附件未列入本批
产业创新、创业与区域体系,科技创新政策与能力基线,C-KISTEP-RES0220240047,2024-02-19,W3,한국형 국가기술혁신체계(NIS) 진단 및 구축방안 연구(Ⅳ),机构正式研究,,,https://www.kistep.re.kr/reportAllDetail.es?mid=a10305010000&rpt_no=RES0220240047&rpt_tp=831-002,官方目录元数据，附件未列入本批
科技创新政策与研究体系,科技创新政策与能力基线,C-KISTEP-RES0220240027,2024-02-22,W3,2023년 과학기술통계 분석 및 백서 발간,机构正式研究,,,https://www.kistep.re.kr/reportAllDetail.es?mid=a10305010000&rpt_no=RES0220240027&rpt_tp=831-001,官方目录元数据，附件未列入本批
科研体系、研发投入与评价,科技创新政策与能力基线,C-KISTEP-RES0220240031,2024-02-22,W3,2023년 국가 과학기술혁신역량평가 연구,机构正式研究,,,https://www.kistep.re.kr/reportAllDetail.es?mid=a10305010000&rpt_no=RES0220240031&rpt_tp=831-001,官方目录元数据，附件未列入本批
产业创新、创业与区域体系,科技创新政策与能力基线,C-KISTEP-RES0220240031,2024-02-22,W3,2023년 국가 과학기술혁신역량평가 연구,机构正式研究,,,https://www.kistep.re.kr/reportAllDetail.es?mid=a10305010000&rpt_no=RES0220240031&rpt_tp=831-001,官方目录元数据，附件未列入本批
科研体系、研发投入与评价,科技创新政策与能力基线,C-KISTEP-RES0220240039,2024-02-22,W3,2023년도 과학기술분야 출연연구기관 상위평가 보고서,机构正式研究,,,https://www.kistep.re.kr/reportAllDetail.es?mid=a10305010000&rpt_no=RES0220240039&rpt_tp=831-001,官方目录元数据，附件未列入本批
人工智能、数据与数字技术,核心科技直接材料,C-KISTEP-RES0220240048,2024-02-22,W3,2023년 과학기술정책의 과학화 기반구축 연구,机构正式研究,,,https://www.kistep.re.kr/reportAllDetail.es?mid=a10305010000&rpt_no=RES0220240048&rpt_tp=831-001,官方目录元数据，附件未列入本批
科研体系、研发投入与评价,核心科技直接材料,C-KISTEP-RES0220240048,2024-02-22,W3,2023년 과학기술정책의 과학화 기반구축 연구,机构正式研究,,,https://www.kistep.re.kr/reportAllDetail.es?mid=a10305010000&rpt_no=RES0220240048&rpt_tp=831-001,官方目录元数据，附件未列入本批
科技人才、大学与知识流动,科技创新政策与能力基线,C-KISTEP-RES0220240051,2024-02-22,W3,2023년 연구자권익보호위원회 운영,机构正式研究,,,https://www.kistep.re.kr/reportAllDetail.es?mid=a10305010000&rpt_no=RES0220240051&rpt_tp=831-007,官方目录元数据，附件未列入本批
科研体系、研发投入与评价,科技创新政策与能力基线,C-KISTEP-RES0220240054,2024-02-22,W3,2022년도 연구개발활동조사,机构正式研究,,,https://www.kistep.re.kr/reportAllDetail.es?mid=a10305010000&rpt_no=RES0220240054&rpt_tp=831-001,官方目录元数据，附件未列入本批
科技人才、大学与知识流动,科技创新政策与能力基线,C-KISTEP-RES0220240054,2024-02-22,W3,2022년도 연구개발활동조사,机构正式研究,,,https://www.kistep.re.kr/reportAllDetail.es?mid=a10305010000&rpt_no=RES0220240054&rpt_tp=831-001,官方目录元数据，附件未列入本批
科研体系、研发投入与评价,科技创新政策与能力基线,C-KISTEP-RES0220240057,2024-02-22,W3,국가연구개발사업 간접비 산출 및 제도 운영에 관한 연구,机构正式研究,,,https://www.kistep.re.kr/reportAllDetail.es?mid=a10305010000&rpt_no=RES0220240057&rpt_tp=831-001,官方目录元数据，附件未列入本批
科研体系、研发投入与评价,科技创新政策与能力基线,C-KISTEP-RES0220240058,2024-02-22,W3,R&D 기술사업화 지원조직의 협력 제고 방안 연구,机构正式研究,,,https://www.kistep.re.kr/reportAllDetail.es?mid=a10305010000&rpt_no=RES0220240058&rpt_tp=831-004,官方目录元数据，附件未列入本批
产业创新、创业与区域体系,科技创新政策与能力基线,C-KISTEP-RES0220240058,2024-02-22,W3,R&D 기술사업화 지원조직의 협력 제고 방안 연구,机构正式研究,,,https://www.kistep.re.kr/reportAllDetail.es?mid=a10305010000&rpt_no=RES0220240058&rpt_tp=831-004,官方目录元数据，附件未列入本批
科研体系、研发投入与评价,科技创新政策与能力基线,C-KISTEP-RES0220240060,2024-02-22,W3,과기정통부 직할 기관평가 개선방안 연구 - 연구기관 특성을 고려한 연구결과 영향력 평가 기준 도출,机构正式研究,,,https://www.kistep.re.kr/reportAllDetail.es?mid=a10305010000&rpt_no=RES0220240060&rpt_tp=831-001,官方目录元数据，附件未列入本批
产业创新、创业与区域体系,科技创新政策与能力基线,C-KISTEP-RES0220240060,2024-02-22,W3,과기정통부 직할 기관평가 개선방안 연구 - 연구기관 특성을 고려한 연구결과 영향력 평가 기준 도출,机构正式研究,,,https://www.kistep.re.kr/reportAllDetail.es?mid=a10305010000&rpt_no=RES0220240060&rpt_tp=831-001,官方目录元数据，附件未列入本批
科研体系、研发投入与评价,科技创新政策与能力基线,C-KISTEP-RES0220240063,2024-02-22,W3,임무지향형 사회문제해결 R&D 전주기 프로세스 고도화 연구,机构正式研究,,,https://www.kistep.re.kr/reportAllDetail.es?mid=a10305010000&rpt_no=RES0220240063&rpt_tp=831-002,官方目录元数据，附件未列入本批
科研体系、研发投入与评价,科技创新政策与能力基线,C-KISTEP-RES0220240064,2024-02-22,W3,2023년 성과평가 정책수립·운영 및 성과평가 실시,机构正式研究,,,https://www.kistep.re.kr/reportAllDetail.es?mid=a10305010000&rpt_no=RES0220240064&rpt_tp=831-001,官方目录元数据，附件未列入本批
科技人才、大学与知识流动,科技创新政策与能力基线,C-KISTEP-PRG0720240024,2024-02-26,W3,국내 대학원 연구환경 분석 및 개선 방향 도출,机构正式研究,,,https://www.kistep.re.kr/reportAllDetail.es?mid=a10305010000&rpt_no=PRG0720240024&rpt_tp=831-007,官方目录元数据，附件未列入本批
科研体系、研发投入与评价,科技创新政策与能力基线,C-KISTEP-RES0220230153,2024-02-26,W3,국가연구개발사업 특정평가 운용 및 수행 방안 표준화 연구,机构正式研究,,,https://www.kistep.re.kr/reportAllDetail.es?mid=a10305010000&rpt_no=RES0220230153&rpt_tp=831-001,官方目录元数据，附件未列入本批
人工智能、数据与数字技术,核心科技直接材料,C-KISTEP-RES0220240043,2024-02-26,W3,2023년 데이터 기반 R&D예산배분조정 지원체계 구축 연구,机构正式研究,,,https://www.kistep.re.kr/reportAllDetail.es?mid=a10305010000&rpt_no=RES0220240043&rpt_tp=831-005,官方目录元数据，附件未列入本批
科研体系、研发投入与评价,科技创新政策与能力基线,C-KISTEP-RES0220240044,2024-02-26,W3,국방R&D의 민간 참여 확대를 위한 제도 개선 방안 연구,机构正式研究,,,https://www.kistep.re.kr/reportAllDetail.es?mid=a10305010000&rpt_no=RES0220240044&rpt_tp=831-005,官方目录元数据，附件未列入本批
科技人才、大学与知识流动,科技创新政策与能力基线,C-KISTEP-RES0220240050,2024-02-26,W3,2023년 과학기술혁신정책 스코어보드 개발 연구,机构正式研究,,,https://www.kistep.re.kr/reportAllDetail.es?mid=a10305010000&rpt_no=RES0220240050&rpt_tp=831-002,官方目录元数据，附件未列入本批
产业创新、创业与区域体系,科技创新政策与能力基线,C-KISTEP-RES0220240050,2024-02-26,W3,2023년 과학기술혁신정책 스코어보드 개발 연구,机构正式研究,,,https://www.kistep.re.kr/reportAllDetail.es?mid=a10305010000&rpt_no=RES0220240050&rpt_tp=831-002,官方目录元数据，附件未列入本批
科研体系、研发投入与评价,科技创新政策与能力基线,C-KISTEP-RES0220240059,2024-02-26,W3,정부의 기업 R&D 재정지원 전략성 강화를 위한 정책 연계 방안 탐색 연구,机构正式研究,,,https://www.kistep.re.kr/reportAllDetail.es?mid=a10305010000&rpt_no=RES0220240059&rpt_tp=831-005,官方目录元数据，附件未列入本批
产业创新、创业与区域体系,科技创新政策与能力基线,C-KISTEP-RES0220240059,2024-02-26,W3,정부의 기업 R&D 재정지원 전략성 강화를 위한 정책 연계 방안 탐색 연구,机构正式研究,,,https://www.kistep.re.kr/reportAllDetail.es?mid=a10305010000&rpt_no=RES0220240059&rpt_tp=831-005,官方目录元数据，附件未列入本批
科研体系、研发投入与评价,科技创新政策与能力基线,C-KISTEP-RES0220240066,2024-02-26,W3,2023년도 국가연구개발사업 예비타당성조사 대상선정,机构正式研究,,,https://www.kistep.re.kr/reportAllDetail.es?mid=a10305010000&rpt_no=RES0220240066&rpt_tp=831-003,官方目录元数据，附件未列入本批
科研体系、研发投入与评价,科技创新政策与能力基线,C-KISTEP-RES0220240067,2024-02-26,W3,2022년도 국가연구개발사업 성과분석 보고서,机构正式研究,,,https://www.kistep.re.kr/reportAllDetail.es?mid=a10305010000&rpt_no=RES0220240067&rpt_tp=831-001,官方目录元数据，附件未列入本批
半导体、量子与战略技术,核心科技直接材料,C-KISTEP-RES0220240068,2024-02-26,W3,연구자 주도 기초연구의 전략성 제고 방안 연구 - 국가전략기술 지원 중심으로 -,机构正式研究,,,https://www.kistep.re.kr/reportAllDetail.es?mid=a10305010000&rpt_no=RES0220240068&rpt_tp=831-005,官方目录元数据，附件未列入本批
科研体系、研发投入与评价,核心科技直接材料,C-KISTEP-RES0220240068,2024-02-26,W3,연구자 주도 기초연구의 전략성 제고 방안 연구 - 국가전략기술 지원 중심으로 -,机构正式研究,,,https://www.kistep.re.kr/reportAllDetail.es?mid=a10305010000&rpt_no=RES0220240068&rpt_tp=831-005,官方目录元数据，附件未列入本批
科技人才、大学与知识流动,核心科技直接材料,C-KISTEP-RES0220240068,2024-02-26,W3,연구자 주도 기초연구의 전략성 제고 방안 연구 - 국가전략기술 지원 중심으로 -,机构正式研究,,,https://www.kistep.re.kr/reportAllDetail.es?mid=a10305010000&rpt_no=RES0220240068&rpt_tp=831-005,官方目录元数据，附件未列入本批
半导体、量子与战略技术,核心科技直接材料,C-KISTEP-RES0220240070,2024-02-26,W3,근거 기반 민-관 R&D 협업체계 고도화 방안 연구 - 반도체 산업을 중심으로,机构正式研究,,,https://www.kistep.re.kr/reportAllDetail.es?mid=a10305010000&rpt_no=RES0220240070&rpt_tp=831-005,官方目录元数据，附件未列入本批
科研体系、研发投入与评价,核心科技直接材料,C-KISTEP-RES0220240070,2024-02-26,W3,근거 기반 민-관 R&D 협업체계 고도화 방안 연구 - 반도체 산업을 중심으로,机构正式研究,,,https://www.kistep.re.kr/reportAllDetail.es?mid=a10305010000&rpt_no=RES0220240070&rpt_tp=831-005,官方目录元数据，附件未列入本批
产业创新、创业与区域体系,核心科技直接材料,C-KISTEP-RES0220240070,2024-02-26,W3,근거 기반 민-관 R&D 협업체계 고도화 방안 연구 - 반도체 산업을 중심으로,机构正式研究,,,https://www.kistep.re.kr/reportAllDetail.es?mid=a10305010000&rpt_no=RES0220240070&rpt_tp=831-005,官方目录元数据，附件未列入本批
生命科学、生物技术与健康,核心科技直接材料,C-KISTEP-RES0220240074,2024-02-26,W3,바이오 클러스터 운영체계 개선을 통한 효율화 방안 연구,机构正式研究,,,https://www.kistep.re.kr/reportAllDetail.es?mid=a10305010000&rpt_no=RES0220240074&rpt_tp=831-005,官方目录元数据，附件未列入本批
产业创新、创业与区域体系,核心科技直接材料,C-KISTEP-RES0220240074,2024-02-26,W3,바이오 클러스터 운영체계 개선을 통한 효율화 방안 연구,机构正式研究,,,https://www.kistep.re.kr/reportAllDetail.es?mid=a10305010000&rpt_no=RES0220240074&rpt_tp=831-005,官方目录元数据，附件未列入本批
产业创新、创业与区域体系,科技创新政策与能力基线,C-KISTEP-RES0220240075,2024-02-26,W3,2023년 개방형 포럼 방식을 활용한 과학기술 이슈 연구,机构正式研究,,,https://www.kistep.re.kr/reportAllDetail.es?mid=a10305010000&rpt_no=RES0220240075&rpt_tp=831-005,官方目录元数据，附件未列入本批
科研体系、研发投入与评价,科技创新政策与能力基线,C-KISTEP-RES0220240005,2024-02-27,W3,민간혁신 활성화를 위한 기술혁신 및 ESG 활동과 기업성과 간의 영향에 대한 실증연구,机构正式研究,,,https://www.kistep.re.kr/reportAllDetail.es?mid=a10305010000&rpt_no=RES0220240005&rpt_tp=831-002,官方目录元数据，附件未列入本批
产业创新、创业与区域体系,科技创新政策与能力基线,C-KISTEP-RES0220240005,2024-02-27,W3,민간혁신 활성화를 위한 기술혁신 및 ESG 활동과 기업성과 간의 영향에 대한 실증연구,机构正式研究,,,https://www.kistep.re.kr/reportAllDetail.es?mid=a10305010000&rpt_no=RES0220240005&rpt_tp=831-002,官方目录元数据，附件未列入本批
科研体系、研发投入与评价,科技创新政策与能力基线,C-KISTEP-RES0220240038,2024-02-27,W3,2023년 전략적 R&D예산 배분 및 편성을 위한 정책기반 구축에 관한 연구,机构正式研究,,,https://www.kistep.re.kr/reportAllDetail.es?mid=a10305010000&rpt_no=RES0220240038&rpt_tp=831-005,官方目录元数据，附件未列入本批
科研体系、研发投入与评价,科技创新政策与能力基线,C-KISTEP-RES0220240040,2024-02-27,W3,2023년 연구성과 관리활용 및 운영지원,机构正式研究,,,https://www.kistep.re.kr/reportAllDetail.es?mid=a10305010000&rpt_no=RES0220240040&rpt_tp=831-004,官方目录元数据，附件未列入本批
科研体系、研发投入与评价,科技创新政策与能力基线,C-KISTEP-RES0220240046,2024-02-27,W3,2023년 지방과학기술연감,机构正式研究,,,https://www.kistep.re.kr/reportAllDetail.es?mid=a10305010000&rpt_no=RES0220240046&rpt_tp=831-001,官方目录元数据，附件未列入本批
产业创新、创业与区域体系,科技创新政策与能力基线,C-KISTEP-RES0220240046,2024-02-27,W3,2023년 지방과학기술연감,机构正式研究,,,https://www.kistep.re.kr/reportAllDetail.es?mid=a10305010000&rpt_no=RES0220240046&rpt_tp=831-001,官方目录元数据，附件未列入本批
科研体系、研发投入与评价,科技创新政策与能力基线,C-KISTEP-RES0220240055,2024-02-27,W3,국가연구개발 연구성과 관리·활용 실태조사,机构正式研究,,,https://www.kistep.re.kr/reportAllDetail.es?mid=a10305010000&rpt_no=RES0220240055&rpt_tp=831-004,官方目录元数据，附件未列入本批
科研体系、研发投入与评价,科技创新政策与能力基线,C-KISTEP-RES0220240056,2024-02-27,W3,2023년 기술혁신 아젠다 발굴 및 R&D 투자전략 수립 연구,机构正式研究,,,https://www.kistep.re.kr/reportAllDetail.es?mid=a10305010000&rpt_no=RES0220240056&rpt_tp=831-005,官方目录元数据，附件未列入本批
产业创新、创业与区域体系,科技创新政策与能力基线,C-KISTEP-RES0220240056,2024-02-27,W3,2023년 기술혁신 아젠다 발굴 및 R&D 투자전략 수립 연구,机构正式研究,,,https://www.kistep.re.kr/reportAllDetail.es?mid=a10305010000&rpt_no=RES0220240056&rpt_tp=831-005,官方目录元数据，附件未列入本批
产业创新、创业与区域体系,科技创新政策与能力基线,C-KISTEP-RES0220240061,2024-02-27,W3,2023년 글로벌 과학기술 & ICT 정책 기술 동향 분석,机构正式研究,,,https://www.kistep.re.kr/reportAllDetail.es?mid=a10305010000&rpt_no=RES0220240061&rpt_tp=831-002,官方目录元数据，附件未列入本批
科技前瞻与未来社会,科技创新政策与能力基线,C-KISTEP-RES0220240061,2024-02-27,W3,2023년 글로벌 과학기술 & ICT 정책 기술 동향 분석,机构正式研究,,,https://www.kistep.re.kr/reportAllDetail.es?mid=a10305010000&rpt_no=RES0220240061&rpt_tp=831-002,官方目录元数据，附件未列入本批
科研体系、研发投入与评价,科技创新政策与能力基线,C-KISTEP-RES0220240062,2024-02-27,W3,「新성장 4.0 전략」 이행력 제고를 위한  정부 R&D 투자전략 탐색 연구,机构正式研究,,,https://www.kistep.re.kr/reportAllDetail.es?mid=a10305010000&rpt_no=RES0220240062&rpt_tp=831-005,官方目录元数据，附件未列入本批
科研体系、研发投入与评价,科技创新政策与能力基线,C-KISTEP-RES0220240069,2024-02-27,W3,TLO 역할을 중심으로 한 기술사업화 성과제고 및 스케일업 방안 연구,机构正式研究,,,https://www.kistep.re.kr/reportAllDetail.es?mid=a10305010000&rpt_no=RES0220240069&rpt_tp=831-005,官方目录元数据，附件未列入本批
产业创新、创业与区域体系,科技创新政策与能力基线,C-KISTEP-RES0220240069,2024-02-27,W3,TLO 역할을 중심으로 한 기술사업화 성과제고 및 스케일업 방안 연구,机构正式研究,,,https://www.kistep.re.kr/reportAllDetail.es?mid=a10305010000&rpt_no=RES0220240069&rpt_tp=831-005,官方目录元数据，附件未列入本批
科研体系、研发投入与评价,科技创新政策与能力基线,C-KISTEP-RES0220240073,2024-02-27,W3,2023년 지역R&D 실태조사,机构正式研究,,,https://www.kistep.re.kr/reportAllDetail.es?mid=a10305010000&rpt_no=RES0220240073&rpt_tp=831-001,官方目录元数据，附件未列入本批
产业创新、创业与区域体系,科技创新政策与能力基线,C-KISTEP-RES0220240073,2024-02-27,W3,2023년 지역R&D 실태조사,机构正式研究,,,https://www.kistep.re.kr/reportAllDetail.es?mid=a10305010000&rpt_no=RES0220240073&rpt_tp=831-001,官方目录元数据，附件未列入本批
技术安全、供应链与国际合作,科技创新政策与能力基线,C-KISTEP-RES0220240002,2024-02-28,W3,과학기술외교 추진전략 및 체계기반 구축 연구,机构正式研究,,,https://www.kistep.re.kr/reportAllDetail.es?mid=a10305010000&rpt_no=RES0220240002&rpt_tp=831-002,官方目录元数据，附件未列入本批
产业创新、创业与区域体系,科技创新政策与能力基线,C-KISTEP-RES0220240076,2024-02-28,W3,2022년도 과학기술분야 중장기계획 조사·분석,机构正式研究,,,https://www.kistep.re.kr/reportAllDetail.es?mid=a10305010000&rpt_no=RES0220240076&rpt_tp=831-002,官方目录元数据，附件未列入本批
半导体、量子与战略技术,核心科技直接材料,C-KISTEP-RES0220240079,2024-02-28,W3,2022년 기술수준평가,机构正式研究,,,https://www.kistep.re.kr/reportAllDetail.es?mid=a10305010000&rpt_no=RES0220240079&rpt_tp=831-006,官方目录元数据，附件未列入本批
科研体系、研发投入与评价,核心科技直接材料,C-KISTEP-RES0220240079,2024-02-28,W3,2022년 기술수준평가,机构正式研究,,,https://www.kistep.re.kr/reportAllDetail.es?mid=a10305010000&rpt_no=RES0220240079&rpt_tp=831-006,官方目录元数据，附件未列入本批
科技创新政策与研究体系,科技创新政策与能力基线,C-KISTEP-RES0220240080,2024-02-28,W3,2023년도 과학기술분야 정책점검 체계 구축 및  국가과학기술현황 종합인식조사 연구,机构正式研究,,,https://www.kistep.re.kr/reportAllDetail.es?mid=a10305010000&rpt_no=RES0220240080&rpt_tp=831-002,官方目录元数据，附件未列入本批
产业创新、创业与区域体系,科技创新政策与能力基线,C-KISTEP-RES0220240045,2024-02-29,W3,인구구조 변화 대응을 위한 과학기술혁신 정책 방향,机构正式研究,,,https://www.kistep.re.kr/reportAllDetail.es?mid=a10305010000&rpt_no=RES0220240045&rpt_tp=831-002,官方目录元数据，附件未列入本批
科研体系、研发投入与评价,科技创新政策与能力基线,C-KISTEP-RES0220240083,2024-02-29,W3,사회문제해결 과학기술혁신정책과 국가연구개발사업의 임무 지향성 변화 분석,机构正式研究,,,https://www.kistep.re.kr/reportAllDetail.es?mid=a10305010000&rpt_no=RES0220240083&rpt_tp=831-002,官方目录元数据，附件未列入本批
产业创新、创业与区域体系,科技创新政策与能力基线,C-KISTEP-RES0220240083,2024-02-29,W3,사회문제해결 과학기술혁신정책과 국가연구개발사업의 임무 지향성 변화 분석,机构正式研究,,,https://www.kistep.re.kr/reportAllDetail.es?mid=a10305010000&rpt_no=RES0220240083&rpt_tp=831-002,官方目录元数据，附件未列入本批
科研体系、研发投入与评价,科技创新政策与能力基线,C-KISTEP-RES0220240081,2024-03-04,W3,2023년 지역 R&D 체계 발전 방향에 관한 연구,机构正式研究,,,https://www.kistep.re.kr/reportAllDetail.es?mid=a10305010000&rpt_no=RES0220240081&rpt_tp=831-002,官方目录元数据，附件未列入本批
产业创新、创业与区域体系,科技创新政策与能力基线,C-KISTEP-RES0220240081,2024-03-04,W3,2023년 지역 R&D 체계 발전 방향에 관한 연구,机构正式研究,,,https://www.kistep.re.kr/reportAllDetail.es?mid=a10305010000&rpt_no=RES0220240081&rpt_tp=831-002,官方目录元数据，附件未列入本批
半导体、量子与战略技术,核心科技直接材料,C-KISTEP-RES0220240084,2024-03-04,W3,반도체 초격차 기술 확보를 위한 공공Fab 기능 고도화 방안 연구,机构正式研究,,,https://www.kistep.re.kr/reportAllDetail.es?mid=a10305010000&rpt_no=RES0220240084&rpt_tp=831-005,官方目录元数据，附件未列入本批
科研体系、研发投入与评价,科技创新政策与能力基线,C-KISTEP-RES0220240077,2024-03-05,W3,제6차 지방과학기술진흥종합계획의 효율적 이행을 위한 지역과학기술 혁신제도 구축 및 협업과제 발굴,机构正式研究,,,https://www.kistep.re.kr/reportAllDetail.es?mid=a10305010000&rpt_no=RES0220240077&rpt_tp=831-002,官方目录元数据，附件未列入本批
产业创新、创业与区域体系,科技创新政策与能力基线,C-KISTEP-RES0220240077,2024-03-05,W3,제6차 지방과학기술진흥종합계획의 효율적 이행을 위한 지역과학기술 혁신제도 구축 및 협업과제 발굴,机构正式研究,,,https://www.kistep.re.kr/reportAllDetail.es?mid=a10305010000&rpt_no=RES0220240077&rpt_tp=831-002,官方目录元数据，附件未列入本批
产业创新、创业与区域体系,科技创新政策与能力基线,C-KISTEP-RES0220240078,2024-03-05,W3,지방과학기술진흥협의회 운영 및 지역 혁신정책 아젠다 발굴,机构正式研究,,,https://www.kistep.re.kr/reportAllDetail.es?mid=a10305010000&rpt_no=RES0220240078&rpt_tp=831-002,官方目录元数据，附件未列入本批
生命科学、生物技术与健康,核心科技直接材料,C-KISTEP-RES0220240086,2024-03-12,W3,2022년도 예비타당성조사 보고서 바이오파운드리 인프라 및 활용기반 구축 사업,机构正式研究,,,https://www.kistep.re.kr/reportAllDetail.es?mid=a10305010000&rpt_no=RES0220240086&rpt_tp=831-003,官方目录元数据，附件未列入本批
科研体系、研发投入与评价,核心科技直接材料,C-KISTEP-RES0220240086,2024-03-12,W3,2022년도 예비타당성조사 보고서 바이오파운드리 인프라 및 활용기반 구축 사업,机构正式研究,,,https://www.kistep.re.kr/reportAllDetail.es?mid=a10305010000&rpt_no=RES0220240086&rpt_tp=831-003,官方目录元数据，附件未列入本批
科研体系、研发投入与评价,科技创新政策与能力基线,C-KISTEP-RES0220240085,2024-03-13,W3,국가연구개발사업 예비타당성조사 2023 연차보고서,机构正式研究,,,https://www.kistep.re.kr/reportAllDetail.es?mid=a10305010000&rpt_no=RES0220240085&rpt_tp=831-003,官方目录元数据，附件未列入本批
科研体系、研发投入与评价,科技创新政策与能力基线,C-KISTEP-RES0220240087,2024-03-13,W3,국가연구개발사업 연구윤리 제도 재정립 및 제재 제도개선 연구(2023),机构正式研究,,,https://www.kistep.re.kr/reportAllDetail.es?mid=a10305010000&rpt_no=RES0220240087&rpt_tp=831-002,官方目录元数据，附件未列入本批
技术安全、供应链与国际合作,科技创新政策与能力基线,C-KISTEP-RES0220240087,2024-03-13,W3,국가연구개발사업 연구윤리 제도 재정립 및 제재 제도개선 연구(2023),机构正式研究,,,https://www.kistep.re.kr/reportAllDetail.es?mid=a10305010000&rpt_no=RES0220240087&rpt_tp=831-002,官方目录元数据，附件未列入本批
人工智能、数据与数字技术,核心科技直接材料,C-KISTEP-RES0220240089,2024-03-25,W3,국가전략기술 핵심인력 양성 종합전략 수립 연구,机构正式研究,,,https://www.kistep.re.kr/reportAllDetail.es?mid=a10305010000&rpt_no=RES0220240089&rpt_tp=831-002,官方目录元数据，附件未列入本批
半导体、量子与战略技术,核心科技直接材料,C-KISTEP-RES0220240089,2024-03-25,W3,국가전략기술 핵심인력 양성 종합전략 수립 연구,机构正式研究,,,https://www.kistep.re.kr/reportAllDetail.es?mid=a10305010000&rpt_no=RES0220240089&rpt_tp=831-002,官方目录元数据，附件未列入本批
科研体系、研发投入与评价,核心科技直接材料,C-KISTEP-RES0220240089,2024-03-25,W3,국가전략기술 핵심인력 양성 종합전략 수립 연구,机构正式研究,,,https://www.kistep.re.kr/reportAllDetail.es?mid=a10305010000&rpt_no=RES0220240089&rpt_tp=831-002,官方目录元数据，附件未列入本批
科技人才、大学与知识流动,核心科技直接材料,C-KISTEP-RES0220240089,2024-03-25,W3,국가전략기술 핵심인력 양성 종합전략 수립 연구,机构正式研究,,,https://www.kistep.re.kr/reportAllDetail.es?mid=a10305010000&rpt_no=RES0220240089&rpt_tp=831-002,官方目录元数据，附件未列入本批
科技前瞻与未来社会,核心科技直接材料,C-KISTEP-RES0220240089,2024-03-25,W3,국가전략기술 핵심인력 양성 종합전략 수립 연구,机构正式研究,,,https://www.kistep.re.kr/reportAllDetail.es?mid=a10305010000&rpt_no=RES0220240089&rpt_tp=831-002,官方目录元数据，附件未列入本批
能源、气候与绿色转型,核心科技直接材料,C-KISTEP-RES0220240090,2024-03-25,W3,2023년도 예비타당성조사 보고서 친환경 모빌리티용 고성능 차세대 배터리 기술개발사업,机构正式研究,,,https://www.kistep.re.kr/reportAllDetail.es?mid=a10305010000&rpt_no=RES0220240090&rpt_tp=831-003,官方目录元数据，附件未列入本批
科研体系、研发投入与评价,核心科技直接材料,C-KISTEP-RES0220240090,2024-03-25,W3,2023년도 예비타당성조사 보고서 친환경 모빌리티용 고성능 차세대 배터리 기술개발사업,机构正式研究,,,https://www.kistep.re.kr/reportAllDetail.es?mid=a10305010000&rpt_no=RES0220240090&rpt_tp=831-003,官方目录元数据，附件未列入本批
人工智能、数据与数字技术,核心科技直接材料,C-KISTEP-RES0220240092,2024-03-28,W3,AI 기반 국가연구개발사업 평가지원체계 구축방안 연구,机构正式研究,,,https://www.kistep.re.kr/reportAllDetail.es?mid=a10305010000&rpt_no=RES0220240092&rpt_tp=831-001,官方目录元数据，附件未列入本批
科研体系、研发投入与评价,核心科技直接材料,C-KISTEP-RES0220240092,2024-03-28,W3,AI 기반 국가연구개발사업 평가지원체계 구축방안 연구,机构正式研究,,,https://www.kistep.re.kr/reportAllDetail.es?mid=a10305010000&rpt_no=RES0220240092&rpt_tp=831-001,官方目录元数据，附件未列入本批
半导体、量子与战略技术,核心科技直接材料,C-KISTEP-RES0220240093,2024-03-28,W3,국가R&D 보안정책 설계를 위한 기초연구,机构正式研究,,,https://www.kistep.re.kr/reportAllDetail.es?mid=a10305010000&rpt_no=RES0220240093&rpt_tp=831-002,官方目录元数据，附件未列入本批
技术安全、供应链与国际合作,核心科技直接材料,C-KISTEP-RES0220240093,2024-03-28,W3,국가R&D 보안정책 설계를 위한 기초연구,机构正式研究,,,https://www.kistep.re.kr/reportAllDetail.es?mid=a10305010000&rpt_no=RES0220240093&rpt_tp=831-002,官方目录元数据，附件未列入本批
科研体系、研发投入与评价,科技创新政策与能力基线,C-KISTEP-RES0220240091,2024-04-01,W3,2023년 연구성과 확산 정책 수립 및 제도 운영,机构正式研究,,,https://www.kistep.re.kr/reportAllDetail.es?mid=a10305010000&rpt_no=RES0220240091&rpt_tp=831-004,官方目录元数据，附件未列入本批
科研体系、研发投入与评价,科技创新政策与能力基线,C-KISTEP-RES0220240094,2024-04-01,W3,연구현장 중심의 국가연구개발사업 제도개선에 관한 연구,机构正式研究,,,https://www.kistep.re.kr/reportAllDetail.es?mid=a10305010000&rpt_no=RES0220240094&rpt_tp=831-002,官方目录元数据，附件未列入本批
产业创新、创业与区域体系,科技创新政策与能力基线,C-KISTEP-RES0220240094,2024-04-01,W3,연구현장 중심의 국가연구개발사업 제도개선에 관한 연구,机构正式研究,,,https://www.kistep.re.kr/reportAllDetail.es?mid=a10305010000&rpt_no=RES0220240094&rpt_tp=831-002,官方目录元数据，附件未列入本批
科研体系、研发投入与评价,科技创新政策与能力基线,C-KISTEP-RES0220240095,2024-04-01,W3,2023년 연구관리 전문기관 효율화 개선 연구,机构正式研究,,,https://www.kistep.re.kr/reportAllDetail.es?mid=a10305010000&rpt_no=RES0220240095&rpt_tp=831-004,官方目录元数据，附件未列入本批
半导体、量子与战略技术,核心科技直接材料,C-KISTEP-RES0220240097,2024-04-01,W3,국가첨단전략기술 지정에 관한 연구,机构正式研究,,,https://www.kistep.re.kr/reportAllDetail.es?mid=a10305010000&rpt_no=RES0220240097&rpt_tp=831-002,官方目录元数据，附件未列入本批
技术安全、供应链与国际合作,核心科技直接材料,C-KISTEP-RES0220240097,2024-04-01,W3,국가첨단전략기술 지정에 관한 연구,机构正式研究,,,https://www.kistep.re.kr/reportAllDetail.es?mid=a10305010000&rpt_no=RES0220240097&rpt_tp=831-002,官方目录元数据，附件未列入本批
科研体系、研发投入与评价,科技创新政策与能力基线,C-KISTEP-RES0220240098,2024-04-01,W3,2023년도 과학기술정책 운영 및 현안 대응,机构正式研究,,,https://www.kistep.re.kr/reportAllDetail.es?mid=a10305010000&rpt_no=RES0220240098&rpt_tp=831-002,官方目录元数据，附件未列入本批
半导体、量子与战略技术,核心科技直接材料,C-KISTEP-RES0220240099,2024-04-01,W3,2023년도 성장동력 기획·관리 및 운영,机构正式研究,,,https://www.kistep.re.kr/reportAllDetail.es?mid=a10305010000&rpt_no=RES0220240099&rpt_tp=831-002,官方目录元数据，附件未列入本批
技术安全、供应链与国际合作,核心科技直接材料,C-KISTEP-RES0220240099,2024-04-01,W3,2023년도 성장동력 기획·관리 및 운영,机构正式研究,,,https://www.kistep.re.kr/reportAllDetail.es?mid=a10305010000&rpt_no=RES0220240099&rpt_tp=831-002,官方目录元数据，附件未列入本批
半导体、量子与战略技术,核心科技直接材料,C-KISTEP-RES0220240100,2024-04-04,W3,국가전략기술 국제협력 전략 수립 연구,机构正式研究,,,https://www.kistep.re.kr/reportAllDetail.es?mid=a10305010000&rpt_no=RES0220240100&rpt_tp=831-002,官方目录元数据，附件未列入本批
技术安全、供应链与国际合作,核心科技直接材料,C-KISTEP-RES0220240100,2024-04-04,W3,국가전략기술 국제협력 전략 수립 연구,机构正式研究,,,https://www.kistep.re.kr/reportAllDetail.es?mid=a10305010000&rpt_no=RES0220240100&rpt_tp=831-002,官方目录元数据，附件未列入本批
科研体系、研发投入与评价,科技创新政策与能力基线,C-KISTEP-RES0220240101,2024-04-05,W3,국가과학기술자문회의심의회의를 통한 과학기술혁신 종합조정기능 강화 방안 연구,机构正式研究,,,https://www.kistep.re.kr/reportAllDetail.es?mid=a10305010000&rpt_no=RES0220240101&rpt_tp=831-002,官方目录元数据，附件未列入本批
产业创新、创业与区域体系,科技创新政策与能力基线,C-KISTEP-RES0220240101,2024-04-05,W3,국가과학기술자문회의심의회의를 통한 과학기술혁신 종합조정기능 강화 방안 연구,机构正式研究,,,https://www.kistep.re.kr/reportAllDetail.es?mid=a10305010000&rpt_no=RES0220240101&rpt_tp=831-002,官方目录元数据，附件未列入本批
科研体系、研发投入与评价,科技创新政策与能力基线,C-KISTEP-RES0220240102,2024-04-05,W3,2023년 기초연구진흥협의회 운영 및 기초연구 지원정책 고도화 연구,机构正式研究,,,https://www.kistep.re.kr/reportAllDetail.es?mid=a10305010000&rpt_no=RES0220240102&rpt_tp=831-002,官方目录元数据，附件未列入本批
科技创新政策与研究体系,科技创新政策与能力基线,C-KISTEP-RES0220240103,2024-04-18,W3,기초연구활동 통계 조사·분석,机构正式研究,,,https://www.kistep.re.kr/reportAllDetail.es?mid=a10305010000&rpt_no=RES0220240103&rpt_tp=831-007,官方目录元数据，附件未列入本批
科研体系、研发投入与评价,科技创新政策与能力基线,C-KISTEP-RES0220240104,2024-04-22,W3,2023년 혁신도전프로젝트 사업 지원,机构正式研究,,,https://www.kistep.re.kr/reportAllDetail.es?mid=a10305010000&rpt_no=RES0220240104&rpt_tp=831-002,官方目录元数据，附件未列入本批
产业创新、创业与区域体系,科技创新政策与能力基线,C-KISTEP-RES0220240104,2024-04-22,W3,2023년 혁신도전프로젝트 사업 지원,机构正式研究,,,https://www.kistep.re.kr/reportAllDetail.es?mid=a10305010000&rpt_no=RES0220240104&rpt_tp=831-002,官方目录元数据，附件未列入本批
科技人才、大学与知识流动,科技创新政策与能力基线,C-KISTEP-RES0220240109,2024-05-23,W3,과학기술인력양성 추진체계 구축·운영,机构正式研究,,,https://www.kistep.re.kr/reportAllDetail.es?mid=a10305010000&rpt_no=RES0220240109&rpt_tp=831-002,官方目录元数据，附件未列入本批
科技创新政策与研究体系,科技创新政策与能力基线,C-KISTEP-RES0220240113,2024-06-24,W3,2023 과학기술연감,机构正式研究,,,https://www.kistep.re.kr/reportAllDetail.es?mid=a10305010000&rpt_no=RES0220240113&rpt_tp=831-002,官方目录元数据，附件未列入本批
人工智能、数据与数字技术,核心科技直接材料,C-KISTEP-RES0220240114,2024-06-26,W3,2023년도 사업계획 적정성 검토 보고서 KAIST 부설 AI BIO 영재학교 신설사업,机构正式研究,,,https://www.kistep.re.kr/reportAllDetail.es?mid=a10305010000&rpt_no=RES0220240114&rpt_tp=831-003,官方目录元数据，附件未列入本批
科研体系、研发投入与评价,核心科技直接材料,C-KISTEP-RES0220240114,2024-06-26,W3,2023년도 사업계획 적정성 검토 보고서 KAIST 부설 AI BIO 영재학교 신설사업,机构正式研究,,,https://www.kistep.re.kr/reportAllDetail.es?mid=a10305010000&rpt_no=RES0220240114&rpt_tp=831-003,官方目录元数据，附件未列入本批
科技创新政策与研究体系,科技创新政策与能力基线,C-KISTEP-RES0220240111,2024-07-01,W3,2023년도 다부처공동기획 활성화 기반 연구,机构正式研究,,,https://www.kistep.re.kr/reportAllDetail.es?mid=a10305010000&rpt_no=RES0220240111&rpt_tp=831-001,官方目录元数据，附件未列入本批
科研体系、研发投入与评价,科技创新政策与能力基线,C-KISTEP-RES0220240117,2024-07-17,W3,2023년도 과학기술정보통신부 직할 출연(연) 및 국가과학기술연구회 기관평가,机构正式研究,,,https://www.kistep.re.kr/reportAllDetail.es?mid=a10305010000&rpt_no=RES0220240117&rpt_tp=831-001,官方目录元数据，附件未列入本批
半导体、量子与战略技术,核心科技直接材料,C-KISTEP-RES0220240119,2024-07-25,W3,국가전략기술 R&D 인력 실태조사,机构正式研究,,,https://www.kistep.re.kr/reportAllDetail.es?mid=a10305010000&rpt_no=RES0220240119&rpt_tp=831-002,官方目录元数据，附件未列入本批
科研体系、研发投入与评价,核心科技直接材料,C-KISTEP-RES0220240119,2024-07-25,W3,국가전략기술 R&D 인력 실태조사,机构正式研究,,,https://www.kistep.re.kr/reportAllDetail.es?mid=a10305010000&rpt_no=RES0220240119&rpt_tp=831-002,官方目录元数据，附件未列入本批
科技人才、大学与知识流动,核心科技直接材料,C-KISTEP-RES0220240119,2024-07-25,W3,국가전략기술 R&D 인력 실태조사,机构正式研究,,,https://www.kistep.re.kr/reportAllDetail.es?mid=a10305010000&rpt_no=RES0220240119&rpt_tp=831-002,官方目录元数据，附件未列入本批
科研体系、研发投入与评价,科技创新政策与能力基线,C-KISTEP-RES0220240120,2024-07-26,W3,국가연구개발사업 예비타당성조사 수행 세부지침(24년 7월),机构正式研究,,,https://www.kistep.re.kr/reportAllDetail.es?mid=a10305010000&rpt_no=RES0220240120&rpt_tp=831-003,官方目录元数据，附件未列入本批
人工智能、数据与数字技术,核心科技直接材料,C-KISTEP-RES0220240121,2024-07-26,W3,2023년도 예비타당성조사 보고서 저궤도 위성통신 산업경쟁력 확보를 위한 기술개발 사업,机构正式研究,C:\Users\WINDOWS\OneDrive\知识库\智库信息爬虫\国际主要科技智库观点演变_研判\03_证据底稿\原文PDF\C-KISTEP-RES0220240121.pdf,C:\Users\WINDOWS\OneDrive\知识库\智库信息爬虫\国际主要科技智库观点演变_研判\03_证据底稿\文本\C-KISTEP-RES0220240121.txt,https://www.kistep.re.kr/reportAllDetail.es?mid=a10305010000&rpt_no=RES0220240121&rpt_tp=831-003,官方PDF已保存并校验
科研体系、研发投入与评价,核心科技直接材料,C-KISTEP-RES0220240121,2024-07-26,W3,2023년도 예비타당성조사 보고서 저궤도 위성통신 산업경쟁력 확보를 위한 기술개발 사업,机构正式研究,C:\Users\WINDOWS\OneDrive\知识库\智库信息爬虫\国际主要科技智库观点演变_研判\03_证据底稿\原文PDF\C-KISTEP-RES0220240121.pdf,C:\Users\WINDOWS\OneDrive\知识库\智库信息爬虫\国际主要科技智库观点演变_研判\03_证据底稿\文本\C-KISTEP-RES0220240121.txt,https://www.kistep.re.kr/reportAllDetail.es?mid=a10305010000&rpt_no=RES0220240121&rpt_tp=831-003,官方PDF已保存并校验
科技人才、大学与知识流动,核心科技直接材料,C-KISTEP-RES0220240121,2024-07-26,W3,2023년도 예비타당성조사 보고서 저궤도 위성통신 산업경쟁력 확보를 위한 기술개발 사업,机构正式研究,C:\Users\WINDOWS\OneDrive\知识库\智库信息爬虫\国际主要科技智库观点演变_研判\03_证据底稿\原文PDF\C-KISTEP-RES0220240121.pdf,C:\Users\WINDOWS\OneDrive\知识库\智库信息爬虫\国际主要科技智库观点演变_研判\03_证据底稿\文本\C-KISTEP-RES0220240121.txt,https://www.kistep.re.kr/reportAllDetail.es?mid=a10305010000&rpt_no=RES0220240121&rpt_tp=831-003,官方PDF已保存并校验
产业创新、创业与区域体系,核心科技直接材料,C-KISTEP-RES0220240121,2024-07-26,W3,2023년도 예비타당성조사 보고서 저궤도 위성통신 산업경쟁력 확보를 위한 기술개발 사업,机构正式研究,C:\Users\WINDOWS\OneDrive\知识库\智库信息爬虫\国际主要科技智库观点演变_研判\03_证据底稿\原文PDF\C-KISTEP-RES0220240121.pdf,C:\Users\WINDOWS\OneDrive\知识库\智库信息爬虫\国际主要科技智库观点演变_研判\03_证据底稿\文本\C-KISTEP-RES0220240121.txt,https://www.kistep.re.kr/reportAllDetail.es?mid=a10305010000&rpt_no=RES0220240121&rpt_tp=831-003,官方PDF已保存并校验
科技前瞻与未来社会,核心科技直接材料,C-KISTEP-RES0220240121,2024-07-26,W3,2023년도 예비타당성조사 보고서 저궤도 위성통신 산업경쟁력 확보를 위한 기술개발 사업,机构正式研究,C:\Users\WINDOWS\OneDrive\知识库\智库信息爬虫\国际主要科技智库观点演变_研判\03_证据底稿\原文PDF\C-KISTEP-RES0220240121.pdf,C:\Users\WINDOWS\OneDrive\知识库\智库信息爬虫\国际主要科技智库观点演变_研判\03_证据底稿\文本\C-KISTEP-RES0220240121.txt,https://www.kistep.re.kr/reportAllDetail.es?mid=a10305010000&rpt_no=RES0220240121&rpt_tp=831-003,官方PDF已保存并校验
航天、核能与大型技术系统,核心科技直接材料,C-KISTEP-RES0220240121,2024-07-26,W3,2023년도 예비타당성조사 보고서 저궤도 위성통신 산업경쟁력 확보를 위한 기술개발 사업,机构正式研究,C:\Users\WINDOWS\OneDrive\知识库\智库信息爬虫\国际主要科技智库观点演变_研判\03_证据底稿\原文PDF\C-KISTEP-RES0220240121.pdf,C:\Users\WINDOWS\OneDrive\知识库\智库信息爬虫\国际主要科技智库观点演变_研判\03_证据底稿\文本\C-KISTEP-RES0220240121.txt,https://www.kistep.re.kr/reportAllDetail.es?mid=a10305010000&rpt_no=RES0220240121&rpt_tp=831-003,官方PDF已保存并校验
科研体系、研发投入与评价,科技创新政策与能力基线,C-KISTEP-RES0220240122,2024-07-30,W3,2023년도 예비타당성조사 보고서 무기발광 디스플레이 기술개발 및 생태계 구축사업,机构正式研究,,,https://www.kistep.re.kr/reportAllDetail.es?mid=a10305010000&rpt_no=RES0220240122&rpt_tp=831-003,官方目录元数据，附件未列入本批
能源、气候与绿色转型,科技创新政策与能力基线,C-KISTEP-RES0220240123,2024-07-30,W3,2023년도 예비타당성조사 보고서 탄소중립기술 온실가스 감축 잠재량 평가·관리 기술개발사업,机构正式研究,,,https://www.kistep.re.kr/reportAllDetail.es?mid=a10305010000&rpt_no=RES0220240123&rpt_tp=831-003,官方目录元数据，附件未列入本批
科研体系、研发投入与评价,科技创新政策与能力基线,C-KISTEP-RES0220240123,2024-07-30,W3,2023년도 예비타당성조사 보고서 탄소중립기술 온실가스 감축 잠재량 평가·관리 기술개발사업,机构正式研究,,,https://www.kistep.re.kr/reportAllDetail.es?mid=a10305010000&rpt_no=RES0220240123&rpt_tp=831-003,官方目录元数据，附件未列入本批
中国科技与国际比较,核心科技直接材料,C-KISTEP-RES0220240118,2024-07-31,W3,2023년도 예비타당성조사 보고서 정지궤도 기상·우주기상 위성(천리안위성 5호) 개발 사업,机构正式研究,C:\Users\WINDOWS\OneDrive\知识库\智库信息爬虫\国际主要科技智库观点演变_研判\03_证据底稿\原文PDF\C-KISTEP-RES0220240118.pdf,C:\Users\WINDOWS\OneDrive\知识库\智库信息爬虫\国际主要科技智库观点演变_研判\03_证据底稿\文本\C-KISTEP-RES0220240118.txt,https://www.kistep.re.kr/reportAllDetail.es?mid=a10305010000&rpt_no=RES0220240118&rpt_tp=831-003,官方PDF已保存并校验
科研体系、研发投入与评价,核心科技直接材料,C-KISTEP-RES0220240118,2024-07-31,W3,2023년도 예비타당성조사 보고서 정지궤도 기상·우주기상 위성(천리안위성 5호) 개발 사업,机构正式研究,C:\Users\WINDOWS\OneDrive\知识库\智库信息爬虫\国际主要科技智库观点演变_研判\03_证据底稿\原文PDF\C-KISTEP-RES0220240118.pdf,C:\Users\WINDOWS\OneDrive\知识库\智库信息爬虫\国际主要科技智库观点演变_研判\03_证据底稿\文本\C-KISTEP-RES0220240118.txt,https://www.kistep.re.kr/reportAllDetail.es?mid=a10305010000&rpt_no=RES0220240118&rpt_tp=831-003,官方PDF已保存并校验
科技人才、大学与知识流动,核心科技直接材料,C-KISTEP-RES0220240118,2024-07-31,W3,2023년도 예비타당성조사 보고서 정지궤도 기상·우주기상 위성(천리안위성 5호) 개발 사업,机构正式研究,C:\Users\WINDOWS\OneDrive\知识库\智库信息爬虫\国际主要科技智库观点演变_研判\03_证据底稿\原文PDF\C-KISTEP-RES0220240118.pdf,C:\Users\WINDOWS\OneDrive\知识库\智库信息爬虫\国际主要科技智库观点演变_研判\03_证据底稿\文本\C-KISTEP-RES0220240118.txt,https://www.kistep.re.kr/reportAllDetail.es?mid=a10305010000&rpt_no=RES0220240118&rpt_tp=831-003,官方PDF已保存并校验
产业创新、创业与区域体系,核心科技直接材料,C-KISTEP-RES0220240118,2024-07-31,W3,2023년도 예비타당성조사 보고서 정지궤도 기상·우주기상 위성(천리안위성 5호) 개발 사업,机构正式研究,C:\Users\WINDOWS\OneDrive\知识库\智库信息爬虫\国际主要科技智库观点演变_研判\03_证据底稿\原文PDF\C-KISTEP-RES0220240118.pdf,C:\Users\WINDOWS\OneDrive\知识库\智库信息爬虫\国际主要科技智库观点演变_研判\03_证据底稿\文本\C-KISTEP-RES0220240118.txt,https://www.kistep.re.kr/reportAllDetail.es?mid=a10305010000&rpt_no=RES0220240118&rpt_tp=831-003,官方PDF已保存并校验
航天、核能与大型技术系统,核心科技直接材料,C-KISTEP-RES0220240118,2024-07-31,W3,2023년도 예비타당성조사 보고서 정지궤도 기상·우주기상 위성(천리안위성 5호) 개발 사업,机构正式研究,C:\Users\WINDOWS\OneDrive\知识库\智库信息爬虫\国际主要科技智库观点演变_研判\03_证据底稿\原文PDF\C-KISTEP-RES0220240118.pdf,C:\Users\WINDOWS\OneDrive\知识库\智库信息爬虫\国际主要科技智库观点演变_研判\03_证据底稿\文本\C-KISTEP-RES0220240118.txt,https://www.kistep.re.kr/reportAllDetail.es?mid=a10305010000&rpt_no=RES0220240118&rpt_tp=831-003,官方PDF已保存并校验
中国科技与国际比较,核心科技直接材料,C-KISTEP-RES0220240125,2024-07-31,W3,2023년도 예비타당성조사 보고서 반도체 첨단패키징 선도 기술개발사업,机构正式研究,C:\Users\WINDOWS\OneDrive\知识库\智库信息爬虫\国际主要科技智库观点演变_研判\03_证据底稿\原文PDF\C-KISTEP-RES0220240125.pdf,C:\Users\WINDOWS\OneDrive\知识库\智库信息爬虫\国际主要科技智库观点演变_研判\03_证据底稿\文本\C-KISTEP-RES0220240125.txt,https://www.kistep.re.kr/reportAllDetail.es?mid=a10305010000&rpt_no=RES0220240125&rpt_tp=831-003,官方PDF已保存并校验
人工智能、数据与数字技术,核心科技直接材料,C-KISTEP-RES0220240125,2024-07-31,W3,2023년도 예비타당성조사 보고서 반도체 첨단패키징 선도 기술개발사업,机构正式研究,C:\Users\WINDOWS\OneDrive\知识库\智库信息爬虫\国际主要科技智库观点演变_研判\03_证据底稿\原文PDF\C-KISTEP-RES0220240125.pdf,C:\Users\WINDOWS\OneDrive\知识库\智库信息爬虫\国际主要科技智库观点演变_研判\03_证据底稿\文本\C-KISTEP-RES0220240125.txt,https://www.kistep.re.kr/reportAllDetail.es?mid=a10305010000&rpt_no=RES0220240125&rpt_tp=831-003,官方PDF已保存并校验
半导体、量子与战略技术,核心科技直接材料,C-KISTEP-RES0220240125,2024-07-31,W3,2023년도 예비타당성조사 보고서 반도체 첨단패키징 선도 기술개발사업,机构正式研究,C:\Users\WINDOWS\OneDrive\知识库\智库信息爬虫\国际主要科技智库观点演变_研判\03_证据底稿\原文PDF\C-KISTEP-RES0220240125.pdf,C:\Users\WINDOWS\OneDrive\知识库\智库信息爬虫\国际主要科技智库观点演变_研判\03_证据底稿\文本\C-KISTEP-RES0220240125.txt,https://www.kistep.re.kr/reportAllDetail.es?mid=a10305010000&rpt_no=RES0220240125&rpt_tp=831-003,官方PDF已保存并校验
科研体系、研发投入与评价,核心科技直接材料,C-KISTEP-RES0220240125,2024-07-31,W3,2023년도 예비타당성조사 보고서 반도체 첨단패키징 선도 기술개발사업,机构正式研究,C:\Users\WINDOWS\OneDrive\知识库\智库信息爬虫\国际主要科技智库观点演变_研判\03_证据底稿\原文PDF\C-KISTEP-RES0220240125.pdf,C:\Users\WINDOWS\OneDrive\知识库\智库信息爬虫\国际主要科技智库观点演变_研判\03_证据底稿\文本\C-KISTEP-RES0220240125.txt,https://www.kistep.re.kr/reportAllDetail.es?mid=a10305010000&rpt_no=RES0220240125&rpt_tp=831-003,官方PDF已保存并校验
科技人才、大学与知识流动,核心科技直接材料,C-KISTEP-RES0220240125,2024-07-31,W3,2023년도 예비타당성조사 보고서 반도체 첨단패키징 선도 기술개발사업,机构正式研究,C:\Users\WINDOWS\OneDrive\知识库\智库信息爬虫\国际主要科技智库观点演变_研判\03_证据底稿\原文PDF\C-KISTEP-RES0220240125.pdf,C:\Users\WINDOWS\OneDrive\知识库\智库信息爬虫\国际主要科技智库观点演变_研判\03_证据底稿\文本\C-KISTEP-RES0220240125.txt,https://www.kistep.re.kr/reportAllDetail.es?mid=a10305010000&rpt_no=RES0220240125&rpt_tp=831-003,官方PDF已保存并校验
产业创新、创业与区域体系,核心科技直接材料,C-KISTEP-RES0220240125,2024-07-31,W3,2023년도 예비타당성조사 보고서 반도체 첨단패키징 선도 기술개발사업,机构正式研究,C:\Users\WINDOWS\OneDrive\知识库\智库信息爬虫\国际主要科技智库观点演变_研判\03_证据底稿\原文PDF\C-KISTEP-RES0220240125.pdf,C:\Users\WINDOWS\OneDrive\知识库\智库信息爬虫\国际主要科技智库观点演变_研判\03_证据底稿\文本\C-KISTEP-RES0220240125.txt,https://www.kistep.re.kr/reportAllDetail.es?mid=a10305010000&rpt_no=RES0220240125&rpt_tp=831-003,官方PDF已保存并校验
技术安全、供应链与国际合作,核心科技直接材料,C-KISTEP-RES0220240125,2024-07-31,W3,2023년도 예비타당성조사 보고서 반도체 첨단패키징 선도 기술개발사업,机构正式研究,C:\Users\WINDOWS\OneDrive\知识库\智库信息爬虫\国际主要科技智库观点演变_研判\03_证据底稿\原文PDF\C-KISTEP-RES0220240125.pdf,C:\Users\WINDOWS\OneDrive\知识库\智库信息爬虫\国际主要科技智库观点演变_研判\03_证据底稿\文本\C-KISTEP-RES0220240125.txt,https://www.kistep.re.kr/reportAllDetail.es?mid=a10305010000&rpt_no=RES0220240125&rpt_tp=831-003,官方PDF已保存并校验
科技前瞻与未来社会,核心科技直接材料,C-KISTEP-RES0220240125,2024-07-31,W3,2023년도 예비타당성조사 보고서 반도체 첨단패키징 선도 기술개발사업,机构正式研究,C:\Users\WINDOWS\OneDrive\知识库\智库信息爬虫\国际主要科技智库观点演变_研判\03_证据底稿\原文PDF\C-KISTEP-RES0220240125.pdf,C:\Users\WINDOWS\OneDrive\知识库\智库信息爬虫\国际主要科技智库观点演变_研判\03_证据底稿\文本\C-KISTEP-RES0220240125.txt,https://www.kistep.re.kr/reportAllDetail.es?mid=a10305010000&rpt_no=RES0220240125&rpt_tp=831-003,官方PDF已保存并校验
人工智能、数据与数字技术,核心科技直接材料,C-KISTEP-RES0220240126,2024-08-05,W3,2023년도 예비타당성조사 보고서 AI반도체를 활용한 K-클라우드 기술개발사업,机构正式研究,C:\Users\WINDOWS\OneDrive\知识库\智库信息爬虫\国际主要科技智库观点演变_研判\03_证据底稿\原文PDF\C-KISTEP-RES0220240126.pdf,C:\Users\WINDOWS\OneDrive\知识库\智库信息爬虫\国际主要科技智库观点演变_研判\03_证据底稿\文本\C-KISTEP-RES0220240126.txt,https://www.kistep.re.kr/reportAllDetail.es?mid=a10305010000&rpt_no=RES0220240126&rpt_tp=831-003,官方PDF已保存并校验
半导体、量子与战略技术,核心科技直接材料,C-KISTEP-RES0220240126,2024-08-05,W3,2023년도 예비타당성조사 보고서 AI반도체를 활용한 K-클라우드 기술개발사업,机构正式研究,C:\Users\WINDOWS\OneDrive\知识库\智库信息爬虫\国际主要科技智库观点演变_研判\03_证据底稿\原文PDF\C-KISTEP-RES0220240126.pdf,C:\Users\WINDOWS\OneDrive\知识库\智库信息爬虫\国际主要科技智库观点演变_研判\03_证据底稿\文本\C-KISTEP-RES0220240126.txt,https://www.kistep.re.kr/reportAllDetail.es?mid=a10305010000&rpt_no=RES0220240126&rpt_tp=831-003,官方PDF已保存并校验
科研体系、研发投入与评价,核心科技直接材料,C-KISTEP-RES0220240126,2024-08-05,W3,2023년도 예비타당성조사 보고서 AI반도체를 활용한 K-클라우드 기술개발사업,机构正式研究,C:\Users\WINDOWS\OneDrive\知识库\智库信息爬虫\国际主要科技智库观点演变_研判\03_证据底稿\原文PDF\C-KISTEP-RES0220240126.pdf,C:\Users\WINDOWS\OneDrive\知识库\智库信息爬虫\国际主要科技智库观点演变_研判\03_证据底稿\文本\C-KISTEP-RES0220240126.txt,https://www.kistep.re.kr/reportAllDetail.es?mid=a10305010000&rpt_no=RES0220240126&rpt_tp=831-003,官方PDF已保存并校验
科研体系、研发投入与评价,科技创新政策与能力基线,C-KISTEP-RES0220240127,2024-08-19,W3,국제공동연구 수행·관리 지원을 위한 매뉴얼 마련 및 제도 연구,机构正式研究,,,https://www.kistep.re.kr/reportAllDetail.es?mid=a10305010000&rpt_no=RES0220240127&rpt_tp=831-002,官方目录元数据，附件未列入本批
科技人才、大学与知识流动,科技创新政策与能力基线,C-KISTEP-RES0220240127,2024-08-19,W3,국제공동연구 수행·관리 지원을 위한 매뉴얼 마련 및 제도 연구,机构正式研究,,,https://www.kistep.re.kr/reportAllDetail.es?mid=a10305010000&rpt_no=RES0220240127&rpt_tp=831-002,官方目录元数据，附件未列入本批
产业创新、创业与区域体系,科技创新政策与能力基线,C-KISTEP-RES0220240127,2024-08-19,W3,국제공동연구 수행·관리 지원을 위한 매뉴얼 마련 및 제도 연구,机构正式研究,,,https://www.kistep.re.kr/reportAllDetail.es?mid=a10305010000&rpt_no=RES0220240127&rpt_tp=831-002,官方目录元数据，附件未列入本批
技术安全、供应链与国际合作,科技创新政策与能力基线,C-KISTEP-RES0220240127,2024-08-19,W3,국제공동연구 수행·관리 지원을 위한 매뉴얼 마련 및 제도 연구,机构正式研究,,,https://www.kistep.re.kr/reportAllDetail.es?mid=a10305010000&rpt_no=RES0220240127&rpt_tp=831-002,官方目录元数据，附件未列入本批
中国科技与国际比较,核心科技直接材料,C-KISTEP-RES0220240128,2024-08-28,W3,기술육성 로드맵 수립 및 프로젝트 선정 방안 연구,机构正式研究,C:\Users\WINDOWS\OneDrive\知识库\智库信息爬虫\国际主要科技智库观点演变_研判\03_证据底稿\原文PDF\C-KISTEP-RES0220240128.pdf,C:\Users\WINDOWS\OneDrive\知识库\智库信息爬虫\国际主要科技智库观点演变_研判\03_证据底稿\文本\C-KISTEP-RES0220240128.txt,https://www.kistep.re.kr/reportAllDetail.es?mid=a10305010000&rpt_no=RES0220240128&rpt_tp=831-002,官方PDF已保存并校验
人工智能、数据与数字技术,核心科技直接材料,C-KISTEP-RES0220240128,2024-08-28,W3,기술육성 로드맵 수립 및 프로젝트 선정 방안 연구,机构正式研究,C:\Users\WINDOWS\OneDrive\知识库\智库信息爬虫\国际主要科技智库观点演变_研判\03_证据底稿\原文PDF\C-KISTEP-RES0220240128.pdf,C:\Users\WINDOWS\OneDrive\知识库\智库信息爬虫\国际主要科技智库观点演变_研判\03_证据底稿\文本\C-KISTEP-RES0220240128.txt,https://www.kistep.re.kr/reportAllDetail.es?mid=a10305010000&rpt_no=RES0220240128&rpt_tp=831-002,官方PDF已保存并校验
半导体、量子与战略技术,核心科技直接材料,C-KISTEP-RES0220240128,2024-08-28,W3,기술육성 로드맵 수립 및 프로젝트 선정 방안 연구,机构正式研究,C:\Users\WINDOWS\OneDrive\知识库\智库信息爬虫\国际主要科技智库观点演变_研判\03_证据底稿\原文PDF\C-KISTEP-RES0220240128.pdf,C:\Users\WINDOWS\OneDrive\知识库\智库信息爬虫\国际主要科技智库观点演变_研判\03_证据底稿\文本\C-KISTEP-RES0220240128.txt,https://www.kistep.re.kr/reportAllDetail.es?mid=a10305010000&rpt_no=RES0220240128&rpt_tp=831-002,官方PDF已保存并校验
生命科学、生物技术与健康,核心科技直接材料,C-KISTEP-RES0220240128,2024-08-28,W3,기술육성 로드맵 수립 및 프로젝트 선정 방안 연구,机构正式研究,C:\Users\WINDOWS\OneDrive\知识库\智库信息爬虫\国际主要科技智库观点演变_研判\03_证据底稿\原文PDF\C-KISTEP-RES0220240128.pdf,C:\Users\WINDOWS\OneDrive\知识库\智库信息爬虫\国际主要科技智库观点演变_研判\03_证据底稿\文本\C-KISTEP-RES0220240128.txt,https://www.kistep.re.kr/reportAllDetail.es?mid=a10305010000&rpt_no=RES0220240128&rpt_tp=831-002,官方PDF已保存并校验
能源、气候与绿色转型,核心科技直接材料,C-KISTEP-RES0220240128,2024-08-28,W3,기술육성 로드맵 수립 및 프로젝트 선정 방안 연구,机构正式研究,C:\Users\WINDOWS\OneDrive\知识库\智库信息爬虫\国际主要科技智库观点演变_研判\03_证据底稿\原文PDF\C-KISTEP-RES0220240128.pdf,C:\Users\WINDOWS\OneDrive\知识库\智库信息爬虫\国际主要科技智库观点演变_研判\03_证据底稿\文本\C-KISTEP-RES0220240128.txt,https://www.kistep.re.kr/reportAllDetail.es?mid=a10305010000&rpt_no=RES0220240128&rpt_tp=831-002,官方PDF已保存并校验
科研体系、研发投入与评价,核心科技直接材料,C-KISTEP-RES0220240128,2024-08-28,W3,기술육성 로드맵 수립 및 프로젝트 선정 방안 연구,机构正式研究,C:\Users\WINDOWS\OneDrive\知识库\智库信息爬虫\国际主要科技智库观点演变_研判\03_证据底稿\原文PDF\C-KISTEP-RES0220240128.pdf,C:\Users\WINDOWS\OneDrive\知识库\智库信息爬虫\国际主要科技智库观点演变_研判\03_证据底稿\文本\C-KISTEP-RES0220240128.txt,https://www.kistep.re.kr/reportAllDetail.es?mid=a10305010000&rpt_no=RES0220240128&rpt_tp=831-002,官方PDF已保存并校验
科技人才、大学与知识流动,核心科技直接材料,C-KISTEP-RES0220240128,2024-08-28,W3,기술육성 로드맵 수립 및 프로젝트 선정 방안 연구,机构正式研究,C:\Users\WINDOWS\OneDrive\知识库\智库信息爬虫\国际主要科技智库观点演变_研判\03_证据底稿\原文PDF\C-KISTEP-RES0220240128.pdf,C:\Users\WINDOWS\OneDrive\知识库\智库信息爬虫\国际主要科技智库观点演变_研判\03_证据底稿\文本\C-KISTEP-RES0220240128.txt,https://www.kistep.re.kr/reportAllDetail.es?mid=a10305010000&rpt_no=RES0220240128&rpt_tp=831-002,官方PDF已保存并校验
产业创新、创业与区域体系,核心科技直接材料,C-KISTEP-RES0220240128,2024-08-28,W3,기술육성 로드맵 수립 및 프로젝트 선정 방안 연구,机构正式研究,C:\Users\WINDOWS\OneDrive\知识库\智库信息爬虫\国际主要科技智库观点演变_研判\03_证据底稿\原文PDF\C-KISTEP-RES0220240128.pdf,C:\Users\WINDOWS\OneDrive\知识库\智库信息爬虫\国际主要科技智库观点演变_研判\03_证据底稿\文本\C-KISTEP-RES0220240128.txt,https://www.kistep.re.kr/reportAllDetail.es?mid=a10305010000&rpt_no=RES0220240128&rpt_tp=831-002,官方PDF已保存并校验
技术安全、供应链与国际合作,核心科技直接材料,C-KISTEP-RES0220240128,2024-08-28,W3,기술육성 로드맵 수립 및 프로젝트 선정 방안 연구,机构正式研究,C:\Users\WINDOWS\OneDrive\知识库\智库信息爬虫\国际主要科技智库观点演变_研判\03_证据底稿\原文PDF\C-KISTEP-RES0220240128.pdf,C:\Users\WINDOWS\OneDrive\知识库\智库信息爬虫\国际主要科技智库观点演变_研判\03_证据底稿\文本\C-KISTEP-RES0220240128.txt,https://www.kistep.re.kr/reportAllDetail.es?mid=a10305010000&rpt_no=RES0220240128&rpt_tp=831-002,官方PDF已保存并校验
科技前瞻与未来社会,核心科技直接材料,C-KISTEP-RES0220240128,2024-08-28,W3,기술육성 로드맵 수립 및 프로젝트 선정 방안 연구,机构正式研究,C:\Users\WINDOWS\OneDrive\知识库\智库信息爬虫\国际主要科技智库观点演变_研判\03_证据底稿\原文PDF\C-KISTEP-RES0220240128.pdf,C:\Users\WINDOWS\OneDrive\知识库\智库信息爬虫\国际主要科技智库观点演变_研判\03_证据底稿\文本\C-KISTEP-RES0220240128.txt,https://www.kistep.re.kr/reportAllDetail.es?mid=a10305010000&rpt_no=RES0220240128&rpt_tp=831-002,官方PDF已保存并校验
航天、核能与大型技术系统,核心科技直接材料,C-KISTEP-RES0220240128,2024-08-28,W3,기술육성 로드맵 수립 및 프로젝트 선정 방안 연구,机构正式研究,C:\Users\WINDOWS\OneDrive\知识库\智库信息爬虫\国际主要科技智库观点演变_研判\03_证据底稿\原文PDF\C-KISTEP-RES0220240128.pdf,C:\Users\WINDOWS\OneDrive\知识库\智库信息爬虫\国际主要科技智库观点演变_研判\03_证据底稿\文本\C-KISTEP-RES0220240128.txt,https://www.kistep.re.kr/reportAllDetail.es?mid=a10305010000&rpt_no=RES0220240128&rpt_tp=831-002,官方PDF已保存并校验
中国科技与国际比较,核心科技直接材料,C-KISTEP-RES0220240132,2024-08-29,W3,글로벌 R&D 분야 종합조정 기능 강화를 위한 정책과제 도출 연구,机构正式研究,C:\Users\WINDOWS\OneDrive\知识库\智库信息爬虫\国际主要科技智库观点演变_研判\03_证据底稿\原文PDF\C-KISTEP-RES0220240132.pdf,C:\Users\WINDOWS\OneDrive\知识库\智库信息爬虫\国际主要科技智库观点演变_研判\03_证据底稿\文本\C-KISTEP-RES0220240132.txt,https://www.kistep.re.kr/reportAllDetail.es?mid=a10305010000&rpt_no=RES0220240132&rpt_tp=831-002,官方PDF已保存并校验
半导体、量子与战略技术,核心科技直接材料,C-KISTEP-RES0220240132,2024-08-29,W3,글로벌 R&D 분야 종합조정 기능 강화를 위한 정책과제 도출 연구,机构正式研究,C:\Users\WINDOWS\OneDrive\知识库\智库信息爬虫\国际主要科技智库观点演变_研判\03_证据底稿\原文PDF\C-KISTEP-RES0220240132.pdf,C:\Users\WINDOWS\OneDrive\知识库\智库信息爬虫\国际主要科技智库观点演变_研判\03_证据底稿\文本\C-KISTEP-RES0220240132.txt,https://www.kistep.re.kr/reportAllDetail.es?mid=a10305010000&rpt_no=RES0220240132&rpt_tp=831-002,官方PDF已保存并校验
能源、气候与绿色转型,核心科技直接材料,C-KISTEP-RES0220240132,2024-08-29,W3,글로벌 R&D 분야 종합조정 기능 강화를 위한 정책과제 도출 연구,机构正式研究,C:\Users\WINDOWS\OneDrive\知识库\智库信息爬虫\国际主要科技智库观点演变_研判\03_证据底稿\原文PDF\C-KISTEP-RES0220240132.pdf,C:\Users\WINDOWS\OneDrive\知识库\智库信息爬虫\国际主要科技智库观点演变_研判\03_证据底稿\文本\C-KISTEP-RES0220240132.txt,https://www.kistep.re.kr/reportAllDetail.es?mid=a10305010000&rpt_no=RES0220240132&rpt_tp=831-002,官方PDF已保存并校验
科研体系、研发投入与评价,核心科技直接材料,C-KISTEP-RES0220240132,2024-08-29,W3,글로벌 R&D 분야 종합조정 기능 강화를 위한 정책과제 도출 연구,机构正式研究,C:\Users\WINDOWS\OneDrive\知识库\智库信息爬虫\国际主要科技智库观点演变_研判\03_证据底稿\原文PDF\C-KISTEP-RES0220240132.pdf,C:\Users\WINDOWS\OneDrive\知识库\智库信息爬虫\国际主要科技智库观点演变_研判\03_证据底稿\文本\C-KISTEP-RES0220240132.txt,https://www.kistep.re.kr/reportAllDetail.es?mid=a10305010000&rpt_no=RES0220240132&rpt_tp=831-002,官方PDF已保存并校验
科技人才、大学与知识流动,核心科技直接材料,C-KISTEP-RES0220240132,2024-08-29,W3,글로벌 R&D 분야 종합조정 기능 강화를 위한 정책과제 도출 연구,机构正式研究,C:\Users\WINDOWS\OneDrive\知识库\智库信息爬虫\国际主要科技智库观点演变_研判\03_证据底稿\原文PDF\C-KISTEP-RES0220240132.pdf,C:\Users\WINDOWS\OneDrive\知识库\智库信息爬虫\国际主要科技智库观点演变_研判\03_证据底稿\文本\C-KISTEP-RES0220240132.txt,https://www.kistep.re.kr/reportAllDetail.es?mid=a10305010000&rpt_no=RES0220240132&rpt_tp=831-002,官方PDF已保存并校验
产业创新、创业与区域体系,核心科技直接材料,C-KISTEP-RES0220240132,2024-08-29,W3,글로벌 R&D 분야 종합조정 기능 강화를 위한 정책과제 도출 연구,机构正式研究,C:\Users\WINDOWS\OneDrive\知识库\智库信息爬虫\国际主要科技智库观点演变_研判\03_证据底稿\原文PDF\C-KISTEP-RES0220240132.pdf,C:\Users\WINDOWS\OneDrive\知识库\智库信息爬虫\国际主要科技智库观点演变_研判\03_证据底稿\文本\C-KISTEP-RES0220240132.txt,https://www.kistep.re.kr/reportAllDetail.es?mid=a10305010000&rpt_no=RES0220240132&rpt_tp=831-002,官方PDF已保存并校验
技术安全、供应链与国际合作,核心科技直接材料,C-KISTEP-RES0220240132,2024-08-29,W3,글로벌 R&D 분야 종합조정 기능 강화를 위한 정책과제 도출 연구,机构正式研究,C:\Users\WINDOWS\OneDrive\知识库\智库信息爬虫\国际主要科技智库观点演变_研判\03_证据底稿\原文PDF\C-KISTEP-RES0220240132.pdf,C:\Users\WINDOWS\OneDrive\知识库\智库信息爬虫\国际主要科技智库观点演变_研判\03_证据底稿\文本\C-KISTEP-RES0220240132.txt,https://www.kistep.re.kr/reportAllDetail.es?mid=a10305010000&rpt_no=RES0220240132&rpt_tp=831-002,官方PDF已保存并校验
科研体系、研发投入与评价,核心科技直接材料,C-KISTEP-RES0220240135,2024-09-25,W3,2023년도 사업계획 적정성 검토 보고서 우주산업 클러스터 삼각체제 구축사업,机构正式研究,C:\Users\WINDOWS\OneDrive\知识库\智库信息爬虫\国际主要科技智库观点演变_研判\03_证据底稿\原文PDF\C-KISTEP-RES0220240135.pdf,C:\Users\WINDOWS\OneDrive\知识库\智库信息爬虫\国际主要科技智库观点演变_研判\03_证据底稿\文本\C-KISTEP-RES0220240135.txt,https://www.kistep.re.kr/reportAllDetail.es?mid=a10305010000&rpt_no=RES0220240135&rpt_tp=831-003,官方PDF已保存并校验
科技人才、大学与知识流动,核心科技直接材料,C-KISTEP-RES0220240135,2024-09-25,W3,2023년도 사업계획 적정성 검토 보고서 우주산업 클러스터 삼각체제 구축사업,机构正式研究,C:\Users\WINDOWS\OneDrive\知识库\智库信息爬虫\国际主要科技智库观点演变_研判\03_证据底稿\原文PDF\C-KISTEP-RES0220240135.pdf,C:\Users\WINDOWS\OneDrive\知识库\智库信息爬虫\国际主要科技智库观点演变_研判\03_证据底稿\文本\C-KISTEP-RES0220240135.txt,https://www.kistep.re.kr/reportAllDetail.es?mid=a10305010000&rpt_no=RES0220240135&rpt_tp=831-003,官方PDF已保存并校验
产业创新、创业与区域体系,核心科技直接材料,C-KISTEP-RES0220240135,2024-09-25,W3,2023년도 사업계획 적정성 검토 보고서 우주산업 클러스터 삼각체제 구축사업,机构正式研究,C:\Users\WINDOWS\OneDrive\知识库\智库信息爬虫\国际主要科技智库观点演变_研判\03_证据底稿\原文PDF\C-KISTEP-RES0220240135.pdf,C:\Users\WINDOWS\OneDrive\知识库\智库信息爬虫\国际主要科技智库观点演变_研判\03_证据底稿\文本\C-KISTEP-RES0220240135.txt,https://www.kistep.re.kr/reportAllDetail.es?mid=a10305010000&rpt_no=RES0220240135&rpt_tp=831-003,官方PDF已保存并校验
科技前瞻与未来社会,核心科技直接材料,C-KISTEP-RES0220240135,2024-09-25,W3,2023년도 사업계획 적정성 검토 보고서 우주산업 클러스터 삼각체제 구축사업,机构正式研究,C:\Users\WINDOWS\OneDrive\知识库\智库信息爬虫\国际主要科技智库观点演变_研判\03_证据底稿\原文PDF\C-KISTEP-RES0220240135.pdf,C:\Users\WINDOWS\OneDrive\知识库\智库信息爬虫\国际主要科技智库观点演变_研判\03_证据底稿\文本\C-KISTEP-RES0220240135.txt,https://www.kistep.re.kr/reportAllDetail.es?mid=a10305010000&rpt_no=RES0220240135&rpt_tp=831-003,官方PDF已保存并校验
航天、核能与大型技术系统,核心科技直接材料,C-KISTEP-RES0220240135,2024-09-25,W3,2023년도 사업계획 적정성 검토 보고서 우주산업 클러스터 삼각체제 구축사업,机构正式研究,C:\Users\WINDOWS\OneDrive\知识库\智库信息爬虫\国际主要科技智库观点演变_研判\03_证据底稿\原文PDF\C-KISTEP-RES0220240135.pdf,C:\Users\WINDOWS\OneDrive\知识库\智库信息爬虫\国际主要科技智库观点演变_研判\03_证据底稿\文本\C-KISTEP-RES0220240135.txt,https://www.kistep.re.kr/reportAllDetail.es?mid=a10305010000&rpt_no=RES0220240135&rpt_tp=831-003,官方PDF已保存并校验
科研体系、研发投入与评价,科技创新政策与能力基线,C-KISTEP-PRG0720240044,2024-10-25,W3,우리나라 기초연구 전략성 제고를 위한 예산 정책방향 탐색 연구,机构正式研究,,,https://www.kistep.re.kr/reportAllDetail.es?mid=a10305010000&rpt_no=PRG0720240044&rpt_tp=831-007,官方目录元数据，附件未列入本批
科技人才、大学与知识流动,科技创新政策与能力基线,C-KISTEP-PRG0720240043,2024-10-31,W3,2024년 과학기술외교 아카데미 구축·운영,机构正式研究,,,https://www.kistep.re.kr/reportAllDetail.es?mid=a10305010000&rpt_no=PRG0720240043&rpt_tp=831-007,官方目录元数据，附件未列入本批
技术安全、供应链与国际合作,科技创新政策与能力基线,C-KISTEP-PRG0720240043,2024-10-31,W3,2024년 과학기술외교 아카데미 구축·운영,机构正式研究,,,https://www.kistep.re.kr/reportAllDetail.es?mid=a10305010000&rpt_no=PRG0720240043&rpt_tp=831-007,官方目录元数据，附件未列入本批
科研体系、研发投入与评价,科技创新政策与能力基线,C-KISTEP-PRG0720240045,2024-10-31,W3,국제공동연구 연구윤리위반 제재처분 해외사례 연구,机构正式研究,,,https://www.kistep.re.kr/reportAllDetail.es?mid=a10305010000&rpt_no=PRG0720240045&rpt_tp=831-007,官方目录元数据，附件未列入本批
产业创新、创业与区域体系,科技创新政策与能力基线,C-KISTEP-PRG0720240045,2024-10-31,W3,국제공동연구 연구윤리위반 제재처분 해외사례 연구,机构正式研究,,,https://www.kistep.re.kr/reportAllDetail.es?mid=a10305010000&rpt_no=PRG0720240045&rpt_tp=831-007,官方目录元数据，附件未列入本批
技术安全、供应链与国际合作,科技创新政策与能力基线,C-KISTEP-PRG0720240045,2024-10-31,W3,국제공동연구 연구윤리위반 제재처분 해외사례 연구,机构正式研究,,,https://www.kistep.re.kr/reportAllDetail.es?mid=a10305010000&rpt_no=PRG0720240045&rpt_tp=831-007,官方目录元数据，附件未列入本批
科研体系、研发投入与评价,科技创新政策与能力基线,C-KISTEP-PRG0720240049,2024-11-08,W3,과학기술 논문성과 분석연구(2009-2023),机构正式研究,,,https://www.kistep.re.kr/reportAllDetail.es?mid=a10305010000&rpt_no=PRG0720240049&rpt_tp=831-007,官方目录元数据，附件未列入本批
科研体系、研发投入与评价,科技创新政策与能力基线,C-KISTEP-PRG0720240048,2024-11-22,W3,정부R&D 예산 변화에 따른 사업운영 실태조사 및 개선방안,机构正式研究,,,https://www.kistep.re.kr/reportAllDetail.es?mid=a10305010000&rpt_no=PRG0720240048&rpt_tp=831-007,官方目录元数据，附件未列入本批
科研体系、研发投入与评价,科技创新政策与能力基线,C-KISTEP-PRG0720240047,2024-11-27,W3,전환적 혁신정책 관점에서의 임무주도형 국가연구개발사업 추진방안에 관한 연구,机构正式研究,,,https://www.kistep.re.kr/reportAllDetail.es?mid=a10305010000&rpt_no=PRG0720240047&rpt_tp=831-007,官方目录元数据，附件未列入本批
产业创新、创业与区域体系,科技创新政策与能力基线,C-KISTEP-PRG0720240047,2024-11-27,W3,전환적 혁신정책 관점에서의 임무주도형 국가연구개발사업 추진방안에 관한 연구,机构正式研究,,,https://www.kistep.re.kr/reportAllDetail.es?mid=a10305010000&rpt_no=PRG0720240047&rpt_tp=831-007,官方目录元数据，附件未列入本批
科研体系、研发投入与评价,科技创新政策与能力基线,C-KISTEP-PRG0720240046,2024-11-28,W3,정형 R&D 사업 관리체계 마련을 위한 방안 연구,机构正式研究,,,https://www.kistep.re.kr/reportAllDetail.es?mid=a10305010000&rpt_no=PRG0720240046&rpt_tp=831-007,官方目录元数据，附件未列入本批
科研体系、研发投入与评价,科技创新政策与能力基线,C-KISTEP-PRG0720240050,2024-11-30,W3,사회문제해결 R&D의 사회적 가치 시범 측정,机构正式研究,,,https://www.kistep.re.kr/reportAllDetail.es?mid=a10305010000&rpt_no=PRG0720240050&rpt_tp=831-007,官方目录元数据，附件未列入本批
科技创新政策与研究体系,科技创新政策与能力基线,C-KISTEP-PRG0720240051,2024-12-13,W3,학생인건비 제도개선을 위한 실태조사,机构正式研究,,,https://www.kistep.re.kr/reportAllDetail.es?mid=a10305010000&rpt_no=PRG0720240051&rpt_tp=831-007,官方目录元数据，附件未列入本批
科研体系、研发投入与评价,科技创新政策与能力基线,C-KISTEP-RES0220240143,2024-12-23,W3,2023년도 국가연구개발사업 조사·분석 보고서,机构正式研究,,,https://www.kistep.re.kr/reportAllDetail.es?mid=a10305010000&rpt_no=RES0220240143&rpt_tp=831-001,官方目录元数据，附件未列入本批
科技创新政策与研究体系,科技创新政策与能力基线,C-KISTEP-PRG0720250003,2024-12-26,W3,범부처 연구지원시스템 운영을 위한 사용자 온·오프라인 교육 및 학습 플랫폼 지원_최종보고서,机构正式研究,,,https://www.kistep.re.kr/reportAllDetail.es?mid=a10305010000&rpt_no=PRG0720250003&rpt_tp=831-007,官方目录元数据，附件未列入本批
科技人才、大学与知识流动,科技创新政策与能力基线,C-KISTEP-PRG0720250002,2024-12-31,W3,연구보안 전문인력 양성 특화과정 개발,机构正式研究,,,https://www.kistep.re.kr/reportAllDetail.es?mid=a10305010000&rpt_no=PRG0720250002&rpt_tp=831-007,官方目录元数据，附件未列入本批
科研体系、研发投入与评价,科技创新政策与能力基线,C-KISTEP-RES0220240151,2024-12-31,W3,2024년도 사업계획 적정성 재검토 보고서 국가 플래그십 초고성능컴퓨팅 인프라 고도화 사업,机构正式研究,,,https://www.kistep.re.kr/reportAllDetail.es?mid=a10305010000&rpt_no=RES0220240151&rpt_tp=831-003,官方目录元数据，附件未列入本批
半导体、量子与战略技术,核心科技直接材料,C-KISTEP-RES0220240147,2025-01-02,W3,2024년 기술수준평가,机构正式研究,,,https://www.kistep.re.kr/reportAllDetail.es?mid=a10305010000&rpt_no=RES0220240147&rpt_tp=831-006,官方目录元数据，附件未列入本批
科研体系、研发投入与评价,核心科技直接材料,C-KISTEP-RES0220240147,2025-01-02,W3,2024년 기술수준평가,机构正式研究,,,https://www.kistep.re.kr/reportAllDetail.es?mid=a10305010000&rpt_no=RES0220240147&rpt_tp=831-006,官方目录元数据，附件未列入本批
科技创新政策与研究体系,科技创新政策与能力基线,C-KISTEP-RES0220240152,2025-01-02,W3,2024년 국가과학기술표준분류체계의 개선 및 활용기반 구축,机构正式研究,,,https://www.kistep.re.kr/reportAllDetail.es?mid=a10305010000&rpt_no=RES0220240152&rpt_tp=831-006,官方目录元数据，附件未列入本批
科技人才、大学与知识流动,科技创新政策与能力基线,C-KISTEP-RES0220240154,2025-01-02,W3,글로벌 인재 허브 실현을 위한 해외 우수 과학기술 인재 유치 방안 연구,机构正式研究,,,https://www.kistep.re.kr/reportAllDetail.es?mid=a10305010000&rpt_no=RES0220240154&rpt_tp=831-002,官方目录元数据，附件未列入本批
人工智能、数据与数字技术,核心科技直接材料,C-KISTEP-RES0220250002,2025-01-13,W3,기술주권 관점에서의 데이터 기반 국제협력 전략 수립 방법론 연구 : 배터리 분야 실증,机构正式研究,C:\Users\WINDOWS\OneDrive\知识库\智库信息爬虫\国际主要科技智库观点演变_研判\03_证据底稿\原文PDF\C-KISTEP-RES0220250002.pdf,C:\Users\WINDOWS\OneDrive\知识库\智库信息爬虫\国际主要科技智库观点演变_研判\03_证据底稿\文本\C-KISTEP-RES0220250002.txt,https://www.kistep.re.kr/reportAllDetail.es?mid=a10305010000&rpt_no=RES0220250002&rpt_tp=831-006,官方PDF已保存并校验
半导体、量子与战略技术,核心科技直接材料,C-KISTEP-RES0220250002,2025-01-13,W3,기술주권 관점에서의 데이터 기반 국제협력 전략 수립 방법론 연구 : 배터리 분야 실증,机构正式研究,C:\Users\WINDOWS\OneDrive\知识库\智库信息爬虫\国际主要科技智库观点演变_研判\03_证据底稿\原文PDF\C-KISTEP-RES0220250002.pdf,C:\Users\WINDOWS\OneDrive\知识库\智库信息爬虫\国际主要科技智库观点演变_研判\03_证据底稿\文本\C-KISTEP-RES0220250002.txt,https://www.kistep.re.kr/reportAllDetail.es?mid=a10305010000&rpt_no=RES0220250002&rpt_tp=831-006,官方PDF已保存并校验
能源、气候与绿色转型,核心科技直接材料,C-KISTEP-RES0220250002,2025-01-13,W3,기술주권 관점에서의 데이터 기반 국제협력 전략 수립 방법론 연구 : 배터리 분야 실증,机构正式研究,C:\Users\WINDOWS\OneDrive\知识库\智库信息爬虫\国际主要科技智库观点演变_研判\03_证据底稿\原文PDF\C-KISTEP-RES0220250002.pdf,C:\Users\WINDOWS\OneDrive\知识库\智库信息爬虫\国际主要科技智库观点演变_研判\03_证据底稿\文本\C-KISTEP-RES0220250002.txt,https://www.kistep.re.kr/reportAllDetail.es?mid=a10305010000&rpt_no=RES0220250002&rpt_tp=831-006,官方PDF已保存并校验
技术安全、供应链与国际合作,核心科技直接材料,C-KISTEP-RES0220250002,2025-01-13,W3,기술주권 관점에서의 데이터 기반 국제협력 전략 수립 방법론 연구 : 배터리 분야 실증,机构正式研究,C:\Users\WINDOWS\OneDrive\知识库\智库信息爬虫\国际主要科技智库观点演变_研判\03_证据底稿\原文PDF\C-KISTEP-RES0220250002.pdf,C:\Users\WINDOWS\OneDrive\知识库\智库信息爬虫\国际主要科技智库观点演变_研判\03_证据底稿\文本\C-KISTEP-RES0220250002.txt,https://www.kistep.re.kr/reportAllDetail.es?mid=a10305010000&rpt_no=RES0220250002&rpt_tp=831-006,官方PDF已保存并校验
科研体系、研发投入与评价,科技创新政策与能力基线,C-KISTEP-RES0220250003,2025-01-14,W3,2024년 국가R&D사업 사전분석 전문 네트워크 구축 및 역량 강화,机构正式研究,,,https://www.kistep.re.kr/reportAllDetail.es?mid=a10305010000&rpt_no=RES0220250003&rpt_tp=831-003,官方目录元数据，附件未列入本批
科研体系、研发投入与评价,科技创新政策与能力基线,C-KISTEP-RES0220250008,2025-02-03,W3,연구개발지원단 육성지원사업(정책연구센터),机构正式研究,,,https://www.kistep.re.kr/reportAllDetail.es?mid=a10305010000&rpt_no=RES0220250008&rpt_tp=831-002,官方目录元数据，附件未列入本批
产业创新、创业与区域体系,科技创新政策与能力基线,C-KISTEP-RES0220250008,2025-02-03,W3,연구개발지원단 육성지원사업(정책연구센터),机构正式研究,,,https://www.kistep.re.kr/reportAllDetail.es?mid=a10305010000&rpt_no=RES0220250008&rpt_tp=831-002,官方目录元数据，附件未列入本批
科研体系、研发投入与评价,科技创新政策与能力基线,C-KISTEP-RES0220250009,2025-02-03,W3,2024년 R&D사업 예비타당성조사 일관성 제고를 위한 조사 체계 개선 방향 연구,机构正式研究,,,https://www.kistep.re.kr/reportAllDetail.es?mid=a10305010000&rpt_no=RES0220250009&rpt_tp=831-003,官方目录元数据，附件未列入本批
技术安全、供应链与国际合作,科技创新政策与能力基线,C-KISTEP-RES0220250013,2025-02-03,W3,과학기술외교 추진전략 및 체계기반 구축연구,机构正式研究,,,https://www.kistep.re.kr/reportAllDetail.es?mid=a10305010000&rpt_no=RES0220250013&rpt_tp=831-002,官方目录元数据，附件未列入本批
科研体系、研发投入与评价,科技创新政策与能力基线,C-KISTEP-RES0220250010,2025-02-04,W3,국가R&D 기획‧관리 지원서비스 구축,机构正式研究,,,https://www.kistep.re.kr/reportAllDetail.es?mid=a10305010000&rpt_no=RES0220250010&rpt_tp=831-007,官方目录元数据，附件未列入本批
科技人才、大学与知识流动,科技创新政策与能力基线,C-KISTEP-RES0220250010,2025-02-04,W3,국가R&D 기획‧관리 지원서비스 구축,机构正式研究,,,https://www.kistep.re.kr/reportAllDetail.es?mid=a10305010000&rpt_no=RES0220250010&rpt_tp=831-007,官方目录元数据，附件未列入本批
产业创新、创业与区域体系,科技创新政策与能力基线,C-KISTEP-RES0220250014,2025-02-04,W3,2024년 과학기술 국제협력 네트워크 구축 및 강화 연구,机构正式研究,,,https://www.kistep.re.kr/reportAllDetail.es?mid=a10305010000&rpt_no=RES0220250014&rpt_tp=831-002,官方目录元数据，附件未列入本批
技术安全、供应链与国际合作,科技创新政策与能力基线,C-KISTEP-RES0220250014,2025-02-04,W3,2024년 과학기술 국제협력 네트워크 구축 및 강화 연구,机构正式研究,,,https://www.kistep.re.kr/reportAllDetail.es?mid=a10305010000&rpt_no=RES0220250014&rpt_tp=831-002,官方目录元数据，附件未列入本批
技术安全、供应链与国际合作,科技创新政策与能力基线,C-KISTEP-RES0220250016,2025-02-04,W3,2024년 주한공관 과학기술 국제협력 네트워크 기반 마련,机构正式研究,,,https://www.kistep.re.kr/reportAllDetail.es?mid=a10305010000&rpt_no=RES0220250016&rpt_tp=831-004,官方目录元数据，附件未列入本批
半导体、量子与战略技术,核心科技直接材料,C-KISTEP-RES0220250018,2025-02-05,W3,2023년도 예비타당성조사 보고서 첨단반도체 양산연계형 미니팹 기반구축사업,机构正式研究,C:\Users\WINDOWS\OneDrive\知识库\智库信息爬虫\国际主要科技智库观点演变_研判\03_证据底稿\原文PDF\C-KISTEP-RES0220250018.pdf,C:\Users\WINDOWS\OneDrive\知识库\智库信息爬虫\国际主要科技智库观点演变_研判\03_证据底稿\文本\C-KISTEP-RES0220250018.txt,https://www.kistep.re.kr/reportAllDetail.es?mid=a10305010000&rpt_no=RES0220250018&rpt_tp=831-003,官方PDF已保存并校验
科研体系、研发投入与评价,核心科技直接材料,C-KISTEP-RES0220250018,2025-02-05,W3,2023년도 예비타당성조사 보고서 첨단반도체 양산연계형 미니팹 기반구축사업,机构正式研究,C:\Users\WINDOWS\OneDrive\知识库\智库信息爬虫\国际主要科技智库观点演变_研判\03_证据底稿\原文PDF\C-KISTEP-RES0220250018.pdf,C:\Users\WINDOWS\OneDrive\知识库\智库信息爬虫\国际主要科技智库观点演变_研判\03_证据底稿\文本\C-KISTEP-RES0220250018.txt,https://www.kistep.re.kr/reportAllDetail.es?mid=a10305010000&rpt_no=RES0220250018&rpt_tp=831-003,官方PDF已保存并校验
科技人才、大学与知识流动,核心科技直接材料,C-KISTEP-RES0220250018,2025-02-05,W3,2023년도 예비타당성조사 보고서 첨단반도체 양산연계형 미니팹 기반구축사업,机构正式研究,C:\Users\WINDOWS\OneDrive\知识库\智库信息爬虫\国际主要科技智库观点演变_研判\03_证据底稿\原文PDF\C-KISTEP-RES0220250018.pdf,C:\Users\WINDOWS\OneDrive\知识库\智库信息爬虫\国际主要科技智库观点演变_研判\03_证据底稿\文本\C-KISTEP-RES0220250018.txt,https://www.kistep.re.kr/reportAllDetail.es?mid=a10305010000&rpt_no=RES0220250018&rpt_tp=831-003,官方PDF已保存并校验
产业创新、创业与区域体系,核心科技直接材料,C-KISTEP-RES0220250018,2025-02-05,W3,2023년도 예비타당성조사 보고서 첨단반도체 양산연계형 미니팹 기반구축사업,机构正式研究,C:\Users\WINDOWS\OneDrive\知识库\智库信息爬虫\国际主要科技智库观点演变_研判\03_证据底稿\原文PDF\C-KISTEP-RES0220250018.pdf,C:\Users\WINDOWS\OneDrive\知识库\智库信息爬虫\国际主要科技智库观点演变_研判\03_证据底稿\文本\C-KISTEP-RES0220250018.txt,https://www.kistep.re.kr/reportAllDetail.es?mid=a10305010000&rpt_no=RES0220250018&rpt_tp=831-003,官方PDF已保存并校验
技术安全、供应链与国际合作,核心科技直接材料,C-KISTEP-RES0220250018,2025-02-05,W3,2023년도 예비타당성조사 보고서 첨단반도체 양산연계형 미니팹 기반구축사업,机构正式研究,C:\Users\WINDOWS\OneDrive\知识库\智库信息爬虫\国际主要科技智库观点演变_研判\03_证据底稿\原文PDF\C-KISTEP-RES0220250018.pdf,C:\Users\WINDOWS\OneDrive\知识库\智库信息爬虫\国际主要科技智库观点演变_研判\03_证据底稿\文本\C-KISTEP-RES0220250018.txt,https://www.kistep.re.kr/reportAllDetail.es?mid=a10305010000&rpt_no=RES0220250018&rpt_tp=831-003,官方PDF已保存并校验
科技前瞻与未来社会,核心科技直接材料,C-KISTEP-RES0220250018,2025-02-05,W3,2023년도 예비타당성조사 보고서 첨단반도체 양산연계형 미니팹 기반구축사업,机构正式研究,C:\Users\WINDOWS\OneDrive\知识库\智库信息爬虫\国际主要科技智库观点演变_研判\03_证据底稿\原文PDF\C-KISTEP-RES0220250018.pdf,C:\Users\WINDOWS\OneDrive\知识库\智库信息爬虫\国际主要科技智库观点演变_研判\03_证据底稿\文本\C-KISTEP-RES0220250018.txt,https://www.kistep.re.kr/reportAllDetail.es?mid=a10305010000&rpt_no=RES0220250018&rpt_tp=831-003,官方PDF已保存并校验
航天、核能与大型技术系统,核心科技直接材料,C-KISTEP-RES0220250018,2025-02-05,W3,2023년도 예비타당성조사 보고서 첨단반도체 양산연계형 미니팹 기반구축사업,机构正式研究,C:\Users\WINDOWS\OneDrive\知识库\智库信息爬虫\国际主要科技智库观点演变_研判\03_证据底稿\原文PDF\C-KISTEP-RES0220250018.pdf,C:\Users\WINDOWS\OneDrive\知识库\智库信息爬虫\国际主要科技智库观点演变_研判\03_证据底稿\文本\C-KISTEP-RES0220250018.txt,https://www.kistep.re.kr/reportAllDetail.es?mid=a10305010000&rpt_no=RES0220250018&rpt_tp=831-003,官方PDF已保存并校验
中国科技与国际比较,核心科技直接材料,C-KISTEP-RES0220250019,2025-02-05,W3,미중 기술패권 경쟁시대 대응을 위한 국가 간 과학기술 협력전략 탐색 연구,机构正式研究,C:\Users\WINDOWS\OneDrive\知识库\智库信息爬虫\国际主要科技智库观点演变_研判\03_证据底稿\原文PDF\C-KISTEP-RES0220250019.pdf,C:\Users\WINDOWS\OneDrive\知识库\智库信息爬虫\国际主要科技智库观点演变_研判\03_证据底稿\文本\C-KISTEP-RES0220250019.txt,https://www.kistep.re.kr/reportAllDetail.es?mid=a10305010000&rpt_no=RES0220250019&rpt_tp=831-002,官方PDF已保存并校验
半导体、量子与战略技术,核心科技直接材料,C-KISTEP-RES0220250019,2025-02-05,W3,미중 기술패권 경쟁시대 대응을 위한 국가 간 과학기술 협력전략 탐색 연구,机构正式研究,C:\Users\WINDOWS\OneDrive\知识库\智库信息爬虫\国际主要科技智库观点演变_研判\03_证据底稿\原文PDF\C-KISTEP-RES0220250019.pdf,C:\Users\WINDOWS\OneDrive\知识库\智库信息爬虫\国际主要科技智库观点演变_研判\03_证据底稿\文本\C-KISTEP-RES0220250019.txt,https://www.kistep.re.kr/reportAllDetail.es?mid=a10305010000&rpt_no=RES0220250019&rpt_tp=831-002,官方PDF已保存并校验
技术安全、供应链与国际合作,核心科技直接材料,C-KISTEP-RES0220250019,2025-02-05,W3,미중 기술패권 경쟁시대 대응을 위한 국가 간 과학기술 협력전략 탐색 연구,机构正式研究,C:\Users\WINDOWS\OneDrive\知识库\智库信息爬虫\国际主要科技智库观点演变_研判\03_证据底稿\原文PDF\C-KISTEP-RES0220250019.pdf,C:\Users\WINDOWS\OneDrive\知识库\智库信息爬虫\国际主要科技智库观点演变_研判\03_证据底稿\文本\C-KISTEP-RES0220250019.txt,https://www.kistep.re.kr/reportAllDetail.es?mid=a10305010000&rpt_no=RES0220250019&rpt_tp=831-002,官方PDF已保存并校验
科技人才、大学与知识流动,科技创新政策与能力基线,C-KISTEP-RES0220250020,2025-02-05,W3,2024년 과학기술혁신정책·전략 네트워크 강화 연구,机构正式研究,,,https://www.kistep.re.kr/reportAllDetail.es?mid=a10305010000&rpt_no=RES0220250020&rpt_tp=831-002,官方目录元数据，附件未列入本批
产业创新、创业与区域体系,科技创新政策与能力基线,C-KISTEP-RES0220250020,2025-02-05,W3,2024년 과학기술혁신정책·전략 네트워크 강화 연구,机构正式研究,,,https://www.kistep.re.kr/reportAllDetail.es?mid=a10305010000&rpt_no=RES0220250020&rpt_tp=831-002,官方目录元数据，附件未列入本批
科研体系、研发投入与评价,科技创新政策与能力基线,C-KISTEP-RES0220250023,2025-02-10,W3,R&D 투자의 성과 종합분석 연구(2024년),机构正式研究,,,https://www.kistep.re.kr/reportAllDetail.es?mid=a10305010000&rpt_no=RES0220250023&rpt_tp=831-004,官方目录元数据，附件未列入本批
产业创新、创业与区域体系,科技创新政策与能力基线,C-KISTEP-RES0220250023,2025-02-10,W3,R&D 투자의 성과 종합분석 연구(2024년),机构正式研究,,,https://www.kistep.re.kr/reportAllDetail.es?mid=a10305010000&rpt_no=RES0220250023&rpt_tp=831-004,官方目录元数据，附件未列入本批
科研体系、研发投入与评价,科技创新政策与能力基线,C-KISTEP-RES0220250026,2025-02-11,W3,2024년 글로벌 R&D 투자동향 분석,机构正式研究,,,https://www.kistep.re.kr/reportAllDetail.es?mid=a10305010000&rpt_no=RES0220250026&rpt_tp=831-005,官方目录元数据，附件未列入本批
科研体系、研发投入与评价,科技创新政策与能力基线,C-KISTEP-RES0220250027,2025-02-11,W3,근거 기반 R&D예산 배분조정 지원 및 투자전략 연구,机构正式研究,,,https://www.kistep.re.kr/reportAllDetail.es?mid=a10305010000&rpt_no=RES0220250027&rpt_tp=831-005,官方目录元数据，附件未列入本批
科研体系、研发投入与评价,科技创新政策与能力基线,C-KISTEP-RES0220250028,2025-02-13,W3,제5차 국가연구개발 성과관리·활용 기본계획 수립을 위한 정책과제 발굴 연구,机构正式研究,,,https://www.kistep.re.kr/reportAllDetail.es?mid=a10305010000&rpt_no=RES0220250028&rpt_tp=831-004,官方目录元数据，附件未列入本批
产业创新、创业与区域体系,科技创新政策与能力基线,C-KISTEP-RES0220250034,2025-02-17,W3,2024년 이슈페이퍼 및 정책브리프 발간을 통한 정책역량 강화방안 연구,机构正式研究,,,https://www.kistep.re.kr/reportAllDetail.es?mid=a10305010000&rpt_no=RES0220250034&rpt_tp=831-002,官方目录元数据，附件未列入本批
科研体系、研发投入与评价,科技创新政策与能力基线,C-KISTEP-RES0220250036,2025-02-17,W3,국가연구개발사업 간접비 산출 및 제도 운영에 관한 연구,机构正式研究,,,https://www.kistep.re.kr/reportAllDetail.es?mid=a10305010000&rpt_no=RES0220250036&rpt_tp=831-001,官方目录元数据，附件未列入本批
科研体系、研发投入与评价,科技创新政策与能力基线,C-KISTEP-RES0220250038,2025-02-18,W3,국가연구개발사업 연구윤리 고도화 방안 연구,机构正式研究,,,https://www.kistep.re.kr/reportAllDetail.es?mid=a10305010000&rpt_no=RES0220250038&rpt_tp=831-004,官方目录元数据，附件未列入本批
技术安全、供应链与国际合作,科技创新政策与能力基线,C-KISTEP-RES0220250038,2025-02-18,W3,국가연구개발사업 연구윤리 고도화 방안 연구,机构正式研究,,,https://www.kistep.re.kr/reportAllDetail.es?mid=a10305010000&rpt_no=RES0220250038&rpt_tp=831-004,官方目录元数据，附件未列入本批
科研体系、研发投入与评价,科技创新政策与能力基线,C-KISTEP-RES0220250039,2025-02-18,W3,2023년도 연구개발활동조사,机构正式研究,,,https://www.kistep.re.kr/reportAllDetail.es?mid=a10305010000&rpt_no=RES0220250039&rpt_tp=831-001,官方目录元数据，附件未列入本批
科技人才、大学与知识流动,科技创新政策与能力基线,C-KISTEP-RES0220250039,2025-02-18,W3,2023년도 연구개발활동조사,机构正式研究,,,https://www.kistep.re.kr/reportAllDetail.es?mid=a10305010000&rpt_no=RES0220250039&rpt_tp=831-001,官方目录元数据，附件未列入本批
人工智能、数据与数字技术,核心科技直接材料,C-KISTEP-RES0220250042,2025-02-18,W3,2024년 과학기술정책의 과학화 기반구축 연구,机构正式研究,C:\Users\WINDOWS\OneDrive\知识库\智库信息爬虫\国际主要科技智库观点演变_研判\03_证据底稿\原文PDF\C-KISTEP-RES0220250042.pdf,C:\Users\WINDOWS\OneDrive\知识库\智库信息爬虫\国际主要科技智库观点演变_研判\03_证据底稿\文本\C-KISTEP-RES0220250042.txt,https://www.kistep.re.kr/reportAllDetail.es?mid=a10305010000&rpt_no=RES0220250042&rpt_tp=831-001,官方PDF已保存并校验
科研体系、研发投入与评价,核心科技直接材料,C-KISTEP-RES0220250042,2025-02-18,W3,2024년 과학기술정책의 과학화 기반구축 연구,机构正式研究,C:\Users\WINDOWS\OneDrive\知识库\智库信息爬虫\国际主要科技智库观点演变_研判\03_证据底稿\原文PDF\C-KISTEP-RES0220250042.pdf,C:\Users\WINDOWS\OneDrive\知识库\智库信息爬虫\国际主要科技智库观点演变_研判\03_证据底稿\文本\C-KISTEP-RES0220250042.txt,https://www.kistep.re.kr/reportAllDetail.es?mid=a10305010000&rpt_no=RES0220250042&rpt_tp=831-001,官方PDF已保存并校验
科技人才、大学与知识流动,核心科技直接材料,C-KISTEP-RES0220250042,2025-02-18,W3,2024년 과학기술정책의 과학화 기반구축 연구,机构正式研究,C:\Users\WINDOWS\OneDrive\知识库\智库信息爬虫\国际主要科技智库观点演变_研判\03_证据底稿\原文PDF\C-KISTEP-RES0220250042.pdf,C:\Users\WINDOWS\OneDrive\知识库\智库信息爬虫\国际主要科技智库观点演变_研判\03_证据底稿\文本\C-KISTEP-RES0220250042.txt,https://www.kistep.re.kr/reportAllDetail.es?mid=a10305010000&rpt_no=RES0220250042&rpt_tp=831-001,官方PDF已保存并校验
产业创新、创业与区域体系,核心科技直接材料,C-KISTEP-RES0220250042,2025-02-18,W3,2024년 과학기술정책의 과학화 기반구축 연구,机构正式研究,C:\Users\WINDOWS\OneDrive\知识库\智库信息爬虫\国际主要科技智库观点演变_研判\03_证据底稿\原文PDF\C-KISTEP-RES0220250042.pdf,C:\Users\WINDOWS\OneDrive\知识库\智库信息爬虫\国际主要科技智库观点演变_研判\03_证据底稿\文本\C-KISTEP-RES0220250042.txt,https://www.kistep.re.kr/reportAllDetail.es?mid=a10305010000&rpt_no=RES0220250042&rpt_tp=831-001,官方PDF已保存并校验
中国科技与国际比较,核心科技直接材料,C-KISTEP-RES0220250024,2025-02-19,W3,2024년도 연구보안 체계 내실화 연구,机构正式研究,C:\Users\WINDOWS\OneDrive\知识库\智库信息爬虫\国际主要科技智库观点演变_研判\03_证据底稿\原文PDF\C-KISTEP-RES0220250024.pdf,C:\Users\WINDOWS\OneDrive\知识库\智库信息爬虫\国际主要科技智库观点演变_研判\03_证据底稿\文本\C-KISTEP-RES0220250024.txt,https://www.kistep.re.kr/reportAllDetail.es?mid=a10305010000&rpt_no=RES0220250024&rpt_tp=831-002,官方PDF已保存并校验
半导体、量子与战略技术,核心科技直接材料,C-KISTEP-RES0220250024,2025-02-19,W3,2024년도 연구보안 체계 내실화 연구,机构正式研究,C:\Users\WINDOWS\OneDrive\知识库\智库信息爬虫\国际主要科技智库观点演变_研判\03_证据底稿\原文PDF\C-KISTEP-RES0220250024.pdf,C:\Users\WINDOWS\OneDrive\知识库\智库信息爬虫\国际主要科技智库观点演变_研判\03_证据底稿\文本\C-KISTEP-RES0220250024.txt,https://www.kistep.re.kr/reportAllDetail.es?mid=a10305010000&rpt_no=RES0220250024&rpt_tp=831-002,官方PDF已保存并校验
科研体系、研发投入与评价,核心科技直接材料,C-KISTEP-RES0220250024,2025-02-19,W3,2024년도 연구보안 체계 내실화 연구,机构正式研究,C:\Users\WINDOWS\OneDrive\知识库\智库信息爬虫\国际主要科技智库观点演变_研判\03_证据底稿\原文PDF\C-KISTEP-RES0220250024.pdf,C:\Users\WINDOWS\OneDrive\知识库\智库信息爬虫\国际主要科技智库观点演变_研判\03_证据底稿\文本\C-KISTEP-RES0220250024.txt,https://www.kistep.re.kr/reportAllDetail.es?mid=a10305010000&rpt_no=RES0220250024&rpt_tp=831-002,官方PDF已保存并校验
科技人才、大学与知识流动,核心科技直接材料,C-KISTEP-RES0220250024,2025-02-19,W3,2024년도 연구보안 체계 내실화 연구,机构正式研究,C:\Users\WINDOWS\OneDrive\知识库\智库信息爬虫\国际主要科技智库观点演变_研判\03_证据底稿\原文PDF\C-KISTEP-RES0220250024.pdf,C:\Users\WINDOWS\OneDrive\知识库\智库信息爬虫\国际主要科技智库观点演变_研判\03_证据底稿\文本\C-KISTEP-RES0220250024.txt,https://www.kistep.re.kr/reportAllDetail.es?mid=a10305010000&rpt_no=RES0220250024&rpt_tp=831-002,官方PDF已保存并校验
产业创新、创业与区域体系,核心科技直接材料,C-KISTEP-RES0220250024,2025-02-19,W3,2024년도 연구보안 체계 내실화 연구,机构正式研究,C:\Users\WINDOWS\OneDrive\知识库\智库信息爬虫\国际主要科技智库观点演变_研判\03_证据底稿\原文PDF\C-KISTEP-RES0220250024.pdf,C:\Users\WINDOWS\OneDrive\知识库\智库信息爬虫\国际主要科技智库观点演变_研判\03_证据底稿\文本\C-KISTEP-RES0220250024.txt,https://www.kistep.re.kr/reportAllDetail.es?mid=a10305010000&rpt_no=RES0220250024&rpt_tp=831-002,官方PDF已保存并校验
技术安全、供应链与国际合作,核心科技直接材料,C-KISTEP-RES0220250024,2025-02-19,W3,2024년도 연구보안 체계 내실화 연구,机构正式研究,C:\Users\WINDOWS\OneDrive\知识库\智库信息爬虫\国际主要科技智库观点演变_研判\03_证据底稿\原文PDF\C-KISTEP-RES0220250024.pdf,C:\Users\WINDOWS\OneDrive\知识库\智库信息爬虫\国际主要科技智库观点演变_研判\03_证据底稿\文本\C-KISTEP-RES0220250024.txt,https://www.kistep.re.kr/reportAllDetail.es?mid=a10305010000&rpt_no=RES0220250024&rpt_tp=831-002,官方PDF已保存并校验
科技前瞻与未来社会,核心科技直接材料,C-KISTEP-RES0220250024,2025-02-19,W3,2024년도 연구보안 체계 내실화 연구,机构正式研究,C:\Users\WINDOWS\OneDrive\知识库\智库信息爬虫\国际主要科技智库观点演变_研判\03_证据底稿\原文PDF\C-KISTEP-RES0220250024.pdf,C:\Users\WINDOWS\OneDrive\知识库\智库信息爬虫\国际主要科技智库观点演变_研判\03_证据底稿\文本\C-KISTEP-RES0220250024.txt,https://www.kistep.re.kr/reportAllDetail.es?mid=a10305010000&rpt_no=RES0220250024&rpt_tp=831-002,官方PDF已保存并校验
产业创新、创业与区域体系,科技创新政策与能力基线,C-KISTEP-RES0220250029,2025-02-19,W3,2024년 개방형 포럼 방식을 활용한 과학기술 이슈 연구,机构正式研究,,,https://www.kistep.re.kr/reportAllDetail.es?mid=a10305010000&rpt_no=RES0220250029&rpt_tp=831-005,官方目录元数据，附件未列入本批
产业创新、创业与区域体系,科技创新政策与能力基线,C-KISTEP-RES0220250040,2025-02-19,W3,2024년도 과학기술혁신정책 핵심이슈 발굴 및 인텔리전스 기능강화 연구,机构正式研究,,,https://www.kistep.re.kr/reportAllDetail.es?mid=a10305010000&rpt_no=RES0220250040&rpt_tp=831-002,官方目录元数据，附件未列入本批
科研体系、研发投入与评价,科技创新政策与能力基线,C-KISTEP-RES0220250043,2025-02-19,W3,2024년도 국가연구개발 통합성과활용플랫폼 구축,机构正式研究,,,https://www.kistep.re.kr/reportAllDetail.es?mid=a10305010000&rpt_no=RES0220250043&rpt_tp=831-004,官方目录元数据，附件未列入本批
科研体系、研发投入与评价,科技创新政策与能力基线,C-KISTEP-RES0220250045,2025-02-20,W3,KISTEP Think 2025 과학기술혁신정책 아젠다 발굴 연구,机构正式研究,,,https://www.kistep.re.kr/reportAllDetail.es?mid=a10305010000&rpt_no=RES0220250045&rpt_tp=831-002,官方目录元数据，附件未列入本批
产业创新、创业与区域体系,科技创新政策与能力基线,C-KISTEP-RES0220250045,2025-02-20,W3,KISTEP Think 2025 과학기술혁신정책 아젠다 발굴 연구,机构正式研究,,,https://www.kistep.re.kr/reportAllDetail.es?mid=a10305010000&rpt_no=RES0220250045&rpt_tp=831-002,官方目录元数据，附件未列入本批
科技创新政策与研究体系,科技创新政策与能力基线,C-KISTEP-RES0220250041,2025-02-21,W3,2024년 과학기술통계 분석과 통계백서,机构正式研究,,,https://www.kistep.re.kr/reportAllDetail.es?mid=a10305010000&rpt_no=RES0220250041&rpt_tp=831-001,官方目录元数据，附件未列入本批
科研体系、研发投入与评价,科技创新政策与能力基线,C-KISTEP-RES0220250050,2025-02-21,W3,국가연구개발 연구성과 관리·활용 실태조사,机构正式研究,,,https://www.kistep.re.kr/reportAllDetail.es?mid=a10305010000&rpt_no=RES0220250050&rpt_tp=831-004,官方目录元数据，附件未列入本批
科技人才、大学与知识流动,科技创新政策与能力基线,C-KISTEP-RES0220250030,2025-02-24,W3,학생인건비통합관리제 기획 및 운영,机构正式研究,,,https://www.kistep.re.kr/reportAllDetail.es?mid=a10305010000&rpt_no=RES0220250030&rpt_tp=831-001,官方目录元数据，附件未列入本批
科研体系、研发投入与评价,科技创新政策与能力基线,C-KISTEP-RES0220250032,2025-02-24,W3,무기체계의 효과적인 확보를 위한 국방R&D 투자전략 연구 - 유도무기체계를 중심으로 -,机构正式研究,,,https://www.kistep.re.kr/reportAllDetail.es?mid=a10305010000&rpt_no=RES0220250032&rpt_tp=831-005,官方目录元数据，附件未列入本批
产业创新、创业与区域体系,科技创新政策与能力基线,C-KISTEP-RES0220250032,2025-02-24,W3,무기체계의 효과적인 확보를 위한 국방R&D 투자전략 연구 - 유도무기체계를 중심으로 -,机构正式研究,,,https://www.kistep.re.kr/reportAllDetail.es?mid=a10305010000&rpt_no=RES0220250032&rpt_tp=831-005,官方目录元数据，附件未列入本批
科研体系、研发投入与评价,科技创新政策与能力基线,C-KISTEP-RES0220250046,2025-02-24,W3,정부R&D 등록·기탁 성과물 심층분석 연구,机构正式研究,,,https://www.kistep.re.kr/reportAllDetail.es?mid=a10305010000&rpt_no=RES0220250046&rpt_tp=831-004,官方目录元数据，附件未列入本批
科研体系、研发投入与评价,科技创新政策与能力基线,C-KISTEP-RES0220250047,2025-02-24,W3,연구지원 체계평가 운영에 관한 연구 최종보고서,机构正式研究,,,https://www.kistep.re.kr/reportAllDetail.es?mid=a10305010000&rpt_no=RES0220250047&rpt_tp=831-001,官方目录元数据，附件未列入本批
科研体系、研发投入与评价,科技创新政策与能力基线,C-KISTEP-RES0220250051,2025-02-24,W3,2024년도 국가연구개발사업 예비타당성조사 대상선정,机构正式研究,,,https://www.kistep.re.kr/reportAllDetail.es?mid=a10305010000&rpt_no=RES0220250051&rpt_tp=831-003,官方目录元数据，附件未列入本批
科研体系、研发投入与评价,科技创新政策与能力基线,C-KISTEP-RES0220250053,2025-02-24,W3,2024년도 과학기술분야 출연연구기관 상위평가보고서,机构正式研究,,,https://www.kistep.re.kr/reportAllDetail.es?mid=a10305010000&rpt_no=RES0220250053&rpt_tp=831-001,官方目录元数据，附件未列入本批
科研体系、研发投入与评价,科技创新政策与能力基线,C-KISTEP-RES0220250054,2025-02-24,W3,2024년 국가연구개발사업 상위점검 및 연구기관 상위평가,机构正式研究,,,https://www.kistep.re.kr/reportAllDetail.es?mid=a10305010000&rpt_no=RES0220250054&rpt_tp=831-001,官方目录元数据，附件未列入本批
人工智能、数据与数字技术,核心科技直接材料,C-KISTEP-RES0220250055,2025-02-24,W3,2024년 데이터 기반 R&D예산배분조정 지원체계 구축 연구,机构正式研究,C:\Users\WINDOWS\OneDrive\知识库\智库信息爬虫\国际主要科技智库观点演变_研判\03_证据底稿\原文PDF\C-KISTEP-RES0220250055.pdf,C:\Users\WINDOWS\OneDrive\知识库\智库信息爬虫\国际主要科技智库观点演变_研判\03_证据底稿\文本\C-KISTEP-RES0220250055.txt,https://www.kistep.re.kr/reportAllDetail.es?mid=a10305010000&rpt_no=RES0220250055&rpt_tp=831-005,官方PDF已保存并校验
能源、气候与绿色转型,核心科技直接材料,C-KISTEP-RES0220250055,2025-02-24,W3,2024년 데이터 기반 R&D예산배분조정 지원체계 구축 연구,机构正式研究,C:\Users\WINDOWS\OneDrive\知识库\智库信息爬虫\国际主要科技智库观点演变_研判\03_证据底稿\原文PDF\C-KISTEP-RES0220250055.pdf,C:\Users\WINDOWS\OneDrive\知识库\智库信息爬虫\国际主要科技智库观点演变_研判\03_证据底稿\文本\C-KISTEP-RES0220250055.txt,https://www.kistep.re.kr/reportAllDetail.es?mid=a10305010000&rpt_no=RES0220250055&rpt_tp=831-005,官方PDF已保存并校验
科研体系、研发投入与评价,核心科技直接材料,C-KISTEP-RES0220250055,2025-02-24,W3,2024년 데이터 기반 R&D예산배분조정 지원체계 구축 연구,机构正式研究,C:\Users\WINDOWS\OneDrive\知识库\智库信息爬虫\国际主要科技智库观点演变_研判\03_证据底稿\原文PDF\C-KISTEP-RES0220250055.pdf,C:\Users\WINDOWS\OneDrive\知识库\智库信息爬虫\国际主要科技智库观点演变_研判\03_证据底稿\文本\C-KISTEP-RES0220250055.txt,https://www.kistep.re.kr/reportAllDetail.es?mid=a10305010000&rpt_no=RES0220250055&rpt_tp=831-005,官方PDF已保存并校验
科技人才、大学与知识流动,核心科技直接材料,C-KISTEP-RES0220250055,2025-02-24,W3,2024년 데이터 기반 R&D예산배분조정 지원체계 구축 연구,机构正式研究,C:\Users\WINDOWS\OneDrive\知识库\智库信息爬虫\国际主要科技智库观点演变_研判\03_证据底稿\原文PDF\C-KISTEP-RES0220250055.pdf,C:\Users\WINDOWS\OneDrive\知识库\智库信息爬虫\国际主要科技智库观点演变_研判\03_证据底稿\文本\C-KISTEP-RES0220250055.txt,https://www.kistep.re.kr/reportAllDetail.es?mid=a10305010000&rpt_no=RES0220250055&rpt_tp=831-005,官方PDF已保存并校验
产业创新、创业与区域体系,核心科技直接材料,C-KISTEP-RES0220250055,2025-02-24,W3,2024년 데이터 기반 R&D예산배분조정 지원체계 구축 연구,机构正式研究,C:\Users\WINDOWS\OneDrive\知识库\智库信息爬虫\国际主要科技智库观点演变_研判\03_证据底稿\原文PDF\C-KISTEP-RES0220250055.pdf,C:\Users\WINDOWS\OneDrive\知识库\智库信息爬虫\国际主要科技智库观点演变_研判\03_证据底稿\文本\C-KISTEP-RES0220250055.txt,https://www.kistep.re.kr/reportAllDetail.es?mid=a10305010000&rpt_no=RES0220250055&rpt_tp=831-005,官方PDF已保存并校验
科技前瞻与未来社会,核心科技直接材料,C-KISTEP-RES0220250055,2025-02-24,W3,2024년 데이터 기반 R&D예산배분조정 지원체계 구축 연구,机构正式研究,C:\Users\WINDOWS\OneDrive\知识库\智库信息爬虫\国际主要科技智库观点演变_研判\03_证据底稿\原文PDF\C-KISTEP-RES0220250055.pdf,C:\Users\WINDOWS\OneDrive\知识库\智库信息爬虫\国际主要科技智库观点演变_研判\03_证据底稿\文本\C-KISTEP-RES0220250055.txt,https://www.kistep.re.kr/reportAllDetail.es?mid=a10305010000&rpt_no=RES0220250055&rpt_tp=831-005,官方PDF已保存并校验
航天、核能与大型技术系统,核心科技直接材料,C-KISTEP-RES0220250055,2025-02-24,W3,2024년 데이터 기반 R&D예산배분조정 지원체계 구축 연구,机构正式研究,C:\Users\WINDOWS\OneDrive\知识库\智库信息爬虫\国际主要科技智库观点演变_研判\03_证据底稿\原文PDF\C-KISTEP-RES0220250055.pdf,C:\Users\WINDOWS\OneDrive\知识库\智库信息爬虫\国际主要科技智库观点演变_研判\03_证据底稿\文本\C-KISTEP-RES0220250055.txt,https://www.kistep.re.kr/reportAllDetail.es?mid=a10305010000&rpt_no=RES0220250055&rpt_tp=831-005,官方PDF已保存并校验
科研体系、研发投入与评价,科技创新政策与能力基线,C-KISTEP-RES0220250057,2025-02-24,W3,2024년 국가 과학기술혁신역량평가 연구,机构正式研究,,,https://www.kistep.re.kr/reportAllDetail.es?mid=a10305010000&rpt_no=RES0220250057&rpt_tp=831-001,官方目录元数据，附件未列入本批
产业创新、创业与区域体系,科技创新政策与能力基线,C-KISTEP-RES0220250057,2025-02-24,W3,2024년 국가 과학기술혁신역량평가 연구,机构正式研究,,,https://www.kistep.re.kr/reportAllDetail.es?mid=a10305010000&rpt_no=RES0220250057&rpt_tp=831-001,官方目录元数据，附件未列入本批
科研体系、研发投入与评价,科技创新政策与能力基线,C-KISTEP-RES0220250058,2025-02-24,W3,2024년 기술혁신 동향 분석 및 R&D투자 아젠다 발굴 연구,机构正式研究,,,https://www.kistep.re.kr/reportAllDetail.es?mid=a10305010000&rpt_no=RES0220250058&rpt_tp=831-005,官方目录元数据，附件未列入本批
产业创新、创业与区域体系,科技创新政策与能力基线,C-KISTEP-RES0220250058,2025-02-24,W3,2024년 기술혁신 동향 분석 및 R&D투자 아젠다 발굴 연구,机构正式研究,,,https://www.kistep.re.kr/reportAllDetail.es?mid=a10305010000&rpt_no=RES0220250058&rpt_tp=831-005,官方目录元数据，附件未列入本批
科研体系、研发投入与评价,科技创新政策与能力基线,C-KISTEP-RES0220250052,2025-02-25,W3,2024년 과학기술 분야 R&D 제도 혁신 기반 연구,机构正式研究,,,https://www.kistep.re.kr/reportAllDetail.es?mid=a10305010000&rpt_no=RES0220250052&rpt_tp=831-004,官方目录元数据，附件未列入本批
产业创新、创业与区域体系,科技创新政策与能力基线,C-KISTEP-RES0220250052,2025-02-25,W3,2024년 과학기술 분야 R&D 제도 혁신 기반 연구,机构正式研究,,,https://www.kistep.re.kr/reportAllDetail.es?mid=a10305010000&rpt_no=RES0220250052&rpt_tp=831-004,官方目录元数据，附件未列入本批
人工智能、数据与数字技术,核心科技直接材料,C-KISTEP-RES0220250059,2025-02-25,W3,글로벌 R&D 전략성 강화를 위한 전문가 인식 조사 연구,机构正式研究,C:\Users\WINDOWS\OneDrive\知识库\智库信息爬虫\国际主要科技智库观点演变_研判\03_证据底稿\原文PDF\C-KISTEP-RES0220250059.pdf,C:\Users\WINDOWS\OneDrive\知识库\智库信息爬虫\国际主要科技智库观点演变_研判\03_证据底稿\文本\C-KISTEP-RES0220250059.txt,https://www.kistep.re.kr/reportAllDetail.es?mid=a10305010000&rpt_no=RES0220250059&rpt_tp=831-002,官方PDF已保存并校验
半导体、量子与战略技术,核心科技直接材料,C-KISTEP-RES0220250059,2025-02-25,W3,글로벌 R&D 전략성 강화를 위한 전문가 인식 조사 연구,机构正式研究,C:\Users\WINDOWS\OneDrive\知识库\智库信息爬虫\国际主要科技智库观点演变_研判\03_证据底稿\原文PDF\C-KISTEP-RES0220250059.pdf,C:\Users\WINDOWS\OneDrive\知识库\智库信息爬虫\国际主要科技智库观点演变_研判\03_证据底稿\文本\C-KISTEP-RES0220250059.txt,https://www.kistep.re.kr/reportAllDetail.es?mid=a10305010000&rpt_no=RES0220250059&rpt_tp=831-002,官方PDF已保存并校验
生命科学、生物技术与健康,核心科技直接材料,C-KISTEP-RES0220250059,2025-02-25,W3,글로벌 R&D 전략성 강화를 위한 전문가 인식 조사 연구,机构正式研究,C:\Users\WINDOWS\OneDrive\知识库\智库信息爬虫\国际主要科技智库观点演变_研判\03_证据底稿\原文PDF\C-KISTEP-RES0220250059.pdf,C:\Users\WINDOWS\OneDrive\知识库\智库信息爬虫\国际主要科技智库观点演变_研判\03_证据底稿\文本\C-KISTEP-RES0220250059.txt,https://www.kistep.re.kr/reportAllDetail.es?mid=a10305010000&rpt_no=RES0220250059&rpt_tp=831-002,官方PDF已保存并校验
能源、气候与绿色转型,核心科技直接材料,C-KISTEP-RES0220250059,2025-02-25,W3,글로벌 R&D 전략성 강화를 위한 전문가 인식 조사 연구,机构正式研究,C:\Users\WINDOWS\OneDrive\知识库\智库信息爬虫\国际主要科技智库观点演变_研判\03_证据底稿\原文PDF\C-KISTEP-RES0220250059.pdf,C:\Users\WINDOWS\OneDrive\知识库\智库信息爬虫\国际主要科技智库观点演变_研判\03_证据底稿\文本\C-KISTEP-RES0220250059.txt,https://www.kistep.re.kr/reportAllDetail.es?mid=a10305010000&rpt_no=RES0220250059&rpt_tp=831-002,官方PDF已保存并校验
科研体系、研发投入与评价,核心科技直接材料,C-KISTEP-RES0220250059,2025-02-25,W3,글로벌 R&D 전략성 강화를 위한 전문가 인식 조사 연구,机构正式研究,C:\Users\WINDOWS\OneDrive\知识库\智库信息爬虫\国际主要科技智库观点演变_研判\03_证据底稿\原文PDF\C-KISTEP-RES0220250059.pdf,C:\Users\WINDOWS\OneDrive\知识库\智库信息爬虫\国际主要科技智库观点演变_研判\03_证据底稿\文本\C-KISTEP-RES0220250059.txt,https://www.kistep.re.kr/reportAllDetail.es?mid=a10305010000&rpt_no=RES0220250059&rpt_tp=831-002,官方PDF已保存并校验
产业创新、创业与区域体系,核心科技直接材料,C-KISTEP-RES0220250059,2025-02-25,W3,글로벌 R&D 전략성 강화를 위한 전문가 인식 조사 연구,机构正式研究,C:\Users\WINDOWS\OneDrive\知识库\智库信息爬虫\国际主要科技智库观点演变_研判\03_证据底稿\原文PDF\C-KISTEP-RES0220250059.pdf,C:\Users\WINDOWS\OneDrive\知识库\智库信息爬虫\国际主要科技智库观点演变_研判\03_证据底稿\文本\C-KISTEP-RES0220250059.txt,https://www.kistep.re.kr/reportAllDetail.es?mid=a10305010000&rpt_no=RES0220250059&rpt_tp=831-002,官方PDF已保存并校验
技术安全、供应链与国际合作,核心科技直接材料,C-KISTEP-RES0220250059,2025-02-25,W3,글로벌 R&D 전략성 강화를 위한 전문가 인식 조사 연구,机构正式研究,C:\Users\WINDOWS\OneDrive\知识库\智库信息爬虫\国际主要科技智库观点演变_研判\03_证据底稿\原文PDF\C-KISTEP-RES0220250059.pdf,C:\Users\WINDOWS\OneDrive\知识库\智库信息爬虫\国际主要科技智库观点演变_研判\03_证据底稿\文本\C-KISTEP-RES0220250059.txt,https://www.kistep.re.kr/reportAllDetail.es?mid=a10305010000&rpt_no=RES0220250059&rpt_tp=831-002,官方PDF已保存并校验
航天、核能与大型技术系统,核心科技直接材料,C-KISTEP-RES0220250059,2025-02-25,W3,글로벌 R&D 전략성 강화를 위한 전문가 인식 조사 연구,机构正式研究,C:\Users\WINDOWS\OneDrive\知识库\智库信息爬虫\国际主要科技智库观点演变_研判\03_证据底稿\原文PDF\C-KISTEP-RES0220250059.pdf,C:\Users\WINDOWS\OneDrive\知识库\智库信息爬虫\国际主要科技智库观点演变_研判\03_证据底稿\文本\C-KISTEP-RES0220250059.txt,https://www.kistep.re.kr/reportAllDetail.es?mid=a10305010000&rpt_no=RES0220250059&rpt_tp=831-002,官方PDF已保存并校验
科技人才、大学与知识流动,科技创新政策与能力基线,C-KISTEP-RES0220250064,2025-02-25,W3,연구자권익보호위원회 운영,机构正式研究,,,https://www.kistep.re.kr/reportAllDetail.es?mid=a10305010000&rpt_no=RES0220250064&rpt_tp=831-002,官方目录元数据，附件未列入本批
科研体系、研发投入与评价,科技创新政策与能力基线,C-KISTEP-RES0220250065,2025-02-25,W3,연구관리 전문기관 효율화 개선 연구,机构正式研究,,,https://www.kistep.re.kr/reportAllDetail.es?mid=a10305010000&rpt_no=RES0220250065&rpt_tp=831-004,官方目录元数据，附件未列入本批
中国科技与国际比较,核心科技直接材料,C-KISTEP-RES0220250067,2025-02-25,W3,주력산업의 기술주권유지와 공급망리스크 완화를 위한 정부R&D 투자전략 수립 연구,机构正式研究,C:\Users\WINDOWS\OneDrive\知识库\智库信息爬虫\国际主要科技智库观点演变_研判\03_证据底稿\原文PDF\C-KISTEP-RES0220250067.pdf,C:\Users\WINDOWS\OneDrive\知识库\智库信息爬虫\国际主要科技智库观点演变_研判\03_证据底稿\文本\C-KISTEP-RES0220250067.txt,https://www.kistep.re.kr/reportAllDetail.es?mid=a10305010000&rpt_no=RES0220250067&rpt_tp=831-005,官方PDF已保存并校验
人工智能、数据与数字技术,核心科技直接材料,C-KISTEP-RES0220250067,2025-02-25,W3,주력산업의 기술주권유지와 공급망리스크 완화를 위한 정부R&D 투자전략 수립 연구,机构正式研究,C:\Users\WINDOWS\OneDrive\知识库\智库信息爬虫\国际主要科技智库观点演变_研判\03_证据底稿\原文PDF\C-KISTEP-RES0220250067.pdf,C:\Users\WINDOWS\OneDrive\知识库\智库信息爬虫\国际主要科技智库观点演变_研判\03_证据底稿\文本\C-KISTEP-RES0220250067.txt,https://www.kistep.re.kr/reportAllDetail.es?mid=a10305010000&rpt_no=RES0220250067&rpt_tp=831-005,官方PDF已保存并校验
半导体、量子与战略技术,核心科技直接材料,C-KISTEP-RES0220250067,2025-02-25,W3,주력산업의 기술주권유지와 공급망리스크 완화를 위한 정부R&D 투자전략 수립 연구,机构正式研究,C:\Users\WINDOWS\OneDrive\知识库\智库信息爬虫\国际主要科技智库观点演变_研判\03_证据底稿\原文PDF\C-KISTEP-RES0220250067.pdf,C:\Users\WINDOWS\OneDrive\知识库\智库信息爬虫\国际主要科技智库观点演变_研判\03_证据底稿\文本\C-KISTEP-RES0220250067.txt,https://www.kistep.re.kr/reportAllDetail.es?mid=a10305010000&rpt_no=RES0220250067&rpt_tp=831-005,官方PDF已保存并校验
生命科学、生物技术与健康,核心科技直接材料,C-KISTEP-RES0220250067,2025-02-25,W3,주력산업의 기술주권유지와 공급망리스크 완화를 위한 정부R&D 투자전략 수립 연구,机构正式研究,C:\Users\WINDOWS\OneDrive\知识库\智库信息爬虫\国际主要科技智库观点演变_研判\03_证据底稿\原文PDF\C-KISTEP-RES0220250067.pdf,C:\Users\WINDOWS\OneDrive\知识库\智库信息爬虫\国际主要科技智库观点演变_研判\03_证据底稿\文本\C-KISTEP-RES0220250067.txt,https://www.kistep.re.kr/reportAllDetail.es?mid=a10305010000&rpt_no=RES0220250067&rpt_tp=831-005,官方PDF已保存并校验
能源、气候与绿色转型,核心科技直接材料,C-KISTEP-RES0220250067,2025-02-25,W3,주력산업의 기술주권유지와 공급망리스크 완화를 위한 정부R&D 투자전략 수립 연구,机构正式研究,C:\Users\WINDOWS\OneDrive\知识库\智库信息爬虫\国际主要科技智库观点演变_研判\03_证据底稿\原文PDF\C-KISTEP-RES0220250067.pdf,C:\Users\WINDOWS\OneDrive\知识库\智库信息爬虫\国际主要科技智库观点演变_研判\03_证据底稿\文本\C-KISTEP-RES0220250067.txt,https://www.kistep.re.kr/reportAllDetail.es?mid=a10305010000&rpt_no=RES0220250067&rpt_tp=831-005,官方PDF已保存并校验
科研体系、研发投入与评价,核心科技直接材料,C-KISTEP-RES0220250067,2025-02-25,W3,주력산업의 기술주권유지와 공급망리스크 완화를 위한 정부R&D 투자전략 수립 연구,机构正式研究,C:\Users\WINDOWS\OneDrive\知识库\智库信息爬虫\国际主要科技智库观点演变_研判\03_证据底稿\原文PDF\C-KISTEP-RES0220250067.pdf,C:\Users\WINDOWS\OneDrive\知识库\智库信息爬虫\国际主要科技智库观点演变_研判\03_证据底稿\文本\C-KISTEP-RES0220250067.txt,https://www.kistep.re.kr/reportAllDetail.es?mid=a10305010000&rpt_no=RES0220250067&rpt_tp=831-005,官方PDF已保存并校验
科技人才、大学与知识流动,核心科技直接材料,C-KISTEP-RES0220250067,2025-02-25,W3,주력산업의 기술주권유지와 공급망리스크 완화를 위한 정부R&D 투자전략 수립 연구,机构正式研究,C:\Users\WINDOWS\OneDrive\知识库\智库信息爬虫\国际主要科技智库观点演变_研判\03_证据底稿\原文PDF\C-KISTEP-RES0220250067.pdf,C:\Users\WINDOWS\OneDrive\知识库\智库信息爬虫\国际主要科技智库观点演变_研判\03_证据底稿\文本\C-KISTEP-RES0220250067.txt,https://www.kistep.re.kr/reportAllDetail.es?mid=a10305010000&rpt_no=RES0220250067&rpt_tp=831-005,官方PDF已保存并校验
产业创新、创业与区域体系,核心科技直接材料,C-KISTEP-RES0220250067,2025-02-25,W3,주력산업의 기술주권유지와 공급망리스크 완화를 위한 정부R&D 투자전략 수립 연구,机构正式研究,C:\Users\WINDOWS\OneDrive\知识库\智库信息爬虫\国际主要科技智库观点演变_研判\03_证据底稿\原文PDF\C-KISTEP-RES0220250067.pdf,C:\Users\WINDOWS\OneDrive\知识库\智库信息爬虫\国际主要科技智库观点演变_研判\03_证据底稿\文本\C-KISTEP-RES0220250067.txt,https://www.kistep.re.kr/reportAllDetail.es?mid=a10305010000&rpt_no=RES0220250067&rpt_tp=831-005,官方PDF已保存并校验
技术安全、供应链与国际合作,核心科技直接材料,C-KISTEP-RES0220250067,2025-02-25,W3,주력산업의 기술주권유지와 공급망리스크 완화를 위한 정부R&D 투자전략 수립 연구,机构正式研究,C:\Users\WINDOWS\OneDrive\知识库\智库信息爬虫\国际主要科技智库观点演变_研判\03_证据底稿\原文PDF\C-KISTEP-RES0220250067.pdf,C:\Users\WINDOWS\OneDrive\知识库\智库信息爬虫\国际主要科技智库观点演变_研判\03_证据底稿\文本\C-KISTEP-RES0220250067.txt,https://www.kistep.re.kr/reportAllDetail.es?mid=a10305010000&rpt_no=RES0220250067&rpt_tp=831-005,官方PDF已保存并校验
科技前瞻与未来社会,核心科技直接材料,C-KISTEP-RES0220250067,2025-02-25,W3,주력산업의 기술주권유지와 공급망리스크 완화를 위한 정부R&D 투자전략 수립 연구,机构正式研究,C:\Users\WINDOWS\OneDrive\知识库\智库信息爬虫\国际主要科技智库观点演变_研判\03_证据底稿\原文PDF\C-KISTEP-RES0220250067.pdf,C:\Users\WINDOWS\OneDrive\知识库\智库信息爬虫\国际主要科技智库观点演变_研判\03_证据底稿\文本\C-KISTEP-RES0220250067.txt,https://www.kistep.re.kr/reportAllDetail.es?mid=a10305010000&rpt_no=RES0220250067&rpt_tp=831-005,官方PDF已保存并校验
航天、核能与大型技术系统,核心科技直接材料,C-KISTEP-RES0220250067,2025-02-25,W3,주력산업의 기술주권유지와 공급망리스크 완화를 위한 정부R&D 투자전략 수립 연구,机构正式研究,C:\Users\WINDOWS\OneDrive\知识库\智库信息爬虫\国际主要科技智库观点演变_研判\03_证据底稿\原文PDF\C-KISTEP-RES0220250067.pdf,C:\Users\WINDOWS\OneDrive\知识库\智库信息爬虫\国际主要科技智库观点演变_研判\03_证据底稿\文本\C-KISTEP-RES0220250067.txt,https://www.kistep.re.kr/reportAllDetail.es?mid=a10305010000&rpt_no=RES0220250067&rpt_tp=831-005,官方PDF已保存并校验
科研体系、研发投入与评价,科技创新政策与能力基线,C-KISTEP-RES0220250021,2025-02-26,W3,2024년 전략적 R&D예산 배분 및 편성을 위한 정책기반 구축에 관한 연구,机构正式研究,,,https://www.kistep.re.kr/reportAllDetail.es?mid=a10305010000&rpt_no=RES0220250021&rpt_tp=831-005,官方目录元数据，附件未列入本批
科研体系、研发投入与评价,科技创新政策与能力基线,C-KISTEP-RES0220250044,2025-02-26,W3,2024년 지역 R&D 실태조사,机构正式研究,,,https://www.kistep.re.kr/reportAllDetail.es?mid=a10305010000&rpt_no=RES0220250044&rpt_tp=831-002,官方目录元数据，附件未列入本批
产业创新、创业与区域体系,科技创新政策与能力基线,C-KISTEP-RES0220250044,2025-02-26,W3,2024년 지역 R&D 실태조사,机构正式研究,,,https://www.kistep.re.kr/reportAllDetail.es?mid=a10305010000&rpt_no=RES0220250044&rpt_tp=831-002,官方目录元数据，附件未列入本批
科技人才、大学与知识流动,科技创新政策与能力基线,C-KISTEP-RES0220250048,2025-02-26,W3,2024년 과학기술혁신정책 스코어보드 개발 연구,机构正式研究,,,https://www.kistep.re.kr/reportAllDetail.es?mid=a10305010000&rpt_no=RES0220250048&rpt_tp=831-002,官方目录元数据，附件未列入本批
产业创新、创业与区域体系,科技创新政策与能力基线,C-KISTEP-RES0220250048,2025-02-26,W3,2024년 과학기술혁신정책 스코어보드 개발 연구,机构正式研究,,,https://www.kistep.re.kr/reportAllDetail.es?mid=a10305010000&rpt_no=RES0220250048&rpt_tp=831-002,官方目录元数据，附件未列入本批
科研体系、研发投入与评价,科技创新政策与能力基线,C-KISTEP-RES0220250061,2025-02-26,W3,"과학기술정책 특위·협의회 운영지원(인재특위, 기초·지역협의회)",机构正式研究,,,https://www.kistep.re.kr/reportAllDetail.es?mid=a10305010000&rpt_no=RES0220250061&rpt_tp=831-002,官方目录元数据，附件未列入本批
科技人才、大学与知识流动,科技创新政策与能力基线,C-KISTEP-RES0220250061,2025-02-26,W3,"과학기술정책 특위·협의회 운영지원(인재특위, 기초·지역협의회)",机构正式研究,,,https://www.kistep.re.kr/reportAllDetail.es?mid=a10305010000&rpt_no=RES0220250061&rpt_tp=831-002,官方目录元数据，附件未列入本批
产业创新、创业与区域体系,科技创新政策与能力基线,C-KISTEP-RES0220250061,2025-02-26,W3,"과학기술정책 특위·협의회 운영지원(인재특위, 기초·지역협의회)",机构正式研究,,,https://www.kistep.re.kr/reportAllDetail.es?mid=a10305010000&rpt_no=RES0220250061&rpt_tp=831-002,官方目录元数据，附件未列入本批
科技前瞻与未来社会,科技创新政策与能力基线,C-KISTEP-RES0220250061,2025-02-26,W3,"과학기술정책 특위·협의회 운영지원(인재특위, 기초·지역협의회)",机构正式研究,,,https://www.kistep.re.kr/reportAllDetail.es?mid=a10305010000&rpt_no=RES0220250061&rpt_tp=831-002,官方目录元数据，附件未列入本批
产业创新、创业与区域体系,科技创新政策与能力基线,C-KISTEP-RES0220250063,2025-02-26,W3,2023년도 과학기술분야 중장기계획 조사·분석,机构正式研究,,,https://www.kistep.re.kr/reportAllDetail.es?mid=a10305010000&rpt_no=RES0220250063&rpt_tp=831-002,官方目录元数据，附件未列入本批
科研体系、研发投入与评价,科技创新政策与能力基线,C-KISTEP-RES0220250066,2025-02-26,W3,직·간접 지원 정책 연계를 통한 기업 R&D 재정지원의 효과성 제고 방안 연구,机构正式研究,,,https://www.kistep.re.kr/reportAllDetail.es?mid=a10305010000&rpt_no=RES0220250066&rpt_tp=831-005,官方目录元数据，附件未列入本批
产业创新、创业与区域体系,科技创新政策与能力基线,C-KISTEP-RES0220250066,2025-02-26,W3,직·간접 지원 정책 연계를 통한 기업 R&D 재정지원의 효과성 제고 방안 연구,机构正式研究,,,https://www.kistep.re.kr/reportAllDetail.es?mid=a10305010000&rpt_no=RES0220250066&rpt_tp=831-005,官方目录元数据，附件未列入本批
科研体系、研发投入与评价,科技创新政策与能力基线,C-KISTEP-RES0220250068,2025-02-26,W3,2024년 지방과학기술 연감,机构正式研究,,,https://www.kistep.re.kr/reportAllDetail.es?mid=a10305010000&rpt_no=RES0220250068&rpt_tp=831-002,官方目录元数据，附件未列入本批
产业创新、创业与区域体系,科技创新政策与能力基线,C-KISTEP-RES0220250068,2025-02-26,W3,2024년 지방과학기술 연감,机构正式研究,,,https://www.kistep.re.kr/reportAllDetail.es?mid=a10305010000&rpt_no=RES0220250068&rpt_tp=831-002,官方目录元数据，附件未列入本批
科研体系、研发投入与评价,科技创新政策与能力基线,C-KISTEP-RES0220250069,2025-02-26,W3,혁신도전형 사회난제 대응 R&D 개념 정립 및 적용모델 연구,机构正式研究,,,https://www.kistep.re.kr/reportAllDetail.es?mid=a10305010000&rpt_no=RES0220250069&rpt_tp=831-002,官方目录元数据，附件未列入本批
产业创新、创业与区域体系,科技创新政策与能力基线,C-KISTEP-RES0220250069,2025-02-26,W3,혁신도전형 사회난제 대응 R&D 개념 정립 및 적용모델 연구,机构正式研究,,,https://www.kistep.re.kr/reportAllDetail.es?mid=a10305010000&rpt_no=RES0220250069&rpt_tp=831-002,官方目录元数据，附件未列入本批
产业创新、创业与区域体系,科技创新政策与能力基线,C-KISTEP-RES0220250070,2025-02-26,W3,2024년 글로벌 과학기술 & ICT 정책·기술 동향 분석,机构正式研究,,,https://www.kistep.re.kr/reportAllDetail.es?mid=a10305010000&rpt_no=RES0220250070&rpt_tp=831-002,官方目录元数据，附件未列入本批
科技前瞻与未来社会,科技创新政策与能力基线,C-KISTEP-RES0220250070,2025-02-26,W3,2024년 글로벌 과학기술 & ICT 정책·기술 동향 분석,机构正式研究,,,https://www.kistep.re.kr/reportAllDetail.es?mid=a10305010000&rpt_no=RES0220250070&rpt_tp=831-002,官方目录元数据，附件未列入本批
科研体系、研发投入与评价,科技创新政策与能力基线,C-KISTEP-RES0220250072,2025-02-26,W3,미래 성장역량 강화를 위한 글로벌 R&D 전략 기반 구축 연구,机构正式研究,,,https://www.kistep.re.kr/reportAllDetail.es?mid=a10305010000&rpt_no=RES0220250072&rpt_tp=831-002,官方目录元数据，附件未列入本批
科技前瞻与未来社会,科技创新政策与能力基线,C-KISTEP-RES0220250072,2025-02-26,W3,미래 성장역량 강화를 위한 글로벌 R&D 전략 기반 구축 연구,机构正式研究,,,https://www.kistep.re.kr/reportAllDetail.es?mid=a10305010000&rpt_no=RES0220250072&rpt_tp=831-002,官方目录元数据，附件未列入本批
科研体系、研发投入与评价,科技创新政策与能力基线,C-KISTEP-RES0220250005,2025-02-27,W3,2024년 연구성과 관리‧활용 및 운영지원,机构正式研究,,,https://www.kistep.re.kr/reportAllDetail.es?mid=a10305010000&rpt_no=RES0220250005&rpt_tp=831-004,官方目录元数据，附件未列入本批
科研体系、研发投入与评价,科技创新政策与能力基线,C-KISTEP-RES0220250056,2025-02-27,W3,2023년도 국가연구개발사업 성과분석,机构正式研究,,,https://www.kistep.re.kr/reportAllDetail.es?mid=a10305010000&rpt_no=RES0220250056&rpt_tp=831-001,官方目录元数据，附件未列入本批
科技创新政策与研究体系,科技创新政策与能力基线,C-KISTEP-RES0220250060,2025-02-27,W3,2024년도 과학기술분야 정책점검 체계 구축 및 국가과학기술현황 종합인식조사 연구,机构正式研究,,,https://www.kistep.re.kr/reportAllDetail.es?mid=a10305010000&rpt_no=RES0220250060&rpt_tp=831-002,官方目录元数据，附件未列入本批
中国科技与国际比较,核心科技直接材料,C-KISTEP-RES0220250062,2025-02-27,W3,지역 R&D 성과데이터 연계를 통한 정부R&D 투자 효과성 분석 및 이슈발굴 연구,机构正式研究,C:\Users\WINDOWS\OneDrive\知识库\智库信息爬虫\国际主要科技智库观点演变_研判\03_证据底稿\原文PDF\C-KISTEP-RES0220250062.pdf,C:\Users\WINDOWS\OneDrive\知识库\智库信息爬虫\国际主要科技智库观点演变_研判\03_证据底稿\文本\C-KISTEP-RES0220250062.txt,https://www.kistep.re.kr/reportAllDetail.es?mid=a10305010000&rpt_no=RES0220250062&rpt_tp=831-005,官方PDF已保存并校验
人工智能、数据与数字技术,核心科技直接材料,C-KISTEP-RES0220250062,2025-02-27,W3,지역 R&D 성과데이터 연계를 통한 정부R&D 투자 효과성 분석 및 이슈발굴 연구,机构正式研究,C:\Users\WINDOWS\OneDrive\知识库\智库信息爬虫\国际主要科技智库观点演变_研判\03_证据底稿\原文PDF\C-KISTEP-RES0220250062.pdf,C:\Users\WINDOWS\OneDrive\知识库\智库信息爬虫\国际主要科技智库观点演变_研判\03_证据底稿\文本\C-KISTEP-RES0220250062.txt,https://www.kistep.re.kr/reportAllDetail.es?mid=a10305010000&rpt_no=RES0220250062&rpt_tp=831-005,官方PDF已保存并校验
科研体系、研发投入与评价,核心科技直接材料,C-KISTEP-RES0220250062,2025-02-27,W3,지역 R&D 성과데이터 연계를 통한 정부R&D 투자 효과성 분석 및 이슈발굴 연구,机构正式研究,C:\Users\WINDOWS\OneDrive\知识库\智库信息爬虫\国际主要科技智库观点演变_研判\03_证据底稿\原文PDF\C-KISTEP-RES0220250062.pdf,C:\Users\WINDOWS\OneDrive\知识库\智库信息爬虫\国际主要科技智库观点演变_研判\03_证据底稿\文本\C-KISTEP-RES0220250062.txt,https://www.kistep.re.kr/reportAllDetail.es?mid=a10305010000&rpt_no=RES0220250062&rpt_tp=831-005,官方PDF已保存并校验
科技人才、大学与知识流动,核心科技直接材料,C-KISTEP-RES0220250062,2025-02-27,W3,지역 R&D 성과데이터 연계를 통한 정부R&D 투자 효과성 분석 및 이슈발굴 연구,机构正式研究,C:\Users\WINDOWS\OneDrive\知识库\智库信息爬虫\国际主要科技智库观点演变_研判\03_证据底稿\原文PDF\C-KISTEP-RES0220250062.pdf,C:\Users\WINDOWS\OneDrive\知识库\智库信息爬虫\国际主要科技智库观点演变_研判\03_证据底稿\文本\C-KISTEP-RES0220250062.txt,https://www.kistep.re.kr/reportAllDetail.es?mid=a10305010000&rpt_no=RES0220250062&rpt_tp=831-005,官方PDF已保存并校验
产业创新、创业与区域体系,核心科技直接材料,C-KISTEP-RES0220250062,2025-02-27,W3,지역 R&D 성과데이터 연계를 통한 정부R&D 투자 효과성 분석 및 이슈발굴 연구,机构正式研究,C:\Users\WINDOWS\OneDrive\知识库\智库信息爬虫\国际主要科技智库观点演变_研判\03_证据底稿\原文PDF\C-KISTEP-RES0220250062.pdf,C:\Users\WINDOWS\OneDrive\知识库\智库信息爬虫\国际主要科技智库观点演变_研判\03_证据底稿\文本\C-KISTEP-RES0220250062.txt,https://www.kistep.re.kr/reportAllDetail.es?mid=a10305010000&rpt_no=RES0220250062&rpt_tp=831-005,官方PDF已保存并校验
技术安全、供应链与国际合作,核心科技直接材料,C-KISTEP-RES0220250062,2025-02-27,W3,지역 R&D 성과데이터 연계를 통한 정부R&D 투자 효과성 분석 및 이슈발굴 연구,机构正式研究,C:\Users\WINDOWS\OneDrive\知识库\智库信息爬虫\国际主要科技智库观点演变_研判\03_证据底稿\原文PDF\C-KISTEP-RES0220250062.pdf,C:\Users\WINDOWS\OneDrive\知识库\智库信息爬虫\国际主要科技智库观点演变_研判\03_证据底稿\文本\C-KISTEP-RES0220250062.txt,https://www.kistep.re.kr/reportAllDetail.es?mid=a10305010000&rpt_no=RES0220250062&rpt_tp=831-005,官方PDF已保存并校验
中国科技与国际比较,核心科技直接材料,C-KISTEP-RES0220250073,2025-02-27,W3,농림수산식품 분야 국가R&D 정책연계 및 전략성 강화를 위한 체계개선 방안 연구,机构正式研究,C:\Users\WINDOWS\OneDrive\知识库\智库信息爬虫\国际主要科技智库观点演变_研判\03_证据底稿\原文PDF\C-KISTEP-RES0220250073.pdf,C:\Users\WINDOWS\OneDrive\知识库\智库信息爬虫\国际主要科技智库观点演变_研判\03_证据底稿\文本\C-KISTEP-RES0220250073.txt,https://www.kistep.re.kr/reportAllDetail.es?mid=a10305010000&rpt_no=RES0220250073&rpt_tp=831-005,官方PDF已保存并校验
人工智能、数据与数字技术,核心科技直接材料,C-KISTEP-RES0220250073,2025-02-27,W3,농림수산식품 분야 국가R&D 정책연계 및 전략성 강화를 위한 체계개선 방안 연구,机构正式研究,C:\Users\WINDOWS\OneDrive\知识库\智库信息爬虫\国际主要科技智库观点演变_研判\03_证据底稿\原文PDF\C-KISTEP-RES0220250073.pdf,C:\Users\WINDOWS\OneDrive\知识库\智库信息爬虫\国际主要科技智库观点演变_研判\03_证据底稿\文本\C-KISTEP-RES0220250073.txt,https://www.kistep.re.kr/reportAllDetail.es?mid=a10305010000&rpt_no=RES0220250073&rpt_tp=831-005,官方PDF已保存并校验
生命科学、生物技术与健康,核心科技直接材料,C-KISTEP-RES0220250073,2025-02-27,W3,농림수산식품 분야 국가R&D 정책연계 및 전략성 강화를 위한 체계개선 방안 연구,机构正式研究,C:\Users\WINDOWS\OneDrive\知识库\智库信息爬虫\国际主要科技智库观点演变_研判\03_证据底稿\原文PDF\C-KISTEP-RES0220250073.pdf,C:\Users\WINDOWS\OneDrive\知识库\智库信息爬虫\国际主要科技智库观点演变_研判\03_证据底稿\文本\C-KISTEP-RES0220250073.txt,https://www.kistep.re.kr/reportAllDetail.es?mid=a10305010000&rpt_no=RES0220250073&rpt_tp=831-005,官方PDF已保存并校验
能源、气候与绿色转型,核心科技直接材料,C-KISTEP-RES0220250073,2025-02-27,W3,농림수산식품 분야 국가R&D 정책연계 및 전략성 강화를 위한 체계개선 방안 연구,机构正式研究,C:\Users\WINDOWS\OneDrive\知识库\智库信息爬虫\国际主要科技智库观点演变_研判\03_证据底稿\原文PDF\C-KISTEP-RES0220250073.pdf,C:\Users\WINDOWS\OneDrive\知识库\智库信息爬虫\国际主要科技智库观点演变_研判\03_证据底稿\文本\C-KISTEP-RES0220250073.txt,https://www.kistep.re.kr/reportAllDetail.es?mid=a10305010000&rpt_no=RES0220250073&rpt_tp=831-005,官方PDF已保存并校验
科研体系、研发投入与评价,核心科技直接材料,C-KISTEP-RES0220250073,2025-02-27,W3,농림수산식품 분야 국가R&D 정책연계 및 전략성 강화를 위한 체계개선 방안 연구,机构正式研究,C:\Users\WINDOWS\OneDrive\知识库\智库信息爬虫\国际主要科技智库观点演变_研判\03_证据底稿\原文PDF\C-KISTEP-RES0220250073.pdf,C:\Users\WINDOWS\OneDrive\知识库\智库信息爬虫\国际主要科技智库观点演变_研判\03_证据底稿\文本\C-KISTEP-RES0220250073.txt,https://www.kistep.re.kr/reportAllDetail.es?mid=a10305010000&rpt_no=RES0220250073&rpt_tp=831-005,官方PDF已保存并校验
科技人才、大学与知识流动,核心科技直接材料,C-KISTEP-RES0220250073,2025-02-27,W3,농림수산식품 분야 국가R&D 정책연계 및 전략성 강화를 위한 체계개선 방안 연구,机构正式研究,C:\Users\WINDOWS\OneDrive\知识库\智库信息爬虫\国际主要科技智库观点演变_研判\03_证据底稿\原文PDF\C-KISTEP-RES0220250073.pdf,C:\Users\WINDOWS\OneDrive\知识库\智库信息爬虫\国际主要科技智库观点演变_研判\03_证据底稿\文本\C-KISTEP-RES0220250073.txt,https://www.kistep.re.kr/reportAllDetail.es?mid=a10305010000&rpt_no=RES0220250073&rpt_tp=831-005,官方PDF已保存并校验
产业创新、创业与区域体系,核心科技直接材料,C-KISTEP-RES0220250073,2025-02-27,W3,농림수산식품 분야 국가R&D 정책연계 및 전략성 강화를 위한 체계개선 방안 연구,机构正式研究,C:\Users\WINDOWS\OneDrive\知识库\智库信息爬虫\国际主要科技智库观点演变_研判\03_证据底稿\原文PDF\C-KISTEP-RES0220250073.pdf,C:\Users\WINDOWS\OneDrive\知识库\智库信息爬虫\国际主要科技智库观点演变_研判\03_证据底稿\文本\C-KISTEP-RES0220250073.txt,https://www.kistep.re.kr/reportAllDetail.es?mid=a10305010000&rpt_no=RES0220250073&rpt_tp=831-005,官方PDF已保存并校验
技术安全、供应链与国际合作,核心科技直接材料,C-KISTEP-RES0220250073,2025-02-27,W3,농림수산식품 분야 국가R&D 정책연계 및 전략성 강화를 위한 체계개선 방안 연구,机构正式研究,C:\Users\WINDOWS\OneDrive\知识库\智库信息爬虫\国际主要科技智库观点演变_研判\03_证据底稿\原文PDF\C-KISTEP-RES0220250073.pdf,C:\Users\WINDOWS\OneDrive\知识库\智库信息爬虫\国际主要科技智库观点演变_研判\03_证据底稿\文本\C-KISTEP-RES0220250073.txt,https://www.kistep.re.kr/reportAllDetail.es?mid=a10305010000&rpt_no=RES0220250073&rpt_tp=831-005,官方PDF已保存并校验
科技前瞻与未来社会,核心科技直接材料,C-KISTEP-RES0220250073,2025-02-27,W3,농림수산식품 분야 국가R&D 정책연계 및 전략성 강화를 위한 체계개선 방안 연구,机构正式研究,C:\Users\WINDOWS\OneDrive\知识库\智库信息爬虫\国际主要科技智库观点演变_研判\03_证据底稿\原文PDF\C-KISTEP-RES0220250073.pdf,C:\Users\WINDOWS\OneDrive\知识库\智库信息爬虫\国际主要科技智库观点演变_研判\03_证据底稿\文本\C-KISTEP-RES0220250073.txt,https://www.kistep.re.kr/reportAllDetail.es?mid=a10305010000&rpt_no=RES0220250073&rpt_tp=831-005,官方PDF已保存并校验
科研体系、研发投入与评价,科技创新政策与能力基线,C-KISTEP-RES0220250049,2025-02-28,W3,2025년도 정부 R&D 예산의 전략적 편성에 관한 연구,机构正式研究,,,https://www.kistep.re.kr/reportAllDetail.es?mid=a10305010000&rpt_no=RES0220250049&rpt_tp=831-005,官方目录元数据，附件未列入本批
科研体系、研发投入与评价,科技创新政策与能力基线,C-KISTEP-RES0220250071,2025-02-28,W3,출연연 주요 이슈와 R&D 성과에 대한 탐색 연구,机构正式研究,,,https://www.kistep.re.kr/reportAllDetail.es?mid=a10305010000&rpt_no=RES0220250071&rpt_tp=831-005,官方目录元数据，附件未列入本批
科研体系、研发投入与评价,科技创新政策与能力基线,C-KISTEP-RES0220250074,2025-02-28,W3,2024년 성과평가 정책수립·운영 및 평가실시,机构正式研究,,,https://www.kistep.re.kr/reportAllDetail.es?mid=a10305010000&rpt_no=RES0220250074&rpt_tp=831-001,官方目录元数据，附件未列入本批
科研体系、研发投入与评价,科技创新政策与能力基线,C-KISTEP-RES0220250075,2025-02-28,W3,사회문제해결 R&D의 사회적 가치  평가체계 개발 및 제도화 방안 연구: 시범 적용 사례를 중심으로,机构正式研究,,,https://www.kistep.re.kr/reportAllDetail.es?mid=a10305010000&rpt_no=RES0220250075&rpt_tp=831-002,官方目录元数据，附件未列入本批
科技前瞻与未来社会,科技创新政策与能力基线,C-KISTEP-RES0220240140,2025-03-04,W3,제6회 과학기술예측조사 연구(5차년도): 제7회 과학기술예측조사를 위한 사전기획 연구,机构正式研究,,,https://www.kistep.re.kr/reportAllDetail.es?mid=a10305010000&rpt_no=RES0220240140&rpt_tp=831-006,官方目录元数据，附件未列入本批
科研体系、研发投入与评价,科技创新政策与能力基线,C-KISTEP-RES0220250011,2025-03-04,W3,혁신적·도전적 R&D 육성 정책 기반 연구,机构正式研究,,,https://www.kistep.re.kr/reportAllDetail.es?mid=a10305010000&rpt_no=RES0220250011&rpt_tp=831-002,官方目录元数据，附件未列入本批
产业创新、创业与区域体系,科技创新政策与能力基线,C-KISTEP-RES0220250011,2025-03-04,W3,혁신적·도전적 R&D 육성 정책 기반 연구,机构正式研究,,,https://www.kistep.re.kr/reportAllDetail.es?mid=a10305010000&rpt_no=RES0220250011&rpt_tp=831-002,官方目录元数据，附件未列入本批
科研体系、研发投入与评价,科技创新政策与能力基线,C-KISTEP-RES0220250077,2025-03-05,W3,국가연구개발사업 예비타당성조사 2024 연차보고서,机构正式研究,,,https://www.kistep.re.kr/reportAllDetail.es?mid=a10305010000&rpt_no=RES0220250077&rpt_tp=831-003,官方目录元数据，附件未列入本批
人工智能、数据与数字技术,核心科技直接材料,C-KISTEP-RES0220250078,2025-03-10,W3,미래 전략기술 경쟁력 강화 및 거버넌스 운영에 관한 연구,机构正式研究,C:\Users\WINDOWS\OneDrive\知识库\智库信息爬虫\国际主要科技智库观点演变_研判\03_证据底稿\原文PDF\C-KISTEP-RES0220250078.pdf,C:\Users\WINDOWS\OneDrive\知识库\智库信息爬虫\国际主要科技智库观点演变_研判\03_证据底稿\文本\C-KISTEP-RES0220250078.txt,https://www.kistep.re.kr/reportAllDetail.es?mid=a10305010000&rpt_no=RES0220250078&rpt_tp=831-002,官方PDF已保存并校验
半导体、量子与战略技术,核心科技直接材料,C-KISTEP-RES0220250078,2025-03-10,W3,미래 전략기술 경쟁력 강화 및 거버넌스 운영에 관한 연구,机构正式研究,C:\Users\WINDOWS\OneDrive\知识库\智库信息爬虫\国际主要科技智库观点演变_研判\03_证据底稿\原文PDF\C-KISTEP-RES0220250078.pdf,C:\Users\WINDOWS\OneDrive\知识库\智库信息爬虫\国际主要科技智库观点演变_研判\03_证据底稿\文本\C-KISTEP-RES0220250078.txt,https://www.kistep.re.kr/reportAllDetail.es?mid=a10305010000&rpt_no=RES0220250078&rpt_tp=831-002,官方PDF已保存并校验
生命科学、生物技术与健康,核心科技直接材料,C-KISTEP-RES0220250078,2025-03-10,W3,미래 전략기술 경쟁력 강화 및 거버넌스 운영에 관한 연구,机构正式研究,C:\Users\WINDOWS\OneDrive\知识库\智库信息爬虫\国际主要科技智库观点演变_研判\03_证据底稿\原文PDF\C-KISTEP-RES0220250078.pdf,C:\Users\WINDOWS\OneDrive\知识库\智库信息爬虫\国际主要科技智库观点演变_研判\03_证据底稿\文本\C-KISTEP-RES0220250078.txt,https://www.kistep.re.kr/reportAllDetail.es?mid=a10305010000&rpt_no=RES0220250078&rpt_tp=831-002,官方PDF已保存并校验
能源、气候与绿色转型,核心科技直接材料,C-KISTEP-RES0220250078,2025-03-10,W3,미래 전략기술 경쟁력 강화 및 거버넌스 운영에 관한 연구,机构正式研究,C:\Users\WINDOWS\OneDrive\知识库\智库信息爬虫\国际主要科技智库观点演变_研判\03_证据底稿\原文PDF\C-KISTEP-RES0220250078.pdf,C:\Users\WINDOWS\OneDrive\知识库\智库信息爬虫\国际主要科技智库观点演变_研判\03_证据底稿\文本\C-KISTEP-RES0220250078.txt,https://www.kistep.re.kr/reportAllDetail.es?mid=a10305010000&rpt_no=RES0220250078&rpt_tp=831-002,官方PDF已保存并校验
科研体系、研发投入与评价,核心科技直接材料,C-KISTEP-RES0220250078,2025-03-10,W3,미래 전략기술 경쟁력 강화 및 거버넌스 운영에 관한 연구,机构正式研究,C:\Users\WINDOWS\OneDrive\知识库\智库信息爬虫\国际主要科技智库观点演变_研判\03_证据底稿\原文PDF\C-KISTEP-RES0220250078.pdf,C:\Users\WINDOWS\OneDrive\知识库\智库信息爬虫\国际主要科技智库观点演变_研判\03_证据底稿\文本\C-KISTEP-RES0220250078.txt,https://www.kistep.re.kr/reportAllDetail.es?mid=a10305010000&rpt_no=RES0220250078&rpt_tp=831-002,官方PDF已保存并校验
科技人才、大学与知识流动,核心科技直接材料,C-KISTEP-RES0220250078,2025-03-10,W3,미래 전략기술 경쟁력 강화 및 거버넌스 운영에 관한 연구,机构正式研究,C:\Users\WINDOWS\OneDrive\知识库\智库信息爬虫\国际主要科技智库观点演变_研判\03_证据底稿\原文PDF\C-KISTEP-RES0220250078.pdf,C:\Users\WINDOWS\OneDrive\知识库\智库信息爬虫\国际主要科技智库观点演变_研判\03_证据底稿\文本\C-KISTEP-RES0220250078.txt,https://www.kistep.re.kr/reportAllDetail.es?mid=a10305010000&rpt_no=RES0220250078&rpt_tp=831-002,官方PDF已保存并校验
产业创新、创业与区域体系,核心科技直接材料,C-KISTEP-RES0220250078,2025-03-10,W3,미래 전략기술 경쟁력 강화 및 거버넌스 운영에 관한 연구,机构正式研究,C:\Users\WINDOWS\OneDrive\知识库\智库信息爬虫\国际主要科技智库观点演变_研判\03_证据底稿\原文PDF\C-KISTEP-RES0220250078.pdf,C:\Users\WINDOWS\OneDrive\知识库\智库信息爬虫\国际主要科技智库观点演变_研判\03_证据底稿\文本\C-KISTEP-RES0220250078.txt,https://www.kistep.re.kr/reportAllDetail.es?mid=a10305010000&rpt_no=RES0220250078&rpt_tp=831-002,官方PDF已保存并校验
技术安全、供应链与国际合作,核心科技直接材料,C-KISTEP-RES0220250078,2025-03-10,W3,미래 전략기술 경쟁력 강화 및 거버넌스 운영에 관한 연구,机构正式研究,C:\Users\WINDOWS\OneDrive\知识库\智库信息爬虫\国际主要科技智库观点演变_研判\03_证据底稿\原文PDF\C-KISTEP-RES0220250078.pdf,C:\Users\WINDOWS\OneDrive\知识库\智库信息爬虫\国际主要科技智库观点演变_研判\03_证据底稿\文本\C-KISTEP-RES0220250078.txt,https://www.kistep.re.kr/reportAllDetail.es?mid=a10305010000&rpt_no=RES0220250078&rpt_tp=831-002,官方PDF已保存并校验
科技前瞻与未来社会,核心科技直接材料,C-KISTEP-RES0220250078,2025-03-10,W3,미래 전략기술 경쟁력 강화 및 거버넌스 운영에 관한 연구,机构正式研究,C:\Users\WINDOWS\OneDrive\知识库\智库信息爬虫\国际主要科技智库观点演变_研判\03_证据底稿\原文PDF\C-KISTEP-RES0220250078.pdf,C:\Users\WINDOWS\OneDrive\知识库\智库信息爬虫\国际主要科技智库观点演变_研判\03_证据底稿\文本\C-KISTEP-RES0220250078.txt,https://www.kistep.re.kr/reportAllDetail.es?mid=a10305010000&rpt_no=RES0220250078&rpt_tp=831-002,官方PDF已保存并校验
航天、核能与大型技术系统,核心科技直接材料,C-KISTEP-RES0220250078,2025-03-10,W3,미래 전략기술 경쟁력 강화 및 거버넌스 운영에 관한 연구,机构正式研究,C:\Users\WINDOWS\OneDrive\知识库\智库信息爬虫\国际主要科技智库观点演变_研判\03_证据底稿\原文PDF\C-KISTEP-RES0220250078.pdf,C:\Users\WINDOWS\OneDrive\知识库\智库信息爬虫\国际主要科技智库观点演变_研判\03_证据底稿\文本\C-KISTEP-RES0220250078.txt,https://www.kistep.re.kr/reportAllDetail.es?mid=a10305010000&rpt_no=RES0220250078&rpt_tp=831-002,官方PDF已保存并校验
中国科技与国际比较,核心科技直接材料,C-KISTEP-RES0220250080,2025-03-10,W3,국가전략기술 조기 분석‧예측 시스템 및 융복합 성과창출 방안 연구,机构正式研究,C:\Users\WINDOWS\OneDrive\知识库\智库信息爬虫\国际主要科技智库观点演变_研判\03_证据底稿\原文PDF\C-KISTEP-RES0220250080.pdf,C:\Users\WINDOWS\OneDrive\知识库\智库信息爬虫\国际主要科技智库观点演变_研判\03_证据底稿\文本\C-KISTEP-RES0220250080.txt,https://www.kistep.re.kr/reportAllDetail.es?mid=a10305010000&rpt_no=RES0220250080&rpt_tp=831-002,官方PDF已保存并校验
人工智能、数据与数字技术,核心科技直接材料,C-KISTEP-RES0220250080,2025-03-10,W3,국가전략기술 조기 분석‧예측 시스템 및 융복합 성과창출 방안 연구,机构正式研究,C:\Users\WINDOWS\OneDrive\知识库\智库信息爬虫\国际主要科技智库观点演变_研判\03_证据底稿\原文PDF\C-KISTEP-RES0220250080.pdf,C:\Users\WINDOWS\OneDrive\知识库\智库信息爬虫\国际主要科技智库观点演变_研判\03_证据底稿\文本\C-KISTEP-RES0220250080.txt,https://www.kistep.re.kr/reportAllDetail.es?mid=a10305010000&rpt_no=RES0220250080&rpt_tp=831-002,官方PDF已保存并校验
半导体、量子与战略技术,核心科技直接材料,C-KISTEP-RES0220250080,2025-03-10,W3,국가전략기술 조기 분석‧예측 시스템 및 융복합 성과창출 방안 연구,机构正式研究,C:\Users\WINDOWS\OneDrive\知识库\智库信息爬虫\国际主要科技智库观点演变_研判\03_证据底稿\原文PDF\C-KISTEP-RES0220250080.pdf,C:\Users\WINDOWS\OneDrive\知识库\智库信息爬虫\国际主要科技智库观点演变_研判\03_证据底稿\文本\C-KISTEP-RES0220250080.txt,https://www.kistep.re.kr/reportAllDetail.es?mid=a10305010000&rpt_no=RES0220250080&rpt_tp=831-002,官方PDF已保存并校验
生命科学、生物技术与健康,核心科技直接材料,C-KISTEP-RES0220250080,2025-03-10,W3,국가전략기술 조기 분석‧예측 시스템 및 융복합 성과창출 방안 연구,机构正式研究,C:\Users\WINDOWS\OneDrive\知识库\智库信息爬虫\国际主要科技智库观点演变_研判\03_证据底稿\原文PDF\C-KISTEP-RES0220250080.pdf,C:\Users\WINDOWS\OneDrive\知识库\智库信息爬虫\国际主要科技智库观点演变_研判\03_证据底稿\文本\C-KISTEP-RES0220250080.txt,https://www.kistep.re.kr/reportAllDetail.es?mid=a10305010000&rpt_no=RES0220250080&rpt_tp=831-002,官方PDF已保存并校验
能源、气候与绿色转型,核心科技直接材料,C-KISTEP-RES0220250080,2025-03-10,W3,국가전략기술 조기 분석‧예측 시스템 및 융복합 성과창출 방안 연구,机构正式研究,C:\Users\WINDOWS\OneDrive\知识库\智库信息爬虫\国际主要科技智库观点演变_研判\03_证据底稿\原文PDF\C-KISTEP-RES0220250080.pdf,C:\Users\WINDOWS\OneDrive\知识库\智库信息爬虫\国际主要科技智库观点演变_研判\03_证据底稿\文本\C-KISTEP-RES0220250080.txt,https://www.kistep.re.kr/reportAllDetail.es?mid=a10305010000&rpt_no=RES0220250080&rpt_tp=831-002,官方PDF已保存并校验
科研体系、研发投入与评价,核心科技直接材料,C-KISTEP-RES0220250080,2025-03-10,W3,국가전략기술 조기 분석‧예측 시스템 및 융복합 성과창출 방안 연구,机构正式研究,C:\Users\WINDOWS\OneDrive\知识库\智库信息爬虫\国际主要科技智库观点演变_研判\03_证据底稿\原文PDF\C-KISTEP-RES0220250080.pdf,C:\Users\WINDOWS\OneDrive\知识库\智库信息爬虫\国际主要科技智库观点演变_研判\03_证据底稿\文本\C-KISTEP-RES0220250080.txt,https://www.kistep.re.kr/reportAllDetail.es?mid=a10305010000&rpt_no=RES0220250080&rpt_tp=831-002,官方PDF已保存并校验
科技人才、大学与知识流动,核心科技直接材料,C-KISTEP-RES0220250080,2025-03-10,W3,국가전략기술 조기 분석‧예측 시스템 및 융복합 성과창출 방안 연구,机构正式研究,C:\Users\WINDOWS\OneDrive\知识库\智库信息爬虫\国际主要科技智库观点演变_研判\03_证据底稿\原文PDF\C-KISTEP-RES0220250080.pdf,C:\Users\WINDOWS\OneDrive\知识库\智库信息爬虫\国际主要科技智库观点演变_研判\03_证据底稿\文本\C-KISTEP-RES0220250080.txt,https://www.kistep.re.kr/reportAllDetail.es?mid=a10305010000&rpt_no=RES0220250080&rpt_tp=831-002,官方PDF已保存并校验
产业创新、创业与区域体系,核心科技直接材料,C-KISTEP-RES0220250080,2025-03-10,W3,국가전략기술 조기 분석‧예측 시스템 및 융복합 성과창출 방안 연구,机构正式研究,C:\Users\WINDOWS\OneDrive\知识库\智库信息爬虫\国际主要科技智库观点演变_研判\03_证据底稿\原文PDF\C-KISTEP-RES0220250080.pdf,C:\Users\WINDOWS\OneDrive\知识库\智库信息爬虫\国际主要科技智库观点演变_研判\03_证据底稿\文本\C-KISTEP-RES0220250080.txt,https://www.kistep.re.kr/reportAllDetail.es?mid=a10305010000&rpt_no=RES0220250080&rpt_tp=831-002,官方PDF已保存并校验
技术安全、供应链与国际合作,核心科技直接材料,C-KISTEP-RES0220250080,2025-03-10,W3,국가전략기술 조기 분석‧예측 시스템 및 융복합 성과창출 방안 연구,机构正式研究,C:\Users\WINDOWS\OneDrive\知识库\智库信息爬虫\国际主要科技智库观点演变_研判\03_证据底稿\原文PDF\C-KISTEP-RES0220250080.pdf,C:\Users\WINDOWS\OneDrive\知识库\智库信息爬虫\国际主要科技智库观点演变_研判\03_证据底稿\文本\C-KISTEP-RES0220250080.txt,https://www.kistep.re.kr/reportAllDetail.es?mid=a10305010000&rpt_no=RES0220250080&rpt_tp=831-002,官方PDF已保存并校验
科技前瞻与未来社会,核心科技直接材料,C-KISTEP-RES0220250080,2025-03-10,W3,국가전략기술 조기 분석‧예측 시스템 및 융복합 성과창출 방안 연구,机构正式研究,C:\Users\WINDOWS\OneDrive\知识库\智库信息爬虫\国际主要科技智库观点演变_研判\03_证据底稿\原文PDF\C-KISTEP-RES0220250080.pdf,C:\Users\WINDOWS\OneDrive\知识库\智库信息爬虫\国际主要科技智库观点演变_研判\03_证据底稿\文本\C-KISTEP-RES0220250080.txt,https://www.kistep.re.kr/reportAllDetail.es?mid=a10305010000&rpt_no=RES0220250080&rpt_tp=831-002,官方PDF已保存并校验
航天、核能与大型技术系统,核心科技直接材料,C-KISTEP-RES0220250080,2025-03-10,W3,국가전략기술 조기 분석‧예측 시스템 및 융복합 성과창출 방안 연구,机构正式研究,C:\Users\WINDOWS\OneDrive\知识库\智库信息爬虫\国际主要科技智库观点演变_研判\03_证据底稿\原文PDF\C-KISTEP-RES0220250080.pdf,C:\Users\WINDOWS\OneDrive\知识库\智库信息爬虫\国际主要科技智库观点演变_研判\03_证据底稿\文本\C-KISTEP-RES0220250080.txt,https://www.kistep.re.kr/reportAllDetail.es?mid=a10305010000&rpt_no=RES0220250080&rpt_tp=831-002,官方PDF已保存并校验
科研体系、研发投入与评价,科技创新政策与能力基线,C-KISTEP-RES0220250084,2025-03-17,W3,2024년 기술영향평가,机构正式研究,,,https://www.kistep.re.kr/reportAllDetail.es?mid=a10305010000&rpt_no=RES0220250084&rpt_tp=831-006,官方目录元数据，附件未列入本批
科技前瞻与未来社会,科技创新政策与能力基线,C-KISTEP-RES0220250084,2025-03-17,W3,2024년 기술영향평가,机构正式研究,,,https://www.kistep.re.kr/reportAllDetail.es?mid=a10305010000&rpt_no=RES0220250084&rpt_tp=831-006,官方目录元数据，附件未列入本批
人工智能、数据与数字技术,核心科技直接材料,C-KISTEP-RES0220250081,2025-03-18,W3,인공지능 기반 성과지표설정지원 서비스 기획 연구,机构正式研究,C:\Users\WINDOWS\OneDrive\知识库\智库信息爬虫\国际主要科技智库观点演变_研判\03_证据底稿\原文PDF\C-KISTEP-RES0220250081.pdf,C:\Users\WINDOWS\OneDrive\知识库\智库信息爬虫\国际主要科技智库观点演变_研判\03_证据底稿\文本\C-KISTEP-RES0220250081.txt,https://www.kistep.re.kr/reportAllDetail.es?mid=a10305010000&rpt_no=RES0220250081&rpt_tp=831-001,官方PDF已保存并校验
科研体系、研发投入与评价,核心科技直接材料,C-KISTEP-RES0220250081,2025-03-18,W3,인공지능 기반 성과지표설정지원 서비스 기획 연구,机构正式研究,C:\Users\WINDOWS\OneDrive\知识库\智库信息爬虫\国际主要科技智库观点演变_研判\03_证据底稿\原文PDF\C-KISTEP-RES0220250081.pdf,C:\Users\WINDOWS\OneDrive\知识库\智库信息爬虫\国际主要科技智库观点演变_研判\03_证据底稿\文本\C-KISTEP-RES0220250081.txt,https://www.kistep.re.kr/reportAllDetail.es?mid=a10305010000&rpt_no=RES0220250081&rpt_tp=831-001,官方PDF已保存并校验
科技人才、大学与知识流动,核心科技直接材料,C-KISTEP-RES0220250081,2025-03-18,W3,인공지능 기반 성과지표설정지원 서비스 기획 연구,机构正式研究,C:\Users\WINDOWS\OneDrive\知识库\智库信息爬虫\国际主要科技智库观点演变_研判\03_证据底稿\原文PDF\C-KISTEP-RES0220250081.pdf,C:\Users\WINDOWS\OneDrive\知识库\智库信息爬虫\国际主要科技智库观点演变_研判\03_证据底稿\文本\C-KISTEP-RES0220250081.txt,https://www.kistep.re.kr/reportAllDetail.es?mid=a10305010000&rpt_no=RES0220250081&rpt_tp=831-001,官方PDF已保存并校验
产业创新、创业与区域体系,核心科技直接材料,C-KISTEP-RES0220250081,2025-03-18,W3,인공지능 기반 성과지표설정지원 서비스 기획 연구,机构正式研究,C:\Users\WINDOWS\OneDrive\知识库\智库信息爬虫\国际主要科技智库观点演变_研判\03_证据底稿\原文PDF\C-KISTEP-RES0220250081.pdf,C:\Users\WINDOWS\OneDrive\知识库\智库信息爬虫\国际主要科技智库观点演变_研判\03_证据底稿\文本\C-KISTEP-RES0220250081.txt,https://www.kistep.re.kr/reportAllDetail.es?mid=a10305010000&rpt_no=RES0220250081&rpt_tp=831-001,官方PDF已保存并校验
技术安全、供应链与国际合作,核心科技直接材料,C-KISTEP-RES0220250081,2025-03-18,W3,인공지능 기반 성과지표설정지원 서비스 기획 연구,机构正式研究,C:\Users\WINDOWS\OneDrive\知识库\智库信息爬虫\国际主要科技智库观点演变_研判\03_证据底稿\原文PDF\C-KISTEP-RES0220250081.pdf,C:\Users\WINDOWS\OneDrive\知识库\智库信息爬虫\国际主要科技智库观点演变_研判\03_证据底稿\文本\C-KISTEP-RES0220250081.txt,https://www.kistep.re.kr/reportAllDetail.es?mid=a10305010000&rpt_no=RES0220250081&rpt_tp=831-001,官方PDF已保存并校验
科研体系、研发投入与评价,科技创新政策与能力基线,C-KISTEP-RES0220250090,2025-03-21,W3,2024년도 과학기술정책 운영 및 현안 대응,机构正式研究,,,https://www.kistep.re.kr/reportAllDetail.es?mid=a10305010000&rpt_no=RES0220250090&rpt_tp=831-002,官方目录元数据，附件未列入本批
科研体系、研发投入与评价,科技创新政策与能力基线,C-KISTEP-RES0220250083,2025-03-24,W3,정부R&D 최적 포트폴리오 투자를 위한 탐색 연구 : 연구개발 가치와 리스크를 중심으로,机构正式研究,,,https://www.kistep.re.kr/reportAllDetail.es?mid=a10305010000&rpt_no=RES0220250083&rpt_tp=831-005,官方目录元数据，附件未列入本批
产业创新、创业与区域体系,科技创新政策与能力基线,C-KISTEP-RES0220250085,2025-03-26,W3,지역과학기술 혁신을 위한 정책과제 발굴‧기획 및 제도 구축‧활성화 방안 연구,机构正式研究,,,https://www.kistep.re.kr/reportAllDetail.es?mid=a10305010000&rpt_no=RES0220250085&rpt_tp=831-002,官方目录元数据，附件未列入本批
科技创新政策与研究体系,科技创新政策与能力基线,C-KISTEP-RES0220250091,2025-03-26,W3,연구현장의 연구보안 적용방안 수립 연구,机构正式研究,,,https://www.kistep.re.kr/reportAllDetail.es?mid=a10305010000&rpt_no=RES0220250091&rpt_tp=831-007,官方目录元数据，附件未列入本批
科研体系、研发投入与评价,科技创新政策与能力基线,C-KISTEP-RES0220250093,2025-03-26,W3,2024년 연구성과 확산 정책 수립 및 제도 운영,机构正式研究,,,https://www.kistep.re.kr/reportAllDetail.es?mid=a10305010000&rpt_no=RES0220250093&rpt_tp=831-004,官方目录元数据，附件未列入本批
科研体系、研发投入与评价,科技创新政策与能力基线,C-KISTEP-RES0220250089,2025-03-27,W3,국가과학기술자문회의심의회의를 통한 과학기술혁신 종합조정기능 강화 방안 연구,机构正式研究,,,https://www.kistep.re.kr/reportAllDetail.es?mid=a10305010000&rpt_no=RES0220250089&rpt_tp=831-002,官方目录元数据，附件未列入本批
产业创新、创业与区域体系,科技创新政策与能力基线,C-KISTEP-RES0220250089,2025-03-27,W3,국가과학기술자문회의심의회의를 통한 과학기술혁신 종합조정기능 강화 방안 연구,机构正式研究,,,https://www.kistep.re.kr/reportAllDetail.es?mid=a10305010000&rpt_no=RES0220250089&rpt_tp=831-002,官方目录元数据，附件未列入本批
科研体系、研发投入与评价,科技创新政策与能力基线,C-KISTEP-RES0220250095,2025-03-27,W3,연구현장 중심의 국가연구개발사업 제도개선에 관한 연구,机构正式研究,,,https://www.kistep.re.kr/reportAllDetail.es?mid=a10305010000&rpt_no=RES0220250095&rpt_tp=831-001,官方目录元数据，附件未列入本批
产业创新、创业与区域体系,科技创新政策与能力基线,C-KISTEP-RES0220250095,2025-03-27,W3,연구현장 중심의 국가연구개발사업 제도개선에 관한 연구,机构正式研究,,,https://www.kistep.re.kr/reportAllDetail.es?mid=a10305010000&rpt_no=RES0220250095&rpt_tp=831-001,官方目录元数据，附件未列入本批
能源、气候与绿色转型,科技创新政策与能力基线,C-KISTEP-RES0220250025,2025-03-28,W3,탄소중립 기술혁신 정책 고도화 연구,机构正式研究,,,https://www.kistep.re.kr/reportAllDetail.es?mid=a10305010000&rpt_no=RES0220250025&rpt_tp=831-006,官方目录元数据，附件未列入本批
产业创新、创业与区域体系,科技创新政策与能力基线,C-KISTEP-RES0220250025,2025-03-28,W3,탄소중립 기술혁신 정책 고도화 연구,机构正式研究,,,https://www.kistep.re.kr/reportAllDetail.es?mid=a10305010000&rpt_no=RES0220250025&rpt_tp=831-006,官方目录元数据，附件未列入本批
科技人才、大学与知识流动,科技创新政策与能力基线,C-KISTEP-RES0220250097,2025-05-12,W3,과학기술인력양성 추진체계 구축·운영,机构正式研究,,,https://www.kistep.re.kr/reportAllDetail.es?mid=a10305010000&rpt_no=RES0220250097&rpt_tp=831-002,官方目录元数据，附件未列入本批
生命科学、生物技术与健康,科技创新政策与能力基线,C-KISTEP-RES0220250100,2025-05-22,W3,2024년도 사업계획 적정성 검토 보고서 팬데믹 대비 mRNA 백신 개발 지원사업,机构正式研究,,,https://www.kistep.re.kr/reportAllDetail.es?mid=a10305010000&rpt_no=RES0220250100&rpt_tp=831-003,官方目录元数据，附件未列入本批
科研体系、研发投入与评价,科技创新政策与能力基线,C-KISTEP-RES0220250099,2025-05-27,W3,혁신도전프로젝트 사업 지원,机构正式研究,,,https://www.kistep.re.kr/reportAllDetail.es?mid=a10305010000&rpt_no=RES0220250099&rpt_tp=831-002,官方目录元数据，附件未列入本批
产业创新、创业与区域体系,科技创新政策与能力基线,C-KISTEP-RES0220250099,2025-05-27,W3,혁신도전프로젝트 사업 지원,机构正式研究,,,https://www.kistep.re.kr/reportAllDetail.es?mid=a10305010000&rpt_no=RES0220250099&rpt_tp=831-002,官方目录元数据，附件未列入本批
科技创新政策与研究体系,科技创新政策与能力基线,C-KISTEP-RES0220250101,2025-06-04,W3,2024 과학기술연감,机构正式研究,,,https://www.kistep.re.kr/reportAllDetail.es?mid=a10305010000&rpt_no=RES0220250101&rpt_tp=831-002,官方目录元数据，附件未列入本批
科技人才、大学与知识流动,科技创新政策与能力基线,C-KISTEP-RES0220250102,2025-07-07,W3,제4차 과학기술인재 육성‧지원 기본계획(‘21~’25) ‘25년 시행계획 수립 및 제5차 기본계획 수립 사전 연구,机构正式研究,,,https://www.kistep.re.kr/reportAllDetail.es?mid=a10305010000&rpt_no=RES0220250102&rpt_tp=831-002,官方目录元数据，附件未列入本批
科研体系、研发投入与评价,科技创新政策与能力基线,C-KISTEP-RES0220250104,2025-07-08,W3,2024년도 과학기술정보통신부 직할 출연(연) 및 국가과학기술연구회 기관평가,机构正式研究,,,https://www.kistep.re.kr/reportAllDetail.es?mid=a10305010000&rpt_no=RES0220250104&rpt_tp=831-001,官方目录元数据，附件未列入本批
科研体系、研发投入与评价,科技创新政策与能力基线,C-KISTEP-RES0220250105,2025-07-08,W3,2025년 국가연구개발사업 상위점검 및 연구기관 상위평가,机构正式研究,,,https://www.kistep.re.kr/reportAllDetail.es?mid=a10305010000&rpt_no=RES0220250105&rpt_tp=831-001,官方目录元数据，附件未列入本批
科研体系、研发投入与评价,科技创新政策与能力基线,C-KISTEP-RES0220250103,2025-07-10,W3,기술 육성‧보호 체계 고도화 및 혁신플랫폼 구축 방안 연구,机构正式研究,,,https://www.kistep.re.kr/reportAllDetail.es?mid=a10305010000&rpt_no=RES0220250103&rpt_tp=831-002,官方目录元数据，附件未列入本批
产业创新、创业与区域体系,科技创新政策与能力基线,C-KISTEP-RES0220250103,2025-07-10,W3,기술 육성‧보호 체계 고도화 및 혁신플랫폼 구축 방안 연구,机构正式研究,,,https://www.kistep.re.kr/reportAllDetail.es?mid=a10305010000&rpt_no=RES0220250103&rpt_tp=831-002,官方目录元数据，附件未列入本批
科研体系、研发投入与评价,科技创新政策与能力基线,C-KISTEP-RES0220250107,2025-07-10,W3,지역 R&D 연계∙체계화 방안 마련 연구,机构正式研究,,,https://www.kistep.re.kr/reportAllDetail.es?mid=a10305010000&rpt_no=RES0220250107&rpt_tp=831-002,官方目录元数据，附件未列入本批
产业创新、创业与区域体系,科技创新政策与能力基线,C-KISTEP-RES0220250107,2025-07-10,W3,지역 R&D 연계∙체계화 방안 마련 연구,机构正式研究,,,https://www.kistep.re.kr/reportAllDetail.es?mid=a10305010000&rpt_no=RES0220250107&rpt_tp=831-002,官方目录元数据，附件未列入本批
中国科技与国际比较,核心科技直接材料,C-KISTEP-RES0220250108,2025-07-10,W3,2024년도 사업계획 적정성 검토 보고서 광주 GIST 부설 AI영재학교 신설사업,机构正式研究,C:\Users\WINDOWS\OneDrive\知识库\智库信息爬虫\国际主要科技智库观点演变_研判\03_证据底稿\原文PDF\C-KISTEP-RES0220250108.pdf,C:\Users\WINDOWS\OneDrive\知识库\智库信息爬虫\国际主要科技智库观点演变_研判\03_证据底稿\文本\C-KISTEP-RES0220250108.txt,https://www.kistep.re.kr/reportAllDetail.es?mid=a10305010000&rpt_no=RES0220250108&rpt_tp=831-003,官方PDF已保存并校验
人工智能、数据与数字技术,核心科技直接材料,C-KISTEP-RES0220250108,2025-07-10,W3,2024년도 사업계획 적정성 검토 보고서 광주 GIST 부설 AI영재학교 신설사업,机构正式研究,C:\Users\WINDOWS\OneDrive\知识库\智库信息爬虫\国际主要科技智库观点演变_研判\03_证据底稿\原文PDF\C-KISTEP-RES0220250108.pdf,C:\Users\WINDOWS\OneDrive\知识库\智库信息爬虫\国际主要科技智库观点演变_研判\03_证据底稿\文本\C-KISTEP-RES0220250108.txt,https://www.kistep.re.kr/reportAllDetail.es?mid=a10305010000&rpt_no=RES0220250108&rpt_tp=831-003,官方PDF已保存并校验
半导体、量子与战略技术,核心科技直接材料,C-KISTEP-RES0220250108,2025-07-10,W3,2024년도 사업계획 적정성 검토 보고서 광주 GIST 부설 AI영재학교 신설사업,机构正式研究,C:\Users\WINDOWS\OneDrive\知识库\智库信息爬虫\国际主要科技智库观点演变_研判\03_证据底稿\原文PDF\C-KISTEP-RES0220250108.pdf,C:\Users\WINDOWS\OneDrive\知识库\智库信息爬虫\国际主要科技智库观点演变_研判\03_证据底稿\文本\C-KISTEP-RES0220250108.txt,https://www.kistep.re.kr/reportAllDetail.es?mid=a10305010000&rpt_no=RES0220250108&rpt_tp=831-003,官方PDF已保存并校验
科研体系、研发投入与评价,核心科技直接材料,C-KISTEP-RES0220250108,2025-07-10,W3,2024년도 사업계획 적정성 검토 보고서 광주 GIST 부설 AI영재학교 신설사업,机构正式研究,C:\Users\WINDOWS\OneDrive\知识库\智库信息爬虫\国际主要科技智库观点演变_研判\03_证据底稿\原文PDF\C-KISTEP-RES0220250108.pdf,C:\Users\WINDOWS\OneDrive\知识库\智库信息爬虫\国际主要科技智库观点演变_研判\03_证据底稿\文本\C-KISTEP-RES0220250108.txt,https://www.kistep.re.kr/reportAllDetail.es?mid=a10305010000&rpt_no=RES0220250108&rpt_tp=831-003,官方PDF已保存并校验
科技人才、大学与知识流动,核心科技直接材料,C-KISTEP-RES0220250108,2025-07-10,W3,2024년도 사업계획 적정성 검토 보고서 광주 GIST 부설 AI영재학교 신설사업,机构正式研究,C:\Users\WINDOWS\OneDrive\知识库\智库信息爬虫\国际主要科技智库观点演变_研判\03_证据底稿\原文PDF\C-KISTEP-RES0220250108.pdf,C:\Users\WINDOWS\OneDrive\知识库\智库信息爬虫\国际主要科技智库观点演变_研判\03_证据底稿\文本\C-KISTEP-RES0220250108.txt,https://www.kistep.re.kr/reportAllDetail.es?mid=a10305010000&rpt_no=RES0220250108&rpt_tp=831-003,官方PDF已保存并校验
产业创新、创业与区域体系,核心科技直接材料,C-KISTEP-RES0220250108,2025-07-10,W3,2024년도 사업계획 적정성 검토 보고서 광주 GIST 부설 AI영재학교 신설사업,机构正式研究,C:\Users\WINDOWS\OneDrive\知识库\智库信息爬虫\国际主要科技智库观点演变_研判\03_证据底稿\原文PDF\C-KISTEP-RES0220250108.pdf,C:\Users\WINDOWS\OneDrive\知识库\智库信息爬虫\国际主要科技智库观点演变_研判\03_证据底稿\文本\C-KISTEP-RES0220250108.txt,https://www.kistep.re.kr/reportAllDetail.es?mid=a10305010000&rpt_no=RES0220250108&rpt_tp=831-003,官方PDF已保存并校验
科技前瞻与未来社会,核心科技直接材料,C-KISTEP-RES0220250108,2025-07-10,W3,2024년도 사업계획 적정성 검토 보고서 광주 GIST 부설 AI영재학교 신설사업,机构正式研究,C:\Users\WINDOWS\OneDrive\知识库\智库信息爬虫\国际主要科技智库观点演变_研判\03_证据底稿\原文PDF\C-KISTEP-RES0220250108.pdf,C:\Users\WINDOWS\OneDrive\知识库\智库信息爬虫\国际主要科技智库观点演变_研判\03_证据底稿\文本\C-KISTEP-RES0220250108.txt,https://www.kistep.re.kr/reportAllDetail.es?mid=a10305010000&rpt_no=RES0220250108&rpt_tp=831-003,官方PDF已保存并校验
科研体系、研发投入与评价,科技创新政策与能力基线,C-KISTEP-RES0220250110,2025-07-14,W3,혁신도전형 R&D 정책 기반 고도화,机构正式研究,,,https://www.kistep.re.kr/reportAllDetail.es?mid=a10305010000&rpt_no=RES0220250110&rpt_tp=831-002,官方目录元数据，附件未列入本批
产业创新、创业与区域体系,科技创新政策与能力基线,C-KISTEP-RES0220250110,2025-07-14,W3,혁신도전형 R&D 정책 기반 고도화,机构正式研究,,,https://www.kistep.re.kr/reportAllDetail.es?mid=a10305010000&rpt_no=RES0220250110&rpt_tp=831-002,官方目录元数据，附件未列入本批
科研体系、研发投入与评价,科技创新政策与能力基线,C-KISTEP-RES0220250112,2025-08-01,W3,2024년 하반기 국가연구개발사업 특정평가 보고서 인력양성 사업군,机构正式研究,,,https://www.kistep.re.kr/reportAllDetail.es?mid=a10305010000&rpt_no=RES0220250112&rpt_tp=831-001,官方目录元数据，附件未列入本批
科技人才、大学与知识流动,科技创新政策与能力基线,C-KISTEP-RES0220250112,2025-08-01,W3,2024년 하반기 국가연구개발사업 특정평가 보고서 인력양성 사업군,机构正式研究,,,https://www.kistep.re.kr/reportAllDetail.es?mid=a10305010000&rpt_no=RES0220250112&rpt_tp=831-001,官方目录元数据，附件未列入本批
科研体系、研发投入与评价,科技创新政策与能力基线,C-KISTEP-RES0220250111,2025-08-06,W3,2024년 하반기 국가연구개발사업 특정평가 보고서 다부처 공동추진 사업군,机构正式研究,,,https://www.kistep.re.kr/reportAllDetail.es?mid=a10305010000&rpt_no=RES0220250111&rpt_tp=831-001,官方目录元数据，附件未列入本批
科研体系、研发投入与评价,科技创新政策与能力基线,C-KISTEP-RES0220250115,2025-08-28,W3,2024년도 예비타당성조사 보고서 건설 전주기 안전혁신 기술개발 사업,机构正式研究,,,https://www.kistep.re.kr/reportAllDetail.es?mid=a10305010000&rpt_no=RES0220250115&rpt_tp=831-003,官方目录元数据，附件未列入本批
产业创新、创业与区域体系,科技创新政策与能力基线,C-KISTEP-RES0220250115,2025-08-28,W3,2024년도 예비타당성조사 보고서 건설 전주기 안전혁신 기술개발 사업,机构正式研究,,,https://www.kistep.re.kr/reportAllDetail.es?mid=a10305010000&rpt_no=RES0220250115&rpt_tp=831-003,官方目录元数据，附件未列入本批
人工智能、数据与数字技术,核心科技直接材料,C-KISTEP-RES0220250116,2025-08-28,W3,2024년도 예비타당성조사 보고서 디지털미디어 이노베이션 기술개발사업,机构正式研究,C:\Users\WINDOWS\OneDrive\知识库\智库信息爬虫\国际主要科技智库观点演变_研判\03_证据底稿\原文PDF\C-KISTEP-RES0220250116.pdf,C:\Users\WINDOWS\OneDrive\知识库\智库信息爬虫\国际主要科技智库观点演变_研判\03_证据底稿\文本\C-KISTEP-RES0220250116.txt,https://www.kistep.re.kr/reportAllDetail.es?mid=a10305010000&rpt_no=RES0220250116&rpt_tp=831-003,官方PDF已保存并校验
科研体系、研发投入与评价,核心科技直接材料,C-KISTEP-RES0220250116,2025-08-28,W3,2024년도 예비타당성조사 보고서 디지털미디어 이노베이션 기술개발사업,机构正式研究,C:\Users\WINDOWS\OneDrive\知识库\智库信息爬虫\国际主要科技智库观点演变_研判\03_证据底稿\原文PDF\C-KISTEP-RES0220250116.pdf,C:\Users\WINDOWS\OneDrive\知识库\智库信息爬虫\国际主要科技智库观点演变_研判\03_证据底稿\文本\C-KISTEP-RES0220250116.txt,https://www.kistep.re.kr/reportAllDetail.es?mid=a10305010000&rpt_no=RES0220250116&rpt_tp=831-003,官方PDF已保存并校验
科技人才、大学与知识流动,核心科技直接材料,C-KISTEP-RES0220250116,2025-08-28,W3,2024년도 예비타당성조사 보고서 디지털미디어 이노베이션 기술개발사업,机构正式研究,C:\Users\WINDOWS\OneDrive\知识库\智库信息爬虫\国际主要科技智库观点演变_研判\03_证据底稿\原文PDF\C-KISTEP-RES0220250116.pdf,C:\Users\WINDOWS\OneDrive\知识库\智库信息爬虫\国际主要科技智库观点演变_研判\03_证据底稿\文本\C-KISTEP-RES0220250116.txt,https://www.kistep.re.kr/reportAllDetail.es?mid=a10305010000&rpt_no=RES0220250116&rpt_tp=831-003,官方PDF已保存并校验
产业创新、创业与区域体系,核心科技直接材料,C-KISTEP-RES0220250116,2025-08-28,W3,2024년도 예비타당성조사 보고서 디지털미디어 이노베이션 기술개발사업,机构正式研究,C:\Users\WINDOWS\OneDrive\知识库\智库信息爬虫\国际主要科技智库观点演变_研判\03_证据底稿\原文PDF\C-KISTEP-RES0220250116.pdf,C:\Users\WINDOWS\OneDrive\知识库\智库信息爬虫\国际主要科技智库观点演变_研判\03_证据底稿\文本\C-KISTEP-RES0220250116.txt,https://www.kistep.re.kr/reportAllDetail.es?mid=a10305010000&rpt_no=RES0220250116&rpt_tp=831-003,官方PDF已保存并校验
科技前瞻与未来社会,核心科技直接材料,C-KISTEP-RES0220250116,2025-08-28,W3,2024년도 예비타당성조사 보고서 디지털미디어 이노베이션 기술개발사업,机构正式研究,C:\Users\WINDOWS\OneDrive\知识库\智库信息爬虫\国际主要科技智库观点演变_研判\03_证据底稿\原文PDF\C-KISTEP-RES0220250116.pdf,C:\Users\WINDOWS\OneDrive\知识库\智库信息爬虫\国际主要科技智库观点演变_研判\03_证据底稿\文本\C-KISTEP-RES0220250116.txt,https://www.kistep.re.kr/reportAllDetail.es?mid=a10305010000&rpt_no=RES0220250116&rpt_tp=831-003,官方PDF已保存并校验
中国科技与国际比较,核心科技直接材料,C-KISTEP-RES0220250117,2025-08-28,W3,2024년도 예비타당성조사 보고서 반도체첨단산업기술개발사업,机构正式研究,C:\Users\WINDOWS\OneDrive\知识库\智库信息爬虫\国际主要科技智库观点演变_研判\03_证据底稿\原文PDF\C-KISTEP-RES0220250117.pdf,C:\Users\WINDOWS\OneDrive\知识库\智库信息爬虫\国际主要科技智库观点演变_研判\03_证据底稿\文本\C-KISTEP-RES0220250117.txt,https://www.kistep.re.kr/reportAllDetail.es?mid=a10305010000&rpt_no=RES0220250117&rpt_tp=831-003,官方PDF已保存并校验
人工智能、数据与数字技术,核心科技直接材料,C-KISTEP-RES0220250117,2025-08-28,W3,2024년도 예비타당성조사 보고서 반도체첨단산업기술개발사업,机构正式研究,C:\Users\WINDOWS\OneDrive\知识库\智库信息爬虫\国际主要科技智库观点演变_研判\03_证据底稿\原文PDF\C-KISTEP-RES0220250117.pdf,C:\Users\WINDOWS\OneDrive\知识库\智库信息爬虫\国际主要科技智库观点演变_研判\03_证据底稿\文本\C-KISTEP-RES0220250117.txt,https://www.kistep.re.kr/reportAllDetail.es?mid=a10305010000&rpt_no=RES0220250117&rpt_tp=831-003,官方PDF已保存并校验
半导体、量子与战略技术,核心科技直接材料,C-KISTEP-RES0220250117,2025-08-28,W3,2024년도 예비타당성조사 보고서 반도체첨단산업기술개발사업,机构正式研究,C:\Users\WINDOWS\OneDrive\知识库\智库信息爬虫\国际主要科技智库观点演变_研判\03_证据底稿\原文PDF\C-KISTEP-RES0220250117.pdf,C:\Users\WINDOWS\OneDrive\知识库\智库信息爬虫\国际主要科技智库观点演变_研判\03_证据底稿\文本\C-KISTEP-RES0220250117.txt,https://www.kistep.re.kr/reportAllDetail.es?mid=a10305010000&rpt_no=RES0220250117&rpt_tp=831-003,官方PDF已保存并校验
科研体系、研发投入与评价,核心科技直接材料,C-KISTEP-RES0220250117,2025-08-28,W3,2024년도 예비타당성조사 보고서 반도체첨단산업기술개발사업,机构正式研究,C:\Users\WINDOWS\OneDrive\知识库\智库信息爬虫\国际主要科技智库观点演变_研判\03_证据底稿\原文PDF\C-KISTEP-RES0220250117.pdf,C:\Users\WINDOWS\OneDrive\知识库\智库信息爬虫\国际主要科技智库观点演变_研判\03_证据底稿\文本\C-KISTEP-RES0220250117.txt,https://www.kistep.re.kr/reportAllDetail.es?mid=a10305010000&rpt_no=RES0220250117&rpt_tp=831-003,官方PDF已保存并校验
科技人才、大学与知识流动,核心科技直接材料,C-KISTEP-RES0220250117,2025-08-28,W3,2024년도 예비타당성조사 보고서 반도체첨단산업기술개발사업,机构正式研究,C:\Users\WINDOWS\OneDrive\知识库\智库信息爬虫\国际主要科技智库观点演变_研判\03_证据底稿\原文PDF\C-KISTEP-RES0220250117.pdf,C:\Users\WINDOWS\OneDrive\知识库\智库信息爬虫\国际主要科技智库观点演变_研判\03_证据底稿\文本\C-KISTEP-RES0220250117.txt,https://www.kistep.re.kr/reportAllDetail.es?mid=a10305010000&rpt_no=RES0220250117&rpt_tp=831-003,官方PDF已保存并校验
产业创新、创业与区域体系,核心科技直接材料,C-KISTEP-RES0220250117,2025-08-28,W3,2024년도 예비타당성조사 보고서 반도체첨단산업기술개발사업,机构正式研究,C:\Users\WINDOWS\OneDrive\知识库\智库信息爬虫\国际主要科技智库观点演变_研判\03_证据底稿\原文PDF\C-KISTEP-RES0220250117.pdf,C:\Users\WINDOWS\OneDrive\知识库\智库信息爬虫\国际主要科技智库观点演变_研判\03_证据底稿\文本\C-KISTEP-RES0220250117.txt,https://www.kistep.re.kr/reportAllDetail.es?mid=a10305010000&rpt_no=RES0220250117&rpt_tp=831-003,官方PDF已保存并校验
技术安全、供应链与国际合作,核心科技直接材料,C-KISTEP-RES0220250117,2025-08-28,W3,2024년도 예비타당성조사 보고서 반도체첨단산업기술개발사업,机构正式研究,C:\Users\WINDOWS\OneDrive\知识库\智库信息爬虫\国际主要科技智库观点演变_研判\03_证据底稿\原文PDF\C-KISTEP-RES0220250117.pdf,C:\Users\WINDOWS\OneDrive\知识库\智库信息爬虫\国际主要科技智库观点演变_研判\03_证据底稿\文本\C-KISTEP-RES0220250117.txt,https://www.kistep.re.kr/reportAllDetail.es?mid=a10305010000&rpt_no=RES0220250117&rpt_tp=831-003,官方PDF已保存并校验
科技前瞻与未来社会,核心科技直接材料,C-KISTEP-RES0220250117,2025-08-28,W3,2024년도 예비타당성조사 보고서 반도체첨단산업기술개발사업,机构正式研究,C:\Users\WINDOWS\OneDrive\知识库\智库信息爬虫\国际主要科技智库观点演变_研判\03_证据底稿\原文PDF\C-KISTEP-RES0220250117.pdf,C:\Users\WINDOWS\OneDrive\知识库\智库信息爬虫\国际主要科技智库观点演变_研判\03_证据底稿\文本\C-KISTEP-RES0220250117.txt,https://www.kistep.re.kr/reportAllDetail.es?mid=a10305010000&rpt_no=RES0220250117&rpt_tp=831-003,官方PDF已保存并校验
航天、核能与大型技术系统,核心科技直接材料,C-KISTEP-RES0220250117,2025-08-28,W3,2024년도 예비타당성조사 보고서 반도체첨단산업기술개발사업,机构正式研究,C:\Users\WINDOWS\OneDrive\知识库\智库信息爬虫\国际主要科技智库观点演变_研判\03_证据底稿\原文PDF\C-KISTEP-RES0220250117.pdf,C:\Users\WINDOWS\OneDrive\知识库\智库信息爬虫\国际主要科技智库观点演变_研判\03_证据底稿\文本\C-KISTEP-RES0220250117.txt,https://www.kistep.re.kr/reportAllDetail.es?mid=a10305010000&rpt_no=RES0220250117&rpt_tp=831-003,官方PDF已保存并校验
科研体系、研发投入与评价,科技创新政策与能力基线,C-KISTEP-RES0220250118,2025-08-28,W3,2024년도 예비타당성조사 보고서 Clean-Air 기술개발사업,机构正式研究,,,https://www.kistep.re.kr/reportAllDetail.es?mid=a10305010000&rpt_no=RES0220250118&rpt_tp=831-003,官方目录元数据，附件未列入本批
能源、气候与绿色转型,科技创新政策与能力基线,C-KISTEP-RES0220250119,2025-08-28,W3,2024년도 예비타당성조사 보고서 기후변화 적응 수재해 관리 기술개발사업,机构正式研究,,,https://www.kistep.re.kr/reportAllDetail.es?mid=a10305010000&rpt_no=RES0220250119&rpt_tp=831-003,官方目录元数据，附件未列入本批
科研体系、研发投入与评价,科技创新政策与能力基线,C-KISTEP-RES0220250119,2025-08-28,W3,2024년도 예비타당성조사 보고서 기후변화 적응 수재해 관리 기술개발사업,机构正式研究,,,https://www.kistep.re.kr/reportAllDetail.es?mid=a10305010000&rpt_no=RES0220250119&rpt_tp=831-003,官方目录元数据，附件未列入本批
科研体系、研发投入与评价,科技创新政策与能力基线,C-KISTEP-RES0220250120,2025-08-28,W3,2024년도 예비타당성조사 보고서 재난 및 안전관리 연구개발사업,机构正式研究,,,https://www.kistep.re.kr/reportAllDetail.es?mid=a10305010000&rpt_no=RES0220250120&rpt_tp=831-003,官方目录元数据，附件未列入本批
能源、气候与绿色转型,核心科技直接材料,C-KISTEP-RES0220250121,2025-08-28,W3,2024년도 예비타당성조사 보고서 한국형 수소환원제철 실증기술개발사업,机构正式研究,C:\Users\WINDOWS\OneDrive\知识库\智库信息爬虫\国际主要科技智库观点演变_研判\03_证据底稿\原文PDF\C-KISTEP-RES0220250121.pdf,C:\Users\WINDOWS\OneDrive\知识库\智库信息爬虫\国际主要科技智库观点演变_研判\03_证据底稿\文本\C-KISTEP-RES0220250121.txt,https://www.kistep.re.kr/reportAllDetail.es?mid=a10305010000&rpt_no=RES0220250121&rpt_tp=831-003,官方PDF已保存并校验
科研体系、研发投入与评价,核心科技直接材料,C-KISTEP-RES0220250121,2025-08-28,W3,2024년도 예비타당성조사 보고서 한국형 수소환원제철 실증기술개발사업,机构正式研究,C:\Users\WINDOWS\OneDrive\知识库\智库信息爬虫\国际主要科技智库观点演变_研判\03_证据底稿\原文PDF\C-KISTEP-RES0220250121.pdf,C:\Users\WINDOWS\OneDrive\知识库\智库信息爬虫\国际主要科技智库观点演变_研判\03_证据底稿\文本\C-KISTEP-RES0220250121.txt,https://www.kistep.re.kr/reportAllDetail.es?mid=a10305010000&rpt_no=RES0220250121&rpt_tp=831-003,官方PDF已保存并校验
科技人才、大学与知识流动,核心科技直接材料,C-KISTEP-RES0220250121,2025-08-28,W3,2024년도 예비타당성조사 보고서 한국형 수소환원제철 실증기술개발사업,机构正式研究,C:\Users\WINDOWS\OneDrive\知识库\智库信息爬虫\国际主要科技智库观点演变_研判\03_证据底稿\原文PDF\C-KISTEP-RES0220250121.pdf,C:\Users\WINDOWS\OneDrive\知识库\智库信息爬虫\国际主要科技智库观点演变_研判\03_证据底稿\文本\C-KISTEP-RES0220250121.txt,https://www.kistep.re.kr/reportAllDetail.es?mid=a10305010000&rpt_no=RES0220250121&rpt_tp=831-003,官方PDF已保存并校验
产业创新、创业与区域体系,核心科技直接材料,C-KISTEP-RES0220250121,2025-08-28,W3,2024년도 예비타당성조사 보고서 한국형 수소환원제철 실증기술개발사업,机构正式研究,C:\Users\WINDOWS\OneDrive\知识库\智库信息爬虫\国际主要科技智库观点演变_研判\03_证据底稿\原文PDF\C-KISTEP-RES0220250121.pdf,C:\Users\WINDOWS\OneDrive\知识库\智库信息爬虫\国际主要科技智库观点演变_研判\03_证据底稿\文本\C-KISTEP-RES0220250121.txt,https://www.kistep.re.kr/reportAllDetail.es?mid=a10305010000&rpt_no=RES0220250121&rpt_tp=831-003,官方PDF已保存并校验
科技前瞻与未来社会,核心科技直接材料,C-KISTEP-RES0220250121,2025-08-28,W3,2024년도 예비타당성조사 보고서 한국형 수소환원제철 실증기술개발사업,机构正式研究,C:\Users\WINDOWS\OneDrive\知识库\智库信息爬虫\国际主要科技智库观点演变_研判\03_证据底稿\原文PDF\C-KISTEP-RES0220250121.pdf,C:\Users\WINDOWS\OneDrive\知识库\智库信息爬虫\国际主要科技智库观点演变_研判\03_证据底稿\文本\C-KISTEP-RES0220250121.txt,https://www.kistep.re.kr/reportAllDetail.es?mid=a10305010000&rpt_no=RES0220250121&rpt_tp=831-003,官方PDF已保存并校验
中国科技与国际比较,核心科技直接材料,C-KISTEP-RES0220250124,2025-09-01,W3,2024년도 사업계획 적정성 검토 보고서 양자과학기술 플래그십 프로젝트 사업,机构正式研究,C:\Users\WINDOWS\OneDrive\知识库\智库信息爬虫\国际主要科技智库观点演变_研判\03_证据底稿\原文PDF\C-KISTEP-RES0220250124.pdf,C:\Users\WINDOWS\OneDrive\知识库\智库信息爬虫\国际主要科技智库观点演变_研判\03_证据底稿\文本\C-KISTEP-RES0220250124.txt,https://www.kistep.re.kr/reportAllDetail.es?mid=a10305010000&rpt_no=RES0220250124&rpt_tp=831-003,官方PDF已保存并校验
人工智能、数据与数字技术,核心科技直接材料,C-KISTEP-RES0220250124,2025-09-01,W3,2024년도 사업계획 적정성 검토 보고서 양자과학기술 플래그십 프로젝트 사업,机构正式研究,C:\Users\WINDOWS\OneDrive\知识库\智库信息爬虫\国际主要科技智库观点演变_研判\03_证据底稿\原文PDF\C-KISTEP-RES0220250124.pdf,C:\Users\WINDOWS\OneDrive\知识库\智库信息爬虫\国际主要科技智库观点演变_研判\03_证据底稿\文本\C-KISTEP-RES0220250124.txt,https://www.kistep.re.kr/reportAllDetail.es?mid=a10305010000&rpt_no=RES0220250124&rpt_tp=831-003,官方PDF已保存并校验
半导体、量子与战略技术,核心科技直接材料,C-KISTEP-RES0220250124,2025-09-01,W3,2024년도 사업계획 적정성 검토 보고서 양자과학기술 플래그십 프로젝트 사업,机构正式研究,C:\Users\WINDOWS\OneDrive\知识库\智库信息爬虫\国际主要科技智库观点演变_研判\03_证据底稿\原文PDF\C-KISTEP-RES0220250124.pdf,C:\Users\WINDOWS\OneDrive\知识库\智库信息爬虫\国际主要科技智库观点演变_研判\03_证据底稿\文本\C-KISTEP-RES0220250124.txt,https://www.kistep.re.kr/reportAllDetail.es?mid=a10305010000&rpt_no=RES0220250124&rpt_tp=831-003,官方PDF已保存并校验
生命科学、生物技术与健康,核心科技直接材料,C-KISTEP-RES0220250124,2025-09-01,W3,2024년도 사업계획 적정성 검토 보고서 양자과학기술 플래그십 프로젝트 사업,机构正式研究,C:\Users\WINDOWS\OneDrive\知识库\智库信息爬虫\国际主要科技智库观点演变_研判\03_证据底稿\原文PDF\C-KISTEP-RES0220250124.pdf,C:\Users\WINDOWS\OneDrive\知识库\智库信息爬虫\国际主要科技智库观点演变_研判\03_证据底稿\文本\C-KISTEP-RES0220250124.txt,https://www.kistep.re.kr/reportAllDetail.es?mid=a10305010000&rpt_no=RES0220250124&rpt_tp=831-003,官方PDF已保存并校验
科研体系、研发投入与评价,核心科技直接材料,C-KISTEP-RES0220250124,2025-09-01,W3,2024년도 사업계획 적정성 검토 보고서 양자과학기술 플래그십 프로젝트 사업,机构正式研究,C:\Users\WINDOWS\OneDrive\知识库\智库信息爬虫\国际主要科技智库观点演变_研判\03_证据底稿\原文PDF\C-KISTEP-RES0220250124.pdf,C:\Users\WINDOWS\OneDrive\知识库\智库信息爬虫\国际主要科技智库观点演变_研判\03_证据底稿\文本\C-KISTEP-RES0220250124.txt,https://www.kistep.re.kr/reportAllDetail.es?mid=a10305010000&rpt_no=RES0220250124&rpt_tp=831-003,官方PDF已保存并校验
科技人才、大学与知识流动,核心科技直接材料,C-KISTEP-RES0220250124,2025-09-01,W3,2024년도 사업계획 적정성 검토 보고서 양자과학기술 플래그십 프로젝트 사업,机构正式研究,C:\Users\WINDOWS\OneDrive\知识库\智库信息爬虫\国际主要科技智库观点演变_研判\03_证据底稿\原文PDF\C-KISTEP-RES0220250124.pdf,C:\Users\WINDOWS\OneDrive\知识库\智库信息爬虫\国际主要科技智库观点演变_研判\03_证据底稿\文本\C-KISTEP-RES0220250124.txt,https://www.kistep.re.kr/reportAllDetail.es?mid=a10305010000&rpt_no=RES0220250124&rpt_tp=831-003,官方PDF已保存并校验
产业创新、创业与区域体系,核心科技直接材料,C-KISTEP-RES0220250124,2025-09-01,W3,2024년도 사업계획 적정성 검토 보고서 양자과학기술 플래그십 프로젝트 사업,机构正式研究,C:\Users\WINDOWS\OneDrive\知识库\智库信息爬虫\国际主要科技智库观点演变_研判\03_证据底稿\原文PDF\C-KISTEP-RES0220250124.pdf,C:\Users\WINDOWS\OneDrive\知识库\智库信息爬虫\国际主要科技智库观点演变_研判\03_证据底稿\文本\C-KISTEP-RES0220250124.txt,https://www.kistep.re.kr/reportAllDetail.es?mid=a10305010000&rpt_no=RES0220250124&rpt_tp=831-003,官方PDF已保存并校验
技术安全、供应链与国际合作,核心科技直接材料,C-KISTEP-RES0220250124,2025-09-01,W3,2024년도 사업계획 적정성 검토 보고서 양자과학기술 플래그십 프로젝트 사업,机构正式研究,C:\Users\WINDOWS\OneDrive\知识库\智库信息爬虫\国际主要科技智库观点演变_研判\03_证据底稿\原文PDF\C-KISTEP-RES0220250124.pdf,C:\Users\WINDOWS\OneDrive\知识库\智库信息爬虫\国际主要科技智库观点演变_研判\03_证据底稿\文本\C-KISTEP-RES0220250124.txt,https://www.kistep.re.kr/reportAllDetail.es?mid=a10305010000&rpt_no=RES0220250124&rpt_tp=831-003,官方PDF已保存并校验
科技前瞻与未来社会,核心科技直接材料,C-KISTEP-RES0220250124,2025-09-01,W3,2024년도 사업계획 적정성 검토 보고서 양자과학기술 플래그십 프로젝트 사업,机构正式研究,C:\Users\WINDOWS\OneDrive\知识库\智库信息爬虫\国际主要科技智库观点演变_研判\03_证据底稿\原文PDF\C-KISTEP-RES0220250124.pdf,C:\Users\WINDOWS\OneDrive\知识库\智库信息爬虫\国际主要科技智库观点演变_研判\03_证据底稿\文本\C-KISTEP-RES0220250124.txt,https://www.kistep.re.kr/reportAllDetail.es?mid=a10305010000&rpt_no=RES0220250124&rpt_tp=831-003,官方PDF已保存并校验
航天、核能与大型技术系统,核心科技直接材料,C-KISTEP-RES0220250124,2025-09-01,W3,2024년도 사업계획 적정성 검토 보고서 양자과학기술 플래그십 프로젝트 사업,机构正式研究,C:\Users\WINDOWS\OneDrive\知识库\智库信息爬虫\国际主要科技智库观点演变_研判\03_证据底稿\原文PDF\C-KISTEP-RES0220250124.pdf,C:\Users\WINDOWS\OneDrive\知识库\智库信息爬虫\国际主要科技智库观点演变_研判\03_证据底稿\文本\C-KISTEP-RES0220250124.txt,https://www.kistep.re.kr/reportAllDetail.es?mid=a10305010000&rpt_no=RES0220250124&rpt_tp=831-003,官方PDF已保存并校验
生命科学、生物技术与健康,科技创新政策与能力基线,C-KISTEP-RES0220250125,2025-09-01,W3,2024년도 사업계획 적정성 재검토 보고서 한미혁신성과창출R&D 사업,机构正式研究,,,https://www.kistep.re.kr/reportAllDetail.es?mid=a10305010000&rpt_no=RES0220250125&rpt_tp=831-003,官方目录元数据，附件未列入本批
科研体系、研发投入与评价,科技创新政策与能力基线,C-KISTEP-RES0220250125,2025-09-01,W3,2024년도 사업계획 적정성 재검토 보고서 한미혁신성과창출R&D 사업,机构正式研究,,,https://www.kistep.re.kr/reportAllDetail.es?mid=a10305010000&rpt_no=RES0220250125&rpt_tp=831-003,官方目录元数据，附件未列入本批
产业创新、创业与区域体系,科技创新政策与能力基线,C-KISTEP-RES0220250125,2025-09-01,W3,2024년도 사업계획 적정성 재검토 보고서 한미혁신성과창출R&D 사업,机构正式研究,,,https://www.kistep.re.kr/reportAllDetail.es?mid=a10305010000&rpt_no=RES0220250125&rpt_tp=831-003,官方目录元数据，附件未列入本批
科研体系、研发投入与评价,科技创新政策与能力基线,C-KISTEP-RES0220250122,2025-09-08,W3,기술사업화 사업군 특정평가 보고서,机构正式研究,,,https://www.kistep.re.kr/reportAllDetail.es?mid=a10305010000&rpt_no=RES0220250122&rpt_tp=831-001,官方目录元数据，附件未列入本批
产业创新、创业与区域体系,科技创新政策与能力基线,C-KISTEP-RES0220250122,2025-09-08,W3,기술사업화 사업군 특정평가 보고서,机构正式研究,,,https://www.kistep.re.kr/reportAllDetail.es?mid=a10305010000&rpt_no=RES0220250122&rpt_tp=831-001,官方目录元数据，附件未列入本批
科技人才、大学与知识流动,科技创新政策与能力基线,C-KISTEP-RES0220250126,2025-09-08,W3,2024년도 사업계획 적정성 재검토 보고서 글로벌 의사과학자 양성사업,机构正式研究,,,https://www.kistep.re.kr/reportAllDetail.es?mid=a10305010000&rpt_no=RES0220250126&rpt_tp=831-003,官方目录元数据，附件未列入本批
产业创新、创业与区域体系,科技创新政策与能力基线,C-KISTEP-PRG0720250038,2025-09-30,W3,기술 스케일업과 사업화 촉진을 위한 기술금융 모델 및 운영방안 연구,机构正式研究,,,https://www.kistep.re.kr/reportAllDetail.es?mid=a10305010000&rpt_no=PRG0720250038&rpt_tp=831-007,官方目录元数据，附件未列入本批
中国科技与国际比较,核心科技直接材料,C-KISTEP-RES0220250128,2025-10-10,W3,2024년도 사업계획 적정성 재검토 보고서 국가전략기술(첨단바이오) 특화연구소 육성·지원사업,机构正式研究,C:\Users\WINDOWS\OneDrive\知识库\智库信息爬虫\国际主要科技智库观点演变_研判\03_证据底稿\原文PDF\C-KISTEP-RES0220250128.pdf,C:\Users\WINDOWS\OneDrive\知识库\智库信息爬虫\国际主要科技智库观点演变_研判\03_证据底稿\文本\C-KISTEP-RES0220250128.txt,https://www.kistep.re.kr/reportAllDetail.es?mid=a10305010000&rpt_no=RES0220250128&rpt_tp=831-003,官方PDF已保存并校验
人工智能、数据与数字技术,核心科技直接材料,C-KISTEP-RES0220250128,2025-10-10,W3,2024년도 사업계획 적정성 재검토 보고서 국가전략기술(첨단바이오) 특화연구소 육성·지원사업,机构正式研究,C:\Users\WINDOWS\OneDrive\知识库\智库信息爬虫\国际主要科技智库观点演变_研判\03_证据底稿\原文PDF\C-KISTEP-RES0220250128.pdf,C:\Users\WINDOWS\OneDrive\知识库\智库信息爬虫\国际主要科技智库观点演变_研判\03_证据底稿\文本\C-KISTEP-RES0220250128.txt,https://www.kistep.re.kr/reportAllDetail.es?mid=a10305010000&rpt_no=RES0220250128&rpt_tp=831-003,官方PDF已保存并校验
半导体、量子与战略技术,核心科技直接材料,C-KISTEP-RES0220250128,2025-10-10,W3,2024년도 사업계획 적정성 재검토 보고서 국가전략기술(첨단바이오) 특화연구소 육성·지원사업,机构正式研究,C:\Users\WINDOWS\OneDrive\知识库\智库信息爬虫\国际主要科技智库观点演变_研判\03_证据底稿\原文PDF\C-KISTEP-RES0220250128.pdf,C:\Users\WINDOWS\OneDrive\知识库\智库信息爬虫\国际主要科技智库观点演变_研判\03_证据底稿\文本\C-KISTEP-RES0220250128.txt,https://www.kistep.re.kr/reportAllDetail.es?mid=a10305010000&rpt_no=RES0220250128&rpt_tp=831-003,官方PDF已保存并校验
生命科学、生物技术与健康,核心科技直接材料,C-KISTEP-RES0220250128,2025-10-10,W3,2024년도 사업계획 적정성 재검토 보고서 국가전략기술(첨단바이오) 특화연구소 육성·지원사업,机构正式研究,C:\Users\WINDOWS\OneDrive\知识库\智库信息爬虫\国际主要科技智库观点演变_研判\03_证据底稿\原文PDF\C-KISTEP-RES0220250128.pdf,C:\Users\WINDOWS\OneDrive\知识库\智库信息爬虫\国际主要科技智库观点演变_研判\03_证据底稿\文本\C-KISTEP-RES0220250128.txt,https://www.kistep.re.kr/reportAllDetail.es?mid=a10305010000&rpt_no=RES0220250128&rpt_tp=831-003,官方PDF已保存并校验
科研体系、研发投入与评价,核心科技直接材料,C-KISTEP-RES0220250128,2025-10-10,W3,2024년도 사업계획 적정성 재검토 보고서 국가전략기술(첨단바이오) 특화연구소 육성·지원사업,机构正式研究,C:\Users\WINDOWS\OneDrive\知识库\智库信息爬虫\国际主要科技智库观点演变_研判\03_证据底稿\原文PDF\C-KISTEP-RES0220250128.pdf,C:\Users\WINDOWS\OneDrive\知识库\智库信息爬虫\国际主要科技智库观点演变_研判\03_证据底稿\文本\C-KISTEP-RES0220250128.txt,https://www.kistep.re.kr/reportAllDetail.es?mid=a10305010000&rpt_no=RES0220250128&rpt_tp=831-003,官方PDF已保存并校验
科技人才、大学与知识流动,核心科技直接材料,C-KISTEP-RES0220250128,2025-10-10,W3,2024년도 사업계획 적정성 재검토 보고서 국가전략기술(첨단바이오) 특화연구소 육성·지원사업,机构正式研究,C:\Users\WINDOWS\OneDrive\知识库\智库信息爬虫\国际主要科技智库观点演变_研判\03_证据底稿\原文PDF\C-KISTEP-RES0220250128.pdf,C:\Users\WINDOWS\OneDrive\知识库\智库信息爬虫\国际主要科技智库观点演变_研判\03_证据底稿\文本\C-KISTEP-RES0220250128.txt,https://www.kistep.re.kr/reportAllDetail.es?mid=a10305010000&rpt_no=RES0220250128&rpt_tp=831-003,官方PDF已保存并校验
产业创新、创业与区域体系,核心科技直接材料,C-KISTEP-RES0220250128,2025-10-10,W3,2024년도 사업계획 적정성 재검토 보고서 국가전략기술(첨단바이오) 특화연구소 육성·지원사업,机构正式研究,C:\Users\WINDOWS\OneDrive\知识库\智库信息爬虫\国际主要科技智库观点演变_研判\03_证据底稿\原文PDF\C-KISTEP-RES0220250128.pdf,C:\Users\WINDOWS\OneDrive\知识库\智库信息爬虫\国际主要科技智库观点演变_研判\03_证据底稿\文本\C-KISTEP-RES0220250128.txt,https://www.kistep.re.kr/reportAllDetail.es?mid=a10305010000&rpt_no=RES0220250128&rpt_tp=831-003,官方PDF已保存并校验
技术安全、供应链与国际合作,核心科技直接材料,C-KISTEP-RES0220250128,2025-10-10,W3,2024년도 사업계획 적정성 재검토 보고서 국가전략기술(첨단바이오) 특화연구소 육성·지원사업,机构正式研究,C:\Users\WINDOWS\OneDrive\知识库\智库信息爬虫\国际主要科技智库观点演变_研判\03_证据底稿\原文PDF\C-KISTEP-RES0220250128.pdf,C:\Users\WINDOWS\OneDrive\知识库\智库信息爬虫\国际主要科技智库观点演变_研判\03_证据底稿\文本\C-KISTEP-RES0220250128.txt,https://www.kistep.re.kr/reportAllDetail.es?mid=a10305010000&rpt_no=RES0220250128&rpt_tp=831-003,官方PDF已保存并校验
科技前瞻与未来社会,核心科技直接材料,C-KISTEP-RES0220250128,2025-10-10,W3,2024년도 사업계획 적정성 재검토 보고서 국가전략기술(첨단바이오) 특화연구소 육성·지원사업,机构正式研究,C:\Users\WINDOWS\OneDrive\知识库\智库信息爬虫\国际主要科技智库观点演变_研判\03_证据底稿\原文PDF\C-KISTEP-RES0220250128.pdf,C:\Users\WINDOWS\OneDrive\知识库\智库信息爬虫\国际主要科技智库观点演变_研判\03_证据底稿\文本\C-KISTEP-RES0220250128.txt,https://www.kistep.re.kr/reportAllDetail.es?mid=a10305010000&rpt_no=RES0220250128&rpt_tp=831-003,官方PDF已保存并校验
科研体系、研发投入与评价,科技创新政策与能力基线,C-KISTEP-RES0220250129,2025-10-21,W3,2025년 국가연구개발사업 상위점검 및 연구기관 상위평가,机构正式研究,,,https://www.kistep.re.kr/reportAllDetail.es?mid=a10305010000&rpt_no=RES0220250129&rpt_tp=831-001,官方目录元数据，附件未列入本批
中国科技与国际比较,核心科技直接材料,C-KISTEP-PRG0720250039,2025-10-23,W3,기술패권경쟁 대응을 위한 과학기술혁신정책 기능 검토 연구,机构正式研究,C:\Users\WINDOWS\OneDrive\知识库\智库信息爬虫\国际主要科技智库观点演变_研判\03_证据底稿\原文PDF\C-KISTEP-PRG0720250039.pdf,C:\Users\WINDOWS\OneDrive\知识库\智库信息爬虫\国际主要科技智库观点演变_研判\03_证据底稿\文本\C-KISTEP-PRG0720250039.txt,https://www.kistep.re.kr/reportAllDetail.es?mid=a10305010000&rpt_no=PRG0720250039&rpt_tp=831-007,官方PDF已保存并校验
人工智能、数据与数字技术,核心科技直接材料,C-KISTEP-PRG0720250039,2025-10-23,W3,기술패권경쟁 대응을 위한 과학기술혁신정책 기능 검토 연구,机构正式研究,C:\Users\WINDOWS\OneDrive\知识库\智库信息爬虫\国际主要科技智库观点演变_研判\03_证据底稿\原文PDF\C-KISTEP-PRG0720250039.pdf,C:\Users\WINDOWS\OneDrive\知识库\智库信息爬虫\国际主要科技智库观点演变_研判\03_证据底稿\文本\C-KISTEP-PRG0720250039.txt,https://www.kistep.re.kr/reportAllDetail.es?mid=a10305010000&rpt_no=PRG0720250039&rpt_tp=831-007,官方PDF已保存并校验
半导体、量子与战略技术,核心科技直接材料,C-KISTEP-PRG0720250039,2025-10-23,W3,기술패권경쟁 대응을 위한 과학기술혁신정책 기능 검토 연구,机构正式研究,C:\Users\WINDOWS\OneDrive\知识库\智库信息爬虫\国际主要科技智库观点演变_研判\03_证据底稿\原文PDF\C-KISTEP-PRG0720250039.pdf,C:\Users\WINDOWS\OneDrive\知识库\智库信息爬虫\国际主要科技智库观点演变_研判\03_证据底稿\文本\C-KISTEP-PRG0720250039.txt,https://www.kistep.re.kr/reportAllDetail.es?mid=a10305010000&rpt_no=PRG0720250039&rpt_tp=831-007,官方PDF已保存并校验
生命科学、生物技术与健康,核心科技直接材料,C-KISTEP-PRG0720250039,2025-10-23,W3,기술패권경쟁 대응을 위한 과학기술혁신정책 기능 검토 연구,机构正式研究,C:\Users\WINDOWS\OneDrive\知识库\智库信息爬虫\国际主要科技智库观点演变_研判\03_证据底稿\原文PDF\C-KISTEP-PRG0720250039.pdf,C:\Users\WINDOWS\OneDrive\知识库\智库信息爬虫\国际主要科技智库观点演变_研判\03_证据底稿\文本\C-KISTEP-PRG0720250039.txt,https://www.kistep.re.kr/reportAllDetail.es?mid=a10305010000&rpt_no=PRG0720250039&rpt_tp=831-007,官方PDF已保存并校验
能源、气候与绿色转型,核心科技直接材料,C-KISTEP-PRG0720250039,2025-10-23,W3,기술패권경쟁 대응을 위한 과학기술혁신정책 기능 검토 연구,机构正式研究,C:\Users\WINDOWS\OneDrive\知识库\智库信息爬虫\国际主要科技智库观点演变_研判\03_证据底稿\原文PDF\C-KISTEP-PRG0720250039.pdf,C:\Users\WINDOWS\OneDrive\知识库\智库信息爬虫\国际主要科技智库观点演变_研判\03_证据底稿\文本\C-KISTEP-PRG0720250039.txt,https://www.kistep.re.kr/reportAllDetail.es?mid=a10305010000&rpt_no=PRG0720250039&rpt_tp=831-007,官方PDF已保存并校验
科研体系、研发投入与评价,核心科技直接材料,C-KISTEP-PRG0720250039,2025-10-23,W3,기술패권경쟁 대응을 위한 과학기술혁신정책 기능 검토 연구,机构正式研究,C:\Users\WINDOWS\OneDrive\知识库\智库信息爬虫\国际主要科技智库观点演变_研判\03_证据底稿\原文PDF\C-KISTEP-PRG0720250039.pdf,C:\Users\WINDOWS\OneDrive\知识库\智库信息爬虫\国际主要科技智库观点演变_研判\03_证据底稿\文本\C-KISTEP-PRG0720250039.txt,https://www.kistep.re.kr/reportAllDetail.es?mid=a10305010000&rpt_no=PRG0720250039&rpt_tp=831-007,官方PDF已保存并校验
科技人才、大学与知识流动,核心科技直接材料,C-KISTEP-PRG0720250039,2025-10-23,W3,기술패권경쟁 대응을 위한 과학기술혁신정책 기능 검토 연구,机构正式研究,C:\Users\WINDOWS\OneDrive\知识库\智库信息爬虫\国际主要科技智库观点演变_研判\03_证据底稿\原文PDF\C-KISTEP-PRG0720250039.pdf,C:\Users\WINDOWS\OneDrive\知识库\智库信息爬虫\国际主要科技智库观点演变_研判\03_证据底稿\文本\C-KISTEP-PRG0720250039.txt,https://www.kistep.re.kr/reportAllDetail.es?mid=a10305010000&rpt_no=PRG0720250039&rpt_tp=831-007,官方PDF已保存并校验
产业创新、创业与区域体系,核心科技直接材料,C-KISTEP-PRG0720250039,2025-10-23,W3,기술패권경쟁 대응을 위한 과학기술혁신정책 기능 검토 연구,机构正式研究,C:\Users\WINDOWS\OneDrive\知识库\智库信息爬虫\国际主要科技智库观点演变_研判\03_证据底稿\原文PDF\C-KISTEP-PRG0720250039.pdf,C:\Users\WINDOWS\OneDrive\知识库\智库信息爬虫\国际主要科技智库观点演变_研判\03_证据底稿\文本\C-KISTEP-PRG0720250039.txt,https://www.kistep.re.kr/reportAllDetail.es?mid=a10305010000&rpt_no=PRG0720250039&rpt_tp=831-007,官方PDF已保存并校验
技术安全、供应链与国际合作,核心科技直接材料,C-KISTEP-PRG0720250039,2025-10-23,W3,기술패권경쟁 대응을 위한 과학기술혁신정책 기능 검토 연구,机构正式研究,C:\Users\WINDOWS\OneDrive\知识库\智库信息爬虫\国际主要科技智库观点演变_研判\03_证据底稿\原文PDF\C-KISTEP-PRG0720250039.pdf,C:\Users\WINDOWS\OneDrive\知识库\智库信息爬虫\国际主要科技智库观点演变_研判\03_证据底稿\文本\C-KISTEP-PRG0720250039.txt,https://www.kistep.re.kr/reportAllDetail.es?mid=a10305010000&rpt_no=PRG0720250039&rpt_tp=831-007,官方PDF已保存并校验
航天、核能与大型技术系统,核心科技直接材料,C-KISTEP-PRG0720250039,2025-10-23,W3,기술패권경쟁 대응을 위한 과학기술혁신정책 기능 검토 연구,机构正式研究,C:\Users\WINDOWS\OneDrive\知识库\智库信息爬虫\国际主要科技智库观点演变_研判\03_证据底稿\原文PDF\C-KISTEP-PRG0720250039.pdf,C:\Users\WINDOWS\OneDrive\知识库\智库信息爬虫\国际主要科技智库观点演变_研判\03_证据底稿\文本\C-KISTEP-PRG0720250039.txt,https://www.kistep.re.kr/reportAllDetail.es?mid=a10305010000&rpt_no=PRG0720250039&rpt_tp=831-007,官方PDF已保存并校验
科技创新政策与研究体系,科技创新政策与能力基线,C-KISTEP-RES0220250130,2025-10-28,W3,2025년도 과학기술분야 중장기계획 편람,机构正式研究,,,https://www.kistep.re.kr/reportAllDetail.es?mid=a10305010000&rpt_no=RES0220250130&rpt_tp=831-002,官方目录元数据，附件未列入本批
人工智能、数据与数字技术,核心科技直接材料,C-KISTEP-RES0220250132,2025-10-30,W3,데이터 기반의 해외 우수연구자 탐색 및 네트워킹 지원체계 구축,机构正式研究,C:\Users\WINDOWS\OneDrive\知识库\智库信息爬虫\国际主要科技智库观点演变_研判\03_证据底稿\原文PDF\C-KISTEP-RES0220250132.pdf,C:\Users\WINDOWS\OneDrive\知识库\智库信息爬虫\国际主要科技智库观点演变_研判\03_证据底稿\文本\C-KISTEP-RES0220250132.txt,https://www.kistep.re.kr/reportAllDetail.es?mid=a10305010000&rpt_no=RES0220250132&rpt_tp=831-002,官方PDF已保存并校验
半导体、量子与战略技术,核心科技直接材料,C-KISTEP-RES0220250132,2025-10-30,W3,데이터 기반의 해외 우수연구자 탐색 및 네트워킹 지원체계 구축,机构正式研究,C:\Users\WINDOWS\OneDrive\知识库\智库信息爬虫\国际主要科技智库观点演变_研判\03_证据底稿\原文PDF\C-KISTEP-RES0220250132.pdf,C:\Users\WINDOWS\OneDrive\知识库\智库信息爬虫\国际主要科技智库观点演变_研判\03_证据底稿\文本\C-KISTEP-RES0220250132.txt,https://www.kistep.re.kr/reportAllDetail.es?mid=a10305010000&rpt_no=RES0220250132&rpt_tp=831-002,官方PDF已保存并校验
科研体系、研发投入与评价,核心科技直接材料,C-KISTEP-RES0220250132,2025-10-30,W3,데이터 기반의 해외 우수연구자 탐색 및 네트워킹 지원체계 구축,机构正式研究,C:\Users\WINDOWS\OneDrive\知识库\智库信息爬虫\国际主要科技智库观点演变_研判\03_证据底稿\原文PDF\C-KISTEP-RES0220250132.pdf,C:\Users\WINDOWS\OneDrive\知识库\智库信息爬虫\国际主要科技智库观点演变_研判\03_证据底稿\文本\C-KISTEP-RES0220250132.txt,https://www.kistep.re.kr/reportAllDetail.es?mid=a10305010000&rpt_no=RES0220250132&rpt_tp=831-002,官方PDF已保存并校验
科技人才、大学与知识流动,核心科技直接材料,C-KISTEP-RES0220250132,2025-10-30,W3,데이터 기반의 해외 우수연구자 탐색 및 네트워킹 지원체계 구축,机构正式研究,C:\Users\WINDOWS\OneDrive\知识库\智库信息爬虫\国际主要科技智库观点演变_研判\03_证据底稿\原文PDF\C-KISTEP-RES0220250132.pdf,C:\Users\WINDOWS\OneDrive\知识库\智库信息爬虫\国际主要科技智库观点演变_研判\03_证据底稿\文本\C-KISTEP-RES0220250132.txt,https://www.kistep.re.kr/reportAllDetail.es?mid=a10305010000&rpt_no=RES0220250132&rpt_tp=831-002,官方PDF已保存并校验
产业创新、创业与区域体系,核心科技直接材料,C-KISTEP-RES0220250132,2025-10-30,W3,데이터 기반의 해외 우수연구자 탐색 및 네트워킹 지원체계 구축,机构正式研究,C:\Users\WINDOWS\OneDrive\知识库\智库信息爬虫\国际主要科技智库观点演变_研判\03_证据底稿\原文PDF\C-KISTEP-RES0220250132.pdf,C:\Users\WINDOWS\OneDrive\知识库\智库信息爬虫\国际主要科技智库观点演变_研判\03_证据底稿\文本\C-KISTEP-RES0220250132.txt,https://www.kistep.re.kr/reportAllDetail.es?mid=a10305010000&rpt_no=RES0220250132&rpt_tp=831-002,官方PDF已保存并校验
技术安全、供应链与国际合作,核心科技直接材料,C-KISTEP-RES0220250132,2025-10-30,W3,데이터 기반의 해외 우수연구자 탐색 및 네트워킹 지원체계 구축,机构正式研究,C:\Users\WINDOWS\OneDrive\知识库\智库信息爬虫\国际主要科技智库观点演变_研判\03_证据底稿\原文PDF\C-KISTEP-RES0220250132.pdf,C:\Users\WINDOWS\OneDrive\知识库\智库信息爬虫\国际主要科技智库观点演变_研判\03_证据底稿\文本\C-KISTEP-RES0220250132.txt,https://www.kistep.re.kr/reportAllDetail.es?mid=a10305010000&rpt_no=RES0220250132&rpt_tp=831-002,官方PDF已保存并校验
半导体、量子与战略技术,核心科技直接材料,C-KISTEP-PRG0720250051,2025-11-19,W3,임무중심형 혁신정책(MOIP) 적용을 통한 정부 R&D 예산 운영의 효율화 전략 연구: 로봇 분야 사례 분석,机构正式研究,C:\Users\WINDOWS\OneDrive\知识库\智库信息爬虫\国际主要科技智库观点演变_研判\03_证据底稿\原文PDF\C-KISTEP-PRG0720250051.pdf,C:\Users\WINDOWS\OneDrive\知识库\智库信息爬虫\国际主要科技智库观点演变_研判\03_证据底稿\文本\C-KISTEP-PRG0720250051.txt,https://www.kistep.re.kr/reportAllDetail.es?mid=a10305010000&rpt_no=PRG0720250051&rpt_tp=831-007,官方PDF已保存并校验
科研体系、研发投入与评价,核心科技直接材料,C-KISTEP-PRG0720250051,2025-11-19,W3,임무중심형 혁신정책(MOIP) 적용을 통한 정부 R&D 예산 운영의 효율화 전략 연구: 로봇 분야 사례 분석,机构正式研究,C:\Users\WINDOWS\OneDrive\知识库\智库信息爬虫\国际主要科技智库观点演变_研判\03_证据底稿\原文PDF\C-KISTEP-PRG0720250051.pdf,C:\Users\WINDOWS\OneDrive\知识库\智库信息爬虫\国际主要科技智库观点演变_研判\03_证据底稿\文本\C-KISTEP-PRG0720250051.txt,https://www.kistep.re.kr/reportAllDetail.es?mid=a10305010000&rpt_no=PRG0720250051&rpt_tp=831-007,官方PDF已保存并校验
产业创新、创业与区域体系,核心科技直接材料,C-KISTEP-PRG0720250051,2025-11-19,W3,임무중심형 혁신정책(MOIP) 적용을 통한 정부 R&D 예산 운영의 효율화 전략 연구: 로봇 분야 사례 분석,机构正式研究,C:\Users\WINDOWS\OneDrive\知识库\智库信息爬虫\国际主要科技智库观点演变_研判\03_证据底稿\原文PDF\C-KISTEP-PRG0720250051.pdf,C:\Users\WINDOWS\OneDrive\知识库\智库信息爬虫\国际主要科技智库观点演变_研判\03_证据底稿\文本\C-KISTEP-PRG0720250051.txt,https://www.kistep.re.kr/reportAllDetail.es?mid=a10305010000&rpt_no=PRG0720250051&rpt_tp=831-007,官方PDF已保存并校验
科技前瞻与未来社会,核心科技直接材料,C-KISTEP-PRG0720250051,2025-11-19,W3,임무중심형 혁신정책(MOIP) 적용을 통한 정부 R&D 예산 운영의 효율화 전략 연구: 로봇 분야 사례 분석,机构正式研究,C:\Users\WINDOWS\OneDrive\知识库\智库信息爬虫\国际主要科技智库观点演变_研判\03_证据底稿\原文PDF\C-KISTEP-PRG0720250051.pdf,C:\Users\WINDOWS\OneDrive\知识库\智库信息爬虫\国际主要科技智库观点演变_研判\03_证据底稿\文本\C-KISTEP-PRG0720250051.txt,https://www.kistep.re.kr/reportAllDetail.es?mid=a10305010000&rpt_no=PRG0720250051&rpt_tp=831-007,官方PDF已保存并校验
航天、核能与大型技术系统,核心科技直接材料,C-KISTEP-PRG0720250051,2025-11-19,W3,임무중심형 혁신정책(MOIP) 적용을 통한 정부 R&D 예산 운영의 효율화 전략 연구: 로봇 분야 사례 분석,机构正式研究,C:\Users\WINDOWS\OneDrive\知识库\智库信息爬虫\国际主要科技智库观点演变_研判\03_证据底稿\原文PDF\C-KISTEP-PRG0720250051.pdf,C:\Users\WINDOWS\OneDrive\知识库\智库信息爬虫\国际主要科技智库观点演变_研判\03_证据底稿\文本\C-KISTEP-PRG0720250051.txt,https://www.kistep.re.kr/reportAllDetail.es?mid=a10305010000&rpt_no=PRG0720250051&rpt_tp=831-007,官方PDF已保存并校验
科技创新政策与研究体系,科技创新政策与能力基线,C-KISTEP-PRG0720250047,2025-11-27,W3,구축형R&D 조사체계 고도화를 위한 임무적절성 검토기준 및  방안 마련 연구,机构正式研究,,,https://www.kistep.re.kr/reportAllDetail.es?mid=a10305010000&rpt_no=PRG0720250047&rpt_tp=831-007,官方目录元数据，附件未列入本批
科研体系、研发投入与评价,科技创新政策与能力基线,C-KISTEP-PRG0720250048,2025-11-28,W3,예비타당성조사 체계 개선안을 반영한 법령 개정안 마련 연구,机构正式研究,,,https://www.kistep.re.kr/reportAllDetail.es?mid=a10305010000&rpt_no=PRG0720250048&rpt_tp=831-007,官方目录元数据，附件未列入本批
科研体系、研发投入与评价,科技创新政策与能力基线,C-KISTEP-PRG0720250049,2025-11-28,W3,과학기술 논문성과 분석연구(2010-2024),机构正式研究,,,https://www.kistep.re.kr/reportAllDetail.es?mid=a10305010000&rpt_no=PRG0720250049&rpt_tp=831-007,官方目录元数据，附件未列入本批
科研体系、研发投入与评价,科技创新政策与能力基线,C-KISTEP-PRG0720250050,2025-11-28,W3,동시수행 연구개발과제 수 제한(3책5공) 제도개선 연구,机构正式研究,,,https://www.kistep.re.kr/reportAllDetail.es?mid=a10305010000&rpt_no=PRG0720250050&rpt_tp=831-007,官方目录元数据，附件未列入本批
技术安全、供应链与国际合作,科技创新政策与能力基线,C-KISTEP-RES0220250134,2025-12-02,W3,2025년도 사업계획 적정성 재검토 보고서 해외우수연구기관 협력허브구축사업,机构正式研究,,,https://www.kistep.re.kr/reportAllDetail.es?mid=a10305010000&rpt_no=RES0220250134&rpt_tp=831-003,官方目录元数据，附件未列入本批
科技人才、大学与知识流动,科技创新政策与能力基线,C-KISTEP-PRG0720250052,2025-12-17,W3,2025년 과학기술외교 아카데미 구축·운영,机构正式研究,,,https://www.kistep.re.kr/reportAllDetail.es?mid=a10305010000&rpt_no=PRG0720250052&rpt_tp=831-007,官方目录元数据，附件未列入本批
技术安全、供应链与国际合作,科技创新政策与能力基线,C-KISTEP-PRG0720250052,2025-12-17,W3,2025년 과학기술외교 아카데미 구축·운영,机构正式研究,,,https://www.kistep.re.kr/reportAllDetail.es?mid=a10305010000&rpt_no=PRG0720250052&rpt_tp=831-007,官方目录元数据，附件未列入本批
科研体系、研发投入与评价,科技创新政策与能力基线,C-KISTEP-PRG0720250053,2025-12-19,W3,지역 자율 R&D 정책방향 수립을 위한 정책 연구,机构正式研究,,,https://www.kistep.re.kr/reportAllDetail.es?mid=a10305010000&rpt_no=PRG0720250053&rpt_tp=831-007,官方目录元数据，附件未列入本批
产业创新、创业与区域体系,科技创新政策与能力基线,C-KISTEP-PRG0720250053,2025-12-19,W3,지역 자율 R&D 정책방향 수립을 위한 정책 연구,机构正式研究,,,https://www.kistep.re.kr/reportAllDetail.es?mid=a10305010000&rpt_no=PRG0720250053&rpt_tp=831-007,官方目录元数据，附件未列入本批
科研体系、研发投入与评价,科技创新政策与能力基线,C-KISTEP-PRG0720260002,2025-12-29,W3,글로벌 R&D 성과지표 개발 활용,机构正式研究,,,https://www.kistep.re.kr/reportAllDetail.es?mid=a10305010000&rpt_no=PRG0720260002&rpt_tp=831-007,官方目录元数据，附件未列入本批
技术安全、供应链与国际合作,科技创新政策与能力基线,C-KISTEP-PRG0720260002,2025-12-29,W3,글로벌 R&D 성과지표 개발 활용,机构正式研究,,,https://www.kistep.re.kr/reportAllDetail.es?mid=a10305010000&rpt_no=PRG0720260002&rpt_tp=831-007,官方目录元数据，附件未列入本批
科技人才、大学与知识流动,科技创新政策与能力基线,C-KISTEP-PRG0720260003,2025-12-31,W3,연구보안 전문인력 양성 교과과정 개발,机构正式研究,,,https://www.kistep.re.kr/reportAllDetail.es?mid=a10305010000&rpt_no=PRG0720260003&rpt_tp=831-007,官方目录元数据，附件未列入本批
科技人才、大学与知识流动,科技创新政策与能力基线,C-KISTEP-PRG0720260004,2025-12-31,W3,연구보안 실무 전문인력 양성 교육과정 운영에 관한 연구,机构正式研究,,,https://www.kistep.re.kr/reportAllDetail.es?mid=a10305010000&rpt_no=PRG0720260004&rpt_tp=831-007,官方目录元数据，附件未列入本批
科技创新政策与研究体系,科技创新政策与能力基线,C-KISTEP-PRG0720260021,2025-12-31,W3,범부처 연구지원시스템 운영을 위한 사용자 온·오프라인 교육 및 학습 플랫폼 지원_최종보고서,机构正式研究,,,https://www.kistep.re.kr/reportAllDetail.es?mid=a10305010000&rpt_no=PRG0720260021&rpt_tp=831-007,官方目录元数据，附件未列入本批
中国科技与国际比较,核心科技直接材料,C-KISTEP-RES0220260001,2026-01-06,W3,기술패권경쟁 시대 리스크 대응을 위한 글로벌 공급망 분석 연구_firm-level data 분석을 중심으로,机构正式研究,C:\Users\WINDOWS\OneDrive\知识库\智库信息爬虫\国际主要科技智库观点演变_研判\03_证据底稿\原文PDF\C-KISTEP-RES0220260001.pdf,C:\Users\WINDOWS\OneDrive\知识库\智库信息爬虫\国际主要科技智库观点演变_研判\03_证据底稿\文本\C-KISTEP-RES0220260001.txt,https://www.kistep.re.kr/reportAllDetail.es?mid=a10305010000&rpt_no=RES0220260001&rpt_tp=831-002,官方PDF已保存并校验
人工智能、数据与数字技术,核心科技直接材料,C-KISTEP-RES0220260001,2026-01-06,W3,기술패권경쟁 시대 리스크 대응을 위한 글로벌 공급망 분석 연구_firm-level data 분석을 중심으로,机构正式研究,C:\Users\WINDOWS\OneDrive\知识库\智库信息爬虫\国际主要科技智库观点演变_研判\03_证据底稿\原文PDF\C-KISTEP-RES0220260001.pdf,C:\Users\WINDOWS\OneDrive\知识库\智库信息爬虫\国际主要科技智库观点演变_研判\03_证据底稿\文本\C-KISTEP-RES0220260001.txt,https://www.kistep.re.kr/reportAllDetail.es?mid=a10305010000&rpt_no=RES0220260001&rpt_tp=831-002,官方PDF已保存并校验
半导体、量子与战略技术,核心科技直接材料,C-KISTEP-RES0220260001,2026-01-06,W3,기술패권경쟁 시대 리스크 대응을 위한 글로벌 공급망 분석 연구_firm-level data 분석을 중심으로,机构正式研究,C:\Users\WINDOWS\OneDrive\知识库\智库信息爬虫\国际主要科技智库观点演变_研判\03_证据底稿\原文PDF\C-KISTEP-RES0220260001.pdf,C:\Users\WINDOWS\OneDrive\知识库\智库信息爬虫\国际主要科技智库观点演变_研判\03_证据底稿\文本\C-KISTEP-RES0220260001.txt,https://www.kistep.re.kr/reportAllDetail.es?mid=a10305010000&rpt_no=RES0220260001&rpt_tp=831-002,官方PDF已保存并校验
产业创新、创业与区域体系,核心科技直接材料,C-KISTEP-RES0220260001,2026-01-06,W3,기술패권경쟁 시대 리스크 대응을 위한 글로벌 공급망 분석 연구_firm-level data 분석을 중심으로,机构正式研究,C:\Users\WINDOWS\OneDrive\知识库\智库信息爬虫\国际主要科技智库观点演变_研判\03_证据底稿\原文PDF\C-KISTEP-RES0220260001.pdf,C:\Users\WINDOWS\OneDrive\知识库\智库信息爬虫\国际主要科技智库观点演变_研判\03_证据底稿\文本\C-KISTEP-RES0220260001.txt,https://www.kistep.re.kr/reportAllDetail.es?mid=a10305010000&rpt_no=RES0220260001&rpt_tp=831-002,官方PDF已保存并校验
技术安全、供应链与国际合作,核心科技直接材料,C-KISTEP-RES0220260001,2026-01-06,W3,기술패권경쟁 시대 리스크 대응을 위한 글로벌 공급망 분석 연구_firm-level data 분석을 중심으로,机构正式研究,C:\Users\WINDOWS\OneDrive\知识库\智库信息爬虫\国际主要科技智库观点演变_研判\03_证据底稿\原文PDF\C-KISTEP-RES0220260001.pdf,C:\Users\WINDOWS\OneDrive\知识库\智库信息爬虫\国际主要科技智库观点演变_研判\03_证据底稿\文本\C-KISTEP-RES0220260001.txt,https://www.kistep.re.kr/reportAllDetail.es?mid=a10305010000&rpt_no=RES0220260001&rpt_tp=831-002,官方PDF已保存并校验
产业创新、创业与区域体系,科技创新政策与能力基线,C-KISTEP-RES0220260002,2026-01-06,W3,2024년도 사업계획 적정성 검토 미래 판기술 프로젝트 사업,机构正式研究,,,https://www.kistep.re.kr/reportAllDetail.es?mid=a10305010000&rpt_no=RES0220260002&rpt_tp=831-003,官方目录元数据，附件未列入本批
科技前瞻与未来社会,科技创新政策与能力基线,C-KISTEP-RES0220260002,2026-01-06,W3,2024년도 사업계획 적정성 검토 미래 판기술 프로젝트 사업,机构正式研究,,,https://www.kistep.re.kr/reportAllDetail.es?mid=a10305010000&rpt_no=RES0220260002&rpt_tp=831-003,官方目录元数据，附件未列入本批
中国科技与国际比较,核心科技直接材料,C-KISTEP-RES0220260003,2026-01-06,W3,AI 분야 유망 분야 탐색을 통한 R&D 예산 투자 효율화 연구,机构正式研究,C:\Users\WINDOWS\OneDrive\知识库\智库信息爬虫\国际主要科技智库观点演变_研判\03_证据底稿\原文PDF\C-KISTEP-RES0220260003.pdf,C:\Users\WINDOWS\OneDrive\知识库\智库信息爬虫\国际主要科技智库观点演变_研判\03_证据底稿\文本\C-KISTEP-RES0220260003.txt,https://www.kistep.re.kr/reportAllDetail.es?mid=a10305010000&rpt_no=RES0220260003&rpt_tp=831-005,官方PDF已保存并校验
人工智能、数据与数字技术,核心科技直接材料,C-KISTEP-RES0220260003,2026-01-06,W3,AI 분야 유망 분야 탐색을 통한 R&D 예산 투자 효율화 연구,机构正式研究,C:\Users\WINDOWS\OneDrive\知识库\智库信息爬虫\国际主要科技智库观点演变_研判\03_证据底稿\原文PDF\C-KISTEP-RES0220260003.pdf,C:\Users\WINDOWS\OneDrive\知识库\智库信息爬虫\国际主要科技智库观点演变_研判\03_证据底稿\文本\C-KISTEP-RES0220260003.txt,https://www.kistep.re.kr/reportAllDetail.es?mid=a10305010000&rpt_no=RES0220260003&rpt_tp=831-005,官方PDF已保存并校验
半导体、量子与战略技术,核心科技直接材料,C-KISTEP-RES0220260003,2026-01-06,W3,AI 분야 유망 분야 탐색을 통한 R&D 예산 투자 효율화 연구,机构正式研究,C:\Users\WINDOWS\OneDrive\知识库\智库信息爬虫\国际主要科技智库观点演变_研判\03_证据底稿\原文PDF\C-KISTEP-RES0220260003.pdf,C:\Users\WINDOWS\OneDrive\知识库\智库信息爬虫\国际主要科技智库观点演变_研判\03_证据底稿\文本\C-KISTEP-RES0220260003.txt,https://www.kistep.re.kr/reportAllDetail.es?mid=a10305010000&rpt_no=RES0220260003&rpt_tp=831-005,官方PDF已保存并校验
生命科学、生物技术与健康,核心科技直接材料,C-KISTEP-RES0220260003,2026-01-06,W3,AI 분야 유망 분야 탐색을 통한 R&D 예산 투자 효율화 연구,机构正式研究,C:\Users\WINDOWS\OneDrive\知识库\智库信息爬虫\国际主要科技智库观点演变_研判\03_证据底稿\原文PDF\C-KISTEP-RES0220260003.pdf,C:\Users\WINDOWS\OneDrive\知识库\智库信息爬虫\国际主要科技智库观点演变_研判\03_证据底稿\文本\C-KISTEP-RES0220260003.txt,https://www.kistep.re.kr/reportAllDetail.es?mid=a10305010000&rpt_no=RES0220260003&rpt_tp=831-005,官方PDF已保存并校验
能源、气候与绿色转型,核心科技直接材料,C-KISTEP-RES0220260003,2026-01-06,W3,AI 분야 유망 분야 탐색을 통한 R&D 예산 투자 효율화 연구,机构正式研究,C:\Users\WINDOWS\OneDrive\知识库\智库信息爬虫\国际主要科技智库观点演变_研判\03_证据底稿\原文PDF\C-KISTEP-RES0220260003.pdf,C:\Users\WINDOWS\OneDrive\知识库\智库信息爬虫\国际主要科技智库观点演变_研判\03_证据底稿\文本\C-KISTEP-RES0220260003.txt,https://www.kistep.re.kr/reportAllDetail.es?mid=a10305010000&rpt_no=RES0220260003&rpt_tp=831-005,官方PDF已保存并校验
科研体系、研发投入与评价,核心科技直接材料,C-KISTEP-RES0220260003,2026-01-06,W3,AI 분야 유망 분야 탐색을 통한 R&D 예산 투자 효율화 연구,机构正式研究,C:\Users\WINDOWS\OneDrive\知识库\智库信息爬虫\国际主要科技智库观点演变_研判\03_证据底稿\原文PDF\C-KISTEP-RES0220260003.pdf,C:\Users\WINDOWS\OneDrive\知识库\智库信息爬虫\国际主要科技智库观点演变_研判\03_证据底稿\文本\C-KISTEP-RES0220260003.txt,https://www.kistep.re.kr/reportAllDetail.es?mid=a10305010000&rpt_no=RES0220260003&rpt_tp=831-005,官方PDF已保存并校验
科技人才、大学与知识流动,核心科技直接材料,C-KISTEP-RES0220260003,2026-01-06,W3,AI 분야 유망 분야 탐색을 통한 R&D 예산 투자 효율화 연구,机构正式研究,C:\Users\WINDOWS\OneDrive\知识库\智库信息爬虫\国际主要科技智库观点演变_研判\03_证据底稿\原文PDF\C-KISTEP-RES0220260003.pdf,C:\Users\WINDOWS\OneDrive\知识库\智库信息爬虫\国际主要科技智库观点演变_研判\03_证据底稿\文本\C-KISTEP-RES0220260003.txt,https://www.kistep.re.kr/reportAllDetail.es?mid=a10305010000&rpt_no=RES0220260003&rpt_tp=831-005,官方PDF已保存并校验
产业创新、创业与区域体系,核心科技直接材料,C-KISTEP-RES0220260003,2026-01-06,W3,AI 분야 유망 분야 탐색을 통한 R&D 예산 투자 효율화 연구,机构正式研究,C:\Users\WINDOWS\OneDrive\知识库\智库信息爬虫\国际主要科技智库观点演变_研判\03_证据底稿\原文PDF\C-KISTEP-RES0220260003.pdf,C:\Users\WINDOWS\OneDrive\知识库\智库信息爬虫\国际主要科技智库观点演变_研判\03_证据底稿\文本\C-KISTEP-RES0220260003.txt,https://www.kistep.re.kr/reportAllDetail.es?mid=a10305010000&rpt_no=RES0220260003&rpt_tp=831-005,官方PDF已保存并校验
科技前瞻与未来社会,核心科技直接材料,C-KISTEP-RES0220260003,2026-01-06,W3,AI 분야 유망 분야 탐색을 통한 R&D 예산 투자 효율화 연구,机构正式研究,C:\Users\WINDOWS\OneDrive\知识库\智库信息爬虫\国际主要科技智库观点演变_研判\03_证据底稿\原文PDF\C-KISTEP-RES0220260003.pdf,C:\Users\WINDOWS\OneDrive\知识库\智库信息爬虫\国际主要科技智库观点演变_研判\03_证据底稿\文本\C-KISTEP-RES0220260003.txt,https://www.kistep.re.kr/reportAllDetail.es?mid=a10305010000&rpt_no=RES0220260003&rpt_tp=831-005,官方PDF已保存并校验
产业创新、创业与区域体系,科技创新政策与能力基线,C-KISTEP-RES0220260008,2026-01-19,W3,2025년 과학기술 국제협력 네트워크 구축 및 강화 연구,机构正式研究,,,https://www.kistep.re.kr/reportAllDetail.es?mid=a10305010000&rpt_no=RES0220260008&rpt_tp=831-002,官方目录元数据，附件未列入本批
技术安全、供应链与国际合作,科技创新政策与能力基线,C-KISTEP-RES0220260008,2026-01-19,W3,2025년 과학기술 국제협력 네트워크 구축 및 강화 연구,机构正式研究,,,https://www.kistep.re.kr/reportAllDetail.es?mid=a10305010000&rpt_no=RES0220260008&rpt_tp=831-002,官方目录元数据，附件未列入本批
科研体系、研发投入与评价,科技创新政策与能力基线,C-KISTEP-RES0220260010,2026-01-22,W3,국가R&D 기획∙관리 지원서비스 구축,机构正式研究,,,https://www.kistep.re.kr/reportAllDetail.es?mid=a10305010000&rpt_no=RES0220260010&rpt_tp=831-007,官方目录元数据，附件未列入本批
科技人才、大学与知识流动,科技创新政策与能力基线,C-KISTEP-RES0220260010,2026-01-22,W3,국가R&D 기획∙관리 지원서비스 구축,机构正式研究,,,https://www.kistep.re.kr/reportAllDetail.es?mid=a10305010000&rpt_no=RES0220260010&rpt_tp=831-007,官方目录元数据，附件未列入本批
科研体系、研发投入与评价,科技创新政策与能力基线,C-KISTEP-RES0220260012,2026-01-22,W3,2025년 전략적 R&D예산 배분 및 편성을 위한 정책기반 구축에 관한 연구,机构正式研究,,,https://www.kistep.re.kr/reportAllDetail.es?mid=a10305010000&rpt_no=RES0220260012&rpt_tp=831-005,官方目录元数据，附件未列入本批
科技人才、大学与知识流动,科技创新政策与能力基线,C-KISTEP-RES0220260013,2026-01-23,W3,연구자권익보호위원회 운영,机构正式研究,,,https://www.kistep.re.kr/reportAllDetail.es?mid=a10305010000&rpt_no=RES0220260013&rpt_tp=831-002,官方目录元数据，附件未列入本批
技术安全、供应链与国际合作,科技创新政策与能力基线,C-KISTEP-RES0220260013,2026-01-23,W3,연구자권익보호위원회 운영,机构正式研究,,,https://www.kistep.re.kr/reportAllDetail.es?mid=a10305010000&rpt_no=RES0220260013&rpt_tp=831-002,官方目录元数据，附件未列入本批
生命科学、生物技术与健康,核心科技直接材料,C-KISTEP-RES0220260017,2026-01-26,W3,2025년도 사업계획 적정성 재검토 보고서 보스턴 코리아 공동연구 지원사업,机构正式研究,C:\Users\WINDOWS\OneDrive\知识库\智库信息爬虫\国际主要科技智库观点演变_研判\03_证据底稿\原文PDF\C-KISTEP-RES0220260017.pdf,C:\Users\WINDOWS\OneDrive\知识库\智库信息爬虫\国际主要科技智库观点演变_研判\03_证据底稿\文本\C-KISTEP-RES0220260017.txt,https://www.kistep.re.kr/reportAllDetail.es?mid=a10305010000&rpt_no=RES0220260017&rpt_tp=831-003,官方PDF已保存并校验
技术安全、供应链与国际合作,核心科技直接材料,C-KISTEP-RES0220260017,2026-01-26,W3,2025년도 사업계획 적정성 재검토 보고서 보스턴 코리아 공동연구 지원사업,机构正式研究,C:\Users\WINDOWS\OneDrive\知识库\智库信息爬虫\国际主要科技智库观点演变_研判\03_证据底稿\原文PDF\C-KISTEP-RES0220260017.pdf,C:\Users\WINDOWS\OneDrive\知识库\智库信息爬虫\国际主要科技智库观点演变_研判\03_证据底稿\文本\C-KISTEP-RES0220260017.txt,https://www.kistep.re.kr/reportAllDetail.es?mid=a10305010000&rpt_no=RES0220260017&rpt_tp=831-003,官方PDF已保存并校验
科研体系、研发投入与评价,科技创新政策与能力基线,C-KISTEP-RES0220260009,2026-01-27,W3,KISTEP Think 2026 과학기술혁신정책 아젠다 발굴 연구,机构正式研究,,,https://www.kistep.re.kr/reportAllDetail.es?mid=a10305010000&rpt_no=RES0220260009&rpt_tp=831-002,官方目录元数据，附件未列入本批
产业创新、创业与区域体系,科技创新政策与能力基线,C-KISTEP-RES0220260009,2026-01-27,W3,KISTEP Think 2026 과학기술혁신정책 아젠다 발굴 연구,机构正式研究,,,https://www.kistep.re.kr/reportAllDetail.es?mid=a10305010000&rpt_no=RES0220260009&rpt_tp=831-002,官方目录元数据，附件未列入本批
科研体系、研发投入与评价,科技创新政策与能力基线,C-KISTEP-RES0220260015,2026-01-27,W3,혁신도전형 R&D 육성을 위한 정책 고도화 기반 연구,机构正式研究,,,https://www.kistep.re.kr/reportAllDetail.es?mid=a10305010000&rpt_no=RES0220260015&rpt_tp=831-002,官方目录元数据，附件未列入本批
产业创新、创业与区域体系,科技创新政策与能力基线,C-KISTEP-RES0220260015,2026-01-27,W3,혁신도전형 R&D 육성을 위한 정책 고도화 기반 연구,机构正式研究,,,https://www.kistep.re.kr/reportAllDetail.es?mid=a10305010000&rpt_no=RES0220260015&rpt_tp=831-002,官方目录元数据，附件未列入本批
科研体系、研发投入与评价,科技创新政策与能力基线,C-KISTEP-RES0220260016,2026-01-27,W3,2025년도 글로벌 R&D 투자동향 분석,机构正式研究,,,https://www.kistep.re.kr/reportAllDetail.es?mid=a10305010000&rpt_no=RES0220260016&rpt_tp=831-005,官方目录元数据，附件未列入本批
科研体系、研发投入与评价,科技创新政策与能力基线,C-KISTEP-RES0220260014,2026-01-29,W3,2025년도 R&D 예산  배분·조정 지원전략 수립 연구,机构正式研究,,,https://www.kistep.re.kr/reportAllDetail.es?mid=a10305010000&rpt_no=RES0220260014&rpt_tp=831-005,官方目录元数据，附件未列入本批
技术安全、供应链与国际合作,科技创新政策与能力基线,C-KISTEP-RES0220260019,2026-01-29,W3,과학기술외교 추진전략 및 체계기반 구축 연구,机构正式研究,,,https://www.kistep.re.kr/reportAllDetail.es?mid=a10305010000&rpt_no=RES0220260019&rpt_tp=831-002,官方目录元数据，附件未列入本批
科研体系、研发投入与评价,科技创新政策与能力基线,C-KISTEP-RES0220260021,2026-01-29,W3,2024년도 연구개발활동조사보고서,机构正式研究,,,https://www.kistep.re.kr/reportAllDetail.es?mid=a10305010000&rpt_no=RES0220260021&rpt_tp=831-001,官方目录元数据，附件未列入本批
科技人才、大学与知识流动,科技创新政策与能力基线,C-KISTEP-RES0220260021,2026-01-29,W3,2024년도 연구개발활동조사보고서,机构正式研究,,,https://www.kistep.re.kr/reportAllDetail.es?mid=a10305010000&rpt_no=RES0220260021&rpt_tp=831-001,官方目录元数据，附件未列入本批
科研体系、研发投入与评价,科技创新政策与能力基线,C-KISTEP-RES0220260022,2026-01-29,W3,국가연구개발사업 간접비 산출 및 제도 운영에 관한 연구,机构正式研究,,,https://www.kistep.re.kr/reportAllDetail.es?mid=a10305010000&rpt_no=RES0220260022&rpt_tp=831-001,官方目录元数据，附件未列入本批
科技人才、大学与知识流动,科技创新政策与能力基线,C-KISTEP-RES0220260022,2026-01-29,W3,국가연구개발사업 간접비 산출 및 제도 운영에 관한 연구,机构正式研究,,,https://www.kistep.re.kr/reportAllDetail.es?mid=a10305010000&rpt_no=RES0220260022&rpt_tp=831-001,官方目录元数据，附件未列入本批
科研体系、研发投入与评价,科技创新政策与能力基线,C-KISTEP-RES0220260024,2026-02-02,W3,2024년도 예비타당성조사 보고서 CCU 메가프로젝트,机构正式研究,,,https://www.kistep.re.kr/reportAllDetail.es?mid=a10305010000&rpt_no=RES0220260024&rpt_tp=831-003,官方目录元数据，附件未列入本批
能源、气候与绿色转型,科技创新政策与能力基线,C-KISTEP-RES0220260026,2026-02-02,W3,미래이슈 발굴 및 유망기술 모니터링 분석 연구,机构正式研究,,,https://www.kistep.re.kr/reportAllDetail.es?mid=a10305010000&rpt_no=RES0220260026&rpt_tp=831-002,官方目录元数据，附件未列入本批
科技前瞻与未来社会,科技创新政策与能力基线,C-KISTEP-RES0220260026,2026-02-02,W3,미래이슈 발굴 및 유망기술 모니터링 분석 연구,机构正式研究,,,https://www.kistep.re.kr/reportAllDetail.es?mid=a10305010000&rpt_no=RES0220260026&rpt_tp=831-002,官方目录元数据，附件未列入本批
科研体系、研发投入与评价,科技创新政策与能力基线,C-KISTEP-RES0220260029,2026-02-04,W3,2025년 기술영향평가,机构正式研究,,,https://www.kistep.re.kr/reportAllDetail.es?mid=a10305010000&rpt_no=RES0220260029&rpt_tp=831-006,官方目录元数据，附件未列入本批
科技前瞻与未来社会,科技创新政策与能力基线,C-KISTEP-RES0220260029,2026-02-04,W3,2025년 기술영향평가,机构正式研究,,,https://www.kistep.re.kr/reportAllDetail.es?mid=a10305010000&rpt_no=RES0220260029&rpt_tp=831-006,官方目录元数据，附件未列入本批
科技创新政策与研究体系,科技创新政策与能力基线,C-KISTEP-RES0220260030,2026-02-04,W3,2025국가과학기술표준분류 체계의 개선 및 활용기반 구축,机构正式研究,,,https://www.kistep.re.kr/reportAllDetail.es?mid=a10305010000&rpt_no=RES0220260030&rpt_tp=831-006,官方目录元数据，附件未列入本批
半导体、量子与战略技术,核心科技直接材料,C-KISTEP-RES0220260033,2026-02-05,W3,2025년 기술수준평가(2차년도),机构正式研究,,,https://www.kistep.re.kr/reportAllDetail.es?mid=a10305010000&rpt_no=RES0220260033&rpt_tp=831-006,官方目录元数据，附件未列入本批
科研体系、研发投入与评价,核心科技直接材料,C-KISTEP-RES0220260033,2026-02-05,W3,2025년 기술수준평가(2차년도),机构正式研究,,,https://www.kistep.re.kr/reportAllDetail.es?mid=a10305010000&rpt_no=RES0220260033&rpt_tp=831-006,官方目录元数据，附件未列入本批
人工智能、数据与数字技术,核心科技直接材料,C-KISTEP-RES0220260035,2026-02-05,W3,2025년 데이터 기반 R&D예산배분조정 지원체계 구축 연구,机构正式研究,C:\Users\WINDOWS\OneDrive\知识库\智库信息爬虫\国际主要科技智库观点演变_研判\03_证据底稿\原文PDF\C-KISTEP-RES0220260035.pdf,C:\Users\WINDOWS\OneDrive\知识库\智库信息爬虫\国际主要科技智库观点演变_研判\03_证据底稿\文本\C-KISTEP-RES0220260035.txt,https://www.kistep.re.kr/reportAllDetail.es?mid=a10305010000&rpt_no=RES0220260035&rpt_tp=831-005,官方PDF已保存并校验
能源、气候与绿色转型,核心科技直接材料,C-KISTEP-RES0220260035,2026-02-05,W3,2025년 데이터 기반 R&D예산배분조정 지원체계 구축 연구,机构正式研究,C:\Users\WINDOWS\OneDrive\知识库\智库信息爬虫\国际主要科技智库观点演变_研判\03_证据底稿\原文PDF\C-KISTEP-RES0220260035.pdf,C:\Users\WINDOWS\OneDrive\知识库\智库信息爬虫\国际主要科技智库观点演变_研判\03_证据底稿\文本\C-KISTEP-RES0220260035.txt,https://www.kistep.re.kr/reportAllDetail.es?mid=a10305010000&rpt_no=RES0220260035&rpt_tp=831-005,官方PDF已保存并校验
科研体系、研发投入与评价,核心科技直接材料,C-KISTEP-RES0220260035,2026-02-05,W3,2025년 데이터 기반 R&D예산배분조정 지원체계 구축 연구,机构正式研究,C:\Users\WINDOWS\OneDrive\知识库\智库信息爬虫\国际主要科技智库观点演变_研判\03_证据底稿\原文PDF\C-KISTEP-RES0220260035.pdf,C:\Users\WINDOWS\OneDrive\知识库\智库信息爬虫\国际主要科技智库观点演变_研判\03_证据底稿\文本\C-KISTEP-RES0220260035.txt,https://www.kistep.re.kr/reportAllDetail.es?mid=a10305010000&rpt_no=RES0220260035&rpt_tp=831-005,官方PDF已保存并校验
科技人才、大学与知识流动,核心科技直接材料,C-KISTEP-RES0220260035,2026-02-05,W3,2025년 데이터 기반 R&D예산배분조정 지원체계 구축 연구,机构正式研究,C:\Users\WINDOWS\OneDrive\知识库\智库信息爬虫\国际主要科技智库观点演变_研判\03_证据底稿\原文PDF\C-KISTEP-RES0220260035.pdf,C:\Users\WINDOWS\OneDrive\知识库\智库信息爬虫\国际主要科技智库观点演变_研判\03_证据底稿\文本\C-KISTEP-RES0220260035.txt,https://www.kistep.re.kr/reportAllDetail.es?mid=a10305010000&rpt_no=RES0220260035&rpt_tp=831-005,官方PDF已保存并校验
产业创新、创业与区域体系,核心科技直接材料,C-KISTEP-RES0220260035,2026-02-05,W3,2025년 데이터 기반 R&D예산배분조정 지원체계 구축 연구,机构正式研究,C:\Users\WINDOWS\OneDrive\知识库\智库信息爬虫\国际主要科技智库观点演变_研判\03_证据底稿\原文PDF\C-KISTEP-RES0220260035.pdf,C:\Users\WINDOWS\OneDrive\知识库\智库信息爬虫\国际主要科技智库观点演变_研判\03_证据底稿\文本\C-KISTEP-RES0220260035.txt,https://www.kistep.re.kr/reportAllDetail.es?mid=a10305010000&rpt_no=RES0220260035&rpt_tp=831-005,官方PDF已保存并校验
科技前瞻与未来社会,核心科技直接材料,C-KISTEP-RES0220260035,2026-02-05,W3,2025년 데이터 기반 R&D예산배분조정 지원체계 구축 연구,机构正式研究,C:\Users\WINDOWS\OneDrive\知识库\智库信息爬虫\国际主要科技智库观点演变_研判\03_证据底稿\原文PDF\C-KISTEP-RES0220260035.pdf,C:\Users\WINDOWS\OneDrive\知识库\智库信息爬虫\国际主要科技智库观点演变_研判\03_证据底稿\文本\C-KISTEP-RES0220260035.txt,https://www.kistep.re.kr/reportAllDetail.es?mid=a10305010000&rpt_no=RES0220260035&rpt_tp=831-005,官方PDF已保存并校验
航天、核能与大型技术系统,核心科技直接材料,C-KISTEP-RES0220260035,2026-02-05,W3,2025년 데이터 기반 R&D예산배분조정 지원체계 구축 연구,机构正式研究,C:\Users\WINDOWS\OneDrive\知识库\智库信息爬虫\国际主要科技智库观点演变_研判\03_证据底稿\原文PDF\C-KISTEP-RES0220260035.pdf,C:\Users\WINDOWS\OneDrive\知识库\智库信息爬虫\国际主要科技智库观点演变_研判\03_证据底稿\文本\C-KISTEP-RES0220260035.txt,https://www.kistep.re.kr/reportAllDetail.es?mid=a10305010000&rpt_no=RES0220260035&rpt_tp=831-005,官方PDF已保存并校验
科技创新政策与研究体系,科技创新政策与能力基线,C-KISTEP-RES0220260032,2026-02-06,W3,2025년 이슈페이퍼 및 정책브리프 발간을 통한  정책역량 강화방안 연구,机构正式研究,,,https://www.kistep.re.kr/reportAllDetail.es?mid=a10305010000&rpt_no=RES0220260032&rpt_tp=831-002,官方目录元数据，附件未列入本批
科技人才、大学与知识流动,科技创新政策与能力基线,C-KISTEP-RES0220260034,2026-02-06,W3,2025년  과학기술혁신정책·전략 네트워크 강화 연구,机构正式研究,,,https://www.kistep.re.kr/reportAllDetail.es?mid=a10305010000&rpt_no=RES0220260034&rpt_tp=831-004,官方目录元数据，附件未列入本批
产业创新、创业与区域体系,科技创新政策与能力基线,C-KISTEP-RES0220260034,2026-02-06,W3,2025년  과학기술혁신정책·전략 네트워크 강화 연구,机构正式研究,,,https://www.kistep.re.kr/reportAllDetail.es?mid=a10305010000&rpt_no=RES0220260034&rpt_tp=831-004,官方目录元数据，附件未列入本批
人工智能、数据与数字技术,核心科技直接材料,C-KISTEP-RES0220260004,2026-02-08,W3,2025년 과학기술정책의 과학화 기반구축 연구,机构正式研究,C:\Users\WINDOWS\OneDrive\知识库\智库信息爬虫\国际主要科技智库观点演变_研判\03_证据底稿\原文PDF\C-KISTEP-RES0220260004.pdf,C:\Users\WINDOWS\OneDrive\知识库\智库信息爬虫\国际主要科技智库观点演变_研判\03_证据底稿\文本\C-KISTEP-RES0220260004.txt,https://www.kistep.re.kr/reportAllDetail.es?mid=a10305010000&rpt_no=RES0220260004&rpt_tp=831-001,官方PDF已保存并校验
科研体系、研发投入与评价,核心科技直接材料,C-KISTEP-RES0220260004,2026-02-08,W3,2025년 과학기술정책의 과학화 기반구축 연구,机构正式研究,C:\Users\WINDOWS\OneDrive\知识库\智库信息爬虫\国际主要科技智库观点演变_研判\03_证据底稿\原文PDF\C-KISTEP-RES0220260004.pdf,C:\Users\WINDOWS\OneDrive\知识库\智库信息爬虫\国际主要科技智库观点演变_研判\03_证据底稿\文本\C-KISTEP-RES0220260004.txt,https://www.kistep.re.kr/reportAllDetail.es?mid=a10305010000&rpt_no=RES0220260004&rpt_tp=831-001,官方PDF已保存并校验
科研体系、研发投入与评价,科技创新政策与能力基线,C-KISTEP-RES0220260036,2026-02-08,W3,2024년 국가연구개발사업 조사·분석,机构正式研究,,,https://www.kistep.re.kr/reportAllDetail.es?mid=a10305010000&rpt_no=RES0220260036&rpt_tp=831-001,官方目录元数据，附件未列入本批
科研体系、研发投入与评价,科技创新政策与能力基线,C-KISTEP-RES0220260037,2026-02-08,W3,2025년 R&D사업 예비타당성조사 일관성 제고를 위한  조사체계 개선방향 연구,机构正式研究,,,https://www.kistep.re.kr/reportAllDetail.es?mid=a10305010000&rpt_no=RES0220260037&rpt_tp=831-003,官方目录元数据，附件未列入本批
科研体系、研发投入与评价,科技创新政策与能力基线,C-KISTEP-RES0220260005,2026-02-09,W3,2025년도 국가연구개발사업 중간평가 상위점검 보고서,机构正式研究,,,https://www.kistep.re.kr/reportAllDetail.es?mid=a10305010000&rpt_no=RES0220260005&rpt_tp=831-001,官方目录元数据，附件未列入本批
科技创新政策与研究体系,科技创新政策与能力基线,C-KISTEP-PRG0720260005,2026-02-10,W3,범부처 기술 육성 보호체계 정비 방안에 관한 연구,机构正式研究,,,https://www.kistep.re.kr/reportAllDetail.es?mid=a10305010000&rpt_no=PRG0720260005&rpt_tp=831-007,官方目录元数据，附件未列入本批
科研体系、研发投入与评价,科技创新政策与能力基线,C-KISTEP-RES0220250135,2026-02-10,W3,2025년 과학기술 분야 R&D 제도 혁신 기반 연구,机构正式研究,,,https://www.kistep.re.kr/reportAllDetail.es?mid=a10305010000&rpt_no=RES0220250135&rpt_tp=831-004,官方目录元数据，附件未列入本批
产业创新、创业与区域体系,科技创新政策与能力基线,C-KISTEP-RES0220250135,2026-02-10,W3,2025년 과학기술 분야 R&D 제도 혁신 기반 연구,机构正式研究,,,https://www.kistep.re.kr/reportAllDetail.es?mid=a10305010000&rpt_no=RES0220250135&rpt_tp=831-004,官方目录元数据，附件未列入本批
科研体系、研发投入与评价,科技创新政策与能力基线,C-KISTEP-RES0220260041,2026-02-10,W3,2025년 국가R&D사업 사전분석 전문 네트워크 구축 및 역량 강화,机构正式研究,,,https://www.kistep.re.kr/reportAllDetail.es?mid=a10305010000&rpt_no=RES0220260041&rpt_tp=831-003,官方目录元数据，附件未列入本批
中国科技与国际比较,核心科技直接材料,C-KISTEP-RES0220260011,2026-02-11,W3,2025년 국가연구개발 투자 핵심이슈 발굴 및 아젠다 수립 연구,机构正式研究,C:\Users\WINDOWS\OneDrive\知识库\智库信息爬虫\国际主要科技智库观点演变_研判\03_证据底稿\原文PDF\C-KISTEP-RES0220260011.pdf,C:\Users\WINDOWS\OneDrive\知识库\智库信息爬虫\国际主要科技智库观点演变_研判\03_证据底稿\文本\C-KISTEP-RES0220260011.txt,https://www.kistep.re.kr/reportAllDetail.es?mid=a10305010000&rpt_no=RES0220260011&rpt_tp=831-005,官方PDF已保存并校验
人工智能、数据与数字技术,核心科技直接材料,C-KISTEP-RES0220260011,2026-02-11,W3,2025년 국가연구개발 투자 핵심이슈 발굴 및 아젠다 수립 연구,机构正式研究,C:\Users\WINDOWS\OneDrive\知识库\智库信息爬虫\国际主要科技智库观点演变_研判\03_证据底稿\原文PDF\C-KISTEP-RES0220260011.pdf,C:\Users\WINDOWS\OneDrive\知识库\智库信息爬虫\国际主要科技智库观点演变_研判\03_证据底稿\文本\C-KISTEP-RES0220260011.txt,https://www.kistep.re.kr/reportAllDetail.es?mid=a10305010000&rpt_no=RES0220260011&rpt_tp=831-005,官方PDF已保存并校验
半导体、量子与战略技术,核心科技直接材料,C-KISTEP-RES0220260011,2026-02-11,W3,2025년 국가연구개발 투자 핵심이슈 발굴 및 아젠다 수립 연구,机构正式研究,C:\Users\WINDOWS\OneDrive\知识库\智库信息爬虫\国际主要科技智库观点演变_研判\03_证据底稿\原文PDF\C-KISTEP-RES0220260011.pdf,C:\Users\WINDOWS\OneDrive\知识库\智库信息爬虫\国际主要科技智库观点演变_研判\03_证据底稿\文本\C-KISTEP-RES0220260011.txt,https://www.kistep.re.kr/reportAllDetail.es?mid=a10305010000&rpt_no=RES0220260011&rpt_tp=831-005,官方PDF已保存并校验
生命科学、生物技术与健康,核心科技直接材料,C-KISTEP-RES0220260011,2026-02-11,W3,2025년 국가연구개발 투자 핵심이슈 발굴 및 아젠다 수립 연구,机构正式研究,C:\Users\WINDOWS\OneDrive\知识库\智库信息爬虫\国际主要科技智库观点演变_研判\03_证据底稿\原文PDF\C-KISTEP-RES0220260011.pdf,C:\Users\WINDOWS\OneDrive\知识库\智库信息爬虫\国际主要科技智库观点演变_研判\03_证据底稿\文本\C-KISTEP-RES0220260011.txt,https://www.kistep.re.kr/reportAllDetail.es?mid=a10305010000&rpt_no=RES0220260011&rpt_tp=831-005,官方PDF已保存并校验
能源、气候与绿色转型,核心科技直接材料,C-KISTEP-RES0220260011,2026-02-11,W3,2025년 국가연구개발 투자 핵심이슈 발굴 및 아젠다 수립 연구,机构正式研究,C:\Users\WINDOWS\OneDrive\知识库\智库信息爬虫\国际主要科技智库观点演变_研判\03_证据底稿\原文PDF\C-KISTEP-RES0220260011.pdf,C:\Users\WINDOWS\OneDrive\知识库\智库信息爬虫\国际主要科技智库观点演变_研判\03_证据底稿\文本\C-KISTEP-RES0220260011.txt,https://www.kistep.re.kr/reportAllDetail.es?mid=a10305010000&rpt_no=RES0220260011&rpt_tp=831-005,官方PDF已保存并校验
科研体系、研发投入与评价,核心科技直接材料,C-KISTEP-RES0220260011,2026-02-11,W3,2025년 국가연구개발 투자 핵심이슈 발굴 및 아젠다 수립 연구,机构正式研究,C:\Users\WINDOWS\OneDrive\知识库\智库信息爬虫\国际主要科技智库观点演变_研判\03_证据底稿\原文PDF\C-KISTEP-RES0220260011.pdf,C:\Users\WINDOWS\OneDrive\知识库\智库信息爬虫\国际主要科技智库观点演变_研判\03_证据底稿\文本\C-KISTEP-RES0220260011.txt,https://www.kistep.re.kr/reportAllDetail.es?mid=a10305010000&rpt_no=RES0220260011&rpt_tp=831-005,官方PDF已保存并校验
科技人才、大学与知识流动,核心科技直接材料,C-KISTEP-RES0220260011,2026-02-11,W3,2025년 국가연구개발 투자 핵심이슈 발굴 및 아젠다 수립 연구,机构正式研究,C:\Users\WINDOWS\OneDrive\知识库\智库信息爬虫\国际主要科技智库观点演变_研判\03_证据底稿\原文PDF\C-KISTEP-RES0220260011.pdf,C:\Users\WINDOWS\OneDrive\知识库\智库信息爬虫\国际主要科技智库观点演变_研判\03_证据底稿\文本\C-KISTEP-RES0220260011.txt,https://www.kistep.re.kr/reportAllDetail.es?mid=a10305010000&rpt_no=RES0220260011&rpt_tp=831-005,官方PDF已保存并校验
产业创新、创业与区域体系,核心科技直接材料,C-KISTEP-RES0220260011,2026-02-11,W3,2025년 국가연구개발 투자 핵심이슈 발굴 및 아젠다 수립 연구,机构正式研究,C:\Users\WINDOWS\OneDrive\知识库\智库信息爬虫\国际主要科技智库观点演变_研判\03_证据底稿\原文PDF\C-KISTEP-RES0220260011.pdf,C:\Users\WINDOWS\OneDrive\知识库\智库信息爬虫\国际主要科技智库观点演变_研判\03_证据底稿\文本\C-KISTEP-RES0220260011.txt,https://www.kistep.re.kr/reportAllDetail.es?mid=a10305010000&rpt_no=RES0220260011&rpt_tp=831-005,官方PDF已保存并校验
技术安全、供应链与国际合作,核心科技直接材料,C-KISTEP-RES0220260011,2026-02-11,W3,2025년 국가연구개발 투자 핵심이슈 발굴 및 아젠다 수립 연구,机构正式研究,C:\Users\WINDOWS\OneDrive\知识库\智库信息爬虫\国际主要科技智库观点演变_研判\03_证据底稿\原文PDF\C-KISTEP-RES0220260011.pdf,C:\Users\WINDOWS\OneDrive\知识库\智库信息爬虫\国际主要科技智库观点演变_研判\03_证据底稿\文本\C-KISTEP-RES0220260011.txt,https://www.kistep.re.kr/reportAllDetail.es?mid=a10305010000&rpt_no=RES0220260011&rpt_tp=831-005,官方PDF已保存并校验
科技前瞻与未来社会,核心科技直接材料,C-KISTEP-RES0220260011,2026-02-11,W3,2025년 국가연구개발 투자 핵심이슈 발굴 및 아젠다 수립 연구,机构正式研究,C:\Users\WINDOWS\OneDrive\知识库\智库信息爬虫\国际主要科技智库观点演变_研判\03_证据底稿\原文PDF\C-KISTEP-RES0220260011.pdf,C:\Users\WINDOWS\OneDrive\知识库\智库信息爬虫\国际主要科技智库观点演变_研判\03_证据底稿\文本\C-KISTEP-RES0220260011.txt,https://www.kistep.re.kr/reportAllDetail.es?mid=a10305010000&rpt_no=RES0220260011&rpt_tp=831-005,官方PDF已保存并校验
航天、核能与大型技术系统,核心科技直接材料,C-KISTEP-RES0220260011,2026-02-11,W3,2025년 국가연구개발 투자 핵심이슈 발굴 및 아젠다 수립 연구,机构正式研究,C:\Users\WINDOWS\OneDrive\知识库\智库信息爬虫\国际主要科技智库观点演变_研判\03_证据底稿\原文PDF\C-KISTEP-RES0220260011.pdf,C:\Users\WINDOWS\OneDrive\知识库\智库信息爬虫\国际主要科技智库观点演变_研判\03_证据底稿\文本\C-KISTEP-RES0220260011.txt,https://www.kistep.re.kr/reportAllDetail.es?mid=a10305010000&rpt_no=RES0220260011&rpt_tp=831-005,官方PDF已保存并校验
科研体系、研发投入与评价,科技创新政策与能力基线,C-KISTEP-RES0220260038,2026-02-11,W3,주요국의 대형 연구형 R&D사업의 사전검토 체계 분석 연구,机构正式研究,,,https://www.kistep.re.kr/reportAllDetail.es?mid=a10305010000&rpt_no=RES0220260038&rpt_tp=831-005,官方目录元数据，附件未列入本批
产业创新、创业与区域体系,科技创新政策与能力基线,C-KISTEP-RES0220260038,2026-02-11,W3,주요국의 대형 연구형 R&D사업의 사전검토 체계 분석 연구,机构正式研究,,,https://www.kistep.re.kr/reportAllDetail.es?mid=a10305010000&rpt_no=RES0220260038&rpt_tp=831-005,官方目录元数据，附件未列入本批
科研体系、研发投入与评价,科技创新政策与能力基线,C-KISTEP-RES0220260027,2026-02-18,W3,정부R&D 등록·기탁 성과물 심층분석 연구,机构正式研究,,,https://www.kistep.re.kr/reportAllDetail.es?mid=a10305010000&rpt_no=RES0220260027&rpt_tp=831-004,官方目录元数据，附件未列入本批
生命科学、生物技术与健康,科技创新政策与能力基线,C-KISTEP-RES0220260039,2026-02-18,W3,원헬스 구현을 위한 정부 지원전략 연구 - R&D부문의 역할과 체계를 중심으로 -,机构正式研究,,,https://www.kistep.re.kr/reportAllDetail.es?mid=a10305010000&rpt_no=RES0220260039&rpt_tp=831-005,官方目录元数据，附件未列入本批
半导体、量子与战略技术,核心科技直接材料,C-KISTEP-RES0220260042,2026-02-18,W3,2025년도 사업계획 적정성 재검토 보고서 차세대발사체개발사업,机构正式研究,C:\Users\WINDOWS\OneDrive\知识库\智库信息爬虫\国际主要科技智库观点演变_研判\03_证据底稿\原文PDF\C-KISTEP-RES0220260042.pdf,C:\Users\WINDOWS\OneDrive\知识库\智库信息爬虫\国际主要科技智库观点演变_研判\03_证据底稿\文本\C-KISTEP-RES0220260042.txt,https://www.kistep.re.kr/reportAllDetail.es?mid=a10305010000&rpt_no=RES0220260042&rpt_tp=831-003,官方PDF已保存并校验
科研体系、研发投入与评价,核心科技直接材料,C-KISTEP-RES0220260042,2026-02-18,W3,2025년도 사업계획 적정성 재검토 보고서 차세대발사체개발사업,机构正式研究,C:\Users\WINDOWS\OneDrive\知识库\智库信息爬虫\国际主要科技智库观点演变_研判\03_证据底稿\原文PDF\C-KISTEP-RES0220260042.pdf,C:\Users\WINDOWS\OneDrive\知识库\智库信息爬虫\国际主要科技智库观点演变_研判\03_证据底稿\文本\C-KISTEP-RES0220260042.txt,https://www.kistep.re.kr/reportAllDetail.es?mid=a10305010000&rpt_no=RES0220260042&rpt_tp=831-003,官方PDF已保存并校验
科技人才、大学与知识流动,核心科技直接材料,C-KISTEP-RES0220260042,2026-02-18,W3,2025년도 사업계획 적정성 재검토 보고서 차세대발사체개발사업,机构正式研究,C:\Users\WINDOWS\OneDrive\知识库\智库信息爬虫\国际主要科技智库观点演变_研判\03_证据底稿\原文PDF\C-KISTEP-RES0220260042.pdf,C:\Users\WINDOWS\OneDrive\知识库\智库信息爬虫\国际主要科技智库观点演变_研判\03_证据底稿\文本\C-KISTEP-RES0220260042.txt,https://www.kistep.re.kr/reportAllDetail.es?mid=a10305010000&rpt_no=RES0220260042&rpt_tp=831-003,官方PDF已保存并校验
产业创新、创业与区域体系,核心科技直接材料,C-KISTEP-RES0220260042,2026-02-18,W3,2025년도 사업계획 적정성 재검토 보고서 차세대발사체개발사업,机构正式研究,C:\Users\WINDOWS\OneDrive\知识库\智库信息爬虫\国际主要科技智库观点演变_研判\03_证据底稿\原文PDF\C-KISTEP-RES0220260042.pdf,C:\Users\WINDOWS\OneDrive\知识库\智库信息爬虫\国际主要科技智库观点演变_研判\03_证据底稿\文本\C-KISTEP-RES0220260042.txt,https://www.kistep.re.kr/reportAllDetail.es?mid=a10305010000&rpt_no=RES0220260042&rpt_tp=831-003,官方PDF已保存并校验
技术安全、供应链与国际合作,核心科技直接材料,C-KISTEP-RES0220260042,2026-02-18,W3,2025년도 사업계획 적정성 재검토 보고서 차세대발사체개발사업,机构正式研究,C:\Users\WINDOWS\OneDrive\知识库\智库信息爬虫\国际主要科技智库观点演变_研判\03_证据底稿\原文PDF\C-KISTEP-RES0220260042.pdf,C:\Users\WINDOWS\OneDrive\知识库\智库信息爬虫\国际主要科技智库观点演变_研判\03_证据底稿\文本\C-KISTEP-RES0220260042.txt,https://www.kistep.re.kr/reportAllDetail.es?mid=a10305010000&rpt_no=RES0220260042&rpt_tp=831-003,官方PDF已保存并校验
航天、核能与大型技术系统,核心科技直接材料,C-KISTEP-RES0220260042,2026-02-18,W3,2025년도 사업계획 적정성 재검토 보고서 차세대발사체개발사업,机构正式研究,C:\Users\WINDOWS\OneDrive\知识库\智库信息爬虫\国际主要科技智库观点演变_研判\03_证据底稿\原文PDF\C-KISTEP-RES0220260042.pdf,C:\Users\WINDOWS\OneDrive\知识库\智库信息爬虫\国际主要科技智库观点演变_研判\03_证据底稿\文本\C-KISTEP-RES0220260042.txt,https://www.kistep.re.kr/reportAllDetail.es?mid=a10305010000&rpt_no=RES0220260042&rpt_tp=831-003,官方PDF已保存并校验
科技人才、大学与知识流动,科技创新政策与能力基线,C-KISTEP-RES0220260006,2026-02-19,W3,학생인건비통합관리제 기획 및 운영,机构正式研究,,,https://www.kistep.re.kr/reportAllDetail.es?mid=a10305010000&rpt_no=RES0220260006&rpt_tp=831-001,官方目录元数据，附件未列入本批
科研体系、研发投入与评价,科技创新政策与能力基线,C-KISTEP-RES0220260047,2026-02-19,W3,2025년 국가연구개발사업 상위점검 및 연구기관 상위평가,机构正式研究,,,https://www.kistep.re.kr/reportAllDetail.es?mid=a10305010000&rpt_no=RES0220260047&rpt_tp=831-001,官方目录元数据，附件未列入本批
科研体系、研发投入与评价,科技创新政策与能力基线,C-KISTEP-RES0220260045,2026-02-21,W3,과학기술정책 특위·협의회 운영지원 연구,机构正式研究,,,https://www.kistep.re.kr/reportAllDetail.es?mid=a10305010000&rpt_no=RES0220260045&rpt_tp=831-002,官方目录元数据，附件未列入本批
科技人才、大学与知识流动,科技创新政策与能力基线,C-KISTEP-RES0220260045,2026-02-21,W3,과학기술정책 특위·협의회 운영지원 연구,机构正式研究,,,https://www.kistep.re.kr/reportAllDetail.es?mid=a10305010000&rpt_no=RES0220260045&rpt_tp=831-002,官方目录元数据，附件未列入本批
产业创新、创业与区域体系,科技创新政策与能力基线,C-KISTEP-RES0220260045,2026-02-21,W3,과학기술정책 특위·협의회 운영지원 연구,机构正式研究,,,https://www.kistep.re.kr/reportAllDetail.es?mid=a10305010000&rpt_no=RES0220260045&rpt_tp=831-002,官方目录元数据，附件未列入本批
科技前瞻与未来社会,科技创新政策与能力基线,C-KISTEP-RES0220260045,2026-02-21,W3,과학기술정책 특위·협의회 운영지원 연구,机构正式研究,,,https://www.kistep.re.kr/reportAllDetail.es?mid=a10305010000&rpt_no=RES0220260045&rpt_tp=831-002,官方目录元数据，附件未列入本批
科研体系、研发投入与评价,科技创新政策与能力基线,C-KISTEP-RES0220260044,2026-02-23,W3,연구개발지원단 육성지원사업(정책연구센터),机构正式研究,,,https://www.kistep.re.kr/reportAllDetail.es?mid=a10305010000&rpt_no=RES0220260044&rpt_tp=831-002,官方目录元数据，附件未列入本批
产业创新、创业与区域体系,科技创新政策与能力基线,C-KISTEP-RES0220260044,2026-02-23,W3,연구개발지원단 육성지원사업(정책연구센터),机构正式研究,,,https://www.kistep.re.kr/reportAllDetail.es?mid=a10305010000&rpt_no=RES0220260044&rpt_tp=831-002,官方目录元数据，附件未列入本批
科研体系、研发投入与评价,科技创新政策与能力基线,C-KISTEP-RES0220260049,2026-02-23,W3,연구지원 체계평가 운영에 관한 연구,机构正式研究,,,https://www.kistep.re.kr/reportAllDetail.es?mid=a10305010000&rpt_no=RES0220260049&rpt_tp=831-001,官方目录元数据，附件未列入本批
科技人才、大学与知识流动,科技创新政策与能力基线,C-KISTEP-RES0220260049,2026-02-23,W3,연구지원 체계평가 운영에 관한 연구,机构正式研究,,,https://www.kistep.re.kr/reportAllDetail.es?mid=a10305010000&rpt_no=RES0220260049&rpt_tp=831-001,官方目录元数据，附件未列入本批
科研体系、研发投入与评价,科技创新政策与能力基线,C-KISTEP-RES0220260056,2026-02-23,W3,과학기술 분야 해외센터 정보 접근성 개선 시범 연구,机构正式研究,,,https://www.kistep.re.kr/reportAllDetail.es?mid=a10305010000&rpt_no=RES0220260056&rpt_tp=831-002,官方目录元数据，附件未列入本批
科技人才、大学与知识流动,科技创新政策与能力基线,C-KISTEP-RES0220260057,2026-02-23,W3,지역 혁신생태계 활성화를 위한 대학과 출연(연) 역할 강화 방안 연구,机构正式研究,,,https://www.kistep.re.kr/reportAllDetail.es?mid=a10305010000&rpt_no=RES0220260057&rpt_tp=831-002,官方目录元数据，附件未列入本批
产业创新、创业与区域体系,科技创新政策与能力基线,C-KISTEP-RES0220260057,2026-02-23,W3,지역 혁신생태계 활성화를 위한 대학과 출연(연) 역할 강화 방안 연구,机构正式研究,,,https://www.kistep.re.kr/reportAllDetail.es?mid=a10305010000&rpt_no=RES0220260057&rpt_tp=831-002,官方目录元数据，附件未列入本批
科研体系、研发投入与评价,科技创新政策与能力基线,C-KISTEP-RES0220260062,2026-02-23,W3,2025년도 국가연구개발사업 예비타당성조사 대상선정,机构正式研究,,,https://www.kistep.re.kr/reportAllDetail.es?mid=a10305010000&rpt_no=RES0220260062&rpt_tp=831-003,官方目录元数据，附件未列入本批
科研体系、研发投入与评价,科技创新政策与能力基线,C-KISTEP-RES0220260051,2026-02-24,W3,전략적·도전적 R&D 맞춤형 특정평가 방법론 개발,机构正式研究,,,https://www.kistep.re.kr/reportAllDetail.es?mid=a10305010000&rpt_no=RES0220260051&rpt_tp=831-001,官方目录元数据，附件未列入本批
科研体系、研发投入与评价,科技创新政策与能力基线,C-KISTEP-RES0220260053,2026-02-24,W3,국가연구개발 연구성과 관리‧활용 실태조사 최종보고서,机构正式研究,,,https://www.kistep.re.kr/reportAllDetail.es?mid=a10305010000&rpt_no=RES0220260053&rpt_tp=831-004,官方目录元数据，附件未列入本批
科研体系、研发投入与评价,科技创新政策与能力基线,C-KISTEP-RES0220260054,2026-02-24,W3,국가연구개발사업 연구윤리 고도화 방안 연구,机构正式研究,,,https://www.kistep.re.kr/reportAllDetail.es?mid=a10305010000&rpt_no=RES0220260054&rpt_tp=831-004,官方目录元数据，附件未列入本批
中国科技与国际比较,核心科技直接材料,C-KISTEP-RES0220260059,2026-02-24,W3,국가전략기술 테크인텔리전스 구축·운영 및 정책 고도화 연구,机构正式研究,C:\Users\WINDOWS\OneDrive\知识库\智库信息爬虫\国际主要科技智库观点演变_研判\03_证据底稿\原文PDF\C-KISTEP-RES0220260059.pdf,C:\Users\WINDOWS\OneDrive\知识库\智库信息爬虫\国际主要科技智库观点演变_研判\03_证据底稿\文本\C-KISTEP-RES0220260059.txt,https://www.kistep.re.kr/reportAllDetail.es?mid=a10305010000&rpt_no=RES0220260059&rpt_tp=831-002,官方PDF已保存并校验
人工智能、数据与数字技术,核心科技直接材料,C-KISTEP-RES0220260059,2026-02-24,W3,국가전략기술 테크인텔리전스 구축·운영 및 정책 고도화 연구,机构正式研究,C:\Users\WINDOWS\OneDrive\知识库\智库信息爬虫\国际主要科技智库观点演变_研判\03_证据底稿\原文PDF\C-KISTEP-RES0220260059.pdf,C:\Users\WINDOWS\OneDrive\知识库\智库信息爬虫\国际主要科技智库观点演变_研判\03_证据底稿\文本\C-KISTEP-RES0220260059.txt,https://www.kistep.re.kr/reportAllDetail.es?mid=a10305010000&rpt_no=RES0220260059&rpt_tp=831-002,官方PDF已保存并校验
半导体、量子与战略技术,核心科技直接材料,C-KISTEP-RES0220260059,2026-02-24,W3,국가전략기술 테크인텔리전스 구축·운영 및 정책 고도화 연구,机构正式研究,C:\Users\WINDOWS\OneDrive\知识库\智库信息爬虫\国际主要科技智库观点演变_研判\03_证据底稿\原文PDF\C-KISTEP-RES0220260059.pdf,C:\Users\WINDOWS\OneDrive\知识库\智库信息爬虫\国际主要科技智库观点演变_研判\03_证据底稿\文本\C-KISTEP-RES0220260059.txt,https://www.kistep.re.kr/reportAllDetail.es?mid=a10305010000&rpt_no=RES0220260059&rpt_tp=831-002,官方PDF已保存并校验
生命科学、生物技术与健康,核心科技直接材料,C-KISTEP-RES0220260059,2026-02-24,W3,국가전략기술 테크인텔리전스 구축·운영 및 정책 고도화 연구,机构正式研究,C:\Users\WINDOWS\OneDrive\知识库\智库信息爬虫\国际主要科技智库观点演变_研判\03_证据底稿\原文PDF\C-KISTEP-RES0220260059.pdf,C:\Users\WINDOWS\OneDrive\知识库\智库信息爬虫\国际主要科技智库观点演变_研判\03_证据底稿\文本\C-KISTEP-RES0220260059.txt,https://www.kistep.re.kr/reportAllDetail.es?mid=a10305010000&rpt_no=RES0220260059&rpt_tp=831-002,官方PDF已保存并校验
能源、气候与绿色转型,核心科技直接材料,C-KISTEP-RES0220260059,2026-02-24,W3,국가전략기술 테크인텔리전스 구축·운영 및 정책 고도화 연구,机构正式研究,C:\Users\WINDOWS\OneDrive\知识库\智库信息爬虫\国际主要科技智库观点演变_研判\03_证据底稿\原文PDF\C-KISTEP-RES0220260059.pdf,C:\Users\WINDOWS\OneDrive\知识库\智库信息爬虫\国际主要科技智库观点演变_研判\03_证据底稿\文本\C-KISTEP-RES0220260059.txt,https://www.kistep.re.kr/reportAllDetail.es?mid=a10305010000&rpt_no=RES0220260059&rpt_tp=831-002,官方PDF已保存并校验
科研体系、研发投入与评价,核心科技直接材料,C-KISTEP-RES0220260059,2026-02-24,W3,국가전략기술 테크인텔리전스 구축·운영 및 정책 고도화 연구,机构正式研究,C:\Users\WINDOWS\OneDrive\知识库\智库信息爬虫\国际主要科技智库观点演变_研判\03_证据底稿\原文PDF\C-KISTEP-RES0220260059.pdf,C:\Users\WINDOWS\OneDrive\知识库\智库信息爬虫\国际主要科技智库观点演变_研判\03_证据底稿\文本\C-KISTEP-RES0220260059.txt,https://www.kistep.re.kr/reportAllDetail.es?mid=a10305010000&rpt_no=RES0220260059&rpt_tp=831-002,官方PDF已保存并校验
科技人才、大学与知识流动,核心科技直接材料,C-KISTEP-RES0220260059,2026-02-24,W3,국가전략기술 테크인텔리전스 구축·운영 및 정책 고도화 연구,机构正式研究,C:\Users\WINDOWS\OneDrive\知识库\智库信息爬虫\国际主要科技智库观点演变_研判\03_证据底稿\原文PDF\C-KISTEP-RES0220260059.pdf,C:\Users\WINDOWS\OneDrive\知识库\智库信息爬虫\国际主要科技智库观点演变_研判\03_证据底稿\文本\C-KISTEP-RES0220260059.txt,https://www.kistep.re.kr/reportAllDetail.es?mid=a10305010000&rpt_no=RES0220260059&rpt_tp=831-002,官方PDF已保存并校验
产业创新、创业与区域体系,核心科技直接材料,C-KISTEP-RES0220260059,2026-02-24,W3,국가전략기술 테크인텔리전스 구축·운영 및 정책 고도화 연구,机构正式研究,C:\Users\WINDOWS\OneDrive\知识库\智库信息爬虫\国际主要科技智库观点演变_研判\03_证据底稿\原文PDF\C-KISTEP-RES0220260059.pdf,C:\Users\WINDOWS\OneDrive\知识库\智库信息爬虫\国际主要科技智库观点演变_研判\03_证据底稿\文本\C-KISTEP-RES0220260059.txt,https://www.kistep.re.kr/reportAllDetail.es?mid=a10305010000&rpt_no=RES0220260059&rpt_tp=831-002,官方PDF已保存并校验
技术安全、供应链与国际合作,核心科技直接材料,C-KISTEP-RES0220260059,2026-02-24,W3,국가전략기술 테크인텔리전스 구축·운영 및 정책 고도화 연구,机构正式研究,C:\Users\WINDOWS\OneDrive\知识库\智库信息爬虫\国际主要科技智库观点演变_研判\03_证据底稿\原文PDF\C-KISTEP-RES0220260059.pdf,C:\Users\WINDOWS\OneDrive\知识库\智库信息爬虫\国际主要科技智库观点演变_研判\03_证据底稿\文本\C-KISTEP-RES0220260059.txt,https://www.kistep.re.kr/reportAllDetail.es?mid=a10305010000&rpt_no=RES0220260059&rpt_tp=831-002,官方PDF已保存并校验
科技前瞻与未来社会,核心科技直接材料,C-KISTEP-RES0220260059,2026-02-24,W3,국가전략기술 테크인텔리전스 구축·운영 및 정책 고도화 연구,机构正式研究,C:\Users\WINDOWS\OneDrive\知识库\智库信息爬虫\国际主要科技智库观点演变_研判\03_证据底稿\原文PDF\C-KISTEP-RES0220260059.pdf,C:\Users\WINDOWS\OneDrive\知识库\智库信息爬虫\国际主要科技智库观点演变_研判\03_证据底稿\文本\C-KISTEP-RES0220260059.txt,https://www.kistep.re.kr/reportAllDetail.es?mid=a10305010000&rpt_no=RES0220260059&rpt_tp=831-002,官方PDF已保存并校验
科技创新政策与研究体系,科技创新政策与能力基线,C-KISTEP-RES0220260061,2026-02-24,W3,과학기술 국제기구 및 다자협력 강화 방안 연구,机构正式研究,,,https://www.kistep.re.kr/reportAllDetail.es?mid=a10305010000&rpt_no=RES0220260061&rpt_tp=831-002,官方目录元数据，附件未列入本批
科研体系、研发投入与评价,科技创新政策与能力基线,C-KISTEP-RES0220260063,2026-02-24,W3,출연연의 합리적 예산 배분‧조정을 위한 기관 가치 기준 탐색 연구,机构正式研究,,,https://www.kistep.re.kr/reportAllDetail.es?mid=a10305010000&rpt_no=RES0220260063&rpt_tp=831-005,官方目录元数据，附件未列入本批
科技人才、大学与知识流动,科技创新政策与能力基线,C-KISTEP-RES0220260028,2026-02-25,W3,2025년 과학기술혁신정책 스코어보드 개발 연구,机构正式研究,,,https://www.kistep.re.kr/reportAllDetail.es?mid=a10305010000&rpt_no=RES0220260028&rpt_tp=831-002,官方目录元数据，附件未列入本批
产业创新、创业与区域体系,科技创新政策与能力基线,C-KISTEP-RES0220260028,2026-02-25,W3,2025년 과학기술혁신정책 스코어보드 개발 연구,机构正式研究,,,https://www.kistep.re.kr/reportAllDetail.es?mid=a10305010000&rpt_no=RES0220260028&rpt_tp=831-002,官方目录元数据，附件未列入本批
产业创新、创业与区域体系,科技创新政策与能力基线,C-KISTEP-RES0220260046,2026-02-25,W3,2025년도 과학기술혁신정책 핵심이슈 발굴 및 인텔리전스 기능강화 연구,机构正式研究,,,https://www.kistep.re.kr/reportAllDetail.es?mid=a10305010000&rpt_no=RES0220260046&rpt_tp=831-002,官方目录元数据，附件未列入本批
产业创新、创业与区域体系,科技创新政策与能力基线,C-KISTEP-RES0220260048,2026-02-25,W3,2024년도 과학기술분야 중장기계획 조사·분석,机构正式研究,,,https://www.kistep.re.kr/reportAllDetail.es?mid=a10305010000&rpt_no=RES0220260048&rpt_tp=831-002,官方目录元数据，附件未列入本批
科研体系、研发投入与评价,科技创新政策与能力基线,C-KISTEP-RES0220260058,2026-02-25,W3,2025년 연구성과 관리‧활용 및 운영지원,机构正式研究,,,https://www.kistep.re.kr/reportAllDetail.es?mid=a10305010000&rpt_no=RES0220260058&rpt_tp=831-004,官方目录元数据，附件未列入本批
科研体系、研发投入与评价,科技创新政策与能力基线,C-KISTEP-RES0220260060,2026-02-25,W3,2025년 성과평가 정책수립·운영 및 평가실시,机构正式研究,,,https://www.kistep.re.kr/reportAllDetail.es?mid=a10305010000&rpt_no=RES0220260060&rpt_tp=831-001,官方目录元数据，附件未列入本批
科技创新政策与研究体系,科技创新政策与能力基线,C-KISTEP-RES0220260065,2026-02-25,W3,2025년 과학기술통계 분석과 통계백서,机构正式研究,,,https://www.kistep.re.kr/reportAllDetail.es?mid=a10305010000&rpt_no=RES0220260065&rpt_tp=831-001,官方目录元数据，附件未列入本批
科研体系、研发投入与评价,科技创新政策与能力基线,C-KISTEP-RES0220260068,2026-02-25,W3,2025년 국가 과학기술혁신역량평가 연구,机构正式研究,,,https://www.kistep.re.kr/reportAllDetail.es?mid=a10305010000&rpt_no=RES0220260068&rpt_tp=831-001,官方目录元数据，附件未列入本批
产业创新、创业与区域体系,科技创新政策与能力基线,C-KISTEP-RES0220260068,2026-02-25,W3,2025년 국가 과학기술혁신역량평가 연구,机构正式研究,,,https://www.kistep.re.kr/reportAllDetail.es?mid=a10305010000&rpt_no=RES0220260068&rpt_tp=831-001,官方目录元数据，附件未列入本批
科研体系、研发投入与评价,科技创新政策与能力基线,C-KISTEP-RES0220260070,2026-02-25,W3,2025년 R&D 투자의 성과 활성화 정책이슈 분석 연구,机构正式研究,,,https://www.kistep.re.kr/reportAllDetail.es?mid=a10305010000&rpt_no=RES0220260070&rpt_tp=831-004,官方目录元数据，附件未列入本批
产业创新、创业与区域体系,科技创新政策与能力基线,C-KISTEP-RES0220260070,2026-02-25,W3,2025년 R&D 투자의 성과 활성화 정책이슈 분석 연구,机构正式研究,,,https://www.kistep.re.kr/reportAllDetail.es?mid=a10305010000&rpt_no=RES0220260070&rpt_tp=831-004,官方目录元数据，附件未列入本批
半导体、量子与战略技术,核心科技直接材料,C-KISTEP-RES0220260069,2026-02-26,W3,바이오기술 사업화 촉진 방안 연구 - 산·학·연·병 협력 및 민간 자본 유입을 중심으로 -,机构正式研究,C:\Users\WINDOWS\OneDrive\知识库\智库信息爬虫\国际主要科技智库观点演变_研判\03_证据底稿\原文PDF\C-KISTEP-RES0220260069.pdf,C:\Users\WINDOWS\OneDrive\知识库\智库信息爬虫\国际主要科技智库观点演变_研判\03_证据底稿\文本\C-KISTEP-RES0220260069.txt,https://www.kistep.re.kr/reportAllDetail.es?mid=a10305010000&rpt_no=RES0220260069&rpt_tp=831-002,官方PDF已保存并校验
生命科学、生物技术与健康,核心科技直接材料,C-KISTEP-RES0220260069,2026-02-26,W3,바이오기술 사업화 촉진 방안 연구 - 산·학·연·병 협력 및 민간 자본 유입을 중심으로 -,机构正式研究,C:\Users\WINDOWS\OneDrive\知识库\智库信息爬虫\国际主要科技智库观点演变_研判\03_证据底稿\原文PDF\C-KISTEP-RES0220260069.pdf,C:\Users\WINDOWS\OneDrive\知识库\智库信息爬虫\国际主要科技智库观点演变_研判\03_证据底稿\文本\C-KISTEP-RES0220260069.txt,https://www.kistep.re.kr/reportAllDetail.es?mid=a10305010000&rpt_no=RES0220260069&rpt_tp=831-002,官方PDF已保存并校验
科研体系、研发投入与评价,核心科技直接材料,C-KISTEP-RES0220260069,2026-02-26,W3,바이오기술 사업화 촉진 방안 연구 - 산·학·연·병 협력 및 민간 자본 유입을 중심으로 -,机构正式研究,C:\Users\WINDOWS\OneDrive\知识库\智库信息爬虫\国际主要科技智库观点演变_研判\03_证据底稿\原文PDF\C-KISTEP-RES0220260069.pdf,C:\Users\WINDOWS\OneDrive\知识库\智库信息爬虫\国际主要科技智库观点演变_研判\03_证据底稿\文本\C-KISTEP-RES0220260069.txt,https://www.kistep.re.kr/reportAllDetail.es?mid=a10305010000&rpt_no=RES0220260069&rpt_tp=831-002,官方PDF已保存并校验
科技人才、大学与知识流动,核心科技直接材料,C-KISTEP-RES0220260069,2026-02-26,W3,바이오기술 사업화 촉진 방안 연구 - 산·학·연·병 협력 및 민간 자본 유입을 중심으로 -,机构正式研究,C:\Users\WINDOWS\OneDrive\知识库\智库信息爬虫\国际主要科技智库观点演变_研判\03_证据底稿\原文PDF\C-KISTEP-RES0220260069.pdf,C:\Users\WINDOWS\OneDrive\知识库\智库信息爬虫\国际主要科技智库观点演变_研判\03_证据底稿\文本\C-KISTEP-RES0220260069.txt,https://www.kistep.re.kr/reportAllDetail.es?mid=a10305010000&rpt_no=RES0220260069&rpt_tp=831-002,官方PDF已保存并校验
产业创新、创业与区域体系,核心科技直接材料,C-KISTEP-RES0220260069,2026-02-26,W3,바이오기술 사업화 촉진 방안 연구 - 산·학·연·병 협력 및 민간 자본 유입을 중심으로 -,机构正式研究,C:\Users\WINDOWS\OneDrive\知识库\智库信息爬虫\国际主要科技智库观点演变_研判\03_证据底稿\原文PDF\C-KISTEP-RES0220260069.pdf,C:\Users\WINDOWS\OneDrive\知识库\智库信息爬虫\国际主要科技智库观点演变_研判\03_证据底稿\文本\C-KISTEP-RES0220260069.txt,https://www.kistep.re.kr/reportAllDetail.es?mid=a10305010000&rpt_no=RES0220260069&rpt_tp=831-002,官方PDF已保存并校验
科研体系、研发投入与评价,科技创新政策与能力基线,C-KISTEP-RES0220260071,2026-02-26,W3,연구관리 전문기관 효율화 개선 연구,机构正式研究,,,https://www.kistep.re.kr/reportAllDetail.es?mid=a10305010000&rpt_no=RES0220260071&rpt_tp=831-004,官方目录元数据，附件未列入本批
人工智能、数据与数字技术,核心科技直接材料,C-KISTEP-RES0220260050,2026-02-27,W3,문제해결 R&D 포트폴리오 및 AI 기반 사회적 가치 측정 표준 프로세스 연구,机构正式研究,C:\Users\WINDOWS\OneDrive\知识库\智库信息爬虫\国际主要科技智库观点演变_研判\03_证据底稿\原文PDF\C-KISTEP-RES0220260050.pdf,C:\Users\WINDOWS\OneDrive\知识库\智库信息爬虫\国际主要科技智库观点演变_研判\03_证据底稿\文本\C-KISTEP-RES0220260050.txt,https://www.kistep.re.kr/reportAllDetail.es?mid=a10305010000&rpt_no=RES0220260050&rpt_tp=831-002,官方PDF已保存并校验
生命科学、生物技术与健康,核心科技直接材料,C-KISTEP-RES0220260050,2026-02-27,W3,문제해결 R&D 포트폴리오 및 AI 기반 사회적 가치 측정 표준 프로세스 연구,机构正式研究,C:\Users\WINDOWS\OneDrive\知识库\智库信息爬虫\国际主要科技智库观点演变_研判\03_证据底稿\原文PDF\C-KISTEP-RES0220260050.pdf,C:\Users\WINDOWS\OneDrive\知识库\智库信息爬虫\国际主要科技智库观点演变_研判\03_证据底稿\文本\C-KISTEP-RES0220260050.txt,https://www.kistep.re.kr/reportAllDetail.es?mid=a10305010000&rpt_no=RES0220260050&rpt_tp=831-002,官方PDF已保存并校验
科研体系、研发投入与评价,核心科技直接材料,C-KISTEP-RES0220260050,2026-02-27,W3,문제해결 R&D 포트폴리오 및 AI 기반 사회적 가치 측정 표준 프로세스 연구,机构正式研究,C:\Users\WINDOWS\OneDrive\知识库\智库信息爬虫\国际主要科技智库观点演变_研判\03_证据底稿\原文PDF\C-KISTEP-RES0220260050.pdf,C:\Users\WINDOWS\OneDrive\知识库\智库信息爬虫\国际主要科技智库观点演变_研判\03_证据底稿\文本\C-KISTEP-RES0220260050.txt,https://www.kistep.re.kr/reportAllDetail.es?mid=a10305010000&rpt_no=RES0220260050&rpt_tp=831-002,官方PDF已保存并校验
科技人才、大学与知识流动,核心科技直接材料,C-KISTEP-RES0220260050,2026-02-27,W3,문제해결 R&D 포트폴리오 및 AI 기반 사회적 가치 측정 표준 프로세스 연구,机构正式研究,C:\Users\WINDOWS\OneDrive\知识库\智库信息爬虫\国际主要科技智库观点演变_研判\03_证据底稿\原文PDF\C-KISTEP-RES0220260050.pdf,C:\Users\WINDOWS\OneDrive\知识库\智库信息爬虫\国际主要科技智库观点演变_研判\03_证据底稿\文本\C-KISTEP-RES0220260050.txt,https://www.kistep.re.kr/reportAllDetail.es?mid=a10305010000&rpt_no=RES0220260050&rpt_tp=831-002,官方PDF已保存并校验
产业创新、创业与区域体系,核心科技直接材料,C-KISTEP-RES0220260050,2026-02-27,W3,문제해결 R&D 포트폴리오 및 AI 기반 사회적 가치 측정 표준 프로세스 연구,机构正式研究,C:\Users\WINDOWS\OneDrive\知识库\智库信息爬虫\国际主要科技智库观点演变_研判\03_证据底稿\原文PDF\C-KISTEP-RES0220260050.pdf,C:\Users\WINDOWS\OneDrive\知识库\智库信息爬虫\国际主要科技智库观点演变_研判\03_证据底稿\文本\C-KISTEP-RES0220260050.txt,https://www.kistep.re.kr/reportAllDetail.es?mid=a10305010000&rpt_no=RES0220260050&rpt_tp=831-002,官方PDF已保存并校验
技术安全、供应链与国际合作,核心科技直接材料,C-KISTEP-RES0220260050,2026-02-27,W3,문제해결 R&D 포트폴리오 및 AI 기반 사회적 가치 측정 표준 프로세스 연구,机构正式研究,C:\Users\WINDOWS\OneDrive\知识库\智库信息爬虫\国际主要科技智库观点演变_研判\03_证据底稿\原文PDF\C-KISTEP-RES0220260050.pdf,C:\Users\WINDOWS\OneDrive\知识库\智库信息爬虫\国际主要科技智库观点演变_研判\03_证据底稿\文本\C-KISTEP-RES0220260050.txt,https://www.kistep.re.kr/reportAllDetail.es?mid=a10305010000&rpt_no=RES0220260050&rpt_tp=831-002,官方PDF已保存并校验
科技前瞻与未来社会,核心科技直接材料,C-KISTEP-RES0220260050,2026-02-27,W3,문제해결 R&D 포트폴리오 및 AI 기반 사회적 가치 측정 표준 프로세스 연구,机构正式研究,C:\Users\WINDOWS\OneDrive\知识库\智库信息爬虫\国际主要科技智库观点演变_研判\03_证据底稿\原文PDF\C-KISTEP-RES0220260050.pdf,C:\Users\WINDOWS\OneDrive\知识库\智库信息爬虫\国际主要科技智库观点演变_研判\03_证据底稿\文本\C-KISTEP-RES0220260050.txt,https://www.kistep.re.kr/reportAllDetail.es?mid=a10305010000&rpt_no=RES0220260050&rpt_tp=831-002,官方PDF已保存并校验
产业创新、创业与区域体系,科技创新政策与能力基线,C-KISTEP-RES0220260066,2026-02-27,W3,2025년 글로벌 과학기술 & ICT 정책·기술 동향 분석,机构正式研究,,,https://www.kistep.re.kr/reportAllDetail.es?mid=a10305010000&rpt_no=RES0220260066&rpt_tp=831-002,官方目录元数据，附件未列入本批
科技前瞻与未来社会,科技创新政策与能力基线,C-KISTEP-RES0220260066,2026-02-27,W3,2025년 글로벌 과학기술 & ICT 정책·기술 동향 분석,机构正式研究,,,https://www.kistep.re.kr/reportAllDetail.es?mid=a10305010000&rpt_no=RES0220260066&rpt_tp=831-002,官方目录元数据，附件未列入本批
人工智能、数据与数字技术,核心科技直接材料,C-KISTEP-RES0220260067,2026-02-27,W3,국방분야 민간 첨단기술의 신속적용을 위한 투자전략 탐색연구,机构正式研究,C:\Users\WINDOWS\OneDrive\知识库\智库信息爬虫\国际主要科技智库观点演变_研判\03_证据底稿\原文PDF\C-KISTEP-RES0220260067.pdf,C:\Users\WINDOWS\OneDrive\知识库\智库信息爬虫\国际主要科技智库观点演变_研判\03_证据底稿\文本\C-KISTEP-RES0220260067.txt,https://www.kistep.re.kr/reportAllDetail.es?mid=a10305010000&rpt_no=RES0220260067&rpt_tp=831-005,官方PDF已保存并校验
半导体、量子与战略技术,核心科技直接材料,C-KISTEP-RES0220260067,2026-02-27,W3,국방분야 민간 첨단기술의 신속적용을 위한 투자전략 탐색연구,机构正式研究,C:\Users\WINDOWS\OneDrive\知识库\智库信息爬虫\国际主要科技智库观点演变_研判\03_证据底稿\原文PDF\C-KISTEP-RES0220260067.pdf,C:\Users\WINDOWS\OneDrive\知识库\智库信息爬虫\国际主要科技智库观点演变_研判\03_证据底稿\文本\C-KISTEP-RES0220260067.txt,https://www.kistep.re.kr/reportAllDetail.es?mid=a10305010000&rpt_no=RES0220260067&rpt_tp=831-005,官方PDF已保存并校验
生命科学、生物技术与健康,核心科技直接材料,C-KISTEP-RES0220260067,2026-02-27,W3,국방분야 민간 첨단기술의 신속적용을 위한 투자전략 탐색연구,机构正式研究,C:\Users\WINDOWS\OneDrive\知识库\智库信息爬虫\国际主要科技智库观点演变_研判\03_证据底稿\原文PDF\C-KISTEP-RES0220260067.pdf,C:\Users\WINDOWS\OneDrive\知识库\智库信息爬虫\国际主要科技智库观点演变_研判\03_证据底稿\文本\C-KISTEP-RES0220260067.txt,https://www.kistep.re.kr/reportAllDetail.es?mid=a10305010000&rpt_no=RES0220260067&rpt_tp=831-005,官方PDF已保存并校验
科研体系、研发投入与评价,核心科技直接材料,C-KISTEP-RES0220260067,2026-02-27,W3,국방분야 민간 첨단기술의 신속적용을 위한 투자전략 탐색연구,机构正式研究,C:\Users\WINDOWS\OneDrive\知识库\智库信息爬虫\国际主要科技智库观点演变_研判\03_证据底稿\原文PDF\C-KISTEP-RES0220260067.pdf,C:\Users\WINDOWS\OneDrive\知识库\智库信息爬虫\国际主要科技智库观点演变_研判\03_证据底稿\文本\C-KISTEP-RES0220260067.txt,https://www.kistep.re.kr/reportAllDetail.es?mid=a10305010000&rpt_no=RES0220260067&rpt_tp=831-005,官方PDF已保存并校验
科技人才、大学与知识流动,核心科技直接材料,C-KISTEP-RES0220260067,2026-02-27,W3,국방분야 민간 첨단기술의 신속적용을 위한 투자전략 탐색연구,机构正式研究,C:\Users\WINDOWS\OneDrive\知识库\智库信息爬虫\国际主要科技智库观点演变_研判\03_证据底稿\原文PDF\C-KISTEP-RES0220260067.pdf,C:\Users\WINDOWS\OneDrive\知识库\智库信息爬虫\国际主要科技智库观点演变_研判\03_证据底稿\文本\C-KISTEP-RES0220260067.txt,https://www.kistep.re.kr/reportAllDetail.es?mid=a10305010000&rpt_no=RES0220260067&rpt_tp=831-005,官方PDF已保存并校验
产业创新、创业与区域体系,核心科技直接材料,C-KISTEP-RES0220260067,2026-02-27,W3,국방분야 민간 첨단기술의 신속적용을 위한 투자전략 탐색연구,机构正式研究,C:\Users\WINDOWS\OneDrive\知识库\智库信息爬虫\国际主要科技智库观点演变_研判\03_证据底稿\原文PDF\C-KISTEP-RES0220260067.pdf,C:\Users\WINDOWS\OneDrive\知识库\智库信息爬虫\国际主要科技智库观点演变_研判\03_证据底稿\文本\C-KISTEP-RES0220260067.txt,https://www.kistep.re.kr/reportAllDetail.es?mid=a10305010000&rpt_no=RES0220260067&rpt_tp=831-005,官方PDF已保存并校验
科技前瞻与未来社会,核心科技直接材料,C-KISTEP-RES0220260067,2026-02-27,W3,국방분야 민간 첨단기술의 신속적용을 위한 투자전략 탐색연구,机构正式研究,C:\Users\WINDOWS\OneDrive\知识库\智库信息爬虫\国际主要科技智库观点演变_研判\03_证据底稿\原文PDF\C-KISTEP-RES0220260067.pdf,C:\Users\WINDOWS\OneDrive\知识库\智库信息爬虫\国际主要科技智库观点演变_研判\03_证据底稿\文本\C-KISTEP-RES0220260067.txt,https://www.kistep.re.kr/reportAllDetail.es?mid=a10305010000&rpt_no=RES0220260067&rpt_tp=831-005,官方PDF已保存并校验
航天、核能与大型技术系统,核心科技直接材料,C-KISTEP-RES0220260067,2026-02-27,W3,국방분야 민간 첨단기술의 신속적용을 위한 투자전략 탐색연구,机构正式研究,C:\Users\WINDOWS\OneDrive\知识库\智库信息爬虫\国际主要科技智库观点演变_研判\03_证据底稿\原文PDF\C-KISTEP-RES0220260067.pdf,C:\Users\WINDOWS\OneDrive\知识库\智库信息爬虫\国际主要科技智库观点演变_研判\03_证据底稿\文本\C-KISTEP-RES0220260067.txt,https://www.kistep.re.kr/reportAllDetail.es?mid=a10305010000&rpt_no=RES0220260067&rpt_tp=831-005,官方PDF已保存并校验
中国科技与国际比较,核心科技直接材料,C-KISTEP-RES0220260072,2026-02-27,W3,양자분야 유망기술 도출 및 투자 효율성 제고를 위한 정책 지원 방안 연구,机构正式研究,C:\Users\WINDOWS\OneDrive\知识库\智库信息爬虫\国际主要科技智库观点演变_研判\03_证据底稿\原文PDF\C-KISTEP-RES0220260072.pdf,C:\Users\WINDOWS\OneDrive\知识库\智库信息爬虫\国际主要科技智库观点演变_研判\03_证据底稿\文本\C-KISTEP-RES0220260072.txt,https://www.kistep.re.kr/reportAllDetail.es?mid=a10305010000&rpt_no=RES0220260072&rpt_tp=831-002,官方PDF已保存并校验
人工智能、数据与数字技术,核心科技直接材料,C-KISTEP-RES0220260072,2026-02-27,W3,양자분야 유망기술 도출 및 투자 효율성 제고를 위한 정책 지원 방안 연구,机构正式研究,C:\Users\WINDOWS\OneDrive\知识库\智库信息爬虫\国际主要科技智库观点演变_研判\03_证据底稿\原文PDF\C-KISTEP-RES0220260072.pdf,C:\Users\WINDOWS\OneDrive\知识库\智库信息爬虫\国际主要科技智库观点演变_研判\03_证据底稿\文本\C-KISTEP-RES0220260072.txt,https://www.kistep.re.kr/reportAllDetail.es?mid=a10305010000&rpt_no=RES0220260072&rpt_tp=831-002,官方PDF已保存并校验
半导体、量子与战略技术,核心科技直接材料,C-KISTEP-RES0220260072,2026-02-27,W3,양자분야 유망기술 도출 및 투자 효율성 제고를 위한 정책 지원 방안 연구,机构正式研究,C:\Users\WINDOWS\OneDrive\知识库\智库信息爬虫\国际主要科技智库观点演变_研判\03_证据底稿\原文PDF\C-KISTEP-RES0220260072.pdf,C:\Users\WINDOWS\OneDrive\知识库\智库信息爬虫\国际主要科技智库观点演变_研判\03_证据底稿\文本\C-KISTEP-RES0220260072.txt,https://www.kistep.re.kr/reportAllDetail.es?mid=a10305010000&rpt_no=RES0220260072&rpt_tp=831-002,官方PDF已保存并校验
能源、气候与绿色转型,核心科技直接材料,C-KISTEP-RES0220260072,2026-02-27,W3,양자분야 유망기술 도출 및 투자 효율성 제고를 위한 정책 지원 방안 연구,机构正式研究,C:\Users\WINDOWS\OneDrive\知识库\智库信息爬虫\国际主要科技智库观点演变_研判\03_证据底稿\原文PDF\C-KISTEP-RES0220260072.pdf,C:\Users\WINDOWS\OneDrive\知识库\智库信息爬虫\国际主要科技智库观点演变_研判\03_证据底稿\文本\C-KISTEP-RES0220260072.txt,https://www.kistep.re.kr/reportAllDetail.es?mid=a10305010000&rpt_no=RES0220260072&rpt_tp=831-002,官方PDF已保存并校验
科研体系、研发投入与评价,核心科技直接材料,C-KISTEP-RES0220260072,2026-02-27,W3,양자분야 유망기술 도출 및 투자 효율성 제고를 위한 정책 지원 방안 연구,机构正式研究,C:\Users\WINDOWS\OneDrive\知识库\智库信息爬虫\国际主要科技智库观点演变_研判\03_证据底稿\原文PDF\C-KISTEP-RES0220260072.pdf,C:\Users\WINDOWS\OneDrive\知识库\智库信息爬虫\国际主要科技智库观点演变_研判\03_证据底稿\文本\C-KISTEP-RES0220260072.txt,https://www.kistep.re.kr/reportAllDetail.es?mid=a10305010000&rpt_no=RES0220260072&rpt_tp=831-002,官方PDF已保存并校验
科技人才、大学与知识流动,核心科技直接材料,C-KISTEP-RES0220260072,2026-02-27,W3,양자분야 유망기술 도출 및 투자 효율성 제고를 위한 정책 지원 방안 연구,机构正式研究,C:\Users\WINDOWS\OneDrive\知识库\智库信息爬虫\国际主要科技智库观点演变_研判\03_证据底稿\原文PDF\C-KISTEP-RES0220260072.pdf,C:\Users\WINDOWS\OneDrive\知识库\智库信息爬虫\国际主要科技智库观点演变_研判\03_证据底稿\文本\C-KISTEP-RES0220260072.txt,https://www.kistep.re.kr/reportAllDetail.es?mid=a10305010000&rpt_no=RES0220260072&rpt_tp=831-002,官方PDF已保存并校验
产业创新、创业与区域体系,核心科技直接材料,C-KISTEP-RES0220260072,2026-02-27,W3,양자분야 유망기술 도출 및 투자 효율성 제고를 위한 정책 지원 방안 연구,机构正式研究,C:\Users\WINDOWS\OneDrive\知识库\智库信息爬虫\国际主要科技智库观点演变_研判\03_证据底稿\原文PDF\C-KISTEP-RES0220260072.pdf,C:\Users\WINDOWS\OneDrive\知识库\智库信息爬虫\国际主要科技智库观点演变_研判\03_证据底稿\文本\C-KISTEP-RES0220260072.txt,https://www.kistep.re.kr/reportAllDetail.es?mid=a10305010000&rpt_no=RES0220260072&rpt_tp=831-002,官方PDF已保存并校验
技术安全、供应链与国际合作,核心科技直接材料,C-KISTEP-RES0220260072,2026-02-27,W3,양자분야 유망기술 도출 및 투자 효율성 제고를 위한 정책 지원 방안 연구,机构正式研究,C:\Users\WINDOWS\OneDrive\知识库\智库信息爬虫\国际主要科技智库观点演变_研判\03_证据底稿\原文PDF\C-KISTEP-RES0220260072.pdf,C:\Users\WINDOWS\OneDrive\知识库\智库信息爬虫\国际主要科技智库观点演变_研判\03_证据底稿\文本\C-KISTEP-RES0220260072.txt,https://www.kistep.re.kr/reportAllDetail.es?mid=a10305010000&rpt_no=RES0220260072&rpt_tp=831-002,官方PDF已保存并校验
科技前瞻与未来社会,核心科技直接材料,C-KISTEP-RES0220260072,2026-02-27,W3,양자분야 유망기술 도출 및 투자 효율성 제고를 위한 정책 지원 방안 연구,机构正式研究,C:\Users\WINDOWS\OneDrive\知识库\智库信息爬虫\国际主要科技智库观点演变_研判\03_证据底稿\原文PDF\C-KISTEP-RES0220260072.pdf,C:\Users\WINDOWS\OneDrive\知识库\智库信息爬虫\国际主要科技智库观点演变_研判\03_证据底稿\文本\C-KISTEP-RES0220260072.txt,https://www.kistep.re.kr/reportAllDetail.es?mid=a10305010000&rpt_no=RES0220260072&rpt_tp=831-002,官方PDF已保存并校验
航天、核能与大型技术系统,核心科技直接材料,C-KISTEP-RES0220260072,2026-02-27,W3,양자분야 유망기술 도출 및 투자 효율성 제고를 위한 정책 지원 방안 연구,机构正式研究,C:\Users\WINDOWS\OneDrive\知识库\智库信息爬虫\国际主要科技智库观点演变_研判\03_证据底稿\原文PDF\C-KISTEP-RES0220260072.pdf,C:\Users\WINDOWS\OneDrive\知识库\智库信息爬虫\国际主要科技智库观点演变_研判\03_证据底稿\文本\C-KISTEP-RES0220260072.txt,https://www.kistep.re.kr/reportAllDetail.es?mid=a10305010000&rpt_no=RES0220260072&rpt_tp=831-002,官方PDF已保存并校验
中国科技与国际比较,核心科技直接材料,C-KISTEP-RES0220260073,2026-02-27,W3,"인공지능과 소프트웨어가 정의하는 산업기술 분야 정부R&D 투자전략 탐색 연구(자동차, 로봇, 제조혁신을 중심으로)",机构正式研究,C:\Users\WINDOWS\OneDrive\知识库\智库信息爬虫\国际主要科技智库观点演变_研判\03_证据底稿\原文PDF\C-KISTEP-RES0220260073.pdf,C:\Users\WINDOWS\OneDrive\知识库\智库信息爬虫\国际主要科技智库观点演变_研判\03_证据底稿\文本\C-KISTEP-RES0220260073.txt,https://www.kistep.re.kr/reportAllDetail.es?mid=a10305010000&rpt_no=RES0220260073&rpt_tp=831-005,官方PDF已保存并校验
人工智能、数据与数字技术,核心科技直接材料,C-KISTEP-RES0220260073,2026-02-27,W3,"인공지능과 소프트웨어가 정의하는 산업기술 분야 정부R&D 투자전략 탐색 연구(자동차, 로봇, 제조혁신을 중심으로)",机构正式研究,C:\Users\WINDOWS\OneDrive\知识库\智库信息爬虫\国际主要科技智库观点演变_研判\03_证据底稿\原文PDF\C-KISTEP-RES0220260073.pdf,C:\Users\WINDOWS\OneDrive\知识库\智库信息爬虫\国际主要科技智库观点演变_研判\03_证据底稿\文本\C-KISTEP-RES0220260073.txt,https://www.kistep.re.kr/reportAllDetail.es?mid=a10305010000&rpt_no=RES0220260073&rpt_tp=831-005,官方PDF已保存并校验
半导体、量子与战略技术,核心科技直接材料,C-KISTEP-RES0220260073,2026-02-27,W3,"인공지능과 소프트웨어가 정의하는 산업기술 분야 정부R&D 투자전략 탐색 연구(자동차, 로봇, 제조혁신을 중심으로)",机构正式研究,C:\Users\WINDOWS\OneDrive\知识库\智库信息爬虫\国际主要科技智库观点演变_研判\03_证据底稿\原文PDF\C-KISTEP-RES0220260073.pdf,C:\Users\WINDOWS\OneDrive\知识库\智库信息爬虫\国际主要科技智库观点演变_研判\03_证据底稿\文本\C-KISTEP-RES0220260073.txt,https://www.kistep.re.kr/reportAllDetail.es?mid=a10305010000&rpt_no=RES0220260073&rpt_tp=831-005,官方PDF已保存并校验
科研体系、研发投入与评价,核心科技直接材料,C-KISTEP-RES0220260073,2026-02-27,W3,"인공지능과 소프트웨어가 정의하는 산업기술 분야 정부R&D 투자전략 탐색 연구(자동차, 로봇, 제조혁신을 중심으로)",机构正式研究,C:\Users\WINDOWS\OneDrive\知识库\智库信息爬虫\国际主要科技智库观点演变_研判\03_证据底稿\原文PDF\C-KISTEP-RES0220260073.pdf,C:\Users\WINDOWS\OneDrive\知识库\智库信息爬虫\国际主要科技智库观点演变_研判\03_证据底稿\文本\C-KISTEP-RES0220260073.txt,https://www.kistep.re.kr/reportAllDetail.es?mid=a10305010000&rpt_no=RES0220260073&rpt_tp=831-005,官方PDF已保存并校验
科技人才、大学与知识流动,核心科技直接材料,C-KISTEP-RES0220260073,2026-02-27,W3,"인공지능과 소프트웨어가 정의하는 산업기술 분야 정부R&D 투자전략 탐색 연구(자동차, 로봇, 제조혁신을 중심으로)",机构正式研究,C:\Users\WINDOWS\OneDrive\知识库\智库信息爬虫\国际主要科技智库观点演变_研判\03_证据底稿\原文PDF\C-KISTEP-RES0220260073.pdf,C:\Users\WINDOWS\OneDrive\知识库\智库信息爬虫\国际主要科技智库观点演变_研判\03_证据底稿\文本\C-KISTEP-RES0220260073.txt,https://www.kistep.re.kr/reportAllDetail.es?mid=a10305010000&rpt_no=RES0220260073&rpt_tp=831-005,官方PDF已保存并校验
产业创新、创业与区域体系,核心科技直接材料,C-KISTEP-RES0220260073,2026-02-27,W3,"인공지능과 소프트웨어가 정의하는 산업기술 분야 정부R&D 투자전략 탐색 연구(자동차, 로봇, 제조혁신을 중심으로)",机构正式研究,C:\Users\WINDOWS\OneDrive\知识库\智库信息爬虫\国际主要科技智库观点演变_研判\03_证据底稿\原文PDF\C-KISTEP-RES0220260073.pdf,C:\Users\WINDOWS\OneDrive\知识库\智库信息爬虫\国际主要科技智库观点演变_研判\03_证据底稿\文本\C-KISTEP-RES0220260073.txt,https://www.kistep.re.kr/reportAllDetail.es?mid=a10305010000&rpt_no=RES0220260073&rpt_tp=831-005,官方PDF已保存并校验
技术安全、供应链与国际合作,核心科技直接材料,C-KISTEP-RES0220260073,2026-02-27,W3,"인공지능과 소프트웨어가 정의하는 산업기술 분야 정부R&D 투자전략 탐색 연구(자동차, 로봇, 제조혁신을 중심으로)",机构正式研究,C:\Users\WINDOWS\OneDrive\知识库\智库信息爬虫\国际主要科技智库观点演变_研判\03_证据底稿\原文PDF\C-KISTEP-RES0220260073.pdf,C:\Users\WINDOWS\OneDrive\知识库\智库信息爬虫\国际主要科技智库观点演变_研判\03_证据底稿\文本\C-KISTEP-RES0220260073.txt,https://www.kistep.re.kr/reportAllDetail.es?mid=a10305010000&rpt_no=RES0220260073&rpt_tp=831-005,官方PDF已保存并校验
科技前瞻与未来社会,核心科技直接材料,C-KISTEP-RES0220260073,2026-02-27,W3,"인공지능과 소프트웨어가 정의하는 산업기술 분야 정부R&D 투자전략 탐색 연구(자동차, 로봇, 제조혁신을 중심으로)",机构正式研究,C:\Users\WINDOWS\OneDrive\知识库\智库信息爬虫\国际主要科技智库观点演变_研判\03_证据底稿\原文PDF\C-KISTEP-RES0220260073.pdf,C:\Users\WINDOWS\OneDrive\知识库\智库信息爬虫\国际主要科技智库观点演变_研判\03_证据底稿\文本\C-KISTEP-RES0220260073.txt,https://www.kistep.re.kr/reportAllDetail.es?mid=a10305010000&rpt_no=RES0220260073&rpt_tp=831-005,官方PDF已保存并校验
科技前瞻与未来社会,科技创新政策与能力基线,C-KISTEP-RES0220260076,2026-02-27,W3,제7회 과학기술예측조사 연구(1차년도),机构正式研究,,,https://www.kistep.re.kr/reportAllDetail.es?mid=a10305010000&rpt_no=RES0220260076&rpt_tp=831-006,官方目录元数据，附件未列入本批
科技创新政策与研究体系,科技创新政策与能力基线,C-KISTEP-RES0220260075,2026-02-28,W3,2025년도 과학기술분야 정책점검 추진 및 국가과학기술현황 종합인식조사 연구,机构正式研究,,,https://www.kistep.re.kr/reportAllDetail.es?mid=a10305010000&rpt_no=RES0220260075&rpt_tp=831-002,官方目录元数据，附件未列入本批
中国科技与国际比较,核心科技直接材料,C-KISTEP-RES0220260077,2026-02-28,W3,중국 첨단기술 자립전략 분석과 대응방안 연구,机构正式研究,C:\Users\WINDOWS\OneDrive\知识库\智库信息爬虫\国际主要科技智库观点演变_研判\03_证据底稿\原文PDF\C-KISTEP-RES0220260077.pdf,C:\Users\WINDOWS\OneDrive\知识库\智库信息爬虫\国际主要科技智库观点演变_研判\03_证据底稿\文本\C-KISTEP-RES0220260077.txt,https://www.kistep.re.kr/reportAllDetail.es?mid=a10305010000&rpt_no=RES0220260077&rpt_tp=831-002,官方PDF已保存并校验
人工智能、数据与数字技术,核心科技直接材料,C-KISTEP-RES0220260077,2026-02-28,W3,중국 첨단기술 자립전략 분석과 대응방안 연구,机构正式研究,C:\Users\WINDOWS\OneDrive\知识库\智库信息爬虫\国际主要科技智库观点演变_研判\03_证据底稿\原文PDF\C-KISTEP-RES0220260077.pdf,C:\Users\WINDOWS\OneDrive\知识库\智库信息爬虫\国际主要科技智库观点演变_研判\03_证据底稿\文本\C-KISTEP-RES0220260077.txt,https://www.kistep.re.kr/reportAllDetail.es?mid=a10305010000&rpt_no=RES0220260077&rpt_tp=831-002,官方PDF已保存并校验
半导体、量子与战略技术,核心科技直接材料,C-KISTEP-RES0220260077,2026-02-28,W3,중국 첨단기술 자립전략 분석과 대응방안 연구,机构正式研究,C:\Users\WINDOWS\OneDrive\知识库\智库信息爬虫\国际主要科技智库观点演变_研判\03_证据底稿\原文PDF\C-KISTEP-RES0220260077.pdf,C:\Users\WINDOWS\OneDrive\知识库\智库信息爬虫\国际主要科技智库观点演变_研判\03_证据底稿\文本\C-KISTEP-RES0220260077.txt,https://www.kistep.re.kr/reportAllDetail.es?mid=a10305010000&rpt_no=RES0220260077&rpt_tp=831-002,官方PDF已保存并校验
生命科学、生物技术与健康,核心科技直接材料,C-KISTEP-RES0220260077,2026-02-28,W3,중국 첨단기술 자립전략 분석과 대응방안 연구,机构正式研究,C:\Users\WINDOWS\OneDrive\知识库\智库信息爬虫\国际主要科技智库观点演变_研判\03_证据底稿\原文PDF\C-KISTEP-RES0220260077.pdf,C:\Users\WINDOWS\OneDrive\知识库\智库信息爬虫\国际主要科技智库观点演变_研判\03_证据底稿\文本\C-KISTEP-RES0220260077.txt,https://www.kistep.re.kr/reportAllDetail.es?mid=a10305010000&rpt_no=RES0220260077&rpt_tp=831-002,官方PDF已保存并校验
科研体系、研发投入与评价,核心科技直接材料,C-KISTEP-RES0220260077,2026-02-28,W3,중국 첨단기술 자립전략 분석과 대응방안 연구,机构正式研究,C:\Users\WINDOWS\OneDrive\知识库\智库信息爬虫\国际主要科技智库观点演变_研判\03_证据底稿\原文PDF\C-KISTEP-RES0220260077.pdf,C:\Users\WINDOWS\OneDrive\知识库\智库信息爬虫\国际主要科技智库观点演变_研判\03_证据底稿\文本\C-KISTEP-RES0220260077.txt,https://www.kistep.re.kr/reportAllDetail.es?mid=a10305010000&rpt_no=RES0220260077&rpt_tp=831-002,官方PDF已保存并校验
科技人才、大学与知识流动,核心科技直接材料,C-KISTEP-RES0220260077,2026-02-28,W3,중국 첨단기술 자립전략 분석과 대응방안 연구,机构正式研究,C:\Users\WINDOWS\OneDrive\知识库\智库信息爬虫\国际主要科技智库观点演变_研判\03_证据底稿\原文PDF\C-KISTEP-RES0220260077.pdf,C:\Users\WINDOWS\OneDrive\知识库\智库信息爬虫\国际主要科技智库观点演变_研判\03_证据底稿\文本\C-KISTEP-RES0220260077.txt,https://www.kistep.re.kr/reportAllDetail.es?mid=a10305010000&rpt_no=RES0220260077&rpt_tp=831-002,官方PDF已保存并校验
产业创新、创业与区域体系,核心科技直接材料,C-KISTEP-RES0220260077,2026-02-28,W3,중국 첨단기술 자립전략 분석과 대응방안 연구,机构正式研究,C:\Users\WINDOWS\OneDrive\知识库\智库信息爬虫\国际主要科技智库观点演变_研判\03_证据底稿\原文PDF\C-KISTEP-RES0220260077.pdf,C:\Users\WINDOWS\OneDrive\知识库\智库信息爬虫\国际主要科技智库观点演变_研判\03_证据底稿\文本\C-KISTEP-RES0220260077.txt,https://www.kistep.re.kr/reportAllDetail.es?mid=a10305010000&rpt_no=RES0220260077&rpt_tp=831-002,官方PDF已保存并校验
技术安全、供应链与国际合作,核心科技直接材料,C-KISTEP-RES0220260077,2026-02-28,W3,중국 첨단기술 자립전략 분석과 대응방안 연구,机构正式研究,C:\Users\WINDOWS\OneDrive\知识库\智库信息爬虫\国际主要科技智库观点演变_研判\03_证据底稿\原文PDF\C-KISTEP-RES0220260077.pdf,C:\Users\WINDOWS\OneDrive\知识库\智库信息爬虫\国际主要科技智库观点演变_研判\03_证据底稿\文本\C-KISTEP-RES0220260077.txt,https://www.kistep.re.kr/reportAllDetail.es?mid=a10305010000&rpt_no=RES0220260077&rpt_tp=831-002,官方PDF已保存并校验
科研体系、研发投入与评价,科技创新政策与能力基线,C-KISTEP-RES0220260080,2026-03-08,W3,2025년 지방과학기술연감,机构正式研究,,,https://www.kistep.re.kr/reportAllDetail.es?mid=a10305010000&rpt_no=RES0220260080&rpt_tp=831-002,官方目录元数据，附件未列入本批
产业创新、创业与区域体系,科技创新政策与能力基线,C-KISTEP-RES0220260080,2026-03-08,W3,2025년 지방과학기술연감,机构正式研究,,,https://www.kistep.re.kr/reportAllDetail.es?mid=a10305010000&rpt_no=RES0220260080&rpt_tp=831-002,官方目录元数据，附件未列入本批
科研体系、研发投入与评价,科技创新政策与能力基线,C-KISTEP-RES0220260081,2026-03-08,W3,기관평가의 실효성 제고를 위한 제도개선 연구,机构正式研究,,,https://www.kistep.re.kr/reportAllDetail.es?mid=a10305010000&rpt_no=RES0220260081&rpt_tp=831-001,官方目录元数据，附件未列入本批
产业创新、创业与区域体系,科技创新政策与能力基线,C-KISTEP-RES0220260081,2026-03-08,W3,기관평가의 실효성 제고를 위한 제도개선 연구,机构正式研究,,,https://www.kistep.re.kr/reportAllDetail.es?mid=a10305010000&rpt_no=RES0220260081&rpt_tp=831-001,官方目录元数据，附件未列入本批
产业创新、创业与区域体系,科技创新政策与能力基线,C-KISTEP-RES0220260079,2026-03-09,W3,지역과학기술 혁신을 위한 정책과제 발굴‧기획 및 제도 구축‧활성화 방안 연구 최종보고서,机构正式研究,,,https://www.kistep.re.kr/reportAllDetail.es?mid=a10305010000&rpt_no=RES0220260079&rpt_tp=831-002,官方目录元数据，附件未列入本批
科研体系、研发投入与评价,科技创新政策与能力基线,C-KISTEP-RES0220260082,2026-03-09,W3,2025년 지역 R&D 실태조사,机构正式研究,,,https://www.kistep.re.kr/reportAllDetail.es?mid=a10305010000&rpt_no=RES0220260082&rpt_tp=831-002,官方目录元数据，附件未列入本批
产业创新、创业与区域体系,科技创新政策与能力基线,C-KISTEP-RES0220260082,2026-03-09,W3,2025년 지역 R&D 실태조사,机构正式研究,,,https://www.kistep.re.kr/reportAllDetail.es?mid=a10305010000&rpt_no=RES0220260082&rpt_tp=831-002,官方目录元数据，附件未列入本批
科研体系、研发投入与评价,科技创新政策与能力基线,C-KISTEP-RES0220260087,2026-03-12,W3,사회문제해결 R&D 성과 제고‧확산을 위한 민‧관 협력 방안 기획 연구,机构正式研究,,,https://www.kistep.re.kr/reportAllDetail.es?mid=a10305010000&rpt_no=RES0220260087&rpt_tp=831-002,官方目录元数据，附件未列入本批
科研体系、研发投入与评价,科技创新政策与能力基线,C-KISTEP-RES0220260089,2026-03-18,W3,2024년도 국가연구개발사업 성과분석,机构正式研究,,,https://www.kistep.re.kr/reportAllDetail.es?mid=a10305010000&rpt_no=RES0220260089&rpt_tp=831-001,官方目录元数据，附件未列入本批
科研体系、研发投入与评价,科技创新政策与能力基线,C-KISTEP-RES0220260088,2026-03-24,W3,혁신도전형 R&D 전담 지능형 독립기관 설립방안 마련 연구,机构正式研究,,,https://www.kistep.re.kr/reportAllDetail.es?mid=a10305010000&rpt_no=RES0220260088&rpt_tp=831-002,官方目录元数据，附件未列入本批
产业创新、创业与区域体系,科技创新政策与能力基线,C-KISTEP-RES0220260088,2026-03-24,W3,혁신도전형 R&D 전담 지능형 독립기관 설립방안 마련 연구,机构正式研究,,,https://www.kistep.re.kr/reportAllDetail.es?mid=a10305010000&rpt_no=RES0220260088&rpt_tp=831-002,官方目录元数据，附件未列入本批
科研体系、研发投入与评价,科技创新政策与能力基线,C-KISTEP-RES0220260091,2026-03-24,W3,2025년도 과학기술정책 운영 및 현안 대응,机构正式研究,,,https://www.kistep.re.kr/reportAllDetail.es?mid=a10305010000&rpt_no=RES0220260091&rpt_tp=831-002,官方目录元数据，附件未列入本批
科研体系、研发投入与评价,科技创新政策与能力基线,C-KISTEP-RES0220260093,2026-03-26,W3,국가연구개발사업 예비타당성조사 2025 연차보고서,机构正式研究,,,https://www.kistep.re.kr/reportAllDetail.es?mid=a10305010000&rpt_no=RES0220260093&rpt_tp=831-003,官方目录元数据，附件未列入本批
科研体系、研发投入与评价,科技创新政策与能力基线,C-KISTEP-RES0220260040,2026-03-27,W3,국가과학기술자문회의심의회의를 통한 과학기술혁신 종합조정기능 강화 방안 연구,机构正式研究,,,https://www.kistep.re.kr/reportAllDetail.es?mid=a10305010000&rpt_no=RES0220260040&rpt_tp=831-002,官方目录元数据，附件未列入本批
产业创新、创业与区域体系,科技创新政策与能力基线,C-KISTEP-RES0220260040,2026-03-27,W3,국가과학기술자문회의심의회의를 통한 과학기술혁신 종합조정기능 강화 방안 연구,机构正式研究,,,https://www.kistep.re.kr/reportAllDetail.es?mid=a10305010000&rpt_no=RES0220260040&rpt_tp=831-002,官方目录元数据，附件未列入本批
科研体系、研发投入与评价,科技创新政策与能力基线,C-KISTEP-RES0220260094,2026-03-28,W3,2025년 혁신도전형 앞으로(APRO) R&D 육성,机构正式研究,,,https://www.kistep.re.kr/reportAllDetail.es?mid=a10305010000&rpt_no=RES0220260094&rpt_tp=831-002,官方目录元数据，附件未列入本批
产业创新、创业与区域体系,科技创新政策与能力基线,C-KISTEP-RES0220260094,2026-03-28,W3,2025년 혁신도전형 앞으로(APRO) R&D 육성,机构正式研究,,,https://www.kistep.re.kr/reportAllDetail.es?mid=a10305010000&rpt_no=RES0220260094&rpt_tp=831-002,官方目录元数据，附件未列入本批
人工智能、数据与数字技术,核心科技直接材料,C-KISTEP-RES0220260092,2026-03-30,W3,신흥기술 정책 고도화 및 성과확산 연구,机构正式研究,C:\Users\WINDOWS\OneDrive\知识库\智库信息爬虫\国际主要科技智库观点演变_研判\03_证据底稿\原文PDF\C-KISTEP-RES0220260092.pdf,C:\Users\WINDOWS\OneDrive\知识库\智库信息爬虫\国际主要科技智库观点演变_研判\03_证据底稿\文本\C-KISTEP-RES0220260092.txt,https://www.kistep.re.kr/reportAllDetail.es?mid=a10305010000&rpt_no=RES0220260092&rpt_tp=831-002,官方PDF已保存并校验
半导体、量子与战略技术,核心科技直接材料,C-KISTEP-RES0220260092,2026-03-30,W3,신흥기술 정책 고도화 및 성과확산 연구,机构正式研究,C:\Users\WINDOWS\OneDrive\知识库\智库信息爬虫\国际主要科技智库观点演变_研判\03_证据底稿\原文PDF\C-KISTEP-RES0220260092.pdf,C:\Users\WINDOWS\OneDrive\知识库\智库信息爬虫\国际主要科技智库观点演变_研判\03_证据底稿\文本\C-KISTEP-RES0220260092.txt,https://www.kistep.re.kr/reportAllDetail.es?mid=a10305010000&rpt_no=RES0220260092&rpt_tp=831-002,官方PDF已保存并校验
能源、气候与绿色转型,核心科技直接材料,C-KISTEP-RES0220260092,2026-03-30,W3,신흥기술 정책 고도화 및 성과확산 연구,机构正式研究,C:\Users\WINDOWS\OneDrive\知识库\智库信息爬虫\国际主要科技智库观点演变_研判\03_证据底稿\原文PDF\C-KISTEP-RES0220260092.pdf,C:\Users\WINDOWS\OneDrive\知识库\智库信息爬虫\国际主要科技智库观点演变_研判\03_证据底稿\文本\C-KISTEP-RES0220260092.txt,https://www.kistep.re.kr/reportAllDetail.es?mid=a10305010000&rpt_no=RES0220260092&rpt_tp=831-002,官方PDF已保存并校验
科研体系、研发投入与评价,核心科技直接材料,C-KISTEP-RES0220260092,2026-03-30,W3,신흥기술 정책 고도화 및 성과확산 연구,机构正式研究,C:\Users\WINDOWS\OneDrive\知识库\智库信息爬虫\国际主要科技智库观点演变_研判\03_证据底稿\原文PDF\C-KISTEP-RES0220260092.pdf,C:\Users\WINDOWS\OneDrive\知识库\智库信息爬虫\国际主要科技智库观点演变_研判\03_证据底稿\文本\C-KISTEP-RES0220260092.txt,https://www.kistep.re.kr/reportAllDetail.es?mid=a10305010000&rpt_no=RES0220260092&rpt_tp=831-002,官方PDF已保存并校验
科技人才、大学与知识流动,核心科技直接材料,C-KISTEP-RES0220260092,2026-03-30,W3,신흥기술 정책 고도화 및 성과확산 연구,机构正式研究,C:\Users\WINDOWS\OneDrive\知识库\智库信息爬虫\国际主要科技智库观点演变_研判\03_证据底稿\原文PDF\C-KISTEP-RES0220260092.pdf,C:\Users\WINDOWS\OneDrive\知识库\智库信息爬虫\国际主要科技智库观点演变_研判\03_证据底稿\文本\C-KISTEP-RES0220260092.txt,https://www.kistep.re.kr/reportAllDetail.es?mid=a10305010000&rpt_no=RES0220260092&rpt_tp=831-002,官方PDF已保存并校验
产业创新、创业与区域体系,核心科技直接材料,C-KISTEP-RES0220260092,2026-03-30,W3,신흥기술 정책 고도화 및 성과확산 연구,机构正式研究,C:\Users\WINDOWS\OneDrive\知识库\智库信息爬虫\国际主要科技智库观点演变_研判\03_证据底稿\原文PDF\C-KISTEP-RES0220260092.pdf,C:\Users\WINDOWS\OneDrive\知识库\智库信息爬虫\国际主要科技智库观点演变_研判\03_证据底稿\文本\C-KISTEP-RES0220260092.txt,https://www.kistep.re.kr/reportAllDetail.es?mid=a10305010000&rpt_no=RES0220260092&rpt_tp=831-002,官方PDF已保存并校验
技术安全、供应链与国际合作,核心科技直接材料,C-KISTEP-RES0220260092,2026-03-30,W3,신흥기술 정책 고도화 및 성과확산 연구,机构正式研究,C:\Users\WINDOWS\OneDrive\知识库\智库信息爬虫\国际主要科技智库观点演变_研判\03_证据底稿\原文PDF\C-KISTEP-RES0220260092.pdf,C:\Users\WINDOWS\OneDrive\知识库\智库信息爬虫\国际主要科技智库观点演变_研判\03_证据底稿\文本\C-KISTEP-RES0220260092.txt,https://www.kistep.re.kr/reportAllDetail.es?mid=a10305010000&rpt_no=RES0220260092&rpt_tp=831-002,官方PDF已保存并校验
科技前瞻与未来社会,核心科技直接材料,C-KISTEP-RES0220260092,2026-03-30,W3,신흥기술 정책 고도화 및 성과확산 연구,机构正式研究,C:\Users\WINDOWS\OneDrive\知识库\智库信息爬虫\国际主要科技智库观点演变_研判\03_证据底稿\原文PDF\C-KISTEP-RES0220260092.pdf,C:\Users\WINDOWS\OneDrive\知识库\智库信息爬虫\国际主要科技智库观点演变_研判\03_证据底稿\文本\C-KISTEP-RES0220260092.txt,https://www.kistep.re.kr/reportAllDetail.es?mid=a10305010000&rpt_no=RES0220260092&rpt_tp=831-002,官方PDF已保存并校验
航天、核能与大型技术系统,核心科技直接材料,C-KISTEP-RES0220260092,2026-03-30,W3,신흥기술 정책 고도화 및 성과확산 연구,机构正式研究,C:\Users\WINDOWS\OneDrive\知识库\智库信息爬虫\国际主要科技智库观点演变_研判\03_证据底稿\原文PDF\C-KISTEP-RES0220260092.pdf,C:\Users\WINDOWS\OneDrive\知识库\智库信息爬虫\国际主要科技智库观点演变_研判\03_证据底稿\文本\C-KISTEP-RES0220260092.txt,https://www.kistep.re.kr/reportAllDetail.es?mid=a10305010000&rpt_no=RES0220260092&rpt_tp=831-002,官方PDF已保存并校验
科研体系、研发投入与评价,科技创新政策与能力基线,C-KISTEP-RES0220260095,2026-03-30,W3,2025년 연구성과 확산 정책 수립 및 제도 운영,机构正式研究,,,https://www.kistep.re.kr/reportAllDetail.es?mid=a10305010000&rpt_no=RES0220260095&rpt_tp=831-004,官方目录元数据，附件未列入本批
科研体系、研发投入与评价,科技创新政策与能力基线,C-KISTEP-RES0220260096,2026-03-31,W3,연구현장 중심의 국가연구개발사업 제도개선에 관한 연구,机构正式研究,,,https://www.kistep.re.kr/reportAllDetail.es?mid=a10305010000&rpt_no=RES0220260096&rpt_tp=831-002,官方目录元数据，附件未列入本批
产业创新、创业与区域体系,科技创新政策与能力基线,C-KISTEP-RES0220260096,2026-03-31,W3,연구현장 중심의 국가연구개발사업 제도개선에 관한 연구,机构正式研究,,,https://www.kistep.re.kr/reportAllDetail.es?mid=a10305010000&rpt_no=RES0220260096&rpt_tp=831-002,官方目录元数据，附件未列入本批
科研体系、研发投入与评价,科技创新政策与能力基线,C-KISTEP-RES0220260084,2026-04-01,W3,2025년 하반기 국가연구개발사업 특정평가 보고서 혁신·도전형R&D 사업군,机构正式研究,,,https://www.kistep.re.kr/reportAllDetail.es?mid=a10305010000&rpt_no=RES0220260084&rpt_tp=831-001,官方目录元数据，附件未列入本批
产业创新、创业与区域体系,科技创新政策与能力基线,C-KISTEP-RES0220260084,2026-04-01,W3,2025년 하반기 국가연구개발사업 특정평가 보고서 혁신·도전형R&D 사업군,机构正式研究,,,https://www.kistep.re.kr/reportAllDetail.es?mid=a10305010000&rpt_no=RES0220260084&rpt_tp=831-001,官方目录元数据，附件未列入本批
科研体系、研发投入与评价,科技创新政策与能力基线,C-KISTEP-RES0220260097,2026-04-01,W3,글로벌 R&D 내실화 및 전략성 강화 방안 연구,机构正式研究,,,https://www.kistep.re.kr/reportAllDetail.es?mid=a10305010000&rpt_no=RES0220260097&rpt_tp=831-002,官方目录元数据，附件未列入本批
技术安全、供应链与国际合作,科技创新政策与能力基线,C-KISTEP-RES0220260097,2026-04-01,W3,글로벌 R&D 내실화 및 전략성 강화 방안 연구,机构正式研究,,,https://www.kistep.re.kr/reportAllDetail.es?mid=a10305010000&rpt_no=RES0220260097&rpt_tp=831-002,官方目录元数据，附件未列入本批
科研体系、研发投入与评价,科技创新政策与能力基线,C-KISTEP-RES0220260098,2026-04-20,W3,2025년도 하반기 국가연구개발사업 특정평가 보고서 글로벌 R&D 사업군,机构正式研究,,,https://www.kistep.re.kr/reportAllDetail.es?mid=a10305010000&rpt_no=RES0220260098&rpt_tp=831-001,官方目录元数据，附件未列入本批
科研体系、研发投入与评价,科技创新政策与能力基线,C-KISTEP-PRG0720260018,2026-04-30,W3,과기정통부 직할 출연(연) 특성을 고려한 평가 방안 연구,机构正式研究,,,https://www.kistep.re.kr/reportAllDetail.es?mid=a10305010000&rpt_no=PRG0720260018&rpt_tp=831-007,官方目录元数据，附件未列入本批
科研体系、研发投入与评价,科技创新政策与能力基线,C-KISTEP-PRG0720260022,2026-04-30,W3,R&D평가 국정철학을 반영한 기관평가 제도개선 및 환류 방안 연구,机构正式研究,,,https://www.kistep.re.kr/reportAllDetail.es?mid=a10305010000&rpt_no=PRG0720260022&rpt_tp=831-007,官方目录元数据，附件未列入本批
产业创新、创业与区域体系,科技创新政策与能力基线,C-KISTEP-PRG0720260022,2026-04-30,W3,R&D평가 국정철학을 반영한 기관평가 제도개선 및 환류 방안 연구,机构正式研究,,,https://www.kistep.re.kr/reportAllDetail.es?mid=a10305010000&rpt_no=PRG0720260022&rpt_tp=831-007,官方目录元数据，附件未列入本批
科研体系、研发投入与评价,科技创新政策与能力基线,C-KISTEP-RES0220260103,2026-05-11,W3,2025년도 예비타당성조사 보고서 K-순환경제 리본(Reborn) 프로젝트,机构正式研究,,,https://www.kistep.re.kr/reportAllDetail.es?mid=a10305010000&rpt_no=RES0220260103&rpt_tp=831-003,官方目录元数据，附件未列入本批
科技人才、大学与知识流动,科技创新政策与能力基线,C-KISTEP-RES0220260105,2026-05-16,W3,과학기술인력양성 추진체계 구축·운영,机构正式研究,,,https://www.kistep.re.kr/reportAllDetail.es?mid=a10305010000&rpt_no=RES0220260105&rpt_tp=831-002,官方目录元数据，附件未列入本批
科研体系、研发投入与评价,科技创新政策与能力基线,C-KISTEP-RES0220260107,2026-05-18,W3,2025년도 과학기술분야 출연연구기관 상위평가보고서(25-3차-재평가),机构正式研究,,,https://www.kistep.re.kr/reportAllDetail.es?mid=a10305010000&rpt_no=RES0220260107&rpt_tp=831-001,官方目录元数据，附件未列入本批
科技创新政策与研究体系,科技创新政策与能力基线,C-KISTEP-RES0220260108,2026-05-18,W3,2025년도 사업계획 적정성 검토 해양연구선(온누리호) 대체 건조 사업,机构正式研究,,,https://www.kistep.re.kr/reportAllDetail.es?mid=a10305010000&rpt_no=RES0220260108&rpt_tp=831-003,官方目录元数据，附件未列入本批
人工智能、数据与数字技术,核心科技直接材料,C-KISTEP-RES0220260109,2026-05-20,W3,과학기술‧인공지능 분야 정책 아젠다 도출 및 이슈 발굴 연구,机构正式研究,C:\Users\WINDOWS\OneDrive\知识库\智库信息爬虫\国际主要科技智库观点演变_研判\03_证据底稿\原文PDF\C-KISTEP-RES0220260109.pdf,C:\Users\WINDOWS\OneDrive\知识库\智库信息爬虫\国际主要科技智库观点演变_研判\03_证据底稿\文本\C-KISTEP-RES0220260109.txt,https://www.kistep.re.kr/reportAllDetail.es?mid=a10305010000&rpt_no=RES0220260109&rpt_tp=831-002,官方PDF已保存并校验
科研体系、研发投入与评价,科技创新政策与能力基线,C-KISTEP-RES0220260110,2026-06-15,W3,민간 기술혁신 활성화 방안 기획 연구,机构正式研究,,,https://www.kistep.re.kr/reportAllDetail.es?mid=a10305010000&rpt_no=RES0220260110&rpt_tp=831-002,官方目录元数据，附件未列入本批
产业创新、创业与区域体系,科技创新政策与能力基线,C-KISTEP-RES0220260110,2026-06-15,W3,민간 기술혁신 활성화 방안 기획 연구,机构正式研究,,,https://www.kistep.re.kr/reportAllDetail.es?mid=a10305010000&rpt_no=RES0220260110&rpt_tp=831-002,官方目录元数据，附件未列入本批
科技创新政策与研究体系,科技创新政策与能力基线,C-KISTEP-RES0220260111,2026-06-18,W3,2025 과학기술연감,机构正式研究,,,https://www.kistep.re.kr/reportAllDetail.es?mid=a10305010000&rpt_no=RES0220260111&rpt_tp=831-002,官方目录元数据，附件未列入本批
科研体系、研发投入与评价,科技创新政策与能力基线,C-KISTEP-RES0220260113,2026-06-18,W3,제6차 과학기술기본계획 수립 연구,机构正式研究,,,https://www.kistep.re.kr/reportAllDetail.es?mid=a10305010000&rpt_no=RES0220260113&rpt_tp=831-002,官方目录元数据，附件未列入本批
科研体系、研发投入与评价,科技创新政策与能力基线,C-KISTEP-RES0220260114,2026-06-23,W3,2026년도 과학기술분야 출연연구기관 상위평가보고서(26년-1차),机构正式研究,,,https://www.kistep.re.kr/reportAllDetail.es?mid=a10305010000&rpt_no=RES0220260114&rpt_tp=831-001,官方目录元数据，附件未列入本批
科研体系、研发投入与评价,科技创新政策与能力基线,C-KISTEP-RES0220260115,2026-06-24,W3,2025년도 과학기술정보통신부 직할 출연(연) 및 국가과학기술연구회 기관평가,机构正式研究,,,https://www.kistep.re.kr/reportAllDetail.es?mid=a10305010000&rpt_no=RES0220260115&rpt_tp=831-001,官方目录元数据，附件未列入本批
科技创新政策与研究体系,科技创新政策与能力基线,C-KISTEP-RES0220260116,2026-06-29,W3,한･일 과학기술 협력 전략 수립 및 어젠다 발굴 연구,机构正式研究,,,https://www.kistep.re.kr/reportAllDetail.es?mid=a10305010000&rpt_no=RES0220260116&rpt_tp=831-002,官方目录元数据，附件未列入本批
产业创新、创业与区域体系,科技创新政策与能力基线,C-KISTEP-RES0220260118,2026-07-29,W3,2025년도 사업계획 적정성 검토 보고서 SMR 혁신제조 국산화 기술개발사업,机构正式研究,,,https://www.kistep.re.kr/reportAllDetail.es?mid=a10305010000&rpt_no=RES0220260118&rpt_tp=831-003,官方目录元数据，附件未列入本批
航天、核能与大型技术系统,科技创新政策与能力基线,C-KISTEP-RES0220260118,2026-07-29,W3,2025년도 사업계획 적정성 검토 보고서 SMR 혁신제조 국산화 기술개발사업,机构正式研究,,,https://www.kistep.re.kr/reportAllDetail.es?mid=a10305010000&rpt_no=RES0220260118&rpt_tp=831-003,官方目录元数据，附件未列入本批
人工智能、数据与数字技术,核心科技直接材料,C-KISTEP-RES0220260119,2026-08-05,W3,2025년도 사업계획 적정성 검토 보고서 K-온디바이스 AI반도체 기술개발 사업,机构正式研究,C:\Users\WINDOWS\OneDrive\知识库\智库信息爬虫\国际主要科技智库观点演变_研判\03_证据底稿\原文PDF\C-KISTEP-RES0220260119.pdf,C:\Users\WINDOWS\OneDrive\知识库\智库信息爬虫\国际主要科技智库观点演变_研判\03_证据底稿\文本\C-KISTEP-RES0220260119.txt,https://www.kistep.re.kr/reportAllDetail.es?mid=a10305010000&rpt_no=RES0220260119&rpt_tp=831-003,官方PDF已保存并校验
半导体、量子与战略技术,核心科技直接材料,C-KISTEP-RES0220260119,2026-08-05,W3,2025년도 사업계획 적정성 검토 보고서 K-온디바이스 AI반도체 기술개발 사업,机构正式研究,C:\Users\WINDOWS\OneDrive\知识库\智库信息爬虫\国际主要科技智库观点演变_研判\03_证据底稿\原文PDF\C-KISTEP-RES0220260119.pdf,C:\Users\WINDOWS\OneDrive\知识库\智库信息爬虫\国际主要科技智库观点演变_研判\03_证据底稿\文本\C-KISTEP-RES0220260119.txt,https://www.kistep.re.kr/reportAllDetail.es?mid=a10305010000&rpt_no=RES0220260119&rpt_tp=831-003,官方PDF已保存并校验
科研体系、研发投入与评价,核心科技直接材料,C-KISTEP-RES0220260119,2026-08-05,W3,2025년도 사업계획 적정성 검토 보고서 K-온디바이스 AI반도체 기술개발 사업,机构正式研究,C:\Users\WINDOWS\OneDrive\知识库\智库信息爬虫\国际主要科技智库观点演变_研判\03_证据底稿\原文PDF\C-KISTEP-RES0220260119.pdf,C:\Users\WINDOWS\OneDrive\知识库\智库信息爬虫\国际主要科技智库观点演变_研判\03_证据底稿\文本\C-KISTEP-RES0220260119.txt,https://www.kistep.re.kr/reportAllDetail.es?mid=a10305010000&rpt_no=RES0220260119&rpt_tp=831-003,官方PDF已保存并校验
科技人才、大学与知识流动,核心科技直接材料,C-KISTEP-RES0220260119,2026-08-05,W3,2025년도 사업계획 적정성 검토 보고서 K-온디바이스 AI반도체 기술개발 사업,机构正式研究,C:\Users\WINDOWS\OneDrive\知识库\智库信息爬虫\国际主要科技智库观点演变_研判\03_证据底稿\原文PDF\C-KISTEP-RES0220260119.pdf,C:\Users\WINDOWS\OneDrive\知识库\智库信息爬虫\国际主要科技智库观点演变_研判\03_证据底稿\文本\C-KISTEP-RES0220260119.txt,https://www.kistep.re.kr/reportAllDetail.es?mid=a10305010000&rpt_no=RES0220260119&rpt_tp=831-003,官方PDF已保存并校验
产业创新、创业与区域体系,核心科技直接材料,C-KISTEP-RES0220260119,2026-08-05,W3,2025년도 사업계획 적정성 검토 보고서 K-온디바이스 AI반도체 기술개발 사업,机构正式研究,C:\Users\WINDOWS\OneDrive\知识库\智库信息爬虫\国际主要科技智库观点演变_研判\03_证据底稿\原文PDF\C-KISTEP-RES0220260119.pdf,C:\Users\WINDOWS\OneDrive\知识库\智库信息爬虫\国际主要科技智库观点演变_研判\03_证据底稿\文本\C-KISTEP-RES0220260119.txt,https://www.kistep.re.kr/reportAllDetail.es?mid=a10305010000&rpt_no=RES0220260119&rpt_tp=831-003,官方PDF已保存并校验
技术安全、供应链与国际合作,核心科技直接材料,C-KISTEP-RES0220260119,2026-08-05,W3,2025년도 사업계획 적정성 검토 보고서 K-온디바이스 AI반도체 기술개발 사업,机构正式研究,C:\Users\WINDOWS\OneDrive\知识库\智库信息爬虫\国际主要科技智库观点演变_研判\03_证据底稿\原文PDF\C-KISTEP-RES0220260119.pdf,C:\Users\WINDOWS\OneDrive\知识库\智库信息爬虫\国际主要科技智库观点演变_研判\03_证据底稿\文本\C-KISTEP-RES0220260119.txt,https://www.kistep.re.kr/reportAllDetail.es?mid=a10305010000&rpt_no=RES0220260119&rpt_tp=831-003,官方PDF已保存并校验
科技前瞻与未来社会,核心科技直接材料,C-KISTEP-RES0220260119,2026-08-05,W3,2025년도 사업계획 적정성 검토 보고서 K-온디바이스 AI반도체 기술개발 사업,机构正式研究,C:\Users\WINDOWS\OneDrive\知识库\智库信息爬虫\国际主要科技智库观点演变_研判\03_证据底稿\原文PDF\C-KISTEP-RES0220260119.pdf,C:\Users\WINDOWS\OneDrive\知识库\智库信息爬虫\国际主要科技智库观点演变_研判\03_证据底稿\文本\C-KISTEP-RES0220260119.txt,https://www.kistep.re.kr/reportAllDetail.es?mid=a10305010000&rpt_no=RES0220260119&rpt_tp=831-003,官方PDF已保存并校验
